smiles,label,LogReg_prob,HistGBM_prob,XGB_prob
CO[C@H]1O[C@H](CO)[C@@H](OC(=O)c2ccc(cc2)Br)[C@@H]2OC(=O)[C@@H](C/C=C/C[C@@H](Cc3ccccc3)C(=O)O[C@@H]12)Cc1ccccc1,0,0.010558,0.197005,0.109153
CN1C(=O)N(C)c2ncn(c2C1=O)Cc1noc(n1)C,0,0.559008,0.121291,0.141583
CN(C)CCCNC(=O)C[C@@H]1CC[C@H]2[C@@H](COc3ccc(cc3C(=O)N2C)NS(=O)(=O)C)O1,0,0.017139,0.022669,0.005408
C[N+](C)(C)CCCC[C@@H]1NC(=O)[C@@H]2C[C@@H]([C@@H](N2C1=O)c1cccc(c1)OCCO)C(=O)OCCOc1ccc(cc1)[C@H]1N2[C@@H]([C@@H](C(=O)OCC=C)[C@]11C(=O)Nc3ccccc31)C(=O)O[C@@H]([C@@H]2c1ccccc1)c1ccccc1,0,0.260082,0.088525,0.015860
COc1ccc(cc1)NC(=O)N(C)C[C@H]1Oc2ccc(cc2C(=O)N(C[C@H]1C)[C@H](C)CO)NC(=O)Cn1cnnn1,0,0.037189,0.021065,0.007493
CCCCCCOC(=O)/N=C(/N)c1ccc(cc1)NCc1nc2cc(ccc2n1C)C(=O)N(CCC(=O)OCC)c1ccccn1,0,0.488002,0.336547,0.067020
C[C@@H]1CN([C@H](C)CO)C(=O)c2cc(ccc2O[C@H]1CN(C)Cc1ccc(c(c1)Cl)Cl)NC(=O)Nc1ccc(cc1)F,0,0.556702,0.055489,0.020923
C[C@H]1CN([C@H](C)CO)C(=O)c2cc(cnc2O[C@H]1CN(C)S(=O)(=O)c1ccc(cc1)F)C#Cc1cccc(c1)F,0,0.105932,0.025909,0.006224
C[C@@H]1CN([C@H](C)CO)C(=O)c2cc(ccc2O[C@@H]1CN(C)C(=O)Nc1cccc2ccccc12)NS(=O)(=O)c1ccccc1,0,0.004971,0.024848,0.004007
C[C@H]1CCCCO[C@@H](CN(C)C(=O)Nc2ccc(cc2)F)[C@H](C)CN([C@H](C)CO)C(=O)c2cc(ccc2O1)NS(=O)(=O)c1c(noc1C)C,0,0.061611,0.029773,0.003235
O=C1CCc2cc(OCCCCc3nnnn3C3CCCCC3)ccc2N1,0,0.180627,0.324292,0.342952
CN(C)/C=C/C(=O)C1=C(O)C=C(C)OC1=O,0,0.621989,0.262762,0.367944
Cc1ccc(cc1)S[C@@]1(CC(=O)N(Cc2cc(cc(c2)C(F)(F)F)C(F)(F)F)[C@@H]1c1ccc(cc1)CO)C(=O)O,0,0.986342,0.209290,0.280300
N[C@@H](COC(=O)C[N+]#N)C(=O)O,0,0.000054,0.085301,0.038430
COC(=O)[C@H]1[C@@H](C(=O)OCC=C)[C@]2([C@@H](N1C)c1ccccc1)C(=O)Nc1ccc(cc12)I,0,0.447065,0.241329,0.179692
COc1ccc(cc1)S(=O)(=O)N(C)C[C@@H]1Oc2ccc(cc2C(=O)N(C[C@H]1C)[C@H](C)CO)NS(=O)(=O)c1ccc(cc1)C,0,0.008180,0.026113,0.004735
COc1ccc(cc1)S(=O)(=O)N(C)C[C@@H]1Oc2ccc(cc2CC(=O)N(C[C@@H]1C)[C@H](C)CO)NS(=O)(=O)c1c(noc1C)C,0,0.004045,0.024460,0.004649
O=C(Nc1nn[nH]n1)C1CCCCC1,0,0.222563,0.107391,0.021898
COc1ccc(cc1)S(=O)(=O)Nc1ccc2c(c1)C(=O)N(C[C@H](C)[C@@H](CN(C)S(=O)(=O)C)O2)[C@H](C)CO,0,0.006837,0.026367,0.006091
C[C@H]1CN([C@H](C)CO)C(=O)c2cc(ccc2O[C@H]1CN(C)Cc1ccc(cc1)C(F)(F)F)NS(=O)(=O)c1ccc(cc1)C,0,0.220363,0.031218,0.015610
C[C@@H]1CN([C@H](C)CO)C(=O)CCCn2nncc2CO[C@@H]1CN(C)C(=O)Nc1ccc(cc1)C(F)(F)F,0,0.761770,0.931649,0.964462
CCN(CC)S(=O)(=O)c1ccc(cc1)Cn1nc(c2ccccc12)C(=O)Nc1ccc(cc1)N1CCCCC1,0,0.028434,0.132143,0.070260
NC(=N)c1ccc(cc1)C(=O)N,0,0.935667,0.092243,0.037549
C[C@@H]1CCCCO[C@H](CN(C)S(=O)(=O)c2ccc(cc2)Cl)[C@@H](C)CN([C@H](C)CO)C(=O)c2cc(ccc2O1)NC(=O)NC1CCCCC1,0,0.022694,0.027497,0.004207
Nc1ncnc2c1CCC2,0,0.051629,0.037602,0.015190
COc1ccc(cc1)S(=O)(=O)Nc1ccc2c(c1)[C@@H]1C[C@@H](CC(=O)NCC3CC3)O[C@@H](CO)[C@@H]1O2,0,0.011941,0.035632,0.008291
C[C@@H]1CN([C@H](C)CO)C(=O)Cc2cc(ccc2O[C@@H]1CN(C)Cc1ccc(c(c1)Cl)Cl)NC(=O)CCC(F)(F)F,0,0.410825,0.124925,0.037010
CC(C)NC(=O)N(C)C[C@@H]1Oc2c(cccc2C(=O)N(C[C@@H]1C)[C@H](C)CO)NS(=O)(=O)c1ccccc1,0,0.014466,0.028151,0.008222
Cn1cnc(n1)CO,0,0.027098,0.046182,0.020281
OC[C@H]1O[C@@H](C[C@H]2[C@@H]1Oc1ccc(cc12)NS(=O)(=O)c1ccc(cc1)F)CC(=O)NCCN1CCCCC1,0,0.092759,0.025480,0.006770
C[C@H](O)C#Cc1ccc2c(c1)O[C@@H](CN(C)C(=O)Nc1ccccc1)[C@H](C)CN([C@@H](C)CO)S2(=O)=O,0,0.032936,0.028363,0.009041
O=C(CCCl)NCc1ccccc1,0,0.283217,0.057251,0.030120
CCS(=O)(=O)NCC[C@@H]1CC[C@H](NS(=O)(=O)c2ccccc2C)[C@H](CO)O1,0,0.014016,0.031516,0.010693
C[C@@H]1CN([C@@H](C)CO)C(=O)Cc2cc(ccc2O[C@@H]1CN(C)Cc1ccc(cc1)C(=O)Nc1ccccc1N)NC(=O)Nc1ccc(cc1)C(F)(F)F,0,0.150176,0.027424,0.005724
C[C@H]1CN([C@@H](C)CO)C(=O)Cc2cc(ccc2O[C@@H]1CN(C)C(=O)Nc1ccc2c(c1)OCO2)NS(=O)(=O)c1c(noc1C)C,0,0.002199,0.023687,0.003100
COc1ccc(cc1)S(=O)(=O)Nc1ccc2c(c1)C(=O)N(C[C@@H](C)[C@@H](CN(C)CC1CCCCC1)OCCCC[C@H](C)O2)[C@H](C)CO,0,0.022054,0.025645,0.004810
C=C1CCC(O)CC1=CC=C1CCCC2(C)C1CCC2C(C)C=CC(C)C(C)C,0,0.983377,0.204810,0.116488
Cc1nnc(o1)[C@H]1CCCNC1,0,0.310089,0.043593,0.016430
C[C@@H]1CN([C@@H](C)CO)C(=O)c2cccc(c2O[C@H]1CN(C)C(=O)Nc1ccccc1)NC(=O)Nc1ccc(cc1)C(F)(F)F,0,0.691851,0.880353,0.899025
C[C@H]1CN([C@@H](C)CO)C(=O)c2c(c3ccccc3n2C)-c2ccccc2CO[C@@H]1CN(C)C(=O)Oc1ccc(cc1)C,0,0.162642,0.033223,0.018941
C[C@@H]1CCCCO[C@@H](CN(C)C(=O)Nc2ccc(cc2)F)[C@@H](C)CN([C@@H](C)CO)C(=O)c2cc(ccc2O1)NC(=O)Nc1cccc2ccccc12,0,0.032902,0.024786,0.003323
C[C@@H]1CCCCO[C@@H](CN(C)Cc2ccncc2)[C@@H](C)CN([C@H](C)CO)C(=O)c2cc(ccc2O1)NC(=O)C1CCCCC1,0,0.021337,0.022665,0.003647
O[C@H]1COC[C@H]2O[C@H](CC[C@@H]2N(C1)C(=O)Nc1ccc(cc1)F)CC(=O)NCCCN1CCOCC1,0,0.775429,0.471950,0.429092
C[C@H]1CN([C@H](C)CO)C(=O)c2cc(ccc2O[C@@H]1CN(C)S(=O)(=O)c1ccccc1)NS(=O)(=O)c1ccccc1,0,0.002575,0.024919,0.004302
C[C@@H]1CN([C@H](C)CO)S(=O)(=O)c2ccc(cc2O[C@@H]1CN(C)C(=O)NC1CCCCC1)-c1cccnc1,0,0.021704,0.024656,0.004593
COCCOC(=O)N1C(=O)[C@@]2([C@H]([C@H]3N([C@@H]([C@@H](OC3=O)c3ccccc3)c3ccccc3)[C@H]2c2ccccc2OCCO)C(=O)N)c2cc(ccc21)C#CCNC(=O)N,0,0.795959,0.066512,0.026826
C[C@H]1CCCCO[C@H](CN(C)S(=O)(=O)c2ccc(cc2)Cl)[C@@H](C)CN([C@H](C)CO)C(=O)c2cc(ccc2O1)NC(=O)Nc1c(noc1C)C,0,0.039100,0.026470,0.002504
Cc1cccc(c1)/C=C/1\CS/C(=C\c2cccc(c2)C)C1=O,0,0.993364,0.087926,0.127521
C[C@H]1CN([C@H](C)CO)C(=O)c2cc(ccc2O[C@H]1CN(C)S(=O)(=O)c1ccc(cc1)F)NC(=O)CCCN(C)C,0,0.039860,0.026578,0.006072
C[C@H]1CCCCO[C@H](CN(C)C(=O)Nc2ccc3c(c2)OCO3)[C@H](C)CN([C@@H](C)CO)C(=O)c2cc(ccc2O1)NC(=O)NC1CCCCC1,0,0.008022,0.022303,0.002330
COc1c(O)cccc1O,0,0.445051,0.251400,0.173160
CCNC(=O)C[C@@H]1O[C@@H](CO)[C@@H](NC(=O)C2CC2)C=C1,0,0.102685,0.023415,0.006800
CCS(=O)(=O)N1CC[C@]2(CC1)CN([C@H](CO)c1[nH]c3cc(ccc3c12)OC)S(=O)(=O)c1ccc(cc1)C,0,0.004302,0.032460,0.012878
COc1ccc(cc1)NC(=O)Nc1ccc2c(c1)C(=O)N(C[C@H](C)[C@H](CN(C)C(=O)Nc1cccc3ccccc13)OCCCC[C@@H](C)O2)[C@H](C)CO,0,0.010291,0.021675,0.002450
C[C@H]1CN([C@H](C)CO)C(=O)c2cccc(c2O[C@@H]1CN(C)C(=O)Nc1ccc2c(c1)OCO2)NC(=O)c1ccncc1,0,0.005977,0.022358,0.003946
CCN1C(=O)S[C@@H](CC(=O)O)C1=O,0,0.018867,0.036635,0.022851
C[C@H]1CN([C@@H](C)CO)C(=O)c2c(c3ccccc3n2C)-c2ccccc2CO[C@H]1CN(C)Cc1cccc(c1)C(=O)O,0,0.246438,0.182275,0.418487
CC(C)NC(=O)N(C)C[C@H]1Oc2c(cccc2C(=O)N(C[C@@H]1C)[C@@H](C)CO)NC(=O)c1cc(nn1C)C,0,0.040240,0.023249,0.009166
C[C@@H]1CN([C@H](C)CO)C(=O)c2cc(cnc2O[C@H]1CN(C)C(=O)Nc1ccc(cc1)C(F)(F)F)C1=CCCC1,0,0.356595,0.601412,0.394517
C[C@H]1CCCCO[C@H](CN(C)C(=O)c2ccccc2)[C@H](C)CN([C@H](C)CO)C(=O)c2cc(ccc2O1)NC(=O)Cc1ccccc1,0,0.000924,0.022170,0.002593
CN1C(=O)N(C)C/2=C(/N=N\C3=C(/N=N2)C(=O)N(C)C(=O)N3C)C1=O,0,0.000002,0.197497,0.359670
N[C@@H](c1ccncc1)c1ccc(cc1)OCc1ccccc1,0,0.366220,0.361827,0.253971
CN1CCO[C@H]2CN(C[C@@H]21)c1ncccn1,0,0.126588,0.032934,0.012847
O[C@H]1COC[C@@H]2O[C@H](CC[C@H]2N(C1)C(=O)c1cnccn1)CC(=O)NCc1ccc(cc1)Oc1ccccc1,0,0.274643,0.127770,0.052236
C[C@H]1CCCCO[C@@H](CN(C)Cc2ccc(cc2)C(=O)Nc2ccccc2N)[C@H](C)CN([C@@H](C)CO)C(=O)c2cc(ccc2O1)N(C)C,0,0.040104,0.022777,0.003610
CCOC(=O)c1cnn2c(c(cnc12)C#N)N,0,0.031047,0.146237,0.068308
C[C@H]1CN([C@@H](C)CO)C(=O)c2cc(ccc2O[C@H]1CN(C)C(=O)Nc1cccc2ccccc12)NC(=O)CCC(F)(F)F,0,0.161371,0.108766,0.077114
CC(=O)N[C@H]1CN(C(=O)C1)c1ccccc1,0,0.028786,0.044706,0.015450
CO[C@H]1CN(C)C(=O)c2ccc(cc2OC[C@H](C)N(C[C@H]1C)Cc1nccs1)NS(=O)(=O)CC(F)(F)F,0,0.010685,0.026097,0.009557
O=C1CNC(=S)N1c1ccccc1,0,0.587978,0.077222,0.028474
O=C1CCNc2cc3ccccc3cc21,1,0.496344,0.075324,0.082106
C[C@H]1CN([C@@H](C)CO)C(=O)c2cccc(c2O[C@H]1CN(C)S(=O)(=O)c1ccc(cc1)C)NC(=O)c1cc(nn1C)C,0,0.017026,0.024573,0.004600
COCC(=O)N1C[C@@H](C)[C@H](CN(C)C(=O)c2ccc(cc2OC[C@H]1C)NC(=O)Nc1ccccc1)OC,0,0.015694,0.024534,0.006886
CCCC1=CC(=O)N=C(N1)SCC(=O)N,0,0.102188,0.164285,0.052949
CC(C)CC#Cc1ccc2c(c1)O[C@@H](CN(C)C(=O)Cc1ccccn1)[C@@H](C)CN([C@H](C)CO)S2(=O)=O,0,0.013650,0.025310,0.005464
CCOC(=O)c1cc2c(c(n1)-c1cccc(c1)Br)[C@@H](CCO[Si](C)(C)C(C)(C)C)N(C2)[S@](=O)C(C)(C)C,0,0.654702,0.219456,0.132986
COC(=O)C[C@H]1O[C@@H](CO)[C@H](N)C=C1,0,0.008160,0.034183,0.010315
C[C@H]1CN([C@@H](C)CO)C(=O)Cc2cc(ccc2O[C@H]1CN(C)Cc1ccc(cc1)Oc1ccccc1)NC(=O)c1ccncc1,0,0.002685,0.022517,0.003538
C[C@H]1CN([C@H](C)CO)C(=O)Cc2cc(ccc2O[C@H]1CN(C)Cc1ccc2c(c1)OCO2)NS(=O)(=O)c1c(noc1C)C,0,0.003579,0.023558,0.003777
Cc1ccc(cc1)S(=O)(=O)N1C[C@H](O)COC[C@@H]2O[C@@H](CC[C@H]21)CC(=O)NCc1ccc(c(c1)Cl)Cl,0,0.659454,0.065824,0.032787
Fc1ccc(cc1)/C=C/CN(CCCNS(=O)(=O)c1cccc2cnccc12)C/C=C/c1ccc(cc1)F,0,0.252716,0.153393,0.028604
C[C@@H]1CCCCO[C@@H](CN(C)Cc2ccc3c(c2)OCO3)[C@H](C)CN([C@H](C)CO)C(=O)c2cc(ccc2O1)NC(=O)Nc1ccccc1,0,0.013261,0.021948,0.003276
C[C@H]1CCCCO[C@H](CN(C)Cc2ccc(cc2)C(F)(F)F)[C@H](C)CN([C@H](C)CO)C(=O)c2cc(ccc2O1)N(C)C,0,0.462137,0.084545,0.030054
COC(=O)CCC1=C(C)NC(=S)NC1=O,0,0.081848,0.119030,0.065303
COC[C@H]1CN(Cc2cnn(c21)C)C(=O)C1CC1,0,0.063807,0.038552,0.008339
C[C@@H]1CCCCO[C@H](CN(C)C(=O)c2ccccc2)[C@H](C)CN([C@@H](C)CO)C(=O)c2cc(ccc2O1)NC(=O)CCCCCC(=O)Nc1ccccc1N,0,0.000900,0.021865,0.002107
C[C@H]1CN([C@H](C)CO)C(=O)Cc2cc(ccc2O[C@H]1CN(C)Cc1ccc(cc1)C(F)(F)F)NC(=O)Cn1cnnn1,0,0.276234,0.056328,0.030458
C[C@H]1CN([C@@H](C)CO)C(=O)c2ccccc2-c2ccccc2CO[C@@H]1CN(C)C(=O)Nc1cccc(c1)C(F)(F)F,0,0.700582,0.655500,0.388905
O[C@H]1COC[C@@H]2O[C@H](CC[C@H]2N(C1)Cc1cccc(c1)C(F)(F)F)CC(=O)NCCc1ccncc1,0,0.907248,0.294589,0.275730
Oc1ccc(cc1)/C=N/c1ccccc1,0,0.104927,0.163838,0.186986
C[C@H]1CCCCO[C@H](CN(C)Cc2ccncc2)[C@H](C)CN([C@H](C)CO)C(=O)c2cc(ccc2O1)NC(=O)Nc1ccc2c(c1)OCO2,0,0.007800,0.022146,0.002603
C[C@H]1CN([C@@H](C)CO)S(=O)(=O)c2ccc(cc2O[C@@H]1CN(C)C(=O)Cc1ccncc1)C#CC1CCCCC1,0,0.025815,0.024635,0.004927
C[C@H]1CN([C@@H](C)CO)C(=O)c2cccc(c2O[C@H]1CN(C)C(=O)NC1CCCCC1)NC(=O)C1CC1,0,0.031648,0.033159,0.011824
C[C@@H]1CCCCO[C@H](CN(C)S(=O)(=O)c2cccs2)[C@@H](C)CN([C@@H](C)CO)C(=O)c2cc(ccc2O1)NS(=O)(=O)C,0,0.001479,0.023589,0.003071
C[C@@H]1CN([C@@H](C)CO)S(=O)(=O)c2ccc(cc2O[C@@H]1CN(C)C(=O)CN(C)C)C#Cc1ccccc1,1,0.157473,0.794360,0.863174
CC(C)(C)OC(=O)CC[C@@]1(COC(=N1)c1ccc(cc1)OCCCO)C(=O)NCCN1CCOCC1,0,0.002751,0.210732,0.111805
COCC#Cc1cnc2c(c1)C(=O)N(C[C@H](C)[C@@H](CN(C)S(=O)(=O)c1cn(cn1)C)O2)[C@@H](C)CO,0,0.044373,0.023654,0.005611
C[C@H]1CCCCO[C@H](CN(C)CC2CCCCC2)[C@H](C)CN([C@H](C)CO)C(=O)c2cc(ccc2O1)NS(=O)(=O)c1ccccc1,0,0.013438,0.024575,0.005433
CC(C)(C)OC(=O)C[C@@H](CC=C)C(=O)OC[C@H](Cc1ccccc1)NC(=O)[C@@H](CC=C)CC(=O)NCCO,0,0.005521,0.033741,0.013877
C[C@H]1CCCCO[C@H](CN(C)C(=O)Nc2ccc(cc2)C(F)(F)F)[C@H](C)CN([C@@H](C)CO)C(=O)c2cc(ccc2O1)NC(=O)c1ccncc1,0,0.149843,0.021134,0.005778
CC(C)c1nc2cc3sc(nc3cc2s1)C(C)C,0,0.511585,0.119273,0.138635
C[C@H]1CN([C@@H](C)CO)C(=O)c2cccc(c2O[C@H]1CN(C)S(=O)(=O)C)NS(=O)(=O)c1ccc(cc1)C,0,0.009085,0.024117,0.006290
C[C@H]1CN([C@@H](C)CO)C(=O)c2cccc(c2O[C@@H]1CN(C)C(=O)Nc1c(noc1C)C)NC(=O)c1cnccn1,0,0.180060,0.024571,0.010290
Cc1cc(=O)oc2c(O)c(O)ccc12,0,0.466131,0.543642,0.536036
C[C@H]1CN([C@H](C)CO)C(=O)c2cc(ccc2O[C@H]1CN(C)S(=O)(=O)C)NC(=O)Nc1ccc(cc1)F,0,0.065235,0.030771,0.009579
C[C@H]1CN([C@@H](C)CO)C(=O)Cc2cc(ccc2O[C@H]1CN(C)C(=O)Nc1ccccc1)NC(=O)Nc1cccc2ccccc12,0,0.007881,0.022026,0.004371
C[C@@H]1CN([C@@H](C)CO)C(=O)CCCn2nncc2CO[C@H]1CN(C)S(=O)(=O)c1ccc2c(c1)OCCCO2,0,0.002617,0.023567,0.003830
C[C@H]1CN([C@H](C)CO)C(=O)c2cc(cnc2O[C@H]1CN(C)C(=O)c1cnccn1)C#CCC1CCCC1,0,0.068776,0.026748,0.008115
C[C@H]1CCCCO[C@@H](CN(C)CC2CCCCC2)[C@@H](C)CN([C@@H](C)CO)C(=O)c2cc(ccc2O1)NC(=O)NC1CCCCC1,0,0.121543,0.030695,0.010842
C[C@@H]1CN([C@H](C)CO)C(=O)Cc2cc(ccc2O[C@H]1CN(C)C(=O)Nc1ccc(cc1)C(F)(F)F)NC(=O)Nc1ccc(cc1)C(F)(F)F,0,0.892262,0.038565,0.022889
C[C@H]1CCCCO[C@H](CN(C)Cc2ccc(cc2)C(F)(F)F)[C@@H](C)CN([C@H](C)CO)C(=O)c2cc(ccc2O1)NC(=O)Nc1c(noc1C)C,0,0.360211,0.025195,0.008797
CCOC(=O)c1cccc(c1)[C@@H]1CC(=O)N([C@@H]1C(=O)Nc1cccc2cccnc12)C(=O)OCc1ccccc1,0,0.176036,0.074738,0.116615
C[C@@H]1CN([C@H](C)CO)C(=O)c2cccc(c2O[C@@H]1CN(C)S(=O)(=O)c1ccc(cc1)C)NS(=O)(=O)c1ccc(cc1)F,0,0.026045,0.026140,0.006668
OC[C@@H]1O[C@@H](C[C@@H]2[C@H]1Oc1ccc(cc12)NS(=O)(=O)c1ccc(cc1)F)CC(=O)NCc1ccccc1,0,0.020076,0.033916,0.012702
C[C@H]1CN([C@H](C)CO)C(=O)Cc2cc(ccc2O[C@@H]1CN(C)Cc1ccc2c(c1)OCO2)NC(=O)Nc1ccc(cc1)C(F)(F)F,0,0.161285,0.081665,0.032079
COc1ccc(cc1)CN(C)C[C@H]1Oc2ccc(cc2CC(=O)N(C[C@H]1C)[C@@H](C)CO)NC(=O)CCCCCC(=O)Nc1ccccc1N,0,0.004993,0.022769,0.003397
C[C@@H]1CCCCO[C@@H](CN(C)C(=O)C2CCCCC2)[C@H](C)CN([C@@H](C)CO)C(=O)c2cc(ccc2O1)NS(=O)(=O)c1cccs1,0,0.003604,0.030215,0.003441
C[C@H]1CN([C@H](C)CO)C(=O)Cc2cc(ccc2O[C@@H]1CN(C)Cc1ccc(cc1)Oc1ccccc1)NC(=O)Cc1ccccc1,0,0.003675,0.022913,0.004367
C[C@@H]1CCCCO[C@@H](CN(C)S(=O)(=O)c2ccc(cc2)Cl)[C@@H](C)CN([C@H](C)CO)C(=O)c2cc(ccc2O1)NC(=O)C1CCCCC1,0,0.013916,0.026270,0.003477
C[C@@H]1CN([C@@H](C)CO)C(=O)Cc2cc(ccc2O[C@@H]1CN(C)C(=O)Nc1c(noc1C)C)NC(=O)Nc1cccc2ccccc12,0,0.016999,0.021791,0.004059
CN1C2CCCC1CC(NC(=O)c1nn(C)c3ccccc13)C2.Cl,0,0.279565,0.245997,0.146811
C[C@H]1CCCCO[C@@H](CN(C)C(=O)Nc2ccc(cc2)F)[C@@H](C)CN([C@H](C)CO)C(=O)c2cc(ccc2O1)NS(=O)(=O)c1cccs1,0,0.016161,0.024338,0.002651
COCCOC(=O)N1C(=O)[C@]2([C@@H]([C@@H]3N([C@H]([C@H](OC3=O)c3ccccc3)c3ccccc3)[C@@H]2c2ccc(cc2)OCCO)C(=O)NC[C@H](O)c2ccccc2)c2cc(ccc21)C#Cc1ccc(cc1)OC,0,0.483753,0.042838,0.008962
C[C@@H]1CN([C@H](C)CO)C(=O)Cc2cc(ccc2O[C@@H]1CN(C)Cc1ccc(cc1)Oc1ccccc1)NC(=O)Nc1ccc(cc1)F,0,0.027719,0.023383,0.005621
CN[C@H]1[C@H](O)[C@@H](O)[C@H](CO)O[C@H]1O[C@H]1[C@@H](O[C@@H](C)[C@]1(O)CO)O[C@@H]1[C@@H](O)[C@H](O)[C@@H](NC(=N)N)[C@H](O)[C@H]1NC(=N)N.CN[C@H]1[C@H](O)[C@@H](O)[C@H](CO)O[C@H]1O[C@H]1[C@@H](O[C@@H](C)[C@]1(O)CO)O[C@@H]1[C@@H](O)[C@H](O)[C@@H](NC(=N)N)[C@H](O)[C@H]1NC(=N)N,0,0.999932,0.577485,0.648496
COc1ccc(cc1)-c1cccc(c1)-c1nc(cc2c1[C@H](CCO)N(C2)[S@@](=O)C(C)(C)C)C(=O)NCC(F)(F)F,0,0.452079,0.316595,0.252093
C[C@@H]1CCCCO[C@H](CN(C)Cc2ccc(cc2)C(=O)Nc2ccccc2N)[C@@H](C)CN([C@H](C)CO)C(=O)c2cc(ccc2O1)NS(=O)(=O)c1ccccc1,0,0.001623,0.023732,0.002310
CCN1CCN(C(=O)N[C@@H](C(=O)N[C@H]2[C@H]3SC(C)(C)[C@@H](N3C2=O)C(=O)O)c2ccccc2)C(=O)C1=O,1,0.999231,0.946364,0.889553
C[C@H]1CN([C@@H](C)CO)C(=O)Cc2cc(ccc2O[C@@H]1CN(C)S(=O)(=O)c1cccs1)NC(=O)C1CC1,0,0.001148,0.023670,0.004696
COC(=O)C[C@H]1N(CCNC1=O)C(=O)NS(=O)(=O)c1ccc(cc1)C,0,0.014629,0.028485,0.014757
C[C@@H](NS(=O)(=O)c1cccc(c1)F)C(=O)O,0,0.211498,0.044461,0.011075
CO[C@@H]1CN(C)C(=O)c2ccc(cc2OC[C@@H](C)N(C[C@H]1C)S(=O)(=O)C)NS(=O)(=O)c1ccccc1F,0,0.018089,0.024865,0.007514
COc1ccc2c(c1OCc1ccccc1)C[C@H](N(C2)C(=O)C(c1ccccc1)c1ccccc1)C(=O)O,0,0.178424,0.631060,0.464053
OCC1OC(OC2C(O)C(CO)OC2(CO)OC2OC(CO)C(O)C(O)C2O)C(O)C(O)C1O,0,0.287427,0.395315,0.251710
OC[C@@H]1O[C@@H](C[C@@H]2[C@H]1Oc1ccc(cc12)NS(=O)(=O)c1ccc(cc1)F)CC(=O)NC1CCCCC1,0,0.030445,0.044759,0.008484
C[C@H]1CN([C@H](C)CO)C(=O)Cc2cc(ccc2O[C@H]1CN(C)Cc1ccc(cc1)C(F)(F)F)NC(=O)CCCCCC(=O)Nc1ccccc1N,0,0.083743,0.022272,0.003969
C[C@H]1CCCCO[C@@H](CN(C)C(=O)Nc2ccccc2)[C@H](C)CN([C@@H](C)CO)C(=O)c2cc(ccc2O1)NC(=O)Cc1ccccc1,0,0.002811,0.021201,0.002367
C[C@H]1CN([C@H](C)CO)C(=O)Cc2cc(ccc2O[C@@H]1CN(C)Cc1ccc(cc1)-c1ccccc1)NC(=O)Nc1cccc2ccccc12,0,0.029682,0.026058,0.005371
C[C@@H]1CN([C@@H](C)CO)C(=O)c2cc(cnc2O[C@@H]1CN(C)S(=O)(=O)c1ccccc1F)C#Cc1ccccc1F,0,0.097316,0.034216,0.006659
CC(C)NC(=O)Nc1ccc2c(c1)C(=O)N(C[C@H](C)[C@H](CN(C)C(=O)Nc1ccc3c(c1)OCO3)O2)[C@@H](C)CO,0,0.011973,0.023564,0.005114
COc1ccc2c3c([nH]c2c1)[C@@H](CO)N(C[C@]13CCN(CC1)C(=O)NC(C)C)C(=O)CN1CCOCC1,0,0.062037,0.062381,0.011744
CC1=C(CC=C)C(=O)N=C(N)N1,0,0.085320,0.064805,0.025258
COc1ccc(cc1)S(=O)(=O)Nc1cccc2c1O[C@@H](CN(C)C(=O)NC(C)C)[C@@H](C)CN([C@@H](C)CO)C2=O,0,0.034226,0.025586,0.006903
C[C@@H]1CN([C@@H](C)CO)C(=O)Cc2cc(ccc2O[C@H]1CN(C)S(=O)(=O)c1cccs1)NC(=O)CCN1CCOCC1,0,0.000422,0.024174,0.003452
COc1cc2ncnc(Nc3ccc(F)c(Cl)c3)c2cc1OCCCN1CCOCC1,0,0.859391,0.464690,0.497972
C[C@@H]1CN([C@@H](C)CO)C(=O)Cc2cc(ccc2O[C@H]1CN(C)Cc1ccc(c(c1)Cl)Cl)NC(=O)Nc1ccccc1,0,0.203794,0.082247,0.012734
CCC(CC)C(=O)N[C@@H]1[C@@H]2CNC[C@@H]21,0,0.270100,0.042899,0.009949
C[C@H]1CN([C@@H](C)CO)C(=O)c2cc(cnc2O[C@H]1CN(C)S(=O)(=O)c1ccccc1F)C#Cc1ccccc1,0,0.019841,0.037286,0.007082
C[C@H]1CCCCO[C@@H](CN(C)S(=O)(=O)c2ccc(cc2)C)[C@@H](C)CN([C@@H](C)CO)C(=O)c2cc(ccc2O1)NC(=O)Nc1c(noc1C)C,0,0.016786,0.024267,0.002909
C[C@H](O)C#Cc1ccc2c(c1)O[C@@H](CN(C)C(=O)CN(C)C)[C@@H](C)CN([C@H](C)CO)S2(=O)=O,0,0.147599,0.173098,0.017451
C[C@@H]1CN([C@H](C)CO)C(=O)c2cc(cnc2O[C@@H]1CN(C)S(=O)(=O)c1ccc(cc1)F)Br,0,0.085763,0.027066,0.007758
C[C@@H]1CN([C@H](C)CO)C(=O)c2cc(ccc2O[C@@H]1CN(C)C(=O)NC1CCCCC1)NC(=O)CCCN(C)C,0,0.021148,0.025815,0.004990
C[C@H]1CCCCO[C@@H](CN(C)S(=O)(=O)c2cccs2)[C@H](C)CN([C@@H](C)CO)C(=O)c2cc(ccc2O1)NS(=O)(=O)C,0,0.001479,0.023589,0.003071
C[C@@H]1CCCCO[C@H](CN(C)Cc2ccc(cc2)C(F)(F)F)[C@H](C)CN([C@@H](C)CO)C(=O)c2cc(ccc2O1)NC(=O)Cc1ccccc1,0,0.132047,0.017239,0.011005
C[C@H]1CCCCO[C@H](CN(C)C(=O)Nc2ccc(cc2)F)[C@@H](C)CN([C@@H](C)CO)C(=O)c2cc(ccc2O1)NC(=O)CCCN(C)C,0,0.061281,0.028467,0.004141
ONC(=O)c1ccncc1,0,0.627985,0.116461,0.074808
COC(=O)c1cc(oc1CN)-c1ccccc1,0,0.030847,0.128350,0.064886
C[C@@H]1CN([C@H](C)CO)C(=O)c2cccc(c2O[C@@H]1CN(C)Cc1ccc(cc1)Oc1ccccc1)NC(=O)Nc1cccc2ccccc12,0,0.005209,0.027379,0.008022
C[C@@H]1CN([C@@H](C)CO)S(=O)(=O)c2ccc(cc2O[C@H]1CN(C)C(=O)C1CCCCC1)C#CC(C)(C)O,0,0.024680,0.239600,0.008131
C[C@@H]1OC(=O)C[C@H](O)C[C@H](O)C[C@H](O)CC[C@H](O)[C@H](O)C[C@]2(O)C[C@@H](O)[C@@H]([C@@H](C[C@H](O[C@@H]3O[C@H](C)[C@@H](O)[C@H](N)[C@@H]3O)/C=C\C=C/C=C\C=C/CC/C=C\C=C/[C@H](C)[C@@H](O)[C@@H]1C)O2)C(=O)O,0,0.100891,0.731521,0.431217
COc1ccc(cc1)S(=O)(=O)Nc1ccc2c(c1)CC(=O)N(C[C@@H](C)[C@H](CN(C)S(=O)(=O)c1ccc(cc1)C)O2)[C@H](C)CO,0,0.002612,0.023701,0.003201
COc1cc(C=Cc2ccc(O)cc2)cc(OC)c1,1,0.602203,0.472759,0.505621
C[C@@H]1CN([C@@H](C)CO)C(=O)c2cc(ccc2O[C@@H]1CN(C)C(=O)Nc1cccc2ccccc12)NC(=O)Nc1ccc(cc1)C(F)(F)F,0,0.555849,0.062411,0.027183
COc1ccc(cc1)OC(=O)N(C)C[C@H]1OCc2ccccc2-c2c(n(c3ccccc23)C)C(=O)N(C[C@@H]1C)[C@H](C)CO,0,0.084057,0.034463,0.013366
O[C@H]1COC[C@@H]2O[C@H](CC[C@H]2N(C1)C(=O)Nc1cccc(c1)Cl)CC(=O)NCCCN1CCOCC1,0,0.705371,0.918276,0.941198
N[C@@H](CNC(=O)N)C(=O)O,0,0.003673,0.062378,0.021731
C[C@@H]1CN([C@H](C)CO)C(=O)c2cc(cnc2O[C@@H]1CN(C)C(=O)Cc1ccccn1)-c1cccc(c1)C(=O)N(C)C,0,0.001735,0.022298,0.003166
C[C@@H]1CCCCO[C@H](CN(C)C(=O)Nc2ccc3c(c2)OCO3)[C@H](C)CN([C@@H](C)CO)C(=O)c2cc(ccc2O1)NC(=O)c1ccncc1,0,0.002565,0.023564,0.002066
C[C@H]1CN([C@@H](C)CO)C(=O)c2cc(ccc2O[C@H]1CN(C)Cc1ccc(cc1)-c1ccccc1)NS(=O)(=O)c1ccc(cc1)Cl,0,0.036618,0.025899,0.006329
C[C@@H]1CCCCO[C@@H](CN(C)C(=O)c2ccccc2)[C@@H](C)CN([C@H](C)CO)C(=O)c2cc(ccc2O1)NC(=O)C1CCCCC1,0,0.002197,0.024197,0.003088
COCC(=O)N(C)C[C@H]1Oc2cc(ccc2S(=O)(=O)N(C[C@@H]1C)[C@H](C)CO)-c1ccc(cc1)OC,0,0.051548,0.028254,0.009525
COc1cccc(c1)S(=O)(=O)N(C)C[C@H]1Oc2ncc(cc2C(=O)N(C[C@H]1C)[C@H](C)CO)C#CC(C)C,0,0.016420,0.023545,0.004386
COCC(=O)N1C[C@@H]2[C@H]([C@H](CO)N2C(=O)C1)c1ccc(cc1)C#Cc1cccnc1,0,0.220223,0.038798,0.009143
C[C@@H]1CN([C@@H](C)CO)C(=O)Cc2cc(ccc2O[C@H]1CN(C)Cc1ccc(cc1)C(F)(F)F)NC(=O)Cc1cn(c2ccccc12)C,0,0.159613,0.019578,0.004872
Cn1cnc(c1)S(=O)(=O)N[C@@H]1C=C[C@@H](CC(=O)NCC2CC2)O[C@@H]1CO,0,0.085301,0.034003,0.009653
OC(=O)c1ccccn1,0,0.465704,0.086158,0.026776
OC[C@H]1O[C@@H](C[C@H]2[C@@H]1Oc1ccc(cc12)NC(=O)Cc1ccncc1)CC(=O)NCc1cccc(c1)F,0,0.057270,0.032373,0.014831
C[C@@H]1CN([C@H](C)CO)C(=O)Cc2cc(ccc2O[C@H]1CN(C)Cc1ccc2c(c1)OCO2)NS(=O)(=O)c1c(noc1C)C,0,0.003579,0.023558,0.003777
CCSc1nnc2c(n1)NC(=O)NC2=O,0,0.887301,0.168998,0.135430
S=c1[nH]cnc2nc[nH]c12,0,0.405640,0.101134,0.099507
C[C@@H]1CN([C@@H](C)CO)C(=O)c2c(c3ccccc3n2C)-c2ccccc2CO[C@@H]1CN(C)C(=O)c1cc(cc(c1)Cl)Cl,0,0.265937,0.044749,0.008838
C[C@H]1CCCCO[C@@H](CN(C)C(=O)Nc2c(noc2C)C)[C@@H](C)CN([C@H](C)CO)C(=O)c2cc(ccc2O1)NC(=O)NC1CCCCC1,0,0.037351,0.021719,0.002985
C[C@H]1CN([C@H](C)CO)C(=O)c2cccc(c2O[C@H]1CN(C)C(=O)Nc1cccc2ccccc12)NC(=O)Nc1ccc2c(c1)OCO2,0,0.010283,0.023247,0.004901
OC[C@@H]1O[C@@H](CCNC(=O)Cc2ccccn2)CC[C@H]1NC(=O)CN1CCOCC1,0,0.007378,0.021618,0.008880
C[C@@H]1CN([C@H](C)CO)C(=O)c2cccc(c2O[C@@H]1CN(C)Cc1ccc(cc1)-c1ccccc1)NC(=O)Nc1ccc(cc1)F,0,0.265675,0.032117,0.018001
C[C@H]1[C@@H](O)[C@@]2(O)[C@@H]([C@H]3C=C(CO)C[C@@]4(O)[C@@H](C=C(C)C4=O)[C@@]13O)C2(C)C,0,0.080182,0.212550,0.076741
C[C@H]1CN([C@@H](C)CO)C(=O)Cc2cc(ccc2O[C@H]1CN(C)S(=O)(=O)c1cn(cn1)C)NC(=O)CCCCCC(=O)Nc1ccccc1N,0,0.003155,0.023650,0.002933
C[C@@H]1CCCCO[C@@H](CN(C)C(=O)Nc2ccccc2)[C@H](C)CN([C@H](C)CO)C(=O)c2cc(ccc2O1)NC(=O)Nc1c(noc1C)C,0,0.020458,0.022305,0.002441
C[C@@H]1CN([C@@H](C)CO)C(=O)Cc2cc(ccc2O[C@H]1CN(C)C(=O)Nc1c(noc1C)C)NC(=O)Nc1cccc2ccccc12,0,0.016999,0.021791,0.004059
OC[C@H]1O[C@@H](C[C@@H]1O)Nc1ccccc1,0,0.050126,0.037223,0.023470
Nc1cc(-c2ccncc2)c[nH]c1=O,0,0.435217,0.074437,0.063498
C[C@H]1CN([C@H](C)CO)C(=O)c2cccc(c2O[C@H]1CN(C)C(=O)Nc1ccc2c(c1)OCO2)NS(=O)(=O)c1cn(cn1)C,0,0.014072,0.023363,0.003797
C[C@@H]1CCCCO[C@@H](CN(C)C(=O)Nc2ccc(cc2)C(F)(F)F)[C@H](C)CN([C@@H](C)CO)C(=O)c2cc(ccc2O1)NS(=O)(=O)c1cccs1,0,0.083276,0.037617,0.009996
COc1ccc(cc1)NC(=O)Nc1ccc2c(c1)C(=O)N(C[C@H](C)[C@@H](CN(C)S(=O)(=O)c1ccc(cc1)Cl)OCCCC[C@@H](C)O2)[C@H](C)CO,0,0.018551,0.024571,0.002869
Cc1cc(no1)N,0,0.076599,0.065664,0.032002
C[C@H]1CN([C@H](C)CO)C(=O)Cc2cc(ccc2O[C@@H]1CN(C)S(=O)(=O)C)NC(=O)Cc1cn(c2ccccc12)C,0,0.002348,0.026412,0.003407
C[C@H]1CCCCO[C@H](CN(C)C(=O)NC2CCCCC2)[C@@H](C)CN([C@H](C)CO)C(=O)c2cc(ccc2O1)NS(=O)(=O)c1cccs1,0,0.004469,0.024008,0.002768
NCc1cccc(c1)-c1ccco1,0,0.086810,0.076161,0.022185
NC(=O)[C@@H]1[C@@H]2C[C@@H](C=C2)[C@H]1C(=O)O,0,0.042842,0.087529,0.032680
C[C@@H](O)C#Cc1ccc2c(c1)O[C@H](CN(C)C(=O)Cc1ccccn1)[C@@H](C)CN([C@H](C)CO)S2(=O)=O,0,0.007755,0.023313,0.006426
O[C@@H]1COC[C@@H]2O[C@H](CC[C@H]2N(C1)S(=O)(=O)c1ccccc1)CC(=O)NCc1ccc2c(c1)OCO2,0,0.036294,0.026507,0.007411
C[C@@H]1OCC2(CCN(CC2)c2nc(c(nc2CO)-c2cccc(c2Cl)Cl)C)[C@@H]1N,0,0.978445,0.736730,0.511153
COc1cc(ccc1Nc1ncc2c(n1)N(C)c1ccccc1C(=O)N2C)C(=O)N1CCC(CC1)N1CCN(C)CC1,0,0.306624,0.081112,0.035192
C[C@H]1CCCCO[C@H](CN(C)C(=O)c2ccncc2)[C@@H](C)CN([C@H](C)CO)C(=O)c2cc(ccc2O1)NS(=O)(=O)C,0,0.001739,0.023550,0.002864
C[C@@H]1CCCCO[C@@H](CN(C)Cc2ccc(c(c2)Cl)Cl)[C@H](C)CN([C@H](C)CO)C(=O)c2cc(ccc2O1)NC(=O)Nc1ccccc1,0,0.145656,0.032834,0.003874
CN1[C@@H]2CC[C@@H](CC(=O)NCc3ccccc3F)O[C@@H]2COc2ccc(cc2C1=O)NC(=O)C1CCOCC1,0,0.016693,0.024162,0.006102
COc1ccc(cc1)NC(=O)Nc1cccc2c1O[C@H](CN(C)S(=O)(=O)C)[C@@H](C)CN([C@@H](C)CO)C2=O,0,0.022322,0.025234,0.005473
COc1ccc(cc1)CN(C)C[C@H]1OCCCC[C@@H](C)Oc2ccc(cc2C(=O)N(C[C@H]1C)[C@H](C)CO)NC(=O)Nc1ccc(cc1)OC,0,0.036179,0.030626,0.004204
CN(C)c1nc(nc(n1)N(C)C)SCC(=O)N,0,0.190409,0.125238,0.074574
CCS(=O)(=O)N1C[C@]2(CCN(CC2)C(=O)c2cccnc2)c2c(n(c3cc(ccc23)OC)C)[C@H]1CO,0,0.004651,0.024925,0.005093
C[C@H]1CCCCO[C@H](CN(C)C(=O)Nc2ccc3c(c2)OCO3)[C@@H](C)CN([C@@H](C)CO)C(=O)c2cc(ccc2O1)NC(=O)Nc1ccc(cc1)C(F)(F)F,0,0.247860,0.020743,0.007693
O[C@H]1COC[C@H]2O[C@H](CC[C@@H]2N(C1)S(=O)(=O)c1ccc(cc1)F)CC(=O)O,0,0.473642,0.058200,0.025009
C[C@H](O)[C@H](O)[C@@H](O)[C@@H](O)/C=N/NC(=O)c1ccc(cc1)C(=O)NO,0,0.204632,0.099027,0.042276
C[C@@H]1CN([C@H](C)CO)C(=O)c2cc(cnc2O[C@H]1CN(C)C(=O)c1cccnc1)-c1ccc(cc1)C(=O)N(C)C,0,0.002926,0.021565,0.004759
COc1cccc(c1)C#Cc1ccc2c(c1)O[C@@H](CN(C)S(=O)(=O)c1ccccc1F)[C@@H](C)CN([C@@H](C)CO)S2(=O)=O,0,0.031206,0.026087,0.005492
C[C@@H]1CCCCO[C@@H](CN(C)C(=O)CCC(F)(F)F)[C@H](C)CN([C@@H](C)CO)C(=O)c2cc(ccc2O1)NC(=O)Cc1ccccc1,0,0.022368,0.016412,0.007551
C[C@@H]1CCCCO[C@H](CN(C)Cc2ccc(cc2)C(=O)Nc2ccccc2N)[C@@H](C)CN([C@H](C)CO)C(=O)c2cc(ccc2O1)NS(=O)(=O)c1cccs1,0,0.002486,0.023704,0.002364
COc1ccc(cc1)NC(=O)Nc1ccc2c(c1)C(=O)N(C[C@H](C)[C@@H](CN(C)Cc1ccncc1)OCCCC[C@H](C)O2)[C@@H](C)CO,0,0.014527,0.027431,0.003368
C[N+](C)(C)CCCCNC(=O)[C@H]1C[C@@H]2N([C@H]1c1cccc(c1)OCCO)C(=O)[C@H](Cc1ccccc1)NC2=O,0,0.433262,0.051873,0.040242
CS(=O)(=O)N1CCc2ccc(cc2C1)N,0,0.012819,0.031239,0.005454
C[C@H]1CCCCO[C@H](CN(C)C(=O)Nc2ccc(cc2)F)[C@@H](C)CN([C@H](C)CO)C(=O)c2cc(ccc2O1)NS(=O)(=O)c1c(noc1C)C,0,0.061611,0.029773,0.003235
COc1ccc(cc1)CN(C)C[C@H]1Oc2ccc(cc2C(=O)N(C[C@@H]1C)[C@H](C)CO)NS(=O)(=O)c1c(noc1C)C,0,0.013157,0.024029,0.005196
C[C@H]1CCCCO[C@H](CN(C)C(=O)Nc2ccccc2)[C@@H](C)CN([C@@H](C)CO)C(=O)c2cc(ccc2O1)NC(=O)Cc1ccccc1,0,0.002811,0.021201,0.002367
CCOC(=O)CC/C=C\C/C=C\C/C=C\C/C=C\C/C=C\C/C=C\CC,0,0.000457,0.249101,0.110969
C[C@@H]1CCCCO[C@H](CN(C)S(=O)(=O)C)[C@H](C)CN([C@@H](C)CO)C(=O)c2cc(ccc2O1)NS(=O)(=O)c1cn(cn1)C,0,0.010971,0.023653,0.003059
C[C@@H]1CN([C@H](C)CO)C(=O)Cc2cc(ccc2O[C@@H]1CN(C)S(=O)(=O)c1c(noc1C)C)NC(=O)NC1CCCCC1,0,0.015715,0.023754,0.003902
C/C(=C\c1ccccc1OCc1cn(nn1)-c1ccc(cc1)C[C@@H]1N2CC3=CCCC=C[C@H]3[C@@H]2[C@H](Cc2ccccc2)OC1=O)/C=C/C(=O)NO,0,0.652088,0.053256,0.043710
O=C(O)C1C(=CCO)OC2CC(=O)N21.[LiH],1,0.069014,0.463140,0.073647
C[C@@H]1CN([C@H](C)CO)C(=O)Cc2cc(ccc2O[C@@H]1CN(C)C(=O)Nc1ccc2c(c1)OCO2)NC(=O)Nc1cccc2ccccc12,0,0.002695,0.021259,0.003171
CCn1c(nc2c1C(=O)N(C)C(=O)N2C)Cl,0,0.641485,0.279009,0.299360
C[C@H]1CN([C@H](C)CO)C(=O)c2cc(ccc2O[C@@H]1CN(C)C(=O)Nc1cccc2ccccc12)NC(=O)CCC(F)(F)F,0,0.161371,0.108766,0.077114
C[C@@H]1CN([C@@H](C)CO)C(=O)c2cc(ccc2O[C@H]1CN(C)Cc1ccc2c(c1)OCO2)NC(=O)Nc1cccc2ccccc12,0,0.008479,0.026010,0.007946
COc1ccc(cc1)C#Cc1cnc2c(c1)C(=O)N(C[C@H](C)[C@H](CN(C)C(=O)CN(C)C)O2)[C@@H](C)CO,0,0.156067,0.028935,0.008910
CCS(=O)(=O)NCCc1csc(n1)C,0,0.009082,0.052818,0.005368
C[C@@H]1CCCCO[C@@H](CN(C)Cc2ccccc2)[C@@H](C)CN([C@@H](C)CO)C(=O)c2cc(ccc2O1)NS(=O)(=O)c1ccc(cc1)F,0,0.015932,0.024359,0.004022
CNC(=O)C[C@@H]1CC[C@@H]2[C@H](COC[C@@H](O)CN2C(=O)Nc2cccc(c2)OC)O1,0,0.243028,0.173879,0.067038
C[C@H]1CN([C@@H](C)CO)C(=O)Cc2cc(ccc2O[C@@H]1CN(C)Cc1ccc(cc1)C(=O)Nc1ccccc1N)NS(=O)(=O)C,0,0.004016,0.023786,0.002982
[Zn+3].NCCC(=O)N[C@@H](Cc1cnc[nH]1)C(=O)O,0,0.528994,0.105387,0.123921
CNCCC(Oc1cccc2ccccc12)c1cccs1.Cl,0,0.629249,0.372778,0.574913
C[C@@H]1CN([C@H](C)CO)C(=O)c2cc(cnc2O[C@H]1CN(C)S(=O)(=O)c1ccccc1)C#Cc1ccccc1F,0,0.022841,0.028541,0.005092
O[C@H]1COC[C@H]2O[C@H](CC[C@@H]2N(C1)S(=O)(=O)c1ccccc1)CC(=O)NCCN1CCCC1,0,0.239690,0.043716,0.013785
C[C@H]1CCCCO[C@@H](CN(C)Cc2ccc(c(c2)Cl)Cl)[C@@H](C)CN([C@H](C)CO)C(=O)c2cc(ccc2O1)NC(=O)Nc1c(noc1C)C,0,0.380686,0.032137,0.004477
C[C@@H]1CCCCO[C@@H](CN(C)C(=O)Nc2ccccc2)[C@@H](C)CN([C@@H](C)CO)C(=O)c2cc(ccc2O1)NC(=O)Nc1ccccc1,0,0.007058,0.021795,0.002715
C[C@H]1CCCCO[C@@H](CN(C)S(=O)(=O)c2ccc(cc2)C)[C@H](C)CN([C@H](C)CO)C(=O)c2cc(ccc2O1)NS(=O)(=O)c1ccc(cc1)F,0,0.007673,0.023789,0.003086
CC(C)NC(=O)[C@]1(CC(=O)N(CC23CC4CC(CC(C4)C3)C2)[C@@H]1c1ccc(cc1I)CO)c1ccc(cc1)[N+](=O)[O-],0,0.733745,0.260176,0.119080
OC[C@@H]1O[C@H](CCNS(=O)(=O)c2ccccc2F)CC[C@@H]1NC(=O)CN1CCOCC1,0,0.022548,0.022526,0.008618
C[C@@H]1CN([C@H](C)CO)C(=O)c2cc(ccc2O[C@@H]1CN(C)C(=O)Nc1ccccc1)NC(=O)Cn1cnnn1,0,0.024668,0.021163,0.006010
C[C@@H]1CCCCO[C@H](CN(C)C(=O)Nc2ccc(cc2)C(F)(F)F)[C@@H](C)CN([C@H](C)CO)C(=O)c2cc(ccc2O1)N(C)C,0,0.559977,0.114452,0.038044
C[C@H]1CN([C@@H](C)CO)S(=O)(=O)c2ccc(cc2O[C@H]1CN(C)C(=O)c1cnccn1)Br,0,0.137423,0.025483,0.006346
CC1COC2=C1C(=O)C(=O)c1c2ccc2c1CCCC2(C)C,1,0.625929,0.412524,0.517727
COc1ccc(cc1)S(=O)(=O)Nc1ccc2c(c1)C(=O)N(C[C@@H](C)[C@H](CN(C)C(=O)c1ccccc1)OCCCC[C@@H](C)O2)[C@H](C)CO,0,0.000994,0.023818,0.002444
C[C@H]1CN([C@@H](C)CO)C(=O)CCCn2cc(nn2)CO[C@@H]1CN(C)C(=O)Oc1cccc2ccccc12,0,0.149553,0.031646,0.013805
C[C@H]1CN([C@H](C)CO)C(=O)c2cc(ccc2O[C@H]1CN(C)CC1CCCCC1)NC(=O)CCN1CCOCC1,0,0.017563,0.028278,0.005238
COC(=O)[C@@H](NC(=O)c1cccc(c1O)NC=O)[C@@H](C)O,0,0.054010,0.073452,0.116174
C[C@@H]1CCCCO[C@H](CN(C)Cc2ccccc2)[C@@H](C)CN([C@H](C)CO)C(=O)c2cc(ccc2O1)NC(=O)CCC(F)(F)F,0,0.126122,0.031274,0.015868
Clc1ccc(cc1)[C@@H](NC(=O)C1CCN(CC1)Cc1ccc(cc1)Oc1ccccc1)c1cnccn1,1,0.759940,0.847260,0.812811
C[C@@H]1CN([C@@H](C)CO)C(=O)c2cccc(c2O[C@@H]1CN(C)CC1CCCCC1)NC(=O)Nc1ccc(cc1)C(F)(F)F,0,0.854025,0.909426,0.921122
C[C@H]1CN([C@H](C)CO)C(=O)c2cccc(c2O[C@H]1CN(C)S(=O)(=O)c1ccc(cc1)F)NS(=O)(=O)c1c(noc1C)C,0,0.025647,0.027888,0.006186
CO[C@@H]1CN(C)C(=O)c2cc(ccc2OC[C@@H](C)N(C[C@@H]1C)Cc1ccccc1C(=O)O)NC(=O)Nc1ccccc1F,0,0.494757,0.110564,0.084701
COc1ccc(cc1)S(=O)(=O)N[C@@H]1C=C[C@H](CC(=O)NCCc2ccncc2)O[C@@H]1CO,0,0.028296,0.024865,0.007669
CC(O)(CS(=O)(=O)c1ccc(F)cc1)C(=O)Nc1ccc(C#N)c(C(F)(F)F)c1,0,0.192840,0.594093,0.618247
CC(C)c1nc(N(C)S(C)(=O)=O)nc(-c2ccc(F)cc2)c1C=CC(O)CC(O)CC(=O)[O-].[Ca+2],0,0.000835,0.141096,0.047829
CC(C)NC(=O)Nc1ccc2c(c1)C(=O)N(C[C@H](C)[C@H](CN(C)C(=O)Nc1ccccc1)OCCCC[C@@H](C)O2)[C@@H](C)CO,0,0.007688,0.022183,0.005381
C[C@H]1CN([C@H](C)CO)C(=O)c2cc(ccc2O[C@H]1CN(C)S(=O)(=O)c1cn(cn1)C)NS(=O)(=O)c1cccs1,0,0.005400,0.024168,0.005057
C[C@@H]1CN([C@H](C)CO)C(=O)c2c(c3ccccc3n2C)-c2ccccc2CO[C@@H]1CN(C)Cc1cccc(c1)C(F)(F)F,0,0.334578,0.097464,0.036145
S=C(SN1CCOCC1)N1CCOCC1,0,0.147464,0.298456,0.179216
O[C@H]1COC[C@H]2O[C@H](CC[C@@H]2N(C1)C(=O)c1ccc2c(c1)OCO2)CC(=O)NCCN1CCCC1,0,0.142827,0.051906,0.015666
COc1ccc(cc1)S(=O)(=O)Nc1ccc2c(c1)C(=O)N(C[C@@H](C)[C@@H](CN(C)S(=O)(=O)c1cn(cn1)C)OCCCC[C@@H](C)O2)[C@@H](C)CO,0,0.005289,0.024539,0.003501
CO[C@@H](CN(C)C(=O)c1ccc2c(c1)OCO2)[C@@H](C)CN([C@H](C)CO)S(=O)(=O)c1ccc(cc1)C,0,0.036489,0.026528,0.008106
C[C@H]1CN([C@@H](C)CO)C(=O)c2cccc(c2O[C@H]1CN(C)Cc1ccc2c(c1)OCO2)NC(=O)Nc1cccc2ccccc12,0,0.008444,0.025092,0.006194
C[N+](C)(C)CCCCNC(=O)[C@@H]1C[C@H]2N([C@@H]1c1ccc(cc1)O)C(=O)CNC2=O,0,0.571094,0.092259,0.146997
OC[C@@H]1O[C@@H](CC(=O)NC2CCC2)C=C[C@@H]1NC(=O)CN1CCOCC1,0,0.012244,0.023700,0.009766
C[C@H]1CN([C@H](C)CO)C(=O)c2cccc(c2O[C@@H]1CN(C)C(=O)NC1CCCCC1)NC(=O)c1cnccn1,0,0.060202,0.029409,0.012089
COc1ccc(cc1)S(=O)(=O)N1C[C@@H](O)COC[C@@H]2O[C@@H](CC[C@H]21)CC(=O)N[C@@H]1CCN(C1)Cc1ccccc1,0,0.134426,0.024182,0.007477
COCC(=O)N1C[C@@H](C)[C@H](CN(C)C(=O)c2ccc(cc2OC[C@H]1C)NC(=O)c1ccc(cc1)OC)OC,0,0.006068,0.022617,0.005615
COc1ccc(cc1)NC(=O)Nc1ccc2c(c1)C(=O)N(C[C@@H](C)[C@H](CN(C)C(=O)NC(C)C)OCCCC[C@@H](C)O2)[C@@H](C)CO,0,0.013569,0.023132,0.003668
CC1=CC(=C(C(=O)O)C(=O)N1N)C,0,0.133693,0.122683,0.039487
C[C@@H]1CCCCO[C@@H](CN(C)S(=O)(=O)c2cccs2)[C@@H](C)CN([C@@H](C)CO)C(=O)c2cc(ccc2O1)NC(=O)C1CCCCC1,0,0.001908,0.024260,0.002546
C[C@@H]1O[C@@H]1P(=O)(O)O,0,0.044565,0.344975,0.086261
C[C@H]1CN([C@H](C)CO)C(=O)c2cccc(c2O[C@@H]1CN(C)C(=O)Nc1c(noc1C)C)NS(=O)(=O)c1ccccc1,0,0.021592,0.025968,0.004529
C[C@@H]1CCCCO[C@H](CN(C)Cc2ccc3c(c2)OCO3)[C@H](C)CN([C@@H](C)CO)C(=O)c2cc(ccc2O1)NS(=O)(=O)c1ccc(cc1)C,0,0.003906,0.024267,0.003604
C[C@@H](O)C#Cc1ccc2c(c1)O[C@H](CN(C)C(=O)Nc1ccccc1)[C@@H](C)CN([C@@H](C)CO)S2(=O)=O,0,0.032936,0.028363,0.009041
Cc1sc2ncnc(c2c1C)N1CCC[C@H](C1)Cn1cc(nn1)C(C)(C)N,0,0.952210,0.079818,0.105331
CCCNC(=O)N1C[C@@H](O)COC[C@@H]2O[C@H](CC[C@H]21)CC(=O)N1CCOCC1,0,0.091739,0.064417,0.026143
C[C@H]1CN([C@H](C)CO)C(=O)c2cc(cnc2O[C@H]1CN(C)C(=O)CCN1CCCCC1)C#CCN(C)C,0,0.049247,0.024917,0.005024
C[C@@H]1CN([C@@H](C)CO)C(=O)c2cccc(c2O[C@H]1CN(C)Cc1ccc(cc1)C(=O)O)NC(=O)Nc1ccc(cc1)C(F)(F)F,0,0.942336,0.270801,0.099473
OC[C@@H]1O[C@H](CCNC(=O)Cc2ccccn2)CC[C@@H]1NC(=O)CN1CCOCC1,0,0.007378,0.021618,0.008880
COc1ccc(cc1)NC(=O)N(C)C[C@H]1Oc2c(cccc2C(=O)N(C[C@H]1C)[C@H](C)CO)NC(=O)CCCCCC(=O)Nc1ccccc1N,0,0.019454,0.022333,0.003707
COCC#Cc1ccc2c(c1)O[C@@H](CN(C)S(=O)(=O)c1cccc(c1)F)[C@H](C)CN([C@@H](C)CO)S2(=O)=O,0,0.076476,0.026234,0.005898
C[C@@H]1CCCCO[C@H](CN(C)C(=O)Nc2cccc3ccccc23)[C@H](C)CN([C@@H](C)CO)C(=O)c2cc(ccc2O1)NS(=O)(=O)c1ccc(cc1)C,0,0.004382,0.023732,0.002264
C[C@@H]1CN([C@@H](C)CO)C(=O)Cc2cc(ccc2O[C@@H]1CN(C)S(=O)(=O)c1cccs1)NC(=O)Cc1ccccc1,0,0.000921,0.023987,0.003905
C[C@H]1CN([C@H](C)CO)C(=O)c2cc(cnc2O[C@H]1CN(C)S(=O)(=O)c1cccs1)Br,0,0.009482,0.025937,0.008205
NNC(=O)c1cc(n[nH]1)-c1ccccc1,0,0.333522,0.186556,0.083120
C[C@H]1CN([C@@H](C)CO)C(=O)CCCn2nncc2CO[C@H]1CN(C)C(=O)Nc1ccc2c(c1)OCO2,0,0.023233,0.023397,0.004529
COc1ccc(cc1)S(=O)(=O)N(C)C[C@H]1Oc2c(cccc2C(=O)N(C[C@@H]1C)[C@H](C)CO)NC(=O)Nc1cccc2ccccc12,0,0.015034,0.026799,0.003910
CCCCc1oc2ccc(NS(C)(=O)=O)cc2c1C(=O)c1ccc(OCCCN(CCCC)CCCC)cc1.Cl,0,0.090523,0.540114,0.255714
O=c1c(O)cc(C2Oc3cc(O)cc(O)c3CC2O)cc2c(C3Oc4cc(O)cc(O)c4CC3O)cc(O)c(O)c12,0,0.920526,0.241937,0.089552
CCOC(=O)[C@H]1C/C=C/C[C@H](C(=O)OCC)C(=O)O[C@H]2[C@H](OC(=O)Nc3ccc4c(c3)OCO4)[C@@H](CO)O[C@H](OC)[C@@H]2OC1=O,0,0.003471,0.434619,0.370629
COc1ccc(cc1)S(=O)(=O)Nc1ccc2c(c1)C(=O)N(C[C@H](C)[C@@H](CN(C)S(=O)(=O)c1ccc(cc1)Cl)OCCCC[C@H](C)O2)[C@H](C)CO,0,0.008658,0.026633,0.004093
C[C@H]1CN([C@@H](C)CO)C(=O)Cc2cc(ccc2O[C@H]1CN(C)C(=O)Nc1ccc2c(c1)OCO2)NC(=O)Nc1ccc(cc1)C(F)(F)F,0,0.121737,0.015681,0.006751
CNCC(=O)c1ccc(cc1)O,0,0.788665,0.206987,0.093071
CC(=Cc1ccccc1)C=C1SC(=S)N(CC(=O)O)C1=O,0,0.865564,0.185478,0.189659
C[C@H]1CCCCO[C@@H](CN(C)C(=O)Nc2ccc(cc2)C(F)(F)F)[C@@H](C)CN([C@H](C)CO)C(=O)c2cc(ccc2O1)NC(=O)NC1CCCCC1,0,0.435522,0.094092,0.026734
C[C@@H]1CN([C@H](C)CO)C(=O)c2cc(ccc2O[C@@H]1CN(C)Cc1ccc(cc1)Oc1ccccc1)NC(=O)C1CC1,0,0.019319,0.028756,0.012682
CN1N(C(=O)C=C1[C@@H]1C[C@H](OCCCCO)OC(=C1)C(=O)N[C@@H]1[C@H](O)Cc2ccccc21)c1ccccc1,0,0.026965,0.032057,0.021553
C[C@H]1CN([C@H](C)CO)S(=O)(=O)c2ccc(cc2O[C@H]1CN(C)C(=O)C)C#CCN(C)C,0,0.027900,0.029284,0.009629
C[C@H]1CN([C@@H](C)CO)C(=O)Cc2cc(ccc2O[C@@H]1CN(C)Cc1ccc(cc1)C(F)(F)F)NC(=O)C1CCCCC1,0,0.198983,0.051755,0.024620
COc1ccc(cc1)CN(C)C[C@H]1OCCCC[C@H](C)Oc2ccc(cc2C(=O)N(C[C@@H]1C)[C@H](C)CO)NS(=O)(=O)c1ccc(cc1)Cl,0,0.016555,0.025647,0.003732
COc1ccc2c3c([nH]c2c1)[C@@H](CO)N(C[C@]13CCN(CC1)CC1CCCCC1)C(=O)Nc1cccc(c1)F,1,0.671390,0.275708,0.119649
CC(C)NC(=O)N(C)C[C@@H]1Oc2cc(ccc2S(=O)(=O)N(C[C@H]1C)[C@@H](C)CO)-c1ccccc1F,0,0.054110,0.024959,0.008708
C[C@H]1CN([C@@H](C)CO)C(=O)c2cccc(c2O[C@@H]1CN(C)C(=O)Nc1ccc(cc1)C(F)(F)F)NS(=O)(=O)c1ccc(cc1)F,0,0.460757,0.228259,0.025310
C[C@@H]1CCCCO[C@H](CN(C)Cc2ccncc2)[C@H](C)CN([C@H](C)CO)C(=O)c2cc(ccc2O1)NC(=O)CCC(F)(F)F,0,0.078407,0.157605,0.053669
C[C@@H]1CN([C@H](C)CO)C(=O)Cc2cc(ccc2O[C@H]1CN(C)S(=O)(=O)c1c(noc1C)C)NC(=O)Cn1cnnn1,0,0.008012,0.024202,0.005009
C[C@H]1CCCCO[C@H](CN(C)C(=O)NC2CCCCC2)[C@H](C)CN([C@@H](C)CO)C(=O)c2cc(ccc2O1)NC(=O)Nc1ccc2c(c1)OCO2,0,0.008305,0.022893,0.002477
C[C@@H]1CN([C@@H](C)CO)C(=O)c2cc(ccc2O[C@@H]1CN(C)C(=O)Nc1cccc2ccccc12)NS(=O)(=O)c1cccs1,0,0.005083,0.023296,0.004077
Cc1ccc(cc1)S(=O)(=O)N[C@@H](Cc1ccccc1)C(=O)NCCCn1cc(nn1)CCC(=O)NO,0,0.462853,0.091268,0.056665
C[C@@H]1CN([C@@H](C)CO)C(=O)c2cccc(c2O[C@H]1CN(C)C(=O)Nc1ccc2c(c1)OCO2)NC(=O)C1CC1,0,0.007452,0.022396,0.005638
C[C@H]1CCCCO[C@H](CN(C)C(=O)CCC(F)(F)F)[C@@H](C)CN([C@H](C)CO)C(=O)c2cc(ccc2O1)NC(=O)c1ccccc1,0,0.014247,0.014877,0.006894
C[C@H]1CN([C@@H](C)CO)C(=O)Cc2cc(ccc2O[C@@H]1CN(C)C(=O)Nc1c(noc1C)C)NC(=O)C1CC1,0,0.028222,0.025893,0.004353
C[C@@H]1CN([C@@H](C)CO)C(=O)c2cccc(c2O[C@H]1CN(C)Cc1ccc(cc1)Oc1ccccc1)NC(=O)c1ccc(cc1)-c1nccs1,0,0.003458,0.023578,0.003469
C[C@H]1CCCCO[C@@H](CN(C)C(=O)Nc2ccc(cc2)C(F)(F)F)[C@H](C)CN([C@@H](C)CO)C(=O)c2cc(ccc2O1)NS(=O)(=O)c1ccccc1,0,0.067127,0.035930,0.007495
C[C@H]1CCCCO[C@H](CN(C)Cc2ccc3c(c2)OCO3)[C@@H](C)CN([C@H](C)CO)C(=O)c2cc(ccc2O1)NC(=O)Nc1ccc(cc1)C(F)(F)F,0,0.401806,0.026426,0.014829
CC(C)NC(=N)NC(=N)Nc1ccc(Cl)cc1.Cl,0,0.906972,0.374906,0.317502
C[C@H]1CN([C@@H](C)CO)C(=O)c2cc(cnc2O[C@H]1CN(C)C(=O)Cc1cccnc1)C#CC1(O)CCCC1,0,0.012873,0.038823,0.012325
C[C@@H]1CN([C@H](C)CO)C(=O)c2cc(ccc2O[C@@H]1CN(C)S(=O)(=O)c1cccs1)NC(=O)c1ccncc1,0,0.001557,0.023760,0.003612
C[C@@H]1CN([C@@H](C)CO)C(=O)c2cc(ccc2O[C@@H]1CN(C)Cc1ccc(cc1)C(F)(F)F)NC(=O)Nc1ccc(cc1)F,0,0.703022,0.272996,0.158970
C[C@@H]1CN([C@@H](C)CO)C(=O)CCCn2nncc2CO[C@@H]1CN(C)S(=O)(=O)c1ccc(cc1)-c1ccccc1,0,0.022285,0.024795,0.005965
C[C@H]1CN([C@@H](C)CO)C(=O)c2cc(ccc2O[C@H]1CN(C)S(=O)(=O)c1cn(cn1)C)NC(=O)CCCN(C)C,0,0.026172,0.023625,0.004336
COc1ccc(cc1)S(=O)(=O)N(C)C[C@@H]1OCCCC[C@@H](C)Oc2ccc(cc2C(=O)N(C[C@H]1C)[C@@H](C)CO)NC(=O)NC1CCCCC1,0,0.008112,0.025609,0.003327
CC(=O)Nc1ncc([N+](=O)[O-])s1,0,0.987872,0.323522,0.279406
C[C@H]1CCCCO[C@H](CN(C)Cc2ccc(cc2)C(F)(F)F)[C@@H](C)CN([C@H](C)CO)C(=O)c2cc(ccc2O1)NC(=O)NC1CCCCC1,0,0.279247,0.023726,0.014082
NC1=NC(=O)N(C=C1CO)[C@@H]1O[C@H](CO)[C@@H](O)[C@H]1O,0,0.477572,0.080652,0.057305
C[C@@H]1CCCCO[C@H](CN(C)C(=O)NC2CCCCC2)[C@H](C)CN([C@H](C)CO)C(=O)c2cc(ccc2O1)NS(=O)(=O)c1cccs1,0,0.004469,0.024008,0.002768
C[C@H]1CN([C@H](C)CO)C(=O)CCCn2cc(nn2)CO[C@@H]1CN(C)C(=O)Nc1ccc(cc1)C(F)(F)F,0,0.685098,0.913359,0.881702
CO[C@@H]1CN(C)C(=O)c2cc(ccc2OC[C@@H](C)N(CCC(F)(F)F)C[C@H]1C)NC(=O)Nc1cccc(c1)OC,0,0.257868,0.090205,0.053125
Cc1c(Cl)cccc1Nc1ncccc1C(=O)O,0,0.941239,0.166706,0.109159
CNC[C@H]1OCCCC[C@H](C)Oc2ccc(cc2C(=O)N(C[C@H]1C)[C@@H](C)CO)NS(=O)(=O)c1c(noc1C)C,0,0.022613,0.023990,0.005286
C[C@@H]1CN([C@@H](C)CO)C(=O)c2cc(ccc2O[C@@H]1CN(C)Cc1ccc(cc1)Oc1ccccc1)NS(=O)(=O)c1ccc(cc1)C,0,0.002460,0.024404,0.004018
COc1ccc(cc1)S(=O)(=O)N1C[C@@H](O)COC[C@@H]2O[C@H](CC[C@H]21)CC(=O)NCCCN1CCOCC1,0,0.179060,0.031647,0.009525
C[C@@H]1CN([C@H](C)CO)C(=O)c2cccc(c2O[C@H]1CN(C)Cc1ccccc1)NC(=O)c1ccc(cc1)-c1nccs1,0,0.010281,0.024933,0.005084
O[C@@H]1COC[C@H]2O[C@H](CC[C@@H]2N(C1)C(=O)Nc1ccc(cc1)C(F)(F)F)CC(=O)NCc1ccncn1,0,0.952821,0.770799,0.728068
CC(=O)NN1C=C(C(=O)O)c2ccccc2C1=O,0,0.720929,0.138359,0.203431
OC[C@H]1O[C@@H](OC2=C(Oc3cc(cc(c3C2=O)O)O)c2ccc(c(c2)O)O)[C@H](O)[C@@H](O)[C@@H]1O,0,0.551093,0.195757,0.037300
C[C@H]1CN([C@@H](C)CO)C(=O)c2cc(ccc2O[C@@H]1CN(C)Cc1ccc(cc1)-c1ccccc1)NS(=O)(=O)c1ccc(cc1)Cl,0,0.036618,0.025899,0.006329
C[C@@H]1CN([C@@H](C)CO)C(=O)Cc2cc(ccc2O[C@H]1CN(C)Cc1ccc(cc1)Oc1ccccc1)NC(=O)Cn1cnnn1,0,0.009292,0.024875,0.005862
C[C@@H]1CN([C@@H](C)CO)C(=O)c2cc(ccc2O[C@H]1CN(C)S(=O)(=O)c1ccc(cc1)C)NC(=O)Cn1cnnn1,0,0.022072,0.026310,0.003782
C[C@H]1CN([C@H](C)CO)C(=O)c2cccc(c2O[C@H]1CN(C)S(=O)(=O)c1ccc(cc1)C)NC(=O)Nc1ccc(cc1)C(F)(F)F,0,0.480374,0.027414,0.010655
OC[C@H]1O[C@H](C[C@H]2[C@@H]1Oc1ccc(cc12)NC(=O)NC1CCCC1)CC(=O)NCc1ccc2c(c1)OCO2,0,0.029011,0.030072,0.012191
CCN(Cc1cccc(c1)Br)c1c(nc2ccc(cn12)C(=O)Nc1ccc(cc1)C(=O)N)CC,0,0.629246,0.506492,0.480774
C[C@H]1CCCCO[C@H](CN(C)S(=O)(=O)c2cccs2)[C@H](C)CN([C@H](C)CO)C(=O)c2cc(ccc2O1)NC(=O)Nc1c(noc1C)C,0,0.004555,0.023540,0.002827
COCC(=O)Nc1ccc2c(c1)C(=O)N(C)C[C@@H](OC)[C@@H](C)CN([C@@H](C)CO2)C(=O)c1ccccc1F,0,0.107762,0.029453,0.010117
C[C@H]1CN([C@H](C)CO)C(=O)c2cc(cnc2O[C@H]1CN(C)S(=O)(=O)C)C#Cc1ccc(cc1)C(F)(F)F,0,0.162233,0.060218,0.023779
C[C@H]1CCCCO[C@H](CN(C)Cc2ccc(cc2)C(=O)O)[C@@H](C)CN([C@@H](C)CO)C(=O)c2cc(ccc2O1)NS(=O)(=O)c1ccc(cc1)Cl,0,0.089717,0.028304,0.003436
CO[C@@H]1CN(C)C(=O)c2ccc(cc2OC[C@@H](C)N(C[C@H]1C)C(=O)CN1CCOCC1)NC(=O)C1CC1,0,0.006595,0.022264,0.002677
C[C@@H]1CCCCO[C@H](CN(C)C(=O)Nc2ccc(cc2)F)[C@@H](C)CN([C@@H](C)CO)C(=O)c2cc(ccc2O1)NS(=O)(=O)c1ccccc1,0,0.012888,0.023789,0.002763
C[C@@H]1CCCCO[C@H](CN(C)C(=O)Nc2ccc3c(c2)OCO3)[C@H](C)CN([C@H](C)CO)C(=O)c2cc(ccc2O1)NC(=O)Nc1ccc(cc1)F,0,0.026868,0.024130,0.002621
Cc1ccc(cc1)S(=O)(=O)N[C@H]1CC[C@@H](CC(=O)NCc2ccc(c(c2)Cl)Cl)O[C@H]1CO,0,0.311859,0.045422,0.027763
C[C@H]1CN([C@@H](C)CO)C(=O)c2cccc(c2O[C@H]1CN(C)Cc1ccc(cc1)C(=O)O)NC(=O)Nc1ccc(cc1)C(F)(F)F,0,0.942336,0.270801,0.099473
C[C@H]1CN([C@H](C)CO)C(=O)c2cc(ccc2O[C@@H]1CN(C)S(=O)(=O)c1c(noc1C)C)NC(=O)c1ccncc1,0,0.007656,0.024054,0.003389
COc1cccc(c1)-c1ccc2c(c[nH]c2c1)CCN,0,0.746315,0.290704,0.202136
OC(=O)c1ccc2c(c1)NC(=O)C(=N2)O,0,0.832231,0.143399,0.183468
C[C@H]1CCCCO[C@H](CN(C)CC2CCCCC2)[C@H](C)CN([C@@H](C)CO)C(=O)c2cc(ccc2O1)NS(=O)(=O)c1ccc(cc1)C,0,0.028788,0.023895,0.007230
OCc1ccc2c(c1)N(Cc1ccccc1)C(=O)[C@]1(CC(=O)N(CC34CC5CC(CC(C5)C4)C3)[C@H]21)c1ccc(cc1)[N+](=O)[O-],0,0.057767,0.155711,0.112985
C[C@@H]1CN([C@@H](C)CO)C(=O)c2cc(cnc2O[C@H]1CN(C)C(=O)CN1CCOCC1)Br,0,0.004505,0.025595,0.007534
C[C@@H]1CN([C@H](C)CO)S(=O)(=O)c2ccc(cc2O[C@@H]1CN(C)C(=O)Nc1ccc2c(c1)OCO2)C#Cc1cccnc1,0,0.006604,0.027804,0.003823
C[C@H]1CN([C@@H](C)CO)C(=O)c2cc(ccc2O[C@H]1CN(C)S(=O)(=O)c1cn(cn1)C)NS(=O)(=O)c1ccc(cc1)Cl,0,0.025964,0.024501,0.004674
C[C@@H]1CN([C@@H](C)CO)C(=O)Cc2cc(ccc2O[C@H]1CN(C)S(=O)(=O)c1ccc(cc1)C)NS(=O)(=O)C,0,0.004788,0.024359,0.005545
CN(c1cc(ccc1C)C(=O)N)S(=O)(=O)C,0,0.039855,0.062706,0.008149
O[C@H]1COC[C@H]2O[C@H](CC[C@@H]2N(C1)C(=O)Nc1ccc(c(c1)Cl)Cl)CC(=O)NCc1ccncc1,0,0.854335,0.934854,0.965023
CN1CC2(COC2)OCCS1(=O)=O,0,0.011965,0.045486,0.006713
C1CN(CCN1)CCn1cccc1,0,0.042516,0.073651,0.045772
COc1ccc(cc1)NC(=O)N(C)C[C@@H]1Oc2ccc(cc2C(=O)N(C[C@@H]1C)[C@H](C)CO)NC(=O)Cn1cnnn1,0,0.037189,0.021065,0.007493
CN1CCN(CC1)C(=O)C[C@H]1CC[C@@H]2[C@H](COC[C@H](O)CN2S(=O)(=O)c2cccc(c2)C)O1,0,0.307428,0.038446,0.011894
C[C@H]1CN([C@H](C)CO)C(=O)Cc2cc(ccc2O[C@H]1CN(C)C(=O)Nc1ccc2c(c1)OCO2)NS(=O)(=O)c1c(noc1C)C,0,0.002199,0.023687,0.003100
CN(C)CCCNC(=O)C[C@@H]1CC[C@@H]2[C@H](COC[C@@H](O)CN2S(=O)(=O)c2ccc(cc2)C)O1,0,0.510147,0.030163,0.015573
C[C@H]1CN([C@H](C)CO)C(=O)Cc2cc(ccc2O[C@@H]1CN(C)Cc1ccc(cc1)C(F)(F)F)NC(=O)Cc1cn(c2ccccc12)C,0,0.159613,0.019578,0.004872
C[C@H]1CN([C@H](C)CO)C(=O)Cc2cc(ccc2O[C@@H]1CN(C)S(=O)(=O)c1cn(cn1)C)NC(=O)c1ccncc1,0,0.003407,0.023541,0.003711
Cn1cc(cc1C(=O)NCCC(=N)N)NC(=O)c1cc(cn1C)NC(=O)CNC(=N)N,0,0.981889,0.239418,0.095554
COCC(=O)N1C[C@H](C)[C@H](CN(C)C(=O)c2cc(ccc2OC[C@@H]1C)NC(=O)Nc1ccccc1)OC,0,0.019740,0.025593,0.006901
C[C@H]1CN([C@H](C)CO)C(=O)Cc2cc(ccc2O[C@@H]1CN(C)C(=O)Nc1cccc2ccccc12)NC(=O)Nc1ccc(cc1)C(F)(F)F,0,0.178411,0.030295,0.012464
Cc1nn2cc(nc2s1)CN,0,0.127474,0.029405,0.024808
CN1CCN(CC1)C(=O)C[C@@H]1CC[C@@H]2[C@H](COC[C@@H](O)CN2C(=O)C2CCCC2)O1,0,0.587143,0.066128,0.026544
C[C@H]1CCCCO[C@@H](CN(C)S(=O)(=O)c2cccs2)[C@H](C)CN([C@@H](C)CO)C(=O)c2cc(ccc2O1)NC(=O)NC1CCCCC1,0,0.003639,0.024008,0.002632
C[C@@H]1CN([C@@H](C)CO)C(=O)c2cccc(c2O[C@@H]1CN(C)Cc1ccc(cc1)-c1ccccc1)NC(=O)Nc1ccc(cc1)C(F)(F)F,0,0.817090,0.077297,0.042911
C[C@@H]1CN([C@@H](C)CO)S(=O)(=O)c2ccc(cc2O[C@@H]1CN(C)C(=O)CN(C)C)C#CCN(C)C,0,0.269007,0.213541,0.015539
OC[C@@H]1O[C@H](C[C@H]2[C@@H]1Oc1ccc(cc12)NS(=O)(=O)c1ccc(cc1)F)CC(=O)NCc1ccncc1,0,0.019897,0.024027,0.009688
CN1[C@H]2CC[C@H](CC(=O)NCC(F)(F)F)O[C@@H]2COc2ccc(cc2C1=O)NC(=O)c1cccs1,0,0.040742,0.246346,0.190905
CN1C(C)(C)CCCC1(C)C.O=C(O)C(O)C(O)C(=O)O,0,0.586213,0.171328,0.078625
COCC(=O)Nc1ccc2c(c1)C(=O)N(C)[C@@H]1CC[C@H](CC(=O)NCc3ccccc3Cl)O[C@H]1CO2,0,0.049674,0.037915,0.020707
C[C@@H]1CCCCO[C@@H](CN(C)S(=O)(=O)c2cccs2)[C@H](C)CN([C@H](C)CO)C(=O)c2cc(ccc2O1)NS(=O)(=O)c1ccc(cc1)Cl,0,0.003073,0.024943,0.003395
C[C@H]1CN([C@H](C)CO)C(=O)Cc2cc(ccc2O[C@@H]1CN(C)S(=O)(=O)c1cccs1)NS(=O)(=O)C,0,0.001537,0.023402,0.004997
NC(=N)NC(=O)c1nc(c(nc1N)N)Cl,0,0.956580,0.115587,0.033360
CC(C)N1C[C@H](C)[C@@H](CN(C)Cc2ccc(cc2)Oc2ccccc2)Oc2c(cccc2C1=O)NC(=O)c1ccccc1,0,0.005626,0.357656,0.101017
C=CCSSCC=C,0,0.434532,0.301440,0.350009
C[C@@H]1CN([C@H](C)CO)C(=O)Cc2cc(ccc2O[C@H]1CN(C)CC1CCCCC1)NC(=O)CCCCCC(=O)Nc1ccccc1N,0,0.022558,0.029863,0.004638
C[C@@H]1CN([C@H](C)CO)C(=O)c2cc(ccc2O[C@@H]1CN(C)Cc1ccc(c(c1)Cl)Cl)NS(=O)(=O)c1ccc(cc1)C,0,0.066696,0.026982,0.005860
COCC(=O)N(C)C[C@H]1Oc2cc(ccc2S(=O)(=O)N(C[C@H]1C)[C@H](C)CO)-c1ccc(cc1)C#N,0,0.004037,0.024257,0.006943
C[C@@H]1ON([C@@H]([C@H]1C(=O)N1[C@@H](COC1=O)Cc1ccccc1)c1ccc(cc1)Br)c1ccc(cc1)C(=O)OC(C)(C)C,0,0.986118,0.091342,0.090079
COCC#Cc1cnc2c(c1)C(=O)N(C[C@@H](C)[C@H](CN(C)C(=O)CN1CCOCC1)O2)[C@H](C)CO,0,0.009489,0.023475,0.002961
CN1[C@@H]2CC[C@H](CC(=O)NCCN3CCCCC3)O[C@@H]2COc2ccc(cc2C1=O)NS(=O)(=O)c1cccc(c1)F,0,0.048155,0.026195,0.005420
C[C@@H](NC(=O)C)c1cn(nc1C)C,0,0.269360,0.028217,0.011717
C[C@@H]1CCCCO[C@@H](CN(C)C(=O)Nc2c(noc2C)C)[C@H](C)CN([C@@H](C)CO)C(=O)c2cc(ccc2O1)NC(=O)Nc1cccc2ccccc12,0,0.022653,0.021955,0.002129
NC[C@H]1CC[C@@H](CC1)C(=O)O,0,0.199169,0.034300,0.017040
C[C@H]1CN([C@@H](C)CO)C(=O)c2cc(ccc2O[C@H]1CN(C)S(=O)(=O)c1c(noc1C)C)NS(=O)(=O)c1ccc(cc1)F,0,0.022530,0.026061,0.005979
CO[C@@H]1CN(C)C(=O)c2ccc(cc2OC[C@H](C)N(C[C@H]1C)S(=O)(=O)c1cn(cn1)C)NC(=O)CC(F)(F)F,0,0.082096,0.030024,0.016632
C[C@H]1CN([C@@H](C)CO)C(=O)c2cc(ccc2O[C@H]1CN(C)S(=O)(=O)C)NC(=O)Cc1ccccc1,0,0.003168,0.025145,0.006125
C[C@@H]1CN([C@@H](C)CO)C(=O)c2cccc(c2O[C@@H]1CN(C)C(=O)Nc1ccc(cc1)F)NS(=O)(=O)C,0,0.142290,0.027509,0.008770
OCCOc1ccccc1[C@@H]1N2[C@H]([C@H](C(=O)O)[C@@]11C(=O)Nc3ccc(cc31)C#CC1=CCCCC1)C(=O)O[C@H]([C@H]2c1ccccc1)c1ccccc1,0,0.742946,0.728758,0.903857
O[C@@H]1COC[C@@H]2O[C@H](CC[C@H]2N(C1)C(=O)Nc1cccc(c1)F)CC(=O)NCCCN1CCOCC1,0,0.767965,0.462751,0.438670
C[C@H](O)C#Cc1cnc2c(c1)C(=O)N(C[C@H](C)[C@@H](CN(C)C(=O)C)O2)[C@@H](C)CO,0,0.004924,0.047173,0.011064
CC(C)NC(=O)N(C)C[C@H]1Oc2ccc(cc2C(=O)N(C[C@H]1C)[C@@H](C)CO)NC(=O)CCC(F)(F)F,0,0.242671,0.363555,0.158740
C[C@H]1CN([C@@H](C)CO)S(=O)(=O)c2ccc(cc2O[C@@H]1CN(C)Cc1cncnc1)C1=CCCCC1,0,0.018746,0.023499,0.005245
O[Si](=O)O,0,0.053034,0.335966,0.113257
CN1[C@H]2CC[C@@H](CC(=O)NCCN3CCCCC3)O[C@@H]2COc2ccc(cc2C1=O)NS(=O)(=O)c1cccc(c1)F,0,0.048155,0.026195,0.005420
Cc1ccc(cc1)S(=O)(=O)N[C@@H]1CC[C@H](CCNC(=O)CN2CCOCC2)O[C@@H]1CO,0,0.012376,0.022714,0.007585
CC1(C)SC2C(N3C(=O)C(c4ccccc4)NC3(C)C)C(=O)N2C1C(=O)[O-].[K+],1,0.994779,0.953161,0.964327
C[C@H]1CN([C@@H](C)CO)C(=O)c2cc(ccc2O[C@@H]1CN(C)Cc1ccc(c(c1)Cl)Cl)NC(=O)Cn1cnnn1,0,0.210353,0.044489,0.018530
C[C@@H]1CN([C@H](C)CO)C(=O)CCCn2cc(nn2)CO[C@H]1CN(C)C(=O)Nc1ccc(cc1)N1CCN(C)CC1,0,0.226903,0.026767,0.007764
COc1ccc(cc1)S(=O)(=O)N[C@@H]1CC[C@@H](CC(=O)N2CCC(CC2)Cc2ccccc2)O[C@@H]1CO,0,0.031291,0.035226,0.016948
C[C@@H](O)C#Cc1ccc2c(c1)O[C@H](CN(C)C(=O)Nc1ccccc1)[C@H](C)CN([C@@H](C)CO)S2(=O)=O,0,0.032936,0.028363,0.009041
C[C@@H]1CCCCO[C@@H](CN(C)CC2CC2)[C@@H](C)CN([C@H](C)CO)C(=O)c2cc(ccc2O1)NC(=O)Nc1ccc(cc1)F,0,0.310095,0.060370,0.036151
COc1ccc(cc1)NC(=O)N(C)C[C@@H]1OCCCC[C@H](C)Oc2ccc(cc2C(=O)N(C[C@@H]1C)[C@@H](C)CO)NC(=O)NC1CCCCC1,0,0.008265,0.022215,0.002610
OC[C@H]1[C@@H]2CN3C(=O)C(=CC=C3[C@@H](N2)[C@@H]1C(=O)NCCCN1CCOCC1)C1=CCCCC1,0,0.052976,0.035158,0.009839
NC(=O)NC(=O)Cc1ccccc1,0,0.223193,0.092580,0.047088
C[C@H]1CN([C@@H](C)CO)C(=O)Cc2cc(ccc2O[C@@H]1CN(C)S(=O)(=O)c1cn(cn1)C)NS(=O)(=O)c1c(noc1C)C,0,0.005358,0.024072,0.004123
C[C@H]1CN([C@H](C)CO)C(=O)c2cccc(c2O[C@H]1CN(C)CC1CCCCC1)NC(=O)Nc1ccc(cc1)C(F)(F)F,0,0.854025,0.909426,0.921122
COc1ncccc1C#N,0,0.008380,0.091590,0.043369
Clc1ccc(cc1Cl)CN1CCC(CC1)C(=O)N[C@@H](c1ccc(cc1)-c1ccccc1)c1cnccn1,0,0.986695,0.794719,0.696820
C1CCC(CC1)CCn1c(nc2ccccc12)-c1ccco1,0,0.226872,0.414060,0.336035
C[C@H]1CN([C@H](C)CO)C(=O)c2cccc(c2O[C@H]1CN(C)S(=O)(=O)c1cn(cn1)C)NS(=O)(=O)c1cccs1,0,0.008037,0.025331,0.005200
C[C@H]1CCCCO[C@@H](CN(C)S(=O)(=O)c2cn(cn2)C)[C@H](C)CN([C@H](C)CO)C(=O)c2cc(ccc2O1)NS(=O)(=O)C,0,0.005910,0.023653,0.003362
C[C@H]1CN([C@@H](C)CO)C(=O)c2cc(ccc2O[C@H]1CN(C)C(=O)NC1CCCCC1)NC(=O)Nc1ccc(cc1)C(F)(F)F,0,0.727757,0.781196,0.497234
C[C@@H]1CN([C@@H](C)CO)S(=O)(=O)c2ccc(cc2O[C@@H]1CN(C)C(=O)c1ccc2c(c1)OCO2)-c1ccncc1,0,0.002934,0.027805,0.003237
C[C@H]1CN([C@@H](C)CO)C(=O)c2cc(ccc2O[C@@H]1CN(C)S(=O)(=O)c1ccc(cc1)Cl)NC(=O)CCN1CCOCC1,0,0.007133,0.024971,0.003420
COc1ccccc1NC(=O)N(C)C[C@H]1Oc2ncc(cc2C(=O)N(C[C@H]1C)[C@H](C)CO)Br,0,0.039843,0.023777,0.012370
C[C@@H]1CN([C@H](C)CO)C(=O)Cc2cc(ccc2O[C@@H]1CN(C)C(=O)Nc1ccccc1)NS(=O)(=O)C,0,0.004521,0.026080,0.005781
C[C@@H]1CN([C@@H](C)CO)C(=O)c2cc(ccc2O[C@H]1CN(C)Cc1ccc(c(c1)Cl)Cl)NS(=O)(=O)c1ccc(cc1)Cl,0,0.120035,0.027116,0.010176
COCC#Cc1ccc2c(c1)O[C@H](CN(C)S(=O)(=O)c1ccc(cc1)F)[C@@H](C)CN([C@@H](C)CO)S2(=O)=O,0,0.088321,0.025452,0.006060
C[C@@H]1CN([C@H](C)CO)C(=O)Cc2cc(ccc2O[C@H]1CN(C)Cc1ccc(cc1)C(=O)O)NS(=O)(=O)C,0,0.020010,0.030269,0.005661
C[C@@H]1CN([C@@H](C)CO)C(=O)c2cc(ccc2O[C@H]1CN(C)Cc1ccc(cc1)C(=O)Nc1ccccc1N)NC(=O)Nc1ccc2c(c1)OCO2,0,0.004790,0.022273,0.003316
O=C1N=CNc2nc[nH]c21,0,0.193363,0.105554,0.069058
COc1ccc(cc1)S(=O)(=O)Nc1ccc2c(c1)C(=O)N(C[C@H](C)[C@H](CN(C)Cc1ccccc1)OCCCC[C@@H](C)O2)[C@H](C)CO,0,0.005343,0.025834,0.003777
O[C@H]1COC[C@@H]2O[C@H](CC[C@H]2N(C1)C(=O)Nc1ccc2c(c1)OCO2)CC(=O)N1CCN(CC1)c1ccccc1,0,0.078193,0.063514,0.032994
OC[C@H]1O[C@H](C[C@@H]2[C@H]1Oc1ccc(cc12)NS(=O)(=O)c1ccc(cc1)F)CC(=O)N1CCCCC1,0,0.020818,0.024239,0.007055
O=c1c(O)c(-c2ccc(O)c(O)c2)oc2c(O)c(O)cc(O)c12,0,0.950738,0.142120,0.059984
ONC(=O)CCCCCNC(=O)OC[C@@]12Oc3ccccc3[C@H]([C@H]2COC(=O)c2ccccc2)N2C(=O)CSC2=N1,0,0.000051,0.157005,0.197008
CCCN(CCC)S(=O)(=O)c1ccc(C(=O)O)cc1,0,0.125837,0.064899,0.018046
CN(C)c1ccsc1C(=O)NN,0,0.418426,0.050300,0.036063
CCCCN(CCCC)CCCOc1ccc(cc1)C(=O)c1c(oc2ccc(cc12)NS(=O)(=O)C)CCCC,1,0.152403,0.524191,0.347068
C[C@H]1CN([C@H](C)CO)C(=O)c2cc(cnc2O[C@H]1CN(C)C(=O)Nc1cccc2ccccc12)-c1cccc(c1)C(F)(F)F,0,0.257152,0.267755,0.231397
COc1ccc(cc1)S(=O)(=O)Nc1ccc2c(c1)C(=O)N(C[C@H](C)[C@H](CN(C)Cc1ccc(c(c1)Cl)Cl)OCCCC[C@@H](C)O2)[C@H](C)CO,0,0.044038,0.026485,0.004139
C[C@H]1CN([C@@H](C)CO)C(=O)c2cc(ccc2O[C@H]1CN(C)S(=O)(=O)c1ccccc1)NC(=O)CCN1CCOCC1,0,0.000874,0.024174,0.002922
C[C@@H]1CN([C@@H](C)CO)C(=O)c2cc(ccc2O[C@H]1CN(C)Cc1ccc(cc1)C(F)(F)F)NC(=O)Cc1ccccc1,0,0.151521,0.242777,0.115724
C[C@H]1CN([C@H](C)CO)C(=O)c2cc(ccc2O[C@H]1CN(C)C(=O)Nc1ccccc1)NC(=O)CCN1CCOCC1,0,0.003137,0.022586,0.003554
C[C@@H]1CN([C@@H](C)CO)C(=O)c2cc(ccc2O[C@@H]1CN(C)Cc1ccncc1)NC(=O)Nc1cccc2ccccc12,0,0.011328,0.027828,0.005942
COc1ccc(cc1)S(=O)(=O)Nc1ccc2c(c1)C(=O)N(C[C@H](C)[C@@H](CN(C)Cc1ccc(cc1)C(F)(F)F)OCCCC[C@@H](C)O2)[C@H](C)CO,0,0.062937,0.025286,0.004670
C[C@H]1CN([C@H](C)CO)C(=O)c2cc(ccc2O[C@H]1CN(C)S(=O)(=O)C)NC(=O)Cn1cnnn1,0,0.014272,0.024172,0.004887
C[C@@H]1CCCCO[C@H](CN(C)Cc2ccc(cc2)C(=O)O)[C@@H](C)CN([C@@H](C)CO)C(=O)c2cc(ccc2O1)NC(=O)Cc1ccccc1,0,0.039184,0.027350,0.008203
CSc1cnc2c(n1)N(C)C(=O)NC2=O,0,0.609408,0.211422,0.163851
CC(C)C[C@H](NC(=O)[C@@H](CCCNC(=O)N)NC(=O)[C@H](Cc1ccc(cc1)O)NC(=O)[C@H](CO)NC(=O)[C@@H](Cc1cccnc1)NC(=O)[C@@H](Cc1ccc(cc1)Cl)NC(=O)[C@@H](Cc1ccc2ccccc2c1)NC(=O)C)C(=O)N[C@@H](CCCNC(=N)N)C(=O)N1CCC[C@H]1C(=O)N[C@H](C)C(=O)N,0,0.120009,0.446433,0.126406
CCS(=O)(=O)N1C[C@]2(C1)CN([C@@H](CO)c1c2c2ccc(cc2n1C)OC)C(=O)Nc1cccc(c1)F,0,0.117540,0.027853,0.011212
C[C@H]1CN([C@@H](C)CO)C(=O)Cc2cc(ccc2O[C@@H]1CN(C)Cc1ccc(cc1)C(F)(F)F)NC(=O)Cc1cn(c2ccccc12)C,0,0.159613,0.019578,0.004872
C[C@@H]1CN([C@@H](C)CO)S(=O)(=O)c2ccc(cc2O[C@H]1CN(C)C(=O)c1ccccc1F)C#CCN(C)C,0,0.131793,0.043656,0.013482
OC[C@@H]1O[C@@H](CC[C@H]1NC(=O)Nc1ccc2c(c1)OCO2)CC(=O)NCCCN1CCOCC1,0,0.055848,0.024653,0.012798
C[C@H]1CN([C@@H](C)CO)C(=O)c2ccccc2-c2ccccc2CO[C@H]1CN(C)Cc1cccc(c1)C(F)(F)F,0,0.416414,0.566338,0.492929
COc1ccc(C(=O)O)c(O)c1OC,0,0.503836,0.111095,0.075431
COC1C=CC23c4cc5c(cc4CN(CC2O)C3C1)OCO5,0,0.066135,0.059582,0.038247
CC(C)(Oc1ccc(Cl)cc1)C(=O)O,0,0.623667,0.114923,0.073711
O[C@H]1COC[C@H]2O[C@@H](CC[C@@H]2N(C1)S(=O)(=O)c1ccccc1)CC(=O)NCc1ccc(cc1)-c1ccccc1,0,0.169320,0.039990,0.014753
CO[C@@H]1CN(C)C(=O)c2cc(ccc2OC[C@H](C)N(C[C@@H]1C)C(=O)CN(C)C)NC(=O)c1ccc(cc1)F,0,0.204357,0.033328,0.014211
OC[C@H]1O[C@@H](CC(=O)NC2CCC2)C=C[C@@H]1NC(=O)CN1CCOCC1,0,0.012244,0.023700,0.009766
Cc1csc2sc(c(c12)C)/C=N/Cc1cccs1,0,0.259020,0.147364,0.111121
CO[C@H]1CN(C)C(=O)c2ccc(cc2OC[C@H](C)N(CC2CC2)C[C@H]1C)NS(=O)(=O)c1cn(cn1)C,0,0.026154,0.023116,0.004553
C[C@H]1CN([C@@H](C)CO)C(=O)c2cccc(c2O[C@H]1CN(C)Cc1ccc(cc1)Oc1ccccc1)NC(=O)Nc1ccc(cc1)C(F)(F)F,0,0.423903,0.046656,0.030981
COc1ccc(c(c1)C(C)(C)C)O,0,0.404082,0.279988,0.276321
C[C@@H]1CN([C@H](C)CO)C(=O)Cc2cc(ccc2O[C@H]1CN(C)Cc1ccc(cc1)C(F)(F)F)NC(=O)Nc1cccc2ccccc12,0,0.152842,0.030438,0.010110
C[C@H]1CN([C@H](C)CO)C(=O)c2cccc(c2O[C@@H]1CN(C)S(=O)(=O)c1ccc(cc1)F)NS(=O)(=O)c1ccc(cc1)C,0,0.026667,0.024994,0.005741
CC12CCC3C(CCC4(O)CC(O)CCC34C=O)C1(O)CCC2C1=CC(=O)OC1,0,0.768473,0.660885,0.399194
CC(=O)OC[C@H]1OC[C@H](OC(=O)C)[C@@H](OC(=O)C)[C@H]1OC(=O)C,0,0.000479,0.221078,0.103261
CCCCC/C=C\C/C=C\C/C=C\CCCCC(=O)O,0,0.014068,0.151116,0.081314
C[C@H]1CCCCO[C@H](CN(C)S(=O)(=O)c2cccs2)[C@@H](C)CN([C@H](C)CO)C(=O)c2cc(ccc2O1)NS(=O)(=O)C,0,0.001479,0.023589,0.003071
C[C@H](NC(=O)[C@H]1N[C@@H]2[C@@H](CN3C(=O)C(=CC=C23)c2ccc(cc2)C(=O)N(C)C)[C@@H]1CO)c1ccccc1,0,0.075164,0.035957,0.011827
CCCCCCCCCCCCCCCCCCCC(=O)N[C@H]1CC[C@@]2(C)[C@H](C[C@@H](O)[C@H]3[C@@H]4CC[C@H]([C@H](C)CCC(=O)O)[C@@]4(C)[C@@H](O)C[C@@H]32)C1,0,0.999448,0.329354,0.145128
C[C@H]1CN([C@@H](C)CO)C(=O)c2cc(ccc2O[C@@H]1CN(C)C(=O)Nc1ccc2c(c1)OCO2)NC(=O)c1ccncc1,0,0.003208,0.022571,0.003441
CC[C@@H](C)C(=O)O[C@@H]1C[C@@]2(C)[C@@H](OC(=O)C[C@]22O[C@]3(C)O[C@]11[C@]4(C)[C@@H](CC(=O)OC)[C@]5(C)C[C@@]4(O)[C@](O)([C@H]5OC(=O)[C@@]4(C)O[C@@H]4C)[C@@H](OC(=O)C(C)C)[C@@]21O3)c1ccoc1,0,0.000116,0.111289,0.039936
C[C@H]1CN([C@@H](C)CO)C(=O)c2cc(ccc2O[C@@H]1CN(C)C(=O)Nc1cccc2ccccc12)NC(=O)Cn1cnnn1,0,0.016237,0.022764,0.008563
COc1ccc(cc1)[C@@H](N)c1ccncc1,0,0.626088,0.154351,0.147207
C[C@@H]1CN([C@@H](C)CO)S(=O)(=O)c2ccc(cc2O[C@H]1CN(C)S(=O)(=O)c1ccccc1F)-c1ccncc1,0,0.014605,0.028663,0.005465
CCN1C=C(C(=O)O)C(=O)c2cc(c(cc21)N1CCN(CC1)C(=S)Nc1cc(ccc1Cl)C(F)(F)F)F,0,0.994298,0.871822,0.933433
COCC(=O)N1C[C@H](C)[C@@H](CN(C)C(=O)c2ccc(cc2OC[C@@H]1C)NC(=O)c1ccc(cc1)OC)OC,0,0.006068,0.022617,0.005615
OC(=O)c1cccc(c1)-n1cnnn1,0,0.877115,0.067950,0.073456
COc1ccc(cc1)CN(C)C[C@H]1Oc2ccc(cc2CC(=O)N(C[C@@H]1C)[C@H](C)CO)NS(=O)(=O)c1c(noc1C)C,0,0.008561,0.023715,0.004347
NNC1=NC(=O)N(C=C1)[C@@H]1O[C@H](CO)[C@@H](O)[C@H]1O,0,0.469079,0.076582,0.038376
C[C@H]1CN([C@@H](C)CO)C(=O)Cc2cc(ccc2O[C@H]1CN(C)S(=O)(=O)c1cccs1)NS(=O)(=O)c1c(noc1C)C,0,0.001332,0.024804,0.005243
CN1CCc2cc3c(cc2C1O)OCO3.Cl,0,0.641622,0.121337,0.046394
COc1ccc(cc1)S(=O)(=O)Nc1ccc2c(c1)C(=O)N(C[C@@H](C)[C@H](CN(C)C(=O)Nc1ccc(cc1)C(F)(F)F)OCCCC[C@H](C)O2)[C@@H](C)CO,0,0.148422,0.088927,0.011069
Cc1cnc(cn1)C(=O)N1C[C@@H]2COC[C@@]2(CNS(=O)(=O)C)C1,0,0.019864,0.024230,0.005090
Cc1ccc(c(n1)SCC(=O)N)C#N,0,0.008944,0.100045,0.042516
Cn1cnc(c1)S(=O)(=O)N[C@@H]1CC[C@@H](CC(=O)NCC2CC2)O[C@@H]1CO,0,0.049701,0.034967,0.009123
C[C@H]1CCCCO[C@H](CN(C)C(=O)Nc2cccc3ccccc23)[C@@H](C)CN([C@@H](C)CO)C(=O)c2cc(ccc2O1)NC(=O)Nc1ccc2c(c1)OCO2,0,0.003980,0.021914,0.002046
CO[C@@H]1CN(C)C(=O)c2ccc(cc2OC[C@@H](C)N(CCC(F)(F)F)C[C@H]1C)NS(=O)(=O)c1cn(cn1)C,0,0.183799,0.066134,0.010461
CS(=O)(=O)CC(=O)N1C[C@H]2COC[C@@]2(COc2cccnc2)C1,0,0.015187,0.237762,0.076744
C[C@@H]1CN([C@H](C)CO)C(=O)c2cc(ccc2O[C@@H]1CN(C)S(=O)(=O)c1cn(cn1)C)NC(=O)Nc1ccc2c(c1)OCO2,0,0.008287,0.027231,0.004539
C[C@@H]1CN([C@@H](C)CO)C(=O)Cc2cc(ccc2O[C@@H]1CN(C)S(=O)(=O)c1cccs1)NS(=O)(=O)C,0,0.001537,0.023402,0.004997
C[C@@H]1CCCCO[C@@H](CN(C)CC2CCCCC2)[C@@H](C)CN([C@H](C)CO)C(=O)c2cc(ccc2O1)NC(=O)Nc1ccccc1,0,0.073651,0.029590,0.013025
CC(C)NC(=O)Nc1ccc2c(c1)C(=O)N(C[C@H](C)[C@H](CN(C)Cc1ccc(cc1)Oc1ccccc1)O2)[C@@H](C)CO,0,0.015925,0.031611,0.017300
Cc1ccc(c(c1)Cc1cc(ccc1Cl)Cl)C,0,0.978453,0.484485,0.420530
CC(C)CC(=O)Nc1ccccc1C,0,0.260502,0.067650,0.024643
COc1ccc(cc1)S(=O)(=O)N(C)C[C@@H]1Oc2ccc(cc2C(=O)N(C[C@H]1C)[C@H](C)CO)NC(=O)Nc1c(noc1C)C,0,0.034791,0.025732,0.004641
C[C@@H]1CN([C@@H](C)CO)S(=O)(=O)c2ccc(cc2O[C@H]1CN(C)S(=O)(=O)C)C#CCN(C)C,0,0.019320,0.024044,0.005484
C[C@@H]1CN([C@@H](C)CO)C(=O)c2cc(ccc2O[C@H]1CN(C)S(=O)(=O)C)NC(=O)Cc1cn(c2ccccc12)C,0,0.006130,0.025817,0.003487
CCCCCCCCCCCCCCCCOP(=O)([O-])OCC[N+](C)(C)C,0,0.000061,0.321749,0.179973
C[C@H]1CCCCO[C@@H](CN(C)C(=O)Nc2ccc3c(c2)OCO3)[C@H](C)CN([C@H](C)CO)C(=O)c2cc(ccc2O1)NS(=O)(=O)c1ccc(cc1)C,0,0.002687,0.023732,0.002679
C[C@H]1CCCCO[C@@H](CN(C)Cc2ccccc2)[C@@H](C)CN([C@@H](C)CO)C(=O)c2cc(ccc2O1)NC(=O)CCC(F)(F)F,0,0.126122,0.031274,0.015868
C[C@@H]1CN([C@@H](C)CO)C(=O)c2cc(ccc2O[C@@H]1CN(C)S(=O)(=O)c1ccc(cc1)C)NC(=O)Nc1ccc(cc1)C(F)(F)F,0,0.383299,0.030081,0.011007
C[C@H]1CN([C@@H](C)CO)C(=O)c2cc(ccc2O[C@H]1CN(C)Cc1ccncc1)NC(=O)Nc1cccc2ccccc12,0,0.011328,0.027828,0.005942
Nc1cc2[nH]cnc2c(n1)O,0,0.241853,0.081889,0.044865
CS(=O)(=O)Nc1ccc2c(c1)[C@@H]1C[C@@H](CC(=O)NCC3CC3)O[C@@H](CO)[C@@H]1O2,0,0.012597,0.034131,0.007936
CN1[C@H]2CC[C@H](CC(=O)NCC(F)(F)F)O[C@@H]2COc2ccc(cc2C1=O)NC(=O)c1cc(on1)C,0,0.134746,0.402360,0.326967
C[C@H]1CN([C@@H](C)CO)C(=O)c2cccc(c2O[C@H]1CN(C)S(=O)(=O)c1ccc(cc1)F)NS(=O)(=O)c1ccc(cc1)F,0,0.047490,0.030507,0.006881
C[C@@H]1CN([C@H](C)CO)C(=O)c2cccc(c2O[C@@H]1CN(C)S(=O)(=O)c1ccc(cc1)Cl)NC(=O)c1cnccn1,0,0.067772,0.025107,0.004666
COc1ccc(cc1)S(=O)(=O)Nc1ccc2c(c1)CC(=O)N(C[C@@H](C)[C@@H](CN(C)S(=O)(=O)c1cn(cn1)C)O2)[C@@H](C)CO,0,0.004621,0.024362,0.004345
CN(C)CCN1[C@]2(CCN(C2)C(=O)N2CCOCC2)c2ccccc2S1(=O)=O,0,0.007015,0.030259,0.010171
C[C@@H]1CCCCO[C@H](CN(C)Cc2ccccc2)[C@@H](C)CN([C@H](C)CO)C(=O)c2cc(ccc2O1)NS(=O)(=O)c1ccccc1,0,0.003306,0.023726,0.004151
C[C@H]1CN([C@H](C)CO)C(=O)Cc2cc(ccc2O[C@@H]1CN(C)Cc1ccc(cc1)C(=O)Nc1ccccc1N)NC(=O)Cn1cnnn1,0,0.009759,0.023288,0.003577
C[C@@H]1CN([C@H](C)CO)C(=O)c2cccc(c2O[C@H]1CN(C)C(=O)Nc1ccc(cc1)C(F)(F)F)NC(=O)Nc1ccc2c(c1)OCO2,0,0.393534,0.137020,0.130485
O[C@@H]1COC[C@@H]2O[C@H](CC[C@H]2N(C1)S(=O)(=O)c1ccccc1)CC(=O)N1CCOCC1,0,0.030412,0.053325,0.012873
NCC[C@@H]1CC[C@@H](NC(=O)NC2CCCCC2)[C@@H](CO)O1,0,0.150583,0.034260,0.012830
C[C@H]1CCCCO[C@@H](CN(C)C(=O)Nc2ccc(cc2)C(F)(F)F)[C@@H](C)CN([C@H](C)CO)C(=O)c2cc(ccc2O1)N(C)C,0,0.559977,0.114452,0.038044
CC(C)NC(=O)N(C)C[C@@H]1OCCCC[C@H](C)Oc2ccc(cc2C(=O)N(C[C@H]1C)[C@@H](C)CO)NS(=O)(=O)C,0,0.007265,0.037043,0.003156
CS(=O)(=O)c1ccc(c(c1)C(=O)O)O,0,0.256640,0.152643,0.144952
O=C(NC(=O)c1ccccc1Cl)Nc1ccc(OC(F)(F)F)cc1,0,0.998706,0.295618,0.307589
COc1ccc(cc1)NC(=O)N(C)C[C@H]1Oc2c(cccc2C(=O)N(C[C@@H]1C)[C@@H](C)CO)NC(=O)CCCCCC(=O)Nc1ccccc1N,0,0.019454,0.022333,0.003707
COc1ccc(cc1)CN(C)C[C@@H]1Oc2ccc(cc2C(=O)N(C[C@H]1C)[C@@H](C)CO)NS(=O)(=O)c1c(noc1C)C,0,0.013157,0.024029,0.005196
C[C@@H]1CN([C@@H](C)CO)C(=O)Cc2cc(ccc2O[C@@H]1CN(C)S(=O)(=O)c1ccc(cc1)C)NC(=O)Cn1cnnn1,0,0.006561,0.026128,0.003808
NC1CCN(CC1)Cc1ccccc1,0,0.209099,0.104554,0.097031
Oc1ccc(cc1)C1CCC(=O)CC1,0,0.224590,0.154310,0.126122
CO[C@@H]1CN(C)C(=O)c2ccc(cc2OC[C@@H](C)N(C[C@H]1C)C(=O)CN(C)C)NC(=O)Nc1ccccc1,0,0.064543,0.025075,0.008215
C[C@H]1CN([C@@H](C)CO)C(=O)c2cccc(c2O[C@@H]1CN(C)Cc1ccc(cc1)-c1ccccc1)NC(=O)c1nc2ccccc2s1,0,0.009241,0.029511,0.006861
C[C@H]1CCCCO[C@@H](CN(C)C(=O)Nc2c(noc2C)C)[C@H](C)CN([C@@H](C)CO)C(=O)c2cc(ccc2O1)NC(=O)Nc1ccc2c(c1)OCO2,0,0.011198,0.023367,0.002884
COc1ccc(cc1)CN(C)C[C@@H]1Oc2ccc(cc2CC(=O)N(C[C@@H]1C)[C@H](C)CO)NC(=O)Cn1cnnn1,0,0.023910,0.025123,0.009563
C[C@H]1CCCCO[C@@H](CN(C)S(=O)(=O)c2ccccc2)[C@H](C)CN([C@H](C)CO)C(=O)c2cc(ccc2O1)NC(=O)C1CCCCC1,0,0.002157,0.023672,0.002967
C[C@H]1CN([C@@H](C)CO)C(=O)Cc2cc(ccc2O[C@@H]1CN(C)Cc1ccc(cc1)C(=O)Nc1ccccc1N)NC(=O)Cn1cnnn1,0,0.009759,0.023288,0.003577
C[C@H]1CN([C@@H](C)CO)C(=O)Cc2cc(ccc2O[C@H]1CN(C)C(=O)Nc1cccc2ccccc12)NC(=O)Cc1cn(c2ccccc12)C,0,0.006207,0.024903,0.002637
C[C@@H]1CCCCO[C@H](CN(C)C(=O)Nc2cccc3ccccc23)[C@@H](C)CN([C@@H](C)CO)C(=O)c2cc(ccc2O1)NC(=O)c1ccccc1,0,0.002334,0.021397,0.002160
Cc1ccc(cc1)S(=O)(=O)NCC[C@@H]1CC[C@H](NS(=O)(=O)c2ccccc2Cl)[C@H](CO)O1,0,0.103559,0.042751,0.015253
CC[C@@H](C)C(=O)O[C@@H]1[C@@H](O)[C@H](O)[C@@H](CO)O[C@H]1OC(=O)CC(C)C,0,0.007848,0.159172,0.089655
COc1cccc(c1)NC(=O)N(C)C[C@H]1Oc2cc(ccc2S(=O)(=O)N(C[C@H]1C)[C@H](C)CO)C#CC1(O)CCCC1,0,0.020639,0.024187,0.003934
OC[C@@H]1O[C@@H](C[C@@H]2[C@H]1Oc1ccc(cc12)NC(=O)c1cccnc1)CC(=O)NCc1cc(ccc1F)F,0,0.147139,0.033891,0.025180
C[C@@H]1CN([C@@H](C)CO)C(=O)c2cc(ccc2O[C@H]1CN(C)S(=O)(=O)c1ccccc1)NS(=O)(=O)c1ccc(cc1)C,0,0.005312,0.024919,0.004905
CC(C)(C)OC(=O)C[C@@H](CC=C)C(=O)OCCNC(=O)[C@@H](CC=C)CC(=O)N[C@H](CO)Cc1ccccc1,0,0.010461,0.047329,0.018616
C[C@H](O)C#Cc1cnc2c(c1)C(=O)N(C[C@H](C)[C@@H](CN(C)C(=O)CN1CCOCC1)O2)[C@@H](C)CO,0,0.006134,0.039246,0.008932
C[C@@H]1CN([C@H](C)CO)C(=O)CCCn2cc(nn2)CO[C@@H]1CN(C)S(=O)(=O)c1ccc(cc1)Oc1ccccc1,0,0.004777,0.024197,0.004537
CC(C)Oc1ccccc1OCc1cnnn1CC(=O)NS(=O)(=O)c1ccccc1OC(F)(F)F,0,0.927054,0.214032,0.102562
NCCCS(=O)(=O)O,0,0.000797,0.124121,0.024432
OCC[N+]12CN3CN(CN(C3)C2)C1,0,0.050496,0.046605,0.020748
C[C@H]1CN([C@H](C)CO)C(=O)c2cc(ccc2O[C@H]1CN(C)Cc1ccncc1)NS(=O)(=O)c1c(noc1C)C,0,0.007748,0.023777,0.003960
C[C@@H]1CCCCO[C@@H](CN(C)S(=O)(=O)c2ccc(cc2)Cl)[C@@H](C)CN([C@@H](C)CO)C(=O)c2cc(ccc2O1)NS(=O)(=O)c1ccccc1,0,0.004092,0.024833,0.002901
C[C@@H]1CN([C@H](C)CO)C(=O)c2cccc(c2O[C@H]1CN(C)Cc1ccc(cc1)C(=O)Nc1ccccc1N)NC(=O)Nc1c(noc1C)C,0,0.073371,0.022634,0.005716
C[C@@H]1CCCCO[C@@H](CN(C)S(=O)(=O)c2ccc(cc2)F)[C@@H](C)CN([C@@H](C)CO)C(=O)c2cc(ccc2O1)NC(=O)Nc1ccc2c(c1)OCO2,0,0.008246,0.023789,0.003389
NS(=O)(=O)c1cc2c(cc1Cl)NC(C1CC3C=CC1C3)NS2(=O)=O,0,0.000002,0.075777,0.022255
O=C1CCN(N1)c1ccccc1,0,0.691569,0.071367,0.027443
C[C@H]1CN([C@@H](C)CO)C(=O)Cc2cc(ccc2O[C@@H]1CN(C)Cc1ccc(cc1)C(=O)O)NC(=O)Cn1cnnn1,0,0.076100,0.044757,0.014916
Cn1cnc(c1)S(=O)(=O)N1C[C@@H](O)COC[C@@H]2O[C@@H](CC[C@H]21)CC(=O)NC1CCCC1,0,0.273628,0.056611,0.019408
CN1[C@@H]2CC[C@@H](CC(=O)N[C@@H]3CCN(C3)Cc3ccccc3)O[C@H]2COc2ccc(cc2C1=O)NC(=O)c1cnccn1,0,0.010774,0.032404,0.010123
C[C@@H]1CN([C@@H](C)CO)C(=O)c2cc(ccc2O[C@H]1CN(C)C(=O)Nc1ccc(cc1)C(F)(F)F)NC(=O)Nc1c(noc1C)C,0,0.765702,0.909523,0.934524
C[C@H]1CN([C@H](C)CO)C(=O)c2ccccc2-c2ccccc2CO[C@@H]1CN(C)C(=O)Nc1ccc(cc1)F,0,0.136534,0.035201,0.025170
CCS(=O)(=O)Nc1ccc2c(c1)C(=O)N(C)C[C@@H](OC)[C@@H](C)CN(Cc1nccs1)[C@H](C)CO2,0,0.003463,0.023080,0.003530
C[C@@H]1CN([C@H](C)CO)C(=O)c2cccc(c2O[C@H]1CN(C)S(=O)(=O)c1ccccc1)NS(=O)(=O)c1cn(cn1)C,0,0.021075,0.024139,0.004572
Cc1cc([nH]n1)N,0,0.024422,0.095697,0.032686
C[C@H]1CCCCO[C@@H](CN(C)Cc2ccncc2)[C@@H](C)CN([C@H](C)CO)C(=O)c2cc(ccc2O1)NC(=O)CCC(F)(F)F,0,0.078407,0.157605,0.053669
C[C@H]1CCCCO[C@@H](CN(C)S(=O)(=O)c2cccs2)[C@H](C)CN([C@H](C)CO)C(=O)c2cc(ccc2O1)NS(=O)(=O)C,0,0.001479,0.023589,0.003071
C[C@H]1CN([C@H](C)CO)C(=O)CCCn2cc(nn2)CO[C@H]1CN(C)S(=O)(=O)c1c(noc1C)C,0,0.012481,0.024035,0.005725
C[C@H]1CCCCO[C@@H](CN(C)C(=O)Nc2cccc3ccccc23)[C@@H](C)CN([C@H](C)CO)C(=O)c2cc(ccc2O1)NS(=O)(=O)c1cn(cn1)C,0,0.011731,0.023908,0.002472
CC(C)NC(=O)N(C)C[C@H]1Oc2cc(ccc2S(=O)(=O)N(C[C@@H]1C)[C@H](C)CO)C#Cc1ccccn1,0,0.023634,0.042999,0.006363
C[C@H]1CN([C@@H](C)CO)C(=O)c2cccc(c2O[C@@H]1CN(C)CC1CCCCC1)NS(=O)(=O)c1cn(cn1)C,0,0.099825,0.025476,0.004971
C[C@H]1CN([C@@H](C)CO)C(=O)Cc2cc(ccc2O[C@@H]1CN(C)Cc1ccc2c(c1)OCO2)NC(=O)Cn1cnnn1,0,0.009667,0.024488,0.007376
C[C@@H]1CN([C@H](C)CO)C(=O)Cc2cc(ccc2O[C@H]1CN(C)Cc1ccc(cc1)C(F)(F)F)NS(=O)(=O)c1ccc(cc1)Cl,0,0.100142,0.024761,0.005352
C[C@@H]1CCCCO[C@H](CN(C)C(=O)Nc2ccc(cc2)F)[C@H](C)CN([C@H](C)CO)C(=O)c2cc(ccc2O1)NS(=O)(=O)c1cccs1,0,0.016161,0.024338,0.002651
C[C@@H]1CN([C@H](C)CO)C(=O)c2cccc(c2O[C@@H]1CN(C)Cc1ccncc1)NC(=O)c1cc(nn1C)C,0,0.011104,0.024389,0.003280
OC[C@H]1O[C@H](C[C@@H]2[C@H]1Oc1ccc(cc12)NC(=O)Nc1ccccc1F)CC(=O)NCc1ccc(cc1)Oc1ccccc1,0,0.125152,0.027384,0.021125
O[C@H]1[C@H]2[C@H](CC(=O)O)C(=O)O[C@@H]3[C@@H](COC(=O)c4cc(c(c(c4)O)O)O)O[C@@H](OC(=O)c4cc(c(c(c4)O)O)O)[C@@H](OC(=O)c4cc(c(c(c42)OC1=O)O)O)[C@@H]3OC(=O)c1cc(c(c(c1)O)O)O,0,0.000473,0.535217,0.150091
COc1ccc(cc1)S(=O)(=O)N(C)C[C@H]1Oc2c(cccc2C(=O)N(C[C@H]1C)[C@H](C)CO)NC(=O)Nc1cccc2ccccc12,0,0.015034,0.026799,0.003910
COc1ccc(cc1)CN(C)C[C@H]1OCCCC[C@H](C)Oc2ccc(cc2C(=O)N(C[C@H]1C)[C@H](C)CO)NC(=O)Nc1ccc(cc1)OC,0,0.036179,0.030626,0.004204
C[C@@H]1CN([C@H](C)CO)C(=O)Cc2cc(ccc2O[C@@H]1CN(C)C(=O)Nc1cccc2ccccc12)NS(=O)(=O)c1ccc(cc1)C,0,0.002721,0.024537,0.003059
CC(C)NC(=O)Nc1ccc2c(c1)C(=O)N(C[C@H](C)[C@H](CN(C)Cc1ccc(c(c1)Cl)Cl)OCCCC[C@H](C)O2)[C@H](C)CO,0,0.214988,0.035240,0.005845
NCCc1c[nH]c2ccc(cc12)OCC(=O)O,0,0.734233,0.073526,0.043907
C[C@@H]1CN([C@@H](C)CO)C(=O)c2cc(ccc2O[C@H]1CN(C)Cc1ccc(cc1)-c1ccccc1)NC(=O)NC1CCCCC1,0,0.088811,0.029158,0.014538
COc1ccc(cc1)S(=O)(=O)Nc1ccc2c(c1)C(=O)N(C[C@H](C)[C@@H](CN(C)S(=O)(=O)C)OCCCC[C@@H](C)O2)[C@H](C)CO,0,0.002584,0.024706,0.004171
C[C@@H]1CN([C@H](C)CO)C(=O)c2cc(cnc2O[C@H]1CN(C)Cc1ccc(cc1)Oc1ccccc1)-c1cccnc1,0,0.005442,0.029842,0.007099
OC[C@H]1O[C@@H](C[C@@H]2[C@H]1Oc1ccc(cc12)NC(=O)Cc1ccncc1)CC(=O)NCc1ccc2c(c1)OCO2,0,0.005787,0.024554,0.006431
O=C1Nc2ccccc2Oc2cc(ccc21)Sc1ccccc1,0,0.175657,0.338143,0.239191
C[C@H]1CN([C@H](C)CO)C(=O)Cc2cc(ccc2O[C@H]1CN(C)S(=O)(=O)c1cccs1)NS(=O)(=O)c1cn(cn1)C,0,0.002842,0.024047,0.003977
C[C@@H]1CCCCO[C@@H](CN(C)S(=O)(=O)c2cccs2)[C@@H](C)CN([C@@H](C)CO)C(=O)c2cc(ccc2O1)NS(=O)(=O)c1ccc(cc1)Cl,0,0.003073,0.024943,0.003395
O=C1c2c(O)cccc2C(C2OC(CO)C(O)C(O)C2O)c2cc(CO)cc(O)c21,0,0.827196,0.535453,0.371686
COc1ccc(cc1)NC(=O)N(C)C[C@H]1OCCCC[C@H](C)Oc2ccc(cc2C(=O)N(C[C@@H]1C)[C@@H](C)CO)NS(=O)(=O)c1ccc(cc1)OC,0,0.004713,0.023818,0.003060
C[C@@H]1CCCCO[C@H](CN(C)S(=O)(=O)c2ccc(cc2)C)[C@H](C)CN([C@H](C)CO)C(=O)c2cc(ccc2O1)NS(=O)(=O)c1ccc(cc1)F,0,0.007673,0.023789,0.003086
CC(C)(C)C1=C(C[C@@H](N)C(=O)O)C(=O)NO1,0,0.290141,0.051408,0.041103
OC[C@H]1O[C@@H](CC(=O)NCCCN2CCOCC2)C=C[C@@H]1NC(=O)C1CCC1,0,0.076375,0.020660,0.009522
CC(C)NC(=O)Nc1ccc2c(c1)C(=O)N(C[C@H](C)[C@@H](CN(C)S(=O)(=O)c1ccc(cc1)Cl)O2)[C@H](C)CO,0,0.069869,0.024067,0.006787
C[C@H]1CN([C@@H](C)CO)C(=O)c2cc(ccc2O[C@@H]1CN(C)S(=O)(=O)c1cn(cn1)C)NC(=O)C1CC1,0,0.011772,0.023568,0.004592
C[C@H]1CN([C@H](C)CO)C(=O)Cc2cc(ccc2O[C@@H]1CN(C)C(=O)Nc1cccc2ccccc12)NC(=O)Nc1ccc(cc1)F,0,0.029399,0.025726,0.005828
C[C@H]1CN([C@H](C)CO)C(=O)c2cc(ccc2O[C@H]1CN(C)S(=O)(=O)c1ccc(cc1)F)NS(=O)(=O)c1ccc(cc1)F,0,0.040604,0.025214,0.006290
NCCCCCNC(=O)[C@@H]1C[C@H]2N([C@@H]1c1cccc(c1)OCCO)C(=O)[C@H](CCCCN)NC2=O,0,0.631543,0.107580,0.057379
COc1ccc(cc1)S(=O)(=O)N(C)C[C@@H]1Oc2c(cccc2C(=O)N(C[C@@H]1C)[C@@H](C)CO)NS(=O)(=O)c1cccs1,0,0.006981,0.025148,0.004677
CN(C)CCCNC(=O)C[C@@H]1CC[C@@H]2[C@@H](COc3ccc(cc3C(=O)N2C)NS(=O)(=O)C)O1,0,0.017139,0.022669,0.005408
OC[C@H]1O[C@@H](CC[C@@H]1NC(=O)C1CC1)CC(=O)NCCCN1CCOCC1,0,0.084557,0.021500,0.008449
C[C@@H]1CN([C@H](C)CO)C(=O)Cc2cc(ccc2O[C@H]1CN(C)S(=O)(=O)c1ccccc1)NS(=O)(=O)c1cn(cn1)C,0,0.005107,0.023835,0.002972
C[C@@H]1CN([C@H](C)CO)C(=O)c2cccc(c2O[C@H]1CN(C)Cc1ccncc1)NS(=O)(=O)c1ccc(cc1)F,0,0.023809,0.024157,0.005112
CC(=O)OC1CCC2(C)C3=C(CCC2C1(C)C)C1(C)CCC(C(C)CCC=C(C)C)C1(C)CC3,0,0.982084,0.311742,0.112434
CC(C)[C@H](NS(=O)(=O)c1ccc(cc1)C)C(=O)NCCn1cc(nn1)CCC(=O)NO,0,0.607755,0.072107,0.054276
CC1=NNC(=O)N1c1cccc(c1)C(=O)O,0,0.811816,0.099172,0.192802
COc1ccc2c3c([nH]c2c1)[C@H](CO)N(C[C@]13CN(Cc2nccs2)C1)S(=O)(=O)c1ccc(cc1)C,0,0.009159,0.025363,0.010090
C[C@H]1CN([C@H](C)CO)C(=O)c2c(c3ccccc3n2C)-c2ccccc2CO[C@@H]1CN(C)Cc1ccc2c(c1)OCCN2C,0,0.228927,0.032617,0.014241
COc1ccccc1CN(C)C[C@H]1OCc2ccccc2-c2c(n(c3ccccc23)C)C(=O)N(C[C@H]1C)[C@@H](C)CO,0,0.117324,0.030904,0.022971
CC(C)NC(=O)N1Cc2cc(nc(c2[C@@H]1CCO)-c1cccc(c1)-c1cc2ccccc2o1)C(=O)NCC(F)(F)F,0,0.062142,0.358288,0.167987
COCC(=O)N1C[C@@H](C)[C@H](CN(C)C(=O)c2ccc(cc2OC[C@@H]1C)NC(=O)c1ccc(cc1)F)OC,0,0.047474,0.028994,0.011373
CCCNC(=O)N[C@H]1CC[C@H](CC(=O)N2CCN(C)CC2)O[C@@H]1CO,0,0.130449,0.020575,0.008478
C[C@@]12CC[C@H]3[C@@H]([C@H](CCCCCCCCC[S@@](=O)CCCC(F)(F)C(F)(F)F)Cc4cc(ccc43)O)[C@@H]2CC[C@@H]1O,0,0.964938,0.528315,0.523222
COc1ccc(cc1)NC(=O)N(C)C[C@@H]1OCCCC[C@@H](C)Oc2ccc(cc2C(=O)N(C[C@H]1C)[C@H](C)CO)NS(=O)(=O)c1c(noc1C)C,0,0.010248,0.023653,0.002591
CN1[C@@H]2CC[C@@H](CC(=O)N3CCOCC3)O[C@H]2COc2ccc(cc2C1=O)NC(=O)c1ccc(cc1)F,0,0.004510,0.029370,0.013582
C[C@H]1CN([C@H](C)CO)C(=O)CCCn2nncc2CO[C@@H]1CN(C)S(=O)(=O)C,0,0.005132,0.024749,0.006059
C[C@H]1CN([C@H](C)CO)C(=O)c2cc(ccc2O[C@H]1CN(C)Cc1ccc(cc1)C(=O)Nc1ccccc1N)NC(=O)C1CCCCC1,0,0.013594,0.022669,0.004099
COCN(C#N)c1nc(nc(n1)N(C)C)N(C)C,0,0.168534,0.112233,0.087136
OC(=O)CNCP(=O)(O)O,0,0.788391,0.166109,0.094992
C[C@@H]1CCCCO[C@H](CN(C)CC2CC2)[C@H](C)CN([C@@H](C)CO)C(=O)c2cc(ccc2O1)NC(=O)CCC(F)(F)F,0,0.382909,0.247693,0.135148
C[C@@H]1CCCCO[C@@H](CN(C)Cc2ccncc2)[C@@H](C)CN([C@@H](C)CO)C(=O)c2cc(ccc2O1)NS(=O)(=O)c1ccc(cc1)C,0,0.005745,0.024267,0.003536
COc1cccc(c1)NC(=O)N1C[C@H](O)COC[C@@H]2O[C@@H](CC[C@H]21)CC(=O)NCCCN1CCOCC1,0,0.238975,0.371997,0.129739
c1ccc2c(c1)[nH]c1cnccc12,0,0.019825,0.060049,0.029201
OC[C@@H]1O[C@@H](CCNC(=O)CN2CCOCC2)CC[C@H]1NC(=O)c1ccccc1F,0,0.060654,0.041786,0.031774
C[C@H]1CN([C@@H](C)CO)C(=O)CCCn2nncc2CO[C@@H]1CN(C)S(=O)(=O)c1cccc(c1)C#N,0,0.001792,0.024135,0.006244
[O-][N+][Fe-2](C#N)(C#N)(C#N)(C#N)C#N,0,0.000000,0.335777,0.125097
C[C@H]1CCCCO[C@H](CN(C)S(=O)(=O)c2cccs2)[C@H](C)CN([C@H](C)CO)C(=O)c2cc(ccc2O1)NS(=O)(=O)c1ccc(cc1)Cl,0,0.003073,0.024943,0.003395
OC[C@H]1O[C@@H](Oc2cc(c3c(c2)O[C@H]([C@H](O)C3=O)c2ccc(cc2)O)O)[C@@H](O)[C@@H](O)[C@@H]1O,0,0.555089,0.314431,0.102074
CCS(=O)(=O)Nc1ccc2c(c1)C(=O)N(C)C[C@@H](OC)[C@@H](C)CN([C@@H](C)CO2)C(=O)c1ccc2c(c1)OCO2,0,0.003008,0.028882,0.005408
OC[C@@H]1[C@H]2CN3C(=O)C=CC=C3[C@@H]([C@H]1C(=O)NCCCN1CCOCC1)N2C(=O)NC1CCCC1,0,0.100377,0.034092,0.012579
COCC#Cc1ccc2c(c1)O[C@H](CN(C)C(=O)C1CCCCC1)[C@H](C)CN([C@@H](C)CO)S2(=O)=O,0,0.058122,0.024370,0.006781
C[C@H]1CN([C@H](C)CO)S(=O)(=O)c2ccc(cc2O[C@H]1CN(C)Cc1ccc2c(c1)OCO2)C#CCN(C)C,0,0.070845,0.026351,0.005293
COC(=O)CNS(=O)(=O)c1ccsc1C(=O)OC,0,0.011677,0.056721,0.017452
OC[C@H]1O[C@@H](C[C@@H]2[C@H]1Oc1ccc(cc12)NC(=O)c1ccc2c(c1)OCO2)CC(=O)NCc1ccc(cc1)Oc1ccccc1,0,0.001828,0.027410,0.007320
C[C@H]1CCCCO[C@@H](CN(C)C(=O)Nc2ccc(cc2)C(F)(F)F)[C@@H](C)CN([C@H](C)CO)C(=O)c2cc(ccc2O1)NC(=O)c1ccncc1,0,0.149843,0.021134,0.005778
C[C@@H]1CN([C@H](C)CO)C(=O)c2cc(ccc2O[C@@H]1CN(C)Cc1ccc(c(c1)Cl)Cl)NC(=O)Nc1ccccc1,0,0.206044,0.101775,0.034075
COc1ccc(cc1)CN(C)C[C@@H]1Oc2c(cccc2C(=O)N(C[C@@H]1C)[C@@H](C)CO)NC(=O)Nc1cccc2ccccc12,0,0.018860,0.029254,0.009552
C[C@@H]1CN([C@@H](C)CO)C(=O)Cc2cc(ccc2O[C@@H]1CN(C)Cc1ccccc1)NC(=O)Cn1cnnn1,0,0.021788,0.026196,0.010506
CCN1C(=S)C=Cc2ccccc21,0,0.271048,0.189330,0.113880
C[C@H]1CN([C@@H](C)CO)C(=O)c2cc(ccc2O[C@H]1CN(C)S(=O)(=O)c1cn(cn1)C)NS(=O)(=O)C,0,0.016223,0.023740,0.005317
CO[C@H]1CN(C)C(=O)c2cc(ccc2OC[C@H](C)N(C[C@H]1C)Cc1cccc(c1)F)NS(=O)(=O)c1cn(cn1)C,0,0.060202,0.024773,0.005351
C[C@@H]1CN([C@@H](C)CO)C(=O)c2cc(cnc2O[C@H]1CN(C)CC1CCOCC1)C#Cc1ccc(cc1)F,0,0.187468,0.028919,0.010349
C[C@@H]1CN([C@@H](C)CO)C(=O)c2cc(ccc2O[C@H]1CN(C)Cc1ccccc1)NC(=O)CCN1CCOCC1,0,0.004536,0.024868,0.006026
CCNC(=O)C[C@H]1CC[C@H](NC(=O)C2CCOCC2)[C@@H](CO)O1,0,0.027928,0.020279,0.004431
Cc1ccc(cc1)S(=O)(=O)N[C@@H](Cc1ccccc1)C(=O)NCCCn1cc(nn1)C(=O)NO,0,0.752716,0.103896,0.063640
COc1ccc(cc1)NC(=O)Nc1ccc2c(c1)[C@H]1C[C@@H](CC(=O)NCc3ccccn3)O[C@@H](CO)[C@H]1O2,0,0.015600,0.023328,0.006786
C[C@H]1CN([C@@H](C)CO)C(=O)c2cc(ccc2O[C@@H]1CN(C)CC1CC1)NS(=O)(=O)c1ccc(cc1)C,0,0.030776,0.028537,0.005374
CC(C)NC(=O)N(C)C[C@H]1Oc2c(cccc2C(=O)N(C[C@@H]1C)[C@H](C)CO)NC(=O)Nc1c(noc1C)C,0,0.134669,0.027285,0.013453
C[C@H]1CCCCO[C@H](CN(C)C(=O)Nc2ccc(cc2)C(F)(F)F)[C@@H](C)CN([C@H](C)CO)C(=O)c2cc(ccc2O1)NC(=O)c1ccncc1,0,0.149843,0.021134,0.005778
COc1ccc(cc1)C#Cc1cnc2c(c1)C(=O)N(C[C@H](C)[C@H](CN(C)C(=O)CC1CC1)O2)[C@H](C)CO,0,0.019811,0.024210,0.004528
CN1CCN(CC1)C(=O)C[C@H]1CC[C@@H]2[C@H](COC[C@H](O)CN2C(=O)C2CCCC2)O1,0,0.587143,0.066128,0.026544
C[C@@H]1CN([C@@H](C)CO)C(=O)CCCn2nncc2CO[C@@H]1CN(C)S(=O)(=O)c1ccc(cc1)Cl,0,0.046438,0.026937,0.008202
C[C@@H]1CCCCO[C@@H](CN(C)Cc2ccc(cc2)C(F)(F)F)[C@H](C)CN([C@@H](C)CO)C(=O)c2cc(ccc2O1)NS(=O)(=O)c1ccc(cc1)Cl,0,0.150995,0.023400,0.003871
C[C@@H]1CN([C@H](C)CO)C(=O)c2cc(ccc2O[C@@H]1CN(C)S(=O)(=O)c1ccc(cc1)C)NC(=O)Nc1ccc(cc1)C(F)(F)F,0,0.383299,0.030081,0.011007
CC(C)NC(=O)Nc1cccc2c1O[C@H](CN(C)C(=O)Nc1ccc3c(c1)OCO3)[C@@H](C)CN([C@@H](C)CO)C2=O,0,0.018172,0.023683,0.006364
C[C@H]1CN([C@@H](C)CO)C(=O)c2cc(ccc2O[C@H]1CN(C)C(=O)Nc1ccc2c(c1)OCO2)NC(=O)c1ccncc1,0,0.003208,0.022571,0.003441
C[C@]12CC[C@H]3[C@@]4(C)CC[C@H](O)C[C@@]54C=C[C@@]3([C@@H]1CC[C@@]2(O)CN1CCC(CC1)N1C(=O)Nc2ccccc21)C(=C5)C(=O)C1CCCCC1,0,0.978265,0.161319,0.065613
CCCN(C)C[C@H]1OCCCC[C@@H](C)Oc2ccc(cc2C(=O)N(C[C@H]1C)[C@H](C)CO)NC(=O)Nc1ccc(cc1)C(F)(F)F,0,0.703433,0.902569,0.945119
NCc1cc(on1)-c1ccccc1Cl,0,0.693005,0.299781,0.044178
C[C@@H]1CCCCO[C@@H](CN(C)Cc2ccc(cc2)C(=O)Nc2ccccc2N)[C@@H](C)CN([C@H](C)CO)C(=O)c2cc(ccc2O1)NC(=O)Nc1c(noc1C)C,0,0.024486,0.027514,0.003838
CCS(=O)(=O)N1C[C@]2(C1)CN([C@H](CO)c1c2c2ccc(cc2n1C)OC)C(=O)Nc1cccc(c1)F,0,0.117540,0.027853,0.011212
OC[C@@H](Cc1ccccc1)NC(=O)C[C@@H]1CC=CCCC(=O)OC[C@@H](Cc2c[nH]c3ccccc23)NC1=O,0,0.025126,0.026246,0.012388
COC(CNC(=O)C1CCN(CC1)S(=O)(=O)c1cccc2nsnc12)OC,0,0.090575,0.026702,0.015017
C[C@@H]1CCCCO[C@H](CN(C)CC2CCCCC2)[C@H](C)CN([C@@H](C)CO)C(=O)c2cc(ccc2O1)NC(=O)CCCCCC(=O)Nc1ccccc1N,0,0.023578,0.024876,0.003694
C[C@@H]1CCCCO[C@H](CN(C)Cc2ccncc2)[C@@H](C)CN([C@@H](C)CO)C(=O)c2cc(ccc2O1)NC(=O)Nc1ccc(cc1)F,0,0.074307,0.029766,0.005449
C[C@@H]1CN([C@H](C)CO)C(=O)CCCn2nncc2CO[C@@H]1CN(C)C(=O)Nc1ccc(cc1)C(C)(C)C,0,0.203502,0.029228,0.012840
CC1OC(OC2CCC3(C=O)C4CCC5(C)C(C6=CC(=O)OC6)CCC5(O)C4CCC3(O)C2)C(O)C(O)C1O,0,0.861958,0.480809,0.206425
OC(=O)c1nc(no1)-c1cnccn1,0,0.839527,0.114608,0.099678
CC(C)C[C@H]1CC(=O)N=C(N)N1,0,0.000834,0.021542,0.004330
CC(C)NC(=O)N(C)C[C@H]1Oc2ccc(cc2CC(=O)N(C[C@H]1C)[C@H](C)CO)NS(=O)(=O)c1cn(cn1)C,0,0.020470,0.024248,0.004439
NCCn1cccc1,0,0.021453,0.061133,0.040859
C[C@@H]1CCCCO[C@H](CN(C)C(=O)NC2CCCCC2)[C@H](C)CN([C@H](C)CO)C(=O)c2cc(ccc2O1)NC(=O)C1CCCCC1,0,0.017203,0.027194,0.004194
ONC(=O)CCCCC(=O)N/N=C/[C@H](O)[C@@H](O)[C@@H](O)[C@H](O)C(=O)O,0,0.002256,0.023373,0.008772
C[C@@H]1CCCCO[C@H](CN(C)C(=O)Nc2ccccc2)[C@H](C)CN([C@@H](C)CO)C(=O)c2cc(ccc2O1)NC(=O)c1ccncc1,0,0.003014,0.022234,0.002221
COc1ccc(cc1)NC(=O)Nc1ccc2c(c1)C(=O)N(C[C@H](C)[C@H](CN(C)C(=O)c1ccccc1)OCCCC[C@H](C)O2)[C@H](C)CO,0,0.003357,0.021820,0.002079
C[C@@H]1CCCCO[C@H](CN(C)S(=O)(=O)c2ccc(cc2)F)[C@@H](C)CN([C@H](C)CO)C(=O)c2cc(ccc2O1)NC(=O)Nc1ccc(cc1)F,0,0.068238,0.023882,0.004255
CN1C2C(N(C)C1=O)N(C)C(=O)N2C,0,0.658309,0.045885,0.037378
CNC(=O)C[C@@H]1CC[C@@H]2[C@H](COC[C@@H](O)CN2C(=O)Nc2ccc3c(c2)OCO3)O1,0,0.191817,0.041177,0.034999
C[C@@H]1CN([C@H](C)CO)C(=O)Cc2cc(ccc2O[C@H]1CN(C)S(=O)(=O)c1cccs1)NS(=O)(=O)c1ccccc1,0,0.000476,0.023713,0.003855
C[C@H]1CCCCO[C@H](CN(C)Cc2ccc(cc2)C(F)(F)F)[C@@H](C)CN([C@@H](C)CO)C(=O)c2cc(ccc2O1)NC(=O)Nc1ccc(cc1)C(F)(F)F,0,0.801890,0.019860,0.012499
CC(=O)CC1CCCCN1.Cl,0,0.134460,0.052637,0.018769
COc1ccccc1S(=O)(=O)N(C)C[C@@H]1OCc2cnnn2CCCC(=O)N(C[C@@H]1C)[C@H](C)CO,0,0.022481,0.023817,0.005340
CC(C)(C)OC(=O)NC(=NCCn1cc(nn1)-c1cccc(c1)/C=C/C(=O)NO)NC(=O)OC(C)(C)C,0,0.000000,0.421635,0.277443
NN1C(=O)C=NN=C1c1ccncc1,0,0.383370,0.095479,0.053373
C[C@@H]1CN([C@H](C)CO)C(=O)Cc2cc(ccc2O[C@@H]1CN(C)S(=O)(=O)C)NC(=O)c1ccncc1,0,0.001133,0.023365,0.004754
OCCN(Cc1ccccc1)C(=O)C[C@H]1CC=CC[C@@H](NC(=O)OCC2c3ccccc3-c3ccccc32)C(=O)OC[C@@H](NC1=O)c1ccccc1,0,0.000624,0.048162,0.023566
C[C@H]1CN([C@H](C)CO)C(=O)CCCn2nncc2CO[C@H]1CN(C)C(=O)Nc1ccnc(c1)N1CCOCC1,0,0.014724,0.023779,0.006116
C[C@H]1CCCCO[C@@H](CN(C)C(=O)Nc2ccc(cc2)C(F)(F)F)[C@@H](C)CN([C@@H](C)CO)C(=O)c2cc(ccc2O1)NC(=O)c1ccncc1,0,0.149843,0.021134,0.005778
CC(C)(C)[S@](=O)N1Cc2cc(nc(c2[C@@H]1CCO)-c1cccc(c1)-c1cccc(c1)C#N)C(=O)N1CCCCC1,0,0.027695,0.235849,0.153234
ONC(=O)CCCCCNC(=O)OCc1ccc(cc1)CO[C@@H]1C[C@@H](C=C(O1)C(=O)N1CCCCCCC1)c1ccc(cc1)Br,0,0.000450,0.219213,0.067423
N[C@H]1Cc2ccccc2[C@@H]1O,0,0.183183,0.134304,0.045562
CO[C@@H]1CN(C)C(=O)c2cc(ccc2OC[C@@H](C)N(C[C@H]1C)S(=O)(=O)c1cn(cn1)C)NC(=O)C,0,0.014945,0.023430,0.005529
COc1ccc(cc1)CN(C)C[C@H]1Oc2ccc(cc2C(=O)N(C[C@H]1C)[C@@H](C)CO)NS(=O)(=O)C,0,0.015233,0.025084,0.008273
C[C@H]1CCCCO[C@@H](CN(C)C(=O)Nc2ccccc2)[C@H](C)CN([C@H](C)CO)C(=O)c2cc(ccc2O1)NC(=O)c1ccccc1,0,0.001649,0.021795,0.002305
C[C@@H]1CN([C@H](C)CO)C(=O)Cc2cc(ccc2O[C@@H]1CN(C)S(=O)(=O)c1cn(cn1)C)NC(=O)Cn1cnnn1,0,0.008085,0.023440,0.004619
C[C@H]1CN([C@H](C)CO)C(=O)c2cccc(c2O[C@@H]1CN(C)Cc1ccc(cc1)-c1ccccc1)NS(=O)(=O)c1ccc(cc1)F,0,0.066678,0.026380,0.006834
C[C@@H]1CN([C@H](C)CO)C(=O)c2cc(ccc2O[C@H]1CN(C)C(=O)Nc1ccc2c(c1)OCO2)NC(=O)Nc1cccc2ccccc12,0,0.004484,0.021896,0.003205
COc1cccc(c1)C1(N)CCCC1,0,0.652880,0.307963,0.152312
C[C@@H]1CCCCO[C@@H](CN(C)C(=O)C2CCCCC2)[C@H](C)CN([C@@H](C)CO)C(=O)c2cc(ccc2O1)NC(=O)CCC(F)(F)F,0,0.112446,0.161269,0.048514
CC(C)N1/C(=N/c2ccccc2)SC=C1c1ccccc1,0,0.421507,0.232617,0.297161
OC(=O)CCSC1=NNC(=O)NC1=O,0,0.721296,0.110653,0.209261
C[C@H]1CN([C@@H](C)CO)C(=O)c2cc(ccc2O[C@@H]1CN(C)C(=O)Nc1ccc2c(c1)OCO2)NC(=O)C1CC1,0,0.004840,0.022507,0.003864
CC(C)NC(=O)Nc1ccc2c(c1)C(=O)N(C[C@@H](C)[C@H](CN(C)C(=O)Nc1ccc(cc1)F)OCCCC[C@@H](C)O2)[C@@H](C)CO,0,0.095668,0.028572,0.007497
COc1ccc(cc1)CN(C)C[C@@H]1OCCCC[C@H](C)Oc2ccc(cc2C(=O)N(C[C@H]1C)[C@H](C)CO)NC(=O)Nc1cccc2ccccc12,0,0.025054,0.027908,0.003931
C[C@@H]1CN([C@H](C)CO)C(=O)Cc2cc(ccc2O[C@H]1CN(C)Cc1ccc(c(c1)Cl)Cl)NC(=O)Cc1ccccc1,0,0.073208,0.085425,0.013717
COc1cccc(c1)S(=O)(=O)N1C[C@H](O)COC[C@H]2O[C@@H](CC[C@@H]21)CC(=O)N1CCN(C)CC1,0,0.190018,0.043878,0.011926
COCC#Cc1ccc2c(c1)O[C@H](CN(C)S(=O)(=O)c1cccc(c1)F)[C@H](C)CN([C@@H](C)CO)S2(=O)=O,0,0.076476,0.026234,0.005898
C[C@H]1CN([C@@H](C)CO)C(=O)Cc2cc(ccc2O[C@H]1CN(C)S(=O)(=O)c1c(noc1C)C)NC(=O)Cn1cnnn1,0,0.008012,0.024202,0.005009
COc1ccc(cc1)S(=O)(=O)N(C)C[C@@H]1Oc2ccc(cc2CC(=O)N(C[C@@H]1C)[C@@H](C)CO)NC(=O)CCN1CCOCC1,0,0.001081,0.024502,0.003575
CCCCCC/C=C\CCCCCCCC(=O)O,0,0.053116,0.081986,0.043635
CC(=O)Nc1c(I)c(NC(C)=O)c(I)c(C(=O)O)c1I,0,0.512610,0.399169,0.278666
OC[C@@H]1O[C@H](CC(=O)NCc2cccc(c2)F)C=C[C@H]1NC(=O)CN1CCOCC1,0,0.065617,0.034629,0.030109
C/C=C/c1ccc2c(c1)O[C@H](CN(C)Cc1ccc(cc1)C(=O)O)[C@H](C)CN([C@H](C)CO)S2(=O)=O,0,0.065632,0.032762,0.008546
OC[C@H]1O[C@@H](CCNS(=O)(=O)c2ccccc2)CC[C@@H]1NC(=O)c1cnccn1,0,0.039401,0.023182,0.008290
C[C@@H]1CN([C@H](C)CO)C(=O)c2cc(ccc2O[C@@H]1CN(C)C(=O)Nc1ccc2c(c1)OCO2)NC(=O)CCCN(C)C,0,0.012912,0.021412,0.003639
C[C@@H]1CN([C@H](C)CO)C(=O)c2cccc(c2O[C@H]1CN(C)S(=O)(=O)C)NC(=O)c1nc2ccccc2s1,0,0.005216,0.026339,0.004792
C[C@H]1CN([C@H](C)CO)C(=O)Cc2cc(ccc2O[C@@H]1CN(C)Cc1ccc(c(c1)Cl)Cl)NC(=O)CCC(F)(F)F,0,0.410825,0.124925,0.037010
CCC1CCC(N)CC1,0,0.056009,0.067385,0.031085
C[C@@H]1CCCCO[C@H](CN(C)C(=O)CCCN(C)C)[C@@H](C)CN([C@@H](C)CO)C(=O)c2cc(ccc2O1)NC(=O)Nc1ccc(cc1)F,0,0.086251,0.030243,0.005684
C[C@@H]1CN([C@@H](C)CO)C(=O)Cc2cc(ccc2O[C@@H]1CN(C)S(=O)(=O)c1ccccc1)NS(=O)(=O)c1cn(cn1)C,0,0.005107,0.023835,0.002972
C[C@@H]1S[C@H](C)C(=O)NC1=O,0,0.066582,0.100912,0.049238
C[C@H]1CN([C@H](C)CO)C(=O)c2cccc(c2O[C@@H]1CN(C)Cc1ccc(cc1)C(F)(F)F)NC(=O)C1CCCCC1,0,0.344521,0.111676,0.122771
C[C@@H]1CN([C@H](C)CO)C(=O)c2cccc(c2O[C@@H]1CN(C)S(=O)(=O)c1cn(cn1)C)NC(=O)C1CC1,0,0.021143,0.023991,0.004965
Cc1nnc(s1)SCC1=C(N2[C@H](SC1)[C@H](N)C2=O)C(=O)O,0,0.999907,0.910315,0.846621
CC[C@@H](C)CCCCC(=O)N[C@@H](CCN)C(=O)N[C@@H]([C@@H](C)O)C(=O)N[C@@H](CCN)C(=O)N[C@H]1CCNC(=O)[C@@H](NC(=O)[C@H](CCN)NC(=O)[C@H](CCN)NC(=O)[C@H](CC(C)C)NC(=O)[C@@H](Cc2ccccc2)NC(=O)[C@@H](CCN)NC1=O)[C@@H](C)O,0,0.998802,0.698832,0.496537
Cc1cccc(c1)-n1cc(cn1)CN,0,0.264036,0.120834,0.046565
O=C(O)CCC(=O)O.O=C(OC1CN2CCC1CC2)N1CCc2ccccc2C1c1ccccc1,0,0.716636,0.561081,0.583239
C[C@H]1CCCCO[C@H](CN(C)Cc2ccc(cc2)C(F)(F)F)[C@H](C)CN([C@H](C)CO)C(=O)c2cc(ccc2O1)NS(=O)(=O)c1ccc(cc1)C,0,0.081092,0.023501,0.004152
COc1ccc(cc1)NC(=O)N(C)C[C@H]1OCCCC[C@@H](C)Oc2ccc(cc2C(=O)N(C[C@H]1C)[C@@H](C)CO)NC(=O)Nc1ccc2c(c1)OCO2,0,0.006262,0.021993,0.002172
CC(=O)O[C@H]1C[C@@]2(C)[C@H]3CC=C4[C@@H](C[C@@H](O[C@H]5O[C@@H](CO)[C@@H](O)[C@@H](O)[C@@H]5O)[C@@H](O)C4(C)C)[C@@]3(C)CC[C@@]2(C)[C@@H]1C(C)(O)C(=O)CCC(C)(C)O,0,0.781784,0.503991,0.360269
C[C@H]1CCCCO[C@H](CN(C)S(=O)(=O)c2cn(cn2)C)[C@@H](C)CN([C@@H](C)CO)C(=O)c2cc(ccc2O1)N(C)C,0,0.023175,0.023674,0.004814
C[C@H]1CN([C@H](C)CO)C(=O)Cc2cc(ccc2O[C@H]1CN(C)Cc1ccc2c(c1)OCO2)NC(=O)Nc1ccc(cc1)C(F)(F)F,0,0.161285,0.081665,0.032079
C[C@H]1CN([C@H](C)CO)C(=O)c2cc(ccc2O[C@H]1CN(C)C(=O)Nc1ccc(cc1)C(F)(F)F)NS(=O)(=O)C,0,0.354086,0.168846,0.093335
COc1cccc(c1)S(=O)(=O)Nc1ccc2c(c1)[C@@H]1C[C@H](CC(=O)NC3CCCCC3)O[C@H](CO)[C@@H]1O2,0,0.008250,0.033889,0.007536
C[C@@H]1CCCCO[C@@H](CN(C)C(=O)Nc2ccc3c(c2)OCO3)[C@H](C)CN([C@H](C)CO)C(=O)c2cc(ccc2O1)NS(=O)(=O)c1ccccc1,0,0.001128,0.023732,0.002457
CCO[C@H]1OC(=C[C@H]([C@@H]1CCCO)c1ccc2c(c1)OCO2)C(=O)N1CCN(CC1)Cc1ccc2c(c1)OCO2,0,0.010950,0.037065,0.008798
Cc1ccccc1OCC(O)CO,0,0.100912,0.066692,0.042905
CN(C)CC#Cc1ccc(cc1)[C@H]1[C@H](CO)N2[C@H]1CN(CC2=O)C(=O)c1cccnc1,0,0.171497,0.044370,0.017491
C[C@@H]1CN([C@@H](C)CO)C(=O)c2cccc(c2O[C@H]1CN(C)Cc1ccc(cc1)C(=O)Nc1ccccc1N)NC(=O)Nc1ccc2c(c1)OCO2,0,0.009374,0.022322,0.003031
CN1CCN(CC1)C(=O)C[C@@H]1CC[C@@H]2[C@H](COC[C@@H](O)CN2S(=O)(=O)c2cccc(c2)F)O1,0,0.490162,0.040528,0.014687
COc1ccc(cc1)NC(=O)N(C)C[C@H]1Oc2ncc(cc2C(=O)N(C[C@H]1C)[C@H](C)CO)C#CC(C)C,0,0.051593,0.022804,0.004071
O=C(NCCN1CCOCC1)C(=O)NC[C@H]1COc2ccccc2O1,0,0.054632,0.237441,0.103469
COc1ccc2c3c(n(c2c1)C)[C@H](CO)N(CC1CCCCC1)C[C@]13CCN(CC1)Cc1nccs1,0,0.595620,0.099015,0.084969
Cc1ccc(cc1C(F)(F)F)NC(=O)[C@H]1CCCN([C@H]1c1ccc(cc1)NC1CCCC1)C(=O)c1c(cccc1F)C,0,0.967059,0.445447,0.560113
COc1ccc(cc1)NC(=O)Nc1ccc2c(c1)C(=O)N(C[C@H](C)[C@H](CN(C)S(=O)(=O)c1cn(cn1)C)O2)[C@H](C)CO,0,0.025296,0.023816,0.003354
C[C@@H]1CCCCO[C@H](CN(C)Cc2ccccc2)[C@H](C)CN([C@@H](C)CO)C(=O)c2cc(ccc2O1)NC(=O)c1ccccc1,0,0.004061,0.022830,0.005401
COc1ccc(cc1)OC(=O)N(C)C[C@H]1OCc2ccccc2-c2c(n(c3ccccc23)C)C(=O)N(C[C@H]1C)[C@@H](C)CO,0,0.084057,0.034463,0.013366
COc1ccc(cc1)CN(C)C[C@@H]1OCCCC[C@@H](C)Oc2ccc(cc2C(=O)N(C[C@H]1C)[C@@H](C)CO)NC(=O)NC1CCCCC1,0,0.055551,0.026348,0.005392
C[C@H]1CN([C@H](C)CO)S(=O)(=O)c2ccc(cc2O[C@@H]1CN(C)Cc1ccc(cc1)F)C#CCN(C)C,0,0.208186,0.055014,0.011814
OCCN1CCN(CC1)c1ncnc2n(cnc12)[C@H]1CN(C[C@@H](CO)O1)Cc1cccc(c1)C(F)(F)F,0,0.979248,0.637548,0.497633
C[C@H]1CN([C@@H](C)CO)C(=O)c2cc(cnc2O[C@@H]1CN(C)S(=O)(=O)c1ccccc1F)C#Cc1cccnc1,0,0.018602,0.024456,0.003975
C[C@@H]1CN([C@@H](C)CO)S(=O)(=O)c2ccc(cc2O[C@@H]1CN(C)S(=O)(=O)c1cn(cn1)C)C#Cc1cccc(c1)F,0,0.087201,0.027080,0.004360
CC(=O)N[C@H]1[C@@H](OCc2ccccc2)O[C@@H]([C@@H](OC(=O)C)[C@@H]1OC(=O)C)C(=O)O,0,0.011099,0.374600,0.358923
COc1ccc(cc1)S(=O)(=O)N(C)C[C@@H]1Oc2c(cccc2C(=O)N(C[C@@H]1C)[C@H](C)CO)NS(=O)(=O)C,0,0.012859,0.023614,0.005924
C[C@@H]1CN([C@H](C)CO)C(=O)Cc2cc(ccc2O[C@@H]1CN(C)CC1CCCCC1)NC(=O)Cn1cnnn1,0,0.069696,0.040184,0.011093
C[C@H]1CN([C@@H](C)CO)C(=O)c2cc(ccc2O[C@H]1CN(C)S(=O)(=O)c1ccc(cc1)F)NS(=O)(=O)c1c(noc1C)C,0,0.019554,0.026593,0.005632
CCCN1C[C@@H](C)[C@H](CN(C)C(=O)c2ccc(cc2OC[C@H]1C)NS(=O)(=O)c1cn(cn1)C)OC,0,0.033095,0.023508,0.004260
COc1ccc(cc1)S(=O)(=O)N(C)C[C@H]1Oc2ccc(cc2C(=O)N(C[C@H]1C)[C@H](C)CO)NS(=O)(=O)c1c(noc1C)C,0,0.009383,0.026535,0.004721
C[C@H]1CN([C@H](C)CO)C(=O)Cc2cc(ccc2O[C@@H]1CN(C)Cc1ccc(cc1)C(F)(F)F)NC(=O)Nc1ccc(cc1)C(F)(F)F,0,0.683490,0.031248,0.012440
COCCN1CCC(CC1)N(Cc1ccc(cc1)-c1ccc(cc1)C(F)(F)F)C(=O)CN1C(=CC(=O)c2ccccc21)SCc1cccc(c1F)F,0,0.838536,0.533810,0.197399
C[C@H]1CCCCO[C@@H](CN(C)S(=O)(=O)c2ccc(cc2)Cl)[C@H](C)CN([C@H](C)CO)C(=O)c2cc(ccc2O1)NC(=O)c1ccccc1,0,0.003698,0.026182,0.002566
C[C@@H]1CN([C@H](C)CO)C(=O)c2cc(ccc2O[C@H]1CN(C)Cc1ccc(c(c1)Cl)Cl)NS(=O)(=O)c1ccc(cc1)Cl,0,0.120035,0.027116,0.010176
C[C@H]1CN([C@H](C)CO)C(=O)c2cccc(c2O[C@@H]1CN(C)S(=O)(=O)c1cn(cn1)C)NC(=O)c1nc2ccccc2s1,0,0.007103,0.024368,0.004396
C[C@@H]1CN([C@H](C)CO)C(=O)c2cc(ccc2O[C@H]1CN(C)S(=O)(=O)c1ccccc1)NC(=O)Cn1cnnn1,0,0.012363,0.026310,0.004412
Nc1ccc(cc1)OCC(=O)N1CCOCC1,0,0.024774,0.024937,0.009415
OCCCOc1ccc(cc1)C1=N[C@](Cc2ccccc2N=[N+]=[N-])([C@H](O1)c1ccccc1)C(=O)NCc1ccccc1,0,0.069831,0.155079,0.073506
O[C@@H]1COC[C@H]2O[C@H](CC[C@@H]2N(C1)C(=O)Nc1ccc(c(c1)Cl)Cl)CC(=O)NCc1ccc(c(c1)Cl)Cl,0,0.987940,0.919555,0.914618
C[C@H]1O[C@@H]2[C@H](O[C@@H]1C)N(CCN2S(=O)(=O)C)S(=O)(=O)C,0,0.002893,0.062772,0.010411
C(=N/c1cc(nn1-c1ccccc1)-c1ccccc1)\c1ccccc1,0,0.080524,0.249887,0.123598
C[C@H]1CCCCO[C@@H](CN(C)S(=O)(=O)c2ccc(cc2)F)[C@@H](C)CN([C@H](C)CO)C(=O)c2cc(ccc2O1)NS(=O)(=O)C,0,0.014479,0.024169,0.003970
C[C@@H]1CN([C@H](C)CO)C(=O)Cc2cc(ccc2O[C@@H]1CN(C)Cc1ccc(c(c1)Cl)Cl)NS(=O)(=O)c1ccc(cc1)Cl,0,0.066837,0.025795,0.006510
CC(C)NC(=O)N(C)C[C@@H]1Oc2cc(ccc2S(=O)(=O)N(C[C@@H]1C)[C@@H](C)CO)C#Cc1ccc(cc1)F,0,0.111566,0.081958,0.011943
COCC(=O)Nc1ccc2c(c1)C(=O)N(C)C[C@@H](OC)[C@@H](C)CN([C@H](C)CO2)C(=O)Cc1cccnc1,0,0.006176,0.021899,0.004370
OCc1ncc[nH]1,0,0.102459,0.073266,0.019375
C[C@@H]1CN([C@@H](C)CO)C(=O)c2cccc(c2O[C@@H]1CN(C)Cc1ccc(cc1)Oc1ccccc1)NC(=O)c1cc(nn1C)C,0,0.007107,0.026733,0.006083
C[C@H]1CN([C@H](C)CO)C(=O)CCCn2cc(nn2)CO[C@H]1CN(C)S(=O)(=O)c1ccc(cc1)-c1ccccc1,0,0.015289,0.024795,0.005474
CO[C@H]1CN(C)C(=O)c2ccc(cc2OC[C@@H](C)N(C[C@@H]1C)C(=O)Nc1c(noc1C)C)NC(=O)Nc1cccc(c1)Cl,0,0.153203,0.035825,0.011759
COc1cc(cc(c1O[C@H]1C=C(C[C@@H](NC2CCCCCC2)[C@@H]1O)C(=O)NCCO)I)CO,0,0.111194,0.758743,0.319317
C[C@H]1CCCCO[C@@H](CN(C)CC2CCCCC2)[C@@H](C)CN([C@H](C)CO)C(=O)c2cc(ccc2O1)NC(=O)c1ccccc1,0,0.018009,0.024821,0.007173
CN1C[C@@H](N)CC1=O,0,0.018884,0.020160,0.007670
CO[C@@H]1CN(C)C(=O)c2ccc(cc2OC[C@H](C)N(C[C@@H]1C)C(=O)Nc1c(noc1C)C)NC(=O)Nc1cccc(c1)F,0,0.247649,0.034384,0.017150
CN1N=C(C)N=C2C(=O)N(C)C(=O)N=C12,0,0.591259,0.208127,0.093278
OC[C@H]1O[C@H](C[C@@H]2[C@H]1Oc1ccc(cc12)NC(=O)Cc1ccncc1)CC(=O)NCCc1ccccc1,0,0.019587,0.026929,0.012080
C[C@H]1CCCCO[C@@H](CN(C)C(=O)c2ccncc2)[C@@H](C)CN([C@H](C)CO)C(=O)c2cc(ccc2O1)NS(=O)(=O)C,0,0.001739,0.023550,0.002864
CC(C)N1CC2(CN(Cc3ccc(cc3)-c3ccccc3)C2)Oc2c(cccc2C1=O)NC(=O)c1ccncc1,0,0.012267,0.168351,0.138510
C[C@@H]1CN([C@@H](C)CO)C(=O)c2cccc(c2O[C@@H]1CN(C)Cc1ccc(cc1)C(=O)Nc1ccccc1N)NS(=O)(=O)c1ccc(cc1)Cl,0,0.015750,0.023624,0.003891
CC1=CC=CC(=O)N1CCCCN,0,0.070597,0.036004,0.019761
C[C@H]1CN([C@@H](C)CO)C(=O)Cc2cc(ccc2O[C@H]1CN(C)C(=O)Nc1ccccc1)NS(=O)(=O)c1cn(cn1)C,0,0.011057,0.023808,0.002868
C[C@@H]1CCCCO[C@@H](CN(C)C(=O)Nc2ccc(cc2)C(F)(F)F)[C@H](C)CN([C@H](C)CO)C(=O)c2cc(ccc2O1)NS(=O)(=O)c1cccs1,0,0.083276,0.037617,0.009996
CC(C)NC(=O)Nc1ccc2c(c1)C(=O)N(C[C@H](C)[C@H](CN(C)C(=O)NC1CCCCC1)O2)[C@@H](C)CO,0,0.012627,0.026347,0.007055
CCCNC(=O)[C@]1(C)[C@@H](N(Cc2ccc(cc2)OC(F)(F)F)C(=O)c2ccccc21)c1ccc(cc1)CO,0,0.874285,0.336428,0.396357
COc1ccc(cc1)NC(=O)N(C)C[C@H]1OCCCC[C@H](C)Oc2ccc(cc2C(=O)N(C[C@@H]1C)[C@@H](C)CO)NC(=O)C1CCCCC1,0,0.009643,0.024163,0.002585
Cc1ccc(cc1)C(=O)N1CCN(CC1)c1ccc(cc1)NC(=O)COc1c(cc(cc1Br)C)C,0,0.766667,0.271772,0.173500
CO[C@H](CN(C)C(=O)c1ccc2c(c1)OCO2)[C@@H](C)CN([C@H](C)CO)S(=O)(=O)c1ccc(cc1)F,0,0.090581,0.031227,0.012073
COc1ccc(cc1)S(=O)(=O)N(C)C[C@H]1Oc2c(cccc2C(=O)N(C[C@@H]1C)[C@H](C)CO)NS(=O)(=O)c1cccs1,0,0.006981,0.025148,0.004677
C[C@H]1CN([C@H](C)CO)C(=O)c2cc(cnc2O[C@@H]1CN(C)S(=O)(=O)C)C#CC1(O)CCCC1,0,0.008375,0.023004,0.006259
C[C@@H]1CCCCO[C@H](CN(C)C(=O)Nc2ccc(cc2)C(F)(F)F)[C@@H](C)CN([C@H](C)CO)C(=O)c2cc(ccc2O1)NC(=O)CCC(F)(F)F,0,0.569278,0.097808,0.054633
Cl.OC(CNCC(O)C1CCc2cc(F)ccc2O1)C1CCc2cc(F)ccc2O1,0,0.291777,0.072878,0.089972
C[C@@H]1CN([C@@H](C)CO)C(=O)Cc2cc(ccc2O[C@@H]1CN(C)S(=O)(=O)c1ccc(cc1)C)NS(=O)(=O)c1c(noc1C)C,0,0.004586,0.024136,0.004223
CO[C@@H]1CN(C)C(=O)c2ccc(cc2OC[C@@H](C)N(C[C@H]1C)C(=O)C1CCOCC1)NS(=O)(=O)C,0,0.004106,0.048672,0.004302
COc1ccc(cc1)S(=O)(=O)Nc1ccc2c(c1)C(=O)N(C[C@H](C)[C@@H](CN(C)C(=O)c1ccccc1)OCCCC[C@H](C)O2)[C@H](C)CO,0,0.000994,0.023818,0.002444
C[C@@H]1CN([C@@H](C)CO)C(=O)Cc2cc(ccc2O[C@@H]1CN(C)S(=O)(=O)c1ccc(cc1)Cl)NC(=O)c1ccncc1,0,0.005517,0.023534,0.003306
C[C@@H]1CN([C@H](C)CO)C(=O)c2cccc(c2O[C@@H]1CN(C)C(=O)Nc1cccc2ccccc12)NC(=O)Nc1cccc2ccccc12,0,0.014481,0.024594,0.007468
C/C=C/c1ccc2c(c1)O[C@H](CN(C)Cc1ccc(cc1)C(=O)O)[C@@H](C)CN([C@@H](C)CO)S2(=O)=O,0,0.065632,0.032762,0.008546
C[C@@H]1CCCCO[C@@H](CN(C)C(=O)Nc2ccc3c(c2)OCO3)[C@@H](C)CN([C@H](C)CO)C(=O)c2cc(ccc2O1)NC(=O)Nc1ccc2c(c1)OCO2,0,0.001691,0.024302,0.002678
C[C@@H]1CCCCO[C@@H](CN(C)C(=O)CCCN(C)C)[C@@H](C)CN([C@H](C)CO)C(=O)c2cc(ccc2O1)NC(=O)Nc1cccc2ccccc12,0,0.023648,0.024255,0.002299
CCCCC1=NC2(CCCC2)C(=O)N1Cc1ccc(c(c1)COCC)-c1ccccc1S(=O)(=O)Nc1noc(c1C)C,0,0.109925,0.082323,0.042041
C[C@@H]1CCCCO[C@@H](CN(C)Cc2ccccc2)[C@H](C)CN([C@@H](C)CO)C(=O)c2cc(ccc2O1)NC(=O)Nc1cccc2ccccc12,0,0.012868,0.022682,0.003926
OC[C@H]1O[C@H](C[C@H]2[C@@H]1Oc1ccc(cc12)NS(=O)(=O)c1ccccc1)CC(=O)NCC(F)(F)F,0,0.035841,0.026336,0.011479
CC(C)NC(=O)N(C)C[C@@H]1Oc2ccc(cc2CC(=O)N(C[C@@H]1C)[C@@H](C)CO)NS(=O)(=O)c1c(noc1C)C,0,0.010719,0.024203,0.004760
CC(C)NC(=O)N(C)C[C@@H]1Oc2ccc(cc2C(=O)N(C[C@@H]1C)[C@@H](C)CO)NC(=O)Cn1cnnn1,0,0.024462,0.023234,0.007211
CO[C@H]1CCN([C@@H]2CCO[C@@H]12)C(=O)CN(C)C,0,0.183934,0.022934,0.006602
COC(=O)[C@@H](Cc1ccccc1)N[C@H](/C=C/C1CC1)[C@@H](O)CCn1cc(nn1)-c1ccc(s1)C(=O)NO,0,0.556085,0.061428,0.139438
C[C@H]1CN([C@@H](C)CO)C(=O)c2cc(ccc2O[C@@H]1CN(C)Cc1ccc(cc1)Oc1ccccc1)NS(=O)(=O)c1cccs1,0,0.001893,0.023940,0.004574
C[C@@H]1CCCCO[C@H](CN(C)Cc2ccccc2)[C@H](C)CN([C@H](C)CO)C(=O)c2cc(ccc2O1)NS(=O)(=O)c1c(noc1C)C,0,0.010598,0.024502,0.003985
O[C@@H]1COC[C@@H]2O[C@@H](CC[C@H]2N(C1)S(=O)(=O)c1ccc(cc1)Oc1ccccc1)CC(=O)NCCN1CCCCC1,0,0.183434,0.031118,0.009826
C[C@@H]1CCCCO[C@H](CN(C)S(=O)(=O)c2cccs2)[C@@H](C)CN([C@H](C)CO)C(=O)c2cc(ccc2O1)NC(=O)Cc1ccccc1,0,0.000831,0.023818,0.002274
C[C@H]1CCCCO[C@H](CN(C)Cc2ccccc2)[C@H](C)CN([C@H](C)CO)C(=O)c2cc(ccc2O1)NC(=O)Nc1c(noc1C)C,0,0.040274,0.032476,0.007136
CO[C@@H]1CN(C)C(=O)c2cc(ccc2OC[C@H](C)N(C[C@@H]1C)C(=O)c1ccc2c(c1)OCO2)NS(=O)(=O)C,0,0.004478,0.028607,0.006571
Cl.Nc1ccn(C2OC(CO)C(O)C2(F)F)c(=O)n1,1,0.378169,0.167060,0.140871
CN(C)S(=O)(=O)N1C[C@H]2C[C@@H]([C@@H](C1)O2)C(=O)Nc1cccnc1,0,0.009008,0.323215,0.150247
OCCC#Cc1ccc2c(c1)[C@]1([C@H]([C@H]3N([C@@H]([C@@H](OC3=O)c3ccccc3)c3ccccc3)[C@H]1c1ccc(cc1)O)C(=O)N1CCCCCCC1)C(=O)N2,0,0.220936,0.079053,0.039193
C[C@H]1CCCCO[C@@H](CN(C)C(=O)Nc2ccccc2)[C@H](C)CN([C@@H](C)CO)C(=O)c2cc(ccc2O1)NC(=O)c1ccccc1,0,0.001649,0.021795,0.002305
COc1ccc(cc1)S(=O)(=O)Nc1ccc2c(c1)C(=O)N(C[C@@H](C)[C@H](CN(C)Cc1ccc(cc1)-c1ccccc1)O2)[C@H](C)CO,0,0.012995,0.026116,0.005389
O[C@@H]1COC[C@H]2O[C@@H](CC[C@@H]2N(C1)C(=O)c1ccc(cc1)F)CC(=O)NCCCN1CCOCC1,0,0.611842,0.258436,0.277597
C[C@@H]1CN([C@@H](C)CO)C(=O)c2cccc(c2O[C@H]1CN(C)C(=O)NC1CCCCC1)NS(=O)(=O)c1cn(cn1)C,0,0.061102,0.024871,0.005612
COC(=O)[C@@H]1[C@@H]2O[C@@]3(CN(C4CC4)C(=O)C13)C=C2,0,0.005272,0.052471,0.017759
COc1ccc(cc1)S(=O)(=O)N(C)C[C@H]1OCCCC[C@@H](C)Oc2ccc(cc2C(=O)N(C[C@H]1C)[C@@H](C)CO)NC(=O)Nc1ccccc1,0,0.005807,0.023818,0.002494
C[C@H]1CN([C@H](C)CO)C(=O)c2cccc(c2O[C@H]1CN(C)Cc1ccc(cc1)-c1ccccc1)NS(=O)(=O)c1cccs1,0,0.019387,0.024592,0.005745
C[C@H]1CN([C@H](C)CO)C(=O)Cc2cc(ccc2O[C@@H]1CN(C)CC1CCCCC1)NC(=O)Nc1cccc2ccccc12,0,0.079924,0.036026,0.011368
CCS(=O)(=O)N1CC[C@]2(CC1)CN([C@@H](CO)c1c2c2ccc(cc2n1C)OC)C(=O)c1ccc(cc1)F,0,0.018790,0.030543,0.011145
C[C@H]1CCCCO[C@H](CN(C)C(=O)Nc2ccc(cc2)C(F)(F)F)[C@@H](C)CN([C@H](C)CO)C(=O)c2cc(ccc2O1)NC(=O)Nc1ccc(cc1)F,0,0.723307,0.042963,0.017667
COc1cc(ccc1-n1cnnn1)-n1cnnn1,0,0.847852,0.276401,0.376497
C[C@@H]1CN([C@@H](C)CO)C(=O)c2cccc(c2O[C@@H]1CN(C)C(=O)Nc1ccc(cc1)C(F)(F)F)NC(=O)Nc1ccccc1,0,0.716511,0.686387,0.637864
COc1ccc(cc1)NC(=O)Nc1cccc2c1O[C@H](CN(C)CC1CCCCC1)[C@@H](C)CN([C@@H](C)CO)C2=O,0,0.079566,0.040854,0.012982
CN(C)CC(=O)N[C@@H]1CC[C@H](CC(=O)NCCN2CCCCC2)O[C@@H]1CO,0,0.181788,0.031820,0.010699
Clc1ccccc1C(c1ccccc1)(c1ccccc1)n1ccnc1,0,0.964406,0.474789,0.492154
C[C@@H]1CN([C@H](C)CO)C(=O)Cc2cc(ccc2O[C@H]1CN(C)C(=O)Nc1c(noc1C)C)NS(=O)(=O)c1c(noc1C)C,0,0.020637,0.024708,0.004141
C[C@@H]1CCCCO[C@H](CN(C)Cc2ccc(cc2)C(=O)O)[C@@H](C)CN([C@H](C)CO)C(=O)c2cc(ccc2O1)NC(=O)Cc1ccccc1,0,0.039184,0.027350,0.008203
C[C@H]1CN([C@@H](C)CO)C(=O)Cc2cc(ccc2O[C@@H]1CN(C)S(=O)(=O)c1ccccc1)NS(=O)(=O)c1ccc(cc1)F,0,0.003923,0.023615,0.004222
COC(=O)[C@H](Cc1ccccc1)N1CC2=C[C@@H](C3CC3)N3N([C@H]2[C@@H]1[C@@H](O)CCn1cc(nn1)-c1cccc(c1)/C=C/C(=O)NO)C(=O)N(C)C3=O,0,0.983557,0.055257,0.026891
C[C@@H]1CN([C@@H](C)CO)C(=O)c2cccc(c2O[C@H]1CN(C)C(=O)Nc1ccc(cc1)C(F)(F)F)NC(=O)c1ccc(cc1)-c1nccs1,0,0.565704,0.053290,0.018581
OCCNC(=O)C[C@@H]1CC=CCCC(=O)OCCNC1=O,0,0.002523,0.053549,0.011527
CS(=O)(=O)CS(=O)(=O)C1=C(C2CCN1CC2)N1CCOCC1,0,0.004321,0.278574,0.200968
NC(=O)[C@@H]1CCOC1,0,0.008808,0.019388,0.008653
OC[C@H]1O[C@@H](CC[C@@H]1NC(=O)CN1CCOCC1)CCn1cc(nn1)C1CC1,0,0.537362,0.030258,0.013235
C[C@H]1CC/C=C\[C@H]2O[C@]34C=CCN(Cn5nnc6ccccc56)C(=O)[C@H]4N(CCCO)C(=O)[C@@H]3[C@@H]2C(=O)O1,0,0.113921,0.132402,0.065396
CN(CCC[C@@H](O)c1cccnc1)[NH2+][O-],0,0.080531,0.108585,0.051208
C[C@@H]1CN([C@H](C)CO)C(=O)CCCn2nncc2CO[C@H]1CN(C)Cc1ccc(cc1)C(=O)Nc1ccccc1N,0,0.052151,0.024638,0.007113
C[C@@H]1CCCCO[C@H](CN(C)C(=O)Cc2ccccc2)[C@@H](C)CN([C@@H](C)CO)C(=O)c2cc(ccc2O1)NC(=O)Nc1ccccc1,0,0.003528,0.021418,0.002488
C[C@@H]1CCCCO[C@H](CN(C)Cc2ccc3c(c2)OCO3)[C@H](C)CN([C@H](C)CO)C(=O)c2cc(ccc2O1)NC(=O)Cc1ccccc1,0,0.005518,0.022295,0.004258
C[C@H]1CCCCO[C@H](CN(C)Cc2ccccc2)[C@@H](C)CN([C@H](C)CO)C(=O)c2cc(ccc2O1)NC(=O)Nc1c(noc1C)C,0,0.040274,0.032476,0.007136
C[C@@H]1CCCCO[C@@H](CN(C)C(=O)c2ccccc2)[C@H](C)CN([C@@H](C)CO)C(=O)c2cc(ccc2O1)NS(=O)(=O)c1ccccc1,0,0.000489,0.023732,0.002558
Cc1cncc2cccc(c12)S(=O)(=O)N1CC[C@@H](C1)N(C/C=C/c1ccc(cc1)Br)C/C=C/c1ccc(cc1)Br,0,0.834313,0.089463,0.018451
Brc1ccc2nc(nc(c2c1)NC1CCN(CC1)Cc1ccccc1)N1CCCN(CC1)Cc1ccccc1,1,0.941976,0.431480,0.393827
COc1ccc2c3c([nH]c2c1)[C@H](CO)N(C[C@]13CCN(CC1)S(=O)(=O)c1cn(cn1)C)C(=O)Nc1ccc(cc1)F,0,0.127556,0.027719,0.008379
C[C@H]1CCCCO[C@@H](CN(C)Cc2ccc(cc2)C(F)(F)F)[C@H](C)CN([C@H](C)CO)C(=O)c2cc(ccc2O1)NC(=O)CCCN(C)C,0,0.257842,0.020644,0.008986
CCCNC(=O)N(C)C[C@H]1Oc2ncc(cc2C(=O)N(C[C@@H]1C)[C@H](C)CO)-c1ccc(cc1)C(=O)N(C)C,0,0.008697,0.022496,0.004236
C[C@@H]1CN([C@@H](C)CO)C(=O)CCCn2cc(nn2)CO[C@@H]1CN(C)S(=O)(=O)c1ccc(cc1)C#N,0,0.001172,0.023749,0.005875
C[C@@H]1CCCCO[C@@H](CN(C)Cc2ccncc2)[C@@H](C)CN([C@@H](C)CO)C(=O)c2cc(ccc2O1)NC(=O)c1ccccc1,0,0.003253,0.022166,0.002859
C[C@@H]1CN([C@H](C)CO)S(=O)(=O)c2ccc(cc2O[C@@H]1CN(C)S(=O)(=O)c1ccccc1)Br,0,0.027735,0.027425,0.007303
C[C@@H]1CN([C@@H](C)CO)C(=O)Cc2cc(ccc2O[C@@H]1CN(C)S(=O)(=O)C)NC(=O)CCN1CCOCC1,0,0.000496,0.023181,0.003716
CC(=N)NCCCC[C@H](N)C(=O)O,0,0.595510,0.031152,0.014996
N[C@@H](CCC(=O)N[C@@H](CS[N+][O-])C(=O)NCC(=O)O)C(=O)O,0,0.000000,0.052230,0.026300
C[C@H]1CCCCO[C@H](CN(C)C(=O)CCC(F)(F)F)[C@H](C)CN([C@H](C)CO)C(=O)c2cc(ccc2O1)NC(=O)NC1CCCCC1,0,0.068929,0.136363,0.050281
C[C@H]1CN([C@H](C)CO)C(=O)c2cc(ccc2O[C@H]1CN(C)Cc1ccc(cc1)-c1ccccc1)NC(=O)c1ccncc1,0,0.013515,0.026404,0.009151
Cc1cc(n(n1)[C@@H](CC(=O)O)C(=O)O)C,0,0.162522,0.068227,0.058060
C[C@@H]1CN([C@@H](C)CO)C(=O)c2cc(ccc2O[C@@H]1CN(C)Cc1ccc(c(c1)Cl)Cl)NS(=O)(=O)c1cccs1,0,0.037976,0.025924,0.006234
COc1ccc(cc1)NC(=O)N(C)C[C@@H]1Oc2cc(ccc2S(=O)(=O)N(C[C@@H]1C)[C@H](C)CO)C#CCN(C)C,0,0.088289,0.026758,0.007101
C[C@H]1CCCCO[C@@H](CN(C)CC2CCCCC2)[C@@H](C)CN([C@@H](C)CO)C(=O)c2cc(ccc2O1)NC(=O)Nc1ccc(cc1)C(F)(F)F,0,0.720274,0.310841,0.274590
C[C@@H]1CCCCO[C@H](CN(C)CC2CCCCC2)[C@H](C)CN([C@@H](C)CO)C(=O)c2cc(ccc2O1)NS(=O)(=O)c1c(noc1C)C,0,0.041904,0.024183,0.005312
C[C@@H]1CCCCO[C@H](CN(C)C(=O)Nc2c(noc2C)C)[C@H](C)CN([C@@H](C)CO)C(=O)c2cc(ccc2O1)NC(=O)Nc1c(noc1C)C,0,0.065956,0.027493,0.004730
C[C@@H]1CN([C@H](C)CO)C(=O)c2cc(ccc2O[C@H]1CN(C)Cc1ccc(cc1)Oc1ccccc1)NC(=O)Cc1ccccc1,0,0.004152,0.025816,0.006837
C[C@@H]1CN([C@@H](C)CO)C(=O)Cc2cc(ccc2O[C@H]1CN(C)CC1CC1)NC(=O)Cn1cnnn1,0,0.050997,0.032574,0.012151
C[C@H]1CN([C@@H](C)CO)C(=O)Cc2cc(ccc2O[C@H]1CN(C)S(=O)(=O)c1cn(cn1)C)NS(=O)(=O)c1c(noc1C)C,0,0.005358,0.024072,0.004123
C[C@@H]1CCCCO[C@@H](CN(C)Cc2ccc(cc2)C(F)(F)F)[C@@H](C)CN([C@H](C)CO)C(=O)c2cc(ccc2O1)NS(=O)(=O)c1ccc(cc1)Cl,0,0.150995,0.023400,0.003871
C[C@H]1CN([C@@H](C)CO)C(=O)Cc2cc(ccc2O[C@H]1CN(C)Cc1ccc(cc1)-c1ccccc1)NC(=O)Nc1c(noc1C)C,0,0.132259,0.026141,0.008808
CCSC(=S)N[C@H]1CCS(=O)(=O)C1,0,0.109100,0.114722,0.042986
C[C@H]1CN([C@H](C)CO)S(=O)(=O)c2ccc(cc2O[C@@H]1CN(C)S(=O)(=O)c1ccccc1)C#Cc1ccncc1,0,0.006650,0.033397,0.005698
CC(C)NC(=O)Nc1ccc2c(c1)C(=O)N(C[C@H](C)[C@@H](CN(C)Cc1ccc(cc1)Oc1ccccc1)O2)[C@@H](C)CO,0,0.015925,0.031611,0.017300
C[C@@H]1CCCCO[C@@H](CN(C)Cc2ccc(cc2)C(=O)O)[C@@H](C)CN([C@@H](C)CO)C(=O)c2cc(ccc2O1)NS(=O)(=O)c1ccc(cc1)Cl,0,0.089717,0.028304,0.003436
COc1ccc(cc1)CN(C)C[C@@H]1Oc2c(cccc2C(=O)N(C[C@@H]1C)[C@H](C)CO)NC(=O)Nc1ccc(cc1)C(F)(F)F,0,0.733950,0.299897,0.215027
COc1ccc(cc1)S(=O)(=O)Nc1ccc2c(c1)C(=O)N(C[C@@H](C)[C@@H](CN(C)C(=O)Nc1ccc(cc1)F)OCCCC[C@@H](C)O2)[C@@H](C)CO,0,0.020890,0.026027,0.003582
C[C@H]1CN([C@H](C)CO)S(=O)(=O)c2ccc(cc2O[C@@H]1CN(C)C(=O)C1CC1)-c1ccc(cc1)C(=O)N(C)C,0,0.018669,0.033088,0.008026
CCN1CCCC1CNC(=O)c1cc(S(=O)(=O)CC)c(N)cc1OC,0,0.769413,0.193790,0.165375
C[C@@H]1CCCCO[C@@H](CN(C)Cc2ccccc2)[C@@H](C)CN([C@@H](C)CO)C(=O)c2cc(ccc2O1)NC(=O)Nc1c(noc1C)C,0,0.040274,0.032476,0.007136
CCS(=O)(=O)N1C[C@]2(CN(C2)C(=O)Nc2c(noc2C)C)c2c([nH]c3cc(ccc23)OC)[C@@H]1CO,0,0.008771,0.023360,0.010774
COc1ccc(cc1)NC(=O)Nc1ccc2c(c1)C(=O)N(C[C@H](C)[C@H](CN(C)S(=O)(=O)c1ccc(cc1)OC)OCCCC[C@@H](C)O2)[C@H](C)CO,0,0.006861,0.023818,0.003018
COc1ccc(cc1)S(=O)(=O)N(C)C[C@@H]1OCCCC[C@@H](C)Oc2ccc(cc2C(=O)N(C[C@@H]1C)[C@@H](C)CO)NS(=O)(=O)C,0,0.003716,0.023892,0.003643
C[C@@H]1CN([C@@H](C)CO)C(=O)c2cc(ccc2O[C@H]1CN(C)Cc1ccc(cc1)-c1ccccc1)NC(=O)Nc1ccc(cc1)C(F)(F)F,0,0.668028,0.240023,0.127880
COc1ccc(cc1)C#Cc1ccc2c(c1)O[C@H](CN(C)C(=O)CN1CCOCC1)[C@@H](C)CN([C@H](C)CO)S2(=O)=O,0,0.021460,0.028212,0.006135
C[C@H]1CCCCO[C@@H](CN(C)C(=O)NC2CCCCC2)[C@@H](C)CN([C@@H](C)CO)C(=O)c2cc(ccc2O1)NS(=O)(=O)c1ccc(cc1)F,0,0.016449,0.023865,0.003310
CN1C=C(C(=O)OCCS(=O)(=O)C)C(=CC(=C[C@@H]1C1CC1)c1ccc(cc1)CO)C(=O)OCCS(=O)(=O)C,0,0.862062,0.464095,0.594512
COc1ccc(cc1)C#Cc1ccc2c(c1)[C@@]1([C@@H]([C@@H]3N([C@H]([C@H](OC3=O)c3ccccc3)c3ccccc3)[C@@H]1c1ccc(cc1)O)C(=O)N1CCc3cc(c(cc3C1)OC)OC)C(=O)N2,0,0.028735,0.073188,0.011838
CCCNC(=O)N[C@@H]1C=C[C@H](CC(=O)N2CCN(C)CC2)O[C@H]1CO,0,0.210990,0.020042,0.008792
C[C@H]1CN([C@H](C)CO)C(=O)c2cc(ccc2O[C@@H]1CN(C)S(=O)(=O)c1c(noc1C)C)NC(=O)Nc1ccc2c(c1)OCO2,0,0.009286,0.024235,0.004874
C[C@@H]1CN([C@@H](C)CO)C(=O)c2cc(ccc2O[C@@H]1CN(C)C(=O)Nc1ccc2c(c1)OCO2)NC(=O)Cn1cnnn1,0,0.011580,0.021510,0.005715
COc1ccc(cc1)NC(=O)Nc1cccc2c1O[C@H](CN(C)C(=O)Nc1cccc3ccccc13)[C@H](C)CN([C@H](C)CO)C2=O,0,0.027598,0.021638,0.005448
COc1ccc(cc1)S(=O)(=O)Nc1ccc2c(c1)C(=O)N(C[C@H](C)[C@H](CN(C)Cc1ccc(cc1)C(F)(F)F)OCCCC[C@H](C)O2)[C@H](C)CO,0,0.062937,0.025286,0.004670
C[C@@H]1CN([C@@H](C)CO)C(=O)CCCn2nncc2CO[C@H]1CN(C)C(=O)c1ccc(cc1)N1CCN(C)CC1,0,0.104639,0.022132,0.005744
C[C@@H]1CN([C@H](C)CO)C(=O)c2cc(ccc2O[C@@H]1CN(C)S(=O)(=O)c1ccc(cc1)F)NS(=O)(=O)c1ccc(cc1)C,0,0.018741,0.025257,0.005639
Cc1cc(cc(c1Cl)C)O,0,0.681242,0.148633,0.091054
C[C@H]1CN([C@@H](C)CO)C(=O)Cc2cc(ccc2O[C@@H]1CN(C)S(=O)(=O)c1cccs1)NC(=O)CCC(F)(F)F,0,0.009805,0.033344,0.009768
C[C@@H]1CCCCO[C@H](CN(C)S(=O)(=O)c2ccc(cc2)F)[C@H](C)CN([C@@H](C)CO)C(=O)c2cc(ccc2O1)NS(=O)(=O)C,0,0.014479,0.024169,0.003970
CCS(=O)(=O)N1[C@@H](CO)[C@@H](c2ccccc2)C21CN(C2)C(=O)CN(C)C,0,0.067465,0.027990,0.019132
C[C@H]1CCCCO[C@@H](CN(C)C(=O)Nc2cccc3ccccc23)[C@@H](C)CN([C@@H](C)CO)C(=O)c2cc(ccc2O1)NS(=O)(=O)c1c(noc1C)C,0,0.006175,0.023835,0.002315
CC(CCC(=O)O)C1CCC2C3CCC4CC(O)CCC4(C)C3CCC12C,0,0.481327,0.324473,0.192103
O[C@@H]1COC[C@H]2O[C@@H](CC[C@@H]2N(C1)S(=O)(=O)c1ccccc1)CC(=O)N[C@H]1CCN(C1)Cc1ccccc1,0,0.095401,0.028405,0.010936
CC(C)C[C@H]1NC(=O)[C@@H](CCCN)NC(=O)[C@@H](NC(=O)[C@H]2CCCN2C(=O)[C@@H](Cc2ccccc2)NC(=O)[C@@H](CC(C)C)NC(=O)[C@@H](CCCN)NC(=O)[C@@H](NC(=O)[C@H]2CCCN2C(=O)[C@@H](Cc2ccccc2)NC1=O)C(C)C)C(C)C,0,0.997601,0.613181,0.374724
CCOc1cc(cc(c1)C(=O)N[C@@H](Cc1ccc(cc1)-n1cc(nn1)CCC(=O)NO)C(=O)OC)OCC,0,0.697060,0.339502,0.133062
COc1cccc(c1)C#Cc1ccc2c(c1)O[C@@H](CN(C)C(=O)C)[C@H](C)CN([C@H](C)CO)S2(=O)=O,0,0.024812,0.025600,0.007539
C[C@@H]1CN([C@H](C)CO)C(=O)c2cc(ccc2O[C@@H]1CN(C)C(=O)Nc1ccc(cc1)C(F)(F)F)NC(=O)CCC(F)(F)F,0,0.673414,0.865203,0.767155
C[C@H]1CCCCO[C@H](CN(C)C(=O)Nc2c(noc2C)C)[C@@H](C)CN([C@@H](C)CO)C(=O)c2cc(ccc2O1)NC(=O)Nc1c(noc1C)C,0,0.065956,0.027493,0.004730
C[C@H]1CN([C@@H](C)CO)C(=O)Cc2cc(ccc2O[C@H]1CN(C)Cc1ccc(cc1)-c1ccccc1)NS(=O)(=O)c1cccs1,0,0.006486,0.023840,0.004944
C[C@H]1CN([C@H](C)CO)C(=O)Cc2cc(ccc2O[C@@H]1CN(C)Cc1ccc(cc1)Oc1ccccc1)NS(=O)(=O)c1ccc(cc1)C,0,0.001055,0.024081,0.003030
C=CC[N+]1(C2CC3C4CCC5CC(O)C(N6CCOCC6)CC5(C)C4CCC3(C)C2OC(C)=O)CCCC1.[Br-],0,0.257823,0.136538,0.021281
COC1C=COC2(C)Oc3c(C)c(O)c4c(O)c(c(C=NN5CCN(C)CC5)c(O)c4c3C2=O)NC(=O)C(C)=CC=CC(C)C(O)C(C)C(O)C(C)C(OC(C)=O)C1C,0,0.526052,0.487955,0.341140
COc1ccc(cc1)S(=O)(=O)Nc1ccc2c(c1)C(=O)N(C[C@H](C)[C@H](CN(C)S(=O)(=O)c1cn(cn1)C)O2)[C@H](C)CO,0,0.011524,0.024778,0.005208
C[C@H]1CN([C@@H](C)CO)C(=O)c2cc(ccc2O[C@@H]1CN(C)CC1CC1)NS(=O)(=O)c1c(noc1C)C,0,0.031595,0.025806,0.005349
CC(C)NC(=O)N(C)C[C@@H]1Oc2ccc(cc2CC(=O)N(C[C@@H]1C)[C@H](C)CO)NC(=O)Nc1c(noc1C)C,0,0.042036,0.026414,0.007201
CO[C@H]1CN(C)C(=O)c2ccc(cc2OC[C@H](C)N(C[C@@H]1C)C(=O)CN1CCOCC1)NC(=O)C1CC1,0,0.006595,0.022264,0.002677
C[C@H]1CN([C@@H](C)CO)S(=O)(=O)c2ccc(cc2O[C@H]1CN(C)S(=O)(=O)C)C#CCN(C)C,0,0.019320,0.024044,0.005484
CC(C)NC(=O)N(C)C[C@@H]1Oc2c(cccc2C(=O)N(C[C@@H]1C)[C@@H](C)CO)NC(=O)C1CCCCC1,0,0.024192,0.027618,0.010299
O[C@@H]1COC[C@H]2O[C@@H](CC[C@@H]2N(C1)C(=O)C1CC1)CC(=O)NCc1ccncc1,0,0.329741,0.050790,0.020666
OC[C@H]1O[C@H](CCNC(=O)Cc2ccncc2)CC[C@H]1NC(=O)C1CCOCC1,0,0.036846,0.021282,0.007394
C[C@H]1CCCCO[C@@H](CN(C)C(=O)NC2CCCCC2)[C@@H](C)CN([C@H](C)CO)C(=O)c2cc(ccc2O1)NC(=O)c1ccncc1,0,0.003739,0.021883,0.002484
C[C@@H]1CCCCO[C@@H](CN(C)C(=O)Nc2ccc3c(c2)OCO3)[C@@H](C)CN([C@H](C)CO)C(=O)c2cc(ccc2O1)NS(=O)(=O)c1ccc(cc1)C,0,0.002687,0.023732,0.002679
ONC(=O)CCCCCCC(=O)Nc1ccc(cc1)[C@H]1O[C@@H](CSc2nc3ccccc3o2)C[C@@H](O1)c1ccccc1,0,0.000491,0.061354,0.047400
C[C@@H]1CN([C@@H](C)CO)C(=O)c2cccc(c2O[C@@H]1CN(C)S(=O)(=O)c1cn(cn1)C)NC(=O)C1CC1,0,0.021143,0.023991,0.004965
C[C@H]1CN([C@@H](C)CO)C(=O)c2cc(ccc2O[C@@H]1CN(C)C(=O)Nc1cccc2ccccc12)NC(=O)Nc1ccc2c(c1)OCO2,0,0.004299,0.021808,0.003524
OCc1ccc(cc1)[C@H]1[C@H](C(=O)NC2CC2)c2ccccc2C(=O)N1Cc1cc(cc(c1)C(F)(F)F)F,0,0.853326,0.256524,0.290484
COc1ccc(cc1)S(=O)(=O)N(C)C[C@H]1Oc2ccc(cc2CC(=O)N(C[C@H]1C)[C@@H](C)CO)NS(=O)(=O)c1ccc(cc1)C,0,0.002554,0.023701,0.003320
CO[C@H]1CN(C)C(=O)c2cc(ccc2OC[C@@H](C)N(C[C@@H]1C)Cc1ccccn1)NS(=O)(=O)CC(F)(F)F,0,0.007651,0.045871,0.008788
COc1ccc(cc1)NC(=O)N(C)C[C@@H]1Oc2ccc(cc2C(=O)N(C[C@@H]1C)[C@H](C)CO)NC(=O)Nc1cccc2ccccc12,0,0.014368,0.021633,0.004484
C[C@@H]1CCCCO[C@@H](CN(C)Cc2ccc(cc2)C(=O)O)[C@H](C)CN([C@H](C)CO)C(=O)c2cc(ccc2O1)NC(=O)Nc1cccc2ccccc12,0,0.039803,0.023352,0.004042
CC(C)N1CC[C@@H](CN(C)Cc2ccc(cc2)Oc2ccccc2)Oc2c(cccc2C1=O)NC(=O)c1ccncc1,0,0.003635,0.225518,0.083887
C[C@H]1CN([C@H](C)CO)C(=O)c2cc(ccc2O[C@@H]1CN(C)Cc1ccc(cc1)Oc1ccccc1)NC(=O)Nc1ccc2c(c1)OCO2,0,0.002814,0.023321,0.004127
COc1ccc(cc1)S(=O)(=O)N(C)C[C@@H]1Oc2cc(ccc2S(=O)(=O)N(C[C@H]1C)[C@H](C)CO)C#CC1CC1,0,0.027713,0.026068,0.004369
C[C@H]1CN([C@@H](C)CO)C(=O)c2ccccc2-c2ccccc2CO[C@@H]1CN(C)C(=O)N[C@@H](C)c1ccccc1,0,0.032439,0.034747,0.015940
CN1C2CCC1CC(OC(=O)C(CO)c1ccccc1)C2.O=S(=O)(O)O,0,0.031366,0.280962,0.254221
OC[C@H]1O[C@H](C[C@H]2[C@@H]1Oc1ccc(cc12)NS(=O)(=O)c1ccc(cc1)F)CC(=O)NC1CCCCC1,0,0.030445,0.044759,0.008484
CN1CC2(CNC2)OCCS1(=O)=O,0,0.011181,0.045874,0.007220
C[C@H]1CCCCO[C@@H](CN(C)Cc2ccncc2)[C@H](C)CN([C@@H](C)CO)C(=O)c2cc(ccc2O1)NC(=O)Nc1cccc2ccccc12,0,0.011610,0.025206,0.002531
C[C@H]1CN([C@@H](C)CO)C(=O)Cc2cc(ccc2O[C@H]1CN(C)S(=O)(=O)c1ccc(cc1)F)NC(=O)Nc1cccc2ccccc12,0,0.011044,0.026091,0.003879
Cn1cncc1CN1CCO[C@]2(COCCN(C2)S(=O)(=O)C)C1,0,0.014211,0.033573,0.006239
COC(=O)/C=C/C(=O)OC,0,0.005686,0.129224,0.118829
Cc1ccccc1S(=O)(=O)N1C[C@H](O)COC[C@H]2O[C@@H](CC[C@@H]21)CC(=O)NCc1ccccc1Cl,0,0.287261,0.039011,0.022873
C[N+](C)(C)C[C@@H](O)CC(=O)O,0,0.010801,0.099322,0.020121
C[C@H]1C=C(CCCO)C/C(=N/P(=O)(Oc2ccccc2)Oc2ccccc2)N1Cc1cccc(c1)OC(F)(F)F,0,0.726645,0.764318,0.874846
COc1ccc(-n2nc(C(N)=O)c3c2C(=O)N(c2ccc(N4CCCCC4=O)cc2)CC3)cc1,0,0.002412,0.269431,0.185734
COc1ccc(cc1)S(=O)(=O)Nc1ccc2c(c1)C(=O)N(C[C@@H](C)[C@H](CN(C)Cc1ccc3c(c1)OCO3)OCCCC[C@H](C)O2)[C@@H](C)CO,0,0.002809,0.024972,0.003390
C1N2CN3CN1CC(C2)(C3)/N=C\c1cccnc1,0,0.256656,0.074965,0.039671
COc1ccc(cc1)NC(=O)N(C)C[C@@H]1OCCCC[C@H](C)Oc2ccc(cc2C(=O)N(C[C@@H]1C)[C@H](C)CO)NC(=O)Nc1c(noc1C)C,0,0.028808,0.024061,0.002455
C[C@@H]1CN([C@H](C)CO)C(=O)Cc2cc(ccc2O[C@H]1CN(C)Cc1ccncc1)NC(=O)Nc1ccc(cc1)C(F)(F)F,0,0.251709,0.084701,0.063694
O[C@@H]1COC[C@@H]2O[C@@H](CC[C@H]2N(C1)Cc1cc(ccc1F)F)CC(=O)N[C@@H]1CCN(C1)Cc1ccccc1,0,0.860400,0.057880,0.033264
COc1ccc(cc1)NC(=O)N(C)C[C@H]1Oc2ccc(cc2C(=O)N(C[C@H]1C)[C@@H](C)CO)NC(=O)CCCN(C)C,0,0.020669,0.022543,0.005080
CCCN(CCC)C(=O)C(CCC(=O)O)NC(=O)c1ccccc1,0,0.010636,0.220717,0.069873
C[C@H]1CN([C@@H](C)CO)C(=O)CCCn2cc(nn2)CO[C@@H]1CN(C)S(=O)(=O)c1ccc(cc1)Oc1ccccc1,0,0.004777,0.024197,0.004537
C[C@@H](O)C#Cc1ccc2c(c1)O[C@H](CN(C)C(=O)c1ccccc1)[C@H](C)CN([C@@H](C)CO)S2(=O)=O,0,0.010271,0.025427,0.007758
CCS(=O)(=O)Nc1ccc2c(c1)C(=O)N(C)C[C@H](OC)[C@H](C)CN(CCC(F)(F)F)[C@@H](C)CO2,0,0.070939,0.028586,0.007188
C[C@@H]1CCCCO[C@@H](CN(C)C(=O)Nc2ccc(cc2)F)[C@@H](C)CN([C@H](C)CO)C(=O)c2cc(ccc2O1)NC(=O)C1CCCCC1,0,0.068868,0.023620,0.003997
C[C@H]1CN([C@H](C)CO)C(=O)Cc2cc(ccc2O[C@@H]1CN(C)S(=O)(=O)c1cn(cn1)C)NC(=O)C1CCCCC1,0,0.009207,0.024668,0.003400
C[C@H]1CCCCO[C@@H](CN(C)C(=O)Nc2ccc(cc2)C(F)(F)F)[C@@H](C)CN([C@H](C)CO)C(=O)c2cc(ccc2O1)NS(=O)(=O)c1cn(cn1)C,0,0.316164,0.887212,0.928648
C[C@@H]1CN([C@H](C)CO)C(=O)c2cccc(c2O[C@H]1CN(C)Cc1ccc(cc1)C(=O)Nc1ccccc1N)NS(=O)(=O)C,0,0.015695,0.023599,0.004435
COc1ccc(cc1)NC(=O)N(C)C[C@H]1OCCCC[C@H](C)Oc2ccc(cc2C(=O)N(C[C@H]1C)[C@@H](C)CO)NS(=O)(=O)c1ccc(cc1)F,0,0.017372,0.023530,0.003089
CO[C@@H]1CN(C)C(=O)c2ccc(cc2OC[C@@H](C)N(C[C@H]1C)Cc1cccc(c1)F)NS(=O)(=O)c1cn(cn1)C,0,0.051890,0.024773,0.005284
C[C@@H]1CN([C@@H](C)CO)C(=O)Cc2cc(ccc2O[C@@H]1CN(C)S(=O)(=O)c1ccc(cc1)C)NS(=O)(=O)c1ccc(cc1)F,0,0.007015,0.023701,0.004394
C[C@H]1CN(C)[C@@H](C)C[C@@H]1N1NC(=O)C=C1N,0,0.109309,0.051216,0.008212
Cc1ccccc1S(=O)(=O)N1C[C@@H](O)COC[C@@H]2O[C@@H](CC[C@H]21)CC(=O)NCCc1ccncc1,0,0.101780,0.055205,0.009314
CCCN(C)C[C@H]1OCCCC[C@@H](C)Oc2ccc(cc2C(=O)N(C[C@H]1C)[C@@H](C)CO)NC(=O)Nc1ccc(cc1)OC,0,0.055663,0.066569,0.019669
COc1ccc(cc1)NC(=O)Nc1ccc2c(c1)C(=O)N(C[C@@H](C)[C@H](CN(C)C(=O)C1CCCCC1)OCCCC[C@H](C)O2)[C@@H](C)CO,0,0.015836,0.022036,0.002750
C[C@@H]1CN([C@@H](C)CO)C(=O)CCCn2nncc2CO[C@H]1CN(C)S(=O)(=O)c1cn(cn1)C,0,0.020537,0.025158,0.007945
OC[C@H]1O[C@@H](CCNC(=O)CN2CCOCC2)CC[C@@H]1NC(=O)c1ccccc1F,0,0.060654,0.041786,0.031774
Cc1ccc(cc1)S(=O)(=O)N[C@@H]1C=C[C@H](CC(=O)NCCN2CCCCC2)O[C@H]1CO,0,0.124027,0.024115,0.010268
C[C@@H]1CN([C@@H](C)CO)S(=O)(=O)c2ccc(cc2O[C@@H]1CN(C)Cc1cccc(c1)F)C#CC1CC1,0,0.112590,0.027231,0.005518
CCCC#Cc1ccc2c(c1)O[C@@H](CN(C)S(=O)(=O)c1cccc(c1)OC)[C@H](C)CN([C@H](C)CO)S2(=O)=O,0,0.011953,0.025499,0.003871
CC(=O)N[C@H](CCCNC(=N)N)C(=O)N[C@H](CCCNC(=N)N)C(=O)N[C@H](CCCNC(=N)N)C(=O)N[C@H](CCCNC(=N)N)C(=O)N[C@H](CCCNC(=N)N)C(=O)N[C@H](CCCNC(=N)N)C(=O)N[C@H](CCCNC(=N)N)C(=O)N[C@H](CCCNC(=N)N)C(=O)N[C@H](CCCNC(=N)N)C(=O)N,0,0.992614,0.453446,0.065979
COc1ccc(cc1)S(=O)(=O)N(C)C[C@@H]1OCCCC[C@H](C)Oc2ccc(cc2C(=O)N(C[C@@H]1C)[C@@H](C)CO)NS(=O)(=O)c1cn(cn1)C,0,0.010344,0.024416,0.003141
CC1CC2C3CCC4=CC(=O)C=CC4(C)C3(F)C(O)CC2(C)C1(O)C(=O)COP(=O)([O-])[O-].[Na+].[Na+],0,0.000001,0.634308,0.425320
C[C@@H]1CCCCO[C@H](CN(C)C(=O)Nc2ccccc2)[C@@H](C)CN([C@H](C)CO)C(=O)c2cc(ccc2O1)NC(=O)Cc1ccccc1,0,0.002811,0.021201,0.002367
C[C@H]1CN([C@@H](C)CO)C(=O)CCCn2nncc2CO[C@H]1CN(C)S(=O)(=O)c1ccc(cc1)C#N,0,0.001742,0.024135,0.006482
CN[C@H]1[C@@H](O)[C@H]2O[C@H](O[C@@H]3[C@@H](N)C[C@@H](N)[C@H](O)[C@H]3O)[C@H](N)C[C@@H]2O[C@@H]1O[C@@]1(C)O[C@H](CO)[C@@H](N)[C@H](O)[C@H]1O,0,0.997137,0.824655,0.909963
C[C@@H]1CN([C@H](C)CO)C(=O)CCCn2cc(nn2)CO[C@H]1CN(C)S(=O)(=O)c1ccc2c(c1)OCCCO2,0,0.001803,0.023181,0.003969
C[C@H]1CN([C@@H](C)CO)C(=O)c2cc(ccc2O[C@H]1CN(C)S(=O)(=O)c1cn(cn1)C)NC(=O)Nc1ccc(cc1)F,0,0.153893,0.025831,0.005629
C[C@H]1CN([C@@H](C)CO)C(=O)c2cccc(c2O[C@H]1CN(C)S(=O)(=O)c1ccc(cc1)Cl)NS(=O)(=O)c1cn(cn1)C,0,0.077543,0.026501,0.004604
COc1ccc(cc1)CN(C)C[C@H]1OCCCC[C@H](C)Oc2ccc(cc2C(=O)N(C[C@@H]1C)[C@@H](C)CO)NC(=O)NC1CCCCC1,0,0.055551,0.026348,0.005392
NC1N[C@H]2CCCC[C@@H]2N1,0,0.057337,0.057747,0.031867
COCCOC(=O)N1C(=O)[C@@]2([C@H]([C@H]3N([C@@H]([C@@H](OC3=O)c3ccccc3)c3ccccc3)[C@H]2c2ccc(cc2)OCCO)C(=O)NCC=C)c2cc(ccc21)C#CC1(O)CCCCCC1,0,0.854799,0.086646,0.025789
C[C@@H](O)CN1[C@H]2CS(=O)(=O)C[C@H]2SC1=S,0,0.327241,0.413176,0.216759
C[C@@H]1CN([C@H](C)CO)C(=O)Cc2cc(ccc2O[C@@H]1CN(C)S(=O)(=O)c1ccccc1)NC(=O)Cn1cnnn1,0,0.003399,0.026784,0.004328
C[C@@H]1CN([C@H](C)CO)C(=O)c2cc(ccc2O[C@@H]1CN(C)Cc1ccc2c(c1)OCO2)NS(=O)(=O)C,0,0.007231,0.026079,0.005778
C[C@@H]1CN([C@H](C)CO)C(=O)CCCn2cc(nn2)CO[C@H]1CN(C)C(=O)c1ccc(cc1)N1CCN(C)CC1,0,0.109073,0.021117,0.005400
C[C@H]1CCCCO[C@H](CN(C)Cc2ccc(cc2)C(=O)O)[C@H](C)CN([C@@H](C)CO)C(=O)c2cc(ccc2O1)NC(=O)Cc1ccccc1,0,0.039184,0.027350,0.008203
C[C@@H]1CCCCO[C@@H](CN(C)Cc2ccccc2)[C@H](C)CN([C@H](C)CO)C(=O)c2cc(ccc2O1)NS(=O)(=O)c1ccccc1,0,0.003306,0.023726,0.004151
C[C@H]1CCCCO[C@H](CN(C)S(=O)(=O)C)[C@H](C)CN([C@H](C)CO)C(=O)c2cc(ccc2O1)NS(=O)(=O)c1cccs1,0,0.001375,0.023662,0.003361
C[C@@H]1O[C@@H](O[C@H]2[C@H](O)[C@@H](O)[C@H](OC[C@H]3O[C@@H](OC(=O)[C@@]45CCC(C)(C)C[C@@H]5C5=CC[C@H]6[C@@]7(C)CC[C@H](O[C@H]8OC[C@H](O)[C@H](O)[C@H]8O[C@H]8O[C@@H](C)[C@H](O)[C@@H](O)[C@H]8O)[C@@](C)(CO)[C@@H]7CC[C@@]6(C)[C@]5(C)CC4)[C@H](O)[C@@H](O)[C@@H]3O)O[C@@H]2CO)[C@H](O)[C@H](O)[C@H]1O,0,0.048278,0.393644,0.060005
COc1ccc(cc1)S(=O)(=O)N(C)C[C@@H]1Oc2ccc(cc2C(=O)N(C[C@@H]1C)[C@@H](C)CO)NC(=O)Cn1cnnn1,0,0.020281,0.024954,0.004459
CN(C)CC(=O)N1[C@H]2CN3C(=O)C=CC=C3[C@@H]1[C@@H]([C@H]2CO)C(=O)NCc1ccccc1,0,0.124316,0.034822,0.018928
COc1ccc(cc1)S(=O)(=O)N(C)C[C@@H]1Oc2ccc(cc2CC(=O)N(C[C@H]1C)[C@@H](C)CO)NC(=O)CCN1CCOCC1,0,0.001081,0.024502,0.003575
COCCCNC(=O)[C@@]1(Cc2ccccc2CN=[N+]=[N-])N=C(O[C@H]1c1ccccc1CN=[N+]=[N-])c1ccc(cc1)OCCCO,0,0.482054,0.070645,0.049004
CC(C)CC(N)=O,0,0.002886,0.022846,0.010295
CC/C=C\C/C=C\C/C=C\CCCCCCCCCC(=O)O,0,0.021232,0.135170,0.078203
COc1ccncc1-c1ccccc1CN(C(=O)c1ccc(o1)-c1ccc(cc1)C#N)c1ccc(cc1)N1CCNCC1,0,0.002612,0.113496,0.054139
C[C@H]1CCCCO[C@H](CN(C)Cc2ccc(cc2)C(=O)O)[C@@H](C)CN([C@H](C)CO)C(=O)c2cc(ccc2O1)NC(=O)Nc1ccc(cc1)C(F)(F)F,0,0.782378,0.026483,0.004975
COc1ccc(cc1)S(=O)(=O)Nc1ccc2c(c1)CC(=O)N(C[C@H](C)[C@H](CN(C)S(=O)(=O)c1ccccc1)O2)[C@@H](C)CO,0,0.001400,0.023701,0.003202
C[C@H]1[C@@H]([C@@H](CCO)O[C@]11C(=O)N(Cc2ccccc2)c2ccc(cc21)N1C(=O)c2ccccc2Oc2ccccc21)[Si](C)(C)F,0,0.000601,0.060815,0.015669
C[C@H]1CCCCO[C@H](CN(C)C)[C@H](C)CN([C@@H](C)CO)C(=O)c2cc(ccc2O1)NC(=O)Nc1cccc2ccccc12,0,0.048737,0.029138,0.011862
C[C@@H]1CCCCO[C@H](CN(C)Cc2ccc3c(c2)OCO3)[C@@H](C)CN([C@H](C)CO)C(=O)c2cc(ccc2O1)NC(=O)c1ccccc1,0,0.002885,0.022336,0.003079
COc1ccc(C(=O)CCC(=O)O)c2ccccc12,0,0.816645,0.112617,0.135696
COc1cccc(c1)NC(=O)N(C)C[C@H]1Oc2ncc(cc2C(=O)N(C[C@H]1C)[C@H](C)CO)C#Cc1cccnc1,0,0.015204,0.022445,0.003176
C[C@@H]1CN([C@@H](C)CO)C(=O)Cc2cc(ccc2O[C@H]1CN(C)C)NS(=O)(=O)c1cn(cn1)C,0,0.022404,0.023619,0.005773
C[C@@H]1CN([C@@H](C)CO)C(=O)c2cc(ccc2O[C@@H]1CN(C)Cc1ccc(c(c1)Cl)Cl)NC(=O)Nc1cccc2ccccc12,0,0.152599,0.058386,0.007577
N(c1ccccc1)c1nc(nc2ccccc12)-c1ccccc1,0,0.310072,0.359330,0.174899
C[C@@H]1CN([C@@H](C)CO)C(=O)c2cc(ccc2O[C@@H]1CN(C)Cc1ccc(cc1)C(=O)Nc1ccccc1N)NS(=O)(=O)C,0,0.007187,0.023511,0.003966
C[C@@H]1CN([C@@H](C)CO)S(=O)(=O)c2ccc(cc2O[C@H]1CN(C)Cc1ccccc1)C#Cc1ccccn1,0,0.017324,0.034734,0.006913
C[C@H]1CN([C@@H](C)CO)C(=O)c2cc(ccc2O[C@@H]1CN(C)C(=O)Nc1c(noc1C)C)NC(=O)c1ccncc1,0,0.019098,0.022776,0.003635
CC(C)NC(=O)Nc1ccc2c(c1)C(=O)N(C)[C@@H]1CC[C@@H](CC(=O)NCc3ccc(cc3)F)O[C@H]1CO2,0,0.045078,0.029277,0.012132
Cn1cc[nH]c1=S,0,0.269481,0.102803,0.068415
C[C@@H]1CCCCO[C@H](CN(C)Cc2ccc(cc2)C(F)(F)F)[C@@H](C)CN([C@@H](C)CO)C(=O)c2cc(ccc2O1)NS(=O)(=O)c1ccccc1,0,0.034897,0.023501,0.003877
C[C@H]1CN([C@@H](C)CO)C(=O)c2cc(ccc2O[C@@H]1CN(C)C(=O)Nc1ccc2c(c1)OCO2)NC(=O)CCN1CCOCC1,0,0.001811,0.021505,0.003454
CC[C@H]1CN(C)N1C(=O)[C@H]1CCCO1,0,0.122927,0.026910,0.007102
C[C@@H]1CN([C@H](C)CO)C(=O)c2cc(ccc2O[C@H]1CN(C)Cc1ccc(cc1)C(=O)O)NC(=O)c1ccncc1,0,0.026172,0.061071,0.020124
CC(O)C(N)C(=O)O,0,0.008726,0.063300,0.017260
CC(C)(C)[S@](=O)N1Cc2cc(nc(c2[C@@H]1CCO)-c1cccc(c1)-c1ccccc1F)C(=O)NC1CCC1,0,0.114375,0.343438,0.272018
CO[C@@H]1CN(C)C(=O)c2ccc(cc2OC[C@H](C)N(C[C@H]1C)C(=O)C1CCOCC1)NC(=O)CC(F)(F)F,0,0.087427,0.189719,0.121418
C[C@H]1CCCCO[C@@H](CN(C)Cc2ccccc2)[C@H](C)CN([C@@H](C)CO)C(=O)c2cc(ccc2O1)NC(=O)CCC(F)(F)F,0,0.126122,0.031274,0.015868
C[C@H]1CCCCO[C@H](CN(C)C(=O)Nc2ccccc2)[C@H](C)CN([C@@H](C)CO)C(=O)c2cc(ccc2O1)NC(=O)c1ccncc1,0,0.003014,0.022234,0.002221
CC(C)NC(=O)Nc1ccc2c(c1)C(=O)N(C[C@@H](C)[C@@H](CN(C)Cc1ccc3c(c1)OCO3)O2)[C@H](C)CO,0,0.019013,0.022870,0.008200
C[C@@H]1CCCCO[C@@H](CN(C)C(=O)Nc2ccccc2)[C@H](C)CN([C@@H](C)CO)C(=O)c2cc(ccc2O1)NC(=O)Nc1ccc(cc1)F,0,0.042365,0.025641,0.004247
C[C@H]1CCCCO[C@H](CN(C)S(=O)(=O)c2cn(cn2)C)[C@H](C)CN([C@@H](C)CO)C(=O)c2cc(ccc2O1)NC(=O)Nc1cccc2ccccc12,0,0.008613,0.024133,0.002596
COc1ccc(cc1)S(=O)(=O)Nc1ccc2c(c1)C(=O)N(C[C@H](C)[C@@H](CN(C)C(=O)Nc1ccc3c(c1)OCO3)OCCCC[C@@H](C)O2)[C@H](C)CO,0,0.001991,0.024081,0.002777
C[C@@H]1CCCCO[C@@H](CN(C)C(=O)NC2CCCCC2)[C@@H](C)CN([C@@H](C)CO)C(=O)c2cc(ccc2O1)NS(=O)(=O)c1ccc(cc1)F,0,0.016449,0.023865,0.003310
COc1cc(ccn1)N,0,0.105340,0.068541,0.026089
O[C@@H]1[C@@H](O)[C@@H](O[C@@H]([C@H]1O)C(=O)O)OC1=C(Oc2cc(cc(c2C1=O)O)O)c1ccc(c(c1)O)O,0,0.683085,0.272521,0.047618
CO[C@@H](CN(C)C(=O)Nc1ccc(cc1)C(F)(F)F)[C@H](C)CN(Cc1ccccc1Cl)[C@H](C)CO,0,0.967986,0.411316,0.479492
C[C@@H]1CN([C@H](C)CO)C(=O)Cc2cc(ccc2O[C@H]1CN(C)C(=O)Nc1ccc2c(c1)OCO2)NC(=O)Nc1ccc(cc1)C(F)(F)F,0,0.121737,0.015681,0.006751
C[C@H]1CCCCO[C@H](CN(C)S(=O)(=O)c2ccc(cc2)Cl)[C@@H](C)CN([C@H](C)CO)C(=O)c2cc(ccc2O1)NC(=O)Nc1ccc2c(c1)OCO2,0,0.007178,0.024978,0.003184
NCC1CCC(CC1)C(=O)O,0,0.199169,0.034300,0.017040
C[C@@H]1CCCCO[C@H](CN(C)Cc2ccccc2)[C@@H](C)CN([C@H](C)CO)C(=O)c2cc(ccc2O1)NS(=O)(=O)c1ccc(cc1)C,0,0.006629,0.024791,0.004809
C[C@@H]1CCCCO[C@H](CN(C)C(=O)Cc2ccccc2)[C@H](C)CN([C@@H](C)CO)C(=O)c2cc(ccc2O1)NC(=O)Nc1ccc(cc1)C(F)(F)F,0,0.199307,0.025336,0.011110
C[C@@H]1CCCCO[C@H](CN(C)S(=O)(=O)c2ccc(cc2)Cl)[C@@H](C)CN([C@@H](C)CO)C(=O)c2cc(ccc2O1)NC(=O)CCC(F)(F)F,0,0.081678,0.025880,0.004324
COc1ccc(c(c1)OC(C)C)C1=N[C@@H]([C@@H](N1C(=O)N1CCNC(=O)C1)c1ccc(cc1)Cl)c1ccc(cc1)Cl,0,0.893367,0.912880,0.970013
C[C@@H]1CN([C@@H](C)CO)C(=O)c2cc(ccc2O[C@@H]1CN(C)S(=O)(=O)c1ccc(cc1)F)NC(=O)CCN1CCOCC1,0,0.009218,0.024120,0.003755
COCC#Cc1cnc2c(c1)C(=O)N(C[C@@H](C)[C@H](CN(C)S(=O)(=O)c1cccc(c1)OC)O2)[C@@H](C)CO,0,0.018396,0.023546,0.004859
CCCN(C)C[C@H]1OCCCC[C@@H](C)Oc2ccc(cc2C(=O)N(C[C@H]1C)[C@@H](C)CO)NS(=O)(=O)C,0,0.023162,0.040061,0.008598
C[C@@H]1CCCCO[C@@H](CN(C)S(=O)(=O)c2cccs2)[C@@H](C)CN([C@H](C)CO)C(=O)c2cc(ccc2O1)NS(=O)(=O)C,0,0.001479,0.023589,0.003071
C[C@H]1CN([C@H](C)CO)C(=O)c2cc(ccc2O[C@H]1CN(C)Cc1ccc(cc1)-c1ccccc1)NC(=O)Nc1c(noc1C)C,0,0.141495,0.029849,0.015205
COC(=O)[C@H]1CNCCN1c1ccccc1,0,0.111268,0.035283,0.021521
C[C@H]1CN([C@H](C)CO)C(=O)Cc2cc(ccc2O[C@@H]1CN(C)C(=O)Nc1ccc2c(c1)OCO2)NC(=O)CCN1CCOCC1,0,0.001360,0.023644,0.003225
COCCNC(=O)C[C@H]1C[C@@H]2[C@@H](Oc3ccc(cc32)NC(=O)Nc2ccc(cc2)C(F)(F)F)[C@@H](CO)O1,0,0.721949,0.230829,0.148283
C[C@H](N)Cn1ccc2cc(c(cc12)Cl)F,0,0.359636,0.048060,0.029257
O[C@H]1COC[C@@H]2O[C@@H](CC[C@H]2N(C1)C(=O)Nc1ccc(c(c1)Cl)Cl)CC(=O)NCc1ccc(c(c1)Cl)Cl,0,0.987940,0.919555,0.914618
C[C@@H]1CN([C@H](C)CO)C(=O)Cc2cc(ccc2O[C@@H]1CN(C)S(=O)(=O)c1c(noc1C)C)NC(=O)Cc1ccccc1,0,0.003487,0.024906,0.004009
C[C@@H]1CCCCO[C@@H](CN(C)S(=O)(=O)c2ccccc2)[C@@H](C)CN([C@H](C)CO)C(=O)c2cc(ccc2O1)NS(=O)(=O)c1cn(cn1)C,0,0.005186,0.023835,0.002217
C[C@H]1CCCCO[C@@H](CN(C)C(=O)Nc2c(noc2C)C)[C@H](C)CN([C@H](C)CO)C(=O)c2cc(ccc2O1)NC(=O)C1CCCCC1,0,0.041322,0.025172,0.002910
COc1ccc(cc1)NC(=O)Nc1ccc2c(c1)C(=O)N(C[C@@H](C)[C@@H](CN(C)C(=O)C1CCCCC1)OCCCC[C@H](C)O2)[C@@H](C)CO,0,0.015836,0.022036,0.002750
C[C@H]1CN([C@H](C)CO)C(=O)c2cc(ccc2O[C@@H]1CN(C)S(=O)(=O)c1ccc(cc1)Cl)N(C)C,0,0.031233,0.031762,0.012913
COc1ccc(cc1)S(=O)(=O)N(C)C[C@H]1OCCCC[C@@H](C)Oc2ccc(cc2C(=O)N(C[C@H]1C)[C@@H](C)CO)NC(=O)CCC(F)(F)F,0,0.030837,0.025382,0.004218
C[C@H]1CCCCO[C@@H](CN(C)C(=O)NC2CCCCC2)[C@H](C)CN([C@H](C)CO)C(=O)c2cc(ccc2O1)NC(=O)c1ccccc1,0,0.002326,0.022124,0.002595
C[C@@H]1CCCCO[C@@H](CN(C)C(=O)NC2CCCCC2)[C@@H](C)CN([C@H](C)CO)C(=O)c2cc(ccc2O1)NC(=O)Nc1ccc(cc1)F,0,0.059329,0.027102,0.005167
C[C@H]1CN([C@@H](C)CO)C(=O)c2cccc(c2O[C@@H]1CN(C)S(=O)(=O)c1cccs1)NC(=O)c1cnccn1,0,0.010849,0.023289,0.004953
C[C@@H]1CN([C@H](C)CO)C(=O)Cc2cc(ccc2O[C@@H]1CN(C)S(=O)(=O)c1ccc(cc1)Cl)NC(=O)CCCN(C)C,0,0.018566,0.025002,0.005359
C[C@@H]1CCCCO[C@H](CN(C)S(=O)(=O)c2ccc(cc2)F)[C@H](C)CN([C@H](C)CO)C(=O)c2cc(ccc2O1)NS(=O)(=O)c1ccc(cc1)C,0,0.010364,0.023882,0.003337
C[C@H]1CCCCO[C@@H](CN(C)Cc2ccc(c(c2)Cl)Cl)[C@@H](C)CN([C@H](C)CO)C(=O)c2cc(ccc2O1)NC(=O)Nc1ccccc1,0,0.145656,0.032834,0.003874
COc1ccc(cc1)CN(C)C[C@H]1Oc2c(cccc2C(=O)N(C[C@@H]1C)[C@@H](C)CO)NS(=O)(=O)c1cn(cn1)C,0,0.062041,0.024200,0.004119
Cc1ccc(cc1)S[C@@]1(CC(=O)N(Cc2ccccc2C(F)(F)F)[C@@H]1c1ccc(cc1)CO)C(=O)NC1CC1,0,0.917471,0.295963,0.241781
C[C@H]1CN([C@@H](C)CO)C(=O)Cc2cc(ccc2O[C@H]1CN(C)CC1CC1)NC(=O)Cn1cnnn1,0,0.050997,0.032574,0.012151
CC(=CC(=O)OCCCCCCCCC(=O)O)CC1OCC(CC2OC2C(C)C(C)O)C(O)C1O,1,0.135976,0.710495,0.594561
COC(=O)[C@H](Cc1ccc(cc1)-n1cc(nn1)COc1ccccc1/C=C(C)/C=C/C(=O)NO)N(CC#C)O[C@@H](/C=C/[C@@H](O)Cc1ccccc1)C1CC1,0,0.567596,0.035469,0.016690
COc1ccc(cc1)NC(=O)N(C)C[C@H]1Oc2ccc(cc2CC(=O)N(C[C@H]1C)[C@H](C)CO)NC(=O)CCN1CCOCC1,0,0.002994,0.025145,0.003700
C[C@@H]1CN([C@H](C)CO)C(=O)Cc2cc(ccc2O[C@H]1CN(C)S(=O)(=O)c1ccccc1)NC(=O)CCC(F)(F)F,0,0.015279,0.027374,0.006836
COc1ccccc1C#Cc1ccc2c(c1)O[C@H](CN(C)Cc1cncnc1)[C@H](C)CN([C@@H](C)CO)S2(=O)=O,0,0.093792,0.026591,0.005480
C[C@H]1CN([C@H](C)CO)C(=O)Cc2cc(ccc2O[C@@H]1CN(C)Cc1ccc(cc1)-c1ccccc1)NS(=O)(=O)c1ccccc1,0,0.004989,0.027030,0.004317
C[C@H]1CCCCO[C@H](CN(C)Cc2ccc(cc2)C(F)(F)F)[C@@H](C)CN([C@H](C)CO)C(=O)c2cc(ccc2O1)NC(=O)c1ccncc1,0,0.115242,0.018723,0.004731
CN(C)CC(=O)N1CC2(C1)[C@H]([C@@H](CO)N2S(=O)(=O)C)c1ccccc1,0,0.083234,0.026463,0.020007
NCc1ccc2c(c1)CCO2,0,0.162546,0.075217,0.039471
C[C@@H]1CN([C@H](C)CO)C(=O)Cc2cc(ccc2O[C@H]1CN(C)C(=O)Nc1ccc2c(c1)OCO2)NC(=O)CCN1CCOCC1,0,0.001360,0.023644,0.003225
CCC(=O)N(C)C[C@@H]1Oc2ncc(cc2C(=O)N(C[C@H]1C)[C@H](C)CO)C#C[C@@H](C)O,0,0.005990,0.042739,0.009989
O[C@]12CCCC[C@@H]2CNCC1,0,0.061478,0.064855,0.019579
NC(=O)NCCCC(=O)O,0,0.004294,0.035492,0.018924
C[C@H]1CN([C@@H](C)CO)C(=O)Cc2cc(ccc2O[C@H]1CN(C)S(=O)(=O)C)NS(=O)(=O)c1cn(cn1)C,0,0.006923,0.023662,0.003881
COc1ccc(-c2coc3cc(OC)ccc3c2=O)c(O)c1,0,0.269348,0.238895,0.188281
C[C@H]1CCCCO[C@@H](CN(C)S(=O)(=O)c2ccccc2)[C@H](C)CN([C@@H](C)CO)C(=O)c2cc(ccc2O1)NC(=O)C1CCCCC1,0,0.002157,0.023672,0.002967
C[C@@H]1CCCCO[C@@H](CN(C)C(=O)Nc2ccc3c(c2)OCO3)[C@@H](C)CN([C@H](C)CO)C(=O)c2cc(ccc2O1)NS(=O)(=O)c1cccs1,0,0.001064,0.023676,0.002520
C[C@H]1CN([C@@H](C)CO)S(=O)(=O)c2ccc(cc2O[C@H]1CN(C)C(=O)Nc1cc(ccc1F)F)/C=C/c1ccccc1,0,0.102380,0.030366,0.007224
O=C(O)c1ccc(-n2nc(-c3ccccc3O)nc2-c2ccccc2O)cc1,0,0.945535,0.370962,0.220973
COc1ccc(cc1)NC(=O)Nc1ccc2c(c1)C(=O)N(C[C@H](C)[C@@H](CN(C)Cc1ccc(c(c1)Cl)Cl)OCCCC[C@@H](C)O2)[C@@H](C)CO,0,0.150791,0.035238,0.004036
C[C@@H]1CCCCO[C@@H](CN(C)C(=O)c2ccccc2)[C@H](C)CN([C@H](C)CO)C(=O)c2cc(ccc2O1)NS(=O)(=O)c1ccc(cc1)F,0,0.005643,0.023732,0.002377
OC1OC(c2ccc(Cl)c(Cc3ccc(OC4CCOC4)cc3)c2)C(O)C(O)C1O,0,0.652854,0.520596,0.337854
CCC=C(C(=O)NC1C(=O)N2C(C(=O)OCOC(=O)C(C)(C)C)=C(COC(N)=O)CSC12)c1csc(N)n1.Cl,0,0.855635,0.941352,0.909210
CCCNc1nc(ncc1C#CCCCNC(=O)[C@H](C)N(C)C(=O)/C=C/CN(C)C)Nc1ccc(cc1)C#N,0,0.313643,0.304543,0.067734
C[C@H]1CN([C@@H](C)CO)C(=O)c2cccc(c2O[C@H]1CN(C)Cc1ccc(cc1)-c1ccccc1)NC(=O)Nc1ccc(cc1)C(F)(F)F,0,0.817090,0.077297,0.042911
CCN1[C@H]([C@H](CO)[C@H]2CN3C(=O)C(=CC=C3[C@H]21)c1ccc(cc1)C(=O)N(C)C)C(=O)NCCOC,0,0.193692,0.022054,0.004984
C[C@@H]1CCCCO[C@@H](CN(C)C(=O)C2CCCCC2)[C@H](C)CN([C@@H](C)CO)C(=O)c2cc(ccc2O1)NS(=O)(=O)c1ccc(cc1)C,0,0.007026,0.024027,0.003302
COc1ccc(cc1)C#Cc1ccc2c(c1)[C@]1([C@H]([C@H]3N([C@@H]([C@@H](OC3=O)c3ccccc3)c3ccccc3)[C@H]1c1ccc(cc1)OCCO)C(=O)NC[C@H](O)c1ccccc1)C(=O)N2,0,0.080630,0.048366,0.013569
C[C@@H]1CN([C@@H](C)CO)C(=O)Cc2cc(ccc2O[C@H]1CN(C)C(=O)Nc1cccc2ccccc12)NC(=O)Nc1ccc2c(c1)OCO2,0,0.002617,0.020348,0.003085
COc1ccc2c3c(n(c2c1)C)[C@H](CO)N(C[C@]13CN(C1)C(=O)c1ccccn1)S(=O)(=O)c1ccc(cc1)C,0,0.002438,0.027660,0.006076
C[C@H]1CCCCO[C@H](CN(C)C(=O)Nc2c(noc2C)C)[C@H](C)CN([C@H](C)CO)C(=O)c2cc(ccc2O1)NC(=O)C1CCCCC1,0,0.041322,0.025172,0.002910
COc1ccc(cc1)S(=O)(=O)N(C)C[C@@H]1OCCCC[C@@H](C)Oc2ccc(cc2C(=O)N(C[C@H]1C)[C@@H](C)CO)NC(=O)Nc1ccc2c(c1)OCO2,0,0.002980,0.023594,0.002948
OC(=O)c1ccoc1,0,0.193405,0.143650,0.044013
NC(=N)NO,0,0.067660,0.218494,0.088093
C[C@@H]1CCCCO[C@@H](CN(C)C(=O)Nc2c(noc2C)C)[C@H](C)CN([C@H](C)CO)C(=O)c2cc(ccc2O1)NC(=O)Nc1ccc(cc1)F,0,0.122550,0.024412,0.003004
C[C@H]1CN([C@@H](C)CO)C(=O)Cc2cc(ccc2O[C@H]1CN(C)Cc1ccc(cc1)Oc1ccccc1)NC(=O)C1CC1,0,0.020221,0.025315,0.010467
C[C@H]1CN([C@H](C)CO)C(=O)Cc2cc(ccc2O[C@@H]1CN(C)S(=O)(=O)c1ccc(cc1)C)NC(=O)Cn1cnnn1,0,0.006561,0.026128,0.003808
OC[C@H]1O[C@@H](CC[C@H]1NC(=O)CN1CCOCC1)CC(=O)NC1CCC1,0,0.007842,0.025643,0.009802
O[C@H]1COC[C@@H]2O[C@@H](CC[C@H]2N(C1)C(=O)Nc1cccc(c1)F)CC(=O)NCc1ccccc1Cl,0,0.911546,0.878496,0.869866
CC(C)NC(=O)N(C)C[C@@H]1Oc2ccc(cc2C(=O)N(C[C@H]1C)[C@@H](C)CO)NC(=O)C1CCCCC1,0,0.014462,0.031752,0.007312
COc1ccc(cc1)-c1c(oc2ccc(cc12)Cl)C,0,0.336592,0.555231,0.272064
OC[C@@H]1O[C@@H](C[C@H]2[C@@H]1Oc1ccc(cc12)NC(=O)c1ccc2c(c1)OCO2)CC(=O)NCc1ccc(cc1)Oc1ccccc1,0,0.001828,0.027410,0.007320
C[C@H]1CN([C@@H](C)CO)C(=O)c2cccc(c2O[C@H]1CN(C)Cc1ccc(cc1)-c1ccccc1)NC(=O)NC1CCCCC1,0,0.128091,0.030553,0.016000
CN1CCN(C(=O)OC2c3nccnc3C(=O)N2c2ccc(Cl)cn2)CC1,0,0.619166,0.341051,0.384518
C[C@H]1CCCCO[C@@H](CN(C)S(=O)(=O)c2cccs2)[C@@H](C)CN([C@H](C)CO)C(=O)c2cc(ccc2O1)NC(=O)Nc1c(noc1C)C,0,0.004555,0.023540,0.002827
C[C@@H]1CN([C@@H](C)CO)C(=O)Cc2cc(ccc2O[C@H]1CN(C)S(=O)(=O)C)NC(=O)Cc1cn(c2ccccc12)C,0,0.002348,0.026412,0.003407
C[C@@H]1CN([C@H](C)CO)C(=O)Cc2cc(ccc2O[C@@H]1CN(C)Cc1ccc(cc1)C(F)(F)F)NC(=O)Cc1cn(c2ccccc12)C,0,0.159613,0.019578,0.004872
C[C@@H]1CN([C@H](C)CO)S(=O)(=O)c2ccc(cc2O[C@H]1CN(C)C(=O)Cc1ccccn1)-c1cccc(c1)C(=O)N(C)C,0,0.002278,0.023705,0.004972
Cc1ccnc(c1)[C@@H](N)C1CC1,0,0.343385,0.076817,0.031981
C[C@H]1CN([C@@H](C)CO)C(=O)c2cccc(c2O[C@H]1CN(C)C(=O)Nc1ccc(cc1)C(F)(F)F)NS(=O)(=O)c1ccc(cc1)F,0,0.460757,0.228259,0.025310
C[C@H]1CN([C@@H](C)CO)C(=O)c2cccc(c2O[C@H]1CN(C)S(=O)(=O)c1cccs1)NS(=O)(=O)c1cccs1,0,0.002066,0.026559,0.007356
CO[C@H]1C[C@@H](C)CC2=C(NCC=C)C(=O)C=C(NC(=O)/C(=C/C=C/[C@@H](OC)[C@@H](OC(=O)N)/C(=C/[C@@H](C)[C@@H]1O)C)C)C2=O,0,0.920142,0.381082,0.117457
C[C@@H]1CC[C@]23CCC(=O)[C@H]3[C@]1(C)[C@@H](C[C@@](C)(C=C)[C@@H](O)[C@@H]2C)OC(=O)CS[C@@H]1C[C@H]2CC[C@@H](C1)N2C,1,0.716378,0.194744,0.068809
CC(C)(C)OC(=O)NCc1nnc([nH]1)N,0,0.000254,0.033267,0.013821
C[C@@H]1CN([C@H](C)CO)C(=O)c2cc(ccc2O[C@@H]1CN(C)S(=O)(=O)c1cccs1)NC(=O)Nc1cccc2ccccc12,0,0.004154,0.023691,0.004103
COc1ccc(cc1)S(=O)(=O)N(C)C[C@H]1Oc2ccc(cc2C(=O)N(C[C@H]1C)[C@@H](C)CO)NC(=O)c1ccncc1,0,0.003818,0.024835,0.003678
C[C@H]1CN([C@@H](C)CO)C(=O)c2cc(cnc2O[C@H]1CN(C)C(=O)c1ccncc1)-c1ccc(cc1)C(=O)N(C)C,0,0.002852,0.023191,0.005577
C[C@@H]1CN([C@H](C)CO)C(=O)Cc2cc(ccc2O[C@@H]1CN(C)S(=O)(=O)c1cn(cn1)C)NC(=O)CCCCCC(=O)Nc1ccccc1N,0,0.003155,0.023650,0.002933
CC(S)C(=O)NCC(=O)O,0,0.000000,0.061509,0.036878
C[C@H]1CN([C@H](C)CO)C(=O)Cc2cc(ccc2O[C@@H]1CN(C)S(=O)(=O)c1ccccc1)NC(=O)Nc1c(noc1C)C,0,0.008254,0.025059,0.004170
C[C@H]1CCCCO[C@H](CN(C)C(=O)Cc2ccccc2)[C@@H](C)CN([C@H](C)CO)C(=O)c2cc(ccc2O1)NC(=O)C1CCCCC1,0,0.002081,0.024019,0.003090
COCC#Cc1ccc2c(c1)O[C@H](CN(C)Cc1ccc3c(c1)OCO3)[C@H](C)CN([C@@H](C)CO)S2(=O)=O,0,0.051051,0.025803,0.004958
OC[C@@H]1O[C@@H](C[C@@H]2[C@H]1Oc1ccc(cc12)NS(=O)(=O)c1ccc(cc1)F)CC(=O)NCc1ccncc1,0,0.019897,0.024027,0.009688
CCCNC(=O)Nc1ccc2c(c1)OC[C@H](C)N(C[C@H](C)[C@@H](CN(C)C2=O)OC)Cc1ccc(cc1)-c1ccccn1,0,0.027256,0.041496,0.013717
C[C@@H]1CN([C@H](C)CO)C(=O)Cc2cc(ccc2O[C@H]1CN(C)S(=O)(=O)c1cccs1)NC(=O)Cc1ccccc1,0,0.000921,0.023987,0.003905
C[C@H]1CN([C@H](C)CO)C(=O)c2cccc(c2O[C@H]1CN(C)C(=O)Nc1ccc2c(c1)OCO2)NC(=O)C1CC1,0,0.007452,0.022396,0.005638
C[C@H]1CCCCO[C@H](CN(C)C(=O)Cc2ccccc2)[C@H](C)CN([C@H](C)CO)C(=O)c2cc(ccc2O1)NC(=O)Nc1ccccc1,0,0.003528,0.021418,0.002488
C[C@H]1CCCCO[C@H](CN(C)S(=O)(=O)c2ccc(cc2)C)[C@H](C)CN([C@@H](C)CO)C(=O)c2cc(ccc2O1)NC(=O)Nc1cccc2ccccc12,0,0.005586,0.023732,0.002162
Cc1ccc(cc1)S(=O)(=O)N[C@H]1CC[C@@H](CC(=O)N2CCC(CC2)Cc2ccccc2)O[C@@H]1CO,0,0.047717,0.031578,0.019160
COCC(=O)N(C)C[C@H]1Oc2cc(ccc2S(=O)(=O)N(C[C@H]1C)[C@@H](C)CO)-c1ccc(cc1)C#N,0,0.004037,0.024257,0.006943
C[C@H]1CN([C@@H](C)CO)C(=O)c2cc(cnc2O[C@@H]1CN(C)S(=O)(=O)c1ccc(cc1)F)Br,0,0.085763,0.027066,0.007758
Oc1ccc(cc1)[C@H]1[C@H](C[C@@H]2N1C(=O)[C@@H]1CCCN1C2=O)C(=O)OCCOc1ccc(cc1)[C@H]1N2[C@@H]([C@@H](C(=O)OCC=C)[C@]11C(=O)Nc3ccccc31)C(=O)O[C@@H]([C@@H]2c1ccccc1)c1ccccc1,0,0.037728,0.080495,0.026471
Cc1ccc(cc1)S(=O)(=O)N1C[C@@H](O)COC[C@@H]2O[C@@H](CC[C@H]21)CC(=O)N[C@H]1CCN(C1)Cc1ccccc1,0,0.192523,0.028405,0.010006
C(OCc1ccccc1)c1ccccc1,0,0.340816,0.204673,0.138309
CCCNC(=O)Nc1ccc2c(c1)OC[C@H](C)N(C[C@@H](C)[C@H](CN(C)C2=O)OC)C(=O)C1CCOCC1,0,0.013323,0.025321,0.004697
C[C@@H]1CCCCO[C@H](CN(C)C(=O)Nc2ccc3c(c2)OCO3)[C@H](C)CN([C@H](C)CO)C(=O)c2cc(ccc2O1)NS(=O)(=O)c1cccs1,0,0.001064,0.023676,0.002520
C[C@@H]1CCCCO[C@H](CN(C)C(=O)Nc2ccc(cc2)F)[C@@H](C)CN([C@H](C)CO)C(=O)c2cc(ccc2O1)NC(=O)Nc1ccc2c(c1)OCO2,0,0.034050,0.025109,0.002740
COc1ccc(cc1)-c1cnc2c(c1)C(=O)N(C[C@H](C)[C@@H](CN(C)C(=O)Cc1cccnc1)O2)[C@@H](C)CO,0,0.007334,0.022834,0.003561
C[C@H]1CN([C@@H](C)CO)C(=O)Cc2cc(ccc2O[C@@H]1CN(C)C(=O)Nc1ccccc1)NC(=O)C1CC1,0,0.020496,0.023648,0.004898
C[C@@H]1CN([C@@H](C)CO)C(=O)Cc2cc(ccc2O[C@@H]1CN(C)S(=O)(=O)c1cn(cn1)C)NC(=O)Nc1ccc(cc1)F,0,0.038890,0.025194,0.004220
C[C@@H]1CN([C@@H](C)CO)C(=O)CCCn2cc(nn2)CO[C@H]1CN(C)C(=O)C1CC1,0,0.020130,0.021468,0.002913
C[C@H]1CCCCO[C@H](CN(C)Cc2ccc3c(c2)OCO3)[C@@H](C)CN([C@H](C)CO)C(=O)c2cc(ccc2O1)NC(=O)Nc1cccc2ccccc12,0,0.009004,0.024851,0.003350
C[C@@H]1CCCCO[C@H](CN(C)Cc2ccc(c(c2)Cl)Cl)[C@@H](C)CN([C@H](C)CO)C(=O)c2cc(ccc2O1)NC(=O)c1ccccc1,0,0.038453,0.029064,0.003094
C[C@@H]1CN([C@H](C)CO)C(=O)c2cccc(c2O[C@@H]1CN(C)S(=O)(=O)c1ccccc1)NS(=O)(=O)c1c(noc1C)C,0,0.008497,0.031033,0.005516
C[C@@H]1CN([C@H](C)CO)C(=O)c2cc(ccc2O[C@H]1CN(C)Cc1ccncc1)NC(=O)Nc1ccc(cc1)C(F)(F)F,0,0.434588,0.459447,0.357973
C[C@H]1CCCCO[C@@H](CN(C)C(=O)Cc2ccccc2)[C@@H](C)CN([C@H](C)CO)C(=O)c2cc(ccc2O1)NS(=O)(=O)c1ccc(cc1)F,0,0.006203,0.023856,0.003083
CN1[C@H]2CC[C@H](CC(=O)NCCc3ccncc3)O[C@H]2COc2ccc(cc2C1=O)NS(=O)(=O)c1ccc(cc1)C,0,0.005744,0.039709,0.007244
CN(C)CCCNC(=O)C[C@@H]1CC[C@H]2[C@H](COc3ccc(cc3C(=O)N2C)NC(=O)c2ccccc2F)O1,0,0.086575,0.030907,0.013679
COCC(=O)N1C[C@@H](C)[C@H](CN(C)C(=O)c2ccc(cc2OC[C@@H]1C)NC(=O)c1cc(on1)C)OC,0,0.016021,0.023834,0.005807
C[C@@H]1CN([C@H](C)CO)C(=O)Cc2cc(ccc2O[C@@H]1CN(C)CC1CC1)NS(=O)(=O)c1ccccc1,0,0.009826,0.028892,0.005026
CCCN(C)C[C@H]1OCCCC[C@@H](C)Oc2ccc(cc2C(=O)N(C[C@H]1C)[C@@H](C)CO)NC(=O)CCC(F)(F)F,0,0.163288,0.252425,0.155860
CC(=O)Nc1cc(ccc1O)[As](=O)(O)O,0,0.273989,0.378968,0.314018
O=C(CCc1ccc(O)cc1)c1c(O)cc(O)cc1OC1OC(CO)C(O)C(O)C1O,0,0.859084,0.093422,0.054302
C[C@H]1CCCCO[C@H](CN(C)Cc2ccccc2)[C@H](C)CN([C@@H](C)CO)C(=O)c2cc(ccc2O1)NC(=O)Cc1ccccc1,0,0.006777,0.025942,0.007419
C[C@H]1CN([C@@H](C)CO)C(=O)c2cc(ccc2O[C@@H]1CN(C)Cc1ccc(cc1)-c1ccccc1)NC(=O)Nc1c(noc1C)C,0,0.141495,0.029849,0.015205
C[C@H]1CN([C@H](C)CO)C(=O)c2cccc(c2O[C@H]1CN(C)Cc1ccncc1)NC(=O)c1cnccn1,0,0.020389,0.026064,0.004258
COCC(=O)Nc1ccc2c(c1)C(=O)N(C)[C@H]1CC[C@H](CC(=O)NC3Cc4ccccc4C3)O[C@H]1CO2,0,0.022020,0.024574,0.009220
CC(C)[Si]1(OCc2cc(nc(c21)-c1ccccc1)-c1ccc(o1)-c1ccc(c(c1)Cl)Cl)C(C)C,0,0.195586,0.745189,0.364237
C[C@@H]1CCCCO[C@H](CN(C)Cc2ccc(c(c2)Cl)Cl)[C@@H](C)CN([C@@H](C)CO)C(=O)c2cc(ccc2O1)NS(=O)(=O)c1ccc(cc1)F,0,0.120330,0.024932,0.003398
COc1ccc(cc1)NC(=O)Nc1cccc2c1O[C@H](CN(C)Cc1ccc(cc1)-c1ccccc1)[C@H](C)CN([C@H](C)CO)C2=O,0,0.072360,0.028530,0.007132
OC(=O)c1cc2cc(ccc2s1)F,0,0.815059,0.246459,0.143272
C[C@@H]1CN([C@H](C)CO)C(=O)c2cccc(c2O[C@H]1CN(C)Cc1ccc(cc1)Oc1ccccc1)NC(=O)C1CCOCC1,0,0.011927,0.025208,0.007571
C[C@@H]1CCCCO[C@@H](CN(C)C(=O)Nc2ccc3c(c2)OCO3)[C@@H](C)CN([C@H](C)CO)C(=O)c2cc(ccc2O1)NS(=O)(=O)c1ccc(cc1)Cl,0,0.005663,0.024866,0.002868
C[C@@H]1CN([C@@H](C)CO)C(=O)c2cccc(c2O[C@@H]1CN(C)Cc1ccc(cc1)-c1ccccc1)NS(=O)(=O)c1cccs1,0,0.019387,0.024592,0.005745
C[C@H]1CCCCO[C@H](CN(C)Cc2ccc(cc2)C(F)(F)F)[C@@H](C)CN([C@H](C)CO)C(=O)c2cc(ccc2O1)NS(=O)(=O)c1cn(cn1)C,0,0.205105,0.065085,0.005399
C[C@@H]1CN([C@H](C)CO)C(=O)Cc2cc(ccc2O[C@@H]1CN(C)Cc1ccc(cc1)-c1ccccc1)NC(=O)Cc1cn(c2ccccc12)C,0,0.033042,0.026146,0.004232
CC(C)NC(=O)Nc1ccc2c(c1)C(=O)N(C[C@H](C)[C@H](CN(C)S(=O)(=O)c1cccs1)O2)[C@@H](C)CO,0,0.009705,0.023725,0.005938
COc1ccc2c3c([nH]c2c1)[C@@H](CO)N(C[C@]13CN(Cc2nccs2)C1)S(=O)(=O)c1ccc(cc1)C,0,0.009159,0.025363,0.010090
CN1[C@@H]2CC[C@@H](CC(=O)NCc3ccc(cc3)-c3ccccc3)O[C@@H]2COc2ccc(cc2C1=O)NC(=O)Nc1ccccc1F,0,0.095994,0.057643,0.038244
Cc1csc(c1)-c1nnc(c2ccccc12)Nc1ccc(cc1)Oc1ncccc1-c1ccnc(n1)N,0,0.274347,0.111018,0.075149
C[C@@H]1CCCCO[C@H](CN(C)C(=O)c2ccccc2)[C@@H](C)CN([C@H](C)CO)C(=O)c2cc(ccc2O1)NS(=O)(=O)c1ccc(cc1)F,0,0.005643,0.023732,0.002377
C[C@H]1CCCCO[C@H](CN(C)C(=O)c2ccccc2)[C@H](C)CN([C@@H](C)CO)C(=O)c2cc(ccc2O1)NS(=O)(=O)c1ccccc1,0,0.000489,0.023732,0.002558
C[C@H]1CCCCO[C@@H](CN(C)C(=O)Nc2cccc3ccccc23)[C@H](C)CN([C@@H](C)CO)C(=O)c2cc(ccc2O1)NS(=O)(=O)c1ccc(cc1)C,0,0.004382,0.023732,0.002264
CC(C)C[C@H](N)C(=O)O,0,0.036740,0.046857,0.012178
C[C@@H]1CCCCO[C@@H](CN(C)C(=O)CCC(F)(F)F)[C@H](C)CN([C@H](C)CO)C(=O)c2cc(ccc2O1)NS(=O)(=O)c1ccc(cc1)F,0,0.042455,0.029658,0.006276
C[C@H]1CN([C@@H](C)CO)C(=O)Cc2cc(ccc2O[C@@H]1CN(C)S(=O)(=O)c1cn(cn1)C)NC(=O)C1CCCCC1,0,0.009207,0.024668,0.003400
C[C@H]1CN([C@@H](C)CO)C(=O)c2cccc(c2O[C@@H]1CN(C)Cc1ccc(cc1)C(F)(F)F)NC(=O)c1nc2ccccc2s1,0,0.141242,0.067461,0.038770
NCC[C@@H]1CC[C@@H](NC(=O)Cc2ccncc2)[C@H](CO)O1,0,0.048449,0.026590,0.015775
C[C@H]1CN([C@H](C)CO)C(=O)c2cc(ccc2O[C@@H]1CN(C)C(=O)Nc1ccc(cc1)F)NS(=O)(=O)C,0,0.117388,0.025708,0.007533
OCC1=CC(=O)C(=CO1)O,0,0.071197,0.128734,0.046211
CC(C)NC(=O)N(C)C[C@H]1Oc2ccc(cc2C(=O)N(C[C@H]1C)[C@@H](C)CO)NC(=O)Nc1ccc2c(c1)OCO2,0,0.011830,0.024667,0.006357
COc1ccc(cc1)NC(=O)Nc1ccc2c(c1)C(=O)N(C[C@H](C)[C@@H](CN(C)S(=O)(=O)C)O2)[C@@H](C)CO,0,0.013052,0.025234,0.006146
CNC(=O)C[C@H]1CC[C@H]2[C@@H](COC[C@H](O)CN2C(=O)c2ccc3c(c2)OCO3)O1,0,0.110665,0.098197,0.038646
C[C@H]1CCCCO[C@H](CN(C)Cc2ccncc2)[C@H](C)CN([C@H](C)CO)C(=O)c2cc(ccc2O1)NC(=O)c1ccccc1,0,0.003253,0.022166,0.002859
COc1ccccc1NC(=O)N(C)C[C@H]1OCc2ccccc2-c2c(n(c3ccccc23)C)C(=O)N(C[C@H]1C)[C@@H](C)CO,0,0.048552,0.023609,0.005462
C[C@@H]1CN([C@@H](C)CO)C(=O)c2cc(ccc2O[C@@H]1CN(C)Cc1ccccc1)NC(=O)Nc1ccc(cc1)C(F)(F)F,0,0.476767,0.865629,0.825518
C[C@H]1CCCCO[C@@H](CN(C)S(=O)(=O)c2ccc(cc2)C)[C@@H](C)CN([C@H](C)CO)C(=O)c2cc(ccc2O1)NS(=O)(=O)c1ccc(cc1)F,0,0.007673,0.023789,0.003086
OCc1ccc(cc1)[C@@H]1N(Cc2ccccc2Cl)C(=O)c2ccccc2[C@@]11Cc2ccccc2N(CC(F)(F)F)C1=O,0,0.307239,0.198086,0.145466
C[C@@H]1CN([C@H](C)CO)C(=O)c2cc(cnc2O[C@@H]1CN(C)S(=O)(=O)C)C#CC1(O)CCCC1,0,0.008375,0.023004,0.006259
C[C@H]1CCCCO[C@H](CN(C)S(=O)(=O)C)[C@@H](C)CN([C@H](C)CO)C(=O)c2cc(ccc2O1)NC(=O)Nc1cccc2ccccc12,0,0.004347,0.023838,0.002654
COCCNC(=O)C[C@@H]1C[C@@H]2[C@@H](Oc3ccc(cc32)NC(=O)CN(C)C)[C@@H](CO)O1,0,0.176834,0.023863,0.010521
C[C@H]1CN([C@H](C)CO)C(=O)c2cc(cnc2O[C@H]1CN(C)S(=O)(=O)c1ccc(cc1)C#N)-c1ccc(cc1)F,0,0.001746,0.025093,0.005076
COc1ccc2c3c([nH]c2c1)[C@H](CO)N(C[C@]13CN(Cc2ccccc2Cl)C1)S(=O)(=O)c1cn(cn1)C,0,0.043680,0.028016,0.013576
C[C@@H]1CN([C@@H](C)CO)C(=O)c2cccc(c2O[C@H]1CN(C)CC1CCCCC1)NS(=O)(=O)c1cn(cn1)C,0,0.099825,0.025476,0.004971
C[C@H](O)C#Cc1ccc2c(c1)O[C@@H](CN(C)C)[C@@H](C)CN([C@H](C)CO)S2(=O)=O,0,0.057580,0.032322,0.009199
N[C@H](C(=O)O)c1ccc(c(c1)O)C(=O)O,0,0.789098,0.147451,0.094102
C[C@H]1CN([C@@H](C)CO)C(=O)Cc2cc(ccc2O[C@@H]1CN(C)C(=O)Nc1ccccc1)NC(=O)CCCCCC(=O)Nc1ccccc1N,0,0.004187,0.020063,0.002643
C[C@@H]1CCCCO[C@@H](CN(C)C(=O)Nc2cccc3ccccc23)[C@H](C)CN([C@H](C)CO)C(=O)c2cc(ccc2O1)N(C)C,0,0.015548,0.025222,0.005718
C[C@H]1CN([C@@H](C)CO)C(=O)c2cc(cnc2O[C@H]1CN(C)S(=O)(=O)c1ccccc1)C#Cc1ccccc1F,0,0.022841,0.028541,0.005092
COc1nn(cc1C(=O)Nc1ccon1)C,0,0.104477,0.104607,0.045997
C[C@@H]1CCCCO[C@H](CN(C)C(=O)C2CCCCC2)[C@H](C)CN([C@H](C)CO)C(=O)c2cc(ccc2O1)NS(=O)(=O)c1cccs1,0,0.003604,0.030215,0.003441
COC(=O)[C@H]1[C@H](CO)[C@H]2CN3C(=O)C=CC=C3[C@H]2N1C(=O)C1CC1,0,0.010243,0.241151,0.128851
C[C@@H]1CN([C@@H](C)CO)C(=O)CCCn2nncc2CO[C@@H]1CN(C)C(=O)Oc1ccc2ccccc2c1,0,0.192777,0.034288,0.022435
C[C@@H]1CCCCO[C@H](CN(C)S(=O)(=O)c2cn(cn2)C)[C@H](C)CN([C@H](C)CO)C(=O)c2cc(ccc2O1)N(C)C,0,0.023175,0.023674,0.004814
CCOC(=O)CC(=O)c1ccn(n1)C,0,0.081899,0.091840,0.062058
C[C@H]1CN([C@@H](C)CO)C(=O)Cc2cc(ccc2O[C@@H]1CN(C)Cc1ccc(cc1)C(F)(F)F)NS(=O)(=O)C,0,0.055983,0.031056,0.010260
C[C@H]1CCCCO[C@@H](CN(C)C(=O)Nc2ccc(cc2)C)[C@@H](C)CN([C@H](C)CO)C(=O)c2cc(ccc2O1)NC(=O)C1CCCCC1,0,0.020783,0.024440,0.003523
Cc1cccc(c1)S(=O)(=O)N1C[C@H](O)COC[C@@H]2O[C@@H](CC[C@H]21)CC(=O)NCc1ccc2c(c1)OCO2,0,0.070138,0.023935,0.006253
COC(=O)[C@H]1NCCS1,0,0.015251,0.045346,0.016234
CC(C)N1C(=S)Nc2ccccc21,0,0.580894,0.067265,0.035102
CO[C@@H]1CN(C)C(=O)c2cc(ccc2OC[C@H](C)N(C[C@H]1C)Cc1ccccn1)NS(=O)(=O)CC(F)(F)F,0,0.007651,0.045871,0.008788
CCS(=O)(=O)N1C[C@]2(CCN(CC2)S(=O)(=O)c2ccccc2)c2c(n(c3cc(ccc23)OC)C)[C@@H]1CO,0,0.005166,0.032511,0.010422
C[C@@H]1CN([C@@H](C)CO)C(=O)c2cc(ccc2O[C@H]1CN(C)S(=O)(=O)c1ccc(cc1)Cl)NC(=O)CCCN(C)C,0,0.044991,0.025561,0.007182
COc1cccc(c1)-c1cnc2c(c1)C(=O)N(C[C@H](C)[C@H](CN(C)S(=O)(=O)c1cccs1)O2)[C@H](C)CO,0,0.002817,0.023785,0.004790
C[C@H]1CCCCO[C@H](CN(C)C)[C@@H](C)CN([C@H](C)CO)C(=O)c2cc(ccc2O1)NC(=O)Nc1cccc2ccccc12,0,0.048737,0.029138,0.011862
C[C@@H]1CCCCO[C@@H](CN(C)Cc2ccc(cc2)C(=O)O)[C@@H](C)CN([C@H](C)CO)C(=O)c2cc(ccc2O1)NC(=O)Nc1c(noc1C)C,0,0.154965,0.024552,0.003878
C[C@H]1CCCCO[C@H](CN(C)Cc2ccc(c(c2)Cl)Cl)[C@@H](C)CN([C@H](C)CO)C(=O)c2cc(ccc2O1)NC(=O)c1ccccc1,0,0.038453,0.029064,0.003094
C[C@H]1CN([C@@H](C)CO)C(=O)Cc2cc(ccc2O[C@H]1CN(C)S(=O)(=O)c1ccc(cc1)C)N(C)C,0,0.013387,0.031691,0.008080
C[C@@H]1CCCCO[C@@H](CN(C)Cc2ccc(c(c2)Cl)Cl)[C@H](C)CN([C@H](C)CO)C(=O)c2cc(ccc2O1)NS(=O)(=O)c1c(noc1C)C,0,0.101633,0.025445,0.003069
C[C@@H]1CCCCO[C@@H](CN(C)S(=O)(=O)c2cccs2)[C@@H](C)CN([C@H](C)CO)C(=O)c2cc(ccc2O1)NC(=O)c1ccccc1,0,0.000457,0.023789,0.002318
C[C@@H]1CCCCO[C@H](CN(C)Cc2ccc(cc2)C(=O)O)[C@H](C)CN([C@H](C)CO)C(=O)c2cc(ccc2O1)NC(=O)Nc1ccc(cc1)C(F)(F)F,0,0.782378,0.026483,0.004975
C[C@@H]1CCCCO[C@@H](CN(C)C(=O)Nc2ccc(cc2)F)[C@@H](C)CN([C@H](C)CO)C(=O)c2cc(ccc2O1)NC(=O)Nc1ccc2c(c1)OCO2,0,0.034050,0.025109,0.002740
NCc1ccccc1CN1CCOCC1,0,0.260577,0.081555,0.051654
COc1ccc(cc1)S(=O)(=O)N[C@@H]1CC[C@@H](CCNC(=O)CN2CCOCC2)O[C@H]1CO,0,0.008043,0.022701,0.006674
OC[C@@H]1[C@H]2CN3C(=O)C=CC=C3[C@H]2N([C@H]1C(=O)NCC(F)(F)F)C(=O)C1CCC1,0,0.112417,0.524942,0.246400
C[C@H]1CN([C@@H](C)CO)C(=O)Cc2cc(ccc2O[C@@H]1CN(C)C(=O)Nc1cccc2ccccc12)NC(=O)Nc1c(noc1C)C,0,0.015554,0.021791,0.003804
C[C@@H]1CN([C@H](C)CO)C(=O)Cc2cc(ccc2O[C@H]1CN(C)Cc1ccc(cc1)-c1ccccc1)NC(=O)Cc1ccccc1,0,0.021811,0.025287,0.007119
Oc1cccc(c1)-c1nc2ccc3ccccc3c2c2c1CCC2,0,0.430966,0.372360,0.416647
COc1ccc(cc1)C#Cc1ccc2c(c1)[C@]1([C@H]([C@H]3N([C@@H]([C@@H](OC3=O)c3ccccc3)c3ccccc3)[C@H]1c1ccccc1OCCO)C(=O)N1CCN(CC1)c1ncccn1)C(=O)N2,0,0.009350,0.071823,0.008924
COc1ccc(cc1)S(=O)(=O)Nc1cccc2c1O[C@@H](CN(C)S(=O)(=O)c1ccc(cc1)OC)[C@H](C)CN([C@@H](C)CO)C2=O,0,0.012220,0.026825,0.005022
COC1=CN=C(SC)N(C)C1=O,0,0.296599,0.060704,0.041825
COc1ccc(cc1)N(CC=C)C(=O)[C@H]1N(CCOCCO)C(=O)[C@H]2[C@@H]([C@H]3O[C@]21C=C3)C(=O)O,0,0.433061,0.251348,0.108780
OC(=O)CNC(=O)c1[nH]nc2ccccc12,0,0.328284,0.054140,0.099613
C[C@@H]1CN([C@@H](C)CO)C(=O)Cc2cc(ccc2O[C@H]1CN(C)Cc1ccc(cc1)-c1ccccc1)NS(=O)(=O)c1cccs1,0,0.006486,0.023840,0.004944
C[C@@H]1CCCCO[C@@H](CN(C)Cc2ccc3c(c2)OCO3)[C@H](C)CN([C@@H](C)CO)C(=O)c2cc(ccc2O1)NS(=O)(=O)c1ccc(cc1)F,0,0.013680,0.023856,0.003213
CO[C@@H]1CN(C)C(=O)c2cc(ccc2OC[C@@H](C)N(C[C@H]1C)C(=O)c1cnccn1)NC(=O)c1cnccn1,0,0.042336,0.026819,0.011702
Fc1ccc(cc1)-c1nc2c3ccccc3c3ccccc3c2[nH]1,0,0.766775,0.250076,0.243495
C[C@@H]1CCCCO[C@H](CN(C)C(=O)NC2CCCCC2)[C@H](C)CN([C@@H](C)CO)C(=O)c2cc(ccc2O1)NC(=O)c1ccncc1,0,0.003739,0.021883,0.002484
COc1cccc(c1)NC(=O)C[C@H]1CC[C@H]2[C@@H](COc3ccc(cc3C(=O)N2C)NC(=O)C2CCOCC2)O1,0,0.005687,0.024999,0.004151
C[C@H]1CN([C@H](C)CO)C(=O)c2cccc(c2O[C@H]1CN(C)S(=O)(=O)C)NS(=O)(=O)c1cccs1,0,0.004720,0.024538,0.005755
C[C@H]1CN([C@H](C)CO)C(=O)Cc2cc(ccc2O[C@@H]1CN(C)S(=O)(=O)c1ccc(cc1)C)NS(=O)(=O)c1cccs1,0,0.001618,0.023713,0.003219
C[C@@H]1CCCCO[C@@H](CN(C)C(=O)Nc2ccccc2)[C@@H](C)CN([C@H](C)CO)C(=O)c2cc(ccc2O1)NC(=O)Nc1ccc(cc1)F,0,0.042365,0.025641,0.004247
C[C@H]1CN([C@@H](C)CO)C(=O)c2cc(ccc2O[C@H]1CN(C)CC1CC1)NS(=O)(=O)c1c(noc1C)C,0,0.031595,0.025806,0.005349
C[C@@H]1CN([C@H](C)CO)C(=O)Cc2cc(ccc2O[C@H]1CN(C)Cc1ccc(cc1)-c1ccccc1)NS(=O)(=O)c1ccc(cc1)C,0,0.009532,0.024881,0.003966
COc1cccc(c1)S(=O)(=O)Nc1ccc2c(c1)[C@@H]1C[C@@H](CC(=O)NCCc3ccccc3)O[C@H](CO)[C@@H]1O2,0,0.005908,0.025651,0.007832
C[C@H]1CCCCO[C@H](CN(C)C(=O)Cc2ccccc2)[C@@H](C)CN([C@H](C)CO)C(=O)c2cc(ccc2O1)NS(=O)(=O)c1cccs1,0,0.001280,0.023835,0.002538
OCc1ccc(cc1)[C@H]1N(CC23CC4CC(CC(C4)C3)C2)C(=O)C[C@@]1(C(=O)NCc1ccccc1)c1ccc(cc1)[N+](=O)[O-],0,0.529208,0.202082,0.152318
CC(C)NC(=O)N[C@@H]1CC[C@H](CCN)O[C@@H]1CO,0,0.078228,0.023264,0.006825
C[C@@H]1CN([C@H](C)CO)C(=O)c2cccc(c2O[C@@H]1CN(C)S(=O)(=O)C)NS(=O)(=O)c1ccc(cc1)F,0,0.013296,0.024095,0.009111
CNC[C@@H]1OCCCC[C@H](C)Oc2ccc(cc2C(=O)N(C[C@@H]1C)[C@H](C)CO)NC(=O)Nc1ccc(cc1)C(F)(F)F,0,0.701576,0.908243,0.930058
C[C@@H]1CN([C@H](C)CO)C(=O)Cc2cc(ccc2O[C@@H]1CN(C)C(=O)Nc1ccc(cc1)C(F)(F)F)NC(=O)CCCCCC(=O)Nc1ccccc1N,0,0.141004,0.021820,0.003874
Cn1cc(c(n1)C(=O)O)-c1ccno1,0,0.625229,0.147734,0.060825
CCCN1C(=C([C@H](C(=C1C)C(=O)ON1CCC(CC1)(c1ccccc1)c1ccccc1)c1cccc(c1)[N+](=O)[O-])C(=O)OC)C,0,0.996405,0.466968,0.183559
CCS(=O)(=O)N1CC[C@]2(CC1)CN([C@H](CO)c1[nH]c3cc(ccc3c12)OC)S(=O)(=O)c1cccc(c1)OC,0,0.006530,0.027988,0.010551
NCC1(CC(=O)O)CCCCC1,0,0.455519,0.075158,0.032219
C[C@H]1CCCCO[C@H](CN(C)C(=O)C2CCCCC2)[C@@H](C)CN([C@@H](C)CO)C(=O)c2cc(ccc2O1)NC(=O)Cc1ccccc1,0,0.003821,0.021067,0.003404
C[C@@H]1CN([C@H](C)CO)C(=O)c2cccc(c2O[C@@H]1CN(C)S(=O)(=O)c1ccc(cc1)Cl)NS(=O)(=O)c1c(noc1C)C,0,0.034567,0.030340,0.005982
CO[C@]1(COc2ccccc2O1)C(=O)NN,0,0.518111,0.167671,0.052848
COc1ccccc1C#Cc1ccc2c(c1)O[C@@H](CN(C)C(=O)C)[C@@H](C)CN([C@@H](C)CO)S2(=O)=O,0,0.026983,0.026090,0.007761
C[C@H]1CN([C@H](C)CO)C(=O)c2cc(cnc2O[C@@H]1CN(C)C(=O)Cc1ccccn1)-c1ccc(cc1)F,0,0.007718,0.022929,0.004984
COc1ccc(cc1)S(=O)(=O)N[C@@H]1CC[C@H](CC(=O)N2CCC(CC2)Cc2ccccc2)O[C@@H]1CO,0,0.031291,0.035226,0.016948
COc1cc2c(cc1OC)CN(CC2)C(=O)[C@H]1[C@H]2N([C@@H]([C@@H](OC2=O)c2ccccc2)c2ccccc2)[C@@H](c2ccc(cc2)O)[C@]11C(=O)Nc2ccc(cc21)C#CC1=CCCCC1,0,0.042160,0.075756,0.014985
C[C@H]1CN([C@H](C)CO)C(=O)Cc2cc(ccc2O[C@H]1CN(C)C(=O)NC1CCCCC1)NC(=O)Nc1cccc2ccccc12,0,0.009057,0.025089,0.004350
C[C@@H]1CCCCO[C@@H](CN(C)C(=O)C2CCCCC2)[C@@H](C)CN([C@@H](C)CO)C(=O)c2cc(ccc2O1)NC(=O)Cc1ccccc1,0,0.003821,0.021067,0.003404
CC(C)NC(=O)N(C)C[C@@H]1Oc2c(cccc2C(=O)N(C[C@H]1C)[C@@H](C)CO)NC(=O)c1cc(nn1C)C,0,0.040240,0.023249,0.009166
NC(=O)NS(=O)(=O)c1ccc(N)cc1,0,0.160235,0.069052,0.011410
C[C@H]1CN([C@H](C)CO)C(=O)c2cc(ccc2O[C@@H]1CN(C)CC1CC1)NS(=O)(=O)c1ccc(cc1)C,0,0.030776,0.028537,0.005374
C[C@@H]1CN([C@H](C)CO)C(=O)c2cccc(c2O[C@@H]1CN(C)Cc1ccc(cc1)-c1ccccc1)NS(=O)(=O)c1ccc(cc1)F,0,0.066678,0.026380,0.006834
C[C@@H]1CN([C@@H](C)CO)S(=O)(=O)c2ccc(cc2O[C@@H]1CN(C)C(=O)c1ccccc1)C#CC1(O)CCCC1,0,0.008554,0.026796,0.004761
C[C@H]1CCCCO[C@H](CN(C)S(=O)(=O)c2ccccc2)[C@@H](C)CN([C@H](C)CO)C(=O)c2cc(ccc2O1)NC(=O)Nc1ccc(cc1)C(F)(F)F,0,0.114334,0.028607,0.004930
C[C@H]1CN([C@H](C)CO)S(=O)(=O)c2ccc(cc2O[C@@H]1CN(C)C(=O)Cc1ccncc1)C#CC1(O)CCCC1,0,0.014688,0.023579,0.004000
COc1ccc2c3c(n(c2c1)C)[C@H](CO)N(C[C@]13CN(C1)S(=O)(=O)c1ccc(cc1)C)S(=O)(=O)c1ccc(cc1)C,0,0.013778,0.038077,0.011790
CN1CCN(CC1)C(=O)C[C@H]1CC[C@@H](NC(=O)Nc2c(noc2C)C)[C@H](CO)O1,0,0.259399,0.024839,0.008883
C[C@@H]1CCCCO[C@@H](CN(C)C(=O)Nc2cccc3ccccc23)[C@H](C)CN([C@@H](C)CO)C(=O)c2cc(ccc2O1)NC(=O)Nc1ccc(cc1)F,0,0.038692,0.024786,0.003671
CC(=O)N1[C@H](CO)[C@@H](c2ccccc2)C21CN(C2)C(=O)CN1CCOCC1,0,0.011675,0.226184,0.047220
CNC(=O)Oc1cccc2ccccc12,0,0.845400,0.309042,0.205351
C[C@@H]1CCCCO[C@H](CN(C)C(=O)C2CCCCC2)[C@@H](C)CN([C@@H](C)CO)C(=O)c2cc(ccc2O1)NC(=O)Nc1c(noc1C)C,0,0.049667,0.025290,0.003769
OC[C@@H]1O[C@H](C[C@H]2[C@@H]1Oc1ccc(cc12)NC(=O)C1CCOCC1)CC(=O)N1CCc2ccccc2C1,0,0.016586,0.024524,0.006282
NC[C@@H](O)c1ccccc1,0,0.403795,0.232902,0.106976
O[C@H]1COC[C@H]2O[C@H](CC[C@@H]2N(C1)Cc1ccccc1F)CC(=O)N[C@H]1CCN(C1)Cc1ccccc1,0,0.300637,0.045525,0.021077
COc1ccc(cc1)S(=O)(=O)Nc1ccc2c(c1)C(=O)N(C[C@@H](C)[C@H](CN(C)CC1CCCCC1)OCCCC[C@H](C)O2)[C@@H](C)CO,0,0.022054,0.025645,0.004810
Fc1ccccc1N1CCN(CC1)S(=O)(=O)C1=CNC(=O)NC1=O,0,0.154771,0.205779,0.024150
Clc1ccc(c(c1)Cl)C(=O)Nc1ccc2ccccc2c1,0,0.881193,0.756768,0.472073
CC(C)CC#Cc1ccc2c(c1)O[C@@H](CN(C)S(=O)(=O)c1ccc(cc1)F)[C@H](C)CN([C@@H](C)CO)S2(=O)=O,0,0.034987,0.025940,0.006398
C[C@H]1CN([C@H](C)CO)C(=O)c2cccc(c2O[C@H]1CN(C)S(=O)(=O)c1c(noc1C)C)NC(=O)C1CCCCC1,0,0.024727,0.024081,0.004002
CC12CCC(=O)C=C1C=CC1C2CCC2(C)C1CCC21CCC(=O)O1,0,0.062742,0.192161,0.075865
C[C@@H]1CN([C@H](C)CO)S(=O)(=O)c2ccc(cc2O[C@@H]1CN(C)C(=O)C1CCOCC1)C1=CCCCC1,0,0.007636,0.031769,0.007205
OC[C@@H]1O[C@H](CCNC(=O)C2CCC2)CC[C@@H]1NC(=O)CN1CCOCC1,0,0.029281,0.020885,0.008763
C[C@@H]1CCCCO[C@H](CN(C)Cc2ccc(c(c2)Cl)Cl)[C@H](C)CN([C@@H](C)CO)C(=O)c2cc(ccc2O1)NC(=O)Nc1ccc2c(c1)OCO2,0,0.111812,0.032762,0.003641
C[C@@H]1CN([C@H](C)CO)S(=O)(=O)c2ccc(cc2O[C@H]1CN(C)C(=O)Nc1ccccc1F)C#CCN(C)C,0,0.333247,0.034164,0.013921
COc1ccc(cc1)NC(=O)Nc1cccc2c1O[C@H](CN(C)S(=O)(=O)c1c(noc1C)C)[C@@H](C)CN([C@H](C)CO)C2=O,0,0.055491,0.024485,0.003541
C[C@H]1CN([C@@H](C)CO)C(=O)c2cccc(c2O[C@H]1CN(C)S(=O)(=O)C)NC(=O)Nc1ccc(cc1)C(F)(F)F,0,0.327427,0.380122,0.213757
COC(=O)C1=CO[C@@H](O[C@@H]2O[C@H](CO)[C@@H](O)[C@H](O)[C@H]2O)/C(=C/C)[C@@H]1CC(=O)OCCc1ccc(c(c1)O)O,0,0.102988,0.287007,0.233809
CCOC(=O)C1=CNNC1=O,0,0.032300,0.085400,0.048900
C[C@@H]1CCCCO[C@H](CN(C)C(=O)CCCN(C)C)[C@H](C)CN([C@@H](C)CO)C(=O)c2cc(ccc2O1)NC(=O)Nc1ccc(cc1)C(F)(F)F,0,0.434494,0.224937,0.087819
C[C@@H]1CN([C@@H](C)CO)C(=O)c2cc(ccc2O[C@H]1CN(C)C(=O)Nc1c(noc1C)C)NC(=O)CCCN(C)C,0,0.059015,0.021539,0.003715
C[C@@H]1CCCCO[C@@H](CN(C)C(=O)c2ccccc2)[C@@H](C)CN([C@@H](C)CO)C(=O)c2cc(ccc2O1)NC(=O)Nc1ccc2c(c1)OCO2,0,0.001656,0.021360,0.001948
C[C@H]1CN([C@@H](C)CO)C(=O)Cc2cc(ccc2O[C@@H]1CN(C)S(=O)(=O)c1cn(cn1)C)NC(=O)Nc1ccc(cc1)F,0,0.038890,0.025194,0.004220
COc1ccc(cc1)S(=O)(=O)Nc1ccc2c(c1)C(=O)N(C[C@@H](C)[C@@H](CN(C)C(=O)Nc1ccc3c(c1)OCO3)OCCCC[C@@H](C)O2)[C@@H](C)CO,0,0.001991,0.024081,0.002777
COc1ccccc1C#Cc1ccc2c(c1)O[C@@H](CN(C)Cc1cccnc1)[C@@H](C)CN([C@H](C)CO)S2(=O)=O,0,0.048936,0.025648,0.004911
CCCCC[C@@H](C[C@@H](O)CC(=O)O[C@@H](CCCCC)C[C@@H](CC(=O)O)O[C@H]1O[C@@H](CO)[C@@H](O)[C@@H](O)[C@@H]1O)O[C@H]1O[C@@H](CO)[C@@H](O)[C@@H](O)[C@@H]1O,0,0.066686,0.577396,0.376558
COc1ccc(cc1)S(=O)(=O)Nc1ccc2c(c1)C(=O)N(C[C@H](C)[C@@H](CN(C)C(=O)Nc1ccc(cc1)F)OCCCC[C@@H](C)O2)[C@@H](C)CO,0,0.020890,0.026027,0.003582
C[C@H]1CN([C@H](C)CO)C(=O)c2cc(ccc2O[C@@H]1CN(C)C(=O)Nc1ccc(cc1)F)NS(=O)(=O)c1cn(cn1)C,0,0.185250,0.025704,0.004839
C[C@H]1CCCCO[C@@H](CN(C)S(=O)(=O)c2ccc(cc2)F)[C@@H](C)CN([C@H](C)CO)C(=O)c2cc(ccc2O1)NC(=O)c1ccccc1,0,0.002870,0.023758,0.002308
C[C@@H]1CN([C@@H](C)CO)S(=O)(=O)c2ccc(cc2O[C@@H]1CN(C)C(=O)C1CC1)-c1ccc(cc1)C(=O)N(C)C,0,0.018669,0.033088,0.008026
COCCN1C[C@@H](CC1=O)C(=O)O,0,0.008793,0.032192,0.010918
CC(C)NC(=O)N[C@@H]1C=C[C@H](CC(=O)NCCCN(C)C)O[C@H]1CO,0,0.198361,0.030868,0.009928
C[C@@H]1CCCCO[C@H](CN(C)S(=O)(=O)c2ccc(cc2)F)[C@@H](C)CN([C@H](C)CO)C(=O)c2cc(ccc2O1)NC(=O)Nc1ccccc1,0,0.012065,0.023789,0.002449
COc1ccc(cc1)NC(=O)Nc1ccc2c(c1)C(=O)N(C[C@@H](C)[C@@H](CN(C)C(=O)Nc1ccc3c(c1)OCO3)OCCCC[C@@H](C)O2)[C@@H](C)CO,0,0.005991,0.021993,0.002172
C[C@H]1CCCCO[C@@H](CN(C)C(=O)Nc2ccccc2)[C@@H](C)CN([C@H](C)CO)C(=O)c2cc(ccc2O1)NS(=O)(=O)c1ccc(cc1)F,0,0.015625,0.023763,0.002325
C[C@@H]1CCCCO[C@@H](CN(C)Cc2ccc3c(c2)OCO3)[C@H](C)CN([C@H](C)CO)C(=O)c2cc(ccc2O1)NC(=O)Nc1cccc2ccccc12,0,0.009004,0.024851,0.003350
C[C@@H]1CCCCO[C@@H](CN(C)S(=O)(=O)c2ccccc2)[C@H](C)CN([C@@H](C)CO)C(=O)c2cc(ccc2O1)NC(=O)Nc1ccc(cc1)C(F)(F)F,0,0.114334,0.028607,0.004930
C[C@H]1CN([C@@H](C)CO)C(=O)c2cc(cnc2O[C@@H]1CN(C)C(=O)C1CCOCC1)C#CCc1ccccc1,0,0.007395,0.023687,0.004253
OCCc1ccc2c(c1)OCO2,0,0.119222,0.061440,0.038289
OC(=O)c1cc(ccc1O)S(=O)(=O)NCCN1CCNC1=O,0,0.050113,0.213747,0.058913
COc1ccc(cc1)CN(C)C[C@@H]1OCCCC[C@@H](C)Oc2ccc(cc2C(=O)N(C[C@H]1C)[C@@H](C)CO)NS(=O)(=O)c1ccc(cc1)Cl,0,0.016555,0.025647,0.003732
C[C@@H]1CN([C@H](C)CO)S(=O)(=O)c2ccc(cc2O[C@@H]1CN(C)C(=O)c1ccccn1)C#Cc1ccc(cc1)F,0,0.018673,0.027742,0.004438
CC1(CN)Cc2ccccc2C1,0,0.472364,0.246412,0.166289
C[C@@H]1CCCCO[C@H](CN(C)C(=O)Nc2ccc(cc2)C(F)(F)F)[C@H](C)CN([C@@H](C)CO)C(=O)c2cc(ccc2O1)NC(=O)Nc1ccc(cc1)F,0,0.723307,0.042963,0.017667
OC(=O)CSCC(=O)N1CCCCC1,0,0.040809,0.045941,0.032114
C[C@H]1CCCCO[C@H](CN(C)S(=O)(=O)c2ccccc2)[C@@H](C)CN([C@H](C)CO)C(=O)c2cc(ccc2O1)NC(=O)CCC(F)(F)F,0,0.017294,0.025760,0.003318
COc1ccc(cc1)NC(=O)N(C)C[C@@H]1OCCCC[C@H](C)Oc2ccc(cc2C(=O)N(C[C@H]1C)[C@H](C)CO)NS(=O)(=O)c1ccccc1,0,0.002479,0.023680,0.002632
C[C@@H]1CN([C@@H](C)CO)C(=O)Cc2cc(ccc2O[C@H]1CN(C)C(=O)Nc1c(noc1C)C)NC(=O)C1CC1,0,0.028222,0.025893,0.004353
C[C@@H]1CN([C@@H](C)CO)C(=O)c2cc(ccc2O[C@H]1CN(C)C(=O)Nc1c(noc1C)C)NC(=O)c1ccncc1,0,0.019098,0.022776,0.003635
CCC(=O)Nc1ccc2c(c1)C(=O)N(C)C[C@H](OC)[C@@H](C)CN([C@H](C)CO2)C(=O)CN1CCOCC1,0,0.001972,0.025705,0.003211
CN(C)C(=O)CN1CCn2cc(nc2C1)Cn1cncn1,0,0.075023,0.058205,0.020242
C[C@@H]1CCCCO[C@@H](CN(C)C(=O)CCC(F)(F)F)[C@@H](C)CN([C@H](C)CO)C(=O)c2cc(ccc2O1)NS(=O)(=O)c1ccccc1,0,0.009022,0.023897,0.003536
C[C@H]1CN([C@@H](C)CO)C(=O)c2cc(ccc2O[C@H]1CN(C)C(=O)Nc1cccc2ccccc12)NC(=O)NC1CCCCC1,0,0.011762,0.024834,0.007292
Cl.Cn1c(CCCC(=O)O)nc2cc(N(CCCl)CCCl)ccc21,0,0.970001,0.382210,0.228206
C[C@H]1CN([C@H](C)CO)C(=O)c2cc(cnc2O[C@@H]1CN(C)C(=O)Cc1ccccn1)-c1cccc(c1)C(=O)N(C)C,0,0.001735,0.022298,0.003166
C[C@@H]1CN([C@@H](C)CO)C(=O)c2cc(ccc2O[C@H]1CN(C)Cc1ccccc1)NC(=O)Nc1cccc2ccccc12,0,0.015160,0.031675,0.013390
C[C@@H]1CN([C@@H](C)CO)C(=O)c2cccc(c2O[C@@H]1CN(C)Cc1ccc2c(c1)OCO2)NC(=O)Nc1ccc(cc1)C(F)(F)F,0,0.428272,0.128896,0.136028
C[C@@H]1CN([C@H](C)CO)C(=O)c2cccc(c2O[C@H]1CN(C)Cc1ccc(cc1)C(=O)Nc1ccccc1N)NS(=O)(=O)c1cn(cn1)C,0,0.024602,0.024805,0.003135
C[C@H]1CN([C@@H](C)CO)C(=O)Cc2cc(ccc2O[C@@H]1CN(C)S(=O)(=O)c1ccc(cc1)F)N(C)C,0,0.028686,0.033111,0.010948
C[C@@H]1CCCCO[C@@H](CN(C)Cc2ccccc2)[C@H](C)CN([C@H](C)CO)C(=O)c2cc(ccc2O1)NC(=O)c1ccncc1,0,0.004002,0.022468,0.003573
C[C@@H]1CN([C@H](C)CO)S(=O)(=O)c2ccc(cc2O[C@@H]1CN(C)Cc1ccccc1)C#Cc1ccccn1,0,0.017324,0.034734,0.006913
CCCC#Cc1cnc2c(c1)C(=O)N(C[C@H](C)[C@H](CN(C)S(=O)(=O)c1cccc(c1)OC)O2)[C@@H](C)CO,0,0.011511,0.023455,0.004559
Cn1cnc(c1)S(=O)(=O)N1C[C@@H](O)COC[C@H]2O[C@@H](CC[C@@H]21)CC(=O)NC1CCC1,0,0.187758,0.057368,0.018392
C[C@H]1CN([C@H](C)CO)C(=O)c2cccc(c2O[C@H]1CN(C)S(=O)(=O)c1ccc(cc1)C)NC(=O)c1cc(nn1C)C,0,0.017026,0.024573,0.004600
CN1[C@H](CO)[C@@H]2[C@H]1CNc1ccccc12,0,0.070798,0.070322,0.010849
C[C@H]1CCCCO[C@@H](CN(C)C(=O)Nc2c(noc2C)C)[C@H](C)CN([C@@H](C)CO)C(=O)c2cc(ccc2O1)NS(=O)(=O)c1ccc(cc1)Cl,0,0.030516,0.024938,0.002461
C[C@H]1CN([C@@H](C)CO)C(=O)c2cc(ccc2O[C@H]1CN(C)C(=O)Nc1ccc(cc1)F)NC(=O)Cn1cnnn1,0,0.272128,0.025614,0.015181
OC[C@H]1O[C@H](C[C@H]2[C@@H]1Oc1ccc(cc12)NS(=O)(=O)c1ccc(cc1)F)CC(=O)NCc1ccccc1,0,0.020076,0.033916,0.012702
C[C@@H]1CN([C@@H](C)CO)C(=O)Cc2cc(ccc2O[C@@H]1CN(C)S(=O)(=O)c1ccc(cc1)C)NS(=O)(=O)c1cccs1,0,0.001618,0.023713,0.003219
CC(C)N1CC[C@@H](CN(C)Cc2ccc(cc2)C(=O)O)Oc2cc(ccc2S1(=O)=O)-c1ccc(cc1)C(F)(F)F,0,0.501434,0.106882,0.066504
COc1ccc(cc1)S(=O)(=O)Nc1ccc2c(c1)C(=O)N(C[C@@H](C)[C@H](CN(C)S(=O)(=O)c1ccccc1)O2)[C@H](C)CO,0,0.004644,0.024748,0.004096
COc1ccc(cc1)CN(C)C[C@@H]1Oc2ccc(cc2CC(=O)N(C[C@H]1C)[C@H](C)CO)NS(=O)(=O)C,0,0.005711,0.025416,0.007302
Oc1ccc(cc1)[C@H]1N2[C@@H]([C@@H](C(=O)NCC=C)[C@]11C(=O)Nc3ccc(cc31)C#CC1=CCCCC1)C(=O)O[C@@H]([C@@H]2c1ccccc1)c1ccccc1,0,0.780194,0.261616,0.213466
C[C@H]1CN([C@@H](C)CO)S(=O)(=O)c2ccc(cc2O[C@H]1CN(C)C(=O)C1CCCCC1)-c1cncnc1,0,0.034839,0.024213,0.005294
O[C@@H]1COC[C@@H]2O[C@@H](CC[C@H]2N(C1)C(=O)Nc1cccc(c1)F)CC(=O)NCc1ccccc1Cl,0,0.911546,0.878496,0.869866
C[C@H]1CN([C@@H](C)CO)C(=O)CCCn2cc(nn2)CO[C@H]1CN(C)C(=O)Oc1cccc2ccccc12,0,0.149553,0.031646,0.013805
O=S1(=O)[C@@H]2C[C@@H]3O[C@@]2(CN1C1CC1)C=C3,0,0.000770,0.156520,0.010603
C[C@H]1CN([C@@H](C)CO)C(=O)Cc2cc(ccc2O[C@@H]1CN(C)S(=O)(=O)C)NC(=O)Cn1cnnn1,0,0.004007,0.024102,0.005701
COC(=O)c1c2oc(c1C(=O)OC)C(=O)N[C@@H](Cc1ccccc1)Cn1cc(nn1)CNC(=O)[C@@H](Cc1ccccc1)NC(=O)N[C@H](CC2)COC(=O)NCCCCCC(=O)NO,0,0.000012,0.080535,0.032519
C[C@@H]1CN([C@H](C)CO)C(=O)CCCn2cc(nn2)CO[C@H]1CN(C)C(=O)Nc1cccc2ccccc12,0,0.029003,0.021944,0.006969
CNC(=O)C(=O)NCCCCn1cc(nn1)[C@H]1Oc2ccccc2S(=O)(=O)N(CC=C)[C@@H]1Cc1ccccc1,0,0.396276,0.034429,0.029768
C[C@H]1CN([C@H](C)CO)C(=O)c2cccc(c2O[C@@H]1CN(C)CC1CC1)NS(=O)(=O)c1ccc(cc1)C,0,0.039690,0.028533,0.005498
COc1cccc(c1)S(=O)(=O)N(C)C[C@@H]1Oc2ncc(cc2C(=O)N(C[C@H]1C)[C@H](C)CO)C#CCC(C)C,0,0.012225,0.023455,0.004767
COc1ccc(cc1)C#Cc1ccc2c(c1)O[C@H](CN(C)C(=O)C)[C@H](C)CN([C@@H](C)CO)S2(=O)=O,0,0.020066,0.026160,0.009183
Cc1ccc(cc1)S(=O)(=O)N1C[C@H](O)COC[C@H]2O[C@@H](CC[C@@H]21)CC(=O)N[C@H]1CCN(C1)Cc1ccccc1,0,0.192523,0.028405,0.010006
C[C@H]1CN([C@H](C)CO)C(=O)Cc2cc(ccc2O[C@@H]1CN(C)Cc1ccc(cc1)C(=O)O)NC(=O)CCN1CCOCC1,0,0.026828,0.039661,0.014628
C[C@H]1CCCCO[C@@H](CN(C)C(=O)Nc2c(noc2C)C)[C@@H](C)CN([C@@H](C)CO)C(=O)c2cc(ccc2O1)NC(=O)c1ccccc1,0,0.009599,0.022518,0.002021
COc1ccc(cc1)NC(=O)Nc1ccc2c(c1)C(=O)N(C[C@H](C)[C@H](CN(C)S(=O)(=O)c1cccs1)OCCCC[C@@H](C)O2)[C@H](C)CO,0,0.002619,0.023895,0.002680
CC12CCC(O)CC1CCC1C2CC(O)C2(C)C(C3=CC(=O)OC3)CCC12O,0,0.230697,0.603006,0.272552
CC(C)NC(=O)N(C)C[C@H]1Oc2cc(ccc2S(=O)(=O)N(C[C@@H]1C)[C@H](C)CO)-c1ccc(cc1)C,0,0.071647,0.058401,0.010254
C[C@@H]1CN([C@@H](C)CO)C(=O)Cc2cc(ccc2O[C@@H]1CN(C)Cc1ccc(cc1)C(F)(F)F)NC(=O)Nc1ccc2c(c1)OCO2,0,0.078507,0.053054,0.012448
COc1ccc(cc1)S(=O)(=O)Nc1ccc2c(c1)C(=O)N(C[C@H](C)[C@@H](CN(C)S(=O)(=O)C)OCCCC[C@H](C)O2)[C@H](C)CO,0,0.002584,0.024706,0.004171
Cc1cccc(c1)S(=O)(=O)N1C[C@@H](O)COC[C@H]2O[C@H](CC[C@@H]21)CC(=O)NCCCN1CCOCC1,0,0.228718,0.029061,0.011283
C[C@H]1CN([C@@H](C)CO)C(=O)c2cc(ccc2O[C@@H]1CN(C)Cc1ccncc1)NS(=O)(=O)c1cn(cn1)C,0,0.019012,0.024437,0.004303
C[C@H]1CN([C@@H](C)CO)C(=O)c2cccc(c2O[C@@H]1CN(C)S(=O)(=O)c1ccccc1)NC(=O)c1cc(nn1C)C,0,0.008920,0.023274,0.004539
C[C@@H]1CN([C@H](C)CO)C(=O)c2cc(ccc2O[C@@H]1CN(C)Cc1ccc(cc1)C(F)(F)F)NS(=O)(=O)c1ccc(cc1)Cl,0,0.405688,0.044326,0.011100
COCC(=O)Nc1ccc2c(c1)OC[C@@H](C)N(C[C@@H](C)[C@@H](CN(C)C2=O)OC)C(=O)Nc1ccccc1F,0,0.199033,0.029481,0.010171
C[C@@H]1CCCCO[C@@H](CN(C)Cc2ccc(c(c2)Cl)Cl)[C@H](C)CN([C@H](C)CO)C(=O)c2cc(ccc2O1)NS(=O)(=O)c1cn(cn1)C,0,0.169874,0.024212,0.003211
C[C@@H]1CCCCO[C@H](CN(C)Cc2ccncc2)[C@@H](C)CN([C@H](C)CO)C(=O)c2cc(ccc2O1)NC(=O)Nc1ccccc1,0,0.014176,0.025822,0.003620
CS(=O)(=O)N1[C@@H]2CN3C(=O)C(=CC=C3[C@H]1[C@H]([C@@H]2CO)C(=O)N1CCOCC1)c1ccc(cc1)F,0,0.013088,0.034412,0.009191
C/C(=C\c1ccccc1OCc1cn(nn1)-c1ccc(cc1)C[C@@H]1N2CC(=C)[C@@H](/C=C/C=C)[C@@H]2[C@H](Cc2ccccc2)OC1=O)/C=C/C(=O)NO,0,0.930207,0.064941,0.054050
C[C@@H]1CCCCO[C@@H](CN(C)Cc2ccccc2)[C@H](C)CN([C@@H](C)CO)C(=O)c2cc(ccc2O1)NS(=O)(=O)c1ccc(cc1)C,0,0.006629,0.024791,0.004809
C[C@H]1CN([C@@H](C)CO)C(=O)c2cccc(c2O[C@H]1CN(C)CC1CC1)NS(=O)(=O)c1c(noc1C)C,0,0.034958,0.024077,0.004399
C[C@@H]1CN([C@H](C)CO)C(=O)Cc2cc(ccc2O[C@H]1CN(C)Cc1ccc(c(c1)Cl)Cl)NS(=O)(=O)c1ccccc1,0,0.012188,0.024328,0.004468
C[C@@H]1CN([C@H](C)CO)C(=O)c2cccc(c2O[C@H]1CN(C)C(=O)Nc1ccccc1)NC(=O)c1cnccn1,0,0.054097,0.022945,0.006933
C[C@H]1CN([C@@H](C)CO)C(=O)Cc2cc(ccc2O[C@@H]1CN(C)C(=O)Nc1cccc2ccccc12)NC(=O)Nc1ccc(cc1)F,0,0.029399,0.025726,0.005828
Cc1cccc(c1)[C@@H](N)c1nccn1C,0,0.873369,0.175000,0.075855
C[C@@H]1CCCCO[C@@H](CN(C)Cc2ccccc2)[C@H](C)CN([C@H](C)CO)C(=O)c2cc(ccc2O1)NC(=O)Nc1ccc(cc1)F,0,0.088287,0.030459,0.007941
C[C@@H]1CCCCO[C@@H](CN(C)Cc2ccc3c(c2)OCO3)[C@@H](C)CN([C@H](C)CO)C(=O)c2cc(ccc2O1)NC(=O)Nc1ccc(cc1)F,0,0.058474,0.028609,0.005615
C[C@@H]1CCCCO[C@@H](CN(C)Cc2ccc(c(c2)Cl)Cl)[C@H](C)CN([C@@H](C)CO)C(=O)c2cc(ccc2O1)N(C)C,0,0.390897,0.043060,0.007336
C1CC1c1noc(n1)C1CNC1,0,0.564975,0.039954,0.018892
CCCCCC(C)N.O=S(=O)(O)O,0,0.000757,0.127808,0.067424
CC1(C)N(CCNC1=O)C(=O)Cc1ccccc1,0,0.018913,0.107353,0.035083
CN1[C@H]2CC[C@H](CC(=O)NCCc3ccncc3)O[C@@H]2COc2ccc(cc2C1=O)NC(=O)C1CCCC1,0,0.015564,0.027639,0.008947
CS(=O)(=O)NC[C@]12COC[C@H]2CN(C1)C(=O)c1cnccn1,0,0.018575,0.024742,0.005982
C[C@@H]1CN([C@@H](C)CO)C(=O)c2cc(ccc2O[C@H]1CN(C)C(=O)Nc1cccc2ccccc12)NS(=O)(=O)c1ccc(cc1)F,0,0.021593,0.024793,0.003724
CC(C)NC(=O)N(C)C[C@@H]1Oc2c(cccc2C(=O)N(C[C@@H]1C)[C@H](C)CO)NC(=O)c1cc(nn1C)C,0,0.040240,0.023249,0.009166
C[C@H]1CN([C@H](C)CO)C(=O)Cc2cc(ccc2O[C@H]1CN(C)Cc1ccc(cc1)-c1ccccc1)NC(=O)Nc1ccc(cc1)F,0,0.210184,0.026624,0.008264
COc1ccc(cc1)S(=O)(=O)N(C)C[C@@H]1Oc2ncc(cc2C(=O)N(C[C@@H]1C)[C@H](C)CO)/C=C/C,0,0.006107,0.024571,0.006271
COc1ccc(-c2cc(=O)c3c(OC)c(OC)c(OC)c(OC)c3o2)cc1,0,0.739870,0.149731,0.043393
C[C@H]1CN([C@H](C)CO)S(=O)(=O)c2ccc(cc2O[C@H]1CN(C)C(=O)Cc1ccccn1)C#Cc1ccccc1,0,0.005917,0.026581,0.004419
C[C@H]1CCCCO[C@H](CN(C)CC2CCCCC2)[C@@H](C)CN([C@@H](C)CO)C(=O)c2cc(ccc2O1)NC(=O)CCC(F)(F)F,0,0.320472,0.199007,0.089733
C[C@H]1CCCCO[C@@H](CN(C)S(=O)(=O)c2ccccc2)[C@@H](C)CN([C@H](C)CO)C(=O)c2cc(ccc2O1)NC(=O)Nc1cccc2ccccc12,0,0.002244,0.023732,0.002118
C[C@H]1CN([C@@H](C)CO)C(=O)c2cccc(c2O[C@H]1CN(C)Cc1ccc(cc1)-c1ccccc1)NS(=O)(=O)c1ccc(cc1)C,0,0.023951,0.028023,0.003963
C[C@@H]1CN([C@@H](C)CO)C(=O)c2cc(cnc2O[C@H]1CN(C)S(=O)(=O)c1ccccc1)C#Cc1ccccc1F,0,0.022841,0.028541,0.005092
CC(C)N1CC=C[C@@]23O[C@@H]4C=CCCOC(=O)[C@@H]4[C@H]2C(=O)N(CCCO)[C@@H]3C1=O,0,0.109962,0.298991,0.098420
COc1ccc(cc1)NC(=O)Nc1ccc2c(c1)C(=O)N(C[C@H](C)[C@@H](CN(C)Cc1ccncc1)OCCCC[C@H](C)O2)[C@H](C)CO,0,0.014527,0.027431,0.003368
N[C@@H](C(=O)N[C@H]1[C@H]2SCC(=C(N2C1=O)C(=O)O)Cl)c1ccccc1,1,0.999796,0.945804,0.943643
COc1ccc(cc1OC)C1=C(N)C(=O)NC1=O,0,0.705490,0.287430,0.200874
C1CN(CCN1)c1ccccn1,0,0.083600,0.042101,0.021312
C[C@H]1CCCCO[C@@H](CN(C)C(=O)NC2CCCCC2)[C@@H](C)CN([C@@H](C)CO)C(=O)c2cc(ccc2O1)NC(=O)Nc1ccccc1,0,0.010308,0.022100,0.003012
COc1ccc(cc1)S(=O)(=O)Nc1ccc2c(c1)CC(=O)N(C[C@H](C)[C@H](CN(C)S(=O)(=O)C)O2)[C@@H](C)CO,0,0.002671,0.023671,0.005265
C[C@@H]1CN([C@H](C)CO)C(=O)c2cc(ccc2O[C@H]1CN(C)Cc1ccc(cc1)-c1ccccc1)NC(=O)CCC(F)(F)F,0,0.270056,0.199616,0.116941
C[C@H]1CCCCO[C@H](CN(C)CC2CCCCC2)[C@H](C)CN([C@H](C)CO)C(=O)c2cc(ccc2O1)NC(=O)Nc1ccccc1,0,0.073651,0.029590,0.013025
COc1ccccc1CNC(=O)C[C@H]1C[C@H]2[C@H](Oc3ccc(cc32)NC(=O)Nc2ccc(cc2)C(F)(F)F)[C@@H](CO)O1,0,0.644535,0.152931,0.123851
C[C@H]1CN([C@@H](C)CO)C(=O)c2cc(ccc2O[C@H]1CN(C)Cc1ccc(cc1)C(F)(F)F)NC(=O)Nc1ccccc1,0,0.241289,0.171871,0.074764
C[C@@H]1CCCCO[C@@H](CN(C)C(=O)CCC(F)(F)F)[C@@H](C)CN([C@H](C)CO)C(=O)c2cc(ccc2O1)NC(=O)CCCCCC(=O)Nc1ccccc1N,0,0.028870,0.018105,0.003436
C[C@H]1CN([C@@H](C)CO)S(=O)(=O)c2ccc(cc2O[C@@H]1CN(C)C(=O)CN(C)C)-c1ccc(cc1)C#N,0,0.017587,0.196534,0.016431
C[C@@H]1CCCCO[C@@H](CN(C)Cc2ccccc2)[C@@H](C)CN([C@@H](C)CO)C(=O)c2cc(ccc2O1)NC(=O)Nc1ccc(cc1)C(F)(F)F,0,0.389077,0.046795,0.025302
C[C@@H]1CN([C@@H](C)CO)C(=O)c2cc(ccc2O[C@@H]1CN(C)Cc1ccc(cc1)Oc1ccccc1)NC(=O)Nc1c(noc1C)C,0,0.017961,0.028218,0.010368
C[C@@H]1CN([C@@H](C)CO)C(=O)c2cccc(c2O[C@@H]1CN(C)C(=O)Nc1cccc2ccccc12)NS(=O)(=O)c1ccc(cc1)Cl,0,0.026791,0.025484,0.005457
COc1ccc(cc1)S(=O)(=O)N(C)C[C@@H]1Oc2ncc(cc2C(=O)N(C[C@H]1C)[C@H](C)CO)-c1ccncc1,0,0.005010,0.023458,0.003747
C[C@H]1CN([C@@H](C)CO)C(=O)c2cccc(c2O[C@@H]1CN(C)Cc1ccccc1)NS(=O)(=O)c1cn(cn1)C,0,0.032975,0.024144,0.004849
OC[C@H]1O[C@H](CCNC(=O)C2CCC2)CC[C@@H]1NC(=O)CN1CCOCC1,0,0.029281,0.020885,0.008763
C[C@@H]1CN([C@H](C)CO)C(=O)c2cccc(c2O[C@@H]1CN(C)S(=O)(=O)c1ccc(cc1)C)NS(=O)(=O)c1c(noc1C)C,0,0.020390,0.030355,0.004908
CN(C)CCCCNC(=O)[C@H]1C[C@@H]2N([C@H]1c1cccc(c1)OCCO)C(=O)[C@H](CCCCN(C)C)NC2=O,0,0.856233,0.102024,0.059674
C[C@H]1CN([C@@H](C)CO)C(=O)Cc2cc(ccc2O[C@H]1CN(C)Cc1ccccc1)NC(=O)Nc1ccc(cc1)C(F)(F)F,0,0.283358,0.159230,0.106802
NCCS(=O)(=O)N1CCN(CC1)c1ccc(cc1)F,0,0.030500,0.036663,0.012899
C[C@H]1CCCCO[C@@H](CN(C)Cc2ccc(cc2)C(F)(F)F)[C@H](C)CN([C@H](C)CO)C(=O)c2cc(ccc2O1)NC(=O)Nc1cccc2ccccc12,0,0.173571,0.018171,0.006136
COc1ccccc1C#Cc1ccc2c(c1)O[C@H](CN(C)Cc1cncnc1)[C@H](C)CN([C@H](C)CO)S2(=O)=O,0,0.093792,0.026591,0.005480
C[C@@H]1CN([C@@H](C)CO)S(=O)(=O)c2ccc(cc2O[C@H]1CN(C)S(=O)(=O)c1cccc(c1)F)Br,0,0.108837,0.034484,0.007396
C[C@@H]1CN([C@H](C)CO)C(=O)c2cccc(c2O[C@@H]1CN(C)Cc1ccc(cc1)C(F)(F)F)NC(=O)c1ccc(cc1)-c1nccs1,0,0.240260,0.037672,0.012967
C[C@@H]1CCCCO[C@H](CN(C)C(=O)c2ccncc2)[C@H](C)CN([C@H](C)CO)C(=O)c2cc(ccc2O1)NS(=O)(=O)C,0,0.001739,0.023550,0.002864
NC1=NC(=O)C2=C(N1)N=CC(=O)N2,0,0.170754,0.119997,0.096508
C[C@H]1CN([C@H](C)CO)C(=O)c2cc(ccc2O[C@@H]1CN(C)Cc1ccc(c(c1)Cl)Cl)NS(=O)(=O)c1ccc(cc1)C,0,0.066696,0.026982,0.005860
CO[C@@H]1CN(C)C(=O)c2cc(ccc2OC[C@@H](C)N(C[C@H]1C)Cc1nccs1)NS(=O)(=O)CC(F)(F)F,0,0.014080,0.033691,0.009602
NC[C@@H](N1CCN(CC1)c1ccc(cc1)F)c1ccco1,0,0.123055,0.226377,0.154840
CCCCC/C=C/CCC(=O)N[C@@H]1[C@@H](O)[C@H](O)[C@@H](CO)O[C@H]1Oc1c2cc3cc1Oc1ccc(cc1Cl)[C@@H](O[C@@H]1O[C@H](CO)[C@@H](O)[C@H](O)[C@H]1NC(=O)C)[C@@H]1NC(=O)[C@H](NC(=O)[C@@H]3NC(=O)[C@H]3NC(=O)[C@@H](Cc4ccc(c(c4)Cl)O2)NC(=O)[C@H](N)c2ccc(c(c2)Oc2cc(cc3c2)O)O)c2ccc(c(c2)-c2c(cc(cc2[C@H](NC1=O)C(=O)O)O)O[C@H]1O[C@H](CO)[C@@H](O)[C@H](O)[C@@H]1O)O,1,0.880926,0.939737,0.981404
C[C@@H]1CCCCO[C@@H](CN(C)Cc2ccncc2)[C@H](C)CN([C@H](C)CO)C(=O)c2cc(ccc2O1)NC(=O)Nc1cccc2ccccc12,0,0.011610,0.025206,0.002531
O=C([O-])C(O)C(O)C(O)C(O)C(O)CO.O=C([O-])C(O)C(O)C(O)C(O)C(O)CO.[Ca+2],0,0.000000,0.236944,0.026898
C[C@H]1CCCCO[C@H](CN(C)C(=O)c2ccccc2)[C@H](C)CN([C@@H](C)CO)C(=O)c2cc(ccc2O1)NC(=O)Cc1ccccc1,0,0.000924,0.022170,0.002593
COc1cc(c(cc1OC)CC(=O)NN)CO,0,0.683953,0.163664,0.069162
C[C@H]1CN([C@@H](C)CO)C(=O)c2cc(ccc2O[C@@H]1CN(C)Cc1ccccc1)NC(=O)Nc1ccc(cc1)C(F)(F)F,0,0.476767,0.865629,0.825518
C[C@@H]1CCCCO[C@H](CN(C)Cc2ccc(c(c2)Cl)Cl)[C@@H](C)CN([C@@H](C)CO)C(=O)c2cc(ccc2O1)NC(=O)Nc1ccccc1,0,0.145656,0.032834,0.003874
COc1ccc(cc1)NC(=O)N(C)C[C@H]1OCCCC[C@@H](C)Oc2ccc(cc2C(=O)N(C[C@H]1C)[C@H](C)CO)NC(=O)CCC(F)(F)F,0,0.105212,0.019130,0.007516
COc1ccc(cc1)NC(=O)N(C)C[C@@H]1Oc2c(cccc2C(=O)N(C[C@@H]1C)[C@@H](C)CO)NC(=O)c1cc(nn1C)C,0,0.025163,0.023072,0.006866
CN(Cc1ccccn1)C(=O)[C@]12COC[C@@H]2CN(C1)S(=O)(=O)C,0,0.004974,0.027340,0.007237
C[C@H]1CN([C@@H](C)CO)C(=O)c2cc(ccc2O[C@H]1CN(C)Cc1ccccc1)NC(=O)CCCN(C)C,0,0.032562,0.024732,0.008954
Cc1ccccc1S(=O)(=O)N1C[C@H](O)COC[C@@H]2O[C@H](CC[C@H]21)CC(=O)N1CCOCC1,0,0.044339,0.040036,0.011403
C[C@@H](O)C#Cc1ccc2c(c1)O[C@@H](CN(C)C(=O)c1ccncc1)[C@@H](C)CN([C@H](C)CO)S2(=O)=O,0,0.011725,0.022664,0.005206
C[C@@H]1CCCCO[C@@H](CN(C)C(=O)NC2CCCCC2)[C@H](C)CN([C@@H](C)CO)C(=O)c2cc(ccc2O1)NS(=O)(=O)c1ccccc1,0,0.003562,0.023740,0.002790
C[C@H]1CCCCO[C@@H](CN(C)C(=O)Nc2cccc3ccccc23)[C@H](C)CN([C@H](C)CO)C(=O)c2cc(ccc2O1)NC(=O)CCC(F)(F)F,0,0.091694,0.016172,0.006376
CC(C)(CO)[C@@H](O)C(=O)NCCCO,0,0.004518,0.065502,0.029788
O[C@@H]1CO[C@@H](O)[C@H](O)[C@H]1O,0,0.001549,0.166274,0.034476
C[C@H]1CN([C@H](C)CO)C(=O)c2cc(ccc2O[C@@H]1CN(C)CC1CCCCC1)NC(=O)Cc1cn(c2ccccc12)C,0,0.071581,0.024032,0.006172
C[C@@H]1CN([C@H](C)CO)C(=O)c2cc(ccc2O[C@@H]1CN(C)Cc1ccc(cc1)Oc1ccccc1)NC(=O)CCC(F)(F)F,0,0.072293,0.085093,0.043513
CO[C@@H]1CN(C)C(=O)c2ccc(cc2OC[C@H](C)N(C[C@H]1C)Cc1cccnc1)NC(=O)C1CCOCC1,0,0.016636,0.026288,0.004650
C[C@@H]1CN([C@H](C)CO)S(=O)(=O)c2ccc(cc2O[C@@H]1CN(C)C(=O)NC1CCCC1)-c1cncnc1,0,0.058336,0.023774,0.004510
COCC(=O)NS(=O)(=O)c1ccccc1,0,0.024693,0.043441,0.007202
C(c1ccccc1-n1cncn1)n1cnnc1,0,0.738043,0.156895,0.240935
Cc1cc(nc(n1)NS(=O)(=O)c1ccc(cc1)NC(=O)C1=CC=CN(OCc2ccc(cc2)F)C1=O)C,0,0.207664,0.114629,0.028681
COc1cc(cc(c1OC)OC)C(=O)OCCN1CCCN(CCOC(=O)c2cc(c(c(c2)OC)OC)OC)CC1,0,0.720212,0.174940,0.078553
COC1=C(O)C(=O)c2c(cc3oc(C(C)=O)c(O)c3c2O)C1=O,0,0.791705,0.165338,0.236655
C[C@H]1CCCCO[C@H](CN(C)C(=O)Nc2ccccc2)[C@H](C)CN([C@H](C)CO)C(=O)c2cc(ccc2O1)NC(=O)NC1CCCCC1,0,0.008356,0.021926,0.003588
C[C@@H]1OC(=O)C[C@H](O)C[C@H](O)C[C@H](O)CC[C@@H](O)[C@H](O)C[C@]2(O)C[C@H](O)[C@H]([C@H](C[C@@H](O[C@@H]3O[C@H](C)[C@@H](O)[C@H](N)[C@@H]3O)/C=C\C=C/C=C\C=C/CC/C=C\C=C/[C@H](C)[C@@H](O)[C@H]1C)O2)C(=O)O,0,0.100891,0.731521,0.431217
OC[C@H]1O[C@H](CC[C@H]1NC(=O)CN1CCOCC1)CC(=O)NCCc1ccncc1,0,0.012187,0.023132,0.007803
C[C@@H]1CN([C@@H](C)CO)C(=O)Cc2cc(ccc2O[C@@H]1CN(C)S(=O)(=O)c1ccc(cc1)C)NC(=O)Nc1cccc2ccccc12,0,0.005625,0.024443,0.003079
C[C@H]1CCCCO[C@H](CN(C)Cc2ccncc2)[C@@H](C)CN([C@@H](C)CO)C(=O)c2cc(ccc2O1)NC(=O)Nc1ccccc1,0,0.014176,0.025822,0.003620
O=S(=O)(C1CN(C1)S(=O)(=O)c1c[nH]c2ncccc12)N1CCOCC1,0,0.000229,0.024777,0.010179
CC(C)NC(=O)N(C)C[C@H]1Oc2ccc(cc2C(=O)N(C[C@H]1C)[C@H](C)CO)NS(=O)(=O)c1c(noc1C)C,0,0.043039,0.023917,0.005966
CO[C@@H]1CN(C)C(=O)c2cc(ccc2OC[C@H](C)N(C[C@@H]1C)C(=O)CN1CCOCC1)NC(=O)C1CC1,0,0.008360,0.022264,0.002707
C[C@@H]1CN([C@@H](C)CO)C(=O)c2cc(ccc2O[C@@H]1CN(C)S(=O)(=O)C)NC(=O)Nc1ccc(cc1)F,0,0.065235,0.030771,0.009579
CN1CCN(CC1)C(=O)C[C@@H]1CC[C@@H]2[C@H](COC[C@H](O)CN2Cc2ccc(cc2)Oc2ccccc2)O1,0,0.392810,0.052885,0.024880
CN1CCN(CC1)C(=O)C[C@H]1O[C@H](CO)[C@@H](NC(=O)Nc2ccccc2F)C=C1,0,0.641199,0.103373,0.097209
O[C@@H]1COC[C@H]2O[C@H](CC[C@@H]2N(C1)C(=O)Nc1ccc2c(c1)OCO2)CC(=O)N1CCN(CC1)c1ccccc1,0,0.078193,0.063514,0.032994
C[C@H](NC(=O)[C@@H]1N[C@H]2[C@H](CN3C(=O)C(=CC=C23)c2ccc(cc2)C(=O)N(C)C)[C@H]1CO)c1ccccc1,0,0.075164,0.035957,0.011827
Cc1ccc(cc1)S(=O)(=O)N[C@@H](Cc1ccccc1)C(=O)NCCCn1cc(nn1)-c1cccc(c1)/C=C/C(=O)NO,0,0.592075,0.179996,0.042211
C[C@@H]1CN([C@@H](C)CO)C(=O)c2cccc(c2O[C@@H]1CN(C)S(=O)(=O)c1c(noc1C)C)NC(=O)c1cc(nn1C)C,0,0.022815,0.023625,0.004633
COCCOC(=O)N1C(=O)[C@]2([C@@H]([C@@H]3N([C@H]([C@H](OC3=O)c3ccccc3)c3ccccc3)[C@@H]2c2ccc(cc2)O)C(=O)N2CCCCCCC2)c2cc(ccc21)C#CCC(C(=O)OC)C(=O)OC,1,0.215280,0.099535,0.048844
OC[C@H]1O[C@@H](C[C@H]2[C@@H]1Oc1ccc(cc12)NC(=O)NC1CCCC1)CC(=O)NCc1ccc(cc1)-c1ccccc1,0,0.185013,0.029830,0.022763
OC[C@H]1O[C@H](C[C@H]2[C@@H]1Oc1ccc(cc12)NC(=O)Cc1ccncc1)CC(=O)NCc1ccc2c(c1)OCO2,0,0.005787,0.024554,0.006431
C[C@H]1CCCCO[C@@H](CN(C)Cc2ccc(cc2)C(F)(F)F)[C@H](C)CN([C@@H](C)CO)C(=O)c2cc(ccc2O1)NS(=O)(=O)c1ccc(cc1)C,0,0.081092,0.023501,0.004152
COCC(=O)N1C[C@@H]2OCCN([C@H]2C1)c1ncccn1,0,0.013053,0.109689,0.028702
C[C@@H]1CN([C@@H](C)CO)C(=O)Cc2cc(ccc2O[C@@H]1CN(C)S(=O)(=O)C)NC(=O)CCCCCC(=O)Nc1ccccc1N,0,0.001534,0.023459,0.003307
C[C@H]1CN([C@@H](C)CO)C(=O)c2c(c3ccccc3n2C)-c2ccccc2CO[C@@H]1CN(C)Cc1ccc(cc1)C(F)(F)F,0,0.441852,0.107703,0.078224
CN1C(=O)N(Cc2cnc(nc21)Nc1ccc(nc1)C)c1cc(ccc1C)NC(=O)c1cccc(c1)C(F)(F)F,0,0.463938,0.414652,0.297533
CN1[C@@H]2CC[C@@H](CC(=O)N3CCOCC3)O[C@H]2COc2ccc(cc2C1=O)NC(=O)c1ccc(c(c1)F)F,0,0.023736,0.246755,0.110712
C[C@H]1CCCCO[C@@H](CN(C)Cc2ccncc2)[C@@H](C)CN([C@@H](C)CO)C(=O)c2cc(ccc2O1)NC(=O)Nc1ccc(cc1)F,0,0.074307,0.029766,0.005449
COc1ccc(cc1)S(=O)(=O)N1C[C@@H](O)COC[C@@H]2O[C@@H](CC[C@H]21)CC(=O)NCCN1CCCCC1,0,0.360390,0.031303,0.010260
Cc1ccccc1S(=O)(=O)N1C[C@@H](O)COC[C@@H]2O[C@H](CC[C@H]21)CC(=O)N1CCOCC1,0,0.044339,0.040036,0.011403
NCC(=O)N1C[C@@H](C[C@H]1C(=O)O)NC(=O)c1ccccc1,0,0.099939,0.062322,0.079777
CCOC(=O)CC1=NNC(=N)SC1,0,0.720378,0.045984,0.016677
C[C@H]1CN([C@H](C)CO)C(=O)Cc2cc(ccc2O[C@H]1CN(C)C(=O)Nc1ccc(cc1)C(F)(F)F)NC(=O)Nc1ccc(cc1)C(F)(F)F,0,0.892262,0.038565,0.022889
CN1CCN(C)C2(CCN(CC2)C(=O)c2ccn[nH]2)C1=O,0,0.326130,0.092489,0.019194
C[C@@H]1CN([C@H](C)CO)C(=O)c2cc(cnc2O[C@H]1CN(C)CC1CCOCC1)C#CCc1ccccc1,0,0.043145,0.031510,0.008154
CN(C)CCCNC(=O)C[C@@H]1CC[C@H]2[C@@H](COC[C@H](O)CN2S(=O)(=O)c2ccc(cc2)F)O1,0,0.646853,0.030135,0.020711
ClC=C(Cl)Cl,0,0.995055,0.465586,0.155088
Nc1ccncc1N,0,0.175277,0.103140,0.052244
CN1CCN(CC1)Cc1ccc[nH]1,0,0.147694,0.054293,0.019299
CNC(=O)C[C@H]1CC[C@H]2[C@@H](COC[C@H](O)CN2C(=O)Nc2ccc3c(c2)OCO3)O1,0,0.191817,0.041177,0.034999
C[C@H]1CCCCO[C@@H](CN(C)Cc2ccncc2)[C@@H](C)CN([C@@H](C)CO)C(=O)c2cc(ccc2O1)NS(=O)(=O)C,0,0.007336,0.023964,0.004037
C[C@@H]1CN([C@H](C)CO)C(=O)Cc2cc(ccc2O[C@H]1CN(C)C(=O)Nc1cccc2ccccc12)NC(=O)Nc1cccc2ccccc12,0,0.006028,0.027018,0.004033
C[C@@H]1CN([C@@H](C)CO)C(=O)c2cc(ccc2O[C@H]1CN(C)S(=O)(=O)C)NS(=O)(=O)c1ccc(cc1)C,0,0.007831,0.025365,0.006262
COCC#Cc1ccc2c(c1)O[C@H](CN(C)Cc1ccccc1F)[C@H](C)CN([C@H](C)CO)S2(=O)=O,0,0.074650,0.028799,0.008642
Cn1ccnc1CO,0,0.081731,0.042837,0.016623
CSc1nc(cc(n1)OCCO)C,0,0.090422,0.054476,0.037950
COc1ccc(cc1)S(=O)(=O)Nc1ccc2c(c1)C(=O)N(C[C@@H](C)[C@@H](CN(C)CC1CC1)O2)[C@H](C)CO,0,0.032181,0.028523,0.006090
C[C@@H]1CN([C@H](C)CO)C(=O)c2cc(ccc2O[C@@H]1CN(C)S(=O)(=O)c1c(noc1C)C)NS(=O)(=O)c1cccs1,0,0.005740,0.025300,0.005163
C[C@@H]1CN([C@H](C)CO)C(=O)CCCn2nncc2CO[C@H]1CN(C)C(=O)Nc1cccc(c1)Oc1ccccn1,0,0.004431,0.020372,0.003354
CC(C)NC(=O)N(C)C[C@@H]1Oc2cc(ccc2S(=O)(=O)N(C[C@H]1C)[C@@H](C)CO)C#Cc1ccc(cc1)F,0,0.111566,0.081958,0.011943
COCCOC(=O)N1C(=O)[C@@]2([C@H]([C@H]3N([C@@H]([C@@H](OC3=O)c3ccccc3)c3ccccc3)[C@H]2c2ccccc2OCCO)C(=O)N2CCc3cc(c(cc3C2)OC)OC)c2ccccc21,0,0.223937,0.034242,0.008956
C[C@H]1CCCCO[C@@H](CN(C)Cc2ccc(cc2)C(F)(F)F)[C@H](C)CN([C@@H](C)CO)C(=O)c2cc(ccc2O1)NC(=O)Nc1ccccc1,0,0.222164,0.025161,0.006869
C[C@H]1CCCCO[C@H](CN(C)Cc2ccncc2)[C@@H](C)CN([C@@H](C)CO)C(=O)c2cc(ccc2O1)NC(=O)Nc1cccc2ccccc12,0,0.011610,0.025206,0.002531
COc1ccc(cc1)S(=O)(=O)N(C)C[C@H]1Oc2c(cccc2C(=O)N(C[C@H]1C)[C@@H](C)CO)NS(=O)(=O)c1ccc(cc1)F,0,0.021711,0.030456,0.006186
C[C@@H]1CN([C@H](C)CO)S(=O)(=O)c2ccc(cc2O[C@@H]1CN(C)C(=O)Cc1ccncc1)C#CC1CCCCC1,0,0.025815,0.024635,0.004927
O[C@@H]1COC[C@@H]2O[C@@H](CC[C@H]2N(C1)S(=O)(=O)c1ccc(cc1)F)CC(=O)N[C@H]1CCN(C1)Cc1ccccc1,0,0.340788,0.028677,0.010643
C#CC1(O)CCC2C3CCC4=CCCCC4C3CCC21C,0,0.048543,0.214597,0.146934
C[C@@H]1CCCCO[C@@H](CN(C)C)[C@H](C)CN([C@H](C)CO)C(=O)c2cc(ccc2O1)NC(=O)Nc1cccc2ccccc12,0,0.048737,0.029138,0.011862
C[C@H]1CN([C@H](C)CO)C(=O)CCCn2nncc2CO[C@H]1CN(C)S(=O)(=O)c1ccc(cc1)-c1ccccc1,0,0.022285,0.024795,0.005965
Cc1ccc2nncn2n1,0,0.120341,0.233054,0.096361
C[C@H]1CN([C@@H](C)CO)C(=O)c2cccc(c2O[C@H]1CN(C)Cc1ccc(cc1)Oc1ccccc1)NC(=O)Nc1c(noc1C)C,0,0.031151,0.025999,0.007597
CO[C@@H]1CN(C)C(=O)c2ccc(cc2OC[C@@H](C)N(C[C@H]1C)C(=O)C1CCCCC1)NS(=O)(=O)C,0,0.005547,0.038334,0.005534
C[C@@H]1CCCCO[C@@H](CN(C)C(=O)Nc2cccc3ccccc23)[C@H](C)CN([C@@H](C)CO)C(=O)c2cc(ccc2O1)NC(=O)Nc1c(noc1C)C,0,0.021522,0.021988,0.002129
C[C@H]1CN([C@H](C)CO)C(=O)c2cc(cnc2O[C@H]1CN(C)S(=O)(=O)c1ccc(cc1)C)C#Cc1ccccc1,0,0.012149,0.036506,0.006383
C[C@@H]1CN([C@H](C)CO)C(=O)Cc2cc(ccc2O[C@@H]1CN(C)CC1CC1)NC(=O)CCN1CCOCC1,0,0.023039,0.029570,0.005740
COc1ccc(cc1)S(=O)(=O)Nc1ccc2c(c1)CC(=O)N(C[C@H](C)[C@@H](CN(C)C)O2)[C@@H](C)CO,0,0.007436,0.026409,0.009335
CNC[C@H]1OCCCC[C@H](C)Oc2ccc(cc2C(=O)N(C[C@@H]1C)[C@@H](C)CO)NC(=O)c1ccncc1,0,0.010293,0.023737,0.004583
CO[C@@H]1CN(C)C(=O)c2ccc(cc2OC[C@@H](C)N(C[C@@H]1C)Cc1ccc(cc1)-c1ccccn1)NC(=O)NC(C)C,0,0.027297,0.039085,0.018622
C[C@H]1CCCCO[C@H](CN(C)S(=O)(=O)c2cn(cn2)C)[C@@H](C)CN([C@H](C)CO)C(=O)c2cc(ccc2O1)NS(=O)(=O)c1c(noc1C)C,0,0.008866,0.027507,0.003871
NCCCC[C@H](NC(=O)[C@@H]1CCCN1C(=O)[C@@H]1CSSC[C@H](N)C(=O)N[C@@H](Cc2ccccc2)C(=O)N[C@@H](Cc2ccccc2)C(=O)NC(CCC(=O)N)C(=O)N[C@@H](CC(=O)N)C(=O)N1)C(=O)NCC(=O)N,0,0.196894,0.366103,0.138151
C[C@@H]1CN([C@H](C)CO)C(=O)Cc2cc(ccc2O[C@H]1CN(C)Cc1ccc(cc1)-c1ccccc1)NC(=O)Cn1cnnn1,0,0.065612,0.025431,0.008260
COc1ccc(cc1)NC(=O)N1C[C@@H](O)COC[C@H]2O[C@H](CC[C@@H]21)CC(=O)NC1Cc2ccccc2C1,0,0.422476,0.148304,0.077402
C[C@H]1CN([C@@H](C)CO)S(=O)(=O)c2ccc(cc2O[C@H]1CN(C)C(=O)c1ccncc1)-c1cccc(c1)C#N,0,0.000946,0.023618,0.003439
NC(=O)CN1CC(O)CC1=O,0,0.012060,0.036301,0.014338
C[C@@H]1CN([C@H](C)CO)C(=O)c2cc(ccc2O[C@@H]1CN(C)C(=O)Nc1ccccc1)NC(=O)CCCN(C)C,0,0.023041,0.023635,0.007779
COc1ccc(cc1)S(=O)(=O)Nc1ccc2c(c1)C(=O)N(C[C@H](C)[C@@H](CN(C)Cc1ccc(cc1)Oc1ccccc1)O2)[C@@H](C)CO,0,0.002145,0.026471,0.003796
C[C@@H]1CCCCO[C@@H](CN(C)S(=O)(=O)c2c(noc2C)C)[C@@H](C)CN([C@@H](C)CO)C(=O)c2cc(ccc2O1)NC(=O)Nc1ccccc1,0,0.012177,0.023703,0.002420
CC(C)N1C[C@H](C)[C@@H](CN(C)Cc2ccc(cc2)Oc2ccccc2)Oc2c(cccc2C1=O)NC(=O)C1CCN(C)CC1,0,0.160869,0.788455,0.685553
COCC(=O)N1C[C@H](C)[C@@H](CN(C)C(=O)c2cc(ccc2OC[C@@H]1C)NC(=O)c1cc(on1)C)OC,0,0.019716,0.025222,0.005643
CC(C)C(N)C(=O)O,0,0.057071,0.060545,0.016024
C[C@@H]1CCCCO[C@@H](CN(C)Cc2ccccc2)[C@@H](C)CN([C@H](C)CO)C(=O)c2cc(ccc2O1)NS(=O)(=O)c1ccc(cc1)F,0,0.015932,0.024359,0.004022
OC[C@@H]1O[C@H](CC(=O)N2CCOCC2)C=C[C@H]1NC(=O)c1ccccn1,0,0.005952,0.026552,0.011390
C[C@H]1CCCCO[C@H](CN(C)Cc2ccc3c(c2)OCO3)[C@H](C)CN([C@H](C)CO)C(=O)c2cc(ccc2O1)NC(=O)Nc1ccc2c(c1)OCO2,0,0.004414,0.024786,0.003614
C[C@@H]1CN([C@H](C)CO)C(=O)c2cc(ccc2O[C@H]1CN(C)Cc1ccc(cc1)C(=O)O)NC(=O)CCCN(C)C,0,0.134573,0.041452,0.021107
C[C@H]1CN([C@H](C)CO)C(=O)c2cc(ccc2O[C@H]1CN(C)C(=O)Nc1ccc(cc1)C(F)(F)F)NC(=O)Nc1ccc(cc1)C(F)(F)F,0,0.940402,0.097878,0.070255
C[C@@H]1CN([C@H](C)CO)C(=O)c2cccc(c2O[C@@H]1CN(C)C(=O)Nc1ccccc1)NS(=O)(=O)C,0,0.022304,0.024388,0.007793
C[C@@H]1CN([C@@H](C)CO)C(=O)c2cc(cnc2O[C@H]1CN(C)C(=O)c1ccccc1F)C#Cc1ccncc1,0,0.060219,0.024361,0.004866
NC1=NC(=O)N(C=C1)[C@@H]1O[C@@](CO)(N=[N+]=[N-])[C@@H](O)[C@@H]1O,0,0.790783,0.117065,0.125558
C[C@@H]1CN([C@@H](C)CO)C(=O)Cc2cc(ccc2O[C@H]1CN(C)S(=O)(=O)c1cn(cn1)C)NC(=O)c1ccncc1,0,0.003407,0.023541,0.003711
COc1ccc(cc1)S(=O)(=O)Nc1cccc2c1O[C@H](CN(C)Cc1ccc(cc1)-c1ccccc1)[C@@H](C)CN([C@H](C)CO)C2=O,0,0.025485,0.024769,0.005001
CCCCCCCCCCCCCCCC(=O)C(F)(F)F,0,0.848408,0.297237,0.098840
C[C@H]1CN([C@H](C)CO)C(=O)c2cccc(c2O[C@@H]1CN(C)S(=O)(=O)c1cn(cn1)C)NC(=O)CCC(F)(F)F,0,0.089406,0.041104,0.026835
C[C@@H]1CCCCO[C@@H](CN(C)S(=O)(=O)c2cn(cn2)C)[C@@H](C)CN([C@H](C)CO)C(=O)c2cc(ccc2O1)NS(=O)(=O)c1ccccc1,0,0.001695,0.023866,0.002510
COc1ccc(cc1)NC(=O)N(C)C[C@H]1OCCCC[C@@H](C)Oc2ccc(cc2C(=O)N(C[C@H]1C)[C@@H](C)CO)NC(=O)NC(C)C,0,0.019787,0.024237,0.004793
COc1ccc(cc1)S(=O)(=O)Nc1ccc2c(c1)CC(=O)N(C[C@@H](C)[C@H](CN(C)S(=O)(=O)c1ccccc1)O2)[C@H](C)CO,0,0.001400,0.023701,0.003202
C[C@@H]1CCCCO[C@@H](CN(C)Cc2ccc(cc2)C(F)(F)F)[C@H](C)CN([C@H](C)CO)C(=O)c2cc(ccc2O1)NS(=O)(=O)c1cccs1,0,0.044058,0.022932,0.003279
C[C@@H]1CN([C@@H](C)CO)C(=O)c2cc(ccc2O[C@H]1CN(C)C(=O)Nc1ccccc1)NC(=O)CCN1CCOCC1,0,0.003137,0.022586,0.003554
C[C@@H]1CN([C@H](C)CO)C(=O)Cc2cc(ccc2O[C@H]1CN(C)S(=O)(=O)c1ccccc1)NC(=O)C1CC1,0,0.002558,0.025965,0.004491
NC(=O)[C@H]1[C@H]2N([C@@H]([C@@H](OC2=O)c2ccccc2)c2ccccc2)[C@@H](c2ccccc2OCCO)[C@]11C(=O)Nc2ccc(cc21)C#CC1=CCCCC1,0,0.293907,0.138472,0.102439
C[C@H]1CN([C@H](C)CO)C(=O)c2cccc(c2O[C@@H]1CN(C)C(=O)NC1CCCCC1)NC(=O)Cn1cnnn1,0,0.082571,0.027646,0.010499
C[C@H]1CCCCO[C@H](CN(C)C(=O)NC2CCCCC2)[C@@H](C)CN([C@H](C)CO)C(=O)c2cc(ccc2O1)NC(=O)Nc1c(noc1C)C,0,0.035788,0.021683,0.003399
C[C@@H]1CN([C@@H](C)CO)C(=O)Cc2cc(ccc2O[C@H]1CN(C)Cc1ccc(cc1)Oc1ccccc1)NC(=O)Nc1ccccc1,0,0.008731,0.021468,0.004544
C[C@H]1CN([C@@H](C)CO)C(=O)c2cc(cnc2O[C@H]1CN(C)Cc1ccc(cc1)-c1ccccc1)-c1cccnc1,0,0.042033,0.032364,0.015482
COc1ccc2c3c(n(c2c1)C)[C@H](CO)N(C[C@]13CCN(CC1)Cc1cccc(c1)F)C(=O)Nc1ccc(cc1)F,0,0.645235,0.042947,0.048043
C[C@@H]1CCCCO[C@H](CN(C)C(=O)Nc2ccc3c(c2)OCO3)[C@@H](C)CN([C@@H](C)CO)C(=O)c2cc(ccc2O1)NS(=O)(=O)c1ccc(cc1)F,0,0.006960,0.023763,0.003089
C[C@@H]1CN([C@@H](C)CO)C(=O)c2cc(ccc2O[C@H]1CN(C)Cc1ccc(cc1)C(=O)O)NS(=O)(=O)c1c(noc1C)C,0,0.039503,0.031199,0.007174
CN1[C@@H]2CC[C@H](CC(=O)NCCc3ccncc3)O[C@H]2COc2ccc(cc2C1=O)NC(=O)C1CCOCC1,0,0.007481,0.023967,0.004107
COc1ccccc1C#Cc1ccc2c(c1)O[C@H](CN(C)Cc1ccncc1)[C@H](C)CN([C@H](C)CO)S2(=O)=O,0,0.042764,0.026174,0.004924
C[C@@H]1CCCCO[C@H](CN(C)Cc2ccc3c(c2)OCO3)[C@H](C)CN([C@H](C)CO)C(=O)c2cc(ccc2O1)NC(=O)Nc1cccc2ccccc12,0,0.009004,0.024851,0.003350
C[C@H]1CN([C@@H](C)CO)C(=O)c2cccc(c2O[C@H]1CN(C)Cc1ccc(cc1)C(=O)O)NC(=O)c1cnccn1,0,0.230777,0.043408,0.021162
CC(C)C[C@@H]1NC(=O)[C@H]2C[C@H]([C@H](N2C1=O)c1ccc(cc1)O)C(=O)NCCCCCCNC(=O)CS,0,0.000035,0.178107,0.315912
C[C@@H]1CN([C@H](C)CO)C(=O)Cc2cc(ccc2O[C@@H]1CN(C)S(=O)(=O)c1cccs1)NC(=O)CCC(F)(F)F,0,0.009805,0.033344,0.009768
C[C@H]1CCCCO[C@@H](CN(C)S(=O)(=O)c2ccc(cc2)Cl)[C@@H](C)CN([C@H](C)CO)C(=O)c2cc(ccc2O1)NC(=O)c1ccncc1,0,0.004888,0.026127,0.002826
OC[C@@H]1O[C@H](CC(=O)N2CCOCC2)C=C[C@@H]1NC(=O)c1ccccn1,0,0.005952,0.026552,0.011390
O=C1CCC2(CCN(CC2)C(=O)CN2CCOC2=O)CN1CCCn1ccnc1,0,0.773759,0.039573,0.020739
C[C@H]1CN([C@H](C)CO)C(=O)c2cccc(c2O[C@@H]1CN(C)S(=O)(=O)c1ccccc1)NS(=O)(=O)c1cn(cn1)C,0,0.021075,0.024139,0.004572
CO[C@H]1CN(C)C(=O)c2ccc(cc2OC[C@@H](C)N(C[C@H]1C)C(=O)C1CCOCC1)NS(=O)(=O)C,0,0.004106,0.048672,0.004302
O=C(O)c1cc(O)c(O)c(O)c1,0,0.932980,0.143178,0.037353
COC(=O)COc1nsnc1N1CCOCC1,0,0.009162,0.057584,0.019406
C=C(C)C1Cc2c(ccc3c(=O)c4c(oc23)COc2cc(OC)c(OC)cc2-4)O1,0,0.035211,0.151397,0.048297
CC1(C)[C@H]2CC[C@@]1(C)/C(=N/O)C2,0,0.241533,0.286435,0.066642
CN1[C@H]2CC[C@H](CC(=O)NCCc3ccncc3)O[C@H]2COc2ccc(cc2C1=O)NC(=O)C1CCC1,0,0.008304,0.027282,0.008466
C[C@@H]1CN([C@@H](C)CO)C(=O)Cc2cc(ccc2O[C@@H]1CN(C)Cc1ccc(cc1)Oc1ccccc1)NC(=O)NC1CCCCC1,0,0.021583,0.025882,0.006322
COc1ccc(cc1)[Si](C)(C)[C@@H]1[C@@H](C)[C@@]2(O[C@H]1CC(=O)N1CCC[C@H]1CO)C(=O)N(Cc1cccc(c1)N1C(=O)c3cccc4cccc1c34)c1ccccc12,0,0.001583,0.044531,0.015652
C[C@@H](OC[C@]1(CC[C@]2(CCC(=O)N2)CN1)c1ccccc1)c1cc(cc(c1)C(F)(F)F)C(F)(F)F,1,0.981998,0.389327,0.316426
COc1ccc(cc1)NC(=O)N1C[C@H](O)COC[C@H]2O[C@H](CC[C@@H]21)CC(=O)NCc1ccccc1OC,0,0.444900,0.255226,0.108814
CC[C@@H](N)CN1C(=O)Oc2ccccc21,0,0.000358,0.068162,0.028761
C[C@H]1CCCCO[C@H](CN(C)C(=O)Nc2ccc(cc2)C(F)(F)F)[C@@H](C)CN([C@@H](C)CO)C(=O)c2cc(ccc2O1)NC(=O)c1ccncc1,0,0.149843,0.021134,0.005778
CCC(=O)N(C)C[C@H]1Oc2ncc(cc2C(=O)N(C[C@@H]1C)[C@@H](C)CO)C#C[C@@H](C)O,0,0.005990,0.042739,0.009989
C[C@H]1CN([C@H](C)CO)C(=O)c2cc(cnc2O[C@H]1CN(C)S(=O)(=O)c1ccc(cc1)C)C#CCN(C)C,0,0.040153,0.025105,0.006049
C[C@H]1CN([C@@H](C)CO)C(=O)Cc2cc(ccc2O[C@@H]1CN(C)C(=O)Nc1ccc(cc1)C(F)(F)F)NC(=O)Nc1c(noc1C)C,0,0.475513,0.386719,0.154363
O[C@H]1COC[C@@H]2O[C@@H](CC[C@H]2N(C1)C(=O)c1ccccc1F)CC(=O)N1CCN(CC1)c1ccccc1,0,0.494967,0.103792,0.140863
C[C@H]1CN([C@@H](C)CO)C(=O)c2cccc(c2O[C@@H]1CN(C)C(=O)Nc1cccc2ccccc12)NC(=O)NC1CCCCC1,0,0.021695,0.025511,0.009336
CC(C)CC#Cc1cnc2c(c1)C(=O)N(C[C@@H](C)[C@H](CN(C)C(=O)CCN1CCCCC1)O2)[C@@H](C)CO,0,0.033578,0.037443,0.009159
C[C@H]1CN([C@H](C)CO)C(=O)c2cccc(c2O[C@@H]1CN(C)C(=O)Nc1ccc(cc1)C(F)(F)F)NC(=O)c1nc2ccccc2s1,0,0.364998,0.107906,0.079762
C[C@H]1CN([C@H](C)CO)C(=O)c2cccc(c2O[C@@H]1CN(C)S(=O)(=O)c1ccc(cc1)Cl)NC(=O)Nc1ccc(cc1)C(F)(F)F,0,0.649005,0.166682,0.013094
C[C@H]1CN([C@@H](C)CO)C(=O)Cc2cc(ccc2O[C@@H]1CN(C)S(=O)(=O)c1cn(cn1)C)NC(=O)CCCN(C)C,0,0.012081,0.023216,0.003710
C[C@@H]1CN([C@@H](C)CO)C(=O)c2cccc(c2O[C@@H]1CN(C)Cc1ccncc1)NS(=O)(=O)c1cccs1,0,0.006025,0.023766,0.004264
C[C@@H]1CCCCO[C@@H](CN(C)S(=O)(=O)c2ccc(cc2)C)[C@H](C)CN([C@H](C)CO)C(=O)c2cc(ccc2O1)NC(=O)Nc1c(noc1C)C,0,0.016786,0.024267,0.002909
CCCNC(=O)C[C@H]1CC[C@H]2[C@@H](COc3ccc(cc3C(=O)N2C)NC(=O)c2ccc3c(c2)OCO3)O1,0,0.001936,0.024855,0.005998
COc1ccc2c3c(n(c2c1)C)[C@@H](CO)N(C[C@]13CCN(CC1)C(=O)c1ccccc1F)C(=O)Nc1ccccc1F,0,0.338566,0.068682,0.039311
CC(C)(C)[S@@](=O)N1Cc2cc3nc(c2[C@H]1CCOC(=O)c1cc2c(c(n1)-c1cccc(c1)Br)[C@@H](CCOC3=O)N(C2)[S@](=O)C(C)(C)C)-c1cccc(c1)Br,0,0.039226,0.237715,0.057973
C[C@@H]1CN([C@@H](C)CO)C(=O)c2cccc(c2O[C@H]1CN(C)C(=O)Nc1c(noc1C)C)NC(=O)c1cnccn1,0,0.180060,0.024571,0.010290
OC[C@H](Cc1ccccc1)NC(=O)C[C@@H]1CC=CC[C@H](NC(=O)OCC2c3ccccc3-c3ccccc32)C(=O)OC[C@H](Cc2ccccc2)NC1=O,0,0.000671,0.030421,0.016063
C[C@H]1CN([C@@H](C)CO)C(=O)c2ccccc2-c2ccccc2CO[C@H]1CN(C)C(=O)Nc1ccc(cc1)F,0,0.136534,0.035201,0.025170
Cc1cccnc1[C@@H](NC(=O)C1CCN(CCOc2ccc(cc2Cl)Cl)CC1)c1ccc(cc1)Cl,1,0.953978,0.921531,0.968702
CC1=NCCN1,0,0.002516,0.047221,0.017039
Cc1ccc(cc1)C1(CN)CCCCC1,0,0.801613,0.332333,0.220592
O=S1(=O)NCNc2ccccc21,0,0.040709,0.030169,0.007585
C/C=C/c1ccc2c(c1)O[C@@H](CN(C)C(=O)c1ccc3c(c1)OCO3)[C@@H](C)CN([C@@H](C)CO)S2(=O)=O,0,0.003292,0.023682,0.004156
CCOC(=O)C(=C)O,0,0.017917,0.108866,0.050067
COc1ccc(cc1)NC(=O)N(C)C[C@@H]1Oc2c(cccc2C(=O)N(C[C@H]1C)[C@@H](C)CO)NS(=O)(=O)c1cn(cn1)C,0,0.051775,0.023342,0.003580
COc1ccccc1-c1ccc2c(c1)O[C@H](CN(C)C(=O)c1ccncc1)[C@H](C)CN([C@H](C)CO)S2(=O)=O,0,0.010321,0.023786,0.003817
C[C@H]1CN([C@@H](C)CO)C(=O)Cc2cc(ccc2O[C@H]1CN(C)C(=O)Nc1ccc(cc1)C(F)(F)F)NC(=O)Nc1ccc(cc1)C(F)(F)F,0,0.892262,0.038565,0.022889
N[C@@H](CN1C=CC(=O)N(Cc2ccccc2C(=O)O)C1=O)C(=O)O,0,0.911081,0.178848,0.215960
C[C@@H]1CCCCO[C@H](CN(C)Cc2ccc3c(c2)OCO3)[C@H](C)CN([C@@H](C)CO)C(=O)c2cc(ccc2O1)NC(=O)Nc1c(noc1C)C,0,0.026143,0.027509,0.005727
C[C@@H]1CN([C@@H](C)CO)C(=O)c2cc(cnc2O[C@H]1CN(C)C(=O)Cc1cccnc1)-c1ccc(cc1)C,0,0.009001,0.023859,0.003992
CC1=NN=C(NCc2ccccc2)N(N)C1=O,0,0.369872,0.188272,0.108386
COc1ccc(cn1)N,0,0.106335,0.074015,0.028364
OC(=O)CCNC(=O)c1cccc(c1)[N+](=O)[O-],0,0.357719,0.335394,0.224021
CO[C@H]1CN(C)C(=O)c2ccc(cc2OC[C@H](C)N(C[C@@H]1C)C(=O)C1CCOCC1)NC(=O)C1CC1,0,0.030513,0.025391,0.005643
C[C@H]1CCCCO[C@@H](CN(C)C(=O)Nc2cccc3ccccc23)[C@H](C)CN([C@@H](C)CO)C(=O)c2cc(ccc2O1)NC(=O)NC1CCCCC1,0,0.007740,0.022641,0.003399
Cc1cc(c(cc1Cl)C)SC(=O)N/C=C/c1ccco1,0,0.490084,0.368027,0.187603
CC(N)C(O)c1ccc(O)c(O)c1,0,0.572454,0.128974,0.056064
OC(=O)CCNC(=O)c1cncc(c1)O,0,0.410532,0.049146,0.081345
O=C/1OCCN\C1=C\C(=O)c1ccccc1,0,0.586648,0.278926,0.138023
C[C@H]1CN([C@@H](C)CO)C(=O)c2cc(ccc2O[C@@H]1CN(C)S(=O)(=O)c1ccccc1)NS(=O)(=O)c1cccs1,0,0.002987,0.024209,0.004437
CO[C@@H]1CN(C)C(=O)c2ccc(cc2OC[C@@H](C)N(C[C@@H]1C)C(=O)Nc1c(noc1C)C)NC(=O)Nc1ccc(cc1)Cl,0,0.146550,0.034064,0.012239
C[C@H]1CN([C@@H](C)CO)C(=O)Cc2cc(ccc2O[C@@H]1CN(C)Cc1ccc2c(c1)OCO2)NS(=O)(=O)c1cn(cn1)C,0,0.004759,0.024006,0.003365
COc1ccccc1C(=O)Nc1ccc2c(c1)C(=O)N(C)[C@@H]1CC[C@H](CC(=O)NCc3ccc(c(c3)Cl)Cl)O[C@H]1CO2,0,0.080547,0.042158,0.025422
C[C@H]1CN([C@H](C)CO)C(=O)c2cccc(c2O[C@H]1CN(C)S(=O)(=O)c1cn(cn1)C)NC(=O)NC1CCCCC1,0,0.043023,0.025020,0.004448
COc1cccc(c1)S(=O)(=O)N[C@H]1C=C[C@@H](CC(=O)NC2CCC2)O[C@H]1CO,0,0.016342,0.032547,0.009134
C[C@H]1CCCCO[C@H](CN(C)C(=O)Nc2ccc3c(c2)OCO3)[C@H](C)CN([C@@H](C)CO)C(=O)c2cc(ccc2O1)NS(=O)(=O)c1ccc(cc1)Cl,0,0.005663,0.024866,0.002868
CS(=O)(=O)c1ccc(C(O)C(CF)NC(=O)C(Cl)Cl)cc1,1,0.975580,0.507560,0.366363
C[C@@H]1CCCCO[C@@H](CN(C)S(=O)(=O)c2ccc(cc2)F)[C@H](C)CN([C@H](C)CO)C(=O)c2cc(ccc2O1)NC(=O)Nc1ccc2c(c1)OCO2,0,0.008246,0.023789,0.003389
OC[C@@H]1O[C@@H](CC(=O)NCc2ccc(c(c2)Cl)Cl)C=C[C@H]1NS(=O)(=O)c1ccc(cc1)F,0,0.695883,0.049523,0.030053
O[C@@H]1COC[C@H]2O[C@@H](CC[C@@H]2N(C1)S(=O)(=O)c1ccc(cc1)Cl)CC(=O)N[C@H]1CCN(C1)Cc1ccccc1,0,0.375684,0.038918,0.017332
C[C@@H]1CN([C@H](C)CO)C(=O)c2cccc(c2O[C@H]1CN(C)Cc1ccncc1)NS(=O)(=O)c1ccccc1,0,0.004685,0.023515,0.004442
C[C@@H]1CCCCO[C@H](CN(C)C(=O)Nc2ccc(cc2)C(F)(F)F)[C@H](C)CN([C@H](C)CO)C(=O)c2cc(ccc2O1)NS(=O)(=O)c1c(noc1C)C,0,0.227486,0.057652,0.017384
C[C@H]1CN([C@H](C)CO)S(=O)(=O)c2ccc(cc2O[C@@H]1CN(C)C(=O)Nc1cccc(c1)F)C#CC1(O)CCCC1,0,0.101419,0.029886,0.005996
O=C1NC(=O)C(=NN1c1ccccc1)C#N,0,0.200599,0.226565,0.152024
C[C@@H]1CCCCO[C@@H](CN(C)S(=O)(=O)c2ccccc2)[C@@H](C)CN([C@@H](C)CO)C(=O)c2cc(ccc2O1)NC(=O)CCC(F)(F)F,0,0.017294,0.025760,0.003318
C[C@@H]1CN([C@@H](C)CO)C(=O)Cc2cc(ccc2O[C@H]1CN(C)Cc1ccc(c(c1)Cl)Cl)NS(=O)(=O)c1cccs1,0,0.016013,0.024621,0.004296
COc1ccc(cc1)CCNC(=O)[C@]1(CC(=O)N(Cc2ccccc2)[C@@H]1c1ccc(cc1I)COC(=O)NCCCCCC(=O)NO)c1ccccc1,0,0.000154,0.087888,0.027297
CC(=O)NCCn1cccc1,0,0.018587,0.028816,0.020351
OCc1ccc(cc1)CO[C@@H]1C[C@@H](C=C(O1)C(=O)N1CCCCCCC1)c1ccc(cc1)Br,0,0.328204,0.357868,0.199940
COc1cc(O)c2c(=O)c(O)c(-c3ccc(O)c(O)c3)oc2c1,0,0.876572,0.134505,0.104158
C[C@@H]1CCCCO[C@@H](CN(C)C(=O)Nc2cccc3ccccc23)[C@@H](C)CN([C@@H](C)CO)C(=O)c2cc(ccc2O1)NC(=O)C1CCCCC1,0,0.009274,0.028158,0.003322
C/C(=N\NC(=O)CCCCCCC(=O)Nc1ccccc1O)C[P+](c1ccccc1)(c1ccccc1)c1ccccc1,0,0.612699,0.512429,0.400012
C[C@@H]1CN([C@@H](C)CO)C(=O)c2cc(ccc2O[C@@H]1CN(C)C(=O)Nc1ccc(cc1)F)NC(=O)CCCCCC(=O)Nc1ccccc1N,0,0.062336,0.024252,0.003768
COc1ccccc1-c1ccc2c(c1)O[C@H](CN(C)CC1CCOCC1)[C@H](C)CN([C@H](C)CO)S2(=O)=O,0,0.091354,0.030745,0.004945
C[C@]1(CCS(=O)(=O)C1)NC(=O)Cc1ccc(s1)S(=O)(=O)N1CCOCC1,0,0.001078,0.153387,0.012061
C[C@H]1CN([C@H](C)CO)C(=O)Cc2cc(ccc2O[C@@H]1CN(C)Cc1ccc(cc1)Oc1ccccc1)NC(=O)CCCN(C)C,0,0.021118,0.024872,0.005060
C[C@H]1CN([C@@H](C)CO)C(=O)c2cc(cnc2O[C@@H]1CN(C)C(=O)CN(C)C)C#CC1(O)CCCC1,0,0.121757,0.045390,0.024514
C[C@@H]1CN([C@H](C)CO)C(=O)c2cc(ccc2O[C@@H]1CN(C)Cc1ccc(cc1)Oc1ccccc1)NC(=O)Cc1cn(c2ccccc12)C,0,0.006324,0.023271,0.003585
OCCOc1ccc(cc1)[C@@H]1N2[C@H]([C@H](C(=O)N3CCCCCCC3)[C@@]11C(=O)Nc3ccc(cc31)C#CCCO)C(=O)O[C@H]([C@H]2c1ccccc1)c1ccccc1,0,0.120372,0.063448,0.021278
CC(=O)C1CCC2C3CC=C4CC(O)CCC4(C)C3CCC12C,0,0.534307,0.164889,0.085859
COC(=O)/C=C/1\N[C@H]2CCCC[C@@H]2NC1=O,0,0.031483,0.041985,0.013857
NC1CCSCC1,0,0.005732,0.038744,0.022213
Oc1ccc(cc1)[C@H]1N2[C@@H]([C@@H](C(=O)N3CCN(CC3)c3ncccn3)[C@]11C(=O)Nc3ccc(cc31)C#CC1(O)CCCCCC1)C(=O)O[C@@H]([C@@H]2c1ccccc1)c1ccccc1,0,0.011235,0.168096,0.033898
NC1=N[C@H]2CS[C@@H](CCCCC(=O)O)[C@H]2N1,0,0.000174,0.056212,0.013812
CC(=O)O[C@@]1(C)C[C@@H](O)[C@@H]2C=CO[C@@H](O[C@@H]3O[C@H](CO)[C@@H](O)[C@H](O)[C@H]3O)[C@@H]21,0,0.025614,0.480885,0.407681
COC(=O)[C@]1(C)CCC[C@]2(C)[C@H]1CC[C@]13C[C@@H](CC[C@H]23)C(=C)C1,0,0.680794,0.392308,0.160492
C[C@@H]1CN([C@H](C)CO)C(=O)c2cccc(c2O[C@@H]1CN(C)CC1CCCCC1)NC(=O)c1nc2ccccc2s1,0,0.013189,0.029158,0.011376
C[C@@H]1CCCCO[C@@H](CN(C)S(=O)(=O)c2cccs2)[C@H](C)CN([C@@H](C)CO)C(=O)c2cc(ccc2O1)NC(=O)Nc1ccc2c(c1)OCO2,0,0.000889,0.023703,0.002780
C[C@@H]1CN([C@@H](C)CO)C(=O)c2cc(ccc2O[C@H]1CN(C)Cc1ccc(cc1)-c1ccccc1)NC(=O)Nc1cccc2ccccc12,0,0.038388,0.028234,0.011470
COc1ccc(cc1)CN(C)C[C@H]1OCCCC[C@H](C)Oc2ccc(cc2C(=O)N(C[C@@H]1C)[C@@H](C)CO)NC(=O)Nc1ccc(cc1)OC,0,0.036179,0.030626,0.004204
OC(=O)CN1CCOC1=O,0,0.089651,0.072656,0.033810
OC(=O)[C@@H]1CCCC[C@@H]1C(=O)N1CCc2ccccc2[C@H]1CN1C(=O)c2ccccc2C1=O.OC(=O)[C@H]1CCCC[C@@H]1C(=O)N1CCc2ccccc2[C@H]1CN1C(=O)c2ccccc2C1=O,0,0.000084,0.291182,0.179800
COCCNC(=O)C[C@H]1CC[C@H](NS(=O)(=O)c2ccc(cc2)C)[C@@H](CO)O1,0,0.027547,0.025672,0.009304
CC(C)NC(=O)N(C)C[C@@H]1Oc2ccc(cc2C(=O)N(C[C@H]1C)[C@H](C)CO)NS(=O)(=O)c1cccs1,0,0.013372,0.023326,0.006440
CN(C)CC(=O)N[C@H]1CC[C@H](CCNC(=O)C2CCC2)O[C@H]1CO,0,0.196087,0.023565,0.006825
C=CCN(CC=C)S(=O)(=O)c1nnc[nH]1,0,0.321288,0.046292,0.011007
C[C@@H]1CCCCO[C@H](CN(C)C(=O)CCCN(C)C)[C@H](C)CN([C@@H](C)CO)C(=O)c2cc(ccc2O1)NC(=O)Nc1cccc2ccccc12,0,0.023648,0.024255,0.002299
C[C@@H]1CN([C@H](C)CO)C(=O)Cc2cc(ccc2O[C@@H]1CN(C)S(=O)(=O)c1ccccc1)NC(=O)CCCN(C)C,0,0.003889,0.023610,0.004671
C[C@H]1CCCCO[C@H](CN(C)Cc2ccc(cc2)C(=O)O)[C@@H](C)CN([C@@H](C)CO)C(=O)c2cc(ccc2O1)NC(=O)Nc1ccc(cc1)C(F)(F)F,0,0.782378,0.026483,0.004975
CCC(=O)N[C@H]1CC[C@H](CC(=O)OC)O[C@@H]1CO,0,0.002609,0.031906,0.010644
C[C@@H]1CN([C@H](C)CO)C(=O)Cc2cc(ccc2O[C@@H]1CN(C)Cc1ccc(cc1)-c1ccccc1)NC(=O)Cn1cnnn1,0,0.065612,0.025431,0.008260
C[C@@H]1CN([C@@H](C)CO)S(=O)(=O)c2ccc(cc2O[C@H]1CN(C)C(=O)Cc1ccncc1)C#Cc1ccccc1F,0,0.037257,0.026581,0.004651
CC(C)OC(=O)C(C)(C)Oc1ccc(C(=O)c2ccc(Cl)cc2)cc1,0,0.623013,0.347823,0.177712
C[C@H]1CCCCO[C@H](CN(C)C(=O)Nc2ccc3c(c2)OCO3)[C@@H](C)CN([C@H](C)CO)C(=O)c2cc(ccc2O1)NC(=O)Nc1ccccc1,0,0.005859,0.021960,0.002143
OC(=O)CNC(=O)CNC(=O)CN1N=C(C=CC1=O)c1ccccc1,0,0.234081,0.103066,0.079459
Cn1cc(c(n1)C(=O)O)Cl,0,0.866395,0.154278,0.088936
C[C@@H]1CN([C@@H](C)CO)C(=O)c2cc(cnc2O[C@H]1CN(C)C(=O)c1cnccn1)C#CCN(C)C,0,0.106035,0.032355,0.008312
COCC(=O)N1C[C@H](C)[C@@H](CN(C)C(=O)c2cc(ccc2OC[C@@H]1C)NC(=O)Nc1ccccc1)OC,0,0.019740,0.025593,0.006901
C[C@H]1CN([C@@H](C)CO)S(=O)(=O)c2ccc(cc2O[C@H]1CN(C)C(=O)Nc1ccccc1)C#CC1(O)CCCC1,0,0.027319,0.024992,0.005352
CCCCOc1ccc(CC(=O)NO)cc1,0,0.539207,0.142968,0.133847
CC(C)NC(=O)Nc1ccc2c(c1)C(=O)N(C[C@@H](C)[C@H](CN(C)Cc1ccc3c(c1)OCO3)O2)[C@@H](C)CO,0,0.019013,0.022870,0.008200
COc1ccc(cc1)NC(=O)Nc1ccc2c(c1)C(=O)N(C[C@H](C)[C@@H](CN(C)Cc1ccc(cc1)-c1ccccc1)O2)[C@@H](C)CO,0,0.067857,0.028363,0.007516
COCC#Cc1ccc2c(c1)O[C@H](CN(C)C(=O)C1CCCCC1)[C@@H](C)CN([C@H](C)CO)S2(=O)=O,0,0.058122,0.024370,0.006781
NC1=NC(=O)N(C=C1)[C@H]1CC[C@@H](CO)O1,0,0.581944,0.081723,0.029027
COc1ccc(cc1)S(=O)(=O)Nc1cccc2c1O[C@@H](CN(C)CC1CC1)[C@H](C)CN([C@@H](C)CO)C2=O,0,0.035627,0.027114,0.005208
CC(C)CC#Cc1cnc2c(c1)C(=O)N(C[C@@H](C)[C@H](CN(C)S(=O)(=O)c1ccc(cc1)C)O2)[C@H](C)CO,0,0.026517,0.025537,0.005457
CC(C)c1ccc(c(c1)O)C,0,0.435336,0.269273,0.116146
COc1ccc2n(c(c(c2c1-c1ccccc1C)Br)C(=O)O)CCCOc1cccc2ccccc12,1,0.942784,0.812577,0.676419
C[C@@H]1CN([C@@H](C)CO)C(=O)c2c(c3ccccc3n2C)-c2ccccc2CO[C@H]1CN(C)C(=O)Nc1ccccc1C(F)(F)F,0,0.625253,0.079897,0.069520
CN1[C@@H]2CC[C@@H](CC(=O)N[C@H]3CCN(C3)Cc3ccccc3)O[C@H]2COc2ccc(cc2C1=O)NC(=O)c1cnccn1,0,0.010774,0.032404,0.010123
COc1cccc(c1)NC(=O)N[C@@H]1C=C[C@H](CC(=O)N2CCN(C)CC2)O[C@@H]1CO,0,0.153814,0.049158,0.016599
CC1C(NC(=O)C(=NOC(C)(C)C(=O)O)c2csc(N)n2)C(=O)N1S(=O)(=O)O,0,0.948643,0.855761,0.567068
C[C@H]1CN([C@@H](C)CO)C(=O)c2cc(cnc2O[C@@H]1CN(C)S(=O)(=O)c1ccccc1)C#CC1(O)CCCC1,0,0.005783,0.024009,0.004233
CC(C)N1C[C@@H](CNCc2ccc(cc2)Oc2ccccc2)Oc2c(cccc2C1=O)NC(=O)c1ccncc1,0,0.001747,0.297246,0.170924
C[C@H]1CCCCO[C@H](CN(C)S(=O)(=O)c2ccccc2)[C@@H](C)CN([C@@H](C)CO)C(=O)c2cc(ccc2O1)NC(=O)Nc1ccc2c(c1)OCO2,0,0.001362,0.023732,0.002611
COc1ccccc1C#Cc1cnc2c(c1)C(=O)N(C[C@H](C)[C@@H](CN(C)C(=O)CN(C)C)O2)[C@H](C)CO,0,0.142076,0.027722,0.008470
C[C@H]1CCCCO[C@H](CN(C)Cc2ccc(cc2)C(F)(F)F)[C@@H](C)CN([C@H](C)CO)C(=O)c2cc(ccc2O1)NC(=O)Nc1ccc2c(c1)OCO2,0,0.097576,0.020301,0.006307
C[C@@H]1CN([C@@H](C)CO)C(=O)c2cc(ccc2O[C@@H]1CN(C)Cc1ccc(cc1)C(=O)O)NC(=O)Nc1cccc2ccccc12,0,0.053041,0.080482,0.016822
C[C@@H]1CN([C@H](C)CO)C(=O)c2cc(cnc2O[C@@H]1CN(C)S(=O)(=O)C)C#Cc1cccnc1,0,0.009165,0.022701,0.004046
OC[C@H]1O[C@@H](CC(=O)NCCCN2CCOCC2)C=C[C@H]1NC(=O)Cc1ccccn1,0,0.016937,0.024609,0.013775
C[C@@H]1CN([C@@H](C)CO)C(=O)c2cccc(c2O[C@H]1CN(C)Cc1ccc(cc1)Oc1ccccc1)NC(=O)c1cc(nn1C)C,0,0.007107,0.026733,0.006083
COc1ccc(cc1)NC(=O)Nc1ccc2c(c1)C(=O)N(C[C@H](C)[C@H](CN(C)CC1CC1)OCCCC[C@@H](C)O2)[C@H](C)CO,0,0.105046,0.028709,0.007174
COc1ccc(cc1)S(=O)(=O)Nc1ccc2c(c1)C(=O)N(C[C@H](C)[C@@H](CN(C)Cc1ccccc1)OCCCC[C@@H](C)O2)[C@@H](C)CO,0,0.005343,0.025834,0.003777
C[C@H]1CN([C@@H](C)CO)C(=O)c2cccc(c2O[C@H]1CN(C)C(=O)Nc1ccc2c(c1)OCO2)NC(=O)c1cnccn1,0,0.022131,0.024262,0.004990
CCC(=O)N1Cc2cc(nc(c2[C@H]1CCO)-c1cccc(c1)C1=CCCC1)C(=O)NCc1cccc(c1)F,0,0.325786,0.209732,0.094239
C[C@@H]1CN([C@H](C)CO)C(=O)c2cc(cnc2O[C@H]1CN(C)C(=O)C1CCOCC1)/C=C/c1ccccc1,0,0.005185,0.022628,0.006300
COCC(=O)N1C[C@H](C[C@@H]2OCC[C@@H]21)C(=O)N1CCCO1,0,0.069626,0.035617,0.009554
CCC(C=CC(C)C1CCC2C3CC=C4CC(O)CCC4(C)C3CCC12C)C(C)C,0,0.944241,0.246273,0.058683
C[C@@H]1CN([C@@H](C)CO)C(=O)c2cc(ccc2O[C@H]1CN(C)Cc1ccc(cc1)Oc1ccccc1)NC(=O)C1CCCCC1,0,0.013777,0.027793,0.011935
C[C@H]1CN([C@@H](C)CO)C(=O)c2cccc(c2O[C@@H]1CN(C)Cc1ccc(c(c1)Cl)Cl)NC(=O)NC1CCCCC1,0,0.278066,0.041015,0.012079
C[C@@H]1CCCCO[C@@H](CN(C)Cc2ccccc2)[C@H](C)CN([C@H](C)CO)C(=O)c2cc(ccc2O1)NC(=O)Cc1ccccc1,0,0.006777,0.025942,0.007419
O=c1[nH]c(=O)n(C2CC(O)C(CO)O2)cc1C=CBr,0,0.925364,0.384529,0.568364
Cc1cccc(N(C)C(=S)Oc2ccc3ccccc3c2)c1,0,0.701502,0.438664,0.426675
C[C@@H]1CN([C@@H](C)CO)S(=O)(=O)c2ccc(cc2O[C@H]1CN(C)S(=O)(=O)c1ccccc1F)C#Cc1cccc(c1)F,0,0.096692,0.029620,0.008262
CCS(=O)(=O)N[C@H]1C=C[C@@H](CC(=O)NCc2ccc(cc2)Cl)O[C@@H]1CO,0,0.052540,0.026488,0.011855
CCS(=O)(=O)N1CCCN2C(=O)C=C(Cn3cncn3)N=C2C1,0,0.000673,0.025903,0.010159
OC[C@@H]1O[C@H](C[C@@H]2[C@H]1Oc1ccc(cc12)NC(=O)Nc1ccc(cc1)C(F)(F)F)CC(=O)NCc1ccc(cc1)Cl,0,0.864645,0.351254,0.293365
C[C@@H]1CN([C@@H](C)CO)C(=O)c2cc(cnc2O[C@@H]1CN(C)C(=O)Nc1ccc2c(c1)OCO2)C#CC1(O)CCCC1,0,0.008674,0.058495,0.011977
COc1ccc(cc1)S(=O)(=O)N(C)C[C@@H]1Oc2ccc(cc2C(=O)N(C[C@H]1C)[C@@H](C)CO)NC(=O)Cn1cnnn1,0,0.020281,0.024954,0.004459
OCCCCCCN1[C@@H]2C(=O)N(CC=C[C@@]32O[C@@H]2C=CCOC(=O)[C@@H]2[C@H]3C1=O)c1ccc(cc1)Cl,0,0.292086,0.330224,0.238010
COc1ccc(cc1)S(=O)(=O)N(C)C[C@H]1Oc2c(cccc2C(=O)N(C[C@H]1C)[C@@H](C)CO)N(C)C,0,0.015117,0.030560,0.012217
C[C@H]1CN([C@@H](C)CO)C(=O)Cc2cc(ccc2O[C@H]1CN(C)C)NS(=O)(=O)c1cn(cn1)C,0,0.022404,0.023619,0.005773
C[C@H]1CN([C@H](C)CO)C(=O)c2cccc(c2O[C@@H]1CN(C)Cc1ccncc1)NC(=O)c1ccncc1,0,0.004296,0.023470,0.003540
OC[C@@H](Cc1ccccc1)NC(=O)C[C@@H](CC=C)C(=O)N[C@@H](COC(=O)[C@@H](CC=C)Cc1ccc(cc1)F)Cc1ccccc1,0,0.049063,0.035241,0.018442
C[C@@H]1CCCCO[C@H](CN(C)S(=O)(=O)c2cn(cn2)C)[C@H](C)CN([C@H](C)CO)C(=O)c2cc(ccc2O1)NS(=O)(=O)c1c(noc1C)C,0,0.008866,0.027507,0.003871
C[C@@H]1CCCCO[C@H](CN(C)Cc2ccc(cc2)C(F)(F)F)[C@@H](C)CN([C@H](C)CO)C(=O)c2cc(ccc2O1)NC(=O)CCCCCC(=O)Nc1ccccc1N,0,0.075181,0.016324,0.002976
C[C@@H]1CN([C@H](C)CO)C(=O)c2cccc(c2O[C@H]1CN(C)C(=O)Nc1c(noc1C)C)NC(=O)C1CC1,0,0.062048,0.022294,0.005777
C[C@H]1CN([C@H](C)CO)S(=O)(=O)c2ccc(cc2O[C@H]1CN(C)S(=O)(=O)C)-c1ccc(cc1)F,0,0.014302,0.026668,0.007823
C[C@@H]1CCCCO[C@H](CN(C)C(=O)NC2CCCCC2)[C@H](C)CN([C@@H](C)CO)C(=O)c2cc(ccc2O1)NS(=O)(=O)c1ccc(cc1)Cl,0,0.014805,0.026092,0.003730
C[C@H]1CCCCO[C@H](CN(C)CC2CCCCC2)[C@H](C)CN([C@H](C)CO)C(=O)c2cc(ccc2O1)NC(=O)c1ccccc1,0,0.018009,0.024821,0.007173
Fc1ccc2c(c1)[C@]1(CCO2)NC(=O)NC1=O,0,0.257973,0.282576,0.177734
CC(=O)O[C@@H]1C[C@@H]2CC[C@@]1(C)C2(C)C,0,0.115076,0.098584,0.022560
OC[C@@H]1[C@H]([C@@H]2CN(CC(=O)N12)S(=O)(=O)Cc1ccccc1)c1ccc(cc1)C#Cc1cccc(c1)F,0,0.071286,0.037732,0.022067
COCC1=CN([C@H]2C[C@H](O)[C@@H](CO)O2)C(=O)NC1=O,0,0.736883,0.311660,0.334421
C[C@@H]1CCCCO[C@H](CN(C)Cc2ccc(cc2)C(=O)O)[C@H](C)CN([C@H](C)CO)C(=O)c2cc(ccc2O1)NC(=O)Cc1ccccc1,0,0.039184,0.027350,0.008203
C[C@@H]1CN([C@@H](C)CO)S(=O)(=O)c2ccc(cc2O[C@H]1CN(C)S(=O)(=O)c1ccccc1)Br,0,0.027735,0.027425,0.007303
C[C@@H]1CCCCO[C@H](CN(C)C(=O)Cc2ccccc2)[C@@H](C)CN([C@@H](C)CO)C(=O)c2cc(ccc2O1)NC(=O)NC1CCCCC1,0,0.003139,0.021582,0.002975
C[C@H]1CCCCO[C@@H](CN(C)Cc2ccccc2)[C@H](C)CN([C@H](C)CO)C(=O)c2cc(ccc2O1)NC(=O)Nc1ccccc1,0,0.016079,0.024549,0.006208
C[C@H]1CCCCO[C@H](CN(C)S(=O)(=O)c2cn(cn2)C)[C@@H](C)CN([C@@H](C)CO)C(=O)c2cc(ccc2O1)NS(=O)(=O)c1cccs1,0,0.001712,0.024174,0.003018
C[C@H]1CN([C@@H](C)CO)C(=O)c2cccc(c2O[C@H]1CN(C)S(=O)(=O)c1ccc(cc1)F)NC(=O)c1ccncc1,0,0.024619,0.023835,0.004273
CO[C@@H]1CN(C)C(=O)c2cc(ccc2OC[C@@H](C)N(C[C@@H]1C)Cc1cccc(c1)F)NS(=O)(=O)c1cn(cn1)C,0,0.060202,0.024773,0.005351
CN(C)CCCNC(=O)C[C@H]1CC[C@H]2[C@@H](COc3ccc(cc3C(=O)N2C)NC(=O)NC2CCCC2)O1,0,0.094618,0.026642,0.007882
CCCCCN(CCCCC)C(=O)C(CCC(=O)[O-])NC(=O)c1ccc(Cl)c(Cl)c1.[Na+],0,0.921756,0.763112,0.853064
C[C@H]1CCCCO[C@H](CN(C)Cc2ccc(c(c2)Cl)Cl)[C@@H](C)CN([C@H](C)CO)C(=O)c2cc(ccc2O1)NC(=O)Nc1ccccc1,0,0.145656,0.032834,0.003874
CCCCC[C@H](O)/C=C/[C@H]1[C@H](O)CC(=O)[C@@H]1C/C=C\CCCC(=O)O,0,0.230147,0.332036,0.377548
CCC1OC(=O)C(C)C(OC2CC(C)(OC)C(O)C(C)O2)C(C)C(OC2OC(C)CC(N(C)C)C2O)C(C)(O)CC(C)C(=NOCOCCOC)C(C)C(O)C1(C)O,1,0.979805,0.940983,0.985753
NC1CCN(CC1)C(=O)c1c[nH]c2ccccc12,0,0.156148,0.041462,0.012782
NNC(=O)[C@@H](N)Cc1ccccc1,0,0.423954,0.164834,0.049698
C[C@H]1CN([C@@H](C)CO)C(=O)c2ccccc2-c2ccccc2CO[C@@H]1CN(C)S(=O)(=O)c1ccc(cc1)C(F)(F)F,0,0.179375,0.049721,0.014723
CC(C)NC(=O)Nc1ccc2c(c1)C(=O)N(C[C@H](C)[C@@H](CN(C)S(=O)(=O)c1cccs1)O2)[C@H](C)CO,0,0.009705,0.023725,0.005938
C[C@@H]1CN([C@@H](C)CO)S(=O)(=O)c2ccc(cc2O[C@@H]1CN(C)C(=O)NC1CCCC1)-c1cccnc1,0,0.027131,0.025795,0.004400
CC(C)n1c(C=CC(O)CC(O)CC(=O)[O-])c(-c2ccc(F)cc2)c2ccccc21.[Na+],0,0.859424,0.480180,0.541186
C[C@@H]1CCCCO[C@H](CN(C)S(=O)(=O)C)[C@@H](C)CN([C@@H](C)CO)C(=O)c2cc(ccc2O1)NC(=O)Nc1cccc2ccccc12,0,0.004347,0.023838,0.002654
C[C@H]1CCCCO[C@H](CN(C)C(=O)c2ccccc2)[C@H](C)CN([C@@H](C)CO)C(=O)c2cc(ccc2O1)NC(=O)CCC(F)(F)F,0,0.046325,0.016751,0.006932
C[C@@H]1CN([C@H](C)CO)C(=O)c2cccc(c2O[C@@H]1CN(C)Cc1ccc(cc1)Oc1ccccc1)NC(=O)Nc1ccccc1,0,0.007769,0.026843,0.006875
C[C@H]1CCCCO[C@@H](CN(C)C(=O)OCC=C)[C@H](C)CN([C@H](C)COC(=O)c2ccccc2)C(=O)c2cc(ccc2O1)NC(=O)Nc1ccccc1,0,0.022722,0.045960,0.008001
C[C@H]1CN([C@H](C)CO)C(=O)c2cc(ccc2O[C@@H]1CN(C)C(=O)Nc1cccc2ccccc12)NC(=O)Cc1ccccc1,0,0.005449,0.022144,0.005846
COc1ccc(cc1)NC(=O)N(C)C[C@H]1Oc2ccc(cc2CC(=O)N(C[C@H]1C)[C@H](C)CO)NC(=O)CCCCCC(=O)Nc1ccccc1N,0,0.004122,0.022232,0.002780
CCCCC(=O)N1C[C@@H]2CCNC[C@@H]21,0,0.052880,0.026863,0.009009
C[C@H]1CCCCO[C@H](CN(C)C(=O)CCC(F)(F)F)[C@H](C)CN([C@H](C)CO)C(=O)c2cc(ccc2O1)NC(=O)c1ccccc1,0,0.014247,0.014877,0.006894
C[C@H]1CN([C@H](C)CO)C(=O)c2cc(cnc2O[C@@H]1CN(C)S(=O)(=O)C)C#Cc1cccnc1,0,0.009165,0.022701,0.004046
COc1cccc(c1)C(=O)Nc1ccc2c(c1)C(=O)N(C)[C@@H]1CC[C@@H](CC(=O)NCCCN3CCOCC3)O[C@H]1CO2,0,0.005959,0.025830,0.005516
CCC(C)n1ncn(-c2ccc(N3CCN(c4ccc(OCC5COC(Cn6cncn6)(c6ccc(Cl)cc6Cl)O5)cc4)CC3)cc2)c1=O.Cl.Cl,0,0.804922,0.301178,0.136519
Cn1cnc(c1)CCNC(=O)C[C@@H]1CC[C@H]2[C@@H](COC[C@H](O)CN2C(=O)Nc2ccc(cc2)C(F)(F)F)O1,0,0.984903,0.934512,0.963451
C[C@H]1CN([C@H](C)CO)C(=O)CCCn2nncc2CO[C@@H]1CN(C)C(=O)c1cc(on1)-c1ccccc1,0,0.026372,0.021043,0.004517
COc1ccc(cc1)CN(C)C[C@@H]1Oc2ccc(cc2C(=O)N(C[C@@H]1C)[C@H](C)CO)NC(=O)CCN1CCOCC1,0,0.006952,0.024970,0.005773
C[C@H]1CN([C@H](C)CO)C(=O)c2cc(ccc2O[C@@H]1CN(C)C(=O)Nc1ccc2c(c1)OCO2)NC(=O)CCN1CCOCC1,0,0.001811,0.021505,0.003454
C[C@H]1CN([C@H](C)CO)C(=O)c2cc(ccc2O[C@H]1CN(C)C(=O)Nc1cccc2ccccc12)NC(=O)Nc1cccc2ccccc12,0,0.007238,0.023704,0.005237
O[C@@H]1COC[C@@H]2O[C@@H](CC[C@H]2N(C1)S(=O)(=O)c1ccccc1)CC(=O)N[C@H]1CCN(C1)Cc1ccccc1,0,0.095401,0.028405,0.010936
OC(=O)CN1Cc2ccccc2C1=O,0,0.043950,0.028154,0.012798
C[C@@H]1CN([C@@H](C)CO)C(=O)c2cc(ccc2O[C@H]1CN(C)C(=O)NC1CCCCC1)NC(=O)Nc1ccc(cc1)C(F)(F)F,0,0.727757,0.781196,0.497234
C[C@@H]1CCCCO[C@@H](CN(C)CC2CCCCC2)[C@@H](C)CN([C@H](C)CO)C(=O)c2cc(ccc2O1)NS(=O)(=O)c1cccs1,0,0.016414,0.024617,0.004404
COc1cccc(c1)S(=O)(=O)Nc1ccc2c(c1)[C@@H]1C[C@@H](CC(=O)NCc3cccc(c3)F)O[C@H](CO)[C@@H]1O2,0,0.016197,0.025648,0.006233
COc1ccc(cc1)CCNC(=O)[C@]1(CC(=O)N(C(C)C)[C@@H]1c1ccc(cc1)CO)Sc1ccc(cc1)C,0,0.469823,0.257594,0.255934
OC(=O)c1cc(c2nc(sc2c1)N1[C@@H]2CC[C@H]1C[C@H](C2)OCc1c(onc1-c1ccccc1OC(F)(F)F)C1CC1)F,1,0.988318,0.499630,0.633286
C[C@H]1CN([C@@H](C)CO)C(=O)c2cccc(c2O[C@H]1CN(C)S(=O)(=O)c1c(noc1C)C)NC(=O)c1cnccn1,0,0.051529,0.024020,0.004466
CCc1ccc(cc1)CNC1CC1,0,0.286793,0.288959,0.343290
C[C@@H]1CN([C@@H](C)CO)C(=O)c2cc(ccc2O[C@@H]1CN(C)C(=O)Nc1c(noc1C)C)NC(=O)CCN1CCOCC1,0,0.009579,0.022533,0.003911
COc1ccc(cc1)S(=O)(=O)N(C)C[C@@H]1Oc2cc(ccc2S(=O)(=O)N(C[C@@H]1C)[C@@H](C)CO)-c1ccccc1OC,0,0.012306,0.024494,0.004567
C[C@H]1CCCCO[C@H](CN(C)C(=O)Nc2ccc(cc2)F)[C@@H](C)CN([C@@H](C)CO)C(=O)c2cc(ccc2O1)NS(=O)(=O)c1ccc(cc1)Cl,0,0.087689,0.025655,0.004029
C[N+](C)(C)C[C@H]1CCC[C@@H]1O,0,0.111884,0.065248,0.022797
C[C@H]1CN([C@H](C)CO)C(=O)Cc2cc(ccc2O[C@H]1CN(C)C(=O)Nc1ccc(cc1)C(F)(F)F)NS(=O)(=O)C,0,0.155346,0.051198,0.034954
C[C@@H]1CCCCO[C@H](CN(C)S(=O)(=O)c2ccc(cc2)Cl)[C@H](C)CN([C@@H](C)CO)C(=O)c2cc(ccc2O1)NS(=O)(=O)c1ccccc1,0,0.004092,0.024833,0.002901
OC[C@H]1O[C@H]([C@H](O)[C@@H]1O)n1cnc2c1NC=NC2=O,0,0.421022,0.122862,0.119382
COc1cccc(c1)S(=O)(=O)N(C)C[C@H]1OCc2cn(nn2)CCCC(=O)N(C[C@H]1C)[C@@H](C)CO,0,0.005868,0.024083,0.005222
CC(C)NC(=O)N(C)C[C@H]1Oc2ccc(cc2CC(=O)N(C[C@H]1C)[C@H](C)CO)NC(=O)c1ccncc1,0,0.003698,0.020906,0.002755
C[C@@H]1CN([C@H](C)CO)C(=O)Cc2cc(ccc2O[C@H]1CN(C)S(=O)(=O)c1ccc(cc1)F)NS(=O)(=O)c1ccc(cc1)F,0,0.027333,0.023601,0.004538
COc1ccc(cc1)NC(=O)Nc1ccc2c(c1)C(=O)N(C[C@@H](C)[C@@H](CN(C)C(=O)Nc1ccc(cc1)C(F)(F)F)O2)[C@@H](C)CO,0,0.639262,0.098839,0.073198
C[C@@H]1CN([C@H](C)CO)C(=O)Cc2cc(ccc2O[C@@H]1CN(C)S(=O)(=O)C)NC(=O)CCC(F)(F)F,0,0.010256,0.035503,0.012330
C[C@H]1CN([C@@H](C)CO)C(=O)c2cc(ccc2O[C@@H]1CN(C)Cc1ccc(cc1)C(=O)Nc1ccccc1N)NS(=O)(=O)c1ccc(cc1)Cl,0,0.007296,0.024441,0.003624
CO[C@H](CN(C)S(=O)(=O)c1cccc(c1)Cl)[C@H](C)CN([C@H](C)CO)S(=O)(=O)c1ccc(cc1)Cl,0,0.295738,0.145034,0.017540
COc1ccc(cc1)S(=O)(=O)Nc1cccc2c1O[C@H](CN(C)S(=O)(=O)C)[C@H](C)CN([C@H](C)CO)C2=O,0,0.007405,0.024614,0.006687
C[C@@H]1CN([C@H](C)CO)S(=O)(=O)c2ccc(cc2O[C@@H]1CN(C)C(=O)CN(C)C)C#CCC1CCCC1,0,0.228033,0.249293,0.016840
COCC(=O)N1CC[C@]2(CC1)CN([C@@H](CO)c1c2c2ccc(cc2n1C)OC)C(=O)Nc1ccccc1F,0,0.419904,0.077626,0.029583
O=C1CCC(=O)N1Nc1ccccn1,0,0.270346,0.165108,0.082497
CC(=O)n1cc(c2ccccc12)[C@@H]1C[C@H](OCc2ccc(cc2)COC(=O)NCCCCCC(=O)NO)OC(=C1)C(=O)N1CCN(CC1)Cc1ccccc1,0,0.000121,0.140792,0.032718
COc1ccc(cc1)NC(=O)Nc1ccc2c(c1)C(=O)N(C[C@@H](C)[C@@H](CN(C)CC1CCCCC1)OCCCC[C@@H](C)O2)[C@H](C)CO,0,0.073460,0.027359,0.005783
C[C@@H]1CCCCO[C@@H](CN(C)S(=O)(=O)c2ccc(cc2)F)[C@H](C)CN([C@H](C)CO)C(=O)c2cc(ccc2O1)NS(=O)(=O)c1ccc(cc1)C,0,0.010364,0.023882,0.003337
C[C@H]1CN([C@@H](C)CO)C(=O)c2cc(ccc2O[C@H]1CN(C)S(=O)(=O)c1c(noc1C)C)NS(=O)(=O)c1cccs1,0,0.005740,0.025300,0.005163
C[C@@H]1CN([C@@H](C)CO)C(=O)c2cccc(c2O[C@H]1CN(C)S(=O)(=O)c1ccc(cc1)Cl)NC(=O)Nc1cccc2ccccc12,0,0.042455,0.025418,0.004284
COCCN1CCN(C)C2(CCN(CC2)C(=O)[C@H]2CCCO2)C1=O,0,0.178487,0.054758,0.009281
C[C@@H]1CN([C@H](C)CO)C(=O)c2cccc(c2O[C@H]1CN(C)S(=O)(=O)c1ccc(cc1)C)NC(=O)c1cc(nn1C)C,0,0.017026,0.024573,0.004600
COc1cc2c3cc1Oc1c(OC)c(OC)cc4c1C(Cc1cccc(c1)Oc1ccc(c(O)c1)CC3N(C)CC2)N(C)CC4.Cl.Cl,0,0.346336,0.192748,0.070738
C[C@@H]1CN([C@@H](C)CO)C(=O)Cc2cc(ccc2O[C@H]1CN(C)Cc1ccc(cc1)-c1ccccc1)NC(=O)Cc1ccccc1,0,0.021811,0.025287,0.007119
O=C(NN1CCOCC1)Nc1ccno1,0,0.153781,0.060708,0.022731
OCCN(Cc1ccccc1)C(=O)C[C@@H](CC=C)C(=O)N1CCC[C@@H]1COC(=O)[C@@H](CCC=C)Cc1ccc(cc1)F,0,0.008901,0.034568,0.019755
COc1cccc(c1)C#Cc1ccc2c(c1)O[C@H](CN(C)C(=O)CN1CCOCC1)[C@@H](C)CN([C@@H](C)CO)S2(=O)=O,0,0.018255,0.027447,0.004567
C[C@H]1CN([C@@H](C)CO)C(=O)c2cccc(c2O[C@H]1CN(C)CC1CCCCC1)NC(=O)Nc1cccc2ccccc12,0,0.060056,0.040470,0.019845
C[C@H]1CCCCO[C@@H](CN(C)Cc2ccc3c(c2)OCO3)[C@@H](C)CN([C@@H](C)CO)C(=O)c2cc(ccc2O1)NC(=O)C1CCCCC1,0,0.021832,0.024747,0.004680
C[C@@H]1CN([C@H](C)CO)C(=O)c2cc(ccc2O[C@H]1CN(C)Cc1ccc(cc1)C(=O)O)NC(=O)Nc1ccc(cc1)C(F)(F)F,0,0.810290,0.211393,0.117022
COc1ccc(cc1)NC(=O)Nc1ccc2c(c1)CC(=O)N(C[C@@H](C)[C@@H](CN(C)C(=O)Nc1ccc(cc1)C(F)(F)F)O2)[C@H](C)CO,0,0.314261,0.032421,0.010964
C[C@H]1CCCCO[C@@H](CN(C)Cc2ccc(c(c2)Cl)Cl)[C@H](C)CN([C@H](C)CO)C(=O)c2cc(ccc2O1)NC(=O)Nc1ccc(cc1)C(F)(F)F,0,0.911151,0.032807,0.009248
C[C@H]1CCCCO[C@H](CN(C)C(=O)NC2CCCCC2)[C@@H](C)CN([C@H](C)CO)C(=O)c2cc(ccc2O1)NC(=O)C1CCCCC1,0,0.017203,0.027194,0.004194
Nc1ncnc2nc([nH]c12)N1CCCCC1,0,0.248836,0.035130,0.027701
C[C@H]1CCCCO[C@H](CN(C)C(=O)Nc2ccc3c(c2)OCO3)[C@@H](C)CN([C@@H](C)CO)C(=O)c2cc(ccc2O1)NC(=O)Nc1ccc(cc1)F,0,0.026868,0.024130,0.002621
CC(C)(C)OC(=O)CC[C@]12N=C(O[C@H]1c1ccccc1CN(Cc1ccccc1)C2=O)c1ccc(cc1)OCCCO,0,0.000742,0.051144,0.033226
CC1=CC(=O)C2C(C)(C)CCCC2(C)C1(O)CCc1ccoc1,0,0.274692,0.557116,0.333963
COc1ccc(cc1)S(=O)(=O)N(C)C[C@@H]1Oc2ccc(cc2C(=O)N(C[C@@H]1C)[C@H](C)CO)N(C)C,0,0.011640,0.027538,0.010305
C[C@H]1CN([C@H](C)CO)C(=O)Cc2cc(ccc2O[C@H]1CN(C)C(=O)NC1CCCCC1)NC(=O)c1ccncc1,0,0.003895,0.022007,0.002940
C[C@@H]1CCCCO[C@@H](CN(C)CC2CC2)[C@H](C)CN([C@@H](C)CO)C(=O)c2cc(ccc2O1)NC(=O)Nc1cccc2ccccc12,0,0.084890,0.026791,0.008852
COc1ccc(cc1)NC(=O)Nc1ccc2c(c1)C(=O)N(C[C@@H](C)[C@H](CN(C)Cc1ccc(cc1)C(F)(F)F)OCCCC[C@@H](C)O2)[C@H](C)CO,0,0.198827,0.021261,0.004719
CC(C)NC(=O)Nc1cccc2c1O[C@H](CN(C)Cc1ccc(cc1)-c1ccccc1)[C@@H](C)CN([C@H](C)CO)C2=O,0,0.145939,0.045089,0.034851
COc1ccc(cc1)NC(=O)N(C)C[C@H]1OCCCC[C@H](C)Oc2ccc(cc2C(=O)N(C[C@@H]1C)[C@H](C)CO)NC(=O)Nc1ccc(cc1)C(F)(F)F,0,0.362905,0.016318,0.004760
C[C@@H]1CN([C@H](C)CO)C(=O)c2cc(ccc2O[C@H]1CN(C)S(=O)(=O)c1ccc(cc1)Cl)NS(=O)(=O)c1c(noc1C)C,0,0.026190,0.025895,0.005418
OC[C@H]1O[C@@H](CCNS(=O)(=O)c2ccc(cc2)F)CC[C@H]1NS(=O)(=O)c1ccccc1Cl,0,0.255663,0.041421,0.019228
C[C@@H]1CN([C@H](C)CO)C(=O)c2cc(ccc2O[C@H]1CN(C)S(=O)(=O)c1ccccc1)NC(=O)Nc1cccc2ccccc12,0,0.005734,0.026428,0.003678
COc1cc2c(c(OC)c1OC)-c1ccc(OC)c(=O)cc1C(NC(C)=O)CC2,0,0.718033,0.205487,0.130875
C[C@@H]1CN([C@H](C)CO)C(=O)c2cc(cnc2O[C@@H]1CN(C)C(=O)CN1CCOCC1)-c1cncnc1,0,0.004706,0.023941,0.003824
COc1ccc2c(c1)OCc1c-2oc2cc(OC)ccc12,0,0.013319,0.174838,0.095190
CO[C@H]1CN(C)C(=O)c2cc(ccc2OC[C@@H](C)N(C[C@H]1C)Cc1ccccc1C(=O)O)NC(=O)Nc1ccccc1F,0,0.494757,0.110564,0.084701
C[C@H]1CCCCO[C@@H](CN(C)S(=O)(=O)c2ccc(cc2)F)[C@H](C)CN([C@@H](C)CO)C(=O)c2cc(ccc2O1)NC(=O)C1CCCCC1,0,0.013701,0.023796,0.003136
C[C@H]1CCCCO[C@@H](CN(C)C(=O)Nc2ccc(cc2)C(F)(F)F)[C@@H](C)CN([C@@H](C)CO)C(=O)c2cc(ccc2O1)NC(=O)Nc1ccc(cc1)F,0,0.723307,0.042963,0.017667
O/N=C/c1cc[n+](cc1)CC(=O)N1CCCCC1,0,0.041244,0.248278,0.085273
C[C@@H]1CCCCO[C@H](CN(C)Cc2ccncc2)[C@H](C)CN([C@@H](C)CO)C(=O)c2cc(ccc2O1)NC(=O)c1ccccc1,0,0.003253,0.022166,0.002859
CCCCn1c(nc2c1C(=O)N(C)C(=O)N2C)SCC(=O)N,0,0.604471,0.210334,0.126757
COc1cccc(c1)S(=O)(=O)N(C)C[C@H]1Oc2ncc(cc2C(=O)N(C[C@@H]1C)[C@H](C)CO)C#CCN(C)C,0,0.024066,0.024876,0.004938
COc1ccc(cc1)S(=O)(=O)Nc1ccc2c(c1)C(=O)N(C[C@@H](C)[C@H](CN(C)S(=O)(=O)c1cn(cn1)C)O2)[C@H](C)CO,0,0.011524,0.024778,0.005208
COc1ccc2c3c(n(c2c1)C)[C@H](CO)N(C[C@]13CCN(CC1)Cc1ccncc1)C(=O)CN1CCOCC1,0,0.247838,0.066749,0.027319
C[C@@H]1CN([C@H](C)CO)C(=O)Cc2cc(ccc2O[C@H]1CN(C)Cc1ccccc1)NC(=O)Cn1cnnn1,0,0.021788,0.026196,0.010506
C1CNCCN1.CC12CCC3c4ccc(OS(=O)(=O)O)cc4CCC3C1CCC2=O,0,0.848924,0.169388,0.180128
CN(C)CC(=O)N[C@@H]1CC[C@H](CC(=O)O)O[C@H]1CO,0,0.125528,0.034204,0.014196
C[C@H]1CN([C@H](C)CO)C(=O)c2cccc(c2O[C@@H]1CN(C)Cc1ccc(cc1)C(=O)Nc1ccccc1N)NC(=O)Nc1ccc(cc1)F,0,0.162902,0.024403,0.005259
C[C@H]1CN([C@H](C)CO)C(=O)c2cc(ccc2O[C@@H]1CN(C)S(=O)(=O)c1cccs1)NS(=O)(=O)c1cn(cn1)C,0,0.007335,0.024168,0.004805
C[C@@H]1CN([C@@H](C)CO)C(=O)Cc2cc(ccc2O[C@H]1CN(C)C(=O)NC1CCCCC1)NS(=O)(=O)C,0,0.004494,0.025382,0.004738
COc1ccc(cc1)CN(C)C[C@H]1OCCCC[C@@H](C)Oc2ccc(cc2C(=O)N(C[C@H]1C)[C@@H](C)CO)NC(=O)CCC(F)(F)F,0,0.135271,0.016003,0.010838
NC(=O)c1cc(ccn1)Cl,0,0.352398,0.063157,0.033520
C[C@@H]1CN([C@H](C)CO)C(=O)Cc2cc(ccc2O[C@H]1CN(C)C(=O)Nc1c(noc1C)C)NS(=O)(=O)c1cccs1,0,0.005408,0.023281,0.004453
C(Sc1nc2ccccc2o1)c1cccc2ccccc12,0,0.000638,0.202982,0.160986
Cl.NCCCCCC(=O)O,0,0.009959,0.034883,0.017419
C[C@@H]1CCCCO[C@@H](CN(C)C(=O)Nc2ccccc2)[C@@H](C)CN([C@@H](C)CO)C(=O)c2cc(ccc2O1)NS(=O)(=O)c1ccc(cc1)C,0,0.006506,0.023732,0.002525
C[C@H]1CN([C@H](C)CO)S(=O)(=O)c2ccc(cc2O[C@H]1CN(C)C(=O)Nc1ccc2c(c1)OCO2)C#Cc1cccnc1,0,0.006604,0.027804,0.003823
CC(C)(C)[S@](=O)N1Cc2cc(nc(c2[C@@H]1CCO)-c1cccc(c1)-c1ccc(cc1)C#N)C(=O)N1CCCCC1,0,0.034976,0.246590,0.172353
C[C@H]1CN([C@H](C)CO)C(=O)c2cc(ccc2O[C@@H]1CN(C)S(=O)(=O)c1ccc(cc1)F)NS(=O)(=O)c1cn(cn1)C,0,0.043654,0.025183,0.004614
C[C@@H]1CCCCO[C@H](CN(C)C(=O)Nc2cccc3ccccc23)[C@@H](C)CN([C@H](C)CO)C(=O)c2cc(ccc2O1)NS(=O)(=O)c1ccc(cc1)Cl,0,0.008575,0.025415,0.002366
CNC[C@H]1OCCCC[C@@H](C)Oc2ccc(cc2C(=O)N(C[C@H]1C)[C@H](C)CO)NC(=O)c1ccncc1,0,0.010293,0.023737,0.004583
C[C@@H]1CN([C@H](C)CO)C(=O)c2cccc(c2O[C@H]1CN(C)S(=O)(=O)c1ccc(cc1)F)NS(=O)(=O)c1cccs1,0,0.015679,0.024904,0.005696
C[C@@H]1CCCCO[C@H](CN(C)C(=O)Nc2ccc(cc2)F)[C@@H](C)CN([C@@H](C)CO)C(=O)c2cc(ccc2O1)NC(=O)c1ccncc1,0,0.018997,0.024491,0.002901
OC[C@H]1[C@@H]([C@@H](C#N)N1C(=O)CN1CCOCC1)c1ccc(cc1)C#Cc1ccccn1,0,0.026971,0.052417,0.029997
CC(C)(C)CC(=O)N1C[C@H]2[C@H](C1)S(=O)(=O)Cc1cnc(nc12)N1CCOCC1,0,0.009489,0.181386,0.051393
C[C@@H]1CCCCO[C@@H](CN(C)Cc2ccccc2)[C@H](C)CN([C@@H](C)CO)C(=O)c2cc(ccc2O1)NC(=O)CCC(F)(F)F,0,0.126122,0.031274,0.015868
O.OCC(O)C(O)C(OC1OC(CO)C(O)C(O)C1O)C(O)CO,0,0.001101,0.120033,0.041331
C[C@@H]1CN([C@H](C)CO)C(=O)c2cc(ccc2O[C@H]1CN(C)C(=O)Nc1c(noc1C)C)NC(=O)CCCN(C)C,0,0.059015,0.021539,0.003715
COc1ccc2c(c1)OC1c3ccc(OC)cc3OCC21,0,0.116751,0.194519,0.139218
CCSC1=C(C#N)C(=O)N[C@@H](CO)S1,0,0.024064,0.114863,0.032110
C[C@H]1CN([C@@H](C)CO)C(=O)Cc2cc(ccc2O[C@@H]1CN(C)S(=O)(=O)c1ccc(cc1)C)NS(=O)(=O)c1ccc(cc1)F,0,0.007015,0.023701,0.004394
C[C@@H]1CN([C@@H](C)CO)C(=O)c2c(c3ccccc3n2C)-c2ccccc2CO[C@@H]1CN(C)Cc1ccc(c(c1)Cl)Cl,0,0.581668,0.036697,0.008390
C[C@H]1CN([C@@H](C)CO)C(=O)c2cccc(c2O[C@H]1CN(C)Cc1ccc(cc1)-c1ccccc1)NC(=O)c1ccc(cc1)-c1nccs1,0,0.021391,0.024281,0.004687
C[C@H]1CN([C@H](C)CO)C(=O)c2cc(ccc2O[C@@H]1CN(C)S(=O)(=O)c1ccc(cc1)Cl)NC(=O)Cn1cnnn1,0,0.055472,0.023802,0.004960
COc1ccc(cc1)NC(=O)Nc1ccc2c(c1)C(=O)N(C[C@H](C)[C@@H](CN(C)Cc1ccncc1)OCCCC[C@@H](C)O2)[C@H](C)CO,0,0.014527,0.027431,0.003368
C[C@@H]1CCCCO[C@@H](CN(C)C(=O)Nc2ccc(cc2)F)[C@@H](C)CN([C@H](C)CO)C(=O)c2cc(ccc2O1)NC(=O)Nc1ccc(cc1)C(F)(F)F,0,0.764885,0.029850,0.013329
C[C@@H]1CN([C@H](C)CO)C(=O)c2cc(cnc2O[C@@H]1CN(C)S(=O)(=O)c1ccc(cc1)F)-c1cccc(c1)C(=O)N(C)C,0,0.005266,0.023755,0.004703
C[C@@H]1CN([C@H](C)CO)C(=O)CCCn2nncc2CO[C@@H]1CN(C)Cc1ccc2c(c1)OCCN2C,0,0.368649,0.027124,0.005401
COc1ccc(cc1)[C@@H]([C@H](Cc1ccccc1)OC(=O)C)N1C[C@@H]2[C@H]([C@@H]1Cc1ccccc1)N(C)O[C@@]2(O)[C@@H](O)c1ccccc1,0,0.190158,0.138375,0.087237
C[C@@H]1CN([C@H](C)CO)C(=O)c2cc(ccc2O[C@@H]1CN(C)C(=O)Nc1ccc(cc1)C(F)(F)F)NS(=O)(=O)C,0,0.354086,0.168846,0.093335
C[C@H]1CN([C@@H](C)CO)S(=O)(=O)c2ccc(cc2O[C@H]1CN(C)S(=O)(=O)c1ccccc1)Br,0,0.027735,0.027425,0.007303
C[C@H]1CCCCO[C@@H](CN(C)C(=O)Nc2ccc(cc2)C(F)(F)F)[C@H](C)CN([C@H](C)CO)C(=O)c2cc(ccc2O1)NS(=O)(=O)c1ccc(cc1)Cl,0,0.317680,0.148908,0.010255
C[C@@H]1CN([C@H](C)CO)C(=O)c2cc(cnc2O[C@H]1CN(C)C(=O)Cc1cccnc1)C#Cc1ccccc1F,0,0.038027,0.023146,0.004772
C1CC2(CCN1)OCCO2,0,0.479454,0.034877,0.031230
CC(C)NC(=O)N(C)C[C@@H]1Oc2ccc(cc2C(=O)N(C[C@@H]1C)[C@@H](C)CO)NC(=O)CCN1CCOCC1,0,0.003483,0.026725,0.005549
C[C@H]1CN([C@@H](C)CO)C(=O)Cc2cc(ccc2O[C@H]1CN(C)C(=O)Nc1ccccc1)NC(=O)CCN1CCOCC1,0,0.002556,0.025029,0.003256
COc1ccc(cc1)NC(=O)N(C)C[C@H]1OCCCC[C@H](C)Oc2ccc(cc2C(=O)N(C[C@@H]1C)[C@@H](C)CO)NS(=O)(=O)c1ccc(cc1)Cl,0,0.012920,0.025479,0.002862
C[C@H]1CCCCO[C@H](CN(C)C(=O)c2ccccc2)[C@@H](C)CN([C@H](C)CO)C(=O)c2cc(ccc2O1)NC(=O)Nc1ccc(cc1)F,0,0.013326,0.023184,0.002700
COc1cccc(c1)NC(=O)N1C[C@@H](O)COC[C@@H]2O[C@H](CC[C@H]21)CC(=O)NCc1ccccc1F,0,0.349306,0.284830,0.186511
COc1ccc(cc1)S(=O)(=O)N(C)C[C@@H]1Oc2c(cccc2C(=O)N(C[C@@H]1C)[C@@H](C)CO)NS(=O)(=O)c1ccc(cc1)C,0,0.011907,0.027072,0.005128
C[C@H]1CCCCO[C@H](CN(C)C(=O)NC2CCCCC2)[C@@H](C)CN([C@@H](C)CO)C(=O)c2cc(ccc2O1)NC(=O)Nc1ccc(cc1)C(F)(F)F,0,0.452753,0.111469,0.047333
OC[C@H]1O[C@H](C[C@@H]2[C@H]1Oc1ccc(cc12)NC(=O)Nc1ccc(cc1)C(F)(F)F)CC(=O)N1CCc2ccccc2C1,0,0.246590,0.122820,0.109833
C[C@@H]1CCCCO[C@H](CN(C)C)[C@H](C)CN([C@@H](C)CO)C(=O)c2cc(ccc2O1)NS(=O)(=O)c1cn(cn1)C,0,0.042301,0.023572,0.004511
C[C@@H]1CCCCO[C@H](CN(C)Cc2ccc(c(c2)Cl)Cl)[C@@H](C)CN([C@H](C)CO)C(=O)c2cc(ccc2O1)NS(=O)(=O)c1cccs1,0,0.025557,0.024360,0.003023
OCCCOc1ccc(cc1)C1=N[C@](CCS(=O)(=O)c2ccccc2)(CO1)C(=O)NCCN1CCOCC1,0,0.001426,0.240165,0.069132
C[C@@H]1CCCCO[C@H](CN(C)Cc2ccc(cc2)C(=O)O)[C@H](C)CN([C@@H](C)CO)C(=O)c2cc(ccc2O1)NC(=O)Nc1ccc(cc1)F,0,0.294834,0.031562,0.004449
C[C@@H]1CN([C@H](C)CO)C(=O)Cc2cc(ccc2O[C@H]1CN(C)C(=O)Nc1ccc2c(c1)OCO2)NS(=O)(=O)c1cn(cn1)C,0,0.004459,0.023723,0.003005
OC[C@H]1O[C@@H](CC[C@H]1NC(=O)c1ccccn1)CC(=O)N1CCOCC1,0,0.003259,0.021236,0.005192
OCCN(Cc1ccccc1)C(=O)C[C@@H](CC=C)C(=O)NC[C@H](OC(=O)[C@@H](CCC=C)Cc1ccc(cc1)F)c1ccccc1,0,0.036310,0.036568,0.016721
C[C@@H]1CCCCO[C@@H](CN(C)Cc2ccncc2)[C@@H](C)CN([C@@H](C)CO)C(=O)c2cc(ccc2O1)NC(=O)Nc1c(noc1C)C,0,0.036493,0.038577,0.004092
COc1ccc(cc1)S(=O)(=O)N(C)C[C@H]1Oc2ncc(cc2C(=O)N(C[C@H]1C)[C@@H](C)CO)/C=C/C,0,0.006107,0.024571,0.006271
COc1ccc(cc1)C1=CC(=O)c2c(cc(c(c2O1)O)O[C@@H]1O[C@H](CO)[C@@H](O)[C@H](O)[C@H]1O[C@@H]1O[C@H](COC(=O)C)[C@@H](O)[C@@H](O)[C@H]1O)O,0,0.100891,0.056405,0.033656
C[C@@H]1CN([C@@H](C)CO)C(=O)c2cc(cnc2O[C@H]1CN(C)C(=O)Nc1ccc(cc1)C(F)(F)F)C1=CCCC1,0,0.356595,0.601412,0.394517
OC[C@H]1O[C@@H](CC(=O)N2CCOCC2)C=C[C@H]1NC(=O)c1ccc2c(c1)OCO2,0,0.011086,0.037692,0.013696
C[C@@H]1CN([C@@H](C)CO)C(=O)c2cccc(c2O[C@@H]1CN(C)Cc1ccc2c(c1)OCO2)NC(=O)c1cc(nn1C)C,0,0.007485,0.026001,0.005468
C[C@H]1CCCCO[C@H](CN(C)S(=O)(=O)c2ccccc2)[C@@H](C)CN([C@H](C)CO)C(=O)c2cc(ccc2O1)NC(=O)Nc1ccc2c(c1)OCO2,0,0.001362,0.023732,0.002611
C[C@@H]1CN([C@@H](C)CO)S(=O)(=O)c2ccc(cc2O[C@@H]1CN(C)Cc1ccccc1)C#Cc1ccccn1,0,0.017324,0.034734,0.006913
C[C@@H]1CCCCO[C@@H](CN(C)C(=O)C2CCCCC2)[C@@H](C)CN([C@@H](C)CO)C(=O)c2cc(ccc2O1)NS(=O)(=O)c1ccc(cc1)Cl,0,0.016367,0.025999,0.003720
OC[C@@H]1O[C@H](C[C@@H]2[C@H]1Oc1ccc(cc12)NC(=O)c1ccc2c(c1)OCO2)CC(=O)NCCc1ccccc1,0,0.003927,0.026478,0.009804
C[C@@H]1CN([C@H](C)CO)C(=O)c2cccc(c2O[C@H]1CN(C)Cc1ccc(cc1)Oc1ccccc1)NC(=O)Nc1ccccc1,0,0.007769,0.026843,0.006875
CCNC(=O)C=Cc1cccc(Br)c1,0,0.894261,0.181702,0.035779
COc1cccc(c1)-c1ccc2c(c1)O[C@@H](CN(C)C(=O)C1CCC1)[C@H](C)CN([C@@H](C)CO)S2(=O)=O,0,0.016990,0.063746,0.007529
C[C@@H]1CN([C@@H](C)CO)S(=O)(=O)c2ccc(cc2O[C@@H]1CN(C)C(=O)Cc1ccncc1)C#CC1CC1,0,0.033626,0.024255,0.004579
C[C@@H]1CN([C@H](C)CO)C(=O)c2cccc(c2O[C@@H]1CN(C)S(=O)(=O)c1cccs1)NC(=O)c1cc(nn1C)C,0,0.004617,0.023423,0.005319
O[C@H]1COC[C@H]2O[C@@H](CC[C@@H]2N(C1)S(=O)(=O)c1ccccc1)CC(=O)N[C@@H]1CCN(C1)Cc1ccccc1,0,0.095401,0.028405,0.010936
C[C@@H]1CN([C@@H](C)CO)C(=O)Cc2cc(ccc2O[C@@H]1CN(C)Cc1ccccc1)NS(=O)(=O)c1cn(cn1)C,0,0.010493,0.023770,0.004202
CCOC(=O)C(=O)NCc1nnnn1-c1ccccc1,0,0.172314,0.132592,0.227327
COc1ccc(cc1)NC(=O)Nc1ccc2c(c1)C(=O)N(C[C@@H](C)[C@@H](CN(C)C(=O)Nc1cccc3ccccc13)OCCCC[C@@H](C)O2)[C@@H](C)CO,0,0.010291,0.021675,0.002450
OC(=O)C1(CC1)Cn1ccnc1,0,0.399530,0.032377,0.019354
C[C@H]1CCCCO[C@@H](CN(C)Cc2ccc(cc2)C(=O)O)[C@H](C)CN([C@@H](C)CO)C(=O)c2cc(ccc2O1)NS(=O)(=O)c1cccs1,0,0.024356,0.028414,0.002496
CN1Cc2c(nn(c2C1)C)CN1CCCC1=O,0,0.084182,0.032821,0.011328
C[C@@H]1CCCCO[C@H](CN(C)C(=O)Nc2c(noc2C)C)[C@@H](C)CN([C@@H](C)CO)C(=O)c2cc(ccc2O1)NC(=O)CCC(F)(F)F,0,0.239095,0.243546,0.072264
C[C@@H]1CN([C@@H](C)CO)C(=O)c2cc(ccc2O[C@H]1CN(C)Cc1ccc(cc1)C(=O)O)NC(=O)c1ccncc1,0,0.026172,0.061071,0.020124
COc1ccc(cc1)S(=O)(=O)Nc1ccc2c(c1)C(=O)N(C[C@@H](C)[C@@H](CN(C)C(=O)C1CCCCC1)OCCCC[C@@H](C)O2)[C@H](C)CO,0,0.005954,0.024396,0.003407
C[C@H]1CN([C@@H](C)CO)C(=O)CCCn2nncc2CO[C@H]1CN(C)C(=O)c1cc(on1)-c1ccccc1,0,0.026372,0.021043,0.004517
CC(C)(C)OC(=O)N1C[C@H]2C[C@@H]1C(=O)O2,0,0.012529,0.029766,0.017030
COc1ccccc1NC(=O)N(C)C[C@H]1Oc2ncc(cc2C(=O)N(C[C@H]1C)[C@H](C)CO)C#CC(C)C,0,0.090391,0.022622,0.004627
COc1ccc(cc1)CN(C)C[C@H]1OCCCC[C@@H](C)Oc2ccc(cc2C(=O)N(C[C@H]1C)[C@@H](C)CO)NS(=O)(=O)c1ccc(cc1)F,0,0.024985,0.025732,0.004297
C[C@@H]1CCCCO[C@@H](CN(C)C(=O)c2ccncc2)[C@@H](C)CN([C@@H](C)CO)C(=O)c2cc(ccc2O1)NS(=O)(=O)c1cn(cn1)C,0,0.006858,0.023338,0.002834
C[C@@H]1CN([C@@H](C)CO)C(=O)c2cc(ccc2O[C@H]1CN(C)Cc1ccc(cc1)C(=O)Nc1ccccc1N)NC(=O)Nc1cccc2ccccc12,0,0.005967,0.021823,0.003176
COc1ccc(C(=O)c2ccc(C)cc2)c(O)c1,0,0.706614,0.541648,0.619322
CNC(=S)NCc1ccco1,0,0.020920,0.051013,0.031888
C[C@H]1CCCCO[C@@H](CN(C)Cc2ccc3c(c2)OCO3)[C@H](C)CN([C@H](C)CO)C(=O)c2cc(ccc2O1)NS(=O)(=O)c1ccc(cc1)Cl,0,0.007879,0.024544,0.002938
C[C@@H]1CCCCO[C@@H](CN(C)C(=O)C2CCCCC2)[C@H](C)CN([C@@H](C)CO)C(=O)c2cc(ccc2O1)NC(=O)Cc1ccccc1,0,0.003821,0.021067,0.003404
CN(C)CC(=O)N[C@H]1CC[C@H](CC(=O)NCCN2CCCCC2)O[C@H]1CO,0,0.181788,0.031820,0.010699
CO[C@H]1CN(C)C(=O)c2ccc(cc2OC[C@@H](C)N(C[C@@H]1C)C(=O)Nc1c(noc1C)C)NC(=O)Nc1ccc(cc1)Cl,0,0.146550,0.034064,0.012239
CO[C@H](C(=O)N(C)C[C@@H]1OCc2ccccc2-c2c(n(c3ccccc23)C)C(=O)N(C[C@@H]1C)[C@H](C)CO)c1ccccc1,0,0.035844,0.029898,0.013217
C[C@@H]1CCCCO[C@@H](CN(C)Cc2ccc(cc2)C(F)(F)F)[C@H](C)CN([C@H](C)CO)C(=O)c2cc(ccc2O1)NC(=O)c1ccncc1,0,0.115242,0.018723,0.004731
CC(=O)N1[C@@H](C[C@H]2CN(CC[C@H]21)S(=O)(=O)C)Cn1cncn1,0,0.002121,0.036224,0.006207
Nc1cccc2c1CN(C1CCC(=O)NC1=O)C2=O,0,0.078740,0.189493,0.068062
C[C@@H]1CN([C@@H](C)CO)C(=O)Cc2cc(ccc2O[C@H]1CN(C)S(=O)(=O)c1ccc(cc1)Cl)NC(=O)Cn1cnnn1,0,0.015421,0.025506,0.005855
NCc1cccc2nsnc12,0,0.085293,0.069363,0.053472
CC(C)[N+](C)(CCOC(=O)C1c2ccccc2Oc2ccccc21)C(C)C.[Br-],0,0.859371,0.534441,0.422155
C[C@@H]1CN([C@H](C)CO)C(=O)c2cccc(c2O[C@@H]1CN(C)Cc1ccc(cc1)C(F)(F)F)NC(=O)C1CCCCC1,0,0.344521,0.111676,0.122771
C[C@@H]1CN([C@H](C)CO)C(=O)Cc2cc(ccc2O[C@@H]1CN(C)Cc1ccc(c(c1)Cl)Cl)NS(=O)(=O)c1ccc(cc1)F,0,0.082692,0.024328,0.005060
CCOC(=O)[C@H]1CCCCN1,0,0.038392,0.029840,0.008590
C[C@@H](N)Cc1cccc(c1)O,0,0.064836,0.095845,0.031985
C[C@H]1CCCCO[C@@H](CN(C)Cc2ccc(cc2)C(=O)O)[C@H](C)CN([C@H](C)CO)C(=O)c2cc(ccc2O1)NC(=O)Nc1cccc2ccccc12,0,0.039803,0.023352,0.004042
CC1(C)S[C@@H]2[C@H](NC(=O)[C@H](N)c3ccc(cc3)O)C(=O)N2[C@H]1C(=O)O,1,0.999440,0.954139,0.978785
C[C@@H]1CCCCO[C@H](CN(C)C(=O)c2ccccc2)[C@@H](C)CN([C@@H](C)CO)C(=O)c2cc(ccc2O1)NC(=O)NC1CCCCC1,0,0.004112,0.022110,0.002868
C[C@H](CO)NS(=O)(=O)c1ccnn1C,0,0.004475,0.043397,0.010084
COc1ccc(cc1)S(=O)(=O)Nc1cccc2c1O[C@@H](CN(C)Cc1ccncc1)[C@@H](C)CN([C@@H](C)CO)C2=O,0,0.009246,0.023711,0.004831
C[C@H]1CN([C@@H](C)CO)C(=O)Cc2cc(ccc2O[C@H]1CN(C)Cc1ccc(cc1)C(=O)O)NC(=O)c1ccncc1,0,0.029703,0.033423,0.011695
C[C@@H]1CCCCO[C@H](CN(C)Cc2ccncc2)[C@H](C)CN([C@H](C)CO)C(=O)c2cc(ccc2O1)NC(=O)Nc1c(noc1C)C,0,0.036493,0.038577,0.004092
CNC(=O)C[C@@H]1CC[C@@H]2[C@@H](COc3ccc(cc3C(=O)N2C)NC(=O)c2ccc(cc2)C(F)(F)F)O1,0,0.318855,0.345798,0.224423
COc1ccc(cc1)NC(=O)Nc1ccc2c(c1)C(=O)N(C[C@@H](C)[C@H](CN(C)C(=O)Nc1c(noc1C)C)OCCCC[C@@H](C)O2)[C@@H](C)CO,0,0.032246,0.024061,0.002545
C[C@H]1CCCCO[C@H](CN(C)C(=O)c2ccccc2)[C@@H](C)CN([C@@H](C)CO)C(=O)c2cc(ccc2O1)NC(=O)Nc1ccc(cc1)F,0,0.013326,0.023184,0.002700
C[C@H]1CN([C@H](C)CO)C(=O)Cc2cc(ccc2O[C@@H]1CN(C)Cc1ccc(cc1)C(F)(F)F)NC(=O)CCCCCC(=O)Nc1ccccc1N,0,0.083743,0.022272,0.003969
C[C@H]1CCCCO[C@H](CN(C)S(=O)(=O)c2ccccc2)[C@H](C)CN([C@H](C)CO)C(=O)c2cc(ccc2O1)NC(=O)NC1CCCCC1,0,0.004491,0.023750,0.002894
COc1ccc(cc1)CN(C)C[C@H]1OCCCC[C@@H](C)Oc2ccc(cc2C(=O)N(C[C@@H]1C)[C@H](C)CO)NC(=O)Nc1ccc2c(c1)OCO2,0,0.016844,0.024124,0.003167
COc1ccccc1C#Cc1ccc2c(c1)O[C@H](CN(C)Cc1cccnc1)[C@@H](C)CN([C@@H](C)CO)S2(=O)=O,0,0.048936,0.025648,0.004911
C[C@@H]1CN([C@@H](C)CO)C(=O)c2cc(ccc2O[C@@H]1CN(C)S(=O)(=O)C)NC(=O)Nc1c(noc1C)C,0,0.022694,0.025389,0.005966
C[C@H]1CN([C@H](C)CO)C(=O)CCCn2cc(nn2)CO[C@@H]1CN(C)C(=O)Nc1ccc(cc1)N1CCCCC1,0,0.150582,0.026638,0.007440
C[C@H]1CCCCO[C@@H](CN(C)Cc2ccncc2)[C@@H](C)CN([C@@H](C)CO)C(=O)c2cc(ccc2O1)NS(=O)(=O)c1ccc(cc1)Cl,0,0.011448,0.024830,0.003526
COc1ccc(cc1)S(=O)(=O)N(C)C[C@H]1Oc2ccc(cc2CC(=O)N(C[C@H]1C)[C@H](C)CO)NC(=O)CCCN(C)C,0,0.006893,0.026689,0.004609
OC[C@@H](O)[C@@H](O)[C@H](O)/C=N/NC(=O)CCCCCCC(=O)NO,0,0.004165,0.038246,0.016137
CC(=O)NCC1CN(c2ccc(N3CCOCC3)c(F)c2)C(=O)O1,1,0.683009,0.324174,0.362227
CC(=O)OC1CC23CC24CCC(OC2OCC(O)C(O)C2O)C(C)(C)C4CCC3C2(C)CC3OC4(CC(C)C3C12C)OC(O)C1(C)OC41,0,0.288792,0.173116,0.084555
C[C@H]1CCCCO[C@@H](CN(C)Cc2ccncc2)[C@H](C)CN([C@@H](C)CO)C(=O)c2cc(ccc2O1)NS(=O)(=O)c1ccc(cc1)C,0,0.005745,0.024267,0.003536
C[C@@H]1CN([C@H](C)CO)C(=O)Cc2cc(ccc2O[C@@H]1CN(C)Cc1ccc(cc1)-c1ccccc1)NS(=O)(=O)c1cccs1,0,0.006486,0.023840,0.004944
CCOC(=O)c1snc2c1NC=NC2=O,0,0.141887,0.147274,0.071183
C[C@H]1CN([C@@H](C)CO)C(=O)Cc2cc(ccc2O[C@H]1CN(C)Cc1ccc(cc1)-c1ccccc1)NS(=O)(=O)c1ccc(cc1)Cl,0,0.018992,0.025036,0.004320
NC(=N)NC(=O)c1cnccn1,0,0.731024,0.098187,0.064787
Cn1cnc(c1)CCNC(=O)C[C@@H]1CC[C@H]2[C@@H](COC[C@@H](O)CN2C(=O)Nc2ccc(cc2)Cl)O1,0,0.884607,0.625618,0.370130
O=C1NC=NN1,0,0.220611,0.124640,0.069237
C[C@@H]1CCCCO[C@@H](CN(C)C(=O)Nc2ccc(cc2)C(F)(F)F)[C@H](C)CN([C@@H](C)CO)C(=O)c2cc(ccc2O1)NC(=O)CCC(F)(F)F,0,0.569278,0.097808,0.054633
C[C@@H]1O[C@H](O)[C@@H](F)[C@H](O)[C@@H]1O,0,0.001094,0.219946,0.047106
Clc1ccc(cc1)NC(=O)Nc1ccc(c(c1)Cl)Cl,1,0.984701,0.818704,0.615703
O[C@@H]1COC[C@H]2O[C@@H](CC[C@@H]2N(C1)C(=O)c1ccc2c(c1)OCO2)CC(=O)NCCN1CCCCC1,0,0.200219,0.052016,0.016705
COc1ccc2c3c([nH]c2c1)[C@H](CO)N(Cc1cc(ccc1F)F)C[C@]13CCN(CC1)C(=O)CN(C)C,0,0.766085,0.082837,0.034667
C[C@@H]1CN([C@H](C)CO)C(=O)c2cccc(c2O[C@@H]1CN(C)Cc1ccc(cc1)-c1ccccc1)NC(=O)CCCCCC(=O)Nc1ccccc1N,0,0.028439,0.026434,0.005213
C[C@@H]1CN([C@H](C)CO)C(=O)Cc2cc(ccc2O[C@@H]1CN(C)S(=O)(=O)c1ccccc1)NS(=O)(=O)c1cccs1,0,0.000904,0.023713,0.003482
C[C@@H]1CN([C@H](C)CO)C(=O)c2cc(ccc2O[C@@H]1CN(C)S(=O)(=O)c1c(noc1C)C)NS(=O)(=O)c1ccc(cc1)C,0,0.013783,0.028490,0.005189
C[C@H]1O[C@@H](O[C@H]2[C@@H](O)[C@@H](O)[C@H](O[C@@H]2CO)O[C@H]2CC[C@@]3(C)[C@@H](CC[C@@]4(C)[C@@H]3CC=C3[C@H]5CC(C)(C)[C@H]6C[C@@]5([C@@H](O)C[C@@]34C)C(=O)O6)C2(C)C)[C@@H](O)[C@@H](O[C@H]2OC[C@@H](O)[C@@H](O)[C@@H]2O)[C@@H]1O,0,0.792266,0.063358,0.028646
C[C@H](O)C#Cc1ccc2c(c1)O[C@H](CN(C)C(=O)c1ccccc1)[C@@H](C)CN([C@@H](C)CO)S2(=O)=O,0,0.010271,0.025427,0.007758
CCCNC(=O)N(C)C[C@@H]1Oc2ncc(cc2C(=O)N(C[C@H]1C)[C@H](C)CO)-c1ccc(cc1)C(=O)N(C)C,0,0.008697,0.022496,0.004236
C[C@H]1CN([C@H](C)CO)C(=O)Cc2cc(ccc2O[C@@H]1CN(C)S(=O)(=O)c1c(noc1C)C)NC(=O)Cc1cn(c2ccccc12)C,0,0.005148,0.025183,0.002536
C[C@H]1CN([C@H](C)CO)C(=O)Cc2cc(ccc2O[C@@H]1CN(C)S(=O)(=O)c1cccs1)NC(=O)Nc1cccc2ccccc12,0,0.002095,0.024075,0.003323
C[C@@H]1CN([C@H](C)CO)C(=O)Cc2cc(ccc2O[C@H]1CN(C)S(=O)(=O)c1ccc(cc1)C)NC(=O)CCN1CCOCC1,0,0.001294,0.023795,0.002696
COCC(=O)N1C[C@@H](C)[C@@H](CN(C)C(=O)c2ccc(cc2OC[C@H]1C)NC(=O)Nc1ccccc1)OC,0,0.015694,0.024534,0.006886
C[C@H](NC(=O)C[C@@H]1C[C@@H]2[C@@H](Oc3ccc(cc32)NC(=O)Nc2ccc(cc2)C(F)(F)F)[C@H](CO)O1)c1ccccc1,0,0.677784,0.180140,0.110520
Clc1ccc(cc1)/C=C/C1=Nc2cccc3cccc(c23)N1,0,0.770765,0.417373,0.434824
CC(C)(C)OC(=O)C[C@H](CC=C)C(=O)OCCNC(=O)[C@H](CC=C)CC(=O)N(CCO)Cc1ccccc1,0,0.004684,0.215745,0.043414
C[C@H]1CCCCO[C@H](CN(C)S(=O)(=O)c2ccc(cc2)F)[C@@H](C)CN([C@H](C)CO)C(=O)c2cc(ccc2O1)NC(=O)Cc1ccccc1,0,0.004994,0.023882,0.002927
COCC#Cc1cnc2c(c1)C(=O)N(C[C@H](C)[C@H](CN(C)C(=O)c1cnccn1)O2)[C@H](C)CO,0,0.072453,0.029937,0.005286
O[C@@H]1COC[C@H]2O[C@H](CC[C@@H]2N(C1)C(=O)c1cnccn1)CC(=O)NCc1ccc(cc1)Oc1ccccc1,0,0.274643,0.127770,0.052236
C[C@H]1O[C@H](O[C@H]2[C@H](O)[C@@H](O)[C@@H](O)[C@H](O)[C@@H]2O)[C@@H](N)C[C@@H]1NC(=N)C(=O)O,0,0.830140,0.473642,0.240949
Nc1nc(NC2CC2)c2ncn(C3C=CC(CO)C3)c2n1.O=S(=O)(O)O,0,0.080063,0.104239,0.123526
C[C@H]1CN([C@@H](C)CO)S(=O)(=O)c2ccc(cc2O[C@H]1CN(C)C(=O)c1cccc(c1)F)Br,0,0.202020,0.032813,0.007561
C[C@@H]1CN([C@H](C)CO)C(=O)c2cc(cnc2O[C@@H]1CN(C)S(=O)(=O)c1ccc(cc1)F)-c1ccncc1,0,0.010393,0.023618,0.004827
C[C@@H]1COCS(=O)(=O)N1,0,0.000814,0.042843,0.005513
COCC(=O)N1C[C@H](C)[C@H](CN(C)C(=O)c2cc(ccc2OC[C@@H]1C)NC(=O)c1ccc(cc1)OC)OC,0,0.007637,0.023306,0.005553
COC(=O)C=Cc1cc(OC)c(OC)c(OC)c1,0,0.615074,0.160361,0.143965
OC[C@H]1O[C@H](C[C@@H]2[C@H]1Oc1ccc(cc12)NC(=O)c1ccc2c(c1)OCO2)CC(=O)NCCc1ccccc1,0,0.003927,0.026478,0.009804
C[C@@H]1CN([C@@H](C)CO)C(=O)Cc2cc(ccc2O[C@@H]1CN(C)S(=O)(=O)c1ccccc1)NC(=O)Cn1cnnn1,0,0.003399,0.026784,0.004328
C[C@@H]1CN([C@H](C)CO)C(=O)c2cccc(c2O[C@@H]1CN(C)S(=O)(=O)c1ccc(cc1)C)NC(=O)Nc1cccc2ccccc12,0,0.017738,0.026568,0.003566
COc1ccc(cc1)NC(=O)Nc1ccc2c(c1)CC(=O)N(C[C@H](C)[C@H](CN(C)CC1CCCCC1)O2)[C@H](C)CO,0,0.092459,0.033943,0.011512
COCC(=O)Nc1ccc2c(c1)C(=O)N(C)C[C@H](OC)[C@H](C)CN(Cc1ccccc1F)[C@H](C)CO2,0,0.027859,0.027596,0.005951
CCCNC(=O)N1C[C@]2(CCN(CC2)S(=O)(=O)c2ccc(cc2)OC)c2c(n(c3cc(ccc23)OC)C)[C@H]1CO,0,0.037820,0.032220,0.008108
C[C@H]1CN([C@H](C)CO)C(=O)c2cccc(c2O[C@H]1CN(C)Cc1ccc(cc1)Oc1ccccc1)NC(=O)Nc1ccc2c(c1)OCO2,0,0.003803,0.023557,0.003319
COc1cccc(c1)NC(=O)N1C[C@H](O)COC[C@@H]2O[C@@H](CC[C@H]21)CC(=O)NC1Cc2ccccc2C1,0,0.333963,0.143928,0.064575
C[C@H]1CCCCO[C@H](CN(C)C(=O)Cc2ccccc2)[C@H](C)CN([C@@H](C)CO)C(=O)c2cc(ccc2O1)NC(=O)C1CCCCC1,0,0.002081,0.024019,0.003090
CCS(=O)(=O)Nc1ccc2c(c1)C(=O)N(C)[C@@H]1CC[C@H](CC(=O)N3CCN(C)CC3)O[C@H]1CO2,0,0.006987,0.185114,0.004648
OCCN1CC(O)C(O)C(O)C1CO,0,0.503925,0.067643,0.030016
COc1ccc(cc1)S(=O)(=O)N[C@@H]1C=C[C@@H](CC(=O)N2CCC(CC2)Cc2ccccc2)O[C@H]1CO,0,0.040181,0.035930,0.016709
C[C@@H]1CN([C@@H](C)CO)C(=O)c2cccc(c2O[C@H]1CN(C)S(=O)(=O)c1ccc(cc1)C)NS(=O)(=O)c1cccs1,0,0.006170,0.025147,0.005050
OCC(O)CO,0,0.001258,0.203558,0.054973
C[C@@H]1CN([C@@H](C)CO)C(=O)c2cc(cnc2O[C@H]1CN(C)C(=O)Cc1ccccc1)C#CC1(O)CCCC1,0,0.011285,0.047804,0.017298
C[C@H]1CN([C@H](C)CO)C(=O)c2cccc(c2O[C@@H]1CN(C)Cc1ccc(cc1)Oc1ccccc1)NS(=O)(=O)c1ccc(cc1)C,0,0.005266,0.024259,0.003535
C[C@H]1CCCCO[C@@H](CN(C)S(=O)(=O)c2cn(cn2)C)[C@H](C)CN([C@H](C)CO)C(=O)c2cc(ccc2O1)N(C)C,0,0.023175,0.023674,0.004814
OC[C@@H]1O[C@@H](C[C@H]2[C@@H]1Oc1ccc(cc12)NS(=O)(=O)c1ccc(cc1)F)CC(=O)NCc1cccnc1,0,0.019449,0.024215,0.007769
Cc1sc2c(c1C)C(=S)N=CN2,0,0.340128,0.109238,0.066542
C[C@H]1CN([C@@H](C)CO)S(=O)(=O)c2ccc(cc2O[C@@H]1CN(C)Cc1ccccn1)C#CCN(C)C,0,0.027854,0.027971,0.005904
O=C1CN(C(=O)N1)c1ccccc1,0,0.558812,0.226018,0.150832
CC(C)NC(=O)Nc1ccc2c(c1)C(=O)N(C[C@H](C)[C@@H](CN(C)C(=O)Nc1ccccc1)OCCCC[C@H](C)O2)[C@@H](C)CO,0,0.007688,0.022183,0.005381
O=C1Nc2ccccc2-c2ccccc21,0,0.142695,0.130884,0.075313
C[C@@H]1CCCCO[C@H](CN(C)C(=O)NC2CCCCC2)[C@H](C)CN([C@@H](C)CO)C(=O)c2cc(ccc2O1)NC(=O)Nc1ccc(cc1)C(F)(F)F,0,0.452753,0.111469,0.047333
C[C@@H]1CN([C@@H](C)CO)C(=O)c2cc(ccc2O[C@@H]1CN(C)Cc1ccc(cc1)C(=O)Nc1ccccc1N)NC(=O)Nc1ccc2c(c1)OCO2,0,0.004790,0.022273,0.003316
C[C@@H]1CCCCO[C@@H](CN(C)CC2CCCCC2)[C@H](C)CN([C@@H](C)CO)C(=O)c2cc(ccc2O1)NC(=O)Nc1ccccc1,0,0.073651,0.029590,0.013025
Cc1ccc(nc1)N1[C@@H](c2ccc(cc2)CO)[C@@](C)(C(=O)NCCN2CCOCC2)c2ccccc2C1=O,0,0.087417,0.082003,0.100048
CC1=C(CCC(=O)O)C(=O)n2ncnc2N1,0,0.097077,0.059425,0.047550
C[C@H]1CN([C@@H](C)CO)C(=O)c2cccc(c2O[C@H]1CN(C)Cc1ccc(cc1)C(=O)O)NC(=O)C1CCOCC1,0,0.141720,0.040098,0.023141
COc1ccc(cc1)C#Cc1cnc2c(c1)C(=O)N(C[C@@H](C)[C@H](CN(C)CC1CCOCC1)O2)[C@H](C)CO,0,0.100801,0.034222,0.008600
COc1cccc(c1)CNC(=O)c1cc2c(c(n1)-c1cccc(c1)-c1ccncc1)[C@@H](CCO)N(C2)[S@@](=O)C(C)(C)C,0,0.132969,0.067996,0.064499
CO[C@@H]1CN(C)C(=O)c2ccc(cc2OC[C@H](C)N(C[C@H]1C)C(=O)NC(C)C)NS(=O)(=O)c1ccccc1,0,0.004913,0.028132,0.007241
OC[C@@H]1O[C@H](C[C@H]2[C@@H]1Oc1ccc(cc12)NC(=O)C1CCOCC1)CC(=O)NCc1cc(ccc1F)F,0,0.299193,0.024329,0.011098
COC(=O)C[C@@H]1CC[C@@H]2[C@H](COC[C@@H](O)CN2S(=O)(=O)c2ccccc2C)O1,0,0.081821,0.028615,0.010369
OC(=O)CCC(=O)C(=O)O,0,0.141499,0.106720,0.059633
C[C@@H]1CN([C@@H](C)CO)C(=O)Cc2cc(ccc2O[C@H]1CN(C)S(=O)(=O)c1c(noc1C)C)NS(=O)(=O)c1cn(cn1)C,0,0.011775,0.024072,0.003657
CC(C)NC(=O)Nc1ccc2c(c1)C(=O)N(C[C@H](C)[C@@H](CN(C)C(=O)Nc1cccc3ccccc13)OCCCC[C@H](C)O2)[C@H](C)CO,0,0.014216,0.023266,0.004187
C[C@H]1CCCCO[C@H](CN(C)Cc2ccccc2)[C@@H](C)CN([C@@H](C)CO)C(=O)c2cc(ccc2O1)NS(=O)(=O)c1ccccc1,0,0.003306,0.023726,0.004151
C[C@H]1CN([C@H](C)CO)C(=O)c2cc(ccc2O[C@@H]1CN(C)S(=O)(=O)c1ccc(cc1)Cl)NS(=O)(=O)c1c(noc1C)C,0,0.026190,0.025895,0.005418
C[C@H]1CCCCO[C@@H](CN(C)S(=O)(=O)c2cccs2)[C@H](C)CN([C@H](C)CO)C(=O)c2cc(ccc2O1)NC(=O)Nc1cccc2ccccc12,0,0.002114,0.023835,0.002346
COc1ccccc1CNC(=O)C[C@@H]1C[C@H]2[C@H](Oc3ccc(cc32)NC(=O)NC2CCCC2)[C@H](CO)O1,0,0.129142,0.025522,0.014515
C[C@H]1CN([C@H](C)CO)C(=O)c2cc(ccc2O[C@H]1CN(C)S(=O)(=O)c1cn(cn1)C)NC(=O)Nc1ccc2c(c1)OCO2,0,0.008287,0.027231,0.004539
C[C@@H]1CN([C@H](C)CO)C(=O)c2cc(ccc2O[C@@H]1CN(C)C(=O)NC1CCCCC1)NS(=O)(=O)c1cn(cn1)C,0,0.053710,0.025129,0.003747
C[C@@H]1CN([C@@H](C)CO)C(=O)c2cccc(c2O[C@@H]1CN(C)C(=O)Nc1ccccc1)NS(=O)(=O)c1cn(cn1)C,0,0.048374,0.023427,0.004733
C[C@@H]1CN([C@@H](C)CO)C(=O)c2cccc(c2O[C@H]1CN(C)C(=O)Nc1cccc2ccccc12)NC(=O)Nc1ccc(cc1)C(F)(F)F,0,0.608635,0.158075,0.125791
COc1cccc(c1)CN(C)C[C@@H]1OCc2ccccc2-c2c(n(c3ccccc23)C)C(=O)N(C[C@H]1C)[C@H](C)CO,0,0.133717,0.035078,0.021557
C[C@@H]1CCCCO[C@H](CN(C)C(=O)Nc2ccc(cc2)C(F)(F)F)[C@H](C)CN([C@H](C)CO)C(=O)c2cc(ccc2O1)NS(=O)(=O)c1ccc(cc1)Cl,0,0.317680,0.148908,0.010255
C[C@H]1CN([C@@H](C)CO)C(=O)c2cccc(c2O[C@H]1CN(C)Cc1ccc(cc1)-c1ccccc1)NC(=O)Nc1ccccc1,0,0.067408,0.028544,0.009959
CN1[C@@H]2CC[C@@H](CC(=O)NCC(F)(F)F)O[C@@H]2COc2ccc(cc2C1=O)NS(=O)(=O)c1ccc(cc1)F,0,0.125272,0.027647,0.012189
COc1ccc(cc1)S(=O)(=O)Nc1cccc2c1O[C@H](CN(C)S(=O)(=O)c1ccccc1)[C@H](C)CN([C@H](C)CO)C2=O,0,0.007321,0.025670,0.005362
COCCNC(=O)C[C@H]1CC[C@H]2[C@@H](COC[C@H](O)CN2C(=O)Nc2ccc3c(c2)OCO3)O1,0,0.202119,0.099681,0.049256
C[C@@H]1CCCCO[C@H](CN(C)C(=O)Nc2ccc(cc2)C(F)(F)F)[C@@H](C)CN([C@@H](C)CO)C(=O)c2cc(ccc2O1)NS(=O)(=O)c1ccc(cc1)C,0,0.146957,0.029832,0.005114
C[C@H]1CN([C@@H](C)CO)C(=O)Cc2cc(ccc2O[C@H]1CN(C)C(=O)Nc1ccc(cc1)F)NC(=O)Nc1ccc(cc1)C(F)(F)F,0,0.608379,0.046161,0.018014
CC1(C(=O)[O-])CCC2(C)CCC3C(=CC(=O)C4C3(C)CCC3C(C)(C)C(OC5OC(C(=O)[O-])C(OC6OC(C(=O)[O-])C(O)C(O)C6O)C(O)C5O)CCC34C)C2C1.[NH4+].[NH4+].[NH4+],0,0.045225,0.498308,0.278410
COc1ccc(cc1)S(=O)(=O)Nc1cccc2c1O[C@@H](CN(C)Cc1ccc(c(c1)Cl)Cl)[C@@H](C)CN([C@H](C)CO)C2=O,0,0.086271,0.029332,0.005845
C[C@@H]1CN([C@@H](C)CO)C(=O)c2cc(ccc2O[C@H]1CN(C)C(=O)Nc1ccc(cc1)C(F)(F)F)NC(=O)Cc1cn(c2ccccc12)C,0,0.449668,0.052251,0.020192
CC(C)NC(=O)Nc1cccc2c1O[C@@H](CN(C)C(=O)Nc1ccc3c(c1)OCO3)[C@@H](C)CN([C@H](C)CO)C2=O,0,0.018172,0.023683,0.006364
CNC(=O)C(=O)Nc1cc(ccc1F)F,0,0.949628,0.344278,0.155247
COCCOC(=O)N1C(=O)[C@@]2([C@H]([C@H]3N([C@@H]([C@@H](OC3=O)c3ccccc3)c3ccccc3)[C@H]2c2ccc(cc2)OCCO)C(=O)N2CCN(CC2)c2ncccn2)c2cc(ccc21)C#CC1(O)CCCCCC1,0,0.169450,0.069917,0.009871
C[C@H]1CCCCO[C@@H](CN(C)C(=O)c2ccccc2)[C@@H](C)CN([C@H](C)CO)C(=O)c2cc(ccc2O1)NC(=O)CCCCCC(=O)Nc1ccccc1N,0,0.000900,0.021865,0.002107
C[C@@H]1CCCCO[C@@H](CN(C)C(=O)NC2CCCCC2)[C@H](C)CN([C@@H](C)CO)C(=O)c2cc(ccc2O1)NC(=O)c1ccccc1,0,0.002326,0.022124,0.002595
COc1cccc(c1)S(=O)(=O)N[C@H]1CC[C@H](CC(=O)NC2CCC2)O[C@H]1CO,0,0.011565,0.031727,0.009238
OC[C@@H]1O[C@H](C[C@@H]2[C@H]1Oc1ccc(cc12)NS(=O)(=O)c1ccc(cc1)F)CC(=O)NC1CCCC1,0,0.030567,0.036317,0.008145
C[C@H]1CCCCO[C@@H](CN(C)Cc2ccccc2)[C@@H](C)CN([C@H](C)CO)C(=O)c2cc(ccc2O1)NC(=O)C1CCCCC1,0,0.037508,0.022710,0.008220
CC(C)NC(=O)Nc1ccc2c(c1)C(=O)N(C[C@H](C)[C@@H](CN(C)S(=O)(=O)c1cccs1)O2)[C@@H](C)CO,0,0.009705,0.023725,0.005938
COc1cccc(c1)-c1cn(nn1)CC[C@@H]1CC[C@@H](NC(=O)CN(C)C)[C@@H](CO)O1,0,0.773810,0.033944,0.014394
C[C@H](N)C(=O)O,0,0.006518,0.065231,0.020521
C[C@H]1CN([C@@H](C)CO)C(=O)Cc2cc(ccc2O[C@H]1CN(C)CC1CC1)NS(=O)(=O)c1ccc(cc1)F,0,0.045501,0.026211,0.006003
COc1cccc(c1)C(=O)Nc1ccc2c(c1)C(=O)N(C)[C@H]1CC[C@H](CC(=O)NCC3CC3)O[C@@H]1CO2,0,0.009141,0.025471,0.006014
COc1cc(ccc1O)C[C@H]1CO[C@@H]([C@@H]1CO[C@H]1O[C@@H](CO)[C@@H](O)[C@@H](O)[C@@H]1O)c1ccc(c(c1)OC)O,0,0.795288,0.163601,0.137538
OC(=O)CSC(=S)N1CCOCC1,0,0.143372,0.120415,0.061342
CN1[C@@H]2CC[C@@H](CC(=O)NCc3ccccc3Cl)O[C@H]2COc2ccc(cc2C1=O)NC(=O)Nc1cccc(c1)C,0,0.089919,0.033476,0.028064
OC[C@@H]1O[C@@H](CCNC(=O)CN2CCOCC2)CC[C@@H]1NC(=O)Nc1ccccc1,0,0.031460,0.024231,0.011891
C[C@@H]1CCCCO[C@H](CN(C)C(=O)Nc2ccc3c(c2)OCO3)[C@@H](C)CN([C@H](C)CO)C(=O)c2cc(ccc2O1)NC(=O)c1ccccc1,0,0.001892,0.021290,0.001974
OCCN1CCN(CCCN2c3ccccc3Sc3ccc(Cl)cc32)CC1,0,0.988674,0.582394,0.368666
C[C@H]1CN([C@H](C)CO)C(=O)c2cc(ccc2O[C@@H]1CN(C)C(=O)Nc1ccc(cc1)F)NC(=O)CCCCCC(=O)Nc1ccccc1N,0,0.062336,0.024252,0.003768
C[C@@H]1CN([C@H](C)CO)C(=O)Cc2cc(ccc2O[C@H]1CN(C)S(=O)(=O)c1cn(cn1)C)NC(=O)Cc1ccccc1,0,0.003767,0.023555,0.003210
C[C@H]1CCCCO[C@H](CN(C)S(=O)(=O)c2ccc(cc2)F)[C@H](C)CN([C@@H](C)CO)C(=O)c2cc(ccc2O1)NC(=O)Nc1c(noc1C)C,0,0.038153,0.023866,0.002864
C[C@H]1CCCCO[C@@H](CN(C)S(=O)(=O)c2cccs2)[C@H](C)CN([C@@H](C)CO)C(=O)c2cc(ccc2O1)NC(=O)Nc1ccccc1,0,0.002652,0.023685,0.002254
C[C@H]1CCCCO[C@H](CN(C)Cc2ccccc2)[C@H](C)CN([C@H](C)CO)C(=O)c2cc(ccc2O1)NC(=O)Nc1ccc(cc1)C(F)(F)F,0,0.389077,0.046795,0.025302
C[C@H]1CN([C@H](C)CO)C(=O)Cc2cc(ccc2O[C@@H]1CN(C)Cc1ccc(cc1)C(=O)Nc1ccccc1N)NC(=O)CCC(F)(F)F,0,0.056415,0.017627,0.005162
CC(C)OC[C@H]1Cn2c(nc3c2C(=O)N(C)C(=O)N3C)O1,0,0.054815,0.086814,0.037895
CC(C)NC(=O)N(C)C[C@H]1Oc2c(cccc2C(=O)N(C[C@@H]1C)[C@H](C)CO)NC(=O)C1CCCCC1,0,0.024192,0.027618,0.010299
CCCN(C)C[C@@H]1OCCCC[C@@H](C)Oc2ccc(cc2C(=O)N(C[C@@H]1C)[C@H](C)CO)NS(=O)(=O)c1ccc(cc1)Cl,0,0.052127,0.025951,0.006415
C[C@H]1CN([C@@H](C)CO)C(=O)c2cccc(c2O[C@@H]1CN(C)S(=O)(=O)c1cccs1)NS(=O)(=O)c1cn(cn1)C,0,0.011246,0.024312,0.005496
C[C@H]1CN([C@H](C)CO)C(=O)c2cc(cnc2O[C@H]1CN(C)C(=O)Nc1cc(ccc1F)F)C#CCN(C)C,0,0.528723,0.034133,0.018828
CC1=CC=C(C(=S)N)C(=O)N1,0,0.021534,0.063087,0.030836
C[C@@H]1CCCCO[C@@H](CN(C)C(=O)NC2CCCCC2)[C@H](C)CN([C@H](C)CO)C(=O)c2cc(ccc2O1)NS(=O)(=O)c1ccccc1,0,0.003562,0.023740,0.002790
C[C@@H]1CN([C@@H](C)CO)C(=O)Cc2cc(ccc2O[C@H]1CN(C)S(=O)(=O)c1ccc(cc1)C)NS(=O)(=O)c1c(noc1C)C,0,0.004586,0.024136,0.004223
CN(C)CCOC(=O)C(c1ccccc1)C1(O)CCCC1.Cl,0,0.487683,0.238284,0.123762
CCSc1nc(cc(c1C#N)C(F)(F)F)-c1ccc(cc1)C,0,0.621266,0.224795,0.265995
C[C@@H]1CCCCO[C@@H](CN(C)CC2CC2)[C@@H](C)CN([C@H](C)CO)C(=O)c2cc(ccc2O1)NC(=O)Nc1ccccc1,0,0.097102,0.033990,0.017596
CN1[C@@H]2CC[C@H](CC(=O)NCc3ccccc3F)O[C@H]2COc2ccc(cc2C1=O)NC(=O)C1CCOCC1,0,0.016693,0.024162,0.006102
C[C@@H]1CCCCO[C@H](CN(C)Cc2ccc(cc2)C(=O)O)[C@H](C)CN([C@@H](C)CO)C(=O)c2cc(ccc2O1)NC(=O)Cc1ccccc1,0,0.039184,0.027350,0.008203
C[C@@H]1CCCCO[C@H](CN(C)Cc2ccc3c(c2)OCO3)[C@@H](C)CN([C@H](C)CO)C(=O)c2cc(ccc2O1)NS(=O)(=O)c1ccc(cc1)F,0,0.013680,0.023856,0.003213
C[C@H]1CN([C@H](C)CO)C(=O)c2cc(ccc2O[C@H]1CN(C)Cc1ccc(cc1)C(=O)Nc1ccccc1N)NC(=O)NC1CCCCC1,0,0.018183,0.023017,0.003268
C[C@H]1CCCCO[C@@H](CN(C)CC2CCCCC2)[C@@H](C)CN([C@@H](C)CO)C(=O)c2cc(ccc2O1)NC(=O)C1CCCCC1,0,0.090530,0.027045,0.009681
C[C@@H]1CN([C@H](C)CO)C(=O)c2cccc(c2O[C@H]1CN(C)Cc1ccc(cc1)-c1ccccc1)NS(=O)(=O)c1ccccc1,0,0.013225,0.028023,0.004901
C[C@@H]1CCCCO[C@@H](CN(C)CC2CC2)[C@H](C)CN([C@@H](C)CO)C(=O)c2cc(ccc2O1)NC(=O)Nc1c(noc1C)C,0,0.156531,0.047520,0.009393
Oc1ccc(cc1)[C@@H]1N2[C@H]([C@H](C(=O)N3CCN(CC3)c3ncccn3)[C@@]11C(=O)Nc3ccc(cc31)C#CC1(O)CCCCCC1)C(=O)O[C@H]([C@H]2c1ccccc1)c1ccccc1,0,0.011235,0.168096,0.033898
OC(=O)[C@H]1CN(C2CCCC2)C(=O)C1,0,0.022622,0.052248,0.018962
COc1ccc(cc1)S(=O)(=O)N(C)C[C@@H]1Oc2ccc(cc2C(=O)N(C[C@@H]1C)[C@@H](C)CO)NC(=O)Nc1cccc2ccccc12,0,0.008864,0.024907,0.003783
C[C@H]1CCCCO[C@H](CN(C)S(=O)(=O)c2ccc(cc2)F)[C@@H](C)CN([C@H](C)CO)C(=O)c2cc(ccc2O1)NC(=O)Nc1ccccc1,0,0.012065,0.023789,0.002449
C[C@@H]1CN([C@H](C)CO)C(=O)c2cccc(c2O[C@H]1CN(C)C(=O)Nc1ccc(cc1)C(F)(F)F)NS(=O)(=O)C,0,0.377460,0.763803,0.871565
CS(=O)(=O)N1CC[C@@H]2OCCN([C@@H]2C1)C(=O)c1cccnc1,0,0.001792,0.025198,0.005179
COCC(=O)N(C)C[C@@H]1Oc2cc(ccc2S(=O)(=O)N(C[C@H]1C)[C@@H](C)CO)-c1ccc(cc1)C#N,0,0.004037,0.024257,0.006943
C[C@H]1CN([C@@H](C)CO)C(=O)c2cc(ccc2O[C@@H]1CN(C)S(=O)(=O)c1ccc(cc1)F)NC(=O)CCCN(C)C,0,0.039860,0.026578,0.006072
C[C@@H]1CN([C@H](C)CO)C(=O)Cc2cc(ccc2O[C@H]1CN(C)S(=O)(=O)C)NS(=O)(=O)c1ccc(cc1)C,0,0.002462,0.024295,0.005387
CN1CCN(CC1)C(=O)C[C@H]1CC[C@@H]2[C@@H](COc3ccc(cc3C(=O)N2C)NC(=O)C2CCOCC2)O1,0,0.020272,0.021584,0.004890
CO/N=C(\C(=O)N[C@H]1[C@H]2SCC(=C(N2C1=O)C(=O)O)C[N+]1(C)CCCC1)c1csc(n1)N,1,0.998422,0.931389,0.915024
O[C@H]1COC[C@@H]2O[C@H](CC[C@H]2N(C1)S(=O)(=O)c1ccccc1F)CC(=O)NCc1ccccc1Cl,0,0.694074,0.046234,0.027451
CC(C)NC(=O)N(C)C[C@H]1Oc2c(cccc2C(=O)N(C[C@@H]1C)[C@H](C)CO)NC(=O)NC1CCCCC1,0,0.045885,0.026111,0.011492
C[C@@H]1CCCCO[C@@H](CN(C)C(=O)Cc2ccccc2)[C@H](C)CN([C@H](C)CO)C(=O)c2cc(ccc2O1)NC(=O)C1CCCCC1,0,0.002081,0.024019,0.003090
C[C@H]1CCCCO[C@H](CN(C)C(=O)NC2CCCCC2)[C@@H](C)CN([C@H](C)CO)C(=O)c2cc(ccc2O1)NC(=O)CCC(F)(F)F,0,0.134431,0.142927,0.041039
CO[C@@H]1CN(C)C(=O)c2cc(ccc2OC[C@@H](C)N(C[C@H]1C)C(=O)Nc1ccc(cc1)C(F)(F)F)NC(=O)C1CC1,0,0.766440,0.603538,0.365728
COc1ccccc1CNC(=O)C[C@H]1CC[C@@H]2[C@H](COC[C@H](O)CN2C(=O)Nc2ccc(cc2)F)O1,0,0.743423,0.351623,0.279466
COc1ccc(cc1)NC(=O)Nc1ccc2c(c1)C(=O)N(C[C@H](C)[C@@H](CN(C)C(=O)NC1CCCCC1)OCCCC[C@H](C)O2)[C@H](C)CO,0,0.015342,0.022127,0.002970
OC[C@H]1O[C@@H](C[C@@H]2[C@H]1Oc1ccc(cc12)NC(=O)Nc1ccc(cc1)C(F)(F)F)CC(=O)NC1CCCCC1,0,0.675410,0.254570,0.234481
C[C@@H]1CN([C@@H](C)CO)S(=O)(=O)c2ccc(cc2O[C@@H]1CN(C)S(=O)(=O)c1cn(cn1)C)C1=CCCCC1,0,0.005763,0.024080,0.003849
CN1[C@H]2CC[C@@H](CC(=O)NC3Cc4ccccc4C3)O[C@H]2COc2ccc(cc2C1=O)NC(=O)c1ccc(cc1)C(F)(F)F,0,0.245791,0.264659,0.286356
C[C@@H]1CCCCO[C@H](CN(C)C(=O)Cc2ccccc2)[C@@H](C)CN([C@@H](C)CO)C(=O)c2cc(ccc2O1)NC(=O)c1ccccc1,0,0.000572,0.022395,0.002499
C[C@H]1CN([C@H](C)CO)C(=O)c2cc(ccc2O[C@H]1CN(C)S(=O)(=O)c1cn(cn1)C)NC(=O)Cc1cn(c2ccccc12)C,0,0.012993,0.023555,0.002839
COc1ccc(cc1)CN(C)C[C@H]1OCCCC[C@@H](C)Oc2ccc(cc2C(=O)N(C[C@H]1C)[C@H](C)CO)NC(=O)c1ccccc1,0,0.007224,0.022509,0.003004
C[C@@H]1CCCCO[C@H](CN(C)S(=O)(=O)c2cccs2)[C@@H](C)CN([C@H](C)CO)C(=O)c2cc(ccc2O1)NC(=O)Nc1cccc2ccccc12,0,0.002114,0.023835,0.002346
Cn1cnc(c1)S(=O)(=O)N[C@@H]1CC[C@H](CC(=O)N2CCN(CC2)c2ccccc2)O[C@@H]1CO,0,0.028193,0.023616,0.009040
C[C@H]1CCCCO[C@@H](CN(C)C)[C@H](C)CN([C@@H](C)CO)C(=O)c2cc(ccc2O1)NC(=O)Nc1cccc2ccccc12,0,0.048737,0.029138,0.011862
C[C@H]1CN([C@H](C)CO)C(=O)Cc2cc(ccc2O[C@H]1CN(C)C(=O)Nc1cccc2ccccc12)NC(=O)Nc1ccc2c(c1)OCO2,0,0.002617,0.020348,0.003085
COC1=CC=CN(CC(=O)NN)C1=O,0,0.146202,0.128765,0.064771
C[C@H]1CCCCO[C@@H](CN(C)Cc2ccc3c(c2)OCO3)[C@H](C)CN([C@H](C)CO)C(=O)c2cc(ccc2O1)NC(=O)c1ccccc1,0,0.002885,0.022336,0.003079
CN1[C@H]2CC[C@H](CC(=O)NCc3ccccc3F)O[C@H]2COc2ccc(cc2C1=O)NC(=O)C1CCOCC1,0,0.016693,0.024162,0.006102
C[C@@H]1CCCCO[C@@H](CN(C)Cc2ccc3c(c2)OCO3)[C@@H](C)CN([C@@H](C)CO)C(=O)c2cc(ccc2O1)NC(=O)CCC(F)(F)F,0,0.083873,0.016125,0.006411
Clc1ccc(COC(Cn2ccnc2)c2ccc(Cl)cc2Cl)c(Cl)c1.O=[N+]([O-])O,0,0.998166,0.902881,0.933449
NCCc1cc(c(cc1O)O)O,0,0.556008,0.255798,0.113628
C[C@@H]1CN([C@@H](C)CO)C(=O)Cc2cc(ccc2O[C@H]1CN(C)Cc1ccc(cc1)C(=O)Nc1ccccc1N)NC(=O)Cc1cn(c2ccccc12)C,0,0.006463,0.022247,0.003312
CC(C)CCCC(C)C1CCC2C3CC(=O)C4CC(O)CCC4(C)C3CCC12C,0,0.910578,0.270667,0.106842
C[C@H]1CCCCO[C@@H](CN(C)S(=O)(=O)c2ccc(cc2)C)[C@@H](C)CN([C@@H](C)CO)C(=O)c2cc(ccc2O1)NC(=O)Nc1ccc(cc1)F,0,0.030899,0.023789,0.002758
COc1ccc(cc1)NC(=O)Nc1ccc2c(c1)[C@H]1C[C@@H](CC(=O)N3CCN(C)CC3)O[C@H](CO)[C@H]1O2,0,0.162631,0.025816,0.013078
CO[C@H]1CN(C)C(=O)c2ccc(cc2OC[C@H](C)N(C[C@@H]1C)Cc1cccc(c1)F)NS(=O)(=O)c1cn(cn1)C,0,0.051890,0.024773,0.005284
C[C@H]1CN([C@H](C)CO)C(=O)Cc2cc(ccc2O[C@H]1CN(C)Cc1ccccc1)NC(=O)Nc1ccc(cc1)C(F)(F)F,0,0.283358,0.159230,0.106802
CO[C@H]1CN(C)C(=O)c2ccc(cc2OC[C@H](C)N(C[C@@H]1C)Cc1ccc(cc1)OC)NC(=O)c1nc2ccccc2s1,0,0.006499,0.036105,0.011559
COc1ccc(cc1)S(=O)(=O)N[C@H]1C=C[C@@H](CC(=O)NCCc2ccncc2)O[C@H]1CO,0,0.028296,0.024865,0.007669
COc1ccc(cc1)NC(=O)Nc1ccc2c(c1)C(=O)N(C[C@H](C)[C@@H](CN(C)Cc1ccc(c(c1)Cl)Cl)OCCCC[C@H](C)O2)[C@@H](C)CO,0,0.150791,0.035238,0.004036
COc1ccc(cc1)NC(=O)Nc1cccc2c1O[C@@H](CN(C)S(=O)(=O)c1cn(cn1)C)[C@@H](C)CN([C@@H](C)CO)C2=O,0,0.041547,0.023767,0.003277
COCC(=O)N1C[C@H]2[C@H]([C@@H](CO)N2C(=O)C1)c1ccc(cc1)C#Cc1cccnc1,0,0.220223,0.038798,0.009143
CC(C)NC(=O)N(C)C[C@@H]1Oc2ccc(cc2C(=O)N(C[C@H]1C)[C@@H](C)CO)NS(=O)(=O)c1ccc(cc1)F,0,0.065243,0.027498,0.008191
C[C@H]1CCCCO[C@H](CN(C)C(=O)Nc2cccc3ccccc23)[C@H](C)CN([C@@H](C)CO)C(=O)c2cc(ccc2O1)NS(=O)(=O)c1c(noc1C)C,0,0.006175,0.023835,0.002315
C[C@@H]1CN([C@@H](C)CO)C(=O)c2cc(ccc2O[C@H]1CN(C)Cc1ccc(cc1)-c1ccccc1)NC(=O)CCC(F)(F)F,0,0.270056,0.199616,0.116941
COc1ccccc1C1(N)CC1,0,0.604339,0.062849,0.057272
NC(=N)N,0,0.001700,0.109803,0.057594
C[C@@H]1CN([C@@H](C)CO)C(=O)Cc2cc(ccc2O[C@@H]1CN(C)S(=O)(=O)c1c(noc1C)C)NC(=O)Cc1cn(c2ccccc12)C,0,0.005148,0.025183,0.002536
CC(=O)Nc1nnc(s1)S(=O)(=O)N,0,0.000013,0.067007,0.009374
C[C@@H]1CN([C@@H](C)CO)C(=O)c2cc(ccc2O[C@@H]1CN(C)C(=O)Nc1ccc(cc1)C(F)(F)F)NC(=O)Nc1ccccc1,0,0.596815,0.499076,0.372566
CN1CCN(CC1)C(=O)[C@H]1[C@H](CO)[C@H]2CN3C(=O)C(=CC=C3[C@@H]1N2S(=O)(=O)C)C1=CCCC1,0,0.017571,0.042207,0.010582
Cc1ccc2c(c1)C(=C(C(=O)N2)C1=NN([C@@H](C1)c1ccc(cc1)Br)C(=O)CCC(=O)O)c1ccccc1,0,0.662711,0.578069,0.519924
CN1[C@H]2CC[C@H](CC(=O)NCCc3ccncc3)O[C@H]2COc2ccc(cc2C1=O)NC(=O)Cc1cccs1,0,0.005261,0.024588,0.009632
COc1ccc(cc1)NC(=O)Nc1ccc2c(c1)[C@@H]1C[C@H](CC(=O)N3CCN(C)CC3)O[C@@H](CO)[C@@H]1O2,0,0.162631,0.025816,0.013078
C[C@@H]1CCCCO[C@H](CN(C)Cc2ccccc2)[C@@H](C)CN([C@H](C)CO)C(=O)c2cc(ccc2O1)NC(=O)NC1CCCCC1,0,0.035391,0.023502,0.006211
COc1ccc(cc1)S(=O)(=O)N(C)C[C@@H]1Oc2c(cccc2C(=O)N(C[C@@H]1C)[C@H](C)CO)NC(=O)Nc1cccc2ccccc12,0,0.015034,0.026799,0.003910
C[C@@H]1CCCCO[C@@H](CN(C)Cc2ccc3c(c2)OCO3)[C@H](C)CN([C@@H](C)CO)C(=O)c2cc(ccc2O1)NC(=O)Nc1ccc(cc1)F,0,0.058474,0.028609,0.005615
OC[C@@H]1O[C@@H](C[C@H]1O)n1cnc2c1NC=NC2=O,0,0.372511,0.135333,0.088054
CO[C@@H]1CN(C)C(=O)c2ccc(cc2OC[C@H](C)N(C[C@H]1C)C(=O)C1CCCCC1)NS(=O)(=O)C,0,0.005547,0.038334,0.005534
COc1ccc(cc1)NC(=O)N(C)C[C@H]1OCCCC[C@H](C)Oc2ccc(cc2C(=O)N(C[C@H]1C)[C@@H](C)CO)NS(=O)(=O)c1ccccc1,0,0.002479,0.023680,0.002632
C[C@@H]1CN([C@@H](C)CO)C(=O)c2cccc(c2O[C@@H]1CN(C)CC1CCCCC1)NS(=O)(=O)c1cn(cn1)C,0,0.099825,0.025476,0.004971
OCc1ccc(cc1)[C@@H]1C[C@H](CSc2nc(c(o2)-c2ccccc2)-c2ccccc2)O[C@@H](O1)c1ccc(cc1)NC(=O)CCCCCCC(=O)NO,0,0.000319,0.039155,0.005854
C[C@H]1CN([C@@H](C)CO)C(=O)c2cccc(c2O[C@@H]1CN(C)Cc1ccc(cc1)C(=O)Nc1ccccc1N)NS(=O)(=O)C,0,0.015695,0.023599,0.004435
COc1ccccc1C#Cc1ccc2c(c1)O[C@H](CN(C)Cc1ccncc1)[C@@H](C)CN([C@H](C)CO)S2(=O)=O,0,0.042764,0.026174,0.004924
CO[C@H]1CN(C)C(=O)c2cc(ccc2OC[C@@H](C)N(C[C@H]1C)C(=O)Cc1cccnc1)NS(=O)(=O)c1cccc(c1)OC,0,0.003875,0.024595,0.003586
COc1ccc(cc1)NC(=O)Nc1ccc2c(c1)C(=O)N(C[C@@H](C)[C@H](CN(C)C(=O)c1ccccc1)OCCCC[C@@H](C)O2)[C@H](C)CO,0,0.003357,0.021820,0.002079
COc1ccccc1NC(=O)N(C)C[C@@H]1Oc2ncc(cc2C(=O)N(C[C@@H]1C)[C@H](C)CO)C#CCN(C)C,0,0.115241,0.023367,0.004438
COc1ccc(cc1)S(=O)(=O)N(C)C[C@@H]1Oc2ncc(cc2C(=O)N(C[C@H]1C)[C@@H](C)CO)/C=C/C,0,0.006107,0.024571,0.006271
O=c1[nH]c2ccccc2n1CCCN1CCC(n2c(=O)[nH]c3cc(Cl)ccc32)CC1,0,0.993727,0.404460,0.350545
COc1ccc(cc1)NC(=O)Nc1ccc2c(c1)CC(=O)N(C[C@@H](C)[C@@H](CN(C)S(=O)(=O)C)O2)[C@H](C)CO,0,0.006816,0.023297,0.007098
COc1ccc(cc1)S(=O)(=O)N[C@H]1C=C[C@@H](CC(=O)N2CCC(CC2)Cc2ccccc2)O[C@H]1CO,0,0.040181,0.035930,0.016709
C[C@@H]1CN([C@H](C)CO)C(=O)c2cc(ccc2O[C@H]1CN(C)C(=O)NC1CCCCC1)NC(=O)Cn1cnnn1,0,0.023853,0.024995,0.006409
C[C@@H]1CN([C@H](C)CO)C(=O)Cc2cc(ccc2O[C@@H]1CN(C)C(=O)Nc1cccc2ccccc12)NS(=O)(=O)c1ccc(cc1)Cl,0,0.008820,0.025159,0.003083
Cc1ccc(cc1)-n1nc(cc1NC(=O)Nc1ccc(c2ccccc12)OCCN1CCOCC1)C(C)(C)C,0,0.551523,0.451909,0.369075
COc1ccc(cc1)NC(=O)Nc1ccc2c(c1)C(=O)N(C[C@H](C)[C@H](CN(C)C(=O)CCC(F)(F)F)OCCCC[C@H](C)O2)[C@H](C)CO,0,0.049866,0.017833,0.005627
C[C@@H]1CN([C@@H](C)CO)C(=O)c2cccc(c2O[C@@H]1CN(C)S(=O)(=O)c1c(noc1C)C)NS(=O)(=O)c1ccc(cc1)F,0,0.030068,0.027338,0.006636
C[C@H]1CN([C@@H](C)CO)C(=O)Cc2cc(ccc2O[C@@H]1CN(C)S(=O)(=O)c1ccc(cc1)F)NS(=O)(=O)c1ccc(cc1)C,0,0.007666,0.023615,0.004728
COc1ccc(cc1)S(=O)(=O)N(C)C[C@@H]1OCCCC[C@H](C)Oc2ccc(cc2C(=O)N(C[C@H]1C)[C@H](C)CO)NS(=O)(=O)c1ccc(cc1)Cl,0,0.007142,0.026633,0.004011
C[C@@H]1CN([C@@H](C)CO)C(=O)CCCn2nncc2CO[C@@H]1CN(C)C(=O)c1ccc(cc1)N1CCN(C)CC1,0,0.104639,0.022132,0.005744
C[C@H]1CN([C@H](C)CO)C(=O)c2cc(cnc2O[C@H]1CN(C)S(=O)(=O)c1cccc(c1)F)C#CC1(O)CCCC1,0,0.030138,0.138419,0.005417
CCCC#Cc1cnc2c(c1)C(=O)N(C[C@@H](C)[C@@H](CN(C)S(=O)(=O)c1cn(cn1)C)O2)[C@H](C)CO,0,0.031223,0.023593,0.004811
COc1ccc(cc1)[Si](C)(C)[C@@H]1[C@@H](C)[C@@]2(O[C@H]1CC(=O)N(CCO)Cc1ccccc1)C(=O)N(Cc1cccc(c1)N1CCCCC1=O)c1ccccc12,0,0.003155,0.046204,0.008131
C[C@@H]1CN([C@@H](C)CO)C(=O)c2cccc(c2O[C@@H]1CN(C)S(=O)(=O)c1c(noc1C)C)NS(=O)(=O)c1c(noc1C)C,0,0.022434,0.033048,0.007088
C[C@H]1CN([C@@H](C)CO)C(=O)c2cc(ccc2O[C@@H]1CN(C)Cc1ccc(c(c1)Cl)Cl)NS(=O)(=O)c1ccccc1,0,0.029655,0.026148,0.006594
C[C@@H]1CN([C@@H](C)CO)C(=O)c2cc(cnc2O[C@H]1CN(C)S(=O)(=O)c1ccc(cc1)C)-c1ccncc1,0,0.006911,0.023777,0.003776
COc1ccc(cc1)S(=O)(=O)Nc1ccc2c(c1)C(=O)N(C[C@H](C)[C@H](CN(C)S(=O)(=O)c1ccc(cc1)C)O2)[C@@H](C)CO,0,0.008357,0.024833,0.004364
COCC(=O)N1C[C@H](C)[C@@H](CN(C)C(=O)c2cc(ccc2OC[C@H]1C)NC(=O)Nc1ccccc1)OC,0,0.019740,0.025593,0.006901
Cn1cnc(c1Cl)[N+](=O)[O-],0,0.999624,0.308856,0.250687
COCC(=O)N1[C@H]([C@H](CO)[C@H]2CN3C(=O)C(=CC=C3[C@H]21)C1=CCCC1)C(=O)N1CCN(C)CC1,0,0.112541,0.078919,0.019720
CCn1c(nc2c1C(=O)N(CC(=O)N)C(=O)N2C)-n1nc(cc1C)C,0,0.461397,0.090942,0.136679
COCCOC(=O)N1C(=O)[C@@]2([C@H]([C@H]3N([C@@H]([C@@H](OC3=O)c3ccccc3)c3ccccc3)[C@H]2c2ccc(cc2)OCCO)C(=O)N2CCN(CC2)c2ncccn2)c2cc(ccc21)C#CC1=CCCCC1,0,0.249404,0.073897,0.009981
C[C@H]1CN([C@@H](C)CO)S(=O)(=O)c2ccc(cc2O[C@@H]1CN(C)C(=O)c1cccc(c1)F)-c1ccncc1,0,0.036062,0.026526,0.005397
COc1ccc(cc1)NC(=O)Nc1ccc2c(c1)C(=O)N(C[C@@H](C)[C@H](CN(C)C(=O)Nc1ccc(cc1)F)OCCCC[C@@H](C)O2)[C@@H](C)CO,0,0.052363,0.026224,0.003117
CN1CCN(CC1)C(=O)C[C@@H]1CC[C@@H]2[C@H](COC[C@H](O)CN2C(=O)Nc2cc(cc(c2)Cl)Cl)O1,0,0.957418,0.790417,0.478684
C[C@@H]1CN([C@H](C)CO)C(=O)c2cc(ccc2O[C@H]1CN(C)C(=O)Nc1cccc2ccccc12)NC(=O)Cn1cnnn1,0,0.016237,0.022764,0.008563
C[C@@H]1CCCCO[C@H](CN(C)C(=O)c2ccccc2)[C@@H](C)CN([C@H](C)CO)C(=O)c2cc(ccc2O1)NC(=O)NC1CCCCC1,0,0.004112,0.022110,0.002868
C[C@H]1CN([C@@H](C)CO)C(=O)c2cc(cnc2O[C@@H]1CN(C)CC1CCOCC1)C#CCc1ccccc1,0,0.043145,0.031510,0.008154
COC1C(C(=O)O)OC(C)C(O)C1O.COC1OC(C(=O)O)C(O)C(O)C1O,0,0.097454,0.409366,0.140526
C[C@H]1CN([C@H](C)CO)C(=O)Cc2cc(ccc2O[C@H]1CN(C)S(=O)(=O)c1cn(cn1)C)NC(=O)CCCCCC(=O)Nc1ccccc1N,0,0.003155,0.023650,0.002933
CNC(=O)CN1C(=O)[C@H]2[C@H]3C[C@@H](C=C3)[C@@H]2C1=O,0,0.065266,0.033895,0.013098
C[C@H]1CCCCO[C@@H](CN(C)S(=O)(=O)c2ccc(cc2)Cl)[C@H](C)CN([C@H](C)CO)C(=O)c2cc(ccc2O1)NC(=O)Nc1c(noc1C)C,0,0.039100,0.026470,0.002504
COc1ccc(cc1)NC(=O)Nc1cccc2c1O[C@@H](CN(C)Cc1ccc(cc1)Oc1ccccc1)[C@@H](C)CN([C@H](C)CO)C2=O,0,0.010260,0.027684,0.005182
C[C@H]1CN([C@H](C)CO)C(=O)Cc2cc(ccc2O[C@@H]1CN(C)C(=O)Nc1cccc2ccccc12)NC(=O)Nc1c(noc1C)C,0,0.015554,0.021791,0.003804
OCN1[C@@H](NC(=O)NCNC(=O)N[C@@H]2N(CO)C(=O)NC2=O)C(=O)NC1=O,0,0.333995,0.054519,0.054456
C[C@@H]1CCCCO[C@@H](CN(C)C(=O)Cc2ccccc2)[C@H](C)CN([C@H](C)CO)C(=O)c2cc(ccc2O1)NC(=O)c1ccccc1,0,0.000572,0.022395,0.002499
CC(C)NC(=O)N[C@@H]1C=C[C@H](CC(=O)O)O[C@H]1CO,0,0.077849,0.044584,0.014884
COc1ccccc1CNC(=O)C[C@H]1C[C@@H]2[C@@H](Oc3ccc(cc32)NC(=O)C2CCOCC2)[C@@H](CO)O1,0,0.079344,0.027161,0.009745
ClN1C(=O)N(Cl)C(=O)N(Cl)C1=O,0,0.999959,0.419075,0.194845
COc1ccc2c3c(n(c2c1)C)[C@@H](CO)N(C[C@]13CCN(CC1)C(=O)Nc1c(noc1C)C)C(=O)Nc1ccc(cc1)F,0,0.224377,0.036940,0.022744
OCCCOc1ccc(cc1)C1=N[C@@](CCS(=O)(=O)c2ccccc2)([C@@H](O1)c1ccccc1)C(=O)NCCN1CCOCC1,0,0.002838,0.039381,0.018958
COc1ccc(cc1)CN(C)C[C@@H]1Oc2ccc(cc2CC(=O)N(C[C@@H]1C)[C@H](C)CO)NC(=O)Nc1cccc2ccccc12,0,0.017265,0.023521,0.005726
COc1ccc(cc1)S(=O)(=O)N(C)C[C@@H]1Oc2c(cccc2C(=O)N(C[C@H]1C)[C@H](C)CO)NS(=O)(=O)c1cn(cn1)C,0,0.028918,0.025372,0.004793
C[C@@H]1CCCCO[C@@H](CN(C)C(=O)Nc2ccc(cc2)C(F)(F)F)[C@@H](C)CN([C@H](C)CO)C(=O)c2cc(ccc2O1)NC(=O)Nc1ccc(cc1)C(F)(F)F,0,0.909407,0.030780,0.022164
COc1ccc(cc1)S(=O)(=O)Nc1cccc2c1O[C@H](CN(C)Cc1ccncc1)[C@H](C)CN([C@@H](C)CO)C2=O,0,0.009246,0.023711,0.004831
C[C@H]1CN([C@@H](C)CO)C(=O)Cc2cc(ccc2O[C@H]1CN(C)S(=O)(=O)c1c(noc1C)C)NS(=O)(=O)c1c(noc1C)C,0,0.006631,0.024655,0.006165
COc1ccc(cc1)NC(=O)N(C)C[C@@H]1OCCCC[C@@H](C)Oc2ccc(cc2C(=O)N(C[C@H]1C)[C@@H](C)CO)NS(=O)(=O)c1ccc(cc1)C,0,0.006183,0.023687,0.002828
C1Cc2[nH]nc(c2C1)-c1ccccc1,0,0.131760,0.171280,0.104543
CC1=CC(=O)n2c(nnc2N1)C,0,0.063380,0.051416,0.022480
CC(C)(C)c1ccc(cc1)OC[C@@H](O)CN,1,0.605001,0.252182,0.070080
N(c1ccccc1)c1ncnc2sc(cc12)-c1ccccc1,0,0.170863,0.228018,0.288516
C[C@@H]1CN([C@@H](C)CO)C(=O)c2cccc(c2O[C@H]1CN(C)Cc1ccncc1)NC(=O)c1cnccn1,0,0.020389,0.026064,0.004258
O[C@H]1COC[C@H]2O[C@H](CC[C@@H]2N(C1)C(=O)Nc1ccc(cc1)Cl)CC(=O)NCCc1ccncc1,0,0.621474,0.454050,0.452692
COc1ccc(cc1)CCNC(=O)[C@]1(Cc2ccccc2I)[C@@H](N(C2CCCCC2)C(=O)c2ccccc21)c1ccc(cc1)CO,0,0.035086,0.074246,0.016583
C[C@@H]1CN([C@@H](C)CO)C(=O)c2cc(ccc2O[C@@H]1CN(C)Cc1ccc(cc1)Oc1ccccc1)NC(=O)C1CC1,0,0.019319,0.028756,0.012682
C[C@H]1CN([C@H](C)CO)C(=O)c2cc(cnc2O[C@H]1CN(C)C(=O)CN(C)C)-c1ccc(cc1)C(=O)N(C)C,0,0.039149,0.031931,0.006759
C[N+]1(C)C[C@H](O)[C@@H](C1)C(=O)O,0,0.049234,0.146153,0.034919
C[C@H]1CN([C@@H](C)CO)C(=O)Cc2cc(ccc2O[C@H]1CN(C)Cc1ccc(cc1)-c1ccccc1)NC(=O)NC1CCCCC1,0,0.165639,0.029162,0.010695
O=C(O)CN(CCN(CC(=O)O)CC(=O)O)CCN(CC(=O)O)CC(=O)O,0,0.019757,0.158779,0.039913
OC[C@@H]1O[C@@H](CCNC(=O)C2CC2)CC[C@H]1NS(=O)(=O)c1cccc(c1)F,0,0.152047,0.032672,0.011590
CC(N)C12CC3CC(CC(C3)C1)C2.Cl,0,0.357422,0.090625,0.028684
C[C@@H]1CN([C@@H](C)CO)C(=O)c2cc(ccc2O[C@@H]1CN(C)S(=O)(=O)c1cn(cn1)C)NS(=O)(=O)c1c(noc1C)C,0,0.012208,0.027459,0.005007
C[C@@H]1CN([C@H](C)CO)C(=O)Cc2cc(ccc2O[C@@H]1CN(C)C(=O)Nc1cccc2ccccc12)NC(=O)Cc1cn(c2ccccc12)C,0,0.006207,0.024903,0.002637
COc1ccccc1N1C(=NC(=NC1(C)C)N)N,0,0.001561,0.188457,0.106151
O=C1C[C@H]([C@H](N1C(=O)OCc1ccccc1)C(=O)Nc1cccc2cccnc12)c1ccc(cc1)-c1ccccc1,0,0.306139,0.158555,0.204574
COc1ccc2c3c(n(c2c1)C)[C@@H](CO)N(C[C@]13CCN(CC1)C(=O)c1ccncc1)C(=O)C1CCC1,0,0.030481,0.058573,0.014529
C[C@@H]1CCCCO[C@H](CN(C)Cc2ccc(c(c2)Cl)Cl)[C@@H](C)CN([C@H](C)CO)C(=O)c2cc(ccc2O1)NS(=O)(=O)c1c(noc1C)C,0,0.101633,0.025445,0.003069
C[C@@H]1CCCCO[C@@H](CN(C)C(=O)Nc2ccc(cc2)F)[C@@H](C)CN([C@H](C)CO)C(=O)c2cc(ccc2O1)NS(=O)(=O)c1ccc(cc1)Cl,0,0.087689,0.025655,0.004029
COC(=O)Nc1c(cc(cc1C)C)C,0,0.951433,0.077284,0.041295
COc1ccc(cc1)NC(=O)Nc1ccc2c(c1)C(=O)N(C[C@H](C)[C@H](CN(C)C(=O)Nc1ccc(cc1)OC)OCCCC[C@@H](C)O2)[C@H](C)CO,0,0.014795,0.024044,0.003081
COc1ccc(cc1)S(=O)(=O)Nc1ccc2c(c1)C(=O)N(C[C@@H](C)[C@@H](CN(C)C(=O)NC1CCCCC1)OCCCC[C@@H](C)O2)[C@@H](C)CO,0,0.005211,0.025609,0.003285
CC(C)NC(=O)N(C)C[C@@H]1Oc2c(cccc2C(=O)N(C[C@H]1C)[C@H](C)CO)NS(=O)(=O)c1ccc(cc1)Cl,0,0.076515,0.025282,0.008698
OC[C@@H]1O[C@@H](CC[C@H]1NC(=O)c1cccnc1)CC(=O)NCCN1CCCCC1,0,0.049883,0.025418,0.011426
COC(=O)[C@H](Cc1ccccc1)N1C[C@](C)(OC(C)C)O[C@@H](CCn2cc(nn2)COc2ccccc2/C=C(C)/C=C/C(=O)NO)[C@@H]1/C=C/C1CC1,0,0.603219,0.079057,0.036674
C[C@@H]1CN([C@H](C)CO)C(=O)Cc2cc(ccc2O[C@@H]1CN(C)S(=O)(=O)c1cccs1)NS(=O)(=O)c1ccc(cc1)C,0,0.001028,0.023713,0.003574
COc1ccc2c3c([nH]c2c1)[C@@H](CO)N(Cc1ccncc1)C[C@]13CCN(CC1)Cc1ccc(cc1)-c1ccccn1,0,0.237763,0.163920,0.124851
C/C(=N\NC(=O)CCCCCC(=O)Nc1ccccc1O)C[P+](c1ccccc1)(c1ccccc1)c1ccccc1,0,0.500079,0.473794,0.367094
C[C@@H]1CCCCO[C@H](CN(C)C(=O)Nc2c(noc2C)C)[C@@H](C)CN([C@@H](C)CO)C(=O)c2cc(ccc2O1)NS(=O)(=O)c1ccc(cc1)C,0,0.015444,0.024370,0.002471
COc1ccc(cc1)CN(C)C[C@H]1Oc2c(cccc2C(=O)N(C[C@@H]1C)[C@@H](C)CO)NC(=O)Nc1ccc(cc1)C(F)(F)F,0,0.733950,0.299897,0.215027
OC[C@@H]1O[C@H](C[C@@H]2[C@H]1Oc1ccc(cc12)NC(=O)Nc1ccccc1F)CC(=O)NCc1ccc(cc1)Oc1ccccc1,0,0.125152,0.027384,0.021125
COc1ccc(cc1)NC(=O)N(C)C[C@@H]1Oc2ccc(cc2CC(=O)N(C[C@@H]1C)[C@@H](C)CO)NC(=O)CCN1CCOCC1,0,0.002994,0.025145,0.003700
C[C@@H]1CN([C@@H](C)CO)C(=O)Cc2cc(ccc2O[C@@H]1CN(C)Cc1ccc(cc1)C(F)(F)F)NC(=O)NC1CCCCC1,0,0.258744,0.145260,0.044941
Fc1ccc(cc1NC(=O)Cc1cccc(c1)C(F)(F)F)Oc1ccc2nc(sc2c1C#N)NC(=O)C1CC1,0,0.417695,0.497837,0.654948
C[C@@H]1CCCCO[C@@H](CN(C)S(=O)(=O)c2cn(cn2)C)[C@@H](C)CN([C@@H](C)CO)C(=O)c2cc(ccc2O1)NC(=O)Nc1cccc2ccccc12,0,0.008613,0.024133,0.002596
CS(=O)(=O)OCCCCOS(=O)(=O)C,0,0.005481,0.154750,0.094087
C[C@@H]1CN([C@@H](C)CO)C(=O)c2cc(ccc2O[C@H]1CN(C)Cc1ccccc1)NC(=O)CCCCCC(=O)Nc1ccccc1N,0,0.007921,0.021708,0.004121
CC(C)c1ccc2[n+](cccc2c1)C,0,0.816186,0.155470,0.094809
CC(C)C#Cc1ccc2c(c1)O[C@@H](CN(C)S(=O)(=O)c1cn(cn1)C)[C@H](C)CN([C@@H](C)CO)S2(=O)=O,0,0.043949,0.024927,0.003799
COc1ccc(cc1)NC(=O)Nc1ccc2c(c1)C(=O)N(C[C@H](C)[C@@H](CN(C)S(=O)(=O)c1ccccc1)OCCCC[C@H](C)O2)[C@@H](C)CO,0,0.002923,0.023792,0.002673
O[C@H]1COC[C@@H]2O[C@@H](CC[C@H]2N(C1)S(=O)(=O)c1ccc(cc1)Cl)CC(=O)NCCN1CCCC1,0,0.656070,0.049306,0.029843
COC(OC)[C@H](Cc1ccccc1)N(CC#C[C@@H](O)c1ccccc1)[C@@H]([C@H](Cc1ccccc1)OC(=O)C)c1ccc(cc1)OC,0,0.238363,0.139364,0.044648
CCC(=O)OC1(C(=O)CCl)C(C)CC2C3CCC4=CC(=O)C=CC4(C)C3(F)C(O)CC21C,0,0.218568,0.300528,0.070990
C[C@H]1CN([C@@H](C)CO)C(=O)c2cccc(c2O[C@@H]1CN(C)S(=O)(=O)c1ccc(cc1)F)NC(=O)c1cnccn1,0,0.079701,0.025869,0.004575
C[C@@H]1CCCCO[C@@H](CN(C)S(=O)(=O)c2ccc(cc2)F)[C@@H](C)CN([C@@H](C)CO)C(=O)c2cc(ccc2O1)NS(=O)(=O)c1cn(cn1)C,0,0.031461,0.023959,0.003431
C[C@@H]1CN([C@H](C)CO)C(=O)Cc2cc(ccc2O[C@@H]1CN(C)S(=O)(=O)c1c(noc1C)C)NS(=O)(=O)c1ccccc1,0,0.002235,0.023721,0.004023
C[C@H]1CN([C@H](C)CO)C(=O)c2cc(ccc2O[C@H]1CN(C)Cc1ccc(cc1)Oc1ccccc1)NC(=O)Cn1cnnn1,0,0.010562,0.027667,0.010078
C[C@H]1CN([C@H](C)CO)S(=O)(=O)c2ccc(cc2O[C@H]1CN(C)S(=O)(=O)c1cccc(c1)F)Br,0,0.108837,0.034484,0.007396
C[C@@H]1CN([C@@H](C)CO)C(=O)c2cccc(c2O[C@H]1CN(C)S(=O)(=O)c1ccccc1)NC(=O)c1cc(nn1C)C,0,0.008920,0.023274,0.004539
O[C@H]1C2CN3CCN(C2)CC1(C3)c1ccccc1,0,0.208481,0.053490,0.035272
C[C@H]1CCCCO[C@@H](CN(C)Cc2ccc3c(c2)OCO3)[C@H](C)CN([C@H](C)CO)C(=O)c2cc(ccc2O1)NC(=O)C1CCCCC1,0,0.021832,0.024747,0.004680
CN1[C@@H]2CC[C@H](CC(=O)NCC(F)(F)F)O[C@@H]2COc2ccc(cc2C1=O)NC(=O)c1cccs1,0,0.040742,0.246346,0.190905
C[C@@H]1CN([C@@H](C)CO)C(=O)c2cccc(c2O[C@@H]1CN(C)C(=O)Nc1c(noc1C)C)NC(=O)c1cnccn1,0,0.180060,0.024571,0.010290
C[C@H]1CCCCO[C@@H](CN(C)C)[C@@H](C)CN([C@@H](C)CO)C(=O)c2cc(ccc2O1)NC(=O)Nc1ccc(cc1)C(F)(F)F,0,0.647917,0.821466,0.697886
C[C@H]1CN([C@H](C)CO)C(=O)c2cccc(c2O[C@@H]1CN(C)C(=O)Nc1cccc2ccccc12)NS(=O)(=O)c1ccc(cc1)Cl,0,0.026791,0.025484,0.005457
C[C@@H]1CN([C@H](C)CO)C(=O)c2cccc(c2O[C@@H]1CN(C)Cc1ccc(cc1)Oc1ccccc1)NS(=O)(=O)c1ccccc1,0,0.002824,0.026047,0.004249
C[C@@H]1CCCCO[C@H](CN(C)S(=O)(=O)c2ccc(cc2)F)[C@@H](C)CN([C@H](C)CO)C(=O)c2cc(ccc2O1)NC(=O)Nc1cccc2ccccc12,0,0.010120,0.024491,0.002511
CO[C@@H]1CN(C)C(=O)c2cc(ccc2OC[C@@H](C)N(C[C@H]1C)Cc1ccccn1)NS(=O)(=O)CC(F)(F)F,0,0.007651,0.045871,0.008788
CCCCN(CCCC)CC[C@@H](O)c1cc2c(cc(cc2c2cc(ccc12)C(F)(F)F)Cl)Cl,0,0.999602,0.751088,0.457578
C[C@H]1CN([C@H](C)CO)C(=O)Cc2cc(ccc2O[C@H]1CN(C)S(=O)(=O)c1ccc(cc1)C)NC(=O)c1ccncc1,0,0.002315,0.023777,0.002798
O=C1NC[C@@H]2CN(C[C@H]21)C(=O)c1cnccn1,0,0.045968,0.047673,0.018600
C[C@@H]1CN([C@@H](C)CO)C(=O)Cc2cc(ccc2O[C@H]1CN(C)S(=O)(=O)c1cn(cn1)C)NC(=O)Nc1ccc(cc1)F,0,0.038890,0.025194,0.004220
CC(C)NC(=O)Nc1ccc2c(c1)C(=O)N(C[C@H](C)[C@@H](CN(C)Cc1ccc(cc1)Oc1ccccc1)O2)[C@H](C)CO,0,0.015925,0.031611,0.017300
C1CCC(CC1)Nc1ccccn1,0,0.040386,0.281071,0.136808
COc1ccc(cc1)NC(=O)N(C)C[C@H]1OCCCC[C@H](C)Oc2ccc(cc2C(=O)N(C[C@@H]1C)[C@@H](C)CO)NC(=O)Nc1ccc(cc1)F,0,0.050132,0.026224,0.003099
COc1ccc(cc1)S(=O)(=O)Nc1ccc2c(c1)C(=O)N(C[C@@H](C)[C@H](CN(C)Cc1ccc(cc1)Oc1ccccc1)O2)[C@@H](C)CO,0,0.002145,0.026471,0.003796
C[C@H]1CCCCO[C@@H](CN(C)S(=O)(=O)c2ccccc2)[C@H](C)CN([C@H](C)CO)C(=O)c2cc(ccc2O1)NC(=O)Nc1ccc2c(c1)OCO2,0,0.001362,0.023732,0.002611
CC1CC2C3CCC4=CC(=O)C=CC4(C)C3(Cl)C(O)CC2(C)C1(OC(=O)c1ccco1)C(=O)CCl,0,0.676243,0.360113,0.063613
C[C@@H]1CN([C@@H](C)CO)S(=O)(=O)c2ccc(cc2O[C@@H]1CN(C)C)C#CCN(C)C,0,0.135268,0.027932,0.008643
C[C@H]1CN([C@H](C)CO)C(=O)c2cc(ccc2O[C@@H]1CN(C)C(=O)Nc1ccc(cc1)C(F)(F)F)NS(=O)(=O)c1ccc(cc1)F,0,0.368226,0.179459,0.016545
C[C@@H]1CN([C@@H](C)CO)C(=O)c2cc(ccc2O[C@H]1CN(C)C(=O)Nc1cccc2ccccc12)NC(=O)CCCCCC(=O)Nc1ccccc1N,0,0.006154,0.021619,0.002373
OC1C(O)C(O)C(O)C(O)C1O,0,0.003344,0.092108,0.014587
OC[C@@H]1O[C@H](CC[C@H]1NC(=O)CN1CCOCC1)CC(=O)NC1CCC1,0,0.007842,0.025643,0.009802
OCc1ccc(cc1)CO[C@H]1C[C@H](C=C(O1)C(=O)NCc1nc2ccccc2[nH]1)c1ccc(cc1)Br,0,0.571648,0.260395,0.065242
OCCOc1ccc(cc1)[C@@H]1N2[C@H]([C@H](C(=O)N3CCCCCCC3)[C@@]11C(=O)Nc3ccccc31)C(=O)O[C@H]([C@H]2c1ccccc1)c1ccccc1,0,0.079565,0.068336,0.029326
C[C@H]1CN([C@H](C)CO)C(=O)CCCn2cc(nn2)CO[C@H]1CN(C)C(=O)Oc1cccc2ccccc12,0,0.149553,0.031646,0.013805
C[C@@H]1CN([C@H](C)CO)C(=O)c2cccc(c2O[C@@H]1CN(C)Cc1ccc(cc1)C(=O)O)NC(=O)c1cc(nn1C)C,0,0.109819,0.034469,0.012254
COc1ccc(cc1)NC(=O)N(C)C[C@H]1Oc2ncc(cc2C(=O)N(C[C@@H]1C)[C@@H](C)CO)C#C[C@H](C)O,0,0.021172,0.041996,0.016072
CO[C@@H](CN(C)S(=O)(=O)c1cn(cn1)C)[C@H](C)CN([C@@H](C)CO)C(=O)Nc1ccc(cc1)C(F)(F)F,1,0.763221,0.936917,0.987218
CCC1(O)CC2CN(CCc3c([nH]c4ccccc34)C(C(=O)OC)(c3cc4c(cc3OC)N(C=O)C3C(O)(C(=O)OC)C(OC(C)=O)C5(CC)C=CCN6CCC43C65)C2)C1.O=S(=O)(O)O,0,0.000047,0.092657,0.025531
CC(C)CN(C[C@@H](OP(=O)(O)O)[C@H](Cc1ccccc1)NC(=O)O[C@H]1CCOC1)S(=O)(=O)c1ccc(cc1)N,0,0.000000,0.039584,0.029544
CSc1cccc2sc(nc12)Nc1ccc(cc1)Cl,1,0.731190,0.528785,0.393883
C[C@H]1CN([C@@H](C)CO)S(=O)(=O)c2ccc(cc2O[C@@H]1CN(C)Cc1cncnc1)-c1ccccc1F,0,0.052546,0.026319,0.006076
Cc1ccc(cc1)S(=O)(=O)n1cc(c2ccccc12)[C@H]1CC(=O)N([C@H]1C(=O)Nc1cccc2cccnc12)C(=O)OCc1ccccc1,0,0.052952,0.076751,0.074806
CCC1=C(C)NC(=NC1=O)N1CCOCC1,0,0.194660,0.025987,0.007165
C[C@@H]1CN([C@H](C)CO)C(=O)c2cc(ccc2O[C@@H]1CN(C)S(=O)(=O)c1ccc(cc1)Cl)NC(=O)CCCN(C)C,0,0.044991,0.025561,0.007182
OC[C@@H]1[C@@H]2[C@@H](CN(C(=O)c3ccncc3)c3ccccc32)N1C(=O)CN1CCOCC1,0,0.005228,0.036739,0.007476
COc1ccc(cc1)S(=O)(=O)Nc1ccc2c(c1)C(=O)N(C[C@@H](C)[C@H](CN(C)Cc1ccc(cc1)C(F)(F)F)OCCCC[C@H](C)O2)[C@H](C)CO,0,0.062937,0.025286,0.004670
COc1ccc(cc1)S(=O)(=O)N(C)C[C@H]1Oc2ccc(cc2C(=O)N(C[C@@H]1C)[C@@H](C)CO)NC(=O)C1CC1,0,0.013343,0.026344,0.004923
C[C@@H]1CCCCO[C@@H](CN(C)S(=O)(=O)c2ccc(cc2)Cl)[C@H](C)CN([C@H](C)CO)C(=O)c2cc(ccc2O1)NC(=O)Nc1c(noc1C)C,0,0.039100,0.026470,0.002504
C[C@H]1CN([C@@H](C)CO)S(=O)(=O)c2ccc(cc2O[C@@H]1CN(C)C(=O)CN1CCOCC1)C#Cc1cccc(c1)F,0,0.030325,0.025922,0.006408
C[C@H]1CN([C@H](C)CO)C(=O)c2cccc(c2O[C@H]1CN(C)S(=O)(=O)c1cccs1)NC(=O)C1CCOCC1,0,0.004941,0.024072,0.004862
OC(=O)CCCCN(CCc1ccccc1OCc1ccc(cc1)CCc1ccccc1)Cc1ccc(cc1)C(=O)O,0,0.862205,0.687202,0.542863
C[C@@H]1CN([C@@H](C)CO)C(=O)CCCn2cc(nn2)CO[C@H]1CN(C)C(=O)c1cc(on1)-c1ccccc1,0,0.018759,0.021518,0.004476
[O-][N+](=O)c1cc2c(cc1C#N)NC(=O)C(=O)N2,0,0.783346,0.682092,0.650584
OC[C@@H]1O[C@@H](CC[C@H]1NC(=O)c1ccc(cc1)F)CC(=O)NCc1ccncn1,0,0.099065,0.035623,0.029716
OC[C@@H](O)[C@@H](O[C@@H]1O[C@H](CO)[C@H](O)[C@H](O)[C@H]1O)[C@H](O)[C@@H](O)/C=N/NC(=O)CCCCCCC(=O)NO,0,0.037650,0.184296,0.105477
CC(=CC[N+]1(C)CCCCC1)C,0,0.811501,0.078574,0.054885
C[C@H]1CN([C@@H](C)CO)C(=O)Cc2cc(ccc2O[C@@H]1CN(C)S(=O)(=O)c1c(noc1C)C)NS(=O)(=O)C,0,0.006572,0.023395,0.005825
CN1C(=O)C(=C(O)c2ccccc21)C(=O)NCCO,0,0.406811,0.435294,0.189952
NNC(=O)COc1ccccc1,0,0.414394,0.094094,0.057773
C[C@@H]1CN([C@@H](C)CO)C(=O)c2cccc(c2O[C@H]1CN(C)Cc1ccc(cc1)Oc1ccccc1)NS(=O)(=O)c1ccc(cc1)F,0,0.012066,0.024545,0.005432
CO[C@H]1O[C@H](CO)[C@@H](OC(=O)Nc2ccccc2)[C@@H]2OC(=O)[C@@H](C/C=C/C[C@@H](Cc3cccc(c3)Br)C(=O)O[C@@H]12)Cc1cccc(c1)Br,0,0.183305,0.295265,0.079869
C[C@@H]1CN([C@@H](C)CO)C(=O)c2cccc(c2O[C@@H]1CN(C)C(=O)Nc1ccc(cc1)C(F)(F)F)NS(=O)(=O)c1ccc(cc1)F,0,0.460757,0.228259,0.025310
COC(=O)c1cnn2c1NC(=CC2=O)C,0,0.024298,0.306192,0.124231
COc1ccc(cc1)NC(=O)Nc1cccc2c1O[C@H](CN(C)Cc1ccc(cc1)-c1ccccc1)[C@@H](C)CN([C@H](C)CO)C2=O,0,0.072360,0.028530,0.007132
C[C@H]1CCCCO[C@@H](CN(C)S(=O)(=O)c2ccc(cc2)F)[C@H](C)CN([C@@H](C)CO)C(=O)c2cc(ccc2O1)NS(=O)(=O)c1ccc(cc1)Cl,0,0.020152,0.025859,0.003442
C[C@H]1CN([C@@H](C)CO)C(=O)c2cc(ccc2O[C@@H]1CN(C)S(=O)(=O)C)NC(=O)Nc1ccccc1,0,0.011542,0.024140,0.005836
C[C@H]1CCCCO[C@@H](CN(C)Cc2ccc(c(c2)Cl)Cl)[C@H](C)CN([C@H](C)CO)C(=O)c2cc(ccc2O1)NC(=O)Nc1ccccc1,0,0.145656,0.032834,0.003874
O[C@H]1COC[C@H]2O[C@H](CC[C@@H]2N(C1)C(=O)c1ccncc1)CC(=O)NCc1ccc(cc1)-c1ccccc1,0,0.298734,0.056087,0.030021
C[C@H]1CCCCO[C@H](CN(C)S(=O)(=O)c2c(noc2C)C)[C@@H](C)CN([C@H](C)CO)C(=O)c2cc(ccc2O1)N(C)C,0,0.016611,0.024545,0.004919
C[C@@H]1CN([C@H](C)CO)C(=O)c2cccc(c2O[C@H]1CN(C)S(=O)(=O)c1ccc(cc1)F)NC(=O)C1CC1,0,0.049266,0.027267,0.005050
C[C@@H]1CCCCO[C@H](CN(C)S(=O)(=O)c2ccc(cc2)Cl)[C@H](C)CN([C@@H](C)CO)C(=O)c2cc(ccc2O1)NS(=O)(=O)c1ccc(cc1)C,0,0.009355,0.024833,0.003484
O=C(N[C@H]1CCS(=O)(=O)C1)N1CCCCC1,0,0.055774,0.137529,0.059306
OC[C@H]1O[C@@H](O[C@@H]2OC=C([C@H]3CC=C(CO)[C@@H]23)C(=O)O)[C@H](O)[C@@H](O)[C@@H]1O,0,0.310076,0.205236,0.136689
C[C@H]1CN([C@H](C)CO)S(=O)(=O)c2ccc(cc2O[C@@H]1CN(C)Cc1cccc(c1)F)C#CC1CC1,0,0.112590,0.027231,0.005518
C[C@H]1CN([C@@H](C)CO)C(=O)c2cccc(c2O[C@@H]1CN(C)C(=O)Nc1cccc2ccccc12)NC(=O)Nc1ccccc1,0,0.018030,0.022746,0.006451
CC(C)(C)[S@](=O)N1Cc2cc(nc(c2[C@@H]1CCO)-c1cccc(c1)-c1ccncc1)C(=O)N1CCc2ccccc2C1,0,0.040408,0.123283,0.072146
OC[C@H]1O[C@@H](Oc2c[nH]c3ccc(c(c23)Cl)Br)[C@H](O)[C@@H](O)[C@H]1O,0,0.468949,0.399704,0.373602
COc1ccc(cc1)CN(C)C[C@H]1OCCCC[C@@H](C)Oc2ccc(cc2C(=O)N(C[C@@H]1C)[C@H](C)CO)NC(=O)Cc1ccccc1,0,0.012814,0.026085,0.005502
C#CC1(OC(C)=O)CCC2C3CCC4=CC(=O)CCC4C3CCC21C,0,0.016948,0.145091,0.064741
CCCCCCCCCCCCCCCC(=O)OCC(O)C1OC(=O)C(O)=C1O,0,0.384955,0.511715,0.305407
C[C@H]1CN([C@H](C)CO)C(=O)Cc2cc(ccc2O[C@H]1CN(C)S(=O)(=O)c1cn(cn1)C)NC(=O)Nc1ccc2c(c1)OCO2,0,0.003391,0.023652,0.003562
C[C@H]1CCCCO[C@@H](CN(C)Cc2ccc(c(c2)Cl)Cl)[C@@H](C)CN([C@H](C)CO)C(=O)c2cc(ccc2O1)NC(=O)NC1CCCCC1,0,0.233535,0.031349,0.004682
CC(=O)N(O)CCCCNC(=O)CCC(=O)N(O)CCCCCNC(=O)CCC(=O)N(O)CCCCCN,0,0.005119,0.108171,0.012768
CCCNC(=O)N1C[C@@H](C)[C@@H](CN(C)C(=O)c2ccc(cc2OC[C@H]1C)NS(=O)(=O)CC(F)(F)F)OC,0,0.013433,0.028334,0.009401
C[C@H]1CCCCO[C@@H](CN(C)C(=O)CCCN(C)C)[C@H](C)CN([C@@H](C)CO)C(=O)c2cc(ccc2O1)NS(=O)(=O)C,0,0.006683,0.023288,0.003106
C[C@@H]1CN([C@H](C)CO)C(=O)c2cc(ccc2O[C@H]1CN(C)S(=O)(=O)c1cccs1)NS(=O)(=O)c1ccc(cc1)C,0,0.003822,0.024032,0.004996
COc1ccc(cc1)CN(C)C[C@H]1Oc2ccc(cc2C(=O)N(C[C@@H]1C)[C@H](C)CO)NS(=O)(=O)C,0,0.015233,0.025084,0.008273
O[C@@H]1COC[C@@H]2O[C@@H](CC[C@H]2N(C1)S(=O)(=O)c1ccccc1)CC(=O)NCc1ccc(cc1)-c1ccccc1,0,0.169320,0.039990,0.014753
C[C@@H]1CN([C@H](C)CO)S(=O)(=O)c2ccc(cc2O[C@H]1CN(C)C(=O)Nc1cc(ccc1F)F)/C=C/c1ccccc1,0,0.102380,0.030366,0.007224
C[C@H]1CN([C@@H](C)CO)C(=O)Cc2cc(ccc2O[C@H]1CN(C)C(=O)Nc1cccc2ccccc12)NC(=O)Nc1ccc(cc1)F,0,0.029399,0.025726,0.005828
CO[C@H]1O[C@H](COS(=O)(=O)O)[C@@H](O[C@@H]2O[C@H]([C@@H](O[C@H]3O[C@H](COS(=O)(=O)O)[C@@H](O[C@@H]4O[C@@H]([C@@H](O[C@H]5O[C@H](COS(=O)(=O)O)[C@@H](O)[C@H](O)[C@H]5NS(=O)(=O)O)[C@H](O)[C@H]4O)C(=O)O)[C@H](OS(=O)(=O)O)[C@H]3NS(=O)(=O)O)[C@H](O)[C@H]2OS(=O)(=O)O)C(=O)O)[C@H](O)[C@H]1NS(=O)(=O)O,0,0.000000,0.558217,0.196087
CC(C)NC(=O)Nc1cccc2c1O[C@H](CN(C)S(=O)(=O)c1ccc(cc1)F)[C@@H](C)CN([C@@H](C)CO)C2=O,0,0.095958,0.026454,0.005959
CCS(=O)(=O)NCC[C@H]1CC[C@H](NS(=O)(=O)c2cccc(c2)F)[C@H](CO)O1,0,0.050501,0.030795,0.011950
COc1ccc(cc1)S(=O)(=O)N1C[C@H](O)COC[C@H]2O[C@H](CC[C@@H]21)CC(=O)N[C@H]1CCN(C1)Cc1ccccc1,0,0.134426,0.024182,0.007477
C[C@@H]1CN([C@@H](C)CO)C(=O)c2c(c3ccccc3n2C)-c2ccccc2CO[C@@H]1CN(C)C(=O)Oc1ccccc1,0,0.092314,0.036154,0.019096
NC1=Nc2nn[nH]c2C(=O)N1,0,0.255633,0.102273,0.036586
C[C@H]1CN([C@H](C)CO)C(=O)Cc2cc(ccc2O[C@H]1CN(C)Cc1ccc(c(c1)Cl)Cl)NS(=O)(=O)c1ccc(cc1)F,0,0.082692,0.024328,0.005060
CCC(=O)N1C[C@]2(C1)CN([C@@H](CO)c1c2c2ccc(cc2n1C)OC)C(=O)CN1CCOCC1,0,0.017697,0.052052,0.013766
C[C@H]1CN([C@H](C)CO)C(=O)c2cccc(c2O[C@@H]1CN(C)Cc1ccc(cc1)Oc1ccccc1)NC(=O)C1CCCCC1,0,0.020041,0.030870,0.015841
OCCOc1ccc(cc1)[C@H]1N2[C@@H]([C@@H](C(=O)NCC=C)[C@]11C(=O)Nc3ccc(cc31)C#CC1=CCCCC1)C(=O)O[C@@H]([C@@H]2c1ccccc1)c1ccccc1,0,0.767303,0.090771,0.042067
C[C@H]1CCCCO[C@H](CN(C)C(=O)Nc2cccc3ccccc23)[C@H](C)CN([C@H](C)CO)C(=O)c2cc(ccc2O1)NC(=O)C1CCCCC1,0,0.009274,0.028158,0.003322
C[C@@H]1CCCCO[C@H](CN(C)C(=O)Nc2ccc(cc2)F)[C@H](C)CN([C@H](C)CO)C(=O)c2cc(ccc2O1)NC(=O)Nc1ccc(cc1)F,0,0.257424,0.033814,0.008285
COc1ccc(cc1)COC[C@]12NC(=S)N[C@@H]([C@H]2COC(=O)NCCCCCC(=O)NO)c2ccccc2O1,0,0.001420,0.235994,0.286696
C[C@H]1CN([C@H](C)CO)C(=O)c2cc(cnc2O[C@H]1CN(C)S(=O)(=O)c1ccc(cc1)F)-c1ccncc1,0,0.010393,0.023618,0.004827
O=C1O[Pt]2(N[C@@H]3CCCC[C@H]3N2)OC1=O,0,0.814950,0.549293,0.502554
C[C@@H]1CN([C@H](C)CO)C(=O)c2cc(ccc2O[C@H]1CN(C)Cc1ccccc1)NC(=O)Cn1cnnn1,0,0.021218,0.026911,0.011595
COCCOC(=O)N1C(=O)[C@@]2([C@H]([C@H]3N([C@@H]([C@@H](OC3=O)c3ccccc3)c3ccccc3)[C@H]2c2ccc(cc2)OCCO)C(=O)N)c2cc(ccc21)C#CC1(O)CCCCCC1,0,0.770636,0.090861,0.041647
C[C@H]1CN([C@@H](C)CO)C(=O)c2cccc(c2O[C@H]1CN(C)Cc1ccncc1)NC(=O)Nc1ccc(cc1)C(F)(F)F,0,0.615740,0.092001,0.095732
O=C([O-])CCC(=O)OCC(NC(=O)C(Cl)Cl)C(O)c1ccc([N+](=O)[O-])cc1.[Na+],0,0.972425,0.543461,0.644714
CN(C)CN1C(=O)c2ccccc2C1=O,0,0.095394,0.161633,0.110108
CCn1cc(C(=O)O)c(=O)c2cc(F)c(N3CCNCC3)nc21,0,0.551718,0.790134,0.834015
C[C@@H]1CN([C@H](C)CO)C(=O)c2cc(ccc2O[C@H]1CN(C)Cc1ccc(cc1)Oc1ccccc1)NS(=O)(=O)c1ccc(cc1)Cl,0,0.006001,0.025818,0.004977
COc1ccc(cc1)S(=O)(=O)Nc1ccc2c(c1)C(=O)N(C[C@H](C)[C@H](CN(C)C(=O)NC(C)C)O2)[C@@H](C)CO,0,0.024914,0.024855,0.005838
C[C@@H]1CN([C@@H](C)CO)C(=O)Cc2cc(ccc2O[C@H]1CN(C)Cc1ccc(c(c1)Cl)Cl)NS(=O)(=O)c1ccc(cc1)C,0,0.025241,0.025652,0.003914
Fc1ccc(cc1)OCCN1CCC(CC1)C(=O)N[C@@H](c1ccc(cc1)F)c1ccc2ccccc2n1,1,0.703228,0.692359,0.869935
COc1ccc(cc1)S(=O)(=O)Nc1ccc2c(c1)C(=O)N(C[C@H](C)[C@@H](CN(C)C(=O)NC(C)C)O2)[C@H](C)CO,0,0.024914,0.024855,0.005838
C[C@H]1CCCCO[C@@H](CN(C)S(=O)(=O)c2cn(cn2)C)[C@@H](C)CN([C@H](C)CO)C(=O)c2cc(ccc2O1)NS(=O)(=O)c1cccs1,0,0.001712,0.024174,0.003018
Brc1cccc(c1)[C@@H]1CC(=O)N([C@@H]1C(=O)Nc1cccc2cccnc12)C(=O)OCc1ccccc1,0,0.747139,0.176180,0.226435
Cc1ccc(cc1)-c1ccc(cc1)N,0,0.460996,0.199615,0.122415
C[C@@H]1CCCCO[C@H](CN(C)S(=O)(=O)C)[C@@H](C)CN([C@@H](C)CO)C(=O)c2cc(ccc2O1)NS(=O)(=O)c1ccccc1,0,0.001142,0.023728,0.003364
COc1ccc(cc1)S(=O)(=O)Nc1ccc2c(c1)C(=O)N(C[C@@H](C)[C@@H](CN(C)Cc1ccc(cc1)-c1ccccc1)O2)[C@@H](C)CO,0,0.012995,0.026116,0.005389
CC1CCc2cc(F)cc3c(=O)c(C(=O)O)cn1c23,1,0.742259,0.506241,0.403716
C[C@H]1CN([C@@H](C)CO)C(=O)Cc2cc(ccc2O[C@@H]1CN(C)C(=O)Nc1ccc(cc1)F)NC(=O)C1CC1,0,0.090791,0.031700,0.009680
C[C@H]1CN([C@@H](C)CO)C(=O)Cc2cc(ccc2O[C@H]1CN(C)S(=O)(=O)c1cccs1)NS(=O)(=O)c1cn(cn1)C,0,0.002842,0.024047,0.003977
COC(=O)[C@H](Cc1ccccc1)N(CC#C)O[C@@H](/C=C/[C@@H](O)CCn1cc(nn1)-c1cccc(c1)/C=C/C(=O)NO)C1CC1,0,0.634036,0.061336,0.023317
CN(C)CC(=O)N[C@H]1CC[C@H](CCn2cc(nn2)CN(C)C)O[C@@H]1CO,0,0.863393,0.023888,0.008963
C[C@@H]1CN([C@H](C)CO)S(=O)(=O)c2ccc(cc2O[C@@H]1CN(C)C(=O)C1CCC1)-c1ccc(cc1)C(=O)N(C)C,0,0.010279,0.032104,0.009993
C[C@@H]1CN([C@H](C)CO)C(=O)c2cc(ccc2O[C@H]1CN(C)CC1CCCCC1)NC(=O)Cn1cnnn1,0,0.071370,0.030305,0.010197
C[C@@H]1CCCCO[C@H](CN(C)CC2CCCCC2)[C@@H](C)CN([C@H](C)CO)C(=O)c2cc(ccc2O1)NC(=O)Nc1ccc(cc1)C(F)(F)F,0,0.720274,0.310841,0.274590
C[C@H]1CN([C@@H](C)CO)S(=O)(=O)c2ccc(cc2O[C@@H]1CN(C)S(=O)(=O)c1ccc(cc1)C)Br,0,0.051337,0.027842,0.007297
CCCNC(=O)C[C@@H]1CC[C@H]2[C@@H](COc3ccc(cc3C(=O)N2C)NS(=O)(=O)c2ccccc2C)O1,0,0.005198,0.026901,0.006334
C[C@@H]1CN([C@H](C)CO)C(=O)Cc2cc(ccc2O[C@H]1CN(C)C(=O)Nc1c(noc1C)C)NC(=O)Nc1ccc(cc1)C(F)(F)F,0,0.451186,0.234495,0.066951
CC(=O)Nc1ccc(cc1C)Cl,0,0.781672,0.047956,0.023849
OC[C@@H]1O[C@@H](C[C@@H]2[C@H]1Oc1ccc(cc12)NS(=O)(=O)c1ccc(cc1)F)CC(=O)NCCc1ccccc1,0,0.022138,0.036417,0.010860
CC(C)NC(=O)N(C)C[C@@H]1OCCCC[C@@H](C)Oc2ccc(cc2C(=O)N(C[C@@H]1C)[C@H](C)CO)NC(=O)Nc1ccccc1,0,0.012735,0.027315,0.006326
CCCC#Cc1ccc2c(c1)O[C@H](CN(C)C(=O)c1cnccn1)[C@@H](C)CN([C@@H](C)CO)S2(=O)=O,0,0.061559,0.025511,0.004366
COc1ccccc1C#Cc1ccc2c(c1)O[C@@H](CN(C)Cc1cncnc1)[C@H](C)CN([C@@H](C)CO)S2(=O)=O,0,0.093792,0.026591,0.005480
COc1ccc(cc1)NC(=O)N(C)C[C@H]1Oc2ccc(cc2C(=O)N(C[C@@H]1C)[C@@H](C)CO)NC(=O)CCN1CCOCC1,0,0.004603,0.021450,0.003663
COc1ccc(cc1)S(=O)(=O)Nc1ccc2c(c1)C(=O)N(C[C@@H](C)[C@@H](CN(C)S(=O)(=O)c1cn(cn1)C)O2)[C@H](C)CO,0,0.011524,0.024778,0.005208
C[C@H]1CCCCO[C@@H](CN(C)CC2CCCCC2)[C@@H](C)CN([C@@H](C)CO)C(=O)c2cc(ccc2O1)NS(=O)(=O)c1ccc(cc1)C,0,0.028788,0.023895,0.007230
C[C@@H]1CN([C@H](C)CO)C(=O)c2cc(cnc2O[C@H]1CN(C)S(=O)(=O)C)C#CCN(C)C,0,0.014867,0.024762,0.005745
COCC(=O)Nc1ccc2c(c1)C(=O)N(C)[C@H]1CC[C@H](CC(=O)NCc3ccccc3Cl)O[C@@H]1CO2,0,0.049674,0.037915,0.020707
C[C@H]1CN([C@@H](C)CO)C(=O)c2cc(cnc2O[C@H]1CN(C)S(=O)(=O)c1cn(cn1)C)C#CCN(C)C,0,0.064536,0.023754,0.006173
CN(C)CC(=O)N1[C@@H]2CN3C(=O)C(=CC=C3[C@H]1[C@H]([C@@H]2CO)C(=O)NC1CCC1)c1ccncc1,0,0.191025,0.034768,0.009459
CCCNC(=O)Nc1ccc2c(c1)C(=O)N(C)C[C@@H](OC)[C@@H](C)CN(Cc1ccc(cc1)-c1ccccn1)[C@@H](C)CO2,0,0.033911,0.041496,0.013732
COC(OC)[C@H](Cc1ccccc1)N(C/C=C/[C@@H](OC(=O)C)c1ccccc1)[C@@H]([C@H](Cc1ccccc1)OC(=O)C)c1ccc(cc1)OC,0,0.030975,0.148531,0.050463
C[C@@H]1CN([C@@H](C)CO)C(=O)CCCn2nncc2CO[C@@H]1CN(C)Cc1ccc(cc1)C(=O)Nc1ccccc1N,0,0.052151,0.024638,0.007113
Oc1ccccc1CNc1ccc(cc1)C1CCCCC1,0,0.459976,0.662038,0.677002
COc1ccc(cc1)S(=O)(=O)Nc1ccc2c(c1)C(=O)N(C[C@@H](C)[C@H](CN(C)Cc1ccccc1)OCCCC[C@H](C)O2)[C@H](C)CO,0,0.005343,0.025834,0.003777
C[C@@H]1CCCCO[C@@H](CN(C)S(=O)(=O)c2ccc(cc2)Cl)[C@@H](C)CN([C@@H](C)CO)C(=O)c2cc(ccc2O1)NC(=O)c1ccncc1,0,0.004888,0.026127,0.002826
CCNC(=O)[C@H]1[C@H](CO)[C@H]2CN3C(=O)C(=CC=C3[C@H]2N1S(=O)(=O)C)c1cccc(c1)OC,0,0.061473,0.025083,0.004942
COCC(=O)N1C[C@]2(C1)CN([C@@H](CO)c1c2c2ccc(cc2n1C)OC)C(=O)CN1CCOCC1,0,0.047525,0.091768,0.012197
CC(C)C(=O)O[C@@H]1[C@@H](OC(=O)C)[C@@H](OC(=O)C)C(C)(C)/C=C/[C@@](C)(O)C(=O)[C@]2(O)[C@H]([C@@H](OC(=O)C)[C@](C)(OC(=O)C)[C@H]2OC(=O)C)[C@H]2OC(=O)CC[C@@]12OC(=O)C,0,0.000000,0.262757,0.112024
Cl.N=c1ccn2c(n1)OC1C(O)C(CO)OC12,0,0.705263,0.246832,0.110738
NCc1ccc(cc1)-c1nccs1,0,0.375039,0.054391,0.032479
COc1ccc(cc1)CN(C)C[C@@H]1OCCCC[C@@H](C)Oc2ccc(cc2C(=O)N(C[C@@H]1C)[C@@H](C)CO)NC(=O)Nc1ccc(cc1)F,0,0.119592,0.026231,0.005717
COc1ccc(cc1)S(=O)(=O)Nc1ccc2c(c1)CC(=O)N(C[C@@H](C)[C@@H](CN(C)Cc1ccc(c(c1)Cl)Cl)O2)[C@H](C)CO,0,0.025145,0.026779,0.004861
C[C@H]1CCCCO[C@@H](CN(C)C(=O)Nc2ccc3c(c2)OCO3)[C@@H](C)CN([C@H](C)CO)C(=O)c2cc(ccc2O1)NC(=O)Nc1ccc(cc1)F,0,0.026868,0.024130,0.002621
CN1CCN(CC1)C(=O)[C@@H]1[C@@H](CO)[C@@H]2CN3C(=O)C=CC=C3[C@H]1N2Cc1ccncc1,0,0.021344,0.025938,0.010128
CO[C@@H]1CN(C)C(=O)c2cc(ccc2OC[C@@H](C)N(C[C@H]1C)C(=O)Nc1cccc(c1)F)NC(=O)Nc1cccc(c1)F,0,0.633224,0.042507,0.034896
COc1ccc(cc1)NC(=O)N1C[C@@H](O)COC[C@H]2O[C@@H](CC[C@@H]21)CC(=O)NCc1ccccc1OC,0,0.444900,0.255226,0.108814
COCC#Cc1ccc2c(c1)O[C@H](CN(C)C(=O)C1CCOCC1)[C@@H](C)CN([C@H](C)CO)S2(=O)=O,0,0.043010,0.029101,0.006229
O=C(COCc1nnn2c1CNCCC2)N1CCCC1,0,0.227948,0.036041,0.011571
CCS(=O)(=O)N[C@H]1CC[C@@H](CC(=O)NCc2ccccn2)O[C@H]1CO,0,0.003282,0.024634,0.006459
C[C@@H]1CN([C@@H](C)CO)S(=O)(=O)c2ccc(cc2O[C@@H]1CN(C)S(=O)(=O)C)C#CCN(C)C,0,0.019320,0.024044,0.005484
COCC(=O)Nc1ccc2c(c1)C(=O)N(C)[C@@H]1CC[C@H](CC(=O)NCc3ccc(cc3)OC)O[C@@H]1CO2,0,0.020228,0.026185,0.007653
C[C@@H]1CN([C@@H](C)CO)C(=O)c2cccc(c2O[C@H]1CN(C)C(=O)Nc1ccccc1)NC(=O)c1cc(nn1C)C,0,0.024780,0.022305,0.006818
COC(=O)C[C@H]1CC[C@@H](N)[C@@H](CO)O1,0,0.004555,0.028820,0.009815
C[C@@H]1CN([C@@H](C)CO)S(=O)(=O)c2ccc(cc2O[C@H]1CN(C)C(=O)Nc1c(noc1C)C)C#CCN(C)C,0,0.155078,0.026483,0.010167
C[C@H]1CN([C@H](C)CO)S(=O)(=O)c2ccc(cc2O[C@H]1CN(C)C(=O)Nc1c(noc1C)C)C#CCN(C)C,0,0.155078,0.026483,0.010167
C[C@@H]1CCCCO[C@@H](CN(C)C(=O)c2ccccc2)[C@H](C)CN([C@@H](C)CO)C(=O)c2cc(ccc2O1)NC(=O)Nc1ccc(cc1)F,0,0.013326,0.023184,0.002700
C[C@@H]1CN([C@@H](C)CO)C(=O)Cc2cc(ccc2O[C@@H]1CN(C)Cc1ccc(cc1)-c1ccccc1)NC(=O)Cc1ccccc1,0,0.021811,0.025287,0.007119
C[C@H]1CN([C@H](C)CO)C(=O)Cc2cc(ccc2O[C@H]1CN(C)C(=O)Nc1ccc(cc1)C(F)(F)F)NC(=O)Cn1cnnn1,0,0.453282,0.237977,0.230173
CCOC(=O)N[C@H]1CCS(=O)(=O)C1,0,0.000006,0.053054,0.028670
COc1ccc(cc1)NC(=O)N(C)C[C@H]1OCCCC[C@H](C)Oc2ccc(cc2C(=O)N(C[C@@H]1C)[C@H](C)CO)NS(=O)(=O)c1ccc(cc1)C,0,0.006183,0.023687,0.002828
C[C@H]1CN([C@H](C)CO)S(=O)(=O)c2ccc(cc2O[C@H]1CN(C)C(=O)CN(C)C)C#Cc1ccccc1,1,0.157473,0.794360,0.863174
COc1cccc(c1)S(=O)(=O)N(C)C[C@@H]1Oc2cc(ccc2S(=O)(=O)N(C[C@H]1C)[C@H](C)CO)C#CCN(C)C,0,0.024997,0.028953,0.004801
CC(=O)O[C@]1(CN2CCC1CC2)C#N,0,0.010910,0.106501,0.028255
CC(C)NC(=O)N(C)C[C@@H]1Oc2cc(ccc2S(=O)(=O)N(C[C@H]1C)[C@@H](C)CO)-c1ccc(cc1)C,0,0.071647,0.058401,0.010254
OCCN[C@H]1CS(=O)(=O)C[C@@H]1O,0,0.004298,0.094892,0.056091
C[C@H]1CN([C@H](C)CO)C(=O)c2cc(ccc2O[C@@H]1CN(C)C(=O)Nc1c(noc1C)C)NC(=O)c1ccncc1,0,0.019098,0.022776,0.003635
COc1ccccc1-c1ccc2c(c1)O[C@@H](CN(C)S(=O)(=O)c1ccccc1)[C@@H](C)CN([C@H](C)CO)S2(=O)=O,0,0.007136,0.025368,0.005503
Fc1cc(c2nc(sc2c1)N(Cc1cccnc1)C(=O)c1ccc(cc1)S(=O)(=O)N1CCCCCC1)F,0,0.084715,0.100023,0.122456
CC(C)NC(=O)N(C)C[C@H]1OCCCC[C@H](C)Oc2ccc(cc2C(=O)N(C[C@H]1C)[C@@H](C)CO)NC(=O)Nc1ccc(cc1)F,0,0.051669,0.035141,0.008867
C[C@@H]1CCCCO[C@@H](CN(C)C(=O)Cc2ccccc2)[C@H](C)CN([C@@H](C)CO)C(=O)c2cc(ccc2O1)NC(=O)C1CCCCC1,0,0.002081,0.024019,0.003090
C[C@@H]1CCCCO[C@@H](CN(C)C(=O)C2CCCCC2)[C@@H](C)CN([C@@H](C)CO)C(=O)c2cc(ccc2O1)NC(=O)Nc1ccc(cc1)C(F)(F)F,0,0.417858,0.158924,0.095278
C[C@H]1CN([C@H](C)CO)C(=O)c2cccc(c2O[C@H]1CN(C)Cc1ccc(cc1)C(=O)Nc1ccccc1N)NS(=O)(=O)C,0,0.015695,0.023599,0.004435
CC(C)NC(=O)Nc1ccc2c(c1)CC(=O)N(C[C@@H](C)[C@H](CN(C)Cc1ccc(cc1)Oc1ccccc1)O2)[C@@H](C)CO,0,0.022248,0.026289,0.008863
CC(=O)Nc1ccc(cc1)S(=O)(=O)NC(=O)Cn1nnc(c1-c1ccccc1)COc1ccc(cc1)C,0,0.085461,0.135080,0.043128
C[C@H]1CN([C@@H](C)CO)C(=O)c2cccc(c2O[C@H]1CN(C)Cc1ccc(cc1)C(F)(F)F)NC(=O)Nc1ccc(cc1)F,0,0.850521,0.339899,0.168520
C[C@H]1CN([C@@H](C)CO)C(=O)c2cc(cnc2O[C@H]1CN(C)C(=O)CCN1CCCCC1)C#CCN(C)C,0,0.049247,0.024917,0.005024
C[C@H]1CN([C@@H](C)CO)C(=O)c2cccc(c2O[C@H]1CN(C)Cc1ccc2c(c1)OCO2)NC(=O)C1CCOCC1,0,0.011013,0.023560,0.004668
CCN(CC)CCC/N=C/1\S[C@@H](CC(=N1)CC(=O)/C=C/c1ccc(c(c1)OC)O)c1ccc(c(c1)OC)O,0,0.764753,0.470378,0.355724
CO[C@H]1/C=C\O[C@@]2(C)Oc3c(c(c4c(c3C2=O)[C@@]2(OCC(=O)O2)C=C(NC(=O)/C(=C\C=C/[C@@H](C)[C@@H](O)[C@@H](C)[C@@H](O)[C@@H](C)[C@@H](OC(=O)C)[C@@H]1C)C)C4=O)O)C,1,0.068220,0.538022,0.373528
C[C@@H]1CN([C@@H](C)CO)C(=O)c2cccc(c2O[C@@H]1CN(C)S(=O)(=O)c1ccc(cc1)C)NS(=O)(=O)c1cn(cn1)C,0,0.044224,0.024652,0.004833
C[C@@H]1CN([C@H](C)CO)S(=O)(=O)c2ccc(cc2O[C@@H]1CN(C)C(=O)c1cccnc1)C#CC1(O)CCCC1,0,0.009405,0.023404,0.004186
C[C@H]1CCCCO[C@@H](CN(C)C(=O)Nc2ccc(cc2)F)[C@@H](C)CN([C@H](C)CO)C(=O)c2cc(ccc2O1)NC(=O)c1ccncc1,0,0.018997,0.024491,0.002901
C[C@@H]1CCCCO[C@H](CN(C)Cc2ccccc2)[C@@H](C)CN([C@H](C)CO)C(=O)c2cc(ccc2O1)NC(=O)C1CCCCC1,0,0.037508,0.022710,0.008220
COc1ccc(cc1)S(=O)(=O)Nc1ccc2c(c1)C(=O)N(C[C@@H](C)[C@H](CN(C)C(=O)Nc1c(noc1C)C)OCCCC[C@H](C)O2)[C@@H](C)CO,0,0.011041,0.023718,0.002527
C1CN(CCN1)CCn1ccnc1,0,0.177523,0.057917,0.015968
C[C@@H]1CN([C@@H](C)CO)C(=O)c2cc(cnc2O[C@H]1CN(C)C(=O)c1cccnc1)-c1ccc(cc1)C(=O)N(C)C,0,0.002926,0.021565,0.004759
C[C@H]1CN([C@H](C)CO)C(=O)CCCn2cc(nn2)CO[C@H]1CN(C)S(=O)(=O)c1ccc(cc1)Cl,0,0.031824,0.026937,0.007311
CNC(=O)c1ccc2c(c1)OCO2,0,0.147934,0.039743,0.021163
C[C@H]1CN([C@H](C)CO)C(=O)c2cccc(c2O[C@@H]1CN(C)S(=O)(=O)C)NC(=O)Nc1ccc(cc1)F,0,0.095632,0.026803,0.007620
CC(=O)Oc1ccccc1C(=O)Nc1ccccc1,0,0.131036,0.574744,0.375366
CCN(CC)C(=O)C1(c2ccccc2)CC1CN.Cl,0,0.890511,0.124184,0.043163
c1cnc2nccn2c1,0,0.115649,0.172676,0.096631
COc1ccccc1S(=O)(=O)N[C@@H]1CC[C@H](CCNC(=O)C2CC2)O[C@H]1CO,0,0.075063,0.033751,0.008248
C[C@@H]1CN([C@H](C)CO)C(=O)c2cc(ccc2O[C@H]1CN(C)Cc1ccncc1)NS(=O)(=O)c1cccs1,0,0.003568,0.024610,0.004757
C[C@H]1CCCCO[C@@H](CN(C)S(=O)(=O)c2ccc(cc2)C)[C@@H](C)CN([C@@H](C)CO)C(=O)c2cc(ccc2O1)NC(=O)NC1CCCCC1,0,0.010654,0.023750,0.002945
CC(C)CCC[C@@H](C)[C@H]1CC[C@H]2[C@@H]3CCC4=C/C(=N/O)CC[C@]4(C)[C@H]3CC[C@]12C,0,0.976599,0.358984,0.140684
COc1ccc(cc1)C#Cc1ccc2c(c1)O[C@@H](CN(C)C(=O)CN1CCOCC1)[C@@H](C)CN([C@@H](C)CO)S2(=O)=O,0,0.021460,0.028212,0.006135
CC(C)NC(=O)Nc1cccc2c1O[C@@H](CN(C)C(=O)NC1CCCCC1)[C@H](C)CN([C@H](C)CO)C2=O,0,0.040480,0.027407,0.014412
C[C@H]1CN([C@@H](C)CO)C(=O)c2cc(ccc2O[C@@H]1CN(C)S(=O)(=O)c1ccccc1)NC(=O)CCCN(C)C,0,0.005699,0.025298,0.004974
CO[C@H](C(=O)N(C)C[C@H]1OCc2ccccc2-c2c(n(c3ccccc23)C)C(=O)N(C[C@@H]1C)[C@H](C)CO)c1ccccc1,0,0.035844,0.029898,0.013217
C[C@@H]1CCCCO[C@H](CN(C)S(=O)(=O)c2ccc(cc2)F)[C@@H](C)CN([C@H](C)CO)C(=O)c2cc(ccc2O1)NC(=O)C1CCCCC1,0,0.013701,0.023796,0.003136
C[C@H]1CN([C@H](C)CO)C(=O)CCCn2cc(nn2)CO[C@H]1CN(C)Cc1ccc2c(c1)OCCN2C,0,0.317923,0.026848,0.005312
C[C@@H](Oc1ccccc1)c1ccn[nH]1,0,0.268357,0.177568,0.086855
COc1cccc(c1)C#Cc1ccc2c(c1)O[C@H](CN(C)C(=O)CN1CCOCC1)[C@H](C)CN([C@@H](C)CO)S2(=O)=O,0,0.018255,0.027447,0.004567
CC1=C(C)C(=O)N=C(N1)n1nc(cc1N)C,0,0.110631,0.068350,0.024509
C[C@H]1CCCCO[C@H](CN(C)Cc2ccncc2)[C@@H](C)CN([C@@H](C)CO)C(=O)c2cc(ccc2O1)NS(=O)(=O)C,0,0.007336,0.023964,0.004037
C[C@@H]1CCCCO[C@@H](CN(C)S(=O)(=O)c2cn(cn2)C)[C@@H](C)CN([C@@H](C)CO)C(=O)c2cc(ccc2O1)NS(=O)(=O)c1cccs1,0,0.001712,0.024174,0.003018
OC(=O)[C@H]1CN(Cc2cccnc2)C(=O)C1,0,0.025392,0.034306,0.017875
C[C@@H](NC(=O)C[C@@H]1O[C@@H](CO)[C@H](NC(=O)CN2CCOCC2)C=C1)c1ccccc1,0,0.047951,0.023344,0.014401
CCOc1ccc(cc1)NC1=NC(=O)/C(=C/c2cc(c(c(c2)OC)OCc2ccccc2)Br)S1,0,0.700210,0.532900,0.413064
CC(C)Cn1cnc2c(N)nc3ccccc3c21.Cl,0,0.468337,0.141399,0.122513
C[C@H](NC(=O)C[C@H]1O[C@@H](CO)[C@H](NC(=O)CN2CCOCC2)C=C1)c1ccccc1,0,0.047951,0.023344,0.014401
CC1(N)CCN(CC1)c1cnc(c(n1)N)-c1cccc(c1Cl)Cl,0,0.947542,0.818740,0.796989
CO[C@H]1CN(C)C(=O)c2cc(ccc2OC[C@@H](C)N(CC2CC2)C[C@H]1C)NS(=O)(=O)c1cn(cn1)C,0,0.052577,0.025381,0.004864
CN(C)CCCNC(=O)C[C@H]1CC[C@H](NC(=O)Nc2c(noc2C)C)[C@@H](CO)O1,0,0.368349,0.025488,0.008336
OC[C@@H](O)[C@@H](O)[C@H](O)[C@@H](O)/C=N/NC(=O)CCCCCC(=O)NO,0,0.002061,0.036447,0.013069
Cc1ccc(cc1)S[C@@]1(CC(=O)N(Cc2cc(cc(c2)C(F)(F)F)C(F)(F)F)[C@@H]1c1ccc(cc1)CO)C(=O)NCCN1CCOCC1,0,0.902541,0.116430,0.047678
COc1cccc(c1NC(=O)N1[C@@H]2CC[C@@H](C2)[C@H]1c1nc2cccc(c2[nH]1)OCc1ccc(cc1)F)OC,0,0.720427,0.075523,0.087213
OCCOc1ccccc1[C@H]1N2[C@@H]([C@@H](C(=O)N3CCCCCCC3)[C@]11C(=O)Nc3ccc(cc31)C#CC1(O)CCCCCC1)C(=O)O[C@@H]([C@@H]2c1ccccc1)c1ccccc1,0,0.085437,0.058292,0.021554
CN1C(=O)N(C)c2nc(n(c2C1=O)CCCN)N1CCOCC1,0,0.482533,0.104572,0.050118
C[C@@H]1CCCCO[C@H](CN(C)C(=O)Nc2cccc3ccccc23)[C@H](C)CN([C@H](C)CO)C(=O)c2cc(ccc2O1)NC(=O)Cc1ccccc1,0,0.002900,0.021310,0.002368
C[C@H]1CN([C@@H](C)CO)C(=O)Cc2cc(ccc2O[C@@H]1CN(C)C(=O)Nc1c(noc1C)C)NC(=O)Nc1cccc2ccccc12,0,0.016999,0.021791,0.004059
OC(=O)C1=CC2=C(CCCC2)NC1=O,0,0.449198,0.100798,0.054327
C[C@H]1CCCCO[C@@H](CN(C)C(=O)Nc2ccc(cc2)F)[C@H](C)CN([C@H](C)CO)C(=O)c2cc(ccc2O1)NC(=O)c1ccncc1,0,0.018997,0.024491,0.002901
C[C@@H]1CN([C@H](C)CO)C(=O)Cc2cc(ccc2O[C@H]1CN(C)S(=O)(=O)c1cn(cn1)C)NC(=O)C1CC1,0,0.008105,0.023159,0.004136
C[C@@H]1CCCCO[C@H](CN(C)C(=O)CCC(F)(F)F)[C@@H](C)CN([C@H](C)CO)C(=O)c2cc(ccc2O1)NS(=O)(=O)c1ccc(cc1)C,0,0.019378,0.023579,0.003506
C[C@@H]1CN([C@@H](C)CO)C(=O)c2cc(cnc2O[C@H]1CN(C)S(=O)(=O)c1ccccc1F)C#Cc1ccccc1F,0,0.097316,0.034216,0.006659
C[C@@H]1CN([C@H](C)CO)S(=O)(=O)c2ccc(cc2O[C@@H]1CN(C)C(=O)Nc1cc(ccc1F)F)/C=C/c1ccccc1,0,0.102380,0.030366,0.007224
C[C@@H]1CCCCO[C@@H](CN(C)Cc2ccc(cc2)C(=O)O)[C@@H](C)CN([C@H](C)CO)C(=O)c2cc(ccc2O1)NC(=O)Nc1ccc(cc1)F,0,0.294834,0.031562,0.004449
Cn1nnc(n1)NCc1ccccc1,0,0.312553,0.126315,0.131670
C[C@H]1CCCCO[C@@H](CN(C)Cc2ccc(cc2)C(F)(F)F)[C@H](C)CN([C@H](C)CO)C(=O)c2cc(ccc2O1)N(C)C,0,0.462137,0.084545,0.030054
C[C@H]1CN([C@@H](C)CO)C(=O)c2cccc(c2O[C@H]1CN(C)Cc1ccc(c(c1)Cl)Cl)NC(=O)Nc1ccccc1,0,0.262635,0.092161,0.028653
COc1ccc(cc1)CN(C)C[C@@H]1OCCCC[C@@H](C)Oc2ccc(cc2C(=O)N(C[C@H]1C)[C@H](C)CO)NC(=O)NC(C)C,0,0.049183,0.030130,0.007009
COc1ccc(cc1)C(=O)Nc1ccc(cc1)CN1C(=O)[C@]2(O[C@H](CCO)[C@H]([C@@H]2C)[Si](C)(C)F)c2ccccc21,0,0.007029,0.089001,0.025709
C[C@H]1CN([C@H](C)CO)C(=O)c2cc(ccc2O[C@@H]1CN(C)Cc1ccc(cc1)C(F)(F)F)NC(=O)Nc1ccc2c(c1)OCO2,0,0.122494,0.167501,0.083657
C[C@@H]1CN([C@H](C)CO)C(=O)Cc2cc(ccc2O[C@H]1CN(C)Cc1ccc(cc1)C(F)(F)F)NC(=O)Nc1ccc(cc1)C(F)(F)F,0,0.683490,0.031248,0.012440
COc1ccccc1CNC(=O)C[C@@H]1C[C@H]2[C@H](Oc3ccc(cc32)NC(=O)C2CCOCC2)[C@H](CO)O1,0,0.079344,0.027161,0.009745
C[C@@H]1CN([C@@H](C)CO)C(=O)c2cc(cnc2O[C@H]1CN(C)Cc1ccc2c(c1)OCO2)Br,0,0.022081,0.028787,0.010790
COc1ccc(cc1)CN(C)C[C@H]1Oc2c(cccc2C(=O)N(C[C@@H]1C)[C@H](C)CO)NC(=O)c1cnccn1,0,0.030114,0.030270,0.007264
CN1[C@H]2CC[C@@H]1CC(=O)NC2,0,0.015910,0.027991,0.007848
C[C@@H]1CN([C@@H](C)CO)S(=O)(=O)c2ccc(cc2O[C@@H]1CN(C)C(=O)Nc1ccc2c(c1)OCO2)C#Cc1cccnc1,0,0.006604,0.027804,0.003823
C[C@H]1CCCCO[C@@H](CN(C)S(=O)(=O)c2cccs2)[C@@H](C)CN([C@H](C)CO)C(=O)c2cc(ccc2O1)NC(=O)C1CCCCC1,0,0.001908,0.024260,0.002546
C[C@@H]1CN([C@@H](C)CO)C(=O)c2cccc(c2O[C@H]1CN(C)Cc1ccc(cc1)Oc1ccccc1)NS(=O)(=O)c1ccc(cc1)C,0,0.005266,0.024259,0.003535
C[C@@H]1CN([C@@H](C)CO)C(=O)CCCn2cc(nn2)CO[C@H]1CN(C)C(=O)c1ccc(cc1)N1CCN(C)CC1,0,0.109073,0.021117,0.005400
COc1ccc(cc1)S(=O)(=O)Nc1ccc2c(c1)C(=O)N(C[C@H](C)[C@@H](CN(C)Cc1ccc3c(c1)OCO3)OCCCC[C@@H](C)O2)[C@@H](C)CO,0,0.002809,0.024972,0.003390
OCCNC(=O)C[C@H]1CC=CC[C@H](Cc2ccc(cc2)F)C(=O)OC[C@@H](Cc2c[nH]c3ccccc23)NC1=O,0,0.074394,0.029082,0.022615
C[C@H]1CN([C@@H](C)CO)S(=O)(=O)c2ccc(cc2O[C@H]1CN(C)S(=O)(=O)C)-c1ccccc1F,0,0.015281,0.023569,0.007569
C[C@H]1CN([C@H](C)CO)C(=O)c2cccc(c2O[C@@H]1CN(C)S(=O)(=O)c1ccc(cc1)F)NS(=O)(=O)C,0,0.034315,0.024445,0.008386
C[C@@H]1CN([C@H](C)CO)S(=O)(=O)c2ccc(cc2O[C@H]1CN(C)C(=O)Cc1cccnc1)C#CC1(O)CCCC1,0,0.015587,0.023579,0.004067
CC(C)NC(=O)Cn1ccc(n1)[N+](=O)[O-],0,0.981185,0.286413,0.156541
C[C@H]1CN([C@@H](C)CO)C(=O)Cc2cc(ccc2O[C@H]1CN(C)Cc1ccc(cc1)Oc1ccccc1)NC(=O)Cc1cn(c2ccccc12)C,0,0.005751,0.025210,0.002807
C[C@@H]1CN([C@@H](C)CO)C(=O)Cc2cc(ccc2O[C@H]1CN(C)CC1CCCCC1)NC(=O)Nc1ccc(cc1)F,0,0.215790,0.037092,0.017729
COc1ccc(cc1)S(=O)(=O)Nc1ccc2c(c1)CC(=O)N(C[C@@H](C)[C@@H](CN(C)S(=O)(=O)c1cn(cn1)C)O2)[C@H](C)CO,0,0.004621,0.024362,0.004345
C[C@H]1CN([C@H](C)CO)C(=O)c2cc(ccc2O[C@H]1CN(C)Cc1ccc(cc1)C(F)(F)F)NC(=O)Nc1ccc2c(c1)OCO2,0,0.122494,0.167501,0.083657
C[C@@H]1CN([C@@H](C)CO)S(=O)(=O)c2ccc(cc2O[C@@H]1CN(C)C(=O)c1ccncc1)C#Cc1ccncc1,0,0.010346,0.028142,0.005058
CC(C)NC(=O)NCC[C@H]1CC[C@@H](NC(=O)CN(C)C)[C@@H](CO)O1,0,0.153773,0.030320,0.007590
C[C@H]1CN([C@H](C)CO)C(=O)Cc2cc(ccc2O[C@H]1CN(C)S(=O)(=O)c1ccc(cc1)F)NS(=O)(=O)c1ccc(cc1)F,0,0.027333,0.023601,0.004538
CS(=O)(=O)c1ccc(C(O)C(CO)NC(=O)C(Cl)Cl)cc1,0,0.978579,0.428747,0.466922
C[C@H]1CN([C@@H](C)CO)C(=O)Cc2cc(ccc2O[C@@H]1CN(C)Cc1ccc(cc1)C(F)(F)F)NC(=O)Nc1ccc(cc1)C(F)(F)F,0,0.683490,0.031248,0.012440
O=C(CCN1C=CC(=O)NC1=O)Nc1ccc2c(c1)NC(=O)CO2,0,0.217769,0.233478,0.129159
CCS(=O)(=O)N1CC[C@]2(CC1)CN([C@H](CO)c1[nH]c3cc(ccc3c12)OC)C(=O)Cc1ccccn1,0,0.002195,0.023877,0.007939
C[C@H]1CN([C@H](C)CO)C(=O)Cc2cc(ccc2O[C@@H]1CN(C)S(=O)(=O)C)NC(=O)Cn1cnnn1,0,0.004007,0.024102,0.005701
C[C@H]1CN([C@H](C)CO)S(=O)(=O)c2ccc(cc2O[C@@H]1CN(C)S(=O)(=O)C)-c1cccc(c1)F,0,0.016547,0.023339,0.006997
O[C@@H]1COC[C@@H]2O[C@@H](CC[C@H]2N(C1)Cc1cc(ccc1F)F)CC(=O)N[C@H]1CCN(C1)Cc1ccccc1,0,0.860400,0.057880,0.033264
Cc1cc(nc2ccc3ccccc3c12)-c1ccc2ccccc2n1,0,0.341308,0.191841,0.155087
COc1ccc(cc1)NC(=O)Nc1cccc2c1O[C@@H](CN(C)C(=O)Nc1ccc(cc1)C(F)(F)F)[C@@H](C)CN([C@H](C)CO)C2=O,0,0.738438,0.140084,0.086560
C[C@H]1CCCCO[C@H](CN(C)Cc2ccncc2)[C@@H](C)CN([C@H](C)CO)C(=O)c2cc(ccc2O1)NC(=O)NC1CCCCC1,0,0.024644,0.024062,0.002985
NC(=S)Nc1ccc(cc1)S(=O)(=O)N,0,0.000026,0.073272,0.011276
COc1ccc(cc1)NC(=O)Nc1ccc2c(c1)C(=O)N(C[C@H](C)[C@@H](CN(C)C(=O)c1ccccc1)OCCCC[C@@H](C)O2)[C@H](C)CO,0,0.003357,0.021820,0.002079
CS(=O)(=O)CCNCc1ccc(o1)-c1ccc2ncnc(c2c1)Nc1ccc(c(c1)Cl)OCc1cccc(c1)F,0,0.146725,0.640667,0.415694
C[C@H]1CN([C@H](C)CO)S(=O)(=O)c2ccc(cc2O[C@H]1CN(C)C(=O)CN(C)C)C#CCN(C)C,0,0.269007,0.213541,0.015539
C[C@@H]1CN([C@@H](C)CO)C(=O)Cc2cc(ccc2O[C@@H]1CN(C)C(=O)Nc1ccc2c(c1)OCO2)NS(=O)(=O)C,0,0.001750,0.023834,0.003607
C[C@H]1CN([C@@H](C)CO)C(=O)c2cc(ccc2O[C@@H]1CN(C)C(=O)Nc1ccc(cc1)C(F)(F)F)NC(=O)Nc1ccc(cc1)C(F)(F)F,0,0.940402,0.097878,0.070255
CC(=O)O[C@@H]1[C@H]2CO[C@H](O2)[C@H](OC(=O)C)[C@H]1OC(=O)C,0,0.005829,0.141430,0.068699
C[C@@H]1CN([C@@H](C)CO)C(=O)Cc2cc(ccc2O[C@@H]1CN(C)C(=O)Nc1ccc(cc1)C(F)(F)F)NC(=O)Nc1ccc(cc1)F,0,0.624228,0.056020,0.033095
OCCONC(=O)c1cc(c(c(c1Nc1ccc(cc1F)I)F)F)CN1OCCCC1=O,0,0.962597,0.563999,0.480077
C[C@@H]1CN([C@H](C)CO)C(=O)c2cccc(c2O[C@H]1CN(C)Cc1ccc2c(c1)OCO2)NC(=O)C1CCOCC1,0,0.011013,0.023560,0.004668
C[C@@H]1CN([C@H](C)CO)C(=O)Cc2cc(ccc2O[C@@H]1CN(C)S(=O)(=O)c1ccc(cc1)F)NS(=O)(=O)C,0,0.010921,0.025643,0.006385
c1ccc2n[nH]nc2c1,0,0.313621,0.257757,0.216788
CCN1CCN(C(=O)NC(C(=O)NC2C(=O)N3C2SC(C)(C)C3C(=O)[O-])c2ccccc2)C(=O)C1=O.[Na+],1,0.999777,0.928958,0.935995
CN1CCN(CCOc2ccc(c(c2Cl)C)-c2c(sc3ncnc(c23)O[C@H](Cc2ccccc2OCc2ccnn2CC(F)(F)F)C(=O)O)-c2ccc(o2)F)CC1,1,0.450294,0.503687,0.199950
C[C@H]1CN([C@H](C)CO)C(=O)c2cc(cnc2O[C@H]1CN(C)S(=O)(=O)C)-c1cccc(c1)C(F)(F)F,0,0.113176,0.060264,0.032114
C[C@@H]1CCCCO[C@H](CN(C)C(=O)NC2CCCCC2)[C@H](C)CN([C@@H](C)CO)C(=O)c2cc(ccc2O1)NC(=O)NC1CCCCC1,0,0.015462,0.026684,0.005033
COc1c2ccoc2cc2oc(C)cc(=O)c12,0,0.019104,0.081316,0.058371
CC(C)C[C@@H](N)C(=O)N[C@@H]1[C@H](O)c2ccc(c(c2)Cl)Oc2cc3cc(c2O[C@@H]2O[C@H](CO)[C@@H](O)[C@H](O)[C@H]2O[C@H]2C[C@](C)(N)[C@H](O)[C@H](C)O2)Oc2ccc(cc2Cl)[C@@H](O)[C@@H]2NC(=O)[C@H](NC(=O)[C@@H]3NC(=O)[C@H](CC(=O)N)NC1=O)c1ccc(c(c1)-c1c(cc(cc1[C@H](NC2=O)C(=O)O)O)O)O,1,0.832494,0.930361,0.983399
C[C@H]1CN([C@H](C)CO)C(=O)c2cc(cnc2O[C@@H]1CN(C)S(=O)(=O)c1cccc(c1)F)C#CC1CC1,0,0.052425,0.026156,0.005529
OC[C@@H]1O[C@H](C[C@@H]2[C@H]1Oc1ccc(cc12)NC(=O)c1ccc2c(c1)OCO2)CC(=O)NCCN1CCCCC1,0,0.020004,0.031014,0.011375
COc1cc(c(cc1OC)[C@H]1C2C(=O)OCC2=NC2=C1C(=O)N(C)C(=O)N2C)OC,0,0.925869,0.554817,0.380118
Nc1ncnc2n(cnc12)[C@H]1O[C@@H](COP(=O)(O)OP(=O)(O)OP(=O)(O)O)[C@@H](O)[C@@H]1O,0,0.000000,0.288615,0.105121
C[C@H]1CN([C@H](C)CO)C(=O)Cc2cc(ccc2O[C@@H]1CN(C)S(=O)(=O)c1cn(cn1)C)NC(=O)Cc1cn(c2ccccc12)C,0,0.006048,0.024106,0.002589
CO[C@@H]1CN(C)C(=O)c2cc(ccc2OC[C@@H](C)N(CCC(F)(F)F)C[C@H]1C)NS(=O)(=O)c1cn(cn1)C,0,0.275440,0.070040,0.011778
CCC1=C(C)Nc2ncnn2C1=O,0,0.067832,0.052013,0.021775
CC1(C)CCC(=C(C1)c1ccc(cc1)Cl)CN1CCN(CC1)c1ccc(c(c1)Oc1cnc2[nH]ccc2c1)C(=O)NS(=O)(=O)c1ccc(c(c1)[N+](=O)[O-])NCC1CCOCC1,0,0.376144,0.035745,0.025600
COc1ccccc1NC(=O)N(C)C[C@H]1Oc2ncc(cc2C(=O)N(C[C@@H]1C)[C@@H](C)CO)Br,0,0.039843,0.023777,0.012370
C[C@@H]1CCCCO[C@@H](CN(C)C(=O)Cc2ccccc2)[C@@H](C)CN([C@@H](C)CO)C(=O)c2cc(ccc2O1)NC(=O)NC1CCCCC1,0,0.003139,0.021582,0.002975
C[C@H]1CCCCO[C@@H](CN(C)C(=O)c2ccccc2)[C@@H](C)CN([C@@H](C)CO)C(=O)c2cc(ccc2O1)NC(=O)c1ccccc1,0,0.000558,0.022402,0.002806
C[C@H]1CN([C@H](C)CO)C(=O)c2cccc(c2O[C@@H]1CN(C)S(=O)(=O)C)NC(=O)NC1CCCCC1,0,0.016704,0.049622,0.005225
C[C@@H]1CCCCO[C@@H](CN(C)C(=O)Nc2cccc3ccccc23)[C@H](C)CN([C@H](C)CO)C(=O)c2cc(ccc2O1)NC(=O)CCC(F)(F)F,0,0.091694,0.016172,0.006376
C[C@H]1CN([C@H](C)CO)C(=O)c2cccc(c2O[C@H]1CN(C)Cc1ccc(cc1)-c1ccccc1)NS(=O)(=O)c1ccccc1,0,0.013225,0.028023,0.004901
CC(C)NC(=O)Nc1cccc2c1O[C@H](CN(C)Cc1ccc(cc1)Oc1ccccc1)[C@H](C)CN([C@H](C)CO)C2=O,0,0.015880,0.035204,0.019455
C[C@@H]1CN([C@@H](C)CO)C(=O)c2cc(ccc2O[C@H]1CN(C)C(=O)Nc1ccccc1)NC(=O)Cn1cnnn1,0,0.024668,0.021163,0.006010
Oc1ccc(cc1)[C@@H]1N2[C@H]([C@H](C(=O)N3CCCCCCC3)[C@@]11C(=O)Nc3ccc(cc31)C#CC1(O)CCCCCC1)C(=O)O[C@H]([C@H]2c1ccccc1)c1ccccc1,0,0.072426,0.117189,0.059742
C[C@@H](O)C#Cc1cnc2c(c1)C(=O)N(C[C@@H](C)[C@H](CN(C)C(=O)CN1CCOCC1)O2)[C@H](C)CO,0,0.006134,0.039246,0.008932
COc1cc(NC(C)CCCN)c2ncccc2c1.O=P(O)(O)O.O=P(O)(O)O,0,0.000003,0.175689,0.187326
Cc1ccc(cc1)Nc1nnc(c2ccccc12)-c1ccccc1,0,0.682422,0.295986,0.288440
CCC(=O)Nc1ccc2c(c1)OC[C@H](C)N(C[C@@H](C)[C@@H](CN(C)C2=O)OC)C(=O)CN1CCOCC1,0,0.001568,0.025561,0.003215
COc1ccc(cc1)S(=O)(=O)Nc1ccc2c(c1)C(=O)N(C[C@H](C)[C@@H](CN(C)Cc1ccc(cc1)C(=O)O)OCCCC[C@H](C)O2)[C@H](C)CO,0,0.033437,0.028331,0.003531
COc1ccc(cc1)-c1csc(n1)CCN,0,0.223763,0.086360,0.044751
CC(C)(C)[S@@](=O)N1Cc2cc(nc(c2[C@H]1CCO)-c1cccc(c1)-c1ccccc1)C(=O)NCc1ccc2c(c1)OCO2,0,0.037370,0.161661,0.063179
C[C@H]1CN([C@H](C)CO)C(=O)c2cccc(c2O[C@@H]1CN(C)S(=O)(=O)c1cn(cn1)C)NC(=O)Nc1ccc(cc1)F,0,0.166122,0.025267,0.005178
O[C@H]1COC[C@@H]2O[C@H](CC[C@H]2N(C1)S(=O)(=O)c1ccccc1F)CC(=O)NCc1ccccc1F,0,0.573785,0.046533,0.020080
C[C@@H]1CN([C@@H](C)CO)C(=O)c2cc(cnc2O[C@@H]1CN(C)Cc1ccccn1)C#Cc1ccc(cc1)F,0,0.019959,0.025912,0.005327
C[C@H]1CN([C@@H](C)CO)C(=O)c2c(c3ccccc3n2C)-c2ccccc2CO[C@@H]1CN(C)Cc1ccccc1C(F)(F)F,0,0.570844,0.165747,0.100239
Cn1cnc(c1)S(=O)(=O)N[C@@H]1CC[C@@H](CC(=O)N2CCN(CC2)c2ccccc2)O[C@H]1CO,0,0.028193,0.023616,0.009040
COc1ccc(cc1)CN(C)C[C@H]1OCCCC[C@H](C)Oc2ccc(cc2C(=O)N(C[C@H]1C)[C@@H](C)CO)NC(=O)Nc1ccccc1,0,0.030696,0.025357,0.003942
COc1ccc(cc1)C(=O)Nc1cccc(c1)CN1C(=O)[C@]2(O[C@H](CC(=O)N(CCO)Cc3ccccc3)[C@H]([C@@H]2C)[Si](C)(C)c2ccc(cc2)OC)c2ccccc21,0,0.001932,0.025131,0.009688
CCS(=O)(=O)Nc1ccc2c(c1)C(=O)N(C)[C@@H]1CC[C@H](CC(=O)N[C@@H]3CCN(C3)Cc3ccccc3)O[C@H]1CO2,0,0.002397,0.025343,0.006435
C[C@@H]1CN([C@H](C)CO)C(=O)c2ccccc2-c2ccccc2CO[C@@H]1CN(C)Cc1ccc(cc1)Oc1ccccc1,0,0.042760,0.035349,0.018665
C[C@H]1CN([C@@H](C)CO)C(=O)Cc2cc(ccc2O[C@H]1CN(C)S(=O)(=O)c1ccc(cc1)Cl)NC(=O)C1CC1,0,0.021710,0.024332,0.005421
C[C@H]1CN([C@H](C)CO)C(=O)c2cccc(c2O[C@H]1CN(C)C(=O)Nc1ccc2c(c1)OCO2)NS(=O)(=O)c1c(noc1C)C,0,0.007758,0.025320,0.004153
C[C@H](O)C#Cc1cnc2c(c1)C(=O)N(C[C@@H](C)[C@H](CN(C)C(=O)C)O2)[C@H](C)CO,0,0.004924,0.047173,0.011064
C[C@H]1CN([C@H](C)CO)S(=O)(=O)c2ccc(cc2O[C@@H]1CN(C)S(=O)(=O)c1cn(cn1)C)C#Cc1cccc(c1)F,0,0.087201,0.027080,0.004360
COc1ccc(cc1)NC(=O)Nc1ccc2c(c1)C(=O)N(C[C@@H](C)[C@@H](CN(C)S(=O)(=O)c1ccc(cc1)Cl)OCCCC[C@H](C)O2)[C@H](C)CO,0,0.018551,0.024571,0.002869
COc1ccc(c(c1)[C@@H]1N(CCN2CCOCC2)C(=O)C(=C1C(=O)c1c(nc2c(cccn12)C)C)O)OC,0,0.353579,0.259515,0.066140
CC(C)NC(=O)Nc1ccc2c(c1)C(=O)N(C[C@@H](C)[C@@H](CN(C)S(=O)(=O)c1cn(cn1)C)OCCCC[C@@H](C)O2)[C@@H](C)CO,0,0.020280,0.024334,0.003171
C[C@@H](O)C#Cc1cnc2c(c1)C(=O)N(C[C@H](C)[C@@H](CN(C)Cc1cncnc1)O2)[C@@H](C)CO,0,0.033512,0.038369,0.010550
COCC(=O)N(C)C[C@@H]1Oc2cc(ccc2S(=O)(=O)N(C[C@@H]1C)[C@H](C)CO)-c1ccc(cc1)OC,0,0.051548,0.028254,0.009525
CC(C)(C)S(=O)N1Cc2cc(nc(c2[C@H]1CCO)-c1cccc(c1)C#CCC1CCCC1)C(=O)N[C@@H]1CCN(C1)Cc1ccccc1,0,0.346012,0.118946,0.049152
Cc1ccc(-c2nc3ccc(C)cn3c2CC(=O)N(C)C)cc1,0,0.909335,0.357562,0.293877
C[C@@H]1CN([C@H](C)CO)C(=O)c2cccc(c2O[C@@H]1CN(C)S(=O)(=O)c1cn(cn1)C)NS(=O)(=O)C,0,0.018024,0.024912,0.006101
CC(C)NC(=O)Nc1ccc2c(c1)C(=O)N(C[C@H](C)[C@@H](CN(C)S(=O)(=O)C)OCCCC[C@@H](C)O2)[C@@H](C)CO,0,0.006901,0.037253,0.003360
C[C@H]1CCCCO[C@@H](CN(C)Cc2ccc3c(c2)OCO3)[C@H](C)CN([C@H](C)CO)C(=O)c2cc(ccc2O1)NC(=O)Nc1c(noc1C)C,0,0.026143,0.027509,0.005727
COC(=O)c1c(oc(c1C(=O)OC)C(=O)C)CC[C@@H](CO)NC(=O)N1CCC[C@H]1Cn1cc(nn1)C1(O)CCCCC1,0,0.198323,0.605072,0.363083
COCC(=O)N1C[C@H]2[C@@H]([C@H](CO)N2C(=O)C1)c1ccc(cc1)C#Cc1cccnc1,0,0.220223,0.038798,0.009143
O[C@H]1COC[C@@H]2O[C@H](CC[C@H]2N(C1)S(=O)(=O)c1ccccc1)CC(=O)N1CCOCC1,0,0.030412,0.053325,0.012873
C[C@H]1CN([C@H](C)CO)C(=O)Cc2cc(ccc2O[C@H]1CN(C)S(=O)(=O)c1ccc(cc1)Cl)NC(=O)C1CC1,0,0.021710,0.024332,0.005421
NNS(=O)(=O)c1ccc(cc1)Cl,0,0.583042,0.056444,0.016278
CON=C(C(=O)NC1C(=O)N2C(C(=O)O)=C(C[N+]3(C)CCCC3)CSC12)c1csc(N)n1.[Cl-],1,0.997254,0.931389,0.871240
C/C=C/c1ccc2c(c1)O[C@@H](CN(C)C(=O)c1ccc3c(c1)OCO3)[C@H](C)CN([C@H](C)CO)S2(=O)=O,0,0.003292,0.023682,0.004156
COc1ccc(cc1)S(=O)(=O)Nc1cccc2c1O[C@@H](CN(C)S(=O)(=O)c1ccccc1)[C@@H](C)CN([C@@H](C)CO)C2=O,0,0.007321,0.025670,0.005362
C[C@H]1CN([C@@H](C)CO)C(=O)c2cc(ccc2O[C@H]1CN(C)C(=O)Nc1ccc2c(c1)OCO2)NS(=O)(=O)C,0,0.010587,0.023633,0.005080
COc1ccc(cc1)S(=O)(=O)Nc1cccc2c1O[C@H](CN(C)S(=O)(=O)c1ccc(cc1)C)[C@H](C)CN([C@@H](C)CO)C2=O,0,0.015164,0.025613,0.005301
COc1ccccc1C#Cc1ccc2c(c1)O[C@H](CN(C)Cc1cncnc1)[C@@H](C)CN([C@@H](C)CO)S2(=O)=O,0,0.093792,0.026591,0.005480
C[C@@H]1CN([C@H](C)CO)C(=O)c2cc(cnc2O[C@H]1CN(C)S(=O)(=O)c1ccccc1)Br,0,0.013191,0.023758,0.006142
CCS(=O)(=O)N1C[C@]2(CN(C2)C(=O)Nc2c(noc2C)C)c2c(n(c3cc(ccc23)OC)C)[C@@H]1CO,0,0.014854,0.026433,0.011286
C[C@@H]1CN([C@H](C)CO)C(=O)c2cccc(c2O[C@@H]1CN(C)Cc1ccc(cc1)C(=O)Nc1ccccc1N)NC(=O)c1nc2ccccc2s1,0,0.003747,0.024374,0.004950
COc1ccc(cc1)C#Cc1ccc2c(c1)O[C@@H](CN(C)C(=O)CN1CCOCC1)[C@H](C)CN([C@@H](C)CO)S2(=O)=O,0,0.021460,0.028212,0.006135
COc1ccc(cc1)NC(=O)Nc1ccc2c(c1)C(=O)N(C[C@H](C)[C@@H](CN(C)Cc1ccc(cc1)C(F)(F)F)O2)[C@@H](C)CO,0,0.278128,0.135369,0.067023
C[C@H]1CN([C@H](C)CO)S(=O)(=O)c2ccc(cc2O[C@@H]1CN(C)C(=O)c1cccnc1)-c1cccc(c1)C#N,0,0.001031,0.023618,0.003814
C[C@H]1CN([C@H](C)CO)C(=O)CCCn2nncc2CO[C@@H]1CN(C)C(=O)CCCN(C)C,0,0.021591,0.021284,0.004404
C[C@H]1CCCCO[C@H](CN(C)C)[C@@H](C)CN([C@H](C)CO)C(=O)c2cc(ccc2O1)NS(=O)(=O)c1c(noc1C)C,0,0.020832,0.026632,0.005840
NCC1CCN(CC1)Cc1ccccc1,0,0.548877,0.199397,0.125886
C[C@H]1CN([C@H](C)CO)C(=O)Cc2cc(ccc2O[C@@H]1CN(C)C(=O)Nc1ccccc1)NC(=O)CCN1CCOCC1,0,0.002556,0.025029,0.003256
C[C@@H]1CN([C@@H](C)CO)C(=O)c2cccc(c2O[C@@H]1CN(C)Cc1ccc(cc1)Oc1ccccc1)NS(=O)(=O)c1ccc(cc1)F,0,0.012066,0.024545,0.005432
C[C@H]1CC/C=C\[C@H]2O[C@@]34C=CCN(C(=O)[C@H]3N(CCO)C(=O)[C@]4(C)[C@@H]2C(=O)O1)c1ccc(cc1)Cl,0,0.730970,0.122012,0.120729
C[C@H]1CCCCO[C@@H](CN(C)S(=O)(=O)c2ccc(cc2)F)[C@H](C)CN([C@@H](C)CN(C)C)C(=O)c2cc(ccc2O1)NC(=O)Nc1ccccc1,0,0.042873,0.267470,0.042975
Oc1ccccc1-c1ccccc1O,0,0.772135,0.260838,0.237642
C[C@@H]1CCCCO[C@H](CN(C)Cc2ccncc2)[C@@H](C)CN([C@H](C)CO)C(=O)c2cc(ccc2O1)NC(=O)Nc1ccc(cc1)C(F)(F)F,0,0.408895,0.030785,0.010036
CO[C@H]1CN(C)C(=O)c2cc(ccc2OC[C@H](C)N(C[C@@H]1C)Cc1cccnc1)NC(=O)C1CCOCC1,0,0.020616,0.026319,0.004676
N[C@H]1CCCN(C1)Cc1ccc(cc1)F,0,0.346694,0.035966,0.015918
C[C@@H]1CN([C@@H](C)CO)C(=O)Cc2cc(ccc2O[C@@H]1CN(C)S(=O)(=O)c1cn(cn1)C)NC(=O)CCC(F)(F)F,0,0.031892,0.034941,0.011807
C[C@@H]1CN([C@H](C)CO)C(=O)Cc2cc(ccc2O[C@@H]1CN(C)Cc1ccc(cc1)Oc1ccccc1)NC(=O)C1CCCCC1,0,0.013726,0.028979,0.008338
C[C@@H]1CCCCO[C@@H](CN(C)C(=O)Nc2c(noc2C)C)[C@@H](C)CN([C@H](C)CO)C(=O)c2cc(ccc2O1)NS(=O)(=O)c1ccc(cc1)F,0,0.036832,0.024055,0.003450
CC(C)(C)c1ccc2c(c1)O[C@@H](CO2)C(=O)N/N=C/c1ccc[nH]1.CC(C)(C)c1ccc2c(c1)O[C@@H](CO2)C(=O)N/N=C\c1ccc[nH]1,0,0.240667,0.244633,0.060335
C[C@@H]1CN([C@H](C)CO)C(=O)c2cc(cnc2O[C@H]1CN(C)C(=O)CN1CCOCC1)-c1cncnc1,0,0.004706,0.023941,0.003824
CCCc1nc2c(cc(cc2n1Cc1ccc(cc1)-c1ccccc1C(=O)O)-c1nc2ccccc2n1C)C,0,0.999085,0.622412,0.418548
C[C@H]1CN([C@H](C)CO)C(=O)c2cc(cnc2O[C@H]1CN(C)Cc1ccc2c(c1)OCO2)Br,0,0.022081,0.028787,0.010790
Cc1cc(ccc1NN=C1C=Cc2c(cc(c(c2C1=O)N)S(=O)(=O)O)S(=O)(=O)O)-c1ccc(c(c1)C)NN=C1C=Cc2c(cc(c(c2C1=O)N)S(=O)(=O)O)S(=O)(=O)O,0,0.883410,0.349407,0.076756
C[C@@H]1CN([C@H](C)CO)C(=O)c2cccc(c2O[C@@H]1CN(C)S(=O)(=O)c1ccc(cc1)F)NC(=O)C1CCOCC1,0,0.029574,0.023664,0.004645
CC(O)CN(CCN(CC(C)O)CC(C)O)CC(C)O,0,0.000548,0.079932,0.017981
COc1ccc(cc1)S(=O)(=O)N(C)C[C@@H]1Oc2ccc(cc2C(=O)N(C[C@@H]1C)[C@H](C)CO)NC(=O)CCCN(C)C,0,0.016519,0.025906,0.005264
C[C@H]1CN([C@H](C)CO)C(=O)c2cccc(c2O[C@@H]1CN(C)S(=O)(=O)c1ccc(cc1)C)NC(=O)c1cnccn1,0,0.027254,0.024726,0.003665
C[C@@H]1CN([C@@H](C)CO)C(=O)c2cc(ccc2O[C@@H]1CN(C)S(=O)(=O)c1cn(cn1)C)NC(=O)CCN1CCOCC1,0,0.004111,0.023682,0.003629
CN1CC(=O)N=C1NC(=O)[C@H]1CCCN(C1)S(=O)(=O)c1ccc2c(c1)OC(=O)N2C,0,0.000003,0.036908,0.027633
COc1ccc(cc1)C#Cc1ccc2c(c1)O[C@@H](CN(C)C(=O)c1ccccn1)[C@H](C)CN([C@H](C)CO)S2(=O)=O,0,0.009813,0.024098,0.003726
C[C@H](NC(=O)C[C@@H]1CC[C@@H](NC(=O)CN2CCOCC2)[C@@H](CO)O1)c1ccccc1,0,0.021430,0.023592,0.012829
Cc1ccccc1S(=O)(=O)N1C[C@@H](O)COC[C@H]2O[C@@H](CC[C@@H]21)CC(=O)N1CCC(CC1)Cc1ccccc1,0,0.146022,0.038023,0.016235
COc1ccc(c(c1)OC)NC(=O)N(C)C[C@H]1OCc2cn(nn2)CCCC(=O)N(C[C@H]1C)[C@H](C)CO,0,0.083849,0.028474,0.004973
COCC#Cc1cnc2c(c1)C(=O)N(C[C@H](C)[C@@H](CN(C)C(=O)CN1CCOCC1)O2)[C@@H](C)CO,0,0.009489,0.023475,0.002961
COc1ccc(cc1)S(=O)(=O)Nc1ccc2c(c1)CC(=O)N(C[C@@H](C)[C@H](CN(C)S(=O)(=O)c1c(noc1C)C)O2)[C@H](C)CO,0,0.004636,0.024460,0.004553
C[C@@H]1CN([C@@H](C)CO)C(=O)c2cccc(c2O[C@H]1CN(C)S(=O)(=O)c1ccccc1)NS(=O)(=O)c1ccccc1,0,0.004186,0.026070,0.005531
C[C@H]1CN([C@H](C)CO)C(=O)c2cc(cnc2O[C@H]1CN(C)C(=O)Nc1cccc2ccccc12)-c1ccc(cc1)F,0,0.017969,0.022448,0.008829
CN(C)[C@H]1[C@@H]2C[C@@H]3Cc4cccc(c4C(=O)[C@@H]3C(=O)[C@]2(O)C(=O)[C@H](C(=O)N)C1=O)O,0,0.908076,0.835252,0.871286
CN(C)S(=O)(=O)N1CCO[C@@H]2CN(C[C@@H]21)c1ncc(cn1)C,0,0.008912,0.173569,0.053055
Cn1cnc(c1)S(=O)(=O)N[C@@H]1C=C[C@H](CC(=O)Nc2ccccc2)O[C@@H]1CO,0,0.068668,0.023559,0.008549
C[C@H]1CN([C@@H](C)CO)C(=O)Cc2cc(ccc2O[C@@H]1CN(C)Cc1ccc(cc1)C(F)(F)F)NC(=O)CCCCCC(=O)Nc1ccccc1N,0,0.083743,0.022272,0.003969
OCCn1ncc2c(ncnc12)SCC#N,0,0.006913,0.098537,0.056202
COc1ccccc1CNC(=O)C[C@H]1C[C@@H]2[C@@H](Oc3ccc(cc32)NC(=O)Cc2ccncc2)[C@H](CO)O1,0,0.020897,0.022081,0.009680
O=C1NC(=O)C2=C(N1)NC(=O)N2,0,0.777337,0.254135,0.199069
CS(=O)(=O)n1cc2c(n1)CN(C2)[C@H]1CO[C@@H]([C@@H](N)C1)c1cc(ccc1F)F,0,0.619288,0.573835,0.268054
COc1ccc(cc1)NC(=O)N(C)C[C@@H]1OCCCC[C@@H](C)Oc2ccc(cc2C(=O)N(C[C@@H]1C)[C@H](C)CO)NS(=O)(=O)c1c(noc1C)C,0,0.010248,0.023653,0.002591
COCCNC(=O)C[C@H]1C[C@@H]2[C@@H](Oc3ccc(cc32)NC(=O)Nc2ccc(cc2)C(F)(F)F)[C@H](CO)O1,0,0.721949,0.230829,0.148283
C[C@@H]1CCCCO[C@@H](CN(C)C(=O)Nc2ccc3c(c2)OCO3)[C@@H](C)CN([C@H](C)CO)C(=O)c2cc(ccc2O1)NC(=O)Nc1ccc(cc1)F,0,0.026868,0.024130,0.002621
C[C@@H](NC(=O)c1ccccc1)C(=O)NN,0,0.129093,0.103569,0.064704
COC[C@H](NC(=O)[C@H](COC)NC(=O)c1cnc(s1)C)C(=O)N[C@@H](Cc1ccccc1)C(=O)[C@@]1(C)CO1,0,0.785413,0.474936,0.476944
COc1ccc(cc1)NC(=O)Nc1ccc2c(c1)CC(=O)N(C[C@H](C)[C@@H](CN(C)Cc1ccc(c(c1)Cl)Cl)O2)[C@@H](C)CO,0,0.185826,0.068580,0.007353
CC(=O)Oc1cccc(C(=O)O)c1OC(C)=O,0,0.339043,0.162072,0.144313
C[C@H]1CN([C@H](C)CO)C(=O)Cc2cc(ccc2O[C@H]1CN(C)C(=O)Nc1ccc(cc1)F)NC(=O)Nc1cccc2ccccc12,0,0.038998,0.025957,0.006575
C[C@@H]1CCCCO[C@@H](CN(C)CC2CCCCC2)[C@@H](C)CN([C@@H](C)CO)C(=O)c2cc(ccc2O1)N(C)C,0,0.199715,0.033037,0.019159
N[C@H](C(=O)O)c1ccc(c(c1)C(=O)O)O,0,0.661548,0.131077,0.085020
C[C@H]1CN([C@@H](C)CO)C(=O)c2cccc(c2O[C@H]1CN(C)S(=O)(=O)c1ccc(cc1)C)NC(=O)c1cnccn1,0,0.027254,0.024726,0.003665
O[C@H]1COC[C@H]2O[C@H](CC[C@@H]2N(C1)S(=O)(=O)c1ccc(cc1)Cl)CC(=O)NCCN1CCCC1,0,0.656070,0.049306,0.029843
C[C@@H]1CN([C@@H](C)CO)C(=O)c2cc(cnc2O[C@@H]1CN(C)C(=O)C)C#CC(C)(C)O,0,0.004860,0.057639,0.014771
C[C@@H]1CN([C@@H](C)CO)C(=O)c2cc(ccc2O[C@H]1CN(C)Cc1ccc(cc1)Oc1ccccc1)NC(=O)Nc1ccccc1,0,0.008126,0.024456,0.007394
FC(F)(F)C(OC(=O)N1CCN(CC1)Cc1ccc(cc1N1CCCC1)C(F)(F)F)C(F)(F)F,0,0.700169,0.489142,0.281766
C[C@@H]1CN([C@H](C)CO)C(=O)Cc2cc(ccc2O[C@H]1CN(C)S(=O)(=O)C)NC(=O)Cc1ccccc1,0,0.001153,0.025869,0.006039
CCCn1cnnc1[C@@H](C)N,0,0.227532,0.039936,0.013566
Oc1ccnc(S)n1,0,0.000069,0.194932,0.191245
O[C@@H]1c2c(c(ccc2S(=O)(=O)C(F)F)Oc2cc(cc(c2)C#N)F)CC1(F)F.O[C@H]1c2c(c(ccc2S(=O)(=O)C(F)F)Oc2cc(cc(c2)C#N)F)CC1(F)F,0,0.000103,0.071351,0.028101
C[C@H]1CN([C@H](C)CO)C(=O)c2cccc(c2O[C@H]1CN(C)S(=O)(=O)c1ccccc1)NS(=O)(=O)c1ccc(cc1)C,0,0.007686,0.026008,0.005259
OC[C@@H]1O[C@@H](CCNC(=O)Nc2cc(ccc2F)F)CC[C@@H]1NC(=O)CN1CCOCC1,0,0.280193,0.073325,0.061525
C[C@@H]1CN([C@H](C)CO)C(=O)c2cc(ccc2O[C@@H]1CN(C)C(=O)Nc1ccc(cc1)C(F)(F)F)NS(=O)(=O)c1ccc(cc1)C,0,0.266912,0.031973,0.012094
OC(=O)C1(CCCC1)c1cccs1,0,0.501709,0.083874,0.071954
NNC(=O)c1ccc(nc1)/C=N\O,0,0.239195,0.148799,0.103059
C[C@H]1CN([C@@H](C)CO)C(=O)Cc2cc(ccc2O[C@H]1CN(C)C(=O)Nc1ccc2c(c1)OCO2)NS(=O)(=O)c1c(noc1C)C,0,0.002199,0.023687,0.003100
CCCC#Cc1cnc2c(c1)C(=O)N(C[C@@H](C)[C@H](CN(C)S(=O)(=O)c1cccc(c1)OC)O2)[C@@H](C)CO,0,0.011511,0.023455,0.004559
COc1ccc(C(CN(C)C)C2(O)CCCCC2)cc1.Cl,0,0.899896,0.432467,0.283299
C[C@@H]1CN([C@@H](C)CO)C(=O)Cc2cc(ccc2O[C@@H]1CN(C)CC1CC1)NC(=O)Nc1c(noc1C)C,0,0.160065,0.036935,0.010214
COc1ccc2c3c(n(c2c1)C)[C@H](CO)N(C[C@]13CN(C1)C(=O)Nc1cccc(c1)F)C(=O)CN1CCOCC1,0,0.050642,0.044680,0.016428
COc1ccc(cc1)CN(C)C[C@@H]1OCCCC[C@H](C)Oc2ccc(cc2C(=O)N(C[C@H]1C)[C@@H](C)CO)NS(=O)(=O)c1ccc(cc1)C,0,0.009745,0.025103,0.004303
COCCOC(=O)N1C(=O)[C@]2([C@@H]([C@@H]3N([C@H]([C@H](OC3=O)c3ccccc3)c3ccccc3)[C@@H]2c2ccccc2OCCO)C(=O)N)c2cc(ccc21)C#Cc1ccc(cc1)OC,0,0.782662,0.034545,0.013320
COC(=O)Cn1nc(c2ccccc12)N,0,0.060373,0.067745,0.044794
Cc1cc(O)c(C=O)c2c1C(=O)Oc1c(C)c(O)c3c(c1O2)C(O)OC3=O,0,0.962225,0.549865,0.575332
NCC(=O)NCC(=O)O,0,0.008572,0.047477,0.021502
COc1ccccc1S(=O)(=O)N1C[C@H](O)COC[C@H]2O[C@@H](CC[C@@H]21)CC(=O)O,0,0.336176,0.037256,0.021640
C[C@H]1CN([C@@H](C)CO)C(=O)c2cccc(c2O[C@H]1CN(C)C(=O)Nc1ccccc1)NC(=O)c1ccc(cc1)-c1nccs1,0,0.014930,0.021774,0.003968
CC(C)NC(=O)Nc1cccc2c1O[C@@H](CN(C)Cc1ccc(cc1)Oc1ccccc1)[C@@H](C)CN([C@H](C)CO)C2=O,0,0.015880,0.035204,0.019455
C[C@@H]1CN([C@H](C)CO)C(=O)c2cccc(c2O[C@H]1CN(C)C(=O)NC1CCCCC1)NC(=O)c1cnccn1,0,0.060202,0.029409,0.012089
C[C@H]1CN([C@@H](C)CO)C(=O)c2cccc(c2O[C@@H]1CN(C)C(=O)Nc1c(noc1C)C)NC(=O)C1CCOCC1,0,0.064747,0.022161,0.003637
CC1OC(OC2C(Oc3cc(O)c4c(=O)cc(-c5ccc(O)cc5)oc4c3)OC(CO)C(O)C2O)C(O)C(O)C1O,0,0.243349,0.142099,0.062253
C[C@@H]1CN([C@@H](C)CO)C(=O)c2c(c3ccccc3n2C)-c2ccccc2CO[C@@H]1CN(C)C(=O)Nc1ccccc1,0,0.019359,0.027064,0.011224
C[C@@H]1CN([C@@H](C)CO)C(=O)c2cc(ccc2O[C@H]1CN(C)S(=O)(=O)c1ccc(cc1)C)NC(=O)Nc1ccc(cc1)C(F)(F)F,0,0.383299,0.030081,0.011007
C[C@@H]1CN([C@H](C)CO)C(=O)Cc2cc(ccc2O[C@@H]1CN(C)C(=O)Nc1c(noc1C)C)NC(=O)c1ccncc1,0,0.010856,0.021937,0.002973
CCOC(=O)N(C)C[C@H]1OCc2cnnn2CCCC(=O)N(C[C@@H]1C)[C@@H](C)CO,0,0.034081,0.025398,0.006330
COc1ccc(cc1)NC(=O)Nc1ccc2c(c1)C(=O)N(C[C@H](C)[C@H](CN(C)Cc1ccc(cc1)C(=O)O)OCCCC[C@@H](C)O2)[C@H](C)CO,0,0.071836,0.021169,0.003025
C[C@@H]1CN([C@H](C)CO)C(=O)Cc2cc(ccc2O[C@H]1CN(C)C(=O)Nc1ccc(cc1)C(F)(F)F)NC(=O)NC1CCCCC1,0,0.407718,0.378966,0.115197
C[C@@H]1NC(=O)[C@@H](N)CNC(=O)[C@@H](NC(=O)/C(=C\NC(=O)N)NC(=O)[C@H](CNC(=O)C[C@@H](N)CCCN)NC1=O)[C@H]1CCN=C(N)N1,0,0.153279,0.306537,0.154307
CC(=O)OCC(=O)C12N=C(C)OC1CC1C3CCC4=CC(=O)C=CC4(C)C3C(O)CC12C,0,0.024474,0.199139,0.052675
C[C@@H]1CCCCO[C@H](CN(C)C(=O)Cc2ccccc2)[C@@H](C)CN([C@H](C)CO)C(=O)c2cc(ccc2O1)NC(=O)Nc1ccc(cc1)F,0,0.021189,0.023965,0.003969
O/N=C(\C#N)C(=O)c1ccco1,0,0.009317,0.254531,0.136723
C[C@@H]1CCCCO[C@@H](CN(C)Cc2ccc(cc2)C(F)(F)F)[C@@H](C)CN([C@H](C)CO)C(=O)c2cc(ccc2O1)NC(=O)Nc1ccc(cc1)C(F)(F)F,0,0.801890,0.019860,0.012499
C[C@H]1CN([C@H](C)CO)C(=O)c2cc(ccc2O[C@H]1CN(C)C(=O)Nc1ccc(cc1)C(F)(F)F)NC(=O)Cn1cnnn1,0,0.742701,0.475107,0.458670
C[C@H]1CN([C@H](C)CO)C(=O)c2cccc(c2O[C@@H]1CN(C)Cc1ccc(cc1)-c1ccccc1)NC(=O)c1ccncc1,0,0.016750,0.027523,0.008527
C[C@@H]1NC[C@@H]2CCCN2C1=O,0,0.005817,0.026556,0.007151
Cc1cccc(c1)N1C[C@@H](N)CC1=O,0,0.183871,0.024084,0.009190
C[C@@H]1CCCCO[C@@H](CN(C)C(=O)Nc2cccc3ccccc23)[C@H](C)CN([C@H](C)CO)C(=O)c2cc(ccc2O1)NC(=O)Nc1c(noc1C)C,0,0.021522,0.021988,0.002129
C[C@H]1CN([C@H](C)CO)C(=O)c2cc(ccc2O[C@H]1CN(C)Cc1ccc(cc1)C(F)(F)F)NC(=O)Nc1c(noc1C)C,0,0.441815,0.113465,0.051801
FCCN1C[C@H]2CCN[C@H]2C1,0,0.014231,0.028077,0.012227
C[C@H]1CN([C@H](C)CO)C(=O)c2cccc(c2O[C@H]1CN(C)Cc1ccc2c(c1)OCO2)NC(=O)c1ccncc1,0,0.002486,0.024194,0.003940
C[C@@H]1CN([C@@H](C)CO)C(=O)c2cc(ccc2O[C@@H]1CN(C)CC1CCCCC1)NC(=O)CCCCCC(=O)Nc1ccccc1N,0,0.022682,0.022603,0.004118
CC1=CN([C@@H]2C[C@H](O)[C@@H](CO)O2)C(=O)NC1=O,0,0.570886,0.362567,0.427386
NC(=S)N1CCCC1,0,0.055090,0.032574,0.027545
COCCNC(=O)[C@@H]1[C@@H](CO)[C@@H]2CN3C(=O)C=CC=C3[C@H]1N2S(=O)(=O)c1ccccc1C,0,0.015389,0.027321,0.007512
C[C@@H]1CN([C@@H](C)CO)C(=O)c2cccc(c2O[C@@H]1CN(C)Cc1ccc(cc1)C(=O)Nc1ccccc1N)NC(=O)NC1CCCCC1,0,0.027803,0.024995,0.005095
C[C@@H]1CN([C@@H](C)CO)C(=O)c2cc(ccc2O[C@@H]1CN(C)S(=O)(=O)c1ccc(cc1)Cl)NS(=O)(=O)C,0,0.032303,0.022805,0.005644
C[C@@H]1CN([C@H](C)CO)C(=O)c2cc(ccc2O[C@@H]1CN(C)Cc1ccc(cc1)C(=O)O)NC(=O)C1CC1,0,0.113230,0.038237,0.026909
C[C@H]1CN([C@@H](C)CO)C(=O)c2cc(cnc2O[C@H]1CN(C)C(=O)C1CCCCC1)C#CC1(O)CCCC1,0,0.032475,0.076374,0.021759
O[C@@H](CN1C[C@H]2C[C@@H](C1)C1=CC=CC(=O)N1C2)/C=N/n1cnnc1,0,0.294958,0.067995,0.020208
CCOC(=O)CC1(C)NNC(=S)NN1,0,0.964716,0.042602,0.015823
OC(=O)CNC(=O)c1ccc(cc1)S(=O)(=O)N1CCOCC1,0,0.026955,0.033290,0.024197
COC(=O)[C@@H]1C[C@H](N[C@@H]1c1ccccn1)C#N,0,0.010202,0.072435,0.033912
C#CCO[C@H]1CN2CCC1CC2,0,0.086954,0.045190,0.013363
OC[C@H]1O[C@@H](CC(=O)NCc2ccncn2)C=C[C@@H]1NC(=O)c1cccnc1,0,0.031383,0.050878,0.023344
C[C@@H]1CCCCO[C@@H](CN(C)C(=O)Cc2ccccc2)[C@@H](C)CN([C@H](C)CO)C(=O)c2cc(ccc2O1)NC(=O)C1CCCCC1,0,0.002081,0.024019,0.003090
O=C1CCC(=O)N1c1nccs1,0,0.091577,0.077171,0.056719
COc1ccc(-c2cc(=O)c3c(O)c(OC)c(OC)c(OC)c3o2)cc1OC,0,0.756935,0.193374,0.062548
CN(C)C(=O)c1ccc(cc1)-c1cccc(c1)-c1nc(cc2c1[C@H](CCO)N(C2)[S@@](=O)C(C)(C)C)C(=O)NC1CCC1,0,0.075027,0.143413,0.054513
Nc1nnnn1/N=C\c1ccc(cc1)O,0,0.473503,0.237868,0.187329
COc1ccc(cc1)NC(=O)N(C)C[C@@H]1Oc2ccc(cc2C(=O)N(C[C@@H]1C)[C@@H](C)CO)NS(=O)(=O)c1cn(cn1)C,0,0.051696,0.023209,0.003310
CCS(=O)(=O)N1C[C@]2(CCN(CC2)C(=O)Nc2c(noc2C)C)c2c(n(c3cc(ccc23)OC)C)[C@H]1CO,0,0.020495,0.025080,0.007751
CCN(CC)CCNc1ccc(c2c1C(=O)c1ccccc1S2)COc1ccccc1/C=C(C)/C=C/C(=O)NO,0,0.951787,0.154712,0.067860
CC(C)NC(=O)Nc1ccc2c(c1)C(=O)N(C[C@H](C)[C@@H](CN(C)C(=O)Nc1c(noc1C)C)O2)[C@@H](C)CO,0,0.054584,0.026099,0.008701
COc1ccc2cc1Oc1ccc(cc1)CC1c3cc(c(OC)cc3CCN1C)Oc1c(OC)c(OC)cc3c1C(C2)N(C)CC3,0,0.760605,0.130697,0.052055
ONC(=O)CCCCCNC(=O)OCc1ccc(cc1)CO[C@H]1C[C@H](C=C(O1)C(=O)NC1CC1)c1ccc(cc1)C(F)(F)F,0,0.001772,0.149685,0.201362
C[C@@H]1CN([C@H](C)CO)C(=O)c2cc(cnc2O[C@@H]1CN(C)C(=O)Cc1ccncc1)-c1ccc(cc1)C,0,0.008413,0.023859,0.004052
CN(C)C(=O)C[C@H]1O[C@H](CO)[C@H](NC(=O)C2CC2)C=C1,0,0.073713,0.030875,0.007275
COc1cccc(c1)-c1cn(nn1)CC[C@@H]1CC[C@@H](NS(=O)(=O)c2ccccc2Cl)[C@H](CO)O1,0,0.455694,0.030107,0.017334
C[C@@H]1CCCCO[C@@H](CN(C)Cc2ccncc2)[C@H](C)CN([C@@H](C)CO)C(=O)c2cc(ccc2O1)NC(=O)Cc1ccccc1,0,0.005827,0.021557,0.002583
C[C@H]1CN([C@H](C)CO)C(=O)c2cc(cnc2O[C@@H]1CN(C)C(=O)Nc1ccc(cc1)C(F)(F)F)/C=C/c1ccccc1,0,0.289161,0.215581,0.175507
C[C@H]1CN([C@H](C)CO)C(=O)c2cc(ccc2O[C@@H]1CN(C)Cc1ccc(cc1)-c1ccccc1)NC(=O)Cn1cnnn1,0,0.070636,0.029373,0.011369
COc1ccc(cc1)S(=O)(=O)Nc1ccc2c(c1)C(=O)N(C[C@@H](C)[C@@H](CN(C)C(=O)c1ccccc1)OCCCC[C@H](C)O2)[C@H](C)CO,0,0.000994,0.023818,0.002444
C[C@@H]1CN([C@@H](C)CO)S(=O)(=O)c2ccc(cc2O[C@@H]1CN(C)C(=O)c1cnccn1)C#CCC1CCCC1,0,0.083634,0.026042,0.004235
COc1ccc2c(c1)[C@@H](NCC=C(C)C)[C@H](C)[C@H]2c1ccccc1,0,0.816048,0.335654,0.279840
C[C@@H]1CN([C@@H](C)CO)C(=O)c2cccc(c2O[C@H]1CN(C)C(=O)Nc1ccc(cc1)C(F)(F)F)NS(=O)(=O)c1ccc(cc1)C,0,0.340634,0.031898,0.014687
CN1[C@H]2CC[C@H](CC(=O)NCCN3CCCC3)O[C@@H]2COc2ccc(cc2C1=O)NC(=O)c1cccc(c1)C#N,0,0.001352,0.030399,0.010165
C[C@H]1CN([C@H](C)CO)C(=O)Cc2cc(ccc2O[C@@H]1CN(C)Cc1ccc(cc1)Oc1ccccc1)NS(=O)(=O)c1ccccc1,0,0.000564,0.023940,0.003267
COC(=O)[C@@]1(Cc2ccccc2N=[N+]=[N-])N=C(O[C@H]1c1ccccc1CN=[N+]=[N-])c1ccc(cc1)OCCCO,0,0.508056,0.084507,0.051125
COc1cccc(c1)NC(=O)N1C[C@@H](O)COC[C@@H]2O[C@H](CC[C@H]21)CC(=O)NCCCN1CCOCC1,0,0.238975,0.371997,0.129739
O[C@H]1COC[C@H]2O[C@H](CC[C@@H]2N(C1)S(=O)(=O)c1ccccc1)CC(=O)NCCN1CCCCC1,0,0.263153,0.107126,0.013827
COc1ccc(cc1)C(=O)Nc1ccc2c(c1)C(=O)N(C)[C@H]1CC[C@H](CC(=O)NCC3CC3)O[C@@H]1CO2,0,0.010276,0.025471,0.006158
CO[C@@H]1CN(C)C(=O)c2ccc(cc2OC[C@@H](C)N(C[C@H]1C)C(=O)Nc1c(noc1C)C)NC(=O)Nc1cccc(c1)F,0,0.247649,0.034384,0.017150
C[C@@H]1CN([C@H](C)CO)S(=O)(=O)c2ccc(cc2O[C@H]1CN(C)S(=O)(=O)c1cn(cn1)C)C#Cc1ccccc1,0,0.017794,0.025892,0.004128
C[C@H](CCC(=C)[C@@H](C)C(=O)O)[C@H]1CC[C@@]2(C)C3=C(C[C@H](O)[C@]12C)[C@@]1(C)CC[C@@H](OC(=O)CC(=O)O)C(C)(C)[C@@H]1CC3,0,0.954828,0.783785,0.778070
COc1ccc(cc1)S(=O)(=O)N(C)C[C@H]1Oc2cc(ccc2S(=O)(=O)N(C[C@@H]1C)[C@H](C)CO)-c1ccccc1OC,0,0.012306,0.024494,0.004567
CC(C)NC(=O)Nc1ccc2c(c1)CC(=O)N(C[C@@H](C)[C@H](CN(C)S(=O)(=O)c1ccc(cc1)C)O2)[C@@H](C)CO,0,0.012481,0.023776,0.005137
CC(C)NC(=O)Nc1cccc2c1O[C@H](CN(C)S(=O)(=O)c1c(noc1C)C)[C@H](C)CN([C@H](C)CO)C2=O,0,0.071722,0.024203,0.004941
COc1ccc(cc1)CN(C)C[C@@H]1Oc2ccc(cc2C(=O)N(C[C@@H]1C)[C@@H](C)CO)NC(=O)CCN1CCOCC1,0,0.006952,0.024970,0.005773
C[C@@H]1O[C@@H](OC[C@H]2O[C@@H](OC3=C(Oc4cc(cc(c4C3=O)O)O)c3ccc(c(c3)O)O)[C@H](O)[C@@H](O)[C@H]2O)[C@H](O)[C@H](O[C@@H]2O[C@H](CO)[C@@H](O)[C@H](O)[C@H]2O)[C@H]1OC(=O)C,0,0.148818,0.387876,0.175657
C[C@H]1CCCCO[C@@H](CN(C)C(=O)CCC(F)(F)F)[C@H](C)CN([C@@H](C)CO)C(=O)c2cc(ccc2O1)NS(=O)(=O)c1ccc(cc1)C,0,0.019378,0.023579,0.003506
COc1ccc2c3c([nH]c2c1)[C@H](CO)N(C[C@]13CCN(CC1)C(=O)c1cnccn1)C(=O)c1cnccn1,0,0.062736,0.047767,0.028399
CCOP(=O)(CC(=O)O[C@@H]1[C@@H](COC(=O)NCCCCCC(=O)NO)O[C@H](OC)[C@@H]2OC(=O)[C@H](C/C=C\C[C@H](Cc3ccc4ccccc4c3)C(=O)O[C@@H]12)Cc1ccc2ccccc2c1)OCC,0,0.000051,0.127888,0.055553
CC(C)Cc1ccc(cc1)/C=C/C=O,0,0.966578,0.175068,0.124133
COc1ccc(cc1)NC(=O)N(C)C[C@@H]1OCCCC[C@@H](C)Oc2ccc(cc2C(=O)N(C[C@H]1C)[C@@H](C)CO)NC(=O)c1ccncc1,0,0.005451,0.022165,0.002657
COc1ccc(cc1)NC(=O)N(C)C[C@H]1Oc2ccc(cc2C(=O)N(C[C@@H]1C)[C@@H](C)CO)NC(=O)C1CC1,0,0.024927,0.022238,0.006645
CCS(=O)(=O)N1C[C@]2(C1)CN([C@H](CO)c1[nH]c3cc(ccc3c12)OC)S(=O)(=O)c1ccc(cc1)C,0,0.008407,0.032596,0.010905
NCC1=NNC(=O)c2ccccc21,0,0.164466,0.113630,0.060964
NC1C(OC2C(C(=O)[O-])OC(COC3C(CO)OC(O)C(O)C3O)C(OS(=O)(=O)[O-])C2O)OC(COS(=O)(=O)[O-])C(O)C1O,0,0.004672,0.551232,0.279962
CCOC(=O)CSC1=NC(=O)C=C(C)N1,0,0.084289,0.070842,0.033283
C[C@@H](O)CN1C(=N)N(C)c2ccccc21,0,0.851894,0.075023,0.039259
C[C@H]1CN([C@@H](C)CO)C(=O)c2cc(ccc2O[C@@H]1CN(C)Cc1ccccc1)NC(=O)Cn1cnnn1,0,0.021218,0.026911,0.011595
COc1ccc(cc1)S(=O)(=O)N(C)C[C@@H]1Oc2cc(ccc2S(=O)(=O)N(C[C@@H]1C)[C@H](C)CO)C#CC1CC1,0,0.027713,0.026068,0.004369
C[C@@H]1CCCCO[C@H](CN(C)Cc2ccccc2)[C@@H](C)CN([C@@H](C)CO)C(=O)c2cc(ccc2O1)NC(=O)Nc1c(noc1C)C,0,0.040274,0.032476,0.007136
C[C@H]1CN([C@H](C)CO)C(=O)c2cccc(c2O[C@H]1CN(C)Cc1ccncc1)NS(=O)(=O)c1ccc(cc1)F,0,0.023809,0.024157,0.005112
C[C@H]1CCCCO[C@H](CN(C)Cc2ccc3c(c2)OCO3)[C@@H](C)CN([C@H](C)CO)C(=O)c2cc(ccc2O1)NC(=O)Nc1ccccc1,0,0.013261,0.021948,0.003276
OC[C@@H]1O[C@@H](CC(=O)NCCc2cscn2)C=C[C@@H]1NC(=O)C1CCOCC1,0,0.078500,0.030162,0.017822
Cc1ccc(cc1)S[C@@]1(CC(=O)N(Cc2cc(cc(c2)C(F)(F)F)C(F)(F)F)[C@@H]1c1ccc(cc1)CO)C(=O)NCC(F)(F)F,0,0.987569,0.156904,0.119352
COc1ccccc1C(=O)Nc1ccc2c(c1)C(=O)N(C)[C@H]1CC[C@@H](CC(=O)NCc3ccc(c(c3)Cl)Cl)O[C@@H]1CO2,0,0.080547,0.042158,0.025422
C[C@@H]1CCCCO[C@H](CN(C)C(=O)NC2CCCCC2)[C@@H](C)CN([C@@H](C)CO)C(=O)c2cc(ccc2O1)NC(=O)NC1CCCCC1,0,0.015462,0.026684,0.005033
C[C@@H]1CCCCO[C@@H](CN(C)CC2CCCCC2)[C@@H](C)CN([C@@H](C)CO)C(=O)c2cc(ccc2O1)NC(=O)NC1CCCCC1,0,0.121543,0.030695,0.010842
C[C@@H]1CN([C@@H](C)CO)C(=O)CCCn2nncc2CO[C@@H]1CN(C)C(=O)Nc1ccc2c(c1)OCO2,0,0.023233,0.023397,0.004529
Fc1ccccc1N1CCN(CCNC(=O)[C@H]2CCCN(C2)S(=O)(=O)c2c[nH]cn2)CC1,0,0.043949,0.027506,0.010456
C[C@H]1CN([C@H](C)CO)C(=O)c2cc(ccc2O[C@H]1CN(C)C(=O)Nc1c(noc1C)C)NC(=O)CCCN(C)C,0,0.059015,0.021539,0.003715
OC(=O)CCC(=O)N[C@H]1CCCCNC1=O,0,0.012934,0.022252,0.009810
OC(=O)C12C3CCC4C5C3C2C5(C41)C(=O)O,0,0.087289,0.217484,0.076864
COc1ccc(cc1)S(=O)(=O)Nc1ccc2c(c1)C(=O)N(C[C@H](C)[C@H](CN(C)C(=O)NC1CCCCC1)OCCCC[C@H](C)O2)[C@@H](C)CO,0,0.005211,0.025609,0.003285
C[C@@H]1CN([C@@H](C)CO)C(=O)c2cccc(c2O[C@@H]1CN(C)C(=O)Nc1ccc2c(c1)OCO2)NC(=O)C1CCOCC1,0,0.009729,0.021484,0.003057
CN1C=C(C(=O)N2CCN(CC2)CC(=O)N)C2=NN(C(=O)C2=C1)c1ccccc1,0,0.021130,0.086269,0.035230
C[C@H]1CCCCO[C@@H](CN(C)S(=O)(=O)c2ccc(cc2)C)[C@@H](C)CN([C@H](C)CO)C(=O)c2cc(ccc2O1)NS(=O)(=O)c1ccc(cc1)C,0,0.003271,0.025900,0.003034
CC(C)NC(=O)N(C)C[C@H]1Oc2ccc(cc2CC(=O)N(C[C@H]1C)[C@@H](C)CO)NC(=O)Cc1ccccc1,0,0.005919,0.026751,0.009050
NC(=N)N.OC(=O)O,0,0.195979,0.207970,0.044974
COC(=O)c1[nH]c(c(c1O)O)C(=O)OC,0,0.308873,0.222953,0.219939
CC(C)OC(=O)[C@H](C)N[P@](=O)(OC[C@H]1O[C@@H](N2C=CC(=O)NC2=O)[C@](C)(Cl)[C@@H]1O)Oc1ccccc1,0,0.954039,0.287355,0.220836
C[C@H]1CN([C@H](C)CO)C(=O)c2cc(ccc2O[C@H]1CN(C)C(=O)Nc1cccc2ccccc12)NC(=O)Cc1cn(c2ccccc12)C,0,0.008618,0.021585,0.003238
O[C@H]1COC[C@H]2O[C@H](CC[C@@H]2N(C1)S(=O)(=O)c1ccccc1)CC(=O)N1CCOCC1,0,0.030412,0.053325,0.012873
C[C@H]1CCCCO[C@H](CN(C)S(=O)(=O)c2ccc(cc2)C)[C@@H](C)CN([C@H](C)CO)C(=O)c2cc(ccc2O1)NC(=O)c1ccccc1,0,0.001270,0.023732,0.002480
O[C@@H]1COC[C@@H]2O[C@H](CC[C@H]2N(C1)S(=O)(=O)c1ccc(cc1)Cl)CC(=O)NCc1ccncn1,0,0.373450,0.042875,0.029186
NC(=O)CN1C[C@H](O)CC1=O,0,0.011808,0.036301,0.014026
COc1cc(ncn1)N1CCC2(CC1)CNC(=O)CO2,0,0.117160,0.134914,0.029363
COc1ccccc1C#Cc1cnc2c(c1)C(=O)N(C[C@@H](C)[C@@H](CN(C)C(=O)c1ccc3c(c1)OCO3)O2)[C@@H](C)CO,0,0.007308,0.022007,0.003471
CN1[C@@H](CO)[C@@H]2[C@H]1CNc1ccccc12,0,0.070798,0.070322,0.010849
CCCC#Cc1ccc2c(c1)O[C@@H](CN(C)S(=O)(=O)c1cccc(c1)OC)[C@@H](C)CN([C@@H](C)CO)S2(=O)=O,0,0.011953,0.025499,0.003871
C[C@@H]1CN([C@@H](C)CO)C(=O)CCCn2nncc2CO[C@@H]1CN(C)C(=O)Nc1ccc(cc1)N1CCN(C)CC1,0,0.217632,0.027099,0.009409
C[C@@H]1CCCCO[C@@H](CN(C)S(=O)(=O)C)[C@H](C)CN([C@H](C)CO)C(=O)c2cc(ccc2O1)NS(=O)(=O)c1cn(cn1)C,0,0.010971,0.023653,0.003059
OC[C@@H]1O[C@H](CCNC(=O)CN2CCOCC2)CC[C@H]1NS(=O)(=O)c1ccc(cc1)Cl,0,0.029340,0.032286,0.014428
C[C@H]1CN([C@@H](C)CO)C(=O)Cc2cc(ccc2O[C@@H]1CN(C)S(=O)(=O)c1cn(cn1)C)NC(=O)CCCCCC(=O)Nc1ccccc1N,0,0.003155,0.023650,0.002933
CC(C)N1[C@H](C)[C@@H](CN(C)Cc2ccc(cc2)Cl)Oc2c(cccc2C1=O)NC(=O)c1ccncc1,0,0.052744,0.328736,0.083903
C[C@@H]1CN([C@@H](C)CO)C(=O)c2cc(cnc2O[C@@H]1CN(C)S(=O)(=O)c1cccc(c1)F)-c1cccc(c1)C(=O)N(C)C,0,0.006061,0.023755,0.004202
C[C@H]1CN([C@H](C)CO)C(=O)Cc2cc(ccc2O[C@H]1CN(C)C(=O)Nc1cccc2ccccc12)NC(=O)Nc1ccc(cc1)C(F)(F)F,0,0.178411,0.030295,0.012464
C[C@@H]1CCCCO[C@@H](CN(C)C(=O)Nc2ccc3c(c2)OCO3)[C@@H](C)CN([C@H](C)CO)C(=O)c2cc(ccc2O1)NC(=O)CCCCCC(=O)Nc1ccccc1N,0,0.002079,0.022696,0.002585
C[C@@H]1CN([C@@H](C)CO)S(=O)(=O)c2ccc(cc2O[C@H]1CN(C)C(=O)NC1CCCCC1)-c1cccnc1,0,0.021704,0.024656,0.004593
C[C@@H]1CN([C@@H](C)CO)S(=O)(=O)c2ccc(cc2O[C@H]1CN(C)C(=O)Cc1ccccc1)C#CC1(O)CCCC1,0,0.016923,0.025686,0.006756
CO[C@@H]1CN(C)C(=O)c2cc(ccc2OC[C@@H](C)N(C[C@H]1C)C(=O)NC(C)C)NS(=O)(=O)c1ccccc1,0,0.006628,0.028607,0.006904
CC(C)[C@@H](N)c1nccn1C,0,0.551060,0.042770,0.018310
Cc1ccc(cc1S(=O)(=O)N1CCCCCC1)NC(=O)COc1ccc(cc1)S(=O)(=O)N1CCOCC1,0,0.003097,0.032790,0.015887
C[C@H]1CCCCO[C@H](CN(C)C(=O)Nc2cccc3ccccc23)[C@@H](C)CN([C@H](C)CO)C(=O)c2cc(ccc2O1)NS(=O)(=O)c1ccccc1,0,0.001811,0.023732,0.002054
CC(C)NC(=O)N(C)C[C@@H]1Oc2c(cccc2C(=O)N(C[C@H]1C)[C@H](C)CO)NC(=O)NC1CCCCC1,0,0.045885,0.026111,0.011492
COCCOC(=O)N1C(=O)[C@]2([C@@H]([C@@H]3N([C@H]([C@H](OC3=O)c3ccccc3)c3ccccc3)[C@@H]2c2ccc(cc2)OCCO)C(=O)NC[C@H](O)c2ccccc2)c2cc(ccc21)C#CC1(O)CCCCCC1,0,0.532674,0.050876,0.010545
CCCNC(=O)N(C)C[C@H]1Oc2cc(ccc2S(=O)(=O)N(C[C@H]1C)[C@@H](C)CO)-c1ccc(cc1)C,0,0.068597,0.037668,0.007233
CC(C)C#Cc1ccc2c(c1)O[C@@H](CN(C)C(=O)c1cccc(c1)F)[C@H](C)CN([C@@H](C)CO)S2(=O)=O,0,0.122953,0.039610,0.007275
COc1ccc(cc1)COCC12Oc3ccccc3[C@H]([C@H]1COC(=O)c1ccccc1)N1C(=O)C(=C3C=CC=CC3=C1N2C)c1ccccc1,0,0.004373,0.144850,0.037441
C[C@@H]1CN([C@@H](C)CO)C(=O)Cc2cc(ccc2O[C@H]1CN(C)S(=O)(=O)c1cn(cn1)C)N(C)C,0,0.019114,0.023723,0.005979
C[C@@H]1CCCCO[C@@H](CN(C)C(=O)Nc2ccc(cc2)F)[C@@H](C)CN([C@@H](C)CO)C(=O)c2cc(ccc2O1)NC(=O)CCC(F)(F)F,0,0.312523,0.027212,0.013141
C[C@@H]1CN([C@@H](C)CO)C(=O)c2cccc(c2O[C@H]1CN(C)Cc1ccc(cc1)-c1ccccc1)NS(=O)(=O)c1ccc(cc1)F,0,0.066678,0.026380,0.006834
C[C@@H]1CCCCO[C@H](CN(C)C(=O)Nc2c(noc2C)C)[C@H](C)CN([C@H](C)CO)C(=O)c2cc(ccc2O1)NC(=O)C1CCCCC1,0,0.041322,0.025172,0.002910
CCOC(=O)C[C@H]1CCCNC1,0,0.043557,0.026087,0.007840
CC(C)NC(=O)Nc1ccc2c(c1)C(=O)N(C[C@@H](C)[C@H](CN(C)S(=O)(=O)c1ccc(cc1)C)O2)[C@@H](C)CO,0,0.030861,0.025053,0.005593
COC(=O)C[C@@H]1C(C)(C)[C@H](OC(=O)C)[C@@H]2[C@@H](OC(=O)C)[C@]34O[C@@]2(O)[C@]1(C)[C@H]3CC[C@@]1(C)[C@@H](OC(=O)C=C14)c1ccoc1,0,0.024830,0.268928,0.100939
C[C@H]1[C@@H]2[C@@H](O)CC(=CC[C@H](OC(=O)C(=C)[C@@H]3CCC(=C)[C@@H]4C[C@H](O[C@@H]5O[C@H](COC(=O)CC(=O)O)[C@@H](O)[C@H](O)[C@H]5O)C(=C)[C@@H]4C3)/C(=C/[C@H]2OC1=O)C)C,0,0.498926,0.780334,0.544044
C[C@@H]1CN([C@@H](C)CO)C(=O)c2cccc(c2O[C@H]1CN(C)C(=O)Nc1c(noc1C)C)NC(=O)C1CC1,0,0.062048,0.022294,0.005777
C[C@@H]1CN([C@@H](C)CO)C(=O)c2cc(ccc2O[C@@H]1CN(C)C(=O)Nc1ccc(cc1)F)NC(=O)Nc1ccc(cc1)C(F)(F)F,0,0.899335,0.548606,0.566505
OCC[C@H]1N(Cc2cc(nc(c21)-c1cccc(c1)-c1ccccc1F)C(=O)NCC(F)(F)F)C(=O)CC1CC1,0,0.414502,0.436704,0.330061
C[C@@H]1CN([C@@H](C)CO)C(=O)Cc2cc(ccc2O[C@H]1CN(C)S(=O)(=O)C)NS(=O)(=O)c1ccc(cc1)F,0,0.005677,0.024700,0.005521
COC[C@H]1C[C@H](N(C1)C(=O)[C@H](NC(=O)OC)c1ccccc1)c1nc(c[nH]1)-c1ccc-2c(c1)COc1cc3c(ccc4[nH]c(nc43)[C@@H]3CC[C@H](C)N3C(=O)[C@@H](NC(=O)OC)C(C)C)cc12,0,0.000002,0.137649,0.044785
C[C@H]1CN([C@@H](C)CO)C(=O)Cc2cc(ccc2O[C@@H]1CN(C)C(=O)Nc1cccc2ccccc12)NC(=O)Nc1ccccc1,0,0.007209,0.020801,0.003481
C[C@H]1CN([C@@H](C)CO)C(=O)c2cc(ccc2O[C@@H]1CN(C)S(=O)(=O)C)NC(=O)Nc1c(noc1C)C,0,0.022694,0.025389,0.005966
COCC#Cc1ccc(cc1)[C@H]1[C@@H](CO)N2[C@H]1CN(CC2=O)C(=O)c1ccncc1,0,0.096481,0.034355,0.005774
COc1ccc(cc1)NC(=O)N(C)C[C@@H]1OCCCC[C@@H](C)Oc2ccc(cc2C(=O)N(C[C@@H]1C)[C@H](C)CO)NS(=O)(=O)c1ccc(cc1)C,0,0.006183,0.023687,0.002828
C[C@@H]1CN([C@H](C)CO)C(=O)Cc2cc(ccc2O[C@@H]1CN(C)S(=O)(=O)c1ccc(cc1)F)NC(=O)Nc1cccc2ccccc12,0,0.011044,0.026091,0.003879
C[C@@H]1CN([C@H](C)CO)C(=O)c2cccc(c2O[C@H]1CN(C)C(=O)Nc1ccc(cc1)C(F)(F)F)NC(=O)C1CCCCC1,0,0.627722,0.794102,0.579190
CC(C)NC(=O)N(C)C[C@@H]1Oc2ccc(cc2CC(=O)N(C[C@H]1C)[C@H](C)CO)NC(=O)Cn1cnnn1,0,0.016735,0.024844,0.007898
C[C@@H]1CCCCO[C@H](CN(C)C(=O)Nc2ccc(cc2)F)[C@H](C)CN([C@H](C)CO)C(=O)c2cc(ccc2O1)NC(=O)c1ccccc1,0,0.016622,0.023634,0.003022
C[C@@H]1CN([C@@H](C)CO)C(=O)c2cccc(c2O[C@@H]1CN(C)C(=O)Nc1ccccc1)NC(=O)CCCCCC(=O)Nc1ccccc1N,0,0.013289,0.022028,0.004123
C[C@@H](NC=C1C(=O)OC(C)(C)OC1=O)C(=O)O,0,0.466204,0.131231,0.139203
C[C@H]1CCCCO[C@H](CN(C)C(=O)CCC(F)(F)F)[C@@H](C)CN([C@@H](C)CO)C(=O)c2cc(ccc2O1)NC(=O)Cc1ccccc1,0,0.022368,0.016412,0.007551
C[C@@H]1CCCCO[C@@H](CN(C)C(=O)Nc2ccccc2)[C@@H](C)CN([C@H](C)CO)C(=O)c2cc(ccc2O1)NS(=O)(=O)c1ccc(cc1)Cl,0,0.012613,0.024855,0.002694
COc1ccc(cc1)CN(C)C[C@H]1Oc2ccc(cc2C(=O)N(C[C@H]1C)[C@H](C)CO)NC(=O)Nc1cccc2ccccc12,0,0.016049,0.029654,0.008195
C[C@H]1CCCCO[C@H](CN(C)S(=O)(=O)c2ccccc2)[C@@H](C)CN([C@H](C)CO)C(=O)c2cc(ccc2O1)NC(=O)NC1CCCCC1,0,0.004491,0.023750,0.002894
C[C@@H]1CN([C@@H](C)CO)C(=O)c2cc(ccc2O[C@@H]1CN(C)S(=O)(=O)c1cn(cn1)C)NS(=O)(=O)c1ccc(cc1)Cl,0,0.025964,0.024501,0.004674
C[C@@H]1CN([C@@H](C)CO)C(=O)Cc2cc(ccc2O[C@H]1CN(C)S(=O)(=O)c1ccccc1)NS(=O)(=O)c1ccc(cc1)C,0,0.001648,0.023701,0.003734
CO[C@H](CN(C)S(=O)(=O)c1cn(cn1)C)[C@@H](C)CN([C@H](C)CO)C(=O)Nc1ccc(cc1)C(F)(F)F,1,0.763221,0.936917,0.987218
C[C@@H]1CCCCO[C@H](CN(C)CC2CCCCC2)[C@H](C)CN([C@@H](C)CO)C(=O)c2cc(ccc2O1)NC(=O)Nc1ccccc1,0,0.073651,0.029590,0.013025
C[C@@H]1CCCCO[C@@H](CN(C)C(=O)c2ccccc2)[C@H](C)CN([C@H](C)CO)C(=O)c2cc(ccc2O1)NC(=O)Nc1cccc2ccccc12,0,0.002567,0.021404,0.001934
C[C@@H]1CN([C@H](C)CO)C(=O)c2cccc(c2O[C@@H]1CN(C)Cc1ccc(cc1)C(=O)Nc1ccccc1N)NS(=O)(=O)C,0,0.015695,0.023599,0.004435
C[C@H]1CN([C@@H](C)CO)C(=O)c2cc(ccc2O[C@@H]1CN(C)Cc1ccc(cc1)-c1ccccc1)NS(=O)(=O)c1ccc(cc1)F,0,0.032727,0.026391,0.006861
C[C@@H]1CN([C@H](C)CO)C(=O)Cc2cc(ccc2O[C@H]1CN(C)C(=O)Nc1c(noc1C)C)NC(=O)CCN1CCOCC1,0,0.006694,0.025641,0.003671
C[C@@H]1CN([C@H](C)CO)C(=O)CCCn2cc(nn2)CO[C@@H]1CN(C)C(=O)Oc1ccc2ccccc2c1,0,0.145308,0.033214,0.014716
C[C@@H]1CN([C@H](C)CO)C(=O)c2c(c3ccccc3n2C)-c2ccccc2CO[C@@H]1CN(C)Cc1ccc2c(c1)OCCN2C,0,0.228927,0.032617,0.014241
COCCn1cc(cn1)N,0,0.032086,0.039660,0.024446
C[C@H]1CN([C@@H](C)CO)C(=O)c2cc(ccc2O[C@H]1CN(C)C(=O)Nc1ccc2c(c1)OCO2)NC(=O)Nc1ccc(cc1)C(F)(F)F,0,0.432714,0.058871,0.041180
C1CN[C@@H](CN1)c1cccs1,0,0.176459,0.026165,0.013713
COc1ccc(cc1)S(=O)(=O)Nc1ccc2c(c1)C(=O)N(C[C@H](C)[C@@H](CN(C)Cc1ccccc1)OCCCC[C@H](C)O2)[C@@H](C)CO,0,0.005343,0.025834,0.003777
COc1ccc(cc1)NC(=O)N(C)C[C@H]1OCCCC[C@H](C)Oc2ccc(cc2C(=O)N(C[C@@H]1C)[C@@H](C)CO)NC(=O)Nc1ccccc1,0,0.011313,0.021728,0.002616
C[C@H]1CN([C@H](C)CO)C(=O)c2cc(ccc2O[C@H]1CN(C)C(=O)Nc1cccc2ccccc12)NC(=O)Nc1ccccc1,0,0.008862,0.023116,0.005038
OC[C@H]1O[C@H](CC[C@H]1NC(=O)c1cccnc1)CC(=O)NCCN1CCCCC1,0,0.049883,0.025418,0.011426
C[C@@H]1CCCCO[C@H](CN(C)Cc2ccc3c(c2)OCO3)[C@H](C)CN([C@@H](C)CO)C(=O)c2cc(ccc2O1)NC(=O)c1ccccc1,0,0.002885,0.022336,0.003079
C[C@H]1CCCCO[C@@H](CN(C)S(=O)(=O)c2ccc(cc2)C)[C@@H](C)CN([C@@H](C)CO)C(=O)c2cc(ccc2O1)NC(=O)C1CCCCC1,0,0.005621,0.023672,0.003019
C[C@@H]1CN([C@@H](C)CO)C(=O)Cc2cc(ccc2O[C@@H]1CN(C)C(=O)Nc1cccc2ccccc12)NS(=O)(=O)c1ccc(cc1)C,0,0.002721,0.024537,0.003059
COc1ccccc1C(=O)Nc1ccc2c(c1)C(=O)N(C)[C@H]1CC[C@@H](CC(=O)NCCc3ccncc3)O[C@@H]1CO2,0,0.004647,0.027853,0.005963
C[C@H]1CN([C@H](C)CO)C(=O)c2cccc(c2O[C@@H]1CN(C)C(=O)Nc1ccc(cc1)C(F)(F)F)NC(=O)c1ccc(cc1)-c1nccs1,0,0.565704,0.053290,0.018581
COc1ccc(cc1)C(=O)Nc1ccc(cc1)CN1C(=O)[C@@]2(O[C@@H](CC(=O)N(CCO)Cc3ccccc3)[C@@H]([C@H]2C)[Si](C)(C)c2ccc(cc2)OC)c2ccccc21,0,0.002228,0.025994,0.009720
C[C@H]1CCCCO[C@H](CN(C)C(=O)NC2CCCCC2)[C@@H](C)CN([C@@H](C)CO)C(=O)c2cc(ccc2O1)NS(=O)(=O)c1ccc(cc1)C,0,0.009229,0.023740,0.003172
CN1[C@@H]2CC[C@@H](CC(=O)NCC(F)(F)F)O[C@H]2COc2ccc(cc2C1=O)NS(=O)(=O)c1ccc(cc1)F,0,0.125272,0.027647,0.012189
COC1=C(OC)C(=O)C(=C(C)C1=O)C/C=C(\C)CC/C=C(\C)CC/C=C(\C)CC/C=C(\C)CC/C=C(\C)CC/C=C(\C)CC/C=C(\C)CC/C=C(\C)CC/C=C(\C)CCC=C(C)C,0,0.999025,0.214772,0.097295
COC(=O)c1c(oc(c1C(=O)OC)C(=O)C)CC[C@@H](CO)NC(=O)N[C@@H](C)Cn1cc(nn1)-c1ccccn1,0,0.194297,0.450647,0.226219
COc1ccc(cc1)NC(=O)Nc1ccc2c(c1)C(=O)N(C[C@@H](C)[C@@H](CN(C)C(=O)CCC(F)(F)F)OCCCC[C@@H](C)O2)[C@@H](C)CO,0,0.049866,0.017833,0.005627
C[C@H]1CN([C@@H](C)CO)C(=O)c2cccc(c2O[C@H]1CN(C)C(=O)Nc1ccc(cc1)F)NC(=O)c1ccc(cc1)-c1nccs1,0,0.108861,0.024219,0.003966
OCCCC1=C[C@@H](N(Cc2cccc(c2)OC(F)(F)F)/C(=N\P(=O)(Oc2ccccc2)Oc2ccccc2)C1)c1ccc(cc1)CN1CCCC1,1,0.979521,0.606316,0.417825
COc1ccccc1O[C@@H](C)C(=O)NN,0,0.452746,0.081069,0.059124
NC(=N)NCCNc1ccc(cn1)C#N,0,0.019411,0.098006,0.063576
C[C@H]1CN([C@H](C)CO)C(=O)c2cc(cnc2O[C@@H]1CN(C)C(=O)Nc1ccc2c(c1)OCO2)-c1cncnc1,0,0.006286,0.022158,0.003696
COc1ccc(cc1)S(=O)(=O)N(C)C[C@@H]1Oc2ncc(cc2C(=O)N(C[C@@H]1C)[C@H](C)CO)C#CCN(C)C,0,0.036328,0.024876,0.005914
C[C@H]1CCCCO[C@H](CN(C)C(=O)c2ccccc2)[C@H](C)CN([C@H](C)CO)C(=O)c2cc(ccc2O1)NC(=O)Nc1ccc2c(c1)OCO2,0,0.001656,0.021360,0.001948
CCCCCOc1ccc(cc1)-c1ccc(cc1)-c1ccc(cc1)C(=O)N[C@H]1C[C@@H](O)[C@@H](O)NC(=O)[C@@H]2[C@@H](O)[C@@H](C)CN2C(=O)[C@@H](NC(=O)[C@@H](NC(=O)[C@@H]2C[C@@H](O)CN2C(=O)[C@@H](NC1=O)[C@@H](C)O)[C@H](O)[C@@H](O)c1ccc(cc1)O)[C@@H](C)O,0,0.796134,0.265933,0.056862
CCc1nc2c(cc(cn2c1N(C)c1nc(c(s1)C#N)-c1ccc(cc1)F)N1CCN(CC1)CC(=O)N1CC(O)C1)C,0,0.903087,0.064860,0.042884
C[C@H]1CN([C@@H](C)CO)C(=O)c2cccc(c2O[C@H]1CN(C)Cc1ccc(cc1)-c1ccccc1)NC(=O)Nc1c(noc1C)C,0,0.126800,0.028781,0.014379
COc1ccc(cc1)CN(C)C[C@H]1OCCCC[C@@H](C)Oc2ccc(cc2C(=O)N(C[C@H]1C)[C@H](C)CO)NC(=O)c1ccncc1,0,0.008100,0.023696,0.002574
C[C@H]1[C@@H]2[C@H](C[C@](C)(O)C3=C[C@@H](O)[C@@](C)(O)[C@@H]3[C@H]2OC1=O)OC(=O)C,0,0.002376,0.660761,0.515461
Cc1cc(NS(=O)(=O)c2ccc(N)cc2)no1,0,0.090834,0.061940,0.009970
C[C@H]1CN([C@H](C)CO)C(=O)c2cccc(c2O[C@@H]1CN(C)S(=O)(=O)c1ccc(cc1)C)NS(=O)(=O)C,0,0.019888,0.024504,0.006232
C[C@@H]1CCCCO[C@@H](CN(C)Cc2ccc(cc2)F)[C@H](C)CN([C@@H](C)CO)C(=O)c2cc(ccc2O1)NC(=O)Nc1ccccc1,0,0.029999,0.023878,0.004098
C[C@@H]1CCCCO[C@@H](CN(C)C(=O)CCC(F)(F)F)[C@H](C)CN([C@@H](C)CO)C(=O)c2cc(ccc2O1)NC(=O)CCC(F)(F)F,0,0.091072,0.207464,0.084694
C[C@@H]1CN([C@@H](C)CO)C(=O)CCCn2cc(nn2)CO[C@@H]1CN(C)S(=O)(=O)c1cn(cn1)C,0,0.014529,0.025123,0.006201
C[C@H]1CN([C@H](C)CO)C(=O)c2cc(ccc2O[C@H]1CN(C)S(=O)(=O)c1ccc(cc1)F)NC(=O)CCN1CCOCC1,0,0.009218,0.024120,0.003755
C[C@@H]1CN([C@@H](C)CO)C(=O)Cc2cc(ccc2O[C@@H]1CN(C)S(=O)(=O)c1ccc(cc1)Cl)NC(=O)CCCN(C)C,0,0.018566,0.025002,0.005359
CC(C)NC(=O)Nc1ccc2c(c1)C(=O)N(C[C@H](C)[C@@H](CN(C)C(=O)Nc1ccc3c(c1)OCO3)O2)[C@H](C)CO,0,0.011973,0.023564,0.005114
COc1ccccc1C#Cc1cnc2c(c1)C(=O)N(C[C@@H](C)[C@@H](CN(C)C(=O)CC1CC1)O2)[C@@H](C)CO,0,0.028051,0.024632,0.005241
CSc1nc2ccc(cc2s1)N,0,0.109520,0.104773,0.040274
C[C@H]1CCCCO[C@@H](CN(C)CC2CCCCC2)[C@H](C)CN([C@@H](C)CO)C(=O)c2cc(ccc2O1)NC(=O)Cc1ccccc1,0,0.028404,0.025382,0.009387
CC(=C[C@H]1[C@@H](c2nc3ccc(cc3[nH]2)Br)C1(C)C)C,0,0.912468,0.300339,0.105967
C[C@H]1CN([C@@H](C)CO)C(=O)Cc2cc(ccc2O[C@H]1CN(C)Cc1ccc(cc1)C(F)(F)F)NC(=O)Nc1ccc(cc1)C(F)(F)F,0,0.683490,0.031248,0.012440
O=C(CO)C(O)C(O)C(O)CO,0,0.001393,0.093769,0.016030
C[C@@H]1CCCCO[C@H](CN(C)Cc2ccc3c(c2)OCO3)[C@@H](C)CN([C@H](C)CO)C(=O)c2cc(ccc2O1)NC(=O)Nc1cccc2ccccc12,0,0.009004,0.024851,0.003350
COC1=C(C[C@@H](C)O)c2c3c4c(c(cc5c4c4c(cc(c(c24)C1=O)O)OCO5)O)C(=O)C(=C3C[C@@H](C)O)OC,0,0.991332,0.499704,0.157437
Cc1ccccc1S(=O)(=O)N1C[C@H](O)COC[C@@H]2O[C@@H](CC[C@H]21)CC(=O)NCCc1ccncc1,0,0.101780,0.055205,0.009314
CO[C@@H]1CN(C)C(=O)c2ccc(cc2OC[C@@H](C)N(C[C@H]1C)Cc1cccc(c1)OC)NS(=O)(=O)c1cn(cn1)C,0,0.027830,0.023193,0.004208
[O-][n+]1onc-2c1CCc1c2nn([n+]1[O-])-c1ccccc1,0,0.233915,0.287583,0.352580
C[C@H]1CN([C@H](C)CO)S(=O)(=O)c2ccc(cc2O[C@@H]1CN(C)S(=O)(=O)C)-c1ccc(cc1)F,0,0.014302,0.026668,0.007823
C[C@H]1CCCCO[C@H](CN(C)S(=O)(=O)c2ccccc2)[C@@H](C)CN([C@@H](C)CO)C(=O)c2cc(ccc2O1)NS(=O)(=O)C,0,0.001902,0.023702,0.003035
C[C@@H]1CCCCO[C@@H](CN(C)C(=O)Nc2ccccc2)[C@H](C)CN([C@H](C)CO)C(=O)c2cc(ccc2O1)NC(=O)c1ccncc1,0,0.003014,0.022234,0.002221
C[C@H]1CN([C@H](C)CO)C(=O)CCCn2nncc2CO[C@H]1CN(C)C(=O)CCCN(C)C,0,0.021591,0.021284,0.004404
C[C@H]1CCCCO[C@H](CN(C)C(=O)Nc2ccc(cc2)C(F)(F)F)[C@@H](C)CN([C@H](C)CO)C(=O)c2cc(ccc2O1)NS(=O)(=O)c1cccs1,0,0.083276,0.037617,0.009996
C[C@@H]1CCCCO[C@H](CN(C)S(=O)(=O)c2cn(cn2)C)[C@@H](C)CN([C@H](C)CO)C(=O)c2cc(ccc2O1)NS(=O)(=O)c1ccccc1,0,0.001695,0.023866,0.002510
COC(=O)C[C@H]1CC[C@H]2[C@@H](COC[C@H](O)CN2S(=O)(=O)c2cn(cn2)C)O1,0,0.058284,0.045757,0.018228
C[C@@H]1CN([C@H](C)CO)C(=O)c2cccc(c2O[C@H]1CN(C)Cc1ccc(cc1)Oc1ccccc1)NC(=O)NC1CCCCC1,0,0.020028,0.028589,0.012640
C[C@H]1NC(=O)[C@H](CSSC[C@H](NC(=O)[C@H](Cc2c[nH]c3ccccc23)NC(=O)[C@H](CCCNC(=N)N)NC(=O)[C@@H](Cc2ccccc2)NC(=O)[C@H](Cc2cnc[nH]2)NC1=O)C(=O)N)NC(=O)[C@H](CCCNC(=N)N)NC(=O)C,0,0.959874,0.556975,0.149978
COc1ccccc1NC(=O)N(C)C[C@@H]1Oc2ncc(cc2C(=O)N(C[C@H]1C)[C@@H](C)CO)Br,0,0.039843,0.023777,0.012370
COc1ccc(cc1)NC(=O)Nc1ccc2c(c1)C(=O)N(C[C@@H](C)[C@H](CN(C)CC1CCCCC1)OCCCC[C@@H](C)O2)[C@@H](C)CO,0,0.073460,0.027359,0.005783
C[C@@H]1CN([C@@H](C)CO)C(=O)Cc2cc(ccc2O[C@@H]1CN(C)Cc1ccc(cc1)-c1ccccc1)NC(=O)Nc1ccccc1,0,0.054835,0.021682,0.006255
COc1ccc2c3c([nH]c2c1)[C@H](CO)N(C[C@]13CCN(CC1)Cc1cc(on1)-c1ccccc1)C(=O)Nc1ccc(cc1)F,0,0.176134,0.075879,0.032809
CC[C@H](C)[C@H](N)C1=N[C@@H](CS1)C(=O)N[C@@H](CC(C)C)C(=O)N[C@H](CCC(=O)O)C(=O)N[C@@H]([C@@H](C)CC)C(=O)N[C@H]1CCCCNC(=O)[C@H](CC(=O)N)NC(=O)[C@@H](CC(=O)O)NC(=O)[C@H](Cc2cnc[nH]2)NC(=O)[C@@H](Cc2ccccc2)NC(=O)[C@@H](NC(=O)[C@@H](CCCN)NC1=O)[C@@H](C)CC,1,0.877907,0.639219,0.221085
O=C(NC1CC1)C1=NNC(=O)c2ccccc21,0,0.095599,0.083507,0.101847
C[C@H]1CN([C@@H](C)CO)C(=O)c2cccc(c2O[C@H]1CN(C)CC1CC1)NS(=O)(=O)c1cccs1,0,0.013639,0.024318,0.005413
COc1ccc(c(c1)OC)[C@H]1C/C=C\C[C@H](NC(=O)[C@@H](CC(=O)N1)c1ccccc1)c1cccc(c1)Cl,0,0.602760,0.142678,0.187503
C[C@H]1CCCCO[C@@H](CN(C)S(=O)(=O)c2cccs2)[C@@H](C)CN([C@H](C)CO)C(=O)c2cc(ccc2O1)NC(=O)Nc1ccc(cc1)C(F)(F)F,0,0.067340,0.030594,0.007500
CC(C)NC(=O)N(C)C[C@H]1Oc2ccc(cc2C(=O)N(C[C@H]1C)[C@H](C)CO)NC(=O)C1CCCCC1,0,0.014462,0.031752,0.007312
C[C@@H]1CCCCO[C@H](CN(C)S(=O)(=O)c2cn(cn2)C)[C@H](C)CN([C@@H](C)CO)C(=O)c2cc(ccc2O1)NS(=O)(=O)c1ccccc1,0,0.001695,0.023866,0.002510
C[C@H]1CN([C@H](C)CO)C(=O)c2cccc(c2O[C@@H]1CN(C)C(=O)Nc1ccccc1)NC(=O)C1CCOCC1,0,0.023938,0.022334,0.005249
C[C@@H]1CCCCO[C@@H](CN(C)Cc2ccc(cc2)C(=O)O)[C@@H](C)CN([C@H](C)CO)C(=O)c2cc(ccc2O1)NC(=O)Nc1cccc2ccccc12,0,0.039803,0.023352,0.004042
C[C@H]1CCCCO[C@H](CN(C)Cc2ccccc2)[C@@H](C)CN([C@@H](C)CO)C(=O)c2cc(ccc2O1)NS(=O)(=O)c1ccc(cc1)C,0,0.006629,0.024791,0.004809
OCc1ccc2c(c1)N(Cc1ccccc1)C(=O)[C@]1(CC(=O)N(C3CCCCC3)[C@H]21)c1ccc(cc1)[N+](=O)[O-],0,0.106972,0.140836,0.190498
O[C@@H]1COC[C@H]2O[C@@H](CC[C@@H]2N(C1)C(=O)Nc1ccc2c(c1)OCO2)CC(=O)N1CCN(CC1)c1ccccc1,0,0.078193,0.063514,0.032994
C[C@@H]1CN([C@H](C)CO)C(=O)CCCn2cc(nn2)CO[C@@H]1CN(C)C(=O)c1cc(on1)-c1ccccc1,0,0.018759,0.021518,0.004476
CN(/N=C/c1ccncc1)C1=NCCN1,0,0.002442,0.114518,0.049277
C[C@H]1CN([C@@H](C)CO)C(=O)c2cc(cnc2O[C@@H]1CN(C)S(=O)(=O)c1cn(cn1)C)C1=CCCCC1,0,0.004859,0.025957,0.008016
C[C@H]1CN([C@H](C)CO)C(=O)c2cc(cnc2O[C@@H]1CN(C)Cc1ccc(cc1)F)C#Cc1cccnc1,0,0.046963,0.027195,0.006763
C[C@H]1CN([C@@H](C)CO)C(=O)Cc2cc(ccc2O[C@@H]1CN(C)C(=O)NC1CCCCC1)NC(=O)Cn1cnnn1,0,0.013639,0.031052,0.006659
C[C@H]1CN([C@H](C)CO)C(=O)CCCn2nncc2CO[C@H]1CN(C)C(=O)Oc1ccc2ccccc2c1,0,0.192777,0.034288,0.022435
C[C@H]1CCCCO[C@H](CN(C)S(=O)(=O)c2ccc(cc2)Cl)[C@@H](C)CN([C@H](C)CO)C(=O)c2cc(ccc2O1)NS(=O)(=O)c1ccccc1,0,0.004092,0.024833,0.002901
C[C@H]1CN([C@@H](C)CO)C(=O)CCCn2cc(nn2)CO[C@@H]1CN(C)S(=O)(=O)c1c(noc1C)C,0,0.012481,0.024035,0.005725
CN(C)[C@H]1CCN(C1)Cc1ccc(cc1C(F)(F)F)C(=O)Nc1ccc(c(c1)Nc1nccc(n1)-c1cncnc1)C,0,0.952366,0.540795,0.224939
COc1ccc(cc1)S(=O)(=O)N(C)C[C@H]1Oc2ccc(cc2C(=O)N(C[C@@H]1C)[C@H](C)CO)NS(=O)(=O)c1c(noc1C)C,0,0.009383,0.026535,0.004721
COc1ccc(cc1)CNC(=O)C[C@@H]1C[C@H]2[C@H](Oc3ccc(cc32)NS(=O)(=O)c2ccc(cc2)F)[C@H](CO)O1,0,0.034803,0.027405,0.009922
C[C@@H]1CN([C@H](C)CO)C(=O)c2cccc(c2O[C@H]1CN(C)Cc1ccccc1)NC(=O)c1cnccn1,0,0.025580,0.029621,0.010515
Nc1ccccc1C(=O)c1nnc(s1)N,0,0.956278,0.108756,0.093756
OCC(O)C(O)C(O)CO,0,0.000880,0.110946,0.022644
COC(=O)[C@H](Cc1ccccc1)N1CC(=C[C@@H]1[C@@H](O)CCn1cc(nn1)-c1ccc(s1)C(=O)NO)/C=C/C1CC1,0,0.358501,0.052092,0.053436
C[C@@H]1CN([C@@H](C)CO)C(=O)c2cc(ccc2O[C@H]1CN(C)C(=O)Nc1ccc(cc1)F)NC(=O)CCCN(C)C,0,0.126697,0.027434,0.011705
C[C@H]1CN([C@@H](C)CO)C(=O)Cc2cc(ccc2O[C@H]1CN(C)C(=O)Nc1c(noc1C)C)NS(=O)(=O)c1c(noc1C)C,0,0.020637,0.024708,0.004141
CCN(CC)CCS(=O)(=O)[C@@H]1CCN2[C@H]1C(=O)O[C@@H](C(C)C)[C@H](C)/C=C/C(=O)NC/C=C\C(=C\[C@@H](O)CC(=O)Cc1nc(co1)C2=O)C,1,0.000305,0.463413,0.148968
C[C@H]1CN([C@@H](C)CO)C(=O)Cc2cc(ccc2O[C@H]1CN(C)S(=O)(=O)c1ccc(cc1)C)NS(=O)(=O)c1c(noc1C)C,0,0.004586,0.024136,0.004223
CC(C)NC(=O)Nc1ccc2c(c1)C(=O)N(C[C@@H](C)[C@H](CN(C)Cc1ccc(cc1)Oc1ccccc1)O2)[C@H](C)CO,0,0.015925,0.031611,0.017300
COc1c(-c2coc3cc4c(cc3c2=O)CC(O)C(C)(C)O4)ccc2c1C=CC(C)(C)O2,0,0.063482,0.154365,0.097404
Cc1ccc(cc1)C1=CNC(=S)N1,0,0.900796,0.203381,0.142577
C[C@H]1CN([C@H](C)CO)C(=O)c2cc(ccc2O[C@H]1CN(C)Cc1ccncc1)NS(=O)(=O)c1ccccc1,0,0.002797,0.024429,0.004008
C[C@@H]1CCCCO[C@H](CN(C)S(=O)(=O)c2ccc(cc2)F)[C@@H](C)CN([C@@H](C)CO)C(=O)c2cc(ccc2O1)NS(=O)(=O)c1ccc(cc1)Cl,0,0.020152,0.025859,0.003442
COc1ccc(cc1)NC(=O)Nc1cccc2c1O[C@@H](CN(C)Cc1ccc(cc1)C(F)(F)F)[C@@H](C)CN([C@H](C)CO)C2=O,0,0.505287,0.120958,0.052243
COc1ccc(cc1)S(=O)(=O)N(C)C[C@H]1OCCCC[C@@H](C)Oc2ccc(cc2C(=O)N(C[C@@H]1C)[C@@H](C)CO)NC(=O)c1ccccc1,0,0.001312,0.023713,0.002468
OC[C@@H]1[C@@H]([C@H]2CN(CC(=O)N12)S(=O)(=O)Cc1ccccc1)c1ccc(cc1)C#Cc1ccc(cc1)F,0,0.083869,0.037732,0.025395
COc1ccc(c(c1)OC)NC(=O)N(C)C[C@H]1OCc2cnnn2CCCC(=O)N(C[C@@H]1C)[C@@H](C)CO,0,0.113082,0.037188,0.005868
CNC(=O)C[C@@H]1CC[C@H]2[C@@H](COc3ccc(cc3C(=O)N2C)NC(=O)c2ccc(cc2)C(F)(F)F)O1,0,0.318855,0.345798,0.224423
COc1ccc(cc1)[Si](C)(C)[C@H]1[C@H](C)[C@]2(O[C@@H]1CCO)C(=O)N(Cc1ccc(cc1)N1C(=O)c3ccccc3Oc3ccccc31)c1ccccc12,0,0.004057,0.057103,0.017020
C[C@H]1CN([C@H](C)CO)C(=O)c2c(c3ccccc3n2C)-c2ccccc2CO[C@@H]1CN(C)C(=O)CCC(F)(F)F,0,0.268914,0.089898,0.083758
C[C@@H]1CCCCO[C@@H](CN(C)C(=O)Nc2ccccc2)[C@H](C)CN([C@@H](C)CO)C(=O)c2cc(ccc2O1)NC(=O)c1ccccc1,0,0.001649,0.021795,0.002305
CN(C)CC(=O)N1[C@H](CO)[C@@H](c2ccc(cc2)C2=CCCC2)C21CN(C2)S(=O)(=O)Cc1ccccc1,0,0.385196,0.039044,0.032931
C[C@@H]1CN([C@@H](C)CO)C(=O)c2cc(ccc2O[C@H]1CN(C)C(=O)NC1CCCCC1)NS(=O)(=O)c1cn(cn1)C,0,0.053710,0.025129,0.003747
C[C@@H]1CN([C@H](C)CO)C(=O)Cc2cc(ccc2O[C@H]1CN(C)C(=O)Nc1cccc2ccccc12)NC(=O)Cc1cn(c2ccccc12)C,0,0.006207,0.024903,0.002637
NSC(=S)N1CCCC1,0,0.048103,0.063442,0.058536
COc1ccccc1OCC(O)CO,0,0.125943,0.074977,0.040682
C[C@H]1CN([C@H](C)CO)C(=O)CCCn2cc(nn2)CO[C@@H]1CN(C)S(=O)(=O)c1ccc(cc1)-c1ccccc1,0,0.015289,0.024795,0.005474
C[C@H]1CCCCO[C@H](CN(C)S(=O)(=O)c2ccc(cc2)F)[C@@H](C)CN([C@H](C)CO)C(=O)c2cc(ccc2O1)NC(=O)NC1CCCCC1,0,0.020517,0.023901,0.003275
C[C@@H]1CCCCO[C@H](CN(C)C(=O)Nc2ccc(cc2)F)[C@H](C)CN([C@@H](C)CO)C(=O)c2cc(ccc2O1)NC(=O)c1ccncc1,0,0.018997,0.024491,0.002901
C[C@H]1CN([C@H](C)CO)C(=O)c2cccc(c2O[C@H]1CN(C)Cc1ccc2c(c1)OCO2)NC(=O)C1CC1,0,0.011490,0.027548,0.006310
C[C@H]1CCCCO[C@H](CN(C)C(=O)Nc2ccc(cc2)F)[C@@H](C)CN([C@H](C)CO)C(=O)c2cc(ccc2O1)NS(=O)(=O)c1cccs1,0,0.016161,0.024338,0.002651
Cc1c(C(=O)O)c(O)cc2c1C(=O)c1c(O)c(C3OC(CO)C(O)C(O)C3O)c(O)c(O)c1C2=O,0,0.910017,0.559894,0.199003
C[C@H]1CCCCO[C@H](CN(C)S(=O)(=O)c2ccccc2)[C@@H](C)CN([C@@H](C)CO)C(=O)c2cc(ccc2O1)NC(=O)Nc1ccccc1,0,0.002958,0.023732,0.002390
COc1ccc(cc1)NC(=O)N(C)C[C@H]1Oc2ccc(cc2C(=O)N(C[C@H]1C)[C@@H](C)CO)NC(=O)C1CC1,0,0.024927,0.022238,0.006645
COc1ccc(cc1)NC(=O)Nc1ccc2c(c1)C(=O)N(C[C@@H](C)[C@@H](CN(C)Cc1ccccc1)OCCCC[C@@H](C)O2)[C@H](C)CO,0,0.016368,0.027188,0.003691
O[C@H]1COC[C@H]2O[C@H](CC[C@@H]2N(C1)C(=O)Nc1ccc(cc1)C(F)(F)F)CC(=O)NCCc1ccncc1,1,0.941261,0.929704,0.965330
COc1ccc(cc1)NC(=O)N(C)C[C@H]1OCCCC[C@@H](C)Oc2ccc(cc2C(=O)N(C[C@@H]1C)[C@H](C)CO)NC(=O)Cc1ccccc1,0,0.004911,0.021277,0.002389
COC(=O)[C@@H](Cc1ccc(cc1)-n1cc(nn1)COc1ccccc1/C=C(C)/C=C/C(=O)NO)N1CC2=CCCC=C[C@@H]2[C@H]1[C@H](O)Cc1ccccc1,0,0.503147,0.024069,0.014729
C[C@@H]1CN([C@@H](C)CO)C(=O)c2cc(ccc2O[C@@H]1CN(C)S(=O)(=O)C)NS(=O)(=O)c1cccs1,0,0.003824,0.025353,0.005503
C[C@@H]1CCCCO[C@@H](CN(C)C(=O)NC2CCCCC2)[C@H](C)CN([C@@H](C)CO)C(=O)c2cc(ccc2O1)NC(=O)Nc1ccccc1,0,0.010308,0.022100,0.003012
OC[C@H]1O[C@@H](C[C@H]2[C@@H]1Oc1ccc(cc12)NC(=O)NC1CCCC1)CC(=O)NCc1ccc2c(c1)OCO2,0,0.029011,0.030072,0.012191
COc1ccc(cc1)NC(=O)N(C)C[C@@H]1OCCCC[C@@H](C)Oc2ccc(cc2C(=O)N(C[C@@H]1C)[C@H](C)CO)NC(=O)Nc1ccccc1,0,0.011313,0.021728,0.002616
C[C@H](NC(=O)C[C@H]1CC[C@H](NC(=O)CN2CCOCC2)[C@@H](CO)O1)c1ccccc1,0,0.021430,0.023592,0.012829
COc1ccc(cc1)[Si](C)(C)[C@H]1[C@H](C)[C@]2(O[C@@H]1CCn1cc(nn1)[C@H](O)c1ccccc1)C(=O)N(Cc1cccc(c1)N1CCOC1=O)c1ccccc12,0,0.411341,0.057305,0.010081
C[C@H]1CCCCO[C@@H](CN(C)Cc2ccc3c(c2)OCO3)[C@H](C)CN([C@@H](C)CO)C(=O)c2cc(ccc2O1)NC(=O)CCC(F)(F)F,0,0.083873,0.016125,0.006411
O[C@H]1COC[C@H]2O[C@@H](CC[C@@H]2N(C1)S(=O)(=O)c1ccccc1F)CC(=O)NCc1ccc(c(c1)Cl)Cl,0,0.869575,0.055510,0.037768
C[C@@H]1CCCCO[C@H](CN(C)C(=O)Nc2c(noc2C)C)[C@H](C)CN([C@@H](C)CO)C(=O)c2cc(ccc2O1)NS(=O)(=O)c1ccc(cc1)C,0,0.015444,0.024370,0.002471
C[C@H]1CN([C@H](C)CO)C(=O)CCCn2nncc2CO[C@H]1CN(C)S(=O)(=O)c1cn(cn1)C,0,0.020537,0.025158,0.007945
CCOC(=O)c1c(oc(c1C(=O)N)N)C,0,0.007720,0.096200,0.046322
C[C@@H]1CN([C@@H](C)CO)C(=O)Cc2cc(ccc2O[C@@H]1CN(C)C(=O)Nc1cccc2ccccc12)NC(=O)Nc1c(noc1C)C,0,0.015554,0.021791,0.003804
C[C@H]1CCCCO[C@H](CN(C)Cc2ccc(cc2)C(F)(F)F)[C@@H](C)CN([C@@H](C)CO)C(=O)c2cc(ccc2O1)NS(=O)(=O)C,0,0.114372,0.026044,0.005527
CC(C)NC(=O)Nc1ccc2c(c1)C(=O)N(C)[C@@H]1CC[C@H](CC(=O)NCc3ccc(cc3)F)O[C@H]1CO2,0,0.045078,0.029277,0.012132
CNC[C@H](O)c1ccc(c(c1)O)O,0,0.772594,0.218178,0.096723
O=C1CC2(CCCC2)CC(=O)N1,0,0.347366,0.068781,0.057394
C[C@H]1CN([C@@H](C)CO)C(=O)c2cc(cnc2O[C@@H]1CN(C)S(=O)(=O)c1ccccc1)C#Cc1ccccc1F,0,0.022841,0.028541,0.005092
Cc1ccc2c(c1)C(=O)C[C@H](O2)c1ccc(cc1Cl)Cl,0,0.928887,0.753949,0.667920
Fc1ccc(cc1)/C=C/CN(CCNS(=O)(=O)c1cccc2cnccc12)C/C=C/c1ccc(cc1)F,0,0.304422,0.088265,0.023421
CNC[C@H]1OCCCC[C@@H](C)Oc2ccc(cc2C(=O)N(C[C@@H]1C)[C@H](C)CO)NC(=O)Nc1ccc(cc1)C(F)(F)F,0,0.701576,0.908243,0.930058
C[C@@H]1CN([C@H](C)CO)C(=O)c2cc(cnc2O[C@@H]1CN(C)S(=O)(=O)c1ccc(cc1)C)C#CC1(O)CCCC1,0,0.014125,0.023550,0.003948
COc1ccc(cc1)CN(C)C[C@@H]1OCCCC[C@H](C)Oc2ccc(cc2C(=O)N(C[C@@H]1C)[C@H](C)CO)NS(=O)(=O)c1ccccc1,0,0.004687,0.024135,0.002987
CN1C(=O)[C@@H]2[C@H]3C=C(CCCO)[C@@H]([C@H]2C1=O)[C@@H](N3Cc1sc2ccccc2c1Cl)c1ccc(cc1)CN1CCCC1,0,0.476105,0.088633,0.056797
CC(C)C[C@H](N(C)C(=O)Cc1ccc(cc1)NC(=O)Nc1ccccc1C)C(=O)NCC[C@H](NC(=O)[C@@H]1CCCN1S(=O)(=O)c1cc(cc(c1)Cl)Cl)C(=O)O,0,0.907799,0.076918,0.044625
C[C@H]1CN([C@@H](C)CO)C(=O)Cc2cc(ccc2O[C@H]1CN(C)Cc1ccc(cc1)Oc1ccccc1)NS(=O)(=O)c1cccs1,0,0.000717,0.023940,0.003290
C[C@H]1CCCCO[C@@H](CN(C)C(=O)NC2CCCCC2)[C@H](C)CN([C@H](C)CO)C(=O)c2cc(ccc2O1)NC(=O)C1CCCCC1,0,0.017203,0.027194,0.004194
C[C@@H]1CN([C@H](C)CO)C(=O)Cc2cc(ccc2O[C@@H]1CN(C)S(=O)(=O)c1cn(cn1)C)NC(=O)Nc1c(noc1C)C,0,0.018653,0.024424,0.003740
C[C@@H]1CCCCO[C@@H](CN(C)C(=O)Nc2ccc(cc2)F)[C@@H](C)CN([C@H](C)CO)C(=O)c2cc(ccc2O1)NC(=O)CCCCCC(=O)Nc1ccccc1N,0,0.020200,0.026636,0.003229
CN(C)[C@H]1[C@@H]2C[C@@H]3Cc4c(cc(c(c4C(=O)[C@H]3C(=O)[C@]2(O)C(=O)[C@H](C(=O)N)C1=O)O)NC(=O)CN1CCCC1)F,1,0.960850,0.802615,0.798575
COc1ccc2cc3[n+](cc2c1OC)CCc1cc2c(cc1-3)OCO2.[Cl-],0,0.506497,0.156073,0.068523
CCCNC(=O)N1C[C@@H](O)COC[C@H]2O[C@H](CC[C@@H]21)CC(=O)N1CCOCC1,0,0.091739,0.064417,0.026143
CN1[C@@H]2CC[C@H](CC(=O)N3CCOCC3)O[C@H]2COc2ccc(cc2C1=O)NC(=O)c1ccc(c(c1)F)F,0,0.023736,0.246755,0.110712
C[C@@H]1CN([C@H](C)CO)C(=O)c2cccc(c2O[C@H]1CN(C)S(=O)(=O)c1ccc(cc1)F)NS(=O)(=O)c1ccc(cc1)F,0,0.047490,0.030507,0.006881
O[C@@H]1COC[C@H]2O[C@H](CC[C@@H]2N(C1)S(=O)(=O)c1ccc(cc1)F)CC(=O)O,0,0.473642,0.058200,0.025009
C[C@@H]1CN([C@@H](C)CO)C(=O)c2cccc(c2O[C@@H]1CN(C)S(=O)(=O)C)N(C)C,0,0.007305,0.028212,0.007197
CC(C)NC(=O)Nc1cccc2c1O[C@H](CN(C)C(=O)Nc1c(noc1C)C)[C@@H](C)CN([C@@H](C)CO)C2=O,0,0.103343,0.026409,0.011661
CCOc1cc(NC(C)=O)ccc1C(=O)OC,0,0.035724,0.122198,0.077782
C[C@H]1CN([C@H](C)CO)C(=O)CCCn2cc(nn2)CO[C@@H]1CN(C)C(=O)Nc1ccnc(c1)N1CCOCC1,0,0.019420,0.024394,0.005677
OC(=O)[C@@H]1[C@@H]2O[C@]3(C=C2)[C@H]2OCCCN2C(=O)C13,0,0.042562,0.217820,0.094139
CCOC(=O)N(C)C[C@H]1OCc2cn(nn2)CCCC(=O)N(C[C@H]1C)[C@@H](C)CO,0,0.034909,0.027364,0.005141
C[C@@H]1CN([C@H](C)CO)C(=O)Cc2cc(ccc2O[C@@H]1CN(C)S(=O)(=O)c1cn(cn1)C)NC(=O)CCN1CCOCC1,0,0.001905,0.023299,0.003335
NC1(CC1)c1ccc(cc1)Cl,0,0.769504,0.107750,0.055696
C[C@H]1CCCCO[C@H](CN(C)Cc2ccncc2)[C@@H](C)CN([C@@H](C)CO)C(=O)c2cc(ccc2O1)NC(=O)NC1CCCCC1,0,0.024644,0.024062,0.002985
C[C@H]1CN([C@H](C)CO)C(=O)c2cc(ccc2O[C@H]1CN(C)S(=O)(=O)c1cn(cn1)C)NS(=O)(=O)c1c(noc1C)C,0,0.012208,0.027459,0.005007
C[C@@H]1CCCCO[C@@H](CN(C)Cc2ccncc2)[C@@H](C)CN([C@@H](C)CO)C(=O)c2cc(ccc2O1)NC(=O)Nc1ccc(cc1)F,0,0.074307,0.029766,0.005449
C[C@H]1CCCCO[C@H](CN(C)S(=O)(=O)c2cn(cn2)C)[C@@H](C)CN([C@H](C)CO)C(=O)c2cc(ccc2O1)N(C)C,0,0.023175,0.023674,0.004814
CC(C)Oc1cccc(c1)N1C(=Nc2ccccc2C1=O)CCc1c[nH]c2ccc(cc12)Br,0,0.778885,0.423044,0.274202
Oc1ccc(cc1)[C@@H]1N2[C@H]([C@H](C(=O)N3CCCCCCC3)[C@@]11C(=O)Nc3ccccc31)C(=O)O[C@H]([C@H]2c1ccccc1)c1ccccc1,0,0.179385,0.202558,0.131802
C[C@@H]1CN([C@@H](C)CO)C(=O)Cc2cc(ccc2O[C@H]1CN(C)Cc1ccc(cc1)C(=O)Nc1ccccc1N)NC(=O)Nc1ccc(cc1)F,0,0.043492,0.022553,0.002912
C[C@@H]1CCCCO[C@@H](CN(C)C(=O)CCC(F)(F)F)[C@H](C)CN([C@H](C)CO)C(=O)c2cc(ccc2O1)NC(=O)NC1CCCCC1,0,0.068929,0.136363,0.050281
C[C@H]1CCCCO[C@@H](CN(C)Cc2ccc3c(c2)OCO3)[C@H](C)CN([C@@H](C)CO)C(=O)c2cc(ccc2O1)NC(=O)Nc1ccc(cc1)C(F)(F)F,0,0.401806,0.026426,0.014829
C[C@H]1CCCCO[C@H](CN(C)Cc2ccc3c(c2)OCO3)[C@@H](C)CN([C@@H](C)CO)C(=O)c2cc(ccc2O1)NC(=O)Nc1ccccc1,0,0.013261,0.021948,0.003276
C[C@@H]1CN([C@@H](C)CO)C(=O)c2cc(ccc2O[C@@H]1CN(C)S(=O)(=O)c1ccc(cc1)Cl)NC(=O)Cn1cnnn1,0,0.055472,0.023802,0.004960
CN(c1ncccc1CNc1nc(ncc1C(F)(F)F)Nc1ccc2c(c1)CC(=O)N2)S(=O)(=O)C,0,0.062072,0.081381,0.032889
CCCNC(=O)C[C@@H]1CC[C@@H]2[C@H](COC[C@H](O)CN2S(=O)(=O)c2ccc(cc2)Oc2ccccc2)O1,0,0.086474,0.033009,0.010715
C[C@H]1CN([C@H](C)CO)C(=O)c2cccc(c2O[C@H]1CN(C)Cc1ccc(cc1)-c1ccccc1)NC(=O)c1ccncc1,0,0.016750,0.027523,0.008527
Cc1cc2c(cc1C)CSC(SC2)c1ccccc1,0,0.943710,0.190720,0.212552
COCCCNC(=O)[C@]1(Cc2ccccc2I)[C@@H](N(Cc2ccccc2OC)C(=O)c2ccccc21)c1ccc(cc1)CO,0,0.069390,0.064097,0.015112
CN(C)CCCC[C@@H]1NC(=O)[C@@H]2C[C@@H]([C@@H](N2C1=O)c1cccc(c1)OCCO)C(=O)OCCOc1ccc(cc1)[C@H]1N2[C@@H]([C@@H](C(=O)OCC=C)[C@]11C(=O)Nc3ccc(cc31)I)C(=O)O[C@@H]([C@@H]2c1ccccc1)c1ccccc1,0,0.140448,0.063317,0.009150
C[C@@H]1CN([C@@H](C)CO)C(=O)c2cccc(c2O[C@H]1CN(C)Cc1ccc(cc1)C(=O)Nc1ccccc1N)NC(=O)C1CCCCC1,0,0.016785,0.022973,0.005408
OCCNC(=S)NC1CCCC1,0,0.037677,0.053984,0.026807
C[C@@H]1CN([C@H](C)CO)S(=O)(=O)c2ccc(cc2O[C@H]1CN(C)C(=O)c1cnccn1)Br,0,0.137423,0.025483,0.006346
CSc1nc(cc(n1)NC(=O)N)C,0,0.247698,0.035570,0.025238
C[C@@H]1CN([C@H](C)CO)C(=O)Cc2cc(ccc2O[C@@H]1CN(C)Cc1ccc(cc1)Oc1ccccc1)NC(=O)CCCCCC(=O)Nc1ccccc1N,0,0.001616,0.023562,0.003377
COc1ccc(cc1)NC(=O)N(C)C[C@H]1Oc2cc(ccc2S(=O)(=O)N(C[C@H]1C)[C@H](C)CO)C#CCN(C)C,0,0.088289,0.026758,0.007101
C[C@@H]1CCCCO[C@H](CN(C)Cc2ccc(cc2)C(F)(F)F)[C@H](C)CN([C@@H](C)CO)C(=O)c2cc(ccc2O1)NC(=O)Nc1cccc2ccccc12,0,0.173571,0.018171,0.006136
COc1ccc(cc1)S(=O)(=O)N1C[C@H](O)COC[C@H]2O[C@@H](CC[C@@H]21)CC(=O)N[C@H]1CCN(C1)Cc1ccccc1,0,0.134426,0.024182,0.007477
NCCNc1ccc(c(c1)NCCO)[N+](=O)[O-],0,0.531631,0.195852,0.110318
NNC(=O)c1ccc(o1)CN1CCCCC1,0,0.036784,0.049514,0.020898
COC(=O)CCCCCCC(=O)Nc1ccc(cc1)[C@H]1C[C@@H](CSc2nc(c(o2)-c2ccccc2)-c2ccccc2)O[C@@H](O1)c1ccc(cc1)NC(=O)CCCCCCC(=O)OC,0,0.000002,0.065677,0.008119
O=C(NC(=O)c1c(F)cccc1F)Nc1ccc(Cl)cc1,0,0.983168,0.295758,0.305598
Cc1ccc(cc1)S(=O)(=O)N1C[C@@H](O)COC[C@H]2O[C@@H](CC[C@@H]21)CC(=O)NCc1ccccc1Cl,0,0.390824,0.040546,0.023731
C[N+](C)(C)C[C@H](O)CC(=O)O,0,0.010801,0.099322,0.020121
C[C@@H]1CCCCO[C@H](CN(C)Cc2ccc(cc2)C(=O)Nc2ccccc2N)[C@@H](C)CN([C@H](C)CO)C(=O)c2cc(ccc2O1)NS(=O)(=O)c1ccc(cc1)Cl,0,0.008269,0.024983,0.002795
C[C@H]1CCCCO[C@@H](CN(C)C(=O)Nc2c(noc2C)C)[C@@H](C)CN([C@H](C)CO)C(=O)c2cc(ccc2O1)NS(=O)(=O)c1ccccc1,0,0.006165,0.023835,0.002448
C[C@@H]1CCCCO[C@@H](CN(C)C(=O)Nc2cccc3ccccc23)[C@H](C)CN([C@@H](C)CO)C(=O)c2cc(ccc2O1)N(C)C,0,0.015548,0.025222,0.005718
CC[C@H]1OC(=O)C[C@@H](O)[C@H](C)[C@@H](O[C@@H]2O[C@H](C)[C@@H](O)[C@@H]([C@H]2O)N(C)C)[C@@H](CCN2C[C@H](C)C[C@H](C)C2)C[C@@H](C)C(=O)/C=C/C(=C/[C@@H]1CO[C@@H]1O[C@H](C)[C@@H](O)[C@@H](OC)[C@H]1OC)C,1,0.987411,0.926004,0.980749
OC[C@H]1O[C@@H](C[C@@H]2[C@H]1Oc1ccc(cc12)NS(=O)(=O)c1ccc(cc1)F)CC(=O)NCCc1ccccc1,0,0.022138,0.036417,0.010860
C[C@H]1CN([C@@H](C)CO)C(=O)c2cc(ccc2O[C@@H]1CN(C)S(=O)(=O)C)NS(=O)(=O)c1cn(cn1)C,0,0.017121,0.023740,0.005004
C[C@H]1CN([C@@H](C)CO)C(=O)c2cc(ccc2O[C@@H]1CN(C)S(=O)(=O)C)NC(=O)Nc1ccc(cc1)C(F)(F)F,0,0.291360,0.190572,0.076221
CCOC(=O)N(C)C[C@@H]1OCc2cnnn2CCCC(=O)N(C[C@@H]1C)[C@@H](C)CO,0,0.034081,0.025398,0.006330
COc1cccc(c1)-c1cn(nn1)CC[C@H]1CC[C@H](NC(=O)CN(C)C)[C@H](CO)O1,0,0.773810,0.033944,0.014394
C=CCSC1=NNC(=O)NC1=O,0,0.862372,0.249737,0.127084
C[C@H]1CN([C@H](C)CO)C(=O)CCCn2nncc2CO[C@@H]1CN(C)C(=O)Oc1ccc2ccccc2c1,0,0.192777,0.034288,0.022435
C[C@H]1CN([C@H](C)CO)C(=O)Cc2cc(ccc2O[C@@H]1CN(C)C(=O)Nc1ccc2c(c1)OCO2)NC(=O)Cn1cnnn1,0,0.005308,0.023880,0.002994
COCCOC(=O)N1C(=O)[C@@]2([C@H]([C@H]3N([C@@H]([C@@H](OC3=O)c3ccccc3)c3ccccc3)[C@H]2c2ccccc2OCCO)C(=O)Nc2nc3ccccc3s2)c2cc(ccc21)C#CCCO,0,0.595902,0.050749,0.014044
COCC#Cc1ccc2c(c1)O[C@@H](CN(C)C(=O)CN(C)C)[C@H](C)CN([C@H](C)CO)S2(=O)=O,0,0.234390,0.176545,0.013609
C[C@@H]1CN([C@@H](C)CO)C(=O)Cc2cc(ccc2O[C@@H]1CN(C)S(=O)(=O)c1c(noc1C)C)NC(=O)Nc1ccc2c(c1)OCO2,0,0.003688,0.024710,0.004243
C[C@@H]1CCCCO[C@@H](CN(C)Cc2ccc(cc2)C(=O)Nc2ccccc2N)[C@@H](C)CN([C@H](C)CO)C(=O)c2cc(ccc2O1)NC(=O)CCC(F)(F)F,0,0.094395,0.016716,0.003123
C[C@@H]1CN([C@H](C)CO)C(=O)Cc2cc(ccc2O[C@H]1CN(C)Cc1ccc(cc1)C(=O)Nc1ccccc1N)NC(=O)Nc1ccc(cc1)F,0,0.043492,0.022553,0.002912
CN1[C@@H]2CC[C@H](CC(=O)N[C@@H]3CCN(C3)Cc3ccccc3)O[C@@H]2COc2ccc(cc2C1=O)NC(=O)c1cnccn1,0,0.010774,0.032404,0.010123
C[C@@H]1CN([C@@H](C)CO)C(=O)c2cccc(c2O[C@@H]1CN(C)CC1CCCCC1)NC(=O)c1nc2ccccc2s1,0,0.013189,0.029158,0.011376
CN(C)CCCNC(=O)C[C@@H]1O[C@H](CO)[C@@H](NC(=O)Nc2c(noc2C)C)C=C1,0,0.552752,0.093975,0.031463
COc1ccc(cc1)NC(=O)Nc1ccc2c(c1)C(=O)N(C[C@@H](C)[C@H](CN(C)Cc1ccncc1)OCCCC[C@H](C)O2)[C@@H](C)CO,0,0.014527,0.027431,0.003368
C[C@@H]1CCCCO[C@H](CN(C)CC2CCCCC2)[C@H](C)CN([C@H](C)CO)C(=O)c2cc(ccc2O1)NC(=O)Nc1ccc2c(c1)OCO2,0,0.040914,0.024503,0.004760
C[C@@H]1CN([C@@H](C)CO)C(=O)c2cccc(c2O[C@H]1CN(C)S(=O)(=O)C)NC(=O)Nc1c(noc1C)C,0,0.036817,0.024988,0.005482
CN(C)CC(=O)N1CC2(C1)[C@@H]([C@H](CO)N2S(=O)(=O)C)c1ccccc1,0,0.083234,0.026463,0.020007
C[C@@H]1CN([C@H](C)CO)C(=O)Cc2cc(ccc2O[C@@H]1CN(C)S(=O)(=O)c1cccs1)NC(=O)Nc1cccc2ccccc12,0,0.002095,0.024075,0.003323
NCC[C@H]1CC[C@H](NC(=O)Cc2ccncc2)[C@H](CO)O1,0,0.048449,0.026590,0.015775
C[C@H]1CN([C@H](C)CO)C(=O)c2cccc(c2O[C@H]1CN(C)CC1CCCCC1)NC(=O)Nc1cccc2ccccc12,0,0.060056,0.040470,0.019845
CC(C)NC(=O)Nc1cccc2c1O[C@@H](CN(C)Cc1ccc3c(c1)OCO3)[C@@H](C)CN([C@H](C)CO)C2=O,0,0.019024,0.023872,0.008894
C[C@H]1CN([C@H](C)CO)S(=O)(=O)c2ccc(cc2O[C@H]1CN(C)C(=O)c1ccc2c(c1)OCO2)-c1cccnc1,0,0.002214,0.023807,0.002910
Nc1oncc1-c1ccc(cc1)Cl,0,0.918073,0.228516,0.106840
CCNc1nc(nc(n1)N(C)C)OCC=C,0,0.271336,0.052368,0.022961
CN1CCN(CC1)C(=O)C[C@H]1CC[C@@H]2[C@H](COC[C@@H](O)CN2C(=O)C2CCCC2)O1,0,0.587143,0.066128,0.026544
C[C@@H]1CN([C@@H](C)CO)S(=O)(=O)c2ccc(cc2O[C@H]1CN(C)C(=O)CN(C)C)C#CCC1CCCC1,0,0.228033,0.249293,0.016840
C[C@H]1CN([C@H](C)CO)C(=O)c2cc(ccc2O[C@H]1CN(C)Cc1ccc(cc1)Oc1ccccc1)NS(=O)(=O)c1ccc(cc1)F,0,0.005732,0.024550,0.005043
C[C@H]1CCCCO[C@H](CN(C)C(=O)CCC(F)(F)F)[C@@H](C)CN([C@H](C)CO)C(=O)c2cc(ccc2O1)NS(=O)(=O)c1ccc(cc1)C,0,0.019378,0.023579,0.003506
Cc1ccc(C2OC(CO)C(O)C(O)C2O)cc1Cc1ccc(-c2ccc(F)cc2)s1,0,0.447370,0.381305,0.348741
COc1ccc(cc1)NC(=O)Nc1ccc2c(c1)C(=O)N(C[C@H](C)[C@H](CN(C)Cc1ccncc1)OCCCC[C@H](C)O2)[C@H](C)CO,0,0.014527,0.027431,0.003368
S=C=Nc1cccc(c1)C1(CCCCC1)N1CCCCC1,0,0.687389,0.438149,0.326079
C[C@H]1CN([C@@H](C)CO)C(=O)Cc2cc(ccc2O[C@@H]1CN(C)Cc1ccc(cc1)Oc1ccccc1)NC(=O)CCC(F)(F)F,0,0.031951,0.021051,0.009613
Brc1ccc(cc1)CSc1c[nH]c2ccccc12,1,0.693895,0.232611,0.248083
FC(F)(F)c1cccc(c1)CN1CCC(CC1)C(=O)N[C@@H](c1ccc(cc1)-c1ccccc1)c1cnccn1,0,0.948818,0.739307,0.759278
N#CNC1=NCN(CCN2CCOCC2)CN1,0,0.000187,0.034226,0.015542
C[C@H]1CN([C@@H](C)CO)C(=O)c2cc(cnc2O[C@@H]1CN(C)Cc1cccc(c1)C(=O)O)C#CCN(C)C,0,0.274692,0.040138,0.021975
COc1ccc(cc1)NC(=O)N(C)C[C@H]1Oc2ccc(cc2C(=O)N(C[C@@H]1C)[C@H](C)CO)NC(=O)Nc1ccc(cc1)C(F)(F)F,0,0.656128,0.061162,0.037252
N[C@@H](CCCNC(=N)N[C@@H](CCC(=O)O)C(=O)O)C(=O)O,0,0.104624,0.053405,0.018311
C[C@@H]1CN([C@@H](C)CO)C(=O)c2cc(cnc2O[C@H]1CN(C)C(=O)C1CCCCC1)C#CC1(O)CCCC1,0,0.032475,0.076374,0.021759
C[C@H]1CCCCO[C@H](CN(C)Cc2ccc(c(c2)Cl)Cl)[C@@H](C)CN([C@H](C)CO)C(=O)c2cc(ccc2O1)NC(=O)CCC(F)(F)F,0,0.562656,0.032135,0.006723
C[C@H]1CN([C@H](C)CO)C(=O)c2cc(cnc2O[C@H]1CN(C)C(=O)Cc1ccccc1)C#CC1(O)CCCC1,0,0.011285,0.047804,0.017298
CO[C@H](C(=O)N(C)C[C@@H]1OCc2ccccc2-c2c(n(c3ccccc23)C)C(=O)N(C[C@H]1C)[C@H](C)CO)c1ccccc1,0,0.035844,0.029898,0.013217
C[C@H]1CCCCO[C@@H](CN(C)C(=O)Nc2c(noc2C)C)[C@@H](C)CN([C@@H](C)CO)C(=O)c2cc(ccc2O1)NC(=O)NC1CCCCC1,0,0.037351,0.021719,0.002985
C[C@@H]1CCCCO[C@@H](CN(C)S(=O)(=O)c2ccc(cc2)Cl)[C@H](C)CN([C@H](C)CO)C(=O)c2cc(ccc2O1)NS(=O)(=O)c1ccc(cc1)C,0,0.009355,0.024833,0.003484
C[C@H]1CN([C@H](C)CO)C(=O)CCCn2cc(nn2)CO[C@H]1CN(C)C(=O)C1CC1,0,0.020130,0.021468,0.002913
COc1cccc(c1)-c1ccc2c(c1)O[C@@H](CN(C)C(=O)C1CCC1)[C@@H](C)CN([C@@H](C)CO)S2(=O)=O,0,0.016990,0.063746,0.007529
CC(C)NC(=O)Nc1ccc2c(c1)C(=O)N(C[C@H](C)[C@H](CN(C)Cc1ccc(cc1)C(=O)O)O2)[C@H](C)CO,0,0.087711,0.084102,0.020922
C[C@@H]1CN([C@H](C)CO)C(=O)Cc2cc(ccc2O[C@@H]1CN(C)S(=O)(=O)c1ccc(cc1)C)NC(=O)C1CC1,0,0.006357,0.025586,0.004498
C[C@H]1CN([C@H](C)CO)C(=O)c2cc(ccc2O[C@@H]1CN(C)Cc1ccccc1)NC(=O)CCN1CCOCC1,0,0.004536,0.024868,0.006026
C[C@H]1CN([C@@H](C)CO)C(=O)Cc2cc(ccc2O[C@@H]1CN(C)C(=O)Nc1ccc(cc1)F)NS(=O)(=O)C,0,0.028512,0.028058,0.007673
OC[C@@H](O)[C@H](O)[C@H](O)[C@@H](O)/C=N/NC(=O)c1ccccn1,0,0.009112,0.051752,0.035396
C[C@@H]1CCCCO[C@H](CN(C)Cc2ccc(cc2)C(F)(F)F)[C@H](C)CN([C@H](C)CO)C(=O)c2cc(ccc2O1)NC(=O)CCCN(C)C,0,0.257842,0.020644,0.008986
Cn1cnc(c1)S(=O)(=O)N1C[C@H](O)COC[C@H]2O[C@@H](CC[C@@H]21)CC(=O)NC1CCC1,0,0.187758,0.057368,0.018392
C[C@@H]1CCCCO[C@H](CN(C)C(=O)Nc2cccc3ccccc23)[C@H](C)CN([C@@H](C)CO)C(=O)c2cc(ccc2O1)NS(=O)(=O)c1c(noc1C)C,0,0.006175,0.023835,0.002315
C[N+]1(C)CCC(OC(=O)C(O)(c2ccccc2)C2CCCC2)C1.[Br-],0,0.870903,0.199286,0.225548
OCCNC(=O)C[C@H]1CC=CC[C@H](Cc2ccc(cc2)F)C(=O)OC[C@H](Cc2c[nH]c3ccccc23)NC1=O,0,0.074394,0.029082,0.022615
C[C@H]1CCCCO[C@H](CN(C)C(=O)Nc2c(noc2C)C)[C@@H](C)CN([C@H](C)CO)C(=O)c2cc(ccc2O1)NC(=O)Nc1cccc2ccccc12,0,0.022653,0.021955,0.002129
CC(C)CC#Cc1ccc2c(c1)O[C@H](CN(C)S(=O)(=O)c1cccc(c1)F)[C@@H](C)CN([C@@H](C)CO)S2(=O)=O,0,0.030183,0.025940,0.006005
C[C@H]1CN([C@H](C)CO)C(=O)Cc2cc(ccc2O[C@H]1CN(C)C(=O)Nc1ccc(cc1)C(F)(F)F)NC(=O)CCC(F)(F)F,0,0.529614,0.382531,0.258903
C[C@H]1CCCCO[C@@H](CN(C)CC2CCCCC2)[C@@H](C)CN([C@@H](C)CO)C(=O)c2cc(ccc2O1)NC(=O)Nc1ccc2c(c1)OCO2,0,0.040914,0.024503,0.004760
C[C@H]1CN([C@H](C)CO)C(=O)c2cc(ccc2O[C@H]1CN(C)CC1CC1)NS(=O)(=O)c1ccccc1,0,0.018090,0.024466,0.005752
NC(=O)NO,0,0.028392,0.186373,0.095668
OC[C@@H](O)[C@@H](O)[C@H](O)/C=N/NC(=O)CCCCCC(=O)NO,0,0.003239,0.036204,0.012289
NCc1cccnc1,0,0.061389,0.074829,0.025087
CC(=O)N1CCn2nncc2C[C@@]1(C)C1CC1,0,0.112118,0.035405,0.015183
COc1ccc(cc1)S(=O)(=O)N(C)C[C@@H]1Oc2c(cccc2C(=O)N(C[C@@H]1C)[C@@H](C)CO)NS(=O)(=O)c1cn(cn1)C,0,0.028918,0.025372,0.004793
C[C@H]1CCCCO[C@@H](CN(C)S(=O)(=O)c2ccc(cc2)Cl)[C@@H](C)CN([C@@H](C)CO)C(=O)c2cc(ccc2O1)NS(=O)(=O)c1ccc(cc1)F,0,0.022175,0.025322,0.004114
C[C@H]1CN([C@@H](C)CO)C(=O)CCCn2nncc2CO[C@@H]1CN(C)S(=O)(=O)c1cn(cn1)C,0,0.020537,0.025158,0.007945
C[C@H]1CN([C@@H](C)CO)S(=O)(=O)c2ccc(cc2O[C@H]1CN(C)C(=O)C1CCCCC1)C#CC(C)(C)O,0,0.024680,0.239600,0.008131
C[N+](C)(C)CCCC[C@@H]1NC(=O)[C@H]2C[C@H]([C@H](N2C1=O)c1ccc(cc1)O)C(=O)OCCOc1ccc(cc1)[C@@H]1N2[C@H]([C@H](C(=O)OCC=C)[C@@]11C(=O)Nc3ccc(cc31)I)C(=O)O[C@H]([C@H]2c1ccccc1)c1ccccc1,0,0.311848,0.069971,0.019079
CCCNC(=O)Nc1ccc2c(c1)C(=O)N(C)C[C@H](OC)[C@H](C)CN([C@@H](C)CO2)C(=O)C1CCOCC1,0,0.016858,0.024011,0.004320
CC(C)Oc1cccc(c1)CC(=O)N1CCC[C@@](CC[N+]23CCC(CC2)(CC3)c2ccccc2)(C1)c1ccc(c(c1)Cl)Cl,1,0.841995,0.641816,0.345787
C[C@@H]1CN([C@@H](C)CO)C(=O)Cc2cc(ccc2O[C@@H]1CN(C)CC1CC1)NS(=O)(=O)c1c(noc1C)C,0,0.013609,0.023550,0.004668
OC[C@H]1O[C@H](CC(=O)NCCN2CCCC2)C=C[C@H]1NC(=O)c1cccc(c1)F,0,0.430193,0.055658,0.059097
COc1ccc(cc1)S(=O)(=O)Nc1ccc2c(c1)C(=O)N(C[C@@H](C)[C@H](CN(C)C(=O)Nc1ccc(cc1)F)OCCCC[C@H](C)O2)[C@H](C)CO,0,0.020890,0.026027,0.003582
C[C@@H]1CCCCO[C@H](CN(C)Cc2ccc(c(c2)Cl)Cl)[C@H](C)CN([C@H](C)CO)C(=O)c2cc(ccc2O1)NC(=O)CCC(F)(F)F,0,0.562656,0.032135,0.006723
CN(C)C(=O)C[C@H]1CC[C@@H](NC(=O)C2CC2)[C@H](CO)O1,0,0.049241,0.023182,0.007042
O[C@@H]1COC[C@H]2O[C@@H](CC[C@@H]2N(C1)S(=O)(=O)c1ccccc1)CC(=O)NCc1ccc(cc1)-c1ccccc1,0,0.169320,0.039990,0.014753
CO[C@H]1O[C@H](COC(=O)NCCCCCC(=O)NO)[C@@H](OC(=O)c2ccccc2)[C@H](OC(=O)Nc2ccccc2-c2ccccc2)[C@@H]1OC(=O)Nc1ccccc1-c1ccccc1,0,0.000174,0.083836,0.013573
C[C@@H](N)Cc1cnc[nH]1,0,0.047087,0.041278,0.017092
C[C@H]1CCCCO[C@H](CN(C)C(=O)CCCN(C)C)[C@@H](C)CN([C@H](C)CO)C(=O)c2cc(ccc2O1)NS(=O)(=O)c1cn(cn1)C,0,0.022723,0.024466,0.003311
O[C@H]1CS(=O)(=O)C[C@@H]1NCc1cccnc1,0,0.027061,0.111282,0.078523
NC(=NC(=N)N1CCOCC1)N,0,0.000712,0.074935,0.021028
[NaH].OC(=O)C(Cl)Cl,0,0.000149,0.113822,0.052683
CC(C)NC(=O)N(C)C[C@H]1OCc2cn(nn2)CCCC(=O)N(C[C@@H]1C)[C@H](C)CO,0,0.020558,0.024117,0.003881
CC(=O)N1CCC[C@@H]1C(=O)O,0,0.018385,0.035401,0.019035
COc1ccc(cc1)NC(=O)Nc1ccc2c(c1)C(=O)N(C[C@@H](C)[C@H](CN(C)S(=O)(=O)c1ccccc1)OCCCC[C@H](C)O2)[C@H](C)CO,0,0.002923,0.023792,0.002673
Cc1ccc(cc1)C(N)(CC=C)CC=C,0,0.970956,0.155490,0.126403
COc1ccc2c3c(n(c2c1)C)[C@@H](CO)N(C[C@]13CN(C1)S(=O)(=O)c1ccc(cc1)C)S(=O)(=O)c1ccc(cc1)C,0,0.013778,0.038077,0.011790
CC=C1C2C=C(C)CC1(N)c1ccc(=O)[nH]c1C2,0,0.710495,0.097207,0.026662
CCOC(=O)C1CCN(CC1)C(=O)CNC(=O)CC1=NNC(=O)c2ccccc21,0,0.005746,0.229076,0.053629
C[C@H]1CN([C@H](C)CO)C(=O)c2cc(cnc2O[C@@H]1CN(C)C(=O)CN1CCOCC1)-c1cncnc1,0,0.004706,0.023941,0.003824
C/C=C/c1ccc2c(c1)O[C@@H](CN(C)C(=O)c1ccc3c(c1)OCO3)[C@@H](C)CN([C@H](C)CO)S2(=O)=O,0,0.003292,0.023682,0.004156
C[C@@H]1CN([C@H](C)CO)S(=O)(=O)c2ccc(cc2O[C@H]1CN(C)C(=O)Nc1ccccc1)C#CC1(O)CCCC1,0,0.027319,0.024992,0.005352
O[C@@H]1COC[C@H]2O[C@H](CC[C@@H]2N(C1)S(=O)(=O)c1ccccc1Cl)CC(=O)NCc1ccccc1Cl,0,0.603770,0.070427,0.041816
C[C@@H]1CCCCO[C@@H](CN(C)C(=O)Nc2ccc3c(c2)OCO3)[C@@H](C)CN([C@H](C)CO)C(=O)c2cc(ccc2O1)NC(=O)c1ccncc1,0,0.002565,0.023564,0.002066
COc1ccc(cc1)NC(=O)Nc1ccc2c(c1)C(=O)N(C[C@@H](C)[C@H](CN(C)S(=O)(=O)C)O2)[C@H](C)CO,0,0.013052,0.025234,0.006146
COc1cccc(c1)NC(=O)N(C)C[C@@H]1Oc2ncc(cc2C(=O)N(C[C@@H]1C)[C@@H](C)CO)C#Cc1ccncc1,0,0.014124,0.022445,0.003221
CN(C)CCOc1ccc(cn1)C#N,0,0.021959,0.052095,0.034556
C[C@@H]1CN([C@H](C)CO)C(=O)Cc2cc(ccc2O[C@@H]1CN(C)S(=O)(=O)C)NS(=O)(=O)c1ccc(cc1)C,0,0.002462,0.024295,0.005387
C[C@H]1CCCCO[C@@H](CN(C)C(=O)Nc2ccc3c(c2)OCO3)[C@H](C)CN([C@H](C)CO)C(=O)c2cc(ccc2O1)NC(=O)NC1CCCCC1,0,0.008022,0.022303,0.002330
CNC[C@@H]1Oc2c(cccc2C(=O)N(C[C@H]1C)[C@@H](C)CO)NS(=O)(=O)c1cn(cn1)C,0,0.098279,0.024883,0.006630
COc1ccc(cc1)NC(=O)Nc1ccc2c(c1)C(=O)N(C[C@H](C)[C@@H](CN(C)S(=O)(=O)c1cn(cn1)C)O2)[C@@H](C)CO,0,0.025296,0.023816,0.003354
NCc1nc(cs1)CCc1ccccc1,0,0.185235,0.128212,0.043013
C[C@@H]1CN([C@H](C)CO)C(=O)c2c(c3ccccc3n2C)-c2ccccc2CO[C@H]1CN(C)C(=O)N[C@@H](C)c1ccccc1,0,0.033896,0.026576,0.008158
C[C@@H]1CN([C@H](C)CO)C(=O)Cc2cc(ccc2O[C@H]1CN(C)CC1CCCCC1)NC(=O)Nc1ccc(cc1)F,0,0.215790,0.037092,0.017729
C[C@@H]1CN([C@@H](C)CO)C(=O)c2cccc(c2O[C@H]1CN(C)Cc1ccccc1)NC(=O)C1CCOCC1,0,0.025464,0.028498,0.007367
C[C@@H]1CCCCO[C@@H](CN(C)C(=O)Nc2c(noc2C)C)[C@@H](C)CN([C@H](C)CO)C(=O)c2cc(ccc2O1)NC(=O)c1ccccc1,0,0.009599,0.022518,0.002021
CCC(=O)Nc1ccc2c(c1)C(=O)N(C)C[C@H](OC)[C@H](C)CN([C@@H](C)CO2)C(=O)CN1CCOCC1,0,0.001972,0.025705,0.003211
COc1ccc(cc1)NC(=O)N1CC[C@]2(CC1)CN([C@@H](CO)c1[nH]c3cc(ccc3c12)OC)C(=O)CN1CCOCC1,0,0.040677,0.058011,0.017203
C[C@H]1CN([C@@H](C)CO)C(=O)Cc2cc(ccc2O[C@@H]1CN(C)C(=O)Nc1ccc2c(c1)OCO2)NC(=O)Nc1ccc(cc1)C(F)(F)F,0,0.121737,0.015681,0.006751
C[C@H]1CN([C@@H](C)CO)C(=O)c2cccc(c2O[C@@H]1CN(C)S(=O)(=O)c1ccc(cc1)C)NS(=O)(=O)c1cn(cn1)C,0,0.044224,0.024652,0.004833
CNC(=O)c1c(noc1C)C,0,0.204461,0.027859,0.010448
C[C@@H]1CCCCO[C@@H](CN(C)C(=O)CCCN(C)C)[C@H](C)CN([C@@H](C)CO)C(=O)c2cc(ccc2O1)N(C)C,0,0.036357,0.024628,0.003933
OC[C@H]1O[C@H](OC[C@@H](O)[C@@H](O)[C@H](O)[C@@H](O)/C=N/NC(=O)CCCCCCC(=O)NO)[C@H](O)[C@@H](O)[C@H]1O,0,0.024201,0.175913,0.120587
C[C@@H]1CCCCO[C@@H](CN(C)Cc2ccncc2)[C@@H](C)CN([C@H](C)CO)C(=O)c2cc(ccc2O1)NC(=O)Nc1ccccc1,0,0.014176,0.025822,0.003620
COc1ccc(cc1)[C@@H]([C@H](Cc1ccccc1)OC(=O)C)N1Cc2c(noc2[C@@H](O)c2ccccc2)[C@@H]1Cc1ccccc1,0,0.041354,0.206909,0.075713
N[C@@H]1CC[C@H](CCn2cc(nn2)C2CC2)O[C@@H]1CO,0,0.778622,0.038315,0.017087
Cl.Cl.Fc1ccc(C(c2ccc(F)cc2)N2CCN(CC=Cc3ccccc3)CC2)cc1,0,0.719597,0.175428,0.161795
CCS(=O)(=O)N1C[C@]2(CN(Cc3cc(ccc3F)F)[C@@H](CO)c3c2c2ccc(cc2n3C)OC)C1,0,0.079474,0.032018,0.014550
C[C@@H]1CN([C@@H](C)CO)C(=O)Cc2cc(ccc2O[C@@H]1CN(C)Cc1ccc2c(c1)OCO2)NS(=O)(=O)c1ccccc1,0,0.000939,0.024096,0.004116
NC(=O)CC1=NC(=O)CS1,0,0.002116,0.048960,0.029989
CC(C)c1c(C(=O)Nc2ccccc2)c(-c2ccccc2)c(-c2ccc(F)cc2)n1CCC(O)CC(O)CC(=O)[O-].[Ca+2],0,0.000787,0.361658,0.310830
COc1ccc(cc1)C#Cc1ccc2c(c1)O[C@@H](CN(C)C(=O)C)[C@H](C)CN([C@H](C)CO)S2(=O)=O,0,0.020066,0.026160,0.009183
COC(=O)CNc1nc(nc(n1)N(C)C)OC,0,0.092467,0.050642,0.025959
OC[C@@H]1O[C@@H](CCNS(=O)(=O)c2cccc(c2)F)CC[C@@H]1NS(=O)(=O)c1cccc(c1)Cl,0,0.300794,0.038794,0.017254
COc1ccc(cc1)NC(=O)Nc1ccc2c(c1)CC(=O)N(C[C@H](C)[C@H](CN(C)C(=O)Nc1ccc(cc1)C(F)(F)F)O2)[C@@H](C)CO,0,0.314261,0.032421,0.010964
CNC(=O)[C@H]1C[C@H]2CN(CC3CC3)C[C@H]1O2,0,0.038626,0.029215,0.007652
COc1ccc(cc1)CNC(=O)C[C@H]1C[C@@H]2[C@@H](Oc3ccc(cc32)NS(=O)(=O)c2ccc(cc2)F)[C@H](CO)O1,0,0.034803,0.027405,0.009922
COc1ccc(cc1)NC(=O)N1C[C@H](O)COC[C@H]2O[C@@H](CC[C@@H]21)CC(=O)NCc1ccccc1OC,0,0.444900,0.255226,0.108814
C[C@H]1CCCCO[C@H](CN(C)C(=O)Nc2ccc(cc2)C(F)(F)F)[C@@H](C)CN([C@@H](C)CO)C(=O)c2cc(ccc2O1)NC(=O)Nc1cccc2ccccc12,0,0.213055,0.020159,0.004282
C[C@@H]1CN([C@@H](C)CO)C(=O)c2cc(cnc2O[C@@H]1CN(C)C(=O)C1CCOCC1)-c1cccc(c1)C#N,0,0.001503,0.022738,0.002139
C/C=C/c1ccc2c(c1)O[C@@H](CN(C)S(=O)(=O)c1ccc(cc1)C)[C@@H](C)CN([C@@H](C)CO)S2(=O)=O,0,0.007500,0.027440,0.005946
C[C@@H]1CCCCO[C@H](CN(C)C(=O)NC2CCCCC2)[C@H](C)CN([C@H](C)CO)C(=O)c2cc(ccc2O1)NC(=O)Nc1cccc2ccccc12,0,0.012923,0.022641,0.003488
C[C@H]1CN([C@@H](C)CO)C(=O)Cc2cc(ccc2O[C@@H]1CN(C)S(=O)(=O)C)NS(=O)(=O)c1ccc(cc1)C,0,0.002462,0.024295,0.005387
C[C@H]1CN([C@H](C)CO)C(=O)Cc2cc(ccc2O[C@H]1CN(C)S(=O)(=O)c1cn(cn1)C)NS(=O)(=O)C,0,0.006380,0.023662,0.004145
C[C@H]1CN([C@@H](C)CO)C(=O)c2cc(cnc2O[C@@H]1CN(C)C(=O)c1ccc2c(c1)OCO2)C#CCN(C)C,0,0.019758,0.022289,0.003652
COCCOC(=O)N1C(=O)[C@@]2([C@H]([C@H]3N([C@@H]([C@@H](OC3=O)c3ccccc3)c3ccccc3)[C@H]2c2ccc(cc2)OCCO)C(=O)N2CCCCCCC2)c2cc(ccc21)C#CC1(O)CCCCCC1,0,0.434954,0.087424,0.013329
C[C@H]1CCCCO[C@H](CN(C)S(=O)(=O)c2cn(cn2)C)[C@@H](C)CN([C@H](C)CO)C(=O)c2cc(ccc2O1)NC(=O)c1ccncc1,0,0.003397,0.023513,0.002953
C[C@@H](O)C#Cc1ccc2c(c1)O[C@@H](CN(C)C)[C@H](C)CN([C@H](C)CO)S2(=O)=O,0,0.057580,0.032322,0.009199
C[C@@H]1CN([C@H](C)CO)C(=O)c2cccc(c2O[C@H]1CN(C)CC1CCCCC1)NC(=O)c1cnccn1,0,0.076231,0.036658,0.011943
COc1ccc(cc1)CN(C)C[C@@H]1OCCCC[C@H](C)Oc2ccc(cc2C(=O)N(C[C@@H]1C)[C@H](C)CO)NS(=O)(=O)c1ccc(cc1)Cl,0,0.016555,0.025647,0.003732
CC(C)[Si](O[C@H](c1ccccc1)c1cn(nn1)Cc1ccccc1)(C#CCCc1ccccc1)C(C)C,0,0.915772,0.706380,0.740372
C[C@@H]1CN([C@H](C)CO)C(=O)c2cc(cnc2O[C@@H]1CN(C)C(=O)Cc1cccnc1)C#CCc1ccccc1,0,0.004281,0.023691,0.003609
C[C@H]1CCCCO[C@H](CN(C)Cc2ccccc2)[C@H](C)CN([C@H](C)CO)C(=O)c2cc(ccc2O1)NS(=O)(=O)c1ccc(cc1)F,0,0.015932,0.024359,0.004022
C[C@@H]1CN([C@@H](C)CO)C(=O)c2cccc(c2O[C@H]1CN(C)Cc1ccc(cc1)C(F)(F)F)NS(=O)(=O)c1ccc(cc1)Cl,0,0.410868,0.030040,0.014639
CN1[C@H]2CC[C@@H](CC(=O)NCc3ccccc3Cl)O[C@H]2COc2ccc(cc2C1=O)NC(=O)Nc1cccc(c1)C,0,0.089919,0.033476,0.028064
C[C@@H]1CCCCO[C@@H](CN(C)S(=O)(=O)c2ccc(cc2)Cl)[C@@H](C)CN([C@H](C)CO)C(=O)c2cc(ccc2O1)NC(=O)c1ccncc1,0,0.004888,0.026127,0.002826
COc1ccc(cc1)S(=O)(=O)N1C[C@H](O)COC[C@@H]2O[C@@H](CC[C@H]21)CC(=O)NCc1ccc(c(c1)Cl)Cl,0,0.607466,0.049003,0.029274
C[C@H](O)C#Cc1cnc2c(c1)C(=O)N(C[C@@H](C)[C@@H](CN(C)C(=O)C)O2)[C@@H](C)CO,0,0.004924,0.047173,0.011064
OC(=O)[C@@H]1C2OC3(C=C2)[C@@H]2SCCN2C(=O)C13,0,0.035853,0.342435,0.162759
OCC(CO)NC1CC(O)(CO)C(O)C(O)C1O,0,0.014499,0.105116,0.031158
C[C@@H]1CN([C@@H](C)CO)C(=O)c2cccc(c2O[C@H]1CN(C)Cc1ccc2c(c1)OCO2)NC(=O)c1cc(nn1C)C,0,0.007485,0.026001,0.005468
C[C@@H]1CN([C@H](C)CO)C(=O)Cc2cc(ccc2O[C@@H]1CN(C)Cc1ccc(cc1)C(=O)Nc1ccccc1N)NC(=O)C1CCCCC1,0,0.014638,0.022253,0.003673
COc1ccc(cc1)NC(=O)Nc1ccc2c(c1)C(=O)N(C[C@@H](C)[C@H](CN(C)C(=O)Nc1ccc3c(c1)OCO3)OCCCC[C@@H](C)O2)[C@@H](C)CO,0,0.005991,0.021993,0.002172
COc1ccccc1C#Cc1ccc2c(c1)O[C@@H](CN(C)Cc1ccncc1)[C@H](C)CN([C@H](C)CO)S2(=O)=O,0,0.042764,0.026174,0.004924
C(Cc1ccccc1)Nc1ccnc2cc3ccccc3cc12,1,0.206540,0.251941,0.288129
Cl.c1ccc(C2CN3CCSC3=N2)cc1,0,0.294671,0.054390,0.065774
COc1cccc(C=O)c1OC,0,0.947151,0.085159,0.057698
C[C@@H]1CCCCO[C@@H](CN(C)S(=O)(=O)c2ccc(cc2)Cl)[C@H](C)CN([C@@H](C)CO)C(=O)c2cc(ccc2O1)NC(=O)Cc1ccccc1,0,0.005093,0.026795,0.003069
C[C@@H]1CN([C@H](C)CO)C(=O)c2cc(ccc2O[C@@H]1CN(C)S(=O)(=O)C)NC(=O)Nc1c(noc1C)C,0,0.022694,0.025389,0.005966
COc1ccc(cc1)CNC(=O)N(C)C[C@H]1OCc2ccccc2-c2c(n(c3ccccc23)C)C(=O)N(C[C@H]1C)[C@H](C)CO,0,0.024746,0.025182,0.006524
Cc1nc(cs1)-c1sc2ccc(cc2c1C)Cl,0,0.454067,0.144191,0.069788
C[C@H]1CN([C@@H](C)CO)C(=O)c2cccc(c2O[C@H]1CN(C)CC1CCCCC1)NS(=O)(=O)c1cn(cn1)C,0,0.099825,0.025476,0.004971
CCCNC(=O)N(C)C[C@@H]1Oc2cc(ccc2S(=O)(=O)N(C[C@H]1C)[C@H](C)CO)C#Cc1cccc(c1)F,0,0.120448,0.028945,0.007177
C[C@H]1CN([C@@H](C)CO)C(=O)Cc2cc(ccc2O[C@@H]1CN(C)S(=O)(=O)c1ccc(cc1)Cl)NS(=O)(=O)c1c(noc1C)C,0,0.011137,0.026104,0.004754
C[C@H]1CCCCO[C@@H](CN(C)C(=O)CCC(F)(F)F)[C@@H](C)CN([C@@H](C)CO)C(=O)c2cc(ccc2O1)NC(=O)c1ccccc1,0,0.014247,0.014877,0.006894
COc1cccc(c1)-c1cn(nn1)CC[C@H]1CC[C@@H](NC(=O)CN(C)C)[C@@H](CO)O1,0,0.773810,0.033944,0.014394
C[C@H]1CN([C@@H](C)CO)C(=O)c2cccc(c2O[C@@H]1CN(C)Cc1ccc(cc1)-c1ccccc1)NC(=O)CCCCCC(=O)Nc1ccccc1N,0,0.028439,0.026434,0.005213
CCNC1=N/C(=N\CC)NC(=S)N1,0,0.013731,0.035212,0.016329
CN1CCN(CC1)C(=O)C[C@H]1CC[C@H]2[C@@H](COC[C@@H](O)CN2C(=O)Nc2cc(cc(c2)Cl)Cl)O1,0,0.957418,0.790417,0.478684
C[C@H]1CCCCO[C@H](CN(C)CC2CCCCC2)[C@@H](C)CN([C@@H](C)CO)C(=O)c2cc(ccc2O1)NS(=O)(=O)c1cccs1,0,0.016414,0.024617,0.004404
C[C@H]1CN([C@@H](C)CO)S(=O)(=O)c2ccc(cc2O[C@@H]1CN(C)C(=O)Nc1ccc(cc1)C(F)(F)F)-c1ccc(cc1)C,0,0.540874,0.036319,0.020713
C[C@@H]1CCCCO[C@@H](CN(C)Cc2ccc(c(c2)Cl)Cl)[C@H](C)CN([C@@H](C)CO)C(=O)c2cc(ccc2O1)NS(=O)(=O)c1ccc(cc1)C,0,0.037050,0.024810,0.002934
C[C@@H]1CN([C@@H](C)CO)C(=O)Cc2cc(ccc2O[C@H]1CN(C)C(=O)Nc1ccc(cc1)C(F)(F)F)NC(=O)Nc1ccc(cc1)C(F)(F)F,0,0.892262,0.038565,0.022889
COc1ccc2c3c(n(c2c1)C)[C@H](CO)N(C[C@]13CN(Cc2cccnc2)C1)S(=O)(=O)c1ccc(cc1)C,0,0.023550,0.038378,0.012082
OC(=O)CCN1C(=O)c2ccncc2C1=O,0,0.065285,0.067081,0.082655
CCC(C)(C)C(=O)C(=O)N1CCCC[C@H]1C(=O)O[C@H](CCc1ccc(c(c1)OC)OC)c1ccccc1NC(=O)C=C,0,0.449826,0.062059,0.055388
COCCNC(=O)C[C@@H]1C[C@H]2[C@H](Oc3ccc(cc32)NC(=O)CN(C)C)[C@@H](CO)O1,0,0.176834,0.023863,0.010521
C[C@H]1CN([C@@H](C)CO)C(=O)Cc2cc(ccc2O[C@@H]1CN(C)Cc1ccc(cc1)C(=O)O)NC(=O)CCN1CCOCC1,0,0.026828,0.039661,0.014628
C[C@@H]1CN([C@H](C)CO)C(=O)Cc2cc(ccc2O[C@H]1CN(C)Cc1ccc(c(c1)Cl)Cl)NS(=O)(=O)c1ccc(cc1)C,0,0.025241,0.025652,0.003914
C[N+](C)(C)CCCCNC(=O)[C@H]1C[C@@H]2N([C@H]1c1ccc(cc1)O)C(=O)[C@H](CCCC[N+](C)(C)C)NC2=O,0,0.716441,0.487490,0.601484
COc1ccc(cc1)S(=O)(=O)N(C)C[C@H]1Oc2ccc(cc2CC(=O)N(C[C@H]1C)[C@@H](C)CO)NS(=O)(=O)c1cccs1,0,0.001391,0.023800,0.002811
C[C@H]1CN([C@@H](C)CO)C(=O)c2cc(cnc2O[C@@H]1CN(C)C(=O)Cc1ccncc1)C#CC1(O)CCCC1,0,0.011381,0.037036,0.011730
OC[C@@H]1O[C@H](C[C@H]2[C@@H]1Oc1ccc(cc12)NC(=O)c1ccc2c(c1)OCO2)CC(=O)NCc1cccnc1,0,0.003689,0.023092,0.004746
CC(C)c1noc(n1)CNC(=O)CN,0,0.262218,0.036871,0.007419
CCN(CC)CCNC1=NC(=O)NN=C1C,0,0.817732,0.033251,0.012951
CCOC(=O)[C@@H]1[C@H]2O[C@]3(C=C2)[C@H]1[C@@H](Cc1ccccc1N)[C@H](N(C3=O)c1ccc(cc1)OC)C(=O)OCC,0,0.390471,0.167483,0.144015
CC(C)CC#Cc1ccc2c(c1)O[C@@H](CN(C)C(=O)Cc1ccncc1)[C@@H](C)CN([C@H](C)CO)S2(=O)=O,0,0.029949,0.025073,0.005258
C[C@@H]1CN([C@H](C)CO)C(=O)c2cc(ccc2O[C@@H]1CN(C)S(=O)(=O)C)NC(=O)Nc1ccc(cc1)F,0,0.065235,0.030771,0.009579
C[C@@H]1CN([C@@H](C)CO)C(=O)c2cc(cnc2O[C@@H]1CN(C)Cc1ccc2c(c1)OCO2)C#CCN(C)C,0,0.048215,0.026102,0.005012
C[C@@H]1CCCCO[C@H](CN(C)C(=O)Nc2ccccc2)[C@@H](C)CN([C@@H](C)CO)C(=O)c2cc(ccc2O1)NS(=O)(=O)c1c(noc1C)C,0,0.009736,0.023930,0.002634
C[C@@H]1CCCCO[C@H](CN(C)C(=O)Nc2ccc(cc2)C(F)(F)F)[C@H](C)CN([C@H](C)CO)C(=O)c2cc(ccc2O1)NC(=O)Nc1ccc(cc1)F,0,0.723307,0.042963,0.017667
CO[C@H]1CN(C)C(=O)c2ccc(cc2OC[C@@H](C)N(C[C@H]1C)C(=O)Cc1ccccn1)NC(=O)C1CC1,0,0.003822,0.021933,0.004086
C[C@@H]1CN([C@H](C)CO)C(=O)Cc2cc(ccc2O[C@@H]1CN(C)Cc1ccc(cc1)-c1ccccc1)NC(=O)NC1CCCCC1,0,0.165639,0.029162,0.010695
C[C@@H]1CN([C@H](C)CO)C(=O)c2c(c3ccccc3n2C)-c2ccccc2CO[C@@H]1CN(C)Cc1cccc(c1)C(=O)O,0,0.246438,0.182275,0.418487
COc1ccc(cc1)C#Cc1ccc(cc1)[C@H]1[C@H](CO)N2CCCCN(C[C@@H]12)S(=O)(=O)c1cn(cn1)C,0,0.294628,0.045390,0.014356
COc1cccc(c1)S(=O)(=O)Nc1ccc2c(c1)[C@H]1C[C@@H](CC(=O)N3CCCCC3)O[C@H](CO)[C@H]1O2,0,0.005755,0.024155,0.006757
C[C@@H]1CCCCO[C@H](CN(C)C(=O)C2CCCCC2)[C@H](C)CN([C@@H](C)CO)C(=O)c2cc(ccc2O1)NC(=O)c1ccccc1,0,0.002463,0.022986,0.003527
O[C@@H]1COC[C@@H]2O[C@H](CC[C@H]2N(C1)Cc1cc(ccc1F)F)CC(=O)N[C@@H]1CCN(C1)Cc1ccccc1,0,0.860400,0.057880,0.033264
C[C@@H]1CN([C@H](C)CO)C(=O)Cc2cc(ccc2O[C@@H]1CN(C)C(=O)NC1CCCCC1)NC(=O)C1CC1,0,0.019909,0.027269,0.006005
OC[C@H]1O[C@@H](O[C@H]2[C@H](O)[C@@H](CO)O[C@@]2(CO)O[C@@H]2O[C@H](CO)[C@@H](O)[C@H](O)[C@H]2O)[C@H](O)[C@@H](O)[C@@H]1O,0,0.230261,0.386565,0.238490
C[C@H]1CN([C@H](C)CO)C(=O)c2cc(cnc2O[C@@H]1CN(C)S(=O)(=O)c1cccc(c1)F)Br,0,0.082548,0.027066,0.007505
CN(C)C(=O)N1CCC2(CC1)CC1(CCN(CC1)S(=O)(=O)C1CC1)N(C)C2=O,0,0.010428,0.161013,0.015356
CCCCCCCC(=O)OCC(COC(=O)CCCCCCC)OC(=O)CCCCCCC,0,0.000872,0.237084,0.103221
C[C@@H]1CN([C@@H](C)CO)C(=O)c2cc(cnc2O[C@@H]1CN(C)C(=O)Cc1ccccn1)C#CC1CCCC1,0,0.006684,0.022449,0.003536
C[C@H]1CN([C@H](C)CO)C(=O)c2cccc(c2O[C@H]1CN(C)S(=O)(=O)c1cccs1)NS(=O)(=O)C,0,0.005891,0.025684,0.006508
C[C@@H]1CCCCO[C@@H](CN(C)C(=O)NC2CCCCC2)[C@H](C)CN([C@@H](C)CO)C(=O)c2cc(ccc2O1)NC(=O)Nc1ccc(cc1)F,0,0.059329,0.027102,0.005167
C[C@@H]1CCCCO[C@@H](CN(C)S(=O)(=O)c2ccccc2)[C@@H](C)CN([C@H](C)CO)C(=O)c2cc(ccc2O1)NC(=O)NC1CCCCC1,0,0.004491,0.023750,0.002894
COc1ccc(cc1)CN(C)C[C@H]1OCCCC[C@H](C)Oc2ccc(cc2C(=O)N(C[C@H]1C)[C@H](C)CO)NC(=O)Nc1cccc2ccccc12,0,0.025054,0.027908,0.003931
Cn1cnc(c1)S(=O)(=O)N1C[C@@H](O)COC[C@@H]2O[C@H](CC[C@H]21)CC(=O)NCc1cc(cc(c1)F)F,0,0.750739,0.031746,0.022646
CO[C@@H]1CN(C)C(=O)c2ccc(cc2OC[C@H](C)N(C[C@@H]1C)C(=O)CN(C)C)NC(=O)c1ccc(cc1)F,0,0.128768,0.032621,0.012739
C[C@@H]1CCCCO[C@@H](CN(C)S(=O)(=O)c2ccccc2)[C@H](C)CN([C@@H](C)CO)C(=O)c2cc(ccc2O1)NC(=O)Nc1ccccc1,0,0.002958,0.023732,0.002390
COc1ccc(cc1)C#Cc1ccc2c(c1)[C@@]1([C@@H]([C@@H]3N([C@H]([C@H](OC3=O)c3ccccc3)c3ccccc3)[C@@H]1c1ccccc1OCCO)C(=O)NCC=C)C(=O)N2,0,0.687206,0.059674,0.021371
COc1ccc(cc1)S(=O)(=O)Nc1ccc2c(c1)C(=O)N(C[C@H](C)[C@@H](CN(C)Cc1ccc(c(c1)Cl)Cl)OCCCC[C@@H](C)O2)[C@H](C)CO,0,0.044038,0.026485,0.004139
CC(=O)Nc1nnc(o1)-c1ccno1,0,0.457257,0.128706,0.042967
C[C@@H]1CCCCO[C@@H](CN(C)C(=O)Nc2ccc(cc2)C(F)(F)F)[C@H](C)CN([C@@H](C)CO)C(=O)c2cc(ccc2O1)NC(=O)Nc1ccc(cc1)C(F)(F)F,0,0.909407,0.030780,0.022164
C[C@@H]1CN([C@@H](C)CO)C(=O)c2cc(cnc2O[C@@H]1CN(C)S(=O)(=O)C)C#Cc1cccnc1,0,0.009165,0.022701,0.004046
CC(C)NC(=O)Nc1ccc2c(c1)C(=O)N(C[C@@H](C)[C@H](CN(C)C(=O)Nc1ccc(cc1)F)OCCCC[C@H](C)O2)[C@@H](C)CO,0,0.095668,0.028572,0.007497
CCCN(C)C[C@H]1OCCCC[C@@H](C)Oc2ccc(cc2C(=O)N(C[C@H]1C)[C@@H](C)CO)NS(=O)(=O)c1cn(cn1)C,0,0.068449,0.025698,0.004797
C[C@@H]1CN([C@@H](C)CO)C(=O)c2cccc(c2O[C@@H]1CN(C)Cc1ccc(cc1)-c1ccccc1)NS(=O)(=O)c1c(noc1C)C,0,0.045070,0.023582,0.005301
C[C@H]1CCCCO[C@H](CN(C)C(=O)CCC(F)(F)F)[C@H](C)CN([C@@H](C)CO)C(=O)c2cc(ccc2O1)NC(=O)Cc1ccccc1,0,0.022368,0.016412,0.007551
C[C@H]1CN([C@H](C)CO)C(=O)c2cc(ccc2O[C@H]1CN(C)S(=O)(=O)C)NC(=O)Nc1ccccc1,0,0.011542,0.024140,0.005836
C[C@@H]1CN([C@@H](C)CO)C(=O)Cc2cc(ccc2O[C@@H]1CN(C)S(=O)(=O)c1ccc(cc1)Cl)NC(=O)Cn1cnnn1,0,0.015421,0.025506,0.005855
CN1CCC(=C2c3ccccc3CCc3sccc32)CC1.O=C(O)CC(O)C(=O)O,0,0.987335,0.658384,0.446750
Cc1c(c(nc2ccccc12)Sc1ccccc1Cl)C#N,0,0.126030,0.502292,0.445260
C[C@@H]1CN([C@@H](C)CO)C(=O)Cc2cc(ccc2O[C@@H]1CN(C)C)NS(=O)(=O)C,0,0.006659,0.023421,0.005032
C[Si](C)(C)C#CC(=O)NO,0,0.818286,0.171650,0.070266
COCC#Cc1cnc2c(c1)C(=O)N(C[C@H](C)[C@@H](CN(C)C(=O)C)O2)[C@@H](C)CO,0,0.007549,0.022221,0.003516
C[C@H]1CCCCO[C@H](CN(C)S(=O)(=O)C)[C@H](C)CN([C@@H](C)CO)C(=O)c2cc(ccc2O1)NC(=O)c1ccncc1,0,0.001425,0.023550,0.003002
C[C@@H]1CCCCO[C@@H](CN(C)Cc2ccc(cc2)C(F)(F)F)[C@H](C)CN([C@H](C)CO)C(=O)c2cc(ccc2O1)NC(=O)Nc1ccc2c(c1)OCO2,0,0.097576,0.020301,0.006307
NCCC1=CSC2=NCCN12,0,0.084768,0.033727,0.014529
CN1[C@@H]2CC[C@@H](CC(=O)NC3Cc4ccccc4C3)O[C@H]2COc2ccc(cc2C1=O)NC(=O)c1ccc(cc1)C(F)(F)F,0,0.245791,0.264659,0.286356
N#CC[N+]12CCN(CC1)CC2,0,0.004441,0.075621,0.039200
COc1ccc(cc1)S(=O)(=O)N(C)C[C@@H]1Oc2c(cccc2C(=O)N(C[C@H]1C)[C@@H](C)CO)NC(=O)c1cc(nn1C)C,0,0.013890,0.023749,0.004039
C[C@H]1CN([C@H](C)CO)C(=O)c2cccc(c2O[C@H]1CN(C)Cc1ccc(c(c1)Cl)Cl)NC(=O)c1ccc(cc1)-c1nccs1,0,0.073930,0.030806,0.003917
COc1ccc(cc1)NC(=O)Nc1ccc2c(c1)C(=O)N(C[C@@H](C)[C@H](CN(C)C(=O)Cc1ccccc1)OCCCC[C@H](C)O2)[C@H](C)CO,0,0.005208,0.021445,0.002430
C[C@H]1CCCCO[C@@H](CN(C)C(=O)Cc2ccccc2)[C@@H](C)CN([C@@H](C)CO)C(=O)c2cc(ccc2O1)NS(=O)(=O)c1cccs1,0,0.001280,0.023835,0.002538
O[C@@H]1COC[C@@H]2O[C@@H](CC[C@H]2N(C1)C(=O)c1ccc2c(c1)OCO2)CC(=O)NCCN1CCCC1,0,0.142827,0.051906,0.015666
CCS(=O)(=O)Nc1ccc2c(c1)C(=O)N(C)C[C@@H](OC)[C@H](C)CN(CCC(F)(F)F)[C@@H](C)CO2,0,0.070939,0.028586,0.007188
CC(C)NC(=O)Nc1ccc2c(c1)CC(=O)N(C[C@@H](C)[C@@H](CN(C)C(=O)NC1CCCCC1)O2)[C@@H](C)CO,0,0.016654,0.029531,0.005105
COC(=O)C1=CO[C@@H](O[C@H]2O[C@@H](CO)[C@@H](O)[C@@H](O)[C@@H]2O)/C(=C\C)[C@@H]1CC(=O)OC[C@@H](CO)[C@H]1C[C@@H](OC(=O)C[C@H]2/C(=C/C)[C@H](OC=C2C(=O)OC)O[C@H]2O[C@@H](CO)[C@@H](O)[C@@H](O)[C@@H]2O)[C@@H](C)[C@@H]1COC(=O)C[C@H]1/C(=C/C)[C@H](OC=C1C(=O)OC)O[C@H]1O[C@@H](CO)[C@@H](O)[C@@H](O)[C@@H]1O,0,0.001993,0.645029,0.237254
C[C@H]1CCCCO[C@H](CN(C)S(=O)(=O)c2cn(cn2)C)[C@H](C)CN([C@H](C)CO)C(=O)c2cc(ccc2O1)NC(=O)CCCN(C)C,0,0.010875,0.023874,0.002570
CC(=CCn1c[n+](C)c2c(N)ncnc21)CCC1(C)C(C)CCC2(C)C(C)=CCCC21.[Cl-],1,0.946903,0.426409,0.284840
C[C@@H]1CCCCO[C@@H](CN(C)Cc2ccncc2)[C@@H](C)CN([C@H](C)CO)C(=O)c2cc(ccc2O1)NC(=O)Cc1ccccc1,0,0.005827,0.021557,0.002583
COc1ccc(cc1)S(=O)(=O)Nc1ccc2c(c1)C(=O)N(C[C@H](C)[C@H](CN(C)Cc1ccc3c(c1)OCO3)OCCCC[C@@H](C)O2)[C@@H](C)CO,0,0.002809,0.024972,0.003390
C[C@H]1CCCCO[C@@H](CN(C)Cc2ccccc2)[C@@H](C)CN([C@@H](C)CO)C(=O)c2cc(ccc2O1)NC(=O)Nc1c(noc1C)C,0,0.040274,0.032476,0.007136
C[C@@H]1CN([C@@H](C)CO)C(=O)c2cccc(c2O[C@H]1CN(C)S(=O)(=O)c1ccccc1)NS(=O)(=O)C,0,0.009076,0.024504,0.007446
C[C@H]1CCCCO[C@H](CN(C)Cc2ccc3c(c2)OCO3)[C@H](C)CN([C@H](C)CO)C(=O)c2cc(ccc2O1)NS(=O)(=O)c1ccc(cc1)C,0,0.003906,0.024267,0.003604
C1CNC[C@@]2(C1)COCCN(C2)c1cnccn1,0,0.635275,0.057966,0.031488
C[C@H]1CN([C@@H](C)CO)C(=O)Cc2cc(ccc2O[C@@H]1CN(C)Cc1ccc(cc1)C(=O)O)NC(=O)c1ccncc1,0,0.029703,0.033423,0.011695
CC(=CCOc1cc(cc2c1C(=CC(=O)O2)c1ccccc1)C)C,0,0.677693,0.257341,0.168406
COC(=O)C1=C2N(C)[C@@]3(COCc4ccc(cc4)OC)Oc4ccccc4[C@H]([C@H]3CO[Si](C)(C)C(C)(C)C)N2C(=O)C(=C1)c1ccccc1,0,0.034088,0.205131,0.056223
C[C@@H]1CN([C@@H](C)CO)C(=O)Cc2cc(ccc2O[C@@H]1CN(C)Cc1ccccc1)NS(=O)(=O)c1c(noc1C)C,0,0.004861,0.024111,0.005185
C[C@H]1CN([C@H](C)CO)C(=O)c2cc(ccc2O[C@H]1CN(C)Cc1ccccc1)NC(=O)Cn1cnnn1,0,0.021218,0.026911,0.011595
OC[C@@H](O)C[C@@H](O)CCCCCCCCCCCC=C.OC[C@@H](O)C[C@@H](O)CCCCCCCCCCCC#C,0,0.000131,0.088452,0.057281
CN1[C@H]2CC[C@H](CC(=O)Nc3cccc(c3)Cl)O[C@@H]2COc2ccc(cc2C1=O)NC(=O)Nc1ccccc1F,0,0.310299,0.061105,0.059247
CNC[C@@H]1Oc2ccc(cc2CC(=O)N(C[C@@H]1C)[C@@H](C)CO)NC(=O)CCN1CCOCC1,0,0.011002,0.022722,0.004856
CC(C)CC#Cc1cnc2c(c1)C(=O)N(C[C@H](C)[C@H](CN(C)S(=O)(=O)c1cn(cn1)C)O2)[C@@H](C)CO,0,0.033166,0.023614,0.005363
COc1cc(C2c3cc4c(cc3C(OC3OC5COC(c6cccs6)OC5C(O)C3O)C3COC(=O)C23)OCO4)cc(OC)c1O,0,0.839218,0.334132,0.472202
C[C@@H]1CN([C@H](C)CO)C(=O)c2cccc(c2O[C@H]1CN(C)S(=O)(=O)c1ccc(cc1)F)NC(=O)C1CCOCC1,0,0.029574,0.023664,0.004645
CCC(C)(C)O,0,0.005524,0.043880,0.022765
C[C@H]1CN([C@@H](C)CO)C(=O)c2cc(ccc2O[C@@H]1CN(C)Cc1ccc(cc1)-c1ccccc1)NC(=O)Nc1ccc(cc1)F,0,0.202623,0.037853,0.026970
C[C@H]1CN([C@@H](C)CO)C(=O)c2cc(ccc2O[C@H]1CN(C)S(=O)(=O)c1ccc(cc1)C)NS(=O)(=O)c1cccs1,0,0.005383,0.024209,0.004333
C[C@H]1CN([C@H](C)CO)C(=O)c2cc(cnc2O[C@@H]1CN(C)C(=O)c1cnccn1)C#CCN(C)C,0,0.106035,0.032355,0.008312
CCCN1C[C@@H](C)[C@H](CN(C)C(=O)c2cc(ccc2OC[C@@H]1C)NS(=O)(=O)c1cn(cn1)C)OC,0,0.087780,0.025920,0.004343
CN(C)C(=O)Oc1cccc([N+](C)(C)C)c1.COS(=O)(=O)[O-],0,0.206178,0.212761,0.320913
CN1CCN(CC1)C(=O)C[C@@H]1CC[C@H](NC(=O)Nc2c(noc2C)C)[C@@H](CO)O1,0,0.259399,0.024839,0.008883
CO[C@H]1CN(C)C(=O)c2ccc(cc2OC[C@H](C)N(C[C@H]1C)C(=O)NC(C)C)NS(=O)(=O)c1ccccc1,0,0.004913,0.028132,0.007241
COc1ccc(cc1)CN(C)C[C@H]1Oc2ccc(cc2CC(=O)N(C[C@@H]1C)[C@H](C)CO)NC(=O)CCN1CCOCC1,0,0.009496,0.031728,0.006356
COCC(=O)Nc1ccc2c(c1)C(=O)N(C)C[C@@H](OC)[C@H](C)CN([C@@H](C)CO2)C(=O)Cc1ccccn1,0,0.002618,0.023112,0.003945
C[C@H]1CN([C@@H](C)CO)C(=O)c2cccc(c2O[C@H]1CN(C)S(=O)(=O)c1cn(cn1)C)NS(=O)(=O)c1ccccc1,0,0.008870,0.024911,0.004861
CN1[C@@H]2CC[C@@H](CC(=O)NCCN3CCCCC3)O[C@H]2COc2ccc(cc2C1=O)NC(=O)c1cccs1,0,0.019316,0.028396,0.009626
COc1ccc(cc1)S(=O)(=O)Nc1ccc2c(c1)C(=O)N(C[C@@H](C)[C@@H](CN(C)CC1CCCCC1)OCCCC[C@@H](C)O2)[C@@H](C)CO,0,0.022054,0.025645,0.004810
C[C@@H]1CN([C@@H](C)CO)C(=O)Cc2cc(ccc2O[C@H]1CN(C)Cc1ccc(cc1)Oc1ccccc1)NC(=O)C1CC1,0,0.020221,0.025315,0.010467
COc1cccc(c1)S(=O)(=O)N(C)C[C@H]1Oc2ncc(cc2C(=O)N(C[C@H]1C)[C@@H](C)CO)-c1cccc(c1)C(=O)N(C)C,0,0.001320,0.023610,0.002446
C[C@H]1CCCCO[C@@H](CN(C)C(=O)C2CCCCC2)[C@H](C)CN([C@H](C)CO)C(=O)c2cc(ccc2O1)NS(=O)(=O)c1ccccc1,0,0.002780,0.024027,0.003242
CC1=NN2C(=NN[C@@]2(C)c2ccccc2)NC1=O,0,0.031877,0.063542,0.057342
C[C@@H]1CN([C@@H](C)CO)C(=O)Cc2cc(ccc2O[C@@H]1CN(C)C(=O)Nc1cccc2ccccc12)NC(=O)Cc1ccccc1,0,0.003748,0.022321,0.003887
C[C@@H]1CCCCO[C@@H](CN(C)C(=O)Cc2ccccc2)[C@H](C)CN([C@H](C)CO)C(=O)c2cc(ccc2O1)NS(=O)(=O)c1ccc(cc1)Cl,0,0.003611,0.025322,0.002741
C[C@H]1CN([C@H](C)CO)C(=O)c2cc(cnc2O[C@@H]1CN(C)S(=O)(=O)c1ccccc1F)C#Cc1cccnc1,0,0.018602,0.024456,0.003975
C[C@H]1CCCCO[C@@H](CN(C)S(=O)(=O)c2ccc(cc2)C)[C@H](C)CN([C@H](C)CO)C(=O)c2cc(ccc2O1)NC(=O)Cc1ccccc1,0,0.001978,0.023732,0.002426
C[C@H]1CN([C@@H](C)CO)C(=O)c2cccc(c2O[C@@H]1CN(C)C(=O)NC1CCCCC1)NC(=O)Nc1cccc2ccccc12,0,0.038001,0.025348,0.012173
C[C@H]1CN([C@H](C)CO)C(=O)c2cc(ccc2O[C@H]1CN(C)S(=O)(=O)c1cccs1)NC(=O)CCN1CCOCC1,0,0.000695,0.023907,0.004532
NC(=O)c1ccccc1F,0,0.298025,0.105862,0.042637
CC(=O)NCCCCCC(=O)O,0,0.010114,0.046292,0.020610
C[C@H]1CN([C@@H](C)CO)C(=O)c2cccc(c2O[C@H]1CN(C)Cc1ccc(cc1)C(F)(F)F)NC(=O)Nc1ccc2c(c1)OCO2,0,0.206420,0.092771,0.058321
C[C@@H]1CCCCO[C@@H](CN(C)C(=O)CCC(F)(F)F)[C@@H](C)CN([C@@H](C)CO)C(=O)c2cc(ccc2O1)NS(=O)(=O)c1ccccc1,0,0.009022,0.023897,0.003536
CC1(C)CC[C@@]2(CC[C@]3(C)C(=CC[C@H]4[C@@]5(C)C[C@@H](O)[C@H](O[C@H]6O[C@@H]([C@@H](O)[C@@H](O)[C@@H]6O)C(=O)O)C(C)(C)[C@@H]5CC[C@]43C)[C@@H]2C1)C(=O)O[C@H]1O[C@@H](CO)[C@@H](O)[C@@H](O)[C@@H]1O,0,0.613139,0.495101,0.152599
C[C@@H]1CN(CC(=O)N2CC(C)(C)c3nc(c(cc32)Cc2ccc(cc2)F)CO)[C@H](CN1)CN1CCOC[C@H]1C,0,0.184004,0.089344,0.026614
COc1ccc(cc1)S(=O)(=O)Nc1cccc2c1O[C@@H](CN(C)Cc1ccc(cc1)Oc1ccccc1)[C@H](C)CN([C@@H](C)CO)C2=O,0,0.004549,0.026982,0.003608
Cc1cc(nn1C)C(=O)NN,0,0.080205,0.069828,0.024535
COc1ccc(cc1)CN(C)C[C@H]1Oc2ccc(cc2CC(=O)N(C[C@@H]1C)[C@@H](C)CO)NC(=O)Nc1cccc2ccccc12,0,0.017265,0.023521,0.005726
C[C@@H]1CN([C@@H](C)CO)C(=O)c2cccc(c2O[C@H]1CN(C)C(=O)Nc1c(noc1C)C)NC(=O)c1cc(nn1C)C,0,0.064434,0.024178,0.009013
C[C@H]1CN([C@H](C)CO)C(=O)Cc2cc(ccc2O[C@H]1CN(C)Cc1ccc2c(c1)OCO2)NS(=O)(=O)c1cn(cn1)C,0,0.004759,0.024006,0.003365
CC(=O)N1CCNCC1,0,0.014149,0.022253,0.009484
COc1ccc(cc1)NC(=O)N(C)C[C@H]1OCCCC[C@H](C)Oc2ccc(cc2C(=O)N(C[C@H]1C)[C@@H](C)CO)NS(=O)(=O)c1cccs1,0,0.003263,0.023488,0.002451
CC[C@@H](C)N1[C@@H](CCC1=O)C(=O)O,0,0.008160,0.028427,0.011275
C[C@@H]1CN([C@@H](C)CO)C(=O)c2cccc(c2O[C@@H]1CN(C)Cc1ccc(c(c1)Cl)Cl)NC(=O)Nc1cccc2ccccc12,0,0.192084,0.051034,0.007755
C[C@@H]1CN([C@@H](C)CO)C(=O)c2cc(ccc2O[C@H]1CN(C)CC1CC1)NS(=O)(=O)c1ccc(cc1)F,0,0.061851,0.028498,0.006739
C[C@H]1CN([C@@H](C)CO)C(=O)c2cc(ccc2O[C@H]1CN(C)S(=O)(=O)C)NC(=O)NC1CCCCC1,0,0.008611,0.051164,0.005196
NCC[C@@H]1CC[C@@H](NC(=O)C2CCCC2)[C@@H](CO)O1,0,0.160160,0.023961,0.009105
CC(C)NC(=O)Nc1ccc2c(c1)C(=O)N(C[C@@H](C)[C@H](CN(C)S(=O)(=O)c1cn(cn1)C)O2)[C@H](C)CO,0,0.037183,0.024277,0.005087
COc1cc2c(cc1O)CCNC2C,0,0.304075,0.186948,0.111958
COc1cccc(c1)C#Cc1ccc(cc1)[C@@H]1[C@@H](CO)N2[C@@H]1CN(CC2=O)S(=O)(=O)c1ccccc1C,0,0.064537,0.041467,0.013418
COc1ccccc1-c1cnc2c(c1)C(=O)N(C[C@H](C)[C@H](CN(C)C(=O)c1cccnc1)O2)[C@@H](C)CO,0,0.005148,0.022049,0.003675
COc1ccc(cc1)NC(=O)N(C)C[C@@H]1Oc2c(cccc2C(=O)N(C[C@@H]1C)[C@@H](C)CO)NS(=O)(=O)c1c(noc1C)C,0,0.035011,0.024031,0.003647
COc1ccc(cc1)-c1cnc2c(c1)C(=O)N(C[C@@H](C)[C@@H](CN(C)C(=O)Cc1ccncc1)O2)[C@@H](C)CO,0,0.007170,0.023306,0.004059
C[C@H]1CN([C@@H](C)CO)C(=O)Cc2cc(ccc2O[C@@H]1CN(C)C(=O)Nc1ccccc1)NC(=O)Nc1cccc2ccccc12,0,0.007881,0.022026,0.004371
COc1ccc(cc1)C#Cc1ccc(cc1)[C@@H]1[C@H](CO)N2CCCCN(C[C@H]12)S(=O)(=O)c1cn(cn1)C,0,0.294628,0.045390,0.014356
S=C1NCN(CN1)Cc1cccs1,0,0.529648,0.076509,0.049543
CCn1cc(C(=O)[O-])c(=O)c2cc3c(cc21)OCO3.[K+],0,0.427759,0.161472,0.353519
C[C@@H]1CN([C@@H](C)CO)C(=O)c2cccc(c2O[C@H]1CN(C)C(=O)Nc1ccc2c(c1)OCO2)NS(=O)(=O)c1cn(cn1)C,0,0.014072,0.023363,0.003797
C[C@H]1CCCCO[C@H](CN(C)C(=O)Nc2ccccc2)[C@H](C)CN([C@@H](C)CO)C(=O)c2cc(ccc2O1)NC(=O)Nc1ccc(cc1)C(F)(F)F,0,0.360565,0.021750,0.005503
CN1CCN(CC1)C(=O)C[C@@H]1C[C@H]2[C@H](Oc3ccc(cc32)NC(=O)c2ccc3c(c2)OCO3)[C@@H](CO)O1,0,0.016744,0.024928,0.009421
C[C@@H]1CN([C@@H](C)CO)C(=O)c2cc(ccc2O[C@H]1CN(C)S(=O)(=O)c1ccc(cc1)F)NC(=O)Cn1cnnn1,0,0.061609,0.026414,0.004874
C[C@H]1CCCCO[C@H](CN(C)Cc2ccncc2)[C@@H](C)CN([C@H](C)CO)C(=O)c2cc(ccc2O1)NC(=O)c1ccccc1,0,0.003253,0.022166,0.002859
C[C@H]1CN([C@@H](C)CO)S(=O)(=O)c2ccc(cc2O[C@@H]1CN(C)C(=O)c1cccnc1)Br,0,0.036593,0.024107,0.005130
C[C@H]1CN([C@@H](C)CO)C(=O)c2cc(ccc2O[C@@H]1CN(C)Cc1ccncc1)NC(=O)CCN1CCOCC1,0,0.003298,0.024436,0.003848
OCC1=COC(=O)C(=C1O)CN1CCCCC1,0,0.651058,0.170557,0.073912
C[C@H]1CN([C@H](C)CO)C(=O)c2cc(ccc2O[C@@H]1CN(C)S(=O)(=O)c1c(noc1C)C)NC(=O)CCCN(C)C,0,0.026754,0.024267,0.004510
O=C1NC=CC=C1C#N,0,0.008048,0.095040,0.052872
CCC[C@@H](O)C#Cc1cnc2c(c1)C(=O)N(C[C@H](C)[C@H](CN(C)S(=O)(=O)c1ccc(cc1)F)O2)[C@H](C)CO,0,0.037549,0.025051,0.006110
C[C@H]1CN([C@H](C)CO)C(=O)c2cccc(c2O[C@H]1CN(C)Cc1ccccc1)NC(=O)Nc1ccc(cc1)C(F)(F)F,0,0.550992,0.400528,0.325975
C[C@H]1CN([C@@H](C)CO)C(=O)Cc2cc(ccc2O[C@H]1CN(C)Cc1ccc(cc1)Oc1ccccc1)NC(=O)Nc1ccc(cc1)F,0,0.027719,0.023383,0.005621
C#CCOS(=O)OC1CCCCC1Oc1ccc(C(C)(C)C)cc1,0,0.049840,0.241514,0.270196
C[C@@H]1CCCCO[C@@H](CN(C)Cc2ccccc2)[C@@H](C)CN([C@@H](C)CO)C(=O)c2cc(ccc2O1)NC(=O)Nc1cccc2ccccc12,0,0.012868,0.022682,0.003926
C[C@H]1CN([C@H](C)CO)C(=O)CCCn2nncc2CO[C@@H]1CN(C)Cc1cccc2c1OCCCO2,0,0.041879,0.027122,0.004707
C[C@@H]1CN([C@H](C)CO)C(=O)c2cc(cnc2O[C@H]1CN(C)C(=O)CCN1CCCCC1)C#CCN(C)C,0,0.049247,0.024917,0.005024
CC(C)(C)S(=O)N1Cc2cc(nc(c2[C@H]1CCO)-c1cccc(c1)C#CCC1CCCC1)C(=O)N1CCN(CC1)Cc1ccccc1,0,0.308844,0.153532,0.101699
C[C@@H]1CN([C@H](C)CO)C(=O)Cc2cc(ccc2O[C@@H]1CN(C)S(=O)(=O)c1cccs1)NS(=O)(=O)c1ccccc1,0,0.000476,0.023713,0.003855
COCC(=O)N(C)C[C@H]1Oc2cc(ccc2S(=O)(=O)N(C[C@H]1C)[C@H](C)CO)C#Cc1ccccc1,0,0.040004,0.027539,0.009884
OC[C@H]1O[C@@H](O)[C@@H](O)[C@@H](O)[C@@H]1O,0,0.001315,0.141272,0.021465
CC(C)N1C[C@H](C)[C@@H](CN(C)Cc2cccc(c2)Cl)Oc2c(cccc2C1=O)NC(=O)c1ccncc1,0,0.042652,0.328205,0.052132
OC[C@@H]1O[C@H](CC(=O)NCCN2CCCCC2)C=C[C@H]1NC(=O)c1cccnc1,0,0.080266,0.048703,0.019147
CO[C@@H]1[C@H](O[P@@](=O)(OC[C@H]2O[C@H](C[C@@H]2O)n2cnc3c(ncnc23)N)SCOC(=O)OC(C)C)[C@@H](CO)O[C@H]1N1C=CC(=O)NC1=O,0,0.999697,0.493097,0.226427
C[C@@H]1CCCCO[C@@H](CN(C)S(=O)(=O)c2ccc(cc2)C)[C@H](C)CN([C@@H](C)CO)C(=O)c2cc(ccc2O1)NC(=O)C1CCCCC1,0,0.005621,0.023672,0.003019
CCS(=O)(=O)Nc1ccc2c(c1)C(=O)N(C)[C@H]1CC[C@H](CC(=O)NCCOC)O[C@H]1CO2,0,0.003609,0.022734,0.004973
C[C@H]1CN([C@@H](C)CO)C(=O)c2c(c3ccccc3n2C)-c2ccccc2CO[C@H]1CN(C)C(=O)Oc1ccccc1,0,0.092314,0.036154,0.019096
C[C@H]1CN([C@H](C)CO)C(=O)c2cccc(c2O[C@H]1CN(C)Cc1ccc(cc1)-c1ccccc1)NC(=O)c1nc2ccccc2s1,0,0.009241,0.029511,0.006861
CCC(C)(C)C(=O)C(=O)N1CCCC[C@H]1C(=O)O[C@@H](CCc1ccc(c(c1)OC)OC)c1cccc(c1)OCC(=O)NCCc1ccc(cc1)O,0,0.080917,0.034283,0.034049
CC(C)(C)OC(=O)C[C@@H]1CC=CC[C@H](CC(=O)NCCO)C(=O)NCCOC1=O,0,0.004591,0.125500,0.024122
C[C@@H]1CN([C@@H](C)CO)C(=O)Cc2cc(ccc2O[C@H]1CN(C)Cc1ccc(cc1)C(=O)O)NS(=O)(=O)c1ccccc1,0,0.010962,0.030200,0.005413
OC[C@H]1O[C@@H](C[C@H]2[C@@H]1Oc1ccc(cc12)NC(=O)C1CCOCC1)CC(=O)NCc1ccc(cc1)Cl,0,0.217284,0.093738,0.049811
O[C@H]1CCCSc2ccccc21,0,0.100480,0.095884,0.034420
COc1cccc(c1)S(=O)(=O)N1C[C@H](O)COC[C@H]2O[C@H](CC[C@@H]21)CC(=O)N1CCOCC1,0,0.029285,0.045635,0.011974
CO[C@H]1CN(C)C(=O)c2ccc(cc2OC[C@H](C)N(CC2CC2)C[C@@H]1C)NS(=O)(=O)c1cn(cn1)C,0,0.026154,0.023116,0.004553
CN(C)C(=O)C[C@H]1O[C@H](CO)[C@@H](NC(=O)C2CCOCC2)C=C1,0,0.026194,0.022098,0.006751
COc1ccc(cc1)S(=O)(=O)N(C)C[C@H]1Oc2ccc(cc2C(=O)N(C[C@H]1C)[C@@H](C)CO)NC(=O)CCCN(C)C,0,0.016519,0.025906,0.005264
CC(C)NC(=O)Nc1ccc2c(c1)C(=O)N(C[C@H](C)[C@@H](CN(C)S(=O)(=O)c1cn(cn1)C)O2)[C@@H](C)CO,0,0.037183,0.024277,0.005087
CCCC1=CC(=O)n2ncnc2N1,0,0.063414,0.085549,0.032457
C[C@H]1CCCCO[C@H](CN(C)S(=O)(=O)c2ccc(cc2)F)[C@@H](C)CN([C@H](C)CO)C(=O)c2cc(ccc2O1)NC(=O)Nc1ccc(cc1)C(F)(F)F,0,0.407105,0.159209,0.007420
O[C@@H]1CC(=O)c2cccc(c2[C@@H]1O)O,0,0.286141,0.186163,0.110024
COc1ccc(cc1)S(=O)(=O)Nc1ccc2c(c1)C(=O)N(C[C@H](C)[C@@H](CN(C)Cc1ccc(cc1)C(=O)O)OCCCC[C@H](C)O2)[C@@H](C)CO,0,0.033437,0.028331,0.003531
CC12CCC3C(CC=C4CC(O)CCC43C)C1CCC2=O,0,0.253329,0.141931,0.092253
OC[C@H]1O[C@@H](CC[C@H]1NC(=O)c1ccc(cc1)F)CC(=O)NCc1ccncn1,0,0.099065,0.035623,0.029716
C[C@H]1CCCCO[C@H](CN(C)C(=O)Nc2cccc3ccccc23)[C@@H](C)CN([C@@H](C)CO)C(=O)c2cc(ccc2O1)NS(=O)(=O)c1ccc(cc1)Cl,0,0.008575,0.025415,0.002366
COc1ccc(cc1)OC(=O)N(C)C[C@@H]1OCc2ccccc2-c2c(n(c3ccccc23)C)C(=O)N(C[C@@H]1C)[C@@H](C)CO,0,0.084057,0.034463,0.013366
COc1ccccc1C#Cc1cnc2c(c1)C(=O)N(C[C@H](C)[C@@H](CN(C)C(=O)c1ccc3c(c1)OCO3)O2)[C@@H](C)CO,0,0.007308,0.022007,0.003471
C[C@H]1CN([C@@H](C)CO)C(=O)c2cccc(c2O[C@@H]1CN(C)S(=O)(=O)c1ccc(cc1)C)NC(=O)C1CCOCC1,0,0.015154,0.023814,0.004048
C[C@H]1CN([C@H](C)CO)C(=O)Cc2cc(ccc2O[C@@H]1CN(C)S(=O)(=O)c1cn(cn1)C)N(C)C,0,0.019114,0.023723,0.005979
C[C@@H]1CCCCO[C@@H](CN(C)S(=O)(=O)C)[C@@H](C)CN([C@@H](C)CO)C(=O)c2cc(ccc2O1)NS(=O)(=O)c1ccccc1,0,0.001142,0.023728,0.003364
C[C@H]1CCCCO[C@H](CN(C)C(=O)C2CCCCC2)[C@H](C)CN([C@H](C)CO)C(=O)c2cc(ccc2O1)NC(=O)Nc1ccc(cc1)C(F)(F)F,0,0.417858,0.158924,0.095278
COc1ccc(cc1)NC(=O)Nc1ccc2c(c1)C(=O)N(C[C@H](C)[C@@H](CN(C)Cc1ccc(cc1)C(F)(F)F)O2)[C@H](C)CO,0,0.278128,0.135369,0.067023
CCOC1=C(C(=O)Nc2ccc(c(c2)F)Oc2ccnc(c2Cl)N)C(=O)N(C=C1)c1ccc(cc1)F,0,0.956704,0.574935,0.517886
C[C@@H]1CN([C@@H](C)CO)C(=O)c2cccc(c2O[C@@H]1CN(C)S(=O)(=O)C)NS(=O)(=O)c1ccc(cc1)Cl,0,0.017125,0.024363,0.007049
OC[C@H]1O[C@@H](CC[C@@H]1NC(=O)c1ccccn1)CC(=O)N1CCOCC1,0,0.003259,0.021236,0.005192
C[C@H]1CN([C@H](C)CO)C(=O)c2cc(cnc2O[C@H]1CN(C)C(=O)Nc1cccc2ccccc12)-c1ccccc1,0,0.006560,0.025043,0.008204
C[C@H]1CN([C@H](C)CO)C(=O)c2cccc(c2O[C@@H]1CN(C)S(=O)(=O)c1ccc(cc1)Cl)NC(=O)c1ccc(cc1)-c1nccs1,0,0.028699,0.024163,0.003380
C[C@H]1CCCCO[C@H](CN(C)CC2CC2)[C@@H](C)CN([C@@H](C)CO)C(=O)c2cc(ccc2O1)NC(=O)c1ccccc1,0,0.024626,0.025287,0.009014
C[C@H]1CN([C@@H](C)CO)C(=O)Cc2cc(ccc2O[C@@H]1CN(C)C(=O)NC1CCCCC1)NC(=O)CCN1CCOCC1,0,0.002463,0.027313,0.003086
COc1ccc(cc1)[C@@H]([C@H](Cc1ccccc1)OC(=O)C)N1C[C@H]2[C@H](ON=C2[C@@H]1Cc1ccccc1)[C@@H](O)c1ccccc1,0,0.036059,0.200265,0.061976
C[C@H]1CN([C@H](C)CO)C(=O)Cc2cc(ccc2O[C@H]1CN(C)Cc1ccc(cc1)C(=O)O)NS(=O)(=O)c1ccccc1,0,0.010962,0.030200,0.005413
OC[C@H]1NC[C@H](O)[C@@H](O)[C@@H]1O,0,0.054337,0.066049,0.021650
OC[C@@H](O)[C@H](O)[C@H](O)[C@@H](O)/C=N/NC(=O)CCCCCC(=O)NO,0,0.002061,0.036447,0.013069
C[C@H]1CN([C@@H](C)CO)C(=O)c2cccc(c2O[C@@H]1CN(C)S(=O)(=O)c1ccccc1)NC(=O)Nc1cccc2ccccc12,0,0.009516,0.026568,0.003493
C[C@H]1CN([C@H](C)CO)C(=O)c2cc(ccc2O[C@H]1CN(C)Cc1ccc(cc1)-c1ccccc1)NC(=O)Cc1cn(c2ccccc12)C,0,0.036751,0.023675,0.005775
C[C@H]1CCCCO[C@H](CN(C)C(=O)Nc2c(noc2C)C)[C@H](C)CN([C@@H](C)CO)C(=O)c2cc(ccc2O1)NC(=O)CCC(F)(F)F,0,0.239095,0.243546,0.072264
OC[C@@H]1O[C@@H](CC(=O)N2CCC(CC2)Cc2ccccc2)C=C[C@@H]1NS(=O)(=O)c1ccc(cc1)F,0,0.095458,0.028606,0.019649
C[C@@H]1CN([C@@H](C)CO)C(=O)Cc2cc(ccc2O[C@H]1CN(C)S(=O)(=O)c1c(noc1C)C)NC(=O)CCC(F)(F)F,0,0.045380,0.035098,0.009689
CN(C)CCNC(=O)[C@H]1Cn2ccnc2C2(CCN(CC2)Cc2nccs2)O1,0,0.490736,0.031868,0.011610
OCc1ccc(cc1)CO[C@H]1C[C@H](C=C(O1)C(=O)N1CCN(CC1)Cc1ccc2c(c1)OCO2)C1CC1,0,0.036562,0.099795,0.063040
C[C@@H]1CCCCO[C@@H](CN(C)C(=O)NC2CCCCC2)[C@@H](C)CN([C@H](C)CO)C(=O)c2cc(ccc2O1)NS(=O)(=O)c1ccc(cc1)C,0,0.009229,0.023740,0.003172
C[C@@H](O)C#Cc1cnc2c(c1)C(=O)N(C[C@H](C)[C@@H](CN(C)C(=O)Nc1ccc(cc1)C(F)(F)F)O2)[C@H](C)CO,0,0.669075,0.190926,0.150166
C[C@H]1CN([C@H](C)CO)C(=O)c2cccc(c2O[C@H]1CN(C)Cc1ccc(cc1)-c1ccccc1)NC(=O)Nc1ccc2c(c1)OCO2,0,0.016673,0.023547,0.005347
C[C@@H]1CCCCO[C@@H](CN(C)C(=O)C2CCCCC2)[C@H](C)CN([C@@H](C)CO)C(=O)c2cc(ccc2O1)NS(=O)(=O)c1ccccc1,0,0.002780,0.024027,0.003242
C#CC1(O)CCC2C3CCC4=CC(=O)CCC4(C)C3CCC21C,0,0.032686,0.201052,0.150828
C[C@@H]1CCCCO[C@H](CN(C)S(=O)(=O)c2cccs2)[C@H](C)CN([C@H](C)CO)C(=O)c2cc(ccc2O1)NS(=O)(=O)c1ccc(cc1)Cl,0,0.003073,0.024943,0.003395
C[C@H]1CN([C@H](C)CO)C(=O)Cc2cc(ccc2O[C@@H]1CN(C)S(=O)(=O)C)NS(=O)(=O)c1ccc(cc1)F,0,0.005677,0.024700,0.005521
C[C@@H]1CN([C@H](C)CO)C(=O)c2cccc(c2O[C@H]1CN(C)Cc1ccc(cc1)C(F)(F)F)NS(=O)(=O)c1ccc(cc1)C,0,0.224403,0.029460,0.013900
C[C@H]1CN([C@H](C)CO)C(=O)Cc2cc(ccc2O[C@@H]1CN(C)Cc1ccc(cc1)C(F)(F)F)NC(=O)NC1CCCCC1,0,0.258744,0.145260,0.044941
C[C@H]1CN([C@@H](C)CO)C(=O)CCCn2cc(nn2)CO[C@H]1CN(C)Cc1ccc(cc1)C(=O)Nc1ccccc1N,0,0.042530,0.023853,0.006620
OCc1ccc(cc1)CO[C@H]1C[C@H](C=C(O1)C(=O)N1CCN(CC1)Cc1ccccc1)c1ccc(cc1)Br,0,0.174460,0.241239,0.065411
C[C@@H]1CN([C@@H](C)CO)C(=O)Cc2cc(ccc2O[C@H]1CN(C)Cc1ccc(cc1)Oc1ccccc1)NC(=O)Nc1ccc(cc1)F,0,0.027719,0.023383,0.005621
COCCOC(=O)N1C(=O)[C@]2([C@@H]([C@@H]3N([C@H]([C@H](OC3=O)c3ccccc3)c3ccccc3)[C@@H]2c2ccc(cc2)OCCO)C(=O)Nc2nc3ccccc3s2)c2ccccc21,0,0.110367,0.040668,0.012514
C[C@H]1CN([C@H](C)CO)C(=O)Cc2cc(ccc2O[C@@H]1CN(C)S(=O)(=O)c1cn(cn1)C)NC(=O)CCN1CCOCC1,0,0.001905,0.023299,0.003335
COc1ccccc1S(=O)(=O)N(C)C[C@H]1OCc2cn(nn2)CCCC(=O)N(C[C@@H]1C)[C@@H](C)CO,0,0.015471,0.024174,0.004956
C[C@@H](O)C#Cc1ccc2c(c1)O[C@@H](CN(C)C(=O)C1CCCCC1)[C@@H](C)CN([C@@H](C)CO)S2(=O)=O,0,0.026782,0.038379,0.007341
CS(=O)(=O)N1C[C@@H]2OCC[C@@H]2[C@@H](C1)C(=O)NCc1cccnc1,0,0.015986,0.026087,0.004282
COC(=O)c1c(oc(c1C(=O)OC)C(=O)C)CC[C@@H](CO)NC(=O)N1CCC[C@H]1Cn1cc(nn1)Cc1ccccc1,0,0.062160,0.086616,0.081982
C[C@@H]1CN([C@@H](C)CO)C(=O)c2cc(ccc2O[C@H]1CN(C)C(=O)NC1CCCCC1)NS(=O)(=O)c1c(noc1C)C,0,0.035663,0.023836,0.004719
C[C@H]1CN([C@@H](C)CO)C(=O)c2cc(ccc2O[C@H]1CN(C)C(=O)Nc1ccc(cc1)C(F)(F)F)NC(=O)Cc1cn(c2ccccc12)C,0,0.449668,0.052251,0.020192
C[C@@H]1CN([C@@H](C)CO)C(=O)c2cc(ccc2O[C@H]1CN(C)Cc1ccncc1)NS(=O)(=O)c1cn(cn1)C,0,0.019012,0.024437,0.004303
OC[C@@H]1O[C@H](CCNC(=O)CN2CCOCC2)CC[C@@H]1NC(=O)c1ccc2c(c1)OCO2,0,0.009945,0.025354,0.005449
C[C@H]1CCCCO[C@@H](CN(C)S(=O)(=O)c2cn(cn2)C)[C@@H](C)CN([C@H](C)CO)C(=O)c2cc(ccc2O1)NC(=O)c1ccncc1,0,0.003397,0.023513,0.002953
C[C@@H]1CN([C@@H](C)CO)C(=O)CCCn2nncc2CO[C@@H]1CN(C)C(=O)Nc1ccc(cc1)N1CCCCC1,0,0.142916,0.030003,0.009534
OCc1ccc(cc1)[C@@H]1N(Cc2ccccc2C(F)(F)F)C(=O)c2ccccc2[C@@]11Cc2ccccc2N(Cc2ccccc2)C1=O,0,0.084064,0.073258,0.045209
C[C@H]1CN([C@@H](C)CO)C(=O)c2cc(cnc2O[C@@H]1CN(C)C(=O)Nc1c(noc1C)C)C#CCN(C)C,0,0.140088,0.024136,0.004885
C[C@@H]1CCCCO[C@H](CN(C)CC2CC2)[C@H](C)CN([C@@H](C)CO)C(=O)c2cc(ccc2O1)NC(=O)c1ccccc1,0,0.024626,0.025287,0.009014
C[C@H]1CCCCO[C@@H](CN(C)S(=O)(=O)c2ccc(cc2)F)[C@@H](C)CN([C@H](C)CO)C(=O)c2cc(ccc2O1)NS(=O)(=O)c1ccc(cc1)Cl,0,0.020152,0.025859,0.003442
Cn1cnc(c1)CCNC(=O)C[C@H]1CC[C@@H]2[C@H](COC[C@H](O)CN2C(=O)Nc2ccc(cc2)Cl)O1,0,0.884607,0.625618,0.370130
CC(=O)NCCCC[C@@H]1NC(=O)[C@@H]2C[C@@H]([C@@H](N2C1=O)c1ccc(cc1)O)C(=O)O,0,0.360362,0.664791,0.691437
C[C@H]1CCCCO[C@H](CN(C)Cc2ccc(cc2)C(F)(F)F)[C@@H](C)CN([C@H](C)CO)C(=O)c2cc(ccc2O1)NS(=O)(=O)C,0,0.114372,0.026044,0.005527
COc1cc2nccc(c2cc1OC)Oc1ccc(cc1)NC(=O)C1(CC1)C(=O)Nc1ccc(cc1)F,0,0.154689,0.356315,0.172033
C[C@@H]1CCCCO[C@@H](CN(C)C(=O)CCC(F)(F)F)[C@H](C)CN([C@@H](C)CO)C(=O)c2cc(ccc2O1)NC(=O)C1CCCCC1,0,0.065132,0.125325,0.048568
COCCNC(=O)C[C@@H]1CC[C@@H]2[C@H](COC[C@H](O)CN2C(=O)Nc2ccc3c(c2)OCO3)O1,0,0.202119,0.099681,0.049256
COc1cc(OC)c(OC)cc1C=O,0,0.952131,0.087522,0.055700
C[C@H]1CN([C@@H](C)CO)C(=O)c2cc(ccc2O[C@H]1CN(C)S(=O)(=O)c1ccc(cc1)C)NC(=O)CCCN(C)C,0,0.014373,0.024460,0.004952
C[C@H]1CCCCO[C@H](CN(C)S(=O)(=O)c2cccs2)[C@H](C)CN([C@@H](C)CO)C(=O)c2cc(ccc2O1)NC(=O)Nc1ccc2c(c1)OCO2,0,0.000889,0.023703,0.002780
CNC[C@@H]1OCCCC[C@H](C)Oc2ccc(cc2C(=O)N(C[C@@H]1C)[C@H](C)CO)NC(=O)c1ccncc1,0,0.010293,0.023737,0.004583
COc1ccc(cc1)S(=O)(=O)N(C)C[C@@H]1Oc2ccc(cc2CC(=O)N(C[C@H]1C)[C@H](C)CO)NC(=O)c1ccncc1,0,0.001981,0.023784,0.003177
C[C@@H]1CC[C@@]2(OC1)O[C@H]1C[C@H]3[C@H]4C[C@@H](O)[C@H]5C[C@H](CC[C@]5(C)[C@@H]4CC[C@]3(C)[C@H]1[C@@H]2C)O[C@@H]1O[C@H](CO)[C@H](O[C@@H]2O[C@H](CO)[C@@H](O)[C@H](O[C@@H]3OC[C@@H](O)[C@H](O)[C@H]3O)[C@H]2O[C@@H]2O[C@H](CO)[C@@H](O)[C@H](O)[C@H]2O)[C@H](O)[C@H]1O,0,0.747682,0.086630,0.026216
CC(C)C#Cc1ccc2c(c1)O[C@H](CN(C)S(=O)(=O)c1cn(cn1)C)[C@H](C)CN([C@@H](C)CO)S2(=O)=O,0,0.043949,0.024927,0.003799
C[C@@H]1CN([C@H](C)CO)C(=O)Cc2cc(ccc2O[C@H]1CN(C)Cc1ccc(cc1)C(=O)O)NC(=O)c1ccncc1,0,0.029703,0.033423,0.011695
C[C@@H]1CN([C@H](C)CO)C(=O)c2ccccc2-c2ccccc2CO[C@H]1CN(C)S(=O)(=O)c1ccc(cc1)C(F)(F)F,0,0.179375,0.049721,0.014723
C[C@@H]1CN([C@@H](C)CO)C(=O)Cc2cc(ccc2O[C@H]1CN(C)C(=O)Nc1cccc2ccccc12)NC(=O)C1CCCCC1,0,0.012200,0.023521,0.005862
C[C@@H]1CN([C@H](C)CO)C(=O)c2cccc(c2O[C@@H]1CN(C)Cc1ccc(cc1)Oc1ccccc1)NC(=O)Nc1ccc(cc1)F,0,0.072145,0.032138,0.016171
C[C@@H]1CCCCO[C@H](CN(C)S(=O)(=O)c2ccc(cc2)F)[C@H](C)CN([C@@H](C)CO)C(=O)c2cc(ccc2O1)NS(=O)(=O)c1ccc(cc1)Cl,0,0.020152,0.025859,0.003442
CCN(CC)CCNC(=O)c1c([nH]c(c1C)/C=C\1/C(=O)Nc2ccc(cc21)-c1csc(n1)-c1ccccc1)C,0,0.732450,0.167784,0.132311
C[C@@H]1CN([C@@H](C)CO)C(=O)Cc2cc(ccc2O[C@H]1CN(C)C(=O)Nc1ccc2c(c1)OCO2)NC(=O)CCN1CCOCC1,0,0.001360,0.023644,0.003225
COc1ccc(cc1)S(=O)(=O)Nc1ccc2c(c1)CC(=O)N(C[C@@H](C)[C@@H](CN(C)Cc1ccc(cc1)Oc1ccccc1)O2)[C@@H](C)CO,0,0.001189,0.026616,0.003338
C[C@@H]1CN([C@@H](C)CO)C(=O)c2cccc(c2O[C@H]1CN(C)C(=O)Nc1ccc(cc1)C(F)(F)F)NC(=O)c1nc2ccccc2s1,0,0.364998,0.107906,0.079762
C[C@H]1CN([C@H](C)CO)C(=O)c2cc(ccc2O[C@H]1CN(C)Cc1ccccc1)NC(=O)Nc1cccc2ccccc12,0,0.015160,0.031675,0.013390
C[C@H]1CN([C@H](C)CO)S(=O)(=O)c2ccc(cc2O[C@H]1CN(C)Cc1ccc(cc1)F)C#CC1CC1,0,0.156855,0.027231,0.005305
C[C@@H]1CN([C@H](C)CO)C(=O)c2cccc(c2O[C@@H]1CN(C)Cc1ccncc1)NC(=O)Nc1ccc(cc1)C(F)(F)F,0,0.615740,0.092001,0.095732
C[C@@H]1CCCCO[C@@H](CN(C)S(=O)(=O)c2ccc(cc2)F)[C@H](C)CN([C@@H](C)CO)C(=O)c2cc(ccc2O1)NC(=O)CCC(F)(F)F,0,0.066496,0.026199,0.004426
CCc1cccc2c3c([nH]c12)C(CC)(CC(=O)O)OCC3,0,0.774307,0.523013,0.470916
C[C@H]1CCCCO[C@H](CN(C)Cc2ccncc2)[C@H](C)CN([C@@H](C)CO)C(=O)c2cc(ccc2O1)NC(=O)Nc1ccc(cc1)C(F)(F)F,0,0.408895,0.030785,0.010036
C[C@H]1CN([C@@H](C)CO)C(=O)c2cc(ccc2O[C@H]1CN(C)C(=O)Nc1ccc(cc1)C(F)(F)F)NC(=O)Nc1ccc(cc1)C(F)(F)F,0,0.940402,0.097878,0.070255
C[C@@H]1CN([C@H](C)CO)C(=O)Cc2cc(ccc2O[C@@H]1CN(C)Cc1ccc(cc1)C(F)(F)F)NC(=O)Cn1cnnn1,0,0.276234,0.056328,0.030458
C[C@H]1CN([C@H](C)CO)C(=O)c2cccc(c2O[C@H]1CN(C)Cc1ccc(cc1)Oc1ccccc1)NC(=O)Nc1ccccc1,0,0.007769,0.026843,0.006875
C[C@@H](O)C#Cc1ccc2c(c1)O[C@H](CN(C)C(=O)C1CCCCC1)[C@H](C)CN([C@H](C)CO)S2(=O)=O,0,0.026782,0.038379,0.007341
Oc1ccc(Cl)c2cccnc12,0,0.423473,0.312696,0.188226
C[C@H]1CCCCO[C@@H](CN(C)C(=O)C2CCCCC2)[C@@H](C)CN([C@H](C)CO)C(=O)c2cc(ccc2O1)NC(=O)Nc1ccc(cc1)C(F)(F)F,0,0.417858,0.158924,0.095278
CCCCCC[C@@H](O)CC=CCCCCCCCC(=O)O,0,0.023683,0.143544,0.094469
C[C@@H]1CCCCO[C@H](CN(C)S(=O)(=O)c2ccc(cc2)F)[C@@H](C)CN([C@H](C)CO)C(=O)c2cc(ccc2O1)NC(=O)Cc1ccccc1,0,0.004994,0.023882,0.002927
NC(=O)NCC#Cc1ccc2c(c1)[C@]1([C@H]([C@H]3N([C@@H]([C@@H](OC3=O)c3ccccc3)c3ccccc3)[C@H]1c1ccccc1OCCO)C(=O)O)C(=O)N2,0,0.567786,0.527242,0.264534
CC1CC2C3CC(F)C4=CC(=O)C=CC4(C)C3(F)C(O)CC2(C)C1(O)C(=O)COC(=O)C(C)(C)C,0,0.012531,0.266003,0.106281
C=CCN1[C@H]2CCN([C@@H]2CC1=O)c1cnccn1,0,0.074059,0.035105,0.015816
C[C@@H]1CN([C@@H](C)CO)C(=O)c2cccc(c2O[C@H]1CN(C)S(=O)(=O)c1ccc(cc1)Cl)NC(=O)Nc1ccc(cc1)C(F)(F)F,0,0.649005,0.166682,0.013094
C[C@H]1CCCCO[C@@H](CN(C)S(=O)(=O)c2c(noc2C)C)[C@H](C)CN([C@H](C)CO)C(=O)c2cc(ccc2O1)N(C)C,0,0.016611,0.024545,0.004919
C[C@H]1CN([C@@H](C)CO)C(=O)Cc2cc(ccc2O[C@@H]1CN(C)S(=O)(=O)c1ccccc1)NS(=O)(=O)c1ccc(cc1)C,0,0.001648,0.023701,0.003734
C[C@@H]1CN([C@@H](C)CO)C(=O)c2cccc(c2O[C@@H]1CN(C)S(=O)(=O)c1ccccc1)NS(=O)(=O)c1ccccc1,0,0.004186,0.026070,0.005531
C[C@H]1CN([C@@H](C)CO)C(=O)c2cccc(c2O[C@H]1CN(C)S(=O)(=O)c1cccs1)NS(=O)(=O)c1cn(cn1)C,0,0.011246,0.024312,0.005496
C[C@@H]1CN([C@H](C)CO)C(=O)c2cccc(c2O[C@H]1CN(C)S(=O)(=O)c1cn(cn1)C)NS(=O)(=O)c1ccc(cc1)F,0,0.027911,0.025555,0.006148
C[C@H]1CCCCO[C@H](CN(C)S(=O)(=O)c2ccc(cc2)F)[C@@H](C)CN([C@@H](C)CO)C(=O)c2cc(ccc2O1)NC(=O)C1CCCCC1,0,0.013701,0.023796,0.003136
CCN(CC)c1ccc2c(c3ccc(cc3[o+]c2c1)N(CC)CC)-c1ccc(cc1S(=O)(=O)O)S(=O)(=O)O,0,0.054512,0.484464,0.370544
COC(=O)c1c2oc(c1C(=O)OC)C(=O)N[C@H](Cc1ccccc1)Cn1cc(nn1)CNC(=O)[C@@H](Cc1ccccc1)NC(=O)N[C@@H](CO)CCc1oc(c(c1C(=O)OC)C(=O)OC)C(=O)N[C@H](Cc1ccccc1)Cn1cc(nn1)CNC(=O)[C@@H](Cc1ccccc1)NC(=O)N[C@@H](CO)CC2,0,0.000067,0.173580,0.026915
C[C@@H]1CN([C@@H](C)CO)C(=O)c2cc(ccc2O[C@H]1CN(C)CC1CCCCC1)NC(=O)Nc1ccccc1,0,0.072439,0.045018,0.027830
COc1ccc(cc1)S(=O)(=O)Nc1cccc2c1O[C@H](CN(C)S(=O)(=O)c1ccccc1)[C@H](C)CN([C@@H](C)CO)C2=O,0,0.007321,0.025670,0.005362
COc1ccc(cc1)CNC(=O)C[C@@H]1CC[C@@H]2[C@H](COc3ccc(cc3C(=O)N2C)NC(=O)C2CC2)O1,0,0.023090,0.025660,0.007078
CO[C@@H]1CN(C)C(=O)c2ccc(cc2OC[C@@H](C)N(C[C@@H]1C)C(=O)NC(C)C)NS(=O)(=O)CC(F)(F)F,0,0.013698,0.028747,0.007776
C(Nc1ccc(cc1)NCc1cccs1)c1cccs1,0,0.310492,0.142811,0.242988
CO/N=C/1\C[C@]2(C[C@@H]3C[C@@H](C/C=C(\C)C[C@@H](C)/C=C/C=C/4\CO[C@@H]5[C@H](O)C(=C[C@@H](C(=O)O3)[C@@]54O)C)O2)O[C@@H]([C@H]1C)/C(=C/C(C)C)C,0,0.934636,0.777650,0.664630
CN(C)CC#Cc1ccc(cc1)[C@@H]1[C@@H](CO)N2[C@H]1CN(CC2=O)C(=O)c1cccnc1,0,0.171497,0.044370,0.017491
CCCCOCCOc1ccc(cc1)-c1ccc2c(c1)/C=C(\CCCN2CC(C)C)C(=O)Nc1ccc(cc1)[S@@](=O)Cc1cncn1CCC,0,0.873756,0.375987,0.232804
C[C@@H](NC(=O)C[C@H]1CC[C@H](NC(=O)CN2CCOCC2)[C@H](CO)O1)c1ccccc1,0,0.021430,0.023592,0.012829
COCCNC(=O)C[C@H]1C[C@H]2[C@H](Oc3ccc(cc32)NS(=O)(=O)C)[C@@H](CO)O1,0,0.012529,0.024480,0.007706
C[C@@H]1CCCCO[C@H](CN(C)Cc2ccc(cc2)C(F)(F)F)[C@@H](C)CN([C@@H](C)CO)C(=O)c2cc(ccc2O1)NS(=O)(=O)C,0,0.114372,0.026044,0.005527
C[C@@H]1CN([C@@H](C)CO)C(=O)Cc2cc(ccc2O[C@@H]1CN(C)S(=O)(=O)c1ccc(cc1)Cl)NC(=O)CCN1CCOCC1,0,0.002930,0.028865,0.004004
CCCC#Cc1ccc2c(c1)O[C@H](CN(C)Cc1ccc3c(c1)OCO3)[C@@H](C)CN([C@H](C)CO)S2(=O)=O,0,0.031768,0.028906,0.004044
C[C@@H]1CN([C@H](C)CO)S(=O)(=O)c2ccc(cc2O[C@H]1CN(C)C(=O)Cc1ccccc1)C#CC1(O)CCCC1,0,0.016923,0.025686,0.006756
C[C@@H]1CN([C@H](C)CO)C(=O)Cc2cc(ccc2O[C@@H]1CN(C)S(=O)(=O)c1ccc(cc1)F)NC(=O)c1ccncc1,0,0.004429,0.023777,0.002945
C[C@H]1CN([C@@H](C)CO)C(=O)c2cc(ccc2O[C@@H]1CN(C)Cc1ccc(cc1)C(F)(F)F)NC(=O)Nc1cccc2ccccc12,0,0.222439,0.056902,0.035956
O=C(NCc1ccccc1)C12OC3(COC[C@@H](N3C2=O)c2ccccc2)[C@@H]2[C@H]1C(=O)N(C2=O)c1ccccc1,0,0.055269,0.161745,0.133567
C[C@@H]1CN([C@@H](C)CO)C(=O)c2cc(ccc2O[C@@H]1CN(C)CC1CC1)NS(=O)(=O)c1ccc(cc1)F,0,0.061851,0.028498,0.006739
Cc1cc(n(n1)C(=O)Cn1cc(cn1)[N+](=O)[O-])C,0,0.996868,0.431018,0.303630
Fc1ccc(cc1)C1=NNC(=S)O1,0,0.839697,0.066756,0.063493
CNC[C@@H]1OCCCC[C@@H](C)Oc2ccc(cc2C(=O)N(C[C@H]1C)[C@@H](C)CO)NC(=O)CCCN(C)C,0,0.036950,0.024773,0.004659
CCS(=O)(=O)NCC[C@@H]1CC[C@@H](NC(=O)Cc2ccccn2)[C@@H](CO)O1,0,0.002332,0.023228,0.005882
CC1=NC(=O)C2(CCNCC2)N1,0,0.233356,0.031914,0.006530
COCC(=O)N1CC[C@]2(CC1)CN([C@H](CO)c1[nH]c3cc(ccc3c12)OC)S(=O)(=O)C,0,0.023154,0.024823,0.010228
CN1C(=O)C(O)N=C(c2ccccc2)c2cc(Cl)ccc21,0,0.322461,0.280441,0.093911
CCOC(=O)[C@@H]1CCC[C@@H]1N,0,0.026796,0.020731,0.007347
C[C@H]1CN([C@H](C)CO)C(=O)c2cc(ccc2O[C@@H]1CN(C)Cc1ccc(cc1)Oc1ccccc1)NC(=O)Nc1c(noc1C)C,0,0.017961,0.028218,0.010368
C[C@H]1CN([C@H](C)CO)C(=O)c2c(c3ccccc3n2C)-c2ccccc2CO[C@H]1CN(C)Cc1cccc(c1)F,0,0.129578,0.032494,0.018172
C[C@H]1CN([C@@H](C)CO)C(=O)c2cc(ccc2O[C@@H]1CN(C)Cc1ccc2c(c1)OCO2)NC(=O)Nc1cccc2ccccc12,0,0.008479,0.026010,0.007946
C[C@H]1CCCCO[C@@H](CN(C)C(=O)Nc2ccc(cc2)F)[C@@H](C)CN([C@H](C)CO)C(=O)c2cc(ccc2O1)NC(=O)Nc1c(noc1C)C,0,0.141670,0.024412,0.002684
COCC#Cc1cnc2c(c1)C(=O)N(C[C@H](C)[C@H](CN(C)C(=O)Nc1ccc(cc1)OC)O2)[C@@H](C)CO,0,0.049164,0.021981,0.003880
CC(C)(C)NC(=O)N1CCC(CN)CC1,0,0.214131,0.024306,0.007810
COCc1cn(nn1)CC[C@@H]1CC[C@H](NC(=O)CCN2CCCCC2)[C@H](CO)O1,0,0.396018,0.030507,0.014919
FC(F)(F)c1cccc(c1)-c1nc2cc(ccc2c(c1CN1CCC(CC1)N1CCCCC1)C(=O)NC1(CC1)c1ccccc1)Br,0,0.990407,0.583699,0.575786
COc1ccc(cc1)NC(=O)Nc1ccc2c(c1)C(=O)N(C[C@H](C)[C@H](CN(C)CC1CCCCC1)OCCCC[C@H](C)O2)[C@H](C)CO,0,0.073460,0.027359,0.005783
COc1ccc(cc1)CN(C)C[C@H]1OCCCC[C@@H](C)Oc2ccc(cc2C(=O)N(C[C@@H]1C)[C@H](C)CO)NC(=O)NC1CCCCC1,0,0.055551,0.026348,0.005392
C[C@H]1CN([C@@H](C)CO)C(=O)c2cccc(c2O[C@H]1CN(C)S(=O)(=O)c1ccccc1)NS(=O)(=O)c1cccs1,0,0.003464,0.026062,0.004735
C[C@@H]1CCCCO[C@@H](CN(C)C(=O)Nc2c(noc2C)C)[C@@H](C)CN([C@H](C)CO)C(=O)c2cc(ccc2O1)NC(=O)Cc1ccccc1,0,0.017305,0.021869,0.002461
C[C@H]1CN([C@@H](C)CO)C(=O)c2cccc(c2O[C@H]1CN(C)Cc1ccc(cc1)Oc1ccccc1)NS(=O)(=O)c1cccs1,0,0.004104,0.023936,0.004657
C[C@H]1CCCCO[C@@H](CN(C)C(=O)c2ccccc2)[C@@H](C)CN([C@H](C)CO)C(=O)c2cc(ccc2O1)NS(=O)(=O)c1ccc(cc1)Cl,0,0.002831,0.023441,0.002623
CCc1cccc(c1)NC(=O)O[C@@H]1[C@@H](CO)O[C@H](OC)[C@@H](OC(=O)Nc2ccccc2-c2ccccc2)[C@H]1OC(=O)Nc1ccccc1-c1ccccc1,0,0.780944,0.061457,0.020269
CC(C)C#Cc1ccc2c(c1)O[C@@H](CN(C)S(=O)(=O)c1cn(cn1)C)[C@H](C)CN([C@H](C)CO)S2(=O)=O,0,0.043949,0.024927,0.003799
CNC[C@H]1OCCCC[C@@H](C)Oc2ccc(cc2C(=O)N(C[C@H]1C)[C@H](C)CO)NS(=O)(=O)c1cn(cn1)C,0,0.050693,0.023540,0.005345
COc1ccc(cc1)NC(=O)N(C)C[C@@H]1Oc2ncc(cc2C(=O)N(C[C@@H]1C)[C@H](C)CO)C#CCN(C)C,0,0.066230,0.023625,0.004537
C[C@@H]1CCCCO[C@@H](CN(C)C(=O)Nc2ccc(cc2)C(F)(F)F)[C@@H](C)CN([C@H](C)CO)C(=O)c2cc(ccc2O1)NC(=O)CCCCCC(=O)Nc1ccccc1N,0,0.152230,0.020085,0.003151
C[C@H]1CN([C@H](C)CO)C(=O)Cc2cc(ccc2O[C@@H]1CN(C)CC1CCCCC1)NC(=O)Nc1ccc(cc1)F,0,0.215790,0.037092,0.017729
C[C@@H]1CCCCO[C@H](CN(C)C(=O)Nc2cccc3ccccc23)[C@H](C)CN([C@H](C)CO)C(=O)c2cc(ccc2O1)NS(=O)(=O)c1ccc(cc1)Cl,0,0.008575,0.025415,0.002366
COc1cccc(c1)S(=O)(=O)Nc1ccc2c(c1)[C@@H]1C[C@H](CC(=O)NCC(F)(F)F)O[C@@H](CO)[C@@H]1O2,0,0.053485,0.026117,0.012892
COc1ccc(cc1)NC(=O)Nc1cccc2c1O[C@H](CN(C)CC1CCCCC1)[C@@H](C)CN([C@H](C)CO)C2=O,0,0.079566,0.040854,0.012982
C[C@@H]1CCCCO[C@@H](CN(C)Cc2ccc(cc2)C(=O)O)[C@@H](C)CN([C@H](C)CO)C(=O)c2cc(ccc2O1)NC(=O)CCC(F)(F)F,0,0.434366,0.027297,0.008629
Cc1csc2sc(c(c12)C)C(=O)Oc1ccc(cc1)Cl,0,0.873646,0.221686,0.257497
COC(=O)C[C@@H]1CC[C@H]2NC[C@H](O)COC[C@@H]2O1,0,0.036246,0.031433,0.011706
C[C@H]1CCCCO[C@H](CN(C)C(=O)Nc2ccc(cc2)C(F)(F)F)[C@@H](C)CN([C@H](C)CO)C(=O)c2cc(ccc2O1)NS(=O)(=O)c1cn(cn1)C,1,0.316164,0.887212,0.928648
CC12C=CC(=O)C=C1CCC1C2C(O)CC2(C)C1CCC2(O)C(=O)COC(=O)CCC(=O)O,0,0.184197,0.604608,0.390994
COc1ccc(cc1)S(=O)(=O)N[C@H]1C=C[C@@H](CC(=O)N2CCN(CC2)c2ccccc2)O[C@@H]1CO,0,0.017898,0.028135,0.010206
OCCN1CCOCC1,0,0.044434,0.043344,0.018294
CCCN(C)C[C@H]1OCCCC[C@H](C)Oc2ccc(cc2C(=O)N(C[C@H]1C)[C@H](C)CO)NS(=O)(=O)c1cn(cn1)C,0,0.068449,0.025698,0.004797
C[C@@H](CCO)CCC=C(C)C,0,0.008310,0.050155,0.020507
CN(C)S(=O)(=O)N1CCN(CC1)c1ccc(cc1)OCc1c(c(nn1C)C)-c1cccc2c(c(n(c12)CCN1CCNCC1)C(=O)O)CCCOc1cccc2ccccc12,0,0.293315,0.555838,0.306873
COc1ccc(cc1)NC(=O)Nc1ccc2c(c1)C(=O)N(C[C@@H](C)[C@@H](CN(C)S(=O)(=O)c1c(noc1C)C)OCCCC[C@H](C)O2)[C@H](C)CO,0,0.010742,0.023792,0.002963
C[C@@H]1CN([C@@H](C)CO)C(=O)c2cccc(c2O[C@H]1CN(C)Cc1ccc(c(c1)Cl)Cl)NC(=O)Nc1ccccc1,0,0.262635,0.092161,0.028653
C[C@@H]1CN([C@H](C)CO)C(=O)c2cc(ccc2O[C@H]1CN(C)C(=O)Nc1ccc2c(c1)OCO2)NC(=O)c1ccncc1,0,0.003208,0.022571,0.003441
COc1ccc2c3c(n(c2c1)C)[C@@H](CO)N(C[C@]13CN(C1)C(=O)Cc1ccccc1)C(=O)c1ccccn1,0,0.004508,0.077972,0.022971
CC(C)NC(=O)Nc1ccc2c(c1)C(=O)N(C)[C@@H]1CC[C@H](CC(=O)NCc3ccc(cc3)F)O[C@@H]1CO2,0,0.045078,0.029277,0.012132
CCCNC(=O)C[C@@H]1CC[C@@H]2[C@@H](COc3ccc(cc3C(=O)N2C)NC(=O)c2ccc3c(c2)OCO3)O1,0,0.001936,0.024855,0.005998
O=C1Nc2ccccc2-n2cnnc21,0,0.273534,0.080401,0.032953
COc1ccc(cc1)NC(=O)N1C[C@@H](O)COC[C@H]2O[C@@H](CC[C@@H]21)CC(=O)NC1Cc2ccccc2C1,0,0.422476,0.148304,0.077402
C[C@H]1CCCCO[C@H](CN(C)C(=O)Nc2ccc(cc2)F)[C@H](C)CN([C@@H](C)CO)C(=O)c2cc(ccc2O1)NS(=O)(=O)c1ccc(cc1)F,0,0.086934,0.023882,0.004122
COc1cc(OC)c2c(c1)OC(c1ccccc1)CC2=O,0,0.279178,0.494549,0.303910
NC(=O)c1ncn(c1N)[C@@H]1O[C@H](CO)[C@@H](O)[C@H]1O,0,0.051506,0.071741,0.036019
C[C@H]1CCCCO[C@H](CN(C)CC2CCCCC2)[C@@H](C)CN([C@H](C)CO)C(=O)c2cc(ccc2O1)NC(=O)Nc1c(noc1C)C,0,0.163897,0.044931,0.009775
C/N=C\1/S[C@@H]2CS(=O)(=O)C[C@@H]2N1C,0,0.005849,0.165651,0.057879
Cn1nnnc1SCC1=C(C(=O)[O-])N2C(=O)C(NC(=O)C(OC=O)c3ccccc3)C2SC1.[Na+],1,0.999419,0.957753,0.985012
C[C@@H]1CN([C@@H](C)CO)C(=O)c2cc(ccc2O[C@H]1CN(C)C(=O)Nc1ccc2c(c1)OCO2)NC(=O)Nc1cccc2ccccc12,0,0.004484,0.021896,0.003205
OC[C@H]1O[C@H](CCNS(=O)(=O)c2ccccc2)CC[C@H]1NC(=O)c1cnccn1,0,0.039401,0.023182,0.008290
CCS(=O)(=O)Nc1ccc2c(c1)C(=O)N(C)[C@@H]1CC[C@H](CC(=O)NCc3ccccc3F)O[C@@H]1CO2,0,0.007608,0.028602,0.007290
C[C@@H]1CCCCO[C@H](CN(C)Cc2ccccc2)[C@H](C)CN([C@@H](C)CO)C(=O)c2cc(ccc2O1)NC(=O)Nc1ccccc1,0,0.016079,0.024549,0.006208
OC(=O)Cc1ccc(c(c1)O)O,0,0.655117,0.065674,0.046880
CNC[C@H]1Oc2ccc(cc2CC(=O)N(C[C@@H]1C)[C@H](C)CO)NS(=O)(=O)c1cn(cn1)C,0,0.029041,0.023937,0.005867
C[C@@H]1CN([C@H](C)CO)C(=O)c2c(c3ccccc3n2C)-c2ccccc2CO[C@@H]1CN(C)S(=O)(=O)c1cn(cn1)C,0,0.042293,0.027794,0.004884
C[C@@H]1CN([C@@H](C)CO)C(=O)Cc2cc(ccc2O[C@@H]1CN(C)C(=O)Nc1ccc(cc1)F)NC(=O)Nc1ccc(cc1)C(F)(F)F,0,0.608379,0.046161,0.018014
COc1ccc2c3c(n(c2c1)C)[C@@H](CO)N(Cc1cc(cc(c1)OC)OC)C[C@]13CCN(CC1)C(=O)Nc1cccc(c1)F,0,0.424017,0.042451,0.015277
C[C@H]1CCCCO[C@H](CN(C)Cc2ccc3c(c2)OCO3)[C@H](C)CN([C@H](C)CO)C(=O)c2cc(ccc2O1)NC(=O)Nc1ccc(cc1)F,0,0.058474,0.028609,0.005615
O=S1(=O)CCN(CCc2ccccc2)CC1,0,0.028928,0.179173,0.059135
CC(=O)NCCCC[C@@H]1NC(=O)[C@@H]2C[C@@H]([C@@H](N2C1=O)c1cccc(c1)OCCO)C(=O)NCCCCCCN,0,0.197789,0.057267,0.036243
CS(=O)(=O)N1CCOC[C@]2(CN(CCO2)c2ncccn2)C1,0,0.003641,0.150542,0.008966
NCC1OC(OC2C(N)CC(N)C(OC3OC(CO)C(O)C(N)C3O)C2O)C(N)C(O)C1O.O=S(=O)(O)O,1,0.908822,0.827712,0.904085
CO[C@H]1CN(C)C(=O)c2ccc(cc2OC[C@@H](C)N(CC2CC2)C[C@H]1C)NS(=O)(=O)c1cn(cn1)C,0,0.026154,0.023116,0.004553
OC[C@H]1[C@H]([C@H]2CN(CC(=O)N12)S(=O)(=O)Cc1ccccc1)c1ccc(cc1)C#Cc1cccc(c1)F,0,0.071286,0.037732,0.022067
C[C@@H]1CN([C@@H](C)CO)C(=O)Cc2cc(ccc2O[C@H]1CN(C)S(=O)(=O)c1ccc(cc1)C)N(C)C,0,0.013387,0.031691,0.008080
CO[C@H]1O[C@H](COC(=O)NCCCCCC(=O)NO)[C@H]2OC(=O)[C@H](C/C=C/C[C@H](Cc3ccccc3)C(=O)O[C@@H]2[C@H]1OC(=O)OCC=C)Cc1cccc(c1)Br,0,0.001889,0.193110,0.103510
C[C@@H]1CN([C@H](C)CO)C(=O)c2cccc(c2O[C@@H]1CN(C)Cc1ccncc1)NC(=O)c1ccncc1,0,0.004296,0.023470,0.003540
O=S(=O)([O-])CCSSCCS(=O)(=O)[O-].[Na+].[Na+],0,0.310566,0.350304,0.220707
CCN(Cc1ccc(c(c1)OC)OC)c1c(nc2ccc(cn12)C(=O)Nc1ccc(c(c1)OC)OC)CC,0,0.560818,0.060410,0.030189
C[C@H]1CCCCO[C@@H](CN(C)CC2CCCCC2)[C@@H](C)CN([C@H](C)CO)C(=O)c2cc(ccc2O1)NS(=O)(=O)c1ccccc1,0,0.013438,0.024575,0.005433
CCCCCCCCCCCCCCCCOc1nc2ccc(C)cc2c(=O)o1,0,0.991711,0.622235,0.401119
COc1ccc(cc1)S(=O)(=O)N(C)C[C@H]1Oc2ccc(cc2C(=O)N(C[C@@H]1C)[C@H](C)CO)NC(=O)Cn1cnnn1,0,0.020281,0.024954,0.004459
CN1C2CCC1CC(OC(=O)C(CO)c1ccccc1)C2,0,0.091458,0.078820,0.040075
CC(=O)NCCOCCOCC(=O)N[C@@H]1C/C=C/CCC(=O)N[C@@H](COC1=O)c1ccccc1,0,0.051075,0.248093,0.141708
C[C@@H]1CCCCO[C@H](CN(C)C(=O)Nc2ccc3c(c2)OCO3)[C@H](C)CN([C@@H](C)CO)C(=O)c2cc(ccc2O1)NS(=O)(=O)c1ccc(cc1)F,0,0.006960,0.023763,0.003089
C[C@@H]1CCCCO[C@@H](CN(C)S(=O)(=O)c2cccs2)[C@H](C)CN([C@H](C)CO)C(=O)c2cc(ccc2O1)NC(=O)NC1CCCCC1,0,0.003639,0.024008,0.002632
CCCC(=O)O[C@H]1CN2CC[C@H](O)[C@@H]2[C@@H](O)[C@@H]1O,0,0.007795,0.106016,0.037921
COc1ccc(cc1)S(=O)(=O)Nc1ccc2c(c1)C(=O)N(C[C@@H](C)[C@@H](CN(C)S(=O)(=O)c1ccccc1)O2)[C@H](C)CO,0,0.004644,0.024748,0.004096
CN(C)CCCNC(=O)C[C@@H]1CC[C@H]2[C@@H](COC[C@H](O)CN2S(=O)(=O)c2ccc(cc2)C)O1,0,0.510147,0.030163,0.015573
COc1ccc2c3c([nH]c2c1)[C@@H](CO)N(CC1CCOCC1)C[C@]13CCN(CC1)C(=O)C1CCOCC1,0,0.428849,0.107874,0.051770
NC(=O)CCCCC(=O)N,0,0.000643,0.060560,0.026583
C[C@@H]1CCCCO[C@@H](CN(C)C(=O)Nc2ccc3c(c2)OCO3)[C@@H](C)CN([C@H](C)CO)C(=O)c2cc(ccc2O1)NC(=O)CCC(F)(F)F,0,0.055622,0.015679,0.009047
COCC#Cc1ccc2c(c1)O[C@H](CN(C)Cc1ccccc1F)[C@@H](C)CN([C@H](C)CO)S2(=O)=O,0,0.074650,0.028799,0.008642
N[C@H](CSCC[B](O)O)C(=O)O,0,0.002762,0.125757,0.033690
C[C@@H]1CCCCO[C@@H](CN(C)S(=O)(=O)c2cccs2)[C@@H](C)CN([C@@H](C)CO)C(=O)c2cc(ccc2O1)NC(=O)Nc1cccc2ccccc12,0,0.002114,0.023835,0.002346
CNC[C@H]1OCCCC[C@@H](C)Oc2ccc(cc2C(=O)N(C[C@@H]1C)[C@@H](C)CO)NS(=O)(=O)c1cn(cn1)C,0,0.050693,0.023540,0.005345
OC[C@H]1O[C@@H](C[C@H]2[C@@H]1Oc1ccc(cc12)NC(=O)Nc1ccc(cc1)C(F)(F)F)CC(=O)NC1CCCCC1,0,0.675410,0.254570,0.234481
CCCNC(=O)N1C[C@H]2[C@H]([C@@H](CO)N2C(=O)CN2CCOCC2)c2ccccc21,0,0.027995,0.030967,0.009785
CC(C)NC(=O)Nc1ccc2c(c1)C(=O)N(C[C@@H](C)[C@@H](CN(C)Cc1ccc(cc1)-c1ccccc1)O2)[C@H](C)CO,0,0.101370,0.037853,0.027160
C[C@H]1CCCCO[C@H](CN(C)C(=O)Nc2ccc(cc2)F)[C@@H](C)CN([C@@H](C)CO)C(=O)c2cc(ccc2O1)NC(=O)NC1CCCCC1,0,0.085266,0.025096,0.004686
C[C@@H](N1C(=O)CCC1=O)C(=O)O,0,0.042772,0.033636,0.018926
C[C@@H]1CN([C@@H](C)CO)C(=O)c2cccc(c2O[C@@H]1CN(C)C(=O)Nc1c(noc1C)C)NC(=O)c1ccc(cc1)-c1nccs1,0,0.039124,0.022657,0.004233
O[C@@H]1COC[C@H]2O[C@@H](CC[C@@H]2N(C1)C(=O)Nc1cccc(c1)Cl)CC(=O)NCCCN1CCOCC1,1,0.705371,0.918276,0.941198
O[C@@H]1COC[C@@H]2O[C@@H](CC[C@H]2N(C1)C(=O)C1CC1)CC(=O)NCc1ccncc1,0,0.329741,0.050790,0.020666
Cc1ccc(cc1)S(=O)(=O)N[C@H]1C=C[C@H](CC(=O)NCCN2CCCCC2)O[C@H]1CO,0,0.124027,0.024115,0.010268
CNC(=O)c1c(I)c(NC(C)=O)c(I)c(C(=O)O)c1I,0,0.646674,0.448725,0.398722
C[C@@H]1CCCCO[C@H](CN(C)Cc2ccc(cc2)C(F)(F)F)[C@H](C)CN([C@@H](C)CO)C(=O)c2cc(ccc2O1)NC(=O)Nc1c(noc1C)C,0,0.360211,0.025195,0.008797
C[C@@H]1CN([C@@H](C)CO)C(=O)Cc2cc(ccc2O[C@@H]1CN(C)Cc1ccc2c(c1)OCO2)NC(=O)Nc1ccc(cc1)C(F)(F)F,0,0.161285,0.081665,0.032079
OCCOc1ccc(cc1)[C@@H]1N2[C@H]([C@H](C(=O)NC[C@H](O)c3ccccc3)[C@@]11C(=O)Nc3ccc(cc31)C#CC1(O)CCCCCC1)C(=O)O[C@H]([C@H]2c1ccccc1)c1ccccc1,0,0.080276,0.062210,0.020133
CC(=CCC[C@@]1(C)Oc2c(c3c(c(c2C=C1)O)C(=O)[C@H]1C[C@@H]2C[C@H]4C(C)(C)O[C@](C/C=C(/C)C(=O)O)([C@@H]2O)[C@@]14O3)CC=C(C)C)C,0,0.945969,0.357638,0.237126
CC(C)CC#Cc1ccc2c(c1)O[C@H](CN(C)C(=O)c1ccncc1)[C@@H](C)CN([C@@H](C)CO)S2(=O)=O,0,0.019558,0.026679,0.004309
C[C@@H]1CN([C@@H](C)CO)C(=O)c2cccc(c2O[C@@H]1CN(C)S(=O)(=O)c1ccc(cc1)F)NC(=O)c1ccncc1,0,0.024619,0.023835,0.004273
CO[C@H]1CN(C)C(=O)c2ccc(cc2OC[C@H](C)N(C[C@H]1C)C(=O)c1ccc2c(c1)OCO2)NS(=O)(=O)CC(F)(F)F,0,0.005215,0.027868,0.008507
OC[C@@H]1O[C@@H](CCNC(=O)C2CCC2)CC[C@@H]1NC(=O)CN1CCOCC1,0,0.029281,0.020885,0.008763
C[C@H]1CCCCO[C@H](CN(C)C(=O)Nc2ccc3c(c2)OCO3)[C@@H](C)CN([C@H](C)CO)C(=O)c2cc(ccc2O1)NS(=O)(=O)c1ccc(cc1)Cl,0,0.005663,0.024866,0.002868
C[C@@H]1CN([C@@H](C)CO)C(=O)c2cccc(c2O[C@@H]1CN(C)C(=O)Nc1cccc2ccccc12)NC(=O)c1nc2ccccc2s1,0,0.004767,0.023473,0.006672
C[C@H]1CN([C@@H](C)CO)C(=O)c2cc(ccc2O[C@H]1CN(C)S(=O)(=O)c1ccccc1)NC(=O)C1CC1,0,0.006293,0.025835,0.004191
COc1ccc(cc1)NC(=O)Nc1ccc2c(c1)C(=O)N(C[C@H](C)[C@@H](CN(C)Cc1ccc(cc1)C(=O)O)OCCCC[C@H](C)O2)[C@@H](C)CO,0,0.071836,0.021169,0.003025
Cc1cc(c2[nH]c3ccccc3c2n1)C,0,0.064634,0.095422,0.040414
CCCN(C)C[C@@H]1OCCCC[C@@H](C)Oc2ccc(cc2C(=O)N(C[C@@H]1C)[C@H](C)CO)NS(=O)(=O)c1cn(cn1)C,0,0.068449,0.025698,0.004797
COc1ccc(cc1)NC(=O)Nc1ccc2c(c1)CC(=O)N(C[C@H](C)[C@@H](CN(C)Cc1ccc(cc1)-c1ccccc1)O2)[C@@H](C)CO,0,0.062607,0.025886,0.003696
C[C@@H](NC(=O)c1ccnn1C)[C@H]1CCCO1,0,0.057688,0.031786,0.005883
C[C@@H]1CCCCO[C@@H](CN(C)C(=O)NC2CCCCC2)[C@H](C)CN([C@@H](C)CO)C(=O)c2cc(ccc2O1)NC(=O)Nc1ccc2c(c1)OCO2,0,0.008305,0.022893,0.002477
C[C@@H]1CCCCO[C@@H](CN(C)C(=O)c2ccccc2)[C@H](C)CN([C@H](C)CO)C(=O)c2cc(ccc2O1)NC(=O)c1ccccc1,0,0.000558,0.022402,0.002806
C[C@H]1CCCCO[C@H](CN(C)CC2CC2)[C@@H](C)CN([C@H](C)CO)C(=O)c2cc(ccc2O1)NC(=O)Nc1ccc(cc1)F,0,0.310095,0.060370,0.036151
C[C@@H]1CN([C@@H](C)CO)C(=O)c2cc(ccc2O[C@@H]1CN(C)C(=O)Nc1c(noc1C)C)NC(=O)C1CC1,0,0.034267,0.022894,0.004411
C[C@@H]1CN([C@H](C)CO)C(=O)c2cc(ccc2O[C@@H]1CN(C)S(=O)(=O)C)NS(=O)(=O)c1cccs1,0,0.003824,0.025353,0.005503
C[C@@H]1CN([C@@H](C)CO)C(=O)Cc2cc(ccc2O[C@@H]1CN(C)S(=O)(=O)c1c(noc1C)C)NS(=O)(=O)c1cccs1,0,0.002206,0.024718,0.004394
COc1cc(C=CC(=O)O)ccc1O,0,0.734296,0.102290,0.159690
COCC#Cc1ccc2c(c1)O[C@@H](CN(C)C(=O)COC)[C@@H](C)CN([C@H](C)CO)S2(=O)=O,0,0.080568,0.024717,0.007233
O[C@@H]1COC[C@H]2O[C@H](CC[C@@H]2N(C1)C(=O)c1ccc2c(c1)OCO2)CC(=O)NCCN1CCCCC1,0,0.200219,0.052016,0.016705
CCS(=O)(=O)Nc1ccc2c(c1)C(=O)N(C)[C@H]1CC[C@H](CC(=O)N[C@@H]3CCN(C3)Cc3ccccc3)O[C@H]1CO2,0,0.002397,0.025343,0.006435
COc1cccc(c1)CNC(=O)c1cc2c(c(n1)-c1cccc(c1)-c1cccc(c1)C#N)[C@@H](CCO)N(C2)[S@](=O)C(C)(C)C,0,0.017891,0.108277,0.060856
OC[C@H]1O[C@H](CC(=O)NCc2ccc(c(c2)Cl)Cl)C=C[C@H]1NS(=O)(=O)c1ccc(cc1)F,0,0.695883,0.049523,0.030053
N[C@@H](C[C@@H](F)C(=O)O)C(=O)O,0,0.024500,0.099139,0.021521
C[C@@H]1CN([C@@H](C)CO)S(=O)(=O)c2ccc(cc2O[C@H]1CN(C)Cc1ccccc1F)C#CC1CC1,0,0.058663,0.027231,0.005857
C[C@H]1CN([C@@H](C)CO)C(=O)Cc2cc(ccc2O[C@@H]1CN(C)CC1CC1)NS(=O)(=O)c1c(noc1C)C,0,0.013609,0.023550,0.004668
C[C@@H]1CCCCO[C@@H](CN(C)Cc2ccc(cc2)C(=O)Nc2ccccc2N)[C@@H](C)CN([C@H](C)CO)C(=O)c2cc(ccc2O1)NS(=O)(=O)c1ccc(cc1)F,0,0.006631,0.023732,0.002609
NC(=O)c1cc(ccc1F)S(=O)(=O)N1CCOCC1,0,0.015587,0.025485,0.008317
C[C@@H]1CCCCO[C@@H](CN(C)Cc2ccc(c(c2)Cl)Cl)[C@@H](C)CN([C@@H](C)CO)C(=O)c2cc(ccc2O1)NC(=O)Nc1ccc(cc1)C(F)(F)F,0,0.911151,0.032807,0.009248
CCCN(C)C[C@H]1OCCCC[C@H](C)Oc2ccc(cc2C(=O)N(C[C@H]1C)[C@H](C)CO)NC(=O)CCC(F)(F)F,0,0.163288,0.252425,0.155860
COc1ccc(cc1)NC(=O)N(C)C[C@@H]1Oc2ncc(cc2C(=O)N(C[C@@H]1C)[C@@H](C)CO)Br,0,0.022887,0.023690,0.011890
COc1ccc(cc1)S(=O)(=O)N(C)C[C@H]1OCCCC[C@@H](C)Oc2ccc(cc2C(=O)N(C[C@@H]1C)[C@@H](C)CO)NC(=O)NC1CCCCC1,0,0.008112,0.025609,0.003327
OCCCOc1ccc(cc1)C1=N[C@](Cc2ccccc2)([C@H](O1)c1ccccc1)C(=O)NC[C@@H](O)CO,0,0.015026,0.132111,0.096251
C[C@@H]1CN([C@@H](C)CO)C(=O)c2cccc(c2O[C@@H]1CN(C)S(=O)(=O)c1ccccc1)NS(=O)(=O)C,0,0.009076,0.024504,0.007446
C[C@H]1CCCCO[C@@H](CN(C)C(=O)Cc2ccccc2)[C@H](C)CN([C@H](C)CO)C(=O)c2cc(ccc2O1)NC(=O)Nc1ccc2c(c1)OCO2,0,0.002742,0.021522,0.002306
C[C@H]1CCCCO[C@@H](CN(C)C(=O)Nc2ccc(cc2)F)[C@@H](C)CN([C@H](C)CO)C(=O)c2cc(ccc2O1)NC(=O)C1CCOCC1,0,0.051032,0.023664,0.004065
C[C@@H]1CN([C@H](C)CO)C(=O)c2cccc(c2O[C@H]1CN(C)S(=O)(=O)C)NC(=O)c1cc(nn1C)C,0,0.010621,0.023437,0.005835
C[C@H]1CN([C@@H](C)CO)C(=O)CCCn2cc(nn2)CO[C@@H]1CN(C)C(=O)Nc1ccccc1C(F)(F)F,0,0.807304,0.725851,0.400590
COc1ccc(cc1)NC(=O)Nc1ccc2c(c1)CC(=O)N(C[C@H](C)[C@H](CN(C)Cc1ccc(cc1)C(=O)Nc1ccccc1N)O2)[C@@H](C)CO,0,0.008937,0.021416,0.002531
C[C@@H]1CN([C@H](C)CO)S(=O)(=O)c2ccc(cc2O[C@H]1CN(C)C(=O)c1ccncc1)C#CC1(O)CCCC1,0,0.009108,0.022879,0.003868
C[C@@H]1CCCCO[C@@H](CN(C)Cc2ccc(cc2)C(F)(F)F)[C@@H](C)CN([C@@H](C)CO)C(=O)c2cc(ccc2O1)NS(=O)(=O)c1ccccc1,0,0.034897,0.023501,0.003877
COc1ncc(c(n1)OC)NC(=O)C1CC1,0,0.297917,0.034661,0.018465
C[C@H]1CN([C@@H](C)CO)C(=O)c2cccc(c2O[C@H]1CN(C)S(=O)(=O)C)NC(=O)Nc1ccc2c(c1)OCO2,0,0.006775,0.024757,0.004418
C[C@@H]1CN([C@H](C)CO)C(=O)c2cccc(c2O[C@H]1CN(C)S(=O)(=O)c1ccccc1)NC(=O)Nc1cccc2ccccc12,0,0.009516,0.026568,0.003493
COCC#Cc1ccc(cc1)[C@H]1[C@@H](CO)N2[C@H]1CN(CC2=O)C(=O)c1cccnc1,0,0.091920,0.031841,0.007817
CC[C@@H](C)[C@@H]1N[C@@H]2C=Cc3c(cc(nc3[C@H]2O)C(=O)O[C@H](C)[C@@H]2NC(=O)c3csc(n3)[C@@H](NC(=O)[C@H]3CSC(=N3)C(=CC)NC(=O)[C@@H](NC(=O)c3csc(n3)[C@]3(CCC(=N[C@H]3c3csc2n3)c2nc(cs2)C(=O)NC(=C)C(=O)NC(=C)C(=O)N)NC(=O)[C@H](C)NC(=O)C(=C)NC(=O)[C@H](C)NC1=O)[C@@H](C)O)C(C)(O)[C@@H](C)O)[C@H](C)O,0,0.007319,0.469446,0.346259
C[C@@H]1CCCCO[C@@H](CN(C)S(=O)(=O)c2ccc(cc2)C)[C@@H](C)CN([C@H](C)CO)C(=O)c2cc(ccc2O1)NS(=O)(=O)C,0,0.004694,0.023702,0.003507
COc1ccc(cc1)NC(=O)N(C)C[C@H]1OCCCC[C@@H](C)Oc2ccc(cc2C(=O)N(C[C@@H]1C)[C@H](C)CO)NS(=O)(=O)c1c(noc1C)C,0,0.010248,0.023653,0.002591
CC(C)Oc1ccc(cc1)CCN,0,0.355823,0.077055,0.044168
C[C@H]1CN([C@@H](C)CO)C(=O)c2cccc(c2O[C@H]1CN(C)C(=O)Nc1ccccc1)NC(=O)c1cc(nn1C)C,0,0.024780,0.022305,0.006818
O=C(NNC(=O)c1cccnc1)C1CCNCC1,0,0.834736,0.105812,0.035866
Cn1cc(cn1)CN1C[C@H]2CCCO[C@H]2[C@@H](C1)NS(=O)(=O)C,0,0.051751,0.048042,0.006525
C[C@@H]1CN([C@@H](C)CO)C(=O)c2cccc(c2O[C@H]1CN(C)S(=O)(=O)c1ccc(cc1)C)NS(=O)(=O)c1ccc(cc1)F,0,0.026045,0.026140,0.006668
Nc1ccc(cc1)N1CCNCC1,0,0.262896,0.059484,0.049301
O=c1oc2cc(O)ccc2s1,0,0.540833,0.140573,0.098764
C[C@@H]1CN([C@@H](C)CO)C(=O)c2cccc(c2O[C@@H]1CN(C)Cc1ccccc1)NC(=O)c1ccc(cc1)-c1nccs1,0,0.010281,0.024933,0.005084
C[C@@H]1CN([C@@H](C)CO)C(=O)Cc2cc(ccc2O[C@H]1CN(C)S(=O)(=O)c1ccc(cc1)Cl)NC(=O)CCN1CCOCC1,0,0.002930,0.028865,0.004004
C[C@H]1CN([C@@H](C)CO)C(=O)c2cc(ccc2O[C@H]1CN(C)C(=O)Nc1ccc(cc1)C(F)(F)F)NS(=O)(=O)c1ccc(cc1)F,0,0.368226,0.179459,0.016545
CCCNC(=O)N[C@@H]1CC[C@H](CC(=O)N2CCN(C)CC2)O[C@H]1CO,0,0.130449,0.020575,0.008478
Cn1nnc2c1[C@H](COCCN1CCCC1)CN(C2)S(=O)(=O)C,0,0.060203,0.033718,0.010757
C[C@@H]1CCCCO[C@@H](CN(C)S(=O)(=O)c2c(noc2C)C)[C@H](C)CN([C@@H](C)CO)C(=O)c2cc(ccc2O1)NS(=O)(=O)C,0,0.005788,0.024535,0.003130
C[C@H]1CCCCO[C@H](CN(C)C(=O)Nc2ccc(cc2)C(F)(F)F)[C@@H](C)CN([C@@H](C)CO)C(=O)c2cc(ccc2O1)NC(=O)Nc1ccccc1,0,0.261332,0.018612,0.003778
CN1CCN(CC1)C(=O)C[C@H]1CC[C@@H]2[C@H](COC[C@@H](O)CN2C(=O)C2CC2)O1,0,0.573621,0.052334,0.024216
C[C@@H]1CN([C@H](C)CO)C(=O)Cc2cc(ccc2O[C@@H]1CN(C)C(=O)Nc1ccc(cc1)F)NC(=O)Cn1cnnn1,0,0.078158,0.027646,0.010931
C[C@@H]1CCCCO[C@@H](CN(C)C(=O)Nc2ccc3c(c2)OCO3)[C@H](C)CN([C@@H](C)CO)C(=O)c2cc(ccc2O1)NC(=O)Nc1ccc(cc1)C(F)(F)F,0,0.247860,0.020743,0.007693
C[C@H]1CCCCO[C@H](CN(C)CC2CCCCC2)[C@H](C)CN([C@@H](C)CO)C(=O)c2cc(ccc2O1)NC(=O)C1CCCCC1,0,0.090530,0.027045,0.009681
COc1ccc(cc1)S(=O)(=O)N(C)C[C@H]1Oc2ccc(cc2CC(=O)N(C[C@H]1C)[C@@H](C)CO)N(C)C,0,0.012453,0.025345,0.009302
C[C@H]1CN([C@@H](C)CO)C(=O)c2cc(ccc2O[C@H]1CN(C)Cc1ccc(cc1)C(=O)Nc1ccccc1N)NC(=O)Cc1cn(c2ccccc12)C,0,0.006804,0.022769,0.002936
C[C@@H]1CN([C@@H](C)CO)C(=O)c2cc(cnc2O[C@H]1CN(C)C(=O)c1ccc2c(c1)OCO2)C#Cc1ccccc1F,0,0.019322,0.023339,0.005858
C[C@@H]1CN([C@H](C)CO)C(=O)c2cccc(c2O[C@@H]1CN(C)C(=O)NC1CCCCC1)NC(=O)Nc1ccc(cc1)C(F)(F)F,0,0.755066,0.885084,0.871466
C[C@@H]1O[C@@H](O[C@@H]2[C@H](Oc3cc(cc(c3C2=O)O)O)c2ccc(c(c2)O)O)[C@H](O)[C@H](O)[C@H]1O,0,0.801863,0.572269,0.221838
C[C@@H]1CN([C@@H](C)CO)C(=O)c2cc(cnc2O[C@H]1CN(C)C(=O)C1CC1)-c1ccc(cc1)C(=O)N(C)C,0,0.007040,0.023195,0.005004
C[C@H]1CN([C@H](C)CO)C(=O)CCCn2nncc2CO[C@H]1CN(C)C(=O)Nc1cccc(c1)Oc1ccccn1,0,0.004431,0.020372,0.003354
Cc1ccc2nc(sc2c1)/N=C/c1ccc(cc1Cl)Cl,0,0.391793,0.564682,0.519373
C[C@@H]1CCCCO[C@H](CN(C)S(=O)(=O)c2cccs2)[C@@H](C)CN([C@@H](C)CO)C(=O)c2cc(ccc2O1)NC(=O)Nc1cccc2ccccc12,0,0.002114,0.023835,0.002346
Nc1ncnc2nc[nH]c12,0,0.112521,0.054387,0.021005
CCCN(C)C[C@H]1OCCCC[C@@H](C)Oc2ccc(cc2C(=O)N(C[C@@H]1C)[C@H](C)CO)NC(=O)C1CCCCC1,0,0.059103,0.067286,0.016402
OC[C@H]1O[C@@H](CCNC(=O)C2CC2)CC[C@H]1NS(=O)(=O)c1cccc(c1)F,0,0.152047,0.032672,0.011590
C[C@H]1CN([C@@H](C)CO)C(=O)c2c(c3ccccc3n2C)-c2ccccc2CO[C@@H]1CN(C)Cc1ccc(cc1)O,0,0.084617,0.031066,0.042013
CC(C)NC(=O)N(C)C[C@H]1Oc2ccc(cc2C(=O)N(C[C@H]1C)[C@@H](C)CO)NS(=O)(=O)c1c(noc1C)C,0,0.043039,0.023917,0.005966
C[C@@H]1CN([C@@H](C)CO)C(=O)c2cc(ccc2O[C@H]1CN(C)C(=O)Nc1ccccc1)NS(=O)(=O)C,0,0.021257,0.022616,0.006074
Cc1onc(c1CN)-c1ccccc1,0,0.480854,0.119110,0.044116
C[C@@H]1CN([C@@H](C)CO)C(=O)c2cc(ccc2O[C@H]1CN(C)C(=O)Nc1cccc2ccccc12)NC(=O)CCC(F)(F)F,0,0.161371,0.108766,0.077114
OC[C@@H]1[C@@H]2[C@@H](CN(C(=O)c3cccnc3)c3ccccc32)N1C(=O)CN1CCOCC1,0,0.004807,0.034205,0.007648
CC(C)C(C)C=CC(C)C1CCC2C3=CC=C4CC(O)CCC4(C)C3CCC21C,0,0.931194,0.222175,0.074255
C[C@H]1CN([C@@H](C)CO)C(=O)c2cc(ccc2O[C@@H]1CN(C)Cc1ccncc1)NC(=O)Nc1ccc(cc1)C(F)(F)F,0,0.434588,0.459447,0.357973
O=c1cccc(C=Cc2ccc3c(c2)OCO3)o1,0,0.301939,0.235545,0.108863
Cl.NCC(N)C(=O)O,0,0.030374,0.087177,0.026106
NC(=O)c1cn(c2ncnc(c12)N)[C@@H]1O[C@H](CO)[C@@H](O)[C@H]1O,0,0.040684,0.084074,0.080962
C[C@H]1CCCCO[C@@H](CN(C)C(=O)Nc2ccc(cc2)C(F)(F)F)[C@H](C)CN([C@H](C)CO)C(=O)c2cc(ccc2O1)N(C)C,0,0.559977,0.114452,0.038044
C[C@@H]1CN([C@H](C)CO)C(=O)c2cc(ccc2O[C@@H]1CN(C)Cc1ccc(cc1)-c1ccccc1)NC(=O)Nc1ccc(cc1)F,0,0.202623,0.037853,0.026970
C[C@H]1CCCCO[C@H](CN(C)Cc2ccc(cc2)C(=O)O)[C@H](C)CN([C@@H](C)CO)C(=O)c2cc(ccc2O1)NC(=O)NC1CCCCC1,0,0.111640,0.044257,0.011352
OC[C@H]1O[C@@H](CC[C@@H]1NC(=O)CN1CCOCC1)CC(=O)NCCc1ccccc1,0,0.012733,0.023615,0.009756
N[C@@H](Cc1c[nH]c2ccc(cc12)O)C(=O)O,0,0.681633,0.130943,0.082231
C[C@@H]1CN([C@@H](C)CO)S(=O)(=O)c2ccc(cc2O[C@@H]1CN(C)C(=O)C1CCOCC1)C1=CCCC1,0,0.010753,0.029301,0.005906
CC(=O)N1[C@H](CO)[C@@H]([C@H]1CNC(=O)CN1CCOCC1)c1ccccc1,0,0.014803,0.030184,0.020041
C[C@@H]1CCCCO[C@H](CN(C)Cc2ccc(cc2)C(F)(F)F)[C@@H](C)CN([C@H](C)CO)C(=O)c2cc(ccc2O1)NC(=O)Nc1c(noc1C)C,0,0.360211,0.025195,0.008797
C[C@@H]1CN([C@@H](C)CO)C(=O)c2cccc(c2O[C@@H]1CN(C)Cc1ccc(cc1)C(=O)O)NC(=O)Nc1ccc(cc1)C(F)(F)F,0,0.942336,0.270801,0.099473
C[C@H]1CN([C@@H](C)CO)C(=O)c2c(c3ccccc3n2C)-c2ccccc2CO[C@H]1CN(C)Cc1cccc2c1OCCCO2,0,0.021803,0.031070,0.006796
CN1[C@H]2CC[C@@H](CC(=O)NCCc3ccncc3)O[C@H]2COc2ccc(cc2C1=O)NS(=O)(=O)c1ccc(cc1)C,0,0.005744,0.039709,0.007244
C[C@H]1CCCCO[C@@H](CN(C)C(=O)Nc2ccccc2)[C@@H](C)CN([C@H](C)CO)C(=O)c2cc(ccc2O1)NC(=O)Cc1ccccc1,0,0.002811,0.021201,0.002367
COCC(=O)N(C)C[C@H]1Oc2cc(ccc2S(=O)(=O)N(C[C@H]1C)[C@H](C)CO)C#Cc1cccnc1,0,0.039305,0.026080,0.007207
CC1=C(C(=O)N)C(=O)N2CCOC2=C1,0,0.002952,0.068305,0.026309
CC(C)NC(=O)N(C)C[C@H]1Oc2c(cccc2C(=O)N(C[C@@H]1C)[C@H](C)CO)NS(=O)(=O)c1cn(cn1)C,0,0.081311,0.024147,0.006514
C[C@H](O)[C@H](C)[C@@H]1O[C@H]1C[C@H]1CO[C@@H](C/C(=C/C(=O)OCCCCCCCCC(=O)O)C)[C@H](O)[C@@H]1O,0,0.117126,0.701547,0.591765
C[N+]1(C)C[C@@H](O)C[C@H]1C(=O)O,0,0.053018,0.122605,0.038118
C[C@@]12CCC[C@@](C)([C@@H]1CC[C@@]13C[C@H](CC[C@H]23)[C@](O)(CO)C1)C(=O)O[C@@H]1O[C@H](CO)[C@@H](O)[C@H](O)[C@H]1O,0,0.160685,0.444073,0.179472
CC(C)N1C(=O)[C@]2(Cc3ccccc31)[C@@H](N(Cc1ccccc1Cl)C(=O)c1ccccc12)c1ccc(cc1)CO,0,0.092414,0.171270,0.075746
COc1ccc(cc1)CN(C)C[C@@H]1OCCCC[C@@H](C)Oc2ccc(cc2C(=O)N(C[C@@H]1C)[C@@H](C)CO)NC(=O)Nc1cccc2ccccc12,0,0.025054,0.027908,0.003931
NC(=O)NCC#Cc1ccc2c(c1)[C@]1([C@H]([C@H]3N([C@@H]([C@@H](OC3=O)c3ccccc3)c3ccccc3)[C@H]1c1ccc(cc1)O)C(=O)N)C(=O)N2,0,0.382196,0.464064,0.302540
C[C@H]1CN([C@H](C)CO)C(=O)c2cc(cnc2O[C@H]1CN(C)C(=O)Cc1cccnc1)C#CCc1ccccc1,0,0.004281,0.023691,0.003609
COc1ccc(cc1)S(=O)(=O)N(C)C[C@@H]1Oc2ccc(cc2CC(=O)N(C[C@@H]1C)[C@H](C)CO)N(C)C,0,0.012453,0.025345,0.009302
COc1ccc(cc1)CN(C)C[C@H]1OCCCC[C@@H](C)Oc2ccc(cc2C(=O)N(C[C@@H]1C)[C@@H](C)CO)NC(=O)c1ccccc1,0,0.007224,0.022509,0.003004
Cc1ccc(cc1)S[C@@]1(CC(=O)N(C2Cc3ccccc3C2)[C@@H]1c1ccc(cc1I)CO)C(=O)NCC(F)(F)F,0,0.739315,0.197207,0.094359
C[C@H]1CN([C@H](C)CO)S(=O)(=O)c2ccc(cc2O[C@H]1CN(C)C(=O)c1cccnc1)-c1cccc(c1)C#N,0,0.001031,0.023618,0.003814
CC(C)NC(=O)C1=NO[C@]2(CCNC2)C1,0,0.059662,0.022509,0.009366
CC(=O)N1Cc2cc(nc(c2[C@@H]1CCO)-c1cccc(c1)C1=CCCC1)C(=O)NCc1cc(cc(c1)F)F,0,0.579452,0.103625,0.082418
COc1ccc(cc1)NC(=O)N(C)C[C@@H]1Oc2c(cccc2C(=O)N(C[C@@H]1C)[C@@H](C)CO)NC(=O)Nc1cccc2ccccc12,0,0.027972,0.021638,0.005434
C[C@@H]1CN([C@H](C)CO)C(=O)Cc2cc(ccc2O[C@@H]1CN(C)C(=O)Nc1ccc(cc1)F)NS(=O)(=O)c1cn(cn1)C,0,0.081430,0.024808,0.003862
C[C@H]1CCCCO[C@@H](CN(C)Cc2ccc(cc2)C(F)(F)F)[C@@H](C)CN([C@H](C)CO)C(=O)c2cc(ccc2O1)N(C)C,0,0.462137,0.084545,0.030054
C[C@@H]1CN([C@@H](C)CO)C(=O)Cc2cc(ccc2O[C@H]1CN(C)C(=O)Nc1cccc2ccccc12)NS(=O)(=O)c1ccc(cc1)Cl,0,0.008820,0.025159,0.003083
COc1ccccc1CNC(=O)C[C@@H]1C[C@@H]2[C@@H](Oc3ccc(cc32)NC(=O)c2cccnc2)[C@@H](CO)O1,0,0.015953,0.027066,0.007720
Cn1cnc(c1)S(=O)(=O)N1C[C@H](O)COC[C@H]2O[C@H](CC[C@@H]21)CC(=O)NC1CCCC1,0,0.273628,0.056611,0.019408
COc1cccc(c1)S(=O)(=O)Nc1ccc2c(c1)[C@H]1C[C@H](CC(=O)NCCc3ccccc3)O[C@H](CO)[C@H]1O2,0,0.005908,0.025651,0.007832
C[C@H]1CN([C@@H](C)CO)C(=O)c2cccc(c2O[C@H]1CN(C)Cc1ccncc1)NS(=O)(=O)c1cccs1,0,0.006025,0.023766,0.004264
C[C@@H]1CN([C@@H](C)CO)C(=O)Cc2cc(ccc2O[C@H]1CN(C)S(=O)(=O)c1ccc(cc1)F)NS(=O)(=O)c1ccc(cc1)F,0,0.027333,0.023601,0.004538
NC(C(=O)NC1C(=O)N2C(C(=O)O)=C(Cl)CSC12)c1ccccc1,1,0.999809,0.945804,0.943643
CN(C)C(=O)C[C@@H]1CC[C@@H]2[C@H](COC[C@@H](O)CN2S(=O)(=O)c2ccccc2)O1,0,0.071159,0.030722,0.012555
C[C@H]1CN([C@H](C)CO)C(=O)c2cccc(c2O[C@H]1CN(C)Cc1ccc(cc1)C(=O)O)NS(=O)(=O)C,0,0.083151,0.028366,0.004821
CCC/C=C/1\OC(=O)c2ccccc21,0,0.484067,0.117437,0.081029
NC(=O)c1nc2c(s1)CCNCC2,0,0.007168,0.021572,0.012376
C#CC1(O)CCC2C3CCc4cc(OC)ccc4C3CCC21C,0,0.060749,0.232531,0.140806
COc1ccc(cc1)NC(=O)N(C)C[C@@H]1OCCCC[C@@H](C)Oc2ccc(cc2C(=O)N(C[C@@H]1C)[C@H](C)CO)NC(=O)Nc1c(noc1C)C,0,0.028808,0.024061,0.002455
OC[C@@H]1O[C@H](C[C@H]2[C@@H]1Oc1ccc(cc12)NC(=O)Nc1ccccc1F)CC(=O)NCc1ccc(cc1)Oc1ccccc1,0,0.125152,0.027384,0.021125
CCNC(=O)C[C@@H]1CC[C@H]2[C@@H](COC[C@H](O)CN2C(=O)Nc2c(noc2C)C)O1,0,0.504599,0.193836,0.062426
CC(C)NC(=O)N(C)C[C@H]1OCCCC[C@H](C)Oc2ccc(cc2C(=O)N(C[C@H]1C)[C@@H](C)CO)NC(=O)Nc1ccc(cc1)C(F)(F)F,0,0.550762,0.250548,0.112394
C[C@H]1OC(=O)CC[C@@H](O)/C=C/[C@@H](O)[C@@H]1O,0,0.036880,0.103838,0.046973
C[C@H]1CN([C@H](C)CO)S(=O)(=O)c2ccc(cc2O[C@@H]1CN(C)CC1CCOCC1)C#Cc1cccnc1,0,0.082981,0.023230,0.005205
O[C@@H]1COC[C@H]2O[C@@H](CC[C@@H]2N(C1)S(=O)(=O)c1cccc(c1)F)CC(=O)NCCCN1CCOCC1,0,0.387390,0.030619,0.016342
C[C@H]1CN([C@@H](C)CO)S(=O)(=O)c2ccc(cc2O[C@@H]1CN(C)S(=O)(=O)c1ccccc1F)-c1ccncc1,0,0.014605,0.028663,0.005465
CO[C@H]1CN(C)C(=O)c2ccc(cc2OC[C@H](C)N(C[C@@H]1C)C(=O)Cc1ccccn1)NC(=O)C1CC1,0,0.003822,0.021933,0.004086
C[C@@H]1CN([C@@H](C)CO)C(=O)c2cccc(c2O[C@@H]1CN(C)Cc1ccc(cc1)Oc1ccccc1)NS(=O)(=O)c1ccccc1,0,0.002824,0.026047,0.004249
CN1CCN(CC1)C(=O)C[C@@H]1CC[C@@H]2[C@H](COC[C@@H](O)CN2C(=O)C2CC2)O1,0,0.573621,0.052334,0.024216
CNC[C@H]1Oc2ccc(cc2C(=O)N(C[C@H]1C)[C@@H](C)CO)NC(=O)Cn1cnnn1,0,0.044284,0.028571,0.008976
C[C@H]1CN([C@@H](C)CO)C(=O)c2cccc(c2O[C@@H]1CN(C)Cc1ccc(cc1)C(F)(F)F)NC(=O)Nc1ccc(cc1)F,0,0.850521,0.339899,0.168520
C[C@H]1CCCCO[C@@H](CN(C)CC2CC2)[C@H](C)CN([C@@H](C)CO)C(=O)c2cc(ccc2O1)NS(=O)(=O)C,0,0.038019,0.025307,0.005455
C[C@H]1CN([C@H](C)CO)C(=O)c2cccc(c2O[C@@H]1CN(C)S(=O)(=O)c1ccc(cc1)Cl)NC(=O)C1CCOCC1,0,0.034231,0.025134,0.004421
CN(C)CCCNC(=O)C[C@H]1CC[C@H]2[C@@H](COc3ccc(cc3C(=O)N2C)NC(=O)c2ccccc2F)O1,0,0.086575,0.030907,0.013679
COc1ccc(cc1)S(=O)(=O)N(C)C[C@@H]1OCCCC[C@H](C)Oc2ccc(cc2C(=O)N(C[C@H]1C)[C@@H](C)CO)NS(=O)(=O)c1ccc(cc1)Cl,0,0.007142,0.026633,0.004011
CN1C(=O)N(C)c2nc[nH]c2C1=O,0,0.333128,0.143068,0.096798
C[C@H]1CN([C@H](C)CO)C(=O)c2cc(ccc2O[C@@H]1CN(C)S(=O)(=O)c1cn(cn1)C)NS(=O)(=O)c1c(noc1C)C,0,0.012208,0.027459,0.005007
CCCNC(=O)N1C[C@H](O)COC[C@@H]2O[C@@H](CC[C@H]21)CC(=O)N1CCN(C)CC1,0,0.566887,0.053594,0.024379
C[C@@H]1CCCCO[C@H](CN(C)C(=O)CCCN(C)C)[C@H](C)CN([C@@H](C)CO)C(=O)c2cc(ccc2O1)N(C)C,0,0.036357,0.024628,0.003933
C[C@@H]1CN([C@@H](C)CO)C(=O)CCCn2cc(nn2)CO[C@H]1CN(C)C(=O)Nc1ccc(cc1)N1CCN(C)CC1,0,0.226903,0.026767,0.007764
OC[C@@H]1O[C@@H](C[C@H]2[C@@H]1Oc1ccc(cc12)NC(=O)Nc1ccc(cc1)C(F)(F)F)CC(=O)N1CCc2ccccc2C1,0,0.246590,0.122820,0.109833
C[C@H]1CN([C@H](C)CO)C(=O)c2cc(cnc2O[C@@H]1CN(C)S(=O)(=O)C)C#CCN(C)C,0,0.014867,0.024762,0.005745
OCC(O)C(O)C(OC1OC(CO)C(O)C(O)C1O)C(O)CO,0,0.008545,0.122532,0.037080
C[C@@H]1CCCCO[C@H](CN(C)C(=O)Nc2ccc(cc2)C(F)(F)F)[C@@H](C)CN([C@H](C)CO)C(=O)c2cc(ccc2O1)NS(=O)(=O)c1cn(cn1)C,0,0.316164,0.887212,0.928648
CCS(=O)(=O)N1C[C@]2(C1)CN([C@@H](CO)c1[nH]c3cc(ccc3c12)OC)C(=O)Nc1c(noc1C)C,0,0.034148,0.023377,0.009547
C[C@H]1CN([C@@H](C)CO)C(=O)Cc2cc(ccc2O[C@H]1CN(C)Cc1ccc(cc1)C(F)(F)F)NC(=O)CCC(F)(F)F,0,0.346345,0.066803,0.035308
CC[N+](CC)(CC(=O)Nc1c(C)cccc1C)Cc1ccccc1.O=C([O-])c1ccccc1,0,0.984029,0.802959,0.789074
COCC(=O)N1CC[C@]2(CC1)CN([C@@H](CO)c1c2c2ccc(cc2n1C)OC)C(=O)Cc1ccccc1,0,0.116645,0.145634,0.034396
OC(=O)C1=CC(=O)C=C(O1)C(=O)O,0,0.338866,0.148323,0.125542
C[C@H]1CN([C@H](C)CO)C(=O)CCCn2nncc2CO[C@@H]1CN(C)S(=O)(=O)c1ccc2c(c1)OCCCO2,0,0.002617,0.023567,0.003830
Oc1ccc(C2Oc3cc(O)cc(O)c3CC2O)cc1,0,0.399385,0.186273,0.093603
CC(C)(O)c1cn(c(n1)C(C)(C)c1ccccc1Cl)-c1ccc(cc1)-c1cccc(c1)S(=O)(=O)C,0,0.970662,0.797395,0.694161
COc1ccc(cc1)NC(=O)N(C)C[C@H]1OCCCC[C@@H](C)Oc2ccc(cc2C(=O)N(C[C@@H]1C)[C@H](C)CO)NC(=O)Nc1ccccc1,0,0.011313,0.021728,0.002616
C[C@H]1CN([C@H](C)CO)C(=O)CCCn2nncc2CO[C@H]1CN(C)C(=O)Nc1ccc(cc1)N1CCN(C)CC1,0,0.217632,0.027099,0.009409
C[C@@H]1CN([C@H](C)CO)C(=O)c2cc(ccc2O[C@@H]1CN(C)Cc1ccc(c(c1)Cl)Cl)NC(=O)Nc1ccc2c(c1)OCO2,0,0.083963,0.035890,0.009119
C[C@H]1CCCCO[C@H](CN(C)C(=O)C2CCCCC2)[C@@H](C)CN([C@H](C)CO)C(=O)c2cc(ccc2O1)NC(=O)CCC(F)(F)F,0,0.112446,0.161269,0.048514
Cc1ccc(cc1)S(=O)(=O)N[C@@H](Cc1ccccc1)C(=O)NCCn1cc(nn1)-c1cccc(c1)/C=C/C(=O)NO,0,0.639768,0.186772,0.045229
C[C@H]1CN([C@H](C)CO)C(=O)Cc2cc(ccc2O[C@@H]1CN(C)S(=O)(=O)c1ccc(cc1)Cl)NC(=O)CCN1CCOCC1,0,0.002930,0.028865,0.004004
C[C@H]1CCCCO[C@@H](CN(C)Cc2ccc(c(c2)Cl)Cl)[C@H](C)CN([C@H](C)CO)C(=O)c2cc(ccc2O1)NC(=O)CCCCCC(=O)Nc1ccccc1N,0,0.044991,0.038093,0.003771
C[C@H]1CN([C@H](C)CO)C(=O)c2cccc(c2O[C@@H]1CN(C)S(=O)(=O)c1cn(cn1)C)NS(=O)(=O)C,0,0.018024,0.024912,0.006101
OC(=O)/C=C/C(=O)NC1CC1,0,0.280221,0.048703,0.039141
CCNC(=S)N1CCC[C@@H](C1)C(=O)N,0,0.014490,0.022239,0.007708
CCOC(=O)N(C)C[C@H]1OCc2cn(nn2)CCCC(=O)N(C[C@@H]1C)[C@@H](C)CO,0,0.034909,0.027364,0.005141
CCOC(=O)C(CCc1ccccc1)NC(C)C(=O)N(CC(=O)O)C1Cc2ccccc2C1.Cl,0,0.162846,0.274363,0.399438
CO[C@@H]1CN(C)C(=O)c2ccc(cc2OC[C@@H](C)N(C[C@H]1C)C(=O)Nc1ccccc1F)NC(=O)Nc1ccccc1F,0,0.747523,0.082813,0.048854
C[C@@H]1CCCCO[C@H](CN(C)C(=O)Nc2ccc(cc2)F)[C@H](C)CN([C@@H](C)CO)C(=O)c2cc(ccc2O1)NS(=O)(=O)c1ccccc1,0,0.012888,0.023789,0.002763
C[C@@H]1CCCCO[C@H](CN(C)C(=O)Nc2ccc(cc2)C(F)(F)F)[C@@H](C)CN([C@@H](C)CO)C(=O)c2cc(ccc2O1)NC(=O)C1CCCCC1,0,0.361380,0.037839,0.011888
C[C@@H]1CCCCO[C@H](CN(C)C(=O)Cc2ccccc2)[C@H](C)CN([C@@H](C)CO)C(=O)c2cc(ccc2O1)NC(=O)Cc1ccccc1,0,0.000955,0.023199,0.003378
C[C@H]1CCCCO[C@@H](CN(C)Cc2ccc(cc2)C(F)(F)F)[C@H](C)CN([C@@H](C)CO)C(=O)c2cc(ccc2O1)NC(=O)C1CCCCC1,0,0.265083,0.026813,0.013439
CN(C)CCCNC(=O)[C@]1(CC(=O)N(Cc2ccccc2C(F)(F)F)[C@@H]1c1ccc(cc1)CO)Sc1ccc(cc1)C,0,0.966352,0.274409,0.183687
COc1ccc2c3c(n(c2c1)C)[C@@H](CO)N(C[C@]13CN(C1)S(=O)(=O)c1cn(cn1)C)C(=O)Nc1ccc(cc1)F,0,0.173893,0.029732,0.008457
O=C1NC(=O)c2[nH]cnc2N1Cc1ccccc1,0,0.435928,0.428775,0.385410
C[C@@H]1CCCCO[C@@H](CN(C)C(=O)c2ccccc2)[C@@H](C)CN([C@@H](C)CO)C(=O)c2cc(ccc2O1)NC(=O)c1ccccc1,0,0.000558,0.022402,0.002806
C[C@@H]1CN([C@@H](C)CO)C(=O)c2cc(ccc2O[C@@H]1CN(C)C(=O)Nc1c(noc1C)C)NS(=O)(=O)c1ccccc1,0,0.016099,0.024938,0.004035
COc1ccc(cc1)NC(=O)N(C)C[C@@H]1Oc2c(cccc2C(=O)N(C[C@H]1C)[C@@H](C)CO)NC(=O)CCCCCC(=O)Nc1ccccc1N,0,0.019454,0.022333,0.003707
Cn1cnc(c1)S(=O)(=O)N[C@@H]1CC[C@H](CC(=O)NCC2CC2)O[C@@H]1CO,0,0.049701,0.034967,0.009123
C[C@H]1CN([C@H](C)CO)C(=O)c2cccc(c2O[C@H]1CN(C)C(=O)Nc1c(noc1C)C)NC(=O)c1ccncc1,0,0.045068,0.024520,0.006958
C[C@H]1CN([C@@H](C)CO)C(=O)c2cccc(c2O[C@H]1CN(C)Cc1ccc(cc1)C(=O)O)NC(=O)c1ccc(cc1)-c1nccs1,0,0.082551,0.039549,0.009557
O=C1NCc2cnnn2-c2ccccc21,0,0.272803,0.063658,0.039091
COc1ccc(cc1)NC(=O)N1C[C@@H](O)COC[C@@H]2O[C@@H](CC[C@H]21)CC(=O)NC1Cc2ccccc2C1,0,0.422476,0.148304,0.077402
Oc1c(I)cc(Cl)c2cccnc12,0,0.107770,0.355885,0.132580
C[C@H]1CCCCO[C@@H](CN(C)S(=O)(=O)c2ccc(cc2)C)[C@@H](C)CN([C@H](C)CO)C(=O)c2cc(ccc2O1)NC(=O)Cc1ccccc1,0,0.001978,0.023732,0.002426
O[C@@H]1COC[C@H]2O[C@@H](CC[C@@H]2N(C1)S(=O)(=O)c1ccccc1)CC(=O)N1CCOCC1,0,0.030412,0.053325,0.012873
C[C@@H]1CN([C@@H](C)CO)C(=O)Cc2cc(ccc2O[C@@H]1CN(C)C(=O)Nc1ccccc1)NS(=O)(=O)c1c(noc1C)C,0,0.005706,0.023691,0.003447
C[C@H]1CN([C@H](C)CO)C(=O)c2c(c3ccccc3n2C)-c2ccccc2CO[C@@H]1CN(C)C(=O)NC1CCCCC1,0,0.057689,0.023862,0.010976
O[C@H]1COC[C@@H]2O[C@H](CC[C@H]2N(C1)Cc1ccccc1F)CC(=O)N[C@@H]1CCN(C1)Cc1ccccc1,0,0.300637,0.045525,0.021077
C[C@@H]1CN([C@H](C)CO)C(=O)Cc2cc(ccc2O[C@@H]1CN(C)Cc1ccc(cc1)Oc1ccccc1)NS(=O)(=O)c1ccccc1,0,0.000564,0.023940,0.003267
OC(=O)CCN1C(=O)NC2(CCCC2)C1=O,0,0.063749,0.060228,0.028179
C[C@@H]1CN([C@@H](C)CO)C(=O)c2cc(ccc2O[C@@H]1CN(C)S(=O)(=O)c1cccs1)NS(=O)(=O)c1c(noc1C)C,0,0.003427,0.025300,0.005561
COc1ccc(cc1)NC(=O)Nc1ccc2c(c1)C(=O)N(C[C@@H](C)[C@@H](CN(C)C(=O)Cc1ccccc1)OCCCC[C@@H](C)O2)[C@@H](C)CO,0,0.005208,0.021445,0.002430
OC(=O)[C@@H]1C[C@H]2N([C@@H]1c1ccc(cc1)O)C(=O)CNC2=O,0,0.555676,0.170949,0.361244
C[C@H]1CN([C@@H](C)CO)C(=O)c2cccc(c2O[C@@H]1CN(C)CC1CCCCC1)NC(=O)Nc1ccc(cc1)C(F)(F)F,0,0.854025,0.909426,0.921122
C[C@@H](Sc1nc2ncnc(c2[nH]1)N)C(=O)O,0,0.361726,0.055385,0.031113
COc1ccc(cc1)S(=O)(=O)Nc1ccc2c(c1)C(=O)N(C[C@@H](C)[C@H](CN(C)S(=O)(=O)C)O2)[C@@H](C)CO,0,0.006837,0.026367,0.006091
CNC[C@H]1Oc2c(cccc2C(=O)N(C[C@@H]1C)[C@H](C)CO)NS(=O)(=O)c1cn(cn1)C,0,0.098279,0.024883,0.006630
C[C@H]1CN([C@@H](C)CO)C(=O)c2cc(ccc2O[C@@H]1CN(C)C(=O)Nc1ccccc1)NC(=O)CCN1CCOCC1,0,0.003137,0.022586,0.003554
CC(C)NC(=O)N(C)C[C@H]1Oc2ccc(cc2CC(=O)N(C[C@@H]1C)[C@@H](C)CO)NS(=O)(=O)c1ccccc1,0,0.002537,0.025345,0.005224
C[C@H]1CN([C@@H](C)CO)C(=O)c2cc(cnc2O[C@@H]1CN(C)S(=O)(=O)c1ccc(cc1)F)-c1cccc(c1)C(=O)N(C)C,0,0.005266,0.023755,0.004703
C[C@@H]1CCCCO[C@@H](CN(C)C(=O)Nc2ccccc2)[C@H](C)CN([C@@H](C)CO)C(=O)c2cc(ccc2O1)NS(=O)(=O)c1cccs1,0,0.003571,0.023807,0.002234
C[C@H]1CN([C@@H](C)CO)C(=O)Cc2cc(ccc2O[C@H]1CN(C)Cc1ccc(cc1)Oc1ccccc1)NS(=O)(=O)c1ccccc1,0,0.000564,0.023940,0.003267
O=C(Nc1ccc(cc1)-c1ccccc1)[C@H]1C[C@@H]1c1ccccc1,0,0.622942,0.267081,0.242358
C[C@H]1CN([C@@H](C)CO)C(=O)Cc2cc(ccc2O[C@H]1CN(C)C(=O)Nc1c(noc1C)C)NC(=O)C1CC1,0,0.028222,0.025893,0.004353
C[C@@H]1CCCCO[C@@H](CN(C)Cc2ccc(cc2)C(F)(F)F)[C@H](C)CN([C@H](C)CO)C(=O)c2cc(ccc2O1)NC(=O)Nc1ccc(cc1)F,0,0.569378,0.027166,0.009188
COc1ccc(cc1)NC(=O)N(C)C[C@H]1Oc2c(cccc2C(=O)N(C[C@H]1C)[C@@H](C)CO)NC(=O)c1ccc(cc1)-c1nccs1,0,0.014738,0.021882,0.003180
Cc1ccc2c(c1)C(=O)C1=C(O2)C(=O)N(Cc2ccco2)[C@]11C(=O)N(Cc2ccccc2F)c2ccccc21,0,0.000814,0.315282,0.125224
COc1ccc(cc1)S(=O)(=O)Nc1ccc2c(c1)CC(=O)N(C[C@H](C)[C@H](CN(C)S(=O)(=O)c1ccc(cc1)C)O2)[C@H](C)CO,0,0.002612,0.023701,0.003201
C[C@@H]1CN([C@H](C)CO)C(=O)Cc2cc(ccc2O[C@H]1CN(C)S(=O)(=O)C)NC(=O)NC1CCCCC1,0,0.004998,0.024215,0.005178
CCN1C[C@@]23CN(C[C@@H](C[C@H]3S1(=O)=O)O2)C(=O)c1ccn[nH]1,0,0.000571,0.034247,0.008082
OC[C@H]1O[C@@H](C[C@@H]2[C@H]1Oc1ccc(cc12)NC(=O)c1cccnc1)CC(=O)NCc1cc(ccc1F)F,0,0.147139,0.033891,0.025180
OC[C@@H]1O[C@H](CC[C@H]1NS(=O)(=O)c1ccc(cc1)F)CC(=O)N1CCC(CC1)Cc1ccccc1,0,0.099835,0.033040,0.025418
C[C@@H]1CN([C@@H](C)CO)C(=O)c2cc(ccc2O[C@@H]1CN(C)S(=O)(=O)c1ccc(cc1)F)NS(=O)(=O)c1ccc(cc1)C,0,0.018741,0.025257,0.005639
OC[C@H]1O[C@H](CC(=O)NCc2ccc(cc2)Oc2ccccc2)C=C[C@@H]1NC(=O)c1ccc2c(c1)OCO2,0,0.017913,0.043281,0.012200
C[C@@H]1CCCCO[C@@H](CN(C)S(=O)(=O)c2ccccc2)[C@H](C)CN([C@@H](C)CO)C(=O)c2cc(ccc2O1)NC(=O)Nc1ccc2c(c1)OCO2,0,0.001362,0.023732,0.002611
C[C@@H]1CCCCO[C@H](CN(C)S(=O)(=O)c2ccc(cc2)Cl)[C@@H](C)CN([C@@H](C)CO)C(=O)c2cc(ccc2O1)NC(=O)NC1CCCCC1,0,0.022694,0.027497,0.004207
COCC#Cc1cnc2c(c1)C(=O)N(C[C@H](C)[C@H](CN(C)C(=O)CCN1CCCCC1)O2)[C@@H](C)CO,0,0.026852,0.023915,0.004150
C[C@H]1CCCCO[C@@H](CN(C)Cc2ccc3c(c2)OCO3)[C@@H](C)CN([C@H](C)CO)C(=O)c2cc(ccc2O1)NC(=O)NC1CCCCC1,0,0.028567,0.024504,0.004409
COc1ccc(cc1)-c1cnc2c(c1)C(=O)N(C[C@@H](C)[C@H](CN(C)C(=O)C1CCOCC1)O2)[C@@H](C)CO,0,0.012054,0.022167,0.003793
C[C@@H]1CN([C@H](C)CO)C(=O)Cc2cc(ccc2O[C@@H]1CN(C)Cc1ccc(cc1)-c1ccccc1)NC(=O)c1ccncc1,0,0.016245,0.025372,0.004500
COc1ccc(cc1)CN(C)C[C@@H]1OCCCC[C@H](C)Oc2ccc(cc2C(=O)N(C[C@@H]1C)[C@@H](C)CO)NC(=O)Nc1ccccc1,0,0.030696,0.025357,0.003942
O[C@@H]1COC[C@H]2O[C@@H](CC[C@@H]2N(C1)C(=O)c1ccccc1F)CC(=O)N1CCN(CC1)c1ccccc1,0,0.494967,0.103792,0.140863
COc1cc2c(cc1OC)-c1cc3ccc(OC)c(OC)c3c[n+]1CC2.[Cl-],0,0.911954,0.164043,0.081716
C[C@H]1CCCCO[C@H](CN(C)S(=O)(=O)C)[C@@H](C)CN([C@@H](C)CO)C(=O)c2cc(ccc2O1)NS(=O)(=O)c1cn(cn1)C,0,0.010971,0.023653,0.003059
CN(C)CCc1cc(c(c(c1)Br)OCCCNC(=O)/C=C/c1cc(c(c(c1)Br)OCCN1CCCC1)Br)Br,0,0.999747,0.526235,0.373499
COc1ccc(cc1)S(=O)(=O)N(C)C[C@@H]1Oc2ccc(cc2C(=O)N(C[C@@H]1C)[C@@H](C)CO)NC(=O)NC(C)C,0,0.026075,0.025704,0.005777
COc1ccc(cc1)CN(C)C[C@@H]1Oc2c(cccc2C(=O)N(C[C@@H]1C)[C@@H](C)CO)NS(=O)(=O)C,0,0.024314,0.023672,0.006401
OC[C@H]1O[C@H](S[Au])[C@H](O)[C@@H](O)[C@@H]1O,0,0.005614,0.200749,0.079036
Cc1cc2c(cc1C)N(C[C@H](O)[C@H](O)[C@H](O)COP(=O)(O)O)C1=NC(=O)NC(=O)C1=N2,0,0.000033,0.356122,0.186763
C[C@@H]1CN([C@H](C)CO)C(=O)Cc2cc(ccc2O[C@H]1CN(C)Cc1ccc2c(c1)OCO2)NC(=O)c1ccncc1,0,0.003252,0.024369,0.003542
C[C@H]1CN([C@H](C)CO)C(=O)c2cc(ccc2O[C@H]1CN(C)Cc1ccc2c(c1)OCO2)NC(=O)C1CC1,0,0.009726,0.024388,0.006096
NCC[C@H]1CC[C@H](NC(=O)c2ccccc2F)[C@H](CO)O1,0,0.307556,0.062198,0.036275
CCS(=O)(=O)N1CC[C@]2(CC1)CN([C@H](CO)c1[nH]c3cc(ccc3c12)OC)C(=O)c1ccc(cc1)F,0,0.013139,0.027890,0.009837
COc1ccc(cc1)C#Cc1ccc2c(c1)[C@]1([C@H]([C@H]3N([C@@H]([C@@H](OC3=O)c3ccccc3)c3ccccc3)[C@H]1c1ccc(cc1)OCCO)C(=O)N1CCN(CC1)c1ncccn1)C(=O)N2,0,0.008467,0.060073,0.009896
CC(C)NC(=O)Nc1ccc2c(c1)CC(=O)N(C[C@H](C)[C@H](CN(C)S(=O)(=O)c1cccs1)O2)[C@H](C)CO,0,0.003785,0.023725,0.005866
C[C@@H]1CCCCO[C@H](CN(C)Cc2ccc(cc2)C(=O)Nc2ccccc2N)[C@@H](C)CN([C@H](C)CO)C(=O)c2cc(ccc2O1)N(C)C,0,0.040104,0.022777,0.003610
C[C@H]1CN([C@H](C)CO)C(=O)c2cc(ccc2O[C@@H]1CN(C)Cc1ccc(cc1)C(F)(F)F)NC(=O)CCCCCC(=O)Nc1ccccc1N,0,0.123275,0.025532,0.005525
C[C@@H]1CN([C@@H](C)CO)C(=O)c2cccc(c2O[C@H]1CN(C)C(=O)Nc1ccc(cc1)F)NS(=O)(=O)C,0,0.142290,0.027509,0.008770
CC(C)NC(=O)N(C)C[C@@H]1Oc2ccc(cc2C(=O)N(C[C@H]1C)[C@@H](C)CO)NC(=O)CCCN(C)C,0,0.016434,0.024250,0.005064
COc1ccc(cc1)S(=O)(=O)N(C)C[C@H]1Oc2ccc(cc2CC(=O)N(C[C@@H]1C)[C@@H](C)CO)NC(=O)Cc1ccccc1,0,0.002014,0.024069,0.004165
C[C@H]1CN([C@@H](C)CO)C(=O)c2cccc(c2O[C@H]1CN(C)C(=O)Nc1c(noc1C)C)NC(=O)C1CC1,0,0.062048,0.022294,0.005777
OCc1cncnc1,0,0.156639,0.077595,0.043604
C[C@@H]1CN([C@@H](C)CO)C(=O)c2cc(ccc2O[C@@H]1CN(C)S(=O)(=O)c1ccc(cc1)Cl)NC(=O)C1CC1,0,0.034882,0.024547,0.005991
COc1cc2ccnc(c2cc1OC)CCCN,0,0.563717,0.142347,0.125729
COc1ccc(cc1OC)[C@@H](CN)C(C)C,0,0.728560,0.168157,0.104084
C[C@H]1CCCCO[C@@H](CN(C)S(=O)(=O)c2ccc(cc2)F)[C@H](C)CN([C@@H](C)CO)C(=O)c2cc(ccc2O1)NS(=O)(=O)c1cn(cn1)C,0,0.031461,0.023959,0.003431
COCCOC(=O)N1C(=O)[C@@]2([C@H]([C@H]3N([C@@H]([C@@H](OC3=O)c3ccccc3)c3ccccc3)[C@H]2c2ccc(cc2)O)C(=O)N2CCc3cc(c(cc3C2)OC)OC)c2cc(ccc21)C#Cc1ccc(cc1)OC,0,0.321860,0.050536,0.010740
COc1ccc(cc1)S(=O)(=O)N1C[C@H](O)COC[C@@H]2O[C@H](CC[C@H]21)CC(=O)NCCN1CCCCC1,0,0.360390,0.031303,0.010260
CC(C)(C)CC(C)(C)c1ccc(O)c(Cc2ccc(Cl)cc2Cl)c1,0,0.987823,0.705787,0.745964
C[C@@H]1CCCCO[C@@H](CN(C)Cc2ccc(cc2)C(=O)O)[C@@H](C)CN([C@@H](C)CO)C(=O)c2cc(ccc2O1)NC(=O)Cc1ccccc1,0,0.039184,0.027350,0.008203
C[C@H]1CN([C@H](C)CO)C(=O)c2cc(ccc2O[C@@H]1CN(C)Cc1ccc(cc1)C(F)(F)F)NC(=O)C1CCCCC1,0,0.239591,0.088961,0.089108
O=C1CCCN1C1CCNCC1,0,0.083215,0.020168,0.006343
C[C@H]1CN([C@@H](C)CO)S(=O)(=O)c2ccc(cc2O[C@@H]1CN(C)C(=O)Cc1cccnc1)-c1cncnc1,0,0.017654,0.025968,0.005023
CCC1(O)C(=O)OCc2c1cc1n(c2=O)Cc2cc3cc(O)ccc3nc2-1,0,0.016218,0.456099,0.273331
C[C@@H]1CCCCO[C@H](CN(C)C(=O)c2ccncc2)[C@@H](C)CN([C@H](C)CO)C(=O)c2cc(ccc2O1)NC(=O)C1CCCCC1,0,0.003199,0.023989,0.002296
C[C@H]1CCCCO[C@@H](CN(C)S(=O)(=O)c2ccccc2)[C@@H](C)CN([C@H](C)CO)C(=O)c2cc(ccc2O1)NC(=O)c1ccccc1,0,0.000525,0.023732,0.002489
C[C@@H]1CN([C@H](C)CO)C(=O)CCCn2nncc2CO[C@H]1CN(C)S(=O)(=O)c1cccc(c1)C#N,0,0.001792,0.024135,0.006244
C[C@@H](O[C@H]1OCCN(Cc2n[nH]nc2CN(C)C)[C@H]1c1ccc(cc1)F)c1cc(cc(c1)C(F)(F)F)C(F)(F)F,1,0.997912,0.821516,0.728450
COc1ccc(cc1)S(=O)(=O)N(C)C[C@H]1OCCCC[C@@H](C)Oc2ccc(cc2C(=O)N(C[C@H]1C)[C@@H](C)CO)NC(=O)Nc1cccc2ccccc12,0,0.004504,0.024204,0.002435
C[C@@H]1CCCCO[C@H](CN(C)C(=O)Nc2ccc(cc2)C(F)(F)F)[C@@H](C)CN([C@H](C)CO)C(=O)c2cc(ccc2O1)NC(=O)NC1CCCCC1,0,0.435522,0.094092,0.026734
C[C@@H]1CCCCO[C@@H](CN(C)Cc2ccc3c(c2)OCO3)[C@H](C)CN([C@H](C)CO)C(=O)c2cc(ccc2O1)NC(=O)C1CCCCC1,0,0.021832,0.024747,0.004680
CSCCC(N)C(=O)O,0,0.004280,0.084997,0.021256
Oc1ccc(cc1)[C@@H]1N2[C@H]([C@H](C(=O)Nc3nc4ccccc4s3)[C@@]11C(=O)Nc3ccc(cc31)C#CC1=CCCCC1)C(=O)O[C@H]([C@H]2c1ccccc1)c1ccccc1,0,0.049074,0.130479,0.066891
C[C@H]1CCCCO[C@H](CN(C)Cc2ccc(cc2)C(=O)O)[C@@H](C)CN([C@H](C)CO)C(=O)c2cc(ccc2O1)NC(=O)CCC(F)(F)F,0,0.434366,0.027297,0.008629
C[C@@H]1CN([C@H](C)CO)C(=O)c2cc(ccc2O[C@H]1CN(C)Cc1ccc(cc1)-c1ccccc1)NC(=O)c1ccncc1,0,0.013515,0.026404,0.009151
CC(=O)NCc1nccc(n1)N1CCCC1,0,0.090330,0.031040,0.011086
C[C@H]1CN([C@H](C)CO)C(=O)Cc2cc(ccc2O[C@H]1CN(C)Cc1ccc(cc1)-c1ccccc1)NS(=O)(=O)c1ccc(cc1)F,0,0.022285,0.025018,0.005305
CO[C@H]1CN(C)C(=O)c2cc(ccc2OC[C@@H](C)N(C[C@@H]1C)C(=O)Cc1ccccn1)NC(=O)C1CC1,0,0.004844,0.021933,0.004161
C[C@H]1CCCCO[C@H](CN(C)S(=O)(=O)c2ccccc2)[C@@H](C)CN([C@H](C)CO)C(=O)c2cc(ccc2O1)NS(=O)(=O)c1ccc(cc1)Cl,0,0.004566,0.025500,0.003330
CCOC(=O)[C@H]1N(C(=O)N(CCc2ccc(c(c2)OC)OC)C=C1Cc1ccccc1)c1ccc(cc1)OC,0,0.083891,0.432896,0.196888
C[C@H]1CN([C@H](C)CO)C(=O)c2cc(cnc2O[C@H]1CN(C)S(=O)(=O)c1cn(cn1)C)-c1cc2ccccc2o1,0,0.000645,0.023830,0.005148
C[C@@H]1CCCCO[C@@H](CN(C)C(=O)Nc2ccccc2)[C@@H](C)CN([C@H](C)CO)C(=O)c2cc(ccc2O1)NC(=O)Cc1ccccc1,0,0.002811,0.021201,0.002367
C=C(C)C1CC=C(C(=O)O)CC1,0,0.380406,0.031423,0.026286
C[C@H]1CN([C@@H](C)CO)C(=O)c2cc(ccc2O[C@H]1CN(C)C(=O)Nc1c(noc1C)C)NS(=O)(=O)c1ccccc1,0,0.016099,0.024938,0.004035
COc1ccc(cc1)S(=O)(=O)Nc1ccc2c(c1)C(=O)N(C[C@H](C)[C@@H](CN(C)C(=O)C1CCCCC1)OCCCC[C@H](C)O2)[C@H](C)CO,0,0.005954,0.024396,0.003407
FC(F)(F)c1ccc(cc1)/C=C(\C#N)c1c[nH]c2ccccc12,0,0.479669,0.334895,0.509372
C[C@@H]1CCCCO[C@@H](CN(C)S(=O)(=O)C)[C@H](C)CN([C@@H](C)CO)C(=O)c2cc(ccc2O1)NS(=O)(=O)c1cccs1,0,0.001375,0.023662,0.003361
CC(C)(C)[S@](=O)N1Cc2cc(nc(c2[C@@H]1CCO)-c1cccc(c1)-c1ccncc1)C(=O)N[C@H]1CCN(C1)Cc1ccccc1,0,0.099431,0.094581,0.052212
CC(=O)OC1CCC2(C)C(=CCC3C4CCC(=O)C4(C)CCC32)C1,0,0.240058,0.148801,0.086792
C[C@@H]1CN([C@@H](C)CO)C(=O)c2cc(ccc2O[C@H]1CN(C)C(=O)Nc1ccc(cc1)C(F)(F)F)NC(=O)Cc1ccccc1,0,0.386003,0.337304,0.257390
C[C@H]1CCCCO[C@H](CN(C)C(=O)Nc2ccc(cc2)F)[C@@H](C)CN([C@@H](C)CO)C(=O)c2cc(ccc2O1)NC(=O)CCC(F)(F)F,0,0.312523,0.027212,0.013141
C[C@H]1CCCCO[C@H](CN(C)C(=O)Nc2ccc(cc2)C(F)(F)F)[C@@H](C)CN([C@@H](C)CO)C(=O)c2cc(ccc2O1)NS(=O)(=O)c1cn(cn1)C,0,0.316164,0.887212,0.928648
C[C@H]1CN([C@H](C)CO)C(=O)c2cccc(c2O[C@H]1CN(C)S(=O)(=O)c1cccs1)NS(=O)(=O)c1ccccc1,0,0.002242,0.026062,0.005459
COc1cccc(c1)NC(=O)N(C)C[C@@H]1Oc2cc(ccc2S(=O)(=O)N(C[C@@H]1C)[C@H](C)CO)C#Cc1ccncc1,0,0.017793,0.027689,0.004394
CN(C)CCCNC(=O)C[C@H]1CC[C@@H]2[C@@H](COc3ccc(cc3C(=O)N2C)NC(=O)c2cccc(c2)F)O1,0,0.118058,0.031180,0.015687
O[C@@H]1C=C[C@@H](Br)[C@H](O)[C@H]1O,0,0.008902,0.360970,0.127142
C[C@H]1CN([C@@H](C)CO)C(=O)c2cccc(c2O[C@H]1CN(C)Cc1ccc(cc1)Oc1ccccc1)NC(=O)C1CCOCC1,0,0.011927,0.025208,0.007571
Cc1cccc(c1)S(=O)(=O)N1C[C@H](O)COC[C@H]2O[C@H](CC[C@@H]21)CC(=O)NCCCN1CCOCC1,0,0.228718,0.029061,0.011283
CCOc1ccc(cc1Br)C(=O)Nc1ccc(c(c1)Cl)N1CCN(CC1)C(=O)c1cccs1,0,0.469883,0.432574,0.370922
C[C@@H]1CCCCO[C@@H](CN(C)CC2CCCCC2)[C@H](C)CN([C@H](C)CO)C(=O)c2cc(ccc2O1)NS(=O)(=O)c1ccc(cc1)C,0,0.028788,0.023895,0.007230
CN1[C@@H]2CC[C@H](CC(=O)Nc3cn(nc3C)C)O[C@H]2COc2ccc(cc2C1=O)NC(=O)C1CCOCC1,0,0.024329,0.026453,0.005328
NC(=S)N[C@H]1C[C@H]2C[C@@H]1C=C2,0,0.133629,0.067292,0.014264
CCCNC(=O)N(C)C[C@H]1Oc2cc(ccc2S(=O)(=O)N(C[C@H]1C)[C@H](C)CO)-c1ccc(cc1)C,0,0.068597,0.037668,0.007233
C[C@H]1CC[C@H]2[C@@H]1[C@H](OC=C2C(=O)O[C@H]1[C@H]2O[C@@]2(C)[C@H]2[C@H](OC=C[C@@]12O)O[C@H]1O[C@@H](CO)[C@@H](O)[C@@H](O)[C@@H]1O)O[C@H]1O[C@@H](CO)[C@@H](O)[C@@H](O)[C@@H]1O,0,0.006133,0.184491,0.074155
OCCCN1[C@@H]2C(=O)N(CC=C[C@@]32O[C@@H]2/C=C\CCCOC(=O)[C@@H]2[C@H]3C1=O)c1ccc2ccccc2c1,0,0.052677,0.115796,0.076536
C[C@@H]1CN([C@H](C)CO)C(=O)Cc2cc(ccc2O[C@@H]1CN(C)Cc1ccc(c(c1)Cl)Cl)NC(=O)Cn1cnnn1,0,0.155850,0.080952,0.018081
C[C@H]1CN([C@H](C)CO)C(=O)c2cccc(c2O[C@@H]1CN(C)Cc1ccc(cc1)C(=O)Nc1ccccc1N)NC(=O)c1nc2ccccc2s1,0,0.003747,0.024374,0.004950
C[C@@H]1CN([C@H](C)CO)C(=O)c2cccc(c2O[C@@H]1CN(C)C(=O)Nc1ccc2c(c1)OCO2)NS(=O)(=O)C,0,0.010641,0.023539,0.005060
CC1C(=O)OC2C1CCC1(C)CCC(=O)C(C)C21,0,0.075997,0.072753,0.012751
OC[C@@H]1O[C@H](CC(=O)NCCCN2CCOCC2)C=C[C@H]1NC(=O)Nc1cc(ccc1F)F,0,0.643295,0.315674,0.208494
COc1ccc(cc1)S(=O)(=O)Nc1cccc2c1O[C@@H](CN(C)Cc1ccc(cc1)-c1ccccc1)[C@H](C)CN([C@H](C)CO)C2=O,0,0.025485,0.024769,0.005001
COc1ccc(cc1)S(=O)(=O)Nc1cccc2c1O[C@@H](CN(C)S(=O)(=O)c1ccc(cc1)F)[C@H](C)CN([C@H](C)CO)C2=O,0,0.020988,0.026642,0.006218
O[C@H]1COC[C@@H]2O[C@@H](CC[C@H]2N(C1)S(=O)(=O)c1cccc(c1)Cl)CC(=O)NCCCN1CCOCC1,0,0.392742,0.045126,0.029598
COc1ccc(cc1)S(=O)(=O)N(C)C[C@@H]1Oc2ccc(cc2CC(=O)N(C[C@@H]1C)[C@H](C)CO)NC(=O)CCCN(C)C,0,0.006893,0.026689,0.004609
C[C@@H]1CN([C@H](C)CO)C(=O)c2cccc(c2O[C@@H]1CN(C)Cc1ccc2c(c1)OCO2)NS(=O)(=O)C,0,0.008285,0.025349,0.004975
N[C@H]1CS[C@@H](CCCCC(=O)O)[C@@H]1N,0,0.032281,0.064386,0.015268
CO[C@H]1[C@H](O)[C@@H](O)[C@H](O)[C@H](O)[C@@H]1O,0,0.002495,0.089448,0.023984
C[C@H]1CCCCO[C@H](CN(C)S(=O)(=O)c2cccs2)[C@H](C)CN([C@H](C)CO)C(=O)c2cc(ccc2O1)NC(=O)Cc1ccccc1,0,0.000831,0.023818,0.002274
ONC(=O)CCCCCNC(=O)OCc1ccc(cc1)CO[C@@H]1C[C@@H](C=C(O1)C(=O)N1CCN(CC1)Cc1ccccc1)c1ccccc1,0,0.000026,0.119570,0.039474
CCCC1CC(C(=O)NC(C(C)O)C2OC(SC)C(O)C(O)C2O)N(C)C1.Cl,1,0.302485,0.890784,0.952632
C[C@H]1CN([C@@H](C)CO)S(=O)(=O)c2ccc(cc2O[C@@H]1CN(C)CC1CCOCC1)-c1cccnc1,0,0.044611,0.023414,0.004130
CNC(=O)C[C@H]1CC[C@@H]2[C@H](COC[C@H](O)CN2C(=O)Nc2ccc3c(c2)OCO3)O1,0,0.191817,0.041177,0.034999
C[C@H]1CCCCO[C@@H](CN(C)Cc2ccccc2)[C@H](C)CN([C@@H](C)CO)C(=O)c2cc(ccc2O1)NS(=O)(=O)c1cccs1,0,0.004705,0.023818,0.003500
C[C@@H]1CCCCO[C@H](CN(C)CC2CC2)[C@H](C)CN([C@@H](C)CO)C(=O)c2cc(ccc2O1)NC(=O)Nc1ccc2c(c1)OCO2,0,0.029696,0.024926,0.005483
OC[C@H]1O[C@H](C[C@@H]1O)N1C=CC(=O)NC1=O,0,0.572341,0.480780,0.459917
COC(=O)C1=CO[C@@H](O[C@@H]2O[C@H](CO)[C@@H](O)[C@H](O)[C@H]2O)[C@@H]2[C@@H](C)[C@@H](O)C[C@@H]21,0,0.060631,0.348305,0.317507
COc1ccc(cc1)NC(=O)N(C)C[C@@H]1Oc2ccc(cc2C(=O)N(C[C@H]1C)[C@@H](C)CO)NC(=O)Cn1cnnn1,0,0.037189,0.021065,0.007493
Clc1ccc(cc1)Cl,0,0.729617,0.310218,0.133119
COc1ccc(cc1)NC(=O)Nc1ccc2c(c1)C(=O)N(C[C@H](C)[C@@H](CN(C)CC1CCCCC1)O2)[C@H](C)CO,0,0.078504,0.038078,0.020360
C[C@@H]1CCCCO[C@@H](CN(C)C(=O)Nc2cccc3ccccc23)[C@H](C)CN([C@H](C)CO)C(=O)c2cc(ccc2O1)NC(=O)c1ccncc1,0,0.003879,0.021715,0.002038
C[C@H]1CN([C@@H](C)CO)S(=O)(=O)c2ccc(cc2O[C@@H]1CN(C)S(=O)(=O)c1cn(cn1)C)C#Cc1cccc(c1)F,0,0.087201,0.027080,0.004360
COc1cc(ccc1O)/C=C/C(=O)CC1=C[C@@H](SC(=N1)NCc1ccco1)c1ccc(c(c1)OC)O,0,0.159689,0.302319,0.171394
CN1CCN(CC1)C(=O)[C@H]1C[C@H]2CN(C[C@@H]2N1C)c1ncc(cn1)F,0,0.697395,0.040071,0.033646
C[C@@H]1COC(=O)[C@H](CC=CC[C@H](CC(=O)NCCO)C(=O)N1)NC(=O)OCC1c2ccccc2-c2ccccc21,0,0.002542,0.142684,0.094168
CCOc1nc(cc(c1C#N)N)N,0,0.018264,0.067701,0.028592
CC(C)C[C@@H](NS(=O)(=O)c1ccc2c(c1)NC(=O)C(=O)N2)C(=O)O,0,0.640370,0.292601,0.067611
Cn1cnc(c1)S(=O)(=O)N[C@@H]1CC[C@H](CC(=O)Nc2ccccc2)O[C@@H]1CO,0,0.047492,0.023121,0.009255
C[C@H]1CN([C@H](C)CO)S(=O)(=O)c2ccc(cc2O[C@@H]1CN(C)S(=O)(=O)c1ccccc1F)C#Cc1cccc(c1)F,0,0.096692,0.029620,0.008262
CC(=O)OC1CC2C(C)(C)C(=O)C3OC3C2(C)C2CCC3(C)C(c4ccoc4)OC(=O)C4OC43C12C,0,0.073763,0.128963,0.029311
C[C@@H]1CCCCO[C@H](CN(C)C(=O)Nc2ccc(cc2)C(F)(F)F)[C@@H](C)CN([C@@H](C)CO)C(=O)c2cc(ccc2O1)NC(=O)Nc1cccc2ccccc12,0,0.213055,0.020159,0.004282
COc1ccc(cc1)CCNC(=O)[C@]1(Cc2ccccc2I)[C@@H](N(Cc2ccccc2)C(=O)c2ccccc21)c1ccc(cc1)COC(=O)NCCCCCC(=O)NO,0,0.000011,0.120346,0.025018
CSC(=N)Nc1csc(c1-c1ccccc1)C(F)(F)F,0,0.999334,0.478471,0.465909
C[C@@H]1CCCCO[C@H](CN(C)Cc2ccc(cc2)C(=O)O)[C@@H](C)CN([C@H](C)CO)C(=O)c2cc(ccc2O1)NS(=O)(=O)c1ccc(cc1)F,0,0.079342,0.028311,0.004195
COc1ccc(cc1)S(=O)(=O)Nc1ccc2c(c1)C(=O)N(C[C@@H](C)[C@H](CN(C)S(=O)(=O)c1ccc(cc1)Cl)OCCCC[C@@H](C)O2)[C@@H](C)CO,0,0.008658,0.026633,0.004093
C[C@@H]1CN([C@H](C)CO)C(=O)c2cc(ccc2O[C@@H]1CN(C)Cc1ccc(cc1)Oc1ccccc1)NS(=O)(=O)c1ccccc1,0,0.001309,0.023940,0.004238
C[C@@H]1CN([C@H](C)CO)C(=O)Cc2cc(ccc2O[C@@H]1CN(C)S(=O)(=O)c1ccc(cc1)C)NC(=O)Nc1ccc(cc1)C(F)(F)F,0,0.151786,0.030466,0.005502
CC(C)CC(=O)Nc1ccc(cc1)C,0,0.220216,0.075499,0.029581
C[C@@H]1CN([C@H](C)CO)C(=O)c2cc(ccc2O[C@@H]1CN(C)C(=O)Nc1ccc(cc1)C(F)(F)F)NC(=O)Nc1c(noc1C)C,0,0.765702,0.909523,0.934524
C[C@@H]1CN([C@H](C)CO)C(=O)c2cc(ccc2O[C@@H]1CN(C)S(=O)(=O)c1ccc(cc1)F)NC(=O)C1CC1,0,0.039109,0.025940,0.004829
CO[C@@H]1CN(C)C(=O)c2ccc(cc2OC[C@@H](C)N(C[C@H]1C)C(=O)Cc1ccccn1)NC(=O)C1CC1,0,0.003822,0.021933,0.004086
CCCCCCCCc1ccc(cc1)-c1ccc(cc1)C(=O)O,0,0.989994,0.517133,0.369200
COc1ccc(cc1)CN(C)C[C@@H]1Oc2ccc(cc2CC(=O)N(C[C@H]1C)[C@H](C)CO)NS(=O)(=O)c1cn(cn1)C,0,0.013194,0.023906,0.003802
COc1ccc(cc1)S(=O)(=O)N(C)C[C@H]1Oc2c(cccc2C(=O)N(C[C@H]1C)[C@H](C)CO)NS(=O)(=O)c1cn(cn1)C,0,0.028918,0.025372,0.004793
COc1ccc(cc1)CN(C)C[C@@H]1OCCCC[C@H](C)Oc2ccc(cc2C(=O)N(C[C@H]1C)[C@H](C)CO)NC(=O)Nc1ccc(cc1)OC,0,0.036179,0.030626,0.004204
C[C@@H]1CN([C@H](C)CO)S(=O)(=O)c2ccc(cc2O[C@@H]1CN(C)C(=O)c1cnccn1)Br,0,0.137423,0.025483,0.006346
CN1CCN(CC1)C(=O)C[C@@H]1CC[C@@H]2[C@H](COC[C@H](O)CN2CC2CCCC2)O1,0,0.665370,0.065350,0.023638
CO[C@H]1CN(C)C(=O)c2ccc(cc2OC[C@H](C)N(C[C@@H]1C)C(=O)CN(C)C)NC(=O)c1ccc(cc1)F,0,0.128768,0.032621,0.012739
C[C@H]1CCCCO[C@@H](CN(C)Cc2ccc(cc2)C(F)(F)F)[C@@H](C)CN([C@H](C)CO)C(=O)c2cc(ccc2O1)NC(=O)Nc1ccccc1,0,0.222164,0.025161,0.006869
COc1ccc(cc1)CN(C)C[C@H]1OCCCC[C@@H](C)Oc2ccc(cc2C(=O)N(C[C@H]1C)[C@@H](C)CO)NC(=O)c1ccncc1,0,0.008100,0.023696,0.002574
C[C@@H]1CCCCO[C@@H](CN(C)C(=O)Cc2ccccc2)[C@@H](C)CN([C@@H](C)CO)C(=O)c2cc(ccc2O1)NC(=O)Nc1ccc2c(c1)OCO2,0,0.002742,0.021522,0.002306
COc1ccc(cc1)CN(C)C[C@H]1Oc2ccc(cc2C(=O)N(C[C@H]1C)[C@@H](C)CO)NC(=O)Cn1cnnn1,0,0.026978,0.028268,0.009896
C[C@@H]1CN([C@H](C)CO)C(=O)c2cc(ccc2O[C@H]1CN(C)Cc1ccc(cc1)C(F)(F)F)NS(=O)(=O)c1ccc(cc1)C,0,0.220363,0.031218,0.015610
C[C@@H]1CCCCO[C@H](CN(C)Cc2ccc(cc2)C(=O)O)[C@H](C)CN([C@@H](C)CO)C(=O)c2cc(ccc2O1)NC(=O)CCC(F)(F)F,0,0.434366,0.027297,0.008629
C[C@H]1CN([C@@H](C)CO)C(=O)c2cccc(c2O[C@H]1CN(C)C(=O)Nc1ccc(cc1)C(F)(F)F)NC(=O)Nc1c(noc1C)C,0,0.816023,0.828821,0.870209
CN(C)c1ncc(c(n1)C)C(=O)O,0,0.312757,0.042670,0.017958
C[C@H]1CN([C@@H](C)CO)S(=O)(=O)c2ccc(cc2O[C@@H]1CN(C)C(=O)Cc1ccccn1)-c1cccc(c1)C(=O)N(C)C,0,0.002278,0.023705,0.004972
COCC(=O)Nc1ccc2c(c1)OC[C@@H](C)N(C[C@H](C)[C@@H](CN(C)C2=O)OC)Cc1ccccc1F,0,0.022454,0.028283,0.005995
C[C@H]1CN([C@@H](C)CO)C(=O)Cc2cc(ccc2O[C@@H]1CN(C)Cc1ccc(cc1)C(=O)Nc1ccccc1N)NC(=O)Cc1cn(c2ccccc12)C,0,0.006463,0.022247,0.003312
C[C@H]1CCCCO[C@@H](CN(C)C(=O)Nc2ccc3c(c2)OCO3)[C@H](C)CN([C@@H](C)CO)C(=O)c2cc(ccc2O1)NC(=O)C1CCCCC1,0,0.008138,0.024063,0.002703
CCOC(=O)c1nonc1N,0,0.055265,0.045510,0.013143
CC(C)[C@@H](N)c1nc2ccccc2[nH]1,0,0.617072,0.132177,0.070422
CN(C)C(=O)[C@H]1CCC2(CCNCC2)CO1,0,0.751820,0.034839,0.014098
C[C@H]1CN([C@H](C)CO)C(=O)Cc2cc(ccc2O[C@@H]1CN(C)Cc1ccc(cc1)C(F)(F)F)NC(=O)Cc1ccccc1,0,0.104741,0.049368,0.031626
COc1ccc2c3c(n(c2c1)C)[C@@H](CO)N(Cc1ccccc1)C[C@]13CCN(CC1)C(=O)c1ccccc1F,0,0.166273,0.105413,0.069257
CCCCCCCCCCCCCC(=O)OC(C)C,0,0.079358,0.242487,0.100800
CCCCCCCCCCCCCCCC(=O)OC[C@H](NC(=O)C(Cl)Cl)[C@H](O)c1ccc(cc1)[N+](=O)[O-],0,0.990183,0.534319,0.396193
CC[C@@H](O[Si](C#C[Si](C(C)C)(C(C)C)C(C)C)(C(C)C)C(C)C)c1cn(nn1)[C@H](CO)Cc1ccccc1,0,0.981438,0.232740,0.096922
COC(=O)C1=C[C@@H](O)[C@@H](O)[C@@H](C1)O[C@@H]1O[C@H](COC(=O)/C=C/c2ccccc2)[C@@H](O)[C@H](O)[C@H]1O,0,0.011558,0.133264,0.068546
CC(C)NC(=O)Nc1ccc2c(c1)C(=O)N(C[C@@H](C)[C@H](CN(C)CC1CCCCC1)OCCCC[C@@H](C)O2)[C@H](C)CO,0,0.097639,0.037288,0.015500
C[C@@H]1CCCCO[C@@H](CN(C)Cc2ccc3c(c2)OCO3)[C@@H](C)CN([C@@H](C)CO)C(=O)c2cc(ccc2O1)NC(=O)Nc1ccccc1,0,0.013261,0.021948,0.003276
C[C@H]1CCCCO[C@@H](CN(C)C(=O)CCC(F)(F)F)[C@@H](C)CN([C@@H](C)CO)C(=O)c2cc(ccc2O1)NS(=O)(=O)c1ccc(cc1)F,0,0.042455,0.029658,0.006276
Cc1ccccc1S(=O)(=O)N1C[C@H](O)COC[C@H]2O[C@H](CC[C@@H]21)CC(=O)NCCc1ccncc1,0,0.101780,0.055205,0.009314
C[C@@H]1CCCCO[C@@H](CN(C)S(=O)(=O)c2cn(cn2)C)[C@H](C)CN([C@H](C)CO)C(=O)c2cc(ccc2O1)NS(=O)(=O)c1cn(cn1)C,0,0.017281,0.027286,0.005137
COc1cccc(c1)-c1ccc2c(c1)O[C@H](CN(C)C(=O)C1CCC1)[C@H](C)CN([C@@H](C)CO)S2(=O)=O,0,0.016990,0.063746,0.007529
COc1ccccc1-c1cnc2c(c1)C(=O)N(C[C@H](C)[C@@H](CN(C)C(=O)c1cccnc1)O2)[C@@H](C)CO,0,0.005148,0.022049,0.003675
OCc1ccc(cc1)CC(=O)O,0,0.360644,0.057064,0.033990
CC(C)Cc1cc(on1)CN,0,0.095922,0.067343,0.018113
C[C@@H]1CN([C@@H](C)CO)C(=O)Cc2cc(ccc2O[C@@H]1CN(C)S(=O)(=O)c1c(noc1C)C)N(C)C,0,0.011011,0.023983,0.007595
CC1=C(C(=O)NCCCN2CCN(CC2)c2ccc(cc2)F)C2(CCN(CC2)Cc2ccccc2)OC1=O,0,0.171610,0.441143,0.416912
CNC(=S)Nc1cccc(c1)C(=O)NC,0,0.612085,0.038297,0.017265
NC[C@@H]1O[C@@H](Cc2c(c(ccc21)O)O)C12CC3CC(CC(C3)C2)C1,1,0.574709,0.383975,0.427590
C[C@@H]1CN([C@@H](C)CO)C(=O)c2cccc(c2O[C@H]1CN(C)S(=O)(=O)c1ccc(cc1)F)NS(=O)(=O)c1ccccc1,0,0.013284,0.025851,0.005839
Clc1ccc(cc1)CSc1nc2ccccc2s1,0,0.402930,0.265984,0.239134
C[C@H]1CN([C@@H](C)CO)C(=O)c2cc(cnc2O[C@@H]1CN(C)C(=O)Nc1ccc(cc1)C(F)(F)F)C1=CCCC1,0,0.356595,0.601412,0.394517
CCO[C@@H]1OC(=C[C@@H]([C@H]1CCCO)c1ccc(cc1)C#C)C(=O)N1CCN(CC1)Cc1ccc2c(c1)OCO2,0,0.006666,0.032600,0.006562
OC[C@@H]1O[C@@H](CC[C@@H]1NC(=O)C1CCOCC1)CCn1cc(nn1)C1(O)CCCC1,0,0.736338,0.426939,0.166556
CN1CCN(CC1)C(=O)C[C@H]1CC[C@H]2[C@@H](COC[C@@H](O)CN2C(=O)C2CC2)O1,0,0.573621,0.052334,0.024216
C[C@H]1CCCCO[C@@H](CN(C)CC2CC2)[C@@H](C)CN([C@H](C)CO)C(=O)c2cc(ccc2O1)NC(=O)c1ccccc1,0,0.024626,0.025287,0.009014
C[C@@H]1CN([C@@H](C)CO)C(=O)c2cc(ccc2O[C@@H]1CN(C)C(=O)NC1CCCCC1)NC(=O)Nc1cccc2ccccc12,0,0.013042,0.024999,0.007883
COc1ccc(cc1)S(=O)(=O)N(C)C[C@@H]1Oc2c(cccc2C(=O)N(C[C@H]1C)[C@@H](C)CO)NC(=O)C1CC1,0,0.023913,0.026344,0.004666
COc1ccc2c3c([nH]c2c1)[C@@H](CO)N(C[C@]13CCN(CC1)C(=O)c1ccccc1F)C(=O)Nc1ccccc1F,0,0.255264,0.056849,0.039847
C[C@H]1CCCCO[C@@H](CN(C)C(=O)Nc2ccccc2)[C@@H](C)CN([C@H](C)CO)C(=O)c2cc(ccc2O1)NC(=O)Nc1cccc2ccccc12,0,0.005164,0.021376,0.002582
NCCS,0,0.000000,0.053308,0.045315
C[C@H]1CN([C@H](C)CO)C(=O)CCCn2cc(nn2)CO[C@H]1CN(C)C(=O)c1cc(on1)-c1ccccc1,0,0.018759,0.021518,0.004476
C=CCN1C(=O)NC(=O)/C(=C/c2ccco2)C1=O,0,0.000058,0.261091,0.181294
CC1=CC(=O)[N-]S(=O)(=O)O1.[K+],0,0.001281,0.225157,0.082820
OC[C@H]1O[C@H](CCNC(=O)CN2CCOCC2)CC[C@@H]1NC(=O)Nc1ccccc1,0,0.031460,0.024231,0.011891
C[N+](C)(C)CC#CCN1CCCC1=O,0,0.229901,0.036706,0.010760
C[C@@H]1CN([C@H](C)CO)S(=O)(=O)c2ccc(cc2O[C@H]1CN(C)C(=O)CN(C)C)C#Cc1cccnc1,0,0.156707,0.195080,0.011188
CO[C@@H]1C[C@@H](CC[C@H]1OC(=O)C(C)(CO)CO)C[C@@H](C)[C@@H]1CC(=O)[C@H](C)/C=C(\C)[C@@H](O)[C@@H](OC)C(=O)[C@H](C)C[C@H](C)/C=C/C=C/C=C(\C)[C@H](C[C@@H]2CC[C@@H](C)[C@@](O)(O2)C(=O)C(=O)N2CCCC[C@H]2C(=O)O1)OC,0,0.847266,0.487642,0.168047
C[C@H]1CCCCO[C@@H](CN(C)C(=O)Nc2ccc(cc2)C(F)(F)F)[C@H](C)CN([C@H](C)CO)C(=O)c2cc(ccc2O1)NC(=O)CCC(F)(F)F,0,0.569278,0.097808,0.054633
C[C@@H]1CN([C@H](C)CO)C(=O)c2cc(ccc2O[C@H]1CN(C)Cc1ccc(cc1)C(=O)Nc1ccccc1N)NS(=O)(=O)c1cn(cn1)C,0,0.011517,0.024100,0.002744
C[C@H]1CN([C@@H](C)CO)C(=O)c2c(c3ccccc3n2C)-c2ccccc2CO[C@H]1CN(C)S(=O)(=O)c1ccc(cc1)Cl,0,0.063176,0.029610,0.006880
C[C@@H]1CCCCO[C@@H](CN(C)S(=O)(=O)c2ccc(cc2)C)[C@H](C)CN([C@H](C)CO)C(=O)c2cc(ccc2O1)NC(=O)Nc1ccc(cc1)F,0,0.030899,0.023789,0.002758
C[C@H]1CN([C@H](C)CO)C(=O)Cc2cc(ccc2O[C@@H]1CN(C)S(=O)(=O)c1ccc(cc1)Cl)NC(=O)Cn1cnnn1,0,0.015421,0.025506,0.005855
CN(C)CCC=C1c2ccccc2COc2ccc(CC(=O)O)cc21.Cl,1,0.957791,0.440856,0.331730
C[C@@H]1CN([C@H](C)CO)S(=O)(=O)c2ccc(cc2O[C@@H]1CN(C)Cc1ccc(cc1)F)C#CC(C)(C)O,0,0.055234,0.049340,0.007771
C[C@H]1CN([C@H](C)CO)C(=O)c2cc(ccc2O[C@H]1CN(C)Cc1ccc(cc1)-c1ccccc1)NS(=O)(=O)c1cccs1,0,0.012202,0.024980,0.006325
COc1ccc(cc1)S(=O)(=O)N(C)C[C@H]1Oc2ccc(cc2CC(=O)N(C[C@@H]1C)[C@H](C)CO)NC(=O)C1CC1,0,0.008060,0.026548,0.005234
COc1ccc(cc1)S(=O)(=O)Nc1ccc2c(c1)C(=O)N(C[C@@H](C)[C@@H](CN(C)Cc1ccncc1)O2)[C@H](C)CO,0,0.004648,0.024730,0.005157
COc1cccc(c1)-c1ccc2c(c1)O[C@H](CN(C)Cc1cncnc1)[C@@H](C)CN([C@H](C)CO)S2(=O)=O,0,0.033101,0.028049,0.005479
C[C@@H]1CCCCO[C@@H](CN(C)CC2CCCCC2)[C@H](C)CN([C@H](C)CO)C(=O)c2cc(ccc2O1)NS(=O)(=O)c1ccccc1,0,0.013438,0.024575,0.005433
N#Cc1ccc(cn1)-c1ccccc1,0,0.021494,0.203516,0.121539
COCCCNC(=O)C[C@H]1SC(=N)NC1=O,0,0.819464,0.056305,0.022323
C[C@@H]1CN([C@H](C)CO)C(=O)c2cc(ccc2O[C@H]1CN(C)C(=O)Nc1ccc2c(c1)OCO2)NC(=O)C1CC1,0,0.004840,0.022507,0.003864
C[C@H]1CN([C@@H](C)CO)C(=O)c2cccc(c2O[C@@H]1CN(C)Cc1ccc(cc1)Oc1ccccc1)NS(=O)(=O)c1ccccc1,0,0.002824,0.026047,0.004249
C[C@H]1CN([C@@H](C)CO)C(=O)c2cccc(c2O[C@@H]1CN(C)S(=O)(=O)c1cn(cn1)C)NC(=O)c1cc(nn1C)C,0,0.019136,0.023550,0.004441
C[C@@H]1CCCCO[C@@H](CN(C)CC2CC2)[C@@H](C)CN([C@H](C)CO)C(=O)c2cc(ccc2O1)NC(=O)Cc1ccccc1,0,0.041007,0.027431,0.009704
Cc1cc(n2nc(nc2n1)CCCO)C,0,0.055768,0.031469,0.016427
C[C@H]1CCCCO[C@H](CN(C)C(=O)c2ccccc2)[C@H](C)CN([C@@H](C)CO)C(=O)c2cc(ccc2O1)NC(=O)NC1CCCCC1,0,0.004112,0.022110,0.002868
C[C@H]1CN([C@H](C)CO)C(=O)Cc2cc(ccc2O[C@H]1CN(C)S(=O)(=O)c1cn(cn1)C)NS(=O)(=O)c1ccccc1,0,0.001996,0.023866,0.003197
OC[C@@H]1O[C@H](CC(=O)NC2CCCCC2)C=C[C@@H]1NC(=O)CN1CCOCC1,0,0.032954,0.026300,0.017187
C[C@H]1CN([C@H](C)CO)C(=O)c2cc(ccc2O[C@H]1CN(C)Cc1ccc(c(c1)Cl)Cl)NC(=O)Nc1ccc(cc1)F,0,0.556702,0.055489,0.020923
C[C@@H]1CCCCO[C@H](CN(C)Cc2ccc(cc2)C(F)(F)F)[C@@H](C)CN([C@@H](C)CO)C(=O)c2cc(ccc2O1)NS(=O)(=O)c1ccc(cc1)Cl,0,0.150995,0.023400,0.003871
C/C=C/c1ccc(cc1)[C@@H]1[C@H](CO)N(C21CN(C2)C(=O)C1CCOCC1)S(=O)(=O)Cc1ccccc1,0,0.019422,0.078699,0.016793
COc1ccc(cc1)[C@@H]([C@H](Cc1ccccc1)OC(=O)C)N1C[C@H]2[C@@H](ON=C2[C@@H]1Cc1ccccc1)[C@@H](OC(=O)C)c1ccccc1,0,0.018708,0.047078,0.036574
Nc1nnc([nH]1)N[C@H]1CCCCNC1=O,0,0.195272,0.030959,0.007672
Cc1cc(=O)oc2cc(O)ccc12,0,0.252579,0.287494,0.238837
COc1ccc(cc1)S(=O)(=O)Nc1ccc2c(c1)C(=O)N(C[C@@H](C)[C@H](CN(C)Cc1ccc3c(c1)OCO3)OCCCC[C@H](C)O2)[C@H](C)CO,0,0.002809,0.024972,0.003390
COCC(=O)N(C)C[C@H]1Oc2cc(ccc2S(=O)(=O)N(C[C@@H]1C)[C@@H](C)CO)C#C[C@@H](C)O,0,0.035869,0.024742,0.008396
N[C@]1(CC[C@@H](C1)C(=O)O)C(=O)O.N[C@@]1(CC[C@H](C1)C(=O)O)C(=O)O,0,0.726172,0.334174,0.186480
C[C@H]1CN([C@H](C)CO)S(=O)(=O)c2ccc(cc2O[C@@H]1CN(C)CC1CCOCC1)-c1cccnc1,0,0.044611,0.023414,0.004130
C[C@@H]1CN([C@H](C)CO)C(=O)CCCn2cc(nn2)CO[C@H]1CN(C)C(=O)Nc1ccc2c(c1)OCCO2,0,0.012528,0.022095,0.004480
C[C@@H]1CCCCO[C@@H](CN(C)C(=O)Nc2ccc(cc2)F)[C@H](C)CN([C@H](C)CO)C(=O)c2cc(ccc2O1)NS(=O)(=O)c1ccc(cc1)C,0,0.030416,0.023789,0.002750
CNC[C@@H]1OCCCC[C@@H](C)Oc2ccc(cc2C(=O)N(C[C@@H]1C)[C@H](C)CO)NS(=O)(=O)c1c(noc1C)C,0,0.022613,0.023990,0.005286
CCCNC(=O)CN1C(=O)N(C)c2ccccc21,0,0.771659,0.193085,0.077433
C[C@@H]1CN([C@@H](C)CO)C(=O)c2cccc(c2O[C@@H]1CN(C)Cc1ccc(c(c1)Cl)Cl)NC(=O)C1CCCCC1,0,0.252587,0.043326,0.011989
C[C@H]1CN([C@H](C)CO)C(=O)c2cc(ccc2O[C@@H]1CN(C)Cc1ccc(cc1)-c1ccccc1)NC(=O)NC1CCCCC1,0,0.088811,0.029158,0.014538
C[C@@H]1CN([C@H](C)CO)S(=O)(=O)c2ccc(cc2O[C@H]1CN(C)S(=O)(=O)c1ccccc1F)-c1ccncc1,0,0.014605,0.028663,0.005465
C[C@@H]1CCCCO[C@H](CN(C)Cc2ccccc2)[C@H](C)CN([C@@H](C)CO)C(=O)c2cc(ccc2O1)NC(=O)Nc1c(noc1C)C,0,0.040274,0.032476,0.007136
COc1ccc(cc1)[C@@H](NC(=O)C1CCN(CCOc2ccc(cc2Cl)Cl)CC1)c1ccccn1,0,0.793868,0.912192,0.952073
C[C@@H]1CCCCO[C@H](CN(C)C(=O)NC2CCCCC2)[C@H](C)CN([C@@H](C)CO)C(=O)c2cc(ccc2O1)NS(=O)(=O)c1cccs1,0,0.004469,0.024008,0.002768
C[C@H]1CN([C@@H](C)CO)C(=O)c2cccc(c2O[C@H]1CN(C)S(=O)(=O)c1ccc(cc1)F)NS(=O)(=O)c1ccccc1,0,0.013284,0.025851,0.005839
C[C@H]1CN([C@H](C)CO)C(=O)c2cccc(c2O[C@@H]1CN(C)Cc1ccc(cc1)Oc1ccccc1)NC(=O)C1CC1,0,0.023604,0.033293,0.017111
C[C@@H](Cn1ccnc1C)C(=O)O,0,0.071037,0.028938,0.011767
OCCN(Cc1ccccc1)C(=O)C[C@H](CC=C)C(=O)N[C@@H](COC(=O)[C@H](CC=C)Cc1ccc(cc1)F)Cc1c[nH]c2ccccc12,0,0.038846,0.029792,0.016069
CO[C@@H]1CN(C)C(=O)c2ccc(cc2OC[C@H](C)N(C[C@H]1C)C(=O)Cc1ccccn1)NC(=O)C1CC1,0,0.003822,0.021933,0.004086
C[C@H]1CCCCO[C@@H](CN(C)C(=O)Nc2cccc3ccccc23)[C@H](C)CN([C@@H](C)CO)C(=O)c2cc(ccc2O1)NC(=O)CCCN(C)C,0,0.009402,0.024087,0.001945
C[C@@H]1CN([C@@H](C)CO)C(=O)Cc2cc(ccc2O[C@H]1CN(C)C(=O)Nc1cccc2ccccc12)NS(=O)(=O)c1cccs1,0,0.001082,0.024075,0.002995
O[C@H]1Cc2c(cc(c(c2O[C@@H]1c1ccc(c(c1)O)O)[C@@H]1[C@@H](O)[C@H](Oc2cc(cc(c21)O)O)c1ccc(c(c1)O)O)O)O,0,0.956551,0.124532,0.049885
NC[C@@H]1CCCO1,0,0.030367,0.027077,0.012412
O[C@H]1COC[C@H]2O[C@@H](CC[C@@H]2N(C1)C(=O)c1cccnc1)CC(=O)NCc1ccc(cc1)-c1ccccc1,0,0.300877,0.099553,0.058960
COc1ccc2c3c([nH]c2c1)[C@@H](CO)N(C[C@]13CCN(CC1)C(=O)Nc1ccc(cc1)F)C(=O)c1ccc(cc1)F,0,0.144019,0.044692,0.033728
C[C@@H]1CCCCO[C@@H](CN(C)Cc2ccc3c(c2)OCO3)[C@H](C)CN([C@@H](C)CO)C(=O)c2cc(ccc2O1)NS(=O)(=O)c1cccs1,0,0.002007,0.024171,0.002711
CN(C)S(=O)(=O)c1ccc(cc1)CN,0,0.050774,0.052349,0.008936
OC(=O)c1ccccc1C(=O)Nc1ccc(cc1)S(=O)(=O)Nc1nccs1,0,0.265061,0.108518,0.050047
CCCN(C)C[C@H]1OCCCC[C@@H](C)Oc2ccc(cc2C(=O)N(C[C@H]1C)[C@@H](C)CO)NC(=O)NC1CCCCC1,0,0.079343,0.049666,0.021152
C[C@H]1CCCCO[C@H](CN(C)Cc2ccc(cc2)C(=O)O)[C@H](C)CN([C@@H](C)CO)C(=O)c2cc(ccc2O1)NC(=O)CCC(F)(F)F,0,0.434366,0.027297,0.008629
CNC(=O)C[C@@H]1CC[C@@H]2[C@H](COC[C@H](O)CN2C(=O)Nc2cccc(c2)OC)O1,0,0.243028,0.173879,0.067038
C[C@H]1CCCCO[C@@H](CN(C)S(=O)(=O)c2cn(cn2)C)[C@H](C)CN([C@@H](C)CO)C(=O)c2cc(ccc2O1)NS(=O)(=O)C,0,0.005910,0.023653,0.003362
CO[C@@H]1CN(C)C(=O)c2cc(ccc2OC[C@H](C)N(C[C@H]1C)C(=O)CN(C)C)NC(=O)Nc1ccccc1,0,0.080345,0.025004,0.009293
Clc1nccc2ccccc12,0,0.193739,0.368232,0.123391
C[C@H]1CN([C@@H](C)CO)C(=O)c2cc(ccc2O[C@H]1CN(C)S(=O)(=O)c1ccc(cc1)Cl)N(C)C,0,0.031233,0.031762,0.012913
OC[C@@H]1O[C@@H](CC(=O)NCCc2ccncc2)C=C[C@H]1NC(=O)CN1CCOCC1,0,0.026289,0.023515,0.015572
NNC(=O)c1ccncc1,0,0.202286,0.124722,0.058117
CCS(=O)(=O)Nc1ccc2c(c1)C(=O)N(C)C[C@H](OC)[C@H](C)CN(Cc1ccccn1)[C@@H](C)CO2,0,0.001742,0.023593,0.004918
C[C@H]1CCCCO[C@H](CN(C)C(=O)Nc2c(noc2C)C)[C@@H](C)CN([C@@H](C)CO)C(=O)c2cc(ccc2O1)NS(=O)(=O)c1ccc(cc1)F,0,0.036832,0.024055,0.003450
CCCN(C)C[C@@H]1OCCCC[C@@H](C)Oc2ccc(cc2C(=O)N(C[C@@H]1C)[C@H](C)CO)NC(=O)Nc1ccccc1,0,0.050781,0.140451,0.055542
COc1ccc(cc1)CNC(=O)C[C@H]1C[C@H]2[C@H](Oc3ccc(cc32)NC(=O)NC2CCCC2)[C@@H](CO)O1,0,0.134364,0.025812,0.015037
C[C@H]1CN([C@@H](C)CO)C(=O)c2cc(ccc2O[C@@H]1CN(C)Cc1ccc(c(c1)Cl)Cl)NS(=O)(=O)c1ccc(cc1)C,0,0.066696,0.026982,0.005860
C[C@H]1CCCCO[C@@H](CN(C)S(=O)(=O)c2ccc(cc2)F)[C@H](C)CN([C@H](C)CO)C(=O)c2cc(ccc2O1)NS(=O)(=O)C,0,0.014479,0.024169,0.003970
C[C@H]1CCCCO[C@@H](CN(C)S(=O)(=O)c2cn(cn2)C)[C@H](C)CN([C@@H](C)CO)C(=O)c2cc(ccc2O1)NS(=O)(=O)c1ccccc1,0,0.001695,0.023866,0.002510
C[C@@H]1CN([C@H](C)CO)S(=O)(=O)c2ccc(cc2O[C@@H]1CN(C)S(=O)(=O)c1ccc(cc1)C)C#Cc1ccncc1,0,0.013353,0.031681,0.006164
C[C@@H]1CCCCO[C@@H](CN(C)C(=O)Nc2ccccc2)[C@H](C)CN([C@H](C)CO)C(=O)c2cc(ccc2O1)NC(=O)c1ccccc1,0,0.001649,0.021795,0.002305
C[C@H]1CN([C@H](C)CO)C(=O)c2cccc(c2O[C@H]1CN(C)Cc1ccc2c(c1)OCO2)NC(=O)c1ccc(cc1)-c1nccs1,0,0.003531,0.024192,0.003138
C[C@H]1CN([C@H](C)CO)C(=O)Cc2cc(ccc2O[C@H]1CN(C)Cc1ccccc1)NS(=O)(=O)c1cn(cn1)C,0,0.010493,0.023770,0.004202
CC(C)NC(=O)Nc1ccc2c(c1)C(=O)N(C[C@@H](C)[C@H](CN(C)Cc1ccc(cc1)C(F)(F)F)OCCCC[C@H](C)O2)[C@H](C)CO,0,0.389410,0.065961,0.034281
CC(C)NC(=O)Nc1ccc2c(c1)C(=O)N(C[C@H](C)[C@H](CN(C)Cc1ccc(cc1)C(F)(F)F)OCCCC[C@H](C)O2)[C@H](C)CO,0,0.389410,0.065961,0.034281
C[C@@H]1CCCCO[C@@H](CN(C)S(=O)(=O)c2cn(cn2)C)[C@@H](C)CN([C@@H](C)CO)C(=O)c2cc(ccc2O1)NS(=O)(=O)c1cn(cn1)C,0,0.017281,0.027286,0.005137
C[C@@H]1CCCCO[C@H](CN(C)Cc2ccc(c(c2)Cl)Cl)[C@H](C)CN([C@@H](C)CO)C(=O)c2cc(ccc2O1)NC(=O)C1CCCCC1,0,0.214733,0.032909,0.004767
CN1CCN(CCCN2c3ccccc3Sc3ccc(Cl)cc32)CC1.O=S(=O)(O)CCS(=O)(=O)O,0,0.980261,0.551652,0.508725
COc1ccc(cc1)NC(=O)Nc1ccc2c(c1)C(=O)N(C[C@@H](C)[C@@H](CN(C)S(=O)(=O)c1ccc(cc1)C)OCCCC[C@H](C)O2)[C@H](C)CO,0,0.007507,0.023792,0.002779
C[C@H]1CN([C@H](C)CO)C(=O)c2cc(ccc2O[C@H]1CN(C)Cc1ccc(cc1)Oc1ccccc1)NC(=O)Nc1ccccc1,0,0.008126,0.024456,0.007394
C[C@H]1CCCCO[C@H](CN(C)S(=O)(=O)c2cccs2)[C@H](C)CN([C@@H](C)CO)C(=O)c2cc(ccc2O1)NS(=O)(=O)C,0,0.001479,0.023589,0.003071
C[C@@H]1CN([C@@H](C)CO)C(=O)CCCn2nncc2CO[C@@H]1CN(C)S(=O)(=O)C,0,0.005132,0.024749,0.006059
C[C@@H]1CCCCO[C@H](CN(C)Cc2ccc(c(c2)Cl)Cl)[C@@H](C)CN([C@@H](C)CO)C(=O)c2cc(ccc2O1)NC(=O)Nc1ccc2c(c1)OCO2,0,0.111812,0.032762,0.003641
COc1ccc(cc1)S(=O)(=O)N(C)C[C@H]1OCCCC[C@H](C)Oc2ccc(cc2C(=O)N(C[C@H]1C)[C@@H](C)CO)NC(=O)Nc1cccc2ccccc12,0,0.004504,0.024204,0.002435
CCCN(C)C[C@H]1OCCCC[C@@H](C)Oc2ccc(cc2C(=O)N(C[C@@H]1C)[C@H](C)CO)NC(=O)c1ccccc1,0,0.013061,0.047539,0.027116
C[C@H]1CN([C@H](C)CO)C(=O)c2cc(cnc2O[C@H]1CN(C)C(=O)Nc1ccc2c(c1)OCO2)C#CC(C)(C)O,0,0.009393,0.040044,0.012623
C[C@H]1CN([C@H](C)CO)C(=O)c2cccc(c2O[C@H]1CN(C)S(=O)(=O)c1ccc(cc1)F)NS(=O)(=O)c1cccs1,0,0.015679,0.024904,0.005696
C[C@H]1CCCCO[C@H](CN(C)C(=O)Nc2ccccc2)[C@@H](C)CN([C@H](C)CO)C(=O)c2cc(ccc2O1)NC(=O)Nc1ccccc1,0,0.007058,0.021795,0.002715
COc1ccc(cc1)S(=O)(=O)Nc1cccc2c1O[C@@H](CN(C)C(=O)NC(C)C)[C@H](C)CN([C@@H](C)CO)C2=O,0,0.034226,0.025586,0.006903
C[C@H]1CCCCO[C@H](CN(C)Cc2ccc(c(c2)Cl)Cl)[C@H](C)CN([C@H](C)CO)C(=O)c2cc(ccc2O1)NS(=O)(=O)c1ccc(cc1)Cl,0,0.137148,0.024932,0.003564
OC[C@H]1[C@@H]2CN3C(=O)C=CC=C3[C@@H]2N([C@@H]1C(=O)NC1Cc2ccccc2C1)C(=O)c1cnccn1,0,0.052289,0.091753,0.049719
C[C@@H]1CN([C@@H](C)CO)C(=O)c2cccc(c2O[C@H]1CN(C)S(=O)(=O)c1cn(cn1)C)NC(=O)c1ccc(cc1)-c1nccs1,0,0.015177,0.023901,0.002683
COc1ccc(cc1)C#Cc1ccc2c(c1)O[C@@H](CN(C)S(=O)(=O)c1ccccc1F)[C@H](C)CN([C@H](C)CO)S2(=O)=O,0,0.029426,0.027375,0.006350
C[C@H]1CN([C@@H](C)CO)C(=O)c2cc(ccc2O[C@H]1CN(C)C(=O)Nc1ccc(cc1)C(F)(F)F)NS(=O)(=O)c1ccc(cc1)Cl,0,0.425146,0.163442,0.017506
OC[C@@H]1O[C@H](C[C@@H]2[C@H]1Oc1ccc(cc12)NS(=O)(=O)c1ccc(cc1)F)CC(=O)NCc1ccccc1F,0,0.049918,0.034259,0.009841
Cc1ccccc1CCCCN,0,0.390081,0.160655,0.119784
C=CCCCCCCCCC(=O)O,0,0.064147,0.060910,0.041265
CCOC(=O)c1cccc(N)c1.CS(=O)(=O)O,0,0.066124,0.087472,0.043409
CS(=O)(=O)Nc1ccc2c(c1)[C@@H]1C[C@H](CC(=O)NCC3CC3)O[C@@H](CO)[C@@H]1O2,0,0.012597,0.034131,0.007936
CN(C)[C@@H](CN)c1ccc2c(c1)CCN2C,0,0.946307,0.075082,0.024832
C[C@H]1CN([C@@H](C)CO)C(=O)c2cc(ccc2O[C@@H]1CN(C)C(=O)Nc1cccc2ccccc12)NS(=O)(=O)c1ccccc1,0,0.004971,0.024848,0.004007
C[C@@H]1CN([C@H](C)CO)C(=O)c2cc(ccc2O[C@@H]1CN(C)Cc1ccc(c(c1)Cl)Cl)NC(=O)CCC(F)(F)F,0,0.724142,0.111429,0.113735
CCOC(=O)c1ncn2c1C(=O)OC2(C)C,0,0.143495,0.119379,0.106754
C[C@H]1CN([C@H](C)CO)C(=O)Cc2cc(ccc2O[C@@H]1CN(C)S(=O)(=O)c1cn(cn1)C)NC(=O)NC1CCCCC1,0,0.014883,0.024591,0.003987
OC[C@H]1O[C@H](CCNC(=O)Cc2ccncc2)CC[C@@H]1NC(=O)C1CCOCC1,0,0.036846,0.021282,0.007394
NC(=O)c1cnn2c(c(cnc12)C#N)N,0,0.014982,0.138793,0.061328
C[C@@H]1CCCCO[C@H](CN(C)S(=O)(=O)c2ccccc2)[C@@H](C)CN([C@H](C)CO)C(=O)c2cc(ccc2O1)NC(=O)CCCCCC(=O)Nc1ccccc1N,0,0.000756,0.028664,0.002460
C[C@H]1CN([C@@H](C)CO)C(=O)c2ccccc2-c2ccccc2CO[C@H]1CN(C)C(=O)Nc1cccc(c1)C(F)(F)F,0,0.700582,0.655500,0.388905
C[C@H]1CN([C@H](C)CO)S(=O)(=O)c2ccc(cc2O[C@@H]1CN(C)C(=O)C1CCCCC1)-c1cncnc1,0,0.034839,0.024213,0.005294
CN1CC[C@@H](C1)NC(=O)c1cc(c2c(c(c(cc2n1)C)-c1ccc(cc1)CO)C)-c1ccccc1Cl,1,0.998863,0.475978,0.286352
C[C@@H]1CN([C@H](C)CO)C(=O)CCCn2nncc2CO[C@H]1CN(C)Cc1cccc2c1OCCCO2,0,0.041879,0.027122,0.004707
NC(=O)c1cc2ccccc2nc1C(=O)N,0,0.021658,0.194518,0.097944
COc1ccc(cc1)S(=O)(=O)Nc1ccc2c(c1)CC(=O)N(C[C@@H](C)[C@H](CN(C)Cc1ccc(cc1)-c1ccccc1)O2)[C@@H](C)CO,0,0.006550,0.026461,0.004281
OC[C@H](O)[C@H](O)[C@@H](O)[C@@H](O)/C=N/NC(=O)CCCCCC(=O)NO,0,0.002061,0.036447,0.013069
CC(C)NC(=O)Nc1ccc2c(c1)C(=O)N(C[C@@H](C)[C@H](CN(C)S(=O)(=O)c1ccc(cc1)F)O2)[C@@H](C)CO,0,0.062610,0.026312,0.006596
C[C@H]1CN([C@H](C)CO)C(=O)Cc2cc(ccc2O[C@@H]1CN(C)C(=O)Nc1ccc2c(c1)OCO2)NC(=O)C1CC1,0,0.004053,0.023003,0.003463
C[C@H]1CN([C@H](C)CO)C(=O)c2cc(cnc2O[C@@H]1CN(C)Cc1ccc(cc1)Oc1ccccc1)-c1cccnc1,0,0.005442,0.029842,0.007099
NCCSC12CC3CC(CC(C3)C2)C1,0,0.038474,0.118766,0.047279
C[C@@H]1CCCCO[C@@H](CN(C)Cc2ccc3c(c2)OCO3)[C@H](C)CN([C@H](C)CO)C(=O)c2cc(ccc2O1)NS(=O)(=O)c1ccc(cc1)Cl,0,0.007879,0.024544,0.002938
NS(=O)(=O)c1cc2c(cc1C(F)(F)F)NC(Cc1ccccc1)NS2(=O)=O,0,0.000008,0.227229,0.061020
C[C@H]1CN([C@H](C)CO)S(=O)(=O)c2ccc(cc2O[C@H]1CN(C)C(=O)c1ccccc1)C#CC1(O)CCCC1,0,0.008554,0.026796,0.004761
CC(C)NC(=O)Nc1cccc2c1O[C@H](CN(C)S(=O)(=O)c1ccc(cc1)C)[C@@H](C)CN([C@H](C)CO)C2=O,0,0.053545,0.023812,0.005444
Clc1ccc(cc1)CNC(=O)C[C@@H]1C/C=C/C[C@H](Cc2ccccc2)C(=O)N[C@@H](COC1=O)c1ccccc1,0,0.117293,0.064821,0.070678
ONC(=O)/C=C/c1cccc(c1)-c1cn(nn1)-c1cccc(c1)C(=O)N1CCC2(CC1)N(CNC2=O)c1ccccc1,0,0.458339,0.249952,0.253134
C[C@@H]1CN([C@H](C)CO)C(=O)c2cc(cnc2O[C@@H]1CN(C)C(=O)c1cnccn1)/C=C/c1ccccc1,0,0.010836,0.028961,0.009050
CC(C)NC(=O)Nc1ccc2c(c1)CC(=O)N(C[C@H](C)[C@H](CN(C)S(=O)(=O)c1ccc(cc1)F)O2)[C@H](C)CO,0,0.029685,0.025193,0.006553
COCCNC(=O)C[C@@H]1C[C@H]2[C@H](Oc3ccc(cc32)NC(=O)CN(C)C)[C@H](CO)O1,0,0.176834,0.023863,0.010521
C[C@H]1CN([C@@H](C)CO)C(=O)CCCn2cc(nn2)CO[C@@H]1CN(C)S(=O)(=O)c1cn(cn1)C,0,0.014529,0.025123,0.006201
C[C@@H]1CN([C@@H](C)CO)S(=O)(=O)c2ccc(cc2O[C@H]1CN(C)C(=O)Nc1ccc(cc1)C(F)(F)F)-c1ccccc1C,0,0.522059,0.035060,0.019381
C[C@H]1CN([C@@H](C)CO)C(=O)c2c(c3ccccc3n2C)-c2ccccc2CO[C@H]1CN(C)C(=O)[C@@H](C)c1ccccc1,0,0.023590,0.025155,0.011591
COc1ccc(cn1)[C@@H](NC(=O)C1CCN(CC1)Cc1ccc(cc1)Oc1ccccc1)c1ccccc1C,0,0.387308,0.713051,0.560272
C[C@@H]1CCCCO[C@H](CN(C)Cc2ccc(c(c2)Cl)Cl)[C@@H](C)CN([C@@H](C)CO)C(=O)c2cc(ccc2O1)NS(=O)(=O)c1ccc(cc1)C,0,0.037050,0.024810,0.002934
CC(C)NC(=O)Nc1ccc2c(c1)CC(=O)N(C[C@H](C)[C@H](CN(C)Cc1ccc(cc1)-c1ccccc1)O2)[C@@H](C)CO,0,0.123668,0.033636,0.017659
CO[C@H]1/C=C\O[C@@]2(C)Oc3c(c(c4c(c(c(c(c4c3C2=O)O)/C=N/N=C/N2CCCCC2)NC(=O)/C(=C\C=C/[C@H](C)[C@H](O)[C@@H](C)[C@@H](O)[C@@H](C)[C@H](OC(=O)C)[C@@H]1C)C)O)O)C,1,0.033967,0.455514,0.235505
C[C@@H]1CN([C@H](C)CO)S(=O)(=O)c2ccc(cc2O[C@H]1CN(C)C(=O)Cc1ccccn1)-c1ccc(cc1)C(=O)N(C)C,0,0.002438,0.023620,0.005476
C[C@H]1CN([C@H](C)CO)C(=O)c2cccc(c2O[C@H]1CN(C)Cc1ccc(c(c1)Cl)Cl)NC(=O)CCCCCC(=O)Nc1ccccc1N,0,0.105660,0.032375,0.005598
C[C@@H]1CN([C@H](C)CO)C(=O)Cc2cc(ccc2O[C@H]1CN(C)S(=O)(=O)c1cccs1)NC(=O)C1CC1,0,0.001148,0.023670,0.004696
C[C@@H]1CN([C@@H](C)CO)C(=O)c2cc(cnc2O[C@H]1CN(C)S(=O)(=O)c1cn(cn1)C)C1=CCCCC1,0,0.004859,0.025957,0.008016
C[C@@H]1CCCCO[C@@H](CN(C)C(=O)Nc2cccc3ccccc23)[C@H](C)CN([C@@H](C)CO)C(=O)c2cc(ccc2O1)NC(=O)Nc1ccccc1,0,0.010120,0.021675,0.002409
C[C@@H]1CN([C@H](C)CO)C(=O)c2ccccc2-c2ccccc2CO[C@@H]1CN(C)C(=O)Oc1ccc(cc1)C,0,0.133781,0.038977,0.025617
CC(C)NC(=O)Nc1ccc2c(c1)CC(=O)N(C[C@@H](C)[C@H](CN(C)S(=O)(=O)c1ccccc1)O2)[C@@H](C)CO,0,0.005129,0.023776,0.005789
CS(=O)(=O)c1ccc(cc1)C#N,0,0.078833,0.073583,0.042971
COc1ccc(cc1)[Si](C)(C)[C@@H]1[C@@H](C)[C@@]2(O[C@H]1CC(=O)N1CCC[C@H]1CO)C(=O)N(Cc1cccc(c1)N1CCCCC1=O)c1ccccc12,0,0.006285,0.057427,0.020331
COc1ccc(cc1)CN(C)C[C@H]1Oc2ccc(cc2CC(=O)N(C[C@H]1C)[C@H](C)CO)NC(=O)CCCCCC(=O)Nc1ccccc1N,0,0.004993,0.022769,0.003397
CC[N+](C)(CC)CCOC(=O)C(O)(c1ccccc1)C1CCCCC1.[Br-],0,0.869731,0.492414,0.375603
CC(=O)OCC[N+](C)(C)C.[Cl-],0,0.038960,0.093543,0.020599
C[C@H]1CN([C@@H](C)CO)C(=O)Cc2cc(ccc2O[C@H]1CN(C)S(=O)(=O)c1cn(cn1)C)NS(=O)(=O)c1ccc(cc1)Cl,0,0.010676,0.024262,0.003584
C[C@@H]1CN([C@H](C)CO)C(=O)c2cc(ccc2O[C@H]1CN(C)C(=O)Nc1ccccc1)NC(=O)CCN1CCOCC1,0,0.003137,0.022586,0.003554
Cc1ccc(cc1)S[C@@]1(CC(=O)N(Cc2cc(cc(c2)C(F)(F)F)C(F)(F)F)[C@@H]1c1ccc(cc1I)CO)C(=O)NC1CC1,0,0.961529,0.107491,0.044134
CN1[C@H]2CC[C@H](CC(=O)NCC(F)(F)F)O[C@H]2COc2ccc(cc2C1=O)NS(=O)(=O)c1ccc(cc1)F,0,0.125272,0.027647,0.012189
C[C@@H]1CCCCO[C@@H](CN(C)C(=O)Nc2ccccc2)[C@@H](C)CN([C@@H](C)CO)C(=O)c2cc(ccc2O1)NC(=O)Nc1cccc2ccccc12,0,0.005164,0.021376,0.002582
O=C1C=C[C@@H]2C3C=CC([C@@H]2[C@]21CO2)[C@@]1(CO1)C3=O,0,0.018640,0.047346,0.021896
CC(C)NC(=O)N(C)C[C@@H]1Oc2ccc(cc2CC(=O)N(C[C@@H]1C)[C@H](C)CO)NC(=O)Cc1ccccc1,0,0.005919,0.026751,0.009050
CCC(=O)c1ccc(s1)Cl,0,0.706080,0.063184,0.019061
C[C@@H]1CCCCO[C@H](CN(C)S(=O)(=O)c2ccc(cc2)F)[C@@H](C)CN([C@@H](C)CO)C(=O)c2cc(ccc2O1)NC(=O)Cc1ccccc1,0,0.004994,0.023882,0.002927
CCCN(C)C[C@@H]1OCCCC[C@@H](C)Oc2ccc(cc2C(=O)N(C[C@H]1C)[C@H](C)CO)NS(=O)(=O)C,0,0.023162,0.040061,0.008598
COc1ccc(cc1)C(=O)N,0,0.149911,0.074171,0.033109
C[C@@H]1CN([C@@H](C)CO)C(=O)CCCn2nncc2CO[C@@H]1CN(C)S(=O)(=O)c1ccccc1C#N,0,0.002146,0.023904,0.005919
C[C@H]1CCCCO[C@H](CN(C)C(=O)Nc2ccc3c(c2)OCO3)[C@H](C)CN([C@@H](C)CO)C(=O)c2cc(ccc2O1)NS(=O)(=O)c1ccc(cc1)C,0,0.002687,0.023732,0.002679
CC(C)Cn1cnc2ccccc12,0,0.241787,0.140965,0.056890
C[C@H]1CN([C@@H](C)CO)C(=O)Cc2cc(ccc2O[C@H]1CN(C)Cc1ccc(c(c1)Cl)Cl)NC(=O)Nc1ccc2c(c1)OCO2,0,0.084498,0.081728,0.010959
C[C@@H]1CN([C@@H](C)CO)C(=O)c2cc(ccc2O[C@@H]1CN(C)Cc1ccc(cc1)C(=O)Nc1ccccc1N)NC(=O)NC1CCCCC1,0,0.018183,0.023017,0.003268
C[C@@H]1CN([C@@H](C)CO)C(=O)CCCn2nncc2CO[C@@H]1CN(C)C(=O)Oc1cccc2ccccc12,0,0.196835,0.032616,0.020526
C[C@@H]1CN([C@H](C)CO)C(=O)c2cccc(c2O[C@@H]1CN(C)C(=O)Nc1ccccc1)NC(=O)CCCCCC(=O)Nc1ccccc1N,0,0.013289,0.022028,0.004123
OC(=O)Cc1cccc(c1)OCCCN(CC(c1ccccc1)c1ccccc1)Cc1cccc(c1Cl)C(F)(F)F,0,0.823148,0.869773,0.737606
C[C@@H]1CN([C@H](C)CO)C(=O)c2cc(ccc2O[C@@H]1CN(C)S(=O)(=O)c1cn(cn1)C)NC(=O)NC1CCCCC1,0,0.025938,0.025041,0.003865
C[C@@H]1CN([C@H](C)CO)C(=O)Cc2cc(ccc2O[C@@H]1CN(C)S(=O)(=O)c1c(noc1C)C)NS(=O)(=O)c1c(noc1C)C,0,0.006631,0.024655,0.006165
C[C@H]1CN([C@@H](C)CO)C(=O)Cc2cc(ccc2O[C@H]1CN(C)S(=O)(=O)c1ccc(cc1)C)NC(=O)C1CC1,0,0.006357,0.025586,0.004498
CN1NC=C2C(=O)C=CC=C12,0,0.317731,0.055340,0.026929
COc1ccc(cc1)S(=O)(=O)N1C[C@H](O)COC[C@H]2O[C@H](CC[C@@H]21)CC(=O)NCc1ccc(c(c1)Cl)Cl,0,0.607466,0.049003,0.029274
C[C@H]1CN([C@@H](C)CO)C(=O)Cc2cc(ccc2O[C@@H]1CN(C)C(=O)Nc1ccc2c(c1)OCO2)NC(=O)Nc1cccc2ccccc12,0,0.002695,0.021259,0.003171
O=C1NN(CNc2nccs2)C(=O)C=C1,0,0.210501,0.103710,0.085096
COc1cccc(c1OCCNCCO)OC,0,0.183891,0.064688,0.045912
Nc1ncnc2n(cnc12)CCO,0,0.048650,0.039574,0.013783
COC(=O)c1c2oc(c1C(=O)OC)C(=O)N[C@@H](Cc1ccccc1)Cn1cc(nn1)CNC(=O)[C@H](Cc1ccccc1)NC(=O)N[C@@H](CO)CC2,0,0.018369,0.047588,0.023448
C[C@H]1CCCCO[C@H](CN(C)C(=O)NC2CCCCC2)[C@H](C)CN([C@@H](C)CO)C(=O)c2cc(ccc2O1)NC(=O)c1ccncc1,0,0.003739,0.021883,0.002484
C[C@H]1CCCCO[C@H](CN(C)Cc2ccc(cc2)C(F)(F)F)[C@H](C)CN([C@H](C)CO)C(=O)c2cc(ccc2O1)NC(=O)c1ccccc1,0,0.089291,0.020809,0.004570
C[C@H]1CN([C@H](C)CO)S(=O)(=O)c2ccc(cc2O[C@H]1CN(C)S(=O)(=O)c1ccccc1F)C#Cc1ccccc1,0,0.027579,0.028506,0.008124
COc1cc(ncn1)N1CCO[C@]2(COCCN(C2)S(=O)(=O)C)C1,0,0.002032,0.138395,0.007624
CC(C)NC(=O)Nc1ccc2c(c1)C(=O)N(C[C@@H](C)[C@@H](CN(C)C(=O)Nc1ccccc1)OCCCC[C@H](C)O2)[C@@H](C)CO,0,0.007688,0.022183,0.005381
OC[C@@H](Cc1ccccc1)NC(=O)C[C@H](CC=C)C(=O)N[C@H](COC(=O)[C@H](CCC=C)Cc1ccc(cc1)F)Cc1c[nH]c2ccccc12,0,0.075746,0.033521,0.013978
OC[C@@H]1O[C@@H](C[C@H]2[C@@H]1Oc1ccc(cc12)NC(=O)C1CCOCC1)CC(=O)NCc1ccc(cc1)Cl,0,0.217284,0.093738,0.049811
C[C@@H]1CCCCO[C@@H](CN(C)Cc2ccccc2)[C@@H](C)CN([C@@H](C)CO)C(=O)c2cc(ccc2O1)NS(=O)(=O)c1cccs1,0,0.004705,0.023818,0.003500
CCCN(C)C[C@H]1OCCCC[C@@H](C)Oc2ccc(cc2C(=O)N(C[C@H]1C)[C@@H](C)CO)NC(=O)C1CCCCC1,0,0.059103,0.067286,0.016402
COc1ccc(cc1)S(=O)(=O)N(C)C[C@H]1Oc2ncc(cc2C(=O)N(C[C@H]1C)[C@@H](C)CO)-c1ccncc1,0,0.005010,0.023458,0.003747
Nc1ccccc1Nc1ccccc1,0,0.282917,0.276570,0.139387
CCOC(=O)N1CCC(O)CC1,0,0.013436,0.034452,0.012851
CN1[C@@H]2CC[C@@H](CC(=O)NCC(F)(F)F)O[C@H]2COc2ccc(cc2C1=O)NC(=O)c1cc(on1)C,0,0.134746,0.402360,0.326967
O=C(Cc1ccc(cc1)-c1ccccc1)N[C@@H]1CCOC1.O=C(Cc1ccc(cc1)-c1ccccc1)N[C@H]1CCOC1,0,0.533250,0.347874,0.163092
CC(C)Cn1cnc2c1C(=O)N(C)C(=O)N2C,0,0.408023,0.087719,0.045833
OC[C@H]1O[C@H](C[C@H]2[C@@H]1Oc1ccc(cc12)NC(=O)NC1CCCC1)CC(=O)NCCN1CCCCC1,0,0.314583,0.036650,0.016622
C[C@H]1CCCCO[C@@H](CN(C)CC2CC2)[C@H](C)CN([C@@H](C)CO)C(=O)c2cc(ccc2O1)NC(=O)Nc1cccc2ccccc12,0,0.084890,0.026791,0.008852
OC[C@H]1O[C@H](CCNC(=O)C2CCCCC2)CC[C@@H]1NC(=O)CN1CCOCC1,0,0.045039,0.024659,0.016880
COc1ccc(cc1)S(=O)(=O)N(C)C[C@H]1OCCCC[C@H](C)Oc2ccc(cc2C(=O)N(C[C@H]1C)[C@H](C)CO)NC(=O)C1CCCCC1,0,0.005102,0.025067,0.003313
CCc1ccc(cc1)NC(=O)Cc1coc2ccc(cc12)C(C)C,0,0.385555,0.562906,0.367825
CN1CCN(CC1)[C@H](CNC(=O)C(=O)NCCN1CCOCC1)c1ccc(cc1)N(C)C,0,0.908458,0.146921,0.083615
C[C@H]1CN([C@H](C)CO)C(=O)Cc2cc(ccc2O[C@H]1CN(C)S(=O)(=O)c1ccc(cc1)Cl)NC(=O)Nc1ccc(cc1)C(F)(F)F,0,0.275769,0.027863,0.007869
COC(=O)C[C@@H]1CC[C@@H]2[C@@H](COc3ccc(cc3C(=O)N2C)NS(=O)(=O)c2ccccc2Cl)O1,0,0.011326,0.031801,0.012466
OCCNC(=O)C1=C[C@H](Oc2ccccc2I)[C@@H](O)[C@@H](C1)N(Cc1ccco1)C(=O)Cc1ccccc1,0,0.000977,0.283733,0.172775
COc1ccc(cc1)NC(=O)Nc1ccc2c(c1)C(=O)N(C[C@H](C)[C@H](CN(C)S(=O)(=O)c1ccc(cc1)Cl)OCCCC[C@@H](C)O2)[C@H](C)CO,0,0.018551,0.024571,0.002869
CSCCC(NC(=O)C(Cc1c[nH]c2ccccc12)NC(=O)CCNC(=O)OC(C)(C)C)C(=O)NC(CC(=O)O)C(=O)NC(Cc1ccccc1)C(N)=O,0,0.000026,0.231144,0.101030
COc1cccc(c1)S(=O)(=O)N1C[C@H](O)COC[C@H]2O[C@H](CC[C@@H]21)CC(=O)N1CCN(CC1)c1ccccc1,0,0.066084,0.023861,0.007101
C[C@H]1CCCCO[C@@H](CN(C)C(=O)CCC(F)(F)F)[C@H](C)CN([C@@H](C)CO)C(=O)c2cc(ccc2O1)NS(=O)(=O)c1ccc(cc1)Cl,0,0.050908,0.024459,0.004676
C[C@H]1CCCCO[C@@H](CN(C)S(=O)(=O)c2ccc(cc2)C)[C@H](C)CN([C@@H](C)CO)C(=O)c2cc(ccc2O1)NC(=O)Nc1cccc2ccccc12,0,0.005586,0.023732,0.002162
C[C@H]1CN([C@H](C)CO)C(=O)c2cc(cnc2O[C@H]1CN(C)S(=O)(=O)c1cccs1)-c1ccc(cc1)F,0,0.005238,0.025167,0.006434
COC(=O)C[C@@H]1CC[C@@H]2NC[C@@H](O)COC[C@H]2O1,0,0.036246,0.031433,0.011706
C[C@@H]1CCCCO[C@@H](CN(C)C(=O)Nc2cccc3ccccc23)[C@@H](C)CN([C@H](C)CO)C(=O)c2cc(ccc2O1)NC(=O)Nc1ccc(cc1)F,0,0.038692,0.024786,0.003671
C[C@H]1CCCCO[C@@H](CN(C)C(=O)Nc2cccc3ccccc23)[C@H](C)CN([C@@H](C)CO)C(=O)c2cc(ccc2O1)NS(=O)(=O)c1ccc(cc1)F,0,0.011585,0.023856,0.002515
CN(C)CCCNC(=O)C[C@@H]1CC[C@@H]2[C@H](COC[C@H](O)CN2C(=O)c2cc(cc(c2)Cl)Cl)O1,0,0.955140,0.544462,0.452072
C[C@@H]1CCCCO[C@@H](CN(C)C(=O)Nc2ccc(cc2)F)[C@H](C)CN([C@@H](C)CO)C(=O)c2cc(ccc2O1)NC(=O)c1ccccc1,0,0.016622,0.023634,0.003022
C[C@@H]1CCCCO[C@@H](CN(C)C(=O)C2CCCCC2)[C@H](C)CN([C@@H](C)CO)C(=O)c2cc(ccc2O1)NC(=O)Nc1c(noc1C)C,0,0.049667,0.025290,0.003769
Cc1nc(c([nH]1)N1CCNCC1)[N+](=O)[O-],0,0.997464,0.061430,0.036213
C[C@H]1CN([C@H](C)CO)C(=O)Cc2cc(ccc2O[C@H]1CN(C)CC1CCCCC1)NC(=O)Nc1ccc(cc1)F,0,0.215790,0.037092,0.017729
COc1ccc(cc1)CN(C)C[C@@H]1OCCCC[C@@H](C)Oc2ccc(cc2C(=O)N(C[C@H]1C)[C@H](C)CO)NC(=O)Nc1ccc(cc1)OC,0,0.036179,0.030626,0.004204
C[C@H]1CN([C@@H](C)CO)C(=O)c2cc(ccc2O[C@H]1CN(C)S(=O)(=O)c1c(noc1C)C)NS(=O)(=O)c1ccc(cc1)Cl,0,0.025839,0.026104,0.005250
C[C@H]1CN([C@@H](C)CO)C(=O)c2cccc(c2O[C@H]1CN(C)C(=O)Nc1ccc(cc1)F)NC(=O)CCCCCC(=O)Nc1ccccc1N,0,0.128091,0.029529,0.005358
C[C@@H]1CCCCO[C@H](CN(C)Cc2ccc(c(c2)Cl)Cl)[C@@H](C)CN([C@@H](C)CO)C(=O)c2cc(ccc2O1)NC(=O)Cc1ccccc1,0,0.064275,0.032889,0.004582
C[C@H]1CN([C@@H](C)CO)C(=O)c2cc(cnc2O[C@H]1CN(C)C(=O)CN(C)C)C#CC(C)(C)O,0,0.073881,0.035579,0.017042
CC(=O)Nc1cccc(c1)S(=O)(=O)N,0,0.000008,0.067353,0.007116
COc1ccc(cc1)CN(C)C[C@H]1OCCCC[C@H](C)Oc2ccc(cc2C(=O)N(C[C@H]1C)[C@H](C)CO)NC(=O)Nc1ccc(cc1)F,0,0.119592,0.026231,0.005717
C[C@@H]1CN([C@H](C)CO)C(=O)c2cccc(c2O[C@H]1CN(C)Cc1ccccc1)NC(=O)CCCCCC(=O)Nc1ccccc1N,0,0.009003,0.023046,0.006543
OC[C@@H]1O[C@@H](C[C@@H]2[C@H]1Oc1ccc(cc12)NC(=O)C1CCOCC1)CC(=O)NCc1ccc(cc1)Cl,0,0.217284,0.093738,0.049811
CN(C)C(=O)C[C@H]1CC[C@H](NC(=O)C2CC2)[C@H](CO)O1,0,0.049241,0.023182,0.007042
CC(C)(C)c1csc(n1)-c1ccc(s1)-c1cccs1,0,0.758896,0.137275,0.191744
C[C@@H]1CN([C@@H](C)CO)C(=O)c2cc(ccc2O[C@H]1CN(C)C(=O)Nc1ccc(cc1)F)NC(=O)Nc1ccc(cc1)C(F)(F)F,0,0.899335,0.548606,0.566505
CN1C(=O)N(C)c2ncn(c2C1=O)CC1OCCO1,0,0.563535,0.151886,0.091169
CC(C)NC(=O)N(C)C[C@H]1Oc2ccc(cc2CC(=O)N(C[C@H]1C)[C@@H](C)CO)NS(=O)(=O)c1cccs1,0,0.002780,0.023725,0.005570
OC[C@H]1O[C@H](CC[C@H]1NC(=O)c1ccccn1)CC(=O)N1CCOCC1,0,0.003259,0.021236,0.005192
C[C@H]1CCCCO[C@@H](CN(C)C(=O)C2CCCCC2)[C@@H](C)CN([C@@H](C)CO)C(=O)c2cc(ccc2O1)NC(=O)Nc1ccccc1,0,0.010635,0.022889,0.003315
C[C@@H]1CCCCO[C@@H](CN(C)C(=O)Nc2ccc(cc2)F)[C@H](C)CN([C@H](C)CO)C(=O)c2cc(ccc2O1)NC(=O)c1ccccc1,0,0.016622,0.023634,0.003022
C[C@@H]1CN([C@H](C)CO)C(=O)c2cc(ccc2O[C@@H]1CN(C)C(=O)NC1CCCCC1)NS(=O)(=O)c1c(noc1C)C,0,0.035663,0.023836,0.004719
C[C@@H]1CCCCO[C@H](CN(C)C(=O)Nc2c(noc2C)C)[C@@H](C)CN([C@H](C)CO)C(=O)c2cc(ccc2O1)NC(=O)Cc1ccccc1,0,0.017305,0.021869,0.002461
CC(C)NC(=O)Nc1ccc2c(c1)C(=O)N(C[C@@H](C)[C@H](CN(C)S(=O)(=O)c1cn(cn1)C)OCCCC[C@@H](C)O2)[C@@H](C)CO,0,0.020280,0.024334,0.003171
C[C@@H]1CCCCO[C@H](CN(C)S(=O)(=O)c2ccc(cc2)Cl)[C@H](C)CN([C@H](C)CO)C(=O)c2cc(ccc2O1)NS(=O)(=O)c1ccc(cc1)Cl,0,0.025736,0.029358,0.004067
CC(C)NC(=O)Nc1ccc2c(c1)C(=O)N(C[C@H](C)[C@@H](CN(C)Cc1ccccc1)OCCCC[C@@H](C)O2)[C@H](C)CO,0,0.024076,0.028428,0.009207
COc1ccc(cc1)S(=O)(=O)Nc1ccc2c(c1)C(=O)N(C[C@H](C)[C@@H](CN(C)C(=O)c1ccccc1)OCCCC[C@H](C)O2)[C@@H](C)CO,0,0.000994,0.023818,0.002444
C[C@H]1CN([C@@H](C)CO)S(=O)(=O)c2ccc(cc2O[C@H]1CN(C)C(=O)c1ccc2c(c1)OCO2)-c1cncnc1,0,0.004149,0.023837,0.003115
O.O=C(O)C1C(O)CCC2CN3CCc4c([nH]c5ccccc45)C3CC21,0,0.027762,0.297725,0.213546
C[C@H]1CN([C@H](C)CO)C(=O)c2cc(cnc2O[C@H]1CN(C)S(=O)(=O)c1ccccc1F)C#Cc1cccnc1,0,0.018602,0.024456,0.003975
N[C@@H](CCON=C(N)N)C(=O)O,0,0.002042,0.032003,0.009734
C[C@@H]1CN([C@@H](C)CO)C(=O)c2cccc(c2O[C@@H]1CN(C)S(=O)(=O)c1cn(cn1)C)NS(=O)(=O)c1ccc(cc1)F,0,0.027911,0.025555,0.006148
CC(C)C(=O)N1CC[C@H]2CN(CC(=O)N(C)C)S(=O)(=O)[C@@H]2CC1,0,0.002132,0.038744,0.011098
CN1CCN(CC1)Cc1ccc(cc1C(F)(F)F)C(=O)Nc1cnc(c(c1)Nc1nccc(n1)-c1cccnc1)C,0,0.763923,0.488227,0.195360
OCc1cn(nn1)-c1ccccc1,0,0.480833,0.145046,0.063652
C[C@H]1CN([C@H](C)CO)C(=O)Cc2cc(ccc2O[C@H]1CN(C)Cc1ccc(cc1)C(=O)Nc1ccccc1N)NS(=O)(=O)c1cn(cn1)C,0,0.008600,0.023747,0.002617
C[C@H]1CN([C@H](C)CO)C(=O)c2cc(cnc2O[C@H]1CN(C)S(=O)(=O)c1ccc(cc1)C#N)C#Cc1ccc(cc1)F,0,0.004150,0.026735,0.005961
C[C@H]1CN([C@H](C)CO)S(=O)(=O)c2ccc(cc2O[C@@H]1CN(C)C(=O)c1ccccc1)C#CC1(O)CCCC1,0,0.008554,0.026796,0.004761
C[C@H]1CN([C@@H](C)CO)C(=O)c2cc(cnc2O[C@H]1CN(C)S(=O)(=O)c1cn(cn1)C)C1=CCCC1,0,0.005062,0.026414,0.007662
C[C@@H]1CCCCO[C@@H](CN(C)S(=O)(=O)c2ccc(cc2)C)[C@@H](C)CN([C@H](C)CO)C(=O)c2cc(ccc2O1)NC(=O)Nc1ccccc1,0,0.007314,0.023732,0.002387
CC1=NCCN=C(C)C1N1CCOCC1,0,0.005934,0.041295,0.022722
Nc1nonc1C(=O)OCC(=O)c1ccccc1,0,0.579023,0.139092,0.099541
COC(=O)C[C@@H]1CC[C@H]2[C@@H](COC[C@@H](O)CN2S(=O)(=O)c2ccc(cc2)F)O1,0,0.187042,0.027018,0.015401
C[C@@H]1CN([C@@H](C)CO)C(=O)c2cccc(c2O[C@@H]1CN(C)S(=O)(=O)c1cn(cn1)C)NC(=O)Nc1c(noc1C)C,0,0.077971,0.025268,0.005345
C[C@@H]1CN([C@H](C)CO)C(=O)c2cccc(c2O[C@@H]1CN(C)S(=O)(=O)c1cn(cn1)C)NC(=O)c1nc2ccccc2s1,0,0.007103,0.024368,0.004396
C[C@H]1CN([C@H](C)CO)C(=O)c2cccc(c2O[C@@H]1CN(C)Cc1ccc(cc1)C(=O)Nc1ccccc1N)NC(=O)Nc1ccccc1,0,0.021710,0.021890,0.004031
COc1cccc(c1)S(=O)(=O)N(C)C[C@H]1Oc2ncc(cc2C(=O)N(C[C@@H]1C)[C@@H](C)CO)-c1cccc(c1)C(=O)N(C)C,0,0.001320,0.023610,0.002446
CCc1cccc(c1NC(=O)Nc1ccccc1)C(C)C,0,0.968633,0.381506,0.155120
O[C@H]1COC[C@@H]2O[C@@H](CC[C@H]2N(C1)C(=O)c1ccc(cc1)F)CC(=O)NCCCN1CCOCC1,0,0.611842,0.258436,0.277597
COc1ccc(cc1)NC(=O)N(C)C[C@H]1OCCCC[C@H](C)Oc2ccc(cc2C(=O)N(C[C@H]1C)[C@@H](C)CO)NC(=O)Nc1ccccc1,0,0.011313,0.021728,0.002616
COc1ccc(cc1)C#Cc1ccc2c(c1)[C@]1([C@H]([C@H]3N([C@@H]([C@@H](OC3=O)c3ccccc3)c3ccccc3)[C@H]1c1ccccc1OCCO)C(=O)N1CCc3cc(c(cc3C1)OC)OC)C(=O)N2,0,0.027436,0.048937,0.008068
OCCCC1=C[C@@H](N(CC1)Cc1cc2c(cc1Br)OCO2)c1ccc(cc1)CN1CCCC1,0,0.968916,0.456716,0.309967
OCCNC(=O)c1nc(c2ccccc2n1)NCCO,0,0.103399,0.271996,0.108316
C[C@H]1CN([C@@H](C)CO)C(=O)Cc2cc(ccc2O[C@H]1CN(C)Cc1ccc(cc1)-c1ccccc1)NC(=O)C1CCCCC1,0,0.100888,0.031291,0.011780
Nc1cccn2ncnc12,0,0.040713,0.112502,0.051407
CC/C=C/C(=O)N(C[C@@H]1CCCO1)[C@@H]1CC(=C[C@H](Oc2c(cc(cc2OC)CO)I)[C@H]1O)C(=O)NCCO,0,0.118246,0.534651,0.211777
COc1ccc(cc1)CN(C)C[C@H]1OCCCC[C@H](C)Oc2ccc(cc2C(=O)N(C[C@@H]1C)[C@H](C)CO)NC(=O)CCC(F)(F)F,0,0.135271,0.016003,0.010838
NS(=O)(=O)OCCCCCCCOS(=O)(=O)N,0,0.000650,0.192462,0.109381
C[C@H]1CN([C@@H](C)CO)C(=O)c2c(c3ccccc3n2C)-c2ccccc2CO[C@H]1CN(C)CC1CCCCC1,0,0.366519,0.027059,0.022921
C[C@@H](O)Cn1c(ncc1[N+](=O)[O-])C,0,0.952277,0.130384,0.063085
CN1C(=O)NC(=O)c2c1ncn2CCNCc1ccco1,0,0.034681,0.088325,0.067717
O[C@H]1COC[C@@H]2O[C@@H](CC[C@H]2N(C1)C(=O)c1ccncc1)CC(=O)NCc1ccc(cc1)-c1ccccc1,0,0.298734,0.056087,0.030021
O[As](=O)(O)c1ccc(cc1)[N+](=O)[O-],0,0.717949,0.615563,0.344330
C[C@H]1CCCCO[C@@H](CN(C)C(=O)C2CCCCC2)[C@@H](C)CN([C@H](C)CO)C(=O)c2cc(ccc2O1)NC(=O)Nc1ccc2c(c1)OCO2,0,0.011106,0.022347,0.002787
NC(=O)[C@H]1CN(CC=C)C(=O)C1,0,0.006425,0.027036,0.011275
C[C@H]1CN([C@H](C)CO)C(=O)c2cccc(c2O[C@H]1CN(C)C(=O)Nc1ccc(cc1)C(F)(F)F)NS(=O)(=O)C,0,0.377460,0.763803,0.871565
OC[C@H]1O[C@H](C[C@H]2[C@@H]1Oc1ccc(cc12)NS(=O)(=O)c1ccc(cc1)F)CC(=O)NCc1cccnc1,0,0.019449,0.024215,0.007769
Cc1cc(cc(n1)C)-c1cccs1,0,0.265811,0.093326,0.054247
COc1ccc(cc1)C#Cc1ccc2c(c1)O[C@H](CN(C)C(=O)c1ccccn1)[C@@H](C)CN([C@H](C)CO)S2(=O)=O,0,0.009813,0.024098,0.003726
Oc1ccc(c(c1)O)C(=O)CN1CCOCC1,0,0.404648,0.145129,0.085225
CN1N=Nc2c(ncn2C1=O)C(=O)N,0,0.711827,0.089274,0.050393
CC(=O)N1[C@@H](CO)[C@@H]([C@@H]1CNC(=O)CN1CCOCC1)c1ccccc1,0,0.014803,0.030184,0.020041
Cc1ccc(c(n1)CO)O,0,0.082916,0.127159,0.037306
OC[C@@H]1O[C@@H](C[C@H]2[C@@H]1Oc1ccc(cc12)NC(=O)NC1CCCC1)CC(=O)NCc1ccc(cc1)Oc1ccccc1,0,0.048213,0.027865,0.013176
C[C@@H]1CN([C@@H](C)CO)S(=O)(=O)c2ccc(cc2O[C@@H]1CN(C)S(=O)(=O)c1ccc(cc1)C)C#Cc1ccncc1,0,0.013353,0.031681,0.006164
C[C@H]1CN([C@H](C)CO)C(=O)c2cc(ccc2O[C@H]1CN(C)S(=O)(=O)c1cccs1)NS(=O)(=O)c1ccc(cc1)C,0,0.003822,0.024032,0.004996
NC1=CC(=O)N=C(N)N1,0,0.134346,0.091134,0.035102
OC[C@H]1O[C@@H](C[C@H]2[C@@H]1Oc1ccc(cc12)NS(=O)(=O)c1ccc(cc1)F)CC(=O)NCc1ccncc1,0,0.019897,0.024027,0.009688
C[C@@H]1CN([C@@H](C)CO)C(=O)c2cccc(c2O[C@H]1CN(C)S(=O)(=O)c1cccs1)NS(=O)(=O)c1ccccc1,0,0.002242,0.026062,0.005459
COc1ccc(cc1)CN(C)C[C@H]1OCCCC[C@@H](C)Oc2ccc(cc2C(=O)N(C[C@H]1C)[C@H](C)CO)NC(=O)CCC(F)(F)F,0,0.135271,0.016003,0.010838
COCCC(=O)N1CCC2(CC1)COC2,0,0.115715,0.021672,0.008053
C[C@H]1CN([C@H](C)CO)S(=O)(=O)c2ccc(cc2O[C@@H]1CN(C)C(=O)NC1CCCC1)-c1cccnc1,0,0.027131,0.025795,0.004400
C[C@@H]1CCCCO[C@@H](CN(C)S(=O)(=O)c2ccc(cc2)C)[C@H](C)CN([C@@H](C)CO)C(=O)c2cc(ccc2O1)NC(=O)Nc1c(noc1C)C,0,0.016786,0.024267,0.002909
C[C@H]1CCCCO[C@H](CN(C)C(=O)NC2CCCCC2)[C@@H](C)CN([C@@H](C)CO)C(=O)c2cc(ccc2O1)NC(=O)c1ccccc1,0,0.002326,0.022124,0.002595
C[n+]1ccc(cc1)CCCO,0,0.264766,0.085855,0.030826
C(c1cccs1)n1cccc1,0,0.043854,0.124614,0.062449
N[C@@H](Cc1ccc(c(c1)O)O)C(=O)O,0,0.797681,0.060987,0.045115
Cc1cc(C)nc(NS(=O)(=O)c2ccc(N)cc2)n1,0,0.035009,0.093697,0.022227
C[C@H]1CCCCO[C@H](CN(C)S(=O)(=O)c2cccs2)[C@@H](C)CN([C@H](C)CO)C(=O)c2cc(ccc2O1)NC(=O)CCC(F)(F)F,0,0.009716,0.031601,0.006401
C[C@@H]1CN([C@@H](C)CO)C(=O)c2cc(cnc2O[C@H]1CN(C)S(=O)(=O)c1ccc(cc1)F)-c1cccc(c1)C(=O)N(C)C,0,0.005266,0.023755,0.004703
C[C@@H]1CN([C@H](C)CO)C(=O)Cc2cc(ccc2O[C@H]1CN(C)S(=O)(=O)C)NC(=O)Nc1ccc(cc1)C(F)(F)F,0,0.086631,0.051186,0.037007
Cl.Cl.OCCOCCN1CCN(C(c2ccccc2)c2ccc(Cl)cc2)CC1,0,0.062680,0.586627,0.365634
C[C@@H]1CN([C@H](C)CO)C(=O)c2cccc(c2O[C@@H]1CN(C)S(=O)(=O)c1ccc(cc1)C)NS(=O)(=O)c1ccccc1,0,0.006443,0.026008,0.004868
C[C@H](O)C(=O)N1CCN(CC1)Cc1sc2c(nc(nc2c1C)-c1cnc(nc1)N)N1CCOCC1,0,0.450754,0.090196,0.045403
CCC1C(=O)N(CC(=O)N(C(C(=O)NC(C(=O)N(C(C(=O)NC(C(=O)NC(C(=O)N(C(C(=O)N(C(C(=O)N(C(C(=O)N(C(C(=O)N1)C(C(C)CC=CC)O)C)C(C)C)C)CC(C)C)C)CC(C)C)C)C)C)CC(C)C)C)C(C)C)CC(C)C)C)C,0,0.998904,0.622182,0.235513
CC(C)(C)[S@@](=O)N1Cc2cc(nc(c2[C@H]1CCO)CCN1CCOCC1)C(=O)NCc1ccc2c(c1)OCO2,0,0.015239,0.053513,0.030469
CO[C@H]1CN(C)C(=O)c2ccc(cc2OC[C@@H](C)N(C[C@H]1C)C(=O)CN(C)C)NC(=O)c1ccc(cc1)F,0,0.128768,0.032621,0.012739
C[C@@H]1CCCCO[C@@H](CN(C)C(=O)CCC(F)(F)F)[C@@H](C)CN([C@H](C)CO)C(=O)c2cc(ccc2O1)NC(=O)CCC(F)(F)F,0,0.091072,0.207464,0.084694
CCCNC(=O)N1C[C@]2(CN(C2)S(=O)(=O)c2ccc(cc2)OC)c2c(n(c3cc(ccc23)OC)C)[C@H]1CO,0,0.056062,0.036413,0.012338
C[C@H]1CCCCO[C@@H](CN(C)C(=O)Nc2c(noc2C)C)[C@@H](C)CN([C@H](C)CO)C(=O)c2cc(ccc2O1)NC(=O)Nc1ccc(cc1)C(F)(F)F,0,0.656404,0.105193,0.033232
CC(C(=O)O)c1ccc2c(c1)CC(=O)c1ccccc1S2,0,0.833071,0.641464,0.428846
C[C@H]1CN([C@H](C)CO)C(=O)c2cc(cnc2O[C@@H]1CN(C)C(=O)CCN1CCCCC1)C#Cc1ccccn1,0,0.009635,0.022872,0.005002
C[C@H]1CCCCO[C@@H](CN(C)S(=O)(=O)c2ccc(cc2)C)[C@@H](C)CN([C@@H](C)CO)C(=O)c2cc(ccc2O1)NC(=O)Nc1ccccc1,0,0.007314,0.023732,0.002387
C[C@@H]1CN([C@H](C)CO)C(=O)c2cccc(c2O[C@@H]1CN(C)CC1CC1)NS(=O)(=O)c1cccs1,0,0.013639,0.024318,0.005413
C[C@H]1CN([C@H](C)CO)C(=O)c2cccc(c2O[C@H]1CN(C)S(=O)(=O)c1ccc(cc1)F)NC(=O)c1cnccn1,0,0.079701,0.025869,0.004575
C[C@@H]1CN([C@@H](C)CO)C(=O)c2cc(cnc2O[C@@H]1CN(C)S(=O)(=O)c1ccc(cc1)C)C#CC1(O)CCCC1,0,0.014125,0.023550,0.003948
CCC1=CN([C@H]2C[C@H](O)[C@@H](CO)O2)C(=O)NC1=O,0,0.675744,0.359671,0.281400
OCc1cn(nn1)Cc1ccccc1,0,0.264315,0.155988,0.062068
COCC(=O)N1C[C@H](C)[C@@H](CN(C)C(=O)c2ccc(cc2OC[C@H]1C)NC(=O)c1cc(on1)C)OC,0,0.016021,0.023834,0.005807
Nc1cccc2c1C(=O)NNC2=O,0,0.275307,0.282294,0.213298
O[C@H]1CN[C@@H]2CC[C@@H](CC(=O)NCCN3CCCCC3)O[C@H]2COC1,0,0.434401,0.034641,0.014749
C[C@H]1CCCCO[C@H](CN(C)Cc2ccc3c(c2)OCO3)[C@H](C)CN([C@@H](C)CO)C(=O)c2cc(ccc2O1)NC(=O)C1CCCCC1,0,0.021832,0.024747,0.004680
C[C@H]1CN([C@@H](C)CO)C(=O)c2cc(ccc2O[C@H]1CN(C)Cc1ccc(cc1)Oc1ccccc1)NS(=O)(=O)c1ccc(cc1)C,0,0.002460,0.024404,0.004018
CC1=CC(=O)N=C(N1)n1nc(cc1C)C,0,0.185990,0.079609,0.043724
C[C@@H]1CCCCO[C@H](CN(C)C(=O)Nc2ccc(cc2)F)[C@H](C)CN([C@@H](C)CO)C(=O)c2cc(ccc2O1)NS(=O)(=O)c1ccc(cc1)Cl,0,0.087689,0.025655,0.004029
C[C@@H]1CCCCO[C@@H](CN(C)S(=O)(=O)c2c(noc2C)C)[C@@H](C)CN([C@H](C)CO)C(=O)c2cc(ccc2O1)NC(=O)Nc1ccccc1,0,0.012177,0.023703,0.002420
CC[C@@H](N)[C@@H](O)c1ccc(c(c1)O)O,0,0.539532,0.127481,0.063474
C[C@H]1CCCCO[C@H](CN(C)C(=O)Cc2ccccc2)[C@@H](C)CN([C@H](C)CO)C(=O)c2cc(ccc2O1)NC(=O)Nc1ccc(cc1)F,0,0.021189,0.023965,0.003969
OCC[C@H]1Oc2ccccc2NC1=O,0,0.026974,0.032276,0.015988
OCCN(Cc1ccccc1)C(=O)C[C@@H](CC=C)C(=O)N[C@H](COC(=O)[C@@H](CCC=C)Cc1ccc(cc1)F)c1ccccc1,0,0.040500,0.035461,0.018090
CCCNC(=O)Nc1ccc2c(c1)OC[C@H](C)N(C[C@H](C)[C@H](CN(C)C2=O)OC)Cc1ccc(cc1)-c1ccccn1,0,0.027256,0.041496,0.013717
Cc1cc(CC(=O)O)n(C)c1C(=O)c1ccc(Cl)cc1,0,0.510382,0.115827,0.072052
CN1CCN(CC1)C(=O)C[C@@H]1CC[C@H]2[C@@H](COC[C@@H](O)CN2S(=O)(=O)c2cccc(c2)C)O1,0,0.307428,0.038446,0.011894
C[C@H]1CN([C@H](C)CO)C(=O)Cc2cc(ccc2O[C@@H]1CN(C)Cc1ccc(cc1)C(F)(F)F)NS(=O)(=O)c1ccc(cc1)Cl,0,0.100142,0.024761,0.005352
C[C@H]1CCCCO[C@@H](CN(C)C(=O)c2ccccc2)[C@H](C)CN([C@@H](C)CO)C(=O)c2cc(ccc2O1)NC(=O)Nc1cccc2ccccc12,0,0.002567,0.021404,0.001934
C[C@H]1CN([C@@H](C)CO)C(=O)c2cc(ccc2O[C@@H]1CN(C)Cc1ccc(cc1)Oc1ccccc1)NC(=O)C1CCCCC1,0,0.013777,0.027793,0.011935
Cn1cncc1CO,0,0.089367,0.047776,0.024240
C[C@H]1CN([C@H](C)CO)C(=O)Cc2cc(ccc2O[C@H]1CN(C)S(=O)(=O)C)NC(=O)Nc1ccc(cc1)F,0,0.022645,0.031629,0.009552
CC1(C)OC2CC3C4CC(F)C5=CC(=O)C=CC5(C)C4C(O)CC3(C)C2(C(=O)CO)O1,0,0.166787,0.200408,0.052331
CC(C)NC(=O)Nc1cccc2c1O[C@@H](CN(C)S(=O)(=O)c1ccccc1)[C@H](C)CN([C@H](C)CO)C2=O,0,0.028718,0.028044,0.006753
C[C@@H]1CN([C@H](C)CO)C(=O)c2cccc(c2O[C@H]1CN(C)Cc1ccc(cc1)C(F)(F)F)NC(=O)c1nc2ccccc2s1,0,0.141242,0.067461,0.038770
C[C@@H]1CN([C@@H](C)CO)C(=O)c2cccc(c2O[C@H]1CN(C)S(=O)(=O)c1ccc(cc1)C)NC(=O)c1ccncc1,0,0.009546,0.023835,0.003736
OCc1ccc(cc1)CO[C@H]1C[C@H](C=C(O1)C(=O)N1CCCCCCC1)C1=COc2ccccc2C1=O,0,0.053666,0.209864,0.055049
C[C@H]1CN([C@H](C)CO)C(=O)c2c(c3ccccc3n2C)-c2ccccc2CO[C@H]1CN(C)Cc1ccc2c(c1)OCO2,0,0.039249,0.029514,0.013716
C[C@H]1CN([C@H](C)CO)C(=O)c2cc(ccc2O[C@@H]1CN(C)Cc1ccncc1)NS(=O)(=O)c1cn(cn1)C,0,0.019012,0.024437,0.004303
CCC(=C(CC)c1ccc(O)cc1)c1ccc(O)cc1,0,0.800388,0.762824,0.882959
C[C@H]1CCCCO[C@H](CN(C)Cc2ccc(cc2)C(F)(F)F)[C@@H](C)CN([C@@H](C)CO)C(=O)c2cc(ccc2O1)NC(=O)Nc1c(noc1C)C,0,0.360211,0.025195,0.008797
C[C@@H]1CCCCO[C@@H](CN(C)C(=O)Nc2ccc(cc2)C(F)(F)F)[C@H](C)CN([C@H](C)CO)C(=O)c2cc(ccc2O1)NS(=O)(=O)c1c(noc1C)C,0,0.227486,0.057652,0.017384
O=C1c2ccccc2Oc2ccccc21,0,0.137011,0.098125,0.065936
C[C@@H]1CCCCO[C@H](CN(C)Cc2ccc(c(c2)Cl)Cl)[C@@H](C)CN([C@@H](C)CO)C(=O)c2cc(ccc2O1)NC(=O)Nc1cccc2ccccc12,0,0.121719,0.033181,0.003412
CO[C@H]1[C@@H](O)[C@@H](C)O[C@H](O[C@H]2CC[C@@]3(C)[C@H]4CC[C@@]5(C)[C@H](CC[C@]5(O)[C@@H]4CC[C@]3(O)C2)C2=CC(=O)OC2)[C@@H]1O,0,0.430979,0.640227,0.345222
C[C@H]1CN([C@@H](C)CO)C(=O)c2cccc(c2O[C@@H]1CN(C)S(=O)(=O)C)NC(=O)Nc1ccc2c(c1)OCO2,0,0.006775,0.024757,0.004418
CNC[C@@H](O)Cn1cc(c(c1C)C(=O)C)C,0,0.582966,0.024505,0.013348
COc1ccc(cc1)NC(=O)Nc1ccc2c(c1)C(=O)N(C[C@@H](C)[C@@H](CN(C)Cc1ccc(cc1)C(F)(F)F)OCCCC[C@H](C)O2)[C@H](C)CO,0,0.198827,0.021261,0.004719
CN(C)CC(=O)N1C[C@@H]2[C@H]([C@@H](CO)N2C(=O)C1)c1ccc(cc1)C#Cc1cccnc1,0,0.527880,0.048603,0.011795
Cc1ccc(cc1)C(=O)Oc1ccc(cc1)/C=N/c1cccs1,0,0.220969,0.204482,0.155536
C[C@H]1CCCCO[C@H](CN(C)C(=O)Nc2ccc(cc2)F)[C@@H](C)CN([C@@H](C)CO)C(=O)c2cc(ccc2O1)NC(=O)c1ccncc1,0,0.018997,0.024491,0.002901
C[C@H]1CN([C@H](C)CO)C(=O)Cc2cc(ccc2O[C@H]1CN(C)S(=O)(=O)c1c(noc1C)C)NS(=O)(=O)C,0,0.006572,0.023395,0.005825
COc1ccc(cc1)NC(=O)N(C)C[C@@H]1OCCCC[C@@H](C)Oc2ccc(cc2C(=O)N(C[C@H]1C)[C@@H](C)CO)NC(=O)c1ccccc1,0,0.004018,0.021773,0.002487
C[C@@H]1CCCCO[C@@H](CN(C)Cc2ccc(cc2)C(=O)O)[C@H](C)CN([C@H](C)CO)C(=O)c2cc(ccc2O1)NC(=O)NC1CCCCC1,0,0.111640,0.044257,0.011352
C[C@H]1CN([C@H](C)CO)C(=O)c2cc(cnc2O[C@H]1CN(C)C(=O)Nc1c(noc1C)C)C#Cc1ccccc1,0,0.041841,0.024732,0.006703
C[C@H]1CCCCO[C@H](CN(C)Cc2ccncc2)[C@H](C)CN([C@@H](C)CO)C(=O)c2cc(ccc2O1)NC(=O)Nc1ccc2c(c1)OCO2,0,0.007800,0.022146,0.002603
CCCCCN1CC=C[C@]23O[C@@H]4/C=C/CCC(=O)N(C)[C@H](C)[C@H](OC(=O)[C@@H]4[C@H]2C(=O)N([C@@H]3C1=O)c1ccccc1Cl)c1ccccc1,0,0.649714,0.122628,0.094408
C[C@H]1CN([C@H](C)CO)C(=O)c2cc(ccc2O[C@@H]1CN(C)Cc1ccncc1)NC(=O)c1ccncc1,0,0.004266,0.023495,0.004402
CC(C)(C)OC(=O)C[C@H]1CC=CC[C@H](CC(=O)N(CCO)Cc2ccccc2)C(=O)N2CCC[C@@H]2COC1=O,0,0.003523,0.027388,0.016733
C[C@@H]1CCCCO[C@H](CN(C)S(=O)(=O)c2ccc(cc2)F)[C@@H](C)CN([C@@H](C)CO)C(=O)c2cc(ccc2O1)NS(=O)(=O)C,0,0.014479,0.024169,0.003970
CNC[C@@H](O)CS(=O)(=O)c1ccccc1,0,0.269755,0.083509,0.042943
CCCC(C(=O)OCCN(CC)CC)(c1ccccc1)c1ccccc1.Cl,0,0.889688,0.297303,0.253469
C[C@H]1CN([C@@H](C)CO)C(=O)c2cc(ccc2O[C@H]1CN(C)S(=O)(=O)c1c(noc1C)C)NS(=O)(=O)C,0,0.016284,0.023966,0.004928
OC(=O)C1CCC1,0,0.120190,0.039961,0.015454
C[C@@H]1CN([C@H](C)CO)C(=O)CCCn2nncc2CO[C@@H]1CN(C)S(=O)(=O)c1c(noc1C)C,0,0.018361,0.023664,0.006382
CCCCCCCCCC(=O)N[C@@H]1[C@@H](O)[C@H](O)[C@@H](CO)O[C@H]1Oc1c2cc3cc1Oc1ccc(cc1Cl)[C@@H](O[C@@H]1O[C@H](CO)[C@@H](O)[C@H](O)[C@H]1NC(=O)C)[C@@H]1NC(=O)[C@H](NC(=O)[C@@H]3NC(=O)[C@H]3NC(=O)[C@@H](Cc4ccc(c(c4)Cl)O2)NC(=O)[C@@H](N)c2ccc(c(c2)Oc2cc(cc3c2)O)O)c2ccc(c(c2)-c2c(cc(cc2[C@@H](NC1=O)C(=O)O)O)O[C@H]1O[C@H](CO)[C@@H](O)[C@H](O)[C@@H]1O)O,1,0.961274,0.919953,0.975857
CC(C)NC(=O)Nc1ccc2c(c1)CC(=O)N(C[C@H](C)[C@H](CN(C)Cc1ccc3c(c1)OCO3)O2)[C@H](C)CO,0,0.025145,0.025557,0.006791
C[C@H]1CCCCO[C@@H](CN(C)Cc2ccc(cc2)C(=O)Nc2ccccc2N)[C@@H](C)CN([C@@H](C)CO)C(=O)c2cc(ccc2O1)N(C)C,0,0.040104,0.022777,0.003610
Cc1cc(O)c2c(c1)C(=O)c1cc(O)cc(O)c1C2=O,0,0.891256,0.534147,0.398509
COc1ccc(cc1)S(=O)(=O)Nc1ccc2c(c1)C(=O)N(C[C@@H](C)[C@H](CN(C)C(=O)NC1CCCCC1)OCCCC[C@H](C)O2)[C@H](C)CO,0,0.005211,0.025609,0.003285
C[C@@H]1CCCCO[C@@H](CN(C)CC2CCCCC2)[C@@H](C)CN([C@H](C)CO)C(=O)c2cc(ccc2O1)NS(=O)(=O)c1ccc(cc1)Cl,0,0.060110,0.039102,0.005778
C[C@H]1ON([C@H]([C@@H]1C(=O)N1[C@H](COC1=O)c1ccccc1)c1ccc(cc1)O)c1ccc(cc1)C(=O)OC(C)(C)C,0,0.969062,0.151062,0.133721
COc1ccc(cc1)NC(=O)N(C)C[C@H]1Oc2cc(ccc2S(=O)(=O)N(C[C@@H]1C)[C@H](C)CO)Br,0,0.121358,0.029123,0.010605
CC(C)CC#Cc1ccc2c(c1)O[C@H](CN(C)Cc1cncnc1)[C@H](C)CN([C@@H](C)CO)S2(=O)=O,0,0.071012,0.037945,0.005205
COc1ccc(cc1)NC(=O)Nc1ccc2c(c1)[C@H]1C[C@@H](CC(=O)NCc3ccncc3)O[C@@H](CO)[C@H]1O2,0,0.035783,0.021754,0.005983
CC(=O)Oc1cccc2c1C(=O)c1c(OC(C)=O)cc(C(=O)O)cc1C2=O,0,0.710564,0.616282,0.646766
C[C@H]1CN([C@@H](C)CO)C(=O)c2cccc(c2O[C@H]1CN(C)C(=O)Nc1ccc2c(c1)OCO2)NC(=O)C1CC1,0,0.007452,0.022396,0.005638
C[C@@H]1CN([C@@H](C)CO)C(=O)Cc2cc(ccc2O[C@@H]1CN(C)Cc1ccc(c(c1)Cl)Cl)NC(=O)Nc1cccc2ccccc12,0,0.156033,0.063621,0.005061
COc1ccc(cc1)CN1C[C@]2(CN(C2)S(=O)(=O)c2cn(cn2)C)c2c([nH]c3cc(ccc23)OC)[C@@H]1CO,0,0.024464,0.034687,0.011592
C[C@H]1CCCCO[C@@H](CN(C)Cc2ccc(cc2)C(F)(F)F)[C@H](C)CN([C@H](C)CO)C(=O)c2cc(ccc2O1)NC(=O)Nc1c(noc1C)C,0,0.360211,0.025195,0.008797
C[C@H]1CN([C@H](C)CO)C(=O)Cc2cc(ccc2O[C@@H]1CN(C)C(=O)Nc1c(noc1C)C)NS(=O)(=O)C,0,0.007755,0.023055,0.004540
C[C@H]1CN([C@@H](C)CO)C(=O)c2cccc(c2O[C@@H]1CN(C)Cc1ccc(cc1)-c1ccccc1)NC(=O)Nc1ccccc1,0,0.067408,0.028544,0.009959
CC(C)NC(=O)Nc1ccc2c(c1)CC(=O)N(C[C@H](C)[C@@H](CN(C)Cc1ccc(cc1)C(=O)O)O2)[C@H](C)CO,0,0.085233,0.113191,0.022445
C[C@H]1CN([C@@H](C)CO)C(=O)c2cc(ccc2O[C@H]1CN(C)Cc1ccncc1)NS(=O)(=O)c1cccs1,0,0.003568,0.024610,0.004757
CN(C)CCCNC(=O)C[C@@H]1CC[C@@H]2[C@H](COC[C@H](O)CN2S(=O)(=O)c2ccc(cc2)F)O1,0,0.646853,0.030135,0.020711
CNC[C@H]1OCCCC[C@H](C)Oc2ccc(cc2C(=O)N(C[C@@H]1C)[C@@H](C)CO)NS(=O)(=O)c1cn(cn1)C,0,0.050693,0.023540,0.005345
C[C@H]1CCCCO[C@H](CN(C)C(=O)CCC(F)(F)F)[C@@H](C)CN([C@H](C)CO)C(=O)c2cc(ccc2O1)NS(=O)(=O)c1ccccc1,0,0.009022,0.023897,0.003536
CC(C)CC#Cc1ccc2c(c1)O[C@@H](CN(C)C(=O)c1cnccn1)[C@@H](C)CN([C@@H](C)CO)S2(=O)=O,0,0.064576,0.024132,0.005038
COc1ccc(cc1)NC(=O)N(C)C[C@@H]1OCCCC[C@H](C)Oc2ccc(cc2C(=O)N(C[C@@H]1C)[C@H](C)CO)NS(=O)(=O)c1ccc(cc1)F,0,0.017372,0.023530,0.003089
OC[C@@H]1O[C@@H](CC(=O)NCCN2CCCCC2)C=C[C@@H]1NS(=O)(=O)c1ccc(cc1)F,0,0.234329,0.024751,0.012317
C[C@H]1CN([C@H](C)CO)C(=O)Cc2cc(ccc2O[C@H]1CN(C)S(=O)(=O)c1c(noc1C)C)NS(=O)(=O)c1ccccc1,0,0.002235,0.023721,0.004023
C[C@H]1CN([C@@H](C)CO)C(=O)c2cc(ccc2O[C@H]1CN(C)C(=O)NC1CCCCC1)NC(=O)Nc1cccc2ccccc12,0,0.013042,0.024999,0.007883
C[C@H]1CCCCO[C@@H](CN(C)C(=O)Nc2ccc3c(c2)OCO3)[C@H](C)CN([C@@H](C)CO)C(=O)c2cc(ccc2O1)NC(=O)NC1CCCCC1,0,0.008022,0.022303,0.002330
N[C@@H]1CC[C@@H](c2ccc(c(c2)Cl)Cl)c2ccccc21,1,0.912927,0.807837,0.614923
C[C@H]1CN([C@@H](C)CO)C(=O)c2cc(ccc2O[C@H]1CN(C)S(=O)(=O)c1ccccc1)NS(=O)(=O)c1c(noc1C)C,0,0.005883,0.026716,0.005776
Cc1ccc(cc1)S(=O)(=O)N[C@@H]1CC[C@H](CC(=O)NCc2ccc(c(c2)Cl)Cl)O[C@@H]1CO,0,0.311859,0.045422,0.027763
CC(C)NC(=O)N(C)C[C@H]1Oc2c(cccc2C(=O)N(C[C@H]1C)[C@H](C)CO)NS(=O)(=O)c1c(noc1C)C,0,0.042633,0.023913,0.007282
O=C1C(CCC(O)c2ccc(F)cc2)C(c2ccc(O)cc2)N1c1ccc(F)cc1,0,0.998794,0.541873,0.362568
C[C@@H]1CN([C@H](C)CO)C(=O)Cc2cc(ccc2O[C@@H]1CN(C)Cc1ccc(cc1)C(F)(F)F)NS(=O)(=O)c1ccc(cc1)Cl,0,0.100142,0.024761,0.005352
C[C@H]1CN([C@@H](C)CO)C(=O)Cc2cc(ccc2O[C@H]1CN(C)Cc1ccc(c(c1)Cl)Cl)NC(=O)CCCCCC(=O)Nc1ccccc1N,0,0.036523,0.068226,0.005461
CC(C)NC(=O)N(C)C[C@@H]1Oc2ccc(cc2CC(=O)N(C[C@@H]1C)[C@@H](C)CO)NC(=O)Cn1cnnn1,0,0.016735,0.024844,0.007898
Cl.Clc1ccc(Cn2c(CN3CCCC3)nc3ccccc32)cc1,0,0.933771,0.401521,0.593232
C[C@H]1CN([C@@H](C)CO)C(=O)c2cccc(c2O[C@@H]1CN(C)Cc1ccc2c(c1)OCO2)NC(=O)c1cnccn1,0,0.021011,0.028088,0.008811
C[C@@H]1CCCCO[C@@H](CN(C)CC2CC2)[C@H](C)CN([C@@H](C)CO)C(=O)c2cc(ccc2O1)NS(=O)(=O)c1ccc(cc1)Cl,0,0.084270,0.025856,0.005447
C[C@H]1CN([C@@H](C)CO)C(=O)c2cccc(c2O[C@@H]1CN(C)S(=O)(=O)c1cn(cn1)C)NC(=O)c1cnccn1,0,0.043320,0.024185,0.005081
N[C@@H](CC(=O)NO)C(=O)O,0,0.068813,0.056269,0.027229
C[C@@H]1CN([C@@H](C)CO)S(=O)(=O)c2ccc(cc2O[C@@H]1CN(C)Cc1ccc(cc1)F)C#CCN(C)C,0,0.208186,0.055014,0.011814
CCOC(=O)[C@@H]1CCCCN1C(=O)C(=O)OC,0,0.006700,0.086705,0.026506
C[C@H]1CN([C@@H](C)CO)C(=O)c2cccc(c2O[C@H]1CN(C)S(=O)(=O)c1c(noc1C)C)NC(=O)C1CCCCC1,0,0.024727,0.024081,0.004002
C[C@@H]1CN([C@H](C)CO)C(=O)CCCn2nncc2CO[C@@H]1CN(C)C(=O)Nc1ccccc1C(F)(F)F,0,0.843040,0.786832,0.620695
CCOC(=O)CCCCCC(=O)Nc1ccc2c(c1)C(=O)N(C[C@@H](C)[C@H](CN(C)S(=O)(=O)c1cccs1)OCCCC[C@H](C)O2)[C@@H](C)CO,0,0.000210,0.029054,0.003076
OC[C@H]1O[C@H](C[C@H]2[C@@H]1Oc1ccc(cc12)NC(=O)c1ccc2c(c1)OCO2)CC(=O)NCc1ccc(cc1)Oc1ccccc1,0,0.001828,0.027410,0.007320
CN1CCN(CC1)C(=O)C[C@@H]1CC[C@H]2[C@H](COc3ccc(cc3C(=O)N2C)NC(=O)c2ccc(c(c2)F)F)O1,0,0.094478,0.205674,0.090401
C[C@@H]1CN([C@@H](C)CO)C(=O)c2cccc(c2O[C@@H]1CN(C)C(=O)Nc1ccc(cc1)C(F)(F)F)NC(=O)C1CCCCC1,1,0.627722,0.794102,0.579190
C[C@H]1CCCCO[C@H](CN(C)S(=O)(=O)c2cccs2)[C@H](C)CN([C@@H](C)CO)C(=O)c2cc(ccc2O1)NC(=O)Nc1cccc2ccccc12,0,0.002114,0.023835,0.002346
C[C@@H]1CN([C@H](C)CO)C(=O)c2cc(ccc2O[C@H]1CN(C)S(=O)(=O)C)NC(=O)Nc1ccc2c(c1)OCO2,0,0.005421,0.024470,0.006290
Nc1ncnc2n(cnc12)[C@H]1O[C@H](COP(=O)(O)O)[C@@H](O)[C@H]1O,0,0.000010,0.200486,0.099651
C=C1C(CO)C(O)CC1n1cnc2c(=O)[nH]c(N)nc21.O,0,0.089800,0.092389,0.081291
CC(C)NC(=O)N(C)C[C@@H]1Oc2ccc(cc2C(=O)N(C[C@@H]1C)[C@@H](C)CO)NS(=O)(=O)c1ccccc1,0,0.011944,0.028082,0.006564
C[C@H]1CN([C@H](C)CO)C(=O)c2c(c3ccccc3n2C)-c2ccccc2CO[C@H]1CN(C)Cc1ccccc1,0,0.153517,0.028317,0.037522
C[C@@H]1CN([C@@H](C)CO)C(=O)c2cc(cnc2O[C@H]1CN(C)C(=O)CN1CCOCC1)C1=CCCCC1,0,0.001463,0.024745,0.005405
C[C@@H]1CCCCO[C@H](CN(C)Cc2ccc(cc2)C(F)(F)F)[C@@H](C)CN([C@H](C)CO)C(=O)c2cc(ccc2O1)NS(=O)(=O)C,0,0.114372,0.026044,0.005527
OCCCOc1ccc(cc1)C1=N[C@]2(CCS(=O)(=O)c3ccccc3)[C@H](O1)c1ccccc1CN(Cc1ccccc1)C2=O,0,0.000408,0.065949,0.024906
C[C@@H]1CN([C@H](C)CO)C(=O)c2cc(ccc2O[C@H]1CN(C)S(=O)(=O)C)NC(=O)CCCCCC(=O)Nc1ccccc1N,0,0.004117,0.023732,0.002857
CCOC(=O)Cc1csc(n1)/C(=N/O)C(=O)N,0,0.007937,0.059422,0.155976
C[C@@H]1CN([C@H](C)CO)C(=O)c2c(c3ccccc3n2C)-c2ccccc2CO[C@@H]1CN(C)Cc1ccc(cc1)O,0,0.084617,0.031066,0.042013
CC(C)NC(=O)N(C)C[C@H]1Oc2cc(ccc2S(=O)(=O)N(C[C@H]1C)[C@H](C)CO)C#Cc1cccc(c1)F,0,0.128946,0.050638,0.008022
CCS(=O)(=O)N1CC[C@]2(CC1)CN(Cc1ccccc1OC)[C@H](CO)c1c2c2ccc(cc2n1C)OC,0,0.062303,0.041950,0.012596
C[C@@H]1CCCCO[C@H](CN(C)C(=O)Nc2ccc(cc2)C(F)(F)F)[C@@H](C)CN([C@@H](C)CO)C(=O)c2cc(ccc2O1)NS(=O)(=O)c1ccccc1,0,0.067127,0.035930,0.007495
CO[C@@H]1CN(C)C(=O)c2ccc(cc2OC[C@H](C)N(C[C@H]1C)Cc1ccccc1C(=O)O)NC(=O)Nc1ccccc1F,0,0.316412,0.103516,0.056430
O[C@@H]1COC[C@H]2O[C@@H](CC[C@@H]2N(C1)C(=O)Nc1cccc(c1)Cl)CC(=O)NCc1ccccc1F,0,0.789011,0.903312,0.932558
O=C1CCC(=O)NCC/C=C/CCN1,0,0.032239,0.029323,0.015474
C[C@H]1CCCCO[C@H](CN(C)S(=O)(=O)c2ccccc2)[C@@H](C)CN([C@@H](C)CO)C(=O)c2cc(ccc2O1)NC(=O)Nc1cccc2ccccc12,0,0.002244,0.023732,0.002118
C[C@H]1CN([C@H](C)CO)C(=O)Cc2cc(ccc2O[C@H]1CN(C)S(=O)(=O)C)NS(=O)(=O)c1cn(cn1)C,0,0.006923,0.023662,0.003881
C[C@H]1CN([C@@H](C)CO)S(=O)(=O)c2ccc(cc2O[C@@H]1CN(C)C(=O)C1CCCCC1)C#CC1CC1,0,0.068210,0.027773,0.006100
CNc1cccc(c1)CN,0,0.098263,0.081372,0.031290
C[C@@H]1CN([C@@H](C)CO)C(=O)Cc2cc(ccc2O[C@@H]1CN(C)S(=O)(=O)c1ccc(cc1)C)NC(=O)CCCN(C)C,0,0.009679,0.023246,0.004278
C[C@H]1CN([C@H](C)CO)C(=O)c2cccc(c2O[C@H]1CN(C)Cc1ccc(cc1)-c1ccccc1)NC(=O)Nc1c(noc1C)C,0,0.126800,0.028781,0.014379
C[C@H]1CCCCO[C@H](CN(C)CC2CC2)[C@@H](C)CN([C@H](C)CO)C(=O)c2cc(ccc2O1)NC(=O)CCCCCC(=O)Nc1ccccc1N,0,0.038092,0.024596,0.003447
C[C@H]1CCCCO[C@@H](CN(C)C(=O)Nc2ccc(cc2)C(F)(F)F)[C@@H](C)CN([C@@H](C)CO)C(=O)c2cc(ccc2O1)NS(=O)(=O)c1ccc(cc1)F,0,0.284785,0.167714,0.008495
COc1cccc(c1)S(=O)(=O)Nc1ccc2c(c1)[C@@H]1C[C@@H](CC(=O)NC3CCCCC3)O[C@@H](CO)[C@@H]1O2,0,0.008250,0.033889,0.007536
C[C@H]1CN([C@H](C)CO)C(=O)c2cccc(c2O[C@@H]1CN(C)S(=O)(=O)c1ccc(cc1)C)NC(=O)c1ccncc1,0,0.009546,0.023835,0.003736
O[C@H]1COC[C@@H]2O[C@H](CC[C@H]2N(C1)C(=O)c1ccccc1F)CC(=O)N1CCN(CC1)c1ccccc1,0,0.494967,0.103792,0.140863
C[C@@H]1CN([C@@H](C)CO)C(=O)c2ccccc2-c2ccccc2CO[C@@H]1CN(C)C(=O)N[C@@H](C)c1ccccc1,0,0.032439,0.034747,0.015940
COCC(=O)N1C[C@H](C)[C@@H](CN(C)C(=O)c2ccc(cc2OC[C@@H]1C)NC(=O)Nc1cccc(c1)F)OC,0,0.076009,0.032046,0.014153
O[C@H]1COC[C@H]2O[C@@H](CC[C@@H]2N(C1)S(=O)(=O)c1ccc(cc1)F)CC(=O)N[C@H]1CCN(C1)Cc1ccccc1,0,0.340788,0.028677,0.010643
C[C@H]1CN([C@@H](C)CO)C(=O)c2cccc(c2O[C@H]1CN(C)CC1CCCCC1)NC(=O)c1nc2ccccc2s1,0,0.013189,0.029158,0.011376
CC(C)(C)OC(=O)C[C@@H](CC=C)C(=O)O[C@@H](CNC(=O)[C@H](CC=C)CC(=O)NCCO)c1ccccc1,0,0.017284,0.067701,0.026164
C[C@@H]1CN([C@H](C)CO)C(=O)c2cc(ccc2O[C@H]1CN(C)C(=O)Nc1cccc2ccccc12)NC(=O)C1CCCCC1,0,0.013089,0.026471,0.009432
C[C@@H]1CN([C@H](C)CO)C(=O)Cc2cc(ccc2O[C@@H]1CN(C)Cc1ccc2c(c1)OCO2)NC(=O)Nc1ccc(cc1)C(F)(F)F,0,0.161285,0.081665,0.032079
CS(=O)(=O)N1[C@@H]2CN3C(=O)C=CC=C3[C@H]1[C@H]([C@@H]2CO)C(=O)NCc1ccccc1,0,0.006896,0.025181,0.006924
CS(=O)(=O)CCOC(=O)C1=CN(Cc2cc3c(cc2Br)OCO3)[C@@H](C=C(C=C1C(=O)OCCS(=O)(=O)C)c1ccc(cc1)CO)C1CC1,0,0.861403,0.322331,0.322782
C[C@@H]1CCCCO[C@@H](CN(C)S(=O)(=O)c2ccc(cc2)Cl)[C@H](C)CN([C@@H](C)CO)C(=O)c2cc(ccc2O1)NC(=O)Nc1cccc2ccccc12,0,0.012944,0.024686,0.002560
COc1ccc(cc1)NC(=O)N(C)C[C@H]1Oc2ccc(cc2CC(=O)N(C[C@H]1C)[C@H](C)CO)NS(=O)(=O)c1c(noc1C)C,0,0.008652,0.023530,0.003965
COc1ccc(cc1)CN(C)C[C@@H]1OCCCC[C@@H](C)Oc2ccc(cc2C(=O)N(C[C@H]1C)[C@H](C)CO)NC(=O)Nc1ccc(cc1)C(F)(F)F,0,0.536480,0.030567,0.017349
C[C@@H]1CN([C@@H](C)CO)C(=O)CCCn2cc(nn2)CO[C@H]1CN(C)S(=O)(=O)c1ccc2ccccc2c1,0,0.010425,0.024398,0.005365
C[C@H]1CCCCO[C@H](CN(C)S(=O)(=O)c2ccc(cc2)Cl)[C@H](C)CN([C@@H](C)CO)C(=O)c2cc(ccc2O1)NC(=O)C1CCCCC1,0,0.013916,0.026270,0.003477
C[C@H]1CCCCO[C@H](CN(C)S(=O)(=O)C)[C@@H](C)CN([C@H](C)CO)C(=O)c2cc(ccc2O1)NS(=O)(=O)c1ccccc1,0,0.001142,0.023728,0.003364
COc1ccc(cc1)NC(=O)Nc1ccc2c(c1)C(=O)N(C[C@@H](C)[C@H](CN(C)S(=O)(=O)c1cccs1)OCCCC[C@@H](C)O2)[C@@H](C)CO,0,0.002619,0.023895,0.002680
C[C@H]1CN([C@H](C)CO)C(=O)c2cc(cnc2O[C@H]1CN(C)S(=O)(=O)c1ccccc1F)C#Cc1ccccc1,0,0.019841,0.037286,0.007082
C[C@@H]1CN([C@H](C)CO)C(=O)c2cccc(c2O[C@@H]1CN(C)C(=O)Nc1ccc(cc1)C(F)(F)F)NC(=O)C1CCCCC1,1,0.627722,0.794102,0.579190
C[C@@H]1CN([C@H](C)CO)C(=O)CCCn2cc(nn2)CO[C@H]1CN(C)S(=O)(=O)c1ccc(cc1)Oc1ccccc1,0,0.004777,0.024197,0.004537
C[C@H]1CN([C@@H](C)CO)C(=O)Cc2cc(ccc2O[C@H]1CN(C)S(=O)(=O)c1cn(cn1)C)NS(=O)(=O)C,0,0.006380,0.023662,0.004145
Cc1ccc2c(c(n(c2c1)C)C)CCN,0,0.488921,0.089881,0.044553
COC(=O)C[C@H]1CC[C@@H]2[C@H](COC[C@@H](O)CN2S(=O)(=O)c2cn(cn2)C)O1,0,0.058284,0.045757,0.018228
C[C@@H]1CN([C@@H](C)CO)C(=O)c2cc(cnc2O[C@@H]1CN(C)S(=O)(=O)c1ccc(cc1)F)Br,0,0.085763,0.027066,0.007758
C[C@@H]1CN([C@H](C)CO)C(=O)c2cccc(c2O[C@H]1CN(C)C(=O)Nc1ccc(cc1)F)NC(=O)c1nc2ccccc2s1,0,0.067296,0.027327,0.012873
C[C@H]1CCCCO[C@H](CN(C)S(=O)(=O)c2ccc(cc2)Cl)[C@H](C)CN([C@@H](C)CO)C(=O)c2cc(ccc2O1)NC(=O)Nc1ccccc1,0,0.016783,0.025885,0.002866
OC[C@H]1O[C@H](C[C@H]2[C@@H]1Oc1ccc(cc12)NS(=O)(=O)c1ccc(cc1)F)CC(=O)NCc1ccccc1F,0,0.049918,0.034259,0.009841
C[C@H]1CN([C@@H](C)CO)C(=O)c2cc(cnc2O[C@@H]1CN(C)S(=O)(=O)c1ccccc1)-c1cccc(c1)C(=O)N(C)C,0,0.001311,0.023646,0.004841
COc1cc(nc(n1)SCC(=O)N)C,0,0.038242,0.037705,0.028796
C[C@@H]1CN([C@H](C)CO)C(=O)c2cc(ccc2O[C@H]1CN(C)Cc1ccc(cc1)C(=O)Nc1ccccc1N)NC(=O)Cc1ccccc1,0,0.004501,0.022855,0.004461
C[C@@H]1CCCCO[C@@H](CN(C)Cc2ccc(cc2)C(=O)O)[C@@H](C)CN([C@H](C)CO)C(=O)c2cc(ccc2O1)NC(=O)NC1CCCCC1,0,0.111640,0.044257,0.011352
OCC(Br)(Br)Br,0,0.181643,0.308391,0.110319
C[C@@H]1CN([C@H](C)CO)C(=O)c2cccc(c2O[C@@H]1CN(C)C(=O)Nc1ccc(cc1)C(F)(F)F)NS(=O)(=O)c1ccc(cc1)F,0,0.460757,0.228259,0.025310
CCC[C@@H](O)C#Cc1cnc2c(c1)C(=O)N(C[C@H](C)[C@H](CN(C)C(=O)NC1CCCCC1)O2)[C@H](C)CO,0,0.028339,0.040010,0.015281
C[C@@H]1CN([C@@H](C)CO)C(=O)Cc2cc(ccc2O[C@@H]1CN(C)C(=O)NC1CCCCC1)NC(=O)CCN1CCOCC1,0,0.002463,0.027313,0.003086
O=c1[nH]cc(F)c(=O)[nH]1,0,0.422401,0.437120,0.189732
C[C@@H]1CN([C@@H](C)CO)C(=O)c2c(c3ccccc3n2C)-c2ccccc2CO[C@@H]1CN(C)Cc1ccccc1C(F)(F)F,0,0.570844,0.165747,0.100239
C[C@H]1CN([C@@H](C)CO)C(=O)Cc2cc(ccc2O[C@@H]1CN(C)S(=O)(=O)c1cccs1)NS(=O)(=O)c1c(noc1C)C,0,0.001332,0.024804,0.005243
O=C/1N/C(=C/c2ccco2)C(=O)N\C1=C/c1ccco1,0,0.042121,0.279852,0.217057
C[C@H]1CCCCO[C@@H](CN(C)C(=O)C2CCCCC2)[C@H](C)CN([C@@H](C)CO)C(=O)c2cc(ccc2O1)NC(=O)c1ccncc1,0,0.002523,0.024272,0.002483
C[C@@H]1CCCCO[C@H](CN(C)C(=O)c2ccccc2)[C@H](C)CN([C@H](C)CO)C(=O)c2cc(ccc2O1)NS(=O)(=O)c1ccc(cc1)Cl,0,0.002831,0.023441,0.002623
C[C@@H]1CN([C@H](C)CO)C(=O)Cc2cc(ccc2O[C@@H]1CN(C)Cc1ccc(c(c1)Cl)Cl)NS(=O)(=O)c1ccc(cc1)C,0,0.025241,0.025652,0.003914
Clc1cccc(c1CSCc1cc2ccccc2o1)Cl,0,0.321449,0.681360,0.578937
CC(C)CC#Cc1ccc2c(c1)O[C@@H](CN(C)C(=O)NC1CCCC1)[C@H](C)CN([C@H](C)CO)S2(=O)=O,0,0.079925,0.025082,0.005873
CNC[C@H]1Oc2cc(ccc2S(=O)(=O)N(C[C@@H]1C)[C@H](C)CO)C#CC(C)(C)O,0,0.061427,0.142514,0.007244
O[C@@H]1COC[C@H]2O[C@@H](CC[C@@H]2N(C1)C(=O)c1ccncc1)CC(=O)NC1CCC1,0,0.044004,0.047834,0.015103
CO[C@@H]1CN(C)C(=O)c2cc(ccc2OC[C@H](C)N(C[C@H]1C)C(=O)C1CCOCC1)NC(=O)CC(F)(F)F,0,0.132200,0.187259,0.136228
CC(C)(c1cc(c(c(c1)Br)O)Br)c1cc(c(c(c1)Br)O)Br,1,0.998844,0.637916,0.728175
C[C@@H]1CN([C@H](C)CO)C(=O)Cc2cc(ccc2O[C@@H]1CN(C)C(=O)NC1CCCCC1)NC(=O)CCN1CCOCC1,0,0.002463,0.027313,0.003086
CC(C)C#Cc1cnc2c(c1)C(=O)N(C[C@H](C)[C@@H](CN(C)C(=O)c1ccc3c(c1)OCO3)O2)[C@H](C)CO,0,0.014407,0.022854,0.003431
Cn1ccnc1,0,0.143785,0.143654,0.064732
CO[C@@H](CN(C)S(=O)(=O)c1ccc(cc1)C)[C@H](C)CN([C@H](C)CO)S(=O)(=O)c1cccc(c1)Cl,0,0.196991,0.048780,0.012894
CCNC(=O)N1CCN(CCO)CC1,0,0.084622,0.030104,0.009438
NC(=O)[C@H]1CSCCC(=O)N1,0,0.000745,0.026266,0.010596
C[C@@H]1CN([C@H](C)CO)C(=O)Cc2cc(ccc2O[C@H]1CN(C)S(=O)(=O)C)NC(=O)Nc1ccccc1,0,0.004394,0.027951,0.006950
COc1ccc(cc1)[Si](C)(C)[C@H]1[C@H](C)[C@]2(O[C@@H]1CC(=O)N(CCO)Cc1ccccc1)C(=O)N(Cc1cccc(c1)N1CCOC1=O)c1ccccc12,0,0.082900,0.054259,0.013441
C[C@@H]1CN([C@H](C)CO)C(=O)c2cccc(c2O[C@H]1CN(C)CC1CC1)NS(=O)(=O)c1ccc(cc1)F,0,0.067010,0.027890,0.006698
O[C@H]1COC[C@H]2O[C@@H](CC[C@@H]2N(C1)C(=O)Nc1cccc(c1)F)CC(=O)NCc1ccccc1Cl,0,0.911546,0.878496,0.869866
CC(C)NC(=O)N(C)C[C@H]1Oc2cc(ccc2S(=O)(=O)N(C[C@@H]1C)[C@H](C)CO)-c1ccccc1F,0,0.054110,0.024959,0.008708
C[C@H]1CN([C@H](C)CO)C(=O)c2cc(ccc2O[C@H]1CN(C)C(=O)Nc1c(noc1C)C)NC(=O)c1ccncc1,0,0.019098,0.022776,0.003635
C[C@@H]1CCCCO[C@@H](CN(C)C(=O)Nc2ccc(cc2)C(F)(F)F)[C@H](C)CN([C@@H](C)CO)C(=O)c2cc(ccc2O1)NC(=O)c1ccccc1,0,0.118359,0.018519,0.003464
C[C@@H]1CN([C@@H](C)CO)C(=O)c2c(c3ccccc3n2C)-c2ccccc2CO[C@H]1CN(C)C(=O)Nc1cccc(c1)C(F)(F)F,0,0.593597,0.091669,0.065064
C[C@@H]1CN([C@@H](C)CO)C(=O)c2cccc(c2O[C@@H]1CN(C)Cc1ccc(cc1)Oc1ccccc1)NC(=O)NC1CCCCC1,0,0.020028,0.028589,0.012640
Cc1ccc(cc1)S(=O)(=O)N1C[C@@H](O)COC[C@H]2O[C@@H](CC[C@@H]21)CC(=O)NCc1ccc(c(c1)F)F,0,0.653577,0.048503,0.014943
COc1cccc(c1)S(=O)(=O)N(C)C[C@@H]1Oc2ncc(cc2C(=O)N(C[C@@H]1C)[C@H](C)CO)-c1cccc(c1)F,0,0.009304,0.024048,0.004483
NCc1nc(no1)-c1ccccc1,0,0.513689,0.150963,0.093967
NC1=CC(=O)N=C2NN=C(SCC=C)N12,0,0.291420,0.073427,0.039224
C[C@@H](Cc1c[nH]c2ccccc12)NC(=O)CN,0,0.466920,0.045140,0.025983
C[C@@H]1CN([C@@H](C)CO)C(=O)c2cc(ccc2O[C@H]1CN(C)Cc1ccc(c(c1)Cl)Cl)NC(=O)Nc1c(noc1C)C,0,0.338964,0.053501,0.015754
CCN(CC)c1ccc(cc1)N1CC=C[C@@]23O[C@@H]4C=CCCOC(=O)[C@@H]4[C@H]2C(=O)N(CCCO)[C@@H]3C1=O,0,0.278433,0.152686,0.070653
CC(=CCC[C@@](C)(O)C=C)C,0,0.103898,0.098347,0.055496
COc1ccccc1NC(=O)N(C)C[C@@H]1Oc2cc(ccc2S(=O)(=O)N(C[C@H]1C)[C@@H](C)CO)Br,0,0.205660,0.033492,0.010759
C[C@@H]1CCCCO[C@H](CN(C)Cc2ccc(cc2)C(F)(F)F)[C@H](C)CN([C@H](C)CO)C(=O)c2cc(ccc2O1)NC(=O)NC1CCCCC1,0,0.279247,0.023726,0.014082
CNC(=O)C[C@@H]1CC[C@H]2[C@@H](COC[C@@H](O)CN2C(=O)c2ccc3c(c2)OCO3)O1,0,0.110665,0.098197,0.038646
C[C@@H]1CN([C@@H](C)CO)C(=O)Cc2cc(ccc2O[C@H]1CN(C)S(=O)(=O)c1c(noc1C)C)NC(=O)CCCN(C)C,0,0.011354,0.024491,0.004368
Cn1cc(cn1)-c1[nH]c2cc(cc3c2c1C=NNC3=O)NC(=O)[C@H](N)C1CCCCC1,0,0.810484,0.250554,0.169877
C[C@@H]1CN([C@@H](C)CO)C(=O)Cc2cc(ccc2O[C@@H]1CN(C)CC1CC1)NS(=O)(=O)c1ccccc1,0,0.009826,0.028892,0.005026
C[C@H]1CN([C@H](C)CO)C(=O)Cc2cc(ccc2O[C@@H]1CN(C)S(=O)(=O)c1c(noc1C)C)NC(=O)C1CC1,0,0.008335,0.023727,0.004369
C[C@@H]1CCCCO[C@H](CN(C)C(=O)Nc2ccccc2)[C@H](C)CN([C@@H](C)CO)C(=O)c2cc(ccc2O1)NC(=O)NC1CCCCC1,0,0.008356,0.021926,0.003588
CC(=O)c1c(c(c(c(c1O)Cc1c(c2c(c(c1O)C(=O)/C=C/c1ccccc1)OC(C)(C)C=C2)O)O)C)O,0,0.991751,0.603392,0.229881
C[C@H]1CN([C@@H](C)CO)C(=O)Cc2cc(ccc2O[C@H]1CN(C)C(=O)Nc1cccc2ccccc12)NS(=O)(=O)c1cccs1,0,0.001082,0.024075,0.002995
O=C1N(OCC#N)C(=O)c2ccccc21,0,0.069585,0.253095,0.145698
CC(C)NC(=O)Nc1cccc2c1O[C@H](CN(C)Cc1ccc3c(c1)OCO3)[C@@H](C)CN([C@@H](C)CO)C2=O,0,0.019024,0.023872,0.008894
C[C@@H]1CN([C@@H](C)CO)C(=O)c2cccc(c2O[C@@H]1CN(C)Cc1ccccc1)NC(=O)C1CCOCC1,0,0.025464,0.028498,0.007367
C[C@H]1CN([C@H](C)CO)C(=O)c2cc(ccc2O[C@@H]1CN(C)Cc1ccc(cc1)C(F)(F)F)NS(=O)(=O)C,0,0.311191,0.034882,0.011760
COc1ccc(cc1)CCNC(=O)[C@H]1[C@@H](N(Cc2ccccc2OC)C(=O)c2ccccc21)c1ccc(cc1)CO,0,0.106168,0.265387,0.057651
C[C@H]1CN([C@H](C)CO)C(=O)c2cc(cnc2O[C@H]1CN(C)C(=O)Nc1ccc(cc1)C(F)(F)F)/C=C/c1ccccc1,0,0.289161,0.215581,0.175507
CC(C)NC(=O)Nc1ccc2c(c1)C(=O)N(C[C@@H](C)[C@H](CN(C)C(=O)C1CCCCC1)OCCCC[C@@H](C)O2)[C@@H](C)CO,0,0.016444,0.030729,0.007171
C[C@@H]1CCCCO[C@@H](CN(C)C(=O)Cc2ccccc2)[C@@H](C)CN([C@@H](C)CO)C(=O)c2cc(ccc2O1)NC(=O)CCC(F)(F)F,0,0.045747,0.016232,0.007665
C1CNCCN1,0,0.021991,0.045221,0.054352
C[C@@H]1CN([C@@H](C)CO)C(=O)c2cc(ccc2O[C@H]1CN(C)S(=O)(=O)c1cccs1)NS(=O)(=O)c1c(noc1C)C,0,0.003427,0.025300,0.005561
CC(C)(C)C(=O)C[n+]1cccc(c1)C(=O)N,0,0.027649,0.100708,0.022139
Cc1csc(n1)CCN,0,0.022834,0.031863,0.017147
COc1cccc(c1)NC(=O)N1C[C@H](O)COC[C@@H]2O[C@H](CC[C@H]21)CC(=O)NCCCN1CCOCC1,0,0.238975,0.371997,0.129739
CN1CCN(CC1)c1ccc(c(c1)Nc1ncc2c(n1)-c1c(c(nn1CCO)C(=O)N)CC2)OC(F)(F)F,0,0.919965,0.464658,0.538028
CNC[C@H]1Oc2cc(ccc2S(=O)(=O)N(C[C@@H]1C)[C@@H](C)CO)C#CC(C)(C)O,0,0.061427,0.142514,0.007244
COc1cccc(c1)S(=O)(=O)N(C)C[C@@H]1Oc2ncc(cc2C(=O)N(C[C@@H]1C)[C@@H](C)CO)C#CCC(C)C,0,0.012225,0.023455,0.004767
COc1ccc(cc1)[Si](C)(C)[C@H]1[C@H](C)[C@]2(O[C@@H]1CCn1cc(nn1)[C@H](O)c1ccccc1)C(=O)N(CC=C)c1ccc(cc12)N1CCOC1=O,0,0.896675,0.086024,0.022023
COc1ccc2nc3cc(Cl)ccc3c(Nc3cc(CN4CCCC4)c(O)c(CN4CCCC4)c3)c2n1.O=P(O)(O)O.O=P(O)(O)O.O=P(O)(O)O.O=P(O)(O)O,0,0.000000,0.518176,0.140791
Cc1cc(C(C)(C)C)c(O)c(C)c1CC1=NCCN1.Cl,0,0.956837,0.471352,0.365079
CC(C)NC(=O)N(C)C[C@H]1Oc2ccc(cc2CC(=O)N(C[C@H]1C)[C@H](C)CO)NS(=O)(=O)c1c(noc1C)C,0,0.010719,0.024203,0.004760
CC(C)NC(=O)N(C)C[C@H]1OCc2cn(nn2)CCCC(=O)N(C[C@H]1C)[C@H](C)CO,0,0.020558,0.024117,0.003881
COc1ccc(cc1)NC(=O)Nc1ccc2c(c1)C(=O)N(C[C@@H](C)[C@@H](CN(C)S(=O)(=O)c1ccc(cc1)Cl)OCCCC[C@@H](C)O2)[C@H](C)CO,0,0.018551,0.024571,0.002869
OC(=O)[C@H]1Cc2ccccc2CN1,0,0.204211,0.045683,0.040506
CNC(=O)C[C@H]1CC[C@H]2[C@@H](COC[C@H](O)CN2C(=O)Nc2cccc(c2)OC)O1,0,0.243028,0.173879,0.067038
C[C@@H]1CCCCO[C@H](CN(C)S(=O)(=O)C)[C@@H](C)CN([C@H](C)CO)C(=O)c2cc(ccc2O1)NS(=O)(=O)c1cn(cn1)C,0,0.010971,0.023653,0.003059
COc1ccc(cc1)S(=O)(=O)N(C)C[C@H]1Oc2ccc(cc2CC(=O)N(C[C@@H]1C)[C@@H](C)CO)NS(=O)(=O)c1c(noc1C)C,0,0.004045,0.024460,0.004649
CC(C)NC(=O)Nc1ccc2c(c1)CC(=O)N(C[C@@H](C)[C@@H](CN(C)S(=O)(=O)c1cccs1)O2)[C@@H](C)CO,0,0.003785,0.023725,0.005866
C[C@H]1CN([C@H](C)CO)C(=O)Cc2cc(ccc2O[C@H]1CN(C)S(=O)(=O)c1c(noc1C)C)NC(=O)Nc1ccc2c(c1)OCO2,0,0.003688,0.024710,0.004243
COc1ccc(c(c1)OC)NC(=O)N(C)C[C@@H]1OCc2ccccc2-c2c(n(c3ccccc23)C)C(=O)N(C[C@@H]1C)[C@@H](C)CO,0,0.038445,0.022929,0.003198
CN(C)CCCCNC(=O)[C@H]1C[C@@H]2N([C@H]1c1cccc(c1)OCCO)C(=O)[C@H](CCCCN)NC2=O,0,0.694804,0.076215,0.039555
COc1ccc(cc1)S(=O)(=O)N(C)C[C@H]1OCCCC[C@@H](C)Oc2ccc(cc2C(=O)N(C[C@@H]1C)[C@H](C)CO)NC(=O)Nc1ccc(cc1)F,0,0.021777,0.024841,0.004460
COc1ccc(cc1)S(=O)(=O)N(C)C[C@H]1Oc2ccc(cc2CC(=O)N(C[C@@H]1C)[C@@H](C)CO)NS(=O)(=O)c1cccs1,0,0.001391,0.023800,0.002811
C[C@H]1CCCCO[C@@H](CN(C)C(=O)CCCN(C)C)[C@H](C)CN([C@@H](C)CO)C(=O)c2cc(ccc2O1)NC(=O)Nc1ccc(cc1)F,0,0.086251,0.030243,0.005684
COCC#Cc1ccc2c(c1)O[C@H](CN(C)S(=O)(=O)c1ccc(cc1)F)[C@H](C)CN([C@H](C)CO)S2(=O)=O,0,0.088321,0.025452,0.006060
C[C@H]1CN([C@@H](C)CO)C(=O)Cc2cc(ccc2O[C@H]1CN(C)Cc1ccc(c(c1)Cl)Cl)NC(=O)Nc1ccccc1,0,0.203794,0.082247,0.012734
COc1cccc(c1)S(=O)(=O)Nc1ccc2c(c1)[C@H]1C[C@@H](CC(=O)NC3CCCCC3)O[C@H](CO)[C@H]1O2,0,0.008250,0.033889,0.007536
C[C@@H]1CN([C@@H](C)CO)C(=O)c2cccc(c2O[C@@H]1CN(C)S(=O)(=O)c1ccc(cc1)Cl)N(C)C,0,0.040593,0.031392,0.014759
Cc1ccc(cc1)S(=O)(=O)n1cc(c2ccccc12)[C@@H]1CC(=O)N([C@@H]1C(=O)Nc1cccc2cccnc12)C(=O)OCc1ccccc1,0,0.052952,0.076751,0.074806
Cc1ccc(cc1)S(=O)(=O)N1C[C@@H](O)COC[C@H]2O[C@H](CC[C@@H]21)CC(=O)NCc1ccc2c(c1)OCO2,0,0.078819,0.024043,0.006724
COCC#Cc1ccc2c(c1)O[C@H](CN(C)Cc1ccc(cc1)F)[C@H](C)CN([C@H](C)CO)S2(=O)=O,0,0.142359,0.028692,0.008022
COc1ccc(cc1)S(=O)(=O)N(C)C[C@@H]1Oc2ccc(cc2CC(=O)N(C[C@@H]1C)[C@@H](C)CO)NC(=O)Cc1ccccc1,0,0.002014,0.024069,0.004165
Nn1nnc2ccccc12,0,0.336396,0.159451,0.078131
CC1(C)CCC(=C(CN2CCN(CC2)c2ccc(cc2)C(=O)NS(=O)(=O)c2ccc(c(c2)S(=O)(=O)C(F)(F)F)N[C@H](CCN2CCOCC2)CSc2ccccc2)C1)c1ccc(cc1)Cl,0,0.027195,0.243270,0.023657
CN1[C@H]2CC[C@H](CC(=O)N3CCOCC3)O[C@@H]2COc2ccc(cc2C1=O)NC(=O)c1ccc(cc1)F,0,0.004510,0.029370,0.013582
C[C@@H]1CN([C@H](C)CO)C(=O)c2cccc(c2O[C@@H]1CN(C)Cc1ccc(cc1)C(=O)Nc1ccccc1N)NC(=O)Nc1ccccc1,0,0.021710,0.021890,0.004031
COc1ccc(cc1)CN(C)C[C@H]1OCCCC[C@H](C)Oc2ccc(cc2C(=O)N(C[C@H]1C)[C@@H](C)CO)NC(=O)Nc1c(noc1C)C,0,0.075538,0.036189,0.006497
OC[C@H]1O[C@@H](CC[C@H]1NC(=O)Cc1ccccn1)CC(=O)NCCCN1CCOCC1,0,0.010149,0.024021,0.010950
C[C@@H]1CN([C@H](C)CO)C(=O)c2cc(ccc2O[C@@H]1CN(C)S(=O)(=O)c1c(noc1C)C)NS(=O)(=O)c1ccccc1,0,0.005813,0.024217,0.005059
CN(C)CCCCNC(=O)[C@@H]1C[C@H]2N([C@@H]1c1cccc(c1)OCCO)C(=O)CNC2=O,0,0.431733,0.056979,0.028113
C[C@@H]1CCCCO[C@@H](CN(C)Cc2ccc(cc2)C(=O)Nc2ccccc2N)[C@@H](C)CN([C@H](C)CO)C(=O)c2cc(ccc2O1)NC(=O)c1ccccc1,0,0.001716,0.023379,0.002854
COc1cccc(c1)NC(=O)N(C)C[C@@H]1Oc2cc(ccc2S(=O)(=O)N(C[C@@H]1C)[C@@H](C)CO)C#Cc1ccncc1,0,0.017793,0.027689,0.004394
COC(=O)[C@@H](C)N(C#N)c1nc(cc(n1)C)C,0,0.011306,0.076010,0.047803
C[C@H]1CCCCO[C@@H](CN(C)S(=O)(=O)c2ccc(cc2)C)[C@H](C)CN([C@H](C)CO)C(=O)c2cc(ccc2O1)NC(=O)Nc1ccccc1,0,0.007314,0.023732,0.002387
CO[C@H]1CN(C)C(=O)c2cc(ccc2OC[C@@H](C)N(C[C@@H]1C)C(=O)C1CCOCC1)NS(=O)(=O)C,0,0.007481,0.047660,0.004602
C[C@@H]1CCCCO[C@H](CN(C)C(=O)Nc2ccc(cc2)F)[C@@H](C)CN([C@H](C)CO)C(=O)c2cc(ccc2O1)NC(=O)Cc1ccccc1,0,0.029001,0.022807,0.003609
COc1ccc(cc1)NC(=O)Nc1ccc2c(c1)CC(=O)N(C[C@H](C)[C@H](CN(C)Cc1ccc(cc1)Oc1ccccc1)O2)[C@H](C)CO,0,0.009908,0.024290,0.003248
C[C@@H]1CN([C@H](C)CO)C(=O)Cc2cc(ccc2O[C@H]1CN(C)CC1CC1)NS(=O)(=O)c1ccc(cc1)F,0,0.045501,0.026211,0.006003
CN1CCC(CC1)N(C)C(=O)COc1ccc(cc1)S(=O)(=O)N1CCOCC1,0,0.037966,0.031525,0.013296
CCS(=O)(=O)Nc1ccc2c(c1)C(=O)N(C)C[C@H](OC)[C@@H](C)CN([C@H](C)CO2)C(=O)c1ccc2c(c1)OCO2,0,0.003008,0.028882,0.005408
C[C@H]1CN([C@@H](C)CO)C(=O)c2cc(cnc2O[C@@H]1CN(C)C(=O)CN1CCOCC1)/C=C/c1ccccc1,0,0.001340,0.022832,0.005556
COc1ccc(cc1)S(=O)(=O)Nc1ccc2c(c1)C(=O)N(C[C@@H](C)[C@H](CN(C)C(=O)c1ccccc1)OCCCC[C@@H](C)O2)[C@@H](C)CO,0,0.000994,0.023818,0.002444
C1CN(CCN1)CCc1ccncc1,0,0.091579,0.059729,0.036811
CN(C)S(=O)(=O)c1ccc2c(c1)CCN2,0,0.026702,0.034446,0.009885
CN1CCN(CC1)C(=O)C[C@H]1CC[C@H]2[C@H](COc3ccc(cc3C(=O)N2C)NC(=O)c2cscn2)O1,0,0.027778,0.022779,0.007505
C[C@H]1CN([C@H](C)CO)C(=O)Cc2cc(ccc2O[C@H]1CN(C)Cc1ccc(cc1)C(=O)Nc1ccccc1N)NC(=O)Nc1ccc(cc1)F,0,0.043492,0.022553,0.002912
ONC(=O)CCCCCCC(=O)Nc1ccc(cc1)[C@H]1C[C@@H](O[C@@H](O1)c1ccc(cc1)Oc1ccccc1)c1ccccc1,0,0.457027,0.062386,0.030764
COc1ccc(cc1)S(=O)(=O)Nc1ccc2c(c1)C(=O)N(C[C@@H](C)[C@H](CN(C)S(=O)(=O)c1cccs1)O2)[C@@H](C)CO,0,0.003290,0.024766,0.004641
CN(C)CCCn1ccnc1-c1cnc(nc1)N,0,0.868995,0.045903,0.030557
C[C@H]1CCCCO[C@@H](CN(C)C(=O)Nc2c(noc2C)C)[C@@H](C)CN([C@@H](C)CO)C(=O)c2cc(ccc2O1)NS(=O)(=O)c1ccc(cc1)Cl,0,0.030516,0.024938,0.002461
C[C@H]1CN([C@@H](C)CO)C(=O)c2cc(ccc2O[C@H]1CN(C)S(=O)(=O)c1cn(cn1)C)NC(=O)C1CCCCC1,0,0.013439,0.025077,0.003806
CC[N+](C)(CC)Cc1ccccc1,0,0.370312,0.342129,0.300976
C[C@@H]1CCCCO[C@@H](CN(C)Cc2ccc(c(c2)Cl)Cl)[C@@H](C)CN([C@H](C)CO)C(=O)c2cc(ccc2O1)NC(=O)NC1CCCCC1,0,0.233535,0.031349,0.004682
CC(C)NC(=O)N(C)C[C@H]1Oc2ncc(cc2C(=O)N(C[C@@H]1C)[C@H](C)CO)-c1ccc(cc1)C(=O)N(C)C,0,0.009274,0.022946,0.006075
C[C@H]1CN([C@@H](C)CO)C(=O)c2cc(ccc2O[C@@H]1CN(C)C(=O)Nc1ccccc1)NS(=O)(=O)c1c(noc1C)C,0,0.025401,0.023400,0.004876
C[C@@H]1CN([C@H](C)CO)C(=O)Cc2cc(ccc2O[C@H]1CN(C)Cc1ccc(cc1)Oc1ccccc1)NC(=O)C1CCCCC1,0,0.013726,0.028979,0.008338
C[C@@H]1CN([C@H](C)CO)C(=O)c2cc(ccc2O[C@H]1CN(C)S(=O)(=O)c1cccs1)NS(=O)(=O)c1cccs1,0,0.001814,0.025171,0.007714
OC[C@H]1O[C@@H](C[C@@H]2[C@H]1Oc1ccc(cc12)NC(=O)Nc1ccccc1)CC(=O)NCCN1CCCCC1,0,0.189423,0.030677,0.020511
CCS(=O)(=O)N1C[C@]2(CN(Cc3cc(ccc3F)F)C2)c2c(n(c3cc(ccc23)OC)C)[C@H]1CO,0,0.096108,0.031480,0.013901
C[C@H]1CCCCO[C@H](CN(C)CC2CCCCC2)[C@H](C)CN([C@H](C)CO)C(=O)c2cc(ccc2O1)NC(=O)Nc1ccc2c(c1)OCO2,0,0.040914,0.024503,0.004760
C[C@H]1CN([C@H](C)CO)C(=O)c2cccc(c2O[C@H]1CN(C)S(=O)(=O)C)NS(=O)(=O)c1ccccc1,0,0.004233,0.024546,0.006932
N[C@@H](CCC(=O)N[C@@H](CCS[C@@H](CC(=O)O)C(=O)O)C(=O)NCC(=O)O)C(=O)O,0,0.023646,0.267830,0.120624
COc1ccc(cc1)S(=O)(=O)Nc1cccc2c1O[C@H](CN(C)S(=O)(=O)c1ccc(cc1)C)[C@H](C)CN([C@H](C)CO)C2=O,0,0.015164,0.025613,0.005301
CN1[C@@H]2CC[C@@H](CC(=O)NCc3ccc(cc3)-c3ccccc3)O[C@@H]2COc2ccc(cc2C1=O)NC(=O)Cc1cccs1,0,0.010967,0.040446,0.020346
COC(=O)N/N=C/c1c[n+](c2ccccc2[n+]1[O-])[O-],0,0.116498,0.504755,0.531586
C[C@H]1CCCCO[C@H](CN(C)S(=O)(=O)C)[C@@H](C)CN([C@H](C)CO)C(=O)c2cc(ccc2O1)NC(=O)Nc1ccc(cc1)C(F)(F)F,0,0.146261,0.044597,0.017042
O=C1NSN=C1N1CCCCC1,0,0.157262,0.031766,0.017448
C[C@@H]1CN([C@@H](C)CO)C(=O)Cc2cc(ccc2O[C@H]1CN(C)C(=O)Nc1ccccc1)NC(=O)CCCN(C)C,0,0.018450,0.023104,0.005444
COC(=O)c1c(oc(c1C(=O)OC)C(=O)Cc1ccccc1)CC[C@@H](CO)NC(=O)Nc1ccc(cc1)OC,0,0.072991,0.431865,0.092723
C[C@@H]1CN([C@H](C)CO)C(=O)c2cccc(c2O[C@H]1CN(C)S(=O)(=O)c1ccc(cc1)Cl)NC(=O)C1CC1,0,0.061927,0.024576,0.005610
C[C@@H](NC1(CCCCC1)CC(=C)C)c1ccccc1,0,0.838802,0.373706,0.397125
CC(C)NC(=O)Nc1ccc2c(c1)C(=O)N(C[C@H](C)[C@@H](CN(C)S(=O)(=O)c1ccc(cc1)Cl)O2)[C@@H](C)CO,0,0.069869,0.024067,0.006787
C[C@H]1CN([C@H](C)CO)S(=O)(=O)c2ccc(cc2O[C@@H]1CN(C)C(=O)CN1CCOCC1)C#Cc1cccc(c1)F,0,0.030325,0.025922,0.006408
COc1ccc2c3c(n(c2c1)C)[C@H](CO)N(Cc1cc(cc(c1)OC)OC)C[C@]13CCN(CC1)C(=O)Nc1cccc(c1)F,0,0.424017,0.042451,0.015277
C[C@@H]1CN([C@H](C)CO)C(=O)c2cc(ccc2O[C@H]1CN(C)S(=O)(=O)c1ccc(cc1)Cl)NS(=O)(=O)C,0,0.032303,0.022805,0.005644
COC(=O)c1c2oc(c1C(=O)OC)C(=O)N[C@@H](Cc1ccccc1)Cn1cc(nn1)[C@@H](Cc1ccccc1)NC(=O)N[C@H](CO)CC2,0,0.018166,0.053253,0.029629
COc1ccc(cc1)S(=O)(=O)N(C)C[C@H]1OCCCC[C@H](C)Oc2ccc(cc2C(=O)N(C[C@@H]1C)[C@@H](C)CO)NS(=O)(=O)C,0,0.003716,0.023892,0.003643
OCCCOc1ccc(cc1)C1=N[C@@](CO1)(CC=C)C(=O)NCCN1CCOCC1,0,0.005983,0.069362,0.038235
CN1CCN(CC1)C(=O)C[C@@H]1CC[C@H](NC(=O)Nc2c(noc2C)C)[C@H](CO)O1,0,0.259399,0.024839,0.008883
C[C@@H]1CCCCO[C@@H](CN(C)Cc2ccc(cc2)C(=O)O)[C@H](C)CN([C@H](C)CO)C(=O)c2cc(ccc2O1)NC(=O)C1CCCCC1,0,0.124529,0.056773,0.010271
COc1ccc(cc1)S(=O)(=O)N(C)C[C@H]1Oc2ccc(cc2C(=O)N(C[C@H]1C)[C@H](C)CO)NS(=O)(=O)c1ccccc1,0,0.003798,0.026113,0.004134
CC(C)NC(=O)NCC[C@H]1CC[C@H](NC(=O)CN(C)C)[C@@H](CO)O1,0,0.153773,0.030320,0.007590
C[C@H]1CN([C@@H](C)CO)C(=O)c2ccccc2-c2ccccc2CO[C@@H]1CN(C)Cc1ccccc1C(F)(F)F,0,0.585846,0.869993,0.891562
C[C@H]1CCCCO[C@@H](CN(C)C(=O)CCCN(C)C)[C@H](C)CN([C@@H](C)CO)C(=O)c2cc(ccc2O1)NC(=O)Nc1cccc2ccccc12,0,0.023648,0.024255,0.002299
COc1ccc(cc1)NC(=O)Nc1ccc2c(c1)C(=O)N(C[C@H](C)[C@@H](CN(C)S(=O)(=O)c1ccc(cc1)C)OCCCC[C@H](C)O2)[C@H](C)CO,0,0.007507,0.023792,0.002779
O=c1c(O)c(-c2ccccc2)oc2cc(O)cc(O)c12,0,0.558755,0.309822,0.136299
NCc1cnco1,0,0.000092,0.069516,0.037592
OC[C@H]1[C@H]2[C@H](CN(C(=O)c3ccncc3)c3ccccc32)N1C(=O)CN1CCOCC1,0,0.005228,0.036739,0.007476
CC(=O)OC[C@H]1O[C@H](O[C@]2(COC(=O)C)O[C@H](COC(=O)C)[C@@H](OC(=O)C)[C@@H]2OC(=O)C)[C@H](OC(=O)C)[C@@H](OC(=O)C)[C@@H]1OC(=O)C,0,0.000004,0.349204,0.101663
C[C@H]1CCCCO[C@H](CN(C)C(=O)c2ccccc2)[C@H](C)CN([C@H](C)CO)C(=O)c2cc(ccc2O1)NC(=O)c1ccccc1,0,0.000558,0.022402,0.002806
CC(C)C[C@@H]1NC(=O)[C@H]2C[C@H]([C@H](N2C1=O)c1ccc(cc1)O)C(=O)OCCOc1ccc(cc1)[C@H]1N2[C@@H]([C@@H](C(=O)OCC=C)[C@]11C(=O)Nc3ccccc31)C(=O)O[C@@H]([C@@H]2c1ccccc1)c1ccccc1,0,0.188560,0.080585,0.036071
N[C@]1(C[C@H](C1)C(=O)O)C(=O)O,0,0.225967,0.082056,0.021698
C[C@H]1CCCCO[C@H](CN(C)Cc2ccc(cc2)C(F)(F)F)[C@@H](C)CN([C@H](C)CO)C(=O)c2cc(ccc2O1)NC(=O)Nc1ccc(cc1)F,0,0.569378,0.027166,0.009188
COc1ccc(cc1)NC(=O)N(C)C[C@@H]1Oc2ccc(cc2CC(=O)N(C[C@H]1C)[C@H](C)CO)NC(=O)CCN1CCOCC1,0,0.002994,0.025145,0.003700
C[C@@H]1CN([C@@H](C)CO)C(=O)c2cccc(c2O[C@H]1CN(C)S(=O)(=O)c1ccc(cc1)Cl)NC(=O)c1cnccn1,0,0.067772,0.025107,0.004666
COC(=O)c1c2oc(c1C(=O)OC)C(=O)N[C@H](Cc1ccccc1)Cn1cc(nn1)[C@H](Cc1ccccc1)NC(=O)N[C@H](CC2)COC(=O)NCCCCCC(=O)NO,0,0.000022,0.045564,0.021031
COC(=O)[C@H]1[C@H](CO)[C@H]2CN3C(=O)C(=CC=C3[C@H]2N1C(=O)C1CCC1)c1cncnc1,0,0.033281,0.686227,0.155419
C[C@H]1CN([C@@H](C)CO)C(=O)c2cc(cnc2O[C@@H]1CN(C)C(=O)C1CCOCC1)C#Cc1cccc(c1)F,0,0.043815,0.027099,0.004966
C[C@H]1CN([C@@H](C)CO)C(=O)Cc2cc(ccc2O[C@@H]1CN(C)CC1CC1)NS(=O)(=O)c1ccccc1,0,0.009826,0.028892,0.005026
O[C@H]1CN[C@H]2CC[C@@H](CC(=O)NCCN3CCCC3)O[C@@H]2COC1,0,0.397945,0.029859,0.012005
Nc1ccc2cc(ccc2c1/N=N/c1ccc(c(c1)S(=O)(=O)O)/C=C/c1ccc(cc1S(=O)(=O)O)/N=N/c1c(ccc2cc(ccc12)S(=O)(=O)O)N)S(=O)(=O)O,0,0.000000,0.309491,0.082584
C[C@@H]1CCCCO[C@@H](CN(C)S(=O)(=O)c2ccc(cc2)C)[C@@H](C)CN([C@H](C)CO)C(=O)c2cc(ccc2O1)NS(=O)(=O)c1ccc(cc1)F,0,0.007673,0.023789,0.003086
C[C@H]1CN([C@H](C)CO)S(=O)(=O)c2ccc(cc2O[C@@H]1CN(C)Cc1cncnc1)-c1ccccc1F,0,0.052546,0.026319,0.006076
C[C@@H]1CCCCO[C@H](CN(C)C(=O)NC2CCCCC2)[C@H](C)CN([C@@H](C)CO)C(=O)c2cc(ccc2O1)NC(=O)C1CCCCC1,0,0.017203,0.027194,0.004194
C[C@@H]1CN([C@@H](C)CO)S(=O)(=O)c2ccc(cc2O[C@@H]1CN(C)C(=O)Cc1ccncc1)C#CC1CCCCC1,0,0.025815,0.024635,0.004927
C[C@H]1CCCCO[C@H](CN(C)S(=O)(=O)c2ccccc2)[C@@H](C)CN([C@@H](C)CO)C(=O)c2cc(ccc2O1)NC(=O)CCC(F)(F)F,0,0.017294,0.025760,0.003318
C[C@@H]1CCCCO[C@H](CN(C)Cc2ccc(c(c2)Cl)Cl)[C@H](C)CN([C@@H](C)CO)C(=O)c2cc(ccc2O1)NC(=O)Cc1ccccc1,0,0.064275,0.032889,0.004582
C[C@@H]1CN([C@H](C)CO)C(=O)c2cc(ccc2O[C@@H]1CN(C)CC1CCCCC1)NC(=O)Cc1cn(c2ccccc12)C,0,0.071581,0.024032,0.006172
COc1ccc(cc1)NC(=O)Nc1ccc2c(c1)C(=O)N(C[C@@H](C)[C@@H](CN(C)C(=O)Nc1ccc(cc1)OC)OCCCC[C@H](C)O2)[C@@H](C)CO,0,0.014795,0.024044,0.003081
C[C@H]1CN([C@H](C)CO)C(=O)c2cccc(c2O[C@@H]1CN(C)S(=O)(=O)c1cccs1)NC(=O)C1CCOCC1,0,0.004941,0.024072,0.004862
C[C@@H]1CN([C@@H](C)CO)C(=O)Cc2cc(ccc2O[C@@H]1CN(C)C(=O)Nc1ccc(cc1)C(F)(F)F)NS(=O)(=O)c1ccc(cc1)C,0,0.106692,0.030177,0.006924
OC[C@@H]1O[C@H](C[C@@H]2[C@H]1Oc1ccc(cc12)NS(=O)(=O)c1ccc(cc1)F)CC(=O)NC1CCCCC1,0,0.030445,0.044759,0.008484
NCC[C@H]1CC[C@H](NC(=O)NC2CCCCC2)[C@H](CO)O1,0,0.150583,0.034260,0.012830
C[C@@H]1CN([C@H](C)CO)C(=O)c2cccc(c2O[C@@H]1CN(C)CC1CC1)NS(=O)(=O)c1c(noc1C)C,0,0.034958,0.024077,0.004399
CC(C)(C)[S@](=O)N1Cc2cc(nc(c2[C@@H]1CCO)-c1cccc(c1)-c1cccnc1)C(=O)NCc1ccccc1F,0,0.205041,0.114674,0.063730
CC(C)(C)OC(=O)C[C@H](CC=C)C(=O)O[C@@H](CNC(=O)[C@H](CC=C)CC(=O)NCCO)c1ccccc1,0,0.017284,0.067701,0.026164
Cn1cnc(c1)S(=O)(=O)N1C[C@H](O)COC[C@@H]2O[C@@H](CC[C@H]21)CC(=O)NC1CCC1,0,0.187758,0.057368,0.018392
C[C@H]1CN([C@@H](C)CO)S(=O)(=O)c2ccc(cc2O[C@H]1CN(C)Cc1cncnc1)C#CC1CCCC1,0,0.091120,0.025006,0.005596
CN(C)C(CCOc1cccc2ccccc12)c1ccccc1.Cl,0,0.598622,0.290484,0.471005
O=C1NC(=S)NC21CCCCC2,0,0.426918,0.059662,0.037265
COc1ccc(cc1)NC(=O)N(C)C[C@@H]1Oc2c(cccc2C(=O)N(C[C@@H]1C)[C@@H](C)CO)NC(=O)Nc1ccc(cc1)C(F)(F)F,1,0.741245,0.132525,0.095826
C[C@@H]1CCCCO[C@@H](CN(C)S(=O)(=O)c2ccc(cc2)C)[C@H](C)CN([C@@H](C)CO)C(=O)c2cc(ccc2O1)NC(=O)Nc1ccc2c(c1)OCO2,0,0.003344,0.023732,0.002729
COc1ccc(cc1)NC(=O)N(C)C[C@@H]1OCCCC[C@H](C)Oc2ccc(cc2C(=O)N(C[C@H]1C)[C@@H](C)CO)NC(=O)Nc1ccc(cc1)C(F)(F)F,0,0.362905,0.016318,0.004760
C[C@@H]1CN([C@@H](C)CO)C(=O)Cc2cc(ccc2O[C@H]1CN(C)C)NC(=O)Cc1cn(c2ccccc12)C,0,0.048822,0.025318,0.004206
CO[C@@H]1CN(C)C(=O)c2cc(ccc2OC[C@H](C)N(C[C@@H]1C)S(=O)(=O)c1cn(cn1)C)NC(=O)CC(F)(F)F,0,0.106778,0.029222,0.018392
C[C@H]1CCCCO[C@@H](CN(C)Cc2ccc(cc2)C(=O)O)[C@H](C)CN([C@H](C)CO)C(=O)c2cc(ccc2O1)NC(=O)CCC(F)(F)F,0,0.434366,0.027297,0.008629
NCCCCC(NC(CCc1ccccc1)C(=O)O)C(=O)N1CCCC1C(=O)O,0,0.396620,0.374023,0.307178
COc1ccc2c3c([nH]c2c1)[C@H](CO)N(Cc1nccs1)C[C@]13CCN(CC1)C(=O)C1CCOCC1,0,0.079537,0.104550,0.053473
C[C@@H]1CN([C@H](C)CO)S(=O)(=O)c2ccc(cc2O[C@@H]1CN(C)S(=O)(=O)c1ccccc1F)-c1ccncc1,0,0.014605,0.028663,0.005465
COc1ccc(cc1)S(=O)(=O)N1C[C@H](O)COC[C@@H]2O[C@H](CC[C@H]21)CC(=O)NCc1ccc(c(c1)Cl)Cl,0,0.607466,0.049003,0.029274
COc1ccc(cc1)NC(=O)N(C)C[C@H]1OCCCC[C@@H](C)Oc2ccc(cc2C(=O)N(C[C@@H]1C)[C@H](C)CO)NC(=O)c1ccncc1,0,0.005451,0.022165,0.002657
CN(C)CC(c1ccc(O)cc1)C1(O)CCCCC1.O=C(O)CCC(=O)O,0,0.866679,0.649708,0.654835
COCC(=O)Nc1ccc2c(c1)OC[C@@H](C)N(C[C@@H](C)[C@@H](CN(C)C2=O)OC)Cc1ccccc1C(=O)O,0,0.116835,0.043402,0.021765
C[C@@H]1CN([C@@H](C)CO)C(=O)Cc2cc(ccc2O[C@H]1CN(C)S(=O)(=O)C)NS(=O)(=O)c1ccc(cc1)Cl,0,0.005939,0.023402,0.005185
C[C@H]1CN([C@H](C)CO)C(=O)c2cc(cnc2O[C@H]1CN(C)C(=O)Nc1ccc(cc1)F)C#CC(C)(C)O,0,0.128071,0.106861,0.048744
C[C@H]1CCCCO[C@@H](CN(C)S(=O)(=O)c2ccc(cc2)F)[C@H](C)CN([C@H](C)CO[Si](C)(C)C(C)(C)C)C(=O)c2cc(ccc2O1)NC(=O)Nc1ccccc1,0,0.006747,0.030681,0.006991
COc1ccc(cc1)S(=O)(=O)N(C)C[C@H]1Oc2c(cccc2C(=O)N(C[C@H]1C)[C@H](C)CO)NS(=O)(=O)c1ccc(cc1)F,0,0.021711,0.030456,0.006186
COC(=O)C[C@](O)(CCCC(C)(C)O)C(=O)O[C@H]1[C@H]2c3cc4c(cc3CCN3CCC[C@]23C=C1OC)OCO4,0,0.030219,0.540406,0.400520
C[C@H]1CCCCO[C@@H](CN(C)S(=O)(=O)c2ccc(cc2)F)[C@H](C)CN([C@H](C)CO)C(=O)c2cc(ccc2O1)NS(=O)(=O)c1ccc(cc1)Cl,0,0.020152,0.025859,0.003442
C[C@@H]1CN([C@@H](C)CO)C(=O)Cc2cc(ccc2O[C@H]1CN(C)S(=O)(=O)c1c(noc1C)C)NS(=O)(=O)c1c(noc1C)C,0,0.006631,0.024655,0.006165
C[C@H]1CN([C@H](C)CO)S(=O)(=O)c2ccc(cc2O[C@H]1CN(C)Cc1ccccc1F)C#CC1CC1,0,0.058663,0.027231,0.005857
C[C@@H]1CCCCO[C@@H](CN(C)C(=O)c2ccccc2)[C@H](C)CN([C@@H](C)CO)C(=O)c2cc(ccc2O1)NC(=O)CCC(F)(F)F,0,0.046325,0.016751,0.006932
CC(C)NC(=O)Nc1ccc2c(c1)CC(=O)N(C[C@@H](C)[C@H](CN(C)S(=O)(=O)c1ccc(cc1)F)O2)[C@H](C)CO,0,0.029685,0.025193,0.006553
NC(=O)c1ccc([N+](=O)[O-])cc1Cl,0,0.851303,0.433422,0.345209
C[C@@H]1CN([C@H](C)CO)C(=O)CCCn2cc(nn2)CO[C@@H]1CN(C)C(=O)Nc1cccc(c1)C(F)(F)F,0,0.699097,0.874676,0.699807
COc1cccc(c1)-c1cccc(c1)-c1nc(cc2c1[C@@H](CCO)N(C2)[S@](=O)C(C)(C)C)C(=O)NCC(F)(F)F,0,0.416990,0.316595,0.255794
C[C@H]1CN([C@@H](C)CO)C(=O)Cc2cc(ccc2O[C@H]1CN(C)C(=O)Nc1cccc2ccccc12)NC(=O)CCC(F)(F)F,0,0.055310,0.047563,0.023506
C[C@@H]1CN([C@H](C)CO)C(=O)Cc2cc(ccc2O[C@H]1CN(C)S(=O)(=O)c1c(noc1C)C)NC(=O)Nc1c(noc1C)C,0,0.024586,0.024723,0.005330
COc1ccc(cc1)S(=O)(=O)Nc1ccc2c(c1)CC(=O)N(C[C@H](C)[C@H](CN(C)S(=O)(=O)c1ccc(cc1)F)O2)[C@@H](C)CO,0,0.013069,0.025409,0.004421
CCCOc1ccc(cc1C1=Nc2c(cn(c2C(=O)N1)CC)CCC)S(=O)(=O)N1CCN(CCO)CC1,0,0.478865,0.024645,0.008772
COCCOC(=O)N1C(=O)[C@]2([C@@H]([C@@H]3N([C@H]([C@H](OC3=O)c3ccccc3)c3ccccc3)[C@@H]2c2ccccc2OCCO)C(=O)NCC=C)c2cc(ccc21)C#Cc1ccc(cc1)OC,0,0.840961,0.044462,0.011025
C[C@@H]1CN([C@H](C)CO)C(=O)Cc2cc(ccc2O[C@H]1CN(C)C(=O)Nc1c(noc1C)C)NC(=O)Cn1cnnn1,0,0.028816,0.022028,0.005844
C[C@@H]1CN([C@H](C)CO)C(=O)c2cc(ccc2O[C@H]1CN(C)S(=O)(=O)c1ccc(cc1)Cl)NC(=O)Nc1ccc(cc1)C(F)(F)F,0,0.546753,0.161603,0.014983
OC1CN(C1)C(=O)c1cnn2c1OCCC2,0,0.009681,0.025019,0.006627
OC[C@@H]1O[C@H](CC(=O)N2CCOCC2)C=C[C@@H]1NC(=O)c1ccc2c(c1)OCO2,0,0.011086,0.037692,0.013696
COc1ccc(cc1)CN(C)C[C@@H]1OCCCC[C@@H](C)Oc2ccc(cc2C(=O)N(C[C@@H]1C)[C@@H](C)CO)NC(=O)Nc1c(noc1C)C,0,0.075538,0.036189,0.006497
CC(=O)N1CCN(CC1)CC(=O)NS(=O)(=O)c1ccccc1,0,0.004661,0.040913,0.010911
C[C@@H]1CCCCO[C@@H](CN(C)C(=O)Nc2ccc(cc2)C(F)(F)F)[C@@H](C)CN([C@H](C)CO)C(=O)c2cc(ccc2O1)NS(=O)(=O)c1c(noc1C)C,0,0.227486,0.057652,0.017384
C[C@H]([C@H](C)N1CC(=O)NC(=O)C1)N1CC(=O)NC(=O)C1,0,0.101995,0.112701,0.024168
C[C@@H]1CN([C@@H](C)CO)C(=O)c2cc(ccc2O[C@@H]1CN(C)C(=O)Nc1ccc(cc1)C(F)(F)F)NC(=O)C1CCCCC1,0,0.539256,0.738658,0.421829
C[C@H]1CN([C@@H](C)CO)C(=O)c2cc(ccc2O[C@@H]1CN(C)S(=O)(=O)C)NC(=O)Nc1ccc2c(c1)OCO2,0,0.005421,0.024470,0.006290
C[C@H]1CN([C@H](C)CO)C(=O)c2cc(cnc2O[C@@H]1CN(C)C(=O)C1CCOCC1)C#Cc1cccc(c1)F,0,0.043815,0.027099,0.004966
C[C@H]1CN([C@@H](C)CO)C(=O)Cc2cc(ccc2O[C@@H]1CN(C)S(=O)(=O)c1ccccc1)NS(=O)(=O)c1cccs1,0,0.000904,0.023713,0.003482
C[C@H]1CN([C@H](C)CO)C(=O)c2cccc(c2O[C@H]1CN(C)Cc1ccc(cc1)-c1ccccc1)NC(=O)Nc1ccccc1,0,0.067408,0.028544,0.009959
C[C@H]1CN([C@H](C)CO)C(=O)c2cccc(c2O[C@H]1CN(C)Cc1ccc(c(c1)Cl)Cl)NS(=O)(=O)c1cccs1,0,0.073971,0.027562,0.007003
COc1ccc(cc1)NC(=O)N(C)C[C@@H]1OCCCC[C@H](C)Oc2ccc(cc2C(=O)N(C[C@@H]1C)[C@@H](C)CO)NC(=O)Nc1ccccc1,0,0.011313,0.021728,0.002616
Cn1ccnc1CN1CCC[C@]2(CCNC2=O)C1,0,0.573739,0.035457,0.010380
C[C@@H]1CN([C@H](C)CO)C(=O)c2cc(cnc2O[C@@H]1CN(C)C(=O)Nc1cccc(c1)F)Br,0,0.137490,0.034702,0.029656
COc1ccc(cc1)NC(=O)N(C)C[C@@H]1Oc2cc(ccc2S(=O)(=O)N(C[C@H]1C)[C@@H](C)CO)C#CCN(C)C,0,0.088289,0.026758,0.007101
Cc1ccc(o1)CNC[C@H]1Cn2nncc2CO1,0,0.010402,0.063413,0.038964
COc1ccc(cc1)S(=O)(=O)Nc1cccc2c1O[C@@H](CN(C)S(=O)(=O)c1ccc(cc1)C)[C@H](C)CN([C@@H](C)CO)C2=O,0,0.015164,0.025613,0.005301
C[C@@H]1CN([C@@H](C)CO)C(=O)Cc2cc(ccc2O[C@@H]1CN(C)S(=O)(=O)c1cccs1)NS(=O)(=O)c1cccs1,0,0.000487,0.024306,0.005900
Cc1cc(n2nc(cc2n1)C)N,0,0.018508,0.055466,0.025591
COc1ccc(cc1)S(=O)(=O)Nc1ccc2c(c1)C(=O)N(C[C@@H](C)[C@@H](CN(C)S(=O)(=O)c1c(noc1C)C)O2)[C@@H](C)CO,0,0.011259,0.025254,0.004536
COCC(=O)N1CCO[C@H]2[C@@H](CC[C@H]21)OC,0,0.016372,0.025108,0.005769
CC(=O)NCCCC[C@@H]1NC(=O)[C@H]2C[C@H]([C@H](N2C1=O)c1cccc(c1)OCCO)C(=O)NCCCC[N+](C)(C)C,0,0.327816,0.085124,0.044765
C[C@@H]1CN([C@H](C)CO)C(=O)c2cc(cnc2O[C@@H]1CN(C)S(=O)(=O)c1cccc(c1)F)C#CC1(O)CCCC1,0,0.030138,0.138419,0.005417
C[C@H]1CN([C@H](C)CO)C(=O)CCCn2nncc2CO[C@H]1CN(C)C(=O)Nc1ccc2c(c1)OCCO2,0,0.013691,0.021737,0.004642
O=c1[nH]cnc2c1ncn2C1OC(CO)C(O)C1O,0,0.306095,0.127706,0.127281
Cc1cc2c(cc1C)N(C[C@@H](O)[C@@H](O)[C@@H](O)CO)C1=NC(=O)NC(=O)C1=N2,0,0.602156,0.354879,0.145994
C[C@H]1CN([C@@H](C)CO)C(=O)c2cc(cnc2O[C@H]1CN(C)C(=O)Nc1ccc(cc1)C(F)(F)F)C1=CCCC1,0,0.356595,0.601412,0.394517
CCCC#Cc1cnc2c(c1)C(=O)N(C[C@@H](C)[C@H](CN(C)S(=O)(=O)c1cn(cn1)C)O2)[C@@H](C)CO,0,0.031223,0.023593,0.004811
C[C@@H]1CCCCO[C@@H](CN(C)C(=O)Nc2cccc3ccccc23)[C@H](C)CN([C@@H](C)CO)C(=O)c2cc(ccc2O1)NC(=O)c1ccncc1,0,0.003879,0.021715,0.002038
C[C@@H]1CN([C@@H](C)CO)C(=O)c2cccc(c2O[C@H]1CN(C)S(=O)(=O)c1cn(cn1)C)NC(=O)Nc1c(noc1C)C,0,0.077971,0.025268,0.005345
NCC1(CC1)c1c(cc(cc1F)F)F,0,0.908095,0.239366,0.069486
C[C@H]1CCCCO[C@@H](CN(C)C(=O)c2ccccc2)[C@@H](C)CN([C@@H](C)CO)C(=O)c2cc(ccc2O1)NS(=O)(=O)c1ccc(cc1)Cl,0,0.002831,0.023441,0.002623
C[C@H]1CN([C@H](C)CO)C(=O)c2cccc(c2O[C@@H]1CN(C)S(=O)(=O)c1cccs1)NS(=O)(=O)c1ccc(cc1)F,0,0.008749,0.029778,0.007589
COC(=O)c1c(oc(c1C(=O)OC)C(=O)C)CC[C@@H](CO)NC(=O)N[C@H](Cn1cc(nn1)C1(O)CCCCC1)C(C)C,0,0.616230,0.620791,0.431333
CN1CCN(CC1)C(=O)C[C@@H]1O[C@@H](CO)[C@H](NC(=O)Nc2c(noc2C)C)C=C1,0,0.408453,0.068460,0.022853
COc1ccc(cc1)S(=O)(=O)Nc1ccc2c(c1)C(=O)N(C[C@@H](C)[C@H](CN(C)C(=O)NC(C)C)O2)[C@@H](C)CO,0,0.024914,0.024855,0.005838
Nc1cc(nc([n+]1[O-])N)N1CCCCC1,0,0.544228,0.163910,0.057951
Cn1cnc(c1)S(=O)(=O)N[C@@H]1C=C[C@H](CC(=O)N2CCN(CC2)c2ccccc2)O[C@@H]1CO,0,0.037982,0.025618,0.007989
C[C@@H]1CN([C@H](C)CO)S(=O)(=O)c2ccc(cc2O[C@@H]1CN(C)C(=O)Cc1ccncc1)C#Cc1ccccc1F,0,0.037257,0.026581,0.004651
C[C@@H]1CN([C@H](C)CO)C(=O)c2cc(ccc2O[C@@H]1CN(C)S(=O)(=O)C)NC(=O)Nc1ccccc1,0,0.011542,0.024140,0.005836
COc1cccc(c1)NC(=O)N(C)C[C@@H]1Oc2cc(ccc2S(=O)(=O)N(C[C@H]1C)[C@@H](C)CO)Br,0,0.084322,0.028432,0.008221
COc1cccc(c1C1=NCc2cnc(nc2-c2ccc(cc21)Cl)Nc1ccc(c(c1)OC)C(=O)O)F,0,0.970490,0.730110,0.498127
CO[C@@H]1CN(C)C(=O)c2cc(ccc2OC[C@H](C)N(C[C@H]1C)C(=O)Cc1cccnc1)NS(=O)(=O)c1cccc(c1)OC,0,0.003875,0.024595,0.003586
C[C@@H]1CCCCO[C@@H](CN(C)CC2CCCCC2)[C@H](C)CN([C@@H](C)CO)C(=O)c2cc(ccc2O1)NC(=O)C1CCCCC1,0,0.090530,0.027045,0.009681
COc1ccc(cc1)S(=O)(=O)N(C)C[C@@H]1Oc2c(cccc2C(=O)N(C[C@@H]1C)[C@H](C)CO)NC(=O)NC(C)C,0,0.044798,0.027003,0.005620
COc1ccc(cc1)S(=O)(=O)N(C)C[C@H]1Oc2ccc(cc2C(=O)N(C[C@@H]1C)[C@H](C)CO)NC(=O)Nc1c(noc1C)C,0,0.034791,0.025732,0.004641
C[C@H]1CN([C@@H](C)CO)S(=O)(=O)c2ccc(cc2O[C@@H]1CN(C)C(=O)Cc1ccccc1)-c1cncnc1,0,0.016094,0.026516,0.005319
CC(C)NC(=O)Nc1ccc2c(c1)C(=O)N(C[C@@H](C)[C@@H](CN(C)S(=O)(=O)c1cccs1)O2)[C@@H](C)CO,0,0.009705,0.023725,0.005938
C[C@H]1CN([C@@H](C)CO)C(=O)Cc2cc(ccc2O[C@H]1CN(C)C(=O)NC1CCCCC1)NC(=O)Nc1cccc2ccccc12,0,0.009057,0.025089,0.004350
COc1ccc(cc1)CCN1C(=O)[C@]2(CC(=O)N(C3CCCCC3)[C@@H]2c2ccc(cc21)CO)c1ccc(cc1)[N+](=O)[O-],0,0.150300,0.126034,0.126312
C[C@H]1CCCCO[C@@H](CN(C)Cc2ccc3c(c2)OCO3)[C@@H](C)CN([C@@H](C)CO)C(=O)c2cc(ccc2O1)NS(=O)(=O)c1ccc(cc1)Cl,0,0.007879,0.024544,0.002938
C[C@H]1CN([C@H](C)CO)C(=O)Cc2cc(ccc2O[C@H]1CN(C)Cc1ccncc1)NS(=O)(=O)c1cccs1,0,0.001404,0.024610,0.003271
COc1ccccc1C#Cc1cnc2c(c1)C(=O)N(C[C@H](C)[C@H](CN(C)S(=O)(=O)c1cn(cn1)C)O2)[C@@H](C)CO,0,0.028232,0.023888,0.003472
O=C(CN1N=Nc2ccccc2C1=O)Nc1nnc[nH]1,0,0.868859,0.172041,0.184077
C[C@H]1CN([C@@H](C)CO)C(=O)Cc2cc(ccc2O[C@H]1CN(C)S(=O)(=O)c1ccc(cc1)F)NS(=O)(=O)c1cn(cn1)C,0,0.030266,0.023780,0.003513
C[C@H]1CN([C@H](C)CO)C(=O)Cc2cc(ccc2O[C@H]1CN(C)Cc1ccc(cc1)-c1ccccc1)NC(=O)Cn1cnnn1,0,0.065612,0.025431,0.008260
C[C@H]1CN([C@H](C)CO)C(=O)c2cccc(c2O[C@H]1CN(C)S(=O)(=O)c1ccc(cc1)Cl)NS(=O)(=O)C,0,0.035599,0.023693,0.005963
COc1ccc(cc1)S(=O)(=O)Nc1ccc2c(c1)C(=O)N(C[C@H](C)[C@@H](CN(C)Cc1ccc(cc1)C(F)(F)F)OCCCC[C@H](C)O2)[C@@H](C)CO,0,0.062937,0.025286,0.004670
CN(C)[C@@H](CN)c1cn(c2ccccc12)C,0,0.923470,0.083500,0.040308
O=C1OC(CO)C(O)C(O)C1O,0,0.002177,0.068179,0.014809
C[C@H]1CN([C@H](C)CO)C(=O)Cc2cc(ccc2O[C@H]1CN(C)S(=O)(=O)c1ccccc1)NS(=O)(=O)c1cn(cn1)C,0,0.005107,0.023835,0.002972
CC(=O)OC1CC(C)(C)C(=C=C/C(=C/C=C/C(=C/C=C/C=C(C)/C=C/C=C(\C)C(=O)CC23OC3(C)CC(O)CC2(C)C)C)C)C(C)(O)C1,0,0.968583,0.266742,0.126341
COc1cccc(c1)S(=O)(=O)N[C@@H]1CC[C@H](CC(=O)NC2CCC2)O[C@H]1CO,0,0.011565,0.031727,0.009238
Cc1ccc2nc([nH]c2c1)SCc1c(c(cc(c1C)C)C)C,0,0.994122,0.423792,0.394300
OC[C@H]1O[C@H](CC[C@H]1NS(=O)(=O)c1ccc(cc1)F)CC(=O)N1CCC(CC1)Cc1ccccc1,0,0.099835,0.033040,0.025418
C[C@@H]1CCCCO[C@@H](CN(C)S(=O)(=O)c2ccc(cc2)F)[C@@H](C)CN([C@H](C)CO)C(=O)c2cc(ccc2O1)NC(=O)Nc1ccc(cc1)F,0,0.068238,0.023882,0.004255
OC[C@H]1O[C@H](CC(=O)N2CCOCC2)C=C[C@H]1NC(=O)c1ccc2c(c1)OCO2,0,0.011086,0.037692,0.013696
C[C@H]1CN([C@@H](C)CO)C(=O)Cc2cc(ccc2O[C@@H]1CN(C)Cc1ccc2c(c1)OCO2)NC(=O)CCN1CCOCC1,0,0.002689,0.023759,0.004695
CCCCCC(CC(=O)O)C(=O)O,0,0.023691,0.084996,0.031482
COc1ccc(cc1)NC(=O)Nc1ccc2c(c1)C(=O)N(C[C@@H](C)[C@H](CN(C)Cc1ccc(c(c1)Cl)Cl)OCCCC[C@H](C)O2)[C@@H](C)CO,0,0.150791,0.035238,0.004036
CC(C)NC(=O)Nc1ccc2c(c1)CC(=O)N(C[C@H](C)[C@@H](CN(C)S(=O)(=O)c1ccc(cc1)C)O2)[C@H](C)CO,0,0.012481,0.023776,0.005137
COc1ccc(cc1)NC(=O)N(C)C[C@H]1OCCCC[C@H](C)Oc2ccc(cc2C(=O)N(C[C@@H]1C)[C@H](C)CO)NC(=O)Nc1ccccc1,0,0.011313,0.021728,0.002616
Cc1ccc(Cl)c(Nc2ccccc2C(=O)[O-])c1Cl.[Na+],0,0.997544,0.234979,0.362085
NCC[C@@H]1CC[C@@H](NC(=O)C2CC2)[C@@H](CO)O1,0,0.166661,0.025085,0.007959
CN1CCN(C2=Nc3ccccc3Oc3ccc(Cl)cc32)CC1.O=C(O)CCC(=O)O,0,0.978168,0.778302,0.667026
NCC(=O)Nc1ccc(c(c1F)F)F,0,0.886918,0.223828,0.082996
O=C(O)C1(O)CC(O)C(O)C(O)C1,0,0.004558,0.059177,0.016109
C[C@H]1CCCCO[C@@H](CN(C)CC2CC2)[C@@H](C)CN([C@@H](C)CO)C(=O)c2cc(ccc2O1)NC(=O)Nc1ccc(cc1)F,0,0.310095,0.060370,0.036151
C[C@@H](COC(=O)[C@H](CC=C)CC(=O)OC(C)(C)C)NC(=O)[C@@H](CC=C)CC(=O)N[C@@H](CO)Cc1ccccc1,0,0.010362,0.052525,0.018697
COc1ccc(cc1)NC(=O)N(C)C[C@H]1OCCCC[C@@H](C)Oc2ccc(cc2C(=O)N(C[C@H]1C)[C@H](C)CO)NC(=O)Nc1ccc(cc1)C(F)(F)F,0,0.362905,0.016318,0.004760
C[C@H](O)C#Cc1cnc2c(c1)C(=O)N(C[C@H](C)[C@@H](CN(C)C(=O)C)O2)[C@H](C)CO,0,0.004924,0.047173,0.011064
CCN(CC)CCOc1ccc(C(=C(Cl)c2ccccc2)c2ccccc2)cc1.O=C(O)CC(O)(CC(=O)O)C(=O)O,0,0.902980,0.855668,0.892605
OCCN(Cc1ccccc1)C(=O)C[C@H](CC=C)C(=O)N[C@H](COC(=O)[C@H](CC=C)NC(=O)OCC1c2ccccc2-c2ccccc21)c1ccccc1,0,0.001183,0.073007,0.025583
COc1ccc(cc1)S(=O)(=O)Nc1ccc2c(c1)C(=O)N(C[C@@H](C)[C@@H](CN(C)C(=O)Nc1ccccc1)OCCCC[C@H](C)O2)[C@@H](C)CO,0,0.004308,0.024099,0.002821
CS(=O)(=O)Nc1ccc2c(c1)[C@@H]1C[C@@H](CC(=O)NCc3ccc(cc3)-c3ccccc3)O[C@@H](CO)[C@@H]1O2,0,0.033112,0.034133,0.010153
C[C@H]1CN([C@H](C)CO)C(=O)Cc2cc(ccc2O[C@H]1CN(C)Cc1ccc(cc1)Oc1ccccc1)NS(=O)(=O)c1ccccc1,0,0.000564,0.023940,0.003267
C[C@@H]1CN([C@@H](C)CO)C(=O)c2cccc(c2O[C@@H]1CN(C)Cc1ccc(cc1)C(=O)O)NC(=O)c1cc(nn1C)C,0,0.109819,0.034469,0.012254
C[C@@H]1CN([C@@H](C)CO)C(=O)c2cc(ccc2O[C@@H]1CN(C)C(=O)Nc1cccc2ccccc12)NC(=O)Nc1ccc(cc1)F,0,0.056223,0.025015,0.012331
OC[C@H]1O[C@H](C[C@H]2[C@@H]1Oc1ccc(cc12)NS(=O)(=O)c1ccc(cc1)F)CC(=O)NCc1cccc(c1)F,0,0.070385,0.037716,0.011651
C[C@H]1CCCCO[C@@H](CN(C)Cc2ccccc2)[C@@H](C)CN([C@H](C)CO)C(=O)c2cc(ccc2O1)NS(=O)(=O)c1c(noc1C)C,0,0.010598,0.024502,0.003985
COc1ccc(cc1)[Si](C)(C)[C@@H]1[C@@H](C)[C@@]2(O[C@H]1CCn1cc(nn1)[C@H](O)c1ccccc1)C(=O)N(Cc1ccc(cc1)N1CCOC1=O)c1ccccc12,0,0.437680,0.053442,0.010805
C[C@H]1CN([C@H](C)CO)C(=O)c2cc(ccc2O[C@H]1CN(C)C(=O)Nc1cccc2ccccc12)NS(=O)(=O)c1ccccc1,0,0.004971,0.024848,0.004007
C[C@H]1CCCCO[C@H](CN(C)C(=O)NC2CCCCC2)[C@H](C)CN([C@H](C)CO)C(=O)c2cc(ccc2O1)NC(=O)Nc1ccc(cc1)C(F)(F)F,0,0.452753,0.111469,0.047333
OC[C@H]1O[C@@H](C[C@H]2[C@@H]1Oc1ccc(cc12)NC(=O)Cc1ccncc1)CC(=O)NCc1ccc2c(c1)OCO2,0,0.005787,0.024554,0.006431
C[C@@H]1CN([C@H](C)CO)C(=O)c2cc(ccc2O[C@H]1CN(C)Cc1ccc(cc1)C(F)(F)F)NC(=O)Nc1ccc2c(c1)OCO2,0,0.122494,0.167501,0.083657
CCS(=O)(=O)Nc1ccc2c(c1)C(=O)N(C)[C@H]1CC[C@H](CC(=O)NCc3ccccc3F)O[C@H]1CO2,0,0.007608,0.028602,0.007290
CC(=O)Nc1ccc(OC(=O)c2ccccc2O)cc1,0,0.274535,0.477422,0.544696
C[C@H]1CN([C@H](C)CO)C(=O)Cc2cc(ccc2O[C@@H]1CN(C)C(=O)NC1CCCCC1)NC(=O)c1ccncc1,0,0.003895,0.022007,0.002940
COc1ccc(cc1)S(=O)(=O)N(C)C[C@H]1Oc2ccc(cc2C(=O)N(C[C@H]1C)[C@@H](C)CO)NS(=O)(=O)c1ccc(cc1)C,0,0.008180,0.026113,0.004735
C[C@H]1CNCCO1,0,0.008899,0.025327,0.012177
COCC#Cc1ccc2c(c1)O[C@H](CN(C)Cc1ccc3c(c1)OCO3)[C@@H](C)CN([C@@H](C)CO)S2(=O)=O,0,0.051051,0.025803,0.004958
O[C@@H]1N[C@H](O)c2ccccc21,0,0.576742,0.199275,0.116516
COc1ccc(cc1)CN(C)C[C@H]1Oc2c(cccc2C(=O)N(C[C@H]1C)[C@@H](C)CO)NS(=O)(=O)c1cn(cn1)C,0,0.062041,0.024200,0.004119
COc1ccccc1C(=O)Nc1ccc2c(c1)C(=O)N(C)[C@@H]1CC[C@H](CC(=O)NCCc3ccncc3)O[C@H]1CO2,0,0.004647,0.027853,0.005963
OC[C@@H](Cc1ccccc1)NC(=O)C[C@@H]1CC=CCCC(=O)OC[C@H](Cc2c[nH]c3ccccc23)NC1=O,0,0.025126,0.026246,0.012388
C[C@@H]1CN([C@H](C)CO)S(=O)(=O)c2ccc(cc2O[C@@H]1CN(C)C(=O)Nc1c(noc1C)C)C#CCN(C)C,0,0.155078,0.026483,0.010167
C[C@H]1CN([C@@H](C)CO)C(=O)c2cccc(c2O[C@@H]1CN(C)S(=O)(=O)c1cn(cn1)C)NC(=O)Nc1ccccc1,0,0.036220,0.023767,0.004167
CCCN(C)C[C@@H]1OCCCC[C@@H](C)Oc2ccc(cc2C(=O)N(C[C@@H]1C)[C@H](C)CO)NC(=O)Nc1cccc2ccccc12,0,0.055967,0.055920,0.020438
C[C@@H]1CN([C@H](C)CO)C(=O)c2cc(ccc2O[C@H]1CN(C)S(=O)(=O)c1cn(cn1)C)NC(=O)Cc1ccccc1,0,0.008634,0.024367,0.004431
CCOC(=O)[C@@H]([C@H]1CCS(=O)(=O)C1)C(=O)C,0,0.203148,0.179277,0.074254
C[C@H]1CN([C@@H](C)CO)S(=O)(=O)c2ccc(cc2O[C@H]1CN(C)C(=O)c1cccc(c1)F)C#CC1CC1,0,0.100840,0.031297,0.004347
C[C@H]1CN([C@@H](C)CO)C(=O)Cc2cc(ccc2O[C@H]1CN(C)Cc1ccc(cc1)C(=O)O)NC(=O)Nc1ccc(cc1)C(F)(F)F,0,0.584050,0.032166,0.006557
C[C@@H]1CCCCO[C@H](CN(C)Cc2ccc(cc2)C(F)(F)F)[C@H](C)CN([C@@H](C)CO)C(=O)c2cc(ccc2O1)NC(=O)c1ccncc1,0,0.115242,0.018723,0.004731
CCS(=O)(=O)Nc1ccc2c(c1)C(=O)N(C)C[C@H](OC)[C@@H](C)CN(Cc1nccs1)[C@@H](C)CO2,0,0.003463,0.023080,0.003530
CCS(=O)(=O)NCC[C@@H]1CC[C@H](NC(=O)Cc2ccccn2)[C@@H](CO)O1,0,0.002332,0.023228,0.005882
C[C@H]1CCCCO[C@@H](CN(C)C(=O)Nc2cccc3ccccc23)[C@H](C)CN([C@H](C)CO)C(=O)c2cc(ccc2O1)NC(=O)c1ccncc1,0,0.003879,0.021715,0.002038
C[C@@H]1CN([C@@H](C)CO)C(=O)Cc2cc(ccc2O[C@@H]1CN(C)Cc1ccc(c(c1)Cl)Cl)NC(=O)Cc1ccccc1,0,0.073208,0.085425,0.013717
N[C@@H](CCCNC(=O)N)C(=O)O,0,0.005521,0.040418,0.012454
COCC#Cc1ccc2c(c1)O[C@@H](CN(C)C(=O)c1ccccc1F)[C@H](C)CN([C@@H](C)CO)S2(=O)=O,0,0.101329,0.028866,0.008583
Clc1ccc(cc1)-c1ccc(s1)C(=O)OCc1ccco1,0,0.083186,0.407614,0.263676
COc1ccc(cc1)NC(=O)Nc1ccc2c(c1)C(=O)N(C[C@@H](C)[C@@H](CN(C)C(=O)CCC(F)(F)F)OCCCC[C@H](C)O2)[C@H](C)CO,0,0.049866,0.017833,0.005627
C[C@@H]1CN([C@H](C)CO)C(=O)Cc2cc(ccc2O[C@H]1CN(C)Cc1ccc(cc1)C(F)(F)F)NS(=O)(=O)C,0,0.055983,0.031056,0.010260
C[C@@H]1CN([C@@H](C)CO)S(=O)(=O)c2ccc(cc2O[C@H]1CN(C)S(=O)(=O)c1ccc(cc1)F)C1=CCCC1,0,0.016230,0.027606,0.006102
Cc1cccc(c1)NC(=O)C(=O)NCCCO,0,0.191833,0.046054,0.040915
CC(C)CCCC(C)C1CCC2C3CC=C4CC(O)CCC4(C)C3CCC12C,0,0.923648,0.221950,0.056186
COc1ccc(cc1)S(=O)(=O)N(C)C[C@H]1OCCCC[C@H](C)Oc2ccc(cc2C(=O)N(C[C@@H]1C)[C@@H](C)CO)NC(=O)Nc1ccccc1,0,0.005807,0.023818,0.002494
C[C@H]1CN([C@@H](C)CO)C(=O)c2cc(ccc2O[C@H]1CN(C)Cc1ccc(cc1)C(=O)Nc1ccccc1N)NC(=O)NC1CCCCC1,0,0.018183,0.023017,0.003268
Cn1cnc(c1)S(=O)(=O)N[C@@H]1CC[C@H](CC(=O)N2CCN(CC2)c2ccccc2)O[C@H]1CO,0,0.028193,0.023616,0.009040
COCCOC(=O)N1C(=O)[C@]2([C@@H]([C@@H]3N([C@H]([C@H](OC3=O)c3ccccc3)c3ccccc3)[C@@H]2c2ccccc2OCCO)C(=O)Nc2nc3ccccc3s2)c2cc(ccc21)C#CCC(C(=O)OC)C(=O)OC,0,0.220156,0.043950,0.012950
COc1ccc(cc1)NC(=O)N(C)C[C@H]1OCCCC[C@@H](C)Oc2ccc(cc2C(=O)N(C[C@@H]1C)[C@H](C)CO)NS(=O)(=O)c1ccc(cc1)Cl,0,0.012920,0.025479,0.002862
CCC1(CC)C(=O)NC(=O)NC1=O,0,0.000524,0.082813,0.034883
C[C@H]1CCCCO[C@@H](CN(C)S(=O)(=O)c2cccs2)[C@@H](C)CN([C@H](C)CO)C(=O)c2cc(ccc2O1)NC(=O)CCC(F)(F)F,0,0.009716,0.031601,0.006401
C[C@@H]1CCCCO[C@@H](CN(C)S(=O)(=O)c2ccc(cc2)C)[C@@H](C)CN([C@@H](C)CO)C(=O)c2cc(ccc2O1)NC(=O)NC1CCCCC1,0,0.010654,0.023750,0.002945
C[C@H]1CN([C@H](C)CO)C(=O)c2cc(ccc2O[C@H]1CN(C)CC1CCCCC1)NS(=O)(=O)c1cn(cn1)C,0,0.076167,0.025199,0.005078
CO[C@H]1CN(C)C(=O)c2cc(ccc2OC[C@@H](C)N(C[C@H]1C)C(=O)Nc1c(noc1C)C)NC(=O)Nc1cccc(c1)F,0,0.344451,0.034441,0.019324
O[C@@H]1COC[C@H]2O[C@@H](CC[C@@H]2N(C1)C(=O)c1ccc2c(c1)OCO2)CC(=O)NCCN1CCCC1,0,0.142827,0.051906,0.015666
C[C@H]1CN([C@H](C)CO)C(=O)c2cc(ccc2O[C@@H]1CN(C)S(=O)(=O)c1ccc(cc1)Cl)NC(=O)C1CC1,0,0.034882,0.024547,0.005991
C[C@H]1CN([C@@H](C)CO)C(=O)Cc2cc(ccc2O[C@H]1CN(C)C(=O)Nc1ccc(cc1)C(F)(F)F)NC(=O)Nc1cccc2ccccc12,0,0.226300,0.039726,0.015226
C[C@H]1CN([C@H](C)CO)C(=O)CCCn2cc(nn2)CO[C@H]1CN(C)C(=O)Nc1ccnc(c1)N1CCOCC1,0,0.019420,0.024394,0.005677
C[C@H]1CN([C@H](C)CO)C(=O)c2cc(cnc2O[C@H]1CN(C)S(=O)(=O)C)C#CC1(O)CCCC1,0,0.008375,0.023004,0.006259
CCC[C@@H]1C[C@H](N(C)C1)C(=O)N[C@H]([C@@H](C)O)[C@H]1O[C@H](SC)[C@H](O)[C@@H](O)[C@H]1O,1,0.297972,0.904805,0.947549
C[C@@H]1CN([C@@H](C)CO)C(=O)Cc2cc(ccc2O[C@H]1CN(C)Cc1ccncc1)NS(=O)(=O)c1ccc(cc1)C,0,0.002389,0.024161,0.002775
CCS(=O)(=O)Nc1ccc2c(c1)C(=O)N(C)C[C@@H](OC)[C@H](C)CN(Cc1nccs1)[C@@H](C)CO2,0,0.003463,0.023080,0.003530
CC(C)(C)OC(=O)CC[C@@]1(N=C(O[C@H]1c1ccccc1)c1ccc(cc1)OCCCO)C(=O)NCc1ccccc1,0,0.007000,0.144761,0.092703
C[C@@H]1CN([C@H](C)CO)S(=O)(=O)c2ccc(cc2O[C@H]1CN(C)Cc1ccccc1)C#Cc1ccccn1,0,0.017324,0.034734,0.006913
C[C@H]1CN([C@@H](C)CO)C(=O)Cc2cc(ccc2O[C@@H]1CN(C)S(=O)(=O)c1cn(cn1)C)NS(=O)(=O)c1cccs1,0,0.001775,0.024082,0.003823
C[C@@H]1CCCCO[C@@H](CN(C)CC2CCCCC2)[C@H](C)CN([C@H](C)CO)C(=O)c2cc(ccc2O1)NC(=O)C1CCCCC1,0,0.090530,0.027045,0.009681
O=C1CO[C@H]2CN(C[C@@H]2N1)C(=O)COc1ccccc1,0,0.004425,0.140542,0.022724
NC(=O)NC1=Nc2ccccc2NC1=O,0,0.186141,0.122268,0.072013
C[C@H]1CN([C@@H](C)CO)C(=O)c2cccc(c2O[C@H]1CN(C)Cc1ccc(c(c1)Cl)Cl)NS(=O)(=O)c1ccc(cc1)Cl,0,0.207668,0.027744,0.009450
CN(C)C(=N)NCCC[C@H](N)C(=O)O,0,0.020431,0.031513,0.014622
C[C@@H]1CN([C@H](C)CO)S(=O)(=O)c2ccc(cc2O[C@@H]1CN(C)C(=O)c1ccncc1)C#CC1(O)CCCC1,0,0.009108,0.022879,0.003868
C[C@@H]1CN([C@H](C)CO)C(=O)c2c(c3ccccc3n2C)-c2ccccc2CO[C@H]1CN(C)Cc1ccc2c(c1)OCCN2C,0,0.228927,0.032617,0.014241
C[C@@H]1CN([C@@H](C)CO)C(=O)c2cc(ccc2O[C@H]1CN(C)S(=O)(=O)c1ccccc1)NC(=O)CCCN(C)C,0,0.005699,0.025298,0.004974
CO[C@@H]1CN(C)C(=O)c2cc(ccc2OC[C@@H](C)N(C[C@H]1C)C(=O)C1CCCCC1)NS(=O)(=O)C,0,0.010366,0.039743,0.005800
CO[C@H]1CN(C)C(=O)c2ccc(cc2OC[C@H](C)N(C[C@H]1C)C(=O)CN(C)C)NS(=O)(=O)C,0,0.028763,0.167938,0.005561
CCS(=O)(=O)Nc1ccc2c(c1)C(=O)N(C)[C@H]1CC[C@@H](CC(=O)N3CCN(C)CC3)O[C@@H]1CO2,0,0.006987,0.185114,0.004648
C[C@@H]1CN([C@@H](C)CO)C(=O)Cc2cc(ccc2O[C@H]1CN(C)S(=O)(=O)c1cn(cn1)C)NS(=O)(=O)c1cccs1,0,0.001775,0.024082,0.003823
COc1ccc(cc1)NC(=O)N(C)C[C@@H]1OCCCC[C@H](C)Oc2ccc(cc2C(=O)N(C[C@@H]1C)[C@@H](C)CO)NC(=O)CCC(F)(F)F,0,0.105212,0.019130,0.007516
CCCNC(=O)[C@]1(CC(=O)N(Cc2cc(cc(c2)C(F)(F)F)C(F)(F)F)[C@@H]1c1ccc(cc1I)CO)Sc1ccc(cc1)C,0,0.959377,0.097388,0.041781
C[C@@H]1CN([C@@H](C)CO)S(=O)(=O)c2ccc(cc2O[C@H]1CN(C)C(=O)CN1CCOCC1)/C=C/c1ccccc1,0,0.002310,0.025570,0.005773
C[C@H]1CN([C@@H](C)CO)C(=O)Cc2cc(ccc2O[C@@H]1CN(C)Cc1ccc(cc1)Oc1ccccc1)NS(=O)(=O)c1c(noc1C)C,0,0.003017,0.023708,0.003441
C[C@@H]1CN([C@@H](C)CO)C(=O)CCCn2nncc2CO[C@H]1CN(C)C(=O)Nc1ccc(cc1)N1CCCCC1,0,0.142916,0.030003,0.009534
C[C@H]1CN([C@@H](C)CO)C(=O)Cc2cc(ccc2O[C@@H]1CN(C)C(=O)Nc1ccccc1)NS(=O)(=O)c1c(noc1C)C,0,0.005706,0.023691,0.003447
C[C@@H]1CN([C@@H](C)CO)C(=O)c2cccc(c2O[C@H]1CN(C)Cc1ccc(cc1)C(F)(F)F)NC(=O)c1ccc(cc1)-c1nccs1,0,0.240260,0.037672,0.012967
COc1ccc(cc1)NC(=O)Nc1ccc2c(c1)C(=O)N(C[C@H](C)[C@@H](CN(C)C(=O)C1CCCCC1)OCCCC[C@@H](C)O2)[C@@H](C)CO,0,0.015836,0.022036,0.002750
CNC[C@H]1OCCCC[C@H](C)Oc2ccc(cc2C(=O)N(C[C@H]1C)[C@@H](C)CO)NS(=O)(=O)c1cn(cn1)C,0,0.050693,0.023540,0.005345
COc1ccc(cc1)NC(=O)N(C)C[C@H]1Oc2ncc(cc2C(=O)N(C[C@H]1C)[C@H](C)CO)C#CCN(C)C,0,0.066230,0.023625,0.004537
C[C@@H]1CN([C@H](C)CO)S(=O)(=O)c2ccc(cc2O[C@H]1CN(C)S(=O)(=O)C)-c1ccccc1F,0,0.015281,0.023569,0.007569
CC(=CCC/C(=C/C(=O)O)C)C,0,0.221047,0.042189,0.032885
C[C@H]1CN([C@H](C)CO)C(=O)CCCn2nncc2CO[C@@H]1CN(C)C(=O)Nc1cccc2ccccc12,0,0.027164,0.022387,0.007237
C1CNCCNCCCN(CCNC1)Cc1ccc(cc1)CN1CCCNCCNCCCNCC1,0,0.960280,0.265350,0.151472
COc1cc(cc(c1)-c1ccc(cc1OC)-c1ccc(cc1)[C@H]1CC(=O)C[C@@H](c2ccccc2)C11C(=O)OC(C)(C)OC1=O)OC,0,0.975790,0.129759,0.046058
COc1ccc(c(c1)OC)NC(=O)N(C)C[C@H]1OCc2cnnn2CCCC(=O)N(C[C@@H]1C)[C@H](C)CO,0,0.113082,0.037188,0.005868
C[C@@H]1CCCCO[C@@H](CN(C)C(=O)Nc2ccc(cc2)F)[C@@H](C)CN([C@@H](C)CO)C(=O)c2cc(ccc2O1)NC(=O)Nc1ccccc1,0,0.041084,0.024536,0.003073
CCCN1C(=O)[C@]2(CC(=O)N(CC34CC5CC(CC(C5)C4)C3)[C@@H]2c2ccc(cc21)CO)c1ccc(cc1)[N+](=O)[O-],0,0.352259,0.304438,0.153690
C[C@@H]1CN([C@@H](C)CO)S(=O)(=O)c2ccc(cc2O[C@H]1CN(C)C(=O)Nc1ccccc1)C#CC1(O)CCCC1,0,0.027319,0.024992,0.005352
O=S(=O)(N1CCNCC1)c1ccc(cc1)-n1cnnn1,0,0.079490,0.042486,0.021177
COCC#Cc1ccc(cc1)[C@@H]1[C@@H](CO)N2[C@@H]1CN(CC2=O)C(=O)C1CCOCC1,0,0.206282,0.036359,0.008246
C[C@@H]1CCCCO[C@@H](CN(C)CC2CCCCC2)[C@@H](C)CN([C@@H](C)CO)C(=O)c2cc(ccc2O1)NC(=O)Nc1cccc2ccccc12,0,0.062398,0.026429,0.008235
CCC[C@@H](O)C#Cc1cnc2c(c1)C(=O)N(C[C@H](C)[C@H](CN(C)C(=O)Nc1ccc(cc1)OC)O2)[C@H](C)CO,0,0.023697,0.026426,0.008330
CCCC(=O)Nc1ccc2c(c1)C(=O)N(C)[C@H]1CC[C@H](CC(=O)NCCN3CCCCC3)O[C@@H]1CO2,0,0.013485,0.030037,0.008114
C[C@@H]1CCCCO[C@@H](CN(C)S(=O)(=O)c2cccs2)[C@@H](C)CN([C@H](C)CO)C(=O)c2cc(ccc2O1)NC(=O)C1CCCCC1,0,0.001908,0.024260,0.002546
COc1cc2c(cc1OC)Cc1cc(OC)c(OC)cc1Cc1cc(OC)c(OC)cc1C2,0,0.989281,0.214588,0.163339
COc1ccc(cc1)S(=O)(=O)Nc1ccc2c(c1)C(=O)N(C[C@@H](C)[C@H](CN(C)Cc1ccc(c(c1)Cl)Cl)O2)[C@@H](C)CO,0,0.047442,0.026779,0.006495
C[C@@H]1CN([C@@H](C)CO)C(=O)c2cc(ccc2O[C@@H]1CN(C)S(=O)(=O)c1c(noc1C)C)NS(=O)(=O)c1ccc(cc1)C,0,0.013783,0.028490,0.005189
C[C@H]1CCCCO[C@H](CN(C)C(=O)CCC(F)(F)F)[C@H](C)CN([C@@H](C)CO)C(=O)c2cc(ccc2O1)NC(=O)c1ccccc1,0,0.014247,0.014877,0.006894
CC(C)NC(=O)N(C)C[C@@H]1OCCCC[C@H](C)Oc2ccc(cc2C(=O)N(C[C@@H]1C)[C@@H](C)CO)NC(=O)C1CCCCC1,0,0.011927,0.026390,0.005456
COc1ccc(cc1)NC(=O)Nc1ccc2c(c1)C(=O)N(C[C@H](C)[C@@H](CN(C)CC1CCCCC1)OCCCC[C@H](C)O2)[C@H](C)CO,0,0.073460,0.027359,0.005783
CS(=O)(=O)N1CC[C@]2(COCc3cnc(nc32)N2CCOCC2)C1,0,0.006534,0.029798,0.007514
COC(=O)c1ccc(c(c1)/C=N/N(CCO)C1=NS(=O)(=O)c2ccccc21)O,0,0.019873,0.035526,0.023401
COCC#Cc1ccc2c(c1)O[C@H](CN(C)C(=O)Nc1ccc(cc1)OC)[C@H](C)CN([C@H](C)CO)S2(=O)=O,0,0.073925,0.025596,0.006548
C[C@H]1CN([C@H](C)CO)C(=O)c2cccc(c2O[C@@H]1CN(C)Cc1ccc(c(c1)Cl)Cl)NC(=O)Nc1ccc(cc1)F,0,0.701731,0.045779,0.014735
COc1ccc(cc1)S(=O)(=O)N(C)C[C@@H]1Oc2ccc(cc2CC(=O)N(C[C@H]1C)[C@@H](C)CO)NS(=O)(=O)C,0,0.004177,0.023731,0.006295
C[C@H]1CCCCO[C@@H](CN(C)C(=O)CCCN(C)C)[C@@H](C)CN([C@@H](C)CO)C(=O)c2cc(ccc2O1)NC(=O)Nc1ccc(cc1)F,0,0.086251,0.030243,0.005684
NCC[C@@H]1CC[C@@H](NC(=O)c2ccccc2F)[C@H](CO)O1,0,0.307556,0.062198,0.036275
C[C@H]1CN([C@H](C)CO)C(=O)c2cc(ccc2O[C@H]1CN(C)C(=O)Nc1cccc2ccccc12)NS(=O)(=O)c1ccc(cc1)F,0,0.021593,0.024793,0.003724
C[C@H]1CN([C@@H](C)CO)C(=O)c2cc(ccc2O[C@H]1CN(C)S(=O)(=O)c1ccc(cc1)F)NC(=O)CCN1CCOCC1,0,0.009218,0.024120,0.003755
C[C@@H]1CCCCO[C@@H](CN(C)C(=O)Nc2ccccc2)[C@@H](C)CN([C@H](C)CO)C(=O)c2cc(ccc2O1)NS(=O)(=O)c1ccc(cc1)C,0,0.006506,0.023732,0.002525
COc1cccc(c1)-c1ccc2c(c1)O[C@H](CN(C)Cc1cncnc1)[C@H](C)CN([C@@H](C)CO)S2(=O)=O,0,0.033101,0.028049,0.005479
C[C@H]1CN([C@H](C)CO)C(=O)c2cc(ccc2O[C@H]1CN(C)Cc1ccc(c(c1)Cl)Cl)NS(=O)(=O)c1ccc(cc1)C,0,0.066696,0.026982,0.005860
COc1ccc(cc1)NC(=O)Nc1cccc2c1O[C@H](CN(C)C(=O)Nc1cccc3ccccc13)[C@H](C)CN([C@@H](C)CO)C2=O,0,0.027598,0.021638,0.005448
CC(=O)n1cc(c2ccccc12)[C@@H]1C[C@H](OCc2ccc(cc2)COC(=O)NCCCCCC(=O)NO)OC(=C1)C(=O)N1CCCCCCC1,0,0.000315,0.133944,0.024879
C[C@H]1CCCCO[C@H](CN(C)C(=O)Nc2cccc3ccccc23)[C@H](C)CN([C@H](C)CO)C(=O)c2cc(ccc2O1)NC(=O)c1ccncc1,0,0.003879,0.021715,0.002038
C[C@@H]1CN([C@@H](C)CO)C(=O)Cc2cc(ccc2O[C@@H]1CN(C)Cc1ccc(cc1)C(F)(F)F)NS(=O)(=O)C,0,0.055983,0.031056,0.010260
C[C@H]1CCCCO[C@H](CN(C)C(=O)Nc2ccc(cc2)C(F)(F)F)[C@@H](C)CN([C@@H](C)CO)C(=O)c2cc(ccc2O1)NS(=O)(=O)c1c(noc1C)C,0,0.227486,0.057652,0.017384
C[C@@H]1CN([C@@H](C)CO)C(=O)c2cc(ccc2O[C@H]1CN(C)S(=O)(=O)c1ccc(cc1)C)NS(=O)(=O)c1ccc(cc1)F,0,0.019041,0.025257,0.005881
C[C@@H]1CN([C@@H](C)CO)C(=O)c2cc(ccc2O[C@H]1CN(C)CC1CC1)NS(=O)(=O)c1cn(cn1)C,0,0.059668,0.024411,0.004979
C[C@@H]1CCCCO[C@@H](CN(C)S(=O)(=O)c2cn(cn2)C)[C@@H](C)CN([C@H](C)CO)C(=O)c2cc(ccc2O1)NC(=O)Nc1cccc2ccccc12,0,0.008613,0.024133,0.002596
COc1ccc(cc1)NC(=O)N(C)C[C@@H]1Oc2ccc(cc2C(=O)N(C[C@@H]1C)[C@@H](C)CO)NS(=O)(=O)c1c(noc1C)C,0,0.025920,0.026190,0.004379
C[C@H]1CCCCO[C@@H](CN(C)S(=O)(=O)c2ccc(cc2)F)[C@H](C)CN([C@@H](C)CO)C(=O)c2cc(ccc2O1)NC(=O)NC1CCCCC1,0,0.020517,0.023901,0.003275
OC[C@H]1O[C@@H](OC/C/2=C\[C@H]3OC(=O)C(=C)[C@@H]3[C@@H](O)C/C(=C\CC2)C=O)[C@H](OC(=O)Cc2ccc(cc2)O)[C@@H](O)[C@@H]1O,0,0.850581,0.571605,0.428433
C[C@H]1CCCCO[C@H](CN(C)Cc2ccc(cc2)C(F)(F)F)[C@@H](C)CN([C@H](C)CO)C(=O)c2cc(ccc2O1)NC(=O)CCCN(C)C,0,0.257842,0.020644,0.008986
COc1ccc(cc1)S(=O)(=O)Nc1ccc2c(c1)C(=O)N(C[C@H](C)[C@H](CN(C)C(=O)C1CCCCC1)OCCCC[C@H](C)O2)[C@H](C)CO,0,0.005954,0.024396,0.003407
C[C@H]1CN([C@H](C)CO)C(=O)c2cccc(c2O[C@H]1CN(C)S(=O)(=O)c1cccs1)NC(=O)c1cc(nn1C)C,0,0.004617,0.023423,0.005319
C[C@H]1CN([C@H](C)CO)S(=O)(=O)c2ccc(cc2O[C@H]1CN(C)CC1CC1)C#Cc1cccc(c1)F,0,0.259721,0.028424,0.005565
C[C@@H]1CN([C@@H](C)CO)C(=O)Cc2cc(ccc2O[C@@H]1CN(C)Cc1ccc(cc1)-c1ccccc1)NS(=O)(=O)c1ccccc1,0,0.004989,0.027030,0.004317
C[C@H]1CN([C@@H](C)CO)C(=O)c2cccc(c2O[C@@H]1CN(C)Cc1ccc(cc1)C(F)(F)F)NS(=O)(=O)c1ccc(cc1)C,0,0.224403,0.029460,0.013900
CC(C)C[N+]1(C)Cc2ccccc2C1,0,0.381507,0.259971,0.275045
Fc1ccccc1C(=O)N1c2ccccc2Sc2ccccc21,0,0.874916,0.352085,0.266687
C[C@@H]1CN([C@H](C)CO)C(=O)c2cc(ccc2O[C@H]1CN(C)S(=O)(=O)c1ccc(cc1)C)NS(=O)(=O)C,0,0.013696,0.024394,0.004847
NC1=NC(=O)c2ncn(c2N1)[C@H]1C[C@H](O)[C@@H](CO)O1,0,0.243559,0.079946,0.040113
C[C@H]1CN([C@@H](C)CO)C(=O)c2cc(ccc2O[C@H]1CN(C)S(=O)(=O)c1cn(cn1)C)NC(=O)C1CC1,0,0.011772,0.023568,0.004592
C[C@@H]1CCCCO[C@H](CN(C)S(=O)(=O)c2cn(cn2)C)[C@H](C)CN([C@@H](C)CO)C(=O)c2cc(ccc2O1)NS(=O)(=O)c1c(noc1C)C,0,0.008866,0.027507,0.003871
COc1ccc(cc1)S(=O)(=O)N[C@@H]1CC[C@@H](CC(=O)N2CCN(CC2)c2ccccc2)O[C@H]1CO,0,0.014005,0.027525,0.014043
C[C@@H]1CN([C@H](C)CO)C(=O)c2cc(ccc2O[C@H]1CN(C)Cc1ccccc1)NS(=O)(=O)c1cn(cn1)C,0,0.025581,0.024299,0.004835
CO[C@@H]1CN(C)C(=O)c2cc(ccc2OC[C@H](C)N(C[C@H]1C)C(=O)NC(C)C)NS(=O)(=O)CC(F)(F)F,0,0.019099,0.028860,0.006691
C[C@H]1CN([C@H](C)CO)C(=O)c2cccc(c2O[C@@H]1CN(C)S(=O)(=O)c1cn(cn1)C)NC(=O)C1CC1,0,0.021143,0.023991,0.004965
C[C@H]1CCCCO[C@H](CN(C)S(=O)(=O)c2ccc(cc2)Cl)[C@@H](C)CN([C@H](C)CO)C(=O)c2cc(ccc2O1)NC(=O)C1CCCCC1,0,0.013916,0.026270,0.003477
C[C@@H]1CCCCO[C@@H](CN(C)S(=O)(=O)c2ccccc2)[C@H](C)CN([C@@H](C)CO)C(=O)c2cc(ccc2O1)NC(=O)C1CCCCC1,0,0.002157,0.023672,0.002967
Cc1nc(cs1)CCO,0,0.012013,0.044075,0.021890
CCNC(=O)CC[C@H](N)C(=O)O,0,0.012428,0.024196,0.010043
CC(C)(C)NCC(O)c1cc(Cl)c(N)c(Cl)c1.Cl,0,0.991169,0.558744,0.303178
C[C@@H]1CN([C@@H](C)CO)C(=O)CCCn2nncc2CO[C@H]1CN(C)S(=O)(=O)c1ccc(nc1)Oc1ccccc1,0,0.002899,0.023834,0.004362
NCC[C@@H]1CC[C@H](NC(=O)C2CC2)[C@H](CO)O1,0,0.166661,0.025085,0.007959
C/C(=C\c1ccccc1OCc1cn(nn1)C[C@@H]1CCCN1S(=O)(=O)c1ccc(cc1)C)/C=C/C(=O)NO,0,0.145156,0.038699,0.041001
CON,0,0.000069,0.100548,0.059188
C[C@H]1CN([C@H](C)CO)C(=O)Cc2cc(ccc2O[C@H]1CN(C)S(=O)(=O)C)NC(=O)c1ccncc1,0,0.001133,0.023365,0.004754
COc1ccc(cc1)S(=O)(=O)N(C)C[C@@H]1Oc2ccc(cc2CC(=O)N(C[C@H]1C)[C@H](C)CO)NS(=O)(=O)c1ccc(cc1)F,0,0.008423,0.023795,0.004370
C[C@@H]1CN([C@@H](C)CO)C(=O)Cc2cc(ccc2O[C@@H]1CN(C)S(=O)(=O)c1ccccc1)NC(=O)CCCN(C)C,0,0.003889,0.023610,0.004671
COc1ccc(cc1)S(=O)(=O)Nc1ccc2c(c1)C(=O)N(C[C@@H](C)[C@@H](CN(C)S(=O)(=O)C)OCCCC[C@H](C)O2)[C@H](C)CO,0,0.002584,0.024706,0.004171
C[C@@H](O)C#Cc1cnc2c(c1)C(=O)N(C[C@@H](C)[C@@H](CN(C)C(=O)C)O2)[C@@H](C)CO,0,0.004924,0.047173,0.011064
C[C@H]1CN([C@H](C)CO)C(=O)c2cc(cnc2O[C@H]1CN(C)Cc1cccc(c1)C(F)(F)F)/C=C/c1ccccc1,0,0.213977,0.156447,0.179589
COc1ccc(cc1)S(=O)(=O)Nc1ccc2c(c1)CC(=O)N(C[C@H](C)[C@@H](CN(C)C(=O)Nc1c(noc1C)C)O2)[C@@H](C)CO,0,0.011495,0.023590,0.003767
C[C@H]1CCCCO[C@@H](CN(C)S(=O)(=O)c2cccs2)[C@H](C)CN([C@@H](C)CO)C(=O)c2cc(ccc2O1)NC(=O)c1ccccc1,0,0.000457,0.023789,0.002318
Nc1c(cnc2nc(nn12)N1CCOCC1)C(=O)O,0,0.224507,0.073604,0.062991
C[C@H]1CCCCO[C@H](CN(C)S(=O)(=O)c2ccc(cc2)C)[C@H](C)CN([C@@H](C)CO)C(=O)c2cc(ccc2O1)NC(=O)Nc1ccc(cc1)C(F)(F)F,0,0.206461,0.027732,0.003405
C[C@H]1CN([C@@H](C)CO)S(=O)(=O)c2ccc(cc2O[C@@H]1CN(C)C(=O)c1ccccn1)C#Cc1ccccc1,0,0.005665,0.028567,0.004210
OC[C@@H]1O[C@@H](CC[C@@H]1NC(=O)c1ccccn1)CC(=O)N1CCOCC1,0,0.003259,0.021236,0.005192
C[C@@H]1CN([C@@H](C)CO)C(=O)c2cccc(c2O[C@H]1CN(C)Cc1ccc(cc1)-c1ccccc1)NC(=O)Nc1ccccc1,0,0.067408,0.028544,0.009959
C[C@@H]1CN([C@@H](C)CO)C(=O)Cc2cc(ccc2O[C@H]1CN(C)Cc1ccc(cc1)Oc1ccccc1)NS(=O)(=O)c1ccc(cc1)C,0,0.001055,0.024081,0.003030
COc1ccc2c3c([nH]c2c1)[C@H](CO)N(C[C@]13CCN(CC1)C(=O)c1cccnc1)C(=O)c1cccnc1,0,0.005631,0.037162,0.013422
C[C@@H]1CN([C@H](C)CO)C(=O)c2ccccc2-c2ccccc2CO[C@@H]1CN(C)C(=O)Nc1cccc(c1)C(F)(F)F,0,0.700582,0.655500,0.388905
C[C@@H]1CCCCO[C@@H](CN(C)C(=O)Cc2ccccc2)[C@H](C)CN([C@@H](C)CO)C(=O)c2cc(ccc2O1)NC(=O)Nc1cccc2ccccc12,0,0.004090,0.021359,0.002623
COc1ccc(cc1)S(=O)(=O)N(C)C[C@H]1Oc2ccc(cc2CC(=O)N(C[C@@H]1C)[C@H](C)CO)NS(=O)(=O)c1cn(cn1)C,0,0.008192,0.024658,0.003537
C[C@H]1CCCCO[C@@H](CN(C)C(=O)Nc2cccc3ccccc23)[C@@H](C)CN([C@H](C)CO)C(=O)c2cc(ccc2O1)NC(=O)Nc1ccc2c(c1)OCO2,0,0.003980,0.021914,0.002046
CN1[C@@H]2CC[C@@H](CC(=O)NCC(F)(F)F)O[C@@H]2COc2ccc(cc2C1=O)NC(=O)c1cccs1,0,0.040742,0.246346,0.190905
COC(=O)[C@@H](NC(=O)Cn1cc(nn1)COc1ccccc1/C=C(C)/C=C/C(=O)NO)c1ccccc1,0,0.715888,0.283247,0.138094
CC(C)NC(=O)Nc1ccc2c(c1)C(=O)N(C[C@H](C)[C@@H](CN(C)C(=O)Nc1ccc(cc1)F)OCCCC[C@H](C)O2)[C@H](C)CO,0,0.095668,0.028572,0.007497
C[C@@H]1CCCCO[C@H](CN(C)C(=O)Cc2ccccc2)[C@H](C)CN([C@@H](C)CO)C(=O)c2cc(ccc2O1)NC(=O)Nc1ccc(cc1)F,0,0.021189,0.023965,0.003969
C[C@H]1CCCCO[C@H](CN(C)Cc2ccncc2)[C@@H](C)CN([C@H](C)CO)C(=O)c2cc(ccc2O1)NC(=O)Nc1cccc2ccccc12,0,0.011610,0.025206,0.002531
C[C@H]1CCCCO[C@@H](CN(C)C(=O)Nc2c(noc2C)C)[C@H](C)CN([C@H](C)CO)C(=O)c2cc(ccc2O1)NC(=O)Cc1ccccc1,0,0.017305,0.021869,0.002461
C[C@@H]1CCCCO[C@H](CN(C)S(=O)(=O)c2ccc(cc2)C)[C@H](C)CN([C@@H](C)CO)C(=O)c2cc(ccc2O1)NC(=O)Nc1ccccc1,0,0.007314,0.023732,0.002387
C[C@@H]1CCCCO[C@H](CN(C)C(=O)Nc2ccc(cc2)C(F)(F)F)[C@H](C)CN([C@H](C)CO)C(=O)c2cc(ccc2O1)NS(=O)(=O)C,0,0.207113,0.055349,0.015574
NS(=O)(=O)c1cccc2c3c(cc(c12)[N+](=O)[O-])NC(=O)C(=O)N3,0,0.002067,0.538478,0.055938
C[C@H]1CCCCO[C@H](CN(C)CC2CCCCC2)[C@@H](C)CN([C@H](C)CO)C(=O)c2cc(ccc2O1)NC(=O)Nc1cccc2ccccc12,0,0.062398,0.026429,0.008235
COc1ccc(cc1)NC(=O)Nc1ccc2c(c1)C(=O)N(C[C@H](C)[C@@H](CN(C)CC1CC1)OCCCC[C@H](C)O2)[C@@H](C)CO,0,0.105046,0.028709,0.007174
C[C@@H]1CCCCO[C@@H](CN(C)C(=O)Nc2ccc(cc2)C(F)(F)F)[C@@H](C)CN([C@H](C)CO)C(=O)c2cc(ccc2O1)NC(=O)Nc1c(noc1C)C,0,0.492365,0.091696,0.028298
C[C@H]1CN([C@@H](C)CO)C(=O)Cc2cc(ccc2O[C@H]1CN(C)CC1CC1)NS(=O)(=O)c1cccs1,0,0.005610,0.026856,0.005292
O=C1NCCCc2occc21,0,0.003104,0.038765,0.013795
Nc1ccc(cc1)[C@@H](O)[C@@H](O)CO,0,0.161046,0.066850,0.033812
C[C@H]1CCCCO[C@H](CN(C)C(=O)Nc2cccc3ccccc23)[C@@H](C)CN([C@@H](C)CO)C(=O)c2cc(ccc2O1)NC(=O)CCC(F)(F)F,0,0.091694,0.016172,0.006376
C[C@@H]1CN([C@@H](C)CO)C(=O)c2cc(ccc2O[C@H]1CN(C)C(=O)NC1CCCCC1)NC(=O)C1CC1,0,0.018619,0.028000,0.006932
COc1ccc(cc1)S(=O)(=O)N1C[C@@H](O)COC[C@H]2O[C@H](CC[C@@H]21)CC(=O)NCCCN(C)C,0,0.398895,0.029505,0.012035
C[C@@H]1CCCCO[C@H](CN(C)C(=O)Nc2ccc3c(c2)OCO3)[C@@H](C)CN([C@H](C)CO)C(=O)c2cc(ccc2O1)NC(=O)Cc1ccccc1,0,0.003473,0.021380,0.002093
C[C@H]1CN([C@@H](C)CO)C(=O)Cc2cc(ccc2O[C@H]1CN(C)Cc1ccc(cc1)-c1ccccc1)NS(=O)(=O)c1ccccc1,0,0.004989,0.027030,0.004317
C[C@H]1CN([C@H](C)CO)C(=O)c2cc(ccc2O[C@@H]1CN(C)S(=O)(=O)c1ccccc1)NC(=O)Cn1cnnn1,0,0.012363,0.026310,0.004412
CC(CN1c2ccccc2Sc2ccccc21)N(C)C.Cl,0,0.954597,0.259696,0.308557
C[C@@H]1CN([C@H](C)CO)C(=O)Cc2cc(ccc2O[C@@H]1CN(C)C(=O)Nc1ccc(cc1)C(F)(F)F)NC(=O)Cc1cn(c2ccccc12)C,0,0.279498,0.018512,0.007304
C[C@@H]1CCCCO[C@H](CN(C)C(=O)Nc2ccc(cc2)C(F)(F)F)[C@H](C)CN([C@H](C)CO)C(=O)c2cc(ccc2O1)NC(=O)Cc1ccccc1,0,0.165654,0.017748,0.005708
CCCCCCCC(=O)N[C@H](CN1CCCC1)[C@H](O)c1ccc2c(c1)OCCO2,0,0.376865,0.244673,0.090472
C[C@H]1CN([C@H](C)CO)C(=O)c2cccc(c2O[C@@H]1CN(C)C(=O)Nc1ccc(cc1)C(F)(F)F)NC(=O)Nc1ccc2c(c1)OCO2,0,0.393534,0.137020,0.130485
Cc1cc2nc3ccc(N(C)C)cc3[s+]c2cc1N.[Cl-],0,0.405363,0.348102,0.219077
CCOc1ccnc2c1C(=O)N(CC(=O)N)C(=O)N2C,0,0.273955,0.165469,0.142989
CC(C)NC(=O)Nc1cccc2c1O[C@@H](CN(C)S(=O)(=O)c1cn(cn1)C)[C@@H](C)CN([C@H](C)CO)C2=O,0,0.063343,0.024761,0.005434
CCS(=O)(=O)N1CC[C@]2(CC1)CN([C@@H](CO)c1[nH]c3cc(ccc3c12)OC)C(=O)c1ccc(cc1)F,0,0.013139,0.027890,0.009837
C[C@H]1CCCCO[C@H](CN(C)C(=O)Nc2cccc3ccccc23)[C@@H](C)CN([C@H](C)CO)C(=O)c2cc(ccc2O1)NS(=O)(=O)c1ccc(cc1)F,0,0.011585,0.023856,0.002515
COc1cc(ccc1Nc1nc2ccc(cn2n1)-c1ccc(cc1)NC(=O)[C@H](C)c1ccc(cc1)F)S(=O)(=O)C,0,0.640618,0.431509,0.381521
C[C@H]1CN([C@H](C)CO)C(=O)c2c(c3ccccc3n2C)-c2ccccc2CO[C@H]1CN(C)Cc1ccccc1C(F)(F)F,0,0.570844,0.165747,0.100239
C[C@@H]1CCCCO[C@H](CN(C)S(=O)(=O)c2ccc(cc2)F)[C@H](C)CN([C@@H](C)CO)C(=O)c2cc(ccc2O1)NC(=O)c1ccccc1,0,0.002870,0.023758,0.002308
Cn1cnc(c1)S(=O)(=O)N[C@H]1CC[C@H](CC(=O)NCC2CC2)O[C@H]1CO,0,0.049701,0.034967,0.009123
C[C@@H]1CCCCO[C@@H](CN(C)S(=O)(=O)c2ccc(cc2)Cl)[C@H](C)CN([C@H](C)CO)C(=O)c2cc(ccc2O1)NC(=O)Nc1ccccc1,0,0.016783,0.025885,0.002866
COc1ccc(cc1)S(=O)(=O)N(C)C[C@H]1OCCCC[C@@H](C)Oc2ccc(cc2C(=O)N(C[C@@H]1C)[C@@H](C)CO)NC(=O)Nc1ccc2c(c1)OCO2,0,0.002980,0.023594,0.002948
CCc1nc(c(nc1NC1CCOCC1)Nc1ccc(c(c1)OC)N1CCC(CC1)N1CCN(C)CC1)C(=O)N,0,0.925771,0.165114,0.105954
COCC#Cc1ccc2c(c1)O[C@H](CN(C)Cc1ccc(cc1)F)[C@H](C)CN([C@@H](C)CO)S2(=O)=O,0,0.142359,0.028692,0.008022
C[C@H]1CN([C@H](C)CO)C(=O)c2c(c3ccccc3n2C)-c2ccccc2CO[C@H]1CN(C)C(=O)Nc1ccccc1,0,0.019359,0.027064,0.011224
COc1ccc(cc1)NC(=O)Nc1ccc2c(c1)C(=O)N(C[C@H](C)[C@H](CN(C)S(=O)(=O)C)O2)[C@H](C)CO,0,0.013052,0.025234,0.006146
C[C@@H]1CCCCO[C@H](CN(C)C(=O)c2ccccc2)[C@H](C)CN([C@H](C)CO)C(=O)c2cc(ccc2O1)NC(=O)c1ccccc1,0,0.000558,0.022402,0.002806
C[C@H]1CN([C@H](C)CO)C(=O)c2c(c3ccccc3n2C)-c2ccccc2CO[C@@H]1CN(C)C(=O)Nc1cccc(c1)C(F)(F)F,0,0.593597,0.091669,0.065064
CN1[C@@H]2CC[C@@H](CC(=O)NCc3ccccc3Cl)O[C@@H]2COc2ccc(cc2C1=O)NC(=O)Nc1cccc(c1)C,0,0.089919,0.033476,0.028064
CCN([NH2+][O-])c1ccc(c(c1)O)O,0,0.382244,0.327052,0.318409
C[C@H]1CCCCO[C@@H](CN(C)Cc2ccncc2)[C@H](C)CN([C@@H](C)CO)C(=O)c2cc(ccc2O1)NC(=O)Nc1c(noc1C)C,0,0.036493,0.038577,0.004092
C[C@@H]1CN([C@H](C)CO)C(=O)c2c(c3ccccc3n2C)-c2ccccc2CO[C@H]1CN(C)C(=O)[C@@H](C)c1ccccc1,0,0.023590,0.025155,0.011591
C[C@H]1CCCCO[C@@H](CN(C)C(=O)Nc2ccc(cc2)C(F)(F)F)[C@@H](C)CN([C@H](C)CO)C(=O)c2cc(ccc2O1)NC(=O)C1CCCCC1,0,0.361380,0.037839,0.011888
C[C@@H]1CCCCO[C@H](CN(C)S(=O)(=O)c2ccccc2)[C@H](C)CN([C@@H](C)CO)C(=O)c2cc(ccc2O1)NC(=O)Nc1ccc2c(c1)OCO2,0,0.001362,0.023732,0.002611
C[C@@H]1CN([C@@H](C)CO)C(=O)Cc2cc(ccc2O[C@H]1CN(C)C(=O)Nc1ccc(cc1)C(F)(F)F)NC(=O)Cc1ccccc1,0,0.195515,0.050716,0.052203
C[C@@H]([C@H]1SC(=O)NC1=O)C(=O)O,0,0.067956,0.085059,0.056570
COc1cccc(c1)S(=O)(=O)N1C[C@@H](O)COC[C@H]2O[C@@H](CC[C@@H]21)CC(=O)N1CCN(CC1)c1ccccc1,0,0.066084,0.023861,0.007101
COc1ccc(cc1)CN(C)C[C@H]1OCCCC[C@@H](C)Oc2ccc(cc2C(=O)N(C[C@H]1C)[C@@H](C)CO)NC(=O)Nc1ccc2c(c1)OCO2,0,0.016844,0.024124,0.003167
COc1ccc(cc1)CN(C)C[C@@H]1Oc2c(cccc2C(=O)N(C[C@H]1C)[C@H](C)CO)NC(=O)CCCCCC(=O)Nc1ccccc1N,0,0.013293,0.022969,0.004964
COCC#Cc1cnc2c(c1)C(=O)N(C[C@H](C)[C@@H](CN(C)C(=O)c1cnccn1)O2)[C@H](C)CO,0,0.072453,0.029937,0.005286
C[C@@H]1CCCCO[C@H](CN(C)C(=O)Nc2c(noc2C)C)[C@@H](C)CN([C@H](C)CO)C(=O)c2cc(ccc2O1)NC(=O)Nc1ccc(cc1)C(F)(F)F,0,0.656404,0.105193,0.033232
C[C@H]1CCCCO[C@@H](CN(C)Cc2ccc3c(c2)OCO3)[C@H](C)CN([C@H](C)CO)C(=O)c2cc(ccc2O1)NS(=O)(=O)c1ccc(cc1)C,0,0.003906,0.024267,0.003604
COc1cccc(c1)NC(=O)N[C@H]1CC[C@@H](CC(=O)N2CCN(C)CC2)O[C@@H]1CO,0,0.077315,0.022383,0.007258
COc1ccc2c3c(n(c2c1)C)[C@@H](CO)N(C[C@]13CCN(CC1)C(=O)c1ccccc1)C(=O)Nc1ccccc1F,0,0.091751,0.110547,0.037157
Cc1cncc2cccc(c12)S(=O)(=O)N[C@H]1CN[C@@H](C1)C(=O)NN,0,0.248447,0.029604,0.015330
C[C@@H]1CN([C@@H](C)CO)C(=O)Cc2cc(ccc2O[C@@H]1CN(C)C(=O)Nc1ccc(cc1)C(F)(F)F)NC(=O)Nc1cccc2ccccc12,0,0.226300,0.039726,0.015226
[O-][N+](=O)c1ccccc1C(=O)Nc1ccc(cc1)-c1nc2cc(ccc2o1)NC(=O)c1ccccc1[N+](=O)[O-],0,0.000042,0.266467,0.232336
Br.Cc1ccc(Sc2ccccc2N2CCNCC2)c(C)c1,0,0.981939,0.243245,0.297428
C[C@@H]1CN([C@H](C)CO)C(=O)c2cc(ccc2O[C@H]1CN(C)C(=O)Nc1ccc2c(c1)OCO2)NS(=O)(=O)C,0,0.010587,0.023633,0.005080
C[C@@H]1CCCCO[C@@H](CN(C)C(=O)Nc2ccccc2)[C@H](C)CN([C@H](C)CO)C(=O)c2cc(ccc2O1)NC(=O)NC1CCCCC1,0,0.008356,0.021926,0.003588
C[C@@H]1CN([C@H](C)CO)S(=O)(=O)c2ccc(cc2O[C@H]1CN(C)S(=O)(=O)C)-c1cccc(c1)F,0,0.016547,0.023339,0.006997
C[C@H]1CN([C@@H](C)CO)C(=O)c2cc(ccc2O[C@@H]1CN(C)S(=O)(=O)c1ccc(cc1)C)NS(=O)(=O)c1ccccc1,0,0.004441,0.024919,0.004552
N[C@@H](CC(=O)O)c1cccc(c1)O,0,0.637895,0.046994,0.067469
C[C@H]1CCCCO[C@@H](CN(C)C(=O)Nc2cccc3ccccc23)[C@@H](C)CN([C@@H](C)CO)C(=O)c2cc(ccc2O1)NS(=O)(=O)c1ccc(cc1)F,0,0.011585,0.023856,0.002515
OC[C@@H]1O[C@H](CC(=O)NCCN2CCCCC2)C=C[C@@H]1NC(=O)c1cccnc1,0,0.080266,0.048703,0.019147
C[C@H]1CN([C@H](C)CO)C(=O)c2c(c3ccccc3n2C)-c2ccccc2CO[C@H]1CN(C)C(=O)Nc1cccc(c1)F,0,0.187465,0.030396,0.012073
COc1ccc(cc1)S(=O)(=O)N(C)C[C@@H]1Oc2ccc(cc2CC(=O)N(C[C@H]1C)[C@@H](C)CO)NS(=O)(=O)c1ccccc1,0,0.001255,0.023701,0.003052
C[C@H]1CCCCO[C@H](CN(C)S(=O)(=O)c2ccc(cc2)F)[C@@H](C)CN([C@H](C)CO)C(=O)c2cc(ccc2O1)NS(=O)(=O)c1ccc(cc1)C,0,0.010364,0.023882,0.003337
C[C@@H]1CCCCO[C@H](CN(C)C(=O)Nc2cccc3ccccc23)[C@H](C)CN([C@H](C)CO)C(=O)c2cc(ccc2O1)NS(=O)(=O)C,0,0.007553,0.023835,0.002265
COc1cc(ccc1O)[C@@H](O)[C@@H](CO[C@@H]1O[C@H](CO)[C@@H](O)[C@H](O)[C@H]1O)Oc1ccc(cc1OC)/C=C/CO,0,0.555576,0.111364,0.048054
CC(C=CC1=C(C)CCCC1(C)C)=CC=CC(C)=CC(=O)O,0,0.962158,0.490185,0.408322
C[C@@H]1CN([C@@H](C)CO)C(=O)c2cccc(c2O[C@H]1CN(C)S(=O)(=O)c1cccs1)NC(=O)c1ccncc1,0,0.003441,0.023760,0.004035
C[C@@H]1CN([C@@H](C)CO)S(=O)(=O)c2ccc(cc2O[C@H]1CN(C)Cc1cncnc1)C1=CCCCC1,0,0.018746,0.023499,0.005245
OC[C@@H]1O[C@H](C[C@H]2[C@@H]1Oc1ccc(cc12)NC(=O)c1ccc2c(c1)OCO2)CC(=O)NCc1ccccn1,0,0.002046,0.026668,0.009254
C[C@@H]1CN([C@H](C)CO)C(=O)c2cc(ccc2O[C@@H]1CN(C)S(=O)(=O)c1ccccc1)NC(=O)Cc1ccccc1,0,0.002610,0.028667,0.005243
C[C@@H]1CCCCO[C@H](CN(C)S(=O)(=O)c2ccc(cc2)C)[C@H](C)CN([C@@H](C)CO)C(=O)c2cc(ccc2O1)NS(=O)(=O)c1ccc(cc1)Cl,0,0.008762,0.024833,0.003234
O=C(O)CN(CCN(CC(=O)O)CC(=O)O)CC(=O)O.[Na+].[Na+],0,0.007109,0.065177,0.043961
COc1ccc(cc1)S(=O)(=O)N1C[C@@H](O)COC[C@H]2O[C@H](CC[C@@H]21)CC(=O)N[C@H]1CCN(C1)Cc1ccccc1,0,0.134426,0.024182,0.007477
CCOC(=O)CCC1=NNC(=O)NC1=O,0,0.067267,0.063992,0.059178
C/C=C/[C@H]1OC2=C([C@@H](O)[C@@H]1O)C(=O)OC2=C,0,0.587157,0.198358,0.156592
C[C@@H]1CN([C@@H](C)CO)C(=O)c2cccc(c2O[C@@H]1CN(C)C(=O)NC1CCCCC1)NC(=O)C1CC1,0,0.031648,0.033159,0.011824
COc1ccc(cc1)S(=O)(=O)N(C)C[C@@H]1Oc2ccc(cc2C(=O)N(C[C@H]1C)[C@H](C)CO)NC(=O)CCN1CCOCC1,0,0.002569,0.024884,0.003247
C[C@@H]1CN([C@@H](C)CO)C(=O)Cc2cc(ccc2O[C@@H]1CN(C)CC1CC1)NC(=O)CCN1CCOCC1,0,0.023039,0.029570,0.005740
COc1ccc(cc1)S(=O)(=O)N(C)C[C@H]1Oc2ccc(cc2C(=O)N(C[C@H]1C)[C@@H](C)CO)NS(=O)(=O)c1cn(cn1)C,0,0.021471,0.024778,0.004929
C[C@H]1CCCCO[C@H](CN(C)C(=O)Cc2ccccc2)[C@@H](C)CN([C@H](C)CO)C(=O)c2cc(ccc2O1)NS(=O)(=O)c1ccc(cc1)F,0,0.006203,0.023856,0.003083
COc1cc2c(cc1OC)C1Cc3ccc(OC)c(OC)c3CN1CC2,0,0.640959,0.204398,0.202290
CCCCCCCCC(=O)NCc1ccc(O)c(OC)c1,0,0.445584,0.613092,0.625822
OC[C@H]1O[C@H](CCNS(=O)(=O)c2cccc(c2)F)CC[C@@H]1NS(=O)(=O)c1cccc(c1)Cl,0,0.300794,0.038794,0.017254
OC[C@H]1O[C@H]([C@H](O)[C@@H]1O)N1C=CC=NC1=O,0,0.507362,0.185273,0.143817
CO[C@H]1O[C@H](CO)[C@@H](OC(=O)c2ccc(cc2)Br)[C@@H]2OC(=O)[C@@H](C/C=C/C[C@@H](Cc3cccc(c3)Br)C(=O)O[C@@H]12)Cc1cccc(c1)Br,0,0.149308,0.323286,0.092431
CN1[C@H]2CC[C@@H](CC(=O)NCc3ccc4c(c3)OCO4)O[C@H]2COc2ccc(cc2C1=O)NC(=O)C1CCOCC1,0,0.003667,0.031547,0.006595
O=C(CN1N(CC(=O)N2CCOCC2)C(=O)N(C1=O)c1ccccc1)N1CCOCC1,0,0.073995,0.174782,0.055540
CC(C)NC(=O)Nc1cccc2c1O[C@H](CN(C)Cc1ccc3c(c1)OCO3)[C@H](C)CN([C@H](C)CO)C2=O,0,0.019024,0.023872,0.008894
C[C@@H]1CN([C@H](C)CO)C(=O)c2cc(ccc2O[C@H]1CN(C)S(=O)(=O)c1ccccc1)NS(=O)(=O)c1ccc(cc1)C,0,0.005312,0.024919,0.004905
C[C@@H]1CN([C@@H](C)CO)S(=O)(=O)c2ccc(cc2O[C@@H]1CN(C)CC1CC1)C#Cc1ccccc1F,0,0.288471,0.030451,0.006621
CCn1cc(C(=O)O)c(=O)c2ccc(C)nc21,0,0.222081,0.124308,0.110583
CCCNC(=O)N1C[C@@H](O)COC[C@H]2O[C@H](CC[C@@H]21)CC(=O)NCc1ccncn1,0,0.314955,0.081395,0.030736
C[C@@H](O)CCCCN1C(=O)N(C)c2ncn(c2C1=O)C,0,0.245468,0.166879,0.072654
C[C@H]1CN([C@H](C)CO)C(=O)c2cc(ccc2O[C@@H]1CN(C)Cc1ccc2c(c1)OCO2)NS(=O)(=O)C,0,0.007231,0.026079,0.005778
O=c1[nH]c2ccccc2n1C1CCN(CCCC(c2ccc(F)cc2)c2ccc(F)cc2)CC1,0,0.995137,0.337124,0.540175
C[C@H]1CN([C@@H](C)CO)C(=O)CCCn2cc(nn2)CO[C@H]1CN(C)S(=O)(=O)c1ccc(cc1)Cl,0,0.031824,0.026937,0.007311
C[C@@H]1CN([C@H](C)CO)C(=O)c2cc(ccc2O[C@@H]1CN(C)C(=O)NC1CCCCC1)NC(=O)Nc1cccc2ccccc12,0,0.013042,0.024999,0.007883
N[C@@H](C(=O)O)c1ccc(c(c1)C(=O)O)O,0,0.661548,0.131077,0.085020
C[C@H](COC(=O)[C@H](CC=C)CC(=O)OC(C)(C)C)NC(=O)[C@@H](CC=C)CC(=O)N[C@H](CO)Cc1ccccc1,0,0.010362,0.052525,0.018697
C[C@@H]1CCCCO[C@@H](CN(C)C(=O)Nc2cccc3ccccc23)[C@H](C)CN([C@@H](C)CO)C(=O)c2cc(ccc2O1)NC(=O)Nc1ccc2c(c1)OCO2,0,0.003980,0.021914,0.002046
COc1ccc(cc1)S(=O)(=O)N(C)C[C@H]1OCCCC[C@H](C)Oc2ccc(cc2C(=O)N(C[C@H]1C)[C@@H](C)CO)NC(=O)Nc1ccc(cc1)F,0,0.021777,0.024841,0.004460
CC(C)NC(=O)N(C)C[C@H]1Oc2ccc(cc2C(=O)N(C[C@H]1C)[C@@H](C)CO)NC(=O)CCCN(C)C,0,0.016434,0.024250,0.005064
OC[C@@H]1O[C@@H](CC[C@@H]1NC(=O)CN1CCOCC1)CCn1cc(nn1)C1CCCC1,0,0.555365,0.032749,0.018746
COc1cccc(c1)NC(=O)N(C)C[C@@H]1Oc2cc(ccc2S(=O)(=O)N(C[C@@H]1C)[C@@H](C)CO)C#CC1(O)CCCC1,0,0.020639,0.024187,0.003934
COCCCNC(=O)[C@]1(CC(=O)N(Cc2cc(cc(c2)C(F)(F)F)C(F)(F)F)[C@@H]1c1ccc(cc1I)CO)Sc1ccc(cc1)C,0,0.973873,0.110417,0.032790
C[C@@H]1CN([C@H](C)CO)C(=O)c2cc(ccc2O[C@H]1CN(C)S(=O)(=O)c1cccs1)NC(=O)C1CC1,0,0.002578,0.023256,0.006299
C[C@H]1CN([C@H](C)CO)C(=O)Cc2cc(ccc2O[C@H]1CN(C)CC1CC1)NS(=O)(=O)c1cn(cn1)C,0,0.029429,0.024550,0.004534
C[C@H]1CCCCO[C@H](CN(C)S(=O)(=O)c2cn(cn2)C)[C@H](C)CN([C@H](C)CO)C(=O)c2cc(ccc2O1)NS(=O)(=O)c1cccs1,0,0.001712,0.024174,0.003018
CCC1OC(=O)CC(O)C(C)C(OC2OC(C)C(OC3CC(C)(O)C(O)C(C)O3)C(N(C)C)C2O)C(CC=O)CC(C)C(=O)C=CC(C)=CC1COC1OC(C)C(O)C(OC)C1OC.O=C(O)C(O)C(O)C(=O)O,1,0.981539,0.818283,0.847647
C[C@H]1CCCCO[C@@H](CN(C)C(=O)Nc2cccc3ccccc23)[C@@H](C)CN([C@H](C)CO)C(=O)c2cc(ccc2O1)NC(=O)Nc1ccccc1,0,0.010120,0.021675,0.002409
CN(C[C@H]1C[C@@H](O[C@@H](O1)c1ccc(cc1)NC(=O)CCCCCCC(=O)O)c1ccccc1)Cc1ccccc1,0,0.730194,0.170250,0.256204
CC1(C)CC[C@@]2(CC[C@]3(C)C(=CC[C@H]4[C@@]5(C)C[C@@H](O)[C@H](O)[C@@](C)(CO)[C@@H]5[C@H](O)C[C@]43C)[C@@H]2C1)C(=O)O[C@@H]1O[C@H](CO)[C@@H](O[C@H]2OC[C@](O)(CO)[C@H]2O)[C@H](O)[C@H]1O,0,0.626277,0.305967,0.074716
COc1cccc(c1)S(=O)(=O)Nc1ccc2c(c1)[C@@H]1C[C@@H](CC(=O)NCc3ccccc3F)O[C@@H](CO)[C@@H]1O2,0,0.012311,0.025096,0.006202
C[C@H]1CN([C@H](C)CO)C(=O)c2cc(cnc2O[C@H]1CN(C)C(=O)c1ccncc1)C#CC1CCCCC1,0,0.006228,0.021380,0.003552
CC(C)NC(=O)Nc1cccc2c1O[C@@H](CN(C)S(=O)(=O)c1cccs1)[C@@H](C)CN([C@@H](C)CO)C2=O,0,0.012717,0.023725,0.006162
C[C@H]1CN([C@H](C)CO)C(=O)c2c(c3ccccc3n2C)-c2ccccc2CO[C@H]1CN(C)C(=O)Nc1cccc(c1)C(F)(F)F,0,0.593597,0.091669,0.065064
C[C@@H]1CN([C@H](C)CO)C(=O)c2cc(ccc2O[C@H]1CN(C)Cc1ccc(cc1)C(F)(F)F)NC(=O)NC1CCCCC1,0,0.340535,0.105337,0.083350
CCN(CC)CCOC(=O)C(c1ccccc1)c1ccccc1.Cl,0,0.684482,0.183204,0.152991
C[C@H]1CN([C@@H](C)CO)C(=O)c2cc(ccc2O[C@H]1CN(C)CC1CC1)NS(=O)(=O)c1cn(cn1)C,0,0.059668,0.024411,0.004979
C[C@@H]1CCCCO[C@@H](CN(C)CC2CCCCC2)[C@@H](C)CN([C@H](C)CO)C(=O)c2cc(ccc2O1)NC(=O)CCC(F)(F)F,0,0.320472,0.199007,0.089733
COc1ccc(cc1)NC(=O)N(C)C[C@@H]1Oc2ccc(cc2CC(=O)N(C[C@@H]1C)[C@H](C)CO)NC(=O)Cn1cnnn1,0,0.017466,0.022580,0.006360
C[C@@H]1CCCCO[C@H](CN(C)C(=O)Cc2ccccc2)[C@H](C)CN([C@H](C)CO)C(=O)c2cc(ccc2O1)NC(=O)Nc1ccccc1,0,0.003528,0.021418,0.002488
C[C@@H]1CN([C@H](C)CO)S(=O)(=O)c2ccc(cc2O[C@@H]1CN(C)CC1CCOCC1)-c1cccnc1,0,0.044611,0.023414,0.004130
C[C@H]1CN([C@H](C)CO)C(=O)Cc2cc(ccc2O[C@H]1CN(C)S(=O)(=O)c1ccc(cc1)F)NC(=O)Cn1cnnn1,0,0.012395,0.026784,0.004320
C[C@H]1CCCCO[C@@H](CN(C)Cc2ccc(c(c2)Cl)Cl)[C@H](C)CN([C@H](C)CO)C(=O)c2cc(ccc2O1)NC(=O)c1ccccc1,0,0.038453,0.029064,0.003094
C[C@@H]1CN([C@H](C)CO)C(=O)c2cccc(c2O[C@H]1CN(C)C(=O)Nc1ccc2c(c1)OCO2)NS(=O)(=O)c1cn(cn1)C,0,0.014072,0.023363,0.003797
C[C@H]1CCCCO[C@@H](CN(C)C(=O)Nc2ccc3c(c2)OCO3)[C@@H](C)CN([C@@H](C)CO)C(=O)c2cc(ccc2O1)NC(=O)NC1CCCCC1,0,0.008022,0.022303,0.002330
C[C@H]1CN([C@H](C)CO)C(=O)c2cccc(c2O[C@H]1CN(C)S(=O)(=O)c1ccc(cc1)F)NS(=O)(=O)c1ccc(cc1)C,0,0.026667,0.024994,0.005741
C[C@H]1CCCCO[C@H](CN(C)C(=O)CCC(F)(F)F)[C@H](C)CN([C@H](C)CO)C(=O)c2cc(ccc2O1)NS(=O)(=O)c1ccc(cc1)Cl,0,0.050908,0.024459,0.004676
C1COC2(CN1)CNC2,0,0.220651,0.033849,0.019269
OC[C@H]1O[C@H](C[C@H]2[C@@H]1Oc1ccc(cc12)NC(=O)C1CCOCC1)CC(=O)NCc1ccc(cc1)Cl,0,0.217284,0.093738,0.049811
CNC(=O)C(=O)Nc1ccc(c(c1)F)C,0,0.943415,0.196686,0.083200
C[C@H]1CN([C@@H](C)CO)C(=O)Cc2cc(ccc2O[C@H]1CN(C)Cc1ccc(c(c1)Cl)Cl)NC(=O)Nc1c(noc1C)C,0,0.330042,0.083511,0.011410
CC(C)NC(=O)N(C)C[C@@H]1Oc2ccc(cc2C(=O)N(C[C@@H]1C)[C@H](C)CO)NS(=O)(=O)c1ccc(cc1)Cl,0,0.074108,0.024611,0.007621
CS(=O)(=O)NCc1cnc2n1CCN(CC2)C[C@H]1CCOC1,0,0.008351,0.032457,0.003860
COCC#Cc1ccc2c(c1)O[C@H](CN(C)Cc1ccc(cc1)F)[C@@H](C)CN([C@H](C)CO)S2(=O)=O,0,0.142359,0.028692,0.008022
OC[C@@H]1O[C@H](CC[C@H]1NC(=O)C1CCOCC1)CCn1cc(nn1)C1(O)CCCC1,0,0.736338,0.426939,0.166556
C[C@H]1CCCCO[C@@H](CN(C)S(=O)(=O)c2ccc(cc2)Cl)[C@H](C)CN([C@H](C)CO)C(=O)c2cc(ccc2O1)NC(=O)Nc1ccc(cc1)C(F)(F)F,0,0.399097,0.062882,0.006366
C[C@H]1CN([C@@H](C)CO)C(=O)Cc2cc(ccc2O[C@@H]1CN(C)Cc1ccc(c(c1)Cl)Cl)NS(=O)(=O)c1ccc(cc1)C,0,0.025241,0.025652,0.003914
NCc1ccc(cc1)C(=O)O,0,0.688438,0.045018,0.018731
COc1ccc(cc1)CNC(=O)C[C@H]1CC[C@@H]2[C@H](COc3ccc(cc3C(=O)N2C)NC(=O)C2CC2)O1,0,0.023090,0.025660,0.007078
CC(=O)OC1CCC2(C)C(CCC3C2CCC2(C)C(C4=CC(=O)OC4)C(OC(C)=O)CC32O)C1,0,0.033818,0.671802,0.481471
C[C@H]1CCCCO[C@@H](CN(C)C(=O)Nc2c(noc2C)C)[C@@H](C)CN([C@H](C)CO)C(=O)c2cc(ccc2O1)NC(=O)c1ccccc1,0,0.009599,0.022518,0.002021
C[C@@H]1CCCCO[C@@H](CN(C)C(=O)NC2CCCCC2)[C@@H](C)CN([C@@H](C)CO)C(=O)c2cc(ccc2O1)NC(=O)NC1CCCCC1,0,0.015462,0.026684,0.005033
CC(C)CCC[C@@H](C)CCC[C@@H](C)CCC[C@]1(C)CCc2cc(cc(c2O1)C)O,0,0.935797,0.440372,0.379279
CC(C)CC#Cc1ccc2c(c1)O[C@H](CN(C)C(=O)Cc1ccccn1)[C@H](C)CN([C@@H](C)CO)S2(=O)=O,0,0.013650,0.025310,0.005464
CN(C)C(=O)C[C@H]1CC[C@@H](NC(=O)C2CCOCC2)[C@H](CO)O1,0,0.021877,0.020705,0.005478
C[C@H]1CN([C@@H](C)CO)C(=O)Cc2cc(ccc2O[C@@H]1CN(C)Cc1ccc(cc1)C(=O)Nc1ccccc1N)NC(=O)CCC(F)(F)F,0,0.056415,0.017627,0.005162
C[C@H]1CCCCO[C@H](CN(C)C(=O)Nc2cccc3ccccc23)[C@@H](C)CN([C@H](C)CO)C(=O)c2cc(ccc2O1)NC(=O)NC1CCCCC1,0,0.007740,0.022641,0.003399
N[C@@H](CCC(=O)O)C=C,0,0.056630,0.049047,0.013447
C[C@@H]1CCCCO[C@@H](CN(C)S(=O)(=O)c2cn(cn2)C)[C@H](C)CN([C@@H](C)CO)C(=O)c2cc(ccc2O1)NC(=O)Nc1cccc2ccccc12,0,0.008613,0.024133,0.002596
Cl.Oc1noc2c1CCNC2,0,0.162779,0.061159,0.020751
CNC[C@@H]1Oc2ccc(cc2C(=O)N(C[C@H]1C)[C@@H](C)CO)NS(=O)(=O)c1cn(cn1)C,0,0.067258,0.024941,0.007125
C[C@@H]1CCCCO[C@H](CN(C)C(=O)C2CCCCC2)[C@@H](C)CN([C@@H](C)CO)C(=O)c2cc(ccc2O1)NC(=O)Nc1ccc(cc1)C(F)(F)F,0,0.417858,0.158924,0.095278
OCCN(Cc1ccccc1)C(=O)C[C@H](CC=C)C(=O)N[C@@H](COC(=O)[C@H](CCC=C)Cc1ccc(cc1)F)Cc1c[nH]c2ccccc12,0,0.030145,0.030319,0.013424
CN1C(=C(SC1=O)C(=O)O)C,0,0.315897,0.073711,0.049224
CC(C)NC(=O)Nc1ccc2c(c1)C(=O)N(C[C@@H](C)[C@@H](CN(C)Cc1ccccc1)OCCCC[C@@H](C)O2)[C@H](C)CO,0,0.024076,0.028428,0.009207
Cc1ccc(cc1)C(=O)N(CC(=O)N)CC(=O)N,0,0.007380,0.261143,0.058120
C[C@H]1O[C@@H](C[C@@H]1O)n1cnc2c(ncnc12)N,0,0.061336,0.039005,0.017153
C[C@H]1CCCCO[C@H](CN(C)C(=O)Nc2ccc(cc2)F)[C@@H](C)CN([C@H](C)CO)C(=O)c2cc(ccc2O1)NC(=O)c1ccccc1,0,0.016622,0.023634,0.003022
CC(C)NC(=O)N(C)C[C@@H]1OCCCC[C@@H](C)Oc2ccc(cc2C(=O)N(C[C@@H]1C)[C@@H](C)CO)NC(=O)C1CCCCC1,0,0.011927,0.026390,0.005456
C[C@H]1CN([C@H](C)CO)C(=O)c2cc(ccc2O[C@H]1CN(C)S(=O)(=O)c1ccccc1)NC(=O)Nc1cccc2ccccc12,0,0.005734,0.026428,0.003678
C[C@@H]1CN([C@H](C)CO)C(=O)Cc2cc(ccc2O[C@H]1CN(C)Cc1ccncc1)NS(=O)(=O)c1ccccc1,0,0.001190,0.024161,0.003280
C[C@H]1CCCCO[C@@H](CN(C)S(=O)(=O)c2cccs2)[C@@H](C)CN([C@H](C)CO)C(=O)c2cc(ccc2O1)NC(=O)Cc1ccccc1,0,0.000831,0.023818,0.002274
OC[C@@H]1O[C@H](C[C@H]2[C@@H]1Oc1ccc(cc12)NC(=O)c1cccnc1)CC(=O)NCc1cc(ccc1F)F,0,0.147139,0.033891,0.025180
CC#N,0,0.000016,0.136067,0.069364
CO[C@@H]1CN(C)C(=O)c2cc(ccc2OC[C@@H](C)N(CCc2ccccc2)C[C@@H]1C)NC(=O)NC1CCCCC1,0,0.045363,0.048091,0.020614
CCN(CC)c1ccc(cc1)N1CC=C[C@@]23O[C@@H]4C=CCOC(=O)[C@@H]4[C@H]2C(=O)N([C@@H](CO)C(C)C)[C@@H]3C1=O,0,0.338422,0.285368,0.138821
CC(C)c1cccc2c1OCC[C@H](N)[C@@H]2O,0,0.357758,0.121950,0.079445
OCCC(=O)c1ccc(cc1)O,0,0.310194,0.240999,0.057130
Cc1nn(c2c1[C@H](C(C#N)C(=N)O2)c1ccc(cc1)C(F)(F)F)C,0,0.953325,0.323577,0.371961
NC(=O)c1ccc[n+](c1)CC(=O)N1CCCCC1,0,0.004063,0.181451,0.023900
C[C@H]1CCCCO[C@H](CN(C)C(=O)Nc2ccc(cc2)C(F)(F)F)[C@@H](C)CN([C@@H](C)CO)C(=O)c2cc(ccc2O1)NC(=O)NC1CCCCC1,0,0.435522,0.094092,0.026734
CN1CC(=O)N(C[C@@]21CCNC2)c1cccnc1,0,0.458854,0.039141,0.022294
C[C@H]1CCCCO[C@H](CN(C)Cc2ccc(cc2)C(=O)O)[C@@H](C)CN([C@@H](C)CO)C(=O)c2cc(ccc2O1)NC(=O)Nc1ccc2c(c1)OCO2,0,0.036988,0.022972,0.003488
OC[C@H]1O[C@@H](C[C@H]2[C@@H]1Oc1ccc(cc12)NC(=O)c1ccc2c(c1)OCO2)CC(=O)NCCN1CCCCC1,0,0.020004,0.031014,0.011375
C[C@@H]1CN([C@@H](C)CO)C(=O)c2cc(ccc2O[C@@H]1CN(C)Cc1ccncc1)NC(=O)CCN1CCOCC1,0,0.003298,0.024436,0.003848
C[C@H]1CN([C@@H](C)CO)C(=O)Cc2cc(ccc2O[C@H]1CN(C)S(=O)(=O)c1ccc(cc1)Cl)NC(=O)Nc1cccc(c1)C(F)(F)F,0,0.359092,0.029255,0.009821
C[C@H]1CN([C@@H](C)CO)C(=O)Cc2cc(ccc2O[C@@H]1CN(C)C(=O)Nc1ccc2c(c1)OCO2)NS(=O)(=O)c1cn(cn1)C,0,0.004459,0.023723,0.003005
C[C@H]1O[C@@H](O[C@H]2[C@@H](O)[C@@H](O)[C@@H](O[C@@H]2Oc2cc(c3c(c2)OC(=CC3=O)c2ccc(c(c2)O)O)O)C(=O)O)[C@@H](O)[C@@H](O)[C@@H]1OC(=O)C,0,0.153691,0.439821,0.187330
C[C@@H]1CN([C@H](C)CO)C(=O)CCCn2nncc2CO[C@H]1CN(C)C(=O)Nc1cccc(c1)C(F)(F)F,1,0.773543,0.931069,0.959619
CO[C@@H](CN(C)S(=O)(=O)c1ccc(cc1)F)[C@@H](C)CN([C@H](C)CO)S(=O)(=O)c1cccc(c1)Cl,0,0.401603,0.115235,0.014524
C[C@@H]1CN([C@@H](C)CO)C(=O)c2cccc(c2O[C@H]1CN(C)S(=O)(=O)c1cn(cn1)C)NC(=O)CCCCCC(=O)Nc1ccccc1N,0,0.020882,0.024724,0.003523
C[C@H]1CN([C@@H](C)CO)C(=O)c2cc(ccc2O[C@H]1CN(C)Cc1ccncc1)NS(=O)(=O)c1cn(cn1)C,0,0.019012,0.024437,0.004303
CC(C)c1cn(nn1)CC[C@H]1CC[C@H](N)[C@@H](CO)O1,0,0.625069,0.027732,0.013275
C[C@@H]1CN([C@H](C)CO)C(=O)CCCn2cc(nn2)CO[C@@H]1CN(C)C(=O)Nc1cccc(c1)Oc1ccccn1,0,0.003169,0.020967,0.003055
C[C@H](C[C@H](N)C(=O)O)C(=O)O,0,0.057298,0.057722,0.017230
C[C@@H]1CCCCO[C@@H](CN(C)C(=O)c2ccncc2)[C@@H](C)CN([C@@H](C)CO)C(=O)c2cc(ccc2O1)NS(=O)(=O)c1ccc(cc1)Cl,0,0.004327,0.024804,0.002598
C[C@H]1CN([C@@H](C)CO)C(=O)c2cccc(c2O[C@@H]1CN(C)Cc1ccc(c(c1)Cl)Cl)NC(=O)Nc1ccccc1,0,0.262635,0.092161,0.028653
C[C@H]1CN([C@H](C)CO)C(=O)c2cc(ccc2O[C@H]1CN(C)Cc1ccc(c(c1)Cl)Cl)NC(=O)Nc1ccc(cc1)C(F)(F)F,0,0.918043,0.188759,0.092599
C[C@H]1CCCCO[C@@H](CN(C)S(=O)(=O)c2cccs2)[C@H](C)CN([C@H](C)CO)C(=O)c2cc(ccc2O1)NS(=O)(=O)c1ccc(cc1)Cl,0,0.003073,0.024943,0.003395
CSc1cc(nc(c1)-c1cccs1)-c1ccc(cc1)Cl,0,0.797634,0.256468,0.243146
C[C@@H]1CN([C@@H](C)CO)C(=O)c2cc(ccc2O[C@H]1CN(C)S(=O)(=O)c1cn(cn1)C)NS(=O)(=O)C,0,0.016223,0.023740,0.005317
COc1ccc(cc1)S(=O)(=O)N(C)C[C@H]1Oc2ccc(cc2C(=O)N(C[C@@H]1C)[C@H](C)CO)NS(=O)(=O)C,0,0.011772,0.025052,0.005475
CC(C)NC(=O)Nc1cccc2c1O[C@@H](CN(C)C(=O)Nc1c(noc1C)C)[C@@H](C)CN([C@@H](C)CO)C2=O,0,0.103343,0.026409,0.011661
C[C@@H]1CN([C@@H](C)CO)C(=O)c2cc(ccc2O[C@@H]1CN(C)Cc1ccc(cc1)Oc1ccccc1)NC(=O)CCC(F)(F)F,0,0.072293,0.085093,0.043513
C[C@@H]1CN([C@H](C)CO)C(=O)Cc2cc(ccc2O[C@H]1CN(C)S(=O)(=O)c1ccccc1)NC(=O)Cn1cnnn1,0,0.003399,0.026784,0.004328
CCC(=O)N(C)C[C@@H]1Oc2ncc(cc2C(=O)N(C[C@H]1C)[C@@H](C)CO)C#C[C@@H](C)O,0,0.005990,0.042739,0.009989
CNC1C(O)C(OC2C(N)CC(N)C(OC3OC(CN)=CCC3N)C2O)OCC1(C)O.O=S(=O)(O)O,1,0.881425,0.538528,0.604497
COc1ccc(cc1)S(=O)(=O)Nc1ccc2c(c1)C(=O)N(C[C@H](C)[C@@H](CN(C)Cc1ccccc1)OCCCC[C@H](C)O2)[C@H](C)CO,0,0.005343,0.025834,0.003777
C[C@H]1CCCCO[C@H](CN(C)S(=O)(=O)c2ccc(cc2)F)[C@@H](C)CN([C@H](C)CO)C(=O)c2cc(ccc2O1)NC(=O)Nc1ccc2c(c1)OCO2,0,0.008246,0.023789,0.003389
CC(C)NC(=O)Nc1ccc2c(c1)C(=O)N(C[C@H](C)[C@H](CN(C)S(=O)(=O)c1cn(cn1)C)OCCCC[C@H](C)O2)[C@@H](C)CO,0,0.020280,0.024334,0.003171
C[C@@H]1CCCCO[C@H](CN(C)C(=O)C2CCCCC2)[C@@H](C)CN([C@H](C)CO)C(=O)c2cc(ccc2O1)NS(=O)(=O)c1ccc(cc1)C,0,0.007026,0.024027,0.003302
CCCNC(=O)N1[C@@H]2CN3C(=O)C=CC=C3[C@H]1[C@H]([C@@H]2CO)C(=O)NCC(F)(F)F,0,0.272254,0.632975,0.444265
CC1=C(C(=O)O)N2C(=O)C(NC(=O)C(N)c3ccccc3)C2SC1,0,0.996960,0.918284,0.860148
N[C@@H](CS(=O)O)C(=O)O,0,0.003707,0.096533,0.034760
C[C@@H]1O[C@@H](OC[C@H]2O[C@@H](O[C@H]3CC[C@@]4(C)[C@@H](CC[C@]5(C)[C@@H]4CC[C@@H]4[C@H]6[C@@](C)(O[C@@H]7O[C@@H](C)[C@H](O)[C@@H](O)[C@H]7O)[C@@H](CC=C(C)C)O[C@@]6(O)[C@H](O)[C@]45C)C3(C)C)[C@@H](O)[C@@H](O)[C@@H]2O)[C@H](O)[C@H](O)[C@H]1O,0,0.922058,0.054600,0.017126
C[C@@H]1CN([C@@H](C)CO)C(=O)c2cccc(c2O[C@@H]1CN(C)Cc1ccc2c(c1)OCO2)NC(=O)C1CCOCC1,0,0.011013,0.023560,0.004668
C[C@H](O)C#Cc1ccc2c(c1)O[C@H](CN(C)C)[C@H](C)CN([C@H](C)CO)S2(=O)=O,0,0.057580,0.032322,0.009199
COC(=O)[C@]12CCC(C)(C)C[C@@H]2[C@@H]2C(=O)C=C3[C@](C)(CC[C@@H]4C(C)(C)C(=O)C(=C[C@]43C)C#N)[C@@]2(C)CC1,0,0.651281,0.297903,0.295215
COc1ccc(cc1)NC(=O)Nc1ccc2c(c1)C(=O)N(C[C@H](C)[C@@H](CN(C)C(=O)NC(C)C)OCCCC[C@H](C)O2)[C@H](C)CO,0,0.013569,0.023132,0.003668
C[C@@H]1CN([C@@H](C)CO)C(=O)c2cccc(c2O[C@@H]1CN(C)Cc1ccc(cc1)C(=O)O)NC(=O)C1CCOCC1,0,0.141720,0.040098,0.023141
CCOC(=O)c1ccc(N)cc1,0,0.117696,0.047675,0.016166
CCN1CCC(CC1)N(C)S(=O)(=O)C1=CN(C)C(=O)N(C)C1=O,0,0.368146,0.186301,0.018835
C[C@@H]1CN([C@@H](C)CO)C(=O)c2cccc(c2O[C@@H]1CN(C)C(=O)Nc1cccc2ccccc12)NC(=O)Nc1c(noc1C)C,0,0.077244,0.022011,0.006283
C[C@@H]1CCCCO[C@H](CN(C)C(=O)Nc2c(noc2C)C)[C@H](C)CN([C@@H](C)CO)C(=O)c2cc(ccc2O1)NC(=O)CCC(F)(F)F,0,0.239095,0.243546,0.072264
C[C@@H]1CCCCO[C@H](CN(C)C(=O)Nc2cccc3ccccc23)[C@H](C)CN([C@@H](C)CO)C(=O)c2cc(ccc2O1)NC(=O)Nc1ccccc1,0,0.010120,0.021675,0.002409
COC[C@H]1CCCNC1,0,0.069047,0.043409,0.014550
CN(C)[C@H]1[C@@H]2C[C@@H]3Cc4c(ccc(c4C(=O)[C@@H]3C(=O)[C@]2(O)C(=O)[C@H](C(=O)N)C1=O)O)N(C)C,1,0.967522,0.851573,0.858219
CCN(CC)C(=O)c1cccnc1,0,0.029794,0.040307,0.013217
C[C@@H]1CN([C@@H](C)CO)C(=O)c2cc(ccc2O[C@H]1CN(C)S(=O)(=O)c1cccs1)NC(=O)CCCN(C)C,0,0.004516,0.024687,0.006418
N[C@@H](CCCNC(=N[N+](=O)[O-])N)C(=O)O,0,0.163165,0.138811,0.023428
C[C@@H]1CN([C@@H](C)CO)C(=O)c2cccc(c2O[C@@H]1CN(C)C(=O)Nc1ccc2c(c1)OCO2)NS(=O)(=O)c1c(noc1C)C,0,0.007758,0.025320,0.004153
C[C@H]1CCCCO[C@@H](CN(C)S(=O)(=O)c2cn(cn2)C)[C@H](C)CN([C@@H](C)CO)C(=O)c2cc(ccc2O1)NS(=O)(=O)c1cn(cn1)C,0,0.017281,0.027286,0.005137
C[C@H]1CN([C@H](C)CO)C(=O)c2ccccc2-c2ccccc2CO[C@H]1CN(C)Cc1cccc(c1)C(F)(F)F,0,0.416414,0.566338,0.492929
COc1ccc(cc1)NC(=O)N(C)C[C@@H]1Oc2c(cccc2C(=O)N(C[C@H]1C)[C@H](C)CO)NC(=O)Nc1ccc(cc1)C(F)(F)F,0,0.741245,0.132525,0.095826
CCc1cccc(c1NC(=O)C)C,0,0.723146,0.108289,0.034372
OC[C@@H](O)[C@@H](O)[C@H](O)[C@H](O)CO,0,0.000412,0.081483,0.014100
CCOCC1=CNC(=O)NC1=O,0,0.458834,0.074554,0.051631
C[C@H]1CN([C@@H](C)CO)C(=O)c2cc(ccc2O[C@@H]1CN(C)Cc1ccc(cc1)C(=O)Nc1ccccc1N)NC(=O)Nc1c(noc1C)C,0,0.030328,0.022779,0.004701
C[C@@H]1CN([C@@H](C)CO)C(=O)c2cc(ccc2O[C@@H]1CN(C)S(=O)(=O)c1c(noc1C)C)NS(=O)(=O)C,0,0.016284,0.023966,0.004928
CNC(=O)C[C@H]1Nc2ccccc2NC1=O,0,0.185427,0.085831,0.026624
CC[C@@H]1OC(=O)[C@@H](C)[C@H](O[C@H]2C[C@@](C)(OC)[C@@H](O)[C@H](C)O2)[C@@H](C)[C@H](O)[C@](C)(C[C@H](C)C(=O)[C@@H](C)[C@H](O)[C@@]1(C)O)O[C@@H]1O[C@H](C)C[C@@H]([C@H]1O)N(C)C,1,0.982969,0.942250,0.984419
COc1ccc(cc1)S(=O)(=O)Nc1ccc2c(c1)CC(=O)N(C[C@H](C)[C@@H](CN(C)S(=O)(=O)c1cccs1)O2)[C@@H](C)CO,0,0.000995,0.023800,0.003800
C[C@@H]1CN([C@@H](C)CO)C(=O)c2cc(cnc2O[C@@H]1CN(C)C(=O)Nc1cc(ccc1F)F)C#CCN(C)C,0,0.528723,0.034133,0.018828
C[C@H]1CN([C@@H](C)CO)C(=O)c2cc(cnc2O[C@@H]1CN(C)CC1CCOCC1)C#Cc1cccc(c1)F,0,0.166395,0.028556,0.009589
CC(C)CCn1c(nc2ccccc12)-c1cccc(c1)C,0,0.923985,0.441749,0.386990
COc1ccc(cc1)S(=O)(=O)N(C)C[C@@H]1OCCCC[C@H](C)Oc2ccc(cc2C(=O)N(C[C@H]1C)[C@H](C)CO)NS(=O)(=O)C,0,0.003716,0.023892,0.003643
C[C@H]1CCCCO[C@@H](CN(C)S(=O)(=O)c2ccccc2)[C@H](C)CN([C@H](C)CO)C(=O)c2cc(ccc2O1)NC(=O)Nc1ccc(cc1)F,0,0.012707,0.023789,0.002704
C[C@@H]1CN([C@@H](C)CO)C(=O)c2cc(ccc2O[C@@H]1CN(C)Cc1ccc(c(c1)Cl)Cl)NC(=O)Cc1ccccc1,0,0.079204,0.049918,0.015461
C[C@H]1CN([C@@H](C)CO)C(=O)c2cc(ccc2O[C@H]1CN(C)S(=O)(=O)c1ccc(cc1)F)NC(=O)Nc1cccc2ccccc12,0,0.027638,0.026900,0.003790
C[C@H]1CN([C@@H](C)CO)S(=O)(=O)c2ccc(cc2O[C@H]1CN(C)S(=O)(=O)C)C#Cc1ccc(cc1)F,0,0.030792,0.031660,0.010750
C[C@@H]1CCCCO[C@H](CN(C)C(=O)c2ccncc2)[C@H](C)CN([C@@H](C)CO)C(=O)c2cc(ccc2O1)NS(=O)(=O)c1cn(cn1)C,0,0.006858,0.023338,0.002834
C[C@@H]1CCCCO[C@H](CN(C)C(=O)Nc2ccc(cc2)F)[C@@H](C)CN([C@H](C)CO)C(=O)c2cc(ccc2O1)NS(=O)(=O)c1cccs1,0,0.016161,0.024338,0.002651
COc1ccc(cc1)S(=O)(=O)N(C)C[C@H]1OCCCC[C@H](C)Oc2ccc(cc2C(=O)N(C[C@H]1C)[C@H](C)CO)NS(=O)(=O)C,0,0.003716,0.023892,0.003643
C[C@@H]1CN([C@H](C)CO)C(=O)c2cc(ccc2O[C@H]1CN(C)Cc1ccncc1)NC(=O)CCCN(C)C,0,0.023657,0.022799,0.003403
COCC#Cc1ccc2c(c1)O[C@@H](CN(C)S(=O)(=O)c1ccc(cc1)OC)[C@@H](C)CN([C@H](C)CO)S2(=O)=O,0,0.035855,0.025971,0.005159
CC(=O)n1cc(c2ccccc12)[C@@H]1C[C@H](OCc2ccc(cc2)CO)OC(=C1)C(=O)NCc1ccccc1,0,0.169600,0.184289,0.037925
C[C@H]1CCCCO[C@H](CN(C)C(=O)Nc2ccccc2)[C@@H](C)CN([C@@H](C)CO)C(=O)c2cc(ccc2O1)NS(=O)(=O)c1cccs1,0,0.003571,0.023807,0.002234
OC(=O)CC1(CCSCC1)n1cnnn1,0,0.240802,0.062714,0.041789
C[C@@H]1CCCCO[C@@H](CN(C)S(=O)(=O)c2ccc(cc2)Cl)[C@@H](C)CN([C@H](C)CO)C(=O)c2cc(ccc2O1)NS(=O)(=O)c1ccc(cc1)C,0,0.009355,0.024833,0.003484
C[C@H]1CCCCO[C@H](CN(C)Cc2ccc3c(c2)OCO3)[C@H](C)CN([C@@H](C)CO)C(=O)c2cc(ccc2O1)NS(=O)(=O)c1ccc(cc1)C,0,0.003906,0.024267,0.003604
C[C@@H]1CN([C@H](C)CO)C(=O)Cc2cc(ccc2O[C@H]1CN(C)Cc1ccc(cc1)Oc1ccccc1)NC(=O)c1ccncc1,0,0.002685,0.022517,0.003538
OC[C@H]1O[C@@H](C[C@@H]2[C@H]1Oc1ccc(cc12)NC(=O)C1CCOCC1)CC(=O)N1CCc2ccccc2C1,0,0.016586,0.024524,0.006282
C[C@@H]1CN([C@H](C)CO)C(=O)c2cccc(c2O[C@@H]1CN(C)S(=O)(=O)c1c(noc1C)C)NC(=O)C1CC1,0,0.022620,0.024081,0.004446
Nc1nc(=O)c2c([nH]1)NCC(CNc1ccc(C(=O)NC(CCC(=O)[O-])C(=O)[O-])cc1)N2C=O.[Ca+2],0,0.002004,0.401298,0.429358
COc1ccc(cc1)C[C@H](NC(=O)[C@H](C)NC(=O)CN1CCOCC1)C(=O)N[C@@H](Cc1ccccc1)C(=O)[C@@]1(C)CO1,0,0.250556,0.093084,0.072908
CCOCC(=O)N1CC[C@H]2CNC[C@H]21,0,0.025643,0.019588,0.007085
C[C@H]1CN([C@H](C)CO)C(=O)c2cccc(c2O[C@H]1CN(C)S(=O)(=O)C)NC(=O)c1ccc(cc1)-c1nccs1,0,0.011474,0.023849,0.003400
Cc1ccc(cc1)S(=O)(=O)NC/C=C/C(=C)[C@H](O)[C@H]1CCCN1S(=O)(=O)c1ccccc1[N+](=O)[O-],0,0.539549,0.032064,0.015941
C[C@H]1CN([C@H](C)CO)C(=O)c2cccc(c2O[C@@H]1CN(C)S(=O)(=O)C)NC(=O)CCC(F)(F)F,0,0.039529,0.031786,0.012081
COc1ccc(cc1)S(=O)(=O)N[C@H]1C=C[C@H](CC(=O)NCCc2ccncc2)O[C@H]1CO,0,0.028296,0.024865,0.007669
Cc1ccc(NC(=O)c2ccc(CN3CCN(C)CC3)cc2)cc1Nc1nccc(-c2cccnc2)n1,0,0.686655,0.104530,0.053745
COC1=CC2C3Cc4ccc(OC)c(O)c4C2(CCN3C)CC1=O,0,0.734326,0.127122,0.066822
C[C@@H]1CN([C@@H](C)CO)C(=O)c2cc(ccc2O[C@@H]1CN(C)S(=O)(=O)c1cn(cn1)C)NC(=O)c1ccncc1,0,0.006517,0.023645,0.004172
CCN(CC)CCOc1ccc2c(c1)C(=O)c1cc(OCCN(CC)CC)ccc1-2,0,0.994166,0.460122,0.531128
C[C@H]1CN([C@H](C)CO)C(=O)c2cc(cnc2O[C@H]1CN(C)C(=O)Nc1ccc(cc1)F)-c1cc2ccccc2o1,0,0.006017,0.025570,0.010804
C[C@@H]1CN([C@H](C)CO)C(=O)Cc2cc(ccc2O[C@@H]1CN(C)S(=O)(=O)c1c(noc1C)C)NC(=O)Cn1cnnn1,0,0.008012,0.024202,0.005009
COc1ccc(cc1)NC(=O)N(C)C[C@H]1Oc2c(cccc2C(=O)N(C[C@H]1C)[C@@H](C)CO)NC(=O)c1cnccn1,0,0.077839,0.022760,0.006429
OC[C@@H](O)[C@@H](O[C@@H]1O[C@H](CO)[C@H](O)[C@H](O)[C@H]1O)[C@H](O)[C@@H](O)/C=N/NC(=O)CCCCCC(=O)NO,0,0.031710,0.148033,0.089565
COc1ccc(cc1C)S(=O)(=O)N(C)C[C@@H]1Oc2c(cccc2C(=O)N(C[C@H]1C)[C@@H](C)CO)NC(=O)Nc1cccc2ccccc12,0,0.023130,0.024203,0.003154
C[C@H]1CN([C@@H](C)CO)C(=O)c2cccc(c2O[C@H]1CN(C)S(=O)(=O)c1cccs1)NC(=O)c1cnccn1,0,0.010849,0.023289,0.004953
O[C@@H]1C[C@@](O)(C[C@@H](OC(=O)/C=C/c2ccc(c(c2)O)O)[C@H]1OC(=O)/C=C/c1ccc(c(c1)O)O)C(=O)O,0,0.126509,0.292173,0.100820
CCCCC(=O)c1ccc(cc1)O,0,0.242834,0.112003,0.091760
C[C@H]1CCCCO[C@@H](CN(C)C(=O)Nc2ccc(cc2)C(F)(F)F)[C@H](C)CN([C@H](C)CO)C(=O)c2cc(ccc2O1)NS(=O)(=O)c1ccccc1,0,0.067127,0.035930,0.007495
C[C@H]1CCCCO[C@H](CN(C)S(=O)(=O)c2ccc(cc2)F)[C@H](C)CN([C@@H](C)CO)C(=O)c2cc(ccc2O1)NS(=O)(=O)c1cn(cn1)C,0,0.031461,0.023959,0.003431
CO[C@@H]1CN(C)C(=O)c2cc(ccc2OC[C@H](C)N(C[C@@H]1C)Cc1ccccn1)NS(=O)(=O)CC(F)(F)F,0,0.007651,0.045871,0.008788
COc1ccc(cc1)C#Cc1cnc2c(c1)C(=O)N(C[C@@H](C)[C@H](CN(C)C(=O)CN(C)C)O2)[C@@H](C)CO,0,0.156067,0.028935,0.008910
C[C@H]1CN([C@H](C)CO)C(=O)Cc2cc(ccc2O[C@@H]1CN(C)S(=O)(=O)c1cn(cn1)C)NS(=O)(=O)c1cn(cn1)C,0,0.014096,0.026937,0.005267
CNC1C(OC2OC(CO)C(N)C(O)C2O)OC2CC(N)C(OC3C(N)CC(N)C(O)C3O)OC2C1O.O=S(=O)(O)O,1,0.986628,0.850504,0.940519
C[C@H]1CN([C@@H](C)CO)C(=O)c2cc(ccc2O[C@@H]1CN(C)Cc1ccc(cc1)C(=O)O)NS(=O)(=O)c1cn(cn1)C,0,0.084027,0.029982,0.004188
C[C@@H]1CN([C@@H](C)CO)C(=O)c2cc(ccc2O[C@H]1CN(C)S(=O)(=O)c1cn(cn1)C)NC(=O)Nc1c(noc1C)C,0,0.046794,0.025654,0.005365
CCC(=O)Nc1cccc(c1)[C@@H](CCc1ccc(c(c1)OC)OC)OC(=O)[C@@H]1CCCCN1C(=O)C(=O)C(C)(C)CC,0,0.192904,0.040082,0.048080
COCC#Cc1ccc2c(c1)O[C@@H](CN(C)Cc1ccccc1F)[C@H](C)CN([C@@H](C)CO)S2(=O)=O,0,0.074650,0.028799,0.008642
O[C@@H]1COC[C@@H]2O[C@H](CC[C@H]2N(C1)C(=O)c1ccncc1)CC(=O)NC1CCC1,0,0.044004,0.047834,0.015103
CO[C@H]1CN(C)C(=O)c2ccc(cc2OC[C@@H](C)N(C[C@@H]1C)Cc1ccc(cc1)OC)NC(=O)c1nc2ccccc2s1,0,0.006499,0.036105,0.011559
COc1ccc(cc1)[Si](C)(C)[C@@H]1[C@@H](C)[C@@]2(O[C@H]1CC(=O)N1Cc3ccccc3C[C@H]1CO)C(=O)N(Cc1cccc(c1)N1CCCCC1=O)c1ccccc12,0,0.001431,0.043803,0.011838
CN(C)Cc1cn(nn1)CC[C@@H]1CC[C@@H](NC(=O)Cc2cccnc2)[C@H](CO)O1,0,0.544188,0.026268,0.009576
OCCOC(=O)NCc1ccccc1,0,0.000027,0.102303,0.039702
CN1N=C(N)c2cn(c3ncnc1c23)[C@H]1O[C@@H](CO)[C@@H](O)[C@@H]1O,0,0.132584,0.115712,0.066646
C[C@H]1CCCCO[C@H](CN(C)Cc2ccc(cc2)C(F)(F)F)[C@H](C)CN([C@H](C)CO)C(=O)c2cc(ccc2O1)NS(=O)(=O)c1cn(cn1)C,0,0.205105,0.065085,0.005399
C[C@H]1CN([C@H](C)CO)S(=O)(=O)c2ccc(cc2O[C@H]1CN(C)C(=O)C1CCC1)-c1ccc(cc1)C(=O)N(C)C,0,0.010279,0.032104,0.009993
COc1ccc(cc1)NC(=O)Nc1ccc2c(c1)C(=O)N(C[C@@H](C)[C@H](CN(C)Cc1ccc(cc1)-c1ccccc1)O2)[C@@H](C)CO,0,0.067857,0.028363,0.007516
C[C@@H]1CN([C@H](C)CO)C(=O)c2cc(ccc2O[C@@H]1CN(C)S(=O)(=O)c1ccc(cc1)Cl)NC(=O)C1CC1,0,0.034882,0.024547,0.005991
OC[C@H]1O[C@@H](C[C@@H]2[C@H]1Oc1ccc(cc12)NC(=O)c1ccc2c(c1)OCO2)CC(=O)NCCc1ccccc1,0,0.003927,0.026478,0.009804
COc1ccc(cc1)S(=O)(=O)N(C)C[C@H]1OCCCC[C@@H](C)Oc2ccc(cc2C(=O)N(C[C@H]1C)[C@@H](C)CO)NC(=O)c1ccccc1,0,0.001312,0.023713,0.002468
C[C@@H]1CN([C@@H](C)CO)C(=O)Cc2cc(ccc2O[C@H]1CN(C)Cc1ccc(cc1)C(F)(F)F)NC(=O)Nc1ccccc1,0,0.214619,0.085707,0.024654
CO[C@]12[C@@H]3N[C@@H]3CN2C2=C([C@@H]1COC(=O)N)C(=O)C(=C(C)C2=O)N,1,0.623176,0.886533,0.888969
CO[C@@H]1CN(C)C(=O)c2ccc(cc2OC[C@@H](C)N(C[C@H]1C)C(=O)C)NC(=O)Nc1ccc2c(c1)OCO2,0,0.004481,0.029686,0.006429
C[C@H]1CN([C@@H](C)CO)S(=O)(=O)c2ccc(cc2O[C@H]1CN(C)Cc1ccncc1)C#CC(C)(C)O,0,0.022696,0.024327,0.004896
O=C1CCOCC1,0,0.041075,0.024664,0.013487
C[C@@H]1CN([C@H](C)CO)C(=O)c2c(c3ccccc3n2C)-c2ccccc2CO[C@@H]1CN(C)Cc1cccc(c1)O,0,0.067010,0.029917,0.023456
Cc1ccccc1S(=O)(=O)N1C[C@H](O)COC[C@H]2O[C@H](CC[C@@H]21)CC(=O)NCCc1ccccc1,0,0.114865,0.073230,0.011048
CO[C@@H]([C@H]1Cc2cc3cc(c(c(c3c(c2C(=O)[C@@H]1O[C@H]1C[C@@H](O[C@H]2C[C@@H](O[C@H]3C[C@@](C)(O)[C@@H](O)[C@@H](C)O3)[C@@H](O)[C@@H](C)O2)[C@@H](O)[C@@H](C)O1)O)O)C)O[C@H]1C[C@@H](O[C@H]2C[C@@H](O)[C@@H](O)[C@@H](C)O2)[C@@H](O)[C@@H](C)O1)C(=O)[C@@H](O)[C@@H](C)O,0,0.930530,0.824105,0.583449
CCCC#Cc1cnc2c(c1)C(=O)N(C[C@H](C)[C@@H](CN(C)S(=O)(=O)c1cccc(c1)OC)O2)[C@@H](C)CO,0,0.011511,0.023455,0.004559
COc1ccccc1CN1[C@@H](c2ccc(cc2)CO)[C@]2(Cc3ccccc3N(CCCN(C)C)C2=O)c2ccccc2C1=O,0,0.054963,0.079220,0.029064
CO[C@@H]1CN(C)C(=O)c2cc(ccc2OC[C@H](C)N(C[C@@H]1C)C(=O)Nc1c(noc1C)C)NC(=O)Nc1cccc(c1)F,0,0.344451,0.034441,0.019324
CO[C@@H]1CN(C)C(=O)c2cc(ccc2OC[C@@H](C)N(C[C@H]1C)C(=O)CN(C)C)NC(=O)c1ccc(cc1)F,0,0.204357,0.033328,0.014211
NC(=O)NCC#Cc1ccc2c(c1)[C@@]1([C@@H]([C@@H]3N([C@H]([C@H](OC3=O)c3ccccc3)c3ccccc3)[C@@H]1c1ccc(cc1)OCCO)C(=O)N)C(=O)N2,0,0.285949,0.219835,0.122063
C[C@@H]1CN([C@H](C)CO)C(=O)c2cccc(c2O[C@@H]1CN(C)Cc1ccncc1)NC(=O)C1CCOCC1,0,0.017306,0.023342,0.003826
CNC(=O)c1ccc(cc1)Nc1ncc(c(n1)NCc1nccnc1N(C)S(=O)(=O)C)C(F)(F)F,0,0.308195,0.315735,0.102928
C[C@@H]1CCCCO[C@@H](CN(C)C(=O)Nc2ccccc2)[C@@H](C)CN([C@@H](C)CO)C(=O)c2cc(ccc2O1)NC(=O)CCC(F)(F)F,0,0.101854,0.019590,0.007280
OC(=O)CSCC(=O)N[C@H]1CCSC1=O,0,0.423206,0.065840,0.051808
OC[C@H]1O[C@H](CC(=O)NC2CCCCC2)C=C[C@H]1NC(=O)CN1CCOCC1,0,0.032954,0.026300,0.017187
CC1=C(C#N)C(=O)N(CCCO)C(=C1)O,0,0.015884,0.192799,0.062388
C[C@@H]1CCCCO[C@@H](CN(C)C(=O)Nc2ccc3c(c2)OCO3)[C@H](C)CN([C@@H](C)CO)C(=O)c2cc(ccc2O1)NS(=O)(=O)c1ccccc1,0,0.001128,0.023732,0.002457
OC[C@H]1O[C@@H](Oc2cc(cc(c2C(=O)CCc2ccc(cc2)O)O)O)[C@H](O)[C@@H](O)[C@@H]1O,0,0.845657,0.095282,0.056253
CC(C)CC#Cc1cnc2c(c1)C(=O)N(C[C@H](C)[C@@H](CN(C)S(=O)(=O)c1ccccc1)O2)[C@H](C)CO,0,0.010739,0.026261,0.004315
COc1ccc(cc1)NC(=O)N(C)C[C@@H]1OCCCC[C@@H](C)Oc2ccc(cc2C(=O)N(C[C@H]1C)[C@@H](C)CO)NC(=O)C1CCCCC1,0,0.009643,0.024163,0.002585
C[C@@H]1CN([C@H](C)CO)C(=O)Cc2cc(ccc2O[C@H]1CN(C)S(=O)(=O)C)NS(=O)(=O)c1ccc(cc1)Cl,0,0.005939,0.023402,0.005185
CC(C)NC(=O)N(C)C[C@@H]1OCCCC[C@@H](C)Oc2ccc(cc2C(=O)N(C[C@@H]1C)[C@@H](C)CO)NC(=O)Nc1ccc(cc1)C(F)(F)F,0,0.550762,0.250548,0.112394
COc1ccc(cc1)NC(=O)N(C)C[C@@H]1OCCCC[C@@H](C)Oc2ccc(cc2C(=O)N(C[C@H]1C)[C@@H](C)CO)NC(=O)Nc1cccc2ccccc12,0,0.009127,0.021324,0.002183
OC[C@@H]1O[C@H](CCNC(=O)CN2CCOCC2)CC[C@@H]1NC(=O)Cc1ccccn1,0,0.006499,0.022212,0.007258
[O-][N+](=O)c1ccc(cc1)/C=C/CN(CCCNS(=O)(=O)c1cccc2cnccc12)C/C=C/c1ccc(cc1)[N+](=O)[O-],0,0.170840,0.166863,0.038084
CCOc1ccc2nc(ccc2c1)C12CC3CC(CC(C3)C2)C1,0,0.451418,0.497257,0.499015
CC(=O)N1[C@@H](CO)[C@H]([C@@H]1CNC(=O)CN1CCOCC1)c1ccccc1,0,0.014803,0.030184,0.020041
C[C@@H]1CCCCO[C@H](CN(C)S(=O)(=O)c2ccc(cc2)C)[C@@H](C)CN([C@H](C)CO)C(=O)c2cc(ccc2O1)NC(=O)Nc1ccc2c(c1)OCO2,0,0.003344,0.023732,0.002729
C[C@@H]1CCCCO[C@@H](CN(C)C(=O)C2CCCCC2)[C@@H](C)CN([C@@H](C)CO)C(=O)c2cc(ccc2O1)NS(=O)(=O)c1ccc(cc1)F,0,0.011757,0.024169,0.003421
C[C@@H]1CN([C@@H](C)CO)C(=O)c2cc(ccc2O[C@@H]1CN(C)Cc1ccc(cc1)Oc1ccccc1)NC(=O)Nc1cccc2ccccc12,0,0.005668,0.031338,0.008789
Cc1ccc(cc1)S(=O)(=O)N1C[C@H](O)COC[C@@H]2O[C@H](CC[C@H]21)CC(=O)N[C@@H]1CCN(C1)Cc1ccccc1,0,0.192523,0.028405,0.010006
C[C@@H]1CN([C@@H](C)CO)C(=O)c2cccc(c2O[C@H]1CN(C)CC1CCCCC1)NC(=O)Nc1ccc(cc1)F,0,0.245914,0.049239,0.028016
C[C@H](O)C#Cc1ccc2c(c1)O[C@H](CN(C)C(=O)c1ccccc1)[C@H](C)CN([C@H](C)CO)S2(=O)=O,0,0.010271,0.025427,0.007758
C[C@@H]1CCCCO[C@@H](CN(C)C(=O)Nc2cccc3ccccc23)[C@@H](C)CN([C@H](C)CO)C(=O)c2cc(ccc2O1)NS(=O)(=O)c1ccc(cc1)F,0,0.011585,0.023856,0.002515
C[C@@H]1CCCCO[C@H](CN(C)C(=O)Cc2ccccc2)[C@@H](C)CN([C@H](C)CO)C(=O)c2cc(ccc2O1)NC(=O)c1ccccc1,0,0.000572,0.022395,0.002499
COc1cc2c(cc1OC)C(=O)NCC2,0,0.204301,0.042889,0.027812
C[C@@H]1CN([C@@H](C)CO)C(=O)Cc2cc(ccc2O[C@@H]1CN(C)Cc1ccc(cc1)C(=O)Nc1ccccc1N)NC(=O)Nc1ccccc1,0,0.008918,0.022235,0.002367
ONC(=O)CCCCCNC(=O)OCc1ccc(cc1)[C@H]1[C@H](C(=O)NCc2ccccc2)c2ccccc2C(=O)N1Cc1ccccc1,0,0.000052,0.219413,0.080810
C[C@H]1CN([C@@H](C)CO)C(=O)CCCn2nncc2CO[C@@H]1CN(C)C(=O)C1CC1,0,0.024805,0.021477,0.003185
C[C@@H]1CCCCO[C@H](CN(C)S(=O)(=O)c2c(noc2C)C)[C@@H](C)CN([C@@H](C)CO)C(=O)c2cc(ccc2O1)NC(=O)Nc1ccccc1,0,0.012177,0.023703,0.002420
CC(=O)NCC(=O)N1CCC2(CC1)CN(C(=O)CO2)c1cnn(c1)C,0,0.030598,0.070722,0.014446
OCCOc1ccc(cc1)[C@H]1N2[C@@H]([C@@H](C(=O)NCC=C)[C@]11C(=O)Nc3ccc(cc31)C#CC1(O)CCCCCC1)C(=O)O[C@@H]([C@@H]2c1ccccc1)c1ccccc1,0,0.663407,0.062371,0.034486
COc1ccc(cc1)S(=O)(=O)N(C)C[C@@H]1OCCCC[C@H](C)Oc2ccc(cc2C(=O)N(C[C@H]1C)[C@@H](C)CO)NS(=O)(=O)C,0,0.003716,0.023892,0.003643
C[C@H]1CCCCO[C@H](CN(C)S(=O)(=O)c2c(noc2C)C)[C@H](C)CN([C@H](C)CO)C(=O)c2cc(ccc2O1)NC(=O)Nc1ccccc1,0,0.012177,0.023703,0.002420
CC(C)NC(=O)N(C)C[C@@H]1Oc2ccc(cc2C(=O)N(C[C@@H]1C)[C@@H](C)CO)NC(=O)Nc1ccc2c(c1)OCO2,0,0.011830,0.024667,0.006357
COc1ccc(cc1)NC(=O)N(C)C[C@H]1OCCCC[C@@H](C)Oc2ccc(cc2C(=O)N(C[C@H]1C)[C@@H](C)CO)NC(=O)Cc1ccccc1,0,0.004911,0.021277,0.002389
C[C@H]1CN([C@@H](C)CO)C(=O)c2cc(cnc2O[C@H]1CN(C)S(=O)(=O)c1ccccc1F)C#Cc1ccccc1F,0,0.097316,0.034216,0.006659
C[C@@H]1CCCCO[C@H](CN(C)Cc2ccncc2)[C@H](C)CN([C@H](C)CO)C(=O)c2cc(ccc2O1)NS(=O)(=O)C,0,0.007336,0.023964,0.004037
CCN(CC)CCCC(C)Nc1c2ccc(Cl)cc2nc2ccc(OC)cc12.Cl.Cl,0,0.645163,0.827992,0.782042
COc1ccc(cc1)S(=O)(=O)Nc1ccc2c(c1)C(=O)N(C[C@H](C)[C@@H](CN(C)C(=O)Nc1ccc(cc1)C(F)(F)F)OCCCC[C@@H](C)O2)[C@H](C)CO,0,0.148422,0.088927,0.011069
COc1ccc(cc1)CN(C)C[C@H]1OCCCC[C@H](C)Oc2ccc(cc2C(=O)N(C[C@H]1C)[C@@H](C)CO)NC(=O)c1ccncc1,0,0.008100,0.023696,0.002574
COc1ccc(cc1)NC(=O)Nc1ccc2c(c1)CC(=O)N(C[C@@H](C)[C@H](CN(C)Cc1ccc(cc1)Oc1ccccc1)O2)[C@H](C)CO,0,0.009908,0.024290,0.003248
CC(C)(C)C(=O)C(Oc1ccc(Cl)cc1)n1ccnc1,0,0.939649,0.362594,0.229088
COc1ccc(cc1)S(=O)(=O)N(C)C[C@H]1Oc2ncc(cc2C(=O)N(C[C@@H]1C)[C@@H](C)CO)Br,0,0.039136,0.025881,0.008212
COc1ccccc1-c1cccc(c1)-c1nc(cc2c1[C@@H](CCO)N(C2)[S@](=O)C(C)(C)C)C(=O)N1CCCCC1,0,0.197705,0.117821,0.104516
CS(=O)(=O)N1C[C@H]2CN(C[C@@H]2C1)C(=O)c1cnccn1,0,0.017078,0.027827,0.010552
c1ccc(nc1)-c1cccs1,0,0.117397,0.124394,0.060660
CC(C)NC(=O)Nc1ccc2c(c1)C(=O)N(C[C@H](C)[C@@H](CN(C)S(=O)(=O)c1cn(cn1)C)OCCCC[C@H](C)O2)[C@@H](C)CO,0,0.020280,0.024334,0.003171
N[C@@]1(CC[C@H](C1)C(=O)O)C(=O)O,0,0.173429,0.070399,0.018834
C[C@H]1CN([C@@H](C)CO)C(=O)Cc2cc(ccc2O[C@@H]1CN(C)C(=O)Nc1c(noc1C)C)NS(=O)(=O)c1cn(cn1)C,0,0.033731,0.024004,0.003246
COc1ccc(cc1)[Si](C)(C)[C@@H]1[C@@H](C)[C@@]2(O[C@H]1CC(=O)N(CCO)Cc1ccccc1)C(=O)N(Cc1ccc(cc1)N1CCOC1=O)c1ccccc12,0,0.067511,0.054259,0.014077
Nc1ncnc2n(cnc12)[C@@H]1O[C@H](CO)[C@@H](O)[C@H]1O,0,0.125287,0.092671,0.049442
COc1ccc(cc1)S(=O)(=O)Nc1ccc2c(c1)C(=O)N(C[C@@H](C)[C@@H](CN(C)S(=O)(=O)c1ccc(cc1)OC)O2)[C@@H](C)CO,0,0.008904,0.025898,0.004793
C[C@@H]1CCCCO[C@H](CN(C)Cc2ccncc2)[C@@H](C)CN([C@H](C)CO)C(=O)c2cc(ccc2O1)NC(=O)Cc1ccccc1,0,0.005827,0.021557,0.002583
CC(=O)OC1(C(C)=O)CCC2C3CC(C)C4=CC(=O)CCC4(C)C3CCC21C,0,0.483432,0.131321,0.075063
CCN(CC)CCOCCOC(=O)C1(c2ccccc2)CCCC1.O=C(O)CC(O)(CC(=O)O)C(=O)O,0,0.272985,0.475794,0.260708
COc1cccc(c1)S(=O)(=O)N(C)C[C@@H]1Oc2cc(ccc2S(=O)(=O)N(C[C@@H]1C)[C@H](C)CO)C1=CCCC1,0,0.003744,0.023703,0.004130
C[C@H]1CN([C@@H](C)CO)C(=O)c2cc(ccc2O[C@@H]1CN(C)S(=O)(=O)c1cn(cn1)C)NC(=O)Nc1ccc2c(c1)OCO2,0,0.008287,0.027231,0.004539
C[C@H]1CN([C@@H](C)CO)C(=O)c2cc(ccc2O[C@@H]1CN(C)S(=O)(=O)c1ccccc1)NS(=O)(=O)c1cn(cn1)C,0,0.013500,0.024416,0.003876
CCOc1cc(nc(n1)N)C,0,0.046495,0.035650,0.014818
CCc1nc2ccc(cn2c1N(C)CCN1CCOCC1)C(=O)Nc1cccc(c1)OCC(=O)N(C)C,0,0.527427,0.077824,0.035903
CN1C(=S)NC=C1c1ccccc1,0,0.772750,0.161811,0.115640
COc1ccc(cc1)S(=O)(=O)Nc1cccc2c1O[C@@H](CN(C)S(=O)(=O)C)[C@@H](C)CN([C@H](C)CO)C2=O,0,0.007405,0.024614,0.006687
CC(C)[C@@H](CC[C@@H](C)[C@H]1CC[C@H]2[C@@H]3[C@H](O)C[C@H]4C[C@H](CC[C@]4(C)[C@H]3CC[C@]12C)NCCCNCCCCN)OS(=O)(=O)O,0,0.981137,0.279816,0.146458
NCC(=O)O,0,0.002453,0.084265,0.033982
C[C@H]1CCCCO[C@@H](CN(C)S(=O)(=O)c2ccc(cc2)F)[C@H](C)CN([C@H](C)CO)C(=O)c2cc(ccc2O1)NC(=O)Nc1c(noc1C)C,0,0.038153,0.023866,0.002864
COc1ccc(-c2coc3c(O)c(O)c(OC)cc3c2=O)cc1,0,0.569028,0.287296,0.155068
C[C@@H]1CN([C@@H](C)CO)C(=O)c2cccc(c2O[C@H]1CN(C)Cc1ccncc1)NS(=O)(=O)c1ccc(cc1)F,0,0.023809,0.024157,0.005112
CO[C@H]1CN(C)C(=O)c2ccc(cc2OC[C@H](C)N(C[C@@H]1C)Cc1cccnc1)NS(=O)(=O)CC(F)(F)F,0,0.011914,0.050920,0.009885
COc1ccc(cc1)S(=O)(=O)Nc1ccc2c(c1)CC(=O)N(C[C@@H](C)[C@H](CN(C)S(=O)(=O)c1ccc(cc1)F)O2)[C@H](C)CO,0,0.013069,0.025409,0.004421
Cc1ccc(cc1)S(=O)(=O)N[C@@H]1C=C[C@H](CC(=O)NCCN2CCCCC2)O[C@@H]1CO,0,0.124027,0.024115,0.010268
C[C@H]1CCCCO[C@H](CN(C)S(=O)(=O)c2ccc(cc2)F)[C@@H](C)CN([C@H](C)CO)C(=O)c2cc(ccc2O1)NC(=O)CCC(F)(F)F,0,0.066496,0.026199,0.004426
C[C@H]1CCCCO[C@@H](CN(C)Cc2ccc(cc2)C(F)(F)F)[C@@H](C)CN([C@@H](C)CO)C(=O)c2cc(ccc2O1)NS(=O)(=O)c1ccc(cc1)F,0,0.186977,0.023418,0.004479
ONC(=O)c1ccc(cc1)C#C,0,0.356126,0.105870,0.065402
OC[C@H]1O[C@H](O[C@]2(CCl)O[C@H](CCl)[C@@H](O)[C@@H]2O)[C@H](O)[C@@H](O)[C@H]1Cl,0,0.907016,0.609171,0.265225
C[C@@H]1CN([C@@H](C)CO)C(=O)c2cc(ccc2O[C@@H]1CN(C)S(=O)(=O)c1cccs1)NC(=O)Nc1cccc2ccccc12,0,0.004154,0.023691,0.004103
C[C@H]1CN([C@@H](C)CO)C(=O)CCCn2cc(nn2)CO[C@H]1CN(C)C(=O)c1cc(on1)-c1ccccc1,0,0.018759,0.021518,0.004476
COc1ccc(cc1)CN(C)C[C@@H]1OCCCC[C@@H](C)Oc2ccc(cc2C(=O)N(C[C@H]1C)[C@@H](C)CO)NS(=O)(=O)c1ccccc1,0,0.004687,0.024135,0.002987
COc1cccc(c1)NC(=O)N(C)C[C@H]1Oc2cc(ccc2S(=O)(=O)N(C[C@H]1C)[C@@H](C)CO)C#CC1(O)CCCC1,0,0.020639,0.024187,0.003934
CCCNC(=O)N(C)C[C@@H]1Oc2ncc(cc2C(=O)N(C[C@@H]1C)[C@@H](C)CO)-c1ccc(cc1)C(=O)N(C)C,0,0.008697,0.022496,0.004236
COc1cccc(c1)NC(=O)N1C[C@@H](O)COC[C@H]2O[C@@H](CC[C@@H]21)CC(=O)NCCCN1CCOCC1,0,0.238975,0.371997,0.129739
O=C(O)CCc1nc(-c2ccccc2)c(-c2ccccc2)o1,0,0.000322,0.102570,0.033581
C[C@H]1CCCCO[C@H](CN(C)C(=O)Nc2cccc3ccccc23)[C@H](C)CN([C@@H](C)CO)C(=O)c2cc(ccc2O1)NC(=O)Nc1ccc(cc1)C(F)(F)F,0,0.276433,0.020350,0.007307
C[C@H](N)CCC(=O)NCS(=O)(=O)O,0,0.001594,0.052640,0.014003
C[C@H]1CN([C@@H](C)CO)C(=O)c2cc(ccc2O[C@H]1CN(C)S(=O)(=O)c1cccs1)NC(=O)c1ccncc1,0,0.001557,0.023760,0.003612
COCc1cn(nn1)CC[C@H]1CC[C@H](NC(=O)CCN2CCCCC2)[C@@H](CO)O1,0,0.396018,0.030507,0.014919
C[C@@H]1CN([C@@H](C)CO)S(=O)(=O)c2ccc(cc2O[C@@H]1CN(C)S(=O)(=O)c1cn(cn1)C)C#Cc1ccc(cc1)F,0,0.082677,0.028212,0.004680
FC(F)(F)COCC(F)(F)F,0,0.206695,0.328428,0.118903
COc1ccc(cc1)NC(=O)Nc1ccc2c(c1)C(=O)N(C[C@@H](C)[C@H](CN(C)CC1CC1)OCCCC[C@@H](C)O2)[C@H](C)CO,0,0.105046,0.028709,0.007174
COc1ccc2c(c1)OC1COc3cc(OC)c(OC)cc3C1C2=O,0,0.151743,0.240032,0.061387
C[C@@H]1CN([C@@H](C)CO)S(=O)(=O)c2ccc(cc2O[C@@H]1CN(C)C(=O)C1CCOCC1)C1=CCCCC1,0,0.007636,0.031769,0.007205
C[C@H]1CN([C@@H](C)CO)C(=O)c2cccc(c2O[C@H]1CN(C)C(=O)Nc1c(noc1C)C)NS(=O)(=O)C,0,0.061244,0.024563,0.006150
CCO[C@@H]1OC(=C[C@@H]([C@H]1CCCOC(=O)NCCCCCC(=O)NO)c1ccc(cc1)C(F)(F)F)C(=O)N1CCN(CC1)Cc1ccccc1,0,0.000285,0.104276,0.064273
O=C(N1c2ccccc2Sc2ccccc21)c1cccs1,0,0.891948,0.234342,0.164898
COc1ccc(cc1)NC(=O)Nc1ccc2c(c1)C(=O)N(C[C@H](C)[C@@H](CN(C)C(=O)Nc1ccc(cc1)C(F)(F)F)OCCCC[C@H](C)O2)[C@H](C)CO,0,0.278231,0.016585,0.003648
C[C@@H]1CN([C@H](C)CO)C(=O)Cc2cc(ccc2O[C@@H]1CN(C)S(=O)(=O)c1c(noc1C)C)N(C)C,0,0.011011,0.023983,0.007595
CSc1c([nH]c2ccccc12)-c1ccc(cc1)Cl,1,0.557179,0.210462,0.183046
OC[C@@H]1O[C@@H](C[C@H]2[C@@H]1Oc1ccc(cc12)NC(=O)Nc1ccc(cc1)C(F)(F)F)CC(=O)NCc1cc(ccc1F)F,0,0.936206,0.122334,0.127705
C[C@@H]1CCCCO[C@H](CN(C)S(=O)(=O)c2ccc(cc2)Cl)[C@H](C)CN([C@H](C)CO)C(=O)c2cc(ccc2O1)NS(=O)(=O)c1ccc(cc1)C,0,0.009355,0.024833,0.003484
CN(C)CCCC[C@@H]1NC(=O)[C@@H]2C[C@@H]([C@@H](N2C1=O)c1cccc(c1)OCCO)C(=O)OCCOc1ccc(cc1)[C@H]1N2[C@@H]([C@@H](C(=O)OCC=C)[C@]11C(=O)Nc3ccccc31)C(=O)O[C@@H]([C@@H]2c1ccccc1)c1ccccc1,0,0.372742,0.086831,0.017114
COc1ccc(cc1)S(=O)(=O)Nc1ccc2c(c1)C(=O)N(C[C@H](C)[C@H](CN(C)C(=O)Nc1c(noc1C)C)OCCCC[C@H](C)O2)[C@H](C)CO,0,0.011041,0.023718,0.002527
CC(=O)OC1CCC2(C)C(CCC3C2CCC2(C)C3CC3OC4(CCC(C)CO4)C(C)C32)C1,0,0.272164,0.184821,0.068899
COCC(=O)N(C)C[C@@H]1Oc2cc(ccc2S(=O)(=O)N(C[C@H]1C)[C@H](C)CO)C#C[C@@H](C)O,0,0.035869,0.024742,0.008396
CCCC(=O)Nc1ccc2c(c1)OC[C@@H](C)N(C[C@H](C)[C@@H](CN(C)C2=O)OC)S(=O)(=O)c1cn(cn1)C,0,0.009994,0.023258,0.004332
CC(=O)Oc1c(C)cccc1C(=O)O,0,0.616544,0.084361,0.069672
C[C@@H](O)C#Cc1cnc2c(c1)C(=O)N(C[C@H](C)[C@H](CN(C)Cc1cncnc1)O2)[C@@H](C)CO,0,0.033512,0.038369,0.010550
C[C@@H]1CN([C@H](C)CO)C(=O)c2cc(cnc2O[C@@H]1CN(C)C(=O)Cc1cccnc1)C#Cc1ccccc1F,0,0.038027,0.023146,0.004772
C[C@@H]1CCCCO[C@@H](CN(C)C(=O)c2ccccc2)[C@H](C)CN([C@@H](C)CO)C(=O)c2cc(ccc2O1)NC(=O)Nc1c(noc1C)C,0,0.007762,0.022546,0.002097
COc1ccc(cc1)S(=O)(=O)N(C)C[C@H]1Oc2ccc(cc2CC(=O)N(C[C@@H]1C)[C@H](C)CO)NC(=O)Cc1ccccc1,0,0.002014,0.024069,0.004165
C[C@@H]1CN([C@H](C)CO)C(=O)c2cc(ccc2O[C@H]1CN(C)Cc1ccccc1)NC(=O)Nc1cccc2ccccc12,0,0.015160,0.031675,0.013390
OCc1ccc(cc1)CO[C@@H]1C[C@@H](C=C(O1)C(=O)N1CCN(CC1)Cc1ccc2c(c1)OCO2)c1csc2ccccc12,0,0.026510,0.054629,0.018241
COc1ccc(cc1)NC(=O)Nc1ccc2c(c1)C(=O)N(C[C@@H](C)[C@H](CN(C)C(=O)CCC(F)(F)F)OCCCC[C@H](C)O2)[C@@H](C)CO,0,0.049866,0.017833,0.005627
CCCCCN1CC=C[C@@]23O[C@@H]4C=CCOC(=O)[C@@H]4[C@H]2C(=O)N(CCO)[C@@H]3C1=O,0,0.787551,0.278762,0.119804
OC[C@@H]1[C@@H](O)[C@H](O)[C@H]2[C@@H](O)CCN12,0,0.005718,0.103412,0.029933
C[C@H]1CN([C@@H](C)CO)C(=O)Cc2cc(ccc2O[C@@H]1CN(C)S(=O)(=O)c1cn(cn1)C)NC(=O)Nc1ccc2c(c1)OCO2,0,0.003391,0.023652,0.003562
C[C@@H]1CCCCO[C@H](CN(C)Cc2ccc3c(c2)OCO3)[C@@H](C)CN([C@H](C)CO)C(=O)c2cc(ccc2O1)NC(=O)Cc1ccccc1,0,0.005518,0.022295,0.004258
C[C@H]1C[C@H]2CNCC[C@@H]2O1,0,0.031497,0.053502,0.011640
C[C@H]1CCCCO[C@H](CN(C)C(=O)c2ccccc2)[C@H](C)CN([C@H](C)CO)C(=O)c2cc(ccc2O1)NC(=O)Nc1ccc(cc1)F,0,0.013326,0.023184,0.002700
C[C@H]1CCCCO[C@@H](CN(C)C(=O)Nc2ccc3c(c2)OCO3)[C@@H](C)CN([C@@H](C)CO)C(=O)c2cc(ccc2O1)NC(=O)Nc1ccc(cc1)C(F)(F)F,0,0.247860,0.020743,0.007693
COC(OC)[C@H](Cc1ccccc1)N(C[C@@H](NC(=O)C(Cl)(Cl)Cl)/C=C/c1ccccc1)[C@@H]([C@@H](O)Cc1ccccc1)c1ccc(cc1)OC,0,0.992619,0.111424,0.034034
CCCCCCC#C[Si](O[C@H](c1ccccc1)c1cn(nn1)Cc1cccc(c1)Cl)(C(C)C)C(C)C,0,0.992856,0.824911,0.769398
CN1C=C(C(=O)N(C)C1=O)S(=O)(=O)Nc1ccc2c(c1)OCCO2,0,0.091289,0.215036,0.037269
CC1(C)C2CCC1(C)C(O)C2,0,0.124920,0.068601,0.026410
C[C@H]1CN([C@H](C)CO)C(=O)Cc2cc(ccc2O[C@H]1CN(C)S(=O)(=O)c1ccc(cc1)Cl)NS(=O)(=O)C,0,0.011297,0.023893,0.006089
C[C@@H]1CN([C@H](C)CO)C(=O)CCCn2cc(nn2)CO[C@H]1CN(C)C(=O)Nc1ccc(cc1)C(C)(C)C,0,0.214269,0.028594,0.010577
C[C@@H]1CN([C@@H](C)CO)C(=O)Cc2cc(ccc2O[C@H]1CN(C)S(=O)(=O)c1c(noc1C)C)NS(=O)(=O)C,0,0.006572,0.023395,0.005825
C[C@H]1CN([C@@H](C)CO)C(=O)Cc2cc(ccc2O[C@@H]1CN(C)Cc1ccc(c(c1)Cl)Cl)NC(=O)Nc1cccc2ccccc12,0,0.156033,0.063621,0.005061
C[C@@H]1CCCCO[C@@H](CN(C)C(=O)Nc2ccc3c(c2)OCO3)[C@@H](C)CN([C@H](C)CO)C(=O)c2cc(ccc2O1)NC(=O)Nc1ccc(cc1)C(F)(F)F,0,0.247860,0.020743,0.007693
COCCOC(=O)N1C(=O)[C@]2([C@@H]([C@@H]3N([C@H]([C@H](OC3=O)c3ccccc3)c3ccccc3)[C@@H]2c2ccc(cc2)OCCO)C(=O)N2CCN(CC2)c2ncccn2)c2cc(ccc21)C#CC1=CCCCC1,0,0.249404,0.073897,0.009981
C[C@@H]1CN([C@@H](C)CO)C(=O)c2cc(ccc2O[C@@H]1CN(C)Cc1ccc2c(c1)OCO2)NS(=O)(=O)c1c(noc1C)C,0,0.004352,0.023505,0.004632
COc1ccc(cc1)CC1=C(O)NC(=NC1=O)N,0,0.709727,0.421327,0.415224
C[C@H]1CN([C@H](C)CO)C(=O)c2cc(cnc2O[C@H]1CN(C)C(=O)Nc1ccc(cc1)F)C#CCN(C)C,0,0.211386,0.028851,0.014624
C[C@@H]1CN([C@H](C)CO)C(=O)c2cccc(c2O[C@H]1CN(C)S(=O)(=O)c1ccccc1)NC(=O)c1ccncc1,0,0.005162,0.023835,0.003984
C[C@@H]1CN([C@@H](C)CO)C(=O)c2cccc(c2O[C@H]1CN(C)S(=O)(=O)c1ccccc1)NC(=O)c1cnccn1,0,0.014928,0.024535,0.004314
C[C@@H]1CCCCO[C@H](CN(C)S(=O)(=O)c2c(noc2C)C)[C@@H](C)CN([C@@H](C)CO)C(=O)c2cc(ccc2O1)NC(=O)Nc1cccc2ccccc12,0,0.007516,0.023835,0.002491
COc1ccc(cc1)NC(=O)N1C[C@H](O)COC[C@@H]2O[C@@H](CC[C@H]21)CC(=O)NC1Cc2ccccc2C1,0,0.422476,0.148304,0.077402
C[C@H]1CN([C@@H](C)CO)C(=O)Cc2cc(ccc2O[C@@H]1CN(C)Cc1ccc(cc1)Oc1ccccc1)NC(=O)NC1CCCCC1,0,0.021583,0.025882,0.006322
C[C@H]1CN([C@@H](C)CO)S(=O)(=O)c2ccc(cc2O[C@H]1CN(C)C(=O)Cc1ccncc1)C#Cc1ccccc1F,0,0.037257,0.026581,0.004651
C[C@@H]1CN([C@H](C)CO)C(=O)c2c(c3ccccc3n2C)-c2ccccc2CO[C@H]1CN(C)C(=O)[C@H](C)c1ccccc1,0,0.023590,0.025155,0.011591
OC[C@H]1O[C@@H](C[C@H]2[C@@H]1Oc1ccc(cc12)NS(=O)(=O)c1ccc(cc1)F)CC(=O)NCc1cccnc1,0,0.019449,0.024215,0.007769
OC[C@H]1O[C@H]([C@H](O)[C@@H]1O)n1cnc2c(ncnc12)NCc1ccco1,0,0.010909,0.237208,0.089059
CCN/1C(=O)CS\C1=N/N1CCOCC1,0,0.087854,0.037698,0.019832
COc1ccc2c3c(n(c2c1)C)[C@@H](CO)N(CC1CCCCC1)C[C@]13CCN(CC1)Cc1nccs1,0,0.595620,0.099015,0.084969
Cc1ccc(C(=O)Nc2ccc(S(=O)(=O)[O-])c3cc(S(=O)(=O)[O-])cc(S(=O)(=O)[O-])c23)cc1NC(=O)c1cccc(NC(=O)Nc2cccc(C(=O)Nc3cc(C(=O)Nc4ccc(S(=O)(=O)[O-])c5cc(S(=O)(=O)[O-])cc(S(=O)(=O)[O-])c45)ccc3C)c2)c1.[Na+].[Na+].[Na+].[Na+].[Na+].[Na+],0,0.011829,0.411838,0.080344
C[C@H]1CCCCO[C@@H](CN(C)S(=O)(=O)c2ccc(cc2)F)[C@H](C)CN([C@H](C)CO)C(=O)c2cc(ccc2O1)NC(=O)NC1CCCCC1,0,0.020517,0.023901,0.003275
C[C@@H]1CN([C@@H](C)CO)C(=O)c2cccc(c2O[C@@H]1CN(C)C(=O)Nc1ccc(cc1)F)NS(=O)(=O)c1cn(cn1)C,0,0.218406,0.025686,0.006424
C[C@H]1CN([C@@H](C)CO)C(=O)Cc2cc(ccc2O[C@H]1CN(C)S(=O)(=O)c1c(noc1C)C)NC(=O)C1CC1,0,0.008335,0.023727,0.004369
CN1[C@H]2CN3C(=O)C(=CC=C3[C@@H]1[C@@H]([C@H]2CO)C(=O)NCCCN1CCOCC1)c1ccccc1,0,0.175460,0.023858,0.011104
C[C@H]1CCCCO[C@H](CN(C)S(=O)(=O)c2ccc(cc2)Cl)[C@H](C)CN([C@H](C)CO)C(=O)c2cc(ccc2O1)NC(=O)CCC(F)(F)F,0,0.081678,0.025880,0.004324
OC[C@H]1O[C@H](CCNC(=O)C2CCC2)CC[C@H]1NC(=O)CN1CCOCC1,0,0.029281,0.020885,0.008763
COc1cccc(c1)C(=O)Nc1ccc2c(c1)C(=O)N(C)[C@H]1CC[C@H](CC(=O)Nc3ccc4c(c3)CCCC4)O[C@@H]1CO2,0,0.013518,0.037904,0.011377
COCCOC(=O)N1C(=O)[C@]2([C@@H]([C@@H]3N([C@H]([C@H](OC3=O)c3ccccc3)c3ccccc3)[C@@H]2c2ccc(cc2)O)C(=O)N2CCc3cc(c(cc3C2)OC)OC)c2cc(ccc21)C#CC1=CCCCC1,0,0.466684,0.067509,0.014207
CCNC1CN(CCCOC)S(=O)(=O)c2sc(S(N)(=O)=O)cc21,0,0.000000,0.029591,0.008452
CC1(C)S[C@H]2[C@@H](NC(=O)[C@@H](NC(=O)N3CCN(C3=O)S(=O)(=O)C)c3ccccc3)C(=O)N2[C@@H]1C(=O)O,1,0.997800,0.141290,0.122743
CCn1c2c(c3cc(ccc13)C1CCCCC1)CCCC2=O,0,0.766432,0.443343,0.325536
CCC(CO)NCCNC(CC)CO.Cl.Cl,0,0.000011,0.166687,0.057753
CCCCN(CC=C)C(=O)[C@H]1N(CCOCCO)C(=O)[C@H]2[C@@H]([C@H]3O[C@]21C=C3)C(=O)O,0,0.388392,0.241196,0.080669
C[C@H]1CN([C@H](C)CO)C(=O)c2cc(ccc2O[C@H]1CN(C)Cc1ccc(cc1)C(=O)O)NC(=O)Cn1cnnn1,0,0.129342,0.045453,0.019908
O=c1[nH]c2cc(Cl)ccc2o1,0,0.003295,0.069113,0.070061
C[C@H]1CCCCO[C@@H](CN(C)C(=O)NC2CCCCC2)[C@@H](C)CN([C@@H](C)CO)C(=O)c2cc(ccc2O1)NS(=O)(=O)c1ccccc1,0,0.003562,0.023740,0.002790
C[C@@H]1CCCCO[C@H](CN(C)S(=O)(=O)c2cccs2)[C@@H](C)CN([C@H](C)CO)C(=O)c2cc(ccc2O1)NC(=O)Nc1ccc(cc1)C(F)(F)F,0,0.067340,0.030594,0.007500
O[C@H]1COC[C@@H]2O[C@H](CC[C@H]2N(C1)S(=O)(=O)c1cccc(c1)Cl)CC(=O)NCc1ccc2c(c1)OCO2,0,0.149884,0.036110,0.013442
C[C@H]1CN([C@@H](C)CO)S(=O)(=O)c2ccc(cc2O[C@H]1CN(C)C(=O)Cc1ccccn1)C#Cc1ccccc1,0,0.005917,0.026581,0.004419
C[C@H]1CN([C@H](C)CO)C(=O)c2cc(ccc2O[C@@H]1CN(C)Cc1ccc(cc1)-c1ccccc1)NC(=O)Nc1ccc(cc1)F,0,0.202623,0.037853,0.026970
COC(=O)C1=C(C)NC(=C(C1)C(=O)OC)C,0,0.000016,0.093564,0.047409
CC1(C)C(O)CC(=O)C2(C)C1CC(=O)C1(C)C2CCC2(C)C(c3ccoc3)OC(=O)C3OC321,0,0.781978,0.185169,0.073913
CN(C)C(=O)C[C@@H]1CC[C@@H]2[C@H](COc3ccc(cc3C(=O)N2C)NS(=O)(=O)c2cccc(c2)F)O1,0,0.012648,0.023659,0.008139
C[C@@H]1CN([C@H](C)CO)C(=O)CCCn2cc(nn2)CO[C@H]1CN(C)C(=O)Oc1cccc2ccccc12,0,0.149553,0.031646,0.013805
COc1cccc(c1)C#Cc1cnc2c(c1)C(=O)N(C[C@@H](C)[C@@H](CN(C)C(=O)C1CCOCC1)O2)[C@H](C)CO,0,0.026330,0.023245,0.003312
CO[C@@H]([C@@H]1Cc2cc3cc(c(c(c3c(c2C(=O)[C@H]1O[C@H]1C[C@@H](O[C@H]2C[C@@H](O[C@H]3C[C@](C)(O)[C@H](O)[C@@H](C)O3)[C@H](O)[C@@H](C)O2)[C@H](O)[C@@H](C)O1)O)O)C)O[C@H]1C[C@@H](O[C@H]2C[C@@H](O)[C@H](O)[C@@H](C)O2)[C@@H](O)[C@@H](C)O1)C(=O)[C@@H](O)[C@@H](C)O,0,0.930530,0.824105,0.583449
C[C@H]1CN([C@@H](C)CO)C(=O)c2cc(cnc2O[C@H]1CN(C)C(=O)c1cnccn1)-c1cccc(c1)C#N,0,0.002869,0.021858,0.003565
C[N+](C)(C)CCCC[C@@H]1NC(=O)[C@H]2C[C@H]([C@H](N2C1=O)c1ccc(cc1)O)C(=O)NCCCCCCN,0,0.914021,0.205281,0.385715
COc1ccc(cc1)CN(C)C[C@H]1Oc2ccc(cc2CC(=O)N(C[C@@H]1C)[C@@H](C)CO)NS(=O)(=O)c1cn(cn1)C,0,0.013194,0.023906,0.003802
C[C@H]1CN([C@H](C)CO)C(=O)c2cc(ccc2O[C@@H]1CN(C)C(=O)NC1CCCCC1)NC(=O)Cn1cnnn1,0,0.023853,0.024995,0.006409
Nc1cccc(c1)OCc1ccccc1,0,0.185061,0.185713,0.065267
C[C@@H]1CN([C@@H](C)CO)S(=O)(=O)c2ccc(cc2O[C@H]1CN(C)Cc1cccnc1)C#CCN(C)C,0,0.061599,0.027262,0.005097
CO[C@H]1CN(C)C(=O)c2ccc(cc2OC[C@H](C)N(C[C@@H]1C)C(=O)Nc1c(noc1C)C)NC(=O)Nc1cccc(c1)F,0,0.247649,0.034384,0.017150
CN1C=CC(=O)NC1=O,0,0.128907,0.198369,0.120271
CC(CO)(CO)NS(=O)(=O)c1ccccc1,0,0.022518,0.199175,0.012163
C[C@@H]1CN([C@H](C)CO)C(=O)c2cc(ccc2O[C@@H]1CN(C)Cc1ccc(cc1)C(F)(F)F)NC(=O)Cn1cnnn1,0,0.404184,0.056081,0.048878
C[C@H]1CN([C@H](C)CO)C(=O)c2cc(ccc2O[C@H]1CN(C)Cc1ccc(cc1)-c1ccccc1)NC(=O)Nc1ccc(cc1)C(F)(F)F,0,0.668028,0.240023,0.127880
CCCNCC(O)COc1ccccc1C(=O)CCc1ccccc1.Cl,0,0.313933,0.283623,0.210871
C[C@@H]1CN([C@H](C)CO)C(=O)Cc2cc(ccc2O[C@@H]1CN(C)S(=O)(=O)c1ccc(cc1)C)N(C)C,0,0.013387,0.031691,0.008080
C[C@H]1CCCCO[C@@H](CN(C)Cc2ccncc2)[C@@H](C)CN([C@@H](C)CO)C(=O)c2cc(ccc2O1)NC(=O)CCC(F)(F)F,0,0.078407,0.157605,0.053669
CCS(=O)(=O)NCC[C@@H]1CC[C@@H](NS(=O)(=O)c2cccc(c2)F)[C@@H](CO)O1,0,0.050501,0.030795,0.011950
CCN(CC)[C@H]1CCS(=O)(=O)C1,0,0.033663,0.037256,0.013430
CCOC(=O)c1ccc(cc1)N1NC(=O)/C(=C/c2ccc(o2)[N+](=O)[O-])C1=O,0,0.982110,0.435892,0.523307
C[C@@H]1CCCCO[C@H](CN(C)S(=O)(=O)C)[C@@H](C)CN([C@@H](C)CO)C(=O)c2cc(ccc2O1)NC(=O)Nc1ccc(cc1)C(F)(F)F,0,0.146261,0.044597,0.017042
Cc1ccc(cc1)S(=O)(=O)N1C[C@@H](O)COC[C@H]2O[C@H](CC[C@@H]21)CC(=O)NCCN1CCCCC1,0,0.468193,0.060048,0.013875
C[C@H]1CCCCO[C@@H](CN(C)C(=O)NC2CCCCC2)[C@H](C)CN([C@@H](C)CO)C(=O)c2cc(ccc2O1)NC(=O)CCC(F)(F)F,0,0.134431,0.142927,0.041039
C1CC(CCN1)[C@@H](COc1ccc(cc1)-c1nc2ccccc2n1Cc1ccccc1)n1c(nc2ccccc12)-c1ccccc1,0,0.953290,0.207018,0.122681
O=C(O)CCCCCCCCCCCCC1C=CCC1,0,0.620365,0.267242,0.186805
Fc1ccc(cc1)N1N=C2NCCCN2C1=O,0,0.484565,0.123617,0.090950
CCCCc1cc(n2nc(cc2n1)-c1ccccc1)CCCC,0,0.870189,0.280318,0.391152
C[C@H]1CN([C@@H](C)CO)C(=O)Cc2cc(ccc2O[C@@H]1CN(C)Cc1ccc(cc1)-c1ccccc1)NS(=O)(=O)c1c(noc1C)C,0,0.015721,0.023585,0.004790
CC(C)NC(=O)N(C)C[C@@H]1OCCCC[C@H](C)Oc2ccc(cc2C(=O)N(C[C@H]1C)[C@@H](C)CO)NC(=O)C1CCCCC1,0,0.011927,0.026390,0.005456
CN(C)CCCNC(=O)C[C@@H]1CC[C@H]2[C@H](COc3ccc(cc3C(=O)N2C)NC(=O)c2ccc3c(c2)OCO3)O1,0,0.009881,0.025699,0.005740
COCC(=O)Nc1ccc2c(c1)OC[C@@H](C)N(C[C@@H](C)[C@@H](CN(C)C2=O)OC)C(=O)CN1CCOCC1,0,0.003438,0.022531,0.003584
C[C@H]1CN([C@@H](C)CO)C(=O)c2cc(ccc2O[C@@H]1CN(C)Cc1ccc2c(c1)OCO2)NC(=O)C1CC1,0,0.009726,0.024388,0.006096
O=C(O)c1ccc2c(c1)OCO2,0,0.572619,0.087930,0.044213
C[C@H]1CCCCO[C@@H](CN(C)S(=O)(=O)c2ccccc2)[C@H](C)CN([C@@H](C)CO)C(=O)c2cc(ccc2O1)NC(=O)Nc1ccccc1,0,0.002958,0.023732,0.002390
OC[C@H]1O[C@H](CCNC(=O)CN2CCOCC2)CC[C@H]1NC(=O)c1ccccc1F,0,0.060654,0.041786,0.031774
C[C@H]1CN([C@H](C)CO)C(=O)c2cccc(c2O[C@H]1CN(C)Cc1ccc(cc1)C(F)(F)F)NS(=O)(=O)c1ccc(cc1)C,0,0.224403,0.029460,0.013900
C[C@@H]1CN([C@@H](C)CO)C(=O)c2cc(ccc2O[C@@H]1CN(C)Cc1ccc(cc1)C(=O)O)NS(=O)(=O)c1c(noc1C)C,0,0.039503,0.031199,0.007174
OC[C@H]1O[C@@H](CCNC(=O)Nc2cc(ccc2F)F)CC[C@@H]1NC(=O)CN1CCOCC1,0,0.280193,0.073325,0.061525
COc1ccc(cc1)NC(=O)Nc1ccc2c(c1)C(=O)N(C[C@@H](C)[C@H](CN(C)Cc1ccc(cc1)C(=O)O)OCCCC[C@@H](C)O2)[C@H](C)CO,0,0.071836,0.021169,0.003025
C[C@H]1CCCCO[C@H](CN(C)C(=O)Nc2ccc(cc2)C(F)(F)F)[C@@H](C)CN([C@H](C)CO)C(=O)c2cc(ccc2O1)NS(=O)(=O)c1ccc(cc1)F,0,0.284785,0.167714,0.008495
COc1ccccc1-c1cnc2c(c1)C(=O)N(C[C@@H](C)[C@H](CN(C)C(=O)c1cccnc1)O2)[C@H](C)CO,0,0.005148,0.022049,0.003675
C[C@@H]1CCCCO[C@H](CN(C)C(=O)Nc2c(noc2C)C)[C@@H](C)CN([C@@H](C)CO)C(=O)c2cc(ccc2O1)NC(=O)Cc1ccccc1,0,0.017305,0.021869,0.002461
OC[C@H]1O[C@@H](CCNC(=O)CN2CCOCC2)CC[C@@H]1NS(=O)(=O)c1ccc(cc1)Cl,0,0.029340,0.032286,0.014428
CCc1nc2ccc(cn2c1N(Cc1ccc(cc1)OC)C=O)C(=O)N1CCN(CC1)C(=O)c1ccco1,0,0.000657,0.121297,0.058953
C[C@@H]1O[C@@H](O[C@H]2CC[C@@]3(C)[C@@H](CC[C@]4(C)[C@@H]3CC=C3[C@H]5CC(C)(C)CC[C@@]5([C@@H](O)C[C@]34C)C(=O)O[C@@H]3OC[C@H](O)[C@@H](O)[C@H]3O[C@H]3O[C@@H](C)[C@H](O[C@@H]4O[C@H](CO)[C@@H](O)[C@H](O)[C@H]4O)[C@@H](O)[C@H]3O)C2(C)C)[C@H](O)[C@H](O)[C@H]1O[C@@H]1OC[C@@H](O)[C@H](O)[C@H]1O,0,0.246538,0.266637,0.036647
CCS(=O)(=O)Nc1ccc2c(c1)C(=O)N(C)[C@H]1CC[C@H](CC(=O)N[C@H]3CCN(C3)Cc3ccccc3)O[C@H]1CO2,0,0.002397,0.025343,0.006435
COc1ccccc1C#Cc1ccc2c(c1)O[C@@H](CN(C)Cc1cncnc1)[C@@H](C)CN([C@H](C)CO)S2(=O)=O,0,0.093792,0.026591,0.005480
CN(C)/C=N/[C@H]1NC(=O)N(C)C(=N1)C1CC1,0,0.020505,0.037382,0.014349
C[C@@H]1CN([C@@H](C)CO)C(=O)c2cc(cnc2O[C@H]1CN(C)C(=O)Nc1ccc2c(c1)OCO2)-c1ccncc1,0,0.003138,0.021433,0.003517
COc1ccc(C=CC(=O)Nc2ccccc2C(=O)O)cc1OC,0,0.901983,0.134130,0.161390
C[C@H]1CN([C@@H](C)CO)C(=O)c2cccc(c2O[C@@H]1CN(C)S(=O)(=O)c1ccc(cc1)C)NC(=O)c1ccncc1,0,0.009546,0.023835,0.003736
CS(=O)(=O)Nc1ccc2c(c1)[C@H]1C[C@H](CC(=O)NCc3ccc(cc3)-c3ccccc3)O[C@H](CO)[C@H]1O2,0,0.033112,0.034133,0.010153
C[C@H]1CCCCO[C@H](CN(C)Cc2ccc(c(c2)Cl)Cl)[C@H](C)CN([C@H](C)CO)C(=O)c2cc(ccc2O1)NC(=O)Nc1ccc(cc1)C(F)(F)F,0,0.911151,0.032807,0.009248
C[C@@H]1CCCCO[C@@H](CN(C)S(=O)(=O)c2ccc(cc2)C)[C@H](C)CN([C@H](C)CO)C(=O)c2cc(ccc2O1)NS(=O)(=O)c1ccc(cc1)Cl,0,0.008762,0.024833,0.003234
CCCCCC1C(=O)CCC1CC(=O)OC,0,0.078044,0.147254,0.069860
C[C@H]1CN([C@H](C)CO)C(=O)Cc2cc(ccc2O[C@H]1CN(C)S(=O)(=O)c1ccc(cc1)Cl)NC(=O)Cn1cnnn1,0,0.015421,0.025506,0.005855
C[C@H]1CCCCO[C@H](CN(C)CC2CCCCC2)[C@@H](C)CN([C@H](C)CO)C(=O)c2cc(ccc2O1)NS(=O)(=O)c1ccc(cc1)C,0,0.028788,0.023895,0.007230
C[C@H]1CCCCO[C@H](CN(C)S(=O)(=O)c2c(noc2C)C)[C@@H](C)CN([C@@H](C)CO)C(=O)c2cc(ccc2O1)NC(=O)Nc1ccccc1,0,0.012177,0.023703,0.002420
C[C@H]1CN([C@H](C)CO)S(=O)(=O)c2ccc(cc2O[C@@H]1CN(C)C(=O)Cc1ccncc1)C#CC1CCCC1,0,0.033678,0.024347,0.004714
COc1ccc(cc1)CN(C)C[C@H]1OCCCC[C@@H](C)Oc2ccc(cc2C(=O)N(C[C@H]1C)[C@H](C)CO)NS(=O)(=O)c1c(noc1C)C,0,0.011470,0.025586,0.004016
C[C@@H]1CN([C@H](C)CO)C(=O)c2cc(ccc2O[C@@H]1CN(C)Cc1ccc(cc1)C(F)(F)F)NC(=O)C1CCCCC1,0,0.239591,0.088961,0.089108
C[C@@H]1CN([C@@H](C)CO)C(=O)c2cc(ccc2O[C@H]1CN(C)Cc1ccc(cc1)C(=O)O)NC(=O)Nc1ccc(cc1)C(F)(F)F,0,0.810290,0.211393,0.117022
COc1ccc(-c2coc3cc(O)cc(O)c3c2=O)cc1,0,0.344525,0.287520,0.272150
C[C@H]1CN([C@@H](C)CO)C(=O)c2cccc(c2O[C@@H]1CN(C)C(=O)Nc1ccc(cc1)C(F)(F)F)NC(=O)c1ccc(cc1)-c1nccs1,0,0.565704,0.053290,0.018581
C[C@@H]1CN([C@@H](C)CO)C(=O)Cc2cc(ccc2O[C@@H]1CN(C)S(=O)(=O)c1c(noc1C)C)NS(=O)(=O)C,0,0.006572,0.023395,0.005825
CC(C)NC(=O)Nc1ccc2c(c1)C(=O)N(C[C@H](C)[C@@H](CN(C)S(=O)(=O)c1ccc(cc1)F)O2)[C@@H](C)CO,0,0.062610,0.026312,0.006596
C[C@H]1CN([C@@H](C)CO)C(=O)Cc2cc(ccc2O[C@H]1CN(C)C(=O)Nc1ccc2c(c1)OCO2)NC(=O)C1CC1,0,0.004053,0.023003,0.003463
COCCOC(=O)N1C(=O)[C@]2([C@@H]([C@@H]3N([C@H]([C@H](OC3=O)c3ccccc3)c3ccccc3)[C@@H]2c2ccccc2OCCO)C(=O)N2CCN(CC2)c2ncccn2)c2cc(ccc21)C#Cc1ccc(cc1)OC,0,0.186876,0.065863,0.006717
C[C@H]1CN([C@H](C)CO)C(=O)Cc2cc(ccc2O[C@@H]1CN(C)C(=O)Nc1cccc2ccccc12)NC(=O)Nc1ccccc1,0,0.007209,0.020801,0.003481
OS(=O)(=O)CCN1C(=S)S/C(=C\c2cn(nc2-c2ccc(cc2)OCc2ccccc2)-c2ccccc2)C1=O,0,0.544162,0.451739,0.297686
CN1CCCN=C1C=Cc1cccs1.O=C(O)c1cc2ccccc2c(Cc2c(O)c(C(=O)O)cc3ccccc23)c1O,0,0.702866,0.618424,0.427460
CNC(=O)Cn1cc(cn1)N,0,0.272872,0.045083,0.015667
COc1ccc(cc1)-c1cnc2c(c1)C(=O)N(C[C@@H](C)[C@@H](CN(C)C(=O)C1CCOCC1)O2)[C@@H](C)CO,0,0.012054,0.022167,0.003793
C[C@H]1CN([C@H](C)CO)C(=O)Cc2cc(ccc2O[C@@H]1CN(C)Cc1ccc(cc1)Oc1ccccc1)NC(=O)c1ccncc1,0,0.002685,0.022517,0.003538
COc1ccc(cc1)NC(=O)N(C)C[C@@H]1OCCCC[C@H](C)Oc2ccc(cc2C(=O)N(C[C@H]1C)[C@@H](C)CO)NC(=O)c1ccncc1,0,0.005451,0.022165,0.002657
COC(=O)c1sc2ccccc2c1NC(=O)c1ccc(cc1)S(=O)(=O)N1C[C@@]2(C)C[C@@H]1CC(C)(C)C2,0,0.027141,0.088001,0.034764
C[C@H]1CN([C@@H](C)CO)C(=O)c2cc(cnc2O[C@@H]1CN(C)C(=O)c1ccncc1)C#CC1CCCCC1,0,0.006228,0.021380,0.003552
COc1ccc(cc1)S(=O)(=O)Nc1ccc2c(c1)C(=O)N(C[C@H](C)[C@@H](CN(C)Cc1ccc(cc1)C(F)(F)F)OCCCC[C@@H](C)O2)[C@@H](C)CO,0,0.062937,0.025286,0.004670
Cl.Cl.NCCSSCCN,0,0.000002,0.111251,0.098250
CC(C)NC(=O)Nc1ccc2c(c1)C(=O)N(C[C@@H](C)[C@@H](CN(C)CC1CCCCC1)OCCCC[C@@H](C)O2)[C@H](C)CO,0,0.097639,0.037288,0.015500
C[C@H]1CN([C@@H](C)CO)C(=O)c2cc(ccc2O[C@H]1CN(C)Cc1ccccc1)NS(=O)(=O)c1cn(cn1)C,0,0.025581,0.024299,0.004835
C[N+]1([O-])C2CCC1CC(OC(=O)C(CO)c1ccccc1)C2,0,0.049331,0.072191,0.047095
C[C@@H]1CCCCO[C@@H](CN(C)C(=O)CCC(F)(F)F)[C@@H](C)CN([C@H](C)CO)C(=O)c2cc(ccc2O1)NC(=O)Nc1ccc2c(c1)OCO2,0,0.034031,0.018177,0.008724
COCC(=O)N1CC[C@]2(CC1)CN([C@H](CO)c1c2c2ccc(cc2n1C)OC)C(=O)CN1CCOCC1,0,0.094446,0.076563,0.011597
C[C@H]1CN([C@H](C)CO)C(=O)c2cccc(c2O[C@@H]1CN(C)S(=O)(=O)c1cn(cn1)C)NS(=O)(=O)c1ccc(cc1)F,0,0.027911,0.025555,0.006148
COc1ccc(cc1)CN(C)C[C@@H]1OCCCC[C@H](C)Oc2ccc(cc2C(=O)N(C[C@@H]1C)[C@@H](C)CO)NS(=O)(=O)c1ccc(cc1)C,0,0.009745,0.025103,0.004303
CN1[C@H]2CC[C@@H](CC(=O)NC3Cc4ccccc4C3)O[C@@H]2COc2ccc(cc2C1=O)NC(=O)c1ccc(cc1)C(F)(F)F,0,0.245791,0.264659,0.286356
C[C@@H]1CN([C@H](C)CO)C(=O)c2cc(cnc2O[C@@H]1CN(C)C(=O)C1CCCCC1)C#CC1(O)CCCC1,0,0.032475,0.076374,0.021759
COc1ccc(cc1)S(=O)(=O)Nc1ccc2c(c1)C(=O)N(C[C@@H](C)[C@@H](CN(C)S(=O)(=O)c1c(noc1C)C)O2)[C@H](C)CO,0,0.011259,0.025254,0.004536
ONC(=O)CCCCCCC(=O)N/N=C/[C@H](O)[C@@H](O)[C@@H](O)[C@H](O)C(=O)O,0,0.003065,0.061297,0.014041
COc1ccc(cc1)NC(=O)N(C)C[C@H]1Oc2ncc(cc2C(=O)N(C[C@H]1C)[C@@H](C)CO)C#C[C@H](C)O,0,0.021172,0.041996,0.016072
C[C@H]1CN([C@H](C)CO)S(=O)(=O)c2ccc(cc2O[C@H]1CN(C)C(=O)c1ccc2c(c1)OCO2)-c1ccncc1,0,0.002934,0.027805,0.003237
COc1ccc(cc1)NC(=O)N(C)C[C@H]1OCCCC[C@@H](C)Oc2ccc(cc2C(=O)N(C[C@H]1C)[C@@H](C)CO)NS(=O)(=O)c1c(noc1C)C,0,0.010248,0.023653,0.002591
C[C@@H]1CN([C@@H](C)CO)C(=O)c2cccc(c2O[C@@H]1CN(C)S(=O)(=O)c1ccc(cc1)F)NC(=O)c1cnccn1,0,0.079701,0.025869,0.004575
C[C@@H]1CN([C@H](C)CO)C(=O)Cc2cc(ccc2O[C@@H]1CN(C)C(=O)Nc1cccc2ccccc12)NC(=O)Nc1cccc2ccccc12,0,0.006028,0.027018,0.004033
CO[C@H](CN(C)S(=O)(=O)c1ccc(cc1)F)[C@H](C)CN([C@@H](C)CO)S(=O)(=O)c1cccc(c1)Cl,0,0.401603,0.115235,0.014524
C[C@@H]1CCCCO[C@@H](CN(C)S(=O)(=O)c2ccc(cc2)C)[C@@H](C)CN([C@@H](C)CO)C(=O)c2cc(ccc2O1)NC(=O)Nc1ccc2c(c1)OCO2,0,0.003344,0.023732,0.002729
N[C@H]1CC[C@H](CCn2cc(nn2)C2CCCCC2)O[C@@H]1CO,0,0.794900,0.055440,0.036835
O=C(COC(=O)/C=C/c1cn(nc1-c1ccc2c(c1)OCCO2)-c1ccccc1)N[C@H]1CCS(=O)(=O)C1,0,0.074298,0.425761,0.279967
COc1ccc(c2ncccc12)NC(=O)[C@H]1[C@H](CC(=O)N1C(=O)OCc1ccccc1)c1ccc(cc1)C,0,0.450072,0.149215,0.278536
C[C@@H]1CN([C@H](C)CO)C(=O)c2cc(ccc2O[C@@H]1CN(C)Cc1ccc(cc1)Oc1ccccc1)NC(=O)c1ccncc1,0,0.001975,0.026402,0.006276
C[C@@H]1CN([C@@H](C)CO)C(=O)c2cccc(c2O[C@@H]1CN(C)S(=O)(=O)c1ccc(cc1)C)NC(=O)Nc1ccc(cc1)C(F)(F)F,0,0.480374,0.027414,0.010655
C[C@@H]1CCCCO[C@H](CN(C)C(=O)Nc2cccc3ccccc23)[C@H](C)CN([C@@H](C)CO)C(=O)c2cc(ccc2O1)NC(=O)c1ccccc1,0,0.002334,0.021397,0.002160
C[C@H]1CCCCO[C@@H](CN(C)S(=O)(=O)c2cn(cn2)C)[C@H](C)CN([C@H](C)CO)C(=O)c2cc(ccc2O1)NS(=O)(=O)c1cn(cn1)C,0,0.017281,0.027286,0.005137
C[C@H]1CN([C@@H](C)CO)C(=O)c2cc(ccc2O[C@@H]1CN(C)Cc1ccc(cc1)C(=O)O)NC(=O)C1CC1,0,0.113230,0.038237,0.026909
CN1CCN(CC1)C(=O)C[C@@H]1O[C@@H](CO)[C@H](NC(=O)Nc2ccccc2F)C=C1,0,0.641199,0.103373,0.097209
C[C@@H]1CN([C@@H](C)CO)C(=O)c2cc(ccc2O[C@H]1CN(C)S(=O)(=O)C)NS(=O)(=O)c1cn(cn1)C,0,0.017121,0.023740,0.005004
C[C@@H]1CN([C@H](C)CO)C(=O)CCCn2nncc2CO[C@H]1CN(C)C(=O)Nc1ccc2c(c1)OCO2,0,0.023233,0.023397,0.004529
COCC(=O)N1C[C@@H](C)[C@H](CN(C)C(=O)c2cc(ccc2OC[C@@H]1C)NC(=O)c1ccc(cc1)OC)OC,0,0.007637,0.023306,0.005553
C[C@@H]1CN([C@@H](C)CO)C(=O)c2cc(ccc2O[C@@H]1CN(C)C(=O)NC1CCCCC1)NC(=O)Nc1ccc(cc1)C(F)(F)F,0,0.727757,0.781196,0.497234
C[C@@H]1CN([C@H](C)CO)S(=O)(=O)c2ccc(cc2O[C@@H]1CN(C)S(=O)(=O)c1ccc(cc1)C)C#Cc1ccccc1,0,0.012985,0.028456,0.008110
C[C@H]1CN([C@H](C)CO)C(=O)Cc2cc(ccc2O[C@H]1CN(C)S(=O)(=O)c1cccs1)NS(=O)(=O)c1ccc(cc1)F,0,0.002667,0.023629,0.004545
CN(C)CCCNC(=O)C[C@H]1CC[C@H]2[C@@H](COC[C@@H](O)CN2S(=O)(=O)c2ccccc2)O1,0,0.286627,0.028246,0.014847
CO[C@@H](CN(C)S(=O)(=O)c1cccc(c1)Cl)[C@H](C)CN([C@H](C)CO)S(=O)(=O)c1cccc(c1)Cl,0,0.425007,0.140835,0.016693
C[C@@H]1CN([C@H](C)CO)C(=O)CCCn2nncc2CO[C@H]1CN(C)C(=O)Nc1ccc(cc1)N1CCCCC1,0,0.142916,0.030003,0.009534
C[C@@H]1CN([C@@H](C)CO)S(=O)(=O)c2ccc(cc2O[C@@H]1CN(C)S(=O)(=O)c1ccc(cc1)F)C1=CCCC1,0,0.016230,0.027606,0.006102
CCCS(=O)(=O)N1CCC[C@@H](C1)C(=O)NC,0,0.002828,0.029807,0.004826
C#CC1(O)CCC2C3CCC4=C(CCC(=O)C4)C3CCC21C,0,0.030194,0.228821,0.166956
C[C@H]1CCCCO[C@@H](CN(C)C(=O)Cc2ccccc2)[C@H](C)CN([C@H](C)CO)C(=O)c2cc(ccc2O1)NC(=O)Cc1ccccc1,0,0.000955,0.023199,0.003378
C[C@@H]1CN([C@@H](C)CO)C(=O)c2cccc(c2O[C@@H]1CN(C)Cc1ccc(c(c1)Cl)Cl)NC(=O)Nc1ccccc1,0,0.262635,0.092161,0.028653
C[C@H]1CCCCO[C@H](CN(C)C(=O)Cc2ccccc2)[C@@H](C)CN([C@@H](C)CO)C(=O)c2cc(ccc2O1)NC(=O)C1CCCCC1,0,0.002081,0.024019,0.003090
C[C@H]1CCCCO[C@H](CN(C)C(=O)c2ccccc2)[C@@H](C)CN([C@@H](C)CO)C(=O)c2cc(ccc2O1)NC(=O)Nc1ccccc1,0,0.003356,0.021770,0.002613
Cc1cccc(c1)S(=O)(=O)N1C[C@@H](O)COC[C@@H]2O[C@@H](CC[C@H]21)CC(=O)NCCCN1CCOCC1,0,0.228718,0.029061,0.011283
C[C@@H]1CN([C@H](C)CO)C(=O)c2cc(cnc2O[C@H]1CN(C)S(=O)(=O)c1ccc(cc1)F)Br,0,0.085763,0.027066,0.007758
C[C@H]1CCCCO[C@H](CN(C)C(=O)CCCN(C)C)[C@H](C)CN([C@H](C)CO)C(=O)c2cc(ccc2O1)NS(=O)(=O)C,0,0.006683,0.023288,0.003106
COc1ccc(cc1)S(=O)(=O)N(C)C[C@H]1Oc2ccc(cc2C(=O)N(C[C@@H]1C)[C@@H](C)CO)NS(=O)(=O)c1ccc(cc1)F,0,0.013111,0.025052,0.005084
C[C@H]1CN([C@H](C)CO)C(=O)Cc2cc(ccc2O[C@@H]1CN(C)Cc1ccc(c(c1)Cl)Cl)NS(=O)(=O)c1cccs1,0,0.016013,0.024621,0.004296
CO[C@@H]1CN(C)C(=O)c2ccc(cc2OC[C@H](C)N(CCC(F)(F)F)C[C@H]1C)NS(=O)(=O)c1cn(cn1)C,0,0.183799,0.066134,0.010461
COc1ccc(cc1)CN(C)C[C@@H]1OCCCC[C@@H](C)Oc2ccc(cc2C(=O)N(C[C@H]1C)[C@@H](C)CO)NS(=O)(=O)c1c(noc1C)C,0,0.011470,0.025586,0.004016
CCCNC(=O)N(C)C[C@@H]1Oc2cc(ccc2S(=O)(=O)N(C[C@H]1C)[C@@H](C)CO)C#Cc1cccc(c1)F,0,0.120448,0.028945,0.007177
OCc1ccccn1,0,0.040812,0.087271,0.029122
C[C@@H]1CN([C@@H](C)CO)C(=O)c2cc(cnc2O[C@H]1CN(C)S(=O)(=O)c1ccc(cc1)C)C#CC1(O)CCCC1,0,0.014125,0.023550,0.003948
C[C@H]1CCCCO[C@H](CN(C)Cc2ccc(cc2)C(F)(F)F)[C@@H](C)CN([C@H](C)CO)C(=O)c2cc(ccc2O1)NS(=O)(=O)c1ccc(cc1)C,0,0.081092,0.023501,0.004152
COC1C=COC2(C)Oc3c(C)c(O)c4c(O)c(c(C=NN5CCN(C6CCCC6)CC5)c(O)c4c3C2=O)NC(=O)C(C)=CC=CC(C)C(O)C(C)C(O)C(C)C(OC(C)=O)C1C,0,0.216088,0.527866,0.320868
COCC(=O)Nc1ccc2c(c1)C(=O)N(C)C[C@@H](OC)[C@@H](C)CN([C@H](C)CO2)C(=O)Cc1ccccn1,0,0.002618,0.023112,0.003945
OC[C@H]1O[C@@H](CC[C@H]1NC(=O)C1CC1)CC(=O)NCCCN1CCOCC1,0,0.084557,0.021500,0.008449
CC(C)(C)[S@](=O)N1Cc2cc(nc(c2[C@@H]1CCO)-c1cccc(c1)-c1cccc(c1)C#N)C(=O)NCCN1CCCCC1,0,0.079749,0.235766,0.151197
CC(C)c1ccccc1O,0,0.388807,0.301148,0.130667
Cc1ccccc1S(=O)(=O)N1C[C@H](O)COC[C@@H]2O[C@H](CC[C@H]21)CC(=O)NCCc1ccccc1,0,0.114865,0.073230,0.011048
C[C@@H]1CN([C@H](C)CO)C(=O)c2cc(ccc2O[C@@H]1CN(C)S(=O)(=O)c1c(noc1C)C)NS(=O)(=O)c1cn(cn1)C,0,0.027281,0.024072,0.004626
OCCN1C[C@@H](O)[C@@H](O)[C@@H](O)[C@@H]1CO,0,0.482580,0.073212,0.029778
NC1(CC1)C(=O)O,0,0.109841,0.068229,0.016962
C[C@H]1CCCCO[C@@H](CN(C)CC2CCCCC2)[C@H](C)CN([C@@H](C)CO)C(=O)c2cc(ccc2O1)NC(=O)CCC(F)(F)F,0,0.320472,0.199007,0.089733
CN1C(=O)N(C)c2nc(n(c2C1=O)CCN)N1CCCCC1,0,0.646510,0.064484,0.057652
C[C@@H]1CN([C@@H](C)CO)C(=O)c2cc(ccc2O[C@@H]1CN(C)S(=O)(=O)c1cccs1)NS(=O)(=O)c1ccc(cc1)C,0,0.003822,0.024032,0.004996
C[C@H]1CCCCO[C@H](CN(C)C(=O)Nc2cccc3ccccc23)[C@@H](C)CN([C@@H](C)CO)C(=O)c2cc(ccc2O1)NC(=O)Nc1ccc(cc1)C(F)(F)F,0,0.276433,0.020350,0.007307
CC(C)CNC(=O)[C@]1(CC(=O)N(Cc2cc(cc(c2)C(F)(F)F)C(F)(F)F)[C@@H]1c1ccc(cc1I)CO)Sc1ccc(cc1)C,0,0.980643,0.091596,0.045541
C[C@H]1CN([C@H](C)CO)C(=O)Cc2cc(ccc2O[C@H]1CN(C)S(=O)(=O)C)NC(=O)Nc1ccc2c(c1)OCO2,0,0.002784,0.024434,0.005550
NCCCCCNC(=O)[C@@H]1C[C@H]2N([C@@H]1c1cccc(c1)OCCO)C(=O)CNC2=O,0,0.358427,0.056518,0.037715
C[C@@H]1CN([C@H](C)CO)C(=O)c2cccc(c2O[C@@H]1CN(C)S(=O)(=O)c1cn(cn1)C)NC(=O)C1CCOCC1,0,0.018824,0.024310,0.004362
C[C@@H]1CN([C@H](C)CO)C(=O)c2cccc(c2O[C@H]1CN(C)S(=O)(=O)c1ccc(cc1)C)NS(=O)(=O)c1ccccc1,0,0.006443,0.026008,0.004868
CC(C)C(=O)O,0,0.015028,0.052348,0.015452
CCC(=O)Nc1ccc2c(c1)OC[C@H](C)N(C[C@H](C)[C@H](CN(C)C2=O)OC)C(=O)CN1CCOCC1,0,0.001568,0.025561,0.003215
CC(C)NC(=O)N(C)C[C@@H]1OCc2cn(nn2)CCCC(=O)N(C[C@@H]1C)[C@@H](C)CO,0,0.020558,0.024117,0.003881
N[C@@H](CCC(=O)N[C@@H](CSSC[C@H](NC(=O)CC[C@H](N)C(=O)O)C(=O)NCC(=O)O)C(=O)NCC(=O)O)C(=O)O,0,0.298982,0.248674,0.053914
C[C@H]1CN([C@H](C)CO)S(=O)(=O)c2ccc(cc2O[C@@H]1CN(C)C(=O)Cc1ccncc1)C#CC1CCCCC1,0,0.025815,0.024635,0.004927
C[C@H]1CCCCO[C@@H](CN(C)C(=O)NC2CCCCC2)[C@H](C)CN([C@H](C)CO)C(=O)c2cc(ccc2O1)NS(=O)(=O)c1cccs1,0,0.004469,0.024008,0.002768
COc1ccccc1CNC(=O)C[C@@H]1C[C@@H]2[C@@H](Oc3ccc(cc32)NC(=O)Nc2ccc(cc2)C(F)(F)F)[C@@H](CO)O1,0,0.644535,0.152931,0.123851
C[C@H]1CN([C@H](C)CO)C(=O)Cc2cc(ccc2O[C@@H]1CN(C)Cc1ccc(c(c1)Cl)Cl)NC(=O)C1CCCCC1,0,0.215335,0.074053,0.010043
C[C@H]1CN([C@H](C)CO)S(=O)(=O)c2ccc(cc2O[C@@H]1CN(C)C(=O)C1CCC1)C#Cc1ccncc1,0,0.020333,0.063289,0.006004
C[C@H]1CN([C@@H](C)CO)C(=O)c2cc(ccc2O[C@H]1CN(C)C(=O)Nc1ccccc1)NC(=O)CCN1CCOCC1,0,0.003137,0.022586,0.003554
C[C@H]1CCCCO[C@@H](CN(C)C(=O)Nc2ccccc2)[C@@H](C)CN([C@H](C)CO)C(=O)c2cc(ccc2O1)NC(=O)c1ccncc1,0,0.003014,0.022234,0.002221
NNC(=O)Cc1nc2ccccc2[nH]1,0,0.783390,0.092291,0.051595
C[C@H]1CCCCO[C@@H](CN(C)Cc2ccc3c(c2)OCO3)[C@@H](C)CN([C@H](C)CO)C(=O)c2cc(ccc2O1)NS(=O)(=O)c1ccc(cc1)Cl,0,0.007879,0.024544,0.002938
CN1CCN(C)[C@@H](CO)C1,0,0.069769,0.035522,0.011617
CC1(C)OC(=O)N(CCCC(=O)O)[C@@]1(C)O,0,0.361728,0.134075,0.055543
OCc1cccc(c1)Cn1cncn1,0,0.216842,0.113927,0.055688
COc1ccc(cc1)NC(=O)Nc1cccc2c1O[C@@H](CN(C)Cc1ccc(c(c1)Cl)Cl)[C@@H](C)CN([C@H](C)CO)C2=O,0,0.333338,0.033619,0.007025
C[C@H]1CN([C@@H](C)CO)C(=O)Cc2cc(ccc2O[C@H]1CN(C)C(=O)Nc1ccccc1)NS(=O)(=O)c1c(noc1C)C,0,0.005706,0.023691,0.003447
C[C@H]1CCCCO[C@@H](CN(C)C(=O)Nc2ccc(cc2)C(F)(F)F)[C@H](C)CN([C@@H](C)CO)C(=O)c2cc(ccc2O1)NS(=O)(=O)c1c(noc1C)C,0,0.227486,0.057652,0.017384
C[C@@H]1CN([C@H](C)CO)C(=O)c2cccc(c2O[C@@H]1CN(C)C(=O)Nc1ccc(cc1)C(F)(F)F)NC(=O)c1nc2ccccc2s1,0,0.364998,0.107906,0.079762
C[C@@H]1CN([C@@H](C)CO)C(=O)Cc2cc(ccc2O[C@H]1CN(C)Cc1ccccc1)NC(=O)Nc1cccc2ccccc12,0,0.013987,0.025197,0.006586
COc1ccc(cc1)NC(=O)Nc1ccc2c(c1)CC(=O)N(C[C@@H](C)[C@H](CN(C)C(=O)Nc1ccc(cc1)C(F)(F)F)O2)[C@H](C)CO,0,0.314261,0.032421,0.010964
C[C@H]1CCCCO[C@H](CN(C)S(=O)(=O)c2ccc(cc2)Cl)[C@H](C)CN([C@H](C)CO)C(=O)c2cc(ccc2O1)NC(=O)Nc1ccc(cc1)C(F)(F)F,0,0.399097,0.062882,0.006366
OC(=O)[C@H](Cc1ccc(cc1)Nc1nccc2ccncc12)NC1=C(Br)C(=O)C21CCCCC2,0,0.951222,0.737472,0.743457
C[N+]1(C)CCCC(OC(=O)C(O)(c2ccccc2)c2ccccc2)C1.[Br-],0,0.813218,0.564571,0.427416
C[C@@H]1CN([C@H](C)CO)C(=O)c2cccc(c2O[C@@H]1CN(C)Cc1ccc2c(c1)OCO2)NC(=O)c1cc(nn1C)C,0,0.007485,0.026001,0.005468
COc1ccc(cc1)S(=O)(=O)Nc1cccc2c1O[C@@H](CN(C)S(=O)(=O)c1c(noc1C)C)[C@H](C)CN([C@@H](C)CO)C2=O,0,0.017081,0.027270,0.004869
CC(C)NC(=O)Nc1ccc2c(c1)C(=O)N(C[C@@H](C)[C@@H](CN(C)S(=O)(=O)c1cn(cn1)C)O2)[C@@H](C)CO,0,0.037183,0.024277,0.005087
C[C@@H]1CCCCO[C@@H](CN(C)C(=O)Nc2ccccc2)[C@H](C)CN([C@H](C)CO)C(=O)c2cc(ccc2O1)NS(=O)(=O)c1ccc(cc1)C,0,0.006506,0.023732,0.002525
COc1ccc(cc1)S(=O)(=O)N(C)C[C@H]1OCCCC[C@@H](C)Oc2ccc(cc2C(=O)N(C[C@@H]1C)[C@@H](C)CO)NS(=O)(=O)c1cn(cn1)C,0,0.010344,0.024416,0.003141
C[C@@H]1CN([C@H](C)CO)C(=O)c2cc(ccc2O[C@H]1CN(C)S(=O)(=O)C)NS(=O)(=O)c1ccc(cc1)C,0,0.007831,0.025365,0.006262
CN1CCN(CC1)C(=O)C[C@@H]1CC[C@@H]2[C@H](COc3ccc(cc3C(=O)N2C)NC(=O)c2cccs2)O1,0,0.020018,0.022909,0.009451
C[C@@H]1CN([C@@H](C)CO)C(=O)c2cc(ccc2O[C@@H]1CN(C)C(=O)Nc1ccc(cc1)C(F)(F)F)NC(=O)Cc1cn(c2ccccc12)C,0,0.449668,0.052251,0.020192
C[C@@H]1CN([C@@H](C)CO)C(=O)Cc2cc(ccc2O[C@@H]1CN(C)Cc1ccncc1)NS(=O)(=O)c1c(noc1C)C,0,0.005066,0.023777,0.003264
C[C@H](O)C#Cc1ccc2c(c1)O[C@@H](CN(C)C(=O)c1ccccc1)[C@H](C)CN([C@@H](C)CO)S2(=O)=O,0,0.010271,0.025427,0.007758
C[C@@H]1CN([C@H](C)CO)C(=O)Cc2cc(ccc2O[C@H]1CN(C)S(=O)(=O)c1ccc(cc1)F)NS(=O)(=O)c1ccccc1,0,0.003561,0.023701,0.004255
CSC(=N)NCCC[C@H](N)C(=O)O,0,0.561776,0.066908,0.030183
C[C@H]1CN([C@H](C)CO)C(=O)c2cc(ccc2O[C@H]1CN(C)C(=O)NC1CCCCC1)NS(=O)(=O)c1cn(cn1)C,0,0.053710,0.025129,0.003747
C[C@@H]1CCCCO[C@@H](CN(C)C(=O)NC2CCCCC2)[C@@H](C)CN([C@@H](C)CO)C(=O)c2cc(ccc2O1)NC(=O)Nc1ccccc1,0,0.010308,0.022100,0.003012
C[C@@H]1CCCCO[C@H](CN(C)Cc2ccncc2)[C@@H](C)CN([C@H](C)CO)C(=O)c2cc(ccc2O1)NC(=O)NC1CCCCC1,0,0.024644,0.024062,0.002985
C[C@H]1CN([C@@H](C)CO)C(=O)c2cccc(c2O[C@@H]1CN(C)C(=O)NC1CCCCC1)NC(=O)Nc1ccc(cc1)C(F)(F)F,0,0.755066,0.885084,0.871466
CC(C)NC(=O)N(C)C[C@H]1Oc2c(cccc2C(=O)N(C[C@@H]1C)[C@@H](C)CO)NC(=O)NC1CCCCC1,0,0.045885,0.026111,0.011492
C[C@@H]1CCCCO[C@H](CN(C)C(=O)Nc2c(noc2C)C)[C@@H](C)CN([C@H](C)CO)C(=O)c2cc(ccc2O1)NC(=O)Nc1ccc2c(c1)OCO2,0,0.011198,0.023367,0.002884
C[C@@H]1CN([C@@H](C)CO)C(=O)c2cc(ccc2O[C@H]1CN(C)Cc1ccc(cc1)C(=O)Nc1ccccc1N)NC(=O)Nc1ccc(cc1)C(F)(F)F,0,0.305390,0.034784,0.007256
COC(=O)CCCCCCC(=O)N/N=C/[C@H](O)[C@@H](O)[C@H](O)[C@H](O)CO[C@H]1O[C@H](CO)[C@H](O)[C@H](O)[C@H]1O,0,0.001622,0.298432,0.174195
O=C1C[C@H]2N(CCNC2=O)C(=N1)NC(=O)c1ccccc1,0,0.000177,0.192555,0.058065
C[C@@H]1CN([C@@H](C)CO)C(=O)Cc2cc(ccc2O[C@H]1CN(C)Cc1ccc(cc1)C(F)(F)F)NS(=O)(=O)c1ccc(cc1)C,0,0.053135,0.024654,0.005180
O[C@H]1COC[C@H]2O[C@H](CC[C@@H]2N(C1)C(=O)c1cccnc1)CC(=O)NCC1CC1,0,0.153720,0.046147,0.015350
CN(C)c1cnccn1.O=S(=O)(O)O,0,0.299013,0.132205,0.103937
C[C@H]1CN([C@H](C)CO)C(=O)c2cccc(c2O[C@H]1CN(C)S(=O)(=O)c1cn(cn1)C)NS(=O)(=O)c1cn(cn1)C,0,0.045584,0.032253,0.007100
C[C@@H]1CCCCO[C@H](CN(C)S(=O)(=O)c2ccc(cc2)C)[C@@H](C)CN([C@H](C)CO)C(=O)c2cc(ccc2O1)NS(=O)(=O)c1ccc(cc1)C,0,0.003271,0.025900,0.003034
OC[C@H]1O[C@@H](OC[C@H]2O[C@@H](O[C@@H](C#N)c3ccccc3)[C@H](O)[C@@H](O)[C@@H]2O)[C@H](O)[C@@H](O)[C@@H]1O,0,0.034113,0.066927,0.073476
C[C@H]1CCCCO[C@H](CN(C)CC2CCCCC2)[C@@H](C)CN([C@H](C)CO)C(=O)c2cc(ccc2O1)NC(=O)Cc1ccccc1,0,0.028404,0.025382,0.009387
CN(C)[C@H]1[C@@H]2[C@@H](O)[C@@H]3C(=C)c4cccc(c4C(=O)C3=C(O)[C@]2(O)C(=C(C(=O)N)C1=O)O)O,0,0.855970,0.737992,0.613373
C[C@@H]1CCCCO[C@@H](CN(C)C(=O)Nc2ccccc2)[C@@H](C)CN([C@@H](C)CO)C(=O)c2cc(ccc2O1)NC(=O)Nc1ccc2c(c1)OCO2,0,0.006610,0.021960,0.002116
COc1ccc(cc1)S(=O)(=O)Nc1ccc2c(c1)C(=O)N(C[C@H](C)[C@H](CN(C)C(=O)CCC(F)(F)F)OCCCC[C@H](C)O2)[C@H](C)CO,0,0.022759,0.037847,0.005476
COCCNC(=O)C[C@H]1CC[C@@H](NS(=O)(=O)c2ccc(cc2)C)[C@@H](CO)O1,0,0.027547,0.025672,0.009304
CN(C)C(=O)C[C@H]1CC[C@H]2[C@@H](COC[C@@H](O)CN2S(=O)(=O)c2ccccc2)O1,0,0.071159,0.030722,0.012555
COc1cc(cc(c1O[C@H]1C=C(C[C@@H](NC[C@@H]2CCCO2)[C@@H]1O)C(=O)NCCO)I)CO,0,0.177583,0.667825,0.241304
C[C@@H]1CN([C@H](C)CO)C(=O)Cc2cc(ccc2O[C@H]1CN(C)C(=O)NC1CCCCC1)NS(=O)(=O)c1cn(cn1)C,0,0.018717,0.023456,0.003524
O[C@@H]1COC[C@H]2O[C@@H](CC[C@@H]2N(C1)Cc1cccc(c1)C(F)(F)F)CC(=O)NCCc1ccncc1,0,0.907248,0.294589,0.275730
C[C@@H]1CN([C@@H](C)CO)C(=O)Cc2cc(ccc2O[C@@H]1CN(C)Cc1ccc(cc1)C(=O)Nc1ccccc1N)NC(=O)CCC(F)(F)F,0,0.056415,0.017627,0.005162
CO[C@H]1/C=C/C=C(\C)C[C@H](C)[C@H](O)[C@H](C)/C=C(C)/C=C(\OC)C(=O)O[C@@H]1[C@@H](C)[C@@H](O)[C@H](C)C(=O)/C=C/[C@H](C)[C@H](O)C(C)C,0,0.681850,0.672382,0.359356
FC(F)(F)c1cccc(c1)NC(=O)c1ccc2ccccc2c1,0,0.869501,0.409486,0.365011
COCC#Cc1ccc2c(c1)O[C@@H](CN(C)S(=O)(=O)c1ccc(cc1)F)[C@H](C)CN([C@H](C)CO)S2(=O)=O,0,0.088321,0.025452,0.006060
Cc1ccc(cc1)S[C@@]1(CC(=O)N(Cc2ccccc2)[C@@H]1c1ccc(cc1I)CO)C(=O)NCC(F)(F)F,0,0.782454,0.211162,0.151692
C[C@@H]1CN([C@@H](C)CO)C(=O)c2cc(cnc2O[C@H]1CN(C)S(=O)(=O)c1cccc(c1)F)-c1cccc(c1)C(=O)N(C)C,0,0.006061,0.023755,0.004202
COc1ccc(cc1)S(=O)(=O)N(C)C[C@H]1Oc2ccc(cc2CC(=O)N(C[C@@H]1C)[C@H](C)CO)NC(=O)NC(C)C,0,0.010673,0.026387,0.007233
C[C@H]1CN([C@@H](C)CO)C(=O)c2cc(ccc2O[C@H]1CN(C)Cc1ccc(c(c1)Cl)Cl)NS(=O)(=O)c1ccc(cc1)Cl,0,0.120035,0.027116,0.010176
C[C@H]1CCCCO[C@H](CN(C)C(=O)CCC(F)(F)F)[C@H](C)CN([C@@H](C)CO)C(=O)c2cc(ccc2O1)NC(=O)CCC(F)(F)F,0,0.091072,0.207464,0.084694
COC(=O)C1=C(N)N(C2=C([C@@H]1c1ccc(cc1)OC)C(=O)CC(C)(C)C2)c1cccc(c1)C(F)(F)F,0,0.982919,0.816887,0.570375
Cc1ccc(cc1)S(=O)(=O)N1C[C@H](O)COC[C@@H]2O[C@@H](CC[C@H]21)CC(=O)NCCN1CCCCC1,0,0.468193,0.060048,0.013875
COc1cc(cc(c1OC)OC)/C=C/C(=O)NCCCNC(=O)/C=C/c1cc(c(c(c1)OC)OC)OC,0,0.811552,0.142704,0.062158
OC[C@H]1CC[C@@H]2O[C@H](CCc3ccc(cc3)C#CCc3ccccc3)[C@H](C[C@@H]2O1)n1cc(nn1)-c1ccccc1,0,0.812041,0.065080,0.039265
C[C@H]1CN([C@@H](C)CO)C(=O)Cc2cc(ccc2O[C@@H]1CN(C)S(=O)(=O)C)NC(=O)NC1CCCCC1,0,0.004998,0.024215,0.005178
C[C@H]1CCCCO[C@@H](CN(C)C(=O)CCCN(C)C)[C@H](C)CN([C@@H](C)CO)C(=O)c2cc(ccc2O1)NS(=O)(=O)c1cn(cn1)C,0,0.022723,0.024466,0.003311
OC[C@@H]1O[C@@H](CC(=O)NCc2ccncn2)C=C[C@@H]1NC(=O)c1ccc(cc1)F,0,0.231784,0.079708,0.054585
COc1cccc(c1)S(=O)(=O)N(C)C[C@H]1Oc2ncc(cc2C(=O)N(C[C@@H]1C)[C@H](C)CO)C#CC(C)C,0,0.016420,0.023545,0.004386
O[C@@H]1COC[C@@H]2O[C@H](CC[C@H]2N(C1)S(=O)(=O)c1ccccc1)CC(=O)NCCN1CCCCC1,0,0.263153,0.107126,0.013827
Nc1ccc(S(=O)(=O)c2ccc(N)cc2)cc1,0,0.556221,0.084623,0.067564
C[C@@H]1CN([C@@H](C)CO)C(=O)CCCn2cc(nn2)CO[C@H]1CN(C)C(=O)Oc1cccc2ccccc12,0,0.149553,0.031646,0.013805
CNC[C@H]1OCCCC[C@H](C)Oc2ccc(cc2C(=O)N(C[C@@H]1C)[C@@H](C)CO)NS(=O)(=O)c1c(noc1C)C,0,0.022613,0.023990,0.005286
O=C1CCCC2C3CC(CN12)C1CCCCN1C3.[O-][Cl+3]([O-])([O-])O,0,0.996199,0.221119,0.077746
CN(Cc1cnc2nc(N)nc(N)c2n1)c1ccc(C(=O)NC(CCC(=O)O)C(=O)O)cc1.O,0,0.039893,0.349065,0.170022
C[C@H]1CCCCO[C@H](CN(C)S(=O)(=O)c2cccs2)[C@H](C)CN([C@H](C)CO)C(=O)c2cc(ccc2O1)NC(=O)Nc1ccc2c(c1)OCO2,0,0.000889,0.023703,0.002780
C[C@H]1CN([C@@H](C)CO)C(=O)c2c(c3ccccc3n2C)-c2ccccc2CO[C@@H]1CN(C)Cc1ccc(cc1)F,0,0.157940,0.033472,0.028245
CO[C@H]1CN(C)C(=O)c2cc(ccc2OC[C@@H](C)N(C[C@H]1C)Cc1nccs1)NS(=O)(=O)CC(F)(F)F,0,0.014080,0.033691,0.009602
C[C@@H]1CCCCO[C@H](CN(C)C(=O)Nc2ccc3c(c2)OCO3)[C@H](C)CN([C@@H](C)CO)C(=O)c2cc(ccc2O1)NC(=O)Nc1ccc2c(c1)OCO2,0,0.001691,0.024302,0.002678
C[C@H]1CCCCO[C@H](CN(C)Cc2ccc(cc2)C(F)(F)F)[C@@H](C)CN([C@@H](C)CO)C(=O)c2cc(ccc2O1)NS(=O)(=O)c1ccc(cc1)F,0,0.186977,0.023418,0.004479
C[C@@H]1CCCCO[C@H](CN(C)S(=O)(=O)c2ccc(cc2)F)[C@H](C)CN([C@H](C)CO)C(=O)c2cc(ccc2O1)NS(=O)(=O)C,0,0.014479,0.024169,0.003970
CN1CCN(CC1)C(=O)C[C@@H]1CC[C@H]2[C@@H](COC[C@H](O)CN2Cc2ccc3c(c2)OCO3)O1,0,0.388983,0.035018,0.009757
Cc1ccnn1-c1ccc(cc1)CN,0,0.232031,0.158083,0.077996
C[C@H]1CN([C@@H](C)CO)C(=O)CCCn2nncc2CO[C@H]1CN(C)C(=O)c1ccc(cc1)N1CCN(C)CC1,0,0.104639,0.022132,0.005744
C[C@@H]1CN([C@H](C)CO)C(=O)c2cccc(c2O[C@@H]1CN(C)S(=O)(=O)c1cccs1)NS(=O)(=O)c1cn(cn1)C,0,0.011246,0.024312,0.005496
CN1CCN(C2=Nc3cc(Cl)ccc3Nc3ccccc32)CC1,0,0.991241,0.445292,0.307460
C[C@H]1CCCCO[C@@H](CN(C)S(=O)(=O)c2ccc(cc2)Cl)[C@H](C)CN([C@H](C)CO)C(=O)c2cc(ccc2O1)NC(=O)Cc1ccccc1,0,0.005093,0.026795,0.003069
O[C@H]1C[C@](O)(C[C@H](O)[C@@H]1O)C(=O)O,0,0.004368,0.059177,0.016633
COc1ccc(cc1)-c1cnc2c(c1)C(=O)N(C[C@@H](C)[C@H](CN(C)C(=O)Cc1cccnc1)O2)[C@@H](C)CO,0,0.007334,0.022834,0.003561
C[C@@H]1CN([C@@H](C)CO)C(=O)c2cc(ccc2O[C@@H]1CN(C)Cc1ccc(cc1)Oc1ccccc1)NC(=O)Cc1cn(c2ccccc12)C,0,0.006324,0.023271,0.003585
CC(C)NC(=O)N(C)C[C@@H]1Oc2cc(ccc2S(=O)(=O)N(C[C@@H]1C)[C@H](C)CO)C#Cc1cccc(c1)F,0,0.128946,0.050638,0.008022
COCC(=O)N[C@@H]1C=C[C@H](CC(=O)N2CCCCC2)O[C@@H]1CO,0,0.049430,0.023580,0.010465
C[C@@H]1CN([C@H](C)CO)S(=O)(=O)c2ccc(cc2O[C@@H]1CN(C)Cc1cncnc1)C#CC1CCCC1,0,0.091120,0.025006,0.005596
C[C@H]1CCCCO[C@@H](CN(C)C(=O)Nc2ccc(cc2)F)[C@H](C)CN([C@H](C)CO)C(=O)c2cc(ccc2O1)NC(=O)CCC(F)(F)F,0,0.312523,0.027212,0.013141
CCC(=O)NS(=O)(=O)c1ccccc1,0,0.071710,0.049915,0.008825
COc1ccc(cc1)S(=O)(=O)Nc1ccc2c(c1)C(=O)N(C[C@H](C)[C@@H](CN(C)C(=O)Nc1cccc3ccccc13)OCCCC[C@@H](C)O2)[C@@H](C)CO,0,0.002948,0.024099,0.002455
C[C@H]1CN([C@H](C)CO)C(=O)Cc2cc(ccc2O[C@@H]1CN(C)Cc1ccc(cc1)C(=O)Nc1ccccc1N)NC(=O)Nc1ccc(cc1)F,0,0.043492,0.022553,0.002912
COc1ccc(cc1)S(=O)(=O)Nc1ccc2c(c1)C(=O)N(C[C@@H](C)[C@H](CN(C)C(=O)Nc1ccc3c(c1)OCO3)OCCCC[C@@H](C)O2)[C@H](C)CO,0,0.001991,0.024081,0.002777
CCn1nc(c(c1C)[C@@H](C)N)C,0,0.270762,0.065449,0.022786
COc1ccc(c2c1CCCC2=O)C,0,0.485675,0.041087,0.041956
C[C@H]1CN([C@@H](C)CO)C(=O)Cc2cc(ccc2O[C@@H]1CN(C)S(=O)(=O)c1c(noc1C)C)NC(=O)Cc1ccccc1,0,0.003487,0.024906,0.004009
C[C@H]1CN([C@@H](C)CO)C(=O)c2cc(ccc2O[C@H]1CN(C)Cc1ccc(cc1)Oc1ccccc1)NC(=O)C1CCCCC1,0,0.013777,0.027793,0.011935
CC(C)NC(=O)N(C)C[C@@H]1Oc2ccc(cc2C(=O)N(C[C@H]1C)[C@@H](C)CO)NS(=O)(=O)c1ccccc1,0,0.011944,0.028082,0.006564
COc1ccc(cc1)COC[C@]12Oc3ccccc3[C@@H](NC(=O)N2C)[C@H]1COC(=O)NCCCCCC(=O)NO,0,0.001831,0.067369,0.121065
COCC(=O)Nc1ccc2c(c1)OC[C@H](C)N(C[C@H](C)[C@@H](CN(C)C2=O)OC)Cc1ccccc1OC,0,0.033677,0.032576,0.006373
CCCC#Cc1ccc2c(c1)O[C@H](CN(C)Cc1ccc3c(c1)OCO3)[C@H](C)CN([C@H](C)CO)S2(=O)=O,0,0.031768,0.028906,0.004044
COc1ccc(CN(CCN(C)C)c2ncccn2)cc1.Cl,0,0.756607,0.242078,0.209391
C[C@@H]1CN([C@@H](C)CO)S(=O)(=O)c2ccc(cc2O[C@H]1CN(C)C(=O)C1CCOCC1)Br,0,0.069699,0.038758,0.009197
C[C@@H]1CN([C@@H](C)CO)C(=O)Cc2cc(ccc2O[C@H]1CN(C)C(=O)Nc1c(noc1C)C)NC(=O)Cn1cnnn1,0,0.028816,0.022028,0.005844
C[C@@H]1CCCCO[C@H](CN(C)CC2CC2)[C@@H](C)CN([C@H](C)CO)C(=O)c2cc(ccc2O1)NC(=O)Nc1ccc2c(c1)OCO2,0,0.029696,0.024926,0.005483
CCCCC(=O)OC1CCC2C3CCc4cc(O)ccc4C3CCC12C,0,0.231213,0.280675,0.182871
C[C@@H]1CN([C@H](C)CO)C(=O)Cc2cc(ccc2O[C@H]1CN(C)S(=O)(=O)c1ccc(cc1)F)NC(=O)Nc1cccc2ccccc12,0,0.011044,0.026091,0.003879
C[C@H]1CCCCO[C@H](CN(C)CC2CCCCC2)[C@@H](C)CN([C@@H](C)CO)C(=O)c2cc(ccc2O1)NC(=O)Nc1ccc(cc1)F,0,0.241116,0.038366,0.020609
CO[C@@H]1CN(C)C(=O)c2ccc(cc2OC[C@@H](C)N(C[C@H]1C)Cc1ccc(cc1)OC)NC(=O)c1nc2ccccc2s1,0,0.006499,0.036105,0.011559
C[C@@H]1CCCCO[C@H](CN(C)Cc2ccncc2)[C@@H](C)CN([C@@H](C)CO)C(=O)c2cc(ccc2O1)NC(=O)C1CCCCC1,0,0.021337,0.022665,0.003647
CC(C)NC(=O)N(C)C[C@@H]1Oc2cc(ccc2S(=O)(=O)N(C[C@H]1C)[C@@H](C)CO)C#Cc1cccc(c1)F,0,0.128946,0.050638,0.008022
COc1ccc(cc1)S(=O)(=O)N(C)C[C@@H]1Oc2ccc(cc2C(=O)N(C[C@H]1C)[C@@H](C)CO)NC(=O)CCN1CCOCC1,0,0.002569,0.024884,0.003247
COCC(=O)N(C)C[C@H]1Oc2cc(ccc2S(=O)(=O)N(C[C@@H]1C)[C@H](C)CO)C#C[C@H](C)O,0,0.035869,0.024742,0.008396
Cc1ccnc(c1)N1CCNCC1,0,0.159938,0.045117,0.018284
CCCC[C@@H](CC)COc1ccc(c(c1)O)-c1nc(nc(n1)-c1ccc(cc1O)OC[C@@H](CC)CCCC)-c1ccc(cc1)OC,0,0.962292,0.465096,0.090996
C[C@@H]1CN([C@H](C)CO)C(=O)c2cc(ccc2O[C@@H]1CN(C)Cc1ccc(cc1)Oc1ccccc1)NC(=O)NC1CCCCC1,0,0.015613,0.026995,0.009832
COc1ccc(cc1)CNC(=O)N(C)C[C@@H]1OCc2ccccc2-c2c(n(c3ccccc23)C)C(=O)N(C[C@@H]1C)[C@@H](C)CO,0,0.024746,0.025182,0.006524
OC[C@@H]1[C@H]2CN3C(=O)C=CC=C3[C@@H]([C@H]1C(=O)NCCN1CCCC1)N2C(=O)NC1CCCC1,0,0.111423,0.038478,0.019027
C[C@H]1CN([C@@H](C)CO)C(=O)CCCn2cc(nn2)CO[C@@H]1CN(C)S(=O)(=O)c1ccc(cc1)-n1cccn1,0,0.008157,0.024283,0.003977
CC(C)(CO)C(O)C(=O)NCCCO,0,0.004615,0.065502,0.029788
CCCCCCCCCCCCCCSCC(=O)O,0,0.036303,0.185575,0.095773
CNC(=O)c1cccc(c1)S(=O)(=O)N,0,0.000015,0.049337,0.007356
C[C@@H]1CN([C@H](C)CO)S(=O)(=O)c2ccc(cc2O[C@H]1CN(C)C(=O)CN(C)C)-c1cncnc1,0,0.170977,0.174385,0.012039
CC(C)NC(=O)N(C)C[C@@H]1Oc2ccc(cc2CC(=O)N(C[C@@H]1C)[C@H](C)CO)NC(=O)Nc1ccc2c(c1)OCO2,0,0.010442,0.022771,0.004400
C[C@H]1CN([C@@H](C)CO)C(=O)Cc2cc(ccc2O[C@@H]1CN(C)Cc1ccc(cc1)C(=O)O)NC(=O)C1CC1,0,0.137765,0.053871,0.024791
N[C@@H](CCC(=O)N)C(=O)O,0,0.008758,0.039673,0.012892
C[C@H]1CCCCO[C@@H](CN(C)Cc2ccc(cc2)C(F)(F)F)[C@H](C)CN([C@@H](C)CO)C(=O)c2cc(ccc2O1)NC(=O)Nc1ccc(cc1)F,0,0.569378,0.027166,0.009188
C[C@@H]1CN([C@H](C)CO)C(=O)c2cc(ccc2O[C@@H]1CN(C)CC1CCCCC1)NC(=O)Nc1ccc(cc1)C(F)(F)F,0,0.750039,0.906234,0.933507
C[C@@H]1CN([C@H](C)CO)C(=O)Cc2cc(ccc2O[C@H]1CN(C)S(=O)(=O)c1ccc(cc1)F)NC(=O)CCCN(C)C,0,0.015131,0.027035,0.006244
CN1CCN(CC1)C(=O)C[C@@H]1C[C@H]2[C@H](Oc3ccc(cc32)NC(=O)c2ccc3c(c2)OCO3)[C@H](CO)O1,0,0.016744,0.024928,0.009421
C[C@H]1CN([C@@H](C)CO)C(=O)c2cccc(c2O[C@@H]1CN(C)S(=O)(=O)c1cn(cn1)C)NC(=O)Nc1c(noc1C)C,0,0.077971,0.025268,0.005345
C[C@@H]1CN([C@H](C)CO)S(=O)(=O)c2ccc(cc2O[C@H]1CN(C)S(=O)(=O)c1cn(cn1)C)C1=CCCC1,0,0.006666,0.023246,0.003818
C[C@H]1CCCCO[C@@H](CN(C)Cc2ccncc2)[C@@H](C)CN([C@@H](C)CO)C(=O)c2cc(ccc2O1)NC(=O)Nc1ccccc1,0,0.014176,0.025822,0.003620
COc1ccc(cc1)CN(C)C[C@H]1OCCCC[C@@H](C)Oc2ccc(cc2C(=O)N(C[C@H]1C)[C@@H](C)CO)NC(=O)Nc1ccc(cc1)OC,0,0.036179,0.030626,0.004204
C[C@@H]1CN([C@@H](C)CO)C(=O)Cc2cc(ccc2O[C@H]1CN(C)C(=O)Nc1ccc(cc1)C(F)(F)F)NC(=O)Nc1cccc2ccccc12,0,0.226300,0.039726,0.015226
COc1ccc(cc1)NC(=O)N(C)C[C@@H]1OCCCC[C@@H](C)Oc2ccc(cc2C(=O)N(C[C@H]1C)[C@H](C)CO)NC(=O)Nc1ccccc1,0,0.011313,0.021728,0.002616
C[C@@H]1CN([C@H](C)CO)S(=O)(=O)c2ccc(cc2O[C@H]1CN(C)C(=O)Cc1ccncc1)-c1cncnc1,0,0.015806,0.025968,0.005235
CCc1nc2ccccc2nc1CC,0,0.634926,0.268544,0.160086
C[C@@H]1CN([C@@H](C)CO)C(=O)Cc2cc(ccc2O[C@@H]1CN(C)Cc1ccc(cc1)Oc1ccccc1)NS(=O)(=O)c1cccs1,0,0.000717,0.023940,0.003290
C[C@H]1CN([C@H](C)CO)C(=O)CCCn2cc(nn2)CO[C@@H]1CN(C)S(=O)(=O)c1ccccc1C#N,0,0.004016,0.023749,0.004827
Clc1cccc(c1)/C=C\1/C(=O)c2cccc3cccc1c23,0,0.711334,0.192768,0.083705
CC(C)(C)[C@H]1COC(=O)[C@H](CC=CC[C@H](CC(=O)N(CCO)Cc2ccccc2)C(=O)N1)NC(=O)OCC1c2ccccc2-c2ccccc21,0,0.001555,0.066873,0.023137
CN1[C@@H]2CC[C@@H](CC(=O)Nc3cn(nc3C)C)O[C@H]2COc2ccc(cc2C1=O)NC(=O)C1CCOCC1,0,0.024329,0.026453,0.005328
Cc1cn(C2C=CC(CO)O2)c(=O)[nH]c1=O,0,0.779870,0.151632,0.132365
Nc1ccc(C(=O)[O-])cc1.[K+],0,0.930676,0.131520,0.099075
CC(C)NC(=O)Nc1ccc2c(c1)C(=O)N(C[C@@H](C)[C@@H](CN(C)C(=O)Nc1c(noc1C)C)O2)[C@@H](C)CO,0,0.054584,0.026099,0.008701
CCS(=O)(=O)N1C[C@]2(CN(C2)C(=O)c2ccc3c(c2)OCO3)c2c(n(c3cc(ccc23)OC)C)[C@H]1CO,0,0.001055,0.025296,0.005600
C[C@H]1CN([C@@H](C)CO)C(=O)c2cc(ccc2O[C@H]1CN(C)S(=O)(=O)c1ccccc1)NC(=O)Nc1cccc2ccccc12,0,0.005734,0.026428,0.003678
COC[C@H](O)CNNC(=O)OC(C)(C)C,0,0.497147,0.095726,0.039686
O=C(OC1Cc2c(O)cc(O)cc2OC1c1cc(O)c(=O)c2c(O)c(O)cc(C3Oc4cc(O)cc(O)c4CC3O)c2c1)c1cc(O)c(O)c(O)c1,0,0.931712,0.069092,0.031747
C[C@H]1CN([C@@H](C)CO)C(=O)Cc2cc(ccc2O[C@@H]1CN(C)C(=O)Nc1cccc2ccccc12)NC(=O)Cn1cnnn1,0,0.010860,0.025597,0.006581
C[C@@H]1CCCCO[C@H](CN(C)C(=O)Nc2ccc(cc2)F)[C@@H](C)CN([C@@H](C)CO)C(=O)c2cc(ccc2O1)NC(=O)NC1CCCCC1,0,0.085266,0.025096,0.004686
C[C@H]1CN([C@H](C)CO)C(=O)c2cc(ccc2O[C@H]1CN(C)C(=O)Nc1ccc(cc1)F)NC(=O)Nc1ccc(cc1)C(F)(F)F,0,0.899335,0.548606,0.566505
COc1cc(OC)c2ccc(=O)oc2c1,0,0.366862,0.145708,0.089963
COc1ccc(cc1)CN(C)C[C@@H]1OCCCC[C@@H](C)Oc2ccc(cc2C(=O)N(C[C@@H]1C)[C@@H](C)CO)NS(=O)(=O)c1ccc(cc1)Cl,0,0.016555,0.025647,0.003732
C[C@@H]1CN([C@H](C)CO)C(=O)Cc2cc(ccc2O[C@@H]1CN(C)Cc1ccc(cc1)C(=O)O)NS(=O)(=O)C,0,0.020010,0.030269,0.005661
CCCCCCCCCCCCCCCC(=O)OCC(O)CO,0,0.011977,0.353362,0.086783
C[C@@H]1CCCCO[C@@H](CN(C)C(=O)Nc2ccc(cc2)F)[C@H](C)CN([C@H](C)CO)C(=O)c2cc(ccc2O1)NC(=O)NC1CCCCC1,0,0.085266,0.025096,0.004686
CC(C)NC(=O)N(C)C[C@H]1Oc2ccc(cc2CC(=O)N(C[C@H]1C)[C@@H](C)CO)NS(=O)(=O)c1c(noc1C)C,0,0.010719,0.024203,0.004760
CN1CCN(c2c(F)cc3c(=O)c(C(=O)O)cn(CCF)c3c2F)CC1,1,0.875672,0.836319,0.923656
Cl.Clc1ccccc1CN1CCc2sccc2C1,0,0.236889,0.279713,0.166518
COc1ccc(cc1)NC(=O)Nc1ccc2c(c1)C(=O)N(C[C@H](C)[C@@H](CN(C)Cc1ccc(cc1)C(F)(F)F)OCCCC[C@@H](C)O2)[C@H](C)CO,0,0.198827,0.021261,0.004719
C[C@H]1CN([C@H](C)CO)C(=O)c2cc(ccc2O[C@H]1CN(C)C(=O)Nc1ccc2c(c1)OCO2)NC(=O)Nc1ccc(cc1)C(F)(F)F,0,0.432714,0.058871,0.041180
FC(F)(F)c1ccc(c(c1)NC(=O)c1ccc(cc1)S(=O)(=O)N1CCCC1)-n1cnc2ccccc12,0,0.463297,0.098497,0.064598
COc1ccc(cc1)NC(=O)Nc1ccc2c(c1)C(=O)N(C[C@@H](C)[C@H](CN(C)S(=O)(=O)c1ccc(cc1)C)OCCCC[C@H](C)O2)[C@@H](C)CO,0,0.007507,0.023792,0.002779
C[C@@H]1CCCCO[C@H](CN(C)S(=O)(=O)c2ccc(cc2)F)[C@@H](C)CN([C@@H](C)CO)C(=O)c2cc(ccc2O1)NC(=O)C1CCCCC1,0,0.013701,0.023796,0.003136
OCC(=O)N1C[C@H]2C[C@@H]1C[C@@H]2Oc1cccnc1,0,0.006925,0.038775,0.011507
COc1ccc(cc1)NC(=O)N(C)C[C@H]1Oc2ccc(cc2C(=O)N(C[C@@H]1C)[C@H](C)CO)NS(=O)(=O)c1cn(cn1)C,0,0.051696,0.023209,0.003310
C[C@H]1CN([C@H](C)CO)S(=O)(=O)c2ccc(cc2O[C@H]1CN(C)S(=O)(=O)c1ccc(cc1)C)C#Cc1ccccc1,0,0.012985,0.028456,0.008110
OC[C@H]1O[C@@H](C[C@@H]2[C@H]1Oc1ccc(cc12)NC(=O)Nc1ccccc1F)CC(=O)NCc1ccc(cc1)Oc1ccccc1,0,0.125152,0.027384,0.021125
C[C@H]1CN([C@H](C)CO)S(=O)(=O)c2ccc(cc2O[C@@H]1CN(C)C(=O)c1ccccn1)C#Cc1ccc(cc1)F,0,0.018673,0.027742,0.004438
C[C@H]1CN([C@H](C)CO)C(=O)Cc2cc(ccc2O[C@@H]1CN(C)S(=O)(=O)c1c(noc1C)C)NC(=O)CCN1CCOCC1,0,0.001775,0.025227,0.003551
CCCCC(=O)OC1(C(=O)CO)C(C)CC2C3CCC4=CC(=O)C=CC4(C)C3(F)C(O)CC21C,0,0.056810,0.209757,0.066737
C[C@@H]1CCCCO[C@@H](CN(C)C(=O)c2ccccc2)[C@H](C)CN([C@@H](C)CO)C(=O)c2cc(ccc2O1)NS(=O)(=O)c1ccc(cc1)F,0,0.005643,0.023732,0.002377
C[C@H]1CCCCO[C@@H](CN(C)C(=O)Nc2ccc(cc2)F)[C@@H](C)CN([C@@H](C)CO)C(=O)c2cc(ccc2O1)NS(=O)(=O)c1c(noc1C)C,0,0.061611,0.029773,0.003235
COc1ccc(cc1)S(=O)(=O)N(C)C[C@H]1OCCCC[C@H](C)Oc2ccc(cc2C(=O)N(C[C@H]1C)[C@@H](C)CO)NC(=O)C1CCCCC1,0,0.005102,0.025067,0.003313
CCCCOc1cc(C(=O)OCCN(CC)CC)ccc1N.Cl,0,0.619581,0.343694,0.298060
CC(C)(C)OC(=O)C[C@H](CC=C)C(=O)OC[C@@H](Cc1c[nH]c2ccccc12)NC(=O)[C@@H](CC=C)CC(=O)NCCO,0,0.024234,0.122908,0.048489
C[N+](C)(C)CCCCCCNC(=O)[C@H]1C[C@@H]2N([C@H]1c1ccc(cc1)O)C(=O)[C@H](Cc1ccccc1)NC2=O,0,0.681722,0.169839,0.247411
CCOC(=O)C[C@@H](N)c1cccc(c1)O,0,0.264097,0.088151,0.079475
C[C@H]1CCCCO[C@H](CN(C)C(=O)C2CCCCC2)[C@@H](C)CN([C@H](C)CO)C(=O)c2cc(ccc2O1)NC(=O)Nc1ccc2c(c1)OCO2,0,0.011106,0.022347,0.002787
C[C@@H]1CN([C@H](C)CO)C(=O)c2cccc(c2O[C@H]1CN(C)Cc1ccc2c(c1)OCO2)NS(=O)(=O)c1cn(cn1)C,0,0.013208,0.024144,0.003971
CN(C)CCCNC(=O)C[C@@H]1O[C@@H](CO)[C@@H](NC(=O)Nc2c(noc2C)C)C=C1,0,0.552752,0.093975,0.031463
COc1ccc(cc1)S(=O)(=O)N(C)C[C@H]1Oc2ccc(cc2CC(=O)N(C[C@H]1C)[C@@H](C)CO)NC(=O)CCN1CCOCC1,0,0.001081,0.024502,0.003575
COc1ccc(cc1)CN(C)C[C@@H]1OCCCC[C@@H](C)Oc2ccc(cc2C(=O)N(C[C@@H]1C)[C@@H](C)CO)NS(=O)(=O)c1ccccc1,0,0.004687,0.024135,0.002987
O[C@@H]1COC[C@@H]2O[C@H](CC[C@H]2N(C1)S(=O)(=O)c1ccc(cc1)Cl)CC(=O)NCCN1CCCC1,0,0.656070,0.049306,0.029843
CN1C[C@H]2CN(CCN2C[C@@H](C1)C(=O)O)C(=O)c1ccncc1F,0,0.096266,0.455203,0.294112
C[C@@H]1CN([C@H](C)CO)C(=O)c2c(c3ccccc3n2C)-c2ccccc2CO[C@@H]1CN(C)Cc1ccc(cc1)Oc1ccccc1,0,0.045150,0.027795,0.010233
CCCC#Cc1ccc2c(c1)O[C@H](CN(C)S(=O)(=O)c1cccc(c1)OC)[C@@H](C)CN([C@H](C)CO)S2(=O)=O,0,0.011953,0.025499,0.003871
COCCN[C@H]1CS(=O)(=O)C[C@@H]1O,0,0.006137,0.096248,0.058859
CC(C)(C)C(=O)CC1(O)CCCCC1,0,0.253703,0.160927,0.064385
CCC(=O)Nc1nc(cs1)C(=O)NC,0,0.052479,0.043603,0.025506
C[C@@H]1CN([C@@H](C)CO)C(=O)c2cccc(c2O[C@@H]1CN(C)S(=O)(=O)C)NC(=O)CCCCCC(=O)Nc1ccccc1N,0,0.006006,0.024858,0.003692
C[C@@H]1CN([C@H](C)CO)C(=O)c2cccc(c2O[C@@H]1CN(C)Cc1ccc(cc1)-c1ccccc1)NC(=O)c1ccc(cc1)-c1nccs1,0,0.021391,0.024281,0.004687
C[C@@H]1CN([C@@H](C)CO)C(=O)Cc2cc(ccc2O[C@H]1CN(C)S(=O)(=O)C)NC(=O)Nc1ccc(cc1)C(F)(F)F,0,0.086631,0.051186,0.037007
Oc1c(Cl)c(Cl)c(Cl)c(Cl)c1Cl,1,0.999389,0.477699,0.276850
C[C@@H]1CN([C@H](C)CO)C(=O)Cc2cc(ccc2O[C@H]1CN(C)Cc1ccc(cc1)-c1ccccc1)NS(=O)(=O)c1ccc(cc1)F,0,0.022285,0.025018,0.005305
CO[C@H]1CN(C)C(=O)c2cc(ccc2OC[C@@H](C)N(C[C@@H]1C)C(=O)C1CCOCC1)NC(=O)CC(F)(F)F,0,0.132200,0.187259,0.136228
C[C@@H]1CN([C@@H](C)CO)C(=O)c2cc(ccc2O[C@H]1CN(C)S(=O)(=O)c1ccc(cc1)F)NS(=O)(=O)c1ccc(cc1)C,0,0.018741,0.025257,0.005639
C[C@@H]1CCCCO[C@@H](CN(C)C(=O)c2ccccc2)[C@@H](C)CN([C@H](C)CO)C(=O)c2cc(ccc2O1)NS(=O)(=O)c1ccc(cc1)F,0,0.005643,0.023732,0.002377
C[C@@H]1CCCCO[C@H](CN(C)Cc2ccc3c(c2)OCO3)[C@H](C)CN([C@H](C)CO)C(=O)c2cc(ccc2O1)NS(=O)(=O)c1ccccc1,0,0.001967,0.023732,0.002661
CN[C@H]1[C@H](O)[C@@H](O)[C@H](CO)O[C@H]1O[C@H]1[C@@H](O[C@@H](C)[C@]1(O)C=O)O[C@@H]1[C@@H](O)[C@H](O)[C@@H](NC(=N)N)[C@H](O)[C@H]1NC(=N)N,0,0.997883,0.746927,0.882430
C[C@@H]1CCCCO[C@H](CN(C)S(=O)(=O)c2ccccc2)[C@@H](C)CN([C@H](C)CO)C(=O)c2cc(ccc2O1)NC(=O)Nc1c(noc1C)C,0,0.006509,0.023835,0.002333
COc1ccc(cc1)NC(=O)Nc1cccc2c1O[C@H](CN(C)Cc1ccc(cc1)Oc1ccccc1)[C@H](C)CN([C@@H](C)CO)C2=O,0,0.010260,0.027684,0.005182
COCOC[C@H](C)N1C[C@@H](C)[C@H](CN(C)S(=O)(=O)c2ccc(cc2)F)OCCCC[C@H](C)Oc2ccc(cc2C1=O)NC(=O)Nc1ccccc1,0,0.027111,0.029406,0.005269
C[C@@H]1CN([C@@H](C)CO)C(=O)c2cc(ccc2O[C@H]1CN(C)Cc1ccc(cc1)-c1ccccc1)NC(=O)Nc1ccc2c(c1)OCO2,0,0.024549,0.023617,0.005856
CCCC(=O)Nc1ccc2c(c1)C(=O)N(C)C[C@@H](OC)[C@H](C)CN([C@H](C)CO2)C(=O)Cc1ccccn1,0,0.001296,0.022306,0.003581
C[C@@H]1CCCCO[C@@H](CN(C)C(=O)C2CCCCC2)[C@H](C)CN([C@@H](C)CO)C(=O)c2cc(ccc2O1)NC(=O)CCCCCC(=O)Nc1ccccc1N,0,0.002892,0.022513,0.002813
COc1ccc(cc1)S(=O)(=O)Nc1ccc2c(c1)C(=O)N(C[C@H](C)[C@H](CN(C)C(=O)Nc1ccc(cc1)C(F)(F)F)OCCCC[C@H](C)O2)[C@H](C)CO,0,0.148422,0.088927,0.011069
C[C@H]1C(=O)O[C@@H]2CCN3CC=C(COC(=O)[C@](C)(O)[C@]1(C)O)[C@H]23,0,0.022367,0.694258,0.529740
CCCCC[C@@H](C)N,0,0.007960,0.133754,0.040903
COc1ccc(cc1)NC(=O)Nc1ccc2c(c1)C(=O)N(C[C@H](C)[C@@H](CN(C)C(=O)c1ccccc1)OCCCC[C@H](C)O2)[C@H](C)CO,0,0.003357,0.021820,0.002079
CN1[C@@H]2CC[C@@H](CC(=O)N3CCOCC3)O[C@H]2COc2ccc(cc2C1=O)NS(=O)(=O)C,0,0.000714,0.022895,0.004316
COc1ccc(cc1)S(=O)(=O)Nc1ccc2c(c1)CC(=O)N(C[C@H](C)[C@@H](CN(C)Cc1ccc(c(c1)Cl)Cl)O2)[C@H](C)CO,0,0.025145,0.026779,0.004861
CNC(=O)Oc1ccc2c(c1)[C@]1(C)CCN(C)[C@@H]1N2C.CNC(=O)Oc1ccc2c(c1)[C@]1(C)CCN(C)[C@@H]1N2C.OS(=O)(=O)O,0,0.998677,0.268655,0.252083
OC(=O)C[C@@H](NCCN[C@H](CC(=O)O)C(=O)O)C(=O)O,0,0.088822,0.040087,0.020738
CN(C)C(=O)C[C@@H]1CC[C@H](NC(=O)C2CCOCC2)[C@@H](CO)O1,0,0.021877,0.020705,0.005478
C[C@H]1CN([C@@H](C)CO)C(=O)Cc2cc(ccc2O[C@@H]1CN(C)S(=O)(=O)C)NS(=O)(=O)c1ccccc1,0,0.001185,0.023729,0.005014
C[C@H]1CCCCO[C@H](CN(C)CC2CCCCC2)[C@H](C)CN([C@@H](C)CO)C(=O)c2cc(ccc2O1)NC(=O)Nc1ccc(cc1)C(F)(F)F,0,0.720274,0.310841,0.274590
Fc1ccc(cc1)/C=C/1\NC(=C)OC1=O,0,0.003516,0.185688,0.126929
C[C@H]1CN([C@@H](C)CO)C(=O)Cc2cc(ccc2O[C@H]1CN(C)C(=O)Nc1ccc(cc1)F)NS(=O)(=O)C,0,0.028512,0.028058,0.007673
COc1ccc(cc1)S(=O)(=O)Nc1ccc2c(c1)CC(=O)N(C[C@H](C)[C@H](CN(C)Cc1ccc(cc1)Oc1ccccc1)O2)[C@@H](C)CO,0,0.001189,0.026616,0.003338
CCOC(=O)c1ccc(o1)CNS(=O)(=O)c1ccc(cc1)S(=O)(=O)N1CCOCC1,0,0.002163,0.032980,0.015204
C[C@@H]1CCCCO[C@@H](CN(C)C(=O)Nc2ccc(cc2)F)[C@H](C)CN([C@H](C)CO)C(=O)c2cc(ccc2O1)NC(=O)C1CCCCC1,0,0.068868,0.023620,0.003997
COc1ccc(cc1)[C@@H](NC(=O)C1CCN(CCOc2ccc(cc2Cl)Cl)CC1)c1ccco1,0,0.511646,0.912728,0.931326
C[C@@H]1CN([C@@H](C)CO)C(=O)Cc2cc(ccc2O[C@H]1CN(C)Cc1ccc(cc1)C(F)(F)F)NC(=O)Nc1cccc2ccccc12,0,0.152842,0.030438,0.010110
COc1ccc(cc1)CN(C)C[C@@H]1OCCCC[C@H](C)Oc2ccc(cc2C(=O)N(C[C@@H]1C)[C@@H](C)CO)NC(=O)Nc1c(noc1C)C,0,0.075538,0.036189,0.006497
CC1(C)CC(=O)C(=CNC(CO)(CO)CO)C(=O)C1,0,0.807105,0.115260,0.063673
C[C@H]1CCCCO[C@@H](CN(C)CC2CCCCC2)[C@H](C)CN([C@@H](C)CO)C(=O)c2cc(ccc2O1)NC(=O)c1ccncc1,0,0.018108,0.024825,0.004914
CC(C)CC#Cc1ccc2c(c1)O[C@@H](CN(C)C(=O)C1CCOCC1)[C@@H](C)CN([C@@H](C)CO)S2(=O)=O,0,0.046818,0.028408,0.007100
COCC#Cc1cnc2c(c1)C(=O)N(C[C@@H](C)[C@H](CN(C)C(=O)Nc1ccccc1OC)O2)[C@H](C)CO,0,0.096185,0.023030,0.007028
OCCSCCO,0,0.000067,0.080938,0.054659
C[C@@H]1CN([C@H](C)CO)S(=O)(=O)c2ccc(cc2O[C@H]1CN(C)C(=O)Cc1ccncc1)C#CC1(O)CCCC1,0,0.014688,0.023579,0.004000
CCCNC(=O)C[C@@H]1CC[C@@H]2[C@H](COc3ccc(cc3C(=O)N2C)NS(=O)(=O)c2ccccc2C)O1,0,0.005198,0.026901,0.006334
NNC(=O)C1=NO[C@H]2COC3(CCN(CC3)c3ncccn3)OC[C@H]21,0,0.193128,0.186577,0.084473
C[C@@H]1CCCCO[C@@H](CN(C)CC2CC2)[C@@H](C)CN([C@H](C)CO)C(=O)c2cc(ccc2O1)NC(=O)NC1CCCCC1,0,0.157486,0.029441,0.013272
C[C@@H](O)c1cccc(c1)C(F)(F)F,0,0.930450,0.205811,0.118913
COc1ccc(cc1)S(=O)(=O)N(C)C[C@@H]1Oc2ccc(cc2C(=O)N(C[C@@H]1C)[C@H](C)CO)NS(=O)(=O)c1ccc(cc1)C,0,0.008180,0.026113,0.004735
C[C@@H]1CN([C@H](C)CO)C(=O)c2cccc(c2O[C@@H]1CN(C)C(=O)Nc1ccc(cc1)C(F)(F)F)NC(=O)c1ccc(cc1)-c1nccs1,0,0.565704,0.053290,0.018581
OC[C@H]1O[C@@H](CC[C@H]1NC(=O)Nc1ccc2c(c1)OCO2)CC(=O)NCCCN1CCOCC1,0,0.055848,0.024653,0.012798
C[C@@H]1CCCCO[C@@H](CN(C)Cc2ccc(cc2)C(F)(F)F)[C@H](C)CN([C@H](C)CO)C(=O)c2cc(ccc2O1)NC(=O)NC1CCCCC1,0,0.279247,0.023726,0.014082
C[C@H]1CN([C@H](C)CO)C(=O)c2cccc(c2O[C@@H]1CN(C)Cc1ccc(cc1)Oc1ccccc1)NC(=O)Cc1ccccc1,0,0.005173,0.027030,0.008473
C[C@@H]1CN([C@@H](C)CO)C(=O)c2cc(ccc2O[C@H]1CN(C)Cc1ccc(cc1)Oc1ccccc1)NS(=O)(=O)c1c(noc1C)C,0,0.003810,0.023708,0.004672
CC(C)NC(=O)N(C)C[C@H]1Oc2ccc(cc2CC(=O)N(C[C@@H]1C)[C@@H](C)CO)NC(=O)Cn1cnnn1,0,0.016735,0.024844,0.007898
COc1cccc(c1)-c1ccc2c(c1)O[C@@H](CN(C)C(=O)C1CC1)[C@@H](C)CN([C@@H](C)CO)S2(=O)=O,0,0.029643,0.025213,0.005390
C[C@H]1CN([C@@H](C)CO)C(=O)Cc2cc(ccc2O[C@@H]1CN(C)C(=O)Nc1ccc(cc1)F)NC(=O)CCCCCC(=O)Nc1ccccc1N,0,0.030619,0.025238,0.003718
C[C@@H]1CCCCO[C@@H](CN(C)S(=O)(=O)c2cccs2)[C@@H](C)CN([C@@H](C)CO)C(=O)c2cc(ccc2O1)NS(=O)(=O)c1cn(cn1)C,0,0.003963,0.024597,0.002978
OC[C@@H]1O[C@@H](CC[C@@H]1NC(=O)C1CC1)CC(=O)NCCCN1CCOCC1,0,0.084557,0.021500,0.008449
C[C@@H]1CN([C@H](C)CO)C(=O)Cc2cc(ccc2O[C@@H]1CN(C)S(=O)(=O)C)NC(=O)Nc1ccccc1,0,0.004394,0.027951,0.006950
C[C@@H]1CCCCO[C@@H](CN(C)S(=O)(=O)c2cccs2)[C@@H](C)CN([C@H](C)CO)C(=O)c2cc(ccc2O1)NS(=O)(=O)c1cn(cn1)C,0,0.003963,0.024597,0.002978
C[C@H]1CN([C@H](C)CO)C(=O)c2cc(cnc2O[C@H]1CN(C)S(=O)(=O)C)Br,0,0.009368,0.030526,0.005277
C[C@H]1CN([C@@H](C)CO)C(=O)Cc2cc(ccc2O[C@H]1CN(C)S(=O)(=O)c1ccc(cc1)Cl)NC(=O)Nc1cccc2ccccc12,0,0.013612,0.026429,0.003466
C[C@@H]1CN([C@@H](C)CO)C(=O)CCCn2cc(nn2)CO[C@H]1CN(C)C(=O)Nc1ccc2c(c1)OCCO2,0,0.012528,0.022095,0.004480
C[C@@H]1CN([C@@H](C)CO)C(=O)c2cc(cnc2O[C@H]1CN(C)C(=O)c1ccc2c(c1)OCO2)Br,0,0.005255,0.024298,0.008550
CCC(=O)N1C[C@]2(C1)CN([C@H](CO)c1c2c2ccc(cc2n1C)OC)S(=O)(=O)C,0,0.008219,0.031479,0.010861
CO[C@@H]1CN(C)C(=O)c2cc(ccc2OC[C@@H](C)N(C[C@H]1C)C(=O)C1CCOCC1)NC(=O)CC(F)(F)F,0,0.132200,0.187259,0.136228
C[C@@H]1CN([C@@H](C)CO)C(=O)Cc2cc(ccc2O[C@H]1CN(C)Cc1ccc(cc1)Oc1ccccc1)NS(=O)(=O)c1cccs1,0,0.000717,0.023940,0.003290
CCCCOC(=O)c1ccc(O)cc1,0,0.097307,0.201499,0.130160
CCCCCCCCCCCCCCCCCCOC[C@H](COP(=O)(O)O[C@H]1[C@@H](O)[C@@H](O)[C@@H](O)C[C@@H]1OC)OC,0,0.000247,0.572912,0.493708
CC(=O)OCC1=C(C(=O)[O-])N2C(=O)C(NC(=O)CSc3ccncc3)C2SC1.[Na+],1,0.990960,0.958090,0.986899
C[C@H]1CN([C@H](C)CO)C(=O)c2cccc(c2O[C@@H]1CN(C)Cc1ccc(cc1)C(=O)O)NS(=O)(=O)c1cn(cn1)C,0,0.197498,0.030086,0.004323
C[C@@H]1CCCCO[C@H](CN(C)Cc2ccc(cc2)C(=O)O)[C@H](C)CN([C@@H](C)CO)C(=O)c2cc(ccc2O1)NC(=O)NC1CCCCC1,0,0.111640,0.044257,0.011352
C[C@@H]1CN([C@@H](C)CO)C(=O)c2c(c3ccccc3n2C)-c2ccccc2CO[C@H]1CN(C)C(=O)Nc1ccc(cc1)-c1ccccc1,0,0.029544,0.026075,0.006978
CC(C)NC(=O)N(C)C[C@H]1OCCCC[C@H](C)Oc2ccc(cc2C(=O)N(C[C@@H]1C)[C@H](C)CO)NC(=O)Nc1ccccc1,0,0.012735,0.027315,0.006326
C[C@H]1CCCCO[C@@H](CN(C)C(=O)Nc2ccc(cc2)F)[C@@H](C)CN([C@H](C)CO)C(=O)c2cc(ccc2O1)NS(=O)(=O)c1ccc(cc1)C,0,0.030416,0.023789,0.002750
C[C@@H]1CCCCO[C@H](CN(C)Cc2ccc(cc2)C(F)(F)F)[C@@H](C)CN([C@@H](C)CO)C(=O)c2cc(ccc2O1)NC(=O)c1ccccc1,0,0.089291,0.020809,0.004570
CN1[C@H]2CC[C@H](CC(=O)N3CCOCC3)O[C@H]2COc2ccc(cc2C1=O)NC(=O)c1cscn1,0,0.001859,0.024552,0.008490
COc1cccc(c1)-c1ccc2c(c1)O[C@@H](CN(C)C(=O)C1CC1)[C@H](C)CN([C@@H](C)CO)S2(=O)=O,0,0.029643,0.025213,0.005390
C[C@H]1CN([C@@H](C)CO)C(=O)c2cc(ccc2O[C@@H]1CN(C)C(=O)Nc1cccc2ccccc12)NC(=O)CCCCCC(=O)Nc1ccccc1N,0,0.006154,0.021619,0.002373
C[C@H]1CN([C@H](C)CO)C(=O)c2cc(ccc2O[C@@H]1CN(C)Cc1ccc2c(c1)OCO2)NS(=O)(=O)c1c(noc1C)C,0,0.004352,0.023505,0.004632
CO[C@H]1CN(C)C(=O)c2ccc(cc2OC[C@@H](C)N(C[C@@H]1C)Cc1cccc(c1)F)NS(=O)(=O)c1cn(cn1)C,0,0.051890,0.024773,0.005284
Cc1oc2ccccc2c1-c1csc(n1)-c1ccccc1,0,0.058750,0.166536,0.072972
C[C@@H]1CN([C@H](C)CO)C(=O)c2cc(ccc2O[C@H]1CN(C)S(=O)(=O)c1ccc(cc1)F)NC(=O)C1CC1,0,0.039109,0.025940,0.004829
C[C@H]1CN([C@@H](C)CO)C(=O)c2cccc(c2O[C@@H]1CN(C)C(=O)Nc1ccc(cc1)C(F)(F)F)NC(=O)CCCCCC(=O)Nc1ccccc1N,0,0.569185,0.039377,0.018837
C[C@H]1CN([C@H](C)CO)C(=O)c2cc(ccc2O[C@@H]1CN(C)Cc1ccc(cc1)C(=O)O)NC(=O)Nc1ccc(cc1)C(F)(F)F,0,0.810290,0.211393,0.117022
C[C@@H]1CCCCO[C@@H](CN(C)C(=O)Nc2ccc3c(c2)OCO3)[C@H](C)CN([C@H](C)CO)C(=O)c2cc(ccc2O1)NC(=O)Nc1ccc(cc1)F,0,0.026868,0.024130,0.002621
CNS(=O)(=O)c1cc(ccc1OC)OC,0,0.240376,0.048658,0.016661
C[C@H]1CN([C@@H](C)CO)C(=O)Cc2cc(ccc2O[C@@H]1CN(C)C(=O)Nc1ccccc1)NS(=O)(=O)C,0,0.004521,0.026080,0.005781
COc1ccc(cc1)CN(C)C[C@H]1Oc2c(cccc2C(=O)N(C[C@H]1C)[C@H](C)CO)NS(=O)(=O)C,0,0.024314,0.023672,0.006401
CC(C)[Si]1(O[C@@H](c2ccccc2)c2cc(nc(c21)-c1ccc(cc1)Oc1ccccc1)C1CC1)C(C)C,0,0.419551,0.766281,0.521123
C[C@H]1CN([C@@H](C)CO)C(=O)Cc2cc(ccc2O[C@H]1CN(C)Cc1ccc(c(c1)Cl)Cl)NC(=O)Nc1ccc(cc1)F,0,0.454366,0.078714,0.014947
O=C(O)Cc1ccc(-c2ccccc2)cc1,0,0.802858,0.096148,0.042488
C[C@H]1CN([C@@H](C)CO)C(=O)c2cc(ccc2O[C@H]1CN(C)S(=O)(=O)c1ccc(cc1)Cl)NS(=O)(=O)c1c(noc1C)C,0,0.026190,0.025895,0.005418
COCC#Cc1cnc2c(c1)C(=O)N(C[C@@H](C)[C@@H](CN(C)C(=O)CN1CCOCC1)O2)[C@@H](C)CO,0,0.009489,0.023475,0.002961
CC(=O)N1CCCN(CC1)S(=O)(=O)N1CCOCC1,0,0.000628,0.131845,0.065970
C[C@@H]1CCCCO[C@@H](CN(C)Cc2ccncc2)[C@@H](C)CN([C@@H](C)CO)C(=O)c2cc(ccc2O1)NC(=O)C1CCCCC1,0,0.021337,0.022665,0.003647
CC(C)NC(=O)N(C)C[C@H]1Oc2ccc(cc2C(=O)N(C[C@@H]1C)[C@H](C)CO)NC(=O)Nc1ccc2c(c1)OCO2,0,0.011830,0.024667,0.006357
O[C@@H]1COC[C@@H]2O[C@H](CC[C@H]2N(C1)S(=O)(=O)c1ccc(cc1)F)CC(=O)N[C@H]1CCN(C1)Cc1ccccc1,0,0.340788,0.028677,0.010643
C[C@@H]1CCCCO[C@H](CN(C)C(=O)NC2CCCCC2)[C@@H](C)CN([C@@H](C)CO)C(=O)c2cc(ccc2O1)NS(=O)(=O)c1ccccc1,0,0.003562,0.023740,0.002790
CC(C)(C)[C@@H](COC(=O)[C@H](CCC=C)Cc1ccc(cc1)F)NC(=O)[C@@H](CC=C)CC(=O)N(CCO)Cc1ccccc1,0,0.074958,0.067731,0.038142
COc1ccc(cc1)NC(=O)N(C)C[C@@H]1Oc2ccc(cc2CC(=O)N(C[C@H]1C)[C@@H](C)CO)NC(=O)CCCCCC(=O)Nc1ccccc1N,0,0.004122,0.022232,0.002780
CC1(COC1)COc1ccc2n(cnc2c1)-c1ccc2cccc(c2n1)N1CCC(N)CC1,0,0.759512,0.329807,0.381074
C[C@H]1CN([C@H](C)CO)C(=O)c2cc(ccc2O[C@H]1CN(C)Cc1ccc(cc1)Oc1ccccc1)NC(=O)C1CC1,0,0.019319,0.028756,0.012682
C[C@H]1CN([C@H](C)CO)C(=O)c2cccc(c2O[C@@H]1CN(C)S(=O)(=O)c1ccc(cc1)Cl)NC(=O)C1CC1,0,0.061927,0.024576,0.005610
CCS(=O)(=O)N1C[C@]2(CN(Cc3cccc(c3)Cl)[C@H](CO)c3c2c2ccc(cc2n3C)OC)C1,0,0.034288,0.033923,0.020461
C[C@@H]1CCCCO[C@@H](CN(C)C(=O)Nc2ccccc2)[C@@H](C)CN([C@H](C)CO)C(=O)c2cc(ccc2O1)NC(=O)c1ccncc1,0,0.003014,0.022234,0.002221
C[C@@H]1CCCCO[C@H](CN(C)Cc2ccncc2)[C@H](C)CN([C@H](C)CO)C(=O)c2cc(ccc2O1)NC(=O)Nc1ccc2c(c1)OCO2,0,0.007800,0.022146,0.002603
COCC#Cc1cnc2c(c1)C(=O)N(C[C@H](C)[C@@H](CN(C)S(=O)(=O)c1cccc(c1)OC)O2)[C@H](C)CO,0,0.018396,0.023546,0.004859
CCCN(C)C[C@@H]1OCCCC[C@H](C)Oc2ccc(cc2C(=O)N(C[C@@H]1C)[C@H](C)CO)NC(=O)C1CCCCC1,0,0.059103,0.067286,0.016402
C[C@H]1CCCCO[C@@H](CN(C)Cc2ccccc2)[C@@H](C)CN([C@H](C)CO)C(=O)c2cc(ccc2O1)NS(=O)(=O)c1ccc(cc1)C,0,0.006629,0.024791,0.004809
Cc1cc(-n2c(=O)[nH]c(=O)n(C)c2=O)ccc1Oc1ccc(SC(F)(F)F)cc1,0,0.996800,0.599678,0.622156
COc1ccc(cc1)NC(=O)Nc1ccc2c(c1)CC(=O)N(C[C@@H](C)[C@H](CN(C)S(=O)(=O)c1c(noc1C)C)O2)[C@@H](C)CO,0,0.011614,0.024755,0.004732
COc1ccccc1CN1[C@@H](c2ccc(cc2)CO)[C@@](Cc2ccccc2I)(C(=O)NCCN2CCOCC2)c2ccccc2C1=O,0,0.012002,0.033826,0.011121
C[C@H]1CN([C@@H](C)CO)C(=O)CCCn2cc(nn2)CO[C@H]1CN(C)C(=O)Nc1ccc2c(c1)OCO2,0,0.021227,0.023836,0.004238
C[C@H]1CCCCO[C@H](CN(C)S(=O)(=O)c2ccc(cc2)Cl)[C@H](C)CN([C@@H](C)CO)C(=O)c2cc(ccc2O1)NC(=O)Nc1c(noc1C)C,0,0.039100,0.026470,0.002504
C[C@@H]1CCCCO[C@H](CN(C)S(=O)(=O)c2ccc(cc2)C)[C@@H](C)CN([C@@H](C)CO)C(=O)c2cc(ccc2O1)NC(=O)CCC(F)(F)F,0,0.034370,0.025276,0.002919
COc1ccc(cc1)NC(=O)Nc1ccc2c(c1)C(=O)N(C[C@@H](C)[C@H](CN(C)C(=O)Nc1ccccc1)OCCCC[C@@H](C)O2)[C@H](C)CO,0,0.008251,0.021753,0.002173
O=C(NCc1ccccn1)C1CCNCC1,0,0.201551,0.025157,0.008752
C[C@H]1CN([C@@H](C)CO)C(=O)Cc2cc(ccc2O[C@H]1CN(C)C(=O)NC1CCCCC1)NC(=O)c1ccncc1,0,0.003895,0.022007,0.002940
C[C@@H]1CCCCO[C@H](CN(C)Cc2ccc3c(c2)OCO3)[C@@H](C)CN([C@H](C)CO)C(=O)c2cc(ccc2O1)NS(=O)(=O)c1cccs1,0,0.002007,0.024171,0.002711
C[C@H]1CN([C@@H](C)CO)C(=O)c2cc(ccc2O[C@H]1CN(C)Cc1ccc(cc1)-c1ccccc1)NC(=O)Cc1cn(c2ccccc12)C,0,0.036751,0.023675,0.005775
C[C@@H]1CCCCO[C@@H](CN(C)C(=O)Nc2ccc(cc2)F)[C@@H](C)CN([C@@H](C)CO)C(=O)c2cc(ccc2O1)NC(=O)CCCN(C)C,0,0.061281,0.028467,0.004141
CO[C@H](CN(C)S(=O)(=O)c1cccc(c1)Cl)[C@@H](C)CN([C@@H](C)CO)S(=O)(=O)c1ccc(cc1)Cl,0,0.295738,0.145034,0.017540
COc1ccc2c3c([nH]c2c1)[C@@H](CO)N(Cc1ccc(cc1)Cl)C[C@]13CCN(CCc2ccccc2)CC1,1,0.734705,0.842475,0.779075
C[C@H]1CN([C@H](C)CO)C(=O)c2cc(ccc2O[C@H]1CN(C)Cc1ccc(c(c1)Cl)Cl)NS(=O)(=O)c1ccc(cc1)F,0,0.110597,0.026166,0.006725
C[C@@H]1CCCCO[C@@H](CN(C)C(=O)Nc2ccc(cc2)C(F)(F)F)[C@H](C)CN([C@@H](C)CO)C(=O)c2cc(ccc2O1)NC(=O)C1CCCCC1,0,0.361380,0.037839,0.011888
CCCNC(=O)[C@]1(CC(=O)N(Cc2ccccc2C(F)(F)F)[C@@H]1c1ccc(cc1I)CO)Sc1ccc(cc1)C,0,0.945968,0.170186,0.069250
NS(=O)(=O)c1ccc(cc1)CCN1C=CN(CC(=O)NCCC2=CCCCC2)C(=O)C1=O,0,0.000443,0.059312,0.028210
COc1cccc(c1)S(=O)(=O)N[C@H]1C=C[C@H](CC(=O)NC2CCC2)O[C@@H]1CO,0,0.016342,0.032547,0.009134
CN(C)Cc1cn(nn1)CC[C@H]1CC[C@H](NC(=O)Cc2cccnc2)[C@H](CO)O1,0,0.544188,0.026268,0.009576
COc1ccc(cc1)S(=O)(=O)N(C)C[C@@H]1OCCCC[C@H](C)Oc2ccc(cc2C(=O)N(C[C@@H]1C)[C@H](C)CO)NC(=O)Nc1cccc2ccccc12,0,0.004504,0.024204,0.002435
C[C@@H]1CCCCO[C@H](CN(C)C(=O)Nc2cccc3ccccc23)[C@H](C)CN([C@@H](C)CO)C(=O)c2cc(ccc2O1)NS(=O)(=O)c1ccc(cc1)Cl,0,0.008575,0.025415,0.002366
COCC(=O)N1[C@H]([C@H](CO)[C@H]2CN3C(=O)C(=CC=C3[C@H]21)C1=CCCCC1)C(=O)N1CCN(C)CC1,0,0.110598,0.086061,0.020660
OC[C@@H]1O[C@@H](CCNC(=O)C2CCC2)CC[C@H]1NC(=O)CN1CCOCC1,0,0.029281,0.020885,0.008763
CC(C)NC(=O)Nc1ccc2c(c1)CC(=O)N(C[C@@H](C)[C@H](CN(C)S(=O)(=O)c1ccc(cc1)Cl)O2)[C@H](C)CO,0,0.028602,0.025998,0.006932
COc1ccc(cc1)S(=O)(=O)N[C@@H]1C=C[C@@H](CC(=O)NCCc2ccncc2)O[C@@H]1CO,0,0.028296,0.024865,0.007669
CO[C@H]1C[C@H](CC[C@@H]1O)C[C@@H](C)[C@H]1CC(=O)[C@@H](C)/C=C(\C)[C@@H](O)[C@@H](OC)C(=O)[C@@H](C)C[C@@H](C)/C=C/C=C/C=C(\C)[C@@H](C[C@H]2CC[C@@H](C)[C@@](O)(O2)C(=O)C(=O)N2CCCC[C@@H]2C(=O)O1)OC,0,0.893073,0.510014,0.175779
CC1=C(NNc2ccccc2)NC(=O)N=N1,0,0.991485,0.154825,0.125231
OC[C@H]1O[C@@H](OC/C/2=C\[C@H]3OC(=O)C(=C)[C@@H]3[C@@H]3C/C(=C\CC2)C(=O)O3)[C@H](O)[C@@H](O)[C@@H]1O,0,0.243247,0.448489,0.339431
CC(C)NC(=O)Nc1ccc2c(c1)CC(=O)N(C[C@H](C)[C@H](CN(C)Cc1ccc(cc1)Oc1ccccc1)O2)[C@@H](C)CO,0,0.022248,0.026289,0.008863
C[C@H]1CN([C@@H](C)CO)C(=O)c2cccc(c2O[C@@H]1CN(C)Cc1ccc(cc1)C(=O)Nc1ccccc1N)NC(=O)c1nc2ccccc2s1,0,0.003747,0.024374,0.004950
C[C@@H]1CN([C@@H](C)CO)C(=O)Cc2cc(ccc2O[C@H]1CN(C)S(=O)(=O)c1cn(cn1)C)NC(=O)CCN1CCOCC1,0,0.001905,0.023299,0.003335
CN1[C@@H]2CC[C@H](CC(=O)NCCc3ccncc3)O[C@H]2COc2ccc(cc2C1=O)NC(=O)Cc1cccs1,0,0.005261,0.024588,0.009632
NC(=O)C1=Cc2ccccc2OC1=O,0,0.096396,0.073063,0.076298
Cn1cnc(c1)S(=O)(=O)N1C[C@@H](O)COC[C@H]2O[C@H](CC[C@@H]21)CC(=O)NC1CCCC1,0,0.273628,0.056611,0.019408
C[C@H]1CCCCO[C@@H](CN(C)C(=O)Nc2ccc(cc2)F)[C@H](C)CN([C@H](C)CO)C(=O)c2cc(ccc2O1)NS(=O)(=O)c1cccs1,0,0.016161,0.024338,0.002651
CC1CCCC(C)N1,0,0.022503,0.108296,0.046658
C[C@@H]1COCCN1,0,0.005048,0.030536,0.012533
CCOc1nc2c(ncnc2n1CC)N,0,0.072477,0.025058,0.007826
O[C@@H]1COC[C@H]2O[C@@H](CC[C@@H]2N(C1)S(=O)(=O)c1ccc(cc1)F)CC(=O)N1CCc2ccccc2C1,0,0.131353,0.032944,0.010339
COc1ccc(cc1)S(=O)(=O)N(C)C[C@H]1Oc2c(cccc2C(=O)N(C[C@@H]1C)[C@H](C)CO)NS(=O)(=O)c1ccccc1,0,0.005887,0.027133,0.005196
C[C@@H]1CN([C@H](C)CO)C(=O)c2cc(cnc2O[C@H]1CN(C)Cc1cccc(c1)C(=O)O)C#CC(C)(C)O,0,0.133107,0.077598,0.030281
C[C@@H]1CCCCO[C@@H](CN(C)Cc2ccc(cc2)C(F)(F)F)[C@@H](C)CN([C@H](C)CO)C(=O)c2cc(ccc2O1)NS(=O)(=O)c1ccccc1,0,0.034897,0.023501,0.003877
CNCCC=C1c2ccccc2CCc2ccccc21.Cl,0,0.971807,0.185617,0.154634
C[C@H]1CCCCO[C@H](CN(C)Cc2ccc3c(c2)OCO3)[C@H](C)CN([C@@H](C)CO)C(=O)c2cc(ccc2O1)NC(=O)Nc1ccc(cc1)C(F)(F)F,0,0.401806,0.026426,0.014829
C[C@H]1CN([C@H](C)CO)C(=O)c2cc(ccc2O[C@@H]1CN(C)Cc1ccc(cc1)-c1ccccc1)NS(=O)(=O)c1cccs1,0,0.012202,0.024980,0.006325
CC(=O)Nc1ccc(S(=O)(=O)Nc2onc(C)c2C)cc1,0,0.062834,0.075186,0.023068
C[C@H]1CCCCO[C@H](CN(C)S(=O)(=O)c2ccc(cc2)F)[C@@H](C)CN([C@@H](C)CO)C(=O)c2cc(ccc2O1)NC(=O)CCC(F)(F)F,0,0.066496,0.026199,0.004426
C[C@@H]1CN([C@@H](C)CO)S(=O)(=O)c2ccc(cc2O[C@H]1CN(C)C(=O)c1ccncc1)Br,0,0.038613,0.024107,0.004901
CC1=NNC(=O)N=C1NC1CC1,0,0.239325,0.042803,0.019584
COc1ccccc1CN1[C@@H](c2ccc(cc2)CO)[C@@](Cc2ccccc2I)(C(=O)NCCCN(C)C)c2ccccc2C1=O,0,0.114900,0.059328,0.020792
CC(C)CC#Cc1ccc2c(c1)O[C@@H](CN(C)C(=O)c1ccncc1)[C@@H](C)CN([C@@H](C)CO)S2(=O)=O,0,0.019558,0.026679,0.004309
CO/N=[N+](\[O-])NC(C)C,0,0.002296,0.136162,0.046225
C[C@@H]1CN([C@H](C)CO)C(=O)c2cc(ccc2O[C@H]1CN(C)S(=O)(=O)C)NS(=O)(=O)c1ccc(cc1)F,0,0.012077,0.025429,0.008662
C[C@H]1CCCCO[C@@H](CN(C)Cc2ccc(cc2)C(F)(F)F)[C@H](C)CN([C@@H](C)CO)C(=O)c2cc(ccc2O1)NC(=O)c1ccncc1,0,0.115242,0.018723,0.004731
COc1ccc(cc1)NC(=O)N(C)C[C@H]1Oc2ccc(cc2C(=O)N(C[C@@H]1C)[C@H](C)CO)NC(=O)CCCCCC(=O)Nc1ccccc1N,0,0.009306,0.022207,0.002860
C[C@@H]1CCCCO[C@@H](CN(C)Cc2ccncc2)[C@@H](C)CN([C@@H](C)CO)C(=O)c2cc(ccc2O1)NC(=O)CCC(F)(F)F,0,0.078407,0.157605,0.053669
C[C@@H]1CCCCO[C@@H](CN(C)C(=O)c2ccccc2)[C@@H](C)CN([C@@H](C)CO)C(=O)c2cc(ccc2O1)NC(=O)Cc1ccccc1,0,0.000924,0.022170,0.002593
COc1ccc(cc1OC)C(=O)O[C@H]1CC[C@@]2(C)[C@@H]3CC[C@H]4[C@]5(O)C[C@H](O)[C@@]6(O)[C@@H](CN7C[C@@H](C)CC[C@H]7[C@@]6(C)O)[C@]5(O)C[C@@]42O[C@]13O,0,0.005660,0.130087,0.060849
CC(=O)OCC1=C(C(=O)[O-])N2C(=O)C(NC(=O)CCCC(N)C(=O)[O-])C2SC1.[Zn+2],0,0.999467,0.943608,0.849715
O[C@H]1COC[C@@H]2O[C@@H](CC[C@H]2N(C1)Cc1ccccc1F)CC(=O)N[C@H]1CCN(C1)Cc1ccccc1,0,0.300637,0.045525,0.021077
Oc1cc(cc(c1)C1CCCCC1)C1CCCCC1,1,0.807233,0.603937,0.486756
CC(C)CC#Cc1cnc2c(c1)C(=O)N(C[C@@H](C)[C@@H](CN(C)S(=O)(=O)c1cccs1)O2)[C@@H](C)CO,0,0.005603,0.024395,0.005035
C[C@@H]1CN([C@@H](C)CO)C(=O)c2cc(cnc2O[C@H]1CN(C)C(=O)Nc1ccc(cc1)C(F)(F)F)-c1ccc(cc1)C#N,0,0.065014,0.202673,0.119235
C[C@@H]1CCCCO[C@H](CN(C)C(=O)Nc2ccc(cc2)C(F)(F)F)[C@H](C)CN([C@@H](C)CO)C(=O)c2cc(ccc2O1)NS(=O)(=O)c1c(noc1C)C,0,0.227486,0.057652,0.017384
COC(OC)[C@H](Cc1ccccc1)N(C[C@@H](NC(=O)C(Cl)(Cl)Cl)/C=C/c1ccccc1)[C@@H]([C@H](Cc1ccccc1)OC(=O)C)c1ccc(cc1)OC,0,0.976716,0.078195,0.028133
C[C@@H]1CCCCO[C@H](CN(C)Cc2ccc(cc2)C(=O)O)[C@@H](C)CN([C@@H](C)CO)C(=O)c2cc(ccc2O1)NC(=O)NC1CCCCC1,0,0.111640,0.044257,0.011352
COc1ccc(cc1)CN(C)C[C@@H]1Oc2c(cccc2C(=O)N(C[C@H]1C)[C@@H](C)CO)NC(=O)c1cnccn1,0,0.030114,0.030270,0.007264
C[C@@H]1CCCCO[C@H](CN(C)C(=O)c2ccccc2)[C@@H](C)CN([C@H](C)CO)C(=O)c2cc(ccc2O1)NS(=O)(=O)c1ccccc1,0,0.000489,0.023732,0.002558
C[C@H]1CCCCO[C@H](CN(C)Cc2ccc(cc2)C(F)(F)F)[C@H](C)CN([C@@H](C)CO)C(=O)c2cc(ccc2O1)NS(=O)(=O)C,0,0.114372,0.026044,0.005527
C[C@@H]1CCCCO[C@@H](CN(C)C(=O)Nc2c(noc2C)C)[C@H](C)CN([C@H](C)CO)C(=O)c2cc(ccc2O1)NS(=O)(=O)c1ccc(cc1)C,0,0.015444,0.024370,0.002471
Cl.NCCc1cc(O)c(O)cc1O,0,0.750899,0.206395,0.092466
C[C@@H]1CCCCO[C@@H](CN(C)C(=O)Nc2ccc(cc2)C(F)(F)F)[C@H](C)CN([C@@H](C)CO)C(=O)c2cc(ccc2O1)NC(=O)Nc1c(noc1C)C,0,0.492365,0.091696,0.028298
C[C@H]1CCCCO[C@H](CN(C)CC2CCCCC2)[C@@H](C)CN([C@H](C)CO)C(=O)c2cc(ccc2O1)NC(=O)CCCCCC(=O)Nc1ccccc1N,0,0.023578,0.024876,0.003694
C[C@@H]1CN([C@H](C)CO)C(=O)c2cc(ccc2O[C@@H]1CN(C)S(=O)(=O)c1ccccc1)NC(=O)Cn1cnnn1,0,0.012363,0.026310,0.004412
OCCN(Cc1ccccc1)C(=O)C[C@H](CC=C)C(=O)NC[C@@H](OC(=O)[C@@H](CCC=C)Cc1ccc(cc1)F)c1ccccc1,0,0.036310,0.036568,0.016721
CN1C=C(C(=O)N(C)C1=O)S(=O)(=O)N1CCN(CC1)c1ccc(cc1)F,0,0.321458,0.206408,0.022794
O=C(O)c1cccc(O)c1O,0,0.426379,0.107348,0.055251
C[C@H]1CN([C@@H](C)CO)C(=O)Cc2cc(ccc2O[C@H]1CN(C)Cc1ccc(cc1)C(F)(F)F)NC(=O)NC1CCCCC1,0,0.258744,0.145260,0.044941
C[C@H]1CCCCO[C@H](CN(C)Cc2ccc(c(c2)Cl)Cl)[C@@H](C)CN([C@@H](C)CO)C(=O)c2cc(ccc2O1)NS(=O)(=O)c1ccc(cc1)F,0,0.120330,0.024932,0.003398
COc1ccccc1NC(=O)N(C)C[C@H]1OCc2ccccc2-c2c(n(c3ccccc23)C)C(=O)N(C[C@@H]1C)[C@H](C)CO,0,0.048552,0.023609,0.005462
Cl.O=C1CCC2(O)C3Cc4ccc(O)c5c4C2(CCN3CC2CC2)C1O5,0,0.165076,0.355871,0.207225
C[C@H]1CN([C@@H](C)CO)C(=O)c2cccc(c2O[C@H]1CN(C)C(=O)Nc1ccc(cc1)C(F)(F)F)NC(=O)Nc1ccccc1,0,0.716511,0.686387,0.637864
COc1ccccc1C#Cc1cnc2c(c1)C(=O)N(C[C@@H](C)[C@H](CN(C)C(=O)c1ccc3c(c1)OCO3)O2)[C@@H](C)CO,0,0.007308,0.022007,0.003471
COc1ccc(cc1)S(=O)(=O)N[C@H]1C=C[C@H](CC(=O)NCCc2ccncc2)O[C@@H]1CO,0,0.028296,0.024865,0.007669
CC1=CN(CCC(=O)O)C(=O)NC1=O,0,0.223790,0.072459,0.066542
OC(=O)CNS(=O)(=O)c1ccccc1F,0,0.302284,0.059322,0.010444
C[C@@H]1CN([C@H](C)CO)C(=O)CCCn2cc(nn2)CO[C@@H]1CN(C)Cc1cccc2c1OCCCO2,0,0.033823,0.026312,0.004551
C[C@H]1CN([C@H](C)CO)C(=O)c2cc(cnc2O[C@@H]1CN(C)Cc1ccc(cc1)C(=O)O)Br,0,0.147776,0.097649,0.094837
CCCC(=O)Nc1ccc2c(c1)C(=O)N(C)[C@@H]1CC[C@H](CC(=O)NCCN3CCCCC3)O[C@@H]1CO2,0,0.013485,0.030037,0.008114
CC(=O)c1ccc(cc1)OCc1c(nnn1CC(=O)NS(=O)(=O)Cc1ccccc1)-c1ccccc1,0,0.184308,0.075805,0.023457
C[C@H]1CN([C@H](C)CO)C(=O)c2cc(ccc2O[C@H]1CN(C)S(=O)(=O)c1c(noc1C)C)NS(=O)(=O)c1cccs1,0,0.005740,0.025300,0.005163
CN1CCN(CC1)C(=O)C[C@H]1CC[C@@H]2[C@H](COC[C@H](O)CN2C(=O)C2CC2)O1,0,0.573621,0.052334,0.024216
C[C@@H]1CCCCO[C@@H](CN(C)S(=O)(=O)c2ccccc2)[C@@H](C)CN([C@@H](C)CO)C(=O)c2cc(ccc2O1)NC(=O)c1ccccc1,0,0.000525,0.023732,0.002489
C[C@H]1CN([C@@H](C)CO)C(=O)c2cc(cnc2O[C@H]1CN(C)C(=O)Nc1c(noc1C)C)Br,0,0.044565,0.028290,0.012076
FC(F)(F)c1cc(ccc1Cl)CNC(=O)C[C@@H]1C/C=C/CCC(=O)O[C@@H](CNC1=O)c1ccccc1,0,0.925411,0.206513,0.376632
Cc1ccc2nc(sc2c1)-c1ccc(cc1)/N=C\c1ccc[nH]1,0,0.033661,0.184193,0.127256
CN1CCN(CC1)C(=O)C[C@@H]1O[C@H](CO)[C@H](NC(=O)Cc2ccccn2)C=C1,0,0.050101,0.028360,0.009438
C/C=C/c1ccc(cc1)[C@H]1[C@@H](CO)N(C21CN(C2)C(=O)C1CCOCC1)S(=O)(=O)Cc1ccccc1,0,0.019422,0.078699,0.016793
CN1CC[C@]2(CCN(CC[C@H]12)S(=O)(=O)C)C(=O)N1CCOCC1,0,0.009396,0.123997,0.015377
C[C@H]1CN([C@H](C)CO)C(=O)c2cccc(c2O[C@@H]1CN(C)Cc1ccc(cc1)Oc1ccccc1)NC(=O)c1cc(nn1C)C,0,0.007107,0.026733,0.006083
COc1ccc2c3c(n(c2c1)C)[C@@H](CO)N(Cc1cc(cc(c1)OC)OC)C[C@]13CCN(CC1)S(=O)(=O)c1cn(cn1)C,0,0.057362,0.030341,0.008309
C[C@@H]1CCCCO[C@H](CN(C)Cc2ccc(cc2)C(=O)O)[C@@H](C)CN([C@H](C)CO)C(=O)c2cc(ccc2O1)NC(=O)CCC(F)(F)F,0,0.434366,0.027297,0.008629
CCCCC(CC)COC(=O)c1ccccc1O,0,0.208066,0.443565,0.423328
CC1=CC2=NC=C(C(=O)O)C(=O)N2C=C1,0,0.245825,0.112863,0.103467
COCCNC(=O)[C@H]1[C@H](CO)[C@H]2CN3C(=O)C(=CC=C3[C@@H]1N2S(=O)(=O)C)c1ccccc1F,0,0.273179,0.027825,0.008383
COc1ccc(cc1)S(=O)(=O)Nc1cccc2c1O[C@H](CN(C)Cc1ccncc1)[C@H](C)CN([C@H](C)CO)C2=O,0,0.009246,0.023711,0.004831
CC[C@@H](C)C(=O)O[C@H]1[C@H](O)[C@H]2[C@@H](CN3C[C@@H](C)CC[C@@H]3[C@@]2(C)O)[C@H]2C[C@@]34O[C@]5(O)[C@H](CC[C@@]4(C)[C@@H]5[C@@H](OC(=O)C)[C@@H](OC(=O)C)[C@@H]3[C@@]21O)OC(=O)[C@@](C)(O)[C@@H](C)O,0,0.000263,0.084158,0.043079
C[C@@H]1CN([C@@H](C)CO)C(=O)c2cc(cnc2O[C@H]1CN(C)S(=O)(=O)c1ccc(cc1)F)C#CC1(O)CCCC1,0,0.026851,0.138419,0.005351
C[C@@H]1CN([C@@H](C)CO)C(=O)c2cccc(c2O[C@H]1CN(C)S(=O)(=O)c1ccc(cc1)C)NC(=O)c1cc(nn1C)C,0,0.017026,0.024573,0.004600
OC[C@@H]1O[C@@H](C[C@H]2[C@@H]1Oc1ccc(cc12)NS(=O)(=O)c1ccc(cc1)F)CC(=O)NCc1cccc(c1)F,0,0.070385,0.037716,0.011651
CN1CCN(CC1)C(=O)C[C@H]1CC[C@@H](NC(=O)c2ccc3c(c2)OCO3)[C@@H](CO)O1,0,0.036889,0.022838,0.006101
C[C@H]1CN([C@H](C)CO)C(=O)c2cc(cnc2O[C@H]1CN(C)S(=O)(=O)c1ccc(cc1)C#N)C#CCN(C)C,0,0.004162,0.025302,0.005797
OCCN1[C@@H]2C(=O)N(CC=C[C@@]32O[C@@H]2C=CCOC(=O)[C@@H]2[C@H]3C1=O)Cn1nnc2ccccc12,0,0.806285,0.192214,0.075729
COc1cccc(c1)C#Cc1ccc(cc1)[C@@H]1[C@@H](CO)N2[C@H]1CN(CC2=O)S(=O)(=O)c1ccccc1C,0,0.064537,0.041467,0.013418
CO[C@H]1CN(C)C(=O)c2cc(ccc2OC[C@@H](C)N(C[C@@H]1C)C(=O)CN(C)C)NC(=O)c1ccc(cc1)F,0,0.204357,0.033328,0.014211
C[C@H]1CC/C=C\[C@H]2O[C@@]34C=CCN(C(=O)[C@H]3N([C@@H](C)CO)C(=O)[C@]4(C)[C@@H]2C(=O)O1)c1ccc(cc1)Cl,0,0.172154,0.094574,0.082022
Nc1ccccc1C(=O)NCCN1CCNC1=O,0,0.076311,0.097535,0.024753
COCC(=O)Nc1ccc2c(c1)OC[C@H](C)N(C[C@@H](C)[C@H](CN(C)C2=O)OC)C(=O)Cc1cccnc1,0,0.004762,0.022380,0.004181
COc1ccc2c3c([nH]c2c1)[C@H](CO)N(C[C@]13CN(CC2CCCCC2)C1)C(=O)Nc1cccc(c1)F,1,0.399170,0.257711,0.107330
C[C@@H]1CCCCO[C@@H](CN(C)Cc2ccncc2)[C@@H](C)CN([C@H](C)CO)C(=O)c2cc(ccc2O1)NC(=O)Nc1c(noc1C)C,0,0.036493,0.038577,0.004092
C[C@@H]1CN([C@H](C)CO)C(=O)c2cccc(c2O[C@H]1CN(C)Cc1ccc(cc1)C(=O)Nc1ccccc1N)NC(=O)Nc1ccc(cc1)C(F)(F)F,0,0.472470,0.027922,0.009534
C[C@@H]1CN([C@@H](C)CO)C(=O)c2cccc(c2O[C@H]1CN(C)Cc1ccc(cc1)C(=O)O)NC(=O)c1ccncc1,0,0.071496,0.052958,0.013743
CCS(=O)(=O)N1C[C@]2(CCN(CC2)C(=O)Cc2ccccc2)c2c(n(c3cc(ccc23)OC)C)[C@H]1CO,0,0.004871,0.030891,0.010525
COCC(=O)N1C[C@@H](C)[C@@H](CN(C)C(=O)c2cc(ccc2OC[C@@H]1C)NC(=O)c1ccc(cc1)OC)OC,0,0.007637,0.023306,0.005553
CC(C)NC(=O)Nc1cccc2c1O[C@H](CN(C)S(=O)(=O)c1cn(cn1)C)[C@@H](C)CN([C@@H](C)CO)C2=O,0,0.063343,0.024761,0.005434
C[C@H]1CN([C@@H](C)CO)C(=O)Cc2cc(ccc2O[C@@H]1CN(C)C(=O)Nc1c(noc1C)C)NC(=O)CCN1CCOCC1,0,0.006694,0.025641,0.003671
C[C@@H]1CN([C@H](C)CO)S(=O)(=O)c2ccc(cc2O[C@H]1CN(C)S(=O)(=O)c1ccccc1)Br,0,0.027735,0.027425,0.007303
C[C@@H]1CCCCO[C@@H](CN(C)C(=O)Nc2cccc3ccccc23)[C@@H](C)CN([C@H](C)CO)C(=O)c2cc(ccc2O1)NC(=O)Nc1cccc2ccccc12,0,0.009096,0.024372,0.003426
Cc1ccccc1S(=O)(=O)N1C[C@H](O)COC[C@H]2O[C@@H](CC[C@@H]21)CC(=O)NCCc1ccncc1,0,0.101780,0.055205,0.009314
CC(C)NC(=O)Nc1ccc2c(c1)C(=O)N(C[C@@H](C)[C@H](CN(C)Cc1ccccc1)OCCCC[C@H](C)O2)[C@H](C)CO,0,0.024076,0.028428,0.009207
C[C@H]1CN([C@H](C)CO)C(=O)Cc2cc(ccc2O[C@H]1CN(C)C(=O)Nc1ccc2c(c1)OCO2)NC(=O)Nc1cccc2ccccc12,0,0.002695,0.021259,0.003171
C[C@H]1CCCCO[C@H](CN(C)CC2CCCCC2)[C@@H](C)CN([C@H](C)CO)C(=O)c2cc(ccc2O1)NC(=O)Nc1ccccc1,0,0.073651,0.029590,0.013025
COc1ccc(cc1)[Si](C)(C)[C@H]1[C@H](C)[C@]2(O[C@@H]1CC(=O)N1Cc3ccccc3C[C@H]1CO)C(=O)N(Cc1cccc(c1)N1CCC1=O)c1ccccc12,0,0.162449,0.299876,0.009698
COc1ccc2c(c1)OCC(Cc1ccc(OC)c(OC)c1)C2=O,0,0.270006,0.141234,0.057948
C[C@H]1CN([C@@H](C)CO)S(=O)(=O)c2ccc(cc2O[C@@H]1CN(C)C(=O)C1CCCCC1)C#CCN(C)C,0,0.094228,0.033282,0.009140
CCS(=O)(=O)NCC[C@H]1CC[C@H](NC(=O)Cc2ccccn2)[C@H](CO)O1,0,0.002332,0.023228,0.005882
CCOC(=O)c1c(C)c(Cl)c(O)c(Cl)c1O,0,0.976705,0.700314,0.592030
C[C@H]1CN([C@@H](C)CO)C(=O)CCCn2nncc2CO[C@H]1CN(C)S(=O)(=O)c1ccc2ccccc2c1,0,0.013566,0.024398,0.005345
COc1ccc(cc1)CN(C)C[C@H]1Oc2c(cccc2C(=O)N(C[C@H]1C)[C@H](C)CO)NC(=O)Nc1cccc2ccccc12,0,0.018860,0.029254,0.009552
C[C@@H]1CCCCO[C@@H](CN(C)C(=O)Nc2ccccc2)[C@@H](C)CN([C@H](C)CO)C(=O)c2cc(ccc2O1)NC(=O)Nc1ccc(cc1)C(F)(F)F,0,0.360565,0.021750,0.005503
C[C@H](O)CC1=C[C@H](O)[C@@H](C)OC1=O,0,0.026188,0.078874,0.031659
C[C@H]1CN([C@H](C)CO)C(=O)c2cccc(c2O[C@@H]1CN(C)CC1CC1)NS(=O)(=O)c1cn(cn1)C,0,0.066600,0.025309,0.004949
C[C@H]1CN([C@@H](C)CO)C(=O)Cc2cc(ccc2O[C@H]1CN(C)S(=O)(=O)c1cccs1)NC(=O)c1ccncc1,0,0.000774,0.023760,0.003396
OC[C@H]1O[C@@H](CC[C@@H]1NC(=O)c1cccnc1)CC(=O)NCCN1CCCCC1,0,0.049883,0.025418,0.011426
O[C@@H]1COC[C@@H]2O[C@@H](CC[C@H]2N(C1)C(=O)c1ccc2c(c1)OCO2)CC(=O)NCCN1CCCCC1,0,0.200219,0.052016,0.016705
COC(=O)C[C@@H]1CC[C@@H]2[C@H](COc3ccc(cc3C(=O)N2C)NS(=O)(=O)c2ccccc2Cl)O1,0,0.011326,0.031801,0.012466
C[C@H]1CCCCO[C@H](CN(C)S(=O)(=O)c2ccccc2)[C@H](C)CN([C@@H](C)CO)C(=O)c2cc(ccc2O1)NC(=O)NC1CCCCC1,0,0.004491,0.023750,0.002894
OC[C@H]1O[C@@H](OC2=C(Oc3cc(cc(c3C2=O)O)O)c2ccc(cc2)O)[C@H](O)[C@@H](O)[C@@H]1O,0,0.396157,0.217100,0.044595
C[C@H]1CN([C@H](C)CO)C(=O)c2cccc(c2O[C@@H]1CN(C)Cc1ccc(cc1)C(=O)O)NC(=O)c1cc(nn1C)C,0,0.109819,0.034469,0.012254
CC(C)(C)OC(=O)C[C@H](CC=C)C(=O)O[C@@H](CNC(=O)[C@@H](CC=C)CC(=O)NCCO)c1ccccc1,0,0.017284,0.067701,0.026164
COc1ccc(cc1)-c1cnc2c(c1)C(=O)N(C[C@H](C)[C@@H](CN(C)C(=O)Cc1ccncc1)O2)[C@H](C)CO,0,0.007170,0.023306,0.004059
COC(=O)c1cc(OC)c(OC)c(OC)c1,0,0.528638,0.091716,0.050336
C[C@H]1COC(=O)[C@H](CC=CC[C@@H](CC(=O)NCCO)C(=O)N1)NC(=O)OCC1c2ccccc2-c2ccccc21,0,0.002542,0.142684,0.094168
COc1ccc(cc1)NC(=O)N(C)C[C@H]1OCCCC[C@@H](C)Oc2ccc(cc2C(=O)N(C[C@@H]1C)[C@@H](C)CO)NC(=O)Nc1ccc(cc1)C(F)(F)F,0,0.362905,0.016318,0.004760
COC(=O)C[C@@H]1CC[C@H]2[C@@H](COC[C@@H](O)CN2S(=O)(=O)c2cn(cn2)C)O1,0,0.058284,0.045757,0.018228
CCC(=O)Nc1ccc2c(c1)C(=O)N(C)C[C@@H](OC)[C@H](C)CN(Cc1ccc(cc1)-c1ccccn1)[C@H](C)CO2,0,0.013237,0.031103,0.008099
C[C@H]1CCCCO[C@@H](CN(C)CC2CC2)[C@@H](C)CN([C@H](C)CO)C(=O)c2cc(ccc2O1)NC(=O)Nc1ccc2c(c1)OCO2,0,0.029696,0.024926,0.005483
C[C@@H]1CN([C@@H](C)CO)C(=O)Cc2cc(ccc2O[C@@H]1CN(C)C(=O)Nc1ccc(cc1)C(F)(F)F)NC(=O)Cc1cn(c2ccccc12)C,0,0.279498,0.018512,0.007304
C[C@@H]1CN([C@H](C)CO)C(=O)Cc2cc(ccc2O[C@H]1CN(C)S(=O)(=O)c1ccc(cc1)C)NS(=O)(=O)c1c(noc1C)C,0,0.004586,0.024136,0.004223
C[C@H]1CCCCO[C@@H](CN(C)S(=O)(=O)c2ccc(cc2)C)[C@H](C)CN([C@H](C)CO)C(=O)c2cc(ccc2O1)NC(=O)NC1CCCCC1,0,0.010654,0.023750,0.002945
COc1ccc(cc1)CN(C)C[C@H]1OCCCC[C@@H](C)Oc2ccc(cc2C(=O)N(C[C@@H]1C)[C@@H](C)CO)NS(=O)(=O)c1ccc(cc1)OC,0,0.007772,0.025197,0.003838
C[C@H]1CN([C@@H](C)CO)C(=O)Cc2cc(ccc2O[C@@H]1CN(C)Cc1ccc(cc1)Oc1ccccc1)NC(=O)CCCN(C)C,0,0.021118,0.024872,0.005060
C[C@H]1CCCCO[C@@H](CN(C)S(=O)(=O)c2ccc(cc2)C)[C@H](C)CN([C@H](C)CO)C(=O)c2cc(ccc2O1)NS(=O)(=O)C,0,0.004694,0.023702,0.003507
O=C([O-])CCCO.[Na+],0,0.018525,0.110967,0.043367
C[C@H]1CCCCO[C@@H](CN(C)S(=O)(=O)c2cn(cn2)C)[C@@H](C)CN([C@@H](C)CO)C(=O)c2cc(ccc2O1)NS(=O)(=O)c1cn(cn1)C,0,0.017281,0.027286,0.005137
CO[C@@H]1CN(C)C(=O)c2ccc(cc2OC[C@H](C)N(C[C@H]1C)Cc1cccnc1)NS(=O)(=O)CC(F)(F)F,0,0.011914,0.050920,0.009885
C[C@H]1CN([C@@H](C)CO)C(=O)c2cccc(c2O[C@@H]1CN(C)C(=O)Nc1c(noc1C)C)NS(=O)(=O)c1cn(cn1)C,0,0.103922,0.024831,0.005971
C[C@@H](CCCC[C@@H](O)[C@@H](CO)C(=O)O[C@@H](CCCC[C@@H](C)C/C(=C/C(=C/C(=O)O)C)C)[C@@H](CO)C(=O)O)C/C(=C/C(=C/C(=O)O)C)C,0,0.025936,0.645044,0.191485
CO[C@@H]1CN(C)C(=O)c2ccc(cc2OC[C@H](C)N(C[C@H]1C)C(=O)CN1CCOCC1)NC(=O)C1CC1,0,0.006595,0.022264,0.002677
C[C@@H]1CCCCO[C@@H](CN(C)CC2CCCCC2)[C@H](C)CN([C@@H](C)CO)C(=O)c2cc(ccc2O1)N(C)C,0,0.199715,0.033037,0.019159
CC(C)NC(=O)N(C)C[C@H]1Oc2ccc(cc2CC(=O)N(C[C@@H]1C)[C@@H](C)CO)NC(=O)CCC(F)(F)F,0,0.090859,0.379987,0.107237
CC(C)NC(=O)N(C)C[C@H]1Oc2ncc(cc2C(=O)N(C[C@H]1C)[C@@H](C)CO)-c1ccc(cc1)C(=O)N(C)C,0,0.009274,0.022946,0.006075
C[C@@H]1CCCCO[C@@H](CN(C)C(=O)C2CCCCC2)[C@@H](C)CN([C@@H](C)CO)C(=O)c2cc(ccc2O1)NS(=O)(=O)c1cccs1,0,0.003604,0.030215,0.003441
C[C@@H]1CN([C@H](C)CO)C(=O)c2cccc(c2O[C@@H]1CN(C)C(=O)Nc1cccc2ccccc12)NC(=O)NC1CCCCC1,0,0.021695,0.025511,0.009336
CC(=O)OC[C@H]1O[C@H]([C@H](OC(=O)C)[C@@H]1OC(=O)C)N1C=CC(=O)NC1=O,0,0.015227,0.302462,0.216751
C[C@@H]1CN([C@H](C)CO)C(=O)c2cccc(c2O[C@@H]1CN(C)Cc1ccc(cc1)C(=O)O)NC(=O)C1CC1,0,0.146353,0.037207,0.031198
C[C@H]1CN([C@@H](C)CO)S(=O)(=O)c2ccc(cc2O[C@H]1CN(C)C(=O)Nc1ccc(cc1)C(F)(F)F)-c1ccccc1C,0,0.522059,0.035060,0.019381
C[C@@H]1CN([C@@H](C)CO)C(=O)c2cccc(c2O[C@H]1CN(C)Cc1ccc(c(c1)Cl)Cl)NC(=O)c1ccc(cc1)-c1nccs1,0,0.073930,0.030806,0.003917
C[C@@H]1CCCCO[C@@H](CN(C)Cc2ccc(cc2)C(F)(F)F)[C@@H](C)CN([C@H](C)CO)C(=O)c2cc(ccc2O1)NC(=O)C1CCCCC1,0,0.265083,0.026813,0.013439
O=C(O)CN1C(=O)c2cccc3cccc(c23)C1=O,0,0.168899,0.099274,0.071128
COc1ccc(cc1)NC(=O)Nc1ccc2c(c1)C(=O)N(C[C@H](C)[C@@H](CN(C)C(=O)Nc1cccc3ccccc13)OCCCC[C@@H](C)O2)[C@H](C)CO,0,0.010291,0.021675,0.002450
Cc1ccnc(NS(=O)(=O)c2ccc(N)cc2)n1,0,0.039485,0.080185,0.012913
C[C@@H]1CN([C@@H](C)CO)C(=O)c2cccc(c2O[C@H]1CN(C)CC1CC1)NC(=O)Nc1cccc2ccccc12,0,0.079953,0.043265,0.030880
CO[C@H](CN(C)C(=O)Nc1ccc(cc1)C(F)(F)F)[C@H](C)CN(Cc1ccccc1Cl)[C@@H](C)CO,0,0.967986,0.411316,0.479492
CC(C)C[C@H](NC(=O)[C@@H](COC(C)(C)C)NC(=O)[C@H](Cc1ccc(cc1)O)NC(=O)[C@H](CO)NC(=O)[C@H](Cc1c[nH]c2ccccc12)NC(=O)[C@H](Cc1cnc[nH]1)NC(=O)[C@@H]1CCC(=O)N1)C(=O)N[C@@H](CCCNC(=N)N)C(=O)N1CCC[C@H]1C(=O)NNC(=O)N,0,0.775213,0.641237,0.190199
COc1ccc2c3c([nH]c2c1)[C@@H](CO)N(C[C@]13CN(C1)C(=O)Cc1cccnc1)S(=O)(=O)c1ccc(cc1)C,0,0.004432,0.028138,0.006586
C[C@H]1CCCCO[C@H](CN(C)C(=O)Nc2ccc(cc2)C(F)(F)F)[C@@H](C)CN([C@@H](C)CO)C(=O)c2cc(ccc2O1)NC(=O)c1ccccc1,0,0.118359,0.018519,0.003464
C[C@H]1CCCCO[C@@H](CN(C)C(=O)Nc2cccc3ccccc23)[C@H](C)CN([C@@H](C)CO)C(=O)c2cc(ccc2O1)NS(=O)(=O)c1c(noc1C)C,0,0.006175,0.023835,0.002315
C[C@H]1CN([C@H](C)CO)C(=O)Cc2cc(ccc2O[C@H]1CN(C)Cc1ccc(cc1)-c1ccccc1)NC(=O)Cc1cn(c2ccccc12)C,0,0.033042,0.026146,0.004232
OCc1ccccc1-n1cncn1,0,0.359321,0.090706,0.062766
O=C1N=CNc2n[nH]cc21,0,0.080073,0.072350,0.031422
COc1ccc(c(c1)S(=O)(=O)N1[C@@H]2CC[C@@H](C2)[C@H]1c1nc2cccc(c2[nH]1)OCc1ccc(cc1)F)OC,0,0.336020,0.062365,0.016450
COC(=O)[C@@H]1[C@@H](CO)[C@@H]2CN3C(=O)C(=CC=C3[C@@H]2N1S(=O)(=O)C)c1ccccc1,0,0.018546,0.024411,0.010561
CCN1C(N=O)C(=O)N(CC)C1=S,0,0.000128,0.061153,0.030160
CC(C)CCC[C@@H](C)N,0,0.020597,0.193790,0.074805
C[C@H]1CN([C@@H](C)CO)C(=O)c2cccc(c2O[C@H]1CN(C)Cc1ccncc1)NS(=O)(=O)c1ccc(cc1)F,0,0.023809,0.024157,0.005112
C[C@@H]1CN([C@@H](C)CO)C(=O)c2ccccc2-c2ccccc2CO[C@@H]1CN(C)C(=O)Oc1ccc(cc1)C,0,0.133781,0.038977,0.025617
Oc1ccccc1NC(=O)CCCCCCC(=O)N/N=C/c1cc(c(c(c1)Br)O)Br,0,0.962292,0.858365,0.869955
Cc1c(sc2c1C(=O)N=CN2)C(=O)N,0,0.090162,0.113138,0.084852
CCC1CN2CCC1CC2C(O)c1ccnc2ccc(OC)cc12,0,0.476519,0.156919,0.056242
COCCNC(=O)C[C@H]1CC[C@@H]2[C@H](COC[C@H](O)CN2C(=O)Nc2ccc3c(c2)OCO3)O1,0,0.202119,0.099681,0.049256
COCC#Cc1ccc2c(c1)O[C@H](CN(C)C(=O)c1ccccc1)[C@H](C)CN([C@@H](C)CO)S2(=O)=O,0,0.018307,0.024530,0.006234
C[C@H]1CCCCO[C@@H](CN(C)Cc2ccc(c(c2)Cl)Cl)[C@@H](C)CN([C@H](C)CO)C(=O)c2cc(ccc2O1)NS(=O)(=O)c1ccc(cc1)F,0,0.120330,0.024932,0.003398
CN1[C@@H]2CC[C@@H](CC(=O)NC3Cc4ccccc4C3)O[C@@H]2COc2ccc(cc2C1=O)NC(=O)c1ccc(cc1)C(F)(F)F,0,0.245791,0.264659,0.286356
C[C@@H]1CN([C@H](C)CO)C(=O)c2cc(ccc2O[C@@H]1CN(C)Cc1ccc(cc1)Oc1ccccc1)NC(=O)CCCN(C)C,0,0.019105,0.030087,0.009223
C[C@@H]1CN([C@H](C)CO)S(=O)(=O)c2ccc(cc2O[C@@H]1CN(C)C(=O)C1CCOCC1)C#Cc1ccncc1,0,0.021581,0.029743,0.004636
N#C[Fe-2](C#N)(C#N)(C#N)(C#N)N=O.O.O.[Na+].[Na+],0,0.000000,0.303381,0.083532
COc1cccc(c1)C#Cc1cnc2c(c1)C(=O)N(C[C@@H](C)[C@H](CN(C)C(=O)C1CCOCC1)O2)[C@@H](C)CO,0,0.026330,0.023245,0.003312
C[C@@H]1CCCCO[C@@H](CN(C)S(=O)(=O)c2ccc(cc2)F)[C@H](C)CN([C@@H](C)CO)C(=O)c2cc(ccc2O1)NS(=O)(=O)c1cn(cn1)C,0,0.031461,0.023959,0.003431
C[C@H]1CCCCO[C@H](CN(C)Cc2ccc(cc2)C(=O)O)[C@@H](C)CN([C@H](C)CO)C(=O)c2cc(ccc2O1)NC(=O)Nc1cccc2ccccc12,0,0.039803,0.023352,0.004042
CCCNc1ncnc(c1[N+](=O)[O-])N,0,0.989780,0.098791,0.088224
O[C@@H]1CN[C@H]2CC[C@@H](CC(=O)NCCN3CCCCC3)O[C@@H]2COC1,0,0.434401,0.034641,0.014749
OC[C@H]1O[C@H](C[C@@H]2[C@H]1Oc1ccc(cc12)NC(=O)C1CCOCC1)CC(=O)NCc1ccc(cc1)Cl,0,0.217284,0.093738,0.049811
C(Nc1nn[nH]n1)c1ccccc1,0,0.216596,0.188747,0.100851
O[C@H]1COC[C@@H]2O[C@H](CC[C@H]2N(C1)S(=O)(=O)c1ccc(cc1)F)CC(=O)N[C@@H]1CCN(C1)Cc1ccccc1,0,0.340788,0.028677,0.010643
COc1ccc(cc1)NC(=O)N(C)C[C@@H]1OCCCC[C@@H](C)Oc2ccc(cc2C(=O)N(C[C@@H]1C)[C@H](C)CO)NC(=O)CCC(F)(F)F,0,0.105212,0.019130,0.007516
C[C@H]1CN([C@@H](C)CO)C(=O)c2cc(ccc2O[C@H]1CN(C)C(=O)Nc1ccc(cc1)F)NS(=O)(=O)C,0,0.117388,0.025708,0.007533
C[C@@H]1CCCCO[C@@H](CN(C)C(=O)C2CCCCC2)[C@@H](C)CN([C@H](C)CO)C(=O)c2cc(ccc2O1)NS(=O)(=O)c1ccc(cc1)Cl,0,0.016367,0.025999,0.003720
C[C@H]1CCCCO[C@@H](CN(C)S(=O)(=O)c2ccc(cc2)F)[C@H](C)CN([C@H](C)CO)C(=O)c2cc(ccc2O1)NC(=O)c1ccccc1,0,0.002870,0.023758,0.002308
C[C@H]1CN([C@@H](C)CO)C(=O)Cc2cc(ccc2O[C@@H]1CN(C)S(=O)(=O)c1ccccc1)NC(=O)CCC(F)(F)F,0,0.015279,0.027374,0.006836
C[C@H]1CN([C@H](C)CO)C(=O)c2cccc(c2O[C@H]1CN(C)Cc1ccc(cc1)C(F)(F)F)NC(=O)CCCCCC(=O)Nc1ccccc1N,0,0.295186,0.030735,0.008170
C[C@@H]1CN([C@H](C)CO)C(=O)c2cccc(c2O[C@@H]1CN(C)Cc1ccc(c(c1)Cl)Cl)NS(=O)(=O)c1ccccc1,0,0.058156,0.026901,0.006991
C[C@@H]1CN([C@@H](C)CO)C(=O)Cc2cc(ccc2O[C@@H]1CN(C)Cc1ccccc1)NC(=O)Nc1cccc2ccccc12,0,0.013987,0.025197,0.006586
C[C@H]1CN([C@H](C)CO)C(=O)c2cccc(c2O[C@H]1CN(C)C(=O)Nc1cccc2ccccc12)NC(=O)NC1CCCCC1,0,0.021695,0.025511,0.009336
COc1ccc(cc1)S(=O)(=O)Nc1ccc2c(c1)C(=O)N(C[C@H](C)[C@H](CN(C)Cc1ccc(cc1)C(F)(F)F)OCCCC[C@@H](C)O2)[C@H](C)CO,0,0.062937,0.025286,0.004670
C[C@H]1CCCCO[C@@H](CN(C)Cc2ccccc2)[C@H](C)CN([C@H](C)CO)C(=O)c2cc(ccc2O1)NC(=O)Nc1c(noc1C)C,0,0.040274,0.032476,0.007136
CC(=O)O[C@H]1[C@@H](O)[C@H]2C(C)(C)CC[C@H](O)[C@]2(C)[C@@]2(O)C(=O)C[C@@](C)(O[C@]12C)C=C,0,0.208689,0.308160,0.157909
CCCCC[C@@H](O)C[C@@H](O)CC(=O)O[C@@H](CCCCC)C[C@@H](O)CC(=O)OC[C@@H](O)[C@@H](O)[C@@H](O)[C@@H](O)CO,0,0.000201,0.256342,0.084843
OC[C@@H]1O[C@@H](CC[C@H]1NC(=O)Cc1ccccn1)CC(=O)NCCc1ccncc1,0,0.010847,0.028368,0.011874
OCCN(Cc1ccccc1)C(=O)C[C@@H]1CC=CCC[C@@H](Cc2ccc(cc2)F)C(=O)OC[C@H](Cc2c[nH]c3ccccc23)NC1=O,0,0.017193,0.027972,0.010855
COc1ccc(cc1)NC(=O)Nc1ccc2c(c1)C(=O)N(C[C@H](C)[C@@H](CN(C)C(=O)Nc1ccc(cc1)F)OCCCC[C@H](C)O2)[C@@H](C)CO,0,0.052363,0.026224,0.003117
C[C@H]1CN([C@@H](C)CO)C(=O)c2cccc(c2O[C@H]1CN(C)Cc1ccncc1)NC(=O)c1cc(nn1C)C,0,0.011104,0.024389,0.003280
C[C@@H]1CN([C@@H](C)CO)C(=O)c2cc(ccc2O[C@@H]1CN(C)Cc1ccc2c(c1)OCO2)NC(=O)Cn1cnnn1,0,0.010964,0.022539,0.008511
Cc1ccc(cc1)S(=O)(=O)NCC[C@@H]1CC[C@@H](NS(=O)(=O)c2ccccc2Cl)[C@@H](CO)O1,0,0.103559,0.042751,0.015253
C[C@H]1CN([C@@H](C)CO)C(=O)c2cc(ccc2O[C@@H]1CN(C)Cc1ccc(c(c1)Cl)Cl)NS(=O)(=O)c1cccs1,0,0.037976,0.025924,0.006234
OC[C@H]1O[C@@H](C[C@H]2[C@@H]1Oc1ccc(cc12)NC(=O)C1CCOCC1)CC(=O)NCc1cc(ccc1F)F,0,0.299193,0.024329,0.011098
O=C1NC(=S)NC(=O)C1CN1CCOCC1,0,0.146699,0.059380,0.039728
C[C@H]1CN([C@@H](C)CO)C(=O)c2cccc(c2O[C@@H]1CN(C)C(=O)Nc1cccc2ccccc12)NS(=O)(=O)c1ccccc1,0,0.005943,0.025857,0.004524
CC12CCC3c4ccc(O)cc4CCC3C1CCC2OC(=O)CCC1CCCC1,0,0.302365,0.268545,0.229972
OC[C@@H]1O[C@H](CC[C@H]1NC(=O)CN1CCOCC1)CC(=O)NCCc1ccccc1,0,0.012733,0.023615,0.009756
C[C@H]1CN([C@@H](C)CO)C(=O)CCCn2nncc2CO[C@H]1CN(C)S(=O)(=O)c1ccccc1C#N,0,0.002146,0.023904,0.005919
C[C@H]1CCCCO[C@H](CN(C)C(=O)OCC=C)[C@H](C)CN([C@@H](C)CO[Si](C)(C)C(C)(C)C)C(=O)c2cc(ccc2O1)NC(=O)Nc1ccccc1,0,0.032275,0.067722,0.029441
COc1ccc(cc1)S(=O)(=O)N(C)C[C@@H]1OCCCC[C@H](C)Oc2ccc(cc2C(=O)N(C[C@H]1C)[C@H](C)CO)NC(=O)C1CCCCC1,0,0.005102,0.025067,0.003313
COCC#Cc1ccc2c(c1)O[C@@H](CN(C)C(=O)c1ccccc1F)[C@@H](C)CN([C@@H](C)CO)S2(=O)=O,0,0.101329,0.028866,0.008583
CN(C)CCCNC(=O)C[C@H]1CC[C@H]2[C@H](COc3ccc(cc3C(=O)N2C)NC(=O)c2ccccc2F)O1,0,0.086575,0.030907,0.013679
CCCNC(=O)[C@H]1[C@@H](N(Cc2cc(cc(c2)C(F)(F)F)F)C(=O)c2ccccc21)c1ccc(cc1)CO,0,0.825507,0.235690,0.249340
C[C@@H]1CCCCO[C@H](CN(C)S(=O)(=O)c2ccc(cc2)F)[C@H](C)CN([C@H](C)CO)C(=O)c2cc(ccc2O1)NC(=O)Nc1c(noc1C)C,0,0.038153,0.023866,0.002864
C[C@@H]1CN([C@@H](C)CO)C(=O)c2cc(ccc2O[C@@H]1CN(C)C(=O)Nc1ccc(cc1)F)NC(=O)CCN1CCOCC1,0,0.032304,0.024196,0.005909
C[C@H]1CN([C@H](C)CO)C(=O)c2cc(ccc2O[C@H]1CN(C)Cc1ccncc1)NS(=O)(=O)c1ccc(cc1)F,0,0.012185,0.024687,0.005389
C[C@H]1CN([C@H](C)CO)C(=O)c2cc(cnc2O[C@@H]1CN(C)C(=O)Cc1cccnc1)C#CC1(O)CCCC1,0,0.012873,0.038823,0.012325
CC(CCC(=O)NCC(=O)O)C1CCC2C3C(O)CC4CC(O)CCC4(C)C3CC(O)C12C,0,0.351753,0.600899,0.378154
C[C@H]1CCCCO[C@@H](CN(C)C(=O)Nc2ccc(cc2)C(F)(F)F)[C@@H](C)CN([C@@H](C)CO)C(=O)c2cc(ccc2O1)NC(=O)NC1CCCCC1,0,0.435522,0.094092,0.026734
CC(C)NC(=O)Nc1ccc2c(c1)C(=O)N(C[C@H](C)[C@@H](CN(C)Cc1ccc(c(c1)Cl)Cl)OCCCC[C@H](C)O2)[C@H](C)CO,0,0.214988,0.035240,0.005845
Brc1ccc(cc1)[C@H]1CC(=O)N([C@H]1C(=O)Nc1cccc2cccnc12)C(=O)OCc1ccccc1,0,0.757100,0.176570,0.219510
COc1ccc(cc1)NC(=O)Nc1cccc2c1O[C@@H](CN(C)Cc1ccc(c(c1)Cl)Cl)[C@H](C)CN([C@H](C)CO)C2=O,0,0.333338,0.033619,0.007025
CC(C)(Sc1ccc(cc1)CCN(CCCCC1CCCCC1)C(=O)NC1CCCCC1)C(=O)O,1,0.790546,0.706268,0.635271
C[C@H]1CN([C@H](C)CO)C(=O)Cc2cc(ccc2O[C@H]1CN(C)Cc1ccccc1)NC(=O)Cn1cnnn1,0,0.021788,0.026196,0.010506
CC(C)NC(=O)Nc1cccc2c1O[C@H](CN(C)Cc1ccc(cc1)Oc1ccccc1)[C@@H](C)CN([C@@H](C)CO)C2=O,0,0.015880,0.035204,0.019455
Cn1cnc(c1)CCN,0,0.093283,0.033446,0.017401
OCc1ccccc1OC1OC(CO)C(O)C(O)C1O,0,0.074056,0.045959,0.025157
CC(CCC(=O)O)C1CCC2C3C(=O)CC4CC(=O)CCC4(C)C3CC(=O)C12C,0,0.951329,0.487942,0.275467
COc1ccccc1CNC(=O)C[C@H]1C[C@@H]2[C@@H](Oc3ccc(cc32)NC(=O)NC2CCCC2)[C@H](CO)O1,0,0.129142,0.025522,0.014515
C[C@H]1CN([C@@H](C)CO)C(=O)c2cccc(c2O[C@@H]1CN(C)Cc1ccc(c(c1)Cl)Cl)NS(=O)(=O)c1ccccc1,0,0.058156,0.026901,0.006991
C[C@@H]1CN([C@H](C)CO)C(=O)c2cc(ccc2O[C@@H]1CN(C)Cc1ccc(cc1)C(F)(F)F)NC(=O)Cc1ccccc1,0,0.151521,0.242777,0.115724
C[C@H]1CN([C@@H](C)CO)C(=O)Cc2cc(ccc2O[C@@H]1CN(C)CC1CCCCC1)NC(=O)CCCCCC(=O)Nc1ccccc1N,0,0.022558,0.029863,0.004638
COc1ccc2c3c([nH]c2c1)[C@H](CO)N(C[C@]13CCN(CC1)C(=O)c1ccccc1F)C(=O)Nc1ccc(cc1)F,0,0.168311,0.058109,0.054998
COc1ccc(cc1)CN(C)C[C@H]1OCCCC[C@@H](C)Oc2ccc(cc2C(=O)N(C[C@@H]1C)[C@@H](C)CO)NC(=O)Nc1c(noc1C)C,0,0.075538,0.036189,0.006497
OCCOc1ccccc1[C@H]1N2[C@@H]([C@@H](C(=O)NCC=C)[C@]11C(=O)Nc3ccc(cc31)C#CC1=CCCCC1)C(=O)O[C@@H]([C@@H]2c1ccccc1)c1ccccc1,0,0.762822,0.071850,0.042599
COc1ccc(cc1)S(=O)(=O)Nc1ccc2c(c1)C(=O)N(C[C@@H](C)[C@@H](CN(C)C(=O)Nc1ccc(cc1)C(F)(F)F)OCCCC[C@H](C)O2)[C@@H](C)CO,0,0.148422,0.088927,0.011069
ONC(=O)c1ccc(cc1)-c1cn(nn1)CC[C@@H]1OC(=O)[C@H](Cc2ccccc2)N2CC3=CC(=O)[C@H](C4CC4)[C@H]3[C@H]12,0,0.523717,0.039423,0.026370
CN(C)C(=O)C[C@@H]1O[C@@H](CO)[C@@H](NC(=O)C2CC2)C=C1,0,0.073713,0.030875,0.007275
O=S(=O)(c1cccc2cnccc12)N1CCCNCC1,0,0.017582,0.027298,0.008753
C[C@@H]1CN([C@@H](C)CO)C(=O)c2cc(ccc2O[C@@H]1CN(C)S(=O)(=O)c1cccs1)NC(=O)c1ccncc1,0,0.001557,0.023760,0.003612
COc1ccc(cc1)NC(=O)N(C)C[C@H]1OCCCC[C@H](C)Oc2ccc(cc2C(=O)N(C[C@@H]1C)[C@@H](C)CO)NC(=O)NC1CCCCC1,0,0.008265,0.022215,0.002610
C[C@H]1CN([C@H](C)CO)C(=O)c2cc(ccc2O[C@H]1CN(C)C(=O)Nc1ccc(cc1)C(F)(F)F)NC(=O)Nc1cccc2ccccc12,0,0.499783,0.093901,0.048893
C[C@H]1CCCCO[C@@H](CN(C)S(=O)(=O)c2ccccc2)[C@@H](C)CN([C@H](C)CO)C(=O)c2cc(ccc2O1)NC(=O)Nc1ccc(cc1)C(F)(F)F,0,0.114334,0.028607,0.004930
CC(=O)Oc1ccc(C(c2ccc(OC(C)=O)cc2)c2ccccn2)cc1,0,0.087370,0.608679,0.647542
CC(C)(C)OC(=O)C[C@H](CC=C)C(=O)OCCNC(=O)[C@@H](CC=C)CC(=O)N[C@H](CO)Cc1ccccc1,0,0.010461,0.047329,0.018616
C[C@H]1CN([C@H](C)CO)C(=O)c2cc(ccc2O[C@H]1CN(C)C(=O)Nc1ccc2c(c1)OCO2)NC(=O)C1CC1,0,0.004840,0.022507,0.003864
COc1ccc(cc1)S(=O)(=O)N(C)C[C@H]1Oc2ccc(cc2CC(=O)N(C[C@@H]1C)[C@@H](C)CO)NS(=O)(=O)c1cn(cn1)C,0,0.008192,0.024658,0.003537
C[C@@H]1CN([C@H](C)CO)C(=O)c2cccc(c2O[C@@H]1CN(C)C(=O)Nc1ccccc1)NC(=O)c1cnccn1,0,0.054097,0.022945,0.006933
C[C@H]1CCCCO[C@@H](CN(C)S(=O)(=O)c2ccc(cc2)Cl)[C@H](C)CN([C@H](C)CO)C(=O)c2cc(ccc2O1)NS(=O)(=O)c1ccccc1,0,0.004092,0.024833,0.002901
COc1ccc(cc1)CN(C)C[C@@H]1OCCCC[C@@H](C)Oc2ccc(cc2C(=O)N(C[C@@H]1C)[C@H](C)CO)NC(=O)Nc1ccc(cc1)OC,0,0.036179,0.030626,0.004204
COc1ccc(cc1)CN(C)C[C@H]1OCCCC[C@H](C)Oc2ccc(cc2C(=O)N(C[C@H]1C)[C@H](C)CO)NS(=O)(=O)c1cccs1,0,0.006666,0.024952,0.003118
COc1ccc2c(c1)[nH]c1c(C)nccc12,0,0.063265,0.126661,0.110169
COc1ccc(cc1)S(=O)(=O)N(C)C[C@H]1Oc2ccc(cc2CC(=O)N(C[C@@H]1C)[C@H](C)CO)NC(=O)Cn1cnnn1,0,0.005639,0.026168,0.005032
CCCCCCCCCCCCN1CCCCCC1=O,0,0.355872,0.338667,0.162751
C[C@H]1CN([C@@H](C)CO)C(=O)Cc2cc(ccc2O[C@H]1CN(C)S(=O)(=O)C)NC(=O)Cc1cn(c2ccccc12)C,0,0.002348,0.026412,0.003407
CN1CCN(CC1)C(=O)[C@@H]1[C@@H](CO)[C@@H]2CN3C(=O)C=CC=C3[C@H]1N2S(=O)(=O)c1ccccc1F,0,0.035651,0.037893,0.011291
COCCNC(=O)C[C@H]1C[C@H]2[C@H](Oc3ccc(cc32)NC(=O)CN(C)C)[C@@H](CO)O1,0,0.176834,0.023863,0.010521
OCc1ccc2c(c1)N(CCN1CCOCC1)C(=O)[C@]1(CC(=O)N(C3CCCCC3)[C@H]21)c1ccc(cc1)[N+](=O)[O-],0,0.130875,0.124661,0.083640
C[C@H]1CCCCO[C@H](CN(C)C(=O)Nc2cccc3ccccc23)[C@@H](C)CN([C@@H](C)CO)C(=O)c2cc(ccc2O1)NS(=O)(=O)c1ccc(cc1)C,0,0.004382,0.023732,0.002264
C[C@H]1CN([C@H](C)CO)C(=O)c2cc(ccc2O[C@@H]1CN(C)S(=O)(=O)c1cccs1)NC(=O)CCN1CCOCC1,0,0.000695,0.023907,0.004532
C[C@H]1CN([C@@H](C)CO)C(=O)Cc2cc(ccc2O[C@@H]1CN(C)S(=O)(=O)c1ccc(cc1)F)NC(=O)Cc1ccccc1,0,0.004708,0.026547,0.004363
COc1ccc(cc1)S(=O)(=O)N(C)C[C@H]1Oc2ccc(cc2C(=O)N(C[C@@H]1C)[C@@H](C)CO)NS(=O)(=O)c1ccccc1,0,0.003798,0.026113,0.004134
COCC#Cc1ccc2c(c1)O[C@@H](CN(C)S(=O)(=O)c1cccc(c1)OC)[C@@H](C)CN([C@H](C)CO)S2(=O)=O,0,0.023415,0.025971,0.004330
COCCNC(=O)Cn1cnc2c1C(=O)N(C)C(=O)N2C,0,0.675821,0.085471,0.048529
CC(=O)Nc1ccccc1,0,0.301333,0.036013,0.028596
C[C@H]1CN([C@H](C)CO)C(=O)c2cc(ccc2O[C@H]1CN(C)C(=O)Nc1ccccc1)NS(=O)(=O)c1cn(cn1)C,0,0.046799,0.023455,0.003397
OCNC(=O)c1cccnc1,0,0.039991,0.114292,0.032582
COc1ccc(cc1)S(=O)(=O)N(C)C[C@H]1OCCCC[C@@H](C)Oc2ccc(cc2C(=O)N(C[C@@H]1C)[C@@H](C)CO)NC(=O)Nc1ccc(cc1)C(F)(F)F,0,0.169991,0.030723,0.007002
COc1ccc(cc1)CNC(=O)C[C@H]1C[C@H]2[C@H](Oc3ccc(cc32)NC(=O)NC2CCCC2)[C@H](CO)O1,0,0.134364,0.025812,0.015037
C[C@@H]1CN([C@H](C)CO)C(=O)c2cc(cnc2O[C@H]1CN(C)C(=O)c1cnccn1)C#Cc1ccccn1,0,0.017756,0.023597,0.004081
COc1ccccc1-c1ccc2c(c1)O[C@H](CN(C)C(=O)c1ccncc1)[C@@H](C)CN([C@H](C)CO)S2(=O)=O,0,0.010321,0.023786,0.003817
CO[C@H]1C[C@H](CC[C@@H]1OC(=O)C(C)(CO)CO)C[C@@H](C)[C@H]1CC(=O)[C@@H](C)/C=C(\C)[C@@H](O)[C@@H](OC)C(=O)[C@@H](C)C[C@@H](C)/C=C/C=C/C=C(\C)[C@@H](C[C@H]2CC[C@@H](C)[C@@](O)(O2)C(=O)C(=O)N2CCCC[C@@H]2C(=O)O1)OC,0,0.847266,0.487642,0.168047
COc1cccc(c1)C#Cc1cnc2c(c1)C(=O)N(C[C@H](C)[C@@H](CN(C)C(=O)C1CCOCC1)O2)[C@H](C)CO,0,0.026330,0.023245,0.003312
C[C@@H]1CCCCO[C@H](CN(C)S(=O)(=O)C)[C@H](C)CN([C@@H](C)CO)C(=O)c2cc(ccc2O1)NS(=O)(=O)C,0,0.002764,0.036906,0.003583
C[C@@H]1CCCCO[C@@H](CN(C)S(=O)(=O)c2ccc(cc2)F)[C@H](C)CN([C@H](C)CO)C(=O)c2cc(ccc2O1)NS(=O)(=O)c1ccc(cc1)Cl,0,0.020152,0.025859,0.003442
C[C@H]1CCCCO[C@H](CN(C)Cc2ccc(cc2)C(F)(F)F)[C@H](C)CN([C@@H](C)CO)C(=O)c2cc(ccc2O1)NS(=O)(=O)c1ccc(cc1)Cl,0,0.150995,0.023400,0.003871
C[C@H]1CCCCO[C@@H](CN(C)C(=O)Nc2ccc3c(c2)OCO3)[C@@H](C)CN([C@H](C)CO)C(=O)c2cc(ccc2O1)NC(=O)CCC(F)(F)F,0,0.055622,0.015679,0.009047
C[C@@H](O)C#Cc1ccc2c(c1)O[C@@H](CN(C)C(=O)c1ccncc1)[C@H](C)CN([C@@H](C)CO)S2(=O)=O,0,0.011725,0.022664,0.005206
C[C@H]1CN([C@@H](C)CO)C(=O)Cc2cc(ccc2O[C@@H]1CN(C)C(=O)Nc1ccc(cc1)C(F)(F)F)NC(=O)Cc1cn(c2ccccc12)C,0,0.279498,0.018512,0.007304
COc1ccc(cc1)NC(=O)Nc1ccc2c(c1)CC(=O)N(C[C@@H](C)[C@H](CN(C)CC1CCCCC1)O2)[C@H](C)CO,0,0.092459,0.033943,0.011512
C[C@@H]1CN([C@@H](C)CO)C(=O)Cc2cc(ccc2O[C@H]1CN(C)Cc1ccc(c(c1)Cl)Cl)NS(=O)(=O)c1ccc(cc1)F,0,0.082692,0.024328,0.005060
C[C@@H]1CN([C@H](C)CO)C(=O)Cc2cc(ccc2O[C@H]1CN(C)Cc1ccccc1)NC(=O)CCCCCC(=O)Nc1ccccc1N,0,0.005287,0.020247,0.003565
COC(=O)CCCCCCC(=O)Nc1ccc(cc1)[C@H]1O[C@@H](CSc2nc3ccccc3s2)C[C@@H](O1)c1ccccc1,0,0.113446,0.078443,0.049182
NC(=O)C[C@H]1Nc2ccccc2NC1=O,0,0.060602,0.081279,0.029761
COc1ccc(cc1)C#Cc1ccc(cc1)[C@@H]1[C@@H](CO)N2CCCCN(C[C@H]12)S(=O)(=O)c1cn(cn1)C,0,0.294628,0.045390,0.014356
COc1ccccc1S(=O)(=O)N[C@@H]1CC[C@@H](CCNC(=O)C2CCOCC2)O[C@@H]1CO,0,0.049928,0.023131,0.006675
C[C@@H]1CN([C@@H](C)CO)C(=O)c2cccc(c2O[C@H]1CN(C)S(=O)(=O)c1cn(cn1)C)NC(=O)c1nc2ccccc2s1,0,0.007103,0.024368,0.004396
C[C@@H]1CCCCO[C@@H](CN(C)C(=O)C2CCCCC2)[C@H](C)CN([C@H](C)CO)C(=O)c2cc(ccc2O1)NC(=O)C1CCCCC1,0,0.018236,0.030213,0.005942
C[C@H]1CN([C@@H](C)CO)C(=O)c2c(c3ccccc3n2C)-c2ccccc2CO[C@@H]1CN(C)Cc1cccc(c1)C(=O)O,0,0.246438,0.182275,0.418487
CCC(=O)O,0,0.006288,0.048570,0.014844
C[C@@H]1CN([C@@H](C)CO)C(=O)c2cccc(c2O[C@H]1CN(C)S(=O)(=O)c1ccc(cc1)OC(F)(F)F)NC(=O)Nc1cccc2ccccc12,0,0.506090,0.030595,0.006313
C[C@H]1CN([C@H](C)CO)S(=O)(=O)c2ccc(cc2O[C@H]1CN(C)C(=O)CN(C)C)C#CCC1CCCC1,0,0.228033,0.249293,0.016840
C[C@@H]1CN([C@H](C)CO)C(=O)c2cccc(c2O[C@@H]1CN(C)Cc1ccc2c(c1)OCO2)NC(=O)C1CC1,0,0.011490,0.027548,0.006310
C[C@H]1CN([C@@H](C)CO)C(=O)c2cc(ccc2O[C@H]1CN(C)S(=O)(=O)c1cn(cn1)C)NS(=O)(=O)c1ccc(cc1)F,0,0.020348,0.024631,0.005317
C[C@@H]1CCCCO[C@H](CN(C)C(=O)CCC(F)(F)F)[C@@H](C)CN([C@@H](C)CO)C(=O)c2cc(ccc2O1)NC(=O)CCCCCC(=O)Nc1ccccc1N,0,0.028870,0.018105,0.003436
CO[C@@H]1CN(C)C(=O)c2cc(ccc2OC[C@@H](C)N(C[C@@H]1C)C(=O)NC(C)C)NS(=O)(=O)CC(F)(F)F,0,0.019099,0.028860,0.006691
C[C@@H]1CN([C@@H](C)CO)C(=O)Cc2cc(ccc2O[C@@H]1CN(C)Cc1ccc(cc1)Oc1ccccc1)NC(=O)Nc1ccc2c(c1)OCO2,0,0.003462,0.022715,0.003148
CC(=O)OC(CC(=O)O)[N+](C)(C)C.[Cl-],0,0.033336,0.077749,0.030553
CC(C)N1C(=O)[C@H]2[C@H]3O[C@@H](C=C3)[C@@H]2C1=O,0,0.037881,0.035915,0.017201
OC(=O)[C@@H]1[C@@H]2N([C@H]([C@H](OC2=O)c2ccccc2)c2ccccc2)[C@H](c2ccc(cc2)F)[C@@]11C(=O)Nc2ccc(cc21)Cl,1,0.929433,0.878093,0.916164
COc1ccc(cc1)NC(=O)Nc1cccc2c1O[C@H](CN(C)C(=O)Nc1cccc3ccccc13)[C@@H](C)CN([C@@H](C)CO)C2=O,0,0.027598,0.021638,0.005448
Oc1ccc(cc1)[C@H]1[C@H](C[C@@H]2N1C(=O)CNC2=O)C(=O)OCCOc1ccc(cc1)[C@@H]1N2[C@H]([C@H](C(=O)OCC=C)[C@@]11C(=O)Nc3ccc(cc31)I)C(=O)O[C@H]([C@H]2c1ccccc1)c1ccccc1,0,0.070713,0.094983,0.032768
COc1ccc(cc1)S(=O)(=O)N(C)C[C@@H]1OCCCC[C@H](C)Oc2ccc(cc2C(=O)N(C[C@@H]1C)[C@@H](C)CO)NC(=O)Nc1ccc(cc1)C(F)(F)F,0,0.169991,0.030723,0.007002
OC[C@H]1O[C@H](CC(=O)NCCc2ccccc2)C=C[C@H]1NC(=O)CN1CCOCC1,0,0.019300,0.036565,0.021432
NC(=N)NC1=NC(=O)c2ccccc2S1,0,0.358772,0.116844,0.147628
CC(C)NC(=O)N(C)C[C@H]1OCCCC[C@@H](C)Oc2ccc(cc2C(=O)N(C[C@@H]1C)[C@H](C)CO)NC(=O)C1CCCCC1,0,0.011927,0.026390,0.005456
C[C@H]1CN([C@@H](C)CO)C(=O)c2cc(cnc2O[C@@H]1CN(C)S(=O)(=O)C)C#CCN(C)C,0,0.014867,0.024762,0.005745
C[C@H]1CN([C@@H](C)CO)C(=O)Cc2cc(ccc2O[C@H]1CN(C)S(=O)(=O)C)NS(=O)(=O)C,0,0.002194,0.022747,0.006094
COc1cccc2c1Nc1c(cccc1C2=O)C(=O)Nc1ccc(cc1)CCN1CCc2cc(c(cc2C1)OC)OC,0,0.398794,0.083958,0.072361
COc1ccc(cc1)COC[C@@]12Oc3ccccc3[C@H]([C@H]2CO[Si](C)(C)C(C)(C)C)N2C(=O)c3cc(ccc3SC2=N1)[N+](=O)[O-],0,0.023248,0.174587,0.132115
Cl.NCc1ccc(S(N)(=O)=O)cc1,0,0.000040,0.060357,0.010669
C[C@H]1CN([C@H](C)CO)C(=O)c2cc(ccc2O[C@H]1CN(C)Cc1ccccc1)NS(=O)(=O)c1cn(cn1)C,0,0.025581,0.024299,0.004835
CC(C)C[C@@H](NC(=O)C)C(=O)O,0,0.018753,0.041469,0.018111
C[C@H]1CCCCO[C@@H](CN(C)Cc2ccc(cc2)C(F)(F)F)[C@H](C)CN([C@@H](C)CO)C(=O)c2cc(ccc2O1)NS(=O)(=O)c1cccs1,0,0.044058,0.022932,0.003279
C[C@H]1O[C@@H](OC[C@H]2O[C@@H](OC3=C(Oc4cc(cc(c4C3=O)O)O)c3ccc(cc3)O)[C@@H](O[C@H]3O[C@@H](C)[C@@H](O)[C@@H](O)[C@@H]3O)[C@@H](O)[C@@H]2O)[C@@H](O)[C@@H](O)[C@@H]1O,0,0.207960,0.442936,0.151765
C[C@@H]1CCCCO[C@@H](CN(C)C(=O)Nc2ccc(cc2)C(F)(F)F)[C@@H](C)CN([C@H](C)CO)C(=O)c2cc(ccc2O1)NS(=O)(=O)c1ccccc1,0,0.067127,0.035930,0.007495
O/N=C\1/CC2(C/C(=N/O)C1=NO)OCCO2,0,0.903249,0.225715,0.120573
CC(C)CC#Cc1ccc2c(c1)O[C@H](CN(C)C(=O)c1cccnc1)[C@@H](C)CN([C@@H](C)CO)S2(=O)=O,0,0.018614,0.026679,0.004667
C[C@@H]1CN([C@H](C)CO)C(=O)c2cccc(c2O[C@@H]1CN(C)Cc1ccncc1)NS(=O)(=O)c1cccs1,0,0.006025,0.023766,0.004264
CO[C@H]1CN(C)C(=O)c2cc(ccc2OC[C@H](C)N(C[C@@H]1C)Cc1nccs1)NS(=O)(=O)CC(F)(F)F,0,0.014080,0.033691,0.009602
OC[C@H]1O[C@H](OC[C@@H](O)[C@@H](O)[C@H](O)[C@@H](O)/C=N/NC(=O)CCCCCCC(=O)Nc2ccccc2O)[C@H](O)[C@@H](O)[C@H]1O,0,0.024908,0.212647,0.109625
COc1ccc(cc1)NC(=O)N(C)C[C@@H]1OCCCC[C@@H](C)Oc2ccc(cc2C(=O)N(C[C@H]1C)[C@@H](C)CO)NC(=O)Cc1ccccc1,0,0.004911,0.021277,0.002389
N[C@@H](CCNC(=N)NO)C(=O)O,0,0.151878,0.029876,0.011517
OC[C@H]1CC[C@@H]2O[C@H](CCc3ccc(cc3)C#Cc3ccccc3)[C@@H](C[C@@H]2O1)n1cc(nn1)-c1ccccc1,0,0.801922,0.050767,0.035593
CN1CCCN=C1COC(=O)C(O)(c1ccccc1)C1CCCCC1.Cl,0,0.360380,0.505673,0.270850
C[C@H]1CCCCO[C@H](CN(C)S(=O)(=O)c2ccc(cc2)C)[C@@H](C)CN([C@@H](C)CO)C(=O)c2cc(ccc2O1)NC(=O)c1ccccc1,0,0.001270,0.023732,0.002480
CC(C)NC(=O)Nc1ccc2c(c1)C(=O)N(C[C@H](C)[C@@H](CN(C)Cc1ccccc1)OCCCC[C@H](C)O2)[C@@H](C)CO,0,0.024076,0.028428,0.009207
C[C@H]1CCCCO[C@H](CN(C)C(=O)Nc2ccc3c(c2)OCO3)[C@@H](C)CN([C@H](C)CO)C(=O)c2cc(ccc2O1)NS(=O)(=O)c1ccc(cc1)F,0,0.006960,0.023763,0.003089
COc1cccc(c1)S(=O)(=O)Nc1ccc2c(c1)[C@H]1C[C@H](CC(=O)NCCc3ccccc3)O[C@@H](CO)[C@H]1O2,0,0.005908,0.025651,0.007832
C[C@H]1CN([C@H](C)CO)C(=O)c2cc(cnc2O[C@H]1CN(C)C(=O)c1ccc2c(c1)OCO2)C#CCN(C)C,0,0.019758,0.022289,0.003652
ONC(=O)CCCCCNC(=O)OCc1ccc(cc1)CO[C@H]1C[C@H](C=C(O1)C(=O)N1CCN(CC1)Cc1ccc2c(c1)OCO2)c1ccc(cc1)C(F)(F)F,0,0.000127,0.068485,0.036036
C[C@H]1CN([C@@H](C)CO)C(=O)c2cccc(c2O[C@@H]1CN(C)S(=O)(=O)c1cccs1)NS(=O)(=O)c1ccc(cc1)C,0,0.004312,0.025147,0.005598
COc1cccc2c1C(=O)c1c(c3c(c(c1C2=O)O)C[C@](O)(C[C@@H]3O[C@H]1C[C@H](N)[C@H](O)[C@H](C)O1)C(=O)C)O,1,0.981141,0.932146,0.963961
C[C@@H]1CN([C@@H](C)CO)C(=O)Cc2cc(ccc2O[C@H]1CN(C)Cc1ccc2c(c1)OCO2)NS(=O)(=O)C,0,0.002894,0.024996,0.004785
C[C@@H]1CCCCO[C@@H](CN(C)S(=O)(=O)C)[C@H](C)CN([C@@H](C)CO)C(=O)c2cc(ccc2O1)NS(=O)(=O)c1ccc(cc1)C,0,0.002739,0.023728,0.003731
COc1ccc(cc1)S(=O)(=O)N(C)C[C@@H]1Oc2ccc(cc2C(=O)N(C[C@H]1C)[C@@H](C)CO)NS(=O)(=O)c1cn(cn1)C,0,0.021471,0.024778,0.004929
C[C@@H]1CN([C@@H](C)CO)C(=O)c2cccc(c2O[C@@H]1CN(C)C(=O)Nc1ccccc1)NC(=O)c1ccc(cc1)-c1nccs1,0,0.014930,0.021774,0.003968
C[C@H]1CCCCO[C@@H](CN(C)C(=O)Nc2c(noc2C)C)[C@H](C)CN([C@@H](C)CO)C(=O)c2cc(ccc2O1)NC(=O)Nc1c(noc1C)C,0,0.065956,0.027493,0.004730
C[C@H]1CN([C@H](C)CO)C(=O)Cc2cc(ccc2O[C@H]1CN(C)C(=O)Nc1cccc2ccccc12)NC(=O)Cc1ccccc1,0,0.003748,0.022321,0.003887
CN1CCOCC21CCN(CC2)c1ncccn1,0,0.787351,0.086462,0.046120
C[C@@H]1CCCCO[C@H](CN(C)Cc2ccccc2)[C@@H](C)CN([C@@H](C)CO)C(=O)c2cc(ccc2O1)NC(=O)Nc1ccc(cc1)F,0,0.088287,0.030459,0.007941
C[C@@H]1CCCCO[C@H](CN(C)C(=O)Nc2cccc3ccccc23)[C@@H](C)CN([C@H](C)CO)C(=O)c2cc(ccc2O1)NC(=O)Nc1c(noc1C)C,0,0.021522,0.021988,0.002129
CO[C@H]1CN(C)C(=O)c2cc(ccc2OC[C@H](C)N(C[C@H]1C)C(=O)CN1CCOCC1)NC(=O)C1CC1,0,0.008360,0.022264,0.002707
C[C@@H]1CCCCO[C@@H](CN(C)C(=O)C2CCCCC2)[C@@H](C)CN([C@H](C)CO)C(=O)c2cc(ccc2O1)NC(=O)C1CCCCC1,0,0.018236,0.030213,0.005942
COc1ccc(cc1)CN(C)C[C@@H]1OCCCC[C@@H](C)Oc2ccc(cc2C(=O)N(C[C@@H]1C)[C@H](C)CO)NC(=O)CCCCCC(=O)Nc1ccccc1N,0,0.008707,0.028263,0.003418
C[C@H](O)C#Cc1ccc2c(c1)O[C@@H](CN(C)C(=O)Nc1ccccc1)[C@@H](C)CN([C@@H](C)CO)S2(=O)=O,0,0.032936,0.028363,0.009041
Cc1cccc(C)c1OCC(=O)NC(Cc1ccccc1)C(O)CC(Cc1ccccc1)NC(=O)C(C(C)C)N1CCCNC1=O,0,0.208107,0.127332,0.054315
C[C@@H]1CN([C@@H](C)CO)C(=O)c2cccc(c2O[C@H]1CN(C)Cc1ccc(cc1)C(=O)O)NC(=O)c1ccc(cc1)-c1nccs1,0,0.082551,0.039549,0.009557
CC1=CC=C(C(=O)O)C(=O)N1,0,0.219558,0.092394,0.049353
C[C@@H]1CN([C@H](C)CO)C(=O)CCCn2cc(nn2)CO[C@H]1CN(C)C(=O)Nc1ccc(cc1)N1CCCCC1,0,0.150582,0.026638,0.007440
CC(C)NC(=O)Nc1ccc2c(c1)C(=O)N(C[C@@H](C)[C@@H](CN(C)C(=O)C1CCCCC1)OCCCC[C@H](C)O2)[C@@H](C)CO,0,0.016444,0.030729,0.007171
C[C@H]1CN([C@H](C)CO)C(=O)Cc2cc(ccc2O[C@H]1CN(C)Cc1ccc(c(c1)Cl)Cl)NC(=O)NC1CCCCC1,0,0.297964,0.071421,0.010671
CC1(C)Cc2cc(ccc2O1)CN,0,0.250824,0.059162,0.029589
C[C@H]1CN([C@@H](C)CO)C(=O)c2cccc(c2O[C@H]1CN(C)S(=O)(=O)c1cccs1)NS(=O)(=O)c1ccc(cc1)C,0,0.004312,0.025147,0.005598
COc1ccc(cc1)NC(=O)N(C)C[C@H]1OCCCC[C@H](C)Oc2ccc(cc2C(=O)N(C[C@H]1C)[C@@H](C)CO)NC(=O)Nc1ccc2c(c1)OCO2,0,0.006262,0.021993,0.002172
COCC(=O)N1CC[C@]2(CC1)CN([C@@H](CO)c1[nH]c3cc(ccc3c12)OC)S(=O)(=O)C,0,0.023154,0.024823,0.010228
COc1ccc(cc1)NC(=O)Nc1ccc2c(c1)C(=O)N(C[C@H](C)[C@@H](CN(C)S(=O)(=O)c1ccc(cc1)OC)OCCCC[C@@H](C)O2)[C@@H](C)CO,0,0.006861,0.023818,0.003018
CC(C)CS(=O)(=O)N1C[C@H]2C[C@@H]([C@@H](C1)O2)C(=O)N1CCOCC1,0,0.000853,0.047162,0.006593
COc1ccc(cc1)N1[C@H]2[C@H](Cc3ccccc3)[C@@H](N(CCc3ccc(c(c3)OC)OC)C1=O)N(Cc1ccccc1)C2=O,0,0.020838,0.133400,0.081825
CC(C)NC(=O)Nc1ccc2c(c1)C(=O)N(C[C@@H](C)[C@@H](CN(C)C(=O)Nc1cccc3ccccc13)OCCCC[C@@H](C)O2)[C@@H](C)CO,0,0.014216,0.023266,0.004187
COc1ccc(cc1)NC(=O)Nc1ccc2c(c1)[C@@H]1C[C@@H](CC(=O)N3CCN(C)CC3)O[C@@H](CO)[C@@H]1O2,0,0.162631,0.025816,0.013078
CC(C)(C)N(CC=C)C(=O)[C@H]1N(CCOCCO)C(=O)[C@H]2[C@@H]([C@H]3O[C@]21C=C3)C(=O)O,0,0.440922,0.258304,0.080303
C[C@@H]1CN([C@@H](C)CO)S(=O)(=O)c2ccc(cc2O[C@H]1CN(C)C(=O)c1ccccc1F)Br,0,0.174608,0.036845,0.009588
OCCOc1ccccc1[C@@H]1N2[C@H]([C@H](C(=O)N3CCCCCCC3)[C@@]11C(=O)Nc3ccc(cc31)C#CC1(O)CCCCCC1)C(=O)O[C@H]([C@H]2c1ccccc1)c1ccccc1,0,0.085437,0.058292,0.021554
C[C@H]1CN([C@H](C)CO)C(=O)c2cc(ccc2O[C@@H]1CN(C)S(=O)(=O)c1cn(cn1)C)NC(=O)Nc1ccc(cc1)F,0,0.153893,0.025831,0.005629
C[C@@H]1CN([C@H](C)CO)C(=O)Cc2cc(ccc2O[C@@H]1CN(C)S(=O)(=O)c1ccc(cc1)Cl)NC(=O)CCN1CCOCC1,0,0.002930,0.028865,0.004004
C[C@H]1CN([C@@H](C)CO)C(=O)c2c(c3ccccc3n2C)-c2ccccc2CO[C@@H]1CN(C)C(=O)Nc1cccc(c1)C(F)(F)F,0,0.593597,0.091669,0.065064
COc1ccc(cc1)NC(=O)Nc1ccc2c(c1)C(=O)N(C[C@H](C)[C@H](CN(C)C(=O)Nc1ccc(cc1)C(F)(F)F)O2)[C@@H](C)CO,0,0.639262,0.098839,0.073198
C[C@H]1CCCCO[C@@H](CN(C)CC2CCCCC2)[C@@H](C)CN([C@@H](C)CO)C(=O)c2cc(ccc2O1)NC(=O)CCCN(C)C,0,0.103878,0.039648,0.006751
COCCOC(=O)N1C(=O)[C@]2([C@@H]([C@@H]3N([C@H]([C@H](OC3=O)c3ccccc3)c3ccccc3)[C@@H]2c2ccc(cc2)OCCO)C(=O)N2CCCCCCC2)c2ccccc21,0,0.314081,0.041124,0.011655
C[C@@H]1CCCCO[C@H](CN(C)S(=O)(=O)c2ccc(cc2)C)[C@@H](C)CN([C@H](C)CO)C(=O)c2cc(ccc2O1)NS(=O)(=O)c1ccc(cc1)F,0,0.007673,0.023789,0.003086
COc1ccc(cc1)S(=O)(=O)N(C)C[C@@H]1Oc2ccc(cc2C(=O)N(C[C@@H]1C)[C@@H](C)CO)NS(=O)(=O)c1ccccc1,0,0.003798,0.026113,0.004134
CO[C@H](CN(C)C(=O)c1ccc2c(c1)OCO2)[C@H](C)CN([C@@H](C)CO)S(=O)(=O)c1ccc(cc1)F,0,0.090581,0.031227,0.012073
C[C@@H]1CCCCO[C@H](CN(C)C(=O)Nc2ccc(cc2)C(F)(F)F)[C@@H](C)CN([C@@H](C)CO)C(=O)c2cc(ccc2O1)NS(=O)(=O)c1ccc(cc1)Cl,0,0.317680,0.148908,0.010255
C[C@@H]1CN([C@H](C)CO)C(=O)Cc2cc(ccc2O[C@H]1CN(C)S(=O)(=O)c1ccc(cc1)Cl)NS(=O)(=O)c1cn(cn1)C,0,0.024822,0.024262,0.003348
C[C@@H]1CN([C@H](C)CO)C(=O)c2cc(ccc2O[C@H]1CN(C)Cc1ccc(c(c1)Cl)Cl)NC(=O)Nc1c(noc1C)C,0,0.338964,0.053501,0.015754
COCC#Cc1ccc2c(c1)O[C@@H](CN(C)S(=O)(=O)C)[C@H](C)CN([C@H](C)CO)S2(=O)=O,0,0.014863,0.023868,0.005039
C[C@H]1CN([C@@H](C)CO)C(=O)CCCn2cc(nn2)CO[C@H]1CN(C)S(=O)(=O)C,0,0.003394,0.024749,0.004718
C[C@H]1CN([C@@H](C)CO)C(=O)Cc2cc(ccc2O[C@@H]1CN(C)Cc1ccc(cc1)-c1ccccc1)NC(=O)NC1CCCCC1,0,0.165639,0.029162,0.010695
C[C@H]1CN([C@H](C)CO)C(=O)c2cc(ccc2O[C@@H]1CN(C)S(=O)(=O)C)NS(=O)(=O)c1ccccc1,0,0.003405,0.024793,0.005844
C[C@@H]1CN([C@@H](C)CO)C(=O)c2cc(ccc2O[C@H]1CN(C)S(=O)(=O)C)N(C)C,0,0.004848,0.027382,0.006185
COCCNC(=O)C[C@@H]1CC[C@H]2[C@@H](COC[C@H](O)CN2S(=O)(=O)c2ccccc2C)O1,0,0.139600,0.029890,0.012937
C1CCN2CC3CC(CN4CCCCC34)C2C1.O=S(=O)(O)O,0,0.460410,0.211245,0.144303
C[C@H]1CN([C@H](C)CO)S(=O)(=O)c2ccc(cc2O[C@H]1CN(C)CC1CCOCC1)C#Cc1ccccc1F,0,0.266145,0.028920,0.007115
Cc1cnccc1CN1C[C@@H](CC1=O)C(=O)O,0,0.049194,0.060133,0.026965
C[C@@H]1CN([C@@H](C)CO)C(=O)c2cccc(c2O[C@H]1CN(C)S(=O)(=O)c1cn(cn1)C)NC(=O)Nc1ccc2c(c1)OCO2,0,0.011129,0.023816,0.003166
C[C@H]1CN([C@@H](C)CO)C(=O)Cc2cc(ccc2O[C@H]1CN(C)C(=O)Nc1ccc(cc1)F)NC(=O)CCCCCC(=O)Nc1ccccc1N,0,0.030619,0.025238,0.003718
NCCN1CCN(CC1)c1ccc(cc1)F,0,0.520472,0.046247,0.027290
C[C@H]1CN([C@H](C)CO)C(=O)c2cccc(c2O[C@@H]1CN(C)CC1CC1)NS(=O)(=O)c1ccccc1,0,0.021203,0.024462,0.005728
COc1ccc(cc1)CN(C)C[C@@H]1Oc2ccc(cc2C(=O)N(C[C@H]1C)[C@H](C)CO)NS(=O)(=O)c1cn(cn1)C,0,0.031914,0.024182,0.004273
CN1CCN(c2c(F)cc3c(=O)c(C(=O)O)cn4c3c2OCN4C)CC1,1,0.940806,0.915080,0.957349
COc1ccc2c3c(n(c2c1)C)[C@H](CO)N(CC1CCOCC1)C[C@]13CCN(CC1)C(=O)Cc1cccnc1,0,0.283906,0.086324,0.037825
C[C@@H]1CCCCO[C@@H](CN(C)C(=O)c2ccncc2)[C@H](C)CN([C@H](C)CO)C(=O)c2cc(ccc2O1)NC(=O)NC1CCCCC1,0,0.004258,0.021915,0.002352
OCCOc1cccc(c1)[C@H]1[C@H](C[C@@H]2N1C(=O)CNC2=O)C(=O)OCCOc1ccc(cc1)[C@H]1N2[C@@H]([C@@H](C(=O)OCC=C)[C@]11C(=O)Nc3ccccc31)C(=O)O[C@@H]([C@@H]2c1ccccc1)c1ccccc1,0,0.058782,0.063912,0.028265
COC(=O)[C@H](Cc1ccc(cc1)-n1cc(nn1)CCC(=O)NO)N1CC2=C[C@H]([C@@H](O)Cc3ccccc3)N3N([C@@H]2[C@H](O1)C1CC1)C(=O)N(C)C3=O,0,0.998791,0.147491,0.066829
C[C@H]1CN([C@@H](C)CO)C(=O)c2cccc(c2O[C@@H]1CN(C)Cc1ccc(cc1)-c1ccccc1)NC(=O)Nc1ccc2c(c1)OCO2,0,0.016673,0.023547,0.005347
COc1c(OC)c2occc2c2oc(=O)ccc12,0,0.092205,0.081515,0.080907
COc1ccccc1CNC(=O)C[C@H]1CC[C@H]2[C@@H](COC[C@@H](O)CN2C(=O)Nc2ccc(cc2)F)O1,0,0.743423,0.351623,0.279466
C[C@H]1CN([C@@H](C)CO)C(=O)c2cc(ccc2O[C@@H]1CN(C)S(=O)(=O)C)NS(=O)(=O)c1ccccc1,0,0.003405,0.024793,0.005844
C[C@@H]1CCCCO[C@@H](CN(C)C(=O)Nc2ccccc2)[C@H](C)CN([C@@H](C)CO)C(=O)c2cc(ccc2O1)NC(=O)Cc1ccccc1,0,0.002811,0.021201,0.002367
C[C@H]1CN([C@@H](C)CO)C(=O)c2cc(ccc2O[C@@H]1CN(C)C(=O)Nc1cccc2ccccc12)NC(=O)Nc1ccccc1,0,0.008862,0.023116,0.005038
C[C@@H]1CCCCO[C@@H](CN(C)S(=O)(=O)c2ccc(cc2)C)[C@@H](C)CN([C@H](C)CO)C(=O)c2cc(ccc2O1)NC(=O)CCC(F)(F)F,0,0.034370,0.025276,0.002919
C[C@@H]1CN([C@@H](C)CO)C(=O)CCCn2cc(nn2)CO[C@@H]1CN(C)Cc1ccc(cc1)C(=O)Nc1ccccc1N,0,0.042530,0.023853,0.006620
C[C@@H]1CN([C@H](C)CO)C(=O)c2cc(cnc2O[C@H]1CN(C)Cc1ccc(cc1)F)C#Cc1cccnc1,0,0.046963,0.027195,0.006763
C[C@@H]1CN([C@@H](C)CO)C(=O)c2ccccc2-c2ccccc2CO[C@@H]1CN(C)C(=O)N[C@H](C)c1ccccc1,0,0.032439,0.034747,0.015940
C[C@H](NC(=O)C[C@@H]1C[C@H]2[C@H](Oc3ccc(cc32)NC(=O)Nc2ccc(cc2)C(F)(F)F)[C@@H](CO)O1)c1ccccc1,0,0.677784,0.180140,0.110520
CC(=O)OCC1=C(C(=O)[O-])N2C(=O)C(NC(=O)Cc3cccs3)C2SC1.[Na+],1,0.985489,0.958090,0.989235
COCCCNC(=O)[C@H]1[C@@H](N(Cc2cc(cc(c2)C(F)(F)F)C(F)(F)F)C(=O)c2ccccc21)c1ccc(cc1)CO,0,0.940816,0.170111,0.171098
CCOC(=O)OC[C@@H]1[C@@H]2NC(=O)N(C)[C@@]1(COC(=O)NCCCCCC(=O)NO)Oc1ccccc12,0,0.023757,0.471995,0.357145
COc1ccccc1-c1ccc2c(c1)O[C@H](CN(C)C(=O)c1cccnc1)[C@@H](C)CN([C@@H](C)CO)S2(=O)=O,0,0.010369,0.023786,0.003527
C[C@@H]1CCCCO[C@@H](CN(C)CC2CCCCC2)[C@H](C)CN([C@H](C)CO)C(=O)c2cc(ccc2O1)NC(=O)Nc1ccccc1,0,0.073651,0.029590,0.013025
CN1[C@H]2CC[C@H](CC(=O)N3CCOCC3)O[C@@H]2COc2ccc(cc2C1=O)NC(=O)c1cscn1,0,0.001859,0.024552,0.008490
C[C@H]1CC[C@@H]2N(C1)C[C@H]1[C@@H]3C[C@@]45O[C@@]6(O)[C@@H](O)CC[C@@]5(C)[C@@H]6C[C@@H](O)[C@H]4[C@]3(O)[C@@H](O)[C@H](O)[C@@H]1[C@]2(C)O,0,0.026281,0.158317,0.040455
C[C@@H]1CCCCO[C@@H](CN(C)C(=O)Nc2ccc(cc2)C(F)(F)F)[C@H](C)CN([C@@H](C)CO)C(=O)c2cc(ccc2O1)NC(=O)Nc1cccc2ccccc12,0,0.213055,0.020159,0.004282
C[C@H]1CCCCO[C@H](CN(C)C(=O)NC2CCCCC2)[C@H](C)CN([C@H](C)CO)C(=O)c2cc(ccc2O1)NC(=O)NC1CCCCC1,0,0.015462,0.026684,0.005033
COc1ccc(cc1)CN(C)C[C@H]1Oc2c(cccc2C(=O)N(C[C@@H]1C)[C@H](C)CO)NC(=O)c1cc(nn1C)C,0,0.018652,0.025656,0.006850
C[C@H]1CN([C@@H](C)CO)C(=O)Cc2cc(ccc2O[C@H]1CN(C)Cc1ccc(cc1)C(=O)Nc1ccccc1N)NC(=O)Nc1ccccc1,0,0.008918,0.022235,0.002367
O=S1(=O)[C@@H]2C[C@@H]3OC2(CN1C1CC1)C=C3,0,0.000787,0.156520,0.011083
CCC1=CC(=O)Oc2cc(ccc21)O[C@@H](C)C(=O)N[C@@H](CCCNC(=N)N)C(=O)O,0,0.622409,0.334081,0.484963
C[C@@H]1CCCCO[C@H](CN(C)Cc2ccc(cc2)C(=O)Nc2ccccc2N)[C@@H](C)CN([C@@H](C)CO)C(=O)c2cc(ccc2O1)NS(=O)(=O)c1ccc(cc1)Cl,0,0.008269,0.024983,0.002795
COc1cccc(c1)CN1C[C@]2(CCN(CC2)S(=O)(=O)C)c2c(n(c3cc(ccc23)OC)C)[C@H]1CO,0,0.054956,0.038458,0.014716
C[C@H]1CCCCO[C@@H](CN(C)S(=O)(=O)c2c(noc2C)C)[C@@H](C)CN([C@H](C)CO)C(=O)c2cc(ccc2O1)NS(=O)(=O)C,0,0.005788,0.024535,0.003130
CC(C)NC(=O)[C@]1(C)[C@@H](N(Cc2ccc(cc2)OC(F)(F)F)C(=O)c2ccccc21)c1ccc(cc1)CO,0,0.867341,0.315863,0.405050
O[C@@H]1COC[C@@H]2O[C@H](CC[C@H]2N(C1)Cc1ccccc1F)CC(=O)N[C@H]1CCN(C1)Cc1ccccc1,0,0.300637,0.045525,0.021077
C[C@H]1CCCCO[C@H](CN(C)C(=O)c2ccccc2)[C@H](C)CN([C@@H](C)CO)C(=O)c2cc(ccc2O1)NC(=O)Nc1ccc(cc1)F,0,0.013326,0.023184,0.002700
COc1ccc(cc1)S(=O)(=O)Nc1ccc2c(c1)C(=O)N(C[C@H](C)[C@@H](CN(C)C(=O)CCC(F)(F)F)OCCCC[C@H](C)O2)[C@H](C)CO,0,0.022759,0.037847,0.005476
COc1ccc(cc1)NC(=O)N(C)C[C@@H]1OCCCC[C@H](C)Oc2ccc(cc2C(=O)N(C[C@@H]1C)[C@@H](C)CO)NC(=O)C1CCCCC1,0,0.009643,0.024163,0.002585
NC1=Nc2nc[nH]c2C(=S)N1,0,0.230781,0.065865,0.026650
CSCC1=NC(=O)C=C(N1)C(=O)O,0,0.062108,0.135146,0.059447
COc1ccccc1C#Cc1cnc2c(c1)C(=O)N(C[C@@H](C)[C@H](CN(C)S(=O)(=O)c1cn(cn1)C)O2)[C@@H](C)CO,0,0.028232,0.023888,0.003472
C[C@H]1CCCCO[C@H](CN(C)Cc2ccc(c(c2)Cl)Cl)[C@H](C)CN([C@H](C)CO)C(=O)c2cc(ccc2O1)NC(=O)Nc1ccc2c(c1)OCO2,0,0.111812,0.032762,0.003641
C[C@H]1CCCCO[C@H](CN(C)S(=O)(=O)c2ccc(cc2)C)[C@@H](C)CN([C@H](C)CO)C(=O)c2cc(ccc2O1)NC(=O)Nc1ccc(cc1)F,0,0.030899,0.023789,0.002758
COc1ccc(cc1)NC(=O)Nc1ccc2c(c1)C(=O)N(C[C@H](C)[C@@H](CN(C)C(=O)Nc1ccc(cc1)F)OCCCC[C@@H](C)O2)[C@H](C)CO,0,0.052363,0.026224,0.003117
COc1ccc(cc1)S(=O)(=O)N(C)C[C@@H]1OCCCC[C@H](C)Oc2ccc(cc2C(=O)N(C[C@H]1C)[C@H](C)CO)NC(=O)Nc1cccc2ccccc12,0,0.004504,0.024204,0.002435
Cc1ccc(cc1)OC(=O)n1c2ccccc2c2ccccc12,0,0.911798,0.320392,0.229500
COCC(=O)N1[C@@H]([C@@H](CO)[C@@H]2CN3C(=O)C(=CC=C3[C@@H]21)C1=CCCCC1)C(=O)N1CCN(C)CC1,0,0.110598,0.086061,0.020660
C[C@H]1CN([C@H](C)CO)C(=O)CCCn2cc(nn2)CO[C@H]1CN(C)C(=O)Nc1ccc(cc1)C(C)(C)C,0,0.214269,0.028594,0.010577
CS(=O)(=O)Nc1ccc2c(c1)[C@@H]1C[C@H](CC(=O)NCC3CC3)O[C@H](CO)[C@@H]1O2,0,0.012597,0.034131,0.007936
C[C@H]1CCCCO[C@H](CN(C)Cc2ccc3c(c2)OCO3)[C@@H](C)CN([C@@H](C)CO)C(=O)c2cc(ccc2O1)NC(=O)Nc1cccc2ccccc12,0,0.009004,0.024851,0.003350
C[C@H]1CN([C@@H](C)CO)C(=O)c2cc(ccc2O[C@H]1CN(C)S(=O)(=O)c1c(noc1C)C)NC(=O)Nc1ccc2c(c1)OCO2,0,0.009286,0.024235,0.004874
N[C@H]1CCCN(C1)Cc1cccs1,0,0.049227,0.030221,0.010766
COc1ccc(cc1)S(=O)(=O)Nc1ccc2c(c1)C(=O)N(C[C@@H](C)[C@@H](CN(C)C(=O)CCC(F)(F)F)OCCCC[C@H](C)O2)[C@H](C)CO,0,0.022759,0.037847,0.005476
CC(C)C[C@@H]1NC[C@@H]2CCCN2C1=O,0,0.027133,0.034120,0.008165
C[C@H]1CN([C@H](C)CO)C(=O)CCCn2cc(nn2)CO[C@@H]1CN(C)C(=O)Nc1cccc2ccccc12,0,0.029003,0.021944,0.006969
ONC(=O)c1cn(nn1)-c1ccc(cc1)C[C@@H]1N2CC3=CCCC=C[C@H]3[C@@H]2[C@H](Cc2ccccc2)OC1=O,0,0.816914,0.078463,0.093893
OC(=O)COCC(=O)Nc1cnccn1,0,0.084380,0.069015,0.067328
COCC(=O)Nc1ccc2c(c1)C(=O)N(C)[C@@H]1CC[C@@H](CC(=O)NCc3ccc(cc3)OC)O[C@@H]1CO2,0,0.020228,0.026185,0.007653
COCCNC(=O)C[C@@H]1C[C@@H]2[C@@H](Oc3ccc(cc32)NS(=O)(=O)C)[C@@H](CO)O1,0,0.012529,0.024480,0.007706
COC(=O)c1c(oc(c1C(=O)OC)C(=O)C)CC[C@@H](CO)NC(=O)N[C@@H](Cc1ccccc1)Cn1cc(nn1)C1(O)CCCCC1,0,0.471362,0.348476,0.184331
OC[C@H]1[C@@H]2CN3C(=O)C=CC=C3[C@H]([C@@H]1C(=O)NCCCN1CCOCC1)N2C(=O)NC1CCCC1,0,0.100377,0.034092,0.012579
COc1cccc(c1)-c1cnc2c(c1)C(=O)N(C[C@H](C)[C@H](CN(C)S(=O)(=O)c1ccc(cc1)C#N)O2)[C@H](C)CO,0,0.000656,0.024708,0.004169
Cn1cnc(c1)S(=O)(=O)N1C[C@H](O)COC[C@H]2O[C@H](CC[C@@H]21)CC(=O)NC1Cc2ccccc2C1,0,0.325051,0.028961,0.009403
C[C@@H]1CN([C@H](C)CO)C(=O)c2cccc(c2O[C@H]1CN(C)Cc1ccc(c(c1)Cl)Cl)NC(=O)Nc1ccc2c(c1)OCO2,0,0.119731,0.033461,0.007271
COc1cccc(c1)CNC(=O)C[C@@H]1O[C@H](CO)[C@H](NC(=O)C2CCOCC2)C=C1,0,0.062862,0.026615,0.015937
CCc1nc2ccc(cn2c1N(C)CCN1CCOCC1)C(=O)Nc1cccc(c1)NS(=O)(=O)C,0,0.355190,0.031255,0.012026
C[C@@H]1CN([C@@H](C)CO)S(=O)(=O)c2ccc(cc2O[C@@H]1CN(C)C(=O)Cc1ccncc1)-c1cncnc1,0,0.015806,0.025968,0.005235
C[C@@H]1CCCCO[C@@H](CN(C)C(=O)Nc2ccc3c(c2)OCO3)[C@H](C)CN([C@H](C)CO)C(=O)c2cc(ccc2O1)NS(=O)(=O)c1cccs1,0,0.001064,0.023676,0.002520
C[C@@H]1CCCCO[C@@H](CN(C)S(=O)(=O)c2ccc(cc2)C)[C@@H](C)CN([C@H](C)CO)C(=O)c2cc(ccc2O1)NC(=O)Nc1ccc(cc1)C(F)(F)F,0,0.206461,0.027732,0.003405
CC(C)NC(=O)N(C)C[C@@H]1Oc2ccc(cc2CC(=O)N(C[C@H]1C)[C@H](C)CO)NC(=O)Nc1c(noc1C)C,0,0.042036,0.026414,0.007201
CCN(CC)c1ccc(cc1)N1CC=C[C@@]23O[C@@H]4/C=C\CC[C@H](C)OC(=O)[C@@H]4[C@H]2C(=O)N(CCO)[C@@H]3C1=O,0,0.588188,0.189798,0.111750
C[C@@H]1CCCCO[C@@H](CN(C)C(=O)CCCN(C)C)[C@H](C)CN([C@H](C)CO)C(=O)c2cc(ccc2O1)NC(=O)Nc1cccc2ccccc12,0,0.023648,0.024255,0.002299
C[C@H]1CCCCO[C@@H](CN(C)Cc2ccncc2)[C@H](C)CN([C@H](C)CO)C(=O)c2cc(ccc2O1)NC(=O)Nc1ccccc1,0,0.014176,0.025822,0.003620
CN(C)c1nc(nc(n1)N(CC=C)C#N)N(C)C,0,0.060229,0.084063,0.106075
C[C@@H]1CN([C@@H](C)CO)C(=O)Cc2cc(ccc2O[C@@H]1CN(C)Cc1ccc(cc1)-c1ccccc1)NC(=O)Nc1ccc2c(c1)OCO2,0,0.025022,0.021267,0.003750
O[C@H]1COC[C@@H]2O[C@@H](CC[C@H]2N(C1)S(=O)(=O)c1ccccc1F)CC(=O)N1CCC(CC1)Cc1ccccc1,0,0.412177,0.037411,0.017208
Clc1ccc(s1)-c1csc(n1)-c1ccc2c(c1)CCO2,0,0.342723,0.391773,0.202346
C[C@]1(CCCC[C@@H]1N)C(=O)O,0,0.085577,0.039695,0.015900
OC[C@@H]1O[C@H](C[C@@H]2[C@H]1Oc1ccc(cc12)NS(=O)(=O)c1ccccc1)CC(=O)NC1CCCCC1,0,0.004919,0.034464,0.008037
C[C@@H]1CCCCO[C@@H](CN(C)S(=O)(=O)c2ccc(cc2)Cl)[C@@H](C)CN([C@H](C)CO)C(=O)c2cc(ccc2O1)NC(=O)NC1CCCCC1,0,0.022694,0.027497,0.004207
C[C@@H]1CN([C@@H](C)CO)C(=O)c2cc(ccc2O[C@@H]1CN(C)Cc1ccccc1)NC(=O)Nc1cccc2ccccc12,0,0.015160,0.031675,0.013390
O[C@@H]1COC[C@H]2O[C@@H](CC[C@@H]2N(C1)S(=O)(=O)c1ccccc1Cl)CC(=O)NCCc1ccncc1,0,0.283544,0.030677,0.024843
OC(=O)CCN=C1NC(=O)CS1,0,0.084355,0.081170,0.036489
ONC(=O)CCCCCNC(=O)OCc1ccc(cc1)CO[C@H]1C[C@H](C=C(O1)C(=O)N1CCN(CC1)Cc1ccccc1)c1ccc(cc1)C(F)(F)F,0,0.000171,0.098703,0.061465
C[C@H]1CN([C@@H](C)CO)C(=O)c2cc(ccc2O[C@H]1CN(C)C(=O)Nc1c(noc1C)C)NS(=O)(=O)C,0,0.048689,0.024708,0.006080
CO[C@H]1CN(C)C(=O)c2ccc(cc2OC[C@H](C)N(C[C@H]1C)C(=O)Cc1cccnc1)NS(=O)(=O)c1cccc(c1)OC,0,0.002969,0.024595,0.003678
C[C@@H]1CCCCO[C@H](CN(C)C(=O)CCC(F)(F)F)[C@H](C)CN([C@H](C)CO)C(=O)c2cc(ccc2O1)NC(=O)c1ccccc1,0,0.014247,0.014877,0.006894
COc1ccc(cc1)CN(C)C[C@@H]1Oc2ccc(cc2C(=O)N(C[C@@H]1C)[C@H](C)CO)NC(=O)Cn1cnnn1,0,0.026978,0.028268,0.009896
COc1ccc(cc1)NC(=O)N(C)C[C@@H]1OCCCC[C@@H](C)Oc2ccc(cc2C(=O)N(C[C@@H]1C)[C@@H](C)CO)NC(=O)Nc1ccc(cc1)F,0,0.050132,0.026224,0.003099
COc1ccc(cc1)NC(=O)N(C)C[C@@H]1Oc2ncc(cc2C(=O)N(C[C@H]1C)[C@@H](C)CO)C#C[C@H](C)O,0,0.021172,0.041996,0.016072
CCC[C@H](NC(=O)[C@@H]1[C@H]2CCC[C@H]2CN1C(=O)[C@@H](NC(=O)[C@@H](NC(=O)c1cnccn1)C1CCCCC1)C(C)(C)C)C(=O)C(=O)NC1CC1,0,0.912513,0.596194,0.531444
O=c1ccc2ccccc2o1,0,0.241988,0.093110,0.068184
C[C@H]1CCCCO[C@H](CN(C)S(=O)(=O)c2ccc(cc2)C)[C@@H](C)CN([C@H](C)CO)C(=O)c2cc(ccc2O1)NC(=O)Cc1ccccc1,0,0.001978,0.023732,0.002426
OC[C@H]1O[C@@H](CCNC(=O)C2CCC2)CC[C@H]1NC(=O)CN1CCOCC1,0,0.029281,0.020885,0.008763
C[C@H]1CN([C@@H](C)CO)C(=O)Cc2cc(ccc2O[C@H]1CN(C)S(=O)(=O)C)NS(=O)(=O)c1ccc(cc1)C,0,0.002462,0.024295,0.005387
C[C@@H](NC(=O)[C@@H]1CCCC[C@H]1C(=O)O)c1ccccc1.C[C@@H](NC(=O)[C@H]1CCCC[C@H]1C(=O)O)c1ccccc1,0,0.356290,0.223718,0.312397
CC1=CC(=O)c2ccccc2C1=O,1,0.471386,0.208689,0.122834
COc1ccc(cc1)NC(=O)Nc1cccc2c1O[C@@H](CN(C)S(=O)(=O)C)[C@@H](C)CN([C@@H](C)CO)C2=O,0,0.022322,0.025234,0.005473
OC[C@H]1O[C@H](CCNS(=O)(=O)c2ccccc2)CC[C@@H]1NC(=O)c1cnccn1,0,0.039401,0.023182,0.008290
C[C@H]1CN([C@@H](C)CO)C(=O)c2cc(ccc2O[C@H]1CN(C)C(=O)Nc1ccc(cc1)C(F)(F)F)NS(=O)(=O)c1ccc(cc1)C,0,0.266912,0.031973,0.012094
C[C@@H]1CCCCO[C@@H](CN(C)Cc2ccncc2)[C@@H](C)CN([C@@H](C)CO)C(=O)c2cc(ccc2O1)NC(=O)Cc1ccccc1,0,0.005827,0.021557,0.002583
COCCN1C(=O)NC(=O)C(=C1N)N(Cc1ccccc1)C(=O)C1=COCCO1,0,0.432480,0.380903,0.226803
C[C@@H]1CN([C@H](C)CO)C(=O)c2cccc(c2O[C@@H]1CN(C)S(=O)(=O)c1cn(cn1)C)NC(=O)c1cnccn1,0,0.043320,0.024185,0.005081
CC(=O)O[Hg]c1ccccc1,0,0.828210,0.425570,0.220345
Cn1cnc(c1)S(=O)(=O)N1C[C@@H](O)COC[C@@H]2O[C@@H](CC[C@H]21)CC(=O)NC1CCC1,0,0.187758,0.057368,0.018392
COc1ccc(cc1)CN(C)C[C@H]1OCCCC[C@@H](C)Oc2ccc(cc2C(=O)N(C[C@@H]1C)[C@H](C)CO)NS(=O)(=O)c1ccc(cc1)C,0,0.009745,0.025103,0.004303
C[C@@H]1CN([C@H](C)CO)C(=O)c2cc(ccc2O[C@H]1CN(C)Cc1ccc(cc1)-c1ccccc1)NC(=O)Cc1cn(c2ccccc12)C,0,0.036751,0.023675,0.005775
C[C@H]1CCCCO[C@H](CN(C)S(=O)(=O)c2cccs2)[C@@H](C)CN([C@@H](C)CO)C(=O)c2cc(ccc2O1)NC(=O)Cc1ccccc1,0,0.000831,0.023818,0.002274
COc1ccc(cc1)S(=O)(=O)N(C)C[C@H]1Oc2cc(ccc2S(=O)(=O)N(C[C@@H]1C)[C@H](C)CO)C#CC1CC1,0,0.027713,0.026068,0.004369
C1CC(CCO1)NC1CCOCC1,0,0.134759,0.050230,0.027012
C[C@H]1CN([C@@H](C)CO)S(=O)(=O)c2ccc(cc2O[C@H]1CN(C)C(=O)c1cccnc1)C#CC1(O)CCCC1,0,0.009405,0.023404,0.004186
CCC(C)C1OC2(C=CC1C)CC1CC(CC=C(C)C(OC3CC(OC)C(OC4CC(OC)C(NC(C)=O)C(C)O4)C(C)O3)C(C)C=CC=C3COC4C(O)C(C)=CC(C(=O)O1)C34O)O2,0,0.805644,0.899661,0.828295
NCCO[B](c1ccccc1)c1ccccc1,0,0.302078,0.152641,0.089252
C[C@H]1CN([C@@H](C)CO)C(=O)Cc2cc(ccc2O[C@H]1CN(C)S(=O)(=O)c1c(noc1C)C)NS(=O)(=O)c1ccc(cc1)F,0,0.014161,0.024870,0.004107
COc1cccc(c1)NC(=O)N[C@H]1C=C[C@@H](CC(=O)N2CCOCC2)O[C@@H]1CO,0,0.022034,0.079004,0.024680
COc1ccc(cc1)S(=O)(=O)Nc1cccc2c1O[C@H](CN(C)Cc1ccncc1)[C@@H](C)CN([C@@H](C)CO)C2=O,0,0.009246,0.023711,0.004831
COCCNC(=O)C[C@@H]1C[C@@H]2[C@@H](Oc3ccc(cc32)NC(=O)Nc2ccc(cc2)C(F)(F)F)[C@@H](CO)O1,0,0.721949,0.230829,0.148283
CN1[C@H]2CC[C@@H](CC(=O)NCc3ccccc3F)O[C@H]2COc2ccc(cc2C1=O)NC(=O)C1CCOCC1,0,0.016693,0.024162,0.006102
COc1ccc(cc1)NC(=O)N(C)C[C@@H]1OCCCC[C@@H](C)Oc2ccc(cc2C(=O)N(C[C@@H]1C)[C@@H](C)CO)NC(=O)C1CCCCC1,0,0.009643,0.024163,0.002585
C[C@@H]1CN([C@H](C)CO)C(=O)c2cccc(c2O[C@@H]1CN(C)S(=O)(=O)c1cccs1)NC(=O)C1CC1,0,0.004945,0.024081,0.005819
O=S1(=O)N[C@H]2CCCN2c2ccccc21,0,0.009775,0.031520,0.007849
C[C@@H]1CCCCO[C@H](CN(C)C(=O)Nc2ccc(cc2)F)[C@H](C)CN([C@H](C)CO)C(=O)c2cc(ccc2O1)NC(=O)Nc1ccc(cc1)C(F)(F)F,0,0.764885,0.029850,0.013329
COc1ccc(cc1)NC(=O)Nc1ccc2c(c1)C(=O)N(C[C@H](C)[C@@H](CN(C)Cc1ccc(c(c1)Cl)Cl)O2)[C@H](C)CO,0,0.209815,0.053878,0.017304
C[C@H]1CCCCO[C@H](CN(C)Cc2ccc3c(c2)OCO3)[C@H](C)CN([C@@H](C)CO)C(=O)c2cc(ccc2O1)NC(=O)Nc1cccc2ccccc12,0,0.009004,0.024851,0.003350
CN1C(=O)N(C)c2ncn(c2C1=O)CC(=O)OCC(=O)c1cc(n(c1C)C)C,0,0.808223,0.253984,0.268662
CO[C@H]1O[C@H](CO)[C@@H](OC(=O)Nc2cccc(c2)F)[C@H](OC(=O)Nc2ccccc2-c2ccccc2)[C@@H]1OC(=O)Nc1ccccc1-c1ccccc1,0,0.869168,0.114020,0.030563
C[C@H]1CCCCO[C@H](CN(C)Cc2ccc(cc2)C(F)(F)F)[C@@H](C)CN([C@@H](C)CO)C(=O)c2cc(ccc2O1)NS(=O)(=O)c1ccccc1,0,0.034897,0.023501,0.003877
CC(=CCC/C(=C/COC(=O)C)C)C,0,0.095347,0.060960,0.023873
COc1cc(C2Oc3cc(C4Oc5cc(O)cc(O)c5C(=O)C4O)ccc3OC2CO)ccc1O,0,0.398692,0.282399,0.166345
O[C@@H]1COC[C@@H]2O[C@H](CC[C@H]2N(C1)S(=O)(=O)c1ccccc1)CC(=O)N[C@@H]1CCN(C1)Cc1ccccc1,0,0.095401,0.028405,0.010936
C[C@H]1CCCCO[C@H](CN(C)S(=O)(=O)C)[C@@H](C)CN([C@H](C)CO)C(=O)c2cc(ccc2O1)NS(=O)(=O)c1ccc(cc1)F,0,0.006143,0.023414,0.004254
COc1cc(cc(c1)OC)Nc1nc2ccccc2nc1NS(=O)(=O)c1ccc(cc1)NC(=O)c1ccc(c(c1)OC)C,0,0.063418,0.425317,0.094362
COc1cccc(c1)S(=O)(=O)N(C)C[C@@H]1Oc2ncc(cc2C(=O)N(C[C@@H]1C)[C@H](C)CO)-c1ccc(cc1)F,0,0.008265,0.024048,0.004090
C[C@H]1CN([C@@H](C)CO)C(=O)c2cccc(c2O[C@@H]1CN(C)Cc1ccc(cc1)Oc1ccccc1)NC(=O)Nc1ccccc1,0,0.007769,0.026843,0.006875
C[C@@H]1CCCCO[C@@H](CN(C)C(=O)c2ccccc2)[C@@H](C)CN([C@H](C)CO)C(=O)c2cc(ccc2O1)NC(=O)Nc1c(noc1C)C,0,0.007762,0.022546,0.002097
O=C(Nc1cc(Cl)cc(Cl)c1O)c1c(O)c(Cl)cc(Cl)c1Cl,1,0.999788,0.605230,0.828108
C[C@@H]1CN([C@@H](C)CO)C(=O)Cc2cc(ccc2O[C@@H]1CN(C)Cc1ccc(c(c1)Cl)Cl)NS(=O)(=O)c1ccccc1,0,0.012188,0.024328,0.004468
C[C@@H]1CN([C@H](C)CO)C(=O)c2cc(ccc2O[C@@H]1CN(C)Cc1ccc(cc1)-c1ccccc1)NC(=O)Nc1ccccc1,0,0.055338,0.026308,0.011297
C[C@@H]1CN([C@H](C)CO)C(=O)Cc2cc(ccc2O[C@H]1CN(C)Cc1ccc(cc1)-c1ccccc1)NC(=O)Nc1ccccc1,0,0.054835,0.021682,0.006255
COc1ccc(cc1)NC(=O)N(C)C[C@@H]1OCCCC[C@H](C)Oc2ccc(cc2C(=O)N(C[C@@H]1C)[C@H](C)CO)NS(=O)(=O)c1cccs1,0,0.003263,0.023488,0.002451
C#CC1(O)CCC2C3CCC4=CC(=O)CCC4C3CCC21C,0,0.016565,0.212769,0.131494
C[C@H]1CCCCO[C@@H](CN(C)C(=O)Nc2c(noc2C)C)[C@H](C)CN([C@H](C)CO)C(=O)c2cc(ccc2O1)NC(=O)CCC(F)(F)F,0,0.239095,0.243546,0.072264
C[C@@H]1CCCCO[C@@H](CN(C)C(=O)CCCN(C)C)[C@H](C)CN([C@@H](C)CO)C(=O)c2cc(ccc2O1)NC(=O)Nc1cccc2ccccc12,0,0.023648,0.024255,0.002299
CNC[C@H]1OCCCC[C@H](C)Oc2ccc(cc2C(=O)N(C[C@@H]1C)[C@H](C)CO)NC(=O)Nc1cccc2ccccc12,0,0.046190,0.030759,0.014093
C[C@H]1CN([C@H](C)CO)C(=O)c2cccc(c2O[C@H]1CN(C)C(=O)NC1CCCCC1)NC(=O)C1CC1,0,0.031648,0.033159,0.011824
C[C@H]1CCCCO[C@H](CN(C)C(=O)CCC(F)(F)F)[C@@H](C)CN([C@@H](C)CO)C(=O)c2cc(ccc2O1)NS(=O)(=O)c1cccs1,0,0.010924,0.028982,0.005858
Cc1c(cc(cc1[N+](=O)[O-])[N+](=O)[O-])C(=O)N,0,0.334510,0.603684,0.405281
CN(C)c1nc(nc(n1)Cn1ccnc1)N,0,0.213376,0.061670,0.026843
C[C@@H]1CCCCO[C@@H](CN(C)Cc2ccccc2)[C@@H](C)CN([C@H](C)CO)C(=O)c2cc(ccc2O1)NC(=O)Nc1ccc2c(c1)OCO2,0,0.008836,0.022013,0.003509
C[C@@H]1CCCCO[C@H](CN(C)Cc2ccncc2)[C@@H](C)CN([C@H](C)CO)C(=O)c2cc(ccc2O1)NC(=O)Nc1ccc(cc1)F,0,0.074307,0.029766,0.005449
Cn1cnc(c1)S(=O)(=O)N1C[C@H](O)COC[C@H]2O[C@H](CC[C@@H]21)CC(=O)NCc1ccc(cc1)F,0,0.590220,0.029751,0.015085
N[C@H]1C[C@H]1c1ccccc1,0,0.053048,0.196425,0.122895
C[C@H]1CN([C@@H](C)CO)C(=O)c2c(c3ccccc3n2C)-c2ccccc2CO[C@@H]1CN(C)C(=O)[C@H](C)c1ccccc1,0,0.023590,0.025155,0.011591
C[C@H]1CN([C@@H](C)CO)C(=O)c2cc(ccc2O[C@H]1CN(C)Cc1ccc(cc1)C(=O)O)NS(=O)(=O)c1c(noc1C)C,0,0.039503,0.031199,0.007174
COc1ccccc1-c1ccc2c(c1)O[C@@H](CN(C)CC1CCOCC1)[C@H](C)CN([C@@H](C)CO)S2(=O)=O,0,0.091354,0.030745,0.004945
C[C@@H]1CCCCO[C@H](CN(C)Cc2ccc(c(c2)Cl)Cl)[C@@H](C)CN([C@@H](C)CO)C(=O)c2cc(ccc2O1)NS(=O)(=O)c1ccc(cc1)Cl,0,0.137148,0.024932,0.003564
CCO[C@@H]1OC(=C[C@@H]([C@H]1CCCOC(=O)NCCCCCC(=O)NO)c1ccc(cc1)Br)C(=O)N1CCN(CC1)Cc1ccccc1,0,0.000252,0.036507,0.015747
COc1ccc(cc1)CN(C)C[C@H]1OCCCC[C@H](C)Oc2ccc(cc2C(=O)N(C[C@H]1C)[C@@H](C)CO)NS(=O)(=O)c1ccc(cc1)C,0,0.009745,0.025103,0.004303
COc1ccccc1S(=O)(=O)N(C)C[C@H]1Oc2cc(ccc2S(=O)(=O)N(C[C@H]1C)[C@@H](C)CO)Br,0,0.066934,0.024803,0.006524
C[C@@H]1CCCCO[C@H](CN(C)C(=O)c2ccccc2)[C@@H](C)CN([C@H](C)CO)C(=O)c2cc(ccc2O1)NC(=O)Nc1ccc2c(c1)OCO2,0,0.001656,0.021360,0.001948
C[C@H]1[C@H](OC(=O)CC[C@H](O)[C@@H](O)C[C@@H](CC(=O)NCc2ccc(cc2)Cl)C(=O)N1C)c1ccccc1,0,0.654147,0.193720,0.269070
COc1ccc(cc1)S(=O)(=O)N(C)C[C@@H]1Oc2c(cccc2C(=O)N(C[C@H]1C)[C@H](C)CO)N(C)C,0,0.015117,0.030560,0.012217
C[C@@H]1CCCCO[C@@H](CN(C)S(=O)(=O)c2c(noc2C)C)[C@H](C)CN([C@H](C)CO)C(=O)c2cc(ccc2O1)N(C)C,0,0.016611,0.024545,0.004919
C[C@@H]1CN([C@H](C)CO)C(=O)c2cc(ccc2O[C@H]1CN(C)C(=O)Nc1ccc(cc1)C(F)(F)F)NC(=O)Nc1ccc(cc1)F,0,0.905905,0.569291,0.486354
C[C@H](O)C#Cc1ccc2c(c1)O[C@@H](CN(C)C(=O)Cc1ccccn1)[C@H](C)CN([C@@H](C)CO)S2(=O)=O,0,0.007755,0.023313,0.006426
C[C@@H]1CN([C@H](C)CO)C(=O)c2c(c3ccccc3n2C)-c2ccccc2CO[C@H]1CN(C)Cc1ccc(cc1)F,0,0.157940,0.033472,0.028245
COc1cc(cc(c1)-c1ccc(cc1)[C@H]1CC(=O)C[C@@H](c2ccccc2)C11C(=O)c2ccccc2C1=O)OC,1,0.972448,0.223890,0.142399
CO[C@@H]1CN(C)C(=O)c2cc(ccc2OC[C@@H](C)N(C[C@H]1C)S(=O)(=O)C)NS(=O)(=O)c1ccccc1C,0,0.009836,0.024841,0.006311
C[C@@H]1CN([C@H](C)CO)C(=O)c2cc(ccc2O[C@@H]1CN(C)Cc1ccc(c(c1)Cl)Cl)NC(=O)CCCCCC(=O)Nc1ccccc1N,0,0.074991,0.031840,0.005109
COc1ccc(cc1)S(=O)(=O)N(C)C[C@H]1Oc2ccc(cc2CC(=O)N(C[C@@H]1C)[C@H](C)CO)NC(=O)c1ccncc1,0,0.001981,0.023784,0.003177
[O-][N+](=O)c1ccn(n1)CC(=O)N1CCOCC1,0,0.936452,0.214702,0.165292
COc1ccc(cc1)NC(=O)N(C)C[C@H]1Oc2ccc(cc2C(=O)N(C[C@H]1C)[C@H](C)CO)NC(=O)Nc1ccc(cc1)C(F)(F)F,0,0.656128,0.061162,0.037252
CC(C)NC(=O)Nc1ccc2c(c1)C(=O)N(C[C@H](C)[C@@H](CN(C)C(=O)C1CCCCC1)OCCCC[C@H](C)O2)[C@@H](C)CO,0,0.016444,0.030729,0.007171
CC(C)NC(=O)N(C)C[C@H]1Oc2ccc(cc2C(=O)N(C[C@@H]1C)[C@H](C)CO)NS(=O)(=O)c1ccc(cc1)Cl,0,0.074108,0.024611,0.007621
C[C@@H]1CN([C@@H](C)CO)C(=O)Cc2cc(ccc2O[C@@H]1CN(C)S(=O)(=O)c1c(noc1C)C)NS(=O)(=O)c1cn(cn1)C,0,0.011775,0.024072,0.003657
COc1ccccc1-c1cccc(c1)-c1nc(cc2c1[C@@H](CCO)N(C2)[S@](=O)C(C)(C)C)C(=O)NCc1ccncc1,0,0.123160,0.066308,0.048891
C#CC1(O)CCC2C3CCc4cc(O)ccc4C3CCC21C,0,0.024324,0.270648,0.164326
C[C@H]1CN([C@H](C)CO)C(=O)c2cccc(c2O[C@H]1CN(C)C(=O)Nc1ccc2c(c1)OCO2)NC(=O)Nc1ccc(cc1)C(F)(F)F,1,0.424248,0.152917,0.162608
C/C=C/c1ccc2c(c1)O[C@H](CN(C)S(=O)(=O)c1ccccc1)[C@H](C)CN([C@@H](C)CO)S2(=O)=O,0,0.003898,0.025097,0.005832
CC(=O)N1[C@H](CO)[C@H](c2ccccc2)C21CN(C2)C(=O)CN1CCOCC1,0,0.011675,0.226184,0.047220
CNC[C@@H]1Oc2ccc(cc2CC(=O)N(C[C@@H]1C)[C@H](C)CO)NC(=O)CCN1CCOCC1,0,0.011002,0.022722,0.004856
CO[C@@H]1CN(C)C(=O)c2ccc(cc2OC[C@H](C)N(CCC(F)(F)F)C[C@@H]1C)NS(=O)(=O)c1cn(cn1)C,0,0.183799,0.066134,0.010461
C[C@H]1CCCCO[C@@H](CN(C)C(=O)Nc2ccc3c(c2)OCO3)[C@@H](C)CN([C@@H](C)CO)C(=O)c2cc(ccc2O1)NS(=O)(=O)c1ccccc1,0,0.001128,0.023732,0.002457
CN(Cc1[nH]nc2c1CCCC2)C(=O)CC1=NNC(=O)N1,0,0.654785,0.148229,0.096127
CCCCCNCC(=O)N,0,0.004497,0.045379,0.013360
C[C@@H]1CN([C@H](C)CO)C(=O)Cc2cc(ccc2O[C@@H]1CN(C)C(=O)Nc1c(noc1C)C)NS(=O)(=O)C,0,0.007755,0.023055,0.004540
C[C@@H]1CN([C@H](C)CO)C(=O)CCCn2nncc2CO[C@@H]1CN(C)C(=O)Nc1ccc2c(c1)OCO2,0,0.023233,0.023397,0.004529
C[C@H]1CN([C@@H](C)CO)C(=O)c2cccc(c2O[C@@H]1CN(C)Cc1ccc(cc1)C(=O)Nc1ccccc1N)NC(=O)Nc1ccccc1,0,0.021710,0.021890,0.004031
CC(C)NC(=O)N(C)C[C@@H]1Oc2c(cccc2C(=O)N(C[C@@H]1C)[C@H](C)CO)NC(=O)NC1CCCCC1,0,0.045885,0.026111,0.011492
C[C@H]1CCCCO[C@@H](CN(C)S(=O)(=O)C)[C@@H](C)CN([C@H](C)CO)C(=O)c2cc(ccc2O1)NC(=O)Nc1cccc2ccccc12,0,0.004347,0.023838,0.002654
C[C@@H]1CCCCO[C@H](CN(C)Cc2ccccc2)[C@H](C)CN([C@H](C)CO)C(=O)c2cc(ccc2O1)NC(=O)c1ccccc1,0,0.004061,0.022830,0.005401
COCC(=O)N(C)C[C@@H]1Oc2cc(ccc2S(=O)(=O)N(C[C@@H]1C)[C@@H](C)CO)C#C[C@H](C)O,0,0.035869,0.024742,0.008396
C[C@H]1CCCCO[C@H](CN(C)Cc2ccc3c(c2)OCO3)[C@H](C)CN([C@H](C)CO)C(=O)c2cc(ccc2O1)NC(=O)Nc1c(noc1C)C,0,0.026143,0.027509,0.005727
CCNC(=O)C[C@@H]1O[C@H](CO)[C@H](NC(=O)C2CC2)C=C1,0,0.102685,0.023415,0.006800
C[C@H]1CN([C@H](C)CO)C(=O)c2cc(ccc2O[C@H]1CN(C)Cc1ccc(cc1)Oc1ccccc1)NC(=O)Nc1ccc(cc1)C(F)(F)F,0,0.248329,0.175783,0.094886
CC(C)NC(=O)Nc1ccc2c(c1)C(=O)N(C[C@@H](C)[C@@H](CN(C)C(=O)Nc1ccc(cc1)F)OCCCC[C@@H](C)O2)[C@@H](C)CO,0,0.095668,0.028572,0.007497
C[C@H]1CCCCO[C@H](CN(C)CC2CCCCC2)[C@@H](C)CN([C@H](C)CO)C(=O)c2cc(ccc2O1)NS(=O)(=O)c1cccs1,0,0.016414,0.024617,0.004404
C[C@H]1CCCCO[C@@H](CN(C)C(=O)Nc2cccc3ccccc23)[C@H](C)CN([C@H](C)CO)C(=O)c2cc(ccc2O1)N(C)C,0,0.015548,0.025222,0.005718
C[C@@H]1CN([C@H](C)CO)C(=O)c2cc(ccc2O[C@@H]1CN(C)S(=O)(=O)C)NC(=O)CCN1CCOCC1,0,0.001354,0.036279,0.003726
CCCC(=O)Nc1nc2n(n1)C(=O)C=C(C)N2,0,0.034496,0.071201,0.026229
COc1ccc2c(=O)cc(-c3ccccc3OC)oc2c1,0,0.177523,0.189117,0.078309
C[C@@H]1CCCCO[C@@H](CN(C)S(=O)(=O)c2ccc(cc2)Cl)[C@@H](C)CN([C@@H](C)CO)C(=O)c2cc(ccc2O1)NC(=O)Nc1ccc(cc1)F,0,0.059615,0.026084,0.004000
C[C@H]1CCCCO[C@H](CN(C)S(=O)(=O)c2cccs2)[C@H](C)CN([C@H](C)CO)C(=O)c2cc(ccc2O1)NS(=O)(=O)c1cn(cn1)C,0,0.003963,0.024597,0.002978
C[C@H]1CCCCO[C@H](CN(C)C(=O)Nc2ccccc2)[C@@H](C)CN([C@@H](C)CO)C(=O)c2cc(ccc2O1)NS(=O)(=O)c1ccc(cc1)C,0,0.006506,0.023732,0.002525
C[C@@H]1CN([C@H](C)CO)C(=O)c2cc(ccc2O[C@H]1CN(C)S(=O)(=O)C)NC(=O)Cc1ccccc1,0,0.003168,0.025145,0.006125
CC=CC1=CC=C2[C@@H]3[C@H](CN2C1=O)[C@@H](CO)[C@@H](N3S(=O)(=O)C)C(=O)NC1CCC1,0,0.010535,0.051163,0.009367
OC[C@@H](Cc1ccccc1)NC(=O)C[C@H](CC=C)C(=O)N[C@@H](COC(=O)[C@@H](CCC=C)Cc1ccc(cc1)F)Cc1c[nH]c2ccccc12,0,0.075746,0.033521,0.013978
C[C@H]1CCCCO[C@@H](CN(C)C(=O)c2ccncc2)[C@@H](C)CN([C@H](C)CO)C(=O)c2cc(ccc2O1)NC(=O)C1CCCCC1,0,0.003199,0.023989,0.002296
C[C@@H]1CN([C@@H](C)CO)C(=O)c2cc(ccc2O[C@@H]1CN(C)S(=O)(=O)C)NC(=O)CCC(F)(F)F,0,0.026942,0.031893,0.011090
CC1=NNC(=NC1=O)NN1CCOCC1,0,0.190934,0.032014,0.011361
CC(C)N1CC=C[C@@]23O[C@@H]4/C=C\CCCOC(=O)[C@@H]4[C@H]2C(=O)N(CCCO)[C@@H]3C1=O,0,0.061341,0.326544,0.115391
CC(=O)NCCc1cnc[nH]1,0,0.091673,0.025492,0.011838
C[C@@H]1CN([C@@H](C)CO)C(=O)c2cc(ccc2O[C@H]1CN(C)Cc1ccc(cc1)Oc1ccccc1)NC(=O)CCC(F)(F)F,0,0.072293,0.085093,0.043513
CS(=O)(=O)N1CCCN(CC1)C(=O)CN1C(=O)COc2ccccc21,0,0.002083,0.030148,0.008855
C[C@@H]1CN([C@H](C)CO)C(=O)c2cccc(c2O[C@H]1CN(C)C(=O)Nc1ccc(cc1)C(F)(F)F)NC(=O)c1nc2ccccc2s1,0,0.364998,0.107906,0.079762
CO[C@H]1CN(C)C(=O)c2cc(ccc2OC[C@@H](C)N(C[C@@H]1C)C(=O)Nc1c(noc1C)C)NC(=O)Nc1ccc(cc1)Cl,0,0.145470,0.035146,0.011339
COc1cccc(c1)C(=O)Nc1ccc2c(c1)C(=O)N(C)[C@H]1CC[C@H](CC(=O)NCC3CC3)O[C@H]1CO2,0,0.009141,0.025471,0.006014
C[C@@H]1CN([C@@H](C)CO)C(=O)Cc2cc(ccc2O[C@H]1CN(C)S(=O)(=O)c1cccs1)NC(=O)Nc1c(noc1C)C,0,0.004462,0.024545,0.004765
OC(=O)c1ccnc2nc[nH]c12,0,0.628806,0.073348,0.041741
C[C@H]1CN([C@H](C)CO)C(=O)c2cc(cnc2O[C@H]1CN(C)CC1CCOCC1)C#Cc1cccc(c1)F,0,0.166395,0.028556,0.009589
COc1cccc(c1)CNC(=O)c1cc2c(c(n1)-c1cccc(c1)/C=C/C)[C@H](CCO)N(C2)[S@@](=O)C(C)(C)C,0,0.103923,0.178870,0.150182
COc1ccc(cc1)NC(=O)Nc1ccc2c(c1)C(=O)N(C[C@H](C)[C@H](CN(C)C(=O)Nc1c(noc1C)C)OCCCC[C@@H](C)O2)[C@H](C)CO,0,0.032246,0.024061,0.002545
C[C@@H]1CN([C@H](C)CO)C(=O)c2cc(ccc2O[C@H]1CN(C)Cc1ccc(cc1)C(=O)Nc1ccccc1N)NC(=O)CCC(F)(F)F,0,0.232386,0.025770,0.011837
C[C@H]1CN([C@H](C)CO)C(=O)c2cccc(c2O[C@H]1CN(C)S(=O)(=O)c1c(noc1C)C)NS(=O)(=O)c1cccs1,0,0.009290,0.028564,0.005253
COc1ccc(cc1)NC(=O)Nc1ccc2c(c1)C(=O)N(C[C@H](C)[C@@H](CN(C)Cc1ccc(cc1)Oc1ccccc1)O2)[C@H](C)CO,0,0.010611,0.029227,0.006079
C/C=C/c1ccc2c(c1)O[C@@H](CN(C)Cc1ccc(cc1)C(=O)O)[C@H](C)CN([C@H](C)CO)S2(=O)=O,0,0.065632,0.032762,0.008546
C[C@@H]1CCCCO[C@H](CN(C)CC2CCCCC2)[C@@H](C)CN([C@H](C)CO)C(=O)c2cc(ccc2O1)NC(=O)Nc1c(noc1C)C,0,0.163897,0.044931,0.009775
C[C@@H]1CN([C@@H](C)CO)C(=O)Cc2cc(ccc2O[C@@H]1CN(C)S(=O)(=O)C)NS(=O)(=O)c1c(noc1C)C,0,0.003421,0.023470,0.004652
NNC(=O)[C@H]1C[C@H]2C[C@@H]1C[C@@H]2C(=O)NN,0,0.619077,0.047476,0.019030
CC(C)NC(=O)Cn1nc(c(c1C)[N+](=O)[O-])C,0,0.962276,0.122789,0.053692
C[C@H]1CN([C@H](C)CO)C(=O)c2cccc(c2O[C@@H]1CN(C)C(=O)Nc1ccc(cc1)F)NS(=O)(=O)C,0,0.142290,0.027509,0.008770
CNC[C@@H]1OCCCC[C@@H](C)Oc2ccc(cc2C(=O)N(C[C@@H]1C)[C@@H](C)CO)NS(=O)(=O)c1cn(cn1)C,0,0.050693,0.023540,0.005345
C[C@@H]1CN([C@@H](C)CO)C(=O)c2cc(ccc2O[C@H]1CN(C)S(=O)(=O)c1ccccc1)NS(=O)(=O)C,0,0.007132,0.023716,0.004953
COc1ccc(cc1)NC(=O)N(C)C[C@H]1OCCCC[C@@H](C)Oc2ccc(cc2C(=O)N(C[C@H]1C)[C@H](C)CO)NC(=O)C1CCCCC1,0,0.009643,0.024163,0.002585
C[C@H]1CN([C@H](C)CO)C(=O)c2cc(cnc2O[C@H]1CN(C)C(=O)Nc1cccc(c1)F)C#CCN(C)C,0,0.212118,0.027409,0.012139
CS(=O)(=O)N1CCC2(CC1)OCCO2,0,0.017041,0.030965,0.009108
C[C@@H]1CN([C@@H](C)CO)S(=O)(=O)c2ccc(cc2O[C@H]1CN(C)C(=O)c1ccncc1)C#CC1(O)CCCC1,0,0.009108,0.022879,0.003868
COc1ccc(cc1OC)C#Cc1cnc2c(c1)C(=O)N(C[C@H](C)[C@H](CN(C)S(=O)(=O)c1ccc(cc1)C#N)O2)[C@H](C)CO,0,0.001914,0.028146,0.004634
COc1ccccc1C(=O)Nc1ccc2c(c1)C(=O)N(C)[C@@H]1CC[C@@H](CC(=O)NCCc3ccncc3)O[C@@H]1CO2,0,0.004647,0.027853,0.005963
COc1cccc(c1)NC(=O)N(C)C[C@H]1Oc2cc(ccc2S(=O)(=O)N(C[C@@H]1C)[C@@H](C)CO)C#Cc1ccncc1,0,0.017793,0.027689,0.004394
OCc1nc2ccc(cc2[nH]1)[N+](=O)[O-],0,0.406841,0.266023,0.112968
C[C@H]1CN([C@@H](C)CO)C(=O)c2cccc(c2O[C@@H]1CN(C)S(=O)(=O)C)NC(=O)c1cc(nn1C)C,0,0.010621,0.023437,0.005835
OC[C@H]1O[C@H](C[C@@H]2[C@H]1Oc1ccc(cc12)NC(=O)Cc1ccncc1)CC(=O)N1CCc2ccccc2C1,0,0.005384,0.027708,0.007248
NC/C=C\C(=O)O,0,0.114285,0.085042,0.038974
O=C(NCCN1CCNCC1)c1ccccn1,0,0.023830,0.023356,0.006478
C[C@@H]1CCCCO[C@H](CN(C)C)[C@@H](C)CN([C@@H](C)CO)C(=O)c2cc(ccc2O1)NS(=O)(=O)c1c(noc1C)C,0,0.020832,0.026632,0.005840
COc1ccc(cc1)NC(=O)Nc1ccc2c(c1)C(=O)N(C[C@H](C)[C@H](CN(C)C(=O)Nc1ccc(cc1)OC)OCCCC[C@H](C)O2)[C@@H](C)CO,0,0.014795,0.024044,0.003081
C[C@H]1CCCCO[C@H](CN(C)C(=O)Nc2ccc3c(c2)OCO3)[C@H](C)CN([C@H](C)CO)C(=O)c2cc(ccc2O1)NC(=O)C1CCCCC1,0,0.008138,0.024063,0.002703
C[C@H]1CCCCO[C@H](CN(C)C(=O)C2CCCCC2)[C@@H](C)CN([C@@H](C)CO)C(=O)c2cc(ccc2O1)NS(=O)(=O)c1ccccc1,0,0.002780,0.024027,0.003242
COc1ccc(cc1)S(=O)(=O)N(C)C[C@H]1OCCCC[C@H](C)Oc2ccc(cc2C(=O)N(C[C@H]1C)[C@@H](C)CO)NC(=O)CCC(F)(F)F,0,0.030837,0.025382,0.004218
CCNC(=O)[C@@H]1CCCN1C(=O)[C@H](CCCN=C(N)N)NC(=O)[C@H](CC(C)C)NC(=O)[C@@H](Cc1c[nH]c2ccccc12)NC(=O)[C@H](Cc1ccc(cc1)O)NC(=O)[C@H](CO)NC(=O)[C@H](Cc1c[nH]c2ccccc12)NC(=O)[C@H](Cc1c[nH]cn1)NC(=O)[C@@H]1CCC(=O)N1,0,0.001350,0.267615,0.055361
C[C@H]1CN([C@@H](C)CO)C(=O)c2c(c3ccccc3n2C)-c2ccccc2CO[C@H]1CN(C)C(=O)Nc1ccc(cc1)-c1ccccc1,0,0.029544,0.026075,0.006978
Cc1ccc(cc1)S(=O)(=O)N,0,0.000020,0.065861,0.015556
C[C@H]1COC(=O)[C@@H](CC=CC[C@@H](CC(=O)N[C@@H](CO)Cc2ccccc2)C(=O)N1)Cc1ccc(cc1)F,0,0.044131,0.043293,0.028567
C[C@@H](N)C(=O)Nc1c(cccc1C)C,0,0.844466,0.030752,0.014771
C[C@@H]1CN([C@@H](C)CO)C(=O)c2cccc(c2O[C@@H]1CN(C)S(=O)(=O)c1ccccc1)NC(=O)c1cnccn1,0,0.014928,0.024535,0.004314
NC(=N)NCCC(=O)O,0,0.035162,0.044264,0.017634
C[C@H]1CN([C@@H](C)CO)C(=O)Cc2cc(ccc2O[C@H]1CN(C)C(=O)Nc1cccc2ccccc12)NC(=O)C1CCCCC1,0,0.012200,0.023521,0.005862
C[C@@H]1CN([C@H](C)CO)S(=O)(=O)c2ccc(cc2O[C@@H]1CN(C)C(=O)CN(C)C)C#Cc1ccccc1,1,0.157473,0.794360,0.863174
C[C@@H]1CCCCO[C@@H](CN(C)S(=O)(=O)c2c(noc2C)C)[C@@H](C)CN([C@@H](C)CO)C(=O)c2cc(ccc2O1)NS(=O)(=O)C,0,0.005788,0.024535,0.003130
C[C@@H]1CN([C@@H](C)CO)C(=O)c2c(c3ccccc3n2C)-c2ccccc2CO[C@H]1CN(C)Cc1cccc(c1)C(=O)O,0,0.246438,0.182275,0.418487
C[C@@H]1CN([C@@H](C)CO)C(=O)c2cccc(c2O[C@H]1CN(C)C(=O)Nc1ccc2c(c1)OCO2)NC(=O)c1ccncc1,0,0.005977,0.022358,0.003946
CN(C)CCCNC(=O)C[C@@H]1CC[C@@H]2[C@@H](COc3ccc(cc3C(=O)N2C)NC(=O)c2ccccc2F)O1,0,0.086575,0.030907,0.013679
C[C@@H]1CN([C@@H](C)CO)C(=O)Cc2cc(ccc2O[C@H]1CN(C)C(=O)Nc1c(noc1C)C)NS(=O)(=O)c1c(noc1C)C,0,0.020637,0.024708,0.004141
CCS(=O)(=O)NCC[C@@H]1CC[C@@H](NC(=O)C2CC2)[C@@H](CO)O1,0,0.024372,0.041155,0.009459
C[C@@H]1CN([C@H](C)CO)C(=O)c2cccc(c2O[C@@H]1CN(C)Cc1ccc(cc1)Oc1ccccc1)NC(=O)C1CCOCC1,0,0.011927,0.025208,0.007571
C[C@@H]1CN([C@@H](C)CO)C(=O)c2cc(ccc2O[C@@H]1CN(C)Cc1ccccc1)NC(=O)CCCN(C)C,0,0.032562,0.024732,0.008954
CN1CCN(CC1)C(=O)C[C@@H]1CC[C@@H]2[C@H](COc3ccc(cc3C(=O)N2C)NC(=O)c2cscn2)O1,0,0.027778,0.022779,0.007505
C[C@@H]1CN([C@H](C)CO)S(=O)(=O)c2ccc(cc2O[C@H]1CN(C)C(=O)C1CCCCC1)-c1cncnc1,0,0.034839,0.024213,0.005294
COc1ccc(cc1)[Si](C)(C)[C@@H]1[C@@H](C)[C@@]2(O[C@H]1CCn1cc(nn1)[C@H](O)c1ccccc1)C(=O)N(Cc1cccc(c1)N1C(=O)c3cccc4cccc1c34)c1ccccc12,0,0.006040,0.037117,0.014017
ONC(=O)CCCCCNC(=O)OCCOc1ccc(cc1)[C@H]1N2[C@@H]([C@@H](C(=O)OCC=C)[C@@]11C(=O)Nc3ccc(cc31)I)C(=O)O[C@@H]([C@@H]2c1ccccc1)c1ccccc1,0,0.000521,0.139233,0.025757
COc1ccc(cc1)NC(=O)N(C)C[C@@H]1OCCCC[C@H](C)Oc2ccc(cc2C(=O)N(C[C@@H]1C)[C@H](C)CO)NS(=O)(=O)c1ccc(cc1)C,0,0.006183,0.023687,0.002828
C[C@H]1CN([C@H](C)CO)C(=O)c2cc(ccc2O[C@H]1CN(C)C(=O)Nc1ccc2c(c1)OCO2)NS(=O)(=O)c1cn(cn1)C,0,0.012529,0.023249,0.003973
C[C@@H]1CN([C@H](C)CO)C(=O)c2cccc(c2O[C@H]1CN(C)Cc1ccncc1)NC(=O)Nc1ccc(cc1)C(F)(F)F,0,0.615740,0.092001,0.095732
CC(O)CN1CCN(CC(=O)[O-])CCN(CC(=O)[O-])CCN(CC(=O)[O-])CC1.[Gd+3],0,0.007661,0.498745,0.282635
C[C@@H]1CN([C@@H](C)CO)C(=O)Cc2cc(ccc2O[C@@H]1CN(C)C(=O)Nc1ccc(cc1)C(F)(F)F)NC(=O)Nc1ccc(cc1)C(F)(F)F,0,0.892262,0.038565,0.022889
CO[C@@H]1CN(C)C(=O)c2ccc(cc2OC[C@H](C)N(C[C@@H]1C)C(=O)NC(C)C)NS(=O)(=O)c1ccccc1,0,0.004913,0.028132,0.007241
CCO[C@H]1CN(CC)C[C@@H]1N,0,0.103613,0.035967,0.006590
C[C@H]1CCCCO[C@@H](CN(C)CC2CCCCC2)[C@@H](C)CN([C@H](C)CO)C(=O)c2cc(ccc2O1)NC(=O)Cc1ccccc1,0,0.028404,0.025382,0.009387
C[C@H]1CCCCO[C@@H](CN(C)C(=O)Nc2ccc3c(c2)OCO3)[C@@H](C)CN([C@H](C)CO)C(=O)c2cc(ccc2O1)NC(=O)CCCCCC(=O)Nc1ccccc1N,0,0.002079,0.022696,0.002585
C[C@H]1CN([C@@H](C)CO)C(=O)c2cc(ccc2O[C@H]1CN(C)CC1CCCCC1)NC(=O)Cn1cnnn1,0,0.071370,0.030305,0.010197
CCCC#Cc1ccc2c(c1)O[C@@H](CN(C)S(=O)(=O)c1cccc(c1)OC)[C@@H](C)CN([C@H](C)CO)S2(=O)=O,0,0.011953,0.025499,0.003871
C[C@H]1CN([C@H](C)CO)C(=O)c2cccc(c2O[C@H]1CN(C)S(=O)(=O)c1cccs1)NC(=O)C1CC1,0,0.004945,0.024081,0.005819
CC1=NC(=O)C(=C(N1)NCc1cccnc1)C#N,0,0.010184,0.127168,0.047730
Cc1ccc(N(CC2=NCCN2)c2cccc(O)c2)cc1.Cl,0,0.577101,0.384866,0.435516
C[C@@H]1CN([C@@H](C)CO)C(=O)Cc2cc(ccc2O[C@@H]1CN(C)Cc1ccc(cc1)C(F)(F)F)NS(=O)(=O)c1ccc(cc1)Cl,0,0.100142,0.024761,0.005352
CN1C[C@H]2CON[C@@H]2C1,0,0.132657,0.030823,0.014508
CCNC(=S)N1CCCC[C@@H]1CO,0,0.020639,0.056856,0.019596
OC[C@@H]1O[C@H](C[C@H]2[C@@H]1Oc1ccc(cc12)NC(=O)c1ccc2c(c1)OCO2)CC(=O)NCc1ccc(cc1)Oc1ccccc1,0,0.001828,0.027410,0.007320
C[C@@H]1CCCCO[C@H](CN(C)Cc2ccncc2)[C@H](C)CN([C@@H](C)CO)C(=O)c2cc(ccc2O1)NC(=O)Nc1ccc(cc1)F,0,0.074307,0.029766,0.005449
C[C@H]1CN([C@@H](C)CO)C(=O)c2cc(ccc2O[C@H]1CN(C)Cc1ccccc1)NC(=O)Nc1ccc(cc1)C(F)(F)F,1,0.476767,0.865629,0.825518
C[C@@H]1CCCCO[C@@H](CN(C)Cc2ccc3c(c2)OCO3)[C@@H](C)CN([C@H](C)CO)C(=O)c2cc(ccc2O1)NS(=O)(=O)c1ccccc1,0,0.001967,0.023732,0.002661
C[C@H]1CCCCO[C@@H](CN(C)C(=O)Nc2ccc(cc2)C(F)(F)F)[C@H](C)CN([C@@H](C)CO)C(=O)c2cc(ccc2O1)NC(=O)Nc1ccccc1,0,0.261332,0.018612,0.003778
C[C@H]1CCCCO[C@@H](CN(C)Cc2ccc(cc2)C(F)(F)F)[C@@H](C)CN([C@H](C)CO)C(=O)c2cc(ccc2O1)NC(=O)Nc1ccc(cc1)F,0,0.569378,0.027166,0.009188
O[C@H]1[C@@H](C[C@](C[C@H]1OC(=O)/C=C/c1ccc(c(c1)O)O)(OC(=O)/C=C/c1ccc(c(c1)O)O)C(=O)O)OC(=O)/C=C/c1ccc(c(c1)O)O,0,0.546761,0.076517,0.037353
COc1ccc(cc1)NC(=O)Nc1cccc2c1O[C@H](CN(C)C(=O)Nc1ccc(cc1)C(F)(F)F)[C@H](C)CN([C@@H](C)CO)C2=O,0,0.738438,0.140084,0.086560
C[C@H]1CN([C@@H](C)CO)C(=O)Cc2cc(ccc2O[C@@H]1CN(C)Cc1ccc(cc1)C(=O)Nc1ccccc1N)NC(=O)Nc1cccc2ccccc12,0,0.005314,0.022119,0.002606
C[C@H]1CN([C@H](C)CO)C(=O)c2cc(ccc2O[C@H]1CN(C)Cc1ccncc1)NC(=O)Cn1cnnn1,0,0.016152,0.025796,0.004879
C[C@@H]1CN([C@@H](C)CO)C(=O)c2cccc(c2O[C@H]1CN(C)S(=O)(=O)c1ccccc1)NS(=O)(=O)c1ccc(cc1)C,0,0.007686,0.026008,0.005259
C[C@@H]1CN([C@H](C)CO)C(=O)Cc2cc(ccc2O[C@@H]1CN(C)Cc1ccc(cc1)C(=O)O)NC(=O)C1CC1,0,0.137765,0.053871,0.024791
C[C@H]1CN([C@H](C)CO)C(=O)Cc2cc(ccc2O[C@@H]1CN(C)S(=O)(=O)c1ccc(cc1)F)NS(=O)(=O)c1cn(cn1)C,0,0.030266,0.023780,0.003513
C[C@@H]1CCCCO[C@@H](CN(C)Cc2ccccc2)[C@H](C)CN([C@H](C)CO)C(=O)c2cc(ccc2O1)NC(=O)C1CCCCC1,0,0.037508,0.022710,0.008220
CCCCC(=O)N(Cc1ccc(-c2ccccc2-c2nn[nH]n2)cc1)C(C(=O)O)C(C)C,0,0.829284,0.432320,0.447606
COc1ccc(cc1)NC(=O)Nc1ccc2c(c1)C(=O)N(C[C@H](C)[C@@H](CN(C)C(=O)Cc1ccccc1)OCCCC[C@@H](C)O2)[C@H](C)CO,0,0.005208,0.021445,0.002430
Nc1ccccc1O,0,0.563250,0.132629,0.070360
NC(=S)NCC=C,0,0.003303,0.114654,0.059495
COc1ccccc1-c1ccc2c(c1)O[C@@H](CN(C)S(=O)(=O)c1ccccc1)[C@H](C)CN([C@H](C)CO)S2(=O)=O,0,0.007136,0.025368,0.005503
CN(C)CCCCCCNC(=O)[C@H]1C[C@@H]2N([C@H]1c1cccc(c1)OCCO)C(=O)[C@H](CCCC[N+](C)(C)C)NC2=O,0,0.951363,0.237539,0.072608
CC(C)NC(=O)N(C)C[C@H]1OCCCC[C@H](C)Oc2ccc(cc2C(=O)N(C[C@H]1C)[C@@H](C)CO)NC(=O)C1CCCCC1,0,0.011927,0.026390,0.005456
C[C@H]1CCCCO[C@@H](CN(C)C(=O)C2CCCCC2)[C@@H](C)CN([C@H](C)CO)C(=O)c2cc(ccc2O1)NC(=O)Nc1ccccc1,0,0.010635,0.022889,0.003315
C[C@@H]1CN([C@H](C)CO)C(=O)c2cc(ccc2O[C@H]1CN(C)C(=O)Nc1ccc2c(c1)OCO2)NS(=O)(=O)c1c(noc1C)C,0,0.006266,0.023401,0.004065
C[C@H]1CN([C@H](C)CO)C(=O)Cc2cc(ccc2O[C@@H]1CN(C)S(=O)(=O)c1ccccc1)NS(=O)(=O)c1ccc(cc1)F,0,0.003923,0.023615,0.004222
C[C@@H]1CN([C@@H](C)CO)C(=O)c2cc(ccc2O[C@H]1CN(C)S(=O)(=O)c1cccs1)NS(=O)(=O)c1ccccc1,0,0.001771,0.024209,0.004622
COc1cc(ccc1O)C1=CC(=O)C2=C(S1)N(CCc1ccccc1)C(=CC2=O)c1ccc(c(c1)OC)O,0,0.435075,0.127226,0.059775
C[C@@H]1CCCCO[C@@H](CN(C)C(=O)Nc2cccc3ccccc23)[C@H](C)CN([C@@H](C)CO)C(=O)c2cc(ccc2O1)NS(=O)(=O)c1cccs1,0,0.002503,0.023835,0.002114
C[C@H]1CCCCO[C@H](CN(C)Cc2ccncc2)[C@H](C)CN([C@@H](C)CO)C(=O)c2cc(ccc2O1)NC(=O)Nc1cccc2ccccc12,0,0.011610,0.025206,0.002531
CO[C@@H]1CN(C)C(=O)c2ccc(cc2OC[C@@H](C)N(C[C@H]1C)C(=O)NC(C)C)NS(=O)(=O)CC(F)(F)F,0,0.013698,0.028747,0.007776
N[C@@H](c1ccccc1)c1cc2ccccc2cn1,0,0.219061,0.235013,0.208866
CN1C(=O)Oc2cc(ccc21)S(=O)(=O)N1CCC[C@@H](C1)C(=O)NN1CCOCC1,0,0.000148,0.033743,0.024610
COc1ccc(cc1)S(=O)(=O)N(C)C[C@@H]1Oc2ccc(cc2CC(=O)N(C[C@H]1C)[C@@H](C)CO)NS(=O)(=O)c1ccc(cc1)C,0,0.002554,0.023701,0.003320
CN(C)CCCNC(=O)C[C@H]1CC[C@@H]2[C@H](COC[C@@H](O)CN2S(=O)(=O)c2ccc(cc2)F)O1,0,0.646853,0.030135,0.020711
COCC(=O)Nc1ccc2c(c1)C(=O)N(C)[C@@H]1CC[C@H](CC(=O)NC3Cc4ccccc4C3)O[C@@H]1CO2,0,0.022020,0.024574,0.009220
C[C@H]1CN([C@@H](C)CO)S(=O)(=O)c2ccc(cc2O[C@@H]1CN(C)S(=O)(=O)c1ccccc1)C#Cc1ccncc1,0,0.006650,0.033397,0.005698
COc1ccccc1S(=O)(=O)N[C@H]1C=C[C@H](CC(=O)N2CCN(C)CC2)O[C@@H]1CO,0,0.086283,0.023876,0.008378
C[C@H]1CCCCO[C@H](CN(C)C(=O)Nc2ccc(cc2)C(F)(F)F)[C@@H](C)CN([C@H](C)CO)C(=O)c2cc(ccc2O1)NC(=O)Nc1ccccc1,0,0.261332,0.018612,0.003778
C[C@H]1CN([C@@H](C)CO)C(=O)c2cccc(c2O[C@@H]1CN(C)S(=O)(=O)c1cccs1)NS(=O)(=O)c1ccccc1,0,0.002242,0.026062,0.005459
CC[C@H]1NC(=O)[C@@H]([C@@H](O)[C@@H](C)CC=CC)N(C)C(=O)[C@@H](C(C)C)N(C)C(=O)[C@@H](CC(C)C)N(C)C(=O)[C@@H](CC(C)C)N(C)C(=O)[C@@H](C)NC(=O)[C@@H](C)NC(=O)[C@@H](CC(C)C)N(C)C(=O)[C@@H](NC(=O)[C@@H](CC(C)C)N(C)C(=O)CN(C)C1=O)C(C)C,0,0.999189,0.603596,0.213434
CC(=O)N(O)CCCCCNC(=O)CCC(=O)N(O)CCCCCNC(=O)CCC(=O)N(O)CCCCCN.CS(=O)(=O)O,0,0.004213,0.150418,0.049538
CN(C)CCNC(=O)[C@@H]1CCS(=O)(=O)[C@H]2CN(C[C@@H]12)C(=O)Nc1ccccc1,0,0.248626,0.125870,0.090317
C[C@H]1CN([C@H](C)CO)C(=O)c2cc(ccc2O[C@@H]1CN(C)C(=O)Nc1ccccc1)NS(=O)(=O)c1c(noc1C)C,0,0.025401,0.023400,0.004876
C[C@@H]1CCCCO[C@H](CN(C)Cc2ccc3c(c2)OCO3)[C@@H](C)CN([C@H](C)CO)C(=O)c2cc(ccc2O1)NC(=O)Nc1ccccc1,0,0.013261,0.021948,0.003276
CN(C)C(=O)C[C@@H]1O[C@H](CO)[C@H](NC(=O)C2CCOCC2)C=C1,0,0.026194,0.022098,0.006751
COCCOC(=O)N1C(=O)[C@@]2([C@H]([C@H]3N([C@@H]([C@@H](OC3=O)c3ccccc3)c3ccccc3)[C@H]2c2ccc(cc2)OCCO)C(=O)NC[C@H](O)c2ccccc2)c2cc(ccc21)C#CC1=CCCCC1,0,0.612946,0.068104,0.019847
OCc1cccc(c1F)CO,0,0.311546,0.160149,0.119482
C[C@@H]1CCCCO[C@H](CN(C)S(=O)(=O)c2ccc(cc2)C)[C@H](C)CN([C@H](C)CO)C(=O)c2cc(ccc2O1)NC(=O)Nc1ccccc1,0,0.007314,0.023732,0.002387
CC(C)CC#Cc1ccc2c(c1)O[C@H](CN(C)C(=O)c1ccncc1)[C@H](C)CN([C@@H](C)CO)S2(=O)=O,0,0.019558,0.026679,0.004309
COc1ccc(cc1)CN(C)C[C@H]1OCCCC[C@@H](C)Oc2ccc(cc2C(=O)N(C[C@H]1C)[C@H](C)CO)NC(=O)Nc1ccccc1,0,0.030696,0.025357,0.003942
CC(=O)Nc1ccc(C(=O)O)cc1,0,0.620388,0.058544,0.068733
C[C@@H]1CN([C@@H](C)CO)C(=O)CCCn2nncc2CO[C@@H]1CN(C)S(=O)(=O)c1ccc2c(c1)OCCCO2,0,0.002617,0.023567,0.003830
CC(C)(C)NCC(O)COc1nsnc1N1CCOCC1.O=C(O)C=CC(=O)O,0,0.543210,0.228000,0.178637
Cc1noc(n1)C1CNC1,0,0.316147,0.027905,0.009738
C[C@H]1CCCCO[C@H](CN(C)Cc2ccc(cc2)C(=O)O)[C@H](C)CN([C@H](C)CO)C(=O)c2cc(ccc2O1)NS(=O)(=O)c1ccc(cc1)Cl,0,0.089717,0.028304,0.003436
C[C@H]1CN([C@H](C)CO)C(=O)Cc2cc(ccc2O[C@@H]1CN(C)Cc1ccc(cc1)-c1ccccc1)NC(=O)c1ccncc1,0,0.016245,0.025372,0.004500
C[C@@H]1CCCCO[C@H](CN(C)C(=O)CCC(F)(F)F)[C@@H](C)CN([C@H](C)CO)C(=O)c2cc(ccc2O1)NC(=O)CCCCCC(=O)Nc1ccccc1N,0,0.028870,0.018105,0.003436
COc1ccc(cc1)S(=O)(=O)N(C)C[C@@H]1OCCCC[C@H](C)Oc2ccc(cc2C(=O)N(C[C@@H]1C)[C@@H](C)CO)NS(=O)(=O)c1ccc(cc1)Cl,0,0.007142,0.026633,0.004011
C[C@H]1CN([C@H](C)CO)C(=O)c2cc(cnc2O[C@@H]1CN(C)C(=O)Cc1ccccn1)C#CC1CCCCC1,0,0.005196,0.022449,0.003900
C[C@@H]1CN([C@@H](C)CO)S(=O)(=O)c2ccc(cc2O[C@@H]1CN(C)S(=O)(=O)c1ccc(cc1)F)C#Cc1ccncc1,0,0.034493,0.032068,0.005581
C[C@@H]1CN([C@@H](C)CO)C(=O)c2cccc(c2O[C@@H]1CN(C)Cc1ccc(c(c1)Cl)Cl)NS(=O)(=O)c1ccc(cc1)F,0,0.167417,0.026920,0.006963
C[C@H]1CN([C@@H](C)CO)C(=O)Cc2cc(ccc2O[C@@H]1CN(C)Cc1ccc(cc1)-c1ccccc1)NC(=O)c1ccncc1,0,0.016245,0.025372,0.004500
C[C@H]1CN([C@@H](C)CO)C(=O)Cc2cc(ccc2O[C@@H]1CN(C)C(=O)NC1CCCCC1)NS(=O)(=O)c1cn(cn1)C,0,0.018717,0.023456,0.003524
COc1ccccc1S(=O)(=O)N[C@@H]1C=C[C@H](CC(=O)N2CCN(C)CC2)O[C@@H]1CO,0,0.086283,0.023876,0.008378
C[C@@H]1CCCCO[C@H](CN(C)C(=O)NC2CCCCC2)[C@@H](C)CN([C@H](C)CO)C(=O)c2cc(ccc2O1)NC(=O)CCCCCC(=O)Nc1ccccc1N,0,0.004790,0.021890,0.002585
C[C@@H]1CN([C@H](C)CO)C(=O)c2cc(ccc2O[C@H]1CN(C)S(=O)(=O)C)NC(=O)Cc1cn(c2ccccc12)C,0,0.006130,0.025817,0.003487
CCN1C[C@@]2(CC[C@H](O)[C@]34[C@H]5C[C@@H]6[C@H](C[C@@](OC(=O)C)([C@H]5[C@@H]6OC(=O)C)[C@@H]([C@H](OC)[C@H]24)[C@@H]13)OC)COC,0,0.061238,0.240425,0.106052
Cn1cnc(c1)CCNC(=O)C[C@@H]1CC[C@@H]2[C@H](COC[C@@H](O)CN2C(=O)Nc2ccc(cc2)C(F)(F)F)O1,0,0.984903,0.934512,0.963451
CO[C@@H]1CN(C)C(=O)c2ccc(cc2OC[C@H](C)N(C[C@H]1C)S(=O)(=O)C)NS(=O)(=O)c1ccccc1C,0,0.007322,0.024879,0.006674
COCC(=O)N1C[C@@H](C)[C@H](CN(C)C(=O)c2cc(ccc2OC[C@H]1C)NC(=O)c1cc(on1)C)OC,0,0.019716,0.025222,0.005643
C[C@H]1CCCCO[C@@H](CN(C)C(=O)Nc2ccccc2)[C@H](C)CN([C@H](C)CO)C(=O)c2cc(ccc2O1)NS(=O)(=O)c1ccccc1,0,0.002710,0.023732,0.002296
CN1CCN(CC1)C(=O)C[C@@H]1CC[C@@H]2[C@H](COC[C@H](O)CN2S(=O)(=O)c2cccc(c2)F)O1,0,0.490162,0.040528,0.014687
COc1ccc(cc1)CN(C)C[C@@H]1Oc2ccc(cc2CC(=O)N(C[C@@H]1C)[C@@H](C)CO)NS(=O)(=O)c1cn(cn1)C,0,0.013194,0.023906,0.003802
COc1ccc(cc1)S(=O)(=O)Nc1cccc2c1O[C@@H](CN(C)S(=O)(=O)c1c(noc1C)C)[C@@H](C)CN([C@H](C)CO)C2=O,0,0.017081,0.027270,0.004869
C[C@H]1CCCCO[C@H](CN(C)Cc2ccccc2)[C@@H](C)CN([C@@H](C)CO)C(=O)c2cc(ccc2O1)NS(=O)(=O)c1cccs1,0,0.004705,0.023818,0.003500
CC1=CC[C@@H](CC1)C(C)(C)O,0,0.056848,0.075248,0.033195
OC[C@H]1O[C@@H](CC(=O)NCc2ccncn2)C=C[C@H]1NS(=O)(=O)c1ccccc1,0,0.032302,0.026452,0.011066
C[C@@H]1CCCCO[C@@H](CN(C)C(=O)Nc2ccc(cc2)F)[C@@H](C)CN([C@H](C)CO)C(=O)c2cc(ccc2O1)NS(=O)(=O)c1cccs1,0,0.016161,0.024338,0.002651
CCCC#Cc1cnc2c(c1)C(=O)N(C[C@H](C)[C@@H](CN(C)S(=O)(=O)c1cn(cn1)C)O2)[C@H](C)CO,0,0.031223,0.023593,0.004811
Cc1c(sc2c1C(=O)N=CN2)C(=O)O,0,0.535181,0.192821,0.212595
C[C@@H]1CCCCO[C@H](CN(C)CC2CCCCC2)[C@H](C)CN([C@@H](C)CO)C(=O)c2cc(ccc2O1)NC(=O)Cc1ccccc1,0,0.028404,0.025382,0.009387
C[C@H]1CN([C@H](C)CO)C(=O)c2c(c3ccccc3n2C)-c2ccccc2CO[C@@H]1CN(C)Cc1ccc(cc1)F,0,0.157940,0.033472,0.028245
C[C@@H]1CN([C@H](C)CO)C(=O)c2cc(ccc2O[C@@H]1CN(C)S(=O)(=O)c1ccc(cc1)C)NS(=O)(=O)c1ccccc1,0,0.004441,0.024919,0.004552
COc1cc(O)ccc1C(C)=O,0,0.475496,0.155093,0.059716
Cc1csc2c(ncnc12)N1CCC(CC1)Cn1cc(nn1)C(C)(C)N,0,0.977999,0.078563,0.141406
C[C@H]1CN([C@H](C)CO)C(=O)c2cc(ccc2O[C@H]1CN(C)C(=O)Nc1ccc(cc1)C(F)(F)F)NC(=O)CCCCCC(=O)Nc1ccccc1N,0,0.443905,0.030281,0.010769
C[C@@H]1CN([C@@H](C)CO)C(=O)c2cc(ccc2O[C@H]1CN(C)C(=O)Nc1cccc2ccccc12)NC(=O)Cc1cn(c2ccccc12)C,0,0.008618,0.021585,0.003238
C[C@H]1CCCCO[C@@H](CN(C)S(=O)(=O)c2ccc(cc2)C)[C@@H](C)CN([C@H](C)CO)C(=O)c2cc(ccc2O1)NS(=O)(=O)c1ccc(cc1)Cl,0,0.008762,0.024833,0.003234
C[C@H]1CN([C@H](C)CO)C(=O)Cc2cc(ccc2O[C@H]1CN(C)Cc1ccc(cc1)Oc1ccccc1)NS(=O)(=O)c1ccc(cc1)Cl,0,0.003231,0.024011,0.003455
CNC[C@H]1Oc2cc(ccc2S(=O)(=O)N(C[C@H]1C)[C@H](C)CO)C#CCN(C)C,0,0.128298,0.029223,0.008224
C[C@@H]1CN([C@H](C)CO)C(=O)Cc2cc(ccc2O[C@@H]1CN(C)S(=O)(=O)c1ccccc1)NC(=O)c1ccncc1,0,0.000973,0.023777,0.002736
CC(C)NC(=O)NCC[C@@H]1CC[C@@H](NC(=O)CN(C)C)[C@@H](CO)O1,0,0.153773,0.030320,0.007590
OCCN(Cc1ccccc1)C(=O)C[C@H]1CC=CC[C@@H](NC(=O)OCC2c3ccccc3-c3ccccc32)C(=O)OC[C@H](Cc2ccccc2)NC1=O,0,0.000291,0.048860,0.024105
C[C@@H]1CN([C@H](C)CO)C(=O)c2cccc(c2O[C@@H]1CN(C)C(=O)Nc1c(noc1C)C)NC(=O)c1ccc(cc1)-c1nccs1,0,0.039124,0.022657,0.004233
C[C@H]1CCCCO[C@@H](CN(C)Cc2ccccc2)[C@H](C)CN([C@H](C)CO)C(=O)c2cc(ccc2O1)NS(=O)(=O)c1c(noc1C)C,0,0.010598,0.024502,0.003985
CCOc1ccc(nn1)N1CCNCC1,0,0.201896,0.030023,0.016084
C[C@H]1CN([C@@H](C)CO)C(=O)Cc2cc(ccc2O[C@@H]1CN(C)S(=O)(=O)c1cccs1)NS(=O)(=O)c1cccs1,0,0.000487,0.024306,0.005900
C[C@H]1CCCCO[C@H](CN(C)C(=O)c2ccccc2)[C@@H](C)CN([C@H](C)CO)C(=O)c2cc(ccc2O1)NC(=O)Nc1cccc2ccccc12,0,0.002567,0.021404,0.001934
O=C1NC2=C(NC=NC2=O)N=C1c1ccccc1,0,0.268560,0.334263,0.246606
OC(=O)c1cn(nn1)-c1ccccc1,0,0.937631,0.068481,0.059121
COc1ccc(cc1)CN(C)C[C@@H]1Oc2c(cccc2C(=O)N(C[C@H]1C)[C@H](C)CO)NC(=O)c1cc(nn1C)C,0,0.018652,0.025656,0.006850
O[C@@H]1COC[C@@H]2O[C@H](CC[C@H]2N(C1)C(=O)Nc1ccc(cc1)Cl)CC(=O)NC1Cc2ccccc2C1,0,0.796970,0.442595,0.397841
CCOC(=O)c1c(n(c2cc(c(cc12)OC)Br)-c1ccccc1)CN1CCN(CC1)Cc1ccccc1,0,0.576818,0.350341,0.327264
C[C@@H]1CN([C@H](C)CO)C(=O)c2cc(cnc2O[C@@H]1CN(C)C(=O)Cc1ccccc1)C#CC1(O)CCCC1,0,0.011285,0.047804,0.017298
C[C@@H]1CN([C@H](C)CO)C(=O)c2cc(cnc2O[C@H]1CN(C)C(=O)C1CC1)-c1ccc(cc1)C(=O)N(C)C,0,0.007040,0.023195,0.005004
C[C@@H](O)CN1C(=CC(=C(C#N)C1=O)C)O,0,0.012928,0.296549,0.151809
CO[C@H]1CN(C)C(=O)c2cc(ccc2OC[C@H](C)N(CC2CC2)C[C@H]1C)NS(=O)(=O)c1cn(cn1)C,0,0.052577,0.025381,0.004864
Cn1ncc2c1NC=NC2=O,0,0.095396,0.064367,0.040447
C[C@@H]1CN([C@H](C)CO)C(=O)c2cc(cnc2O[C@H]1CN(C)C(=O)Nc1ccc2c(c1)OCO2)-c1cccnc1,0,0.002574,0.021433,0.003517
C[C@@H]1CN([C@@H](C)CO)C(=O)c2cc(ccc2O[C@H]1CN(C)C(=O)Nc1ccc2c(c1)OCO2)NS(=O)(=O)C,0,0.010587,0.023633,0.005080
Nc1ccc(cn1)/C=C/C(=O)NCc1cc2cc(cc(c2o1)-c1ccc(cc1)F)-c1ccc(cc1)C(=O)N1CCC(F)(F)CC1,0,0.012660,0.511982,0.103518
CC(=O)OCC(=O)C1(O)CCC2C3CCC4=CC(=O)CCC4(C)C3(F)C(O)CC21C,0,0.026581,0.229221,0.105373
COc1ccc(cc1)NC(=O)N(C)C[C@@H]1Oc2c(cccc2C(=O)N(C[C@@H]1C)[C@H](C)CO)NC(=O)C1CCOCC1,0,0.034123,0.021014,0.003226
COc1ccccc1NC(=O)N(C)C[C@@H]1Oc2ncc(cc2C(=O)N(C[C@H]1C)[C@H](C)CO)C#CC(C)C,0,0.090391,0.022622,0.004627
CC(C)(C)OC(=O)N1CCC(N)CC1,0,0.214733,0.024847,0.007572
COc1ccc(cc1)NC(=O)Nc1ccc2c(c1)C(=O)N(C[C@@H](C)[C@@H](CN(C)Cc1ccc(c(c1)Cl)Cl)OCCCC[C@H](C)O2)[C@H](C)CO,0,0.150791,0.035238,0.004036
C[C@H]1CCCCO[C@@H](CN(C)Cc2ccc(cc2)C(F)(F)F)[C@@H](C)CN([C@@H](C)CO)C(=O)c2cc(ccc2O1)NC(=O)Nc1ccc(cc1)F,0,0.569378,0.027166,0.009188
COCCOC(=O)N1C(=O)[C@]2([C@@H]([C@@H]3N([C@H]([C@H](OC3=O)c3ccccc3)c3ccccc3)[C@@H]2c2ccc(cc2)OCCO)C(=O)N2CCN(CC2)c2ncccn2)c2cc(ccc21)C#CC1(O)CCCCCC1,0,0.169450,0.069917,0.009871
CC1=CC(=O)Oc2cc(ccc21)O[C@H]1O[C@@H](CO)[C@@H](O)[C@@H](O)[C@@H]1O,0,0.122427,0.127176,0.105024
O=C1CCN[Zn]OC(=O)[C@H](Cc2cnc[nH]2)N1,0,0.778015,0.370317,0.198262
O[C@H]1COC[C@H]2O[C@H](CC[C@@H]2N(C1)S(=O)(=O)c1ccc(cc1)Cl)CC(=O)N[C@@H]1CCN(C1)Cc1ccccc1,0,0.375684,0.038918,0.017332
C[C@@H]1CN([C@@H](C)CO)C(=O)Cc2cc(ccc2O[C@H]1CN(C)Cc1ccc(cc1)C(=O)Nc1ccccc1N)NC(=O)Cn1cnnn1,0,0.009759,0.023288,0.003577
C[C@@H]1CN([C@@H](C)CO)C(=O)Cc2cc(ccc2O[C@H]1CN(C)Cc1ccc(cc1)C(=O)O)NC(=O)C1CC1,0,0.137765,0.053871,0.024791
C[C@@H]1CCCCO[C@@H](CN(C)C(=O)c2ccccc2)[C@@H](C)CN([C@H](C)CO)C(=O)c2cc(ccc2O1)NC(=O)Nc1ccc2c(c1)OCO2,0,0.001656,0.021360,0.001948
C[C@@H]1CN([C@@H](C)CO)C(=O)c2cc(cnc2O[C@H]1CN(C)C(=O)Cc1cccnc1)C#Cc1ccccc1F,0,0.038027,0.023146,0.004772
CCC(=O)OC(CC(=O)O)C[N+](C)(C)C.[Cl-],0,0.050411,0.054156,0.027913
C[C@H]1CN([C@@H](C)CO)C(=O)Cc2cc(ccc2O[C@H]1CN(C)S(=O)(=O)c1ccc(cc1)F)NC(=O)C1CC1,0,0.017405,0.025297,0.004952
C[C@H]1CCCCO[C@H](CN(C)C(=O)Nc2ccc3c(c2)OCO3)[C@@H](C)CN([C@H](C)CO)C(=O)c2cc(ccc2O1)NC(=O)C1CCCCC1,0,0.008138,0.024063,0.002703
C[C@@H]1CN([C@@H](C)CO)C(=O)c2cc(ccc2O[C@H]1CN(C)S(=O)(=O)c1cn(cn1)C)NC(=O)C1CC1,0,0.011772,0.023568,0.004592
C[C@H]1CN([C@H](C)CO)C(=O)c2cc(ccc2O[C@@H]1CN(C)S(=O)(=O)c1ccc(cc1)F)NC(=O)CCN1CCOCC1,0,0.009218,0.024120,0.003755
C[C@H]1CN([C@H](C)CO)C(=O)c2cc(ccc2O[C@@H]1CN(C)S(=O)(=O)c1ccc(cc1)F)NC(=O)Nc1cccc2ccccc12,0,0.027638,0.026900,0.003790
COc1ccc2c3c([nH]c2c1)[C@@H](CO)N(Cc1nccs1)C[C@]13CCN(CC1)C(=O)C1CCOCC1,0,0.079537,0.104550,0.053473
C[C@@H]1CN([C@@H](C)CO)C(=O)c2cc(ccc2O[C@@H]1CN(C)Cc1ccc(cc1)Oc1ccccc1)NC(=O)Cn1cnnn1,0,0.010562,0.027667,0.010078
CO[C@@H]1CN(C)C(=O)c2cc(ccc2OC[C@H](C)N(C[C@H]1C)S(=O)(=O)c1cn(cn1)C)NC(=O)C,0,0.014945,0.023430,0.005529
C[C@@H]1CN([C@H](C)CO)C(=O)c2cc(ccc2O[C@H]1CN(C)C(=O)Nc1ccc(cc1)F)NC(=O)Nc1cccc2ccccc12,0,0.067653,0.025015,0.010888
C[C@H]1CCCCO[C@@H](CN(C)C(=O)c2ccccc2)[C@H](C)CN([C@@H](C)CO)C(=O)c2cc(ccc2O1)NS(=O)(=O)c1ccccc1,0,0.000489,0.023732,0.002558
COc1ccc(cc1)NC(=O)Nc1ccc2c(c1)C(=O)N(C[C@H](C)[C@@H](CN(C)C(=O)Nc1ccc(cc1)OC)OCCCC[C@@H](C)O2)[C@H](C)CO,0,0.014795,0.024044,0.003081
OC(=O)c1ccc[n+](c1)[O-],0,0.368300,0.188402,0.103799
CCN1C(=O)C(=Cc2cnc(cc21)NC)c1cc(c(cc1Br)F)NC(=O)Nc1ccccc1,0,0.895348,0.287449,0.237547
CC(C)NC(=O)Nc1ccc2c(c1)CC(=O)N(C[C@H](C)[C@H](CN(C)C(=O)Nc1ccc3c(c1)OCO3)O2)[C@H](C)CO,0,0.008695,0.022120,0.004187
C[C@H]1CC/C=C\[C@H]2O[C@]34C=CCN(C(=O)[C@H]4N(CCCO)C(=O)[C@@H]3[C@@H]2C(=O)O1)c1ccc2ccccc2c1,0,0.031003,0.109688,0.059397
C[C@@H]1CN([C@@H](C)CO)C(=O)c2cc(ccc2O[C@@H]1CN(C)C(=O)Nc1ccc(cc1)C(F)(F)F)NS(=O)(=O)C,0,0.354086,0.168846,0.093335
COc1ccc(cc1)NC(=O)Nc1ccc2c(c1)C(=O)N(C[C@H](C)[C@H](CN(C)Cc1ccc(cc1)C(F)(F)F)OCCCC[C@H](C)O2)[C@H](C)CO,0,0.198827,0.021261,0.004719
COc1ccc(cc1)NC(=O)Nc1ccc2c(c1)C(=O)N(C[C@H](C)[C@H](CN(C)Cc1ccc(cc1)C(=O)Nc1ccccc1N)O2)[C@@H](C)CO,0,0.009785,0.023599,0.003243
C[C@H]1CCCCO[C@H](CN(C)S(=O)(=O)c2ccc(cc2)Cl)[C@H](C)CN([C@H](C)CO)C(=O)c2cc(ccc2O1)NC(=O)Nc1ccc2c(c1)OCO2,0,0.007178,0.024978,0.003184
CC(C)NC(=O)Nc1ccc2c(c1)CC(=O)N(C[C@@H](C)[C@@H](CN(C)S(=O)(=O)c1ccccc1)O2)[C@H](C)CO,0,0.005129,0.023776,0.005789
C[C@@H]1CN([C@H](C)CO)S(=O)(=O)c2ccc(cc2O[C@H]1CN(C)S(=O)(=O)C)C#Cc1ccccc1,0,0.007961,0.026821,0.010535
C[C@H]1CN([C@H](C)CO)C(=O)c2cccc(c2O[C@H]1CN(C)C(=O)Nc1ccccc1)NS(=O)(=O)C,0,0.022304,0.024388,0.007793
COc1ccc(cc1)S(=O)(=O)N(C)C[C@H]1Oc2c(cccc2C(=O)N(C[C@@H]1C)[C@H](C)CO)NC(=O)Nc1c(noc1C)C,0,0.055753,0.024792,0.003757
C[C@@H]1CCCCO[C@@H](CN(C)C(=O)Cc2ccccc2)[C@@H](C)CN([C@@H](C)CO)C(=O)c2cc(ccc2O1)NC(=O)C1CCCCC1,0,0.002081,0.024019,0.003090
C[C@H]1CN([C@@H](C)CO)C(=O)c2c(c3ccccc3n2C)-c2ccccc2CO[C@H]1CN(C)Cc1ccc(cc1)F,0,0.157940,0.033472,0.028245
CN[C@H]1C[C@@H](N)[C@H](O)[C@@H](O[C@@H]2O[C@H](CO)[C@H](O)[C@@H]3O[C@]4(O[C@H]([C@@H](N)CO)[C@H](O)[C@H](O)[C@H]4O)O[C@H]23)[C@@H]1O,0,0.977228,0.741764,0.735331
NCC[C@H]1CC[C@@H](NC(=O)NC2CCCCC2)[C@H](CO)O1,0,0.150583,0.034260,0.012830
C[C@@H]1CCCCO[C@@H](CN(C)Cc2ccccc2)[C@@H](C)CN([C@H](C)CO)C(=O)c2cc(ccc2O1)NC(=O)C1CCCCC1,0,0.037508,0.022710,0.008220
C[C@H]1CN([C@H](C)CO)C(=O)c2cccc(c2O[C@H]1CN(C)S(=O)(=O)c1cn(cn1)C)NC(=O)C1CC1,0,0.021143,0.023991,0.004965
C[C@H]1CN([C@@H](C)CO)C(=O)c2cc(ccc2O[C@H]1CN(C)Cc1ccc(cc1)C(F)(F)F)NC(=O)NC1CCCCC1,0,0.340535,0.105337,0.083350
C[C@H]1CN([C@@H](C)CO)C(=O)Cc2cc(ccc2O[C@@H]1CN(C)S(=O)(=O)c1ccc(cc1)Cl)NC(=O)Nc1cccc2ccccc12,0,0.013612,0.026429,0.003466
CC(C)(O)C#Cc1cccc(c1)-c1nc(cc2c1[C@@H](CCO)N(C2)S(=O)C(C)(C)C)C(=O)Nc1ccc(cc1)-c1ccccc1,0,0.189391,0.308914,0.112713
COc1cccc(c1)CN(C)C[C@H]1OCc2ccccc2-c2c(n(c3ccccc23)C)C(=O)N(C[C@@H]1C)[C@@H](C)CO,0,0.133717,0.035078,0.021557
C[C@@H]1CN([C@H](C)CO)C(=O)Cc2cc(ccc2O[C@@H]1CN(C)S(=O)(=O)C)NS(=O)(=O)c1ccc(cc1)F,0,0.005677,0.024700,0.005521
COc1ccc(cc1)NC(=O)Nc1ccc2c(c1)C(=O)N(C[C@@H](C)[C@H](CN(C)C(=O)Nc1c(noc1C)C)OCCCC[C@@H](C)O2)[C@H](C)CO,0,0.032246,0.024061,0.002545
COc1ccc(cc1)CN(C)C[C@H]1Oc2ccc(cc2CC(=O)N(C[C@H]1C)[C@H](C)CO)NS(=O)(=O)C,0,0.005711,0.025416,0.007302
C[C@@H]1CN([C@@H](C)CO)C(=O)CCCn2nncc2CO[C@@H]1CN(C)S(=O)(=O)c1ccc(cc1)C#N,0,0.001742,0.024135,0.006482
CC(C)C#Cc1ccc2c(c1)O[C@H](CN(C)C(=O)c1cnccn1)[C@@H](C)CN([C@@H](C)CO)S2(=O)=O,0,0.086647,0.023881,0.004098
C[C@@H](NC(=O)C[C@@H]1CC[C@H](NC(=O)CN2CCOCC2)[C@H](CO)O1)c1ccccc1,0,0.021430,0.023592,0.012829
C[C@H]1CN([C@H](C)CO)C(=O)c2cc(ccc2O[C@@H]1CN(C)S(=O)(=O)c1ccccc1)NC(=O)CCCN(C)C,0,0.005699,0.025298,0.004974
C[C@@H]1CN([C@H](C)CO)C(=O)Cc2cc(ccc2O[C@@H]1CN(C)C(=O)Nc1ccc(cc1)C(F)(F)F)NC(=O)Nc1ccc(cc1)C(F)(F)F,0,0.892262,0.038565,0.022889
C[C@H]1CN([C@H](C)CO)C(=O)c2cccc(c2O[C@@H]1CN(C)S(=O)(=O)C)N(C)C,0,0.007305,0.028212,0.007197
Cn1cnc(c1)S(=O)(=O)N1C[C@H](O)COC[C@H]2O[C@H](CC[C@@H]21)CC(=O)NC1CCC1,0,0.187758,0.057368,0.018392
C[C@H]1CN([C@H](C)CO)C(=O)c2cc(ccc2O[C@@H]1CN(C)S(=O)(=O)C)NC(=O)Nc1ccc(cc1)F,0,0.065235,0.030771,0.009579
CN(C)C(=O)CN1CCC[C@]2(CCN(C2)S(=O)(=O)c2cn(cn2)C)C1,0,0.126391,0.023608,0.008593
NC(=O)NC1CCCCC1,0,0.023573,0.047987,0.018792
OC[C@H]1O[C@H](CC(=O)N2CCC(CC2)Cc2ccccc2)C=C[C@@H]1NS(=O)(=O)c1ccc(cc1)F,0,0.095458,0.028606,0.019649
C[C@@H](COC(=O)[C@@H](CC=C)CC(=O)OC(C)(C)C)NC(=O)[C@@H](CC=C)CC(=O)N[C@@H](CO)Cc1ccccc1,0,0.010362,0.052525,0.018697
COc1cc2c(cc1-c1coc3c4c(ccc3c1=O)OC(C)(C)CC4)OCO2,0,0.088888,0.162197,0.094496
CCOc1cc(ncn1)N,0,0.047417,0.038600,0.017415
CN1CCC(=C2c3ccccc3Sc3ccccc32)CC1.O=C(O)C=CC(=O)O,0,0.996542,0.731818,0.670087
COc1ccc2c(c1)/C(=N\O)C(=O)N2,0,0.279794,0.092779,0.100719
C[C@@H]1CN([C@@H](C)CO)C(=O)c2cc(cnc2O[C@H]1CN(C)C(=O)Nc1c(noc1C)C)Br,0,0.044565,0.028290,0.012076
NC1=NC(=O)N(C=C1I)[C@@H]1O[C@H](CO)[C@@H](O)[C@@H]1F,0,0.102056,0.203592,0.150404
CO[C@@H]1CN(C)C(=O)c2cc(ccc2OC[C@H](C)N(C[C@H]1C)Cc1ccc(cc1)OC)NC(=O)c1nc2ccccc2s1,0,0.008410,0.038062,0.013258
C[C@@H]1CN([C@H](C)CO)C(=O)c2cccc(c2O[C@H]1CN(C)C(=O)Nc1cccc2ccccc12)NS(=O)(=O)c1ccc(cc1)C,0,0.013217,0.025857,0.004807
O[C@@H]1C[C@](O)(C[C@@H](O)[C@@H]1O)C(=O)O,0,0.004368,0.059177,0.016633
C[C@H]1CN([C@H](C)CO)C(=O)c2cccc(c2O[C@H]1CN(C)Cc1ccc(c(c1)Cl)Cl)NC(=O)Nc1ccc2c(c1)OCO2,0,0.119731,0.033461,0.007271
C[C@H]1CN([C@@H](C)CO)C(=O)c2cccc(c2O[C@H]1CN(C)Cc1ccc(cc1)C(=O)O)NS(=O)(=O)C,0,0.083151,0.028366,0.004821
COCCOC(=O)N1C(=O)[C@]2([C@@H]([C@@H]3N([C@H]([C@H](OC3=O)c3ccccc3)c3ccccc3)[C@@H]2c2ccccc2OCCO)C(=O)Nc2nc3ccccc3s2)c2ccccc21,0,0.114331,0.036200,0.012116
OC[C@H]1O[C@@H](CC(=O)NCCCN2CCOCC2)C=C[C@@H]1NS(=O)(=O)c1ccccc1F,0,0.103757,0.026013,0.010824
Cc1ccc(S(=O)(=O)NC(=O)NN2CCCCCC2)cc1,0,0.469332,0.036148,0.015110
C[C@H]1CCCCO[C@H](CN(C)C(=O)CCCN(C)C)[C@H](C)CN([C@H](C)CO)C(=O)c2cc(ccc2O1)N(C)C,0,0.036357,0.024628,0.003933
COc1ccc(cc1)S(=O)(=O)N(C)C[C@@H]1Oc2c(cccc2C(=O)N(C[C@@H]1C)[C@@H](C)CO)NC(=O)NC(C)C,0,0.044798,0.027003,0.005620
N[C@@H](CSSC[C@H](N)C(=O)O)C(=O)O,0,0.853993,0.087788,0.050120
COc1ccc(cc1)NC(=O)N(C)C[C@@H]1Oc2ncc(cc2C(=O)N(C[C@@H]1C)[C@H](C)CO)C#C[C@H](C)O,0,0.021172,0.041996,0.016072
C[C@@H]1CN([C@H](C)CO)C(=O)c2cccc(c2O[C@H]1CN(C)S(=O)(=O)c1ccccc1)NS(=O)(=O)c1cccs1,0,0.003464,0.026062,0.004735
C[C@@H]1CN([C@H](C)CO)C(=O)c2cc(ccc2O[C@H]1CN(C)S(=O)(=O)c1ccccc1)NC(=O)CCCN(C)C,0,0.005699,0.025298,0.004974
CC1C(=O)OC2CC34C5CC(C(C)(C)C)C36C(OC(=O)C6O)OC4(C(=O)O5)C21O,0,0.001430,0.108663,0.052874
NC1=CC(=O)c2ccccc2C1=O,0,0.523245,0.183856,0.154984
C[C@@H]1CN([C@@H](C)CO)C(=O)c2cccc(c2O[C@@H]1CN(C)Cc1ccc2c(c1)OCO2)NC(=O)C1CC1,0,0.011490,0.027548,0.006310
CN(C)C[C@]12COC[C@H]2CN(C1)C(=O)N(C)C,0,0.243426,0.029397,0.010581
C[C@@H]1CCCCO[C@H](CN(C)Cc2ccc(cc2)C(=O)O)[C@@H](C)CN([C@@H](C)CO)C(=O)c2cc(ccc2O1)NC(=O)CCC(F)(F)F,0,0.434366,0.027297,0.008629
C[C@@H]1CN([C@H](C)CO)C(=O)Cc2cc(ccc2O[C@H]1CN(C)C(=O)Nc1cccc2ccccc12)NC(=O)C1CCCCC1,0,0.012200,0.023521,0.005862
C[C@@H]1CN([C@H](C)CO)C(=O)Cc2cc(ccc2O[C@H]1CN(C)Cc1ccc(cc1)C(=O)O)NS(=O)(=O)c1c(noc1C)C,0,0.039770,0.029802,0.004208
OC[C@@H]1O[C@H](C[C@@H]2[C@H]1Oc1ccc(cc12)NC(=O)Cc1ccncc1)CC(=O)N1CCc2ccccc2C1,0,0.005384,0.027708,0.007248
C[C@@H]1CN([C@@H](C)CO)C(=O)CCCn2cc(nn2)CO[C@@H]1CN(C)S(=O)(=O)c1cccc(c1)C#N,0,0.001206,0.023749,0.005576
NCc1cccc(c1)-c1ccccc1,0,0.356025,0.174221,0.093542
C[C@@H]1CCCCO[C@@H](CN(C)S(=O)(=O)c2ccc(cc2)F)[C@@H](C)CN([C@@H](C)CO)C(=O)c2cc(ccc2O1)NC(=O)Nc1cccc2ccccc12,0,0.010120,0.024491,0.002511
CN1CCOC(c2ccccc2)c2ccccc2C1,0,0.769333,0.312088,0.251272
C[C@@H]1CCCCO[C@H](CN(C)C(=O)Nc2c(noc2C)C)[C@@H](C)CN([C@@H](C)CO)C(=O)c2cc(ccc2O1)NS(=O)(=O)c1cccs1,0,0.006311,0.023540,0.002673
C[C@H]1CN([C@H](C)CO)C(=O)c2cccc(c2O[C@@H]1CN(C)S(=O)(=O)C)NC(=O)Nc1c(noc1C)C,0,0.036817,0.024988,0.005482
C[C@@H]1CN([C@H](C)CO)C(=O)c2cc(ccc2O[C@H]1CN(C)S(=O)(=O)c1ccccc1)NS(=O)(=O)c1cn(cn1)C,0,0.013500,0.024416,0.003876
C[C@@H]1CN([C@H](C)CO)S(=O)(=O)c2ccc(cc2O[C@@H]1CN(C)Cc1ccc(cc1)Oc1ccccc1)-c1ccncc1,0,0.006361,0.025103,0.004536
CCC(=O)Nc1ccc2c(c1)C(=O)N(C)C[C@@H](OC)[C@H](C)CN([C@H](C)CO2)C(=O)CN1CCOCC1,0,0.001972,0.025705,0.003211
OC[C@H]1O[C@H](C[C@@H]2[C@H]1Oc1ccc(cc12)NC(=O)NC1CCCC1)CC(=O)NCc1ccc(cc1)-c1ccccc1,0,0.185013,0.029830,0.022763
C[C@H]1CN([C@H](C)CO)C(=O)Cc2cc(ccc2O[C@@H]1CN(C)C(=O)Nc1ccc2c(c1)OCO2)NC(=O)c1ccncc1,0,0.001948,0.023778,0.003608
C[C@H]1CN([C@@H](C)CO)C(=O)c2cc(cnc2O[C@@H]1CN(C)C(=O)Cc1ccccn1)-c1ccc(cc1)F,0,0.007718,0.022929,0.004984
C[C@@H]1CN([C@H](C)CO)C(=O)c2cc(ccc2O[C@@H]1CN(C)Cc1ccncc1)NS(=O)(=O)c1ccccc1,0,0.002797,0.024429,0.004008
C[C@H]1CN([C@@H](C)CO)C(=O)c2cc(ccc2O[C@H]1CN(C)Cc1ccc(cc1)C(=O)Nc1ccccc1N)NS(=O)(=O)c1ccc(cc1)Cl,0,0.007296,0.024441,0.003624
CO[C@H](CN(C)C(=O)c1ccc2c(c1)OCO2)[C@H](C)CN([C@H](C)CO)S(=O)(=O)c1ccc(cc1)F,0,0.090581,0.031227,0.012073
C[C@@H]1CCCCO[C@@H](CN(C)CC2CCCCC2)[C@H](C)CN([C@@H](C)CO)C(=O)c2cc(ccc2O1)NC(=O)Cc1ccccc1,0,0.028404,0.025382,0.009387
NC1(CC1)C(=O)Nc1ccc2nc(oc2c1)-c1ccc(cc1)F,0,0.000067,0.164434,0.130997
C[C@H]1CN([C@@H](C)CO)C(=O)c2cc(ccc2O[C@@H]1CN(C)Cc1ccc(c(c1)Cl)Cl)NC(=O)Cc1cn(c2ccccc12)C,0,0.182978,0.034755,0.004552
NC(=N)SCc1csc(n1)N,0,0.892565,0.090783,0.029619
O=C1NC(=O)C(=O)C(=O)N1,0,0.000865,0.305783,0.260648
C[C@H]1CCCCO[C@@H](CN(C)S(=O)(=O)c2ccc(cc2)Cl)[C@H](C)CN([C@H](C)CO)C(=O)c2cc(ccc2O1)NC(=O)Nc1ccc(cc1)F,0,0.059615,0.026084,0.004000
COc1cc(ccc1Nc1ncc(c(n1)Nc1ccccc1P(=O)(C)C)Cl)N1CCC(CC1)N(C)C,0,0.998433,0.690492,0.677064
O=[N+]([O-])c1ccc(O)c2ncccc12,0,0.649633,0.581006,0.466180
C[C@@H]1CCCCO[C@H](CN(C)S(=O)(=O)c2ccc(cc2)C)[C@@H](C)CN([C@@H](C)CO)C(=O)c2cc(ccc2O1)NS(=O)(=O)c1ccc(cc1)C,0,0.003271,0.025900,0.003034
C[C@@H]1CN([C@H](C)CO)S(=O)(=O)c2ccc(cc2O[C@@H]1CN(C)C(=O)Cc1ccccc1)C#CC1(O)CCCC1,0,0.016923,0.025686,0.006756
C[C@H]1CCCCO[C@@H](CN(C)Cc2ccc(cc2)C(=O)O)[C@H](C)CN([C@@H](C)CO)C(=O)c2cc(ccc2O1)NC(=O)Nc1c(noc1C)C,0,0.154965,0.024552,0.003878
C[C@@H]1CN([C@H](C)CO)C(=O)c2c(c3ccccc3n2C)-c2ccccc2CO[C@@H]1CN(C)S(=O)(=O)c1ccc(cc1)C(F)(F)F,0,0.161210,0.033928,0.005932
OCc1ccc(o1)/C=N/NC(=O)c1ccccn1,0,0.016402,0.156594,0.067690
O=S1(=O)CCN(CC1)CC#C,0,0.002034,0.079829,0.018864
OCCN1CCCNCC1,0,0.075683,0.036790,0.012151
CC(C)NC(=O)N(C)C[C@H]1Oc2ccc(cc2CC(=O)N(C[C@@H]1C)[C@H](C)CO)NS(=O)(=O)c1ccc(cc1)Cl,0,0.017805,0.023891,0.005853
C[C@@H]1CN([C@@H](C)CO)C(=O)Cc2cc(ccc2O[C@H]1CN(C)Cc1ccc(c(c1)Cl)Cl)NC(=O)Nc1ccc2c(c1)OCO2,0,0.084498,0.081728,0.010959
COCC#Cc1cnc2c(c1)C(=O)N(C[C@H](C)[C@@H](CN(C)C(=O)C)O2)[C@H](C)CO,0,0.007549,0.022221,0.003516
C[C@H]1CN([C@H](C)CO)C(=O)c2cc(cnc2O[C@@H]1CN(C)C(=O)Nc1ccccc1F)Br,0,0.179449,0.032804,0.027990
C[C@H]1CN([C@@H](C)CO)C(=O)c2cc(cnc2O[C@@H]1CN(C)S(=O)(=O)c1cccc(c1)F)C#CC1(O)CCCC1,0,0.030138,0.138419,0.005417
C[C@H]1CCCCO[C@@H](CN(C)Cc2ccc(cc2)C(=O)O)[C@H](C)CN([C@@H](C)CO)C(=O)c2cc(ccc2O1)NC(=O)Nc1ccc(cc1)F,0,0.294834,0.031562,0.004449
C[C@@H]1CN([C@@H](C)CO)C(=O)c2cccc(c2O[C@@H]1CN(C)C(=O)NC1CCCCC1)NS(=O)(=O)C,0,0.020738,0.035422,0.005719
C[C@H]1CCCCO[C@@H](CN(C)S(=O)(=O)c2ccccc2)[C@@H](C)CN([C@H](C)CO)C(=O)c2cc(ccc2O1)NC(=O)C1CCCCC1,0,0.002157,0.023672,0.002967
COc1ccc(cc1)S(=O)(=O)N(C)C,0,0.055548,0.051768,0.014111
CN(C)CCCNC(=O)C[C@@H]1O[C@H](CO)[C@@H](NS(=O)(=O)c2ccccc2)C=C1,0,0.062797,0.027742,0.011421
NCc1cn(cn1)Cc1ccc(c(c1)Cl)Cl,0,0.836315,0.670557,0.250660
CC1OC(OC2C=C3CCC4C(CCC5(C)C(c6ccc(=O)oc6)CCC45O)C3(C)CC2)C(O)C(O)C1O,0,0.740837,0.712257,0.477437
C[C@@H]1CN([C@@H](C)CO)C(=O)c2cccc(c2O[C@@H]1CN(C)Cc1ccc(cc1)C(=O)Nc1ccccc1N)NC(=O)c1ccc(cc1)-c1nccs1,0,0.007017,0.023635,0.003249
C[C@@H]1CN([C@H](C)CO)C(=O)c2cc(cnc2O[C@@H]1CN(C)S(=O)(=O)c1ccc(cc1)F)C#CC1(O)CCCC1,0,0.026851,0.138419,0.005351
C[C@H]1CCCCO[C@H](CN(C)C(=O)C2CCCCC2)[C@H](C)CN([C@@H](C)CO)C(=O)c2cc(ccc2O1)NC(=O)Nc1c(noc1C)C,0,0.049667,0.025290,0.003769
C[C@H]1CN([C@@H](C)CO)C(=O)c2cccc(c2O[C@H]1CN(C)C(=O)Nc1ccccc1)NC(=O)Nc1ccc(cc1)C(F)(F)F,1,0.691851,0.880353,0.899025
C[C@H]1CN([C@@H](C)CO)C(=O)Cc2cc(ccc2O[C@H]1CN(C)C(=O)Nc1cccc2ccccc12)NC(=O)Nc1ccc(cc1)C(F)(F)F,0,0.178411,0.030295,0.012464
C[C@@H]1CCCCO[C@H](CN(C)C(=O)Nc2ccccc2)[C@H](C)CN([C@H](C)CO)C(=O)c2cc(ccc2O1)NS(=O)(=O)c1ccc(cc1)C,0,0.006506,0.023732,0.002525
C[C@@H]1CN([C@@H](C)CO)C(=O)CCCn2cc(nn2)CO[C@H]1CN(C)S(=O)(=O)c1ccc(cc1)Cl,0,0.031824,0.026937,0.007311
Nc1[nH]ncc1Cl,0,0.401102,0.101959,0.057691
COc1cc(cc2n(cc(c12)C)C1CC1)C(=O)N1CCC2(CC1)CC(=O)c1cc(ccc1O2)-c1cncc(c1)C(=O)O,0,0.441228,0.426311,0.265140
C[C@H]1CN([C@H](C)CO)C(=O)c2cccc(c2O[C@H]1CN(C)Cc1ccc(cc1)Oc1ccccc1)NC(=O)CCCCCC(=O)Nc1ccccc1N,0,0.003095,0.022918,0.004320
C[C@@H]1CN([C@@H](C)CO)C(=O)c2cc(ccc2O[C@@H]1CN(C)Cc1ccc(cc1)C(=O)Nc1ccccc1N)NC(=O)Cc1cn(c2ccccc12)C,0,0.006804,0.022769,0.002936
C[C@H]1CN([C@H](C)CO)C(=O)Cc2cc(ccc2O[C@H]1CN(C)S(=O)(=O)c1cccs1)NS(=O)(=O)c1c(noc1C)C,0,0.001332,0.024804,0.005243
CC(C)NCC(O)c1cc(O)cc(O)c1,0,0.539713,0.236243,0.131574
C[C@@H]1CCCCO[C@@H](CN(C)C(=O)Nc2cccc3ccccc23)[C@@H](C)CN([C@H](C)CO)C(=O)c2cc(ccc2O1)NC(=O)NC1CCCCC1,0,0.007740,0.022641,0.003399
CN1C(=O)N(CCN2CCOCC2)C(=O)c2c1nc(n2C)-n1nc(cc1C)C,0,0.417912,0.047579,0.030119
COc1ccc(cc1)NC(=O)N(C)C[C@H]1OCCCC[C@H](C)Oc2ccc(cc2C(=O)N(C[C@@H]1C)[C@@H](C)CO)NC(=O)c1ccccc1,0,0.004018,0.021773,0.002487
C[C@H]1CCCCO[C@H](CN(C)Cc2ccc(cc2)C(F)(F)F)[C@@H](C)CN([C@H](C)CO)C(=O)c2cc(ccc2O1)NC(=O)c1ccccc1,0,0.089291,0.020809,0.004570
OC[C@@H]1O[C@@H](CC(=O)NCCc2ccncc2)C=C[C@@H]1NC(=O)Cc1ccccn1,0,0.018549,0.024310,0.010713
C[C@@H]1CCCCO[C@@H](CN(C)C(=O)NC2CCCCC2)[C@H](C)CN([C@@H](C)CO)C(=O)c2cc(ccc2O1)NC(=O)CCCCCC(=O)Nc1ccccc1N,0,0.004790,0.021890,0.002585
CCOC(=O)CSc1nnc2c3sc4nc(c5c(c4c3ncn12)CC(C)(C)OC5)N1CCOCC1,0,0.632692,0.135253,0.131304
C[C@@H]1CCCCO[C@@H](CN(C)C(=O)Cc2ccccc2)[C@@H](C)CN([C@H](C)CO)C(=O)c2cc(ccc2O1)NC(=O)Nc1ccc(cc1)F,0,0.021189,0.023965,0.003969
Cc1ccc(cc1)S(=O)(=O)N1C[C@H](O)COC[C@H]2O[C@H](CC[C@@H]21)CC(=O)N1CCc2ccccc2C1,0,0.076302,0.044954,0.009509
OC(=O)CNC(=O)c1cc2ccccc2[nH]1,0,0.237605,0.061498,0.044638
Cc1ccc(cc1)S(=O)(=O)N1C[C@@H](O)COC[C@@H]2O[C@@H](CC[C@H]21)CC(=O)N[C@@H]1CCN(C1)Cc1ccccc1,0,0.192523,0.028405,0.010006
NCCCC[C@H](NC(=O)[C@@H]1CCCN1C(=O)[C@@H]1CSSC[C@H](N)C(=O)N[C@@H](Cc2ccccc2)C(=O)N[C@@H](Cc2ccccc2)C(=O)NC(CCC(=O)N)C(=O)N[C@@H](CC(=O)N)C(=O)N1)C(=O)NCC(=O)N,0,0.196894,0.366103,0.138151
COc1ccc2c3c(n(c2c1)C)[C@H](CO)N(C[C@]13CCN(CC1)C(=O)c1ccccc1F)C(=O)Nc1ccc(cc1)F,0,0.222654,0.065354,0.046096
COCC(=O)Nc1ccc2c(c1)C(=O)N(C)C[C@H](OC)[C@H](C)CN([C@H](C)CO2)C(=O)Cc1cccnc1,0,0.006176,0.021899,0.004370
O[C@H]1COC[C@@H]2O[C@@H](CC[C@H]2N(C1)S(=O)(=O)c1ccc(cc1)Cl)CC(=O)NCCN1CCCCC1,0,0.678916,0.117431,0.036408
Cc1cc(c(c(c1)C)S(=O)(=O)N1CCO[C@@H]1CNC(=O)C(=O)NCCCN1CCCC1=O)C,0,0.242458,0.034267,0.023845
CC1CC2C(C(O)CC3(C)C2CCC3(O)C(=O)CO)C2(C)C=CC(=O)C=C12,0,0.301710,0.474870,0.235258
CC(=O)NS(=O)(=O)c1ccccc1,0,0.073063,0.054498,0.010098
CO[C@@H]1CN(C)C(=O)c2ccc(cc2OC[C@H](C)N(C[C@H]1C)S(=O)(=O)c1cn(cn1)C)NC(=O)C,0,0.010432,0.023326,0.004928
C[C@H]1CCCCO[C@H](CN(C)C(=O)Nc2ccc(cc2)F)[C@@H](C)CN([C@H](C)CO)C(=O)c2cc(ccc2O1)NS(=O)(=O)c1ccc(cc1)F,0,0.086934,0.023882,0.004122
C[C@H]1CN([C@H](C)CO)C(=O)Cc2cc(ccc2O[C@@H]1CN(C)S(=O)(=O)c1ccc(cc1)Cl)NC(=O)Nc1cccc2ccccc12,0,0.013612,0.026429,0.003466
CNC[C@@H]1OCCCC[C@@H](C)Oc2ccc(cc2C(=O)N(C[C@H]1C)[C@@H](C)CO)NC(=O)c1ccncc1,0,0.010293,0.023737,0.004583
CC1CC2C3CC(F)C4=CC(=O)C=CC4(C)C3(F)C(O)CC2(C)C1(O)C(=O)CO,0,0.016119,0.202628,0.067224
Cc1ccc(cc1)S(=O)(=O)N[C@@H]1CC[C@@H](CCNC(=O)CN2CCOCC2)O[C@H]1CO,0,0.012376,0.022714,0.007585
C[C@H]1CCCCO[C@@H](CN(C)S(=O)(=O)c2ccc(cc2)Cl)[C@@H](C)CN([C@@H](C)CO)C(=O)c2cc(ccc2O1)NS(=O)(=O)c1ccc(cc1)Cl,0,0.025736,0.029358,0.004067
FC(F)(F)c1ccc(cc1)C[C@@H]1CCn2cc(nn2)COC[C@@H](NC(=O)[C@@H](CCn2cc(nn2)COC[C@@H](NC1=O)c1ccccc1)Cc1ccc(cc1)C(F)(F)F)c1ccccc1,0,0.998208,0.152885,0.087691
O[C@@H]1COC[C@@H]2O[C@@H](CC[C@H]2N(C1)S(=O)(=O)c1ccccc1)CC(=O)NCc1ccc2c(c1)OCO2,0,0.036294,0.026507,0.007411
NC[C@H]1CCS(=O)(=O)C1,0,0.008744,0.072497,0.013045
CCC(=O)NC1=NNC(=C2C=CC(=CC2=C)C)O1,0,0.918748,0.129019,0.053509
COc1ccc2c3c(n(c2c1)C)[C@@H](CO)N(C[C@]13CCN(CC1)C(=O)CN1CCOCC1)C(=O)Nc1ccc(cc1)F,0,0.124994,0.041101,0.021710
COc1ccc(cc1)[Si](C)(C)[C@@H]1[C@@H](C)[C@@]2(O[C@H]1CCn1cc(nn1)[C@H](O)c1ccccc1)C(=O)N(c1ccccc1)c1ccccc12,0,0.344353,0.079738,0.034923
COc1ccc(cc1)S(=O)(=O)Nc1cccc2c1O[C@H](CN(C)CC1CC1)[C@@H](C)CN([C@@H](C)CO)C2=O,0,0.035627,0.027114,0.005208
C[C@H]1CN([C@H](C)CO)C(=O)Cc2cc(ccc2O[C@@H]1CN(C)S(=O)(=O)c1ccccc1)NS(=O)(=O)c1cn(cn1)C,0,0.005107,0.023835,0.002972
C[C@@H]1CN([C@@H](C)CO)C(=O)Cc2cc(ccc2O[C@@H]1CN(C)C(=O)Nc1ccc(cc1)C(F)(F)F)NC(=O)CCCCCC(=O)Nc1ccccc1N,0,0.141004,0.021820,0.003874
COCC#Cc1ccc2c(c1)O[C@H](CN(C)Cc1ccc(cc1)F)[C@@H](C)CN([C@@H](C)CO)S2(=O)=O,0,0.142359,0.028692,0.008022
C[C@@H]1CCCCO[C@@H](CN(C)Cc2ccc(cc2)C(F)(F)F)[C@@H](C)CN([C@@H](C)CO)C(=O)c2cc(ccc2O1)NC(=O)Nc1ccccc1,0,0.222164,0.025161,0.006869
NC(=S)Nc1ccncc1,0,0.046916,0.105831,0.090426
C[C@H]1CN([C@@H](C)CO)C(=O)Cc2cc(ccc2O[C@H]1CN(C)C(=O)Nc1ccc(cc1)C(F)(F)F)NS(=O)(=O)c1ccc(cc1)C,0,0.106692,0.030177,0.006924
COC(=O)c1c2oc(c1C(=O)OC)C(=O)N[C@@H](Cc1ccccc1)Cn1cc(nn1)CNC(=O)[C@H](Cc1ccccc1)NC(=O)N[C@H](CC2)COC(=O)NCCCCCC(=O)NO,0,0.000012,0.080535,0.032519
CC(C)NC(=O)Nc1ccc2c(c1)C(=O)N(C[C@@H](C)[C@H](CN(C)Cc1ccc(cc1)C(F)(F)F)OCCCC[C@@H](C)O2)[C@H](C)CO,0,0.389410,0.065961,0.034281
COc1ccc(cc1)NC(=O)Nc1ccc2c(c1)C(=O)N(C[C@@H](C)[C@@H](CN(C)C(=O)NC1CCCCC1)OCCCC[C@@H](C)O2)[C@H](C)CO,0,0.015342,0.022127,0.002970
CN1CCN(CC1)C(=O)C[C@H]1O[C@H](CO)[C@@H](NC(=O)Nc2c(noc2C)C)C=C1,0,0.408453,0.068460,0.022853
C[C@@H]1CN([C@H](C)CO)C(=O)c2cc(ccc2O[C@@H]1CN(C)Cc1ccc(cc1)C(=O)O)NC(=O)c1ccncc1,0,0.026172,0.061071,0.020124
C[C@@H]1CN([C@@H](C)CO)C(=O)c2cc(ccc2O[C@H]1CN(C)Cc1ccc(cc1)C(=O)O)NC(=O)CCN1CCOCC1,0,0.020250,0.029732,0.015863
C[C@H]1CN([C@H](C)CO)C(=O)c2cccc(c2O[C@H]1CN(C)C(=O)Nc1ccc(cc1)F)NS(=O)(=O)c1cn(cn1)C,0,0.218406,0.025686,0.006424
COc1ccc(cc1)CN(C)C[C@H]1OCCCC[C@@H](C)Oc2ccc(cc2C(=O)N(C[C@H]1C)[C@H](C)CO)NC(=O)NC(C)C,0,0.049183,0.030130,0.007009
C[C@@H]1CN([C@@H](C)CO)C(=O)Cc2cc(ccc2O[C@@H]1CN(C)C)NC(=O)Cc1cn(c2ccccc12)C,0,0.048822,0.025318,0.004206
COc1ccc(cc1)NC(=O)Nc1ccc2c(c1)C(=O)N(C[C@H](C)[C@@H](CN(C)CC1CCCCC1)OCCCC[C@H](C)O2)[C@@H](C)CO,0,0.073460,0.027359,0.005783
COCC(=O)Nc1ccc2c(c1)C(=O)N(C)C[C@@H](OC)[C@@H](C)CN(Cc1ccccc1OC)[C@@H](C)CO2,0,0.041483,0.032457,0.006362
C[C@H]1CN([C@H](C)CO)C(=O)c2c(c3ccccc3n2C)-c2ccccc2CO[C@H]1CN(C)C(=O)c1cc(cc(c1)Cl)Cl,0,0.265937,0.044749,0.008838
COc1ccc(cc1)[Si](C)(C)[C@H]1[C@H](C)[C@]2(O[C@@H]1CCO)C(=O)N(Cc1ccc(cc1)N(C=O)c1ccccc1)c1ccccc12,0,0.029355,0.071372,0.023845
CN1CC2(CCNCC2)OC1=O,0,0.553372,0.033572,0.013501
C[C@@H]1CN([C@H](C)CO)C(=O)c2c(c3ccccc3n2C)-c2ccccc2CO[C@H]1CN(C)C(=O)c1cc(cc(c1)Cl)Cl,0,0.265937,0.044749,0.008838
COCC(=O)N[C@H]1C=C[C@H](CC(=O)N2CCCCC2)O[C@@H]1CO,0,0.049430,0.023580,0.010465
COc1cccc(c1)NC(=O)N(C)C[C@@H]1Oc2cc(ccc2S(=O)(=O)N(C[C@H]1C)[C@@H](C)CO)C#CC1(O)CCCC1,0,0.020639,0.024187,0.003934
COc1ccc(cc1)NC(=O)N(C)C[C@@H]1OCCCC[C@@H](C)Oc2ccc(cc2C(=O)N(C[C@H]1C)[C@H](C)CO)NC(=O)Nc1c(noc1C)C,0,0.028808,0.024061,0.002455
Clc1ccc2scc(c2c1)/C(=C/c1cccs1)C#N,0,0.018142,0.218503,0.103187
C[C@@H]1CCCCO[C@H](CN(C)C(=O)Nc2ccc3c(c2)OCO3)[C@H](C)CN([C@H](C)CO)C(=O)c2cc(ccc2O1)NC(=O)Nc1ccc(cc1)C(F)(F)F,0,0.247860,0.020743,0.007693
CCCN1C(=O)NC(=O)c2[nH]cnc21,0,0.292911,0.124782,0.043145
CN([NH2+][O-])C(=O)N[C@H]1[C@@H](O)O[C@H](CO)[C@@H](O)[C@@H]1O,0,0.017170,0.102613,0.014247
COCCOC(=O)N1C(=O)[C@@]2([C@H]([C@H]3N([C@@H]([C@@H](OC3=O)c3ccccc3)c3ccccc3)[C@H]2c2ccccc2OCCO)C(=O)NC[C@H](O)c2ccccc2)c2cc(ccc21)C#Cc1ccc(cc1)OC,0,0.512806,0.041364,0.011299
CN1CCN(CC1)C(=O)C[C@H]1CC[C@H]2[C@@H](COC[C@@H](O)CN2C(=O)C2CCCC2)O1,0,0.587143,0.066128,0.026544
C[C@H]1CCCCO[C@@H](CN(C)Cc2ccc(cc2)C(F)(F)F)[C@H](C)CN([C@H](C)CO)C(=O)c2cc(ccc2O1)NC(=O)c1ccccc1,0,0.089291,0.020809,0.004570
C[C@@H]1CN([C@H](C)CO)C(=O)c2cc(ccc2O[C@@H]1CN(C)S(=O)(=O)C)NS(=O)(=O)c1ccc(cc1)C,0,0.007831,0.025365,0.006262
C[C@H]1CN([C@@H](C)CO)C(=O)Cc2cc(ccc2O[C@@H]1CN(C)Cc1ccc(c(c1)Cl)Cl)NS(=O)(=O)c1ccc(cc1)Cl,0,0.066837,0.025795,0.006510
C[C@H]1CN([C@@H](C)CO)S(=O)(=O)c2ccc(cc2O[C@@H]1CN(C)S(=O)(=O)c1cn(cn1)C)C#Cc1ccccc1,0,0.017794,0.025892,0.004128
C[C@H]1CCCCO[C@@H](CN(C)Cc2ccncc2)[C@@H](C)CN([C@@H](C)CO)C(=O)c2cc(ccc2O1)NC(=O)Nc1ccc2c(c1)OCO2,0,0.007800,0.022146,0.002603
C[C@@H]1CCCCO[C@@H](CN(C)S(=O)(=O)c2ccc(cc2)F)[C@H](C)CN([C@H](C)CO)C(=O)c2cc(ccc2O1)NS(=O)(=O)C,0,0.014479,0.024169,0.003970
CN1[C@H]2CC[C@@H](CC(=O)NCC(F)(F)F)O[C@@H]2COc2ccc(cc2C1=O)NC(=O)c1cccs1,0,0.040742,0.246346,0.190905
COc1ccc(cc1)S(=O)(=O)N(C)C[C@@H]1Oc2ncc(cc2C(=O)N(C[C@@H]1C)[C@H](C)CO)-c1cccc(c1)OC,0,0.008332,0.027901,0.005820
C[C@@H]1CN([C@@H](C)CO)C(=O)c2cc(ccc2O[C@H]1CN(C)S(=O)(=O)c1ccc(cc1)C)NS(=O)(=O)C,0,0.013696,0.024394,0.004847
CC(=O)OC1CCC2(C)C(CCC3(C)C2CC=C2C4CC(C)(C)CCC4(C(=O)O)CCC23C)C1(C)C,0,0.910518,0.292643,0.391617
C[C@H]1CN([C@H](C)CO)C(=O)c2cc(ccc2O[C@@H]1CN(C)C(=O)Nc1c(noc1C)C)NC(=O)Cn1cnnn1,0,0.065933,0.024318,0.008957
CC(C)(C)OC(=O)C[C@H](CC=C)C(=O)OCCNC(=O)[C@@H](CC=C)CC(=O)N(CCO)Cc1ccccc1,0,0.004684,0.215745,0.043414
CO[C@H]1CN(C)C(=O)c2ccc(cc2OC[C@@H](C)N(C[C@@H]1C)C(=O)CN1CCOCC1)NC(=O)C1CC1,0,0.006595,0.022264,0.002677
C[C@H]1CN([C@H](C)CO)C(=O)c2cccc(c2O[C@@H]1CN(C)C(=O)Nc1c(noc1C)C)NC(=O)c1cc(nn1C)C,0,0.064434,0.024178,0.009013
C[C@@H]1CN([C@@H](C)CO)C(=O)Cc2cc(ccc2O[C@@H]1CN(C)C(=O)Nc1ccc2c(c1)OCO2)NS(=O)(=O)c1c(noc1C)C,0,0.002199,0.023687,0.003100
COc1ccc(cc1)S(=O)(=O)Nc1cccc2c1O[C@@H](CN(C)C(=O)Nc1c(noc1C)C)[C@@H](C)CN([C@@H](C)CO)C2=O,0,0.042596,0.025662,0.004757
C[C@H]1CN([C@@H](C)CO)C(=O)Cc2cc(ccc2O[C@H]1CN(C)S(=O)(=O)c1c(noc1C)C)NC(=O)Cc1cn(c2ccccc12)C,0,0.005148,0.025183,0.002536
CC1=C2CCCC2=C(C(=O)O)C(=O)N1,0,0.536612,0.091807,0.053538
C[C@H]1CN([C@H](C)CO)C(=O)c2cc(cnc2O[C@H]1CN(C)S(=O)(=O)c1ccc(cc1)C#N)C#CC(C)(C)O,0,0.001751,0.025203,0.005070
C[C@H]1CN([C@@H](C)CO)C(=O)c2cc(ccc2O[C@H]1CN(C)C(=O)Nc1c(noc1C)C)NC(=O)CCN1CCOCC1,0,0.009579,0.022533,0.003911
COc1ccc(cc1)S(=O)(=O)N(C)C[C@H]1Oc2c(cccc2C(=O)N(C[C@@H]1C)[C@@H](C)CO)NC(=O)c1ccncc1,0,0.007936,0.024511,0.003966
C[C@@H]1CN([C@H](C)CO)C(=O)c2cccc(c2O[C@@H]1CN(C)S(=O)(=O)c1cccs1)NC(=O)C1CCOCC1,0,0.004941,0.024072,0.004862
CC(C)CC#Cc1ccc2c(c1)O[C@@H](CN(C)C(=O)NC1CCCC1)[C@H](C)CN([C@@H](C)CO)S2(=O)=O,0,0.079925,0.025082,0.005873
COc1ccc(cc1)NC(=O)N(C)C[C@@H]1Oc2c(cccc2C(=O)N(C[C@@H]1C)[C@H](C)CO)NS(=O)(=O)c1cn(cn1)C,0,0.051775,0.023342,0.003580
C[C@@H]1CN([C@@H](C)CO)C(=O)c2cc(cnc2O[C@H]1CN(C)S(=O)(=O)c1ccccc1)-c1cccc(c1)C(=O)N(C)C,0,0.001311,0.023646,0.004841
C[C@H]1CN([C@@H](C)CO)C(=O)c2cc(ccc2O[C@H]1CN(C)CC1CCCCC1)NC(=O)Nc1ccc(cc1)F,0,0.219508,0.062354,0.049239
C[C@H]1COc2c3c(cc(c2C2(N)CC2)F)C(=O)C(=CN13)C(=O)O,1,0.921156,0.787758,0.877151
C[C@H]1CCCCO[C@@H](CN(C)C(=O)Nc2c(noc2C)C)[C@@H](C)CN([C@@H](C)CO)C(=O)c2cc(ccc2O1)NC(=O)C1CCCCC1,0,0.041322,0.025172,0.002910
C[C@@H]1CN([C@H](C)CO)C(=O)CCCn2nncc2CO[C@@H]1CN(C)C(=O)c1cc(on1)-c1ccccc1,0,0.026372,0.021043,0.004517
COc1ccc(cc1)CN(C)C[C@@H]1OCCCC[C@H](C)Oc2ccc(cc2C(=O)N(C[C@H]1C)[C@@H](C)CO)NS(=O)(=O)c1c(noc1C)C,0,0.011470,0.025586,0.004016
C[C@H]1CCCCO[C@@H](CN(C)S(=O)(=O)c2ccccc2)[C@@H](C)CN([C@H](C)CO)C(=O)c2cc(ccc2O1)NC(=O)NC1CCCCC1,0,0.004491,0.023750,0.002894
NC(=O)CCN1C(=O)c2ccccc2C1=O,0,0.009980,0.141386,0.088543
C[C@H]1CCCCO[C@@H](CN(C)C(=O)C2CCCCC2)[C@@H](C)CN([C@@H](C)CO)C(=O)c2cc(ccc2O1)NC(=O)Nc1ccc(cc1)C(F)(F)F,0,0.417858,0.158924,0.095278
CC(C=CC=C(C)C=CC1=C(C)C(=O)C(O)CC1(C)C)=CC=CC=C(C)C=CC=C(C)C=CC1=C(C)C(=O)C(O)CC1(C)C,0,0.999120,0.359041,0.198256
C[C@H]1CN([C@H](C)CO)C(=O)c2cccc(c2O[C@H]1CN(C)S(=O)(=O)c1ccc(cc1)F)NC(=O)C1CC1,0,0.049266,0.027267,0.005050
COc1ccc(cc1)S(=O)(=O)N(C)C[C@H]1Oc2ccc(cc2CC(=O)N(C[C@H]1C)[C@@H](C)CO)NC(=O)Cc1ccccc1,0,0.002014,0.024069,0.004165
CCCn1c(nc2c1C(=O)N(C)C(=O)N2C)N,0,0.376836,0.064034,0.034925
COc1ccc(cc1)NC(=O)Nc1ccc2c(c1)C(=O)N(C[C@@H](C)[C@@H](CN(C)Cc1ccc(cc1)-c1ccccc1)O2)[C@@H](C)CO,0,0.067857,0.028363,0.007516
COc1ccc(cc1)NC(=O)Nc1ccc2c(c1)C(=O)N(C[C@@H](C)[C@@H](CN(C)C(=O)NC(C)C)OCCCC[C@@H](C)O2)[C@@H](C)CO,0,0.013569,0.023132,0.003668
COc1ccc(c(c1)OC)NC(=O)N(C)C[C@@H]1OCc2cnnn2CCCC(=O)N(C[C@@H]1C)[C@H](C)CO,0,0.113082,0.037188,0.005868
C[C@H]1CN([C@H](C)CO)C(=O)c2cc(ccc2O[C@@H]1CN(C)Cc1ccc(c(c1)Cl)Cl)NS(=O)(=O)c1cccs1,0,0.037976,0.025924,0.006234
C[C@@H]1CN([C@H](C)CO)C(=O)c2c(c3ccccc3n2C)-c2ccccc2CO[C@H]1CN(C)S(=O)(=O)c1ccc(cc1)Cl,0,0.063176,0.029610,0.006880
C[C@H]1CCCCO[C@H](CN(C)C(=O)Nc2cccc3ccccc23)[C@@H](C)CN([C@H](C)CO)C(=O)c2cc(ccc2O1)NC(=O)Nc1ccc2c(c1)OCO2,0,0.003980,0.021914,0.002046
C[C@H]1CN([C@@H](C)CO)C(=O)c2cc(cnc2O[C@H]1CN(C)C(=O)C1CCOCC1)C#Cc1cccc(c1)F,0,0.043815,0.027099,0.004966
CO[C@@H]1CN(C)C(=O)c2cc(ccc2OC[C@@H](C)N(C[C@@H]1C)Cc1nccs1)NS(=O)(=O)CC(F)(F)F,0,0.014080,0.033691,0.009602
CC1(C)OC2CC(=O)OCC23C1CC(=O)C1(C)C3CCC2(C)C(c3ccoc3)OC(=O)C3OC321,0,0.506828,0.114340,0.030602
C[C@@H]1CCCCO[C@@H](CN(C)Cc2ccc3c(c2)OCO3)[C@H](C)CN([C@@H](C)CO)C(=O)c2cc(ccc2O1)NS(=O)(=O)c1ccc(cc1)C,0,0.003906,0.024267,0.003604
COc1ccc2c3c([nH]c2c1)[C@H](CO)N(C[C@]13CCN(CC1)C(=O)Nc1ccc(cc1)F)C(=O)c1ccc(cc1)F,0,0.144019,0.044692,0.033728
C[C@H]1CN([C@H](C)CO)C(=O)Cc2cc(ccc2O[C@H]1CN(C)C(=O)Nc1ccc(cc1)C(F)(F)F)NC(=O)Cc1cn(c2ccccc12)C,0,0.279498,0.018512,0.007304
C[C@@H]1CCCCO[C@H](CN(C)C(=O)C2CCCCC2)[C@@H](C)CN([C@@H](C)CO)C(=O)c2cc(ccc2O1)NS(=O)(=O)c1ccc(cc1)C,0,0.007026,0.024027,0.003302
C[C@H]1CN([C@@H](C)CO)C(=O)c2cccc(c2O[C@@H]1CN(C)C(=O)Nc1ccc(cc1)F)NC(=O)c1nc2ccccc2s1,0,0.067296,0.027327,0.012873
Cn1cnc(c1)CCNC(=O)C[C@H]1CC[C@@H]2[C@H](COC[C@H](O)CN2C(=O)Nc2ccc(cc2)C(F)(F)F)O1,1,0.984903,0.934512,0.963451
C[C@H]1CN([C@@H](C)CO)C(=O)c2cc(ccc2O[C@@H]1CN(C)S(=O)(=O)c1cn(cn1)C)NC(=O)NC1CCCCC1,0,0.025938,0.025041,0.003865
C[C@@H]1CN([C@@H](C)CO)C(=O)c2cc(ccc2O[C@@H]1CN(C)CC1CC1)NS(=O)(=O)c1cccs1,0,0.011423,0.025468,0.006638
C[C@H](O)C#Cc1ccc2c(c1)O[C@@H](CN(C)C)[C@H](C)CN([C@H](C)CO)S2(=O)=O,0,0.057580,0.032322,0.009199
CCOC(=O)c1cncc(c1)C(=O)O,0,0.271536,0.099416,0.070763
C[C@H]1CCCCO[C@@H](CN(C)Cc2ccc3c(c2)OCO3)[C@H](C)CN([C@@H](C)CO)C(=O)c2cc(ccc2O1)NC(=O)NC1CCCCC1,0,0.028567,0.024504,0.004409
C[C@H]1CCCCO[C@@H](CN(C)C(=O)Nc2ccc(cc2)C(F)(F)F)[C@H](C)CN([C@@H](C)CO)C(=O)c2cc(ccc2O1)NC(=O)Nc1ccc2c(c1)OCO2,0,0.154601,0.027284,0.007640
CC1(C)S[C@H]2[C@@H](NC(=O)[C@@H](N)c3ccccc3)C(=O)N2[C@@H]1C(=O)O,0,0.997344,0.948822,0.953400
CC(C)NC(=O)Nc1ccc2c(c1)C(=O)N(C[C@H](C)[C@H](CN(C)S(=O)(=O)c1ccc(cc1)F)O2)[C@H](C)CO,0,0.062610,0.026312,0.006596
C[C@@H]1CCCCO[C@H](CN(C)C(=O)Nc2cccc3ccccc23)[C@@H](C)CN([C@H](C)CO)C(=O)c2cc(ccc2O1)NS(=O)(=O)c1cn(cn1)C,0,0.011731,0.023908,0.002472
C[C@H]1CN([C@@H](C)CO)C(=O)c2cc(ccc2O[C@H]1CN(C)C(=O)Nc1ccc(cc1)C(F)(F)F)NC(=O)NC1CCCCC1,0,0.608856,0.850381,0.659430
COc1ccc(cc1)NC(=O)Nc1ccc2c(c1)C(=O)N(C[C@@H](C)[C@@H](CN(C)S(=O)(=O)c1ccc(cc1)F)OCCCC[C@H](C)O2)[C@H](C)CO,0,0.013345,0.023851,0.003023
COc1cccc(c1)NC(=O)N[C@@H]1CC[C@@H](CC(=O)N2CCN(C)CC2)O[C@H]1CO,0,0.077315,0.022383,0.007258
C[C@H]1CN([C@H](C)CO)S(=O)(=O)c2ccc(cc2O[C@H]1CN(C)S(=O)(=O)C)-c1cccc(c1)F,0,0.016547,0.023339,0.006997
C[C@H]1CN([C@@H](C)CO)C(=O)c2cc(ccc2O[C@H]1CN(C)Cc1ccc(cc1)Oc1ccccc1)NC(=O)Nc1ccc2c(c1)OCO2,0,0.002814,0.023321,0.004127
C[C@H]1CN([C@H](C)CO)C(=O)Cc2cc(ccc2O[C@@H]1CN(C)C(=O)Nc1cccc2ccccc12)NS(=O)(=O)c1ccc(cc1)Cl,0,0.008820,0.025159,0.003083
C[C@@H]1CCCCO[C@@H](CN(C)C(=O)CCCN(C)C)[C@H](C)CN([C@@H](C)CO)C(=O)c2cc(ccc2O1)NC(=O)Nc1ccc(cc1)F,0,0.086251,0.030243,0.005684
CCS(=O)(=O)Nc1ccc2c(c1)C(=O)N(C)[C@@H]1CC[C@H](CC(=O)NCCOC)O[C@@H]1CO2,0,0.003609,0.022734,0.004973
C[C@H]1CN([C@H](C)CO)C(=O)c2cccc(c2O[C@@H]1CN(C)C(=O)NC1CCCCC1)NC(=O)Nc1cccc2ccccc12,0,0.038001,0.025348,0.012173
C[C@H]1CN([C@@H](C)CO)C(=O)Cc2cc(ccc2O[C@@H]1CN(C)S(=O)(=O)C)NC(=O)Nc1ccc2c(c1)OCO2,0,0.002784,0.024434,0.005550
CC1=C2C(=COC(C)C2C)C(O)=C(C(=O)O)C1=O,0,0.470308,0.172671,0.191620
CCn1nnc2c1CCN[C@@H]2COCC=C,0,0.471309,0.037768,0.018337
Oc1ccc(cc1)[C@@H]1[C@@H](C[C@H]2N1C(=O)[C@H](Cc1ccccc1)NC2=O)C(=O)OCCOc1ccc(cc1)[C@H]1N2[C@@H]([C@@H](C(=O)OCC=C)[C@]11C(=O)Nc3ccccc31)C(=O)O[C@@H]([C@@H]2c1ccccc1)c1ccccc1,0,0.044156,0.085158,0.040885
COc1ccc(cc1)[C@@H]([C@H](Cc1ccccc1)OC(=O)C)N1C[C@@H](NC(=O)C(Cl)(Cl)Cl)[C@H]2[C@@H](ON(C)[C@H]2[C@@H]1Cc1ccccc1)c1ccccc1,0,0.996361,0.080527,0.042571
C[C@H]1CN([C@@H](C)CO)C(=O)Cc2cc(ccc2O[C@H]1CN(C)Cc1ccc(cc1)-c1ccccc1)NC(=O)CCCCCC(=O)Nc1ccccc1N,0,0.012275,0.024168,0.003579
COc1ccc(cc1)S(=O)(=O)N(C)C[C@H]1Oc2ccc(cc2C(=O)N(C[C@@H]1C)[C@@H](C)CO)N(C)C,0,0.011640,0.027538,0.010305
COc1ccc(cc1)CN(C)C[C@@H]1OCCCC[C@@H](C)Oc2ccc(cc2C(=O)N(C[C@H]1C)[C@H](C)CO)NS(=O)(=O)c1cccs1,0,0.006666,0.024952,0.003118
Cc1ncc(c(n1)N)CNC(=O)N(CCCl)[NH2+][O-],0,0.655021,0.203900,0.108243
COc1ccc(cc1)NC(=O)Nc1ccc2c(c1)CC(=O)N(C[C@@H](C)[C@H](CN(C)S(=O)(=O)C)O2)[C@H](C)CO,0,0.006816,0.023297,0.007098
C[C@H]1CN([C@H](C)CO)C(=O)c2cccc(c2O[C@H]1CN(C)Cc1ccc(cc1)C(F)(F)F)NS(=O)(=O)c1ccc(cc1)Cl,0,0.410868,0.030040,0.014639
CC=CC(=O)N(CC)c1ccccc1C,0,0.611680,0.047871,0.017832
COc1ccc(cc1)NC(=O)N(C)C[C@@H]1Oc2ccc(cc2C(=O)N(C[C@H]1C)[C@H](C)CO)NC(=O)CCCCCC(=O)Nc1ccccc1N,0,0.009306,0.022207,0.002860
COc1ccc(cc1)S(=O)(=O)N[C@@H]1CC[C@@H](CC(=O)N2CCN(CC2)c2ccccc2)O[C@@H]1CO,0,0.014005,0.027525,0.014043
COc1ccc(cc1)S(=O)(=O)Nc1ccc2c(c1)C(=O)N(C[C@@H](C)[C@@H](CN(C)C(=O)CCC(F)(F)F)OCCCC[C@@H](C)O2)[C@H](C)CO,0,0.022759,0.037847,0.005476
C[C@@H]1CN([C@H](C)CO)C(=O)c2cc(ccc2O[C@@H]1CN(C)C(=O)Nc1ccc2c(c1)OCO2)NC(=O)Nc1cccc2ccccc12,0,0.004484,0.021896,0.003205
O[C@H]1COC[C@H]2O[C@@H](CC[C@@H]2N(C1)C(=O)c1ccccc1F)CC(=O)N1CCN(CC1)c1ccccc1,0,0.494967,0.103792,0.140863
COc1ccc(cc1)S(=O)(=O)N(C)C[C@@H]1Oc2c(cccc2C(=O)N(C[C@H]1C)[C@H](C)CO)NC(=O)NC(C)C,0,0.044798,0.027003,0.005620
CC(O)C1C(=O)N2C(C(=O)[O-])=C(SC3Cn4cnc[n+]4C3)C(C)C12,0,0.982402,0.939718,0.788408
C[C@@H]1CN([C@@H](C)CO)C(=O)c2cc(ccc2O[C@H]1CN(C)Cc1ccc(cc1)C(=O)Nc1ccccc1N)NC(=O)Cc1ccccc1,0,0.004501,0.022855,0.004461
COCC(=O)Nc1ccc2c(c1)C(=O)N(C)C[C@@H](OC)[C@H](C)CN([C@H](C)CO2)C(=O)Cc1ccccn1,0,0.002618,0.023112,0.003945
Cc1cnc(cn1)CNC(=O)[C@H]1C[C@H]2[C@@H](CCN2S(=O)(=O)C)O1,0,0.012026,0.023511,0.005453
C[C@@H]1CN([C@H](C)CO)C(=O)c2cc(ccc2O[C@H]1CN(C)S(=O)(=O)c1cccs1)NC(=O)Cn1cnnn1,0,0.005435,0.025153,0.005862
OC[C@@H]1O[C@H](C[C@@H]2[C@H]1Oc1ccc(cc12)NC(=O)Nc1ccc(cc1)C(F)(F)F)CC(=O)N1CCc2ccccc2C1,0,0.246590,0.122820,0.109833
COc1ccc(cc1)[Si](C)(C)[C@@H]1[C@@H](C)[C@@]2(O[C@H]1CCn1cc(nn1)[C@H](O)c1ccccc1)C(=O)N(Cc1cccc(c1)N1CCC1=O)c1ccccc12,0,0.859727,0.291334,0.008090
CO[C@@H]1CN(C)C(=O)c2cc(ccc2OC[C@H](C)N(C[C@H]1C)C(=O)C1CCOCC1)NC(=O)C1CC1,0,0.038539,0.025260,0.005754
CN(C)CCCCNC(=O)[C@@H]1C[C@H]2N([C@@H]1c1ccc(cc1)O)C(=O)[C@H](CCCCN)NC2=O,0,0.852536,0.110757,0.177996
C[C@@H]1CN([C@H](C)CO)C(=O)Cc2cc(ccc2O[C@@H]1CN(C)C(=O)Nc1ccc(cc1)C(F)(F)F)NC(=O)Cn1cnnn1,0,0.453282,0.237977,0.230173
COc1cccc(c1)NC(=O)N(C)C[C@@H]1Oc2ncc(cc2C(=O)N(C[C@H]1C)[C@H](C)CO)C#Cc1cccnc1,0,0.015204,0.022445,0.003176
CC(C)CC#Cc1ccc2c(c1)O[C@H](CN(C)CC1CCOCC1)[C@H](C)CN([C@H](C)CO)S2(=O)=O,0,0.182305,0.044935,0.008848
C[C@H]1CN([C@H](C)CO)C(=O)Cc2cc(ccc2O[C@@H]1CN(C)C)NS(=O)(=O)c1cn(cn1)C,0,0.022404,0.023619,0.005773
CO[C@@H]1CN(C)C(=O)c2cc(ccc2OC[C@H](C)N(C[C@@H]1C)C(=O)Nc1c(noc1C)C)NC(=O)Nc1ccc(cc1)Cl,0,0.145470,0.035146,0.011339
C[C@H]1CN([C@H](C)CO)C(=O)Cc2cc(ccc2O[C@@H]1CN(C)Cc1ccc(cc1)Oc1ccccc1)NC(=O)Nc1ccc(cc1)F,0,0.027719,0.023383,0.005621
CC(C)(C)OC(=O)C[C@@H](CC=C)C(=O)OCCNC(=O)[C@H](CC=C)CC(=O)N(CCO)Cc1ccccc1,0,0.004684,0.215745,0.043414
C[C@@H](CCO)Nc1nc2c([nH]1)C(=O)N(C)C(=O)N2C,0,0.321071,0.120055,0.038395
C[C@@H]1CN([C@H](C)CO)C(=O)Cc2cc(ccc2O[C@H]1CN(C)Cc1ccc(cc1)Oc1ccccc1)NC(=O)C1CC1,0,0.020221,0.025315,0.010467
Cc1c(NC(C)C)c(=O)n(-c2ccccc2)n1C.Cl,0,0.431051,0.324220,0.150673
C[C@H]1CN([C@H](C)CO)C(=O)c2cc(ccc2O[C@@H]1CN(C)Cc1ccc(cc1)-c1ccccc1)NC(=O)Nc1ccc(cc1)C(F)(F)F,0,0.668028,0.240023,0.127880
C=C(NC(=O)C(=C)NC(=O)c1csc(C2=NC3c4csc(n4)C4NC(=O)c5csc(n5)C(C(C)(O)C(C)O)NC(=O)C5CSC(=N5)C(=CC)NC(=O)C(C(C)O)NC(=O)c5csc(n5)C3(CC2)NC(=O)C(C)NC(=O)C(=C)NC(=O)C(C)NC(=O)C(C(C)CC)NC2C=Cc3c(C(C)O)cc(nc3C2O)C(=O)OC4C)n1)C(N)=O,1,0.010135,0.477401,0.357932
CN(C)CCNc1ccc(cc1)CN,0,0.767691,0.062921,0.036392
O=C(NCCCN1CCOCC1)c1cccnc1,0,0.021749,0.045254,0.016005
CNC(=O)C1=C(O)c2ccccc2N(C)C1=O,0,0.548804,0.261266,0.182129
COc1cccc(c1)S(=O)(=O)N1C[C@H](O)COC[C@H]2O[C@H](CC[C@@H]21)CC(=O)N1CCN(C)CC1,0,0.190018,0.043878,0.011926
COc1ccc2c3c([nH]c2c1)[C@@H](CO)N(C[C@]13CCN(CC1)CC1CCCC1)C(=O)Nc1cccc(c1)F,0,0.666217,0.136995,0.076180
C[C@H]1CCCCO[C@H](CN(C)S(=O)(=O)c2ccc(cc2)Cl)[C@H](C)CN([C@@H](C)CO)C(=O)c2cc(ccc2O1)NC(=O)c1ccncc1,0,0.004888,0.026127,0.002826
O=C1OC(c2ccc(O)cc2)(c2ccc(O)cc2)c2ccccc21,0,0.790997,0.472444,0.471978
CNC[C@H]1Oc2c(cccc2C(=O)N(C[C@H]1C)[C@@H](C)CO)NS(=O)(=O)c1cn(cn1)C,0,0.098279,0.024883,0.006630
C[C@@H]1CN([C@H](C)CO)C(=O)c2cccc(c2O[C@H]1CN(C)CC1CC1)NS(=O)(=O)c1ccc(cc1)C,0,0.039690,0.028533,0.005498
C[C@H]1CCCCO[C@H](CN(C)C(=O)Nc2ccc(cc2)F)[C@@H](C)CN([C@@H](C)CO)C(=O)c2cc(ccc2O1)NS(=O)(=O)c1ccc(cc1)C,0,0.030416,0.023789,0.002750
C[C@@H]1O[C@@H](O[C@H]2[C@H](O)[C@@H](COC(=O)/C=C/c3ccc(c(c3)O)O)O[C@@H](OCCc3ccc(c(c3)O)O)[C@@H]2O)[C@H](O)[C@H](O)[C@H]1O,0,0.369178,0.393393,0.202928
O=C1CCc2cc(cc3c2N1CC3)NC(=O)C(=O)NCCN1CCOCC1,0,0.163267,0.179073,0.101724
CC(C)(C)OC(=O)C[C@H](CC=C)C(=O)OC[C@@H](Cc1ccccc1)NC(=O)[C@H](CC=C)CC(=O)NCCO,0,0.005521,0.033741,0.013877
CC[C@H](C)[C@H]1O[C@@]2(C[C@@H]3C[C@@H](C/C=C(\C)[C@@H](O[C@H]4C[C@H](OC)[C@@H](O[C@H]5C[C@H](OC)[C@@H](NC(=O)C)[C@H](C)O5)[C@H](C)O4)[C@@H](C)/C=C/C=C/4\CO[C@@H]5[C@H](O)C(=C[C@@H](C(=O)O3)[C@@]54O)C)O2)C=C[C@@H]1C,0,0.721493,0.899661,0.839336
C[C@@H]1CCCCO[C@@H](CN(C)S(=O)(=O)c2ccc(cc2)Cl)[C@H](C)CN([C@H](C)CO)C(=O)c2cc(ccc2O1)NC(=O)c1ccccc1,0,0.003698,0.026182,0.002566
C[C@@H]1CCCCO[C@H](CN(C)S(=O)(=O)c2cccs2)[C@@H](C)CN([C@@H](C)CO)C(=O)c2cc(ccc2O1)NC(=O)Nc1ccc2c(c1)OCO2,0,0.000889,0.023703,0.002780
C[C@@H]1CCCCO[C@@H](CN(C)Cc2ccc(cc2)C(=O)O)[C@@H](C)CN([C@@H](C)CO)C(=O)c2cc(ccc2O1)NC(=O)C1CCCCC1,0,0.124529,0.056773,0.010271
Brc1ccc(cc1)-c1cc-2n(c1)CCc1ccccc12,0,0.698894,0.185819,0.082744
CN(C)CC(=O)N1CC2(C1)[C@@H]([C@@H](CO)N2S(=O)(=O)C)c1ccccc1,0,0.083234,0.026463,0.020007
COc1ccc(cc1)NC(=O)N(C)C[C@H]1Oc2ccc(cc2CC(=O)N(C[C@@H]1C)[C@H](C)CO)NC(=O)Nc1cccc2ccccc12,0,0.007927,0.021326,0.003373
C[C@H]1CN([C@H](C)CO)C(=O)c2cccc(c2O[C@@H]1CN(C)C(=O)Nc1c(noc1C)C)NC(=O)c1ccncc1,0,0.045068,0.024520,0.006958
Cc1ccccc1NC(=N)N=C(N)N,0,0.017692,0.110739,0.048164
COc1cc2c(cc1OC)C1C(=O)c3ccc4oc(C(C)C)cc4c3OC1CO2,0,0.040310,0.255243,0.152896
CC(=O)Nc1cc([As](=O)(O)O)ccc1O,0,0.273989,0.378968,0.314018
C#CC1(O)CCC2C3CCC4=Cc5oncc5CC4(C)C3CCC21C,0,0.049684,0.216694,0.166443
OC[C@H]1O[C@H](CC(=O)NC2CCC2)C=C[C@@H]1NC(=O)CN1CCOCC1,0,0.012244,0.023700,0.009766
C[C@H]1CCCCO[C@H](CN(C)Cc2ccccc2)[C@H](C)CN([C@@H](C)CO)C(=O)c2cc(ccc2O1)NS(=O)(=O)c1cccs1,0,0.004705,0.023818,0.003500
C[C@@H]1CN([C@@H](C)CO)C(=O)c2cc(ccc2O[C@H]1CN(C)S(=O)(=O)c1cn(cn1)C)NC(=O)C1CCCCC1,0,0.013439,0.025077,0.003806
Cc1cccc(C)c1NC1=NCCCS1,0,0.655316,0.138794,0.055021
C[C@H]1CN([C@@H](C)CO)C(=O)c2cccc(c2O[C@H]1CN(C)Cc1ccc(cc1)-c1ccccc1)NS(=O)(=O)c1ccc(cc1)F,0,0.066678,0.026380,0.006834
CC(C)NC(=O)N(C)C[C@@H]1Oc2ccc(cc2CC(=O)N(C[C@H]1C)[C@@H](C)CO)NC(=O)CCN1CCOCC1,0,0.002810,0.028207,0.005061
CCCC(=O)Nc1ccc2c(c1)OC[C@@H](C)N(C[C@@H](C)[C@@H](CN(C)C2=O)OC)C(=O)Cc1ccccn1,0,0.000994,0.022306,0.003496
C[C@@H]1CCCCO[C@H](CN(C)S(=O)(=O)c2cccs2)[C@@H](C)CN([C@H](C)CO)C(=O)c2cc(ccc2O1)NC(=O)Nc1c(noc1C)C,0,0.004555,0.023540,0.002827
C[C@H]1CN([C@@H](C)CO)C(=O)c2cc(cnc2O[C@@H]1CN(C)S(=O)(=O)c1ccccc1)C#CCN(C)C,0,0.016591,0.026641,0.006192
CNC[C@@H]1OCCCC[C@H](C)Oc2ccc(cc2C(=O)N(C[C@@H]1C)[C@@H](C)CO)NC(=O)Nc1ccc(cc1)C(F)(F)F,0,0.701576,0.908243,0.930058
C[C@H]1CCCCO[C@@H](CN(C)Cc2ccc3c(c2)OCO3)[C@@H](C)CN([C@H](C)CO)C(=O)c2cc(ccc2O1)NC(=O)Nc1c(noc1C)C,0,0.026143,0.027509,0.005727
C[C@H]1CCCCO[C@@H](CN(C)S(=O)(=O)c2cn(cn2)C)[C@H](C)CN([C@H](C)CO)C(=O)c2cc(ccc2O1)NC(=O)CCCN(C)C,0,0.010875,0.023874,0.002570
COc1ccc(cc1)CN(C)C[C@H]1OCCCC[C@@H](C)Oc2ccc(cc2C(=O)N(C[C@@H]1C)[C@H](C)CO)NC(=O)Nc1cccc2ccccc12,0,0.025054,0.027908,0.003931
C[C@@H]1CN([C@H](C)CO)C(=O)Cc2cc(ccc2O[C@@H]1CN(C)S(=O)(=O)c1ccc(cc1)C)NC(=O)CCN1CCOCC1,0,0.001294,0.023795,0.002696
C[C@@H]1CN([C@@H](C)CO)C(=O)c2cc(cnc2O[C@H]1CN(C)Cc1ccc(cc1)Oc1ccccc1)-c1cccnc1,0,0.005442,0.029842,0.007099
Oc1ccc(cc1)N1CCNCC1,0,0.161361,0.142850,0.080488
C[C@@H]1CN([C@@H](C)CO)C(=O)c2cc(ccc2O[C@H]1CN(C)Cc1ccc(c(c1)Cl)Cl)NC(=O)Cn1cnnn1,0,0.210353,0.044489,0.018530
C[C@@H]1CN([C@H](C)CO)C(=O)Cc2cc(ccc2O[C@@H]1CN(C)C(=O)NC1CCCCC1)NS(=O)(=O)c1cn(cn1)C,0,0.018717,0.023456,0.003524
CNc1nc(nc(c1[N+](=O)[O-])N)N1CCCC1,0,0.996042,0.092721,0.072359
C[C@@H]1CCCCO[C@H](CN(C)C(=O)Nc2ccccc2)[C@@H](C)CN([C@@H](C)CO)C(=O)c2cc(ccc2O1)NC(=O)C1CCCCC1,0,0.009766,0.024004,0.003088
CC(C)NC(=O)N[C@@H]1CC[C@@H](CCN)O[C@H]1CO,0,0.078228,0.023264,0.006825
C[C@H]1CN([C@@H](C)CO)S(=O)(=O)c2ccc(cc2O[C@H]1CN(C)C(=O)CN(C)C)-c1cncnc1,0,0.170977,0.174385,0.012039
C[C@@H]1CCCCO[C@H](CN(C)C(=O)NC2CCCCC2)[C@@H](C)CN([C@@H](C)CO)C(=O)c2cc(ccc2O1)NC(=O)CCC(F)(F)F,0,0.134431,0.142927,0.041039
C[C@@H]1CCCCO[C@@H](CN(C)C(=O)NC2CCCCC2)[C@@H](C)CN([C@H](C)CO)C(=O)c2cc(ccc2O1)NS(=O)(=O)c1ccc(cc1)F,0,0.016449,0.023865,0.003310
C[C@@H]1CN([C@H](C)CO)C(=O)c2cc(ccc2O[C@H]1CN(C)S(=O)(=O)c1ccc(cc1)Cl)NC(=O)Cn1cnnn1,0,0.055472,0.023802,0.004960
COC(=O)[C@]12CC[C@@H](C)[C@@H](C)[C@@H]2C2=CC[C@H]3[C@@]4(C)CC[C@@H](OC(=O)C)C(C)(C)[C@@H]4CC[C@@]3(C)[C@@]2(C)CC1,0,0.515265,0.161956,0.074997
C[C@H]1CCCCO[C@@H](CN(C)S(=O)(=O)c2ccccc2)[C@H](C)CN([C@@H](C)CO)C(=O)c2cc(ccc2O1)NC(=O)Nc1ccc2c(c1)OCO2,0,0.001362,0.023732,0.002611
C[C@@H]1CCCCO[C@H](CN(C)S(=O)(=O)c2ccccc2)[C@H](C)CN([C@H](C)CO)C(=O)c2cc(ccc2O1)NS(=O)(=O)c1cn(cn1)C,0,0.005186,0.023835,0.002217
C[C@@H]1CN([C@@H](C)CO)C(=O)c2cc(ccc2O[C@H]1CN(C)S(=O)(=O)c1cn(cn1)C)NC(=O)Cn1cnnn1,0,0.026374,0.024323,0.006079
COc1cc(cc(c1OC(=O)CCCCCCCCCCC(=O)Oc1c(cc(cc1OC)/C=C/C(=O)N1CCC=CC1=O)OC)OC)/C=C/C(=O)N1CCC=CC1=O,0,0.108757,0.119727,0.017734
C[C@@H]1CN([C@@H](C)CO)C(=O)c2cccc(c2O[C@@H]1CN(C)S(=O)(=O)c1ccc(cc1)Cl)NC(=O)c1ccc(cc1)-c1nccs1,0,0.028699,0.024163,0.003380
Cn1cnc(c1)S(=O)(=O)N1C[C@@H](O)COC[C@@H]2O[C@H](CC[C@H]21)CC(=O)NC1Cc2ccccc2C1,0,0.325051,0.028961,0.009403
CCNC(=O)N1CCC(O)CC1,0,0.009857,0.027571,0.010639
COc1ccc(cc1)-c1cnc2c(c1)C(=O)N(C[C@H](C)[C@@H](CN(C)C(=O)Cc1ccncc1)O2)[C@@H](C)CO,0,0.007170,0.023306,0.004059
OCCCN1C(=O)Nc2ccccc2C1=O,0,0.236526,0.140429,0.079289
CCC(=O)N[C@@H]1C=C[C@H](CC(=O)OC)O[C@@H]1CO,0,0.005167,0.032319,0.014036
COc1ccc(cc1)NC(=O)Nc1ccc2c(c1)C(=O)N(C[C@@H](C)[C@@H](CN(C)CC1CCCCC1)OCCCC[C@@H](C)O2)[C@@H](C)CO,0,0.073460,0.027359,0.005783
C[C@@H]1CN([C@H](C)CO)C(=O)c2cccc(c2O[C@H]1CN(C)Cc1ccncc1)NC(=O)c1cnccn1,0,0.020389,0.026064,0.004258
C[C@H]1CN([C@H](C)CO)C(=O)Cc2cc(ccc2O[C@H]1CN(C)Cc1ccc(cc1)C(=O)Nc1ccccc1N)NC(=O)C1CCCCC1,0,0.014638,0.022253,0.003673
C[C@H]1CCCCO[C@@H](CN(C)C(=O)C2CCCCC2)[C@@H](C)CN([C@H](C)CO)C(=O)c2cc(ccc2O1)NC(=O)CCC(F)(F)F,0,0.112446,0.161269,0.048514
COc1ccc(cc1)NC(=O)Nc1ccc2c(c1)C(=O)N(C[C@@H](C)[C@@H](CN(C)C(=O)Nc1ccc(cc1)F)OCCCC[C@@H](C)O2)[C@@H](C)CO,0,0.052363,0.026224,0.003117
OC[C@@H]1[C@H]2CN3C(=O)C=CC=C3[C@@H]([C@H]1C(=O)NCCCN1CCOCC1)N2C(=O)C1CCCCC1,0,0.030950,0.031408,0.010666
COc1ccc(cc1)-c1cnc2c(c1)C(=O)N(C[C@@H](C)[C@@H](CN(C)C(=O)Cc1cccnc1)O2)[C@@H](C)CO,0,0.007334,0.022834,0.003561
COc1ccc(cc1)NC(=O)Nc1cccc2c1O[C@@H](CN(C)C(=O)Nc1cccc3ccccc13)[C@@H](C)CN([C@H](C)CO)C2=O,0,0.027598,0.021638,0.005448
COc1ccc(cc1)NC(=O)N(C)C[C@@H]1OCCCC[C@H](C)Oc2ccc(cc2C(=O)N(C[C@H]1C)[C@H](C)CO)NS(=O)(=O)c1cccs1,0,0.003263,0.023488,0.002451
CC(COc1ccccc1)NC(C)C(O)c1ccc(O)cc1.Cl,0,0.170888,0.068572,0.085651
Cn1cnc(c1)S(=O)(=O)N1C[C@H](O)COC[C@H]2O[C@@H](CC[C@@H]21)CC(=O)NCc1cc(cc(c1)F)F,0,0.750739,0.031746,0.022646
COc1ccc(cc1)S(=O)(=O)N(C)C[C@H]1Oc2c(cccc2C(=O)N(C[C@@H]1C)[C@H](C)CO)NC(=O)NC(C)C,0,0.044798,0.027003,0.005620
CN(C)CCCNC(=O)C[C@H]1CC[C@@H](NS(=O)(=O)c2ccccc2)[C@H](CO)O1,0,0.046953,0.024033,0.010133
CN1[C@H]2CC[C@H](CC(=O)NCCc3ccncc3)O[C@@H]2COc2ccc(cc2C1=O)NS(=O)(=O)c1ccc(cc1)C,0,0.005744,0.039709,0.007244
C[C@@H]1CN([C@H](C)CO)C(=O)Cc2cc(ccc2O[C@@H]1CN(C)S(=O)(=O)c1c(noc1C)C)NC(=O)Nc1c(noc1C)C,0,0.024586,0.024723,0.005330
COCC(=O)Nc1ccc2c(c1)[C@H]1C[C@H](CC(=O)N3CCOCC3)O[C@@H](CO)[C@H]1O2,0,0.016034,0.028400,0.009560
C[C@@H]1CCCCO[C@@H](CN(C)S(=O)(=O)c2ccc(cc2)Cl)[C@@H](C)CN([C@@H](C)CO)C(=O)c2cc(ccc2O1)NC(=O)Nc1cccc2ccccc12,0,0.012944,0.024686,0.002560
COc1ccc2c3c([nH]c2c1)[C@@H](CO)N(C[C@]13CCN(CC1)C(=O)Nc1c(noc1C)C)C(=O)Nc1ccc(cc1)F,0,0.165965,0.045178,0.023150
C[C@@H]1CN([C@H](C)CO)C(=O)c2cc(ccc2O[C@H]1CN(C)C(=O)Nc1ccccc1)NC(=O)CCCN(C)C,0,0.023041,0.023635,0.007779
C[C@H]1CCCCO[C@@H](CN(C)Cc2ccc3c(c2)OCO3)[C@@H](C)CN([C@H](C)CO)C(=O)c2cc(ccc2O1)NS(=O)(=O)c1ccc(cc1)C,0,0.003906,0.024267,0.003604
C[C@@H]1CN([C@@H](C)CO)C(=O)Cc2cc(ccc2O[C@@H]1CN(C)Cc1ccncc1)NS(=O)(=O)c1cccs1,0,0.001404,0.024610,0.003271
C[C@H]1CN([C@H](C)CO)C(=O)c2cccc(c2O[C@H]1CN(C)Cc1ccccc1)NC(=O)c1cnccn1,0,0.025580,0.029621,0.010515
N[C@H]1CCN(C1)c1ccc(cn1)C(F)(F)F,0,0.832889,0.128872,0.055602
OC[C@H]1[C@@H](O)C[C@H]2[C@@H]1C(=O)OCC2=C,0,0.304932,0.044697,0.015636
OC[C@H]1O[C@H](C[C@H]2[C@@H]1Oc1ccc(cc12)NC(=O)Nc1ccccc1)CC(=O)NCCN1CCCCC1,0,0.189423,0.030677,0.020511
CCN1C(=C(SC1=S)C(=O)N)N,0,0.072793,0.095922,0.022047
COCC(=O)Nc1ccc2c(c1)C(=O)N(C)C[C@H](OC)[C@@H](C)CN([C@H](C)CO2)C(=O)Cc1ccccn1,0,0.002618,0.023112,0.003945
CC(C)NC(=O)N(C)C[C@@H]1Oc2c(cccc2C(=O)N(C[C@@H]1C)[C@H](C)CO)NC(=O)C1CCOCC1,0,0.037508,0.024312,0.003953
NC(=O)[C@H]1CCCNC1,0,0.028684,0.021292,0.006967
O=C([C@H]1CCCO1)N1CCNCC1,0,0.066517,0.022945,0.005874
CO[C@H]1CN(C)C(=O)c2cc(ccc2OC[C@H](C)N(C[C@@H]1C)Cc1ccc(cc1)-c1ccccn1)NC(=O)NC(C)C,0,0.034082,0.038907,0.020086
Cc1cc(ccc1F)S(=O)(=O)N1CCCO[C@@H]1CNC(=O)C(=O)NCc1ccncc1,0,0.232546,0.027899,0.018769
CCC1(C)CC(=O)NC(=O)C1,0,0.147035,0.038824,0.016687
C[C@@H]1CCCCO[C@H](CN(C)S(=O)(=O)c2cccs2)[C@H](C)CN([C@H](C)CO)C(=O)c2cc(ccc2O1)NC(=O)c1ccccc1,0,0.000457,0.023789,0.002318
C[C@H]1CN([C@@H](C)CO)C(=O)c2cccc(c2O[C@@H]1CN(C)C(=O)Nc1ccc(cc1)C(F)(F)F)NS(=O)(=O)c1ccc(cc1)C,0,0.340634,0.031898,0.014687
COc1ccc(cc1)S(=O)(=O)N(C)C[C@H]1Oc2c(cccc2C(=O)N(C[C@@H]1C)[C@H](C)CO)NS(=O)(=O)c1cn(cn1)C,0,0.028918,0.025372,0.004793
C[C@H]1CN([C@@H](C)CO)C(=O)c2cc(cnc2O[C@@H]1CN(C)S(=O)(=O)c1cccc(c1)F)-c1cccc(c1)C(=O)N(C)C,0,0.006061,0.023755,0.004202
CN(C)CC(=O)N[C@@H]1C=C[C@H](CC(=O)O)O[C@H]1CO,0,0.206959,0.045468,0.017200
C[C@@H]1CCCCO[C@H](CN(C)C(=O)Nc2cccc3ccccc23)[C@H](C)CN([C@@H](C)CO)C(=O)c2cc(ccc2O1)NS(=O)(=O)C,0,0.007553,0.023835,0.002265
CC1C(=O)CCC1=O,0,0.318518,0.045481,0.045433
O[C@H]1COC[C@H]2O[C@@H](CC[C@@H]2N(C1)C(=O)c1ccc2c(c1)OCO2)CC(=O)NCCN1CCCCC1,0,0.200219,0.052016,0.016705
COC(=O)[C@H](Cc1ccccc1)N1CC(=C)[C@@H](/C=C/C=C)[C@@H]1[C@@H](O)CCn1cc(nn1)CCC(=O)NO,0,0.873443,0.135044,0.049437
C[C@@H]1CN([C@H](C)CO)C(=O)Cc2cc(ccc2O[C@@H]1CN(C)C(=O)Nc1ccc(cc1)F)NC(=O)CCCCCC(=O)Nc1ccccc1N,0,0.030619,0.025238,0.003718
CNCCC(Oc1ccccc1C)c1ccccc1.Cl,0,0.778654,0.292512,0.321339
OC[C@H]1O[C@H](CCNC(=O)C2CCCCC2)CC[C@H]1NC(=O)CN1CCOCC1,0,0.045039,0.024659,0.016880
OC[C@@H]1O[C@@H](CC(=O)NC2CCCCC2)C=C[C@H]1NC(=O)CN1CCOCC1,0,0.032954,0.026300,0.017187
CC(C)c1onc(c1COc1ccc(c(c1)Cl)/C=C/c1cccc(c1)C(=O)O)-c1c(cccc1Cl)Cl,1,0.994725,0.823112,0.563780
C[C@H]1CN([C@@H](C)CO)C(=O)c2cc(ccc2O[C@@H]1CN(C)C(=O)NC1CCCCC1)NC(=O)Nc1ccc(cc1)C(F)(F)F,0,0.727757,0.781196,0.497234
C=CCN=C=S,0,0.000043,0.175429,0.074861
C[C@H]1CCCCO[C@H](CN(C)Cc2ccc3c(c2)OCO3)[C@@H](C)CN([C@@H](C)CO)C(=O)c2cc(ccc2O1)NS(=O)(=O)c1cccs1,0,0.002007,0.024171,0.002711
CC1=C(/C=C/C(=C/C=C/C(=C/C=C/C=C(C)/C=C/C=C(C)/C=C/[C@]23O[C@]3(C)C[C@@H](O)CC2(C)C)C)C)C(C)(C)C[C@H](O)C1,0,0.998965,0.085062,0.070248
C[C@@H]1CN([C@H](C)CO)C(=O)Cc2cc(ccc2O[C@@H]1CN(C)Cc1ccc(cc1)C(=O)O)NC(=O)Nc1cccc2ccccc12,0,0.050897,0.058534,0.012194
NN1C(=S)Nc2cc(ccc2C1=O)C(=O)O,0,0.860361,0.147011,0.173848
C[C@H]1CCCCO[C@H](CN(C)Cc2ccc(c(c2)Cl)Cl)[C@@H](C)CN([C@@H](C)CO)C(=O)c2cc(ccc2O1)NS(=O)(=O)c1ccccc1,0,0.018355,0.024810,0.002867
CN1CCCN(CC1)c1ccccc1CN,0,0.794157,0.052773,0.025895
CCCN(C)C[C@@H]1OCCCC[C@@H](C)Oc2ccc(cc2C(=O)N(C[C@@H]1C)[C@H](C)CO)NC(=O)CCC(F)(F)F,0,0.163288,0.252425,0.155860
NCCCCNCCCN,0,0.006604,0.067630,0.033877
CC1C(=O)OC2CCN3CC=C(COC(=O)C(C)(O)C1(C)O)C23,0,0.024825,0.677272,0.538907
C[C@H]1CN([C@@H](C)CO)C(=O)Cc2cc(ccc2O[C@@H]1CN(C)CC1CCCCC1)NC(=O)Nc1ccc(cc1)F,0,0.215790,0.037092,0.017729
CN1[C@H]2CC[C@H](CC(=O)N3CCOCC3)O[C@H]2COc2ccc(cc2C1=O)NC(=O)c1ccc(c(c1)F)F,0,0.023736,0.246755,0.110712
CC(C)CC#Cc1ccc2c(c1)O[C@@H](CN(C)C(=O)C1CCOCC1)[C@@H](C)CN([C@H](C)CO)S2(=O)=O,0,0.046818,0.028408,0.007100
C[C@@H](N)Cc1ccc(cc1C)N(C)C,0,0.557598,0.088559,0.024527
C[C@@H]1CCCCO[C@H](CN(C)C(=O)c2ccncc2)[C@H](C)CN([C@@H](C)CO)C(=O)c2cc(ccc2O1)NS(=O)(=O)c1ccc(cc1)Cl,0,0.004327,0.024804,0.002598
C[C@H]1OC(=O)c2c(ccc(c2[C@H]1O)O)O,0,0.612106,0.209371,0.156942
C[C@H]1CCCCO[C@H](CN(C)C(=O)Cc2ccccc2)[C@H](C)CN([C@@H](C)CO)C(=O)c2cc(ccc2O1)NC(=O)Nc1ccc(cc1)F,0,0.021189,0.023965,0.003969
C[C@@H]1CCCCO[C@H](CN(C)Cc2ccc(cc2)C(F)(F)F)[C@H](C)CN([C@@H](C)CO)C(=O)c2cc(ccc2O1)NS(=O)(=O)c1ccc(cc1)C,0,0.081092,0.023501,0.004152
C[C@@H]1CCCCO[C@H](CN(C)S(=O)(=O)c2ccc(cc2)C)[C@@H](C)CN([C@H](C)CO)C(=O)c2cc(ccc2O1)NC(=O)Nc1cccc2ccccc12,0,0.005586,0.023732,0.002162
COc1ccc(cc1)COCC12Oc3ccccc3[C@H]([C@H]1CO[Si](C)(C)C(C)(C)C)N1C(=O)C(=C3C=CC=CC3=C1N2C)c1ccccc1,0,0.012275,0.136591,0.033884
CN(C)CCCCNC(=O)[C@H]1C[C@@H]2N([C@H]1c1cccc(c1)OCCO)C(=O)[C@@H]1CCCN1C2=O,0,0.280081,0.038187,0.017801
C[C@@H]1CN([C@H](C)CO)C(=O)Cc2cc(ccc2O[C@H]1CN(C)S(=O)(=O)c1cccs1)NS(=O)(=O)c1ccc(cc1)C,0,0.001028,0.023713,0.003574
C[C@@H]1CN([C@H](C)CO)C(=O)Cc2cc(ccc2O[C@H]1CN(C)C(=O)Nc1ccc2c(c1)OCO2)NC(=O)C1CC1,0,0.004053,0.023003,0.003463
CC1=NNC(=O)C=C1,0,0.098605,0.102227,0.055783
OC[C@@H](O)[C@@H](O)[C@H](O)[C@@H](O)/C=N/NC(=O)CCCCCCC(=O)NO,0,0.002733,0.080720,0.020699
Nc1cccc(c1)-n1cc(nn1)CCC(=O)NO,0,0.916722,0.186058,0.178527
C[C@H]1CN([C@@H](C)CO)C(=O)c2cc(cnc2O[C@H]1CN(C)C(=O)CCN1CCCCC1)C#Cc1ccccn1,0,0.009635,0.022872,0.005002
CN(C)C(=O)c1ccc(cc1)-c1cccc(c1)-c1nc(cc2c1[C@H](CCO)N(C2)[S@@](=O)C(C)(C)C)C(=O)NC1CCCCC1,0,0.110666,0.106253,0.043319
C[C@H]1CCCCO[C@H](CN(C)C(=O)Nc2cccc3ccccc23)[C@@H](C)CN([C@@H](C)CO)C(=O)c2cc(ccc2O1)NS(=O)(=O)c1cccs1,0,0.002503,0.023835,0.002114
CCN1C[C@]2(C)CC[C@H](O)[C@@]34[C@@H]5C[C@H]6[C@H](O)[C@@H]5[C@](O)(C[C@@H]6OC)[C@](O)([C@@H](OC)[C@H]23)[C@@H]14,0,0.138822,0.134922,0.052289
C[C@@H]1CCCCO[C@@H](CN(C)Cc2ccccc2)[C@@H](C)CN([C@@H](C)CO)C(=O)c2cc(ccc2O1)NC(=O)Nc1ccccc1,0,0.016079,0.024549,0.006208
COC(=O)c1cn(nn1)CC(=O)Nc1ccon1,0,0.098297,0.326401,0.193860
C[C@H]1CN([C@H](C)CO)C(=O)c2cc(ccc2O[C@H]1CN(C)C(=O)NC1CCCCC1)NC(=O)Nc1cccc2ccccc12,0,0.013042,0.024999,0.007883
CC1OC1P(=O)([O-])[O-].[Ca+2],0,0.002046,0.200646,0.044287
C[C@H]1CCCCO[C@@H](CN(C)Cc2ccc3c(c2)OCO3)[C@H](C)CN([C@H](C)CO)C(=O)c2cc(ccc2O1)NC(=O)Nc1ccccc1,0,0.013261,0.021948,0.003276
COc1cccc(c1)C#Cc1ccc2c(c1)O[C@H](CN(C)C(=O)CN1CCOCC1)[C@H](C)CN([C@H](C)CO)S2(=O)=O,0,0.018255,0.027447,0.004567
C[C@H]1CN([C@H](C)CO)C(=O)c2cccc(c2O[C@H]1CN(C)S(=O)(=O)c1c(noc1C)C)NC(=O)C1CC1,0,0.022620,0.024081,0.004446
CO[C@H]1CN(C)C(=O)c2cc(ccc2OC[C@@H](C)N(C[C@@H]1C)Cc1cccc(c1)F)NS(=O)(=O)c1cn(cn1)C,0,0.060202,0.024773,0.005351
COc1cccc(c1)NC(=O)N(C)C[C@@H]1Oc2ncc(cc2C(=O)N(C[C@@H]1C)[C@H](C)CO)C#Cc1cccnc1,0,0.015204,0.022445,0.003176
C[C@H]1CN([C@@H](C)CO)S(=O)(=O)c2ccc(cc2O[C@@H]1CN(C)C(=O)CN(C)C)C#CCC1CCCC1,0,0.228033,0.249293,0.016840
C[C@H]1CN([C@@H](C)CO)C(=O)c2cc(ccc2O[C@H]1CN(C)C(=O)Nc1ccc(cc1)F)NC(=O)CCCN(C)C,0,0.126697,0.027434,0.011705
CC(=O)N1[C@H]([C@H](CO)[C@H]2CN3C(=O)C=CC=C3[C@H]21)C(=O)N1CCc2ccccc2C1,0,0.002606,0.037968,0.011033
C[C@@H]1CCCCO[C@@H](CN(C)Cc2ccccc2)[C@@H](C)CN([C@@H](C)CO)C(=O)c2cc(ccc2O1)NC(=O)c1ccncc1,0,0.004002,0.022468,0.003573
C[C@@H]1CCCCO[C@@H](CN(C)S(=O)(=O)c2ccc(cc2)F)[C@H](C)CN([C@@H](C)CO)C(=O)c2cc(ccc2O1)NS(=O)(=O)c1ccc(cc1)Cl,0,0.020152,0.025859,0.003442
OC[C@@H]1[C@H]([C@H]2CN(CC(=O)N12)S(=O)(=O)Cc1ccccc1)c1ccc(cc1)C#Cc1cccc(c1)F,0,0.071286,0.037732,0.022067
COc1ccc(cc1)S(=O)(=O)Nc1cccc2c1O[C@@H](CN(C)S(=O)(=O)c1ccc(cc1)OC)[C@H](C)CN([C@H](C)CO)C2=O,0,0.012220,0.026825,0.005022
C[C@@H]1CN([C@H](C)CO)C(=O)c2cc(ccc2O[C@H]1CN(C)S(=O)(=O)c1ccc(cc1)F)NC(=O)Cn1cnnn1,0,0.061609,0.026414,0.004874
CO[C@@H]1CN(C)C(=O)c2ccc(cc2OC[C@H](C)N(C[C@@H]1C)C(=O)c1ccc2c(c1)OCO2)NS(=O)(=O)C,0,0.004785,0.029472,0.006233
CC(C)CC#Cc1cnc2c(c1)C(=O)N(C[C@@H](C)[C@@H](CN(C)S(=O)(=O)c1ccccc1)O2)[C@H](C)CO,0,0.010739,0.026261,0.004315
COc1ccc(cc1)NC(=O)N(C)C[C@H]1Oc2c(cccc2C(=O)N(C[C@@H]1C)[C@H](C)CO)NS(=O)(=O)c1cn(cn1)C,0,0.051775,0.023342,0.003580
C[C@@H]1CN([C@@H](C)CO)C(=O)c2cc(ccc2O[C@H]1CN(C)S(=O)(=O)c1cn(cn1)C)NC(=O)NC1CCCCC1,0,0.025938,0.025041,0.003865
COc1ccc(cc1)NC(=O)N(C)C[C@H]1OCCCC[C@H](C)Oc2ccc(cc2C(=O)N(C[C@@H]1C)[C@@H](C)CO)NS(=O)(=O)c1ccc(cc1)C,0,0.006183,0.023687,0.002828
CC(C)NC(=O)N(C)C[C@H]1OCCCC[C@@H](C)Oc2ccc(cc2C(=O)N(C[C@H]1C)[C@@H](C)CO)NC(=O)Nc1ccccc1,0,0.012735,0.027315,0.006326
Cc1ncc(n1C[C@@H](CN1CCOCC1)OP(=O)(O)O)[N+](=O)[O-],0,0.000810,0.426964,0.437374
C[C@@H]1CCCCO[C@H](CN(C)C(=O)C2CCCCC2)[C@H](C)CN([C@@H](C)CO)C(=O)c2cc(ccc2O1)NC(=O)Cc1ccccc1,0,0.003821,0.021067,0.003404
OCCN1CCN(CC1)S(=O)(=O)c1ccccc1,0,0.031196,0.031639,0.009447
CC1=NC(=O)C(=C(O)N1)/C=N/O,0,0.304388,0.142349,0.069696
CC(C)NC(=O)N(C)C[C@@H]1Oc2ccc(cc2C(=O)N(C[C@@H]1C)[C@H](C)CO)NS(=O)(=O)c1c(noc1C)C,0,0.043039,0.023917,0.005966
C[C@H]1CN([C@@H](C)CO)C(=O)Cc2cc(ccc2O[C@@H]1CN(C)Cc1ccncc1)NC(=O)Nc1cccc2ccccc12,0,0.010519,0.024316,0.004969
CCN1C[C@@]2(C)CC[C@H](OC)C34[C@@H]2[C@H](O)[C@]2(OCO[C@]52C[C@H](OC)[C@H]2C[C@]4(O)[C@@H]5[C@H]2O)[C@@H]13,0,0.243400,0.140949,0.065712
OC[C@H]1O[C@@H](O[C@H]2OC=C([C@@H](CC(=O)O)[C@@H]2C=C)C(=O)O)[C@@H](O)[C@@H](O)[C@@H]1O,0,0.387047,0.234434,0.132720
COC(=O)c1c2oc(c1C(=O)OC)C(=O)N[C@@H](Cc1ccccc1)Cn1cc(nn1)[C@@H](Cc1ccccc1)NC(=O)N[C@H](CC2)COC(=O)NCCCCCC(=O)NO,0,0.000022,0.045564,0.021031
C[C@@H]1CN([C@@H](C)CO)C(=O)c2cccc(c2O[C@H]1CN(C)S(=O)(=O)c1cccs1)NS(=O)(=O)c1cn(cn1)C,0,0.011246,0.024312,0.005496
C[C@H]1CN([C@@H](C)CO)C(=O)c2cccc(c2O[C@@H]1CN(C)S(=O)(=O)c1ccc(cc1)Cl)NC(=O)c1cc(nn1C)C,0,0.037601,0.023619,0.005415
CO[C@@H]1CN(C)C(=O)c2cc(ccc2OC[C@H](C)N(C[C@@H]1C)C(=O)CN(C)C)NC(=O)Nc1ccccc1,0,0.080345,0.025004,0.009293
C[C@H]1CN([C@@H](C)CO)C(=O)c2cccc(c2O[C@H]1CN(C)Cc1ccc(cc1)Oc1ccccc1)NS(=O)(=O)c1ccccc1,0,0.002824,0.026047,0.004249
COCCOC(=O)N1C(=O)[C@]2([C@@H]([C@@H]3N([C@H]([C@H](OC3=O)c3ccccc3)c3ccccc3)[C@@H]2c2ccccc2OCCO)C(=O)N2CCc3cc(c(cc3C2)OC)OC)c2cc(ccc21)C#CCC(C(=O)OC)C(=O)OC,0,0.265654,0.035286,0.012482
COc1ccc(cc1)S(=O)(=O)N(C)C[C@@H]1Oc2ccc(cc2CC(=O)N(C[C@@H]1C)[C@H](C)CO)NS(=O)(=O)C,0,0.004177,0.023731,0.006295
O[C@@H]1COC[C@H]2O[C@@H](CC[C@@H]2N(C1)S(=O)(=O)c1ccccc1)CC(=O)N1CCc2ccccc2C1,0,0.034176,0.026974,0.009539
COc1ccc(cc1)CN(C)C[C@@H]1OCCCC[C@H](C)Oc2ccc(cc2C(=O)N(C[C@@H]1C)[C@H](C)CO)NC(=O)Nc1ccc(cc1)C(F)(F)F,0,0.536480,0.030567,0.017349
C[C@H]1CN([C@H](C)CO)C(=O)c2cc(ccc2O[C@H]1CN(C)C(=O)Nc1c(noc1C)C)NS(=O)(=O)c1cn(cn1)C,0,0.095721,0.024789,0.005347
C[C@@H]1CN([C@@H](C)CO)C(=O)c2cccc(c2O[C@H]1CN(C)S(=O)(=O)c1cn(cn1)C)NS(=O)(=O)c1ccc(cc1)Cl,0,0.036457,0.026501,0.005079
C[C@H]1CN([C@H](C)CO)C(=O)c2cc(ccc2O[C@@H]1CN(C)S(=O)(=O)c1ccc(cc1)C)NC(=O)Nc1cccc2ccccc12,0,0.010794,0.024926,0.003249
COc1ccc(cc1)S(=O)(=O)N(C)C[C@H]1OCCCC[C@@H](C)Oc2ccc(cc2C(=O)N(C[C@H]1C)[C@@H](C)CO)NS(=O)(=O)c1cn(cn1)C,0,0.010344,0.024416,0.003141
C[C@@H](O)C#Cc1cnc2c(c1)C(=O)N(C[C@@H](C)[C@H](CN(C)C(=O)C)O2)[C@H](C)CO,0,0.004924,0.047173,0.011064
Nc1ncccc1CN1CC[C@@]2(C1)CC(=O)NC2=O,0,0.061190,0.111423,0.046104
CC(C)C12OC1C1OC13C1(C)CCC4=C(COC4=O)C1CC1OC13C2O,0,0.014465,0.059486,0.041640
C[n+]1ccccc1/C=N/O,0,0.099242,0.299870,0.158471
C[C@H]1CCCCO[C@@H](CN(C)S(=O)(=O)c2ccc(cc2)Cl)[C@H](C)CN([C@@H](C)CO)C(=O)c2cc(ccc2O1)NC(=O)Nc1ccccc1,0,0.016783,0.025885,0.002866
C[C@H]1CN([C@H](C)CO)S(=O)(=O)c2ccc(cc2O[C@H]1CN(C)C(=O)C1CCOCC1)C1=CCCCC1,0,0.007636,0.031769,0.007205
CC(C)COC(=O)OCN1C(=O)CN(CCN2CC(=O)N(COC(=O)OCC(C)C)C(=O)C2)CC1=O,0,0.996104,0.250301,0.146182
C[C@H]1CCCCO[C@@H](CN(C)C(=O)C2CCCCC2)[C@@H](C)CN([C@H](C)CO)C(=O)c2cc(ccc2O1)NS(=O)(=O)c1ccccc1,0,0.002780,0.024027,0.003242
Cn1cc(c2ccccc12)C(=O)Nc1nn[nH]n1,0,0.266953,0.097948,0.078979
COc1ccc(cc1)NC(=O)N(C)C[C@H]1Oc2ncc(cc2C(=O)N(C[C@H]1C)[C@H](C)CO)C#C[C@@H](C)O,0,0.021172,0.041996,0.016072
CC(C)NC(=O)N(C)C[C@H]1Oc2c(cccc2C(=O)N(C[C@H]1C)[C@H](C)CO)NS(=O)(=O)c1ccc(cc1)C,0,0.032365,0.027910,0.009308
C[C@H]1CCCCO[C@H](CN(C)Cc2ccc(cc2)C(F)(F)F)[C@@H](C)CN([C@H](C)CO)C(=O)c2cc(ccc2O1)NS(=O)(=O)c1c(noc1C)C,0,0.141461,0.023631,0.004381
COc1ccc(cc1)S(=O)(=O)Nc1cccc2c1O[C@@H](CN(C)S(=O)(=O)c1ccc(cc1)OC)[C@@H](C)CN([C@@H](C)CO)C2=O,0,0.012220,0.026825,0.005022
C[C@H]1CN([C@@H](C)CO)C(=O)c2cc(cnc2O[C@@H]1CN(C)C(=O)Cc1cccnc1)C#CCc1ccccc1,0,0.004281,0.023691,0.003609
CC(C)=CCCC1(C)C=Cc2c(O)c3c(c(CC=C(C)C)c2O1)OC12C(=CCCC1C(C)(C)OC2(CC=C(C)C(=O)O)C(=O)O)C3=O,1,0.935743,0.386770,0.247501
C[C@@H]1CN([C@H](C)CO)S(=O)(=O)c2ccc(cc2O[C@H]1CN(C)C(=O)Cc1ccncc1)C1=CCCC1,0,0.005340,0.026948,0.004989
C[C@H]1CCCCO[C@@H](CN(C)C(=O)c2ccccc2)[C@@H](C)CN([C@H](C)CO)C(=O)c2cc(ccc2O1)NC(=O)CCC(F)(F)F,0,0.046325,0.016751,0.006932
Cc1ccccc1OC(=O)c1sc2ccccc2c1Cl,0,0.613558,0.298091,0.250363
COc1ccc(cc1)S(=O)(=O)N(C)C[C@@H]1Oc2ccc(cc2CC(=O)N(C[C@H]1C)[C@H](C)CO)N(C)C,0,0.012453,0.025345,0.009302
NNC(=O)CCCCC(=O)NO,0,0.070560,0.087964,0.043783
C[C@H]1CN([C@@H](C)CO)C(=O)c2cc(ccc2O[C@H]1CN(C)Cc1ccccc1)NC(=O)Cn1cnnn1,0,0.021218,0.026911,0.011595
OC[C@H]1O[C@H](C[C@H]2[C@@H]1Oc1ccc(cc12)NC(=O)c1ccc2c(c1)OCO2)CC(=O)NCc1cccnc1,0,0.003689,0.023092,0.004746
NCc1[nH]nc2cc(ccc12)F,0,0.187896,0.062531,0.038545
COc1ccc(cc1)NC(=O)Nc1cccc2c1O[C@@H](CN(C)CC1CCCCC1)[C@H](C)CN([C@H](C)CO)C2=O,0,0.079566,0.040854,0.012982
C[C@H]1CCCCO[C@H](CN(C)C(=O)c2ccccc2)[C@@H](C)CN([C@@H](C)CO)C(=O)c2cc(ccc2O1)NC(=O)Nc1ccc(cc1)C(F)(F)F,0,0.205339,0.018277,0.004083
C[C@H]1CCCCO[C@H](CN(C)C(=O)Nc2ccc3c(c2)OCO3)[C@H](C)CN([C@@H](C)CO)C(=O)c2cc(ccc2O1)NS(=O)(=O)c1ccc(cc1)F,0,0.006960,0.023763,0.003089
C[C@H]1CN([C@@H](C)CO)C(=O)Cc2cc(ccc2O[C@H]1CN(C)S(=O)(=O)c1ccccc1)NS(=O)(=O)c1ccc(cc1)F,0,0.003923,0.023615,0.004222
CC(C)NC(=O)N(C)C[C@@H]1Oc2ccc(cc2CC(=O)N(C[C@@H]1C)[C@H](C)CO)NS(=O)(=O)c1ccccc1,0,0.002537,0.025345,0.005224
COc1ccc2c(c1)C(=O)N(CCc1ccc(S(=O)(=O)NC(=O)NC3CCCCC3)cc1)C(=O)C2(C)C,0,0.057937,0.053624,0.029132
C[C@@H]1CCCCO[C@H](CN(C)Cc2ccncc2)[C@H](C)CN([C@H](C)CO)C(=O)c2cc(ccc2O1)NS(=O)(=O)c1ccc(cc1)Cl,0,0.011448,0.024830,0.003526
CC1C=CC=CC=CC=CC=CC=CC=CC(OC2OC(C)C(O)C(N)C2O)CC2OC(O)(CC(O)CC(O)C(O)CCC(O)CC(O)CC(=O)OC(C)C(C)C1O)CC(O)C2C(=O)O,0,0.106485,0.711768,0.369383
COc1ccc(cc1)NC(=O)Nc1ccc2c(c1)C(=O)N(C[C@@H](C)[C@H](CN(C)C(=O)C1CCCCC1)OCCCC[C@@H](C)O2)[C@H](C)CO,0,0.015836,0.022036,0.002750
C[C@@H]1CN([C@@H](C)CO)C(=O)c2cccc(c2O[C@H]1CN(C)S(=O)(=O)c1cccs1)NS(=O)(=O)c1ccc(cc1)F,0,0.008749,0.029778,0.007589
NCc1ccccc1-n1cncn1,0,0.480044,0.081005,0.056335
C[C@H]1CN([C@H](C)CO)C(=O)c2cc(ccc2O[C@@H]1CN(C)Cc1ccc(cc1)-c1ccccc1)NC(=O)Nc1ccccc1,0,0.055338,0.026308,0.011297
CC(C)NC(=O)N(C)C[C@H]1Oc2ccc(cc2CC(=O)N(C[C@@H]1C)[C@H](C)CO)NS(=O)(=O)c1ccc(cc1)F,0,0.017616,0.025276,0.006021
COc1ccc(cc1)NC(=O)Nc1ccc2c(c1)C(=O)N(C[C@@H](C)[C@H](CN(C)CC1CCCCC1)OCCCC[C@@H](C)O2)[C@H](C)CO,0,0.073460,0.027359,0.005783
COc1ccc(cc1)NC(=O)N(C)C[C@H]1OCCCC[C@H](C)Oc2ccc(cc2C(=O)N(C[C@@H]1C)[C@H](C)CO)NS(=O)(=O)c1ccccc1,0,0.002479,0.023680,0.002632
Cc1ncc(c(c1O)C=O)COP(=O)(O)O,0,0.001320,0.311005,0.389440
CN[C@H]1[C@@H](O)[C@H]2O[C@@H](O[C@@H]3[C@@H](N)C[C@@H](N)[C@H](O)[C@H]3O)[C@H](N)C[C@@H]2O[C@@H]1O[C@H]1O[C@H](CO)[C@@H](N)[C@H](O)[C@H]1O,0,0.995798,0.848455,0.915615
C[C@H]1CN([C@H](C)CO)C(=O)Cc2cc(ccc2O[C@H]1CN(C)Cc1ccncc1)NS(=O)(=O)c1ccc(cc1)C,0,0.002389,0.024161,0.002775
ONC(=O)c1cccc(c1)C(=O)N/N=C/[C@H](O)[C@@H](O)[C@@H](O)[C@H](O)C(=O)O,0,0.074349,0.058546,0.020982
C[C@@H]1CN([C@H](C)CO)C(=O)c2cccc(c2O[C@@H]1CN(C)Cc1ccc(cc1)C(=O)Nc1ccccc1N)NC(=O)Nc1ccc2c(c1)OCO2,0,0.009374,0.022322,0.003031
C[C@H]1CN([C@H](C)CO)C(=O)c2cccc(c2O[C@@H]1CN(C)Cc1ccccc1)NC(=O)Nc1ccc(cc1)C(F)(F)F,0,0.550992,0.400528,0.325975
C[C@@H]1CCCCO[C@@H](CN(C)C(=O)Nc2cccc3ccccc23)[C@H](C)CN([C@@H](C)CO)C(=O)c2cc(ccc2O1)NC(=O)C1CCCCC1,0,0.009274,0.028158,0.003322
C[C@H]1CCCCO[C@@H](CN(C)Cc2ccncc2)[C@@H](C)CN([C@@H](C)CO)C(=O)c2cc(ccc2O1)NS(=O)(=O)c1ccc(cc1)C,0,0.005745,0.024267,0.003536
C[C@@H]1CN([C@H](C)CO)C(=O)c2cccc(c2O[C@H]1CN(C)S(=O)(=O)c1cn(cn1)C)NC(=O)c1cc(nn1C)C,0,0.019136,0.023550,0.004441
COc1ccc(cc1)NC(=O)N(C)C[C@H]1OCCCC[C@@H](C)Oc2ccc(cc2C(=O)N(C[C@@H]1C)[C@H](C)CO)NC(=O)Nc1c(noc1C)C,0,0.028808,0.024061,0.002455
CN(C)CCCC[C@@H]1NC(=O)[C@H]2C[C@H]([C@H](N2C1=O)c1ccc(cc1)O)C(=O)NCCCCCCNC(=O)CS,0,0.000072,0.105274,0.212753
C[C@H]1CN([C@@H](C)CO)C(=O)Cc2cc(ccc2O[C@@H]1CN(C)Cc1ccc(cc1)C(=O)Nc1ccccc1N)NC(=O)Nc1ccccc1,0,0.008918,0.022235,0.002367
CC(C)NC(=O)N(C)C[C@@H]1Oc2ccc(cc2CC(=O)N(C[C@@H]1C)[C@@H](C)CO)NC(=O)NC1CCCCC1,0,0.016298,0.029531,0.005173
C[C@H]1CN([C@@H](C)CO)C(=O)c2cccc(c2O[C@@H]1CN(C)C(=O)Nc1cccc2ccccc12)NC(=O)C1CCCCC1,0,0.016283,0.026683,0.010234
CO[C@@H]1CN(C)C(=O)c2cc(ccc2OC[C@@H](C)N(C[C@H]1C)C(=O)C1CCOCC1)NC(=O)C1CCOCC1,0,0.012796,0.027581,0.008654
COc1ccc(cc1)S(=O)(=O)N(C)C[C@@H]1Oc2c(cccc2C(=O)N(C[C@@H]1C)[C@@H](C)CO)NC(=O)c1cnccn1,0,0.024542,0.026878,0.004672
C[C@@H]1CN([C@H](C)CO)C(=O)c2cc(ccc2O[C@H]1CN(C)S(=O)(=O)c1cn(cn1)C)NC(=O)c1ccncc1,0,0.006517,0.023645,0.004172
C[C@H]1CCCCO[C@@H](CN(C)S(=O)(=O)c2ccc(cc2)C)[C@H](C)CN([C@H](C)CO)C(=O)c2cc(ccc2O1)NC(=O)Nc1ccc2c(c1)OCO2,0,0.003344,0.023732,0.002729
COc1cccc(c1)-c1ccc2c(c1)O[C@H](CN(C)Cc1cncnc1)[C@H](C)CN([C@H](C)CO)S2(=O)=O,0,0.033101,0.028049,0.005479
C[C@H]1CN([C@H](C)CO)C(=O)c2cc(ccc2O[C@H]1CN(C)C(=O)Nc1c(noc1C)C)NC(=O)Nc1cccc2ccccc12,0,0.029725,0.021549,0.004389
C[C@H]1CN([C@H](C)CO)C(=O)Cc2cc(ccc2O[C@@H]1CN(C)C(=O)Nc1ccc(cc1)C(F)(F)F)NC(=O)Nc1ccc(cc1)C(F)(F)F,0,0.892262,0.038565,0.022889
CCCNC(=O)Nc1ccc2c(c1)C(=O)N(C)C[C@@H](OC)[C@H](C)CN(Cc1ccc(cc1)-c1ccccn1)[C@H](C)CO2,0,0.033911,0.041496,0.013732
C[C@H]1CN([C@H](C)CO)C(=O)c2cc(cnc2O[C@H]1CN(C)C(=O)c1cnccn1)/C=C/c1ccccc1,0,0.010836,0.028961,0.009050
COC(=O)CCCCCNC1=NNC(=O)NC1=O,0,0.177449,0.185543,0.080570
CC(=O)OCC(COC(C)=O)OC(C)=O,0,0.000141,0.062482,0.057992
COc1ccc(cc1)S(=O)(=O)N(C)C[C@H]1OCCCC[C@@H](C)Oc2ccc(cc2C(=O)N(C[C@H]1C)[C@H](C)CO)NC(=O)Nc1ccc(cc1)C(F)(F)F,0,0.169991,0.030723,0.007002
C[C@@H]1CN([C@H](C)CO)C(=O)c2cc(ccc2O[C@H]1CN(C)Cc1ccc(cc1)Oc1ccccc1)NS(=O)(=O)c1ccc(cc1)C,0,0.002460,0.024404,0.004018
C[C@@H]1CN([C@H](C)CO)C(=O)Cc2cc(ccc2O[C@@H]1CN(C)C(=O)Nc1ccc(cc1)F)NS(=O)(=O)C,0,0.028512,0.028058,0.007673
C[C@H]1CCCCO[C@H](CN(C)C(=O)Nc2ccc3c(c2)OCO3)[C@H](C)CN([C@@H](C)CO)C(=O)c2cc(ccc2O1)NC(=O)Nc1ccc(cc1)C(F)(F)F,0,0.247860,0.020743,0.007693
C[C@H]1CN([C@@H](C)CO)C(=O)c2cccc(c2O[C@H]1CN(C)C(=O)Nc1ccc2c(c1)OCO2)NC(=O)Nc1cccc2ccccc12,0,0.009823,0.022732,0.005016
CN1CCc2nc(C(=O)NC3CC(C(=O)N(C)C)CCC3NC(=O)C(=O)Nc3ccc(Cl)cn3)sc2C1.Cc1ccc(S(=O)(=O)O)cc1.O,0,0.001492,0.340773,0.260451
C[C@H]1CCCCO[C@H](CN(C)Cc2ccccc2)[C@@H](C)CN([C@@H](C)CO)C(=O)c2cc(ccc2O1)NS(=O)(=O)c1ccc(cc1)F,0,0.015932,0.024359,0.004022
COc1ccc(cc1)S(=O)(=O)Nc1ccc2c(c1)C(=O)N(C[C@H](C)[C@@H](CN(C)Cc1ccc(cc1)C(=O)O)OCCCC[C@@H](C)O2)[C@H](C)CO,0,0.033437,0.028331,0.003531
COc1cc(OC)c(C(=O)CCCN2CCCC2)c(OC)c1.Cl,0,0.861529,0.336191,0.189625
OC(=O)C1=CCCNC1,0,0.212911,0.075041,0.017134
C[C@@H]1CN([C@H](C)CO)C(=O)c2cccc(c2O[C@@H]1CN(C)C(=O)Nc1ccc(cc1)C(F)(F)F)NC(=O)Nc1c(noc1C)C,0,0.816023,0.828821,0.870209
OC[C@H]1O[C@H](CC[C@@H]1NC(=O)Cc1ccccn1)CC(=O)NCCCN1CCOCC1,0,0.010149,0.024021,0.010950
COc1ccc(cc1)S(=O)(=O)N(C)C[C@@H]1Oc2c(cccc2C(=O)N(C[C@@H]1C)[C@H](C)CO)NC(=O)Nc1c(noc1C)C,0,0.055753,0.024792,0.003757
CC1=CC(=O)N(C1=O)c1ccn(n1)C,0,0.068617,0.179843,0.062684
CN(C)C(=O)C[C@@H]1O[C@@H](CO)[C@@H](NC(=O)C2CCOCC2)C=C1,0,0.026194,0.022098,0.006751
C[C@@H]1CCCCO[C@H](CN(C)Cc2ccncc2)[C@H](C)CN([C@@H](C)CO)C(=O)c2cc(ccc2O1)NC(=O)CCC(F)(F)F,0,0.078407,0.157605,0.053669
C[C@@H]1CN([C@@H](C)CO)C(=O)c2cc(cnc2O[C@H]1CN(C)S(=O)(=O)C)C#CC1(O)CCCC1,0,0.008375,0.023004,0.006259
C[C@H]1CCCCO[C@H](CN(C)S(=O)(=O)c2ccccc2)[C@H](C)CN([C@H](C)CO)C(=O)c2cc(ccc2O1)NC(=O)CCC(F)(F)F,0,0.017294,0.025760,0.003318
C[C@H]1CN([C@@H](C)CO)C(=O)c2cc(ccc2O[C@H]1CN(C)S(=O)(=O)c1ccc(cc1)F)NS(=O)(=O)c1ccccc1,0,0.008312,0.025788,0.004835
CC(C)NC(=O)N(C)C[C@@H]1OCCCC[C@H](C)Oc2ccc(cc2C(=O)N(C[C@@H]1C)[C@H](C)CO)NC(=O)Nc1ccc(cc1)C(F)(F)F,0,0.550762,0.250548,0.112394
C[C@H]1CCCCO[C@@H](CN(C)C(=O)c2ccccc2)[C@@H](C)CN([C@@H](C)CO)C(=O)c2cc(ccc2O1)NC(=O)Cc1ccccc1,0,0.000924,0.022170,0.002593
CN(CCCl)CCCl,0,0.031534,0.099318,0.062092
OCCCOc1ccc(cc1)C1=N[C@@](Cc2ccccc2CN=[N+]=[N-])([C@@H](O1)c1ccccc1N=[N+]=[N-])C(=O)N1CCCCC1,0,0.561165,0.093635,0.037600
C[C@H]1CCCCO[C@H](CN(C)C(=O)C2CCCCC2)[C@@H](C)CN([C@@H](C)CO)C(=O)c2cc(ccc2O1)NC(=O)Nc1ccc(cc1)C(F)(F)F,0,0.417858,0.158924,0.095278
C[C@@H]1CN([C@@H](C)CO)C(=O)c2cc(ccc2O[C@@H]1CN(C)Cc1ccncc1)NS(=O)(=O)c1c(noc1C)C,0,0.007748,0.023777,0.003960
Nc1ccccc1-c1ccccc1,0,0.178158,0.203857,0.084643
O[C@H]1CN[C@H]2CC[C@H](CC(=O)NCCN3CCCCC3)O[C@@H]2COC1,0,0.434401,0.034641,0.014749
CN1CCN(CC1)C(=O)C[C@@H]1CC[C@H]2[C@@H](COC[C@@H](O)CN2CC2CCCC2)O1,0,0.665370,0.065350,0.023638
C[C@@H]1CN([C@H](C)CO)C(=O)c2cc(ccc2O[C@H]1CN(C)Cc1ccncc1)NS(=O)(=O)c1ccc(cc1)F,0,0.012185,0.024687,0.005389
C[C@H]1CCCCO[C@H](CN(C)Cc2ccc3c(c2)OCO3)[C@H](C)CN([C@H](C)CO)C(=O)c2cc(ccc2O1)NS(=O)(=O)c1ccc(cc1)F,0,0.013680,0.023856,0.003213
C[C@@H]1CCCCO[C@@H](CN(C)S(=O)(=O)c2cn(cn2)C)[C@H](C)CN([C@H](C)CO)C(=O)c2cc(ccc2O1)NS(=O)(=O)c1ccccc1,0,0.001695,0.023866,0.002510
CC(=O)N[C@H]1C/C=C/C[C@@H](CC(=O)NCc2ccc(cc2)Cl)C(=O)NC[C@H](OC1=O)c1ccccc1,0,0.213033,0.126943,0.251203
C[C@H]1CCCCO[C@@H](CN(C)S(=O)(=O)c2ccc(cc2)C)[C@H](C)CN([C@H](C)CO)C(=O)c2cc(ccc2O1)NC(=O)Nc1ccc(cc1)C(F)(F)F,0,0.206461,0.027732,0.003405
COC(=O)CCCCCCC(=O)Nc1ccc(cc1)[C@H]1O[C@@H](CSc2ccccn2)C[C@@H](O1)c1ccccc1,0,0.041936,0.065574,0.084958
C[C@H]1CCCCO[C@@H](CN(C)S(=O)(=O)c2ccc(cc2)C)[C@H](C)CN([C@@H](C)CO)C(=O)c2cc(ccc2O1)NC(=O)Nc1c(noc1C)C,0,0.016786,0.024267,0.002909
C[C@@H]1CCCCO[C@@H](CN(C)S(=O)(=O)c2cccs2)[C@H](C)CN([C@H](C)CO)C(=O)c2cc(ccc2O1)NS(=O)(=O)C,0,0.001479,0.023589,0.003071
Cl.NCC(O)c1ccc(O)cc1,0,0.643544,0.251048,0.061512
COc1ccc(cc1)S(=O)(=O)N(C)C[C@@H]1Oc2ccc(cc2C(=O)N(C[C@@H]1C)[C@H](C)CO)NS(=O)(=O)C,0,0.011772,0.025052,0.005475
COc1ccccc1CNC(=O)C[C@H]1C[C@H]2[C@H](Oc3ccc(cc32)NC(=O)C2CCOCC2)[C@@H](CO)O1,0,0.079344,0.027161,0.009745
COCC(=O)N1C[C@@H](C)[C@H](CN(C)C(=O)c2cc(ccc2OC[C@H]1C)NC(=O)c1ccc(cc1)F)OC,0,0.090510,0.028035,0.011150
CCOc1cc(ccc1C1=N[C@@](C)(c2ccc(cc2)Cl)[C@](C)(N1C(=O)N1CCN(CCCS(=O)(=O)C)CC1)c1ccc(cc1)Cl)C(C)(C)C,0,0.951826,0.353309,0.131802
C[C@@H]1CCCCO[C@@H](CN(C)C(=O)CCCN(C)C)[C@H](C)CN([C@H](C)CO)C(=O)c2cc(ccc2O1)NC(=O)Nc1ccc(cc1)C(F)(F)F,0,0.434494,0.224937,0.087819
C[C@@H]1CN([C@@H](C)CO)S(=O)(=O)c2ccc(cc2O[C@H]1CN(C)S(=O)(=O)c1ccc(cc1)C)C#Cc1ccccc1,0,0.012985,0.028456,0.008110
NCCS(=O)(=O)O,0,0.000497,0.159647,0.048397
CO[C@@H]1CN(C)C(=O)c2cc(ccc2OC[C@@H](C)N(C[C@@H]1C)S(=O)(=O)c1cn(cn1)C)NC(=O)CC(F)(F)F,0,0.106778,0.029222,0.018392
C[C@H]1CN([C@H](C)CO)C(=O)c2cccc(c2O[C@H]1CN(C)S(=O)(=O)c1cn(cn1)C)NC(=O)c1cnccn1,0,0.043320,0.024185,0.005081
C[C@@H]1CN([C@H](C)CO)C(=O)c2cc(ccc2O[C@@H]1CN(C)C(=O)Nc1c(noc1C)C)NC(=O)Cn1cnnn1,0,0.065933,0.024318,0.008957
C[C@@H]1CN([C@H](C)CO)C(=O)c2cc(ccc2O[C@H]1CN(C)C(=O)Nc1ccc2c(c1)OCO2)NC(=O)CCCN(C)C,0,0.012912,0.021412,0.003639
CC(C)NC(=O)Nc1ccc2c(c1)C(=O)N(C[C@@H](C)[C@@H](CN(C)CC1CCCCC1)OCCCC[C@H](C)O2)[C@@H](C)CO,0,0.097639,0.037288,0.015500
CC(C)NC(=O)Nc1ccc2c(c1)C(=O)N(C[C@H](C)[C@H](CN(C)C(=O)C1CCCCC1)OCCCC[C@@H](C)O2)[C@@H](C)CO,0,0.016444,0.030729,0.007171
C[C@@H]1CCCCO[C@@H](CN(C)Cc2ccncc2)[C@@H](C)CN([C@H](C)CO)C(=O)c2cc(ccc2O1)NC(=O)NC1CCCCC1,0,0.024644,0.024062,0.002985
Cc1ccccc1S(=O)(=O)N1C[C@H](O)COC[C@@H]2O[C@H](CC[C@H]21)CC(=O)N1CCC(CC1)Cc1ccccc1,0,0.146022,0.038023,0.016235
C[C@H]1CN([C@H](C)CO)C(=O)Cc2cc(ccc2O[C@H]1CN(C)Cc1ccc(cc1)C(F)(F)F)NC(=O)Nc1cccc2ccccc12,0,0.152842,0.030438,0.010110
C[C@@H]1CN([C@H](C)CO)C(=O)Cc2cc(ccc2O[C@H]1CN(C)Cc1ccc(cc1)C(=O)Nc1ccccc1N)NS(=O)(=O)c1ccc(cc1)Cl,0,0.005438,0.023262,0.002944
COCC(=O)Nc1ccc2c(c1)C(=O)N(C)[C@H]1CC[C@H](CC(=O)NCc3ccc(cc3)OC)O[C@H]1CO2,0,0.020228,0.026185,0.007653
C[C@H]1CCCCO[C@@H](CN(C)S(=O)(=O)c2ccccc2)[C@H](C)CN([C@H](C)CO)C(=O)c2cc(ccc2O1)NC(=O)Nc1cccc2ccccc12,0,0.002244,0.023732,0.002118
COc1cccc(c1)-c1ccc2c(c1)O[C@@H](CN(C)Cc1cncnc1)[C@H](C)CN([C@@H](C)CO)S2(=O)=O,0,0.033101,0.028049,0.005479
C[C@H]1CN([C@@H](C)CO)C(=O)c2cccc(c2O[C@@H]1CN(C)Cc1ccc(cc1)-c1ccccc1)NC(=O)C1CCCCC1,0,0.109626,0.036790,0.023986
COc1ccc(cc1)[Si](C)(C)[C@@H]1[C@@H](C)[C@]2(O[C@H]1CCOC(=O)NCCCCCC(=O)NO)C(=O)N(Cc1cccc(c1)N1CCCCC1=O)c1ccccc12,0,0.000037,0.085879,0.022853
COc1ccc(cc1)NC(=O)N(C)C[C@@H]1Oc2c(cccc2C(=O)N(C[C@H]1C)[C@@H](C)CO)NC(=O)Nc1cccc2ccccc12,0,0.027972,0.021638,0.005434
CCN1C[C@@]23CN(C[C@@H](C[C@H]3S1(=O)=O)O2)C(=O)c1cnccn1,0,0.004311,0.146460,0.007901
C[C@@H]1CN([C@H](C)CO)C(=O)c2cc(cnc2O[C@@H]1CN(C)C(=O)C1CCOCC1)C#CC1(O)CCCC1,0,0.024431,0.066508,0.013300
OCc1ccc2c(c1)N(CC(F)(F)F)C(=O)[C@]1(CC(=O)N(CC34CC5CC(CC(C5)C4)C3)[C@H]21)c1ccc(cc1)[N+](=O)[O-],0,0.467423,0.365987,0.202458
CN1C[C@H](O)COC[C@H]2O[C@@H](CC[C@@H]21)CC(=O)N1CCN(CC1)c1ccccc1,0,0.575122,0.037339,0.023988
C[C@@H]1CN([C@@H](C)CO)C(=O)Cc2cc(ccc2O[C@@H]1CN(C)S(=O)(=O)c1ccc(cc1)F)NC(=O)CCCN(C)C,0,0.015131,0.027035,0.006244
C[C@@H]1CN([C@H](C)CO)C(=O)Cc2cc(ccc2O[C@H]1CN(C)Cc1ccc2c(c1)OCO2)NC(=O)CCN1CCOCC1,0,0.002689,0.023759,0.004695
C[C@@H]1CCCCO[C@@H](CN(C)CC2CCCCC2)[C@H](C)CN([C@@H](C)CO)C(=O)c2cc(ccc2O1)NC(=O)Nc1ccc2c(c1)OCO2,0,0.040914,0.024503,0.004760
CN(Cc1[nH]nc2c1CCCC2)C(=O)CC1=CNC(=O)N(C)C1=O,0,0.751190,0.087590,0.053524
C[C@H]1CN([C@H](C)CO)C(=O)Cc2cc(ccc2O[C@@H]1CN(C)Cc1ccc(cc1)C(=O)O)NC(=O)Nc1ccc(cc1)C(F)(F)F,0,0.584050,0.032166,0.006557
C[C@@H]1CN([C@H](C)CO)C(=O)Cc2cc(ccc2O[C@@H]1CN(C)S(=O)(=O)c1c(noc1C)C)NS(=O)(=O)c1ccc(cc1)Cl,0,0.010467,0.025366,0.004414
O[C@H]1COC[C@@H]2O[C@H](CC[C@H]2N(C1)C(=O)C1CC1)CC(=O)NCc1ccncc1,0,0.329741,0.050790,0.020666
C[C@@H]1CCCCO[C@@H](CN(C)C(=O)Nc2cccc3ccccc23)[C@H](C)CN([C@@H](C)CO)C(=O)c2cc(ccc2O1)NC(=O)CCCN(C)C,0,0.009402,0.024087,0.001945
C[C@H]1CN([C@@H](C)CO)C(=O)CCCn2nncc2CO[C@@H]1CN(C)C(=O)Nc1cccc(c1)Oc1ccccn1,0,0.004431,0.020372,0.003354
C[C@@H]1CCCCO[C@@H](CN(C)S(=O)(=O)c2ccc(cc2)Cl)[C@H](C)CN([C@H](C)CO)C(=O)c2cc(ccc2O1)NC(=O)Nc1ccc2c(c1)OCO2,0,0.007178,0.024978,0.003184
C[C@H]1CCCCO[C@@H](CN(C)C(=O)Nc2ccccc2)[C@@H](C)CN([C@H](C)CO)C(=O)c2cc(ccc2O1)NC(=O)Nc1ccc2c(c1)OCO2,0,0.006610,0.021960,0.002116
COCC(=O)N1C[C@@H](C)[C@@H](CN(C)C(=O)c2ccc(cc2OC[C@@H]1C)NC(=O)c1ccc(cc1)OC)OC,0,0.006068,0.022617,0.005615
Cc1ccc(cc1)S(=O)(=O)N[C@H]1CC[C@H](CC(=O)N2CCC(CC2)Cc2ccccc2)O[C@@H]1CO,0,0.047717,0.031578,0.019160
Cc1nc(sc1CN)-c1ccncc1,0,0.075306,0.072249,0.036675
CN1CCN(CC1)C(=O)C[C@H]1CC[C@@H]2[C@@H](COc3ccc(cc3C(=O)N2C)NC(=O)c2ccc(c(c2)F)F)O1,0,0.094478,0.205674,0.090401
CO[C@@H]1CN(C)C(=O)c2ccc(cc2OC[C@H](C)N(C[C@H]1C)Cc1ccc(cc1)OC)NC(=O)c1nc2ccccc2s1,0,0.006499,0.036105,0.011559
COc1ccc(cc1)CN(C)C[C@@H]1OCCCC[C@H](C)Oc2ccc(cc2C(=O)N(C[C@H]1C)[C@@H](C)CO)NS(=O)(=O)c1ccc(cc1)F,0,0.024985,0.025732,0.004297
OCCN(Cc1ccccc1)C(=O)C[C@H]1CC=CCC[C@@H](Cc2ccc(cc2)F)C(=O)O[C@@H](CNC1=O)c1ccccc1,0,0.024989,0.038177,0.021424
C[C@@H]1CCCCO[C@H](CN(C)C(=O)C2CCCCC2)[C@H](C)CN([C@@H](C)CO)C(=O)c2cc(ccc2O1)NC(=O)c1ccncc1,0,0.002523,0.024272,0.002483
C[C@H]1CN([C@H](C)CO)C(=O)c2cc(ccc2O[C@@H]1CN(C)Cc1ccc(cc1)C(F)(F)F)NC(=O)Nc1ccccc1,0,0.241289,0.171871,0.074764
CCCC(=O)Nc1ccc2c(c1)C(=O)N(C)[C@H]1CC[C@H](CC(=O)NCCN3CCCCC3)O[C@H]1CO2,0,0.013485,0.030037,0.008114
COc1ccc(cc1)NC(=O)N(C)C[C@H]1Oc2ccc(cc2C(=O)N(C[C@@H]1C)[C@H](C)CO)NC(=O)Nc1cccc2ccccc12,0,0.014368,0.021633,0.004484
C[C@H]1CN([C@H](C)CO)C(=O)Cc2cc(ccc2O[C@H]1CN(C)S(=O)(=O)c1cccs1)NS(=O)(=O)C,0,0.001537,0.023402,0.004997
C[C@H]1CN([C@H](C)CO)C(=O)c2cc(ccc2O[C@H]1CN(C)CC1CCCCC1)NC(=O)CCCCCC(=O)Nc1ccccc1N,0,0.022682,0.022603,0.004118
CC1=CC(=O)n2ncnc2N1,0,0.027986,0.080774,0.039995
O[C@H]1COC[C@H]2O[C@@H](CC[C@@H]2N(C1)S(=O)(=O)c1ccc(cc1)Cl)CC(=O)NCCN1CCCCC1,0,0.678916,0.117431,0.036408
C[C@H]1CN([C@H](C)CO)S(=O)(=O)c2ccc(cc2O[C@H]1CN(C)C(=O)Cc1cccnc1)-c1cncnc1,0,0.017654,0.025968,0.005023
COc1ccc(cc1)S(=O)(=O)N(C)C[C@H]1OCc2cn(nn2)CCCC(=O)N(C[C@H]1C)[C@@H](C)CO,0,0.009185,0.024021,0.005456
C[C@@H]1CN([C@@H](C)CO)C(=O)Cc2cc(ccc2O[C@@H]1CN(C)CC1CCCCC1)NC(=O)Nc1cccc2ccccc12,0,0.079924,0.036026,0.011368
C[C@H]1CCCCO[C@H](CN(C)Cc2ccc(cc2)C(F)(F)F)[C@@H](C)CN([C@@H](C)CO)C(=O)c2cc(ccc2O1)NS(=O)(=O)c1c(noc1C)C,0,0.141461,0.023631,0.004381
COc1ccc(cc1)CN(C)C[C@@H]1Oc2c(cccc2C(=O)N(C[C@H]1C)[C@H](C)CO)NC(=O)c1ccc(cc1)-c1nccs1,0,0.010308,0.022996,0.003657
C[C@@H]1CCCCO[C@H](CN(C)S(=O)(=O)c2ccc(cc2)Cl)[C@H](C)CN([C@H](C)CO)C(=O)c2cc(ccc2O1)NS(=O)(=O)c1ccc(cc1)F,0,0.022175,0.025322,0.004114
C[C@@H]1CCCCO[C@H](CN(C)Cc2ccc3c(c2)OCO3)[C@@H](C)CN([C@H](C)CO)C(=O)c2cc(ccc2O1)NS(=O)(=O)c1ccccc1,0,0.001967,0.023732,0.002661
CNC(=O)C(=O)NC[C@H]1CCCN1S(=O)(=O)c1cccs1,0,0.060886,0.025481,0.012740
COc1ccccc1S(=O)(=O)N(C)C[C@H]1OCc2cn(nn2)CCCC(=O)N(C[C@@H]1C)[C@H](C)CO,0,0.015471,0.024174,0.004956
C[C@H]1CN([C@H](C)CO)C(=O)c2cc(ccc2O[C@@H]1CN(C)Cc1ccncc1)NC(=O)CCCN(C)C,0,0.023657,0.022799,0.003403
C[C@H]1CCCCO[C@@H](CN(C)C(=O)Nc2ccc(cc2)F)[C@@H](C)CN([C@@H](C)CO)C(=O)c2cc(ccc2O1)NC(=O)c1ccncc1,0,0.018997,0.024491,0.002901
C[C@H]1CN([C@H](C)CO)C(=O)c2cccc(c2O[C@H]1CN(C)CC1CCCCC1)NC(=O)c1cnccn1,0,0.076231,0.036658,0.011943
C[C@H]1CN([C@@H](C)CO)C(=O)c2cc(ccc2O[C@@H]1CN(C)C(=O)Nc1ccccc1)NC(=O)Nc1ccc(cc1)C(F)(F)F,0,0.660264,0.350335,0.258331
CCS(=O)(=O)NCC[C@H]1CC[C@H](NS(=O)(=O)c2ccccc2C)[C@H](CO)O1,0,0.014016,0.031516,0.010693
COc1ccc(cc1)S(=O)(=O)Nc1ccc2c(c1)CC(=O)N(C[C@@H](C)[C@H](CN(C)CC1CC1)O2)[C@@H](C)CO,0,0.014770,0.027302,0.005685
COCC(=O)N(C)C[C@@H]1Oc2cc(ccc2S(=O)(=O)N(C[C@H]1C)[C@H](C)CO)C#CCC1CCCC1,0,0.088518,0.025499,0.006660
C[C@H]1CCCCO[C@H](CN(C)S(=O)(=O)c2ccc(cc2)Cl)[C@@H](C)CN([C@H](C)CO)C(=O)c2cc(ccc2O1)NC(=O)NC1CCCCC1,0,0.022694,0.027497,0.004207
CC(C)N1CC2(CN(C2)[C@@H](C)c2ccc(cc2)Cl)Oc2c(cccc2C1=O)NC(=O)c1ccncc1,0,0.038491,0.437594,0.287816
C[C@@H]1CN([C@H](C)CO)C(=O)c2cccc(c2O[C@@H]1CN(C)Cc1ccc(cc1)Oc1ccccc1)NC(=O)CCCCCC(=O)Nc1ccccc1N,0,0.003095,0.022918,0.004320
C[C@H]1CN([C@@H](C)CO)C(=O)c2cc(ccc2O[C@H]1CN(C)C(=O)Nc1ccc(cc1)C(F)(F)F)NC(=O)CCCCCC(=O)Nc1ccccc1N,0,0.443905,0.030281,0.010769
C[C@@H]1CCCCO[C@@H](CN(C)C(=O)C2CCCCC2)[C@@H](C)CN([C@H](C)CO)C(=O)c2cc(ccc2O1)NC(=O)Nc1ccc2c(c1)OCO2,0,0.011106,0.022347,0.002787
C[C@H]1CCCCO[C@H](CN(C)Cc2ccncc2)[C@@H](C)CN([C@H](C)CO)C(=O)c2cc(ccc2O1)NC(=O)Nc1ccccc1,0,0.014176,0.025822,0.003620
COc1ccc(cc1)CN(C)C[C@H]1OCCCC[C@@H](C)Oc2ccc(cc2C(=O)N(C[C@H]1C)[C@@H](C)CO)NS(=O)(=O)c1ccc(cc1)OC,0,0.007772,0.025197,0.003838
Cn1cnc(c1)S(=O)(=O)N1C[C@@H](O)COC[C@@H]2O[C@H](CC[C@H]21)CC(=O)NC1CCC1,0,0.187758,0.057368,0.018392
NC(=O)c1c(ncc2c1NCC2)Cl,0,0.252140,0.034945,0.014848
C[C@H]1CN([C@H](C)CO)C(=O)c2cc(cnc2O[C@@H]1CN(C)C(=O)CN(C)C)C#CC(C)(C)O,0,0.073881,0.035579,0.017042
C[C@H]1CN([C@H](C)CO)S(=O)(=O)c2ccc(cc2O[C@H]1CN(C)C(=O)CN(C)C)C#Cc1ccc(cc1)F,0,0.308521,0.793847,0.805880
OC[C@@H]1O[C@@H](CC(=O)NCc2cccc(c2)F)C=C[C@@H]1NC(=O)CN1CCOCC1,0,0.065617,0.034629,0.030109
C[C@H]1CN([C@H](C)CO)C(=O)c2cccc(c2O[C@H]1CN(C)C(=O)Nc1cccc2ccccc12)NS(=O)(=O)c1ccc(cc1)F,0,0.027876,0.025190,0.005219
COc1ccc(c(c1)CCNC(=O)CN)OC,0,0.578696,0.042601,0.023363
C[C@H]1CN([C@@H](C)CO)C(=O)c2cc(cnc2O[C@@H]1CN(C)C(=O)Nc1ccc(cc1)C(F)(F)F)-c1ccc(cc1)C#N,0,0.065014,0.202673,0.119235
C[C@@H]1CCCCO[C@H](CN(C)Cc2ccc(cc2)C(=O)O)[C@H](C)CN([C@H](C)CO)C(=O)c2cc(ccc2O1)NS(=O)(=O)c1ccccc1,0,0.023928,0.028268,0.003145
CC(=O)NS(=O)(=O)c1ccc(N)cc1,0,0.112181,0.069265,0.007671
COc1ccc(cc1)S(=O)(=O)Nc1ccc2c(c1)C(=O)N(C[C@@H](C)[C@@H](CN(C)S(=O)(=O)c1ccc(cc1)Cl)OCCCC[C@H](C)O2)[C@H](C)CO,0,0.008658,0.026633,0.004093
C[C@@H]1CN([C@H](C)CO)S(=O)(=O)c2ccc(cc2O[C@@H]1CN(C)C(=O)Cc1cccnc1)-c1cncnc1,0,0.017654,0.025968,0.005023
CCCN(C)C[C@@H]1OCCCC[C@H](C)Oc2ccc(cc2C(=O)N(C[C@@H]1C)[C@H](C)CO)NC(=O)c1ccccc1,0,0.013061,0.047539,0.027116
CC(C)NC(=O)Nc1cccc2c1O[C@H](CN(C)S(=O)(=O)c1cn(cn1)C)[C@H](C)CN([C@@H](C)CO)C2=O,0,0.063343,0.024761,0.005434
COc1ccccc1C1=CC=C2[C@@H]3[C@H](CN2C1=O)[C@@H](CO)[C@@H](N3S(=O)(=O)C)C(=O)NCC1CC1,0,0.016034,0.033466,0.005177
C[C@H]1CN([C@@H](C)CO)C(=O)c2cc(cnc2O[C@@H]1CN(C)C(=O)C1CC1)-c1ccc(cc1)C(=O)N(C)C,0,0.007040,0.023195,0.005004
C[C@H]1CN([C@@H](C)CO)C(=O)Cc2cc(ccc2O[C@@H]1CN(C)CC1CC1)NC(=O)Nc1c(noc1C)C,0,0.160065,0.036935,0.010214
C[C@H]1CN([C@H](C)CO)C(=O)c2cccc(c2O[C@@H]1CN(C)Cc1ccccc1)NC(=O)CCCCCC(=O)Nc1ccccc1N,0,0.009003,0.023046,0.006543
CCN(CCCc1ccccc1)CCCc1ccccc1.O=C(O)CC(O)(CC(=O)O)C(=O)O,0,0.182784,0.734634,0.676205
O[C@@H]1COC[C@@H]2O[C@H](CC[C@H]2N(C1)C(=O)c1ccccc1F)CC(=O)N1CCN(CC1)c1ccccc1,0,0.494967,0.103792,0.140863
C[C@@H]1CN([C@@H](C)CO)C(=O)c2cc(ccc2O[C@@H]1CN(C)C(=O)Nc1c(noc1C)C)NC(=O)c1ccncc1,0,0.019098,0.022776,0.003635
C[C@H]1CN([C@@H](C)CO)C(=O)c2cc(ccc2O[C@@H]1CN(C)Cc1ccc(cc1)-c1ccccc1)NC(=O)Cc1ccccc1,0,0.024988,0.026484,0.011176
O=C(NCCNS(=O)(=O)c1cccc2nonc12)[C@H]1COc2ccccc2O1,0,0.092558,0.031390,0.016817
C[C@@H]1CN([C@@H](C)CO)C(=O)c2cccc(c2O[C@H]1CN(C)S(=O)(=O)C)NC(=O)Nc1ccc(cc1)C(F)(F)F,0,0.327427,0.380122,0.213757
C[C@@H]1CN([C@@H](C)CO)C(=O)Cc2cc(ccc2O[C@@H]1CN(C)S(=O)(=O)c1ccc(cc1)C)NS(=O)(=O)C,0,0.004788,0.024359,0.005545
C[C@H]1CN([C@@H](C)CO)C(=O)c2cc(ccc2O[C@H]1CN(C)Cc1ccc(cc1)C(F)(F)F)NS(=O)(=O)c1ccc(cc1)Cl,0,0.405688,0.044326,0.011100
Cn1nnc2c1[C@H](COCC1CC1)CN(C2)C(=O)CS(=O)(=O)C,0,0.292177,0.409451,0.224025
CC(C)(C)S(=O)N1Cc2cc(nc(c2[C@@H]1CCO)-c1cccc(c1)C#CCC1CCCC1)C(=O)NCc1ccc2c(c1)OCO2,0,0.124855,0.122527,0.032981
COc1ccc(cc1)S(=O)(=O)Nc1ccc2c(c1)[C@H]1C[C@H](CC(=O)NCC3CC3)O[C@@H](CO)[C@H]1O2,0,0.011941,0.035632,0.008291
C[C@@H]1CN([C@H](C)CO)C(=O)Cc2cc(ccc2O[C@@H]1CN(C)Cc1ccc(cc1)Oc1ccccc1)NC(=O)Nc1c(noc1C)C,0,0.020906,0.026389,0.005465
C[C@H]1CCCCO[C@H](CN(C)C(=O)Nc2c(noc2C)C)[C@@H](C)CN([C@@H](C)CO)C(=O)c2cc(ccc2O1)NS(=O)(=O)c1ccc(cc1)C,0,0.015444,0.024370,0.002471
C[C@@H]1CN([C@H](C)CO)C(=O)c2cccc(c2O[C@H]1CN(C)C(=O)Nc1ccc(cc1)C(F)(F)F)NC(=O)Nc1c(noc1C)C,0,0.816023,0.828821,0.870209
C[C@@H]1CCCCO[C@H](CN(C)C(=O)Nc2ccc3c(c2)OCO3)[C@@H](C)CN([C@@H](C)CO)C(=O)c2cc(ccc2O1)NS(=O)(=O)c1cccs1,0,0.001064,0.023676,0.002520
Cc1ccc(cc1F)NC(=O)CN1C=CN(CCc2ccc(cc2)S(=O)(=O)N)C(=O)C1=O,0,0.001154,0.064603,0.030080
COc1ccc(cc1)CN(C)C[C@@H]1OCCCC[C@H](C)Oc2ccc(cc2C(=O)N(C[C@@H]1C)[C@@H](C)CO)NS(=O)(=O)c1ccc(cc1)Cl,0,0.016555,0.025647,0.003732
C[C@@H]1CN([C@@H](C)CO)C(=O)c2cccc(c2O[C@H]1CN(C)Cc1ccc(cc1)Oc1ccccc1)NC(=O)NC1CCCCC1,0,0.020028,0.028589,0.012640
COc1ccc(cc1)S(=O)(=O)N(C)C[C@H]1Oc2ccc(cc2CC(=O)N(C[C@@H]1C)[C@@H](C)CO)NC(=O)C1CC1,0,0.008060,0.026548,0.005234
C[C@@H]1CCCCO[C@@H](CN(C)Cc2ccc3c(c2)OCO3)[C@H](C)CN([C@H](C)CO)C(=O)c2cc(ccc2O1)NS(=O)(=O)c1cccs1,0,0.002007,0.024171,0.002711
COc1cccc(c1)S(=O)(=O)N(C)C[C@@H]1Oc2ncc(cc2C(=O)N(C[C@H]1C)[C@@H](C)CO)C#CCC(C)C,0,0.012225,0.023455,0.004767
COc1ccc(cc1)NC(=O)N(C)C[C@H]1Oc2ccc(cc2CC(=O)N(C[C@@H]1C)[C@H](C)CO)NS(=O)(=O)c1c(noc1C)C,0,0.008652,0.023530,0.003965
C[C@@H]1CN([C@@H](C)CO)C(=O)c2cccc(c2O[C@H]1CN(C)S(=O)(=O)C)NC(=O)Nc1ccccc1,0,0.020573,0.025378,0.005597
O=C(CNC(=O)c1ccc(Cl)cc1)NO,0,0.885807,0.179696,0.214148
CN1[C@H]2CC[C@@H](CC(=O)NCC(F)(F)F)O[C@@H]2COc2ccc(cc2C1=O)NS(=O)(=O)c1ccc(cc1)F,0,0.125272,0.027647,0.012189
C[C@H]1CCCCO[C@@H](CN(C)Cc2ccccc2)[C@@H](C)CN([C@@H](C)CO)C(=O)c2cc(ccc2O1)NC(=O)NC1CCCCC1,0,0.035391,0.023502,0.006211
C[C@H]1CCCCO[C@H](CN(C)S(=O)(=O)c2ccc(cc2)Cl)[C@@H](C)CN([C@@H](C)CO)C(=O)c2cc(ccc2O1)NC(=O)Nc1ccc(cc1)F,0,0.059615,0.026084,0.004000
COc1ccc(cc1)CNC(=O)C[C@@H]1C[C@H]2[C@H](Oc3ccc(cc32)NC(=O)NC2CCCC2)[C@@H](CO)O1,0,0.134364,0.025812,0.015037
CC1=CN(C[C@H](N)C(=O)O)C(=O)N(Cc2ccsc2C(=O)O)C1=O,0,0.940188,0.384412,0.538546
C[C@H]1CCCCO[C@H](CN(C)S(=O)(=O)c2ccc(cc2)Cl)[C@H](C)CN([C@H](C)CO)C(=O)c2cc(ccc2O1)NC(=O)Cc1ccccc1,0,0.005093,0.026795,0.003069
C[C@H]1CCCCO[C@@H](CN(C)C(=O)Nc2ccc(cc2)F)[C@H](C)CN([C@H](C)CO)C(=O)c2cc(ccc2O1)NC(=O)CCCN(C)C,0,0.061281,0.028467,0.004141
OC(=O)Cc1cccnc1C(=O)O,0,0.400456,0.117383,0.087378
C[C@H]1CN([C@H](C)CO)C(=O)Cc2cc(ccc2O[C@H]1CN(C)Cc1ccc(cc1)Oc1ccccc1)NC(=O)CCCN(C)C,0,0.021118,0.024872,0.005060
C[C@H]1CCCCO[C@@H](CN(C)C(=O)Nc2ccccc2)[C@@H](C)CN([C@@H](C)CO)C(=O)c2cc(ccc2O1)NC(=O)Nc1c(noc1C)C,0,0.020458,0.022305,0.002441
C[C@H]1CN([C@H](C)CO)C(=O)c2cccc(c2O[C@H]1CN(C)Cc1ccc(c(c1)Cl)Cl)NS(=O)(=O)c1ccc(cc1)F,0,0.167417,0.026920,0.006963
OCCN(Cc1ccccc1)C(=O)C[C@H]1CC=CC[C@@H](Cc2ccc(cc2)F)C(=O)OC[C@@H](Cc2c[nH]c3ccccc23)NC1=O,0,0.021975,0.028068,0.016320
COc1ccc(cc1)NC(=O)N(C)C[C@@H]1Oc2ncc(cc2C(=O)N(C[C@H]1C)[C@@H](C)CO)C#CC(C)C,0,0.051593,0.022804,0.004071
OC[C@H]1O[C@H](C[C@H]2[C@@H]1Oc1ccc(cc12)NC(=O)c1ccc2c(c1)OCO2)CC(=O)NCc1ccccn1,0,0.002046,0.026668,0.009254
C[C@H]1CN([C@@H](C)CO)C(=O)Cc2cc(ccc2O[C@H]1CN(C)C(=O)Nc1ccc(cc1)C(F)(F)F)NC(=O)C1CCCCC1,0,0.372201,0.083791,0.048296
CC1(C)CCC(=C(CN2CCN(CC2)c2ccc(cc2)C(=O)NS(=O)(=O)c2ccc(c(c2)S(=O)(=O)C(F)(F)F)N[C@@H](CCN2CCOCC2)CSc2ccccc2)C1)c1ccc(cc1)Cl,0,0.027195,0.243270,0.023657
CS(=O)(=O)N1[C@@H]2CN3C(=O)C(=CC=C3[C@H]1[C@H]([C@@H]2CO)C(=O)NCC1CC1)c1ccccc1,0,0.015218,0.034912,0.006718
CC(C)C[C@H](NC(=O)[C@@H](NC(=O)CNC(=O)CN)C(C)C)C(=O)N[C@@H](C(C)C)C(=O)N[C@@H](CCC(=O)N)C(=O)N1CCC[C@H]1C(=O)NCC(=O)O,0,0.312763,0.373468,0.084755
O[C@H]1COC[C@@H]2O[C@@H](CC[C@H]2N(C1)C(=O)c1cnccn1)CC(=O)N1CCN(CC1)c1ccccc1,0,0.254818,0.034750,0.018054
C[C@@H]1CN([C@H](C)CO)C(=O)c2cc(ccc2O[C@@H]1CN(C)S(=O)(=O)c1cccs1)NC(=O)C1CC1,0,0.002578,0.023256,0.006299
COCCNC(=O)C[C@@H]1CC[C@H]2[C@@H](COC[C@H](O)CN2S(=O)(=O)c2ccccc2F)O1,0,0.354415,0.029216,0.020129
Cc1ccc(cc1)Nc1c(nc2ccccn12)-c1ccccc1,0,0.382116,0.421338,0.333009
COc1ccccc1NC(=O)N(C)C[C@@H]1OCc2ccccc2-c2c(n(c3ccccc23)C)C(=O)N(C[C@H]1C)[C@H](C)CO,0,0.048552,0.023609,0.005462
C[C@H]1CN([C@H](C)CO)C(=O)Cc2cc(ccc2O[C@H]1CN(C)CC1CC1)NS(=O)(=O)c1ccc(cc1)C,0,0.016709,0.028199,0.005431
CN(Cc1cc(ccc1-c1ccccc1S(=O)(=O)Nc1noc(c1C)C)-c1ncco1)C(=O)CC(C)(C)C,0,0.000023,0.549683,0.309446
C[C@H]1CCCCO[C@@H](CN(C)C(=O)c2ccccc2)[C@H](C)CN([C@H](C)CO)C(=O)c2cc(ccc2O1)NS(=O)(=O)c1ccccc1,0,0.000489,0.023732,0.002558
C[C@@H]1CN([C@@H](C)CO)C(=O)Cc2cc(ccc2O[C@H]1CN(C)C(=O)Nc1cccc2ccccc12)NS(=O)(=O)c1ccc(cc1)C,0,0.002721,0.024537,0.003059
OC[C@H]1O[C@@H](CC(=O)NCCc2ccncc2)C=C[C@@H]1NC(=O)Cc1ccccn1,0,0.018549,0.024310,0.010713
C[C@@H]1CCCCO[C@@H](CN(C)CC2CC2)[C@H](C)CN([C@H](C)CO)C(=O)c2cc(ccc2O1)NC(=O)CCC(F)(F)F,0,0.382909,0.247693,0.135148
CC(C)(O)C#Cc1ccc(cc1)[C@H]1[C@H](CO)N2CCCCN(C[C@@H]12)S(=O)(=O)C,0,0.078195,0.043465,0.013147
CC[C@]1(O)O[C@@H]([C@@H](C)C[C@H]1C)[C@H]1C[C@H](C)[C@H](O1)[C@]1(CC)CC[C@@H](O1)[C@]1(C)CC[C@]2(C[C@H](O)[C@@H](C)[C@H](O2)[C@H](C)[C@@H](OC)[C@H](C)C(=O)O)O1,0,0.987611,0.929319,0.963519
C[C@@H]1CN([C@H](C)CO)S(=O)(=O)c2ccc(cc2O[C@@H]1CN(C)C(=O)Nc1ccc2c(c1)OCO2)C#Cc1ccncc1,0,0.007686,0.027804,0.003870
C[C@H]1CCCCO[C@@H](CN(C)C(=O)Nc2cccc3ccccc23)[C@H](C)CN([C@@H](C)CO)C(=O)c2cc(ccc2O1)NC(=O)c1ccccc1,0,0.002334,0.021397,0.002160
C[C@H]1CN([C@@H](C)CO)C(=O)Cc2cc(ccc2O[C@H]1CN(C)C(=O)Nc1ccc(cc1)C(F)(F)F)NC(=O)Nc1ccc(cc1)F,0,0.624228,0.056020,0.033095
C[C@@H]1CN([C@H](C)CO)C(=O)c2cccc(c2O[C@H]1CN(C)C(=O)Nc1ccc(cc1)C(F)(F)F)NS(=O)(=O)c1ccc(cc1)Cl,0,0.512718,0.208151,0.022967
CC(C)NC(=O)Nc1cccc2c1O[C@@H](CN(C)Cc1ccc3c(c1)OCO3)[C@H](C)CN([C@@H](C)CO)C2=O,0,0.019024,0.023872,0.008894
CC(C)NC(=O)N(C)C[C@H]1Oc2ccc(cc2CC(=O)N(C[C@H]1C)[C@@H](C)CO)NC(=O)CCN1CCOCC1,0,0.002810,0.028207,0.005061
CCCNC(=O)Nc1ccc2c(c1)C(=O)N(C)C[C@H](OC)[C@H](C)CN(Cc1ccc(cc1)-c1ccccn1)[C@@H](C)CO2,0,0.033911,0.041496,0.013732
C[C@H]1CN([C@H](C)CO)C(=O)c2cc(cnc2O[C@H]1CN(C)S(=O)(=O)c1cn(cn1)C)/C=C/c1ccccc1,0,0.007214,0.024231,0.005387
COc1ccc(cc1)S(=O)(=O)N(C)C[C@@H]1Oc2ccc(cc2C(=O)N(C[C@@H]1C)[C@@H](C)CO)NC(=O)c1ccncc1,0,0.003818,0.024835,0.003678
C[C@H]1COC(=O)[C@H](CC=CC[C@@H](CC(=O)N[C@@H](CO)Cc2ccccc2)C(=O)N1)CC(=O)OC(C)(C)C,0,0.012631,0.029874,0.011838
CCCc1c(c(ccc1SCCCOc1ccc(c(c1CCC)OCCCC(=O)O)C(=O)C)C(=O)C)O,1,0.977405,0.805406,0.785057
C[C@H]1CN([C@H](C)CO)C(=O)c2cc(cnc2O[C@@H]1CN(C)C(=O)C1CCOCC1)-c1cccc(c1)C#N,0,0.001503,0.022738,0.002139
CO[C@@H]1CN(C)C(=O)c2ccc(cc2OC[C@@H](C)N(C[C@H]1C)C(=O)Nc1ccc(cc1)C(F)(F)F)NC(=O)C1CC1,0,0.737146,0.757749,0.573477
COc1ccc(cc1)S(=O)(=O)Nc1ccc2c(c1)CC(=O)N(C[C@@H](C)[C@@H](CN(C)S(=O)(=O)c1ccccc1)O2)[C@@H](C)CO,0,0.001400,0.023701,0.003202
C[C@@H]1CN([C@H](C)CO)C(=O)c2cccc(c2O[C@H]1CN(C)S(=O)(=O)c1ccccc1)NC(=O)C1CC1,0,0.012117,0.027160,0.004452
C[C@H]1CCCCO[C@@H](CN(C)Cc2ccc3c(c2)OCO3)[C@H](C)CN([C@H](C)CO)C(=O)c2cc(ccc2O1)NC(=O)Nc1ccc2c(c1)OCO2,0,0.004414,0.024786,0.003614
Cc1ccc(cc1)S(=O)(=O)NCC[C@@H]1CC[C@H](NS(=O)(=O)c2ccccc2Cl)[C@@H](CO)O1,0,0.103559,0.042751,0.015253
C[C@H]1CN([C@@H](C)CO)C(=O)c2cc(ccc2O[C@@H]1CN(C)C(=O)NC1CCCCC1)NS(=O)(=O)c1c(noc1C)C,0,0.035663,0.023836,0.004719
CC(C)NC(=O)N(C)C[C@@H]1Oc2c(cccc2C(=O)N(C[C@@H]1C)[C@H](C)CO)NC(=O)Nc1c(noc1C)C,0,0.134669,0.027285,0.013453
C[C@H]1CN([C@H](C)CO)C(=O)c2cc(ccc2O[C@H]1CN(C)C(=O)Nc1ccc(cc1)F)NS(=O)(=O)C,0,0.117388,0.025708,0.007533
C[C@@H]1CCCCO[C@@H](CN(C)Cc2ccc(cc2)C(F)(F)F)[C@H](C)CN([C@@H](C)CO)C(=O)c2cc(ccc2O1)NC(=O)Nc1ccc(cc1)C(F)(F)F,0,0.801890,0.019860,0.012499
C[C@@H]1CN([C@@H](C)CO)S(=O)(=O)c2ccc(cc2O[C@H]1CN(C)C(=O)c1cccc(c1)F)Br,0,0.202020,0.032813,0.007561
OC(=O)[C@H]1CCC(=O)N(CC=C)C1,0,0.026856,0.032421,0.010548
C[C@@H]1CN([C@H](C)CO)C(=O)c2cccc(c2O[C@@H]1CN(C)S(=O)(=O)C)NC(=O)Nc1ccccc1,0,0.020573,0.025378,0.005597
Oc1cc(cc(c1)O)O,0,0.454265,0.155492,0.105036
COc1ccccc1-c1ccc2c(c1)O[C@H](CN(C)S(=O)(=O)c1ccccc1)[C@H](C)CN([C@@H](C)CO)S2(=O)=O,0,0.007136,0.025368,0.005503
C[C@@H]1CN([C@@H](C)CO)C(=O)c2cc(cnc2O[C@H]1CN(C)C(=O)c1cnccn1)C#Cc1ccccn1,0,0.017756,0.023597,0.004081
C[C@@H]1CN([C@@H](C)CO)C(=O)c2cc(cnc2O[C@@H]1CN(C)Cc1cccc(c1)C(=O)O)C#CCN(C)C,0,0.274692,0.040138,0.021975
C[C@H]1CCCCO[C@@H](CN(C)S(=O)(=O)c2ccccc2)[C@@H](C)CN([C@@H](C)CO)C(=O)c2cc(ccc2O1)NC(=O)Nc1ccccc1,0,0.002958,0.023732,0.002390
OC[C@H]1O[C@H](CC(=O)O)C=C[C@@H]1NC(=O)c1ccncc1,0,0.074198,0.072974,0.046859
C[C@H]1CCCCO[C@H](CN(C)Cc2ccc(cc2)C(=O)O)[C@H](C)CN([C@@H](C)CO)C(=O)c2cc(ccc2O1)NC(=O)Nc1c(noc1C)C,0,0.154965,0.024552,0.003878
COc1ccc(cc1)NC(=O)Nc1cccc2c1O[C@H](CN(C)Cc1ccc(cc1)C(F)(F)F)[C@H](C)CN([C@@H](C)CO)C2=O,0,0.505287,0.120958,0.052243
CN(C)CCCNC(=O)C[C@H]1CC[C@@H](NS(=O)(=O)c2ccccc2)[C@@H](CO)O1,0,0.046953,0.024033,0.010133
CN(C)CCC=C1c2ccccc2COc2ccccc21.Cl,0,0.926099,0.200842,0.228969
C[C@@H]1CN([C@@H](C)CO)C(=O)Cc2cc(ccc2O[C@H]1CN(C)CC1CCCCC1)NS(=O)(=O)c1cn(cn1)C,0,0.034541,0.023708,0.003917
COc1cccc(c1)OCc1ccc(cc1)Cn1nc(c2ccccc12)NC(=O)Nc1c(cccc1OC)OC,0,0.447336,0.271033,0.098008
C[C@H]1CN([C@@H](C)CO)C(=O)Cc2cc(ccc2O[C@H]1CN(C)Cc1ccc2c(c1)OCO2)NS(=O)(=O)c1cn(cn1)C,0,0.004759,0.024006,0.003365
COCC(=O)Nc1ccc2c(c1)OC[C@H](C)N(C[C@@H](C)[C@H](CN(C)C2=O)OC)C(=O)Cc1ccccn1,0,0.002096,0.023585,0.004004
C[C@H]1CN([C@H](C)CO)C(=O)c2cc(ccc2O[C@H]1CN(C)Cc1ccc(cc1)C(=O)O)NC(=O)Nc1ccc(cc1)C(F)(F)F,0,0.810290,0.211393,0.117022
C[C@@H]1CN([C@H](C)CO)C(=O)Cc2cc(ccc2O[C@@H]1CN(C)Cc1ccc(c(c1)Cl)Cl)NC(=O)Nc1ccc(cc1)F,0,0.454366,0.078714,0.014947
C[C@H]1CCCCO[C@H](CN(C)C(=O)Nc2cccc3ccccc23)[C@@H](C)CN([C@@H](C)CO)C(=O)c2cc(ccc2O1)NS(=O)(=O)c1cn(cn1)C,0,0.011731,0.023908,0.002472
C[C@@H]1CN([C@H](C)CO)C(=O)Cc2cc(ccc2O[C@@H]1CN(C)S(=O)(=O)c1cn(cn1)C)NC(=O)CCC(F)(F)F,0,0.031892,0.034941,0.011807
C[C@@H]1CCCCO[C@H](CN(C)CC2CCCCC2)[C@H](C)CN([C@H](C)CO)C(=O)c2cc(ccc2O1)NS(=O)(=O)c1ccccc1,0,0.013438,0.024575,0.005433
C[C@H]1CCCCO[C@H](CN(C)C(=O)Nc2ccccc2)[C@H](C)CN([C@@H](C)CO)C(=O)c2cc(ccc2O1)NC(=O)c1ccccc1,0,0.001649,0.021795,0.002305
Cn1cc(cn1)C(=O)N1CC[C@H]2[C@@H]1CCN2S(=O)(=O)C,0,0.003433,0.025775,0.006764
CCOC(=O)N1CCC(CC1)NS(=O)(=O)c1cccc(c1)S(=O)(=O)[C@H]1CCS(=O)(=O)C1,0,0.176953,0.038178,0.014964
C[C@@H]1CN([C@H](C)CO)C(=O)c2c(c3ccccc3n2C)-c2ccccc2CO[C@H]1CN(C)C(=O)CCC(F)(F)F,0,0.268914,0.089898,0.083758
C[C@@H]1CCCCO[C@H](CN(C)S(=O)(=O)c2cn(cn2)C)[C@@H](C)CN([C@@H](C)CO)C(=O)c2cc(ccc2O1)N(C)C,0,0.023175,0.023674,0.004814
C[C@H]1CCCCO[C@@H](CN(C)C(=O)c2ccccc2)[C@H](C)CN([C@H](C)CO)C(=O)c2cc(ccc2O1)NC(=O)Nc1ccccc1,0,0.003356,0.021770,0.002613
C[C@@H]1CN([C@H](C)CO)C(=O)c2cccc(c2O[C@@H]1CN(C)Cc1ccc(cc1)-c1ccccc1)NC(=O)C1CCOCC1,0,0.077739,0.029314,0.015052
OC[C@H]1O[C@@H](CC(=O)NCc2ccc(c(c2)Cl)Cl)C=C[C@@H]1NS(=O)(=O)c1ccc(cc1)F,0,0.695883,0.049523,0.030053
C[C@@H]1CCCCO[C@H](CN(C)Cc2ccc(cc2)C(=O)O)[C@H](C)CN([C@H](C)CO)C(=O)c2cc(ccc2O1)NC(=O)c1ccccc1,0,0.018596,0.032551,0.004529
C[C@H]1CN([C@H](C)CO)C(=O)c2cc(ccc2O[C@H]1CN(C)CC1CC1)NC(=O)CCN1CCOCC1,0,0.021582,0.028693,0.005169
C[C@@H]1CCCCO[C@H](CN(C)Cc2ccccc2)[C@H](C)CN([C@@H](C)CO)C(=O)c2cc(ccc2O1)NS(=O)(=O)c1ccccc1,0,0.003306,0.023726,0.004151
C[C@H]1CCCCO[C@@H](CN(C)C(=O)c2ccccc2)[C@@H](C)CN([C@H](C)CO)C(=O)c2cc(ccc2O1)NS(=O)(=O)c1ccc(cc1)F,0,0.005643,0.023732,0.002377
C[C@@H]1CN([C@@H](C)CO)C(=O)c2cc(ccc2O[C@H]1CN(C)C(=O)Nc1cccc2ccccc12)NC(=O)Nc1cccc2ccccc12,0,0.007238,0.023704,0.005237
C[C@@H]1CN([C@H](C)CO)C(=O)Cc2cc(ccc2O[C@H]1CN(C)S(=O)(=O)c1cn(cn1)C)NC(=O)C1CCCCC1,0,0.009207,0.024668,0.003400
NCC(=O)OCc1ccccc1,0,0.150236,0.101472,0.042256
C[C@@H]1CCCCO[C@H](CN(C)Cc2ccccc2)[C@@H](C)CN([C@H](C)CO)C(=O)c2cc(ccc2O1)NS(=O)(=O)c1c(noc1C)C,0,0.010598,0.024502,0.003985
Oc1ccc(cc1O)C#N,0,0.056414,0.299505,0.170081
CN1C(=O)N(C)c2ncn(c2C1=O)CC(=O)N1CCN(CC1)C(=O)c1ccco1,0,0.020230,0.104318,0.052529
OCCN(Cc1ccccc1)C(=O)C[C@@H](CC=C)C(=O)N1CCC[C@@H]1COC(=O)[C@H](CCC=C)Cc1ccc(cc1)F,0,0.008901,0.034568,0.019755
C[C@@H]1CCCCO[C@@H](CN(C)C(=O)c2ccccc2)[C@@H](C)CN([C@H](C)CO)C(=O)c2cc(ccc2O1)NC(=O)NC1CCCCC1,0,0.004112,0.022110,0.002868
C[N+](C)(C)CCO.[Cl-],0,0.110883,0.127231,0.033569
C[C@H]1CN([C@H](C)CO)C(=O)c2cccc(c2O[C@@H]1CN(C)C(=O)NC1CCCCC1)NS(=O)(=O)C,0,0.020738,0.035422,0.005719
C[C@H]1CCCCO[C@@H](CN(C)Cc2ccc3c(c2)OCO3)[C@@H](C)CN([C@@H](C)CO)C(=O)c2cc(ccc2O1)NC(=O)Nc1ccc(cc1)F,0,0.058474,0.028609,0.005615
COCC(=O)N1C[C@H](C)[C@@H](CN(C)C(=O)c2ccc(cc2OC[C@@H]1C)NC(=O)Nc1ccccc1)OC,0,0.015694,0.024534,0.006886
COc1ccc2c3c(n(c2c1)C)[C@@H](CO)N(C[C@]13CCN(CC1)S(=O)(=O)c1ccccc1)C(=O)c1cccnc1,0,0.001761,0.028566,0.005545
CN(C)CC#Cc1ccc(cc1)[C@H]1[C@@H](CO)N2[C@@H]1CN(CC2=O)C(=O)CN(C)C,0,0.810512,0.075793,0.016939
C[C@H]1CN([C@@H](C)CO)C(=O)c2cccc(c2O[C@H]1CN(C)Cc1ccc2c(c1)OCO2)NC(=O)c1cnccn1,0,0.021011,0.028088,0.008811
C[C@H]1CN([C@@H](C)CO)C(=O)c2cccc(c2O[C@@H]1CN(C)S(=O)(=O)c1ccc(cc1)F)NS(=O)(=O)c1cccs1,0,0.015679,0.024904,0.005696
C[C@H]1CN([C@H](C)CO)C(=O)c2cc(ccc2O[C@H]1CN(C)C(=O)Nc1cccc2ccccc12)NC(=O)Nc1ccc2c(c1)OCO2,0,0.004299,0.021808,0.003524
C[C@@H]1CN([C@H](C)CO)C(=O)CCCn2nncc2CO[C@@H]1CN(C)S(=O)(=O)c1cn(cn1)C,0,0.020537,0.025158,0.007945
Cc1ccccc1S(=O)(=O)N1C[C@H](O)COC[C@H]2O[C@@H](CC[C@@H]21)CC(=O)N1CCC(CC1)Cc1ccccc1,0,0.146022,0.038023,0.016235
C[C@@H]1CN([C@@H](C)CO)S(=O)(=O)c2ccc(cc2O[C@H]1CN(C)C(=O)Cc1ccccn1)C#Cc1ccccc1,0,0.005917,0.026581,0.004419
C[C@@H]1CCCCO[C@H](CN(C)C(=O)Nc2c(noc2C)C)[C@H](C)CN([C@H](C)CO)C(=O)c2cc(ccc2O1)NS(=O)(=O)c1ccc(cc1)Cl,0,0.030516,0.024938,0.002461
CC(C)NC(=O)N(C)C[C@H]1Oc2ccc(cc2CC(=O)N(C[C@@H]1C)[C@H](C)CO)NC(=O)CCC(F)(F)F,0,0.090859,0.379987,0.107237
O=C(N[C@@H](c1ccc(cc1)-c1ccccc1)c1cnccn1)C1CCN(CC1)Cc1ccc(cc1)Oc1ccccc1,0,0.621605,0.478507,0.260369
C[C@@H]1CN([C@@H](C)CO)C(=O)Cc2cc(ccc2O[C@@H]1CN(C)S(=O)(=O)c1cccs1)NC(=O)CCN1CCOCC1,0,0.000422,0.024174,0.003452
C[C@@H]1CN([C@@H](C)CO)C(=O)c2cc(cnc2O[C@@H]1CN(C)C(=O)c1cnccn1)C#CCN(C)C,0,0.106035,0.032355,0.008312
COCC(=O)Nc1ccc2c(c1)OC[C@@H](C)N(C[C@@H](C)[C@@H](CN(C)C2=O)OC)C(=O)Cc1cccnc1,0,0.004762,0.022380,0.004181
C[C@H]1CCCCO[C@@H](CN(C)C(=O)Nc2ccc(cc2)C(F)(F)F)[C@@H](C)CN([C@@H](C)CO)C(=O)c2cc(ccc2O1)NC(=O)Nc1ccc2c(c1)OCO2,0,0.154601,0.027284,0.007640
C[C@H]1CN([C@H](C)CO)C(=O)Cc2cc(ccc2O[C@@H]1CN(C)Cc1ccncc1)NS(=O)(=O)c1cn(cn1)C,0,0.007832,0.023906,0.003550
CC12C=CC(=O)C=C1CCC1C2C(O)CC2(C)C1CCC2(O)C(=O)COP(=O)([O-])[O-].[Na+].[Na+],0,0.000010,0.501921,0.308780
Brc1ccc(cc1)-c1ccc(cn1)C1CCCCC1,0,0.917751,0.291578,0.190077
CCN(CC)CCNC(=O)c1cc(S(C)(=O)=O)ccc1OC.Cl,0,0.793684,0.221291,0.164691
C[C@@H]1CCCCO[C@@H](CN(C)S(=O)(=O)c2ccc(cc2)F)[C@H](C)CN([C@@H](C)CO)C(=O)c2cc(ccc2O1)NC(=O)Nc1ccc(cc1)F,0,0.068238,0.023882,0.004255
COc1ccc(c(c1)OC)NC(=O)N(C)C[C@@H]1OCc2cnnn2CCCC(=O)N(C[C@H]1C)[C@H](C)CO,0,0.113082,0.037188,0.005868
COc1ccc(cc1)S(=O)(=O)Nc1ccc2c(c1)C(=O)N(C[C@@H](C)[C@H](CN(C)S(=O)(=O)c1ccc(cc1)F)O2)[C@H](C)CO,0,0.015249,0.024301,0.005516
Cc1noc(c1C(=O)N1C[C@@H]2CCN[C@@H]2C1)C,0,0.060003,0.027603,0.006840
NCCc1ccc(cc1)[N+](=O)[O-],0,0.861220,0.245785,0.209619
COc1ccc(cc1)NC(=O)N(C)C[C@H]1OCCCC[C@@H](C)Oc2ccc(cc2C(=O)N(C[C@H]1C)[C@H](C)CO)NC(=O)Nc1ccc(cc1)F,0,0.050132,0.026224,0.003099
C[C@H]1CCCCO[C@H](CN(C)C(=O)C2CCCCC2)[C@H](C)CN([C@@H](C)CO)C(=O)c2cc(ccc2O1)NC(=O)c1ccncc1,0,0.002523,0.024272,0.002483
C[C@H]1CN([C@@H](C)CO)C(=O)Cc2cc(ccc2O[C@H]1CN(C)S(=O)(=O)c1cccs1)NS(=O)(=O)c1cccs1,0,0.000487,0.024306,0.005900
C[C@H]1CCCCO[C@H](CN(C)C(=O)Nc2ccccc2)[C@@H](C)CN([C@H](C)CO)C(=O)c2cc(ccc2O1)NC(=O)CCC(F)(F)F,0,0.101854,0.019590,0.007280
C(=N/n1cnnc1)\c1ccccn1,0,0.143440,0.242840,0.129174
C[C@H]1CCCCO[C@H](CN(C)S(=O)(=O)c2ccccc2)[C@@H](C)CN([C@H](C)CO)C(=O)c2cc(ccc2O1)NC(=O)Nc1ccc(cc1)F,0,0.012707,0.023789,0.002704
CCC(=O)Nc1ccc2c(c1)C(=O)N(C)C[C@@H](OC)[C@@H](C)CN([C@H](C)CO2)C(=O)CN1CCOCC1,0,0.001972,0.025705,0.003211
C[N+](C)(C)CC(O)CC(=O)[O-],0,0.018119,0.090612,0.019863
O[C@@H]1COC[C@@H]2O[C@@H](CC[C@H]2N(C1)C(=O)Nc1cccc(c1)Cl)CC(=O)NCc1ccccc1F,1,0.789011,0.903312,0.932558
C[C@H]1CN([C@@H](C)CO)C(=O)c2cccc(c2O[C@H]1CN(C)Cc1ccc(cc1)C(=O)O)NC(=O)C1CC1,0,0.146353,0.037207,0.031198
OC[C@@H]1O[C@H](C[C@H]2[C@@H]1Oc1ccc(cc12)NS(=O)(=O)c1ccc(cc1)F)CC(=O)NCc1ccccc1,0,0.020076,0.033916,0.012702
C[C@H]1CN([C@@H](C)CO)C(=O)c2cc(ccc2O[C@@H]1CN(C)S(=O)(=O)c1cn(cn1)C)NS(=O)(=O)c1ccc(cc1)F,0,0.020348,0.024631,0.005317
C[C@H]1CN([C@H](C)CO)C(=O)Cc2cc(ccc2O[C@@H]1CN(C)S(=O)(=O)c1cccs1)NS(=O)(=O)c1cccs1,0,0.000487,0.024306,0.005900
C[C@H]1CCCCO[C@@H](CN(C)CC2CCCCC2)[C@@H](C)CN([C@@H](C)CO)C(=O)c2cc(ccc2O1)NC(=O)c1ccccc1,0,0.018009,0.024821,0.007173
C[C@H]1CN([C@@H](C)CO)C(=O)c2cc(ccc2O[C@@H]1CN(C)C(=O)Nc1ccc(cc1)F)NC(=O)Nc1cccc2ccccc12,0,0.067653,0.025015,0.010888
COC(=O)C(N)CS.Cl,0,0.000000,0.058085,0.035416
C[C@@H]1CCCCO[C@H](CN(C)Cc2ccc(cc2)C(F)(F)F)[C@@H](C)CN([C@H](C)CO)C(=O)c2cc(ccc2O1)NS(=O)(=O)c1c(noc1C)C,0,0.141461,0.023631,0.004381
C[C@@H]1CCCCO[C@@H](CN(C)Cc2ccc(c(c2)Cl)Cl)[C@H](C)CN([C@@H](C)CO)C(=O)c2cc(ccc2O1)NC(=O)c1ccccc1,0,0.038453,0.029064,0.003094
ONC(=O)CCCCCNC(=O)OCCCCO[C@H]1C[C@H](C=C(O1)C(=O)N1CCOCC1)C1=COc2ccccc2C1=O,0,0.000023,0.119535,0.026207
OC(=O)C[C@H]1Oc2ccccc2NC1=O,0,0.060661,0.039135,0.034084
COc1ccc(cc1OC)S(=O)(=O)N1CCCN(CC1)S(=O)(=O)c1ccc(c(c1)OC)OC,0,0.052931,0.032972,0.014188
CN1C(=O)N(C)c2nc(n(c2C1=O)CC(=C)C)N1CCN(CCO)CC1,0,0.935633,0.063648,0.035673
Cc1noc(c1N)C,0,0.296018,0.039538,0.022534
CC(C)(CO)[C@H](O)C(=O)NCCC(=O)NCCSSCCNC(=O)CCNC(=O)[C@H](O)C(C)(C)CO,0,0.074837,0.329017,0.113121
COC(=O)CSc1cc(nc(n1)N)C,0,0.098985,0.045154,0.028633
CCCNC(=O)C[C@H]1CC[C@H]2[C@H](COc3ccc(cc3C(=O)N2C)NC(=O)c2ccc3c(c2)OCO3)O1,0,0.001936,0.024855,0.005998
C[C@@H]1CN([C@H](C)CO)C(=O)Cc2cc(ccc2O[C@@H]1CN(C)S(=O)(=O)c1c(noc1C)C)NC(=O)c1ccncc1,0,0.003185,0.024054,0.002976
C[C@@H]1CN([C@@H](C)CO)C(=O)CCCn2nncc2CO[C@H]1CN(C)C(=O)Nc1cccc(c1)Oc1ccccn1,0,0.004431,0.020372,0.003354
NC(=O)NCC#Cc1ccc2c(c1)[C@@]1([C@@H]([C@@H]3N([C@H]([C@H](OC3=O)c3ccccc3)c3ccccc3)[C@@H]1c1ccc(cc1)OCCO)C(=O)O)C(=O)N2,0,0.567748,0.536592,0.325711
OC[C@H]1O[C@@H](OCCC(=O)c2ccc(cc2)O)[C@H](O)[C@@H](O)[C@@H]1O,0,0.218636,0.097802,0.068361
CNC[C@@H]1OCCCC[C@@H](C)Oc2ccc(cc2C(=O)N(C[C@H]1C)[C@H](C)CO)NS(=O)(=O)c1c(noc1C)C,0,0.022613,0.023990,0.005286
CC(C)NC(=O)N(C)C[C@@H]1OCCCC[C@@H](C)Oc2ccc(cc2C(=O)N(C[C@H]1C)[C@@H](C)CO)NC(=O)Nc1ccccc1,0,0.012735,0.027315,0.006326
CC(=O)N1c2ccccc2C2=NNC(=S)N[C@@]12O,0,0.172255,0.133419,0.101844
CC(C)NCC(O)COc1cccc2[nH]c3ccccc3c12,0,0.220495,0.300270,0.162299
C[C@H]1CN([C@@H](C)CO)C(=O)c2cc(ccc2O[C@H]1CN(C)C(=O)Nc1ccc2c(c1)OCO2)NC(=O)CCCN(C)C,0,0.012912,0.021412,0.003639
C[C@@H]1CCCCO[C@H](CN(C)C(=O)C2CCCCC2)[C@@H](C)CN([C@H](C)CO)C(=O)c2cc(ccc2O1)NC(=O)c1ccncc1,0,0.002523,0.024272,0.002483
COc1ccc(cc1)S(=O)(=O)Nc1ccc2c(c1)C(=O)N(C[C@@H](C)[C@@H](CN(C)S(=O)(=O)c1cn(cn1)C)OCCCC[C@H](C)O2)[C@@H](C)CO,0,0.005289,0.024539,0.003501
C[C@@H]1CCCCO[C@@H](CN(C)S(=O)(=O)c2cccs2)[C@H](C)CN([C@H](C)CO)C(=O)c2cc(ccc2O1)NC(=O)Nc1ccc(cc1)F,0,0.010894,0.024338,0.003036
C[C@@H]1CN([C@@H](C)CO)C(=O)c2cccc(c2O[C@@H]1CN(C)S(=O)(=O)c1cn(cn1)C)NC(=O)c1ccc(cc1)-c1nccs1,0,0.015177,0.023901,0.002683
O[C@@H]1COC[C@H]2O[C@H](CC[C@@H]2N(C1)S(=O)(=O)c1cccc(c1)Cl)CC(=O)NCCCN1CCOCC1,0,0.392742,0.045126,0.029598
C[C@H]1CN([C@H](C)CO)C(=O)c2cccc(c2O[C@@H]1CN(C)S(=O)(=O)c1ccc(cc1)C)NC(=O)C1CC1,0,0.027262,0.026005,0.004770
COc1ccccc1[C@@H](NC(=O)C1CCN(CCOc2ccc(cc2Cl)Cl)CC1)c1ccccn1,0,0.821715,0.917390,0.950381
C[C@H]1CCCCO[C@H](CN(C)C(=O)CCC(F)(F)F)[C@@H](C)CN([C@H](C)CO)C(=O)c2cc(ccc2O1)NC(=O)NC1CCCCC1,0,0.068929,0.136363,0.050281
CNS(=O)(=O)c1ccc(c(c1)C(=O)N)Cl,0,0.316165,0.051828,0.010243
C[C@H]1CN([C@@H](C)CO)C(=O)Cc2cc(ccc2O[C@H]1CN(C)S(=O)(=O)c1ccccc1C)NC(=O)Nc1cc(cc(c1)Cl)Cl,0,0.057692,0.031838,0.004372
COc1ccc(cc1)S(=O)(=O)N(C)C[C@@H]1Oc2ccc(cc2CC(=O)N(C[C@@H]1C)[C@H](C)CO)NC(=O)C1CC1,0,0.008060,0.026548,0.005234
C[C@@H]1CN([C@@H](C)CO)C(=O)c2cc(ccc2O[C@@H]1CN(C)S(=O)(=O)c1c(noc1C)C)NS(=O)(=O)c1ccc(cc1)Cl,0,0.025839,0.026104,0.005250
C[C@@H]1CCCCO[C@@H](CN(C)C(=O)Nc2ccc3c(c2)OCO3)[C@H](C)CN([C@H](C)CO)C(=O)c2cc(ccc2O1)NS(=O)(=O)c1ccc(cc1)F,0,0.006960,0.023763,0.003089
CC(C)NC(=O)Nc1ccc2c(c1)C(=O)N(C[C@@H](C)[C@@H](CN(C)Cc1ccc(cc1)C(F)(F)F)OCCCC[C@@H](C)O2)[C@H](C)CO,0,0.389410,0.065961,0.034281
O[C@H]1COC[C@@H]2O[C@@H](CC[C@H]2N(C1)C(=O)Nc1ccc(cc1)Cl)CC(=O)NC1Cc2ccccc2C1,0,0.796970,0.442595,0.397841
O=C(COc1ccc(cc1)S(=O)(=O)N1CCOCC1)N1CCOCC1,0,0.001780,0.027995,0.011622
C[C@@H]1CN([C@H](C)CO)C(=O)c2cc(ccc2O[C@@H]1CN(C)C(=O)Nc1ccccc1)NS(=O)(=O)c1cn(cn1)C,0,0.046799,0.023455,0.003397
OC(=O)COCC(=O)NCc1ccco1,0,0.010858,0.060712,0.113227
C[C@@H]1CCCCO[C@@H](CN(C)Cc2ccc(cc2)C(F)(F)F)[C@@H](C)CN([C@H](C)CO)C(=O)c2cc(ccc2O1)NS(=O)(=O)C,0,0.114372,0.026044,0.005527
C[C@@H]1CN([C@@H](C)CO)C(=O)CCCn2cc(nn2)CO[C@H]1CN(C)S(=O)(=O)c1ccc(nc1)Oc1ccccc1,0,0.001871,0.024205,0.004157
C[C@H]1CN([C@@H](C)CO)C(=O)c2cc(ccc2O[C@H]1CN(C)S(=O)(=O)c1ccccc1)NC(=O)c1ccncc1,0,0.002307,0.023777,0.002897
C[C@H]1CN([C@@H](C)CO)C(=O)c2cccc(c2O[C@H]1CN(C)CC1CC1)NS(=O)(=O)c1ccccc1,0,0.021203,0.024462,0.005728
NC(=O)c1cccc(c1)S(=O)(=O)N,0,0.000008,0.052186,0.009724
C[C@H]1CN([C@@H](C)CO)C(=O)c2cc(ccc2O[C@@H]1CN(C)S(=O)(=O)c1cn(cn1)C)NC(=O)Nc1c(noc1C)C,0,0.046794,0.025654,0.005365
COc1ccc(cc1)NC(=O)Nc1cccc2c1O[C@@H](CN(C)C(=O)Nc1cccc3ccccc13)[C@@H](C)CN([C@@H](C)CO)C2=O,0,0.027598,0.021638,0.005448
C[C@@H]1CN([C@H](C)CO)S(=O)(=O)c2ccc(cc2O[C@H]1CN(C)C(=O)Cc1ccccn1)Br,0,0.028077,0.028585,0.006388
C[C@@H]1CN([C@H](C)CO)C(=O)c2cc(ccc2O[C@H]1CN(C)C(=O)Nc1cccc2ccccc12)NC(=O)Nc1cccc2ccccc12,0,0.007238,0.023704,0.005237
Nc1cncc(n1)Cl,0,0.382491,0.089552,0.070427
C[C@H]1CCCCO[C@H](CN(C)S(=O)(=O)c2ccc(cc2)C)[C@H](C)CN([C@@H](C)CO)C(=O)c2cc(ccc2O1)NC(=O)Nc1ccc(cc1)F,0,0.030899,0.023789,0.002758
C[C@@H]1CN([C@@H](C)CO)C(=O)c2cc(ccc2O[C@H]1CN(C)C(=O)Nc1ccc2c(c1)OCO2)NC(=O)c1ccncc1,0,0.003208,0.022571,0.003441
CO[C@@H]1[C@H](O)[C@@H](CO)O[C@H]1N1C=C(C)C(=NC1=O)N,0,0.566536,0.161805,0.096520
C[C@@H]1CCCCO[C@H](CN(C)C(=O)CCC(F)(F)F)[C@H](C)CN([C@@H](C)CO)C(=O)c2cc(ccc2O1)NC(=O)Cc1ccccc1,0,0.022368,0.016412,0.007551
Oc1ccc(cc1)Oc1ccccc1,0,0.236445,0.240212,0.199617
COc1ccc(cn1)-c1cc2c(c(n1)CCc1ccccc1)[Si](O[C@H]2c1ccccc1)(C(C)C)C(C)C,0,0.530827,0.814790,0.873856
C[C@@H]1CN([C@H](C)CO)C(=O)c2cccc(c2O[C@@H]1CN(C)C(=O)NC1CCCCC1)NC(=O)C1CC1,0,0.031648,0.033159,0.011824
O[C@H]1[C@H](O)[C@H]2CO[C@@H](O2)[C@@H]1O,0,0.020581,0.213101,0.061969
O=c1ccc2ccc(O)cc2o1,0,0.196121,0.287816,0.233791
O[C@H]1COC[C@@H]2O[C@H](CC[C@H]2N(C1)C(=O)c1ccccn1)CC(=O)NC1CCC1,0,0.040001,0.040329,0.015854
OC(=O)C/C(=C\C(=O)O)C(=O)O,0,0.127844,0.130282,0.058224
C[C@@H]1CN([C@@H](C)CO)S(=O)(=O)c2ccc(cc2O[C@@H]1CN(C)S(=O)(=O)c1cn(cn1)C)Br,0,0.055318,0.026765,0.005393
Cc1cccc(C)c1NC(=O)c1ccccc1C(=O)O,0,0.928108,0.196355,0.189067
C[C@H]1CN([C@H](C)CO)C(=O)c2cccc(c2O[C@H]1CN(C)Cc1ccc(cc1)Oc1ccccc1)NC(=O)Nc1ccc(cc1)F,0,0.072145,0.032138,0.016171
CNC[C@@H]1Oc2cc(ccc2S(=O)(=O)N(C[C@H]1C)[C@H](C)CO)C#CC(C)(C)O,0,0.061427,0.142514,0.007244
Cc1cc(n(n1)C)NC(=O)CCCC(=O)O,0,0.047643,0.031682,0.026663
COCC(=O)N1C[C@H](C)[C@H](CN(C)C(=O)c2ccc(cc2OC[C@H]1C)NC(=O)c1cc(on1)C)OC,0,0.016021,0.023834,0.005807
NCc1ccoc1,0,0.040320,0.078647,0.041180
Oc1cc(O)c2c(c1)OC(c1ccc(O)c(O)c1)C(O)C2,0,0.584333,0.131390,0.100158
C[C@@H]1CN([C@H](C)CO)C(=O)Cc2cc(ccc2O[C@@H]1CN(C)Cc1ccc2c(c1)OCO2)NS(=O)(=O)C,0,0.002894,0.024996,0.004785
CN(C)Cc1c([nH]c2ccccc12)C,0,0.546075,0.071562,0.046381
C[C@H]1CN([C@H](C)CO)C(=O)c2cccc(c2O[C@H]1CN(C)S(=O)(=O)c1ccccc1)NS(=O)(=O)c1c(noc1C)C,0,0.008497,0.031033,0.005516
ONC(=O)CCCCCNC(=O)OCc1ccc(cc1)CO[C@H]1C[C@H](C=C(O1)C(=O)N1CCN(CC1)Cc1ccccc1)C1CCCCC1,0,0.000130,0.191242,0.093039
C[C@H]1CN([C@H](C)CO)C(=O)c2cccc(c2O[C@@H]1CN(C)Cc1ccc(cc1)C(=O)O)NS(=O)(=O)C,0,0.083151,0.028366,0.004821
C[C@@H]1CN([C@@H](C)CO)C(=O)c2cc(ccc2O[C@@H]1CN(C)S(=O)(=O)c1ccc(cc1)C)NS(=O)(=O)c1ccccc1,0,0.004441,0.024919,0.004552
C[C@H]1CN([C@H](C)CO)C(=O)Cc2cc(ccc2O[C@H]1CN(C)CC1CC1)NS(=O)(=O)c1ccccc1,0,0.009826,0.028892,0.005026
C[C@@H]1CN([C@H](C)CO)C(=O)c2cc(ccc2O[C@H]1CN(C)C(=O)Nc1ccccc1)NS(=O)(=O)c1c(noc1C)C,0,0.025401,0.023400,0.004876
CC(=O)NCCCC[C@@H]1NC(=O)[C@H]2C[C@H]([C@H](N2C1=O)c1ccc(cc1)O)C(=O)NCCCCCNC(=O)CS,0,0.000004,0.106085,0.215070
C[C@@H]1CN([C@H](C)CO)C(=O)c2c(c3ccccc3n2C)-c2ccccc2CO[C@@H]1CN(C)C(=O)Nc1ccccc1C(F)(F)F,0,0.625253,0.079897,0.069520
C[C@@H]1CCCCO[C@H](CN(C)C(=O)c2ccccc2)[C@H](C)CN([C@H](C)CO)C(=O)c2cc(ccc2O1)NS(=O)(=O)c1ccc(cc1)C,0,0.001455,0.023732,0.002497
COCCCNC(=O)[C@]1(CC(=O)N(Cc2ccccc2C(F)(F)F)[C@@H]1c1ccc(cc1I)CO)Sc1ccc(cc1)C,0,0.943981,0.181032,0.065187
COc1ccc(cc1)S(=O)(=O)N(C)C[C@H]1Oc2c(cccc2C(=O)N(C[C@@H]1C)[C@@H](C)CO)NS(=O)(=O)c1cccs1,0,0.006981,0.025148,0.004677
NCC(=O)Nc1nccs1,0,0.313438,0.047788,0.028246
C[C@@H]1CN([C@H](C)CO)S(=O)(=O)c2ccc(cc2O[C@H]1CN(C)C(=O)CN(C)C)-c1ccc(cc1)C#N,0,0.017587,0.196534,0.016431
OC[C@@H]1O[C@@H](CC(=O)NC2CCCCC2)C=C[C@@H]1NC(=O)CN1CCOCC1,0,0.032954,0.026300,0.017187
O=C1CSC(=S)N1,0,0.416714,0.109003,0.034767
C[C@@H]1CN([C@@H](C)CO)C(=O)Cc2cc(ccc2O[C@@H]1CN(C)C(=O)Nc1cccc2ccccc12)NC(=O)CCCCCC(=O)Nc1ccccc1N,0,0.002829,0.020456,0.002411
CC1(C)CC(CC(C)(C)N1)NC(=O)c1ccc(c(c1)S(=O)(=O)N(Cc1ccccc1)c1ccccc1)Cl,0,0.348003,0.183107,0.086478
C[C@@H]1CCCCO[C@H](CN(C)C(=O)Cc2ccccc2)[C@H](C)CN([C@@H](C)CO)C(=O)c2cc(ccc2O1)NC(=O)C1CCCCC1,0,0.002081,0.024019,0.003090
CO[C@H]1CN(C)C(=O)c2cc(ccc2OC[C@H](C)N(C[C@@H]1C)C(=O)C1CCCCC1)NS(=O)(=O)C,0,0.010366,0.039743,0.005800
C[C@H](NC(=O)C[C@H]1O[C@@H](CO)[C@@H](NC(=O)CN2CCOCC2)C=C1)c1ccccc1,0,0.047951,0.023344,0.014401
Oc1ccc2ccccc2c1,0,0.120169,0.404889,0.155713
C[C@@H]1CCCCO[C@H](CN(C)CC2CCCCC2)[C@@H](C)CN([C@H](C)CO)C(=O)c2cc(ccc2O1)NC(=O)CCC(F)(F)F,0,0.320472,0.199007,0.089733
C[C@@H]1CN([C@H](C)CO)S(=O)(=O)c2ccc(cc2O[C@@H]1CN(C)S(=O)(=O)c1ccc(cc1)F)C#Cc1ccncc1,0,0.034493,0.032068,0.005581
COc1ccc(cc1)NC(=O)N(C)C[C@@H]1OCCCC[C@@H](C)Oc2ccc(cc2C(=O)N(C[C@H]1C)[C@@H](C)CO)NC(=O)Nc1ccc2c(c1)OCO2,0,0.006262,0.021993,0.002172
COc1ccc(cc1)S(=O)(=O)N(C)C[C@@H]1OCCCC[C@@H](C)Oc2ccc(cc2C(=O)N(C[C@@H]1C)[C@H](C)CO)NS(=O)(=O)c1ccc(cc1)Cl,0,0.007142,0.026633,0.004011
C[C@@H]1CCCCO[C@H](CN(C)C(=O)Nc2ccc3c(c2)OCO3)[C@@H](C)CN([C@H](C)CO)C(=O)c2cc(ccc2O1)NC(=O)Nc1ccc2c(c1)OCO2,0,0.001691,0.024302,0.002678
COc1ccc(cc1)S(=O)(=O)N(C)C[C@@H]1OCCCC[C@@H](C)Oc2ccc(cc2C(=O)N(C[C@H]1C)[C@H](C)CO)NC(=O)C1CCCCC1,0,0.005102,0.025067,0.003313
C[C@H]1CCCCO[C@H](CN(C)C(=O)Nc2ccc3c(c2)OCO3)[C@@H](C)CN([C@@H](C)CO)C(=O)c2cc(ccc2O1)NC(=O)CCC(F)(F)F,0,0.055622,0.015679,0.009047
C[C@@H]1CCCCO[C@H](CN(C)S(=O)(=O)c2cccs2)[C@H](C)CN([C@H](C)CO)C(=O)c2cc(ccc2O1)NC(=O)NC1CCCCC1,0,0.003639,0.024008,0.002632
OC[C@@H]1O[C@H](CCNC(=O)CN2CCOCC2)CC[C@H]1NC(=O)c1ccccc1F,0,0.060654,0.041786,0.031774
C[C@H]1CCCCO[C@H](CN(C)Cc2ccccc2)[C@@H](C)CN([C@@H](C)CO)C(=O)c2cc(ccc2O1)NC(=O)NC1CCCCC1,0,0.035391,0.023502,0.006211
OC[C@H]1O[C@@H](C[C@H]2[C@@H]1Oc1ccc(cc12)NS(=O)(=O)c1ccc(cc1)F)CC(=O)NCc1ccccc1,0,0.020076,0.033916,0.012702
COc1ccc(cc1)NC(=O)N(C)C[C@@H]1OCCCC[C@@H](C)Oc2ccc(cc2C(=O)N(C[C@@H]1C)[C@@H](C)CO)NS(=O)(=O)c1ccc(cc1)Cl,0,0.012920,0.025479,0.002862
C[C@H]1CN([C@@H](C)CO)C(=O)c2cc(ccc2O[C@@H]1CN(C)S(=O)(=O)c1ccc(cc1)F)NC(=O)Nc1cccc2ccccc12,0,0.027638,0.026900,0.003790
CCN(CC)c1ccc(cn1)CN,0,0.149851,0.047357,0.019613
C[C@H]1CCCCO[C@@H](CN(C)C(=O)C2CCCCC2)[C@@H](C)CN([C@@H](C)CO)C(=O)c2cc(ccc2O1)NC(=O)Nc1c(noc1C)C,0,0.049667,0.025290,0.003769
F[C@H]1CCNC1,0,0.016707,0.024401,0.016231
COc1cccc(c1)-c1ccc2c(c1)O[C@@H](CN(C)Cc1cncnc1)[C@H](C)CN([C@H](C)CO)S2(=O)=O,0,0.033101,0.028049,0.005479
COc1ccc(cc1)NC(=O)Nc1ccc2c(c1)C(=O)N(C[C@@H](C)[C@H](CN(C)S(=O)(=O)c1ccc(cc1)C)OCCCC[C@H](C)O2)[C@H](C)CO,0,0.007507,0.023792,0.002779
C[C@@H]1CCCCO[C@H](CN(C)C(=O)CCCN(C)C)[C@@H](C)CN([C@@H](C)CO)C(=O)c2cc(ccc2O1)NC(=O)Nc1cccc2ccccc12,0,0.023648,0.024255,0.002299
C[C@@H]1CCCCO[C@@H](CN(C)Cc2ccncc2)[C@@H](C)CN([C@H](C)CO)C(=O)c2cc(ccc2O1)NC(=O)c1ccccc1,0,0.003253,0.022166,0.002859
CN(C)CCCNC(=O)C[C@H]1O[C@H](CO)[C@H](NS(=O)(=O)c2ccccc2)C=C1,0,0.062797,0.027742,0.011421
C[C@H]1CN([C@H](C)CO)C(=O)c2cc(ccc2O[C@H]1CN(C)Cc1ccc(c(c1)Cl)Cl)NC(=O)Cn1cnnn1,0,0.210353,0.044489,0.018530
CC1=C(C)C(=O)N2[C@@H](CSC2=N1)CC(=O)O,0,0.133169,0.095817,0.144599
O[C@H]1COC[C@H]2O[C@@H](CC[C@@H]2N(C1)C(=O)c1cccnc1)CC(=O)NCC1CC1,0,0.153720,0.046147,0.015350
CN(C)CCCNC(=O)C[C@@H]1CC[C@@H]2[C@H](COc3ccc(cc3C(=O)N2C)NC(=O)NC2CCCC2)O1,0,0.094618,0.026642,0.007882
NCC[C@H]1CC[C@H](NC(=O)C2CCCCC2)[C@H](CO)O1,0,0.134145,0.032093,0.013686
CCS(=O)(=O)N1C[C@]2(CCN(CC2)S(=O)(=O)c2cn(cn2)C)c2c(n(c3cc(ccc23)OC)C)[C@H]1CO,0,0.015739,0.024949,0.007550
OC[C@H]1O[C@@H](O[C@@H]2OC=C3[C@@H](CCOC3=O)[C@H]2C=C)[C@H](O)[C@@H](O)[C@@H]1O,0,0.531682,0.331363,0.244542
COC(=O)[C@@]1(Cc2ccccc2N=[N+]=[N-])N=C(O[C@H]1c1ccccc1N=[N+]=[N-])c1ccc(cc1)OCCCO,0,0.662691,0.103912,0.044094
COc1ccc(cc1)C#Cc1ccc2c(c1)O[C@H](CN(C)C(=O)c1ccccn1)[C@H](C)CN([C@H](C)CO)S2(=O)=O,0,0.009813,0.024098,0.003726
CN1CCC[C@H]1CCO,0,0.006838,0.039446,0.011111
OC[C@@H]1O[C@H](CC(=O)NCCCN2CCOCC2)C=C[C@H]1NC(=O)C1CCC1,0,0.076375,0.020660,0.009522
NCC(=O)CCC(=O)O,0,0.103409,0.062038,0.019265
CN(C)C(=O)CN1CCC2(CC1)CN(CCn1cccn1)C(=O)CO2,0,0.054554,0.056035,0.011627
CCC(C)(C)C(=O)C(=O)N1CCCC[C@H]1C(=O)O[C@H](CCc1ccc(c(c1)OC)OC)c1ccc(cc1)NC(=O)C=C,0,0.447748,0.071920,0.072452
C[C@@H]1CN([C@@H](C)CO)C(=O)Cc2cc(ccc2O[C@@H]1CN(C)Cc1ccc(cc1)-c1ccccc1)NC(=O)Nc1ccc(cc1)F,0,0.210184,0.026624,0.008264
CCN1CCN(CC1)C(=O)CN1C(=O)c2ccccc2S1(=O)=O,0,0.016690,0.045881,0.014313
CN1CCN(c2cc3c(cc2F)c(=O)c(C(=O)O)cn3-c2ccc(F)cc2)CC1.Cl,1,0.995186,0.915923,0.950392
COC(=O)c1c(oc(c1C(=O)OC)C(=O)C)CC[C@@H](CO)NC(=O)N[C@@H](C)Cn1cc(nn1)C1(O)CCCCC1,0,0.459562,0.609396,0.363179
CCCC(=O)Nc1ccc2c(c1)OC[C@@H](C)N(C[C@H](C)[C@H](CN(C)C2=O)OC)Cc1ccc(cc1)-c1ccccn1,0,0.011247,0.034041,0.012433
C[C@H]1CN([C@@H](C)CO)C(=O)c2cc(ccc2O[C@@H]1CN(C)S(=O)(=O)c1cn(cn1)C)NC(=O)Cc1cn(c2ccccc12)C,0,0.012993,0.023555,0.002839
COc1ccc(cc1)C#Cc1ccc2c(c1)[C@]1([C@H]([C@H]3N([C@@H]([C@@H](OC3=O)c3ccccc3)c3ccccc3)[C@H]1c1ccc(cc1)O)C(=O)N1CCN(CC1)c1ncccn1)C(=O)N2,0,0.010126,0.091060,0.019510
COCC(=O)N1C[C@@H](C)[C@H](CN(C)C(=O)c2cc(ccc2OC[C@@H]1C)NC(=O)Nc1ccccc1)OC,0,0.019740,0.025593,0.006901
O[C@H]1COC[C@H]2O[C@@H](CC[C@@H]2N(C1)S(=O)(=O)c1ccccc1)CC(=O)NCCN1CCCC1,0,0.239690,0.043716,0.013785
CN1[C@@H](c2ccccc2)S(=O)(=O)CC1=O,0,0.097689,0.261191,0.093829
CN1C=C(C(=O)OCCS(=O)(=O)C)C(=CC(=C[C@@H]1C1CC1)CCCO)C(=O)OCCS(=O)(=O)C,0,0.725298,0.521837,0.608334
C[C@H]1CCCCO[C@@H](CN(C)S(=O)(=O)c2ccc(cc2)C)[C@H](C)CN([C@@H](C)CO)C(=O)c2cc(ccc2O1)NS(=O)(=O)c1ccc(cc1)C,0,0.003271,0.025900,0.003034
CC(C)NC(=O)N(C)C[C@@H]1Oc2c(cccc2C(=O)N(C[C@@H]1C)[C@@H](C)CO)NS(=O)(=O)c1ccc(cc1)F,0,0.079999,0.028033,0.010690
CCOC(=O)C1=C(C)NC(C)=C(C(=O)OC)C1c1cccc([N+](=O)[O-])c1,0,0.000264,0.535429,0.403744
CC(C)NC(=O)Nc1cccc2c1O[C@H](CN(C)S(=O)(=O)c1ccccc1)[C@@H](C)CN([C@H](C)CO)C2=O,0,0.028718,0.028044,0.006753
CN(C)CCCNC(=O)C[C@H]1CC[C@@H]2[C@H](COc3ccc(cc3C(=O)N2C)NS(=O)(=O)C)O1,0,0.017139,0.022669,0.005408
C[C@@H]1CCCCO[C@@H](CN(C)C(=O)Nc2cccc3ccccc23)[C@@H](C)CN([C@@H](C)CO)C(=O)c2cc(ccc2O1)NC(=O)c1ccccc1,0,0.002334,0.021397,0.002160
C[C@@H]1CN([C@H](C)CO)C(=O)c2cc(ccc2O[C@@H]1CN(C)Cc1ccc(cc1)C(=O)O)NS(=O)(=O)C,0,0.046965,0.030206,0.007408
C[C@@H]1CN([C@@H](C)CO)C(=O)Cc2cc(ccc2O[C@H]1CN(C)S(=O)(=O)c1ccccc1)NC(=O)CCCN(C)C,0,0.003889,0.023610,0.004671
OC(=O)CC[C@H](NC(=O)CCN1N=Nc2ccccc2C1=O)C(=O)O,0,0.476601,0.269074,0.275800
CO[C@@H]1CN(C)C(=O)c2ccc(cc2OC[C@@H](C)N(C[C@@H]1C)C(=O)NC(C)C)NS(=O)(=O)c1ccccc1,0,0.004913,0.028132,0.007241
C[C@@H]1CN([C@H](C)CO)C(=O)Cc2cc(ccc2O[C@H]1CN(C)CC1CC1)NS(=O)(=O)c1ccc(cc1)C,0,0.016709,0.028199,0.005431
C[C@H]1CCCCO[C@@H](CN(C)C(=O)Nc2ccc(cc2)C(F)(F)F)[C@@H](C)CN([C@@H](C)CO)C(=O)c2cc(ccc2O1)NS(=O)(=O)C,0,0.207113,0.055349,0.015574
C[C@H]1CN([C@@H](C)CO)S(=O)(=O)c2ccc(cc2O[C@H]1CN(C)C(=O)C1CCOCC1)C#Cc1ccncc1,0,0.021581,0.029743,0.004636
CN(C)CCCNC(=O)C[C@@H]1CC[C@H]2[C@@H](COc3ccc(cc3C(=O)N2C)NC(=O)c2ccccc2F)O1,0,0.086575,0.030907,0.013679
C[C@H]1CN([C@H](C)CO)C(=O)c2cccc(c2O[C@@H]1CN(C)Cc1ccc(cc1)-c1ccccc1)NS(=O)(=O)c1ccccc1,0,0.013225,0.028023,0.004901
CN(C)C(=O)C[C@@H]1O[C@H](CO)[C@H](NC(=O)C2CC2)C=C1,0,0.073713,0.030875,0.007275
C[C@H]1CCCCO[C@@H](CN(C)C(=O)Nc2ccc(cc2)F)[C@@H](C)CN([C@H](C)CO)C(=O)c2cc(ccc2O1)NS(=O)(=O)c1ccc(cc1)Cl,0,0.087689,0.025655,0.004029
ONC(=O)CCCCCNC(=O)OCc1ccc(cc1)CO[C@@H]1C[C@@H](C=C(O1)C(=O)N1CCN(CC1)Cc1ccccc1)c1ccc(cc1)Br,0,0.000190,0.137142,0.037437
Nc1nc(nc2n(cnc12)[C@H]1C[C@H](O)[C@@H](CO)O1)Cl,0,0.301585,0.136605,0.079334
C[C@@H]1CN([C@H](C)CO)S(=O)(=O)c2ccc(cc2O[C@@H]1CN(C)C(=O)C1CCCCC1)C#CC1CC1,0,0.068210,0.027773,0.006100
COc1ccc(c(c1)OC)[C@H]1CC=CC[C@@H](C)Oc2ccccc2C(=O)N(C)[C@H](Cc2ccccc2)C(=O)N1,0,0.048411,0.044349,0.032214
COc1ccc(cc1)S(=O)(=O)N(C)C[C@@H]1Oc2ccc(cc2CC(=O)N(C[C@H]1C)[C@H](C)CO)NC(=O)CCC(F)(F)F,0,0.028915,0.042857,0.009731
C[C@@H]1CN([C@@H](C)CO)C(=O)Cc2cc(ccc2O[C@@H]1CN(C)C(=O)Nc1cccc2ccccc12)NC(=O)Nc1ccc(cc1)C(F)(F)F,0,0.178411,0.030295,0.012464
CCC1NC(=O)c2cc(S(N)(=O)=O)c(Cl)cc2N1,0,0.000021,0.030526,0.015498
COc1ccc(cc1)NC(=O)N(C)C[C@@H]1OCCCC[C@H](C)Oc2ccc(cc2C(=O)N(C[C@@H]1C)[C@@H](C)CO)NS(=O)(=O)c1ccccc1,0,0.002479,0.023680,0.002632
CN(C)C(=O)CN1C[C@@H]2CCN(CC[C@H]2S1(=O)=O)C(=O)[C@H]1CCCO1,0,0.001794,0.051385,0.009556
C[C@@H]1CN([C@H](C)CO)C(=O)Cc2cc(ccc2O[C@@H]1CN(C)S(=O)(=O)C)NC(=O)CCCCCC(=O)Nc1ccccc1N,0,0.001534,0.023459,0.003307
OC[C@@H]1[C@H]2CN3C(=O)C=CC=C3[C@@H]([C@H]1C(=O)NCc1ccc(cc1)F)N2C(=O)c1cnccn1,0,0.151734,0.044715,0.022577
O=C(CSc1nnc(n1C1CCCCC1)-c1ccccc1)Nc1ccc(cc1)S(=O)(=O)Nc1ccccn1,0,0.331386,0.527432,0.487468
C[C@H]1CN([C@@H](C)CO)C(=O)c2cc(ccc2O[C@@H]1CN(C)Cc1ccc(c(c1)Cl)Cl)NC(=O)CCC(F)(F)F,0,0.724142,0.111429,0.113735
Cc1ccccc1NC(=O)CCCCCCCCC=C,0,0.565044,0.228095,0.150665
C[C@@H]1CCCCO[C@H](CN(C)C(=O)Nc2ccccc2)[C@H](C)CN([C@H](C)CO)C(=O)c2cc(ccc2O1)NC(=O)Nc1ccccc1,0,0.007058,0.021795,0.002715
C[C@@H]1CN([C@H](C)CO)S(=O)(=O)c2ccc(cc2O[C@H]1CN(C)C(=O)Nc1ccccc1)Br,0,0.110771,0.030819,0.007932
COCC(=O)N(C)C[C@H]1Oc2cc(ccc2S(=O)(=O)N(C[C@H]1C)[C@@H](C)CO)C#CC(C)(C)O,0,0.028885,0.136432,0.008805
C[C@H]1CCCCO[C@@H](CN(C)C)[C@@H](C)CN([C@@H](C)CO)C(=O)c2cc(ccc2O1)NC(=O)Nc1cccc2ccccc12,0,0.048737,0.029138,0.011862
C[C@H]1CN([C@H](C)CO)C(=O)c2cccc(c2O[C@H]1CN(C)S(=O)(=O)c1cn(cn1)C)NC(=O)c1cc(nn1C)C,0,0.019136,0.023550,0.004441
OC[C@H]1[C@@H]2CN3C(=O)C=CC=C3[C@H]([C@@H]1C(=O)NCCN1CCCC1)N2C(=O)c1ccccc1,0,0.032797,0.038140,0.012982
Nc1nc(cc[n+]1[O-])-c1ccccc1,0,0.830633,0.402414,0.247779
C[C@@H]1CCCCO[C@H](CN(C)S(=O)(=O)c2c(noc2C)C)[C@@H](C)CN([C@H](C)CO)C(=O)c2cc(ccc2O1)NS(=O)(=O)C,0,0.005788,0.024535,0.003130
CCS(=O)(=O)N1CC[C@]2(CC1)CN([C@H](CO)c1c2c2ccc(cc2n1C)OC)S(=O)(=O)c1ccccc1,0,0.002262,0.032460,0.011212
COc1cccc(c1)S(=O)(=O)N1C[C@@H](O)COC[C@H]2O[C@H](CC[C@@H]21)CC(=O)N1CCN(C)CC1,0,0.190018,0.043878,0.011926
OC[C@@H]1O[C@@H](CC[C@H]1NC(=O)C1CCOCC1)CCn1cc(nn1)C1(O)CCCC1,0,0.736338,0.426939,0.166556
C[C@@H](O)C#Cc1ccc2c(c1)O[C@@H](CN(C)C)[C@@H](C)CN([C@@H](C)CO)S2(=O)=O,0,0.057580,0.032322,0.009199
COc1ccc(cc1)S(=O)(=O)N(C)C[C@H]1OCCCC[C@@H](C)Oc2ccc(cc2C(=O)N(C[C@@H]1C)[C@@H](C)CO)NC(=O)Nc1ccccc1,0,0.005807,0.023818,0.002494
C[C@@H]1CN([C@@H](C)CO)C(=O)Cc2cc(ccc2O[C@H]1CN(C)S(=O)(=O)c1ccc(cc1)C)NC(=O)CCCN(C)C,0,0.009679,0.023246,0.004278
C[C@H]1CN([C@@H](C)CO)C(=O)c2cc(cnc2O[C@H]1CN(C)C(=O)c1ccc2c(c1)OCO2)C#CCN(C)C,0,0.019758,0.022289,0.003652
C[n+]1cccc(c1)C(=O)O,0,0.313920,0.134289,0.030839
C[C@H]1CCCCO[C@@H](CN(C)Cc2ccc(c(c2)Cl)Cl)[C@H](C)CN([C@@H](C)CO)C(=O)c2cc(ccc2O1)NC(=O)NC1CCCCC1,0,0.233535,0.031349,0.004682
CN1[C@H]2CC[C@@H](CC(=O)N3CCOCC3)O[C@H]2COc2ccc(cc2C1=O)NC(=O)c1ccc(cc1)F,0,0.004510,0.029370,0.013582
C[C@H]1CN([C@@H](C)CO)C(=O)c2cccc(c2O[C@@H]1CN(C)Cc1ccc(cc1)-c1ccccc1)NC(=O)Nc1ccc(cc1)C(F)(F)F,0,0.817090,0.077297,0.042911
CC(=O)O[C@@H]([C@@H]1CCCN1S(=O)(=O)c1ccccc1[N+](=O)[O-])C(=C)C1=CCN(C1)S(=O)(=O)c1ccc(cc1)C,0,0.071930,0.058345,0.025739
C[C@@H]1CN([C@H](C)CO)C(=O)c2cccc(c2O[C@@H]1CN(C)S(=O)(=O)c1ccc(cc1)Cl)NC(=O)C1CC1,0,0.061927,0.024576,0.005610
CCOC(=O)/C=C/C(=O)N1CCC=CC1=O,0,0.005288,0.076010,0.022616
C[C@H]1CCCCO[C@H](CN(C)CC2CC2)[C@@H](C)CN([C@H](C)CO)C(=O)c2cc(ccc2O1)NC(=O)Nc1ccccc1,0,0.097102,0.033990,0.017596
