smiles,label,LogReg_prob,HistGBM_prob,XGB_prob
O=S1(=O)CCOCC1,0,0.000747,0.028990,0.012270
C[C@H]1CN([C@H](C)CO)C(=O)c2cccc(c2O[C@H]1CN(C)S(=O)(=O)c1ccc(cc1)F)NC(=O)c1cc(nn1C)C,0,0.035054,0.018871,0.003538
C[C@H]1CCCCO[C@H](CN(C)S(=O)(=O)c2ccc(cc2)F)[C@@H](C)CN([C@H](C)CO)C(=O)c2cc(ccc2O1)NC(=O)C1CCCCC1,0,0.011653,0.017398,0.002591
CN1CC(=O)N2CCN(C[C@@H]2C1=O)C(=O)c1ccc2n[nH]nc2c1,0,0.014064,0.055633,0.017295
COc1ccc(cc1)S(=O)(=O)N(C)C[C@H]1OCCCC[C@@H](C)Oc2ccc(cc2C(=O)N(C[C@@H]1C)[C@@H](C)CO)NS(=O)(=O)c1cn(cn1)C,0,0.004413,0.018013,0.002390
CO[C@H]1/C=C\O[C@@]2(C)Oc3c(c(c4c(c3C2=O)[C@@]2(OCC(=O)O2)C=C(NC(=O)/C(=C\C=C/[C@@H](C)[C@@H](O)[C@@H](C)[C@@H](O)[C@@H](C)[C@@H](OC(=O)C)[C@@H]1C)C)C4=O)O)C,1,0.298445,0.816463,0.840151
Cc1ccc(cc1)-c1ccc(cc1)N,0,0.549098,0.147799,0.064153
C[C@@H]1CN([C@H](C)CO)C(=O)Cc2cc(ccc2O[C@@H]1CN(C)S(=O)(=O)c1ccccc1)NC(=O)Cc1ccccc1,0,0.000903,0.019416,0.003303
COc1ccc(cc1)S(=O)(=O)N(C)C[C@@H]1OCCCC[C@@H](C)Oc2ccc(cc2C(=O)N(C[C@H]1C)[C@H](C)CO)NC(=O)c1ccccc1,0,0.000867,0.017454,0.001710
COC(=O)[C@H](Cc1ccccc1)N1C[C@](C)(OC(C)C)O[C@@H](CCn2cc(nn2)COc2ccccc2/C=C(C)/C=C/C(=O)NO)[C@@H]1/C=C/C1CC1,0,0.605262,0.060597,0.030838
COc1ccc(cc1)NC(=O)Nc1ccc2c(c1)C(=O)N(C[C@@H](C)[C@@H](CN(C)Cc1ccc(c(c1)Cl)Cl)O2)[C@@H](C)CO,0,0.157520,0.020249,0.007506
C[C@H]1CN([C@H](C)CO)C(=O)Cc2cc(ccc2O[C@@H]1CN(C)Cc1ccc(cc1)Oc1ccccc1)NC(=O)NC1CCCCC1,0,0.017403,0.026934,0.003779
CO[C@@H]1CN(C)C(=O)c2cc(ccc2OC[C@@H](C)N(C[C@H]1C)Cc1ccc(cc1)OC)NC(=O)c1nc2ccccc2s1,0,0.004983,0.024689,0.005659
CN1[C@@H]2CC[C@H](CC(=O)N[C@@H]3CCN(C3)Cc3ccccc3)O[C@H]2COc2ccc(cc2C1=O)NC(=O)c1cnccn1,0,0.013962,0.022985,0.008880
OC[C@@H]1CN(CCN2CCOCC2)C[C@@H](O1)n1cnc2c(ncnc12)NC1CCC1,0,0.246414,0.105320,0.032228
C[C@H]1CN([C@H](C)CO)C(=O)CCCn2nncc2CO[C@H]1CN(C)S(=O)(=O)c1cccc(c1)C#N,0,0.000044,0.020123,0.003569
COc1ccc(cc1)S(=O)(=O)Nc1ccc2c(c1)C(=O)N(C[C@@H](C)[C@H](CN(C)S(=O)(=O)c1cn(cn1)C)OCCCC[C@@H](C)O2)[C@@H](C)CO,0,0.001962,0.018013,0.002599
C[C@@H]1CN([C@H](C)CO)C(=O)c2cc(cnc2O[C@@H]1CN(C)S(=O)(=O)c1ccc(cc1)F)Br,0,0.108089,0.020957,0.005484
CO[C@@H]1CN(C)C(=O)c2ccc(cc2OC[C@H](C)N(C[C@H]1C)C(=O)CN(C)C)NC(=O)Nc1ccccc1,0,0.035675,0.022825,0.005033
CCCNC(=O)C[C@H]1CC[C@H]2[C@@H](COc3ccc(cc3C(=O)N2C)NS(=O)(=O)c2ccccc2C)O1,0,0.004817,0.019611,0.004331
C[C@@H]1CCCCO[C@@H](CN(C)S(=O)(=O)c2cn(cn2)C)[C@@H](C)CN([C@H](C)CO)C(=O)c2cc(ccc2O1)NC(=O)Nc1cccc2ccccc12,0,0.005713,0.018999,0.002178
C[C@H]1CCCCO[C@@H](CN(C)C(=O)c2ccccc2)[C@H](C)CN([C@@H](C)CO)C(=O)c2cc(ccc2O1)NC(=O)C1CCCCC1,0,0.001612,0.016817,0.002449
C[C@H]1CCCCO[C@H](CN(C)C(=O)Nc2ccc3c(c2)OCO3)[C@@H](C)CN([C@@H](C)CO)C(=O)c2cc(ccc2O1)NS(=O)(=O)c1ccc(cc1)C,0,0.001670,0.018623,0.001831
Nc1nc(S)c2nc[nH]c2n1,0,0.000006,0.051512,0.012639
CC(=O)[C@@]12C=CCC[C@@H]1C[C@H](N2C(=O)c1nc(oc1C(F)(F)F)C)C(=O)Nc1c(cccc1Cl)C,0,0.996277,0.560803,0.554121
CC(C)(C)[S@](=O)N1Cc2cc(nc(c2[C@@H]1CCO)-c1cccc(c1)-c1cccnc1)C(=O)N[C@H]1CCN(C1)Cc1ccccc1,0,0.118526,0.110992,0.041655
CNC[C@@H]1Oc2ccc(cc2CC(=O)N(C[C@@H]1C)[C@H](C)CO)NC(=O)CCN1CCOCC1,0,0.006170,0.020599,0.004065
CN(C)C(=O)C[C@@H]1CC[C@@H]2[C@H](COC[C@@H](O)CN2S(=O)(=O)c2ccccc2)O1,0,0.060625,0.018187,0.007732
C[C@H]1CCCCO[C@@H](CN(C)S(=O)(=O)C)[C@@H](C)CN([C@H](C)CO)C(=O)c2cc(ccc2O1)NC(=O)Nc1cccc2ccccc12,0,0.010312,0.018854,0.002222
COc1ccc(cc1)NC(=O)N[C@@H]1CC[C@H](CCNC(=O)CN2CCOCC2)O[C@@H]1CO,0,0.014098,0.030257,0.008910
C[C@@H]1CN([C@H](C)CO)C(=O)c2cc(cnc2O[C@H]1CN(C)S(=O)(=O)C)C#CC1(O)CCCC1,0,0.010822,0.019566,0.004838
C[C@@H]1CN([C@@H](C)CO)C(=O)Cc2cc(ccc2O[C@H]1CN(C)Cc1ccccc1)NC(=O)CCCCCC(=O)Nc1ccccc1N,0,0.007152,0.018980,0.003142
C[C@H]1CCCCO[C@H](CN(C)Cc2ccc3c(c2)OCO3)[C@@H](C)CN([C@@H](C)CO)C(=O)c2cc(ccc2O1)NC(=O)Cc1ccccc1,0,0.003560,0.016457,0.003317
O=C(Cn1cnnn1)NC1C(=O)N2C(C(=O)O)=C(CSc3nncs3)CSC12,1,0.999750,0.961533,0.977848
COc1ccc(cc1)NC(=O)N(C)C[C@@H]1Oc2cc(ccc2S(=O)(=O)N(C[C@H]1C)[C@@H](C)CO)C#CCN(C)C,0,0.073424,0.025514,0.004035
Cn1cnc(c1)S(=O)(=O)N1C[C@H](O)COC[C@H]2O[C@@H](CC[C@@H]21)CC(=O)NCc1cccc(c1)F,0,0.408744,0.019273,0.009168
C[C@H]1CCCCO[C@H](CN(C)S(=O)(=O)c2ccccc2)[C@H](C)CN([C@@H](C)CO)C(=O)c2cc(ccc2O1)NC(=O)Nc1ccc(cc1)C(F)(F)F,0,0.087717,0.026840,0.004828
COc1ccc2c(c1)c(CC(=O)OCC(=O)O)c(C)n2C(=O)c1ccc(Cl)cc1,0,0.466433,0.411195,0.256659
CO[C@H]1CN(C)C(=O)c2ccc(cc2OC[C@H](C)N(C[C@@H]1C)S(=O)(=O)c1cn(cn1)C)NC(=O)C,0,0.005343,0.016794,0.002682
C[C@@H]1CN([C@@H](C)CO)C(=O)c2cc(cnc2O[C@H]1CN(C)S(=O)(=O)c1ccccc1F)C#Cc1ccncc1,0,0.032426,0.018122,0.002828
C[C@H]1CN([C@H](C)CO)C(=O)c2c(c3ccccc3n2C)-c2ccccc2CO[C@@H]1CN(C)C(=O)Nc1ccc(cc1)-c1ccccc1,0,0.022925,0.019386,0.003171
COc1ccccc1NC(=O)N(C)C[C@@H]1Oc2ncc(cc2C(=O)N(C[C@H]1C)[C@H](C)CO)Br,0,0.089616,0.029959,0.008027
CC(=O)Nc1ccc(S(=O)(=O)Nc2onc(C)c2C)cc1,0,0.051329,0.112344,0.024089
CCCC(=O)Nc1nc2n(n1)C(=O)C=C(C)N2,0,0.015504,0.033533,0.012034
Cl.N=C(N)NCCCC(N)C(=O)O,0,0.007656,0.110579,0.026079
COc1ccc(cc1)CN(C)C[C@H]1Oc2ccc(cc2CC(=O)N(C[C@@H]1C)[C@H](C)CO)NS(=O)(=O)c1cn(cn1)C,0,0.006260,0.017522,0.002324
C[C@H]1CCCCO[C@H](CN(C)Cc2ccc(cc2)C(=O)O)[C@@H](C)CN([C@H](C)CO)C(=O)c2cc(ccc2O1)NC(=O)CCC(F)(F)F,0,0.214872,0.023716,0.006892
CC(C)(CO)Nc1ncnc(c1[N+](=O)[O-])N,0,0.996499,0.292429,0.092508
CCS(=O)(=O)N[C@@H]1C=C[C@H](CC(=O)NCc2ccc(cc2)Cl)O[C@H]1CO,0,0.030389,0.032855,0.013413
C[C@H]1CCCCO[C@@H](CN(C)C(=O)Nc2ccc3c(c2)OCO3)[C@@H](C)CN([C@@H](C)CO)C(=O)c2cc(ccc2O1)NC(=O)C1CCCCC1,0,0.006932,0.016795,0.002448
CC(C)C[C@@H]1NC(=O)[C@@H]2C[C@@H]([C@@H](N2C1=O)c1cccc(c1)OCCO)C(=O)OCCOc1ccc(cc1)[C@H]1N2[C@@H]([C@@H](C(=O)OCC=C)[C@]11C(=O)Nc3ccccc31)C(=O)O[C@@H]([C@@H]2c1ccccc1)c1ccccc1,0,0.117700,0.020115,0.003597
C[C@H]1CN([C@@H](C)CO)C(=O)c2cc(ccc2O[C@@H]1CN(C)S(=O)(=O)c1ccccc1)NS(=O)(=O)c1ccc(cc1)C,0,0.003496,0.017704,0.002982
CC(C)C#Cc1ccc2c(c1)O[C@H](CN(C)C(=O)c1cnccn1)[C@@H](C)CN([C@@H](C)CO)S2(=O)=O,0,0.094723,0.018061,0.003078
C[C@H]1CN([C@@H](C)CO)C(=O)c2cc(ccc2O[C@H]1CN(C)Cc1ccc(cc1)C(=O)Nc1ccccc1N)NS(=O)(=O)C,0,0.017213,0.018378,0.002283
C[C@@H]1CCCCO[C@H](CN(C)C(=O)CCC(F)(F)F)[C@@H](C)CN([C@@H](C)CO)C(=O)c2cc(ccc2O1)NC(=O)Cc1ccccc1,0,0.019604,0.018550,0.010094
OC[C@@H]1O[C@H](CC(=O)NCCCN2CCOCC2)C=C[C@@H]1NC(=O)Cc1ccccn1,0,0.005765,0.023057,0.009578
COC(=O)c1c(oc(c1C(=O)OC)C(=O)C)CC[C@@H](CO)NC(=O)N[C@H](Cn1cc(nn1)C1(O)CCCCC1)C(C)C,0,0.718913,0.292975,0.226071
C[C@H]1CN([C@@H](C)CO)C(=O)Cc2cc(ccc2O[C@H]1CN(C)S(=O)(=O)c1ccc(cc1)C)NC(=O)CCN1CCOCC1,0,0.000742,0.017089,0.002191
COc1ccc(cc1)S(=O)(=O)Nc1ccc2c(c1)C(=O)N(C[C@H](C)[C@H](CN(C)CC1CCCCC1)OCCCC[C@H](C)O2)[C@H](C)CO,0,0.013497,0.019068,0.003372
COc1cccc(c1)C#Cc1ccc2c(c1)O[C@H](CN(C)C(=O)CN1CCOCC1)[C@@H](C)CN([C@H](C)CO)S2(=O)=O,0,0.010300,0.017055,0.002891
OCCN(Cc1ccccc1)C(=O)C[C@H]1CC=CCC[C@H](Cc2ccc(cc2)F)C(=O)OC[C@@H](Cc2c[nH]c3ccccc23)NC1=O,0,0.008910,0.057026,0.009090
C[C@H]1CCCCO[C@H](CN(C)C(=O)Nc2ccc(cc2)F)[C@@H](C)CN([C@@H](C)CO)C(=O)c2cc(ccc2O1)NC(=O)Nc1ccc2c(c1)OCO2,0,0.024209,0.016609,0.002260
COc1ccc(cc1)NC(=O)Nc1ccc2c(c1)C(=O)N(C[C@@H](C)[C@H](CN(C)Cc1ccc3c(c1)OCO3)OCCCC[C@@H](C)O2)[C@@H](C)CO,0,0.010122,0.016449,0.001932
NC(=O)c1cc2ccccc2nc1C(=O)N,0,0.060421,0.062546,0.032414
CO[C@H]1CN(C)C(=O)c2ccc(cc2OC[C@H](C)N(C[C@@H]1C)C(=O)CN(C)C)NC(=O)c1ccc(cc1)F,0,0.045995,0.020293,0.006560
COc1ccc2c3c(n(c2c1)C)[C@@H](CO)N(C[C@]13CCN(CC1)CC1CCOCC1)C(=O)Cc1ccccn1,0,0.405454,0.099600,0.052078
C[C@H]1CCCCO[C@@H](CN(C)C(=O)Nc2ccc(cc2)C(F)(F)F)[C@@H](C)CN([C@H](C)CO)C(=O)c2cc(ccc2O1)NC(=O)C1CCCCC1,0,0.367217,0.076092,0.026685
CC(C)CC#Cc1ccc2c(c1)O[C@@H](CN(C)C(=O)c1cccnc1)[C@H](C)CN([C@@H](C)CO)S2(=O)=O,0,0.024864,0.018813,0.002940
COc1cccc(c1)S(=O)(=O)Nc1ccc2c(c1)[C@@H]1C[C@H](CC(=O)NCCc3ccccc3)O[C@H](CO)[C@@H]1O2,0,0.005524,0.017702,0.005130
C[C@H]1CN([C@@H](C)CO)S(=O)(=O)c2ccc(cc2O[C@@H]1CN(C)S(=O)(=O)c1ccc(cc1)C)Br,0,0.075544,0.020328,0.006288
COC1=CC(=O)OC(=C1)CCC(=O)O,0,0.054678,0.034933,0.021664
O[C@@H](COP(=O)(O)O)[C@@H](O)C(=O)COP(=O)(O)O,0,0.000000,0.171553,0.056567
C[C@H]1CN([C@H](C)CO)C(=O)Cc2cc(ccc2O[C@@H]1CN(C)S(=O)(=O)c1ccc(cc1)C)NC(=O)Cn1cnnn1,0,0.001357,0.018506,0.002962
OC[C@H]1O[C@H](C[C@H]2[C@@H]1Oc1ccc(cc12)NC(=O)NC1CCCC1)CC(=O)NCc1ccc2c(c1)OCO2,0,0.040183,0.027053,0.012823
C[C@H]1CCCCO[C@@H](CN(C)C(=O)Cc2ccccc2)[C@H](C)CN([C@@H](C)CO)C(=O)c2cc(ccc2O1)NC(=O)NC1CCCCC1,0,0.002872,0.017257,0.002507
CC(C)(C)[C@@H](COC(=O)[C@@H](CCC=C)Cc1ccc(cc1)F)NC(=O)[C@H](CC=C)CC(=O)N(CCO)Cc1ccccc1,0,0.025317,0.065537,0.028019
COc1ccc(cc1)NC(=O)N(C)C[C@@H]1OCCCC[C@@H](C)Oc2ccc(cc2C(=O)N(C[C@@H]1C)[C@@H](C)CO)NC(=O)Nc1ccccc1,0,0.012637,0.016272,0.001823
COc1cc(C(C)=O)ccc1O,0,0.676513,0.135250,0.112639
COc1ccc2c3c([nH]c2c1)[C@@H](CO)N(C[C@]13CCN(CC1)Cc1ccc(cc1)F)C(=O)Nc1ccc(cc1)F,1,0.839009,0.349469,0.231889
C[C@H]1CN([C@H](C)CO)C(=O)c2cc(ccc2O[C@@H]1CN(C)S(=O)(=O)c1c(noc1C)C)NC(=O)Nc1ccc2c(c1)OCO2,0,0.008151,0.017546,0.003568
C[C@H]1CN([C@H](C)CO)C(=O)Cc2cc(ccc2O[C@H]1CN(C)Cc1ccc(cc1)C(=O)Nc1ccccc1N)NS(=O)(=O)c1cn(cn1)C,0,0.004330,0.018235,0.002080
C[C@H]1CCCCO[C@H](CN(C)C(=O)Nc2ccc(cc2)C(F)(F)F)[C@@H](C)CN([C@H](C)CO)C(=O)c2cc(ccc2O1)NC(=O)Cc1ccccc1,0,0.140131,0.013795,0.005375
C[C@H]1CCCCO[C@@H](CN(C)Cc2ccncc2)[C@@H](C)CN([C@@H](C)CO)C(=O)c2cc(ccc2O1)NC(=O)C1CCCCC1,0,0.017324,0.017148,0.003012
COC1=C(OC)C(=O)C(=C(C)C1=O)C/C=C(\C)CC/C=C(\C)CC/C=C(\C)CC/C=C(/C)CC/C=C(\C)CC/C=C(\C)CC/C=C(\C)CC/C=C(\C)CC/C=C(\C)CCC=C(C)C,0,0.965368,0.163068,0.091679
CCC(=C(c1ccccc1)c1ccc(OCCN(C)C)cc1)c1ccccc1.O=C(O)CC(O)(CC(=O)O)C(=O)O,1,0.651163,0.485976,0.370456
CN1CCCN(CC1)C[C@@H]1CN(C[C@@H]1CO)C(=O)Cn1cccn1,0,0.105881,0.080505,0.020725
CC(=O)NS(=O)(=O)c1ccc(N)cc1,0,0.028215,0.033422,0.005801
C[C@@H]1CN([C@@H](C)CO)C(=O)c2cc(ccc2O[C@H]1CN(C)C(=O)Nc1cccc2ccccc12)NS(=O)(=O)c1cccs1,0,0.008461,0.016795,0.002984
COc1ccc(cc1)CN(C)C[C@H]1OCCCC[C@@H](C)Oc2ccc(cc2C(=O)N(C[C@@H]1C)[C@H](C)CO)NC(=O)Nc1ccc(cc1)F,0,0.081735,0.016654,0.002909
C[C@@H]1CN([C@@H](C)CO)S(=O)(=O)c2ccc(cc2O[C@H]1CN(C)S(=O)(=O)c1ccccc1F)C#Cc1cccc(c1)F,0,0.120627,0.027923,0.005894
C[C@@H]1CN([C@@H](C)CO)C(=O)c2cccc(c2O[C@@H]1CN(C)S(=O)(=O)c1cccs1)NC(=O)C1CC1,0,0.005897,0.017429,0.003437
C[C@H]1CN([C@H](C)CO)C(=O)c2cc(ccc2O[C@H]1CN(C)CC1CCCCC1)NC(=O)CCN1CCOCC1,0,0.013061,0.017636,0.003730
C[C@H]1CN([C@H](C)CO)C(=O)c2cc(ccc2O[C@H]1CN(C)Cc1ccc(cc1)Oc1ccccc1)NC(=O)Cc1cn(c2ccccc12)C,0,0.003047,0.017884,0.002819
CC(C)NC(=O)Nc1cccc2c1O[C@H](CN(C)S(=O)(=O)c1ccc(cc1)Cl)[C@@H](C)CN([C@H](C)CO)C2=O,0,0.136604,0.019886,0.004337
OC[C@@H]1O[C@@H](CC(=O)NCCN2CCCC2)C=C[C@@H]1NC(=O)c1cccc(c1)F,0,0.208023,0.027485,0.020657
COc1ccc(cc1)S(=O)(=O)N(C)C[C@@H]1OCCCC[C@@H](C)Oc2ccc(cc2C(=O)N(C[C@@H]1C)[C@H](C)CO)NC(=O)NC1CCCCC1,0,0.007842,0.017870,0.002433
C[C@H]1CCCCO[C@H](CN(C)S(=O)(=O)c2cccs2)[C@@H](C)CN([C@H](C)CO)C(=O)c2cc(ccc2O1)NC(=O)NC1CCCCC1,0,0.004257,0.017475,0.002750
CC12CC(=O)C3C(CCC4=CC(=O)CCC43C)C1CCC2=O,0,0.710402,0.112183,0.043873
C[C@H]1CN([C@@H](C)CO)S(=O)(=O)c2ccc(cc2O[C@@H]1CN(C)C(=O)C1CCOCC1)-c1ccc(cc1)C(=O)N(C)C,0,0.009485,0.018252,0.003762
CC(C)NC(=O)Nc1ccc2c(c1)C(=O)N(C[C@H](C)[C@H](CN(C)C(=O)Nc1ccc(cc1)C(F)(F)F)OCCCC[C@H](C)O2)[C@H](C)CO,0,0.472247,0.053365,0.032260
C[C@@H]1CCCCO[C@@H](CN(C)C(=O)Nc2ccc3c(c2)OCO3)[C@@H](C)CN([C@H](C)CO)C(=O)c2cc(ccc2O1)NC(=O)Cc1ccccc1,0,0.003056,0.016773,0.002085
C[C@@H]1CN([C@@H](C)CO)S(=O)(=O)c2ccc(cc2O[C@H]1CN(C)C(=O)C1CCCCC1)-c1cncnc1,0,0.068557,0.021923,0.006778
C[C@@H]1CCCCO[C@@H](CN(C)S(=O)(=O)c2ccc(cc2)C)[C@@H](C)CN([C@H](C)CO)C(=O)c2cc(ccc2O1)NC(=O)C1CCCCC1,0,0.004767,0.017559,0.002559
C[C@H]1[C@@H]([C@@H](CCn2cc(nn2)[C@H](O)c2ccccc2)O[C@]11C(=O)N(c2ccccc2)c2ccccc21)[Si](C)(C)F,0,0.028156,0.109210,0.062004
C[C@@H]1CN([C@H](C)CO)C(=O)c2cc(ccc2O[C@H]1CN(C)C(=O)Nc1ccc2c(c1)OCO2)NC(=O)Nc1ccc(cc1)C(F)(F)F,0,0.407468,0.059041,0.021445
C[C@H]1CN([C@H](C)CO)C(=O)c2cccc(c2O[C@@H]1CN(C)C(=O)Nc1ccccc1)NC(=O)c1cc(nn1C)C,0,0.028008,0.018174,0.004760
NC1=NC(=O)N(C=C1)[C@@H]1O[C@H](CO)[C@](O)(C#C)[C@H]1O,0,0.061502,0.202990,0.097995
COc1cccc(c1)NC(=O)N1C[C@@H](O)COC[C@@H]2O[C@H](CC[C@H]21)CC(=O)NCc1ccccc1F,0,0.435994,0.280775,0.179761
C[C@H]1CCCCO[C@@H](CN(C)C(=O)Nc2ccc3c(c2)OCO3)[C@@H](C)CN([C@H](C)CO)C(=O)c2cc(ccc2O1)NS(=O)(=O)c1cccs1,0,0.001137,0.017555,0.001823
CC(=CCC[C@@](C)(O[C@H]1O[C@@H](CO)[C@@H](O)[C@@H](O)[C@@H]1O)[C@@H](O)C[C@@H](OC(=O)C)/C(=C/COC[C@@H](O)[C@@H](O)[C@@H](O)[C@@H](O)CO)C)C,0,0.016483,0.366812,0.409240
CN([NH2+][O-])C(=O)N[C@H]1[C@@H](O)O[C@H](CO)[C@@H](O)[C@@H]1O,0,0.029792,0.190603,0.018010
CO[C@H]1CN(C)C(=O)c2cc(ccc2OC[C@H](C)N(C[C@H]1C)C(=O)C1CCCCC1)NS(=O)(=O)C,0,0.015659,0.020046,0.005297
CC(C)C[C@H](N)C(=O)O,0,0.012796,0.023961,0.004876
Cl.NC1C(O)OC(CO)C(O)C1O,0,0.008072,0.170682,0.047272
C[C@@H]1CCCCO[C@@H](CN(C)Cc2ccc(cc2)C(F)(F)F)[C@H](C)CN([C@H](C)CO)C(=O)c2cc(ccc2O1)NC(=O)c1ccccc1,0,0.070438,0.014810,0.003213
CN(Cc1ccccn1)C(=O)[C@]12COC[C@@H]2CN(C1)S(=O)(=O)C,0,0.010414,0.024484,0.005753
C[C@H]1CN([C@@H](C)CO)C(=O)c2cc(ccc2O[C@H]1CN(C)S(=O)(=O)C)NS(=O)(=O)c1ccc(cc1)Cl,0,0.022265,0.017638,0.004088
CC1=CN([C@H]2C[C@@H](NC(=O)C(C)(C)C)[C@@H](CO)O2)C(=O)NC1=O,0,0.596689,0.140793,0.069048
C[C@@H]1CN([C@@H](C)CO)C(=O)c2cccc(c2O[C@@H]1CN(C)S(=O)(=O)c1ccccc1)NS(=O)(=O)c1cn(cn1)C,0,0.013512,0.018553,0.003511
O=C(C1CCC1)N1CCOCC1,0,0.016279,0.024145,0.006877
CO[C@H]1CN(C)C(=O)c2cc(ccc2OC[C@@H](C)N(C[C@H]1C)C(=O)Nc1c(noc1C)C)NC(=O)Nc1cccc(c1)F,0,0.184841,0.025362,0.008516
CS(=O)(=O)Nc1ccc2c(c1)[C@@H]1C[C@H](CC(=O)NCC3CC3)O[C@H](CO)[C@@H]1O2,0,0.029957,0.022463,0.007621
COc1ccc(cc1)S(=O)(=O)N(C)C[C@@H]1Oc2c(cccc2C(=O)N(C[C@H]1C)[C@@H](C)CO)NC(=O)NC(C)C,0,0.055991,0.018724,0.003327
OCCNC(=O)C[C@H]1CC=CCCC(=O)OCCNC1=O,0,0.000499,0.041152,0.008233
OC[C@@H]1O[C@@H](C[C@H]2[C@@H]1Oc1ccc(cc12)NC(=O)Nc1ccc(cc1)C(F)(F)F)CC(=O)NCc1ccc(cc1)Cl,0,0.883879,0.230430,0.153049
COc1ccc(cc1)NC(=O)Nc1ccc2c(c1)C(=O)N(C[C@@H](C)[C@H](CN(C)C(=O)c1ccccc1)OCCCC[C@@H](C)O2)[C@@H](C)CO,0,0.002503,0.017281,0.001529
OC(=O)[C@H]1CN(C(=O)C1)c1ccc2c(c1)OCO2,0,0.025451,0.083133,0.057111
COc1ccc(cc1)CN(C)C[C@@H]1OCCCC[C@@H](C)Oc2ccc(cc2C(=O)N(C[C@@H]1C)[C@H](C)CO)NS(=O)(=O)c1ccc(cc1)C,0,0.005373,0.017987,0.002309
C[C@@H]1CN([C@H](C)CO)C(=O)c2cccc(c2O[C@H]1CN(C)C(=O)Nc1ccc2c(c1)OCO2)NC(=O)c1cnccn1,0,0.025721,0.020970,0.003255
C1CCC(CC1)C(C[C@H]1CCCCN1)C1CCCCC1,1,0.948484,0.895837,0.949241
[Zn+3].NCCC(=O)N[C@@H](Cc1cnc[nH]1)C(=O)O,0,0.889086,0.104785,0.064968
C[C@H]1CN([C@H](C)CO)C(=O)c2cccc(c2O[C@@H]1CN(C)C(=O)NC1CCCCC1)NS(=O)(=O)C,0,0.074776,0.019039,0.005829
C[C@@H]1CCCCO[C@H](CN(C)Cc2ccc(cc2)C(=O)O)[C@H](C)CN([C@H](C)CO)C(=O)c2cc(ccc2O1)NS(=O)(=O)c1ccc(cc1)C,0,0.012557,0.023577,0.002238
OC[C@@H]1O[C@@H](CC[C@H]1NC(=O)c1cnccn1)CC(=O)NCc1ccccc1F,0,0.162528,0.020444,0.014225
C[C@@H]1CCCCO[C@H](CN(C)S(=O)(=O)c2ccc(cc2)F)[C@H](C)CN([C@@H](C)CO)C(=O)c2cc(ccc2O1)NC(=O)C1CCCCC1,0,0.011653,0.017398,0.002591
CC1(C)CC2C1CCC1(C)OC1CCC2(C)O,0,0.022503,0.127958,0.034043
COc1ccc(cc1)NC(=O)N(C)C[C@H]1OCCCC[C@H](C)Oc2ccc(cc2C(=O)N(C[C@H]1C)[C@@H](C)CO)NC(=O)Nc1ccc2c(c1)OCO2,0,0.006366,0.016945,0.001994
CNC[C@@H]1OCCCC[C@H](C)Oc2ccc(cc2C(=O)N(C[C@@H]1C)[C@@H](C)CO)NC(=O)Nc1cccc2ccccc12,0,0.041311,0.020426,0.004990
CNC[C@@H]1OCCCC[C@@H](C)Oc2ccc(cc2C(=O)N(C[C@H]1C)[C@@H](C)CO)NC(=O)Nc1cccc2ccccc12,0,0.041311,0.020426,0.004990
C[C@H]1CCCCO[C@H](CN(C)CC2CCCCC2)[C@H](C)CN([C@H](C)CO)C(=O)c2cc(ccc2O1)NC(=O)c1ccccc1,0,0.011629,0.017890,0.003261
CO[C@@H]1CN(C)C(=O)c2cc(ccc2OC[C@@H](C)N(CC2CC2)C[C@H]1C)NS(=O)(=O)c1cn(cn1)C,0,0.020298,0.019075,0.003145
C[C@@H]1CCCCO[C@H](CN(C)C(=O)CCC(F)(F)F)[C@H](C)CN([C@H](C)CO)C(=O)c2cc(ccc2O1)NC(=O)Cc1ccccc1,0,0.019604,0.018550,0.010094
C[C@@H]1CCCCO[C@@H](CN(C)S(=O)(=O)c2ccc(cc2)F)[C@H](C)CN([C@H](C)CO)C(=O)c2cc(ccc2O1)NC(=O)Nc1ccc(cc1)C(F)(F)F,0,0.278009,0.055779,0.006236
O=c1cccc2n1CC1CNCC2C1,0,0.064417,0.043939,0.014151
COc1ccc(cc1)S(=O)(=O)Nc1cccc2c1O[C@H](CN(C)Cc1ccc(cc1)-c1ccccc1)[C@H](C)CN([C@@H](C)CO)C2=O,0,0.020776,0.018235,0.003565
C[C@@H]1CN([C@@H](C)CO)C(=O)c2cccc(c2O[C@@H]1CN(C)S(=O)(=O)c1ccc(cc1)F)NS(=O)(=O)c1ccc(cc1)F,0,0.035372,0.019200,0.004110
C[C@@H]1CN([C@@H](C)CO)C(=O)c2cc(ccc2O[C@@H]1CN(C)Cc1ccncc1)NC(=O)c1ccncc1,0,0.005792,0.017012,0.001741
O[C@H]1[C@@H](O)[C@H]2[C@@H]([C@@H]([C@@H]1C=C2/C=C/C(=O)O)c1ccc(c(c1)O)O)C(=O)O[C@@H](Cc1ccc(c(c1)O)O)C(=O)O,0,0.165754,0.421405,0.189997
COc1ccc(cc1)S(=O)(=O)N(C)C[C@@H]1Oc2ccc(cc2C(=O)N(C[C@@H]1C)[C@H](C)CO)NS(=O)(=O)c1ccccc1,0,0.002860,0.017467,0.002951
CCn1cc(C(=O)O)c(=O)c2cc(F)c(N3CCN(C)CC3)cc21.CS(=O)(=O)O,1,0.844808,0.678936,0.781129
CCN(Cc1cccc(c1)Br)c1c(nc2ccc(cn12)C(=O)NCCc1ccccn1)CC,0,0.808471,0.436595,0.150890
C[C@@H]1CN([C@H](C)CO)C(=O)Cc2cc(ccc2O[C@@H]1CN(C)Cc1ccc(c(c1)Cl)Cl)NS(=O)(=O)c1cccs1,0,0.013318,0.017766,0.003294
C[C@H]1CN([C@H](C)CO)C(=O)c2cc(ccc2O[C@@H]1CN(C)Cc1ccc2c(c1)OCO2)NC(=O)Nc1cccc2ccccc12,0,0.009033,0.017172,0.005071
C[C@@H]1CN([C@@H](C)CO)C(=O)c2cccc(c2O[C@@H]1CN(C)Cc1ccc(cc1)Oc1ccccc1)NC(=O)c1nc2ccccc2s1,0,0.001310,0.018462,0.004210
COc1ccc(cc1)NC(=O)Nc1ccc2c(c1)C(=O)N(C[C@@H](C)[C@@H](CN(C)C(=O)NC1CCCCC1)OCCCC[C@H](C)O2)[C@H](C)CO,0,0.015186,0.016152,0.002072
COc1ccc(cc1)S(=O)(=O)Nc1ccc2c(c1)CC(=O)N(C[C@H](C)[C@@H](CN(C)S(=O)(=O)c1c(noc1C)C)O2)[C@H](C)CO,0,0.003225,0.017615,0.002953
C[C@H]1CN([C@H](C)CO)C(=O)CCCn2cc(nn2)CO[C@@H]1CN(C)C(=O)Nc1ccc2c(c1)OCCO2,0,0.012563,0.028461,0.003566
C[C@H]1CCCCO[C@@H](CN(C)S(=O)(=O)c2ccc(cc2)Cl)[C@@H](C)CN([C@@H](C)CO)C(=O)c2cc(ccc2O1)NS(=O)(=O)c1ccccc1,0,0.002153,0.017806,0.002269
COc1ccc(cc1)NC(=O)N(C)C[C@@H]1Oc2ccc(cc2C(=O)N(C[C@@H]1C)[C@H](C)CO)NS(=O)(=O)c1c(noc1C)C,0,0.023087,0.017731,0.002788
Cn1cc(cn1)N1C[C@@H]2CNC[C@@H]2C1=O,0,0.032983,0.025129,0.006345
CO[C@@H]1CN(C)C(=O)c2ccc(cc2OC[C@@H](C)N(C[C@H]1C)Cc1ccc(cc1)-c1ccccn1)NC(=O)NC(C)C,0,0.032046,0.033481,0.008682
C[C@H]1CN([C@H](C)CO)C(=O)Cc2cc(ccc2O[C@H]1CN(C)S(=O)(=O)c1c(noc1C)C)NC(=O)Nc1ccccc1,0,0.011088,0.016387,0.003174
C[C@@H]1CN([C@H](C)CO)C(=O)Cc2cc(ccc2O[C@@H]1CN(C)CC1CCCCC1)NC(=O)Nc1ccc(cc1)F,0,0.220930,0.055493,0.015027
CN(C)CCCNC(=O)C[C@@H]1CC[C@H]2[C@H](COc3ccc(cc3C(=O)N2C)NC(=O)c2ccc3c(c2)OCO3)O1,0,0.004594,0.020354,0.005783
C[C@H]1CCCCO[C@H](CN(C)CC2CCCCC2)[C@@H](C)CN([C@H](C)CO)C(=O)c2cc(ccc2O1)NC(=O)C1CCCCC1,0,0.058718,0.019339,0.006011
C[C@@H]1CCCCO[C@@H](CN(C)C(=O)Nc2cccc3ccccc23)[C@@H](C)CN([C@H](C)CO)C(=O)c2cc(ccc2O1)NC(=O)Nc1cccc2ccccc12,0,0.015087,0.015835,0.003130
C[C@@H]1CN([C@H](C)CO)C(=O)c2cccc(c2O[C@@H]1CN(C)S(=O)(=O)c1cccs1)NC(=O)c1ccncc1,0,0.004327,0.017711,0.002368
CO[C@H]1C[C@H](CC[C@@H]1OC(=O)C(C)(CO)CO)C[C@@H](C)[C@H]1CC(=O)[C@@H](C)/C=C(\C)[C@@H](O)[C@@H](OC)C(=O)[C@@H](C)C[C@@H](C)/C=C/C=C/C=C(\C)[C@@H](C[C@H]2CC[C@@H](C)[C@@](O)(O2)C(=O)C(=O)N2CCCC[C@@H]2C(=O)O1)OC,0,0.700116,0.609906,0.159712
COc1ccc(cc1)CN(C)C[C@@H]1OCCCC[C@H](C)Oc2ccc(cc2C(=O)N(C[C@H]1C)[C@@H](C)CO)NC(=O)Nc1cccc2ccccc12,0,0.023818,0.016156,0.002358
O=C(CN1C(=O)c2ccccc2C1=O)N1CCNCC1,0,0.000264,0.111498,0.045285
CC1=NN=C(NCc2ccccc2)N(N)C1=O,0,0.702964,0.227613,0.104170
Cn1cnc(c1)S(=O)(=O)N1C[C@@H](O)COC[C@@H]2O[C@@H](CC[C@H]21)CC(=O)N1CCN(CC1)c1ccccc1,0,0.179207,0.031012,0.005311
O[C@@H]1N[C@H](O)c2ccccc21,0,0.148268,0.170695,0.053322
CC(C)NC(=O)Nc1ccc2c(c1)CC(=O)N(C[C@@H](C)[C@H](CN(C)S(=O)(=O)c1ccccc1)O2)[C@H](C)CO,0,0.005229,0.019118,0.003398
C[C@@H]1CN([C@@H](C)CO)C(=O)Cc2cc(ccc2O[C@H]1CN(C)Cc1ccccc1)NC(=O)Cn1cnnn1,0,0.004623,0.031260,0.006013
O[C@H]1COC[C@@H]2O[C@@H](CC[C@H]2N(C1)C(=O)c1cnccn1)CC(=O)N1CCN(CC1)c1ccccc1,0,0.334695,0.024090,0.005839
C[C@@H]1CCCCO[C@@H](CN(C)C(=O)c2ccccc2)[C@@H](C)CN([C@H](C)CO)C(=O)c2cc(ccc2O1)NC(=O)Nc1c(noc1C)C,0,0.005000,0.017277,0.001847
C[C@H]1CN([C@@H](C)CO)C(=O)Cc2cc(ccc2O[C@H]1CN(C)S(=O)(=O)C)NC(=O)CCCCCC(=O)Nc1ccccc1N,0,0.004083,0.018973,0.002070
Cl.Oc1noc2c1CCNC2,0,0.157850,0.101653,0.025209
COCC#Cc1ccc2c(c1)O[C@@H](CN(C)C(=O)COC)[C@@H](C)CN([C@H](C)CO)S2(=O)=O,0,0.095660,0.023864,0.004460
C[C@H]1CN([C@H](C)CO)C(=O)Cc2cc(ccc2O[C@H]1CN(C)C(=O)Nc1cccc2ccccc12)NC(=O)Nc1ccc(cc1)F,0,0.032864,0.018069,0.003226
COc1ccccc1C#Cc1cnc2c(c1)C(=O)N(C[C@@H](C)[C@H](CN(C)C(=O)c1ccc3c(c1)OCO3)O2)[C@H](C)CO,0,0.005667,0.017540,0.002179
OC[C@H]1[C@@H]2CN3C(=O)C(=CC=C3[C@@H]2N([C@@H]1C(=O)O)C(=O)C1CCC1)c1cncnc1,0,0.177295,0.487862,0.177045
C[C@H]1CN([C@@H](C)CO)C(=O)c2cc(ccc2O[C@H]1CN(C)C(=O)Nc1c(noc1C)C)NC(=O)Nc1ccc(cc1)C(F)(F)F,0,0.789284,0.636830,0.390688
C[C@H]1CCCCO[C@@H](CN(C)Cc2ccc(cc2)C(=O)O)[C@@H](C)CN([C@H](C)CO)C(=O)c2cc(ccc2O1)NS(=O)(=O)c1cccs1,0,0.010119,0.023606,0.002184
COc1ccc(cc1)S(=O)(=O)N(C)C[C@@H]1Oc2cc(ccc2S(=O)(=O)N(C[C@@H]1C)[C@H](C)CO)C#CC1CCCC1,0,0.029947,0.019356,0.004077
NC(=O)c1cn(c2ncnc(c12)N)[C@H]1O[C@@H](CO)[C@H](O)[C@@H]1O,0,0.031484,0.085025,0.081347
C[C@H]1CCCCO[C@@H](CN(C)S(=O)(=O)c2cn(cn2)C)[C@H](C)CN([C@@H](C)CO)C(=O)c2cc(ccc2O1)NS(=O)(=O)c1cn(cn1)C,0,0.004216,0.018669,0.003177
C[C@H]1C/C(=C\N(C)C)C(=O)C1=O,0,0.093295,0.025547,0.007223
CC(=O)c1ccc(cc1)S(=O)(=O)N1[C@@H]2CC[C@@H](C2)[C@H]1c1nc2cccc(c2[nH]1)OCc1ccccc1,0,0.800065,0.085505,0.037658
C[C@@H]1CN([C@@H](C)CO)C(=O)Cc2cc(ccc2O[C@H]1CN(C)Cc1ccncc1)NC(=O)CCCN(C)C,0,0.023932,0.031386,0.003761
C[C@@H]1CCCCO[C@H](CN(C)Cc2ccc(cc2)C(=O)O)[C@@H](C)CN([C@H](C)CO)C(=O)c2cc(ccc2O1)NS(=O)(=O)c1ccccc1,0,0.005892,0.024921,0.002125
C[C@@H]1CCCCO[C@H](CN(C)S(=O)(=O)C)[C@H](C)CN([C@@H](C)CO)C(=O)c2cc(ccc2O1)NC(=O)Nc1cccc2ccccc12,0,0.010312,0.018854,0.002222
COc1ccc(cc1)NC(=O)Nc1ccc2c(c1)[C@H]1C[C@H](CC(=O)NCC(F)(F)F)O[C@@H](CO)[C@H]1O2,0,0.497883,0.072346,0.057256
C[N+]1(C)CCC(OC(=O)C(O)(c2ccccc2)C2CCCC2)C1.[Br-],0,0.756200,0.133377,0.124028
C[C@@H]1CCCCO[C@@H](CN(C)S(=O)(=O)c2ccc(cc2)C)[C@H](C)CN([C@H](C)CO)C(=O)c2cc(ccc2O1)NC(=O)Nc1ccc2c(c1)OCO2,0,0.002422,0.017872,0.001937
COC(=O)c1cn(nn1)CC(=O)N1CCOCC1,0,0.008244,0.047062,0.018580
C[C@@H]1CN([C@@H](C)CO)C(=O)c2c(c3ccccc3n2C)-c2ccccc2CO[C@@H]1CN(C)Cc1ccc2c(c1)OCCN2C,0,0.103153,0.037411,0.009003
OC(=O)CNCP(=O)(O)O,0,0.307941,0.189040,0.083622
OC[C@@H]1O[C@H](C[C@H]2[C@@H]1Oc1ccc(cc12)NC(=O)NC1CCCC1)CC(=O)NCCN1CCCCC1,0,0.496693,0.050861,0.024456
C[C@H]1CN([C@H](C)CO)C(=O)c2cc(ccc2O[C@@H]1CN(C)C(=O)Nc1cccc2ccccc12)NC(=O)Nc1cccc2ccccc12,0,0.011738,0.018796,0.004609
C[C@@H]1CCCCO[C@@H](CN(C)C(=O)Nc2ccc(cc2)C(F)(F)F)[C@H](C)CN([C@@H](C)CO)C(=O)c2cc(ccc2O1)NS(=O)(=O)c1cn(cn1)C,1,0.207859,0.642292,0.794772
CN1CC2(CCNCC2)OC1=O,0,0.527808,0.029957,0.013094
C[C@H]1CN([C@H](C)CO)S(=O)(=O)c2ccc(cc2O[C@H]1CN(C)C(=O)C)C#CCN(C)C,0,0.019489,0.020023,0.005221
C[C@H]1CCCCO[C@H](CN(C)S(=O)(=O)c2cn(cn2)C)[C@H](C)CN([C@H](C)CO)C(=O)c2cc(ccc2O1)NS(=O)(=O)c1cccs1,0,0.001018,0.017413,0.002427
O=C1[C@@H]2CCCN2C(=O)[C@@H]2CCCN21,0,0.010654,0.036022,0.009792
COc1ccc(cc1)S(=O)(=O)N(C)C[C@@H]1OCCCC[C@H](C)Oc2ccc(cc2C(=O)N(C[C@@H]1C)[C@@H](C)CO)NC(=O)Nc1ccc(cc1)F,0,0.014782,0.017766,0.002541
C[C@H]1CN([C@H](C)CO)S(=O)(=O)c2ccc(cc2O[C@@H]1CN(C)C(=O)C1CCOCC1)C1=CCCCC1,0,0.011650,0.025204,0.006903
COC(=O)C1=CO[C@@H](O[C@@H]2O[C@H](CO)[C@@H](O)[C@H](O)[C@H]2O)[C@@H]2[C@@H](CO)C=C[C@@H]21,0,0.064213,0.326888,0.160212
C[C@H]1CN([C@@H](C)CO)C(=O)c2cccc(c2O[C@@H]1CN(C)S(=O)(=O)c1ccc(cc1)C)NS(=O)(=O)c1cccs1,0,0.007997,0.018144,0.002898
OC[C@@H]1O[C@H](C[C@@H]2[C@H]1Oc1ccc(cc12)NS(=O)(=O)c1ccc(cc1)F)CC(=O)NCCN1CCCCC1,0,0.115398,0.018647,0.005522
C[C@H]1CN([C@@H](C)CO)C(=O)Cc2cc(ccc2O[C@H]1CN(C)Cc1ccc(cc1)-c1ccccc1)NC(=O)Nc1ccccc1,0,0.061479,0.024095,0.003689
CC(C)NC(=O)Cn1ccc(n1)[N+](=O)[O-],0,0.978132,0.239137,0.076982
COc1ccc(cc1)OCc1c(nnn1CC(=O)NS(=O)(=O)c1cccc(c1)C#N)-c1ccccc1,0,0.000587,0.090062,0.026515
CC(C)NC(=O)Nc1ccc2c(c1)C(=O)N(C[C@@H](C)[C@@H](CN(C)C(=O)C1CCCCC1)OCCCC[C@H](C)O2)[C@@H](C)CO,0,0.012616,0.017268,0.003363
C[C@H]1CN([C@@H](C)CO)C(=O)c2cc(ccc2O[C@@H]1CN(C)Cc1ccc(cc1)C(=O)Nc1ccccc1N)NC(=O)Nc1cccc2ccccc12,0,0.008491,0.018202,0.002430
C[C@H]1CN([C@H](C)CO)C(=O)Cc2cc(ccc2O[C@H]1CN(C)S(=O)(=O)c1ccc(cc1)C)NS(=O)(=O)C,0,0.008927,0.019343,0.003821
CCCCCCCCCCCCCCCC(=O)OC[C@H](COP(=O)(O)OCC[N+](C)(C)C)OC(=O)CCCCCCC/C=C\C/C=C\CCCCC,0,0.000001,0.252632,0.053039
C[C@H]1CN([C@H](C)CO)C(=O)c2cccc(c2O[C@@H]1CN(C)Cc1ccc(c(c1)Cl)Cl)NS(=O)(=O)c1ccccc1,0,0.041409,0.020049,0.003936
O=C(COCc1nnn2c1CNCCC2)N1CCCC1,0,0.130932,0.040917,0.015176
CO[C@H](CN(C)C(=O)c1ccc2c(c1)OCO2)[C@H](C)CN([C@@H](C)CO)S(=O)(=O)c1ccc(cc1)Cl,0,0.108177,0.021413,0.005124
C[C@H]1CN([C@H](C)CO)C(=O)c2cc(ccc2O[C@H]1CN(C)S(=O)(=O)c1cccs1)NS(=O)(=O)c1cccs1,0,0.001727,0.017509,0.004141
CN1CCN(CCO)C(=O)C21CCN(CC2)[C@H]1CCOC1,0,0.927778,0.075386,0.013413
C[C@@H]1CN([C@H](C)CO)C(=O)c2cccc(c2O[C@H]1CN(C)Cc1ccc(cc1)C(F)(F)F)NC(=O)C1CCCCC1,0,0.409002,0.047318,0.061134
C[C@H]1CCCCO[C@@H](CN(C)C(=O)NC2CCCCC2)[C@@H](C)CN([C@H](C)CO)C(=O)c2cc(ccc2O1)NC(=O)Nc1cccc2ccccc12,0,0.017700,0.015574,0.003299
C[C@@H]1CN([C@H](C)CO)C(=O)Cc2cc(ccc2O[C@H]1CN(C)C(=O)Nc1ccc2c(c1)OCO2)NC(=O)CCCN(C)C,0,0.007161,0.016590,0.002257
O[C@@H]1COC[C@H]2O[C@H](CC[C@@H]2N(C1)S(=O)(=O)c1ccccc1)CC(=O)NCc1ccncn1,0,0.100369,0.019011,0.007566
Cc1cc(n(n1)C)C(=O)O,0,0.037541,0.031975,0.011808
C[C@H]1CN([C@H](C)CO)C(=O)Cc2cc(ccc2O[C@H]1CN(C)Cc1ccc(cc1)C(=O)O)NC(=O)Cn1cnnn1,0,0.006416,0.033887,0.006198
C[C@@H]1CN([C@@H](C)CO)S(=O)(=O)c2ccc(cc2O[C@H]1CN(C)Cc1cccc(c1)F)C#CC1CC1,0,0.116876,0.021172,0.004086
C[C@H]1CN([C@H](C)CO)C(=O)Cc2cc(ccc2O[C@@H]1CN(C)C(=O)Nc1ccc2c(c1)OCO2)NC(=O)Nc1ccc(cc1)C(F)(F)F,0,0.132544,0.015406,0.005403
CN(C)C(=O)C[C@@H]1CC[C@H](NC(=O)C2CC2)[C@H](CO)O1,0,0.029135,0.027492,0.010583
COc1ccc(cc1)S(=O)(=O)N(C)C[C@@H]1OCCCC[C@@H](C)Oc2ccc(cc2C(=O)N(C[C@H]1C)[C@@H](C)CO)NS(=O)(=O)c1ccc(cc1)Cl,0,0.003650,0.018180,0.002334
C[C@@H]1CCCCO[C@H](CN(C)S(=O)(=O)c2ccc(cc2)Cl)[C@@H](C)CN([C@H](C)CO)C(=O)c2cc(ccc2O1)NC(=O)Nc1ccc(cc1)F,0,0.037939,0.017394,0.002444
C[C@H]1CN([C@H](C)CO)C(=O)c2cc(cnc2O[C@H]1CN(C)S(=O)(=O)c1ccc(cc1)C)C#CC1(O)CCCC1,0,0.008151,0.017393,0.003331
OC[C@@H]1O[C@H](C[C@@H]2[C@H]1Oc1ccc(cc12)NC(=O)c1cccnc1)CC(=O)NCc1cc(ccc1F)F,0,0.185098,0.024235,0.011221
C[C@@H]1CCCCO[C@H](CN(C)C(=O)Nc2ccc(cc2)C(F)(F)F)[C@@H](C)CN([C@@H](C)CO)C(=O)c2cc(ccc2O1)NC(=O)NC1CCCCC1,0,0.439635,0.073732,0.022143
COCC#Cc1cnc2c(c1)C(=O)N(C[C@H](C)[C@@H](CN(C)C(=O)C)O2)[C@@H](C)CO,0,0.011589,0.017744,0.002963
C[C@H]1CCCCO[C@@H](CN(C)S(=O)(=O)c2ccccc2)[C@@H](C)CN([C@@H](C)CO)C(=O)c2cc(ccc2O1)NC(=O)c1ccccc1,0,0.000396,0.017559,0.001906
Cc1ccc(cc1)S(=O)(=O)N1C[C@H](O)COC[C@H]2O[C@H](CC[C@@H]21)CC(=O)N[C@H]1CCN(C1)Cc1ccccc1,0,0.253254,0.030341,0.009983
C[C@H]1CN([C@H](C)CO)C(=O)c2cc(cnc2O[C@H]1CN(C)S(=O)(=O)c1cccc(c1)F)C#CC1(O)CCCC1,0,0.020153,0.066582,0.005487
COc1ccccc1C#Cc1cnc2c(c1)C(=O)N(C[C@@H](C)[C@@H](CN(C)C(=O)CN(C)C)O2)[C@@H](C)CO,0,0.091014,0.026846,0.007575
C[C@H]1CN([C@H](C)CO)C(=O)c2cccc(c2O[C@H]1CN(C)Cc1ccc(cc1)C(=O)Nc1ccccc1N)NS(=O)(=O)c1ccc(cc1)Cl,0,0.014085,0.018618,0.002162
CN(C)S(=O)(=O)c1ccc(cc1)C#N,0,0.000124,0.048695,0.007385
Cc1ccccc1NC(=O)C(C)(C)C,0,0.293153,0.064279,0.021053
C[C@@H]1CCCCO[C@@H](CN(C)C(=O)C2CCCCC2)[C@@H](C)CN([C@H](C)CO)C(=O)c2cc(ccc2O1)NC(=O)Nc1cccc2ccccc12,0,0.010384,0.016258,0.002759
OC[C@H]1O[C@H](OC[C@H]2O[C@@H](O)[C@H](O)[C@@H](O)[C@@H]2O)[C@H](O)[C@@H](O)[C@@H]1O,0,0.007257,0.164974,0.044874
COc1cc(C)c(C(=O)Oc2cc(C)c(C(=O)O)c(O)c2)c(O)c1,0,0.394773,0.187452,0.370331
C[C@@H]1OC2=C(Cl)C(=O)N3CCC[C@@H]3C[C@@]12O,0,0.034031,0.128357,0.026226
CCCN(C)C[C@@H]1OCCCC[C@H](C)Oc2ccc(cc2C(=O)N(C[C@@H]1C)[C@@H](C)CO)NC(=O)C1CCCCC1,0,0.042786,0.019144,0.006818
CCS(=O)(=O)N1CC[C@]2(CC1)CN([C@H](CO)c1c2c2ccc(cc2n1C)OC)C(=O)c1ccc(cc1)F,0,0.015220,0.022104,0.007635
C[C@@H]1CCCCO[C@@H](CN(C)Cc2ccc(c(c2)Cl)Cl)[C@@H](C)CN([C@@H](C)CO)C(=O)c2cc(ccc2O1)NS(=O)(=O)c1c(noc1C)C,0,0.049714,0.022556,0.002771
CC1=CC(=O)C(=CN1)C(=O)N[C@@H](C(=O)N[C@H]1[C@H]2SCC(=C(N2C1=O)C(=O)O)CSc1nnnn1C)c1ccc(cc1)O,1,0.999272,0.964255,0.980095
COc1ccc(cc1)S(=O)(=O)Nc1ccc2c(c1)C(=O)N(C[C@H](C)[C@H](CN(C)Cc1ccc(cc1)Oc1ccccc1)O2)[C@@H](C)CO,0,0.001418,0.018729,0.003501
C[C@H]1CN([C@@H](C)CO)C(=O)CCCn2cc(nn2)CO[C@@H]1CN(C)C(=O)Nc1cccc2ccccc12,0,0.046620,0.028594,0.004423
CN1[C@@H]2CC[C@H](CC(=O)N3CCOCC3)O[C@@H]2COc2ccc(cc2C1=O)NC(=O)c1cscn1,0,0.000854,0.019470,0.010227
C[C@H]1CCCCO[C@H](CN(C)Cc2ccc(cc2)C(F)(F)F)[C@H](C)CN([C@@H](C)CO)C(=O)c2cc(ccc2O1)NS(=O)(=O)c1c(noc1C)C,0,0.090185,0.018709,0.004496
C[C@@H]1CN([C@@H](C)CO)C(=O)c2ccccc2-c2ccccc2CO[C@H]1CN(C)S(=O)(=O)c1cn(cn1)C,0,0.020284,0.019020,0.004768
COc1ccc(cc1)S(=O)(=O)N1C[C@H](O)COC[C@@H]2O[C@@H](CC[C@H]21)CC(=O)N[C@H]1CCN(C1)Cc1ccccc1,0,0.204789,0.026195,0.007083
C[C@@H]1CCCCO[C@H](CN(C)C(=O)Nc2cccc3ccccc23)[C@H](C)CN([C@@H](C)CO)C(=O)c2cc(ccc2O1)NC(=O)Nc1c(noc1C)C,0,0.023149,0.016253,0.002236
C[C@@H]1CN([C@H](C)CO)C(=O)Cc2cc(ccc2O[C@@H]1CN(C)Cc1ccc(c(c1)Cl)Cl)NS(=O)(=O)c1ccccc1,0,0.007090,0.018232,0.002873
C[C@@H]1CCCCO[C@H](CN(C)C(=O)Nc2cccc3ccccc23)[C@@H](C)CN([C@H](C)CO)C(=O)c2cc(ccc2O1)NC(=O)CCC(F)(F)F,0,0.119459,0.014453,0.006469
COc1ccc(cc1)S(=O)(=O)N(C)C[C@@H]1OCCCC[C@H](C)Oc2ccc(cc2C(=O)N(C[C@H]1C)[C@@H](C)CO)NC(=O)Nc1ccc(cc1)F,0,0.014782,0.017766,0.002541
CO[C@H](CN(C)C(=O)C1CCOCC1)[C@H](C)CN([C@@H](C)CO)C(=O)Nc1ccc(cc1)C(F)(F)F,1,0.850355,0.936705,0.977790
CO[C@H](CN(C)C(=O)c1ccc2c(c1)OCO2)[C@H](C)CN([C@@H](C)CO)S(=O)(=O)c1ccc(cc1)C,0,0.048111,0.018467,0.003166
C[C@@H]1CN([C@@H](C)CO)C(=O)c2cc(ccc2O[C@@H]1CN(C)C(=O)Nc1ccccc1)NC(=O)Nc1ccc(cc1)C(F)(F)F,0,0.710631,0.322597,0.153733
C[C@H]1CN([C@@H](C)CO)C(=O)CCCn2cc(nn2)CO[C@@H]1CN(C)S(=O)(=O)c1ccccc1C#N,0,0.000217,0.018999,0.003274
CN([NH2+][O-])c1ccc(c(c1)O)O,0,0.807100,0.160309,0.102368
C[C@@H]1CCCCO[C@H](CN(C)S(=O)(=O)c2cccs2)[C@@H](C)CN([C@@H](C)CO)C(=O)c2cc(ccc2O1)NC(=O)c1ccccc1,0,0.000353,0.017475,0.002007
C[C@H]1CCCCO[C@H](CN(C)C(=O)Cc2ccccc2)[C@H](C)CN([C@H](C)CO)C(=O)c2cc(ccc2O1)NC(=O)Nc1cccc2ccccc12,0,0.004035,0.016481,0.002255
COc1ccc(cc1)NC(=O)N(C)C[C@@H]1OCCCC[C@H](C)Oc2ccc(cc2C(=O)N(C[C@@H]1C)[C@H](C)CO)NC(=O)CCC(F)(F)F,0,0.108506,0.018943,0.005015
COc1ccc(cc1)NC(=O)N(C)C[C@H]1OCCCC[C@@H](C)Oc2ccc(cc2C(=O)N(C[C@@H]1C)[C@@H](C)CO)NC(=O)Nc1ccc(cc1)C(F)(F)F,0,0.360300,0.015245,0.004141
C[C@@H]1CCCCO[C@@H](CN(C)C(=O)c2ccccc2)[C@@H](C)CN([C@H](C)CO)C(=O)c2cc(ccc2O1)NC(=O)Nc1ccc(cc1)C(F)(F)F,0,0.142560,0.018226,0.004267
COc1ccc(cc1)S(=O)(=O)Nc1ccc2c(c1)CC(=O)N(C[C@H](C)[C@H](CN(C)Cc1ccc(c(c1)Cl)Cl)O2)[C@H](C)CO,0,0.012887,0.018353,0.002914
C[C@@H]1CN([C@H](C)CO)S(=O)(=O)c2ccc(cc2O[C@@H]1CN(C)C(=O)C1CCCCC1)C#CC(C)(C)O,0,0.023136,0.117456,0.009557
OC[C@@H]1O[C@@H](CC[C@H]1NS(=O)(=O)c1ccccc1F)CC(=O)NCCCN1CCOCC1,0,0.055741,0.025168,0.010548
C[C@@H]1CN([C@H](C)CO)C(=O)c2cccc(c2O[C@@H]1CN(C)S(=O)(=O)c1c(noc1C)C)NC(=O)c1cc(nn1C)C,0,0.019653,0.017245,0.003310
C[C@@H]1CN([C@H](C)CO)C(=O)c2cc(ccc2O[C@@H]1CN(C)C(=O)NC1CCCCC1)NS(=O)(=O)c1cn(cn1)C,0,0.041384,0.017894,0.003250
C[C@@H]1CN([C@H](C)CO)C(=O)Cc2cc(ccc2O[C@@H]1CN(C)Cc1ccc(cc1)-c1ccccc1)NC(=O)CCCCCC(=O)Nc1ccccc1N,0,0.021962,0.024297,0.003247
C[C@H]1CN([C@@H](C)CO)C(=O)c2c(c3ccccc3n2C)-c2ccccc2CO[C@@H]1CN(C)C(=O)Nc1ccc(cc1)-c1ccccc1,0,0.022925,0.019386,0.003171
CCCC(=O)Nc1ccc2c(c1)OC[C@H](C)N(C[C@@H](C)[C@@H](CN(C)C2=O)OC)Cc1ccc(cc1)-c1ccccn1,0,0.011870,0.036612,0.006322
COc1ccc(cc1)NC(=O)Nc1cccc2c1O[C@H](CN(C)S(=O)(=O)C)[C@@H](C)CN([C@H](C)CO)C2=O,0,0.063058,0.017291,0.002962
CNC[C@@H]1OCCCC[C@@H](C)Oc2ccc(cc2C(=O)N(C[C@@H]1C)[C@H](C)CO)NC(=O)Nc1cccc2ccccc12,0,0.041311,0.020426,0.004990
C[C@H](O)C#Cc1cnc2c(c1)C(=O)N(C[C@H](C)[C@H](CN(C)C(=O)CN1CCOCC1)O2)[C@@H](C)CO,0,0.004375,0.030768,0.008997
COc1cc(OC)c2c(=O)c(OC)c(-c3ccccc3)oc2c1,0,0.194241,0.328053,0.126779
NNc1cccc(c1)C(=O)O,0,0.732449,0.034353,0.026010
COc1ccc(cc1)NC(=O)Nc1ccc2c(c1)C(=O)N(C[C@@H](C)[C@@H](CN(C)C(=O)Nc1ccc3c(c1)OCO3)OCCCC[C@@H](C)O2)[C@H](C)CO,0,0.006143,0.016945,0.001996
CCS(=O)(=O)Nc1ccc2c(c1)C(=O)N(C)C[C@H](OC)[C@H](C)CN([C@@H](C)CO2)C(=O)c1ccc2c(c1)OCO2,0,0.002922,0.017428,0.002733
CC(C)NC(=O)N(C)C[C@H]1OCCCC[C@H](C)Oc2ccc(cc2C(=O)N(C[C@@H]1C)[C@@H](C)CO)NC(=O)C1CCCCC1,0,0.010146,0.017548,0.002890
COc1ccc(cc1)NC(=O)N(C)C[C@@H]1OCCCC[C@H](C)Oc2ccc(cc2C(=O)N(C[C@@H]1C)[C@H](C)CO)NC(=O)NC1CCCCC1,0,0.010357,0.016276,0.001928
C[C@@H]1CN([C@H](C)CO)C(=O)c2cc(ccc2O[C@@H]1CN(C)Cc1ccc2c(c1)OCO2)NS(=O)(=O)C,0,0.015419,0.018131,0.004216
C[C@H]1CN([C@H](C)CO)C(=O)c2cc(ccc2O[C@H]1CN(C)C(=O)Nc1c(noc1C)C)NC(=O)Cn1cnnn1,0,0.014441,0.021760,0.005605
O=C1O[C@@H]2C[C@H]1N(C2)C(=O)[C@H]1CCC=CC1,0,0.004938,0.025821,0.006037
C[C@@H]1CCCCO[C@H](CN(C)Cc2ccccc2)[C@H](C)CN([C@@H](C)CO)C(=O)c2cc(ccc2O1)NC(=O)Nc1ccccc1,0,0.012111,0.017565,0.003151
NCCCC[C@H](N)C(=O)O,0,0.022793,0.024614,0.005916
C[C@H]1CN([C@@H](C)CO)C(=O)c2cccc(c2O[C@@H]1CN(C)S(=O)(=O)c1cccs1)NS(=O)(=O)c1ccccc1,0,0.002173,0.018247,0.003735
CCS(=O)(=O)N1CCN(CC1)C[C@@H](C)O,0,0.004593,0.018991,0.005613
C[C@H]1CN([C@H](C)CO)S(=O)(=O)c2ccc(cc2O[C@@H]1CN(C)C(=O)c1cccc(c1)F)-c1cncnc1,0,0.070905,0.017673,0.003169
C[C@@H]1CN([C@H](C)CO)C(=O)CCCn2cc(nn2)CO[C@H]1CN(C)C(=O)C1CC1,0,0.021899,0.024493,0.003696
C[C@@H]1CN([C@@H](C)CO)C(=O)c2cccc(c2O[C@H]1CN(C)Cc1ccc(cc1)C(F)(F)F)NC(=O)Nc1ccccc1,0,0.475150,0.088670,0.042426
C[C@H]1CN([C@@H](C)CO)C(=O)c2cc(ccc2O[C@@H]1CN(C)C(=O)Nc1cccc2ccccc12)NC(=O)Nc1ccc(cc1)F,0,0.080261,0.018365,0.007111
C[C@H]1CN([C@H](C)CO)C(=O)Cc2cc(ccc2O[C@H]1CN(C)Cc1ccc(cc1)C(=O)Nc1ccccc1N)NC(=O)Nc1ccc(cc1)F,0,0.034608,0.018005,0.002359
C[C@H]1CCCCO[C@H](CN(C)C(=O)c2ccncc2)[C@H](C)CN([C@H](C)CO)C(=O)c2cc(ccc2O1)NS(=O)(=O)c1ccc(cc1)Cl,0,0.002322,0.017558,0.001741
CC(C)NC(=O)N(C)C[C@H]1Oc2ccc(cc2CC(=O)N(C[C@H]1C)[C@@H](C)CO)NC(=O)Nc1ccc2c(c1)OCO2,0,0.008704,0.015471,0.002680
Nc1ccccc1-c1ccccc1,0,0.325250,0.171544,0.061791
C[C@H]1CCCCO[C@H](CN(C)S(=O)(=O)c2ccc(cc2)C)[C@H](C)CN([C@H](C)CO)C(=O)c2cc(ccc2O1)NC(=O)Nc1ccc(cc1)F,0,0.020931,0.017502,0.002093
C[C@@H]1CN([C@@H](C)CO)C(=O)CCCn2nncc2CO[C@@H]1CN(C)S(=O)(=O)c1ccc(cc1)-c1ccccc1,0,0.011508,0.019018,0.003546
OC[C@H]1O[C@H](CC(=O)NCc2ccncn2)C=C[C@@H]1NC(=O)c1ccc(cc1)F,0,0.100847,0.026111,0.020655
COc1ccc(cc1)S(=O)(=O)N(C)C[C@H]1Oc2ccc(cc2C(=O)N(C[C@@H]1C)[C@H](C)CO)NC(=O)c1ccncc1,0,0.004463,0.017325,0.001910
CN1[C@H]2CC[C@H](CC(=O)NCCN3CCCC3)O[C@@H]2COc2ccc(cc2C1=O)NC(=O)c1cccc(c1)C#N,0,0.000080,0.020962,0.006261
OCCNC(=O)C[C@H](CC=C)C(=O)NCCOC(=O)[C@H](CC=C)NC(=O)OCC1c2ccccc2-c2ccccc21,0,0.000568,0.172276,0.045860
C[C@@H]1CCCCO[C@@H](CN(C)C(=O)Nc2ccc(cc2)F)[C@@H](C)CN([C@@H](C)CO)C(=O)c2cc(ccc2O1)NC(=O)Nc1ccc(cc1)C(F)(F)F,0,0.703486,0.015372,0.007873
C[C@H]1CN([C@H](C)CO)C(=O)Cc2cc(ccc2O[C@H]1CN(C)C(=O)Nc1ccc(cc1)F)NC(=O)Cn1cnnn1,0,0.016781,0.019110,0.006618
C[C@@H]1CN([C@H](C)CO)C(=O)Cc2cc(ccc2O[C@H]1CN(C)S(=O)(=O)c1cn(cn1)C)NS(=O)(=O)c1ccc(cc1)Cl,0,0.004487,0.017235,0.002477
CCCC[C@@H](C)[C@@H](OC(=O)C[C@@H](CC(=O)O)C(=O)O)[C@H](C[C@@H](C)C[C@H](O)CCCC[C@@H](O)C[C@H](O)[C@H](C)N)OC(=O)C[C@@H](CC(=O)O)C(=O)O,0,0.000366,0.183430,0.053318
C[C@@H]1CN([C@H](C)CO)C(=O)Cc2cc(ccc2O[C@@H]1CN(C)S(=O)(=O)c1cn(cn1)C)NC(=O)Cc1cn(c2ccccc12)C,0,0.001996,0.017743,0.002110
C[C@@H]1CN([C@H](C)CO)C(=O)c2cccc(c2O[C@@H]1CN(C)S(=O)(=O)c1ccc(cc1)Cl)NC(=O)c1ccc(cc1)-c1nccs1,0,0.026933,0.017374,0.002450
Cn1cnc(c1)CCNC(=O)C[C@H]1CC[C@H]2[C@@H](COC[C@@H](O)CN2C(=O)Nc2ccc(cc2)Cl)O1,0,0.847599,0.539550,0.386871
C=CCc1ccc(OC)cc1,0,0.164931,0.263630,0.151711
CN(C)CC(=O)N1C[C@H]2[C@H]([C@@H](CO)N2C(=O)C1)c1ccc(cc1)C#Cc1cccnc1,0,0.607625,0.030638,0.010261
C[C@H]1CN([C@H](C)CO)C(=O)c2cccc(c2O[C@@H]1CN(C)S(=O)(=O)c1ccccc1)NC(=O)c1ccncc1,0,0.006516,0.017757,0.002772
CC(C)(O)CC(=O)NCCn1ccc2ncnc(c12)Nc1ccc(c(c1)Cl)Oc1cccc(c1)C(F)(F)F,1,0.551494,0.663672,0.485453
OC[C@H]1O[C@H](O)C[C@@H](O)[C@@H]1O,0,0.000271,0.088668,0.010951
C[C@H]1CN([C@@H](C)CO)C(=O)c2cccc(c2O[C@H]1CN(C)Cc1ccc(cc1)Oc1ccccc1)NC(=O)NC1CCCCC1,0,0.024999,0.018352,0.006115
Cn1ncc2c(ncnc12)N1CCCC1,0,0.133917,0.038061,0.027380
COC(=O)C1=C(C)NC(=C(C1)C(=O)OC)C,0,0.000007,0.040318,0.017510
C[n+]1ccc(cc1)/C/1=C/2\C=C/C/3=C(/C4=N/C(=C(/c5cc[n+](cc5)C)c5ccc(n5[Fe]N23)/C(=C\2/C=CC1=N2)c1cc[n+](cc1)C)C=C4)c1cc[n+](cc1)C,0,0.000020,0.178655,0.057180
CC(C)NC(=O)N(C)C[C@@H]1Oc2c(cccc2C(=O)N(C[C@H]1C)[C@@H](C)CO)NC(=O)Nc1ccc2c(c1)OCO2,0,0.032454,0.021390,0.004095
COC(=O)C[C@H]1CC[C@H]2[C@@H](COC[C@@H](O)CN2S(=O)(=O)c2ccccc2C)O1,0,0.104821,0.020186,0.006511
C[C@H]1CN([C@@H](C)CO)C(=O)c2cc(cnc2O[C@H]1CN(C)C(=O)C1CC1)-c1ccc(cc1)C(=O)N(C)C,0,0.004116,0.018304,0.002549
OC[C@@H]1O[C@@H](CC(=O)NCc2ccncn2)C=C[C@@H]1NS(=O)(=O)c1ccccc1,0,0.018103,0.018816,0.005154
C[C@@H]1CN([C@@H](C)CO)S(=O)(=O)c2ccc(cc2O[C@H]1CN(C)Cc1ccc2c(c1)OCO2)C#CCN(C)C,0,0.039287,0.027644,0.004079
C[C@@H]1CN([C@@H](C)CO)C(=O)c2ccccc2-c2ccccc2CO[C@@H]1CN(C)C(=O)Oc1ccc(cc1)C,0,0.096649,0.021908,0.011249
C[C@H]1CN([C@H](C)CO)C(=O)Cc2cc(ccc2O[C@H]1CN(C)Cc1ccc(cc1)-c1ccccc1)NS(=O)(=O)c1ccc(cc1)C,0,0.006017,0.018711,0.003577
CCC(=O)Nc1ccc(c(c1)C)C,0,0.446555,0.031734,0.016338
OCCN1CNC(=S)NC1,0,0.000000,0.074501,0.020162
Nc1cc(ccn1)CO,0,0.038327,0.045797,0.017037
C[C@@H]1CN([C@@H](C)CO)C(=O)c2cccc(c2O[C@H]1CN(C)Cc1ccncc1)NS(=O)(=O)c1ccc(cc1)F,0,0.023770,0.017361,0.002414
COc1ccc(cc1)S(=O)(=O)N(C)C[C@@H]1Oc2ccc(cc2CC(=O)N(C[C@@H]1C)[C@@H](C)CO)NS(=O)(=O)c1cn(cn1)C,0,0.004321,0.017865,0.002226
CNC(=O)[C@H]1C[C@@H]2CCN(C[C@H]2O1)C(=O)N(C)C,0,0.131040,0.037868,0.007969
Oc1ccc(Cl)c2cccnc12,0,0.437741,0.173328,0.141027
C[C@H]1CN([C@H](C)CO)C(=O)c2cc(cnc2O[C@@H]1CN(C)S(=O)(=O)C)C#Cc1cccnc1,0,0.026880,0.017483,0.002337
O[C@@H]1COC[C@@H]2O[C@H](CC[C@H]2N(C1)S(=O)(=O)c1ccc(cc1)Cl)CC(=O)N[C@H]1CCN(C1)Cc1ccccc1,0,0.463596,0.061808,0.011812
C[C@H]1CCCCO[C@H](CN(C)C(=O)Nc2c(noc2C)C)[C@@H](C)CN([C@H](C)CO)C(=O)c2cc(ccc2O1)NC(=O)Nc1c(noc1C)C,0,0.034991,0.022994,0.003880
COc1ccc(cc1)[C@@H](N)c1ccccc1,0,0.586911,0.178539,0.112050
CC1(C)CC(CC(C)(C)N1)NC(=O)c1ccc(c(c1)S(=O)(=O)N(Cc1ccccc1)c1ccccc1)Cl,0,0.500594,0.074183,0.070213
CCN(CC)CCCN1C(=S)N=C(/C=C/c2ccc(c(c2)OC)O)C=C1/C=C/c1ccc(c(c1)OC)O,0,0.985935,0.733361,0.570806
COc1ccc(cc1)NC(=O)Nc1ccc2c(c1)C(=O)N(C[C@@H](C)[C@@H](CN(C)Cc1ccccc1)OCCCC[C@H](C)O2)[C@@H](C)CO,0,0.011146,0.017156,0.001884
CC(C)[C@@H](CO)N1[C@@H]2C(=O)N(CC=C[C@@]32O[C@@H]2/C=C\CC[C@@H](C)OC(=O)[C@@H]2[C@H]3C1=O)Cn1nnc2ccccc12,0,0.219945,0.127365,0.109074
C[C@H]1CN([C@@H](C)CO)C(=O)c2ccccc2-c2ccccc2CO[C@@H]1CN(C)C(=O)N[C@@H](C)c1ccccc1,0,0.025631,0.020562,0.007293
C[C@@H]1CCCCO[C@@H](CN(C)C(=O)Nc2ccccc2)[C@@H](C)CN([C@H](C)CO)C(=O)c2cc(ccc2O1)NC(=O)Nc1ccc(cc1)F,0,0.043054,0.015796,0.002386
C[C@@H](O)C#Cc1ccc2c(c1)O[C@H](CN(C)C)[C@@H](C)CN([C@@H](C)CO)S2(=O)=O,0,0.067300,0.019270,0.004072
CC(C)NC(=O)Nc1ccc2c(c1)CC(=O)N(C[C@H](C)[C@@H](CN(C)S(=O)(=O)c1c(noc1C)C)O2)[C@H](C)CO,0,0.016204,0.019425,0.004035
OC[C@@H]1O[C@@H](CC(=O)NCc2ccncn2)C=C[C@@H]1NC(=O)c1ccncc1,0,0.019359,0.025729,0.012667
OCCOc1ccccc1[C@H]1N2[C@@H]([C@@H](C(=O)Nc3nc4ccccc4s3)[C@]11C(=O)Nc3ccc(cc31)C#CCCO)C(=O)O[C@@H]([C@@H]2c1ccccc1)c1ccccc1,0,0.044449,0.082242,0.008608
CC(=O)OCC[N+](C)(C)C,0,0.002571,0.028463,0.008791
C[C@H]1CN([C@H](C)CO)S(=O)(=O)c2ccc(cc2O[C@@H]1CN(C)Cc1ccc(cc1)Oc1ccccc1)Br,0,0.072282,0.035427,0.007530
C[C@@H]1CCCCO[C@H](CN(C)C(=O)C2CCCCC2)[C@H](C)CN([C@H](C)CO)C(=O)c2cc(ccc2O1)NC(=O)CCC(F)(F)F,0,0.095727,0.080242,0.041280
C[C@H]1CN([C@@H](C)CO)C(=O)c2cc(ccc2O[C@@H]1CN(C)S(=O)(=O)c1ccccc1)NC(=O)c1ccncc1,0,0.002786,0.017475,0.001922
C[C@@H]1CN([C@@H](C)CO)C(=O)c2cc(ccc2O[C@H]1CN(C)Cc1ccc(cc1)C(=O)Nc1ccccc1N)NC(=O)Nc1cccc2ccccc12,0,0.008491,0.018202,0.002430
C[C@H]1CN([C@@H](C)CO)C(=O)Cc2cc(ccc2O[C@H]1CN(C)Cc1ccc(cc1)Oc1ccccc1)NC(=O)C1CC1,0,0.013160,0.025691,0.005413
CC(C)NC(=O)Nc1ccc2c(c1)C(=O)N(C[C@H](C)[C@H](CN(C)C(=O)NC1CCCCC1)O2)[C@H](C)CO,0,0.019238,0.018665,0.005203
CC(C)NC(=O)N(C)C[C@H]1Oc2ccc(cc2CC(=O)N(C[C@H]1C)[C@@H](C)CO)NS(=O)(=O)c1cn(cn1)C,0,0.011465,0.017329,0.002648
C[C@H]1CCCCO[C@@H](CN(C)S(=O)(=O)c2ccc(cc2)C)[C@H](C)CN([C@H](C)CO)C(=O)c2cc(ccc2O1)NC(=O)Nc1c(noc1C)C,0,0.009843,0.018248,0.002218
Br.CN1C2CCC1CC(OC(=O)C(O)c1ccccc1)C2,0,0.417750,0.312663,0.069857
CNC[C@@H]1Oc2cc(ccc2S(=O)(=O)N(C[C@H]1C)[C@@H](C)CO)C#CCN(C)C,0,0.084282,0.019367,0.005623
C[C@H]1CN([C@H](C)CO)C(=O)c2cc(ccc2O[C@@H]1CN(C)S(=O)(=O)c1cn(cn1)C)NC(=O)Nc1ccc(cc1)F,0,0.095980,0.019175,0.003683
C[C@@H]1CN([C@H](C)CO)C(=O)c2cc(ccc2O[C@@H]1CN(C)Cc1ccc(cc1)C(=O)Nc1ccccc1N)NC(=O)Nc1ccc(cc1)C(F)(F)F,0,0.367356,0.031261,0.003915
C[C@@H]1CN([C@@H](C)CO)C(=O)c2cc(ccc2O[C@@H]1CN(C)Cc1ccc(cc1)C(=O)O)NS(=O)(=O)c1cn(cn1)C,0,0.020698,0.024834,0.002173
CO[C@H]1C[C@H](C)CC2=C(OC)C(=O)C=C(NC(=O)/C(=C/C=C\[C@H](OC)[C@@H](OC(=O)N)/C(=C/[C@H](C)[C@H]1O)C)C)C2=O,0,0.744881,0.323882,0.188900
OC[C@@H]1O[C@H](CC(=O)NCCCN2CCOCC2)C=C[C@@H]1NC(=O)Nc1ccc2c(c1)OCO2,0,0.060797,0.065309,0.016773
COc1ccc(cc1)NC(=O)N(C)C[C@H]1Oc2ncc(cc2C(=O)N(C[C@@H]1C)[C@@H](C)CO)C#C[C@@H](C)O,0,0.035074,0.017450,0.005130
C[C@@H]1CN([C@@H](C)CO)C(=O)c2cccc(c2O[C@H]1CN(C)C(=O)Nc1ccccc1)NS(=O)(=O)C,0,0.092463,0.017919,0.004839
O.O=P1(N(CCCl)CCCl)NCCCO1,0,0.087481,0.294578,0.060173
COc1ccc(cc1)NC(=O)Nc1cccc2c1O[C@H](CN(C)Cc1ccc(cc1)Oc1ccccc1)[C@H](C)CN([C@H](C)CO)C2=O,0,0.010600,0.015890,0.002634
C[C@@H]1CN([C@@H](C)CO)C(=O)Cc2cc(ccc2O[C@@H]1CN(C)Cc1ccc(cc1)Oc1ccccc1)NC(=O)CCC(F)(F)F,0,0.033385,0.029986,0.010670
OC(=O)c1cc2sccc2s1,0,0.514202,0.186913,0.094086
OC[C@H]1O[C@H](CC(=O)NCCCN2CCOCC2)C=C[C@@H]1NC(=O)Cc1ccccn1,0,0.005765,0.023057,0.009578
C[C@H]1CN([C@H](C)CO)C(=O)c2cccc(c2O[C@H]1CN(C)Cc1ccc(cc1)C(F)(F)F)NS(=O)(=O)c1ccc(cc1)C,0,0.165760,0.021474,0.008885
CO[C@@H]1CN(C)C(=O)c2ccc(cc2OC[C@H](C)N(C[C@H]1C)C(=O)CN1CCOCC1)NC(=O)C1CC1,0,0.002306,0.021064,0.002455
C[C@@H]1CCCCO[C@@H](CN(C)C)[C@H](C)CN([C@@H](C)CO)C(=O)c2cc(ccc2O1)NC(=O)CCCN(C)C,0,0.015700,0.017635,0.003809
C[C@@H]1CCCCO[C@H](CN(C)C(=O)CCC(F)(F)F)[C@H](C)CN([C@H](C)CO)C(=O)c2cc(ccc2O1)NS(=O)(=O)c1ccc(cc1)Cl,0,0.025904,0.017719,0.003275
C[C@@H]1CCCCO[C@@H](CN(C)C(=O)Cc2ccccc2)[C@@H](C)CN([C@@H](C)CO)C(=O)c2cc(ccc2O1)NC(=O)Cc1ccccc1,0,0.000669,0.016645,0.002600
C[C@@H]1CCCCO[C@@H](CN(C)C(=O)Nc2ccc(cc2)F)[C@@H](C)CN([C@@H](C)CO)C(=O)c2cc(ccc2O1)NC(=O)NC1CCCCC1,0,0.086358,0.016340,0.003693
COc1ccc(cc1)S(=O)(=O)N(C)C[C@H]1Oc2cc(ccc2S(=O)(=O)N(C[C@H]1C)[C@H](C)CO)C1=CCCC1,0,0.014853,0.021870,0.003358
C[C@H]1CCCCO[C@@H](CN(C)C(=O)c2ccccc2)[C@H](C)CN([C@@H](C)CO)C(=O)c2cc(ccc2O1)NC(=O)Nc1ccc2c(c1)OCO2,0,0.001334,0.016854,0.001839
COCC(=O)N(C)C[C@H]1Oc2cc(ccc2S(=O)(=O)N(C[C@H]1C)[C@@H](C)CO)-c1ccc(cc1)C#N,0,0.000374,0.023980,0.003983
CC(C)(C)[S@@](=O)N1Cc2cc(nc(c2[C@H]1CCO)-c1cccc(c1)-c1cccc(c1)C#N)C(=O)N1CCCCC1,0,0.001878,0.202485,0.073232
[O-][N+](=O)c1ccc(cc1)Oc1ccc(cc1)-c1ccccc1,0,0.440649,0.341101,0.161533
C[C@H]1CN([C@H](C)CO)C(=O)Cc2cc(ccc2O[C@@H]1CN(C)Cc1ccc2c(c1)OCO2)NC(=O)c1ccncc1,0,0.002823,0.016690,0.002160
C[C@@H]1CN([C@@H](C)CO)C(=O)Cc2cc(ccc2O[C@H]1CN(C)C(=O)Nc1ccc(cc1)C(F)(F)F)NC(=O)Cc1ccccc1,0,0.218547,0.061245,0.042049
OC[C@H]1O[C@H](C[C@H]2[C@@H]1Oc1ccc(cc12)NC(=O)c1ccc2c(c1)OCO2)CC(=O)NCC(F)(F)F,0,0.068332,0.076564,0.045945
CC(C)NC(=O)[C@]1(CC(=O)N(Cc2ccccc2C(F)(F)F)[C@@H]1c1ccc(cc1I)CO)Sc1ccc(cc1)C,0,0.977648,0.117242,0.072253
O=C1N[C@@H](C(=O)N1)c1ccccc1,0,0.025133,0.167265,0.095159
C[C@@H]1CCCCO[C@@H](CN(C)C(=O)Cc2ccccc2)[C@H](C)CN([C@@H](C)CO)C(=O)c2cc(ccc2O1)NC(=O)Nc1ccccc1,0,0.003057,0.017131,0.002004
CCCN(C)C[C@H]1OCCCC[C@@H](C)Oc2ccc(cc2C(=O)N(C[C@H]1C)[C@@H](C)CO)NC(=O)Nc1ccc(cc1)C(F)(F)F,0,0.661252,0.719979,0.901222
NCCNC(=O)c1ccc(cn1)Cl,0,0.244000,0.044214,0.009615
COc1ccc(cc1)[C@@H](NC(=O)C1CCN(CC1)Cc1ccc(cc1)Oc1ccccc1)c1ccccn1,0,0.288713,0.656751,0.500330
Cc1cccc(c1)/C=C/1\CS/C(=C\c2cccc(c2)C)C1=O,0,0.996205,0.168478,0.157880
Nc1ccc(cc1)S(=O)(=O)N,0,0.000046,0.040740,0.010329
C[C@H]1CCCCO[C@H](CN(C)Cc2ccncc2)[C@@H](C)CN([C@H](C)CO)C(=O)c2cc(ccc2O1)NC(=O)Nc1cccc2ccccc12,0,0.013363,0.016486,0.001871
COc1c2ccoc2cc2oc(=O)ccc12,0,0.086188,0.052661,0.056972
O[C@H]1CN[C@@H]2CC[C@H](CC(=O)NCCN3CCCCC3)O[C@H]2COC1,0,0.529333,0.025479,0.012566
COC(=O)C[C@@H]1CC[C@H]2[C@@H](COC[C@H](O)CN2S(=O)(=O)c2ccc(cc2)F)O1,0,0.245701,0.038810,0.018630
C[C@@H]1CN([C@@H](C)CO)C(=O)c2cccc(c2O[C@H]1CN(C)S(=O)(=O)c1ccccc1)NC(=O)Nc1c(noc1C)C,0,0.031079,0.017475,0.002975
COC(=O)C(=C1OC(=O)C(c2ccccc2)=C1O)c1ccccc1,0,0.311354,0.335938,0.112346
COc1ccc(-c2cc(=O)c3c(OC)c(OC)c(OC)cc3o2)cc1OC,0,0.503929,0.111104,0.033141
CCS(=O)(=O)Nc1ccc2c(c1)C(=O)N(C)[C@@H]1CC[C@H](CC(=O)NCCCN3CCOCC3)O[C@H]1CO2,0,0.005530,0.018282,0.003763
CC(C(=O)O)c1cccc(C(=O)c2ccccc2)c1,0,0.391267,0.089545,0.057834
C[C@@H]1CN([C@@H](C)CO)C(=O)CCCn2nncc2CO[C@H]1CN(C)C(=O)Nc1ccc(cc1)C(F)(F)F,0,0.714996,0.929655,0.945294
C[C@@H]1CCCCO[C@H](CN(C)Cc2ccc(cc2)C(F)(F)F)[C@@H](C)CN([C@H](C)CO)C(=O)c2cc(ccc2O1)NS(=O)(=O)c1ccc(cc1)Cl,0,0.081819,0.016739,0.003135
CCCCNc1ccc(C(=O)OCCN(C)C)cc1.Cl,0,0.424740,0.150747,0.068248
CO[C@H]1CN(C)C(=O)c2cc(ccc2OC[C@H](C)N(C[C@@H]1C)C(=O)C1CCOCC1)NS(=O)(=O)C,0,0.006893,0.032235,0.003529
C[C@H]1CCCCO[C@@H](CN(C)C(=O)C2CCCCC2)[C@@H](C)CN([C@H](C)CO)C(=O)c2cc(ccc2O1)NC(=O)Nc1c(noc1C)C,0,0.031277,0.017179,0.003783
C[C@@H]1CN([C@@H](C)CO)C(=O)Cc2cc(ccc2O[C@H]1CN(C)C(=O)Nc1ccc(cc1)F)NC(=O)Cn1cnnn1,0,0.016781,0.019110,0.006618
C[C@@H]1CCCCO[C@@H](CN(C)Cc2ccc(cc2)C(F)(F)F)[C@H](C)CN([C@@H](C)CO)C(=O)c2cc(ccc2O1)NS(=O)(=O)c1ccc(cc1)Cl,0,0.081819,0.016739,0.003135
C[C@H]1CCCCO[C@H](CN(C)Cc2ccc(cc2)C(F)(F)F)[C@@H](C)CN([C@H](C)CO)C(=O)c2cc(ccc2O1)NC(=O)c1ccncc1,0,0.113688,0.015185,0.003161
C[C@H]1CN([C@H](C)CO)C(=O)c2cc(ccc2O[C@H]1CN(C)C(=O)Nc1ccc(cc1)F)NC(=O)Cn1cnnn1,0,0.066478,0.020528,0.007195
C/C=C/c1ccc2c(c1)O[C@H](CN(C)C(=O)c1ccc3c(c1)OCO3)[C@@H](C)CN([C@@H](C)CO)S2(=O)=O,0,0.005820,0.017674,0.002972
COCC(=O)Nc1ccc2c(c1)CC(=O)N2C,0,0.271970,0.058067,0.022582
CC1=NN(CC(=O)O)C(=O)c2cccn21,0,0.012649,0.024959,0.019575
COc1c2occc2cc2ccc(=O)oc12,0,0.062246,0.065163,0.046042
CNC[C@H]1OCCCC[C@@H](C)Oc2ccc(cc2C(=O)N(C[C@H]1C)[C@H](C)CO)NC(=O)c1ccncc1,0,0.008312,0.020406,0.002182
OC[C@@H]1O[C@H](C[C@@H]2[C@H]1Oc1ccc(cc12)NC(=O)C1CCOCC1)CC(=O)NCc1ccc2c(c1)OCO2,0,0.022244,0.036328,0.006744
OCc1ccc(cc1)[C@H]1N(CC23CC4CC(CC(C4)C3)C2)C(=O)C[C@@]1(C(=O)NCc1ccccc1)c1ccc(cc1)[N+](=O)[O-],0,0.800302,0.304843,0.172012
OC[C@@H]1O[C@@H](C[C@@H]2[C@H]1Oc1ccc(cc12)NS(=O)(=O)c1ccccc1)CC(=O)NC1CCCCC1,0,0.007104,0.018471,0.006513
C[C@H]1CN([C@@H](C)CO)C(=O)Cc2cc(ccc2O[C@@H]1CN(C)Cc1ccc(cc1)C(=O)Nc1ccccc1N)NS(=O)(=O)C,0,0.007593,0.018091,0.001705
COc1cccc(c1)S(=O)(=O)Nc1ccc2c(c1)[C@@H]1C[C@H](CC(=O)NCCc3ccccc3)O[C@@H](CO)[C@@H]1O2,0,0.005524,0.017702,0.005130
N[C@@H](CCO)c1cccc(c1)Cl,0,0.306379,0.041612,0.017239
C[C@@H]1CN([C@@H](C)CO)C(=O)Cc2cc(ccc2O[C@@H]1CN(C)S(=O)(=O)c1c(noc1C)C)NC(=O)Nc1ccccc1,0,0.011088,0.016387,0.003174
COc1ccc(cc1)S(=O)(=O)N(C)C[C@@H]1Oc2ccc(cc2C(=O)N(C[C@H]1C)[C@H](C)CO)NS(=O)(=O)c1ccccc1,0,0.002860,0.017467,0.002951
C[C@H]1CN([C@@H](C)CO)C(=O)c2cccc(c2O[C@@H]1CN(C)S(=O)(=O)c1cn(cn1)C)NC(=O)Nc1ccccc1,0,0.037791,0.017786,0.002652
Nc1nnc([nH]1)C(F)(F)F,0,0.834539,0.160245,0.050083
COc1ccc(cc1)NC(=O)N(C)C[C@H]1OCCCC[C@H](C)Oc2ccc(cc2C(=O)N(C[C@@H]1C)[C@H](C)CO)NC(=O)Nc1c(noc1C)C,0,0.024226,0.017104,0.002219
CC(C)NC(=O)N(C)C[C@@H]1Oc2ccc(cc2CC(=O)N(C[C@@H]1C)[C@@H](C)CO)NC(=O)Nc1ccc2c(c1)OCO2,0,0.008704,0.015471,0.002680
CC(=O)N1c2ccccc2C2=NNC(=S)N[C@@]12O,0,0.000000,0.138098,0.061317
C[C@@H]1CN([C@H](C)CO)C(=O)CCCn2nncc2CO[C@@H]1CN(C)C(=O)Nc1ccc2c(c1)OCCO2,0,0.007292,0.028461,0.003715
S=C=Nc1ccc(N=C=S)cc1,0,0.000000,0.316595,0.207325
COc1ccc(cc1)NC(=O)Nc1ccc2c(c1)C(=O)N(C[C@H](C)[C@H](CN(C)Cc1ccncc1)OCCCC[C@@H](C)O2)[C@@H](C)CO,0,0.012384,0.016512,0.001718
C[C@H]1CC/C=C\[C@H]2O[C@@]34C=CCN(C(=O)[C@H]3N(CCCO)C(=O)[C@]4(C)[C@@H]2C(=O)O1)c1ccc(cc1)Cl,0,0.254821,0.209329,0.153327
Cn1cnc(c1)S(=O)(=O)N1C[C@@H](O)COC[C@@H]2O[C@H](CC[C@H]21)CC(=O)NC1CCC1,0,0.168226,0.050642,0.019422
C[C@@H]1CN([C@H](C)CO)C(=O)c2cc(ccc2O[C@@H]1CN(C)Cc1ccc2c(c1)OCO2)NC(=O)CCCN(C)C,0,0.014083,0.017657,0.004130
C[C@@H]1CCCCO[C@@H](CN(C)C(=O)Nc2ccc(cc2)C(F)(F)F)[C@H](C)CN([C@H](C)CO)C(=O)c2cc(ccc2O1)NC(=O)c1ccccc1,0,0.086651,0.017825,0.003133
Cc1cccc(c1C)C(=O)N1CCC[C@H](C1)Cn1cc(nn1)C(C)(C)N,0,0.928235,0.289308,0.067080
COc1ccc(cc1)S(=O)(=O)Nc1cccc2c1O[C@@H](CN(C)C(=O)Nc1c(noc1C)C)[C@H](C)CN([C@H](C)CO)C2=O,0,0.032230,0.017477,0.003406
OCc1ccc(cc1)[C@H]1[C@H](C(=O)NCC(F)(F)F)c2ccccc2C(=O)N1Cc1cc(cc(c1)C(F)(F)F)F,0,0.963808,0.369081,0.166713
C[C@@H]1CN([C@@H](C)CO)C(=O)c2cccc(c2O[C@H]1CN(C)Cc1ccc(cc1)-c1ccccc1)NC(=O)Nc1c(noc1C)C,0,0.117223,0.017818,0.004923
CC(C)CNC(=O)[C@]1(CC(=O)N(Cc2ccccc2C(F)(F)F)[C@@H]1c1ccc(cc1)CO)Sc1ccc(cc1)C,0,0.960061,0.223060,0.165487
COc1ccc(cc1)S(=O)(=O)N(C)C[C@@H]1Oc2ccc(cc2C(=O)N(C[C@@H]1C)[C@@H](C)CO)NC(=O)Nc1cccc2ccccc12,0,0.011973,0.017500,0.002697
CSC[C@H]1O[C@@H]([C@@H](O)[C@H]1O)n1ccc2c(ncnc12)N,0,0.032326,0.153042,0.048005
COc1cc2c(cc1OC)-c1c(oc3c4c(ccc3c1=O)OC(C)(C)C=C4)CO2,0,0.024108,0.151789,0.056340
CC(C)(C)NC(=O)N1CCC(CN)CC1,0,0.257870,0.019049,0.004654
OC[C@@H]1O[C@H](C[C@@H]2[C@H]1Oc1ccc(cc12)NS(=O)(=O)c1ccc(cc1)F)CC(=O)NCc1cccc(c1)F,0,0.061170,0.023931,0.007012
C[C@H]1CN([C@@H](C)CO)C(=O)c2cc(ccc2O[C@@H]1CN(C)S(=O)(=O)c1ccc(cc1)Cl)NS(=O)(=O)c1cn(cn1)C,0,0.031301,0.017470,0.002581
COc1ccc(cc1)-c1cnc2c(c1)C(=O)N(C[C@@H](C)[C@H](CN(C)C(=O)Cc1cccnc1)O2)[C@@H](C)CO,0,0.011316,0.016506,0.002408
CC(CCC(=O)O)C1CCC2C3C(=O)CC4CC(=O)CCC4(C)C3CC(=O)C12C,0,0.988609,0.293259,0.055796
C[C@H]1CCCCO[C@H](CN(C)Cc2ccc(cc2)C(F)(F)F)[C@H](C)CN([C@H](C)CO)C(=O)c2cc(ccc2O1)NC(=O)c1ccncc1,0,0.113688,0.015185,0.003161
COc1ccc(cc1)NC(=O)Nc1cccc2c1O[C@@H](CN(C)C(=O)Nc1cccc3ccccc13)[C@H](C)CN([C@H](C)CO)C2=O,0,0.047488,0.017510,0.003933
C[C@H]1CN([C@@H](C)CO)C(=O)c2cccc(c2O[C@@H]1CN(C)S(=O)(=O)c1ccc(cc1)Cl)NC(=O)Nc1ccc(cc1)C(F)(F)F,0,0.676142,0.162511,0.016853
COc1ccc(cc1)S(=O)(=O)N(C)C[C@H]1Oc2ccc(cc2C(=O)N(C[C@@H]1C)[C@H](C)CO)NS(=O)(=O)c1ccccc1,0,0.002860,0.017467,0.002951
OC[C@@H]1O[C@H](CC(=O)NCCCN2CCOCC2)C=C[C@@H]1NS(=O)(=O)c1ccccc1F,0,0.040402,0.024397,0.008695
C[C@@H]1CN([C@@H](C)CO)C(=O)c2cccc(c2O[C@@H]1CN(C)Cc1ccc(cc1)C(=O)O)NS(=O)(=O)c1c(noc1C)C,0,0.046599,0.026238,0.003950
C[C@@H]1CN([C@H](C)CO)C(=O)c2cccc(c2O[C@@H]1CN(C)Cc1ccc(c(c1)Cl)Cl)NC(=O)CCCCCC(=O)Nc1ccccc1N,0,0.124424,0.031838,0.006785
C[C@@H]1CN([C@@H](C)CO)C(=O)c2cccc(c2O[C@@H]1CN(C)Cc1ccc(cc1)-c1ccccc1)NS(=O)(=O)c1ccc(cc1)Cl,0,0.053147,0.019849,0.004578
CN(C)[C@H]1[C@@H]2C[C@H]3C(=C(O)[C@]2(O)C(=C(C(=O)N)C1=O)O)C(=O)c1c(cccc1[C@]3(C)O)O,1,0.789203,0.631960,0.670291
O=C(CCCCCCCC(=O)NCCO)NCCO,0,0.000172,0.097749,0.015369
C[C@@H]1CN([C@@H](C)CO)C(=O)c2cc(ccc2O[C@@H]1CN(C)C(=O)Nc1cccc2ccccc12)NC(=O)Nc1ccc(cc1)F,0,0.080261,0.018365,0.007111
C[C@@H]1CN([C@@H](C)CO)C(=O)c2cccc(c2O[C@@H]1CN(C)Cc1ccccc1)NC(=O)c1cc(nn1C)C,0,0.018868,0.017023,0.003059
CO[C@H]1CN(C)C(=O)c2cc(ccc2OC[C@@H](C)N(C[C@H]1C)C(=O)NC(C)C)NS(=O)(=O)CC(F)(F)F,0,0.073316,0.053734,0.006172
COc1ccc(cc1)[Si](C)(C)[C@H]1[C@H](C)[C@]2(O[C@@H]1CC(=O)N(CCO)Cc1ccccc1)C(=O)N(Cc1cccc(c1)N1CCC1=O)c1ccccc12,0,0.430724,0.126107,0.004951
C=C1CCC(=O)C(C)CCC2C1CC2(C)C,0,0.745104,0.092237,0.031638
C[C@@H]1CN([C@@H](C)CO)C(=O)c2cccc(c2O[C@H]1CN(C)Cc1ccc2c(c1)OCO2)NC(=O)C1CC1,0,0.011187,0.016565,0.004043
C[C@H]1CCCCO[C@H](CN(C)Cc2ccc(cc2)C(F)(F)F)[C@H](C)CN([C@@H](C)CO)C(=O)c2cc(ccc2O1)NC(=O)NC1CCCCC1,0,0.287664,0.032057,0.013052
C[C@H]1CN([C@H](C)CO)C(=O)c2cc(cnc2O[C@@H]1CN(C)C(=O)C1CCOCC1)-c1cccc(c1)C#N,0,0.000068,0.015884,0.002416
CC(=CCc1cccc2c(c[nH]c12)C1=C(O)C(=O)C(=C(O)C1=O)c1c([nH]c2ccccc12)C(C)(C)C=C)C,0,0.817878,0.176641,0.074050
O=C(O)c1ccccc1Nc1cccc(C(F)(F)F)c1,0,0.966466,0.251749,0.335133
C[C@H]1CN([C@@H](C)CO)C(=O)c2cc(ccc2O[C@H]1CN(C)C(=O)NC1CCCCC1)NS(=O)(=O)c1c(noc1C)C,0,0.032768,0.018323,0.005690
COc1ccc(cc1)NC(=O)N(C)C[C@@H]1Oc2ncc(cc2C(=O)N(C[C@@H]1C)[C@H](C)CO)-c1cccc(c1)C(F)(F)F,0,0.467074,0.397615,0.086824
COc1ccccc1C#Cc1ccc2c(c1)O[C@H](CN(C)Cc1ccncc1)[C@H](C)CN([C@@H](C)CO)S2(=O)=O,0,0.057916,0.018504,0.002972
NC1CCSCC1,0,0.014623,0.033484,0.018096
C[C@H]1CN([C@@H](C)CO)C(=O)c2cc(ccc2O[C@@H]1CN(C)Cc1ccc(cc1)Oc1ccccc1)NC(=O)CCC(F)(F)F,0,0.073302,0.055007,0.025819
O[C@H]1COC[C@@H]2O[C@@H](CC[C@H]2N(C1)C(=O)c1cnccn1)CC(=O)NCc1ccc(cc1)Oc1ccccc1,0,0.249275,0.081296,0.034625
COc1ccc(cc1)NC(=O)Nc1ccc2c(c1)C(=O)N(C[C@H](C)[C@H](CN(C)Cc1ccc(cc1)C(=O)O)OCCCC[C@@H](C)O2)[C@@H](C)CO,0,0.024512,0.022659,0.001836
C[C@H]1CN([C@@H](C)CO)C(=O)c2cc(ccc2O[C@@H]1CN(C)CC1CCCCC1)NC(=O)Nc1cccc2ccccc12,0,0.093988,0.021352,0.008007
COc1ccc(cc1)NC(=O)N[C@H]1CC[C@@H](CCNC(=O)CN2CCOCC2)O[C@@H]1CO,0,0.014098,0.030257,0.008910
COc1ccc(cc1)NC(=O)N(C)C[C@H]1Oc2ccc(cc2CC(=O)N(C[C@H]1C)[C@H](C)CO)NS(=O)(=O)c1cn(cn1)C,0,0.009814,0.017291,0.002483
COc1ccc(cc1)S(=O)(=O)N(C)C[C@H]1Oc2c(cccc2C(=O)N(C[C@H]1C)[C@@H](C)CO)NS(=O)(=O)c1ccccc1,0,0.005044,0.018479,0.003594
CC(C)NC(=O)[C@]1(CC(=O)N(CC23CC4CC(CC(C4)C3)C2)[C@@H]1c1ccc(cc1I)CO)c1ccc(cc1)[N+](=O)[O-],0,0.912217,0.295976,0.163482
O=C(NCCc1ccccc1)c1nnc[nH]1,0,0.275116,0.208136,0.085504
COc1ccc(cc1)S(=O)(=O)N(C)C[C@@H]1OCCCC[C@H](C)Oc2ccc(cc2C(=O)N(C[C@@H]1C)[C@H](C)CO)NC(=O)NC1CCCCC1,0,0.007842,0.017870,0.002433
CC(N)(Cc1ccc(c(c1)O)O)C(=O)O,0,0.387848,0.035776,0.030344
CC(C)NC(=O)N[C@@H]1C=C[C@@H](CC(=O)NCCN2CCCC2)O[C@H]1CO,0,0.097377,0.032485,0.014995
COCC(=O)N(C)C[C@@H]1Oc2cc(ccc2S(=O)(=O)N(C[C@@H]1C)[C@H](C)CO)C#C[C@@H](C)O,0,0.057680,0.022000,0.004696
C[C@H]1CN([C@H](C)CO)C(=O)Cc2cc(ccc2O[C@H]1CN(C)S(=O)(=O)C)NS(=O)(=O)c1ccc(cc1)F,0,0.007912,0.017401,0.003516
COc1ccc(cc1)[Si](C)(C)[C@H]1[C@H](C)[C@]2(O[C@@H]1CCn1cc(nn1)CCO)C(=O)N(C)c1ccccc12,0,0.549295,0.039173,0.036766
C[C@H]1CCCCO[C@@H](CN(C)C(=O)CCC(F)(F)F)[C@@H](C)CN([C@H](C)CO)C(=O)c2cc(ccc2O1)NC(=O)CCC(F)(F)F,0,0.084337,0.147976,0.071268
CC(=O)N[C@@H]1CC[C@@H](CCNC(=O)C2CC2)O[C@H]1CO,0,0.066196,0.031465,0.012261
C[C@H]1CCCCO[C@H](CN(C)Cc2ccc3c(c2)OCO3)[C@H](C)CN([C@@H](C)CO)C(=O)c2cc(ccc2O1)NC(=O)Cc1ccccc1,0,0.003560,0.016457,0.003317
C[C@@H]1CN([C@H](C)CO)C(=O)c2cc(ccc2O[C@H]1CN(C)S(=O)(=O)c1ccccc1)NS(=O)(=O)c1ccc(cc1)C,0,0.003496,0.017704,0.002982
C[C@H]1CN([C@@H](C)CO)C(=O)Cc2cc(ccc2O[C@@H]1CN(C)C(=O)Nc1cccc2ccccc12)NC(=O)Nc1c(noc1C)C,0,0.014464,0.016980,0.002282
COc1ccccc1NC(=O)N(C)C[C@@H]1Oc2cc(ccc2S(=O)(=O)N(C[C@@H]1C)[C@@H](C)CO)Br,0,0.370715,0.030365,0.006125
C[C@@H](N)Cc1cccc(c1)O,0,0.071899,0.065793,0.034687
OC[C@@H]1[C@H]2CN3C(=O)C=CC=C3[C@@H]([C@H]1C(=O)Nc1nccs1)N2C(=O)C1CC1,0,0.009215,0.033688,0.027898
COC(=O)Cc1cccn1C,0,0.003311,0.034828,0.010500
NC(=O)c1ncn(C2OC(CO)C(O)C2O)n1,0,0.019549,0.035521,0.012558
C[C@H]1CN([C@H](C)CO)C(=O)c2cc(ccc2O[C@H]1CN(C)S(=O)(=O)c1ccccc1)NS(=O)(=O)c1cccs1,0,0.003188,0.017665,0.003221
C[C@@H]1CN([C@H](C)CO)C(=O)Cc2cc(ccc2O[C@@H]1CN(C)Cc1ccc(cc1)-c1ccccc1)NC(=O)Nc1ccccc1,0,0.061479,0.024095,0.003689
CC(C)[C@@H](CO)N1[C@@H]2C(=O)N(CC=C[C@]22O[C@@H]3/C=C\CCCOC(=O)[C@@H]3[C@@]2(C)C1=O)c1ccc(cc1)Cl,0,0.515093,0.208556,0.166827
C[C@H]1CN([C@@H](C)CO)C(=O)CCCn2cc(nn2)CO[C@@H]1CN(C)S(=O)(=O)c1ccc(cc1)Cl,0,0.027600,0.027396,0.005703
C[C@H]1C[C@H]2N[C@H]3[C@@H](NC(=O)NC3=O)N(C[C@H](O)[C@H](O)[C@H](O)CO)[C@@H]2C[C@@H]1C,0,0.158910,0.547310,0.319696
CNC(=O)[C@H]1Cc2ccccc2N1C(=O)COC,0,0.177866,0.033514,0.015785
COCC(=O)Nc1ccc2c(c1)C(=O)N(C)C[C@@H](OC)[C@@H](C)CN([C@@H](C)CO2)C(=O)c1ccccc1F,0,0.053548,0.020574,0.007256
COCC(=O)N(C)C[C@@H]1Oc2cc(ccc2S(=O)(=O)N(C[C@@H]1C)[C@@H](C)CO)C#C[C@H](C)O,0,0.057680,0.022000,0.004696
C[C@H]1CN([C@H](C)CO)C(=O)Cc2cc(ccc2O[C@@H]1CN(C)Cc1ccc(c(c1)Cl)Cl)NC(=O)Nc1c(noc1C)C,0,0.203814,0.039830,0.011002
C[C@@H]1CN([C@H](C)CO)C(=O)c2cc(ccc2O[C@@H]1CN(C)C(=O)Nc1ccc2c(c1)OCO2)NC(=O)Nc1cccc2ccccc12,0,0.006216,0.016663,0.002556
C[C@H]1CN([C@@H](C)CO)C(=O)c2cc(cnc2O[C@H]1CN(C)C(=O)c1ccncc1)-c1ccc(cc1)C(=O)N(C)C,0,0.001889,0.016672,0.002991
CC(=O)O[C@@H]1[C@@H](O)[C@H](OC(=O)c2ccccc2)[C@@H](CO)O[C@H]1Oc1cc(cc(c1C(=O)c1cccc(c1)O)O)O,0,0.143321,0.146701,0.070686
C[C@H]1CCCCO[C@@H](CN(C)S(=O)(=O)c2cccs2)[C@H](C)CN([C@@H](C)CO)C(=O)c2cc(ccc2O1)NC(=O)Nc1ccc(cc1)F,0,0.008294,0.017465,0.002284
C[C@H]1CN([C@@H](C)CO)C(=O)c2cc(cnc2O[C@@H]1CN(C)C(=O)c1ccc2c(c1)OCO2)C#Cc1ccccc1F,0,0.016350,0.022861,0.004759
C[C@H]1CN([C@@H](C)CO)C(=O)c2cc(ccc2O[C@H]1CN(C)Cc1ccc(c(c1)Cl)Cl)NC(=O)Nc1c(noc1C)C,0,0.235176,0.020931,0.008518
CO[C@@H]1CN(C)C(=O)c2cc(ccc2OC[C@H](C)N(C[C@H]1C)Cc1cccnc1)NC(=O)C1CCOCC1,0,0.011931,0.035263,0.003457
C[C@@H]1CCCCO[C@H](CN(C)S(=O)(=O)C)[C@@H](C)CN([C@@H](C)CO)C(=O)c2cc(ccc2O1)NS(=O)(=O)c1ccccc1,0,0.001558,0.017512,0.002365
CS(=O)(=O)OCCCCOS(C)(=O)=O,0,0.002114,0.074811,0.024452
C[C@H]1CCCCO[C@H](CN(C)Cc2ccc(cc2)C(F)(F)F)[C@H](C)CN([C@H](C)CO)C(=O)c2cc(ccc2O1)NS(=O)(=O)c1ccccc1,0,0.022196,0.017651,0.003065
C1CN(CCN1)CCn1ccnc1,0,0.041927,0.038335,0.011440
CCCNC(=O)C[C@H]1CC[C@H]2[C@H](COc3ccc(cc3C(=O)N2C)NS(=O)(=O)c2ccccc2C)O1,0,0.004817,0.019611,0.004331
NC(=O)N1CCc2n[nH]c(c2C1)C(=O)N1CCOCC1,0,0.001191,0.038327,0.012130
C[C@H]1CN([C@@H](C)CO)C(=O)Cc2cc(ccc2O[C@H]1CN(C)Cc1ccc(cc1)-c1ccccc1)NC(=O)C1CCCCC1,0,0.104788,0.038412,0.008101
CN(C)CC(=O)N[C@@H]1C=C[C@@H](CC(=O)O)O[C@@H]1CO,0,0.047620,0.025324,0.013025
CC(C)CC#Cc1ccc2c(c1)O[C@@H](CN(C)C(=O)Cc1ccncc1)[C@H](C)CN([C@H](C)CO)S2(=O)=O,0,0.036453,0.021319,0.003293
C[C@H]1CCCCO[C@@H](CN(C)C(=O)c2ccccc2)[C@@H](C)CN([C@H](C)CO)C(=O)c2cc(ccc2O1)NC(=O)NC1CCCCC1,0,0.003446,0.016860,0.001684
CN1[C@@H]2CC[C@H](CC(=O)NCCc3ccncc3)O[C@@H]2COc2ccc(cc2C1=O)NS(=O)(=O)c1ccc(cc1)C,0,0.004702,0.019099,0.004257
C[C@H]1CCCCO[C@H](CN(C)Cc2ccc(cc2)C(F)(F)F)[C@@H](C)CN([C@@H](C)CO)C(=O)c2cc(ccc2O1)N(C)C,0,0.308858,0.037714,0.012205
C[C@@H]1CN([C@H](C)CO)C(=O)CCCn2cc(nn2)CO[C@@H]1CN(C)S(=O)(=O)c1cccc(c1)C#N,0,0.000063,0.020116,0.003420
C[C@@H]1CCCCO[C@@H](CN(C)CC2CCCCC2)[C@@H](C)CN([C@H](C)CO)C(=O)c2cc(ccc2O1)NC(=O)Nc1ccc(cc1)C(F)(F)F,0,0.710756,0.336419,0.206824
NC1=NN(C(=O)C1)c1ccccc1,0,0.121865,0.040337,0.022505
CCN(CC)CC#CCOC(=O)C(O)(c1ccccc1)C1CCCCC1.Cl,0,0.613085,0.239163,0.245767
CC(C)NC(=O)N(C)C[C@H]1Oc2c(cccc2C(=O)N(C[C@@H]1C)[C@H](C)CO)NS(=O)(=O)c1ccc(cc1)C,0,0.032874,0.023957,0.004811
CNC[C@@H]1Oc2ccc(cc2CC(=O)N(C[C@H]1C)[C@H](C)CO)NC(=O)CCN1CCOCC1,0,0.006170,0.020599,0.004065
CCN(CC)CCNc1ccc(c2c1C(=O)c1ccccc1S2)COc1ccccc1/C=C(C)/C=C/C(=O)NO,0,0.991115,0.120765,0.089444
C[C@H]1CN([C@H](C)CO)C(=O)Cc2cc(ccc2O[C@H]1CN(C)Cc1ccccc1)NS(=O)(=O)c1cn(cn1)C,0,0.005667,0.018046,0.002462
C[C@@H]1CN([C@H](C)CO)C(=O)c2cc(ccc2O[C@H]1CN(C)S(=O)(=O)c1ccccc1)NS(=O)(=O)C,0,0.015781,0.017827,0.003665
C[C@@H]1CN([C@@H](C)CO)C(=O)Cc2cc(ccc2O[C@@H]1CN(C)Cc1ccc(cc1)-c1ccccc1)NC(=O)Nc1ccc(cc1)C(F)(F)F,0,0.475075,0.038893,0.009482
CC(C)NC(=O)Nc1ccc2c(c1)C(=O)N(C[C@@H](C)[C@H](CN(C)Cc1ccc(cc1)Oc1ccccc1)O2)[C@@H](C)CO,0,0.015298,0.019501,0.005533
C[C@H]1CN([C@H](C)CO)C(=O)c2cccc(c2O[C@@H]1CN(C)Cc1ccc(cc1)C(=O)Nc1ccccc1N)NC(=O)Nc1ccc(cc1)F,0,0.172325,0.017786,0.003085
COCC(=O)N1C[C@]2(CCN(CC2)C(=O)CN2CCOCC2)c2c([nH]c3cc(ccc23)OC)[C@H]1CO,0,0.074242,0.044493,0.012663
Cc1ccc(S(=O)(=O)NC(=O)NN2CCCCCC2)cc1,0,0.378023,0.046271,0.010298
C[C@H]1CCCCO[C@@H](CN(C)S(=O)(=O)c2ccccc2)[C@H](C)CN([C@H](C)CO)C(=O)c2cc(ccc2O1)NC(=O)Nc1c(noc1C)C,0,0.004477,0.017499,0.002083
C[C@@H]1CN([C@H](C)CO)C(=O)Cc2cc(ccc2O[C@@H]1CN(C)S(=O)(=O)c1ccc(cc1)C)NC(=O)CCCN(C)C,0,0.005678,0.022428,0.002856
COc1ccc(cc1)NC(=O)N(C)C[C@@H]1OCCCC[C@H](C)Oc2ccc(cc2C(=O)N(C[C@H]1C)[C@H](C)CO)NS(=O)(=O)c1ccc(cc1)Cl,0,0.007768,0.017526,0.001775
C[C@H]1CCCCO[C@@H](CN(C)Cc2ccncc2)[C@H](C)CN([C@@H](C)CO)C(=O)c2cc(ccc2O1)NS(=O)(=O)c1ccc(cc1)Cl,0,0.008118,0.017407,0.001957
CN1CCN(CC1)C(=O)C[C@H]1CC[C@H]2[C@@H](COc3ccc(cc3C(=O)N2C)NC(=O)c2cscn2)O1,0,0.018656,0.023408,0.009900
Oc1ccc(cc1)[C@@H]1N2[C@H]([C@H](C(=O)NCC=C)[C@@]11C(=O)Nc3ccc(cc31)C#CC1=CCCCC1)C(=O)O[C@H]([C@H]2c1ccccc1)c1ccccc1,0,0.586766,0.150972,0.160034
C[C@@H]1CN([C@H](C)CO)C(=O)c2cc(cnc2O[C@@H]1CN(C)S(=O)(=O)c1ccccc1)C#Cc1ccccc1F,0,0.022082,0.018665,0.003747
O[C@@H]1COC[C@@H]2O[C@H](CC[C@H]2N(C1)S(=O)(=O)c1ccccc1)CC(=O)NCCN1CCCC1,0,0.291039,0.037856,0.015794
C[C@@]12[C@@H]3CC[C@@H](O3)[C@@]2(C)C(=O)OC1=O,0,0.359064,0.049768,0.013655
COc1ccc(cc1)[C@H]1CC(=NN1C(=O)c1ccccc1)[C@H]1[C@@H]([C@H]2C[C@@H](Br)CC[C@@H]2NC1=O)c1ccccc1,0,0.282520,0.177765,0.139236
C[C@H]1CN([C@@H](C)CO)C(=O)Cc2cc(ccc2O[C@@H]1CN(C)S(=O)(=O)c1cn(cn1)C)NC(=O)C1CC1,0,0.004615,0.018716,0.002584
COc1ccc(cc1)S(=O)(=O)Nc1ccc2c(c1)C(=O)N(C[C@H](C)[C@H](CN(C)C(=O)Nc1ccc(cc1)F)OCCCC[C@H](C)O2)[C@H](C)CO,0,0.012273,0.017470,0.002309
CN1CCN(CC1)C(=O)C[C@H]1CC[C@H]2[C@H](COc3ccc(cc3C(=O)N2C)NC(=O)c2ccc(c(c2)F)F)O1,0,0.078051,0.137471,0.039923
COCC#Cc1ccc2c(c1)O[C@H](CN(C)C(=O)C1CCOCC1)[C@H](C)CN([C@H](C)CO)S2(=O)=O,0,0.034060,0.021889,0.004480
CO[C@H]1[C@@H](CC(=O)O[C@H](C)C/C=C\C=C/[C@H](O)[C@H](C)C[C@H](CC=O)[C@@H]1O[C@@H]1O[C@H](C)[C@@H](O[C@H]2C[C@@](C)(O)[C@@H](OC(=O)CC(C)C)[C@H](C)O2)[C@@H]([C@H]1O)N(C)C)OC(=O)C,1,0.757831,0.924954,0.978454
Cc1cncc2cccc(c12)S(=O)(=O)N1CC[C@@H](C1)N(C/C=C/c1ccc(cc1)Br)C/C=C/c1ccc(cc1)Br,0,0.936519,0.042079,0.021964
COc1ccccc1CNC(=O)C[C@@H]1C[C@H]2[C@H](Oc3ccc(cc32)NS(=O)(=O)c2ccc(cc2)F)[C@H](CO)O1,0,0.026530,0.017807,0.006086
COc1cccc(c1)CNC(=O)c1cc2c(c(n1)-c1cccc(c1)-c1cccc(c1)C#N)[C@H](CCO)N(C2)[S@@](=O)C(C)(C)C,0,0.000901,0.137851,0.028369
CC(C)(CO)c1cc2cc(c(cc2n1C[C@@H](O)CO)F)NC(=O)C1(CC1)c1ccc2c(c1)OC(F)(F)O2,0,0.549065,0.552358,0.415546
C[C@H]1CCCCO[C@H](CN(C)CC2CC2)[C@@H](C)CN([C@H](C)CO)C(=O)c2cc(ccc2O1)NC(=O)CCCCCC(=O)Nc1ccccc1N,0,0.029509,0.019819,0.002755
C[C@@H]1CCCCO[C@H](CN(C)S(=O)(=O)c2cccs2)[C@H](C)CN([C@H](C)CO)C(=O)c2cc(ccc2O1)NC(=O)Nc1c(noc1C)C,0,0.003153,0.018212,0.002274
C[C@@H]1CCCCO[C@H](CN(C)C(=O)Cc2ccccc2)[C@@H](C)CN([C@H](C)CO)C(=O)c2cc(ccc2O1)NC(=O)C1CCCCC1,0,0.001776,0.016549,0.002782
O/N=C/1\CN2CCC1CC2,0,0.277461,0.031115,0.018281
CN(C)S(=O)(=O)NCc1ccc(cc1)C,0,0.011031,0.055842,0.011717
COC(=O)c1cccc(n1)C(=O)OC,0,0.018409,0.115866,0.045171
C[C@@H]1CCCCO[C@@H](CN(C)C(=O)Nc2ccc(cc2)F)[C@@H](C)CN([C@H](C)CO)C(=O)c2cc(ccc2O1)NC(=O)Nc1ccc2c(c1)OCO2,0,0.024209,0.016609,0.002260
C[C@H]1CN([C@H](C)CO)C(=O)c2cc(ccc2O[C@H]1CN(C)Cc1ccc(c(c1)Cl)Cl)NC(=O)Cn1cnnn1,0,0.044695,0.028072,0.006602
C[C@@H]1CCCCO[C@H](CN(C)C(=O)Nc2ccc(cc2)C(F)(F)F)[C@H](C)CN([C@@H](C)CO)C(=O)c2cc(ccc2O1)NS(=O)(=O)c1ccc(cc1)C,0,0.097196,0.029094,0.005061
CCC1=C(C#N)C(=O)NC(=S)N1,0,0.001680,0.059744,0.026691
COc1ccc(cc1)CN(C)C[C@H]1OCCCC[C@H](C)Oc2ccc(cc2C(=O)N(C[C@H]1C)[C@H](C)CO)NS(=O)(=O)c1ccc(cc1)Cl,0,0.008403,0.017660,0.002801
C[C@@H]1CN([C@H](C)CO)C(=O)c2cc(ccc2O[C@@H]1CN(C)C(=O)Nc1ccc2c(c1)OCO2)NS(=O)(=O)c1cn(cn1)C,0,0.007406,0.017913,0.002512
COc1ccc(-c2nc3cc(C4=NNC(=O)CC4C)ccc3[nH]2)cc1,0,0.679875,0.277527,0.281279
CCCC#Cc1cnc2c(c1)C(=O)N(C[C@H](C)[C@H](CN(C)C(=O)c1ccc3c(c1)OCO3)O2)[C@@H](C)CO,0,0.009476,0.016776,0.002104
COc1ccccc1C#Cc1cnc2c(c1)C(=O)N(C[C@H](C)[C@@H](CN(C)C(=O)c1ccc3c(c1)OCO3)O2)[C@H](C)CO,0,0.005667,0.017540,0.002179
c1ccc(nc1)-c1cccs1,0,0.311660,0.116258,0.089242
C[C@@H]1CN([C@@H](C)CO)C(=O)Cc2cc(ccc2O[C@@H]1CN(C)Cc1ccc(cc1)C(F)(F)F)NC(=O)Nc1c(noc1C)C,0,0.245832,0.043511,0.017573
C[C@H]1CN([C@H](C)CO)C(=O)c2cc(ccc2O[C@@H]1CN(C)Cc1ccc(cc1)Oc1ccccc1)NC(=O)Nc1c(noc1C)C,0,0.011808,0.016417,0.003950
C[C@H]1CN([C@@H](C)CO)C(=O)Cc2cc(ccc2O[C@@H]1CN(C)S(=O)(=O)c1ccc(cc1)Cl)NS(=O)(=O)c1cn(cn1)C,0,0.012262,0.017235,0.002473
C[C@@H]1CN([C@H](C)CO)C(=O)c2cccc(c2O[C@@H]1CN(C)Cc1ccc(cc1)Oc1ccccc1)NS(=O)(=O)c1c(noc1C)C,0,0.006336,0.019011,0.003571
COc1ccc(cc1)NC(=O)Nc1ccc2c(c1)C(=O)N(C[C@@H](C)[C@H](CN(C)CC1CCCCC1)OCCCC[C@H](C)O2)[C@@H](C)CO,0,0.054054,0.016541,0.002700
CCS(=O)(=O)N1CC[C@]2(CC1)CN(Cc1ccc3c(c1)OCO3)[C@H](CO)c1c2c2ccc(cc2n1C)OC,0,0.013868,0.025938,0.006348
CC(C)C[C@@H]1NC(=O)[C@H]2C[C@H]([C@H](N2C1=O)c1ccc(cc1)O)C(=O)NCCCCCCNC(=O)CS,0,0.000027,0.195335,0.254187
C[C@H]1CCCCO[C@H](CN(C)C(=O)NC2CCCCC2)[C@@H](C)CN([C@H](C)CO)C(=O)c2cc(ccc2O1)NC(=O)NC1CCCCC1,0,0.014428,0.016859,0.003692
C[C@H]1CCCCO[C@H](CN(C)CC2CCCCC2)[C@H](C)CN([C@@H](C)CO)C(=O)c2cc(ccc2O1)NS(=O)(=O)c1ccc(cc1)F,0,0.031130,0.017307,0.004562
COc1ccc(cc1)S(=O)(=O)Nc1ccc2c(c1)C(=O)N(C[C@H](C)[C@H](CN(C)S(=O)(=O)c1ccc(cc1)Cl)OCCCC[C@H](C)O2)[C@@H](C)CO,0,0.004385,0.018089,0.002498
COc1cc(ccc1O)/C=C/C(=O)C1=C(NCCc2ccccc2)S[C@@H](CC1=O)c1ccc(c(c1)OC)O,0,0.956170,0.198272,0.225839
CCN(Cc1ccc(Cl)nc1)C(=C[N+](=O)[O-])NC,0,0.992963,0.247976,0.175251
OC[C@H]1O[C@H](CCNC(=O)CN2CCOCC2)CC[C@H]1NC(=O)c1ccc2c(c1)OCO2,0,0.005585,0.018927,0.004342
COc1ccc(cc1)S(=O)(=O)Nc1ccc2c(c1)CC(=O)N(C[C@H](C)[C@H](CN(C)S(=O)(=O)c1ccccc1)O2)[C@@H](C)CO,0,0.000993,0.017902,0.002374
CCS(=O)(=O)NCC[C@@H]1CC[C@@H](NS(=O)(=O)c2cccc(c2)F)[C@H](CO)O1,0,0.055747,0.026922,0.011721
CC(C)NC(=O)N(C)C[C@@H]1Oc2ccc(cc2CC(=O)N(C[C@@H]1C)[C@@H](C)CO)NC(=O)Cc1ccccc1,0,0.005771,0.024076,0.006051
C[C@H]1CN([C@@H](C)CO)C(=O)c2ccccc2-c2ccccc2CO[C@H]1CN(C)C(=O)Nc1ccccc1C(F)(F)F,0,0.713720,0.494484,0.199100
C[C@H]1CN([C@H](C)CO)C(=O)Cc2cc(ccc2O[C@H]1CN(C)CC1CC1)NS(=O)(=O)c1ccc(cc1)C,0,0.008875,0.017772,0.003370
C[C@@H]1CN([C@@H](C)CO)C(=O)c2cc(cnc2O[C@H]1CN(C)C(=O)Cc1ccccn1)C#CC1CCCCC1,0,0.007568,0.016673,0.002677
COc1ccc(cc1)CN(C)C[C@H]1OCCCC[C@@H](C)Oc2ccc(cc2C(=O)N(C[C@H]1C)[C@@H](C)CO)NS(=O)(=O)c1ccccc1,0,0.002918,0.017948,0.002259
OC(=O)[C@H]1CCCNC1,0,0.029663,0.017496,0.005124
C[C@H]1CN([C@H](C)CO)C(=O)c2cc(ccc2O[C@@H]1CN(C)Cc1ccc(cc1)C(F)(F)F)NC(=O)Nc1cccc2ccccc12,0,0.265175,0.040531,0.018923
Cc1nnc(o1)N1CCC[C@]2(CNCCO2)C1,0,0.423122,0.023513,0.006490
C[C@H]1CN([C@@H](C)CO)C(=O)Cc2cc(ccc2O[C@H]1CN(C)Cc1ccc(cc1)C(=O)Nc1ccccc1N)NC(=O)Nc1ccc(cc1)F,0,0.034608,0.018005,0.002359
C[C@H]1CN([C@H](C)CO)C(=O)c2cccc(c2O[C@H]1CN(C)Cc1ccc(cc1)C(=O)Nc1ccccc1N)NC(=O)Nc1c(noc1C)C,0,0.063863,0.017562,0.002933
COc1cccc(c1)S(=O)(=O)N[C@H]1CC[C@@H](CCn2cc(nn2)-c2ccccc2OC)O[C@H]1CO,0,0.272641,0.022160,0.007981
OC[C@H]1O[C@@H](C[C@@H]2[C@H]1Oc1ccc(cc12)NS(=O)(=O)c1ccc(cc1)F)CC(=O)NCc1ccc(cc1)Oc1ccccc1,0,0.006485,0.022696,0.006908
Oc1ccc(cc1)[C@H]1N2[C@@H]([C@@H](C(=O)N3CCN(CC3)c3ncccn3)[C@]11C(=O)Nc3ccc(cc31)C#CC1(O)CCCCCC1)C(=O)O[C@@H]([C@@H]2c1ccccc1)c1ccccc1,0,0.006406,0.119217,0.018291
CN(C)CC(=O)N[C@H]1C=C[C@H](CC(=O)NCCN2CCCCC2)O[C@@H]1CO,0,0.168563,0.025322,0.009577
OCc1ccc(cc1)[C@H]1[C@H](C(=O)NCC(F)(F)F)c2ccccc2C(=O)N1Cc1cc(cc(c1)C(F)(F)F)C(F)(F)F,0,0.979356,0.229712,0.118865
CO[C@@H]1CN(C)C(=O)c2ccc(cc2OC[C@@H](C)N(C[C@H]1C)C(=O)c1ccncc1)NC(=O)CN(C)C,0,0.006923,0.017604,0.002471
CCNC1=NC(=O)C=C(F)N1,0,0.060988,0.074080,0.014220
Brc1ccc(s1)-c1ccc(s1)Br,0,0.947307,0.171391,0.123140
CSc1sc(cc1/C=N/O)C,0,0.735596,0.229284,0.173945
C[C@H]1CCCCO[C@H](CN(C)Cc2ccc(c(c2)Cl)Cl)[C@@H](C)CN([C@H](C)CO)C(=O)c2cc(ccc2O1)NC(=O)Nc1ccc2c(c1)OCO2,0,0.067560,0.033083,0.004182
CC(C)NC(=O)Nc1ccc2c(c1)C(=O)N(C[C@H](C)[C@H](CN(C)Cc1ccc3c(c1)OCO3)O2)[C@@H](C)CO,0,0.021387,0.017485,0.004352
C[C@@H]1CN([C@@H](C)CO)C(=O)c2cc(cnc2O[C@@H]1CN(C)S(=O)(=O)c1ccccc1)-c1ccncc1,0,0.005335,0.017504,0.002133
Cc1ccc(cc1)C(N)(CC=C)CC=C,0,0.936930,0.116787,0.089831
C[C@H]1CN([C@@H](C)CO)C(=O)Cc2cc(ccc2O[C@H]1CN(C)C(=O)Nc1cccc2ccccc12)NC(=O)Nc1ccc2c(c1)OCO2,0,0.002890,0.017424,0.002083
C[C@@H]1CCCCO[C@@H](CN(C)C(=O)Nc2ccccc2)[C@@H](C)CN([C@H](C)CO)C(=O)c2cc(ccc2O1)NS(=O)(=O)c1ccc(cc1)Cl,0,0.008947,0.017410,0.001958
CN1C(=O)N(C)c2nc(n(c2C1=O)CC(=O)c1ccc(cc1)Cl)N1CCNCC1,0,0.981751,0.209224,0.110569
NC(Cc1ccccc1)Cc1ccccc1,0,0.326878,0.200999,0.099942
CN(C)CC(=O)N1[C@@H](CO)[C@H](c2ccc(cc2)C2=CCCC2)C21CN(C2)S(=O)(=O)Cc1ccccc1,0,0.767057,0.052351,0.025469
C[C@H]1CCCCO[C@@H](CN(C)C(=O)NC2CCCCC2)[C@H](C)CN([C@H](C)CO)C(=O)c2cc(ccc2O1)NS(=O)(=O)c1cccs1,0,0.005405,0.017429,0.002986
O[C@H]1COC[C@@H]2O[C@@H](CC[C@H]2N(C1)C(=O)Nc1ccc(cc1)F)CC(=O)NCCCN1CCOCC1,0,0.711269,0.357401,0.288480
C[C@]1([C@H]2CC[C@@H](O2)[C@@]1(C)C(=O)O)C(=O)O,0,0.543909,0.184100,0.047449
COc1ccc(cc1)S(=O)(=O)Nc1ccc2c(c1)C(=O)N(C[C@H](C)[C@H](CN(C)C(=O)Nc1c(noc1C)C)OCCCC[C@@H](C)O2)[C@H](C)CO,0,0.005852,0.018098,0.002121
CC(C)c1c(C(=O)Nc2ccccc2)c(-c2ccccc2)c(-c2ccc(F)cc2)n1CCC(O)CC(O)CC(=O)[O-].[Ca+2],0,0.427737,0.503786,0.199709
C[C@H]1CN([C@@H](C)CO)C(=O)c2cccc(c2O[C@@H]1CN(C)C(=O)Nc1ccc(cc1)C(F)(F)F)NC(=O)Nc1c(noc1C)C,0,0.828322,0.900775,0.895561
COC(=O)[C@H]1[C@H](C(=O)O)[C@]2([C@H](N1C)c1ccccc1)C(=O)Nc1ccc(cc12)C#Cc1ccc(cc1)OC,0,0.844027,0.418887,0.318292
C[C@H]1CCCCO[C@@H](CN(C)C(=O)Cc2ccccc2)[C@H](C)CN([C@@H](C)CO)C(=O)c2cc(ccc2O1)NC(=O)Cc1ccccc1,0,0.000669,0.016645,0.002600
CCCNC(=O)N1C[C@H](C)[C@@H](CN(C)C(=O)c2ccc(cc2OC[C@@H]1C)NS(=O)(=O)CC(F)(F)F)OC,0,0.043660,0.053190,0.005397
CCCC(=O)Nc1ccc2c(c1)OC[C@@H](C)N(C[C@H](C)[C@@H](CN(C)C2=O)OC)Cc1ccc(cc1)-c1ccccn1,0,0.011870,0.036612,0.006322
C[C@@H]1CN([C@H](C)CO)C(=O)Cc2cc(ccc2O[C@@H]1CN(C)C(=O)Nc1cccc2ccccc12)NC(=O)Nc1c(noc1C)C,0,0.014464,0.016980,0.002282
COc1cccc(OC)c1C(=O)NC1C(=O)N2C1SC(C)(C)C2C(=O)[O-].[Na+],1,0.999814,0.961621,0.981769
C[C@@H]1CCCCO[C@@H](CN(C)C(=O)Cc2ccccc2)[C@@H](C)CN([C@@H](C)CO)C(=O)c2cc(ccc2O1)NS(=O)(=O)c1ccc(cc1)Cl,0,0.001881,0.017410,0.001996
CN1[C@@H](CO)[C@H]2[C@@H]1CNc1ccccc12,0,0.102809,0.031340,0.009884
CCOC(=O)N1CCN(CC1)C(=O)CN(C)S(=O)(=O)c1ccc2c(c1)C(=O)N(C)C(=O)N2C,0,0.538857,0.174344,0.022753
C[C@@H]1CCCCO[C@@H](CN(C)C(=O)CCC(F)(F)F)[C@@H](C)CN([C@H](C)CO)C(=O)c2cc(ccc2O1)NS(=O)(=O)c1ccc(cc1)F,0,0.022458,0.020388,0.005557
C[C@H]1CN([C@H](C)CO)C(=O)Cc2cc(ccc2O[C@H]1CN(C)S(=O)(=O)c1cn(cn1)C)NC(=O)Cc1ccccc1,0,0.002180,0.017369,0.002256
C[C@@H]1CCCCO[C@@H](CN(C)C(=O)c2ccccc2)[C@@H](C)CN([C@H](C)CO)C(=O)c2cc(ccc2O1)NS(=O)(=O)c1ccc(cc1)F,0,0.002447,0.017468,0.001979
OC[C@H](Cc1ccccc1)NC(=O)C[C@H](CC=C)C(=O)N[C@H](COC(=O)[C@H](CCC=C)Cc1ccc(cc1)F)Cc1c[nH]c2ccccc12,0,0.034853,0.062255,0.013872
CO[C@H]1CN(C)C(=O)c2cc(ccc2OC[C@H](C)N(C[C@@H]1C)C(=O)Cc1ccccn1)NC(=O)C1CC1,0,0.004104,0.021681,0.002870
C[C@@H]1CN([C@H](C)CO)C(=O)c2cc(ccc2O[C@H]1CN(C)Cc1ccc(cc1)C(F)(F)F)NC(=O)Nc1ccc2c(c1)OCO2,0,0.105981,0.103067,0.060733
OC[C@@H]1O[C@@H](CC[C@@H]1NC(=O)CN1CCOCC1)CC(=O)NCCc1ccncc1,0,0.006748,0.022543,0.007007
C[C@H]1CCCCO[C@H](CN(C)C(=O)Nc2ccccc2)[C@@H](C)CN([C@@H](C)CO)C(=O)c2cc(ccc2O1)NC(=O)C1CCCCC1,0,0.011253,0.017065,0.002456
CCOC(=O)c1cn[nH]c1N,0,0.042640,0.033105,0.006241
CN1CCN(CC1)C(=O)C[C@@H]1O[C@H](CO)[C@@H](NC(=O)c2ccc3c(c2)OCO3)C=C1,0,0.031797,0.019158,0.009422
COC(OC)[C@H](Cc1ccccc1)N(CC#C[C@@H](O)c1ccccc1)[C@@H]([C@@H](O)Cc1ccccc1)c1ccc(cc1)OC,0,0.472791,0.154786,0.050067
C[C@@H]1CN([C@H](C)CO)C(=O)c2cccc(c2O[C@@H]1CN(C)Cc1ccc(cc1)C(=O)Nc1ccccc1N)NC(=O)NC1CCCCC1,0,0.038298,0.018124,0.003211
COC(=O)[C@@H](Cc1ccc(cc1)-n1cc(nn1)C(=O)NO)N1CC(=C[C@H]1[C@H](O)Cc1ccccc1)/C=C/C1CC1,0,0.523244,0.027255,0.010590
CC(C)NC(=O)N(C)C[C@H]1Oc2ncc(cc2C(=O)N(C[C@@H]1C)[C@H](C)CO)-c1ccc(cc1)C(=O)N(C)C,0,0.007474,0.017796,0.002402
COc1ccc(cc1)S(=O)(=O)Nc1ccc2c(c1)C(=O)N(C[C@@H](C)[C@H](CN(C)Cc1ccc(c(c1)Cl)Cl)OCCCC[C@H](C)O2)[C@H](C)CO,0,0.021740,0.022462,0.002681
C[C@@H]1CN([C@H](C)CO)C(=O)Cc2cc(ccc2O[C@H]1CN(C)Cc1ccc(cc1)C(=O)Nc1ccccc1N)NC(=O)Nc1ccc2c(c1)OCO2,0,0.003507,0.017829,0.002322
C[C@H]1CCCCO[C@@H](CN(C)C(=O)Nc2cccc3ccccc23)[C@H](C)CN([C@@H](C)CO)C(=O)c2cc(ccc2O1)NC(=O)C1CCCCC1,0,0.013087,0.017152,0.002794
C[C@H]1CCCCO[C@@H](CN(C)S(=O)(=O)C)[C@H](C)CN([C@@H](C)CO)C(=O)c2cc(ccc2O1)N(C)C,0,0.007180,0.017697,0.003081
C[C@H]1CCCCO[C@H](CN(C)S(=O)(=O)c2ccc(cc2)Cl)[C@H](C)CN([C@H](C)CO)C(=O)c2cc(ccc2O1)NC(=O)c1ccncc1,0,0.003828,0.017525,0.001706
CCN(CC)CCOCCOC(=O)C(CC)(CC)c1ccccc1.O=C(O)CC(O)(CC(=O)O)C(=O)O,0,0.064874,0.237965,0.067094
Cn1cnc(c1)S(=O)(=O)N[C@H]1CC[C@@H](CC(=O)NCC2CC2)O[C@@H]1CO,0,0.025261,0.023038,0.007818
C[C@@H]1CN([C@@H](C)CO)C(=O)Cc2cc(ccc2O[C@@H]1CN(C)S(=O)(=O)C)NC(=O)Cn1cnnn1,0,0.001924,0.018598,0.004255
COc1ccc(cc1)NC(=O)Nc1ccc2c(c1)C(=O)N(C[C@H](C)[C@H](CN(C)Cc1ccc(cc1)C(=O)O)OCCCC[C@@H](C)O2)[C@H](C)CO,0,0.024512,0.022659,0.001836
CN(C)C(=O)c1cccc(c1)-c1cccc(c1)-c1nc(cc2c1[C@@H](CCO)N(C2)[S@@](=O)C(C)(C)C)C(=O)NC1CCCCC1,0,0.055371,0.154802,0.065348
C[C@H]1CN([C@H](C)CO)C(=O)c2cc(cnc2O[C@H]1CN(C)C(=O)C)C#CC(C)(C)O,0,0.004978,0.032906,0.008435
C[C@@H]1CN([C@H](C)CO)S(=O)(=O)c2ccc(cc2O[C@H]1CN(C)C(=O)CN(C)C)C#Cc1ccc(cc1)F,0,0.277097,0.328359,0.053850
C[C@H]1CN([C@H](C)CO)C(=O)c2cc(cnc2O[C@H]1CN(C)S(=O)(=O)c1ccc(cc1)C#N)C#CCN(C)C,0,0.000112,0.018996,0.003006
C[C@H]1CN([C@@H](C)CO)C(=O)Cc2cc(ccc2O[C@H]1CN(C)S(=O)(=O)C)NC(=O)Nc1ccc(cc1)F,0,0.041963,0.026386,0.004944
C[C@@H]1CN([C@@H](C)CO)C(=O)c2cccc(c2O[C@H]1CN(C)C(=O)Nc1c(noc1C)C)NC(=O)C1CC1,0,0.057168,0.019699,0.003342
C[C@H]1CN([C@H](C)CO)C(=O)Cc2cc(ccc2O[C@@H]1CN(C)C(=O)Nc1ccc(cc1)C(F)(F)F)NC(=O)Nc1ccc2c(c1)OCO2,0,0.158185,0.022016,0.007310
COc1ccc(cc1)NC(=O)N(C)C[C@H]1OCCCC[C@@H](C)Oc2ccc(cc2C(=O)N(C[C@@H]1C)[C@H](C)CO)NC(=O)CCC(F)(F)F,0,0.108506,0.018943,0.005015
CNCc1n[nH]c2c1CCC2,0,0.126923,0.037742,0.014891
CCCNC(=O)[C@H]1[C@@H](N(Cc2cc(cc(c2)C(F)(F)F)F)C(=O)c2ccccc21)c1ccc(cc1)CO,0,0.730776,0.340322,0.111083
CC(=O)O[C@H]1CC[C@@]2(C)[C@@H](CC[C@]3(C)[C@@H]2CC[C@H]2[C@H]4CC(C)(C)CC[C@@]4(CC[C@]23C)C(=O)O)C1(C)C,0,0.903927,0.530514,0.550592
C[C@H]1CN([C@H](C)CO)C(=O)c2cc(ccc2O[C@H]1CN(C)CC1CCCCC1)NC(=O)Nc1ccc(cc1)F,0,0.250035,0.024125,0.018802
O=C1C=NNC(=N1)NC1CCCC1,0,0.325364,0.030822,0.015223
C[C@H]1CN([C@@H](C)CO)C(=O)c2cc(cnc2O[C@H]1CN(C)S(=O)(=O)c1ccccc1)C#CCN(C)C,0,0.009397,0.017848,0.003591
C[C@@H]1CCCCO[C@@H](CN(C)Cc2ccc3c(c2)OCO3)[C@H](C)CN([C@@H](C)CO)C(=O)c2cc(ccc2O1)NS(=O)(=O)c1cccs1,0,0.001890,0.017360,0.002349
C[C@@H]1CCCCO[C@@H](CN(C)C(=O)Nc2ccc3c(c2)OCO3)[C@@H](C)CN([C@H](C)CO)C(=O)c2cc(ccc2O1)NS(=O)(=O)c1cccs1,0,0.001137,0.017555,0.001823
O=S(=O)(NCc1ccco1)N1CCOCC1,0,0.000189,0.030146,0.009036
CCCC#Cc1ccc2c(c1)O[C@H](CN(C)C(=O)c1cnccn1)[C@@H](C)CN([C@H](C)CO)S2(=O)=O,0,0.097256,0.017458,0.002963
OCCN(Cc1ccccc1)C(=O)C[C@H]1CC=CC[C@H](Cc2ccc(cc2)F)C(=O)OC[C@@H](Cc2c[nH]c3ccccc23)NC1=O,0,0.011734,0.050049,0.012763
C[C@@H]1CN([C@H](C)CO)C(=O)Cc2cc(ccc2O[C@@H]1CN(C)C(=O)NC1CCCCC1)NS(=O)(=O)c1c(noc1C)C,0,0.008120,0.017429,0.003961
C[C@@H]1CCCCO[C@@H](CN(C)Cc2ccccc2)[C@@H](C)CN([C@@H](C)CO)C(=O)c2cc(ccc2O1)NC(=O)c1ccncc1,0,0.003075,0.016736,0.002154
C[C@H]1CN([C@@H](C)CO)C(=O)Cc2cc(ccc2O[C@@H]1CN(C)Cc1ccc(c(c1)Cl)Cl)NC(=O)CCCCCC(=O)Nc1ccccc1N,0,0.043225,0.042843,0.006421
C[C@H]1CN([C@@H](C)CO)C(=O)c2cc(cnc2O[C@H]1CN(C)C(=O)Cc1ccccn1)-c1cccc(c1)C(=O)N(C)C,0,0.001526,0.015791,0.002504
COc1ccccc1S(=O)(=O)N[C@H]1C=C[C@@H](CC(=O)N2CCN(C)CC2)O[C@@H]1CO,0,0.060501,0.021719,0.006117
C[C@@H](C[N+](C)(C)C)OC(=O)N,0,0.033279,0.034415,0.008681
COc1ccc(cc1)S(=O)(=O)Nc1ccc2c(c1)[C@@H]1C[C@H](CC(=O)NCC3CC3)O[C@@H](CO)[C@@H]1O2,0,0.008341,0.019520,0.004125
CC(C)NC(=O)N(C)C[C@@H]1Oc2ccc(cc2C(=O)N(C[C@@H]1C)[C@@H](C)CO)NS(=O)(=O)c1cn(cn1)C,0,0.047468,0.018541,0.004274
CC[C@H](C)[C@H](N)C1=N[C@@H](CS1)C(=O)N[C@@H](CC(C)C)C(=O)N[C@@H]1CCC(=O)O[Zn]OC(=O)C[C@H]2NC(=O)[C@H](Cc3c[nH]cn3)NC(=O)[C@@H](Cc3ccccc3)NC(=O)[C@@H](NC(=O)[C@@H](CCCN)NC(=O)[C@H](CCCCNC(=O)[C@H](CC(=O)N)NC2=O)NC(=O)[C@@H](NC1=O)[C@@H](C)CC)[C@@H](C)CC,1,0.995098,0.628891,0.204547
Cc1cccc2c3c(c(nc12)C)COC3,0,0.269156,0.047793,0.031618
C[C@H]1CN([C@@H](C)CO)C(=O)Cc2cc(ccc2O[C@H]1CN(C)S(=O)(=O)c1ccc(cc1)Cl)NC(=O)Nc1cccc2c1CCCC2,0,0.052493,0.026619,0.003234
C[C@H]1CCCCO[C@H](CN(C)C(=O)Nc2ccc(cc2)C(F)(F)F)[C@H](C)CN([C@H](C)CO)C(=O)c2cc(ccc2O1)N(C)C,0,0.491630,0.095767,0.032251
C[C@@H]1CCCCO[C@@H](CN(C)Cc2ccc(c(c2)Cl)Cl)[C@@H](C)CN([C@H](C)CO)C(=O)c2cc(ccc2O1)NS(=O)(=O)c1c(noc1C)C,0,0.049714,0.022556,0.002771
C[C@@H]1CN([C@H](C)CO)C(=O)c2cc(cnc2O[C@H]1CN(C)C(=O)C1CCOCC1)/C=C/c1ccccc1,0,0.013344,0.018607,0.004791
NC[C@H]1CCS(=O)(=O)C1,0,0.012544,0.024846,0.008053
C[C@H](NC(=O)C[C@H]1C[C@@H]2[C@@H](Oc3ccc(cc32)NC(=O)Nc2ccc(cc2)C(F)(F)F)[C@@H](CO)O1)c1ccccc1,0,0.748706,0.110158,0.068749
CCOC(=O)C1CCN(CC1)S(=O)(=O)C1=C(C)N(C)C(=O)N(C)C1=O,0,0.105014,0.178774,0.015809
ONC(=O)c1cccnc1,0,0.138315,0.058176,0.033260
NC(=S)N1CCCC1,0,0.000000,0.039431,0.015288
OCC1=CC(=O)C(=CO1)O,0,0.042802,0.089392,0.030627
CN1CCN(CC1)C(=O)C[C@@H]1CC[C@H]2[C@@H](COC[C@H](O)CN2C(=O)Nc2cc(cc(c2)Cl)Cl)O1,0,0.963965,0.726998,0.392645
OCCCCCCN1[C@@H]2C(=O)N(CCN3CCOCC3)CC=C[C@@]32O[C@@H]2C=CCOC(=O)[C@@H]2[C@H]3C1=O,0,0.059274,0.213403,0.052803
CN1CCc2cc3c(cc2C1O)OCO3.Cl,0,0.652058,0.148254,0.044718
C[C@H]1CN([C@H](C)CO)C(=O)Cc2cc(ccc2O[C@@H]1CN(C)C)NS(=O)(=O)c1ccc(cc1)Cl,0,0.010570,0.022738,0.005519
CC(C)NC(=O)N1Cc2cc(nc(c2[C@H]1CCO)-c1cccc(c1)-c1cc2ccccc2o1)C(=O)NCC(F)(F)F,0,0.283896,0.295927,0.168237
CC(=O)O[C@@H]1C[C@H](OC(=O)C)[C@]2(C)[C@H]3CC[C@@]4(C)[C@@H](OC(=O)[C@H]5O[C@]54[C@]3(C)C(=O)C[C@H]2C1(C)C)C(=O)O,0,0.298379,0.288706,0.240221
C[C@H]1CN([C@@H](C)CO)C(=O)c2cc(cnc2O[C@@H]1CN(C)C(=O)c1cnccn1)-c1cccc(c1)C#N,0,0.000207,0.016870,0.002796
CN(C)CCCNC(=O)C[C@@H]1CC[C@@H]2[C@H](COc3ccc(cc3C(=O)N2C)NC(=O)c2ccccc2F)O1,0,0.050451,0.023035,0.010172
C[C@H]1CN([C@@H](C)CO)C(=O)c2cc(cnc2O[C@H]1CN(C)S(=O)(=O)C)C#CCN(C)C,0,0.016127,0.018545,0.003999
COCCOC(=O)N1C(=O)[C@@]2([C@H]([C@H]3N([C@@H]([C@@H](OC3=O)c3ccccc3)c3ccccc3)[C@H]2c2ccc(cc2)O)C(=O)N2CCc3cc(c(cc3C2)OC)OC)c2cc(ccc21)C#CCNC(=O)N,0,0.075192,0.083776,0.019069
C[C@@H]1CN([C@H](C)CO)C(=O)Cc2cc(ccc2O[C@H]1CN(C)CC1CC1)NS(=O)(=O)c1ccc(cc1)C,0,0.008875,0.017772,0.003370
C[C@H]1CCCCO[C@H](CN(C)S(=O)(=O)c2ccc(cc2)Cl)[C@@H](C)CN([C@H](C)CO)C(=O)c2cc(ccc2O1)NC(=O)Nc1cccc2ccccc12,0,0.012156,0.018380,0.002305
C[C@@H]1CN([C@@H](C)CO)C(=O)c2cc(ccc2O[C@H]1CN(C)S(=O)(=O)c1ccc(cc1)F)NS(=O)(=O)c1cccs1,0,0.011676,0.017602,0.003549
C[C@H]1CN([C@H](C)CO)C(=O)c2cccc(c2O[C@H]1CN(C)Cc1ccc(cc1)C(=O)O)NC(=O)c1cc(nn1C)C,0,0.041639,0.026872,0.004686
C[C@@H]1CCCCO[C@@H](CN(C)Cc2ccc(cc2)C(F)(F)F)[C@@H](C)CN([C@H](C)CO)C(=O)c2cc(ccc2O1)NC(=O)CCCCCC(=O)Nc1ccccc1N,0,0.100937,0.016555,0.002513
COc1ccc(cc1)S(=O)(=O)N(C)C[C@@H]1OCc2cnnn2CCCC(=O)N(C[C@H]1C)[C@@H](C)CO,0,0.006246,0.021320,0.003822
C[C@H]1CN([C@H](C)CO)C(=O)c2cccc(c2O[C@@H]1CN(C)Cc1ccc2c(c1)OCO2)NC(=O)c1cc(nn1C)C,0,0.006366,0.016779,0.003234
COc1ccc(cc1)NC(=O)Nc1ccc2c(c1)C(=O)N(C[C@@H](C)[C@H](CN(C)CC1CC1)OCCCC[C@H](C)O2)[C@H](C)CO,0,0.064443,0.018946,0.002881
C[C@H]1CN([C@H](C)CO)S(=O)(=O)c2ccc(cc2O[C@@H]1CN(C)CC1CCOCC1)-c1cccnc1,0,0.086873,0.020280,0.002990
C[C@H]1CN([C@@H](C)CO)C(=O)Cc2cc(ccc2O[C@H]1CN(C)C(=O)Nc1cccc2ccccc12)NC(=O)Cc1cn(c2ccccc12)C,0,0.003998,0.015192,0.002968
CC(C)N1C[C@@H](C)[C@H](CN(C)Cc2ccc(cc2)Oc2ccccc2)Oc2c(cccc2C1=O)C(=O)Nc1ccncc1,0,0.004569,0.176793,0.019651
CCS(=O)(=O)NCC[C@H]1CC[C@H](NC(=O)Cc2ccccn2)[C@@H](CO)O1,0,0.003694,0.017859,0.004777
CCNC(=O)C[C@H]1O[C@H](CO)[C@H](NC(=O)C2CC2)C=C1,0,0.044745,0.024670,0.010120
C[C@@H]1CN([C@@H](C)CO)C(=O)Cc2cc(ccc2O[C@H]1CN(C)C(=O)Nc1ccccc1)NC(=O)Nc1ccc(cc1)C(F)(F)F,0,0.329802,0.064749,0.030416
Oc1cccc2ccccc12,0,0.138984,0.251429,0.116861
C[C@H]1CN([C@H](C)CO)C(=O)Cc2cc(ccc2O[C@H]1CN(C)C(=O)Nc1ccc2c(c1)OCO2)NS(=O)(=O)c1cn(cn1)C,0,0.002577,0.017326,0.002162
COCC(=O)Nc1ccc2c(c1)C(=O)N(C)C[C@H](OC)[C@@H](C)CN(Cc1cccc(c1)F)[C@@H](C)CO2,0,0.026128,0.022185,0.003431
C[C@H]1CN([C@H](C)CO)C(=O)Cc2cc(ccc2O[C@H]1CN(C)S(=O)(=O)C)NS(=O)(=O)c1ccc(cc1)Cl,0,0.008124,0.017850,0.003498
[O-][N+](=O)c1ccc(cc1)/C=C/CN(CCCNS(=O)(=O)c1cccc2cnccc12)C/C=C/c1ccc(cc1)[N+](=O)[O-],0,0.131404,0.410659,0.049251
C[C@@H]1CN([C@@H](C)CO)C(=O)c2cc(ccc2O[C@H]1CN(C)Cc1ccc(cc1)-c1ccccc1)NS(=O)(=O)c1ccc(cc1)Cl,0,0.025558,0.019726,0.004602
C[C@H]1CN([C@H](C)CO)C(=O)c2cc(cnc2O[C@@H]1CN(C)C(=O)C1CCOCC1)/C=C/c1ccccc1,0,0.013344,0.018607,0.004791
C[C@@H]1CCCCO[C@H](CN(C)Cc2ccc(cc2)C(F)(F)F)[C@H](C)CN([C@@H](C)CO)C(=O)c2cc(ccc2O1)NC(=O)Nc1c(noc1C)C,0,0.296345,0.018733,0.007716
CC(C)NC(=O)Nc1cccc2c1O[C@@H](CN(C)S(=O)(=O)c1ccc(cc1)Cl)[C@H](C)CN([C@H](C)CO)C2=O,0,0.136604,0.019886,0.004337
C[C@H]1CN([C@@H](C)CO)S(=O)(=O)c2ccc(cc2O[C@H]1CN(C)C(=O)Cc1cccnc1)C#CC1(O)CCCC1,0,0.012875,0.020750,0.003166
CO[C@@H](C(=O)N(C)C[C@@H]1OCc2ccccc2-c2c(n(c3ccccc23)C)C(=O)N(C[C@@H]1C)[C@H](C)CO)c1ccccc1,0,0.012577,0.017694,0.005047
COc1ccc2nc(sc2c1)Cl,0,0.229071,0.137522,0.067418
C[C@H]1CCCCO[C@H](CN(C)S(=O)(=O)C)[C@@H](C)CN([C@H](C)CO)C(=O)c2cc(ccc2O1)NS(=O)(=O)c1cn(cn1)C,0,0.010835,0.017806,0.002666
COc1ccc(cc1)CN(C)C[C@@H]1Oc2ccc(cc2CC(=O)N(C[C@H]1C)[C@H](C)CO)NC(=O)CCN1CCOCC1,0,0.005410,0.018716,0.003630
CC(=O)OCC(=O)C1CCC2C3CCC4=CC(=O)CCC4(C)C3CCC12C,0,0.797908,0.070238,0.036189
COc1cc(c(cc1OC)C(=O)OCC(=O)c1cc(n(c1C)-c1ccccc1)C)NC(=O)c1cccs1,0,0.676706,0.251774,0.236315
C[C@@H]1CN([C@H](C)CO)C(=O)c2c(c3ccccc3n2C)-c2ccccc2CO[C@H]1CN(C)Cc1ccc(cc1)F,0,0.073306,0.018480,0.006157
C[C@H]1CN([C@@H](C)CO)S(=O)(=O)c2ccc(cc2O[C@H]1CN(C)C(=O)c1cccc(c1)F)-c1cccnc1,0,0.054357,0.019035,0.003043
CC(C)(C)S(=O)N1Cc2cc(nc(c2[C@H]1CCO)-c1cccc(c1)C#CCC1CCCC1)C(=O)N1CCN(CC1)Cc1ccccc1,0,0.211299,0.162723,0.072117
COC(=O)[C@@H](Cc1ccccc1)N[C@H](/C=C/C1CC1)[C@@H](O)CCn1cc(nn1)-c1ccc(s1)C(=O)NO,0,0.575469,0.110318,0.031787
C[C@H]1C(=O)O[C@@H]2CCN3CC=C(COC(=O)[C@](C)(O)[C@]1(C)O)[C@H]23,0,0.004158,0.303071,0.300902
COc1cc(cc(c1)C(=O)OCCN1CCN(CCOC(=O)c2cc(cc(c2)OC)OC)CC1)OC,0,0.046054,0.117527,0.034053
C[C@@H]1CN([C@@H](C)CO)C(=O)c2cc(cnc2O[C@@H]1CN(C)C(=O)CN1CCOCC1)C#CCN(C)C,0,0.003304,0.017370,0.003053
CCS(=O)(=O)Nc1ccc2c(c1)C(=O)N(C)C[C@H](OC)[C@@H](C)CN(Cc1nccs1)[C@H](C)CO2,0,0.003747,0.018203,0.002489
C[C@H]1CN([C@@H](C)CO)C(=O)c2cccc(c2O[C@H]1CN(C)C(=O)Nc1c(noc1C)C)NC(=O)c1cnccn1,0,0.158081,0.021532,0.004941
C[C@H]1CN([C@H](C)CO)C(=O)c2cc(cnc2O[C@H]1CN(C)C(=O)c1cnccn1)-c1cccc(c1)C#N,0,0.000207,0.016870,0.002796
C[C@H]1CCCCO[C@H](CN(C)Cc2ccc(c(c2)Cl)Cl)[C@@H](C)CN([C@@H](C)CO)C(=O)c2cc(ccc2O1)NC(=O)Nc1ccccc1,0,0.100793,0.016578,0.002759
C[C@H]1CN([C@H](C)CO)C(=O)c2cccc(c2O[C@H]1CN(C)C(=O)NC1CCCCC1)NC(=O)c1cnccn1,0,0.082860,0.020598,0.007695
C[C@@H]1CN([C@H](C)CO)C(=O)Cc2cc(ccc2O[C@H]1CN(C)S(=O)(=O)c1ccc(cc1)F)NS(=O)(=O)C,0,0.023150,0.021104,0.004517
C[C@H]1CCCCO[C@H](CN(C)CC2CCCCC2)[C@H](C)CN([C@@H](C)CO)C(=O)c2cc(ccc2O1)NC(=O)Nc1ccc(cc1)C(F)(F)F,0,0.710756,0.336419,0.206824
C[C@H]1CN([C@@H](C)CO)C(=O)c2cc(ccc2O[C@H]1CN(C)Cc1ccc(c(c1)Cl)Cl)NC(=O)NC1CCCCC1,0,0.238801,0.019764,0.007676
C[C@@H]1CCCCO[C@@H](CN(C)Cc2ccncc2)[C@@H](C)CN([C@H](C)CO)C(=O)c2cc(ccc2O1)NC(=O)Nc1c(noc1C)C,0,0.026514,0.017176,0.002097
C[C@H]1CN([C@H](C)CO)C(=O)c2cc(ccc2O[C@H]1CN(C)S(=O)(=O)C)N(C)C,0,0.008992,0.018287,0.003319
C[C@H]1CN([C@H](C)CO)C(=O)c2cc(cnc2O[C@H]1CN(C)C(=O)CN1CCOCC1)/C=C/c1ccccc1,0,0.002913,0.016009,0.003635
C[C@@H]1CN([C@H](C)CO)S(=O)(=O)c2ccc(cc2O[C@@H]1CN(C)C(=O)NC1CCCC1)-c1cncnc1,0,0.123382,0.021820,0.004827
C[C@@H]1CN([C@H](C)CO)C(=O)c2cc(ccc2O[C@H]1CN(C)C(=O)Nc1ccc(cc1)C(F)(F)F)NS(=O)(=O)c1ccc(cc1)Cl,0,0.371204,0.159599,0.013055
CN1[C@@H]2CC[C@H](CC(=O)N3CCOCC3)O[C@H]2COc2ccc(cc2C1=O)NS(=O)(=O)C,0,0.001404,0.017309,0.003570
O[C@@H]1COC[C@@H]2O[C@H](CC[C@H]2N(C1)C(=O)Nc1ccc(cc1)Cl)CC(=O)NCCc1ccncc1,0,0.706022,0.563269,0.521069
CNC1C(OC2C(OC3C(O)C(O)C(NC(=N)N)C(O)C3NC(=N)N)OC(C)C2(O)CO)OC(CO)C(O)C1O.O=S(=O)(O)O,0,0.624346,0.903884,0.952278
COCCN[C@H]1CS(=O)(=O)C[C@@H]1O,0,0.003596,0.063354,0.040264
CN1CCN(CC1)C(=O)C[C@@H]1CC[C@H]2[C@@H](COc3ccc(cc3C(=O)N2C)NC(=O)c2ccc(c(c2)F)F)O1,0,0.078051,0.137471,0.039923
C[C@@H]1CN([C@H](C)CO)C(=O)Cc2cc(ccc2O[C@@H]1CN(C)S(=O)(=O)C)NC(=O)Nc1ccccc1,0,0.009995,0.020162,0.004053
COc1ccc(cc1)CN(C)C[C@H]1Oc2ccc(cc2CC(=O)N(C[C@@H]1C)[C@@H](C)CO)NC(=O)CCCCCC(=O)Nc1ccccc1N,0,0.006398,0.017742,0.003169
C[C@@H]1CN([C@@H](C)CO)C(=O)c2cc(ccc2O[C@H]1CN(C)S(=O)(=O)c1cccs1)NC(=O)CCN1CCOCC1,0,0.000541,0.017489,0.002260
C[C@H]1CCCCO[C@@H](CN(C)Cc2ccc(cc2)C(=O)Nc2ccccc2N)[C@H](C)CN([C@@H](C)CO)C(=O)c2cc(ccc2O1)NC(=O)NC1CCCCC1,0,0.014947,0.018431,0.002434
C[C@H]1CN([C@@H](C)CO)C(=O)c2cc(ccc2O[C@H]1CN(C)C(=O)Nc1cccc2ccccc12)NC(=O)Cn1cnnn1,0,0.005477,0.018839,0.003751
C[C@@H]1CN([C@@H](C)CO)C(=O)Cc2cc(ccc2O[C@H]1CN(C)Cc1ccc(cc1)Oc1ccccc1)NC(=O)NC1CCCCC1,0,0.017403,0.026934,0.003779
C[C@H]1CCCCO[C@@H](CN(C)S(=O)(=O)c2cn(cn2)C)[C@@H](C)CN([C@H](C)CO)C(=O)c2cc(ccc2O1)NC(=O)c1ccncc1,0,0.001860,0.018371,0.002320
C[C@H]1CN([C@@H](C)CO)C(=O)c2cc(ccc2O[C@H]1CN(C)C(=O)Nc1ccc2c(c1)OCO2)NC(=O)CCN1CCOCC1,0,0.001306,0.016493,0.002454
C[C@@H]1CCCCO[C@H](CN(C)CC2CC2)[C@H](C)CN([C@@H](C)CO)C(=O)c2cc(ccc2O1)NC(=O)Nc1ccc2c(c1)OCO2,0,0.018961,0.018365,0.002905
CCC1=CC(=O)Oc2c(c(ccc21)O[C@@H]1O[C@H](CO)[C@@H](O)[C@H](O)[C@H]1O)C,0,0.149775,0.137103,0.062769
C[C@H]1CN([C@@H](C)CO)C(=O)Cc2cc(ccc2O[C@H]1CN(C)S(=O)(=O)C)NC(=O)Nc1ccc(cc1)C(F)(F)F,0,0.200036,0.069915,0.039534
C[C@H]1CN([C@H](C)CO)C(=O)c2cc(ccc2O[C@H]1CN(C)S(=O)(=O)c1ccc(cc1)C)NC(=O)c1ccncc1,0,0.004823,0.017475,0.001745
C[C@H]1CN([C@H](C)CO)C(=O)Cc2cc(ccc2O[C@@H]1CN(C)Cc1ccc(cc1)C(F)(F)F)NC(=O)Cc1ccccc1,0,0.101550,0.037495,0.028516
O=C(CN1N=Nc2ccccc2C1=O)Nc1nnc[nH]1,0,0.760386,0.236878,0.135033
CN1CCN(CC1)C(=O)C[C@@H]1CC[C@H]2[C@@H](COC[C@@H](O)CN2C(=O)C2CC2)O1,0,0.560749,0.033716,0.018703
C[C@@H]1CN([C@@H](C)CO)C(=O)Cc2cc(ccc2O[C@@H]1CN(C)S(=O)(=O)c1ccc(cc1)C)NC(=O)Nc1cccc2ccccc12,0,0.005633,0.023335,0.002546
COc1ccc(cc1OC)C#Cc1cnc2c(c1)C(=O)N(C[C@H](C)[C@H](CN(C)Cc1ccncc1)O2)[C@H](C)CO,0,0.039994,0.017901,0.001641
COc1ccccc1CNC(=O)C[C@@H]1CC[C@@H]2[C@H](COC[C@@H](O)CN2C(=O)Nc2ccc(cc2)F)O1,0,0.752404,0.269123,0.205433
CCn1ccnc1CO,0,0.016789,0.028660,0.004735
C[C@H]1CN([C@H](C)CO)C(=O)Cc2cc(ccc2O[C@H]1CN(C)Cc1ccc(cc1)-c1ccccc1)NS(=O)(=O)c1c(noc1C)C,0,0.011236,0.017951,0.003352
CC(C)NC(=O)Nc1ccc2c(c1)C(=O)N(C[C@@H](C)[C@@H](CN(C)Cc1ccc(cc1)C(=O)O)O2)[C@@H](C)CO,0,0.037171,0.039411,0.005622
OC[C@H]1O[C@H](C[C@@H]2[C@H]1Oc1ccc(cc12)NS(=O)(=O)c1ccccc1)CC(=O)NC1CCCCC1,0,0.007104,0.018471,0.006513
C[C@H]1CN([C@@H](C)CO)C(=O)CCCn2nncc2CO[C@@H]1CN(C)Cc1cccc2c1OCCCO2,0,0.013762,0.024361,0.003002
COc1ccc(cc1)CN1[C@@H](C(=O)N(CC=C)Cc2ccccc2)[C@@]23O[C@@H](C=C2)[C@H]([C@@H]3C1=O)C(=O)O[C@@H]([C@@H](C)N(C)C(=O)CCC=C)c1ccccc1,0,0.189826,0.038282,0.015132
C[C@H]1CCCCO[C@H](CN(C)C(=O)CCCN(C)C)[C@H](C)CN([C@H](C)CO)C(=O)c2cc(ccc2O1)NC(=O)Nc1ccc(cc1)F,0,0.045098,0.017517,0.002330
C[C@@H]1CCCCO[C@H](CN(C)Cc2ccc(cc2)C(F)(F)F)[C@H](C)CN([C@H](C)CO)C(=O)c2cc(ccc2O1)NS(=O)(=O)C,0,0.200866,0.017780,0.004354
CNC[C@@H]1Oc2ccc(cc2CC(=O)N(C[C@@H]1C)[C@@H](C)CO)NS(=O)(=O)c1cn(cn1)C,0,0.015630,0.020090,0.003471
C[C@H]1CN([C@H](C)CO)C(=O)c2cc(ccc2O[C@@H]1CN(C)C(=O)NC1CCCCC1)NC(=O)Nc1ccc(cc1)C(F)(F)F,0,0.754727,0.460219,0.302816
C[C@@H]1CN([C@@H](C)CO)C(=O)Cc2cc(ccc2O[C@H]1CN(C)Cc1ccc(cc1)-c1ccccc1)NC(=O)Nc1ccccc1,0,0.061479,0.024095,0.003689
C[C@@H]1CCCCO[C@@H](CN(C)C(=O)Nc2ccccc2)[C@@H](C)CN([C@H](C)CO)C(=O)c2cc(ccc2O1)NC(=O)CCC(F)(F)F,0,0.120830,0.014062,0.005754
COc1ccc(cc1)C#Cc1ccc2c(c1)[C@@]1([C@@H]([C@@H]3N([C@H]([C@H](OC3=O)c3ccccc3)c3ccccc3)[C@@H]1c1ccccc1OCCO)C(=O)N1CCc3cc(c(cc3C1)OC)OC)C(=O)N2,0,0.015580,0.028477,0.003852
C[C@@H]1CCCCO[C@H](CN(C)Cc2ccc(cc2)C(=O)O)[C@@H](C)CN([C@H](C)CO)C(=O)c2cc(ccc2O1)NC(=O)Nc1ccc(cc1)F,0,0.115367,0.021638,0.002526
COc1ccc(cc1)S(=O)(=O)N(C)C[C@H]1Oc2c(cccc2C(=O)N(C[C@@H]1C)[C@H](C)CO)NC(=O)Nc1c(noc1C)C,0,0.056681,0.017245,0.002943
C[C@H]1CCCCO[C@@H](CN(C)Cc2ccccc2)[C@H](C)CN([C@H](C)CO)C(=O)c2cc(ccc2O1)NC(=O)Nc1ccc(cc1)F,0,0.059638,0.016772,0.004203
C[C@H]1CCCCO[C@@H](CN(C)S(=O)(=O)c2ccccc2)[C@H](C)CN([C@H](C)CO)C(=O)c2cc(ccc2O1)NC(=O)CCC(F)(F)F,0,0.015256,0.018776,0.002990
C[C@@H]1CCCCO[C@H](CN(C)C(=O)CCC(F)(F)F)[C@@H](C)CN([C@H](C)CO)C(=O)c2cc(ccc2O1)NS(=O)(=O)c1ccc(cc1)F,0,0.022458,0.020388,0.005557
C[C@@H]1CCCCO[C@@H](CN(C)S(=O)(=O)c2ccc(cc2)Cl)[C@H](C)CN([C@@H](C)CO)C(=O)c2cc(ccc2O1)NS(=O)(=O)c1cccs1,0,0.002936,0.017270,0.002344
C[C@@H]1CN([C@@H](C)CO)C(=O)c2cc(ccc2O[C@@H]1CN(C)Cc1ccc2c(c1)OCO2)NS(=O)(=O)C,0,0.015419,0.018131,0.004216
C[C@H]1CN([C@H](C)CO)C(=O)c2cc(cnc2O[C@@H]1CN(C)C(=O)c1ccncc1)C#CC1CCCCC1,0,0.008038,0.017080,0.001953
CCCCCCc1nc(cc2c1[Si](OC2)(C(C)C)C(C)C)CCCc1cc2c(c(n1)CCCCCC)[Si](OC2)(C(C)C)C(C)C,0,0.991677,0.459088,0.206301
C[C@H]1CCCCO[C@H](CN(C)Cc2ccc(cc2)C(F)(F)F)[C@@H](C)CN([C@@H](C)CO)C(=O)c2cc(ccc2O1)NS(=O)(=O)c1ccc(cc1)C,0,0.046212,0.017549,0.003312
C1Cc2ncnc(c2CCN1)N1CCOCC1,0,0.115612,0.023665,0.008760
CN(C)CCCNC(=O)C[C@H]1O[C@@H](CO)[C@H](NC(=O)Cc2cccnc2)C=C1,0,0.026155,0.020954,0.011664
C[C@H]1CCCCO[C@H](CN(C)C(=O)CCC(F)(F)F)[C@@H](C)CN([C@H](C)CO)C(=O)c2cc(ccc2O1)NC(=O)NC1CCCCC1,0,0.063187,0.097523,0.033268
C[C@@H]1CN([C@@H](C)CO)C(=O)c2cccc(c2O[C@H]1CN(C)S(=O)(=O)c1ccc(cc1)Cl)NC(=O)Nc1cccc2ccccc12,0,0.058265,0.018777,0.003680
C[C@@H]1CN([C@H](C)CO)C(=O)c2ccccc2-c2ccccc2CO[C@H]1CN(C)C(=O)N[C@@H](C)c1ccccc1,0,0.025631,0.020562,0.007293
C[C@H]1CCCCO[C@@H](CN(C)C(=O)Nc2cccc3ccccc23)[C@H](C)CN([C@H](C)CO)C(=O)c2cc(ccc2O1)N(C)C,0,0.014985,0.017734,0.003039
C[C@@H]1CCCCO[C@@H](CN(C)C(=O)Nc2ccc(cc2)C(F)(F)F)[C@H](C)CN([C@H](C)CO)C(=O)c2cc(ccc2O1)NC(=O)C1CCCCC1,0,0.367217,0.076092,0.026685
CC(C)CC#Cc1cnc2c(c1)C(=O)N(C[C@H](C)[C@H](CN(C)C(=O)CN1CCOCC1)O2)[C@H](C)CO,0,0.004139,0.018528,0.003540
C[C@H]1CCCCO[C@@H](CN(C)C(=O)NC2CCCCC2)[C@@H](C)CN([C@H](C)CO)C(=O)c2cc(ccc2O1)NC(=O)Cc1ccccc1,0,0.004016,0.016665,0.002429
C[C@@H]1CN([C@@H](C)CO)S(=O)(=O)c2ccc(cc2O[C@H]1CN(C)S(=O)(=O)C)-c1ccc(cc1)F,0,0.048017,0.019336,0.005709
COc1ccc(cc1)S(=O)(=O)Nc1ccc2c(c1)CC(=O)N(C[C@@H](C)[C@@H](CN(C)S(=O)(=O)c1cn(cn1)C)O2)[C@H](C)CO,0,0.002048,0.018017,0.002582
C[C@H]1CN([C@H](C)CO)C(=O)Cc2cc(ccc2O[C@@H]1CN(C)C(=O)Nc1cccc2ccccc12)NC(=O)Cc1cn(c2ccccc12)C,0,0.003998,0.015192,0.002968
C[C@@H]1CN([C@H](C)CO)C(=O)Cc2cc(ccc2O[C@H]1CN(C)Cc1ccc(cc1)-c1ccccc1)NC(=O)Nc1ccc(cc1)C(F)(F)F,0,0.475075,0.038893,0.009482
C[C@H]1CN([C@H](C)CO)C(=O)c2cccc(c2O[C@@H]1CN(C)S(=O)(=O)c1ccc(cc1)F)NC(=O)C1CCOCC1,0,0.028319,0.018150,0.003397
O[C@@H]1COC[C@@H]2O[C@H](CC[C@H]2N(C1)Cc1cccc(c1)C(F)(F)F)CC(=O)NCCc1ccncc1,0,0.938229,0.253497,0.184017
COc1ccc(cc1)NC(=O)Nc1ccc2c(c1)C(=O)N(C[C@H](C)[C@H](CN(C)C(=O)CCC(F)(F)F)OCCCC[C@@H](C)O2)[C@@H](C)CO,0,0.045382,0.022775,0.004283
C[C@@H]1CCCCO[C@@H](CN(C)C(=O)Nc2ccc3c(c2)OCO3)[C@H](C)CN([C@@H](C)CO)C(=O)c2cc(ccc2O1)NC(=O)Cc1ccccc1,0,0.003056,0.016773,0.002085
COc1ccc(cc1)S(=O)(=O)Nc1ccc2c(c1)C(=O)N(C[C@@H](C)[C@H](CN(C)Cc1ccncc1)O2)[C@@H](C)CO,0,0.003995,0.017354,0.002120
C[C@@H]1CN([C@@H](C)CO)C(=O)c2cc(ccc2O[C@H]1CN(C)Cc1ccc(cc1)-c1ccccc1)NC(=O)Cc1ccccc1,0,0.022986,0.023261,0.005800
C[C@H]1CN([C@H](C)CO)C(=O)c2cc(cnc2O[C@H]1CN(C)C(=O)c1cccnc1)-c1ccc(cc1)C(=O)N(C)C,0,0.002090,0.016044,0.002625
ONC(=O)c1ccc(cc1)-c1cn(nn1)CC(=O)N1CCOCC1,0,0.358599,0.285504,0.098022
C[C@H]1CN([C@H](C)CO)C(=O)Cc2cc(ccc2O[C@@H]1CN(C)S(=O)(=O)c1ccc(cc1)C)NC(=O)CCN1CCOCC1,0,0.000742,0.017089,0.002191
C[C@@H]1CN([C@@H](C)CO)C(=O)c2cc(ccc2O[C@H]1CN(C)Cc1ccc(cc1)-c1ccccc1)NC(=O)Cc1cn(c2ccccc12)C,0,0.022426,0.022193,0.003572
COc1ccc(cc1)CN(C)C[C@H]1OCCCC[C@@H](C)Oc2ccc(cc2C(=O)N(C[C@H]1C)[C@H](C)CO)NC(=O)Nc1c(noc1C)C,0,0.044081,0.018336,0.002766
CC(C)Oc1cccc(c1)CC(=O)N1CCC[C@@](CC[N+]23CCC(CC2)(CC3)c2ccccc2)(C1)c1ccc(c(c1)Cl)Cl,1,0.979661,0.539165,0.258468
C[C@@H]1CN([C@H](C)CO)C(=O)c2cccc(c2O[C@H]1CN(C)C(=O)Nc1ccc(cc1)F)NC(=O)Nc1cccc2ccccc12,0,0.211415,0.020882,0.010271
C[C@H]1CCCCO[C@H](CN(C)C(=O)Nc2ccccc2)[C@H](C)CN([C@@H](C)CO)C(=O)c2cc(ccc2O1)NS(=O)(=O)c1ccccc1,0,0.002063,0.017559,0.001913
CC(C)C#Cc1ccc2c(c1)O[C@@H](CN(C)C(=O)Cc1ccccn1)[C@@H](C)CN([C@@H](C)CO)S2(=O)=O,0,0.022285,0.022624,0.003528
OCCC(=O)c1ccc(cc1)O,0,0.186955,0.109549,0.028725
CN(C)CCCNC(=O)C[C@H]1CC[C@@H]2[C@H](COC[C@@H](O)CN2S(=O)(=O)c2ccc(cc2)Cl)O1,0,0.570585,0.031409,0.016658
COCCOC(=O)N1C(=O)[C@@]2([C@H]([C@H]3N([C@@H]([C@@H](OC3=O)c3ccccc3)c3ccccc3)[C@H]2c2ccc(cc2)O)C(=O)N2CCCCCCC2)c2cc(ccc21)C#Cc1ccc(cc1)OC,0,0.071875,0.033052,0.006622
C[C@H]1CCCCO[C@H](CN(C)Cc2ccc(c(c2)Cl)Cl)[C@@H](C)CN([C@@H](C)CO)C(=O)c2cc(ccc2O1)NC(=O)Nc1cccc2ccccc12,0,0.100868,0.016760,0.002622
C[C@H]1CN([C@H](C)CO)C(=O)c2cccc(c2O[C@H]1CN(C)S(=O)(=O)c1ccccc1)NS(=O)(=O)C,0,0.026159,0.017921,0.004600
C[C@H]1CCCCO[C@H](CN(C)S(=O)(=O)c2ccc(cc2)F)[C@H](C)CN([C@H](C)CO)C(=O)c2cc(ccc2O1)NS(=O)(=O)c1cn(cn1)C,0,0.012205,0.017860,0.002800
COc1ccc(cc1)S(=O)(=O)Nc1ccc2c(c1)CC(=O)N(C[C@@H](C)[C@@H](CN(C)S(=O)(=O)c1ccc(cc1)C)O2)[C@H](C)CO,0,0.001628,0.017948,0.002222
C[C@H]1CCCCO[C@H](CN(C)S(=O)(=O)c2cn(cn2)C)[C@@H](C)CN([C@@H](C)CO)C(=O)c2cc(ccc2O1)NS(=O)(=O)c1cn(cn1)C,0,0.004216,0.018669,0.003177
C[C@@H]1CCCCO[C@@H](CN(C)C(=O)Nc2ccc(cc2)C(F)(F)F)[C@H](C)CN([C@@H](C)CO)C(=O)c2cc(ccc2O1)NC(=O)c1ccncc1,0,0.136420,0.016675,0.003902
C[C@H]1CCCCO[C@@H](CN(C)S(=O)(=O)c2ccccc2)[C@@H](C)CN([C@@H](C)CO)C(=O)c2cc(ccc2O1)NC(=O)Nc1ccc(cc1)C(F)(F)F,0,0.087717,0.026840,0.004828
C/C(=C\c1ccccc1OCc1cn(nn1)CC(=O)N1CCN(CC1)c1ccccc1)/C=C/C(=O)NO,0,0.607426,0.245533,0.132633
CC(C)(C)[S@@](=O)N1Cc2cc(nc(c2[C@H]1CCO)CCNS(=O)(=O)c1ccccc1)C(=O)NCc1ccc2c(c1)OCO2,0,0.009962,0.032644,0.006734
C[C@@H]1NC(=O)[C@]23[C@H](/C=C/C/C=C\CNC(=O)[C@@H]4CCCN4C1=O)[C@@H]1O[C@]1(C)[C@@H](C)[C@H]2[C@H](Cc1ccccc1)NC3=O,0,0.013282,0.101662,0.095620
C[C@H]1CN([C@@H](C)CO)C(=O)c2cc(cnc2O[C@H]1CN(C)S(=O)(=O)c1ccccc1)Br,0,0.018815,0.018197,0.004180
C[C@H]1CCCCO[C@@H](CN(C)C(=O)Nc2cccc3ccccc23)[C@@H](C)CN([C@H](C)CO)C(=O)c2cc(ccc2O1)NC(=O)NC1CCCCC1,0,0.014396,0.015574,0.003003
CN1CCN(CC1)C(=O)C[C@H]1CC[C@H]2[C@@H](COC[C@H](O)CN2C(=O)C2CC2)O1,0,0.560749,0.033716,0.018703
CN(C)CC(=O)N1[C@@H]2CN3C(=O)C=CC=C3[C@H]1[C@H]([C@@H]2CO)C(=O)NCc1ccccc1,0,0.162911,0.030950,0.022140
Nc1ncnc2n(cnc12)[C@H]1O[C@@H](CO)C[C@@H]1O,0,0.051677,0.053938,0.019449
OC[C@@H](O)[C@@H](O)[C@H](O)[C@@H](O)C=O,0,0.001113,0.050418,0.012874
C[C@H]1CN([C@@H](C)CO)C(=O)c2cccc(c2O[C@@H]1CN(C)Cc1ccc(cc1)-c1ccccc1)NC(=O)c1nc2ccccc2s1,0,0.011594,0.017939,0.004105
CC(C)(C)[C@H]1CCc2c(sc3nc(cn23)-c2ccccc2)C1,0,0.417771,0.264315,0.276036
CN1CCN(CC1)C(=O)C[C@@H]1CC[C@@H]2[C@H](COC[C@H](O)CN2Cc2ccc(cc2)Oc2ccccc2)O1,0,0.438116,0.032352,0.011285
CC(=O)Nc1ccc(cc1)S(=O)(=O)NC(=O)Cn1nnc(c1-c1ccccc1)COc1ccc(cc1)C,0,0.094788,0.133119,0.037400
C[C@H]1CN([C@H](C)CO)C(=O)c2cc(ccc2O[C@@H]1CN(C)S(=O)(=O)c1ccccc1)NS(=O)(=O)c1cn(cn1)C,0,0.007452,0.017561,0.002347
CN1C(=O)N(C)c2ncn(c2C1=O)CC(=O)Nc1cc(ccn1)C,0,0.669357,0.207085,0.072181
OCCOc1ccc(cc1)[C@H]1N2[C@@H]([C@@H](C(=O)Nc3nc4ccccc4s3)[C@]11C(=O)Nc3ccc(cc31)C#CCCO)C(=O)O[C@@H]([C@@H]2c1ccccc1)c1ccccc1,0,0.040296,0.079371,0.008902
CC(C)NC(=O)N(C)C[C@H]1OCCCC[C@@H](C)Oc2ccc(cc2C(=O)N(C[C@@H]1C)[C@H](C)CO)NC(=O)C1CCCCC1,0,0.010146,0.017548,0.002890
CCn1cc(C(=O)O)c(=O)c2cc(F)c(N3CCNC(C)C3)c(F)c21.Cl,1,0.956285,0.797954,0.941727
CCC(=O)N(C)C[C@@H]1Oc2ncc(cc2C(=O)N(C[C@@H]1C)[C@@H](C)CO)C#C[C@H](C)O,0,0.008443,0.020435,0.005463
CC(C)(C)OC(=O)C[C@H](CC=C)C(=O)O[C@@H](CNC(=O)[C@H](CC=C)CC(=O)NCCO)c1ccccc1,0,0.002671,0.079338,0.008435
COc1ccc(cn1)N,0,0.051516,0.040193,0.017114
C[C@@H]1CN([C@@H](C)CO)C(=O)c2cc(ccc2O[C@H]1CN(C)Cc1ccc(cc1)Oc1ccccc1)NC(=O)NC1CCCCC1,0,0.016117,0.017685,0.006249
C[C@H]1CCCCO[C@H](CN(C)Cc2ccc(cc2)C(F)(F)F)[C@@H](C)CN([C@@H](C)CO)C(=O)c2cc(ccc2O1)NC(=O)Cc1ccccc1,0,0.118089,0.015287,0.006067
NNC(=O)c1ccncc1,0,0.144949,0.049245,0.024216
CCCCc1oc2ccc(NS(C)(=O)=O)cc2c1C(=O)c1ccc(OCCCN(CCCC)CCCC)cc1.Cl,0,0.622351,0.887035,0.884737
COCC#Cc1cnc2c(c1)C(=O)N(C[C@@H](C)[C@@H](CN(C)C(=O)C)O2)[C@@H](C)CO,0,0.011589,0.017744,0.002963
C[C@@H]1CCCCO[C@@H](CN(C)C(=O)Nc2ccc(cc2)F)[C@@H](C)CN([C@H](C)CO)C(=O)c2cc(ccc2O1)NC(=O)Nc1ccccc1,0,0.041716,0.015778,0.001913
O[C@H]1COC[C@@H]2O[C@@H](CC[C@H]2N(C1)C(=O)c1ccc2c(c1)OCO2)CC(=O)NCCN1CCCCC1,0,0.246793,0.058530,0.009723
O[C@H]1COC[C@@H]2O[C@H](CC[C@H]2N(C1)S(=O)(=O)c1ccc(cc1)F)CC(=O)N[C@H]1CCN(C1)Cc1ccccc1,0,0.437253,0.029274,0.010610
C[C@H]1CCCCO[C@H](CN(C)S(=O)(=O)c2ccc(cc2)Cl)[C@@H](C)CN([C@H](C)CO)C(=O)c2cc(ccc2O1)NS(=O)(=O)c1cccs1,0,0.002936,0.017270,0.002344
C[C@@H]1CCCCO[C@@H](CN(C)C(=O)Nc2ccc3c(c2)OCO3)[C@@H](C)CN([C@@H](C)CO)C(=O)c2cc(ccc2O1)NC(=O)C1CCCCC1,0,0.006932,0.016795,0.002448
N.N.O=C1O[Pt]OC(=O)C12CCC2,0,0.009979,0.428967,0.121499
C[C@H]1CN([C@H](C)CO)C(=O)c2cccc(c2O[C@@H]1CN(C)Cc1ccc(cc1)C(F)(F)F)NC(=O)Nc1ccc2c(c1)OCO2,0,0.212582,0.040877,0.042333
C[C@@H]1CN([C@@H](C)CO)C(=O)c2cc(cnc2O[C@@H]1CN(C)C(=O)Cc1ccccc1)C#CC1(O)CCCC1,0,0.005711,0.024465,0.012656
COC(=O)c1cn(nn1)CCNC(=O)[C@@H](NS(=O)(=O)c1ccc(cc1)C)C(C)C,0,0.276820,0.049771,0.042684
CC(=O)[C@@]1(N)C[C@H](O[C@H]2C[C@H](O)[C@H](O)CO2)c2c(c3c(c(c2C1)O)C(=O)c1ccccc1C3=O)O,0,0.991009,0.816477,0.761713
ClN1C(=O)N(Cl)C(=O)N(Cl)C1=O,0,0.999481,0.346592,0.073330
COc1ccc2c3c(n(c2c1)C)[C@@H](CO)N(C[C@]13CN(C1)S(=O)(=O)c1cn(cn1)C)C(=O)Nc1ccc(cc1)F,0,0.064787,0.026260,0.007915
C[C@H]1CN([C@@H](C)CO)C(=O)c2cc(cnc2O[C@@H]1CN(C)Cc1cccc(c1)C(=O)O)Br,0,0.116145,0.160376,0.045677
OC[C@H]1CC[C@@H]2O[C@H](CCc3ccc(cc3)-c3ccccc3)[C@@H](C[C@@H]2O1)NC(=O)Nc1ccc(cc1)F,0,0.821536,0.261517,0.131085
CC(C)NC(=O)N(C)C[C@@H]1Oc2ccc(cc2C(=O)N(C[C@@H]1C)[C@H](C)CO)NC(=O)CCN1CCOCC1,0,0.002228,0.017199,0.002492
Clc1ccc(cc1Cl)/N=C/c1ccc(o1)Br,0,0.767834,0.534541,0.468225
CCc1ccc(cc1)-c1cc2n(n1)C(=NN(CC(=O)NCCN1CCOCC1)C2=O)C,0,0.457122,0.255037,0.153752
COc1ccc(cc1)NC(=O)N(C)C[C@@H]1OCCCC[C@@H](C)Oc2ccc(cc2C(=O)N(C[C@@H]1C)[C@H](C)CO)NC(=O)CCCCCC(=O)Nc1ccccc1N,0,0.005850,0.017454,0.002005
COc1ccc(cc1)CN(C)C[C@H]1OCCCC[C@@H](C)Oc2ccc(cc2C(=O)N(C[C@H]1C)[C@H](C)CO)NS(=O)(=O)c1ccc(cc1)F,0,0.012111,0.018471,0.002819
CC1=C2CCC3C4CCC(=O)C4(C)CCC3C2(C)CCC1=O,0,0.890226,0.117110,0.048814
COc1cc(cc(c1OC)OC)/C=C/C(=O)NCCCNC(=O)/C=C/c1cc(c(c(c1)OC)OC)OC,0,0.778204,0.235930,0.052786
CO[C@@H](CN(C)C(=O)c1ccccc1F)[C@@H](C)CN([C@H](C)CO)S(=O)(=O)c1ccc(cc1)Cl,0,0.371472,0.026506,0.012821
CN(C)CC(=O)N[C@H]1C=C[C@@H](CC(=O)O)O[C@@H]1CO,0,0.047620,0.025324,0.013025
COc1ccc(cc1)S(=O)(=O)Nc1ccc2c(c1)C(=O)N(C[C@H](C)[C@@H](CN(C)C(=O)Nc1ccc(cc1)F)OCCCC[C@@H](C)O2)[C@H](C)CO,0,0.012273,0.017470,0.002309
C[C@@H]1CN([C@H](C)CO)C(=O)Cc2cc(ccc2O[C@H]1CN(C)S(=O)(=O)c1cccs1)NC(=O)CCCN(C)C,0,0.001505,0.018032,0.003279
C[C@@H]1CN([C@@H](C)CO)C(=O)Cc2cc(ccc2O[C@H]1CN(C)Cc1ccccc1)NS(=O)(=O)c1c(noc1C)C,0,0.003711,0.017297,0.003896
COc1ccc(cc1)S(=O)(=O)N(C)C[C@@H]1Oc2ccc(cc2C(=O)N(C[C@@H]1C)[C@@H](C)CO)NC(=O)NC(C)C,0,0.027320,0.019123,0.003421
C[C@H]1CN([C@H](C)CO)C(=O)CCCn2cc(nn2)CO[C@@H]1CN(C)C(=O)Nc1ccc(cc1)C(F)(F)F,0,0.786918,0.928331,0.890031
CN(C)CCN1CCO[C@@H]2CN(C[C@@H]21)Cc1cnn(c1)C,0,0.071622,0.032455,0.006447
C[C@@H]1CCCCO[C@@H](CN(C)C(=O)Nc2ccc(cc2)F)[C@H](C)CN([C@@H](C)CO)C(=O)c2cc(ccc2O1)NC(=O)CCC(F)(F)F,0,0.269614,0.020280,0.010438
COc1ccc(cc1)S(=O)(=O)N(C)C[C@H]1Oc2ccc(cc2CC(=O)N(C[C@H]1C)[C@H](C)CO)N(C)C,0,0.008734,0.030480,0.005098
C[C@H]1CCCCO[C@@H](CN(C)C(=O)Cc2ccccc2)[C@H](C)CN([C@@H](C)CO)C(=O)c2cc(ccc2O1)NC(=O)Nc1ccc2c(c1)OCO2,0,0.002222,0.016795,0.002308
CO[C@H]1CN(C)C(=O)c2cc(ccc2OC[C@@H](C)N(CCC(F)(F)F)C[C@@H]1C)NC(=O)Nc1ccccc1F,0,0.775032,0.175531,0.146426
COc1ccc(cc1)S(=O)(=O)N(C)C[C@@H]1OCCCC[C@@H](C)Oc2ccc(cc2C(=O)N(C[C@H]1C)[C@@H](C)CO)NC(=O)NC1CCCCC1,0,0.007842,0.017870,0.002433
COc1ccc(cc1)S(=O)(=O)Nc1ccc2c(c1)C(=O)N(C[C@H](C)[C@H](CN(C)Cc1ccc(c(c1)Cl)Cl)O2)[C@@H](C)CO,0,0.029922,0.018829,0.003203
Fc1cccc(c1)-c1csc(n1)COc1ccccc1Cl,0,0.652152,0.476314,0.372348
C[C@H]1CN([C@@H](C)CO)C(=O)c2cccc(c2O[C@@H]1CN(C)Cc1ccc(cc1)-c1ccccc1)NC(=O)Nc1ccccc1,0,0.095161,0.018745,0.004928
C[C@H]1CN([C@@H](C)CO)C(=O)c2cccc(c2O[C@H]1CN(C)S(=O)(=O)c1cccs1)NS(=O)(=O)c1ccc(cc1)F,0,0.007357,0.018779,0.004893
C[C@@H]1CN([C@@H](C)CO)S(=O)(=O)c2ccc(cc2O[C@H]1CN(C)Cc1ccc(cc1)Oc1ccccc1)-c1ccncc1,0,0.011017,0.022724,0.004091
O[C@H]1COC[C@@H]2O[C@H](CC[C@H]2N(C1)S(=O)(=O)c1ccccc1)CC(=O)NCc1ccc2c(c1)OCO2,0,0.040585,0.032220,0.008725
CN1C(=O)C(O)N=C(c2ccccc2)c2cc(Cl)ccc21,0,0.385748,0.217552,0.088884
C[C@H]1CCCCO[C@H](CN(C)S(=O)(=O)c2ccccc2)[C@H](C)CN([C@H](C)CO)C(=O)c2cc(ccc2O1)NS(=O)(=O)c1cn(cn1)C,0,0.002299,0.017475,0.001938
NC(=NC(=N)NCCc1ccccc1)N,0,0.000371,0.228489,0.068519
C[C@H]1CN([C@H](C)CO)C(=O)c2cccc(c2O[C@@H]1CN(C)S(=O)(=O)c1cccs1)NC(=O)C1CCOCC1,0,0.004651,0.017429,0.002800
CO[C@H]1CN(C)C(=O)c2cc(ccc2OC[C@@H](C)N(C[C@H]1C)Cc1cccnc1)NC(=O)C1CCOCC1,0,0.011931,0.035263,0.003457
C[C@@H]1CCCCO[C@@H](CN(C)C(=O)Nc2ccc(cc2)C(F)(F)F)[C@@H](C)CN([C@H](C)CO)C(=O)c2cc(ccc2O1)NS(=O)(=O)c1ccccc1,0,0.048452,0.030018,0.005836
C[C@H]1CCCCO[C@@H](CN(C)S(=O)(=O)c2ccc(cc2)F)[C@@H](C)CN([C@H](C)CO)C(=O)c2cc(ccc2O1)NS(=O)(=O)c1cn(cn1)C,0,0.012205,0.017860,0.002800
COc1ccc(cc1)S(=O)(=O)Nc1ccc2c(c1)C(=O)N(C[C@H](C)[C@@H](CN(C)Cc1ccc(cc1)C(F)(F)F)OCCCC[C@@H](C)O2)[C@@H](C)CO,0,0.035504,0.017232,0.003596
NC(=O)c1cnccn1,0,0.035184,0.027254,0.009922
CSc1cc(nc(c1)-c1cccs1)-c1ccc(cc1)Cl,0,0.965693,0.247887,0.289951
CCCNC(=O)N(C)C[C@H]1Oc2cc(ccc2S(=O)(=O)N(C[C@H]1C)[C@@H](C)CO)-c1ccccc1F,0,0.098116,0.027814,0.005895
CCOc1ccc(cc1)S(=O)(=O)N,0,0.000028,0.031453,0.006412
NC(=O)N1C(=O)[C@@H]2[C@H]3C=C(CCCO)[C@H]([C@@H](C4CC4)N3Cc3cc4c(cc3Br)OCO4)[C@H]2C1=O,0,0.000216,0.320321,0.272860
C[C@@H]1CN([C@@H](C)CO)S(=O)(=O)c2ccc(cc2O[C@H]1CN(C)C(=O)c1cccnc1)C#CC1(O)CCCC1,0,0.007804,0.018010,0.003101
C[C@H]1CN([C@@H](C)CO)C(=O)c2cc(ccc2O[C@H]1CN(C)S(=O)(=O)c1c(noc1C)C)NS(=O)(=O)c1ccccc1,0,0.004424,0.017597,0.002928
COc1ccc(cc1)S(=O)(=O)N(C)C[C@@H]1Oc2cc(ccc2S(=O)(=O)N(C[C@H]1C)[C@@H](C)CO)C1=CCCC1,0,0.014853,0.021870,0.003358
CN(C)C(=O)[C@@H]1[C@@H](CO)[C@@H]2CN3C(=O)C(=CC=C3[C@H]1N2S(=O)(=O)c1cn(cn1)C)C1=CCCC1,0,0.013680,0.027678,0.008875
C[C@H]1CN([C@@H](C)CO)C(=O)c2cccc(c2O[C@H]1CN(C)C(=O)Nc1ccc(cc1)C(F)(F)F)NC(=O)Nc1ccccc1,0,0.778481,0.761916,0.616298
Cc1nc(sc1CN)-c1ccncc1,0,0.196609,0.054406,0.064797
CO[C@H]1O[C@H](CO)[C@@H](OC(=O)Nc2c(cccc2OC)C)[C@H](OC(=O)Nc2ccccc2-c2ccccc2)[C@@H]1OC(=O)Nc1ccccc1-c1ccccc1,0,0.911211,0.061689,0.005714
OC[C@@H]1O[C@@H](C[C@@H]2[C@H]1Oc1ccc(cc12)NC(=O)Cc1ccncc1)CC(=O)NCc1cc(ccc1F)F,0,0.237417,0.033095,0.010727
COCCOC(=O)N1C(=O)[C@@]2([C@H]([C@H]3N([C@@H]([C@@H](OC3=O)c3ccccc3)c3ccccc3)[C@H]2c2ccc(cc2)O)C(=O)N2CCN(CC2)c2ncccn2)c2cc(ccc21)C#CC1=CCCCC1,0,0.040452,0.071453,0.018311
C[C@H]1CCCCO[C@@H](CN(C)Cc2ccc(c(c2)Cl)Cl)[C@H](C)CN([C@H](C)CO)C(=O)c2cc(ccc2O1)NC(=O)Nc1c(noc1C)C,0,0.218340,0.030638,0.005051
C[C@H]1CN([C@H](C)CO)C(=O)c2cccc(c2O[C@@H]1CN(C)S(=O)(=O)c1cn(cn1)C)NS(=O)(=O)c1ccc(cc1)C,0,0.009444,0.017606,0.003303
COc1ccc(cc1)NC(=O)Nc1ccc2c(c1)C(=O)N(C[C@H](C)[C@H](CN(C)Cc1ccccc1)OCCCC[C@@H](C)O2)[C@H](C)CO,0,0.011146,0.017156,0.001884
C[C@@H]1CCCCO[C@@H](CN(C)S(=O)(=O)c2ccc(cc2)Cl)[C@H](C)CN([C@@H](C)CO)C(=O)c2cc(ccc2O1)NC(=O)Nc1ccc(cc1)F,0,0.037939,0.017394,0.002444
C[C@@H]1CCCCO[C@@H](CN(C)S(=O)(=O)c2c(noc2C)C)[C@H](C)CN([C@@H](C)CO)C(=O)c2cc(ccc2O1)N(C)C,0,0.010257,0.017613,0.003551
CCCCCC[C@@H](O)CC=CCCCCCCCC(=O)O,0,0.016696,0.100790,0.033026
C[C@H]1CN([C@H](C)CO)C(=O)Cc2cc(ccc2O[C@H]1CN(C)C(=O)NC1CCCCC1)NC(=O)Nc1ccc(cc1)C(F)(F)F,0,0.365349,0.247843,0.129115
CON=C(C(=O)NC1C(=O)N2C(C(=O)[O-])=C(COC(N)=O)CSC12)c1ccco1.[Na+],1,0.998223,0.957706,0.968597
CC(=O)OC[C@H](N)C(=O)O,0,0.000558,0.030921,0.012483
OC(=O)CN1CCCCCC1=O,0,0.005427,0.014736,0.007087
CCCNC(=O)N1C[C@H](O)COC[C@@H]2O[C@@H](CC[C@H]21)CC(=O)NCCCN1CCOCC1,0,0.222808,0.069416,0.030035
CO[C@@H]1CN(C)C(=O)c2cc(ccc2OC[C@H](C)N(C[C@H]1C)C(=O)C1CCOCC1)NC(=O)C1CC1,0,0.015355,0.024122,0.003977
CC(C)(N)CN1CCCCC1,0,0.174523,0.030282,0.007782
CO[C@H]1CN(C)C(=O)c2ccc(cc2OC[C@H](C)N(C[C@@H]1C)C(=O)C1CCOCC1)NS(=O)(=O)C,0,0.003718,0.032235,0.003106
CCC(C)C(=O)OC1CC2(C)C(c3ccoc3)OC(=O)CC23OC2(C)OC34C(OC(C)=O)C3(O)C(OC(=O)C5(C)OC5C)C5(C)CC3(O)C(C)(C5CC(=O)OC)C14O2,0,0.003712,0.201147,0.033303
CCCNC(=O)N1C[C@@H](C)[C@@H](CN(C)C(=O)c2ccc(cc2OC[C@H]1C)NS(=O)(=O)CC(F)(F)F)OC,0,0.043660,0.053190,0.005397
COc1ccc(cc1)NC(=O)Nc1ccc2c(c1)[C@H]1C[C@H](CC(=O)N3CCN(C)CC3)O[C@H](CO)[C@H]1O2,0,0.233748,0.048328,0.010363
C[C@@H]1CN([C@H](C)CO)C(=O)Cc2cc(ccc2O[C@H]1CN(C)CC1CCCCC1)NS(=O)(=O)c1cn(cn1)C,0,0.020269,0.018275,0.002900
COC(=O)c1c2oc(c1C(=O)OC)C(=O)N[C@H](Cc1ccccc1)Cn1cc(nn1)CNC(=O)[C@@H](Cc1ccccc1)NC(=O)N[C@@H](CO)CC2,0,0.013234,0.044639,0.012688
C[C@@H]1CCCCO[C@@H](CN(C)C(=O)Nc2ccc3c(c2)OCO3)[C@@H](C)CN([C@H](C)CO)C(=O)c2cc(ccc2O1)NS(=O)(=O)c1ccc(cc1)Cl,0,0.003538,0.017565,0.002059
C[C@@H]1CN([C@H](C)CO)C(=O)c2cccc(c2O[C@H]1CN(C)C(=O)Nc1ccc(cc1)F)NC(=O)c1cnccn1,0,0.317358,0.025721,0.009022
C[C@@H]1CN([C@@H](C)CO)C(=O)c2cccc(c2O[C@H]1CN(C)S(=O)(=O)c1ccccc1)NS(=O)(=O)c1cccs1,0,0.004945,0.018247,0.003546
C[C@H]1CN([C@H](C)CO)C(=O)c2cc(ccc2O[C@@H]1CN(C)CC1CCCCC1)NC(=O)Nc1cccc2ccccc12,0,0.093988,0.021352,0.008007
CN(C)C(=O)c1cccc(c1)-c1cccc(c1)-c1nc(cc2c1[C@@H](CCO)N(C2)[S@](=O)C(C)(C)C)C(=O)NC1CCCCC1,0,0.055371,0.154802,0.065348
CN1CCCCC1c1ccc(-c2cccnc2)nc1.Cl,0,0.907813,0.142969,0.064533
C[C@@H]1CN([C@@H](C)CO)C(=O)Cc2cc(ccc2O[C@@H]1CN(C)C(=O)Nc1ccc2c(c1)OCO2)NC(=O)Cn1cnnn1,0,0.001197,0.017750,0.002567
COCC(=O)N(C)C[C@H]1Oc2cc(ccc2S(=O)(=O)N(C[C@H]1C)[C@H](C)CO)C#Cc1ccccc1,0,0.052332,0.031813,0.005783
CN1CCN(CC#N)C(=O)C21CCN(CC2)C(=O)c1cnccn1,0,0.001811,0.172704,0.049525
Brc1ccc2c(c1)C(=O)NC(=O)N2,0,0.923804,0.118587,0.130437
C[C@H]1CN([C@@H](C)CO)S(=O)(=O)c2ccc(cc2O[C@@H]1CN(C)C(=O)Cc1ccccc1)Br,0,0.061982,0.027097,0.008388
C[C@@H]1CN([C@@H](C)CO)C(=O)c2cccc(c2O[C@H]1CN(C)CC1CC1)NC(=O)Nc1cccc2ccccc12,0,0.091006,0.020313,0.005123
COCC(=O)N(C)C[C@H]1Oc2cc(ccc2S(=O)(=O)N(C[C@H]1C)[C@H](C)CO)C#C[C@@H](C)O,0,0.057680,0.022000,0.004696
COc1ccc(cc1)NC(=O)N(C)C[C@@H]1Oc2c(cccc2C(=O)N(C[C@@H]1C)[C@H](C)CO)NC(=O)c1cnccn1,0,0.096811,0.020343,0.004497
COCC(=O)Nc1ccc2c(c1)C(=O)N(C)C[C@H](OC)[C@H](C)CN([C@@H](C)CO2)C(=O)Cc1ccccn1,0,0.002785,0.019008,0.002167
COc1ccc(cc1)NC(=O)N(C)C[C@@H]1Oc2ccc(cc2C(=O)N(C[C@@H]1C)[C@@H](C)CO)NS(=O)(=O)c1c(noc1C)C,0,0.023087,0.017731,0.002788
O[C@H]1COC[C@H]2O[C@@H](CC[C@@H]2N(C1)S(=O)(=O)c1ccccc1F)CC(=O)NCc1ccccc1Cl,0,0.722108,0.056174,0.027813
C[C@@H]1CN([C@H](C)CO)C(=O)c2cc(cnc2O[C@H]1CN(C)C(=O)c1ccc2c(c1)OCO2)C1=CCCC1,0,0.002554,0.020119,0.005611
CCn1cnc(c1C(=O)NC)C(=O)NC,0,0.026977,0.022720,0.006964
C[C@@H]1CCCCO[C@H](CN(C)C(=O)Nc2ccc(cc2)C(F)(F)F)[C@@H](C)CN([C@@H](C)CO)C(=O)c2cc(ccc2O1)NS(=O)(=O)c1c(noc1C)C,0,0.169393,0.032681,0.019046
O=S1(=O)CC[C@@H](C1)N[C@H]1CCS(=O)(=O)C1,0,0.044495,0.098946,0.073755
C[C@@H]1CCCCO[C@@H](CN(C)Cc2ccc(cc2)C(=O)O)[C@@H](C)CN([C@H](C)CO)C(=O)c2cc(ccc2O1)NC(=O)Nc1ccc(cc1)C(F)(F)F,0,0.548143,0.019770,0.004294
COc1cc(cc(c1OC)OC)C(=O)O[C@H]1CC[C@@]2(C)[C@@H]3CC[C@H]4[C@]5(O)C[C@H](O)[C@@]6(O)[C@@H](CN7C[C@@H](C)CC[C@H]7[C@@]6(C)O)[C@]5(O)C[C@@]42O[C@@]13O,0,0.008972,0.143103,0.045552
C[C@@H](Cn1ccnc1C)C(=O)O,0,0.036872,0.017805,0.005387
C[C@H]1CN([C@@H](C)CO)C(=O)c2cc(ccc2O[C@@H]1CN(C)Cc1ccc(cc1)C(=O)Nc1ccccc1N)NS(=O)(=O)c1cn(cn1)C,0,0.007613,0.018235,0.002132
COC(=O)C(CCCN1C(=O)c2ccccc2C1=O)(NC(=O)C)c1nn[nH]n1,0,0.000334,0.113445,0.124844
CCOC(=O)C[n+]1ccccc1C,0,0.000347,0.034254,0.009980
COc1ccc2c3c(n(c2c1)C)[C@@H](CO)N(C[C@]13CCN(CC1)C(=O)c1ccccc1F)C(=O)Nc1ccccc1F,0,0.262967,0.086063,0.026844
C[C@@H]1CN([C@H](C)CO)S(=O)(=O)c2ccc(cc2O[C@@H]1CN(C)S(=O)(=O)c1ccc(cc1)C)C#Cc1ccncc1,0,0.018890,0.023497,0.003140
C[C@@H]1CN([C@H](C)CO)C(=O)c2cc(ccc2O[C@H]1CN(C)Cc1ccc(cc1)C(F)(F)F)NS(=O)(=O)c1ccc(cc1)Cl,0,0.260056,0.018947,0.007284
COc1ccc2c(c1)/C(=N\O)C(=O)N2,0,0.162560,0.029304,0.031283
C[C@@H]1CN([C@H](C)CO)C(=O)c2cc(ccc2O[C@H]1CN(C)S(=O)(=O)c1ccccc1)NC(=O)Nc1cccc2ccccc12,0,0.007564,0.018413,0.002905
C[C@H]1CCCCO[C@@H](CN(C)C(=O)C2CCCCC2)[C@@H](C)CN([C@H](C)CO)C(=O)c2cc(ccc2O1)NS(=O)(=O)c1ccc(cc1)F,0,0.006172,0.017400,0.002997
CCOc1cc(cc(c1)C(=O)N[C@@H](Cc1ccc(cc1)-n1cc(nn1)-c1ccc(s1)C(=O)NO)C(=O)OC)OCC,0,0.536569,0.295635,0.148637
COc1ccc(cc1)[Si](C)(C)[C@@H]1[C@@H](C)[C@@]2(O[C@H]1CC(=O)N(CCO)Cc1ccccc1)C(=O)N(Cc1ccc(cc1)N1CCC1=O)c1ccccc12,0,0.521322,0.126107,0.005691
O[C@@H]1COC[C@@H]2O[C@@H](CC[C@H]2N(C1)S(=O)(=O)c1cccc(c1)F)CC(=O)NCc1ccc2c(c1)OCO2,0,0.181294,0.021204,0.009803
C[C@H]1CN([C@@H](C)CO)S(=O)(=O)c2ccc(cc2O[C@@H]1CN(C)C(=O)c1ccccn1)C#Cc1ccc(cc1)F,0,0.032016,0.019294,0.002340
C[C@H]1CN([C@H](C)CO)C(=O)c2cccc(c2O[C@@H]1CN(C)C(=O)Nc1ccc(cc1)F)NC(=O)c1cnccn1,0,0.317358,0.025721,0.009022
C[C@@H]1CN([C@H](C)CO)C(=O)c2cc(cnc2O[C@H]1CN(C)C(=O)c1ccc2c(c1)OCO2)C#CCN(C)C,0,0.008262,0.017308,0.002268
C[C@H]1CN([C@H](C)CO)C(=O)c2cc(ccc2O[C@H]1CN(C)C(=O)Nc1ccc(cc1)C(F)(F)F)NS(=O)(=O)c1ccc(cc1)C,0,0.221282,0.062081,0.012852
CC(C)NC(=O)N(C)C[C@H]1Oc2ccc(cc2CC(=O)N(C[C@H]1C)[C@H](C)CO)NS(=O)(=O)c1ccc(cc1)Cl,0,0.012188,0.020327,0.002567
COc1ccc(cc1)C#Cc1ccc2c(c1)[C@@]1([C@@H]([C@@H]3N([C@H]([C@H](OC3=O)c3ccccc3)c3ccccc3)[C@@H]1c1ccc(cc1)O)C(=O)Nc1nc3ccccc3s1)C(=O)N2,0,0.015453,0.120296,0.021015
C[C@H]1CN([C@H](C)CO)C(=O)Cc2cc(ccc2O[C@H]1CN(C)S(=O)(=O)c1ccc(cc1)F)NS(=O)(=O)c1ccc(cc1)F,0,0.014376,0.018661,0.003260
C[C@@H]1CN([C@@H](C)CO)C(=O)CCCn2cc(nn2)CO[C@@H]1CN(C)C(=O)Nc1ccccc1C(F)(F)F,0,0.897189,0.660510,0.335957
COc1ccc(cc1)CN(C)C[C@@H]1OCCCC[C@@H](C)Oc2ccc(cc2C(=O)N(C[C@H]1C)[C@H](C)CO)NC(=O)Nc1ccc(cc1)F,0,0.081735,0.016654,0.002909
COCN(C#N)c1nc(nc(n1)N(C)C)N(C)C,0,0.002337,0.052076,0.011094
C[C@H]1CN([C@@H](C)CO)C(=O)Cc2cc(ccc2O[C@@H]1CN(C)S(=O)(=O)c1ccccc1)NS(=O)(=O)C,0,0.005221,0.021700,0.004163
COc1ccc(cc1)S(=O)(=O)N(C)C[C@@H]1Oc2ncc(cc2C(=O)N(C[C@@H]1C)[C@H](C)CO)C#Cc1cccc(c1)F,0,0.030578,0.017520,0.002981
C[C@@H]1CN([C@H](C)CO)C(=O)c2cccc(c2O[C@@H]1CN(C)Cc1ccc(cc1)C(=O)O)NC(=O)c1ccc(cc1)-c1nccs1,0,0.035008,0.030829,0.004549
COCC(=O)Nc1ccc2c(c1)C(=O)N(C)[C@H]1CC[C@@H](CC(=O)NCc3ccc(cc3)OC)O[C@H]1CO2,0,0.027261,0.023175,0.006502
C[C@H]1CCCCO[C@H](CN(C)C(=O)CCCN(C)C)[C@@H](C)CN([C@H](C)CO)C(=O)c2cc(ccc2O1)NS(=O)(=O)C,0,0.008277,0.017831,0.002100
O[C@H](COP(=O)(O)O)[C@@H](O)[C@H](O)C(=O)COP(=O)(O)O,0,0.000000,0.159066,0.048521
C[C@@H]1CCCCO[C@H](CN(C)C(=O)CCCN(C)C)[C@@H](C)CN([C@H](C)CO)C(=O)c2cc(ccc2O1)NC(=O)Nc1ccc(cc1)F,0,0.045098,0.017517,0.002330
COC(=O)C[C@@H]1CC[C@H]2[C@@H](COC[C@@H](O)CN2S(=O)(=O)c2ccc(cc2)F)O1,0,0.245701,0.038810,0.018630
C[C@@H]1CN([C@H](C)CO)C(=O)c2cc(ccc2O[C@@H]1CN(C)S(=O)(=O)c1ccccc1)NC(=O)Nc1cccc2ccccc12,0,0.007564,0.018413,0.002905
COCOC[C@H](C)N1C[C@@H](C)[C@H](CN(C)S(=O)(=O)c2ccc(cc2)F)OCCCC[C@H](C)Oc2ccc(cc2C1=O)NC(=O)Nc1ccccc1,0,0.022234,0.022130,0.004428
C[C@H]1CCCCO[C@@H](CN(C)CC2CCCCC2)[C@@H](C)CN([C@H](C)CO)C(=O)c2cc(ccc2O1)NC(=O)CCCCCC(=O)Nc1ccccc1N,0,0.022986,0.017909,0.003068
OC[C@H]1N[C@@H](C#N)[C@@H]1c1ccccc1,0,0.000279,0.081391,0.024334
C[C@@H]1CCCCO[C@@H](CN(C)Cc2ccc(cc2)C(=O)Nc2ccccc2N)[C@@H](C)CN([C@@H](C)CO)C(=O)c2cc(ccc2O1)N(C)C,0,0.017646,0.018387,0.002987
C[C@H]1CCCCO[C@@H](CN(C)C(=O)Nc2ccc(cc2)C(F)(F)F)[C@@H](C)CN([C@H](C)CO)C(=O)c2cc(ccc2O1)NC(=O)Nc1cccc2ccccc12,0,0.245149,0.014006,0.003108
CS(=O)(=O)CCNCc1ccc(-c2ccc3ncnc(Nc4ccc(OCc5cccc(F)c5)c(Cl)c4)c3c2)o1,0,0.586458,0.687185,0.402694
C[C@@H]1CCCCO[C@@H](CN(C)C(=O)Nc2ccc(cc2)F)[C@H](C)CN([C@@H](C)CO)C(=O)c2cc(ccc2O1)NS(=O)(=O)c1ccccc1,0,0.007636,0.017502,0.002085
C[C@H]1CN([C@@H](C)CO)C(=O)c2cc(ccc2O[C@@H]1CN(C)S(=O)(=O)c1cccs1)NS(=O)(=O)c1ccccc1,0,0.001308,0.017665,0.003329
O[C@H]1COC[C@H]2O[C@H](CC[C@@H]2N(C1)C(=O)Nc1cccc(c1)Cl)CC(=O)NCCCN1CCOCC1,0,0.673813,0.637711,0.925448
CS(=O)(=O)N1CC[C@]2(COCc3cnc(nc32)N2CCOCC2)C1,0,0.009509,0.030143,0.008156
COCCN1C(=O)C2=C([C@H]3N(C)c4ccccc4[C@@]33C[C@@H](CO)N(C(=O)C)C3=N2)C1=O,0,0.005198,0.061888,0.078631
C[C@@H]1CN([C@@H](C)CO)C(=O)c2cccc(c2O[C@H]1CN(C)S(=O)(=O)c1ccccc1F)NC(=O)Nc1cccc2ccccc12,0,0.061951,0.020700,0.004625
CN(C)CCCNC(=O)C[C@@H]1CC[C@@H]2[C@H](COC[C@H](O)CN2S(=O)(=O)c2ccccc2)O1,0,0.200512,0.021543,0.009329
C[C@@H]1CN([C@@H](C)CO)C(=O)c2c(c3ccccc3n2C)-c2ccccc2CO[C@H]1CN(C)C(=O)c1cc(cc(c1)Cl)Cl,0,0.114064,0.023661,0.003636
C[C@H]1CCCCO[C@H](CN(C)Cc2ccc(c(c2)Cl)Cl)[C@@H](C)CN([C@H](C)CO)C(=O)c2cc(ccc2O1)NC(=O)NC1CCCCC1,0,0.152184,0.017938,0.004182
C[C@H]1CCCCO[C@H](CN(C)Cc2ccncc2)[C@H](C)CN([C@H](C)CO)C(=O)c2cc(ccc2O1)NC(=O)Nc1c(noc1C)C,0,0.026514,0.017176,0.002097
C[C@@H]1CCCCO[C@@H](CN(C)S(=O)(=O)c2ccc(cc2)Cl)[C@H](C)CN([C@H](C)CO)C(=O)c2cc(ccc2O1)NC(=O)c1ccccc1,0,0.002273,0.017575,0.001693
C[C@H]1CN([C@H](C)CO)S(=O)(=O)c2ccc(cc2O[C@H]1CN(C)S(=O)(=O)C)C#CCN(C)C,0,0.028352,0.017852,0.004126
CNC[C@H]1Oc2cc(ccc2S(=O)(=O)N(C[C@@H]1C)[C@H](C)CO)C#CCN(C)C,0,0.084282,0.019367,0.005623
C[C@H]1CCCCO[C@H](CN(C)C(=O)Nc2c(noc2C)C)[C@@H](C)CN([C@H](C)CO)C(=O)c2cc(ccc2O1)NS(=O)(=O)c1ccc(cc1)C,0,0.007328,0.018245,0.002081
CCCC(=O)Nc1ccc2c(c1)C(=O)N(C)[C@H]1CC[C@H](CC(=O)NCCN3CCCCC3)O[C@H]1CO2,0,0.026554,0.022489,0.011821
COc1ccc2c3c(n(c2c1)C)[C@@H](CO)N(C[C@]13CCN(CC1)C(=O)CN1CCOCC1)C(=O)Nc1ccc(cc1)F,0,0.087312,0.102701,0.028140
CC(C)NC(=O)N(C)C[C@@H]1Oc2ccc(cc2CC(=O)N(C[C@H]1C)[C@@H](C)CO)NC(=O)C1CCCCC1,0,0.016391,0.024192,0.005396
C[C@@H]1CCCCO[C@H](CN(C)Cc2ccc3c(c2)OCO3)[C@@H](C)CN([C@@H](C)CO)C(=O)c2cc(ccc2O1)NS(=O)(=O)c1ccc(cc1)C,0,0.002238,0.017756,0.002336
COc1ccccc1S(=O)(=O)N1C[C@@H](O)COC[C@@H]2O[C@@H](CC[C@H]21)CC(=O)O,0,0.398820,0.054871,0.014423
OC[C@H]1O[C@H](C[C@@H]2[C@H]1Oc1ccc(cc12)NS(=O)(=O)c1ccc(cc1)F)CC(=O)NCCN1CCCCC1,0,0.115398,0.018647,0.005522
CN(C)Cc1c[nH]c2ccccc12,0,0.294162,0.089986,0.034936
CCC1(CC)C(=O)NC(=O)NC1=O,0,0.000191,0.076375,0.018916
COc1ccc(cc1)NC(=O)Nc1ccc2c(c1)C(=O)N(C[C@H](C)[C@H](CN(C)S(=O)(=O)c1ccc(cc1)Cl)OCCCC[C@@H](C)O2)[C@H](C)CO,0,0.013173,0.017526,0.001747
C[C@H]1CN([C@@H](C)CO)C(=O)Cc2cc(ccc2O[C@H]1CN(C)C(=O)Nc1cccc2ccccc12)NC(=O)Cc1ccccc1,0,0.004049,0.019071,0.003740
C[C@H]1CN([C@@H](C)CO)C(=O)Cc2cc(ccc2O[C@H]1CN(C)S(=O)(=O)c1cn(cn1)C)NS(=O)(=O)C,0,0.008482,0.017325,0.002949
CNC(=O)C1=C(O)c2ccccc2N(C)C1=O,0,0.537186,0.087139,0.083456
C[C@@H]1CCCCO[C@@H](CN(C)C(=O)Nc2ccccc2)[C@@H](C)CN([C@H](C)CO)C(=O)c2cc(ccc2O1)NS(=O)(=O)c1ccccc1,0,0.002063,0.017559,0.001913
C[C@H]1CN([C@H](C)CO)C(=O)c2cc(ccc2O[C@H]1CN(C)Cc1ccc(c(c1)Cl)Cl)NC(=O)Nc1ccc(cc1)C(F)(F)F,0,0.902469,0.104269,0.050643
C[C@@H]1CN([C@H](C)CO)C(=O)c2ccccc2-c2ccccc2CO[C@@H]1CN(C)C(=O)Nc1cccc(c1)C(F)(F)F,0,0.647370,0.502901,0.277565
C[C@@H]1CN([C@@H](C)CO)C(=O)c2cc(ccc2O[C@@H]1CN(C)Cc1ccc(cc1)Oc1ccccc1)NC(=O)Nc1ccc2c(c1)OCO2,0,0.002157,0.017828,0.003647
CC(C)CC#Cc1ccc2c(c1)O[C@@H](CN(C)C(=O)c1ccncc1)[C@@H](C)CN([C@H](C)CO)S2(=O)=O,0,0.024314,0.017344,0.002975
C[C@@H]1CCCCO[C@@H](CN(C)S(=O)(=O)c2ccc(cc2)F)[C@@H](C)CN([C@@H](C)CO)C(=O)c2cc(ccc2O1)NS(=O)(=O)c1ccc(cc1)Cl,0,0.009253,0.017335,0.002579
C[C@@H]1CN([C@@H](C)CO)C(=O)c2cc(cnc2O[C@H]1CN(C)C(=O)CCN1CCCCC1)Br,0,0.050624,0.032903,0.013768
C[C@@H]1CN([C@H](C)CO)C(=O)Cc2cc(ccc2O[C@@H]1CN(C)C(=O)Nc1ccc(cc1)F)NC(=O)Nc1cccc2ccccc12,0,0.039509,0.017767,0.003145
C[C@@H]1CCCCO[C@@H](CN(C)CC2CCCCC2)[C@H](C)CN([C@H](C)CO)C(=O)c2cc(ccc2O1)NC(=O)Nc1ccccc1,0,0.064440,0.017287,0.004662
CCCN(C)C[C@H]1OCCCC[C@H](C)Oc2ccc(cc2C(=O)N(C[C@H]1C)[C@H](C)CO)NS(=O)(=O)c1ccc(cc1)Cl,0,0.031713,0.019016,0.004540
C[C@H]1CN([C@H](C)CO)C(=O)c2cccc(c2O[C@@H]1CN(C)Cc1ccc(cc1)Oc1ccccc1)NC(=O)Nc1ccccc1,0,0.010174,0.018446,0.004110
C[C@@H]1CN([C@@H](C)CO)C(=O)Cc2cc(ccc2O[C@@H]1CN(C)C(=O)Nc1c(noc1C)C)NS(=O)(=O)C,0,0.015608,0.019037,0.003627
CCOC(=O)C1CCNCC1,0,0.026237,0.015900,0.005118
C[C@@H]1CN([C@@H](C)CO)C(=O)Cc2cc(ccc2O[C@H]1CN(C)Cc1ccc(cc1)C(F)(F)F)NC(=O)Nc1ccc2c(c1)OCO2,0,0.061858,0.018741,0.007906
NC1=CC(=O)N=C2NNC(=S)N12,0,0.082094,0.043557,0.014355
C[C@@H]1CN([C@H](C)CO)C(=O)c2cccc(c2O[C@@H]1CN(C)Cc1ccc(c(c1)Cl)Cl)NC(=O)NC1CCCCC1,0,0.313734,0.023323,0.007915
O[C@@H]1COC[C@H]2O[C@@H](CC[C@@H]2N(C1)C(=O)c1cnccn1)CC(=O)N1CCN(CC1)c1ccccc1,0,0.334695,0.024090,0.005839
C[C@@H]1CCCCO[C@H](CN(C)S(=O)(=O)c2ccccc2)[C@@H](C)CN([C@@H](C)CO)C(=O)c2cc(ccc2O1)NC(=O)Nc1ccc(cc1)C(F)(F)F,0,0.087717,0.026840,0.004828
C[C@@H]1CCCCO[C@H](CN(C)Cc2ccc(cc2)C(=O)O)[C@@H](C)CN([C@@H](C)CO)C(=O)c2cc(ccc2O1)NS(=O)(=O)c1ccccc1,0,0.005892,0.024921,0.002125
C[C@H]1CCCCO[C@H](CN(C)S(=O)(=O)c2cn(cn2)C)[C@@H](C)CN([C@H](C)CO)C(=O)c2cc(ccc2O1)NC(=O)Nc1cccc2ccccc12,0,0.005713,0.018999,0.002178
NC1=NC(=O)NC=C1NC(=O)c1ccccc1,0,0.651089,0.139887,0.117635
CCCC(=O)Nc1ccc2c(c1)C(=O)N(C)C[C@@H](OC)[C@H](C)CN(Cc1ccc(cc1)-c1ccccn1)[C@@H](C)CO2,0,0.016224,0.036612,0.007003
C=C1N/C(=C/c2cccnc2)C(=O)O1,0,0.943673,0.105601,0.061778
CC(C)NC(=O)N[C@@H]1C=C[C@@H](CC(=O)O)O[C@@H]1CO,0,0.021250,0.029789,0.011773
Cc1ccc(cc1)S(=O)(=O)N1C[C@@H](O)COC[C@@H]2O[C@H](CC[C@H]21)CC(=O)N[C@H]1CCN(C1)Cc1ccccc1,0,0.253254,0.030341,0.009983
COc1ccc(cc1)NC(=O)Nc1ccc2c(c1)C(=O)N(C[C@H](C)[C@@H](CN(C)Cc1ccc(cc1)C(F)(F)F)OCCCC[C@H](C)O2)[C@H](C)CO,0,0.182142,0.018445,0.004059
C1N2CN3CN1CN(C2)C3,0,0.011911,0.065483,0.012909
C[C@@H]1CN([C@@H](C)CO)C(=O)CCCn2nncc2CO[C@@H]1CN(C)S(=O)(=O)c1ccc(cc1)Oc1ccccc1,0,0.002645,0.019572,0.003633
COc1ccc(cc1)NC(=O)Nc1ccc2c(c1)C(=O)N(C[C@H](C)[C@H](CN(C)Cc1ccc(c(c1)Cl)Cl)O2)[C@@H](C)CO,0,0.157520,0.020249,0.007506
C[C@H]1CCCCO[C@H](CN(C)C(=O)CCC(F)(F)F)[C@@H](C)CN([C@@H](C)CO)C(=O)c2cc(ccc2O1)NC(=O)c1ccccc1,0,0.011146,0.026259,0.004125
C[C@H]1CN([C@@H](C)CO)C(=O)c2cc(ccc2O[C@H]1CN(C)S(=O)(=O)c1ccc(cc1)Cl)NC(=O)Nc1ccc(cc1)C(F)(F)F,0,0.548475,0.124906,0.011789
COc1ccc(cc1)S(=O)(=O)N(C)C[C@@H]1Oc2cc(ccc2S(=O)(=O)N(C[C@@H]1C)[C@@H](C)CO)C1=CCCC1,0,0.014853,0.021870,0.003358
O[C@H]1COC[C@@H]2O[C@@H](CC[C@H]2N(C1)S(=O)(=O)c1ccc(cc1)F)CC(=O)N[C@H]1CCN(C1)Cc1ccccc1,0,0.437253,0.029274,0.010610
CCC1(c2ccc(N)cc2)CCC(=O)NC1=O,0,0.033931,0.084787,0.055871
[O-][N+](=O)c1ccn(n1)CC(=O)N1CCOCC1,0,0.881814,0.279427,0.091261
C[C@H]1CCCCO[C@H](CN(C)S(=O)(=O)c2cccs2)[C@H](C)CN([C@@H](C)CO)C(=O)c2cc(ccc2O1)NC(=O)Nc1ccc(cc1)C(F)(F)F,0,0.057616,0.028831,0.007577
C[C@H]1CN([C@H](C)CO)C(=O)Cc2cc(ccc2O[C@H]1CN(C)Cc1ccncc1)NC(=O)Cn1cnnn1,0,0.004220,0.022747,0.003081
C[C@H]1CN([C@H](C)CO)C(=O)Cc2cc(ccc2O[C@@H]1CN(C)C(=O)Nc1ccc2c(c1)OCO2)NS(=O)(=O)c1c(noc1C)C,0,0.001782,0.018465,0.002147
COc1ccc(cc1)CN(C)C[C@@H]1OCCCC[C@@H](C)Oc2ccc(cc2C(=O)N(C[C@H]1C)[C@H](C)CO)NS(=O)(=O)c1ccc(cc1)C,0,0.005373,0.017987,0.002309
C[C@@H]1CCCCO[C@H](CN(C)S(=O)(=O)c2ccccc2)[C@H](C)CN([C@H](C)CO)C(=O)c2cc(ccc2O1)NS(=O)(=O)c1cn(cn1)C,0,0.002299,0.017475,0.001938
OC[C@@H]1O[C@@H](CC(=O)NCCN2CCCCC2)C=C[C@@H]1NC(=O)c1cccnc1,0,0.048173,0.035633,0.017412
C[C@@H]1CN([C@@H](C)CO)C(=O)c2cccc(c2O[C@@H]1CN(C)Cc1ccc(cc1)-c1ccccc1)NS(=O)(=O)c1ccc(cc1)F,0,0.054910,0.019804,0.004370
C[C@@H]1CN([C@H](C)CO)S(=O)(=O)c2ccc(cc2O[C@@H]1CN(C)C(=O)c1ccc2c(c1)OCO2)C#Cc1ccccc1F,0,0.013977,0.017490,0.003097
COC(=O)CCCCCCC(=O)N/N=C/[C@H](O)[C@@H](O)[C@H](O[C@@H]1O[C@H](CO)[C@H](O)[C@H](O)[C@H]1O)[C@H](O)CO,0,0.003033,0.149271,0.103226
C[C@H]1CN([C@H](C)CO)C(=O)c2cccc(c2O[C@@H]1CN(C)S(=O)(=O)c1c(noc1C)C)NS(=O)(=O)c1ccc(cc1)C,0,0.016542,0.017600,0.004615
C[C@@H]1CCCCO[C@@H](CN(C)C(=O)c2ccncc2)[C@@H](C)CN([C@H](C)CO)C(=O)c2cc(ccc2O1)NC(=O)NC1CCCCC1,0,0.004729,0.016642,0.001756
CC(C)NC(=O)N(C)C[C@@H]1Oc2ccc(cc2CC(=O)N(C[C@H]1C)[C@@H](C)CO)NS(=O)(=O)c1ccc(cc1)C,0,0.004131,0.020106,0.003023
C[C@@H]1CCCCO[C@@H](CN(C)S(=O)(=O)c2ccc(cc2)C)[C@H](C)CN([C@@H](C)CO)C(=O)c2cc(ccc2O1)NC(=O)c1ccccc1,0,0.000869,0.017533,0.001856
Clc1ccc(cc1)/C=C/C=O,0,0.990763,0.418488,0.261887
C[C@@H]1CCCCO[C@@H](CN(C)Cc2ccc(cc2)C(=O)O)[C@@H](C)CN([C@@H](C)CO)C(=O)c2cc(ccc2O1)NC(=O)c1ccccc1,0,0.005096,0.026648,0.002431
COc1ccc(cc1)S(=O)(=O)N(C)C[C@@H]1Oc2cc(ccc2S(=O)(=O)N(C[C@H]1C)[C@H](C)CO)C#CC1CC1,0,0.026434,0.021080,0.003234
COCC(=O)N1C[C@@H](C)[C@@H](CN(C)C(=O)c2ccc(cc2OC[C@@H]1C)NC(=O)c1cc(on1)C)OC,0,0.006509,0.018002,0.005258
Nc1cc2[nH]cnc2c(n1)O,0,0.349033,0.057662,0.012686
CC(C)NC(=O)N(C)C[C@H]1OCCCC[C@H](C)Oc2ccc(cc2C(=O)N(C[C@@H]1C)[C@H](C)CO)NC(=O)Nc1ccc(cc1)C(F)(F)F,0,0.496226,0.070927,0.058665
C[C@@H]1CCCCO[C@@H](CN(C)C(=O)Nc2ccc(cc2)C(F)(F)F)[C@H](C)CN([C@H](C)CO)C(=O)c2cc(ccc2O1)NS(=O)(=O)c1ccc(cc1)C,0,0.097196,0.029094,0.005061
CCN1C[C@@]2(C)CC[C@H](OC)C34[C@@H]2[C@H](O)[C@]2(OCO[C@]52C[C@H](OC)[C@H]2C[C@]4(O)[C@@H]5[C@H]2O)[C@@H]13,0,0.924809,0.215766,0.088939
C[C@H]1CN([C@@H](C)CO)C(=O)c2cccc(c2O[C@@H]1CN(C)C(=O)Nc1ccc(cc1)C(F)(F)F)NC(=O)c1nc2ccccc2s1,0,0.347600,0.174184,0.067015
C[C@@H]1CN([C@H](C)CO)C(=O)Cc2cc(ccc2O[C@@H]1CN(C)Cc1ccc(cc1)Oc1ccccc1)NC(=O)Nc1cccc2ccccc12,0,0.005439,0.021055,0.004030
C[C@@H]1CCCCO[C@@H](CN(C)C(=O)c2ccccc2)[C@H](C)CN([C@@H](C)CO)C(=O)c2cc(ccc2O1)NC(=O)Nc1c(noc1C)C,0,0.005000,0.017277,0.001847
CC(=O)NCC(=O)N1CCOC[C@]2(CC[C@@H](Cn3cccn3)O2)C1,0,0.010911,0.122650,0.031567
C[C@@H]1CN([C@H](C)CO)C(=O)CCCn2cc(nn2)CO[C@H]1CN(C)Cc1ccc(cc1)C(=O)Nc1ccccc1N,0,0.029321,0.022730,0.003583
C[C@@H]1CCCCO[C@H](CN(C)S(=O)(=O)c2ccc(cc2)F)[C@@H](C)CN([C@H](C)CO)C(=O)c2cc(ccc2O1)NC(=O)Nc1cccc2ccccc12,0,0.009120,0.018472,0.002198
CC[C@@](C)(NC1=NNC(=O)NC1=O)C(=O)O,0,0.714210,0.032908,0.036654
COc1ccc(cc1)S(=O)(=O)N(C)C[C@H]1Oc2ccc(cc2CC(=O)N(C[C@H]1C)[C@@H](C)CO)NC(=O)C1CC1,0,0.006472,0.019899,0.003574
CCS(=O)(=O)N(C)C[C@H]1OCc2ccccc2-c2c(n(c3ccccc23)C)C(=O)N(C[C@H]1C)[C@H](C)CO,0,0.014005,0.019071,0.002796
C[C@@H]1CC[C@]23CCC(=O)[C@H]3[C@]1(C)[C@@H](C[C@@](C)(C=C)[C@@H](O)[C@@H]2C)OC(=O)CS[C@@H]1C[C@H]2CC[C@@H](C1)N2C,1,0.989589,0.325847,0.124604
COc1cccc(c1)NC(=O)N1C[C@@H](O)COC[C@@H]2O[C@@H](CC[C@H]21)CC(=O)NC1Cc2ccccc2C1,0,0.407218,0.165806,0.094667
C[C@H]1CCCCO[C@@H](CN(C)S(=O)(=O)c2ccccc2)[C@H](C)CN([C@@H](C)CO)C(=O)c2cc(ccc2O1)NC(=O)c1ccccc1,0,0.000396,0.017559,0.001906
C[C@H]1CN([C@H](C)CO)C(=O)c2cc(ccc2O[C@H]1CN(C)Cc1ccc(cc1)C(=O)Nc1ccccc1N)NC(=O)Nc1ccc(cc1)F,0,0.050446,0.017528,0.002490
CCN1CCN(c2cc3c(cc2F)c(=O)c(C(=O)O)cn3C2CC2)CC1,1,0.992504,0.903615,0.912202
C[C@@H]1CCCCO[C@H](CN(C)S(=O)(=O)c2cn(cn2)C)[C@@H](C)CN([C@H](C)CO)C(=O)c2cc(ccc2O1)NS(=O)(=O)c1cn(cn1)C,0,0.004216,0.018669,0.003177
CC(C)CCC[C@@H](C)CCC[C@@H](C)CCC[C@]1(C)CCc2c(c(c(c(c2O1)C)C)OC(=O)CCC(=O)OCCO)C,0,0.916752,0.158969,0.125885
C[C@@H]1CN([C@@H](C)CO)C(=O)CCCn2nncc2CO[C@H]1CN(C)C(=O)Nc1ccc2c(c1)OCCO2,0,0.007292,0.028461,0.003715
C[C@@H]1CN([C@H](C)CO)C(=O)Cc2cc(ccc2O[C@@H]1CN(C)C(=O)Nc1ccc2c(c1)OCO2)NC(=O)c1ccncc1,0,0.001806,0.016960,0.002200
CC(C)NC(=O)N(C)C[C@H]1Oc2cc(ccc2S(=O)(=O)N(C[C@@H]1C)[C@@H](C)CO)C#Cc1ccccn1,0,0.057775,0.021294,0.003375
C[C@H]1CCCCO[C@@H](CN(C)Cc2ccc(cc2)C(=O)O)[C@@H](C)CN([C@@H](C)CO)C(=O)c2cc(ccc2O1)NC(=O)Cc1ccccc1,0,0.011263,0.029951,0.003162
CN1[C@@H]2CC[C@H](CC(=O)N[C@H]3CCN(C3)Cc3ccccc3)O[C@@H]2COc2ccc(cc2C1=O)NC(=O)c1cnccn1,0,0.013962,0.022985,0.008880
C[C@H]1CN([C@H](C)CO)C(=O)c2cc(ccc2O[C@@H]1CN(C)S(=O)(=O)c1cccs1)NS(=O)(=O)c1c(noc1C)C,0,0.002874,0.017561,0.003770
COc1ccc(cc1)CCNC(=O)[C@]1(Cc2ccccc2I)[C@@H](N(Cc2ccccc2)C(=O)c2ccccc21)c1ccc(cc1)COC(=O)NCCCCCC(=O)NO,0,0.000010,0.074194,0.015109
CC(C)C#Cc1cnc2c(c1)C(=O)N(C[C@H](C)[C@H](CN(C)S(=O)(=O)c1cn(cn1)C)O2)[C@H](C)CO,0,0.025841,0.019137,0.003910
C[C@H]1CN([C@@H](C)CO)C(=O)c2cc(ccc2O[C@H]1CN(C)Cc1ccc(cc1)Oc1ccccc1)NC(=O)C1CCCCC1,0,0.011372,0.018257,0.007378
CCCCC[C@@H](C[C@@H](O)CC(=O)O[C@@H](CCCCC)C[C@@H](CC(=O)O)O[C@H]1O[C@@H](CO)[C@@H](O)[C@@H](O)[C@@H]1O)O[C@H]1O[C@@H](CO)[C@@H](O)[C@@H](O)[C@@H]1O,0,0.036340,0.515067,0.309497
C[C@H]1CN([C@H](C)CO)C(=O)Cc2cc(ccc2O[C@@H]1CN(C)S(=O)(=O)c1cccs1)NS(=O)(=O)C,0,0.003362,0.017325,0.003578
C[C@@H]1CCCCO[C@@H](CN(C)S(=O)(=O)C)[C@@H](C)CN([C@H](C)CO)C(=O)c2cc(ccc2O1)NS(=O)(=O)c1ccccc1,0,0.001558,0.017512,0.002365
CN1C[C@H](O)COC[C@H]2O[C@H](CC[C@@H]21)CC(=O)N1CCN(CC1)c1ccccc1,0,0.740354,0.040989,0.010153
C[C@@H]1CN([C@@H](C)CO)C(=O)c2cc(ccc2O[C@@H]1CN(C)C(=O)NC1CCCCC1)NC(=O)CCN1CCOCC1,0,0.002554,0.016391,0.002773
C[C@@H]1CN([C@@H](C)CO)C(=O)Cc2cc(ccc2O[C@@H]1CN(C)C(=O)Nc1cccc2ccccc12)NS(=O)(=O)c1cccs1,0,0.001589,0.017338,0.002520
C[C@@H]1CCCCO[C@H](CN(C)S(=O)(=O)c2cccs2)[C@@H](C)CN([C@H](C)CO)C(=O)c2cc(ccc2O1)NC(=O)Cc1ccccc1,0,0.000747,0.017475,0.002041
N[C@@H](C#N)c1ccc(cc1)Cl,0,0.008126,0.074837,0.050352
CCCCNc1ccc(C(=O)OCCOCCOCCOCCOCCOCCOCCOCCOCCOC)cc1,0,0.000003,0.302230,0.052515
COc1ccc(-c2c(O)c3c(OC)c4c(cc3oc2=O)OC(C)(C)C=C4)cc1,0,0.968810,0.298386,0.355413
C[C@H]1CN([C@H](C)CO)C(=O)Cc2cc(ccc2O[C@@H]1CN(C)S(=O)(=O)c1c(noc1C)C)NC(=O)Cc1ccccc1,0,0.003175,0.018699,0.003179
O[C@H]1CN[C@@H]2CC[C@@H](CC(=O)O)O[C@H]2COC1,0,0.153778,0.032666,0.005599
C[C@H]1CN([C@@H](C)CO)C(=O)CCCn2nncc2CO[C@H]1CN(C)Cc1cccc2c1OCCCO2,0,0.013762,0.024361,0.003002
C[C@H]1CCCCO[C@@H](CN(C)Cc2ccc(cc2)C(=O)O)[C@@H](C)CN([C@@H](C)CO)C(=O)c2cc(ccc2O1)NC(=O)Nc1cccc2ccccc12,0,0.018908,0.021942,0.002055
Cc1ccc(cc1)S(=O)(=O)N[C@@H](Cc1ccccc1)C(=O)NCCCn1cc(nn1)CN1[C@@H](COCC1=O)c1ccccc1,0,0.033879,0.049970,0.016826
NCCc1nnc2n1CCCCC2,0,0.105816,0.026243,0.007284
COc1ccc(cc1)NC(=O)N(C)C[C@@H]1OCCCC[C@@H](C)Oc2ccc(cc2C(=O)N(C[C@@H]1C)[C@H](C)CO)NC(=O)c1ccncc1,0,0.005501,0.016506,0.001688
CCCNC(=O)Nc1ccc2c(c1)C(=O)N(C)C[C@@H](OC)[C@@H](C)CN(Cc1ccc(cc1)-c1ccccn1)[C@@H](C)CO2,0,0.035922,0.030950,0.006108
COc1cccc(c1)S(=O)(=O)Nc1ccc2c(c1)[C@H]1C[C@H](CC(=O)NCc3ccccc3F)O[C@@H](CO)[C@H]1O2,0,0.011809,0.017630,0.004936
C[C@H]1CN([C@@H](C)CO)C(=O)c2cc(cnc2O[C@H]1CN(C)C(=O)C1CCOCC1)C#Cc1cccc(c1)F,0,0.028178,0.017943,0.004592
C[C@H]1CCCCO[C@@H](CN(C)C(=O)Nc2ccc3c(c2)OCO3)[C@@H](C)CN([C@H](C)CO)C(=O)c2cc(ccc2O1)NC(=O)C1CCCCC1,0,0.006932,0.016795,0.002448
COc1ccc2c3c(n(c2c1)C)[C@H](CO)N(C[C@]13CN(C1)C(=O)Nc1cccc(c1)F)C(=O)CN1CCOCC1,0,0.021913,0.087405,0.037750
C[C@@H]1CN([C@H](C)CO)C(=O)c2ccccc2-c2ccccc2CO[C@@H]1CN(C)C(=O)Oc1ccc(cc1)C,0,0.096649,0.021908,0.011249
COc1ccccc1-c1ccc2c(c1)O[C@H](CN(C)C(=O)c1cccnc1)[C@H](C)CN([C@H](C)CO)S2(=O)=O,0,0.021642,0.017320,0.001934
COc1ccc(cc1)CN(C)C[C@@H]1OCCCC[C@@H](C)Oc2ccc(cc2C(=O)N(C[C@@H]1C)[C@H](C)CO)NC(=O)Nc1ccc(cc1)OC,0,0.021928,0.017285,0.001963
COc1ccccc1-c1cnc2c(c1)C(=O)N(C[C@@H](C)[C@H](CN(C)C(=O)c1cccnc1)O2)[C@H](C)CO,0,0.008096,0.016365,0.002295
C[C@H]1CN([C@H](C)CO)C(=O)c2cc(ccc2O[C@@H]1CN(C)S(=O)(=O)c1ccc(cc1)F)NC(=O)C1CC1,0,0.034643,0.018687,0.003919
COc1ccc(cc1)S(=O)(=O)Nc1ccc2c(c1)C(=O)N(C[C@H](C)[C@H](CN(C)S(=O)(=O)C)O2)[C@H](C)CO,0,0.010324,0.018051,0.003894
C[C@@H]1CN([C@H](C)CO)C(=O)c2cc(ccc2O[C@H]1CN(C)Cc1ccc(cc1)-c1ccccc1)NC(=O)Cc1cn(c2ccccc12)C,0,0.022426,0.022193,0.003572
CC(=O)Oc1cccc2c1C(=O)c1c(OC(C)=O)cc(C(=O)O)cc1C2=O,0,0.559584,0.363996,0.336161
C[C@@H](O)C#Cc1ccc2c(c1)O[C@H](CN(C)C(=O)c1ccccc1)[C@@H](C)CN([C@H](C)CO)S2(=O)=O,0,0.015106,0.019756,0.004486
OCC[C@H]1Oc2ccccc2NC1=O,0,0.014127,0.027374,0.010186
C[C@@H](NC(=O)C1CCN(CC1)S(=O)(=O)C1=C(C)NC(=O)NC1=O)c1ccccc1,0,0.469575,0.162497,0.023545
C[C@@H]1CCCCO[C@@H](CN(C)C(=O)Nc2ccccc2)[C@H](C)CN([C@H](C)CO)C(=O)c2cc(ccc2O1)NS(=O)(=O)c1ccc(cc1)Cl,0,0.008947,0.017410,0.001958
CO[C@H]1CN(C)C(=O)c2cc(ccc2OC[C@H](C)N(C[C@H]1C)C(=O)Cc1cccnc1)NS(=O)(=O)c1cccc(c1)OC,0,0.002303,0.017435,0.001903
O=c1ccn(C2OC(CO)C(O)C2O)c(=O)[nH]1,0,0.240325,0.287800,0.211909
CC(C)NC(=O)Nc1ccc2c(c1)C(=O)N(C[C@H](C)[C@H](CN(C)S(=O)(=O)c1cn(cn1)C)O2)[C@H](C)CO,0,0.027144,0.018689,0.003802
C[C@H]1CN([C@H](C)CO)C(=O)Cc2cc(ccc2O[C@H]1CN(C)Cc1ccc(cc1)C(=O)O)NC(=O)Nc1ccc(cc1)C(F)(F)F,0,0.398241,0.020521,0.004652
OC/C=C/C(=O)O,0,0.001470,0.061446,0.014750
COc1ccc2c3c(n(c2c1)C)[C@@H](CO)N(C[C@]13CCN(CC1)C(=O)c1ccncc1)C(=O)C1CCOCC1,0,0.026268,0.026551,0.010978
C[C@H]1CN([C@H](C)CO)C(=O)c2cc(ccc2O[C@H]1CN(C)S(=O)(=O)c1ccc(cc1)F)NS(=O)(=O)c1cn(cn1)C,0,0.025138,0.018050,0.002833
CN(C)CC(=O)N1C[C@H]2[C@@H]([C@H](CO)N2C(=O)C1)c1ccc(cc1)C#Cc1cccnc1,0,0.607625,0.030638,0.010261
C[C@@H]1CCCCO[C@H](CN(C)C(=O)c2ccncc2)[C@H](C)CN([C@H](C)CO)C(=O)c2cc(ccc2O1)NS(=O)(=O)c1ccc(cc1)Cl,0,0.002322,0.017558,0.001741
C[C@H]1CN([C@H](C)CO)C(=O)Cc2cc(ccc2O[C@H]1CN(C)C(=O)Nc1ccc(cc1)C(F)(F)F)NC(=O)C1CCCCC1,0,0.430655,0.177193,0.085010
CN/1C(=N)NC(=O)\C1=C\c1cccnc1,0,0.138881,0.059852,0.032987
C[C@H]1CN([C@@H](C)CO)C(=O)c2cc(cnc2O[C@H]1CN(C)S(=O)(=O)c1cn(cn1)C)C#CCN(C)C,0,0.022120,0.018381,0.003922
CC(C)NC(=O)Nc1cccc2c1O[C@H](CN(C)S(=O)(=O)c1c(noc1C)C)[C@H](C)CN([C@H](C)CO)C2=O,0,0.092694,0.019904,0.004758
COc1ccc(cc1)-c1cnc2c(c1)C(=O)N(C[C@@H](C)[C@@H](CN(C)C(=O)Cc1cccnc1)O2)[C@@H](C)CO,0,0.011316,0.016506,0.002408
COc1ccc2c3c(n(c2c1)C)[C@H](CO)N(C[C@]13CCN(CC1)Cc1cccc(c1)F)C(=O)Nc1ccc(cc1)F,0,0.744872,0.229757,0.089732
C=CCCCCCCCCC=O,0,0.417766,0.119926,0.055371
C[C@@H]1CN([C@H](C)CO)C(=O)Cc2cc(ccc2O[C@@H]1CN(C)S(=O)(=O)C)NS(=O)(=O)C,0,0.009102,0.017438,0.004258
FC(F)(F)c1ccc(cc1)[C@@H]1CC(=O)N([C@@H]1C(=O)Nc1cccc2cccnc12)C(=O)OCc1ccccc1,0,0.216840,0.214187,0.191261
CC(C)NS(=O)(=O)c1c(noc1C)C,0,0.013528,0.037105,0.003295
COc1ccc(cc1)S(=O)(=O)N(C)C[C@H]1Oc2ccc(cc2CC(=O)N(C[C@H]1C)[C@H](C)CO)NC(=O)CCN1CCOCC1,0,0.000675,0.016395,0.002268
COc1cc2nc(N3CCN(C(=O)C4COc5ccccc5O4)CC3)nc(N)c2cc1OC.CS(=O)(=O)O,0,0.000958,0.074109,0.034528
C[C@H]1CCCCO[C@@H](CN(C)S(=O)(=O)C)[C@@H](C)CN([C@@H](C)CO)C(=O)c2cc(ccc2O1)N(C)C,0,0.007180,0.017697,0.003081
[O-][N+](=O)c1ncn(n1)Cc1ccccn1,0,0.998211,0.377466,0.314620
C/C=C/c1ccc(cc1)[C@H]1[C@@H](CO)N(C21CN(C2)C(=O)C1CCOCC1)S(=O)(=O)Cc1ccccc1,0,0.114038,0.060048,0.010229
C[C@H](O)C#Cc1ccc2c(c1)O[C@@H](CN(C)C(=O)Cc1ccccn1)[C@H](C)CN([C@@H](C)CO)S2(=O)=O,0,0.016794,0.020603,0.003478
CON=C(C(=O)N[C@H]1[C@H]2SCC(=C(N2C1=O)C(=O)OCOC(=O)C(C)(C)C)C=Cc1scnc1C)c1csc(n1)N,1,0.981811,0.867086,0.410496
C[C@@H]1CN([C@@H](C)CO)C(=O)CCCn2cc(nn2)CO[C@H]1CN(C)S(=O)(=O)c1ccc(cc1)Cl,0,0.027600,0.027396,0.005703
COc1ccc(cc1)CCNC(=O)[C@H]1[C@@H](N(Cc2ccccc2OC)C(=O)c2ccccc21)c1ccc(cc1)CO,0,0.059916,0.097849,0.031574
C[C@H]1CCCCO[C@H](CN(C)C(=O)Nc2ccc(cc2)F)[C@@H](C)CN([C@H](C)CO)C(=O)c2cc(ccc2O1)NS(=O)(=O)c1ccc(cc1)Cl,0,0.045723,0.017335,0.002337
COc1ccc(cc1)S(=O)(=O)Nc1ccc2c(c1)C(=O)N(C[C@H](C)[C@H](CN(C)Cc1ccc(cc1)C(=O)O)OCCCC[C@H](C)O2)[C@H](C)CO,0,0.007372,0.024786,0.002155
C[C@@H]1CN([C@@H](C)CO)C(=O)c2cc(ccc2O[C@@H]1CN(C)S(=O)(=O)C)NC(=O)CCC(F)(F)F,0,0.078458,0.021315,0.013276
C[C@H]1CN([C@H](C)CO)C(=O)c2cccc(c2O[C@H]1CN(C)S(=O)(=O)C)NC(=O)Nc1ccc(cc1)C(F)(F)F,0,0.596376,0.589535,0.132847
C[C@@H]1CN([C@@H](C)CO)C(=O)c2cc(ccc2O[C@@H]1CN(C)Cc1ccc(cc1)C(=O)Nc1ccccc1N)NC(=O)Nc1cccc2ccccc12,0,0.008491,0.018202,0.002430
C[C@@H]1CN([C@H](C)CO)C(=O)Cc2cc(ccc2O[C@H]1CN(C)Cc1ccc2c(c1)OCO2)NS(=O)(=O)C,0,0.006145,0.021046,0.004523
C[C@@H]1CN([C@@H](C)CO)C(=O)CCCn2cc(nn2)CO[C@@H]1CN(C)C(=O)Nc1ccc2c(c1)OCO2,0,0.030742,0.023117,0.003024
CCC(=C(CC)c1ccc(O)cc1)c1ccc(O)cc1,0,0.841490,0.609820,0.525920
Cc1ccc(cc1)S[C@@]1(CC(=O)N(Cc2cc(cc(c2)C(F)(F)F)C(F)(F)F)[C@@H]1c1ccc(cc1I)CO)C(=O)NCCN1CCOCC1,0,0.907000,0.059316,0.013310
C[C@@H]1CN([C@@H](C)CO)C(=O)Cc2cc(ccc2O[C@@H]1CN(C)S(=O)(=O)c1cccs1)NS(=O)(=O)c1ccc(cc1)C,0,0.000669,0.017475,0.002697
C[C@H]1CCCCO[C@H](CN(C)Cc2ccc(cc2)C(=O)O)[C@H](C)CN([C@@H](C)CO)C(=O)c2cc(ccc2O1)NC(=O)c1ccccc1,0,0.005096,0.026648,0.002431
COc1cc(c(cc1Cl)Cl)Nc1c(cnc2cc(c(cc12)OC)OCCCN1CCN(C)CC1)C#N,0,0.152125,0.580289,0.191451
CN1CC[C@]2(CCCO2)C1,0,0.219713,0.031028,0.011620
CC(Cn1cnc2c(N)ncnc21)OCP(=O)(O)O,0,0.907827,0.113842,0.046193
C[C@H]1CN([C@@H](C)CO)C(=O)c2cc(cnc2O[C@@H]1CN(C)S(=O)(=O)C)C#CC1(O)CCCC1,0,0.010822,0.019566,0.004838
C[C@H]1CN([C@H](C)CO)C(=O)c2cc(cnc2O[C@H]1CN(C)S(=O)(=O)c1cn(cn1)C)C#CCN(C)C,0,0.022120,0.018381,0.003922
COc1ccc(cc1)NC(=O)N(C)C[C@@H]1Oc2ccc(cc2CC(=O)N(C[C@H]1C)[C@@H](C)CO)NC(=O)CCCCCC(=O)Nc1ccccc1N,0,0.005781,0.016600,0.002315
CC(C)(C)S(=O)N1Cc2cc(nc(c2[C@@H]1CCO)-c1cccc(c1)-c1cccc(c1)F)C(=O)NCc1ccc(cc1)Oc1ccccc1,0,0.082232,0.195630,0.076480
C[C@H]1CN([C@H](C)CO)C(=O)c2cc(ccc2O[C@@H]1CN(C)C(=O)Nc1cccc2ccccc12)NS(=O)(=O)c1ccccc1,0,0.004825,0.018349,0.002661
C[C@@H]1CN([C@@H](C)CO)C(=O)c2cc(cnc2O[C@@H]1CN(C)S(=O)(=O)c1ccccc1)Br,0,0.018815,0.018197,0.004180
COc1cc2c(cc1OC)CN(CC2)C(=O)[C@@H]1[C@@H]2N([C@H]([C@H](OC2=O)c2ccccc2)c2ccccc2)[C@H](c2ccc(cc2)O)[C@@]11C(=O)Nc2ccc(cc21)C#CCCO,0,0.018239,0.035433,0.005693
C[C@@H]1CCCCO[C@@H](CN(C)C(=O)Nc2cccc3ccccc23)[C@H](C)CN([C@H](C)CO)C(=O)c2cc(ccc2O1)NC(=O)Nc1ccccc1,0,0.016479,0.015684,0.002216
C[C@@H]1CN([C@@H](C)CO)C(=O)c2cccc(c2O[C@H]1CN(C)C(=O)Nc1ccc(cc1)F)NC(=O)Nc1cccc2ccccc12,0,0.211415,0.020882,0.010271
C[C@@H]1CCCCO[C@@H](CN(C)C(=O)Cc2ccccc2)[C@@H](C)CN([C@H](C)CO)C(=O)c2cc(ccc2O1)NC(=O)Nc1cccc2ccccc12,0,0.004035,0.016481,0.002255
COCC(=O)N(C)C[C@@H]1Oc2cc(ccc2S(=O)(=O)N(C[C@H]1C)[C@H](C)CO)C#C[C@H](C)O,0,0.057680,0.022000,0.004696
OC(=O)/C=C/C(=O)NN1C(=O)c2ccccc2C1=O,0,0.002596,0.055110,0.044061
CC(C)[Si]1(OCc2c(c(nc(c21)-c1ccccc1)-c1ccc(o1)-c1ccc(c(c1)Cl)Cl)C)C(C)C,0,0.290477,0.717087,0.375564
C[C@@H]1CN([C@@H](C)CO)S(=O)(=O)c2ccc(cc2O[C@H]1CN(C)C(=O)C1CCCCC1)C#CC(C)(C)O,0,0.023136,0.117456,0.009557
NC(=O)CN1CCCC1=O,0,0.001902,0.018328,0.005842
CC(C)NC(=O)N(C)C[C@@H]1OCCCC[C@@H](C)Oc2ccc(cc2C(=O)N(C[C@H]1C)[C@@H](C)CO)NC(=O)Nc1cccc2ccccc12,0,0.016049,0.019746,0.002855
COc1ccc(cc1)NC(=O)N(C)C[C@H]1OCCCC[C@@H](C)Oc2ccc(cc2C(=O)N(C[C@H]1C)[C@H](C)CO)NC(=O)Nc1ccccc1,0,0.012637,0.016272,0.001823
C[C@@H]1CN([C@@H](C)CO)C(=O)Cc2cc(ccc2O[C@H]1CN(C)C)NS(=O)(=O)C,0,0.011149,0.020048,0.004470
C[C@@H]1CN([C@H](C)CO)C(=O)c2cccc(c2O[C@H]1CN(C)Cc1ccc(cc1)C(=O)Nc1ccccc1N)NS(=O)(=O)c1cn(cn1)C,0,0.017507,0.018235,0.002369
C[C@H]1CCCCO[C@@H](CN(C)S(=O)(=O)c2cccs2)[C@H](C)CN([C@H](C)CO)C(=O)c2cc(ccc2O1)NS(=O)(=O)c1cn(cn1)C,0,0.001970,0.017413,0.002313
OC[C@@H]1O[C@@H](CC(=O)NCCCN2CCOCC2)C=C[C@H]1NC(=O)Nc1ccc2c(c1)OCO2,0,0.060797,0.065309,0.016773
CN1C(=O)[C@@H](O)N(C1=O)c1ccccc1,0,0.008278,0.062731,0.037332
C[C@H]1CN([C@@H](C)CO)C(=O)c2cccc(c2O[C@@H]1CN(C)S(=O)(=O)c1cn(cn1)C)NC(=O)CCCCCC(=O)Nc1ccccc1N,0,0.023882,0.018086,0.002910
NC1=N[C@H]2CS(=O)(=O)C[C@@H]2S1,0,0.013401,0.148283,0.032904
CC(CO)(CO)NS(=O)(=O)c1ccccc1,0,0.010282,0.102716,0.008091
OCCN(Cc1ccccc1)C(=O)C[C@H](CC=C)C(=O)N1CCC[C@H]1COC(=O)[C@H](CCC=C)Cc1ccc(cc1)F,0,0.004725,0.052505,0.021924
C[C@H]1CN([C@@H](C)CO)C(=O)c2cc(ccc2O[C@H]1CN(C)Cc1ccc(cc1)-c1ccccc1)NC(=O)Nc1ccc2c(c1)OCO2,0,0.023383,0.017981,0.003697
C[C@@H]1CCCCO[C@@H](CN(C)Cc2ccc(c(c2)Cl)Cl)[C@@H](C)CN([C@H](C)CO)C(=O)c2cc(ccc2O1)NC(=O)CCCN(C)C,0,0.073214,0.018617,0.004025
C[C@@H]1CN([C@H](C)CO)C(=O)c2cc(ccc2O[C@H]1CN(C)Cc1ccc2c(c1)OCO2)NC(=O)Nc1ccc(cc1)C(F)(F)F,0,0.257847,0.716776,0.837898
C[C@@H]1CCCCO[C@H](CN(C)C(=O)Nc2cccc3ccccc23)[C@@H](C)CN([C@H](C)CO)C(=O)c2cc(ccc2O1)NS(=O)(=O)c1ccc(cc1)Cl,0,0.006651,0.018367,0.001933
CC(C)(C)[S@@+]([O-])N1Cc2cc(nc(c2[C@H]1CCO[Si](C)(C)C(C)(C)C)-c1ccc(cc1)Br)C(=O)O,1,0.127000,0.672365,0.590999
COCCNC(=O)[C@H]1[C@H](CO)[C@H]2CN3C(=O)C=CC=C3[C@@H]1N2S(=O)(=O)c1ccccc1C,0,0.036271,0.024669,0.005598
C[C@@H]1CCCCO[C@@H](CN(C)S(=O)(=O)C)[C@@H](C)CN([C@H](C)CO)C(=O)c2cc(ccc2O1)NC(=O)Nc1cccc2ccccc12,0,0.010312,0.018854,0.002222
OC(=O)c1ccccn1,0,0.061991,0.040767,0.020349
C[C@H]1CN([C@H](C)CO)C(=O)c2cccc(c2O[C@H]1CN(C)S(=O)(=O)C)NS(=O)(=O)c1ccc(cc1)Cl,0,0.032479,0.019077,0.005069
C[C@H]1CN([C@H](C)CO)C(=O)c2cccc(c2O[C@@H]1CN(C)Cc1ccc(cc1)C(F)(F)F)NC(=O)Nc1ccc(cc1)F,0,0.852997,0.138400,0.124849
C[C@H]1CN([C@H](C)CO)C(=O)Cc2cc(ccc2O[C@@H]1CN(C)Cc1ccc(c(c1)Cl)Cl)NC(=O)Nc1cccc2ccccc12,0,0.129364,0.037026,0.005159
C[C@@H]1CN([C@H](C)CO)C(=O)c2c(c3ccccc3n2C)-c2ccccc2CO[C@H]1CN(C)C(=O)Nc1cccc(c1Cl)Cl,0,0.316143,0.029660,0.006147
NC(=S)CN1CCCC1=O,0,0.000000,0.023974,0.008025
Cc1ccc(cc1)CC1(N)CC1,0,0.423070,0.163215,0.085771
CCCCCCCCCC(=O)O[C@@H]1[C@@H](C)[C@@]2(O)[C@@H](C=C(CO)C[C@@]3(O)[C@H]2C=C(C)C3=O)[C@@H]2C(C)(C)[C@]12OC(=O)CCCCCCCCC,0,0.990889,0.184078,0.058875
Cn1cnc(c1)S(=O)(=O)N[C@@H]1C=C[C@H](CC(=O)NCC2CC2)O[C@@H]1CO,0,0.029801,0.022042,0.007728
COc1ccc(cc1)N1[C@@H]([C@@H](CC1=O)c1ccc(cc1)Br)C(=O)Nc1cccc2cccnc12,0,0.318886,0.742044,0.484955
C[C@@H]1CN([C@H](C)CO)C(=O)Cc2cc(ccc2O[C@H]1CN(C)C(=O)Nc1c(noc1C)C)NC(=O)Nc1ccc(cc1)C(F)(F)F,0,0.437630,0.039650,0.026858
C[C@@H]1CCCCO[C@H](CN(C)C(=O)c2ccccc2)[C@@H](C)CN([C@H](C)CO)C(=O)c2cc(ccc2O1)NS(=O)(=O)c1ccc(cc1)F,0,0.002447,0.017468,0.001979
C[C@H]1CCCCO[C@H](CN(C)CC2CCCCC2)[C@H](C)CN([C@@H](C)CO)C(=O)c2cc(ccc2O1)NS(=O)(=O)c1c(noc1C)C,0,0.028944,0.018520,0.004437
COc1c(O)cc2c(c1O)C1OC(CO)C(O)C(O)C1OC2=O,0,0.094057,0.273270,0.088753
ONC(=O)CCCCCNC(=O)OCCCCO[C@H]1C[C@H]2C(=C[C@@H]1C(=O)[C@@]12CCCO1)I,0,0.004065,0.232651,0.102069
Cl.NC(Cc1ccccc1)C(=O)O,0,0.320996,0.109866,0.024845
COc1ccc(cc1)NC(=O)N(C)C[C@@H]1OCCCC[C@@H](C)Oc2ccc(cc2C(=O)N(C[C@H]1C)[C@H](C)CO)NC(=O)Nc1ccc(cc1)F,0,0.038519,0.016084,0.001868
Cl.Clc1ccc2nsnc2c1NC1=NCCN1,0,0.190228,0.455916,0.135744
C[C@@H]1CN([C@@H](C)CO)C(=O)c2cc(ccc2O[C@H]1CN(C)Cc1ccc(cc1)C(F)(F)F)NC(=O)CCCCCC(=O)Nc1ccccc1N,0,0.175184,0.018635,0.003581
C[C@H]1CN([C@@H](C)CO)C(=O)Cc2cc(ccc2O[C@H]1CN(C)S(=O)(=O)c1cn(cn1)C)NS(=O)(=O)c1ccc(cc1)F,0,0.005524,0.017470,0.002709
C[C@@H]1CN([C@H](C)CO)C(=O)c2cc(ccc2O[C@@H]1CN(C)S(=O)(=O)c1c(noc1C)C)NS(=O)(=O)c1ccc(cc1)C,0,0.009153,0.017600,0.003649
C[C@H]1CN([C@H](C)CO)C(=O)c2cc(ccc2O[C@H]1CN(C)Cc1ccc(cc1)-c1ccccc1)NC(=O)Cc1cn(c2ccccc12)C,0,0.022426,0.022193,0.003572
CNC(=S)NCc1ccco1,0,0.000000,0.057373,0.024743
Cc1ccc2nc([nH]c2c1)SCc1c(c(cc(c1C)C)C)C,0,0.997384,0.539705,0.348186
NCC[C@H](NC(=O)[C@@H](N)CCCNC(=N[N+](=O)[O-])N)C(=O)N.FC(F)(F)C=O,0,0.987915,0.211715,0.075462
COc1ccc(cc1)S(=O)(=O)N(C)C[C@H]1OCCCC[C@@H](C)Oc2ccc(cc2C(=O)N(C[C@H]1C)[C@H](C)CO)NS(=O)(=O)C,0,0.006078,0.018051,0.002320
C[C@@H]1CN([C@H](C)CO)C(=O)c2cc(cnc2O[C@H]1CN(C)Cc1ccc(cc1)-c1ccccc1)-c1cccnc1,0,0.065305,0.023844,0.003840
C[C@@H]1CCCCO[C@H](CN(C)Cc2ccccc2)[C@H](C)CN([C@H](C)CO)C(=O)c2cc(ccc2O1)NC(=O)c1ccccc1,0,0.002253,0.017280,0.002905
C[C@@H]1CN([C@H](C)CO)C(=O)c2cccc(c2O[C@@H]1CN(C)Cc1ccc(cc1)-c1ccccc1)NC(=O)Nc1ccc2c(c1)OCO2,0,0.018809,0.017879,0.004079
OC[C@H]1O[C@@H](C[C@H]2[C@@H]1Oc1ccc(cc12)NC(=O)Nc1ccc(cc1)C(F)(F)F)CC(=O)NCCc1ccccc1,0,0.590624,0.104721,0.075066
CC(C)NC(=O)N(C)C[C@@H]1Oc2ccc(cc2CC(=O)N(C[C@H]1C)[C@H](C)CO)NS(=O)(=O)c1cn(cn1)C,0,0.011465,0.017329,0.002648
C[C@H]1CCCCO[C@H](CN(C)C(=O)Nc2cccc3ccccc23)[C@H](C)CN([C@@H](C)CO)C(=O)c2cc(ccc2O1)NC(=O)C1CCCCC1,0,0.013087,0.017152,0.002794
C[C@@H]1CCCCO[C@H](CN(C)S(=O)(=O)c2ccc(cc2)C)[C@@H](C)CN([C@H](C)CO)C(=O)c2cc(ccc2O1)NC(=O)Nc1ccc(cc1)F,0,0.020931,0.017502,0.002093
COC(=O)C1=CO[C@@H](O[C@@H]2O[C@H](CO)[C@@H](O)[C@H](O)[C@H]2O)/C(=C/C)[C@@H]1CC(=O)OCCc1ccc(c(c1)O)O,0,0.024641,0.282908,0.143675
Cc1cnc(cn1)C(=O)N1C[C@H]2CNC[C@H]2C1,0,0.052943,0.033354,0.006505
C[C@H]1CN([C@@H](C)CO)C(=O)c2cccc(c2O[C@H]1CN(C)S(=O)(=O)C)NS(=O)(=O)c1cccs1,0,0.014327,0.017561,0.004246
C[C@@H]1CCCCO[C@H](CN(C)C(=O)NC2CCCCC2)[C@@H](C)CN([C@@H](C)CO)C(=O)c2cc(ccc2O1)NC(=O)c1ccncc1,0,0.004275,0.016642,0.001793
OCc1ccc(cc1)CO[C@H]1C[C@H](C=C(O1)C(=O)NCc1nc2ccccc2[nH]1)c1csc2ccccc12,0,0.484137,0.066626,0.042208
COc1ccc(cc1)[Si](C)(C)[C@H]1[C@H](C)[C@]2(O[C@@H]1CCO)C(=O)N(Cc1cccc(c1)N1CCCCC1=O)c1ccccc12,0,0.087775,0.040289,0.039928
OCCN(Cc1ccccc1)C(=O)C[C@@H](CC=C)C(=O)N[C@H](COC(=O)[C@H](CCC=C)Cc1ccc(cc1)F)Cc1c[nH]c2ccccc12,0,0.014949,0.048574,0.013163
O=C(C[C@H]1NCCNC1=O)Nc1ccc2c(c1)OCCO2,0,0.024425,0.126005,0.043308
C[C@H]1CCCCO[C@@H](CN(C)CC2CCCCC2)[C@@H](C)CN([C@@H](C)CO)C(=O)c2cc(ccc2O1)NC(=O)C1CCCCC1,0,0.058718,0.019339,0.006011
CSc1scc(c1C#N)-c1cc(cc(c1)Cl)Cl,0,0.317296,0.319228,0.239833
OC[C@H]1O[C@@H]2[C@@H](OC3=NC(=N)C=CN23)[C@@H]1O,0,0.227092,0.135963,0.035529
COc1ccc(cc1)NC(=O)N(C)C[C@@H]1Oc2ccc(cc2C(=O)N(C[C@H]1C)[C@H](C)CO)NC(=O)Nc1ccc(cc1)C(F)(F)F,0,0.678688,0.057583,0.025086
CCCCC[C@@H](O)[C@@H]1[C@@H](O)C[C@@H](O)C[C@@H](O)C[C@@H](O)C[C@@H](O)C[C@@H](O)C[C@H](O)/C(=C/C=C/C=C/C=C/C=C/[C@H](O)[C@@H](C)OC1=O)C,0,0.000220,0.192576,0.078447
C[C@@H]1CCCCO[C@H](CN(C)Cc2ccc(cc2)C(=O)Nc2ccccc2N)[C@@H](C)CN([C@H](C)CO)C(=O)c2cc(ccc2O1)NS(=O)(=O)c1ccc(cc1)F,0,0.003900,0.018302,0.001631
CN1[C@H]2CC[C@H](CC(=O)NCc3ccccc3Cl)O[C@@H]2COc2ccc(cc2C1=O)NC(=O)Nc1cccc(c1)C,0,0.085444,0.039693,0.035817
OCCNC(=O)C[C@H]1CC=CC[C@@H](Cc2ccc(cc2)F)C(=O)OC[C@H](Cc2c[nH]c3ccccc23)NC1=O,0,0.032230,0.067333,0.019933
C[C@H]1CCCCO[C@@H](CN(C)S(=O)(=O)c2cccs2)[C@@H](C)CN([C@H](C)CO)C(=O)c2cc(ccc2O1)NC(=O)Nc1ccc(cc1)C(F)(F)F,0,0.057616,0.028831,0.007577
CN(C)CCCNC(=O)C[C@@H]1CC[C@@H]2[C@H](COC[C@H](O)CN2C(=O)c2cc(cc(c2)Cl)Cl)O1,0,0.891771,0.559044,0.286845
Cc1ccccc1S(=O)(=O)N1C[C@H](O)COC[C@H]2O[C@@H](CC[C@@H]21)CC(=O)NCCc1ccccc1,0,0.136924,0.031075,0.011326
O=C(O)C(O)C(O)(Cc1ccc(O)cc1)C(=O)O,0,0.009258,0.029764,0.023016
C[C@H]1CN([C@H](C)CO)C(=O)Cc2cc(ccc2O[C@H]1CN(C)Cc1ccc(cc1)C(F)(F)F)NS(=O)(=O)c1ccc(cc1)C,0,0.032837,0.020360,0.004273
Cc1ccccc1N1C=CNC1=S,0,0.882169,0.149419,0.100710
C[C@@H]1CN([C@H](C)CO)C(=O)c2cc(ccc2O[C@@H]1CN(C)C(=O)Nc1ccc(cc1)C(F)(F)F)NC(=O)Cc1ccccc1,0,0.430977,0.597955,0.270701
OCC(O)C(O)C(O)C(O)C(O)CO,0,0.000023,0.100047,0.011582
C[C@@H]1CN([C@H](C)CO)C(=O)c2cccc(c2O[C@H]1CN(C)C(=O)Nc1ccc(cc1)C(F)(F)F)NS(=O)(=O)c1ccc(cc1)F,0,0.450769,0.287594,0.033995
OC[C@H]1O[C@@H](CC(=O)NCCc2ccncc2)C=C[C@@H]1NC(=O)Cc1ccccn1,0,0.011885,0.027060,0.008752
CCCC#Cc1cnc2c(c1)C(=O)N(C[C@@H](C)[C@H](CN(C)S(=O)(=O)c1cn(cn1)C)O2)[C@@H](C)CO,0,0.027395,0.018787,0.003544
COc1cccc(c1)S(=O)(=O)N1C[C@H](O)COC[C@@H]2O[C@H](CC[C@H]21)CC(=O)NCCCN1CCOCC1,0,0.113364,0.027090,0.008873
CC(C)NC(=O)N(C)C[C@H]1Oc2ccc(cc2C(=O)N(C[C@H]1C)[C@@H](C)CO)NS(=O)(=O)c1ccc(cc1)Cl,0,0.051500,0.022136,0.003836
COc1ccc(cc1)NC(=O)N(C)C[C@@H]1OCCCC[C@@H](C)Oc2ccc(cc2C(=O)N(C[C@H]1C)[C@H](C)CO)NC(=O)CCC(F)(F)F,0,0.108506,0.018943,0.005015
OC(=O)c1cc2cc(ccc2[nH]1)Cl,0,0.580352,0.151987,0.068204
CN(C)CC#Cc1ccc(cc1)[C@@H]1[C@H](CO)N2[C@H]1CN(CC2=O)C(=O)CN(C)C,0,0.649731,0.033107,0.017348
COc1ccc(cc1)NC(=O)Nc1ccc2c(c1)[C@H]1C[C@H](CC(=O)NCc3ccncc3)O[C@H](CO)[C@H]1O2,0,0.066652,0.036843,0.004821
CC1=CN2C(=O)C(=CN=C2S1)C(=O)O,0,0.032394,0.126500,0.066385
COc1cccc(c1)NC(=O)N[C@@H]1C=C[C@H](CC(=O)N2CCN(C)CC2)O[C@@H]1CO,0,0.064375,0.043608,0.010340
C[C@@H]1CN([C@H](C)CO)S(=O)(=O)c2ccc(cc2O[C@H]1CN(C)C(=O)C1CCOCC1)C1=CCCC1,0,0.014870,0.020681,0.005623
C[C@H](NC(=O)C[C@@H]1O[C@@H](CO)[C@H](NC(=O)CN2CCOCC2)C=C1)c1ccccc1,0,0.013907,0.023126,0.010858
C[C@@H]1CCCCO[C@H](CN(C)C(=O)Nc2ccc3c(c2)OCO3)[C@H](C)CN([C@H](C)CO)C(=O)c2cc(ccc2O1)NC(=O)Nc1c(noc1C)C,0,0.007440,0.019338,0.002346
OC(=O)c1ccc2[nH]cnc2n1,0,0.238647,0.050580,0.021978
CCCC(=O)Nc1ccc2c(c1)OC[C@H](C)N(C[C@H](C)[C@H](CN(C)C2=O)OC)Cc1ccc(cc1)-c1ccccn1,0,0.011870,0.036612,0.006322
C[C@@H]1CN([C@@H](C)CO)C(=O)c2cc(ccc2O[C@@H]1CN(C)S(=O)(=O)c1ccc(cc1)Cl)NC(=O)Nc1ccc(cc1)C(F)(F)F,0,0.548475,0.124906,0.011789
CC(C)CC#Cc1ccc2c(c1)O[C@H](CN(C)S(=O)(=O)c1ccc(cc1)F)[C@H](C)CN([C@H](C)CO)S2(=O)=O,0,0.040183,0.021258,0.004118
CC(C)CN(C[C@@H](O)[C@H](Cc1ccccc1)NC(=O)O[C@H]1CCOC1)S(=O)(=O)c1ccc(cc1)N,0,0.000008,0.043793,0.012317
C[C@@H]1CN([C@@H](C)CO)C(=O)Cc2cc(ccc2O[C@@H]1CN(C)C(=O)Nc1ccc(cc1)F)NC(=O)C1CC1,0,0.076329,0.031876,0.007288
C[C@@H]1CCCCO[C@@H](CN(C)CC2CCCCC2)[C@H](C)CN([C@H](C)CO)C(=O)c2cc(ccc2O1)NS(=O)(=O)c1ccc(cc1)C,0,0.017341,0.019051,0.003761
C[C@H]1CN([C@H](C)CO)C(=O)Cc2cc(ccc2O[C@@H]1CN(C)Cc1ccc2c(c1)OCO2)NS(=O)(=O)c1cn(cn1)C,0,0.002401,0.018206,0.002086
C[C@@H]1CN([C@H](C)CO)C(=O)c2cc(ccc2O[C@@H]1CN(C)Cc1ccc(cc1)Oc1ccccc1)NC(=O)C1CCCCC1,0,0.011372,0.018257,0.007378
C[C@@H]1CN([C@@H](C)CO)C(=O)Cc2cc(ccc2O[C@@H]1CN(C)Cc1ccc2c(c1)OCO2)NC(=O)Nc1ccc(cc1)C(F)(F)F,0,0.137538,0.026266,0.018451
C[C@H]1CN([C@H](C)CO)C(=O)c2cccc(c2O[C@H]1CN(C)Cc1ccc(c(c1)Cl)Cl)NC(=O)Nc1ccccc1,0,0.275227,0.054677,0.020251
C[C@H]1O[C@@H](OC[C@H]2O[C@@H](OC3=C(Oc4cc(cc(c4C3=O)O)O)c3ccc(cc3)O)[C@@H](O[C@H]3O[C@@H](C)[C@@H](O)[C@@H](O)[C@@H]3O)[C@@H](O)[C@@H]2O)[C@@H](O)[C@@H](O)[C@@H]1O,0,0.108685,0.530073,0.076773
C[C@H]1CN([C@@H](C)CO)C(=O)Cc2cc(ccc2O[C@H]1CN(C)S(=O)(=O)c1ccccc1)NC(=O)CCCN(C)C,0,0.002622,0.022401,0.003120
C[C@H]1CN([C@H](C)CO)C(=O)Cc2cc(ccc2O[C@@H]1CN(C)Cc1ccccc1)NC(=O)Nc1ccc(cc1)C(F)(F)F,0,0.266005,0.155886,0.072930
C[C@@H]1CN([C@H](C)CO)C(=O)c2ccccc2-c2ccccc2CO[C@@H]1CN(C)C(=O)Nc1cccc(c1Cl)Cl,0,0.318435,0.045931,0.020608
C[C@H]1CN([C@@H](C)CO)C(=O)Cc2cc(ccc2O[C@@H]1CN(C)S(=O)(=O)c1ccc(cc1)Cl)NC(=O)CCN1CCOCC1,0,0.001790,0.020226,0.003383
C[C@@H]1CN([C@@H](C)CO)C(=O)Cc2cc(ccc2O[C@@H]1CN(C)C(=O)NC1CCCCC1)NC(=O)C1CC1,0,0.021005,0.020499,0.005568
C[C@@H]1CN([C@H](C)CO)C(=O)Cc2cc(ccc2O[C@H]1CN(C)C(=O)Nc1cccc2ccccc12)NC(=O)CCCCCC(=O)Nc1ccccc1N,0,0.005254,0.016353,0.001939
COc1ccc(cc1)S(=O)(=O)N(C)C[C@@H]1OCCCC[C@@H](C)Oc2ccc(cc2C(=O)N(C[C@H]1C)[C@@H](C)CO)NC(=O)CCC(F)(F)F,0,0.021353,0.018411,0.003406
C[C@H]1CCCCO[C@@H](CN(C)C(=O)Nc2ccc(cc2)F)[C@@H](C)CN([C@H](C)CO)C(=O)c2cc(ccc2O1)NC(=O)C1CC1,0,0.084714,0.022163,0.005617
NCC[C@@H]1CC[C@@H](NC(=O)Cc2ccncc2)[C@H](CO)O1,0,0.093318,0.022007,0.015661
CS(=O)(=O)n1cc2c(n1)CN(C2)[C@H]1CO[C@@H]([C@@H](N)C1)c1cc(ccc1F)F,0,0.601020,0.381483,0.187520
C[C@H]1CN([C@@H](C)CO)C(=O)c2cc(ccc2O[C@H]1CN(C)S(=O)(=O)c1cn(cn1)C)NC(=O)CCCN(C)C,0,0.011690,0.017370,0.002740
NCCn1nc(c2nccnc12)[C@H]1CCN(C1)C(=O)c1csc2c1CCCC2,0,0.400434,0.123266,0.043084
OC[C@@H]1O[C@H](CCNC(=O)CN2CCOCC2)CC[C@@H]1NC(=O)Cc1ccccn1,0,0.004791,0.022450,0.005261
COc1ccc(cc1)S(=O)(=O)Nc1ccc2c(c1)CC(=O)N(C[C@@H](C)[C@@H](CN(C)C(=O)NC(C)C)O2)[C@@H](C)CO,0,0.004730,0.017910,0.002641
C[C@H]1CCCCO[C@@H](CN(C)C(=O)Nc2c(noc2C)C)[C@H](C)CN([C@@H](C)CO)C(=O)c2cc(ccc2O1)NC(=O)CCC(F)(F)F,0,0.197265,0.091631,0.042976
COC(=O)c1c2oc(c1C(=O)OC)C(=O)N[C@@H](Cc1ccccc1)Cn1cc(nn1)[C@@H](Cc1ccccc1)NC(=O)N[C@H](CC2)COC(=O)NCCCCCC(=O)NO,0,0.000018,0.072741,0.009676
C[C@@H]1CN([C@@H](C)CO)C(=O)c2cccc(c2O[C@H]1CN(C)S(=O)(=O)c1cn(cn1)C)NS(=O)(=O)c1ccccc1,0,0.004977,0.018657,0.003748
C[C@@H]1CN([C@@H](C)CO)C(=O)Cc2cc(ccc2O[C@@H]1CN(C)C(=O)Nc1ccc(cc1)C(F)(F)F)NS(=O)(=O)c1ccc(cc1)Cl,0,0.185067,0.046482,0.006291
COc1ccc(cc1)CN(C)C[C@@H]1OCCCC[C@H](C)Oc2ccc(cc2C(=O)N(C[C@H]1C)[C@H](C)CO)NC(=O)Nc1ccc(cc1)OC,0,0.021928,0.017285,0.001963
COCC#Cc1ccc2c(c1)O[C@@H](CN(C)S(=O)(=O)c1ccc(cc1)F)[C@@H](C)CN([C@H](C)CO)S2(=O)=O,0,0.109589,0.019457,0.004256
COc1ccc(cc1)CN(C)C[C@@H]1OCCCC[C@@H](C)Oc2ccc(cc2C(=O)N(C[C@@H]1C)[C@H](C)CO)NC(=O)c1ccccc1,0,0.004187,0.016555,0.001802
COCC(=O)N(C)C[C@H]1Oc2cc(ccc2S(=O)(=O)N(C[C@@H]1C)[C@H](C)CO)C#Cc1ccccc1,0,0.052332,0.031813,0.005783
CO[C@@H]1CN(C)C(=O)c2cc(ccc2OC[C@H](C)N(C[C@@H]1C)Cc1cccnc1)NC(=O)C1CCOCC1,0,0.011931,0.035263,0.003457
C[C@@H]1CN([C@@H](C)CO)C(=O)c2cc(ccc2O[C@H]1CN(C)Cc1ccccc1)NC(=O)Nc1ccc(cc1)C(F)(F)F,0,0.457543,0.888970,0.923196
Cc1ccc(c(c1)Br)OCCN,0,0.742932,0.054782,0.029456
COc1ccc(cc1)S(=O)(=O)N(C)C[C@@H]1Oc2c(cccc2C(=O)N(C[C@H]1C)[C@H](C)CO)NC(=O)NC(C)C,0,0.055991,0.018724,0.003327
C[C@@H]1CCCCO[C@H](CN(C)C(=O)c2ccccc2)[C@H](C)CN([C@@H](C)CO)C(=O)c2cc(ccc2O1)NC(=O)CCC(F)(F)F,0,0.033783,0.022857,0.006373
OCCN1CCCNCC1,0,0.017667,0.023151,0.006173
CN1C(=O)NC(=O)c2c1ncn2CCN1CCOCC1,0,0.218503,0.037939,0.018422
C=CCc1cc(OC)c2c(c1OC)OCO2,0,0.139738,0.053888,0.060797
CCC(=O)c1ccc(s1)C,0,0.392673,0.072000,0.019615
Cl.O=C(c1ccc(OCCN2CCCCC2)cc1)c1c(-c2ccc(O)cc2)sc2cc(O)ccc12,0,0.947469,0.567996,0.677956
CC1=C2C3OC(=O)C(C)C3CCC2(C)C=CC1=O,0,0.047867,0.039371,0.017205
C[C@@H]1CN([C@H](C)CO)C(=O)c2cccc(c2O[C@H]1CN(C)S(=O)(=O)c1ccc(cc1)F)NS(=O)(=O)c1cccs1,0,0.019754,0.018182,0.004421
CCS(=O)(=O)Nc1ccc2c(c1)C(=O)N(C)[C@@H]1CC[C@H](CC(=O)N[C@@H]3CCN(C3)Cc3ccccc3)O[C@H]1CO2,0,0.006378,0.018314,0.005210
C[C@@H]1CCCCO[C@@H](CN(C)C(=O)Nc2cccc3ccccc23)[C@H](C)CN([C@H](C)CO)C(=O)c2cc(ccc2O1)NC(=O)Nc1ccc2c(c1)OCO2,0,0.005164,0.017059,0.001992
C[C@@H]1CCCCO[C@@H](CN(C)S(=O)(=O)c2cn(cn2)C)[C@@H](C)CN([C@@H](C)CO)C(=O)c2cc(ccc2O1)NS(=O)(=O)c1cccs1,0,0.001018,0.017413,0.002427
CC(C)NC(=O)Nc1cccc2c1O[C@H](CN(C)S(=O)(=O)c1ccc(cc1)F)[C@H](C)CN([C@@H](C)CO)C2=O,0,0.121331,0.021427,0.004071
COc1ccc(cc1)S(=O)(=O)Nc1ccc2c(c1)C(=O)N(C[C@H](C)[C@H](CN(C)Cc1ccc(cc1)-c1ccccc1)O2)[C@H](C)CO,0,0.009968,0.018147,0.003960
COc1ccc2c3c(n(c2c1)C)[C@H](CO)N(CC1CCOCC1)C[C@]13CCN(CC1)C(=O)Cc1cccnc1,0,0.311322,0.112358,0.060704
C[C@H]1CCCCO[C@H](CN(C)C(=O)c2ccccc2)[C@H](C)CN([C@H](C)CO)C(=O)c2cc(ccc2O1)NC(=O)Nc1cccc2ccccc12,0,0.002483,0.016578,0.001455
CC(C)(C)NCC(O)c1ccc(O)c(CO)c1,0,0.351110,0.075011,0.040758
C[C@H]1CCCCO[C@@H](CN(C)C)[C@@H](C)CN([C@@H](C)CO)C(=O)c2cc(ccc2O1)NC(=O)CCCN(C)C,0,0.015700,0.017635,0.003809
C[C@H]1CCCCO[C@H](CN(C)C(=O)CCCN(C)C)[C@@H](C)CN([C@@H](C)CO)C(=O)c2cc(ccc2O1)NC(=O)Nc1ccc(cc1)F,0,0.045098,0.017517,0.002330
C[C@@H]1CN([C@H](C)CO)C(=O)c2cc(cnc2O[C@@H]1CN(C)S(=O)(=O)c1ccc(cc1)C)C#CC1(O)CCCC1,0,0.008151,0.017393,0.003331
COc1ccc(cc1)[Si](C)(C)[C@H]1[C@H](C)[C@]2(O[C@@H]1CCn1cc(nn1)[C@H](O)c1ccccc1)C(=O)N(Cc1ccc(cc1)N1CCC1=O)c1ccccc12,0,0.895434,0.156808,0.012381
CO[C@@H]1CN(C)C(=O)c2ccc(cc2OC[C@@H](C)N(C[C@H]1C)C(=O)C1CCOCC1)NC(=O)C1CC1,0,0.011839,0.024122,0.003794
COc1ccc(cc1)NC(=O)N[C@@H]1CC[C@H](CCNC(=O)CN2CCOCC2)O[C@H]1CO,0,0.014098,0.030257,0.008910
CN1CCN(CC1)C(=O)C[C@H]1CC[C@@H]2[C@H](COC[C@H](O)CN2S(=O)(=O)c2ccccc2C)O1,0,0.302816,0.046682,0.012411
COc1ccc(cc1)[Si](C)(C)[C@H]1[C@H](C)[C@]2(O[C@@H]1CC(=O)N(CCO)Cc1ccccc1)C(=O)N(Cc1cccc(c1)N1CCCCC1=O)c1ccccc12,0,0.004570,0.022160,0.007579
C[C@H]1CN([C@H](C)CO)S(=O)(=O)c2ccc(cc2O[C@@H]1CN(C)C(=O)CN(C)C)C#CCN(C)C,0,0.120213,0.128752,0.010628
C[C@@H]1CCCCO[C@H](CN(C)S(=O)(=O)c2ccc(cc2)C)[C@@H](C)CN([C@@H](C)CO)C(=O)c2cc(ccc2O1)NS(=O)(=O)c1ccc(cc1)Cl,0,0.003948,0.017806,0.002260
C[C@@H]1CN([C@@H](C)CO)C(=O)c2cc(ccc2O[C@@H]1CN(C)Cc1ccc(c(c1)Cl)Cl)NC(=O)Nc1ccc(cc1)C(F)(F)F,0,0.902469,0.104269,0.050643
CC(C)NCC(O)c1ccc(O)c(O)c1.Cl,0,0.493747,0.199622,0.101090
C[C@@H]1CN([C@H](C)CO)S(=O)(=O)c2ccc(cc2O[C@H]1CN(C)S(=O)(=O)C)C#Cc1ccc(cc1)F,0,0.076997,0.023003,0.005923
COCC(=O)N(C)C[C@@H]1Oc2cc(ccc2S(=O)(=O)N(C[C@H]1C)[C@@H](C)CO)C#Cc1cccnc1,0,0.067273,0.024129,0.003732
COC(=O)C[C@H]1CC[C@H]2[C@@H](COc3ccc(cc3C(=O)N2C)NS(=O)(=O)c2ccccc2Cl)O1,0,0.010449,0.028678,0.008289
COc1ccc(cc1)S(=O)(=O)Nc1ccc2c(c1)[C@@H]1C[C@@H](CC(=O)NCC3CC3)O[C@H](CO)[C@@H]1O2,0,0.008341,0.019520,0.004125
C[C@@H]1CN([C@@H](C)CO)C(=O)c2cc(ccc2O[C@H]1CN(C)S(=O)(=O)c1ccccc1)NS(=O)(=O)c1c(noc1C)C,0,0.004856,0.017597,0.004008
C[C@H]1[C@@H]([C@@H](CC(=O)N(CCO)Cc2ccccc2)O[C@]11C(=O)N(c2ccccc2)c2ccccc21)[Si](C)(C)F,0,0.002134,0.059137,0.032375
COc1ccc(cc1)NC(=O)N(C)C[C@@H]1OCCCC[C@H](C)Oc2ccc(cc2C(=O)N(C[C@H]1C)[C@@H](C)CO)NC(=O)c1ccncc1,0,0.005501,0.016506,0.001688
CN1CCOC[C@]2(CCCNC2)C1,0,0.213607,0.037732,0.009031
C[C@@H]1CCCCO[C@@H](CN(C)C(=O)c2ccncc2)[C@H](C)CN([C@H](C)CO)C(=O)c2cc(ccc2O1)NC(=O)C1CCCCC1,0,0.002937,0.016642,0.001951
CNC(=O)C[C@H]1CC[C@@H]2[C@H](COc3ccc(cc3C(=O)N2C)NC(=O)c2ccc(cc2)C(F)(F)F)O1,0,0.288509,0.247973,0.167760
C[C@@H]1CCCCO[C@@H](CN(C)CC2CC2)[C@H](C)CN([C@H](C)CO)C(=O)c2cc(ccc2O1)NC(=O)C1CCCCC1,0,0.068635,0.020947,0.005076
NCCCS(=O)(=O)O,0,0.000201,0.049568,0.020818
C[C@H]1CN([C@@H](C)CO)C(=O)c2cc(ccc2O[C@H]1CN(C)Cc1ccc(cc1)Oc1ccccc1)NS(=O)(=O)c1cccs1,0,0.001773,0.018883,0.004273
C[C@H]1CCCCO[C@@H](CN(C)C(=O)Cc2ccccc2)[C@@H](C)CN([C@@H](C)CO)C(=O)c2cc(ccc2O1)NS(=O)(=O)c1ccc(cc1)F,0,0.002850,0.017364,0.002384
CS(=O)(=O)N1CC[C@@H]2OCCN([C@@H]2C1)C(=O)c1cccnc1,0,0.002330,0.022348,0.004118
COc1ccc(c(c1)N)O,0,0.125359,0.066317,0.030822
O=C1NC(=O)/C(=C\c2ccccc2)N1,0,0.035203,0.164640,0.157253
C[C@H]1CN([C@@H](C)CO)C(=O)c2cccc(c2O[C@@H]1CN(C)Cc1ccc(cc1)C(F)(F)F)NS(=O)(=O)c1ccc(cc1)Cl,0,0.325389,0.021290,0.011653
CC(C)NC(=O)[C@]1(CC(=O)N(CC23CC4CC(CC(C4)C3)C2)[C@@H]1c1ccc(cc1)CO)c1ccc(cc1)[N+](=O)[O-],0,0.910824,0.367499,0.203256
C[C@H]1CN([C@@H](C)CO)C(=O)Cc2cc(ccc2O[C@@H]1CN(C)Cc1ccc(cc1)C(=O)Nc1ccccc1N)NC(=O)Nc1ccc(cc1)F,0,0.034608,0.018005,0.002359
CCC(=O)N[C@@H]1CC[C@@H](CC(=O)OC)O[C@H]1CO,0,0.002846,0.022322,0.006447
CCO[C@H]1[C@H]2CC[C@@H]1N(CCO2)C(=O)CS(=O)(=O)C,0,0.039724,0.208241,0.044536
C[C@@H]1CN([C@@H](C)CO)C(=O)c2cccc(c2O[C@@H]1CN(C)S(=O)(=O)c1c(noc1C)C)NC(=O)C1CCCCC1,0,0.035545,0.017429,0.004402
O=c1c(O)c(-c2ccc(O)cc2O)oc2cc(O)cc(O)c12,0,0.847103,0.065919,0.049362
C[C@@H]1CCCCO[C@H](CN(C)S(=O)(=O)c2ccc(cc2)Cl)[C@@H](C)CN([C@@H](C)CO)C(=O)c2cc(ccc2O1)NS(=O)(=O)c1cccs1,0,0.002936,0.017270,0.002344
C[C@H]1CN([C@H](C)CO)C(=O)Cc2cc(ccc2O[C@H]1CN(C)Cc1ccc(c(c1)Cl)Cl)NC(=O)C1CCCCC1,0,0.173491,0.036550,0.009675
CC(C)NC(=O)N(C)C[C@H]1OCCCC[C@@H](C)Oc2ccc(cc2C(=O)N(C[C@H]1C)[C@@H](C)CO)NC(=O)Nc1cccc2ccccc12,0,0.016049,0.019746,0.002855
C[C@H]1CN([C@H](C)CO)C(=O)Cc2cc(ccc2O[C@@H]1CN(C)S(=O)(=O)c1ccc(cc1)C)NS(=O)(=O)c1cn(cn1)C,0,0.004523,0.017429,0.001862
C[C@H]1CCCCO[C@@H](CN(C)CC2CC2)[C@H](C)CN([C@@H](C)CO)C(=O)c2cc(ccc2O1)NS(=O)(=O)c1cn(cn1)C,0,0.032171,0.019592,0.003483
C[C@H]1CN([C@@H](C)CO)C(=O)c2cc(ccc2O[C@@H]1CN(C)CC1CCCCC1)NC(=O)Nc1ccc(cc1)F,0,0.250035,0.024125,0.018802
C[C@@H]1CN([C@@H](C)CO)C(=O)c2cc(cnc2O[C@H]1CN(C)Cc1ccc2c(c1)OCO2)Br,0,0.029368,0.036160,0.007711
CCCC1CCC(CC1)c1ccc(cc1)OC(=O)c1ccco1,0,0.447343,0.613259,0.414787
CC=CC1=CC=C2[C@H]3[C@H]([C@H](CO)[C@@H](CN2C1=O)N3S(=O)(=O)c1cn(cn1)C)C(=O)NCC1CC1,0,0.026530,0.029603,0.007034
C[C@@H]1CN([C@H](C)CO)C(=O)Cc2cc(ccc2O[C@@H]1CN(C)Cc1ccc(c(c1)Cl)Cl)NC(=O)Nc1ccc(cc1)F,0,0.335391,0.044945,0.010512
CCC1(C)OC(=O)N(C)C1=O,0,0.070012,0.031230,0.008642
C[C@@H]1CN([C@H](C)CO)C(=O)Cc2cc(ccc2O[C@@H]1CN(C)S(=O)(=O)c1cn(cn1)C)NC(=O)C1CCCCC1,0,0.006545,0.017985,0.003396
Cc1ccc(cc1)S(=O)(=O)N1C[C@@H](O)COC[C@H]2O[C@@H](CC[C@@H]21)CC(=O)NCc1cccc(c1)Cl,0,0.404903,0.050211,0.031214
ONC(=O)CCCCCNC(=O)OCCOc1ccc(cc1)[C@@H]1N2[C@H]([C@H](C(=O)OCC=C)[C@]11C(=O)Nc3ccc(cc31)I)C(=O)O[C@H]([C@H]2c1ccccc1)c1ccccc1,0,0.000411,0.048632,0.012971
CC(=O)OCC(=O)C1(O)CCC2C3CCC4CC(O)CCC4(C)C3C(=O)CC21C,0,0.612075,0.360515,0.178351
CCCN(C)C[C@H]1OCCCC[C@@H](C)Oc2ccc(cc2C(=O)N(C[C@H]1C)[C@H](C)CO)NS(=O)(=O)c1cn(cn1)C,0,0.036803,0.020525,0.003426
C[C@@H]1CN([C@@H](C)CO)C(=O)Cc2cc(ccc2O[C@@H]1CN(C)Cc1ccncc1)NC(=O)CCN1CCOCC1,0,0.003012,0.019577,0.003069
COc1cccc(c1)[C@@H](NC(=O)C1CCN(CC1)Cc1ccc(cc1)Oc1ccccc1)c1ccccn1,0,0.282751,0.645067,0.514315
C[C@H]1CCCCO[C@@H](CN(C)C(=O)OC(C)(C)C)[C@H](C)CN([C@@H](C)CO)C(=O)c2cc(ccc2O1)NC(=O)Nc1ccccc1,0,0.105207,0.020898,0.003650
CC(C)NC(=O)Nc1ccc2c(c1)C(=O)N(C[C@H](C)[C@@H](CN(C)S(=O)(=O)c1ccc(cc1)Cl)O2)[C@@H](C)CO,0,0.069090,0.018871,0.003669
CNC(=O)c1ccc2c(c1)OCO2,0,0.062360,0.032818,0.012441
C[C@H]1CN([C@@H](C)CO)C(=O)c2cccc(c2O[C@@H]1CN(C)Cc1ccc2c(c1)OCO2)NC(=O)C1CCOCC1,0,0.008682,0.017441,0.003073
C[C@@H]1CN([C@H](C)CO)S(=O)(=O)c2ccc(cc2O[C@@H]1CN(C)CC1CCOCC1)Br,0,0.224926,0.029096,0.007287
C[C@H]1CCCCO[C@H](CN(C)S(=O)(=O)c2ccc(cc2)F)[C@@H](C)CN([C@@H](C)CO)C(=O)c2cc(ccc2O1)NC(=O)Nc1ccc(cc1)F,0,0.039373,0.017341,0.003166
C[C@@H]1CN([C@H](C)CO)C(=O)c2cc(ccc2O[C@H]1CN(C)S(=O)(=O)C)NC(=O)Cn1cnnn1,0,0.006630,0.017682,0.003625
C[C@H]1CN([C@@H](C)CO)C(=O)Cc2cc(ccc2O[C@@H]1CN(C)Cc1ccc(c(c1)Cl)Cl)NC(=O)Cc1cn(c2ccccc12)C,0,0.054637,0.028847,0.004264
C[C@@H]1CCCCO[C@@H](CN(C)C(=O)Nc2ccc(cc2)F)[C@@H](C)CN([C@H](C)CO)C(=O)c2cc(ccc2O1)NC(=O)c1ccncc1,0,0.017896,0.016450,0.001829
NC(=N)c1ccc2nc([nH]c2c1)-c1cc(cc(c1O)-c1cc(ccc1O)S(=O)(=O)N)CC(=O)N[C@@H](CC(=O)O)C(=O)O,0,0.328692,0.416839,0.020108
C[C@@H]1CN([C@H](C)CO)C(=O)Cc2cc(ccc2O[C@@H]1CN(C)S(=O)(=O)c1cccs1)NC(=O)C1CC1,0,0.001102,0.017429,0.003536
Cc1nn(c2c1[C@H](C(C#N)C(=N)O2)c1ccc(cc1)C(F)(F)F)C,0,0.553913,0.264414,0.133650
CCCC(=O)Nc1ccc2c(c1)OC[C@@H](C)N(C[C@@H](C)[C@@H](CN(C)C2=O)OC)C(=O)Cc1ccccn1,0,0.001008,0.018073,0.002624
OC[C@H]1O[C@H](CC[C@H]1NC(=O)C1CCOCC1)CCn1cc(nn1)C1(O)CCCC1,0,0.547191,0.167061,0.077910
C[C@@H]1CCCCO[C@H](CN(C)S(=O)(=O)c2ccccc2)[C@@H](C)CN([C@H](C)CO)C(=O)c2cc(ccc2O1)NS(=O)(=O)C,0,0.003710,0.017512,0.002027
CN1C(=O)[C@@H]2CN(C[C@@H]2C21CCN(CC2)S(=O)(=O)C)c1ncccn1,0,0.029581,0.061767,0.007680
ONC(=O)c1cn(nn1)-c1ccc(cc1)C[C@@H]1N2CC(=C[C@@H]2[C@H](Cc2ccccc2)OC1=O)/C=C/C1CC1,0,0.781370,0.091789,0.034338
Cn1cnc(c1)S(=O)(=O)N1C[C@H](O)COC[C@@H]2O[C@@H](CC[C@H]21)CC(=O)NCc1ccc(cc1)F,0,0.495568,0.019285,0.009583
C[C@H]1CN([C@@H](C)CO)C(=O)c2cc(ccc2O[C@H]1CN(C)Cc1ccc(cc1)C(F)(F)F)NC(=O)Nc1c(noc1C)C,0,0.388617,0.118583,0.049015
C[C@H]1CN([C@@H](C)CO)C(=O)Cc2cc(ccc2O[C@@H]1CN(C)S(=O)(=O)c1c(noc1C)C)NS(=O)(=O)c1ccccc1,0,0.001604,0.017429,0.002643
CO[C@@H](CN(C)S(=O)(=O)c1cccc(c1)Cl)[C@@H](C)CN([C@@H](C)CO)S(=O)(=O)c1ccc(cc1)Cl,0,0.328013,0.086731,0.010980
CNC[C@@H]1OCCCC[C@@H](C)Oc2ccc(cc2C(=O)N(C[C@H]1C)[C@@H](C)CO)NC(=O)CCCN(C)C,0,0.014096,0.020914,0.003525
C[C@H]1CCCCO[C@H](CN(C)S(=O)(=O)c2ccc(cc2)C)[C@H](C)CN([C@H](C)CO)C(=O)c2cc(ccc2O1)NS(=O)(=O)C,0,0.007969,0.017512,0.002181
C[C@H]1CCCCO[C@@H](CN(C)C(=O)CCC(F)(F)F)[C@H](C)CN([C@@H](C)CO)C(=O)c2cc(ccc2O1)NS(=O)(=O)c1ccc(cc1)C,0,0.011061,0.018094,0.002821
C[C@H]1CN([C@@H](C)CO)C(=O)Cc2cc(ccc2O[C@@H]1CN(C)S(=O)(=O)c1ccc(cc1)F)N(C)C,0,0.017024,0.029398,0.004996
C[C@@H]1CCCCO[C@@H](CN(C)CC2CCCCC2)[C@@H](C)CN([C@@H](C)CO)C(=O)c2cc(ccc2O1)NS(=O)(=O)c1ccccc1,0,0.009225,0.017811,0.003410
CC(C)N1CCOC[C@@]2(C1)CN(CCO2)S(=O)(=O)C,0,0.002509,0.143421,0.008338
COc1cccc(c1)C#Cc1cnc2c(c1)C(=O)N(C[C@@H](C)[C@H](CN(C)C(=O)C1CCOCC1)O2)[C@H](C)CO,0,0.014275,0.017214,0.002243
C[C@@H]1CN([C@H](C)CO)S(=O)(=O)c2ccc(cc2O[C@H]1CN(C)C(=O)Nc1ccccc1)C#CC1(O)CCCC1,0,0.029036,0.020961,0.003954
C[C@@H]1CN([C@H](C)CO)C(=O)c2cc(ccc2O[C@@H]1CN(C)C(=O)Nc1cccc2ccccc12)NS(=O)(=O)c1ccc(cc1)Cl,0,0.021849,0.018113,0.002742
C[C@H]1CCCCO[C@@H](CN(C)C(=O)Nc2ccccc2)[C@H](C)CN([C@H](C)CO)C(=O)c2cc(ccc2O1)NC(=O)NC1CCCCC1,0,0.012484,0.016584,0.002487
CCc1cnc2c(c1OC)C(=O)NC(=O)N2C,0,0.718114,0.028058,0.014545
CCCC#Cc1cnc2c(c1)C(=O)N(C[C@H](C)[C@@H](CN(C)S(=O)(=O)c1cccc(c1)OC)O2)[C@@H](C)CO,0,0.016293,0.018104,0.002579
C[C@H]1CN([C@H](C)CO)C(=O)c2cc(cnc2O[C@H]1CN(C)C(=O)C1CCOCC1)C#CC1(O)CCCC1,0,0.007619,0.077890,0.018607
C[C@@H]1CN([C@H](C)CO)C(=O)c2cccc(c2O[C@H]1CN(C)Cc1ccc(cc1)C(=O)Nc1ccccc1N)NC(=O)Nc1ccc2c(c1)OCO2,0,0.009741,0.018153,0.002635
O=C1C=C[C@@H]2C3C=CC([C@@H]2[C@]21CO2)[C@@]1(CO1)C3=O,0,0.008670,0.052936,0.025861
CCn1nnc2c(ncnc12)SCC(=O)N,0,0.402899,0.042343,0.017875
C[C@H]1CN([C@@H](C)CO)C(=O)Cc2cc(ccc2O[C@@H]1CN(C)C(=O)Nc1ccc(cc1)C(F)(F)F)NC(=O)Nc1cccc2ccccc12,0,0.307845,0.021948,0.009868
COc1ccc(cc1)COCC12Oc3ccccc3[C@H]([C@H]1CO[Si](C)(C)C(C)(C)C)N1C(=O)C(=C3C=CC=CC3=C1N2C)c1ccccc1,0,0.005273,0.078784,0.021209
CCS(=O)(=O)N1[C@H](CO)[C@H](c2ccc(cc2)/C=C/C)C21CN(C2)C(=O)CN(C)C,0,0.523313,0.040700,0.012078
C[C@H]1CN([C@H](C)CO)C(=O)CCCn2nncc2CO[C@@H]1CN(C)C(=O)Nc1cccc2ccccc12,0,0.021589,0.026496,0.004555
C[C@@H]1CN([C@@H](C)CO)C(=O)c2cccc(c2O[C@@H]1CN(C)Cc1ccc(cc1)-c1ccccc1)NS(=O)(=O)c1ccccc1,0,0.011775,0.020167,0.003745
C[C@@H]1CCCCO[C@@H](CN(C)Cc2ccc(cc2)C(=O)Nc2ccccc2N)[C@@H](C)CN([C@H](C)CO)C(=O)c2cc(ccc2O1)NC(=O)c1ccccc1,0,0.001170,0.017255,0.002014
COc1ccc(cc1)CN(C)C[C@@H]1Oc2ccc(cc2C(=O)N(C[C@@H]1C)[C@@H](C)CO)NC(=O)Cn1cnnn1,0,0.005953,0.018242,0.004424
C[C@@H]1CN([C@H](C)CO)C(=O)c2cccc(c2O[C@H]1CN(C)S(=O)(=O)c1ccc(cc1)C)NC(=O)c1cnccn1,0,0.030781,0.017711,0.002452
COc1cccc(c1)S(=O)(=O)N1C[C@H](O)COC[C@H]2O[C@@H](CC[C@@H]21)CC(=O)NCCCN1CCOCC1,0,0.113364,0.027090,0.008873
COc1ccc(cc1)NC(=O)Nc1ccc2c(c1)C(=O)N(C[C@H](C)[C@H](CN(C)C(=O)Cc1ccccc1)OCCCC[C@H](C)O2)[C@@H](C)CO,0,0.003913,0.016702,0.001920
COCC#Cc1cnc2c(c1)C(=O)N(C[C@H](C)[C@@H](CN(C)C(=O)C)O2)[C@H](C)CO,0,0.011589,0.017744,0.002963
CO[C@@H]1CN(C)C(=O)c2ccc(cc2OC[C@@H](C)N(C[C@H]1C)Cc1ccc(cc1)OC)NC(=O)c1nc2ccccc2s1,0,0.003595,0.023313,0.005222
C[C@H]1CCCCO[C@H](CN(C)S(=O)(=O)c2cccs2)[C@@H](C)CN([C@@H](C)CO)C(=O)c2cc(ccc2O1)NC(=O)Nc1ccc(cc1)F,0,0.008294,0.017465,0.002284
COc1ccc(cc1)NC(=O)N(C)C[C@H]1OCCCC[C@H](C)Oc2ccc(cc2C(=O)N(C[C@@H]1C)[C@H](C)CO)NC(=O)NC1CCCCC1,0,0.010357,0.016276,0.001928
C[C@H]1[C@@H]([C@@H](CCO)O[C@]11C(=O)N(Cc2cccc(c2)N2C(=O)c3ccccc3Oc3ccccc32)c2ccccc21)[Si](C)(C)F,0,0.000352,0.058827,0.025878
COC(=O)[C@@H]1[C@@H](CO)[C@@H]2CN3C(=O)C(=CC=C3[C@H]1N2S(=O)(=O)c1cn(cn1)C)C1=CCCC1,0,0.019384,0.028113,0.009228
C[C@@H]1CCCCO[C@@H](CN(C)S(=O)(=O)C)[C@@H](C)CN([C@H](C)CO)C(=O)c2cc(ccc2O1)NS(=O)(=O)c1c(noc1C)C,0,0.007591,0.017289,0.002931
COCC(=O)Nc1ccc2c(c1)C(=O)N(C)C[C@H](OC)[C@H](C)CN([C@@H](C)CO2)C(=O)c1ccccc1F,0,0.053548,0.020574,0.007256
Cc1ccc(C(=CCN2CCCC2)c2ccccn2)cc1.Cl,0,0.917072,0.143157,0.078764
COc1ccc(cc1)S(=O)(=O)Nc1cccc2c1O[C@H](CN(C)S(=O)(=O)c1cn(cn1)C)[C@@H](C)CN([C@H](C)CO)C2=O,0,0.009055,0.018593,0.003513
C[C@@H]1CN([C@@H](C)CO)S(=O)(=O)c2ccc(cc2O[C@H]1CN(C)C(=O)c1ccc2c(c1)OCO2)-c1ccncc1,0,0.004480,0.018119,0.001810
C[C@@H]1CN([C@@H](C)CO)C(=O)c2cccc(c2O[C@@H]1CN(C)S(=O)(=O)c1ccc(cc1)Cl)NS(=O)(=O)C,0,0.090307,0.019077,0.004578
CS(=O)(=O)N1C[C@@H](O)COC[C@H]2O[C@@H](CC[C@@H]21)CC(=O)NCc1ccccc1,0,0.163136,0.020929,0.007199
COc1cccc(c1)S(=O)(=O)Nc1ccc2c(c1)[C@H]1C[C@@H](CC(=O)N3CCCCC3)O[C@H](CO)[C@H]1O2,0,0.010630,0.019545,0.004510
CO[C@H]1O[C@H](COS(=O)(=O)O)[C@@H](O[C@@H]2O[C@H]([C@@H](O[C@H]3O[C@H](COS(=O)(=O)O)[C@@H](O[C@@H]4O[C@@H]([C@@H](O[C@H]5O[C@H](COS(=O)(=O)O)[C@@H](O)[C@H](O)[C@H]5NS(=O)(=O)O)[C@H](O)[C@H]4O)C(=O)O)[C@H](OS(=O)(=O)O)[C@H]3NS(=O)(=O)O)[C@H](O)[C@H]2OS(=O)(=O)O)C(=O)O)[C@H](O)[C@H]1NS(=O)(=O)O,0,0.442538,0.481543,0.252851
C[C@@H]1CCCCO[C@H](CN(C)CC2CC2)[C@@H](C)CN([C@H](C)CO)C(=O)c2cc(ccc2O1)NS(=O)(=O)c1cn(cn1)C,0,0.032171,0.019592,0.003483
C[C@@H]1CN([C@@H](C)CO)C(=O)Cc2cc(ccc2O[C@@H]1CN(C)Cc1ccncc1)NC(=O)Nc1ccc(cc1)C(F)(F)F,0,0.286088,0.135728,0.031268
C[C@@H]1CN([C@@H](C)CO)C(=O)c2cc(cnc2O[C@H]1CN(C)C(=O)CN1CCOCC1)/C=C/c1ccccc1,0,0.002913,0.016009,0.003635
C[C@@H]1CN([C@@H](C)CO)C(=O)c2cccc(c2O[C@@H]1CN(C)C(=O)Nc1ccc2c(c1)OCO2)NS(=O)(=O)C,0,0.027740,0.017493,0.003269
COc1ccc(cc1)S(=O)(=O)N(C)C[C@H]1Oc2ncc(cc2C(=O)N(C[C@@H]1C)[C@H](C)CO)-c1ccncc1,0,0.007916,0.017274,0.001987
C[C@@H]1CN([C@H](C)CO)C(=O)CCCn2nncc2CO[C@H]1CN(C)S(=O)(=O)c1ccc2ccccc2c1,0,0.007525,0.018599,0.003294
CO[C@H]1C[C@@H](C)CC2=C(NCC=C)C(=O)C=C(NC(=O)/C(=C/C=C/[C@@H](OC)[C@@H](OC(=O)N)/C(=C/[C@@H](C)[C@@H]1O)C)C)C2=O,0,0.830865,0.243866,0.112946
C[C@@H]1CN([C@@H](C)CO)C(=O)Cc2cc(ccc2O[C@H]1CN(C)S(=O)(=O)c1ccc(cc1)Cl)NC(=O)Nc1cccc2ccccc12,0,0.014045,0.021383,0.002743
COc1ccc(cc1)S(=O)(=O)Nc1ccc2c(c1)C(=O)N(C[C@H](C)[C@H](CN(C)C(=O)C1CCCCC1)OCCCC[C@H](C)O2)[C@H](C)CO,0,0.003619,0.017378,0.002671
CC1COc2c(C3(N)CC3)c(F)cc3c(=O)c(C(=O)O)cn1c23.CS(=O)(=O)O,0,0.844019,0.759904,0.897355
O=c1c(O)c(-c2ccc(O)cc2)oc2cc(O)cc(O)c12,0,0.780831,0.102019,0.079065
C[C@@H]1CCCCO[C@@H](CN(C)S(=O)(=O)c2cn(cn2)C)[C@H](C)CN([C@H](C)CO)C(=O)c2cc(ccc2O1)NC(=O)Nc1ccc(cc1)C(F)(F)F,0,0.167341,0.082167,0.044040
C[C@@H]1CCCCO[C@@H](CN(C)C(=O)Cc2ccccc2)[C@@H](C)CN([C@@H](C)CO)C(=O)c2cc(ccc2O1)NC(=O)Nc1ccc2c(c1)OCO2,0,0.002222,0.016795,0.002308
C[C@@H]1CCCCO[C@@H](CN(C)C(=O)c2ccccc2)[C@H](C)CN([C@H](C)CO)C(=O)c2cc(ccc2O1)NC(=O)CCC(F)(F)F,0,0.033783,0.022857,0.006373
COc1ccc(cc1)NC(=O)Nc1ccc2c(c1)C(=O)N(C[C@@H](C)[C@H](CN(C)C(=O)C1CCCCC1)OCCCC[C@H](C)O2)[C@@H](C)CO,0,0.011767,0.016438,0.002189
C[C@@H]1CN([C@H](C)CO)C(=O)c2cccc(c2O[C@H]1CN(C)Cc1ccc2c(c1)OCO2)NC(=O)c1cc(nn1C)C,0,0.006366,0.016779,0.003234
COCC#Cc1cnc2c(c1)C(=O)N(C[C@@H](C)[C@@H](CN(C)C(=O)Nc1ccc(cc1)OC)O2)[C@@H](C)CO,0,0.064061,0.017457,0.002808
Nc1ccc2n(c(nc2c1)CO)CCO,0,0.039074,0.055603,0.020445
C[C@@H]1CN([C@@H](C)CO)C(=O)c2cc(cnc2O[C@@H]1CN(C)C(=O)c1ccncc1)-c1ccc(cc1)C(=O)N(C)C,0,0.001889,0.016672,0.002991
CO[C@H]1CN(C)C(=O)c2cc(ccc2OC[C@@H](C)N(C[C@H]1C)Cc1ccccc1C(=O)O)NC(=O)Nc1ccccc1F,0,0.231256,0.102881,0.034991
C[C@@H]1CN([C@H](C)CO)C(=O)c2cc(ccc2O[C@@H]1CN(C)S(=O)(=O)C)NS(=O)(=O)c1cn(cn1)C,0,0.020259,0.017877,0.003804
COC(=O)c1c(C)cc(OC)cc1O,0,0.325016,0.099541,0.094414
C[C@H]1CN([C@@H](C)CO)S(=O)(=O)c2ccc(cc2O[C@H]1CN(C)C(=O)Cc1ccccn1)C#Cc1ccccc1,0,0.008798,0.022995,0.003063
O=C(O)C=CC(=O)O.c1ccc2nc(N3CCNCC3)ccc2c1,0,0.534736,0.076662,0.077753
C[C@H]1CN([C@H](C)CO)C(=O)c2cc(cnc2O[C@H]1CN(C)Cc1cccc(c1)C(F)(F)F)-c1cc2ccccc2o1,0,0.069780,0.143992,0.032299
CCNC(=O)[C@@H]1[C@@H](CO)[C@@H]2CN3C(=O)C(=CC=C3[C@@H]2N1S(=O)(=O)C)c1ccccc1OC,0,0.183109,0.021385,0.005552
NCC[C@@H]1CC[C@@H](NC(=O)Cc2ccncc2)[C@@H](CO)O1,0,0.093318,0.022007,0.015661
Cn1cccc1CNCCCN1CCOCC1,0,0.023231,0.038375,0.015949
COc1ccc(cc1)S(=O)(=O)Nc1ccc2c(c1)C(=O)N(C[C@H](C)[C@H](CN(C)S(=O)(=O)c1c(noc1C)C)O2)[C@@H](C)CO,0,0.008518,0.017615,0.003403
C[C@H]1CN([C@H](C)CO)C(=O)c2cc(ccc2O[C@@H]1CN(C)C(=O)Nc1c(noc1C)C)NS(=O)(=O)c1c(noc1C)C,0,0.034559,0.022504,0.009015
C[C@H]1CN([C@@H](C)CO)C(=O)c2cccc(c2O[C@@H]1CN(C)C(=O)Nc1ccc(cc1)C(F)(F)F)NC(=O)Nc1ccc(cc1)C(F)(F)F,0,0.971875,0.179735,0.108243
C[C@@H]1CN([C@H](C)CO)C(=O)Cc2cc(ccc2O[C@@H]1CN(C)S(=O)(=O)c1ccc(cc1)C)N(C)C,0,0.008929,0.024632,0.004478
C[C@@H]1CN([C@H](C)CO)C(=O)c2cccc(c2O[C@H]1CN(C)S(=O)(=O)c1ccc(cc1)Cl)NC(=O)C1CCOCC1,0,0.029781,0.017578,0.003123
COc1ccc(C=CC(=O)c2ccc(O)cc2O)cc1,0,0.809101,0.490644,0.583379
CS(=O)(=O)OCCCCOS(=O)(=O)C,0,0.002114,0.074811,0.024452
CC(=O)c1ccccc1OC[C@@H](O)CN(CCO)CCO,0,0.035128,0.119884,0.039963
O[C@@H]1COC[C@H]2O[C@H](CC[C@@H]2N(C1)Cc1cc(ccc1F)F)CC(=O)N[C@H]1CCN(C1)Cc1ccccc1,0,0.891554,0.094605,0.039992
C[C@H]1CCCCO[C@H](CN(C)C(=O)C2CCCCC2)[C@@H](C)CN([C@@H](C)CO)C(=O)c2cc(ccc2O1)NC(=O)Nc1cccc2ccccc12,0,0.010384,0.016258,0.002759
C[C@@H]1CN([C@@H](C)CO)C(=O)c2cc(ccc2O[C@H]1CN(C)S(=O)(=O)C)NC(=O)Nc1ccc(cc1)F,0,0.121454,0.022381,0.005106
CN(C)C(=O)C[C@@H]1CC[C@@H]2[C@H](COC[C@H](O)CN2S(=O)(=O)c2ccccc2)O1,0,0.060625,0.018187,0.007732
OC(=O)CSCC(=O)N1CCCCC1,0,0.048484,0.038883,0.017542
C[C@@H]1CN([C@@H](C)CO)C(=O)c2cccc(c2O[C@@H]1CN(C)S(=O)(=O)c1cn(cn1)C)NS(=O)(=O)c1ccc(cc1)Cl,0,0.019803,0.018461,0.003520
C[C@@H]1CN([C@H](C)CO)C(=O)Cc2cc(ccc2O[C@H]1CN(C)S(=O)(=O)c1ccccc1)NC(=O)Nc1c(noc1C)C,0,0.006255,0.018171,0.003045
C[C@H]1CN([C@@H](C)CO)C(=O)c2cc(ccc2O[C@@H]1CN(C)Cc1ccc(cc1)Oc1ccccc1)NC(=O)Cc1cn(c2ccccc12)C,0,0.003047,0.017884,0.002819
C[C@H]1CCCCO[C@@H](CN(C)CC2CCCCC2)[C@@H](C)CN([C@H](C)CO)C(=O)c2cc(ccc2O1)NC(=O)Nc1ccc2c(c1)OCO2,0,0.031979,0.017181,0.003670
CC(C)NC(=O)N(C)C[C@H]1Oc2ccc(cc2CC(=O)N(C[C@@H]1C)[C@H](C)CO)NS(=O)(=O)c1cn(cn1)C,0,0.011465,0.017329,0.002648
Cc1ccc(cc1)-c1ccc(cc1)OC(=O)c1ccccc1F,0,0.748619,0.219443,0.117993
C[C@@H]1CCCCO[C@@H](CN(C)CC2CC2)[C@@H](C)CN([C@H](C)CO)C(=O)c2cc(ccc2O1)NS(=O)(=O)c1cn(cn1)C,0,0.032171,0.019592,0.003483
C[C@H]1CN([C@@H](C)CO)C(=O)c2cccc(c2O[C@H]1CN(C)C(=O)NC1CCCCC1)NC(=O)C1CC1,0,0.039460,0.021348,0.006580
C[N+](C)(C)CCCC[C@@H]1NC(=O)[C@H]2C[C@H]([C@H](N2C1=O)c1cccc(c1)OCCO)C(=O)NCCCCCNC(=O)CS,0,0.000026,0.219072,0.085118
COCCNC(=O)C[C@@H]1CC[C@@H]2[C@H](COC[C@H](O)CN2C(=O)Nc2ccc3c(c2)OCO3)O1,0,0.208091,0.176052,0.045224
NC[C@H]1CCCN(C1)C(=O)Nc1ccc(cc1)Oc1ccccc1,0,0.459054,0.302846,0.052536
CCNC(=O)c1csc(n1)N,0,0.021735,0.031991,0.006704
COc1ccc(cc1)S(=O)(=O)Nc1cccc2c1O[C@H](CN(C)Cc1ccncc1)[C@H](C)CN([C@@H](C)CO)C2=O,0,0.008892,0.017956,0.002190
C[C@@H]1CN([C@H](C)CO)C(=O)Cc2cc(ccc2O[C@H]1CN(C)C(=O)Nc1ccc(cc1)F)NC(=O)CCN1CCOCC1,0,0.008481,0.019335,0.004071
C[C@@H]1CN([C@@H](C)CO)C(=O)CCCn2nncc2CO[C@H]1CN(C)C(=O)Nc1ccccc1C(F)(F)F,0,0.826228,0.653004,0.456342
COc1ccc(cc1)NC(=O)Nc1ccc2c(c1)CC(=O)N(C[C@@H](C)[C@H](CN(C)C(=O)Nc1ccc(cc1)C(F)(F)F)O2)[C@@H](C)CO,0,0.357137,0.021567,0.007300
C[C@H]1CN([C@H](C)CO)C(=O)Cc2cc(ccc2O[C@@H]1CN(C)Cc1ccc(cc1)Oc1ccccc1)NS(=O)(=O)c1ccc(cc1)F,0,0.002001,0.018479,0.003643
COc1cccc(c1)C(=O)Nc1ccc2c(c1)C(=O)N(C)[C@H]1CC[C@H](CC(=O)NCCCN3CCOCC3)O[C@H]1CO2,0,0.004257,0.017311,0.004317
C[C@@H]1CN([C@@H](C)CO)C(=O)c2cc(ccc2O[C@H]1CN(C)C(=O)Nc1cccc2ccccc12)NC(=O)Cn1cnnn1,0,0.005477,0.018839,0.003751
COc1ccc(cc1)C#Cc1ccc2c(c1)O[C@H](CN(C)C(=O)c1ccccn1)[C@@H](C)CN([C@@H](C)CO)S2(=O)=O,0,0.016901,0.017161,0.002100
OC[C@H]1O[C@H](C[C@@H]2[C@H]1Oc1ccc(cc12)NC(=O)Nc1ccc(cc1)C(F)(F)F)CC(=O)NC1CCCCC1,0,0.787383,0.352919,0.180428
C[C@@H]1CCCCO[C@@H](CN(C)C(=O)Cc2ccccc2)[C@H](C)CN([C@@H](C)CO)C(=O)c2cc(ccc2O1)NS(=O)(=O)c1ccc(cc1)F,0,0.002850,0.017364,0.002384
C[C@H]1CN([C@@H](C)CO)C(=O)c2cccc(c2O[C@H]1CN(C)Cc1ccc(cc1)Oc1ccccc1)NS(=O)(=O)c1ccc(cc1)F,0,0.008998,0.019275,0.004001
C[C@H]1CN([C@@H](C)CO)C(=O)c2c(c3ccccc3n2C)-c2ccccc2CO[C@H]1CN(C)C(=O)NC1CCCCC1,0,0.046709,0.018341,0.003797
N=C(N)NCCN1CCCCCCC1.O=S(=O)(O)O,0,0.016813,0.105682,0.037770
C[C@H]1CN([C@H](C)CO)C(=O)Cc2cc(ccc2O[C@H]1CN(C)S(=O)(=O)c1cccs1)NS(=O)(=O)c1ccc(cc1)C,0,0.000669,0.017475,0.002697
COc1ccc(cc1)S(=O)(=O)Nc1ccc2c(c1)C(=O)N(C[C@H](C)[C@@H](CN(C)C(=O)CCC(F)(F)F)OCCCC[C@H](C)O2)[C@@H](C)CO,0,0.012262,0.021425,0.003808
C[C@H]1CN([C@@H](C)CO)C(=O)c2cc(cnc2O[C@@H]1CN(C)S(=O)(=O)c1ccccc1F)C#Cc1ccccc1F,0,0.095746,0.021162,0.004932
CN1CCN(CC1)C(=O)C[C@H]1CC[C@@H]2[C@H](COC[C@@H](O)CN2C(=O)Nc2cc(cc(c2)Cl)Cl)O1,0,0.963965,0.726998,0.392645
COc1ccc(cc1)CN(C)C[C@H]1Oc2ccc(cc2CC(=O)N(C[C@H]1C)[C@H](C)CO)NS(=O)(=O)c1cn(cn1)C,0,0.006260,0.017522,0.002324
C[C@H]1COC(=O)[C@H](CC=CC[C@@H](CC(=O)NCCO)C(=O)N1)NC(=O)OCC1c2ccccc2-c2ccccc21,0,0.000484,0.084116,0.032249
COc1cccc(c1)S(=O)(=O)N1C[C@@H](O)COC[C@@H]2O[C@H](CC[C@H]21)CC(=O)N1CCN(C)CC1,0,0.185211,0.035467,0.012774
O=C(CCCCC(=O)Nc1c(I)cc(I)c(C(=O)O)c1I)Nc1c(I)cc(I)c(C(=O)O)c1I,0,0.974574,0.348043,0.101878
C[C@H]1CCCCO[C@@H](CN(C)C(=O)Nc2c(noc2C)C)[C@@H](C)CN([C@@H](C)CO)C(=O)c2cc(ccc2O1)NC(=O)C1CCCCC1,0,0.028001,0.017218,0.003120
C[C@H]1CN([C@@H](C)CO)C(=O)c2cc(ccc2O[C@@H]1CN(C)C(=O)Nc1ccccc1)NS(=O)(=O)C,0,0.069890,0.017611,0.003997
C[C@@H]1CN([C@H](C)CO)C(=O)c2cc(ccc2O[C@@H]1CN(C)C(=O)Nc1ccc(cc1)C(F)(F)F)NC(=O)NC1CCCCC1,0,0.697048,0.661781,0.422178
C[C@H]1CN([C@H](C)CO)C(=O)c2cc(cnc2O[C@H]1CN(C)C(=O)CCN1CCCCC1)C#CCN(C)C,0,0.038506,0.018402,0.004082
CC(C)NC(=O)N(C)C[C@@H]1Oc2ccc(cc2C(=O)N(C[C@@H]1C)[C@@H](C)CO)NC(=O)Nc1ccc2c(c1)OCO2,0,0.012190,0.017731,0.002669
C[C@H]1CN([C@@H](C)CO)C(=O)c2cccc(c2O[C@@H]1CN(C)CC1CCCCC1)NC(=O)Nc1ccc(cc1)F,0,0.308669,0.019807,0.016146
CC(C)C(=O)NC1=N[C@H]2[C@@H](N=CN2[C@H]2C[C@@H](O)[C@@H](CO)O2)C(=O)N1,0,0.000068,0.148908,0.039663
Fc1ccc(cc1)[C@@H](NC(=O)C1CCN(CCOc2ccc(cc2Cl)Cl)CC1)c1ccc2ccccc2n1,0,0.936284,0.932634,0.955362
OCc1ccc(cc1)[C@@H]1N(C2CCCCC2)C(=O)c2ccccc2[C@]1(Cc1ccccc1I)C(=O)O,0,0.239819,0.494577,0.221334
CN1CCN(CC1)C(=O)C[C@@H]1CC[C@H]2[C@@H](COC[C@@H](O)CN2S(=O)(=O)c2cccc(c2)Cl)O1,0,0.482912,0.046865,0.018949
C[C@H]1CN([C@H](C)CO)C(=O)Cc2cc(ccc2O[C@@H]1CN(C)S(=O)(=O)c1cccs1)NS(=O)(=O)c1cn(cn1)C,0,0.001511,0.017325,0.002476
COc1ccc(cc1)NC(=O)Nc1ccc2c(c1)C(=O)N(C[C@@H](C)[C@@H](CN(C)C(=O)NC1CCCCC1)OCCCC[C@@H](C)O2)[C@H](C)CO,0,0.015186,0.016152,0.002072
COCC(=O)N(C)C[C@@H]1Oc2cc(ccc2S(=O)(=O)N(C[C@@H]1C)[C@H](C)CO)C#CCC1CCCC1,0,0.117689,0.023789,0.005002
CCS(=O)(=O)NCC[C@H]1CC[C@H](NS(=O)(=O)c2cccc(c2)F)[C@H](CO)O1,0,0.055747,0.026922,0.011721
C[C@@H](O)C#Cc1cnc2c(c1)C(=O)N(C[C@H](C)[C@H](CN(C)Cc1cncnc1)O2)[C@H](C)CO,0,0.044162,0.024484,0.003888
CO[C@H]1CN(C)C(=O)c2ccc(cc2OC[C@@H](C)N(CCC(F)(F)F)C[C@H]1C)NS(=O)(=O)c1cn(cn1)C,0,0.098876,0.025235,0.005385
C[C@@H]1CN([C@@H](C)CO)C(=O)c2cc(ccc2O[C@@H]1CN(C)S(=O)(=O)c1cn(cn1)C)NC(=O)CCCCCC(=O)Nc1ccccc1N,0,0.008419,0.018655,0.002298
CNS(=O)(=O)c1ccc(c(c1)C(=O)N)Cl,0,0.337464,0.046139,0.007055
OC[C@H]1O[C@@H](O[C@@H]2[C@@H](CO)O[C@](O)(CO)[C@H]2O)[C@H](O)[C@@H](O)[C@H]1O,0,0.006299,0.223807,0.045893
OC(=O)C1(CC1)Cn1ccnc1,0,0.297114,0.024607,0.010419
C[C@@H]1CN([C@@H](C)CO)C(=O)c2cc(cnc2O[C@H]1CN(C)S(=O)(=O)c1ccccc1F)C#Cc1ccccc1,0,0.025282,0.019396,0.004632
COc1cccc(c1)CNC(=O)c1cc2c(c(n1)-c1cccc(c1)-c1ccncc1)[C@@H](CCO)N(C2)[S@@](=O)C(C)(C)C,0,0.151287,0.111009,0.051903
C/C=C/c1ccc2c(c1)O[C@H](CN(C)Cc1ccc(cc1)C(=O)O)[C@H](C)CN([C@H](C)CO)S2(=O)=O,0,0.060452,0.026953,0.004826
C[C@@H]1CN([C@@H](C)CO)C(=O)c2cccc(c2O[C@H]1CN(C)C(=O)Nc1cccc2ccccc12)NS(=O)(=O)c1ccc(cc1)F,0,0.030728,0.021163,0.003955
Nc1ccc(c(c1)C(=O)O)O,0,0.073737,0.041876,0.022888
CC(C)CC(=O)Nc1ccccc1C,0,0.172964,0.050252,0.018639
CCOc1ccc(cc1)N1[C@@H](c2cccc(c2)[N+](=O)[O-])S(=O)(=O)/C(=C\C=C\c2ccccc2OC)C1=O,0,0.136994,0.319184,0.220350
C[C@@H]1[C@@H](O)[C@H](C[C@H]2COC[C@H]12)N(C)C,0,0.071108,0.043840,0.016229
C[C@H]1CCCCO[C@H](CN(C)C(=O)c2ccccc2)[C@H](C)CN([C@H](C)CO)C(=O)c2cc(ccc2O1)NC(=O)Nc1ccc(cc1)C(F)(F)F,0,0.142560,0.018226,0.004267
C[C@@H]1O[C@@H](OC[C@H]2O[C@@H](OC3=C(Oc4cc(cc(c4C3=O)O)O)c3ccc(cc3)O)[C@H](O)[C@@H](O)[C@@H]2O)[C@H](O)[C@H](O)[C@H]1O,0,0.121205,0.197211,0.043142
CC(C)Cc1ccc(cc1)[C@@H](C)c1nc(no1)-c1cccs1,0,0.587536,0.306210,0.263487
COc1ccc(cc1)[Si](C)(C)[C@@H]1[C@@H](C)[C@]2(O[C@H]1CCOC(=O)NCCCCCC(=O)NO)C(=O)N(Cc1ccccc1)c1ccc(cc12)NC(=O)[C@@H](C)OC(=O)NCCCCCC(=O)NO,0,0.000000,0.088317,0.022373
C[C@H]1CN([C@H](C)CO)C(=O)c2cc(ccc2O[C@@H]1CN(C)Cc1ccncc1)NC(=O)Nc1ccc(cc1)C(F)(F)F,0,0.481985,0.569267,0.320819
COc1ccc(cc1)NC(=O)N(C)C[C@@H]1Oc2ccc(cc2C(=O)N(C[C@H]1C)[C@@H](C)CO)NC(=O)CCCN(C)C,0,0.014564,0.018420,0.002251
OC[C@H]1O[C@@H](CC[C@H]1NC(=O)Cc1ccccn1)CC(=O)NCCc1ccncc1,0,0.013403,0.026002,0.011623
COc1cccc(c1)S(=O)(=O)N1C[C@H](O)COC[C@@H]2O[C@@H](CC[C@H]21)CC(=O)N1CCOCC1,0,0.026007,0.035274,0.012089
C[C@@H]1CCCCO[C@@H](CN(C)S(=O)(=O)c2cn(cn2)C)[C@H](C)CN([C@@H](C)CO)C(=O)c2cc(ccc2O1)N(C)C,0,0.009028,0.017649,0.003337
C[C@@H]1CN([C@H](C)CO)C(=O)Cc2cc(ccc2O[C@@H]1CN(C)C(=O)NC1CCCCC1)NS(=O)(=O)c1cn(cn1)C,0,0.011780,0.017245,0.003172
O=C1NNC(=S)N1C1CC1,0,0.694310,0.089203,0.029178
CO[C@@H](CN(C)C(=O)c1ccc2c(c1)OCO2)[C@@H](C)CN([C@@H](C)CO)S(=O)(=O)c1ccc(cc1)C,0,0.048111,0.018467,0.003166
COc1ccc(cc1)S(=O)(=O)Nc1ccc2c(c1)CC(=O)N(C[C@@H](C)[C@H](CN(C)S(=O)(=O)c1ccccc1)O2)[C@H](C)CO,0,0.000993,0.017902,0.002374
COc1ccc(-c2cc(=O)c3c(O)cc(OC)c(OC)c3o2)c(OC)c1,0,0.677008,0.135335,0.046459
OC[C@H]1O[C@@H](O[C@@H]2OC=C([C@H]3CC=C(CO)[C@@H]23)C(=O)O)[C@H](O)[C@@H](O)[C@@H]1O,0,0.110359,0.369582,0.113062
C[C@@H](SC(=S)N1CCOCC1)C(=O)O,0,0.000000,0.051882,0.016092
C[C@@H]1CCCCO[C@H](CN(C)C(=O)Nc2ccc3c(c2)OCO3)[C@H](C)CN([C@@H](C)CO)C(=O)c2cc(ccc2O1)NC(=O)Nc1ccc2c(c1)OCO2,0,0.001234,0.022402,0.002942
CCS(=O)(=O)Nc1ccc2c(c1)C(=O)N(C)C[C@H](OC)[C@@H](C)CN(Cc1nccs1)[C@@H](C)CO2,0,0.003747,0.018203,0.002489
COc1ccc(cc1)S(=O)(=O)Nc1ccc2c(c1)CC(=O)N(C[C@@H](C)[C@@H](CN(C)S(=O)(=O)c1ccc(cc1)F)O2)[C@@H](C)CO,0,0.007360,0.018096,0.002920
COc1ccc(cc1)NC(=O)Nc1ccc2c(c1)CC(=O)N(C[C@@H](C)[C@H](CN(C)Cc1ccc(c(c1)Cl)Cl)O2)[C@H](C)CO,0,0.123908,0.041746,0.006111
C[C@H]1CCCCO[C@@H](CN(C)Cc2ccc(cc2)C(F)(F)F)[C@@H](C)CN([C@H](C)CO)C(=O)c2cc(ccc2O1)NS(=O)(=O)c1ccc(cc1)Cl,0,0.081819,0.016739,0.003135
Nc1ccc(S(=O)(=O)[N-]c2cnc3ccccc3n2)cc1.[Na+],0,0.767679,0.088498,0.018873
C=C1C(C2(C)C=CC(=O)C(C)(C)C2CC(=O)OC)CCC2(C)C(c3ccoc3)OC(=O)C3OC132,0,0.717461,0.220057,0.118683
COc1ccc(cc1)S(=O)(=O)Nc1ccc2c(c1)CC(=O)N(C[C@@H](C)[C@@H](CN(C)S(=O)(=O)c1c(noc1C)C)O2)[C@H](C)CO,0,0.003225,0.017615,0.002953
CC(C)(CCN1CCOCC1)NC(=O)C=C,0,0.051165,0.018678,0.004751
C[C@H]1CCCCO[C@H](CN(C)S(=O)(=O)c2ccc(cc2)C)[C@H](C)CN([C@H](C)CO)C(=O)c2cc(ccc2O1)NC(=O)c1ccccc1,0,0.000869,0.017533,0.001856
S=C1SCN(Cc2ccccc2)CN1Cc1ccccc1,0,0.000003,0.357279,0.238319
C[C@H]1CN([C@H](C)CO)C(=O)c2cc(cnc2O[C@H]1CN(C)C(=O)Nc1cccc2ccccc12)-c1cccc(c1)C(F)(F)F,0,0.378527,0.280026,0.186539
C[C@@H](N)[C@H]1CC[C@@H](CC1)C(=O)Nc1ccncc1,0,0.448289,0.073926,0.036215
C[C@@H]1CCCCO[C@H](CN(C)CC2CCCCC2)[C@H](C)CN([C@H](C)CO)C(=O)c2cc(ccc2O1)NC(=O)Nc1ccc(cc1)C(F)(F)F,0,0.710756,0.336419,0.206824
C[C@H]1CN([C@@H](C)CO)S(=O)(=O)c2ccc(cc2O[C@@H]1CN(C)C)C#CCN(C)C,0,0.063235,0.020753,0.004888
CO[C@H]1O[C@H](CO)[C@@H](OC(=O)Nc2ccc(cc2)Oc2ccccc2)[C@H](OC(=O)Nc2ccccc2-c2ccccc2)[C@@H]1OC(=O)Nc1ccccc1-c1ccccc1,0,0.409634,0.062306,0.009199
C[C@@H]1CCCCO[C@H](CN(C)C(=O)Nc2c(noc2C)C)[C@H](C)CN([C@@H](C)CO)C(=O)c2cc(ccc2O1)NC(=O)CCC(F)(F)F,0,0.197265,0.091631,0.042976
COc1cccc(c1)C#Cc1ccc2c(c1)O[C@@H](CN(C)C(=O)c1ccccn1)[C@H](C)CN([C@H](C)CO)S2(=O)=O,0,0.013999,0.018347,0.002343
CC(C)NC(=O)N(C)C[C@H]1Oc2ccc(cc2CC(=O)N(C[C@H]1C)[C@@H](C)CO)NS(=O)(=O)c1ccc(cc1)Cl,0,0.012188,0.020327,0.002567
C[C@H]1CN([C@H](C)CO)C(=O)c2cc(ccc2O[C@@H]1CN(C)C(=O)Nc1ccc2c(c1)OCO2)NC(=O)Nc1ccc(cc1)C(F)(F)F,0,0.407468,0.059041,0.021445
CCCNC(=O)Nc1ccc2c(c1)OC[C@@H](C)N(C[C@@H](C)[C@@H](CN(C)C2=O)OC)Cc1ccc(cc1)-c1ccccn1,0,0.027594,0.030950,0.006341
COc1ccc(cc1)NC(=O)N(C)C[C@@H]1Oc2c(cccc2C(=O)N(C[C@@H]1C)[C@H](C)CO)NS(=O)(=O)C,0,0.081331,0.016910,0.003050
CC[C@H]1Sc2ccccc2NC1=O,0,0.171706,0.081297,0.026539
COc1cc2c(cc1OC)CN(CC2)C(=O)[C@H]1[C@H]2N([C@@H]([C@@H](OC2=O)c2ccccc2)c2ccccc2)[C@@H](c2ccc(cc2)O)[C@]11C(=O)Nc2ccc(cc21)C#CC1=CCCCC1,0,0.014009,0.039908,0.012453
COCC#Cc1cnc2c(c1)C(=O)N(C[C@@H](C)[C@H](CN(C)C(=O)Nc1cc(ccc1F)F)O2)[C@@H](C)CO,0,0.545350,0.032379,0.017929
CN1CCN(CC1)[C@@H](CN)c1ccc2c(c1)OCO2,0,0.721339,0.117017,0.050352
CC(C)NC(=O)Nc1ccc2c(c1)CC(=O)N(C[C@H](C)[C@H](CN(C)S(=O)(=O)c1ccccc1)O2)[C@@H](C)CO,0,0.005229,0.019118,0.003398
C[C@H]1CCCCO[C@@H](CN(C)Cc2ccccc2)[C@H](C)CN([C@H](C)CO)C(=O)c2cc(ccc2O1)NC(=O)C1CCCCC1,0,0.026001,0.018310,0.004635
C[C@@H]1CN([C@H](C)CO)C(=O)CCCn2cc(nn2)CO[C@@H]1CN(C)S(=O)(=O)c1ccccc1C#N,0,0.000217,0.018999,0.003274
O[C@H]1COC[C@H]2O[C@H](CC[C@@H]2N(C1)S(=O)(=O)c1ccc(cc1)Cl)CC(=O)N[C@H]1CCN(C1)Cc1ccccc1,0,0.463596,0.061808,0.011812
C[N+]1(C)C[C@H](O)[C@@H](C1)C(=O)O,0,0.014888,0.027171,0.010940
OC(=O)c1ccc(s1)-c1ccco1,0,0.196435,0.162104,0.136635
OC[C@H]1O[C@@H](CC(=O)NCCCN2CCOCC2)C=C[C@H]1NS(=O)(=O)c1ccccc1F,0,0.040402,0.024397,0.008695
OC(=O)C1CCNCC1,0,0.077973,0.018662,0.005559
C[C@@H]1CN([C@H](C)CO)C(=O)c2cc(ccc2O[C@@H]1CN(C)Cc1ccc(cc1)-c1ccccc1)NS(=O)(=O)c1ccc(cc1)Cl,0,0.025558,0.019726,0.004602
COc1ccc(cc1)NC(=O)N(C)C[C@H]1OCCCC[C@H](C)Oc2ccc(cc2C(=O)N(C[C@H]1C)[C@@H](C)CO)NC(=O)NC(C)C,0,0.018296,0.020750,0.002530
C[C@H]1CCCCO[C@@H](CN(C)S(=O)(=O)C)[C@@H](C)CN([C@H](C)CO)C(=O)c2cc(ccc2O1)NC(=O)c1ccncc1,0,0.003256,0.017475,0.002158
C[C@H]1CN([C@H](C)CO)C(=O)c2cccc(c2O[C@@H]1CN(C)C(=O)NC1CCCCC1)NS(=O)(=O)c1cn(cn1)C,0,0.059351,0.019189,0.004655
C[C@@H]1CCCCO[C@H](CN(C)Cc2ccncc2)[C@H](C)CN([C@H](C)CO)C(=O)c2cc(ccc2O1)NS(=O)(=O)c1ccc(cc1)Cl,0,0.008118,0.017407,0.001957
C[C@H]1CN([C@H](C)CO)C(=O)c2c(c3ccccc3n2C)-c2ccccc2CO[C@H]1CN(C)Cc1ccc(cc1)F,0,0.073306,0.018480,0.006157
COc1ccc(cc1)NC(=O)Nc1ccc2c(c1)C(=O)N(C[C@H](C)[C@@H](CN(C)S(=O)(=O)c1cccs1)OCCCC[C@@H](C)O2)[C@@H](C)CO,0,0.002048,0.017452,0.001816
CN1[C@@H]2CC[C@@H](CC(=O)NCCCN3CCOCC3)O[C@@H]2COc2ccc(cc2C1=O)NC(=O)Cc1cccs1,0,0.009965,0.020354,0.008180
C[C@@H]1CN([C@@H](C)CO)C(=O)Cc2cc(ccc2O[C@@H]1CN(C)S(=O)(=O)c1c(noc1C)C)NS(=O)(=O)c1ccc(cc1)C,0,0.003334,0.017467,0.002736
C[C@@H]1CCCCO[C@@H](CN(C)Cc2ccc(cc2)C(F)(F)F)[C@H](C)CN([C@@H](C)CO)C(=O)c2cc(ccc2O1)NC(=O)Nc1ccc(cc1)C(F)(F)F,0,0.790766,0.017771,0.008766
C[C@H]1CN([C@@H](C)CO)C(=O)c2ccccc2-c2ccccc2CO[C@H]1CN(C)S(=O)(=O)c1cn(cn1)C,0,0.020284,0.019020,0.004768
C[C@H]1CN([C@@H](C)CO)C(=O)c2cccc(c2O[C@H]1CN(C)S(=O)(=O)C)N(C)C,0,0.016575,0.018764,0.003927
Cc1ccccc1C(OCCN(C)C)c1ccccc1.O=C(O)CC(O)(CC(=O)O)C(=O)O,0,0.366409,0.264621,0.158955
COc1ccc2c3c(n(c2c1)C)[C@H](CO)N(Cc1cc(cc(c1)OC)OC)C[C@]13CCN(CC1)C(=O)CN1CCOCC1,0,0.113051,0.056551,0.012875
C[C@@H]1CCCCO[C@@H](CN(C)Cc2ccc(cc2)C(F)(F)F)[C@H](C)CN([C@@H](C)CO)C(=O)c2cc(ccc2O1)NC(=O)NC1CCCCC1,0,0.287664,0.032057,0.013052
Nc1ccc(cc1)N1CC(=O)NC1=C,0,0.309518,0.050042,0.020219
O[C@H]1COC[C@H]2O[C@H](CC[C@@H]2N(C1)S(=O)(=O)c1ccccc1)CC(=O)NCc1ccc2c(c1)OCO2,0,0.040585,0.032220,0.008725
COc1ccc(cc1)CN(C)C[C@@H]1OCCCC[C@H](C)Oc2ccc(cc2C(=O)N(C[C@H]1C)[C@@H](C)CO)NC(=O)NC(C)C,0,0.034396,0.017149,0.003248
C[C@@H]1O[C@@H](O[C@@H]2[C@@H](O)[C@H](O)[C@@H](CO)O[C@H]2O[C@H]2C[C@]3(C)[C@H](C[C@@H](O)[C@@H]4[C@H](CC[C@]43C)[C@](C)(CCC=C(C)C)O[C@@H]3O[C@H](CO)[C@@H](O)[C@H](O)[C@H]3O)[C@@]3(C)CC[C@H](O)C(C)(C)[C@H]23)[C@H](O)[C@H](O)[C@H]1O,0,0.974898,0.123987,0.027073
CC(C)NC(=O)N(C)C[C@@H]1Oc2ccc(cc2CC(=O)N(C[C@H]1C)[C@@H](C)CO)NS(=O)(=O)c1ccccc1,0,0.001965,0.018940,0.002837
OC[C@H]1O[C@@H](CCNC(=O)CN2CCOCC2)CC[C@H]1NC(=O)c1ccccc1F,0,0.022249,0.032027,0.016514
Clc1ccc(cc1)-c1onc2cc(ccc12)-c1ccccc1,0,0.821325,0.451728,0.213949
C[C@H]1CN([C@@H](C)CO)C(=O)c2cc(cnc2O[C@H]1CN(C)C(=O)Cc1ccccc1)C#CC1(O)CCCC1,0,0.005711,0.024465,0.012656
CC(N)C(O)c1ccccc1.Cl,0,0.394927,0.080358,0.032491
COc1cccc(c1)-c1cccc(c1)-c1nc(cc2c1[C@@H](CCO)N(C2)[S@](=O)C(C)(C)C)C(=O)NCC(F)(F)F,0,0.603794,0.304001,0.230808
C[C@@H]1CN([C@@H](C)CO)S(=O)(=O)c2ccc(cc2O[C@@H]1CN(C)Cc1cccc(c1)F)C#CC1CC1,0,0.116876,0.021172,0.004086
C[C@@H]1CCCCO[C@H](CN(C)Cc2ccncc2)[C@@H](C)CN([C@@H](C)CO)C(=O)c2cc(ccc2O1)NC(=O)Nc1c(noc1C)C,0,0.026514,0.017176,0.002097
C[C@@H]1CN([C@@H](C)CO)C(=O)c2cccc(c2O[C@@H]1CN(C)S(=O)(=O)c1ccccc1)NS(=O)(=O)c1c(noc1C)C,0,0.008239,0.018339,0.004226
CC(OC1OCCN(C(C)c2nc(=O)[nH][nH]2)C1c1ccc(F)cc1)c1cc(C(F)(F)F)cc(C(F)(F)F)c1,0,0.999860,0.661341,0.431782
C[C@H]1CN([C@H](C)CO)S(=O)(=O)c2ccc(cc2O[C@@H]1CN(C)C(=O)c1cnccn1)C#CCC1CCCC1,0,0.116384,0.017349,0.003960
CCC1C(=O)N(CC(=O)N(C(C(=O)NC(C(=O)N(C(C(=O)NC(C(=O)NC(C(=O)N(C(C(=O)N(C(C(=O)N(C(C(=O)N(C(C(=O)N1)C(C(C)CC=CC)O)C)C(C)C)C)CC(C)C)C)CC(C)C)C)C)C)CC(C)C)C)C(C)C)CC(C)C)C)C,0,0.967271,0.361091,0.070510
C[C@@H]1CCCCO[C@H](CN(C)C(=O)Nc2ccc(cc2)F)[C@@H](C)CN([C@@H](C)CO)C(=O)c2cc(ccc2O1)NC(=O)Nc1c(noc1C)C,0,0.087815,0.017247,0.002287
NCc1[nH]nc2cc(ccc12)F,0,0.378635,0.031858,0.012116
COC(=O)c1ccccc1S(=O)(=O)NC(=O)Nc1nc(c2c(n1)CCS(=O)(=O)C2)C,0,0.033992,0.082703,0.017498
CCCC#Cc1ccc2c(c1)O[C@H](CN(C)Cc1ccc3c(c1)OCO3)[C@H](C)CN([C@H](C)CO)S2(=O)=O,0,0.044627,0.026207,0.003245
NC1(CCN(CC1)c1ncnc2[nH]ccc12)Cc1ccc(cc1)Cl,0,0.953995,0.345622,0.291687
C[C@@H]1CN([C@H](C)CO)C(=O)c2cccc(c2O[C@@H]1CN(C)S(=O)(=O)c1ccc(cc1)Cl)NS(=O)(=O)c1c(noc1C)C,0,0.031948,0.018377,0.004824
Cl.NC(=O)CCC(N)C(=O)O,0,0.015137,0.109285,0.023616
C[C@H]1CN([C@@H](C)CO)C(=O)Cc2cc(ccc2O[C@@H]1CN(C)S(=O)(=O)c1ccc(cc1)C)NC(=O)C1CC1,0,0.004888,0.019123,0.003255
CN1CCN(CC1)C(=O)C[C@@H]1CC[C@H](NC(=O)Cc2ccccn2)[C@H](CO)O1,0,0.028374,0.017289,0.006728
C[C@@H]1CN([C@H](C)CO)C(=O)c2cc(cnc2O[C@H]1CN(C)C(=O)Cc1ccccc1)C#CC1(O)CCCC1,0,0.005711,0.024465,0.012656
CCN(Cc1cccc(c1)Br)c1c(nc2ccc(cn12)C(=O)NCc1ccccc1OC)CC,0,0.905189,0.442029,0.301067
CN1[C@@H]2CC[C@H](CC(=O)NCCN3CCCCC3)O[C@@H]2COc2ccc(cc2C1=O)NS(=O)(=O)c1cccc(c1)F,0,0.055155,0.018176,0.004435
C[C@@H]1CCCCO[C@H](CN(C)C(=O)C2CCCCC2)[C@@H](C)CN([C@@H](C)CO)C(=O)c2cc(ccc2O1)NC(=O)NC1CCCCC1,0,0.015437,0.016701,0.003208
Cc1ccnc(c1)[C@@H](N)C1CC1,0,0.381475,0.066728,0.030068
COc1cc2c(cc1OC)-c1onc(c1CCCN(CC2)C[C@@H](C)OC(=O)NCCCCCC(=O)NO)-c1ccc(cc1)OCCO[Si](C(C)C)(C(C)C)C(C)C,0,0.000023,0.392157,0.094841
COc1cc(-c2coc3cc(OC4OC(CO)C(O)C(O)C4O)c(OC)c(O)c3c2=O)cc(O)c1OC,0,0.625351,0.207873,0.055874
C[C@H]1CCCCO[C@H](CN(C)C(=O)Cc2ccccc2)[C@@H](C)CN([C@@H](C)CO)C(=O)c2cc(ccc2O1)NC(=O)c1ccccc1,0,0.000381,0.017264,0.002162
CN(C)CCCNC(=O)C[C@@H]1CC[C@H]2[C@@H](COc3ccc(cc3C(=O)N2C)NC(=O)c2ccccc2F)O1,0,0.050451,0.023035,0.010172
C[C@@H]1CN([C@H](C)CO)C(=O)Cc2cc(ccc2O[C@@H]1CN(C)Cc1ccc(cc1)C(F)(F)F)NC(=O)Nc1cccc2ccccc12,0,0.165438,0.018793,0.007048
CS(=O)(=O)c1ccc(C(O)C(CF)NC(=O)C(Cl)Cl)cc1,1,0.978248,0.338766,0.137948
C[C@@H]1CN([C@@H](C)CO)S(=O)(=O)c2ccc(cc2O[C@@H]1CN(C)S(=O)(=O)C)C#CCN(C)C,0,0.028352,0.017852,0.004126
C[C@@H]1CCCCO[C@H](CN(C)CC2CCCCC2)[C@H](C)CN([C@H](C)CO)C(=O)c2cc(ccc2O1)NC(=O)c1ccccc1,0,0.011629,0.017890,0.003261
C[C@H]1CN([C@@H](C)CO)C(=O)c2cc(ccc2O[C@H]1CN(C)S(=O)(=O)c1ccc(cc1)F)NC(=O)Cn1cnnn1,0,0.012225,0.017798,0.003253
CC(C)NC(=O)Nc1ccc2c(c1)C(=O)N(C[C@@H](C)[C@@H](CN(C)C(=O)Nc1c(noc1C)C)O2)[C@@H](C)CO,0,0.051746,0.020168,0.003703
CC(C)NC(=O)Nc1cccc2c1O[C@H](CN(C)S(=O)(=O)c1cccs1)[C@H](C)CN([C@@H](C)CO)C2=O,0,0.017218,0.017429,0.003498
OC[C@H]1O[C@@H](CCNS(=O)(=O)c2cccc(c2)F)CC[C@H]1NS(=O)(=O)c1cccc(c1)Cl,0,0.237740,0.051970,0.014408
CN1CC2(COC2)OCCS1(=O)=O,0,0.004403,0.031845,0.007574
OC(=O)CC[C@H]1CCCCN1,0,0.054577,0.024508,0.006723
CC(C)(C)OC(=O)N1CC[C@@H]([C@@H]1C(=O)Nc1cccc2cccnc12)c1cn(nn1)-c1ccc(cc1)C(F)(F)F,0,0.961454,0.422233,0.261858
C[C@H]1CN([C@@H](C)CO)C(=O)Cc2cc(ccc2O[C@@H]1CN(C)Cc1ccc(cc1)C(=O)O)NC(=O)c1ccncc1,0,0.011228,0.029664,0.003566
CC(C)NC(=O)Nc1ccc2c(c1)C(=O)N(C[C@@H](C)[C@H](CN(C)S(=O)(=O)c1ccc(cc1)Cl)O2)[C@H](C)CO[Si](C)(C)C(C)(C)C,0,0.001198,0.027155,0.012058
CN1CCN(CC1)C(=O)C[C@H]1CC[C@@H](NC(=O)c2ccc3c(c2)OCO3)[C@@H](CO)O1,0,0.031810,0.017155,0.005212
COc1ccc(cc1)NC(=O)N1C[C@H](O)COC[C@H]2O[C@H](CC[C@@H]21)CC(=O)NC1Cc2ccccc2C1,0,0.492280,0.176277,0.046703
C[C@@H]1CN([C@H](C)CO)S(=O)(=O)c2ccc(cc2O[C@@H]1CN(C)C(=O)NC1CCCC1)-c1cccnc1,0,0.074848,0.022995,0.003859
C[C@H]1CCCCO[C@@H](CN(C)C(=O)C2CCCCC2)[C@H](C)CN([C@H](C)CO)C(=O)c2cc(ccc2O1)NC(=O)NC1CCCCC1,0,0.015437,0.016701,0.003208
CCN1CC(CCN2CCOCC2)C(c2ccccc2)(c2ccccc2)C1=O.Cl,0,0.958313,0.394043,0.208030
CO[C@H]1CN(C)C(=O)c2ccc(cc2OC[C@@H](C)N(C[C@H]1C)Cc1cccc(c1)F)NS(=O)(=O)c1cn(cn1)C,0,0.020627,0.018686,0.003519
C[C@H]1CN([C@@H](C)CO)C(=O)c2cc(ccc2O[C@@H]1CN(C)CC1CCCCC1)NC(=O)CCCCCC(=O)Nc1ccccc1N,0,0.036967,0.017853,0.003668
C[C@@H]1CCCCO[C@@H](CN(C)S(=O)(=O)c2cn(cn2)C)[C@H](C)CN([C@H](C)CO)C(=O)c2cc(ccc2O1)NS(=O)(=O)C,0,0.006566,0.017806,0.002854
C[C@@H]1CN([C@@H](C)CO)C(=O)Cc2cc(ccc2O[C@@H]1CN(C)Cc1ccc2c(c1)OCO2)NS(=O)(=O)c1c(noc1C)C,0,0.002157,0.017438,0.003213
C[C@H]1CCCCO[C@H](CN(C)C(=O)CCCN(C)C)[C@@H](C)CN([C@H](C)CO)C(=O)c2cc(ccc2O1)NC(=O)Nc1cccc2ccccc12,0,0.016189,0.017037,0.001800
C[C@@H]1CCCCO[C@@H](CN(C)S(=O)(=O)c2ccc(cc2)F)[C@@H](C)CN([C@@H](C)CO)C(=O)c2cc(ccc2O1)NC(=O)Nc1ccccc1,0,0.009718,0.017562,0.001842
COc1ccc(cc1)NC(=O)Nc1ccc2c(c1)CC(=O)N(C[C@H](C)[C@@H](CN(C)C(=O)Nc1cccc3ccccc13)O2)[C@H](C)CO,0,0.008480,0.016185,0.002191
C[C@@H]1CN([C@@H](C)CO)C(=O)Cc2cc(ccc2O[C@H]1CN(C)S(=O)(=O)c1ccc(cc1)F)NS(=O)(=O)c1cccs1,0,0.004417,0.017367,0.003173
C[C@@H]1CCCCO[C@H](CN(C)Cc2ccc(c(c2)Cl)Cl)[C@@H](C)CN([C@H](C)CO)C(=O)c2cc(ccc2O1)NS(=O)(=O)c1ccc(cc1)C,0,0.017408,0.017515,0.002147
CC(=O)N[C@@H]1CC[C@@H](CCNC(=O)C2CC2)O[C@@H]1CO,0,0.066196,0.031465,0.012261
C[C@@H]1CCCCO[C@H](CN(C)C(=O)C2CCCCC2)[C@@H](C)CN([C@H](C)CO)C(=O)c2cc(ccc2O1)NC(=O)C1CCCCC1,0,0.011210,0.017130,0.003898
CCS(=O)(=O)N1C[C@]2(C1)CN([C@H](CO)c1c2c2ccc(cc2n1C)OC)C(=O)Nc1cccc(c1)F,0,0.101175,0.038842,0.013699
COc1ccc2c3c([nH]c2c1)[C@H](CO)N(Cc1ccc(cc1)Cl)C[C@]13CN(CCc2ccccc2)C1,1,0.481013,0.920234,0.955645
C[C@H]1CCCCO[C@H](CN(C)C(=O)Nc2cccc3ccccc23)[C@@H](C)CN([C@H](C)CO)C(=O)c2cc(ccc2O1)NS(=O)(=O)c1ccc(cc1)C,0,0.003302,0.018774,0.001737
C[C@H]1CCCCO[C@@H](CN(C)Cc2ccccc2)[C@H](C)CN([C@@H](C)CO)C(=O)c2cc(ccc2O1)NC(=O)Nc1c(noc1C)C,0,0.023557,0.017261,0.003045
C[C@H]1CN([C@H](C)CO)C(=O)c2cccc(c2O[C@@H]1CN(C)Cc1ccc(c(c1)Cl)Cl)NC(=O)C1CCCCC1,0,0.240558,0.028326,0.008319
CN(C)CCN1C[C@@H]2CN(C[C@H]2C1=O)C(=O)[C@H]1CCOC1,0,0.034706,0.034446,0.010702
COc1ccc2c3c([nH]c2c1)[C@@H](CO)N(C[C@]13CCN(CC1)Cc1ccccc1F)S(=O)(=O)c1cn(cn1)C,0,0.031468,0.026358,0.006848
C[C@H]1CCCCO[C@@H](CN(C)C(=O)C2CCCCC2)[C@@H](C)CN([C@@H](C)CO)C(=O)c2cc(ccc2O1)NC(=O)Nc1ccccc1,0,0.009692,0.016868,0.002567
COc1ccc(cc1)NC(=O)N(C)C[C@@H]1OCCCC[C@H](C)Oc2ccc(cc2C(=O)N(C[C@H]1C)[C@H](C)CO)NC(=O)c1ccccc1,0,0.003191,0.016330,0.001538
COCC(=O)Nc1ccc2c(c1)C(=O)N(C)[C@H]1CC[C@H](CC(=O)N3CCc4ccccc4C3)O[C@@H]1CO2,0,0.004370,0.020504,0.004657
COc1ccc(cc1)NC(=O)Nc1ccc2c(c1)C(=O)N(C[C@@H](C)[C@@H](CN(C)C(=O)Nc1cccc3ccccc13)O2)[C@@H](C)CO,0,0.014103,0.017282,0.002703
Nc1nnc2n1CCS2,0,0.029765,0.040909,0.010281
COc1ccc(cc1)NC(=O)Nc1ccc2c(c1)C(=O)N(C[C@H](C)[C@H](CN(C)C(=O)c1ccccc1)OCCCC[C@H](C)O2)[C@@H](C)CO,0,0.002503,0.017281,0.001529
C[C@@H]1CN([C@@H](C)CO)C(=O)c2cccc(c2O[C@@H]1CN(C)Cc1ccccc1)NS(=O)(=O)c1cn(cn1)C,0,0.022232,0.018248,0.002528
C[C@@H](O)C#Cc1ccc2c(c1)O[C@@H](CN(C)C(=O)CN(C)C)[C@H](C)CN([C@@H](C)CO)S2(=O)=O,0,0.150126,0.110220,0.011110
COc1ccc2c3c([nH]c2c1)[C@@H](CO)N(CC1CCCC1)C[C@]13CCN(CC1)C(=O)Nc1cccc(c1)F,0,0.592685,0.463962,0.291291
OC[C@H]1O[C@H](CC[C@H]1NS(=O)(=O)c1ccc(cc1)F)CC(=O)NCc1ccc(c(c1)Cl)Cl,0,0.438443,0.082608,0.019627
C[C@H]1CCCCO[C@@H](CN(C)Cc2ccc3c(c2)OCO3)[C@@H](C)CN([C@@H](C)CO)C(=O)c2cc(ccc2O1)NS(=O)(=O)c1ccc(cc1)Cl,0,0.004560,0.017965,0.002421
Cc1ccc(cc1)S(=O)(=O)N1C[C@@H](O)COC[C@@H]2O[C@H](CC[C@H]21)CC(=O)NCCN1CCCCC1,0,0.546864,0.029626,0.010914
C[C@H]1CN([C@@H](C)CO)C(=O)c2cccc(c2O[C@@H]1CN(C)Cc1ccc(cc1)C(=O)O)NC(=O)c1ccc(cc1)-c1nccs1,0,0.035008,0.030829,0.004549
CCS(=O)(=O)Nc1ccc2c(c1)C(=O)N(C)C[C@@H](OC)[C@H](C)CN(CCC(F)(F)F)[C@@H](C)CO2,0,0.105522,0.024486,0.005013
CO[C@@H]1CN(C)C(=O)c2cc(ccc2OC[C@@H](C)N(C[C@@H]1C)Cc1cccnc1)NS(=O)(=O)CC(F)(F)F,0,0.074076,0.023357,0.006135
OC[C@H]1O[C@H](CCNC(=O)CN2CCOCC2)CC[C@H]1NS(=O)(=O)c1ccc(cc1)Cl,0,0.014619,0.030989,0.013261
C[C@@H]1CN([C@H](C)CO)C(=O)c2cc(ccc2O[C@@H]1CN(C)S(=O)(=O)c1cn(cn1)C)NC(=O)Nc1ccc2c(c1)OCO2,0,0.004839,0.017324,0.002650
CC(=O)N[C@@H]1[C@@H](O)[C@H](O)[C@@H](CO)O[C@H]1Oc1nc2cc(ccc2o1)C,0,0.319202,0.128514,0.091180
CCOc1oc(c(c1S(=O)(=O)c1ccc(cc1)Cl)-c1ccc(cc1)Cl)C(=O)NC1CCCCC1,0,0.604934,0.509808,0.539172
C[C@@H]1CCCCO[C@@H](CN(C)S(=O)(=O)c2c(noc2C)C)[C@H](C)CN([C@@H](C)CO)C(=O)c2cc(ccc2O1)NS(=O)(=O)c1cn(cn1)C,0,0.007119,0.023984,0.002954
CC(C)N1CCO[C@H]2CN(C[C@@H]21)C(=O)N(C)C,0,0.004266,0.019474,0.007736
C[C@H]1CCCCO[C@@H](CN(C)Cc2ccncc2)[C@@H](C)CN([C@@H](C)CO)C(=O)c2cc(ccc2O1)NS(=O)(=O)c1ccc(cc1)Cl,0,0.008118,0.017407,0.001957
C[C@H]1CCCCO[C@@H](CN(C)S(=O)(=O)c2ccc(cc2)F)[C@H](C)CN([C@@H](C)CO)C(=O)c2cc(ccc2O1)NS(=O)(=O)C,0,0.020859,0.017307,0.002638
C[C@H]1CN([C@H](C)CO)C(=O)c2cccc(c2O[C@H]1CN(C)Cc1ccncc1)NC(=O)Nc1ccc(cc1)C(F)(F)F,0,0.688791,0.087597,0.043073
C[C@@H]1CCCCO[C@H](CN(C)Cc2ccncc2)[C@H](C)CN([C@@H](C)CO)C(=O)c2cc(ccc2O1)NS(=O)(=O)c1ccc(cc1)C,0,0.003992,0.017488,0.001953
O[C@H]1COC[C@@H]2O[C@H](CC[C@H]2N(C1)S(=O)(=O)c1cccc(c1)Cl)CC(=O)N1CCOCC1,0,0.104396,0.072270,0.025439
CCSC1=C(C#N)C(=O)N[C@@H](CO)S1,0,0.001837,0.135620,0.022678
COc1ccc(cc1)S(=O)(=O)N[C@@H]1C=C[C@@H](CC(=O)NCCc2ccncc2)O[C@@H]1CO,0,0.015183,0.020142,0.004267
C[C@H]1CN([C@@H](C)CO)S(=O)(=O)c2ccc(cc2O[C@H]1CN(C)Cc1ccc(cc1)F)C#CC(C)(C)O,0,0.055705,0.022674,0.005101
C[C@H]1CN([C@H](C)CO)C(=O)c2cccc(c2O[C@H]1CN(C)Cc1ccc(c(c1)Cl)Cl)NS(=O)(=O)c1cccs1,0,0.076111,0.018339,0.003914
COc1ccc(cc1)NC(=O)Nc1ccc2c(c1)CC(=O)N(C[C@@H](C)[C@H](CN(C)S(=O)(=O)C)O2)[C@@H](C)CO,0,0.012359,0.023475,0.003452
N#CC(c1ccc(Cl)cc1)c1c(Cl)cc(-n2ncc(=O)[nH]c2=O)cc1Cl,1,0.961388,0.679037,0.450236
C[C@H]1CCCCO[C@H](CN(C)S(=O)(=O)C)[C@@H](C)CN([C@H](C)CO)C(=O)c2cc(ccc2O1)NS(=O)(=O)c1ccc(cc1)C,0,0.003331,0.017408,0.002433
Cn1cnc(c1)S(=O)(=O)N1C[C@H](O)COC[C@@H]2O[C@@H](CC[C@H]21)CC(=O)NC1Cc2ccccc2C1,0,0.251184,0.018314,0.006627
Cc1noc(n1)C1CNC1,0,0.066512,0.026288,0.007456
C[C@@H]1CN([C@H](C)CO)C(=O)Cc2cc(ccc2O[C@@H]1CN(C)C(=O)Nc1ccc(cc1)C(F)(F)F)NC(=O)Cc1cn(c2ccccc12)C,0,0.211854,0.022692,0.006810
CNC(=O)C(=O)NC[C@H]1CCCN1S(=O)(=O)c1cccs1,0,0.095763,0.041985,0.023511
C[C@@H]1CCCCO[C@H](CN(C)S(=O)(=O)c2cn(cn2)C)[C@@H](C)CN([C@@H](C)CO)C(=O)c2cc(ccc2O1)NC(=O)Nc1ccc(cc1)C(F)(F)F,0,0.167341,0.082167,0.044040
CCCNC(=O)N[C@@H]1C=C[C@@H](CC(=O)N2CCN(C)CC2)O[C@H]1CO,0,0.084391,0.023615,0.008040
C[C@@H]1O[C@H]2OC3=C(Oc4cc(c(c(c4C3=O)O)-c3cc(ccc3O)/C=C\C(=O)OC[C@H]3O[C@@H](O[C@H]([C@H]1O)[C@H]2O)[C@H](O)[C@@H](O)[C@@H]3O)O)c1ccc(cc1)O,0,0.964689,0.231336,0.046224
CN1CCc2nc(sc2C1)N,0,0.016145,0.024264,0.007301
O=C1NC(=S)NC(=O)C1CN1CCOCC1,0,0.000000,0.029830,0.019346
C[C@H]1CCCCO[C@@H](CN(C)Cc2ccncc2)[C@H](C)CN([C@H](C)CO)C(=O)c2cc(ccc2O1)NC(=O)Cc1ccccc1,0,0.004517,0.016474,0.002319
COc1ccc(cc1)NC(=O)Nc1cccc2c1O[C@H](CN(C)S(=O)(=O)c1cn(cn1)C)[C@@H](C)CN([C@H](C)CO)C2=O,0,0.038899,0.017291,0.002383
OCc1ccc(o1)/C=N/NC(=O)c1ccccn1,0,0.021799,0.045619,0.024970
C[C@@H]1CCCCO[C@H](CN(C)C(=O)NC2CCCCC2)[C@H](C)CN([C@@H](C)CO)C(=O)c2cc(ccc2O1)NC(=O)c1ccncc1,0,0.004275,0.016642,0.001793
C[C@H]1CN([C@H](C)CO)C(=O)Cc2cc(ccc2O[C@@H]1CN(C)Cc1ccc(cc1)Oc1ccccc1)NS(=O)(=O)c1ccccc1,0,0.000336,0.019213,0.002837
COc1cc2c(cc1OC)C(=NCC2)[C@H](C(=O)N(CCc1ccc(c(c1OC)OC)OC)CCc1ccc(c(c1OC)OC)OC)c1ccccc1,0,0.019649,0.139860,0.035524
COc1ccc(cc1)NC(=O)Nc1ccc2c(c1)[C@@H]1C[C@@H](CC(=O)NCc3ccncc3)O[C@H](CO)[C@@H]1O2,0,0.066652,0.036843,0.004821
CN1[C@@H]2CC[C@@H](CC(=O)NCC3CCCCC3)O[C@H]2COc2ccc(cc2C1=O)NC(=O)c1cnccn1,0,0.035404,0.021378,0.012677
COc1ccc(cc1)NC(=O)N(C)C[C@H]1OCc2ccccc2-c2c(n(c3ccccc23)C)C(=O)N(C[C@@H]1C)[C@H](C)CO,0,0.011815,0.019087,0.001918
C[C@H]1CCCCO[C@@H](CN(C)C(=O)CCC(F)(F)F)[C@H](C)CN([C@@H](C)CO)C(=O)c2cc(ccc2O1)NS(=O)(=O)c1ccc(cc1)Cl,0,0.025904,0.017719,0.003275
NS(=O)(=O)c1ncn(n1)Cc1ccccc1,0,0.000008,0.048504,0.013093
C[C@H]1CN([C@H](C)CO)C(=O)c2cccc(c2O[C@H]1CN(C)C(=O)Nc1ccccc1)NC(=O)c1cc(nn1C)C,0,0.028008,0.018174,0.004760
C/C=N/N(C)C=O,0,0.000889,0.064934,0.023761
C[C@@H]1CN([C@H](C)CO)C(=O)c2cc(ccc2O[C@H]1CN(C)Cc1ccc(cc1)Oc1ccccc1)NS(=O)(=O)c1ccc(cc1)F,0,0.003863,0.020194,0.004348
C[C@@H]1CCCCO[C@H](CN(C)Cc2ccccc2)[C@@H](C)CN([C@H](C)CO)C(=O)c2cc(ccc2O1)NC(=O)C1CCCCC1,0,0.026001,0.018310,0.004635
CO[C@@H]1CN(C)C(=O)c2ccc(cc2OC[C@H](C)N(CC2CC2)C[C@@H]1C)NS(=O)(=O)c1cn(cn1)C,0,0.009673,0.018355,0.002991
C[C@H]1CN([C@@H](C)CO)C(=O)c2cc(ccc2O[C@H]1CN(C)CC1CCCCC1)NC(=O)CCN1CCOCC1,0,0.013061,0.017636,0.003730
C[C@@H]1CN([C@@H](C)CO)C(=O)c2cc(cnc2O[C@H]1CN(C)Cc1cccc(c1)C(=O)O)C#CCN(C)C,0,0.080443,0.038260,0.006483
C[C@H]1CN([C@H](C)CO)C(=O)Cc2cc(ccc2O[C@H]1CN(C)C(=O)Nc1ccc(cc1)C(F)(F)F)NC(=O)Nc1c(noc1C)C,0,0.483857,0.092417,0.045521
C1CO[C@H]2[C@H](CC[C@H]2N1)Cn1ccnc1,0,0.023146,0.021473,0.006421
CNC(=O)Oc1ccc2c(c1)[C@]1(C)CCN(C)[C@@H]1N2C.CNC(=O)Oc1ccc2c(c1)[C@]1(C)CCN(C)[C@@H]1N2C.OS(=O)(=O)O,0,0.998893,0.154134,0.122839
CCO[C@H]1OC(=C[C@@H](C)[C@@H]1CCCOC(=O)NCCCCCC(=O)NO)C(=O)N1CCN(CC1)Cc1ccc2c(c1)OCO2,0,0.000017,0.029327,0.009124
C[C@@H]1O[C@@H](O[C@@H]2[C@@H](O)[C@H](O)[C@@H](CO)O[C@H]2Oc2cc(c3c(c2)OC(=CC3=O)c2ccc(cc2)O)O)[C@H](O)[C@H](O)[C@H]1O,0,0.072856,0.145816,0.051033
CCCCCCCC(=O)OCC(COC(=O)CCCCCCC)OC(=O)CCCCCCC,0,0.000180,0.150462,0.015621
NC(=O)NCc1ccccn1,0,0.038474,0.029541,0.011957
CCCCCC(=O)OC1(C(C)=O)CCC2C3CCC4=CC(=O)CCC4(C)C3CCC21C,0,0.945936,0.149780,0.058760
COc1ccc2c3c([nH]c2c1)[C@@H](CO)N(C[C@]13CCN(CC1)C(=O)CN(C)C)S(=O)(=O)C,0,0.107430,0.025815,0.006788
CC(C)NC(=O)Nc1ccc2c(c1)CC(=O)N(C[C@@H](C)[C@H](CN(C)C(=O)NC1CCCCC1)O2)[C@@H](C)CO,0,0.018576,0.027228,0.005510
CC(C)NC(=O)N(C)C[C@H]1Oc2ncc(cc2C(=O)N(C[C@@H]1C)[C@@H](C)CO)-c1ccc(cc1)C(=O)N(C)C,0,0.007474,0.017796,0.002402
O[C@H]1COC[C@H]2O[C@H](CC[C@@H]2N(C1)S(=O)(=O)c1ccccc1)CC(=O)NCc1ccc(cc1)-c1ccccc1,0,0.192774,0.040099,0.013142
C[C@H]1CCCCO[C@H](CN(C)Cc2ccc(cc2)C(=O)O)[C@@H](C)CN([C@@H](C)CO)C(=O)c2cc(ccc2O1)NS(=O)(=O)c1ccccc1,0,0.005892,0.024921,0.002125
CN(C)c1nc(nc(n1)N(C)C)SCC(=O)N,0,0.139455,0.055599,0.010116
O=c1cc(-c2ccc(O)cc2)oc2cc(O)ccc12,0,0.140417,0.106005,0.106732
CCS(=O)(=O)NCC[C@H]1CC[C@H](NS(=O)(=O)c2ccccc2C)[C@@H](CO)O1,0,0.016661,0.027375,0.007782
NS(=O)(=O)c1ccc(cc1)NC(=O)C1CC1,0,0.000103,0.133294,0.017939
C[C@@H]1CCCCO[C@H](CN(C)CC2CCCCC2)[C@@H](C)CN([C@H](C)CO)C(=O)c2cc(ccc2O1)NS(=O)(=O)c1ccc(cc1)F,0,0.031130,0.017307,0.004562
C[C@H]1CCCCO[C@@H](CN(C)C(=O)Cc2ccccc2)[C@H](C)CN([C@@H](C)CO)C(=O)c2cc(ccc2O1)NC(=O)Nc1cccc2ccccc12,0,0.004035,0.016481,0.002255
CN1C(C)(C)CCCC1(C)C.O=C(O)C(O)C(O)C(=O)O,0,0.585653,0.069464,0.038821
CSC1=NN(C)C2=C(S1)C(=O)N(C)N=C2,0,0.922204,0.087255,0.052119
OCCNCCNc1ccc(c2c1C(=O)c1c(ccc(c1C2=O)O)O)NCCNCCO,0,0.812909,0.151386,0.035327
COCC(=O)N1CC[C@@H]2N(CC[C@]2(CC1)C(=O)N1CCOCC1)S(=O)(=O)C,0,0.004702,0.158374,0.016994
C[C@H]1CCCCO[C@H](CN(C)C(=O)Nc2ccc3c(c2)OCO3)[C@@H](C)CN([C@@H](C)CO)C(=O)c2cc(ccc2O1)NC(=O)Nc1c(noc1C)C,0,0.007440,0.019338,0.002346
CCCNC(=O)N(C)C[C@H]1Oc2cc(ccc2S(=O)(=O)N(C[C@H]1C)[C@@H](C)CO)-c1ccc(cc1)C,0,0.102685,0.023278,0.005892
CC(C)NC(=O)N(C)C[C@H]1OCCCC[C@H](C)Oc2ccc(cc2C(=O)N(C[C@H]1C)[C@H](C)CO)NC(=O)C1CCCCC1,0,0.010146,0.017548,0.002890
CO[C@@H]1CN(C)C(=O)c2ccc(cc2OC[C@H](C)N(C[C@@H]1C)C(=O)Cc1ccccn1)NC(=O)C1CC1,0,0.003123,0.021681,0.002858
O[C@H]1COC[C@@H]2O[C@H](CC[C@H]2N(C1)S(=O)(=O)c1ccccc1F)CC(=O)NCc1ccccc1Cl,0,0.722108,0.056174,0.027813
OC[C@@H](Cc1ccccc1)NC(=O)C[C@@H]1CC=CCC[C@H](Cc2ccc(cc2)F)C(=O)OC[C@@H](Cc2c[nH]c3ccccc23)NC1=O,0,0.018630,0.063385,0.008961
CO[C@@H]1CN(C)C(=O)c2cc(ccc2OC[C@@H](C)N(CCc2ccccc2)C[C@H]1C)NC(=O)NC1CCCCC1,0,0.037657,0.043804,0.015838
CC1=C(C(=O)NC(=O)N1)S(=O)(=O)NCc1ccccn1,0,0.136956,0.159609,0.020026
OC[C@@H]1O[C@@H](C[C@@H]2[C@H]1Oc1ccc(cc12)NC(=O)C1CCOCC1)CC(=O)N1CCc2ccccc2C1,0,0.017356,0.029434,0.007700
OC[C@@H]1O[C@H](CCNC(=O)C2CCCCC2)CC[C@H]1NC(=O)CN1CCOCC1,0,0.027637,0.038490,0.015181
C[C@@H]1CN([C@@H](C)CO)C(=O)c2cc(ccc2O[C@@H]1CN(C)S(=O)(=O)C)NC(=O)Nc1ccccc1,0,0.031505,0.018358,0.003071
C=CCCCCCCCCC(=O)O,0,0.024717,0.040711,0.028242
CC(C)NC(=O)Nc1ccc2c(c1)CC(=O)N(C[C@H](C)[C@@H](CN(C)S(=O)(=O)c1ccc(cc1)C)O2)[C@@H](C)CO,0,0.011030,0.021135,0.003316
C[C@H]1CN([C@H](C)CO)C(=O)c2cccc(c2O[C@H]1CN(C)S(=O)(=O)c1cn(cn1)C)NC(=O)NC1CCCCC1,0,0.041540,0.018360,0.003933
C[C@H]1CCCCO[C@@H](CN(C)C(=O)Nc2ccc3c(c2)OCO3)[C@H](C)CN([C@H](C)CO)C(=O)c2cc(ccc2O1)NS(=O)(=O)c1ccccc1,0,0.000801,0.017838,0.001745
C[C@H]1CN([C@@H](C)CO)C(=O)c2cccc(c2O[C@@H]1CN(C)Cc1ccc2c(c1)OCO2)NC(=O)Nc1ccc(cc1)C(F)(F)F,0,0.414442,0.138926,0.134259
C[C@@H]1CCCCO[C@H](CN(C)Cc2ccccc2)[C@@H](C)CN([C@@H](C)CO)C(=O)c2cc(ccc2O1)NC(=O)Nc1c(noc1C)C,0,0.023557,0.017261,0.003045
COc1ccc(cc1)S(=O)(=O)Nc1ccc2c(c1)CC(=O)N(C[C@@H](C)[C@H](CN(C)Cc1ccc(c(c1)Cl)Cl)O2)[C@@H](C)CO,0,0.012887,0.018353,0.002914
C[C@H]1CCCCO[C@H](CN(C)Cc2ccc(c(c2)Cl)Cl)[C@H](C)CN([C@H](C)CO)C(=O)c2cc(ccc2O1)NC(=O)Nc1ccccc1,0,0.100793,0.016578,0.002759
C[C@H]1CCCCO[C@H](CN(C)C(=O)CCC(F)(F)F)[C@@H](C)CN([C@H](C)CO)C(=O)c2cc(ccc2O1)NC(=O)Cc1ccccc1,0,0.019604,0.018550,0.010094
C[C@H]1CN([C@H](C)CO)C(=O)Cc2cc(ccc2O[C@H]1CN(C)Cc1ccc(cc1)Oc1ccccc1)NC(=O)Nc1c(noc1C)C,0,0.011866,0.018185,0.004025
CCOC(=O)C1=C(C)N[C@@]2(O)C[C@@H]1[C@H]1CO[C@@H]2O1,0,0.009675,0.128103,0.016619
C[C@@H]1CCCCO[C@@H](CN(C)Cc2ccc(cc2)C(F)(F)F)[C@@H](C)CN([C@@H](C)CO)C(=O)c2cc(ccc2O1)NS(=O)(=O)C,0,0.200866,0.017780,0.004354
CC(C)c1ccc2c(c1O)CCC1C3=C(CCC21C)C(=O)OC3,0,0.798415,0.589205,0.401057
C[C@@H]1CCCCO[C@H](CN(C)C(=O)NC2CCCCC2)[C@H](C)CN([C@H](C)CO)C(=O)c2cc(ccc2O1)NS(=O)(=O)c1ccc(cc1)C,0,0.006549,0.017766,0.002446
C[C@@H]1CN([C@@H](C)CO)C(=O)Cc2cc(ccc2O[C@H]1CN(C)S(=O)(=O)c1cn(cn1)C)NC(=O)Cn1cnnn1,0,0.001167,0.019122,0.002565
C[C@@H]1CN([C@@H](C)CO)C(=O)CCCn2cc(nn2)CO[C@H]1CN(C)C(=O)Nc1ccc(cc1)C(F)(F)F,0,0.786918,0.928331,0.890031
Cn1cnc(n1)CO,0,0.003805,0.030233,0.006705
C[C@H]1CN([C@H](C)CO)C(=O)c2cccc(c2O[C@H]1CN(C)C(=O)Nc1ccccc1)NC(=O)c1ccc(cc1)-c1nccs1,0,0.021379,0.017788,0.003049
C[C@H]1CN([C@H](C)CO)C(=O)c2cccc(c2O[C@H]1CN(C)Cc1ccc(cc1)Oc1ccccc1)NC(=O)CCCCCC(=O)Nc1ccccc1N,0,0.004570,0.020266,0.004089
CN1CCN(CC1)C(=O)C[C@@H]1O[C@H](CO)[C@@H](NC(=O)Cc2ccccn2)C=C1,0,0.029388,0.018884,0.009697
COc1ccc2c3c([nH]c2c1)C(C)=NCC3,0,0.055951,0.045753,0.033535
Oc1ccc(cc1)[C@@H]1[C@@H](C[C@H]2N1C(=O)CNC2=O)C(=O)OCCOc1ccc(cc1)[C@H]1N2[C@@H]([C@@H](C(=O)OCC=C)[C@]11C(=O)Nc3ccccc31)C(=O)O[C@@H]([C@@H]2c1ccccc1)c1ccccc1,0,0.055794,0.064749,0.011154
C[C@@H](NC(=O)C[C@H]1CC[C@@H](NC(=O)CN2CCOCC2)[C@H](CO)O1)c1ccccc1,0,0.011780,0.023002,0.011491
C[C@H]1CN([C@@H](C)CO)C(=O)Cc2cc(ccc2O[C@@H]1CN(C)S(=O)(=O)C)NC(=O)Cn1cnnn1,0,0.001924,0.018598,0.004255
C[C@@H]1CCCCO[C@H](CN(C)C(=O)c2ccccc2)[C@H](C)CN([C@@H](C)CO)C(=O)c2cc(ccc2O1)NS(=O)(=O)c1cccs1,0,0.000542,0.017475,0.001920
C[C@@H]1CN([C@H](C)CO)C(=O)Cc2cc(ccc2O[C@@H]1CN(C)S(=O)(=O)c1ccc(cc1)C)NC(=O)Cn1cnnn1,0,0.001357,0.018506,0.002962
C[C@@H]1CCCCO[C@@H](CN(C)S(=O)(=O)c2ccc(cc2)C)[C@H](C)CN([C@H](C)CO)C(=O)c2cc(ccc2O1)NC(=O)C1CCCCC1,0,0.004767,0.017559,0.002559
C[C@H]1CN([C@H](C)CO)C(=O)c2cccc(c2O[C@@H]1CN(C)Cc1ccccc1)NS(=O)(=O)c1cn(cn1)C,0,0.022232,0.018248,0.002528
CN1CCN(CC1)C(=O)C[C@@H]1CC[C@H]2[C@H](COc3ccc(cc3C(=O)N2C)NC(=O)c2cccs2)O1,0,0.029236,0.023506,0.008768
COc1ccc(cc1)NC(=O)Nc1ccc2c(c1)C(=O)N(C[C@H](C)[C@@H](CN(C)C(=O)Nc1cccc3ccccc13)O2)[C@H](C)CO,0,0.014103,0.017282,0.002703
C[C@H]1CN([C@H](C)CO)C(=O)Cc2cc(ccc2O[C@H]1CN(C)Cc1ccncc1)NS(=O)(=O)c1ccccc1,0,0.000980,0.017535,0.001998
C[C@@H]1CN([C@@H](C)CO)C(=O)c2cc(ccc2O[C@@H]1CN(C)Cc1ccc(c(c1)Cl)Cl)NS(=O)(=O)c1cccs1,0,0.034198,0.018338,0.003495
CC(C)NC(=O)Nc1cccc2c1O[C@@H](CN(C)Cc1ccc3c(c1)OCO3)[C@H](C)CN([C@@H](C)CO)C2=O,0,0.026335,0.016501,0.004775
CCOC(=O)c1cccc(n1)C(=O)O,0,0.025195,0.074280,0.033909
CC(C)[C@@H](CS(=O)(=O)C(C)C)N1[C@@H]([C@H](C[C@](C)(CC(=O)O)C1=O)c1cccc(c1)Cl)c1ccc(cc1)Cl,0,0.973533,0.412226,0.481933
C[C@H]1CCCCO[C@H](CN(C)S(=O)(=O)c2ccc(cc2)C)[C@@H](C)CN([C@@H](C)CO)C(=O)c2cc(ccc2O1)NC(=O)Nc1ccccc1,0,0.005865,0.017559,0.001911
C[C@@H]1CCCCO[C@H](CN(C)Cc2ccc(cc2)C(=O)O)[C@@H](C)CN([C@H](C)CO)C(=O)c2cc(ccc2O1)NC(=O)Nc1cccc2ccccc12,0,0.018908,0.021942,0.002055
C[C@@H]1CCCCO[C@H](CN(C)C(=O)c2ccccc2)[C@@H](C)CN([C@H](C)CO)C(=O)c2cc(ccc2O1)NC(=O)Nc1c(noc1C)C,0,0.005000,0.017277,0.001847
ONC(=O)CCCCCNC(=O)OCCCCO[C@H]1C[C@H](C=C(O1)C(=O)N1CCOCC1)c1ccc(cc1)C#C,0,0.000002,0.070644,0.023217
CN1[C@@H]2CC[C@@H](CC(=O)Nc3cn(nc3C)C)O[C@H]2COc2ccc(cc2C1=O)NC(=O)C1CCOCC1,0,0.016310,0.020085,0.004317
OC[C@H](O)[C@H](O)[C@@H](O)[C@@H](O)/C=N/NC(=O)c1ccc(cc1)C(=O)NO,0,0.024178,0.025362,0.009809
Cn1cc(cn1)N1C[C@]2(CNCCOC2)OCC1=O,0,0.014942,0.020251,0.007706
C[C@@H]1CN([C@H](C)CO)S(=O)(=O)c2ccc(cc2O[C@@H]1CN(C)Cc1ccc(cc1)C(=O)O)Br,0,0.296663,0.033813,0.007087
C[C@H]1CN([C@H](C)CO)S(=O)(=O)c2ccc(cc2O[C@@H]1CN(C)C(=O)Nc1ccc2c(c1)OCO2)C#Cc1ccncc1,0,0.013582,0.018847,0.002418
C#CC1(O)CCC2C3CCC4=CC(=O)CCC4C3CCC21C,0,0.016257,0.136801,0.063484
O[C@@H]1COC[C@@H]2O[C@@H](CC[C@H]2N(C1)S(=O)(=O)c1ccc(cc1)Oc1ccccc1)CC(=O)NCCN1CCCCC1,0,0.239547,0.026127,0.007922
C[C@H]1CN([C@@H](C)CO)C(=O)c2cccc(c2O[C@H]1CN(C)S(=O)(=O)c1ccc(cc1)C)NC(=O)c1ccncc1,0,0.010823,0.017757,0.002243
C#CCCCCCCCCCCCC(O)CC(O)COC(C)=O.C=CCCCCCCCCCCCC(O)CC(O)COC(C)=O,0,0.000052,0.148622,0.023370
O[C@@H]1COC[C@@H]2O[C@H](CC[C@H]2N(C1)S(=O)(=O)c1ccc(cc1)Cl)CC(=O)N[C@@H]1CCN(C1)Cc1ccccc1,0,0.463596,0.061808,0.011812
C[C@H]1CCCCO[C@H](CN(C)S(=O)(=O)c2cn(cn2)C)[C@H](C)CN([C@@H](C)CO)C(=O)c2cc(ccc2O1)NS(=O)(=O)c1cn(cn1)C,0,0.004216,0.018669,0.003177
CN1CCN(CC1)C(=O)C[C@H]1CC[C@@H]2[C@@H](COc3ccc(cc3C(=O)N2C)NC(=O)C2CCCCC2)O1,0,0.043365,0.023013,0.009368
C[C@@H]1CCCCO[C@H](CN(C)CC2CC2)[C@H](C)CN([C@@H](C)CO)C(=O)c2cc(ccc2O1)NC(=O)Cc1ccccc1,0,0.023210,0.020293,0.005222
C[C@H]1CC/C=C\[C@H]2O[C@]34C=CCN(Cn5nnc6ccccc56)C(=O)[C@H]4N(CCCCCO)C(=O)[C@@H]3[C@@H]2C(=O)O1,0,0.127303,0.138376,0.061938
C[C@H]1CN([C@H](C)CO)S(=O)(=O)c2ccc(cc2O[C@@H]1CN(C)C(=O)c1ccncc1)C#Cc1ccncc1,0,0.014552,0.018693,0.002221
O=C(NC(CO)C(O)c1ccc([N+](=O)[O-])cc1)C(Cl)Cl,1,0.860119,0.409501,0.321640
CN1CCCN(CC1)c1ccc2c(n1)N1C(=C(C(=O)NCc3cnc(cn3)C)C2=O)Sc2ccccc21,0,0.173133,0.148941,0.135031
COc1ccc(cc1)[Si](C)(C)[C@@H]1[C@@H](C)[C@@]2(O[C@H]1CC(=O)N1CCC[C@H]1CO)C(=O)N(Cc1cccc(c1)N1CCCCC1=O)c1ccccc12,0,0.012121,0.065402,0.022871
CNC[C@H]1Oc2cc(ccc2S(=O)(=O)N(C[C@H]1C)[C@H](C)CO)C#CCN(C)C,0,0.084282,0.019367,0.005623
O[C@@H]1COC[C@H]2O[C@@H](CC[C@@H]2N(C1)Cc1cc(ccc1F)F)CC(=O)N[C@H]1CCN(C1)Cc1ccccc1,0,0.891554,0.094605,0.039992
C[C@H]1CN([C@@H](C)CO)C(=O)c2cccc(c2O[C@H]1CN(C)S(=O)(=O)c1ccc(cc1)Cl)NC(=O)C1CC1,0,0.061301,0.018749,0.004395
O[C@H]1COC[C@@H]2O[C@H](CC[C@H]2N(C1)C(=O)Nc1cccc(c1)Cl)CC(=O)NCCCN1CCOCC1,0,0.673813,0.637711,0.925448
COc1ccc(cc1)NC(=O)Nc1ccc2c(c1)C(=O)N(C[C@@H](C)[C@H](CN(C)C(=O)Nc1ccccc1)OCCCC[C@H](C)O2)[C@@H](C)CO,0,0.009785,0.016293,0.001801
C[C@@H]1CCCCO[C@H](CN(C)C(=O)Nc2ccc(cc2)F)[C@@H](C)CN([C@@H](C)CO)C(=O)c2cc(ccc2O1)NC(=O)Nc1ccccc1,0,0.041716,0.015778,0.001913
Oc1ccc(OCc2ccccc2)cc1,0,0.131085,0.135841,0.165582
C[C@@H]1CN([C@@H](C)CO)C(=O)c2cccc(c2O[C@@H]1CN(C)S(=O)(=O)c1ccc(cc1)C)NC(=O)c1cc(nn1C)C,0,0.012989,0.017956,0.003121
O/N=C(\C#N)C(=O)c1ccco1,0,0.000525,0.178505,0.088973
COc1ccc(cc1)S(=O)(=O)N(C)C[C@@H]1Oc2ccc(cc2C(=O)N(C[C@@H]1C)[C@@H](C)CO)NS(=O)(=O)c1ccc(cc1)F,0,0.009473,0.018240,0.003511
CN1[C@@H]2CC[C@@H](CC(=O)NCc3ccccc3Cl)O[C@@H]2COc2ccc(cc2C1=O)NC(=O)Nc1cccc(c1)C,0,0.085444,0.039693,0.035817
COc1ccc(cc1)NC(=O)N(C)C[C@@H]1OCCCC[C@@H](C)Oc2ccc(cc2C(=O)N(C[C@H]1C)[C@H](C)CO)NS(=O)(=O)c1ccccc1,0,0.001695,0.017503,0.001776
C[C@@H]1CN([C@@H](C)CO)C(=O)Cc2cc(ccc2O[C@H]1CN(C)S(=O)(=O)c1ccccc1)NC(=O)CCN1CCOCC1,0,0.000342,0.017038,0.002164
CCCNC(=O)N1C[C@@H](O)COC[C@@H]2O[C@H](CC[C@H]21)CC(=O)N1CCOCC1,0,0.066232,0.054030,0.021256
CO[C@H]1CC[C@@H]2[C@H]1OCCN2C(=O)N(C)C,0,0.005362,0.019287,0.006273
CCCN1C[C@@H](C)[C@@H](CN(C)C(=O)c2cc(ccc2OC[C@@H]1C)NS(=O)(=O)c1cn(cn1)C)OC,0,0.039221,0.018584,0.002882
C[C@@H]1CCCCO[C@@H](CN(C)C(=O)c2ccccc2)[C@@H](C)CN([C@@H](C)CO)C(=O)c2cc(ccc2O1)NS(=O)(=O)c1ccc(cc1)F,0,0.002447,0.017468,0.001979
C[C@@H]1CN([C@@H](C)CO)C(=O)c2cccc(c2O[C@H]1CN(C)C(=O)Nc1ccc(cc1)C(F)(F)F)NC(=O)Nc1ccc(cc1)C(F)(F)F,0,0.971875,0.179735,0.108243
OC[C@H]1O[C@@H](CCNC(=O)C2CC2)CC[C@@H]1NS(=O)(=O)c1cccc(c1)F,0,0.137691,0.021207,0.010013
COc1cc(ccc1O)[C@H]1OC[C@](O)(Cc2ccc(c(c2)OC)O[C@@H]2O[C@H](CO)[C@@H](O)[C@H](O)[C@H]2O)[C@@H]1CO,0,0.440197,0.140003,0.068004
C[C@H]1CN([C@H](C)CO)C(=O)Cc2cc(ccc2O[C@@H]1CN(C)S(=O)(=O)c1cn(cn1)C)NC(=O)Cc1cn(c2ccccc12)C,0,0.001996,0.017743,0.002110
CO[C@H]1CN([C@H]2COC[C@@H]12)S(=O)(=O)c1cn(cn1)C,0,0.004619,0.046169,0.006014
C[C@@H]1CN([C@@H](C)CO)C(=O)c2cc(ccc2O[C@@H]1CN(C)S(=O)(=O)c1ccccc1)NC(=O)CCCN(C)C,0,0.004107,0.017998,0.002811
CO[C@@H]1CN(C)C(=O)c2cc(ccc2OC[C@H](C)N(C[C@@H]1C)C(=O)CN(C)C)NC(=O)c1ccc(cc1)F,0,0.076760,0.021467,0.007114
C[C@@H]1CCCCO[C@@H](CN(C)C(=O)CCCN(C)C)[C@H](C)CN([C@H](C)CO)C(=O)c2cc(ccc2O1)NC(=O)Nc1ccc(cc1)F,0,0.045098,0.017517,0.002330
CC(C)NC(=O)Nc1ccc2c(c1)CC(=O)N(C[C@H](C)[C@H](CN(C)S(=O)(=O)c1c(noc1C)C)O2)[C@@H](C)CO,0,0.016204,0.019425,0.004035
CC1(C)OC2CC3C4CC(F)C5=CC(=O)C=CC5(C)C4C(O)CC3(C)C2(C(=O)CO)O1,0,0.399733,0.204280,0.050893
CC(C)CC#Cc1ccc2c(c1)O[C@H](CN(C)S(=O)(=O)c1cccc(c1)F)[C@H](C)CN([C@@H](C)CO)S2(=O)=O,0,0.039109,0.020006,0.004095
CC(=O)N[C@@H](CC(=O)O)C(=O)N[C@@H](CCC(=O)O)C(=O)O,0,0.001538,0.046670,0.021227
COc1c(-c2ccccc2)oc2c(ccc3ccoc32)c1=O,0,0.015362,0.344700,0.169407
COCC#Cc1cnc2c(c1)C(=O)N(C[C@H](C)[C@H](CN(C)C(=O)CCN1CCCCC1)O2)[C@H](C)CO,0,0.045639,0.017366,0.003270
COC(=O)[C@]1(C)CCC[C@]2(C)[C@H]1CC[C@]13C[C@@H](CC[C@H]23)C(=C)C1,0,0.768914,0.444444,0.276601
CN(C)CCCNC(=O)C[C@@H]1CC[C@@H]2[C@@H](COc3ccc(cc3C(=O)N2C)NC(=O)NC2CCCC2)O1,0,0.069948,0.022436,0.009436
CN(C)CCCNC(=O)C[C@@H]1CC[C@H]2[C@@H](COC[C@H](O)CN2S(=O)(=O)c2ccc(cc2)F)O1,0,0.522897,0.022565,0.012017
CO[C@H]1CN(C)C(=O)c2ccc(cc2OC[C@@H](C)N(C[C@H]1C)Cc1cccnc1)NC(=O)C1CCOCC1,0,0.009180,0.035263,0.003470
C[C@H]1CCCCO[C@H](CN(C)C(=O)Nc2ccc(cc2)C(F)(F)F)[C@@H](C)CN([C@@H](C)CO)C(=O)c2cc(ccc2O1)NC(=O)Nc1c(noc1C)C,0,0.416918,0.031669,0.016967
CC(C)NC(=O)[C@]1(CC(=O)N(Cc2ccccc2Cl)[C@@H]1c1ccc(cc1)CO)Sc1ccc(cc1)C,0,0.859108,0.278580,0.189362
OC[C@@H]1O[C@H](C[C@H]2[C@@H]1Oc1ccc(cc12)NC(=O)Nc1ccccc1F)CC(=O)NCc1ccc(cc1)Oc1ccccc1,0,0.137801,0.044752,0.015998
CCN(CC)CCCC(C)Nc1ccnc2cc(Cl)ccc12.O=P(O)(O)O.O=P(O)(O)O,0,0.000027,0.404528,0.194801
CN1C(=O)NC(=O)c2c1nc(n2CC(=O)c1ccccc1)N1CCN(CCO)CC1,0,0.983633,0.170829,0.047464
C[C@@H]1CCCCO[C@@H](CN(C)S(=O)(=O)c2cccs2)[C@@H](C)CN([C@H](C)CO)C(=O)c2cc(ccc2O1)NC(=O)NC1CCCCC1,0,0.004257,0.017475,0.002750
C[C@H]1CN([C@@H](C)CO)S(=O)(=O)c2ccc(cc2O[C@H]1CN(C)Cc1ccc(cc1)Oc1ccccc1)-c1ccncc1,0,0.011017,0.022724,0.004091
OCCOc1cccc(c1)[C@H]1[C@H](C[C@@H]2N1C(=O)CNC2=O)C(=O)NCCCCCNC(=O)CS,0,0.000003,0.081800,0.051819
C[C@@H]1CN([C@@H](C)CO)C(=O)c2cccc(c2O[C@H]1CN(C)CC1CC1)NS(=O)(=O)c1cn(cn1)C,0,0.039322,0.018516,0.002633
CCCC#Cc1cnc2c(c1)C(=O)N(C[C@H](C)[C@@H](CN(C)S(=O)(=O)c1cn(cn1)C)O2)[C@@H](C)CO,0,0.027395,0.018787,0.003544
C[C@H]1CN([C@H](C)CO)C(=O)c2cccc(c2O[C@H]1CN(C)Cc1ccc(cc1)C(F)(F)F)NS(=O)(=O)C,0,0.510064,0.041439,0.014316
C[C@@H]1CN([C@H](C)CO)C(=O)CCCn2nncc2CO[C@@H]1CN(C)C(=O)Nc1ccnc(c1)N1CCOCC1,0,0.013442,0.022821,0.004615
COc1ccc(cc1)S(=O)(=O)N(C)C[C@H]1OCCCC[C@@H](C)Oc2ccc(cc2C(=O)N(C[C@H]1C)[C@@H](C)CO)NC(=O)CCC(F)(F)F,0,0.021353,0.018411,0.003406
CCS(=O)(=O)N1C[C@]2(C1)CN([C@H](CO)c1[nH]c3cc(ccc3c12)OC)S(=O)(=O)c1ccc(cc1)C,0,0.012057,0.035917,0.009898
C[C@H]1CCCCO[C@@H](CN(C)Cc2ccc3c(c2)OCO3)[C@H](C)CN([C@H](C)CO)C(=O)c2cc(ccc2O1)NS(=O)(=O)c1ccccc1,0,0.001271,0.017793,0.002100
O[C@@H]1C[C@](O)(C[C@@H](O)[C@@H]1O)C(=O)O,0,0.000204,0.048430,0.012864
CN1N(C(=O)C=C1[C@@H]1C[C@H](OCCCCO)OC(=C1)C(=O)N[C@@H]1[C@H](O)Cc2ccccc21)c1ccccc1,0,0.010049,0.055930,0.008752
COc1cc2c(cc1OC)C1Cc3ccc(OC)c(OC)c3CN1CC2,0,0.426462,0.324012,0.176690
CCCC#Cc1cnc2c(c1)C(=O)N(C[C@@H](C)[C@@H](CN(C)S(=O)(=O)c1cn(cn1)C)O2)[C@@H](C)CO,0,0.027395,0.018787,0.003544
CNC(=O)C[C@H]1CC[C@@H]2[C@H](COC[C@H](O)CN2C(=O)c2ccccn2)O1,0,0.139304,0.020738,0.009235
CN(C)Cc1cn(nn1)CC[C@H]1CC[C@@H](N)[C@H](CO)O1,0,0.560078,0.038307,0.008540
C[C@H]1CN([C@H](C)CO)C(=O)Cc2cc(ccc2O[C@H]1CN(C)Cc1ccc(cc1)Oc1ccccc1)NC(=O)NC1CCCCC1,0,0.017403,0.026934,0.003779
CO[C@@H]1[C@@H](C)O[C@@H](C[C@@H]1O)O[C@@H]1[C@@H](C)O[C@@H](C[C@@H]1O)O[C@@H]1[C@@H](C)O[C@@H](C[C@@H]1O)O[C@H]1CC[C@@]2(C)[C@@H](CC[C@H]3[C@@H]2C[C@@H](O)[C@@]2(C)[C@@H](CC[C@@]32O)C2=CC(=O)OC2)C1,0,0.878168,0.393956,0.127155
CC(C)(O)C#Cc1ccc(cc1)[C@@H]1[C@@H](CO)N2CCCCN(C[C@@H]12)S(=O)(=O)C,0,0.103681,0.049067,0.008912
CCCCc1nc(Cl)c(CO)n1Cc1ccc(-c2ccccc2-c2nnn[nH]2)cc1,0,0.949202,0.707649,0.362110
CN1CCN(CC1)C(=O)C[C@@H]1CC[C@@H]2[C@H](COC[C@@H](O)CN2C(=O)Nc2ccc3c(c2)OCO3)O1,0,0.344807,0.054146,0.025458
COc1ccc(cc1O)[C@@H]1CC(=O)c2c(cc(cc2O1)O[C@@H]1O[C@H](CO[C@@H]2O[C@@H](C)[C@H](O)[C@@H](O)[C@H]2O)[C@@H](O[C@H]2O[C@H](CO)[C@@H](O)[C@H](O)[C@H]2O)[C@H](O)[C@H]1O)O,0,0.581758,0.584848,0.262389
C[C@@H]1CCCCO[C@@H](CN(C)C(=O)Nc2cccc3ccccc23)[C@@H](C)CN([C@H](C)CO)C(=O)c2cc(ccc2O1)NC(=O)c1ccncc1,0,0.005618,0.015879,0.002045
C[C@H]1CN([C@H](C)CO)C(=O)c2c(c3ccccc3n2C)-c2ccccc2CO[C@@H]1CN(C)Cc1cccc(c1)C(=O)O,0,0.071081,0.039321,0.006533
C[C@H]1CN([C@@H](C)CO)C(=O)Cc2cc(ccc2O[C@H]1CN(C)Cc1ccccc1)NS(=O)(=O)c1cn(cn1)C,0,0.005667,0.018046,0.002462
C[C@H]1CCCCO[C@@H](CN(C)C(=O)Nc2cccc3ccccc23)[C@H](C)CN([C@@H](C)CO)C(=O)c2cc(ccc2O1)NS(=O)(=O)c1ccc(cc1)F,0,0.009070,0.018412,0.002295
C[C@H]1CN([C@@H](C)CO)C(=O)c2cc(ccc2O[C@@H]1CN(C)S(=O)(=O)c1cn(cn1)C)NC(=O)Nc1ccc2c(c1)OCO2,0,0.004839,0.017324,0.002650
CO[C@H]1CN(C)C(=O)c2cc(ccc2OC[C@@H](C)N(C[C@@H]1C)Cc1ccccc1C(=O)O)NC(=O)Nc1ccccc1F,0,0.231256,0.102881,0.034991
CCN([NH2+][O-])c1ccc(c(c1)O)O,0,0.727284,0.216573,0.185660
Nc1ccc(cc1)S(=O)(=O)CCC#N,0,0.000527,0.063823,0.032745
COc1ccc(cc1)S(=O)(=O)N(C)C[C@H]1Oc2cc(ccc2S(=O)(=O)N(C[C@@H]1C)[C@@H](C)CO)C#CC1CC1,0,0.026434,0.021080,0.003234
CC(=O)O[C@H](CC(=O)O)C[N+](C)(C)C,0,0.001871,0.036068,0.012942
C[C@@H]1CN([C@H](C)CO)C(=O)c2cc(ccc2O[C@@H]1CN(C)C(=O)Nc1ccc2c(c1)OCO2)NS(=O)(=O)C,0,0.024049,0.031346,0.003888
OC[C@@H]1O[C@H](CC[C@H]1NC(=O)CN1CCOCC1)CC(=O)NC1CCC1,0,0.004598,0.029555,0.009379
C[C@H]1CCCCO[C@@H](CN(C)S(=O)(=O)c2c(noc2C)C)[C@H](C)CN([C@@H](C)CO)C(=O)c2cc(ccc2O1)NC(=O)Nc1ccccc1,0,0.010983,0.017396,0.002347
C[C@@H]1CCCCO[C@H](CN(C)C(=O)NC2CCCCC2)[C@@H](C)CN([C@@H](C)CO)C(=O)c2cc(ccc2O1)NC(=O)NC1CCCCC1,0,0.014428,0.016859,0.003692
FC(F)(F)c1ccc(cc1)/C=C(\C#N)c1c[nH]c2ccccc12,0,0.078129,0.416292,0.220481
COc1cc(C=O)cc(OC)c1OC,0,0.985653,0.058181,0.038595
C[C@@H]1CCCCO[C@@H](CN(C)Cc2ccc(cc2)C(=O)Nc2ccccc2N)[C@@H](C)CN([C@H](C)CO)C(=O)c2cc(ccc2O1)NC(=O)Nc1ccccc1,0,0.007307,0.017247,0.001820
CNC[C@@H]1OCCCC[C@@H](C)Oc2ccc(cc2C(=O)N(C[C@H]1C)[C@H](C)CO)NC(=O)Nc1cccc2ccccc12,0,0.041311,0.020426,0.004990
Cl.NNCc1ccccc1,0,0.397339,0.302433,0.193254
C[C@H]1CN([C@@H](C)CO)S(=O)(=O)c2ccc(cc2O[C@H]1CN(C)S(=O)(=O)C)-c1cccc(c1)F,0,0.054141,0.019899,0.005833
C[C@@H]1CN([C@H](C)CO)S(=O)(=O)c2ccc(cc2O[C@H]1CN(C)C(=O)c1ccccc1F)C#CCN(C)C,0,0.084286,0.029084,0.007686
C[C@@H]1CCCCO[C@@H](CN(C)C(=O)Cc2ccccc2)[C@H](C)CN([C@H](C)CO)C(=O)c2cc(ccc2O1)NC(=O)NC1CCCCC1,0,0.002872,0.017257,0.002507
O[C@@H]1COC[C@H]2O[C@H](CC[C@@H]2N(C1)S(=O)(=O)c1cccc(c1)Cl)CC(=O)N1CCOCC1,0,0.104396,0.072270,0.025439
OC[C@H]1O[C@H](CC[C@H]1NC(=O)CN1CCOCC1)CCn1cc(nn1)C1CC1,0,0.471849,0.039240,0.013540
C[C@@H]1CN([C@@H](C)CO)C(=O)Cc2cc(ccc2O[C@@H]1CN(C)Cc1ccc(cc1)C(=O)O)NC(=O)Nc1cccc2ccccc12,0,0.024494,0.023891,0.003648
CCN(CC)C[C@@H](O)CN,0,0.002659,0.027970,0.005973
C[C@H]1CN([C@H](C)CO)S(=O)(=O)c2ccc(cc2O[C@@H]1CN(C)C(=O)Nc1ccc2c(c1)OCO2)C#Cc1cccnc1,0,0.011626,0.018847,0.002467
CN[C@H](CC(=O)O)C(=O)O,0,0.012512,0.027373,0.012420
COc1ccc(cc1)NC(=O)Nc1ccc2c(c1)C(=O)N(C[C@@H](C)[C@H](CN(C)S(=O)(=O)c1cccs1)OCCCC[C@@H](C)O2)[C@@H](C)CO,0,0.002048,0.017452,0.001816
C[C@@H]1CCCCO[C@H](CN(C)C(=O)NC2CCCCC2)[C@H](C)CN([C@@H](C)CO)C(=O)c2cc(ccc2O1)NC(=O)Nc1ccc(cc1)C(F)(F)F,0,0.433698,0.091403,0.025993
COc1ccc(CN(CCN(C)C)c2ncccn2)cc1.Cl,0,0.801415,0.207183,0.108805
C[C@H]1CN([C@H](C)CO)C(=O)c2cc(ccc2O[C@@H]1CN(C)CC1CCCCC1)NC(=O)Cc1cn(c2ccccc12)C,0,0.050160,0.018973,0.004498
C[C@H]1CCCCO[C@@H](CN(C)C(=O)Nc2cccc3ccccc23)[C@@H](C)CN([C@@H](C)CO)C(=O)c2cc(ccc2O1)NS(=O)(=O)c1ccc(cc1)C,0,0.003302,0.018774,0.001737
C[C@H]1CN([C@@H](C)CO)C(=O)c2cccc(c2O[C@H]1CN(C)S(=O)(=O)c1cccs1)NS(=O)(=O)c1ccc(cc1)C,0,0.003802,0.018144,0.003182
CCCCN1CCCCC1C(=O)Nc1c(C)cccc1C.Cl,0,0.979055,0.111291,0.069054
C[C@H]1CN([C@@H](C)CO)C(=O)c2cccc(c2O[C@@H]1CN(C)Cc1ccc(cc1)C(=O)Nc1ccccc1N)NC(=O)Nc1c(noc1C)C,0,0.063863,0.017562,0.002933
C[C@@H]1CCCCO[C@@H](CN(C)C(=O)C2CCCCC2)[C@@H](C)CN([C@H](C)CO)C(=O)c2cc(ccc2O1)NC(=O)CCCCCC(=O)Nc1ccccc1N,0,0.003237,0.019167,0.002971
COc1ccc(cc1)CN(C)C[C@H]1Oc2ccc(cc2C(=O)N(C[C@@H]1C)[C@@H](C)CO)NC(=O)Nc1ccc(cc1)C(F)(F)F,0,0.560591,0.830024,0.858177
CC(C)NC(=O)Nc1ccc2c(c1)C(=O)N(C[C@@H](C)[C@H](CN(C)Cc1ccc(c(c1)Cl)Cl)OCCCC[C@@H](C)O2)[C@@H](C)CO,0,0.130195,0.019487,0.004469
C[C@@H]1CN([C@H](C)CO)C(=O)c2cccc(c2O[C@H]1CN(C)Cc1ccc2c(c1)OCO2)NC(=O)c1ccc(cc1)-c1nccs1,0,0.003242,0.017909,0.002979
C[C@@H]1CN([C@H](C)CO)C(=O)c2cc(ccc2O[C@H]1CN(C)S(=O)(=O)c1ccc(cc1)C)NS(=O)(=O)c1ccccc1,0,0.002959,0.017704,0.002652
CC(C)CNC1=NC(=O)C=NN1,0,0.131269,0.025442,0.007438
C[C@@H]1CN([C@@H](C)CO)C(=O)c2cc(ccc2O[C@@H]1CN(C)S(=O)(=O)C)NC(=O)Nc1ccc(cc1)F,0,0.121454,0.022381,0.005106
COc1ccc(cc1)[Si](C)(C)[C@H]1[C@H](C)[C@]2(O[C@@H]1CC(=O)N1Cc3ccccc3C[C@H]1CO)C(=O)N(C)c1c(cc(cc12)C)Br,0,0.441207,0.111289,0.055279
Nc1ccccc1C(=N)NO,0,0.916308,0.073108,0.026183
C[C@@H]1CN([C@H](C)CO)C(=O)c2cccc(c2O[C@H]1CN(C)Cc1ccc2c(c1)OCO2)NS(=O)(=O)c1cn(cn1)C,0,0.006758,0.018109,0.002305
C[C@H]1CN([C@H](C)CO)C(=O)c2c(c3ccccc3n2C)-c2ccccc2CO[C@@H]1CN(C)Cc1cccc(c1)C(F)(F)F,0,0.211356,0.056861,0.014217
CCS(=O)(=O)Nc1ccc2c(c1)C(=O)N(C)[C@@H]1CC[C@@H](CC(=O)NCc3ccc(cc3)OC)O[C@H]1CO2,0,0.012445,0.018520,0.004205
C[C@@H]1CCCCO[C@@H](CN(C)C(=O)Nc2ccccc2)[C@H](C)CN([C@@H](C)CO)C(=O)c2cc(ccc2O1)NC(=O)C1CCCCC1,0,0.011253,0.017065,0.002456
C[C@H]1CN([C@@H](C)CO)C(=O)c2cccc(c2O[C@@H]1CN(C)Cc1ccc2c(c1)OCO2)NC(=O)c1ccncc1,0,0.003481,0.016987,0.002147
C[C@@H]1CN([C@H](C)CO)C(=O)Cc2cc(ccc2O[C@H]1CN(C)Cc1ccccc1)NS(=O)(=O)c1c(noc1C)C,0,0.003711,0.017297,0.003896
C[C@@H]1CN([C@H](C)CO)C(=O)c2cc(cnc2O[C@@H]1CN(C)C(=O)CN1CCOCC1)/C=C/c1ccccc1,0,0.002913,0.016009,0.003635
CCN(CC)CCNC(=O)c1ccc(N)cc1.Cl,0,0.341645,0.144393,0.031072
C[C@H]1CN([C@@H](C)CO)C(=O)c2cc(ccc2O[C@@H]1CN(C)C(=O)Nc1c(noc1C)C)NS(=O)(=O)c1c(noc1C)C,0,0.034559,0.022504,0.009015
C[C@@H]1CN([C@H](C)CO)C(=O)c2cc(ccc2O[C@@H]1CN(C)Cc1ccc(c(c1)Cl)Cl)NC(=O)NC1CCCCC1,0,0.238801,0.019764,0.007676
Cc1cc(cc2sc(nc12)N(Cc1ccccn1)C(=O)c1ccc(cc1)S(=O)(=O)N1CCCC1)Cl,0,0.044336,0.106144,0.020322
CCCCCCCCC(=O)NCc1ccc(O)c(OC)c1,0,0.570492,0.719859,0.665057
C[C@H]1CCCCO[C@@H](CN(C)S(=O)(=O)c2cccs2)[C@@H](C)CN([C@@H](C)CO)C(=O)c2cc(ccc2O1)NC(=O)Nc1ccc(cc1)F,0,0.008294,0.017465,0.002284
C[C@@H]1CCCCO[C@@H](CN(C)Cc2ccc(cc2)C(=O)O)[C@@H](C)CN([C@H](C)CO)C(=O)c2cc(ccc2O1)NC(=O)Cc1ccccc1,0,0.011263,0.029951,0.003162
C[C@@H]1CCCCO[C@H](CN(C)C(=O)Nc2cccc3ccccc23)[C@H](C)CN([C@@H](C)CO)C(=O)c2cc(ccc2O1)NC(=O)NC1CCCCC1,0,0.014396,0.015574,0.003003
C[C@@H]1CN([C@@H](C)CO)C(=O)c2cccc(c2O[C@@H]1CN(C)Cc1ccncc1)NS(=O)(=O)c1cn(cn1)C,0,0.024882,0.017200,0.001970
C[C@@H]1CN([C@H](C)CO)C(=O)c2cccc(c2O[C@H]1CN(C)Cc1ccc(cc1)Oc1ccccc1)NC(=O)c1nc2ccccc2s1,0,0.001310,0.018462,0.004210
C[C@H]1CN([C@H](C)CO)C(=O)Cc2cc(ccc2O[C@@H]1CN(C)Cc1ccc(cc1)-c1ccccc1)NC(=O)Nc1ccccc1,0,0.061479,0.024095,0.003689
C[C@H]1CN([C@H](C)CO)C(=O)c2cccc(c2O[C@H]1CN(C)S(=O)(=O)c1ccc(cc1)F)NC(=O)C1CC1,0,0.054316,0.019893,0.004116
C[C@H]1CCCCO[C@H](CN(C)Cc2ccc3c(c2)OCO3)[C@H](C)CN([C@@H](C)CO)C(=O)c2cc(ccc2O1)NC(=O)Nc1ccc(cc1)C(F)(F)F,0,0.317189,0.024960,0.011582
CN1CCN(CC1)C(=O)C[C@@H]1O[C@H](CO)[C@@H](NS(=O)(=O)c2cccc(c2)F)C=C1,0,0.071595,0.020129,0.008153
COC(=O)C[C@H]1CC[C@@H]2[C@H](COC[C@H](O)CN2S(=O)(=O)c2ccccc2C)O1,0,0.104821,0.020186,0.006511
CCCCCCCCCC(=O)N[C@@H]1[C@@H](O)[C@H](O)[C@@H](CO)O[C@H]1Oc1c2cc3cc1Oc1ccc(cc1Cl)[C@@H](O[C@@H]1O[C@H](CO)[C@@H](O)[C@H](O)[C@H]1NC(=O)C)[C@@H]1NC(=O)[C@H](NC(=O)[C@@H]3NC(=O)[C@H]3NC(=O)[C@@H](Cc4ccc(c(c4)Cl)O2)NC(=O)[C@@H](N)c2ccc(c(c2)Oc2cc(cc3c2)O)O)c2ccc(c(c2)-c2c(cc(cc2[C@@H](NC1=O)C(=O)O)O)O[C@H]1O[C@H](CO)[C@@H](O)[C@H](O)[C@@H]1O)O,1,0.987605,0.780981,0.949453
COc1ccccc1CN(C)C[C@@H]1OCc2ccccc2-c2c(n(c3ccccc23)C)C(=O)N(C[C@@H]1C)[C@@H](C)CO,0,0.052828,0.020825,0.003309
C[C@H](O)C#Cc1ccc2c(c1)O[C@H](CN(C)C(=O)Nc1ccccc1)[C@H](C)CN([C@@H](C)CO)S2(=O)=O,0,0.078679,0.022928,0.005876
C[C@H]1CCCCO[C@H](CN(C)Cc2ccccc2)[C@@H](C)CN([C@H](C)CO)C(=O)c2cc(ccc2O1)NS(=O)(=O)c1ccc(cc1)Cl,0,0.008650,0.017318,0.002584
C[C@H]1CCCCO[C@@H](CN(C)Cc2ccccc2)[C@@H](C)CN([C@H](C)CO)C(=O)c2cc(ccc2O1)NS(=O)(=O)c1ccc(cc1)F,0,0.008779,0.017273,0.002682
C[C@@H]1CCCCO[C@H](CN(C)S(=O)(=O)c2ccccc2)[C@H](C)CN([C@@H](C)CO)C(=O)c2cc(ccc2O1)NC(=O)Nc1cccc2ccccc12,0,0.002290,0.018831,0.001845
C[C@@H]1CN([C@H](C)CO)C(=O)Cc2cc(ccc2O[C@H]1CN(C)Cc1ccc(cc1)C(=O)Nc1ccccc1N)NC(=O)Nc1c(noc1C)C,0,0.015660,0.018531,0.002423
CC[C@@H](O)C[C@H]1CC[C@@H](O1)[C@@H](C)C(=O)O[C@@H](C)C[C@H]1CC[C@@H](O1)[C@@H](C)C(=O)O[C@@H](C)C[C@H]1CC[C@@H](O1)[C@@H](C)C(=O)O[C@@H](C)C[C@H]1CC[C@@H](O1)[C@@H](C)C(=O)O,0,0.013872,0.424748,0.160751
C[C@H]1CN([C@H](C)CO)C(=O)c2cc(ccc2O[C@H]1CN(C)Cc1ccc(cc1)C(F)(F)F)NC(=O)Nc1ccc2c(c1)OCO2,0,0.105981,0.103067,0.060733
COc1ccc(c(c1)S(=O)(=O)N1[C@@H]2CC[C@@H](C2)[C@H]1c1nc2cccc(c2[nH]1)OCc1ccc(cc1)F)OC,0,0.734446,0.074899,0.024129
COC(=O)/C/1=C/CC[C@@]2(C)O[C@@H]2[C@H]2OC(=O)C(=C)[C@@H]2[C@@H](OC(=O)C(=C)CO)[C@@H]1OC(=O)C,0,0.001019,0.408921,0.256387
C[C@@H]1CN([C@H](C)CO)C(=O)c2cccc(c2O[C@H]1CN(C)S(=O)(=O)c1cn(cn1)C)NS(=O)(=O)c1ccccc1,0,0.004977,0.018657,0.003748
OC[C@@H]1O[C@H](C[C@H]2[C@@H]1Oc1ccc(cc12)NC(=O)NC1CCCC1)CC(=O)NCc1ccc(cc1)-c1ccccc1,0,0.289363,0.042224,0.020848
CC(=O)Nc1cc(ccc1C)Cl,0,0.650315,0.116411,0.037282
OC(=O)[C@H]1N[C@H]2CC[C@@H]1C2,0,0.076401,0.029189,0.008501
C[C@@H]1CN([C@H](C)CO)C(=O)c2cc(ccc2O[C@@H]1CN(C)Cc1ccc(cc1)-c1ccccc1)NC(=O)c1ccncc1,0,0.016793,0.017937,0.002156
C=CCN1CCC23c4c5ccc(O)c4OC2C(=O)CCC3(O)C1C5.Cl,0,0.602802,0.545187,0.112441
C[C@H]1CN([C@H](C)CO)C(=O)c2c(c3ccccc3n2C)-c2ccccc2CO[C@H]1CN(C)Cc1ccccc1C(F)(F)F,0,0.375016,0.108231,0.056531
C[C@H]1CN([C@@H](C)CO)S(=O)(=O)c2ccc(cc2O[C@@H]1CN(C)C(=O)Nc1cccc(c1)F)C#CC1(O)CCCC1,0,0.091011,0.022500,0.005093
COc1ccc(cc1)S(=O)(=O)N(C)C[C@@H]1OCCCC[C@@H](C)Oc2ccc(cc2C(=O)N(C[C@H]1C)[C@@H](C)CO)NC(=O)c1ccccc1,0,0.000867,0.017454,0.001710
COc1ccc(cc1)S(=O)(=O)N(C)C[C@H]1Oc2c(cccc2C(=O)N(C[C@@H]1C)[C@H](C)CO)NS(=O)(=O)c1ccccc1,0,0.005044,0.018479,0.003594
CC[N+](CC)(CC(=O)Nc1c(C)cccc1C)Cc1ccccc1.O=C([O-])c1ccccc1,0,0.910534,0.364397,0.182138
NCCNCCNCCNCCN,0,0.000014,0.032501,0.006405
C[C@@H]1CCCCO[C@@H](CN(C)CC2CCCCC2)[C@H](C)CN([C@@H](C)CO)C(=O)c2cc(ccc2O1)NC(=O)c1ccccc1,0,0.011629,0.017890,0.003261
OC(=O)c1cncnc1N1CCCC1,0,0.354166,0.024243,0.009917
COC(CNC1=Nc2ncccc2OC1)OC,0,0.109993,0.031447,0.014801
O[C@@H](/C=N/NC(=O)CCCCCC(=O)Nc1ccccc1O)[C@@H](O)[C@@H](O)[C@H](O)C(=O)O,0,0.015378,0.023846,0.010362
CCS(=O)(=O)Nc1ccc2c(c1)C(=O)N(C)C[C@@H](OC)[C@@H](C)CN(Cc1ccccn1)[C@H](C)CO2,0,0.003286,0.018202,0.002744
CCN(CC)CC(=O)N1c2ccccc2CCc2ccc(cc21)NC(=O)c1cc(c(c(c1)OC)OC)OC,0,0.730123,0.355896,0.083825
O=C(O)c1cc(=O)c2ccccc2o1,0,0.089331,0.095354,0.096936
COc1cc(cc(c1OC)OC)C(=O)OCCCN1CCN(CCCOC(=O)c2cc(c(c(c2)OC)OC)OC)CC1,0,0.290921,0.148802,0.022254
CCNC(=O)C[C@H]1CC[C@H](NC(=O)C2CC2)[C@H](CO)O1,0,0.048840,0.031497,0.011278
COc1ccc(cc1)S(=O)(=O)Nc1ccc2c(c1)C(=O)N(C[C@@H](C)[C@@H](CN(C)S(=O)(=O)c1ccc(cc1)Cl)OCCCC[C@@H](C)O2)[C@@H](C)CO,0,0.004385,0.018089,0.002498
COC(=O)C[C@@H]1CC[C@H]2[C@@H](COc3ccc(cc3C(=O)N2C)NS(=O)(=O)c2ccccc2Cl)O1,0,0.010449,0.028678,0.008289
COc1cc(C(C)=O)cc(OC)c1O,0,0.917597,0.165668,0.155071
COc1cccc(c1)NC(=O)N(C)C[C@@H]1Oc2ncc(cc2C(=O)N(C[C@H]1C)[C@H](C)CO)C#Cc1cccnc1,0,0.024171,0.018301,0.002622
C[C@H]1CCCCO[C@@H](CN(C)Cc2ccc3c(c2)OCO3)[C@@H](C)CN([C@H](C)CO)C(=O)c2cc(ccc2O1)NC(=O)Nc1ccc(cc1)F,0,0.042388,0.016020,0.003451
C[C@H]1CCCCO[C@H](CN(C)C(=O)Nc2cccc3ccccc23)[C@@H](C)CN([C@@H](C)CO)C(=O)c2cc(ccc2O1)NS(=O)(=O)c1c(noc1C)C,0,0.005621,0.018337,0.002303
C[C@@H](O[C@H]1OCCN(Cc2n[nH]nc2CN(C)C)[C@H]1c1ccc(cc1)F)c1cc(cc(c1)C(F)(F)F)C(F)(F)F,1,0.998009,0.562156,0.291708
Cc1ncc(n1CCO)[N+](=O)[O-],0,0.976661,0.143832,0.038738
Cc1cc2c(cc1C)N(C[C@H](O)[C@H](O)[C@H](O)COP(=O)(O)OP(=O)(O)OC[C@H]1O[C@H]([C@H](O)[C@@H]1O)n1cnc3c(ncnc13)N)C1=NC(=O)NC(=O)C1=N2,0,0.000000,0.322968,0.176180
CC(C)NC(=O)Nc1ccc2c(c1)C(=O)N(C[C@H](C)[C@H](CN(C)S(=O)(=O)c1cccs1)O2)[C@H](C)CO,0,0.011035,0.017429,0.003777
CCCNC(=O)N(C)C[C@H]1Oc2ncc(cc2C(=O)N(C[C@H]1C)[C@H](C)CO)-c1ccc(cc1)C(=O)N(C)C,0,0.006375,0.015681,0.001992
CN1[C@H]2NC(=O)N[C@@H]2N(C)C1=O,0,0.035192,0.053509,0.013449
OC(=O)Cc1cccnc1C(=O)O,0,0.093542,0.038204,0.025641
C[C@@H]1CN([C@@H](C)CO)C(=O)Cc2cc(ccc2O[C@@H]1CN(C)Cc1ccc(cc1)-c1ccccc1)NS(=O)(=O)c1cccs1,0,0.006541,0.018280,0.003184
C[C@H](O)C#Cc1ccc2c(c1)O[C@H](CN(C)C(=O)c1ccccc1)[C@@H](C)CN([C@@H](C)CO)S2(=O)=O,0,0.015106,0.019756,0.004486
C[C@H]1CN([C@@H](C)CO)S(=O)(=O)c2ccc(cc2O[C@@H]1CN(C)Cc1cccc(c1)F)Br,0,0.300462,0.026400,0.007028
C[C@H]1CN([C@@H](C)CO)C(=O)c2cc(ccc2O[C@@H]1CN(C)Cc1ccc(cc1)Oc1ccccc1)NC(=O)Nc1ccccc1,0,0.008177,0.018270,0.004815
COc1ccc(cc1)CN(C)C[C@H]1OCCCC[C@H](C)Oc2ccc(cc2C(=O)N(C[C@H]1C)[C@@H](C)CO)NC(=O)Nc1ccc(cc1)OC,0,0.021928,0.017285,0.001963
CCC(CCC(C)C1CCC2C3CC=C4CC(O)CCC4(C)C3CCC12C)C(C)C,0,0.977481,0.181154,0.069275
C[C@@H]1CN([C@@H](C)CO)C(=O)Cc2cc(ccc2O[C@@H]1CN(C)S(=O)(=O)c1cccs1)NC(=O)Nc1cccc2ccccc12,0,0.002333,0.017338,0.002618
CNC[C@@H]1OCCCC[C@H](C)Oc2ccc(cc2C(=O)N(C[C@H]1C)[C@@H](C)CO)NS(=O)(=O)c1cn(cn1)C,0,0.024487,0.021371,0.003518
C[C@@H]1CN([C@@H](C)CO)C(=O)c2cccc(c2O[C@@H]1CN(C)Cc1ccc(cc1)C(=O)Nc1ccccc1N)NC(=O)NC1CCCCC1,0,0.038298,0.018124,0.003211
C[C@H]1CCCCO[C@@H](CN(C)C(=O)Nc2ccc(cc2)C(F)(F)F)[C@H](C)CN([C@H](C)CO)C(=O)c2cc(ccc2O1)NC(=O)Nc1cccc2ccccc12,0,0.245149,0.014006,0.003108
CN(C)CC#Cc1ccc(cc1)[C@H]1[C@H](CO)N2[C@@H]1CN(CC2=O)C(=O)c1cccnc1,0,0.145171,0.025701,0.012006
C[C@@H]1CN([C@@H](C)CO)C(=O)Cc2cc(ccc2O[C@@H]1CN(C)Cc1ccc2c(c1)OCO2)NS(=O)(=O)C,0,0.006145,0.021046,0.004523
C[C@@H]1CN([C@H](C)CO)C(=O)c2cc(cnc2O[C@@H]1CN(C)C(=O)CN1CCOCC1)-c1cncnc1,0,0.004004,0.019500,0.002725
C[C@@H]1CCCCO[C@H](CN(C)CC2CCCCC2)[C@H](C)CN([C@@H](C)CO)C(=O)c2cc(ccc2O1)NS(=O)(=O)c1ccc(cc1)Cl,0,0.034356,0.017387,0.003833
OCCN(CCO)CCO,0,0.000006,0.049036,0.010905
C[C@H]1CN([C@@H](C)CO)C(=O)c2cc(ccc2O[C@H]1CN(C)C(=O)Nc1ccc(cc1)C(F)(F)F)NC(=O)Nc1ccccc1,0,0.643009,0.559231,0.292115
COc1ccc(cc1)S(=O)(=O)Nc1cccc2c1O[C@H](CN(C)S(=O)(=O)c1c(noc1C)C)[C@H](C)CN([C@@H](C)CO)C2=O,0,0.015267,0.018051,0.003763
C[C@H]1CN([C@@H](C)CO)S(=O)(=O)c2ccc(cc2O[C@H]1CN(C)S(=O)(=O)c1ccccc1F)C#Cc1ccccc1,0,0.037154,0.025139,0.005221
COc1ccc(cc1)CN(C)C[C@H]1OCCCC[C@@H](C)Oc2ccc(cc2C(=O)N(C[C@@H]1C)[C@@H](C)CO)NS(=O)(=O)c1ccccc1,0,0.002918,0.017948,0.002259
C[C@@H]1CN([C@H](C)CO)C(=O)c2cc(ccc2O[C@@H]1CN(C)CC1CCCCC1)NC(=O)Nc1ccccc1,0,0.109963,0.021364,0.009339
CO[C@H]1CN(C)C(=O)c2cc(ccc2OC[C@H](C)N(C[C@@H]1C)Cc1ccccn1)NS(=O)(=O)CC(F)(F)F,0,0.043574,0.022814,0.004723
C[C@H]1CN([C@H](C)CO)S(=O)(=O)c2ccc(cc2O[C@@H]1CN(C)C(=O)Nc1ccccc1F)C#CCN(C)C,0,0.324113,0.034185,0.007391
C1CCC2=C(C1)SC1=C(CCCC1)C2c1ccccc1,0,0.568104,0.335590,0.325320
NNC(=O)c1ccccc1O,0,0.384740,0.078402,0.039487
NC(=O)CSc1ccccn1,0,0.189644,0.071984,0.037288
C[C@H]1CCCCO[C@H](CN(C)S(=O)(=O)c2ccc(cc2)Cl)[C@H](C)CN([C@@H](C)CO)C(=O)c2cc(ccc2O1)NC(=O)Nc1ccc(cc1)C(F)(F)F,0,0.311962,0.052938,0.005020
C[C@@H]1CN([C@H](C)CO)C(=O)c2cc(ccc2O[C@@H]1CN(C)Cc1ccc(cc1)Oc1ccccc1)NC(=O)Nc1ccc(cc1)F,0,0.028160,0.017882,0.007531
COc1ccc2c(c1)[C@@]1(CC(=O)N(Cc3ccccc3)C1=O)C(=O)N2CCCN1C(=O)N(C)c2ccccc21,0,0.012307,0.161424,0.147218
OC(=O)CNc1ncccc1O,0,0.696078,0.044607,0.023562
NC(CSCSCC(N)C(=O)O)C(=O)O,0,0.234305,0.087303,0.027818
C[C@@H]1CCCCO[C@H](CN(C)C(=O)c2ccccc2)[C@@H](C)CN([C@H](C)CO)C(=O)c2cc(ccc2O1)NC(=O)C1CCCCC1,0,0.001612,0.016817,0.002449
Cc1ccc(c(c1)C(C)(C)C)OCc1ccc(cc1)Cl,0,0.904350,0.499339,0.364343
C[C@H]1CN([C@H](C)CO)C(=O)c2cc(ccc2O[C@H]1CN(C)S(=O)(=O)C)NS(=O)(=O)C,0,0.028882,0.021186,0.003542
COCC(=O)Nc1ccc2c(c1)C(=O)N(C)[C@H]1CC[C@@H](CC(=O)NCc3ccccc3Cl)O[C@@H]1CO2,0,0.068648,0.043160,0.024782
COc1ccccc1S(=O)(=O)N(C)C[C@H]1OCc2cn(nn2)CCCC(=O)N(C[C@@H]1C)[C@H](C)CO,0,0.022584,0.020702,0.003413
COc1ccc(cc1)S(=O)(=O)Nc1ccc2c(c1)C(=O)N(C[C@@H](C)[C@@H](CN(C)C(=O)Nc1ccc(cc1)C(F)(F)F)OCCCC[C@H](C)O2)[C@@H](C)CO,0,0.095981,0.057294,0.008880
Nc1ncnc2n(cnc12)[C@H]1C[C@H](O)[C@@H](CO)O1,0,0.052372,0.049729,0.012889
COc1ccc(cc1)C1=CCCC1,0,0.438128,0.146721,0.186245
C[C@@H]1CN([C@H](C)CO)C(=O)Cc2cc(ccc2O[C@H]1CN(C)Cc1ccc2c(c1)OCO2)NC(=O)Cn1cnnn1,0,0.002009,0.020110,0.004697
C[C@H]1CN([C@H](C)CO)C(=O)c2cc(ccc2O[C@@H]1CN(C)Cc1ccc(cc1)C(=O)Nc1ccccc1N)NS(=O)(=O)c1ccc(cc1)Cl,0,0.006093,0.018260,0.001909
C[C@H]1CN([C@H](C)CO)C(=O)Cc2cc(ccc2O[C@H]1CN(C)Cc1ccc(cc1)-c1ccccc1)NC(=O)NC1CCCCC1,0,0.182987,0.043133,0.005706
COc1ccc(cc1)S(=O)(=O)N1C[C@@H](O)COC[C@@H]2O[C@@H](CC[C@H]21)CC(=O)NCCN1CCCCC1,0,0.470229,0.029360,0.010441
C[C@@H]1CN([C@H](C)CO)C(=O)CCCn2nncc2CO[C@@H]1CN(C)S(=O)(=O)c1cccc(c1)C#N,0,0.000044,0.020123,0.003569
COCC#Cc1ccc2c(c1)O[C@H](CN(C)S(=O)(=O)c1ccc(cc1)F)[C@H](C)CN([C@@H](C)CO)S2(=O)=O,0,0.109589,0.019457,0.004256
C[C@H]1CCCCO[C@H](CN(C)S(=O)(=O)c2ccc(cc2)C)[C@@H](C)CN([C@H](C)CO)C(=O)c2cc(ccc2O1)NC(=O)Nc1ccc2c(c1)OCO2,0,0.002422,0.017872,0.001937
C[C@@H](O)C#Cc1ccc2c(c1)O[C@H](CN(C)C(=O)C1CCCCC1)[C@@H](C)CN([C@H](C)CO)S2(=O)=O,0,0.042086,0.025963,0.006707
C[C@@H]1CCCCO[C@H](CN(C)S(=O)(=O)c2ccc(cc2)F)[C@H](C)CN([C@@H](C)CO)C(=O)c2cc(ccc2O1)NC(=O)Nc1cccc2ccccc12,0,0.009120,0.018472,0.002198
OC[C@@H]1O[C@@H](CC(=O)N2CCOCC2)C=C[C@@H]1NC(=O)c1ccccn1,0,0.002346,0.019477,0.008480
C[C@H]1CCCCO[C@@H](CN(C)C(=O)NC2CCCCC2)[C@H](C)CN([C@H](C)CO)C(=O)c2cc(ccc2O1)NC(=O)Nc1ccc(cc1)F,0,0.058821,0.016340,0.003369
COc1cccc(c1)S(=O)(=O)N(C)C[C@H]1OCc2cn(nn2)CCCC(=O)N(C[C@H]1C)[C@H](C)CO,0,0.006470,0.021255,0.003276
CC1(C)C(C(=O)O)N2C(=O)CC2S1(=O)=O,0,0.777241,0.591358,0.127613
C[C@@H]1CCCCO[C@H](CN(C)Cc2ccc(c(c2)Cl)Cl)[C@@H](C)CN([C@@H](C)CO)C(=O)c2cc(ccc2O1)NC(=O)Nc1ccc2c(c1)OCO2,0,0.067560,0.033083,0.004182
OCCOc1ccc(cc1)[C@H]1N2[C@@H]([C@@H](C(=O)NCC=C)[C@]11C(=O)Nc3ccc(cc31)C#CC1=CCCCC1)C(=O)O[C@@H]([C@@H]2c1ccccc1)c1ccccc1,0,0.639993,0.036812,0.021592
CCCN(C)C[C@@H]1OCCCC[C@@H](C)Oc2ccc(cc2C(=O)N(C[C@@H]1C)[C@H](C)CO)NS(=O)(=O)C,0,0.040361,0.019977,0.003853
C/C=C/c1ccc2c(c1)O[C@H](CN(C)S(=O)(=O)c1ccc(cc1)F)[C@H](C)CN([C@@H](C)CO)S2(=O)=O,0,0.039601,0.024096,0.006324
C[C@H]1CN([C@H](C)CO)C(=O)c2cc(cnc2O[C@H]1CN(C)C(=O)Cc1cccnc1)-c1ccc(cc1)C,0,0.012495,0.016957,0.003078
C[C@@H]1CN([C@H](C)CO)C(=O)Cc2cc(ccc2O[C@H]1CN(C)C(=O)Nc1cccc2ccccc12)NC(=O)CCC(F)(F)F,0,0.101414,0.032013,0.016307
CC(=O)[C@@H](OC(=O)CS(=O)(=O)C)C(=O)NCc1ccccc1,0,0.035795,0.093670,0.069081
C[C@H]1CCCCO[C@@H](CN(C)C(=O)CCCN(C)C)[C@H](C)CN([C@@H](C)CO)C(=O)c2cc(ccc2O1)NC(=O)Nc1ccc(cc1)C(F)(F)F,0,0.312301,0.053807,0.040145
C[C@@H]1CN([C@H](C)CO)C(=O)c2cc(ccc2O[C@@H]1CN(C)Cc1ccc(c(c1)Cl)Cl)NC(=O)CCC(F)(F)F,0,0.705449,0.084195,0.052328
C[C@@H]1CCCCO[C@@H](CN(C)C(=O)Nc2ccc(cc2)C(F)(F)F)[C@@H](C)CN([C@H](C)CO)C(=O)c2cc(ccc2O1)NC(=O)Cc1ccccc1,0,0.140131,0.013795,0.005375
C[C@H]1CN([C@@H](C)CO)C(=O)Cc2cc(ccc2O[C@@H]1CN(C)S(=O)(=O)c1c(noc1C)C)NC(=O)Nc1ccc2c(c1)OCO2,0,0.003174,0.016118,0.002308
C[C@H](CO)NS(=O)(=O)c1ccnn1C,0,0.001261,0.027545,0.006451
CCC(=O)Nc1ccc2c(c1)OC[C@@H](C)N(C[C@H](C)[C@@H](CN(C)C2=O)OC)C(=O)CN1CCOCC1,0,0.000649,0.018202,0.002527
C[C@H]1CN([C@H](C)CO)C(=O)Cc2cc(ccc2O[C@@H]1CN(C)S(=O)(=O)c1cccs1)NS(=O)(=O)c1ccc(cc1)F,0,0.001783,0.017367,0.003431
C[C@H]1CCCCO[C@@H](CN(C)C(=O)Cc2ccccc2)[C@H](C)CN([C@H](C)CO)C(=O)c2cc(ccc2O1)NC(=O)CCC(F)(F)F,0,0.038836,0.014886,0.007711
COc1ccc(cc1)NC(=O)N(C)C[C@@H]1OCCCC[C@H](C)Oc2ccc(cc2C(=O)N(C[C@@H]1C)[C@@H](C)CO)NC(=O)C1CCCCC1,0,0.009313,0.016676,0.002036
C[C@H]1CCCCO[C@H](CN(C)C(=O)CCCN(C)C)[C@H](C)CN([C@@H](C)CO)C(=O)c2cc(ccc2O1)NC(=O)Nc1ccc(cc1)F,0,0.045098,0.017517,0.002330
C[C@@H]1CCCCO[C@H](CN(C)Cc2ccc3c(c2)OCO3)[C@H](C)CN([C@@H](C)CO)C(=O)c2cc(ccc2O1)NC(=O)Nc1ccc(cc1)C(F)(F)F,0,0.317189,0.024960,0.011582
C[C@@H]1CN([C@H](C)CO)C(=O)c2cccc(c2O[C@H]1CN(C)Cc1ccc(cc1)-c1ccccc1)NC(=O)Nc1ccc(cc1)C(F)(F)F,0,0.837863,0.091405,0.030443
COc1cc(cc(c1OC)OC)[C@H]1OC[C@@H]2[C@H]1CO[C@H]2c1cc(c(c(c1)OC)O[C@@H]1O[C@H](CO)[C@@H](O)[C@H](O)[C@H]1O)OC,0,0.808699,0.195914,0.056624
C[C@@H]1CN([C@H](C)CO)C(=O)c2cc(ccc2O[C@@H]1CN(C)C(=O)Nc1ccc(cc1)F)NS(=O)(=O)C,0,0.225824,0.019776,0.004935
C[C@H]1CN([C@@H](C)CO)C(=O)Cc2cc(ccc2O[C@@H]1CN(C)Cc1ccc(cc1)C(=O)O)NS(=O)(=O)c1c(noc1C)C,0,0.011620,0.024880,0.002800
C[C@H]1CN([C@H](C)CO)C(=O)c2cc(ccc2O[C@@H]1CN(C)C(=O)Nc1ccc2c(c1)OCO2)NS(=O)(=O)c1cn(cn1)C,0,0.007406,0.017913,0.002512
C[C@H]1CN([C@H](C)CO)C(=O)c2cccc(c2O[C@H]1CN(C)C(=O)Nc1ccc2c(c1)OCO2)NC(=O)Nc1ccc(cc1)C(F)(F)F,1,0.458415,0.202718,0.068687
CC1=CN(CCC(=O)O)C(=O)NC1=O,0,0.060949,0.031416,0.022927
C[C@@H]1CN([C@@H](C)CO)C(=O)c2cc(ccc2O[C@@H]1CN(C)Cc1ccc(cc1)C(=O)Nc1ccccc1N)NC(=O)Nc1ccccc1,0,0.012639,0.017530,0.002235
NC(=O)c1cccc(c1)C(=O)N,0,0.138375,0.077880,0.033755
COc1cccc(c1)NC(=O)N(C)C[C@H]1Oc2ncc(cc2C(=O)N(C[C@H]1C)[C@H](C)CO)C#Cc1ccncc1,0,0.021217,0.017740,0.002642
C[C@H]1CCCCO[C@@H](CN(C)C(=O)c2ccccc2)[C@@H](C)CN([C@H](C)CO)C(=O)c2cc(ccc2O1)NC(=O)Nc1ccccc1,0,0.002757,0.017219,0.001707
COCC(=O)N1C[C@H](C)[C@@H](CN(C)C(=O)c2ccc(cc2OC[C@H]1C)NC(=O)Nc1cccc(c1)F)OC,0,0.057132,0.022718,0.008941
CCCCC1=NC2(CCCC2)C(=O)N1Cc1ccc(-c2ccccc2-c2nnn[nH]2)cc1,0,0.506720,0.440901,0.285624
C[C@@H]1CN([C@H](C)CO)C(=O)Cc2cc(ccc2O[C@H]1CN(C)Cc1ccc(cc1)C(=O)Nc1ccccc1N)NS(=O)(=O)c1cn(cn1)C,0,0.004330,0.018235,0.002080
C[C@H]1CCCCO[C@@H](CN(C)CC2CCCCC2)[C@@H](C)CN([C@@H](C)CO)C(=O)c2cc(ccc2O1)NC(=O)NC1CCCCC1,0,0.085990,0.019067,0.007245
CCOC(=O)C1=NNC(=S)NC1=O,0,0.022553,0.054883,0.032482
CC1(O)CCOC(=O)C1,0,0.001666,0.026985,0.004266
C[C@@H]1CCCCO[C@@H](CN(C)C(=O)Nc2ccc3c(c2)OCO3)[C@@H](C)CN([C@@H](C)CO)C(=O)c2cc(ccc2O1)NC(=O)Nc1ccc(cc1)F,0,0.021425,0.016585,0.002268
CNC[C@H]1OCCCC[C@H](C)Oc2ccc(cc2C(=O)N(C[C@@H]1C)[C@H](C)CO)NC(=O)Nc1ccc(cc1)C(F)(F)F,0,0.662874,0.878125,0.858396
CC(C)NC(=O)Nc1ccc2c(c1)C(=O)N(C[C@H](C)[C@H](CN(C)CC1CCCCC1)OCCCC[C@H](C)O2)[C@@H](C)CO,0,0.070487,0.024558,0.005849
OC[C@@H]1O[C@H](C[C@H]2[C@@H]1Oc1ccc(cc12)NC(=O)Nc1ccc(cc1)C(F)(F)F)CC(=O)NCc1ccc(cc1)Cl,0,0.883879,0.230430,0.153049
CS(=O)(=O)c1ccc(cc1)C#N,0,0.001664,0.111677,0.061880
COc1ccc(cc1)C#Cc1ccc2c(c1)O[C@H](CN(C)S(=O)(=O)c1ccccc1F)[C@@H](C)CN([C@H](C)CO)S2(=O)=O,0,0.034540,0.024185,0.003703
COc1ccc(cc1)S(=O)(=O)N(C)C[C@H]1OCCCC[C@@H](C)Oc2ccc(cc2C(=O)N(C[C@@H]1C)[C@@H](C)CO)NS(=O)(=O)C,0,0.006078,0.018051,0.002320
C[C@@H]1CN([C@H](C)CO)C(=O)c2cc(cnc2O[C@@H]1CN(C)C(=O)Cc1ccncc1)C#Cc1ccccc1F,0,0.035096,0.020772,0.005018
C[C@H]1CN([C@@H](C)CO)C(=O)Cc2cc(ccc2O[C@@H]1CN(C)CC1CCCCC1)NC(=O)CCN1CCOCC1,0,0.012536,0.022151,0.004349
Nc1nnc([nH]1)CC(=O)O,0,0.100534,0.032517,0.009791
COC(=O)[C@]1(Cc2ccccc2N=[N+]=[N-])N=C(O[C@@H]1c1ccccc1N=[N+]=[N-])c1ccc(cc1)OCCCO,0,0.751272,0.085408,0.024578
C[C@@H]1CCCCO[C@@H](CN(C)C(=O)Nc2cccc3ccccc23)[C@H](C)CN([C@@H](C)CO)C(=O)c2cc(ccc2O1)NC(=O)C1CCCCC1,0,0.013087,0.017152,0.002794
C[C@@H]1CCCCO[C@@H](CN(C)C(=O)NC2CCCCC2)[C@H](C)CN([C@H](C)CO)C(=O)c2cc(ccc2O1)NS(=O)(=O)c1ccc(cc1)F,0,0.010285,0.017398,0.002540
C[C@H]1CN([C@@H](C)CO)C(=O)c2cccc(c2O[C@H]1CN(C)C(=O)Nc1ccc(cc1)C(F)(F)F)NC(=O)Nc1ccc2c(c1)OCO2,0,0.438406,0.199199,0.051053
C[C@H]1CCCCO[C@@H](CN(C)S(=O)(=O)c2ccc(cc2)C)[C@@H](C)CN([C@H](C)CO)C(=O)c2cc(ccc2O1)NC(=O)Nc1ccc2c(c1)OCO2,0,0.002422,0.017872,0.001937
COc1ccc(cc1)S(=O)(=O)Nc1cccc2c1O[C@@H](CN(C)Cc1ccncc1)[C@H](C)CN([C@@H](C)CO)C2=O,0,0.008892,0.017956,0.002190
C[C@@H]1CN([C@H](C)CO)C(=O)c2c(c3ccccc3n2C)-c2ccccc2CO[C@H]1CN(C)Cc1ccc(cc1)Oc1ccccc1,0,0.019914,0.025417,0.004941
COC(=O)[C@H](Cc1ccc(cc1)-n1cc(nn1)-c1ccc(cc1)C(=O)NO)N1CC2=C[C@H]([C@@H](O)Cc3ccccc3)N3N([C@@H]2[C@H](O1)C1CC1)C(=O)N(C)C3=O,0,0.997634,0.107958,0.049410
NCCc1ccc(cc1)C(=O)c1ccccc1,0,0.749780,0.192565,0.039304
COc1ccc(cc1)CN(C)C[C@@H]1OCCCC[C@H](C)Oc2ccc(cc2C(=O)N(C[C@H]1C)[C@H](C)CO)NC(=O)Nc1ccc(cc1)F,0,0.081735,0.016654,0.002909
C[C@@H]1CN([C@@H](C)CO)C(=O)c2cc(ccc2O[C@@H]1CN(C)Cc1ccc(cc1)C(F)(F)F)NC(=O)Cc1ccccc1,0,0.165131,0.190969,0.078407
NC1=CC(=O)N=C2SC(=NN12)C1CC1,0,0.181889,0.035488,0.020796
C[C@H]1CN([C@@H](C)CO)C(=O)Cc2cc(ccc2O[C@@H]1CN(C)C(=O)Nc1c(noc1C)C)NC(=O)Nc1ccc(cc1)C(F)(F)F,0,0.437630,0.039650,0.026858
CO[C@@H]1CN(C)C(=O)c2ccc(cc2OC[C@@H](C)N(C[C@H]1C)C(=O)C1CCOCC1)NS(=O)(=O)C,0,0.003718,0.032235,0.003106
CNC[C@H]1Oc2ccc(cc2CC(=O)N(C[C@H]1C)[C@@H](C)CO)NC(=O)Cn1cnnn1,0,0.009167,0.035751,0.008269
C[C@@H]1CCCCO[C@@H](CN(C)S(=O)(=O)c2ccc(cc2)C)[C@H](C)CN([C@@H](C)CO)C(=O)c2cc(ccc2O1)NC(=O)Nc1ccc(cc1)C(F)(F)F,0,0.146991,0.026469,0.003733
COc1ccc(cc1)-c1cnc2c(c1)C(=O)N(C[C@H](C)[C@H](CN(C)C(=O)C1CCOCC1)O2)[C@@H](C)CO,0,0.016292,0.017039,0.002593
C[C@H]1CCCCO[C@@H](CN(C)S(=O)(=O)c2cccs2)[C@H](C)CN([C@@H](C)CO)C(=O)c2cc(ccc2O1)NC(=O)Cc1ccccc1,0,0.000747,0.017475,0.002041
Cc1ccc(cc1)S[C@@]1(CC(=O)N(Cc2cc(cc(c2)C(F)(F)F)C(F)(F)F)[C@@H]1c1ccc(cc1)CO)C(=O)O,0,0.988505,0.322147,0.160050
CN1[C@H]2CC[C@H](CC(=O)N3CCOCC3)O[C@@H]2COc2ccc(cc2C1=O)NC(=O)c1cscn1,0,0.000854,0.019470,0.010227
C[C@H]1CCCCO[C@@H](CN(C)S(=O)(=O)c2ccc(cc2)C)[C@H](C)CN([C@@H](C)CO)C(=O)c2cc(ccc2O1)NC(=O)Nc1ccc2c(c1)OCO2,0,0.002422,0.017872,0.001937
CO[C@H]1O[C@H](CO)[C@@H](OC(=O)Nc2ccc(cc2)OC)[C@@H]2OC(=O)[C@H](C/C=C/C[C@H](Cc3ccc4ccccc4c3)C(=O)O[C@@H]12)Cc1ccc2ccccc2c1,0,0.005201,0.056195,0.008266
COc1ccccc1CNC(=O)C[C@@H]1C[C@H]2[C@H](Oc3ccc(cc32)NC(=O)c2cccnc2)[C@@H](CO)O1,0,0.025842,0.021495,0.004551
C[C@@H]1CCCCO[C@H](CN(C)C(=O)Nc2ccccc2)[C@H](C)CN([C@@H](C)CO)C(=O)c2cc(ccc2O1)NC(=O)c1ccncc1,0,0.004330,0.016642,0.001668
NC1=Nc2nc[nH]c2C(=O)N1,0,0.048911,0.030814,0.005624
C[C@H]1CCCCO[C@H](CN(C)C(=O)Nc2cccc3ccccc23)[C@@H](C)CN([C@H](C)CO)C(=O)c2cc(ccc2O1)NC(=O)c1ccncc1,0,0.005618,0.015879,0.002045
O=S1(=O)CCCCN1,0,0.000992,0.020027,0.003689
COCC#Cc1ccc2c(c1)O[C@@H](CN(C)Cc1ccccc1F)[C@H](C)CN([C@@H](C)CO)S2(=O)=O,0,0.098516,0.020624,0.004427
COc1ccc(cc1)NC(=O)Nc1ccc2c(c1)C(=O)N(C[C@@H](C)[C@H](CN(C)Cc1ccncc1)OCCCC[C@H](C)O2)[C@H](C)CO,0,0.012384,0.016512,0.001718
C[C@@H]1CN([C@H](C)CO)C(=O)Cc2cc(ccc2O[C@@H]1CN(C)C(=O)Nc1cccc2ccccc12)NS(=O)(=O)c1cccs1,0,0.001589,0.017338,0.002520
OC[C@@H]1O[C@@H](CCNS(=O)(=O)c2ccc(cc2)F)CC[C@H]1NC(=O)C1CC1,0,0.150367,0.025754,0.011540
N[C@H]1CCCN(C1)Cc1cccc(c1)O,0,0.119064,0.048894,0.023399
Cc1nc(n(n1)C(=O)N1CCOCC1)C,0,0.019668,0.030422,0.006056
C[C@H]1CCCCO[C@@H](CN(C)C)[C@@H](C)CN([C@H](C)CO)C(=O)c2cc(ccc2O1)NS(=O)(=O)c1c(noc1C)C,0,0.011027,0.019532,0.004948
C[C@H]1CN([C@@H](C)CO)C(=O)c2cccc(c2O[C@@H]1CN(C)S(=O)(=O)c1ccc(cc1)F)NC(=O)C1CCOCC1,0,0.028319,0.018150,0.003397
C[C@H]1CCCCO[C@@H](CN(C)S(=O)(=O)c2ccc(cc2)F)[C@H](C)CN([C@H](C)CO)C(=O)c2cc(ccc2O1)NS(=O)(=O)c1ccc(cc1)C,0,0.004571,0.017398,0.002600
CNCc1ccncc1,0,0.031466,0.064333,0.028857
CN1N(C(=O)C(=C1C)C(=O)Nc1ccc(c(c1)F)Oc1ccnc2cc(ccc12)OCC(C)(C)O)c1ccccc1,0,0.015682,0.267973,0.108601
OC[C@H]1O[C@@H](CC(=O)NCCCN2CCOCC2)C=C[C@@H]1NC(=O)Nc1ccc2c(c1)OCO2,0,0.060797,0.065309,0.016773
CC(C)OC(=O)[C@H](C)N[P@](=O)(OC[C@H]1O[C@@H](N2C=CC(=O)NC2=O)[C@@](C)(O)[C@@H]1O)Oc1ccccc1,0,0.693438,0.359922,0.194800
C[C@@H]1CN([C@@H](C)CO)C(=O)c2cccc(c2O[C@@H]1CN(C)C(=O)Nc1cccc2ccccc12)NC(=O)Nc1ccccc1,0,0.035809,0.019173,0.004103
C[C@@H]1CN([C@H](C)CO)S(=O)(=O)c2ccc(cc2O[C@H]1CN(C)CC1CCOCC1)C#Cc1cccnc1,0,0.116063,0.019661,0.003132
C[C@@H]1CCCCO[C@H](CN(C)C(=O)Nc2ccccc2)[C@@H](C)CN([C@H](C)CO)C(=O)c2cc(ccc2O1)NC(=O)Cc1ccccc1,0,0.003255,0.016494,0.001914
OC[C@H]1O[C@@H](C[C@@H]2[C@H]1Oc1ccc(cc12)NC(=O)C1CCOCC1)CC(=O)N1CCc2ccccc2C1,0,0.017356,0.029434,0.007700
OC[C@@H]1O[C@H](CCNC(=O)C2CC2)CC[C@H]1NS(=O)(=O)c1cccc(c1)F,0,0.137691,0.021207,0.010013
COc1ccc(cc1)CN(C)C[C@H]1Oc2ccc(cc2C(=O)N(C[C@@H]1C)[C@@H](C)CO)NS(=O)(=O)c1cn(cn1)C,0,0.016517,0.017406,0.002411
CS(=O)(=O)CCC/C(=N\OS(=O)(=O)O)S[C@@H]1O[C@H](CO)[C@@H](O)[C@H](O)[C@H]1O,0,0.580262,0.329982,0.164391
ONC(=O)CCc1cn(nn1)-c1ccc(cc1)C[C@@H]1N2CC3=CCCC=C[C@H]3[C@@H]2[C@H](Cc2ccccc2)OC1=O,0,0.758107,0.082994,0.037879
COc1ccc(cc1)NC(=O)Nc1ccc2c(c1)C(=O)N(C[C@H](C)[C@H](CN(C)C(=O)NC1CCCCC1)OCCCC[C@@H](C)O2)[C@@H](C)CO,0,0.015186,0.016152,0.002072
OC[C@H]1O[C@H](CC(=O)NCCc2ccccc2)C=C[C@@H]1NC(=O)CN1CCOCC1,0,0.004780,0.050415,0.015789
OC[C@H]1O[C@H](S/C(=N/OS(=O)(=O)O)Cc2ccc(cc2)O)[C@H](O)[C@@H](O)[C@@H]1O,0,0.666127,0.208220,0.106549
CCOC(=O)[C@@H]1[C@H]2O[C@]3(C=C2)[C@H]1[C@@H](Cc1ccccc1N)[C@H](N(C3=O)c1ccc(cc1)OC)C(=O)OCC,0,0.458999,0.078872,0.047201
C[C@H]1CCCCO[C@H](CN(C)Cc2ccncc2)[C@H](C)CN([C@H](C)CO)C(=O)c2cc(ccc2O1)NC(=O)Nc1ccccc1,0,0.014455,0.016561,0.002019
C[C@@H]1CCCCO[C@H](CN(C)S(=O)(=O)C)[C@@H](C)CN([C@H](C)CO)C(=O)c2cc(ccc2O1)NC(=O)Nc1cccc2ccccc12,0,0.010312,0.018854,0.002222
C[C@@H]1CCCCO[C@@H](CN(C)C(=O)Nc2ccc3c(c2)OCO3)[C@H](C)CN([C@@H](C)CO)C(=O)c2cc(ccc2O1)NC(=O)NC1CCCCC1,0,0.009085,0.016391,0.002525
Cc1cc(c2c(c1)OC(=O)C1=C2CCC1)O[C@@H]1O[C@H](CO)[C@@H](O)[C@H](O)[C@H]1O,0,0.085123,0.299612,0.110369
COc1ccc(cc1)NC(=O)N(C)C[C@@H]1Oc2cc(ccc2S(=O)(=O)N(C[C@H]1C)[C@H](C)CO)Br,0,0.206711,0.028684,0.004859
C[C@@H]1CN([C@@H](C)CO)C(=O)c2cccc(c2O[C@H]1CN(C)Cc1ccc(cc1)Oc1ccccc1)NC(=O)Nc1ccccc1,0,0.010174,0.018446,0.004110
C[C@H]1CN([C@H](C)CO)C(=O)Cc2cc(ccc2O[C@@H]1CN(C)C(=O)Nc1c(noc1C)C)NS(=O)(=O)c1cccs1,0,0.005097,0.017475,0.003509
C[C@H]1CN([C@H](C)CO)C(=O)c2cc(ccc2O[C@H]1CN(C)S(=O)(=O)c1cn(cn1)C)NC(=O)CCC(F)(F)F,0,0.064185,0.041337,0.024046
C[C@@H]1CN([C@@H](C)CO)C(=O)Cc2cc(ccc2O[C@@H]1CN(C)Cc1ccc(cc1)Oc1ccccc1)NS(=O)(=O)c1ccccc1,0,0.000336,0.019213,0.002837
COC(=O)c1c2oc(c1C(=O)OC)C(=O)N(C)Cc1cn(nn1)C[C@@H](Cc1ccccc1)NC(=O)N[C@@H](CC2)COC(=O)NCCCCCC(=O)NO,0,0.000010,0.180773,0.037743
COc1ccc(cc1)NC(=O)Nc1cccc2c1O[C@H](CN(C)Cc1ccc(cc1)-c1ccccc1)[C@@H](C)CN([C@@H](C)CO)C2=O,0,0.085707,0.017580,0.003138
OC[C@H]1O[C@H](CC(=O)NCc2ccccc2F)C=C[C@@H]1NC(=O)c1cnccn1,0,0.119969,0.025416,0.017861
COc1ccc(cc1)S(=O)(=O)N(C)C[C@@H]1OCCCC[C@H](C)Oc2ccc(cc2C(=O)N(C[C@@H]1C)[C@@H](C)CO)NC(=O)Nc1c(noc1C)C,0,0.009368,0.018098,0.002103
C[C@H]1CCCCO[C@H](CN(C)Cc2ccc3c(c2)OCO3)[C@H](C)CN([C@H](C)CO)C(=O)c2cc(ccc2O1)NC(=O)Nc1ccc(cc1)F,0,0.042388,0.016020,0.003451
CC(C)(C)[S@@](=O)N1Cc2cc(nc(c2[C@H]1CCO)-c1cccc(c1)-c1cccnc1)C(=O)NCc1ccccc1F,0,0.195118,0.281092,0.089337
CC(C)NC(=O)Nc1cccc2c1O[C@@H](CN(C)C(=O)NC1CCCCC1)[C@H](C)CN([C@H](C)CO)C2=O,0,0.054437,0.021399,0.007702
C[C@H]1CN([C@@H](C)CO)C(=O)c2cc(ccc2O[C@@H]1CN(C)C(=O)Nc1c(noc1C)C)NC(=O)CCCN(C)C,0,0.034212,0.017019,0.002741
COc1ccc(cc1)S(=O)(=O)Nc1cccc2c1O[C@@H](CN(C)Cc1ccc(cc1)-c1ccccc1)[C@H](C)CN([C@H](C)CO)C2=O,0,0.020776,0.018235,0.003565
CC1CCC2(NC1)OC1CC3C4CC=C5CC(O)CCC5(C)C4CCC3(C)C1C2C,0,0.722575,0.249550,0.069743
NCc1ccc(cc1)S(=O)(=O)N,0,0.000098,0.035146,0.008572
C[C@H]1COC(=O)[C@H](CC=CC[C@@H](CC(=O)N(CCO)Cc2ccccc2)C(=O)N1)Cc1ccc(cc1)F,0,0.008526,0.058006,0.021404
O=C1CC2(CCNCC2)CN1,0,0.341389,0.034632,0.012758
COc1ccc(cc1)CN(C)C[C@@H]1OCCCC[C@H](C)Oc2ccc(cc2C(=O)N(C[C@@H]1C)[C@H](C)CO)NC(=O)Nc1cccc2ccccc12,0,0.023818,0.016156,0.002358
C[C@H](O)C#Cc1ccc2c(c1)O[C@@H](CN(C)C(=O)c1ccncc1)[C@H](C)CN([C@H](C)CO)S2(=O)=O,0,0.021537,0.018269,0.002962
OC[C@H]1O[C@@H](CCNC(=O)Nc2cc(ccc2F)F)CC[C@H]1NC(=O)CN1CCOCC1,0,0.151607,0.053357,0.038028
N#Cc1ccc(nc1)-c1ccccc1,0,0.000994,0.294182,0.124758
CC(C)c1c(CN(C)C(C)Cc2ccccc2)n(C)n(-c2ccccc2)c1=O,0,0.899686,0.467739,0.146244
C[C@]12CC[C@H]3[C@@]4(C)CC[C@H](O)C[C@@]54C=C[C@@]3([C@@H]1CC[C@@]2(O)CN1CCC(CC1)N1C(=O)Nc2ccccc21)C(=C5)C(=O)C1CCCCC1,0,0.999421,0.318995,0.095218
CCCCC[C@H](O)/C=C/[C@H]1[C@H](O)C[C@H]2O/C(=C\CCCC(=O)O)C[C@@H]21,0,0.214127,0.327928,0.128383
C[C@H]1CN([C@H](C)CO)S(=O)(=O)c2ccc(cc2O[C@@H]1CN(C)C(=O)Cc1ccccn1)-c1ccc(cc1)C(=O)N(C)C,0,0.002661,0.017960,0.003512
CCc1nc2ccc(cn2c1N(C)Cc1cc2ccccc2s1)C(=O)NC1CCN(CC1)Cc1ccccc1,0,0.698336,0.379543,0.285145
Cc1cc(=O)[nH]c(=S)[nH]1,0,0.029963,0.080180,0.045556
C[C@@H]1CN([C@H](C)CO)C(=O)c2cc(ccc2O[C@@H]1CN(C)C(=O)Nc1ccccc1)NC(=O)CCCN(C)C,0,0.022013,0.018124,0.003517
C[C@@H]1CCCCO[C@@H](CN(C)C(=O)C2CCCCC2)[C@@H](C)CN([C@H](C)CO)C(=O)c2cc(ccc2O1)NS(=O)(=O)c1ccc(cc1)Cl,0,0.009131,0.017537,0.002980
C[C@@H]1CCCCO[C@@H](CN(C)Cc2ccc(cc2)C(=O)Nc2ccccc2N)[C@H](C)CN([C@H](C)CO)C(=O)c2cc(ccc2O1)N(C)C,0,0.017646,0.018387,0.002987
CO[C@@H]1CN(C)C(=O)c2cc(ccc2OC[C@@H](C)N(C[C@H]1C)C(=O)C)NC(=O)c1ccc(cc1)Oc1ccccc1,0,0.000490,0.016851,0.002419
COc1ccc(cc1)NC(=O)Nc1ccc2c(c1)C(=O)N(C[C@H](C)[C@H](CN(C)Cc1ccc(c(c1)Cl)Cl)OCCCC[C@@H](C)O2)[C@@H](C)CO,0,0.091687,0.028460,0.003696
CC(C)c1c(O)c(-c2cc3c(c(C(C)C)c2O)CCC2C(C)(C)CCCC32C)cc2c1CCC1C(C)(C)CCCC21C,0,0.999160,0.105348,0.101665
C[C@@H]1CN([C@H](C)CO)C(=O)c2cccc(c2O[C@@H]1CN(C)Cc1ccc(cc1)C(F)(F)F)NC(=O)Nc1c(noc1C)C,0,0.631444,0.083468,0.042206
CN1C(=O)CC(C)(c2ccccc2)C1=O,0,0.025461,0.204623,0.068167
C[C@@H]1CN([C@@H](C)CO)C(=O)Cc2cc(ccc2O[C@H]1CN(C)S(=O)(=O)c1ccc(cc1)C)NC(=O)Nc1cccc2ccccc12,0,0.005633,0.023335,0.002546
CC(C)NC(=O)Nc1cccc2c1O[C@H](CN(C)C(=O)Nc1c(noc1C)C)[C@H](C)CN([C@H](C)CO)C2=O,0,0.115008,0.020029,0.005519
CCNC(=O)[C@H]1N[C@@H]2[C@@H](CN3C(=O)C(=CC=C23)c2cccc(c2)C(=O)N(C)C)[C@@H]1CO,0,0.080228,0.033015,0.010257
OC(=O)c1ccc(c(c1O)O)O,0,0.087386,0.061729,0.022739
OC(=O)CCCCC(=O)O,0,0.004321,0.027579,0.012726
CN1C(=O)N(C)c2nc(n(c2C1=O)Cc1ccc(cc1)F)N(CCO)CCO,0,0.914917,0.201535,0.117106
ONC(=O)CCCCCNC(=O)OCc1ccc(cc1)CO[C@@H]1C[C@@H](C=C(O1)C(=O)N1CCN(CC1)Cc1ccc2c(c1)OCO2)c1ccc(cc1)Br,0,0.000071,0.120717,0.014793
OC[C@@H](Cc1ccccc1)NC(=O)C[C@@H]1CC=CC[C@H](NC(=O)OCC2c3ccccc3-c3ccccc32)C(=O)O[C@H](CNC1=O)c1ccccc1,0,0.000183,0.026320,0.007479
C[C@@H]1CCCCO[C@H](CN(C)CC2CCCCC2)[C@H](C)CN([C@@H](C)CO)C(=O)c2cc(ccc2O1)NC(=O)Nc1ccc(cc1)F,0,0.186943,0.019098,0.006835
C[C@@H]1CCCCO[C@@H](CN(C)S(=O)(=O)c2ccccc2)[C@H](C)CN([C@H](C)CO)C(=O)c2cc(ccc2O1)NC(=O)Nc1cccc2ccccc12,0,0.002290,0.018831,0.001845
Cn1nccc1NC(=O)/C=C/C(=O)O,0,0.074472,0.050293,0.034540
CC(C)C[C@H](NC(=O)[C@@H](NC(=O)CNC(=O)CN)C(C)C)C(=O)N[C@@H](C(C)C)C(=O)N[C@@H](CCC(=O)N)C(=O)N1CCC[C@H]1C(=O)NCC(=O)O,0,0.262786,0.309834,0.078924
C[C@@H]1CN([C@@H](C)CO)C(=O)Cc2cc(ccc2O[C@H]1CN(C)S(=O)(=O)c1ccc(cc1)C)NC(=O)C1CC1,0,0.004888,0.019123,0.003255
O=C1CCC(=NN1)C(=O)N1CCN(CC2CC2)[C@@H]2CS(=O)(=O)C[C@@H]21,0,0.012529,0.241088,0.122192
C[C@@H]1CN([C@H](C)CO)C(=O)c2cc(ccc2O[C@@H]1CN(C)Cc1ccc(c(c1)Cl)Cl)NC(=O)Nc1ccc2c(c1)OCO2,0,0.058025,0.036355,0.006176
OC(=O)C1CCOCC1,0,0.011043,0.016669,0.004516
CC(C)(C)N(CC=C)C(=O)[C@H]1N(CCOCCO)C(=O)[C@H]2[C@@H]([C@H]3O[C@]21C=C3)C(=O)O,0,0.669386,0.408280,0.159840
C[C@@H]1CN([C@@H](C)CO)C(=O)Cc2cc(ccc2O[C@@H]1CN(C)Cc1ccc(c(c1)Cl)Cl)NC(=O)Cc1ccccc1,0,0.046684,0.035162,0.009504
C[C@@H]1CCCCO[C@@H](CN(C)C(=O)c2ccncc2)[C@@H](C)CN([C@H](C)CO)C(=O)c2cc(ccc2O1)NS(=O)(=O)C,0,0.004144,0.017521,0.001979
C[C@@H]1CCCCO[C@@H](CN(C)Cc2ccc(c(c2)Cl)Cl)[C@@H](C)CN([C@@H](C)CO)C(=O)c2cc(ccc2O1)NS(=O)(=O)c1cccs1,0,0.018858,0.017766,0.002161
NCc1ccccc1Oc1ccccc1,0,0.417501,0.136046,0.075153
CC(=O)O[C@@H](CC(=O)O)[N+](C)(C)C,0,0.000940,0.044987,0.021754
CC[C@@H]1CN(N1)C(=O)c1ccccn1,0,0.051101,0.028149,0.005854
C[C@H]1CN([C@@H](C)CO)C(=O)c2cc(ccc2O[C@H]1CN(C)C(=O)Nc1ccc(cc1)C(F)(F)F)NC(=O)Cc1cn(c2ccccc12)C,0,0.376012,0.048526,0.012672
NC(=N)S/C=C\C(=O)O,0,0.848020,0.190095,0.100203
COc1ccc(cc1)S(=O)(=O)N[C@@H]1C=C[C@@H](CC(=O)N2CCC(CC2)Cc2ccccc2)O[C@@H]1CO,0,0.050978,0.029062,0.008502
CCC1(C2=NCCN2)Cc2ccccc2O1.Cl,0,0.324383,0.140014,0.047639
C[C@H]1CCCCO[C@@H](CN(C)Cc2ccc(cc2)C(F)(F)F)[C@H](C)CN([C@@H](C)CO)C(=O)c2cc(ccc2O1)NS(=O)(=O)c1ccc(cc1)Cl,0,0.081819,0.016739,0.003135
C[C@@H]1CN([C@H](C)CO)C(=O)Cc2cc(ccc2O[C@@H]1CN(C)C(=O)Nc1ccc2c(c1)OCO2)NC(=O)Nc1ccc(cc1)C(F)(F)F,0,0.132544,0.015406,0.005403
C[C@H]1CN([C@@H](C)CO)S(=O)(=O)c2ccc(cc2O[C@H]1CN(C)C(=O)C1CCCCC1)C#CC1CC1,0,0.058205,0.026465,0.007236
COc1ccc(cc1)S(=O)(=O)Nc1ccc2c(c1)C(=O)N(C[C@@H](C)[C@H](CN(C)C(=O)Nc1ccc(cc1)C(F)(F)F)OCCCC[C@H](C)O2)[C@@H](C)CO,0,0.095981,0.057294,0.008880
C[C@H]1CN([C@H](C)CO)C(=O)Cc2cc(ccc2O[C@@H]1CN(C)S(=O)(=O)c1ccccc1)NS(=O)(=O)c1cn(cn1)C,0,0.002637,0.017429,0.002090
Clc1cccc(c1)Cc1cn2cc(nc2s1)-c1ccccc1,0,0.516918,0.452741,0.307790
CN1CCO[C@@H]2CN(C[C@@H]21)Cc1cccc(n1)C,0,0.025505,0.019237,0.005669
C[C@@H]1CN([C@@H](C)CO)S(=O)(=O)c2ccc(cc2O[C@@H]1CN(C)S(=O)(=O)c1ccc(cc1)C)Br,0,0.075544,0.020328,0.006288
Nc1ncnc2n(cnc12)[C@@H]1O[C@H](CO)[C@@H](O)[C@@H]1O,0,0.064049,0.081756,0.045166
COc1ccc(cc1)NC(=O)N(C)C[C@@H]1Oc2ccc(cc2CC(=O)N(C[C@H]1C)[C@@H](C)CO)NS(=O)(=O)c1cn(cn1)C,0,0.009814,0.017291,0.002483
C[C@H]1CN([C@H](C)CO)C(=O)c2cc(cnc2O[C@H]1CN(C)C(=O)Nc1c(noc1C)C)C#CC(C)(C)O,0,0.032572,0.041726,0.007693
Nc1cccc2c1C(=O)N([C@H]1CCC(=O)NC1=O)C2=O,0,0.000502,0.308245,0.127285
COc1cc(ccc1S(=O)(=O)N1[C@@H]2CC[C@@H](C2)[C@H]1c1nc2cccc(c2[nH]1)OCc1ccccc1)C,0,0.439207,0.075881,0.041480
C[C@@H]1CN([C@H](C)CO)C(=O)Cc2cc(ccc2O[C@@H]1CN(C)C(=O)Nc1ccc2c(c1)OCO2)NC(=O)C1CC1,0,0.003455,0.017816,0.002584
CC(C)(O)C#Cc1cccc(c1)-c1nc(cc2c1[C@@H](CCO)N(C2)S(=O)C(C)(C)C)C(=O)Nc1ccc(cc1)-c1ccccc1,0,0.142581,0.327588,0.111325
OC[C@@H]1O[C@H](C[C@@H]2[C@H]1Oc1ccc(cc12)NC(=O)NC1CCCC1)CC(=O)NCCN1CCCCC1,0,0.496693,0.050861,0.024456
COc1ccc(cc1)NC(=O)Nc1ccc2c(c1)C(=O)N(C[C@@H](C)[C@@H](CN(C)Cc1ccc3c(c1)OCO3)OCCCC[C@@H](C)O2)[C@H](C)CO,0,0.010122,0.016449,0.001932
Nc1ncnc2c1ncn2C1OC(COP(=O)(O)O)C(O)C1O,0,0.000000,0.155592,0.105040
C[C@H]1CCCCO[C@H](CN(C)C)[C@@H](C)CN([C@@H](C)CO)C(=O)c2cc(ccc2O1)NC(=O)CCCCCC(=O)Nc1ccccc1N,0,0.011313,0.018874,0.002282
C[C@H]1CCCCO[C@H](CN(C)C(=O)Nc2ccccc2)[C@H](C)CN([C@H](C)CO)C(=O)c2cc(ccc2O1)NS(=O)(=O)c1ccc(cc1)C,0,0.004561,0.017512,0.001870
C[C@@H]1CN([C@@H](C)CO)C(=O)c2cccc(c2O[C@@H]1CN(C)C(=O)Nc1ccc(cc1)F)NC(=O)c1ccc(cc1)-c1nccs1,0,0.099945,0.017883,0.003917
C[C@@H]1CN([C@@H](C)CO)C(=O)c2cccc(c2O[C@H]1CN(C)S(=O)(=O)c1ccc(cc1)C)NS(=O)(=O)c1cccs1,0,0.007997,0.018144,0.002898
O[C@@H]1COC[C@H]2O[C@@H](CC[C@@H]2N(C1)C(=O)c1ccccn1)CC(=O)NC1CCC1,0,0.081138,0.022405,0.010044
C[C@H]([C@@H](OC(=O)CCC=C)c1ccccc1)N(C)C(=O)[C@H](CC=C)NC(=O)OCC1c2ccccc2-c2ccccc21,0,0.002577,0.190018,0.081891
COCC#Cc1cnc2c(c1)C(=O)N(C[C@@H](C)[C@H](CN(C)S(=O)(=O)c1cccc(c1)OC)O2)[C@@H](C)CO,0,0.021811,0.019698,0.002929
CC(=O)N[C@H]1CC[C@H](CCNC(=O)C2CC2)O[C@H]1CO,0,0.066196,0.031465,0.012261
CN1CCN(CC1)C(=O)C[C@@H]1CC[C@H]2[C@@H](COC[C@H](O)CN2C(=O)Nc2ccc3c(c2)OCO3)O1,0,0.344807,0.054146,0.025458
COc1ccc(cc1)S(=O)(=O)N(C)C[C@H]1Oc2ccc(cc2CC(=O)N(C[C@H]1C)[C@H](C)CO)NS(=O)(=O)c1ccccc1,0,0.000906,0.017948,0.002208
CC(C)NC(=O)N(C)C[C@H]1Oc2ccc(cc2C(=O)N(C[C@@H]1C)[C@H](C)CO)NC(=O)CCCN(C)C,0,0.012271,0.017585,0.003213
CC(C)NC(=O)Nc1ccc2c(c1)CC(=O)N(C[C@H](C)[C@H](CN(C)S(=O)(=O)c1ccc(cc1)F)O2)[C@@H](C)CO,0,0.026463,0.023436,0.003926
CO[C@@H]1CN(C)C(=O)c2ccc(cc2OC[C@H](C)N(C[C@@H]1C)C(=O)CN(C)C)NC(=O)c1ccc(cc1)F,0,0.045995,0.020293,0.006560
CC(C)NC(=O)N(C)C[C@H]1OCCCC[C@H](C)Oc2ccc(cc2C(=O)N(C[C@@H]1C)[C@@H](C)CO)NS(=O)(=O)C,0,0.014572,0.018519,0.002636
N[C@]1(CC[C@@H](C1)C(=O)O)C(=O)O,0,0.061527,0.024758,0.007704
CC[C@@H]1COCCC(=O)N1,0,0.000637,0.016204,0.004057
CC1=CC=C(C(=S)N)C(=O)N1,0,0.000000,0.052382,0.030310
CC/1=C(CCC(=O)O)C/2=N\C1=C/C1=N/C(=C\C3=N/C(=C\C4=N/C(=C2)C(=C4C)CCC(=O)O)C(=C3C)C=C)C(=C1C)C=C,0,0.968903,0.358134,0.122241
CNC(=O)[C@H]1C[C@H]2CCN(C[C@H]2O1)S(=O)(=O)N(C)C,0,0.017873,0.189620,0.044675
CO[C@H](CN(C)S(=O)(=O)c1ccc(cc1)F)[C@H](C)CN([C@H](C)CO)S(=O)(=O)c1cccc(c1)Cl,0,0.425073,0.088295,0.010699
C[C@@H]1CCCCO[C@H](CN(C)C(=O)Nc2ccc3c(c2)OCO3)[C@H](C)CN([C@@H](C)CO)C(=O)c2cc(ccc2O1)NC(=O)NC1CCCCC1,0,0.009085,0.016391,0.002525
Oc1ccc(Cl)cc1,0,0.233480,0.205287,0.093644
COc1cccc(c1)CNC(=O)c1cc2c(c(n1)-c1cccc(c1)-c1ccncc1)[C@H](CCO)N(C2)[S@@](=O)C(C)(C)C,0,0.151287,0.111009,0.051903
C[C@@H]1CN([C@H](C)CO)C(=O)c2cc(ccc2O[C@H]1CN(C)S(=O)(=O)c1ccc(cc1)Cl)NC(=O)Cn1cnnn1,0,0.011520,0.017798,0.003340
Cc1ccc(cc1)S(=O)(=O)N[C@H]1C=C[C@@H](CC(=O)NCCN2CCCCC2)O[C@H]1CO,0,0.083274,0.017609,0.007405
Clc1ccc(C(c2ccc(Cl)cc2)C(Cl)(Cl)Cl)cc1,0,0.999910,0.455547,0.245665
COCCOC(=O)N1C(=O)[C@@]2([C@H]([C@H]3N([C@@H]([C@@H](OC3=O)c3ccccc3)c3ccccc3)[C@H]2c2ccc(cc2)O)C(=O)NCC=C)c2cc(ccc21)C#CC1(O)CCCCCC1,0,0.189379,0.045177,0.027614
COc1ccc(cc1)S(=O)(=O)N(C)C[C@@H]1OCCCC[C@H](C)Oc2ccc(cc2C(=O)N(C[C@H]1C)[C@H](C)CO)NC(=O)Nc1ccc2c(c1)OCO2,0,0.002382,0.017776,0.001882
OC(=O)c1ccc(c(c1)C(=O)O)O,0,0.098598,0.084907,0.036391
C[C@@H]1CCCCO[C@@H](CN(C)C(=O)Nc2ccc(cc2)C(F)(F)F)[C@@H](C)CN([C@H](C)CO)C(=O)c2cc(ccc2O1)NC(=O)Nc1ccc2c(c1)OCO2,0,0.136226,0.030513,0.007204
C[C@H](CC/C=C(\C)C(=O)O[C@H]1O[C@@H](CO)[C@@H](O)[C@@H](O)[C@@H]1O)[C@H]1C[C@@H](O)[C@@]2(C)[C@H]3CC[C@H]4C(C)(C)[C@H](CC[C@@]44C[C@@]34C[C@@H](O)[C@]12C)O[C@@H]1O[C@@H](CO[C@H]2OC[C@@H](O)[C@@H](O)[C@@H]2O)[C@@H](O)[C@@H](O)[C@@H]1O,0,0.972237,0.063810,0.020924
C[C@@H](O)C#Cc1ccc2c(c1)O[C@H](CN(C)C(=O)Cc1ccccn1)[C@H](C)CN([C@H](C)CO)S2(=O)=O,0,0.016794,0.020603,0.003478
C[C@@H]1CN([C@H](C)CO)C(=O)c2cccc(c2O[C@H]1CN(C)S(=O)(=O)c1ccccc1)NC(=O)c1ccncc1,0,0.006516,0.017757,0.002772
C[C@@H]1CN([C@H](C)CO)C(=O)c2ccccc2-c2ccccc2CO[C@@H]1CN(C)C(=O)Nc1cccc(c1)F,0,0.122731,0.041092,0.020744
C[C@@H](N1CCCCC1)C(=O)O,0,0.055727,0.020381,0.004736
C[C@H]1CN([C@@H](C)CO)C(=O)c2cccc(c2O[C@@H]1CN(C)S(=O)(=O)c1cn(cn1)C)NC(=O)NC1CCCCC1,0,0.041540,0.018360,0.003933
C[C@H]1CCCCO[C@H](CN(C)S(=O)(=O)c2cccs2)[C@@H](C)CN([C@@H](C)CO)C(=O)c2cc(ccc2O1)NC(=O)NC1CCCCC1,0,0.004257,0.017475,0.002750
COc1ccc(cc1)S(=O)(=O)N(C)C[C@H]1Oc2ccc(cc2C(=O)N(C[C@H]1C)[C@H](C)CO)NS(=O)(=O)c1ccc(cc1)F,0,0.009473,0.018240,0.003511
O=c1c(O)c(-c2ccccc2)oc2cc(O)cc(O)c12,0,0.588611,0.316101,0.176281
C[C@@H]1CN([C@H](C)CO)C(=O)c2cccc(c2O[C@H]1CN(C)C(=O)Nc1cccc2ccccc12)NS(=O)(=O)c1cccs1,0,0.012067,0.018132,0.003435
COc1ccc(cc1)[Si](C)(C)[C@H]1[C@H](C)[C@]2(O[C@@H]1CCO)C(=O)N(Cc1cccc(c1)N1C(=O)COc3ccccc31)c1ccccc12,0,0.005336,0.034859,0.017296
COc1ccc(cc1)CCNC(=O)C1=CC2=C(N=C3N(C=CC=C3C)C2=O)N(CCCN2CCOCC2)C1=N,0,0.387509,0.101108,0.050005
O[C@@H]1COC[C@H]2O[C@@H](CC[C@@H]2N(C1)S(=O)(=O)c1ccccc1F)CC(=O)N1CCC(CC1)Cc1ccccc1,0,0.612523,0.081071,0.023181
C[C@H]1CCCCO[C@@H](CN(C)S(=O)(=O)c2ccccc2)[C@H](C)CN([C@H](C)CO)C(=O)c2cc(ccc2O1)NC(=O)C1CCCCC1,0,0.002160,0.017559,0.002473
O[C@H]1COC[C@H]2O[C@H](CC[C@@H]2N(C1)Cc1cc(ccc1F)F)CC(=O)N[C@H]1CCN(C1)Cc1ccccc1,0,0.891554,0.094605,0.039992
CC(C)NC(=O)Nc1ccc2c(c1)C(=O)N(C[C@@H](C)[C@H](CN(C)C(=O)Nc1c(noc1C)C)O2)[C@H](C)CO,0,0.051746,0.020168,0.003703
C[C@H]1CN([C@H](C)CO)C(=O)c2cccc(c2O[C@H]1CN(C)C(=O)Nc1ccc(cc1)C(F)(F)F)NC(=O)Nc1ccc2c(c1)OCO2,0,0.438406,0.199199,0.051053
C[Si](C)(C)O[Si](C)(C)O[Si](C)(C)C,0,0.000507,0.150476,0.029960
CN1CCN(CC1)C(=O)C[C@H]1O[C@@H](CO)[C@H](NS(=O)(=O)c2cccc(c2)F)C=C1,0,0.071595,0.020129,0.008153
COc1ccc(cc1)NC(=O)Nc1ccc2c(c1)C(=O)N(C[C@@H](C)[C@H](CN(C)C(=O)Nc1cccc3ccccc13)OCCCC[C@H](C)O2)[C@@H](C)CO,0,0.015062,0.015950,0.002129
OS(=O)(=O)CCN1C(=S)S/C(=C\c2cn(nc2-c2ccc(cc2)OCc2ccccc2)-c2ccccc2)C1=O,0,0.000001,0.199691,0.190237
C[C@H]1CCCCO[C@H](CN(C)Cc2ccc3c(c2)OCO3)[C@@H](C)CN([C@H](C)CO)C(=O)c2cc(ccc2O1)NC(=O)CCC(F)(F)F,0,0.067550,0.017351,0.004497
Cc1noc(c1-c1ccc(cc1)N)C,0,0.653341,0.074063,0.068936
ONC(=O)CCCCCNC(=O)OCc1ccc(cc1)CO[C@H]1C[C@H](C=C(O1)C(=O)N1CCN(CC1)Cc1ccc2c(c1)OCO2)c1csc2ccccc12,0,0.000040,0.113246,0.030827
C[C@H]1CCCCO[C@@H](CN(C)S(=O)(=O)c2ccc(cc2)C)[C@@H](C)CN([C@@H](C)CO)C(=O)c2cc(ccc2O1)NC(=O)CCC(F)(F)F,0,0.027223,0.018776,0.002709
C[C@H]1CN([C@@H](C)CO)C(=O)Cc2cc(ccc2O[C@H]1CN(C)C(=O)Nc1ccccc1)NC(=O)C1CC1,0,0.023321,0.022269,0.004412
C[C@@H]1CN([C@@H](C)CO)C(=O)Cc2cc(ccc2O[C@H]1CN(C)S(=O)(=O)c1ccccc1)NS(=O)(=O)c1c(noc1C)C,0,0.001775,0.017325,0.002701
COc1ccccc1C1=CC=C2[C@H]3[C@@H](CN2C1=O)[C@H](CO)[C@H](N3S(=O)(=O)C)C(=O)NCC1CC1,0,0.028076,0.020764,0.005662
COc1ccc(cc1)S(=O)(=O)N(C)C[C@H]1OCCCC[C@@H](C)Oc2ccc(cc2C(=O)N(C[C@H]1C)[C@H](C)CO)NS(=O)(=O)c1ccc(cc1)Cl,0,0.003650,0.018180,0.002334
C[C@@H]1CCCCO[C@@H](CN(C)S(=O)(=O)c2ccc(cc2)F)[C@H](C)CN([C@@H](C)CO)C(=O)c2cc(ccc2O1)NC(=O)NC1CCCCC1,0,0.015897,0.017398,0.002644
CCc1cnc2c(c1OC)C(=O)N(CCN1CCOCC1)C(=O)N2C,0,0.392738,0.054178,0.011943
COCC(=O)N1C[C@H](C)[C@@H](CN(C)C(=O)c2ccc(cc2OC[C@H]1C)NC(=O)c1cc(on1)C)OC,0,0.006509,0.018002,0.005258
C[C@@H]1CN([C@@H](C)CO)C(=O)c2cc(ccc2O[C@H]1CN(C)Cc1ccc(cc1)-c1ccccc1)NC(=O)Nc1c(noc1C)C,0,0.118172,0.018287,0.004759
COc1cccc(c1)S(=O)(=O)N(C)C[C@@H]1Oc2ncc(cc2C(=O)N(C[C@@H]1C)[C@H](C)CO)C#Cc1ccc(c(c1)OC)OC,0,0.010823,0.018156,0.002737
Oc1ccc(cc1O)C#N,0,0.000821,0.123920,0.098251
COc1ccc(cc1)S(=O)(=O)Nc1ccc2c(c1)C(=O)N(C[C@H](C)[C@H](CN(C)S(=O)(=O)c1ccc(cc1)Cl)OCCCC[C@@H](C)O2)[C@@H](C)CO,0,0.004385,0.018089,0.002498
COc1ccc(c2c1CCCC2=O)C,0,0.567790,0.074283,0.041896
C[C@H]1CN([C@@H](C)CO)C(=O)c2cc(cnc2O[C@H]1CN(C)C(=O)c1ccc2c(c1)OCO2)C#CCN(C)C,0,0.008262,0.017308,0.002268
C[C@H]1CN([C@@H](C)CO)C(=O)c2c(c3ccccc3n2C)-c2ccccc2CO[C@@H]1CN(C)C(=O)c1cc(cc(c1)Cl)Cl,0,0.114064,0.023661,0.003636
C[C@@H]1CN([C@@H](C)CO)C(=O)c2cc(cnc2O[C@@H]1CN(C)C(=O)Cc1ccncc1)C#Cc1ccccc1F,0,0.035096,0.020772,0.005018
OC[C@@H](O)[C@H](O)[C@@H](O)/C=N/NC(=O)c1ccccn1,0,0.002921,0.019751,0.013369
C[C@@H]1CCCCO[C@@H](CN(C)C)[C@@H](C)CN([C@@H](C)CO)C(=O)c2cc(ccc2O1)NC(=O)Nc1cccc2ccccc12,0,0.036140,0.017463,0.004060
Clc1ccc(c(c1)Cl)OCCN1CCC(CC1)C(=O)N[C@@H](c1ccccc1)c1ccc2ccccc2n1,0,0.806663,0.922920,0.952601
NC(=O)N1C(=O)[C@@H]2[C@H]3C=C([C@H]([C@@H](C4CC4)N3Cc3cc4c(cc3Br)OCO4)[C@H]2C1=O)c1ccc(cc1)CO,0,0.000364,0.394686,0.134766
C[C@H]1CN([C@@H](C)CO)C(=O)Cc2cc(ccc2O[C@@H]1CN(C)S(=O)(=O)c1ccc(cc1)Cl)NS(=O)(=O)c1c(noc1C)C,0,0.008155,0.017268,0.002792
CC(C)(C)[C@@]1(O)C[C@H]2OC(=O)C[C@]22C(=O)O[C@H]3OC(=O)[C@@H](O)[C@@]312,0,0.000880,0.207253,0.086673
OC(=O)c1ccnc2nc[nH]c12,0,0.321945,0.038263,0.014546
C[C@H]1CN([C@@H](C)CO)C(=O)Cc2cc(ccc2O[C@@H]1CN(C)Cc1ccc(c(c1)Cl)Cl)NC(=O)Nc1c(noc1C)C,0,0.203814,0.039830,0.011002
CO[C@H]1CN(C)C(=O)c2ccc(cc2OC[C@H](C)N(C[C@H]1C)C(=O)CN(C)C)NC(=O)Nc1ccccc1,0,0.035675,0.022825,0.005033
C[C@H]1CN([C@@H](C)CO)C(=O)CCCn2cc(nn2)CO[C@H]1CN(C)C(=O)C1CC1,0,0.021899,0.024493,0.003696
NCC[C@H]1CC[C@@H](NC(=O)C2CCCC2)[C@@H](CO)O1,0,0.228971,0.035487,0.014685
C[C@H]1CN([C@@H](C)CO)C(=O)c2cccc(c2O[C@@H]1CN(C)CC1CCCCC1)NC(=O)Nc1ccccc1,0,0.123364,0.018274,0.006261
C[C@@H]1CN([C@H](C)CO)C(=O)Cc2cc(ccc2O[C@H]1CN(C)Cc1ccccc1)NS(=O)(=O)c1cn(cn1)C,0,0.005667,0.018046,0.002462
C[C@H]1CCCCO[C@H](CN(C)Cc2ccc3c(c2)OCO3)[C@@H](C)CN([C@@H](C)CO)C(=O)c2cc(ccc2O1)NS(=O)(=O)c1cccs1,0,0.001890,0.017360,0.002349
C[C@H]1CN([C@@H](C)CO)C(=O)Cc2cc(ccc2O[C@@H]1CN(C)S(=O)(=O)c1ccc(cc1)F)NS(=O)(=O)c1cccs1,0,0.004417,0.017367,0.003173
C[C@H]1CN([C@@H](C)CO)C(=O)c2cc(ccc2O[C@@H]1CN(C)Cc1ccc(cc1)C(=O)Nc1ccccc1N)NC(=O)Nc1c(noc1C)C,0,0.025740,0.017291,0.002766
C[C@@H]1CN([C@@H](C)CO)C(=O)Cc2cc(ccc2O[C@H]1CN(C)C(=O)NC1CCCCC1)NS(=O)(=O)c1cn(cn1)C,0,0.011780,0.017245,0.003172
CC(=O)OC1CC2C(C)(C)C=CCC2(C)C2CCC3(C)C(c4ccoc4)OC(=O)C4OC43C12C,0,0.246020,0.106384,0.055584
C[C@H]1CCCCO[C@@H](CN(C)CC2CCCCC2)[C@@H](C)CN([C@H](C)CO)C(=O)c2cc(ccc2O1)NC(=O)NC1CCCCC1,0,0.085990,0.019067,0.007245
CN1C[C@@H]2C[C@@H]([C@@H](C1)O2)C(=O)Nc1cccnc1,0,0.335300,0.025573,0.005672
C[C@H]1CCCCO[C@H](CN(C)C(=O)NC2CCCCC2)[C@@H](C)CN([C@@H](C)CO)C(=O)c2cc(ccc2O1)NC(=O)c1ccncc1,0,0.004275,0.016642,0.001793
C[C@@H](Sc1ccc(cc1)C)C(=O)c1ccc(c(c1)Cl)C,0,0.972229,0.357346,0.254355
COc1ccc(cc1)S(=O)(=O)Nc1ccc2c(c1)CC(=O)N(C[C@H](C)[C@H](CN(C)S(=O)(=O)c1ccc(cc1)F)O2)[C@H](C)CO,0,0.007360,0.018096,0.002920
C[C@@H]1CCCCO[C@H](CN(C)C)[C@@H](C)CN([C@@H](C)CO)C(=O)c2cc(ccc2O1)NC(=O)Nc1cccc2ccccc12,0,0.036140,0.017463,0.004060
CO[C@H]1CN(C)C(=O)c2ccc(cc2OC[C@H](C)N(C[C@H]1C)C(=O)C1CCOCC1)NC(=O)C1CC1,0,0.011839,0.024122,0.003794
CC(C)NC(=O)Nc1ccc2c(c1)CC(=O)N(C[C@@H](C)[C@@H](CN(C)Cc1ccc3c(c1)OCO3)O2)[C@H](C)CO,0,0.022189,0.023361,0.003816
C[C@H]1CCCCO[C@@H](CN(C)S(=O)(=O)c2ccc(cc2)C)[C@H](C)CN([C@H](C)CO)C(=O)c2cc(ccc2O1)NC(=O)Nc1ccc(cc1)C(F)(F)F,0,0.146991,0.026469,0.003733
COc1ccc(cc1)NC(=O)Nc1ccc2c(c1)C(=O)N(C[C@@H](C)[C@@H](CN(C)C(=O)NC(C)C)OCCCC[C@H](C)O2)[C@@H](C)CO,0,0.012361,0.018654,0.002138
C[C@H]1CCCCO[C@H](CN(C)C(=O)C2CCCCC2)[C@@H](C)CN([C@@H](C)CO)C(=O)c2cc(ccc2O1)NS(=O)(=O)c1ccc(cc1)F,0,0.006172,0.017400,0.002997
CCCCCCCCCCCCCCCC[N+](C)(C)C,0,0.828071,0.428588,0.162483
C[C@H]1CC[C@@H]2N(C1)C[C@H]1[C@@H]3C[C@@]45O[C@@]6(O)[C@@H](O)CC[C@@]5(C)[C@@H]6C[C@@H](O)[C@H]4[C@]3(O)[C@@H](O)[C@H](O)[C@@H]1[C@]2(C)O,0,0.014797,0.121560,0.061861
C[C@H]1CN([C@H](C)CO)C(=O)c2cccc(c2O[C@@H]1CN(C)Cc1ccc(cc1)-c1ccccc1)NC(=O)C1CC1,0,0.144933,0.025129,0.008875
Cc1ccc(cc1)S(=O)(=O)N1C[C@@H](O)COC[C@@H]2O[C@H](CC[C@H]21)CC(=O)NCc1ccc2c(c1)OCO2,0,0.077814,0.020134,0.007407
OC(=O)CN1Cc2ccccc2C1=O,0,0.012546,0.021771,0.010303
COc1ccc(cc1)S(=O)(=O)N(C)C[C@@H]1Oc2c(cccc2C(=O)N(C[C@H]1C)[C@@H](C)CO)NS(=O)(=O)c1ccc(cc1)C,0,0.009136,0.018051,0.003530
COc1ccc(cc1)S(=O)(=O)N(C)C[C@H]1Oc2ccc(cc2CC(=O)N(C[C@@H]1C)[C@H](C)CO)NC(=O)Cc1ccccc1,0,0.001802,0.020635,0.003331
C[C@H]1CN([C@H](C)CO)C(=O)c2cc(ccc2O[C@H]1CN(C)S(=O)(=O)c1ccc(cc1)F)NS(=O)(=O)c1cccs1,0,0.011676,0.017602,0.003549
C[C@@H]1CN([C@@H](C)CO)S(=O)(=O)c2ccc(cc2O[C@@H]1CN(C)C(=O)Cc1ccccc1)C#CC1(O)CCCC1,0,0.010429,0.024557,0.005756
C[C@H]1CN([C@@H](C)CO)C(=O)c2cccc(c2O[C@@H]1CN(C)C(=O)Nc1ccc(cc1)C(F)(F)F)NC(=O)Nc1ccc2c(c1)OCO2,0,0.438406,0.199199,0.051053
C[C@@H]1CCCCO[C@@H](CN(C)Cc2ccc(cc2)C(F)(F)F)[C@H](C)CN([C@@H](C)CO)C(=O)c2cc(ccc2O1)NC(=O)Nc1c(noc1C)C,0,0.296345,0.018733,0.007716
C[C@H]1CN([C@H](C)CO)C(=O)CCCn2nncc2CO[C@@H]1CN(C)S(=O)(=O)c1ccc(cc1)C#N,0,0.000038,0.020133,0.003625
CC1=CC(=O)n2ncnc2N1,0,0.008444,0.054503,0.023714
C[C@H]1CN([C@H](C)CO)C(=O)c2cc(ccc2O[C@H]1CN(C)S(=O)(=O)c1cccs1)NS(=O)(=O)C,0,0.010797,0.017561,0.003944
COc1ccccc1CNC(=O)C[C@H]1CC[C@H]2[C@@H](COC[C@@H](O)CN2C(=O)Nc2ccc(cc2)F)O1,0,0.752404,0.269123,0.205433
C[C@@H]1CN([C@H](C)CO)C(=O)c2cc(ccc2O[C@H]1CN(C)S(=O)(=O)c1cccs1)NC(=O)Cn1cnnn1,0,0.001262,0.018193,0.003594
CCN(CC)c1ccc(cc1)N1CC=C[C@@]23O[C@@H]4/C=C\CCCOC(=O)[C@@H]4[C@H]2C(=O)N([C@@H](C)CO)[C@@H]3C1=O,0,0.208081,0.157134,0.077243
COC(=O)c1c(oc(c1C(=O)OC)C(=O)C)CC[C@@H](CO)NC(=O)N[C@@H](C)Cn1cc(nn1)C1(O)CCCC1,0,0.548873,0.220929,0.175054
C[C@H]1CN([C@H](C)CO)C(=O)c2cccc(c2O[C@H]1CN(C)C(=O)NC1CCCCC1)NC(=O)Nc1ccc(cc1)C(F)(F)F,0,0.813439,0.899901,0.898025
C[C@H]1CN([C@H](C)CO)C(=O)c2cccc(c2O[C@H]1CN(C)CC1CCCCC1)NC(=O)Nc1cccc2ccccc12,0,0.084220,0.018720,0.005371
COc1ccc(cc1)NC(=O)N1CCCCN2[C@H](COCCN(C)C)[C@@H]([C@@H]2C1)c1ccc(cc1)C#Cc1ccccc1,1,0.803333,0.110627,0.052245
C[C@H]1CN([C@H](C)CO)C(=O)c2cc(ccc2O[C@H]1CN(C)Cc1ccc(cc1)C(=O)Nc1ccccc1N)NC(=O)CCC(F)(F)F,0,0.243711,0.017690,0.006899
C[C@H]1CN([C@@H](C)CO)C(=O)c2cccc(c2O[C@H]1CN(C)S(=O)(=O)c1ccc(cc1)F)NS(=O)(=O)c1ccccc1,0,0.011437,0.018221,0.004602
C[C@@H]1CCCCO[C@@H](CN(C)C(=O)NC2CCCCC2)[C@@H](C)CN([C@H](C)CO)C(=O)c2cc(ccc2O1)NC(=O)Nc1ccccc1,0,0.012401,0.016233,0.002269
C[C@H]1CCCCO[C@H](CN(C)Cc2ccc(cc2)C(=O)O)[C@H](C)CN([C@H](C)CO)C(=O)c2cc(ccc2O1)NC(=O)NC1CCCCC1,0,0.041602,0.059765,0.009627
OCCOc1ccccc1[C@@H]1N2[C@H]([C@H](C(=O)N3CCCCCCC3)[C@@]11C(=O)Nc3ccc(cc31)C#CC1(O)CCCCCC1)C(=O)O[C@H]([C@H]2c1ccccc1)c1ccccc1,0,0.046919,0.039329,0.009270
COc1ccc2c(c1)C[C@H](N)C2,0,0.104063,0.040156,0.032397
C[C@@H]1CN([C@@H](C)CO)C(=O)c2cc(ccc2O[C@@H]1CN(C)S(=O)(=O)c1ccccc1)NC(=O)Cc1ccccc1,0,0.002502,0.018494,0.003068
C[C@@H]1CCCCO[C@H](CN(C)Cc2ccc(c(c2)Cl)Cl)[C@@H](C)CN([C@H](C)CO)C(=O)c2cc(ccc2O1)NS(=O)(=O)c1c(noc1C)C,0,0.049714,0.022556,0.002771
C[C@H]1CN([C@@H](C)CO)C(=O)c2cccc(c2O[C@H]1CN(C)Cc1ccc(cc1)C(=O)Nc1ccccc1N)NS(=O)(=O)c1cn(cn1)C,0,0.017507,0.018235,0.002369
COc1cccc(c1)-c1ccc(cc1)[C@@H](Oc1cc(nc(n1)N)-c1ccc(cc1)C[C@H](N)C(=O)O)C(F)(F)F,0,0.919930,0.391700,0.160216
CN1CCN(CC1)C(=O)C[C@H]1C[C@@H]2[C@@H](Oc3ccc(cc32)NC(=O)c2ccc3c(c2)OCO3)[C@@H](CO)O1,0,0.016506,0.030496,0.003671
COc1ccc(cc1)S(=O)(=O)Nc1ccc2c(c1)C(=O)N(C[C@@H](C)[C@H](CN(C)S(=O)(=O)c1ccc(cc1)Cl)OCCCC[C@@H](C)O2)[C@@H](C)CO,0,0.004385,0.018089,0.002498
COc1ccc(cc1)NC(=O)Nc1ccc2c(c1)C(=O)N(C[C@@H](C)[C@H](CN(C)S(=O)(=O)c1ccc(cc1)OC)OCCCC[C@@H](C)O2)[C@@H](C)CO,0,0.004792,0.017773,0.001880
C[C@@H]1CCCCO[C@H](CN(C)S(=O)(=O)c2ccccc2)[C@@H](C)CN([C@H](C)CO)C(=O)c2cc(ccc2O1)NC(=O)C1CCCCC1,0,0.002160,0.017559,0.002473
C[C@H]1CN([C@@H](C)CO)C(=O)c2cccc(c2O[C@H]1CN(C)C(=O)Nc1c(noc1C)C)NC(=O)C1CCOCC1,0,0.049742,0.016721,0.002906
C[C@H]1CCCCO[C@@H](CN(C)S(=O)(=O)c2ccc(cc2)F)[C@H](C)CN([C@H](C)CO)C(=O)c2cc(ccc2O1)NS(=O)(=O)C,0,0.020859,0.017307,0.002638
COc1cccc(c1)-c1ccc2c(c1)O[C@@H](CN(C)Cc1cncnc1)[C@@H](C)CN([C@@H](C)CO)S2(=O)=O,0,0.054366,0.019131,0.002841
C[C@H]1CN([C@@H](C)CO)C(=O)Cc2cc(ccc2O[C@H]1CN(C)Cc1ccc2c(c1)OCO2)NS(=O)(=O)C,0,0.006145,0.021046,0.004523
C[C@H]1CCCCO[C@@H](CN(C)C(=O)Nc2ccc3c(c2)OCO3)[C@@H](C)CN([C@@H](C)CO)C(=O)c2cc(ccc2O1)NC(=O)c1ccccc1,0,0.001588,0.016854,0.001888
CCCNC(=O)N(C)C[C@H]1Oc2cc(ccc2S(=O)(=O)N(C[C@@H]1C)[C@H](C)CO)C#Cc1ccccn1,0,0.047629,0.020111,0.003106
C[C@@H]1CN([C@H](C)CO)C(=O)Cc2cc(ccc2O[C@H]1CN(C)S(=O)(=O)c1ccc(cc1)Cl)NS(=O)(=O)c1c(noc1C)C,0,0.008155,0.017268,0.002792
C[C@H]1CCCCO[C@@H](CN(C)C(=O)Nc2ccc3c(c2)OCO3)[C@H](C)CN([C@H](C)CO)C(=O)c2cc(ccc2O1)NC(=O)C1CCCCC1,0,0.006932,0.016795,0.002448
C[C@@H]1CCCCO[C@H](CN(C)C(=O)Nc2cccc3ccccc23)[C@@H](C)CN([C@H](C)CO)C(=O)c2cc(ccc2O1)NC(=O)CCCCCC(=O)Nc1ccccc1N,0,0.006893,0.017856,0.001831
C[C@@H]1CCCCO[C@@H](CN(C)CC2CCCCC2)[C@@H](C)CN([C@@H](C)CO)C(=O)c2cc(ccc2O1)NS(=O)(=O)c1ccc(cc1)Cl,0,0.034356,0.017387,0.003833
COc1ccc(cc1)[Si](C)(C)[C@@H]1[C@@H](C)[C@@]2(O[C@H]1CCn1cc(nn1)[C@H](O)c1ccccc1)C(=O)N(Cc1cccc(c1)N1CCC1=O)c1ccccc12,0,0.862319,0.148343,0.009375
C[C@@H]1CCCCO[C@@H](CN(C)Cc2ccc(c(c2)Cl)Cl)[C@@H](C)CN([C@@H](C)CO)C(=O)c2cc(ccc2O1)NC(=O)Nc1ccc2c(c1)OCO2,0,0.067560,0.033083,0.004182
C[C@@H]1CCCCO[C@H](CN(C)S(=O)(=O)c2ccc(cc2)F)[C@H](C)CN([C@@H](C)CO)C(=O)c2cc(ccc2O1)NS(=O)(=O)c1cn(cn1)C,0,0.012205,0.017860,0.002800
COc1ccc(cc1)C1(CN)CCCC1,0,0.779822,0.187342,0.164863
C[C@@H]1CN([C@H](C)CO)C(=O)c2cc(cnc2O[C@H]1CN(C)C(=O)CCN1CCCCC1)C#CCN(C)C,0,0.038506,0.018402,0.004082
C[C@@H]1CN([C@@H](C)CO)C(=O)c2cccc(c2O[C@@H]1CN(C)S(=O)(=O)c1ccc(cc1)C)NS(=O)(=O)c1cn(cn1)C,0,0.025651,0.017606,0.003057
C[C@@H]1CN([C@@H](C)CO)S(=O)(=O)c2ccc(cc2O[C@@H]1CN(C)S(=O)(=O)c1cn(cn1)C)C#Cc1ccccc1,0,0.014969,0.018270,0.002319
C[C@H]1CCCCO[C@H](CN(C)Cc2ccc3c(c2)OCO3)[C@H](C)CN([C@H](C)CO)C(=O)c2cc(ccc2O1)NC(=O)CCC(F)(F)F,0,0.067550,0.017351,0.004497
CO[C@H]1C[C@@H](O[C@@H](C)[C@@H]1O)O[C@H]1[C@H](C)O[C@H](C[C@@H]1OC)O[C@H]/1[C@@H](C)/C=C/C=C/2\CO[C@@H]3[C@H](O)C(=C[C@@H](C(=O)O[C@H]4C[C@@H](C\C=C1/C)O[C@@]1(C4)O[C@@H]([C@@H](C)C=C1)C1CCCCC1)[C@@]32O)C,0,0.399524,0.852379,0.552624
C[C@H]1CN([C@@H](C)CO)C(=O)c2cc(cnc2O[C@H]1CN(C)C(=O)CN1CCOCC1)C1=CCCCC1,0,0.002279,0.019712,0.005219
C=CCN1[C@H]2CCN([C@@H]2CC1=O)c1cnccn1,0,0.077883,0.024396,0.009720
C[C@]12CC[C@H]3[C@@H](CC[C@H]4NC(=O)C=C[C@@]43C)[C@@H]1CC[C@@H]2C(=O)Nc1cc(ccc1C(F)(F)F)C(F)(F)F,0,0.835613,0.302329,0.184666
CN1CCN(CC1)C(=O)C[C@H]1CC[C@@H]2[C@H](COC[C@@H](O)CN2C(=O)C2CC2)O1,0,0.560749,0.033716,0.018703
CC(O)C(=O)Nc1c(I)c(C(=O)NC(CO)CO)c(I)c(C(=O)NC(CO)CO)c1I,0,0.316203,0.134005,0.032646
COc1ccc(cc1)NC(=O)N(C)C[C@H]1OCCCC[C@@H](C)Oc2ccc(cc2C(=O)N(C[C@H]1C)[C@@H](C)CO)NC(=O)c1ccncc1,0,0.005501,0.016506,0.001688
Clc1ccc(c(c1)Cl)C(=O)Nc1ccc2ccccc2c1,0,0.873409,0.548722,0.609358
C[C@H]1CN([C@H](C)CO)C(=O)c2c(c3ccccc3n2C)-c2ccccc2CO[C@H]1CN(C)C(=O)Nc1cccc(c1)C(F)(F)F,0,0.504101,0.099921,0.034991
OC(=O)C1(CCCC1)c1ccccc1,0,0.653517,0.150841,0.052762
C[C@@H]1CN([C@@H](C)CO)C(=O)c2cc(cnc2O[C@H]1CN(C)S(=O)(=O)c1ccc(cc1)F)Br,0,0.108089,0.020957,0.005484
C[C@H]1CN([C@H](C)CO)C(=O)Cc2cc(ccc2O[C@H]1CN(C)Cc1ccccc1)NC(=O)CCCCCC(=O)Nc1ccccc1N,0,0.007152,0.018980,0.003142
O=C1CNC(=O)CN1,0,0.001533,0.036083,0.013816
COc1ccc2c3c([nH]c2c1)[C@H](CO)N(C[C@]13CCN(CC1)CC1CCCCC1)C(=O)Nc1cccc(c1)F,0,0.863971,0.918849,0.953102
C1Oc2ccc(cc2O1)-c1nn[nH]n1,0,0.069339,0.048905,0.035070
COc1ccc(cc1)CN(C)C[C@H]1OCCCC[C@H](C)Oc2ccc(cc2C(=O)N(C[C@H]1C)[C@@H](C)CO)NS(=O)(=O)c1ccc(cc1)OC,0,0.003841,0.018055,0.002339
C[C@@H]1CN([C@@H](C)CO)C(=O)c2cccc(c2O[C@@H]1CN(C)CC1CCCCC1)NC(=O)c1cnccn1,0,0.097525,0.016606,0.004450
C[C@@H]1CN([C@H](C)CO)C(=O)c2cc(ccc2O[C@@H]1CN(C)C(=O)Nc1ccc(cc1)F)NC(=O)CCCCCC(=O)Nc1ccccc1N,0,0.085078,0.017724,0.002553
CC=CC1=CC=C2[C@H]3[C@H]([C@H](CO)[C@@H](CN2C1=O)N3S(=O)(=O)c1cn(cn1)C)C(=O)NC1CCC1,0,0.036744,0.030987,0.008796
COc1ccc(cc1OC)C#Cc1cccc(c1)-c1nc(cc2c1[C@@H](CCO)N(C2)S(=O)C(C)(C)C)C(=O)N1CCN(CC1)Cc1ccccc1,0,0.075830,0.051246,0.024468
CC(C)Cn1cnc2ccccc12,0,0.161341,0.102050,0.038560
C[C@H]1CN([C@H](C)CO)C(=O)c2cc(ccc2O[C@@H]1CN(C)S(=O)(=O)C)NS(=O)(=O)c1ccc(cc1)F,0,0.018034,0.017614,0.005307
C[C@@H]1CN([C@@H](C)CO)C(=O)c2cc(ccc2O[C@H]1CN(C)S(=O)(=O)c1ccccc1)NS(=O)(=O)C,0,0.015781,0.017827,0.003665
Cl.Nc1ncnc(Nc2ccc(Cl)cc2)n1,0,0.813119,0.242951,0.124678
ONC(=N)C[n+]1ccccc1,0,0.057751,0.175190,0.060437
C[C@@H]1CCCCO[C@@H](CN(C)CC2CCCCC2)[C@H](C)CN([C@@H](C)CO)C(=O)c2cc(ccc2O1)NS(=O)(=O)c1ccc(cc1)C,0,0.017341,0.019051,0.003761
C[C@H]1CCCCO[C@@H](CN(C)C(=O)NC2CCCCC2)[C@H](C)CN([C@@H](C)CO)C(=O)c2cc(ccc2O1)NC(=O)CCC(F)(F)F,0,0.125359,0.084805,0.031359
C[C@H]1CCCCO[C@H](CN(C)Cc2ccc(cc2)C(=O)O)[C@@H](C)CN([C@H](C)CO)C(=O)c2cc(ccc2O1)NC(=O)Nc1ccc2c(c1)OCO2,0,0.013269,0.024466,0.002886
C[C@H]1CN([C@H](C)CO)C(=O)c2c(c3ccccc3n2C)-c2ccccc2CO[C@H]1CN(C)S(=O)(=O)c1ccc(cc1)C(F)(F)F,0,0.112742,0.034898,0.005384
CC(C)NC(=O)N(C)C[C@H]1Oc2ccc(cc2C(=O)N(C[C@H]1C)[C@@H](C)CO)NC(=O)C1CCCCC1,0,0.018147,0.018474,0.005004
OCCCOc1ccc(cc1)C1=N[C@@]2(CCS(=O)(=O)c3ccccc3)[C@@H](O1)c1ccccc1N(Cc1ccccc1)C2=O,0,0.002004,0.041736,0.023745
C[C@H]1CN([C@H](C)CO)S(=O)(=O)c2ccc(cc2O[C@H]1CN(C)C(=O)Nc1c(noc1C)C)C#CCN(C)C,0,0.107978,0.022996,0.008042
C[C@@H]1CN([C@@H](C)CO)S(=O)(=O)c2ccc(cc2O[C@H]1CN(C)C(=O)c1ccccn1)C#Cc1ccc(cc1)F,0,0.032016,0.019294,0.002340
COc1ccc(cc1)NC(=O)Nc1ccc2c(c1)C(=O)N(C[C@H](C)[C@H](CN(C)C(=O)Nc1ccc(cc1)F)OCCCC[C@H](C)O2)[C@@H](C)CO,0,0.040757,0.016084,0.001893
[O-][n+]1onc(c1C#N)-c1ccccc1,0,0.013176,0.285496,0.169942
OC[C@@H]1O[C@H](C[C@H]2[C@@H]1Oc1ccc(cc12)NC(=O)Nc1ccc(cc1)C(F)(F)F)CC(=O)NCCc1ccccc1,0,0.590624,0.104721,0.075066
Cl.c1ccc2c(c1)CCCC2C1=NCCN1,0,0.255102,0.077126,0.039883
C[C@H]1CN([C@H](C)CO)C(=O)CCCn2nncc2CO[C@H]1CN(C)S(=O)(=O)c1ccc2ccccc2c1,0,0.007525,0.018599,0.003294
C[C@H]1CN([C@H](C)CO)C(=O)Cc2cc(ccc2O[C@H]1CN(C)C(=O)Nc1c(noc1C)C)NC(=O)CCN1CCOCC1,0,0.003353,0.016164,0.003079
CC(C)NC(=O)Nc1cccc2c1O[C@@H](CN(C)C(=O)Nc1ccc3c(c1)OCO3)[C@@H](C)CN([C@H](C)CO)C2=O,0,0.024105,0.018324,0.003837
C[C@H]1CCCCO[C@H](CN(C)S(=O)(=O)c2ccc(cc2)C)[C@H](C)CN([C@@H](C)CO)C(=O)c2cc(ccc2O1)NC(=O)Nc1c(noc1C)C,0,0.009843,0.018248,0.002218
COc1ccc(cc1)S(=O)(=O)Nc1ccc2c(c1)C(=O)N(C[C@@H](C)[C@@H](CN(C)CC1CCCCC1)OCCCC[C@@H](C)O2)[C@@H](C)CO,0,0.013497,0.019068,0.003372
C[C@H]1CN([C@H](C)CO)C(=O)Cc2cc(ccc2O[C@H]1CN(C)C(=O)Nc1ccc(cc1)F)NS(=O)(=O)c1cn(cn1)C,0,0.043115,0.018676,0.002715
C[C@H]1CN([C@H](C)CO)C(=O)Cc2cc(ccc2O[C@@H]1CN(C)S(=O)(=O)c1c(noc1C)C)NC(=O)Nc1c(noc1C)C,0,0.017016,0.017295,0.003910
C[C@@H]1CCCCO[C@H](CN(C)C(=O)Nc2cccc3ccccc23)[C@H](C)CN([C@H](C)CO)C(=O)c2cc(ccc2O1)NS(=O)(=O)c1cn(cn1)C,0,0.007867,0.018999,0.002410
C[C@@H]1CCCCO[C@@H](CN(C)C(=O)Nc2ccccc2)[C@H](C)CN([C@H](C)CO)C(=O)c2cc(ccc2O1)NC(=O)Nc1cccc2ccccc12,0,0.009598,0.016661,0.002179
C[C@H]1CCCCO[C@H](CN(C)S(=O)(=O)c2ccc(cc2)Cl)[C@H](C)CN([C@H](C)CO)C(=O)c2cc(ccc2O1)NC(=O)Nc1ccc2c(c1)OCO2,0,0.004812,0.017862,0.002358
C[C@@H]1CN([C@H](C)CO)C(=O)Cc2cc(ccc2O[C@@H]1CN(C)C(=O)Nc1c(noc1C)C)NC(=O)CCN1CCOCC1,0,0.003353,0.016164,0.003079
C[C@@H]1CN([C@@H](C)CO)C(=O)Cc2cc(ccc2O[C@@H]1CN(C)C(=O)Nc1ccccc1)NC(=O)CCN1CCOCC1,0,0.002192,0.016810,0.002777
C[C@@H]1CCCCO[C@@H](CN(C)C(=O)Nc2ccccc2)[C@H](C)CN([C@@H](C)CO)C(=O)c2cc(ccc2O1)NC(=O)Nc1ccccc1,0,0.010096,0.016683,0.001980
COc1ccccc1S(=O)(=O)N(C)C[C@H]1OCc2cn(nn2)CCCC(=O)N(C[C@H]1C)[C@H](C)CO,0,0.022584,0.020702,0.003413
CCCN(C)C[C@@H]1OCCCC[C@@H](C)Oc2ccc(cc2C(=O)N(C[C@@H]1C)[C@H](C)CO)NS(=O)(=O)c1cn(cn1)C,0,0.036803,0.020525,0.003426
C[C@@H]1CN([C@H](C)CO)C(=O)Cc2cc(ccc2O[C@@H]1CN(C)C(=O)Nc1ccccc1)NC(=O)Nc1ccc(cc1)C(F)(F)F,0,0.329802,0.064749,0.030416
C[C@@H]1CCCCO[C@H](CN(C)Cc2ccc(cc2)C(=O)Nc2ccccc2N)[C@@H](C)CN([C@H](C)CO)C(=O)c2cc(ccc2O1)N(C)C,0,0.017646,0.018387,0.002987
CC(=C(CCOP(=O)(O)O)SC(=O)c1ccccc1)N(C=O)Cc1cnc(C)nc1N,0,0.000002,0.457436,0.477047
Cc1ccc(cc1)S(=O)(=O)N1C[C@@H](O)COC[C@@H]2O[C@@H](CC[C@H]21)CC(=O)N1CCc2ccccc2C1,0,0.055229,0.034510,0.012221
CC(C)NC(=O)Nc1ccc2c(c1)C(=O)N(C[C@@H](C)[C@@H](CN(C)Cc1ccccc1)OCCCC[C@H](C)O2)[C@@H](C)CO,0,0.017135,0.017099,0.002977
C[C@@H]1CN([C@H](C)CO)C(=O)c2cc(ccc2O[C@@H]1CN(C)S(=O)(=O)c1c(noc1C)C)NS(=O)(=O)c1ccccc1,0,0.004424,0.017597,0.002928
C[C@@H]1CCCCO[C@H](CN(C)C(=O)Nc2ccc(cc2)F)[C@H](C)CN([C@H](C)CO)C(=O)c2cc(ccc2O1)NC(=O)c1ccncc1,0,0.017896,0.016450,0.001829
C[C@@H]1CCCCO[C@@H](CN(C)C(=O)Nc2c(noc2C)C)[C@H](C)CN([C@H](C)CO)C(=O)c2cc(ccc2O1)NS(=O)(=O)c1ccccc1,0,0.003356,0.017499,0.002034
c1cn(cn1)-c1ccc(nn1)-n1ccnc1,0,0.850668,0.160557,0.071708
COCC#Cc1ccc2c(c1)O[C@@H](CN(C)C(=O)Nc1ccccc1F)[C@H](C)CN([C@H](C)CO)S2(=O)=O,0,0.432894,0.040486,0.006360
C[C@@H]1CN([C@@H](C)CO)C(=O)c2cccc(c2O[C@H]1CN(C)C(=O)Nc1ccc2c(c1)OCO2)NC(=O)c1ccc(cc1)-c1nccs1,0,0.004661,0.020297,0.002837
N=C(N)NOCCC(N)C(=O)O,0,0.009612,0.044095,0.014366
C[C@@H]1CCCCO[C@@H](CN(C)C(=O)CCC(F)(F)F)[C@H](C)CN([C@@H](C)CO)C(=O)c2cc(ccc2O1)NS(=O)(=O)c1cccs1,0,0.011592,0.021759,0.005139
O[C@H]1COC[C@H]2O[C@@H](CC[C@@H]2N(C1)C(=O)Nc1ccc(cc1)C(F)(F)F)CC(=O)NCc1ccncn1,0,0.970572,0.860088,0.693965
CN(C)CCNC(=O)[C@H]1Cn2ccnc2C2(CCN(CC2)Cc2nccs2)O1,0,0.475876,0.032216,0.009208
C[C@H]1CN([C@H](C)CO)C(=O)Cc2cc(ccc2O[C@@H]1CN(C)S(=O)(=O)c1cn(cn1)C)NS(=O)(=O)C,0,0.008482,0.017325,0.002949
C[C@@H]1CN([C@H](C)CO)C(=O)Cc2cc(ccc2O[C@@H]1CN(C)Cc1ccc(cc1)C(F)(F)F)NS(=O)(=O)c1ccc(cc1)Cl,0,0.064054,0.020541,0.003831
C[C@@H]1CCCCO[C@H](CN(C)S(=O)(=O)C)[C@H](C)CN([C@H](C)CO)C(=O)c2cc(ccc2O1)NS(=O)(=O)c1ccc(cc1)C,0,0.003331,0.017408,0.002433
C[C@H]1CCCCO[C@@H](CN(C)C(=O)Nc2ccccc2)[C@H](C)CN([C@@H](C)CO)C(=O)c2cc(ccc2O1)NC(=O)Nc1cccc2ccccc12,0,0.009598,0.016661,0.002179
CCSC(=S)N[C@H]1CCS(=O)(=O)C1,0,0.000000,0.038882,0.021636
C[C@@H]1CN([C@@H](C)CO)C(=O)CCCn2cc(nn2)CO[C@H]1CN(C)C(=O)Nc1cccc(c1)C(F)(F)F,0,0.792080,0.915991,0.744007
COc1ccc(cc1)NC(=O)Nc1ccc2c(c1)C(=O)N(C[C@H](C)[C@@H](CN(C)Cc1ccc(cc1)C(=O)O)OCCCC[C@@H](C)O2)[C@@H](C)CO,0,0.024512,0.022659,0.001836
C[C@@H]1CN([C@@H](C)CO)S(=O)(=O)c2ccc(cc2O[C@H]1CN(C)C(=O)Nc1cccc(c1)F)C#CC1(O)CCCC1,0,0.091011,0.022500,0.005093
CC(C)NC(=O)Nc1ccc2c(c1)CC(=O)N(C[C@H](C)[C@@H](CN(C)Cc1ccc3c(c1)OCO3)O2)[C@@H](C)CO,0,0.022189,0.023361,0.003816
C[C@@H]1CCCCO[C@H](CN(C)Cc2ccc(cc2)C(F)(F)F)[C@@H](C)CN([C@H](C)CO)C(=O)c2cc(ccc2O1)NC(=O)NC1CCCCC1,0,0.287664,0.032057,0.013052
C[C@@H]1CCCCO[C@@H](CN(C)C(=O)C2CCCCC2)[C@H](C)CN([C@H](C)CO)C(=O)c2cc(ccc2O1)NS(=O)(=O)c1cccs1,0,0.003686,0.018318,0.003950
C[C@H]1CN([C@@H](C)CO)C(=O)c2cc(ccc2O[C@H]1CN(C)S(=O)(=O)c1c(noc1C)C)NS(=O)(=O)c1cccs1,0,0.006486,0.017561,0.003683
CC(C)CNC(=O)[C@]1(CC(=O)N(C2Cc3ccccc3C2)[C@@H]1c1ccc(cc1I)CO)Sc1ccc(cc1)C,0,0.913516,0.192877,0.075071
CO[C@@H]1CN(C)C(=O)c2ccc(cc2OC[C@@H](C)N(CC2CC2)C[C@H]1C)NS(=O)(=O)c1cn(cn1)C,0,0.009673,0.018355,0.002991
NCCc1cc2nc(ccn2n1)-c1ccncc1,0,0.160809,0.050310,0.054464
COc1cccc(c1)S(=O)(=O)N(C)C[C@@H]1Oc2ncc(cc2C(=O)N(C[C@@H]1C)[C@H](C)CO)Br,0,0.034936,0.019669,0.004495
COc1ccc(c(c1)S(=O)(=O)N1[C@@H]2CC[C@@H](C2)[C@H]1c1nc2cccc(c2[nH]1)OCc1ccccc1)OC,0,0.415185,0.090683,0.036321
O=C(Nc1nnn[nH]1)c1cncc(n1)N1CCCC1,0,0.230069,0.038694,0.018529
C[C@@H]1CN([C@H](C)CO)C(=O)c2cc(ccc2O[C@H]1CN(C)S(=O)(=O)c1ccc(cc1)Cl)NC(=O)CCCN(C)C,0,0.028127,0.018740,0.003557
OCCN(Cc1ccccc1)C(=O)C[C@@H]1CC=CCC[C@@H](Cc2ccc(cc2)F)C(=O)OC[C@H](Cc2c[nH]c3ccccc23)NC1=O,0,0.008910,0.057026,0.009090
CC(C)NC(=O)N(C)C[C@H]1Oc2c(cccc2C(=O)N(C[C@H]1C)[C@@H](C)CO)NS(=O)(=O)c1ccc(cc1)F,0,0.074788,0.022881,0.006531
C[C@H]1CN([C@H](C)CO)C(=O)c2cc(ccc2O[C@H]1CN(C)Cc1ccc(cc1)Oc1ccccc1)NS(=O)(=O)c1c(noc1C)C,0,0.002721,0.018926,0.003443
CC(C)NC(=O)Nc1cccc2c1O[C@@H](CN(C)S(=O)(=O)c1ccc(cc1)F)[C@H](C)CN([C@@H](C)CO)C2=O,0,0.121331,0.021427,0.004071
C[C@@H]1CN([C@H](C)CO)C(=O)CCCn2cc(nn2)CO[C@@H]1CN(C)S(=O)(=O)c1ccc(cc1)Cl,0,0.027600,0.027396,0.005703
C[C@@H]1CCCCO[C@@H](CN(C)S(=O)(=O)c2ccc(cc2)Cl)[C@@H](C)CN([C@H](C)CO)C(=O)c2cc(ccc2O1)NS(=O)(=O)c1ccc(cc1)Cl,0,0.009945,0.018203,0.002737
OC[C@@H]1O[C@H](CCNS(=O)(=O)c2ccc(cc2)F)CC[C@@H]1NS(=O)(=O)c1ccccc1Cl,0,0.225388,0.064353,0.014182
NS(=O)(=O)c1cc(c(cc1Cl)NCc1cccs1)-c1nn[nH]n1,0,0.000953,0.342039,0.055516
C[C@@H]1CCCCO[C@H](CN(C)Cc2ccccc2)[C@@H](C)CN([C@H](C)CO)C(=O)c2cc(ccc2O1)NC(=O)NC1CCCCC1,0,0.025546,0.017168,0.003187
C[C@@H]1CN([C@@H](C)CO)C(=O)Cc2cc(ccc2O[C@@H]1CN(C)C(=O)Nc1ccc(cc1)F)NC(=O)CCN1CCOCC1,0,0.008481,0.019335,0.004071
NC(=O)CC[C@H]1CCCNC1,0,0.050571,0.022415,0.005324
C[C@@H]1CN([C@H](C)CO)C(=O)CCCn2cc(nn2)CO[C@@H]1CN(C)S(=O)(=O)c1c(noc1C)C,0,0.013210,0.021546,0.003994
C[C@@H]1CCCCO[C@H](CN(C)C(=O)NC2CCCCC2)[C@@H](C)CN([C@H](C)CO)C(=O)c2cc(ccc2O1)NC(=O)CCC(F)(F)F,0,0.125359,0.084805,0.031359
C[C@@H]1CCCCO[C@@H](CN(C)Cc2ccncc2)[C@H](C)CN([C@@H](C)CO)C(=O)c2cc(ccc2O1)NC(=O)C1CCCCC1,0,0.017324,0.017148,0.003012
C[C@H]1CN([C@H](C)CO)S(=O)(=O)c2ccc(cc2O[C@@H]1CN(C)S(=O)(=O)c1ccccc1F)-c1ccncc1,0,0.031573,0.024711,0.003419
CC[C@@H](N)[C@@H](O)c1ccc(c(c1)O)O,0,0.443313,0.058779,0.040819
C[C@@H]1CN([C@H](C)CO)C(=O)c2cc(ccc2O[C@H]1CN(C)C(=O)Nc1ccc2c(c1)OCO2)NS(=O)(=O)c1c(noc1C)C,0,0.005181,0.019023,0.003396
NC[C@H]1CN(C(=O)C1)c1ccccc1,0,0.151045,0.035294,0.012459
C[C@H]1CN([C@@H](C)CO)C(=O)Cc2cc(ccc2O[C@@H]1CN(C)Cc1ccc(cc1)Oc1ccccc1)NC(=O)NC1CCCCC1,0,0.017403,0.026934,0.003779
COc1ccc(cc1)NC(=O)Nc1ccc2c(c1)C(=O)N(C[C@@H](C)[C@H](CN(C)C(=O)Nc1ccc(cc1)F)OCCCC[C@@H](C)O2)[C@@H](C)CO,0,0.040757,0.016084,0.001893
CC(C)NC(=O)N(C)C[C@H]1Oc2ccc(cc2CC(=O)N(C[C@@H]1C)[C@@H](C)CO)NC(=O)Cn1cnnn1,0,0.003821,0.025809,0.004780
CCS(=O)(=O)N1C[C@]2(CCN(CC2)Cc2cccc(c2)OC)c2c(n(c3cc(ccc23)OC)C)[C@@H]1CO,0,0.201658,0.051296,0.015478
OC[C@H]1O[C@@H](CC[C@@H]1NC(=O)c1ccc2c(c1)OCO2)CC(=O)N1CCOCC1,0,0.002788,0.018917,0.004800
COc1ccc(cc1)NC(=O)N(C)C[C@H]1OCCCC[C@H](C)Oc2ccc(cc2C(=O)N(C[C@@H]1C)[C@@H](C)CO)NC(=O)Cc1ccccc1,0,0.004237,0.016346,0.001686
COc1ccc(cc1)CN(C)C[C@@H]1OCCCC[C@@H](C)Oc2ccc(cc2C(=O)N(C[C@H]1C)[C@H](C)CO)NS(=O)(=O)c1ccc(cc1)F,0,0.012111,0.018471,0.002819
CC1=C(C(=O)O)N2C(=O)C(NC(=O)C(N)c3ccccc3)C2SC1,0,0.996067,0.951952,0.770231
C[C@H]1CN([C@@H](C)CO)C(=O)c2cc(cnc2O[C@@H]1CN(C)C(=O)Cc1cccnc1)-c1ccc(cc1)C,0,0.012495,0.016957,0.003078
CCOCCCNc1nc2c([nH]1)C(=O)N(C)C(=O)N2C,0,0.561926,0.063376,0.022047
N[C@H]1CCCC[C@@H]1OCc1ccccc1,0,0.096293,0.143249,0.077907
O[C@H]1Cc2ccccc2[C@H]1NC(=O)C=C,0,0.116487,0.155297,0.037154
C[C@H]1CN([C@H](C)CO)C(=O)c2cc(ccc2O[C@H]1CN(C)Cc1ccc(cc1)C(=O)Nc1ccccc1N)NC(=O)Nc1ccccc1,0,0.012639,0.017530,0.002235
C[C@H]1CN([C@@H](C)CO)C(=O)c2cc(ccc2O[C@H]1CN(C)S(=O)(=O)c1cn(cn1)C)NC(=O)Nc1ccccc1,0,0.017693,0.017291,0.002010
CCCCS(=N)(=O)CC[C@@H](N)C(=O)O,0,0.386975,0.064776,0.019895
CC(C)C[C@@H]1N(C)C(=O)[C@@H](Cc2ccc(cc2)N2CCOCC2)OC(=O)[C@H](CC(C)C)N(C)C(=O)[C@@H](C)OC(=O)[C@@H](CC(C)C)N(C)C(=O)[C@@H](Cc2ccc(cc2)N2CCOCC2)OC(=O)[C@H](CC(C)C)N(C)C(=O)[C@@H](C)OC1=O,0,0.893481,0.102199,0.014734
C[C@H]1CN([C@H](C)CO)C(=O)c2cccc(c2O[C@@H]1CN(C)S(=O)(=O)c1cn(cn1)C)NC(=O)CCCN(C)C,0,0.026931,0.018665,0.002935
COc1ccc(cc1)NC(=O)N(C)C[C@H]1Oc2ccc(cc2C(=O)N(C[C@H]1C)[C@@H](C)CO)NC(=O)CCCN(C)C,0,0.014564,0.018420,0.002251
CC1CCC2(NC1)OC1CC3C4CCC5CC(O)CCC5(C)C4CCC3(C)C1C2C.Cl,0,0.887788,0.207133,0.048092
CCc1cc(c(s1)N)C(=O)N,0,0.194543,0.035669,0.013244
COCC#Cc1cnc2c(c1)C(=O)N(C[C@@H](C)[C@H](CN(C)C(=O)Nc1ccc(cc1)OC)O2)[C@@H](C)CO,0,0.064061,0.017457,0.002808
C[C@H]1CCCCO[C@H](CN(C)S(=O)(=O)c2ccccc2)[C@@H](C)CN([C@@H](C)CO)C(=O)c2cc(ccc2O1)NC(=O)C1CCCCC1,0,0.002160,0.017559,0.002473
O[C@@H]1COC[C@H]2O[C@@H](CC[C@@H]2N(C1)S(=O)(=O)c1cccc(c1)F)CC(=O)NCc1ccc2c(c1)OCO2,0,0.181294,0.021204,0.009803
C[C@@H]1CN([C@H](C)CO)C(=O)c2cccc(c2O[C@@H]1CN(C)Cc1ccc2c(c1)OCO2)NS(=O)(=O)c1cn(cn1)C,0,0.006758,0.018109,0.002305
CC(C)CC#Cc1cnc2c(c1)C(=O)N(C[C@H](C)[C@@H](CN(C)S(=O)(=O)c1cn(cn1)C)O2)[C@H](C)CO,0,0.019165,0.020143,0.004407
OCc1cccnc1,0,0.023851,0.082159,0.019216
COc1ccc(cc1)CN(C)C[C@H]1OCCCC[C@@H](C)Oc2ccc(cc2C(=O)N(C[C@@H]1C)[C@@H](C)CO)NC(=O)NC1CCCCC1,0,0.040195,0.016381,0.003661
CO[C@@H]1CN(C)C(=O)c2ccc(cc2OC[C@H](C)N(C[C@@H]1C)Cc1cccc(c1)F)NS(=O)(=O)c1cn(cn1)C,0,0.020627,0.018686,0.003519
C[C@H]1CN([C@H](C)CO)C(=O)c2cccc(c2O[C@@H]1CN(C)S(=O)(=O)c1cn(cn1)C)NC(=O)c1cnccn1,0,0.034894,0.019110,0.002847
C[N+](C)(C)CCCC[C@@H]1NC(=O)[C@H]2C[C@H]([C@H](N2C1=O)c1cccc(c1)OCCO)C(=O)OCCOc1ccc(cc1)[C@@H]1N2[C@H]([C@H](C(=O)OCC=C)[C@@]11C(=O)Nc3ccc(cc31)I)C(=O)O[C@H]([C@H]2c1ccccc1)c1ccccc1,0,0.144336,0.057069,0.003589
CNC(=O)CN1CCOC[C@]2(CCCN(C2)C(=O)c2ccn(n2)C)C1,0,0.105756,0.068387,0.016915
N[C@@H]1CC[C@@H](CCn2cc(nn2)-c2ccccn2)O[C@H]1CO,0,0.656604,0.039754,0.011004
C[C@H]1CCCCO[C@@H](CN(C)S(=O)(=O)c2ccc(cc2)Cl)[C@H](C)CN([C@@H](C)CO)C(=O)c2cc(ccc2O1)NC(=O)CCC(F)(F)F,0,0.053238,0.019330,0.003437
COc1ccc(cc1)CNC(=O)C[C@H]1CC[C@H]2[C@H](COc3ccc(cc3C(=O)N2C)NC(=O)C(C)C)O1,0,0.018859,0.023874,0.009396
C[C@@H]1CCCCO[C@@H](CN(C)Cc2ccc3c(c2)OCO3)[C@H](C)CN([C@H](C)CO)C(=O)c2cc(ccc2O1)NC(=O)c1ccccc1,0,0.001803,0.016750,0.002411
CCS(=O)(=O)N1C[C@]2(CN(Cc3cccc(c3)Cl)[C@@H](CO)c3c2c2ccc(cc2n3C)OC)C1,0,0.024817,0.072581,0.017491
CNC(=O)CN1C(=O)N(C)c2nccc(c2C1=O)OC,0,0.847339,0.090916,0.046601
CCOc1cc(cc(c1)C(=O)N[C@@H](Cc1ccc(cc1)-n1cc(nn1)CCC(=O)NO)C(=O)OC)OCC,0,0.398241,0.091080,0.044524
COc1ccccc1C#Cc1ccc2c(c1)O[C@@H](CN(C)Cc1cncnc1)[C@@H](C)CN([C@@H](C)CO)S2(=O)=O,0,0.110871,0.016696,0.002991
O[C@@H]1COC[C@H]2O[C@@H](CC[C@@H]2N(C1)S(=O)(=O)c1ccc(cc1)Cl)CC(=O)NCCN1CCCCC1,0,0.746196,0.123156,0.032232
COc1ccc(cc1)NC(=O)N(C)C[C@@H]1Oc2ccc(cc2C(=O)N(C[C@H]1C)[C@@H](C)CO)NS(=O)(=O)c1cn(cn1)C,0,0.032607,0.016865,0.002352
C[C@H]1CN([C@H](C)CO)C(=O)Cc2cc(ccc2O[C@H]1CN(C)S(=O)(=O)C)NC(=O)CCCN(C)C,0,0.004063,0.020448,0.004570
C[C@@H]1CN([C@@H](C)CO)C(=O)c2cc(ccc2O[C@H]1CN(C)C(=O)Nc1ccc2c(c1)OCO2)NS(=O)(=O)c1c(noc1C)C,0,0.005181,0.019023,0.003396
COc1ccccc1C#Cc1ccc2c(c1)O[C@H](CN(C)Cc1cncnc1)[C@@H](C)CN([C@H](C)CO)S2(=O)=O,0,0.110871,0.016696,0.002991
C[C@@H]1CN([C@@H](C)CO)C(=O)c2cc(ccc2O[C@@H]1CN(C)Cc1ccncc1)NS(=O)(=O)c1ccccc1,0,0.002445,0.017265,0.002283
O[C@H]1[C@@H](O)[C@@H](O[C@@H]1COP(=O)(O)OP(=O)(O)OP(=O)(O)O)N1C=CC(=O)NC1=O,0,0.000000,0.195912,0.135040
N[C@@H](CCC(=O)N[C@@H](CCS[C@@H](CC(=O)O)C(=O)O)C(=O)NCC(=O)O)C(=O)O,0,0.012989,0.116802,0.058813
COCC(=O)N(C)C[C@H]1Oc2cc(ccc2S(=O)(=O)N(C[C@H]1C)[C@@H](C)CO)C#Cc1cccnc1,0,0.067273,0.024129,0.003732
C[C@@H]1CN([C@H](C)CO)C(=O)c2cc(ccc2O[C@H]1CN(C)S(=O)(=O)c1ccc(cc1)F)NS(=O)(=O)c1ccccc1,0,0.006298,0.017641,0.003428
ClC1=C(Cl)C(=O)NNC1=O,0,0.791851,0.086401,0.088905
OCC(CO)NC1CC(O)(CO)C(O)C(O)C1O,0,0.000957,0.108662,0.023566
C[C@@H]1CN([C@H](C)CO)C(=O)c2cc(ccc2O[C@H]1CN(C)S(=O)(=O)C)NS(=O)(=O)c1c(noc1C)C,0,0.013690,0.018628,0.004834
COc1cccc(c1)S(=O)(=O)Nc1ccc2c(c1)[C@H]1C[C@@H](CC(=O)NCC(F)(F)F)O[C@@H](CO)[C@H]1O2,0,0.084055,0.022955,0.006945
C[C@H]1CN([C@@H](C)CO)S(=O)(=O)c2ccc(cc2O[C@H]1CN(C)C(=O)c1ccncc1)-c1cccc(c1)C#N,0,0.000093,0.017492,0.001911
CC=CC1=CC=C2[C@@H]3[C@@H]([C@@H](CO)[C@H](CN2C1=O)N3S(=O)(=O)c1cn(cn1)C)C(=O)NCC1CC1,0,0.026530,0.029603,0.007034
C[C@H]1CN([C@@H](C)CO)C(=O)c2cccc(c2O[C@H]1CN(C)S(=O)(=O)c1cccs1)NC(=O)c1ccncc1,0,0.004327,0.017711,0.002368
C[C@H]1CN([C@@H](C)CO)C(=O)Cc2cc(ccc2O[C@@H]1CN(C)S(=O)(=O)C)NC(=O)Nc1ccc(cc1)F,0,0.041963,0.026386,0.004944
COc1ccc(cc1)CN(C)C[C@@H]1Oc2c(cccc2C(=O)N(C[C@H]1C)[C@@H](C)CO)NC(=O)c1cc(nn1C)C,0,0.017641,0.017821,0.003180
C[C@@H]1CN([C@H](C)CO)C(=O)Cc2cc(ccc2O[C@H]1CN(C)C(=O)Nc1cccc2ccccc12)NC(=O)Cc1cn(c2ccccc12)C,0,0.003998,0.015192,0.002968
CCOc1ccc(nn1)N1CCNCC1,0,0.155645,0.022333,0.009120
C[C@@H]1CCCCO[C@H](CN(C)CC2CC2)[C@@H](C)CN([C@H](C)CO)C(=O)c2cc(ccc2O1)NC(=O)Nc1cccc2ccccc12,0,0.066924,0.019242,0.004284
CNC(=O)C[C@@H]1CC[C@H]2[C@H](COc3ccc(cc3C(=O)N2C)NC(=O)c2ccc(cc2)C(F)(F)F)O1,0,0.288509,0.247973,0.167760
C[C@@H]1CN([C@H](C)CO)C(=O)c2cc(ccc2O[C@H]1CN(C)S(=O)(=O)c1cn(cn1)C)NC(=O)NC1CCCCC1,0,0.023913,0.017570,0.003170
C[C@H]1CN([C@H](C)CO)C(=O)Cc2cc(ccc2O[C@H]1CN(C)S(=O)(=O)c1c(noc1C)C)NC(=O)NC1CCCCC1,0,0.018042,0.020308,0.004980
C[C@H]1CN([C@@H](C)CO)C(=O)c2cc(ccc2O[C@H]1CN(C)S(=O)(=O)C)NC(=O)Cc1cn(c2ccccc12)C,0,0.007952,0.018402,0.002285
CCS(=O)(=O)Nc1ccc2c(c1)C(=O)N(C)[C@@H]1CC[C@H](CC(=O)NCc3ccccc3F)O[C@H]1CO2,0,0.015681,0.019705,0.005068
COc1ccc(cc1)NC(=O)N(C)C[C@H]1Oc2ccc(cc2C(=O)N(C[C@@H]1C)[C@@H](C)CO)NC(=O)CCN1CCOCC1,0,0.003443,0.016489,0.002145
CC(=O)n1cc(c2ccccc12)[C@H]1C[C@@H](OCCCCOC(=O)NCCCCCC(=O)NO)OC(=C1)C(=O)N1CCOCC1,0,0.000062,0.073663,0.025378
C[C@@H]1CN([C@@H](C)CO)C(=O)Cc2cc(ccc2O[C@H]1CN(C)S(=O)(=O)c1c(noc1C)C)N(C)C,0,0.007718,0.026008,0.004426
CCC(c1cccc(O)c1)C(C)CN(C)C.Cl,0,0.647474,0.345249,0.186858
C[C@@H]1CCCCO[C@H](CN(C)C(=O)NC2CCCCC2)[C@H](C)CN([C@H](C)CO)C(=O)c2cc(ccc2O1)NS(=O)(=O)c1ccc(cc1)Cl,0,0.009651,0.017445,0.002350
COc1ccc(cc1)S(=O)(=O)Nc1ccc2c(c1)C(=O)N(C[C@@H](C)[C@@H](CN(C)S(=O)(=O)C)O2)[C@H](C)CO,0,0.010324,0.018051,0.003894
COc1ccc(cc1)/C=C\1/NC(=O)NC1=O,0,0.076481,0.144552,0.092752
O=C1CCCSc2ccccc21,0,0.356747,0.050549,0.014548
C[C@H]1CN([C@H](C)CO)C(=O)c2cccc(c2O[C@H]1CN(C)C(=O)Nc1ccc2c(c1)OCO2)NS(=O)(=O)C,0,0.027740,0.017493,0.003269
COCCOC(=O)N1C(=O)[C@@]2([C@H]([C@H]3N([C@@H]([C@@H](OC3=O)c3ccccc3)c3ccccc3)[C@H]2c2ccc(cc2)OCCO)C(=O)NC[C@H](O)c2ccccc2)c2cc(ccc21)C#CC1=CCCCC1,0,0.117477,0.017979,0.010143
COc1ccc(cc1)CN(C)C[C@H]1OCCCC[C@H](C)Oc2ccc(cc2C(=O)N(C[C@@H]1C)[C@@H](C)CO)NC(=O)Nc1ccccc1,0,0.024528,0.016291,0.002226
C[C@@H]1CCCCO[C@H](CN(C)Cc2ccc(cc2)C(=O)Nc2ccccc2N)[C@@H](C)CN([C@@H](C)CO)C(=O)c2cc(ccc2O1)NS(=O)(=O)c1ccc(cc1)Cl,0,0.004564,0.018642,0.001601
CC1OC1P(=O)([O-])[O-].[Ca+2],0,0.704326,0.144842,0.063673
NC(=O)NCC#Cc1ccc2c(c1)[C@@]1([C@@H]([C@@H]3N([C@H]([C@H](OC3=O)c3ccccc3)c3ccccc3)[C@@H]1c1ccc(cc1)OCCO)C(=O)N)C(=O)N2,0,0.666053,0.091642,0.048873
CC(C)NC(=O)Nc1ccc2c(c1)C(=O)N(C[C@H](C)[C@@H](CN(C)C(=O)NC1CCCCC1)O2)[C@@H](C)CO,0,0.019238,0.018665,0.005203
CCCN(C)C[C@@H]1OCCCC[C@H](C)Oc2ccc(cc2C(=O)N(C[C@@H]1C)[C@H](C)CO)NC(=O)c1ccccc1,0,0.008478,0.017239,0.003447
C[C@H]1CN([C@H](C)CO)C(=O)c2cc(ccc2O[C@@H]1CN(C)S(=O)(=O)c1ccc(cc1)Cl)NC(=O)CCN1CCOCC1,0,0.004810,0.017421,0.002514
COc1ccc(c(c1)OC)CN(c1ncns1)S(=O)(=O)c1ccc(c(c1)C#N)Oc1c(cc(cc1-c1ccnn1C)F)F,0,0.002792,0.580825,0.117314
OC[C@@H]1O[C@H](CCNC(=O)CN2CCOCC2)CC[C@H]1NS(=O)(=O)c1ccc(cc1)Cl,0,0.014619,0.030989,0.013261
C[C@H]1CN([C@@H](C)CO)C(=O)Cc2cc(ccc2O[C@H]1CN(C)CC1CCCCC1)NC(=O)Nc1ccc(cc1)C(F)(F)F,0,0.633416,0.157633,0.139260
COc1ccc(cc1)S(=O)(=O)Nc1ccc2c(c1)C(=O)N(C[C@H](C)[C@@H](CN(C)S(=O)(=O)c1cn(cn1)C)OCCCC[C@H](C)O2)[C@H](C)CO,0,0.001962,0.018013,0.002599
C[C@H]1CCCCO[C@H](CN(C)C(=O)c2ccccc2)[C@H](C)CN([C@@H](C)CO)C(=O)c2cc(ccc2O1)NS(=O)(=O)c1ccc(cc1)Cl,0,0.001227,0.017528,0.001778
COc1ccc(cc1)-c1cnc2c(c1)C(=O)N(C[C@H](C)[C@@H](CN(C)C(=O)Cc1ccncc1)O2)[C@H](C)CO,0,0.010576,0.016466,0.002637
CCNC(=O)C[C@H]1CC[C@@H]2[C@@H](COc3ccc(cc3C(=O)N2C)NS(=O)(=O)c2ccccc2C)O1,0,0.004168,0.020315,0.003779
C[C@@H]1CN([C@@H](C)CO)C(=O)c2cc(ccc2O[C@@H]1CN(C)C(=O)NC1CCCCC1)NC(=O)Nc1ccc(cc1)C(F)(F)F,0,0.754727,0.460219,0.302816
CC(C)NC(=O)N(C)C[C@@H]1Oc2ccc(cc2C(=O)N(C[C@H]1C)[C@H](C)CO)NC(=O)CCCN(C)C,0,0.012271,0.017585,0.003213
C[C@@H]1CN([C@@H](C)CO)C(=O)c2cc(cnc2O[C@@H]1CN(C)C(=O)Nc1cc(ccc1F)F)C#CCN(C)C,0,0.426817,0.027467,0.015438
C[C@@H]1CN([C@H](C)CO)C(=O)Cc2cc(ccc2O[C@@H]1CN(C)C(=O)Nc1ccc(cc1)C(F)(F)F)NC(=O)Nc1cccc2ccccc12,0,0.307845,0.021948,0.009868
C[C@@H]1CCCCO[C@@H](CN(C)C(=O)Nc2ccc3c(c2)OCO3)[C@H](C)CN([C@@H](C)CO)C(=O)c2cc(ccc2O1)NS(=O)(=O)c1ccc(cc1)C,0,0.001670,0.018623,0.001831
CN[C@@H](C)Cc1cnccn1,0,0.054922,0.049774,0.023428
NC(=O)c1cc(ccc1F)S(=O)(=O)N1CCOCC1,0,0.020019,0.028778,0.005502
CN1CCN(CC1)C(=O)C[C@H]1CC[C@@H]2[C@H](COc3ccc(cc3C(=O)N2C)NC(=O)c2cscn2)O1,0,0.018656,0.023408,0.009900
CC(C)C[C@H](NC(=O)[C@@H](Cc1ccc(cc1)NC(=O)N)NC(=O)[C@H](Cc1ccc(cc1)NC(=O)[C@@H]1CC(=O)NC(=O)N1)NC(=O)[C@H](CO)NC(=O)[C@@H](Cc1cccnc1)NC(=O)[C@@H](Cc1ccc(cc1)Cl)NC(=O)[C@@H](Cc1ccc2ccccc2c1)NC(=O)C)C(=O)N[C@@H](CCCCNC(C)C)C(=O)N1CCC[C@H]1C(=O)N[C@H](C)C(=O)N,0,0.002048,0.168965,0.056467
C[C@@H]1CN([C@H](C)CO)S(=O)(=O)c2ccc(cc2O[C@@H]1CN(C)CC1CCOCC1)C#Cc1cccnc1,0,0.116063,0.019661,0.003132
C[C@@H]1CN([C@H](C)CO)C(=O)c2c(c3ccccc3n2C)-c2ccccc2CO[C@H]1CN(C)Cc1cccc(c1)O,0,0.028402,0.025572,0.004077
NCC[C@@H]1CC[C@@H](NC(=O)C2CC2)[C@H](CO)O1,0,0.204547,0.026774,0.009342
CCC1=C(C)CN(C(=O)NCCc2ccc(S(=O)(=O)NC(=O)NC3CCC(C)CC3)cc2)C1=O,0,0.004582,0.108031,0.038125
C[C@@H]1CN([C@@H](C)CO)C(=O)Cc2cc(ccc2O[C@H]1CN(C)S(=O)(=O)c1ccccc1)NS(=O)(=O)C,0,0.005221,0.021700,0.004163
C[C@H]1CN([C@@H](C)CO)C(=O)Cc2cc(ccc2O[C@@H]1CN(C)C(=O)Nc1ccc(cc1)C(F)(F)F)NC(=O)Nc1ccc(cc1)C(F)(F)F,0,0.915251,0.030761,0.012561
C[C@H]1CN([C@H](C)CO)C(=O)c2cc(ccc2O[C@H]1CN(C)Cc1ccc(cc1)-c1ccccc1)NC(=O)c1ccncc1,0,0.016793,0.017937,0.002156
C[C@@H]1CCCCO[C@H](CN(C)C(=O)Cc2ccccc2)[C@H](C)CN([C@H](C)CO)C(=O)c2cc(ccc2O1)NC(=O)Nc1ccc(cc1)F,0,0.015957,0.017460,0.003151
C[C@@H]1CCCCO[C@@H](CN(C)Cc2ccc(cc2)C(F)(F)F)[C@H](C)CN([C@@H](C)CO)C(=O)c2cc(ccc2O1)NS(=O)(=O)c1cn(cn1)C,0,0.114996,0.025027,0.003857
CO[C@@H]1CN(C)C(=O)c2ccc(cc2OC[C@@H](C)N(C[C@H]1C)C(=O)Nc1ccc(cc1)C(F)(F)F)NC(=O)C1CCC1,0,0.483395,0.641721,0.468674
c1ccc(cc1)-c1ccnc(c1)-c1cc(ccn1)-c1ccccc1,0,0.633478,0.198331,0.084573
CCCN1C[C@@H](C)[C@H](CN(C)C(=O)c2ccc(cc2OC[C@@H]1C)NS(=O)(=O)c1cn(cn1)C)OC,0,0.014641,0.017874,0.002723
COC(=O)c1cccnc1,0,0.015520,0.054921,0.012161
[LiH].Cl,0,0.001492,0.243627,0.033850
C[C@@H]1CN([C@@H](C)CO)C(=O)Cc2cc(ccc2O[C@@H]1CN(C)Cc1ccc(c(c1)Cl)Cl)NS(=O)(=O)c1ccc(cc1)C,0,0.013005,0.017733,0.002821
OC(=O)CCl,0,0.003226,0.171743,0.065739
C[C@H]1CCCCO[C@@H](CN(C)CC2CC2)[C@@H](C)CN([C@@H](C)CO)C(=O)c2cc(ccc2O1)NC(=O)Nc1ccc(cc1)F,0,0.211561,0.020216,0.009703
Cn1cncc1C(=O)O,0,0.075342,0.042951,0.009958
C[C@H]1CN([C@H](C)CO)C(=O)c2cc(cnc2O[C@H]1CN(C)S(=O)(=O)c1cn(cn1)C)-c1cccc(c1)C(F)(F)F,0,0.223470,0.061762,0.028906
C[C@@H]1CN([C@@H](C)CO)C(=O)Cc2cc(ccc2O[C@H]1CN(C)S(=O)(=O)C)NC(=O)NC1CCCCC1,0,0.011528,0.022829,0.005529
CC(C)c1ccc2c(c1)[C@H](O)[C@H](N)CCO2,0,0.188709,0.065623,0.036650
COCC(=O)N(C)C[C@@H]1Oc2cc(ccc2S(=O)(=O)N(C[C@H]1C)[C@@H](C)CO)C#CCN(C)C,0,0.058621,0.021809,0.004934
CCCN1C[C@H](C)[C@@H](CN(C)C(=O)c2ccc(cc2OC[C@H]1C)NS(=O)(=O)c1cn(cn1)C)OC,0,0.014641,0.017874,0.002723
C[C@@H]1CN([C@@H](C)CO)C(=O)c2cccc(c2O[C@@H]1CN(C)S(=O)(=O)c1cn(cn1)C)NC(=O)NC1CCCCC1,0,0.041540,0.018360,0.003933
COC(=O)C[C@H]1CC[C@H]2[C@@H](COC[C@@H](O)CN2S(=O)(=O)c2ccc(cc2)F)O1,0,0.245701,0.038810,0.018630
N[C@@H]1CC[C@H](CCn2cc(nn2)C2CC2)O[C@@H]1CO,0,0.838517,0.070066,0.015263
C[C@@H]1CN([C@@H](C)CO)C(=O)Cc2cc(ccc2O[C@@H]1CN(C)Cc1ccc(c(c1)Cl)Cl)NC(=O)Nc1ccc(cc1)F,0,0.335391,0.044945,0.010512
CC(C)CCCC(C)C1CCC2C3CCC4CC(=O)CCC4(C)C3CCC12C,0,0.988626,0.123057,0.045898
C[C@H]1CN([C@@H](C)CO)C(=O)c2cc(ccc2O[C@@H]1CN(C)S(=O)(=O)C)NS(=O)(=O)C,0,0.028882,0.021186,0.003542
C[C@@H]1CN([C@H](C)CO)C(=O)c2cc(ccc2O[C@@H]1CN(C)Cc1ccc(cc1)Oc1ccccc1)NC(=O)Nc1c(noc1C)C,0,0.011808,0.016417,0.003950
NCc1cnco1,0,0.220561,0.026125,0.008386
COc1ccc(C2Sc3ccccc3N(CCN(C)C)C(=O)C2OC(C)=O)cc1.Cl,0,0.317256,0.175500,0.103699
C[C@H]1CN([C@H](C)CO)C(=O)c2cc(ccc2O[C@@H]1CN(C)Cc1ccc(cc1)C(=O)O)NC(=O)CCCN(C)C,0,0.033210,0.042094,0.006301
COc1ccccc1C#Cc1ccc2c(c1)O[C@@H](CN(C)Cc1ccncc1)[C@H](C)CN([C@H](C)CO)S2(=O)=O,0,0.057916,0.018504,0.002972
C[C@@H]1CCCCO[C@@H](CN(C)Cc2ccncc2)[C@@H](C)CN([C@H](C)CO)C(=O)c2cc(ccc2O1)NS(=O)(=O)c1ccc(cc1)C,0,0.003992,0.017488,0.001953
C[C@@H]1CCCCO[C@H](CN(C)C(=O)Nc2ccc(cc2)C(F)(F)F)[C@@H](C)CN([C@H](C)CO)C(=O)c2cc(ccc2O1)NC(=O)NC1CCCCC1,0,0.439635,0.073732,0.022143
COC(=O)Cn1c(nc2c1C(=O)N(C)C(=O)N2C)Cl,0,0.424519,0.117340,0.029224
C[C@@H]1CCCCO[C@H](CN(C)Cc2ccc(c(c2)Cl)Cl)[C@H](C)CN([C@@H](C)CO)C(=O)c2cc(ccc2O1)NS(=O)(=O)c1ccccc1,0,0.009525,0.017862,0.001853
COc1ccc(cc1)C#Cc1ccc2c(c1)[C@@]1([C@@H]([C@@H]3N([C@H]([C@H](OC3=O)c3ccccc3)c3ccccc3)[C@@H]1c1ccccc1OCCO)C(=O)N1CCN(CC1)c1ncccn1)C(=O)N2,0,0.015555,0.033655,0.005115
CS(=O)(=O)N1CCS(=O)(=O)[C@H]2CCN(CC[C@@H]21)CC1CC1,0,0.032756,0.069671,0.016417
CC(C)(C)[S@@](=O)N1Cc2cc(nc(c2[C@H]1CCO)-c1cccc(c1)-c1ccc(cc1)C#N)C(=O)NCc1ccncc1,0,0.001253,0.178596,0.037826
CN1[C@H]2CN(C[C@@H]2OCC1=O)C(=O)NCc1cccnc1,0,0.027124,0.069871,0.011601
CC(C)NC(=O)Nc1ccc2c(c1)CC(=O)N(C[C@@H](C)[C@@H](CN(C)S(=O)(=O)c1ccccc1)O2)[C@H](C)CO,0,0.005229,0.019118,0.003398
O=C(OCc1ccccc1)c1cccnc1,0,0.068153,0.180951,0.070401
O[C@H]1COC[C@@H]2O[C@H](CC[C@H]2N(C1)C(=O)C1CC1)CC(=O)NCc1ccncc1,0,0.413179,0.032086,0.016033
COc1ccc(cc1)NC(=O)Nc1ccc2c(c1)C(=O)N(C[C@H](C)[C@@H](CN(C)S(=O)(=O)c1ccccc1)OCCCC[C@@H](C)O2)[C@@H](C)CO,0,0.002368,0.017489,0.001658
CC(C)[Si]1(O[C@@H](c2ccccc2)c2cc(nc(c21)-c1ccc(cc1)Oc1ccccc1)C1CC1)C(C)C,0,0.108033,0.535948,0.365420
CCCCCCc1nc(cc2c1[Si](O[C@H]2c1ccccc1)(C(C)C)C(C)C)CCCc1cc2c(c(n1)CCCCCC)[Si](O[C@H]2c1ccccc1)(C(C)C)C(C)C,0,0.997645,0.261588,0.131329
CN(C)CC#Cc1ccc(cc1)[C@H]1[C@@H](CO)N2[C@H]1CN(CC2=O)C(=O)c1cccnc1,0,0.145171,0.025701,0.012006
OC[C@@H]1O[C@@H](CC(=O)NCc2cccc(c2)F)C=C[C@@H]1NC(=O)CN1CCOCC1,0,0.015712,0.025175,0.017943
C[C@H]1CCCCO[C@@H](CN(C)C(=O)CCC(F)(F)F)[C@@H](C)CN([C@@H](C)CO)C(=O)c2cc(ccc2O1)NC(=O)C1CCCCC1,0,0.056458,0.100241,0.056883
C[C@H]1CCCCO[C@@H](CN(C)S(=O)(=O)c2ccc(cc2)C)[C@H](C)CN([C@@H](C)CO)C(=O)c2cc(ccc2O1)NC(=O)Nc1ccc(cc1)C(F)(F)F,0,0.146991,0.026469,0.003733
C[C@H]1CCCCO[C@@H](CN(C)S(=O)(=O)c2ccccc2)[C@H](C)CN([C@@H](C)CO)C(=O)c2cc(ccc2O1)NC(=O)CCC(F)(F)F,0,0.015256,0.018776,0.002990
C[C@@H]1CN([C@H](C)CO)C(=O)c2cc(ccc2O[C@@H]1CN(C)Cc1ccncc1)NS(=O)(=O)c1ccc(cc1)F,0,0.010642,0.017151,0.002917
COc1ccc(cc1)S(=O)(=O)Nc1ccc2c(c1)C(=O)N(C[C@@H](C)[C@@H](CN(C)S(=O)(=O)c1cn(cn1)C)OCCCC[C@H](C)O2)[C@H](C)CO,0,0.001962,0.018013,0.002599
NNC(=O)CS(=O)(=O)c1ccc(cn1)C(F)(F)F,0,0.793989,0.131083,0.055927
C[C@H]1CN([C@@H](C)CO)C(=O)c2cccc(c2O[C@@H]1CN(C)Cc1ccc(cc1)C(=O)Nc1ccccc1N)NC(=O)c1ccc(cc1)-c1nccs1,0,0.007272,0.020073,0.002284
CCN(CC)C(=S)SSC(=S)N(CC)CC,1,0.000000,0.347711,0.117690
C[C@H]1CN([C@H](C)CO)C(=O)c2cc(ccc2O[C@@H]1CN(C)S(=O)(=O)c1cn(cn1)C)NC(=O)Cc1cn(c2ccccc12)C,0,0.004686,0.017743,0.002282
CN1CCN(c2c(F)cc3c(=O)c(C(=O)O)cn4c3c2OCN4C)CC1,1,0.977550,0.899440,0.946392
C[C@@H]1CN([C@@H](C)CO)C(=O)Cc2cc(ccc2O[C@H]1CN(C)Cc1ccc(cc1)C(F)(F)F)NS(=O)(=O)c1ccc(cc1)Cl,0,0.064054,0.020541,0.003831
Cc1cc(-c2ccc(N=Nc3ccc4c(S(=O)(=O)[O-])cc(S(=O)(=O)[O-])c(N)c4c3O)c(C)c2)ccc1N=Nc1ccc2c(S(=O)(=O)[O-])cc(S(=O)(=O)[O-])c(N)c2c1O.[Na+].[Na+].[Na+].[Na+],0,0.000002,0.083075,0.011604
C[C@H]1CCCCO[C@@H](CN(C)C(=O)Nc2ccccc2)[C@H](C)CN([C@@H](C)CO)C(=O)c2cc(ccc2O1)NC(=O)c1ccccc1,0,0.001823,0.016664,0.001627
C[C@@H]1CN([C@@H](C)CO)C(=O)c2c(c3ccccc3n2C)-c2ccccc2CO[C@@H]1CN(C)S(=O)(=O)C,0,0.024667,0.020423,0.003089
C[C@@H]1CN([C@H](C)CO)C(=O)Cc2cc(ccc2O[C@H]1CN(C)S(=O)(=O)c1cn(cn1)C)NC(=O)CCC(F)(F)F,0,0.034015,0.019686,0.008399
CCS(=O)(=O)NCC[C@H]1CC[C@H](NC(=O)C2CC2)[C@H](CO)O1,0,0.029827,0.024969,0.010205
C[C@@H]1CCCCO[C@@H](CN(C)C(=O)Nc2ccccc2)[C@H](C)CN([C@H](C)CO)C(=O)c2cc(ccc2O1)NC(=O)Nc1ccc(cc1)F,0,0.043054,0.015796,0.002386
CC(C=CC=C(C)C=CC(=O)C1(C)CC(O)CC1(C)C)=CC=CC=C(C)C=CC=C(C)C=CC1=C(C)CC(O)CC1(C)C,0,0.983752,0.140241,0.057402
C[C@H]1CN([C@@H](C)CO)C(=O)Cc2cc(ccc2O[C@H]1CN(C)C(=O)Nc1ccccc1)NS(=O)(=O)C,0,0.012887,0.020399,0.003759
N#C[C@@H](N1CCOCC1)c1ccccn1,0,0.000179,0.029571,0.013082
C[C@H]1CN([C@@H](C)CO)C(=O)Cc2cc(ccc2O[C@H]1CN(C)S(=O)(=O)c1cn(cn1)C)NC(=O)Nc1ccc(cc1)F,0,0.023428,0.018337,0.002509
C[C@@H]1CN([C@@H](C)CO)C(=O)c2cc(ccc2O[C@@H]1CN(C)CC1CCCCC1)NC(=O)CCCCCC(=O)Nc1ccccc1N,0,0.036967,0.017853,0.003668
OCCOc1ccccc1[C@@H]1N2[C@H]([C@H](C(=O)O)[C@@]11C(=O)Nc3ccc(cc31)C#CC1=CCCCC1)C(=O)O[C@H]([C@H]2c1ccccc1)c1ccccc1,0,0.772575,0.259436,0.086315
CC(C)CNC[C@H]1COCc2c(nnn2C1)C,0,0.041952,0.025479,0.005296
C[C@@H]1CN([C@@H](C)CO)S(=O)(=O)c2ccc(cc2O[C@H]1CN(C)C(=O)Cc1ccncc1)C#Cc1ccccc1F,0,0.053292,0.024484,0.003126
C[C@H]1CCCCO[C@@H](CN(C)Cc2ccc(cc2)C(=O)O)[C@H](C)CN([C@H](C)CO)C(=O)c2cc(ccc2O1)NC(=O)Nc1c(noc1C)C,0,0.048198,0.024345,0.002531
C[C@@H]1CN([C@@H](C)CO)C(=O)c2cccc(c2O[C@H]1CN(C)C(=O)Nc1ccc(cc1)F)NC(=O)CCCCCC(=O)Nc1ccccc1N,0,0.186299,0.018956,0.004043
C[C@@H]1CN([C@@H](C)CO)C(=O)Cc2cc(ccc2O[C@H]1CN(C)C(=O)Nc1c(noc1C)C)NC(=O)Nc1ccc(cc1)C(F)(F)F,0,0.437630,0.039650,0.026858
C[C@H]1CN([C@H](C)CO)C(=O)c2cc(cnc2O[C@H]1CN(C)CC1CCOCC1)C#CCc1ccccc1,0,0.039728,0.018891,0.002873
CN(C)C(=O)CN1CCn2cc(nc2C1)Cn1cncn1,0,0.037780,0.035730,0.010524
C[C@H]1CN([C@@H](C)CO)C(=O)c2cc(cnc2O[C@@H]1CN(C)Cc1ccc(cc1)F)C#Cc1cccnc1,0,0.058900,0.019571,0.004694
O[C@@H]1COC[C@@H]2O[C@H](CC[C@H]2N(C1)S(=O)(=O)c1ccccc1F)CC(=O)NCc1ccccc1Cl,0,0.722108,0.056174,0.027813
COc1ccc(cc1)S(=O)(=O)Nc1cccc2c1O[C@H](CN(C)S(=O)(=O)c1cn(cn1)C)[C@@H](C)CN([C@@H](C)CO)C2=O,0,0.009055,0.018593,0.003513
C[C@@H]1CCCCO[C@H](CN(C)Cc2ccc3c(c2)OCO3)[C@H](C)CN([C@H](C)CO)C(=O)c2cc(ccc2O1)NS(=O)(=O)c1ccc(cc1)C,0,0.002238,0.017756,0.002336
C[C@H]1CN([C@@H](C)CO)S(=O)(=O)c2ccc(cc2O[C@@H]1CN(C)Cc1cccnc1)C#CCN(C)C,0,0.046688,0.022017,0.003474
COc1ccc(cc1)NC(=O)N(C)C[C@H]1Oc2c(cccc2C(=O)N(C[C@H]1C)[C@H](C)CO)NS(=O)(=O)C,0,0.081331,0.016910,0.003050
Cn1cnc(c1)CCNC(=O)C[C@@H]1CC[C@H]2[C@@H](COC[C@H](O)CN2C(=O)Nc2ccc(cc2)Cl)O1,0,0.847599,0.539550,0.386871
C[C@@H]1CN([C@@H](C)CO)C(=O)c2cccc(c2O[C@H]1CN(C)Cc1ccc(cc1)C(F)(F)F)NS(=O)(=O)c1ccc(cc1)Cl,0,0.325389,0.021290,0.011653
C[C@H]1CN([C@H](C)CO)C(=O)c2cc(ccc2O[C@H]1CN(C)S(=O)(=O)c1cn(cn1)C)NC(=O)CCN1CCOCC1,0,0.001915,0.017747,0.002573
N[C@@H](C(=O)O)c1nn[nH]n1,0,0.022622,0.033301,0.008320
C[C@@H]1CCCCO[C@H](CN(C)S(=O)(=O)c2ccc(cc2)Cl)[C@@H](C)CN([C@@H](C)CO)C(=O)c2cc(ccc2O1)NS(=O)(=O)c1ccc(cc1)F,0,0.009628,0.016978,0.002585
COc1ccc(cc1)S(=O)(=O)Nc1ccc2c(c1)C(=O)N(C[C@@H](C)[C@@H](CN(C)C(=O)Nc1ccc3c(c1)OCO3)OCCCC[C@H](C)O2)[C@@H](C)CO,0,0.001369,0.018021,0.001759
C[C@H]1CCCCO[C@@H](CN(C)C(=O)C2CCCCC2)[C@H](C)CN([C@@H](C)CO)C(=O)c2cc(ccc2O1)NC(=O)CCC(F)(F)F,0,0.095727,0.080242,0.041280
C[C@H]1CN([C@H](C)CO)C(=O)Cc2cc(ccc2O[C@@H]1CN(C)C(=O)NC1CCCCC1)NC(=O)CCN1CCOCC1,0,0.001916,0.019592,0.003318
C[C@H]1CN([C@@H](C)CO)C(=O)Cc2cc(ccc2O[C@@H]1CN(C)S(=O)(=O)c1ccc(cc1)F)NC(=O)c1ccncc1,0,0.004380,0.017465,0.001917
C[C@H]1CCCCO[C@H](CN(C)C(=O)Nc2ccc(cc2)C(F)(F)F)[C@@H](C)CN([C@@H](C)CO)C(=O)c2cc(ccc2O1)NC(=O)Nc1ccc2c(c1)OCO2,0,0.136226,0.030513,0.007204
[O-][NH2+]N1CCCC1,0,0.056293,0.095791,0.027924
CN(C)CC(=O)N1[C@@H]2CN3C(=O)C(=CC=C3[C@H]1[C@H]([C@@H]2CO)C(=O)N1CCN(C)CC1)c1ccccc1,0,0.478077,0.052499,0.019229
CCS(=O)(=O)NCC[C@@H]1CC[C@@H](NS(=O)(=O)c2cccc(c2)F)[C@@H](CO)O1,0,0.055747,0.026922,0.011721
C[C@@H]1CN([C@@H](C)CO)C(=O)Cc2cc(ccc2O[C@H]1CN(C)C(=O)Nc1ccccc1)NC(=O)CCCN(C)C,0,0.016027,0.019974,0.002994
C[C@@H]1CCCCO[C@H](CN(C)C(=O)Nc2ccc(cc2)F)[C@@H](C)CN([C@@H](C)CO)C(=O)c2cc(ccc2O1)NS(=O)(=O)c1ccc(cc1)C,0,0.016080,0.017502,0.002123
CCS(=O)(=O)N1CC[C@]2(CC1)CN(CC1CCOCC1)[C@H](CO)c1c2c2ccc(cc2n1C)OC,0,0.126879,0.041910,0.012549
CNC(=O)c1ccc(cc1)CO,0,0.030896,0.054720,0.015287
C[C@@H]1CN([C@@H](C)CO)C(=O)c2cccc(c2O[C@H]1CN(C)C(=O)Nc1ccc(cc1)C(F)(F)F)NC(=O)CCCCCC(=O)Nc1ccccc1N,0,0.713287,0.056948,0.029686
Cc1cn(C2C=CC(CO)O2)c(=O)[nH]c1=O,0,0.559237,0.067866,0.063139
C[C@H]1CCCCO[C@H](CN(C)Cc2ccccc2)[C@H](C)CN([C@H](C)CO)C(=O)c2cc(ccc2O1)NS(=O)(=O)c1ccccc1,0,0.001944,0.017512,0.002677
C[C@@H]1CCCCO[C@H](CN(C)C(=O)C2CCCCC2)[C@@H](C)CN([C@H](C)CO)C(=O)c2cc(ccc2O1)NC(=O)Nc1ccc(cc1)C(F)(F)F,0,0.365697,0.160266,0.058974
C[C@H]1CN([C@@H](C)CO)C(=O)CCCn2nncc2CO[C@H]1CN(C)C(=O)Nc1ccc(cc1)C(F)(F)F,1,0.714996,0.929655,0.945294
C[C@H]1CN([C@H](C)CO)C(=O)c2cccc(c2O[C@H]1CN(C)C(=O)Nc1cccc2ccccc12)NC(=O)Nc1ccccc1,0,0.035809,0.019173,0.004103
COc1ccc(cc1)S(=O)(=O)Nc1ccc2c(c1)CC(=O)N(C[C@@H](C)[C@H](CN(C)S(=O)(=O)c1ccc(cc1)C)O2)[C@H](C)CO,0,0.001628,0.017948,0.002222
O=C1C(=COc2ccccc21)c1nn[nH]n1,0,0.024867,0.059188,0.047642
COc1ccc(cc1)NC(=O)N(C)C[C@H]1OCCCC[C@H](C)Oc2ccc(cc2C(=O)N(C[C@H]1C)[C@@H](C)CO)NC(=O)Nc1cccc2ccccc12,0,0.012484,0.016421,0.002088
C[C@@H]1CN([C@@H](C)CO)C(=O)c2cc(ccc2O[C@H]1CN(C)C(=O)Nc1ccccc1)NS(=O)(=O)c1c(noc1C)C,0,0.026216,0.016945,0.003498
C[C@@H]1CN([C@@H](C)CO)S(=O)(=O)c2ccc(cc2O[C@H]1CN(C)S(=O)(=O)c1ccccc1F)C#Cc1ccccc1,0,0.037154,0.025139,0.005221
CO[C@H]1CN(C)C(=O)c2ccc(cc2OC[C@H](C)N(CCC(F)(F)F)C[C@@H]1C)NS(=O)(=O)c1cn(cn1)C,0,0.098876,0.025235,0.005385
COc1ccc(cc1)CN(C)C[C@H]1Oc2ccc(cc2CC(=O)N(C[C@@H]1C)[C@H](C)CO)NS(=O)(=O)C,0,0.011076,0.025977,0.005588
CC(C)NC[C@H]1CCC(=O)N1,0,0.004539,0.030670,0.008216
COC(=O)[C@@H](C)S(=O)(=O)NC(=O)C1=CN=C2C=CC=CN2C1=O,0,0.000920,0.255925,0.015982
C[C@H]1CN([C@H](C)CO)C(=O)c2cccc(c2O[C@@H]1CN(C)Cc1ccccc1)NC(=O)C1CCOCC1,0,0.021691,0.016321,0.003297
C[C@@H]1CN([C@@H](C)CO)C(=O)c2cc(ccc2O[C@H]1CN(C)S(=O)(=O)c1cn(cn1)C)NS(=O)(=O)c1ccc(cc1)F,0,0.009703,0.018050,0.003337
CC(C)NC(=O)Nc1ccc2c(c1)C(=O)N(C[C@H](C)[C@H](CN(C)C(=O)Nc1ccc(cc1)C(F)(F)F)OCCCC[C@@H](C)O2)[C@H](C)CO,0,0.472247,0.053365,0.032260
C[C@@H]1CN([C@H](C)CO)C(=O)c2cccc(c2O[C@@H]1CN(C)Cc1ccc(cc1)Oc1ccccc1)NC(=O)c1cc(nn1C)C,0,0.005460,0.017198,0.003053
CN1CCN(CC1)[C@@H](CNC(=O)C(=O)NCc1ccco1)c1ccc2c(c1)OCO2,0,0.320320,0.309438,0.184130
C[C@@H]1CN([C@H](C)CO)S(=O)(=O)c2ccc(cc2O[C@@H]1CN(C)C(=O)CN(C)C)C#CCC1CCCC1,0,0.209178,0.186670,0.013478
CN[C@H]1CCS(=O)(=O)C1,0,0.004256,0.022249,0.008503
C[C@@H]1CCCCO[C@@H](CN(C)C(=O)c2ccccc2)[C@H](C)CN([C@@H](C)CO)C(=O)c2cc(ccc2O1)NS(=O)(=O)c1ccc(cc1)Cl,0,0.001227,0.017528,0.001778
C[C@H]1CCCCO[C@@H](CN(C)C(=O)c2ccncc2)[C@H](C)CN([C@@H](C)CO)C(=O)c2cc(ccc2O1)NS(=O)(=O)c1cn(cn1)C,0,0.003115,0.018371,0.002462
CC(C)N1C[C@@H](CNCc2ccc(cc2)Oc2ccccc2)Oc2c(cccc2C1=O)NC(=O)c1ccncc1,0,0.001807,0.110285,0.086561
C[C@@H]1CN([C@H](C)CO)S(=O)(=O)c2ccc(cc2O[C@@H]1CN(C)C(=O)Nc1ccc(cc1)C(F)(F)F)-c1ccc(cc1)C,0,0.648694,0.039999,0.018983
O[C@@H]1COC[C@H]2O[C@@H](CC[C@@H]2N(C1)C(=O)Nc1ccc(cc1)Cl)CC(=O)NC1Cc2ccccc2C1,0,0.817123,0.774182,0.883347
C[C@@H]1CCCCO[C@H](CN(C)Cc2ccc(c(c2)Cl)Cl)[C@@H](C)CN([C@@H](C)CO)C(=O)c2cc(ccc2O1)NC(=O)Nc1ccc(cc1)C(F)(F)F,0,0.859205,0.025970,0.006371
Oc1ccc(cc1)[C@@H]1N2[C@H]([C@H](C(=O)N3CCCCCCC3)[C@@]11C(=O)Nc3ccc(cc31)C#CC1(O)CCCCCC1)C(=O)O[C@H]([C@H]2c1ccccc1)c1ccccc1,0,0.030975,0.133695,0.032930
C[C@@]12CC[C@H]3[C@@H](CCc4cc(ccc43)OC(=O)N(CCCl)CCCl)[C@@H]2CC[C@@H]1OP(=O)(O)O,0,0.000073,0.402481,0.163223
COc1cccc(c1)C1=CC=C2[C@@H]3[C@@H]([C@@H](CO)[C@H](CN2C1=O)N3S(=O)(=O)C)C(=O)NCC1CC1,0,0.044844,0.019573,0.003487
CCCN(C)C[C@H]1OCCCC[C@@H](C)Oc2ccc(cc2C(=O)N(C[C@H]1C)[C@H](C)CO)NC(=O)c1ccccc1,0,0.008478,0.017239,0.003447
CC(C)NC(=O)N(C)C[C@@H]1OCc2cn(nn2)CCCC(=O)N(C[C@@H]1C)[C@H](C)CO,0,0.018545,0.021869,0.003782
C[C@@H]1CN([C@@H](C)CO)C(=O)c2cc(ccc2O[C@@H]1CN(C)Cc1ccc(cc1)-c1ccccc1)NC(=O)c1ccncc1,0,0.016793,0.017937,0.002156
C[C@H]1CN([C@@H](C)CO)C(=O)Cc2cc(ccc2O[C@@H]1CN(C)S(=O)(=O)c1cccs1)NC(=O)CCC(F)(F)F,0,0.015494,0.019352,0.008744
C[C@@H]1CN([C@H](C)CO)C(=O)c2cccc(c2O[C@@H]1CN(C)Cc1ccc(c(c1)Cl)Cl)NC(=O)c1nc2ccccc2s1,0,0.028577,0.021194,0.005416
ONC(=O)CCCCCCC(=O)Nc1ccc(cc1)[C@H]1C[C@@H](O[C@@H](O1)c1cccc(c1)Oc1ccccc1)c1ccccc1,0,0.601939,0.063631,0.035201
C[C@@H]1CN([C@H](C)CO)C(=O)c2cccc(c2O[C@@H]1CN(C)C(=O)Nc1ccc(cc1)F)NC(=O)c1cnccn1,0,0.317358,0.025721,0.009022
CCCNC(=O)c1cc2c(c(n1)-c1cccc(c1)-c1cc3ccccc3o1)[C@H](CCO)N(C2)C(=O)NC(C)C,0,0.075657,0.115951,0.022453
COc1ccccc1CNC(=O)C[C@H]1C[C@H]2[C@H](Oc3ccc(cc32)NC(=O)NC2CCCC2)[C@H](CO)O1,0,0.226674,0.040344,0.016077
CC(C)C[C@H](NC(=O)N1CCCCCC1)C(=O)N[C@H](Cc1cn(c2ccccc12)C)C(=O)N[C@H](Cc1ccccn1)C(=O)O,0,0.111703,0.171418,0.186959
CNC(=O)Cn1cc(cn1)Br,0,0.454526,0.063551,0.010845
COCC(=O)N(C)C[C@H]1Oc2cc(ccc2S(=O)(=O)N(C[C@@H]1C)[C@H](C)CO)C#CC(C)(C)O,0,0.029872,0.108859,0.005001
COCC#Cc1ccc(cc1)[C@@H]1[C@@H](CO)N2[C@H]1CN(CC2=O)C(=O)CN1CCOCC1,0,0.087676,0.024548,0.009036
NCCc1[nH]cnc1-c1cccs1,0,0.787259,0.045108,0.026419
C[C@@H]1CN([C@@H](C)CO)C(=O)c2cccc(c2O[C@@H]1CN(C)C(=O)Nc1ccc(cc1)C(F)(F)F)NS(=O)(=O)c1ccc(cc1)Cl,0,0.496916,0.289090,0.042496
C[C@@H]1CCCCO[C@H](CN(C)C(=O)CCC(F)(F)F)[C@@H](C)CN([C@H](C)CO)C(=O)c2cc(ccc2O1)NS(=O)(=O)c1ccc(cc1)Cl,0,0.025904,0.017719,0.003275
C[C@@H]1CN([C@H](C)CO)C(=O)c2cc(ccc2O[C@H]1CN(C)C(=O)Nc1ccccc1)NS(=O)(=O)C,0,0.069890,0.017611,0.003997
C[C@@H]1CN([C@@H](C)CO)C(=O)Cc2cc(ccc2O[C@H]1CN(C)Cc1ccc(cc1)-c1ccccc1)NC(=O)Nc1cccc2ccccc12,0,0.041273,0.022148,0.003427
CCCN(C)C[C@H]1OCCCC[C@@H](C)Oc2ccc(cc2C(=O)N(C[C@@H]1C)[C@H](C)CO)NC(=O)CCC(F)(F)F,0,0.138679,0.088585,0.051209
CNC(=O)C[C@@H]1CC[C@H]2[C@@H](COC[C@H](O)CN2C(=O)Nc2ccc3c(c2)OCO3)O1,0,0.229229,0.051459,0.033111
COc1ccc(cc1)S(=O)(=O)N(C)C[C@@H]1OCCCC[C@H](C)Oc2ccc(cc2C(=O)N(C[C@@H]1C)[C@H](C)CO)NS(=O)(=O)c1cn(cn1)C,0,0.004413,0.018013,0.002390
OCCC1CCOCC1,0,0.013113,0.027037,0.009333
S=P(N1CC1)(N1CC1)N1CC1,0,0.323849,0.123729,0.030649
C[C@H]1CCCCO[C@@H](CN(C)S(=O)(=O)c2ccc(cc2)Cl)[C@H](C)CN([C@H](C)CO)C(=O)c2cc(ccc2O1)NC(=O)c1ccncc1,0,0.003828,0.017525,0.001706
NCc1ccc2nsnc2c1,0,0.217339,0.045757,0.015582
CN1CCN(CC1)C(=O)C[C@H]1CC[C@H]2[C@H](COc3ccc(cc3C(=O)N2C)NC(=O)C2CCOCC2)O1,0,0.015943,0.020188,0.004906
CN(C)CCCNC(=O)C[C@@H]1O[C@H](CO)[C@H](NC(=O)Nc2c(noc2C)C)C=C1,0,0.165122,0.048284,0.012994
C[C@H]1CN([C@H](C)CO)C(=O)c2cccc(c2O[C@@H]1CN(C)C(=O)Nc1c(noc1C)C)NS(=O)(=O)c1ccccc1,0,0.016649,0.017899,0.003411
CCS(=O)(=O)Nc1ccc2c(c1)C(=O)N(C)[C@H]1CC[C@@H](CC(=O)NCCOC)O[C@H]1CO2,0,0.006049,0.017676,0.003550
C[C@@H]1CN([C@@H](C)CO)C(=O)c2cccc(c2O[C@H]1CN(C)S(=O)(=O)C)NC(=O)Nc1ccccc1,0,0.066274,0.017768,0.003555
COc1ccc(cc1)CN(C)C[C@@H]1Oc2ccc(cc2CC(=O)N(C[C@H]1C)[C@H](C)CO)NC(=O)Cn1cnnn1,0,0.004439,0.021208,0.004968
C[C@H]1CN([C@@H](C)CO)C(=O)c2cccc(c2O[C@@H]1CN(C)Cc1ccc(cc1)C(F)(F)F)NC(=O)c1ccc(cc1)-c1nccs1,0,0.220973,0.021472,0.006339
OCC[N+]12CN3CN(CN(C3)C2)C1,0,0.029760,0.039530,0.016059
C[C@H]1CCCCO[C@H](CN(C)C)[C@@H](C)CN([C@@H](C)CO)C(=O)c2cc(ccc2O1)NS(=O)(=O)c1c(noc1C)C,0,0.011027,0.019532,0.004948
C[C@@H]1CN([C@H](C)CO)C(=O)Cc2cc(ccc2O[C@@H]1CN(C)Cc1ccc(cc1)C(F)(F)F)NC(=O)Nc1ccccc1,0,0.221118,0.067182,0.022630
ClC(Cl)[C@@H](c1ccc(cc1)Cl)c1ccccc1Cl,0,0.997477,0.342190,0.208948
COc1ccc(cc1)-c1ccc2c(c1)O[C@H](CN(C)CC1CCOCC1)[C@H](C)CN([C@H](C)CO)S2(=O)=O,0,0.148257,0.027286,0.004296
C[C@@H]1CCCCO[C@@H](CN(C)C(=O)NC2CCCCC2)[C@H](C)CN([C@H](C)CO)C(=O)c2cc(ccc2O1)NC(=O)CCC(F)(F)F,0,0.125359,0.084805,0.031359
COc1cccc(c1)S(=O)(=O)N(C)C[C@H]1OCc2cnnn2CCCC(=O)N(C[C@H]1C)[C@@H](C)CO,0,0.004466,0.021397,0.003360
CC(C)(N)c1cc(cc(c1)C(F)(F)F)C(=O)N[C@@H]1CCc2ccc(cc2C1)Oc1ccnc2c1CCC(=O)N2,0,0.424084,0.383621,0.421762
C[C@H]1CN([C@H](C)CO)C(=O)CCCn2cc(nn2)CO[C@@H]1CN(C)S(=O)(=O)c1cccc(c1)C#N,0,0.000063,0.020116,0.003420
COc1ccc(cc1)C#Cc1ccc2c(c1)O[C@H](CN(C)C(=O)C)[C@@H](C)CN([C@H](C)CO)S2(=O)=O,0,0.028721,0.024074,0.004067
COc1ccc(cc1)S(=O)(=O)Nc1ccc2c(c1)C(=O)N(C[C@H](C)[C@@H](CN(C)C(=O)Nc1cccc3ccccc13)O2)[C@H](C)CO,0,0.007889,0.018067,0.002946
C[C@@H]1CCCCO[C@@H](CN(C)C(=O)Nc2ccc3c(c2)OCO3)[C@@H](C)CN([C@@H](C)CO)C(=O)c2cc(ccc2O1)NS(=O)(=O)c1ccccc1,0,0.000801,0.017838,0.001745
C[C@@H]1CCCCO[C@@H](CN(C)C(=O)Nc2c(noc2C)C)[C@H](C)CN([C@@H](C)CO)C(=O)c2cc(ccc2O1)NC(=O)Nc1cccc2ccccc12,0,0.023647,0.016253,0.002095
COc1ccc(cc1)S(=O)(=O)N(C)C[C@H]1OCc2cn(nn2)CCCC(=O)N(C[C@H]1C)[C@H](C)CO,0,0.009021,0.021176,0.003518
CC1(C)CC[C@@]2(CC[C@]3(C)C(=CC[C@H]4[C@@]5(C)CC[C@H](O[C@@H]6OC[C@H](O)[C@H](O)[C@H]6O)C(C)(C)[C@@H]5CC[C@]43C)[C@@H]2C1)C(=O)O[C@@H]1O[C@H](CO[C@@H]2O[C@H](CO)[C@@H](O)[C@H](O)[C@H]2O)[C@@H](O)[C@H](O)[C@H]1O,0,0.909803,0.160238,0.049988
C[C@@H]1CN([C@H](C)CO)C(=O)Cc2cc(ccc2O[C@@H]1CN(C)Cc1ccc(cc1)Oc1ccccc1)NS(=O)(=O)c1ccc(cc1)Cl,0,0.001645,0.018411,0.002496
O[C@H]1COC[C@@H]2O[C@@H](CC[C@H]2N(C1)C(=O)c1cccnc1)CC(=O)NCc1ccc(cc1)-c1ccccc1,0,0.348357,0.041176,0.015750
CC(C)CC#Cc1cnc2c(c1)C(=O)N(C[C@H](C)[C@@H](CN(C)C(=O)Nc1c(noc1C)C)O2)[C@H](C)CO,0,0.085831,0.020488,0.004061
C[C@@H]1CN([C@H](C)CO)C(=O)c2cc(ccc2O[C@H]1CN(C)Cc1ccc(cc1)-c1ccccc1)NC(=O)Cn1cnnn1,0,0.019624,0.019998,0.005391
C[C@@H]1CN([C@@H](C)CO)S(=O)(=O)c2ccc(cc2O[C@@H]1CN(C)C(=O)C1CCCCC1)C#CCN(C)C,0,0.054849,0.043784,0.009252
CN(C)CCCNC(=O)C[C@H]1CC[C@H]2[C@@H](COC[C@@H](O)CN2S(=O)(=O)c2ccc(cc2)Cl)O1,0,0.570585,0.031409,0.016658
CCCNC(=O)N1C[C@H](O)COC[C@H]2O[C@@H](CC[C@@H]21)CC(=O)NCCCN1CCOCC1,0,0.222808,0.069416,0.030035
C[C@H]1CCCCO[C@@H](CN(C)CC2CCCCC2)[C@H](C)CN([C@@H](C)CO)C(=O)c2cc(ccc2O1)NC(=O)CCC(F)(F)F,0,0.277733,0.118469,0.067489
C[C@@H]1CN([C@H](C)CO)C(=O)c2cc(cnc2O[C@@H]1CN(C)C(=O)c1cnccn1)C#CCN(C)C,0,0.051418,0.017124,0.004064
COc1ccc(cc1)NC(=O)Nc1cccc2c1O[C@H](CN(C)C(=O)Nc1cccc3ccccc13)[C@@H](C)CN([C@@H](C)CO)C2=O,0,0.047488,0.017510,0.003933
CC(=O)Oc1cc2c(c(c1OC(=O)C)OC(=O)C)C(=O)C(=CO2)c1cc(c(c(c1)OC(=O)C)OC(=O)C)OC(=O)C,0,0.000469,0.285185,0.052078
COc1ccc(cc1O)C1=CC(=O)c2c(cc(cc2O1)O[C@@H]1O[C@@H](CO[C@@H]2O[C@H](C)[C@@H](O)[C@H](O)[C@H]2O)[C@H](O)[C@@H](O)[C@H]1O)O,0,0.144172,0.289050,0.050709
NC(=O)[C@H]1CCN(C[C@@H]1N1CCC[C@@H](Nc2cc(cc(c2)C(F)(F)F)Cl)C1=O)c1ncnc(c1F)N,0,0.990391,0.537976,0.564226
C[C@@H]1CN([C@H](C)CO)C(=O)c2cc(ccc2O[C@H]1CN(C)C(=O)Nc1c(noc1C)C)NS(=O)(=O)C,0,0.095332,0.018020,0.005589
CC1(C)[C@H]2C[C@@H](O[C@H]3O[C@@H](CO)[C@@H](O)[C@@H](O)[C@@H]3O)[C@@]1(C)C[C@@H]2O,0,0.483683,0.394972,0.130637
CC12CCC3c4ccc(O)cc4CCC3C1CC(O)C2O,0,0.046353,0.239770,0.108569
NS(=O)(=O)c1ccc(cc1[N+](=O)[O-])Cl,0,0.001186,0.260469,0.029893
C[C@@H]1CCCCO[C@@H](CN(C)C)[C@@H](C)CN([C@H](C)CO)C(=O)c2cc(ccc2O1)NS(=O)(=O)c1c(noc1C)C,0,0.011027,0.019532,0.004948
OC[C@@H]1O[C@@H](C[C@@H]2[C@H]1Oc1ccc(cc12)NC(=O)NC1CCCC1)CC(=O)NCc1ccc(cc1)-c1ccccc1,0,0.289363,0.042224,0.020848
C[C@H]1CCCCO[C@H](CN(C)S(=O)(=O)c2cn(cn2)C)[C@@H](C)CN([C@H](C)CO)C(=O)c2cc(ccc2O1)NC(=O)CCCN(C)C,0,0.003650,0.017406,0.002259
C[C@@H]1CN([C@H](C)CO)C(=O)c2cc(ccc2O[C@@H]1CN(C)Cc1ccc(cc1)C(=O)Nc1ccccc1N)NC(=O)Nc1cccc2ccccc12,0,0.008491,0.018202,0.002430
C[C@H]1CN([C@@H](C)CO)C(=O)c2cc(cnc2O[C@@H]1CN(C)C(=O)C1CCOCC1)/C=C/c1ccccc1,0,0.013344,0.018607,0.004791
CC(C)NC(=O)N(C)C[C@H]1Oc2ccc(cc2C(=O)N(C[C@@H]1C)[C@H](C)CO)NC(=O)Nc1c(noc1C)C,0,0.047426,0.020216,0.004045
COc1ccc(cc1)S(=O)(=O)Nc1ccc2c(c1)C(=O)N(C[C@H](C)[C@H](CN(C)C(=O)Nc1ccc(cc1)C(F)(F)F)OCCCC[C@@H](C)O2)[C@H](C)CO,0,0.095981,0.057294,0.008880
OC[C@H]1O[C@H](CC[C@@H]1NS(=O)(=O)c1ccccc1)CC(=O)NCc1ccncn1,0,0.022117,0.018805,0.005743
C[C@H]1CN([C@@H](C)CO)C(=O)c2cc(ccc2O[C@H]1CN(C)CC1CCCCC1)NC(=O)Cn1cnnn1,0,0.024998,0.020493,0.007362
C[C@@H]1CN([C@@H](C)CO)C(=O)c2cc(cnc2O[C@@H]1CN(C)C(=O)C1CCOCC1)/C=C/c1ccccc1,0,0.013344,0.018607,0.004791
C[C@@H]1CN([C@H](C)CO)C(=O)c2cc(ccc2O[C@@H]1CN(C)C(=O)Nc1ccccc1)NS(=O)(=O)C,0,0.069890,0.017611,0.003997
COc1ccc(cc1)S(=O)(=O)N[C@H]1C=C[C@@H](CC(=O)N2CCN(CC2)c2ccccc2)O[C@@H]1CO,0,0.016321,0.033033,0.006765
CO[C@@H]1CN(C)C(=O)c2ccc(cc2OC[C@H](C)N(C[C@@H]1C)C(=O)C1CCOCC1)NS(=O)(=O)C,0,0.003718,0.032235,0.003106
C[C@@H]1CN([C@H](C)CO)C(=O)c2cccc(c2O[C@@H]1CN(C)Cc1ccc(cc1)-c1ccccc1)NC(=O)Nc1c(noc1C)C,0,0.117223,0.017818,0.004923
CCOc1ccc(cc1)C(C)(C)N,0,0.398835,0.021990,0.014102
C[C@H]1CCCCO[C@@H](CN(C)Cc2ccc(cc2)C(F)(F)F)[C@@H](C)CN([C@@H](C)CO)C(=O)c2cc(ccc2O1)NC(=O)Nc1ccc(cc1)F,0,0.498170,0.020150,0.006275
C[C@H]1CN([C@@H](C)CO)C(=O)c2cc(ccc2O[C@@H]1CN(C)C(=O)Nc1cccc2ccccc12)NS(=O)(=O)c1cccs1,0,0.008461,0.016795,0.002984
COc1ccc(cc1)NC(=O)Nc1ccc2c(c1)C(=O)N(C[C@H](C)[C@@H](CN(C)C(=O)Nc1ccc(cc1)C(F)(F)F)OCCCC[C@H](C)O2)[C@H](C)CO,0,0.254406,0.015999,0.003207
C[C@H]1CN([C@H](C)CO)C(=O)Cc2cc(ccc2O[C@@H]1CN(C)Cc1ccc(cc1)C(=O)O)NC(=O)C1CC1,0,0.041591,0.057490,0.011047
COC1=CC(=O)C(O)=CC1=CC=Cc1ccccc1,0,0.302387,0.194095,0.118002
CN1[C@@H]2CC[C@@H](CC(=O)Nc3cn(nc3C)C)O[C@@H]2COc2ccc(cc2C1=O)NC(=O)C1CCOCC1,0,0.016310,0.020085,0.004317
C[C@H]1CN([C@@H](C)CO)C(=O)c2ccccc2-c2ccccc2CO[C@@H]1CN(C)C(=O)Nc1cccc(c1)F,0,0.122731,0.041092,0.020744
COc1ccc(cc1)S(=O)(=O)Nc1ccc2c(c1)C(=O)N(C[C@@H](C)[C@H](CN(C)S(=O)(=O)c1ccc(cc1)C)O2)[C@H](C)CO,0,0.005414,0.017619,0.003149
COc1ccc(cc1)NC(=O)Nc1ccc2c(c1)C(=O)N(C[C@H](C)[C@H](CN(C)C(=O)CCC(F)(F)F)OCCCC[C@@H](C)O2)[C@H](C)CO,0,0.045382,0.022775,0.004283
CN1C(=O)N(C)c2ccc(cc2C1=O)S(=O)(=O)N1CCOCC1,0,0.109880,0.258210,0.021569
O[C@@H]1COC[C@H]2O[C@H](CC[C@@H]2N(C1)Cc1cccc(c1)C(F)(F)F)CC(=O)NCCc1ccncc1,0,0.938229,0.253497,0.184017
C[C@@H]1CCCCO[C@@H](CN(C)Cc2ccncc2)[C@@H](C)CN([C@H](C)CO)C(=O)c2cc(ccc2O1)NC(=O)Nc1ccccc1,0,0.014455,0.016561,0.002019
Cl.NCCc1cc(O)c(O)cc1O,0,0.736046,0.235370,0.068876
NC(=O)c1ccc[n+](c1)CC(=O)c1ccccc1,0,0.023183,0.106766,0.044956
O=C1c2ccccc2-c2c(nc3ccccc3c21)-c1ccccc1,0,0.582741,0.167250,0.057361
C[C@H]1CCCCO[C@@H](CN(C)C(=O)Nc2ccc(cc2)F)[C@@H](C)CN([C@H](C)CO)C(=O)c2cc(ccc2O1)NC(=O)C1CCCCCC1,0,0.059861,0.018642,0.003993
C[C@H]1CN([C@H](C)CO)C(=O)c2cccc(c2O[C@@H]1CN(C)Cc1ccc(c(c1)Cl)Cl)NC(=O)Nc1ccccc1,0,0.275227,0.054677,0.020251
COc1ccc(cc1)S(=O)(=O)Nc1ccc2c(c1)C(=O)N(C[C@@H](C)[C@@H](CN(C)Cc1ccc3c(c1)OCO3)OCCCC[C@@H](C)O2)[C@H](C)CO,0,0.001772,0.018042,0.002197
COCC#Cc1ccc(cc1)[C@@H]1[C@@H](CO)N2[C@@H]1CN(CC2=O)C(=O)c1cccnc1,0,0.159785,0.016936,0.007219
C[C@H]1CCCCO[C@@H](CN(C)C(=O)CCC(F)(F)F)[C@H](C)CN([C@H](C)CO)C(=O)c2cc(ccc2O1)NC(=O)Cc1ccccc1,0,0.019604,0.018550,0.010094
C[C@H]1CCCCO[C@@H](CN(C)C(=O)Nc2ccc(cc2)F)[C@@H](C)CN([C@@H](C)CO)C(=O)c2cc(ccc2O1)NS(=O)(=O)c1cccs1,0,0.014306,0.017465,0.002270
C[C@H]1CN([C@H](C)CO)C(=O)c2ccccc2-c2ccccc2CO[C@@H]1CN(C)C(=O)Nc1ccc(cc1)-c1ccccc1,0,0.028591,0.019140,0.004472
C[C@@H]1CCCCO[C@H](CN(C)C(=O)C2CCCCC2)[C@@H](C)CN([C@H](C)CO)C(=O)c2cc(ccc2O1)NS(=O)(=O)c1ccc(cc1)C,0,0.004268,0.017604,0.003151
C[C@H]1CN([C@H](C)CO)S(=O)(=O)c2ccc(cc2O[C@@H]1CN(C)C(=O)Cc1ccncc1)-c1cncnc1,0,0.026076,0.019695,0.003041
C[C@@H]1CN([C@H](C)CO)C(=O)c2ccccc2-c2ccccc2CO[C@H]1CN(C)C(=O)Oc1ccc(cc1)C,0,0.096649,0.021908,0.011249
C[C@@H]1CCCCO[C@H](CN(C)Cc2ccccc2)[C@@H](C)CN([C@H](C)CO)C(=O)c2cc(ccc2O1)NC(=O)c1ccncc1,0,0.003075,0.016736,0.002154
C[C@@H]1CN([C@H](C)CO)C(=O)CCCn2cc(nn2)CO[C@H]1CN(C)C(=O)Nc1cccc(c1)Oc1ccccn1,0,0.003874,0.024830,0.002205
CN1[C@@H]2CC[C@H](CC(=O)NCc3ccccc3Cl)O[C@H]2COc2ccc(cc2C1=O)NC(=O)Nc1cccc(c1)C,0,0.085444,0.039693,0.035817
C[C@H]1CCCCO[C@H](CN(C)Cc2ccc(cc2)C(F)(F)F)[C@H](C)CN([C@@H](C)CO)C(=O)c2cc(ccc2O1)NC(=O)Nc1c(noc1C)C,0,0.296345,0.018733,0.007716
COCC(=O)N1C[C@H]2[C@@H]([C@@H](CO)N2C(=O)C1)c1ccc(cc1)C#Cc1cccnc1,0,0.380044,0.027512,0.008430
CC1(C)OC(=O)C2([C@@H](CC(=O)C[C@@H]2c2ccc(cc2)-c2ccc(cc2)Br)c2ccccc2)C(=O)O1,0,0.994549,0.345381,0.087816
CN(C)CC#Cc1ccc(cc1)[C@H]1[C@@H](CO)N2[C@H]1CN(CC2=O)C(=O)CN(C)C,0,0.649731,0.033107,0.017348
C[C@H]1CCCCO[C@@H](CN(C)C(=O)CCCN(C)C)[C@H](C)CN([C@@H](C)CO)C(=O)c2cc(ccc2O1)NS(=O)(=O)C,0,0.008277,0.017831,0.002100
COc1cccc(c1)C#Cc1ccc2c(c1)O[C@H](CN(C)C(=O)CN1CCOCC1)[C@H](C)CN([C@@H](C)CO)S2(=O)=O,0,0.010300,0.017055,0.002891
C[C@H]1CN([C@H](C)CO)S(=O)(=O)c2ccc(cc2O[C@@H]1CN(C)Cc1cncnc1)-c1ccccc1F,0,0.084708,0.022422,0.003846
C[C@H]1CCCCO[C@@H](CN(C)C(=O)NC2CCCCC2)[C@@H](C)CN([C@H](C)CO)C(=O)c2cc(ccc2O1)NS(=O)(=O)c1ccccc1,0,0.002933,0.017787,0.002114
C[C@H]1CCCCO[C@H](CN(C)S(=O)(=O)c2ccc(cc2)Cl)[C@@H](C)CN([C@H](C)CO)C(=O)c2cc(ccc2O1)NC(=O)Nc1ccc(cc1)C(F)(F)F,0,0.311962,0.052938,0.005020
NNC(=O)CNC(=O)c1ccccc1,0,0.082396,0.073860,0.039139
COc1ccc(cc1)NC(=O)N(C)C[C@H]1Oc2ccc(cc2CC(=O)N(C[C@@H]1C)[C@H](C)CO)NC(=O)Nc1ccc(cc1)C(F)(F)F,0,0.299283,0.015943,0.007046
CN1CCN(CC1)C(=O)C[C@H]1CC[C@@H]2[C@@H](COc3ccc(cc3C(=O)N2C)NC(=O)c2ccc(c(c2)F)F)O1,0,0.078051,0.137471,0.039923
COc1ccc(cc1)NC(=O)Nc1ccc2c(c1)C(=O)N(C[C@@H](C)[C@@H](CN(C)Cc1ccc(cc1)C(F)(F)F)OCCCC[C@H](C)O2)[C@@H](C)CO,0,0.182142,0.018445,0.004059
C[C@H]1CN([C@H](C)CO)C(=O)c2cc(ccc2O[C@@H]1CN(C)S(=O)(=O)c1cn(cn1)C)NS(=O)(=O)C,0,0.023398,0.017877,0.003773
C[C@@H]1CN([C@@H](C)CO)C(=O)Cc2cc(ccc2O[C@@H]1CN(C)CC1CC1)NS(=O)(=O)c1c(noc1C)C,0,0.008827,0.017402,0.003554
C[C@H]1CN([C@H](C)CO)C(=O)c2cc(ccc2O[C@@H]1CN(C)S(=O)(=O)c1ccc(cc1)F)NC(=O)CCN1CCOCC1,0,0.006474,0.017797,0.002683
CCOc1nc(cc(c1C#N)N)N,0,0.000923,0.057873,0.014452
C[C@H]1CN([C@@H](C)CO)S(=O)(=O)c2ccc(cc2O[C@@H]1CN(C)C(=O)c1ccccc1)C#CC1(O)CCCC1,0,0.005256,0.018945,0.003413
C[C@@H]1CCCCO[C@@H](CN(C)S(=O)(=O)C)[C@@H](C)CN([C@H](C)CO)C(=O)c2cc(ccc2O1)NC(=O)CCCN(C)C,0,0.003393,0.017782,0.002170
C[C@@H]1CN([C@@H](C)CO)S(=O)(=O)c2ccc(cc2O[C@@H]1CN(C)C(=O)C1CC1)-c1ccc(cc1)C(=O)N(C)C,0,0.012400,0.019715,0.002914
C[C@@H]1CN([C@H](C)CO)C(=O)c2cc(cnc2O[C@@H]1CN(C)C(=O)Nc1cccc(c1)F)C#CCN(C)C,0,0.144534,0.016122,0.006839
C[C@@H]1CCCCO[C@H](CN(C)C(=O)c2ccccc2)[C@@H](C)CN([C@H](C)CO)C(=O)c2cc(ccc2O1)NC(=O)NC1CCCCC1,0,0.003446,0.016860,0.001684
C[C@H]1CN([C@H](C)CO)C(=O)c2cccc(c2O[C@H]1CN(C)CC1CCCCC1)NC(=O)Nc1ccccc1,0,0.123364,0.018274,0.006261
C[C@H]1CN([C@H](C)CO)C(=O)Cc2cc(ccc2O[C@@H]1CN(C)C(=O)NC1CCCCC1)NS(=O)(=O)c1cn(cn1)C,0,0.011780,0.017245,0.003172
CC(C)CC#Cc1cnc2c(c1)C(=O)N(C[C@H](C)[C@@H](CN(C)C(=O)CN1CCOCC1)O2)[C@H](C)CO,0,0.004139,0.018528,0.003540
COc1ccc(cc1)S(=O)(=O)Nc1ccc2c(c1)C(=O)N(C[C@H](C)[C@H](CN(C)S(=O)(=O)c1ccc(cc1)F)O2)[C@H](C)CO,0,0.011196,0.018240,0.003775
CCc1nc2ccc(cn2c1N(C)C(=O)Cc1ccccc1)C(=O)Nc1cc(ccc1OC)-c1ccccc1,0,0.297647,0.160683,0.054084
C[C@H]1CN([C@H](C)CO)C(=O)c2cccc(c2O[C@@H]1CN(C)S(=O)(=O)c1cn(cn1)C)NC(=O)c1cc(nn1C)C,0,0.011021,0.018140,0.002469
C[C@@H](O)C#Cc1ccc2c(c1)O[C@@H](CN(C)C)[C@@H](C)CN([C@@H](C)CO)S2(=O)=O,0,0.067300,0.019270,0.004072
C[C@@H]1CCCCO[C@@H](CN(C)C(=O)Nc2ccc(cc2)F)[C@@H](C)CN([C@H](C)CO)C(=O)c2cc(ccc2O1)NS(=O)(=O)c1ccccc1,0,0.007636,0.017502,0.002085
CC1(C)Cc2c(c(c(n2C1)CC(=O)O)-c1ccc(cc1)Cl)-c1ccccc1,1,0.892065,0.717054,0.620662
C[C@H]1CN([C@@H](C)CO)C(=O)Cc2cc(ccc2O[C@@H]1CN(C)CC1CC1)NS(=O)(=O)c1cccs1,0,0.006043,0.017434,0.003634
C[C@@H]1CCCCO[C@@H](CN(C)C(=O)c2ccccc2)[C@@H](C)CN([C@H](C)CO)C(=O)c2cc(ccc2O1)NS(=O)(=O)c1ccc(cc1)C,0,0.000625,0.017787,0.001862
C[C@@H]1CN([C@H](C)CO)C(=O)CCCn2cc(nn2)CO[C@@H]1CN(C)S(=O)(=O)c1ccc2ccccc2c1,0,0.012138,0.019550,0.003303
O[C@H]1COC[C@H]2O[C@@H](CC[C@@H]2N(C1)S(=O)(=O)c1ccccc1)CC(=O)NCc1ccc(cc1)-c1ccccc1,0,0.192774,0.040099,0.013142
C[C@H]1CCCCO[C@@H](CN(C)Cc2ccccc2)[C@@H](C)CN([C@@H](C)CO)C(=O)c2cc(ccc2O1)NS(=O)(=O)c1c(noc1C)C,0,0.007168,0.018473,0.002859
C[C@@H]1CN([C@H](C)CO)C(=O)c2cc(ccc2O[C@H]1CN(C)S(=O)(=O)c1cccs1)NS(=O)(=O)c1ccc(cc1)F,0,0.004443,0.018182,0.003960
C[C@H]1CN([C@H](C)CO)S(=O)(=O)c2ccc(cc2O[C@H]1CN(C)C(=O)Cc1ccncc1)C#CC1CCCCC1,0,0.037012,0.026852,0.004476
C[C@H]1CN([C@H](C)CO)C(=O)c2cccc(c2O[C@@H]1CN(C)S(=O)(=O)C)NC(=O)Nc1ccccc1,0,0.066274,0.017768,0.003555
CC12CCC3C(CCC4CC(=O)CCC43C)C1CCC2=O,0,0.733196,0.073161,0.039312
C[C@H]1CN([C@@H](C)CO)C(=O)c2cc(ccc2O[C@H]1CN(C)Cc1ccc(cc1)C(=O)O)NC(=O)CCCN(C)C,0,0.033210,0.042094,0.006301
CNC(=O)c1ccccc1N,0,0.079354,0.028642,0.008904
COc1ccc(cc1)CN(C)C[C@@H]1OCCCC[C@@H](C)Oc2ccc(cc2C(=O)N(C[C@@H]1C)[C@@H](C)CO)NC(=O)Nc1ccccc1,0,0.024528,0.016291,0.002226
C[C@H]1CN([C@H](C)CO)S(=O)(=O)c2ccc(cc2O[C@@H]1CN(C)C(=O)Nc1cc(ccc1F)F)/C=C/c1ccccc1,0,0.287578,0.028678,0.005955
CN1[C@@H]2CC[C@H](CC(=O)NCc3ccc(cc3)-c3ccccc3)O[C@@H]2COc2ccc(cc2C1=O)NC(=O)Nc1ccccc1F,0,0.108212,0.029386,0.022450
C[C@@H]1CN([C@@H](C)CO)S(=O)(=O)c2ccc(cc2O[C@H]1CN(C)C(=O)Nc1c(noc1C)C)Br,0,0.248988,0.026615,0.010733
C[C@H]1CN([C@@H](C)CO)C(=O)CCCn2nncc2CO[C@@H]1CN(C)C(=O)c1ccc(cc1)N1CCN(C)CC1,0,0.040218,0.018159,0.005352
CN1CCN(CC1)C(=O)C[C@@H]1CC[C@@H]2[C@H](COC[C@H](O)CN2C(=O)Nc2ccc3c(c2)OCO3)O1,0,0.344807,0.054146,0.025458
COc1ccc(cc1)S(=O)(=O)Nc1ccc2c(c1)C(=O)N(C[C@@H](C)[C@H](CN(C)Cc1ccc(cc1)C(=O)O)OCCCC[C@@H](C)O2)[C@@H](C)CO,0,0.007372,0.024786,0.002155
C[C@@H]1CN([C@H](C)CO)C(=O)c2cc(ccc2O[C@@H]1CN(C)Cc1ccc(c(c1)Cl)Cl)NS(=O)(=O)c1ccc(cc1)F,0,0.069437,0.020453,0.003701
C[C@H]1CCCCO[C@@H](CN(C)S(=O)(=O)c2cccs2)[C@H](C)CN([C@@H](C)CO)C(=O)c2cc(ccc2O1)NC(=O)CCC(F)(F)F,0,0.009995,0.021818,0.006256
C[C@H]1CN([C@@H](C)CO)C(=O)c2cc(ccc2O[C@H]1CN(C)Cc1ccc(cc1)C(=O)Nc1ccccc1N)NC(=O)Nc1ccc(cc1)C(F)(F)F,0,0.367356,0.031261,0.003915
C[C@H]1CCCCO[C@H](CN(C)S(=O)(=O)c2cn(cn2)C)[C@H](C)CN([C@H](C)CO)C(=O)c2cc(ccc2O1)NC(=O)CCCN(C)C,0,0.003650,0.017406,0.002259
Nc1ncnc(c1[N+](=O)[O-])N[C@H]1CCS(=O)(=O)C1,0,0.998127,0.378265,0.361848
CC(C)C[C@@H]1NC(=O)[C@H]2C[C@H]([C@H](N2C1=O)c1cccc(c1)OCCO)C(=O)NCCCC[N+](C)(C)C,0,0.479058,0.094360,0.024980
C[C@H]1CN([C@@H](C)CO)C(=O)Cc2cc(ccc2O[C@@H]1CN(C)S(=O)(=O)c1ccc(cc1)C)NS(=O)(=O)c1ccccc1,0,0.000877,0.017513,0.002513
OCCN1C(=O)Nc2ccsc2C1=O,0,0.285219,0.070769,0.037569
C[C@H]1CN([C@@H](C)CO)C(=O)c2cc(ccc2O[C@@H]1CN(C)C(=O)Nc1ccccc1)NC(=O)Nc1cccc2ccccc12,0,0.017717,0.018579,0.004869
C[C@@H]1CCCCO[C@@H](CN(C)S(=O)(=O)c2cn(cn2)C)[C@@H](C)CN([C@@H](C)CO)C(=O)c2cc(ccc2O1)NC(=O)CCCN(C)C,0,0.003650,0.017406,0.002259
C[C@H]1CCCCO[C@H](CN(C)CC2CCCCC2)[C@@H](C)CN([C@@H](C)CO)C(=O)c2cc(ccc2O1)NS(=O)(=O)c1ccc(cc1)F,0,0.031130,0.017307,0.004562
C[C@@H]1CCCCO[C@H](CN(C)C(=O)Cc2ccccc2)[C@@H](C)CN([C@H](C)CO)C(=O)c2cc(ccc2O1)NS(=O)(=O)c1ccc(cc1)F,0,0.002850,0.017364,0.002384
C[C@H]1CCCCO[C@H](CN(C)C(=O)Nc2ccccc2)[C@@H](C)CN([C@@H](C)CO)C(=O)c2cc(ccc2O1)NS(=O)(=O)c1ccc(cc1)F,0,0.011432,0.017468,0.002009
C[C@H]1CN([C@H](C)CO)C(=O)c2cc(ccc2O[C@H]1CN(C)C(=O)Nc1ccccc1)NC(=O)CCN1CCOCC1,0,0.002984,0.016563,0.002174
C[C@H]1CN([C@H](C)CO)C(=O)Cc2cc(ccc2O[C@H]1CN(C)S(=O)(=O)c1cn(cn1)C)NC(=O)Cc1cn(c2ccccc12)C,0,0.001996,0.017743,0.002110
CC(C)CC#Cc1ccc2c(c1)O[C@@H](CN(C)S(=O)(=O)c1ccc(cc1)F)[C@@H](C)CN([C@H](C)CO)S2(=O)=O,0,0.040183,0.021258,0.004118
C[C@H]1CCCCO[C@H](CN(C)C(=O)Nc2ccc(cc2)F)[C@@H](C)CN([C@H](C)CO)C(=O)c2cc(ccc2O1)NC(=O)Nc1ccc(cc1)F,0,0.171673,0.018389,0.003521
C[C@H]1CCCCO[C@@H](CN(C)S(=O)(=O)c2ccc(cc2)Cl)[C@@H](C)CN([C@H](C)CO)C(=O)c2cc(ccc2O1)NC(=O)Nc1ccc2c(c1)OCO2,0,0.004812,0.017862,0.002358
C[C@@H]1CCCCO[C@H](CN(C)Cc2ccc(c(c2)Cl)Cl)[C@@H](C)CN([C@@H](C)CO)C(=O)c2cc(ccc2O1)NC(=O)Cc1ccccc1,0,0.032382,0.017446,0.003706
C[C@H]1CN([C@@H](C)CO)C(=O)c2cc(ccc2O[C@@H]1CN(C)Cc1ccccc1)NC(=O)Nc1ccc(cc1)C(F)(F)F,0,0.457543,0.888970,0.923196
OC[C@@H]1O[C@@H](CC(=O)NCc2ccccc2F)C=C[C@@H]1NC(=O)c1cnccn1,0,0.119969,0.025416,0.017861
CC(C)NC(=O)Nc1ccc2c(c1)C(=O)N(C[C@@H](C)[C@@H](CN(C)C(=O)C1CCCCC1)OCCCC[C@@H](C)O2)[C@@H](C)CO,0,0.012616,0.017268,0.003363
CC(C)NC(=O)Nc1ccc2c(c1)C(=O)N(C[C@@H](C)[C@@H](CN(C)C(=O)Nc1ccc(cc1)F)OCCCC[C@@H](C)O2)[C@@H](C)CO,0,0.081398,0.024484,0.004104
CNC[C@@H]1OCCCC[C@@H](C)Oc2ccc(cc2C(=O)N(C[C@H]1C)[C@H](C)CO)NS(=O)(=O)c1c(noc1C)C,0,0.015851,0.028387,0.004835
COc1ccc(cc1)S(=O)(=O)N(C)C[C@@H]1Oc2cc(ccc2S(=O)(=O)N(C[C@@H]1C)[C@@H](C)CO)-c1ccccc1OC,0,0.021326,0.020285,0.003260
CC(C)NC(=O)Nc1ccc2c(c1)CC(=O)N(C[C@@H](C)[C@@H](CN(C)C(=O)NC1CCCCC1)O2)[C@H](C)CO,0,0.018576,0.027228,0.005510
C[C@H]1CCCCO[C@H](CN(C)Cc2ccncc2)[C@H](C)CN([C@@H](C)CO)C(=O)c2cc(ccc2O1)NC(=O)Nc1ccc2c(c1)OCO2,0,0.007177,0.016595,0.002160
C[C@@H]1CCCCO[C@H](CN(C)C(=O)NC2CCCCC2)[C@H](C)CN([C@H](C)CO)C(=O)c2cc(ccc2O1)NC(=O)Cc1ccccc1,0,0.004016,0.016665,0.002429
C[C@H]1CN([C@H](C)CO)C(=O)Cc2cc(ccc2O[C@H]1CN(C)Cc1ccc2c(c1)OCO2)NS(=O)(=O)c1c(noc1C)C,0,0.002157,0.017438,0.003213
C[C@@H]1CN([C@@H](C)CO)C(=O)c2cccc(c2O[C@H]1CN(C)Cc1ccc(cc1)Oc1ccccc1)NC(=O)NC1CCCCC1,0,0.024999,0.018352,0.006115
COCC#Cc1cnc2c(c1)C(=O)N(C[C@H](C)[C@@H](CN(C)C(=O)c1ccc3c(c1)OCO3)O2)[C@H](C)CO,0,0.011293,0.016777,0.002968
C[C@@H]1CN([C@H](C)CO)C(=O)c2cc(ccc2O[C@H]1CN(C)Cc1ccc(cc1)-c1ccccc1)NC(=O)NC1CCCCC1,0,0.115390,0.023434,0.008101
C[C@@H]1CN([C@@H](C)CO)C(=O)c2cc(ccc2O[C@@H]1CN(C)Cc1ccc(cc1)Oc1ccccc1)NS(=O)(=O)c1ccc(cc1)Cl,0,0.003696,0.020043,0.003988
C[C@H]1CN([C@@H](C)CO)C(=O)c2cc(ccc2O[C@H]1CN(C)S(=O)(=O)c1cn(cn1)C)NS(=O)(=O)C,0,0.023398,0.017877,0.003773
C[C@@H]1CCCCO[C@H](CN(C)S(=O)(=O)c2c(noc2C)C)[C@H](C)CN([C@@H](C)CO)C(=O)c2cc(ccc2O1)NC(=O)Nc1cccc2ccccc12,0,0.006649,0.018500,0.002454
COc1ccc(cc1)NC(=O)Nc1ccc2c(c1)C(=O)N(C[C@H](C)[C@@H](CN(C)C(=O)Nc1ccc(cc1)C(F)(F)F)OCCCC[C@@H](C)O2)[C@H](C)CO,0,0.254406,0.015999,0.003207
C=C(C)C1CC=C(C)CC1,0,0.086202,0.063888,0.018377
C[C@H]1CCCCO[C@@H](CN(C)Cc2ccncc2)[C@H](C)CN([C@H](C)CO)C(=O)c2cc(ccc2O1)NC(=O)NC1CCCCC1,0,0.023155,0.016636,0.002308
COc1cc2nccc(c2cc1OC)Oc1ccc(cc1F)NC(=O)C1=CN(C(C)C)C(=O)N(C1=O)c1ccc(cc1)F,0,0.886016,0.434593,0.165242
C[C@H]1CCCCO[C@@H](CN(C)Cc2ccc3c(c2)OCO3)[C@@H](C)CN([C@H](C)CO)C(=O)c2cc(ccc2O1)NS(=O)(=O)c1ccccc1,0,0.001271,0.017793,0.002100
OC[C@@H]1O[C@H](CCNC(=O)Cc2ccccn2)CC[C@@H]1NC(=O)CN1CCOCC1,0,0.006160,0.017113,0.005824
C[C@@H]1CCCCO[C@H](CN(C)Cc2ccc3c(c2)OCO3)[C@@H](C)CN([C@H](C)CO)C(=O)c2cc(ccc2O1)NS(=O)(=O)c1ccc(cc1)F,0,0.007513,0.017898,0.002830
COc1ccc(cc1)S(=O)(=O)Nc1ccc2c(c1)C(=O)N(C[C@@H](C)[C@@H](CN(C)Cc1ccccc1)OCCCC[C@@H](C)O2)[C@@H](C)CO,0,0.003301,0.018980,0.002541
CC=CC1=C(C(=O)O)N2C(=O)C(NC(=O)C(N)c3ccc(O)cc3)C2SC1,0,0.998620,0.964472,0.984503
C[C@@H]1CN([C@@H](C)CO)C(=O)c2cccc(c2O[C@@H]1CN(C)S(=O)(=O)c1c(noc1C)C)NS(=O)(=O)c1cn(cn1)C,0,0.027712,0.017561,0.003660
CC1(C)C[C@@H](CCS1)c1nc(cs1)-c1ccccc1,0,0.535101,0.306208,0.262460
CC(C)NC(=O)Nc1ccc2c(c1)C(=O)N(C[C@@H](C)[C@H](CN(C)CC1CCCCC1)OCCCC[C@H](C)O2)[C@@H](C)CO,0,0.070487,0.024558,0.005849
COc1cc2nc(nc(c2cc1OC)NC1CCN(CC1)Cc1ccccc1)N1CCCN(CC1)Cc1ccccc1,0,0.578964,0.474146,0.399827
C[C@H]1CN([C@H](C)CO)S(=O)(=O)c2ccc(cc2O[C@H]1CN(C)C(=O)c1cnccn1)C#CCC1CCCC1,0,0.116384,0.017349,0.003960
CNC(=O)Cc1cnc(s1)N,0,0.096308,0.036131,0.007841
C[C@H]1CN([C@@H](C)CO)C(=O)c2cc(cnc2O[C@H]1CN(C)S(=O)(=O)c1ccc(cc1)C)C#CC1(O)CCCC1,0,0.008151,0.017393,0.003331
CN1C(=O)N(C)c2nc(c(nc2C1=O)C)Cl,1,0.669020,0.090405,0.026072
C[C@@H]1CN([C@H](C)CO)C(=O)CCCn2nncc2CO[C@@H]1CN(C)C(=O)Oc1ccc2ccccc2c1,0,0.100841,0.031659,0.012654
C[C@H]1CN([C@H](C)CO)S(=O)(=O)c2ccc(cc2O[C@@H]1CN(C)C(=O)C1CCCCC1)C#CC1CC1,0,0.058205,0.026465,0.007236
C[C@@H]1CN([C@H](C)CO)S(=O)(=O)c2ccc(cc2O[C@@H]1CN(C)C(=O)c1cccc(c1)F)C#CC1CC1,0,0.086554,0.023672,0.003224
CC(C)c1cccc(C(C)C)c1O,0,0.698697,0.194475,0.143932
Cc1ccccc1S(=O)(=O)N1C[C@H](O)COC[C@H]2O[C@H](CC[C@@H]21)CC(=O)NCCc1ccncc1,0,0.137211,0.022252,0.008242
OCCOc1ccccc1[C@H]1N2[C@@H]([C@@H](C(=O)NCC=C)[C@]11C(=O)Nc3ccc(cc31)C#CC1=CCCCC1)C(=O)O[C@@H]([C@@H]2c1ccccc1)c1ccccc1,0,0.654237,0.035288,0.015379
C[C@H]1CCCCO[C@H](CN(C)CC2CCCCC2)[C@@H](C)CN([C@@H](C)CO)C(=O)c2cc(ccc2O1)NC(=O)CCC(F)(F)F,0,0.277733,0.118469,0.067489
COc1ccc(cc1)[Si](C)(C)[C@@H]1[C@@H](C)[C@@]2(O[C@H]1CCO)C(=O)N(Cc1ccccc1)c1ccc(cc12)N1C(=O)c2ccccc2Oc2ccccc21,0,0.000244,0.046461,0.010728
O[C@@H](/C=N/NC(=O)CCCCCCC(=O)Nc1ccccc1O)[C@@H](O)[C@@H](O)[C@H](O)C(=O)O,0,0.016011,0.047518,0.015737
C[C@@H]1CCCCO[C@@H](CN(C)C)[C@H](C)CN([C@@H](C)CO)C(=O)c2cc(ccc2O1)NC(=O)Nc1cccc2ccccc12,0,0.036140,0.017463,0.004060
COc1ccc(cc1)NC(=O)N(C)C[C@H]1Oc2ccc(cc2CC(=O)N(C[C@@H]1C)[C@H](C)CO)NC(=O)Nc1cccc2ccccc12,0,0.009368,0.015807,0.002230
CC(CN)(Cc1ccccc1Cl)C(=O)O,0,0.673649,0.086876,0.022139
C[C@@H]1O[C@@H](O[C@@H]2C[C@@H](O)[C@]3(CO)[C@H]4[C@H](O)C[C@]5(C)[C@H](CC[C@]5(O)[C@@H]4CC[C@]3(O)C2)C2=CC(=O)OC2)[C@H](O)[C@H](O)[C@H]1O,0,0.040631,0.287900,0.076761
C[C@H]1CCCCO[C@@H](CN(C)C(=O)CCC(F)(F)F)[C@@H](C)CN([C@H](C)CO)C(=O)c2cc(ccc2O1)NS(=O)(=O)c1ccc(cc1)Cl,0,0.025904,0.017719,0.003275
NCCc1nc2ccccc2[nH]1,0,0.409978,0.036754,0.019279
C[C@H]1CCCCO[C@@H](CN(C)C(=O)Cc2ccccc2)[C@H](C)CN([C@@H](C)CO)C(=O)c2cc(ccc2O1)NC(=O)C1CCCCC1,0,0.001776,0.016549,0.002782
COC(=O)[C@H]1CCNCCC1=O,0,0.008909,0.023217,0.004809
C[C@H]1CN([C@@H](C)CO)C(=O)c2cc(ccc2O[C@H]1CN(C)S(=O)(=O)c1ccc(cc1)C)NC(=O)c1ccncc1,0,0.004823,0.017475,0.001745
COc1ccc(cc1)CN(C)C[C@H]1OCCCC[C@@H](C)Oc2ccc(cc2C(=O)N(C[C@@H]1C)[C@H](C)CO)NC(=O)c1ccccc1,0,0.004187,0.016555,0.001802
CCCNC(=O)N1C[C@@H](O)COC[C@@H]2O[C@H](CC[C@H]21)CC(=O)NCCCN1CCOCC1,0,0.222808,0.069416,0.030035
C[C@@H]1CCCCO[C@H](CN(C)S(=O)(=O)c2cccs2)[C@H](C)CN([C@@H](C)CO)C(=O)c2cc(ccc2O1)NS(=O)(=O)c1cn(cn1)C,0,0.001970,0.017413,0.002313
C[C@@H]1CN([C@@H](C)CO)C(=O)c2cc(ccc2O[C@H]1CN(C)Cc1ccc(cc1)C(F)(F)F)NC(=O)Nc1ccc(cc1)C(F)(F)F,0,0.915883,0.095438,0.044472
C[C@@H]1CN([C@H](C)CO)C(=O)Cc2cc(ccc2O[C@@H]1CN(C)C(=O)Nc1cccc2ccccc12)NC(=O)Nc1ccc(cc1)C(F)(F)F,0,0.258769,0.017433,0.008678
C[C@H]1CCCCO[C@H](CN(C)CC2CCCCC2)[C@H](C)CN([C@@H](C)CO)C(=O)c2cc(ccc2O1)NC(=O)CCC(F)(F)F,0,0.277733,0.118469,0.067489
COc1ccc(cc1)S(=O)(=O)N(C)C[C@H]1Oc2c(cccc2C(=O)N(C[C@H]1C)[C@@H](C)CO)NC(=O)C1CCOCC1,0,0.011411,0.017642,0.002466
C[C@@H]1CCCCO[C@@H](CN(C)S(=O)(=O)c2ccc(cc2)F)[C@@H](C)CN([C@@H](C)CO)C(=O)c2cc(ccc2O1)NC(=O)Cc1ccccc1,0,0.003133,0.017364,0.002345
CC(C)CC#Cc1ccc2c(c1)O[C@@H](CN(C)C(=O)c1cccnc1)[C@@H](C)CN([C@@H](C)CO)S2(=O)=O,0,0.024864,0.018813,0.002940
C[C@H]1CN([C@@H](C)CO)C(=O)c2cc(ccc2O[C@H]1CN(C)S(=O)(=O)c1ccc(cc1)F)NC(=O)CCN1CCOCC1,0,0.006474,0.017797,0.002683
COCC#Cc1ccc2c(c1)O[C@H](CN(C)Cc1ccc3c(c1)OCO3)[C@H](C)CN([C@@H](C)CO)S2(=O)=O,0,0.059813,0.021651,0.003081
Cc1c2c(cc3c(coc13)C(C)(C)C)C1=C(CCCC1)C(=O)O2,0,0.463688,0.298336,0.140968
COCC(=O)Nc1c(c(c(c(c1I)C(=O)N(C)C[C@@H](O)CO)I)C(=O)NC[C@@H](O)CO)I,0,0.114353,0.100523,0.028759
CC(=O)CC(=O)O,0,0.009660,0.059597,0.017378
C[C@@H]1CN([C@H](C)CO)C(=O)c2cc(cnc2O[C@@H]1CN(C)S(=O)(=O)c1ccccc1F)C#Cc1ccncc1,0,0.032426,0.018122,0.002828
CC(=O)OC1CC2C(C)(C)C(=O)C=CC2(C)C2CCC3(C)C(=CC(=O)OC3c3ccoc3)C12C,0,0.480692,0.105823,0.068878
COc1ccc(cc1)C(=O)NCC(=O)O,0,0.120913,0.019987,0.016129
CC(=O)NCC(=O)O.CC(=O)NCC(=O)O.N=C(N)c1ccc(N=NNc2ccc(C(=N)N)cc2)cc1,0,0.960846,0.075315,0.020176
CC(C)NC(=O)N(C)C[C@H]1Oc2ccc(cc2C(=O)N(C[C@@H]1C)[C@@H](C)CO)NS(=O)(=O)c1cn(cn1)C,0,0.047468,0.018541,0.004274
C[C@H]1CN([C@@H](C)CO)C(=O)c2cccc(c2O[C@H]1CN(C)Cc1ccc(cc1)Oc1ccccc1)NC(=O)Nc1ccc(cc1)F,0,0.070645,0.026876,0.009043
C[C@@H]1CN([C@H](C)CO)C(=O)c2cc(cnc2O[C@H]1CN(C)Cc1ccc2c(c1)OCO2)Br,0,0.029368,0.036160,0.007711
CC(C)NCCCn1c(nc2c(ncnc12)N)Sc1cc2c(cc1I)OCO2,0,0.759944,0.489869,0.348738
CC(C)(C)[S@](=O)N1Cc2cc(nc(c2[C@@H]1CCO)-c1cccc(c1)-c1ccccc1F)C(=O)NC1CCC1,0,0.124829,0.377537,0.292300
CO[C@@H]1CN(C)C(=O)c2cc(ccc2OC[C@@H](C)N(C[C@H]1C)C(=O)C1CCOCC1)NC(=O)CC(F)(F)F,0,0.103262,0.254215,0.072396
CCCNC(=O)N(C)C[C@@H]1Oc2cc(ccc2S(=O)(=O)N(C[C@@H]1C)[C@H](C)CO)C#Cc1ccccn1,0,0.047629,0.020111,0.003106
COCC#Cc1ccc2c(c1)O[C@@H](CN(C)S(=O)(=O)c1cccc(c1)F)[C@@H](C)CN([C@H](C)CO)S2(=O)=O,0,0.107703,0.020217,0.004560
C[C@H]1CN([C@@H](C)CO)C(=O)c2cc(ccc2O[C@H]1CN(C)S(=O)(=O)c1cn(cn1)C)NS(=O)(=O)c1ccc(cc1)C,0,0.005678,0.017560,0.002659
C[C@@H]1CCCCO[C@H](CN(C)S(=O)(=O)c2ccccc2)[C@@H](C)CN([C@H](C)CO)C(=O)c2cc(ccc2O1)NC(=O)Nc1c(noc1C)C,0,0.004477,0.017499,0.002083
COCC(=O)N1C[C@@H](C)[C@@H](CN(C)C(=O)c2cc(ccc2OC[C@H]1C)NC(=O)c1ccc(cc1)F)OC,0,0.045320,0.020664,0.005715
C[C@H]1CN([C@@H](C)CO)C(=O)c2c(c3ccccc3n2C)-c2ccccc2CO[C@H]1CN(C)C(=O)Nc1ccc(cc1)F,0,0.109119,0.018195,0.005171
C[C@H]1CN([C@H](C)CO)C(=O)c2cccc(c2O[C@@H]1CN(C)Cc1ccc(c(c1)Cl)Cl)NS(=O)(=O)c1cccs1,0,0.076111,0.018339,0.003914
COc1ccc(cc1)CN(C)C[C@@H]1Oc2ccc(cc2C(=O)N(C[C@H]1C)[C@@H](C)CO)NS(=O)(=O)c1c(noc1C)C,0,0.009910,0.018361,0.003638
CN1CCN(CC1)C(=O)C[C@H]1CC[C@@H]2[C@H](COC[C@@H](O)CN2Cc2ccc3c(c2)OCO3)O1,0,0.458251,0.022109,0.008907
COC(=O)CCCCCCNC(=O)c1ccc(cc1)NCc1cn(nn1)Cc1ccc(cc1)C(=O)c1ccc(cc1)Cn1cc(nn1)CNc1ccc(cc1)C(=O)NCCCCCCC(=O)OC,0,0.293535,0.124441,0.021942
C[C@@H]1CCCCO[C@H](CN(C)Cc2ccc(c(c2)Cl)Cl)[C@H](C)CN([C@@H](C)CO)C(=O)c2cc(ccc2O1)NS(=O)(=O)c1ccc(cc1)C,0,0.017408,0.017515,0.002147
OC[C@H]1O[C@H](CC[C@@H]1NS(=O)(=O)c1ccc(cc1)F)CC(=O)NCc1ccc(c(c1)Cl)Cl,0,0.438443,0.082608,0.019627
COCC#Cc1ccc2c(c1)O[C@@H](CN(C)C(=O)c1ccccc1)[C@H](C)CN([C@@H](C)CO)S2(=O)=O,0,0.021546,0.017750,0.003199
C[C@H]1CCCCO[C@@H](CN(C)C(=O)c2ccccc2)[C@H](C)CN([C@H](C)CO)C(=O)c2cc(ccc2O1)NC(=O)NC1CCCCC1,0,0.003446,0.016860,0.001684
OC[C@@H]1O[C@H](CC(=O)NCCCN2CCOCC2)C=C[C@H]1NS(=O)(=O)c1ccccc1F,0,0.040402,0.024397,0.008695
Cc1ccc(cc1)Sc1c(nc2sccn12)-c1ccccc1,0,0.716045,0.466162,0.379186
C[C@@H]1CN([C@H](C)CO)C(=O)Cc2cc(ccc2O[C@@H]1CN(C)Cc1ccncc1)NS(=O)(=O)c1ccc(cc1)F,0,0.005632,0.017465,0.002085
Oc1ccc(Cl)cc1Cc1cc(Cl)ccc1O,0,0.870418,0.630106,0.524967
C[C@@H]1CN([C@@H](C)CO)C(=O)Cc2cc(ccc2O[C@H]1CN(C)S(=O)(=O)c1ccccc1)NS(=O)(=O)c1ccc(cc1)C,0,0.001042,0.017513,0.002498
OCC1OC(O)(CO)C(O)C1O,0,0.000300,0.130872,0.030968
CC(C)NC(=O)Nc1ccc2c(c1)C(=O)N(C[C@H](C)[C@@H](CN(C)C(=O)Nc1ccc(cc1)F)OCCCC[C@@H](C)O2)[C@H](C)CO,0,0.081398,0.024484,0.004104
COc1ccc(cc1)NC(=O)N(C)C[C@H]1OCCCC[C@@H](C)Oc2ccc(cc2C(=O)N(C[C@H]1C)[C@H](C)CO)NC(=O)Nc1ccc(cc1)C(F)(F)F,0,0.360300,0.015245,0.004141
C[C@H]1CN([C@H](C)CO)C(=O)Cc2cc(ccc2O[C@@H]1CN(C)Cc1ccc(cc1)Oc1ccccc1)NS(=O)(=O)c1c(noc1C)C,0,0.001683,0.018892,0.003381
COc1ccc(cc1)S(=O)(=O)Nc1ccc2c(c1)C(=O)N(C[C@H](C)[C@@H](CN(C)C(=O)Nc1cccc3ccccc13)OCCCC[C@@H](C)O2)[C@H](C)CO,0,0.002514,0.018469,0.002093
OC[C@H]1O[C@@H](Oc2cc(cc(c2C(=O)CCc2ccc(cc2)O)O)O)[C@H](O)[C@@H](O)[C@@H]1O,0,0.700342,0.070796,0.025916
C[C@@H]1CN([C@@H](C)CO)C(=O)Cc2cc(ccc2O[C@H]1CN(C)C(=O)Nc1cccc2ccccc12)NC(=O)Nc1cccc2ccccc12,0,0.007283,0.019201,0.002968
COc1ccc(cc1)NC(=O)Nc1ccc2c(c1)C(=O)N(C[C@@H](C)[C@@H](CN(C)S(=O)(=O)c1ccc(cc1)F)OCCCC[C@@H](C)O2)[C@H](C)CO,0,0.009458,0.017526,0.001909
C[C@@H]1CN([C@H](C)CO)C(=O)Cc2cc(ccc2O[C@H]1CN(C)S(=O)(=O)C)NS(=O)(=O)c1ccc(cc1)C,0,0.003346,0.017467,0.003053
C[C@H]1CN([C@@H](C)CO)C(=O)c2cc(ccc2O[C@@H]1CN(C)S(=O)(=O)C)NC(=O)Cc1cn(c2ccccc12)C,0,0.007952,0.018402,0.002285
COc1ccccc1-c1ccc2c(c1)O[C@H](CN(C)S(=O)(=O)c1ccccc1)[C@@H](C)CN([C@H](C)CO)S2(=O)=O,0,0.012662,0.018400,0.003629
C[C@H]1CN([C@H](C)CO)C(=O)c2cccc(c2O[C@H]1CN(C)Cc1ccc(cc1)-c1ccccc1)NS(=O)(=O)c1c(noc1C)C,0,0.038734,0.017467,0.004269
C[C@H]1CN([C@@H](C)CO)C(=O)Cc2cc(ccc2O[C@@H]1CN(C)S(=O)(=O)c1cn(cn1)C)NS(=O)(=O)c1ccc(cc1)F,0,0.005524,0.017470,0.002709
C[C@H]1CN([C@@H](C)CO)C(=O)Cc2cc(ccc2O[C@@H]1CN(C)Cc1ccc(c(c1)Cl)Cl)NS(=O)(=O)c1ccc(cc1)F,0,0.042098,0.020197,0.003288
C[C@@H]1CCCCO[C@@H](CN(C)C(=O)CCC(F)(F)F)[C@@H](C)CN([C@H](C)CO)C(=O)c2cc(ccc2O1)NC(=O)C1CCCCC1,0,0.056458,0.100241,0.056883
C[C@@H](N(C)Cc1[nH]cnc1C)C(=O)N(C)C,0,0.422663,0.019355,0.003896
C[C@H]1CCCCO[C@@H](CN(C)S(=O)(=O)c2cccs2)[C@H](C)CN([C@H](C)CO)C(=O)c2cc(ccc2O1)NS(=O)(=O)C,0,0.002914,0.017429,0.002514
C[C@@H]1CCCCO[C@@H](CN(C)C(=O)Nc2ccc(cc2)C(F)(F)F)[C@H](C)CN([C@H](C)CO)C(=O)c2cc(ccc2O1)NS(=O)(=O)c1c(noc1C)C,0,0.169393,0.032681,0.019046
C[C@@H]1CN([C@@H](C)CO)S(=O)(=O)c2ccc(cc2O[C@H]1CN(C)C(=O)Cc1ccncc1)-c1cncnc1,0,0.026076,0.019695,0.003041
CO[C@@H]1CN(C)C(=O)c2cc(ccc2OC[C@H](C)N(C[C@H]1C)Cc1ccccc1C(=O)O)NC(=O)Nc1ccccc1F,0,0.231256,0.102881,0.034991
COc1ccc(cc1)NC(=O)N(C)C[C@H]1Oc2ncc(cc2C(=O)N(C[C@@H]1C)[C@@H](C)CO)C#CC(C)C,0,0.054202,0.017483,0.002809
CC(C)NC(=O)Nc1ccc2c(c1)C(=O)N(C[C@@H](C)[C@H](CN(C)C(=O)NC1CCCCC1)O2)[C@@H](C)CO,0,0.019238,0.018665,0.005203
COc1ccc(cc1)S(=O)(=O)N(C)C[C@H]1OCCCC[C@@H](C)Oc2ccc(cc2C(=O)N(C[C@H]1C)[C@@H](C)CO)NC(=O)Nc1c(noc1C)C,0,0.009368,0.018098,0.002103
C[C@@H]1CCCCO[C@H](CN(C)C(=O)Nc2c(noc2C)C)[C@H](C)CN([C@@H](C)CO)C(=O)c2cc(ccc2O1)NC(=O)NC1CCCCC1,0,0.032084,0.016823,0.002741
C[C@H]1CN([C@H](C)CO)C(=O)Cc2cc(ccc2O[C@H]1CN(C)Cc1ccc(cc1)C(=O)O)NS(=O)(=O)c1cn(cn1)C,0,0.017586,0.024751,0.002168
CC(NCCC(c1ccccc1)c1ccccc1)c1ccccc1.Cl,0,0.656427,0.522688,0.315219
C[C@@H]1CN([C@H](C)CO)C(=O)Cc2cc(ccc2O[C@@H]1CN(C)Cc1ccc(cc1)-c1ccccc1)NC(=O)Cc1cn(c2ccccc12)C,0,0.018144,0.028926,0.003922
C[C@H]1CCCCO[C@@H](CN(C)Cc2ccc3c(c2)OCO3)[C@@H](C)CN([C@H](C)CO)C(=O)c2cc(ccc2O1)NC(=O)Nc1ccc2c(c1)OCO2,0,0.002733,0.019861,0.003024
COCCOC(=O)N1C(=O)[C@@]2([C@H]([C@H]3N([C@@H]([C@@H](OC3=O)c3ccccc3)c3ccccc3)[C@H]2c2ccccc2OCCO)C(=O)N2CCN(CC2)c2ncccn2)c2cc(ccc21)C#Cc1ccc(cc1)OC,0,0.033090,0.029584,0.003203
OC(=O)/C=C/C(=O)NCc1ccccc1,0,0.066487,0.031276,0.032663
C[C@H]1CCCCO[C@H](CN(C)C(=O)Nc2c(noc2C)C)[C@@H](C)CN([C@@H](C)CO)C(=O)c2cc(ccc2O1)NS(=O)(=O)c1ccc(cc1)C,0,0.007328,0.018245,0.002081
CC(=O)c1c(O)cc(O)cc1O,0,0.494387,0.147470,0.051372
CC(C)N1CC=C[C@@]23O[C@@H]4C=CCOC(=O)[C@@H]4[C@H]2C(=O)N([C@@H](C)CO)[C@@H]3C1=O,0,0.081514,0.172410,0.074039
COc1ccc(cc1)NC(=O)Nc1ccc2c(c1)C(=O)N(C[C@@H](C)[C@H](CN(C)CC1CC1)OCCCC[C@@H](C)O2)[C@@H](C)CO,0,0.064443,0.018946,0.002881
C[C@@H]1CCCCO[C@@H](CN(C)Cc2ccc(c(c2)Cl)Cl)[C@H](C)CN([C@H](C)CO)C(=O)c2cc(ccc2O1)NS(=O)(=O)C,0,0.082477,0.019083,0.002545
C[C@H]1CCCCO[C@H](CN(C)C(=O)Nc2ccc(cc2)C(F)(F)F)[C@@H](C)CN([C@H](C)CO)C(=O)c2cc(ccc2O1)NS(=O)(=O)c1ccc(cc1)C,0,0.097196,0.029094,0.005061
C[C@H]1CCCCO[C@@H](CN(C)C(=O)Nc2ccc3c(c2)OCO3)[C@H](C)CN([C@H](C)CO)C(=O)c2cc(ccc2O1)NC(=O)c1ccncc1,0,0.002722,0.017019,0.002086
C[C@@H]1CN([C@H](C)CO)C(=O)Cc2cc(ccc2O[C@H]1CN(C)C(=O)Nc1ccc2c(c1)OCO2)NC(=O)Cn1cnnn1,0,0.001197,0.017750,0.002567
COc1ccc(cc1)CN(C)C[C@@H]1OCCCC[C@H](C)Oc2ccc(cc2C(=O)N(C[C@H]1C)[C@H](C)CO)NC(=O)Nc1ccc2c(c1)OCO2,0,0.012215,0.016469,0.002110
C[C@H]1CCCCO[C@H](CN(C)C(=O)Nc2ccc3c(c2)OCO3)[C@@H](C)CN([C@H](C)CO)C(=O)c2cc(ccc2O1)NS(=O)(=O)c1cccs1,0,0.001137,0.017555,0.001823
C[C@H]1CN([C@@H](C)CO)C(=O)c2cccc(c2O[C@@H]1CN(C)S(=O)(=O)c1cn(cn1)C)NC(=O)Nc1ccc(cc1)F,0,0.138931,0.018545,0.003456
C[C@H]1CCCCO[C@H](CN(C)C(=O)c2ccccc2)[C@H](C)CN([C@@H](C)CO)C(=O)c2cc(ccc2O1)NC(=O)NC1CCCCC1,0,0.003446,0.016860,0.001684
NC1=NC(=O)N(C=C1)[C@H]1O[C@@H](CO)[C@@H](O)[C@@H]1O,0,0.252552,0.159911,0.096417
CS(=O)(=O)N1CCOC[C@]2(CN(CCO2)c2ncccn2)C1,0,0.004732,0.116509,0.009616
C[C@H]1CN([C@H](C)CO)C(=O)c2cccc(c2O[C@H]1CN(C)C(=O)Nc1ccccc1)NC(=O)Nc1cccc2ccccc12,0,0.036044,0.019050,0.004188
C[C@@H]1CN([C@H](C)CO)C(=O)c2cc(ccc2O[C@@H]1CN(C)S(=O)(=O)c1ccc(cc1)Cl)NC(=O)CCN1CCOCC1,0,0.004810,0.017421,0.002514
C[C@@H]1CN([C@H](C)CO)C(=O)Cc2cc(ccc2O[C@@H]1CN(C)S(=O)(=O)C)NC(=O)C1CCCCC1,0,0.005891,0.023746,0.005786
C[C@@H]1CN([C@@H](C)CO)C(=O)Cc2cc(ccc2O[C@@H]1CN(C)C(=O)Nc1ccccc1)NC(=O)Cn1cnnn1,0,0.004241,0.018701,0.003694
CC1=CC(=O)N=C(C)N1,0,0.018325,0.038025,0.012775
C[C@H]1CN([C@H](C)CO)C(=O)c2cc(cnc2O[C@H]1CN(C)C(=O)Cc1ccccc1)C#CC1(O)CCCC1,0,0.005711,0.024465,0.012656
C[C@H]1CN([C@H](C)CO)C(=O)Cc2cc(ccc2O[C@@H]1CN(C)S(=O)(=O)C)NS(=O)(=O)c1ccc(cc1)F,0,0.007912,0.017401,0.003516
OC[C@@H](O)[C@@H](O[C@@H]1O[C@H](CO)[C@H](O)[C@H](O)[C@H]1O)[C@H](O)[C@@H](O)/C=N/NC(=O)c1ccc(cc1)C(=O)NO,0,0.136127,0.148958,0.037828
COc1ccccc1NC(=O)N(C)C[C@H]1Oc2cc(ccc2S(=O)(=O)N(C[C@H]1C)[C@@H](C)CO)Br,0,0.370715,0.030365,0.006125
C[C@H]1CN([C@@H](C)CO)C(=O)c2cccc(c2O[C@H]1CN(C)S(=O)(=O)c1c(noc1C)C)NC(=O)c1cnccn1,0,0.055860,0.017561,0.003216
NC(=O)NCC#Cc1ccc2c(c1)[C@@]1([C@@H]([C@@H]3N([C@H]([C@H](OC3=O)c3ccccc3)c3ccccc3)[C@@H]1c1ccccc1OCCO)C(=O)N)C(=O)N2,0,0.699152,0.093120,0.050485
C[C@@H]1CN([C@@H](C)CO)C(=O)Cc2cc(ccc2O[C@H]1CN(C)CC1CC1)NC(=O)Nc1c(noc1C)C,0,0.110309,0.024548,0.007409
C[C@@H]1CN([C@H](C)CO)C(=O)c2cccc(c2O[C@@H]1CN(C)S(=O)(=O)c1c(noc1C)C)NC(=O)C1CCOCC1,0,0.017809,0.017429,0.002798
COc1ccc(cc1)[Si](C)(C)[C@@H]1[C@@H](C)[C@@]2(O[C@H]1CCn1cc(nn1)[C@H](O)c1ccccc1)C(=O)N(Cc1ccc(cc1)N1CCOC1=O)c1ccccc12,0,0.506620,0.026282,0.013980
CNC(=O)C[C@H]1C[C@@H]2CN(C[C@@H]2O1)S(=O)(=O)c1cccnc1,0,0.007400,0.031582,0.005278
COc1cc(CC=Cc2ccccc2)c(OC)cc1O,0,0.555795,0.648169,0.688775
C[C@H]1CN([C@@H](C)CO)C(=O)c2c(c3ccccc3n2C)-c2ccccc2CO[C@@H]1CN(C)Cc1ccc(cc1)-c1ccccc1,0,0.141204,0.023144,0.004670
CC(=O)N1CCO[C@H]2CN(C[C@@H]2C1)S(=O)(=O)c1cccnc1,0,0.000639,0.028787,0.005474
COc1ccc(cc1)S(=O)(=O)Nc1ccc2c(c1)C(=O)N(C[C@@H](C)[C@@H](CN(C)C(=O)Nc1cccc3ccccc13)O2)[C@@H](C)CO,0,0.007889,0.018067,0.002946
C[C@H]1CCCCO[C@H](CN(C)Cc2ccc(cc2)C(F)(F)F)[C@H](C)CN([C@H](C)CO)C(=O)c2cc(ccc2O1)NS(=O)(=O)c1ccc(cc1)C,0,0.046212,0.017549,0.003312
CO[C@H]1CN(C)C(=O)c2ccc(cc2OC[C@@H](C)N(C[C@@H]1C)Cc1ccc(cc1)-c1ccccn1)NC(=O)NC(C)C,0,0.032046,0.033481,0.008682
C[C@@H]1CCCCO[C@H](CN(C)C(=O)Nc2ccc(cc2)F)[C@@H](C)CN([C@H](C)CO)C(=O)c2cc(ccc2O1)NC(=O)Nc1ccc(cc1)C(F)(F)F,0,0.703486,0.015372,0.007873
C[C@@H]1CN([C@@H](C)CO)S(=O)(=O)c2ccc(cc2O[C@H]1CN(C)C(=O)c1ccccc1)Br,0,0.049993,0.019263,0.005017
C[C@H]1CN([C@@H](C)CO)C(=O)c2ccccc2-c2ccccc2CO[C@@H]1CN(C)Cc1ccc(cc1)C(F)(F)F,0,0.386843,0.564208,0.327492
CC(C)[C@@H]1NC(=O)[C@@H](NC(=O)C2=C(N)C(=O)C(=C3Oc4c(ccc(c4N=C32)C(=O)N[C@H]2[C@@H](C)OC(=O)[C@H](C(C)C)N(C)C(=O)CN(C)C(=O)[C@@H]3CCCN3C(=O)[C@@H](NC2=O)C(C)C)C)C)[C@@H](C)OC(=O)[C@H](C(C)C)N(C)C(=O)CN(C)C(=O)[C@@H]2CCCN2C1=O,1,0.992253,0.509203,0.135868
COCCOC(=O)N1C(=O)[C@@]2([C@H]([C@H]3N([C@@H]([C@@H](OC3=O)c3ccccc3)c3ccccc3)[C@H]2c2ccccc2OCCO)C(=O)Nc2nc3ccccc3s2)c2cc(ccc21)C#CCCO,0,0.113231,0.068091,0.009232
C[C@H]1CN([C@@H](C)CO)S(=O)(=O)c2ccc(cc2O[C@@H]1CN(C)C(=O)CN(C)C)-c1cncnc1,0,0.202233,0.111770,0.009476
CCN1CCC[C@@H](C1)NC(=O)C=C,0,0.178943,0.021401,0.003768
OC[C@@H]1O[C@@H](CC(=O)NC2CCC2)C=C[C@H]1NC(=O)CN1CCOCC1,0,0.005421,0.040160,0.010378
C[C@@H]1CCCCO[C@H](CN(C)C(=O)Nc2ccc(cc2)F)[C@H](C)CN([C@@H](C)CO)C(=O)c2cc(ccc2O1)NC(=O)Nc1c(noc1C)C,0,0.087815,0.017247,0.002287
C[C@@H]1CN([C@H](C)CO)C(=O)c2cc(cnc2O[C@H]1CN(C)C(=O)c1cnccn1)C#CCC1CCCC1,0,0.075349,0.018057,0.004854
C[C@@H]1CN([C@H](C)CO)C(=O)c2cc(ccc2O[C@H]1CN(C)Cc1ccncc1)NC(=O)CCCN(C)C,0,0.019777,0.017836,0.002179
C[C@H]1CN([C@H](C)CO)C(=O)Cc2cc(ccc2O[C@@H]1CN(C)Cc1ccc2c(c1)OCO2)NC(=O)CCN1CCOCC1,0,0.001474,0.016746,0.003509
C[C@H]1CCCCO[C@@H](CN(C)C(=O)C2CCCCC2)[C@@H](C)CN([C@H](C)CO)C(=O)c2cc(ccc2O1)NC(=O)Nc1cccc2ccccc12,0,0.010384,0.016258,0.002759
COC(=O)C1=CO[C@@H](O[C@@H]2O[C@H](CO)[C@@H](O)[C@H](O)[C@H]2O)[C@@H]2[C@@](C)(O)[C@H](C[C@@]21O)OC(=O)/C=C/c1ccc(cc1)O,0,0.004605,0.386890,0.202629
CN1CCN(CC1)c1cc(c(cn1)N(C)C(=O)C(C)(C)c1cc(cc(c1)C(F)(F)F)C(F)(F)F)-c1ccccc1C,1,0.999136,0.265629,0.224239
C[C@H]1CN([C@@H](C)CO)C(=O)c2cc(ccc2O[C@@H]1CN(C)Cc1ccncc1)NC(=O)Nc1cccc2ccccc12,0,0.018448,0.017125,0.002856
Cc1ccc(cc1)OCc1nnn(c1-c1ccccc1)CC(=O)NS(=O)(=O)c1c(nn(c1Cl)C)C,0,0.373772,0.165619,0.039854
Cn1cnc(c1)CCNC(=O)C[C@@H]1CC[C@@H]2[C@H](COC[C@@H](O)CN2C(=O)C2CC2)O1,0,0.347374,0.033433,0.008208
O[C@@H]1COC[C@@H]2O[C@H](CC[C@H]2N(C1)CC1CCOCC1)CC(=O)N1CCOCC1,0,0.099376,0.029904,0.014609
C[C@H]1CN([C@H](C)CO)C(=O)c2cc(ccc2O[C@H]1CN(C)C(=O)Nc1ccc2c(c1)OCO2)NC(=O)Nc1cccc2ccccc12,0,0.006216,0.016663,0.002556
C[N+](C)(C)CCCC[C@@H]1NC(=O)[C@H]2C[C@H]([C@H](N2C1=O)c1ccc(cc1)O)C(=O)OCCOc1ccc(cc1)[C@@H]1N2[C@H]([C@H](C(=O)OCC=C)[C@@]11C(=O)Nc3ccc(cc31)I)C(=O)O[C@H]([C@H]2c1ccccc1)c1ccccc1,0,0.281885,0.091243,0.005446
CN(C)C(=O)C[C@H]1CC[C@H]2[C@H](COc3ccc(cc3C(=O)N2C)NS(=O)(=O)c2cccc(c2)F)O1,0,0.007698,0.020517,0.004866
CC(C)NC(=O)Nc1ccc2c(c1)C(=O)N(C[C@@H](C)[C@H](CN(C)Cc1ccc3c(c1)OCO3)O2)[C@H](C)CO,0,0.021387,0.017485,0.004352
C[C@@H]1CCCCO[C@@H](CN(C)C(=O)c2ccncc2)[C@H](C)CN([C@@H](C)CO)C(=O)c2cc(ccc2O1)NC(=O)C1CCCCC1,0,0.002937,0.016642,0.001951
Cc1ccc(cc1)S(=O)(=O)N[C@H]1C=C[C@H](CC(=O)NCCN2CCCCC2)O[C@H]1CO,0,0.083274,0.017609,0.007405
NC(=O)[C@H]1[C@H]2N([C@@H]([C@@H](OC2=O)c2ccccc2)c2ccccc2)[C@@H](c2ccccc2OCCO)[C@]11C(=O)Nc2ccc(cc21)C#CC1=CCCCC1,0,0.427753,0.047304,0.024917
COc1ccccc1-c1ccc2c(c1)O[C@H](CN(C)C(=O)c1ccncc1)[C@@H](C)CN([C@H](C)CO)S2(=O)=O,0,0.020424,0.018296,0.001996
OC[C@@H]1O[C@@H](C[C@@H]2[C@H]1Oc1ccc(cc12)NC(=O)NC1CCCC1)CC(=O)NCc1ccc(cc1)Oc1ccccc1,0,0.074825,0.037280,0.013848
C[C@H]1CN([C@H](C)CO)C(=O)Cc2cc(ccc2O[C@@H]1CN(C)Cc1ccc(c(c1)Cl)Cl)NS(=O)(=O)c1ccc(cc1)Cl,0,0.031052,0.023568,0.003631
CCC(=O)N[C@@H]1C=C[C@H](CC(=O)OC)O[C@@H]1CO,0,0.002593,0.021483,0.007524
CCCN(C)C[C@@H]1OCCCC[C@@H](C)Oc2ccc(cc2C(=O)N(C[C@H]1C)[C@H](C)CO)NC(=O)Nc1ccc(cc1)F,0,0.143384,0.019458,0.007741
C[C@@H]1CCCCO[C@@H](CN(C)C(=O)Nc2c(noc2C)C)[C@H](C)CN([C@H](C)CO)C(=O)c2cc(ccc2O1)NC(=O)Nc1ccccc1,0,0.026441,0.016961,0.002269
C[C@@H]1CN([C@H](C)CO)C(=O)c2c(c3ccccc3n2C)-c2ccccc2CO[C@H]1CN(C)C(=O)Nc1ccc(cc1)F,0,0.109119,0.018195,0.005171
COc1ccc(cc1)CN(C)C[C@@H]1OCCCC[C@H](C)Oc2ccc(cc2C(=O)N(C[C@H]1C)[C@@H](C)CO)NC(=O)Cc1ccccc1,0,0.007678,0.016157,0.003285
C[C@@H]1CN([C@H](C)CO)S(=O)(=O)c2ccc(cc2O[C@@H]1CN(C)C(=O)c1ccccn1)C#Cc1ccccc1,0,0.009509,0.018305,0.002476
Cc1ccccc1-c1ccc(cc1)N,0,0.589331,0.138928,0.074839
OC[C@H]1O[C@H](CC(=O)NCCCN2CCOCC2)C=C[C@@H]1NC(=O)C1CCC1,0,0.035532,0.032743,0.014752
C[C@@H]1CCCCO[C@@H](CN(C)S(=O)(=O)c2ccc(cc2)Cl)[C@H](C)CN([C@@H](C)CO)C(=O)c2cc(ccc2O1)NS(=O)(=O)c1ccccc1,0,0.002153,0.017806,0.002269
C[C@@H]1CCCCO[C@@H](CN(C)S(=O)(=O)c2ccc(cc2)F)[C@@H](C)CN([C@H](C)CO)C(=O)c2cc(ccc2O1)NC(=O)CCCCCC(=O)Nc1ccccc1N,0,0.003898,0.018570,0.001838
C[C@H]1CN([C@@H](C)CO)S(=O)(=O)c2ccc(cc2O[C@@H]1CN(C)C(=O)c1cccc(c1)F)-c1ccncc1,0,0.066202,0.019035,0.002986
C[C@@H]1CN([C@@H](C)CO)C(=O)CCCn2cc(nn2)CO[C@@H]1CN(C)S(=O)(=O)c1cn(cn1)C,0,0.008183,0.019396,0.003830
COCC#Cc1ccc2c(c1)O[C@@H](CN(C)C(=O)c1ccccc1F)[C@H](C)CN([C@@H](C)CO)S2(=O)=O,0,0.129778,0.024058,0.005374
CNC1(C)C2CCC(C2)C1(C)C.Cl,0,0.857433,0.188765,0.032333
CN(C)/C=C/C(=S)c1cccs1,0,0.000001,0.097382,0.070947
COc1cccc(c1)CNC(=O)C[C@@H]1O[C@H](CO)[C@H](NC(=O)C2CCOCC2)C=C1,0,0.022052,0.022615,0.008376
C[C@H]1CN([C@@H](C)CO)C(=O)c2cc(ccc2O[C@H]1CN(C)S(=O)(=O)c1ccc(cc1)Cl)NS(=O)(=O)C,0,0.064548,0.017638,0.003862
COc1ccc(cc1)S(=O)(=O)N(C)C[C@@H]1Oc2ccc(cc2C(=O)N(C[C@@H]1C)[C@H](C)CO)NS(=O)(=O)c1ccc(cc1)C,0,0.005404,0.017619,0.003440
C[C@H]1CN([C@@H](C)CO)S(=O)(=O)c2ccc(cc2O[C@@H]1CN(C)C(=O)Cc1ccncc1)C#CC1CC1,0,0.033660,0.020824,0.003056
CC(C)CC#Cc1ccc2c(c1)O[C@@H](CN(C)C(=O)c1ccncc1)[C@H](C)CN([C@@H](C)CO)S2(=O)=O,0,0.024314,0.017344,0.002975
C[C@H]1CN([C@H](C)CO)S(=O)(=O)c2ccc(cc2O[C@@H]1CN(C)C(=O)c1cccnc1)-c1cccc(c1)C#N,0,0.000106,0.017492,0.001983
CNC(=O)C[C@@H]1CC[C@@H]2[C@H](COC[C@@H](O)CN2C(=O)c2ccccn2)O1,0,0.139304,0.020738,0.009235
C[C@@H]1CN([C@@H](C)CO)C(=O)c2cc(cnc2O[C@H]1CN(C)S(=O)(=O)c1ccccc1)C#CCN(C)C,0,0.009397,0.017848,0.003591
COCC(=O)Nc1ccc2c(c1)OC[C@H](C)N(C[C@H](C)[C@H](CN(C)C2=O)OC)Cc1cccc(c1)F,0,0.020683,0.022185,0.003503
COc1ccccc1S(=O)(=O)N1C[C@H](O)COC[C@H]2O[C@@H](CC[C@@H]21)CC(=O)O,0,0.398820,0.054871,0.014423
CC1(C)CCC(=C(CN2CCN(CC2)c2ccc(cc2)C(=O)NS(=O)(=O)c2ccc(c(c2)S(=O)(=O)C(F)(F)F)N[C@H](CCN2CCOCC2)CSc2ccccc2)C1)c1ccc(cc1)Cl,0,0.408393,0.098032,0.020431
C[C@@H]1CN([C@@H](C)CO)C(=O)Cc2cc(ccc2O[C@@H]1CN(C)C(=O)Nc1cccc2ccccc12)NC(=O)CCCCCC(=O)Nc1ccccc1N,0,0.005254,0.016353,0.001939
COc1ccc(cc1)CN(C)C[C@H]1OCCCC[C@H](C)Oc2ccc(cc2C(=O)N(C[C@H]1C)[C@@H](C)CO)NC(=O)NC1CCCCC1,0,0.040195,0.016381,0.003661
O[C@@H]1COC[C@H]2O[C@H](CC[C@@H]2N(C1)C(=O)Nc1ccc(c(c1)Cl)Cl)CC(=O)NCc1ccc(c(c1)Cl)Cl,0,0.980216,0.853533,0.929658
C[C@@H]1CCCCO[C@@H](CN(C)C(=O)Nc2ccc(cc2)C(F)(F)F)[C@H](C)CN([C@@H](C)CO)C(=O)c2cc(ccc2O1)NC(=O)Nc1c(noc1C)C,0,0.416918,0.031669,0.016967
C[C@@H]1CCCCO[C@H](CN(C)C(=O)Nc2ccc(cc2)F)[C@H](C)CN([C@@H](C)CO)C(=O)c2cc(ccc2O1)NS(=O)(=O)c1ccc(cc1)Cl,0,0.045723,0.017335,0.002337
COc1cc(cc(c1OCCOCCOCCOCCC(=O)OC(C)(C)C)OC)/C=C/C(=O)N1CCC=CC1=O,0,0.000997,0.170998,0.038614
CC(C)=CCCC(C)=CCOc1ccc2ccc(=O)oc2c1,0,0.409255,0.199967,0.070857
C[C@@H]1CCCCO[C@@H](CN(C)S(=O)(=O)c2ccc(cc2)Cl)[C@@H](C)CN([C@H](C)CO)C(=O)c2cc(ccc2O1)NC(=O)Nc1ccc(cc1)F,0,0.037939,0.017394,0.002444
COc1ccc(cc1)CN(C)C[C@H]1OCCCC[C@@H](C)Oc2ccc(cc2C(=O)N(C[C@H]1C)[C@@H](C)CO)NC(=O)NC(C)C,0,0.034396,0.017149,0.003248
C[C@@H]1CN([C@H](C)CO)C(=O)c2cccc(c2O[C@@H]1CN(C)Cc1ccc(cc1)C(F)(F)F)NC(=O)CCCCCC(=O)Nc1ccccc1N,0,0.396963,0.021187,0.004632
C[C@@H]1CCCCO[C@@H](CN(C)C(=O)Nc2ccc(cc2)F)[C@@H](C)CN([C@@H](C)CO)C(=O)c2cc(ccc2O1)NC(=O)CCCN(C)C,0,0.033770,0.017001,0.002126
C[C@@H]1CN([C@H](C)CO)C(=O)c2cccc(c2O[C@H]1CN(C)Cc1ccc(cc1)C(F)(F)F)NC(=O)c1nc2ccccc2s1,0,0.115958,0.048704,0.037641
CCN1[C@@H]([C@@H](CO)[C@@H]2CN3C(=O)C(=CC=C3[C@@H]21)c1ccc(cc1)C(=O)N(C)C)C(=O)NCCOC,0,0.162674,0.017442,0.003105
C[C@H]1CCCCO[C@@H](CN(C)C(=O)Nc2ccc(cc2)C(F)(F)F)[C@@H](C)CN([C@H](C)CO)C(=O)c2cc(ccc2O1)NS(=O)(=O)C,0,0.355816,0.045636,0.015118
C1CN(CCO1)Cc1nnnn1-c1ccccc1,0,0.017932,0.078832,0.031523
COc1cc(cc(c1OC)OC)NC(=O)c1cccc(c1)-n1cc(cn1)NC(=O)Nc1cccc(c1)C,0,0.487775,0.208502,0.065080
CNCc1cc(nn1C)C,0,0.027023,0.042433,0.012628
COc1ccc(cc1)NC(=O)Nc1ccc2c(c1)C(=O)N(C[C@@H](C)[C@H](CN(C)C(=O)NC(C)C)OCCCC[C@@H](C)O2)[C@@H](C)CO,0,0.012361,0.018654,0.002138
C[C@@H]1CCCCO[C@H](CN(C)C(=O)Nc2ccc(cc2)F)[C@@H](C)CN([C@@H](C)CO)C(=O)c2cc(ccc2O1)NC(=O)CCC(F)(F)F,0,0.269614,0.020280,0.010438
NCCc1nccs1,0,0.022008,0.032898,0.012514
C[C@@H]1CN([C@@H](C)CO)C(=O)c2cc(ccc2O[C@H]1CN(C)Cc1ccncc1)NC(=O)Nc1cccc2ccccc12,0,0.018448,0.017125,0.002856
C[C@H]1CN([C@@H](C)CO)C(=O)c2cccc(c2O[C@H]1CN(C)C(=O)Nc1ccc2c(c1)OCO2)NS(=O)(=O)c1c(noc1C)C,0,0.007308,0.018714,0.003689
C[C@H]1CN([C@@H](C)CO)C(=O)c2cccc(c2O[C@@H]1CN(C)S(=O)(=O)c1cn(cn1)C)NC(=O)C1CC1,0,0.015942,0.018516,0.002923
COc1cccc(c1)S(=O)(=O)N(C)C[C@H]1Oc2ncc(cc2C(=O)N(C[C@H]1C)[C@H](C)CO)C#CC(C)C,0,0.015971,0.017694,0.002619
C[C@H]1CCCCO[C@H](CN(C)C(=O)NC2CCCCC2)[C@@H](C)CN([C@@H](C)CO)C(=O)c2cc(ccc2O1)NC(=O)Cc1ccccc1,0,0.004016,0.016665,0.002429
C[C@H]1CN([C@@H](C)CO)C(=O)c2cccc(c2O[C@H]1CN(C)C(=O)Nc1ccc(cc1)C(F)(F)F)NC(=O)NC1CCCCC1,0,0.846551,0.895491,0.912189
C[C@@H]1CN([C@H](C)CO)C(=O)c2cccc(c2O[C@@H]1CN(C)Cc1ccccc1)NC(=O)Nc1ccc(cc1)C(F)(F)F,0,0.596938,0.366958,0.268214
COC(=O)c1cc(oc1CN)-c1ccccc1,0,0.119001,0.137250,0.057167
COc1ccncc1N,0,0.102041,0.042469,0.018241
C[C@@H]1CCCCO[C@@H](CN(C)CC2CC2)[C@H](C)CN([C@@H](C)CO)C(=O)c2cc(ccc2O1)NC(=O)c1ccccc1,0,0.013650,0.018135,0.002802
Cn1cnc(c1)S(=O)(=O)N[C@@H]1CC[C@H](CC(=O)Nc2ccccc2)O[C@H]1CO,0,0.035716,0.017377,0.004868
C[C@@]1(F)[C@H](O)[C@@H](CO)O[C@H]1N1C=CC(=NC1=O)N,0,0.390652,0.566146,0.459334
Cn1cnc(c1)S(=O)(=O)N1C[C@H](O)COC[C@@H]2O[C@H](CC[C@H]21)CC(=O)N1CCN(CC1)c1ccccc1,0,0.179207,0.031012,0.005311
C[C@@H]1CN([C@@H](C)CO)C(=O)c2c(c3ccccc3n2C)-c2ccccc2CO[C@@H]1CN(C)C(=O)N[C@H](C)c1ccccc1,0,0.020657,0.017142,0.003353
C[C@H]1CN([C@@H](C)CO)C(=O)CCCn2cc(nn2)CO[C@H]1CN(C)Cc1ccc2c(c1)OCCN2C,0,0.324297,0.026937,0.004882
CCS(=O)(=O)N1CC[C@]2(CC1)CN([C@@H](CO)c1c2c2ccc(cc2n1C)OC)S(=O)(=O)c1ccccc1,0,0.003568,0.023325,0.004757
COc1ccc(-c2coc3cc(O)cc(O)c3c2=O)cc1,0,0.276538,0.290487,0.214039
C[C@@H]1CN([C@H](C)CO)C(=O)c2c(c3ccccc3n2C)-c2ccccc2CO[C@H]1CN(C)Cc1ccc(cc1)-c1ccccc1,0,0.141204,0.023144,0.004670
CCOC(=O)N(C)C[C@H]1OCc2cnnn2CCCC(=O)N(C[C@@H]1C)[C@H](C)CO,0,0.019934,0.019213,0.005122
COc1ccc(cc1)S(=O)(=O)Nc1ccc2c(c1)C(=O)N(C[C@H](C)[C@H](CN(C)S(=O)(=O)c1cccs1)O2)[C@@H](C)CO,0,0.002421,0.017581,0.003310
COc1cccc(c1)N=[N+]=[N-],0,0.549521,0.085790,0.022063
C[C@@H]1CN([C@@H](C)CO)C(=O)c2cccc(c2O[C@@H]1CN(C)C(=O)Nc1ccc2c(c1)OCO2)NS(=O)(=O)c1c(noc1C)C,0,0.007308,0.018714,0.003689
C[C@H]1CN([C@H](C)CO)C(=O)Cc2cc(ccc2O[C@H]1CN(C)Cc1ccc2c(c1)OCO2)NC(=O)Nc1cccc2ccccc12,0,0.008320,0.016376,0.003353
COc1ccc(cc1)S(=O)(=O)N(C)C[C@@H]1OCCCC[C@@H](C)Oc2ccc(cc2C(=O)N(C[C@@H]1C)[C@H](C)CO)NC(=O)Nc1ccc(cc1)C(F)(F)F,0,0.134068,0.044315,0.005123
C[C@@H]1CN([C@H](C)CO)C(=O)c2cc(ccc2O[C@H]1CN(C)S(=O)(=O)c1cn(cn1)C)NS(=O)(=O)c1ccc(cc1)F,0,0.009703,0.018050,0.003337
OC[C@H]1O[C@H](CC(=O)NCCN2CCCCC2)C=C[C@H]1NC(=O)c1cccnc1,0,0.048173,0.035633,0.017412
C[C@H]1CN([C@H](C)CO)C(=O)Cc2cc(ccc2O[C@H]1CN(C)S(=O)(=O)c1c(noc1C)C)NS(=O)(=O)c1ccc(cc1)C,0,0.003334,0.017467,0.002736
COc1ccccc1S(=O)(=O)N(C)C[C@H]1OCc2cn(nn2)CCCC(=O)N(C[C@@H]1C)[C@@H](C)CO,0,0.022584,0.020702,0.003413
CN(C)C(=O)CN1C(=O)Oc2ccccc21,0,0.777257,0.046521,0.015912
CCCS(=O)(=O)N1CCC[C@@H](C1)C(=O)NC,0,0.003240,0.020717,0.003689
CNCc1nncn1C(C)C,0,0.129118,0.036076,0.016206
CC(C)NC(=O)N(C)C[C@H]1Oc2ccc(cc2CC(=O)N(C[C@H]1C)[C@@H](C)CO)NC(=O)CCN1CCOCC1,0,0.001678,0.019560,0.003342
COc1ccc(cc1)S(=O)(=O)Nc1ccc2c(c1)CC(=O)N(C[C@H](C)[C@@H](CN(C)S(=O)(=O)c1ccc(cc1)C)O2)[C@@H](C)CO,0,0.001628,0.017948,0.002222
CN1CCN(CC1)C(=O)C[C@@H]1CC[C@@H](NC(=O)c2ccc3c(c2)OCO3)[C@@H](CO)O1,0,0.031810,0.017155,0.005212
C[C@H]1CN([C@@H](C)CO)C(=O)c2cccc(c2O[C@@H]1CN(C)S(=O)(=O)c1ccc(cc1)F)NC(=O)C1CC1,0,0.054316,0.019893,0.004116
CCSC1=NC(=O)C(=NN1)C,0,0.348461,0.032827,0.011754
C[C@H]1CN([C@H](C)CO)S(=O)(=O)c2ccc(cc2O[C@H]1CN(C)S(=O)(=O)c1ccc(cc1)F)C1=CCCC1,0,0.036797,0.026912,0.005934
CC(C)=CCCC1(C)C=Cc2c(O)c3c(c(CC=C(C)C)c2O1)OC12C(=CC4CC1C(C)(C)OC2(CC=C(C)C(=O)O)C4=O)C3=O,0,0.994048,0.663022,0.477033
CN(C)CCCNC(=O)C[C@@H]1O[C@@H](CO)[C@H](NS(=O)(=O)c2ccccc2)C=C1,0,0.015696,0.022904,0.007440
C[C@H]1CN([C@@H](C)CO)C(=O)Cc2cc(ccc2O[C@H]1CN(C)Cc1ccc(cc1)C(=O)Nc1ccccc1N)NC(=O)Nc1ccc2c(c1)OCO2,0,0.003507,0.017829,0.002322
C[C@@H]1CN([C@H](C)CO)C(=O)c2cc(cnc2O[C@H]1CN(C)C(=O)Cc1cccnc1)C#CC1(O)CCCC1,0,0.008489,0.027350,0.009038
O[C@@H]1COC[C@H]2O[C@H](CC[C@@H]2N(C1)S(=O)(=O)c1ccccc1F)CC(=O)NCc1ccccc1Cl,0,0.722108,0.056174,0.027813
Oc1ccnc(S)n1,0,0.000010,0.219200,0.262457
C[C@H]1CN([C@@H](C)CO)S(=O)(=O)c2ccc(cc2O[C@H]1CN(C)C(=O)C1CCCCC1)-c1cncnc1,0,0.068557,0.021923,0.006778
C[C@H]1CN([C@H](C)CO)C(=O)c2cccc(c2O[C@@H]1CN(C)C(=O)NC1CCCCC1)NC(=O)Nc1ccc(cc1)C(F)(F)F,0,0.813439,0.899901,0.898025
C[C@@H]1CCCCO[C@@H](CN(C)S(=O)(=O)c2ccccc2)[C@H](C)CN([C@@H](C)CO)C(=O)c2cc(ccc2O1)NC(=O)Nc1ccc(cc1)C(F)(F)F,0,0.087717,0.026840,0.004828
C[C@@H]1[C@H](O)CC[C@@]2(C)[C@@H]1CC[C@@]1(C)[C@H]2[C@H](O)C[C@H]2C(=C(CCC=C(C)C)C(=O)O)[C@H](C[C@@]21C)OC(=O)C,1,0.766960,0.936529,0.979828
CO[C@H]1CN(C)C(=O)c2ccc(cc2OC[C@H](C)N(C[C@@H]1C)Cc1ccccc1C(=O)O)NC(=O)Nc1ccccc1F,0,0.126543,0.085673,0.021161
CC12CCC3C(CCC45OC4C(O)=C(C#N)CC35C)C1CCC2O,0,0.000117,0.138676,0.058269
CC(C)NC(=O)N(C)C[C@@H]1Oc2c(cccc2C(=O)N(C[C@H]1C)[C@@H](C)CO)NC(=O)NC1CCCCC1,0,0.065806,0.021642,0.006569
C[C@@H]1CN([C@@H](C)CO)C(=O)Cc2cc(ccc2O[C@@H]1CN(C)Cc1ccc(cc1)-c1ccccc1)NC(=O)CCCCCC(=O)Nc1ccccc1N,0,0.021962,0.024297,0.003247
C[C@H]1CN([C@H](C)CO)C(=O)c2cc(ccc2O[C@@H]1CN(C)Cc1ccc(cc1)Oc1ccccc1)NC(=O)Cc1cn(c2ccccc12)C,0,0.003047,0.017884,0.002819
C[C@H]1CN([C@@H](C)CO)C(=O)c2cccc(c2O[C@H]1CN(C)S(=O)(=O)c1ccc(cc1)C)NC(=O)C1CC1,0,0.026092,0.017840,0.003128
C[C@@H]1CN([C@@H](C)CO)C(=O)c2cc(ccc2O[C@H]1CN(C)S(=O)(=O)c1cccs1)NC(=O)c1ccncc1,0,0.001902,0.017475,0.001958
C[C@H]1CN([C@@H](C)CO)C(=O)Cc2cc(ccc2O[C@@H]1CN(C)CC1CC1)NS(=O)(=O)c1ccc(cc1)F,0,0.026079,0.018988,0.005264
COc1ccc(cc1)S(=O)(=O)N(C)C[C@H]1OCCCC[C@H](C)Oc2ccc(cc2C(=O)N(C[C@@H]1C)[C@@H](C)CO)NC(=O)Nc1ccc(cc1)C(F)(F)F,0,0.134068,0.044315,0.005123
CN1C(=O)N(C)c2nc(n(c2C1=O)C)NCCN,0,0.533454,0.033899,0.010086
COc1cccc(c1)NC(=O)C[C@@H]1CC[C@H]2[C@@H](COc3ccc(cc3C(=O)N2C)NC(=O)C2CCOCC2)O1,0,0.005405,0.018881,0.004169
C[C@@H]1CN([C@@H](C)CO)C(=O)c2cccc(c2O[C@@H]1CN(C)CC1CCCCC1)NC(=O)c1ccc(cc1)-c1nccs1,0,0.029736,0.017290,0.002369
C[C@@H]1CN([C@@H](C)CO)C(=O)Cc2cc(ccc2O[C@@H]1CN(C)C(=O)Nc1ccccc1)NC(=O)CCCCCC(=O)Nc1ccccc1N,0,0.006691,0.016542,0.002124
CC(C)NC(=O)N(C)C[C@H]1OCCCC[C@H](C)Oc2ccc(cc2C(=O)N(C[C@@H]1C)[C@H](C)CO)NC(=O)Nc1cccc2ccccc12,0,0.016049,0.019746,0.002855
CN(C)CCC=C1c2ccccc2COc2ccc(CC(=O)O)cc21.Cl,1,0.957189,0.556764,0.196219
CC(CN1CC(=O)NC(=O)C1)N1CC(=O)NC(=O)C1,0,0.000084,0.044787,0.009310
C[C@H]1CN([C@@H](C)CO)C(=O)c2cc(cnc2O[C@@H]1CN(C)S(=O)(=O)c1ccc(cc1)C)-c1ccncc1,0,0.010844,0.017622,0.002199
CCCN(C)C[C@H]1OCCCC[C@@H](C)Oc2ccc(cc2C(=O)N(C[C@H]1C)[C@@H](C)CO)NC(=O)Nc1ccc(cc1)F,1,0.143384,0.019458,0.007741
C[C@@H]1CN([C@@H](C)CO)S(=O)(=O)c2ccc(cc2O[C@@H]1CN(C)S(=O)(=O)c1ccccc1F)C#Cc1cccc(c1)F,0,0.120627,0.027923,0.005894
C[C@H]1CN([C@@H](C)CO)C(=O)c2cc(ccc2O[C@H]1CN(C)Cc1ccncc1)NS(=O)(=O)c1ccc(cc1)F,0,0.010642,0.017151,0.002917
CCn1nnc2c(ncnc12)N1CCOCC1,0,0.369014,0.031851,0.008255
COc1ccc(cc1)S(=O)(=O)Nc1ccc2c(c1)C(=O)N(C[C@H](C)[C@H](CN(C)S(=O)(=O)C)O2)[C@@H](C)CO,0,0.010324,0.018051,0.003894
C[C@H]1CN([C@H](C)CO)C(=O)c2cccc(c2O[C@H]1CN(C)Cc1ccc(cc1)-c1ccccc1)NS(=O)(=O)c1ccccc1,0,0.011775,0.020167,0.003745
C[C@H]1CCCCO[C@H](CN(C)Cc2ccc(cc2)C(F)(F)F)[C@H](C)CN([C@H](C)CO)C(=O)c2cc(ccc2O1)NC(=O)C1CCCCC1,0,0.238007,0.036893,0.013742
C[C@@H]1CCCCO[C@H](CN(C)C(=O)Nc2ccc3c(c2)OCO3)[C@@H](C)CN([C@H](C)CO)C(=O)c2cc(ccc2O1)NS(=O)(=O)c1ccc(cc1)C,0,0.001670,0.018623,0.001831
COC(CNC(=O)C(=O)NC[C@H]1OCCN1C(=O)c1ccc2c(c1)OCO2)OC,0,0.188376,0.227818,0.177234
C/C=C/c1ccc2c(c1)O[C@H](CN(C)Cc1ccc(cc1)C(=O)O)[C@@H](C)CN([C@H](C)CO)S2(=O)=O,0,0.060452,0.026953,0.004826
C[C@@H]1CNC[C@H](C)N1,0,0.000527,0.030787,0.009263
C[C@@H]1CN([C@@H](C)CO)C(=O)c2cccc(c2O[C@H]1CN(C)S(=O)(=O)C)NC(=O)CCCCCC(=O)Nc1ccccc1N,0,0.020104,0.018508,0.003247
COc1ccc(cc1)S(=O)(=O)N(C)C[C@@H]1Oc2ccc(cc2CC(=O)N(C[C@@H]1C)[C@@H](C)CO)NC(=O)CCN1CCOCC1,0,0.000675,0.016395,0.002268
COc1ccc(cc1)NC(=O)Nc1ccc2c(c1)C(=O)N(C[C@@H](C)[C@@H](CN(C)CC1CCCCC1)OCCCC[C@@H](C)O2)[C@H](C)CO,0,0.054054,0.016541,0.002700
C[C@H]1CN([C@H](C)CO)C(=O)Cc2cc(ccc2O[C@@H]1CN(C)C(=O)Nc1ccccc1)NC(=O)Nc1ccc(cc1)C(F)(F)F,0,0.329802,0.064749,0.030416
C[C@H]1CN([C@H](C)CO)C(=O)c2cccc(c2O[C@@H]1CN(C)CC1CCCCC1)NC(=O)Cn1cnnn1,0,0.024672,0.017723,0.005419
C[C@H]1CN([C@@H](C)CO)C(=O)Cc2cc(ccc2O[C@H]1CN(C)C(=O)Nc1ccc2c(c1)OCO2)NS(=O)(=O)C,0,0.004226,0.019595,0.002467
COc1ccc(cc1)NC(=O)N(C)C[C@H]1Oc2c(cccc2C(=O)N(C[C@@H]1C)[C@H](C)CO)NC(=O)C1CCOCC1,0,0.032503,0.017535,0.002531
OC1CN(C1)C(=O)c1cnn2c1OCCC2,0,0.007525,0.017320,0.003884
C[C@@H]1CCCCO[C@@H](CN(C)C(=O)Nc2ccc(cc2)C(F)(F)F)[C@H](C)CN([C@@H](C)CO)C(=O)c2cc(ccc2O1)NC(=O)Nc1ccccc1,0,0.261578,0.015311,0.002611
OC[C@H]1O[C@H](CCNC(=O)C2CC2)CC[C@H]1NS(=O)(=O)c1cccc(c1)F,0,0.137691,0.021207,0.010013
CC1=CC(C)(C)N(C(=O)Nc2ccc(cc2)C)c2ccccc21,0,0.840089,0.379000,0.202739
C[C@H]1CN([C@H](C)CO)C(=O)c2cc(ccc2O[C@H]1CN(C)Cc1ccc(cc1)C(=O)Nc1ccccc1N)NS(=O)(=O)C,0,0.017213,0.018378,0.002283
C[C@H]1CCCCO[C@H](CN(C)C(=O)NC2CCCCC2)[C@H](C)CN([C@H](C)CO)C(=O)c2cc(ccc2O1)NS(=O)(=O)c1cccs1,0,0.005405,0.017429,0.002986
CN([C@@H](c1ccccc1C)c1ncccc1C)C(=O)C1CCN(CCOc2ccc(cc2Cl)Cl)CC1,1,0.970832,0.913999,0.915643
CC(=O)N1[C@H](CO)[C@@H]([C@H]1CNC(=O)CN1CCOCC1)c1ccccc1,0,0.019484,0.023816,0.015288
CCS(=O)(=O)N[C@H]1C=C[C@@H](CC(=O)NCc2ccc(cc2)Cl)O[C@@H]1CO,0,0.030389,0.032855,0.013413
CO[C@H]1CN(C)C(=O)c2ccc(cc2OC[C@H](C)N(C[C@@H]1C)C(=O)NC(C)C)NS(=O)(=O)CC(F)(F)F,0,0.051126,0.051675,0.005764
C[C@@H]1CCCCO[C@@H](CN(C)C(=O)Nc2ccc3c(c2)OCO3)[C@H](C)CN([C@H](C)CO)C(=O)c2cc(ccc2O1)NC(=O)NC1CCCCC1,0,0.009085,0.016391,0.002525
C[C@H]1CCCCO[C@@H](CN(C)Cc2ccc(cc2)C(F)(F)F)[C@@H](C)CN([C@H](C)CO)C(=O)c2cc(ccc2O1)NS(=O)(=O)c1cccs1,0,0.040846,0.018905,0.002848
CO[C@H]1CN(C)C(=O)c2cc(ccc2OC[C@H](C)N(C[C@H]1C)Cc1ccccc1C(=O)O)NC(=O)Nc1ccccc1F,0,0.231256,0.102881,0.034991
CN1C(=O)COc2cc(ccc21)N,0,0.065902,0.033082,0.008227
C[C@@H]1CCCCO[C@H](CN(C)S(=O)(=O)c2cccs2)[C@H](C)CN([C@@H](C)CO)C(=O)c2cc(ccc2O1)NC(=O)c1ccccc1,0,0.000353,0.017475,0.002007
C[C@H]1CCCCO[C@@H](CN(C)Cc2ccc(cc2)C(F)(F)F)[C@@H](C)CN([C@@H](C)CO)C(=O)c2cc(ccc2O1)NC(=O)Nc1c(noc1C)C,0,0.296345,0.018733,0.007716
C[C@@H]1CN([C@H](C)CO)C(=O)Cc2cc(ccc2O[C@@H]1CN(C)Cc1ccc(cc1)C(F)(F)F)NC(=O)Cn1cnnn1,0,0.080414,0.072700,0.021029
C[C@@H]1CCCCO[C@@H](CN(C)C(=O)Nc2cccc3ccccc23)[C@@H](C)CN([C@H](C)CO)C(=O)c2cc(ccc2O1)NC(=O)Nc1ccccc1,0,0.016479,0.015684,0.002216
C[C@@H]1CN([C@H](C)CO)C(=O)c2cc(cnc2O[C@H]1CN(C)C(=O)Cc1cccnc1)-c1ccc(cc1)C,0,0.012495,0.016957,0.003078
C[C@@H]1CCCCO[C@H](CN(C)S(=O)(=O)c2cccs2)[C@@H](C)CN([C@H](C)CO)C(=O)c2cc(ccc2O1)NC(=O)Nc1ccccc1,0,0.002387,0.017475,0.001950
C[C@H]1CN([C@@H](C)CO)C(=O)c2cccc(c2O[C@@H]1CN(C)C(=O)Nc1cccc2ccccc12)NS(=O)(=O)c1ccc(cc1)F,0,0.030728,0.021163,0.003955
COc1ccc(cc1)S(=O)(=O)Nc1ccc2c(c1)C(=O)N(C[C@@H](C)[C@@H](CN(C)Cc1ccc(c(c1)Cl)Cl)OCCCC[C@H](C)O2)[C@H](C)CO,0,0.021740,0.022462,0.002681
C[C@H]1CC/C=C\[C@H]2O[C@]34C=CCN(CCN5CCOCC5)C(=O)[C@H]4N(CCCO)C(=O)[C@@H]3[C@@H]2C(=O)O1,0,0.025119,0.168607,0.055295
CC(C)CC#Cc1ccc2c(c1)O[C@H](CN(C)C(=O)C1CCOCC1)[C@@H](C)CN([C@H](C)CO)S2(=O)=O,0,0.030879,0.025558,0.005861
C[C@@H]1CN([C@H](C)CO)C(=O)c2cccc(c2O[C@H]1CN(C)C(=O)Nc1cccc2ccccc12)NC(=O)Nc1ccc(cc1)F,0,0.214300,0.020886,0.009692
C[C@@H]1CCCCO[C@H](CN(C)C(=O)Nc2ccc(cc2)F)[C@H](C)CN([C@@H](C)CO)C(=O)c2cc(ccc2O1)NS(=O)(=O)c1ccc(cc1)F,0,0.045738,0.017146,0.002827
C[C@@H]1CN([C@H](C)CO)C(=O)Cc2cc(ccc2O[C@@H]1CN(C)Cc1ccccc1)NS(=O)(=O)c1c(noc1C)C,0,0.003711,0.017297,0.003896
CC1(C)OCC(CO)(CO1)[N+](=O)[O-],0,0.942751,0.134002,0.061547
C[C@H]1CN([C@H](C)CO)C(=O)c2cc(ccc2O[C@@H]1CN(C)Cc1ccc(cc1)Oc1ccccc1)NC(=O)CCC(F)(F)F,0,0.073302,0.055007,0.025819
O=C1NC(=O)NC2(N1)C(=O)Nc1ccccc12,0,0.026691,0.137211,0.064061
C[C@H]1CN([C@@H](C)CO)C(=O)c2cc(ccc2O[C@H]1CN(C)Cc1ccc(c(c1)Cl)Cl)NS(=O)(=O)c1ccc(cc1)C,0,0.037160,0.018323,0.003470
CC(C)NC(=O)N(C)C[C@@H]1Oc2c(cccc2C(=O)N(C[C@@H]1C)[C@@H](C)CO)NS(=O)(=O)c1ccc(cc1)Cl,0,0.070486,0.022236,0.005227
C[C@@H]1CN([C@H](C)CO)C(=O)c2cc(ccc2O[C@H]1CN(C)S(=O)(=O)C)NC(=O)CCC(F)(F)F,0,0.078458,0.021315,0.013276
C[C@@H]1CN([C@@H](C)CO)S(=O)(=O)c2ccc(cc2O[C@@H]1CN(C)C(=O)Cc1ccccn1)-c1ccc(cc1)C(=O)N(C)C,0,0.002661,0.017960,0.003512
C[C@H]1CCCCO[C@@H](CN(C)Cc2ccc(cc2)C(=O)O)[C@@H](C)CN([C@H](C)CO)C(=O)c2cc(ccc2O1)NS(=O)(=O)c1ccc(cc1)Cl,0,0.018965,0.026321,0.002203
C[C@@H]1CCCCO[C@H](CN(C)S(=O)(=O)c2ccc(cc2)C)[C@H](C)CN([C@H](C)CO)C(=O)c2cc(ccc2O1)NC(=O)CCC(F)(F)F,0,0.027223,0.018776,0.002709
COc1ccc(cc1)S(=O)(=O)Nc1ccc2c(c1)C(=O)N(C[C@@H](C)[C@@H](CN(C)C(=O)C1CCCCC1)OCCCC[C@@H](C)O2)[C@H](C)CO,0,0.003619,0.017378,0.002671
C[C@H]1CCCCO[C@H](CN(C)C(=O)Nc2ccc3c(c2)OCO3)[C@@H](C)CN([C@H](C)CO)C(=O)c2cc(ccc2O1)NS(=O)(=O)c1ccc(cc1)Cl,0,0.003538,0.017565,0.002059
COCC(=O)Nc1ccc2c(c1)C(=O)N(C)C[C@@H](OC)[C@@H](C)CN([C@H](C)CO2)C(=O)Cc1ccccn1,0,0.002785,0.019008,0.002167
C[C@@H]1CCCCO[C@H](CN(C)C(=O)CCC(F)(F)F)[C@H](C)CN([C@H](C)CO)C(=O)c2cc(ccc2O1)NC(=O)NC1CCCCC1,0,0.063187,0.097523,0.033268
C[C@@H]1CN([C@@H](C)CO)C(=O)c2cc(ccc2O[C@@H]1CN(C)Cc1ccc(cc1)C(F)(F)F)NS(=O)(=O)C,0,0.465337,0.036948,0.010488
C[C@@H]1CN([C@H](C)CO)C(=O)c2c(c3ccccc3n2C)-c2ccccc2CO[C@H]1CN(C)C(=O)[C@@H](C)c1ccccc1,0,0.011365,0.018045,0.003716
C[C@H]1CN([C@H](C)CO)C(=O)Cc2cc(ccc2O[C@H]1CN(C)C(=O)Nc1cccc2ccccc12)NC(=O)Nc1ccc(cc1)C(F)(F)F,0,0.258769,0.017433,0.008678
C[C@H]1CN([C@H](C)CO)S(=O)(=O)c2ccc(cc2O[C@@H]1CN(C)C(=O)C1CCC1)C#Cc1ccncc1,0,0.031057,0.023044,0.006028
C/C=C/[C@H]1OC2=C([C@@H](O)[C@@H]1O)C(=O)OC2=C,0,0.162451,0.092442,0.033817
COC(=O)CN[C@H]1CCS(=O)(=O)C1,0,0.008176,0.047082,0.018785
NCCNC[C@@H](N)CCCNC(=N[N+](=O)[O-])N.FC(F)(F)C=O,0,0.829962,0.255169,0.098192
CN(Cc1cc(Br)cc(Br)c1N)C1CCCCC1.Cl,0,0.954312,0.540098,0.341288
C[C@@H]1CN([C@H](C)CO)C(=O)Cc2cc(ccc2O[C@@H]1CN(C)S(=O)(=O)c1ccc(cc1)C)NS(=O)(=O)c1cccs1,0,0.001528,0.017475,0.002533
C[C@@H]1CCCCO[C@H](CN(C)C(=O)Nc2ccc(cc2)F)[C@H](C)CN([C@@H](C)CO)C(=O)c2cc(ccc2O1)NC(=O)CCC(F)(F)F,0,0.269614,0.020280,0.010438
C[C@H]1CN([C@@H](C)CO)C(=O)Cc2cc(ccc2O[C@H]1CN(C)S(=O)(=O)c1ccc(cc1)Cl)NC(=O)Nc1ccc(c(c1)Cl)Cl,0,0.141203,0.027880,0.004769
C[C@H]1CN([C@@H](C)CO)S(=O)(=O)c2ccc(cc2O[C@H]1CN(C)S(=O)(=O)c1ccc(cc1)C)C#Cc1ccccc1,0,0.015134,0.029359,0.005189
C[C@H]1CCCCO[C@H](CN(C)Cc2ccc(cc2)C(F)(F)F)[C@@H](C)CN([C@@H](C)CO)C(=O)c2cc(ccc2O1)NC(=O)CCC(F)(F)F,0,0.430382,0.019244,0.007769
CN1CCN(CC1)C(=O)C[C@H]1CC[C@@H]2[C@H](COC[C@H](O)CN2CC2CCCC2)O1,0,0.693805,0.104642,0.018524
C[C@H]1CN([C@H](C)CO)S(=O)(=O)c2ccc(cc2O[C@H]1CN(C)C(=O)c1ccc2c(c1)OCO2)-c1ccncc1,0,0.004480,0.018119,0.001810
CNS(=O)(=O)c1ccc2c(c1)NC(=O)N2,0,0.609628,0.042607,0.007429
NCc1cccc(c1)N1CCCC1,0,0.342614,0.028076,0.023687
C[C@@H]1CN([C@H](C)CO)C(=O)c2cc(ccc2O[C@@H]1CN(C)C(=O)Nc1ccccc1)NC(=O)CCCCCC(=O)Nc1ccccc1N,0,0.012086,0.018006,0.002218
C[C@H]1CN([C@H](C)CO)S(=O)(=O)c2ccc(cc2O[C@H]1CN(C)C(=O)c1ccc2c(c1)OCO2)-c1cncnc1,0,0.004802,0.017719,0.001952
COc1ccc(cc1)CN(C)C[C@@H]1Oc2ccc(cc2C(=O)N(C[C@@H]1C)[C@H](C)CO)NC(=O)Nc1cccc2ccccc12,0,0.018947,0.017584,0.003785
C[C@H]1CN([C@H](C)CO)C(=O)c2cccc(c2O[C@H]1CN(C)Cc1ccc(cc1)C(=O)O)NC(=O)C1CCOCC1,0,0.048804,0.051774,0.010489
C[C@@H]1CN([C@@H](C)CO)C(=O)c2cccc(c2O[C@@H]1CN(C)Cc1ccncc1)NS(=O)(=O)c1ccccc1,0,0.005343,0.017521,0.002592
Cl.O=C(O)c1cn(-c2ccc(F)cc2)c2cc(N3CCNCC3)c(F)cc2c1=O,1,0.987466,0.925984,0.965265
C[C@H]1CN([C@@H](C)CO)C(=O)c2cccc(c2O[C@@H]1CN(C)Cc1ccc(cc1)C(=O)O)NS(=O)(=O)c1c(noc1C)C,0,0.046599,0.026238,0.003950
C[C@@H]1CN([C@@H](C)CO)C(=O)CCCn2nncc2CO[C@H]1CN(C)C(=O)Nc1ccc2c(c1)OCO2,0,0.018010,0.022822,0.003169
C[C@H]1CN([C@H](C)CO)C(=O)c2cccc(c2O[C@@H]1CN(C)Cc1ccc(cc1)C(=O)O)NC(=O)c1cc(nn1C)C,0,0.041639,0.026872,0.004686
C[C@H]1CCCCO[C@@H](CN(C)CC2CCCCC2)[C@@H](C)CN([C@H](C)CO)C(=O)c2cc(ccc2O1)NC(=O)Nc1ccc(cc1)C(F)(F)F,0,0.710756,0.336419,0.206824
C[C@H]1CCCCO[C@@H](CN(C)S(=O)(=O)c2ccc(cc2)C)[C@@H](C)CN([C@H](C)CO)C(=O)c2cc(ccc2O1)NC(=O)NC1CCCCC1,0,0.010373,0.017559,0.002410
C[C@H]1CC=CC[C@@H](NC(=O)[C@@H](Cc2ccccc2)N(C)C(=O)c2ccccc2O1)c1cccc(c1)Cl,0,0.054023,0.098490,0.087888
C[C@H]1CCCCO[C@H](CN(C)Cc2ccccc2)[C@@H](C)CN([C@H](C)CO)C(=O)c2cc(ccc2O1)NC(=O)Nc1ccc(cc1)C(F)(F)F,0,0.367980,0.033183,0.020474
CCS(=O)(=O)N1C[C@]2(C1)CN([C@@H](CO)c1[nH]c3cc(ccc3c12)OC)S(=O)(=O)c1cccc(c1)OC,0,0.009426,0.037637,0.010351
C[C@H]1CN([C@H](C)CO)C(=O)c2cc(cnc2O[C@H]1CN(C)C(=O)Nc1c(noc1C)C)C#CCN(C)C,0,0.073196,0.016882,0.003019
C[C@@H]1CN([C@@H](C)CO)C(=O)Cc2cc(ccc2O[C@H]1CN(C)S(=O)(=O)c1cn(cn1)C)NC(=O)c1ccncc1,0,0.002073,0.017291,0.002104
CCC(C)(C)C(=O)C(=O)N1CCCC[C@H]1C(=O)O[C@H](CCc1ccc(c(c1)OC)OC)c1ccccc1NC(=O)C=C,0,0.458617,0.088616,0.033879
N[C@H]1CCCN(C1)C(=O)c1cccs1,0,0.121305,0.018195,0.007117
CO[C@@H]1CN(C)C(=O)c2ccc(cc2OC[C@@H](C)N(C[C@H]1C)C(=O)C1CCCCC1)NS(=O)(=O)C,0,0.008257,0.020046,0.003647
C[C@@H]1CCCCO[C@@H](CN(C)S(=O)(=O)c2ccc(cc2)Cl)[C@@H](C)CN([C@@H](C)CO)C(=O)c2cc(ccc2O1)NS(=O)(=O)c1ccccc1,0,0.002153,0.017806,0.002269
COC(=O)[C@H]1CNCCN1c1ccccc1,0,0.083913,0.023976,0.011788
COCCCNC(=O)[C@]1(Cc2ccccc2N=[N+]=[N-])N=C(O[C@@H]1c1ccccc1)c1ccc(cc1)OCCCO,0,0.101690,0.069920,0.023958
CC(=O)n1cc(c2ccccc12)[C@H]1C[C@@H](OCc2ccc(cc2)COC(=O)NCCCCCC(=O)NO)OC(=C1)C(=O)N1CCN(CC1)Cc1ccccc1,0,0.000116,0.074330,0.023425
COc1ccc(cc1)S(=O)(=O)N(C)C[C@@H]1Oc2ccc(cc2CC(=O)N(C[C@@H]1C)[C@H](C)CO)NS(=O)(=O)C,0,0.008550,0.021683,0.004580
CC(C)C[C@@H](NC(=O)[C@@H](C)N)C(=O)O,0,0.020066,0.018982,0.007878
C[C@H]1CN([C@H](C)CO)C(=O)Cc2cc(ccc2O[C@H]1CN(C)S(=O)(=O)c1ccc(cc1)F)NC(=O)Nc1cccc2ccccc12,0,0.012572,0.022283,0.002957
COc1ccc(cc1)S(=O)(=O)Nc1ccc2c(c1)C(=O)N(C[C@@H](C)[C@@H](CN(C)C(=O)C1CCCCC1)OCCCC[C@H](C)O2)[C@H](C)CO,0,0.003619,0.017378,0.002671
Cn1cnc(c1)S(=O)(=O)N[C@H]1CC[C@H](CC(=O)N2CCN(CC2)c2ccccc2)O[C@H]1CO,0,0.024043,0.016974,0.004645
C[C@@H]1CN([C@H](C)CO)C(=O)c2cc(ccc2O[C@@H]1CN(C)C(=O)Nc1cccc2ccccc12)NC(=O)Nc1c(noc1C)C,0,0.032752,0.016939,0.002759
O=C1N=CNc2ncccc21,0,0.048070,0.038593,0.015239
CC(C)NC(=O)N(C)C[C@H]1OCCCC[C@H](C)Oc2ccc(cc2C(=O)N(C[C@H]1C)[C@@H](C)CO)NC(=O)Nc1ccccc1,0,0.013652,0.021264,0.002796
CC(C)NC(=O)N(C)C[C@H]1OCCCC[C@@H](C)Oc2ccc(cc2C(=O)N(C[C@@H]1C)[C@@H](C)CO)NS(=O)(=O)C,0,0.014572,0.018519,0.002636
C[C@H]1CN([C@@H](C)CO)S(=O)(=O)c2ccc(cc2O[C@H]1CN(C)C(=O)Nc1ccc2c(c1)OCO2)C#Cc1ccncc1,0,0.013582,0.018847,0.002418
Cn1cnc(c1)S(=O)(=O)N1C[C@@H](O)COC[C@@H]2O[C@@H](CC[C@H]21)CC(=O)NCc1cc(cc(c1)F)F,0,0.649325,0.020858,0.019876
COc1ccc(cc1)S(=O)(=O)Nc1ccc2c(c1)C(=O)N(C[C@@H](C)[C@@H](CN(C)C(=O)Nc1ccc(cc1)F)OCCCC[C@H](C)O2)[C@@H](C)CO,0,0.012273,0.017470,0.002309
C[C@H](O)C#Cc1ccc2c(c1)O[C@H](CN(C)C(=O)c1ccccc1)[C@H](C)CN([C@H](C)CO)S2(=O)=O,0,0.015106,0.019756,0.004486
C[C@H]1CN([C@H](C)CO)C(=O)c2cccc(c2O[C@H]1CN(C)Cc1ccc(c(c1)Cl)Cl)NC(=O)Nc1ccc2c(c1)OCO2,0,0.106363,0.037199,0.007437
C[C@H](O)C#Cc1cnc2c(c1)C(=O)N(C[C@@H](C)[C@@H](CN(C)C(=O)CN1CCOCC1)O2)[C@@H](C)CO,0,0.004375,0.030768,0.008997
OC(=O)[C@H]1[C@H]2C[C@@H](C=C2)[C@@H]1C(=O)OCC#C,0,0.016864,0.250044,0.069449
O=S(=O)([O-])CCS.[Na+],0,0.000011,0.225046,0.056455
C[C@H]1CN([C@@H](C)CO)C(=O)c2cccc(c2O[C@@H]1CN(C)C(=O)Nc1ccccc1)NC(=O)c1cc(nn1C)C,0,0.028008,0.018174,0.004760
C[C@H]1CN([C@H](C)CO)C(=O)c2cccc(c2O[C@@H]1CN(C)S(=O)(=O)c1ccc(cc1)C)NS(=O)(=O)c1ccccc1,0,0.005056,0.018054,0.002902
COc1ccc(cc1)S(=O)(=O)Nc1ccc2c(c1)C(=O)N(C[C@@H](C)[C@@H](CN(C)C(=O)Nc1cccc3ccccc13)O2)[C@H](C)CO,0,0.007889,0.018067,0.002946
COc1ccc(cc1)NC(=O)Nc1cccc2c1O[C@@H](CN(C)Cc1ccc(cc1)C(=O)Nc1ccccc1N)[C@H](C)CN([C@H](C)CO)C2=O,0,0.030204,0.017862,0.002743
C[C@H]1CCCCO[C@@H](CN(C)S(=O)(=O)c2ccc(cc2)C)[C@H](C)CN([C@@H](C)CO)C(=O)c2cc(ccc2O1)NS(=O)(=O)c1ccc(cc1)C,0,0.001396,0.017781,0.002518
COc1ccc(cc1)NC(=O)Nc1ccc2c(c1)C(=O)N(C[C@H](C)[C@H](CN(C)Cc1ccc(cc1)C(=O)Nc1ccccc1N)OCCCC[C@@H](C)O2)[C@H](C)CO,0,0.008914,0.017695,0.001944
COc1ccccc1NC(=O)N(C)C[C@@H]1Oc2cc(ccc2S(=O)(=O)N(C[C@@H]1C)[C@H](C)CO)Br,0,0.370715,0.030365,0.006125
CC[C@H](C)[C@H](NC(=O)[C@H](CCC(=O)O)NC(=O)[C@H](CCC(=O)O)NC(=O)[C@H](Cc1ccccc1)NC(=O)[C@H](CC(=O)O)NC(=O)CNC(=O)[C@H](CC(=O)N)NC(=O)CNC(=O)CNC(=O)CNC(=O)CNC(=O)[C@@H]1CCCN1C(=O)[C@H](CCCNC(=N)N)NC(=O)[C@@H]1CCCN1C(=O)[C@H](N)Cc1ccccc1)C(=O)N1CCC[C@H]1C(=O)N[C@@H](CCC(=O)O)C(=O)N[C@@H](CCC(=O)O)C(=O)N[C@@H](Cc1ccc(cc1)O)C(=O)N[C@@H](CC(C)C)C(=O)O,0,0.448660,0.574277,0.090081
C[C@@H]1CN([C@H](C)CO)C(=O)Cc2cc(ccc2O[C@@H]1CN(C)S(=O)(=O)c1c(noc1C)C)NS(=O)(=O)c1cccs1,0,0.002376,0.017325,0.003009
C[C@@H]1CN([C@H](C)CO)C(=O)Cc2cc(ccc2O[C@@H]1CN(C)Cc1ccc(c(c1)Cl)Cl)NS(=O)(=O)c1ccc(cc1)F,0,0.042098,0.020197,0.003288
CO[C@@H]1CN(C)C(=O)c2cc(ccc2OC[C@@H](C)N(C[C@H]1C)S(=O)(=O)c1cn(cn1)C)NC(=O)C,0,0.007628,0.018084,0.002972
NC(=O)c1cnccn1,0,0.035184,0.027254,0.009922
C[C@H]1CN([C@@H](C)CO)C(=O)c2cccc(c2O[C@@H]1CN(C)C(=O)Nc1c(noc1C)C)NC(=O)C1CCOCC1,0,0.049742,0.016721,0.002906
Nc1ncnc2n(nc(c12)-c1ccc(cc1)Cl)-c1cccc(c1)-c1cnnn1Cc1cccc(c1)-c1ccccc1,0,0.866277,0.383544,0.221282
C[C@H]1CN([C@@H](C)CO)C(=O)Cc2cc(ccc2O[C@H]1CN(C)C(=O)Nc1ccc(cc1)C(F)(F)F)NC(=O)Nc1c(noc1C)C,0,0.483857,0.092417,0.045521
CO[C@@H]1CN(C)C(=O)c2cc(ccc2OC[C@@H](C)N(C[C@H]1C)C(=O)Nc1ccc(cc1)C(F)(F)F)NC(=O)C1CCC1,0,0.554679,0.581564,0.511968
C[C@@H]1CCCCO[C@@H](CN(C)Cc2ccc(cc2)C(F)(F)F)[C@H](C)CN([C@@H](C)CO)C(=O)c2cc(ccc2O1)NC(=O)c1ccncc1,0,0.113688,0.015185,0.003161
COc1ccc(cc1)NC(=O)N(C)C[C@@H]1OCCCC[C@H](C)Oc2ccc(cc2C(=O)N(C[C@@H]1C)[C@@H](C)CO)NS(=O)(=O)c1ccccc1,0,0.001695,0.017503,0.001776
FC(F)(F)c1cc(cc(c1)C(F)(F)F)NC(=O)Nc1c(cc(cc1-c1nn[nH]n1)Br)Br,1,0.999175,0.505909,0.518265
C[C@@H]1CN([C@@H](C)CO)C(=O)CCCn2cc(nn2)CO[C@@H]1CN(C)S(=O)(=O)c1ccc(cc1)Oc1ccccc1,0,0.003870,0.022323,0.003396
C[C@H]1CN([C@H](C)CO)C(=O)c2cc(ccc2O[C@H]1CN(C)Cc1ccc2c(c1)OCO2)NC(=O)Nc1ccc(cc1)C(F)(F)F,0,0.257847,0.716776,0.837898
C[C@@H](N1C(=O)CSC1=O)C(=O)O,0,0.003108,0.045331,0.036775
C[C@H]1CCCCO[C@H](CN(C)S(=O)(=O)c2ccc(cc2)C)[C@@H](C)CN([C@@H](C)CO)C(=O)c2cc(ccc2O1)NC(=O)c1ccccc1,0,0.000869,0.017533,0.001856
C[C@H]1CN([C@H](C)CO)C(=O)c2cccc(c2O[C@H]1CN(C)Cc1ccc2c(c1)OCO2)NS(=O)(=O)c1cn(cn1)C,0,0.006758,0.018109,0.002305
CO[C@@H](CN(C)S(=O)(=O)c1ccc(cc1)Cl)[C@@H](C)CN([C@H](C)CO)S(=O)(=O)c1cccc(c1)Cl,0,0.445982,0.086869,0.010326
O[C@@H]1COC[C@@H]2O[C@@H](CC[C@H]2N(C1)S(=O)(=O)c1ccccc1)CC(=O)N1CCc2ccccc2C1,0,0.027201,0.045327,0.010892
C[C@@H]1CCCCO[C@@H](CN(C)Cc2ccc(cc2)C(F)(F)F)[C@@H](C)CN([C@H](C)CO)C(=O)c2cc(ccc2O1)NC(=O)Nc1ccccc1,0,0.245088,0.017957,0.004716
CCS(=O)(=O)Nc1ccc2c(c1)C(=O)N(C)C[C@H](OC)[C@H](C)CN(Cc1nccs1)[C@@H](C)CO2,0,0.003747,0.018203,0.002489
COc1ccnc(CS(=O)c2nc3cc(OC(F)F)ccc3[nH]2)c1OC,0,0.879987,0.490909,0.299429
C[C@H]1CN([C@H](C)CO)C(=O)c2cc(ccc2O[C@@H]1CN(C)Cc1ccc(cc1)C(=O)O)NC(=O)Cn1cnnn1,0,0.011491,0.035186,0.006836
C[C@@H]1CN([C@@H](C)CO)C(=O)Cc2cc(ccc2O[C@H]1CN(C)Cc1ccc(c(c1)Cl)Cl)NC(=O)Nc1ccc(cc1)F,0,0.335391,0.044945,0.010512
C[C@@H]1CN([C@@H](C)CO)C(=O)Cc2cc(ccc2O[C@H]1CN(C)CC1CCCCC1)NC(=O)Nc1ccc(cc1)C(F)(F)F,0,0.633416,0.157633,0.139260
C[C@H]1CN([C@H](C)CO)C(=O)Cc2cc(ccc2O[C@@H]1CN(C)S(=O)(=O)c1ccccc1)NC(=O)CCN1CCOCC1,0,0.000342,0.017038,0.002164
C[C@H]1CCCCO[C@@H](CN(C)Cc2ccc3c(c2)OCO3)[C@H](C)CN([C@@H](C)CO)C(=O)c2cc(ccc2O1)NC(=O)CCC(F)(F)F,0,0.067550,0.017351,0.004497
CC1(C)C=Cc2cc3ccc(=O)oc3cc2O1,0,0.264646,0.083994,0.050822
OC(=O)c1cnns1,0,0.526661,0.141809,0.082442
COc1ccccc1CNC(=O)C[C@@H]1C[C@@H]2[C@@H](Oc3ccc(cc32)NC(=O)Nc2ccc(cc2)C(F)(F)F)[C@@H](CO)O1,0,0.723059,0.083010,0.073298
C/N=C\1/S[C@@H](CC(=O)N)C(=O)N1C,0,0.009269,0.039817,0.015061
C[C@@H]1CCCCO[C@@H](CN(C)Cc2ccncc2)[C@H](C)CN([C@@H](C)CO)C(=O)c2cc(ccc2O1)NS(=O)(=O)C,0,0.016368,0.017728,0.002381
COc1ccc(cc1)NC(=O)Nc1ccc2c(c1)C(=O)N(C[C@@H](C)[C@H](CN(C)C(=O)c1ccccc1)OCCCC[C@H](C)O2)[C@@H](C)CO,0,0.002503,0.017281,0.001529
C[C@@H]1CCCCO[C@@H](CN(C)C(=O)Nc2ccc3c(c2)OCO3)[C@H](C)CN([C@@H](C)CO)C(=O)c2cc(ccc2O1)NC(=O)Nc1ccc(cc1)C(F)(F)F,0,0.234569,0.020796,0.007436
C[C@H]1CN([C@@H](C)CO)C(=O)Cc2cc(ccc2O[C@@H]1CN(C)Cc1ccc(cc1)-c1ccccc1)NS(=O)(=O)c1c(noc1C)C,0,0.011236,0.017951,0.003352
C[C@@H]1CN([C@H](C)CO)C(=O)c2ccccc2-c2ccccc2CO[C@H]1CN(C)S(=O)(=O)c1cn(cn1)C,0,0.020284,0.019020,0.004768
FC(F)Oc1cccc2cccnc12,0,0.806524,0.076862,0.034963
C[C@H]1CN([C@@H](C)CO)C(=O)Cc2cc(ccc2O[C@H]1CN(C)S(=O)(=O)c1cccs1)NC(=O)CCN1CCOCC1,0,0.000279,0.017489,0.002184
Cc1cc2c(cc1S(N)(=O)=O)S(=O)(=O)CCC2,0,0.000029,0.031758,0.010593
C[C@H]1CCCCO[C@H](CN(C)C(=O)Nc2ccccc2)[C@H](C)CN([C@@H](C)CO)C(=O)c2cc(ccc2O1)NS(=O)(=O)c1ccc(cc1)Cl,0,0.008947,0.017410,0.001958
CC1(C)N(CCn2c(c(nc21)-c1ccc(cc1)F)Nc1ccc(cc1)F)C(=O)CN,0,0.784438,0.526434,0.301334
Cc1ccccc1S(=O)(=O)N1C[C@@H](O)COC[C@@H]2O[C@@H](CC[C@H]21)CC(=O)N1CCC(CC1)Cc1ccccc1,0,0.261516,0.061570,0.014014
C[C@H]1CCCCO[C@H](CN(C)C(=O)c2ccncc2)[C@@H](C)CN([C@H](C)CO)C(=O)c2cc(ccc2O1)NS(=O)(=O)c1ccc(cc1)Cl,0,0.002322,0.017558,0.001741
C[C@H]1CN([C@H](C)CO)S(=O)(=O)c2ccc(cc2O[C@H]1CN(C)C(=O)C1CCC1)C#Cc1ccncc1,0,0.031057,0.023044,0.006028
C[C@H]1CN([C@H](C)CO)C(=O)Cc2cc(ccc2O[C@H]1CN(C)S(=O)(=O)c1cn(cn1)C)NS(=O)(=O)c1ccccc1,0,0.000925,0.017429,0.002028
C[C@H](CNC(=O)CC[C@]/1(C)[C@@H](CC(=O)N)[C@H]2N([Co+]O)\C1=C(\C)C1=N/C(=C/C3=N/C(=C(/C)C4=N[C@]2(C)[C@@](C)(CC(=O)N)[C@@H]4CCC(=O)N)[C@@](C)(CC(=O)N)[C@@H]3CCC(=O)N)C(C)(C)[C@@H]1CCC(=O)N)OP(=O)(O)O[C@@H]1[C@@H](CO)O[C@@H]([C@@H]1O)n1cnc2cc(c(cc12)C)C,0,0.000000,0.417847,0.074100
C[C@H]1CN([C@H](C)CO)C(=O)c2c(c3ccccc3n2C)-c2ccccc2CO[C@@H]1CN(C)Cc1ccc(cc1)C(=O)O,0,0.078330,0.044270,0.006723
C[C@@H]1CN([C@H](C)CO)C(=O)Cc2cc(ccc2O[C@H]1CN(C)S(=O)(=O)c1ccc(cc1)Cl)NS(=O)(=O)c1cn(cn1)C,0,0.012262,0.017235,0.002473
C[C@H]1CCCCO[C@@H](CN(C)C(=O)NC2CCCCC2)[C@@H](C)CN([C@@H](C)CO)C(=O)c2cc(ccc2O1)NC(=O)c1ccncc1,0,0.004275,0.016642,0.001793
O=[N+]([O-])c1cc([As](=O)(O)O)ccc1O,0,0.871593,0.342982,0.442393
COCC(=O)N1C[C@@H](C)[C@H](CN(C)C(=O)c2cc(ccc2OC[C@@H]1C)NC(=O)c1cc(on1)C)OC,0,0.008306,0.018329,0.004459
CN(C)C(=O)C[C@H]1O[C@@H](CO)[C@@H](NC(=O)C2CCOCC2)C=C1,0,0.006520,0.022979,0.010200
OC[C@@H](O)[C@@H](O)[C@H](O)/C=N/NC(=O)c1ccc(cc1)C(=O)NO,0,0.042532,0.022070,0.009700
CC(C)NC(=O)N(C)C[C@H]1Oc2ccc(cc2C(=O)N(C[C@H]1C)[C@H](C)CO)NC(=O)CCC(F)(F)F,0,0.296569,0.269840,0.116500
Cc1cccc2c1OCC[C@@H](N)C2=O,0,0.291961,0.034452,0.016839
C[C@@H]1CN([C@H](C)CO)C(=O)Cc2cc(ccc2O[C@H]1CN(C)C(=O)Nc1cccc2ccccc12)NC(=O)Cn1cnnn1,0,0.003075,0.017519,0.003444
C[C@@H]1CN([C@H](C)CO)C(=O)Cc2cc(ccc2O[C@@H]1CN(C)C(=O)Nc1ccccc1)NC(=O)Cn1cnnn1,0,0.004241,0.018701,0.003694
C[C@H]1CN([C@@H](C)CO)C(=O)Cc2cc(ccc2O[C@@H]1CN(C)S(=O)(=O)c1cn(cn1)C)NC(=O)Nc1ccc(cc1)F,0,0.023428,0.018337,0.002509
C[C@@H]1CCCCO[C@@H](CN(C)Cc2ccc(c(c2)Cl)Cl)[C@@H](C)CN([C@H](C)CO)C(=O)c2cc(ccc2O1)NS(=O)(=O)C,0,0.082477,0.019083,0.002545
CN1[C@H]2CC[C@H](CC(=O)N[C@H]3CCN(C3)Cc3ccccc3)O[C@@H]2COc2ccc(cc2C1=O)NC(=O)c1cnccn1,0,0.013962,0.022985,0.008880
C[C@@H]1CN([C@@H](C)CO)C(=O)c2cccc(c2O[C@@H]1CN(C)C(=O)Nc1cccc2ccccc12)NC(=O)c1nc2ccccc2s1,0,0.006609,0.018277,0.004628
C[C@@H]1CCCCO[C@@H](CN(C)S(=O)(=O)c2ccc(cc2)Cl)[C@H](C)CN([C@H](C)CO)C(=O)c2cc(ccc2O1)NC(=O)C1CCCCC1,0,0.012216,0.017445,0.002894
COc1ccc(cc1)CN(C)C[C@@H]1Oc2c(cccc2C(=O)N(C[C@@H]1C)[C@@H](C)CO)NS(=O)(=O)C,0,0.063535,0.018319,0.004337
COCCCCC(=NOCCN)c1ccc(C(F)(F)F)cc1.O=C(O)C=CC(=O)O,0,0.854267,0.417456,0.442354
COc1ccc2c3c(n(c2c1)C)[C@@H](CO)N(C[C@]13CN(C1)C(=O)Nc1cccc(c1)F)C(=O)C1CCOCC1,0,0.077899,0.155726,0.060203
C[C@@H]1CN([C@H](C)CO)C(=O)c2cc(ccc2O[C@@H]1CN(C)S(=O)(=O)c1ccc(cc1)F)NC(=O)Nc1ccc(cc1)C(F)(F)F,0,0.513629,0.121943,0.012764
COc1ccc(cc1)C#Cc1cnc2c(c1)C(=O)N(C[C@@H](C)[C@H](CN(C)C(=O)CC1CC1)O2)[C@@H](C)CO,0,0.022684,0.020702,0.002481
C[C@H]1CCCCO[C@H](CN(C)Cc2ccc(cc2)C(F)(F)F)[C@@H](C)CN([C@H](C)CO)C(=O)c2cc(ccc2O1)NC(=O)C1CCCCC1,0,0.238007,0.036893,0.013742
COc1ccc(cc1)NC(=O)Nc1ccc2c(c1)C(=O)N(C[C@@H](C)[C@@H](CN(C)Cc1ccncc1)OCCCC[C@H](C)O2)[C@H](C)CO,0,0.012384,0.016512,0.001718
C[C@@H]1CN([C@@H](C)CO)C(=O)c2cccc(c2O[C@H]1CN(C)C(=O)Nc1ccc(cc1)F)NS(=O)(=O)c1cn(cn1)C,0,0.167419,0.018207,0.003778
CCc1nc2ccc(cn2c1N(CCC(C)C)CCN(C)C)C(=O)N1CCN(CC1)S(=O)(=O)CC,0,0.353898,0.038664,0.004609
C[C@H]1CN([C@H](C)CO)C(=O)c2cccc(c2O[C@@H]1CN(C)Cc1ccc(cc1)-c1ccccc1)NC(=O)CCC(F)(F)F,0,0.525808,0.118384,0.074236
C[C@H]1CN([C@@H](C)CO)C(=O)Cc2cc(ccc2O[C@@H]1CN(C)C(=O)Nc1c(noc1C)C)NC(=O)CCN1CCOCC1,0,0.003353,0.016164,0.003079
C[C@H]1CN([C@@H](C)CO)C(=O)c2cc(ccc2O[C@@H]1CN(C)S(=O)(=O)c1cn(cn1)C)NS(=O)(=O)c1ccc(cc1)C,0,0.005678,0.017560,0.002659
C[C@@H]1CCCCO[C@H](CN(C)C(=O)Nc2c(noc2C)C)[C@@H](C)CN([C@H](C)CO)C(=O)c2cc(ccc2O1)NC(=O)Nc1c(noc1C)C,0,0.034991,0.022994,0.003880
C[C@H]1CN([C@@H](C)CO)C(=O)c2cc(cnc2O[C@H]1CN(C)S(=O)(=O)c1ccccc1)C#CC1(O)CCCC1,0,0.003894,0.018417,0.003743
C[C@H]1CN([C@@H](C)CO)S(=O)(=O)c2ccc(cc2O[C@@H]1CN(C)CC1CCOCC1)Br,0,0.224926,0.029096,0.007287
OCc1ccc(cc1)[C@H]1[C@H](C(=O)NCC(F)(F)F)c2ccccc2C(=O)N1CC12CC3CC(CC(C3)C2)C1,0,0.685431,0.212725,0.254838
O=C1COc2cccnc2N1,0,0.008471,0.036269,0.009611
C[C@@H]1CCCCO[C@@H](CN(C)C(=O)NC2CCCCC2)[C@@H](C)CN([C@@H](C)CO)C(=O)c2cc(ccc2O1)NC(=O)Nc1cccc2ccccc12,0,0.017700,0.015574,0.003299
C[C@@H]1CN([C@@H](C)CO)C(=O)Cc2cc(ccc2O[C@H]1CN(C)Cc1ccc(cc1)C(F)(F)F)NC(=O)CCC(F)(F)F,0,0.432211,0.121028,0.031167
C[C@H]1CN([C@@H](C)CO)C(=O)c2cccc(c2O[C@@H]1CN(C)C(=O)NC1CCCCC1)NC(=O)c1cc(nn1C)C,0,0.036269,0.017658,0.005593
COc1cc(cc(c1)C(=O)OCCCNCCNCCCOC(=O)c1cc(cc(c1)OC)OC)OC,0,0.150304,0.288732,0.069302
C[C@H]1CCCCO[C@@H](CN(C)C(=O)c2ccccc2)[C@@H](C)CN([C@H](C)CO)C(=O)c2cc(ccc2O1)NS(=O)(=O)c1ccc(cc1)C,0,0.000625,0.017787,0.001862
COc1ccccc1OCCNCC(O)COc1cccc2[nH]c3ccccc3c12.O=P(O)(O)O,0,0.003096,0.481931,0.096034
CC(C)NC(=O)Nc1ccc2c(c1)C(=O)N(C[C@H](C)[C@H](CN(C)C(=O)Nc1ccc(cc1)F)OCCCC[C@H](C)O2)[C@H](C)CO,0,0.081398,0.024484,0.004104
C[C@H]1CCCCO[C@H](CN(C)C(=O)Nc2ccc(cc2)F)[C@@H](C)CN([C@@H](C)CO)C(=O)c2cc(ccc2O1)NS(=O)(=O)c1ccccc1,0,0.007636,0.017502,0.002085
COc1cccc(c1)NC(=O)N[C@@H]1C=C[C@@H](CC(=O)N2CCN(C)CC2)O[C@@H]1CO,0,0.064375,0.043608,0.010340
C[C@H]1CCCCO[C@@H](CN(C)S(=O)(=O)c2ccc(cc2)C)[C@H](C)CN([C@H](C)CO)C(=O)c2cc(ccc2O1)NC(=O)Cc1ccccc1,0,0.001427,0.017524,0.001935
COc1ccc(cc1)C#Cc1cnc2c(c1)C(=O)N(C[C@@H](C)[C@@H](CN(C)C(=O)CN(C)C)O2)[C@H](C)CO,0,0.103559,0.025805,0.006476
CNC(=O)C[C@H]1CC[C@@H]2[C@H](COC[C@@H](O)CN2C(=O)c2ccc3c(c2)OCO3)O1,0,0.099527,0.031983,0.008784
C[C@H]1CCCCO[C@@H](CN(C)C(=O)c2ccncc2)[C@@H](C)CN([C@@H](C)CO)C(=O)c2cc(ccc2O1)NS(=O)(=O)c1ccc(cc1)Cl,0,0.002322,0.017558,0.001741
C[C@H]1CN([C@@H](C)CO)C(=O)c2cc(ccc2O[C@@H]1CN(C)Cc1ccc2c(c1)OCO2)NC(=O)CCCN(C)C,0,0.014083,0.017657,0.004130
C[C@@H]1CCCCO[C@@H](CN(C)Cc2ccc(cc2)C(=O)Nc2ccccc2N)[C@@H](C)CN([C@H](C)CO)C(=O)c2cc(ccc2O1)NC(=O)Nc1ccc2c(c1)OCO2,0,0.004105,0.019712,0.002170
CCNC(=O)C[C@@H]1CC[C@@H](NC(=O)C2CCOCC2)[C@@H](CO)O1,0,0.014060,0.027476,0.008199
C[C@H]1CN([C@@H](C)CO)C(=O)Cc2cc(ccc2O[C@@H]1CN(C)Cc1ccc(c(c1)Cl)Cl)NC(=O)NC1CCCCC1,0,0.241151,0.041606,0.007528
COc1ccc(cc1)NC(=O)Nc1cccc2c1O[C@@H](CN(C)Cc1ccc(cc1)Oc1ccccc1)[C@H](C)CN([C@H](C)CO)C2=O,0,0.010600,0.015890,0.002634
C[C@@H]1CN([C@@H](C)CO)S(=O)(=O)c2ccc(cc2O[C@@H]1CN(C)C(=O)Cc1ccccn1)-c1cccc(c1)C(=O)N(C)C,0,0.002679,0.017666,0.003017
Oc1c(cc2c(c1I)Oc1c(c(c(cc1C12OC(=O)c2ccccc21)I)O)I)I,1,0.063630,0.755511,0.681056
C[C@@H]1CN([C@H](C)CO)C(=O)c2cc(ccc2O[C@@H]1CN(C)C(=O)Nc1ccc(cc1)C(F)(F)F)NC(=O)CCC(F)(F)F,0,0.790834,0.787629,0.760074
COc1cc2c3c(c1O)Oc1ccc(cc1)C[C@@H]1N(C)CCc4cc(c(cc41)Oc1cc(ccc1O)C[C@H]3[N+](C)(C)CC2)OC,0,0.356318,0.085451,0.027141
COc1ccc(cc1)S(=O)(=O)N(C)C[C@H]1Oc2ncc(cc2C(=O)N(C[C@H]1C)[C@@H](C)CO)C#CC1(O)CCCC1,0,0.007438,0.019901,0.003810
CN(C)CCCNC(=O)C[C@@H]1CC[C@H](NC(=O)Nc2c(noc2C)C)[C@@H](CO)O1,0,0.153196,0.024938,0.007122
CC(C)NC(=O)Nc1cccc2c1O[C@@H](CN(C)S(=O)(=O)c1ccc(cc1)F)[C@H](C)CN([C@H](C)CO)C2=O,0,0.121331,0.021427,0.004071
COCCNC(=O)C[C@@H]1CC[C@H]2[C@@H](COc3ccc(cc3C(=O)N2C)NS(=O)(=O)c2ccc(cc2)Cl)O1,0,0.014252,0.018515,0.007660
C[C@@H]1CCCCO[C@H](CN(C)C(=O)C2CCCCC2)[C@@H](C)CN([C@@H](C)CO)C(=O)c2cc(ccc2O1)NC(=O)c1ccncc1,0,0.002323,0.016749,0.002285
CC(C)(C)c1cc(no1)C(=O)NN,0,0.207593,0.060927,0.020740
CCCNC(=O)N(C)C[C@H]1Oc2cc(ccc2S(=O)(=O)N(C[C@H]1C)[C@H](C)CO)-c1ccccc1F,0,0.098116,0.027814,0.005895
CCOP(=S)(OCC)Oc1nc(Cl)c(Cl)cc1Cl,0,0.998680,0.548192,0.574818
C[C@H]1CN([C@H](C)CO)C(=O)Cc2cc(ccc2O[C@H]1CN(C)S(=O)(=O)c1ccc(cc1)F)NS(=O)(=O)c1c(noc1C)C,0,0.011386,0.017638,0.002832
COC(=O)[C@@H](C)N(C#N)c1nc(nc(n1)C)C,0,0.000461,0.046321,0.014390
C[C@H]1CN([C@@H](C)CO)C(=O)c2ccccc2-c2ccccc2CO[C@H]1CN(C)S(=O)(=O)c1ccc(cc1)C(F)(F)F,0,0.157695,0.045322,0.017021
OC[C@@H]1O[C@H](C[C@H]2[C@@H]1Oc1ccc(cc12)NC(=O)c1ccc2c(c1)OCO2)CC(=O)NCc1ccccn1,0,0.002809,0.021536,0.006158
CCO[C@@H]1OC(=C[C@@H]([C@H]1CCCOC(=O)NCCCCCC(=O)NO)c1ccccc1)C(=O)N1CCOCC1,0,0.000007,0.017811,0.008134
CNC(=O)C(=O)NC[C@H]1OCCN1S(=O)(=O)c1ccccc1,0,0.241817,0.030542,0.022924
O=C(CCC1CCCC1)N1CCCC1,0,0.249163,0.088850,0.027613
C[C@H]1CN([C@@H](C)CO)C(=O)Cc2cc(ccc2O[C@@H]1CN(C)C(=O)Nc1ccc2c(c1)OCO2)NS(=O)(=O)C,0,0.004226,0.019595,0.002467
C[C@H]1CN([C@@H](C)CO)C(=O)c2cccc(c2O[C@H]1CN(C)C(=O)NC1CCCCC1)NC(=O)C1CCOCC1,0,0.020030,0.015847,0.003543
CC=C(C)C(=O)OC1C(OC(C)=O)C2(CO)C(O)CC3(C)C(=CCC4C5(C)CCC(OC6OC(C(=O)O)C(OC7OC(CO)C(O)C(O)C7O)C(O)C6OC6OC(CO)C(O)C(O)C6O)C(C)(CO)C5CCC43C)C2CC1(C)C,0,0.851968,0.315634,0.047487
CC(c1cc2ccccc2s1)N(O)C(N)=O,0,0.908052,0.130524,0.158618
CO[C@H]1/C=C/C=C(\C)C[C@H](C)[C@H](O)[C@H](C)/C=C(C)/C=C(\OC)C(=O)O[C@@H]1[C@@H](C)[C@@H](O)[C@H](C)C(=O)/C=C/[C@H](C)[C@H](O)C(C)C,0,0.356102,0.286431,0.110671
C[C@H]1CCCCO[C@H](CN(C)C(=O)NC2CCCCC2)[C@@H](C)CN([C@H](C)CO)C(=O)c2cc(ccc2O1)NS(=O)(=O)c1ccc(cc1)F,0,0.010285,0.017398,0.002540
CO[C@H](CN(C)S(=O)(=O)c1cccc(c1)Cl)[C@@H](C)CN([C@@H](C)CO)S(=O)(=O)c1ccc(cc1)Cl,0,0.328013,0.086731,0.010980
C[C@@H]1CN([C@H](C)CO)C(=O)c2cc(ccc2O[C@H]1CN(C)C(=O)Nc1ccc2c(c1)OCO2)NC(=O)CCCN(C)C,0,0.008655,0.018370,0.002054
C[C@H]1CN([C@H](C)CO)S(=O)(=O)c2ccc(cc2O[C@@H]1CN(C)C(=O)CN1CCOCC1)Br,0,0.024323,0.024615,0.006205
C[C@H]1CN([C@H](C)CO)C(=O)c2cc(ccc2O[C@H]1CN(C)S(=O)(=O)c1ccc(cc1)C)NC(=O)Nc1ccc(cc1)C(F)(F)F,0,0.376173,0.052014,0.011581
CN(C)CCCCNC(=O)[C@H]1C[C@@H]2N([C@H]1c1cccc(c1)OCCO)C(=O)CNC2=O,0,0.293496,0.036018,0.014458
COc1ccc(cc1)-c1cnc2c(c1)C(=O)N(C[C@H](C)[C@H](CN(C)S(=O)(=O)c1ccc(cc1)C#N)O2)[C@H](C)CO,0,0.000049,0.019096,0.002673
CC(C)NC(=O)Nc1ccc2c(c1)C(=O)N(C[C@H](C)[C@@H](CN(C)C(=O)Nc1ccc(cc1)C(F)(F)F)OCCCC[C@H](C)O2)[C@H](C)CO,0,0.472247,0.053365,0.032260
C[C@H]1CN([C@@H](C)CO)C(=O)Cc2cc(ccc2O[C@H]1CN(C)C(=O)Nc1cccc2ccccc12)NC(=O)Nc1cccc2ccccc12,0,0.007283,0.019201,0.002968
COc1ccc2c3c(n(c2c1)C)[C@H](CO)N(C[C@]13CCN(CC1)C(=O)c1cnccn1)C(=O)c1cnccn1,0,0.060123,0.036199,0.013792
Cn1cnc(c1)S(=O)(=O)N[C@@H]1C=C[C@@H](CC(=O)N2CCN(CC2)c2ccccc2)O[C@H]1CO,0,0.020618,0.016958,0.003713
C[C@@H]1CN([C@@H](C)CO)C(=O)c2cccc(c2O[C@H]1CN(C)S(=O)(=O)c1ccccc1)NC(=O)C1CC1,0,0.013353,0.017719,0.003451
CC(C)NC(=O)NCC[C@H]1CC[C@H](NC(=O)CN(C)C)[C@H](CO)O1,0,0.090591,0.022048,0.007302
CC(C)NC(=O)N(C)C[C@@H]1Oc2cc(ccc2S(=O)(=O)N(C[C@H]1C)[C@@H](C)CO)C#Cc1ccc(cc1)F,0,0.159750,0.049796,0.005729
C[C@H]1CCCCO[C@H](CN(C)C(=O)Nc2cccc3ccccc23)[C@H](C)CN([C@@H](C)CO)C(=O)c2cc(ccc2O1)NS(=O)(=O)c1cccs1,0,0.003118,0.018370,0.001950
C[C@@H]1CCCCO[C@H](CN(C)C(=O)c2ccccc2)[C@@H](C)CN([C@@H](C)CO)C(=O)c2cc(ccc2O1)NS(=O)(=O)c1ccccc1,0,0.000260,0.017813,0.001890
C[C@H]1CN([C@H](C)CO)C(=O)Cc2cc(ccc2O[C@H]1CN(C)S(=O)(=O)C)NC(=O)Cc1ccccc1,0,0.002327,0.021747,0.005498
COc1cccc(c1)S(=O)(=O)N(C)C[C@H]1Oc2ncc(cc2C(=O)N(C[C@@H]1C)[C@@H](C)CO)-c1cccc(c1)C(=O)N(C)C,0,0.001067,0.017333,0.002931
C[C@@H]1CCCCO[C@H](CN(C)Cc2ccc(cc2)C(F)(F)F)[C@H](C)CN([C@H](C)CO)C(=O)c2cc(ccc2O1)NS(=O)(=O)c1ccc(cc1)F,0,0.104142,0.016682,0.003938
C/C(=C/CC[C@@H](CO)[C@H]1CC[C@@]2(C)[C@H]3CC[C@@H]4C(C)(C)[C@@H](C[C@H](O)[C@@]44C[C@@]34CC[C@@]12C)O[C@H]1O[C@@H](CO)[C@@H](O)[C@@H](O)[C@@H]1O)CO[C@H]1O[C@@H](CO)[C@@H](O)[C@@H](O)[C@@H]1O,0,0.997113,0.073459,0.038668
O[C@@H]1COC[C@@H]2O[C@H](CC[C@H]2N(C1)C(=O)c1ccccn1)CC(=O)NC1CCC1,0,0.081138,0.022405,0.010044
OCc1ccc(cc1)CO[C@@H]1C[C@@H](C=C(O1)C(=O)NCc1nc2ccccc2[nH]1)c1csc2ccccc12,0,0.484137,0.066626,0.042208
C[C@H]1CCCCO[C@H](CN(C)C(=O)CCC(F)(F)F)[C@@H](C)CN([C@@H](C)CO)C(=O)c2cc(ccc2O1)NS(=O)(=O)c1ccc(cc1)F,0,0.022458,0.020388,0.005557
Cc1ccc(cc1)S(=O)(=O)N1C[C@@H](O)COC[C@H]2O[C@@H](CC[C@@H]21)CC(=O)NCc1ccc(cc1)C(F)(F)F,0,0.857004,0.031895,0.019281
CN(C)C(=O)CN1CCN(C)C(=O)[C@@]21CCN(C2)c1ncccn1,0,0.103910,0.079331,0.015097
COc1ccc2c3c(n(c2c1)C)[C@@H](CO)N(C[C@]13CN(C1)C(=O)Nc1cccc(c1)F)S(=O)(=O)C,0,0.117212,0.032065,0.011208
C[C@H]1CN([C@@H](C)CO)C(=O)Cc2cc(ccc2O[C@H]1CN(C)S(=O)(=O)c1cccs1)NS(=O)(=O)c1c(noc1C)C,0,0.001042,0.017325,0.003272
O/N=C/c1ccccc1C(F)(F)F,0,0.969044,0.217703,0.229834
C[C@@H]1CN([C@@H](C)CO)C(=O)c2cccc(c2O[C@@H]1CN(C)Cc1ccncc1)NC(=O)c1ccncc1,0,0.006634,0.016968,0.001840
C[C@@H]1CCCCO[C@@H](CN(C)Cc2ccc(cc2)C(F)(F)F)[C@@H](C)CN([C@H](C)CO)C(=O)c2cc(ccc2O1)NC(=O)NC1CCCCC1,0,0.287664,0.032057,0.013052
C[C@@H]1CCCCO[C@H](CN(C)Cc2ccccc2)[C@@H](C)CN([C@H](C)CO)C(=O)c2cc(ccc2O1)NS(=O)(=O)c1ccccc1,0,0.001944,0.017512,0.002677
CCOP(=S)(OCC)Oc1cc(C)nc(C(C)C)n1,0,0.974927,0.250167,0.091451
CCCC(=O)Nc1ccc2c(c1)C(=O)N(C)[C@@H]1CC[C@H](CC(=O)NCCN3CCCCC3)O[C@H]1CO2,0,0.026554,0.022489,0.011821
CC[C@@H](C)CCCCC(=O)N[C@@H](CCN)C(=O)N[C@@H]([C@@H](C)O)C(=O)N[C@@H](CCN)C(=O)N[C@H]1CCNC(=O)[C@@H](NC(=O)[C@H](CCN)NC(=O)[C@H](CCN)NC(=O)[C@H](CC(C)C)NC(=O)[C@@H](Cc2ccccc2)NC(=O)[C@@H](CCN)NC1=O)[C@@H](C)O,0,0.988826,0.624998,0.425200
C[C@H]1CCCCO[C@@H](CN(C)Cc2ccc(cc2)C(F)(F)F)[C@H](C)CN([C@H](C)CO)C(=O)c2cc(ccc2O1)N(C)C,0,0.308858,0.037714,0.012205
C[C@H]1CCCCO[C@@H](CN(C)S(=O)(=O)c2cn(cn2)C)[C@@H](C)CN([C@H](C)CO)C(=O)c2cc(ccc2O1)NC(=O)CCCN(C)C,0,0.003650,0.017406,0.002259
CC(C)NC(=O)Nc1ccc2c(c1)C(=O)N(C[C@@H](C)[C@H](CN(C)Cc1ccc(cc1)C(F)(F)F)OCCCC[C@H](C)O2)[C@H](C)CO,0,0.344171,0.034153,0.015896
C[C@@H]1CN([C@@H](C)CO)C(=O)c2cc(ccc2O[C@@H]1CN(C)CC1CCCCC1)NC(=O)Nc1ccc(cc1)F,0,0.250035,0.024125,0.018802
Cc1ccc(cc1)S(=O)(=O)N1C[C@@H](O)COC[C@H]2O[C@@H](CC[C@@H]21)CC(=O)NCc1ccc(cc1)Cl,0,0.407450,0.063724,0.038992
C[C@H]1CN([C@@H](C)CO)C(=O)c2ccccc2-c2ccccc2CO[C@@H]1CN(C)S(=O)(=O)c1ccc(cc1)C(F)(F)F,0,0.157695,0.045322,0.017021
COc1cccc(c1)C#Cc1ccc2c(c1)O[C@H](CN(C)C(=O)CN1CCOCC1)[C@@H](C)CN([C@@H](C)CO)S2(=O)=O,0,0.010300,0.017055,0.002891
C[C@@H]1CN([C@@H](C)CO)C(=O)c2cccc(c2O[C@@H]1CN(C)Cc1ccc(cc1)C(=O)O)NC(=O)c1cc(nn1C)C,0,0.041639,0.026872,0.004686
C[C@@H]1CN([C@@H](C)CO)C(=O)c2cccc(c2O[C@H]1CN(C)C(=O)Nc1c(noc1C)C)NS(=O)(=O)c1cn(cn1)C,0,0.061874,0.019567,0.004967
COc1ccc2c(c1)OCC(Cc1ccc(OC)c(O)c1)C2=O,0,0.316300,0.276658,0.145205
COc1ccc(cc1)NC(=O)N(C)C[C@@H]1OCCCC[C@H](C)Oc2ccc(cc2C(=O)N(C[C@@H]1C)[C@H](C)CO)NC(=O)c1ccncc1,0,0.005501,0.016506,0.001688
COc1ccc(cc1)S(=O)(=O)N(C)C[C@H]1OCCCC[C@@H](C)Oc2ccc(cc2C(=O)N(C[C@H]1C)[C@@H](C)CO)NC(=O)c1ccccc1,0,0.000867,0.017454,0.001710
CCCNC(=O)N1C[C@H](C)[C@@H](CN(C)C(=O)c2cc(ccc2OC[C@H]1C)NS(=O)(=O)CC(F)(F)F)OC,0,0.063401,0.052291,0.006256
CN(C)c1nc2c([nH]1)C(=O)NC(=O)N2C,0,0.317744,0.030364,0.011122
CCNC(=O)[C@@H]1N[C@H]2[C@H](CN3C(=O)C(=CC=C23)c2cccc(c2)C(=O)N(C)C)[C@H]1CO,0,0.080228,0.033015,0.010257
O[C@@H](C(=O)O)c1ccccc1,0,0.071258,0.030298,0.012818
C[C@@H]1CCCCO[C@H](CN(C)C(=O)Cc2ccccc2)[C@H](C)CN([C@H](C)CO)C(=O)c2cc(ccc2O1)NC(=O)Nc1ccccc1,0,0.003057,0.017131,0.002004
C[C@@H](CO)N1[C@@H]2C(=O)N(CCN3CCOCC3)CC=C[C@@]32O[C@@H]2C=CCCOC(=O)[C@@H]2[C@H]3C1=O,0,0.032638,0.216531,0.061778
C[C@@H]1CCCCO[C@@H](CN(C)Cc2ccc(cc2)C(=O)O)[C@H](C)CN([C@@H](C)CO)C(=O)c2cc(ccc2O1)NS(=O)(=O)c1ccc(cc1)C,0,0.012557,0.023577,0.002238
C[C@@H]1CCCCO[C@@H](CN(C)CC2CCCCC2)[C@@H](C)CN([C@H](C)CO)C(=O)c2cc(ccc2O1)NS(=O)(=O)c1ccc(cc1)C,0,0.017341,0.019051,0.003761
CC(=O)Nc1cccc(n1)NC(=O)C,0,0.044216,0.060100,0.027291
CCCCCCCCCCCCCCCC(=O)OCC(NC(=O)C(Cl)Cl)C(O)c1ccc([N+](=O)[O-])cc1,0,0.988511,0.427905,0.203370
C[C@H]1CN([C@@H](C)CO)C(=O)c2cc(ccc2O[C@@H]1CN(C)Cc1ccc(cc1)C(=O)Nc1ccccc1N)NC(=O)Cn1cnnn1,0,0.004149,0.018733,0.003165
C[C@@H]1CN([C@@H](C)CO)C(=O)c2cccc(c2O[C@@H]1CN(C)C(=O)Nc1cccc2ccccc12)NS(=O)(=O)c1cccs1,0,0.012067,0.018132,0.003435
C[C@H]1CN([C@@H](C)CO)C(=O)c2cc(ccc2O[C@@H]1CN(C)Cc1ccc(cc1)-c1ccccc1)NS(=O)(=O)c1ccc(cc1)C,0,0.010826,0.020189,0.003809
C[C@H]1CCCCO[C@@H](CN(C)CC2CCCCC2)[C@@H](C)CN([C@@H](C)CO)C(=O)c2cc(ccc2O1)NC(=O)Nc1ccc(cc1)F,0,0.186943,0.019098,0.006835
C[C@@H](N)C(=O)Nc1c(cccc1C)C,0,0.806648,0.030896,0.011600
C[C@@H]1CN([C@H](C)CO)C(=O)c2cccc(c2O[C@H]1CN(C)S(=O)(=O)c1cccs1)NC(=O)c1ccno1,0,0.004381,0.018064,0.003362
Nc1cccc(c1)-n1cc(nn1)CCC(=O)NO,0,0.784190,0.173834,0.092211
C[C@H](O)C#Cc1cnc2c(c1)C(=O)N(C[C@H](C)[C@H](CN(C)C(=O)CN1CCOCC1)O2)[C@H](C)CO,0,0.004375,0.030768,0.008997
C[C@@H]1CN([C@@H](C)CO)C(=O)c2cc(ccc2O[C@H]1CN(C)Cc1ccc(cc1)-c1ccccc1)NS(=O)(=O)c1cccs1,0,0.012936,0.017847,0.004135
C[C@@H]1CCCCO[C@@H](CN(C)Cc2ccc(c(c2)Cl)Cl)[C@H](C)CN([C@H](C)CO)C(=O)c2cc(ccc2O1)NC(=O)Cc1ccccc1,0,0.032382,0.017446,0.003706
COCC#Cc1cnc2c(c1)C(=O)N(C[C@@H](C)[C@H](CN(C)C(=O)Nc1ccccc1OC)O2)[C@@H](C)CO,0,0.146534,0.016891,0.003968
CC(C)Cc1nc2ccccc2[nH]1,0,0.247550,0.112189,0.046345
C[C@@H]1CCCCO[C@H](CN(C)C(=O)C2CCCCC2)[C@@H](C)CN([C@@H](C)CO)C(=O)c2cc(ccc2O1)NC(=O)c1ccccc1,0,0.001715,0.016722,0.002742
S=C1C=C(OC(=C1)c1ccccc1)c1ccccc1,0,0.316026,0.294805,0.147035
C[C@@H]1CN([C@@H](C)CO)C(=O)Cc2cc(ccc2O[C@H]1CN(C)S(=O)(=O)c1cn(cn1)C)NS(=O)(=O)c1cccs1,0,0.001268,0.017429,0.002289
CO[C@H]1CN(C)C(=O)c2cc(ccc2OC[C@H](C)N(C[C@@H]1C)Cc1ccccc1C(=O)O)NC(=O)Nc1ccccc1F,0,0.231256,0.102881,0.034991
COCCCNC(=O)[C@]1(CC(=O)N(Cc2cc(cc(c2)C(F)(F)F)C(F)(F)F)[C@@H]1c1ccc(cc1I)CO)Sc1ccc(cc1)C,0,0.984638,0.054794,0.021927
C[C@@H]1CN([C@@H](C)CO)C(=O)c2cc(ccc2O[C@H]1CN(C)S(=O)(=O)c1ccccc1)NS(=O)(=O)c1cccs1,0,0.003188,0.017665,0.003221
COc1ccc(cc1)NC(=O)Nc1ccc2c(c1)C(=O)N(C[C@@H](C)[C@H](CN(C)Cc1ccccc1)OCCCC[C@H](C)O2)[C@H](C)CO,0,0.011146,0.017156,0.001884
COc1ccc(cc1)NC(=O)Nc1ccc2c(c1)C(=O)N(C[C@H](C)[C@@H](CN(C)S(=O)(=O)c1ccc(cc1)C)OCCCC[C@@H](C)O2)[C@@H](C)CO,0,0.005199,0.017489,0.001681
COc1ccc(cc1)S(=O)(=O)Nc1ccc2c(c1)C(=O)N(C[C@H](C)[C@H](CN(C)C(=O)c1ccccc1)OCCCC[C@@H](C)O2)[C@H](C)CO,0,0.000474,0.017699,0.001758
C[C@@H]1CCCCO[C@@H](CN(C)C(=O)c2ccccc2)[C@H](C)CN([C@@H](C)CO)C(=O)c2cc(ccc2O1)NC(=O)c1ccccc1,0,0.000345,0.017219,0.001962
O=C1CN(C=NN1)c1ccccc1,0,0.120588,0.092207,0.025994
COc1ccc(cc1)S(=O)(=O)Nc1ccc2c(c1)CC(=O)N(C[C@H](C)[C@H](CN(C)CC1CC1)O2)[C@@H](C)CO,0,0.008414,0.017730,0.003496
C[C@H]1CCCCO[C@@H](CN(C)C(=O)Nc2cccc3ccccc23)[C@@H](C)CN([C@@H](C)CO)C(=O)c2cc(ccc2O1)NS(=O)(=O)c1ccccc1,0,0.001519,0.018831,0.001816
C[C@@H]1CN([C@@H](C)CO)C(=O)c2cc(ccc2O[C@@H]1CN(C)C(=O)NC1CCCCC1)NC(=O)Cn1cnnn1,0,0.007249,0.021035,0.005078
COCC#Cc1ccc(cc1)[C@@H]1[C@H](CO)N2[C@H]1CN(CC2=O)C(=O)C1CCOCC1,0,0.202103,0.026563,0.004468
CC(C)NC(=O)Nc1ccc2c(c1)C(=O)N(C[C@H](C)[C@@H](CN(C)C(=O)C1CCCCC1)OCCCC[C@H](C)O2)[C@@H](C)CO,0,0.012616,0.017268,0.003363
COCCNC(=O)C[C@@H]1CC[C@@H]2[C@H](COC[C@H](O)CN2S(=O)(=O)c2ccccc2C)O1,0,0.139325,0.018444,0.009703
OCCCCCCN1[C@@H]2C(=O)N(CC=C[C@@]32O[C@@H]2C=CCOC(=O)[C@@H]2[C@H]3C1=O)Cn1nnc2ccccc12,0,0.269658,0.146685,0.085452
C[C@H]1CCCCO[C@H](CN(C)C)[C@H](C)CN([C@@H](C)CO)C(=O)c2cc(ccc2O1)NC(=O)Nc1ccc(cc1)C(F)(F)F,0,0.543877,0.641034,0.474946
C[C@H]1CN([C@H](C)CO)C(=O)CCCn2cc(nn2)CO[C@@H]1CN(C)S(=O)(=O)c1ccc(cc1)Oc1ccccc1,0,0.003870,0.022323,0.003396
CN(C)c1ccc(cc1)CCN,0,0.434166,0.064062,0.031309
COc1ccccc1C#Cc1cnc2c(c1)C(=O)N(C[C@H](C)[C@H](CN(C)S(=O)(=O)c1cn(cn1)C)O2)[C@H](C)CO,0,0.018017,0.017405,0.002150
COCC#Cc1ccc2c(c1)O[C@H](CN(C)C(=O)Nc1ccc(cc1)OC)[C@H](C)CN([C@@H](C)CO)S2(=O)=O,0,0.120210,0.022682,0.003337
COc1cccc(c1)S(=O)(=O)N(C)C[C@@H]1OCc2cn(nn2)CCCC(=O)N(C[C@H]1C)[C@@H](C)CO,0,0.006470,0.021255,0.003276
C[C@H]1CCCCO[C@@H](CN(C)C(=O)Nc2cccc3ccccc23)[C@H](C)CN([C@@H](C)CO)C(=O)c2cc(ccc2O1)NC(=O)Nc1ccccc1,0,0.016479,0.015684,0.002216
C[C@H]1CCCCO[C@H](CN(C)C(=O)C2CCCCC2)[C@@H](C)CN([C@@H](C)CO)C(=O)c2cc(ccc2O1)NC(=O)Nc1ccc2c(c1)OCO2,0,0.008445,0.017274,0.002619
C[C@@H]1CCCCO[C@H](CN(C)C(=O)Nc2c(noc2C)C)[C@H](C)CN([C@@H](C)CO)C(=O)c2cc(ccc2O1)NC(=O)Nc1c(noc1C)C,0,0.034991,0.022994,0.003880
CC1=C2CC3C(CC=C4CC(O)CCC43C)C2CCC12OC1CC(C)CNC1C2C,0,0.467036,0.166433,0.067714
C/C=C(/C)C(=O)O[C@H]1CC[C@@]2(C)[C@@H]3CC[C@H]4[C@]5(O)C[C@H](O)[C@@]6(O)[C@@H](CN7C[C@@H](C)CC[C@H]7[C@@]6(C)O)[C@]5(O)C[C@@]42O[C@@]13O,0,0.000833,0.137286,0.072697
COc1ccc(cc1)NC(=O)Nc1ccc2c(c1)C(=O)N(C[C@H](C)[C@@H](CN(C)S(=O)(=O)c1ccc(cc1)F)OCCCC[C@H](C)O2)[C@H](C)CO,0,0.009458,0.017526,0.001909
CC(C)NC(=O)N(C)C[C@@H]1Oc2ccc(cc2CC(=O)N(C[C@@H]1C)[C@H](C)CO)NS(=O)(=O)c1cn(cn1)C,0,0.011465,0.017329,0.002648
C[C@H]1CCCCO[C@@H](CN(C)C(=O)Nc2ccc(cc2)F)[C@H](C)CN([C@H](C)CO)C(=O)c2cc(ccc2O1)NS(=O)(=O)c1ccccc1,0,0.007636,0.017502,0.002085
N[C@@H](Cc1ccccn1)c1ccccc1,0,0.138415,0.160698,0.055763
COc1cccc(c1)C#Cc1cnc2c(c1)C(=O)N(C[C@H](C)[C@@H](CN(C)C(=O)C1CCOCC1)O2)[C@H](C)CO,0,0.014275,0.017214,0.002243
CCCCCCOc1cccc(c1)N,0,0.299543,0.178134,0.140430
C[C@H](NC(=O)C[C@H]1C[C@H]2[C@H](Oc3ccc(cc32)NC(=O)Nc2ccc(cc2)C(F)(F)F)[C@@H](CO)O1)c1ccccc1,0,0.748706,0.110158,0.068749
O[C@@H]1COC[C@H]2O[C@H](CC[C@@H]2N(C1)C(=O)c1ccc2c(c1)OCO2)CC(=O)NCCN1CCCCC1,0,0.246793,0.058530,0.009723
C[C@@H]1CCCCO[C@H](CN(C)C(=O)Nc2ccc(cc2)C(F)(F)F)[C@@H](C)CN([C@H](C)CO)C(=O)c2cc(ccc2O1)NC(=O)C1CCCCC1,0,0.367217,0.076092,0.026685
C[C@H]1CCCCO[C@@H](CN(C)S(=O)(=O)c2cccs2)[C@H](C)CN([C@H](C)CO)C(=O)c2cc(ccc2O1)NC(=O)c1ccccc1,0,0.000353,0.017475,0.002007
COS(=O)(=O)C,0,0.000050,0.096335,0.060310
CC(C)C#Cc1cnc2c(c1)C(=O)N(C[C@H](C)[C@H](CN(C)S(=O)(=O)c1cn(cn1)C)O2)[C@@H](C)CO,0,0.025841,0.019137,0.003910
COc1ccc(cc1)S(=O)(=O)N(C)C[C@@H]1OCCCC[C@@H](C)Oc2ccc(cc2C(=O)N(C[C@@H]1C)[C@H](C)CO)NC(=O)Nc1ccc(cc1)F,0,0.014782,0.017766,0.002541
COc1ccc(cc1)CN(C)C[C@@H]1OCCCC[C@H](C)Oc2ccc(cc2C(=O)N(C[C@H]1C)[C@@H](C)CO)NS(=O)(=O)c1c(noc1C)C,0,0.007006,0.018528,0.002627
C[C@@H]1CN([C@@H](C)CO)C(=O)Cc2cc(ccc2O[C@H]1CN(C)Cc1ccc(cc1)C(=O)Nc1ccccc1N)NC(=O)Nc1ccc2c(c1)OCO2,0,0.003507,0.017829,0.002322
CCC1OC(=O)C(C)C(OC2CC(C)(OC)C(O)C(C)O2)C(C)C(OC2OC(C)CC(N(C)C)C2O)C(C)(O)CC(C)C(=NOCOCCOC)C(C)C(O)C1(C)O,1,0.979430,0.952253,0.990524
C[C@@H]1CN([C@H](C)CO)C(=O)Cc2cc(ccc2O[C@@H]1CN(C)C(=O)Nc1cccc2ccccc12)NC(=O)NC1CCCCC1,0,0.022529,0.023472,0.003996
CC1=CC(=C(C(=O)O)C(=O)N1N)C,0,0.080648,0.047164,0.015469
C[C@@H]1CCCCO[C@H](CN(C)Cc2ccc(cc2)C(F)(F)F)[C@H](C)CN([C@@H](C)CO)C(=O)c2cc(ccc2O1)NC(=O)CCC(F)(F)F,0,0.430382,0.019244,0.007769
C[C@@H]1CN([C@@H](C)CO)C(=O)c2cccc(c2O[C@H]1CN(C)Cc1ccc(cc1)Oc1ccccc1)NC(=O)Nc1ccc(cc1)F,0,0.070645,0.026876,0.009043
CCCN(C)C[C@H]1OCCCC[C@@H](C)Oc2ccc(cc2C(=O)N(C[C@H]1C)[C@H](C)CO)NC(=O)Cc1ccccc1,0,0.013465,0.021185,0.004982
C[C@H]1CN([C@H](C)CO)C(=O)c2cc(ccc2O[C@@H]1CN(C)S(=O)(=O)c1cn(cn1)C)NS(=O)(=O)c1c(noc1C)C,0,0.006688,0.018628,0.003849
O[C@@H]1CN[C@@H]2CC[C@@H](CC(=O)O)O[C@H]2COC1,0,0.153778,0.032666,0.005599
COC(=O)C1=CN(Cc2sc3ccccc3c2Cl)[C@@H](C=C(CCCO)C=C1C(=O)OC)c1ccc(cc1)CN1CCCC1,0,0.584726,0.175270,0.244849
C[C@@H]1CN([C@@H](C)CO)C(=O)c2cc(ccc2O[C@H]1CN(C)C(=O)Nc1ccc(cc1)C(F)(F)F)NS(=O)(=O)c1ccc(cc1)F,0,0.320390,0.166614,0.013763
OC[C@@H](O)[C@H](O)[C@@H](O)/C=N/NC(=O)c1ccc(cc1)C(=O)NO,0,0.042532,0.022070,0.009700
NC(=O)NS(=O)(=O)c1ccc(N)cc1,0,0.081808,0.036410,0.005917
CC(C)N1CC[C@@H](CN(C)Cc2ccc(cc2)C(=O)O)Oc2cc(ccc2S1(=O)=O)-c1ccc(cc1)C(F)(F)F,0,0.345879,0.114672,0.120874
C[C@H]1CN([C@H](C)CO)S(=O)(=O)c2ccc(cc2O[C@@H]1CN(C)S(=O)(=O)c1ccc(cc1)F)Br,0,0.170671,0.023463,0.006712
COc1ccc(cc1)S(=O)(=O)N(C)C[C@@H]1OCCCC[C@@H](C)Oc2ccc(cc2C(=O)N(C[C@@H]1C)[C@@H](C)CO)NS(=O)(=O)C,0,0.006078,0.018051,0.002320
C[C@@H]1CN([C@@H](C)CO)C(=O)c2cc(ccc2O[C@H]1CN(C)S(=O)(=O)c1ccccc1)NC(=O)Nc1cccc2ccccc12,0,0.007564,0.018413,0.002905
ONC(=O)CCCCCNC(=O)OCc1ccc(cc1)CO[C@@H]1C[C@@H](C=C(O1)C(=O)N1CCN(CC1)Cc1ccc2c(c1)OCO2)C1CCCCC1,0,0.000053,0.148580,0.020026
C[C@H](NC(=O)C[C@@H]1CC[C@@H](NC(=O)CN2CCOCC2)[C@H](CO)O1)c1ccccc1,0,0.011780,0.023002,0.011491
C[C@H]1CCCCO[C@@H](CN(C)C(=O)C2CCCCC2)[C@@H](C)CN([C@H](C)CO)C(=O)c2cc(ccc2O1)NS(=O)(=O)c1ccc(cc1)Cl,0,0.009131,0.017537,0.002980
C[C@@H]1CN([C@@H](C)CO)C(=O)c2cc(cnc2O[C@@H]1CN(C)S(=O)(=O)C)C#CC1(O)CCCC1,0,0.010822,0.019566,0.004838
COc1ccc(C(=O)C=Cc2ccccc2)cc1,0,0.381623,0.325690,0.174261
COc1ccc2c3c([nH]c2c1)[C@H](CO)N(C[C@]13CN(Cc2ccccc2Cl)C1)S(=O)(=O)c1cn(cn1)C,0,0.028426,0.031649,0.009179
COc1ccc(cc1)NC(=O)N(C)C[C@H]1Oc2ccc(cc2CC(=O)N(C[C@H]1C)[C@H](C)CO)NC(=O)Nc1ccc(cc1)C(F)(F)F,0,0.299283,0.015943,0.007046
C[C@@H]1CN([C@H](C)CO)C(=O)c2cccc(c2O[C@H]1CN(C)Cc1ccc(cc1)Oc1ccccc1)NC(=O)c1ccncc1,0,0.002353,0.017437,0.002322
C[C@@H]1CN([C@H](C)CO)C(=O)Cc2cc(ccc2O[C@H]1CN(C)CC1CCCCC1)NC(=O)Cn1cnnn1,0,0.020586,0.040234,0.009352
COc1ccc(cc1)C(=O)Nc1ccc2c(c1)C(=O)N(C)[C@@H]1CC[C@H](CC(=O)NCC3CC3)O[C@H]1CO2,0,0.008412,0.020196,0.005139
C[C@H]1CN([C@@H](C)CO)C(=O)c2cc(ccc2O[C@H]1CN(C)S(=O)(=O)c1ccc(cc1)F)NS(=O)(=O)c1ccccc1,0,0.006298,0.017641,0.003428
C[C@H]1CN([C@@H](C)CO)C(=O)Cc2cc(ccc2O[C@@H]1CN(C)Cc1ccc(cc1)C(=O)O)NC(=O)C1CC1,0,0.041591,0.057490,0.011047
COc1ccc(cc1)S(=O)(=O)N(C)C[C@@H]1Oc2ccc(cc2C(=O)N(C[C@H]1C)[C@@H](C)CO)NC(=O)Cn1cnnn1,0,0.004307,0.018876,0.002684
OC[C@@H]1O[C@H](CC[C@@H]1NC(=O)CN1CCOCC1)CCn1cc(nn1)C1CCCC1,0,0.492372,0.049707,0.017314
C[C@@H]1CN([C@H](C)CO)C(=O)c2cccc(c2O[C@@H]1CN(C)S(=O)(=O)c1ccc(cc1)C)NS(=O)(=O)c1cccs1,0,0.007997,0.018144,0.002898
N[C@H]([C@@H](N)c1ccccc1)c1ccccc1,0,0.817076,0.135901,0.053805
OC[C@H]1[C@@H]2CN3C(=O)C(=CC=C3[C@@H]2N[C@@H]1C(=O)N1CCOCC1)c1ccc(cc1)F,0,0.046374,0.030662,0.011995
C[C@H]1CN([C@@H](C)CO)S(=O)(=O)c2ccc(cc2O[C@@H]1CN(C)C(=O)Nc1c(noc1C)C)C#CCN(C)C,0,0.107978,0.022996,0.008042
NNC(=O)c1ccccn1,0,0.092764,0.050785,0.024776
C[C@@H]1CN([C@@H](C)CO)C(=O)c2cc(ccc2O[C@@H]1CN(C)S(=O)(=O)c1ccc(cc1)C)NC(=O)c1ccncc1,0,0.004823,0.017475,0.001745
C[C@H]1CN([C@@H](C)CO)C(=O)Cc2cc(ccc2O[C@@H]1CN(C)CC1CC1)NS(=O)(=O)c1c(noc1C)C,0,0.008827,0.017402,0.003554
C[C@H]1CCCCO[C@H](CN(C)C(=O)Nc2ccc(cc2)F)[C@@H](C)CN([C@H](C)CO)C(=O)c2cc(ccc2O1)NC(=O)c1ccncc1,0,0.017896,0.016450,0.001829
O=C(CCN1C=CC(=O)NC1=O)Nc1ccc2c(c1)NC(=O)CO2,0,0.333257,0.173181,0.095374
OC(=O)Cn1cc2c(n1)CCCC2,0,0.114344,0.025000,0.006551
C[C@H]1CCCCO[C@@H](CN(C)C(=O)Nc2ccccc2)[C@H](C)CN([C@@H](C)CO)C(=O)c2cc(ccc2O1)NC(=O)c1ccncc1,0,0.004330,0.016642,0.001668
C[C@@H]1CCCCO[C@@H](CN(C)Cc2ccc(cc2)C(=O)O)[C@@H](C)CN([C@H](C)CO)C(=O)c2cc(ccc2O1)NS(=O)(=O)c1ccc(cc1)F,0,0.018171,0.026273,0.002442
COc1ccc(cc1)NC(=O)N(C)C[C@H]1OCCCC[C@H](C)Oc2ccc(cc2C(=O)N(C[C@@H]1C)[C@@H](C)CO)NS(=O)(=O)c1ccc(cc1)OC,0,0.002849,0.017773,0.001821
Cc1cc(nc(n1)[C@H]1CCN(C1)C(=O)CN)Nc1cc(on1)C,0,0.213390,0.178581,0.072787
C[C@@H]1CN([C@H](C)CO)C(=O)c2cc(ccc2O[C@@H]1CN(C)S(=O)(=O)c1ccc(cc1)Cl)NC(=O)CCCN(C)C,0,0.028127,0.018740,0.003557
OC[C@@H]1O[C@@H](CC(=O)NCCCN2CCOCC2)C=C[C@@H]1NC(=O)Nc1ccc2c(c1)OCO2,0,0.060797,0.065309,0.016773
O[C@H]1COC[C@@H]2O[C@@H](CC[C@H]2N(C1)C(=O)c1ccc(cc1)F)CC(=O)NCCCN1CCOCC1,0,0.447610,0.242050,0.103778
C[C@@H]1CN([C@H](C)CO)C(=O)Cc2cc(ccc2O[C@@H]1CN(C)S(=O)(=O)c1cccs1)NC(=O)c1ccncc1,0,0.000759,0.017475,0.001889
C[C@@H]1CN([C@@H](C)CO)C(=O)Cc2cc(ccc2O[C@@H]1CN(C)CC1CC1)NS(=O)(=O)c1cn(cn1)C,0,0.013835,0.019085,0.002762
C[C@@H]1CN([C@@H](C)CO)C(=O)c2cccc(c2O[C@@H]1CN(C)Cc1ccc(c(c1)Cl)Cl)NS(=O)(=O)c1cccs1,0,0.076111,0.018339,0.003914
C[N+](C)(C)C[C@H](O)CC(=O)O,0,0.002105,0.040154,0.008939
C[C@@H]1CN([C@@H](C)CO)C(=O)CCCn2cc(nn2)CO[C@H]1CN(C)C(=O)CCCN(C)C,0,0.009141,0.023494,0.005612
CC(C)NC(=O)Nc1cccc2c1O[C@H](CN(C)C(=O)NC1CCCCC1)[C@@H](C)CN([C@@H](C)CO)C2=O,0,0.054437,0.021399,0.007702
C[C@@H]1CN([C@@H](C)CO)C(=O)c2cc(ccc2O[C@@H]1CN(C)Cc1ccccc1)NC(=O)CCN1CCOCC1,0,0.003023,0.016504,0.002968
C[C@@H]1CCCCO[C@@H](CN(C)S(=O)(=O)C)[C@H](C)CN([C@@H](C)CO)C(=O)c2cc(ccc2O1)NS(=O)(=O)c1ccc(cc1)C,0,0.003331,0.017408,0.002433
C[C@@H]1CCCCO[C@@H](CN(C)C(=O)NC2CCCCC2)[C@@H](C)CN([C@H](C)CO)C(=O)c2cc(ccc2O1)NC(=O)c1ccccc1,0,0.002108,0.016860,0.001736
OC(=O)CCCNC1=NNC(=O)NC1=O,0,0.350514,0.034826,0.020514
COC(=O)[C@@H](Cc1ccc(cc1)-n1cc(nn1)CCC(=O)NO)N1CC(=C)[C@H](/C=C/C=C)[C@H]1[C@H](O)Cc1ccccc1,0,0.750027,0.040380,0.010585
C[C@H]1CCCCO[C@H](CN(C)Cc2ccncc2)[C@@H](C)CN([C@H](C)CO)C(=O)c2cc(ccc2O1)NC(=O)Nc1ccccc1,0,0.014455,0.016561,0.002019
O=C1NC(=O)C(=C[C@H]2CCC=CC2)C(=O)N1,0,0.000041,0.040742,0.021003
OC[C@H]1O[C@@H](C[C@@H]2[C@H]1Oc1ccc(cc12)NC(=O)C1CCOCC1)CC(=O)NCc1ccc(cc1)Cl,0,0.262939,0.152995,0.045990
COc1ccc(cc1)NC(=O)N(C)C[C@H]1OCCCC[C@H](C)Oc2ccc(cc2C(=O)N(C[C@@H]1C)[C@@H](C)CO)NS(=O)(=O)c1c(noc1C)C,0,0.007543,0.017429,0.002201
C[C@@H]1CCCCO[C@@H](CN(C)S(=O)(=O)C)[C@@H](C)CN([C@@H](C)CO)C(=O)c2cc(ccc2O1)NS(=O)(=O)c1c(noc1C)C,0,0.007591,0.017289,0.002931
C[C@H]1CCCCO[C@@H](CN(C)Cc2ccccc2)[C@H](C)CN([C@@H](C)CO)C(=O)c2cc(ccc2O1)NC(=O)Cc1ccccc1,0,0.003756,0.017462,0.003953
C[C@@H]1CN([C@@H](C)CO)C(=O)c2cccc(c2O[C@@H]1CN(C)Cc1ccc(cc1)C(=O)Nc1ccccc1N)NC(=O)c1nc2ccccc2s1,0,0.003937,0.019471,0.003256
C[C@@H]1CCCCO[C@H](CN(C)Cc2ccc(cc2)C(=O)Nc2ccccc2N)[C@@H](C)CN([C@@H](C)CO)C(=O)c2cc(ccc2O1)NC(=O)Nc1ccc(cc1)C(F)(F)F,0,0.282320,0.024077,0.002333
COc1ccc(cc1)NC(=O)N(C)C[C@H]1Oc2ccc(cc2CC(=O)N(C[C@@H]1C)[C@H](C)CO)NS(=O)(=O)C,0,0.011226,0.018722,0.003141
C[C@H]1CN([C@@H](C)CO)C(=O)c2cc(ccc2O[C@H]1CN(C)CC1CC1)NS(=O)(=O)c1cn(cn1)C,0,0.030629,0.019085,0.002776
C[C@@H]1CN([C@@H](C)CO)C(=O)Cc2cc(ccc2O[C@@H]1CN(C)S(=O)(=O)C)NC(=O)CCN1CCOCC1,0,0.000632,0.017469,0.002929
COc1ccc(cc1)COC[C@@H](C)N1C[C@H](C)[C@H](CN(C)S(=O)(=O)c2ccc(cc2)Cl)Oc2ccc(cc2C1=O)NC(=O)NC(C)C,0,0.059344,0.021322,0.008396
C[C@H]1CN([C@@H](C)CO)C(=O)c2cccc(c2O[C@H]1CN(C)Cc1ccc(cc1)C(=O)O)NC(=O)Nc1ccc(cc1)C(F)(F)F,0,0.880075,0.183867,0.063589
COc1ccc(cc1)NC(=O)N(C)C[C@@H]1Oc2ccc(cc2CC(=O)N(C[C@@H]1C)[C@@H](C)CO)NC(=O)CCN1CCOCC1,0,0.001829,0.016232,0.002533
COc1ccc(cc1)NC(=O)Nc1ccc2c(c1)C(=O)N(C[C@@H](C)[C@H](CN(C)S(=O)(=O)c1ccc(cc1)F)OCCCC[C@@H](C)O2)[C@@H](C)CO,0,0.009458,0.017526,0.001909
CC1(C)OC(=O)N(CCCC(=O)O)[C@@]1(C)O,0,0.375748,0.069089,0.039780
C[C@H]1CCCCO[C@@H](CN(C)C(=O)Nc2cccc3ccccc23)[C@H](C)CN([C@@H](C)CO)C(=O)c2cc(ccc2O1)NS(=O)(=O)c1ccc(cc1)C,0,0.003302,0.018774,0.001737
C[C@@H]1CN([C@H](C)CO)C(=O)Cc2cc(ccc2O[C@H]1CN(C)Cc1ccc(cc1)-c1ccccc1)NC(=O)Nc1cccc2ccccc12,0,0.041273,0.022148,0.003427
C[C@@H]1CCCCO[C@H](CN(C)C(=O)Nc2cccc3ccccc23)[C@H](C)CN([C@@H](C)CO)C(=O)c2cc(ccc2O1)NC(=O)Nc1ccc(cc1)C(F)(F)F,0,0.337818,0.013518,0.006115
O[C@H]1COC[C@H]2O[C@@H](CC[C@@H]2N(C1)S(=O)(=O)c1cccnc1)CC(=O)NCc1ccc(c(c1)Cl)Cl,0,0.575440,0.049068,0.038410
C[C@@H]1CN([C@H](C)CO)S(=O)(=O)c2ccc(cc2O[C@@H]1CN(C)C(=O)c1ccccc1)C#CC1(O)CCCC1,0,0.005256,0.018945,0.003413
C[C@H]1CN([C@@H](C)CO)C(=O)Cc2cc(ccc2O[C@H]1CN(C)S(=O)(=O)c1ccc(cc1)Cl)NC(=O)Nc1ccc(cc1)C(F)(F)F,0,0.298006,0.024489,0.004021
C[C@@H]1CCCCO[C@H](CN(C)S(=O)(=O)c2ccc(cc2)C)[C@H](C)CN([C@@H](C)CO)C(=O)c2cc(ccc2O1)NC(=O)Nc1ccc(cc1)C(F)(F)F,0,0.146991,0.026469,0.003733
C[C@H]1CN([C@@H](C)CO)C(=O)c2cccc(c2O[C@H]1CN(C)Cc1ccccc1)NC(=O)c1cnccn1,0,0.032528,0.018079,0.003912
CO[C@@H](CN(C)S(=O)(=O)c1ccc(cc1)Cl)[C@@H](C)CN([C@@H](C)CO)S(=O)(=O)c1cccc(c1)Cl,0,0.445982,0.086869,0.010326
CC(C)N1CC=C[C@@]23O[C@@H]4C=CCCOC(=O)[C@@H]4[C@H]2C(=O)N(CCCO)[C@@H]3C1=O,0,0.097840,0.171751,0.081193
C[C@@H]1CN([C@H](C)CO)C(=O)Cc2cc(ccc2O[C@H]1CN(C)Cc1ccc2c(c1)OCO2)NC(=O)CCN1CCOCC1,0,0.001474,0.016746,0.003509
C[C@H]1CN([C@H](C)CO)C(=O)Cc2cc(ccc2O[C@H]1CN(C)S(=O)(=O)c1ccccc1)NS(=O)(=O)c1cn(cn1)C,0,0.002637,0.017429,0.002090
COc1ccc(cc1)NC(=O)N(C)C[C@H]1Oc2ccc(cc2CC(=O)N(C[C@H]1C)[C@@H](C)CO)NC(=O)CCCCCC(=O)Nc1ccccc1N,0,0.005781,0.016600,0.002315
Cc1cc(=O)oc2cc(O)c(O)cc12,0,0.395605,0.171071,0.203963
C[C@H]1CN([C@@H](C)CO)S(=O)(=O)c2ccc(cc2O[C@@H]1CN(C)C(=O)Cc1ccccc1)C#CC1(O)CCCC1,0,0.010429,0.024557,0.005756
C[C@H]1CCCCO[C@@H](CN(C)S(=O)(=O)c2ccc(cc2)F)[C@@H](C)CN([C@H](C)CO)C(=O)c2cc(ccc2O1)NC(=O)CCCCCC(=O)Nc1ccccc1N,0,0.003898,0.018570,0.001838
COc1ccc(cc1)S(=O)(=O)N(C)C[C@H]1Oc2ccc(cc2C(=O)N(C[C@H]1C)[C@@H](C)CO)N(C)C,0,0.008851,0.018940,0.004015
O=C1Nc2ccccc2-n2cnnc21,0,0.178508,0.072866,0.044279
COC(=O)[C@@H]1N2[C@H](SC1(C)C)[C@H](N1CC3=C[C@@H](C4CC4)N4N([C@@H]3[C@@H]1[C@@H](O)Cc1ccccc1)C(=O)N(C)C4=O)C2=O,0,0.998056,0.895275,0.659024
C[C@@H]1CN([C@H](C)CO)C(=O)c2cc(cnc2O[C@@H]1CN(C)C(=O)Cc1cccnc1)C#Cc1ccccc1F,0,0.042399,0.020772,0.005011
C[C@H]1CN([C@H](C)CO)C(=O)c2cc(cnc2O[C@H]1CN(C)S(=O)(=O)c1ccccc1)C#CC1(O)CCCC1,0,0.003894,0.018417,0.003743
CNC[C@@H]1Oc2c(cccc2C(=O)N(C[C@@H]1C)[C@@H](C)CO)NS(=O)(=O)c1cn(cn1)C,0,0.075734,0.018072,0.003885
O=C1NC(=O)C=C1,1,0.000176,0.026576,0.017488
C[C@@H]1CN([C@@H](C)CO)C(=O)CCCn2nncc2CO[C@@H]1CN(C)C(=O)Nc1cccc(c1)Oc1ccccn1,0,0.002502,0.022713,0.002304
CN1C(=O)[C@@H]2[C@H](C1=O)[C@@]1(O[C@]22COC[C@@H](N2C1=O)c1ccccc1)C(=O)C,0,0.118751,0.096212,0.120206
COc1ccc(cc1)NC(=O)N(C)C[C@H]1OCCCC[C@@H](C)Oc2ccc(cc2C(=O)N(C[C@@H]1C)[C@H](C)CO)NC(=O)Nc1ccc2c(c1)OCO2,0,0.006366,0.016945,0.001994
C[C@H]1CN([C@@H](C)CO)C(=O)Cc2cc(ccc2O[C@H]1CN(C)Cc1ccc(cc1)C(=O)O)NS(=O)(=O)c1c(noc1C)C,0,0.011620,0.024880,0.002800
C[C@H]1CCCCO[C@H](CN(C)C(=O)Nc2cccc3ccccc23)[C@@H](C)CN([C@H](C)CO)C(=O)c2cc(ccc2O1)NC(=O)CCC(F)(F)F,0,0.119459,0.014453,0.006469
CC[N+](C)(C)Cc1ccc(Br)cc1.Cc1ccc(S(=O)(=O)[O-])cc1,0,0.938191,0.608102,0.485060
C[C@H]1CN([C@H](C)CO)C(=O)c2cc(ccc2O[C@H]1CN(C)Cc1ccc(c(c1)Cl)Cl)NC(=O)NC1CCCCC1,0,0.238801,0.019764,0.007676
C[C@@H]1CCCCO[C@H](CN(C)S(=O)(=O)c2cn(cn2)C)[C@H](C)CN([C@H](C)CO)C(=O)c2cc(ccc2O1)NC(=O)CCCN(C)C,0,0.003650,0.017406,0.002259
COc1ccc(cc1)S(=O)(=O)Nc1ccc2c(c1)C(=O)N(C[C@H](C)[C@H](CN(C)Cc1ccc(cc1)C(F)(F)F)OCCCC[C@H](C)O2)[C@@H](C)CO,0,0.035504,0.017232,0.003596
CC(C)(O/N=C(\C(=O)N[C@H]1[C@H]2SCC(=C(N2C1=O)C(=O)O)C[n+]1ccccc1)c1csc(n1)N)C(=O)O,0,0.974810,0.958842,0.923232
CC(C)NC(=O)N(C)C[C@H]1OCc2cnnn2CCCC(=O)N(C[C@@H]1C)[C@H](C)CO,0,0.008916,0.021490,0.004266
OC(=O)CCCNC(=O)c1ccccn1,0,0.004912,0.019665,0.017751
CC(C)[C@@H](N)c1nccn1C,0,0.382131,0.024711,0.009093
COc1cc2c3cc1Oc1c(OC)c(OC)cc4c1C(Cc1cccc(c1)Oc1ccc(c(O)c1)CC3N(C)CC2)N(C)CC4.Cl.Cl,0,0.620720,0.177191,0.049731
C[C@@H]1CN([C@H](C)CO)C(=O)Cc2cc(ccc2O[C@H]1CN(C)Cc1ccc(c(c1)Cl)Cl)NC(=O)Cc1ccccc1,0,0.046684,0.035162,0.009504
C[C@@H]1CCCCO[C@H](CN(C)C(=O)Nc2cccc3ccccc23)[C@H](C)CN([C@H](C)CO)C(=O)c2cc(ccc2O1)NS(=O)(=O)c1c(noc1C)C,0,0.005621,0.018337,0.002303
Cc1nc(co1)CO,0,0.030307,0.026555,0.005680
COc1ccc(cc1)S(=O)(=O)N[C@@H]1CC[C@H](CCNC(=O)CN2CCOCC2)O[C@H]1CO,0,0.004461,0.018756,0.005770
C[C@@H]1CN([C@@H](C)CO)C(=O)Cc2cc(ccc2O[C@@H]1CN(C)Cc1ccc(cc1)Oc1ccccc1)NC(=O)Cc1ccccc1,0,0.002335,0.021347,0.004362
CC1=NN(CC(=O)O)C(=O)C=C1,0,0.005864,0.021527,0.014613
C[C@@H]1CN([C@@H](C)CO)C(=O)c2cc(cnc2O[C@H]1CN(C)C(=O)Cc1cccnc1)C#Cc1ccccc1F,0,0.042399,0.020772,0.005011
CCCCC/C=C\C/C=C\C/C=C\C/C=C\CCCC(=O)O,0,0.001413,0.143629,0.061604
COc1ccccc1S(=O)(=O)N(C)C[C@@H]1OCc2cnnn2CCCC(=O)N(C[C@H]1C)[C@@H](C)CO,0,0.015492,0.022667,0.003725
O=C(O)c1ccc2c(c1)OCO2,0,0.191533,0.053956,0.017368
C[C@H]1CN([C@H](C)CO)C(=O)Cc2cc(ccc2O[C@H]1CN(C)C(=O)Nc1c(noc1C)C)NC(=O)c1ccncc1,0,0.008161,0.017023,0.002401
CN(C)C(=O)Oc1cccc([N+](C)(C)C)c1.[Br-],0,0.865059,0.159284,0.054897
C[C@H]1CCCCO[C@H](CN(C)S(=O)(=O)c2ccc(cc2)Cl)[C@@H](C)CN([C@H](C)CO)C(=O)c2cc(ccc2O1)NS(=O)(=O)c1ccc(cc1)F,0,0.009628,0.016978,0.002585
C[C@H]1CCCCO[C@H](CN(C)S(=O)(=O)c2ccccc2)[C@H](C)CN([C@@H](C)CO)C(=O)c2cc(ccc2O1)NC(=O)Nc1ccccc1,0,0.002631,0.017817,0.001998
CN1CCC[C@@H](C1)C(=O)O,0,0.033309,0.018381,0.004541
COc1ccc(cc1)S(=O)(=O)Nc1ccc2c(c1)CC(=O)N(C[C@H](C)[C@@H](CN(C)S(=O)(=O)c1cn(cn1)C)O2)[C@@H](C)CO,0,0.002048,0.018017,0.002582
C[C@@H]1CN([C@@H](C)CO)C(=O)Cc2cc(ccc2O[C@H]1CN(C)S(=O)(=O)c1c(noc1C)C)NC(=O)Nc1c(noc1C)C,0,0.017016,0.017295,0.003910
C[C@H]1CN([C@@H](C)CO)C(=O)c2cc(ccc2O[C@H]1CN(C)S(=O)(=O)c1ccccc1)NC(=O)C1CC1,0,0.005959,0.017794,0.002867
C[C@@H]1CN([C@@H](C)CO)C(=O)c2cccc(c2O[C@H]1CN(C)C(=O)Nc1c(noc1C)C)NC(=O)c1ccncc1,0,0.047026,0.017476,0.004633
Nc1nnnn1-c1ccccc1,1,0.071773,0.088806,0.029350
C[C@H]1CN([C@H](C)CO)C(=O)c2cc(cnc2O[C@H]1CN(C)S(=O)(=O)c1cccc(c1)F)C#CC1CC1,0,0.050679,0.019169,0.005058
COc1cccc(c1)-c1cnc2c(c1)C(=O)N(C[C@H](C)[C@H](CN(C)S(=O)(=O)c1ccc(cc1)F)O2)[C@H](C)CO,0,0.020213,0.019132,0.003033
CC1=CC(=O)c2ccccc2C1=O,1,0.285765,0.108942,0.092098
C[C@@H]1CCCCO[C@@H](CN(C)S(=O)(=O)c2ccc(cc2)Cl)[C@H](C)CN([C@H](C)CO)C(=O)c2cc(ccc2O1)NC(=O)NC1CCCCC1,0,0.020322,0.017445,0.002878
C[C@@H]1CN([C@@H](C)CO)C(=O)c2ccccc2-c2ccccc2CO[C@@H]1CN(C)Cc1ccc(cc1)Oc1ccccc1,0,0.020211,0.030742,0.007214
COc1ccc(cc1)CN(C)C[C@H]1OCCCC[C@H](C)Oc2ccc(cc2C(=O)N(C[C@H]1C)[C@@H](C)CO)NC(=O)Nc1c(noc1C)C,0,0.044081,0.018336,0.002766
Cc1cc2c(cc1C)N=C(CC(=N2)c1cccs1)C(F)(F)F,0,0.889242,0.348573,0.186884
C[C@@H]1CN([C@H](C)CO)C(=O)c2cc(ccc2O[C@H]1CN(C)S(=O)(=O)c1ccc(cc1)C)NS(=O)(=O)c1cn(cn1)C,0,0.012464,0.017664,0.002139
CO[C@@H](CN(C)C(=O)c1ccc2c(c1)OCO2)[C@@H](C)CN([C@H](C)CO)S(=O)(=O)c1ccc(cc1)Cl,0,0.108177,0.021413,0.005124
C[C@@H]1CCCCO[C@H](CN(C)Cc2ccc(cc2)C(F)(F)F)[C@H](C)CN([C@@H](C)CO)C(=O)c2cc(ccc2O1)NC(=O)Nc1ccccc1,0,0.245088,0.017957,0.004716
COc1ccc2c3c([nH]c2c1)[C@@H](CO)N(C[C@]13CCN(CC1)C(=O)NC(C)C)C(=O)CN1CCOCC1,0,0.090557,0.092356,0.014633
C[C@H]1CCCCO[C@H](CN(C)CC2CCCCC2)[C@H](C)CN([C@@H](C)CO)C(=O)c2cc(ccc2O1)NC(=O)Nc1ccc(cc1)F,0,0.186943,0.019098,0.006835
CCNC(=S)N1CCOCC1,0,0.000000,0.040047,0.015933
CC(C)NC(=O)NCC[C@@H]1CC[C@H](NC(=O)CN(C)C)[C@H](CO)O1,0,0.090591,0.022048,0.007302
C[C@@H]1CN([C@@H](C)CO)S(=O)(=O)c2ccc(cc2O[C@H]1CN(C)C(=O)Cc1ccncc1)C#CC1(O)CCCC1,0,0.011440,0.020801,0.003158
C[C@@H]1CCCCO[C@@H](CN(C)CC2CCCCC2)[C@@H](C)CN([C@@H](C)CO)C(=O)c2cc(ccc2O1)NC(=O)CCCN(C)C,0,0.043040,0.017850,0.003531
NC[C@@](O)(CS(=O)(=O)O)c1ccc(cc1)Cl,0,0.149342,0.078137,0.041056
CC(Cc1cccc(C(F)(F)F)c1)NCCOC(=O)c1ccccc1.Cl,0,0.719051,0.611633,0.534740
C[C@H]1CCCCO[C@@H](CN(C)Cc2ccc(cc2)C(F)(F)F)[C@@H](C)CN([C@H](C)CO)C(=O)c2cc(ccc2O1)NC(=O)c1ccccc1,0,0.070438,0.014810,0.003213
COc1ccc(cc1)CN1C[C@]2(CN(C2)C(=O)C2CCOCC2)c2c(n(c3cc(ccc23)OC)C)[C@H]1CO,0,0.115077,0.093169,0.035426
C[C@H]1CN([C@H](C)CO)C(=O)Cc2cc(ccc2O[C@H]1CN(C)S(=O)(=O)c1cn(cn1)C)NS(=O)(=O)c1cn(cn1)C,0,0.003967,0.018189,0.003083
C[C@@H]1CCCCO[C@H](CN(C)C(=O)CCC(F)(F)F)[C@H](C)CN([C@H](C)CO)C(=O)c2cc(ccc2O1)NC(=O)C1CCCCC1,0,0.056458,0.100241,0.056883
C[C@H]1CN([C@H](C)CO)C(=O)c2cccc(c2O[C@H]1CN(C)C(=O)Nc1ccc(cc1)C(F)(F)F)NC(=O)Nc1c(noc1C)C,0,0.828322,0.900775,0.895561
C[N+](C)(C)CCCCNC(=O)[C@H]1C[C@@H]2N([C@H]1c1cccc(c1)OCCO)C(=O)[C@H](CCCC[N+](C)(C)C)NC2=O,0,0.745059,0.171839,0.059009
C[C@@H]1CN([C@@H](C)CO)C(=O)Cc2cc(ccc2O[C@@H]1CN(C)C(=O)Nc1ccc2c(c1)OCO2)NS(=O)(=O)C,0,0.004226,0.019595,0.002467
C[C@@H]1CN([C@H](C)CO)C(=O)c2cc(ccc2O[C@@H]1CN(C)C(=O)Nc1c(noc1C)C)NC(=O)c1ccncc1,0,0.019250,0.016762,0.002355
C[C@H]1CCCCO[C@H](CN(C)C(=O)Cc2ccccc2)[C@@H](C)CN([C@H](C)CO)C(=O)c2cc(ccc2O1)NS(=O)(=O)c1ccc(cc1)C,0,0.000937,0.017732,0.002231
COC(=O)C[C@@H]1CC[C@@H]2[C@H](COC[C@@H](O)CN2S(=O)(=O)c2ccc(cc2)F)O1,0,0.245701,0.038810,0.018630
C[C@@H]1C[C@H]1C(=O)O,0,0.005670,0.024159,0.012265
C[C@H]1CCCCO[C@H](CN(C)C(=O)Nc2c(noc2C)C)[C@@H](C)CN([C@H](C)CO)C(=O)c2cc(ccc2O1)NC(=O)Nc1ccc(cc1)C(F)(F)F,0,0.593488,0.027849,0.019287
C[C@H]1CN([C@@H](C)CO)C(=O)Cc2cc(ccc2O[C@@H]1CN(C)C)NC(=O)Cc1cn(c2ccccc12)C,0,0.021081,0.028034,0.004153
COc1ccc(cc1)NC(=O)N(C)C[C@H]1OCCCC[C@H](C)Oc2ccc(cc2C(=O)N(C[C@@H]1C)[C@H](C)CO)NC(=O)c1ccncc1,0,0.005501,0.016506,0.001688
O[C@H]1COC[C@H]2O[C@@H](CC[C@@H]2N(C1)S(=O)(=O)c1ccc(cc1)F)CC(=O)N[C@@H]1CCN(C1)Cc1ccccc1,0,0.437253,0.029274,0.010610
O=C([O-])c1cc(=O)c2c(OCC(O)COc3cccc4oc(C(=O)[O-])cc(=O)c34)cccc2o1.[Na+].[Na+],0,0.598224,0.191044,0.083564
CC(C)NC(=O)Nc1ccc2c(c1)C(=O)N(C[C@H](C)[C@@H](CN(C)S(=O)(=O)c1ccc(cc1)F)O2)[C@H](C)CO,0,0.067400,0.021966,0.003495
C[C@@H]1CN([C@H](C)CO)C(=O)Cc2cc(ccc2O[C@@H]1CN(C)C(=O)Nc1ccc(cc1)F)NC(=O)Cn1cnnn1,0,0.016781,0.019110,0.006618
COc1cc(cc(c1O[C@H]1C=C(C[C@@H](NCc2ccc(cc2)F)[C@@H]1O)C(=O)NCCO)I)CO,0,0.173597,0.250972,0.128228
C[C@H]1CN([C@H](C)CO)C(=O)c2cc(ccc2O[C@H]1CN(C)S(=O)(=O)c1cn(cn1)C)NC(=O)Nc1ccc(cc1)F,0,0.095980,0.019175,0.003683
CCN(Cc1cccc(c1)Br)c1c(nc2ccc(cn12)C(=O)N1CCN(CC1)c1ccccc1)CC,0,0.902841,0.368120,0.210309
CO[C@@H]1CN(C)C(=O)c2cc(ccc2OC[C@H](C)N(C[C@H]1C)C(=O)CN(C)C)NC(=O)c1ccc(cc1)F,0,0.076760,0.021467,0.007114
COc1ccc(cc1)NC(=O)N(C)C[C@H]1OCCCC[C@@H](C)Oc2ccc(cc2C(=O)N(C[C@H]1C)[C@H](C)CO)NC(=O)CCC(F)(F)F,0,0.108506,0.018943,0.005015
C[C@@H]1CCCCO[C@H](CN(C)C(=O)Nc2ccc(cc2)F)[C@H](C)CN([C@@H](C)CO)C(=O)c2cc(ccc2O1)NC(=O)NC1CCCCC1,0,0.086358,0.016340,0.003693
C[C@@H]1CCCCO[C@H](CN(C)C(=O)NC2CCCCC2)[C@@H](C)CN([C@H](C)CO)C(=O)c2cc(ccc2O1)NC(=O)C1CCCCC1,0,0.013837,0.017401,0.003091
C[C@@H]1CCCCO[C@H](CN(C)Cc2ccc3c(c2)OCO3)[C@H](C)CN([C@@H](C)CO)C(=O)c2cc(ccc2O1)NC(=O)C1CCCCC1,0,0.013913,0.017195,0.003366
C[C@@H]1CN([C@@H](C)CO)C(=O)c2cccc(c2O[C@@H]1CN(C)Cc1ccc(cc1)C(=O)Nc1ccccc1N)NS(=O)(=O)c1ccc(cc1)Cl,0,0.014085,0.018618,0.002162
C[C@@H]1CN([C@H](C)CO)C(=O)Cc2cc(ccc2O[C@H]1CN(C)S(=O)(=O)c1ccccc1)NC(=O)C1CC1,0,0.002328,0.017854,0.003639
Cc1ccccc1S(=O)(=O)N1C[C@H](O)COC[C@H]2O[C@H](CC[C@@H]21)CC(=O)NCc1ccccc1Cl,0,0.333015,0.049554,0.029601
C[C@@H]1CCCCO[C@@H](CN(C)S(=O)(=O)c2cccs2)[C@@H](C)CN([C@H](C)CO)C(=O)c2cc(ccc2O1)NC(=O)CCCCCC(=O)Nc1ccccc1N,0,0.000802,0.018171,0.001923
Cc1ccnc2c1NC(=O)c1cccnc1N2C1CC1,0,0.061302,0.275487,0.101485
CC(=O)OC1CCC2(C)C(CCC3C2CCC2(C)C3CC3OC4(CCC(C)CO4)C(C)C32)C1,0,0.334514,0.215512,0.047607
CC(C)C#Cc1cnc2c(c1)C(=O)N(C[C@H](C)[C@@H](CN(C)C(=O)c1ccc3c(c1)OCO3)O2)[C@@H](C)CO,0,0.010232,0.017431,0.002831
COc1ccc(cc1)CN(C)C[C@@H]1OCCCC[C@@H](C)Oc2ccc(cc2C(=O)N(C[C@H]1C)[C@@H](C)CO)NC(=O)NC(C)C,0,0.034396,0.017149,0.003248
CCc1ccc(cc1)NC(=O)Cc1coc2ccc(cc12)C(C)C,0,0.449276,0.712932,0.484951
NC1C(OC2C(C(=O)[O-])OC(COC3C(CO)OC(O)C(O)C3O)C(OS(=O)(=O)[O-])C2O)OC(COS(=O)(=O)[O-])C(O)C1O,0,0.258097,0.687387,0.367421
C[C@@H]1CN([C@@H](C)CO)S(=O)(=O)c2ccc(cc2O[C@@H]1CN(C)C(=O)c1ccccc1F)C#CCN(C)C,0,0.084286,0.029084,0.007686
C[C@@H]1CN([C@H](C)CO)C(=O)Cc2cc(ccc2O[C@@H]1CN(C)S(=O)(=O)c1cn(cn1)C)NC(=O)NC1CCCCC1,0,0.011207,0.017570,0.003332
COc1ccc(cc1)CN(C)C[C@H]1OCCCC[C@@H](C)Oc2ccc(cc2C(=O)N(C[C@@H]1C)[C@H](C)CO)NS(=O)(=O)c1ccc(cc1)Cl,0,0.008403,0.017660,0.002801
C[C@@H]1CCCCO[C@@H](CN(C)S(=O)(=O)c2ccc(cc2)Cl)[C@@H](C)CN([C@H](C)CO)C(=O)c2cc(ccc2O1)NC(=O)Nc1ccccc1,0,0.013857,0.017562,0.001882
COc1ccc(cc1)S(=O)(=O)Nc1cccc2c1O[C@@H](CN(C)S(=O)(=O)c1cn(cn1)C)[C@H](C)CN([C@@H](C)CO)C2=O,0,0.009055,0.018593,0.003513
C[C@H]1CN([C@H](C)CO)C(=O)c2cccc(c2O[C@@H]1CN(C)S(=O)(=O)c1cccs1)NC(=O)Nc1cccc2ccccc12,0,0.009839,0.017387,0.002627
C[C@H]1CN([C@@H](C)CO)C(=O)c2cccc(c2O[C@H]1CN(C)S(=O)(=O)c1cn(cn1)C)NC(=O)c1ccc(cc1)-c1nccs1,0,0.010115,0.017540,0.001975
COc1ccc(cc1)S(=O)(=O)Nc1ccc2c(c1)C(=O)N(C[C@@H](C)[C@H](CN(C)Cc1ccc3c(c1)OCO3)OCCCC[C@H](C)O2)[C@@H](C)CO,0,0.001772,0.018042,0.002197
Cc1ccnc(c1)N,0,0.036491,0.033630,0.016002
COc1ccccc1CNC(=O)C[C@@H]1C[C@@H]2[C@@H](Oc3ccc(cc32)NC(=O)Nc2ccc(cc2)C(F)(F)F)[C@H](CO)O1,0,0.723059,0.083010,0.073298
C[C@H]1CCCCO[C@H](CN(C)S(=O)(=O)c2cn(cn2)C)[C@H](C)CN([C@@H](C)CO)C(=O)c2cc(ccc2O1)NC(=O)Nc1cccc2ccccc12,0,0.005713,0.018999,0.002178
CCN(CC)c1ccc(cc1)N1CC=C[C@@]23O[C@@H]4C=CCOC(=O)[C@@H]4[C@H]2C(=O)N(CCCCCO)[C@@H]3C1=O,0,0.343486,0.130965,0.075093
C[C@H]1CN([C@@H](C)CO)C(=O)Cc2cc(ccc2O[C@@H]1CN(C)Cc1ccc(c(c1)Cl)Cl)NS(=O)(=O)c1cccs1,0,0.013318,0.017766,0.003294
CCOC(=O)[C@H]1CNC(=S)N[C@@]1(C)O,0,0.000000,0.129681,0.027285
NC(C(=O)NC1C(=O)N2C(C(=O)O)=C(Cl)CSC12)c1ccccc1,1,0.999793,0.960540,0.979150
CCCNC(=O)N1C[C@@H](O)COC[C@H]2O[C@@H](CC[C@@H]21)CC(=O)N1CCN(C)CC1,0,0.556838,0.055176,0.017601
COc1ccc(cc1)NC(=O)Nc1ccc2c(c1)CC(=O)N(C[C@@H](C)[C@H](CN(C)S(=O)(=O)c1cn(cn1)C)O2)[C@@H](C)CO,0,0.006875,0.017291,0.002269
C[C@@H]1CCCCO[C@H](CN(C)Cc2ccc(cc2)C(F)(F)F)[C@H](C)CN([C@@H](C)CO)C(=O)c2cc(ccc2O1)NC(=O)NC1CCCCC1,0,0.287664,0.032057,0.013052
CC(C)CC#Cc1ccc2c(c1)O[C@@H](CN(C)C(=O)Cc1cccnc1)[C@H](C)CN([C@@H](C)CO)S2(=O)=O,0,0.040958,0.021175,0.003153
C[C@@H]1CCCCO[C@@H](CN(C)C(=O)NC2CCCCC2)[C@@H](C)CN([C@H](C)CO)C(=O)c2cc(ccc2O1)NS(=O)(=O)c1ccc(cc1)C,0,0.006549,0.017766,0.002446
COC1C(C(=O)O)OC(C)C(O)C1O.COC1OC(C(=O)O)C(O)C(O)C1O,0,0.039889,0.322460,0.103056
COc1ccc(cc1)S(=O)(=O)Nc1ccc2c(c1)C(=O)N(C[C@@H](C)[C@@H](CN(C)S(=O)(=O)c1cn(cn1)C)OCCCC[C@H](C)O2)[C@@H](C)CO,0,0.001962,0.018013,0.002599
C[C@H]1CN([C@H](C)CO)C(=O)c2cccc(c2O[C@H]1CN(C)S(=O)(=O)C)NC(=O)Nc1ccc2c(c1)OCO2,0,0.018263,0.017475,0.003110
CN(C)c1nc(c2cnn(c2n1)C)NCCO,0,0.089565,0.042045,0.006506
C[C@H]1CN([C@@H](C)CO)C(=O)c2cc(ccc2O[C@@H]1CN(C)Cc1ccc(cc1)-c1ccccc1)NS(=O)(=O)c1ccc(cc1)Cl,0,0.025558,0.019726,0.004602
OC(=O)c1cccc(c1O)O,0,0.136928,0.043810,0.026560
CC(O)(P(=O)([O-])O)P(=O)([O-])O.[Na+].[Na+],0,0.056467,0.161068,0.107226
C[C@@H]1CCCCO[C@@H](CN(C)C(=O)CCC(F)(F)F)[C@@H](C)CN([C@@H](C)CO)C(=O)c2cc(ccc2O1)NS(=O)(=O)c1cccs1,0,0.011592,0.021759,0.005139
C[C@H]1CN([C@H](C)CO)C(=O)c2cc(ccc2O[C@@H]1CN(C)Cc1ccc(cc1)C(=O)Nc1ccccc1N)NC(=O)Cc1cn(c2ccccc12)C,0,0.003906,0.017936,0.002760
CC(C)(C)OC(=O)C[C@@H](CC=C)C(=O)OC[C@@H](NC(=O)[C@H](CC=C)CC(=O)NCCO)c1ccccc1,0,0.002702,0.041217,0.006674
COCCN1CC[C@@H](CO)C1,0,0.003959,0.027722,0.007888
C[C@H]1CN([C@@H](C)CO)C(=O)c2cccc(c2O[C@H]1CN(C)Cc1ccc(c(c1)Cl)Cl)NS(=O)(=O)c1ccc(cc1)Cl,0,0.137755,0.026012,0.005289
OC[C@@H]1O[C@H](CC(=O)NCCc2ccncc2)C=C[C@H]1NC(=O)CN1CCOCC1,0,0.007486,0.019636,0.010437
COc1ccsc1CN,0,0.259268,0.033062,0.014098
C[C@H]1CN([C@H](C)CO)C(=O)Cc2cc(ccc2O[C@@H]1CN(C)S(=O)(=O)c1ccc(cc1)F)NS(=O)(=O)C,0,0.023150,0.021104,0.004517
COc1ccc(cc1)NC(=O)N1C[C@H](O)COC[C@@H]2O[C@H](CC[C@H]21)CC(=O)NC1Cc2ccccc2C1,0,0.492280,0.176277,0.046703
COc1cccc(c1)NC(=O)N(C)C[C@@H]1Oc2ncc(cc2C(=O)N(C[C@@H]1C)[C@@H](C)CO)C#Cc1cccnc1,0,0.024171,0.018301,0.002622
CC(C)(C)OC(=O)N1CC(O)C1,0,0.240971,0.018811,0.004835
COc1cccc(c1)-c1ccc2c(c1)O[C@@H](CN(C)C(=O)C1CCC1)[C@@H](C)CN([C@@H](C)CO)S2(=O)=O,0,0.029314,0.033721,0.008260
C[C@@H]1CN([C@H](C)CO)C(=O)Cc2cc(ccc2O[C@@H]1CN(C)S(=O)(=O)C)NC(=O)Cc1ccccc1,0,0.002327,0.021747,0.005498
CCCN(C)C[C@H]1Oc2cc(ccc2S(=O)(=O)N(C[C@H]1C)[C@H](C)CO)C#Cc1cccc(c1)OC,0,0.133433,0.026233,0.005545
COc1ccc(cc1)S(=O)(=O)Nc1ccc2c(c1)C(=O)N(C[C@@H](C)[C@H](CN(C)Cc1ccc(cc1)Oc1ccccc1)O2)[C@H](C)CO,0,0.001418,0.018729,0.003501
Nc1ccc2c(c1)CNCC2,0,0.082413,0.043972,0.011029
C[C@@H]1CCCCO[C@@H](CN(C)S(=O)(=O)c2ccc(cc2)Cl)[C@H](C)CN([C@H](C)CO)C(=O)c2cc(ccc2O1)NS(=O)(=O)c1ccc(cc1)F,0,0.009628,0.016978,0.002585
COc1cccc(c1)S(=O)(=O)Nc1ccc2c(c1)[C@H]1C[C@@H](CC(=O)NC3CCCCC3)O[C@H](CO)[C@H]1O2,0,0.010556,0.018282,0.006322
COc1ccc(c(c1)OC)NC(=O)N(C)C[C@H]1OCc2ccccc2-c2c(n(c3ccccc23)C)C(=O)N(C[C@@H]1C)[C@@H](C)CO,0,0.024993,0.019695,0.002443
CO[C@@]12[C@H]3N[C@H]3CN2C2=C([C@H]1COC(=O)N)C(=O)C(=C(C)C2=O)N,0,0.889145,0.921176,0.972013
COc1ccc(cc1)CCN1C(=O)[C@]2(Cc3ccccc31)[C@@H](N(Cc1ccccc1)C(=O)c1ccccc12)c1ccc(cc1)COC(=O)NCCCCCC(=O)NO,0,0.000005,0.086570,0.047755
CCS(=O)(=O)N1C[C@]2(CCN(CC2)Cc2cccc(c2)OC)c2c([nH]c3cc(ccc23)OC)[C@@H]1CO,0,0.231490,0.043182,0.014680
C[C@@H]1CCCCO[C@@H](CN(C)S(=O)(=O)C)[C@H](C)CN([C@@H](C)CO)C(=O)c2cc(ccc2O1)NS(=O)(=O)c1c(noc1C)C,0,0.007591,0.017289,0.002931
COCCOC(=O)N1C(=O)[C@@]2([C@H]([C@H]3N([C@@H]([C@@H](OC3=O)c3ccccc3)c3ccccc3)[C@H]2c2ccccc2OCCO)C(=O)N2CCCCCCC2)c2cc(ccc21)C#CCNC(=O)N,0,0.183574,0.021210,0.010357
C[C@H]1CCCCO[C@H](CN(C)Cc2ccccc2)[C@H](C)CN([C@H](C)CO)C(=O)c2cc(ccc2O1)NC(=O)Nc1ccc(cc1)F,0,0.059638,0.016772,0.004203
C[C@H]1CN([C@H](C)CO)C(=O)Cc2cc(ccc2O[C@H]1CN(C)Cc1ccncc1)NS(=O)(=O)c1ccc(cc1)F,0,0.005632,0.017465,0.002085
C[C@@H]1CN([C@@H](C)CO)C(=O)c2cccc(c2O[C@@H]1CN(C)S(=O)(=O)c1cccs1)NS(=O)(=O)c1c(noc1C)C,0,0.005070,0.018295,0.004037
CO[C@H]1CN(C)C(=O)c2cc(ccc2OC[C@H](C)N(CCC(F)(F)F)C[C@H]1C)NC(=O)Nc1ccccc1F,0,0.775032,0.175531,0.146426
OC[C@@H]1O[C@@H](CC[C@H]1NC(=O)CN1CCOCC1)CC(=O)NCCc1ccccc1,0,0.005862,0.027426,0.009197
Cc1ccc(cc1)S(=O)(=O)N[C@H]1CC[C@@H](CCNC(=O)CN2CCOCC2)O[C@H]1CO,0,0.005973,0.018551,0.006320
C[C@@H]1CN([C@H](C)CO)C(=O)c2cc(ccc2O[C@H]1CN(C)Cc1ccncc1)NS(=O)(=O)c1c(noc1C)C,0,0.007158,0.017401,0.002392
CO[C@@H]1CN(C)C(=O)c2ccc(cc2OC[C@@H](C)N(C[C@H]1C)Cc1ccccn1)NS(=O)(=O)CC(F)(F)F,0,0.032941,0.023859,0.004630
C[C@H](O)C#Cc1ccc2c(c1)O[C@H](CN(C)C(=O)c1ccccc1)[C@@H](C)CN([C@H](C)CO)S2(=O)=O,0,0.015106,0.019756,0.004486
C[C@H]1CN([C@H](C)CO)C(=O)c2cccc(c2O[C@H]1CN(C)S(=O)(=O)c1ccc(cc1)C)NC(=O)C1CCOCC1,0,0.012422,0.017521,0.002362
COCC(=O)Nc1ccc2c(c1)C(=O)N(C)C[C@@H](OC)[C@H](C)CN([C@@H](C)CO2)C(=O)c1ccccc1F,0,0.053548,0.020574,0.007256
COc1ccc(cc1)NC(=O)N(C)C[C@H]1Oc2ncc(cc2C(=O)N(C[C@@H]1C)[C@@H](C)CO)C#C[C@H](C)O,0,0.035074,0.017450,0.005130
COc1ccc(cc1)NC(=O)N(C)C[C@@H]1Oc2c(cccc2C(=O)N(C[C@H]1C)[C@@H](C)CO)NC(=O)c1ccc(cc1)-c1nccs1,0,0.018627,0.017215,0.002818
OCCN(Cc1ccccc1)C(=O)C[C@H](CC=C)C(=O)N1CCC[C@@H]1COC(=O)[C@H](CCC=C)Cc1ccc(cc1)F,0,0.004725,0.052505,0.021924
C[C@@H]1CN([C@@H](C)CO)C(=O)c2cc(ccc2O[C@H]1CN(C)C(=O)Nc1cccc2ccccc12)NC(=O)Nc1cccc2ccccc12,0,0.011738,0.018796,0.004609
COc1ccccc1CNC(=O)C[C@H]1C[C@@H]2[C@@H](Oc3ccc(cc32)NC(=O)C2CCOCC2)[C@@H](CO)O1,0,0.122741,0.030875,0.008000
COc1ccc(cc1)CN(C)C[C@H]1OCCCC[C@@H](C)Oc2ccc(cc2C(=O)N(C[C@H]1C)[C@H](C)CO)NC(=O)Nc1ccc(cc1)F,0,0.081735,0.016654,0.002909
C[C@@H]1CN([C@@H](C)CO)C(=O)Cc2cc(ccc2O[C@@H]1CN(C)S(=O)(=O)c1cccs1)NC(=O)CCCN(C)C,0,0.001505,0.018032,0.003279
CCN(CC)CCc1nc(-c2ccccc2)no1.O=C(O)CC(O)(CC(=O)O)C(=O)O,0,0.022002,0.098185,0.039125
COc1ccc(cc1)NC(=O)Nc1ccc2c(c1)C(=O)N(C[C@@H](C)[C@H](CN(C)S(=O)(=O)c1ccc(cc1)Cl)OCCCC[C@@H](C)O2)[C@@H](C)CO,0,0.013173,0.017526,0.001747
OC[C@H]1O[C@H](CC[C@@H]1NC(=O)CN1CCOCC1)CCn1cc(nn1)C1CC1,0,0.471849,0.039240,0.013540
C[C@H]1CN([C@@H](C)CO)C(=O)c2cccc(c2O[C@@H]1CN(C)C(=O)Nc1cccc2ccccc12)NS(=O)(=O)c1ccc(cc1)Cl,0,0.029533,0.020903,0.004107
C[C@H]1CN([C@H](C)CO)C(=O)Cc2cc(ccc2O[C@@H]1CN(C)Cc1ccc(cc1)C(=O)Nc1ccccc1N)NS(=O)(=O)c1cn(cn1)C,0,0.004330,0.018235,0.002080
C[C@@H]1CCCCO[C@H](CN(C)CC2CCCCC2)[C@@H](C)CN([C@H](C)CO)C(=O)c2cc(ccc2O1)NC(=O)Nc1c(noc1C)C,0,0.107980,0.017042,0.004644
CNC[C@@H]1OCCCC[C@H](C)Oc2ccc(cc2C(=O)N(C[C@@H]1C)[C@H](C)CO)NS(=O)(=O)c1c(noc1C)C,0,0.015851,0.028387,0.004835
C[C@H]1O[C@@H](C[C@@H]1O)C[N+](C)(C)C,0,0.042567,0.051877,0.012631
Cc1ccc(cc1)S(=O)(=O)N[C@@H](Cc1ccccc1)C(=O)NCCCn1cc(nn1)-c1cccc(c1)/C=C/C(=O)NO,0,0.433841,0.264706,0.029842
C[C@@H](NC(=O)C[C@H]1O[C@@H](CO)[C@H](NC(=O)CN2CCOCC2)C=C1)c1ccccc1,0,0.013907,0.023126,0.010858
COc1ccccc1NC(=O)N(C)C[C@@H]1Oc2cc(ccc2S(=O)(=O)N(C[C@H]1C)[C@@H](C)CO)Br,0,0.370715,0.030365,0.006125
COc1ccc(cc1)S(=O)(=O)Nc1ccc2c(c1)C(=O)N(C[C@@H](C)[C@H](CN(C)S(=O)(=O)c1ccc(cc1)F)O2)[C@@H](C)CO,0,0.011196,0.018240,0.003775
OC(=O)[C@H]1CCCN1C(=O)c1cccnc1,0,0.023436,0.023061,0.014881
C[C@H]1CN([C@H](C)CO)C(=O)Cc2cc(ccc2O[C@H]1CN(C)C(=O)NC1CCCCC1)NC(=O)c1ccncc1,0,0.004859,0.016611,0.001969
C[C@@H]1CCCCO[C@@H](CN(C)C(=O)Nc2c(noc2C)C)[C@H](C)CN([C@H](C)CO)C(=O)c2cc(ccc2O1)NC(=O)C1CCCCC1,0,0.028001,0.017218,0.003120
C[C@@H]1CN([C@H](C)CO)S(=O)(=O)c2ccc(cc2O[C@H]1CN(C)C(=O)Nc1ccccc1)Br,0,0.218434,0.025643,0.006304
CC(C)NC(=O)N(C)C[C@@H]1Oc2ccc(cc2C(=O)N(C[C@H]1C)[C@H](C)CO)NS(=O)(=O)c1ccc(cc1)F,0,0.047467,0.023851,0.004586
CO[C@H]1O[C@H](CO)[C@@H](OC(=O)Nc2ccc3c(c2)OCO3)[C@H](OC(=O)Nc2ccc3c(c2)OCO3)[C@@H]1OC(=O)Nc1ccc2c(c1)OCO2,0,0.085632,0.099619,0.037387
COc1ccc(cc1)NC(=O)Nc1cccc2c1O[C@H](CN(C)Cc1ccc(cc1)C(=O)Nc1ccccc1N)[C@H](C)CN([C@@H](C)CO)C2=O,0,0.030204,0.017862,0.002743
CCS(=O)(=O)Nc1ccc2c(c1)C(=O)N(C)[C@@H]1CC[C@@H](CC(=O)NCCOC)O[C@@H]1CO2,0,0.006049,0.017676,0.003550
CN1[C@@H]2CC[C@H](CC(=O)NCc3ccccc3F)O[C@@H]2COc2ccc(cc2C1=O)NC(=O)C1CCOCC1,0,0.013692,0.020528,0.009205
COc1ccccc1-c1ccc2c(c1)O[C@@H](CN(C)C(=O)c1cccnc1)[C@@H](C)CN([C@@H](C)CO)S2(=O)=O,0,0.021642,0.017320,0.001934
C1CN2CN3CCN(CN1C3)C2,0,0.005783,0.065604,0.010959
C[C@H]1CN([C@H](C)CO)C(=O)c2cccc(c2O[C@H]1CN(C)Cc1ccc(cc1)-c1ccccc1)NS(=O)(=O)c1cccs1,0,0.025754,0.017467,0.004344
COc1ccc(cc1)CN(C)C[C@@H]1OCCCC[C@H](C)Oc2ccc(cc2C(=O)N(C[C@H]1C)[C@H](C)CO)NS(=O)(=O)c1ccc(cc1)C,0,0.005373,0.017987,0.002309
CNC[C@H]1Oc2ccc(cc2C(=O)N(C[C@H]1C)[C@@H](C)CO)NC(=O)Cn1cnnn1,0,0.011660,0.019032,0.006843
COc1ccc(-c2cc(=O)c3c(O)cc(OC4OC(COC5OC(C)C(O)C(O)C5O)C(O)C(O)C4O)cc3o2)cc1O,0,0.172811,0.313568,0.048823
OC[C@H]1O[C@@H](Oc2cc(cc3c2C(=O)[C@](O)(Cc2ccc(cc2)O)O3)O)[C@H](O)[C@@H](O)[C@@H]1O,0,0.149448,0.231666,0.039492
C[C@@H]1CN([C@H](C)CO)C(=O)c2cccc(c2O[C@@H]1CN(C)S(=O)(=O)c1cn(cn1)C)NC(=O)c1cnccn1,0,0.034894,0.019110,0.002847
C[C@@H]1CN([C@H](C)CO)C(=O)c2cc(ccc2O[C@@H]1CN(C)S(=O)(=O)C)NC(=O)Cc1ccccc1,0,0.007151,0.018081,0.003958
C[C@H]1CN([C@@H](C)CO)C(=O)c2cc(ccc2O[C@@H]1CN(C)C(=O)Nc1ccc(cc1)F)NS(=O)(=O)c1cn(cn1)C,0,0.110646,0.018142,0.003230
OC(=O)CSc1ncnc2nc[nH]c12,0,0.664855,0.130608,0.051340
C[C@H]1CN([C@@H](C)CO)S(=O)(=O)c2ccc(cc2O[C@H]1CN(C)Cc1ccccn1)C#CCN(C)C,0,0.025514,0.021261,0.003503
Nc1nonc1/C(=N/O)N1CCCCC1,0,0.184091,0.036445,0.016763
C[C@@H]1CN([C@H](C)CO)C(=O)c2cc(ccc2O[C@@H]1CN(C)CC1CCCCC1)NC(=O)CCN1CCOCC1,0,0.013061,0.017636,0.003730
C[C@@H]1CN([C@@H](C)CO)C(=O)Cc2cc(ccc2O[C@@H]1CN(C)C(=O)Nc1c(noc1C)C)NS(=O)(=O)c1ccccc1,0,0.003476,0.017475,0.003002
O[C@H]1COC[C@H]2O[C@H](CC[C@@H]2N(C1)C(=O)Nc1ccc(c(c1)Cl)Cl)CC(=O)NCc1ccncc1,0,0.880856,0.947003,0.976739
C[C@H]1CN([C@@H](C)CO)S(=O)(=O)c2ccc(cc2O[C@H]1CN(C)Cc1cccc(c1)F)C#CC1CC1,0,0.116876,0.021172,0.004086
C=CC[N+]1(C2CC3C4CCC5CC(O)C(N6CCOCC6)CC5(C)C4CCC3(C)C2OC(C)=O)CCCC1.[Br-],0,0.392915,0.177252,0.045190
CCCC1CCC(CC1)c1ccc(cc1)OC(=O)c1cccnc1,0,0.723090,0.523971,0.425216
C[C@H]1CN([C@@H](C)CO)S(=O)(=O)c2ccc(cc2O[C@@H]1CN(C)S(=O)(=O)C)C#Cc1ccccc1,0,0.024796,0.025972,0.007437
COC(=O)[C@H](Cc1ccccc1)N1CC(=C)[C@@H](/C=C/C=C)[C@@H]1[C@@H](O)CCn1cc(nn1)-c1ccc(s1)C(=O)NO,0,0.554264,0.109573,0.045889
C[C@@H]1CN([C@@H](C)CO)C(=O)Cc2cc(ccc2O[C@@H]1CN(C)Cc1ccc(cc1)Oc1ccccc1)NC(=O)CCCCCC(=O)Nc1ccccc1N,0,0.002307,0.019462,0.003859
CCCN(C)C[C@@H]1Oc2cc(ccc2S(=O)(=O)N(C[C@@H]1C)[C@H](C)CO)C#Cc1ccc(cc1)OC,0,0.133134,0.028151,0.005396
C[C@@H]1CN([C@H](C)CO)C(=O)Cc2cc(ccc2O[C@H]1CN(C)C(=O)Nc1cccc2ccccc12)NS(=O)(=O)c1ccc(cc1)F,0,0.007644,0.018876,0.002621
C[C@H]1CN([C@@H](C)CO)C(=O)c2cccc(c2O[C@@H]1CN(C)S(=O)(=O)c1c(noc1C)C)NS(=O)(=O)c1cn(cn1)C,0,0.027712,0.017561,0.003660
O[C@H]1COC[C@@H]2O[C@@H](CC[C@H]2N(C1)S(=O)(=O)c1ccccc1)CC(=O)N1CCc2ccccc2C1,0,0.027201,0.045327,0.010892
COc1ccc(-c2coc3cc(OC)cc(OC)c3c2=O)cc1,0,0.340741,0.173261,0.092496
C[C@@H]1CCCCO[C@H](CN(C)Cc2ccc(c(c2)Cl)Cl)[C@H](C)CN([C@H](C)CO)C(=O)c2cc(ccc2O1)NC(=O)CCC(F)(F)F,0,0.447643,0.018892,0.004313
C[C@H]1CN([C@@H](C)CO)C(=O)c2cc(ccc2O[C@@H]1CN(C)C(=O)NC1CCCCC1)NS(=O)(=O)C,0,0.027045,0.018429,0.004826
OC[C@@H]1N[C@H](C#N)[C@@H]1c1ccccc1,0,0.000279,0.081391,0.024334
Cn1cnc(c1)S(=O)(=O)N[C@H]1CC[C@@H](CC(=O)Nc2ccccc2)O[C@@H]1CO,0,0.035716,0.017377,0.004868
NCc1cccc(c1)Cn1cccn1,0,0.219666,0.130935,0.043392
COc1ccc(cc1)[Si](C)(C)[C@@H]1[C@@H](C)[C@@]2(O[C@H]1CCO)C(=O)N(Cc1ccccc1)c1ccc(cc12)N1C(=O)COc2ccccc21,0,0.001238,0.033291,0.013157
Cc1cc(nn1C)-c1nnc(o1)N,0,0.238864,0.026835,0.006168
C[C@H]1CN([C@@H](C)CO)C(=O)c2cccc(c2O[C@H]1CN(C)Cc1ccc(cc1)-c1ccccc1)NC(=O)Nc1ccc(cc1)F,0,0.288479,0.020611,0.008034
COc1cccc(c1)S(=O)(=O)N(C)C[C@H]1Oc2ncc(cc2C(=O)N(C[C@H]1C)[C@@H](C)CO)C#CCN(C)C,0,0.013534,0.018734,0.003494
CCN(CC)CCNC(C(=O)OCCC(C)C)c1ccccc1.Cl.Cl,0,0.046408,0.277674,0.112063
CC(=O)NS(=O)(=O)c1ccc(cc1)N,0,0.028215,0.033422,0.005801
C[C@@H]1CN([C@H](C)CO)C(=O)Cc2cc(ccc2O[C@H]1CN(C)S(=O)(=O)c1c(noc1C)C)NS(=O)(=O)c1cn(cn1)C,0,0.006124,0.017325,0.002563
C[C@H]1CN([C@H](C)CO)C(=O)c2cccc(c2O[C@H]1CN(C)S(=O)(=O)c1cn(cn1)C)NS(=O)(=O)c1c(noc1C)C,0,0.010689,0.019248,0.003862
C[C@@H]1CN([C@H](C)CO)C(=O)c2cc(ccc2O[C@@H]1CN(C)Cc1ccncc1)NC(=O)CCN1CCOCC1,0,0.002684,0.016842,0.002453
c1ccc(cc1)[C@@H](c1ccc(cc1)-c1ccccc1)n1ccnc1,0,0.800972,0.510744,0.294515
CC(C)NC(=O)N(C)C[C@@H]1Oc2c(cccc2C(=O)N(C[C@@H]1C)[C@H](C)CO)NS(=O)(=O)c1cccs1,0,0.027244,0.017397,0.003895
COc1ccc(cc1)S(=O)(=O)Nc1cccc2c1O[C@@H](CN(C)S(=O)(=O)c1cn(cn1)C)[C@H](C)CN([C@H](C)CO)C2=O,0,0.009055,0.018593,0.003513
C[C@H]1CCCCO[C@H](CN(C)S(=O)(=O)c2ccccc2)[C@@H](C)CN([C@@H](C)CO)C(=O)c2cc(ccc2O1)NC(=O)Nc1ccc(cc1)C(F)(F)F,0,0.087717,0.026840,0.004828
CC1(C)C(=O)C=CC2(C)C1=C(O)C(=O)C1(C)C2CCC2(C)C(c3ccoc3)CC3OC321,0,0.157552,0.338664,0.123470
CC[C@H]1OC(=O)C[C@@H](O)[C@H](C)[C@@H](O[C@@H]2O[C@H](C)[C@@H](O[C@H]3C[C@@](C)(O)[C@@H](O)[C@H](C)O3)[C@@H]([C@H]2O)N(C)C)[C@@H](CC=O)C[C@@H](C)C(=O)/C=C/C(=C/[C@@H]1CO[C@@H]1O[C@H](C)[C@@H](O)[C@@H](OC)[C@H]1OC)C,1,0.997986,0.951444,0.987814
CC(C)[C@H]1CNC(=O)C1,0,0.020475,0.019317,0.006320
CC/N=C/1\S[C@@H](CC(=O)N1CC)C(=O)N,0,0.006839,0.019832,0.009114
CC(C)NC(=O)Nc1ccc2c(c1)C(=O)N(C[C@H](C)[C@@H](CN(C)C(=O)Nc1ccc(cc1)F)OCCCC[C@@H](C)O2)[C@@H](C)CO,0,0.081398,0.024484,0.004104
C[C@H]1CCCCO[C@H](CN(C)Cc2ccc(cc2)C(F)(F)F)[C@H](C)CN([C@@H](C)CO)C(=O)c2cc(ccc2O1)NC(=O)CCCN(C)C,0,0.165255,0.014124,0.004402
CN1C=C(C(=O)N(C)C1=O)S(=O)(=O)N1CCCN(CC1)C(=O)C,0,0.017558,0.179176,0.012518
CCCCCCCCCCCCN1CCCCCC1=O,0,0.425738,0.224422,0.087021
COc1cccc(c1)NC(=O)N[C@@H]1CC[C@H](CC(=O)N2CCOCC2)O[C@H]1CO,0,0.006794,0.025669,0.008141
COc1ccccc1OCC(O)CO,0,0.075143,0.033483,0.022681
C[C@H]1CN([C@@H](C)CO)C(=O)c2cccc(c2O[C@@H]1CN(C)S(=O)(=O)c1ccc(cc1)F)NS(=O)(=O)C,0,0.083139,0.018447,0.005253
C[C@H]1CN([C@@H](C)CO)S(=O)(=O)c2ccc(cc2O[C@H]1CN(C)C(=O)Cc1ccccc1)Br,0,0.061982,0.027097,0.008388
C[C@@H]1CN([C@H](C)CO)C(=O)c2c(c3ccccc3n2C)-c2ccccc2CO[C@H]1CN(C)C(=O)Nc1ccc2c(c1)OCO2,0,0.003495,0.018378,0.002576
C[C@@H]1CN([C@@H](C)CO)C(=O)Cc2cc(ccc2O[C@@H]1CN(C)S(=O)(=O)c1ccc(cc1)Cl)NC(=O)Nc1ccc(cc1)C(F)(F)F,0,0.298006,0.024489,0.004021
COc1cccc(c1)NC(=O)N1C[C@@H](O)COC[C@H]2O[C@H](CC[C@@H]21)CC(=O)NCc1ccccc1F,0,0.435994,0.280775,0.179761
C[C@@H]1CN([C@@H](C)CO)C(=O)c2c(c3ccccc3n2C)-c2ccccc2CO[C@@H]1CN(C)CC1CCCCC1,0,0.225165,0.023646,0.007055
COc1ccc(cc1)S(=O)(=O)Nc1cccc2c1O[C@H](CN(C)Cc1ccncc1)[C@@H](C)CN([C@@H](C)CO)C2=O,0,0.008892,0.017956,0.002190
C[C@H]1CN([C@H](C)CO)C(=O)c2cccc(c2O[C@H]1CN(C)Cc1ccc(cc1)C(=O)O)NC(=O)c1ccncc1,0,0.037931,0.022957,0.003467
CC1C=CC=CCCC=CC=CC=CC=CC(OC2OC(C)C(O)C(N)C2O)CC2OC(O)(CC(O)C(O)CCC(O)CC(O)CC(O)CC(=O)OC(C)C(C)C1O)CC(O)C2C(=O)O,0,0.024462,0.607183,0.372345
C[C@@H](N)Cc1cnc[nH]1,0,0.052054,0.031317,0.007285
COc1cc(NC(C)CCCN)c2ncccc2c1.O=P(O)(O)O.O=P(O)(O)O,0,0.000012,0.437145,0.221558
C[C@@H]1CCCCO[C@H](CN(C)C(=O)Nc2ccc(cc2)C(F)(F)F)[C@@H](C)CN([C@H](C)CO)C(=O)c2cc(ccc2O1)N(C)C,0,0.491630,0.095767,0.032251
CC(C)NC(=O)N(C)C[C@@H]1Oc2cc(ccc2S(=O)(=O)N(C[C@@H]1C)[C@H](C)CO)-c1ccc(cc1)C,0,0.116842,0.034073,0.007080
CNC[C@H]1OCCCC[C@@H](C)Oc2ccc(cc2C(=O)N(C[C@@H]1C)[C@H](C)CO)NC(=O)c1ccncc1,0,0.008312,0.020406,0.002182
C[C@@H]1CCCCO[C@H](CN(C)C(=O)Nc2ccccc2)[C@@H](C)CN([C@@H](C)CO)C(=O)c2cc(ccc2O1)NC(=O)Cc1ccccc1,0,0.003255,0.016494,0.001914
CC(C)(C)[S@@](=O)N1Cc2cc(nc(c2[C@H]1CCO)-c1cccc(c1)-c1ccc(cc1)C#N)C(=O)NCCc1ccncc1,0,0.000807,0.144214,0.023028
COc1ccc(cc1)CN(C)C[C@@H]1Oc2c(cccc2C(=O)N(C[C@H]1C)[C@H](C)CO)NC(=O)C1CCOCC1,0,0.020295,0.017169,0.003009
CN(C)C(=O)C[C@H]1O[C@H](CO)[C@@H](NC(=O)C2CC2)C=C1,0,0.026127,0.029602,0.012660
C[C@H]1CN([C@@H](C)CO)C(=O)Cc2cc(ccc2O[C@@H]1CN(C)Cc1ccc(cc1)Oc1ccccc1)NS(=O)(=O)c1cccs1,0,0.000644,0.019360,0.002955
C[C@@H]1CCCCO[C@@H](CN(C)C(=O)NC2CCCCC2)[C@@H](C)CN([C@H](C)CO)C(=O)c2cc(ccc2O1)NS(=O)(=O)c1ccc(cc1)Cl,0,0.009651,0.017445,0.002350
CC1(C)[C@H](CC[C@@]2(C)[C@H]1CC[C@]1(C)[C@@H]2C(=O)C=C2[C@@H]3C[C@](C)(CC[C@]3(C)CC[C@]21C)C(=O)O)O[C@H]1O[C@@H]([C@@H](O)[C@H](O)[C@H]1O[C@@H]1O[C@@H]([C@@H](O)[C@H](O)[C@H]1O)C(=O)O)C(=O)O,0,0.971283,0.415061,0.114413
COC(=O)c1c2oc(c1C(=O)OC)C(=O)N[C@H](Cc1ccccc1)Cn1cc(nn1)CNC(=O)[C@@H](Cc1ccccc1)NC(=O)N[C@H](CC2)COC(=O)NCCCCCC(=O)NO,0,0.000008,0.089627,0.014143
C=CC=CCC1=C(C)C(OC(=O)C2C(C=C(C)C)C2(C)C)CC1=O,0,0.680657,0.095700,0.087349
CC(C)c1ccc2occ(c2c1)CC(=O)Nc1ccc(cc1)C,0,0.328009,0.627324,0.392422
C[C@@H]1CCCCO[C@@H](CN(C)Cc2ccc(c(c2)Cl)Cl)[C@H](C)CN([C@@H](C)CO)C(=O)c2cc(ccc2O1)NC(=O)CCC(F)(F)F,0,0.447643,0.018892,0.004313
CC(C)NC(=O)N(C)C[C@@H]1Oc2c(cccc2C(=O)N(C[C@@H]1C)[C@@H](C)CO)NC(=O)c1cc(nn1C)C,0,0.034894,0.017785,0.004680
C[C@@H]1CCCCO[C@H](CN(C)C(=O)c2ccccc2)[C@@H](C)CN([C@@H](C)CO)C(=O)c2cc(ccc2O1)NC(=O)Nc1ccc(cc1)C(F)(F)F,0,0.142560,0.018226,0.004267
CN(C)CCCNC(=O)C[C@@H]1CC[C@@H]2[C@H](COC[C@@H](O)CN2S(=O)(=O)c2ccc(cc2)C)O1,0,0.362859,0.019892,0.010246
CCCN(CCC)c1cc(c2ccccc2c1)N1CCCC1,0,0.861056,0.649975,0.500527
COc1cccc(O)c1O,0,0.371796,0.137942,0.126396
COCC(=O)N1C[C@@H](C)[C@H](CN(C)C(=O)c2cc(ccc2OC[C@@H]1C)NC(=O)Nc1cccc(c1)F)OC,0,0.147737,0.023878,0.010869
NC1=CC(=O)c2ccccc2C1=O,0,0.484246,0.094220,0.071449
C[C@H]1CCCCO[C@H](CN(C)C(=O)Nc2cccc3ccccc23)[C@@H](C)CN([C@H](C)CO)C(=O)c2cc(ccc2O1)NC(=O)NC1CCCCC1,0,0.014396,0.015574,0.003003
CS(=O)(=O)Nc1ccc2c(c1)[C@H]1C[C@@H](CC(=O)NCC3CC3)O[C@H](CO)[C@H]1O2,0,0.029957,0.022463,0.007621
C[C@@H]1CN([C@H](C)CO)C(=O)c2cc(ccc2O[C@H]1CN(C)Cc1ccc(c(c1)Cl)Cl)NC(=O)Nc1ccc(cc1)F,0,0.458758,0.020025,0.013429
COc1ccc(cc1)S(=O)(=O)N[C@@H]1CC[C@H](CC(=O)N2CCN(CC2)c2ccccc2)O[C@H]1CO,0,0.019241,0.029870,0.007666
C[C@@H]1CN([C@H](C)CO)C(=O)c2cc(ccc2O[C@@H]1CN(C)Cc1ccc(cc1)Oc1ccccc1)NC(=O)Nc1ccccc1,0,0.008177,0.018270,0.004815
OC[C@H]1O[C@@H](CC(=O)NCCc2ccccc2)C=C[C@@H]1NC(=O)CN1CCOCC1,0,0.004780,0.050415,0.015789
COc1cc(ccc1Nc1ncc(c(n1)Nc1ccccc1S(=O)(=O)C(C)C)Cl)N1CCC(CC1)N1CCN(C)CC1,0,0.914454,0.271619,0.084639
CC(C)N1C[C@H](C)[C@@H](CN(C)Cc2ccc(cc2)Oc2ccccc2)Oc2c(cccc2C1=O)NC(=O)c1ccncc1,0,0.005151,0.186243,0.017887
CCCCC[C@@H](O)C[C@@H](O)CC(=O)O[C@@H](CCCCC)C[C@@H](O)CC(=O)OC[C@@H](O)[C@@H](O)[C@@H](O)[C@@H](O)CO,0,0.000066,0.099032,0.030404
C[C@H]1CN([C@@H](C)CO)S(=O)(=O)c2ccc(cc2O[C@H]1CN(C)C(=O)c1ccncc1)C#CC1(O)CCCC1,0,0.007121,0.018259,0.002595
COc1ccc(cc1)S(=O)(=O)Nc1ccc2c(c1)CC(=O)N(C[C@@H](C)[C@H](CN(C)Cc1ccc(cc1)-c1ccccc1)O2)[C@H](C)CO,0,0.004649,0.017881,0.003315
C[C@@H]1CN([C@@H](C)CO)S(=O)(=O)c2ccc(cc2O[C@@H]1CN(C)S(=O)(=O)c1cn(cn1)C)C1=CCCCC1,0,0.011739,0.017637,0.003884
COc1ccccc1C#Cc1cnc2c(c1)C(=O)N(C[C@@H](C)[C@@H](CN(C)C(=O)CC1CC1)O2)[C@H](C)CO,0,0.032523,0.020689,0.002995
CCCNC(=O)N1C[C@]2(CN(C2)S(=O)(=O)c2cccc(c2)OC)c2c(n(c3cc(ccc23)OC)C)[C@H]1CO,0,0.033814,0.032218,0.008709
COc1ccc(cc1)NC(=O)N(C)C[C@@H]1OCCCC[C@H](C)Oc2ccc(cc2C(=O)N(C[C@@H]1C)[C@H](C)CO)NC(=O)Nc1c(noc1C)C,0,0.024226,0.017104,0.002219
OC[C@H]1O[C@H](C[C@H]2[C@@H]1Oc1ccc(cc12)NS(=O)(=O)c1ccc(cc1)F)CC(=O)N1CCOCC1,0,0.004990,0.025810,0.008439
C[C@H]1CCCCO[C@@H](CN(C)S(=O)(=O)c2ccc(cc2)F)[C@@H](C)CN([C@H](C)CO)C(=O)c2cc(ccc2O1)NC(=O)Cc1ccccc1,0,0.003133,0.017364,0.002345
C/C=C/c1ccc2c(c1)O[C@H](CN(C)C(=O)c1ccc3c(c1)OCO3)[C@H](C)CN([C@H](C)CO)S2(=O)=O,0,0.005820,0.017674,0.002972
NCc1ccc(cc1)C(=O)N,0,0.209936,0.029347,0.010740
CNC[C@@H]1OCCCC[C@H](C)Oc2ccc(cc2C(=O)N(C[C@@H]1C)[C@H](C)CO)NC(=O)Nc1ccc(cc1)C(F)(F)F,0,0.662874,0.878125,0.858396
C[C@@H]1CN([C@@H](C)CO)C(=O)c2cccc(c2O[C@@H]1CN(C)Cc1ccccc1)NC(=O)CCCCCC(=O)Nc1ccccc1N,0,0.014092,0.019520,0.004253
C[C@@H]1CN([C@@H](C)CO)C(=O)Cc2cc(ccc2O[C@@H]1CN(C)C(=O)Nc1ccc(cc1)C(F)(F)F)NC(=O)NC1CCCCC1,0,0.499478,0.241560,0.096697
C[C@@H]1[C@H]([C@H](CC(=O)N2Cc3ccccc3C[C@H]2CO)O[C@@]11C(=O)N(c2ccccc2)c2ccccc21)[Si](C)(C)F,0,0.000729,0.027210,0.022444
Oc1ccc(cc1)[C@@H]1[C@@H](C[C@H]2N1C(=O)[C@@H]1CCCN1C2=O)C(=O)OCCOc1ccc(cc1)[C@H]1N2[C@@H]([C@@H](C(=O)OCC=C)[C@]11C(=O)Nc3ccc(cc31)I)C(=O)O[C@@H]([C@@H]2c1ccccc1)c1ccccc1,0,0.018076,0.071721,0.005390
C[C@@H]1CN([C@H](C)CO)S(=O)(=O)c2ccc(cc2O[C@@H]1CN(C)S(=O)(=O)c1ccccc1)C#Cc1ccncc1,0,0.010557,0.020895,0.003518
COc1ccc(cc1)S(=O)(=O)Nc1ccc2c(c1)C(=O)N(C[C@H](C)[C@@H](CN(C)C(=O)Nc1c(noc1C)C)OCCCC[C@@H](C)O2)[C@H](C)CO,0,0.005852,0.018098,0.002121
COc1ccc(cc1)NC(=O)N(C)C[C@@H]1Oc2ccc(cc2C(=O)N(C[C@@H]1C)[C@@H](C)CO)NS(=O)(=O)c1cn(cn1)C,0,0.032607,0.016865,0.002352
OCCOc1ccccc1[C@H]1N2[C@@H]([C@@H](C(=O)N3CCCCCCC3)[C@]11C(=O)Nc3ccc(cc31)C#CC1=CCCCC1)C(=O)O[C@@H]([C@@H]2c1ccccc1)c1ccccc1,0,0.118777,0.050813,0.013807
COc1cccc(c1)S(=O)(=O)N1C[C@@H](O)COC[C@H]2O[C@@H](CC[C@@H]21)CC(=O)NCCCN1CCOCC1,0,0.113364,0.027090,0.008873
C[C@H]1CN([C@@H](C)CO)C(=O)c2cccc(c2O[C@@H]1CN(C)Cc1ccc(cc1)Oc1ccccc1)NC(=O)Nc1ccc(cc1)F,0,0.070645,0.026876,0.009043
O[C@@H]1COC[C@H]2O[C@H](CC[C@@H]2N(C1)S(=O)(=O)c1ccc(cc1)Oc1ccccc1)CC(=O)NCCN1CCCCC1,0,0.239547,0.026127,0.007922
C[C@H]1CCCCO[C@H](CN(C)Cc2ccc(c(c2)Cl)Cl)[C@@H](C)CN([C@H](C)CO)C(=O)c2cc(ccc2O1)NS(=O)(=O)c1cccs1,0,0.018858,0.017766,0.002161
OC(=O)[C@@H]1[C@@H]2N([C@H]([C@H](OC2=O)c2ccccc2)c2ccccc2)[C@H](c2ccc(cc2)O)[C@@]11C(=O)Nc2ccc(cc21)C#CC1=CCCCC1,1,0.762797,0.744570,0.928648
COc1cccc(c1)S(=O)(=O)N(C)C[C@@H]1Oc2cc(ccc2S(=O)(=O)N(C[C@@H]1C)[C@H](C)CO)C#CCN(C)C,0,0.018308,0.025874,0.003655
O=C(Nc1ccccc1)Nc1ccccc1,0,0.642616,0.259272,0.110161
C[C@@H]1CN([C@@H](C)CO)C(=O)c2cccc(c2O[C@@H]1CN(C)S(=O)(=O)C)NS(=O)(=O)C,0,0.042415,0.021548,0.003598
C[C@H]1CN([C@H](C)CO)C(=O)c2cccc(c2O[C@H]1CN(C)S(=O)(=O)c1ccc(cc1)F)NS(=O)(=O)c1cn(cn1)C,0,0.038892,0.018839,0.003968
C[C@@H]1CN([C@H](C)CO)C(=O)c2cc(ccc2O[C@H]1CN(C)CC1CCCCC1)NC(=O)Nc1cccc2ccccc12,0,0.093988,0.021352,0.008007
CCOC(=O)N(C)C[C@H]1OCc2cnnn2CCCC(=O)N(C[C@@H]1C)[C@@H](C)CO,0,0.019934,0.019213,0.005122
C[C@H]1CCCCO[C@H](CN(C)Cc2ccc(cc2)C(=O)O)[C@@H](C)CN([C@H](C)CO)C(=O)c2cc(ccc2O1)NS(=O)(=O)c1ccc(cc1)C,0,0.012557,0.023577,0.002238
COc1ccc(cc1)CN(C)C[C@H]1OCCCC[C@H](C)Oc2ccc(cc2C(=O)N(C[C@@H]1C)[C@@H](C)CO)NS(=O)(=O)c1cccs1,0,0.005875,0.018361,0.002539
CN1[C@@H]2CC[C@@H](CC(=O)N3CCOCC3)O[C@H]2COc2ccc(cc2C1=O)NC(=O)c1ccc(c(c1)F)F,0,0.014939,0.149038,0.059103
COC(=O)c1c2oc(c1C(=O)OC)C(=O)N(C)Cc1cn(nn1)C[C@@H](C)NC(=O)N[C@H](CO)CC2,0,0.011826,0.105108,0.042724
C[C@H]1CN([C@H](C)CO)C(=O)Cc2cc(ccc2O[C@H]1CN(C)Cc1ccc(c(c1)Cl)Cl)NC(=O)CCCCCC(=O)Nc1ccccc1N,0,0.043225,0.042843,0.006421
O=c1cc(-c2ccccc2O)oc2ccc(O)cc12,0,0.264693,0.100300,0.110094
CO[C@@H](CN(C)S(=O)(=O)c1ccc(cc1)C)[C@@H](C)CN([C@@H](C)CO)S(=O)(=O)c1cccc(c1)Cl,0,0.222000,0.030811,0.007657
NC1=NC(=O)N(C=C1)[C@@H]1O[C@H](CO)[C@H](O)[C@@H]1O,0,0.252552,0.159911,0.096417
CC(C)NC(=O)N(C)C[C@@H]1Oc2c(cccc2C(=O)N(C[C@@H]1C)[C@H](C)CO)NS(=O)(=O)c1ccc(cc1)Cl,0,0.070486,0.022236,0.005227
NC1=NC(=O)C2(CCNCC2)N1,0,0.006176,0.016439,0.005149
C[C@@H]1CCCCO[C@H](CN(C)S(=O)(=O)c2cccs2)[C@@H](C)CN([C@@H](C)CO)C(=O)c2cc(ccc2O1)NC(=O)CCC(F)(F)F,0,0.009995,0.021818,0.006256
COc1ccc(cc1)NC(=O)N(C)C[C@H]1Oc2ccc(cc2C(=O)N(C[C@@H]1C)[C@@H](C)CO)NS(=O)(=O)C,0,0.060679,0.016865,0.002953
CC(C)NC(=O)Nc1cccc2c1O[C@H](CN(C)Cc1ccc3c(c1)OCO3)[C@H](C)CN([C@H](C)CO)C2=O,0,0.026335,0.016501,0.004775
C[C@@H]1CN([C@@H](C)CO)C(=O)c2cc(ccc2O[C@@H]1CN(C)Cc1ccc(c(c1)Cl)Cl)NS(=O)(=O)c1ccc(cc1)Cl,0,0.069016,0.024752,0.005340
CN1CCN(CC1)C(=O)C[C@@H]1CC[C@@H]2[C@@H](COc3ccc(cc3C(=O)N2C)NC(=O)c2ccc(c(c2)F)F)O1,0,0.078051,0.137471,0.039923
OCCNC(=O)C[C@H]1CC=CC[C@H](NC(=O)OCC2c3ccccc3-c3ccccc32)C(=O)OCCNC1=O,0,0.000523,0.111245,0.051077
C[C@@H]1CN([C@@H](C)CO)C(=O)CCCn2cc(nn2)CO[C@@H]1CN(C)S(=O)(=O)c1ccc2c(c1)OCCCO2,0,0.001551,0.019616,0.003139
CC(C)NC(=O)N(C)C[C@@H]1Oc2ccc(cc2CC(=O)N(C[C@@H]1C)[C@@H](C)CO)NC(=O)C1CCCCC1,0,0.016391,0.024192,0.005396
C[C@H]1CCCCO[C@H](CN(C)CC2CCCCC2)[C@H](C)CN([C@H](C)CO)C(=O)c2cc(ccc2O1)NS(=O)(=O)c1ccccc1,0,0.009225,0.017811,0.003410
C[C@H]1CN([C@H](C)CO)C(=O)c2cc(ccc2O[C@@H]1CN(C)Cc1ccc(cc1)C(=O)O)NS(=O)(=O)c1c(noc1C)C,0,0.013337,0.025954,0.004186
COc1ccccc1NC(=O)N(C)C[C@H]1Oc2cc(ccc2S(=O)(=O)N(C[C@@H]1C)[C@H](C)CO)Br,0,0.370715,0.030365,0.006125
C[C@H]1CN([C@@H](C)CO)C(=O)Cc2cc(ccc2O[C@H]1CN(C)S(=O)(=O)c1ccc(cc1)Oc1ccccc1)NC(=O)Nc1ccc(c(c1)Cl)Cl,0,0.012147,0.020836,0.002710
O[C@@H]1COC[C@H]2O[C@@H](CC[C@@H]2N(C1)S(=O)(=O)c1ccc(cc1)F)CC(=O)NCc1ccc(c(c1)Cl)Cl,0,0.867519,0.076443,0.034759
COc1ccc(cc1)NC(=O)N(C)C[C@H]1OCCCC[C@H](C)Oc2ccc(cc2C(=O)N(C[C@@H]1C)[C@H](C)CO)NS(=O)(=O)c1ccc(cc1)F,0,0.010839,0.017493,0.001881
OC[C@@H]1O[C@@H](C[C@@H]2[C@H]1Oc1ccc(cc12)NC(=O)Nc1ccc(cc1)C(F)(F)F)CC(=O)NC1CCCCC1,0,0.787383,0.352919,0.180428
C[C@H]1CN([C@@H](C)CO)C(=O)c2cccc(c2O[C@H]1CN(C)S(=O)(=O)c1ccc(cc1)F)NS(=O)(=O)c1c(noc1C)C,0,0.025245,0.019746,0.004722
CN(C)C(=O)C[C@H]1CC[C@@H](NC(=O)C2CC2)[C@H](CO)O1,0,0.029135,0.027492,0.010583
COc1ccc2c3c([nH]c2c1)[C@H](CO)N(C[C@]13CCN(CC1)S(=O)(=O)C)C(=O)Nc1ccc(cc1)F,0,0.128173,0.040967,0.015955
C[C@H]1CN([C@@H](C)CO)C(=O)CCCn2cc(nn2)CO[C@@H]1CN(C)C(=O)Nc1ccc2c(c1)OCCO2,0,0.012563,0.028461,0.003566
CN(C)c1ccc2c(c1)C(=O)NNC2=O,0,0.352107,0.055690,0.038764
COc1ccc2c(c1)N(CCN)C(=O)N2C(=O)[C@@H]1C[C@H](C)CC[C@H]1C(C)C,1,0.963482,0.184748,0.065464
C[C@@H]1CCCCO[C@@H](CN(C)C(=O)Nc2ccccc2)[C@@H](C)CN([C@H](C)CO)C(=O)c2cc(ccc2O1)NC(=O)c1ccncc1,0,0.004330,0.016642,0.001668
C[C@@H]1CCCCO[C@H](CN(C)C(=O)Nc2ccc3c(c2)OCO3)[C@@H](C)CN([C@H](C)CO)C(=O)c2cc(ccc2O1)NC(=O)Nc1ccc(cc1)C(F)(F)F,0,0.234569,0.020796,0.007436
CN(C)CCCNC(=O)C[C@@H]1CC[C@H]2[C@@H](COC[C@@H](O)CN2S(=O)(=O)c2ccccc2)O1,0,0.200512,0.021543,0.009329
COc1ccc(cc1)[Si](C)(C)[C@H]1[C@H](C)[C@]2(O[C@@H]1CC(=O)N(CCO)Cc1ccccc1)C(=O)N(Cc1cccc(c1)N1CCOC1=O)c1ccccc12,0,0.160075,0.024613,0.012695
CCN(C(=O)CCC1CCCC1)c1c(nc2ccc(cn12)C(=O)N1CCN(CC1)S(=O)(=O)CC)CC,0,0.023037,0.032060,0.007567
C[C@@H]1CN([C@@H](C)CO)C(=O)Cc2cc(ccc2O[C@H]1CN(C)S(=O)(=O)c1ccccc1)NS(=O)(=O)c1cccs1,0,0.000935,0.017475,0.002733
OCCNC(=O)C[C@@H]1CC=CCC[C@@H](Cc2ccc(cc2)F)C(=O)OC[C@H](Cc2ccccc2)NC1=O,0,0.007581,0.061167,0.018021
C[C@@H]1CN([C@@H](C)CO)C(=O)c2cccc(c2O[C@@H]1CN(C)Cc1ccc(cc1)C(F)(F)F)NS(=O)(=O)c1ccc(cc1)C,0,0.165760,0.021474,0.008885
CN1CCN(CC1)C(=O)C[C@H]1CC[C@H](NC(=O)c2ccc3c(c2)OCO3)[C@H](CO)O1,0,0.031810,0.017155,0.005212
C[C@@H]1CCCCO[C@@H](CN(C)Cc2ccc3c(c2)OCO3)[C@H](C)CN([C@H](C)CO)C(=O)c2cc(ccc2O1)NS(=O)(=O)c1ccc(cc1)F,0,0.007513,0.017898,0.002830
C[C@@H]1CN([C@H](C)CO)C(=O)Cc2cc(ccc2O[C@H]1CN(C)S(=O)(=O)c1cn(cn1)C)NC(=O)Cc1cn(c2ccccc12)C,0,0.001996,0.017743,0.002110
CS(=O)(=O)N1[C@H]2CN3C(=O)C(=CC=C3[C@@H]1[C@@H]([C@H]2CO)C(=O)N1CCOCC1)c1ccc(cc1)F,0,0.044170,0.025485,0.009950
C[C@H]1CN([C@@H](C)CO)C(=O)c2cccc(c2O[C@@H]1CN(C)C(=O)Nc1ccc(cc1)C(F)(F)F)NC(=O)Nc1cccc2ccccc12,0,0.711127,0.157133,0.081002
COCC(=O)Nc1ccc2c(c1)[C@H]1C[C@@H](CC(=O)N3CCOCC3)O[C@H](CO)[C@H]1O2,0,0.021814,0.028112,0.006807
CC(C)(C)[C@]1(O)C[C@@H]2OC(=O)C[C@]22C(=O)O[C@@H]3OC(=O)[C@H](O)[C@@]312,0,0.000880,0.207253,0.086673
COc1cc(NS(=O)(=O)c2ccc(N)cc2)ncn1,0,0.060192,0.054635,0.007239
OC[C@H]1O[C@@H](O)[C@@H](O)[C@@H](O)[C@@H]1O,0,0.000166,0.134452,0.020184
C[C@H]1CCCCO[C@@H](CN(C)CC2CC2)[C@@H](C)CN([C@H](C)CO)C(=O)c2cc(ccc2O1)NS(=O)(=O)c1ccc(cc1)Cl,0,0.042603,0.017937,0.003832
COc1ccc2c(c1)C(=O)NC(=O)N2,1,0.735855,0.059462,0.044181
C[C@@H]1CCCCO[C@H](CN(C)C(=O)Nc2ccccc2)[C@H](C)CN([C@@H](C)CO)C(=O)c2cc(ccc2O1)NC(=O)NC1CCCCC1,0,0.012484,0.016584,0.002487
C[C@@H]1CCCCO[C@H](CN(C)S(=O)(=O)c2ccc(cc2)F)[C@@H](C)CN([C@@H](C)CO)C(=O)c2cc(ccc2O1)NC(=O)CCC(F)(F)F,0,0.046146,0.017949,0.005469
COC(=O)C1=C2N(C)[C@@]3(COCc4ccc(cc4)OC)Oc4ccccc4[C@H]([C@H]3COC(=O)c3ccccc3)N2C(=O)C(=C1C(=O)OC)c1ccccc1,0,0.033217,0.151898,0.023216
C[C@@H]1CN([C@H](C)CO)C(=O)c2cc(ccc2O[C@@H]1CN(C)CC1CCCCC1)NC(=O)Nc1ccc(cc1)F,0,0.250035,0.024125,0.018802
COC(=O)/C=C(\C)CC[C@@H]1C(=C)CC[C@@H]2C(C)(C)CCC[C@@]12C,0,0.876972,0.256030,0.255859
COC(=O)CCC1=C(C)NC(=S)NC1=O,0,0.087432,0.044867,0.013257
CNC(=O)C[C@H]1NCCNC1=O,0,0.002131,0.019989,0.005343
COC(=O)[C@H](Cc1c[nH]c2ccccc12)NC(=O)[C@H](CCCCCC(=O)[C@@H](C)O)NC(=O)OC(C)(C)C,0,0.000394,0.256804,0.104110
COc1ccc(Cl)cc1C(=O)NCCc1ccc(S(=O)(=O)NC(=O)NC2CCCCC2)cc1,0,0.205304,0.074374,0.076665
C[C@@H]1CCCCO[C@@H](CN(C)C(=O)C2CCCCC2)[C@H](C)CN([C@@H](C)CO)C(=O)c2cc(ccc2O1)NC(=O)CCC(F)(F)F,0,0.095727,0.080242,0.041280
CO[C@@H]1CN(C)C(=O)c2cc(ccc2OC[C@H](C)N(CCC(F)(F)F)C[C@H]1C)NS(=O)(=O)c1cn(cn1)C,0,0.145609,0.026496,0.006361
CCOC(=O)CN1C(=O)N(C)c2nccc(c2C1=O)OC,0,0.478752,0.197487,0.067355
C[C@H]1CCCCO[C@@H](CN(C)S(=O)(=O)c2cn(cn2)C)[C@H](C)CN([C@@H](C)CO)C(=O)c2cc(ccc2O1)NC(=O)Nc1ccc(cc1)C(F)(F)F,0,0.167341,0.082167,0.044040
C[C@@H]1CN([C@@H](C)CO)C(=O)Cc2cc(ccc2O[C@H]1CN(C)S(=O)(=O)C)NC(=O)CCN1CCOCC1,0,0.000632,0.017469,0.002929
CC1=CC(=O)n2c(nnc2N1)C,0,0.023876,0.029842,0.011640
CC(C)NC(=O)Nc1ccc2c(c1)C(=O)N(C[C@@H](C)[C@@H](CN(C)C(=O)NC1CCCCC1)O2)[C@@H](C)CO,0,0.019238,0.018665,0.005203
CCS(=O)(=O)N1C[C@]2(C1)CN([C@@H](CO)c1c2c2ccc(cc2n1C)OC)C(=O)Nc1cccc(c1)F,0,0.101175,0.038842,0.013699
C[C@@H]1CN([C@@H](C)CO)C(=O)c2ccccc2-c2ccccc2CO[C@H]1CN(C)S(=O)(=O)c1ccc(cc1)C(F)(F)F,0,0.157695,0.045322,0.017021
COc1ccc(cc1)CNCC(=O)O,0,0.326382,0.017050,0.014598
C[C@H]1CN([C@H](C)CO)C(=O)Cc2cc(ccc2O[C@H]1CN(C)C(=O)Nc1ccc(cc1)C(F)(F)F)NS(=O)(=O)c1ccc(cc1)Cl,0,0.185067,0.046482,0.006291
C[C@H]1CCCCO[C@@H](CN(C)C(=O)c2ccccc2)[C@H](C)CN([C@H](C)CO)C(=O)c2cc(ccc2O1)NC(=O)Nc1ccc(cc1)F,0,0.010032,0.016561,0.001705
c1ccc(nc1)-c1nc2ccccc2o1,0,0.462277,0.123224,0.066501
C[C@H]1CN([C@H](C)CO)C(=O)c2cc(cnc2O[C@H]1CN(C)C(=O)Cc1cccnc1)C#Cc1ccccc1F,0,0.042399,0.020772,0.005011
COc1ccc(cc1)NC(=O)N(C)C[C@@H]1OCCCC[C@H](C)Oc2ccc(cc2C(=O)N(C[C@H]1C)[C@@H](C)CO)NC(=O)Nc1c(noc1C)C,0,0.024226,0.017104,0.002219
CC(=O)OCC[N+](C)(C)C.[Cl-],0,0.004347,0.045971,0.013711
C[C@@H]1CN([C@@H](C)CO)C(=O)Cc2cc(ccc2O[C@H]1CN(C)Cc1ccc(cc1)Oc1ccccc1)NC(=O)Nc1ccc2c(c1)OCO2,0,0.002404,0.016547,0.002737
C[C@@H]1CN([C@@H](C)CO)C(=O)c2cccc(c2O[C@@H]1CN(C)S(=O)(=O)c1cccs1)NC(=O)Nc1cccc2ccccc12,0,0.009839,0.017387,0.002627
C[C@@H]1CN([C@H](C)CO)C(=O)c2cc(ccc2O[C@@H]1CN(C)S(=O)(=O)c1c(noc1C)C)NS(=O)(=O)c1c(noc1C)C,0,0.011130,0.026774,0.007779
OC[C@H]1O[C@H](CCNS(=O)(=O)c2ccc(cc2)F)CC[C@H]1NS(=O)(=O)c1ccccc1Cl,0,0.225388,0.064353,0.014182
NC(=S)Nc1ccc(cc1)S(=O)(=O)N,0,0.000000,0.046418,0.009909
O[C@H]1COC[C@H]2O[C@@H](CC[C@@H]2N(C1)S(=O)(=O)c1ccc(cc1)F)CC(=O)NCCN1CCCCC1,0,0.725891,0.042167,0.018518
OCCN1[C@@H]2C(=O)N(CC=C[C@@]32O[C@@H]2C=CCOC(=O)[C@@H]2[C@H]3C1=O)Cn1nnc2ccccc12,0,0.841184,0.124285,0.073325
COc1ccc(cc1)NC(=O)N(C)C[C@H]1Oc2c(cccc2C(=O)N(C[C@H]1C)[C@@H](C)CO)NC(=O)C1CC1,0,0.053938,0.022974,0.004169
C[C@@H]1CCCCO[C@@H](CN(C)CC2CCCCC2)[C@@H](C)CN([C@H](C)CO)C(=O)c2cc(ccc2O1)NC(=O)CCC(F)(F)F,0,0.277733,0.118469,0.067489
CS(=O)(=O)[C@H]1CCNC1,0,0.004458,0.029405,0.010725
COc1ccc(cc1)C#Cc1ccc2c(c1)[C@@]1([C@@H]([C@@H]3N([C@H]([C@H](OC3=O)c3ccccc3)c3ccccc3)[C@@H]1c1ccc(cc1)OCCO)C(=O)N)C(=O)N2,0,0.532332,0.108660,0.029995
COc1ccc(cc1)S(=O)(=O)Nc1ccc2c(c1)CC(=O)N(C[C@H](C)[C@H](CN(C)S(=O)(=O)c1c(noc1C)C)O2)[C@H](C)CO,0,0.003225,0.017615,0.002953
C=CCNS(=O)(=O)c1cccc2nonc12,0,0.380028,0.043087,0.009419
CN(C)CCCNC(=O)C[C@@H]1CC[C@@H](NS(=O)(=O)c2ccccc2)[C@@H](CO)O1,0,0.021202,0.021585,0.005848
C[C@H]1CN([C@@H](C)CO)S(=O)(=O)c2ccc(cc2O[C@H]1CN(C)C(=O)Cc1ccccc1)-c1cncnc1,0,0.021920,0.019281,0.004135
C[C@@H]1O[C@H](O[C@H]2[C@H](O)[C@H](O[C@@H](CO)[C@H]2O[C@H]2O[C@@H](CO)[C@@H](O)[C@@H](O)[C@@H]2O)O[C@@H]2[C@H](COC(=O)C)O[C@H](O[C@@H]3CC[C@@]45C[C@@]65CC[C@]5(C)[C@H](CC[C@@]5(C)[C@H]6CC[C@H]4[C@H]3C)[C@@H](C)[C@H]3C[C@@H](O)C(C)(C)O3)[C@@H](O)[C@@H]2OC(=O)C)[C@@H](O)[C@H](O)[C@@H]1O,0,0.973681,0.177137,0.016226
COc1ccc(cc1)CN(C)C[C@@H]1OCCCC[C@@H](C)Oc2ccc(cc2C(=O)N(C[C@H]1C)[C@@H](C)CO)NS(=O)(=O)c1c(noc1C)C,0,0.007006,0.018528,0.002627
C[C@@H]1CCCCO[C@@H](CN(C)C(=O)c2ccccc2)[C@H](C)CN([C@H](C)CO)C(=O)c2cc(ccc2O1)NS(=O)(=O)c1ccc(cc1)C,0,0.000625,0.017787,0.001862
C[C@H]1CCCCO[C@H](CN(C)C(=O)Nc2ccccc2)[C@@H](C)CN([C@@H](C)CO)C(=O)c2cc(ccc2O1)NS(=O)(=O)c1ccc(cc1)Cl,0,0.008947,0.017410,0.001958
Clc1ccc(cc1)OCCN1CCC(CC1)C(=O)N[C@@H](c1ccccc1)c1ccc2ccccc2n1,1,0.592242,0.848660,0.930694
ONC(=O)c1ccc(cc1)C(=O)N/N=C/c1cccc(c1)[B](O)O,0,0.984302,0.089917,0.082754
CC(C)NC(=O)N(C)C[C@H]1Oc2ccc(cc2CC(=O)N(C[C@@H]1C)[C@H](C)CO)NC(=O)CCN1CCOCC1,0,0.001678,0.019560,0.003342
C[C@@H]1CN([C@@H](C)CO)C(=O)c2cc(cnc2O[C@@H]1CN(C)S(=O)(=O)c1ccccc1)-c1cccc(c1)C(=O)N(C)C,0,0.001011,0.017871,0.003727
COc1ccc(cc1)S(=O)(=O)N(C)C[C@H]1OCCCC[C@H](C)Oc2ccc(cc2C(=O)N(C[C@H]1C)[C@H](C)CO)NC(=O)C1CCCCC1,0,0.004785,0.017870,0.002350
C[C@@H]1CN([C@@H](C)CO)C(=O)Cc2cc(ccc2O[C@@H]1CN(C)Cc1ccc(cc1)C(=O)Nc1ccccc1N)NC(=O)Nc1cccc2ccccc12,0,0.006619,0.019085,0.002394
COc1ccc(cc1)NC(=O)Nc1ccc2c(c1)CC(=O)N(C[C@H](C)[C@@H](CN(C)Cc1ccc(cc1)C(=O)Nc1ccccc1N)O2)[C@H](C)CO,0,0.008453,0.017732,0.002175
C[C@H]1CN([C@H](C)CO)C(=O)c2cc(cnc2O[C@H]1CN(C)Cc1cccc(c1)C(F)(F)F)-c1ccc(cc1)F,0,0.493635,0.095545,0.053417
COc1ccc2n(nc(c2c1)-c1ccccc1)-c1ccc(cc1)C,0,0.557870,0.357212,0.143073
CCCc1nn(C)c2c(=O)[nH]c(-c3cc(S(=O)(=O)N4CCN(C)CC4)ccc3OCC)nc12.O=C(O)CC(O)(CC(=O)O)C(=O)O,0,0.017895,0.312096,0.038624
C[C@@H]1CN([C@H](C)CO)C(=O)Cc2cc(ccc2O[C@@H]1CN(C)C(=O)Nc1cccc2ccccc12)NS(=O)(=O)c1ccc(cc1)F,0,0.007644,0.018876,0.002621
C[C@@H]1CN([C@@H](C)CO)C(=O)Cc2cc(ccc2O[C@@H]1CN(C)Cc1ccc(cc1)Oc1ccccc1)NS(=O)(=O)c1ccc(cc1)Cl,0,0.001645,0.018411,0.002496
C[C@@H]1CCCCO[C@H](CN(C)Cc2ccncc2)[C@H](C)CN([C@H](C)CO)C(=O)c2cc(ccc2O1)NC(=O)Nc1cccc2ccccc12,0,0.013363,0.016486,0.001871
CC(C)NC(=O)Nc1ccc2c(c1)CC(=O)N(C[C@H](C)[C@@H](CN(C)Cc1ccc(cc1)Oc1ccccc1)O2)[C@@H](C)CO,0,0.016212,0.025396,0.003667
C[C@@H]1CCCCO[C@@H](CN(C)C)[C@H](C)CN([C@H](C)CO)C(=O)c2cc(ccc2O1)NC(=O)Nc1cccc2ccccc12,0,0.036140,0.017463,0.004060
CNC(=O)C[C@@H]1CC[C@H]2[C@@H](COC[C@@H](O)CN2C(=O)Nc2ccc3c(c2)OCO3)O1,0,0.229229,0.051459,0.033111
OC[C@H]1O[C@@H](C[C@H]2[C@@H]1Oc1ccc(cc12)NC(=O)Nc1ccc(cc1)C(F)(F)F)CC(=O)NCc1ccc(cc1)Cl,0,0.883879,0.230430,0.153049
C=CCC1C=C(C)CC(C)CC(OC)C2OC(O)(C(=O)C(=O)N3CCCCC3C(=O)OC(C(C)=CC3CCC(O)C(OC)C3)C(C)C(O)CC1=O)C(C)CC2OC,0,0.594490,0.712382,0.435570
C[C@H](NC(=O)C[C@@H]1CC[C@H](NC(=O)CN2CCOCC2)[C@H](CO)O1)c1ccccc1,0,0.011780,0.023002,0.011491
COC(=O)[C@@H](Cc1ccccc1)N[C@H](/C=C/C1CC1)[C@@H](O)CCn1cc(nn1)-c1ccc(cc1)C(=O)NO,0,0.733201,0.091146,0.020278
C[C@@H]1CN([C@@H](C)CO)C(=O)Cc2cc(ccc2O[C@H]1CN(C)S(=O)(=O)c1ccc(cc1)C)NS(=O)(=O)c1cn(cn1)C,0,0.004523,0.017429,0.001862
C[C@H]1CN([C@H](C)CO)C(=O)c2cc(ccc2O[C@@H]1CN(C)Cc1ccc(cc1)Oc1ccccc1)NS(=O)(=O)c1ccc(cc1)F,0,0.003863,0.020194,0.004348
COc1ccc(cc1)NC(=O)N(C)C[C@H]1OCCCC[C@@H](C)Oc2ccc(cc2C(=O)N(C[C@@H]1C)[C@H](C)CO)NS(=O)(=O)c1ccc(cc1)F,0,0.010839,0.017493,0.001881
C[C@H]1CCCCO[C@H](CN(C)C(=O)CCC(F)(F)F)[C@H](C)CN([C@@H](C)CO)C(=O)c2cc(ccc2O1)NS(=O)(=O)c1ccc(cc1)C,0,0.011061,0.018094,0.002821
Cc1sc(c(c1CNc1ccccc1)CNc1ccccc1)C,0,0.896246,0.442763,0.471993
OC[C@H]1O[C@@H](C[C@H]2[C@@H]1Oc1ccc(cc12)NS(=O)(=O)c1ccc(cc1)F)CC(=O)NCc1ccccc1F,0,0.042442,0.021323,0.007539
C[C@@H]1CN([C@@H](C)CO)S(=O)(=O)c2ccc(cc2O[C@@H]1CN(C)Cc1ccncc1)C#CC(C)(C)O,0,0.025205,0.018883,0.002964
C[C@@H]1CN([C@H](C)CO)C(=O)c2cccc(c2O[C@@H]1CN(C)C(=O)Nc1ccc2c(c1)OCO2)NC(=O)c1cc(nn1C)C,0,0.006973,0.017222,0.003157
COCCNC(=O)C[C@H]1CC[C@@H]2[C@H](COC[C@@H](O)CN2C(=O)Nc2ccc3c(c2)OCO3)O1,0,0.208091,0.176052,0.045224
C[C@H]1CN([C@H](C)CO)C(=O)c2cccc(c2O[C@H]1CN(C)Cc1ccc(cc1)Oc1ccccc1)NS(=O)(=O)c1cccs1,0,0.004353,0.018969,0.003529
CCCNC(=O)N1C[C@@H](O)COC[C@H]2O[C@H](CC[C@@H]21)CC(=O)NCCCN1CCOCC1,0,0.222808,0.069416,0.030035
O=C(O)c1cc(O)c(O)c(O)c1,0,0.462866,0.055036,0.024895
C[C@@H]1CN([C@@H](C)CO)C(=O)c2cccc(c2O[C@H]1CN(C)Cc1ccc(cc1)-c1ccccc1)NC(=O)C1CCOCC1,0,0.068469,0.018323,0.004349
C[C@H]1CCCCO[C@H](CN(C)S(=O)(=O)c2cn(cn2)C)[C@@H](C)CN([C@@H](C)CO)C(=O)c2cc(ccc2O1)NS(=O)(=O)C,0,0.006566,0.017806,0.002854
C[C@@H]1CCCCO[C@@H](CN(C)Cc2ccc(cc2)C(=O)O)[C@@H](C)CN([C@@H](C)CO)C(=O)c2cc(ccc2O1)NS(=O)(=O)c1ccc(cc1)F,0,0.018171,0.026273,0.002442
CN(C)CCOc1c(cc(cc1Br)/C=C/C(=O)NCCCOc1c(cc(cc1Br)CCN(C)C)Br)Br,0,0.999959,0.499134,0.332372
O=C1NC(=O)[C@H]2[C@@H]1[C@@H](N1[C@H]3[C@@H]([C@@H](N21)c1ccccc1)C(=O)NC3=O)c1ccccc1,0,0.013634,0.227969,0.098560
C[C@@H]1CCCCO[C@@H](CN(C)C(=O)CCC(F)(F)F)[C@@H](C)CN([C@H](C)CO)C(=O)c2cc(ccc2O1)NC(=O)Nc1ccc(cc1)F,0,0.257417,0.033555,0.014814
C[C@H]1CN([C@@H](C)CO)C(=O)Cc2cc(ccc2O[C@@H]1CN(C)Cc1ccc(cc1)Oc1ccccc1)NS(=O)(=O)c1ccc(cc1)C,0,0.000594,0.018811,0.002534
CCCN(C)C[C@H]1OCCCC[C@@H](C)Oc2ccc(cc2C(=O)N(C[C@H]1C)[C@@H](C)CO)NS(=O)(=O)C,0,0.040361,0.019977,0.003853
C[C@@H]1CCCCO[C@H](CN(C)CC2CCCCC2)[C@H](C)CN([C@@H](C)CO)C(=O)c2cc(ccc2O1)NC(=O)C1CCCCC1,0,0.058718,0.019339,0.006011
C[C@@H]1ON([C@@H]([C@H]1C(=O)N1[C@@H](COC1=O)Cc1ccccc1)c1ccc(cc1)Br)c1cccc(c1)C(=O)OC(C)(C)C,0,0.930511,0.147650,0.068576
COc1ccc(cc1)CN(C)C[C@@H]1OCCCC[C@@H](C)Oc2ccc(cc2C(=O)N(C[C@@H]1C)[C@H](C)CO)NS(=O)(=O)c1ccc(cc1)Cl,0,0.008403,0.017660,0.002801
COc1ccc(cc1)NC(=O)Nc1ccc2c(c1)C(=O)N(C[C@@H](C)[C@@H](CN(C)Cc1ccc(cc1)C(=O)Nc1ccccc1N)O2)[C@@H](C)CO,0,0.010723,0.017534,0.002345
C[C@@H]1CN([C@@H](C)CO)C(=O)Cc2cc(ccc2O[C@H]1CN(C)C(=O)Nc1ccc2c(c1)OCO2)NC(=O)CCN1CCOCC1,0,0.000846,0.014823,0.002994
C[C@H]1CN([C@H](C)CO)C(=O)Cc2cc(ccc2O[C@@H]1CN(C)S(=O)(=O)C)NC(=O)C1CCCCC1,0,0.005891,0.023746,0.005786
CN(C)CCCNC(=O)C[C@@H]1O[C@H](CO)[C@H](NC(=O)Cc2cccnc2)C=C1,0,0.026155,0.020954,0.011664
C[C@@H]1CN([C@@H](C)CO)C(=O)c2cccc(c2O[C@@H]1CN(C)Cc1ccc(cc1)Oc1ccccc1)NS(=O)(=O)c1ccccc1,0,0.002022,0.019273,0.003536
C[C@@H]1CCCCO[C@@H](CN(C)Cc2ccccc2)[C@@H](C)CN([C@H](C)CO)C(=O)c2cc(ccc2O1)NS(=O)(=O)c1ccc(cc1)F,0,0.008779,0.017273,0.002682
CN1CCN(CC1)C(=O)C[C@@H]1CC[C@@H](NC(=O)Nc2c(noc2C)C)[C@@H](CO)O1,0,0.189268,0.033482,0.010702
C[C@H]1CN([C@@H](C)CO)C(=O)c2cc(ccc2O[C@H]1CN(C)S(=O)(=O)c1c(noc1C)C)NS(=O)(=O)c1c(noc1C)C,0,0.011130,0.026774,0.007779
C[C@@H]1CCCCO[C@H](CN(C)CC2CCCCC2)[C@H](C)CN([C@H](C)CO)C(=O)c2cc(ccc2O1)NC(=O)NC1CCCCC1,0,0.085990,0.019067,0.007245
Fc1ccc(cc1)Nc1ncnc2sc(cc12)-c1ccccc1,0,0.832712,0.618924,0.460782
C[C@@H]1CN([C@H](C)CO)C(=O)Cc2cc(ccc2O[C@H]1CN(C)S(=O)(=O)c1cccs1)NC(=O)Cc1ccccc1,0,0.000823,0.017429,0.002808
N[C@@](CC1c2ccccc2Oc2ccccc21)([C@H]1C[C@@H]1C(=O)O)C(=O)O,0,0.673949,0.373625,0.276602
OC[C@H]1O[C@@H](CC(=O)N2CCOCC2)C=C[C@H]1NC(=O)c1ccc2c(c1)OCO2,0,0.003969,0.020133,0.006249
C[C@H]1CN([C@H](C)CO)S(=O)(=O)c2ccc(cc2O[C@@H]1CN(C)C(=O)C1CCCCC1)C#CCN(C)C,0,0.054849,0.043784,0.009252
CC[C@@H](C)C(=O)O[C@H]1[C@H](O)[C@H]2[C@@H](CN3C[C@@H](C)CC[C@@H]3[C@@]2(C)O)[C@H]2C[C@@]34O[C@]5(O)[C@H](CC[C@@]4(C)[C@@H]5[C@@H](OC(=O)C)[C@@H](OC(=O)C)[C@@H]3[C@@]21O)OC(=O)[C@@](C)(O)[C@@H](C)O,0,0.000727,0.140781,0.054372
OCc1ccc(cc1)CO[C@H]1C[C@H](C=C(O1)C(=O)N1CCN(CC1)Cc1ccc2c(c1)OCO2)C1CC1,0,0.025018,0.182202,0.020754
COc1ccc(cc1)S(=O)(=O)Nc1ccc2c(c1)C(=O)N(C[C@H](C)[C@@H](CN(C)S(=O)(=O)c1ccc(cc1)F)O2)[C@@H](C)CO,0,0.011196,0.018240,0.003775
C[C@H]1CN([C@@H](C)CO)C(=O)c2cc(ccc2O[C@H]1CN(C)S(=O)(=O)C)NS(=O)(=O)c1ccc(cc1)C,0,0.010992,0.017600,0.003493
C[C@H]1CN([C@H](C)CO)C(=O)c2cccc(c2O[C@H]1CN(C)S(=O)(=O)c1ccc(cc1)Cl)NS(=O)(=O)C,0,0.090307,0.019077,0.004578
C[C@@H](O)C#Cc1ccc2c(c1)O[C@H](CN(C)C(=O)CN(C)C)[C@@H](C)CN([C@H](C)CO)S2(=O)=O,0,0.150126,0.110220,0.011110
CO[C@H](CN(C)S(=O)(=O)c1ccc(cc1)F)[C@H](C)CN([C@@H](C)CO)S(=O)(=O)c1cccc(c1)Cl,0,0.425073,0.088295,0.010699
C/C(=C\C=C\C(=C/C(=O)O)C)/C=C/C1=C(C)CCCC1(C)C,0,0.860784,0.293247,0.222835
CC[C@@H](C)[C@@H]1NC(=O)[C@H](Cc2cn(c3ccccc23)OC)NC(=O)[C@H](CCCCCC(=O)CC)NC(=O)[C@H]2CCCCN2C1=O,0,0.441664,0.250259,0.138801
C[C@H]1CN([C@H](C)CO)C(=O)c2cccc(c2O[C@H]1CN(C)S(=O)(=O)c1ccc(cc1)F)NS(=O)(=O)c1ccccc1,0,0.011437,0.018221,0.004602
O[C@@H]1COC[C@@H]2O[C@@H](CC[C@H]2N(C1)Cc1cc(ccc1F)F)CC(=O)N[C@@H]1CCN(C1)Cc1ccccc1,0,0.891554,0.094605,0.039992
C[C@H]1CCCCO[C@H](CN(C)C(=O)Cc2ccccc2)[C@H](C)CN([C@H](C)CO)C(=O)c2cc(ccc2O1)NC(=O)CCC(F)(F)F,0,0.038836,0.014886,0.007711
CC(C)NC(=O)N(C)C[C@@H]1Oc2cc(ccc2S(=O)(=O)N(C[C@@H]1C)[C@@H](C)CO)C#Cc1cccc(c1)F,0,0.174883,0.025399,0.004086
C[C@H]1CN([C@@H](C)CO)C(=O)c2cc(ccc2O[C@@H]1CN(C)Cc1ccccc1)NC(=O)Cn1cnnn1,0,0.005401,0.018726,0.004994
COC(=O)[C@@H](Cc1ccc(cc1)-n1cc(nn1)COc1ccccc1/C=C(C)/C=C/C(=O)NO)N1CC(=C)[C@H](/C=C/C=C)[C@H]1[C@H](O)Cc1ccccc1,0,0.702167,0.025897,0.006220
CN(C)CCCNC(=O)C[C@H]1CC[C@H]2[C@H](COc3ccc(cc3C(=O)N2C)NS(=O)(=O)C)O1,0,0.026149,0.017473,0.004135
C[C@H]1CCCCO[C@H](CN(C)Cc2ccc3c(c2)OCO3)[C@@H](C)CN([C@@H](C)CO)C(=O)c2cc(ccc2O1)NC(=O)NC1CCCCC1,0,0.022153,0.016494,0.003498
C[C@H]1CCCCO[C@H](CN(C)S(=O)(=O)c2cccs2)[C@H](C)CN([C@@H](C)CO)C(=O)c2cc(ccc2O1)NC(=O)Cc1ccccc1,0,0.000747,0.017475,0.002041
C[C@@H]1CN([C@H](C)CO)C(=O)c2cc(cnc2O[C@@H]1CN(C)C(=O)CN(C)C)-c1ccc(cc1)C(=O)N(C)C,0,0.017980,0.019658,0.004687
CC1(C)SC2C(N3C(=O)C(c4ccccc4)NC3(C)C)C(=O)N2C1C(=O)[O-].[K+],1,0.997521,0.954872,0.982388
C[C@@H]1CCCCO[C@@H](CN(C)S(=O)(=O)c2ccc(cc2)Cl)[C@H](C)CN([C@@H](C)CO)C(=O)c2cc(ccc2O1)NC(=O)NC1CCCCC1,0,0.020322,0.017445,0.002878
C[C@H]1CN([C@H](C)CO)C(=O)c2cc(ccc2O[C@H]1CN(C)C(=O)Nc1cccc2ccccc12)NC(=O)Cc1cn(c2ccccc12)C,0,0.006558,0.016650,0.002501
CNCc1cccnc1,0,0.038510,0.056577,0.018103
C[C@H]1CN([C@H](C)CO)C(=O)c2cccc(c2O[C@H]1CN(C)S(=O)(=O)C)N(C)C,0,0.016575,0.018764,0.003927
C[C@H]1CN([C@@H](C)CO)C(=O)c2cccc(c2O[C@H]1CN(C)C(=O)Nc1ccc(cc1)F)NC(=O)c1cnccn1,0,0.317358,0.025721,0.009022
C[C@@H]1CCCCO[C@H](CN(C)C(=O)Cc2ccccc2)[C@@H](C)CN([C@H](C)CO)C(=O)c2cc(ccc2O1)NC(=O)Nc1c(noc1C)C,0,0.008174,0.017218,0.002642
CC(C)(C)OC(=O)N1C[C@H]2C[C@@H]1C(=O)O2,0,0.020931,0.032958,0.010990
C[C@@H]1CN([C@@H](C)CO)C(=O)c2cc(ccc2O[C@@H]1CN(C)S(=O)(=O)c1ccc(cc1)F)NC(=O)c1ccncc1,0,0.012521,0.017361,0.002083
C[C@H]1CCCCO[C@@H](CN(C)C(=O)CCC(F)(F)F)[C@@H](C)CN([C@H](C)CO)C(=O)c2cc(ccc2O1)NS(=O)(=O)c1ccccc1,0,0.005712,0.018094,0.003003
CN(C)CN1C(=O)c2ccccc2C1=O,0,0.000778,0.040017,0.017080
CN(C)C(=O)N1CCC2(CC1)CC1(CCN(CC1)S(=O)(=O)C1CC1)N(C)C2=O,0,0.029342,0.154195,0.011126
CC(C)NC(=O)N(C)C[C@H]1OCCCC[C@H](C)Oc2ccc(cc2C(=O)N(C[C@H]1C)[C@@H](C)CO)NC(=O)Nc1cccc2ccccc12,0,0.016049,0.019746,0.002855
C[C@H]1CN([C@@H](C)CO)C(=O)c2cccc(c2O[C@H]1CN(C)S(=O)(=O)c1cn(cn1)C)NS(=O)(=O)c1c(noc1C)C,0,0.010689,0.019248,0.003862
Cl.Cl.Cl.NCCCCNCCCN,0,0.000000,0.139526,0.018439
COc1ccc(cc1)NC(=O)Nc1cccc2c1O[C@@H](CN(C)S(=O)(=O)C)[C@@H](C)CN([C@@H](C)CO)C2=O,0,0.063058,0.017291,0.002962
CO[C@H]1CN(C)C(=O)c2ccc(cc2OC[C@H](C)N(C[C@@H]1C)C(=O)CN(C)C)NC(=O)c1ccccc1,0,0.005598,0.021010,0.002973
COc1ccccc1CN(C)C[C@@H]1OCc2ccccc2-c2c(n(c3ccccc23)C)C(=O)N(C[C@H]1C)[C@@H](C)CO,0,0.052828,0.020825,0.003309
C[C@H]1CN([C@@H](C)CO)S(=O)(=O)c2ccc(cc2O[C@@H]1CN(C)C(=O)C1CCCCC1)C#CCN(C)C,0,0.054849,0.043784,0.009252
OCCN(Cc1ccccc1)C(=O)C[C@@H](CC=C)C(=O)N[C@@H](COC(=O)[C@@H](CC=C)Cc1ccc(cc1)F)Cc1c[nH]c2ccccc12,0,0.017681,0.039755,0.017045
NNC(=S)Nc1ccccc1,0,0.000004,0.279238,0.098309
C=C1c2cccc(O)c2C(=O)C2=C(O)C3(O)C(=O)C(C(N)=O)=C(O)C(N(C)C)C3C(O)C12.Cl,0,0.977724,0.639974,0.433748
Cn1cnc(c1)S(=O)(=O)N1C[C@@H](O)COC[C@H]2O[C@H](CC[C@@H]21)CC(=O)N1CCN(CC1)c1ccccc1,0,0.179207,0.031012,0.005311
CS(=O)(=O)c1ccc(C(O)C(CO)NC(=O)C(Cl)Cl)cc1,0,0.966315,0.187291,0.170472
C[C@H]1CCCCO[C@H](CN(C)S(=O)(=O)c2ccc(cc2)Cl)[C@H](C)CN([C@@H](C)CO)C(=O)c2cc(ccc2O1)NC(=O)Nc1ccc2c(c1)OCO2,0,0.004812,0.017862,0.002358
O=C(COC(=O)/C=C/c1cn(nc1-c1ccc2c(c1)OCCO2)-c1ccccc1)N[C@H]1CCS(=O)(=O)C1,0,0.069800,0.250360,0.216105
C[C@@H]1CCCCO[C@H](CN(C)C(=O)Nc2ccc(cc2)F)[C@@H](C)CN([C@@H](C)CO)C(=O)c2cc(ccc2O1)NC(=O)C1CCCCC1,0,0.058196,0.019207,0.003694
CO/N=[N+](\[O-])NC(C)C,0,0.003255,0.154711,0.050807
COc1ccc(cc1)S(=O)(=O)Nc1ccc2c(c1)CC(=O)N(C[C@H](C)[C@H](CN(C)Cc1ccc(cc1)-c1ccccc1)O2)[C@H](C)CO,0,0.004649,0.017881,0.003315
CC(=O)C1CCC2C3CCC4=CC(=O)CCC4(C)C3CCC12C,0,0.906562,0.117618,0.044116
C[C@@H]1CN([C@@H](C)CO)C(=O)c2cc(cnc2O[C@H]1CN(C)C(=O)c1ccc2c(c1)OCO2)Br,0,0.006434,0.028994,0.007166
C[C@H]1CN([C@@H](C)CO)S(=O)(=O)c2ccc(cc2O[C@@H]1CN(C)C(=O)CCN1CCCCC1)Br,0,0.221327,0.026366,0.007753
O=c1c2ccccc2oc2ccccc12,0,0.040094,0.073031,0.037989
NC(=O)CNC(=O)c1cccc(c1)Cl,0,0.220246,0.048252,0.015808
NC(=O)c1ccco1,0,0.006191,0.034187,0.017116
O[C@H]1COC[C@H]2O[C@@H](CC[C@@H]2N(C1)C(=O)c1ccncc1)CC(=O)NC1CCC1,0,0.069705,0.026148,0.009438
C[C@H]1CN([C@H](C)CO)C(=O)Cc2cc(ccc2O[C@H]1CN(C)S(=O)(=O)c1ccc(cc1)Cl)NS(=O)(=O)c1cn(cn1)C,0,0.012262,0.017235,0.002473
C[C@H]1CN([C@@H](C)CO)C(=O)c2cc(ccc2O[C@@H]1CN(C)Cc1ccc(cc1)-c1ccccc1)NS(=O)(=O)c1cccs1,0,0.012936,0.017847,0.004135
COc1ccc(cc1)S(=O)(=O)N(C)C[C@H]1OCCCC[C@H](C)Oc2ccc(cc2C(=O)N(C[C@@H]1C)[C@H](C)CO)NC(=O)Nc1ccc(cc1)C(F)(F)F,0,0.134068,0.044315,0.005123
O[C@@H]1COC[C@@H]2O[C@H](CC[C@H]2N(C1)C(=O)c1ccncc1)CC(=O)NC1CCC1,0,0.069705,0.026148,0.009438
Cn1cnc(c1)CCNC(=O)C[C@H]1CC[C@@H]2[C@H](COC[C@@H](O)CN2C(=O)Nc2ccc(cc2)C(F)(F)F)O1,0,0.982183,0.948871,0.978086
C[C@@H]1CN([C@H](C)CO)C(=O)c2cc(ccc2O[C@H]1CN(C)S(=O)(=O)c1ccc(cc1)F)NS(=O)(=O)C,0,0.055375,0.017867,0.004564
C[C@H]1CN([C@H](C)CO)C(=O)Cc2cc(ccc2O[C@@H]1CN(C)S(=O)(=O)c1ccc(cc1)C)NC(=O)CCCN(C)C,0,0.005678,0.022428,0.002856
O.O.O.O=C([O-])C1O[Sb]2OC(=O)C(O2)C(C(=O)[O-])O[Sb]2OC(=O)C1O2.[K+].[K+],0,0.000000,0.446937,0.325207
OC[C@H]1O[C@H]([C@H](O)[C@@H]1O)n1cnc2c(ncnc12)N[C@@H]1CCOC1,0,0.089443,0.181596,0.130941
OCC(CO)N1CCC2(CCNCC2)CC1,0,0.725487,0.111362,0.058686
Cn1cncc1C#N,0,0.000139,0.072442,0.023831
CCCN(C)C[C@@H]1OCCCC[C@H](C)Oc2ccc(cc2C(=O)N(C[C@@H]1C)[C@H](C)CO)NC(=O)CCC(F)(F)F,0,0.138679,0.088585,0.051209
Clc1ccccc1C(C#N)(c1ccccc1)c1ccccc1,0,0.050331,0.268990,0.099875
OCc1ccccn1,0,0.010738,0.061441,0.020529
CC1=NN2C(=C3C=C(C=CC3=C)S(=O)(=O)N3CCCC3)NN=C2c2ccccc21,0,0.056678,0.065019,0.025027
C[C@@H]1CCCCO[C@@H](CN(C)C(=O)Nc2ccc3c(c2)OCO3)[C@@H](C)CN([C@H](C)CO)C(=O)c2cc(ccc2O1)NC(=O)Nc1ccc(cc1)C(F)(F)F,0,0.234569,0.020796,0.007436
COc1ccc(-c2oc3cc(OC)c(OC)c(OC)c3c(=O)c2OC)cc1,0,0.449115,0.118082,0.036036
C[C@@H]1CN([C@@H](C)CO)C(=O)c2cc(ccc2O[C@@H]1CN(C)Cc1ccccc1)NC(=O)Nc1ccc(cc1)C(F)(F)F,0,0.457543,0.888970,0.923196
CN(C)C(=O)c1ccc(cc1)-c1cccc(c1)-c1nc(cc2c1[C@@H](CCO)N(C2)[S@](=O)C(C)(C)C)C(=O)NC1CCCCC1,0,0.063304,0.154906,0.066890
C[C@H]1CN([C@@H](C)CO)C(=O)c2cc(ccc2O[C@H]1CN(C)C(=O)NC1CCCCC1)NC(=O)C1CC1,0,0.022858,0.020260,0.005581
CC(C)NC(=O)N(C)C[C@@H]1Oc2c(cccc2C(=O)N(C[C@@H]1C)[C@@H](C)CO)NS(=O)(=O)c1ccccc1,0,0.016610,0.032704,0.005351
O[C@@H]1COC[C@H]2O[C@H](CC[C@@H]2N(C1)C(=O)Nc1ccc(cc1)Cl)CC(=O)NC1Cc2ccccc2C1,0,0.817123,0.774182,0.883347
CC1=NC(=C)C(=C2NN=C(N)O2)S1,0,0.319340,0.031328,0.019031
CO[C@H]1/C=C/C[C@H](C)[C@@H](C)S(=O)(=O)NC(=O)c2ccc3c(c2)N(C[C@@H]2CC[C@H]21)C[C@@]1(CCCc2cc(ccc21)Cl)CO3,0,0.066377,0.063383,0.033392
C[C@@H]1CN([C@H](C)CO)C(=O)c2cc(ccc2O[C@H]1CN(C)C(=O)Nc1c(noc1C)C)NS(=O)(=O)c1cn(cn1)C,0,0.044299,0.019985,0.003910
Cl.OC(c1cc(C(F)(F)F)nc2c(C(F)(F)F)cccc12)C1CCCCN1,0,0.998624,0.539106,0.331572
O=c1c(O)c(-c2ccc(O)c(O)c2)oc2c(O)c(O)cc(O)c12,0,0.891299,0.074201,0.034692
C[C@H]1CN([C@@H](C)CO)C(=O)Cc2cc(ccc2O[C@@H]1CN(C)C(=O)Nc1ccc2c(c1)OCO2)NS(=O)(=O)c1cn(cn1)C,0,0.002577,0.017326,0.002162
COc1ccc(cc1)NC(=O)N(C)C[C@H]1Oc2c(cccc2C(=O)N(C[C@H]1C)[C@H](C)CO)NS(=O)(=O)c1cn(cn1)C,0,0.043543,0.016910,0.002438
ONC(=O)c1ccncc1,0,0.186874,0.060197,0.047592
C[C@@H]1CCCCO[C@H](CN(C)C(=O)CCC(F)(F)F)[C@@H](C)CN([C@H](C)CO)C(=O)c2cc(ccc2O1)NC(=O)C1CCCCC1,0,0.056458,0.100241,0.056883
COc1cccc(c1)S(=O)(=O)N1[C@@H]2CC[C@@H](C2)[C@H]1c1nc2cccc(c2[nH]1)OCc1ccc(cc1)F,0,0.474607,0.065360,0.023147
C[C@@H]1CCCCO[C@H](CN(C)C(=O)Cc2ccccc2)[C@H](C)CN([C@@H](C)CO)C(=O)c2cc(ccc2O1)NS(=O)(=O)c1ccc(cc1)Cl,0,0.001881,0.017410,0.001996
C[C@@H]1CCCCO[C@H](CN(C)Cc2ccccc2)[C@H](C)CN([C@H](C)CO)C(=O)c2cc(ccc2O1)NS(=O)(=O)c1cccs1,0,0.004112,0.017325,0.002467
CN1CCN(CC1)C(=O)C[C@@H]1CC[C@@H]2[C@H](COC[C@H](O)CN2Cc2ccc3c(c2)OCO3)O1,0,0.458251,0.022109,0.008907
C[C@H]1CN([C@H](C)CO)C(=O)CCCn2nncc2CO[C@H]1CN(C)S(=O)(=O)c1ccc(cc1)-n1cccn1,0,0.006321,0.019433,0.002810
OC(=O)CN1C(=O)N(CC(=O)O)c2ccccc21,0,0.589508,0.042315,0.027744
Cc1cccc(c1)N[C@H]1CS(=O)(=O)C[C@@H]1O,0,0.083788,0.067132,0.052153
Cc1cncc2cccc(c12)S(=O)(=O)N[C@H]1CN[C@@H](C1)C(=O)NN,0,0.397708,0.030359,0.015960
C[C@@H]1CCCCO[C@@H](CN(C)C(=O)Nc2cccc3ccccc23)[C@@H](C)CN([C@H](C)CO)C(=O)c2cc(ccc2O1)NC(=O)CCC(F)(F)F,0,0.119459,0.014453,0.006469
C[C@H]1CN([C@@H](C)CO)C(=O)CCCn2nncc2CO[C@H]1CN(C)S(=O)(=O)c1ccc(cc1)Oc1ccccc1,0,0.002645,0.019572,0.003633
CC1CCc2cc(F)cc3c(=O)c(C(=O)O)cn1c23,1,0.593597,0.362599,0.223198
C[C@H]1CCCCO[C@@H](CN(C)Cc2ccncc2)[C@H](C)CN([C@@H](C)CO)C(=O)c2cc(ccc2O1)NC(=O)c1ccccc1,0,0.002455,0.016642,0.001840
C[C@H]1CN([C@H](C)CO)C(=O)c2cc(ccc2O[C@@H]1CN(C)C(=O)Nc1ccccc1)NC(=O)Nc1cccc2ccccc12,0,0.017717,0.018579,0.004869
C[C@@H]1CN([C@@H](C)CO)C(=O)Cc2cc(ccc2O[C@@H]1CN(C)S(=O)(=O)c1ccc(cc1)F)N(C)C,0,0.017024,0.029398,0.004996
C[C@H]1CCCCO[C@@H](CN(C)Cc2ccc(cc2)C(=O)O)[C@H](C)CN([C@@H](C)CO)C(=O)c2cc(ccc2O1)NS(=O)(=O)c1ccccc1,0,0.005892,0.024921,0.002125
CC(=O)OC1CCC2(C)C(=CCC3C2CCC2(C)C(C(C)CCCC(C)C)CCC32)C1,0,0.921171,0.152905,0.081824
C[C@H]1CN([C@H](C)CO)C(=O)c2c(c3ccccc3n2C)-c2ccccc2CO[C@@H]1CN(C)Cc1ccccc1C(F)(F)F,0,0.375016,0.108231,0.056531
COc1ccc(cc1)S(=O)(=O)N(C)C[C@H]1Oc2c(cccc2C(=O)N(C[C@H]1C)[C@H](C)CO)NC(=O)c1cnccn1,0,0.030813,0.018297,0.002724
C[C@H]1CN([C@H](C)CO)C(=O)c2cccc(c2O[C@H]1CN(C)S(=O)(=O)c1c(noc1C)C)NS(=O)(=O)c1ccccc1,0,0.008336,0.017600,0.003512
OC(=O)CCC1=NNC(=O)NC1=O,0,0.177976,0.041688,0.030550
OC[C@H]1O[C@H](CC(=O)NCc2ccncn2)C=C[C@@H]1NS(=O)(=O)c1ccccc1,0,0.018103,0.018816,0.005154
Cc1ccc(cc1NC(=O)c1cccc(c1)NC(=O)Nc1cccc(c1)C(=O)Nc1ccc(cc1C)C(=O)Nc1ccc(c2cc(cc(c12)S(=O)(=O)O)S(=O)(=O)O)S(=O)(=O)O)C(=O)Nc1ccc(c2cc(cc(c12)S(=O)(=O)O)S(=O)(=O)O)S(=O)(=O)O,0,0.000035,0.253645,0.021297
C[C@@H]1CCCCO[C@H](CN(C)S(=O)(=O)c2ccc(cc2)C)[C@H](C)CN([C@H](C)CO)C(=O)c2cc(ccc2O1)NS(=O)(=O)c1ccc(cc1)F,0,0.003658,0.017398,0.002393
C[C@H]1CCCCO[C@@H](CN(C)S(=O)(=O)c2ccc(cc2)C)[C@H](C)CN([C@H](C)CO)C(=O)c2cc(ccc2O1)NS(=O)(=O)C,0,0.007969,0.017512,0.002181
C=C(C)C1C2OC(=O)C1C1(O)CC3OC34C(=O)OC2C14C,0,0.000443,0.149105,0.069191
C[C@@H]1CN([C@H](C)CO)C(=O)c2cccc(c2O[C@H]1CN(C)Cc1ccc(cc1)-c1ccccc1)NC(=O)C1CCOCC1,0,0.068469,0.018323,0.004349
COc1cc(ccc1Nc1ncc2c(n1)N(CCC(=O)N2C)C1CCC(O)CC1)C(=O)NC1CCN(C)CC1,0,0.116735,0.110890,0.018540
O[C@@H]1COC[C@H]2O[C@@H](CC[C@@H]2N(C1)S(=O)(=O)c1ccc(cc1)Oc1ccccc1)CC(=O)NC1CCC1,0,0.071952,0.053389,0.020761
CO[C@H]1CN(C)C(=O)c2cc(ccc2OC[C@H](C)N(CCC(F)(F)F)C[C@H]1C)NS(=O)(=O)c1cn(cn1)C,0,0.145609,0.026496,0.006361
O=C(NC1CCCCC1)NC1CCCCC1,0,0.184429,0.165152,0.052109
C[C@H]1CCCCO[C@@H](CN(C)Cc2ccccc2)[C@H](C)CN([C@H](C)CO)C(=O)c2cc(ccc2O1)NC(=O)NC1CCCCC1,0,0.025546,0.017168,0.003187
CC(C)OC(=O)[C@@H](C(=O)C(F)(F)F)c1cc(c2ccccc2c1O)NS(=O)(=O)c1c(cc(cc1C)C)C,0,0.723561,0.676532,0.475766
C[C@H]1CN([C@@H](C)CO)C(=O)c2cccc(c2O[C@H]1CN(C)Cc1ccc(cc1)C(F)(F)F)NS(=O)(=O)c1ccc(cc1)C,0,0.165760,0.021474,0.008885
C[C@H](N)C(=O)O,0,0.000602,0.028581,0.010012
C[C@@H]1CCCCO[C@@H](CN(C)C(=O)NC2CCCCC2)[C@H](C)CN([C@@H](C)CO)C(=O)c2cc(ccc2O1)NS(=O)(=O)c1ccc(cc1)C,0,0.006549,0.017766,0.002446
C[C@@H]1CN([C@H](C)CO)C(=O)c2cc(ccc2O[C@@H]1CN(C)C(=O)Nc1ccc(cc1)C(F)(F)F)NC(=O)Nc1ccc(cc1)C(F)(F)F,0,0.950810,0.126024,0.032637
CC(C(=O)O)c1ccc2c(c1)[nH]c1ccc(Cl)cc12,0,0.779851,0.371641,0.236896
N[C@@H](CN1C=CC(=O)N(Cc2ccccc2C(=O)O)C1=O)C(=O)O,0,0.721706,0.128763,0.127813
NC1=NC(=O)N(C=C1)[C@@H]1C[C@@H](O)[C@H](CO)O1,0,0.387142,0.082015,0.060279
C[C@@H]1CCCCO[C@H](CN(C)C(=O)Nc2ccc(cc2)C(F)(F)F)[C@@H](C)CN([C@@H](C)CO)C(=O)c2cc(ccc2O1)NS(=O)(=O)c1ccccc1,0,0.048452,0.030018,0.005836
C[C@H]1CN([C@@H](C)CO)C(=O)c2cc(cnc2O[C@@H]1CN(C)Cc1ccc2c(c1)OCO2)C#CCN(C)C,0,0.025069,0.017670,0.003101
CCCC(=O)Nc1ccc2c(c1)C(=O)N(C)[C@@H]1CC[C@@H](CC(=O)NCCN3CCCCC3)O[C@@H]1CO2,0,0.026554,0.022489,0.011821
CC(C)NC(=O)N(C)C[C@H]1Oc2ccc(cc2C(=O)N(C[C@@H]1C)[C@@H](C)CO)NC(=O)Nc1ccc2c(c1)OCO2,0,0.012190,0.017731,0.002669
CC(C)(C)NC(=O)[C@@H]1C[C@@H]2CCCC[C@@H]2CN1C[C@@H](O)[C@H](Cc1ccccc1)NC(=O)[C@H](CC(=O)N)NC(=O)c1ccc2ccccc2n1,0,0.785137,0.221767,0.077806
C[C@H]1CN([C@@H](C)CO)C(=O)c2cc(cnc2O[C@@H]1CN(C)C(=O)Nc1cccc(c1)F)C#CCN(C)C,0,0.144534,0.016122,0.006839
CN(C)Cc1cn(nn1)CC[C@@H]1CC[C@H](NC(=O)Cc2cccnc2)[C@@H](CO)O1,0,0.423797,0.017501,0.008450
C[C@H]1CCCCO[C@@H](CN(C)Cc2ccc(cc2)C(F)(F)F)[C@@H](C)CN([C@@H](C)CO)C(=O)c2cc(ccc2O1)NS(=O)(=O)c1ccccc1,0,0.022196,0.017651,0.003065
OCCCNC(=O)C1=Cc2ccccc2OC1=O,0,0.045120,0.080512,0.066702
C[C@H]1CN([C@@H](C)CO)C(=O)Cc2cc(ccc2O[C@H]1CN(C)C(=O)Nc1cccc2ccccc12)NC(=O)CCC(F)(F)F,0,0.101414,0.032013,0.016307
C[C@H]1CN([C@H](C)CO)C(=O)c2cc(ccc2O[C@H]1CN(C)S(=O)(=O)C)NC(=O)Nc1ccc2c(c1)OCO2,0,0.011342,0.018435,0.003298
C[C@@H]1CN([C@H](C)CO)C(=O)c2cc(ccc2O[C@@H]1CN(C)S(=O)(=O)c1c(noc1C)C)NC(=O)Nc1c(noc1C)C,0,0.046553,0.020910,0.007627
C[C@H]1CCCCO[C@@H](CN(C)C(=O)Nc2ccc3c(c2)OCO3)[C@H](C)CN([C@H](C)CO)C(=O)c2cc(ccc2O1)NS(=O)(=O)c1ccc(cc1)Cl,0,0.003538,0.017565,0.002059
C[C@H]1CN([C@H](C)CO)C(=O)Cc2cc(ccc2O[C@@H]1CN(C)Cc1ccc(cc1)Oc1ccccc1)NC(=O)Cn1cnnn1,0,0.001674,0.018962,0.004032
C[C@H]1CCCCO[C@H](CN(C)Cc2ccc(cc2)C(=O)O)[C@@H](C)CN([C@H](C)CO)C(=O)c2cc(ccc2O1)NC(=O)Nc1ccc(cc1)C(F)(F)F,0,0.548143,0.019770,0.004294
C[C@@H]1CCCCO[C@@H](CN(C)C(=O)Nc2ccc(cc2)C(F)(F)F)[C@@H](C)CN([C@H](C)CO)C(=O)c2cc(ccc2O1)NS(=O)(=O)c1ccc(cc1)F,0,0.146483,0.088610,0.008764
CC(C)NC(=O)Nc1ccc2c(c1)C(=O)N(C[C@H](C)[C@@H](CN(C)S(=O)(=O)C)OCCCC[C@@H](C)O2)[C@@H](C)CO,0,0.011673,0.017335,0.002946
COc1ccc(cc1OC)S(=O)(=O)N1[C@@H](C(=O)N2CCC[C@H]2C(=O)N)[C@@](O)(c2ccccc2Cl)c2cc(ccc21)Cl,0,0.093674,0.050839,0.025254
C[C@@H]1CCCCO[C@H](CN(C)Cc2ccc(cc2)C(=O)O)[C@@H](C)CN([C@@H](C)CO)C(=O)c2cc(ccc2O1)NC(=O)c1ccccc1,0,0.005096,0.026648,0.002431
O[C@@H]1Cc2c(cc(cc2O[C@@H]1C1=CC2=C(C=C(O)C(=O)C2=C(O)C(=C1)O)[C@H]1Oc2cc(cc(c2C[C@H]1O)O)O)O)O,0,0.980119,0.206705,0.031530
C[C@H]1CN([C@@H](C)CO)C(=O)c2c(c3ccccc3n2C)-c2ccccc2CO[C@H]1CN(C)Cc1cccc2c1OCCCO2,0,0.006118,0.022171,0.002452
COc1ccc(cc1)NC(=O)Nc1ccc2c(c1)C(=O)N(C[C@@H](C)[C@H](CN(C)Cc1ccncc1)OCCCC[C@@H](C)O2)[C@H](C)CO,0,0.012384,0.016512,0.001718
C[C@H]1CCCCO[C@H](CN(C)C(=O)Nc2cccc3ccccc23)[C@@H](C)CN([C@H](C)CO)C(=O)c2cc(ccc2O1)NS(=O)(=O)c1cn(cn1)C,0,0.007867,0.018999,0.002410
C[C@H]1CN([C@@H](C)CO)C(=O)c2cc(ccc2O[C@H]1CN(C)C(=O)Nc1ccc2c(c1)OCO2)NC(=O)Nc1cccc2ccccc12,0,0.006216,0.016663,0.002556
OCCN1[C@@H]2C(=O)N(CC=C[C@@]32O[C@@H]2/C=C\CCCOC(=O)[C@@H]2[C@H]3C1=O)Cn1nnc2ccccc12,0,0.811844,0.112648,0.071805
C[C@H]1CN([C@H](C)CO)C(=O)CCCn2nncc2CO[C@H]1CN(C)C(=O)c1ccc(cc1)N1CCN(C)CC1,0,0.040218,0.018159,0.005352
O[C@H]1COC[C@@H]2O[C@@H](CC[C@H]2N(C1)S(=O)(=O)c1ccc(cc1)Oc1ccccc1)CC(=O)NC1CCC1,0,0.071952,0.053389,0.020761
C[C@H]1CN([C@@H](C)CO)C(=O)Cc2cc(ccc2O[C@H]1CN(C)S(=O)(=O)c1ccc(cc1)Cl)NC(=O)Cn1cnnn1,0,0.003366,0.018522,0.004214
C[C@@H]1CCCCO[C@H](CN(C)Cc2ccc(cc2)C(F)(F)F)[C@@H](C)CN([C@H](C)CO)C(=O)c2cc(ccc2O1)NC(=O)Nc1ccc2c(c1)OCO2,0,0.084693,0.019657,0.004952
CCN(CC)CCNC(=O)c1ccc(NC(C)=O)cc1.Cl,0,0.366588,0.262240,0.087771
NS(=O)(=O)c1ccccc1,0,0.000026,0.047076,0.016226
COC(=O)c1c2oc(c1C(=O)OC)C(=O)N[C@@H](Cc1ccccc1)Cn1cc(nn1)[C@@H](Cc1ccccc1)NC(=O)N[C@@H](CO)CC2,0,0.020037,0.054039,0.019823
COc1ccc(cc1)S(=O)(=O)N(C)C[C@H]1Oc2cc(ccc2S(=O)(=O)N(C[C@H]1C)[C@H](C)CO)Br,0,0.069823,0.019699,0.005481
OC[C@H]1O[C@@H](O[C@@H](C#N)c2ccc(cc2)O)[C@H](O)[C@@H](O)[C@@H]1O,0,0.000579,0.118846,0.036939
C[C@H]1CCCCO[C@H](CN(C)Cc2ccc(cc2)C(=O)O)[C@@H](C)CN([C@@H](C)CO)C(=O)c2cc(ccc2O1)NS(=O)(=O)c1ccc(cc1)C,0,0.012557,0.023577,0.002238
C[C@@H]1CN([C@H](C)CO)S(=O)(=O)c2ccc(cc2O[C@@H]1CN(C)C(=O)c1cnccn1)C1=CCCC1,0,0.056044,0.017424,0.003894
CC(C)CCCC(C)C1CCC2C3CCC4CC(O)CCC4(C)C3CCC12C,0,0.951207,0.203223,0.064166
COc1ccc2c3c(n(c2c1)C)[C@H](CO)N(C[C@]13CN(C1)C(=O)c1ccccn1)S(=O)(=O)c1ccc(cc1)C,0,0.002545,0.021025,0.003295
NNC(=O)C1=C(O)C2=C(CCCC2)NC1=O,0,0.714063,0.068206,0.036037
C[C@@H]1CN([C@H](C)CO)C(=O)c2cc(ccc2O[C@H]1CN(C)Cc1ccc(cc1)Oc1ccccc1)NS(=O)(=O)c1ccccc1,0,0.000840,0.020299,0.003858
CC(C)C#Cc1ccc2c(c1)O[C@H](CN(C)C(=O)c1cccc(c1)F)[C@@H](C)CN([C@@H](C)CO)S2(=O)=O,0,0.120442,0.023781,0.005131
CC1C(=O)CCC1=O,0,0.097798,0.034331,0.008842
CC(=O)Nc1ccc(S(=O)(=O)Nc2ccc([N+](=O)[O-])cc2)cc1,0,0.106690,0.144415,0.040121
CC(C)NC(=O)Nc1cccc2c1O[C@@H](CN(C)Cc1ccc(cc1)C(=O)O)[C@@H](C)CN([C@H](C)CO)C2=O,0,0.069524,0.029896,0.006901
C[C@@H]1CCCCO[C@H](CN(C)C(=O)Nc2ccc(cc2)F)[C@H](C)CN([C@@H](C)CO)C(=O)c2cc(ccc2O1)NC(=O)Cc1ccccc1,0,0.024426,0.015622,0.002963
C[C@H]1CN([C@H](C)CO)C(=O)Cc2cc(ccc2O[C@H]1CN(C)S(=O)(=O)c1cccs1)NC(=O)CCN1CCOCC1,0,0.000279,0.017489,0.002184
C[C@@H]1CN([C@H](C)CO)C(=O)Cc2cc(ccc2O[C@H]1CN(C)Cc1ccc(cc1)Oc1ccccc1)NC(=O)Cc1ccccc1,0,0.002335,0.021347,0.004362
C[C@H]1CCCCO[C@@H](CN(C)CC2CCCCC2)[C@@H](C)CN([C@@H](C)CO)C(=O)c2cc(ccc2O1)NC(=O)Nc1ccccc1,0,0.064440,0.017287,0.004662
O=C1C=C2CC3(O)COc4cc(O)ccc4C3=C2C=C1O,0,0.007307,0.286380,0.131249
CC(C)NC(=O)N(C)C[C@@H]1Oc2ccc(cc2CC(=O)N(C[C@H]1C)[C@H](C)CO)NC(=O)NC1CCCCC1,0,0.018436,0.029245,0.005465
COCCCN1C(=O)[C@]2(Cc3ccccc31)[C@@H](N(Cc1ccccc1)C(=O)c1ccccc12)c1ccc(cc1)CO,0,0.009033,0.105745,0.033308
[O-][N+](=O)c1ccc(o1)/C=N/NC(=O)CN1CCOCC1,1,0.949140,0.568312,0.583940
C[C@H]1CN([C@H](C)CO)S(=O)(=O)c2ccc(cc2O[C@H]1CN(C)S(=O)(=O)c1cn(cn1)C)C#Cc1cccc(c1)F,0,0.058462,0.017971,0.002678
C[C@@H]1CN([C@@H](C)CO)C(=O)c2cc(ccc2O[C@H]1CN(C)S(=O)(=O)c1ccc(cc1)F)NS(=O)(=O)c1ccc(cc1)C,0,0.012495,0.017641,0.003705
COc1cccc(c1)C#Cc1cnc2c(c1)C(=O)N(C[C@H](C)[C@@H](CN(C)C(=O)C1CCC1)O2)[C@@H](C)CO,0,0.016269,0.019045,0.003773
CC(=O)N1CCS(=O)(=O)[C@H]2CCN(CC[C@@H]21)S(=O)(=O)Cc1ccccc1,0,0.005964,0.040061,0.011943
C[C@H]1CCCCO[C@@H](CN(C)S(=O)(=O)c2ccc(cc2)F)[C@@H](C)CN([C@@H](C)CO)C(=O)c2cc(ccc2O1)NC(=O)Nc1ccc(cc1)F,0,0.039373,0.017341,0.003166
COc1ccc(cc1)NC(=O)N(C)C[C@H]1Oc2ncc(cc2C(=O)N(C[C@@H]1C)[C@@H](C)CO)C#CCN(C)C,0,0.041692,0.020622,0.003009
CC1=CN2C(=O)C3=C(N=C2C=C1)N(C[C@H]1CCCO1)C(=N)C(=C3)C(=O)NCCN1CCOCC1,0,0.277560,0.075152,0.027419
OCc1ccc(cc1)[C@@H]1N(Cc2ccccc2)C(=O)c2ccccc2[C@@]11Cc2ccccc2N(C2CC2)C1=O,0,0.009140,0.120105,0.069698
C[C@@H]1CCCCO[C@H](CN(C)C(=O)Nc2ccc(cc2)C(F)(F)F)[C@H](C)CN([C@@H](C)CO)C(=O)c2cc(ccc2O1)N(C)C,0,0.491630,0.095767,0.032251
COc1ccc(cc1)S(=O)(=O)N(C)C[C@@H]1Oc2c(cccc2C(=O)N(C[C@@H]1C)[C@H](C)CO)NS(=O)(=O)c1ccc(cc1)C,0,0.009136,0.018051,0.003530
OC[C@H]1O[C@H](CC[C@@H]1NC(=O)CN1CCOCC1)CCn1cc(nn1)C1CCCC1,0,0.492372,0.049707,0.017314
C[C@H]1CN([C@@H](C)CO)C(=O)c2cc(ccc2O[C@H]1CN(C)C(=O)Nc1ccccc1)NC(=O)Nc1cccc2ccccc12,0,0.017717,0.018579,0.004869
Nc1ccc(cc1)[C@@H](O)[C@@H](O)CO,0,0.036680,0.030932,0.012829
C[C@H]1CN([C@H](C)CO)C(=O)c2cccc(c2O[C@@H]1CN(C)C(=O)Nc1c(noc1C)C)NC(=O)C1CCOCC1,0,0.049742,0.016721,0.002906
CC(C)Cc1ccc(cc1)CN1CC[C@@H](N)C1,0,0.201057,0.150690,0.038536
C[C@@H]1CCCCO[C@@H](CN(C)C(=O)Nc2ccc3c(c2)OCO3)[C@@H](C)CN([C@H](C)CO)C(=O)c2cc(ccc2O1)NC(=O)Nc1c(noc1C)C,0,0.007440,0.019338,0.002346
c1ccc2nc(ccc2c1)-c1cn[nH]c1,0,0.278684,0.250730,0.122743
COCCOC(=O)N1C(=O)[C@]2([C@@H]([C@@H]3N([C@H]([C@H](OC3=O)c3ccccc3)c3ccccc3)[C@@H]2c2ccc(cc2)O)C(=O)N2CCc3cc(c(cc3C2)OC)OC)c2cc(ccc21)C#Cc1ccc(cc1)OC,0,0.017009,0.064655,0.004410
C[C@H]1CN([C@@H](C)CO)C(=O)c2c(c3ccccc3n2C)-c2ccccc2CO[C@@H]1CN(C)C(=O)Oc1ccc(cc1)C,0,0.079623,0.016953,0.006127
C[C@H]1CCCCO[C@@H](CN(C)S(=O)(=O)c2cn(cn2)C)[C@H](C)CN([C@@H](C)CO)C(=O)c2cc(ccc2O1)NC(=O)c1ccncc1,0,0.001860,0.018371,0.002320
COc1ccc(cc1)S(=O)(=O)Nc1ccc2c(c1)C(=O)N(C[C@@H](C)[C@H](CN(C)CC1CCCCC1)OCCCC[C@@H](C)O2)[C@H](C)CO,0,0.013497,0.019068,0.003372
C[C@H]1CN([C@@H](C)CO)C(=O)c2cccc(c2O[C@@H]1CN(C)C(=O)Nc1ccc(cc1)C(F)(F)F)NC(=O)c1ccc(cc1)-c1nccs1,0,0.546081,0.125539,0.023238
C[C@@H]1CCCCO[C@H](CN(C)Cc2ccc3c(c2)OCO3)[C@@H](C)CN([C@@H](C)CO)C(=O)c2cc(ccc2O1)NC(=O)Nc1c(noc1C)C,0,0.016259,0.019399,0.003097
COC1C=COC2(C)Oc3c(C)c(O)c4c(O)c(c(C=NN5CCN(C)CC5)c(O)c4c3C2=O)NC(=O)C(C)=CC=CC(C)C(O)C(C)C(O)C(C)C(OC(C)=O)C1C,0,0.914045,0.922743,0.919183
OCC1OC(OC2C(CO)OC(O)C(O)C2O)C(O)C(O)C1O,0,0.014096,0.229327,0.064350
O[C@H]1COC[C@@H]2O[C@H](CC[C@H]2N(C1)C(=O)c1ccc2c(c1)OCO2)CC(=O)NCCN1CCCC1,0,0.158302,0.047482,0.008316
CC[C@@H](C)C(=O)O[C@@H]1C[C@@]2(C)[C@@H](OC(=O)C[C@]22O[C@]3(C)O[C@]11[C@]4(C)[C@@H](CC(=O)OC)[C@]5(C)C[C@@]4(O)[C@](O)([C@H]5OC(=O)[C@@]4(C)O[C@@H]4C)[C@@H](OC(=O)C(C)C)[C@@]21O3)c1ccoc1,0,0.005879,0.195850,0.037735
CO[C@@H](CN(C)C(=O)C1CCOCC1)[C@H](C)CN([C@@H](C)CO)C(=O)Nc1ccc(cc1)C(F)(F)F,1,0.850355,0.936705,0.977790
C[C@H]1CN([C@H](C)CO)C(=O)c2cccc(c2O[C@H]1CN(C)C(=O)Nc1ccccc1)NS(=O)(=O)c1c(noc1C)C,0,0.034823,0.017726,0.003972
NC[C@@H](O)c1ccc2ccccc2c1,0,0.572124,0.154282,0.047026
OC[C@H]1O[C@H]([C@H](O)[C@@H]1O)N1C=CC=NC1=O,0,0.275478,0.143116,0.126470
CO[C@@H](CN(C)C(=O)c1ccc2c(c1)OCO2)[C@@H](C)CN([C@H](C)CO)S(=O)(=O)c1ccc(cc1)C,0,0.048111,0.018467,0.003166
COc1ccc(cc1)S(=O)(=O)N(C)C[C@@H]1OCCCC[C@@H](C)Oc2ccc(cc2C(=O)N(C[C@@H]1C)[C@H](C)CO)NC(=O)CCC(F)(F)F,0,0.021353,0.018411,0.003406
CN(CC(=O)Nc1cccc(c1)S(=O)(=O)N1CCOCC1)CC(=O)Nc1ccc(c(c1)C(F)(F)F)Cl,0,0.921177,0.294479,0.265501
COc1ccc2c3c(n(c2c1)C)[C@H](CO)N(C[C@]13CCN(CC1)C(=O)Nc1ccc(cc1F)F)C(=O)Nc1ccc(cc1)F,0,0.617136,0.218047,0.056282
CCS(=O)(=O)Nc1ccc2c(c1)C(=O)N(C)[C@H]1CC[C@H](CC(=O)N[C@H]3CCN(C3)Cc3ccccc3)O[C@H]1CO2,0,0.006378,0.018314,0.005210
COCCNC(=O)C[C@H]1C[C@@H]2[C@@H](Oc3ccc(cc32)NC(=O)COC)[C@@H](CO)O1,0,0.086280,0.024470,0.006215
C[C@@H]1CN([C@H](C)CO)C(=O)c2cc(cnc2O[C@H]1CN(C)C(=O)c1cnccn1)-c1cccc(c1)C#N,0,0.000207,0.016870,0.002796
C[C@H]1CN([C@@H](C)CO)S(=O)(=O)c2ccc(cc2O[C@H]1CN(C)S(=O)(=O)c1ccccc1F)Br,0,0.169947,0.024048,0.008193
C[C@@H]1CN([C@@H](C)CO)C(=O)c2cccc(c2O[C@@H]1CN(C)Cc1ccc(c(c1)Cl)Cl)NC(=O)Nc1ccc(cc1)C(F)(F)F,0,0.947555,0.078654,0.031680
C[C@H]1CN([C@H](C)CO)C(=O)c2cc(ccc2O[C@@H]1CN(C)C(=O)Nc1cccc2ccccc12)NC(=O)NC1CCCCC1,0,0.024521,0.017782,0.004987
OC[C@H]1O[C@@H](Oc2ccc(cc2)O)[C@H](O)[C@@H](O)[C@@H]1O,0,0.012649,0.063370,0.014197
COc1ccc(cc1)NC(=O)Nc1cccc2c1O[C@@H](CN(C)S(=O)(=O)C)[C@H](C)CN([C@H](C)CO)C2=O,0,0.063058,0.017291,0.002962
CN[C@@H]1[C@@H](O)[C@H](OC[C@]1(C)O)O[C@H]1[C@H](N)C[C@H](N)[C@@H](O[C@H]2OC(=CC[C@H]2N)CN)[C@@H]1O,0,0.894424,0.863516,0.649905
COc1ccc(cc1)NC(=O)Nc1ccc2c(c1)C(=O)N(C[C@@H](C)[C@@H](CN(C)S(=O)(=O)c1ccc(cc1)C)OCCCC[C@@H](C)O2)[C@@H](C)CO,0,0.005199,0.017489,0.001681
OC[C@@H]1[C@H]2CN3C(=O)C(=CC=C3[C@H]2N[C@H]1C(=O)NCCN1CCCC1)c1ccccc1,0,0.224179,0.038888,0.026757
COCC#Cc1ccc2c(c1)O[C@H](CN(C)S(=O)(=O)c1cccc(c1)F)[C@H](C)CN([C@@H](C)CO)S2(=O)=O,0,0.107703,0.020217,0.004560
C[C@@H]1CCCCO[C@H](CN(C)S(=O)(=O)c2ccc(cc2)C)[C@@H](C)CN([C@@H](C)CO)C(=O)c2cc(ccc2O1)NS(=O)(=O)C,0,0.007969,0.017512,0.002181
OC(=O)C[C@](O)(CC(=O)O[Bi]1OC(=O)C[C@@](O)(CC(=O)O)C(=O)O1)C(=O)O,0,0.982658,0.223571,0.243305
CCOC(=O)Nc1ccc(s1)C,0,0.609451,0.032131,0.018394
O=C(OC1CC2CCC(C1)[N+]21CCCC1)C(O)(c1ccccc1)c1ccccc1.[Cl-],0,0.206846,0.252938,0.201012
C[C@H]1CN([C@@H](C)CO)C(=O)c2cc(ccc2O[C@H]1CN(C)Cc1ccc(cc1)-c1ccccc1)NC(=O)Nc1c(noc1C)C,0,0.118172,0.018287,0.004759
CN(Cc1ccc(cc1)C(C)(C)C)Cc1cccc2ccccc12,0,0.678955,0.455888,0.240517
CN(C)CCCNC(=O)C[C@@H]1O[C@@H](CO)[C@@H](NS(=O)(=O)c2ccccc2)C=C1,0,0.015696,0.022904,0.007440
C[C@@H]1CCCCO[C@H](CN(C)C(=O)Nc2ccc3c(c2)OCO3)[C@H](C)CN([C@H](C)CO)C(=O)c2cc(ccc2O1)NC(=O)CCC(F)(F)F,0,0.062279,0.046702,0.008148
C[C@H]1CCCCO[C@H](CN(C)Cc2ccc(c(c2)Cl)Cl)[C@@H](C)CN([C@H](C)CO)C(=O)c2cc(ccc2O1)NS(=O)(=O)c1ccc(cc1)F,0,0.050414,0.017112,0.002212
COCCCNC(=O)C1[C@@H]2CC[C@H]1CNC2,0,0.492090,0.043101,0.012462
COc1ccc(cc1)NC(=O)Nc1ccc2c(c1)C(=O)N(C[C@H](C)[C@H](CN(C)C(=O)CCC(F)(F)F)OCCCC[C@H](C)O2)[C@H](C)CO,0,0.045382,0.022775,0.004283
C[C@H]1CCCCO[C@@H](CN(C)S(=O)(=O)c2ccc(cc2)Cl)[C@@H](C)CN([C@@H](C)CO)C(=O)c2cc(ccc2O1)NS(=O)(=O)c1ccc(cc1)F,0,0.009628,0.016978,0.002585
C[C@@H]1CCCCO[C@H](CN(C)Cc2ccncc2)[C@@H](C)CN([C@@H](C)CO)C(=O)c2cc(ccc2O1)NC(=O)Nc1ccc(cc1)F,0,0.062048,0.016207,0.002390
COc1ccc2c3c([nH]c2c1)[C@@H](CO)N(C[C@]13CCN(CC1)C(=O)c1cnccn1)C(=O)c1cnccn1,0,0.057516,0.036311,0.020702
CC(C)NC(=O)N(C)C[C@@H]1Oc2ccc(cc2CC(=O)N(C[C@H]1C)[C@@H](C)CO)NC(=O)Nc1c(noc1C)C,0,0.030610,0.022384,0.004530
C[C@H]1CN([C@H](C)CO)C(=O)c2cccc(c2O[C@H]1CN(C)S(=O)(=O)c1cn(cn1)C)NC(=O)c1cnccn1,0,0.034894,0.019110,0.002847
COc1ccc(cc1)CN(C)C[C@@H]1OCCCC[C@H](C)Oc2ccc(cc2C(=O)N(C[C@H]1C)[C@@H](C)CO)NS(=O)(=O)c1ccccc1,0,0.002918,0.017948,0.002259
C[C@H]1CCCCO[C@H](CN(C)S(=O)(=O)C)[C@@H](C)CN([C@H](C)CO)C(=O)c2cc(ccc2O1)N(C)C,0,0.007180,0.017697,0.003081
C[C@H]1CN([C@@H](C)CO)C(=O)Cc2cc(ccc2O[C@H]1CN(C)Cc1ccc(cc1)C(F)(F)F)NC(=O)Nc1ccc2c(c1)OCO2,0,0.061858,0.018741,0.007906
C[C@H]1CN([C@H](C)CO)C(=O)c2cc(ccc2O[C@H]1CN(C)Cc1ccc2c(c1)OCO2)NC(=O)c1ccncc1,0,0.002831,0.016750,0.002151
COc1ccc2c3c(n(c2c1)C)[C@@H](CO)N(C[C@]13CCN(CC1)C(=O)Nc1cccc(c1)F)C(=O)CN1CCOCC1,0,0.061749,0.080566,0.032329
CC[C@@H](NC1=NNC(=O)NC1=O)C(=O)OC,0,0.260279,0.048823,0.034111
C[C@@H]1CN([C@H](C)CO)C(=O)Cc2cc(ccc2O[C@H]1CN(C)C(=O)Nc1ccc(cc1)C(F)(F)F)NC(=O)Cc1ccccc1,0,0.218547,0.061245,0.042049
C[C@@H]1CCCCO[C@@H](CN(C)CC2CCCCC2)[C@H](C)CN([C@@H](C)CO)C(=O)c2cc(ccc2O1)NC(=O)Nc1ccc2c(c1)OCO2,0,0.031979,0.017181,0.003670
C[C@@H]1CN([C@H](C)CO)C(=O)c2cc(ccc2O[C@H]1CN(C)Cc1ccncc1)NS(=O)(=O)c1cn(cn1)C,0,0.011964,0.017329,0.002098
NCC[C@H]1CC[C@@H](NC(=O)c2ccccc2F)[C@@H](CO)O1,0,0.334070,0.036197,0.019280
Clc1ccc(cc1)NC(=O)c1sc2ccccc2c1Cl,0,0.778540,0.634621,0.814097
C[C@H]1CN([C@@H](C)CO)C(=O)Cc2cc(ccc2O[C@H]1CN(C)Cc1ccc(cc1)C(=O)Nc1ccccc1N)NC(=O)CCN1CCOCC1,0,0.001548,0.017945,0.003218
OC(=O)CNC(=O)c1ccccc1,0,0.025455,0.025643,0.022340
C[C@@H]1CN([C@@H](C)CO)S(=O)(=O)c2ccc(cc2O[C@@H]1CN(C)S(=O)(=O)c1ccc(cc1)F)Br,0,0.170671,0.023463,0.006712
C[C@@H]1CN([C@H](C)CO)C(=O)Cc2cc(ccc2O[C@H]1CN(C)S(=O)(=O)c1cn(cn1)C)NC(=O)C1CCCCC1,0,0.006545,0.017985,0.003396
CN1CCN(CC1)C(=O)[C@H]1[C@H](CO)[C@H]2CN3C(=O)C(=CC=C3[C@@H]1N2C(=O)C)c1ccccc1,0,0.105014,0.050104,0.013829
C[C@@H]1CN([C@@H](C)CO)C(=O)Cc2cc(ccc2O[C@@H]1CN(C)S(=O)(=O)c1c(noc1C)C)NS(=O)(=O)C,0,0.014029,0.019287,0.004387
C=CCNC(=O)C(=O)NC[C@H]1OCCCN1S(=O)(=O)c1ccccc1,0,0.060202,0.027658,0.030508
C[C@H]1CCCCO[C@@H](CN(C)S(=O)(=O)c2ccc(cc2)Cl)[C@H](C)CN([C@H](C)CO)C(=O)c2cc(ccc2O1)NC(=O)Cc1ccccc1,0,0.003726,0.017410,0.002102
Oc1ccc(O)cc1,0,0.134978,0.114250,0.039235
COc1ccc(cc1)[Si](C)(C)[C@H]1[C@H](C)[C@]2(O[C@@H]1CCO)C(=O)N(Cc1ccccc1)c1ccc(cc12)N(C=O)c1ccccc1,0,0.014540,0.031570,0.018281
C[C@@H]1CN([C@H](C)CO)S(=O)(=O)c2ccc(cc2O[C@H]1CN(C)C(=O)Cc1ccncc1)C#Cc1ccccc1F,0,0.053292,0.024484,0.003126
C[C@H]1CCCCO[C@@H](CN(C)C(=O)CCC(F)(F)F)[C@H](C)CN([C@@H](C)CO)C(=O)c2cc(ccc2O1)NC(=O)CCC(F)(F)F,0,0.084337,0.147976,0.071268
CN(C)CC(c1ccc(O)cc1)C1(O)CCCCC1.O=C(O)CCC(=O)O,0,0.520606,0.353327,0.200166
C[C@@H]1CN([C@H](C)CO)C(=O)c2cccc(c2O[C@@H]1CN(C)Cc1ccncc1)NC(=O)Nc1cccc2ccccc12,0,0.019478,0.017777,0.002501
C[C@@H]1CN([C@H](C)CO)S(=O)(=O)c2ccc(cc2O[C@H]1CN(C)C(=O)c1ccncc1)C#CC1(O)CCCC1,0,0.007121,0.018259,0.002595
O=C(NCc1ccc(s1)S(=O)(=O)N1CCOCC1)c1cccnc1C(=O)N1CCOCC1,0,0.000205,0.060935,0.010340
C[C@@H]1CN([C@H](C)CO)C(=O)c2ccccc2-c2ccccc2CO[C@@H]1CN(C)S(=O)(=O)c1ccc(cc1)C(F)(F)F,0,0.157695,0.045322,0.017021
CCCC(=O)Nc1ccc2c(c1)C(=O)N(C)[C@H]1CC[C@@H](CC(=O)NCCN3CCCCC3)O[C@H]1CO2,0,0.026554,0.022489,0.011821
COc1cccc(c1)NC(=O)N1C[C@@H](O)COC[C@@H]2O[C@H](CC[C@H]21)CC(=O)NC1Cc2ccccc2C1,0,0.407218,0.165806,0.094667
C[C@H]1CN([C@@H](C)CO)C(=O)Cc2cc(ccc2O[C@H]1CN(C)Cc1ccc(cc1)C(=O)Nc1ccccc1N)NC(=O)Nc1cccc2ccccc12,0,0.006619,0.019085,0.002394
O=C([O-])P(=O)([O-])[O-].[Na+].[Na+].[Na+],0,0.089646,0.188031,0.094346
C[C@H]1CN([C@@H](C)CO)C(=O)Cc2cc(ccc2O[C@H]1CN(C)C(=O)Nc1ccc2c(c1)OCO2)NC(=O)Nc1cccc2ccccc12,0,0.003030,0.017101,0.002111
C[C@@H]1CN([C@H](C)CO)C(=O)c2cc(ccc2O[C@@H]1CN(C)C(=O)Nc1ccccc1)NC(=O)Nc1ccc(cc1)C(F)(F)F,0,0.710631,0.322597,0.153733
C[C@@H]1CCCCO[C@@H](CN(C)Cc2ccc(cc2)C(F)(F)F)[C@@H](C)CN([C@H](C)CO)C(=O)c2cc(ccc2O1)NC(=O)c1ccccc1,0,0.070438,0.014810,0.003213
COc1ccc(cc1)NC(=O)N(C)C[C@@H]1Oc2ccc(cc2C(=O)N(C[C@@H]1C)[C@H](C)CO)NC(=O)Nc1cccc2ccccc12,0,0.022073,0.017127,0.003368
CC(C)NC(=O)Nc1ccc2c(c1)C(=O)N(C[C@H](C)[C@H](CN(C)Cc1ccc(cc1)C(F)(F)F)OCCCC[C@H](C)O2)[C@@H](C)CO,0,0.344171,0.034153,0.015896
C[C@H]1CCCCO[C@@H](CN(C)CC2CCCCC2)[C@@H](C)CN([C@@H](C)CO)C(=O)c2cc(ccc2O1)NS(=O)(=O)c1ccc(cc1)C,0,0.017341,0.019051,0.003761
C[C@H]1CN([C@@H](C)CO)S(=O)(=O)c2ccc(cc2O[C@@H]1CN(C)S(=O)(=O)c1cn(cn1)C)C1=CCCCC1,0,0.011739,0.017637,0.003884
C=CCc1ccccc1OCC(O)CNC(C)C.Cl,0,0.113812,0.136835,0.067488
CCCCCCO[C@H](C)c1c(c/2[nH]c1/C=C/1\N=C(/C=C/3\NC4=C(CC(=O)C4=C3C)C3=N/C(=C2)[C@@H](C)[C@@H]3CCC(=O)O)C(=C1C)CC)C,0,0.999731,0.489148,0.197581
C[C@@H]1O[C@@H](O[C@H]2[C@H](O)[C@@H](O)[C@@H](O[C@@H]2CO)OC(=O)[C@@]23CCC(C)(C)C[C@H]3C3=CC[C@H]4[C@@]5(C)CC[C@H](O[C@@H]6O[C@@H]([C@@H](O)[C@H](O)[C@H]6O)C(=O)O)C(C)(C)[C@@H]5CC[C@@]4(C)[C@]3(C)CC2)[C@H](O)[C@H](O)[C@H]1O,0,0.935899,0.338258,0.077426
C[C@@H]1CN([C@@H](C)CO)C(=O)c2cccc(c2O[C@@H]1CN(C)Cc1ccc(cc1)C(=O)Nc1ccccc1N)NC(=O)c1ccc(cc1)-c1nccs1,0,0.007272,0.020073,0.002284
CC(C)NC(=O)N(C)C[C@H]1Oc2cc(ccc2S(=O)(=O)N(C[C@@H]1C)[C@H](C)CO)-c1ccccc1F,0,0.113913,0.027669,0.006403
COc1ccc(cc1)CNC(=O)C[C@H]1C[C@H]2[C@H](Oc3ccc(cc32)NS(=O)(=O)c2ccc(cc2)F)[C@@H](CO)O1,0,0.031135,0.019099,0.006007
C[C@H]1CN([C@H](C)CO)C(=O)Cc2cc(ccc2O[C@H]1CN(C)Cc1ccc(cc1)Oc1ccccc1)NC(=O)Nc1ccc(cc1)F,0,0.019591,0.022036,0.004962
COCC(=O)N1C[C@@H](C)[C@H](CN(C)C(=O)c2cc(ccc2OC[C@H]1C)NC(=O)c1cc(on1)C)OC,0,0.008306,0.018329,0.004459
C[C@@H]1CN([C@@H](C)CO)C(=O)c2cc(ccc2O[C@H]1CN(C)Cc1ccc(c(c1)Cl)Cl)NC(=O)Cn1cnnn1,0,0.044695,0.028072,0.006602
C[C@@H]1CCCCO[C@@H](CN(C)C(=O)Nc2ccc(cc2)F)[C@@H](C)CN([C@H](C)CO)C(=O)c2cc(ccc2O1)NS(=O)(=O)c1ccc(cc1)F,0,0.045738,0.017146,0.002827
C[C@H]1CCCCO[C@@H](CN(C)C(=O)Cc2ccccc2)[C@@H](C)CN([C@H](C)CO)C(=O)c2cc(ccc2O1)NC(=O)Nc1cccc2ccccc12,0,0.004035,0.016481,0.002255
CC12CCC3C(CCC4(O)CC(O)CCC34C=O)C1(O)CCC2C1=CC(=O)OC1,0,0.595689,0.367657,0.217339
C[C@@H]1CCCCO[C@@H](CN(C)C(=O)Nc2c(noc2C)C)[C@@H](C)CN([C@H](C)CO)C(=O)c2cc(ccc2O1)NC(=O)c1ccccc1,0,0.006252,0.017277,0.001830
C[C@H]1CN([C@H](C)CO)C(=O)c2cccc(c2O[C@H]1CN(C)S(=O)(=O)c1cn(cn1)C)NS(=O)(=O)c1ccccc1,0,0.004977,0.018657,0.003748
CO[C@@H]1CN(C)C(=O)c2ccc(cc2OC[C@H](C)N(C[C@@H]1C)C(=O)CN(C)C)NC(=O)Nc1ccccc1,0,0.035675,0.022825,0.005033
C[C@@H]1CN([C@@H](C)CO)C(=O)Cc2cc(ccc2O[C@H]1CN(C)Cc1ccncc1)NS(=O)(=O)c1ccc(cc1)F,0,0.005632,0.017465,0.002085
C[C@H]1CN([C@H](C)CO)C(=O)c2cc(ccc2O[C@H]1CN(C)Cc1ccc(cc1)Oc1ccccc1)NC(=O)C1CC1,0,0.012874,0.020688,0.005849
C[C@H]1CN([C@@H](C)CO)C(=O)c2cc(ccc2O[C@H]1CN(C)Cc1ccc(cc1)Oc1ccccc1)NC(=O)Cc1cn(c2ccccc12)C,0,0.003047,0.017884,0.002819
CN(C)CCCNC(=O)C[C@H]1CC[C@@H]2[C@@H](COc3ccc(cc3C(=O)N2C)NC(=O)NC2CCCC2)O1,0,0.069948,0.022436,0.009436
COC1=CC=CN(CC(=O)N2CCO[C@@H](CCN)C2)C1=O,0,0.015434,0.104103,0.020108
O=C(N1CCCC1)N1CCNCC1,0,0.027491,0.024108,0.006497
C[C@@H]1CN([C@H](C)CO)C(=O)c2cc(ccc2O[C@H]1CN(C)Cc1ccc(cc1)C(=O)O)NS(=O)(=O)c1cn(cn1)C,0,0.020698,0.024834,0.002173
C[C@H]1CCCCO[C@@H](CN(C)C(=O)Nc2ccc(cc2)C(F)(F)F)[C@H](C)CN([C@@H](C)CO)C(=O)c2cc(ccc2O1)NC(=O)CCC(F)(F)F,0,0.533840,0.072376,0.040242
C[C@H]1CN([C@H](C)CO)C(=O)c2cccc(c2O[C@@H]1CN(C)Cc1ccc2c(c1)OCO2)NS(=O)(=O)C,0,0.021019,0.017559,0.003549
CC(C)N1C[C@H](C)[C@@H](CN(C)Cc2ccc(cc2)Oc2ccccc2)Oc2c(cccc2-c2cn(nn2)-c2ccncc2)C1=O,0,0.265124,0.123014,0.042461
COCC#Cc1ccc2c(c1)O[C@@H](CN(C)S(=O)(=O)c1ccc(cc1)F)[C@H](C)CN([C@@H](C)CO)S2(=O)=O,0,0.109589,0.019457,0.004256
COc1ccc(cc1)NC(=O)N(C)C[C@H]1Oc2c(cccc2C(=O)N(C[C@@H]1C)[C@@H](C)CO)NS(=O)(=O)c1cn(cn1)C,0,0.043543,0.016910,0.002438
CCCCCC/C=C\CCCCCCCC(=O)O,0,0.023901,0.119886,0.052907
C[C@@H]1CN([C@@H](C)CO)C(=O)c2cc(ccc2O[C@H]1CN(C)Cc1ccc(cc1)C(F)(F)F)NC(=O)NC1CCCCC1,0,0.417629,0.052657,0.079462
COc1ccc(cc1)NC(=O)Nc1ccc2c(c1)CC(=O)N(C[C@@H](C)[C@@H](CN(C)Cc1ccc(c(c1)Cl)Cl)O2)[C@@H](C)CO,0,0.123908,0.041746,0.006111
C[C@H]1CCCCO[C@@H](CN(C)C(=O)Nc2cccc3ccccc23)[C@@H](C)CN([C@@H](C)CO)C(=O)c2cc(ccc2O1)NS(=O)(=O)c1ccc(cc1)F,0,0.009070,0.018412,0.002295
OC[C@H]1O[C@@H](C[C@@H]2[C@H]1Oc1ccc(cc12)NS(=O)(=O)c1ccc(cc1)F)CC(=O)NCc1ccccn1,0,0.011965,0.018811,0.005589
C[C@@H]1CCCCO[C@@H](CN(C)CC2CCCCC2)[C@@H](C)CN([C@@H](C)CO)C(=O)c2cc(ccc2O1)NC(=O)Nc1ccc2c(c1)OCO2,0,0.031979,0.017181,0.003670
C[C@@H]1CN([C@@H](C)CO)C(=O)c2cc(ccc2O[C@H]1CN(C)C(=O)Nc1cccc2ccccc12)NC(=O)NC1CCCCC1,0,0.024521,0.017782,0.004987
N[C@@H](COC(=O)C[N+]#N)C(=O)O,0,0.000017,0.031579,0.013597
COc1ccc(cc1)CN(C)C[C@@H]1Oc2ccc(cc2CC(=O)N(C[C@@H]1C)[C@H](C)CO)NS(=O)(=O)c1cn(cn1)C,0,0.006260,0.017522,0.002324
C[C@H]1CCCCO[C@@H](CN(C)C(=O)Nc2cccc3ccccc23)[C@@H](C)CN([C@H](C)CO)C(=O)c2cc(ccc2O1)NS(=O)(=O)c1ccc(cc1)C,0,0.003302,0.018774,0.001737
ONC(=O)CCC#C,0,0.001517,0.040563,0.014679
COc1ccc(cc1)NC(=O)N(C)C[C@H]1OCCCC[C@@H](C)Oc2ccc(cc2C(=O)N(C[C@H]1C)[C@@H](C)CO)NS(=O)(=O)c1c(noc1C)C,0,0.007543,0.017429,0.002201
C[C@H]1CN([C@H](C)CO)S(=O)(=O)c2ccc(cc2O[C@@H]1CN(C)C(=O)Cc1ccncc1)C#CC1CC1,0,0.033660,0.020824,0.003056
CC1=C2C(O)C(=O)OC3CC4C(C)(C)C(=O)C=CC4(C)C(CC1)C23C,0,0.500465,0.437507,0.355045
C[C@H]1CN([C@@H](C)CO)C(=O)c2cc(ccc2O[C@H]1CN(C)Cc1ccc2c(c1)OCO2)NC(=O)c1ccncc1,0,0.002831,0.016750,0.002151
COc1ccc(cc1OC)N1[C@H](CC(=O)C2=C1SC(=CC2=O)c1ccc(c(c1)OC)O)c1ccc(c(c1)OC)O,0,0.939855,0.096988,0.032751
C[C@@H](N(C1CCCCC1)C(=O)Nc1ccccc1)c1cccnc1,0,0.563809,0.585954,0.229069
NC(=O)c1c(ncc2c1NCC2)Cl,0,0.411067,0.060444,0.011651
COCC#Cc1ccc2c(c1)O[C@H](CN(C)Cc1ccc(cc1)F)[C@@H](C)CN([C@@H](C)CO)S2(=O)=O,0,0.181944,0.020451,0.004093
CCS(=O)(=O)N1C[C@]2(CN(C2)C(=O)Nc2ccc3c(c2)OCO3)c2c(n(c3cc(ccc23)OC)C)[C@@H]1CO,0,0.002287,0.018545,0.004353
C[C@H]1CN([C@H](C)CO)C(=O)c2cc(ccc2O[C@@H]1CN(C)Cc1ccc(cc1)C(=O)O)NS(=O)(=O)c1cn(cn1)C,0,0.020698,0.024834,0.002173
C1CN(CCN1)CCc1ccccn1,0,0.015648,0.043144,0.019182
CN1C(=O)N(C)c2c(cn3ncccc23)C1=O,0,0.056878,0.113115,0.059240
C[C@H]1CN([C@@H](C)CO)C(=O)c2cccc(c2O[C@@H]1CN(C)Cc1ccc(cc1)Oc1ccccc1)NC(=O)c1nc2ccccc2s1,0,0.001310,0.018462,0.004210
O=C(NCc1ccccc1)[C@H]1C[C@H]2CNC[C@H]1O2,0,0.118704,0.051473,0.010183
C[C@H]1CN([C@H](C)CO)C(=O)c2cc(ccc2O[C@H]1CN(C)Cc1ccc(cc1)Oc1ccccc1)NC(=O)Nc1ccccc1,0,0.008177,0.018270,0.004815
CCOC(=O)[C@@H]1CCC[C@@H]1N,0,0.015733,0.020966,0.005256
OCCCOc1ccc(cc1)C1=N[C@]2(CCS(=O)(=O)c3ccccc3)[C@H](O1)c1ccccc1CN(Cc1ccccc1)C2=O,0,0.000631,0.047472,0.023341
CO[C@@H]1CN(C)C(=O)c2cc(ccc2OC[C@@H](C)N(C[C@@H]1C)Cc1ccc(cc1)-c1ccccn1)NC(=O)CCCC[C@@H]1SC[C@@H]2NC(=O)N[C@@H]21,0,0.011399,0.038305,0.015792
O=S1(=O)COC2(CNC2)CN1,0,0.009861,0.025815,0.006078
N[C@H]1CCN(O)C1=O,0,0.014078,0.020676,0.004518
C[C@H]1CN([C@@H](C)CO)C(=O)c2cc(ccc2O[C@@H]1CN(C)S(=O)(=O)c1ccc(cc1)F)NC(=O)Nc1ccc(cc1)C(F)(F)F,0,0.513629,0.121943,0.012764
CC(C)(C)c1n[nH]c(c1Cc1c(cccc1Cl)F)C(C)(C)C,0,0.948557,0.288852,0.288855
C[C@H]1CCCCO[C@H](CN(C)C(=O)c2ccccc2)[C@@H](C)CN([C@H](C)CO)C(=O)c2cc(ccc2O1)NC(=O)C1CCCCC1,0,0.001612,0.016817,0.002449
COc1ccc(cc1)S(=O)(=O)N(C)C[C@@H]1Oc2cc(ccc2S(=O)(=O)N(C[C@@H]1C)[C@H](C)CO)C#CC1CC1,0,0.026434,0.021080,0.003234
C[C@@H]1CN([C@@H](C)CO)C(=O)CCCn2cc(nn2)CO[C@@H]1CN(C)S(=O)(=O)c1ccc(cc1)C#N,0,0.000054,0.021317,0.003482
COc1ccc(cc1)CN1C[C@]2(CCN(CC2)S(=O)(=O)c2cn(cn2)C)c2c([nH]c3cc(ccc23)OC)[C@H]1CO,0,0.017620,0.021612,0.004813
C1CNCCNCCCN(CCNC1)Cc1ccc(cc1)CN1CCCNCCNCCCNCC1,0,0.101772,0.379056,0.120093
CC(=O)NCCCC[C@@H]1NC(=O)[C@@H]2C[C@@H]([C@@H](N2C1=O)c1ccc(cc1)O)C(=O)NCc1ccc(cc1)F,0,0.363256,0.199047,0.134106
C[C@@H]1CN([C@@H](C)CO)C(=O)c2cc(ccc2O[C@H]1CN(C)Cc1ccncc1)NS(=O)(=O)c1c(noc1C)C,0,0.007158,0.017401,0.002392
C[C@H]1CN([C@H](C)CO)C(=O)c2cccc(c2O[C@H]1CN(C)Cc1ccc(cc1)C(F)(F)F)NC(=O)Nc1ccc2c(c1)OCO2,0,0.212582,0.040877,0.042333
C[C@@H]1CCCCO[C@@H](CN(C)Cc2ccncc2)[C@@H](C)CN([C@H](C)CO)C(=O)c2cc(ccc2O1)NS(=O)(=O)C,0,0.016368,0.017728,0.002381
ONC(=O)CCCCCNC(=O)OCc1ccc(cc1)CO[C@H]1C[C@H](C=C(O1)C(=O)N1CCN(CC1)Cc1ccccc1)C1CCCCC1,0,0.000078,0.131048,0.042746
C[C@@H]1CN([C@H](C)CO)C(=O)Cc2cc(ccc2O[C@@H]1CN(C)Cc1ccccc1)NC(=O)Nc1ccc(cc1)C(F)(F)F,0,0.266005,0.155886,0.072930
COC1=C(C#N)C(=O)N(C)C=C1,0,0.000435,0.056019,0.038989
OC[C@@H]1O[C@H](CC(=O)NCc2ccncn2)C=C[C@@H]1NC(=O)c1cccnc1,0,0.017954,0.022649,0.010245
C[C@H]1CN([C@@H](C)CO)C(=O)Cc2cc(ccc2O[C@@H]1CN(C)Cc1ccc(cc1)Oc1ccccc1)NC(=O)Nc1ccccc1,0,0.007653,0.021282,0.004177
COc1ccc(cc1)CN(C)C[C@H]1OCCCC[C@H](C)Oc2ccc(cc2C(=O)N(C[C@@H]1C)[C@@H](C)CO)NC(=O)CCC(F)(F)F,0,0.100231,0.017320,0.006595
O[C@H]1COC[C@@H]2O[C@@H](CC[C@H]2N(C1)S(=O)(=O)c1ccccc1)CC(=O)NCc1ccc(cc1)-c1ccccc1,0,0.192774,0.040099,0.013142
COc1ccc(cc1)S(=O)(=O)Nc1cccc2c1O[C@H](CN(C)C(=O)NC(C)C)[C@@H](C)CN([C@H](C)CO)C2=O,0,0.032748,0.019421,0.004173
[O-][N+](=O)c1ccc2c3c(cccc13)CC2,0,0.744011,0.278093,0.168104
C[C@H]1CCCCO[C@H](CN(C)S(=O)(=O)c2ccc(cc2)C)[C@@H](C)CN([C@@H](C)CO)C(=O)c2cc(ccc2O1)NC(=O)Cc1ccccc1,0,0.001427,0.017524,0.001935
C[C@H]1CCCCO[C@@H](CN(C)Cc2ccncc2)[C@@H](C)CN([C@@H](C)CO)C(=O)c2cc(ccc2O1)NC(=O)Nc1ccc2c(c1)OCO2,0,0.007177,0.016595,0.002160
C[C@H]1CN([C@@H](C)CO)C(=O)Cc2cc(ccc2O[C@H]1CN(C)C(=O)NC1CCCCC1)NC(=O)CCN1CCOCC1,0,0.001916,0.019592,0.003318
C[C@@H]1CN([C@@H](C)CO)C(=O)c2cccc(c2O[C@H]1CN(C)Cc1ccc(cc1)Oc1ccccc1)NC(=O)C1CCCCC1,0,0.019605,0.019859,0.007531
C[C@@H]1CCCCO[C@H](CN(C)S(=O)(=O)c2ccccc2)[C@H](C)CN([C@@H](C)CO)C(=O)c2cc(ccc2O1)NC(=O)c1ccccc1,0,0.000396,0.017559,0.001906
N[C@@H](CCC(=O)O)C=C,0,0.012453,0.026690,0.008833
C[C@H]1CCCCO[C@H](CN(C)C(=O)CCC(F)(F)F)[C@@H](C)CN([C@H](C)CO)C(=O)c2cc(ccc2O1)NC(=O)Nc1ccc2c(c1)OCO2,0,0.029655,0.056671,0.007560
CC(=O)N[C@H]1[C@@H](O)O[C@@H](CO)[C@@H](O)[C@@H]1O,0,0.001901,0.045241,0.016498
CC(C)Oc1ccc2c(=O)c(-c3ccccc3)coc2c1,0,0.144307,0.325778,0.233710
COc1ccc2c3c(n(c2c1)C)[C@H](CO)N(C[C@]13CN(C1)S(=O)(=O)c1ccc(cc1)C)S(=O)(=O)c1ccc(cc1)C,0,0.005589,0.024568,0.009481
OC(=O)c1ccccc1NC(=O)c1nnc[nH]1,0,0.795462,0.062045,0.099973
C[C@H](O)[C@H](O)[C@@H](O)[C@@H](O)/C=N/NC(=O)CCCCC(=O)NO,0,0.001264,0.042322,0.012594
CC1=CC(=CC(=O)N1)O,0,0.229369,0.080392,0.026633
Clc1ccc(cc1)Cl,0,0.501341,0.229625,0.130551
NCc1ccoc1,0,0.024222,0.038615,0.018551
C[C@@H]1CCCCO[C@@H](CN(C)C(=O)Nc2ccccc2)[C@@H](C)CN([C@H](C)CO)C(=O)c2cc(ccc2O1)NC(=O)C1CCCCC1,0,0.011253,0.017065,0.002456
C[C@@H]1CN([C@H](C)CO)C(=O)c2cccc(c2O[C@H]1CN(C)Cc1ccc(cc1)-c1ccccc1)NC(=O)c1nc2ccccc2s1,0,0.011594,0.017939,0.004105
CC(C)NC(=O)Nc1ccc2c(c1)C(=O)N(C[C@H](C)[C@@H](CN(C)C(=O)NC1CCCCC1)O2)[C@H](C)CO,0,0.019238,0.018665,0.005203
COc1ccccc1CNC(=O)C[C@@H]1C[C@@H]2[C@@H](Oc3ccc(cc32)NC(=O)C2CCOCC2)[C@H](CO)O1,0,0.122741,0.030875,0.008000
COc1cccc(c1)-c1cnc2c(c1)C(=O)N(C[C@H](C)[C@H](CN(C)S(=O)(=O)c1cccc(c1)OC)O2)[C@H](C)CO,0,0.006434,0.019264,0.002631
C[C@H]1CN([C@H](C)CO)C(=O)c2cc(cnc2O[C@H]1CN(C)C(=O)c1ccncc1)C#CC1CCCCC1,0,0.008038,0.017080,0.001953
OC[C@@H]1O[C@H](C[C@@H]2[C@H]1Oc1ccc(cc12)NS(=O)(=O)c1ccccc1)CC(=O)NCC(F)(F)F,0,0.057082,0.022587,0.006796
COc1ccc(cc1)NC(=O)Nc1ccc2c(c1)CC(=O)N(C[C@@H](C)[C@H](CN(C)CC1CCCCC1)O2)[C@H](C)CO,0,0.091366,0.037104,0.005274
C[C@H]1CCCCO[C@@H](CN(C)C(=O)Nc2ccc(cc2)F)[C@@H](C)CN([C@H](C)CO)C(=O)c2cc(ccc2O1)NC(=O)CCC(F)(F)F,0,0.269614,0.020280,0.010438
COc1ccc(cc1)S(=O)(=O)Nc1ccc2c(c1)C(=O)N(C[C@H](C)[C@@H](CN(C)C(=O)C1CCCCC1)OCCCC[C@H](C)O2)[C@@H](C)CO,0,0.003619,0.017378,0.002671
NNc1ccc2c(c1)NC(=O)N2,0,0.979835,0.079101,0.032345
C[C@@H]1CCCCO[C@@H](CN(C)C(=O)C2CCCCC2)[C@H](C)CN([C@H](C)CO)C(=O)c2cc(ccc2O1)NC(=O)CCC(F)(F)F,0,0.095727,0.080242,0.041280
Cc1ccc(cc1)S(=O)(=O)N[C@@H](Cc1ccccc1)C(=O)NCCn1cc(nn1)C(=O)NO,0,0.537381,0.058784,0.030500
C[C@@H]1CN([C@H](C)CO)C(=O)c2cc(ccc2O[C@H]1CN(C)C(=O)Nc1ccc(cc1)F)NC(=O)Cn1cnnn1,0,0.066478,0.020528,0.007195
CC(C)(C)NCC(O)c1cc(Cl)c(N)c(Cl)c1.Cl,0,0.996775,0.556509,0.178024
O[C@H]1COC[C@H]2O[C@H](CC[C@@H]2N(C1)C(=O)c1ccccn1)CC(=O)NC1CCC1,0,0.081138,0.022405,0.010044
C[C@@H]1CN([C@@H](C)CO)S(=O)(=O)c2ccc(cc2O[C@@H]1CN(C)C(=O)Cc1ccncc1)C1=CCCC1,0,0.014500,0.021127,0.004061
CC1(C)[C@@H](CC[C@@]1(C)C(=O)O)C(=O)N,0,0.111431,0.050117,0.022754
Cc1sc2ncnc(c2c1C)N1CCC[C@H](C1)Cn1cc(nn1)C(C)(C)N,0,0.989320,0.153574,0.092873
C[C@@H]1CN([C@@H](C)CO)S(=O)(=O)c2ccc(cc2O[C@@H]1CN(C)C(=O)c1ccncc1)Br,0,0.059843,0.017624,0.002626
C[C@H]1CN([C@H](C)CO)C(=O)c2cc(ccc2O[C@@H]1CN(C)S(=O)(=O)C)NC(=O)Cc1ccccc1,0,0.007151,0.018081,0.003958
CNC[C@H]1OCCCC[C@@H](C)Oc2ccc(cc2C(=O)N(C[C@@H]1C)[C@@H](C)CO)NC(=O)c1ccncc1,0,0.008312,0.020406,0.002182
C[C@H]1CN([C@H](C)CO)C(=O)c2cccc(c2O[C@H]1CN(C)Cc1ccc(cc1)C(=O)O)NS(=O)(=O)C,0,0.085054,0.023606,0.003259
COc1cc(C2c3cc4c(cc3C(OC3OC5COC(c6cccs6)OC5C(O)C3O)C3COC(=O)C23)OCO4)cc(OC)c1O,0,0.678785,0.428315,0.138171
COC(=O)c1ccc2c(c1)NC(=O)C2,0,0.027995,0.045345,0.015865
COc1ccc2[nH]cc(CCNC(C)=O)c2c1,0,0.347613,0.047025,0.035829
C[C@@H]1CN([C@H](C)CO)C(=O)Cc2cc(ccc2O[C@H]1CN(C)S(=O)(=O)c1ccccc1)NS(=O)(=O)c1c(noc1C)C,0,0.001775,0.017325,0.002701
CC(=O)OC1CC2C(C)(C)C(O)CCC2(C)C2CCC3(C)C(=CC(=O)OC3c3ccoc3)C12C,0,0.500564,0.118712,0.078928
COc1ccc(cc1)NC(=O)Nc1cccc2c1O[C@H](CN(C)S(=O)(=O)c1cn(cn1)C)[C@H](C)CN([C@H](C)CO)C2=O,0,0.038899,0.017291,0.002383
C[C@@H]1CN([C@H](C)CO)C(=O)c2cc(ccc2O[C@H]1CN(C)Cc1ccc(cc1)-c1ccccc1)NC(=O)c1ccncc1,0,0.016793,0.017937,0.002156
CO[C@H]1CN(C)C(=O)c2ccc(cc2OC[C@@H](C)N(C[C@@H]1C)Cc1cccc(c1)F)NS(=O)(=O)c1cn(cn1)C,0,0.020627,0.018686,0.003519
C[C@H]1O[C@@H]2[C@H](O[C@@H]1C)N(CCN2S(=O)(=O)C)S(=O)(=O)C,0,0.005378,0.059753,0.016645
C[C@H]1CCCCO[C@@H](CN(C)Cc2ccc3c(c2)OCO3)[C@H](C)CN([C@H](C)CO)C(=O)c2cc(ccc2O1)NC(=O)Nc1ccc(cc1)C(F)(F)F,0,0.317189,0.024960,0.011582
COc1cccc(c1C(=O)NCCCO)OC,0,0.052000,0.042676,0.016583
COc1ccc(-n2nc(C(N)=O)c3c2C(=O)N(c2ccc(N4CCCCC4=O)cc2)CC3)cc1,0,0.005011,0.194615,0.134082
C[C@@H]1CN([C@@H](C)CO)C(=O)c2cc(ccc2O[C@H]1CN(C)Cc1ccc(c(c1)Cl)Cl)NC(=O)C1CCCCC1,0,0.171010,0.024982,0.008793
C[C@H]1CN([C@@H](C)CO)C(=O)c2cccc(c2O[C@@H]1CN(C)Cc1ccc(c(c1)Cl)Cl)NS(=O)(=O)c1cccs1,0,0.076111,0.018339,0.003914
CCNC1CN(CCCOC)S(=O)(=O)c2sc(S(N)(=O)=O)cc21,0,0.000004,0.029713,0.011583
C[C@H]1CN([C@H](C)CO)S(=O)(=O)c2ccc(cc2O[C@@H]1CN(C)C(=O)CN(C)C)C#Cc1ccccc1,0,0.134372,0.789657,0.919689
C[C@@H]1CN([C@H](C)CO)C(=O)c2cc(ccc2O[C@H]1CN(C)Cc1ccc(cc1)C(=O)O)NC(=O)C1CC1,0,0.038817,0.056291,0.011172
C[C@H](N)Cn1ccc2cc(c(cc12)Cl)F,0,0.556023,0.063406,0.026664
COc1ccc(CC2c3cc(OC)c(OC)cc3CC[N+]2(C)CCC(=O)OCCCCCOC(=O)CC[N+]2(C)CCc3cc(OC)c(OC)cc3C2Cc2ccc(OC)c(OC)c2)cc1OC.O=S(=O)([O-])c1ccccc1.O=S(=O)([O-])c1ccccc1,0,0.012964,0.117427,0.017046
C[C@H]1CCCCO[C@@H](CN(C)S(=O)(=O)c2ccc(cc2)Cl)[C@H](C)CN([C@@H](C)CO)C(=O)c2cc(ccc2O1)NS(=O)(=O)c1ccc(cc1)Cl,0,0.009945,0.018203,0.002737
COc1ccc(cc1)NC(=O)Nc1ccc2c(c1)CC(=O)N(C[C@H](C)[C@H](CN(C)Cc1ccc(cc1)-c1ccccc1)O2)[C@@H](C)CO,0,0.056251,0.019546,0.002747
CC(C)NC(=O)N(C)C[C@H]1Oc2ccc(cc2C(=O)N(C[C@@H]1C)[C@@H](C)CO)NC(=O)CCC(F)(F)F,0,0.296569,0.269840,0.116500
NCCC[C@@H](N)CC(=O)NC[C@H]1NC(=O)[C@@H](CO)NC(=O)[C@@H](N)CNC(=O)[C@@H](NC(=O)C(NC1=O)C=NC(=O)N)[C@H]1CCN=C(N)N1,0,0.030260,0.482298,0.130182
OCCNCCC(=O)c1ccccc1,0,0.048853,0.101624,0.030988
C[C@@H]1CCCCO[C@@H](CN(C)CC2CC2)[C@H](C)CN([C@H](C)CO)C(=O)c2cc(ccc2O1)NC(=O)c1ccccc1,0,0.013650,0.018135,0.002802
C[C@@H]1CN([C@H](C)CO)C(=O)c2cccc(c2O[C@@H]1CN(C)CC1CCCCC1)NC(=O)CCCCCC(=O)Nc1ccccc1N,0,0.050424,0.018880,0.003962
ONC(=O)CCCCCNC(=O)OC[C@@]12Oc3ccccc3[C@H]([C@H]2COC(=O)c2ccccc2)N2C(=O)CSC2=N1,0,0.000069,0.335160,0.156982
C[C@@H]1CN([C@@H](C)CO)C(=O)c2cc(ccc2O[C@H]1CN(C)S(=O)(=O)c1cccs1)NS(=O)(=O)c1c(noc1C)C,0,0.002874,0.017561,0.003770
C[C@@H]1CN([C@@H](C)CO)S(=O)(=O)c2ccc(cc2O[C@@H]1CN(C)C(=O)NC1CCCC1)-c1cccnc1,0,0.074848,0.022995,0.003859
COCC(=O)N1C[C@@H](C)[C@@H](CN(C)C(=O)c2ccc(cc2OC[C@@H]1C)NC(=O)Nc1cccc(c1)F)OC,0,0.057132,0.022718,0.008941
C[C@@H]1CN([C@@H](C)CO)C(=O)Cc2cc(ccc2O[C@H]1CN(C)Cc1ccc(cc1)Oc1ccccc1)NC(=O)Nc1ccc(cc1)F,0,0.019591,0.022036,0.004962
C[C@@H]1CCCCO[C@@H](CN(C)Cc2ccc(cc2)C(F)(F)F)[C@@H](C)CN([C@@H](C)CO)C(=O)c2cc(ccc2O1)NC(=O)Nc1cccc2ccccc12,0,0.219734,0.015529,0.005109
C[C@H]1CN([C@H](C)CO)C(=O)c2cc(cnc2O[C@@H]1CN(C)C(=O)Nc1cccc(c1)F)Br,0,0.206110,0.031175,0.018172
C[C@H]1CCCCO[C@@H](CN(C)C(=O)NC2CCCCC2)[C@@H](C)CN([C@@H](C)CO)C(=O)c2cc(ccc2O1)NS(=O)(=O)c1ccc(cc1)F,0,0.010285,0.017398,0.002540
C[C@H]1CCCCO[C@H](CN(C)Cc2ccncc2)[C@H](C)CN([C@H](C)CO)C(=O)c2cc(ccc2O1)NS(=O)(=O)c1ccc(cc1)Cl,0,0.008118,0.017407,0.001957
COc1ccc(cc1)CN(C)C[C@@H]1Oc2ccc(cc2C(=O)N(C[C@H]1C)[C@@H](C)CO)NC(=O)CCN1CCOCC1,0,0.004359,0.017504,0.003163
C[C@@H]1CCCCO[C@H](CN(C)C(=O)Nc2c(noc2C)C)[C@@H](C)CN([C@H](C)CO)C(=O)c2cc(ccc2O1)NC(=O)Nc1ccc2c(c1)OCO2,0,0.008204,0.020677,0.002414
C[C@@H]1CCCCO[C@H](CN(C)Cc2ccncc2)[C@H](C)CN([C@@H](C)CO)C(=O)c2cc(ccc2O1)NS(=O)(=O)C,0,0.016368,0.017728,0.002381
COc1ccc(cc1)NC(=O)N(C)C[C@@H]1Oc2c(cccc2C(=O)N(C[C@@H]1C)[C@@H](C)CO)NC(=O)Nc1ccc(cc1)C(F)(F)F,1,0.776820,0.209682,0.068406
C[C@@H]1CCCCO[C@H](CN(C)Cc2ccc(c(c2)Cl)Cl)[C@@H](C)CN([C@H](C)CO)C(=O)c2cc(ccc2O1)NC(=O)CCCCCC(=O)Nc1ccccc1N,0,0.038614,0.034047,0.005150
CC(C)NC(=O)Nc1cccc2c1O[C@H](CN(C)S(=O)(=O)c1ccc(cc1)C)[C@H](C)CN([C@H](C)CO)C2=O,0,0.060182,0.019590,0.003378
C[C@H]1CN([C@@H](C)CO)C(=O)Cc2cc(ccc2O[C@H]1CN(C)S(=O)(=O)c1ccccc1)NS(=O)(=O)c1c(noc1C)C,0,0.001775,0.017325,0.002701
C[C@@H]1CNC(=O)CO1,0,0.001097,0.015155,0.004013
COc1ccc(cc1)S(=O)(=O)N(C)C[C@@H]1Oc2ccc(cc2CC(=O)N(C[C@H]1C)[C@H](C)CO)NC(=O)Cc1ccccc1,0,0.001802,0.020635,0.003331
C[C@@H]1CN([C@H](C)CO)C(=O)c2cccc(c2O[C@H]1CN(C)Cc1ccc(c(c1)Cl)Cl)NC(=O)C1CCCCC1,0,0.240558,0.028326,0.008319
C(Nc1ccc(cc1)NCc1cccs1)c1cccs1,0,0.730457,0.217239,0.259921
C[C@@H]1CCCCO[C@H](CN(C)C(=O)Nc2c(noc2C)C)[C@@H](C)CN([C@@H](C)CO)C(=O)c2cc(ccc2O1)NC(=O)Cc1ccccc1,0,0.011674,0.017117,0.002413
COc1ccc(cc1)NC(=O)N(C)C[C@H]1Oc2ccc(cc2CC(=O)N(C[C@@H]1C)[C@H](C)CO)NC(=O)Cn1cnnn1,0,0.003916,0.017230,0.003428
NCC[C@@H]1CC[C@@H](NC(=O)C2CCCC2)[C@H](CO)O1,0,0.228971,0.035487,0.014685
C[C@@H]1CN([C@@H](C)CO)C(=O)c2c(c3ccccc3n2C)-c2ccccc2CO[C@@H]1CN(C)Cc1ccccc1C(F)(F)F,0,0.375016,0.108231,0.056531
CN1CCN(CC1)C(=O)C[C@H]1C[C@@H]2[C@@H](Oc3ccc(cc32)NS(=O)(=O)c2ccc(cc2)F)[C@@H](CO)O1,0,0.035683,0.024023,0.007171
C[C@@H]1CCCCO[C@H](CN(C)C(=O)Nc2c(noc2C)C)[C@@H](C)CN([C@@H](C)CO)C(=O)c2cc(ccc2O1)NC(=O)C1CCCCC1,0,0.028001,0.017218,0.003120
C[C@H]1CN([C@H](C)CO)C(=O)c2cc(ccc2O[C@@H]1CN(C)C(=O)Nc1ccc(cc1)C(F)(F)F)NC(=O)Nc1ccccc1,0,0.643009,0.559231,0.292115
O=C(NN=Cc1ccc([N+](=O)[O-])o1)c1cc([N+](=O)[O-])cc([N+](=O)[O-])c1O,0,0.999801,0.433760,0.504362
CC(C)NC(=O)Nc1ccc2c(c1)CC(=O)N(C[C@H](C)[C@@H](CN(C)S(=O)(=O)c1ccc(cc1)Cl)O2)[C@@H](C)CO,0,0.026523,0.020517,0.003387
CC(C)NC(=O)N(C)C[C@H]1Oc2ccc(cc2CC(=O)N(C[C@H]1C)[C@H](C)CO)NC(=O)NC1CCCCC1,0,0.018436,0.029245,0.005465
C[C@@H]1CN([C@H](C)CO)C(=O)c2cccc(c2O[C@H]1CN(C)Cc1ccc(cc1)C(=O)Nc1ccccc1N)NC(=O)C1CCCCC1,0,0.020682,0.018269,0.004060
CC(C)[C@@H](N(CCCN)C(=O)c1ccc(cc1)C)C1=Nc2cc(ccc2C(=O)N1Cc1ccccc1)Cl,1,0.503605,0.659215,0.426867
C[C@H]1CN([C@H](C)CO)C(=O)c2cc(ccc2O[C@H]1CN(C)S(=O)(=O)C)NC(=O)CCCCCC(=O)Nc1ccccc1N,0,0.012252,0.018467,0.002066
C[C@@H]1CN([C@@H](C)CO)C(=O)c2cc(ccc2O[C@H]1CN(C)Cc1ccc(cc1)C(=O)Nc1ccccc1N)NC(=O)CCC(F)(F)F,0,0.243711,0.017690,0.006899
COc1ccc(cc1)NC(=O)Nc1ccc2c(c1)[C@@H]1C[C@@H](CC(=O)N3CCN(C)CC3)O[C@H](CO)[C@@H]1O2,0,0.233748,0.048328,0.010363
CNC(=O)C[C@@H]1CC[C@@H]2[C@@H](COc3ccc(cc3C(=O)N2C)NC(=O)c2ccc(cc2)C(F)(F)F)O1,0,0.288509,0.247973,0.167760
CN(C)CCCNC(=O)C[C@@H]1CC[C@@H]2[C@H](COC[C@H](O)CN2S(=O)(=O)c2ccc(cc2)F)O1,0,0.522897,0.022565,0.012017
CO[C@@H]1CN(C)C(=O)c2cc(ccc2OC[C@@H](C)N(CC2CCOCC2)C[C@H]1C)NC(=O)C1CCOCC1,0,0.020550,0.044199,0.009342
CC1(C)SC2C(NC(=O)C(C(=O)[O-])c3ccccc3)C(=O)N2C1C(=O)[O-].[Na+].[Na+],1,0.998431,0.954306,0.977054
C[C@H]1CCCCO[C@@H](CN(C)S(=O)(=O)c2ccc(cc2)F)[C@@H](C)CN([C@@H](C)CO)C(=O)c2cc(ccc2O1)NC(=O)C1CCCCC1,0,0.011653,0.017398,0.002591
C[C@H]1CCCCO[C@@H](CN(C)S(=O)(=O)c2ccc(cc2)F)[C@@H](C)CN([C@H](C)CO)C(=O)c2cc(ccc2O1)NC(=O)Nc1ccc(cc1)C(F)(F)F,0,0.278009,0.055779,0.006236
COc1ccc(cc1)CN(C)C[C@@H]1OCCCC[C@@H](C)Oc2ccc(cc2C(=O)N(C[C@H]1C)[C@@H](C)CO)NS(=O)(=O)c1cccs1,0,0.005875,0.018361,0.002539
C[C@H]1CCCCO[C@@H](CN(C)CC2CC2)[C@@H](C)CN([C@H](C)CO)C(=O)c2cc(ccc2O1)NC(=O)Nc1ccc(cc1)F,0,0.211561,0.020216,0.009703
C[C@@H]1CCCCO[C@@H](CN(C)C(=O)Nc2ccccc2)[C@H](C)CN([C@@H](C)CO)C(=O)c2cc(ccc2O1)NC(=O)Nc1c(noc1C)C,0,0.020955,0.016961,0.002277
O[C@@H](C(=O)O)[C@@](O)(Cc1ccc(cc1)O)C(=O)O,0,0.008872,0.029764,0.022253
OC[C@@H]1O[C@H](C[C@@H]2[C@H]1Oc1ccc(cc12)NS(=O)(=O)c1ccc(cc1)F)CC(=O)NCc1ccccn1,0,0.011965,0.018811,0.005589
CN(C)CC(=O)N[C@H]1CC[C@@H](CC(=O)NCCN2CCCCC2)O[C@H]1CO,0,0.120152,0.027171,0.009132
CCC(=O)N1C[C@]2(C1)CN([C@@H](CO)c1[nH]c3cc(ccc3c12)OC)S(=O)(=O)C,0,0.013375,0.023191,0.006420
OC[C@H]1O[C@H](CC(=O)NC2CCCCC2)C=C[C@@H]1NC(=O)CN1CCOCC1,0,0.012192,0.040812,0.019171
OC[C@@H]1O[C@H](C[C@@H]2[C@H]1Oc1ccc(cc12)NS(=O)(=O)c1ccc(cc1)F)CC(=O)NC1CCCCC1,0,0.036405,0.020891,0.007297
C[C@H]1CCCCO[C@H](CN(C)S(=O)(=O)c2ccc(cc2)F)[C@@H](C)CN([C@@H](C)CO)C(=O)c2cc(ccc2O1)NC(=O)Cc1ccccc1,0,0.003133,0.017364,0.002345
C[C@@H]1CN([C@H](C)CO)C(=O)c2cc(ccc2O[C@@H]1CN(C)Cc1ccc(cc1)C(=O)O)NC(=O)CCN1CCOCC1,0,0.004504,0.041223,0.009126
CC(C=CC=C(C)C=CC1=C(C)CCCC1(C)C)=CC=CC=C(C)C=CC=C(C)C=CC1=C(C)CCCC1(C)C,0,0.984321,0.273518,0.106173
COc1ccc2c3c(n(c2c1)C)[C@H](CO)N(C[C@]13CCN(CC1)C(=O)c1ccccc1F)C(=O)Nc1ccc(cc1)F,0,0.156190,0.072974,0.023630
COc1ccc(cc1)S(=O)(=O)N(C)C[C@@H]1Oc2ccc(cc2C(=O)N(C[C@H]1C)[C@@H](C)CO)N(C)C,0,0.008851,0.018940,0.004015
COCC(=O)N(C)C[C@@H]1Oc2cc(ccc2S(=O)(=O)N(C[C@@H]1C)[C@H](C)CO)C#Cc1ccccc1,0,0.052332,0.031813,0.005783
C[C@H]1CCCCO[C@H](CN(C)Cc2ccc(cc2)C(=O)O)[C@H](C)CN([C@H](C)CO)C(=O)c2cc(ccc2O1)NS(=O)(=O)c1ccccc1,0,0.005892,0.024921,0.002125
COc1ccc(cc1)S(=O)(=O)N(C)C[C@@H]1Oc2c(cccc2C(=O)N(C[C@@H]1C)[C@H](C)CO)NS(=O)(=O)c1c(noc1C)C,0,0.012280,0.018746,0.003804
C[C@@H]1CN([C@H](C)CO)C(=O)c2cccc(c2O[C@@H]1CN(C)C(=O)Nc1ccc(cc1)C(F)(F)F)NC(=O)Nc1ccc(cc1)F,0,0.933482,0.842014,0.730618
COC(=O)C1=C2N(C)[C@@]3(CO)Oc4ccccc4[C@H]([C@H]3CO)N2C(=O)C(=C1C(=O)OC)c1ccccc1,0,0.421337,0.109910,0.031964
CN1[C@@H]2CC[C@H](CC(=O)NCC(F)(F)F)O[C@@H]2COc2ccc(cc2C1=O)NC(=O)c1cc(on1)C,0,0.152875,0.206025,0.214135
C[C@@H]1CN([C@H](C)CO)C(=O)Cc2cc(ccc2O[C@H]1CN(C)C(=O)Nc1ccc(cc1)F)NC(=O)CCCCCC(=O)Nc1ccccc1N,0,0.035995,0.019390,0.002320
COc1ccc(cc1)[C@@H](NC(=O)C1CCN(CCOc2ccc(cc2Cl)Cl)CC1)c1ccccn1,0,0.867312,0.927235,0.933259
c1ccc2c(c1)Nc1ccccc1S2,0,0.549479,0.553202,0.357269
COCCNC(=O)C[C@H]1CC[C@H]2[C@@H](COC[C@H](O)CN2S(=O)(=O)c2ccccc2C)O1,0,0.139325,0.018444,0.009703
C[C@H]1CN([C@@H](C)CO)C(=O)Cc2cc(ccc2O[C@H]1CN(C)S(=O)(=O)c1cccs1)NS(=O)(=O)c1ccccc1,0,0.000345,0.017475,0.002966
OC[C@H]1O[C@@H](CC[C@H]1NC(=O)c1ccc(cc1)F)CC(=O)NCc1ccncn1,0,0.082349,0.020691,0.014275
O[C@H]1COC[C@H]2O[C@@H](CC[C@@H]2N(C1)C(=O)C1CC1)CC(=O)NCc1ccncc1,0,0.413179,0.032086,0.016033
C[C@@H]1CN([C@@H](C)CO)C(=O)c2cccc(c2O[C@@H]1CN(C)C(=O)Nc1c(noc1C)C)NS(=O)(=O)c1cn(cn1)C,0,0.061874,0.019567,0.004967
C[C@@H]1CN([C@H](C)CO)C(=O)Cc2cc(ccc2O[C@@H]1CN(C)C(=O)Nc1ccc2c(c1)OCO2)NC(=O)CCN1CCOCC1,0,0.000846,0.014823,0.002994
C[C@@H]1CN([C@@H](C)CO)C(=O)c2cccc(c2O[C@@H]1CN(C)S(=O)(=O)c1ccccc1)NS(=O)(=O)c1cccs1,0,0.004945,0.018247,0.003546
C[C@H]1CCCCO[C@H](CN(C)Cc2ccc(cc2)C(=O)O)[C@H](C)CN([C@H](C)CO)C(=O)c2cc(ccc2O1)NC(=O)Nc1ccc(cc1)F,0,0.115367,0.021638,0.002526
C[C@H]1CN([C@@H](C)CO)C(=O)c2cc(cnc2O[C@@H]1CN(C)C(=O)CCN1CCCCC1)C#CCN(C)C,0,0.038506,0.018402,0.004082
COCCCN1C(=O)[C@]2(Cc3ccccc31)[C@@H](N(C1CCCCC1)C(=O)c1ccccc12)c1ccc(cc1)CO,0,0.043161,0.129742,0.130120
OC[C@@H]1O[C@@H](C[C@H]2[C@@H]1Oc1ccc(cc12)NC(=O)Cc1ccncc1)CC(=O)NCc1cc(ccc1F)F,0,0.237417,0.033095,0.010727
COc1ccc(cc1)S(=O)(=O)N(C)C[C@@H]1Oc2ccc(cc2CC(=O)N(C[C@@H]1C)[C@@H](C)CO)NS(=O)(=O)c1c(noc1C)C,0,0.003134,0.017615,0.002812
C[C@@H](NC(=O)C[C@@H]1O[C@H](CO)[C@@H](NC(=O)CN2CCOCC2)C=C1)c1ccccc1,0,0.013907,0.023126,0.010858
COc1ccc(cc1)NC(=O)Nc1ccc2c(c1)C(=O)N(C[C@@H](C)[C@H](CN(C)C(=O)Nc1ccc(cc1)C(F)(F)F)O2)[C@H](C)CO,0,0.652872,0.148825,0.047982
C[C@H]1CN([C@@H](C)CO)C(=O)c2cc(ccc2O[C@@H]1CN(C)Cc1ccc(c(c1)Cl)Cl)NC(=O)Cc1cn(c2ccccc12)C,0,0.075445,0.018057,0.002919
COc1ccc2c3c(n(c2c1)C)[C@@H](CO)N(C[C@]13CN(C1)C(=O)Nc1cccc(c1)F)C(=O)CN1CCOCC1,0,0.021913,0.087405,0.037750
COc1ccc(cc1)NC(=O)Nc1ccc2c(c1)C(=O)N(C[C@@H](C)[C@H](CN(C)C(=O)Nc1ccc3c(c1)OCO3)OCCCC[C@@H](C)O2)[C@@H](C)CO,0,0.006143,0.016945,0.001996
C[C@H]1CCCCO[C@H](CN(C)Cc2ccc(cc2)C(F)(F)F)[C@H](C)CN([C@H](C)CO)C(=O)c2cc(ccc2O1)NC(=O)Nc1ccc(cc1)C(F)(F)F,0,0.790766,0.017771,0.008766
C[C@@H](O)C#Cc1ccc2c(c1)O[C@@H](CN(C)C(=O)CN(C)C)[C@H](C)CN([C@H](C)CO)S2(=O)=O,0,0.150126,0.110220,0.011110
C[C@H]1CN([C@@H](C)CO)C(=O)Cc2cc(ccc2O[C@@H]1CN(C)S(=O)(=O)c1cn(cn1)C)NC(=O)c1ccncc1,0,0.002073,0.017291,0.002104
C[C@@H]1CCCCO[C@@H](CN(C)S(=O)(=O)c2cccs2)[C@@H](C)CN([C@H](C)CO)C(=O)c2cc(ccc2O1)NC(=O)CCC(F)(F)F,0,0.009995,0.021818,0.006256
COc1ccc2c3c(n(c2c1)C)[C@H](CO)N(C[C@]13CN(C1)S(=O)(=O)c1cn(cn1)C)C(=O)Nc1ccc(cc1)F,0,0.064787,0.026260,0.007915
C/C(=C\CC[C@](C)(O)C=C)C(=O)O[C@@H]1[C@@H]2O[C@]2(C)[C@H]2[C@@H](OC=C[C@@]12O)O[C@@H]1O[C@H](CO)[C@@H](O)[C@H](O)[C@H]1O,0,0.003916,0.309645,0.195315
C[C@@H]1CN([C@@H](C)CO)C(=O)c2cc(ccc2O[C@@H]1CN(C)S(=O)(=O)c1ccc(cc1)F)NC(=O)CCCN(C)C,0,0.027123,0.018740,0.003353
C[C@@H]1CN([C@H](C)CO)C(=O)c2cccc(c2O[C@@H]1CN(C)Cc1ccc(c(c1)Cl)Cl)NS(=O)(=O)c1ccc(cc1)C,0,0.077763,0.019844,0.003692
CCOC(=O)C1CCN(CC1)C1=NC(=O)NN=C1,0,0.373626,0.039116,0.009039
OC[C@H]1O[C@H](C[C@@H]2[C@H]1Oc1ccc(cc12)NC(=O)C1CCOCC1)CC(=O)NCc1cc(ccc1F)F,0,0.265275,0.041423,0.011857
C[C@]12[C@H]3CC[C@@H](O3)[C@@]2(C)C(=O)OC1=O,0,0.359064,0.049768,0.013655
O=c1c(O)c(-c2ccc(O)c(O)c2)oc2cc(O)ccc12,0,0.868637,0.182145,0.088767
O=C1CCC(N2C(=O)c3ccccc3C2=O)C(=O)N1,0,0.000126,0.141153,0.039870
C[C@@H]1CN([C@H](C)CO)C(=O)Cc2cc(ccc2O[C@H]1CN(C)Cc1ccc(cc1)C(F)(F)F)NC(=O)Cc1cn(c2ccccc12)C,0,0.097321,0.020880,0.005296
COc1ccc(cc1)-c1cnc2c(c1)C(=O)N(C[C@H](C)[C@H](CN(C)S(=O)(=O)c1ccc(cc1)OC)O2)[C@H](C)CO,0,0.009971,0.019969,0.003178
CCNC(=O)CC[C@H](N)C(=O)O,0,0.003059,0.021645,0.007447
CC(C)NC(=O)Nc1ccc2c(c1)CC(=O)N(C[C@H](C)[C@H](CN(C)Cc1ccc(cc1)C(=O)O)O2)[C@@H](C)CO,0,0.030924,0.050288,0.005935
C[C@H]1CCCCO[C@H](CN(C)C(=O)Cc2ccccc2)[C@@H](C)CN([C@H](C)CO)C(=O)c2cc(ccc2O1)NS(=O)(=O)c1ccc(cc1)Cl,0,0.001881,0.017410,0.001996
CC(C)c1cc(c(c(c1)C(C)C)CC(=O)NS(=O)(=O)Oc1c(cccc1C(C)C)C(C)C)C(C)C,0,0.999848,0.411477,0.349954
C[C@@H]1CN([C@@H](C)CO)C(=O)c2cccc(c2O[C@@H]1CN(C)CC1CCCCC1)NS(=O)(=O)c1cn(cn1)C,0,0.080812,0.018980,0.003526
C[C@H]1CN([C@@H](C)CO)C(=O)c2cc(ccc2O[C@@H]1CN(C)C(=O)Nc1cccc2ccccc12)NC(=O)C1CCCCC1,0,0.020018,0.021594,0.006276
C[C@H]1CCCCO[C@H](CN(C)Cc2ccc(cc2)C(F)(F)F)[C@@H](C)CN([C@@H](C)CO)C(=O)c2cc(ccc2O1)NS(=O)(=O)c1c(noc1C)C,0,0.090185,0.018709,0.004496
C[C@H]1CCCCO[C@H](CN(C)CC2CC2)[C@@H](C)CN([C@H](C)CO)C(=O)c2cc(ccc2O1)NC(=O)Nc1ccc(cc1)C(F)(F)F,0,0.760217,0.896724,0.963775
C[C@@H]1CN([C@@H](C)CO)C(=O)Cc2cc(ccc2O[C@H]1CN(C)Cc1ccc(cc1)C(=O)O)NS(=O)(=O)c1ccccc1,0,0.003009,0.025482,0.002786
C[C@H]1CN([C@@H](C)CO)C(=O)Cc2cc(ccc2O[C@@H]1CN(C)C(=O)Nc1ccc(cc1)C(F)(F)F)NC(=O)C1CCCCC1,0,0.430655,0.177193,0.085010
C[C@@H]1CN([C@@H](C)CO)C(=O)c2cc(ccc2O[C@@H]1CN(C)Cc1ccc(cc1)-c1ccccc1)NC(=O)Cc1ccccc1,0,0.022986,0.023261,0.005800
C[C@@H]1CN([C@@H](C)CO)C(=O)Cc2cc(ccc2O[C@H]1CN(C)C(=O)Nc1ccc(cc1)F)NC(=O)Nc1cccc2ccccc12,0,0.039509,0.017767,0.003145
CCCNC(=O)C[C@H]1CC[C@@H]2[C@H](COc3ccc(cc3C(=O)N2C)NS(=O)(=O)c2ccccc2C)O1,0,0.004817,0.019611,0.004331
C[C@H]1CN([C@H](C)CO)S(=O)(=O)c2ccc(cc2O[C@H]1CN(C)C(=O)CN1CCOCC1)C#Cc1cccc(c1)F,0,0.018437,0.018081,0.003326
COc1oc(c(c1S(=O)(=O)c1ccc(cc1[N+](=O)[O-])C(F)(F)F)-c1ccc(cc1)Cl)C(=O)NC1CCCCC1,0,0.913703,0.520865,0.643276
C[C@@H]1CN([C@@H](C)CO)C(=O)c2cccc(c2O[C@@H]1CN(C)Cc1ccccc1)NC(=O)c1cnccn1,0,0.032528,0.018079,0.003912
OC[C@@H](O)[C@@H](O)[C@H](O)[C@@H](O)C(=O)O,0,0.000049,0.058420,0.010657
CC(=O)/C(=N/O)C,0,0.023322,0.037703,0.026517
COc1cc(nc(n1)[C@@H](NC(=O)C1CCN(CC1)CCN1C(=O)c2ccccc2C1=O)c1ccc(cc1)F)OC,0,0.002108,0.155510,0.047588
C[C@H]1CN([C@H](C)CO)C(=O)c2cc(ccc2O[C@H]1CN(C)C(=O)Nc1ccc(cc1)C(F)(F)F)NC(=O)Nc1ccc2c(c1)OCO2,0,0.344716,0.111345,0.030642
C[C@@H]1CN([C@@H](C)CO)C(=O)c2cc(ccc2O[C@@H]1CN(C)C(=O)Nc1cccc2ccccc12)NC(=O)C1CCCCC1,0,0.020018,0.021594,0.006276
CCCN1C(=O)C(=Cn2nc(nc21)N)C,0,0.021495,0.023863,0.008013
CN1CCN(CC1)C(=O)[C@H]1[C@H](CO)[C@H]2CN3C(=O)C(=CC=C3[C@@H]1N2S(=O)(=O)C)C1=CCCC1,0,0.084150,0.046931,0.017102
COc1ncnc2nc[nH]c12,0,0.166352,0.036851,0.009907
CC1(C)[C@@H](CC[C@@]1(C)C(=O)N)C(=O)O,0,0.135810,0.048372,0.016760
C[C@@H]1CCCCO[C@H](CN(C)C(=O)Nc2ccc(cc2)F)[C@@H](C)CN([C@@H](C)CO)C(=O)c2cc(ccc2O1)NC(=O)Cc1ccccc1,0,0.024426,0.015622,0.002963
COc1cccc(c1)NC(=O)N(C)C[C@@H]1Oc2ncc(cc2C(=O)N(C[C@H]1C)[C@@H](C)CO)Br,0,0.030068,0.025080,0.006480
C[C@@H]1CCCCO[C@H](CN(C)CC2CCCCC2)[C@H](C)CN([C@H](C)CO)C(=O)c2cc(ccc2O1)NS(=O)(=O)c1cccs1,0,0.016263,0.017790,0.004349
CC(C)NC(=O)N(C)C[C@H]1Oc2ccc(cc2C(=O)N(C[C@@H]1C)[C@@H](C)CO)NC(=O)CCCN(C)C,0,0.012271,0.017585,0.003213
C[C@H]1CN([C@@H](C)CO)C(=O)Cc2cc(ccc2O[C@@H]1CN(C)Cc1ccccc1)NC(=O)Cn1cnnn1,0,0.004623,0.031260,0.006013
N[C@H]1CN(C(=O)C1)c1ccc(cc1)F,0,0.163895,0.027000,0.017388
CC1=C(C)c2ccc(cc2OC1=O)O[C@@H]1O[C@H](CO)[C@H](O)[C@H](O)[C@H]1O,0,0.118428,0.151100,0.063265
C[C@@H]1CCCCO[C@H](CN(C)S(=O)(=O)C)[C@H](C)CN([C@@H](C)CO)C(=O)c2cc(ccc2O1)NS(=O)(=O)C,0,0.009977,0.018245,0.002584
CC1=CN([C@@H]2C[C@@H](O)[C@H](CO)O2)C(=O)NC1=O,0,0.403812,0.182276,0.210155
C[C@@H]1CN([C@@H](C)CO)C(=O)Cc2cc(ccc2O[C@H]1CN(C)C(=O)Nc1ccc(cc1)C(F)(F)F)NS(=O)(=O)C,0,0.347646,0.073881,0.038147
C[C@@H]1CCCCO[C@@H](CN(C)Cc2ccc3c(c2)OCO3)[C@@H](C)CN([C@@H](C)CO)C(=O)c2cc(ccc2O1)NC(=O)Nc1ccc2c(c1)OCO2,0,0.002733,0.019861,0.003024
CCCNC(=O)N1C[C@@H](O)COC[C@@H]2O[C@H](CC[C@H]21)CC(=O)NCc1ccncn1,0,0.390678,0.045409,0.015678
CC(C)CC#Cc1cnc2c(c1)C(=O)N(C[C@H](C)[C@@H](CN(C)S(=O)(=O)c1ccc(cc1)C)O2)[C@@H](C)CO,0,0.023444,0.019211,0.003440
C[C@@H]1CCCCO[C@H](CN(C)C(=O)CCC(F)(F)F)[C@H](C)CN([C@@H](C)CO)C(=O)c2cc(ccc2O1)NS(=O)(=O)c1ccc(cc1)F,0,0.022458,0.020388,0.005557
C[C@@H]1CCCCO[C@H](CN(C)C(=O)Nc2ccccc2)[C@@H](C)CN([C@H](C)CO)C(=O)c2cc(ccc2O1)NC(=O)Nc1ccc(cc1)F,0,0.043054,0.015796,0.002386
COc1ccc(cc1)CN(C)C[C@H]1Oc2ccc(cc2C(=O)N(C[C@H]1C)[C@H](C)CO)NC(=O)Cn1cnnn1,0,0.005953,0.018242,0.004424
COc1ccc(cc1)S(=O)(=O)N(C)C[C@H]1OCCCC[C@@H](C)Oc2ccc(cc2C(=O)N(C[C@H]1C)[C@@H](C)CO)NC(=O)Nc1ccc(cc1)C(F)(F)F,0,0.134068,0.044315,0.005123
C[C@@H]1CCCCO[C@@H](CN(C)C(=O)Nc2ccc3c(c2)OCO3)[C@H](C)CN([C@H](C)CO)C(=O)c2cc(ccc2O1)NC(=O)Nc1cccc2ccccc12,0,0.005098,0.017052,0.001996
COc1ccc(cc1)NC(=O)N(C)C[C@@H]1OCCCC[C@H](C)Oc2ccc(cc2C(=O)N(C[C@@H]1C)[C@H](C)CO)NC(=O)Cc1ccccc1,0,0.004237,0.016346,0.001686
C[C@@H]1CCCCO[C@H](CN(C)C(=O)Nc2ccccc2)[C@H](C)CN([C@H](C)CO)C(=O)c2cc(ccc2O1)NC(=O)Nc1ccccc1,0,0.010096,0.016683,0.001980
CCS(=O)(=O)N1[C@@H](CO)[C@@H](c2ccc(cc2)/C=C/C)C21CN(C2)C(=O)CN(C)C,0,0.523313,0.040700,0.012078
C[C@H]1CN([C@@H](C)CO)S(=O)(=O)c2ccc(cc2O[C@H]1CN(C)C(=O)c1ccccc1F)C#CCN(C)C,0,0.084286,0.029084,0.007686
C[C@H]1CCCCO[C@H](CN(C)C(=O)CCCN(C)C)[C@@H](C)CN([C@@H](C)CO)C(=O)c2cc(ccc2O1)NC(=O)Nc1cccc2ccccc12,0,0.016189,0.017037,0.001800
C[C@@H]1CCCCO[C@H](CN(C)Cc2ccc(cc2)C(F)(F)F)[C@H](C)CN([C@H](C)CO)C(=O)c2cc(ccc2O1)NC(=O)NC1CCCCC1,0,0.287664,0.032057,0.013052
CC(C)NC(=O)N(C)C[C@H]1Oc2c(cccc2C(=O)N(C[C@H]1C)[C@H](C)CO)NS(=O)(=O)c1cccs1,0,0.027244,0.017397,0.003895
CC(C)NC(=O)N(C)C[C@H]1OCCCC[C@@H](C)Oc2ccc(cc2C(=O)N(C[C@H]1C)[C@@H](C)CO)NS(=O)(=O)c1cn(cn1)C,0,0.009046,0.019011,0.003228
COc1ccc(cc1)S(=O)(=O)Nc1ccc2c(c1)CC(=O)N(C[C@H](C)[C@@H](CN(C)CC1CC1)O2)[C@H](C)CO,0,0.008414,0.017730,0.003496
OCCOc1ccccc1[C@H]1N2[C@@H]([C@@H](C(=O)O)[C@]11C(=O)Nc3ccc(cc31)C#CC1=CCCCC1)C(=O)O[C@@H]([C@@H]2c1ccccc1)c1ccccc1,1,0.772575,0.259436,0.086315
C[C@H]1CN([C@H](C)CO)C(=O)c2cccc(c2O[C@@H]1CN(C)Cc1ccc(c(c1)Cl)Cl)NC(=O)c1nc2ccccc2s1,0,0.028577,0.021194,0.005416
COc1ccc(cc1)NC(=O)Nc1ccc2c(c1)C(=O)N(C[C@H](C)[C@@H](CN(C)Cc1ccncc1)OCCCC[C@@H](C)O2)[C@H](C)CO,0,0.012384,0.016512,0.001718
C[C@H]1CN([C@H](C)CO)C(=O)Cc2cc(ccc2O[C@H]1CN(C)CC1CCCCC1)NC(=O)Nc1ccc(cc1)C(F)(F)F,0,0.633416,0.157633,0.139260
CSCC[C@H]1NC(=O)NC1=O,0,0.001721,0.029283,0.018507
C[C@@H]1CN([C@@H](C)CO)C(=O)c2cc(cnc2O[C@@H]1CN(C)C(=O)Cc1cccnc1)C#CCc1ccccc1,0,0.004290,0.016241,0.002408
C[C@@H]1CCCCO[C@H](CN(C)Cc2ccccc2)[C@H](C)CN([C@@H](C)CO)C(=O)c2cc(ccc2O1)NS(=O)(=O)c1ccccc1,0,0.001944,0.017512,0.002677
COc1ccc(cc1)S(=O)(=O)N(C)C[C@H]1Oc2c(cccc2C(=O)N(C[C@H]1C)[C@@H](C)CO)NC(=O)C1CC1,0,0.024735,0.018283,0.002949
O[C@@H]1COC[C@H]2O[C@@H](CC[C@@H]2N(C1)S(=O)(=O)c1ccccc1)CC(=O)NCc1ccc2c(c1)OCO2,0,0.040585,0.032220,0.008725
C[C@H]1CN([C@@H](C)CO)C(=O)c2cc(ccc2O[C@H]1CN(C)S(=O)(=O)c1c(noc1C)C)NS(=O)(=O)c1ccc(cc1)Cl,0,0.018563,0.017638,0.003626
OC(=O)CNC(=O)C1=CC(=O)NC(=O)N1,0,0.051621,0.034541,0.021544
CC1=CC(=O)Oc2cc(ccc21)O[C@H]1O[C@@H](CO)[C@@H](O)[C@@H](O)[C@@H]1O,0,0.047371,0.140688,0.062322
C[C@H]1CCCCO[C@@H](CN(C)Cc2ccccc2)[C@H](C)CN([C@H](C)CO)C(=O)c2cc(ccc2O1)NC(=O)c1ccncc1,0,0.003075,0.016736,0.002154
Cc1ccc(cc1)S[C@@]1(CC(=O)N(Cc2ccccc2C(F)(F)F)[C@@H]1c1ccc(cc1)CO)C(=O)NCC(F)(F)F,0,0.984415,0.191929,0.153697
C[C@H]1CN([C@H](C)CO)C(=O)c2cccc(c2O[C@@H]1CN(C)S(=O)(=O)c1cn(cn1)C)NC(=O)CCCCCC(=O)Nc1ccccc1N,0,0.023882,0.018086,0.002910
OC[C@@H]1O[C@@H](C[C@H]2[C@@H]1Oc1ccc(cc12)NS(=O)(=O)c1ccc(cc1)F)CC(=O)NC1CCCC1,0,0.034671,0.019263,0.006716
CO[C@H]1CN(C)C(=O)c2ccc(cc2OC[C@@H](C)N(C[C@@H]1C)C(=O)Cc1ccccn1)NC(=O)C1CC1,0,0.003123,0.021681,0.002858
C[C@H]1CCCCO[C@H](CN(C)S(=O)(=O)c2ccc(cc2)Cl)[C@H](C)CN([C@@H](C)CO)C(=O)c2cc(ccc2O1)NC(=O)CCC(F)(F)F,0,0.053238,0.019330,0.003437
CC(C)[C@H]1NC(=O)CNC1=O,0,0.008903,0.023929,0.006611
CO[C@H](CN(C)S(=O)(=O)c1ccc(cc1)Cl)[C@H](C)CN([C@H](C)CO)S(=O)(=O)c1cccc(c1)Cl,0,0.445982,0.086869,0.010326
O=C(NCCCN1CCOCC1)c1cccnc1,0,0.007588,0.021377,0.004769
CCc1ccc(cc1)Nc1c2c(nc3ccccc13)CCC2,0,0.775726,0.676332,0.438235
C[C@@H]1CN([C@@H](C)CO)S(=O)(=O)c2ccc(cc2O[C@H]1CN(C)C(=O)C1CCOCC1)C1=CCCC1,0,0.014870,0.020681,0.005623
C[C@@H]1CN([C@@H](C)CO)C(=O)c2cccc(c2O[C@H]1CN(C)Cc1ccc(cc1)Oc1ccccc1)NS(=O)(=O)c1ccccc1,0,0.002022,0.019273,0.003536
COc1ccc(cc1)S(=O)(=O)N(C)C[C@H]1OCCCC[C@H](C)Oc2ccc(cc2C(=O)N(C[C@H]1C)[C@@H](C)CO)NS(=O)(=O)C,0,0.006078,0.018051,0.002320
C[N+](C)(C)CCCC[C@@H]1NC(=O)[C@@H]2C[C@@H]([C@@H](N2C1=O)c1ccc(cc1)O)C(=O)NCc1ccc(cc1)F,0,0.807085,0.338892,0.228271
C[C@@H]1CN([C@H](C)CO)C(=O)Cc2cc(ccc2O[C@@H]1CN(C)S(=O)(=O)C)NC(=O)CCN1CCOCC1,0,0.000632,0.017469,0.002929
C[C@H]1CN([C@@H](C)CO)C(=O)Cc2cc(ccc2O[C@H]1CN(C)C(=O)Nc1cccc2ccccc12)NC(=O)Nc1c(noc1C)C,0,0.014464,0.016980,0.002282
C[C@@H]1CN([C@@H](C)CO)C(=O)Cc2cc(ccc2O[C@H]1CN(C)CC1CC1)NC(=O)Cn1cnnn1,0,0.011443,0.033678,0.007602
C[C@H]1CN([C@@H](C)CO)C(=O)c2cc(ccc2O[C@@H]1CN(C)Cc1ccc(cc1)Oc1ccccc1)NC(=O)Nc1cccc2ccccc12,0,0.006224,0.016400,0.005744
C[C@@H]1CN([C@@H](C)CO)C(=O)Cc2cc(ccc2O[C@@H]1CN(C)CC1CC1)NS(=O)(=O)c1ccc(cc1)F,0,0.026079,0.018988,0.005264
Cc1ccccc1S(=O)(=O)N1C[C@@H](O)COC[C@H]2O[C@@H](CC[C@@H]21)CC(=O)NCc1ccccc1Cl,0,0.333015,0.049554,0.029601
C[C@H]1CN([C@H](C)CO)C(=O)c2cc(ccc2O[C@@H]1CN(C)S(=O)(=O)c1c(noc1C)C)NC(=O)c1ccncc1,0,0.008865,0.017429,0.002520
C[C@H]1CN([C@H](C)CO)S(=O)(=O)c2ccc(cc2O[C@H]1CN(C)C(=O)Nc1cc(ccc1F)F)/C=C/c1ccccc1,0,0.287578,0.028678,0.005955
C[C@H]1CN([C@@H](C)CO)C(=O)c2cccc(c2O[C@H]1CN(C)C(=O)Nc1ccc2c(c1)OCO2)NS(=O)(=O)C,0,0.027740,0.017493,0.003269
C[C@H]1CN([C@H](C)CO)C(=O)Cc2cc(ccc2O[C@@H]1CN(C)Cc1ccc(cc1)Oc1ccccc1)NC(=O)C1CC1,0,0.013160,0.025691,0.005413
Cc1ccc(cc1)/C=N/c1ccccc1Sc1c(n[nH]c1C)C,0,0.919550,0.463890,0.359757
OC(=O)CCCNC(=O)c1cccnc1,0,0.007428,0.021154,0.018602
CO[C@H](CN(C)S(=O)(=O)c1ccc(cc1)Cl)[C@H](C)CN([C@@H](C)CO)S(=O)(=O)c1cccc(c1)Cl,0,0.445982,0.086869,0.010326
COc1ccc(cc1)S(=O)(=O)N(C)C[C@@H]1OCCCC[C@@H](C)Oc2ccc(cc2C(=O)N(C[C@@H]1C)[C@H](C)CO)NS(=O)(=O)C,0,0.006078,0.018051,0.002320
C[C@@H]1CCCCO[C@@H](CN(C)C(=O)NC2CCCCC2)[C@H](C)CN([C@H](C)CO)C(=O)c2cc(ccc2O1)NS(=O)(=O)c1cccs1,0,0.005405,0.017429,0.002986
C[C@@H]1CN([C@H](C)CO)C(=O)c2cc(ccc2O[C@H]1CN(C)Cc1ccc(cc1)-c1ccccc1)NC(=O)C1CC1,0,0.091489,0.026409,0.007741
C[C@H]1CN([C@@H](C)CO)C(=O)Cc2cc(ccc2O[C@H]1CN(C)C(=O)Nc1ccc(cc1)F)NC(=O)Nc1ccc(cc1)C(F)(F)F,0,0.630979,0.026896,0.014100
CC(=O)OC1CCC2(C)C(=CCC3C4CCC(=O)C4(C)CCC32)C1,0,0.273729,0.141611,0.065722
CC(C)CC#Cc1ccc2c(c1)O[C@@H](CN(C)C(=O)c1ccccn1)[C@H](C)CN([C@@H](C)CO)S2(=O)=O,0,0.021529,0.018323,0.002908
COc1ccc(cc1)NC(=O)N(C)C[C@H]1Oc2ccc(cc2C(=O)N(C[C@H]1C)[C@@H](C)CO)NS(=O)(=O)C,0,0.060679,0.016865,0.002953
COc1ccc(cc1)S(=O)(=O)Nc1ccc2c(c1)CC(=O)N(C[C@H](C)[C@H](CN(C)C)O2)[C@H](C)CO,0,0.004092,0.019625,0.004038
C[C@H]1CCCCO[C@@H](CN(C)C(=O)Nc2ccccc2)[C@H](C)CN([C@H](C)CO)C(=O)c2cc(ccc2O1)NC(=O)Nc1ccc(cc1)F,0,0.043054,0.015796,0.002386
CC(C)NC(=O)Nc1ccc2c(c1)C(=O)N(C[C@H](C)[C@@H](CN(C)Cc1ccc(cc1)-c1ccccc1)O2)[C@H](C)CO,0,0.123791,0.025838,0.007846
CN1C[C@@H]2CNC[C@@H]2C1=O,0,0.001200,0.018124,0.005266
C[C@@H]1CCCCO[C@@H](CN(C)S(=O)(=O)c2cccs2)[C@H](C)CN([C@@H](C)CO)C(=O)c2cc(ccc2O1)NC(=O)Nc1ccc(cc1)C(F)(F)F,0,0.057616,0.028831,0.007577
C[C@H]1CCCCO[C@@H](CN(C)C(=O)Cc2ccccc2)[C@@H](C)CN([C@H](C)CO)C(=O)c2cc(ccc2O1)NC(=O)Nc1c(noc1C)C,0,0.008174,0.017218,0.002642
COc1ccc(cc1)CN(C)C[C@@H]1OCCCC[C@H](C)Oc2ccc(cc2C(=O)N(C[C@@H]1C)[C@H](C)CO)NS(=O)(=O)c1ccc(cc1)C,0,0.005373,0.017987,0.002309
CO[C@H]1CN(C)C(=O)c2cc(ccc2OC[C@@H](C)N(CC2CC2)C[C@@H]1C)NS(=O)(=O)c1cn(cn1)C,0,0.020298,0.019075,0.003145
Cc1ccc(cc1F)NC(=O)CN1C=CN(CCc2ccc(cc2)S(=O)(=O)N)C(=O)C1=O,0,0.006885,0.104056,0.042618
OC[C@@H]1O[C@@H](C[C@@H]2[C@H]1Oc1ccc(cc12)NC(=O)c1ccc2c(c1)OCO2)CC(=O)NCCN1CCCCC1,0,0.027873,0.021687,0.007513
CC1(C)N(CCNC1=O)C(=O)Cc1ccccc1,0,0.013146,0.082841,0.029095
COc1ccc(cc1)NC(=O)Nc1ccc2c(c1)C(=O)N(C[C@H](C)[C@@H](CN(C)Cc1ccc(c(c1)Cl)Cl)OCCCC[C@@H](C)O2)[C@H](C)CO,0,0.091687,0.028460,0.003696
COc1ccc(cc1)S(=O)(=O)Nc1ccc2c(c1)C(=O)N(C[C@H](C)[C@H](CN(C)S(=O)(=O)c1cn(cn1)C)O2)[C@@H](C)CO,0,0.005459,0.018017,0.003058
C[C@@H]1CN([C@@H](C)CO)C(=O)c2cccc(c2O[C@H]1CN(C)Cc1ccc(cc1)C(=O)O)NC(=O)c1cnccn1,0,0.094326,0.023462,0.007007
C[C@@H]1CCCCO[C@@H](CN(C)CC2CCCCC2)[C@@H](C)CN([C@@H](C)CO)C(=O)c2cc(ccc2O1)NC(=O)Nc1ccccc1,0,0.064440,0.017287,0.004662
C[C@H]1CCCCO[C@@H](CN(C)C(=O)NC2CCCCC2)[C@@H](C)CN([C@H](C)CO)C(=O)c2cc(ccc2O1)NC(=O)C1CCCCC1,0,0.013837,0.017401,0.003091
CN1C2CCC1CC(OC(=O)C(CO)c1ccccc1)C2,0,0.297096,0.117988,0.023074
OC[C@@H](O)Cc1ccc2c(c1)OCO2,0,0.071036,0.054523,0.029539
COc1ccc(cc1)NC(=O)N(C)C[C@H]1OCCCC[C@@H](C)Oc2ccc(cc2C(=O)N(C[C@@H]1C)[C@H](C)CO)NC(=O)Nc1ccc(cc1)F,0,0.038519,0.016084,0.001868
COc1ccc(cc1)NC(=O)Nc1ccc2c(c1)[C@H]1C[C@H](CC(=O)NCc3ccccn3)O[C@@H](CO)[C@H]1O2,0,0.037397,0.036687,0.006029
C[C@H]1CN([C@H](C)CO)C(=O)c2cccc(c2O[C@@H]1CN(C)S(=O)(=O)c1cn(cn1)C)NS(=O)(=O)c1ccc(cc1)Cl,0,0.019803,0.018461,0.003520
C[C@@H](O)C#Cc1ccc2c(c1)O[C@H](CN(C)C(=O)c1ccncc1)[C@@H](C)CN([C@H](C)CO)S2(=O)=O,0,0.021537,0.018269,0.002962
C[C@@H]1CN([C@@H](C)CO)C(=O)c2cc(ccc2O[C@H]1CN(C)Cc1ccncc1)NC(=O)CCN1CCOCC1,0,0.002684,0.016842,0.002453
COc1cccc(c1)S(=O)(=O)Nc1ccc2c(c1)[C@H]1C[C@H](CC(=O)NCc3cccc(c3)F)O[C@H](CO)[C@H]1O2,0,0.015710,0.017636,0.004713
C[C@@H]1CCCCO[C@H](CN(C)C)[C@H](C)CN([C@@H](C)CO)C(=O)c2cc(ccc2O1)NC(=O)Nc1cccc2ccccc12,0,0.036140,0.017463,0.004060
COCC(=O)N1CC[C@]2(CC1)CN([C@@H](CO)c1c2c2ccc(cc2n1C)OC)C(=O)Cc1ccccc1,0,0.109916,0.171191,0.033465
C[C@@H]1CCCCO[C@@H](CN(C)CC2CCCCC2)[C@@H](C)CN([C@H](C)CO)C(=O)c2cc(ccc2O1)N(C)C,0,0.096656,0.026399,0.007565
C[C@@H]1CN([C@@H](C)CO)C(=O)c2cc(cnc2O[C@@H]1CN(C)Cc1ccc(cc1)-c1ccccc1)-c1cccnc1,0,0.065305,0.023844,0.003840
N[C@@H]1CC[C@@H](CCn2cc(nn2)-c2cccc(c2)F)O[C@H]1CO,0,0.768856,0.057146,0.024704
COc1ccc(cc1)S(=O)(=O)N[C@@H]1CC[C@@H](CCNC(=O)CN2CCOCC2)O[C@@H]1CO,0,0.004461,0.018756,0.005770
N[C@@H](CCNC(=N)NO)C(=O)O,0,0.006530,0.023904,0.008443
C[C@H]1CCCCO[C@@H](CN(C)S(=O)(=O)c2ccc(cc2)Cl)[C@H](C)CN([C@H](C)CO)C(=O)c2cc(ccc2O1)NS(=O)(=O)c1ccc(cc1)F,0,0.009628,0.016978,0.002585
CC(C)(C)[S@@](=O)N1Cc2cc(nc(c2[C@H]1CCO)-c1cccc(c1)-c1cncnc1)C(=O)N1CCc2ccccc2C1,0,0.038258,0.128495,0.028751
CCCNC(=O)[C@H]1[C@H](CO)[C@H]2CN3C(=O)C(=CC=C3[C@H]2N1S(=O)(=O)C)c1ccccc1OC,0,0.064479,0.021639,0.005751
CC(=O)CCCCn1c(=O)c2c(ncn2C)n(C)c1=O,0,0.740773,0.099162,0.030835
C[C@H]1CN([C@H](C)CO)C(=O)CCCn2nncc2CO[C@@H]1CN(C)C(=O)Oc1ccc2ccccc2c1,0,0.100841,0.031659,0.012654
C[C@@H]1CN([C@@H](C)CO)C(=O)c2cccc(c2O[C@H]1CN(C)S(=O)(=O)c1cccs1)NC(=O)C1CCOCC1,0,0.004651,0.017429,0.002800
C[C@@H]1CCCCO[C@H](CN(C)Cc2ccc(cc2)C(=O)O)[C@@H](C)CN([C@H](C)CO)C(=O)c2cc(ccc2O1)NC(=O)Nc1c(noc1C)C,0,0.048198,0.024345,0.002531
C[C@@H]1CCCCO[C@@H](CN(C)S(=O)(=O)c2ccc(cc2)C)[C@@H](C)CN([C@H](C)CO)C(=O)c2cc(ccc2O1)NC(=O)Nc1ccc(cc1)F,0,0.020931,0.017502,0.002093
CCN1C(=O)S/C(=C\C(=O)O)C1=O,0,0.012026,0.047465,0.020502
CC(C)NC(=O)N(C)C[C@H]1Oc2ccc(cc2C(=O)N(C[C@H]1C)[C@@H](C)CO)NS(=O)(=O)c1cn(cn1)C,0,0.047468,0.018541,0.004274
COc1ccc(cc1)CN(C)C[C@@H]1Oc2ccc(cc2C(=O)N(C[C@H]1C)[C@@H](C)CO)NC(=O)Nc1ccc(cc1)C(F)(F)F,0,0.560591,0.830024,0.858177
C#CCCCCCCCCCCCC(O)CC(O)CO.C=CCCCCCCCCCCCC(O)CC(O)CO,0,0.000047,0.092218,0.013250
C[C@H]1CN([C@@H](C)CO)C(=O)c2cccc(c2O[C@@H]1CN(C)Cc1ccc(cc1)-c1ccccc1)NS(=O)(=O)c1cccs1,0,0.025754,0.017467,0.004344
CCC(=O)N[C@H]1C=C[C@@H](CC(=O)OC)O[C@H]1CO,0,0.002593,0.021483,0.007524
OC[C@H]1O[C@@H](CC(=O)NCc2ccc(c(c2)Cl)Cl)C=C[C@@H]1NS(=O)(=O)c1ccc(cc1)F,0,0.459625,0.053817,0.015204
C[C@@H]1CN([C@H](C)CO)C(=O)c2cc(cnc2O[C@H]1CN(C)CC1CCOCC1)C#Cc1cccc(c1)F,0,0.157056,0.019786,0.004915
C[C@@H]1CN([C@@H](C)CO)S(=O)(=O)c2ccc(cc2O[C@@H]1CN(C)S(=O)(=O)C)-c1ccc(cc1)F,0,0.048017,0.019336,0.005709
CCn1nc(C(=O)O)c(=O)c2cc3c(cc21)OCO3,0,0.171192,0.203984,0.154023
C[C@@H]1CN([C@H](C)CO)C(=O)c2cccc(c2O[C@H]1CN(C)Cc1ccccc1)NC(=O)Nc1ccc(cc1)C(F)(F)F,0,0.596938,0.366958,0.268214
C[C@H]1Cc2cc(ccc2N1C(=O)C1CC1)S(=O)(=O)N(C)CC(=O)N1CCOCC1,0,0.009653,0.027153,0.006902
OC[C@@H]1O[C@@H](C[C@H]2[C@@H]1Oc1ccc(cc12)NS(=O)(=O)c1ccc(cc1)F)CC(=O)NCC(F)(F)F,0,0.249053,0.024900,0.007020
C[C@H]1CCCCO[C@H](CN(C)C(=O)c2ccccc2)[C@@H](C)CN([C@@H](C)CO)C(=O)c2cc(ccc2O1)NC(=O)CCC(F)(F)F,0,0.033783,0.022857,0.006373
CNC1C(O)C(OC2C(N)CC(N)C(OC3OC(CN)=CCC3N)C2O)OCC1(C)O.O=S(=O)(O)O,1,0.812667,0.883120,0.656937
C[C@@H]1CN([C@H](C)CO)C(=O)c2cc(ccc2O[C@@H]1CN(C)C(=O)Nc1ccc(cc1)F)NC(=O)CCCN(C)C,0,0.082681,0.018085,0.004966
CCCNC(=O)C[C@H]1CC[C@@H]2[C@@H](COc3ccc(cc3C(=O)N2C)NC(=O)c2ccc3c(c2)OCO3)O1,0,0.001686,0.020601,0.007478
COc1ccc(cc1)NC(=O)Nc1ccc2c(c1)C(=O)N(C[C@@H](C)[C@@H](CN(C)C(=O)Nc1cccc3ccccc13)O2)[C@H](C)CO,0,0.014103,0.017282,0.002703
C[C@@H]1CN([C@H](C)CO)C(=O)Cc2cc(ccc2O[C@@H]1CN(C)C(=O)Nc1ccccc1)NS(=O)(=O)C,0,0.012887,0.020399,0.003759
CCCNC(=O)N1C[C@H](O)COC[C@@H]2O[C@H](CC[C@H]21)CC(=O)NCc1ccncn1,0,0.390678,0.045409,0.015678
C[C@@H]1CCCCO[C@@H](CN(C)Cc2ccncc2)[C@H](C)CN([C@H](C)CO)C(=O)c2cc(ccc2O1)NC(=O)Nc1c(noc1C)C,0,0.026514,0.017176,0.002097
COc1ccc(cc1)S(=O)(=O)N(C)C[C@H]1Oc2ccc(cc2CC(=O)N(C[C@H]1C)[C@H](C)CO)NS(=O)(=O)c1c(noc1C)C,0,0.003134,0.017615,0.002812
C[C@H]1CCCCO[C@H](CN(C)C(=O)Nc2ccc(cc2)C(F)(F)F)[C@@H](C)CN([C@@H](C)CO)C(=O)c2cc(ccc2O1)NC(=O)c1ccncc1,0,0.136420,0.016675,0.003902
C[C@H]1CN([C@H](C)CO)C(=O)c2cc(ccc2O[C@H]1CN(C)Cc1ccc(cc1)C(=O)O)NC(=O)CCN1CCOCC1,0,0.004504,0.041223,0.009126
C[C@@H](O)C#Cc1ccc2c(c1)O[C@@H](CN(C)C(=O)c1ccccc1)[C@H](C)CN([C@H](C)CO)S2(=O)=O,0,0.015106,0.019756,0.004486
CCC[C@@H]1C[C@H](N(C)C1)C(=O)N[C@H]([C@H](C)Cl)[C@H]1O[C@H](SC)[C@H](OP(=O)(O)O)[C@@H](O)[C@H]1O,0,0.000038,0.903926,0.910747
CN(C)c1ncc(c(n1)C)C(=O)O,0,0.080900,0.020866,0.007746
C[C@H]1CCCCO[C@H](CN(C)C(=O)Nc2cccc3ccccc23)[C@@H](C)CN([C@@H](C)CO)C(=O)c2cc(ccc2O1)N(C)C,0,0.014985,0.017734,0.003039
O[C@H]1CCN(C1)c1nccs1,0,0.328316,0.049114,0.015432
Cc1nccn1CC1CCc2c(c3ccccc3n2C)C1=O.Cl,0,0.889555,0.226292,0.057114
[O-][N+]N(CCCl)C(=O)NCCCl,0,0.000000,0.076173,0.027848
CC(C)NC(=O)Nc1cccc2c1O[C@@H](CN(C)C(=O)NC1CCCCC1)[C@@H](C)CN([C@H](C)CO)C2=O,0,0.054437,0.021399,0.007702
CO[C@@H]1CN(C)C(=O)c2ccc(cc2OC[C@@H](C)N(C[C@H]1C)Cc1ccccc1F)NC(=O)Nc1ccccc1F,0,0.110271,0.020860,0.011921
CO[C@@H]1CN(C)C(=O)c2ccc(cc2OC[C@@H](C)N(C[C@H]1C)C(=O)C)NC(=O)c1ccc(cc1)Oc1ccccc1,0,0.000413,0.016851,0.002233
C[C@H]1CN([C@@H](C)CO)C(=O)c2cccc(c2O[C@H]1CN(C)Cc1ccc(cc1)-c1ccccc1)NC(=O)Nc1c(noc1C)C,0,0.117223,0.017818,0.004923
C[C@H]1CCCCO[C@@H](CN(C)CC2CCCCC2)[C@@H](C)CN([C@@H](C)CO)C(=O)c2cc(ccc2O1)NC(=O)c1ccccc1,0,0.011629,0.017890,0.003261
COc1ccc(c(c1)S(=O)(=O)NC(=O)[C@@]1(C)CCN1C(=O)Cc1ccc(cc1Cl)Cl)OC,0,0.251416,0.308134,0.076497
C[C@H]1CN([C@@H](C)CO)C(=O)c2c(c3ccccc3n2C)-c2ccccc2CO[C@H]1CN(C)C(=O)Oc1ccccc1,0,0.056313,0.016826,0.007298
C[C@H]1CN([C@H](C)CO)C(=O)c2cccc(c2O[C@H]1CN(C)Cc1ccccc1)NC(=O)c1cnccn1,0,0.032528,0.018079,0.003912
C[C@H]1CN([C@@H](C)CO)C(=O)c2cccc(c2O[C@H]1CN(C)S(=O)(=O)c1cccs1)NS(=O)(=O)c1cn(cn1)C,0,0.007507,0.018141,0.003970
C[C@H]1CN([C@@H](C)CO)C(=O)c2cccc(c2O[C@H]1CN(C)Cc1ccc(cc1)-c1ccccc1)NS(=O)(=O)c1c(noc1C)C,0,0.038734,0.017467,0.004269
COc1ccc2c3c(n(c2c1)C)[C@H](CO)N(C[C@]13CN(C1)C(=O)Nc1cccc(c1)F)S(=O)(=O)C,0,0.117212,0.032065,0.011208
C=CCCCCCCCCCCCc1ccco1,0,0.171987,0.466892,0.483173
COc1ccc(cc1)S(=O)(=O)N(C)C[C@@H]1OCCCC[C@H](C)Oc2ccc(cc2C(=O)N(C[C@@H]1C)[C@H](C)CO)NS(=O)(=O)C,0,0.006078,0.018051,0.002320
C[C@H]1CCCCO[C@@H](CN(C)S(=O)(=O)c2c(noc2C)C)[C@@H](C)CN([C@H](C)CO)C(=O)c2cc(ccc2O1)N(C)C,0,0.010257,0.017613,0.003551
C[C@@H]1CCCCO[C@H](CN(C)S(=O)(=O)c2ccccc2)[C@H](C)CN([C@@H](C)CO)C(=O)c2cc(ccc2O1)NS(=O)(=O)C,0,0.003710,0.017512,0.002027
C[C@@H]1CN([C@H](C)CO)C(=O)Cc2cc(ccc2O[C@@H]1CN(C)S(=O)(=O)c1cccs1)NS(=O)(=O)c1ccc(cc1)F,0,0.001783,0.017367,0.003431
C[C@@H]1CCCCO[C@@H](CN(C)S(=O)(=O)c2cn(cn2)C)[C@@H](C)CN([C@H](C)CO)C(=O)c2cc(ccc2O1)NS(=O)(=O)c1ccc(cc1)F,0,0.004306,0.017502,0.003237
C[C@H]1CN([C@H](C)CO)C(=O)c2cc(ccc2O[C@@H]1CN(C)S(=O)(=O)c1cn(cn1)C)NS(=O)(=O)c1ccccc1,0,0.002865,0.017561,0.002393
COc1ccc(cc1)S(=O)(=O)Nc1ccc2c(c1)C(=O)N(C[C@H](C)[C@H](CN(C)Cc1ccccc1)OCCCC[C@H](C)O2)[C@@H](C)CO,0,0.003301,0.018980,0.002541
COc1ccc(cc1)NC(=O)Nc1ccc2c(c1)CC(=O)N(C[C@@H](C)[C@H](CN(C)Cc1ccc(cc1)Oc1ccccc1)O2)[C@H](C)CO,0,0.006706,0.017398,0.002226
CC(C)(C)OC(=O)C[C@H]1CC=CC[C@@H](CC(=O)N[C@H](CO)Cc2ccccc2)C(=O)N2CCC[C@@H]2COC1=O,0,0.002820,0.042992,0.009035
C[C@@H]1CN([C@@H](C)CO)C(=O)CCCn2nncc2CO[C@H]1CN(C)S(=O)(=O)c1c(noc1C)C,0,0.009148,0.021094,0.004007
CC(C)CC#Cc1ccc2c(c1)O[C@H](CN(C)C(=O)Cc1cccnc1)[C@H](C)CN([C@@H](C)CO)S2(=O)=O,0,0.040958,0.021175,0.003153
C[C@H]1CCCCO[C@H](CN(C)C(=O)Nc2ccc(cc2)F)[C@@H](C)CN([C@@H](C)CO)C(=O)c2cc(ccc2O1)NC(=O)Cc1ccccc1,0,0.024426,0.015622,0.002963
COc1ccc(cc1)N1C(=O)NC(=O)C=C1N,0,0.829247,0.064968,0.038945
C[C@H]1CCCCO[C@H](CN(C)C(=O)Nc2ccc(cc2)F)[C@H](C)CN([C@@H](C)CO)C(=O)c2cc(ccc2O1)NS(=O)(=O)c1cccs1,0,0.014306,0.017465,0.002270
C[C@@H]1CN([C@@H](C)CO)C(=O)c2cc(cnc2O[C@@H]1CN(C)Cc1ccccn1)C#Cc1cccc(c1)F,0,0.036171,0.018565,0.005433
CCS(=O)(=O)NCC[C@H]1CC[C@@H](NS(=O)(=O)c2ccccc2C)[C@@H](CO)O1,0,0.016661,0.027375,0.007782
C[C@H]1CCCCO[C@H](CN(C)Cc2ccccc2)[C@@H](C)CN([C@@H](C)CO)C(=O)c2cc(ccc2O1)NC(=O)Cc1ccccc1,0,0.003756,0.017462,0.003953
C[C@@H](O)C#Cc1cnc2c(c1)C(=O)N(C[C@H](C)[C@H](CN(C)C(=O)CN1CCOCC1)O2)[C@@H](C)CO,0,0.004375,0.030768,0.008997
C[C@@H]1CN([C@@H](C)CO)C(=O)c2cccc(c2O[C@@H]1CN(C)Cc1ccc(cc1)C(=O)Nc1ccccc1N)NC(=O)Nc1cccc2ccccc12,0,0.020690,0.018518,0.002672
N[C@H]1CCN(C1)c1cccnc1,0,0.049503,0.026825,0.013503
C[C@H]1CCCCO[C@@H](CN(C)C(=O)C2CCCCC2)[C@@H](C)CN([C@H](C)CO)C(=O)c2cc(ccc2O1)NC(=O)C1CCCCC1,0,0.011210,0.017130,0.003898
CC(CCC(=O)O)C1CCC2C3C(O)CC4CC(O)CCC4(C)C3CC(O)C12C,0,0.371240,0.292365,0.066698
COc1cccc(c1)S(=O)(=O)N(C)C[C@H]1Oc2cc(ccc2S(=O)(=O)N(C[C@H]1C)[C@@H](C)CO)C#CCN(C)C,0,0.018308,0.025874,0.003655
NC(=O)Nc1ccc([As](=O)(O)O)cc1,0,0.437820,0.223186,0.087309
C[C@H]1CN([C@@H](C)CO)C(=O)c2cc(ccc2O[C@@H]1CN(C)S(=O)(=O)c1cn(cn1)C)NC(=O)Cn1cnnn1,0,0.003674,0.019525,0.003032
CC(C)NC(=O)NCC[C@H]1CC[C@@H](NC(=O)CN(C)C)[C@@H](CO)O1,0,0.090591,0.022048,0.007302
CN(C)[C@H]1[C@@H]2C[C@@H]3Cc4c(cc(c(c4C(=O)[C@H]3C(=O)[C@]2(O)C(=O)[C@@H](C(=O)N)C1=O)O)CNCC(C)(C)C)N(C)C,1,0.998858,0.921677,0.963127
C[C@@H]1CCCCO[C@@H](CN(C)S(=O)(=O)C)[C@H](C)CN([C@@H](C)CO)C(=O)c2cc(ccc2O1)NS(=O)(=O)C,0,0.009977,0.018245,0.002584
COCC(=O)N(C)C[C@H]1Oc2cc(ccc2S(=O)(=O)N(C[C@@H]1C)[C@H](C)CO)C#C[C@H](C)O,0,0.057680,0.022000,0.004696
C[C@@H](O)c1cccc(c1)C(F)(F)F,0,0.859369,0.131782,0.051734
COc1ccc(cc1)COC[C@]12NC(=O)N[C@@H]([C@H]2COC(=O)NCCCCCC(=O)NO)c2ccccc2O1,0,0.001693,0.178665,0.119622
C[C@H]1CCCCO[C@@H](CN(C)Cc2ccc(c(c2)Cl)Cl)[C@H](C)CN([C@H](C)CO)C(=O)c2cc(ccc2O1)NC(=O)C1CCCCC1,0,0.118198,0.019073,0.004506
C[C@H]1CCCCO[C@H](CN(C)Cc2ccncc2)[C@H](C)CN([C@@H](C)CO)C(=O)c2cc(ccc2O1)NC(=O)NC1CCCCC1,0,0.023155,0.016636,0.002308
CC(C)NC(=O)Nc1cccc2c1O[C@H](CN(C)S(=O)(=O)c1ccc(cc1)F)[C@H](C)CN([C@H](C)CO)C2=O,0,0.121331,0.021427,0.004071
CCS(=O)(=O)N1C[C@]2(CN(C2)C(=O)Nc2c(noc2C)C)c2c(n(c3cc(ccc23)OC)C)[C@H]1CO,0,0.017718,0.020683,0.007150
C[C@@H]1CN([C@@H](C)CO)C(=O)Cc2cc(ccc2O[C@@H]1CN(C)S(=O)(=O)c1cn(cn1)C)N(C)C,0,0.008966,0.017649,0.003644
CN(C)C1C(O)=C(C(N)=O)C(=O)C2(O)C(O)=C3C(=O)c4c(O)ccc(Cl)c4C(O)C3CC12.Cl,0,0.989631,0.676503,0.577402
C[C@@H]1CCCCO[C@H](CN(C)S(=O)(=O)c2ccc(cc2)Cl)[C@H](C)CN([C@H](C)CO)C(=O)c2cc(ccc2O1)NS(=O)(=O)c1ccc(cc1)Cl,0,0.009945,0.018203,0.002737
C[C@@H]1CCCCO[C@H](CN(C)C(=O)C2CCCCC2)[C@H](C)CN([C@@H](C)CO)C(=O)c2cc(ccc2O1)NC(=O)C1CCCCC1,0,0.011210,0.017130,0.003898
COC(=O)C=CC(C)=CC=CC(C)=CC=CC=C(C)C=CC=C(C)C=CC(=O)O,0,0.000650,0.157699,0.058344
C[C@@H]1CN([C@H](C)CO)C(=O)Cc2cc(ccc2O[C@H]1CN(C)S(=O)(=O)c1ccc(cc1)C)NS(=O)(=O)c1c(noc1C)C,0,0.003114,0.017467,0.002655
CC(C)CC#Cc1cnc2c(c1)C(=O)N(C[C@H](C)[C@@H](CN(C)C(=O)CN1CCOCC1)O2)[C@@H](C)CO,0,0.004139,0.018528,0.003540
C[C@@H]1CN([C@@H](C)CO)C(=O)c2cc(cnc2O[C@@H]1CN(C)CC1CCOCC1)C#CCc1ccccc1,0,0.039728,0.018891,0.002873
COc1ccc(cc1)S(=O)(=O)N(C)C[C@@H]1OCCCC[C@H](C)Oc2ccc(cc2C(=O)N(C[C@@H]1C)[C@@H](C)CO)NC(=O)Nc1ccccc1,0,0.005220,0.017489,0.001664
C[C@H]1CN([C@H](C)CO)C(=O)c2cc(ccc2O[C@@H]1CN(C)S(=O)(=O)c1ccc(cc1)Cl)NC(=O)Nc1cccc2ccccc12,0,0.030702,0.017579,0.002899
COC(OC)[C@H](Cc1ccccc1)N(C[C@@H](NC(=O)C(Cl)(Cl)Cl)/C=C/c1ccccc1)[C@@H]([C@H](Cc1ccccc1)OC(=O)C)c1ccc(cc1)OC,0,0.978012,0.133139,0.019409
COc1ccc(cc1)CNC(=O)N(C)C[C@H]1OCc2ccccc2-c2c(n(c3ccccc23)C)C(=O)N(C[C@@H]1C)[C@H](C)CO,0,0.017362,0.020273,0.003896
COc1ccc(cc1)S(=O)(=O)Nc1ccc2c(c1)C(=O)N(C[C@H](C)[C@H](CN(C)C(=O)Nc1ccc(cc1)C(F)(F)F)OCCCC[C@H](C)O2)[C@@H](C)CO,0,0.095981,0.057294,0.008880
C[C@H]1CCCCO[C@@H](CN(C)Cc2ccc(c(c2)Cl)Cl)[C@@H](C)CN([C@H](C)CO)C(=O)c2cc(ccc2O1)NC(=O)Nc1ccccc1,0,0.100793,0.016578,0.002759
COc1ccc(cc1)NC(=O)Nc1ccc2c(c1)C(=O)N(C[C@@H](C)[C@@H](CN(C)S(=O)(=O)c1ccc(cc1)Cl)OCCCC[C@@H](C)O2)[C@@H](C)CO,0,0.013173,0.017526,0.001747
C[C@H]1CN([C@H](C)CO)C(=O)c2cc(cnc2O[C@@H]1CN(C)C(=O)Nc1ccc2c(c1)OCO2)C#CC1(O)CCCC1,0,0.006349,0.032810,0.007706
Cc1ccc(cc1)C(=O)N1c2ccccc2Sc2ccccc21,0,0.462310,0.282013,0.088852
C[C@@H]1CN([C@H](C)CO)C(=O)c2cccc(c2O[C@@H]1CN(C)Cc1ccc(cc1)C(=O)O)NS(=O)(=O)c1cn(cn1)C,0,0.065064,0.023476,0.002244
COc1ccc(cc1)NC(=O)Nc1ccc2c(c1)CC(=O)N(C[C@H](C)[C@@H](CN(C)C(=O)Nc1ccc(cc1)C(F)(F)F)O2)[C@H](C)CO,0,0.357137,0.021567,0.007300
COc1ccc2c3c(ccc2c1)-c1[nH]c2ccccc2c1CC3,0,0.559580,0.540167,0.393299
CC(=O)OC1CCC2(C)C(CCC3(C)C2CC=C2C4CC(C)(C)CCC4(C(=O)O)CCC23C)C1(C)C,0,0.886353,0.529477,0.456586
COc1ccc(cc1)S(=O)(=O)N(C)C[C@H]1Oc2cc(ccc2S(=O)(=O)N(C[C@H]1C)[C@H](C)CO)C#CC1CCCC1,0,0.029947,0.019356,0.004077
C[C@@H]1CN([C@H](C)CO)C(=O)c2cc(ccc2O[C@H]1CN(C)C(=O)Nc1ccc(cc1)C(F)(F)F)NS(=O)(=O)C,0,0.596569,0.343360,0.160268
C[C@H]1CN([C@H](C)CO)C(=O)c2cc(ccc2O[C@H]1CN(C)Cc1ccc(cc1)C(=O)O)NC(=O)Nc1cccc2ccccc12,0,0.029257,0.030860,0.004343
C[C@@H]1CN([C@H](C)CO)C(=O)c2cc(ccc2O[C@H]1CN(C)Cc1ccc(cc1)C(=O)Nc1ccccc1N)NC(=O)Nc1ccc(cc1)C(F)(F)F,0,0.367356,0.031261,0.003915
C[C@H]1CCCCO[C@H](CN(C)S(=O)(=O)c2ccc(cc2)F)[C@H](C)CN([C@H](C)CO)C(=O)c2cc(ccc2O1)NS(=O)(=O)C,0,0.020859,0.017307,0.002638
C[C@H]1CCCCO[C@H](CN(C)Cc2ccc(cc2)C(=O)O)[C@H](C)CN([C@@H](C)CO)C(=O)c2cc(ccc2O1)NC(=O)Nc1c(noc1C)C,0,0.048198,0.024345,0.002531
OC[C@@H]1O[C@H](CC(=O)NCc2ccccc2F)C=C[C@H]1NC(=O)c1cnccn1,0,0.119969,0.025416,0.017861
C[C@H]1CN([C@@H](C)CO)C(=O)c2cc(ccc2O[C@H]1CN(C)Cc1ccc(cc1)-c1ccccc1)NS(=O)(=O)c1ccc(cc1)Cl,0,0.025558,0.019726,0.004602
Nc1c(cccc1C(=O)O)O,0,0.522715,0.040176,0.021519
COc1ccc(cc1)S(=O)(=O)Nc1cccc2c1O[C@H](CN(C)S(=O)(=O)c1c(noc1C)C)[C@@H](C)CN([C@H](C)CO)C2=O,0,0.015267,0.018051,0.003763
CCC(=O)N[C@@H]1C=C[C@@H](CC(=O)OC)O[C@@H]1CO,0,0.002593,0.021483,0.007524
C[C@H]1CN([C@@H](C)CO)C(=O)c2cc(ccc2O[C@H]1CN(C)Cc1ccc(cc1)C(=O)Nc1ccccc1N)NS(=O)(=O)c1cn(cn1)C,0,0.007613,0.018235,0.002132
COc1ccc(cc1)NC(=O)Nc1ccc2c(c1)C(=O)N(C[C@@H](C)[C@H](CN(C)Cc1ccc(cc1)Oc1ccccc1)O2)[C@@H](C)CO,0,0.008237,0.015444,0.002665
C[C@H]1CN([C@@H](C)CO)C(=O)c2cc(ccc2O[C@H]1CN(C)Cc1ccc(cc1)-c1ccccc1)NC(=O)Cc1cn(c2ccccc12)C,0,0.022426,0.022193,0.003572
OCCCCCCN1[C@@H]2C(=O)N(CC=C[C@@]32O[C@@H]2C=CCCOC(=O)[C@@H]2[C@H]3C1=O)c1ccc(cc1)Cl,0,0.284448,0.387529,0.174847
CN1[C@H]2CC[C@H](CC(=O)NCCN3CCCCC3)O[C@@H]2COc2ccc(cc2C1=O)NS(=O)(=O)c1cccc(c1)F,0,0.055155,0.018176,0.004435
COc1ccc(c(c1)CCNC(=O)CN)OC,0,0.605027,0.038541,0.018898
C[C@@H]1CN([C@H](C)CO)S(=O)(=O)c2ccc(cc2O[C@@H]1CN(C)Cc1cncnc1)C#CC1CCCC1,0,0.114014,0.017916,0.004021
CN(C)c1cc[n+](cc1)C(=O)N1CCOCC1,0,0.012498,0.077417,0.027669
COc1ccc(cc1)CN(C)C[C@H]1Oc2ccc(cc2C(=O)N(C[C@@H]1C)[C@H](C)CO)NS(=O)(=O)c1cn(cn1)C,0,0.016517,0.017406,0.002411
C[C@H]1CN([C@H](C)CO)C(=O)c2cccc(c2O[C@H]1CN(C)S(=O)(=O)c1c(noc1C)C)NS(=O)(=O)c1ccc(cc1)F,0,0.026830,0.018957,0.004351
C[C@H]1CN([C@H](C)CO)C(=O)CCCn2cc(nn2)CO[C@@H]1CN(C)S(=O)(=O)C,0,0.005911,0.017692,0.004147
C[C@H]1CN([C@H](C)CO)C(=O)c2cc(ccc2O[C@H]1CN(C)S(=O)(=O)c1ccc(cc1)Cl)NS(=O)(=O)c1c(noc1C)C,0,0.020722,0.017638,0.003644
CCCC#Cc1cnc2c(c1)C(=O)N(C[C@@H](C)[C@H](CN(C)C(=O)c1ccc3c(c1)OCO3)O2)[C@H](C)CO,0,0.009476,0.016776,0.002104
C[C@@H]1CCCCO[C@@H](CN(C)Cc2ccc(c(c2)Cl)Cl)[C@H](C)CN([C@@H](C)CO)C(=O)c2cc(ccc2O1)NC(=O)Nc1ccc2c(c1)OCO2,0,0.067560,0.033083,0.004182
COc1ccc(cc1)NC(=O)N(C)C[C@H]1Oc2c(cccc2C(=O)N(C[C@H]1C)[C@H](C)CO)NC(=O)C1CC1,0,0.053938,0.022974,0.004169
C[C@H]1CCCCO[C@H](CN(C)Cc2ccncc2)[C@@H](C)CN([C@@H](C)CO)C(=O)c2cc(ccc2O1)NC(=O)Nc1ccc(cc1)F,0,0.062048,0.016207,0.002390
C[C@H]1CCCCO[C@H](CN(C)S(=O)(=O)c2ccccc2)[C@@H](C)CN([C@@H](C)CO)C(=O)c2cc(ccc2O1)NS(=O)(=O)c1cn(cn1)C,0,0.002299,0.017475,0.001938
OCc1ccc(cc1)CO[C@H]1C[C@H](C=C(O1)C(=O)NCc1nc2ccccc2[nH]1)c1ccc(cc1)Br,0,0.662925,0.179338,0.070089
C[C@H]1CN([C@H](C)CO)C(=O)c2cccc(c2O[C@@H]1CN(C)Cc1ccc(c(c1)Cl)Cl)NS(=O)(=O)c1ccc(cc1)F,0,0.119610,0.021160,0.004260
C[C@H]1CCCCO[C@H](CN(C)Cc2ccccc2)[C@H](C)CN([C@H](C)CO)C(=O)c2cc(ccc2O1)NC(=O)Nc1ccc2c(c1)OCO2,0,0.006482,0.016903,0.002654
C[C@@H]1CN([C@H](C)CO)C(=O)c2cccc(c2O[C@@H]1CN(C)CC1CC1)NS(=O)(=O)c1ccc(cc1)F,0,0.050701,0.019410,0.004301
CCC(=O)N1C[C@]2(C1)CN([C@@H](CO)c1c2c2ccc(cc2n1C)OC)S(=O)(=O)C,0,0.013378,0.023370,0.005998
O[C@@H]1C[C@](C[C@@H](O)[C@H]1O)(OC(=O)/C=C/c1ccc(c(c1)O)O)C(=O)O,0,0.064591,0.250006,0.106399
C[C@@H]1CCCCO[C@@H](CN(C)Cc2ccc(c(c2)Cl)Cl)[C@H](C)CN([C@@H](C)CO)C(=O)c2cc(ccc2O1)NC(=O)Nc1ccc(cc1)C(F)(F)F,0,0.859205,0.025970,0.006371
C[C@H]1CCCCO[C@H](CN(C)C(=O)Nc2ccc(cc2)C(F)(F)F)[C@@H](C)CN([C@@H](C)CO)C(=O)c2cc(ccc2O1)NS(=O)(=O)c1cccs1,0,0.085681,0.033110,0.008817
C[C@H]1CCCCO[C@H](CN(C)S(=O)(=O)c2cn(cn2)C)[C@@H](C)CN([C@H](C)CO)C(=O)c2cc(ccc2O1)NS(=O)(=O)c1cn(cn1)C,0,0.004216,0.018669,0.003177
COc1ccc(cc1)S(=O)(=O)Nc1ccc2c(c1)C(=O)N(C[C@H](C)[C@@H](CN(C)Cc1ccc(cc1)C(=O)O)OCCCC[C@@H](C)O2)[C@H](C)CO,0,0.007372,0.024786,0.002155
COc1ccc(cc1)S(=O)(=O)Nc1cccc2c1O[C@H](CN(C)S(=O)(=O)c1ccc(cc1)C)[C@H](C)CN([C@H](C)CO)C2=O,0,0.011401,0.018051,0.003501
Cn1nccc1-c1cccc(c1)CN,0,0.419896,0.066341,0.032581
C[C@H]1CN([C@@H](C)CO)C(=O)Cc2cc(ccc2O[C@@H]1CN(C)Cc1ccc(cc1)Oc1ccccc1)NC(=O)Cc1ccccc1,0,0.002335,0.021347,0.004362
C[C@H](O)C#Cc1ccc2c(c1)O[C@@H](CN(C)C(=O)c1ccccc1)[C@@H](C)CN([C@H](C)CO)S2(=O)=O,0,0.015106,0.019756,0.004486
CC(CCC(=O)[O-])C1CCC2C3C(=O)CC4CC(=O)CCC4(C)C3CC(=O)C12C.[Na+],0,0.992827,0.591018,0.318555
COc1cccc(c1)S(=O)(=O)N1C[C@@H](O)COC[C@H]2O[C@H](CC[C@@H]21)CC(=O)N1CCN(C)CC1,0,0.185211,0.035467,0.012774
C[C@@H]1CN([C@@H](C)CO)C(=O)c2cc(ccc2O[C@@H]1CN(C)C(=O)Nc1ccc2c(c1)OCO2)NC(=O)c1ccncc1,0,0.003715,0.017678,0.002015
O=C(NC(=O)c1ccccc1Cl)Nc1ccc(OC(F)(F)F)cc1,0,0.971559,0.446835,0.261483
C[C@@H]1CN([C@@H](C)CO)C(=O)c2cccc(c2O[C@H]1CN(C)C(=O)NC1CCCCC1)NC(=O)Nc1cccc2ccccc12,0,0.062208,0.020307,0.007522
C[C@@H]1CCCCO[C@H](CN(C)C(=O)c2ccccc2)[C@@H](C)CN([C@H](C)CO)C(=O)c2cc(ccc2O1)NC(=O)Nc1ccc(cc1)F,0,0.010032,0.016561,0.001705
COCC#Cc1ccc2c(c1)O[C@H](CN(C)S(=O)(=O)c1cccc(c1)F)[C@@H](C)CN([C@H](C)CO)S2(=O)=O,0,0.107703,0.020217,0.004560
CCOC(=O)CC1=C(C)NC(=NC1=O)SC,0,0.087549,0.034766,0.011774
CCCC#Cc1ccc2c(c1)O[C@@H](CN(C)S(=O)(=O)c1cccc(c1)OC)[C@@H](C)CN([C@@H](C)CO)S2(=O)=O,0,0.019037,0.019766,0.003027
COc1ccc2c3c([nH]c2c1)[C@H](CO)N(C[C@]13CCN(CC1)CC1CCCC1)C(=O)Nc1cccc(c1)F,0,0.856397,0.788590,0.897303
C[C@H]1CCCCO[C@@H](CN(C)C(=O)Nc2ccc(cc2)C(F)(F)F)[C@H](C)CN([C@H](C)CO)C(=O)c2cc(ccc2O1)NC(=O)Nc1c(noc1C)C,0,0.416918,0.031669,0.016967
C[C@@H]1CN([C@H](C)CO)C(=O)c2c(c3ccccc3n2C)-c2ccccc2CO[C@@H]1CN(C)Cc1ccccc1C(F)(F)F,0,0.375016,0.108231,0.056531
COC(=O)[C@H](Cc1ccccc1)N(CC#C)O[C@@H](/C=C/[C@@H](O)CCn1cc(nn1)-c1cccc(c1)/C=C/C(=O)NO)C1CC1,0,0.859717,0.044834,0.011610
C[C@@H]1CN([C@H](C)CO)C(=O)c2cc(ccc2O[C@H]1CN(C)C(=O)NC1CCCCC1)NS(=O)(=O)C,0,0.027045,0.018429,0.004826
C[C@@H]1CN([C@H](C)CO)C(=O)c2cc(ccc2O[C@H]1CN(C)C(=O)Nc1ccccc1)NC(=O)Cn1cnnn1,0,0.008029,0.017197,0.003421
C[C@@H]1CCCCO[C@H](CN(C)C(=O)NC2CCCCC2)[C@H](C)CN([C@@H](C)CO)C(=O)c2cc(ccc2O1)NC(=O)Nc1ccc(cc1)F,0,0.058821,0.016340,0.003369
CN1CCN(CC1)C(=O)C[C@H]1O[C@@H](CO)[C@@H](NC(=O)Nc2c(noc2C)C)C=C1,0,0.160676,0.043263,0.013183
COc1ccc(cc1)C#Cc1cnc2c(c1)C(=O)N(C[C@@H](C)[C@@H](CN(C)C(=O)CN(C)C)O2)[C@@H](C)CO,0,0.103559,0.025805,0.006476
CC(C)C#Cc1ccc2c(c1)O[C@@H](CN(C)C(=O)c1cccc(c1)F)[C@@H](C)CN([C@@H](C)CO)S2(=O)=O,0,0.120442,0.023781,0.005131
CN1[C@@H]2CC[C@H](CC(=O)NCCN3CCCCC3)O[C@@H]2COc2ccc(cc2C1=O)NC(=O)c1cccs1,0,0.039706,0.022750,0.013593
CN1CCN(CC1)C(=O)C[C@@H]1CC[C@@H]2[C@H](COC[C@H](O)CN2S(=O)(=O)c2cccc(c2)C)O1,0,0.336563,0.027065,0.010202
CCOc1nc2cccc(C(=O)OCc3oc(=O)oc3C)c2n1Cc1ccc(-c2ccccc2-c2noc([O-])n2)cc1.[K+],0,0.030601,0.242564,0.156643
C[C@H](O)C#Cc1ccc2c(c1)O[C@@H](CN(C)C(=O)Nc1ccccc1)[C@H](C)CN([C@@H](C)CO)S2(=O)=O,0,0.078679,0.022928,0.005876
C[C@@H]1CN([C@@H](C)CO)C(=O)CCCn2nncc2CO[C@@H]1CN(C)C(=O)C1CC1,0,0.011485,0.024486,0.003828
C[C@H]1CCCCO[C@H](CN(C)C(=O)c2ccccc2)[C@@H](C)CN([C@@H](C)CO)C(=O)c2cc(ccc2O1)NC(=O)NC1CCCCC1,0,0.003446,0.016860,0.001684
C[C@@H]1CN([C@H](C)CO)C(=O)c2ccccc2-c2ccccc2CO[C@@H]1CN(C)Cc1ccc(cc1)-c1ccccc1,0,0.152531,0.031388,0.007308
C[C@H]1CN([C@@H](C)CO)C(=O)c2c(c3ccccc3n2C)-c2ccccc2CO[C@@H]1CN(C)C(=O)Nc1cccc(c1Cl)Cl,0,0.316143,0.029660,0.006147
Cc1ccccc1S(=O)(=O)N1C[C@@H](O)COC[C@@H]2O[C@H](CC[C@H]21)CC(=O)NCc1ccccc1Cl,0,0.333015,0.049554,0.029601
ONC(=O)CCCCCCC(=O)Nc1ccc(cc1)[C@H]1O[C@@H](CSc2nc(c(o2)-c2ccccc2)-c2ccccc2)C[C@@H](O1)c1ccc(cc1)[N+](=O)[O-],0,0.834436,0.062751,0.008569
C[C@H]1CCCCO[C@H](CN(C)CC2CCCCC2)[C@@H](C)CN([C@H](C)CO)C(=O)c2cc(ccc2O1)NC(=O)c1ccncc1,0,0.015280,0.016618,0.002325
C[C@@H]1CCCCO[C@H](CN(C)S(=O)(=O)c2ccc(cc2)C)[C@@H](C)CN([C@H](C)CO)C(=O)c2cc(ccc2O1)NC(=O)Nc1ccc(cc1)C(F)(F)F,0,0.146991,0.026469,0.003733
COc1ccc(cc1)S(=O)(=O)N(C)C[C@@H]1Oc2c(cccc2C(=O)N(C[C@H]1C)[C@H](C)CO)NC(=O)Nc1c(noc1C)C,0,0.056681,0.017245,0.002943
COc1ccc(cc1)CN(C)C[C@@H]1OCCCC[C@H](C)Oc2ccc(cc2C(=O)N(C[C@@H]1C)[C@@H](C)CO)NC(=O)Nc1c(noc1C)C,0,0.044081,0.018336,0.002766
CNC[C@@H]1OCCCC[C@@H](C)Oc2ccc(cc2C(=O)N(C[C@@H]1C)[C@H](C)CO)NS(=O)(=O)c1c(noc1C)C,0,0.015851,0.028387,0.004835
C[C@]1(CC(=Nc2ccccc2N1)c1cccs1)c1cccs1,0,0.723562,0.304180,0.356249
C[C@@H]1CN([C@@H](C)CO)C(=O)Cc2cc(ccc2O[C@@H]1CN(C)S(=O)(=O)c1cn(cn1)C)NS(=O)(=O)c1c(noc1C)C,0,0.002668,0.017325,0.002603
CC(C)NC(=O)Nc1ccc2c(c1)C(=O)N(C)[C@@H]1CC[C@@H](CC(=O)NCc3ccc(cc3)F)O[C@H]1CO2,0,0.061612,0.026877,0.013162
COc1cccc(c1)CNC(=O)C[C@@H]1CC[C@H]2[C@@H](COC[C@H](O)CN2S(=O)(=O)c2ccc(cc2)C)O1,0,0.219405,0.020077,0.008635
C[C@H]1CCCCO[C@@H](CN(C)S(=O)(=O)c2ccc(cc2)Cl)[C@H](C)CN([C@@H](C)CO)C(=O)c2cc(ccc2O1)NS(=O)(=O)c1cccs1,0,0.002936,0.017270,0.002344
COCC#Cc1cnc2c(c1)C(=O)N(C[C@H](C)[C@@H](CN(C)C(=O)Nc1cc(ccc1F)F)O2)[C@H](C)CO,0,0.545350,0.032379,0.017929
C[C@H]1CN([C@H](C)CO)C(=O)Cc2cc(ccc2O[C@@H]1CN(C)Cc1ccc(cc1)-c1ccccc1)NC(=O)Nc1cccc2ccccc12,0,0.041273,0.022148,0.003427
CNC[C@H]1Oc2cc(ccc2S(=O)(=O)N(C[C@@H]1C)[C@@H](C)CO)C#CC(C)(C)O,0,0.054693,0.102240,0.004803
CC(=O)OC1CC2C(C)(C)C(=O)C3OC3C2(C)C2CCC3(C)C(c4ccoc4)OC(=O)C4OC43C12C,0,0.130759,0.090182,0.056941
C[C@H]1CCCCO[C@H](CN(C)C(=O)c2ccccc2)[C@@H](C)CN([C@@H](C)CO)C(=O)c2cc(ccc2O1)NS(=O)(=O)c1ccc(cc1)F,0,0.002447,0.017468,0.001979
CC1CC2C3CC(F)C4=CC(=O)C=CC4(C)C3(F)C(O)CC2(C)C1(O)C(=O)CO,0,0.059683,0.409003,0.086515
CC(C)(C)c1cc2n(n1)C(=N)N=C(N)N2,0,0.671214,0.043681,0.029481
C[C@@H]1CCCCO[C@@H](CN(C)C(=O)C2CCCCC2)[C@H](C)CN([C@H](C)CO)C(=O)c2cc(ccc2O1)NC(=O)Nc1ccc2c(c1)OCO2,0,0.008445,0.017274,0.002619
C[C@@H]1CN([C@H](C)CO)C(=O)c2cc(ccc2O[C@H]1CN(C)C(=O)Nc1ccc(cc1)C(F)(F)F)NS(=O)(=O)c1ccc(cc1)F,0,0.320390,0.166614,0.013763
C[C@@H](O)Cn1c(ncc1[N+](=O)[O-])C,0,0.970407,0.137135,0.041801
C[C@@H]1CN([C@H](C)CO)S(=O)(=O)c2ccc(cc2O[C@H]1CN(C)S(=O)(=O)c1ccc(cc1)F)Br,0,0.170671,0.023463,0.006712
CN(C)CCCNC(=O)C[C@@H]1CC[C@H]2[C@@H](COC[C@@H](O)CN2S(=O)(=O)c2ccc(cc2)C)O1,0,0.362859,0.019892,0.010246
COc1ccc(cc1)NC(=O)N(C)C[C@@H]1OCCCC[C@H](C)Oc2ccc(cc2C(=O)N(C[C@H]1C)[C@H](C)CO)NS(=O)(=O)c1cccs1,0,0.003291,0.017466,0.002014
C[C@H]1CN([C@@H](C)CO)C(=O)c2cccc(c2O[C@@H]1CN(C)CC1CCCCC1)NC(=O)c1nc2ccccc2s1,0,0.016629,0.018764,0.005022
C[C@H]1CN([C@@H](C)CO)C(=O)c2cc(ccc2O[C@@H]1CN(C)Cc1ccc(cc1)Oc1ccccc1)NC(=O)Nc1c(noc1C)C,0,0.011808,0.016417,0.003950
C[C@@H]1CCCCO[C@@H](CN(C)S(=O)(=O)C)[C@@H](C)CN([C@@H](C)CO)C(=O)c2cc(ccc2O1)NS(=O)(=O)c1ccccc1,0,0.001558,0.017512,0.002365
C[C@@H]1CN([C@H](C)CO)C(=O)Cc2cc(ccc2O[C@H]1CN(C)S(=O)(=O)C)NC(=O)Cc1ccccc1,0,0.002327,0.021747,0.005498
CCC(=O)N(C)C[C@@H]1Oc2ncc(cc2C(=O)N(C[C@H]1C)[C@H](C)CO)C#C[C@@H](C)O,0,0.008443,0.020435,0.005463
COCC(=O)Nc1ccc2c(c1)OC[C@@H](C)N(C[C@H](C)[C@@H](CN(C)C2=O)OC)Cc1ccccc1F,0,0.017470,0.022787,0.003925
COc1ccc(cc1)NC(=O)Nc1ccc2c(c1)C(=O)N(C[C@@H](C)[C@H](CN(C)C(=O)Cc1ccccc1)OCCCC[C@@H](C)O2)[C@H](C)CO,0,0.003913,0.016702,0.001920
CN(C)C(=O)[C@@]1(Cc2ccccc2CN=[N+]=[N-])N=C(O[C@H]1c1ccccc1N=[N+]=[N-])c1ccc(cc1)OCCCO,0,0.883949,0.080828,0.011696
COc1ccc(cc1)S(=O)(=O)Nc1cccc2c1O[C@H](CN(C)S(=O)(=O)C)[C@H](C)CN([C@@H](C)CO)C2=O,0,0.014919,0.018627,0.004166
C[C@H]1CN([C@@H](C)CO)C(=O)c2cc(ccc2O[C@@H]1CN(C)S(=O)(=O)c1cn(cn1)C)NC(=O)c1ccncc1,0,0.004946,0.017325,0.002347
COc1ccc(cc1)COC[C@@]12Oc3ccccc3[C@H]([C@H]2CO[Si](C)(C)C(C)(C)C)N2C(=O)c3cc(ccc3SC2=N1)[N+](=O)[O-],0,0.001207,0.344008,0.147606
CN1C(=O)N(C)c2ncn(c2C1=O)CC1OCCO1,0,0.282228,0.036155,0.021317
OC[C@H]1[C@@H]2CN3C(=O)C=CC=C3[C@H]([C@@H]1C(=O)NCCCN1CCOCC1)N2C(=O)C1CCCCC1,0,0.046935,0.023614,0.010799
C[C@@H]1CN([C@@H](C)CO)C(=O)c2cc(ccc2O[C@@H]1CN(C)S(=O)(=O)c1ccc(cc1)F)NC(=O)CCN1CCOCC1,0,0.006474,0.017797,0.002683
C[C@@H]1CN([C@H](C)CO)C(=O)Cc2cc(ccc2O[C@@H]1CN(C)C(=O)NC1CCCCC1)NC(=O)Nc1cccc2ccccc12,0,0.013020,0.019037,0.003260
C[C@H]1CN([C@H](C)CO)C(=O)c2cc(ccc2O[C@H]1CN(C)Cc1ccccc1)NC(=O)CCN1CCOCC1,0,0.003023,0.016504,0.002968
OCc1ccc(cc1)CO[C@H]1C[C@H](C=C(O1)C(=O)N1CCN(CC1)Cc1ccc2c(c1)OCO2)c1csc2ccccc12,0,0.025431,0.079342,0.024261
CC(C)NC(=O)N(C)C[C@H]1Oc2ccc(cc2C(=O)N(C[C@@H]1C)[C@@H](C)CO)NC(=O)C1CCCCC1,0,0.018147,0.018474,0.005004
CCNC(=O)C[C@H]1CC[C@@H](NC(=O)C2CC2)[C@@H](CO)O1,0,0.048840,0.031497,0.011278
CN1CCN(CC1)C(=O)C[C@@H]1CC[C@@H]2[C@H](COC[C@@H](O)CN2S(=O)(=O)c2cccc(c2)Cl)O1,0,0.482912,0.046865,0.018949
C[C@H]1CN([C@H](C)CO)C(=O)Cc2cc(ccc2O[C@@H]1CN(C)Cc1ccc(cc1)-c1ccccc1)NS(=O)(=O)c1ccccc1,0,0.003380,0.019102,0.003892
C[C@@H](O)CN1CCN(CC1)S(=O)(=O)C1CC1,0,0.027817,0.035870,0.006046
NC(=O)C1=CN=C2SCCN2C1=O,0,0.028811,0.016980,0.006559
C[C@@H]1CCCCO[C@H](CN(C)C(=O)Nc2ccccc2)[C@H](C)CN([C@@H](C)CO)C(=O)c2cc(ccc2O1)NC(=O)Nc1ccc(cc1)F,0,0.043054,0.015796,0.002386
C[C@H]1CN([C@H](C)CO)C(=O)Cc2cc(ccc2O[C@@H]1CN(C)Cc1ccc(cc1)C(=O)O)NC(=O)Nc1ccc(cc1)C(F)(F)F,0,0.398241,0.020521,0.004652
COc1ccccc1-c1cccc(c1)-c1nc(cc2c1[C@H](CCO)N(C2)[S@@](=O)C(C)(C)C)C(=O)N1CCCCC1,0,0.251745,0.102407,0.095109
COc1ccc(cc1)NC(=O)Nc1ccc2c(c1)C(=O)N(C[C@@H](C)[C@@H](CN(C)S(=O)(=O)C)O2)[C@@H](C)CO,0,0.029826,0.018185,0.002983
O=c1cc(-c2ccccc2)oc2ccccc12,0,0.075553,0.089068,0.032549
CC(=O)NC1=C(C)Nc2ncnn2C1=O,0,0.061127,0.033891,0.018189
C[C@H]1CN([C@@H](C)CO)C(=O)c2cccc(c2O[C@@H]1CN(C)Cc1ccc2c(c1)OCO2)NC(=O)c1cnccn1,0,0.020685,0.019796,0.003511
C[C@H]1CCCCO[C@@H](CN(C)Cc2ccc3c(c2)OCO3)[C@H](C)CN([C@@H](C)CO)C(=O)c2cc(ccc2O1)NS(=O)(=O)c1ccc(cc1)Cl,0,0.004560,0.017965,0.002421
C[C@H]1CN([C@@H](C)CO)S(=O)(=O)c2ccc(cc2O[C@@H]1CN(C)S(=O)(=O)c1ccccc1F)Br,0,0.169947,0.024048,0.008193
C[C@H]1CCCCO[C@@H](CN(C)C(=O)Nc2c(noc2C)C)[C@@H](C)CN([C@@H](C)CO)C(=O)c2cc(ccc2O1)NC(=O)Nc1ccc(cc1)C(F)(F)F,0,0.593488,0.027849,0.019287
C[C@@H](N)CCc1ccc(cc1)Br,0,0.413981,0.092648,0.048677
COc1ccc2c3c(n(c2c1)C)[C@H](CO)N(CC1CCOCC1)C[C@]13CN(C1)C(=O)Cc1cccnc1,0,0.086570,0.056861,0.046327
C[C@@H]1CCCCO[C@@H](CN(C)C(=O)Nc2c(noc2C)C)[C@H](C)CN([C@@H](C)CO)C(=O)c2cc(ccc2O1)NC(=O)C1CCCCC1,0,0.028001,0.017218,0.003120
C[C@@H]1CN([C@@H](C)CO)C(=O)c2cccc(c2O[C@H]1CN(C)S(=O)(=O)c1ccc(cc1)Cl)NC(=O)c1cc(nn1C)C,0,0.031211,0.017281,0.003184
CC(C)NC(=O)Nc1ccc2c(c1)CC(=O)N(C[C@H](C)[C@H](CN(C)S(=O)(=O)c1c(noc1C)C)O2)[C@H](C)CO,0,0.016204,0.019425,0.004035
CC1=NNC(=O)CC1,0,0.011855,0.024643,0.007689
C[C@@H]1CN([C@@H](C)CO)C(=O)Cc2cc(ccc2O[C@@H]1CN(C)S(=O)(=O)c1ccc(cc1)Cl)NS(=O)(=O)C,0,0.021912,0.018706,0.004762
Cl.Clc1ccccc1CN1CCc2sccc2C1,0,0.332238,0.120881,0.063189
COc1ccc(cc1)S(=O)(=O)N(C)C[C@@H]1OCCCC[C@@H](C)Oc2ccc(cc2C(=O)N(C[C@H]1C)[C@@H](C)CO)NC(=O)Nc1cccc2ccccc12,0,0.004550,0.018701,0.002087
C[C@H]1CN([C@@H](C)CO)C(=O)c2cc(cnc2O[C@@H]1CN(C)C(=O)Cc1ccncc1)C#Cc1ccccc1F,0,0.035096,0.020772,0.005018
CO[C@H]1CN(C)C(=O)c2ccc(cc2OC[C@@H](C)N(C[C@@H]1C)C(=O)CN(C)C)NS(=O)(=O)C,0,0.028899,0.080640,0.004160
COc1ccc(cc1)NC(=O)Nc1ccc2c(c1)CC(=O)N(C[C@H](C)[C@@H](CN(C)Cc1ccc(cc1)C(F)(F)F)O2)[C@H](C)CO,0,0.197363,0.024776,0.007650
C[C@@H]1CN([C@H](C)CO)C(=O)c2cc(ccc2O[C@@H]1CN(C)Cc1ccncc1)NS(=O)(=O)c1ccccc1,0,0.002445,0.017265,0.002283
OC[C@H]1NC[C@H](O)[C@@H](O)[C@@H]1O,0,0.007804,0.041027,0.009717
C[C@@H]1CN([C@H](C)CO)C(=O)Cc2cc(ccc2O[C@H]1CN(C)S(=O)(=O)c1ccc(cc1)Cl)N(C)C,0,0.018751,0.030979,0.006949
OC[C@H]1O[C@@H](O/N=[N+](\[O-])N2CCCC2)[C@H](O)[C@@H](O)[C@@H]1O,0,0.019998,0.230999,0.063779
C[C@@H]1CCCCO[C@@H](CN(C)Cc2ccccc2)[C@H](C)CN([C@@H](C)CO)C(=O)c2cc(ccc2O1)NC(=O)Nc1cccc2ccccc12,0,0.011807,0.016362,0.002488
C[C@@H]1CCCCO[C@@H](CN(C)C(=O)C2CCCCC2)[C@H](C)CN([C@@H](C)CO)C(=O)c2cc(ccc2O1)NC(=O)C1CCCCC1,0,0.011210,0.017130,0.003898
CCCN(C)C[C@@H]1Oc2cc(ccc2S(=O)(=O)N(C[C@@H]1C)[C@@H](C)CO)C#Cc1ccccc1OC,0,0.192229,0.024807,0.005100
C[C@H]1CN([C@H](C)CO)C(=O)Cc2cc(ccc2O[C@@H]1CN(C)S(=O)(=O)C)NC(=O)Cc1ccccc1,0,0.002327,0.021747,0.005498
C[C@@H]1CCCCO[C@@H](CN(C)C(=O)C2CCCCC2)[C@H](C)CN([C@@H](C)CO)C(=O)c2cc(ccc2O1)NC(=O)Nc1ccccc1,0,0.009692,0.016868,0.002567
Fc1ccc(cc1)/C=C\1/SC2=NCCN2C1=O,0,0.028628,0.083187,0.096190
C[C@H]1CCCCO[C@H](CN(C)C(=O)Cc2ccccc2)[C@@H](C)CN([C@@H](C)CO)C(=O)c2cc(ccc2O1)NC(=O)NC1CCCCC1,0,0.002872,0.017257,0.002507
C[C@H]1CN([C@@H](C)CO)C(=O)Cc2cc(ccc2O[C@H]1CN(C)CC1CCCCC1)NC(=O)Nc1ccc(cc1)F,0,0.220930,0.055493,0.015027
COCCc1ccc(OCC(O)CNC(C)C)cc1.O=C(O)C(O)C(O)C(=O)O,0,0.001212,0.045350,0.014652
NC1=CC=CC(=O)N1,0,0.058884,0.049968,0.021616
C[C@@H]1CCCCO[C@@H](CN(C)C(=O)Nc2ccc(cc2)C(F)(F)F)[C@H](C)CN([C@@H](C)CO)C(=O)c2cc(ccc2O1)NS(=O)(=O)c1cccs1,0,0.085681,0.033110,0.008817
COc1cc2c(cc1OC)C(=O)NCC2,0,0.087843,0.041577,0.017641
O[C@H]1CC[C@H]2CN(C[C@@H]12)C(=O)C=C,0,0.016144,0.032290,0.011876
CN1CCN(CC1)C(=O)C[C@H]1O[C@H](CO)[C@H](NC(=O)c2ccc3c(c2)OCO3)C=C1,0,0.031797,0.019158,0.009422
COc1ccc(C=CC(=O)O)cc1OC,0,0.747217,0.063775,0.063072
COc1ccc(cc1)[Si](C)(C)[C@@H]1[C@@H](C)[C@@]2(O[C@H]1CCO)C(=O)N(Cc1cccc(c1)N1C(=O)c3cccc4cccc1c34)c1ccccc12,0,0.005240,0.043927,0.018699
C[C@@H]1CCCCO[C@H](CN(C)C(=O)Nc2c(noc2C)C)[C@@H](C)CN([C@H](C)CO)C(=O)c2cc(ccc2O1)NS(=O)(=O)c1ccccc1,0,0.003356,0.017499,0.002034
C[C@H]1CN([C@@H](C)CO)C(=O)Cc2cc(ccc2O[C@@H]1CN(C)S(=O)(=O)c1ccc(cc1)F)NS(=O)(=O)c1cn(cn1)C,0,0.015541,0.017470,0.002613
COc1ccc(cc1)CN(C)C[C@@H]1OCCCC[C@H](C)Oc2ccc(cc2C(=O)N(C[C@H]1C)[C@H](C)CO)NC(=O)c1ccccc1,0,0.004187,0.016555,0.001802
C[C@@H]1CCCCO[C@@H](CN(C)C(=O)Nc2ccc(cc2)F)[C@@H](C)CN([C@@H](C)CO)C(=O)c2cc(ccc2O1)NC(=O)Cc1ccccc1,0,0.024426,0.015622,0.002963
C[C@H]1CN([C@H](C)CO)C(=O)c2cc(ccc2O[C@@H]1CN(C)Cc1ccncc1)NS(=O)(=O)c1cn(cn1)C,0,0.011964,0.017329,0.002098
COc1ccc(cc1)CN(C)C[C@@H]1Oc2ccc(cc2CC(=O)N(C[C@H]1C)[C@@H](C)CO)NS(=O)(=O)C,0,0.011076,0.025977,0.005588
COc1cccc(c1)S(=O)(=O)Nc1ccc2c(c1)[C@H]1C[C@H](CC(=O)NC3CCCCC3)O[C@H](CO)[C@H]1O2,0,0.010556,0.018282,0.006322
COc1ccc(c(c1F)F)Oc1cc(c2ncc(n2n1)-c1ccc(c(c1)C)C(=O)NC1CC1)NCCC(F)(F)F,0,0.861152,0.503262,0.486176
CC(C)C[C@H]1NC(=O)[C@@H](CCCN)NC(=O)[C@@H](NC(=O)[C@@H](Cc2ccc(cc2)O)NC(=O)[C@@H](CCC(=O)O)NC(=O)[C@@H](CC(=O)O)NC(=O)[C@@H](Cc2ccccc2)NC(=O)[C@@H](Cc2ccccc2)NC(=O)[C@H]2CCCN2C(=O)[C@@H](Cc2ccccc2)NC1=O)C(C)C,1,0.007169,0.197521,0.023635
C[C@@H]1CN([C@H](C)CO)C(=O)c2cccc(c2O[C@@H]1CN(C)C(=O)Nc1ccccc1)NC(=O)c1cnccn1,0,0.080777,0.017980,0.003837
C[C@H]1CN([C@@H](C)CO)C(=O)c2cc(ccc2O[C@@H]1CN(C)S(=O)(=O)c1cn(cn1)C)NC(=O)Nc1ccc(cc1)F,0,0.095980,0.019175,0.003683
COC(=O)[C@H](Cc1ccccc1)N1CC(=C[C@@H]1[C@@H](O)CCn1cc(nn1)-c1ccc(s1)C(=O)NO)/C=C/C1CC1,0,0.266440,0.050334,0.022901
C[C@H]1CCCCO[C@@H](CN(C)C(=O)Nc2c(noc2C)C)[C@H](C)CN([C@@H](C)CO)C(=O)c2cc(ccc2O1)NC(=O)Nc1ccc(cc1)F,0,0.079532,0.017342,0.002268
NCCONC(=O)[C@@H]1CC[C@@H]2CN1C(=O)N2OS(=O)(=O)O,0,0.893660,0.227959,0.143951
C[C@H]1CN([C@@H](C)CO)C(=O)Cc2cc(ccc2O[C@H]1CN(C)S(=O)(=O)c1ccc(cc1)Cl)NC(=O)Nc1cccc(c1)C(F)(F)F,0,0.401202,0.023482,0.005435
C[C@@H]1CN([C@@H](C)CO)C(=O)c2cc(ccc2O[C@@H]1CN(C)S(=O)(=O)c1c(noc1C)C)NS(=O)(=O)C,0,0.036517,0.018628,0.003892
COc1ccc(cc1)S(=O)(=O)N(C)C[C@H]1Oc2ccc(cc2CC(=O)N(C[C@H]1C)[C@H](C)CO)NC(=O)c1ccncc1,0,0.001864,0.017291,0.001738
CC(C)NC(=N)NC(=N)Nc1ccc(Cl)cc1.Cl,0,0.340241,0.409695,0.109068
CC(C)NC(=O)N(C)C[C@@H]1Oc2ccc(cc2C(=O)N(C[C@@H]1C)[C@@H](C)CO)NS(=O)(=O)c1ccccc1,0,0.010399,0.026895,0.003815
C[C@H]1CN([C@H](C)CO)S(=O)(=O)c2ccc(cc2O[C@H]1CN(C)C(=O)Cc1ccncc1)C#CC1(O)CCCC1,0,0.011440,0.020801,0.003158
COc1cccc(c1)S(=O)(=O)N(C)C[C@@H]1Oc2cc(ccc2S(=O)(=O)N(C[C@H]1C)[C@H](C)CO)C1=CCCC1,0,0.010380,0.021585,0.003521
CCS(=O)(=O)N1CC[C@@H]2CO[C@H](CN3CCN(C)CC3)[C@@H]2C1,0,0.042449,0.061592,0.006266
O[C@@H]1COC[C@H]2O[C@H](CC[C@@H]2N(C1)S(=O)(=O)c1ccccc1)CC(=O)NCCN1CCCC1,0,0.291039,0.037856,0.015794
COc1ccc(cc1)S(=O)(=O)Nc1ccc2c(c1)CC(=O)N(C[C@H](C)[C@H](CN(C)Cc1ccc(cc1)-c1ccccc1)O2)[C@@H](C)CO,0,0.004649,0.017881,0.003315
C[C@@H]1CCCCO[C@H](CN(C)S(=O)(=O)C)[C@@H](C)CN([C@H](C)CO)C(=O)c2cc(ccc2O1)NS(=O)(=O)c1ccc(cc1)C,0,0.003331,0.017408,0.002433
C[C@@H]1CN([C@H](C)CO)C(=O)c2cccc(c2O[C@H]1CN(C)C(=O)Nc1ccc2c(c1)OCO2)NC(=O)Nc1cccc2ccccc12,0,0.014359,0.019259,0.003747
Cc1nnc(SCC2=C(C(=O)[O-])N3C(=O)C(NC(=O)Cn4cnnn4)C3SC2)s1.[Na+],1,0.999947,0.959359,0.988609
CC(O)C1C(=O)N2C(C(=O)[O-])=C(SC3Cn4cnc[n+]4C3)C(C)C12,0,0.970072,0.955494,0.725157
C[C@]12O[C@@]3(CN(C4CC4)C(=O)C3[C@@H]2C(=O)O)C=C1,0,0.050243,0.288959,0.106436
COCC(=O)Nc1ccc2c(c1)C(=O)N(C)[C@@H]1CC[C@@H](CC(=O)N3CCc4ccccc4C3)O[C@H]1CO2,0,0.004370,0.020504,0.004657
C[C@H]1CN([C@H](C)CO)C(=O)Cc2cc(ccc2O[C@@H]1CN(C)S(=O)(=O)c1ccc(cc1)Cl)NC(=O)Nc1cccc2ccccc12,0,0.014045,0.021383,0.002743
CC(=O)N1CCC[C@@H](C1)C(=O)O,0,0.004981,0.014919,0.005062
C[C@H]1CN([C@@H](C)CO)C(=O)c2cc(ccc2O[C@@H]1CN(C)S(=O)(=O)C)NS(=O)(=O)c1cccs1,0,0.009097,0.017561,0.003773
NC1=NC(=O)N(C=C1F)[C@@H]1CS[C@H](CO)O1,0,0.780818,0.145048,0.086357
CN(C)CC(=O)N[C@@H]1CC[C@@H](CCNS(=O)(=O)c2ccccc2)O[C@@H]1CO,0,0.044656,0.021220,0.005626
COc1ccc(cc1)NC(=O)Nc1cccc2c1O[C@H](CN(C)CC1CCCCC1)[C@@H](C)CN([C@H](C)CO)C2=O,0,0.102211,0.016934,0.003827
C[C@@H]1CN([C@@H](C)CO)S(=O)(=O)c2ccc(cc2O[C@H]1CN(C)Cc1ccccc1)C#CC(C)(C)O,0,0.033069,0.021627,0.005081
CC/C=C\C/C=C\C/C=C\CCCCCCCCCC(=O)O,0,0.005368,0.133933,0.061509
C[C@@H]1CN([C@H](C)CO)C(=O)Cc2cc(ccc2O[C@@H]1CN(C)Cc1ccc(cc1)-c1ccccc1)NC(=O)Nc1cccc2ccccc12,0,0.041273,0.022148,0.003427
NCC[C@H]1CC[C@H](NC(=O)NC2CCCCC2)[C@@H](CO)O1,0,0.243265,0.050598,0.021009
Cc1ccc(cc1)S(=O)(=O)N1C[C@H](O)COC[C@H]2O[C@@H](CC[C@@H]21)CC(=O)N1CCc2ccccc2C1,0,0.055229,0.034510,0.012221
C[C@@H]1CCCCO[C@H](CN(C)Cc2ccncc2)[C@@H](C)CN([C@H](C)CO)C(=O)c2cc(ccc2O1)NC(=O)Nc1ccc(cc1)C(F)(F)F,0,0.405319,0.018188,0.008822
COc1cccc(c1)NC(=O)N[C@H]1CC[C@H](CC(=O)N2CCN(C)CC2)O[C@@H]1CO,0,0.082092,0.027907,0.006054
CCCC(=O)Nc1ccc2c(c1)C(=O)N(C)C[C@@H](OC)[C@@H](C)CN(Cc1ccc(cc1)-c1ccccn1)[C@@H](C)CO2,0,0.016224,0.036612,0.007003
CCN1C[C@]2(C)CC[C@H](O)[C@@]34[C@@H]5C[C@H]6[C@H](O)[C@@H]5[C@](O)(C[C@@H]6OC)[C@](O)([C@@H](OC)[C@H]23)[C@@H]14,0,0.566332,0.254049,0.100386
COc1ccccc1-c1ccc2c(c1)O[C@@H](CN(C)S(=O)(=O)c1ccccc1)[C@H](C)CN([C@H](C)CO)S2(=O)=O,0,0.012662,0.018400,0.003629
CCNC(=O)c1cc2c(c(n1)-c1cccc(c1)-c1cc3ccccc3o1)[C@@H](CCO)N(C2)C(=O)NC(C)C,0,0.066925,0.087773,0.021339
C1CNCCN1,0,0.000657,0.047605,0.008870
COc1ccc(cc1)S(=O)(=O)N(C)C[C@H]1OCCCC[C@@H](C)Oc2ccc(cc2C(=O)N(C[C@H]1C)[C@@H](C)CO)NC(=O)NC1CCCCC1,0,0.007842,0.017870,0.002433
C[C@H]1CN([C@H](C)CO)C(=O)c2cc(ccc2O[C@H]1CN(C)S(=O)(=O)c1cccs1)NC(=O)Cn1cnnn1,0,0.001262,0.018193,0.003594
OC[C@H]1O[C@H](CC(=O)NCCc2ccncc2)C=C[C@H]1NC(=O)Cc1ccccn1,0,0.011885,0.027060,0.008752
COc1cccc(c1)S(=O)(=O)N[C@@H]1C=C[C@@H](CC(=O)NC2CCC2)O[C@@H]1CO,0,0.014006,0.019390,0.007260
C[C@H]1O[C@@H](OC[C@H]2O[C@@H](O[C@H]3CC[C@@]4(C)[C@@H](CC[C@]5(C)[C@@H]4CCC4=C5CC[C@]5(CCC(C)(C)C[C@@H]45)C(=O)O[C@@H]4O[C@H](CO)[C@@H](O)[C@H](O)[C@H]4O[C@@H]4O[C@H](CO)[C@@H](O)[C@H](O)[C@H]4O)C3(C)C)[C@H](O)[C@@H](O)[C@@H]2O)[C@H](O)[C@@H](O)[C@@H]1O,0,0.771051,0.238012,0.032669
C[C@H]1CCCCO[C@@H](CN(C)S(=O)(=O)c2ccc(cc2)C)[C@H](C)CN([C@@H](C)CO)C(=O)c2cc(ccc2O1)NC(=O)c1ccccc1,0,0.000869,0.017533,0.001856
C[C@@H]1CN([C@H](C)CO)C(=O)c2cc(ccc2O[C@H]1CN(C)C(=O)Nc1ccc(cc1)F)NC(=O)CCCCCC(=O)Nc1ccccc1N,0,0.085078,0.017724,0.002553
COc1ccc(cc1)S(=O)(=O)N(C)C[C@H]1Oc2ccc(cc2C(=O)N(C[C@@H]1C)[C@H](C)CO)NC(=O)CCN1CCOCC1,0,0.001803,0.017481,0.002164
C[C@H]1CN([C@H](C)CO)C(=O)Cc2cc(ccc2O[C@H]1CN(C)C(=O)Nc1ccc(cc1)C(F)(F)F)NC(=O)Nc1cccc2ccccc12,0,0.307845,0.021948,0.009868
Cc1ccc(nn1)N1CCO[C@@H]2CNCC[C@H]2C1,0,0.151723,0.022399,0.006738
C[C@@H]1CN([C@H](C)CO)C(=O)c2cc(ccc2O[C@H]1CN(C)S(=O)(=O)c1ccc(cc1)C)NC(=O)Nc1ccc(cc1)C(F)(F)F,0,0.376173,0.052014,0.011581
CCCN(C)C[C@H]1Oc2cc(ccc2S(=O)(=O)N(C[C@H]1C)[C@@H](C)CO)C#Cc1ccccc1OC,0,0.192229,0.024807,0.005100
C[C@H]1CN([C@@H](C)CO)C(=O)c2cc(ccc2O[C@@H]1CN(C)C(=O)Nc1ccc2c(c1)OCO2)NS(=O)(=O)c1c(noc1C)C,0,0.005181,0.019023,0.003396
OC[C@H]1O[C@H](C[C@H]2[C@@H]1Oc1ccc(cc12)NS(=O)(=O)c1ccc(cc1)F)CC(=O)NCc1ccccn1,0,0.011965,0.018811,0.005589
C[C@@H]1CCCCO[C@H](CN(C)C(=O)Nc2ccc3c(c2)OCO3)[C@H](C)CN([C@@H](C)CO)C(=O)c2cc(ccc2O1)NC(=O)Nc1ccccc1,0,0.006955,0.016530,0.002187
Cl.O=C1CC2(CCCC2)CC(=O)N1CCCCN1CCN(c2ncccn2)CC1,0,0.350517,0.276268,0.096728
OC[C@H]1O[C@@H](C[C@H]2[C@@H]1Oc1ccc(cc12)NS(=O)(=O)c1ccc(cc1)F)CC(=O)NCc1ccccn1,0,0.011965,0.018811,0.005589
C[C@H]1CCCCO[C@H](CN(C)S(=O)(=O)c2ccc(cc2)F)[C@H](C)CN([C@@H](C)CO)C(=O)c2cc(ccc2O1)NC(=O)Nc1ccc2c(c1)OCO2,0,0.005299,0.017820,0.002460
CCCC#Cc1ccc2c(c1)O[C@H](CN(C)S(=O)(=O)c1cccc(c1)OC)[C@H](C)CN([C@H](C)CO)S2(=O)=O,0,0.019037,0.019766,0.003027
CS(=O)(=O)CCOC(=O)C1=CN(Cc2cc3c(cc2Br)OCO3)[C@@H](C=C(C=C1C(=O)OCCS(=O)(=O)C)c1ccc(cc1)CO)C1CC1,0,0.914476,0.294373,0.336852
C[C@@H]1CN([C@H](C)CO)C(=O)CCCn2nncc2CO[C@H]1CN(C)C(=O)Nc1ccc(cc1)C(F)(F)F,1,0.714996,0.929655,0.945294
C[C@@H]1CN([C@@H](C)CO)C(=O)c2cccc(c2O[C@H]1CN(C)S(=O)(=O)c1cn(cn1)C)NC(=O)Nc1ccc2c(c1)OCO2,0,0.008569,0.018243,0.002343
C[C@@H]1CCCCO[C@@H](CN(C)S(=O)(=O)C)[C@@H](C)CN([C@@H](C)CO)C(=O)c2cc(ccc2O1)NS(=O)(=O)c1ccc(cc1)C,0,0.003331,0.017408,0.002433
C[C@H]1CN([C@H](C)CO)C(=O)c2cc(ccc2O[C@H]1CN(C)S(=O)(=O)c1ccc(cc1)C)NS(=O)(=O)c1ccc(cc1)F,0,0.011919,0.017641,0.003576
Cl.Nc1c(Br)cc(Br)cc1CNC1CCC(O)CC1,0,0.870094,0.589164,0.307964
Cc1onc(c1[N+](=O)[O-])C(=O)N1CCOCC1,0,0.836081,0.100736,0.102481
C[C@H]1CN([C@@H](C)CO)C(=O)c2cc(ccc2O[C@H]1CN(C)C(=O)Nc1ccc(cc1)C(F)(F)F)NS(=O)(=O)c1ccc(cc1)C,0,0.221282,0.062081,0.012852
COCC#Cc1ccc(cc1)[C@H]1[C@H](CO)N2[C@H]1CN(CC2=O)C(=O)c1ccncc1,0,0.155754,0.018815,0.004968
C[C@@H]1CN([C@H](C)CO)C(=O)Cc2cc(ccc2O[C@H]1CN(C)C(=O)Nc1cccc2ccccc12)NC(=O)Cc1ccccc1,0,0.004049,0.019071,0.003740
C[C@@H]1CN([C@H](C)CO)C(=O)c2ccccc2-c2ccccc2CO[C@H]1CN(C)C(=O)Nc1cccc(c1)F,0,0.122731,0.041092,0.020744
COc1ccc(cc1)CN(C)C[C@@H]1OCCCC[C@@H](C)Oc2ccc(cc2C(=O)N(C[C@H]1C)[C@H](C)CO)NC(=O)c1ccncc1,0,0.006126,0.016555,0.001720
C[C@H]1CN([C@@H](C)CO)C(=O)Cc2cc(ccc2O[C@H]1CN(C)S(=O)(=O)c1ccc(cc1)C)NS(=O)(=O)c1cccs1,0,0.001528,0.017475,0.002533
C[C@@H]1CN([C@@H](C)CO)C(=O)c2cccc(c2O[C@H]1CN(C)Cc1ccc2c(c1)OCO2)NC(=O)Nc1ccc(cc1)C(F)(F)F,0,0.414442,0.138926,0.134259
C[C@H]1CN([C@@H](C)CO)C(=O)c2cc(ccc2O[C@@H]1CN(C)C(=O)Nc1ccc(cc1)C(F)(F)F)NC(=O)Nc1ccccc1,0,0.643009,0.559231,0.292115
C[C@@H]1CN([C@@H](C)CO)S(=O)(=O)c2ccc(cc2O[C@H]1CN(C)C(=O)C)C#CCN(C)C,0,0.019489,0.020023,0.005221
C[C@H]1CN([C@H](C)CO)S(=O)(=O)c2ccc(cc2O[C@@H]1CN(C)C(=O)CN(C)C)-c1ccc(cc1)C#N,0,0.001037,0.239627,0.013142
C[C@@H]1CN([C@H](C)CO)C(=O)c2cc(ccc2O[C@@H]1CN(C)S(=O)(=O)c1ccc(cc1)F)NC(=O)Nc1cccc2ccccc12,0,0.032562,0.019303,0.003473
C[C@@H]1CN([C@H](C)CO)C(=O)Cc2cc(ccc2O[C@H]1CN(C)S(=O)(=O)c1ccc(cc1)F)NC(=O)Nc1cccc2ccccc12,0,0.012572,0.022283,0.002957
CN(C)[C@H]1[C@@H]2C[C@H]3[C@@H](C(=O)c4c(cccc4[C@@]3(C)O)O)C(=O)[C@]2(O)C(=O)[C@@H](C(=O)N)C1=O,1,0.977925,0.856486,0.928348
C[C@@H]1CN([C@@H](C)CO)C(=O)c2cccc(c2O[C@H]1CN(C)S(=O)(=O)c1cn(cn1)C)NS(=O)(=O)C,0,0.034275,0.018988,0.005030
NC1CCN(CC1)Cc1ccccc1,0,0.188876,0.130471,0.074726
C[C@@H]1CN([C@@H](C)CO)C(=O)Cc2cc(ccc2O[C@H]1CN(C)Cc1ccc(cc1)C(=O)Nc1ccccc1N)NS(=O)(=O)c1cn(cn1)C,0,0.004330,0.018235,0.002080
[O-][NH2+]N(CCCl)C(=O)NC1CCCCC1,0,0.748219,0.172032,0.120731
CN1C(=O)N(C)c2nc(n(c2C1=O)C)NCCO,0,0.233245,0.037656,0.012118
C[C@H]1CN([C@@H](C)CO)C(=O)CCCn2nncc2CO[C@@H]1CN(C)S(=O)(=O)c1ccc2c(c1)OCCCO2,0,0.001047,0.018951,0.003313
C[C@@H]1CCCCO[C@H](CN(C)Cc2ccc(cc2)C(F)(F)F)[C@@H](C)CN([C@@H](C)CO)C(=O)c2cc(ccc2O1)NS(=O)(=O)c1ccc(cc1)C,0,0.046212,0.017549,0.003312
N[C@@H](CCCNC(=O)N)C(=O)O,0,0.003164,0.023132,0.008518
COc1ccc(cc1)NC(=O)Nc1ccc2c(c1)C(=O)N(C[C@@H](C)[C@H](CN(C)Cc1ccc(cc1)C(=O)O)OCCCC[C@@H](C)O2)[C@@H](C)CO,0,0.024512,0.022659,0.001836
CCCNCC(O)COc1ccccc1C(=O)CCc1ccccc1.Cl,0,0.489842,0.323700,0.158065
C[C@H]1CN([C@H](C)CO)C(=O)c2cc(ccc2O[C@H]1CN(C)S(=O)(=O)c1ccc(cc1)C)NC(=O)Nc1cccc2ccccc12,0,0.012982,0.018894,0.002541
CC(C)NC(=O)Nc1ccc2c(c1)C(=O)N(C[C@@H](C)[C@H](CN(C)Cc1ccc3c(c1)OCO3)O2)[C@@H](C)CO,0,0.021387,0.017485,0.004352
COC(=O)C[C@@H]1CC[C@@H]2[C@H](COC[C@H](O)CN2S(=O)(=O)c2ccccc2C)O1,0,0.104821,0.020186,0.006511
C[C@@H]1CCCCO[C@H](CN(C)Cc2ccc(c(c2)Cl)Cl)[C@@H](C)CN([C@H](C)CO)C(=O)c2cc(ccc2O1)NC(=O)Cc1ccccc1,0,0.032382,0.017446,0.003706
C[C@H]1CCCCO[C@@H](CN(C)C(=O)c2ccncc2)[C@H](C)CN([C@H](C)CO)C(=O)c2cc(ccc2O1)NC(=O)NC1CCCCC1,0,0.004729,0.016642,0.001756
C[C@H]1CCCCO[C@@H](CN(C)C(=O)Nc2ccccc2)[C@@H](C)CN([C@@H](C)CO)C(=O)c2cc(ccc2O1)NC(=O)c1ccncc1,0,0.004330,0.016642,0.001668
CCCN(C)C[C@H]1OCCCC[C@H](C)Oc2ccc(cc2C(=O)N(C[C@H]1C)[C@@H](C)CO)NC(=O)Nc1ccc(cc1)C(F)(F)F,1,0.661252,0.719979,0.901222
COCCN1C[C@H]2[C@@H](CCN([C@H]2C1)S(=O)(=O)c1cn(cn1)C)OC,0,0.019180,0.028722,0.004565
Fc1ccccc1C(=O)N1CCNCC1,0,0.062484,0.036248,0.014471
CCC(=O)Nc1cccc(c1)[C@@H](CCc1ccc(c(c1)OC)OC)OC(=O)[C@@H]1CCCCN1C(=O)C(=O)C(C)(C)CC,0,0.274652,0.066808,0.038822
C[C@H]1CN([C@@H](C)CO)C(=O)c2ccccc2-c2ccccc2CO[C@@H]1CN(C)C(=O)Nc1ccc(cc1)-c1ccccc1,0,0.028591,0.019140,0.004472
COc1ccc(cc1)NC(=O)N(C)C[C@H]1Oc2ccc(cc2C(=O)N(C[C@H]1C)[C@H](C)CO)NC(=O)Cn1cnnn1,0,0.009803,0.017440,0.004262
CC(=O)Nc1c(c(c(c(c1I)C(=O)O)I)NC(=O)C)I,0,0.570580,0.306177,0.193664
CC(C)CNC(=O)C(=O)NC[C@H]1OCCN1S(=O)(=O)c1ccc2c(c1)OCCO2,0,0.031604,0.033867,0.021345
C[C@H]1CCCCO[C@@H](CN(C)C(=O)NC2CCCCC2)[C@H](C)CN([C@@H](C)CO)C(=O)c2cc(ccc2O1)NC(=O)Nc1cccc2ccccc12,0,0.017700,0.015574,0.003299
NC(=N)NC(=O)c1cnccn1,0,0.077859,0.048632,0.025071
C[C@@H]1CN([C@H](C)CO)C(=O)c2cccc(c2O[C@@H]1CN(C)Cc1ccc(c(c1)Cl)Cl)NS(=O)(=O)c1cccs1,0,0.076111,0.018339,0.003914
C[C@H]1CCCCO[C@@H](CN(C)S(=O)(=O)c2cccs2)[C@@H](C)CN([C@H](C)CO)C(=O)c2cc(ccc2O1)NC(=O)c1ccccc1,0,0.000353,0.017475,0.002007
O=C(C[C@H]1NC(=O)NC1=O)Nc1ccccc1,0,0.005031,0.103990,0.054080
COc1ccc(cc1)[Si](C)(C)[C@H]1[C@H](C)[C@]2(O[C@@H]1CCn1cc(nn1)CCOC(=O)NCCCCCC(=O)NO)C(=O)N(Cc1ccc(cc1)I)c1ccccc12,0,0.000450,0.110335,0.026709
C[C@@H]1CN([C@H](C)CO)C(=O)Cc2cc(ccc2O[C@@H]1CN(C)Cc1ccc(cc1)Oc1ccccc1)NC(=O)C1CCCCC1,0,0.011209,0.029868,0.006659
COCC#Cc1cnc2c(c1)C(=O)N(C[C@H](C)[C@H](CN(C)S(=O)(=O)c1cn(cn1)C)O2)[C@H](C)CO,0,0.032836,0.019577,0.004465
CC(=O)N1CCc2c(sc(c2C(=O)N)NC(=O)CN2C(=O)CCC2=O)C1,0,0.001361,0.161383,0.074555
ONC(=O)CCCCCNC(=O)OCCCCO[C@@H]1C[C@@H](C=C(O1)C(=O)N1CCN(CC1)Cc1ccccc1)c1ccc(cc1)Br,0,0.000049,0.048762,0.018968
C[C@@H]1CN([C@@H](C)CO)C(=O)c2cccc(c2O[C@@H]1CN(C)Cc1ccc(cc1)-c1ccccc1)NC(=O)Nc1ccc(cc1)F,0,0.288479,0.020611,0.008034
C[C@@H]1CCCCO[C@H](CN(C)C(=O)Nc2ccc(cc2)C(F)(F)F)[C@H](C)CN([C@@H](C)CO)C(=O)c2cc(ccc2O1)NC(=O)Nc1cccc2ccccc12,0,0.245149,0.014006,0.003108
NC(=O)N[C@H]1CN(C(=O)C1)c1ccccc1,0,0.048613,0.032199,0.015415
C[C@@H]1CN([C@@H](C)CO)C(=O)Cc2cc(ccc2O[C@H]1CN(C)S(=O)(=O)C)NC(=O)Nc1ccc(cc1)C(F)(F)F,0,0.200036,0.069915,0.039534
C[C@@H]1CCCCO[C@H](CN(C)S(=O)(=O)c2cccs2)[C@@H](C)CN([C@H](C)CO)C(=O)c2cc(ccc2O1)NC(=O)c1ccccc1,0,0.000353,0.017475,0.002007
Nc1ccc(cc1)-c1ccc(cc1)N,0,0.521259,0.124097,0.041104
NC1Cc2ccccc2C1,0,0.053178,0.072281,0.030111
C[C@H]1CCCCO[C@H](CN(C)C(=O)NC2CCCCC2)[C@H](C)CN([C@@H](C)CO)C(=O)c2cc(ccc2O1)NC(=O)Nc1ccccc1,0,0.012401,0.016233,0.002269
C[C@]1(CCS(=O)(=O)C1)NC(=O)Cc1ccc(s1)S(=O)(=O)N1CCOCC1,0,0.002159,0.140388,0.007434
C[C@H]1CCCCO[C@H](CN(C)Cc2ccc(cc2)C(F)(F)F)[C@H](C)CN([C@@H](C)CO)C(=O)c2cc(ccc2O1)NC(=O)c1ccccc1,0,0.070438,0.014810,0.003213
C[C@H]1CN([C@H](C)CO)C(=O)c2cccc(c2O[C@@H]1CN(C)S(=O)(=O)c1ccc(cc1)C)NS(=O)(=O)c1cn(cn1)C,0,0.025651,0.017606,0.003057
CC(C)NC(=O)Nc1cccc2c1O[C@H](CN(C)S(=O)(=O)c1ccc(cc1)F)[C@@H](C)CN([C@@H](C)CO)C2=O,0,0.121331,0.021427,0.004071
C[C@@H]1CN([C@@H](C)CO)C(=O)c2cc(cnc2O[C@H]1CN(C)S(=O)(=O)c1cn(cn1)C)C#CCN(C)C,0,0.022120,0.018381,0.003922
C[C@H]1CN([C@H](C)CO)C(=O)c2cc(ccc2O[C@H]1CN(C)Cc1ccc(cc1)C(F)(F)F)NC(=O)NC1CCCCC1,0,0.417629,0.052657,0.079462
O=C1CCNCCN1,0,0.000620,0.019831,0.004742
C[C@H]1CCCCO[C@@H](CN(C)Cc2ccc3c(c2)OCO3)[C@H](C)CN([C@H](C)CO)C(=O)c2cc(ccc2O1)NC(=O)Nc1ccc2c(c1)OCO2,0,0.002733,0.019861,0.003024
Cc1ncc(CSSCc2cnc(C)c(O)c2CO)c(CO)c1O,0,0.997172,0.617995,0.297477
C[C@H]1CN([C@H](C)CO)C(=O)Cc2cc(ccc2O[C@@H]1CN(C)S(=O)(=O)C)NS(=O)(=O)c1cccs1,0,0.002734,0.018689,0.003298
C[C@@H]1CN([C@H](C)CO)C(=O)Cc2cc(ccc2O[C@@H]1CN(C)S(=O)(=O)c1ccc(cc1)C)NC(=O)C1CC1,0,0.004888,0.019123,0.003255
CCS(=O)(=O)NCC[C@H]1CC[C@H](NS(=O)(=O)c2cccc(c2)F)[C@@H](CO)O1,0,0.055747,0.026922,0.011721
C[C@@H]1CN([C@@H](C)CO)C(=O)c2cc(ccc2O[C@H]1CN(C)C(=O)Nc1ccc(cc1)C(F)(F)F)NC(=O)Cn1cnnn1,0,0.417255,0.404082,0.270637
C[C@H]1CN([C@@H](C)CO)C(=O)c2cc(ccc2O[C@H]1CN(C)C(=O)Nc1cccc2ccccc12)NC(=O)CCC(F)(F)F,0,0.251574,0.097115,0.065044
C[C@@H]1CCCCO[C@H](CN(C)S(=O)(=O)c2cn(cn2)C)[C@@H](C)CN([C@@H](C)CO)C(=O)c2cc(ccc2O1)NS(=O)(=O)C,0,0.006566,0.017806,0.002854
ClN1C(=O)NC(=O)N(Cl)C1=O,0,0.986890,0.337238,0.180115
Brc1ccc(cc1)[C@@H]1CC(=O)N([C@@H]1C(=O)Nc1cccc2cccnc12)C(=O)OCc1ccccc1,0,0.295513,0.280629,0.141992
C[C@@H]1CN([C@@H](C)CO)C(=O)c2cc(ccc2O[C@@H]1CN(C)C(=O)Nc1ccc(cc1)C(F)(F)F)NC(=O)C1CCCCC1,0,0.617846,0.767195,0.468173
C[C@H]1CCCCO[C@@H](CN(C)C(=O)Nc2cccc3ccccc23)[C@@H](C)CN([C@H](C)CO)C(=O)c2cc(ccc2O1)NC(=O)C1CCCCC1,0,0.013087,0.017152,0.002794
C[C@H]1CN([C@H](C)CO)C(=O)c2cc(cnc2O[C@H]1CN(C)S(=O)(=O)c1cn(cn1)C)Br,0,0.050445,0.021390,0.006667
C[C@@H]1CN([C@H](C)CO)C(=O)c2ccccc2-c2ccccc2CO[C@H]1CN(C)C(=O)Nc1ccccc1C(F)(F)F,0,0.713720,0.494484,0.199100
COc1ccc(cc1)S(=O)(=O)N[C@H]1C=C[C@H](CC(=O)N2CCC(CC2)Cc2ccccc2)O[C@@H]1CO,0,0.050978,0.029062,0.008502
CC(C)NC(=O)Nc1ccc2c(c1)C(=O)N(C)[C@H]1CC[C@H](CC(=O)NCc3ccc(cc3)F)O[C@@H]1CO2,0,0.061612,0.026877,0.013162
O=C/1OCCN\C1=C\C(=O)c1ccccc1,0,0.286890,0.119334,0.102826
C[C@@H]1CCCCO[C@@H](CN(C)C(=O)Nc2ccccc2)[C@@H](C)CN([C@@H](C)CO)C(=O)c2cc(ccc2O1)NC(=O)Nc1ccc(cc1)F,0,0.043054,0.015796,0.002386
C[C@@H]1CCCCO[C@H](CN(C)Cc2ccc(cc2)C(=O)O)[C@H](C)CN([C@@H](C)CO)C(=O)c2cc(ccc2O1)NC(=O)C1CCCCC1,0,0.037465,0.056414,0.009878
Nc1ccc(C(=O)[O-])cc1.[K+],0,0.443869,0.060183,0.041601
CO[C@@H]1CN(C)C(=O)c2cc(ccc2OC[C@H](C)N(C[C@@H]1C)C(=O)C1CCCCC1)NS(=O)(=O)C,0,0.015659,0.020046,0.005297
CNC(=O)C[C@H]1CC[C@H]2[C@@H](COC[C@H](O)CN2C(=O)Nc2ccc3c(c2)OCO3)O1,0,0.229229,0.051459,0.033111
CN(C)CC(=O)N1C[C@@H]2[C@H]([C@H](CO)N2C(=O)C1)c1ccc(cc1)C#Cc1cccnc1,0,0.607625,0.030638,0.010261
NCc1ccccc1,0,0.058811,0.119577,0.037338
OC(=O)c1ccc(cn1)O,0,0.484422,0.048590,0.035361
C[C@@H]1CN([C@@H](C)CO)C(=O)c2cccc(c2O[C@H]1CN(C)S(=O)(=O)c1ccc(cc1)Cl)N(C)C,0,0.032957,0.020872,0.006452
COc1cc2c(cc1OC)C1C(=O)c3ccc4c(c3OC1CO2)CC(C(C)C)O4,0,0.057439,0.101478,0.040787
CC(C)NC(=O)Nc1ccc2c(c1)C(=O)N(C[C@H](C)[C@@H](CN(C)CC1CCCCC1)OCCCC[C@@H](C)O2)[C@H](C)CO,0,0.070487,0.024558,0.005849
Cl[Ca]Cl,0,0.993428,0.310678,0.173165
COc1ccc(cc1)CN(C)C[C@@H]1OCCCC[C@@H](C)Oc2ccc(cc2C(=O)N(C[C@@H]1C)[C@@H](C)CO)NC(=O)Nc1ccc(cc1)OC,0,0.021928,0.017285,0.001963
CN1[C@@H]2CC[C@@H](CC(=O)NCCN3CCCCC3)O[C@@H]2COc2ccc(cc2C1=O)NC(=O)c1cccs1,0,0.039706,0.022750,0.013593
C[C@H]1CN([C@H](C)CO)C(=O)Cc2cc(ccc2O[C@H]1CN(C)S(=O)(=O)c1ccc(cc1)C)NC(=O)C1CC1,0,0.004888,0.019123,0.003255
C[C@H]1CN([C@H](C)CO)C(=O)c2cccc(c2O[C@@H]1CN(C)Cc1ccc(cc1)C(=O)O)NC(=O)c1ccncc1,0,0.037931,0.022957,0.003467
COc1ccc(cc1)S(=O)(=O)N(C)C[C@@H]1Oc2ccc(cc2CC(=O)N(C[C@@H]1C)[C@@H](C)CO)NC(=O)C1CC1,0,0.006472,0.019899,0.003574
C[C@H]1CN([C@@H](C)CO)C(=O)c2cc(cnc2O[C@@H]1CN(C)S(=O)(=O)c1ccccc1)C#Cc1ccccc1F,0,0.022082,0.018665,0.003747
COc1ccc(cc1)S(=O)(=O)N(C)C[C@H]1Oc2ccc(cc2C(=O)N(C[C@@H]1C)[C@H](C)CO)NC(=O)CCCN(C)C,0,0.010688,0.018360,0.002878
C[C@@H]1CN([C@@H](C)CO)C(=O)c2ccccc2-c2ccccc2CO[C@@H]1CN(C)Cc1cccc2c1OCCCO2,0,0.011896,0.022751,0.002934
Nc1ccc(cc1)N1CCNCC1,0,0.172973,0.044146,0.016751
C[C@@H]1ON([C@@H]([C@H]1C(=O)N1[C@@H](COC1=O)Cc1ccccc1)c1ccc(cc1)OC(=O)OC(C)(C)C)c1ccc(cc1)I,0,0.990507,0.249152,0.080819
C[C@@]1(N)CCCC[C@@H]1C(=O)O,0,0.077066,0.029997,0.009803
CCOC(=O)N(C)C[C@H]1OCc2cn(nn2)CCCC(=O)N(C[C@H]1C)[C@H](C)CO,0,0.040905,0.019522,0.004686
OCc1ccc(cc1)CO[C@H]1C[C@H](C=C(O1)C(=O)N1CCN(CC1)Cc1ccccc1)c1csc2ccccc12,0,0.072858,0.088981,0.050616
C[C@@H]1CN([C@H](C)CO)C(=O)c2cc(ccc2O[C@H]1CN(C)Cc1ccc(cc1)Oc1ccccc1)NS(=O)(=O)c1c(noc1C)C,0,0.002721,0.018926,0.003443
COCC(=O)N(C)C[C@H]1Oc2cc(ccc2S(=O)(=O)N(C[C@@H]1C)[C@@H](C)CO)C#CC(C)(C)O,0,0.029872,0.108859,0.005001
C[C@@H]1CCCCO[C@@H](CN(C)Cc2ccc(c(c2)Cl)Cl)[C@H](C)CN([C@H](C)CO)C(=O)c2cc(ccc2O1)NC(=O)CCC(F)(F)F,0,0.447643,0.018892,0.004313
C[C@@H]1CN([C@H](C)CO)C(=O)c2cccc(c2O[C@H]1CN(C)S(=O)(=O)c1ccc(cc1)F)NC(=O)c1ccncc1,0,0.028051,0.017564,0.002874
COCC(=O)Nc1ccc2c(c1)C(=O)N(C)C[C@H](OC)[C@@H](C)CN(Cc1ccccc1OC)[C@@H](C)CO2,0,0.028592,0.018460,0.002898
COc1ccc(cc1)NC(=O)Nc1ccc2c(c1)C(=O)N(C[C@H](C)[C@@H](CN(C)S(=O)(=O)c1c(noc1C)C)OCCCC[C@@H](C)O2)[C@H](C)CO,0,0.007570,0.018182,0.002120
CO[C@@H]1CN(C)C(=O)c2cc(ccc2OC[C@@H](C)N(C[C@H]1C)C(=O)CN1CCOCC1)NC(=O)C1CC1,0,0.003018,0.019982,0.002573
Cc1ccc(cc1)S[C@@]1(CC(=O)N(Cc2ccccc2C(F)(F)F)[C@@H]1c1ccc(cc1)CO)C(=O)O,0,0.962717,0.509997,0.238303
C[C@H]1CN([C@H](C)CO)C(=O)c2cc(ccc2O[C@H]1CN(C)Cc1ccc(cc1)C(F)(F)F)NC(=O)Nc1ccc(cc1)F,0,0.669180,0.147018,0.110487
Cc1nc(cs1)-c1sc2ccc(cc2c1C)Cl,0,0.751702,0.160955,0.143308
C[C@H]1CN([C@@H](C)CO)C(=O)c2cc(cnc2O[C@@H]1CN(C)C(=O)CN(C)C)C#CC1(O)CCCC1,0,0.046820,0.041204,0.022898
CC(=O)OCC1=C(C(=O)[O-])N2C(=O)C(NC(=O)CSc3ccncc3)C2SC1.[Na+],1,0.996546,0.959568,0.989048
C[C@@H]1CCCCO[C@@H](CN(C)Cc2ccc(cc2)C(=O)O)[C@H](C)CN([C@H](C)CO)C(=O)c2cc(ccc2O1)NC(=O)Nc1ccc2c(c1)OCO2,0,0.013269,0.024466,0.002886
C[C@H]1CN([C@@H](C)CO)C(=O)Cc2cc(ccc2O[C@H]1CN(C)S(=O)(=O)c1cccs1)NS(=O)(=O)C,0,0.003362,0.017325,0.003578
C[C@H]1CN([C@H](C)CO)C(=O)c2cc(ccc2O[C@H]1CN(C)S(=O)(=O)c1cn(cn1)C)NS(=O)(=O)c1ccc(cc1)F,0,0.009703,0.018050,0.003337
CCS(=O)(=O)Nc1ccc2c(c1)C(=O)N(C)[C@@H]1CC[C@H](CC(=O)N[C@H]3CCN(C3)Cc3ccccc3)O[C@H]1CO2,0,0.006378,0.018314,0.005210
C[C@H]1CN([C@@H](C)CO)C(=O)c2cccc(c2O[C@H]1CN(C)C(=O)Nc1ccccc1)NS(=O)(=O)C,0,0.092463,0.017919,0.004839
C[C@@H]1CCCCO[C@H](CN(C)C(=O)Nc2c(noc2C)C)[C@@H](C)CN([C@H](C)CO)C(=O)c2cc(ccc2O1)NC(=O)Nc1cccc2ccccc12,0,0.023647,0.016253,0.002095
CNC(=O)[C@]12CCC3(CCN(CC3)C(=O)COC)[C@H]2CN(C1)S(=O)(=O)C,0,0.334772,0.145079,0.012714
C[C@H]1CN([C@H](C)CO)C(=O)Cc2cc(ccc2O[C@H]1CN(C)CC1CCCCC1)NS(=O)(=O)c1cn(cn1)C,0,0.020269,0.018275,0.002900
C[C@H]1CN([C@@H](C)CO)C(=O)c2cccc(c2O[C@H]1CN(C)Cc1ccc(cc1)C(F)(F)F)NC(=O)NC1CCCCC1,0,0.618716,0.074181,0.122193
C[C@H]1CN([C@H](C)CO)C(=O)c2cccc(c2O[C@@H]1CN(C)Cc1ccc(cc1)C(=O)O)NC(=O)C1CC1,0,0.060170,0.056976,0.012245
C[C@H]1CN([C@@H](C)CO)C(=O)Cc2cc(ccc2O[C@H]1CN(C)S(=O)(=O)c1ccc(cc1)F)NC(=O)Cc1ccccc1,0,0.004319,0.021069,0.003719
O=C(N1C[C@@H]2CCN[C@@H]2C1)c1ccno1,0,0.007357,0.023778,0.008347
C[C@@H]1CN([C@H](C)CO)C(=O)c2cccc(c2O[C@H]1CN(C)C(=O)Nc1ccc(cc1)C(F)(F)F)NC(=O)Nc1ccc(cc1)C(F)(F)F,0,0.971875,0.179735,0.108243
CC(C)C#Cc1cnc2c(c1)C(=O)N(C[C@@H](C)[C@@H](CN(C)C(=O)c1ccc3c(c1)OCO3)O2)[C@H](C)CO,0,0.010232,0.017431,0.002831
CC1CCC2(OC1)OC1CC3C4CC=C5CC(O)CCC5(C)C4CCC3(C)C1C2C,0,0.400864,0.218666,0.051046
COc1ccc(cc1)S(=O)(=O)N(C)C[C@@H]1Oc2c(cccc2C(=O)N(C[C@@H]1C)[C@@H](C)CO)NC(=O)c1ccno1,0,0.014116,0.018297,0.002656
NCCNC1=NS(=O)(=O)c2ccccc21,0,0.013317,0.025133,0.004078
CCC(C)C(=O)OC1CCC=C2C=CC(C)C(CCC3CC(O)CC(=O)O3)C21,0,0.108353,0.118788,0.046861
COc1ccc(cc1)S(=O)(=O)N(C)C[C@H]1Oc2ccc(cc2CC(=O)N(C[C@H]1C)[C@@H](C)CO)NC(=O)Cn1cnnn1,0,0.001265,0.020003,0.002960
Cc1cccc(C)c1NC1=NCCCS1,0,0.753893,0.110738,0.052141
C[C@@H]1CCCCO[C@H](CN(C)C(=O)Cc2ccccc2)[C@H](C)CN([C@@H](C)CO)C(=O)c2cc(ccc2O1)NC(=O)c1ccccc1,0,0.000381,0.017264,0.002162
Cc1ccc(s1)CN,0,0.083631,0.028937,0.018011
CO[C@H]1CN(C)C(=O)c2cc(ccc2OC[C@H](C)N(C[C@H]1C)S(=O)(=O)C)NS(=O)(=O)c1ccccc1C,0,0.010735,0.020624,0.003969
C[C@H]1CN([C@H](C)CO)C(=O)Cc2cc(ccc2O[C@H]1CN(C)Cc1ccc(cc1)-c1ccccc1)NC(=O)Nc1ccc(cc1)F,0,0.188363,0.023955,0.005378
CN1CCN(CC1)C(=O)C[C@H]1CC[C@@H]2[C@H](COC[C@@H](O)CN2Cc2ccc(cc2)Oc2ccccc2)O1,0,0.438116,0.032352,0.011285
C[C@H]1O[C@@H](O[C@H]2[C@@H](O[C@H]3OC[C@@H](O)[C@@H](O)[C@@H]3O)[C@@H](OCCc3ccc(c(c3)O)O)O[C@@H](CO)[C@@H]2OC(=O)/C=C/c2ccc(c(c2)O)O)[C@@H](O)[C@@H](O)[C@@H]1O,0,0.316738,0.565324,0.140835
C[C@H]1CCCCO[C@H](CN(C)Cc2ccc(cc2)C(=O)O)[C@H](C)CN([C@H](C)CO)C(=O)c2cc(ccc2O1)NS(=O)(=O)c1ccc(cc1)Cl,0,0.018965,0.026321,0.002203
C/C(=C\[C@@H](N)C(=O)O)CP(=O)(O)O,0,0.626169,0.084429,0.054973
OC(=O)CNC(=O)c1ccc(cc1)S(=O)(=O)N1CCOCC1,0,0.008399,0.043345,0.017429
C[C@@H]1CN([C@H](C)CO)C(=O)Cc2cc(ccc2O[C@@H]1CN(C)S(=O)(=O)C)NC(=O)CCCCCC(=O)Nc1ccccc1N,0,0.004083,0.018973,0.002070
NC(=O)CN1C(=O)N(CC(=O)N)c2ccccc2C1=O,0,0.207715,0.161354,0.061152
O[C@H]1COC[C@@H]2O[C@@H](CC[C@H]2N(C1)C(=O)Nc1ccc(cc1)Cl)CC(=O)NCCc1ccncc1,0,0.706022,0.563269,0.521069
CC1OC(OC2CCC3(C=O)C4CCC5(C)C(C6=CC(=O)OC6)CCC5(O)C4CCC3(O)C2)C(O)C(O)C1O,0,0.733959,0.284993,0.133663
C[C@H]1CCCCO[C@H](CN(C)C(=O)NC2CCCCC2)[C@H](C)CN([C@@H](C)CO)C(=O)c2cc(ccc2O1)NC(=O)NC1CCCCC1,0,0.014428,0.016859,0.003692
COc1cccc(c1)-c1ccc2c(c1)O[C@@H](CN(C)C(=O)C1CC1)[C@@H](C)CN([C@H](C)CO)S2(=O)=O,0,0.036261,0.024765,0.004676
O[C@@H]1COC[C@H]2O[C@H](CC[C@@H]2N(C1)C(=O)C1CC1)CC(=O)NCc1ccncc1,0,0.413179,0.032086,0.016033
C[C@@H]1CN([C@@H](C)CO)C(=O)c2cc(ccc2O[C@@H]1CN(C)Cc1ccccc1)NC(=O)Cn1cnnn1,0,0.005401,0.018726,0.004994
OC[C@H]1O[C@H](C[C@H]2[C@@H]1Oc1ccc(cc12)NS(=O)(=O)c1ccc(cc1)F)CC(=O)NC1CCCCC1,0,0.036405,0.020891,0.007297
CN(C)C(=O)c1cccc(c1)-c1cccc(c1)-c1nc(cc2c1[C@H](CCO)N(C2)[S@@](=O)C(C)(C)C)C(=O)NC1CCCCC1,0,0.055371,0.154802,0.065348
CC(C)NC(=O)N(C)C[C@@H]1OCc2cn(nn2)CCCC(=O)N(C[C@@H]1C)[C@@H](C)CO,0,0.018545,0.021869,0.003782
C[C@H]1CCCCO[C@H](CN(C)C(=O)Nc2ccccc2)[C@@H](C)CN([C@@H](C)CO)C(=O)c2cc(ccc2O1)NS(=O)(=O)c1ccccc1,0,0.002063,0.017559,0.001913
C[C@@H]1CN([C@@H](C)CO)S(=O)(=O)c2ccc(cc2O[C@H]1CN(C)S(=O)(=O)c1cn(cn1)C)C1=CCCCC1,0,0.011739,0.017637,0.003884
CNC1CC(N)C(O)C(OC2OC(CO)C3OC4(OC(C(N)CO)C(O)C(O)C4O)OC3C2O)C1O,0,0.985551,0.853621,0.759530
COc1ccccc1C#Cc1ccc2c(c1)O[C@H](CN(C)Cc1cncnc1)[C@H](C)CN([C@@H](C)CO)S2(=O)=O,0,0.110871,0.016696,0.002991
CCCCC(=O)c1ccc(cc1)O,0,0.264093,0.071122,0.043388
CC(C)N(CCCNC(=O)Nc1ccc(cc1)C(C)(C)C)C[C@H]1O[C@H]([C@H](O)[C@@H]1O)n1ccc2c(ncnc12)N,0,0.272863,0.190190,0.089593
C[C@@H]1CN([C@H](C)CO)C(=O)CCCn2cc(nn2)CO[C@@H]1CN(C)C(=O)Nc1cccc(c1)C(F)(F)F,0,0.792080,0.915991,0.744007
OC[C@H]1O[C@@H](C[C@@H]2[C@H]1Oc1ccc(cc12)NC(=O)c1cccnc1)CC(=O)NCc1cc(ccc1F)F,0,0.185098,0.024235,0.011221
CN1C(CC(=O)c2ccccc2)CCCC1CC(O)c1ccccc1.Cl,0,0.845418,0.214208,0.061910
C[C@H]1CN([C@@H](C)CO)C(=O)Cc2cc(ccc2O[C@@H]1CN(C)Cc1ccc(cc1)-c1ccccc1)NC(=O)CCC(F)(F)F,0,0.189276,0.046221,0.020703
NCc1ccc(cc1)-n1cccn1,0,0.281499,0.118530,0.047171
CC(C)NC(=O)Nc1ccc2c(c1)C(=O)N(C[C@H](C)[C@H](CN(C)C(=O)Nc1ccccc1)OCCCC[C@H](C)O2)[C@@H](C)CO,0,0.010574,0.018695,0.002699
CC(C)NC(=O)N(C)C[C@H]1Oc2ccc(cc2C(=O)N(C[C@H]1C)[C@H](C)CO)NS(=O)(=O)c1c(noc1C)C,0,0.035637,0.020762,0.006032
C[C@H]1CCCCO[C@@H](CN(C)Cc2ccc(cc2)C(F)(F)F)[C@@H](C)CN([C@@H](C)CO)C(=O)c2cc(ccc2O1)NC(=O)c1ccncc1,0,0.113688,0.015185,0.003161
C[C@H]1CN([C@H](C)CO)C(=O)c2cccc(c2O[C@H]1CN(C)CC1CC1)NS(=O)(=O)c1ccccc1,0,0.019303,0.017786,0.003358
COc1ccc(c(c1)OC)[C@H]1C/C=C\C[C@@H](NC(=O)[C@H](CC(=O)N1)c1ccccc1)c1cccc(c1)Cl,0,0.283278,0.258699,0.239340
C[C@H]1CN([C@H](C)CO)C(=O)CCCn2nncc2CO[C@H]1CN(C)Cc1ccc2c(c1)OCCN2C,0,0.201588,0.026430,0.005056
C[C@@H]1CN([C@H](C)CO)C(=O)c2cc(ccc2O[C@@H]1CN(C)S(=O)(=O)c1ccccc1)NS(=O)(=O)c1c(noc1C)C,0,0.004856,0.017597,0.004008
OC[C@@H]1O[C@@H](CC[C@@H]1NS(=O)(=O)c1ccccc1)CC(=O)NCc1ccncn1,0,0.022117,0.018805,0.005743
CO[C@@H]1CN(C)C(=O)c2ccc(cc2OC[C@@H](C)N(C[C@H]1C)Cc1ccccc1)NC(=O)c1nc2ccccc2s1,0,0.002268,0.023705,0.007808
O=C1NC=C(COCc2ccccc2)C(=O)N1,0,0.814717,0.151211,0.094047
C[C@@H]1CN([C@@H](C)CO)C(=O)c2cccc(c2O[C@H]1CN(C)C(=O)Nc1ccc2c(c1)OCO2)NS(=O)(=O)c1cn(cn1)C,0,0.009337,0.019307,0.002572
CCOC(=O)CC(=O)N1CCSC1COc1ccccc1OC,0,0.044411,0.265538,0.201131
C[C@H]1CN([C@@H](C)CO)C(=O)Cc2cc(ccc2O[C@H]1CN(C)S(=O)(=O)c1c(noc1C)C)NS(=O)(=O)c1cccs1,0,0.002376,0.017325,0.003009
C[C@H]1CN([C@@H](C)CO)C(=O)c2cc(ccc2O[C@@H]1CN(C)C(=O)Nc1ccc(cc1)C(F)(F)F)NS(=O)(=O)C,0,0.596569,0.343360,0.160268
CCCN(C)C[C@@H]1OCCCC[C@H](C)Oc2ccc(cc2C(=O)N(C[C@@H]1C)[C@H](C)CO)NC(=O)Nc1cccc2ccccc12,0,0.053517,0.017973,0.004819
Cl.NCCc1ccc(O)c(O)c1,0,0.701214,0.189782,0.113433
COc1ccc(cc1Cl)S(=O)(=O)N(C)C[C@@H]1Oc2ccc(cc2CC(=O)N(C[C@@H]1C)[C@@H](C)CO)NC(=O)Nc1ccc(c(c1)Cl)Cl,0,0.283236,0.027445,0.005415
CN1C(=O)NC(=O)/C(=C\c2ccc(cc2)O)C1=O,0,0.000066,0.141549,0.095277
C[C@H]1CN([C@H](C)CO)C(=O)c2cccc(c2O[C@H]1CN(C)S(=O)(=O)c1cccs1)NS(=O)(=O)c1ccc(cc1)F,0,0.007357,0.018779,0.004893
C[C@H]1CCCCO[C@@H](CN(C)Cc2ccncc2)[C@H](C)CN([C@@H](C)CO)C(=O)c2cc(ccc2O1)NS(=O)(=O)C,0,0.016368,0.017728,0.002381
COc1ccc(cc1)S(=O)(=O)N[C@@H]1C=C[C@H](CC(=O)NCCc2ccncc2)O[C@@H]1CO,0,0.015183,0.020142,0.004267
C[C@@H]1CN([C@H](C)CO)C(=O)c2cccc(c2O[C@@H]1CN(C)C(=O)Nc1ccc(cc1)F)NS(=O)(=O)c1cn(cn1)C,0,0.167419,0.018207,0.003778
C[C@H]1CN([C@H](C)CO)C(=O)Cc2cc(ccc2O[C@@H]1CN(C)S(=O)(=O)c1cn(cn1)C)N(C)C,0,0.008966,0.017649,0.003644
CCC1(O)CC(O)c2c(cc3c(c2O)C(=O)c2c(O)ccc(O)c2C3=O)C1C(=O)OC,0,0.635586,0.544151,0.445253
COc1ccc(cc1)-c1ccc2c(c1)O[C@H](CN(C)CC1CCOCC1)[C@@H](C)CN([C@@H](C)CO)S2(=O)=O,0,0.148257,0.027286,0.004296
Cc1cc(O)c(C=O)c2c1C(=O)Oc1c(COC(=O)C=CC(=O)O)c(O)c(C(=O)O)c(C)c1O2,0,0.920155,0.559095,0.516200
C[C@@H]1CN([C@H](C)CO)C(=O)c2cc(ccc2O[C@H]1CN(C)C(=O)Nc1cccc2ccccc12)NC(=O)CCC(F)(F)F,0,0.251574,0.097115,0.065044
C[C@@H]1CN([C@@H](C)CO)C(=O)c2cccc(c2O[C@H]1CN(C)S(=O)(=O)c1ccc(cc1)C)NC(=O)C1CC1,0,0.026092,0.017840,0.003128
OC[C@H]1O[C@H](O[C@]2(CO)O[C@H](CO)[C@@H](O)[C@@H]2O)[C@H](O)[C@@H](O)[C@@H]1O,0,0.028123,0.221836,0.055042
COCC(=O)N1CC[C@@H](O)[C@@H]1Cc1cnn(c1)C,0,0.030120,0.015394,0.004806
C[C@@H]1CN([C@@H](C)CO)C(=O)c2cc(ccc2O[C@H]1CN(C)C(=O)NC1CCCCC1)NC(=O)CCCN(C)C,0,0.017956,0.017222,0.003802
C[C@H]1CCCCO[C@H](CN(C)Cc2ccccc2)[C@H](C)CN([C@H](C)CO)C(=O)c2cc(ccc2O1)NC(=O)NC1CCCCC1,0,0.025546,0.017168,0.003187
C[C@H]1CN([C@@H](C)CO)C(=O)c2ccccc2-c2ccccc2CO[C@H]1CN(C)C(=O)Nc1ccc(cc1)F,0,0.115785,0.020503,0.012209
C[C@H]1CN([C@@H](C)CO)C(=O)c2cc(ccc2O[C@H]1CN(C)C(=O)Nc1ccc2c(c1)OCO2)NC(=O)Nc1ccc(cc1)C(F)(F)F,0,0.407468,0.059041,0.021445
C[C@@H]1CCCCO[C@H](CN(C)S(=O)(=O)c2ccccc2)[C@H](C)CN([C@@H](C)CO)C(=O)c2cc(ccc2O1)NS(=O)(=O)c1ccc(cc1)Cl,0,0.002347,0.017445,0.002242
CC(C)NC(=O)N(C)C[C@@H]1Oc2ccc(cc2C(=O)N(C[C@H]1C)[C@@H](C)CO)NS(=O)(=O)c1cccs1,0,0.017166,0.018262,0.003875
Cn1c(=O)cc(N2CCCC(N)C2)n(Cc2ccccc2C#N)c1=O.O=C(O)c1ccccc1,0,0.012067,0.317740,0.175780
C[C@@H]1CN([C@H](C)CO)C(=O)Cc2cc(ccc2O[C@@H]1CN(C)Cc1ccc(cc1)Oc1ccccc1)NC(=O)Cn1cnnn1,0,0.001674,0.018962,0.004032
C[C@H]1CCCCO[C@H](CN(C)C(=O)NC2CCCCC2)[C@@H](C)CN([C@H](C)CO)C(=O)c2cc(ccc2O1)NS(=O)(=O)c1cccs1,0,0.005405,0.017429,0.002986
C[C@@H]1CCCCO[C@@H](CN(C)C(=O)Cc2ccccc2)[C@@H](C)CN([C@H](C)CO)C(=O)c2cc(ccc2O1)NC(=O)CCC(F)(F)F,0,0.038836,0.014886,0.007711
C[C@@H]1CN([C@@H](C)CO)C(=O)c2cccc(c2O[C@H]1CN(C)Cc1ccc(cc1)C(=O)Nc1ccccc1N)NS(=O)(=O)C,0,0.040579,0.018776,0.002375
C[C@@H]1CN([C@@H](C)CO)C(=O)c2cc(ccc2O[C@@H]1CN(C)C(=O)Nc1ccc(cc1)F)NS(=O)(=O)C,0,0.225824,0.019776,0.004935
CC(=O)Nc1ccc(CC(=O)O)cc1,0,0.092956,0.020607,0.012217
C[C@@H]1CN([C@@H](C)CO)C(=O)Cc2cc(ccc2O[C@H]1CN(C)S(=O)(=O)c1c(noc1C)C)NC(=O)Nc1ccc2c(c1)OCO2,0,0.003174,0.016118,0.002308
CC(=O)Nc1ccccc1,0,0.123790,0.066623,0.027273
CC(C)C#Cc1ccc2c(c1)O[C@@H](CN(C)C(=O)Cc1ccccn1)[C@@H](C)CN([C@H](C)CO)S2(=O)=O,0,0.022285,0.022624,0.003528
C[C@H]1CN([C@H](C)CO)C(=O)c2cccc(c2O[C@@H]1CN(C)Cc1ccc(c(c1)Cl)Cl)NC(=O)c1ccc(cc1)-c1nccs1,0,0.058449,0.017862,0.002975
C[C@H]1CN([C@@H](C)CO)C(=O)c2cccc(c2O[C@@H]1CN(C)C(=O)Nc1cccc2ccccc12)NC(=O)c1nc2ccccc2s1,0,0.006609,0.018277,0.004628
C[C@H]1CN([C@H](C)CO)C(=O)c2c(c3ccccc3n2C)-c2ccccc2CO[C@@H]1CN(C)C(=O)CCC(F)(F)F,0,0.230246,0.072578,0.043733
C[C@@H]1CCCCO[C@H](CN(C)Cc2ccc(cc2)C(=O)O)[C@H](C)CN([C@@H](C)CO)C(=O)c2cc(ccc2O1)NS(=O)(=O)c1ccc(cc1)C,0,0.012557,0.023577,0.002238
C[C@@H]1CN([C@H](C)CO)C(=O)c2c(c3ccccc3n2C)-c2ccccc2CO[C@@H]1CN(C)C(=O)Nc1cccc(c1Cl)Cl,0,0.316143,0.029660,0.006147
C/C=C/C1=C(N2[C@H](SC1)[C@H](NC(=O)[C@H](N)c1ccc(cc1)O)C2=O)C(=O)O,1,0.998528,0.964472,0.984780
C[C@@H]1CN([C@H](C)CO)C(=O)c2cccc(c2O[C@@H]1CN(C)S(=O)(=O)c1ccc(cc1)F)NS(=O)(=O)C,0,0.083139,0.018447,0.005253
C[C@@H](O)CC1=C[C@@H](OC1=O)[C@@H](C)O,0,0.013915,0.026091,0.007982
C[C@H]1CN([C@H](C)CO)C(=O)CCCn2nncc2CO[C@@H]1CN(C)S(=O)(=O)c1ccc2ccccc2c1,0,0.007525,0.018599,0.003294
C[C@H]1CN([C@H](C)CO)C(=O)c2cc(ccc2O[C@@H]1CN(C)C(=O)Nc1ccc(cc1)F)NC(=O)CCN1CCOCC1,0,0.021427,0.016708,0.003530
CCCC#Cc1cnc2c(c1)C(=O)N(C[C@H](C)[C@@H](CN(C)S(=O)(=O)c1cn(cn1)C)O2)[C@H](C)CO,0,0.027395,0.018787,0.003544
COc1ccccc1CNC(=O)C[C@@H]1C[C@H]2[C@H](Oc3ccc(cc32)NC(=O)Nc2ccc(cc2)C(F)(F)F)[C@@H](CO)O1,0,0.723059,0.083010,0.073298
C[C@H]1CN([C@H](C)CO)C(=O)c2cccc(c2O[C@H]1CN(C)C(=O)Nc1cccc2ccccc12)NS(=O)(=O)c1ccc(cc1)C,0,0.014201,0.023267,0.003369
NC(=S)N[C@H]1C[C@H]2C[C@@H]1C=C2,0,0.000000,0.066157,0.023260
C[C@@H]1CN([C@@H](C)CO)C(=O)c2cc(ccc2O[C@H]1CN(C)S(=O)(=O)c1ccc(cc1)Cl)NS(=O)(=O)c1cn(cn1)C,0,0.031301,0.017470,0.002581
COc1ccc(c(c1)OC)NC(=O)N(C)C[C@@H]1OCc2cnnn2CCCC(=O)N(C[C@@H]1C)[C@H](C)CO,0,0.064865,0.036285,0.004066
C[C@H]1CN([C@H](C)CO)C(=O)Cc2cc(ccc2O[C@@H]1CN(C)S(=O)(=O)c1cn(cn1)C)NS(=O)(=O)c1cccs1,0,0.001268,0.017429,0.002289
C[C@H]1CN([C@@H](C)CO)C(=O)c2cc(ccc2O[C@@H]1CN(C)Cc1ccc(cc1)C(=O)Nc1ccccc1N)NS(=O)(=O)C,0,0.017213,0.018378,0.002283
O[C@H]1COC[C@@H]2O[C@@H](CC[C@H]2N(C1)S(=O)(=O)c1ccc(cc1)Cl)CC(=O)NCCN1CCCCC1,0,0.746196,0.123156,0.032232
C[C@H]1CN([C@@H](C)CO)C(=O)c2cccc(c2O[C@@H]1CN(C)Cc1ccc(cc1)C(=O)O)NC(=O)C1CCOCC1,0,0.048804,0.051774,0.010489
C1CN[C@@H](C1)c1cccc2ccccc12,0,0.457070,0.280347,0.282144
COCC(=O)N(C)C[C@@H]1Oc2cc(ccc2S(=O)(=O)N(C[C@H]1C)[C@@H](C)CO)C#C[C@H](C)O,0,0.057680,0.022000,0.004696
CC(C)[C@H](N1Cc2ccccc2C1=O)C(=O)N1C[C@H](O)C[C@H]1C(=O)NCc1ccc(cc1)-c1scnc1C,0,0.243313,0.137636,0.092543
C[C@@H]1CCCCO[C@@H](CN(C)C(=O)C2CCCCC2)[C@@H](C)CN([C@H](C)CO)C(=O)c2cc(ccc2O1)NS(=O)(=O)c1cccs1,0,0.003686,0.018318,0.003950
Nc1cccc2c1C(=O)NNC2=O,0,0.242466,0.051420,0.042022
COc1ccc(cc1)CN(C)C[C@@H]1OCCCC[C@@H](C)Oc2ccc(cc2C(=O)N(C[C@H]1C)[C@@H](C)CO)NC(=O)C1CCCCC1,0,0.029850,0.016909,0.003977
C[C@@H]1CN([C@@H](C)CO)C(=O)Cc2cc(ccc2O[C@@H]1CN(C)S(=O)(=O)c1cn(cn1)C)NC(=O)CCC(F)(F)F,0,0.034015,0.019686,0.008399
C[C@H]1CN([C@H](C)CO)C(=O)c2cc(cnc2O[C@@H]1CN(C)C(=O)Cc1cccnc1)C#Cc1ccccc1F,0,0.042399,0.020772,0.005011
C[C@@H]1CN([C@@H](C)CO)C(=O)c2cccc(c2O[C@H]1CN(C)C(=O)NC1CCCCC1)NC(=O)c1cc(nn1C)C,0,0.036269,0.017658,0.005593
C[C@H]1CN([C@@H](C)CO)C(=O)c2c(c3ccccc3n2C)-c2ccccc2CO[C@H]1CN(C)Cc1ccc(cc1)F,0,0.073306,0.018480,0.006157
CO[C@@H]1CN(C)C(=O)c2cc(ccc2OC[C@H](C)N(C[C@@H]1C)C(=O)c1ccc2c(c1)OCO2)NS(=O)(=O)CC(F)(F)F,0,0.021667,0.023692,0.006152
NC(=O)c1cn(Cc2c(F)cccc2F)nn1,0,0.842731,0.229043,0.082263
COc1ccc(cc1)COCC12Oc3ccccc3[C@H]([C@H]1COC(=O)NCCCCCC(=O)NO)N1C(=O)C(=C3C(=O)N(C)C(=O)C3=C1N2C)C(=O)C,0,0.000256,0.100314,0.024406
C[C@@H]1CN([C@@H](C)CO)C(=O)c2cc(ccc2O[C@@H]1CN(C)S(=O)(=O)c1ccccc1)NC(=O)c1ccncc1,0,0.002786,0.017475,0.001922
COCC#Cc1ccc(cc1)[C@@H]1[C@H](CO)N2[C@@H]1CN(CC2=O)C(=O)c1cccnc1,0,0.159785,0.016936,0.007219
C[C@@H]1CCCCO[C@H](CN(C)Cc2ccc(cc2)C(F)(F)F)[C@@H](C)CN([C@@H](C)CO)C(=O)c2cc(ccc2O1)NC(=O)C1CCCCC1,0,0.238007,0.036893,0.013742
C[C@@H]1CN([C@@H](C)CO)C(=O)c2cc(ccc2O[C@@H]1CN(C)S(=O)(=O)c1cccs1)NS(=O)(=O)c1ccc(cc1)C,0,0.002521,0.017561,0.003218
CNC(=O)C[C@H]1Nc2ccccc2NC1=O,0,0.169856,0.099346,0.055135
C[C@H]1CN([C@H](C)CO)C(=O)Cc2cc(ccc2O[C@@H]1CN(C)C(=O)Nc1ccc2c(c1)OCO2)NC(=O)Nc1cccc2ccccc12,0,0.003030,0.017101,0.002111
C[C@@H]1CN([C@@H](C)CO)C(=O)c2cc(cnc2O[C@H]1CN(C)S(=O)(=O)c1cccc(c1)F)C#CC1(O)CCCC1,0,0.020153,0.066582,0.005487
C[C@H]1CCCCO[C@@H](CN(C)Cc2ccncc2)[C@H](C)CN([C@H](C)CO)C(=O)c2cc(ccc2O1)NC(=O)CCC(F)(F)F,0,0.073274,0.027460,0.015758
CS(=O)(=O)c1cc(ccc1N)F,0,0.517764,0.092552,0.041808
[O-][N+][Fe-2](C#N)(C#N)(C#N)(C#N)C#N,0,0.000000,0.271319,0.095889
CC(C)NC(=O)Nc1cccc2c1O[C@@H](CN(C)S(=O)(=O)c1ccc(cc1)Cl)[C@@H](C)CN([C@H](C)CO)C2=O,0,0.136604,0.019886,0.004337
C[C@H]1CCCCO[C@H](CN(C)C(=O)Nc2cccc3ccccc23)[C@H](C)CN([C@@H](C)CO)C(=O)c2cc(ccc2O1)NS(=O)(=O)c1ccc(cc1)F,0,0.009070,0.018412,0.002295
CCCC#Cc1ccc2c(c1)O[C@@H](CN(C)C(=O)c1cnccn1)[C@H](C)CN([C@H](C)CO)S2(=O)=O,0,0.097256,0.017458,0.002963
CC(C)NC(=O)N1Cc2cc(nc(c2[C@@H]1CCO)-c1cccc(c1)-c1cccnc1)C(=O)NC1Cc2ccccc2C1,0,0.302931,0.119697,0.025666
COc1cccc(c1)S(=O)(=O)Nc1ccc2c(c1)[C@@H]1C[C@@H](CC(=O)N3CCCCC3)O[C@H](CO)[C@@H]1O2,0,0.010630,0.019545,0.004510
C[C@H]1CN([C@@H](C)CO)C(=O)c2cc(ccc2O[C@@H]1CN(C)S(=O)(=O)C)NC(=O)CCC(F)(F)F,0,0.078458,0.021315,0.013276
COc1cccc(c1)NC(=S)NN,0,0.000005,0.135227,0.079910
C[C@H]1CN([C@H](C)CO)C(=O)c2cc(ccc2O[C@@H]1CN(C)C(=O)Nc1c(noc1C)C)NC(=O)c1ccncc1,0,0.019250,0.016762,0.002355
CC(Oc1c(Cl)cccc1Cl)C1=NCCN1.Cl,0,0.749480,0.622451,0.400253
CC(C)(C)OC(=O)C[C@@H]1CC=CC[C@H](CC(=O)N[C@@H](CO)Cc2ccccc2)C(=O)N2CCC[C@@H]2COC1=O,0,0.002820,0.042992,0.009035
C[C@H]1CN([C@H](C)CO)C(=O)Cc2cc(ccc2O[C@@H]1CN(C)S(=O)(=O)c1cn(cn1)C)NC(=O)CCN1CCOCC1,0,0.000779,0.017485,0.002502
C[C@@H]1CN([C@@H](C)CO)C(=O)c2cccc(c2O[C@H]1CN(C)S(=O)(=O)C)NC(=O)NC1CCCCC1,0,0.054573,0.017780,0.005575
COc1ccc(cc1)S(=O)(=O)Nc1ccc2c(c1)C(=O)N(C[C@@H](C)[C@@H](CN(C)Cc1ccc(cc1)C(F)(F)F)OCCCC[C@H](C)O2)[C@H](C)CO,0,0.035504,0.017232,0.003596
C[C@H]1CN([C@H](C)CO)C(=O)c2cc(ccc2O[C@H]1CN(C)S(=O)(=O)c1cccs1)NC(=O)C1CC1,0,0.002626,0.017429,0.003498
COc1cccc2c1Nc1c(cccc1C2=O)C(=O)Nc1ccc(cc1)CCN1CCc2cc(c(cc2C1)OC)OC,0,0.413804,0.059982,0.022513
COc1ccc(cc1)S(=O)(=O)N(C)C[C@@H]1Oc2ncc(cc2C(=O)N(C[C@@H]1C)[C@H](C)CO)C#Cc1ccccc1,0,0.010189,0.019214,0.003587
CS(=O)(=O)O.CSc1ccc2c(c1)C(N1CCN(C)CC1)Cc1ccccc1S2,1,0.982937,0.226672,0.054926
C[C@H]1CCCCO[C@@H](CN(C)C(=O)Nc2ccc(cc2)F)[C@H](C)CN([C@@H](C)CO)C(=O)c2cc(ccc2O1)NS(=O)(=O)c1cccs1,0,0.014306,0.017465,0.002270
CCOC(=O)[C@H]1N(C(=O)N(CCc2ccc(c(c2)OC)OC)C=C1Cc1ccccc1)c1ccc(cc1)OC,0,0.028517,0.097678,0.044192
CCS(=O)(=O)N1[C@@H](CO)[C@@H](c2ccccc2)C21CN(C2)C(=O)CN(C)C,0,0.183625,0.040063,0.009457
COc1ccc(cc1)S(=O)(=O)Nc1cccc2c1O[C@@H](CN(C)S(=O)(=O)c1ccc(cc1)F)[C@@H](C)CN([C@H](C)CO)C2=O,0,0.017735,0.018672,0.003971
CC(C)Oc1oc(c(c1S(=O)(=O)c1ccc(cc1)Cl)-c1ccc(cc1)Cl)C(=O)NC1CCCCC1,0,0.558093,0.533941,0.519050
C[C@@H]1CN([C@@H](C)CO)C(=O)Cc2cc(ccc2O[C@@H]1CN(C)Cc1ccc(c(c1)Cl)Cl)NS(=O)(=O)c1ccc(cc1)F,0,0.042098,0.020197,0.003288
COCCN1C[C@@H]2CN(C[C@H]2C1=O)C(=O)c1cnn(c1)C,0,0.006022,0.041918,0.008894
C[C@H]1CN([C@@H](C)CO)C(=O)c2cccc(c2O[C@@H]1CN(C)Cc1ccc(cc1)C(F)(F)F)NS(=O)(=O)C,0,0.510064,0.041439,0.014316
CCN1CCN(C(=O)NC(C(=O)NC2C(=O)N3C2SC(C)(C)C3C(=O)[O-])c2ccccc2)C(=O)C1=O.[Na+],1,0.999637,0.912623,0.971028
COC(=O)CC1C(C)(C)C(OC(C)=O)C2CC3=C4CC(=O)OC(c5ccoc5)C4(C)CCC3C1(C)C2=O,0,0.762938,0.356691,0.140014
OCCc1cnc2cc(nn2c1)C(=O)O,0,0.027318,0.048752,0.011715
C[C@H]1NC(=O)COC21CCN(CC2)C(=O)c1cnccn1,0,0.094679,0.028742,0.014158
COc1ccc(cc1)S(=O)(=O)N(C)C[C@@H]1Oc2ccc(cc2CC(=O)N(C[C@@H]1C)[C@@H](C)CO)NC(=O)CCCN(C)C,0,0.003942,0.021457,0.003041
C[C@@H]1CN([C@H](C)CO)C(=O)c2cccc(c2O[C@H]1CN(C)Cc1ccc(c(c1)Cl)Cl)NC(=O)CCCCCC(=O)Nc1ccccc1N,0,0.124424,0.031838,0.006785
O=C1CCC23C=CC(=O)NCCCCNCCCNC(=O)C=Cc4ccc(c2c4)OC3C1,0,0.556340,0.429245,0.353331
C[C@@H]1CN([C@H](C)CO)C(=O)c2cc(ccc2O[C@@H]1CN(C)S(=O)(=O)c1cn(cn1)C)NC(=O)Cn1cnnn1,0,0.003674,0.019525,0.003032
CCCCCCCCCCCCCCCc1cccc(c1C(=O)Nc1ccc(c(c1)C(F)(F)F)Cl)OCC,0,0.999790,0.584029,0.621125
COc1ccc(-c2cc(=O)c3c(OC)cc(OC)cc3o2)cc1,0,0.275108,0.187577,0.100040
CC(C)N1C[C@@H](C)[C@H](CN(C)Cc2ccc(cc2)Oc2ccccc2)Oc2c(cccc2C1=O)N(C)C(=O)c1ccncc1,0,0.004798,0.194988,0.018234
CN(C)CCCCNC(=O)[C@H]1C[C@@H]2N([C@H]1c1ccc(cc1)O)C(=O)[C@H](CCCC[N+](C)(C)C)NC2=O,0,0.774185,0.438335,0.299730
OC[C@H]1O[C@H](C[C@H]2[C@@H]1Oc1ccc(cc12)NC(=O)NC1CCCC1)CC(=O)NCc1ccc(cc1)Oc1ccccc1,0,0.074825,0.037280,0.013848
C[C@H]1CN([C@@H](C)CO)C(=O)c2cc(ccc2O[C@@H]1CN(C)C(=O)Nc1cccc2ccccc12)NC(=O)CCC(F)(F)F,0,0.251574,0.097115,0.065044
C[C@@H]1CN([C@H](C)CO)C(=O)c2cc(cnc2O[C@@H]1CN(C)C(=O)CN1CCOCC1)C1=CCCCC1,0,0.002279,0.019712,0.005219
O=C1NCCCc2occc21,0,0.001061,0.031480,0.007918
COC(=O)c1ccc(O)cc1,0,0.057365,0.075766,0.035565
C[C@H]1CCCCO[C@H](CN(C)Cc2ccccc2)[C@@H](C)CN([C@@H](C)CO)C(=O)c2cc(ccc2O1)NC(=O)Nc1ccc(cc1)F,0,0.059638,0.016772,0.004203
C[C@@H]1CN([C@H](C)CO)C(=O)c2cc(ccc2O[C@H]1CN(C)S(=O)(=O)c1ccccc1)NS(=O)(=O)c1cccs1,0,0.003188,0.017665,0.003221
C[C@H]1CN([C@H](C)CO)C(=O)c2cc(ccc2O[C@H]1CN(C)C(=O)Nc1c(noc1C)C)NS(=O)(=O)C,0,0.095332,0.018020,0.005589
C[C@@H]1O[C@H](O[C@H]2[C@H](O)[C@H](O[C@@H](CO)[C@H]2O[C@H]2O[C@@H](CO)[C@@H](O)[C@@H](O)[C@@H]2O)O[C@H]2[C@@H](O)[C@H](O)[C@@H](O[C@@H]3CC[C@@]45C[C@@]65CC[C@]5(C)[C@H](CC[C@@]5(C)[C@H]6CC[C@H]4[C@H]3C)[C@@H](C)[C@H]3C[C@@H](O)C(C)(C)O3)O[C@H]2COC(=O)C)[C@@H](O)[C@H](O)[C@@H]1O,0,0.991306,0.124918,0.012258
CC(C)NC(=O)Nc1cccc2c1O[C@H](CN(C)S(=O)(=O)c1ccccc1)[C@@H](C)CN([C@@H](C)CO)C2=O,0,0.036063,0.020815,0.003610
OC[C@H]1O[C@H](C[C@H]2[C@@H]1Oc1ccc(cc12)NC(=O)Nc1ccc(cc1)C(F)(F)F)CC(=O)NCc1cc(ccc1F)F,0,0.945507,0.084346,0.064766
COc1ccc(cc1)S(=O)(=O)N(C)C[C@@H]1Oc2c(cccc2C(=O)N(C[C@H]1C)[C@H](C)CO)NC(=O)Nc1cccc2ccccc12,0,0.022940,0.017589,0.002959
COc1ccc(cc1)S(=O)(=O)N1C[C@@H](O)COC[C@H]2O[C@H](CC[C@@H]21)CC(=O)NCCN1CCCCC1,0,0.470229,0.029360,0.010441
O[C@@H]1COC[C@H]2O[C@@H](CC[C@@H]2N(C1)S(=O)(=O)c1ccccc1)CC(=O)N1CCc2ccccc2C1,0,0.027201,0.045327,0.010892
C[C@H]1CCc2[nH]c3ccccc3c2C1,0,0.048285,0.091418,0.037242
CN(C)[C@@H](CN)c1cccc(c1)C(F)(F)F,0,0.991640,0.116302,0.043924
C[C@H]1CN([C@H](C)CO)C(=O)c2cc(ccc2O[C@H]1CN(C)Cc1ccc(cc1)-c1ccccc1)NC(=O)C1CC1,0,0.091489,0.026409,0.007741
NCCc1c[nH]c2ccc(cc12)C(=O)N,0,0.603435,0.049352,0.024352
C[C@@H]1CN([C@@H](C)CO)C(=O)c2cccc(c2O[C@@H]1CN(C)Cc1ccc(cc1)-c1ccccc1)NC(=O)C1CCCCC1,0,0.134975,0.025384,0.008190
C[C@H]1CCCCO[C@H](CN(C)C(=O)Nc2ccc(cc2)C(F)(F)F)[C@@H](C)CN([C@H](C)CO)C(=O)c2cc(ccc2O1)NC(=O)NC1CCCCC1,0,0.439635,0.073732,0.022143
C[C@H]1CN([C@H](C)CO)C(=O)CCCn2nncc2CO[C@H]1CN(C)C(=O)Nc1ccc(cc1)N1CCN(C)CC1,0,0.154422,0.026799,0.007162
CC1CCC2(C(=O)OC3OC(COC4OC(CO)C(OC5OC(C)C(O)C(O)C5O)C(O)C4O)C(O)C(O)C3O)CCC3(C)C(=CCC4C5(C)CC(O)C(O)C(C)(CO)C5CCC43C)C2C1C,0,0.742177,0.144197,0.031204
COc1ccc(cc1)S(=O)(=O)Nc1ccc2c(c1)C(=O)N(C[C@@H](C)[C@H](CN(C)Cc1ccc(c(c1)Cl)Cl)OCCCC[C@@H](C)O2)[C@@H](C)CO,0,0.021740,0.022462,0.002681
CN(C)CCCN(C(=O)c1ccc(cc1)S(=O)(=O)N(C)C1CCCCC1)c1nc2c(c(ccc2s1)C)C,1,0.256660,0.433798,0.204660
C[C@H]1CCCCO[C@H](CN(C)C(=O)Nc2c(noc2C)C)[C@@H](C)CN([C@@H](C)CO)C(=O)c2cc(ccc2O1)NS(=O)(=O)c1ccccc1,0,0.003356,0.017499,0.002034
Cn1cnc(c1)CCNC(=O)C[C@@H]1CC[C@@H]2[C@H](COC[C@H](O)CN2C(=O)C2CC2)O1,0,0.347374,0.033433,0.008208
COc1ccc(cc1)S(=O)(=O)N(C)C[C@H]1Oc2ccc(cc2C(=O)N(C[C@@H]1C)[C@@H](C)CO)NS(=O)(=O)c1ccc(cc1)F,0,0.009473,0.018240,0.003511
C[C@@H]1CN([C@@H](C)CO)C(=O)c2cc(ccc2O[C@@H]1CN(C)C(=O)Nc1cccc2ccccc12)NS(=O)(=O)c1cccs1,0,0.008461,0.016795,0.002984
OC[C@@H](O)CN1CCN(CC1)c1ccccc1,0,0.517282,0.041492,0.017615
CCO[C@H]1CC(C)(C)NC(=S)N1,0,0.000000,0.038032,0.011861
CN(C)CC(=O)N1[C@@H]2CN3C(=O)C(=CC=C3[C@H]1[C@H]([C@@H]2CO)C(=O)NCC1CC1)C1=CCCC1,0,0.183115,0.038373,0.026570
C[C@H]1CN([C@@H](C)CO)C(=O)c2cc(cnc2O[C@@H]1CN(C)C(=O)C1CCOCC1)C#CC1(O)CCCC1,0,0.007619,0.077890,0.018607
CC(N)C12CC3CC(CC(C3)C1)C2.Cl,0,0.749406,0.122731,0.028635
C[C@H]1CN([C@H](C)CO)C(=O)c2cccc(c2O[C@H]1CN(C)Cc1ccccc1)NS(=O)(=O)c1cn(cn1)C,0,0.022232,0.018248,0.002528
C[C@@H]1CN([C@H](C)CO)C(=O)c2cc(ccc2O[C@@H]1CN(C)C(=O)NC1CCCCC1)NC(=O)Nc1cccc2ccccc12,0,0.021073,0.017382,0.005404
COCCNC(=O)C[C@@H]1CC[C@@H]2[C@@H](COc3ccc(cc3C(=O)N2C)NC(=O)Nc2cccc(c2)F)O1,0,0.068676,0.023484,0.010927
COc1ccc(cc1)S(=O)(=O)N(C)C[C@@H]1Oc2ccc(cc2C(=O)N(C[C@@H]1C)[C@H](C)CO)NC(=O)c1ccncc1,0,0.004463,0.017325,0.001910
COc1ccc(cc1)NC(=O)Nc1ccc2c(c1)C(=O)N(C[C@@H](C)[C@H](CN(C)Cc1ccc(c(c1)Cl)Cl)OCCCC[C@@H](C)O2)[C@H](C)CO,0,0.091687,0.028460,0.003696
CC(C)NCC(O)c1ccc(NS(C)(=O)=O)cc1.Cl,0,0.310811,0.109586,0.020882
C[C@@H]1CN([C@H](C)CO)C(=O)c2cc(cnc2O[C@@H]1CN(C)S(=O)(=O)C)C#CCN(C)C,0,0.016127,0.018545,0.003999
CCCC(=O)Nc1ccc(OCC(O)CNC(C)C)c(C(C)=O)c1.Cl,0,0.708012,0.415358,0.164424
Cn1cnc(c1)S(=O)(=O)N[C@H]1C=C[C@H](CC(=O)Nc2ccccc2)O[C@@H]1CO,0,0.029371,0.017461,0.004957
CN1C(=O)N(C)c2nc(n(c2C1=O)C)S(=O)(=O)C,0,0.362549,0.122046,0.038346
COc1ccc(cc1)NC(=O)N(C)C[C@@H]1OCCCC[C@@H](C)Oc2ccc(cc2C(=O)N(C[C@H]1C)[C@H](C)CO)NC(=O)C1CCCCC1,0,0.009313,0.016676,0.002036
COC(=O)CC[C@H](NC(=O)CNC(=O)c1ccc(cc1)/C=C/C(=O)OC)C(=O)N[C@@H](CC(C)C)C(=O)N,0,0.003299,0.117520,0.044059
Nc1ccc2cc3ccc(N)cc3nc2c1.O=S(=O)(O)O,0,0.691197,0.299582,0.094989
C1CN(CCN1)Cc1ccccn1,0,0.015992,0.042403,0.016220
COc1ccc(cc1)S(=O)(=O)Nc1ccc2c(c1)C(=O)N(C[C@H](C)[C@H](CN(C)S(=O)(=O)c1ccc(cc1)Cl)OCCCC[C@@H](C)O2)[C@H](C)CO,0,0.004385,0.018089,0.002498
COc1ccccc1C(=O)Nc1ccc2c(c1)C(=O)N(C)[C@H]1CC[C@@H](CC(=O)NCc3ccc(c(c3)Cl)Cl)O[C@@H]1CO2,0,0.059400,0.043680,0.031680
C[C@H]1CCCCO[C@@H](CN(C)C(=O)Nc2ccccc2)[C@H](C)CN([C@H](C)CO)C(=O)c2cc(ccc2O1)NC(=O)Cc1ccccc1,0,0.003255,0.016494,0.001914
C[C@H]1CN([C@H](C)CO)S(=O)(=O)c2ccc(cc2O[C@@H]1CN(C)Cc1cccc(c1)C(=O)O)Br,0,0.370919,0.031089,0.007039
C[C@H]1CCCCO[C@H](CN(C)Cc2ccc(cc2)C(F)(F)F)[C@H](C)CN([C@H](C)CO)C(=O)c2cc(ccc2O1)NC(=O)CCC(F)(F)F,0,0.430382,0.019244,0.007769
CCO[C@H]1OC(=C[C@@H](C)[C@@H]1CCCOC(=O)NCCCCCC(=O)NO)C(=O)N1CCN(CC1)Cc1ccccc1,0,0.000024,0.022564,0.008092
C[C@@H]1CN([C@H](C)CO)C(=O)c2cccc(c2O[C@H]1CN(C)Cc1ccc(cc1)-c1ccccc1)NC(=O)Nc1ccc2c(c1)OCO2,0,0.018809,0.017879,0.004079
C[C@H]1CN([C@@H](C)CO)C(=O)c2cccc(c2O[C@H]1CN(C)S(=O)(=O)c1cccs1)NC(=O)c1cc(nn1C)C,0,0.004067,0.017291,0.002641
C[C@H]1CN([C@H](C)CO)C(=O)Cc2cc(ccc2O[C@H]1CN(C)Cc1ccc(cc1)C(F)(F)F)NS(=O)(=O)c1ccc(cc1)Cl,0,0.064054,0.020541,0.003831
O[C@H]1COC[C@@H]2O[C@H](CC[C@H]2N(C1)Cc1ccccc1F)CC(=O)N[C@H]1CCN(C1)Cc1ccccc1,0,0.469380,0.089289,0.030533
C[C@@H]1CN([C@H](C)CO)C(=O)Cc2cc(ccc2O[C@@H]1CN(C)S(=O)(=O)c1c(noc1C)C)NC(=O)CCC(F)(F)F,0,0.063812,0.021069,0.006996
CC(=O)NCCCC[C@@H]1NC(=O)[C@H]2C[C@H]([C@H](N2C1=O)c1ccc(cc1)O)C(=O)NCCCCCNC(=O)CS,0,0.000003,0.218452,0.106827
CN(C)CCCNC(=O)C[C@H]1O[C@H](CO)[C@H](NC(=O)Nc2c(noc2C)C)C=C1,0,0.165122,0.048284,0.012994
C[C@@H]1CCCCO[C@H](CN(C)C(=O)Nc2ccc(cc2)F)[C@@H](C)CN([C@H](C)CO)C(=O)c2cc(ccc2O1)NC(=O)Nc1c(noc1C)C,0,0.087815,0.017247,0.002287
C[C@H]1CN([C@@H](C)CO)C(=O)Cc2cc(ccc2O[C@H]1CN(C)Cc1ccc(c(c1)Cl)Cl)NS(=O)(=O)c1ccc(cc1)Cl,0,0.031052,0.023568,0.003631
C[C@@H]1CN([C@@H](C)CO)C(=O)c2cc(cnc2O[C@@H]1CN(C)C(=O)CN1CCOCC1)-c1cncnc1,0,0.004004,0.019500,0.002725
COc1ccc(cc1)NC(=O)Nc1ccc2c(c1)C(=O)N(C[C@@H](C)[C@H](CN(C)S(=O)(=O)c1ccc(cc1)C)OCCCC[C@H](C)O2)[C@@H](C)CO,0,0.005199,0.017489,0.001681
Oc1cc2c(cc1O)C1c3ccc(O)c(O)c3OCC1(O)C2,0,0.014486,0.129646,0.096358
C[C@@H]1CN([C@H](C)CO)C(=O)c2cc(ccc2O[C@H]1CN(C)Cc1ccc(cc1)Oc1ccccc1)NC(=O)C1CCCCC1,0,0.011372,0.018257,0.007378
COc1ccccc1C(=O)N1CCNCC1,0,0.064162,0.021654,0.008922
CCCNC(=O)N(C)C[C@@H]1Oc2cc(ccc2S(=O)(=O)N(C[C@@H]1C)[C@H](C)CO)C#Cc1cccc(c1)F,0,0.148213,0.022901,0.004105
CC(CCC(=O)O)C1CCC2C3C(O)CC4CC(O)CCC4(C)C3CCC12C,0,0.472946,0.374208,0.070413
C[C@@H]1CN([C@H](C)CO)S(=O)(=O)c2ccc(cc2O[C@H]1CN(C)S(=O)(=O)c1cn(cn1)C)C1=CCCCC1,0,0.011739,0.017637,0.003884
COc1ccc(cc1)NC(=O)N(C)C[C@H]1Oc2c(cccc2C(=O)N(C[C@@H]1C)[C@H](C)CO)NS(=O)(=O)C,0,0.081331,0.016910,0.003050
COc1cccc(c1)S(=O)(=O)N(C)C[C@@H]1Oc2ncc(cc2C(=O)N(C[C@H]1C)[C@@H](C)CO)C#CCN(C)C,0,0.013534,0.018734,0.003494
C[C@H]1CCCCO[C@@H](CN(C)C(=O)Nc2c(noc2C)C)[C@@H](C)CN([C@H](C)CO)C(=O)c2cc(ccc2O1)NS(=O)(=O)c1ccccc1,0,0.003356,0.017499,0.002034
C[C@@H]1CN([C@@H](C)CO)S(=O)(=O)c2ccc(cc2O[C@@H]1CN(C)C(=O)CN(C)C)C#Cc1ccccc1,1,0.134372,0.789657,0.919689
COc1ccc2c3c([nH]c2c1)[C@H](CO)N(C[C@]13CCN(CC1)Cc1ccccc1)C(=O)CN1CCOCC1,0,0.194848,0.319332,0.084259
C[C@H]1CCCCO[C@@H](CN(C)S(=O)(=O)c2cn(cn2)C)[C@@H](C)CN([C@H](C)CO)C(=O)c2cc(ccc2O1)NC(=O)Nc1ccc(cc1)C(F)(F)F,0,0.167341,0.082167,0.044040
CC(C)NC(=O)Nc1ccc2c(c1)CC(=O)N(C[C@H](C)[C@H](CN(C)S(=O)(=O)c1cccs1)O2)[C@H](C)CO,0,0.003918,0.017429,0.003829
C[C@@H]1CCCCO[C@@H](CN(C)C(=O)c2ccccc2)[C@H](C)CN([C@@H](C)CO)C(=O)c2cc(ccc2O1)NC(=O)NC1CCCCC1,0,0.003446,0.016860,0.001684
COc1ccc(cc1)S(=O)(=O)Nc1cccc2c1O[C@@H](CN(C)C(=O)Nc1c(noc1C)C)[C@H](C)CN([C@@H](C)CO)C2=O,0,0.032230,0.017477,0.003406
CC(C)NC(=O)N(C)C[C@H]1Oc2c(cccc2C(=O)N(C[C@H]1C)[C@@H](C)CO)NC(=O)NC1CCCCC1,0,0.065806,0.021642,0.006569
C[C@H]1CN([C@H](C)CO)C(=O)CCCn2cc(nn2)CO[C@@H]1CN(C)S(=O)(=O)c1ccc(nc1)Oc1ccccc1,0,0.002238,0.022042,0.002755
C[C@@H]1CCCCO[C@H](CN(C)C(=O)NC2CCCCC2)[C@H](C)CN([C@@H](C)CO)C(=O)c2cc(ccc2O1)NC(=O)Cc1ccccc1,0,0.004016,0.016665,0.002429
C[C@@H]1CCCCO[C@@H](CN(C)S(=O)(=O)c2cccs2)[C@H](C)CN([C@H](C)CO)C(=O)c2cc(ccc2O1)NC(=O)Nc1cccc2ccccc12,0,0.002098,0.018370,0.001913
COc1ccc(cc1)S(=O)(=O)N(C)C[C@@H]1OCCCC[C@@H](C)Oc2ccc(cc2C(=O)N(C[C@@H]1C)[C@@H](C)CO)NC(=O)CCC(F)(F)F,0,0.021353,0.018411,0.003406
C[C@@H]1CCCCO[C@@H](CN(C)CC2CC2)[C@H](C)CN([C@@H](C)CO)C(=O)c2cc(ccc2O1)NC(=O)Nc1c(noc1C)C,0,0.089880,0.018838,0.003965
C[C@H]1CN([C@H](C)CO)C(=O)c2cccc(c2O[C@H]1CN(C)Cc1ccc(cc1)C(=O)Nc1ccccc1N)NS(=O)(=O)c1cn(cn1)C,0,0.017507,0.018235,0.002369
CC(C)N1[C@H](c2ccc(cc2)CO)[C@](CC1=O)(C(=O)NCCN1CCOCC1)c1ccc(cc1)[N+](=O)[O-],0,0.271242,0.083643,0.064481
COc1cccc(c1)-c1cccc(c1)-c1nc(cc2c1[C@H](CCO)N(C2)S(=O)C(C)(C)C)C(=O)N[C@@H]1CCN(C1)Cc1ccccc1,0,0.126356,0.086433,0.040560
CCCCCN1CC=C[C@@]23O[C@@H]4C=CCOC(=O)[C@@H]4[C@H]2C(=O)N(CCCO)[C@@H]3C1=O,0,0.278534,0.195488,0.140505
C[C@H]1CN([C@H](C)CO)C(=O)c2c(c3ccccc3n2C)-c2ccccc2CO[C@H]1CN(C)Cc1ccc2c(c1)OCCN2C,0,0.103153,0.037411,0.009003
OC[C@H]1O[C@H](C[C@H]2[C@@H]1Oc1ccc(cc12)NC(=O)Nc1ccc(cc1)C(F)(F)F)CC(=O)NC1CCCCC1,0,0.787383,0.352919,0.180428
C[C@H]1CN([C@@H](C)CO)C(=O)c2cc(ccc2O[C@@H]1CN(C)C(=O)NC1CCCCC1)NS(=O)(=O)c1cn(cn1)C,0,0.041384,0.017894,0.003250
C[C@@H]1CN([C@@H](C)CO)C(=O)c2cccc(c2O[C@H]1CN(C)S(=O)(=O)c1ccc(cc1)C)NC(=O)C1CCOCC1,0,0.012422,0.017521,0.002362
C[C@@H]1CN([C@@H](C)CO)C(=O)c2cc(cnc2O[C@H]1CN(C)C(=O)C1CCOCC1)C#CCc1ccccc1,0,0.006715,0.018172,0.003287
C[C@H]1CN([C@@H](C)CO)C(=O)c2cccc(c2O[C@H]1CN(C)Cc1ccccc1)NC(=O)c1ccc(cc1)-c1nccs1,0,0.010985,0.016293,0.002767
C[C@H]1CN([C@H](C)CO)C(=O)Cc2cc(ccc2O[C@@H]1CN(C)Cc1ccc(cc1)-c1ccccc1)NS(=O)(=O)c1ccc(cc1)Cl,0,0.012248,0.018319,0.002895
COc1ccc(cc1)S(=O)(=O)N(C)C[C@@H]1Oc2ccc(cc2CC(=O)N(C[C@H]1C)[C@@H](C)CO)NS(=O)(=O)c1ccc(cc1)C,0,0.001616,0.017948,0.002223
CC(=O)NCCCCCC(=O)O,0,0.003230,0.025113,0.007640
Cc1noc(c1NC(=O)N1C[C@H](O)COC[C@H]2O[C@@H](CC[C@@H]21)CC(=O)N[C@H]1CCN(C1)Cc1ccccc1)C,0,0.552696,0.174674,0.106790
COCC(=O)N1C[C@H](C)[C@H](CN(C)C(=O)c2ccc(cc2OC[C@@H]1C)NC(=O)Nc1ccccc1)OC,0,0.013035,0.020548,0.003981
C[C@@H]1CCCCO[C@@H](CN(C)C(=O)C2CCCCC2)[C@@H](C)CN([C@H](C)CO)C(=O)c2cc(ccc2O1)NC(=O)NC1CCCCC1,0,0.015437,0.016701,0.003208
COc1ccccc1CNC(=O)C[C@@H]1CC[C@@H]2[C@H](COC[C@H](O)CN2C(=O)Nc2ccc(cc2)Cl)O1,0,0.762810,0.937172,0.958499
C[C@@H]1CN([C@H](C)CO)C(=O)c2cc(ccc2O[C@H]1CN(C)S(=O)(=O)c1cn(cn1)C)NC(=O)Nc1ccc2c(c1)OCO2,0,0.004839,0.017324,0.002650
C[C@@H]1CN([C@@H](C)CO)C(=O)Cc2cc(ccc2O[C@H]1CN(C)Cc1ccc(cc1)C(=O)O)NS(=O)(=O)C,0,0.016063,0.024481,0.003139
C[C@@H]1CCCCO[C@H](CN(C)C(=O)C2CCCCC2)[C@@H](C)CN([C@H](C)CO)C(=O)c2cc(ccc2O1)NC(=O)Nc1ccccc1,0,0.009692,0.016868,0.002567
Fc1ccc(cc1)[C@@H](NC(=O)C1CCN(CC1)Cc1ccc(cc1)Oc1ccccc1)c1ccc2ccccc2n1,0,0.498058,0.469413,0.527786
CO[C@@H]1CN(C)C(=O)c2cc(ccc2OC[C@H](C)N(C[C@@H]1C)C(=O)CN(C)C)NS(=O)(=O)C,0,0.035607,0.079369,0.003942
CC(C)CCC[C@@]1(C)Oc2c(c3c(c(c2C=C1)O)C(=O)[C@H]1C[C@@H]2C[C@H]4C(C)(C)O[C@](CC[C@@H](C)C(=O)O)([C@@H]2O)[C@@]14O3)CCC(C)C,0,0.995315,0.612714,0.385428
C[C@H]1CN([C@@H](C)CO)C(=O)c2cccc(c2O[C@@H]1CN(C)C(=O)Nc1ccc(cc1)F)NS(=O)(=O)C,0,0.323143,0.021232,0.006682
COc1ccc2c3c(n(c2c1)C)[C@H](CO)N(C[C@]13CN(Cc2cccnc2)C1)S(=O)(=O)c1ccc(cc1)C,0,0.020325,0.043828,0.009367
Cc1cc(n[nH]1)C(=O)O,0,0.046030,0.040427,0.014224
CC(C)NC(=O)N(C)C[C@H]1Oc2ccc(cc2C(=O)N(C[C@H]1C)[C@H](C)CO)NS(=O)(=O)c1cccs1,0,0.017166,0.018262,0.003875
C[C@@H]1CN([C@H](C)CO)C(=O)Cc2cc(ccc2O[C@H]1CN(C)S(=O)(=O)C)NC(=O)Nc1c(noc1C)C,0,0.018045,0.019434,0.004229
C[C@H]1CCCCO[C@@H](CN(C)S(=O)(=O)c2ccccc2)[C@H](C)CN([C@@H](C)CO)C(=O)c2cc(ccc2O1)NC(=O)Nc1ccc(cc1)C(F)(F)F,0,0.087717,0.026840,0.004828
C[C@@H](NC(=O)c1ccccc1)C(=O)NN,0,0.052281,0.054305,0.025838
C[C@H]1CCCCO[C@H](CN(C)Cc2ccc(cc2)C(F)(F)F)[C@H](C)CN([C@H](C)CO)C(=O)c2cc(ccc2O1)NC(=O)c1ccccc1,0,0.070438,0.014810,0.003213
C[C@@H]1CCCCO[C@H](CN(C)Cc2ccc(cc2)C(=O)O)[C@H](C)CN([C@H](C)CO)C(=O)c2cc(ccc2O1)NS(=O)(=O)c1ccc(cc1)Cl,0,0.018965,0.026321,0.002203
COCCOC(=O)C1=C(C)NC(C)=C(C(=O)OCC=Cc2ccccc2)C1c1cccc([N+](=O)[O-])c1,0,0.000140,0.434864,0.262590
C[C@H]1CN([C@@H](C)CO)C(=O)c2cc(ccc2O[C@H]1CN(C)S(=O)(=O)C)NC(=O)CCC(F)(F)F,0,0.078458,0.021315,0.013276
COCc1cn(nn1)CC[C@@H]1CC[C@H](NC(=O)CCN2CCCCC2)[C@H](CO)O1,0,0.487828,0.033589,0.013748
C[C@@H]1CCCCO[C@@H](CN(C)Cc2ccccc2)[C@H](C)CN([C@@H](C)CO)C(=O)c2cc(ccc2O1)NC(=O)Nc1ccc(cc1)F,0,0.059638,0.016772,0.004203
NS(=O)(=O)c1cc2c(cc1Cl)N=CNS2(=O)=O,0,0.000083,0.038150,0.009807
Cl.Clc1ccc(Cn2c(CN3CCCC3)nc3ccccc32)cc1,0,0.942786,0.343938,0.198073
C[C@H]1CN([C@H](C)CO)C(=O)c2cc(cnc2O[C@H]1CN(C)S(=O)(=O)c1ccc(cc1)C)C#Cc1cccc(c1)F,0,0.028332,0.017810,0.003035
COc1ccc(cc1)S(=O)(=O)Nc1ccc2c(c1)C(=O)N(C[C@H](C)[C@@H](CN(C)C(=O)Nc1c(noc1C)C)OCCCC[C@H](C)O2)[C@H](C)CO,0,0.005852,0.018098,0.002121
C[C@H]1CN([C@@H](C)CO)C(=O)c2cccc(c2O[C@@H]1CN(C)C(=O)NC1CCCCC1)NC(=O)c1ccc(cc1)-c1nccs1,0,0.034415,0.017046,0.003680
C[C@H]1CN([C@@H](C)CO)C(=O)c2cc(cnc2O[C@H]1CN(C)C(=O)Nc1cccc(c1)F)C#CCN(C)C,0,0.144534,0.016122,0.006839
COc1ccc(cc1)CN(C)C[C@H]1OCCCC[C@H](C)Oc2ccc(cc2C(=O)N(C[C@H]1C)[C@@H](C)CO)NC(=O)c1ccncc1,0,0.006126,0.016555,0.001720
COc1cccc(c1)-c1ccc2c(c1)O[C@@H](CN(C)C(=O)C1CC1)[C@@H](C)CN([C@@H](C)CO)S2(=O)=O,0,0.036261,0.024765,0.004676
C[C@H]1CCCCO[C@@H](CN(C)C(=O)Nc2ccccc2)[C@@H](C)CN([C@@H](C)CO)C(=O)c2cc(ccc2O1)NC(=O)CCC(F)(F)F,0,0.120830,0.014062,0.005754
C[C@H]1CCCCO[C@@H](CN(C)Cc2ccccc2)[C@H](C)CN([C@H](C)CO)C(=O)c2cc(ccc2O1)NC(=O)Nc1c(noc1C)C,0,0.023557,0.017261,0.003045
CCOC1=Nc2c(ncn2C)C(=O)N1C,0,0.053462,0.022461,0.007891
C[C@H]1CN([C@H](C)CO)C(=O)Cc2cc(ccc2O[C@H]1CN(C)S(=O)(=O)C)NC(=O)Nc1ccc2c(c1)OCO2,0,0.004970,0.020178,0.002911
CCOc1ccc(cn1)CN,0,0.091156,0.029460,0.016559
COc1ccc(cc1)NC(=O)N(C)C[C@@H]1OCCCC[C@@H](C)Oc2ccc(cc2C(=O)N(C[C@@H]1C)[C@H](C)CO)NC(=O)NC1CCCCC1,0,0.010357,0.016276,0.001928
C[C@H]1CCCCO[C@@H](CN(C)C(=O)CCC(F)(F)F)[C@H](C)CN([C@@H](C)CO)C(=O)c2cc(ccc2O1)NS(=O)(=O)c1cccs1,0,0.011592,0.021759,0.005139
COC1C(O)C(C)OC(OC2CCC3(C=O)C(CCC4C3CCC3(C)C(C5=CC(=O)OC5)CCC43O)C2)C1O,0,0.985412,0.370552,0.173347
COCC#Cc1ccc2c(c1)O[C@@H](CN(C)C(=O)COC)[C@@H](C)CN([C@@H](C)CO)S2(=O)=O,0,0.095660,0.023864,0.004460
N#CC1CC2CC2N1C(=O)C(N)C12CC3CC(CC(O)(C3)C1)C2,0,0.001662,0.282440,0.071744
COc1ccc(cc1)S(=O)(=O)Nc1ccc2c(c1)C(=O)N(C[C@@H](C)[C@@H](CN(C)C(=O)Nc1cccc3ccccc13)OCCCC[C@@H](C)O2)[C@@H](C)CO,0,0.002514,0.018469,0.002093
CN(C)CC(=O)Nc1ccc2c(c1)C(=O)N(C)[C@H]1CC[C@H](CC(=O)Nc3cccc(c3)Cl)O[C@@H]1CO2,0,0.169148,0.035210,0.017224
CC(C)NC(=O)N(C)C[C@H]1Oc2ccc(cc2CC(=O)N(C[C@@H]1C)[C@H](C)CO)NS(=O)(=O)c1ccc(cc1)Cl,0,0.012188,0.020327,0.002567
CCON1C(=O)C(=C)[NH+]([O-])c2ccccc21,0,0.950102,0.194060,0.126861
C[C@@H]1CCCCO[C@@H](CN(C)Cc2ccccc2)[C@H](C)CN([C@@H](C)CO)C(=O)c2cc(ccc2O1)NC(=O)Nc1ccc2c(c1)OCO2,0,0.006482,0.016903,0.002654
C[C@@H]1CCCCO[C@@H](CN(C)Cc2ccc3c(c2)OCO3)[C@H](C)CN([C@H](C)CO)C(=O)c2cc(ccc2O1)NC(=O)CCC(F)(F)F,0,0.067550,0.017351,0.004497
CN1CCN(CC1)C(=O)C[C@H]1O[C@@H](CO)[C@@H](NC(=O)c2ccc3c(c2)OCO3)C=C1,0,0.031797,0.019158,0.009422
OCc1ccccc1O,0,0.010923,0.092197,0.019320
C[C@H]1CCCCO[C@H](CN(C)C(=O)Nc2ccc(cc2)F)[C@@H](C)CN([C@@H](C)CO)C(=O)c2cc(ccc2O1)NC(=O)Nc1ccccc1,0,0.041716,0.015778,0.001913
Cc1cc(O)c(C=O)c2c1C(=O)Oc1c(C)c(O)c3c(c1O2)C(O)OC3=O,0,0.971807,0.621189,0.386702
COc1ccc2c(c1OC)C(=O)OC2C1c2c(cc3c(c2OC)OCO3)CCN1C.Cl,0,0.900504,0.244577,0.070630
COc1ccc(cc1)CN(C)C[C@@H]1Oc2ccc(cc2CC(=O)N(C[C@@H]1C)[C@H](C)CO)NS(=O)(=O)C,0,0.011076,0.025977,0.005588
CC(C)(C)OC(=O)C[C@@H](CC=C)C(=O)OC[C@@H](Cc1c[nH]c2ccccc12)NC(=O)[C@@H](CC=C)CC(=O)N(CCO)Cc1ccccc1,0,0.004747,0.036052,0.011863
C[C@H]1CCCCO[C@@H](CN(C)C(=O)Cc2ccccc2)[C@H](C)CN([C@H](C)CO)C(=O)c2cc(ccc2O1)NC(=O)Cc1ccccc1,0,0.000669,0.016645,0.002600
C[C@@H]1CC=CC[C@@H](NC(=O)[C@@H](Cc2ccccc2)N(C)C(=O)c2ccccc2O1)c1ccc2c(c1)OCO2,0,0.010614,0.023958,0.012145
COc1ccc(cc1)S(=O)(=O)N(C)C[C@H]1OCCCC[C@@H](C)Oc2ccc(cc2C(=O)N(C[C@@H]1C)[C@H](C)CO)NC(=O)Nc1cccc2ccccc12,0,0.004550,0.018701,0.002087
CCC[C@@H](O)C#Cc1cnc2c(c1)C(=O)N(C[C@H](C)[C@H](CN(C)C(=O)Nc1ccccc1)O2)[C@H](C)CO,0,0.046959,0.017846,0.005638
CN(C)C1CN(C1)S(=O)(=O)CCC1CC1,0,0.046828,0.043270,0.006145
C[C@@H]1CN([C@H](C)CO)S(=O)(=O)c2ccc(cc2O[C@@H]1CN(C)C(=O)C1CC1)-c1ccc(cc1)C(=O)N(C)C,0,0.012400,0.019715,0.002914
CC(C)CC#Cc1ccc2c(c1)O[C@@H](CN(C)C(=O)Cc1cccnc1)[C@H](C)CN([C@H](C)CO)S2(=O)=O,0,0.040958,0.021175,0.003153
CCN1[C@@H]2CN3C(=O)C(=CC=C3[C@H]1[C@H]([C@@H]2CO)C(=O)NCCc1cn(cn1)C)c1ccncc1,0,0.662963,0.033869,0.009690
C[C@H]1CN([C@H](C)CO)C(=O)Cc2cc(ccc2O[C@@H]1CN(C)C(=O)Nc1ccc(cc1)C(F)(F)F)NC(=O)Nc1cccc2ccccc12,0,0.307845,0.021948,0.009868
O=[N+]([O-])C(Br)(CO)CO,1,0.627489,0.891168,0.930625
C[C@H]1CN([C@H](C)CO)C(=O)Cc2cc(ccc2O[C@H]1CN(C)C(=O)Nc1cccc2ccccc12)NC(=O)C1CCCCC1,0,0.019107,0.020987,0.004357
COc1ccc(cc1)S(=O)(=O)N(C)C[C@H]1Oc2ccc(cc2C(=O)N(C[C@@H]1C)[C@@H](C)CO)NC(=O)Nc1c(noc1C)C,0,0.028140,0.018301,0.003095
C[C@H]1CCCCO[C@H](CN(C)S(=O)(=O)c2cccs2)[C@H](C)CN([C@@H](C)CO)C(=O)c2cc(ccc2O1)NC(=O)C1CCCCC1,0,0.001932,0.017475,0.002801
C[C@H]1CCCCO[C@H](CN(C)Cc2ccncc2)[C@@H](C)CN([C@H](C)CO)C(=O)c2cc(ccc2O1)NC(=O)Nc1ccc2c(c1)OCO2,0,0.007177,0.016595,0.002160
C[C@@H]1CN([C@H](C)CO)C(=O)CCCn2nncc2CO[C@H]1CN(C)Cc1cccc2c1OCCCO2,0,0.013762,0.024361,0.003002
C[C@@H]1CN([C@H](C)CO)C(=O)c2cccc(c2O[C@@H]1CN(C)Cc1ccncc1)NS(=O)(=O)c1ccccc1,0,0.005343,0.017521,0.002592
C[C@@H]1CCCCO[C@@H](CN(C)CC2CC2)[C@@H](C)CN([C@H](C)CO)C(=O)c2cc(ccc2O1)NC(=O)CCC(F)(F)F,0,0.325654,0.141814,0.060649
C[C@H]1CCCCO[C@@H](CN(C)Cc2ccccc2)[C@H](C)CN([C@@H](C)CO)C(=O)c2cc(ccc2O1)NC(=O)Nc1cccc2ccccc12,0,0.011807,0.016362,0.002488
COc1ccc(cc1)CNC(=O)N(C)C[C@@H]1OCc2ccccc2-c2c(n(c3ccccc23)C)C(=O)N(C[C@@H]1C)[C@@H](C)CO,0,0.017362,0.020273,0.003896
C[C@@H]1CCCCO[C@@H](CN(C)S(=O)(=O)c2ccccc2)[C@@H](C)CN([C@@H](C)CO)C(=O)c2cc(ccc2O1)NC(=O)NC1CCCCC1,0,0.005108,0.017533,0.002240
CO[C@@H]1CN(C)C(=O)c2cc(ccc2OC[C@@H](C)N(C[C@H]1C)S(=O)(=O)C)NS(=O)(=O)c1ccccc1F,0,0.034466,0.023886,0.005999
C[C@H]1CN([C@@H](C)CO)C(=O)c2cccc(c2O[C@@H]1CN(C)Cc1ccc(c(c1)Cl)Cl)NC(=O)Nc1ccc2c(c1)OCO2,0,0.106363,0.037199,0.007437
COc1ccc(cc1)CN(C)C[C@H]1Oc2ccc(cc2CC(=O)N(C[C@H]1C)[C@H](C)CO)NC(=O)C1CC1,0,0.060161,0.032147,0.006088
O[C@@H]1COC[C@H]2O[C@H](CC[C@@H]2N(C1)C(=O)Nc1cccc(c1)Cl)CC(=O)NCCCN1CCOCC1,0,0.673813,0.637711,0.925448
CC(C)N1C[C@@H](CN(C)Cc2ccc(cc2)Oc2ccccc2)Oc2c(cccc2C1=O)NC(=O)c1ccncc1,0,0.004797,0.087191,0.039368
C=CCSSCC=C,0,0.041149,0.274407,0.163140
C[C@@H]1CCCCO[C@H](CN(C)Cc2ccc(cc2)C(F)(F)F)[C@@H](C)CN([C@H](C)CO)C(=O)c2cc(ccc2O1)NS(=O)(=O)c1ccc(cc1)F,0,0.104142,0.016682,0.003938
CCN(C(=O)NCCc1ccccc1)c1c(nc2ccc(cn12)C(=O)N1CCN(CC1)S(=O)(=O)CC)CC,0,0.013580,0.063426,0.011728
C[C@@H]1CN([C@@H](C)CO)C(=O)c2cc(cnc2O[C@H]1CN(C)Cc1ccc(cc1)C(=O)O)C#CCN(C)C,0,0.052847,0.040749,0.006097
COCC(=O)N1C[C@@H](C)[C@@H](CN(C)C(=O)c2cc(ccc2OC[C@H]1C)NC(=O)c1ccc(cc1)OC)OC,0,0.004246,0.019996,0.002486
CN1C(=O)CC(c2ccccc2)C1=O,0,0.015629,0.193095,0.082159
COc1cc(C=O)ccc1O,0,0.913643,0.100798,0.061888
CCCC(=O)Nc1ccc2c(c1)C(=O)N(C)C[C@@H](OC)[C@@H](C)CN([C@H](C)CO2)S(=O)(=O)c1cn(cn1)C,0,0.005797,0.017404,0.002363
C[C@@H]1CN([C@H](C)CO)C(=O)c2cccc(c2O[C@@H]1CN(C)Cc1ccc2c(c1)OCO2)NC(=O)Nc1ccc(cc1)C(F)(F)F,0,0.414442,0.138926,0.134259
C[C@H]1CCCCO[C@H](CN(C)S(=O)(=O)c2c(noc2C)C)[C@@H](C)CN([C@H](C)CO)C(=O)c2cc(ccc2O1)NS(=O)(=O)c1cn(cn1)C,0,0.007119,0.023984,0.002954
C[C@@H]1CN([C@H](C)CO)C(=O)c2cc(ccc2O[C@@H]1CN(C)Cc1ccc(cc1)-c1ccccc1)NC(=O)Cc1cn(c2ccccc12)C,0,0.022426,0.022193,0.003572
N#Cc1cccc2ccsc12,0,0.001385,0.122702,0.052736
OC[C@@H]1O[C@@H](CC(=O)NCc2ccc(cc2)Oc2ccccc2)C=C[C@@H]1NC(=O)c1ccc2c(c1)OCO2,0,0.008095,0.023202,0.006750
C[C@@H]1CN([C@@H](C)CO)C(=O)c2cc(ccc2O[C@H]1CN(C)S(=O)(=O)c1cn(cn1)C)NS(=O)(=O)c1cccs1,0,0.003976,0.017561,0.002995
C[C@H]1CN([C@H](C)CO)C(=O)Cc2cc(ccc2O[C@H]1CN(C)S(=O)(=O)C)NC(=O)Cc1cn(c2ccccc12)C,0,0.002745,0.021987,0.002902
C[C@H]1CCCCO[C@H](CN(C)C(=O)NC2CCCCC2)[C@@H](C)CN([C@H](C)CO)C(=O)c2cc(ccc2O1)NS(=O)(=O)c1ccccc1,0,0.002933,0.017787,0.002114
C[C@H]1CCCCO[C@H](CN(C)C(=O)Cc2ccccc2)[C@H](C)CN([C@H](C)CO)C(=O)c2cc(ccc2O1)NC(=O)C1CCCCC1,0,0.001776,0.016549,0.002782
C[C@@H]1CN([C@H](C)CO)C(=O)c2cc(ccc2O[C@H]1CN(C)S(=O)(=O)c1cn(cn1)C)NC(=O)c1ccncc1,0,0.004946,0.017325,0.002347
COCC(=O)N(C)C[C@@H]1Oc2cc(ccc2S(=O)(=O)N(C[C@@H]1C)[C@@H](C)CO)-c1ccc(cc1)C#N,0,0.000374,0.023980,0.003983
CC(C)NC(=O)Nc1ccc2c(c1)C(=O)N(C[C@H](C)[C@H](CN(C)Cc1ccc(cc1)-c1ccccc1)O2)[C@H](C)CO,0,0.123791,0.025838,0.007846
COc1ccc(cc1)S(=O)(=O)N(C)C[C@H]1Oc2ccc(cc2C(=O)N(C[C@H]1C)[C@H](C)CO)NS(=O)(=O)c1cccs1,0,0.005004,0.017581,0.003353
C[C@@H]1CCCCO[C@@H](CN(C)C(=O)CCC(F)(F)F)[C@H](C)CN([C@@H](C)CO)C(=O)c2cc(ccc2O1)NS(=O)(=O)c1ccc(cc1)F,0,0.022458,0.020388,0.005557
C[C@H]1CN([C@H](C)CO)C(=O)c2cc(ccc2O[C@@H]1CN(C)S(=O)(=O)c1ccc(cc1)C)NC(=O)c1ccncc1,0,0.004823,0.017475,0.001745
COc1cccc(c1)NC(=O)N(C)C[C@@H]1OCc2ccccc2-c2c(n(c3ccccc23)C)C(=O)N(C[C@@H]1C)[C@@H](C)CO,0,0.010115,0.017371,0.002319
COc1ccc2c3c([nH]c2c1)[C@@H](CO)N(C[C@]13CCN(CC1)C(=O)c1ccncc1)C(=O)c1ccncc1,0,0.008432,0.033102,0.013524
C[C@@H]1CN([C@@H](C)CO)C(=O)c2cc(cnc2O[C@@H]1CN(C)C(=O)CCN1CCCCC1)C#Cc1ccccn1,0,0.025517,0.017087,0.002582
CS(=O)(=O)N1CCO[C@]2(COCCN(Cc3ccncc3)C2)C1,0,0.004329,0.023505,0.003832
COc1cc(C(=S)N2CCOCC2)ccc1O,0,0.000000,0.095363,0.139008
C[C@@H]1CN([C@@H](C)CO)C(=O)c2cccc(c2O[C@@H]1CN(C)C(=O)Nc1ccc(cc1)C(F)(F)F)NC(=O)c1ccc(cc1)-c1nccs1,0,0.546081,0.125539,0.023238
COc1ccc(cc1)S(=O)(=O)Nc1ccc2c(c1)C(=O)N(C[C@@H](C)[C@H](CN(C)C(=O)Nc1ccc(cc1)C(F)(F)F)OCCCC[C@@H](C)O2)[C@@H](C)CO,0,0.095981,0.057294,0.008880
COc1ccc(cc1)S(=O)(=O)N(C)C[C@H]1OCCCC[C@H](C)Oc2ccc(cc2C(=O)N(C[C@@H]1C)[C@H](C)CO)NS(=O)(=O)C,0,0.006078,0.018051,0.002320
CO[C@H]1CN(C)C(=O)c2ccc(cc2OC[C@H](C)N(C[C@@H]1C)C(=O)C1CCOCC1)NC(=O)C1CC1,0,0.011839,0.024122,0.003794
C[C@H]1CCCCO[C@@H](CN(C)S(=O)(=O)c2ccccc2)[C@@H](C)CN([C@H](C)CO)C(=O)c2cc(ccc2O1)NS(=O)(=O)c1ccc(cc1)Cl,0,0.002347,0.017445,0.002242
CSC1=NNC(=O)c2cc(nn21)C,0,0.379248,0.057363,0.023506
COc1ccc(cc1)S(=O)(=O)Nc1ccc2c(c1)C(=O)N(C[C@@H](C)[C@@H](CN(C)S(=O)(=O)c1c(noc1C)C)O2)[C@H](C)CO,0,0.008518,0.017615,0.003403
COc1ccc2c3c(n(c2c1)C)[C@@H](CO)N(Cc1cc(cc(c1)OC)OC)C[C@]13CCN(CC1)S(=O)(=O)c1cn(cn1)C,0,0.015726,0.021443,0.003863
C[C@H]1CN([C@H](C)CO)C(=O)c2cc(ccc2O[C@H]1CN(C)C(=O)Nc1cccc2ccccc12)NS(=O)(=O)c1ccc(cc1)Cl,0,0.021849,0.018113,0.002742
COc1ccc(cc1)CN(C)C[C@H]1Oc2ccc(cc2C(=O)N(C[C@H]1C)[C@@H](C)CO)NC(=O)Nc1cccc2ccccc12,0,0.018947,0.017584,0.003785
NC(=O)c1nnc2ccc(cc2c1N)Cl,0,0.783712,0.067194,0.039024
C[C@@H]1CCCCO[C@@H](CN(C)CC2CCCCC2)[C@@H](C)CN([C@H](C)CO)C(=O)c2cc(ccc2O1)NC(=O)c1ccccc1,0,0.011629,0.017890,0.003261
C[C@@H]1CCCCO[C@@H](CN(C)C(=O)Nc2cccc3ccccc23)[C@@H](C)CN([C@H](C)CO)C(=O)c2cc(ccc2O1)N(C)C,0,0.014985,0.017734,0.003039
OCCN(Cc1ccccc1)C(=O)C[C@H]1CC=CC[C@@H](NC(=O)OCC2c3ccccc3-c3ccccc32)C(=O)O[C@H](CNC1=O)c1ccccc1,0,0.000084,0.028282,0.008365
Nc1ncnc(c1N)Cl,0,0.555097,0.152077,0.039883
C[C@@H]1CN([C@@H](C)CO)C(=O)c2cccc(c2O[C@@H]1CN(C)S(=O)(=O)c1cn(cn1)C)NS(=O)(=O)c1cn(cn1)C,0,0.016602,0.019868,0.003693
CCC(=O)Nc1ccc2c(c1)C(=O)N(C)C[C@H](OC)[C@@H](C)CN([C@H](C)CO2)C(=O)CN1CCOCC1,0,0.000838,0.017811,0.002380
C[C@@H]1CN([C@@H](C)CO)C(=O)c2cc(ccc2O[C@H]1CN(C)S(=O)(=O)C)NC(=O)CCC(F)(F)F,0,0.078458,0.021315,0.013276
CCCNC(=O)N[C@H]1CC[C@@H](CC(=O)N2CCN(C)CC2)O[C@@H]1CO,0,0.085792,0.029153,0.010678
C[C@H]1CN([C@@H](C)CO)C(=O)c2cc(ccc2O[C@@H]1CN(C)S(=O)(=O)c1ccc(cc1)F)NC(=O)Nc1cccc2ccccc12,0,0.032562,0.019303,0.003473
CCCC(=O)Nc1ccc2c(c1)C(=O)N(C)C[C@@H](OC)[C@H](C)CN([C@H](C)CO2)C(=O)Cc1ccccn1,0,0.001363,0.018163,0.002819
COc1ccc(cc1)NC(=O)Nc1ccc2c(c1)C(=O)N(C[C@@H](C)[C@@H](CN(C)Cc1ccc(cc1)C(F)(F)F)O2)[C@@H](C)CO,0,0.267443,0.106275,0.056934
CC(=O)Oc1ccc(Cl)c2cccnc12,0,0.295210,0.050685,0.030588
CCCNC(=O)N1C[C@@H](C)[C@H](CN(C)C(=O)c2cc(ccc2OC[C@H]1C)NS(=O)(=O)CC(F)(F)F)OC,0,0.063401,0.052291,0.006256
CN(C)CC(=O)N[C@H]1CC[C@@H](CC(=O)O)O[C@H]1CO,0,0.047868,0.034071,0.014461
O=c1[nH]c(=O)n(C2CC(O)C(CO)O2)cc1C(F)(F)F,0,0.725774,0.472511,0.228138
C[C@@H]1CN([C@@H](C)CO)C(=O)Cc2cc(ccc2O[C@@H]1CN(C)C(=O)Nc1ccc(cc1)C(F)(F)F)NS(=O)(=O)C,0,0.347646,0.073881,0.038147
COc1cccc(c1)NC(=O)N(C)C[C@H]1OCc2ccccc2-c2c(n(c3ccccc23)C)C(=O)N(C[C@H]1C)[C@@H](C)CO,0,0.010115,0.017371,0.002319
C[C@H]1CN([C@H](C)CO)C(=O)c2cccc(c2O[C@H]1CN(C)C(=O)Nc1ccc(cc1)C(F)(F)F)NC(=O)Nc1ccc(cc1)F,0,0.933482,0.842014,0.730618
C[C@H]1CN([C@@H](C)CO)S(=O)(=O)c2ccc(cc2O[C@H]1CN(C)C(=O)c1ccccc1F)Br,0,0.219556,0.022710,0.007794
COc1ccc(cc1)S(=O)(=O)Nc1ccc2c(c1)C(=O)N(C[C@H](C)[C@H](CN(C)CC1CC1)O2)[C@H](C)CO,0,0.019711,0.018649,0.003392
C[C@@H]1CN([C@@H](C)CO)S(=O)(=O)c2ccc(cc2O[C@H]1CN(C)Cc1cncnc1)C1=CCCCC1,0,0.049508,0.025929,0.006062
COc1ccc(cc1)NC(=O)Nc1ccc2c(c1)C(=O)N(C[C@@H](C)[C@@H](CN(C)Cc1ccc3c(c1)OCO3)OCCCC[C@H](C)O2)[C@@H](C)CO,0,0.010122,0.016449,0.001932
CO[C@@H]1CN(C)C(=O)c2cc(ccc2OC[C@H](C)N(C[C@@H]1C)C(=O)NC(C)C)NS(=O)(=O)CC(F)(F)F,0,0.073316,0.053734,0.006172
CN(C)CCCNC(=O)C[C@H]1CC[C@H]2[C@@H](COC[C@H](O)CN2S(=O)(=O)c2ccc(cc2)F)O1,0,0.522897,0.022565,0.012017
CCOc1nc2cccc(C(=O)O)c2n1Cc1ccc(-c2ccccc2-c2nnn[nH]2)cc1,0,0.479575,0.236805,0.124853
CC(C)(C)c1ccc(cc1)OC[C@@H](O)CN,1,0.633275,0.098638,0.049073
C[C@@H]1CN([C@H](C)CO)C(=O)CCCn2cc(nn2)CO[C@@H]1CN(C)Cc1cccc2c1OCCCO2,0,0.025848,0.026025,0.003037
C[C@@H]1CN([C@H](C)CO)C(=O)c2cc(cnc2O[C@@H]1CN(C)C(=O)C1CCOCC1)C#Cc1cccc(c1)F,0,0.028178,0.017943,0.004592
C[C@H]1CN([C@@H](C)CO)C(=O)Cc2cc(ccc2O[C@@H]1CN(C)C(=O)Nc1ccc2c(c1)OCO2)NC(=O)C1CC1,0,0.003455,0.017816,0.002584
CO[C@@H]1CN(C)C(=O)c2cc(ccc2OC[C@@H](C)N(C[C@H]1C)C(=O)CN(C)C)NC(=O)c1ccccc1,0,0.007301,0.020927,0.003199
CN(C)CC#Cc1ccc(cc1)[C@@H]1[C@H](CO)N2[C@@H]1CN(CC2=O)C(=O)c1cccnc1,0,0.145171,0.025701,0.012006
NCC[C@H]1CC[C@@H](NC(=O)C2CCCCC2)[C@@H](CO)O1,0,0.212901,0.048585,0.023037
CN(C)CCCNC(=O)C[C@H]1CC[C@@H]2[C@H](COC[C@@H](O)CN2S(=O)(=O)c2ccc(cc2)C)O1,0,0.362859,0.019892,0.010246
O[C@@H](/C=N/NC(=O)c1ccccc1O)[C@@H](O)[C@@H](O)[C@H](O)C(=O)O,0,0.020072,0.036770,0.015342
C[C@H]1CN([C@H](C)CO)C(=O)c2cccc(c2O[C@H]1CN(C)S(=O)(=O)c1ccc(cc1)C)NS(=O)(=O)c1cn(cn1)C,0,0.025651,0.017606,0.003057
Fc1ccccc1[C@H]1Nc2ccc3ccccc3c2[C@H]2C=CC[C@H]12,0,0.374514,0.408860,0.283944
COc1ccc(cc1)CN(C)C[C@@H]1Oc2ccc(cc2C(=O)N(C[C@H]1C)[C@H](C)CO)NS(=O)(=O)C,0,0.031062,0.018692,0.004924
C[C@H]1CCCCO[C@H](CN(C)C(=O)c2ccccc2)[C@@H](C)CN([C@H](C)CO)C(=O)c2cc(ccc2O1)NC(=O)Nc1ccc(cc1)F,0,0.010032,0.016561,0.001705
COc1ccc(cc1)S(=O)(=O)Nc1cccc2c1O[C@@H](CN(C)S(=O)(=O)c1ccc(cc1)F)[C@H](C)CN([C@H](C)CO)C2=O,0,0.017735,0.018672,0.003971
C[C@H]1CN([C@H](C)CO)C(=O)Cc2cc(ccc2O[C@H]1CN(C)Cc1ccc(cc1)-c1ccccc1)NC(=O)Cc1cn(c2ccccc12)C,0,0.018144,0.028926,0.003922
C[C@@H]1CN([C@@H](C)CO)C(=O)c2cc(cnc2O[C@@H]1CN(C)Cc1cccc(c1)C(=O)O)C#CCN(C)C,0,0.080443,0.038260,0.006483
COc1cccc(c1)NC(=O)N[C@@H]1CC[C@@H](CC(=O)N2CCN(C)CC2)O[C@@H]1CO,0,0.082092,0.027907,0.006054
Oc1ccc2ccccc2c1,0,0.083055,0.217768,0.097262
OC[C@@H]1O[C@@H](CCNC(=O)Nc2cc(ccc2F)F)CC[C@H]1NC(=O)CN1CCOCC1,0,0.151607,0.053357,0.038028
CO[C@H]1CN(C)C(=O)c2ccc(cc2OC[C@H](C)N(C[C@@H]1C)C(=O)NC(C)C)NS(=O)(=O)c1ccccc1,0,0.003005,0.021686,0.002787
C[C@@H]1CCCCO[C@@H](CN(C)CC2CC2)[C@@H](C)CN([C@H](C)CO)C(=O)c2cc(ccc2O1)NC(=O)Nc1ccc(cc1)C(F)(F)F,0,0.760217,0.896724,0.963775
O[C@@H]1COC[C@H]2O[C@H](CC[C@@H]2N(C1)S(=O)(=O)c1ccc(cc1)Cl)CC(=O)N1CCc2ccccc2C1,0,0.130816,0.095145,0.029215
COc1ccc(cc1)CN(C)C[C@H]1Oc2ccc(cc2CC(=O)N(C[C@H]1C)[C@@H](C)CO)NC(=O)C1CC1,0,0.060161,0.032147,0.006088
C[C@@H]1CN([C@@H](C)CO)C(=O)Cc2cc(ccc2O[C@@H]1CN(C)Cc1ccc(cc1)Oc1ccccc1)NC(=O)C1CCCCC1,0,0.011209,0.029868,0.006659
COc1ccc(cc1)S(=O)(=O)N(C)C[C@H]1Oc2ncc(cc2C(=O)N(C[C@@H]1C)[C@@H](C)CO)C#CC1(O)CCCC1,0,0.007438,0.019901,0.003810
COc1ccc(cc1Cl)S(=O)(=O)N(C)C[C@@H]1Oc2ccc(cc2CC(=O)N(C[C@@H]1C)[C@@H](C)CO)NC(=O)Nc1cccc(c1)C(F)(F)F,0,0.606472,0.033394,0.008052
COc1ccc(cc1)NC(=O)Nc1ccc2c(c1)C(=O)N(C[C@H](C)[C@@H](CN(C)C(=O)Nc1ccc(cc1)F)OCCCC[C@@H](C)O2)[C@H](C)CO,0,0.040757,0.016084,0.001893
C[C@H]1C[C@@H]2CNC[C@@H]2O1,0,0.002574,0.024009,0.006610
C[C@@H]1CCCCO[C@H](CN(C)Cc2ccc3c(c2)OCO3)[C@@H](C)CN([C@H](C)CO)C(=O)c2cc(ccc2O1)NS(=O)(=O)c1cccs1,0,0.001890,0.017360,0.002349
COc1ccc(cc1)S(=O)(=O)Nc1ccc2c(c1)C(=O)N(C[C@@H](C)[C@H](CN(C)S(=O)(=O)c1ccc(cc1)Cl)OCCCC[C@@H](C)O2)[C@H](C)CO,0,0.004385,0.018089,0.002498
COc1ccc2c(c1)[C@@H](NCC=C(C)C)[C@H](C)[C@H]2c1ccccc1,0,0.730255,0.380576,0.325553
C[C@H]1CCCCO[C@@H](CN(C)Cc2ccc(cc2)C(=O)O)[C@H](C)CN([C@@H](C)CO)C(=O)c2cc(ccc2O1)NS(=O)(=O)c1ccc(cc1)Cl,0,0.018965,0.026321,0.002203
C[C@@H]1CCCCO[C@@H](CN(C)Cc2ccccc2)[C@@H](C)CN([C@H](C)CO)C(=O)c2cc(ccc2O1)NC(=O)NC1CCCCC1,0,0.025546,0.017168,0.003187
C[C@H]1CN([C@H](C)CO)C(=O)c2cc(ccc2O[C@@H]1CN(C)S(=O)(=O)C)NS(=O)(=O)c1c(noc1C)C,0,0.013690,0.018628,0.004834
CC(=O)c1ccc(S(=O)(=O)NC(=O)NC2CCCCC2)cc1,0,0.689690,0.064674,0.020626
CC(C)NC(=O)N(C)C[C@@H]1Oc2c(cccc2C(=O)N(C[C@@H]1C)[C@@H](C)CO)NC(=O)Nc1c(noc1C)C,0,0.143645,0.021919,0.006021
FC(F)(F)c1ccc(cc1)C#Cc1ccc(s1)-c1c(c(nn1-c1ccc(cc1Cl)Cl)C(=O)NN1CCCCC1)CNS(=O)(=O)N1CCCC1,0,0.970837,0.445332,0.325226
C[C@H]1CN([C@H](C)CO)C(=O)c2cccc(c2O[C@@H]1CN(C)S(=O)(=O)c1ccc(cc1)Cl)NC(=O)c1cnccn1,0,0.079345,0.017597,0.003335
N[C@]1(C[C@H](C1)C(=O)O)C(=O)O,0,0.084411,0.041623,0.014172
COc1ccc(cc1)S(=O)(=O)Nc1ccc2c(c1)C(=O)N(C[C@H](C)[C@@H](CN(C)Cc1ccc3c(c1)OCO3)OCCCC[C@@H](C)O2)[C@H](C)CO,0,0.001772,0.018042,0.002197
OC[C@H]1O[C@H](OC[C@@H](O)[C@@H](O)[C@H](O)[C@@H](O)/C=N/NC(=O)c2ccc(cc2)C(=O)NO)[C@H](O)[C@@H](O)[C@H]1O,0,0.079161,0.153778,0.037060
CN(C)CCNC(=O)c1ccccn1,0,0.022942,0.023244,0.007045
C[C@@H]1CN([C@@H](C)CO)C(=O)c2cc(ccc2O[C@@H]1CN(C)Cc1ccc2c(c1)OCO2)NC(=O)CCCN(C)C,0,0.014083,0.017657,0.004130
NNC(=O)c1nnn(c1CN1CCCCC1)-c1nonc1N,0,0.954780,0.045416,0.038362
C[C@@H]1CN([C@@H](C)CO)C(=O)c2cccc(c2O[C@H]1CN(C)Cc1ccccc1)NS(=O)(=O)c1cn(cn1)C,0,0.022232,0.018248,0.002528
O[C@H]1COC[C@H]2O[C@H](CC[C@@H]2N(C1)C(=O)c1cnccn1)CC(=O)NCc1ccc(cc1)Oc1ccccc1,0,0.249275,0.081296,0.034625
C[C@@H]1CN([C@@H](C)CO)C(=O)c2cc(ccc2O[C@H]1CN(C)C(=O)Nc1ccc2c(c1)OCO2)NC(=O)C1CC1,0,0.004123,0.019270,0.002117
C[C@@H]1CN([C@H](C)CO)C(=O)c2cc(ccc2O[C@@H]1CN(C)Cc1ccncc1)NS(=O)(=O)c1c(noc1C)C,0,0.007158,0.017401,0.002392
C[C@@H]1CN([C@H](C)CO)C(=O)c2cccc(c2O[C@H]1CN(C)S(=O)(=O)c1ccc(cc1)C)NS(=O)(=O)c1ccccc1,0,0.005056,0.018054,0.002902
C[C@@H]1CN([C@@H](C)CO)C(=O)c2cc(ccc2O[C@H]1CN(C)S(=O)(=O)c1cccs1)NS(=O)(=O)c1ccccc1,0,0.001308,0.017665,0.003329
COc1ccc(cc1)NC(=O)Nc1ccc2c(c1)C(=O)N(C[C@@H](C)[C@H](CN(C)C(=O)Nc1c(noc1C)C)OCCCC[C@@H](C)O2)[C@H](C)CO,0,0.025491,0.017111,0.002195
Cc1cnc(c(n1)C)N,0,0.034344,0.021668,0.008178
C[C@@H]1CN([C@H](C)CO)C(=O)c2cc(ccc2O[C@@H]1CN(C)Cc1ccc(cc1)C(F)(F)F)NC(=O)CCC(F)(F)F,0,0.682701,0.151124,0.069384
C[C@@H]1CN([C@H](C)CO)C(=O)c2ccccc2-c2ccccc2CO[C@@H]1CN(C)C(=O)N[C@@H](C)c1ccccc1,0,0.025631,0.020562,0.007293
C[C@@H]1CN([C@H](C)CO)C(=O)Cc2cc(ccc2O[C@H]1CN(C)Cc1ccc(cc1)-c1ccccc1)NC(=O)Cc1ccccc1,0,0.017917,0.037377,0.005476
C[C@@H]1CCCCO[C@@H](CN(C)CC2CCCCC2)[C@H](C)CN([C@H](C)CO)C(=O)c2cc(ccc2O1)NC(=O)CCC(F)(F)F,0,0.277733,0.118469,0.067489
COc1cc2c(cc1C=O)OCO2,0,0.869618,0.038347,0.028303
C[C@H]1CCCCO[C@@H](CN(C)C(=O)c2ccccc2)[C@H](C)CN([C@H](C)CO)C(=O)c2cc(ccc2O1)NC(=O)CCC(F)(F)F,0,0.033783,0.022857,0.006373
C/C=C/C(=O)NC(=O)C(=C)C,0,0.000430,0.043186,0.014888
C[C@H]1CN([C@H](C)CO)C(=O)c2cc(ccc2O[C@H]1CN(C)C(=O)NC1CCCCC1)NS(=O)(=O)C,0,0.027045,0.018429,0.004826
C[C@H]1CN([C@@H](C)CO)C(=O)Cc2cc(ccc2O[C@@H]1CN(C)S(=O)(=O)c1cccs1)NC(=O)Nc1c(noc1C)C,0,0.003548,0.017491,0.003201
COC(=O)c1c2oc(c1C(=O)OC)C(=O)N[C@@H](Cc1ccccc1)Cn1cc(nn1)[C@@H](Cc1ccccc1)NC(=O)N[C@@H](CCc1oc(c(c1C(=O)OC)C(=O)OC)C(=O)N[C@@H](Cc1ccccc1)Cn1cc(nn1)[C@@H](Cc1ccccc1)NC(=O)N[C@@H](CC2)COC(=O)NCCCCCC(=O)NO)COC(=O)NCCCCCC(=O)NO,0,0.000000,0.089960,0.004954
COC(=O)CNc1nc(nc(n1)N(C)C)OC,0,0.105697,0.060996,0.010000
C[C@H]1CN([C@H](C)CO)C(=O)Cc2cc(ccc2O[C@@H]1CN(C)Cc1ccccc1)NC(=O)Nc1cccc2ccccc12,0,0.015727,0.021584,0.002948
CC(=O)N1CC[N+](C)(C)CC1,0,0.010114,0.032068,0.008312
C[C@@H]1CN([C@H](C)CO)C(=O)c2cc(ccc2O[C@@H]1CN(C)S(=O)(=O)c1cccs1)NC(=O)CCN1CCOCC1,0,0.000541,0.017489,0.002260
C[C@@H]1CN([C@H](C)CO)C(=O)c2cc(ccc2O[C@@H]1CN(C)S(=O)(=O)c1cn(cn1)C)NC(=O)C1CC1,0,0.007462,0.018716,0.002779
OC[C@@H]1OC(=O)[C@@H](O)[C@H](O)[C@H]1O,0,0.000431,0.038444,0.011258
COc1ccc(cc1)S(=O)(=O)Nc1ccc2c(c1)C(=O)N(C[C@@H](C)[C@H](CN(C)Cc1ccc(c(c1)Cl)Cl)O2)[C@@H](C)CO,0,0.029922,0.018829,0.003203
C[C@H]1CCCCO[C@H](CN(C)C(=O)CCCN(C)C)[C@@H](C)CN([C@@H](C)CO)C(=O)c2cc(ccc2O1)NS(=O)(=O)C,0,0.008277,0.017831,0.002100
CN1CCN(CC1)C(=O)C[C@H]1CC[C@H]2[C@@H](COC[C@H](O)CN2S(=O)(=O)c2cccc(c2)Cl)O1,0,0.482912,0.046865,0.018949
COc1ccc(cc1)NC(=O)N(C)C[C@H]1Oc2ccc(cc2C(=O)N(C[C@H]1C)[C@@H](C)CO)NC(=O)Cn1cnnn1,0,0.009803,0.017440,0.004262
COc1ccc(cc1)S(=O)(=O)Nc1cccc2c1O[C@@H](CN(C)Cc1ccc(c(c1)Cl)Cl)[C@@H](C)CN([C@H](C)CO)C2=O,0,0.061502,0.018835,0.003487
CNCCc1ccc(c(c1)O)O,0,0.688137,0.205805,0.156634
Oc1c(Cl)c(Cl)c(Cl)c(Cl)c1Cl,1,0.997205,0.372168,0.141387
COc1ccccc1C#Cc1cnc2c(c1)C(=O)N(C[C@H](C)[C@H](CN(C)S(=O)(=O)c1cn(cn1)C)O2)[C@@H](C)CO,0,0.018017,0.017405,0.002150
COc1ccc(cc1)CN(C)C[C@@H]1OCCCC[C@@H](C)Oc2ccc(cc2C(=O)N(C[C@@H]1C)[C@@H](C)CO)NC(=O)NC1CCCCC1,0,0.040195,0.016381,0.003661
NC1=NC(=O)c2ncn(c2N1)[C@H]1C[C@H](O)[C@@H](COP(=O)(O)O[C@H]2C[C@@H](O[C@@H]2CO)N2C=NC(=NC2=O)N)O1,0,0.000102,0.449714,0.247265
CCC(C)(C)C(=O)C(=O)N1CCCC[C@H]1C(=O)O[C@H](CCc1ccc(c(c1)OC)OC)c1ccc(cc1)NC(=O)C=C,0,0.496760,0.076061,0.045757
C[C@H]1CN([C@@H](C)CO)C(=O)c2cc(cnc2O[C@@H]1CN(C)Cc1ccc(cc1)-c1ccccc1)-c1cccnc1,0,0.065305,0.023844,0.003840
COc1ccc(cc1)S(=O)(=O)Nc1ccc2c(c1)CC(=O)N(C[C@@H](C)[C@H](CN(C)C(=O)Nc1c(noc1C)C)O2)[C@@H](C)CO,0,0.006267,0.017394,0.002428
OC[C@@H]1O[C@H](CCNC(=O)CN2CCOCC2)CC[C@@H]1NS(=O)(=O)c1ccc(cc1)Cl,0,0.014619,0.030989,0.013261
C[C@@H]1CCCCO[C@@H](CN(C)C(=O)Nc2ccc(cc2)C(F)(F)F)[C@@H](C)CN([C@H](C)CO)C(=O)c2cc(ccc2O1)NC(=O)Nc1c(noc1C)C,0,0.416918,0.031669,0.016967
COc1cc(ccc1O)[C@@H](O)[C@@H](CO[C@@H]1O[C@H](CO)[C@@H](O)[C@H](O)[C@H]1O)Oc1ccc(cc1OC)/C=C/CO,0,0.415187,0.150152,0.028508
COc1ccc(cc1)NC(=O)Nc1ccc2c(c1)C(=O)N(C[C@H](C)[C@H](CN(C)Cc1ccc(c(c1)Cl)Cl)OCCCC[C@H](C)O2)[C@H](C)CO,0,0.091687,0.028460,0.003696
CC(C)C[C@@H](N)C(=O)N[C@@H]1[C@H](O)c2ccc(c(c2)Cl)Oc2cc3cc(c2O[C@@H]2O[C@H](CO)[C@@H](O)[C@H](O)[C@H]2O[C@H]2C[C@](C)(N)[C@H](O)[C@H](C)O2)Oc2ccc(cc2Cl)[C@@H](O)[C@@H]2NC(=O)[C@H](NC(=O)[C@@H]3NC(=O)[C@H](CC(=O)N)NC1=O)c1ccc(c(c1)-c1c(cc(cc1[C@H](NC2=O)C(=O)O)O)O)O,1,0.925456,0.946954,0.990784
C[C@H]1CN([C@@H](C)CO)C(=O)c2cc(ccc2O[C@H]1CN(C)C(=O)Nc1ccc(cc1)F)NS(=O)(=O)C,0,0.225824,0.019776,0.004935
COc1ccc2c(C)cc(=O)oc2c1,0,0.290208,0.039960,0.023736
C[C@H]1CCCCO[C@@H](CN(C)C(=O)Nc2c(noc2C)C)[C@@H](C)CN([C@H](C)CO)C(=O)c2cc(ccc2O1)NC(=O)Nc1ccc2c(c1)OCO2,0,0.008204,0.020677,0.002414
C[C@H]1CN([C@@H](C)CO)C(=O)Cc2cc(ccc2O[C@H]1CN(C)S(=O)(=O)c1cn(cn1)C)NC(=O)Cn1cnnn1,0,0.001167,0.019122,0.002565
C[C@H]1CN([C@H](C)CO)C(=O)c2cccc(c2O[C@H]1CN(C)Cc1ccc(c(c1)Cl)Cl)NC(=O)NC1CCCCC1,0,0.313734,0.023323,0.007915
COc1ccc(cc1)S(=O)(=O)Nc1cccc2c1O[C@@H](CN(C)C(=O)Nc1cccc3ccccc13)[C@@H](C)CN([C@@H](C)CO)C2=O,0,0.013535,0.018097,0.002997
C[C@@H]1CN([C@H](C)CO)C(=O)Cc2cc(ccc2O[C@@H]1CN(C)S(=O)(=O)C)NS(=O)(=O)c1ccccc1,0,0.001799,0.017463,0.003019
C[C@@H]1CN([C@@H](C)CO)C(=O)Cc2cc(ccc2O[C@H]1CN(C)S(=O)(=O)c1cn(cn1)C)NS(=O)(=O)C,0,0.008482,0.017325,0.002949
C[C@@H]1CCCCO[C@H](CN(C)C(=O)c2ccccc2)[C@H](C)CN([C@@H](C)CO)C(=O)c2cc(ccc2O1)NC(=O)Nc1c(noc1C)C,0,0.005000,0.017277,0.001847
C[C@H]1CN([C@H](C)CO)S(=O)(=O)c2ccc(cc2O[C@@H]1CN(C)C(=O)Nc1cccc(c1)F)C#CC1(O)CCCC1,0,0.091011,0.022500,0.005093
CC[C@@H](C)[C@@H]1N[C@@H]2C=Cc3c(cc(nc3[C@H]2O)C(=O)O[C@H](C)[C@@H]2NC(=O)c3csc(n3)[C@@H](NC(=O)[C@H]3CSC(=N3)C(=CC)NC(=O)[C@@H](NC(=O)c3csc(n3)[C@]3(CCC(=N[C@H]3c3csc2n3)c2nc(cs2)C(=O)NC(=C)C(=O)NC(=C)C(=O)N)NC(=O)[C@H](C)NC(=O)C(=C)NC(=O)[C@H](C)NC1=O)[C@@H](C)O)C(C)(O)[C@@H](C)O)[C@H](C)O,0,0.179505,0.547165,0.240312
CC1=NCCc2c1[nH]c1cc(O)ccc21.Cl.O.O,0,0.000094,0.423188,0.288367
C[C@H]1CN([C@H](C)CO)C(=O)c2cccc(c2O[C@H]1CN(C)S(=O)(=O)c1c(noc1C)C)NS(=O)(=O)c1cn(cn1)C,0,0.027712,0.017561,0.003660
CO[C@H]1CN(C)C(=O)c2ccc(cc2OC[C@H](C)N(C[C@@H]1C)C(=O)C1CCOCC1)NC(=O)CC(F)(F)F,0,0.072791,0.299420,0.075670
C[C@@H]1CN([C@@H](C)CO)C(=O)Cc2cc(ccc2O[C@@H]1CN(C)S(=O)(=O)c1cccs1)NC(=O)c1ccncc1,0,0.000759,0.017475,0.001889
COc1ccc(cc1)NC(=O)Nc1ccc2c(c1)C(=O)N(C[C@@H](C)[C@@H](CN(C)Cc1ccc(cc1)C(F)(F)F)OCCCC[C@H](C)O2)[C@H](C)CO,0,0.182142,0.018445,0.004059
CN1CCN(CC1)C(=O)C[C@H]1CC[C@@H]2[C@H](COC[C@@H](O)CN2CC2CCCC2)O1,0,0.693805,0.104642,0.018524
OC[C@H]1O[C@@H](C[C@H]2[C@@H]1Oc1ccc(cc12)NC(=O)c1ccc2c(c1)OCO2)CC(=O)NCCc1ccccc1,0,0.003901,0.020735,0.007866
OC[C@H]1O[C@H](C[C@H]2[C@@H]1Oc1ccc(cc12)NC(=O)c1ccc2c(c1)OCO2)CC(=O)NCCN1CCCCC1,0,0.027873,0.021687,0.007513
C[C@H]1CN([C@@H](C)CO)C(=O)c2cc(ccc2O[C@@H]1CN(C)C(=O)Nc1c(noc1C)C)NC(=O)Cn1cnnn1,0,0.014441,0.021760,0.005605
C[N+](C)(C)CCCCNC(=O)[C@@H]1C[C@H]2N([C@@H]1c1cccc(c1)OCCO)C(=O)[C@@H]1CCCN1C2=O,0,0.166368,0.041862,0.011846
CCOC(=O)c1c(C)cc(OC)cc1O,0,0.350766,0.119951,0.093780
C[C@@H]1CN([C@H](C)CO)C(=O)c2cc(ccc2O[C@H]1CN(C)C(=O)Nc1ccc(cc1)C(F)(F)F)NC(=O)C1CCCCC1,0,0.617846,0.767195,0.468173
CC[C@@H]1OC[C@@H]2CN(CC[C@H]21)C(=O)CN(C)C,0,0.197586,0.020591,0.004105
C[C@H]1CCCCO[C@@H](CN(C)C(=O)NC2CCCCC2)[C@@H](C)CN([C@H](C)CO)C(=O)c2cc(ccc2O1)NC(=O)c1ccncc1,0,0.004275,0.016642,0.001793
O[C@H]1C2CN3CCN(C2)CC1(C3)c1ccccc1,0,0.200910,0.076482,0.019830
COc1ccc(cc1)CN(C)C[C@@H]1OCCCC[C@H](C)Oc2ccc(cc2C(=O)N(C[C@H]1C)[C@H](C)CO)NS(=O)(=O)c1cccs1,0,0.005875,0.018361,0.002539
C[C@@H]1CCCCO[C@H](CN(C)C(=O)Nc2ccc(cc2)F)[C@H](C)CN([C@H](C)CO)C(=O)c2cc(ccc2O1)NS(=O)(=O)c1c(noc1C)C,0,0.040034,0.017824,0.003338
C[C@@H]1CCCCO[C@H](CN(C)C(=O)C2CCCCC2)[C@@H](C)CN([C@H](C)CO)C(=O)c2cc(ccc2O1)NC(=O)Nc1ccc2c(c1)OCO2,0,0.008445,0.017274,0.002619
CCC[C@@H](O)C#Cc1cnc2c(c1)C(=O)N(C[C@H](C)[C@H](CN(C)S(=O)(=O)c1ccc(cc1)C#N)O2)[C@H](C)CO,0,0.000116,0.017349,0.002846
OC[C@@H]1O[C@@H](CCNC(=O)C2CC2)CC[C@@H]1NS(=O)(=O)c1cccc(c1)F,0,0.137691,0.021207,0.010013
C[C@@H]1CCCCO[C@@H](CN(C)CC2CCCCC2)[C@H](C)CN([C@@H](C)CO)C(=O)c2cc(ccc2O1)NS(=O)(=O)c1ccc(cc1)Cl,0,0.034356,0.017387,0.003833
C[C@H]1CN([C@H](C)CO)C(=O)c2cc(cnc2O[C@@H]1CN(C)C(=O)C)C#CC(C)(C)O,0,0.004978,0.032906,0.008435
C[C@@H]1CCCCO[C@@H](CN(C)C(=O)Cc2ccccc2)[C@H](C)CN([C@@H](C)CO)C(=O)c2cc(ccc2O1)NC(=O)NC1CCCCC1,0,0.002872,0.017257,0.002507
CC(C)NC(=O)Nc1ccc2c(c1)CC(=O)N(C[C@H](C)[C@@H](CN(C)S(=O)(=O)c1ccc(cc1)C)O2)[C@H](C)CO,0,0.011030,0.021135,0.003316
C[C@@H]1CN([C@@H](C)CO)C(=O)c2cc(cnc2O[C@@H]1CN(C)S(=O)(=O)c1ccc(cc1)C)-c1ccncc1,0,0.010844,0.017622,0.002199
COc1ccc(cc1)S(=O)(=O)N[C@H]1CC[C@H](CCNC(=O)CN2CCOCC2)O[C@H]1CO,0,0.004461,0.018756,0.005770
C[C@H]1CN([C@@H](C)CO)C(=O)c2cc(ccc2O[C@H]1CN(C)S(=O)(=O)c1cccs1)NS(=O)(=O)C,0,0.010797,0.017561,0.003944
C[C@H]1CN([C@@H](C)CO)C(=O)c2cc(ccc2O[C@H]1CN(C)Cc1ccncc1)NC(=O)Nc1cccc2ccccc12,0,0.018448,0.017125,0.002856
COc1ccc(cc1)S(=O)(=O)Nc1ccc2c(c1)CC(=O)N(C[C@H](C)[C@H](CN(C)Cc1ccc(cc1)Oc1ccccc1)O2)[C@H](C)CO,0,0.000633,0.019116,0.002706
CC(=CCO)CCC(C)CCCC(C)CCCC(C)C,0,0.065613,0.266389,0.086962
C[C@@H]1CN([C@H](C)CO)C(=O)c2cccc(c2O[C@@H]1CN(C)S(=O)(=O)c1ccccc1)NS(=O)(=O)c1cccs1,0,0.004945,0.018247,0.003546
C[C@H]1CN([C@@H](C)CO)C(=O)c2cc(cnc2O[C@@H]1CN(C)Cc1ccc(cc1)Oc1ccccc1)-c1cccnc1,0,0.007009,0.021170,0.002976
COc1ccc(cc1)NC(=O)Nc1ccc2c(c1)C(=O)N(C[C@H](C)[C@@H](CN(C)C(=O)CCC(F)(F)F)OCCCC[C@@H](C)O2)[C@@H](C)CO,0,0.045382,0.022775,0.004283
C[C@@H]1CCCCO[C@@H](CN(C)C(=O)Nc2ccccc2)[C@H](C)CN([C@H](C)CO)C(=O)c2cc(ccc2O1)NC(=O)Nc1c(noc1C)C,0,0.020955,0.016961,0.002277
CN(C)CC#Cc1ccc(cc1)[C@@H]1[C@H](CO)N2[C@@H]1CN(CC2=O)C(=O)CN(C)C,0,0.649731,0.033107,0.017348
CCCNC(=O)Nc1ccc2c(c1)C(=O)N(C)C[C@H](OC)[C@H](C)CN([C@H](C)CO2)C(=O)C1CCOCC1,0,0.006010,0.021095,0.005959
C[C@@H]1CN([C@H](C)CO)C(=O)c2cc(ccc2O[C@H]1CN(C)C(=O)Nc1ccccc1)NC(=O)CCCCCC(=O)Nc1ccccc1N,0,0.012086,0.018006,0.002218
C[C@H]1CN([C@@H](C)CO)C(=O)Cc2cc(ccc2O[C@H]1CN(C)S(=O)(=O)C)NC(=O)Cn1cnnn1,0,0.001924,0.018598,0.004255
CC[C@@]1(O)C[C@H](O[C@H]2C[C@@H]([C@H](O[C@H]3C[C@H](O)[C@H](O[C@H]4CCC(=O)[C@H](C)O4)[C@H](C)O3)[C@H](C)O2)N(C)C)c2c(c3c(cc2[C@H]1C(=O)OC)C(=O)c1cccc(c1C3=O)O)O,0,0.994002,0.854321,0.669329
C[C@@H]1CCCCO[C@H](CN(C)Cc2ccccc2)[C@@H](C)CN([C@H](C)CO)C(=O)c2cc(ccc2O1)NC(=O)Cc1ccccc1,0,0.003756,0.017462,0.003953
CO[C@H]1CN(C)C(=O)c2ccc(cc2OC[C@@H](C)N(C[C@H]1C)C(=O)CN(C)C)NC(=O)c1ccccc1,0,0.005598,0.021010,0.002973
OC[C@H]1O[C@@H](OC2=C(Oc3cc(cc(c3C2=O)O)O)c2ccc(c(c2)O)O)[C@H](O)[C@@H](O)[C@@H]1O,0,0.188057,0.110766,0.019847
CC(C)NC(=O)N(C)C[C@@H]1Oc2ccc(cc2CC(=O)N(C[C@@H]1C)[C@@H](C)CO)NS(=O)(=O)c1ccc(cc1)F,0,0.012309,0.021578,0.003627
O=C(Cc1ccsc1)N(Cc1ccc2c(c1)OCO2)Cc1cc2cc3c(cc2nc1N1CCOCC1)CCC3,0,0.057785,0.218246,0.237014
COc1ccc(cc1)NC(=O)Nc1ccc2c(c1)C(=O)N(C[C@H](C)[C@@H](CN(C)Cc1ccc3c(c1)OCO3)OCCCC[C@H](C)O2)[C@H](C)CO,0,0.010122,0.016449,0.001932
CN1C(=O)Cc2ccccc2C1=O,0,0.001410,0.031027,0.014717
CC1(C)CN(C[C@]1(C)O)C(=O)Cn1nccn1,0,0.458047,0.069782,0.019772
CC(=O)N1[C@@H]2CN3C(=O)C=CC=C3[C@H]1[C@H]([C@@H]2CO)C(=O)N1CCc2ccccc2C1,0,0.003103,0.025523,0.010409
C[C@H]1CCCCO[C@@H](CN(C)S(=O)(=O)c2cccs2)[C@H](C)CN([C@@H](C)CO)C(=O)c2cc(ccc2O1)NC(=O)Nc1ccccc1,0,0.002387,0.017475,0.001950
C[C@@H]1CN([C@@H](C)CO)C(=O)c2cccc(c2O[C@@H]1CN(C)CC1CC1)NS(=O)(=O)c1cccs1,0,0.019333,0.017360,0.003352
C[C@H]1CN([C@H](C)CO)C(=O)Cc2cc(ccc2O[C@@H]1CN(C)C(=O)Nc1cccc2ccccc12)NC(=O)Cn1cnnn1,0,0.003075,0.017519,0.003444
C[C@H]1CN([C@H](C)CO)C(=O)c2cccc(c2O[C@H]1CN(C)S(=O)(=O)c1ccc(cc1)Cl)NC(=O)c1cc(nn1C)C,0,0.031211,0.017281,0.003184
N#C[C@H]1NCc2cnnn2-c2ccccc21,0,0.001541,0.164909,0.053868
COc1cccc(c1)CNC(=O)c1cc2c(c(n1)-c1cccc(c1)-c1ccncc1)[C@@H](CCO)N(C2)[S@](=O)C(C)(C)C,0,0.151287,0.111009,0.051903
C[C@H]1CN([C@H](C)CO)C(=O)c2cc(ccc2O[C@@H]1CN(C)S(=O)(=O)C)NC(=O)Nc1ccc(cc1)F,0,0.121454,0.022381,0.005106
C[C@@H]1CN([C@H](C)CO)C(=O)c2cccc(c2O[C@@H]1CN(C)C(=O)Nc1cccc2ccccc12)NC(=O)Nc1ccccc1,0,0.035809,0.019173,0.004103
COc1ccc(cc1)S(=O)(=O)N(C)C[C@H]1Oc2ccc(cc2CC(=O)N(C[C@H]1C)[C@H](C)CO)NS(=O)(=O)C,0,0.008550,0.021683,0.004580
C[C@@H]1CN([C@@H](C)CO)C(=O)Cc2cc(ccc2O[C@@H]1CN(C)S(=O)(=O)C)NS(=O)(=O)c1ccc(cc1)Cl,0,0.008124,0.017850,0.003498
COc1ccc(cc1)S(=O)(=O)N1C[C@@H](O)COC[C@H]2O[C@@H](CC[C@@H]21)CC(=O)NCCCN1CCOCC1,0,0.155586,0.026758,0.010415
C[C@H]1CCCCO[C@@H](CN(C)C(=O)CCC(F)(F)F)[C@H](C)CN([C@H](C)CO)C(=O)c2cc(ccc2O1)NC(=O)c1ccccc1,0,0.011146,0.026259,0.004125
NC(=O)[C@@]1(CCS(=O)(=O)c2ccccc2)N=C(O[C@H]1c1ccccc1)c1ccc(cc1)OCCCO,0,0.018334,0.194506,0.119858
OCCCCCCN1[C@@H]2C(=O)N(CC=C[C@@]32O[C@@H]2C=CCOC(=O)[C@@H]2[C@H]3C1=O)c1ccc2ccccc2c1,0,0.109448,0.079358,0.049426
C[C@@H]1CCCCO[C@H](CN(C)Cc2ccccc2)[C@@H](C)CN([C@H](C)CO)C(=O)c2cc(ccc2O1)NC(=O)c1ccccc1,0,0.002253,0.017280,0.002905
COc1ccccc1S(=O)(=O)N[C@H]1C=C[C@@H](CC(=O)N2CCN(C)CC2)O[C@H]1CO,0,0.060501,0.021719,0.006117
C[C@@H]1CN([C@@H](C)CO)C(=O)c2cc(cnc2O[C@H]1CN(C)S(=O)(=O)c1cn(cn1)C)C1=CCCCC1,0,0.007351,0.019635,0.006915
C[C@H]1CN([C@@H](C)CO)C(=O)c2cccc(c2O[C@@H]1CN(C)C(=O)Nc1c(noc1C)C)NS(=O)(=O)C,0,0.133115,0.019067,0.005402
COc1ccccc1CNC(=O)C[C@H]1C[C@H]2[C@H](Oc3ccc(cc32)NC(=O)C2CCOCC2)[C@@H](CO)O1,0,0.122741,0.030875,0.008000
COCCNC(=O)C[C@@H]1CC[C@H]2[C@@H](COC[C@@H](O)CN2C(=O)Nc2ccccc2OC)O1,0,0.529670,0.170816,0.044566
COc1ccc(cc1)NC(=O)N(C)C[C@H]1OCCCC[C@@H](C)Oc2ccc(cc2C(=O)N(C[C@H]1C)[C@@H](C)CO)NC(=O)NC1CCCCC1,0,0.010357,0.016276,0.001928
C[C@@H]1CN([C@H](C)CO)S(=O)(=O)c2ccc(cc2O[C@H]1CN(C)C(=O)Nc1ccc2c(c1)OCO2)C#Cc1cccnc1,0,0.011626,0.018847,0.002467
COc1ccc(cc1)NC(=O)N(C)C[C@H]1OCCCC[C@@H](C)Oc2ccc(cc2C(=O)N(C[C@@H]1C)[C@H](C)CO)NC(=O)NC(C)C,0,0.018296,0.020750,0.002530
C[C@@H]1CCCCO[C@@H](CN(C)S(=O)(=O)c2cccs2)[C@H](C)CN([C@H](C)CO)C(=O)c2cc(ccc2O1)NC(=O)Nc1ccccc1,0,0.002387,0.017475,0.001950
Cc1ccccc1S(=O)(=O)N1C[C@H](O)COC[C@H]2O[C@H](CC[C@@H]21)CC(=O)N1CCC(CC1)Cc1ccccc1,0,0.261516,0.061570,0.014014
CC(=O)C1(O)CCC2C3C=C(Cl)C4=CC(=O)C5CC5C4(C)C3CCC21C,0,0.778477,0.196391,0.046154
C[C@@H]1CCCCO[C@@H](CN(C)C(=O)Nc2ccc(cc2)C(F)(F)F)[C@@H](C)CN([C@H](C)CO)C(=O)c2cc(ccc2O1)NS(=O)(=O)c1cccs1,0,0.085681,0.033110,0.008817
Cc1ccc(cc1)S(=O)(=O)N1C[C@@H](O)COC[C@@H]2O[C@H](CC[C@H]21)CC(=O)N[C@@H]1CCN(C1)Cc1ccccc1,0,0.253254,0.030341,0.009983
O=C1NC(=O)[C@]2(CCc3ccccc32)N1,0,0.015786,0.101359,0.076436
OCCC[C@@H]1CN(CC[C@@H]1N1CCOCC1)CC1=CC(=O)N2C=CC=C(O)C2=N1,0,0.141269,0.120499,0.029791
CO[C@H](CN(C)C(=O)c1ccc2c(c1)OCO2)[C@@H](C)CN([C@H](C)CO)S(=O)(=O)c1ccc(cc1)F,0,0.110971,0.021234,0.005265
C[C@@H]1CN([C@H](C)CO)C(=O)c2cccc(c2O[C@H]1CN(C)C(=O)Nc1ccc2c(c1)OCO2)NC(=O)C1CC1,0,0.007954,0.018816,0.003080
CC(=O)N1CCC[C@@H]1C(=O)O,0,0.006548,0.013248,0.004981
NC(CC(=O)O)C(=O)O,0,0.004721,0.031234,0.015212
CC(C)NC(=O)Nc1cccc2c1O[C@@H](CN(C)C(=O)NC1CCCCC1)[C@@H](C)CN([C@@H](C)CO)C2=O,0,0.054437,0.021399,0.007702
COCC(=O)N(C)C[C@H]1Oc2cc(ccc2S(=O)(=O)N(C[C@H]1C)[C@@H](C)CO)C#C[C@@H](C)O,0,0.057680,0.022000,0.004696
COc1ccc(cc1)CN(C)C[C@H]1Oc2c(cccc2C(=O)N(C[C@H]1C)[C@H](C)CO)NS(=O)(=O)C,0,0.063535,0.018319,0.004337
COc1ccc(cc1)S(=O)(=O)N(C)C[C@@H]1OCCCC[C@H](C)Oc2ccc(cc2C(=O)N(C[C@H]1C)[C@H](C)CO)NC(=O)Nc1ccccc1,0,0.005220,0.017489,0.001664
CCCNC(=O)c1cc2c(c(n1)-c1cccc(c1)-c1cccc(c1)OC)[C@H](CCO)N(C2)[S@@](=O)C(C)(C)C,0,0.198635,0.338942,0.200196
O=C([O-])C(O)C(O)C(O)C(O)C(O)CO.O=C([O-])C(O)C(O)C(O)C(O)C(O)CO.[Ca+2],0,0.000005,0.054749,0.011568
C[C@H]1CCCCO[C@@H](CN(C)C(=O)Nc2ccccc2)[C@@H](C)CN([C@H](C)CO)C(=O)c2cc(ccc2O1)NC(=O)NC1CCCCC1,0,0.012484,0.016584,0.002487
COc1ccc(cc1)-c1cnc2c(c1)C(=O)N(C[C@@H](C)[C@@H](CN(C)C(=O)C1CCOCC1)O2)[C@H](C)CO,0,0.016292,0.017039,0.002593
C[C@@H]1CCCCO[C@H](CN(C)Cc2ccc3c(c2)OCO3)[C@@H](C)CN([C@H](C)CO)C(=O)c2cc(ccc2O1)NC(=O)c1ccccc1,0,0.001803,0.016750,0.002411
COc1cccc(c1)S(=O)(=O)N(C)C[C@H]1OCc2cn(nn2)CCCC(=O)N(C[C@@H]1C)[C@@H](C)CO,0,0.006470,0.021255,0.003276
C[C@@H]1COCCC(=O)N1,0,0.000231,0.015946,0.003885
CN(C)CCCNC(=O)[C@@H]1[C@@H](CO)[C@@H]2CN3C(=O)C(=CC=C3[C@H]1N2C(=O)C1CC1)c1ccncc1,0,0.261505,0.022876,0.010906
NCCCCCNC(=O)[C@@H]1C[C@H]2N([C@@H]1c1cccc(c1)OCCO)C(=O)CNC2=O,0,0.448067,0.044504,0.016533
C[C@H]1CN([C@H](C)CO)C(=O)c2cccc(c2O[C@@H]1CN(C)S(=O)(=O)c1ccc(cc1)Cl)NS(=O)(=O)C,0,0.090307,0.019077,0.004578
C[C@H]1CCCCO[C@@H](CN(C)C(=O)Nc2ccc3c(c2)OCO3)[C@@H](C)CN([C@@H](C)CO)C(=O)c2cc(ccc2O1)NS(=O)(=O)c1ccccc1,0,0.000801,0.017838,0.001745
CC(C)(C)C(=O)Nc1ccccc1F,0,0.397565,0.092589,0.055324
COCCNC(=O)C[C@@H]1CC[C@@H]2[C@H](COc3ccc(cc3C(=O)N2C)NC(=O)Nc2cccc(c2)F)O1,0,0.068676,0.023484,0.010927
CC(=O)Oc1c(C)c(C)c2c(c1C)CCC(C)(CCCC(C)CCCC(C)CCCC(C)C)O2,0,0.994504,0.337484,0.278877
COc1ccc(cc1)CN(C)C[C@@H]1OCCCC[C@@H](C)Oc2ccc(cc2C(=O)N(C[C@@H]1C)[C@H](C)CO)NC(=O)NC(C)C,0,0.034396,0.017149,0.003248
C[C@H]1CN([C@@H](C)CO)C(=O)c2cccc(c2O[C@@H]1CN(C)Cc1ccc(cc1)Oc1ccccc1)NC(=O)Nc1c(noc1C)C,0,0.024769,0.019086,0.003757
C[C@H]1CN([C@H](C)CO)C(=O)c2cccc(c2O[C@@H]1CN(C)C(=O)Nc1ccc(cc1)C(F)(F)F)NC(=O)Nc1c(noc1C)C,0,0.828322,0.900775,0.895561
COc1ccc(cc1)S(=O)(=O)Nc1cccc2c1O[C@H](CN(C)Cc1ccc(cc1)Oc1ccccc1)[C@H](C)CN([C@@H](C)CO)C2=O,0,0.003284,0.019275,0.003170
C[C@@H]1CN([C@@H](C)CO)C(=O)Cc2cc(ccc2O[C@H]1CN(C)S(=O)(=O)c1ccccc1)NC(=O)c1ccncc1,0,0.000966,0.017475,0.001863
C[C@H]1CN([C@H](C)CO)C(=O)c2cc(ccc2O[C@@H]1CN(C)Cc1ccc(c(c1)Cl)Cl)NC(=O)Nc1ccccc1,0,0.175728,0.051220,0.019550
C[C@H]1CN([C@H](C)CO)C(=O)c2cc(cnc2O[C@H]1CN(C)S(=O)(=O)c1cccc(c1)F)C#CCN(C)C,0,0.046244,0.019442,0.005217
C[C@@H]1CCCCO[C@H](CN(C)S(=O)(=O)c2ccc(cc2)F)[C@H](C)CN([C@@H](C)CO)C(=O)c2cc(ccc2O1)NC(=O)Nc1ccccc1,0,0.009718,0.017562,0.001842
C[C@H]1CN([C@@H](C)CO)C(=O)Cc2cc(ccc2O[C@H]1CN(C)S(=O)(=O)c1ccccc1)NS(=O)(=O)c1cccs1,0,0.000935,0.017475,0.002733
COc1ccc(cc1)[Si](C)(C)[C@@H]1[C@@H](C)[C@@]2(O[C@H]1CC(=O)N1Cc3ccccc3C[C@H]1CO)C(=O)N(Cc1cccc(c1)N1CCC1=O)c1ccccc12,0,0.183277,0.157586,0.009302
CCS(=O)(=O)Nc1ccc2c(c1)C(=O)N(C)C[C@@H](OC)[C@@H](C)CN([C@@H](C)CO2)C(=O)c1ccc2c(c1)OCO2,0,0.002922,0.017428,0.002733
C[C@@H]1CN([C@H](C)CO)C(=O)c2cccc(c2O[C@H]1CN(C)S(=O)(=O)C)NC(=O)Nc1ccc(cc1)C(F)(F)F,0,0.596376,0.589535,0.132847
C[C@H]1CN([C@@H](C)CO)C(=O)c2cc(ccc2O[C@H]1CN(C)S(=O)(=O)c1cn(cn1)C)NC(=O)C1CCCCC1,0,0.010823,0.017985,0.003522
COc1cccc(c1)C#Cc1ccc2c(c1)O[C@H](CN(C)S(=O)(=O)c1ccccc1F)[C@H](C)CN([C@@H](C)CO)S2(=O)=O,0,0.037381,0.024144,0.003680
C[C@@H]1CN([C@@H](C)CO)C(=O)c2cccc(c2O[C@@H]1CN(C)S(=O)(=O)c1ccc(cc1)F)NC(=O)c1ccncc1,0,0.028051,0.017564,0.002874
C[C@H]1CN([C@H](C)CO)C(=O)c2cc(ccc2O[C@H]1CN(C)Cc1ccc(c(c1)Cl)Cl)NC(=O)CCC(F)(F)F,0,0.705449,0.084195,0.052328
COc1ccc(cc1)N1C(=O)C[C@H](N2CCCN(CC2)[C@@H]2CC(=O)N(C2=O)c2ccc(cc2)OC)C1=O,0,0.000026,0.096010,0.018679
CN(C(=O)C(Cl)Cl)c1ccc(OC(=O)c2ccco2)cc1,0,0.589831,0.396790,0.244353
Nc1ccc(S(=O)(=O)[O-])cc1.Nc1ccc(S(=O)(=O)[O-])cc1.[Zn+2],0,0.995935,0.104467,0.121188
C[C@H]1CN([C@H](C)CO)S(=O)(=O)c2ccc(cc2O[C@H]1CN(C)S(=O)(=O)c1ccc(cc1)C)C#Cc1ccncc1,0,0.018890,0.023497,0.003140
C[C@@H]1CN([C@H](C)CO)C(=O)c2cccc(c2O[C@@H]1CN(C)Cc1ccc(cc1)C(F)(F)F)NC(=O)Nc1ccc(cc1)F,0,0.852997,0.138400,0.124849
C[C@@H]1O[C@@H](OC(=O)Cc2ccccc2)[C@H](O)[C@H](O)[C@H]1O,0,0.007014,0.073573,0.026599
C[C@H]1CCCCO[C@H](CN(C)Cc2ccc3c(c2)OCO3)[C@H](C)CN([C@@H](C)CO)C(=O)c2cc(ccc2O1)NS(=O)(=O)c1ccc(cc1)F,0,0.007513,0.017898,0.002830
CC(=O)OCC1=C(C(=O)[O-])N2C(=O)C(NC(=O)CCCC(N)C(=O)[O-])C2SC1.[Zn+2],0,0.999635,0.958439,0.924714
C[C@@H]1CN([C@@H](C)CO)C(=O)c2cccc(c2O[C@H]1CN(C)S(=O)(=O)C)NC(=O)c1cnccn1,0,0.052881,0.017879,0.003925
O=C1N(CN2CCOCC2)C(=O)c2cnccc21,0,0.000196,0.032362,0.013459
NC(=O)CC1=NC(=O)CS1,0,0.004199,0.018610,0.009706
COc1ccc(cc1)NC(=O)Nc1cccc2c1O[C@H](CN(C)Cc1ccc(cc1)Oc1ccccc1)[C@@H](C)CN([C@@H](C)CO)C2=O,0,0.010600,0.015890,0.002634
C[C@@H]1CCCCO[C@H](CN(C)C(=O)Nc2ccccc2)[C@H](C)CN([C@H](C)CO)C(=O)c2cc(ccc2O1)NC(=O)c1ccccc1,0,0.001823,0.016664,0.001627
C[N+]1(C)C2CCC1CC(OC(=O)C(CO)c1ccccc1)C2.O=[N+]([O-])[O-],0,0.495506,0.195160,0.091890
O=C(O)C(O)C(O)C(=O)O.OCc1cccnc1,0,0.000590,0.031084,0.026529
CC(C)N1C(=O)[C@]2(Cc3ccccc31)[C@@H](N(Cc1ccccc1Cl)C(=O)c1ccccc12)c1ccc(cc1)CO,0,0.090481,0.259339,0.155887
C[C@H]1CCCCO[C@@H](CN(C)S(=O)(=O)c2ccccc2)[C@@H](C)CN([C@@H](C)CO)C(=O)c2cc(ccc2O1)NS(=O)(=O)C,0,0.003710,0.017512,0.002027
C[C@@H]1CN([C@@H](C)CO)C(=O)Cc2cc(ccc2O[C@H]1CN(C)Cc1ccc(cc1)C(F)(F)F)NC(=O)Cn1cnnn1,0,0.080414,0.072700,0.021029
C[C@H]1CCCCO[C@@H](CN(C)S(=O)(=O)c2ccccc2)[C@@H](C)CN([C@H](C)CO)C(=O)c2cc(ccc2O1)NC(=O)Nc1ccccc1,0,0.002631,0.017817,0.001998
C[C@@H]1CN([C@H](C)CO)C(=O)c2cccc(c2O[C@H]1CN(C)Cc1ccncc1)NS(=O)(=O)c1ccccc1,0,0.005343,0.017521,0.002592
C[C@@H]1CN([C@H](C)CO)C(=O)Cc2cc(ccc2O[C@@H]1CN(C)S(=O)(=O)c1ccc(cc1)C)NS(=O)(=O)c1ccccc1,0,0.000877,0.017513,0.002513
C[C@@H]1CN([C@H](C)CO)C(=O)c2cc(cnc2O[C@@H]1CN(C)S(=O)(=O)C)C#CC1(O)CCCC1,0,0.010822,0.019566,0.004838
OCCc1ccc(s1)C(=O)O,0,0.047860,0.074117,0.031682
C[C@H]1CN([C@@H](C)CO)C(=O)Cc2cc(ccc2O[C@@H]1CN(C)Cc1ccc(cc1)Oc1ccccc1)NC(=O)C1CCCCC1,0,0.011209,0.029868,0.006659
COC1C(O)C(O)C(O)C(O)C1O,0,0.000741,0.059643,0.016978
C[C@@H]1CCCCO[C@H](CN(C)S(=O)(=O)c2ccc(cc2)F)[C@@H](C)CN([C@H](C)CO)C(=O)c2cc(ccc2O1)NC(=O)Nc1ccc(cc1)C(F)(F)F,0,0.278009,0.055779,0.006236
C[C@H]1CCCCO[C@@H](CN(C)Cc2ccc(cc2)C(F)(F)F)[C@H](C)CN([C@@H](C)CO)C(=O)c2cc(ccc2O1)NS(=O)(=O)c1ccccc1,0,0.022196,0.017651,0.003065
Cc1noc(c1C(=O)OCC(=O)NC1CC1)C,0,0.032451,0.033423,0.011340
Fc1ccc(cc1)C(=O)N1c2ccccc2C=Cc2ccccc21,0,0.741852,0.298202,0.079781
NC(=O)Cc1cccc(C(=O)c2ccccc2)c1N,0,0.468101,0.304667,0.192202
C[C@H]1CCCCO[C@@H](CN(C)C(=O)c2ccccc2)[C@@H](C)CN([C@@H](C)CO)C(=O)c2cc(ccc2O1)NC(=O)Nc1ccc(cc1)C(F)(F)F,0,0.142560,0.018226,0.004267
C[C@@H]1CCCCO[C@@H](CN(C)S(=O)(=O)c2ccc(cc2)Cl)[C@H](C)CN([C@H](C)CO)C(=O)c2cc(ccc2O1)NS(=O)(=O)c1ccccc1,0,0.002153,0.017806,0.002269
NNC(=O)c1ccncc1.Nc1ccc(C(=O)O)c(O)c1,0,0.276231,0.081746,0.059137
C[C@H]1CN([C@H](C)CO)C(=O)c2cc(ccc2O[C@@H]1CN(C)S(=O)(=O)c1ccc(cc1)C)NS(=O)(=O)c1c(noc1C)C,0,0.008526,0.017600,0.003601
C[C@H]1CN([C@@H](C)CO)C(=O)c2cccc(c2O[C@@H]1CN(C)Cc1ccncc1)NS(=O)(=O)c1ccc(cc1)F,0,0.023770,0.017361,0.002414
C[C@H]1CCCCO[C@H](CN(C)S(=O)(=O)c2cccs2)[C@H](C)CN([C@H](C)CO)C(=O)c2cc(ccc2O1)NC(=O)Nc1ccc(cc1)C(F)(F)F,0,0.057616,0.028831,0.007577
C[C@H]1CCCCO[C@H](CN(C)Cc2ccc(cc2)C(F)(F)F)[C@H](C)CN([C@@H](C)CO)C(=O)c2cc(ccc2O1)NC(=O)Nc1ccc(cc1)F,0,0.498170,0.020150,0.006275
CCOC(=O)C1=CNNC1=O,0,0.016123,0.057056,0.020262
Cc1ccc(cc1)S(=O)(=O)N1C[C@H](O)COC[C@@H]2O[C@H](CC[C@H]21)CC(=O)N1CCc2ccccc2C1,0,0.055229,0.034510,0.012221
C[C@@H]1CN([C@@H](C)CO)C(=O)CCCn2nncc2CO[C@@H]1CN(C)C(=O)Nc1ccnc(c1)N1CCOCC1,0,0.013442,0.022821,0.004615
COCC#Cc1ccc(cc1)[C@@H]1[C@@H](CO)N2[C@H]1CN(CC2=O)C(=O)c1ccncc1,0,0.155754,0.018815,0.004968
C[C@@H]1CN([C@@H](C)CO)C(=O)c2cc(ccc2O[C@H]1CN(C)Cc1ccc(cc1)C(F)(F)F)NC(=O)Cc1ccccc1,0,0.165131,0.190969,0.078407
OC[C@@H]1O[C@H](CC(=O)N2CCOCC2)C=C[C@@H]1NC(=O)c1ccccn1,0,0.002346,0.019477,0.008480
CO[C@@H]1CN(C)C(=O)c2ccc(cc2OC[C@@H](C)N(C[C@H]1C)Cc1cccc(c1)F)NS(=O)(=O)c1cn(cn1)C,0,0.020627,0.018686,0.003519
CCN1CCN(CC1)c1nc(nn1C)[N+](=O)[O-],0,0.999890,0.154594,0.054775
Cc1nnc(s1)N,0,0.370992,0.078302,0.042820
C[C@@H]1CN([C@@H](C)CO)C(=O)Cc2cc(ccc2O[C@H]1CN(C)CC1CC1)NS(=O)(=O)c1ccc(cc1)C,0,0.008875,0.017772,0.003370
C#CC1(O)CCC2C3CCc4cc(OC5CCCC5)ccc4C3CCC21C,0,0.070793,0.123113,0.109172
C[C@@H]1CN([C@@H](C)CO)C(=O)Cc2cc(ccc2O[C@H]1CN(C)Cc1ccc(cc1)-c1ccccc1)NS(=O)(=O)c1ccc(cc1)Cl,0,0.012248,0.018319,0.002895
c1ccc(CN(CC2=NCCN2)c2ccccc2)cc1,0,0.178302,0.383916,0.315943
CCCC12CNCC(C)(CNC1)C2=O,0,0.943664,0.062308,0.015923
C[C@@H]1CN([C@H](C)CO)C(=O)c2cc(ccc2O[C@H]1CN(C)Cc1ccc(c(c1)Cl)Cl)NC(=O)Nc1ccc(cc1)C(F)(F)F,0,0.902469,0.104269,0.050643
COc1ccc(cc1)S(=O)(=O)Nc1ccc2c(c1)C(=O)N(C[C@H](C)[C@@H](CN(C)S(=O)(=O)c1ccc(cc1)Cl)OCCCC[C@@H](C)O2)[C@H](C)CO,0,0.004385,0.018089,0.002498
ONC(=O)c1ccc(s1)C#C,0,0.189978,0.089662,0.025887
C[C@H]1CN([C@@H](C)CO)C(=O)c2cccc(c2O[C@H]1CN(C)Cc1ccc(cc1)-c1ccccc1)NC(=O)Nc1ccc(cc1)C(F)(F)F,0,0.837863,0.091405,0.030443
Cc1c-2c(nn1C)CSCc1cc(n(n1)C)CSc1cc(c3ccccc3c1)OCCCc1c(n(c3c2c(ccc13)Cl)C)C(=O)O,1,0.996562,0.491971,0.141347
Nc1ncnc2n(cnc12)[C@H]1O[C@H](COP(=O)(O)O)[C@@H](O)[C@H]1O,0,0.000000,0.155592,0.105040
COc1ccc2c3c([nH]c2c1)[C@H](CO)N(C[C@]13CN(CC2CCOCC2)C1)S(=O)(=O)c1cn(cn1)C,0,0.056470,0.022012,0.006366
CN(C)CCCC[C@@H]1NC(=O)[C@@H]2C[C@@H]([C@@H](N2C1=O)c1ccc(cc1)O)C(=O)NCCCCCNC(=O)CS,0,0.000037,0.242240,0.189895
COc1ccc(cc1)S(=O)(=O)N(C)C[C@@H]1Oc2ccc(cc2C(=O)N(C[C@@H]1C)[C@H](C)CO)NC(=O)Cc1ccccc1,0,0.004889,0.018365,0.003065
C[C@@H]1CN([C@H](C)CO)C(=O)Cc2cc(ccc2O[C@H]1CN(C)Cc1ccccc1)NC(=O)Cn1cnnn1,0,0.004623,0.031260,0.006013
C[C@@H]1CCCCO[C@@H](CN(C)C(=O)Nc2c(noc2C)C)[C@@H](C)CN([C@H](C)CO)C(=O)c2cc(ccc2O1)NC(=O)NC1CCCCC1,0,0.032084,0.016823,0.002741
C[C@H]1CN([C@@H](C)CO)S(=O)(=O)c2ccc(cc2O[C@@H]1CN(C)S(=O)(=O)c1ccccc1F)C#Cc1ccccc1,0,0.037154,0.025139,0.005221
CS(=O)(=O)NCc1ncn2c1CN(CCC2)C(=O)[C@H]1CCCO1,0,0.004953,0.033142,0.004399
C[C@H]1CN([C@H](C)CO)C(=O)Cc2cc(ccc2O[C@H]1CN(C)S(=O)(=O)c1cn(cn1)C)NC(=O)Nc1ccc2c(c1)OCO2,0,0.001937,0.017605,0.002006
CC(C)NC(=O)Nc1ccc2c(c1)C(=O)N(C[C@H](C)[C@@H](CN(C)C(=O)Nc1c(noc1C)C)O2)[C@H](C)CO,0,0.051746,0.020168,0.003703
C[C@H]1CN([C@@H](C)CO)C(=O)c2cc(ccc2O[C@H]1CN(C)Cc1ccccc1)NC(=O)CCCN(C)C,0,0.022240,0.019436,0.004556
C[C@H]1CN([C@H](C)CO)C(=O)c2cc(ccc2O[C@H]1CN(C)C(=O)Nc1ccccc1)NS(=O)(=O)c1cn(cn1)C,0,0.034969,0.017500,0.002122
C[C@@H]1CN([C@H](C)CO)C(=O)Cc2cc(ccc2O[C@@H]1CN(C)S(=O)(=O)C)NC(=O)Nc1c(noc1C)C,0,0.018045,0.019434,0.004229
C[C@@H]1CN([C@H](C)CO)C(=O)Cc2cc(ccc2O[C@H]1CN(C)C(=O)Nc1ccc2c(c1)OCO2)NC(=O)c1ccncc1,0,0.001806,0.016960,0.002200
C[C@@H]1CCCCO[C@@H](CN(C)Cc2ccc3c(c2)OCO3)[C@H](C)CN([C@@H](C)CO)C(=O)c2cc(ccc2O1)NC(=O)Nc1ccccc1,0,0.011306,0.016511,0.002516
C[C@@H]1CN([C@H](C)CO)C(=O)c2cccc(c2O[C@H]1CN(C)S(=O)(=O)c1ccc(cc1)F)NC(=O)c1cnccn1,0,0.078063,0.018386,0.003515
COc1ccccc1-c1ccc2c(c1)O[C@H](CN(C)CC1CCOCC1)[C@H](C)CN([C@H](C)CO)S2(=O)=O,0,0.142990,0.024337,0.003600
C[C@@H]1CN([C@H](C)CO)C(=O)Cc2cc(ccc2O[C@H]1CN(C)S(=O)(=O)c1c(noc1C)C)NS(=O)(=O)c1ccc(cc1)Cl,0,0.006940,0.017268,0.002701
C[C@@H]1CN([C@@H](C)CO)C(=O)c2cc(ccc2O[C@@H]1CN(C)Cc1ccccc1)NC(=O)CCCN(C)C,0,0.022240,0.019436,0.004556
Cn1cnc(c1)S(=O)(=O)N[C@@H]1CC[C@H](CC(=O)NCC2CC2)O[C@H]1CO,0,0.025261,0.023038,0.007818
COc1ccc(cc1)NC(=O)Nc1ccc2c(c1)C(=O)N(C[C@H](C)[C@@H](CN(C)Cc1ccc(c(c1)Cl)Cl)O2)[C@@H](C)CO,0,0.157520,0.020249,0.007506
C[C@@H]1CN([C@H](C)CO)C(=O)c2cccc(c2O[C@@H]1CN(C)S(=O)(=O)c1ccc(cc1)F)NS(=O)(=O)c1cccs1,0,0.019754,0.018182,0.004421
COCC(=O)Nc1ccc2c(c1)C(=O)N(C)[C@@H]1CC[C@H](CC(=O)NCc3ccc(cc3)OC)O[C@@H]1CO2,0,0.027261,0.023175,0.006502
C[C@H]1CN([C@@H](C)CO)C(=O)Cc2cc(ccc2O[C@@H]1CN(C)S(=O)(=O)c1ccc(cc1)F)NS(=O)(=O)c1ccc(cc1)C,0,0.004823,0.017404,0.003131
COc1ccc(cc1)S(=O)(=O)N1C[C@H](O)COC[C@@H]2O[C@H](CC[C@H]21)CC(=O)N[C@@H]1CCN(C1)Cc1ccccc1,0,0.204789,0.026195,0.007083
C[C@H]1CN([C@H](C)CO)C(=O)c2cc(cnc2O[C@H]1CN(C)S(=O)(=O)c1ccc(cc1)F)-c1cccc(c1)C(=O)N(C)C,0,0.004087,0.018116,0.002987
O=C(O)CN1C(=O)c2cccc3cccc(c23)C1=O,0,0.005256,0.066135,0.052660
CC1(C)NCS[C@H]1C(=O)O,0,0.096909,0.042569,0.017882
OC[C@@H]1O[C@H](CC[C@H]1NC(=O)CN1CCOCC1)CCn1cc(nn1)C1CCCC1,0,0.492372,0.049707,0.017314
C[C@H]1CN([C@H](C)CO)S(=O)(=O)c2ccc(cc2O[C@H]1CN(C)CC1CCOCC1)C#Cc1cccnc1,0,0.116063,0.019661,0.003132
C[C@@H]1CCCCO[C@H](CN(C)Cc2ccccc2)[C@H](C)CN([C@H](C)CO)C(=O)c2cc(ccc2O1)NC(=O)Cc1ccccc1,0,0.003756,0.017462,0.003953
C[C@@H]1CCCCO[C@H](CN(C)C(=O)Nc2ccc(cc2)F)[C@@H](C)CN([C@H](C)CO)C(=O)c2cc(ccc2O1)NC(=O)CCC(F)(F)F,0,0.269614,0.020280,0.010438
CNC[C@@H]1OCCCC[C@@H](C)Oc2ccc(cc2C(=O)N(C[C@@H]1C)[C@H](C)CO)NC(=O)CCCN(C)C,0,0.014096,0.020914,0.003525
C[C@H]1CN([C@H](C)CO)C(=O)c2cc(ccc2O[C@H]1CN(C)Cc1ccc2c(c1)OCO2)NC(=O)CCN1CCOCC1,0,0.001656,0.016367,0.002624
OC[C@@H]1O[C@H](CC(=O)NCc2cccc(c2)F)C=C[C@H]1NC(=O)CN1CCOCC1,0,0.015712,0.025175,0.017943
C[C@H]1CN([C@H](C)CO)C(=O)c2cccc(c2O[C@H]1CN(C)S(=O)(=O)c1cn(cn1)C)NC(=O)C1CC1,0,0.015942,0.018516,0.002923
C[C@H]1CCCCO[C@H](CN(C)C(=O)CCC(F)(F)F)[C@H](C)CN([C@@H](C)CO)C(=O)c2cc(ccc2O1)NC(=O)c1ccccc1,0,0.011146,0.026259,0.004125
COc1ccc(cc1)S(=O)(=O)N(C)C[C@@H]1OCCCC[C@@H](C)Oc2ccc(cc2C(=O)N(C[C@H]1C)[C@H](C)CO)NC(=O)Nc1cccc2ccccc12,0,0.004550,0.018701,0.002087
C[C@@H]1CCCCO[C@H](CN(C)S(=O)(=O)c2ccccc2)[C@H](C)CN([C@@H](C)CO)C(=O)c2cc(ccc2O1)NC(=O)CCC(F)(F)F,0,0.015256,0.018776,0.002990
CN(C)c1ccc(cc1)[C@@H](CNC(=O)C(=O)N1CCN(CC1)C(=O)C)N1CCOCC1,0,0.056023,0.163772,0.033030
CCOP(=O)(CC(=O)O[C@@H]1[C@@H](COC(=O)NCCCCCC(=O)NO)O[C@H](OC)[C@@H](OC(=O)Nc2ccccc2-c2ccccc2)[C@H]1OC(=O)Nc1ccccc1-c1ccccc1)OCC,0,0.002509,0.085497,0.013456
C[C@H]1CN([C@@H](C)CO)S(=O)(=O)c2ccc(cc2O[C@@H]1CN(C)C(=O)CN(C)C)C#Cc1ccc(cc1)F,0,0.277097,0.328359,0.053850
COc1ccc(cc1)S(=O)(=O)N(C)C[C@@H]1Oc2c(cccc2C(=O)N(C[C@@H]1C)[C@H](C)CO)NS(=O)(=O)c1cn(cn1)C,0,0.018926,0.018593,0.002855
C[C@@H]1CN([C@@H](C)CO)C(=O)Cc2cc(ccc2O[C@@H]1CN(C)C)NS(=O)(=O)C,0,0.011149,0.020048,0.004470
C[C@@H]1CN([C@@H](C)CO)C(=O)Cc2cc(ccc2O[C@H]1CN(C)Cc1ccc(cc1)-c1ccccc1)NC(=O)Nc1ccc(cc1)F,0,0.188363,0.023955,0.005378
C[C@H]1CCCCO[C@H](CN(C)Cc2ccc(c(c2)Cl)Cl)[C@@H](C)CN([C@@H](C)CO)C(=O)c2cc(ccc2O1)NS(=O)(=O)C,0,0.082477,0.019083,0.002545
C[C@@H]1CCCCO[C@@H](CN(C)C(=O)Nc2ccc(cc2)F)[C@H](C)CN([C@H](C)CO)C(=O)c2cc(ccc2O1)NC(=O)C1CCCCC1,0,0.058196,0.019207,0.003694
C[C@H]1CN([C@H](C)CO)C(=O)c2cccc(c2O[C@@H]1CN(C)CC1CC1)NS(=O)(=O)c1cn(cn1)C,0,0.039322,0.018516,0.002633
C[C@@H]1CN([C@@H](C)CO)C(=O)CCCn2cc(nn2)CO[C@@H]1CN(C)S(=O)(=O)c1ccc(cc1)-n1cccn1,0,0.009022,0.019395,0.002724
C[C@@H]1CN([C@H](C)CO)C(=O)c2cc(ccc2O[C@@H]1CN(C)S(=O)(=O)c1c(noc1C)C)NC(=O)NC1CCCCC1,0,0.037548,0.017429,0.004893
C[C@H]1CN([C@H](C)CO)S(=O)(=O)c2ccc(cc2O[C@H]1CN(C)C(=O)Nc1ccc2c(c1)OCO2)C#Cc1cccnc1,0,0.011626,0.018847,0.002467
C[C@@H]1CCCCO[C@@H](CN(C)C(=O)C2CCCCC2)[C@H](C)CN([C@H](C)CO)C(=O)c2cc(ccc2O1)NC(=O)Nc1cccc2ccccc12,0,0.010384,0.016258,0.002759
CO[C@@H]1CN(C)C(=O)c2cc(ccc2OC[C@H](C)N(C[C@@H]1C)C(=O)Nc1c(noc1C)C)NC(=O)Nc1ccc(cc1)Cl,0,0.085658,0.019626,0.005786
C[C@@H]1CNC(=O)CCO1,0,0.000298,0.016606,0.003867
Cc1cccc(c1NC(=O)c1cc(c(cc1O)Cl)S(=O)(=O)N)C,0,0.002298,0.379737,0.085741
O[C@@H]1COC[C@@H]2O[C@@H](CC[C@H]2N(C1)C(=O)Nc1ccc(c(c1)Cl)Cl)CC(=O)NCc1ccc(c(c1)Cl)Cl,0,0.980216,0.853533,0.929658
OC[C@H]1O[C@H](C[C@@H]2[C@H]1Oc1ccc(cc12)NC(=O)Cc1ccncc1)CC(=O)NCc1cc(ccc1F)F,0,0.237417,0.033095,0.010727
COc1ccc2c(c(oc2c1)C)-c1ccc(cc1)Cl,0,0.493459,0.530337,0.268648
C[C@H]1CN([C@H](C)CO)C(=O)Cc2cc(ccc2O[C@@H]1CN(C)CC1CC1)NC(=O)Cn1cnnn1,0,0.011443,0.033678,0.007602
C[C@@H]1CN([C@H](C)CO)C(=O)c2cc(ccc2O[C@H]1CN(C)C(=O)Nc1ccc(cc1)F)NC(=O)CCN1CCOCC1,0,0.021427,0.016708,0.003530
C[C@H]1CCCCO[C@H](CN(C)Cc2ccc(cc2)C(F)(F)F)[C@@H](C)CN([C@@H](C)CO)C(=O)c2cc(ccc2O1)NC(=O)Nc1ccc(cc1)F,0,0.498170,0.020150,0.006275
C[C@@H]1CN([C@@H](C)CO)C(=O)c2c(c3ccccc3n2C)-c2ccccc2CO[C@H]1CN(C)C(=O)N[C@H](C)c1ccccc1,0,0.020657,0.017142,0.003353
NC1(CC1)C(=O)O,0,0.026445,0.031303,0.007463
C[C@@H]1CC=CC[C@@H](NC(=O)[C@@H](Cc2ccccc2)N(C)C(=O)c2ccccc2O1)c1cccc(c1)Cl,0,0.054023,0.098490,0.087888
C[C@H]1CCCCO[C@@H](CN(C)Cc2ccc(cc2)C(F)(F)F)[C@H](C)CN([C@@H](C)CO)C(=O)c2cc(ccc2O1)NC(=O)Cc1ccccc1,0,0.118089,0.015287,0.006067
COc1cc(ccc1OCc1ccc(cc1C(F)(F)F)C(F)(F)F)/C=C(\C#N)C(=O)Nc1nnc(s1)C(F)(F)F,0,0.895029,0.640514,0.454713
C[C@H]1CN([C@@H](C)CO)C(=O)Cc2cc(ccc2O[C@H]1CN(C)S(=O)(=O)c1cn(cn1)C)NC(=O)Nc1c(noc1C)C,0,0.009358,0.017411,0.002305
C[C@H]1CN([C@@H](C)CO)C(=O)Cc2cc(ccc2O[C@H]1CN(C)Cc1ccc(cc1)C(F)(F)F)NC(=O)CCCCCC(=O)Nc1ccccc1N,0,0.103957,0.020448,0.003172
CCS(=O)(=O)Nc1ccc2c(c1)C(=O)N(C)[C@@H]1CC[C@H](CC(=O)NCCOC)O[C@@H]1CO2,0,0.006049,0.017676,0.003550
CCn1nnc2c1NC=NC2=S,0,0.226608,0.031445,0.012048
COc1ccc(cc1)S(=O)(=O)Nc1cccc2c1O[C@@H](CN(C)S(=O)(=O)c1ccc(cc1)OC)[C@H](C)CN([C@@H](C)CO)C2=O,0,0.009045,0.019347,0.003716
C[C@@H]1CCCCO[C@@H](CN(C)S(=O)(=O)c2ccc(cc2)C)[C@H](C)CN([C@H](C)CO)C(=O)c2cc(ccc2O1)NC(=O)Nc1c(noc1C)C,0,0.009843,0.018248,0.002218
C[C@H]1CCCCO[C@H](CN(C)C(=O)c2ccccc2)[C@@H](C)CN([C@@H](C)CO)C(=O)c2cc(ccc2O1)NC(=O)Nc1ccc2c(c1)OCO2,0,0.001334,0.016854,0.001839
C[C@@H]1CN([C@@H](C)CO)C(=O)c2cccc(c2O[C@@H]1CN(C)Cc1ccc(cc1)-c1ccccc1)NC(=O)Nc1ccccc1,0,0.095161,0.018745,0.004928
CCCOc1ccc(cc1C1=Nc2c(cn(c2C(=O)N1)CC)CCC)S(=O)(=O)N1CCN(CCO)CC1,0,0.482342,0.025471,0.006327
C[C@H]1CN([C@@H](C)CO)C(=O)Cc2cc(ccc2O[C@H]1CN(C)S(=O)(=O)c1cn(cn1)C)NS(=O)(=O)c1cccs1,0,0.001268,0.017429,0.002289
C[C@@H]1CN([C@@H](C)CO)C(=O)c2cc(ccc2O[C@@H]1CN(C)CC1CC1)NC(=O)CCN1CCOCC1,0,0.012034,0.018737,0.002762
C[C@@H]1CN([C@@H](C)CO)C(=O)c2ccccc2-c2ccccc2CO[C@@H]1CN(C)C(=O)N[C@H](C)c1ccccc1,0,0.025631,0.020562,0.007293
C[C@@H]1CN([C@H](C)CO)S(=O)(=O)c2ccc(cc2O[C@@H]1CN(C)C(=O)Cc1ccccn1)C#Cc1ccccc1,0,0.008798,0.022995,0.003063
COc1ccc(cc1)S(=O)(=O)N(C)C[C@H]1Oc2ccc(cc2CC(=O)N(C[C@@H]1C)[C@@H](C)CO)NS(=O)(=O)c1ccc(cc1)C,0,0.001616,0.017948,0.002223
COCC(=O)N(C)C[C@@H]1Oc2cc(ccc2S(=O)(=O)N(C[C@@H]1C)[C@H](C)CO)-c1ccc(cc1)C#N,0,0.000374,0.023980,0.003983
C[C@@H]1CCCCO[C@@H](CN(C)S(=O)(=O)c2cccs2)[C@H](C)CN([C@H](C)CO)C(=O)c2cc(ccc2O1)NS(=O)(=O)c1ccc(cc1)Cl,0,0.001594,0.017270,0.002285
COCC#Cc1ccc2c(c1)O[C@@H](CN(C)S(=O)(=O)c1ccc(cc1)F)[C@H](C)CN([C@H](C)CO)S2(=O)=O,0,0.109589,0.019457,0.004256
CC12CCC(=O)C=C1C=CC1C2CCC2(C)C1CCC2(O)CCC(=O)[O-].[K+],0,0.011602,0.573495,0.282288
C/C=C/c1cccc(c1)-c1nc(cc2c1[C@@H](CCO)N(C2)[S@](=O)C(C)(C)C)C(=O)NCc1ccccc1,0,0.113069,0.367419,0.158385
C[C@H]1CN([C@H](C)CO)C(=O)c2cc(ccc2O[C@@H]1CN(C)Cc1ccc(cc1)C(=O)Nc1ccccc1N)NC(=O)Nc1ccc(cc1)C(F)(F)F,0,0.367356,0.031261,0.003915
C[C@H]1CN([C@H](C)CO)C(=O)Cc2cc(ccc2O[C@@H]1CN(C)S(=O)(=O)c1c(noc1C)C)NC(=O)C1CCCCC1,0,0.009385,0.025208,0.005679
C[C@@H]1CN([C@@H](C)CO)C(=O)Cc2cc(ccc2O[C@@H]1CN(C)Cc1ccncc1)NS(=O)(=O)c1cccs1,0,0.001694,0.017460,0.001792
OC(=O)C1=CC(=O)NC(=C1)O,0,0.243739,0.102937,0.038423
C[C@@H]1CN([C@@H](C)CO)S(=O)(=O)c2ccc(cc2O[C@@H]1CN(C)C(=O)C1CCCCC1)-c1cncnc1,0,0.068557,0.021923,0.006778
C[C@H]1CN([C@@H](C)CO)C(=O)c2cccc(c2O[C@H]1CN(C)C(=O)Nc1c(noc1C)C)NC(=O)c1ccncc1,0,0.047026,0.017476,0.004633
CNC[C@@H]1Oc2c(cccc2C(=O)N(C[C@H]1C)[C@@H](C)CO)NS(=O)(=O)c1cn(cn1)C,0,0.075734,0.018072,0.003885
O[C@H]1COC[C@@H]2O[C@@H](CC[C@H]2N(C1)S(=O)(=O)c1ccccc1)CC(=O)NCCN1CCCC1,0,0.291039,0.037856,0.015794
CC(=O)NC(CS)C(=O)O,0,0.000000,0.093213,0.032667
CS(=O)(=O)Nc1ccc2c(c1)[C@@H]1C[C@@H](CC(=O)NCc3ccc(cc3)-c3ccccc3)O[C@@H](CO)[C@@H]1O2,0,0.088503,0.029259,0.007657
OC(=O)CNS(=O)(=O)c1ccccc1,0,0.028621,0.037631,0.008389
C[C@@H]1CN([C@H](C)CO)S(=O)(=O)c2ccc(cc2O[C@@H]1CN(C)Cc1ccccc1)C#CC(C)(C)O,0,0.033069,0.021627,0.005081
COc1ccc(cc1)CNC(=O)C[C@H]1C[C@H]2[C@H](Oc3ccc(cc32)NS(=O)(=O)c2ccc(cc2)F)[C@H](CO)O1,0,0.031135,0.019099,0.006007
O[C@H]1COC[C@@H]2O[C@H](CC[C@H]2N(C1)C(=O)c1cnccn1)CC(=O)NCc1ccc(cc1)Oc1ccccc1,0,0.249275,0.081296,0.034625
CC(C)NC(=O)Nc1ccc2c(c1)C(=O)N(C[C@H](C)[C@@H](CN(C)C(=O)Nc1ccc(cc1)F)OCCCC[C@H](C)O2)[C@H](C)CO,0,0.081398,0.024484,0.004104
COc1ccc(cc1)NC(=O)Nc1ccc2c(c1)C(=O)N(C[C@@H](C)[C@@H](CN(C)Cc1ccc(cc1)C(=O)O)OCCCC[C@@H](C)O2)[C@@H](C)CO,0,0.024512,0.022659,0.001836
COc1ccc2c3c(n(c2c1)C)[C@@H](CO)N(C[C@]13CN(CC2CCOCC2)C1)C(=O)c1ccc(cc1)F,0,0.221510,0.149029,0.090689
C[C@H]1CN([C@H](C)CO)C(=O)Cc2cc(ccc2O[C@@H]1CN(C)Cc1ccc(cc1)Oc1ccccc1)NC(=O)Nc1ccccc1,0,0.007653,0.021282,0.004177
C[C@@H]1CCCCO[C@@H](CN(C)S(=O)(=O)c2ccc(cc2)F)[C@H](C)CN([C@@H](C)CO)C(=O)c2cc(ccc2O1)NC(=O)CCC(F)(F)F,0,0.046146,0.017949,0.005469
C[C@H]1CN([C@H](C)CO)C(=O)Cc2cc(ccc2O[C@@H]1CN(C)S(=O)(=O)c1ccccc1)NC(=O)Nc1c(noc1C)C,0,0.006255,0.018171,0.003045
CCOc1nn(cc1C(=O)O)CC,0,0.064113,0.021123,0.007101
C[C@H]1CN([C@H](C)CO)C(=O)Cc2cc(ccc2O[C@@H]1CN(C)S(=O)(=O)c1c(noc1C)C)NC(=O)Nc1ccc2c(c1)OCO2,0,0.003174,0.016118,0.002308
CN(C)[C@H]1[C@@H]2C[C@@H]3Cc4c(cc(c(c4C(=O)[C@H]3C(=O)[C@]2(O)C(=O)[C@H](C(=O)N)C1=O)O)NC(=O)CN1CCCC1)F,1,0.997005,0.855039,0.865074
O[C@H]1COC[C@@H]2O[C@H](CC[C@H]2N(C1)S(=O)(=O)c1ccc(cc1)F)CC(=O)NCCN1CCCCC1,0,0.725891,0.042167,0.018518
COCC(=O)Nc1ccc2c(c1)C(=O)N(C)[C@H]1CC[C@@H](CC(=O)N3CCc4ccccc4C3)O[C@@H]1CO2,0,0.004370,0.020504,0.004657
CN1CCN(CC1)C(=O)C[C@@H]1CC[C@H]2[C@@H](COC[C@H](O)CN2Cc2ccc(cc2)Oc2ccccc2)O1,0,0.438116,0.032352,0.011285
COc1ccc(cc1)NC(=O)N(C)C[C@@H]1OCCCC[C@@H](C)Oc2ccc(cc2C(=O)N(C[C@H]1C)[C@H](C)CO)NC(=O)NC(C)C,0,0.018296,0.020750,0.002530
O=C(NC[C@@H]1CC[C@H]2NC[C@H]2O1)C1CCCC1,0,0.068915,0.051154,0.011489
C[C@H]1CN([C@@H](C)CO)C(=O)c2cccc(c2O[C@@H]1CN(C)C(=O)Nc1ccc(cc1)F)NC(=O)Nc1ccc(cc1)C(F)(F)F,0,0.936817,0.892895,0.932094
OC[C@H]1O[C@@H](CCNC(=O)CN2CCOCC2)CC[C@@H]1NC(=O)Nc1ccccc1,0,0.020515,0.028234,0.010987
C[C@H]1CN([C@@H](C)CO)C(=O)c2cc(ccc2O[C@H]1CN(C)Cc1ccc(cc1)Oc1ccccc1)NS(=O)(=O)c1ccc(cc1)Cl,0,0.003696,0.020043,0.003988
COc1ccc(cc1)NC(=O)N(C)C[C@@H]1OCCCC[C@@H](C)Oc2ccc(cc2C(=O)N(C[C@@H]1C)[C@H](C)CO)NC(=O)c1ccccc1,0,0.003191,0.016330,0.001538
C[C@H](NC(=O)C[C@H]1CC[C@H](NC(=O)CN2CCOCC2)[C@H](CO)O1)c1ccccc1,0,0.011780,0.023002,0.011491
C[C@H]1CN([C@H](C)CO)C(=O)CCCn2nncc2CO[C@H]1CN(C)S(=O)(=O)c1ccc(cc1)Oc1ccccc1,0,0.002645,0.019572,0.003633
C[C@H]1CCCCO[C@H](CN(C)C(=O)Cc2ccccc2)[C@H](C)CN([C@@H](C)CO)C(=O)c2cc(ccc2O1)NC(=O)c1ccccc1,0,0.000381,0.017264,0.002162
C[C@@H]1CCCCO[C@H](CN(C)Cc2ccc(cc2)C(=O)Nc2ccccc2N)[C@@H](C)CN([C@@H](C)CO)C(=O)c2cc(ccc2O1)N(C)C,0,0.017646,0.018387,0.002987
OC[C@H]1O[C@H](CC(=O)N2CCOCC2)C=C[C@H]1NC(=O)c1ccc2c(c1)OCO2,0,0.003969,0.020133,0.006249
COc1ccc(cc1)CN(C)C[C@@H]1OCCCC[C@H](C)Oc2ccc(cc2C(=O)N(C[C@@H]1C)[C@@H](C)CO)NC(=O)Cc1ccccc1,0,0.007678,0.016157,0.003285
C[C@H]1CCCCO[C@@H](CN(C)S(=O)(=O)c2ccc(cc2)C)[C@H](C)CN([C@H](C)CO)C(=O)c2cc(ccc2O1)NS(=O)(=O)c1ccc(cc1)F,0,0.003658,0.017398,0.002393
NC(=O)C12CC(CN2)C1,0,0.042136,0.035079,0.012059
C[C@@H]1CN([C@@H](C)CO)C(=O)c2cccc(c2O[C@@H]1CN(C)S(=O)(=O)c1ccccc1)NC(=O)C1CC1,0,0.013353,0.017719,0.003451
C[C@H]1CN([C@@H](C)CO)C(=O)Cc2cc(ccc2O[C@@H]1CN(C)S(=O)(=O)c1c(noc1C)C)NS(=O)(=O)c1ccc(cc1)Cl,0,0.006940,0.017268,0.002701
CNC[C@@H]1OCCCC[C@H](C)Oc2ccc(cc2C(=O)N(C[C@H]1C)[C@@H](C)CO)NS(=O)(=O)c1c(noc1C)C,0,0.015851,0.028387,0.004835
C1CCC(CC1)CCn1c(nc2ccccc12)-c1ccco1,0,0.505838,0.398821,0.235441
C[C@@H]1CCCCO[C@@H](CN(C)S(=O)(=O)c2ccc(cc2)C)[C@H](C)CN([C@H](C)CO)C(=O)c2cc(ccc2O1)NS(=O)(=O)c1ccc(cc1)F,0,0.003658,0.017398,0.002393
C[C@@H]1CN([C@@H](C)CO)C(=O)c2c(c3ccccc3n2C)-c2ccccc2CO[C@H]1CN(C)Cc1cccc(c1)F,0,0.066066,0.017188,0.005647
C[C@H]1CCCCO[C@H](CN(C)S(=O)(=O)c2ccc(cc2)Cl)[C@H](C)CN([C@H](C)CO)C(=O)c2cc(ccc2O1)NS(=O)(=O)c1ccc(cc1)C,0,0.004278,0.017445,0.002520
C[C@H]1CN([C@H](C)CO)C(=O)Cc2cc(ccc2O[C@H]1CN(C)Cc1ccc(cc1)C(=O)Nc1ccccc1N)NC(=O)Cn1cnnn1,0,0.002189,0.019185,0.003132
CC(C)C12CN3CCN(CC(C3)C2=O)C1,0,0.536855,0.029857,0.007404
CC(O)CN1CCN(CC(=O)[O-])CCN(CC(=O)[O-])CCN(CC(=O)[O-])CC1.[Gd+3],0,0.000001,0.336341,0.118308
C[C@@H]1CN([C@H](C)CO)C(=O)c2cccc(c2O[C@H]1CN(C)Cc1ccc(cc1)-c1ccccc1)NS(=O)(=O)c1ccc(cc1)F,0,0.054910,0.019804,0.004370
COc1ccc(cc1)CN(C)C[C@H]1Oc2ccc(cc2C(=O)N(C[C@@H]1C)[C@H](C)CO)NC(=O)Cn1cnnn1,0,0.005953,0.018242,0.004424
Nc1nnc([nH]1)SCC(=O)N1CCOCC1,0,0.084621,0.028479,0.010738
C[C@H]1CN([C@@H](C)CO)S(=O)(=O)c2ccc(cc2O[C@@H]1CN(C)C(=O)Cc1cccnc1)-c1cncnc1,0,0.030444,0.019695,0.002868
CO[C@@H]1CN(C)C(=O)c2ccc(cc2OC[C@@H](C)N(C[C@H]1C)C(=O)NC(C)C)NS(=O)(=O)CC(F)(F)F,0,0.051126,0.051675,0.005764
CCNC(=O)C[C@@H]1O[C@H](CO)[C@@H](NC(=O)C2CCOCC2)C=C1,0,0.009897,0.020143,0.007225
C[C@@H]1CN([C@H](C)CO)C(=O)c2cc(ccc2O[C@H]1CN(C)Cc1ccc(cc1)Oc1ccccc1)NC(=O)Nc1ccc(cc1)F,0,0.028160,0.017882,0.007531
CCc1nc2ccc(cn2c1N(C)Cc1ccc(cc1)Cl)C(=O)Nc1cc(ccc1OC)-c1ccccc1,0,0.832947,0.449148,0.397728
CCCNC(=O)N(C)C[C@@H]1Oc2ncc(cc2C(=O)N(C[C@@H]1C)[C@H](C)CO)-c1ccc(cc1)C(=O)N(C)C,0,0.006375,0.015681,0.001992
CC(C)NC(=O)Nc1ccc2c(c1)CC(=O)N(C[C@@H](C)[C@H](CN(C)S(=O)(=O)c1ccc(cc1)F)O2)[C@H](C)CO,0,0.026463,0.023436,0.003926
C[C@@H]1CCCCO[C@H](CN(C)C(=O)NC2CCCCC2)[C@H](C)CN([C@H](C)CO)C(=O)c2cc(ccc2O1)NC(=O)C1CCCCC1,0,0.013837,0.017401,0.003091
O=S1(=O)NCNc2ccccc21,0,0.019620,0.022071,0.004804
OC[C@H]1O[C@@H](CC(=O)N2CCC(CC2)Cc2ccccc2)C=C[C@@H]1NS(=O)(=O)c1ccc(cc1)F,0,0.081384,0.027674,0.010119
C[C@H]1CN([C@H](C)CO)C(=O)c2cc(ccc2O[C@H]1CN(C)C(=O)Nc1c(noc1C)C)NS(=O)(=O)c1c(noc1C)C,0,0.034559,0.022504,0.009015
C[C@H]1CCCCO[C@@H](CN(C)C(=O)Cc2ccccc2)[C@H](C)CN([C@@H](C)CO)C(=O)c2cc(ccc2O1)NS(=O)(=O)c1ccc(cc1)Cl,0,0.001881,0.017410,0.001996
C[C@@H]1CN([C@@H](C)CO)C(=O)c2cc(ccc2O[C@H]1CN(C)C(=O)Nc1ccc2c(c1)OCO2)NC(=O)CCCN(C)C,0,0.008655,0.018370,0.002054
C[C@@H]1CCCCO[C@H](CN(C)C(=O)Nc2ccc(cc2)C(F)(F)F)[C@H](C)CN([C@H](C)CO)C(=O)c2cc(ccc2O1)NS(=O)(=O)C,0,0.355816,0.045636,0.015118
C[C@H](O)C#Cc1cnc2c(c1)C(=O)N(C[C@@H](C)[C@@H](CN(C)C(=O)C)O2)[C@H](C)CO,0,0.008354,0.020103,0.005149
C[C@H]1CCCCO[C@H](CN(C)C(=O)Nc2ccc3c(c2)OCO3)[C@H](C)CN([C@H](C)CO)C(=O)c2cc(ccc2O1)NS(=O)(=O)c1ccc(cc1)C,0,0.001670,0.018623,0.001831
COc1ccc(cc1OC)C#Cc1cnc2c(c1)C(=O)N(C[C@H](C)[C@H](CN(C)S(=O)(=O)c1cccs1)O2)[C@H](C)CO,0,0.005924,0.017326,0.002494
C[C@H]1CCCCO[C@@H](CN(C)Cc2ccc3c(c2)OCO3)[C@@H](C)CN([C@@H](C)CO)C(=O)c2cc(ccc2O1)NC(=O)Cc1ccccc1,0,0.003560,0.016457,0.003317
Cc1ccccc1/C=C(\CCC(=O)O)c1nc2ccccc2s1,0,0.586968,0.279233,0.263966
C[C@@H]1CN([C@@H](C)CO)C(=O)Cc2cc(ccc2O[C@@H]1CN(C)S(=O)(=O)c1c(noc1C)C)NS(=O)(=O)c1c(noc1C)C,0,0.004356,0.025117,0.004539
C[C@@H]1CCCCO[C@@H](CN(C)C(=O)Nc2ccc3c(c2)OCO3)[C@@H](C)CN([C@H](C)CO)C(=O)c2cc(ccc2O1)NC(=O)CCCCCC(=O)Nc1ccccc1N,0,0.002766,0.020622,0.002290
COC(=O)[C@H](Cc1ccccc1)N1CC(=C[C@@H]1[C@@H](O)CCn1cc(nn1)-c1ccc(cc1)C(=O)NO)/C=C/C1CC1,0,0.412417,0.025080,0.010385
O=c1n(Cl)c(=O)n(Cl)c(=O)n1Cl,0,0.999481,0.346592,0.073330
O[C@H]1CN[C@@H]2CC[C@@H](CC(=O)NCCN3CCCC3)O[C@H]2COC1,0,0.444007,0.024165,0.010728
COc1ccc2c3c([nH]c2c1)[C@H](CO)N(C[C@]13CN(C1)S(=O)(=O)C)C(=O)C1CCOCC1,0,0.009640,0.019140,0.006216
OCc1ccccc1,0,0.032914,0.127720,0.035273
C[C@@H]1CN([C@@H](C)CO)C(=O)c2cccc(c2O[C@H]1CN(C)C(=O)Nc1cccc2ccccc12)NS(=O)(=O)c1ccc(cc1)C,0,0.014201,0.023267,0.003369
CC1=NC(=O)C2=C(CCSC2)N1,0,0.049646,0.036759,0.006010
C[C@@H]1CCCCO[C@@H](CN(C)S(=O)(=O)c2ccccc2)[C@@H](C)CN([C@H](C)CO)C(=O)c2cc(ccc2O1)NC(=O)CCCCCC(=O)Nc1ccccc1N,0,0.000859,0.018580,0.001710
C[C@H]1CCCCO[C@H](CN(C)S(=O)(=O)C)[C@H](C)CN([C@H](C)CO)C(=O)c2cc(ccc2O1)NS(=O)(=O)c1cn(cn1)C,0,0.010835,0.017806,0.002666
CC12CCC3c4ccc(OC(=O)c5ccccc5)cc4CCC3C1CCC2O,0,0.146096,0.205410,0.114443
C[C@H]1CCCCO[C@@H](CN(C)Cc2ccc(cc2)C(F)(F)F)[C@H](C)CN([C@H](C)CO)C(=O)c2cc(ccc2O1)NC(=O)Nc1ccccc1,0,0.245088,0.017957,0.004716
C[C@@H]1CCCCO[C@@H](CN(C)C(=O)Nc2ccccc2)[C@H](C)CN([C@@H](C)CO)C(=O)c2cc(ccc2O1)NC(=O)Cc1ccccc1,0,0.003255,0.016494,0.001914
C[C@@H](O)C#Cc1cnc2c(c1)C(=O)N(C[C@@H](C)[C@@H](CN(C)C(=O)CN1CCOCC1)O2)[C@@H](C)CO,0,0.004375,0.030768,0.008997
C[C@@H]1CN([C@@H](C)CO)C(=O)c2cc(cnc2O[C@@H]1CN(C)C(=O)C1CCOCC1)C#Cc1ccccc1F,0,0.032742,0.018740,0.005659
COc1ccc(cc1)NC(=O)N(C)C[C@H]1OCCCC[C@@H](C)Oc2ccc(cc2C(=O)N(C[C@H]1C)[C@H](C)CO)NS(=O)(=O)c1c(noc1C)C,0,0.007543,0.017429,0.002201
CC(C)(C)C1=C(C1=O)C(C)(C)C,0,0.495715,0.067037,0.039820
COc1ccc(cc1)S(=O)(=O)N(C)C[C@@H]1OCCCC[C@@H](C)Oc2ccc(cc2C(=O)N(C[C@@H]1C)[C@@H](C)CO)NC(=O)C1CCCCC1,0,0.004785,0.017870,0.002350
C[C@@H]1CCCCO[C@@H](CN(C)C(=O)c2ccccc2)[C@@H](C)CN([C@H](C)CO)C(=O)c2cc(ccc2O1)NC(=O)Nc1ccccc1,0,0.002757,0.017219,0.001707
C[C@H]1CN([C@@H](C)CO)C(=O)Cc2cc(ccc2O[C@@H]1CN(C)S(=O)(=O)c1ccc(cc1)Cl)NC(=O)Nc1ccc(cc1)C(F)(F)F,0,0.298006,0.024489,0.004021
C[C@@H]1CN([C@@H](C)CO)C(=O)c2cccc(c2O[C@H]1CN(C)Cc1ccc(c(c1)Cl)Cl)NC(=O)C1CCCCC1,0,0.240558,0.028326,0.008319
O[C@@H]1COC[C@@H]2O[C@@H](CC[C@H]2N(C1)CC1CCOCC1)CC(=O)N1CCOCC1,0,0.099376,0.029904,0.014609
COc1ccc(cc1)CN(C)C[C@@H]1Oc2c(cccc2C(=O)N(C[C@@H]1C)[C@H](C)CO)NC(=O)c1cc(nn1C)C,0,0.017641,0.017821,0.003180
C[C@H]1CN([C@@H](C)CO)S(=O)(=O)c2ccc(cc2O[C@@H]1CN(C)CC1CCOCC1)C#Cc1cccnc1,0,0.116063,0.019661,0.003132
COCC#Cc1ccc2c(c1)O[C@H](CN(C)Cc1ccccc1F)[C@H](C)CN([C@H](C)CO)S2(=O)=O,0,0.098516,0.020624,0.004427
C[C@@H]1CN([C@H](C)CO)C(=O)c2cc(ccc2O[C@H]1CN(C)C(=O)Nc1ccc2c(c1)OCO2)NC(=O)CCN1CCOCC1,0,0.001306,0.016493,0.002454
CC(=O)Nc1nnc(o1)-c1ccno1,0,0.218304,0.081837,0.033435
C[C@@H]1CN([C@H](C)CO)C(=O)c2cccc(c2O[C@@H]1CN(C)CC1CC1)NS(=O)(=O)c1cn(cn1)C,0,0.039322,0.018516,0.002633
C[C@@H]1CN([C@H](C)CO)C(=O)c2cccc(c2O[C@H]1CN(C)Cc1ccc(cc1)C(=O)O)NC(=O)C1CC1,0,0.060170,0.056976,0.012245
OC[C@H]1O[C@H](CC[C@H]1NS(=O)(=O)c1ccccc1F)CC(=O)NCCCN1CCOCC1,0,0.055741,0.025168,0.010548
C[C@@H]1CCCCO[C@@H](CN(C)S(=O)(=O)c2ccc(cc2)Cl)[C@@H](C)CN([C@H](C)CO)C(=O)c2cc(ccc2O1)NC(=O)C1CCCCC1,0,0.012216,0.017445,0.002894
C[C@@H]1CN([C@@H](C)CO)S(=O)(=O)c2ccc(cc2O[C@@H]1CN(C)C(=O)NC1CCCCC1)-c1cccnc1,0,0.067164,0.023928,0.003696
CCNC(=O)CC[C@@H](N)C(=O)O,0,0.003059,0.021645,0.007447
C[C@@H]1CN([C@H](C)CO)S(=O)(=O)c2ccc(cc2O[C@H]1CN(C)C(=O)CN1CCOCC1)/C=C/c1ccccc1,0,0.004120,0.020799,0.003713
C[C@H]1CCCCO[C@H](CN(C)C)[C@H](C)CN([C@@H](C)CO)C(=O)c2cc(ccc2O1)NC(=O)CCCN(C)C,0,0.015700,0.017635,0.003809
C[C@@H]1CN([C@@H](C)CO)C(=O)c2cccc(c2O[C@@H]1CN(C)S(=O)(=O)c1ccc(cc1)C)NS(=O)(=O)C,0,0.049913,0.017645,0.003949
CC(C)(C)OC(=O)C[C@@H](CC=C)C(=O)OCCNC(=O)[C@@H](CC=C)CC(=O)N[C@@H](CO)Cc1ccccc1,0,0.002009,0.050769,0.008539
O=C1NC(=O)C2=CNNC2=N1,0,0.641389,0.047401,0.021117
C[C@@H]1CN([C@H](C)CO)C(=O)Cc2cc(ccc2O[C@H]1CN(C)S(=O)(=O)c1cn(cn1)C)NS(=O)(=O)c1ccccc1,0,0.000925,0.017429,0.002028
CC(=O)OC[C@]12CCC(=C[C@H]1O[C@@H]1[C@H](O)[C@@H](OC(=O)C)[C@@]2(C)[C@@]21CO2)C,0,0.029240,0.256453,0.128994
C[C@@H]1CCCCO[C@@H](CN(C)C(=O)c2ccccc2)[C@H](C)CN([C@H](C)CO)C(=O)c2cc(ccc2O1)NC(=O)Nc1ccccc1,0,0.002757,0.017219,0.001707
C[C@@H]1CN([C@@H](C)CO)C(=O)c2cccc(c2O[C@@H]1CN(C)Cc1ccc(cc1)Oc1ccccc1)NC(=O)Nc1ccc(cc1)C(F)(F)F,0,0.442182,0.070919,0.029149
C[C@@H]1CCCCO[C@H](CN(C)C(=O)c2ccncc2)[C@@H](C)CN([C@H](C)CO)C(=O)c2cc(ccc2O1)NS(=O)(=O)c1ccc(cc1)Cl,0,0.002322,0.017558,0.001741
COc1ccc(cc1)NC(=O)N(C)C[C@H]1Oc2ccc(cc2C(=O)N(C[C@@H]1C)[C@@H](C)CO)NC(=O)Cn1cnnn1,0,0.009803,0.017440,0.004262
C[C@H]1CN([C@@H](C)CO)C(=O)CCCn2cc(nn2)CO[C@@H]1CN(C)C(=O)Nc1ccnc(c1)N1CCOCC1,0,0.031376,0.023751,0.004622
C[C@@H]1CCCCO[C@H](CN(C)C(=O)CCC(F)(F)F)[C@H](C)CN([C@@H](C)CO)C(=O)c2cc(ccc2O1)NS(=O)(=O)c1cccs1,0,0.011592,0.021759,0.005139
OC[C@H](Cc1ccccc1)NC(=O)C[C@H](CC=C)C(=O)NC[C@H](OC(=O)[C@@H](CCC=C)Cc1ccc(cc1)F)c1ccccc1,0,0.020917,0.042207,0.011569
CN1[C@H]2CC[C@@H](CC(=O)N3CCOCC3)O[C@@H]2COc2ccc(cc2C1=O)NC(=O)c1ccc(c(c1)F)F,0,0.014939,0.149038,0.059103
C[C@H]1CN([C@H](C)CO)C(=O)c2cc(cnc2O[C@H]1CN(C)S(=O)(=O)c1ccccc1)Br,0,0.018815,0.018197,0.004180
C[C@@H]1CN([C@@H](C)CO)C(=O)c2cccc(c2O[C@H]1CN(C)Cc1ccc(c(c1)Cl)Cl)NC(=O)c1nc2ccccc2s1,0,0.028577,0.021194,0.005416
OCc1c[nH]c2ccccc12,0,0.040146,0.073782,0.032659
C[C@H]1CN([C@H](C)CO)C(=O)c2cc(ccc2O[C@@H]1CN(C)C(=O)NC1CCCCC1)NC(=O)CCCN(C)C,0,0.017956,0.017222,0.003802
C[C@H]1CCCCO[C@@H](CN(C)Cc2ccccc2)[C@H](C)CN([C@H](C)CO)C(=O)c2cc(ccc2O1)NS(=O)(=O)c1ccc(cc1)C,0,0.003645,0.018650,0.002573
COc1ccccc1-c1ccc2c(c1)O[C@H](CN(C)S(=O)(=O)c1ccccc1)[C@H](C)CN([C@@H](C)CO)S2(=O)=O,0,0.012662,0.018400,0.003629
COCC#Cc1cnc2c(c1)C(=O)N(C[C@@H](C)[C@@H](CN(C)S(=O)(=O)c1cccc(c1)OC)O2)[C@@H](C)CO,0,0.021811,0.019698,0.002929
C[C@H]1CN([C@H](C)CO)C(=O)c2cc(ccc2O[C@@H]1CN(C)S(=O)(=O)c1cccs1)NC(=O)c1ccncc1,0,0.001902,0.017475,0.001958
CCCC(=O)O[C@H]1CN2CC[C@H](O)[C@@H]2[C@@H](O)[C@@H]1O,0,0.002589,0.092508,0.036861
C[C@H]1CCCCO[C@H](CN(C)S(=O)(=O)c2cccs2)[C@H](C)CN([C@H](C)CO)C(=O)c2cc(ccc2O1)NS(=O)(=O)C,0,0.002914,0.017429,0.002514
C[C@H]1CN([C@@H](C)CO)C(=O)c2cc(ccc2O[C@H]1CN(C)S(=O)(=O)c1cccs1)NC(=O)Nc1cccc2ccccc12,0,0.005592,0.017338,0.002839
C[C@@H]1CCCCO[C@@H](CN(C)C(=O)Nc2ccccc2)[C@@H](C)CN([C@H](C)CO)C(=O)c2cc(ccc2O1)NC(=O)Nc1ccc2c(c1)OCO2,0,0.007870,0.016530,0.002186
CC(C)NCC(O)COc1cccc2[nH]ccc12,0,0.108725,0.059467,0.031918
N.C[C@@H](O)C(=O)O,0,0.000025,0.050871,0.014079
COc1ccc(cc1)NC(=O)N(C)C[C@@H]1Oc2c(cccc2C(=O)N(C[C@@H]1C)[C@@H](C)CO)NC(=O)Nc1cccc2ccccc12,0,0.046941,0.017510,0.003971
OC(=O)CCCC[C@@H]1SC[C@@H]2NC(=O)N[C@@H]21,0,0.032883,0.034988,0.020771
CCCCOCCOc1ccc(cc1)-c1ccc2c(c1)/C=C(\CCCN2CC(C)C)C(=O)Nc1ccc(cc1)[S@@](=O)Cc1cncn1CCC,0,0.855483,0.220506,0.076889
C[C@H]1CN([C@@H](C)CO)C(=O)CCCn2cc(nn2)CO[C@H]1CN(C)C(=O)Nc1cccc2ccccc12,0,0.046620,0.028594,0.004423
CN1CCN(CC1)C(=O)C[C@@H]1CC[C@H]2[C@@H](COC[C@@H](O)CN2Cc2ccc3c(c2)OCO3)O1,0,0.458251,0.022109,0.008907
C[C@@H]1CN([C@H](C)CO)C(=O)c2c(c3ccccc3n2C)-c2ccccc2CO[C@H]1CN(C)Cc1ccc(cc1)O,0,0.033294,0.025572,0.004615
C[C@@H]1CCCCO[C@H](CN(C)C(=O)CCCN(C)C)[C@@H](C)CN([C@@H](C)CO)C(=O)c2cc(ccc2O1)NC(=O)Nc1ccc(cc1)F,0,0.045098,0.017517,0.002330
COc1ccc(cc1)S(=O)(=O)N(C)C[C@@H]1Oc2ccc(cc2CC(=O)N(C[C@H]1C)[C@H](C)CO)NC(=O)Nc1c(noc1C)C,0,0.010212,0.017561,0.002659
COc1ccc(cc1)S(=O)(=O)N(C)C[C@@H]1OCCCC[C@@H](C)Oc2ccc(cc2C(=O)N(C[C@@H]1C)[C@H](C)CO)NC(=O)Nc1ccc2c(c1)OCO2,0,0.002382,0.017776,0.001882
Oc1ccc(cc1)[C@H]1N2[C@@H]([C@@H](C(=O)NCC=C)[C@]11C(=O)Nc3ccc(cc31)C#CC1=CCCCC1)C(=O)O[C@@H]([C@@H]2c1ccccc1)c1ccccc1,0,0.586766,0.150972,0.160034
C[C@H]1CCCCO[C@@H](CN(C)C(=O)Cc2ccccc2)[C@@H](C)CN([C@@H](C)CO)C(=O)c2cc(ccc2O1)NC(=O)CCC(F)(F)F,0,0.038836,0.014886,0.007711
COc1ccc(cc1)S(=O)(=O)N(C)C[C@H]1Oc2c(cccc2C(=O)N(C[C@H]1C)[C@@H](C)CO)NS(=O)(=O)C,0,0.036122,0.018627,0.003777
C[C@H]1CN([C@H](C)CO)S(=O)(=O)c2ccc(cc2O[C@@H]1CN(C)Cc1ccccn1)C#CCN(C)C,0,0.025514,0.021261,0.003503
C[C@@H]1CN([C@@H](C)CO)C(=O)c2cc(ccc2O[C@H]1CN(C)Cc1ccc(c(c1)Cl)Cl)NC(=O)Nc1c(noc1C)C,0,0.235176,0.020931,0.008518
C[C@@H]1CN([C@H](C)CO)C(=O)c2cc(ccc2O[C@H]1CN(C)Cc1ccc2c(c1)OCO2)NS(=O)(=O)c1c(noc1C)C,0,0.003309,0.017332,0.004150
O=C(Nc1ccc(cc1)-c1nc2ccc(cc2[nH]1)NC(=O)c1ccc(cc1)NC(=O)c1cccc2ccccc12)c1ccc(cc1)NC(=O)c1cccc2ccccc12,0,0.004671,0.101481,0.018595
C[C@@H]1CN([C@H](C)CO)C(=O)c2cc(cnc2O[C@H]1CN(C)C(=O)C1CCCCC1)C#CC1(O)CCCC1,0,0.018270,0.038110,0.017789
C[C@H](O)C1=NC(=O)c2ccccc2N1,0,0.104837,0.065520,0.048175
NC(=O)NS(=O)(=O)c1ccc(cc1)N,0,0.081808,0.036410,0.005917
NC(=N)NCCC(=O)O,0,0.000813,0.024731,0.015027
O[C@@H]1COC[C@H]2O[C@H](CC[C@@H]2N(C1)S(=O)(=O)c1ccccc1)CC(=O)N1CCOCC1,0,0.023558,0.040867,0.012700
COc1ccc(cc1)OCc1c(nnn1CC(=O)NS(=O)(=O)c1ccc(cc1F)F)-c1ccccc1,0,0.173734,0.145278,0.044091
COc1cccc(c1)NC(=O)N[C@@H]1C=C[C@H](CC(=O)N2CCN(C)CC2)O[C@H]1CO,0,0.064375,0.043608,0.010340
C[C@H]1CN([C@@H](C)CO)C(=O)c2cc(ccc2O[C@@H]1CN(C)C(=O)Nc1ccc(cc1)F)NC(=O)Nc1cccc2ccccc12,0,0.087669,0.018450,0.006636
C[C@H]1CN([C@H](C)CO)C(=O)c2cc(ccc2O[C@@H]1CN(C)S(=O)(=O)C)NC(=O)Cc1cn(c2ccccc12)C,0,0.007952,0.018402,0.002285
C[C@H]1CN([C@H](C)CO)C(=O)c2cc(cnc2O[C@@H]1CN(C)C(=O)C1CCOCC1)C#Cc1ccccc1F,0,0.032742,0.018740,0.005659
COc1ccc(cc1)NC(=O)Nc1cccc2c1O[C@H](CN(C)S(=O)(=O)c1cn(cn1)C)[C@@H](C)CN([C@@H](C)CO)C2=O,0,0.038899,0.017291,0.002383
O=C1NN(C(=O)C=C1)c1ccccc1,0,0.221660,0.130774,0.086729
O=C(C=Cc1ccccc1)c1ccc(OC2OC(CO)C(O)C(O)C2O)cc1O,0,0.308872,0.197617,0.064653
CCOCCOCCOc1oc(c(c1S(=O)(=O)c1ccc(cc1)Cl)-c1ccc(cc1)Cl)C(=O)NC1CCCCC1,0,0.520584,0.611766,0.547422
C[C@@H]1CN([C@H](C)CO)C(=O)c2cc(ccc2O[C@@H]1CN(C)S(=O)(=O)c1ccccc1)NS(=O)(=O)C,0,0.015781,0.017827,0.003665
C[C@@H]1CN([C@H](C)CO)C(=O)c2cc(ccc2O[C@H]1CN(C)C(=O)Nc1ccc(cc1)F)NC(=O)Nc1ccc(cc1)C(F)(F)F,0,0.891150,0.507413,0.274758
COc1ccc2c3c(n(c2c1)C)[C@@H](CO)N(C[C@]13CN(C1)C(=O)CN1CCOCC1)C(=O)Nc1ccc(cc1)F,0,0.038702,0.113141,0.039105
C1CCC(CC1)Nc1ccccn1,0,0.119145,0.122540,0.088513
O=C(N1[C@@H]2CC[C@H]1CNC2)c1ccco1,0,0.005005,0.032698,0.013377
CN1SC=CC1=O,0,0.033216,0.095480,0.029994
COc1ccccc1C#Cc1ccc2c(c1)O[C@H](CN(C)C(=O)C)[C@H](C)CN([C@@H](C)CO)S2(=O)=O,0,0.036559,0.022373,0.004153
C[C@H]1CN([C@@H](C)CO)C(=O)Cc2cc(ccc2O[C@@H]1CN(C)Cc1ccc(cc1)-c1ccccc1)NC(=O)Nc1ccc(cc1)C(F)(F)F,0,0.475075,0.038893,0.009482
C[C@@H]1CN([C@@H](C)CO)C(=O)Cc2cc(ccc2O[C@@H]1CN(C)S(=O)(=O)c1c(noc1C)C)NC(=O)Cc1cn(c2ccccc12)C,0,0.002736,0.015996,0.002281
CC(C)=CCCC(C)=CCO,0,0.015264,0.093656,0.025619
C[C@@H]1CCCCO[C@@H](CN(C)C(=O)Nc2c(noc2C)C)[C@H](C)CN([C@@H](C)CO)C(=O)c2cc(ccc2O1)NC(=O)Nc1ccccc1,0,0.026441,0.016961,0.002269
C[C@H]1CN([C@H](C)CO)C(=O)CCCn2cc(nn2)CO[C@H]1CN(C)S(=O)(=O)c1ccc(cc1)Oc1ccccc1,0,0.003870,0.022323,0.003396
Cn1cc(cn1)N1C[C@]2(CCN(CCO)C2)CC1=O,0,0.632166,0.050508,0.011104
C[C@H]1CCCCO[C@H](CN(C)C(=O)Cc2ccccc2)[C@@H](C)CN([C@H](C)CO)C(=O)c2cc(ccc2O1)NC(=O)Nc1ccccc1,0,0.003057,0.017131,0.002004
CC(C)(C)CC(C)(C)c1ccc(O)c(Cc2ccc(Cl)cc2Cl)c1,0,0.984635,0.817594,0.807923
C[C@H]1CN([C@H](C)CO)C(=O)c2cc(cnc2O[C@H]1CN(C)S(=O)(=O)c1cn(cn1)C)C#Cc1cccc(c1)F,0,0.037228,0.019021,0.002968
COc1ccc(cc1)NC(=O)N(C)C[C@@H]1Oc2ccc(cc2CC(=O)N(C[C@H]1C)[C@@H](C)CO)NS(=O)(=O)C,0,0.011226,0.018722,0.003141
CC1CC2C3CCC4=CC(=O)C=CC4(C)C3(F)C(O)CC2(C)C1(O)C(=O)COP(=O)([O-])[O-].[Na+].[Na+],0,0.000000,0.531427,0.346412
OC[C@H]1O[C@H](C[C@H]2[C@@H]1Oc1ccc(cc12)NC(=O)Nc1ccc(cc1)C(F)(F)F)CC(=O)NCCc1ccccc1,0,0.590624,0.104721,0.075066
C[C@@H]1CCCCO[C@@H](CN(C)S(=O)(=O)c2ccc(cc2)F)[C@H](C)CN([C@@H](C)CO)C(=O)c2cc(ccc2O1)NS(=O)(=O)c1cn(cn1)C,0,0.012205,0.017860,0.002800
[N-]=[N+]=CC(=O)OCC(N)C(=O)O,0,0.000266,0.034022,0.017639
CCC[C@@H](O)C#Cc1cnc2c(c1)C(=O)N(C[C@H](C)[C@H](CN(C)S(=O)(=O)c1cccc(c1)F)O2)[C@H](C)CO,0,0.051631,0.017259,0.005067
CC[C@H]1/C=C(\C)[C@@H](O)C/C=C/C=C(\CO[C@@H]2O[C@H](C)[C@@H](OC(=O)c3c(c(c(c(c3CC)Cl)O)Cl)O)[C@H](O)[C@@H]2OC)C(=O)O[C@@H](C/C=C(C)/C=C(\C)[C@@H]1O[C@@H]1OC(C)(C)[C@@H](OC(=O)C(C)C)[C@H](O)[C@@H]1O)[C@@H](C)O,0,0.982205,0.807933,0.530622
C[C@@H]1CN([C@H](C)CO)C(=O)c2cccc(c2O[C@@H]1CN(C)S(=O)(=O)c1ccc(cc1)C)NC(=O)Nc1cccc2ccccc12,0,0.023417,0.018860,0.002813
C[C@@H]1CCCCO[C@@H](CN(C)C(=O)Nc2ccc3c(c2)OCO3)[C@@H](C)CN([C@H](C)CO)C(=O)c2cc(ccc2O1)NC(=O)CCC(F)(F)F,0,0.062279,0.046702,0.008148
C[C@@H]1CN([C@@H](C)CO)C(=O)c2cc(ccc2O[C@H]1CN(C)C(=O)Nc1ccc2c(c1)OCO2)NS(=O)(=O)c1cn(cn1)C,0,0.007406,0.017913,0.002512
CN1C(=O)N(C)c2ncn(c2C1=O)CC(=O)O,0,0.297311,0.070571,0.035616
CC(=O)N1C[C@@H]2CCN(C[C@H]2C1)c1ncccn1,0,0.074313,0.038522,0.015956
CN(CCO)S(=O)(=O)c1ccc-2c(c1)C(=NO)c1cc(ccc12)S(=O)(=O)N(C)CCO,0,0.722621,0.248278,0.049675
CCOC(=O)c1ccc(o1)CNS(=O)(=O)c1ccc(cc1)S(=O)(=O)N1CCOCC1,0,0.002463,0.047503,0.017511
C[C@H]1CN([C@H](C)CO)C(=O)c2cc(ccc2O[C@@H]1CN(C)C(=O)Nc1ccc2c(c1)OCO2)NC(=O)Nc1cccc2ccccc12,0,0.006216,0.016663,0.002556
COc1ccc(-c2cc(=O)c3c(O)c(OC)c(OC)c(OC)c3o2)cc1OC,0,0.773019,0.122914,0.048492
OCc1ccc(cc1)CO[C@H]1C[C@H](C=C(O1)C(=O)NCc1nc2ccccc2[nH]1)c1ccc(cc1)C(F)(F)F,0,0.876124,0.171512,0.130050
C[C@@H]1CN([C@H](C)CO)C(=O)c2cc(ccc2O[C@H]1CN(C)S(=O)(=O)c1ccccc1)NC(=O)CCN1CCOCC1,0,0.000682,0.017535,0.001909
c1cnc2nccn2c1,0,0.026435,0.086145,0.018143
C[C@@H]1CN([C@H](C)CO)C(=O)c2cc(cnc2O[C@@H]1CN(C)CC1CCOCC1)C#CCc1ccccc1,0,0.039728,0.018891,0.002873
COc1ccc(cc1)S(=O)(=O)N(C)C[C@@H]1Oc2ncc(cc2C(=O)N(C[C@@H]1C)[C@H](C)CO)C#CC1(O)CCCC1,0,0.007438,0.019901,0.003810
C[C@H]1CN([C@H](C)CO)C(=O)CCCn2nncc2CO[C@H]1CN(C)S(=O)(=O)c1ccccc1C#N,0,0.000068,0.020228,0.003394
C[C@H]1CN([C@H](C)CO)C(=O)c2cccc(c2O[C@@H]1CN(C)C(=O)Nc1ccc(cc1)C(F)(F)F)NS(=O)(=O)c1ccc(cc1)F,0,0.450769,0.287594,0.033995
COc1cccc(c1)S(=O)(=O)N(C)C[C@H]1Oc2ncc(cc2C(=O)N(C[C@H]1C)[C@H](C)CO)Br,0,0.034936,0.019669,0.004495
C[C@H]1CN([C@H](C)CO)C(=O)c2cc(ccc2O[C@@H]1CN(C)S(=O)(=O)c1ccc(cc1)Cl)NC(=O)C1CC1,0,0.029402,0.018182,0.003818
Nc1ncnc2n(cnc12)[C@@H]1O[C@H](CO)[C@@H](O)[C@H]1O,0,0.064049,0.081756,0.045166
OCC(O)CO,0,0.000057,0.064987,0.022756
CC(C)NC(=O)N(C)C[C@@H]1OCCCC[C@H](C)Oc2ccc(cc2C(=O)N(C[C@H]1C)[C@@H](C)CO)NC(=O)Nc1cccc2ccccc12,0,0.016049,0.019746,0.002855
Clc1ccc(cc1Cl)CN1CCC(CC1)C(=O)N[C@@H](c1ccc(cc1)-c1ccccc1)c1cnccn1,0,0.985279,0.847821,0.885542
CC[Hg]Sc1ccccc1C(=O)[O-].[Na+],1,0.040621,0.286631,0.282012
Nc1ncnc2c1CCC2,0,0.046263,0.020257,0.005472
C[C@@H]1CN([C@@H](C)CO)C(=O)Cc2cc(ccc2O[C@H]1CN(C)Cc1ccc(cc1)Oc1ccccc1)NC(=O)Nc1ccccc1,0,0.007653,0.021282,0.004177
C[C@H]1CN([C@H](C)CO)C(=O)c2cccc(c2O[C@@H]1CN(C)Cc1ccc(cc1)C(F)(F)F)NC(=O)c1nc2ccccc2s1,0,0.115958,0.048704,0.037641
C[C@@H]1CN([C@@H](C)CO)C(=O)c2cccc(c2O[C@H]1CN(C)Cc1ccc(cc1)C(=O)Nc1ccccc1N)NC(=O)c1ccc(cc1)-c1nccs1,0,0.007272,0.020073,0.002284
COc1ccc(cc1)S(=O)(=O)N(C)C[C@@H]1Oc2ccc(cc2C(=O)N(C[C@@H]1C)[C@H](C)CO)NC(=O)Cn1cnnn1,0,0.004307,0.018876,0.002684
C[C@H]1CCCCO[C@@H](CN(C)C(=O)Cc2ccccc2)[C@@H](C)CN([C@H](C)CO)C(=O)c2cc(ccc2O1)NC(=O)Cc1ccccc1,0,0.000669,0.016645,0.002600
C[C@@H]1CCCCO[C@@H](CN(C)Cc2ccc(c(c2)Cl)Cl)[C@H](C)CN([C@H](C)CO)C(=O)c2cc(ccc2O1)NC(=O)c1ccccc1,0,0.018359,0.017268,0.002335
C[C@@H]1CCCCO[C@H](CN(C)C(=O)Nc2c(noc2C)C)[C@H](C)CN([C@@H](C)CO)C(=O)c2cc(ccc2O1)NC(=O)Nc1ccc(cc1)C(F)(F)F,0,0.593488,0.027849,0.019287
C[C@@H]1CCCCO[C@@H](CN(C)Cc2ccccc2)[C@@H](C)CN([C@@H](C)CO)C(=O)c2cc(ccc2O1)NC(=O)c1ccccc1,0,0.002253,0.017280,0.002905
C[C@@H]1CN([C@@H](C)CO)S(=O)(=O)c2ccc(cc2O[C@H]1CN(C)C(=O)Cc1ccncc1)C#CC1CCCC1,0,0.041694,0.022846,0.003494
COc1ccc(cc1)NC(=O)N(C)C[C@@H]1Oc2ccc(cc2C(=O)N(C[C@@H]1C)[C@H](C)CO)NC(=O)CCN1CCOCC1,0,0.003443,0.016489,0.002145
C[C@H]1CCCCO[C@@H](CN(C)C(=O)Nc2ccc(cc2)C(F)(F)F)[C@H](C)CN([C@@H](C)CO)C(=O)c2cc(ccc2O1)NC(=O)Nc1ccc2c(c1)OCO2,0,0.136226,0.030513,0.007204
Cc1cccc2[nH]c(nc12)CN,0,0.460249,0.020234,0.012470
O=C1NC2=C(NC=NC2=O)N=C1c1ccccc1,0,0.345156,0.123873,0.057941
COc1cc(C)c(C(=O)O)c(OC(C)=O)c1,0,0.195259,0.059833,0.059010
CC(C)NC(=O)N(C)C[C@@H]1Oc2c(cccc2C(=O)N(C[C@H]1C)[C@@H](C)CO)NC(=O)C1CCOCC1,0,0.029423,0.016012,0.002998
Cc1ccc(cc1)S(=O)(=O)N1C[C@H](O)COC[C@@H]2O[C@@H](CC[C@H]21)CC(=O)N1CCc2ccccc2C1,0,0.055229,0.034510,0.012221
C[C@@H]1CCCCO[C@H](CN(C)C(=O)c2ccccc2)[C@@H](C)CN([C@H](C)CO)C(=O)c2cc(ccc2O1)NC(=O)Nc1cccc2ccccc12,0,0.002483,0.016578,0.001455
COCC#Cc1ccc2c(c1)O[C@H](CN(C)Cc1ccc3c(c1)OCO3)[C@H](C)CN([C@H](C)CO)S2(=O)=O,0,0.059813,0.021651,0.003081
CO[C@H]1O[C@H](CO)[C@@H](OC(=O)Nc2ccccc2-c2ccccc2)[C@H](OC(=O)Nc2ccccc2)[C@@H]1OC(=O)Nc1ccccc1,0,0.783257,0.112180,0.055928
Clc1ccc(cc1)CSc1nc2ccccc2s1,0,0.672016,0.450024,0.570305
C[C@@H]1CCCCO[C@@H](CN(C)S(=O)(=O)c2ccc(cc2)F)[C@@H](C)CN([C@@H](C)CO)C(=O)c2cc(ccc2O1)NC(=O)NC1CCCCC1,0,0.015897,0.017398,0.002644
CNCC(O)c1ccc(O)cc1.CNCC(O)c1ccc(O)cc1.O=C(O)C(O)C(O)C(=O)O,0,0.025441,0.032377,0.013929
CC(C)N(CCOc1c(cc(cc1Br)/C=C/C(=O)NCCCOc1c(cc(cc1Br)CCN(C)C)Br)Br)C(C)C,0,0.999692,0.378607,0.173685
C[C@H]1CN([C@H](C)CO)C(=O)c2cc(ccc2O[C@@H]1CN(C)S(=O)(=O)c1ccc(cc1)C)NS(=O)(=O)c1ccccc1,0,0.002959,0.017704,0.002652
COc1ccc(cc1)NC(=O)Nc1ccc2c(c1)C(=O)N(C[C@H](C)[C@@H](CN(C)C(=O)Cc1ccccc1)OCCCC[C@H](C)O2)[C@@H](C)CO,0,0.003913,0.016702,0.001920
OC[C@@H](O)[C@@H](O)[C@H](O)[C@H](O)/C=N/NC(=O)CCCCCCC(=O)NO,0,0.000818,0.040740,0.012160
CC(=O)NCCCC[C@@H]1NC(=O)[C@@H]2C[C@@H]([C@@H](N2C1=O)c1cccc(c1)OCCO)C(=O)NCCCC[N+](C)(C)C,0,0.275015,0.055482,0.020575
C[C@@H](CO)N1[C@@H]2C(=O)N(CC=C[C@@]32O[C@@H]2C=CCOC(=O)[C@@H]2[C@H]3C1=O)C(C)(C)C,0,0.084792,0.201397,0.095187
COc1ccc(cc1)S(=O)(=O)Nc1ccc2c(c1)CC(=O)N(C[C@@H](C)[C@H](CN(C)Cc1ccncc1)O2)[C@@H](C)CO,0,0.001598,0.017522,0.001925
C[C@@H]1CN([C@@H](C)CO)C(=O)c2cccc(c2O[C@H]1CN(C)Cc1ccc(cc1)-c1ccccc1)NC(=O)C1CCCCC1,0,0.134975,0.025384,0.008190
CC(=O)c1ccc(cc1)OCc1nnn(c1-c1ccccc1)CC(=O)NS(=O)(=O)Cc1ccccc1,0,0.531397,0.068273,0.026978
C[C@H]1CN([C@H](C)CO)C(=O)Cc2cc(ccc2O[C@H]1CN(C)S(=O)(=O)c1cn(cn1)C)NC(=O)Nc1ccc(cc1)F,0,0.023428,0.018337,0.002509
C[C@@H]1CCCCO[C@H](CN(C)C(=O)Nc2cccc3ccccc23)[C@@H](C)CN([C@H](C)CO)C(=O)c2cc(ccc2O1)NS(=O)(=O)c1cn(cn1)C,0,0.007867,0.018999,0.002410
C[C@@H]1CN([C@H](C)CO)C(=O)c2cccc(c2O[C@@H]1CN(C)Cc1ccc(cc1)C(=O)O)NC(=O)C1CC1,0,0.060170,0.056976,0.012245
C[C@@H]1CN([C@H](C)CO)C(=O)Cc2cc(ccc2O[C@H]1CN(C)C(=O)Nc1ccc2c(c1)OCO2)NS(=O)(=O)C,0,0.004226,0.019595,0.002467
COc1ccc(cc1)S(=O)(=O)N1C[C@@H](O)COC[C@H]2O[C@@H](CC[C@@H]21)CC(=O)N[C@H]1CCN(C1)Cc1ccccc1,0,0.204789,0.026195,0.007083
CNC[C@H]1OCCCC[C@H](C)Oc2ccc(cc2C(=O)N(C[C@H]1C)[C@H](C)CO)NS(=O)(=O)c1c(noc1C)C,0,0.015851,0.028387,0.004835
C[C@@H](O)[C@@H]1[C@H]2CC(=C(N2C1=O)C(=O)O)SCCNC=N,0,0.999256,0.929352,0.554734
C[C@@H]1CCCCO[C@@H](CN(C)C(=O)CCC(F)(F)F)[C@@H](C)CN([C@@H](C)CO)C(=O)c2cc(ccc2O1)NC(=O)c1ccccc1,0,0.011146,0.026259,0.004125
CO[C@H]1CN(C)C(=O)c2ccc(cc2OC[C@H](C)N(C[C@H]1C)S(=O)(=O)c1cn(cn1)C)NC(=O)C,0,0.005343,0.016794,0.002682
C[C@H]1CN([C@H](C)CO)C(=O)c2cc(ccc2O[C@H]1CN(C)S(=O)(=O)c1ccccc1)NC(=O)Cn1cnnn1,0,0.002666,0.017794,0.002709
C[C@H](N)CCP(=O)(O)O,0,0.187705,0.096293,0.030131
O=C1CCc2c(ccc3ccccc23)O1,0,0.072240,0.308378,0.184501
COc1ccc(cc1)S(=O)(=O)Nc1ccc2c(c1)CC(=O)N(C[C@@H](C)[C@H](CN(C)S(=O)(=O)c1c(noc1C)C)O2)[C@H](C)CO,0,0.003225,0.017615,0.002953
OC[C@@H]1O[C@H](CC[C@@H]1NS(=O)(=O)c1ccccc1F)CC(=O)NCCCN1CCOCC1,0,0.055741,0.025168,0.010548
CC(C)NC(=O)Nc1ccc2c(c1)CC(=O)N(C[C@@H](C)[C@@H](CN(C)Cc1ccc(cc1)Oc1ccccc1)O2)[C@H](C)CO,0,0.016212,0.025396,0.003667
C/C=C/C1=CC(=O)[C@H](O)[C@H]1O,0,0.017772,0.037978,0.012673
CCCNC(=O)Nc1ccc2c(c1)OC[C@@H](C)N(C[C@@H](C)[C@H](CN(C)C2=O)OC)Cc1ccc(cc1)-c1ccccn1,0,0.027594,0.030950,0.006341
C[C@@H]1CN([C@H](C)CO)C(=O)Cc2cc(ccc2O[C@H]1CN(C)C(=O)Nc1ccccc1)NC(=O)CCN1CCOCC1,0,0.002192,0.016810,0.002777
CCN1CCC(CC1)N(C)S(=O)(=O)C1=CN(C)C(=O)N(C)C1=O,0,0.474264,0.137749,0.010272
C[C@H]1CCCCO[C@@H](CN(C)CC2CC2)[C@H](C)CN([C@@H](C)CO)C(=O)c2cc(ccc2O1)NS(=O)(=O)c1ccc(cc1)Cl,0,0.042603,0.017937,0.003832
C[C@H]1CN([C@@H](C)CO)C(=O)c2cccc(c2O[C@@H]1CN(C)Cc1ccc(cc1)C(F)(F)F)NC(=O)c1nc2ccccc2s1,0,0.115958,0.048704,0.037641
CC(C)(C)OC(=O)C[C@H](CC=C)C(=O)OC[C@@H](Cc1c[nH]c2ccccc12)NC(=O)[C@H](CC=C)CC(=O)N(CCO)Cc1ccccc1,0,0.004747,0.036052,0.011863
NCCCC(N)CC(=O)NC1CNC(=O)C(C2CC(O)NC(N)=N2)NC(=O)C(=CNC(N)=O)NC(=O)C(CO)NC(=O)C(CO)NC1=O.O=S(=O)(O)O,0,0.007707,0.690656,0.399862
C[C@@H]1CN([C@H](C)CO)C(=O)c2cccc(c2O[C@H]1CN(C)Cc1ccncc1)NS(=O)(=O)c1ccc(cc1)F,0,0.023770,0.017361,0.002414
C[C@@H]1CN([C@@H](C)CO)C(=O)Cc2cc(ccc2O[C@@H]1CN(C)S(=O)(=O)c1cccs1)NC(=O)Nc1c(noc1C)C,0,0.003548,0.017491,0.003201
COc1ccc(cc1)CN(C)C[C@H]1Oc2c(cccc2C(=O)N(C[C@@H]1C)[C@H](C)CO)NS(=O)(=O)C,0,0.063535,0.018319,0.004337
C[C@@H]1CN([C@H](C)CO)C(=O)Cc2cc(ccc2O[C@@H]1CN(C)S(=O)(=O)c1c(noc1C)C)NC(=O)Cn1cnnn1,0,0.001877,0.018130,0.003336
CCS(=O)(=O)N1C[C@]2(CN(C2)S(=O)(=O)c2cn(cn2)C)c2c([nH]c3cc(ccc23)OC)[C@@H]1CO,0,0.008415,0.017838,0.005697
C[C@H]1CN([C@@H](C)CO)C(=O)c2cccc(c2O[C@H]1CN(C)S(=O)(=O)C)NC(=O)NC1CCCCC1,0,0.054573,0.017780,0.005575
COc1ccc(cc1)CN(C)C[C@H]1Oc2ccc(cc2C(=O)N(C[C@H]1C)[C@H](C)CO)NC(=O)CCN1CCOCC1,0,0.004359,0.017504,0.003163
Oc1ccc(c2ccccc12)F,0,0.370874,0.147112,0.070448
C[C@@H]1CN([C@H](C)CO)C(=O)Cc2cc(ccc2O[C@H]1CN(C)C(=O)Nc1c(noc1C)C)NS(=O)(=O)C,0,0.015608,0.019037,0.003627
C[C@@H]1CN([C@H](C)CO)C(=O)Cc2cc(ccc2O[C@H]1CN(C)Cc1ccc(cc1)Oc1ccccc1)NC(=O)c1ccncc1,0,0.001984,0.017725,0.002615
COc1ccc(cc1)S(=O)(=O)N(C)C[C@H]1Oc2ncc(cc2C(=O)N(C[C@@H]1C)[C@H](C)CO)C#CC1(O)CCCC1,0,0.007438,0.019901,0.003810
C[C@@H]1CN([C@@H](C)CO)C(=O)c2cc(ccc2O[C@H]1CN(C)S(=O)(=O)C)NS(=O)(=O)c1ccc(cc1)Cl,0,0.022265,0.017638,0.004088
NNC1=NC(=O)N(C=C1)[C@H]1O[C@@H](CO)[C@@H](O)[C@@H]1O,0,0.773710,0.107442,0.080684
OC[C@@H]1O[C@H](C[C@@H]2[C@H]1Oc1ccc(cc12)NC(=O)Cc1ccncc1)CC(=O)NCc1cccc(c1)F,0,0.091520,0.033094,0.013551
COc1ccc(cc1)NC(=O)Nc1ccc2c(c1)CC(=O)N(C[C@@H](C)[C@@H](CN(C)S(=O)(=O)c1cn(cn1)C)O2)[C@@H](C)CO,0,0.006875,0.017291,0.002269
CC(C)CC#Cc1cnc2c(c1)C(=O)N(C[C@@H](C)[C@H](CN(C)S(=O)(=O)c1ccc(cc1)C)O2)[C@@H](C)CO,0,0.023444,0.019211,0.003440
COc1ccc(cc1)NC(=O)Nc1ccc2c(c1)C(=O)N(C[C@@H](C)[C@@H](CN(C)S(=O)(=O)c1cccs1)OCCCC[C@@H](C)O2)[C@@H](C)CO,0,0.002048,0.017452,0.001816
C/C(=C\c1ccccc1OCc1cn(nn1)-c1ccc(cc1)C[C@@H]1N2CC3=CCCC=C[C@H]3[C@@H]2[C@H](Cc2ccccc2)OC1=O)/C=C/C(=O)NO,0,0.709294,0.114896,0.019732
C[C@@H]1CCCCO[C@H](CN(C)Cc2ccncc2)[C@H](C)CN([C@H](C)CO)C(=O)c2cc(ccc2O1)NC(=O)CCC(F)(F)F,0,0.073274,0.027460,0.015758
NC(=O)NC1NC(=O)NC1=O,0,0.000354,0.031427,0.011290
C[C@@H]1CCCCO[C@@H](CN(C)Cc2ccc(cc2)C(=O)O)[C@@H](C)CN([C@@H](C)CO)C(=O)c2cc(ccc2O1)NS(=O)(=O)c1ccc(cc1)Cl,0,0.018965,0.026321,0.002203
CC(C)CC#Cc1ccc2c(c1)O[C@H](CN(C)C(=O)c1ccncc1)[C@@H](C)CN([C@H](C)CO)S2(=O)=O,0,0.024314,0.017344,0.002975
C[C@@H]1CCCCO[C@@H](CN(C)C(=O)Nc2cccc3ccccc23)[C@H](C)CN([C@H](C)CO)C(=O)c2cc(ccc2O1)NC(=O)Nc1ccc(cc1)F,0,0.039983,0.015962,0.002224
O[C@H]1COC[C@H]2O[C@@H](CC[C@@H]2N(C1)Cc1ccccc1F)CC(=O)N[C@H]1CCN(C1)Cc1ccccc1,0,0.469380,0.089289,0.030533
COc1ccc(c(c1)OC)NC(=O)N(C)C[C@H]1OCc2ccccc2-c2c(n(c3ccccc23)C)C(=O)N(C[C@H]1C)[C@@H](C)CO,0,0.024993,0.019695,0.002443
CC(=O)c1cc2c(cc1O)OC(C)(C)C=C2,0,0.699146,0.169730,0.208310
C[C@]12CC[C@H]3[C@H]([C@@H](CCCCCCCCC[S@@](=O)CCCC(F)(F)C(F)(F)F)Cc4cc(ccc43)O)[C@@H]2CC[C@@H]1O,0,0.996956,0.627181,0.329671
COc1ccccc1CNC(=O)C[C@@H]1C[C@@H]2[C@@H](Oc3ccc(cc32)NS(=O)(=O)c2ccc(cc2)F)[C@@H](CO)O1,0,0.026530,0.017807,0.006086
C[C@@H]1CN([C@H](C)CO)C(=O)c2cccc(c2O[C@@H]1CN(C)S(=O)(=O)c1ccc(cc1)F)NC(=O)C1CCOCC1,0,0.028319,0.018150,0.003397
COc1ccc(cc1)NC(=O)Nc1ccc2c(c1)C(=O)N(C[C@H](C)[C@@H](CN(C)S(=O)(=O)c1c(noc1C)C)OCCCC[C@@H](C)O2)[C@@H](C)CO,0,0.007570,0.018182,0.002120
Cc1cccc(c1NC1=NC2(CCCCC2)C(=C)S1)C,0,0.978837,0.602119,0.600815
Cc1ccc(cc1)NC1=CC(=O)C[C@@H](C1)c1ccc(cc1)Cl,0,0.904264,0.559182,0.366984
C[C@@H]1CN([C@H](C)CO)C(=O)c2cccc(c2O[C@@H]1CN(C)Cc1ccncc1)NC(=O)C1CCOCC1,0,0.018559,0.016398,0.002544
Cc1cccc(c1)S(=O)(=O)N1C[C@H](O)COC[C@@H]2O[C@H](CC[C@H]21)CC(=O)NCc1ccc2c(c1)OCO2,0,0.079329,0.019385,0.006506
C[C@@H]1CCCCO[C@H](CN(C)Cc2ccccc2)[C@H](C)CN([C@H](C)CO)C(=O)c2cc(ccc2O1)NC(=O)Nc1ccccc1,0,0.012111,0.017565,0.003151
COc1ccc2c3c(n(c2c1)C)[C@H](CO)N(C[C@]13CCN(CC1)S(=O)(=O)c1ccccc1)C(=O)c1cccnc1,0,0.001251,0.019176,0.003032
CCCCc1ccc(cc1)S(=O)(=O)Nc1nccnc1-c1ccc(cc1)COc1cc(nc2ccccc12)CC,0,0.204458,0.322925,0.076460
OC[C@H]1O[C@@H](CC(=O)NCc2ccncn2)C=C[C@H]1NC(=O)c1ccc(cc1)F,0,0.100847,0.026111,0.020655
Cn1ccnc1,0,0.021262,0.052848,0.023067
C[C@H]1CN([C@@H](C)CO)C(=O)Cc2cc(ccc2O[C@H]1CN(C)Cc1ccc(cc1)C(=O)Nc1ccccc1N)NC(=O)Cn1cnnn1,0,0.002189,0.019185,0.003132
C[C@@H]1CCCCO[C@@H](CN(C)Cc2ccc(cc2)C(F)(F)F)[C@@H](C)CN([C@H](C)CO)C(=O)c2cc(ccc2O1)NC(=O)CCCN(C)C,0,0.165255,0.014124,0.004402
COc1ccc(cc1)CN(C)C[C@H]1Oc2ccc(cc2CC(=O)N(C[C@@H]1C)[C@@H](C)CO)NC(=O)Nc1ccc(cc1)C(F)(F)F,0,0.352912,0.063967,0.032275
NCCc1ccc(cc1)S(=O)(=O)F,0,0.930580,0.050788,0.017052
C[C@H]1CN([C@@H](C)CO)C(=O)Cc2cc(ccc2O[C@H]1CN(C)S(=O)(=O)c1ccc(cc1)Cl)NS(=O)(=O)c1c(noc1C)C,0,0.008155,0.017268,0.002792
C[C@@H]1CN([C@H](C)CO)C(=O)c2cc(cnc2O[C@@H]1CN(C)C(=O)c1ccccc1F)C#Cc1ccncc1,0,0.056414,0.022906,0.004806
COc1cc2c(cc1-c1coc3c4c(ccc3c1=O)OC(C)(C)CC4)OCO2,0,0.054473,0.171584,0.075311
C[C@@H]1CCCCO[C@H](CN(C)S(=O)(=O)c2ccc(cc2)Cl)[C@H](C)CN([C@@H](C)CO)C(=O)c2cc(ccc2O1)NS(=O)(=O)c1cccs1,0,0.002936,0.017270,0.002344
COc1ccc(cc1)S(=O)(=O)Nc1ccc2c(c1)C(=O)N(C[C@@H](C)[C@H](CN(C)C(=O)Nc1ccccc1)OCCCC[C@@H](C)O2)[C@H](C)CO,0,0.003400,0.017432,0.001840
C[C@H]1CN([C@H](C)CO)C(=O)c2cccc(c2O[C@@H]1CN(C)S(=O)(=O)C)NC(=O)Nc1ccc(cc1)F,0,0.210555,0.020186,0.005101
C[C@@H]1CN([C@H](C)CO)S(=O)(=O)c2ccc(cc2O[C@@H]1CN(C)S(=O)(=O)c1cn(cn1)C)C1=CCCCC1,0,0.011739,0.017637,0.003884
CO[C@H]1CN(C)C(=O)c2cc(ccc2OC[C@H](C)N(CCC(F)(F)F)C[C@@H]1C)NC(=O)Nc1ccccc1F,0,0.775032,0.175531,0.146426
C[C@H]1CN([C@H](C)CO)C(=O)CCCn2cc(nn2)CO[C@H]1CN(C)Cc1cccc2c1OCCCO2,0,0.025848,0.026025,0.003037
C[C@@H]1CN([C@@H](C)CO)C(=O)c2cc(cnc2O[C@@H]1CN(C)S(=O)(=O)c1ccccc1F)C#Cc1ccccc1,0,0.025282,0.019396,0.004632
CC1(C)[C@H]2CC[C@@]1(C(=O)O)C(=O)C2=O,0,0.622906,0.151682,0.037359
C[C@H]1CCCCO[C@H](CN(C)CC2CC2)[C@@H](C)CN([C@@H](C)CO)C(=O)c2cc(ccc2O1)NC(=O)C1CCCCC1,0,0.068635,0.020947,0.005076
C[C@H]1CCCCO[C@@H](CN(C)C(=O)c2ccncc2)[C@@H](C)CN([C@H](C)CO)C(=O)c2cc(ccc2O1)NS(=O)(=O)C,0,0.004144,0.017521,0.001979
C[C@@H]1CN([C@H](C)CO)C(=O)c2cc(ccc2O[C@H]1CN(C)Cc1ccc(cc1)Oc1ccccc1)NC(=O)Nc1ccccc1,0,0.008177,0.018270,0.004815
C[C@@H]1CN([C@H](C)CO)S(=O)(=O)c2ccc(cc2O[C@@H]1CN(C)C(=O)CN(C)C)C#Cc1ccccc1,1,0.134372,0.789657,0.919689
CC(=O)N[C@@H](Cc1ccccc1)C(=O)NN,0,0.058663,0.135945,0.049727
COc1cccc(c1)C#Cc1cnc2c(c1)C(=O)N(C[C@@H](C)[C@@H](CN(C)C(=O)C1CCC1)O2)[C@@H](C)CO,0,0.016269,0.019045,0.003773
O[C@H]1COC[C@@H]2O[C@@H](CC[C@H]2N(C1)C(=O)c1ccc2c(c1)OCO2)CC(=O)NCCN1CCCC1,0,0.158302,0.047482,0.008316
C[C@@H]1CN([C@@H](C)CO)C(=O)CCCn2nncc2CO[C@@H]1CN(C)C(=O)c1ccc(cc1)N1CCN(C)CC1,0,0.040218,0.018159,0.005352
C[C@@H]1CN([C@@H](C)CO)C(=O)c2cccc(c2O[C@H]1CN(C)Cc1ccc(cc1)Oc1ccccc1)NC(=O)Nc1ccc(cc1)C(F)(F)F,0,0.442182,0.070919,0.029149
C[C@@H]1CCCCO[C@H](CN(C)Cc2ccc(cc2)C(F)(F)F)[C@@H](C)CN([C@H](C)CO)C(=O)c2cc(ccc2O1)NC(=O)CCCCCC(=O)Nc1ccccc1N,0,0.100937,0.016555,0.002513
Cc1nc2ccccc2n1Cc1ccc(Cl)cc1,0,0.699182,0.504705,0.276304
C[C@@H]1CN([C@@H](C)CO)S(=O)(=O)c2ccc(cc2O[C@H]1CN(C)Cc1cncnc1)C#CC1CCCC1,0,0.114014,0.017916,0.004021
C[C@H]1CCCCO[C@@H](CN(C)S(=O)(=O)c2cccs2)[C@H](C)CN([C@@H](C)CO)C(=O)c2cc(ccc2O1)NC(=O)Nc1ccc(cc1)C(F)(F)F,0,0.057616,0.028831,0.007577
COc1ccc(cc1)CN(C)C[C@H]1OCCCC[C@H](C)Oc2ccc(cc2C(=O)N(C[C@@H]1C)[C@@H](C)CO)NC(=O)NC1CCCCC1,0,0.040195,0.016381,0.003661
COc1cccc(c1)NC(=O)N(C)C[C@H]1Oc2cc(ccc2S(=O)(=O)N(C[C@@H]1C)[C@@H](C)CO)C#CC1(O)CCCC1,0,0.019493,0.018077,0.002545
O=C([O-])c1ccccc1-c1c2cc(I)c(=O)c(I)c-2oc2c(I)c([O-])c(I)cc12.[Na+].[Na+],1,0.888674,0.665606,0.415123
C[C@H]1CN([C@H](C)CO)C(=O)c2cccc(c2O[C@@H]1CN(C)C(=O)Nc1cccc2ccccc12)NC(=O)Nc1cccc2ccccc12,0,0.024975,0.021174,0.005517
C1C[C@@H]2C[C@@H]2N1,0,0.004710,0.086404,0.038872
CNC(=O)[C@H]1Cn2ccnc2C2(CCNCC2)O1,0,0.550017,0.028505,0.003570
C[C@H]1CN([C@@H](C)CO)C(=O)c2cccc(c2O[C@H]1CN(C)S(=O)(=O)C)NS(=O)(=O)c1c(noc1C)C,0,0.018882,0.017561,0.004487
COc1ccccc1-c1ccc2c(c1)O[C@H](CN(C)C(=O)c1cccnc1)[C@@H](C)CN([C@H](C)CO)S2(=O)=O,0,0.021642,0.017320,0.001934
C[C@H]1CN([C@@H](C)CO)C(=O)Cc2cc(ccc2O[C@H]1CN(C)Cc1ccc(c(c1)Cl)Cl)NC(=O)Cn1cnnn1,0,0.030914,0.039397,0.010292
C[C@H]1CN([C@@H](C)CO)C(=O)c2cc(ccc2O[C@H]1CN(C)C(=O)NC1CCCCC1)NC(=O)Cn1cnnn1,0,0.007249,0.021035,0.005078
C[C@@H]1CCCCO[C@H](CN(C)C(=O)Nc2ccc(cc2)F)[C@H](C)CN([C@@H](C)CO)C(=O)c2cc(ccc2O1)NC(=O)Nc1ccc(cc1)C(F)(F)F,0,0.703486,0.015372,0.007873
C[C@@H]1CN([C@@H](C)CO)S(=O)(=O)c2ccc(cc2O[C@@H]1CN(C)C(=O)C1CCOCC1)C1=CCCCC1,0,0.011650,0.025204,0.006903
CC(=O)NO,0,0.000417,0.045373,0.019574
COc1ccc(cc1)S(=O)(=O)N(C)C[C@H]1Oc2c(cccc2C(=O)N(C[C@@H]1C)[C@@H](C)CO)NS(=O)(=O)c1cn(cn1)C,0,0.018926,0.018593,0.002855
COc1ccc(cc1)NC(=O)N(C)C[C@@H]1Oc2ncc(cc2C(=O)N(C[C@@H]1C)[C@H](C)CO)C#C[C@H](C)O,0,0.035074,0.017450,0.005130
C[C@H]1CN([C@H](C)CO)C(=O)c2cc(ccc2O[C@@H]1CN(C)C(=O)Nc1ccc(cc1)C(F)(F)F)NC(=O)Cc1ccccc1,0,0.430977,0.597955,0.270701
C[C@H]1CN([C@H](C)CO)C(=O)c2cccc(c2O[C@H]1CN(C)C(=O)NC1CCCCC1)NC(=O)C1CCOCC1,0,0.020030,0.015847,0.003543
COC[C@@H](C)Nc1ncnc2nc[nH]c12,0,0.349806,0.024094,0.007871
COc1ccc2c3c([nH]c2c1)[C@@H](CO)N(C[C@]13CCN(CC1)CC1CCCC1)C(=O)Nc1cccc(c1)F,0,0.856397,0.788590,0.897303
OC(=O)C1CCC(=O)CC1,0,0.036207,0.021671,0.007469
Cn1nnc2cc(ccc12)CO,0,0.184680,0.051725,0.014709
C[C@@H]1CCCCO[C@H](CN(C)S(=O)(=O)c2cccs2)[C@@H](C)CN([C@@H](C)CO)C(=O)c2cc(ccc2O1)NC(=O)Nc1ccc2c(c1)OCO2,0,0.000749,0.017559,0.001951
C[C@H]1CN([C@H](C)CO)C(=O)c2cc(ccc2O[C@@H]1CN(C)S(=O)(=O)c1ccc(cc1)Cl)NC(=O)CCCN(C)C,0,0.028127,0.018740,0.003557
COc1ccc(cc1)S(=O)(=O)N[C@@H]1CC[C@H](CC(=O)N2CCC(CC2)Cc2ccccc2)O[C@H]1CO,0,0.054228,0.037939,0.010079
C[C@H]1CN([C@H](C)CO)C(=O)Cc2cc(ccc2O[C@@H]1CN(C)Cc1ccc(cc1)C(=O)Nc1ccccc1N)NC(=O)Cn1cnnn1,0,0.002189,0.019185,0.003132
C[C@H]1CN([C@@H](C)CO)C(=O)c2cc(ccc2O[C@H]1CN(C)Cc1ccc2c(c1)OCO2)NC(=O)Cn1cnnn1,0,0.002251,0.018331,0.004317
C[C@H]1CCCCO[C@H](CN(C)Cc2ccc(cc2)C(F)(F)F)[C@H](C)CN([C@H](C)CO)C(=O)c2cc(ccc2O1)N(C)C,0,0.308858,0.037714,0.012205
OCCCC1=C[C@@H](N(CC1)Cc1cc2c(cc1Br)OCO2)c1ccc(cc1)CN1CCCC1,0,0.967823,0.767794,0.427986
CCC(Cc1c(I)cc(I)c(N)c1I)C(=O)O,0,0.776137,0.533966,0.223117
OC[C@@H](O)[C@@H](O)CO,0,0.000046,0.059389,0.018777
C[C@@H]1CCCCO[C@H](CN(C)C(=O)c2ccccc2)[C@@H](C)CN([C@H](C)CO)C(=O)c2cc(ccc2O1)NS(=O)(=O)c1ccccc1,0,0.000260,0.017813,0.001890
COc1cccc(c1)-c1cn(nn1)CC[C@@H]1CC[C@@H](NC(=O)CN(C)C)[C@@H](CO)O1,0,0.761838,0.038990,0.007972
C[C@@H]1CCCCO[C@H](CN(C)C(=O)c2ccncc2)[C@@H](C)CN([C@H](C)CO)C(=O)c2cc(ccc2O1)NC(=O)C1CCCCC1,0,0.002937,0.016642,0.001951
C[C@H]1CN([C@@H](C)CO)C(=O)c2cc(ccc2O[C@H]1CN(C)S(=O)(=O)c1ccc(cc1)F)NS(=O)(=O)c1ccc(cc1)F,0,0.022277,0.018461,0.004048
CCCCN(CCCC)[NH2+][O-],0,0.016793,0.156056,0.031694
C[C@H]1CCCCO[C@H](CN(C)C(=O)CCC(F)(F)F)[C@H](C)CN([C@H](C)CO)C(=O)c2cc(ccc2O1)NS(=O)(=O)c1ccc(cc1)C,0,0.011061,0.018094,0.002821
Cc1cc2c(cc1C)N(C[C@@H](O)[C@@H](O)[C@@H](O)CO)C1=NC(=O)NC(=O)C1=N2,0,0.770828,0.129644,0.068786
COc1ccc(cc1)S(=O)(=O)N(C)C[C@@H]1Oc2ccc(cc2C(=O)N(C[C@H]1C)[C@@H](C)CO)NC(=O)CCN1CCOCC1,0,0.001803,0.017481,0.002164
OC[C@@H]1O[C@@H](CCNC(=O)CN2CCOCC2)CC[C@@H]1NC(=O)Nc1ccccc1,0,0.020515,0.028234,0.010987
C[C@@H]1CN([C@H](C)CO)C(=O)c2cccc(c2O[C@H]1CN(C)C(=O)Nc1ccc(cc1)C(F)(F)F)NS(=O)(=O)c1ccc(cc1)Cl,0,0.496916,0.289090,0.042496
C[C@H]1CN([C@@H](C)CO)C(=O)c2cc(ccc2O[C@H]1CN(C)C(=O)NC1CCCCC1)NC(=O)CCCN(C)C,0,0.017956,0.017222,0.003802
C[C@@H]1CCCCO[C@H](CN(C)S(=O)(=O)c2cn(cn2)C)[C@@H](C)CN([C@@H](C)CO)C(=O)c2cc(ccc2O1)NS(=O)(=O)c1c(noc1C)C,0,0.003251,0.024038,0.003649
C[C@@H]1CN([C@@H](C)CO)C(=O)Cc2cc(ccc2O[C@H]1CN(C)Cc1ccccc1)NS(=O)(=O)c1cn(cn1)C,0,0.005667,0.018046,0.002462
C[C@H]1CN([C@@H](C)CO)C(=O)c2ccccc2-c2ccccc2CO[C@H]1CN(C)C(=O)Oc1ccc(cc1)C,0,0.096649,0.021908,0.011249
C[C@H]1CN([C@H](C)CO)C(=O)Cc2cc(ccc2O[C@H]1CN(C)C(=O)Nc1c(noc1C)C)NS(=O)(=O)c1ccccc1,0,0.003476,0.017475,0.003002
C[C@H]1CCCCO[C@@H](CN(C)C(=O)c2ccccc2)[C@H](C)CN([C@@H](C)CO)C(=O)c2cc(ccc2O1)NC(=O)Nc1ccccc1,0,0.002757,0.017219,0.001707
COc1ccc(cc1)S(=O)(=O)Nc1ccc2c(c1)C(=O)N(C[C@@H](C)[C@@H](CN(C)Cc1ccc3c(c1)OCO3)OCCCC[C@H](C)O2)[C@@H](C)CO,0,0.001772,0.018042,0.002197
C[C@H]1CCCCO[C@H](CN(C)C(=O)Nc2ccc(cc2)C(F)(F)F)[C@@H](C)CN([C@@H](C)CO)C(=O)c2cc(ccc2O1)NS(=O)(=O)c1ccc(cc1)F,0,0.146483,0.088610,0.008764
CN1C(=C(C(=O)N(C)C1=O)S(=O)(=O)N1CCCC[C@@H]1c1cccnc1)N,0,0.423775,0.052467,0.008673
C[C@@H]1CN([C@H](C)CO)C(=O)Cc2cc(ccc2O[C@H]1CN(C)Cc1ccc(cc1)-c1ccccc1)NS(=O)(=O)c1ccc(cc1)F,0,0.012877,0.019798,0.004270
OC[C@H]1O[C@H](CCNC(=O)C2CCCCC2)CC[C@H]1NC(=O)CN1CCOCC1,0,0.027637,0.038490,0.015181
C[C@@H]1CN([C@@H](C)CO)C(=O)c2cc(ccc2O[C@@H]1CN(C)C(=O)Nc1c(noc1C)C)NC(=O)C1CC1,0,0.027200,0.018967,0.002948
C[C@@H]1CCCCO[C@@H](CN(C)C(=O)NC2CCCCC2)[C@@H](C)CN([C@@H](C)CO)C(=O)c2cc(ccc2O1)NS(=O)(=O)c1ccc(cc1)C,0,0.006549,0.017766,0.002446
CN1[C@@H]2CC[C@@H](CC(=O)NC3Cc4ccccc4C3)O[C@H]2COc2ccc(cc2C1=O)NC(=O)c1ccc(cc1)C(F)(F)F,0,0.206531,0.138308,0.207171
COc1ccc(cc1)CN(C)C[C@H]1OCCCC[C@@H](C)Oc2ccc(cc2C(=O)N(C[C@H]1C)[C@@H](C)CO)NC(=O)Nc1ccccc1,0,0.024528,0.016291,0.002226
C[C@H]1CN([C@@H](C)CO)C(=O)CCCn2cc(nn2)CO[C@@H]1CN(C)S(=O)(=O)c1ccc2c(c1)OCCCO2,0,0.001551,0.019616,0.003139
CN1[C@@H]2CC[C@H](CC(=O)NCCN3CCCCC3)O[C@H]2COc2ccc(cc2C1=O)NC(=O)c1cccs1,0,0.039706,0.022750,0.013593
C[C@@H]1CN([C@@H](C)CO)C(=O)c2cc(ccc2O[C@H]1CN(C)S(=O)(=O)c1cn(cn1)C)NC(=O)Nc1ccccc1,0,0.017693,0.017291,0.002010
OCc1ccc(cc1)[C@H]1[C@H](C(=O)NCc2ccccc2)c2ccccc2C(=O)N1Cc1ccccc1C(F)(F)F,0,0.483520,0.215135,0.115301
CC(=O)ON1C(C)(C)C=C(C(=O)N)C1(C)C,0,0.966637,0.053051,0.020621
C[C@H]1CN([C@H](C)CO)C(=O)Cc2cc(ccc2O[C@@H]1CN(C)Cc1ccc(cc1)-c1ccccc1)NC(=O)Nc1ccc2c(c1)OCO2,0,0.021866,0.016808,0.002867
COc1ccc(cc1)S(=O)(=O)Nc1cccc2c1O[C@H](CN(C)S(=O)(=O)c1ccc(cc1)F)[C@@H](C)CN([C@H](C)CO)C2=O,0,0.017735,0.018672,0.003971
COCC(=O)Nc1ccc2c(c1)OC[C@H](C)N(C[C@H](C)[C@@H](CN(C)C2=O)OC)C(=O)c1ccccc1F,0,0.036556,0.019318,0.005994
COC(=O)[C@H](Cc1ccccc1)N1CC2=C[C@@H]([C@@H](O)CCn3cc(nn3)C(=O)NO)N3N([C@@H]2[C@H](O1)C1CC1)C(=O)N(C)C3=O,0,0.998248,0.437818,0.144090
C[C@H]1CN([C@@H](C)CO)C(=O)c2cc(cnc2O[C@H]1CN(C)S(=O)(=O)c1ccc(cc1)F)-c1cccc(c1)C(=O)N(C)C,0,0.004087,0.018116,0.002987
C[C@@H]1CN([C@H](C)CO)C(=O)c2cc(ccc2O[C@@H]1CN(C)C(=O)Nc1ccc(cc1)C(F)(F)F)NC(=O)Nc1ccc(cc1)F,0,0.896981,0.551383,0.296029
CCOC(=O)OC(C)OC(=O)C1N2C(=O)C(NC(=O)C(N)c3ccccc3)C2SC1(C)C.Cl,1,0.999977,0.940419,0.597379
C[C@@H]1CN([C@@H](C)CO)S(=O)(=O)c2ccc(cc2O[C@H]1CN(C)C(=O)Cc1ccccc1)C#CC1(O)CCCC1,0,0.010429,0.024557,0.005756
F[C@H]1CCNC1,0,0.004302,0.022942,0.010926
O[C@@H](Cc1ccc(c(c1)O)O)C(=O)O,0,0.097324,0.028968,0.015462
O[C@@H]1COC[C@H]2O[C@@H](CC[C@@H]2N(C1)S(=O)(=O)c1ccc(cc1)Oc1ccccc1)CC(=O)NCCN1CCCCC1,0,0.239547,0.026127,0.007922
C[C@@H]1CCCCO[C@H](CN(C)C(=O)Nc2ccc(cc2)C(F)(F)F)[C@H](C)CN([C@@H](C)CO)C(=O)c2cc(ccc2O1)NC(=O)NC1CCCCC1,0,0.439635,0.073732,0.022143
Cl.N=C(N)NC(=N)NCCc1ccccc1,0,0.073101,0.195567,0.109638
OC[C@H]1O[C@H](CC(=O)NCCc2ccncc2)C=C[C@@H]1NC(=O)CN1CCOCC1,0,0.007486,0.019636,0.010437
CCCCCCCCCCCCCCCC[N+](C)(C)CCN(Cc1ccc(cc1)OC)c1ncccn1,0,0.997418,0.727559,0.326259
C[C@H]1CN([C@@H](C)CO)C(=O)CCCn2nncc2CO[C@@H]1CN(C)Cc1ccc2c(c1)OCCN2C,0,0.201588,0.026430,0.005056
C[C@@H]1CN([C@@H](C)CO)C(=O)c2cc(cnc2O[C@H]1CN(C)C(=O)Nc1ccc(cc1)C(F)(F)F)/C=C/c1ccccc1,0,0.574291,0.329418,0.178867
C[C@@H]1CN([C@@H](C)CO)C(=O)c2c(c3ccccc3n2C)-c2ccccc2CO[C@@H]1CN(C)Cc1ccc(c(c1)Cl)Cl,0,0.304299,0.024711,0.003131
CC(C)NC(=O)N(C)C[C@H]1Oc2ccc(cc2C(=O)N(C[C@H]1C)[C@H](C)CO)NC(=O)Cn1cnnn1,0,0.006543,0.019067,0.004066
C[C@@H](NC(=O)C[C@@H]1O[C@@H](CO)[C@@H](NC(=O)CN2CCOCC2)C=C1)c1ccccc1,0,0.013907,0.023126,0.010858
CC(C)NC(=O)Nc1ccc2c(c1)CC(=O)N(C[C@@H](C)[C@H](CN(C)Cc1ccc3c(c1)OCO3)O2)[C@@H](C)CO,0,0.022189,0.023361,0.003816
COc1ccc2c3c(n(c2c1)C)[C@@H](CO)N(C[C@]13CCN(CC1)C(=O)c1ccccc1)C(=O)Nc1ccccc1F,0,0.064386,0.085659,0.026513
O=C1O[C@H]2CN[C@@H]1C2,0,0.003179,0.020200,0.005161
CC/N=C/1\SC(=CC(=O)N1CC)C(=O)OC,0,0.015353,0.053638,0.020118
C[C@H]1CN([C@H](C)CO)S(=O)(=O)c2ccc(cc2O[C@H]1CN(C)S(=O)(=O)c1cn(cn1)C)C#Cc1cccc(c1)F,0,0.058462,0.017971,0.002678
C[C@H]1CN([C@@H](C)CO)C(=O)Cc2cc(ccc2O[C@@H]1CN(C)S(=O)(=O)c1ccc(cc1)C)NC(=O)CCCN(C)C,0,0.005678,0.022428,0.002856
OC[C@H]1O[C@@H](C[C@H]2[C@@H]1Oc1ccc(cc12)NS(=O)(=O)c1ccc(cc1)F)CC(=O)NCCc1ccccc1,0,0.019192,0.020390,0.006140
C[C@@H]1CN([C@H](C)CO)C(=O)Cc2cc(ccc2O[C@H]1CN(C)CC1CC1)NS(=O)(=O)c1cccs1,0,0.006043,0.017434,0.003634
CN(C)/C=N/C(=S)N1CCOCC1,0,0.000000,0.055458,0.023369
C[C@H]1CCCCO[C@@H](CN(C)S(=O)(=O)c2cccs2)[C@H](C)CN([C@@H](C)CO)C(=O)c2cc(ccc2O1)NC(=O)Nc1c(noc1C)C,0,0.003153,0.018212,0.002274
COc1ccc(cc1)NC(=O)Nc1ccc2c(c1)C(=O)N(C[C@@H](C)[C@@H](CN(C)S(=O)(=O)c1ccccc1)OCCCC[C@H](C)O2)[C@H](C)CO,0,0.002368,0.017489,0.001658
C[C@H]1CN([C@@H](C)CO)C(=O)c2cc(ccc2O[C@H]1CN(C)C(=O)Nc1c(noc1C)C)NC(=O)CCN1CCOCC1,0,0.005892,0.017899,0.002505
C[C@@H]1CN([C@H](C)CO)C(=O)Cc2cc(ccc2O[C@H]1CN(C)Cc1ccc2c(c1)OCO2)NS(=O)(=O)c1ccccc1,0,0.000649,0.018282,0.002826
C[C@@H]1CN([C@H](C)CO)C(=O)c2cc(cnc2O[C@H]1CN(C)S(=O)(=O)c1ccccc1)-c1ccncc1,0,0.005335,0.017504,0.002133
CCCNC(=O)N1C[C@H]2[C@H]([C@H](CO)N2C(=O)CN2CCOCC2)c2ccccc21,0,0.037682,0.029946,0.011308
C[C@H](NC(=O)[C@@H]1N[C@H]2[C@H](CN3C(=O)C(=CC=C23)c2ccc(cc2)C(=O)N(C)C)[C@H]1CO)c1ccccc1,0,0.036086,0.045536,0.009921
CN(C)Cc1cn(nn1)CC[C@H]1CC[C@H](NC(=O)Cc2cccnc2)[C@H](CO)O1,0,0.423797,0.017501,0.008450
C[C@@H](Cc1c[nH]c2ccccc12)NC(=O)CN,0,0.604096,0.049614,0.029146
CO[C@H]1CN(C)C(=O)c2cc(ccc2OC[C@@H](C)N(C[C@@H]1C)C(=O)c1ccc2c(c1)OCO2)NS(=O)(=O)C,0,0.005838,0.018358,0.003182
CC(C)NC(=O)Nc1cccc2c1O[C@H](CN(C)C(=O)Nc1c(noc1C)C)[C@@H](C)CN([C@H](C)CO)C2=O,0,0.115008,0.020029,0.005519
C1CN(CCN1)c1cccc2c1OCCO2,0,0.252467,0.034481,0.025780
C[C@H]1CN([C@@H](C)CO)C(=O)Cc2cc(ccc2O[C@@H]1CN(C)C(=O)Nc1ccc(cc1)F)NS(=O)(=O)C,0,0.058223,0.024472,0.004220
Cl.Cn1c(CCCC(=O)O)nc2cc(N(CCCl)CCCl)ccc21,0,0.987700,0.491576,0.189290
C[C@@H](O)CN1C(=CC(=C(C#N)C1=O)C)O,0,0.000855,0.186735,0.076424
COP(=O)(OC)/N=C\1/CC(=C[C@@H](N1Cc1cccc(c1)OC(F)(F)F)c1cccs1)c1ccc(cc1)CO,1,0.992075,0.800189,0.859771
CC(C)NC(=O)N(C)C[C@@H]1Oc2c(cccc2C(=O)N(C[C@H]1C)[C@H](C)CO)NC(=O)c1cc(nn1C)C,0,0.034894,0.017785,0.004680
CN(C)[C@H]1[C@@H]2C[C@@H]3Cc4c(cc(c(c4C(=O)[C@@H]3C(=O)[C@]2(O)C(=O)[C@H](C(=O)N)C1=O)O)NC(=O)CNC(C)(C)C)N(C)C,0,0.998708,0.708662,0.681028
COC(=O)/C=C/C(=O)OC,0,0.000512,0.057317,0.025923
COc1ccc(cc1)NC(=O)N(C)C[C@@H]1Oc2c(cccc2C(=O)N(C[C@@H]1C)[C@H](C)CO)NC(=O)c1ccc(cc1)-c1nccs1,0,0.018627,0.017215,0.002818
COc1cccc(c1)NC(=O)N(C)C[C@@H]1Oc2cc(ccc2S(=O)(=O)N(C[C@H]1C)[C@@H](C)CO)C#Cc1ccncc1,0,0.035299,0.021259,0.002683
C[C@@H]1CN([C@H](C)CO)C(=O)c2cc(ccc2O[C@@H]1CN(C)S(=O)(=O)C)NC(=O)CCCCCC(=O)Nc1ccccc1N,0,0.012252,0.018467,0.002066
C[C@@H]1CN([C@@H](C)CO)C(=O)Cc2cc(ccc2O[C@@H]1CN(C)Cc1ccc(cc1)Oc1ccccc1)NC(=O)Nc1ccc(cc1)C(F)(F)F,0,0.122969,0.022588,0.007348
OC(=O)C(Cl)Cl,0,0.182187,0.283412,0.123648
C[C@H]1CN([C@H](C)CO)C(=O)c2cccc(c2O[C@@H]1CN(C)C(=O)NC1CCCCC1)NC(=O)c1ccc(cc1)-c1nccs1,0,0.034415,0.017046,0.003680
CCOC(=O)C1C(C=C(C)C)C1(C)C,0,0.150723,0.062357,0.014114
C[C@H]1[C@@H]([C@@H](CCO)O[C@]11C(=O)N(Cc2cccc(c2)N(C=O)c2ccccc2)c2ccccc21)[Si](C)(C)F,0,0.008258,0.089629,0.033368
COc1ccc(cc1)S(=O)(=O)N(C)C[C@H]1Oc2ccc(cc2C(=O)N(C[C@@H]1C)[C@@H](C)CO)NC(=O)Cc1ccccc1,0,0.004889,0.018365,0.003065
C[C@H]1CN([C@@H](C)CO)C(=O)c2cc(cnc2O[C@H]1CN(C)C(=O)C1CCCCC1)C#CC1(O)CCCC1,0,0.018270,0.038110,0.017789
CN1CCN(CC1)C1=NC(=O)C2=C(CCCC2)N1,0,0.602417,0.028893,0.006273
C[C@H]1CN([C@@H](C)CO)C(=O)c2cc(ccc2O[C@@H]1CN(C)Cc1ccccc1)NS(=O)(=O)c1cn(cn1)C,0,0.014759,0.018046,0.002706
C[C@@H]1CCCCO[C@H](CN(C)S(=O)(=O)c2ccc(cc2)C)[C@@H](C)CN([C@@H](C)CO)C(=O)c2cc(ccc2O1)NC(=O)C1CCCCC1,0,0.004767,0.017559,0.002559
CCOC(=O)[C@@H](C#N)C(=O)C1CC1,0,0.000659,0.047965,0.018767
OC[C@@H]1CCCCN1,0,0.007213,0.027334,0.007204
OC[C@H]1O[C@@H](C[C@H]2[C@@H]1Oc1ccc(cc12)NC(=O)Nc1ccc(cc1)C(F)(F)F)CC(=O)N1CCc2ccccc2C1,0,0.222969,0.062461,0.095498
OC(=O)[C@@H]1C2OC3(C=C2)[C@@H]2SCCN2C(=O)C13,0,0.107708,0.388349,0.074135
C[C@H]1CCCCO[C@H](CN(C)C)[C@@H](C)CN([C@@H](C)CO)C(=O)c2cc(ccc2O1)NS(=O)(=O)c1cn(cn1)C,0,0.015823,0.018043,0.003224
COc1ccc(cc1)NC(=O)N(C)C[C@@H]1OCCCC[C@@H](C)Oc2ccc(cc2C(=O)N(C[C@H]1C)[C@H](C)CO)NS(=O)(=O)c1c(noc1C)C,0,0.007543,0.017429,0.002201
C[C@H]1CCCCO[C@@H](CN(C)C(=O)C2CCCCC2)[C@H](C)CN([C@@H](C)CO)C(=O)c2cc(ccc2O1)NC(=O)Nc1ccc2c(c1)OCO2,0,0.008445,0.017274,0.002619
CCC(=O)Nc1nc(cs1)C(=O)NC,0,0.026528,0.024494,0.010308
C[C@@H]1CN([C@@H](C)CO)C(=O)CCCn2cc(nn2)CO[C@H]1CN(C)C(=O)Nc1ccc(cc1)N1CCN(C)CC1,0,0.284772,0.026799,0.007083
C[C@@H]1CCCCO[C@@H](CN(C)C(=O)Nc2cccc3ccccc23)[C@H](C)CN([C@@H](C)CO)C(=O)c2cc(ccc2O1)NC(=O)Nc1cccc2ccccc12,0,0.015087,0.015835,0.003130
COc1ccc(cc1)CN(C)C[C@H]1OCCCC[C@H](C)Oc2ccc(cc2C(=O)N(C[C@@H]1C)[C@H](C)CO)NC(=O)C1CCCCC1,0,0.029850,0.016909,0.003977
CN1CCN(CC1)C(=O)C[C@@H]1CC[C@@H]2[C@H](COC[C@@H](O)CN2S(=O)(=O)c2cccc(c2)C)O1,0,0.336563,0.027065,0.010202
C[C@H]1CN([C@@H](C)CO)C(=O)c2cccc(c2O[C@H]1CN(C)Cc1ccc(cc1)C(=O)Nc1ccccc1N)NC(=O)C1CCCCC1,0,0.020682,0.018269,0.004060
C[C@H]1CN([C@H](C)CO)C(=O)c2c(c3ccccc3n2C)-c2ccccc2CO[C@H]1CN(C)Cc1ccc(cc1)C(=O)O,1,0.078330,0.044270,0.006723
C[C@H]1CN([C@@H](C)CO)S(=O)(=O)c2ccc(cc2O[C@@H]1CN(C)S(=O)(=O)c1ccccc1F)-c1ccncc1,0,0.031573,0.024711,0.003419
COc1ccc(cc1)S(=O)(=O)N(C)C[C@@H]1OCCCC[C@@H](C)Oc2ccc(cc2C(=O)N(C[C@H]1C)[C@H](C)CO)NS(=O)(=O)c1ccc(cc1)Cl,0,0.003650,0.018180,0.002334
CCCCCN1CC=C[C@]23O[C@@H]4/C=C/CCC(=O)N(C)[C@H](C)[C@H](OC(=O)[C@@H]4[C@H]2C(=O)N([C@@H]3C1=O)c1ccccc1Cl)c1ccccc1,0,0.570016,0.165487,0.078535
C[C@@H]1CCCCO[C@H](CN(C)Cc2ccncc2)[C@H](C)CN([C@H](C)CO)C(=O)c2cc(ccc2O1)NC(=O)Nc1ccccc1,0,0.014455,0.016561,0.002019
C[C@H]1CCCCO[C@H](CN(C)C(=O)Nc2cccc3ccccc23)[C@H](C)CN([C@@H](C)CO)C(=O)c2cc(ccc2O1)NC(=O)c1ccccc1,0,0.002691,0.015846,0.001722
CCN1C(=S)C=Cc2ccccc21,0,0.350168,0.238835,0.153703
CC(C)(C)OC(=O)CC[C@@]1(COC(=N1)c1ccc(cc1)OCCCO)C(=O)NCCN1CCOCC1,0,0.001439,0.105883,0.033099
C[C@@H]1CCCCO[C@@H](CN(C)C(=O)Nc2c(noc2C)C)[C@@H](C)CN([C@@H](C)CO)C(=O)c2cc(ccc2O1)NS(=O)(=O)c1ccc(cc1)C,0,0.007328,0.018245,0.002081
C[C@@H]1CCCCO[C@H](CN(C)C(=O)Nc2ccc(cc2)F)[C@@H](C)CN([C@@H](C)CO)C(=O)c2cc(ccc2O1)NC(=O)NC1CCCCC1,0,0.086358,0.016340,0.003693
C[C@@H]1CN([C@H](C)CO)C(=O)c2cc(cnc2O[C@@H]1CN(C)C(=O)Cc1ccccn1)-c1cccc(c1)C(=O)N(C)C,0,0.001526,0.015791,0.002504
C[C@@H]1CN([C@@H](C)CO)C(=O)c2cccc(c2O[C@H]1CN(C)S(=O)(=O)c1cn(cn1)C)NC(=O)Nc1ccc(cc1)F,0,0.138931,0.018545,0.003456
C[C@H]1COC(=O)[C@@H](CC=CC[C@@H](CC(=O)N[C@H](CO)Cc2ccccc2)C(=O)N1)Cc1ccc(cc1)F,0,0.016956,0.061968,0.017354
COCCNC(=O)C[C@@H]1CC[C@@H]2[C@H](COC[C@H](O)CN2C(=O)Nc2ccccc2OC)O1,0,0.529670,0.170816,0.044566
C[C@@H]1CN([C@H](C)CO)C(=O)c2cccc(c2O[C@@H]1CN(C)S(=O)(=O)c1ccccc1)NC(=O)c1cc(nn1C)C,0,0.007622,0.017291,0.003071
COc1ncc(c(n1)OC)-c1ccc2c(c(cnc2c1)S(=O)(=O)NC1CC1)Nc1cc(cc(c1)C(=O)O)Oc1cc(cc(c1)F)F,1,0.580861,0.636979,0.231841
CO[C@@H](CCO)[C@@H](O)c1ccc(c(c1)O)OC,0,0.231488,0.051592,0.043530
C[C@@H]1CCCCO[C@H](CN(C)S(=O)(=O)c2cccs2)[C@@H](C)CN([C@@H](C)CO)C(=O)c2cc(ccc2O1)NC(=O)Nc1c(noc1C)C,0,0.003153,0.018212,0.002274
CC(C)NC(=O)N(C)C[C@H]1Oc2ccc(cc2C(=O)N(C[C@H]1C)[C@H](C)CO)NC(=O)Nc1ccc2c(c1)OCO2,0,0.012190,0.017731,0.002669
OC[C@H]1O[C@@H](CCNC(=O)CN2CCOCC2)CC[C@@H]1NS(=O)(=O)c1ccc(cc1)Cl,0,0.014619,0.030989,0.013261
COCC(=O)N1C[C@@H](C)[C@@H](CN(C)C(=O)c2cc(ccc2OC[C@H]1C)NC(=O)Nc1ccccc1)OC,0,0.016875,0.020548,0.003780
Cc1ccc(cc1C(F)(F)F)NC(=O)[C@H]1CCCN([C@H]1c1ccc(cc1)NC1CCCC1)C(=O)c1c(cccc1F)C,0,0.982696,0.476604,0.562765
CC(C)NC(=O)Nc1ccc2c(c1)C(=O)N(C[C@@H](C)[C@@H](CN(C)C(=O)Nc1ccccc1)OCCCC[C@@H](C)O2)[C@H](C)CO,0,0.010574,0.018695,0.002699
CN(C)Cc1cn(nn1)CC[C@@H]1CC[C@H](NS(=O)(=O)c2ccccc2)[C@H](CO)O1,0,0.158306,0.018324,0.007175
C[C@H]1CCCCO[C@H](CN(C)C(=O)Nc2ccccc2)[C@H](C)CN([C@@H](C)CO)C(=O)c2cc(ccc2O1)NC(=O)C1CCCCC1,0,0.011253,0.017065,0.002456
CCC(CC)C(=O)N[C@H]1CN(C)C(=O)C1,0,0.021404,0.022266,0.006501
COc1ccc(cc1)NC(=O)N(C)C[C@@H]1OCCCC[C@@H](C)Oc2ccc(cc2C(=O)N(C[C@@H]1C)[C@H](C)CO)NC(=O)Nc1ccc(cc1)F,0,0.038519,0.016084,0.001868
OC[C@@H]1O[C@H](C[C@H]2[C@@H]1Oc1ccc(cc12)NC(=O)Nc1ccc(cc1)C(F)(F)F)CC(=O)NC1CCCCC1,0,0.787383,0.352919,0.180428
CCC(=O)NCc1nc(cc(n1)N(C)C)C,0,0.046664,0.022455,0.006008
Cc1cc(no1)NC(=O)CSc1nnc[nH]1,0,0.618193,0.081853,0.061348
C[C@H](O)[C@H](O)[C@@H](O)[C@@H](O)/C=N/NC(=O)c1ccc(cc1)C(=O)NO,0,0.059855,0.027406,0.009234
C[C@H]1CN([C@H](C)CO)C(=O)c2cc(cnc2O[C@@H]1CN(C)C(=O)Cc1ccccc1)C#CC1(O)CCCC1,0,0.005711,0.024465,0.012656
CC(C)[N+](C)(CCC(C(N)=O)(c1ccccc1)c1ccccc1)C(C)C.[I-],0,0.905983,0.375851,0.246096
CCOC(=O)C(=C)O,0,0.001518,0.050965,0.013182
C[C@H]1CN([C@@H](C)CO)C(=O)c2cccc(c2O[C@H]1CN(C)S(=O)(=O)C)NS(=O)(=O)c1ccc(cc1)F,0,0.027052,0.018551,0.005853
COCC(=O)N1C[C@@H](C)[C@@H](CN(C)C(=O)c2cc(ccc2OC[C@@H]1C)NC(=O)c1cc(on1)C)OC,0,0.008306,0.018329,0.004459
COC(=O)[C@H]1[C@H]2CO[C@@H]1CN2,0,0.008025,0.018926,0.004614
COc1ccc(cc1)S(=O)(=O)Nc1ccc2c(c1)C(=O)N(C[C@H](C)[C@H](CN(C)C(=O)c1ccccc1)OCCCC[C@H](C)O2)[C@H](C)CO,0,0.000474,0.017699,0.001758
COc1ccc(cc1)S(=O)(=O)N(C)C[C@@H]1Oc2cc(ccc2S(=O)(=O)N(C[C@@H]1C)[C@@H](C)CO)C#CC1CC1,0,0.026434,0.021080,0.003234
CCC=CCC=CCC=CCC=CCC=CCC=CCCC(=O)O,0,0.000113,0.148149,0.049264
COc1cc(C)c(C=CC=CC=CC=CC(=O)O)c(C)c1C,0,0.966699,0.250199,0.227459
C[C@H]1CN([C@@H](C)CO)S(=O)(=O)c2ccc(cc2O[C@H]1CN(C)C(=O)Cc1ccncc1)C1=CCCC1,0,0.014500,0.021127,0.004061
C[C@H]1CN([C@H](C)CO)C(=O)c2cc(cnc2O[C@@H]1CN(C)S(=O)(=O)c1ccc(cc1)F)-c1cccc(c1)C(=O)N(C)C,0,0.004087,0.018116,0.002987
C[C@@H]1CN([C@H](C)CO)C(=O)Cc2cc(ccc2O[C@H]1CN(C)CC1CCCCC1)NC(=O)Nc1ccc(cc1)C(F)(F)F,0,0.633416,0.157633,0.139260
CCOC(=O)N(C)C[C@@H]1OCc2cn(nn2)CCCC(=O)N(C[C@H]1C)[C@@H](C)CO,0,0.040905,0.019522,0.004686
COc1ccccc1NC(=O)N(C)C[C@@H]1OCc2ccccc2-c2c(n(c3ccccc23)C)C(=O)N(C[C@H]1C)[C@@H](C)CO,0,0.039089,0.019492,0.002763
O=C1NN=COc2ccccc21,0,0.180166,0.033106,0.018048
COc1ccc(cc1)NC(=O)N(C)C[C@H]1Oc2c(cccc2C(=O)N(C[C@H]1C)[C@H](C)CO)NS(=O)(=O)c1c(noc1C)C,0,0.036816,0.016615,0.002950
CCCCCCCCCCCCCCCC(=O)N[C@@H](CCC(=O)NCCCC[C@H](NC(=O)[C@H](C)NC(=O)[C@H](C)NC(=O)[C@H](CCC(=O)N)NC(=O)CNC(=O)[C@H](CCC(=O)O)NC(=O)[C@H](CC(C)C)NC(=O)[C@H](Cc1ccc(cc1)O)NC(=O)[C@H](CO)NC(=O)[C@H](CO)NC(=O)[C@@H](NC(=O)[C@H](CC(=O)O)NC(=O)[C@H](CO)NC(=O)[C@@H](NC(=O)[C@H](Cc1ccccc1)NC(=O)[C@@H](NC(=O)CNC(=O)[C@H](CCC(=O)O)NC(=O)[C@H](C)NC(=O)[C@@H](N)Cc1cnc[nH]1)[C@@H](C)O)[C@@H](C)O)C(C)C)C(=O)N[C@@H](CCC(=O)O)C(=O)N[C@@H](Cc1ccccc1)C(=O)N[C@@H]([C@@H](C)CC)C(=O)N[C@@H](C)C(=O)N[C@@H](Cc1c[nH]c2ccccc12)C(=O)N[C@@H](CC(C)C)C(=O)N[C@@H](C(C)C)C(=O)N[C@@H](CCCNC(=N)N)C(=O)NCC(=O)N[C@@H](CCCNC(=N)N)C(=O)NCC(=O)O)C(=O)O,0,0.566593,0.239937,0.026191
CC(C)C#Cc1ccc2c(c1)O[C@H](CN(C)S(=O)(=O)c1cn(cn1)C)[C@H](C)CN([C@H](C)CO)S2(=O)=O,0,0.033797,0.018767,0.002884
COc1ccc(cc1)S(=O)(=O)N(C)C[C@H]1Oc2c(cccc2C(=O)N(C[C@H]1C)[C@H](C)CO)NC(=O)c1cc(nn1C)C,0,0.012088,0.017287,0.002925
CC(C)NC(=O)N(C)C[C@@H]1Oc2ccc(cc2C(=O)N(C[C@H]1C)[C@H](C)CO)NC(=O)Cc1ccccc1,0,0.007681,0.019935,0.004550
C[C@H]1CN([C@H](C)CO)C(=O)c2cccc(c2O[C@H]1CN(C)S(=O)(=O)C)NS(=O)(=O)c1c(noc1C)C,0,0.018882,0.017561,0.004487
COc1ccc(cc1)C#Cc1ccc2c(c1)O[C@@H](CN(C)C(=O)C)[C@@H](C)CN([C@H](C)CO)S2(=O)=O,0,0.028721,0.024074,0.004067
C[C@H]1CN([C@H](C)CO)C(=O)c2cc(ccc2O[C@H]1CN(C)CC1CC1)NS(=O)(=O)c1ccc(cc1)C,0,0.019883,0.018081,0.003214
CO[C@H]1CN(C)C(=O)c2cc(ccc2OC[C@@H](C)N(C[C@H]1C)C(=O)NC(C)C)NS(=O)(=O)c1ccccc1,0,0.004261,0.021112,0.002776
C[C@@H]1CCn2cc(nn2)COC[C@@H](Cc2ccccc2)NC(=O)[C@H](C)CCn2cc(nn2)COC[C@@H](Cc2ccccc2)NC1=O,0,0.016857,0.078941,0.018212
C[C@@H]1CN([C@H](C)CO)C(=O)c2cc(ccc2O[C@@H]1CN(C)C(=O)Nc1ccccc1)NC(=O)Cn1cnnn1,0,0.008029,0.017197,0.003421
CC(C)NC(=O)Nc1ccc2c(c1)C(=O)N(C[C@@H](C)[C@H](CN(C)C(=O)Nc1ccc(cc1)F)OCCCC[C@H](C)O2)[C@@H](C)CO,0,0.081398,0.024484,0.004104
COc1ccc(cc1)NC(=O)N(C)C[C@H]1Oc2ccc(cc2C(=O)N(C[C@@H]1C)[C@@H](C)CO)NC(=O)C1CC1,0,0.023378,0.019738,0.002721
C[C@H]1CN([C@H](C)CO)C(=O)c2cccc(c2O[C@@H]1CN(C)C(=O)Nc1c(noc1C)C)NC(=O)c1cnccn1,0,0.158081,0.021532,0.004941
CO[C@@H]1CN(C)C(=O)c2cc(ccc2OC[C@@H](C)N(C[C@H]1C)C(=O)CN(C)C)NS(=O)(=O)C,0,0.035607,0.079369,0.003942
C[C@H]1CN([C@@H](C)CO)C(=O)Cc2cc(ccc2O[C@H]1CN(C)Cc1ccncc1)NC(=O)c1ccncc1,0,0.005150,0.018061,0.001872
CCOC(=O)c1cc2c(c(n1)-c1cccc(c1)C#CCN(C)C)[C@@H](CCO[Si](C)(C)C(C)(C)C)N(C2)[S@](=O)C(C)(C)C,0,0.033418,0.457243,0.248692
OCCN(Cc1ccccc1)C(=O)C[C@@H](CC=C)C(=O)NC[C@@H](OC(=O)[C@@H](CC=C)Cc1ccc(cc1)F)c1ccccc1,0,0.012138,0.036932,0.015942
CCCC(=O)Nc1ccc2c(c1)OC[C@@H](C)N(C[C@H](C)[C@H](CN(C)C2=O)OC)Cc1ccc(cc1)-c1ccccn1,0,0.011870,0.036612,0.006322
C[C@@H]1CN([C@H](C)CO)C(=O)c2cccc(c2O[C@H]1CN(C)C(=O)Nc1cccc2ccccc12)NC(=O)NC1CCCCC1,0,0.042997,0.020026,0.005789
CC(=O)NN1C=C(C(=O)O)c2ccccc2C1=O,0,0.448158,0.070749,0.081306
CCOC(=O)c1cc2c(c(n1)-c1cccc(c1)Br)[C@@H](CCOC)N(C2)[S@](=O)C(C)(C)C,0,0.780583,0.348369,0.194053
C[C@H]1CN([C@@H](C)CO)C(=O)CCCn2cc(nn2)CO[C@H]1CN(C)C(=O)Nc1ccc2c(c1)OCO2,0,0.030742,0.023117,0.003024
C[C@@H]1CN([C@@H](C)CO)C(=O)c2cc(ccc2O[C@@H]1CN(C)C(=O)Nc1ccc(cc1)F)NC(=O)Cn1cnnn1,0,0.066478,0.020528,0.007195
Cc1ccc2cc3c(ccc4ccccc43)c3c2c1CC3,0,0.725304,0.344602,0.217768
C[C@@H]1CN([C@@H](C)CO)C(=O)c2cccc(c2O[C@H]1CN(C)Cc1ccc(cc1)C(=O)Nc1ccccc1N)NC(=O)Nc1ccc2c(c1)OCO2,0,0.009741,0.018153,0.002635
NCc1ccc(cc1)-c1ccc(cc1)Br,0,0.942498,0.294338,0.128086
CN1C(=O)C(=O)N(C)c2cc(ccc21)S(=O)(=O)N1CCOCC1,0,0.116811,0.234817,0.028208
C[C@@H]1CCCCO[C@@H](CN(C)S(=O)(=O)c2cccs2)[C@@H](C)CN([C@@H](C)CO)C(=O)c2cc(ccc2O1)NC(=O)Nc1cccc2ccccc12,0,0.002098,0.018370,0.001913
COc1ccc(cc1OC)C#Cc1cnc2c(c1)C(=O)N(C[C@H](C)[C@H](CN(C)C(=O)Nc1cccc3ccccc13)O2)[C@H](C)CO,0,0.024329,0.017566,0.002168
C[C@H]1CN([C@H](C)CO)C(=O)c2cc(cnc2O[C@H]1CN(C)S(=O)(=O)C)Br,0,0.030710,0.021795,0.004666
NC[C@@H](N1CCOCC1)c1ccccc1,0,0.101615,0.106851,0.046029
C[C@H]1CN([C@@H](C)CO)C(=O)Cc2cc(ccc2O[C@H]1CN(C)C(=O)Nc1ccccc1)NC(=O)CCN1CCOCC1,0,0.002192,0.016810,0.002777
CC(C)NC(=O)Nc1ccc2c(c1)C(=O)N(C[C@@H](C)[C@@H](CN(C)S(=O)(=O)c1cn(cn1)C)O2)[C@@H](C)CO,0,0.027144,0.018689,0.003802
COc1ccc(cc1)S(=O)(=O)N(C)C[C@H]1OCCCC[C@H](C)Oc2ccc(cc2C(=O)N(C[C@@H]1C)[C@H](C)CO)NC(=O)NC1CCCCC1,0,0.007842,0.017870,0.002433
CC1CCN(CC1)C(=O)N1c2ccccc2Sc2ccccc21,0,0.700366,0.542811,0.229452
C[C@H]1CCCCO[C@@H](CN(C)S(=O)(=O)c2ccc(cc2)F)[C@H](C)CN([C@@H](C)CO[Si](C)(C)C(C)(C)C)C(=O)c2cc(ccc2O1)NC(=O)Nc1ccccc1,0,0.000697,0.025411,0.007020
O[C@H]1COC[C@H]2O[C@H](CC[C@@H]2N(C1)S(=O)(=O)c1ccc(cc1)F)CC(=O)O,0,0.446222,0.075649,0.030602
C[C@H]1CCCCO[C@@H](CN(C)CC2CC2)[C@@H](C)CN([C@H](C)CO)C(=O)c2cc(ccc2O1)NC(=O)c1ccccc1,0,0.013650,0.018135,0.002802
C[C@@H]1CN([C@@H](C)CO)S(=O)(=O)c2ccc(cc2O[C@H]1CN(C)C(=O)c1ccncc1)C#CC1(O)CCCC1,0,0.007121,0.018259,0.002595
COC(=O)C[C@@H]1CC[C@H]2NC[C@H](O)COC[C@@H]2O1,0,0.051180,0.019069,0.004996
C[C@@H]1CN([C@@H](C)CO)C(=O)c2cccc(c2O[C@@H]1CN(C)CC1CC1)NS(=O)(=O)c1ccc(cc1)F,0,0.050701,0.019410,0.004301
CN(C)CCNC1=NC(=O)NN=C1C,0,0.858410,0.023502,0.007914
Cn1nc(c2c1CN(CCO)C2)Cn1ccnc1,0,0.514331,0.039027,0.009316
CC(C)CC#Cc1cnc2c(c1)C(=O)N(C[C@@H](C)[C@@H](CN(C)S(=O)(=O)c1ccccc1)O2)[C@H](C)CO,0,0.011109,0.018888,0.003209
C[C@H]1CN([C@@H](C)CO)C(=O)Cc2cc(ccc2O[C@H]1CN(C)Cc1ccc(cc1)C(F)(F)F)NC(=O)CCC(F)(F)F,0,0.432211,0.121028,0.031167
C[C@@H]1CN([C@@H](C)CO)C(=O)c2cc(ccc2O[C@H]1CN(C)S(=O)(=O)C)NC(=O)Cc1cn(c2ccccc12)C,0,0.007952,0.018402,0.002285
O.O.OCC1OC(OC2OC(CO)C(O)C(O)C2O)C(O)C(O)C1O,0,0.000013,0.265678,0.043208
C[C@@H]1CN([C@H](C)CO)C(=O)c2cc(ccc2O[C@H]1CN(C)Cc1ccncc1)NC(=O)Nc1cccc2ccccc12,0,0.018448,0.017125,0.002856
COc1ccc(cc1)C#Cc1ccc2c(c1)[C@@]1([C@@H]([C@@H]3N([C@H]([C@H](OC3=O)c3ccccc3)c3ccccc3)[C@@H]1c1ccc(cc1)O)C(=O)N1CCN(CC1)c1ncccn1)C(=O)N2,0,0.011148,0.054592,0.012523
C[C@H]1CN([C@H](C)CO)C(=O)CCCn2cc(nn2)CO[C@@H]1CN(C)S(=O)(=O)c1cn(cn1)C,0,0.008183,0.019396,0.003830
C[C@@H]1CN([C@H](C)CO)C(=O)Cc2cc(ccc2O[C@H]1CN(C)S(=O)(=O)C)NS(=O)(=O)c1c(noc1C)C,0,0.005534,0.017325,0.003452
C[C@@H]1CCCCO[C@@H](CN(C)S(=O)(=O)c2ccc(cc2)C)[C@@H](C)CN([C@@H](C)CO)C(=O)c2cc(ccc2O1)NC(=O)Nc1ccc2c(c1)OCO2,0,0.002422,0.017872,0.001937
C[C@@H]1CN([C@H](C)CO)S(=O)(=O)c2ccc(cc2O[C@H]1CN(C)S(=O)(=O)C)-c1ccc(cc1)F,0,0.048017,0.019336,0.005709
C[C@@H]1CCCCO[C@@H](CN(C)S(=O)(=O)c2ccc(cc2)Cl)[C@@H](C)CN([C@@H](C)CO)C(=O)c2cc(ccc2O1)NS(=O)(=O)c1ccc(cc1)Cl,0,0.009945,0.018203,0.002737
CC(C)Nc1ncnc(c1[N+](=O)[O-])N,0,0.997641,0.229626,0.075636
CCCCCCCCNC(C)C(O)c1ccc(SC(C)C)cc1,0,0.856663,0.624697,0.289077
OCc1ccc(cc1)CO[C@@H]1C[C@@H](C=C(O1)C(=O)NCc1nc2ccccc2[nH]1)c1ccc(cc1)C(F)(F)F,0,0.876124,0.171512,0.130050
CCOC(=O)c1cc2c(c(n1)-c1ccccc1)[C@@H](CCO[Si](C)(C)C(C)(C)C)N(C2)[S@](=O)C(C)(C)C,0,0.007111,0.387895,0.339571
O[C@H]1COC[C@H]2O[C@@H](CC[C@@H]2N(C1)C(=O)Nc1ccc(cc1)F)CC(=O)NCCCN1CCOCC1,0,0.711269,0.357401,0.288480
C[C@@H](O)C#Cc1cnc2c(c1)C(=O)N(C[C@@H](C)[C@H](CN(C)C(=O)C)O2)[C@@H](C)CO,0,0.008354,0.020103,0.005149
C[C@@H]1CN([C@@H](C)CO)C(=O)c2cc(ccc2O[C@@H]1CN(C)Cc1ccc(cc1)C(=O)Nc1ccccc1N)NS(=O)(=O)c1cn(cn1)C,0,0.007613,0.018235,0.002132
C[C@@H]1CCCCO[C@@H](CN(C)S(=O)(=O)C)[C@@H](C)CN([C@H](C)CO)C(=O)c2cc(ccc2O1)NS(=O)(=O)c1cccs1,0,0.002836,0.017325,0.002804
CC(C)NC(=O)Nc1ccc2c(c1)C(=O)N(C[C@@H](C)[C@H](CN(C)C(=O)Nc1ccc3c(c1)OCO3)O2)[C@H](C)CO,0,0.013034,0.017731,0.002341
CCN1C[C@@H](CC1=O)C(=O)N1CCN(CC1)c1ncccc1C(=O)N,0,0.001983,0.090721,0.011717
C[C@H]1CCCCO[C@H](CN(C)C(=O)CCCN(C)C)[C@H](C)CN([C@@H](C)CO)C(=O)c2cc(ccc2O1)NC(=O)Nc1cccc2ccccc12,0,0.016189,0.017037,0.001800
C[C@@H]1CCCCO[C@@H](CN(C)S(=O)(=O)c2ccccc2)[C@H](C)CN([C@@H](C)CO)C(=O)c2cc(ccc2O1)NC(=O)c1ccccc1,0,0.000396,0.017559,0.001906
C[C@H]1CN([C@H](C)CO)C(=O)c2cccc(c2O[C@@H]1CN(C)C(=O)Nc1ccccc1)NS(=O)(=O)C,0,0.092463,0.017919,0.004839
COc1cc(cc(c1)C(=O)OCCN1CCCN(CCOC(=O)c2cc(cc(c2)OC)OC)CC1)OC,0,0.054783,0.216832,0.052670
COCCNC(=O)C[C@@H]1C[C@@H]2[C@@H](Oc3ccc(cc32)NS(=O)(=O)C)[C@H](CO)O1,0,0.035556,0.018331,0.005073
C[C@H]1CCCCO[C@H](CN(C)S(=O)(=O)c2ccc(cc2)F)[C@H](C)CN([C@H](C)CO)C(=O)c2cc(ccc2O1)NS(=O)(=O)c1ccc(cc1)C,0,0.004571,0.017398,0.002600
O[C@H]1COC[C@@H]2O[C@@H](CC[C@H]2N(C1)C(=O)Nc1cccc(c1)Cl)CC(=O)NCCCN1CCOCC1,1,0.673813,0.637711,0.925448
OCCC#Cc1ccc2c(c1)[C@@]1([C@@H]([C@@H]3N([C@H]([C@H](OC3=O)c3ccccc3)c3ccccc3)[C@@H]1c1ccc(cc1)O)C(=O)Nc1nc3ccccc3s1)C(=O)N2,0,0.050590,0.123628,0.015285
C[C@@H]1CCCCO[C@@H](CN(C)C(=O)Nc2ccccc2)[C@@H](C)CN([C@H](C)CO)C(=O)c2cc(ccc2O1)NC(=O)CCCCCC(=O)Nc1ccccc1N,0,0.007059,0.017198,0.001939
CN1[C@H]2CC[C@H](CC(=O)NCC(F)(F)F)O[C@H]2COc2ccc(cc2C1=O)NC(=O)c1cccs1,0,0.099141,0.187951,0.126642
C[C@H]1CCCCO[C@H](CN(C)C(=O)Nc2cccc3ccccc23)[C@H](C)CN([C@@H](C)CO)C(=O)c2cc(ccc2O1)NS(=O)(=O)c1c(noc1C)C,0,0.005621,0.018337,0.002303
C[C@@H]1CCCCO[C@@H](CN(C)C(=O)c2ccccc2)[C@@H](C)CN([C@@H](C)CO)C(=O)c2cc(ccc2O1)NC(=O)Nc1ccc2c(c1)OCO2,0,0.001334,0.016854,0.001839
OC[C@H]1O[C@@H](CC[C@H]1NC(=O)Cc1ccccn1)CC(=O)NCCCN1CCOCC1,0,0.007054,0.023426,0.008543
COc1ccc(cc1)S(=O)(=O)N(C)C[C@H]1Oc2ccc(cc2C(=O)N(C[C@H]1C)[C@@H](C)CO)NC(=O)NC(C)C,0,0.027320,0.019123,0.003421
OC[C@@H]1O[C@H](CC[C@H]1NC(=O)Cc1ccccn1)CC(=O)NCCc1ccncc1,0,0.013403,0.026002,0.011623
C[C@@H]1CN([C@@H](C)CO)C(=O)Cc2cc(ccc2O[C@@H]1CN(C)C(=O)Nc1ccc(cc1)F)NS(=O)(=O)C,0,0.058223,0.024472,0.004220
CC(C)[Si](O[Si](C#Cc1ccc(cc1)Oc1ccccc1)(C(C)C)C(C)C)(C#Cc1ccc(cc1)Oc1ccccc1)C(C)C,0,0.026282,0.418488,0.116155
CC1(C)CCC2(C(=O)O)CCC3(C)C(=CCC4C5(C)CCC(O)C(C)(CO)C5CCC43C)C2C1,0,0.941827,0.428416,0.200781
N[C@H](CSCSC[C@H](N)C(=O)O)C(=O)O,0,0.226670,0.087303,0.027356
C[C@H]1CCCCO[C@@H](CN(C)C(=O)c2ccccc2)[C@H](C)CN([C@@H](C)CO)C(=O)c2cc(ccc2O1)NS(=O)(=O)c1ccc(cc1)C,0,0.000625,0.017787,0.001862
CNC(=O)C[C@@H]1CC[C@H]2[C@@H](COC[C@H](O)CN2C(=O)c2ccccn2)O1,0,0.139304,0.020738,0.009235
C[C@@H]1CN([C@H](C)CO)C(=O)c2cccc(c2O[C@H]1CN(C)CC1CC1)NS(=O)(=O)c1cn(cn1)C,0,0.039322,0.018516,0.002633
O=C1C[C@@H]([C@@H]2CO[C@@H]1O2)N1C(=O)CCC1=O,0,0.014663,0.053074,0.022607
C[C@H]1CN([C@@H](C)CO)C(=O)c2cc(ccc2O[C@H]1CN(C)S(=O)(=O)c1ccc(cc1)C)NS(=O)(=O)c1cccs1,0,0.005197,0.017665,0.002793
C[C@H]1CCCCO[C@H](CN(C)C(=O)Nc2ccc(cc2)F)[C@@H](C)CN([C@@H](C)CO)C(=O)c2cc(ccc2O1)NC(=O)CCC(F)(F)F,0,0.269614,0.020280,0.010438
C[C@@H]1CN([C@@H](C)CO)C(=O)c2c(c3ccccc3n2C)-c2ccccc2CO[C@H]1CN(C)C(=O)Nc1ccc(cc1)F,0,0.109119,0.018195,0.005171
CN1CCN(CC1)C(=O)C[C@H]1CC[C@H]2[C@@H](COC[C@H](O)CN2C(=O)Nc2ccc3c(c2)OCO3)O1,0,0.344807,0.054146,0.025458
NC(=S)c1ccc(nc1)-n1cncn1,0,0.000002,0.093185,0.066632
C[C@H]1CN([C@H](C)CO)C(=O)c2cc(ccc2O[C@@H]1CN(C)S(=O)(=O)C)NC(=O)Nc1c(noc1C)C,0,0.044977,0.018393,0.005144
C[C@H]1CN([C@@H](C)CO)C(=O)c2cc(ccc2O[C@H]1CN(C)C(=O)Nc1cccc2ccccc12)NC(=O)C1CCCCC1,0,0.020018,0.021594,0.006276
CC(C)NC(=O)Nc1ccc2c(c1)C(=O)N(C[C@@H](C)[C@@H](CN(C)Cc1ccc(c(c1)Cl)Cl)OCCCC[C@H](C)O2)[C@H](C)CO,0,0.130195,0.019487,0.004469
CC(C)NC(=O)N(C)C[C@@H]1Oc2c(cccc2C(=O)N(C[C@H]1C)[C@@H](C)CO)NC(=O)Nc1c(noc1C)C,0,0.143645,0.021919,0.006021
C[C@@H]1CN([C@@H](C)CO)C(=O)c2cc(ccc2O[C@@H]1CN(C)S(=O)(=O)c1cn(cn1)C)NC(=O)CCC(F)(F)F,0,0.064185,0.041337,0.024046
COc1ccccc1CN1[C@@H](c2ccc(cc2)CO)[C@@](Cc2ccccc2I)(C(=O)NCC(C)C)c2ccccc2C1=O,0,0.088968,0.073474,0.022826
C[C@@H]1CCCCO[C@H](CN(C)Cc2ccncc2)[C@@H](C)CN([C@H](C)CO)C(=O)c2cc(ccc2O1)NS(=O)(=O)c1ccc(cc1)Cl,0,0.008118,0.017407,0.001957
C[C@H]1CCCCO[C@H](CN(C)CC2CCCCC2)[C@H](C)CN([C@@H](C)CO)C(=O)c2cc(ccc2O1)NC(=O)Nc1ccccc1,0,0.064440,0.017287,0.004662
Cc1ccc2c(c1)C(=O)C1=C(O2)C(=O)N(Cc2ccco2)[C@]11C(=O)N(Cc2ccccc2F)c2ccccc21,0,0.000417,0.234554,0.129167
C[C@@H](O)C#Cc1ccc2c(c1)O[C@@H](CN(C)C(=O)c1ccncc1)[C@@H](C)CN([C@H](C)CO)S2(=O)=O,0,0.021537,0.018269,0.002962
Cc1ccccc1S(=O)(=O)N1C[C@H](O)COC[C@@H]2O[C@H](CC[C@H]21)CC(=O)N1CCC(CC1)Cc1ccccc1,0,0.261516,0.061570,0.014014
NC1(CCCC1)C(=O)O,0,0.084262,0.026329,0.006018
CNC[C@H]1Oc2ccc(cc2C(=O)N(C[C@H]1C)[C@H](C)CO)NS(=O)(=O)c1cn(cn1)C,0,0.039927,0.017397,0.003523
COc1ccc(cc1)S(=O)(=O)N(C)C[C@@H]1OCCCC[C@@H](C)Oc2ccc(cc2C(=O)N(C[C@H]1C)[C@H](C)CO)NC(=O)NC1CCCCC1,0,0.007842,0.017870,0.002433
CN1CCN(CC1)C(=O)C[C@H]1CC[C@@H]2[C@H](COC[C@H](O)CN2C(=O)Nc2ccc3c(c2)OCO3)O1,0,0.344807,0.054146,0.025458
CC(C)(C)[S@@](=O)N1Cc2cc3nc(c2[C@H]1CCOC(=O)c1cc2c(c(n1)-c1cccc(c1)Br)[C@@H](CCOC3=O)N(C2)[S@](=O)C(C)(C)C)-c1cccc(c1)Br,0,0.077849,0.433208,0.076185
COCCc1nc2c(n1C)C(=O)N(C)C(=O)N2C,0,0.324895,0.025727,0.012571
C[C@H]1CN([C@H](C)CO)C(=O)Cc2cc(ccc2O[C@@H]1CN(C)Cc1ccc(cc1)C(=O)Nc1ccccc1N)NC(=O)Nc1ccc(cc1)F,0,0.034608,0.018005,0.002359
CC1=C(C)C(=O)N=C(N1)SCCC(=O)O,0,0.205632,0.049715,0.046634
CC(C)(C)C1CCC(CC1)OC[C@@H](O)CN1CCC(CC1)CN1C(=O)c2cccc3cccc(c23)C1=O,1,0.694884,0.381022,0.125641
C[C@H]1CN([C@H](C)CO)S(=O)(=O)c2ccc(cc2O[C@@H]1CN(C)S(=O)(=O)C)-c1ccc(cc1)F,0,0.048017,0.019336,0.005709
COc1ccc(cc1)NC(=O)Nc1cccc2c1O[C@@H](CN(C)S(=O)(=O)c1cn(cn1)C)[C@@H](C)CN([C@H](C)CO)C2=O,0,0.038899,0.017291,0.002383
C[C@@H]1CN([C@@H](C)CO)C(=O)c2cc(ccc2O[C@H]1CN(C)CC1CC1)NS(=O)(=O)c1c(noc1C)C,0,0.021956,0.017296,0.004108
NS(=O)(=O)c1ccc(cc1)N1CCCC1=O,0,0.000044,0.029636,0.009792
C[C@@H]1CN([C@@H](C)CO)C(=O)Cc2cc(ccc2O[C@H]1CN(C)C(=O)Nc1cccc2ccccc12)NC(=O)CCC(F)(F)F,0,0.101414,0.032013,0.016307
NC(=O)CSc1ncn(n1)-c1ccccc1,0,0.511062,0.160581,0.122895
COc1ccc(cc1)S(=O)(=O)N(C)C[C@@H]1OCCCC[C@H](C)Oc2ccc(cc2C(=O)N(C[C@@H]1C)[C@H](C)CO)NC(=O)Nc1cccc2ccccc12,0,0.004550,0.018701,0.002087
C[C@H]1CCCCO[C@H](CN(C)C(=O)Nc2ccc(cc2)C(F)(F)F)[C@H](C)CN([C@@H](C)CO)C(=O)c2cc(ccc2O1)NS(=O)(=O)c1cn(cn1)C,1,0.207859,0.642292,0.794772
C[C@@H]1CN([C@H](C)CO)C(=O)Cc2cc(ccc2O[C@@H]1CN(C)S(=O)(=O)c1c(noc1C)C)NS(=O)(=O)c1c(noc1C)C,0,0.004356,0.025117,0.004539
C[C@H]1CCCCO[C@@H](CN(C)S(=O)(=O)c2ccc(cc2)C)[C@@H](C)CN([C@H](C)CO)C(=O)c2cc(ccc2O1)NC(=O)c1ccccc1,0,0.000869,0.017533,0.001856
O=C(OC1Cc2c(O)cc(O)cc2OC1c1cc(O)c(O)c(O)c1-c1c(C2Oc3cc(O)cc(O)c3CC2OC(=O)c2cc(O)c(O)c(O)c2)cc(O)c(O)c1O)c1cc(O)c(O)c(O)c1,0,0.636494,0.116518,0.035042
OCCCOc1ccc(cc1)C1=N[C@](CCS(=O)(=O)c2ccccc2)([C@H](O1)c1ccccc1)C(=O)N1CCOCC1,0,0.002788,0.036623,0.021320
Cc1ncc([N+](=O)[O-])n1CC(C)O,0,0.971019,0.137135,0.041801
C[C@H]1CN([C@H](C)CO)C(=O)c2cc(cnc2O[C@H]1CN(C)C(=O)Nc1cccc2ccccc12)C#Cc1ccccc1,0,0.020863,0.018147,0.003548
C[C@@H](N1C(=O)c2ccccc2C1=O)C(=O)O,0,0.001962,0.031067,0.024065
CC(C)NC(=O)N(C)C[C@@H]1Oc2ccc(cc2C(=O)N(C[C@@H]1C)[C@H](C)CO)NS(=O)(=O)c1ccc(cc1)F,0,0.047467,0.023851,0.004586
C[C@@H]1CN([C@H](C)CO)C(=O)CCCn2nncc2CO[C@H]1CN(C)C(=O)Nc1ccc(cc1)N1CCCCC1,0,0.132964,0.031510,0.006122
C[C@H]1CN([C@@H](C)CO)S(=O)(=O)c2ccc(cc2O[C@H]1CN(C)C(=O)NC1CCCC1)-c1cncnc1,0,0.123382,0.021820,0.004827
C[C@H]1CN([C@H](C)CO)C(=O)c2cc(cnc2O[C@@H]1CN(C)S(=O)(=O)c1ccc(cc1)F)-c1ccncc1,0,0.016708,0.017494,0.002437
CC(C)(C)[S@@](=O)N1Cc2cc(nc(c2[C@H]1CCO)-c1cccc(c1)Br)C(=O)NC1CCCCC1,0,0.655323,0.277122,0.179742
CC1=C(N2[C@H](SC1)[C@H](NC(=O)[C@H](N)C1=CCC=CC1)C2=O)C(=O)O,0,0.991244,0.957411,0.830562
CC(=O)N1Cc2cc(nc(c2[C@H]1CCO)-c1cccc(c1)C1=CCCCC1)C(=O)NCc1cccc(c1)F,0,0.373338,0.180952,0.155195
CC(C)NC(=O)N(C)C[C@@H]1Oc2ccc(cc2CC(=O)N(C[C@H]1C)[C@H](C)CO)NC(=O)Cc1ccccc1,0,0.005771,0.024076,0.006051
OCc1ccc2c(c1)OCO2,0,0.099352,0.086939,0.023994
C[C@H]1CCCCO[C@@H](CN(C)C(=O)Nc2c(noc2C)C)[C@H](C)CN([C@@H](C)CO)C(=O)c2cc(ccc2O1)NC(=O)Nc1ccc2c(c1)OCO2,0,0.008204,0.020677,0.002414
COCCOC(=O)N1C(=O)[C@]2([C@@H]([C@@H]3N([C@H]([C@H](OC3=O)c3ccccc3)c3ccccc3)[C@@H]2c2ccc(cc2)O)C(=O)N2CCCCCCC2)c2cc(ccc21)C#CCC(C(=O)OC)C(=O)OC,1,0.024832,0.046690,0.020845
C[C@H]1CN([C@@H](C)CO)C(=O)c2cccc(c2O[C@H]1CN(C)C(=O)Nc1cccc2ccccc12)NS(=O)(=O)c1ccc(cc1)C,0,0.014201,0.023267,0.003369
C[C@@H]1CN([C@@H](C)CO)C(=O)c2cc(ccc2O[C@H]1CN(C)S(=O)(=O)c1cn(cn1)C)NC(=O)NC1CCCCC1,0,0.023913,0.017570,0.003170
C[C@@H]1CN([C@H](C)CO)C(=O)Cc2cc(ccc2O[C@@H]1CN(C)Cc1ccc(cc1)C(=O)Nc1ccccc1N)NC(=O)CCN1CCOCC1,0,0.001548,0.017945,0.003218
C[C@@H]1CN([C@H](C)CO)S(=O)(=O)c2ccc(cc2O[C@@H]1CN(C)C(=O)Nc1c(noc1C)C)C#CCN(C)C,0,0.107978,0.022996,0.008042
COCC#Cc1ccc2c(c1)O[C@H](CN(C)S(=O)(=O)c1cccc(c1)F)[C@H](C)CN([C@H](C)CO)S2(=O)=O,0,0.107703,0.020217,0.004560
COc1ccc(cc1)NC(=O)Nc1cccc2c1O[C@@H](CN(C)S(=O)(=O)c1cn(cn1)C)[C@H](C)CN([C@@H](C)CO)C2=O,0,0.038899,0.017291,0.002383
OC(=O)CN1CCSC1=N,0,0.376747,0.051043,0.015254
C(c1nnc([nH]1)-c1ccncc1)n1cncn1,0,0.597064,0.182054,0.101384
COc1ccc(cc1)NC(=O)N(C)C[C@H]1OCCCC[C@H](C)Oc2ccc(cc2C(=O)N(C[C@@H]1C)[C@@H](C)CO)NC(=O)Nc1ccccc1,0,0.012637,0.016272,0.001823
C[C@@H]1CCCCO[C@@H](CN(C)S(=O)(=O)c2ccc(cc2)F)[C@H](C)CN([C@H](C)CO)C(=O)c2cc(ccc2O1)NC(=O)NC1CCCCC1,0,0.015897,0.017398,0.002644
C[C@@H]1CN([C@H](C)CO)C(=O)c2cccc(c2O[C@@H]1CN(C)Cc1ccc(cc1)Oc1ccccc1)NS(=O)(=O)c1ccc(cc1)C,0,0.003560,0.019755,0.002711
C[C@H]1CCCCO[C@H](CN(C)Cc2ccc(c(c2)Cl)Cl)[C@@H](C)CN([C@@H](C)CO)C(=O)c2cc(ccc2O1)NS(=O)(=O)c1c(noc1C)C,0,0.049714,0.022556,0.002771
Cc1c2oc3c(C)ccc(C(=O)OC(C)C4NC(=O)C(C(C)C)N(C)C(=O)CN(C)C(=O)C5CCCN5C(=O)C(C(C)C)NC4=O)c3nc-2c(C(=O)OC(C)C2NC(=O)C(C(C)C)N(C)C(=O)CN(C)C(=O)C3CCCN3C(=O)C(C(C)C)NC2=O)c(N)c1=O,1,0.980896,0.370671,0.191285
C[C@H]1CCCCO[C@@H](CN(C)CC2CCCCC2)[C@H](C)CN([C@H](C)CO)C(=O)c2cc(ccc2O1)NC(=O)CCCN(C)C,0,0.043040,0.017850,0.003531
CC(C)(N)Cc1ccccc1,0,0.094376,0.125478,0.062783
CN[C@H]1[C@@H](O)[C@H]2O[C@H](O[C@@H]3[C@@H](N)C[C@@H](N)[C@H](O)[C@H]3O)[C@H](N)C[C@@H]2O[C@@H]1O[C@@]1(C)O[C@H](CO)[C@@H](N)[C@H](O)[C@H]1O,0,0.997294,0.904420,0.824890
COc1ccc(cc1)S(=O)(=O)N(C)C[C@H]1Oc2ccc(cc2CC(=O)N(C[C@@H]1C)[C@H](C)CO)N(C)C,0,0.008734,0.030480,0.005098
Oc1ccc(cc1)[C@H]1N2[C@@H]([C@@H](C(=O)N3CCCCCCC3)[C@]11C(=O)Nc3ccc(cc31)C#CC1=CCCCC1)C(=O)O[C@@H]([C@@H]2c1ccccc1)c1ccccc1,0,0.103863,0.178551,0.080761
OC[C@@H]1O[C@H](CCNS(=O)(=O)c2ccc(cc2)F)CC[C@H]1NS(=O)(=O)c1ccccc1Cl,0,0.225388,0.064353,0.014182
C[C@@H]1CN([C@@H](C)CO)C(=O)c2cc(ccc2O[C@@H]1CN(C)C(=O)Nc1ccc(cc1)C(F)(F)F)NC(=O)Nc1ccc2c(c1)OCO2,0,0.344716,0.111345,0.030642
COc1ccc(cc1)S(=O)(=O)N(C)C[C@@H]1Oc2ccc(cc2C(=O)N(C[C@H]1C)[C@@H](C)CO)NC(=O)C1CC1,0,0.011711,0.018283,0.002898
CC(=O)N1CCN(CC1)CC(=O)NS(=O)(=O)c1ccccc1,0,0.001464,0.050706,0.006146
COc1ccc(cc1)S(=O)(=O)N(C)C[C@H]1Oc2ccc(cc2CC(=O)N(C[C@@H]1C)[C@@H](C)CO)NC(=O)CCC(F)(F)F,0,0.042083,0.020562,0.004388
COc1ccc2nc(S(=O)Cc3ncc(C)c(OC)c3C)[nH]c2c1,0,0.749165,0.345475,0.162119
Cc1cc(no1)N,0,0.017706,0.037304,0.017744
C[C@@H]1CN([C@H](C)CO)C(=O)c2cc(ccc2O[C@@H]1CN(C)CC1CCCCC1)NC(=O)Cn1cnnn1,0,0.024998,0.020493,0.007362
C[C@H]1CN([C@@H](C)CO)C(=O)Cc2cc(ccc2O[C@@H]1CN(C)C(=O)Nc1ccccc1)NC(=O)Nc1ccc(cc1)C(F)(F)F,0,0.329802,0.064749,0.030416
C[C@@H](O)C#Cc1ccc2c(c1)O[C@@H](CN(C)C(=O)c1ccccc1)[C@H](C)CN([C@@H](C)CO)S2(=O)=O,0,0.015106,0.019756,0.004486
CC(C)NC(=O)N(C)C[C@H]1OCCCC[C@@H](C)Oc2ccc(cc2C(=O)N(C[C@H]1C)[C@H](C)CO)NS(=O)(=O)C,0,0.014572,0.018519,0.002636
COc1ccc(cc1)NC(=O)Nc1ccc2c(c1)C(=O)N(C[C@H](C)[C@@H](CN(C)S(=O)(=O)c1cn(cn1)C)O2)[C@H](C)CO,0,0.018186,0.017291,0.002298
C[C@@H]1CN([C@@H](C)CO)C(=O)c2cccc(c2O[C@@H]1CN(C)Cc1ccc(cc1)Oc1ccccc1)NS(=O)(=O)c1ccc(cc1)F,0,0.008998,0.019275,0.004001
COCC(=O)N1C[C@H](C)[C@@H](CN(C)C(=O)c2ccc(cc2OC[C@@H]1C)NC(=O)c1ccc(cc1)F)OC,0,0.023760,0.020135,0.005041
COc1ccc2c3c(n(c2c1)C)[C@@H](CO)N(C[C@]13CN(C1)C(=O)C1CCOCC1)C(=O)C1CCOCC1,0,0.030035,0.058942,0.014987
C[C@H]1CN([C@H](C)CO)C(=O)c2cccc(c2O[C@H]1CN(C)S(=O)(=O)c1ccc(cc1)C)NC(=O)c1cc(nn1C)C,0,0.012989,0.017956,0.003121
CC(=O)OCC(=O)C12OC3(CCCC3)OC1CC1C3CCC4=CC(=O)C=CC4(C)C3(F)C(O)CC12C,0,0.053757,0.127791,0.023687
OC[C@@H]1O[C@@H](C[C@@H]2[C@H]1Oc1ccc(cc12)NC(=O)Nc1ccccc1F)CC(=O)NCc1ccc(cc1)Oc1ccccc1,0,0.137801,0.044752,0.015998
COc1cccc(c1)S(=O)(=O)Nc1ccc2c(c1)[C@@H]1C[C@H](CC(=O)NCc3ccccc3F)O[C@H](CO)[C@@H]1O2,0,0.011809,0.017630,0.004936
C[C@@H](COC(=O)[C@@H](CC=C)NC(=O)OCC1c2ccccc2-c2ccccc21)NC(=O)[C@@H](CC=C)CC(=O)NCCO,0,0.000655,0.209146,0.049399
COc1ccc(cc1)S(=O)(=O)N(C)C[C@@H]1Oc2ncc(cc2C(=O)N(C[C@@H]1C)[C@H](C)CO)C#Cc1ccc(c(c1)OC)OC,0,0.015161,0.018580,0.003115
O[C@H]1COC[C@@H]2O[C@H](CC[C@H]2N(C1)C(=O)c1cnccn1)CC(=O)N1CCN(CC1)c1ccccc1,0,0.334695,0.024090,0.005839
C[C@@H]1CN([C@@H](C)CO)C(=O)Cc2cc(ccc2O[C@@H]1CN(C)C(=O)Nc1c(noc1C)C)NC(=O)CCN1CCOCC1,0,0.003353,0.016164,0.003079
C[C@H]1CN([C@@H](C)CO)C(=O)CCCn2nncc2CO[C@@H]1CN(C)S(=O)(=O)c1ccc(cc1)Cl,0,0.019323,0.026021,0.006589
C[C@H]1CCCCO[C@@H](CN(C)C(=O)Nc2ccc(cc2)F)[C@@H](C)CN([C@H](C)CO)C(=O)c2cc(ccc2O1)NC(=O)C1CCCCC1,0,0.058196,0.019207,0.003694
C[C@H]1CN([C@@H](C)CO)C(=O)c2cc(ccc2O[C@H]1CN(C)S(=O)(=O)C)NS(=O)(=O)C,0,0.028882,0.021186,0.003542
CNC[C@@H]1Oc2cc(ccc2S(=O)(=O)N(C[C@H]1C)[C@H](C)CO)C#CC(C)(C)O,0,0.054693,0.102240,0.004803
C[C@@H]1CCCCO[C@H](CN(C)S(=O)(=O)c2ccc(cc2)Cl)[C@@H](C)CN([C@H](C)CO)C(=O)c2cc(ccc2O1)NC(=O)c1ccccc1,0,0.002273,0.017575,0.001693
OC[C@@H]1O[C@@H](C[C@@H]2[C@H]1Oc1ccc(cc12)NS(=O)(=O)c1ccc(cc1)F)CC(=O)NCCN1CCCCC1,0,0.115398,0.018647,0.005522
COc1ccc(cc1)S(=O)(=O)N(C)C[C@@H]1OCCCC[C@H](C)Oc2ccc(cc2C(=O)N(C[C@H]1C)[C@H](C)CO)NC(=O)Nc1cccc2ccccc12,0,0.004550,0.018701,0.002087
C[C@@H]1CN([C@@H](C)CO)C(=O)Cc2cc(ccc2O[C@H]1CN(C)C(=O)Nc1ccccc1)NS(=O)(=O)C,0,0.012887,0.020399,0.003759
COCC(=O)Nc1ccc2c(c1)OC[C@H](C)N(C[C@@H](C)[C@H](CN(C)C2=O)OC)Cc1ccccc1F,0,0.017470,0.022787,0.003925
COc1ccc(cc1)NC(=O)N(C)C[C@H]1OCCCC[C@H](C)Oc2ccc(cc2C(=O)N(C[C@@H]1C)[C@@H](C)CO)NC(=O)C1CCCCC1,0,0.009313,0.016676,0.002036
C[C@@H]1CCCCO[C@@H](CN(C)C(=O)Nc2cccc3ccccc23)[C@H](C)CN([C@H](C)CO)C(=O)c2cc(ccc2O1)NC(=O)CCC(F)(F)F,0,0.119459,0.014453,0.006469
C[C@H]1CCCCO[C@@H](CN(C)S(=O)(=O)c2ccc(cc2)F)[C@H](C)CN([C@H](C)CO)C(=O)c2cc(ccc2O1)NC(=O)Nc1ccccc1,0,0.009718,0.017562,0.001842
CCCNC(=O)C[C@@H]1CC[C@@H]2[C@H](COc3ccc(cc3C(=O)N2C)NC(=O)c2ccc3c(c2)OCO3)O1,0,0.001686,0.020601,0.007478
CC(=O)c1ccn[nH]1,0,0.115211,0.074700,0.021434
COCCNC(=O)C[C@@H]1C[C@H]2[C@H](Oc3ccc(cc32)NC(=O)Nc2ccc(cc2)C(F)(F)F)[C@@H](CO)O1,0,0.770351,0.147214,0.093512
COc1ccc(cc1)CN(C)C[C@@H]1OCCCC[C@@H](C)Oc2ccc(cc2C(=O)N(C[C@@H]1C)[C@H](C)CO)NC(=O)Cc1ccccc1,0,0.007678,0.016157,0.003285
CCCCCCCCCCCCC(C(=O)O)C(C)C(=O)O,0,0.222063,0.172824,0.069262
C[C@@H]1CN([C@H](C)CO)C(=O)Cc2cc(ccc2O[C@H]1CN(C)Cc1ccc(cc1)-c1ccccc1)NC(=O)Nc1ccc2c(c1)OCO2,0,0.021866,0.016808,0.002867
Oc1ccc2ccccc2c1,0,0.083055,0.217768,0.097262
COCC(=O)N1CC[C@]2(CC1)CN(Cc1cccc(c1)OC)[C@H](CO)c1c2c2ccc(cc2n1C)OC,0,0.371611,0.124148,0.047491
C[C@H]1CN([C@@H](C)CO)C(=O)Cc2cc(ccc2O[C@H]1CN(C)Cc1ccc(cc1)C(=O)O)NC(=O)Cn1cnnn1,0,0.006416,0.033887,0.006198
C[C@@H]1CN([C@@H](C)CO)S(=O)(=O)c2ccc(cc2O[C@@H]1CN(C)C(=O)Cc1cccnc1)C#Cc1ccccc1F,0,0.061628,0.021712,0.002958
C[C@H]1CCCCO[C@@H](CN(C)S(=O)(=O)c2cn(cn2)C)[C@H](C)CN([C@@H](C)CO)C(=O)c2cc(ccc2O1)NS(=O)(=O)c1ccc(cc1)F,0,0.004306,0.017502,0.003237
C[C@H](O)[C@H](O)[C@@H](O)[C@@H](O)/C=N/NC(=O)CCCCCCC(=O)NO,0,0.002479,0.048732,0.011819
COc1cc2c(cc1OC)CN(CC2)C(=O)[C@H]1[C@H]2N([C@@H]([C@@H](OC2=O)c2ccccc2)c2ccccc2)[C@@H](c2ccccc2OCCO)[C@]11C(=O)Nc2ccc(cc21)C#CC1=CCCCC1,0,0.021110,0.018491,0.005241
C[C@@H]1CN([C@H](C)CO)C(=O)c2cc(ccc2O[C@H]1CN(C)Cc1ccc(c(c1)Cl)Cl)NC(=O)CCC(F)(F)F,0,0.705449,0.084195,0.052328
CC1=C(C)C(=O)N=C(N1)n1nc(cc1N)C,0,0.144219,0.035939,0.011433
OCCN(Cc1ccccc1)C(=O)C[C@H](CC=C)C(=O)N[C@@H](COC(=O)[C@H](CCC=C)Cc1ccc(cc1)F)Cc1c[nH]c2ccccc12,0,0.014949,0.048574,0.013163
C[C@H]1CCCCO[C@H](CN(C)C(=O)Nc2ccc(cc2)C(F)(F)F)[C@@H](C)CN([C@@H](C)CO)C(=O)c2cc(ccc2O1)NC(=O)C1CCCCC1,0,0.367217,0.076092,0.026685
C[C@H]1CN([C@H](C)CO)C(=O)c2cccc(c2O[C@@H]1CN(C)C(=O)Nc1cccc2ccccc12)NC(=O)Nc1ccc(cc1)C(F)(F)F,1,0.710652,0.166324,0.092961
CN(C)CCCNC(=O)C[C@H]1CC[C@@H](NC(=O)Nc2c(noc2C)C)[C@@H](CO)O1,0,0.153196,0.024938,0.007122
COc1ccc(cc1)CN(C)C[C@H]1OCCCC[C@H](C)Oc2ccc(cc2C(=O)N(C[C@@H]1C)[C@@H](C)CO)NC(=O)Nc1c(noc1C)C,0,0.044081,0.018336,0.002766
CC(C)NC(=O)N(C)C[C@H]1Oc2ccc(cc2C(=O)N(C[C@@H]1C)[C@@H](C)CO)NS(=O)(=O)c1cccs1,0,0.017166,0.018262,0.003875
C[C@@H]1CN([C@H](C)CO)C(=O)Cc2cc(ccc2O[C@@H]1CN(C)S(=O)(=O)c1ccc(cc1)C)NC(=O)c1ccncc1,0,0.001995,0.017475,0.001713
O=Cc1ccc[nH]1,0,0.555617,0.087040,0.039968
CNC[C@@H]1OCCCC[C@H](C)Oc2ccc(cc2C(=O)N(C[C@H]1C)[C@H](C)CO)NC(=O)Nc1ccc(cc1)C(F)(F)F,1,0.662874,0.878125,0.858396
CC(C)NC(=O)N[C@H]1CC[C@H](CCN)O[C@H]1CO,0,0.109054,0.019831,0.006845
C[C@@H]1CCCCO[C@H](CN(C)S(=O)(=O)c2cccs2)[C@@H](C)CN([C@H](C)CO)C(=O)c2cc(ccc2O1)NC(=O)Nc1c(noc1C)C,0,0.003153,0.018212,0.002274
CC(C)(C[C@H]1CN(c2cc(ccc2O1)-c1cc(cc(c1)OC(F)F)F)S(=O)(=O)c1cccc(c1)C(F)(F)F)C(=O)O,0,0.839596,0.453059,0.192174
Nc1ccc(cc1F)-c1nn[nH]n1,0,0.458178,0.055967,0.036769
OC[C@H]1O[C@H]([C@H](O)[C@@H]1O)n1cnc2c1NC=NC2=O,0,0.312941,0.154852,0.122263
OC[C@H]1O[C@@H](CC[C@@H]1NC(=O)CN1CCOCC1)CC(=O)NCc1cccc(c1)F,0,0.022026,0.025900,0.012337
C[C@@H]1CN([C@H](C)CO)C(=O)Cc2cc(ccc2O[C@H]1CN(C)Cc1ccc(cc1)-c1ccccc1)NC(=O)CCC(F)(F)F,0,0.189276,0.046221,0.020703
COc1ccccc1-c1ccc2c(c1)O[C@H](CN(C)S(=O)(=O)c1ccccc1)[C@H](C)CN([C@H](C)CO)S2(=O)=O,0,0.012662,0.018400,0.003629
C[C@@H]1CN([C@@H](C)CO)C(=O)c2cc(cnc2O[C@H]1CN(C)S(=O)(=O)c1cccc(c1)F)C#CC1CC1,0,0.050679,0.019169,0.005058
O[C@H]1COC[C@H]2O[C@@H](CC[C@@H]2N(C1)S(=O)(=O)c1ccccc1F)CC(=O)NCc1ccccc1F,0,0.589715,0.041684,0.017683
COCOc1ccc2cc(ccc2c1-c1c(ccc2cc(ccc12)Br)OCOC)Br,0,0.999404,0.779743,0.632895
C[C@@H]1CN([C@H](C)CO)C(=O)c2cc(cnc2O[C@H]1CN(C)C(=O)Nc1ccc(cc1)C(F)(F)F)C1=CCCC1,0,0.580929,0.197170,0.200524
CC(C)CCC(=O)N1C[C@H]2[C@H](C1)S(=O)(=O)Cc1cnc(nc12)N1CCOCC1,0,0.016134,0.134741,0.036210
CCC1CN2CCC1CC2C(O)c1ccnc2ccc(OC)cc12,0,0.852349,0.083012,0.022336
C[C@H]1CCCCO[C@H](CN(C)CC2CCCCC2)[C@H](C)CN([C@H](C)CO)C(=O)c2cc(ccc2O1)NC(=O)Nc1ccc(cc1)C(F)(F)F,0,0.710756,0.336419,0.206824
C[C@H]1CN([C@H](C)CO)S(=O)(=O)c2ccc(cc2O[C@H]1CN(C)C(=O)Cc1ccncc1)C#Cc1ccccc1F,0,0.053292,0.024484,0.003126
C[C@@H]1CCCCO[C@@H](CN(C)C(=O)CCCN(C)C)[C@H](C)CN([C@@H](C)CO)C(=O)c2cc(ccc2O1)NC(=O)Nc1cccc2ccccc12,0,0.016189,0.017037,0.001800
C[C@@H]1CN([C@H](C)CO)C(=O)c2cccc(c2O[C@H]1CN(C)S(=O)(=O)c1cn(cn1)C)NS(=O)(=O)c1ccc(cc1)Cl,0,0.019803,0.018461,0.003520
CC1=C([C@@H](c2cccnc2)n2nnnc2N1)C(=O)N,0,0.054335,0.066820,0.051132
COc1ccc(cc1OC)-c1cn(nn1)CCNC(=O)[C@@H](NS(=O)(=O)c1ccc(cc1)C)C(C)C,0,0.652914,0.150267,0.032951
C[C@@H]1CN([C@@H](C)CO)C(=O)c2cc(ccc2O[C@@H]1CN(C)C(=O)Nc1c(noc1C)C)NC(=O)CCCN(C)C,0,0.034212,0.017019,0.002741
C[C@H]1CN([C@H](C)CO)C(=O)Cc2cc(ccc2O[C@@H]1CN(C)S(=O)(=O)c1cn(cn1)C)NS(=O)(=O)c1cn(cn1)C,0,0.003967,0.018189,0.003083
C[C@H]1CCCCO[C@H](CN(C)Cc2ccc(cc2)C(=O)O)[C@H](C)CN([C@H](C)CO)C(=O)c2cc(ccc2O1)NC(=O)Nc1ccc2c(c1)OCO2,0,0.013269,0.024466,0.002886
CO[C@H](CN(C)C(=O)Nc1ccc(cc1)C(F)(F)F)[C@H](C)CN(Cc1ccccc1Cl)[C@@H](C)CO,0,0.978797,0.393084,0.286229
CCS(=O)(=O)Nc1ccc2c(c1)C(=O)N(C)[C@H]1CC[C@H](CC(=O)N3CCN(C)CC3)O[C@@H]1CO2,0,0.012864,0.086683,0.004721
C[C@H]1CN([C@@H](C)CO)C(=O)Cc2cc(ccc2O[C@@H]1CN(C)C(=O)Nc1cccc2ccccc12)NS(=O)(=O)c1cccs1,0,0.001589,0.017338,0.002520
COc1ccc(cc1)CN(C)C[C@H]1OCCCC[C@@H](C)Oc2ccc(cc2C(=O)N(C[C@@H]1C)[C@H](C)CO)NC(=O)C1CCCCC1,0,0.029850,0.016909,0.003977
OC[C@H]1O[C@H](C[C@H]2[C@@H]1Oc1ccc(cc12)NC(=O)C1CCOCC1)CC(=O)NCc1ccc(cc1)Cl,0,0.262939,0.152995,0.045990
C[C@@H]1CN([C@@H](C)CO)C(=O)c2cc(ccc2O[C@@H]1CN(C)S(=O)(=O)c1ccc(cc1)C)NC(=O)Cn1cnnn1,0,0.004322,0.017794,0.002607
OC[C@H]1O[C@H](CCNC(=O)C2CCC2)CC[C@@H]1NC(=O)CN1CCOCC1,0,0.022853,0.028228,0.011649
COCC(=O)N1C[C@H](C)[C@H](CN(C)C(=O)c2cc(ccc2OC[C@@H]1C)NC(=O)c1ccc(cc1)OC)OC,0,0.004246,0.019996,0.002486
Cc1cccn2c(=O)c(-c3nnn[n-]3)cnc12.[K+],0,0.012963,0.226258,0.092702
C[C@@H]1CCCCO[C@@H](CN(C)Cc2ccc3c(c2)OCO3)[C@@H](C)CN([C@@H](C)CO)C(=O)c2cc(ccc2O1)NC(=O)Nc1cccc2ccccc12,0,0.008538,0.016338,0.002737
COCC(=O)N1C[C@H](C)[C@H](CN(C)C(=O)c2cc(ccc2OC[C@@H]1C)NC(=O)Nc1ccccc1)OC,0,0.016875,0.020548,0.003780
Nc1cccc(c1)/C=C/c1ccccn1,0,0.256780,0.171062,0.075612
C[C@@H]1CCCCO[C@@H](CN(C)C(=O)c2ccccc2)[C@H](C)CN([C@@H](C)CO)C(=O)c2cc(ccc2O1)NS(=O)(=O)c1ccccc1,0,0.000260,0.017813,0.001890
COc1ccc(cc1)CN(C)C[C@@H]1Oc2c(cccc2C(=O)N(C[C@H]1C)[C@H](C)CO)NC(=O)c1ccc(cc1)-c1nccs1,0,0.010205,0.016499,0.002263
C[C@H]1CCCCO[C@H](CN(C)C(=O)c2ccncc2)[C@H](C)CN([C@H](C)CO)C(=O)c2cc(ccc2O1)NC(=O)NC1CCCCC1,0,0.004729,0.016642,0.001756
COc1ccc(cc1)S(=O)(=O)N(C)C[C@H]1Oc2cc(ccc2S(=O)(=O)N(C[C@@H]1C)[C@H](C)CO)C#CC1CC1,0,0.026434,0.021080,0.003234
C[C@@H]1CCCCO[C@H](CN(C)Cc2ccccc2)[C@H](C)CN([C@@H](C)CO)C(=O)c2cc(ccc2O1)NC(=O)Nc1cccc2ccccc12,0,0.011807,0.016362,0.002488
COc1ccc(cc1)NC(=O)N(C)C[C@H]1Oc2ccc(cc2CC(=O)N(C[C@H]1C)[C@@H](C)CO)NS(=O)(=O)c1cn(cn1)C,0,0.009814,0.017291,0.002483
Clc1ccc(cc1)Sc1ccc(s1)-c1ccccn1,0,0.633919,0.388763,0.245797
COc1ccc(cc1)C(=O)Nc1cccc(c1)CN1C(=O)[C@@]2(O[C@@H](CC(=O)N3Cc4ccccc4C[C@H]3CO)[C@@H]([C@H]2C)[Si](C)(C)c2ccc(cc2)OC)c2ccccc21,0,0.000668,0.042224,0.015539
CC1CCC(CC1)NC(=O)N(CCCl)[NH2+][O-],0,0.836854,0.152865,0.124989
C[C@H]1CN([C@@H](C)CO)C(=O)Cc2cc(ccc2O[C@@H]1CN(C)C(=O)Nc1cccc2ccccc12)NC(=O)C1CCCCC1,0,0.019107,0.020987,0.004357
C[C@H]1CCCCO[C@@H](CN(C)S(=O)(=O)c2cccs2)[C@@H](C)CN([C@H](C)CO)C(=O)c2cc(ccc2O1)NC(=O)Cc1ccccc1,0,0.000747,0.017475,0.002041
CCS(=O)(=O)N1CCC[C@@]2(CN(C[C@H]2C1)Cc1cnn(c1)C)C(=O)NCC1CC1,0,0.028938,0.058976,0.010262
C[C@@H]1CN([C@H](C)CO)C(=O)c2cccc(c2O[C@H]1CN(C)S(=O)(=O)c1ccc(cc1)F)NC(=O)C1CC1,0,0.054316,0.019893,0.004116
C[C@@H]1CN([C@@H](C)CO)C(=O)c2cccc(c2O[C@@H]1CN(C)Cc1ccc(cc1)C(=O)Nc1ccccc1N)NC(=O)Nc1ccc(cc1)F,0,0.172325,0.017786,0.003085
C[C@@H]1CN([C@@H](C)CO)C(=O)Cc2cc(ccc2O[C@@H]1CN(C)S(=O)(=O)c1cn(cn1)C)NS(=O)(=O)c1cccs1,0,0.001268,0.017429,0.002289
C[C@H]1CN([C@@H](C)CO)C(=O)c2cccc(c2O[C@H]1CN(C)C(=O)Nc1cccc2ccccc12)NC(=O)C1CCCCC1,0,0.026138,0.021918,0.006365
Cc1cc(ccc1S(=O)(=O)N1[C@@H]2CC[C@@H](C2)[C@H]1c1nc2cccc(c2[nH]1)OCc1ccc(cc1)F)F,0,0.812239,0.086379,0.026927
O[C@H]1COC[C@H]2O[C@@H](CC[C@@H]2N(C1)S(=O)(=O)c1cccc(c1)F)CC(=O)NCc1ccc(c(c1)Cl)Cl,0,0.874415,0.045991,0.031566
COc1ccccc1S(=O)(=O)N[C@@H]1C=C[C@@H](CC(=O)N2CCN(C)CC2)O[C@H]1CO,0,0.060501,0.021719,0.006117
C[C@H]1CN([C@@H](C)CO)C(=O)Cc2cc(ccc2O[C@H]1CN(C)C(=O)Nc1cccc2ccccc12)NC(=O)Nc1ccc(cc1)F,0,0.032864,0.018069,0.003226
C[C@H]1CCCCO[C@H](CN(C)C(=O)Nc2ccc(cc2)C(F)(F)F)[C@@H](C)CN([C@H](C)CO)C(=O)c2cc(ccc2O1)NS(=O)(=O)c1ccccc1,0,0.048452,0.030018,0.005836
COc1ccc(cc1)NC(=O)Nc1cccc2c1O[C@@H](CN(C)CC1CCCCC1)[C@H](C)CN([C@@H](C)CO)C2=O,0,0.102211,0.016934,0.003827
C[C@@H]1CN([C@@H](C)CO)C(=O)Cc2cc(ccc2O[C@@H]1CN(C)Cc1ccncc1)NS(=O)(=O)c1cn(cn1)C,0,0.004573,0.017485,0.002025
COc1cnc(c2n(cc(c12)C(=O)C(=O)N1CCN(CC1)C(=O)c1ccccc1)COP(=O)(O)O)-n1cnc(n1)C,0,0.000003,0.289573,0.307789
CCS(=O)(=O)N1[C@@H](CO)[C@H](c2ccccc2)C21CN(C2)C(=O)CN(C)C,0,0.183625,0.040063,0.009457
O=C(O)c1cc(O)ccc1O,0,0.066829,0.044158,0.018823
FC(F)(F)c1cc(cc(c1)C(F)(F)F)NC(=S)Nc1ccc(cc1-c1nn[nH]n1)Br,1,0.000742,0.527387,0.533652
C[C@H]1CN([C@@H](C)CO)S(=O)(=O)c2ccc(cc2O[C@@H]1CN(C)C(=O)C1CC1)-c1ccc(cc1)C(=O)N(C)C,0,0.012400,0.019715,0.002914
CCCOc1ccccc1-c1nc2[nH]nnc2c(=O)[nH]1,0,0.918031,0.229449,0.188848
C[C@@H]1CCCCO[C@H](CN(C)C(=O)c2ccccc2)[C@H](C)CN([C@@H](C)CO)C(=O)c2cc(ccc2O1)NC(=O)Nc1ccccc1,0,0.002757,0.017219,0.001707
OC1OC(c2ccc(Cl)c(Cc3ccc(OC4CCOC4)cc3)c2)C(O)C(O)C1O,0,0.471505,0.559950,0.253876
C[C@H]1CN([C@H](C)CO)C(=O)Cc2cc(ccc2O[C@H]1CN(C)S(=O)(=O)c1c(noc1C)C)NC(=O)CCC(F)(F)F,0,0.063812,0.021069,0.006996
C[C@@H]1CCCCO[C@H](CN(C)C(=O)Nc2ccc3c(c2)OCO3)[C@@H](C)CN([C@@H](C)CO)C(=O)c2cc(ccc2O1)NS(=O)(=O)c1ccccc1,0,0.000801,0.017838,0.001745
CN1CCN(CC1)C(=O)C[C@@H]1CC[C@@H]2[C@H](COC[C@H](O)CN2C(=O)C2CCCC2)O1,0,0.618547,0.026589,0.016553
CC(C)c1ccc(cc1)/C=C/1\CSc2ccccc2C1=O,0,0.962433,0.382195,0.280459
CC(C)(C)[S@@](=O)N1Cc2cc(nc(c2[C@H]1CCO)-c1cccc(c1)-c1ccccc1)C(=O)NCc1ccc2c(c1)OCO2,0,0.027187,0.199134,0.051582
C[C@@H]1CN([C@H](C)CO)C(=O)c2cccc(c2O[C@@H]1CN(C)S(=O)(=O)c1cccs1)NC(=O)c1cc(nn1C)C,0,0.004067,0.017291,0.002641
OC(=O)c1csc2c1CCCCC2,0,0.270454,0.043401,0.030158
Clc1ccc(cc1)[C@@H](NC(=O)C1CCN(CC1)Cc1ccc(cc1)Oc1ccccc1)c1ccsc1,0,0.759053,0.847646,0.858051
Fc1ccc2c(c1)[C@]1(CCO2)NC(=O)NC1=O,0,0.008939,0.181561,0.110773
OCCN1CCN(CC1)c1ncnc2n(cnc12)[C@H]1CN(C[C@@H](CO)O1)Cc1ccc(cc1)F,0,0.909383,0.103758,0.031034
C[C@@H]1CN([C@H](C)CO)C(=O)Cc2cc(ccc2O[C@H]1CN(C)Cc1ccc(cc1)Oc1ccccc1)NC(=O)Nc1ccc(cc1)C(F)(F)F,0,0.122969,0.022588,0.007348
COc1ccc(cc1)NC(=O)Nc1ccc2c(c1)[C@@H]1C[C@H](CC(=O)NCc3ccc(cc3)-c3ccccc3)O[C@@H](CO)[C@@H]1O2,0,0.124357,0.031636,0.010157
C[C@@H]1CN([C@H](C)CO)C(=O)c2cc(cnc2O[C@@H]1CN(C)S(=O)(=O)c1ccc(cc1)F)-c1ccncc1,0,0.016708,0.017494,0.002437
C[C@H]1CCCCO[C@H](CN(C)CC2CCCCC2)[C@H](C)CN([C@@H](C)CO)C(=O)c2cc(ccc2O1)N(C)C,0,0.096656,0.026399,0.007565
C[C@H]1CN([C@@H](C)CO)S(=O)(=O)c2ccc(cc2O[C@@H]1CN(C)C(=O)Cc1cccnc1)Br,0,0.103117,0.023587,0.004371
CN1CCN(CC1)C(=O)C[C@H]1CC[C@H]2[C@H](COc3ccc(cc3C(=O)N2C)NC(=O)c2cscn2)O1,0,0.018656,0.023408,0.009900
C[C@@H]1CN([C@H](C)CO)C(=O)c2cc(ccc2O[C@@H]1CN(C)S(=O)(=O)c1ccccc1)NC(=O)CCN1CCOCC1,0,0.000682,0.017535,0.001909
C[C@@H]1CN([C@H](C)CO)C(=O)c2cccc(c2O[C@H]1CN(C)CC1CCCCC1)NC(=O)Nc1ccc(cc1)F,0,0.308669,0.019807,0.016146
CC[n+]1c(-c2ccccc2)c2cc(N)ccc2c2ccc(N)cc21.[Br-],0,0.842327,0.465599,0.303185
C[C@H]1CN([C@H](C)CO)C(=O)c2cc(cnc2O[C@H]1CN(C)S(=O)(=O)c1cn(cn1)C)-c1ccccc1,0,0.008918,0.017944,0.002831
C[C@@H]1CN([C@H](C)CO)C(=O)CCCn2nncc2CO[C@H]1CN(C)S(=O)(=O)c1ccc(cc1)Cl,0,0.019323,0.026021,0.006589
C[C@H]1CCCCO[C@@H](CN(C)S(=O)(=O)C)[C@@H](C)CN([C@H](C)CO)C(=O)c2cc(ccc2O1)NS(=O)(=O)c1cn(cn1)C,0,0.010835,0.017806,0.002666
C[C@@H]1CCCCO[C@@H](CN(C)CC2CCCCC2)[C@@H](C)CN([C@@H](C)CO)C(=O)c2cc(ccc2O1)NS(=O)(=O)c1c(noc1C)C,0,0.028944,0.018520,0.004437
COc1cccc(c1)NC(=O)N(C)C[C@H]1Oc2ncc(cc2C(=O)N(C[C@@H]1C)[C@@H](C)CO)C#Cc1ccncc1,0,0.021217,0.017740,0.002642
C[C@@H]1CCCCO[C@@H](CN(C)Cc2ccccc2)[C@@H](C)CN([C@H](C)CO)C(=O)c2cc(ccc2O1)NC(=O)Nc1cccc2ccccc12,0,0.011807,0.016362,0.002488
C[C@@H]1CN([C@H](C)CO)C(=O)c2cc(ccc2O[C@H]1CN(C)Cc1ccc(c(c1)Cl)Cl)NC(=O)Cn1cnnn1,0,0.044695,0.028072,0.006602
C[C@H]1CN([C@@H](C)CO)C(=O)c2cc(cnc2O[C@@H]1CN(C)S(=O)(=O)c1ccc(cc1)F)-c1ccncc1,0,0.016708,0.017494,0.002437
COc1ccc(cc1)NC(=O)N(C)C[C@@H]1OCCCC[C@H](C)Oc2ccc(cc2C(=O)N(C[C@@H]1C)[C@@H](C)CO)NS(=O)(=O)c1ccc(cc1)F,0,0.010839,0.017493,0.001881
COc1ccc(cc1)NC(=O)Nc1ccc2c(c1)CC(=O)N(C[C@H](C)[C@H](CN(C)Cc1ccc(c(c1)Cl)Cl)O2)[C@H](C)CO,0,0.123908,0.041746,0.006111
C[C@H]1CN([C@H](C)CO)C(=O)c2cc(ccc2O[C@H]1CN(C)S(=O)(=O)c1cn(cn1)C)NC(=O)CCCN(C)C,0,0.011690,0.017370,0.002740
O[C@H]1COC[C@H]2O[C@H](CC[C@@H]2N(C1)C(=O)Nc1cccc(c1)F)CC(=O)NCCCN1CCOCC1,0,0.701201,0.362048,0.276288
C=CC1=C(C(=O)O)N2C(=O)C(NC(=O)C(=NOCC(=O)O)c3csc(N)n3)C2SC1,0,0.994235,0.964994,0.987198
CCN(CC)C(=O)N1CCN(C)CC1.O=C(O)CC(O)(CC(=O)O)C(=O)O,0,0.006803,0.094844,0.041081
C[C@@H]1CCCCO[C@@H](CN(C)CC2CC2)[C@@H](C)CN([C@H](C)CO)C(=O)c2cc(ccc2O1)NC(=O)Nc1ccc2c(c1)OCO2,0,0.018961,0.018365,0.002905
C[C@H]1CN([C@@H](C)CO)C(=O)c2c(c3ccccc3n2C)-c2ccccc2CO[C@@H]1CN(C)S(=O)(=O)c1ccc(cc1)C(F)(F)F,0,0.112742,0.034898,0.005384
C[C@@H]1CN([C@@H](C)CO)C(=O)c2cccc(c2O[C@H]1CN(C)C(=O)Nc1c(noc1C)C)NC(=O)Nc1ccc(cc1)C(F)(F)F,0,0.846138,0.889642,0.709209
C[C@H]1CCCCO[C@H](CN(C)S(=O)(=O)c2ccc(cc2)F)[C@H](C)CN([C@H](C)CO)C(=O)c2cc(ccc2O1)NC(=O)C1CCCCC1,0,0.011653,0.017398,0.002591
OCCN1CCOCC1,0,0.010312,0.031723,0.011012
CO[C@H]1CN(C)C(=O)c2cc(ccc2OC[C@@H](C)N(C[C@H]1C)Cc1ccc(cc1)OC)NC(=O)c1nc2ccccc2s1,0,0.004983,0.024689,0.005659
C[C@@H]1CN([C@H](C)CO)C(=O)c2cc(ccc2O[C@H]1CN(C)S(=O)(=O)c1cn(cn1)C)NS(=O)(=O)c1ccc(cc1)Cl,0,0.011891,0.017470,0.002686
COc1ccc(cc1)S(=O)(=O)N(C)C[C@H]1Oc2c(cccc2C(=O)N(C[C@@H]1C)[C@H](C)CO)NC(=O)NC(C)C,0,0.055991,0.018724,0.003327
CCC(=O)N1CCN=C1SC,0,0.010531,0.035088,0.005324
C[C@@H]1CCCCO[C@H](CN(C)S(=O)(=O)c2ccc(cc2)C)[C@H](C)CN([C@H](C)CO)C(=O)c2cc(ccc2O1)NC(=O)NC1CCCCC1,0,0.010373,0.017559,0.002410
CC(=O)OC1CC2CCC1(C)C2(C)C,0,0.270358,0.064946,0.011344
NC1=NC(=O)NC=C1F,0,0.566080,0.087958,0.031068
CN1[C@@H]2CC[C@H](CC(=O)NC3Cc4ccccc4C3)O[C@H]2COc2ccc(cc2C1=O)NC(=O)c1ccc(cc1)C(F)(F)F,0,0.206531,0.138308,0.207171
O[C@H]1COC[C@@H]2O[C@H](CC[C@H]2N(C1)C(=O)Nc1ccc(c(c1)Cl)Cl)CC(=O)NCc1ccncc1,0,0.880856,0.947003,0.976739
C[C@@H]1CN([C@@H](C)CO)C(=O)Cc2cc(ccc2O[C@H]1CN(C)S(=O)(=O)C)NS(=O)(=O)c1cn(cn1)C,0,0.007575,0.017706,0.003021
Cc1cccc[n+]1C,0,0.013205,0.084191,0.024939
C[C@H]1CN([C@H](C)CO)C(=O)Cc2cc(ccc2O[C@H]1CN(C)S(=O)(=O)c1ccc(cc1)Cl)NS(=O)(=O)C,0,0.021912,0.018706,0.004762
COc1ccccc1S(=O)(=O)N[C@@H]1CC[C@@H](CCNC(=O)C2CCOCC2)O[C@@H]1CO,0,0.046778,0.021410,0.005574
CC1=CC(=O)N=C(N1)n1nc(cc1N)C,0,0.101761,0.041830,0.025101
C[C@@H]1CN([C@H](C)CO)C(=O)c2cc(cnc2O[C@H]1CN(C)C(=O)CCN1CCCCC1)C#Cc1ccccn1,0,0.025517,0.017087,0.002582
OC(=O)/C=C\C(=O)O,0,0.003573,0.058342,0.019149
COCCOC(=O)N1C(=O)[C@@]2([C@H]([C@H]3N([C@@H]([C@@H](OC3=O)c3ccccc3)c3ccccc3)[C@H]2c2ccc(cc2)OCCO)C(=O)N2CCCCCCC2)c2cc(ccc21)C#CC1=CCCCC1,0,0.106359,0.022182,0.008001
NS(=O)(=O)c1ccc(cc1)C(=O)O,0,0.000084,0.045205,0.016497
C[C@@H]1CCCCO[C@H](CN(C)C(=O)NC2CCCCC2)[C@@H](C)CN([C@H](C)CO)C(=O)c2cc(ccc2O1)NS(=O)(=O)c1ccc(cc1)Cl,0,0.009651,0.017445,0.002350
OC[C@H]1O[C@H](OC[C@@H](O)[C@@H](O)[C@H](O)[C@@H](O)/C=N/NC(=O)CCCCCC(=O)Nc2ccccc2O)[C@H](O)[C@@H](O)[C@H]1O,0,0.026815,0.111891,0.029754
C[C@H]1CN([C@H](C)CO)C(=O)c2cc(ccc2O[C@@H]1CN(C)C(=O)Nc1ccc(cc1)C(F)(F)F)NC(=O)Nc1ccc(cc1)C(F)(F)F,0,0.950810,0.126024,0.032637
NC(=O)c1cc(ccc1F)N,0,0.257110,0.098905,0.039472
C[C@H]1CN([C@@H](C)CO)C(=O)c2cccc(c2O[C@H]1CN(C)C(=O)Nc1ccc2c(c1)OCO2)NC(=O)Nc1ccc(cc1)C(F)(F)F,1,0.458415,0.202718,0.068687
C[C@H]1CN([C@@H](C)CO)C(=O)Cc2cc(ccc2O[C@H]1CN(C)C(=O)Nc1c(noc1C)C)NS(=O)(=O)c1cccs1,0,0.005097,0.017475,0.003509
OC(=O)c1cn2cccc(c2n1)O,0,0.564783,0.090564,0.118081
OC[C@H]1O[C@@H](CCNS(=O)(=O)c2ccc(cc2)Cl)CC[C@H]1NS(=O)(=O)c1ccccc1Cl,0,0.204064,0.085510,0.026321
COc1ccc(cc1)CN(C)C[C@H]1OCCCC[C@H](C)Oc2ccc(cc2C(=O)N(C[C@@H]1C)[C@H](C)CO)NS(=O)(=O)c1cccs1,0,0.005875,0.018361,0.002539
C[C@@H]1CCCCO[C@H](CN(C)C(=O)Nc2ccccc2)[C@@H](C)CN([C@H](C)CO)C(=O)c2cc(ccc2O1)NC(=O)c1ccccc1,0,0.001823,0.016664,0.001627
C[C@@H]1CN([C@H](C)CO)C(=O)c2cccc(c2O[C@H]1CN(C)Cc1ccncc1)NS(=O)(=O)c1cccs1,0,0.009912,0.017475,0.002190
C[C@@H]1CCCCO[C@@H](CN(C)CC2CC2)[C@H](C)CN([C@@H](C)CO)C(=O)c2cc(ccc2O1)NC(=O)Nc1ccc(cc1)C(F)(F)F,0,0.760217,0.896724,0.963775
CC(C)NC(=O)Nc1ccc2c(c1)C(=O)N(C[C@H](C)[C@H](CN(C)C(=O)Nc1ccc(cc1)F)OCCCC[C@@H](C)O2)[C@H](C)CO,0,0.081398,0.024484,0.004104
CCOC(=O)N,0,0.000789,0.026023,0.007832
Clc1ccc(c(c1)Cl)OCCN1CCC(CC1)C(=O)N[C@@H](c1ccc2c(c1)OCO2)c1ccccn1,0,0.765446,0.919838,0.961404
COC(=O)C1=CO[C@@H](O[C@@H]2O[C@H](CO)[C@@H](O)[C@H](O)[C@H]2O)/C(=C\C)[C@@H]1CC(=O)OC[C@H]1O[C@@H](OCCc2ccc(cc2)O)[C@H](O)[C@@H](O)[C@@H]1OC(=O)C[C@H]1/C(=C/C)[C@@H](OC=C1C(=O)OC)O[C@@H]1O[C@H](CO)[C@@H](O)[C@H](O)[C@H]1O,0,0.006380,0.401821,0.136326
COc1cccc(c1)C#Cc1ccc2c(c1)O[C@H](CN(C)S(=O)(=O)c1ccccc1F)[C@H](C)CN([C@H](C)CO)S2(=O)=O,0,0.037381,0.024144,0.003680
COc1cccc(c1)S(=O)(=O)Nc1ccc2c(c1)[C@@H]1C[C@@H](CC(=O)NCc3ccccc3F)O[C@H](CO)[C@@H]1O2,0,0.011809,0.017630,0.004936
C[C@H]1CCCCO[C@@H](CN(C)C(=O)CCC(F)(F)F)[C@H](C)CN([C@H](C)CO)C(=O)c2cc(ccc2O1)NC(=O)CCC(F)(F)F,0,0.084337,0.147976,0.071268
C[C@H]1CN([C@H](C)CO)C(=O)c2cccc(c2O[C@H]1CN(C)Cc1ccc(cc1)Oc1ccccc1)NC(=O)c1nc2ccccc2s1,0,0.001310,0.018462,0.004210
CO[C@H]1CN(C)C(=O)c2cc(ccc2OC[C@@H](C)N(C[C@@H]1C)C(=O)CN(C)C)NC(=O)Nc1ccccc1,0,0.045889,0.022825,0.004912
COc1ccc(cc1)S(=O)(=O)Nc1ccc2c(c1)C(=O)N(C[C@H](C)[C@@H](CN(C)S(=O)(=O)c1ccc(cc1)Cl)OCCCC[C@H](C)O2)[C@@H](C)CO,0,0.004385,0.018089,0.002498
O[C@@H]1COC[C@@H]2O[C@@H](CC[C@H]2N(C1)Cc1cc(ccc1F)F)CC(=O)N[C@H]1CCN(C1)Cc1ccccc1,0,0.891554,0.094605,0.039992
C[C@@H](O)C#Cc1ccc2c(c1)O[C@H](CN(C)C(=O)Cc1ccccn1)[C@@H](C)CN([C@@H](C)CO)S2(=O)=O,0,0.016794,0.020603,0.003478
C[C@@](N)(C(=O)O)c1ccc(cc1)-c1nn[nH]n1,0,0.496480,0.033154,0.027076
C[C@H]1CN([C@H](C)CO)C(=O)c2cc(ccc2O[C@@H]1CN(C)Cc1ccc(cc1)Oc1ccccc1)NC(=O)NC1CCCCC1,0,0.016117,0.017685,0.006249
C[C@]12CC[C@H]3[C@@]4(C)CC[C@H](O)C[C@@]54C=C[C@@]3([C@@H]1CC[C@@]2(O)CN1CCC(CC1)N1C(=O)Nc2ccccc21)C(=C5)C(=O)c1cc2ccccc2s1,0,0.994924,0.295583,0.077578
C[C@H]1CN([C@@H](C)CO)C(=O)c2cccc(c2O[C@@H]1CN(C)S(=O)(=O)c1ccc(cc1)Cl)N(C)C,0,0.032957,0.020872,0.006452
COc1ccc(cc1)NC(=O)Nc1ccc2c(c1)C(=O)N(C[C@@H](C)[C@H](CN(C)Cc1ccc(cc1)C(F)(F)F)O2)[C@@H](C)CO,0,0.267443,0.106275,0.056934
CCN(CC)CCCCNc1ncc2cc(c(nc2n1)NC(=O)NC(C)(C)C)-c1cc(cc(c1)OC)OC,0,0.974293,0.348195,0.261687
C[C@H]1CN([C@H](C)CO)C(=O)c2c(c3ccccc3n2C)-c2ccccc2CO[C@@H]1CN(C)C(=O)Nc1cccc(c1Cl)Cl,0,0.316143,0.029660,0.006147
CC(C)NC(=O)Nc1ccc2c(c1)C(=O)N(C[C@@H](C)[C@@H](CN(C)Cc1ccccc1)OCCCC[C@@H](C)O2)[C@H](C)CO,0,0.017135,0.017099,0.002977
CC(Cc1ccc(O)c(O)c1)C(C)Cc1ccc(O)c(O)c1,0,0.700659,0.583283,0.490796
CNC(C)C(O)c1ccccc1.Cl,0,0.593173,0.079980,0.029809
CN(C)Cc1c([nH]c2ccccc12)C,0,0.359445,0.028925,0.022811
COc1cccc(c1)NC(=O)N(C)C[C@H]1Oc2cc(ccc2S(=O)(=O)N(C[C@@H]1C)[C@H](C)CO)C#Cc1ccncc1,0,0.035299,0.021259,0.002683
C[C@@H]1CN([C@H](C)CO)C(=O)Cc2cc(ccc2O[C@H]1CN(C)S(=O)(=O)c1ccc(cc1)C)NC(=O)Cn1cnnn1,0,0.001357,0.018506,0.002962
C[C@@H]1CN([C@H](C)CO)C(=O)c2cc(ccc2O[C@@H]1CN(C)S(=O)(=O)c1ccc(cc1)F)NS(=O)(=O)c1c(noc1C)C,0,0.016506,0.017638,0.004162
C[C@@H]1CN([C@H](C)CO)C(=O)Cc2cc(ccc2O[C@H]1CN(C)S(=O)(=O)c1cccs1)NC(=O)CCN1CCOCC1,0,0.000279,0.017489,0.002184
NCCNC(=O)c1nc(no1)-c1ccc(o1)Br,0,0.743985,0.138619,0.033677
Nc1nc(N)c2nc(CNc3ccc(C(=O)NC(CCC(=O)O)C(=O)O)cc3)cnc2n1,0,0.233544,0.149847,0.072554
C[C@H]1CN([C@@H](C)CO)C(=O)c2cc(ccc2O[C@@H]1CN(C)S(=O)(=O)c1cn(cn1)C)NC(=O)Cc1cn(c2ccccc12)C,0,0.004686,0.017743,0.002282
COc1ccc(cc1)COC[C@]12Oc3ccccc3[C@@H](NC(=O)N2C)[C@H]1COC(=O)NCCCCCC(=O)NO,0,0.003078,0.148579,0.087268
NCc1c[nH]nc1-c1ccccc1,0,0.376332,0.187094,0.060795
C[C@@H]1CN([C@@H](C)CO)C(=O)Cc2cc(ccc2O[C@@H]1CN(C)Cc1ccc(cc1)C(=O)O)NC(=O)c1ccncc1,0,0.011228,0.029664,0.003566
OC(=O)[C@H]1CCC(=O)N(CC=C)C1,0,0.008725,0.017583,0.006468
C[C@@H]1CCCCO[C@H](CN(C)C(=O)Nc2c(noc2C)C)[C@H](C)CN([C@H](C)CO)C(=O)c2cc(ccc2O1)NS(=O)(=O)c1ccc(cc1)F,0,0.018970,0.018051,0.002844
O[C@H]1COC[C@H]2O[C@@H](CC[C@@H]2N(C1)C(=O)c1ccc2c(c1)OCO2)CC(=O)NCCN1CCCCC1,0,0.246793,0.058530,0.009723
C[C@H]1CCCCO[C@@H](CN(C)C(=O)Nc2ccccc2)[C@@H](C)CN([C@@H](C)CO)C(=O)c2cc(ccc2O1)NS(=O)(=O)c1c(noc1C)C,0,0.008483,0.017289,0.002628
COc1ccc(cc1)NC(=O)N(C)C[C@@H]1Oc2c(cccc2C(=O)N(C[C@H]1C)[C@H](C)CO)NC(=O)c1ccc(cc1)-c1nccs1,0,0.018627,0.017215,0.002818
C[C@H]1CN([C@@H](C)CO)C(=O)Cc2cc(ccc2O[C@H]1CN(C)CC1CC1)NC(=O)CCN1CCOCC1,0,0.011913,0.023481,0.003325
C[C@H]1CN([C@@H](C)CO)C(=O)Cc2cc(ccc2O[C@H]1CN(C)C(=O)Nc1ccc(cc1)F)NS(=O)(=O)C,0,0.058223,0.024472,0.004220
COc1ccc(cc1)S(=O)(=O)Nc1ccc2c(c1)CC(=O)N(C[C@H](C)[C@@H](CN(C)C)O2)[C@@H](C)CO,0,0.004092,0.019625,0.004038
CC(C)C(=O)O[C@@H]1[C@@H](OC(=O)C)[C@@H](OC(=O)C)C(C)(C)/C=C/[C@@](C)(O)C(=O)[C@]2(O)[C@H]([C@@H](OC(=O)C)[C@](C)(OC(=O)C)[C@H]2OC(=O)C)[C@H]2OC(=O)CC[C@@]12OC(=O)C,0,0.000001,0.366223,0.300475
CC(C)N1C[C@H](C)[C@@H](CN(C)Cc2ccc(cc2)Oc2ccccc2)Oc2c(cccc2C1=O)C(=O)Nc1ccncc1,0,0.004569,0.176793,0.019651
Cc1ccc(o1)/C=N/NC1=CN=NC(=O)N1,0,0.883431,0.136976,0.083528
C[C@@H]1CCCCO[C@H](CN(C)C(=O)Nc2c(noc2C)C)[C@@H](C)CN([C@H](C)CO)C(=O)c2cc(ccc2O1)NC(=O)NC1CCCCC1,0,0.032084,0.016823,0.002741
COc1cccc(c1)-c1ccc2c(c1)O[C@H](CN(C)C(=O)C1CC1)[C@H](C)CN([C@H](C)CO)S2(=O)=O,0,0.036261,0.024765,0.004676
COCC(=O)Nc1ccc2c(c1)C(=O)N(C)C[C@@H](OC)[C@@H](C)CN([C@H](C)CO2)C(=O)Cc1cccnc1,0,0.005830,0.018017,0.002355
CCN1C(=O)[C@@H]2SC[C@H](O)[C@@H]2C1=O,0,0.000907,0.047378,0.041068
C[C@H]1CCCCO[C@H](CN(C)C(=O)Nc2ccc(cc2)C(F)(F)F)[C@@H](C)CN([C@@H](C)CO)C(=O)c2cc(ccc2O1)NC(=O)c1ccccc1,0,0.086651,0.017825,0.003133
CN(C)CC(=O)N1C[C@@H]2[C@@H]([C@H](CO)N2C(=O)C1)c1ccc(cc1)C#Cc1cccnc1,0,0.607625,0.030638,0.010261
C[C@@H]1CCCCO[C@H](CN(C)S(=O)(=O)C)[C@@H](C)CN([C@@H](C)CO)C(=O)c2cc(ccc2O1)NS(=O)(=O)c1ccc(cc1)C,0,0.003331,0.017408,0.002433
C[C@H]1CN([C@H](C)CO)C(=O)c2ccccc2-c2ccccc2CO[C@H]1CN(C)C(=O)Oc1ccc(cc1)C,0,0.096649,0.021908,0.011249
CO/N=C(\C(=O)N[C@H]1[C@H]2SCC(=C(N2C1=O)C(=O)O)CSC(=O)c1ccco1)c1csc(n1)N,1,0.999539,0.964624,0.980900
CN1[C@H]2CC[C@H](CC(=O)Nc3cccc4ccccc34)O[C@@H]2COc2ccc(cc2C1=O)NS(=O)(=O)c1ccc(cc1)F,0,0.007158,0.026126,0.011424
C[C@H]1CN([C@@H](C)CO)C(=O)CCCn2nncc2CO[C@H]1CN(C)S(=O)(=O)c1ccc(cc1)C#N,0,0.000038,0.020133,0.003625
COCC(=O)N1C[C@@H](C)[C@@H](CN(C)C(=O)c2ccc(cc2OC[C@H]1C)NC(=O)c1ccc(cc1)F)OC,0,0.023760,0.020135,0.005041
COc1ccc(cc1)CN(C)C[C@H]1OCCCC[C@@H](C)Oc2ccc(cc2C(=O)N(C[C@H]1C)[C@H](C)CO)NC(=O)Cc1ccccc1,0,0.007678,0.016157,0.003285
C[C@H]1CN([C@H](C)CO)C(=O)Cc2cc(ccc2O[C@@H]1CN(C)S(=O)(=O)c1cccs1)NC(=O)Nc1c(noc1C)C,0,0.003548,0.017491,0.003201
C[C@@H]1CN([C@@H](C)CO)C(=O)c2cc(ccc2O[C@@H]1CN(C)Cc1ccc(cc1)C(=O)O)NC(=O)Nc1ccc(cc1)C(F)(F)F,0,0.623871,0.214209,0.048175
COc1ccccc1NC(=O)N(C)C[C@H]1Oc2ncc(cc2C(=O)N(C[C@@H]1C)[C@H](C)CO)C#CC(C)C,0,0.115224,0.018297,0.003072
CC[C@@H](OC(=O)C)C#CCN1CCOCC1,0,0.005595,0.019911,0.004526
C[C@@H]1CN([C@H](C)CO)C(=O)Cc2cc(ccc2O[C@H]1CN(C)S(=O)(=O)c1ccc(cc1)F)NC(=O)Cc1ccccc1,0,0.004319,0.021069,0.003719
C[C@@H]1CCCCO[C@H](CN(C)C(=O)C2CCCCC2)[C@H](C)CN([C@@H](C)CO)C(=O)c2cc(ccc2O1)NC(=O)CCCCCC(=O)Nc1ccccc1N,0,0.003237,0.019167,0.002971
COc1ccc(cc1)NC(=O)Nc1ccc2c(c1)C(=O)N(C[C@H](C)[C@@H](CN(C)Cc1ccccc1)OCCCC[C@H](C)O2)[C@@H](C)CO,0,0.011146,0.017156,0.001884
C[C@@H]1CN([C@@H](C)CO)C(=O)Cc2cc(ccc2O[C@H]1CN(C)Cc1ccc(cc1)C(F)(F)F)NC(=O)CCCCCC(=O)Nc1ccccc1N,0,0.103957,0.020448,0.003172
C[C@@H]1CN([C@H](C)CO)C(=O)c2cc(ccc2O[C@@H]1CN(C)Cc1ccc(cc1)Oc1ccccc1)NC(=O)Cc1ccccc1,0,0.002985,0.017285,0.004207
COc1ccc(cc1)[C@@H]([C@H](Cc1ccccc1)OC(=O)C)N1C[C@@H]2[C@H]([C@@H]1Cc1ccccc1)N(C)O[C@@]2(O)[C@@H](O)c1ccccc1,0,0.265636,0.068016,0.021344
C[C@H]1CCCCO[C@@H](CN(C)C(=O)Nc2ccccc2)[C@@H](C)CN([C@@H](C)CO)C(=O)c2cc(ccc2O1)NC(=O)c1ccccc1,0,0.001823,0.016664,0.001627
CN1C(C(=O)Nc2ccccn2)=C(O)c2sccc2S1(=O)=O,0,0.061037,0.064332,0.014916
COc1ccc(cc1)NC(=O)Nc1ccc2c(c1)C(=O)N(C[C@H](C)[C@H](CN(C)Cc1ccncc1)OCCCC[C@@H](C)O2)[C@H](C)CO,0,0.012384,0.016512,0.001718
C[C@H]1CN([C@H](C)CO)C(=O)c2cccc(c2O[C@H]1CN(C)S(=O)(=O)C)NC(=O)c1cc(nn1C)C,0,0.020213,0.017245,0.003304
COc1ccc(cc1)S(=O)(=O)Nc1ccc2c(c1)CC(=O)N(C[C@@H](C)[C@H](CN(C)S(=O)(=O)c1cccs1)O2)[C@H](C)CO,0,0.000704,0.017429,0.002357
Cn1cc(cn1)-c1nc(c(c2c1C(=O)NC2)F)N[C@@H]1CCCC[C@@H]1N,0,0.400916,0.117140,0.075493
NCCCNCCCCNCCCN,0,0.002024,0.047277,0.009567
C[C@@H]1CN([C@H](C)CO)C(=O)c2cccc(c2O[C@@H]1CN(C)C(=O)Nc1c(noc1C)C)NS(=O)(=O)c1ccccc1,0,0.016649,0.017899,0.003411
C[C@@H]1CN([C@H](C)CO)C(=O)Cc2cc(ccc2O[C@H]1CN(C)Cc1ccc(cc1)Oc1ccccc1)NS(=O)(=O)c1ccccc1,0,0.000336,0.019213,0.002837
C[C@H]1CCCCO[C@H](CN(C)S(=O)(=O)c2ccc(cc2)F)[C@H](C)CN(C)C(=O)c2cc(ccc2O1)NC(=O)Nc1ccccc1,0,0.008435,0.030677,0.008326
C[C@@H]1[C@H]([C@H](CC(=O)N(CCO)Cc2ccccc2)O[C@@]11C(=O)N(c2ccccc2)c2ccccc21)[Si](C)(C)F,0,0.002134,0.059137,0.032375
CCCCCCCCCCCCCCCC(=O)NCCO,0,0.013013,0.213588,0.045223
C[C@@H]1CCCCO[C@H](CN(C)Cc2ccc(cc2)C(=O)O)[C@@H](C)CN([C@@H](C)CO)C(=O)c2cc(ccc2O1)NS(=O)(=O)c1cccs1,0,0.010119,0.023606,0.002184
COc1cccc(c1)S(=O)(=O)Nc1ccc2c(c1)[C@@H]1C[C@H](CC(=O)NCc3cccc(c3)F)O[C@H](CO)[C@@H]1O2,0,0.015710,0.017636,0.004713
C[C@@H]1CN([C@@H](C)CO)C(=O)c2cc(ccc2O[C@@H]1CN(C)C(=O)Nc1ccc(cc1)F)NC(=O)Nc1ccc(cc1)C(F)(F)F,0,0.891150,0.507413,0.274758
CN(C)[C@H]1[C@@H]2C[C@@H]3Cc4c(ccc(c4C(=O)[C@@H]3C(=O)[C@]2(O)C(=C(C(=O)N)C1=O)O)O)N(C)C,0,0.968316,0.619381,0.713175
C[C@@H]1CN([C@@H](C)CO)C(=O)c2cccc(c2O[C@H]1CN(C)C(=O)Nc1ccc(cc1)C(F)(F)F)NC(=O)Nc1cccc2ccccc12,0,0.711127,0.157133,0.081002
C[C@@H]1CN([C@H](C)CO)C(=O)c2cc(ccc2O[C@H]1CN(C)Cc1ccc(cc1)-c1ccccc1)NS(=O)(=O)c1ccc(cc1)Cl,0,0.025558,0.019726,0.004602
COc1ccc(cc1)NC(=O)N(C)C[C@@H]1OCCCC[C@H](C)Oc2ccc(cc2C(=O)N(C[C@H]1C)[C@H](C)CO)NS(=O)(=O)c1ccccc1,0,0.001695,0.017503,0.001776
O[C@H]1COC[C@H]2O[C@@H](CC[C@@H]2N(C1)S(=O)(=O)c1cccc(c1)F)CC(=O)NCCCN1CCOCC1,0,0.369150,0.031648,0.016369
CC(C)(C)c1cc(n(n1)-c1ccccc1)NC(=O)Nc1ccc(cc1F)Oc1ccnc2nc(cnc12)O,0,0.717461,0.276867,0.182352
C[C@@H]1CN([C@H](C)CO)C(=O)Cc2cc(ccc2O[C@H]1CN(C)C(=O)Nc1cccc2ccccc12)NS(=O)(=O)c1cccs1,0,0.001589,0.017338,0.002520
CCOc1ccc(cc1OC)CO[C@@H]1O[C@H](CO)[C@@H](O)[C@H](O)[C@H]1NC(=O)C,0,0.065764,0.155471,0.101741
CO[C@H]1CN(C)C(=O)c2ccc(cc2OC[C@H](C)N(C[C@H]1C)C(=O)c1ccc2c(c1)OCO2)NS(=O)(=O)C,0,0.005125,0.018116,0.002999
OCCN(Cc1ccccc1)C(=O)C[C@@H](CC=C)C(=O)NC[C@H](OC(=O)[C@@H](CCC=C)Cc1ccc(cc1)F)c1ccccc1,0,0.009876,0.042316,0.013241
C[C@H]1CN([C@@H](C)CO)C(=O)CCCn2cc(nn2)CO[C@@H]1CN(C)C(=O)Nc1ccc2c(c1)OCO2,0,0.030742,0.023117,0.003024
CC(C)NC(=O)Nc1ccc2c(c1)C(=O)N(C[C@H](C)[C@H](CN(C)S(=O)(=O)c1ccc(cc1)Cl)O2)[C@@H](C)CO,0,0.069090,0.018871,0.003669
C[C@@H]1CN([C@H](C)CO)C(=O)c2cc(cnc2O[C@@H]1CN(C)C(=O)C1CCOCC1)C#Cc1ccccc1F,0,0.032742,0.018740,0.005659
C[C@H]1CCCCO[C@@H](CN(C)Cc2ccc(cc2)C(F)(F)F)[C@H](C)CN([C@@H](C)CO)C(=O)c2cc(ccc2O1)NS(=O)(=O)c1cn(cn1)C,0,0.114996,0.025027,0.003857
C[C@@H]1CCCCO[C@H](CN(C)C(=O)Nc2ccccc2)[C@H](C)CN([C@H](C)CO)C(=O)c2cc(ccc2O1)NC(=O)Cc1ccccc1,0,0.003255,0.016494,0.001914
C[C@H]1CN([C@@H](C)CO)S(=O)(=O)c2ccc(cc2O[C@@H]1CN(C)C(=O)C1CCCCC1)C#Cc1ccncc1,0,0.042694,0.026083,0.005889
C[C@@H]1CCCCO[C@@H](CN(C)S(=O)(=O)c2ccc(cc2)F)[C@@H](C)CN([C@@H](C)CO)C(=O)c2cc(ccc2O1)NC(=O)Nc1ccc(cc1)C(F)(F)F,0,0.278009,0.055779,0.006236
C[C@H]1CCCCO[C@H](CN(C)S(=O)(=O)c2cccs2)[C@H](C)CN([C@@H](C)CO)C(=O)c2cc(ccc2O1)NC(=O)Nc1cccc2ccccc12,0,0.002098,0.018370,0.001913
CC(C)NC(=O)N(C)C[C@H]1Oc2ccc(cc2CC(=O)N(C[C@@H]1C)[C@H](C)CO)NC(=O)Cn1cnnn1,0,0.003821,0.025809,0.004780
COc1ccccc1CNC(=O)C[C@H]1C[C@@H]2[C@@H](Oc3ccc(cc32)NC(=O)Cc2ccncc2)[C@H](CO)O1,0,0.036700,0.025284,0.007189
C[C@@H]1CN([C@H](C)CO)C(=O)c2cc(ccc2O[C@H]1CN(C)S(=O)(=O)C)NC(=O)Nc1ccccc1,0,0.031505,0.018358,0.003071
C[C@H]1CN([C@H](C)CO)C(=O)Cc2cc(ccc2O[C@H]1CN(C)S(=O)(=O)C)NS(=O)(=O)c1cccs1,0,0.002734,0.018689,0.003298
C[C@H]1CN([C@H](C)CO)C(=O)c2cc(cnc2O[C@H]1CN(C)S(=O)(=O)c1ccccc1)-c1cccc(c1)F,0,0.011235,0.018549,0.004944
CCCNC(=O)N1C[C@@H](C)[C@@H](CN(C)C(=O)c2cc(ccc2OC[C@@H]1C)NS(=O)(=O)CC(F)(F)F)OC,0,0.063401,0.052291,0.006256
C[C@@H]1CN([C@@H](C)CO)C(=O)c2cccc(c2O[C@@H]1CN(C)Cc1ccncc1)NS(=O)(=O)c1c(noc1C)C,0,0.015800,0.017429,0.002361
C[C@@H]1CCCCO[C@H](CN(C)Cc2ccc(cc2)C(=O)O)[C@H](C)CN([C@@H](C)CO)C(=O)c2cc(ccc2O1)NC(=O)Nc1cccc2ccccc12,0,0.018908,0.021942,0.002055
CC(C)NC(=O)Nc1ccc2c(c1)CC(=O)N(C[C@@H](C)[C@@H](CN(C)Cc1ccc3c(c1)OCO3)O2)[C@@H](C)CO,0,0.022189,0.023361,0.003816
C[C@H]1CN([C@H](C)CO)C(=O)c2cc(ccc2O[C@@H]1CN(C)C(=O)Nc1c(noc1C)C)NS(=O)(=O)c1ccccc1,0,0.010729,0.017046,0.002820
O[C@@H]1COC[C@H]2O[C@@H](CC[C@@H]2N(C1)C(=O)c1ccccc1F)CC(=O)N1CCN(CC1)c1ccccc1,0,0.508486,0.086499,0.067664
COc1ccc(cc1)CN(C)C[C@@H]1Oc2ccc(cc2C(=O)N(C[C@H]1C)[C@H](C)CO)NS(=O)(=O)c1cn(cn1)C,0,0.016517,0.017406,0.002411
C[C@H]1CCCCO[C@H](CN(C)Cc2ccc3c(c2)OCO3)[C@@H](C)CN([C@@H](C)CO)C(=O)c2cc(ccc2O1)NC(=O)C1CCCCC1,0,0.013913,0.017195,0.003366
C[C@@H]1CCCCO[C@@H](CN(C)Cc2ccncc2)[C@@H](C)CN([C@@H](C)CO)C(=O)c2cc(ccc2O1)NC(=O)Nc1ccccc1,0,0.014455,0.016561,0.002019
C[C@H]1CN([C@@H](C)CO)C(=O)c2cc(ccc2O[C@H]1CN(C)S(=O)(=O)c1ccc(cc1)F)NC(=O)Nc1cccc2ccccc12,0,0.032562,0.019303,0.003473
C[C@@H]1CCCCO[C@@H](CN(C)Cc2ccc(c(c2)Cl)Cl)[C@@H](C)CN([C@H](C)CO)C(=O)c2cc(ccc2O1)NC(=O)NC1CCCCC1,0,0.152184,0.017938,0.004182
COc1ccc(cc1)S(=O)(=O)N(C)C[C@@H]1Oc2ccc(cc2C(=O)N(C[C@H]1C)[C@H](C)CO)NC(=O)NC(C)C,0,0.027320,0.019123,0.003421
C[C@H]1CCCCO[C@@H](CN(C)S(=O)(=O)c2ccc(cc2)C)[C@@H](C)CN([C@@H](C)CO)C(=O)c2cc(ccc2O1)NS(=O)(=O)c1ccc(cc1)F,0,0.003658,0.017398,0.002393
C[C@@H]1CN([C@H](C)CO)C(=O)Cc2cc(ccc2O[C@H]1CN(C)C(=O)Nc1ccc(cc1)C(F)(F)F)NC(=O)C1CCCCC1,0,0.430655,0.177193,0.085010
CCCN(C)C[C@@H]1OCCCC[C@H](C)Oc2ccc(cc2C(=O)N(C[C@@H]1C)[C@H](C)CO)NC(=O)C1CCCCC1,0,0.042786,0.019144,0.006818
CC(C)(C)[C@H]1COC(=O)[C@H](CC=CC[C@H](CC(=O)NCCO)C(=O)N1)NC(=O)OCC1c2ccccc2-c2ccccc21,0,0.001190,0.081192,0.029654
C[C@@H]1CCCCO[C@H](CN(C)S(=O)(=O)c2ccccc2)[C@H](C)CN([C@H](C)CO)C(=O)c2cc(ccc2O1)NC(=O)Nc1ccccc1,0,0.002631,0.017817,0.001998
C[C@H]1CN([C@@H](C)CO)C(=O)Cc2cc(ccc2O[C@@H]1CN(C)S(=O)(=O)c1ccc(cc1)F)NS(=O)(=O)c1c(noc1C)C,0,0.011386,0.017638,0.002832
C[C@@H]1CCCCO[C@@H](CN(C)S(=O)(=O)c2ccccc2)[C@@H](C)CN([C@H](C)CO)C(=O)c2cc(ccc2O1)NC(=O)Nc1ccc2c(c1)OCO2,0,0.001150,0.017872,0.001868
COC(CN(C)C(=O)C1=CN(C)c2ccc(cc2C1=O)S(=O)(=O)N1CCOCC1)OC,0,0.199032,0.024468,0.007125
COC(=O)Nc1c(cc(cc1C)C)C,0,0.956402,0.047135,0.018527
C[C@@H](N)c1nc2c(s1)CCCC2,0,0.056248,0.024927,0.011233
CCC(C=CC(C)C1CCC2C3CCC4=CC(=O)CCC4(C)C3CCC12C)C(C)C,0,0.985403,0.153068,0.049461
COC(=O)c1ccc(cc1)C(=O)NN,0,0.179732,0.028952,0.024733
C[C@]12NC(=O)N[C@@H]([C@H]2CO)c2ccccc2O1,0,0.212068,0.083888,0.023833
O=C1NCCN1c1cccnc1,0,0.085075,0.069036,0.015003
C[C@H]1CCCCO[C@H](CN(C)C(=O)NC2CCCCC2)[C@@H](C)CN([C@@H](C)CO)C(=O)c2cc(ccc2O1)NS(=O)(=O)c1ccc(cc1)F,0,0.010285,0.017398,0.002540
COCCOC(=O)N1C(=O)[C@@]2([C@H]([C@H]3N([C@@H]([C@@H](OC3=O)c3ccccc3)c3ccccc3)[C@H]2c2ccccc2OCCO)C(=O)NC[C@H](O)c2ccccc2)c2cc(ccc21)C#CC1=CCCCC1,0,0.180041,0.017157,0.010975
COc1ccc(cc1)CN(C)C[C@@H]1OCCCC[C@@H](C)Oc2ccc(cc2C(=O)N(C[C@@H]1C)[C@@H](C)CO)NC(=O)CCC(F)(F)F,0,0.100231,0.017320,0.006595
c1ccc(cc1)-c1nn[nH]n1,0,0.078253,0.227954,0.068188
COc1ccc(cc1)[Si](C)(C)[C@@H]1[C@@H](C)[C@@]2(O[C@H]1CC(=O)N1CCC[C@H]1CO)C(=O)N(Cc1ccc(cc1)N1C(=O)c3cccc4cccc1c34)c1ccccc12,0,0.000814,0.049710,0.012537
CO[C@H]1[C@H](O)[C@@H](O)[C@@H](O)[C@H](O)[C@@H]1O,0,0.000422,0.059643,0.017453
C[C@H]1CCCCO[C@H](CN(C)S(=O)(=O)c2ccc(cc2)Cl)[C@@H](C)CN([C@@H](C)CO)C(=O)c2cc(ccc2O1)NS(=O)(=O)c1ccc(cc1)C,0,0.004278,0.017445,0.002520
CC(=O)O[C@H]1CC[C@]2(C)[C@H]3CC[C@@]4(C)[C@@H](OC(=O)[C@H]5O[C@]54[C@]3(C)[C@@H](C[C@H]2C1(C)C)OC(=O)C)c1ccoc1,0,0.119029,0.171994,0.116777
C[C@@H]1CN([C@H](C)CO)C(=O)c2cccc(c2O[C@@H]1CN(C)C(=O)Nc1ccc(cc1)C(F)(F)F)NC(=O)CCCCCC(=O)Nc1ccccc1N,0,0.713287,0.056948,0.029686
C[C@@H]1CN([C@@H](C)CO)C(=O)c2c(c3ccccc3n2C)-c2ccccc2CO[C@H]1CN(C)S(=O)(=O)c1ccc(cc1)Cl,0,0.031406,0.020062,0.002675
CN1C(=O)N(C)c2ccc(cc2C1=O)S(=O)(=O)NCCC(=O)NC1CCCC1,0,0.518780,0.183388,0.024150
C[C@H]1CCCCO[C@H](CN(C)S(=O)(=O)c2c(noc2C)C)[C@H](C)CN([C@H](C)CO)C(=O)c2cc(ccc2O1)NC(=O)Nc1ccccc1,0,0.010983,0.017396,0.002347
C[C@H]1CCCCO[C@H](CN(C)S(=O)(=O)c2ccc(cc2)F)[C@@H](C)CN([C@@H](C)CO)C(=O)c2cc(ccc2O1)NC(=O)NC1CCCCC1,0,0.015897,0.017398,0.002644
COc1ccc(cc1)S(=O)(=O)N(C)C[C@H]1Oc2c(cccc2C(=O)N(C[C@@H]1C)[C@@H](C)CO)NS(=O)(=O)c1c(noc1C)C,0,0.012280,0.018746,0.003804
CC1=C(C(=O)O)N2C(=O)C(NC(=O)C(N)c3ccc(O)cc3)C2SC1,0,0.998130,0.964430,0.979318
O[C@@H]1COC[C@@H]2O[C@@H](CC[C@H]2N(C1)S(=O)(=O)c1cccc(c1)Cl)CC(=O)NCc1ccc2c(c1)OCO2,0,0.170442,0.046961,0.012711
NC(=O)N1C[C@@H]2C[C@H]1CN2,0,0.010603,0.018720,0.004723
CN(C)CC(=O)N[C@@H]1CC[C@@H](CCNC(=O)C2CC2)O[C@@H]1CO,0,0.259057,0.020613,0.007778
C[C@@H]1CCCCO[C@H](CN(C)C(=O)Nc2c(noc2C)C)[C@@H](C)CN([C@@H](C)CO)C(=O)c2cc(ccc2O1)NS(=O)(=O)c1ccc(cc1)F,0,0.018970,0.018051,0.002844
OCCNc1ccc2nonc2c1[N+](=O)[O-],0,0.951264,0.558380,0.156170
C[C@@H]1CCCCO[C@@H](CN(C)C(=O)Nc2ccc(cc2)C(F)(F)F)[C@H](C)CN([C@H](C)CO)C(=O)c2cc(ccc2O1)NC(=O)NC1CCCCC1,0,0.439635,0.073732,0.022143
CC(C)NC(=O)N(C)C[C@H]1Oc2ccc(cc2C(=O)N(C[C@H]1C)[C@H](C)CO)NS(=O)(=O)c1ccc(cc1)F,0,0.047467,0.023851,0.004586
COc1ccc(cc1)S(=O)(=O)Nc1ccc2c(c1)C(=O)N(C[C@H](C)[C@H](CN(C)C(=O)CCC(F)(F)F)OCCCC[C@H](C)O2)[C@@H](C)CO,0,0.012262,0.021425,0.003808
OC[C@H]1O[C@H](CCNS(=O)(=O)c2ccc(cc2)Cl)CC[C@H]1NS(=O)(=O)c1ccccc1Cl,0,0.204064,0.085510,0.026321
C[C@H](O)C#Cc1ccc2c(c1)O[C@H](CN(C)C(=O)Nc1ccccc1)[C@@H](C)CN([C@H](C)CO)S2(=O)=O,0,0.078679,0.022928,0.005876
OC[C@@H]1[C@H]([C@H](C#N)N1C(=O)CN1CCOCC1)c1ccc(cc1)C#Cc1ccccn1,0,0.002159,0.080321,0.020810
CC1=CC(=O)N=C(N1)n1ncc(c1N)C#N,0,0.001568,0.059527,0.053778
O=C1COC2(CCN(CC2)C(=O)c2ccno2)CN1,0,0.032565,0.050138,0.015558
Cc1cccc(c1)S(=O)(=O)N1C[C@@H](O)COC[C@@H]2O[C@@H](CC[C@H]21)CC(=O)NCCCN1CCOCC1,0,0.201972,0.023780,0.010710
C[C@@H]1CN([C@@H](C)CO)C(=O)c2cc(ccc2O[C@@H]1CN(C)C(=O)Nc1ccc2c(c1)OCO2)NC(=O)Cn1cnnn1,0,0.002828,0.018820,0.003329
COCCNC(=O)C[C@H]1C[C@@H]2[C@@H](Oc3ccc(cc32)NC(=O)CN(C)C)[C@@H](CO)O1,0,0.170130,0.021249,0.007469
C[C@H]1CN([C@H](C)CO)C(=O)c2cccc(c2O[C@H]1CN(C)C(=O)Nc1c(noc1C)C)NC(=O)c1ccncc1,0,0.047026,0.017476,0.004633
COc1cccc(c1)-c1ccc2c(c1)O[C@@H](CN(C)C(=O)C1CCOCC1)[C@H](C)CN([C@@H](C)CO)S2(=O)=O,0,0.020371,0.020491,0.003943
COc1ccc(cc1)S(=O)(=O)N(C)C[C@@H]1Oc2c(cccc2C(=O)N(C[C@@H]1C)[C@@H](C)CO)NC(=O)C1CCOCC1,0,0.011411,0.017642,0.002466
C[C@H]1CCCCO[C@@H](CN(C)Cc2ccccc2)[C@H](C)CN([C@H](C)CO)C(=O)c2cc(ccc2O1)NC(=O)Cc1ccccc1,0,0.003756,0.017462,0.003953
OC1=Nc2cc(ccc2NC1=O)F,0,0.701245,0.115048,0.079133
CCC[C@@H](O)C#Cc1cnc2c(c1)C(=O)N(C[C@H](C)[C@H](CN(C)C(=O)Nc1ccc(cc1)OC)O2)[C@H](C)CO,0,0.038524,0.016339,0.003585
C[C@H]1CN([C@H](C)CO)C(=O)c2cc(ccc2O[C@@H]1CN(C)C(=O)Nc1ccccc1)NS(=O)(=O)c1cn(cn1)C,0,0.034969,0.017500,0.002122
O=c1[nH]c(=O)c2ccccc2o1,0,0.363536,0.061705,0.048530
CO[C@@H]1CN(C)C(=O)c2cc(ccc2OC[C@H](C)N(C[C@@H]1C)Cc1cccnc1)NS(=O)(=O)CC(F)(F)F,0,0.074076,0.023357,0.006135
C[C@H]1CN([C@@H](C)CO)C(=O)Cc2cc(ccc2O[C@@H]1CN(C)C(=O)NC1CCCCC1)NC(=O)c1ccncc1,0,0.004859,0.016611,0.001969
O[C@@H]1COC[C@@H]2O[C@@H](CC[C@H]2N(C1)S(=O)(=O)c1ccc(cc1)Cl)CC(=O)NCCN1CCCC1,0,0.687594,0.077389,0.026177
Nc1ccc(S(=O)(=O)Nc2ncccn2)cc1,0,0.055315,0.050171,0.008615
COc1ccc(cc1)[Si](C)(C)[C@H]1[C@H](C)[C@@]2(O[C@@H]1CCOC(=O)NCCCCCC(=O)NO)C(=O)N(Cc1ccccc1)c1ccc(cc12)NC(=O)[C@@H](C)OC(=O)NCCCCCC(=O)NO,0,0.000000,0.088317,0.022373
C[C@H]1CN([C@@H](C)CO)C(=O)c2c(c3ccccc3n2C)-c2ccccc2CO[C@H]1CN(C)S(=O)(=O)c1ccc(cc1)C(F)(F)F,0,0.112742,0.034898,0.005384
CCCC(=O)Nc1ccc2c(c1)C(=O)N(C)C[C@H](OC)[C@H](C)CN(Cc1ccc(cc1)-c1ccccn1)[C@H](C)CO2,0,0.016224,0.036612,0.007003
C[C@@H]1CCCCO[C@@H](CN(C)S(=O)(=O)c2cccs2)[C@H](C)CN([C@@H](C)CO)C(=O)c2cc(ccc2O1)NC(=O)Nc1ccc(cc1)F,0,0.008294,0.017465,0.002284
COC(=O)NCCOc1nc(nc(n1)N(C)C)N(C)C,0,0.000049,0.147779,0.026056
C[C@@H]1CN([C@@H](C)CO)C(=O)Cc2cc(ccc2O[C@H]1CN(C)Cc1ccc2c(c1)OCO2)NC(=O)C1CC1,0,0.008665,0.023673,0.005219
C[C@@H]1CCCCO[C@@H](CN(C)C(=O)NC2CCCCC2)[C@H](C)CN([C@H](C)CO)C(=O)c2cc(ccc2O1)NC(=O)Nc1cccc2ccccc12,0,0.017700,0.015574,0.003299
Nc1nc2c(s1)CNCC2,0,0.006682,0.028837,0.007834
Cc1cccc(Cc2c[nH]cn2)c1C.Cl,0,0.906450,0.112884,0.069607
NC(=N)NCc1cn(nn1)CC(=O)N1CCN(CC1)c1ccccc1,0,0.276256,0.438696,0.165092
C[C@@H]1CN([C@@H](C)CO)S(=O)(=O)c2ccc(cc2O[C@H]1CN(C)C(=O)Cc1ccncc1)C#CC1CC1,0,0.033660,0.020824,0.003056
C[C@H]1CN([C@@H](C)CO)C(=O)Cc2cc(ccc2O[C@H]1CN(C)Cc1ccc(c(c1)Cl)Cl)NS(=O)(=O)c1ccc(cc1)F,0,0.042098,0.020197,0.003288
C[C@@H]1CN([C@H](C)CO)C(=O)Cc2cc(ccc2O[C@H]1CN(C)C(=O)Nc1ccccc1)NC(=O)Cn1cnnn1,0,0.004241,0.018701,0.003694
Oc1ccccc1/C=N/C1=NNC(=O)CS1,0,0.178717,0.083812,0.059605
O[C@H]1COC[C@@H]2O[C@@H](CC[C@H]2N(C1)S(=O)(=O)c1ccc(cc1)Cl)CC(=O)N[C@@H]1CCN(C1)Cc1ccccc1,0,0.463596,0.061808,0.011812
C[C@H]1CN([C@H](C)CO)C(=O)Cc2cc(ccc2O[C@@H]1CN(C)C(=O)Nc1cccc2ccccc12)NS(=O)(=O)c1cccs1,0,0.001589,0.017338,0.002520
C[C@H]1CCCCO[C@H](CN(C)S(=O)(=O)c2cccs2)[C@H](C)CN([C@H](C)CO)C(=O)c2cc(ccc2O1)NC(=O)NC1CCCCC1,0,0.004257,0.017475,0.002750
C[C@H]1CN([C@H](C)CO)C(=O)c2cccc(c2O[C@H]1CN(C)Cc1ccc(cc1)C(=O)Nc1ccccc1N)NC(=O)Nc1ccc(cc1)C(F)(F)F,0,0.553120,0.038399,0.006063
CC(C)NC(=O)N(C)C[C@H]1Oc2c(cccc2C(=O)N(C[C@H]1C)[C@@H](C)CO)NS(=O)(=O)c1ccc(cc1)Cl,0,0.070486,0.022236,0.005227
C[C@@H]1CN([C@H](C)CO)C(=O)Cc2cc(ccc2O[C@@H]1CN(C)S(=O)(=O)C)NC(=O)Cc1cn(c2ccccc12)C,0,0.002745,0.021987,0.002902
CC(C)NC(=O)N[C@@H]1C=C[C@H](CC(=O)O)O[C@H]1CO,0,0.021250,0.029789,0.011773
NCC[C@@H]1CC[C@@H](NC(=O)c2ccccc2F)[C@@H](CO)O1,0,0.334070,0.036197,0.019280
C[C@H]1CN([C@@H](C)CO)C(=O)c2cccc(c2O[C@H]1CN(C)Cc1ccccc1)NC(=O)Nc1ccc(cc1)C(F)(F)F,0,0.596938,0.366958,0.268214
C[C@@H]1CN([C@@H](C)CO)C(=O)c2cccc(c2O[C@@H]1CN(C)Cc1ccc(cc1)-c1ccccc1)NC(=O)CCCCCC(=O)Nc1ccccc1N,0,0.044537,0.019986,0.003537
CCN(CC)CCC/N=C/1\S[C@@H](CC(=N1)CC(=O)/C=C/c1ccc(c(c1)OC)O)c1ccc(c(c1)OC)O,0,0.787296,0.552841,0.425781
C[C@@H]1CN([C@@H](C)CO)C(=O)c2cccc(c2O[C@@H]1CN(C)C(=O)Nc1cccc2ccccc12)NC(=O)c1ccc(cc1)-c1nccs1,0,0.011899,0.017057,0.002332
O[C@@H]1COC[C@H]2O[C@@H](CC[C@@H]2N(C1)C(=O)Nc1cccc(c1)Cl)CC(=O)NCCCN1CCOCC1,1,0.673813,0.637711,0.925448
Cn1cnc(c1)S(=O)(=O)N[C@@H]1CC[C@@H](CC(=O)NCC2CC2)O[C@H]1CO,0,0.025261,0.023038,0.007818
COc1ccc(cc1)S(=O)(=O)Nc1ccc2c(c1)C(=O)N(C[C@H](C)[C@H](CN(C)S(=O)(=O)c1c(noc1C)C)O2)[C@H](C)CO,0,0.008518,0.017615,0.003403
C[C@H]1CCCCO[C@@H](CN(C)Cc2ccccc2)[C@H](C)CN([C@@H](C)CO)C(=O)c2cc(ccc2O1)NS(=O)(=O)c1ccc(cc1)Cl,0,0.008650,0.017318,0.002584
C[C@@H]1CCCCO[C@@H](CN(C)Cc2ccc3c(c2)OCO3)[C@@H](C)CN([C@H](C)CO)C(=O)c2cc(ccc2O1)NS(=O)(=O)c1ccc(cc1)Cl,0,0.004560,0.017965,0.002421
COc1ccc(cc1)S(=O)(=O)N(C)C[C@H]1Oc2ncc(cc2C(=O)N(C[C@H]1C)[C@H](C)CO)C#CC1(O)CCCC1,0,0.007438,0.019901,0.003810
C[C@H]1CCCCO[C@H](CN(C)S(=O)(=O)c2c(noc2C)C)[C@@H](C)CN([C@@H](C)CO)C(=O)c2cc(ccc2O1)NC(=O)Nc1cccc2ccccc12,0,0.006649,0.018500,0.002454
COc1ccc(cc1OC)C(=O)O[C@H]1CC[C@@]2(C)[C@@H]3CC[C@H]4[C@]5(O)C[C@H](O)[C@@]6(O)[C@@H](CN7C[C@@H](C)CC[C@H]7[C@@]6(C)O)[C@]5(O)C[C@@]42O[C@]13O,0,0.002133,0.143304,0.026665
O=C(CCBr)N1CCN(C(=O)CCBr)CC1,0,0.007664,0.162497,0.025643
Nc1ncnc(c1[N+](=O)[O-])NC[C@H]1CCCO1,0,0.998798,0.143691,0.049193
O[C@@H]1COC[C@@H]2O[C@H](CC[C@H]2N(C1)S(=O)(=O)c1ccccc1)CC(=O)N1CCOCC1,0,0.023558,0.040867,0.012700
CN(C)C(=O)N[C@H]1CN([C@H]2CCCO[C@@H]12)S(=O)(=O)C,0,0.008344,0.043018,0.012281
O=C([C@H]1CCCO1)N1CCNCC1,0,0.017559,0.017129,0.003535
C[C@@H]1CN([C@@H](C)CO)C(=O)c2cccc(c2O[C@@H]1CN(C)S(=O)(=O)c1ccc(cc1)C)NS(=O)(=O)c1cccs1,0,0.007997,0.018144,0.002898
CCCNC(=O)N[C@H]1C=C[C@@H](CC(=O)N2CCN(C)CC2)O[C@@H]1CO,0,0.084391,0.023615,0.008040
C[C@@H]1CCCCO[C@@H](CN(C)C(=O)Nc2cccc3ccccc23)[C@H](C)CN([C@@H](C)CO)C(=O)c2cc(ccc2O1)NC(=O)Cc1ccccc1,0,0.003683,0.015550,0.002066
COc1ccc(cc1)S(=O)(=O)N(C)C[C@H]1OCCCC[C@H](C)Oc2ccc(cc2C(=O)N(C[C@@H]1C)[C@@H](C)CO)NS(=O)(=O)c1cn(cn1)C,0,0.004413,0.018013,0.002390
OCc1c(cccc1N1[C@@H](C(=O)N(CC=C)Cc2ccccc2)[C@@]23O[C@@H](C=C2)[C@H]([C@@H]3C1=O)C(=O)OCC=C)Cl,0,0.893599,0.344586,0.220621
CN1[C@@H]2CC[C@H](CC(=O)N3CCOCC3)O[C@H]2COc2ccc(cc2C1=O)NC(=O)c1ccc(c(c1)F)F,0,0.014939,0.149038,0.059103
C[C@@H]1CN([C@@H](C)CO)C(=O)Cc2cc(ccc2O[C@H]1CN(C)S(=O)(=O)c1ccc(cc1)F)NC(=O)C1CC1,0,0.014459,0.021241,0.004442
CCN(CC)C(=O)C1(c2ccccc2)CC1CN.Cl,0,0.959755,0.198865,0.065193
C[C@H]1CN([C@H](C)CO)C(=O)c2cc(cnc2O[C@H]1CN(C)S(=O)(=O)c1ccc(cc1)C)C#Cc1ccc(cc1)F,0,0.027371,0.019754,0.003598
COc1ccc(cc1)S(=O)(=O)Nc1ccc2c(c1)C(=O)N(C[C@@H](C)[C@H](CN(C)C(=O)C1CCCCC1)OCCCC[C@@H](C)O2)[C@@H](C)CO,0,0.003619,0.017378,0.002671
COc1ccc(cc1)S(=O)(=O)Nc1ccc2c(c1)C(=O)N(C[C@H](C)[C@@H](CN(C)C(=O)NC1CCCCC1)OCCCC[C@H](C)O2)[C@H](C)CO,0,0.003745,0.018138,0.002092
C[C@H]1CCCCO[C@@H](CN(C)S(=O)(=O)c2ccc(cc2)C)[C@H](C)CN([C@H](C)CO)C(=O)c2cc(ccc2O1)NC(=O)C1CCCCC1,0,0.004767,0.017559,0.002559
COc1ccc(cc1)NC(=O)Nc1ccc2c(c1)C(=O)N(C[C@@H](C)[C@H](CN(C)Cc1ccc(cc1)-c1ccccc1)O2)[C@H](C)CO,0,0.068481,0.017282,0.003178
C[C@H]1CN([C@H](C)CO)C(=O)c2cc(ccc2O[C@@H]1CN(C)Cc1ccc2c(c1)OCO2)NC(=O)c1ccncc1,0,0.002831,0.016750,0.002151
CO[C@H]1CN(C)C(=O)c2cc(ccc2OC[C@@H](C)N(C[C@H]1C)Cc1cccc(c1)F)NS(=O)(=O)c1cn(cn1)C,0,0.025315,0.018686,0.003181
C[C@H]1CCCCO[C@@H](CN(C)C)[C@H](C)CN([C@H](C)CO)C(=O)c2cc(ccc2O1)NC(=O)Nc1cccc2ccccc12,0,0.036140,0.017463,0.004060
COc1ccc(cc1)NC(=O)N(C)C[C@@H]1OCCCC[C@H](C)Oc2ccc(cc2C(=O)N(C[C@@H]1C)[C@@H](C)CO)NS(=O)(=O)c1cccs1,0,0.003291,0.017466,0.002014
COCC(=O)N1C[C@@H](C)[C@H](CN(C)C(=O)c2ccc(cc2OC[C@H]1C)NC(=O)Nc1cccc(c1)F)OC,0,0.057132,0.022718,0.008941
COc1ccc(C(=O)NCc2ccc(OCCN(C)C)cc2)cc1OC,0,0.530481,0.168884,0.076587
C[C@@H]1CCCCO[C@H](CN(C)S(=O)(=O)c2ccccc2)[C@@H](C)CN([C@H](C)CO)C(=O)c2cc(ccc2O1)NC(=O)CCC(F)(F)F,0,0.015256,0.018776,0.002990
C[C@@H]1CN([C@@H](C)CO)C(=O)c2cc(cnc2O[C@H]1CN(C)C(=O)CN(C)C)C#CC1(O)CCCC1,0,0.046820,0.041204,0.022898
COc1ccc(cc1)CN(C)C[C@@H]1OCCCC[C@@H](C)Oc2ccc(cc2C(=O)N(C[C@@H]1C)[C@@H](C)CO)NC(=O)Nc1ccc2c(c1)OCO2,0,0.012215,0.016469,0.002110
C[C@@H]1CCCCO[C@@H](CN(C)Cc2ccc(cc2)C(F)(F)F)[C@@H](C)CN([C@H](C)CO)C(=O)c2cc(ccc2O1)NC(=O)Nc1ccc(cc1)C(F)(F)F,0,0.790766,0.017771,0.008766
C[C@@H]1CN([C@H](C)CO)C(=O)c2cc(ccc2O[C@@H]1CN(C)S(=O)(=O)c1cccs1)NC(=O)Cn1cnnn1,0,0.001262,0.018193,0.003594
CCCNC(=O)Nc1ccc2c(c1)C(=O)N(C)C[C@@H](OC)[C@@H](C)CN(Cc1ccc(cc1)-c1ccccn1)[C@H](C)CO2,0,0.035922,0.030950,0.006108
C[C@@H]1CN([C@H](C)CO)C(=O)c2cc(ccc2O[C@@H]1CN(C)Cc1ccc(c(c1)Cl)Cl)NC(=O)Nc1ccc(cc1)F,0,0.458758,0.020025,0.013429
CC[N+](C)(C)c1cccc(O)c1.[Cl-],0,0.359196,0.069244,0.042098
NCc1cccc(c1)-n1cccn1,0,0.251637,0.103775,0.032443
COc1ccc(cc1)NC(=O)N(C)C[C@@H]1Oc2c(cccc2C(=O)N(C[C@@H]1C)[C@@H](C)CO)NS(=O)(=O)c1c(noc1C)C,0,0.036816,0.016615,0.002950
C[C@H]1CN([C@H](C)CO)C(=O)Cc2cc(ccc2O[C@@H]1CN(C)S(=O)(=O)c1ccc(cc1)C)NS(=O)(=O)c1ccc(cc1)F,0,0.004145,0.017404,0.002810
CS(=O)(=O)N1CCN(CC1)Cc1cc2nc(nc(c2s1)N1CCOCC1)-c1cccc2n[nH]cc12,0,0.229406,0.027608,0.009977
C[C@@H]1CN([C@@H](C)CO)C(=O)c2cc(ccc2O[C@@H]1CN(C)S(=O)(=O)c1ccc(cc1)C)NC(=O)Nc1ccc(cc1)C(F)(F)F,0,0.376173,0.052014,0.011581
C[Si](C)(C)C#CC(=O)NO,0,0.045386,0.161495,0.043964
C[C@H]1CN([C@H](C)CO)C(=O)c2cccc(c2O[C@H]1CN(C)S(=O)(=O)c1ccc(cc1)C)NS(=O)(=O)c1cccs1,0,0.007997,0.018144,0.002898
C[N+](C)(C)C[C@@H](O)CC(=O)O,0,0.002105,0.040154,0.008939
CC(=C)COc1ccc(cc1)[N+](=O)[O-],0,0.246176,0.096032,0.103986
c1ccc2c(c1)ccc1cc3c(ccc4ccccc43)cc12,0,0.461436,0.280521,0.141340
CCCC(=O)Nc1ccc2c(c1)OC[C@@H](C)N(C[C@@H](C)[C@@H](CN(C)C2=O)OC)C(=O)CN1CCOCC1,0,0.000711,0.020173,0.002550
C[C@@H]1CN([C@H](C)CO)S(=O)(=O)c2ccc(cc2O[C@@H]1CN(C)Cc1ccc(cc1)F)C#CC1CC1,0,0.158541,0.020254,0.004245
C[C@@H]1CCCCO[C@@H](CN(C)C(=O)c2ccccc2)[C@H](C)CN([C@@H](C)CO)C(=O)c2cc(ccc2O1)NC(=O)CCC(F)(F)F,0,0.033783,0.022857,0.006373
COC[C@@H]1CN(C)N=C(O1)C1CC1,0,0.078381,0.027535,0.007310
CN1[C@@H]2CC[C@@H](CC(=O)NCCc3ccncc3)O[C@@H]2COc2ccc(cc2C1=O)NC(=O)Cc1cccs1,0,0.009885,0.022048,0.012500
Cc1cc2nc3ccc(N(C)C)cc3[s+]c2cc1N.[Cl-],0,0.052520,0.278208,0.095849
C[C@H]1CN([C@H](C)CO)C(=O)c2cccc(c2O[C@H]1CN(C)Cc1ccc2c(c1)OCO2)NC(=O)C1CC1,0,0.011187,0.016565,0.004043
C[C@H]1CCCCO[C@@H](CN(C)C(=O)Nc2cccc3ccccc23)[C@H](C)CN([C@H](C)CO)C(=O)c2cc(ccc2O1)NS(=O)(=O)c1ccc(cc1)C,0,0.003302,0.018774,0.001737
COCCN1CCC(CN)CC1,0,0.224357,0.027464,0.012676
CCN(Cc1cccc(c1)Br)c1c(nc2ccc(cn12)C(=O)NCCOc1ccc(cc1)OC)CC,0,0.833771,0.486800,0.365429
C[C@@H]1CN([C@H](C)CO)C(=O)CCCn2nncc2CO[C@@H]1CN(C)Cc1ccc(cc1)C(=O)Nc1ccccc1N,0,0.015630,0.020486,0.003858
COc1ccc(cc1)CN(C)C[C@H]1Oc2c(cccc2C(=O)N(C[C@H]1C)[C@@H](C)CO)NC(=O)Nc1cccc2ccccc12,0,0.025843,0.017469,0.004387
C[C@H]1CN([C@H](C)CO)C(=O)Cc2cc(ccc2O[C@@H]1CN(C)Cc1ccc(cc1)Oc1ccccc1)NC(=O)Nc1ccc(cc1)F,0,0.019591,0.022036,0.004962
OC[C@H]1O[C@@H](C[C@H]2[C@@H]1Oc1ccc(cc12)NC(=O)Nc1ccccc1)CC(=O)NCCN1CCCCC1,0,0.399529,0.070639,0.019664
OC[C@@H](Cc1ccccc1)NC(=O)C[C@@H]1CC=CCC[C@@H](Cc2ccc(cc2)F)C(=O)OC[C@@H](Cc2c[nH]c3ccccc23)NC1=O,0,0.018630,0.063385,0.008961
O=c1cc(CO)occ1O,0,0.042802,0.089392,0.030627
C[C@@H]1CN([C@H](C)CO)C(=O)c2cccc(c2O[C@@H]1CN(C)C(=O)NC1CCCCC1)NC(=O)C1CC1,0,0.039460,0.021348,0.006580
C[C@@H]1CN([C@@H](C)CO)C(=O)c2c(c3ccccc3n2C)-c2ccccc2CO[C@@H]1CN(C)C(=O)Nc1ccccc1,0,0.016357,0.018693,0.002611
CN([C@H]1CCS(=O)(=O)C1)C(=O)c1ccc(c(c1)N1C(=O)CCS1(=O)=O)Cl,0,0.409473,0.063734,0.012080
CC(C)NC(=O)Nc1cccc2c1O[C@@H](CN(C)Cc1ccc(cc1)-c1ccccc1)[C@@H](C)CN([C@@H](C)CO)C2=O,0,0.204911,0.023720,0.008406
CO[C@H]1CN(C)C(=O)c2ccc(cc2OC[C@@H](C)N(C[C@@H]1C)C(=O)C1CCOCC1)NC(=O)C1CC1,0,0.011839,0.024122,0.003794
C[C@H]1CN([C@@H](C)CO)C(=O)Cc2cc(ccc2O[C@H]1CN(C)S(=O)(=O)c1cn(cn1)C)NC(=O)NC1CCCCC1,0,0.011207,0.017570,0.003332
C[C@@H]1CN([C@@H](C)CO)C(=O)c2cc(ccc2O[C@H]1CN(C)S(=O)(=O)c1cn(cn1)C)NC(=O)C1CCCCC1,0,0.010823,0.017985,0.003522
CCNC(=S)NCC1CC1,0,0.000000,0.083772,0.054026
C[C@@H]1CCCCO[C@H](CN(C)S(=O)(=O)c2ccccc2)[C@@H](C)CN([C@@H](C)CO)C(=O)c2cc(ccc2O1)NS(=O)(=O)c1cn(cn1)C,0,0.002299,0.017475,0.001938
C[C@H]1CCCCO[C@H](CN(C)S(=O)(=O)c2ccccc2)[C@H](C)CN([C@H](C)CO)C(=O)c2cc(ccc2O1)NC(=O)CCC(F)(F)F,0,0.015256,0.018776,0.002990
CO[C@@H](CN(C)C(=O)c1ccccc1F)[C@H](C)CN([C@@H](C)CO)S(=O)(=O)c1ccc(cc1)Cl,0,0.371472,0.026506,0.012821
C[C@H]1CN([C@@H](C)CO)C(=O)c2cccc(c2O[C@H]1CN(C)Cc1ccc(cc1)C(F)(F)F)NC(=O)Nc1ccc(cc1)F,0,0.852997,0.138400,0.124849
C[C@@H]1CCCCO[C@@H](CN(C)S(=O)(=O)c2ccccc2)[C@@H](C)CN([C@H](C)CO)C(=O)c2cc(ccc2O1)NC(=O)Nc1cccc2ccccc12,0,0.002290,0.018831,0.001845
C=C(C)C1CCC2(C)CCC3(C)C(CCC4C5(C)CCC(OC(C)=O)C(C)(C)C5CCC43C)C12,0,0.926964,0.434546,0.119193
C[C@H](O)CC(=O)O,0,0.000381,0.030520,0.009057
C[C@H]1CN([C@@H](C)CO)C(=O)c2cccc(c2O[C@@H]1CN(C)C(=O)Nc1cccc2ccccc12)NC(=O)CCCCCC(=O)Nc1ccccc1N,0,0.029130,0.019498,0.002535
CC(C)(O)C#Cc1ccc(cc1)[C@H]1[C@H](CO)N2CCCCN(C[C@H]12)S(=O)(=O)C,0,0.103681,0.049067,0.008912
O=C1CCOC1,0,0.008996,0.022006,0.007641
CN1C(=O)N(C)c2ncn(c2C1=O)CC(=O)N1CCN(CC1)c1ccccc1F,0,0.697421,0.157188,0.093930
CCOC(=O)C1=CN2C=NNC2=NC1=O,0,0.026385,0.107725,0.042873
C[C@@H]1CCCCO[C@@H](CN(C)Cc2ccc(cc2)C(=O)O)[C@@H](C)CN([C@H](C)CO)C(=O)c2cc(ccc2O1)NC(=O)CCC(F)(F)F,0,0.214872,0.023716,0.006892
CC(C)C[C@H](N)C(=O)N[C@@H](C)C(=O)O,0,0.014202,0.021900,0.007841
O[C@@H]1COC[C@@H]2O[C@@H](CC[C@H]2N(C1)S(=O)(=O)c1ccc(cc1)F)CC(=O)N[C@@H]1CCN(C1)Cc1ccccc1,0,0.437253,0.029274,0.010610
C[C@H]1CN([C@@H](C)CO)C(=O)c2cc(ccc2O[C@@H]1CN(C)Cc1ccc(cc1)Oc1ccccc1)NC(=O)Nc1ccc2c(c1)OCO2,0,0.002157,0.017828,0.003647
C[C@@H]1CCCCO[C@H](CN(C)S(=O)(=O)c2cccs2)[C@@H](C)CN([C@H](C)CO)C(=O)c2cc(ccc2O1)NC(=O)NC1CCCCC1,0,0.004257,0.017475,0.002750
CN(C)C(=O)C[C@@H]1CC[C@H](NC(=O)C2CCOCC2)[C@H](CO)O1,0,0.009514,0.022817,0.008475
C[C@H]1CCCN(C1)C(=O)CCNS(=O)(=O)c1ccc2c(c1)C(=O)N(C)C(=O)N2C,0,0.295149,0.148386,0.014326
C[C@H]1CCCCO[C@H](CN(C)C(=O)c2ccccc2)[C@@H](C)CN([C@H](C)CO)C(=O)c2cc(ccc2O1)NC(=O)c1ccccc1,0,0.000345,0.017219,0.001962
C[C@H]1CN([C@@H](C)CO)C(=O)c2cccc(c2O[C@H]1CN(C)C(=O)Nc1ccc(cc1)F)NC(=O)c1nc2ccccc2s1,0,0.060663,0.022361,0.010835
C[C@@H]1CCCCO[C@H](CN(C)Cc2ccncc2)[C@H](C)CN([C@@H](C)CO)C(=O)c2cc(ccc2O1)NC(=O)c1ccccc1,0,0.002455,0.016642,0.001840
C[C@H]1CCCCO[C@H](CN(C)Cc2ccc(cc2)C(=O)O)[C@@H](C)CN([C@@H](C)CO)C(=O)c2cc(ccc2O1)NS(=O)(=O)c1ccc(cc1)Cl,0,0.018965,0.026321,0.002203
Cc1ccccc1S(=O)(=O)N1C[C@H](O)COC[C@H]2O[C@H](CC[C@@H]21)CC(=O)N1CCOCC1,0,0.035975,0.026404,0.011463
C[C@@H]1CN([C@@H](C)CO)C(=O)c2cccc(c2O[C@@H]1CN(C)Cc1ccc(cc1)C(F)(F)F)NC(=O)Nc1ccc(cc1)C(F)(F)F,0,0.960266,0.182975,0.084117
CN1CCN(CC1)C(=O)[C@@H]1[C@@H](CO)[C@@H]2CN3C(=O)C(=CC=C3[C@@H]2N1CC1CC1)c1cncnc1,0,0.234408,0.033951,0.019296
O=C(C=CC=Cc1ccc2c(c1)OCO2)N1CCCCC1,0,0.490530,0.346657,0.146327
OCCCOc1ccc(cc1)C1=N[C@](Cc2ccccc2N=[N+]=[N-])([C@H](O1)c1ccccc1)C(=O)NCc1ccccc1,0,0.098826,0.131896,0.028411
ClC1C(Cl)C(Cl)C(Cl)C(Cl)C1Cl,0,0.992050,0.073781,0.018979
COc1ccc(cc1)NC(=O)N(C)C[C@H]1OCCCC[C@@H](C)Oc2ccc(cc2C(=O)N(C[C@@H]1C)[C@H](C)CO)NC(=O)c1ccccc1,0,0.003191,0.016330,0.001538
C[C@@H]1CCCCO[C@H](CN(C)S(=O)(=O)c2ccc(cc2)Cl)[C@@H](C)CN([C@H](C)CO)C(=O)c2cc(ccc2O1)NC(=O)Nc1c(noc1C)C,0,0.024012,0.017488,0.002256
COc1ccc2c3c(n(c2c1)C)[C@H](CO)N(Cc1cc(cc(c1)OC)OC)C[C@]13CCN(CC1)C(=O)Nc1cccc(c1)F,0,0.367579,0.064540,0.017057
C[C@H]1CN([C@H](C)CO)C(=O)Cc2cc(ccc2O[C@@H]1CN(C)S(=O)(=O)c1ccc(cc1)F)NC(=O)CCCN(C)C,0,0.009290,0.022412,0.003645
NS(=O)(=O)c1ccc2c(c1)OCCO2,0,0.000010,0.023453,0.005911
C[N+](C)(C)CCCC[C@@H]1NC(=O)[C@@H]2C[C@@H]([C@@H](N2C1=O)c1cccc(c1)OCCO)C(=O)NCCCCCCNC(=O)CS,0,0.000041,0.232914,0.087543
O[C@@H]1COC[C@@H]2O[C@H](CC[C@H]2N(C1)C(=O)Nc1cccc(c1)Cl)CC(=O)NCCCN1CCOCC1,1,0.673813,0.637711,0.925448
C[C@@H]1CCCCO[C@@H](CN(C)Cc2ccc(cc2)C(=O)Nc2ccccc2N)[C@@H](C)CN([C@H](C)CO)C(=O)c2cc(ccc2O1)NC(=O)Nc1ccc(cc1)F,0,0.041230,0.017158,0.001937
C[C@H]1CCCCO[C@H](CN(C)C(=O)NC2CCCCC2)[C@H](C)CN([C@H](C)CO)C(=O)c2cc(ccc2O1)NC(=O)Nc1c(noc1C)C,0,0.030737,0.016823,0.002885
C[C@H]1CN([C@@H](C)CO)C(=O)c2cccc(c2O[C@@H]1CN(C)CC1CCCCC1)NC(=O)Nc1ccc(cc1)C(F)(F)F,0,0.888211,0.745776,0.616648
COc1ccc(cc1Cl)S(=O)(=O)N(C)C[C@@H]1Oc2ccc(cc2CC(=O)N(C[C@@H]1C)[C@@H](C)CO)NC(=O)Nc1cc(cc(c1)Cl)Cl,0,0.321816,0.027173,0.004343
C[C@@H]1CCCCO[C@H](CN(C)C(=O)Nc2ccc3c(c2)OCO3)[C@H](C)CN([C@@H](C)CO)C(=O)c2cc(ccc2O1)NC(=O)Cc1ccccc1,0,0.003056,0.016773,0.002085
CC(C)c1ccc(cc1)/C=C/C(=O)Nc1nc2ccccc2s1,0,0.799744,0.438282,0.399198
C[C@H]1CCCCO[C@@H](CN(C)C)[C@@H](C)CN([C@@H](C)CO)C(=O)c2cc(ccc2O1)NS(=O)(=O)c1c(noc1C)C,0,0.011027,0.019532,0.004948
C[C@H]1CN([C@@H](C)CO)C(=O)c2ccccc2-c2ccccc2CO[C@H]1CN(C)Cc1ccc(c(c1)Cl)Cl,0,0.259461,0.054237,0.014341
C[C@H]1CCCCO[C@H](CN(C)Cc2ccc(cc2)C(=O)O)[C@H](C)CN([C@H](C)CO)C(=O)c2cc(ccc2O1)NC(=O)Nc1ccccc1,0,0.020450,0.022823,0.002033
CN1CCN(CC#N)C(=O)C21CCN(CC2)S(=O)(=O)C1CC1,0,0.000197,0.242661,0.015933
CC(C)(C)c1ccc(cc1)NC(=O)c1ccc(s1)C(C)(C)C,0,0.856879,0.413919,0.278514
CC(C)NC(=O)Nc1cccc2c1O[C@@H](CN(C)C(=O)Nc1ccc3c(c1)OCO3)[C@H](C)CN([C@H](C)CO)C2=O,0,0.024105,0.018324,0.003837
C[C@@H]1CN([C@@H](C)CO)C(=O)c2cccc(c2O[C@@H]1CN(C)Cc1ccc(cc1)Oc1ccccc1)NC(=O)C1CCOCC1,0,0.008107,0.018622,0.004709
CO[C@@H]1CN(C)C(=O)c2cc(ccc2OC[C@@H](C)N(C[C@H]1C)S(=O)(=O)C)NS(=O)(=O)c1ccccc1C,0,0.010735,0.020624,0.003969
CN1C[C@@H](C=C2[C@H]1Cc1c[nH]c3cccc2c13)C(=O)N[C@]1(C)O[C@@]2(O)[C@@H]3CCCN3C(=O)[C@H](Cc3ccccc3)N2C1=O,0,0.004672,0.256467,0.076795
C[C@@H]1CN([C@H](C)CO)C(=O)c2cccc(c2O[C@@H]1CN(C)Cc1ccc(cc1)C(=O)Nc1ccccc1N)NC(=O)Nc1cccc2ccccc12,0,0.020690,0.018518,0.002672
Cc1ccc(cc1)S(=O)(=O)N[C@H]1CC[C@@H](CC(=O)NCc2ccc(c(c2)Cl)Cl)O[C@@H]1CO,0,0.211258,0.065707,0.020048
C[C@H]1CN([C@H](C)CO)C(=O)c2c(c3ccccc3n2C)-c2ccccc2CO[C@H]1CN(C)S(=O)(=O)c1cn(cn1)C,0,0.014193,0.019485,0.002811
C[C@@H]1CN([C@H](C)CO)C(=O)Cc2cc(ccc2O[C@H]1CN(C)Cc1ccc(cc1)-c1ccccc1)NC(=O)c1ccncc1,0,0.015334,0.018257,0.002308
COc1ccc(cc1)NC(=O)Nc1ccc2c(c1)CC(=O)N(C[C@@H](C)[C@@H](CN(C)C(=O)Nc1cccc3ccccc13)O2)[C@@H](C)CO,0,0.008480,0.016185,0.002191
C[C@H]1CN([C@H](C)CO)C(=O)Cc2cc(ccc2O[C@@H]1CN(C)Cc1ccc(cc1)C(=O)Nc1ccccc1N)NC(=O)Cc1cn(c2ccccc12)C,0,0.003685,0.018818,0.003347
O=C1C(=Cc2cccs2)CCCC1=Cc1cccs1,0,0.962081,0.162644,0.197961
CCOC(=O)CSC1=NC(=O)C=NN1,0,0.067572,0.027907,0.008687
CCN1[C@@H]([C@@H](CO)[C@@H]2CN3C(=O)C(=CC=C3[C@@H]21)c1cccnc1)C(=O)NCCc1cn(cn1)C,0,0.436978,0.025527,0.008859
C[C@@H]1CCCCO[C@@H](CN(C)S(=O)(=O)c2ccc(cc2)F)[C@H](C)CN([C@@H](C)CO)C(=O)c2cc(ccc2O1)NC(=O)c1ccccc1,0,0.001736,0.017528,0.001792
C[C@@H]1CCCCO[C@H](CN(C)Cc2ccc(cc2)C(=O)O)[C@@H](C)CN([C@H](C)CO)C(=O)c2cc(ccc2O1)NC(=O)Nc1ccccc1,0,0.020450,0.022823,0.002033
CC(C)NC(=O)Nc1ccc2c(c1)C(=O)N(C[C@@H](C)[C@@H](CN(C)Cc1ccc(cc1)C(F)(F)F)OCCCC[C@@H](C)O2)[C@@H](C)CO,0,0.344171,0.034153,0.015896
C[C@@H]1CN([C@H](C)CO)C(=O)CCCn2cc(nn2)CO[C@H]1CN(C)S(=O)(=O)C,0,0.005911,0.017692,0.004147
C[C@@H]1CN([C@H](C)CO)C(=O)c2cc(ccc2O[C@@H]1CN(C)S(=O)(=O)c1cn(cn1)C)NS(=O)(=O)c1ccc(cc1)C,0,0.005678,0.017560,0.002659
C[C@H]1CCCCO[C@H](CN(C)S(=O)(=O)c2ccc(cc2)Cl)[C@H](C)CN([C@@H](C)CO)C(=O)c2cc(ccc2O1)NS(=O)(=O)c1ccc(cc1)F,0,0.009628,0.016978,0.002585
CCS(=O)(=O)Nc1ccc2c(c1)C(=O)N(C)[C@@H]1CC[C@@H](CC(=O)NCc3ccc(cc3)OC)O[C@@H]1CO2,0,0.012445,0.018520,0.004205
CC[C@@H]1NC(=O)[C@H]([C@H](O)[C@H](C)C/C=C/C=C)N(C)C(=O)[C@H](C(C)C)N(C)C(=O)[C@H](CC(C)C)N(C)C(=O)[C@H](CC(C)C)N(C)C(=O)[C@@H](C)NC(=O)[C@H](C)NC(=O)[C@H](CC(C)C)N(C)C(=O)[C@@H](NC(=O)[C@H](CC(C)C)N(C)C(=O)CN(C)C1=O)C(C)C,0,0.977189,0.390947,0.067875
CC(=O)CC(c1ccccc1)c1c(O)c2ccccc2oc1=O,0,0.985741,0.590019,0.735976
C[C@H]1CCCCO[C@@H](CN(C)S(=O)(=O)c2ccc(cc2)C)[C@@H](C)CN([C@@H](C)CO)C(=O)c2cc(ccc2O1)NS(=O)(=O)c1ccc(cc1)C,0,0.001396,0.017781,0.002518
COc1ccc(cc1)NC(=O)N(C)C[C@@H]1OCCCC[C@H](C)Oc2ccc(cc2C(=O)N(C[C@@H]1C)[C@@H](C)CO)NS(=O)(=O)c1c(noc1C)C,0,0.007543,0.017429,0.002201
C[C@@H]1CCCCO[C@@H](CN(C)Cc2ccc3c(c2)OCO3)[C@@H](C)CN([C@H](C)CO)C(=O)c2cc(ccc2O1)NC(=O)CCC(F)(F)F,0,0.067550,0.017351,0.004497
C[C@H]1CN([C@@H](C)CO)C(=O)Cc2cc(ccc2O[C@@H]1CN(C)S(=O)(=O)C)NC(=O)NC1CCCCC1,0,0.011528,0.022829,0.005529
C[C@@H]1CN([C@@H](C)CO)C(=O)c2c(c3ccccc3n2C)-c2ccccc2CO[C@@H]1CN(C)C(=O)[C@@H](C)c1ccccc1,0,0.011365,0.018045,0.003716
C[C@H]1CN([C@H](C)CO)C(=O)c2cccc(c2O[C@@H]1CN(C)CC1CCCCC1)NC(=O)Nc1cccc2ccccc12,0,0.084220,0.018720,0.005371
C[C@H]1CN([C@H](C)CO)C(=O)c2cccc(c2O[C@@H]1CN(C)C(=O)Nc1ccc(cc1)C(F)(F)F)NC(=O)Nc1ccccc1,0,0.778481,0.761916,0.616298
COc1ccc(cc1)COC[C@]12Oc3ccccc3[C@@H](NC(=S)N2C)[C@H]1CO[Si](C)(C)C(C)(C)C,0,0.000000,0.383260,0.305979
C[C@@H]1CN([C@@H](C)CO)C(=O)c2cc(ccc2O[C@@H]1CN(C)S(=O)(=O)c1ccccc1)NC(=O)Nc1c(noc1C)C,0,0.014733,0.017475,0.002893
C[C@H]1CN([C@@H](C)CO)C(=O)c2cccc(c2O[C@H]1CN(C)Cc1ccc(cc1)Oc1ccccc1)NC(=O)c1nc2ccccc2s1,0,0.001310,0.018462,0.004210
C[C@@H]1CCCCO[C@@H](CN(C)C(=O)Nc2ccc(cc2)C(F)(F)F)[C@H](C)CN([C@H](C)CO)C(=O)c2cc(ccc2O1)NS(=O)(=O)c1ccccc1,0,0.048452,0.030018,0.005836
C[C@H]1CNC(=O)[C@H](C/C=C/CC[C@H](NC(=O)OC(C)(C)C)C(=O)O1)CC(=O)N(CCOC(=O)NCCCCCC(=O)NO)Cc1ccccc1,0,0.000000,0.039752,0.011763
C[C@H]1CN([C@@H](C)CO)C(=O)c2cccc(c2O[C@H]1CN(C)CC1CCCCC1)NC(=O)c1nc2ccccc2s1,0,0.016629,0.018764,0.005022
C[C@@H]1CN([C@@H](C)CO)S(=O)(=O)c2ccc(cc2O[C@H]1CN(C)C(=O)Nc1ccc2c(c1)OCO2)C#Cc1ccncc1,0,0.013582,0.018847,0.002418
COc1ccc(cc1)S(=O)(=O)Nc1ccc2c(c1)C(=O)N(C[C@@H](C)[C@@H](CN(C)S(=O)(=O)C)OCCCC[C@@H](C)O2)[C@H](C)CO,0,0.003274,0.018051,0.002635
CC(C)(C)C(=O)OCOP(=O)(COCCn1cnc2c(N)ncnc21)OCOC(=O)C(C)(C)C,0,0.778472,0.308128,0.145224
C[C@H]1CCCCO[C@@H](CN(C)Cc2ccc(cc2)C(F)(F)F)[C@H](C)CN([C@H](C)CO)C(=O)c2cc(ccc2O1)NS(=O)(=O)c1ccc(cc1)Cl,0,0.081819,0.016739,0.003135
C[C@@H]1CN([C@H](C)CO)C(=O)c2cc(ccc2O[C@@H]1CN(C)Cc1ccc(c(c1)Cl)Cl)NC(=O)C1CCCCC1,0,0.171010,0.024982,0.008793
C[C@H]1CN([C@H](C)CO)S(=O)(=O)c2ccc(cc2O[C@@H]1CN(C)C(=O)CN(C)C)-c1cncnc1,0,0.202233,0.111770,0.009476
CC(C)NC(=O)Nc1ccc2c(c1)CC(=O)N(C[C@H](C)[C@@H](CN(C)S(=O)(=O)c1cn(cn1)C)O2)[C@@H](C)CO,0,0.010197,0.017329,0.002594
CNC(=O)Cn1cc2c(n1)CC[C@H](C)C2,0,0.174634,0.018115,0.005910
C[C@H]1CN([C@@H](C)CO)C(=O)c2cccc(c2O[C@H]1CN(C)CC1CCCCC1)NC(=O)Nc1ccccc1,0,0.123364,0.018274,0.006261
C[C@@H]1CN([C@H](C)CO)C(=O)c2cc(cnc2O[C@@H]1CN(C)C(=O)c1ccc2c(c1)OCO2)C1=CCCC1,0,0.002554,0.020119,0.005611
C[C@H]1CN([C@@H](C)CO)C(=O)Cc2cc(ccc2O[C@H]1CN(C)C(=O)Nc1cccc2ccccc12)NC(=O)C1CCCCC1,0,0.019107,0.020987,0.004357
C[C@H]1CN([C@@H](C)CO)C(=O)c2cc(ccc2O[C@@H]1CN(C)S(=O)(=O)c1ccc(cc1)Cl)NC(=O)C1CC1,0,0.029402,0.018182,0.003818
Cc1ccc2nc([nH]c2c1)CN,0,0.348151,0.022272,0.012291
C[C@@H]1CCCCO[C@@H](CN(C)Cc2ccc(c(c2)Cl)Cl)[C@H](C)CN([C@H](C)CO)C(=O)c2cc(ccc2O1)N(C)C,0,0.170046,0.024349,0.003697
Nc1[nH]ncc1-c1cc(ccc1Oc1cc(c(cc1Cl)S(=O)(=O)Nc1cscn1)F)Cl,0,0.903458,0.493268,0.088149
OC[C@H]1O[C@@H](C[C@@H]2[C@H]1Oc1ccc(cc12)NS(=O)(=O)c1ccc(cc1)F)CC(=O)NCc1cccc(c1)F,0,0.061170,0.023931,0.007012
C[C@H]1CN([C@@H](C)CO)C(=O)c2cc(cnc2O[C@H]1CN(C)S(=O)(=O)c1ccccc1F)C#Cc1cccnc1,0,0.028427,0.017887,0.002829
CO[C@@H]1CN(C)C(=O)c2ccc(cc2OC[C@@H](C)N(C[C@H]1C)Cc1ccccc1C(=O)O)NC(=O)Nc1ccccc1F,0,0.126543,0.085673,0.021161
Nc1nc(F)nc2c1ncn2C1OC(COP(=O)(O)O)C(O)C1O,0,0.000001,0.388719,0.208396
C[C@H]1CN([C@@H](C)CO)C(=O)c2cc(ccc2O[C@H]1CN(C)Cc1ccc(cc1)C(=O)Nc1ccccc1N)NC(=O)NC1CCCCC1,0,0.021495,0.018050,0.002398
C[C@@H]1CN([C@H](C)CO)C(=O)Cc2cc(ccc2O[C@H]1CN(C)Cc1ccc(cc1)Oc1ccccc1)NS(=O)(=O)c1c(noc1C)C,0,0.001683,0.018892,0.003381
C[C@@H]1CCCCO[C@H](CN(C)C(=O)C2CCCCC2)[C@@H](C)CN([C@@H](C)CO)C(=O)c2cc(ccc2O1)NS(=O)(=O)c1ccc(cc1)C,0,0.004268,0.017604,0.003151
C[C@H]1CN([C@H](C)CO)C(=O)c2cccc(c2O[C@H]1CN(C)Cc1ccc(cc1)C(=O)Nc1ccccc1N)NC(=O)c1nc2ccccc2s1,0,0.003937,0.019471,0.003256
COc1cccc(c1)NC(=O)N[C@@H]1CC[C@@H](CC(=O)N2CCOCC2)O[C@H]1CO,0,0.006794,0.025669,0.008141
C[C@@H]1CCCCO[C@@H](CN(C)CC2CCCCC2)[C@H](C)CN([C@H](C)CO)C(=O)c2cc(ccc2O1)NC(=O)Nc1ccc(cc1)F,0,0.186943,0.019098,0.006835
C[C@@H]1CN([C@H](C)CO)C(=O)c2cccc(c2O[C@H]1CN(C)S(=O)(=O)c1ccc(cc1)F)NS(=O)(=O)C,0,0.083139,0.018447,0.005253
COc1ccc(cc1)NC(=O)N(C)C[C@@H]1OCCCC[C@@H](C)Oc2ccc(cc2C(=O)N(C[C@@H]1C)[C@@H](C)CO)NC(=O)Cc1ccccc1,0,0.004237,0.016346,0.001686
C[C@H]1CN([C@H](C)CO)C(=O)c2cccc(c2O[C@@H]1CN(C)C(=O)Nc1cccc2ccccc12)NC(=O)c1nc2ccccc2s1,0,0.006609,0.018277,0.004628
C[C@@H]1CN([C@@H](C)CO)C(=O)c2cc(cnc2O[C@@H]1CN(C)C(=O)C1CCOCC1)C#Cc1cccc(c1)F,0,0.028178,0.017943,0.004592
C[C@H]1CN([C@@H](C)CO)C(=O)c2cc(ccc2O[C@H]1CN(C)Cc1ccccc1)NC(=O)Cn1cnnn1,0,0.005401,0.018726,0.004994
C[C@H]1CN([C@H](C)CO)C(=O)c2cccc(c2O[C@@H]1CN(C)C(=O)Nc1ccc(cc1)F)NS(=O)(=O)c1cn(cn1)C,0,0.167419,0.018207,0.003778
C[C@H]1CCCCO[C@H](CN(C)Cc2ccccc2)[C@@H](C)CN([C@@H](C)CO)C(=O)c2cc(ccc2O1)NS(=O)(=O)c1cccs1,0,0.004112,0.017325,0.002467
C[C@@H]1CN([C@H](C)CO)C(=O)Cc2cc(ccc2O[C@@H]1CN(C)Cc1ccc(cc1)-c1ccccc1)NC(=O)Nc1ccc(cc1)F,0,0.188363,0.023955,0.005378
C[C@@H]1CN([C@@H](C)CO)C(=O)c2cccc(c2O[C@H]1CN(C)Cc1ccncc1)NS(=O)(=O)c1ccccc1,0,0.005343,0.017521,0.002592
C[C@@H]1CN([C@H](C)CO)C(=O)Cc2cc(ccc2O[C@H]1CN(C)C(=O)Nc1ccc2c(c1)OCO2)NS(=O)(=O)c1c(noc1C)C,0,0.001782,0.018465,0.002147
C[C@H]1CN([C@@H](C)CO)C(=O)c2cc(ccc2O[C@H]1CN(C)Cc1ccc(cc1)-c1ccccc1)NC(=O)Cn1cnnn1,0,0.019624,0.019998,0.005391
CN(C)CC#Cc1ccc(cc1)[C@H]1[C@H](CO)N2CCCCN(C[C@H]12)C(=O)CN(C)C,0,0.885501,0.061329,0.026230
C[C@H]1CN([C@H](C)CO)C(=O)c2cc(cnc2O[C@H]1CN(C)C(=O)Cc1cccnc1)C#CC1(O)CCCC1,0,0.008489,0.027350,0.009038
CNC(=O)c1ccc2n(nnc2c1)C,0,0.361611,0.050537,0.024865
CNC1CCC2Nc3ccc(C(N)=O)cc3C2C1.O=C(O)CCC(=O)O,0,0.126458,0.345195,0.216642
COc1ccc(cc1)CN(C)C[C@@H]1Oc2ccc(cc2CC(=O)N(C[C@@H]1C)[C@@H](C)CO)NC(=O)CCN1CCOCC1,0,0.005410,0.018716,0.003630
CN1[C@H]2CC[C@@H](CC(=O)NCCN3CCCCC3)O[C@@H]2COc2ccc(cc2C1=O)NC(=O)c1cccs1,0,0.039706,0.022750,0.013593
CN(C)CC(=O)N[C@@H]1CC[C@H](CC(=O)NCCN2CCCCC2)O[C@H]1CO,0,0.120152,0.027171,0.009132
C[C@H]1CCCCO[C@@H](CN(C)S(=O)(=O)c2ccc(cc2)Cl)[C@H](C)CN([C@@H](C)CO)C(=O)c2cc(ccc2O1)NS(=O)(=O)c1ccccc1,0,0.002153,0.017806,0.002269
C[C@H]1CCCCO[C@H](CN(C)Cc2ccc(cc2)C(F)(F)F)[C@H](C)CN([C@H](C)CO)C(=O)c2cc(ccc2O1)NS(=O)(=O)c1ccc(cc1)Cl,0,0.081819,0.016739,0.003135
CC(C)(C)OC(=O)C[C@H](CC=C)C(=O)OC[C@@H](Cc1ccccc1)NC(=O)[C@@H](CC=C)CC(=O)NCCO,0,0.001011,0.044216,0.006930
COc1ccc(cc1)-c1cnc2c(c1)C(=O)N(C[C@@H](C)[C@H](CN(C)C(=O)Cc1ccncc1)O2)[C@@H](C)CO,0,0.010576,0.016466,0.002637
C[C@@H]1CCCCO[C@@H](CN(C)S(=O)(=O)c2ccc(cc2)C)[C@H](C)CN([C@H](C)CO)C(=O)c2cc(ccc2O1)NC(=O)Nc1ccc(cc1)F,0,0.020931,0.017502,0.002093
OCC(O)C1OC2OC(C(Cl)(Cl)Cl)OC2C1O,0,0.960764,0.568250,0.129120
C[C@@H]1CCCCO[C@@H](CN(C)Cc2ccc3c(c2)OCO3)[C@H](C)CN([C@@H](C)CO)C(=O)c2cc(ccc2O1)NC(=O)c1ccccc1,0,0.001803,0.016750,0.002411
C[C@@H]1CN([C@@H](C)CO)C(=O)c2cccc(c2O[C@@H]1CN(C)Cc1ccc(cc1)Oc1ccccc1)NC(=O)Nc1ccc(cc1)F,0,0.070645,0.026876,0.009043
CN1CCN(CC1)C(=O)C[C@H]1CC[C@H]2[C@@H](COC[C@H](O)CN2S(=O)(=O)c2cccc(c2)C)O1,0,0.336563,0.027065,0.010202
CNC[C@@H]1OCCCC[C@@H](C)Oc2ccc(cc2C(=O)N(C[C@@H]1C)[C@H](C)CO)NC(=O)Nc1ccc(cc1)C(F)(F)F,0,0.662874,0.878125,0.858396
C#CC1(O)CCC2C3CCC4=CC(=O)CCC4(C)C3CCC21C,0,0.033785,0.135567,0.088262
C[C@H]1CCCCO[C@@H](CN(C)CC2CCCCC2)[C@@H](C)CN([C@H](C)CO)C(=O)c2cc(ccc2O1)NC(=O)CCCN(C)C,0,0.043040,0.017850,0.003531
COc1cccc(c1)S(=O)(=O)N1C[C@@H](O)COC[C@H]2O[C@@H](CC[C@@H]21)CC(=O)N1CCN(CC1)c1ccccc1,0,0.113032,0.041035,0.008564
C[C@H]1CCCCO[C@@H](CN(C)C)[C@H](C)CN([C@H](C)CO)C(=O)c2cc(ccc2O1)NS(=O)(=O)c1cn(cn1)C,0,0.015823,0.018043,0.003224
C[C@@H]1CN([C@H](C)CO)C(=O)Cc2cc(ccc2O[C@H]1CN(C)S(=O)(=O)c1c(noc1C)C)NS(=O)(=O)c1ccc(cc1)C,0,0.003334,0.017467,0.002736
CNC[C@@H](O)CS(=O)(=O)c1ccccc1,0,0.180272,0.047958,0.024340
CN(C)CCCC[C@@H]1NC(=O)[C@@H]2C[C@@H]([C@@H](N2C1=O)c1cccc(c1)OCCO)C(=O)NCCCCCCNC(=O)CS,0,0.000029,0.145595,0.081885
C[C@@H]1CN([C@@H](C)CO)C(=O)Cc2cc(ccc2O[C@H]1CN(C)C(=O)Nc1cccc2ccccc12)NS(=O)(=O)c1ccc(cc1)C,0,0.002358,0.018997,0.002475
C[C@@H]1CN([C@H](C)CO)C(=O)Cc2cc(ccc2O[C@@H]1CN(C)Cc1ccc(cc1)C(=O)O)NS(=O)(=O)c1cn(cn1)C,0,0.017586,0.024751,0.002168
OC[C@H]1O[C@@H](CC[C@H]1NC(=O)c1cnccn1)CC(=O)NCc1ccccc1F,0,0.162528,0.020444,0.014225
O[C@@H]1COC[C@H]2O[C@H](CC[C@@H]2N(C1)Cc1cc(ccc1F)F)CC(=O)N[C@@H]1CCN(C1)Cc1ccccc1,0,0.891554,0.094605,0.039992
ONC(=O)CCCCCNC(=O)OCc1ccc(cc1)CO[C@@H]1C[C@@H](C=C(O1)C(=O)N1CCN(CC1)Cc1ccc2c(c1)OCO2)c1ccc(cc1)C(F)(F)F,0,0.000054,0.114020,0.039092
CC=Cc1ccc2c(c1)OCO2,0,0.204072,0.067935,0.031830
C[C@H]1CCCCO[C@@H](CN(C)Cc2ccc3c(c2)OCO3)[C@H](C)CN([C@H](C)CO)C(=O)c2cc(ccc2O1)NC(=O)Cc1ccccc1,0,0.003560,0.016457,0.003317
ONC(=O)c1ccc(s1)-c1cn(nn1)CC[C@@H]1OC(=O)[C@H](Cc2ccccc2)N(CC#C)[C@@H]1/C=C/C1CC1,0,0.206386,0.184839,0.064642
C[C@H]1CCCCO[C@H](CN(C)C(=O)Nc2cccc3ccccc23)[C@@H](C)CN([C@H](C)CO)C(=O)c2cc(ccc2O1)NC(=O)Nc1ccc2c(c1)OCO2,0,0.005164,0.017059,0.001992
OC[C@H](Cc1ccccc1)NC(=O)C[C@@H]1CC=CC[C@@H](NC(=O)OCC2c3ccccc3-c3ccccc32)C(=O)OC[C@@H](Cc2c[nH]c3ccccc23)NC1=O,0,0.000209,0.038695,0.009663
CC(C)NC(=O)N(C)C[C@@H]1Oc2ccc(cc2CC(=O)N(C[C@@H]1C)[C@H](C)CO)NC(=O)Nc1c(noc1C)C,0,0.030610,0.022384,0.004530
C[C@@H]1CN([C@@H](C)CO)C(=O)Cc2cc(ccc2O[C@H]1CN(C)S(=O)(=O)c1cccs1)NC(=O)CCCN(C)C,0,0.001505,0.018032,0.003279
COc1ccc(cc1)NC(=O)Nc1ccc2c(c1)C(=O)N(C[C@H](C)[C@@H](CN(C)S(=O)(=O)c1ccc(cc1)F)OCCCC[C@@H](C)O2)[C@H](C)CO,0,0.009458,0.017526,0.001909
CN1[C@@H]2CC[C@H](CC(=O)N3CCOCC3)O[C@@H]2COc2ccc(cc2C1=O)NC(=O)c1ccc(c(c1)F)F,0,0.014939,0.149038,0.059103
COc1ccc(cc1)NC(=O)Nc1ccc2c(c1)C(=O)N(C[C@@H](C)[C@@H](CN(C)S(=O)(=O)c1ccccc1)OCCCC[C@@H](C)O2)[C@@H](C)CO,0,0.002368,0.017489,0.001658
OC[C@@H](O)[C@@H](O[C@@H]1O[C@H](CO)[C@H](O)[C@H](O)[C@H]1O)[C@H](O)[C@@H](O)/C=N/NC(=O)CCCCC(=O)NO,0,0.019968,0.110786,0.046572
COc1ccc(cc1)S(=O)(=O)Nc1ccc2c(c1)C(=O)N(C[C@H](C)[C@@H](CN(C)Cc1ccccc1)OCCCC[C@H](C)O2)[C@@H](C)CO,0,0.003301,0.018980,0.002541
C[C@@H]1CN([C@H](C)CO)C(=O)Cc2cc(ccc2O[C@@H]1CN(C)S(=O)(=O)C)NS(=O)(=O)c1cn(cn1)C,0,0.007575,0.017706,0.003021
COc1ccc(cc1)NC(=O)N(C)C[C@H]1OCCCC[C@H](C)Oc2ccc(cc2C(=O)N(C[C@@H]1C)[C@@H](C)CO)NS(=O)(=O)c1ccc(cc1)Cl,0,0.007768,0.017526,0.001775
CCCNC(=O)Nc1ccc2c(c1)OC[C@H](C)N(C[C@@H](C)[C@@H](CN(C)C2=O)OC)C(=O)C1CCOCC1,0,0.004604,0.021095,0.006009
C[C@@H]1CN([C@@H](C)CO)C(=O)c2ccccc2-c2ccccc2CO[C@H]1CN(C)C(=O)Nc1cccc(c1)C(F)(F)F,0,0.647370,0.502901,0.277565
Nc1nc(c2c[nH]nc2n1)N1CCC[C@H](C1)Cn1cc(nn1)CO,0,0.544533,0.145563,0.020535
CC1=C2N=C(C=C3N=C(C(C)=C4N=C(C(CC(N)=O)C4(C)CCC(=O)NCC(C)OP(=O)(O)OC4C(CO)OC(n5c[n+]([Co]C#N)c6cc(C)c(C)cc65)C4O)C4(C)N=C1C(CCC(N)=O)C4(C)CC(N)=O)C(CCC(N)=O)C3(C)C)C(CCC(N)=O)C2(C)CC(N)=O,0,0.000000,0.385507,0.072240
COc1ccc(cc1)S(=O)(=O)N(C)C[C@@H]1Oc2ccc(cc2CC(=O)N(C[C@H]1C)[C@H](C)CO)NS(=O)(=O)c1cn(cn1)C,0,0.004321,0.017865,0.002226
COc1ccc2c3c([nH]c2c1)[C@H](CO)N(C[C@]13CCN(CC1)Cc1cc(on1)-c1ccccc1)C(=O)Nc1ccc(cc1)F,0,0.367642,0.094340,0.063005
C[C@@H]1CCCCO[C@H](CN(C)C(=O)Nc2cccc3ccccc23)[C@@H](C)CN([C@H](C)CO)C(=O)c2cc(ccc2O1)NS(=O)(=O)c1ccc(cc1)C,0,0.003302,0.018774,0.001737
C[C@H]1CCCCO[C@H](CN(C)Cc2ccccc2)[C@@H](C)CN([C@H](C)CO)C(=O)c2cc(ccc2O1)NC(=O)CCC(F)(F)F,0,0.112314,0.024985,0.011254
COc1ccc2c3c(n(c2c1)C)[C@@H](CO)N(C[C@]13CCN(CC1)Cc1cccc(c1)F)C(=O)Nc1ccc(cc1)F,0,0.744872,0.229757,0.089732
C[C@@H]1CN([C@@H](C)CO)C(=O)c2cc(cnc2O[C@@H]1CN(C)C(=O)CCN1CCCCC1)C#Cc1ccccc1,0,0.025580,0.017775,0.004058
O=C(Oc1ccccc1C(=O)O)c1ccccc1O,0,0.507653,0.163397,0.250661
C[C@H]1CN([C@@H](C)CO)C(=O)Cc2cc(ccc2O[C@H]1CN(C)S(=O)(=O)C)NS(=O)(=O)c1cccs1,0,0.002734,0.018689,0.003298
C[C@@H]1CN([C@H](C)CO)C(=O)Cc2cc(ccc2O[C@@H]1CN(C)CC1CC1)NC(=O)CCN1CCOCC1,0,0.011913,0.023481,0.003325
COc1cccc(c1)CNC(=O)c1cc2c(c(n1)-c1cccc(c1)/C=C/C)[C@@H](CCO)N(C2)[S@](=O)C(C)(C)C,0,0.139940,0.283393,0.125944
CC(C)NC(=O)N(C)C[C@@H]1OCCCC[C@@H](C)Oc2ccc(cc2C(=O)N(C[C@H]1C)[C@@H](C)CO)NC(=O)Nc1ccccc1,0,0.013652,0.021264,0.002796
C[C@H]1CN([C@@H](C)CO)C(=O)c2cccc(c2O[C@@H]1CN(C)Cc1ccc(cc1)C(F)(F)F)NC(=O)Nc1ccc(cc1)F,0,0.852997,0.138400,0.124849
CC(C)(C)OC(=O)C[C@H](CC=C)C(=O)O[C@H](CNC(=O)[C@@H](CC=C)CC(=O)NCCO)c1ccccc1,0,0.002671,0.079338,0.008435
C[C@H]1CCCCO[C@@H](CN(C)C(=O)Nc2ccc3c(c2)OCO3)[C@H](C)CN([C@H](C)CO)C(=O)c2cc(ccc2O1)NC(=O)NC1CCCCC1,0,0.009085,0.016391,0.002525
O[C@@H]1COC[C@@H]2O[C@H](CC[C@H]2N(C1)S(=O)(=O)c1ccccc1)CC(=O)NCCN1CCCCC1,0,0.357588,0.043536,0.011239
COc1ccc(cc1)CN(C)C[C@H]1OCCCC[C@H](C)Oc2ccc(cc2C(=O)N(C[C@H]1C)[C@H](C)CO)NS(=O)(=O)c1ccc(cc1)F,0,0.012111,0.018471,0.002819
C[C@@H]1CCCCO[C@H](CN(C)Cc2ccncc2)[C@@H](C)CN([C@H](C)CO)C(=O)c2cc(ccc2O1)NC(=O)Nc1ccccc1,0,0.014455,0.016561,0.002019
C[C@@H]1CCCCO[C@H](CN(C)C(=O)CCC(F)(F)F)[C@H](C)CN([C@H](C)CO)C(=O)c2cc(ccc2O1)NS(=O)(=O)c1ccccc1,0,0.005712,0.018094,0.003003
C[C@@H]1CCCCO[C@@H](CN(C)S(=O)(=O)c2ccc(cc2)C)[C@H](C)CN([C@@H](C)CO)C(=O)c2cc(ccc2O1)NC(=O)CCC(F)(F)F,0,0.027223,0.018776,0.002709
COc1cccc(c1)S(=O)(=O)N(C)C[C@@H]1Oc2cc(ccc2S(=O)(=O)N(C[C@@H]1C)[C@@H](C)CO)Br,0,0.049471,0.019698,0.005793
NC(=O)[C@H]1C[C@H]2C[C@@H]1C=C2,0,0.045681,0.042994,0.009397
C[C@H]1CCCCO[C@H](CN(C)C(=O)Nc2c(noc2C)C)[C@H](C)CN([C@@H](C)CO)C(=O)c2cc(ccc2O1)NC(=O)c1ccccc1,0,0.006252,0.017277,0.001830
C[C@@H]1CN([C@H](C)CO)C(=O)c2cc(ccc2O[C@@H]1CN(C)Cc1ccccc1)NS(=O)(=O)c1cn(cn1)C,0,0.014759,0.018046,0.002706
C[C@H]1CN([C@H](C)CO)C(=O)Cc2cc(ccc2O[C@@H]1CN(C)S(=O)(=O)c1c(noc1C)C)NS(=O)(=O)c1ccc(cc1)F,0,0.009253,0.017638,0.002988
C[C@H]1CN([C@H](C)CO)C(=O)c2cc(ccc2O[C@@H]1CN(C)Cc1ccc(cc1)Oc1ccccc1)NC(=O)c1ccncc1,0,0.001928,0.017177,0.002523
C[C@H]1CN([C@H](C)CO)C(=O)c2c(c3ccccc3n2C)-c2ccccc2CO[C@@H]1CN(C)Cc1cccc(c1)C(=O)Nc1ccccc1N,0,0.020087,0.019854,0.002728
OC[C@@H]1O[C@@H](C[C@@H]2[C@H]1Oc1ccc(cc12)NC(=O)C1CCOCC1)CC(=O)NCc1ccc(cc1)Cl,0,0.262939,0.152995,0.045990
CN1[C@@H]2CC[C@H](CC(=O)NCC(F)(F)F)O[C@@H]2COc2ccc(cc2C1=O)NC(=O)c1cccs1,0,0.099141,0.187951,0.126642
Cn1ccnc1C(=O)N[C@H]1CN[C@@H]2CCCO[C@H]21,0,0.048833,0.018505,0.002487
C[C@@H]1CCCCO[C@@H](CN(C)C(=O)Nc2ccc(cc2)F)[C@H](C)CN([C@H](C)CO)C(=O)c2cc(ccc2O1)NS(=O)(=O)c1ccc(cc1)Cl,0,0.045723,0.017335,0.002337
COc1cccc(c1)S(=O)(=O)N(C)C[C@@H]1Oc2ncc(cc2C(=O)N(C[C@H]1C)[C@H](C)CO)C#CC(C)C,0,0.015971,0.017694,0.002619
C[C@H]1CCCCO[C@H](CN(C)CC2CCCCC2)[C@@H](C)CN([C@H](C)CO)C(=O)c2cc(ccc2O1)NC(=O)Cc1ccccc1,0,0.018975,0.019889,0.004735
C[C@H]1CCCCO[C@H](CN(C)S(=O)(=O)c2ccccc2)[C@@H](C)CN([C@H](C)CO)C(=O)c2cc(ccc2O1)NC(=O)Nc1ccc2c(c1)OCO2,0,0.001150,0.017872,0.001868
C[C@H]1CCCCO[C@@H](CN(C)C(=O)NC2CCCCC2)[C@@H](C)CN([C@@H](C)CO)C(=O)c2cc(ccc2O1)NC(=O)C1CCCCC1,0,0.013837,0.017401,0.003091
COc1ccc(cc1)S(=O)(=O)Nc1ccc2c(c1)C(=O)N(C[C@@H](C)[C@H](CN(C)C(=O)Nc1cccc3ccccc13)OCCCC[C@@H](C)O2)[C@@H](C)CO,0,0.002514,0.018469,0.002093
C[C@@H]1CCCCO[C@H](CN(C)Cc2ccc(c(c2)Cl)Cl)[C@H](C)CN([C@@H](C)CO)C(=O)c2cc(ccc2O1)NC(=O)C1CCCCC1,0,0.118198,0.019073,0.004506
C[C@H]1CN([C@@H](C)CO)S(=O)(=O)c2ccc(cc2O[C@H]1CN(C)S(=O)(=O)c1ccccc1F)-c1ccncc1,0,0.031573,0.024711,0.003419
OC[C@@H](Cc1ccccc1)NC(=O)C[C@H](CC=C)C(=O)N[C@H](COC(=O)[C@@H](CC=C)Cc1ccc(cc1)F)Cc1c[nH]c2ccccc12,0,0.041207,0.053852,0.014615
C[C@H]1CN([C@H](C)CO)C(=O)c2c(c3ccccc3n2C)-c2ccccc2CO[C@H]1CN(C)Cc1cccc(c1)F,0,0.066066,0.017188,0.005647
C[C@@](Cc1ccc(c(c1)O)O)(NN)C(=O)O,0,0.754242,0.039224,0.027712
COc1cccc(c1)NC(=O)N1C[C@H](O)COC[C@@H]2O[C@H](CC[C@H]21)CC(=O)NCCCN1CCOCC1,0,0.224640,0.082523,0.041451
C[C@H]1CN([C@H](C)CO)C(=O)Cc2cc(ccc2O[C@H]1CN(C)Cc1ccc(c(c1)Cl)Cl)NC(=O)Nc1cccc2ccccc12,0,0.129364,0.037026,0.005159
CC(=O)N[C@@H](C(=O)O)C(C)(C)S[NH2+][O-],0,0.033718,0.183710,0.126605
COc1ccc(cc1)S(=O)(=O)Nc1ccc2c(c1)C(=O)N(C[C@H](C)[C@H](CN(C)C(=O)NC1CCCCC1)OCCCC[C@@H](C)O2)[C@@H](C)CO,0,0.003745,0.018138,0.002092
C[C@@H]1CCCCO[C@H](CN(C)Cc2ccc3c(c2)OCO3)[C@H](C)CN([C@H](C)CO)C(=O)c2cc(ccc2O1)NC(=O)Nc1ccc(cc1)C(F)(F)F,0,0.317189,0.024960,0.011582
NCCC(=O)N[C@@H](Cc1cnc[nH]1)C(=O)O,0,0.135894,0.022587,0.012582
C[C@@H]1CN([C@@H](C)CO)C(=O)c2cccc(c2O[C@@H]1CN(C)Cc1ccc(cc1)-c1ccccc1)NC(=O)Nc1ccc(cc1)C(F)(F)F,0,0.837863,0.091405,0.030443
C[C@H]1CN([C@H](C)CO)C(=O)c2cc(ccc2O[C@H]1CN(C)Cc1ccc(cc1)-c1ccccc1)NC(=O)CCCCCC(=O)Nc1ccccc1N,0,0.034591,0.018617,0.003106
CN1CCN(CC1)C(=O)[C@H]1C[C@H]2CN(C[C@@H]2N1C)c1ncccn1,0,0.573453,0.036854,0.013320
C[C@@H]1CN([C@H](C)CO)C(=O)c2c(c3ccccc3n2C)-c2ccccc2CO[C@H]1CN(C)S(=O)(=O)c1ccc(cc1)Cl,0,0.031406,0.020062,0.002675
COCCN1CCC(CC1)(C(=O)NO)S(=O)(=O)c1ccc(cc1)Oc1ccc(cc1)OC(F)(F)F,0,0.992873,0.503192,0.688354
C[C@H]1CN([C@@H](C)CO)C(=O)c2c(c3ccccc3n2C)-c2ccccc2CO[C@@H]1CN(C)Cc1cccc(c1)O,0,0.028402,0.025572,0.004077
CC(C)NC(=O)Nc1ccc2c(c1)C(=O)N(C[C@@H](C)[C@H](CN(C)Cc1ccc(cc1)C(F)(F)F)OCCCC[C@@H](C)O2)[C@@H](C)CO,0,0.344171,0.034153,0.015896
C[C@@H]1CN([C@H](C)CO)S(=O)(=O)c2ccc(cc2O[C@@H]1CN(C)S(=O)(=O)c1ccc(cc1)C)Br,0,0.075544,0.020328,0.006288
NCCCC[C@@H]1NC(=O)[C@H](CCC(=O)O)NC(=O)c2cc(ccc2OCC[C@H](NC1=O)C(=O)NCC(=O)O)[N+](=O)[O-],0,0.052516,0.214748,0.052386
O=C1N=CNc2nc[nH]c21,0,0.099013,0.030953,0.013495
C[C@H]1CCCCO[C@H](CN(C)C(=O)c2ccccc2)[C@@H](C)CN([C@H](C)CO)C(=O)c2cc(ccc2O1)NS(=O)(=O)c1ccc(cc1)Cl,0,0.001227,0.017528,0.001778
C[C@@H]1CCCCO[C@@H](CN(C)Cc2ccccc2)[C@H](C)CN([C@H](C)CO)C(=O)c2cc(ccc2O1)NC(=O)c1ccccc1,0,0.002253,0.017280,0.002905
C[C@@H](N)c1ccc(cc1)C(=O)Nc1ccnc2[nH]ccc12,0,0.528023,0.163542,0.158374
C[C@@H]1CCCCO[C@@H](CN(C)CC2CC2)[C@H](C)CN([C@H](C)CO)C(=O)c2cc(ccc2O1)NC(=O)Nc1ccccc1,0,0.071232,0.018393,0.003686
C[C@@H]1CN([C@H](C)CO)C(=O)c2cc(cnc2O[C@@H]1CN(C)S(=O)(=O)c1ccccc1)C#CCN(C)C,0,0.009397,0.017848,0.003591
C[C@@H]1CN([C@H](C)CO)C(=O)c2cc(cnc2O[C@@H]1CN(C)S(=O)(=O)c1ccccc1)-c1ccncc1,0,0.005335,0.017504,0.002133
C[C@@H]1CN([C@@H](C)CO)S(=O)(=O)c2ccc(cc2O[C@@H]1CN(C)S(=O)(=O)c1cn(cn1)C)C#Cc1ccc(cc1)F,0,0.057923,0.017819,0.002750
CC(C)NC(=O)Nc1ccc2c(c1)C(=O)N(C[C@@H](C)[C@H](CN(C)CC1CCCCC1)OCCCC[C@@H](C)O2)[C@H](C)CO,0,0.070487,0.024558,0.005849
O[C@H]1COC[C@@H]2O[C@H](CC[C@H]2N(C1)C(=O)c1ccccc1)CC(=O)NCCCN1CCOCC1,0,0.088270,0.019702,0.010069
CC(C)NC(=O)Nc1ccc2c(c1)C(=O)N(C[C@H](C)[C@H](CN(C)Cc1ccc(cc1)C(F)(F)F)OCCCC[C@H](C)O2)[C@H](C)CO,0,0.344171,0.034153,0.015896
C[C@H]1CCCCO[C@@H](CN(C)Cc2ccc(cc2)C(=O)O)[C@H](C)CN([C@@H](C)CO)C(=O)c2cc(ccc2O1)NC(=O)Nc1ccccc1,0,0.020450,0.022823,0.002033
OC[C@@H]1O[C@@H](CC[C@H]1NC(=O)c1ccccn1)CC(=O)N1CCOCC1,0,0.002654,0.019267,0.004617
CC1=NN2C(=CSC2=NC1=O)N,0,0.017974,0.035539,0.011233
NC1=NC(=O)C2=C(N1)N=CC(=O)N2,0,0.155531,0.055596,0.024112
C[C@@H]1CN([C@@H](C)CO)C(=O)Cc2cc(ccc2O[C@@H]1CN(C)S(=O)(=O)C)NC(=O)CCCCCC(=O)Nc1ccccc1N,0,0.004083,0.018973,0.002070
COc1cccc(c1)C#Cc1ccc(cc1)[C@@H]1[C@H](CO)N2[C@@H]1CN(CC2=O)S(=O)(=O)c1ccccc1C,0,0.120441,0.072905,0.015134
CN1C[C@@H](COCC=C)c2c(nnn2C)C1,0,0.257771,0.023335,0.008261
C[C@@H]1CN([C@@H](C)CO)C(=O)CCCn2cc(nn2)CO[C@H]1CN(C)C(=O)c1cc(on1)-c1ccccc1,0,0.011474,0.018198,0.003032
C[C@H]1CCCCO[C@H](CN(C)Cc2ccncc2)[C@@H](C)CN([C@@H](C)CO)C(=O)c2cc(ccc2O1)NC(=O)Nc1ccc2c(c1)OCO2,0,0.007177,0.016595,0.002160
Cc1cc2cc(nn2c(n1)N)C,0,0.015078,0.030722,0.016065
CN(C)c1cnccn1.O=S(=O)(O)O,0,0.167711,0.130635,0.065939
C[C@H]1CCCCO[C@@H](CN(C)S(=O)(=O)c2ccc(cc2)C)[C@H](C)CN([C@@H](C)CO)C(=O)c2cc(ccc2O1)NC(=O)Nc1cccc2ccccc12,0,0.005011,0.018821,0.002057
C[C@H]1CN([C@@H](C)CO)C(=O)c2c(c3ccccc3n2C)-c2ccccc2CO[C@H]1CN(C)C(=O)Nc1ccccc1,0,0.016357,0.018693,0.002611
N[C@@H](CC(=O)c1cccc(c1N)O)C(=O)O,0,0.967961,0.073254,0.078222
C[C@H]1CN([C@H](C)CO)C(=O)c2cccc(c2O[C@H]1CN(C)Cc1ccc(cc1)Oc1ccccc1)NC(=O)C1CCOCC1,0,0.008107,0.018622,0.004709
Cc1cc(nc(n1)C)C(=O)NCc1cc2n(n1)CCN(C2)S(=O)(=O)C,0,0.001875,0.069321,0.013946
C[C@@H]1CN([C@@H](C)CO)C(=O)c2cccc(c2O[C@@H]1CN(C)C(=O)Nc1ccccc1)NC(=O)c1cnccn1,0,0.080777,0.017980,0.003837
COc1ccc(cc1)NC(=O)Nc1ccc2c(c1)C(=O)N(C[C@H](C)[C@@H](CN(C)S(=O)(=O)c1ccc(cc1)OC)OCCCC[C@H](C)O2)[C@@H](C)CO,0,0.004792,0.017773,0.001880
CC(C)NC(=O)C1=NO[C@]2(CCNC2)C1,0,0.051860,0.023949,0.007098
CCS(=O)(=O)N1C[C@@H](CN2N=CC=CC2=O)Cn2ccnc2C1,0,0.001523,0.035105,0.014147
C[C@H]1CCCCO[C@H](CN(C)CC2CCCCC2)[C@H](C)CN([C@H](C)CO)C(=O)c2cc(ccc2O1)NC(=O)c1ccncc1,0,0.015280,0.016618,0.002325
C[C@@H]1CCCCO[C@H](CN(C)Cc2ccncc2)[C@H](C)CN([C@@H](C)CO)C(=O)c2cc(ccc2O1)NC(=O)Nc1c(noc1C)C,0,0.026514,0.017176,0.002097
C[C@H]1CN([C@@H](C)CO)C(=O)c2cc(ccc2O[C@H]1CN(C)Cc1ccc(c(c1)Cl)Cl)NC(=O)Cc1ccccc1,0,0.056858,0.021888,0.010821
C[C@@H]1CN([C@H](C)CO)C(=O)c2cc(ccc2O[C@H]1CN(C)C(=O)Nc1cccc2ccccc12)NC(=O)Nc1ccc(cc1)F,0,0.080261,0.018365,0.007111
C[C@@H]1CN([C@H](C)CO)C(=O)c2cccc(c2O[C@H]1CN(C)S(=O)(=O)c1cn(cn1)C)NC(=O)c1cnccn1,0,0.034894,0.019110,0.002847
CO[C@H]1CN(C)C(=O)c2ccc(cc2OC[C@H](C)N(C[C@@H]1C)Cc1cccnc1)NS(=O)(=O)CC(F)(F)F,0,0.058704,0.023849,0.005972
C[C@@H]1CCCCO[C@H](CN(C)Cc2ccc(c(c2)Cl)Cl)[C@@H](C)CN([C@H](C)CO)C(=O)c2cc(ccc2O1)NC(=O)c1ccccc1,0,0.018359,0.017268,0.002335
C[C@@H]1CN([C@@H](C)CO)C(=O)c2cc(cnc2O[C@H]1CN(C)S(=O)(=O)c1cn(cn1)C)/C=C/c1ccccc1,0,0.011685,0.019089,0.002735
O=C1CO[C@H]2CN(C[C@@H]2N1)c1ccccn1,0,0.030974,0.023407,0.006690
CC[C@@H](C)c1ccc(cc1)NC(=O)c1cc2ccccc2o1,0,0.204687,0.446025,0.296451
C[C@@H]1CCCCO[C@@H](CN(C)C(=O)NC2CCCCC2)[C@H](C)CN([C@@H](C)CO)C(=O)c2cc(ccc2O1)NC(=O)c1ccncc1,0,0.004275,0.016642,0.001793
C[C@@H]1CN([C@H](C)CO)C(=O)c2cccc(c2O[C@@H]1CN(C)C(=O)Nc1ccc2c(c1)OCO2)NS(=O)(=O)c1cn(cn1)C,0,0.009337,0.019307,0.002572
C[C@H]1CN([C@H](C)CO)C(=O)c2ccccc2-c2ccccc2CO[C@@H]1CN(C)C(=O)Nc1ccc(cc1)F,0,0.115785,0.020503,0.012209
Nc1nonc1N1CCCCC1,0,0.289764,0.028257,0.009897
COc1ccc(cc1)NC(=O)N(C)C[C@@H]1OCCCC[C@@H](C)Oc2ccc(cc2C(=O)N(C[C@H]1C)[C@@H](C)CO)NC(=O)C1CCCCC1,0,0.009313,0.016676,0.002036
C[C@@H]1CN([C@H](C)CO)C(=O)c2cc(ccc2O[C@@H]1CN(C)S(=O)(=O)c1ccccc1)NC(=O)Nc1c(noc1C)C,0,0.014733,0.017475,0.002893
CC(=C)[C@@H]1[C@H]2OC(=O)[C@@H]1[C@]1(O)C[C@H]3O[C@]33C(=O)O[C@H]2[C@]13C,0,0.000373,0.149105,0.074792
CN1N=C2CCN(C[C@@]2(Cc2ccccc2)C1=O)C(=O)[C@@H](COCc1ccccc1)NC(=O)C(C)(C)N,0,0.115190,0.095033,0.122071
C[C@@H]1CCCCO[C@H](CN(C)S(=O)(=O)C)[C@H](C)CN([C@@H](C)CO)C(=O)c2cc(ccc2O1)N(C)C,0,0.007180,0.017697,0.003081
OC[C@H]1O[C@@H](CCNS(=O)(=O)c2ccccc2F)CC[C@@H]1NC(=O)CN1CCOCC1,0,0.012866,0.019787,0.008794
CCCNC(=O)N(C)C[C@@H]1Oc2cc(ccc2S(=O)(=O)N(C[C@H]1C)[C@@H](C)CO)C#Cc1cccc(c1)F,0,0.148213,0.022901,0.004105
C#CCN(C)CCCOc1ccc(Cl)cc1Cl.Cl,0,0.142963,0.445693,0.172346
C[C@H]1CN([C@@H](C)CO)C(=O)Cc2cc(ccc2O[C@H]1CN(C)Cc1ccc(cc1)-c1ccccc1)NC(=O)Nc1c(noc1C)C,0,0.096981,0.025040,0.004210
C[C@H]1CN([C@@H](C)CO)C(=O)Cc2cc(ccc2O[C@@H]1CN(C)S(=O)(=O)c1ccc(cc1)F)NC(=O)Nc1cccc2ccccc12,0,0.012572,0.022283,0.002957
C[C@H]1CN([C@H](C)CO)C(=O)c2cccc(c2O[C@@H]1CN(C)Cc1ccc(cc1)C(=O)O)NC(=O)c1cnccn1,0,0.094326,0.023462,0.007007
COc1cccc(c1)S(=O)(=O)N[C@H]1C=C[C@@H](CC(=O)NC2CCC2)O[C@H]1CO,0,0.014006,0.019390,0.007260
C[C@H]1CCCCO[C@H](CN(C)S(=O)(=O)C)[C@@H](C)CN([C@@H](C)CO)C(=O)c2cc(ccc2O1)N(C)C,0,0.007180,0.017697,0.003081
C[C@H]1CCCCO[C@@H](CN(C)CC2CCCCC2)[C@@H](C)CN([C@@H](C)CO)C(=O)c2cc(ccc2O1)NC(=O)CCCN(C)C,0,0.043040,0.017850,0.003531
C[C@H]1CCCCO[C@H](CN(C)Cc2ccc(c(c2)Cl)Cl)[C@@H](C)CN([C@H](C)CO)C(=O)c2cc(ccc2O1)NC(=O)Nc1cccc2ccccc12,0,0.100868,0.016760,0.002622
CN(C)Cc1cn(nn1)CC[C@@H]1CC[C@H](NS(=O)(=O)c2ccccc2)[C@@H](CO)O1,0,0.158306,0.018324,0.007175
C[C@@H]1CCCCO[C@@H](CN(C)Cc2ccc(cc2)C(F)(F)F)[C@H](C)CN([C@H](C)CO)C(=O)c2cc(ccc2O1)NC(=O)Cc1ccccc1,0,0.118089,0.015287,0.006067
C[C@@H]1CN([C@@H](C)CO)C(=O)Cc2cc(ccc2O[C@@H]1CN(C)S(=O)(=O)c1ccccc1)NC(=O)CCCN(C)C,0,0.002622,0.022401,0.003120
Cc1ccc2nc(sc2c1)/N=C/c1ccc(cc1Cl)Cl,0,0.731869,0.484868,0.449274
C[C@@H](N)C(=O)N[C@H](Cc1ccc2ccccc2c1)C(=O)N[C@@H](C)C(=O)N[C@@H](Cc1c[nH]c2ccccc12)C(=O)N[C@H](Cc1ccccc1)C(=O)N[C@@H](CCCCN)C(=O)N,0,0.468803,0.112024,0.039704
C[C@@H]1CCCCO[C@@H](CN(C)C(=O)C2CCCCC2)[C@H](C)CN([C@@H](C)CO)C(=O)c2cc(ccc2O1)NC(=O)Nc1cccc2ccccc12,0,0.010384,0.016258,0.002759
CC(C)(C)C(=O)C[n+]1cccc(c1)C(=O)N,0,0.035331,0.043323,0.017694
Cc1cnc(nc1-c1c[nH]c(c1)C(=O)N[C@H](CO)c1cccc(c1)Cl)Nc1ccc(cc1Cl)F,0,0.959614,0.690845,0.454630
C[C@@H]1CCCCO[C@@H](CN(C)S(=O)(=O)c2ccc(cc2)Cl)[C@@H](C)CN([C@H](C)CO)C(=O)c2cc(ccc2O1)NC(=O)Nc1ccc(cc1)C(F)(F)F,0,0.311962,0.052938,0.005020
C[C@H]1CN([C@@H](C)CO)C(=O)c2cc(cnc2O[C@@H]1CN(C)S(=O)(=O)c1ccc(cc1)F)C#CC1(O)CCCC1,0,0.017798,0.066582,0.004850
Cl.N#Cc1ccc2[nH]cc(CCCCN3CCN(c4ccc5oc(C(N)=O)cc5c4)CC3)c2c1,0,0.003282,0.357828,0.197788
C[N+](C)(C)CCCC[C@@H]1NC(=O)[C@@H]2C[C@@H]([C@@H](N2C1=O)c1ccc(cc1)O)C(=O)OCCOc1ccc(cc1)[C@H]1N2[C@@H]([C@@H](C(=O)OCC=C)[C@]11C(=O)Nc3ccc(cc31)I)C(=O)O[C@@H]([C@@H]2c1ccccc1)c1ccccc1,0,0.281885,0.091243,0.005446
C[C@H]1CN([C@H](C)CO)C(=O)c2cc(ccc2O[C@@H]1CN(C)S(=O)(=O)c1ccc(cc1)F)NS(=O)(=O)c1cn(cn1)C,0,0.025138,0.018050,0.002833
O=C1Sc2cccc3cccc1c23,0,0.884812,0.312858,0.153286
CC(C)NC(=O)N(C)C[C@@H]1Oc2cc(ccc2S(=O)(=O)N(C[C@H]1C)[C@@H](C)CO)C#Cc1ccccn1,0,0.057775,0.021294,0.003375
C[C@@H]1CN([C@@H](C)CO)S(=O)(=O)c2ccc(cc2O[C@@H]1CN(C)C(=O)C1CCC1)-c1ccc(cc1)C(=O)N(C)C,0,0.009743,0.020063,0.004976
CC(C)c1c(O)ccc2c1CCC1C(C)(C=O)CCCC21C,0,0.995318,0.389001,0.560343
CN1CCN(CC1)C(=O)C[C@@H]1CC[C@H]2[C@@H](COC[C@H](O)CN2CC2CCCC2)O1,0,0.693805,0.104642,0.018524
COC(C)(C)CCCC(C)CC=CC(C)=CC(=O)OC(C)C,0,0.069843,0.199244,0.087334
C[C@@H]1CN([C@@H](C)CO)C(=O)c2cc(ccc2O[C@@H]1CN(C)CC1CC1)NS(=O)(=O)c1c(noc1C)C,0,0.021956,0.017296,0.004108
C[C@@H]1CCCCO[C@@H](CN(C)Cc2ccc(c(c2)Cl)Cl)[C@H](C)CN([C@@H](C)CO)C(=O)c2cc(ccc2O1)NC(=O)Nc1cccc2ccccc12,0,0.100868,0.016760,0.002622
OC[C@H]1O[C@@H](Oc2ccc(cc2)[C@@H]2CC(=O)c3ccc(cc3O2)O)[C@H](O)[C@@H](O)[C@@H]1O,0,0.172729,0.154134,0.057717
C[C@@H]1CN([C@H](C)CO)C(=O)Cc2cc(ccc2O[C@@H]1CN(C)Cc1ccc(cc1)C(F)(F)F)NS(=O)(=O)C,0,0.114758,0.028417,0.007614
CC(C)NC(=O)N(C)C[C@H]1Oc2ccc(cc2CC(=O)N(C[C@@H]1C)[C@@H](C)CO)NC(=O)Cc1ccccc1,0,0.005771,0.024076,0.006051
COc1ccc(cc1)S(=O)(=O)Nc1ccc2c(c1)C(=O)N(C[C@@H](C)[C@H](CN(C)S(=O)(=O)C)OCCCC[C@@H](C)O2)[C@@H](C)CO,0,0.003274,0.018051,0.002635
O=C1CCC(=O)N1OC(=O)c1ccccc1,0,0.168820,0.049959,0.045308
COc1ccc(cc1)NC(=O)Nc1cccc2c1O[C@@H](CN(C)Cc1ccc(cc1)C(=O)Nc1ccccc1N)[C@H](C)CN([C@@H](C)CO)C2=O,0,0.030204,0.017862,0.002743
C[C@@H]1CN([C@@H](C)CO)S(=O)(=O)c2ccc(cc2O[C@H]1CN(C)Cc1cccc(c1)F)Br,0,0.300462,0.026400,0.007028
COc1ccc(cc1)NC(=O)N(C)C[C@@H]1Oc2ncc(cc2C(=O)N(C[C@@H]1C)[C@H](C)CO)C#CCN(C)C,0,0.041692,0.020622,0.003009
C[C@@H]1CN([C@@H](C)CO)C(=O)c2cccc(c2O[C@@H]1CN(C)Cc1ccc(cc1)C(F)(F)F)NC(=O)Nc1ccc(cc1)F,0,0.852997,0.138400,0.124849
C[C@H]1CN([C@H](C)CO)C(=O)c2cccc(c2O[C@H]1CN(C)Cc1ccc2c(c1)OCO2)NC(=O)c1cnccn1,0,0.020685,0.019796,0.003511
COC(=O)[C@H]1CN(C(C)C)C(=O)C1,0,0.001419,0.021154,0.004708
OC[C@@H]1COCCN1Cc1ccccc1,0,0.008363,0.085068,0.020261
C[C@@H]1CCCCO[C@H](CN(C)C(=O)Cc2ccccc2)[C@H](C)CN([C@@H](C)CO)C(=O)c2cc(ccc2O1)NC(=O)Nc1ccccc1,0,0.003057,0.017131,0.002004
C[C@H]1CN([C@H](C)CO)C(=O)c2cc(cnc2O[C@H]1CN(C)S(=O)(=O)c1cn(cn1)C)/C=C/c1ccccc1,0,0.011685,0.019089,0.002735
C[C@@H]1CN([C@@H](C)CO)S(=O)(=O)c2ccc(cc2O[C@H]1CN(C)C(=O)CN(C)C)C#Cc1ccccc1,0,0.134372,0.789657,0.919689
C[C@@H]1CCCCO[C@H](CN(C)S(=O)(=O)c2cccs2)[C@H](C)CN([C@@H](C)CO)C(=O)c2cc(ccc2O1)NC(=O)Cc1ccccc1,0,0.000747,0.017475,0.002041
C[C@@H]1CN([C@@H](C)CO)C(=O)c2cc(ccc2O[C@@H]1CN(C)S(=O)(=O)c1cccs1)NC(=O)c1ccncc1,0,0.001902,0.017475,0.001958
C[C@@H]1CN([C@@H](C)CO)C(=O)Cc2cc(ccc2O[C@H]1CN(C)S(=O)(=O)c1ccc(cc1)F)NS(=O)(=O)c1ccc(cc1)C,0,0.004823,0.017404,0.003131
O=C1NCCN1CCNC(=S)NC1CC1,0,0.000000,0.036213,0.013823
C[C@H]1CN([C@H](C)CO)C(=O)Cc2cc(ccc2O[C@H]1CN(C)Cc1ccc(cc1)-c1ccccc1)NC(=O)C1CCCCC1,0,0.104788,0.038412,0.008101
COc1ccc(cc1)S(=O)(=O)Nc1ccc2c(c1)C(=O)N(C[C@H](C)[C@@H](CN(C)C(=O)Nc1ccc(cc1)C(F)(F)F)OCCCC[C@@H](C)O2)[C@@H](C)CO,0,0.095981,0.057294,0.008880
C[C@@H]1CN([C@@H](C)CO)C(=O)CCCn2cc(nn2)CO[C@H]1CN(C)S(=O)(=O)c1ccc(nc1)Oc1ccccc1,0,0.002238,0.022042,0.002755
COc1ccc(cc1)NC(=O)N(C)C[C@@H]1OCCCC[C@@H](C)Oc2ccc(cc2C(=O)N(C[C@H]1C)[C@H](C)CO)NC(=O)c1ccccc1,0,0.003191,0.016330,0.001538
C[C@@H]1CN([C@H](C)CO)C(=O)Cc2cc(ccc2O[C@H]1CN(C)S(=O)(=O)c1ccccc1)NS(=O)(=O)c1ccc(cc1)C,0,0.001042,0.017513,0.002498
C[C@H]1CN([C@@H](C)CO)C(=O)Cc2cc(ccc2O[C@@H]1CN(C)S(=O)(=O)c1cn(cn1)C)NS(=O)(=O)c1cn(cn1)C,0,0.003967,0.018189,0.003083
C[C@@H]1CN([C@H](C)CO)C(=O)Cc2cc(ccc2O[C@@H]1CN(C)S(=O)(=O)c1ccc(cc1)F)NS(=O)(=O)c1cn(cn1)C,0,0.015541,0.017470,0.002613
C[C@@H]1CCCCO[C@@H](CN(C)Cc2ccncc2)[C@@H](C)CN([C@H](C)CO)C(=O)c2cc(ccc2O1)NC(=O)Nc1cccc2ccccc12,0,0.013363,0.016486,0.001871
O=C(CCCN1CCC(O)(c2ccc(Br)cc2)CC1)c1ccc(F)cc1,0,0.974578,0.783231,0.558809
COCCN1C[C@H]2CN(C[C@H]2C1=O)Cc1nccn1C,0,0.061404,0.030299,0.006986
C[C@@H]1CCCCO[C@@H](CN(C)C(=O)NC2CCCCC2)[C@@H](C)CN([C@@H](C)CO)C(=O)c2cc(ccc2O1)NC(=O)c1ccccc1,0,0.002108,0.016860,0.001736
C[C@@H]1CCCCO[C@@H](CN(C)C)[C@H](C)CN([C@H](C)CO)C(=O)c2cc(ccc2O1)NS(=O)(=O)c1c(noc1C)C,0,0.011027,0.019532,0.004948
COc1ccc(cc1)NC(=O)Nc1ccc2c(c1)C(=O)N(C[C@@H](C)[C@@H](CN(C)C(=O)CCC(F)(F)F)OCCCC[C@H](C)O2)[C@@H](C)CO,0,0.045382,0.022775,0.004283
COc1cccc(c1)S(=O)(=O)N(C)C[C@@H]1Oc2ncc(cc2C(=O)N(C[C@@H]1C)[C@H](C)CO)C#CC(C)C,0,0.015971,0.017694,0.002619
C[C@H]1CCCCO[C@H](CN(C)C(=O)NC2CCCCC2)[C@H](C)CN([C@@H](C)CO)C(=O)c2cc(ccc2O1)NS(=O)(=O)c1ccc(cc1)Cl,0,0.009651,0.017445,0.002350
CN(C)C(=O)c1cccc(c1)C1=CC=C2[C@@H]3N[C@@H]([C@@H](CO)[C@@H]3CN2C1=O)C(=O)NCC1CC1,0,0.013600,0.031005,0.009278
CC(C)NC(=O)Nc1ccc2c(c1)C(=O)N(C)[C@@H]1CC[C@H](CC(=O)NCc3ccc(cc3)F)O[C@H]1CO2,0,0.061612,0.026877,0.013162
CC(C)NC(=O)N(C)C[C@@H]1Oc2cc(ccc2S(=O)(=O)N(C[C@H]1C)[C@@H](C)CO)C#Cc1cccc(c1)F,0,0.174883,0.025399,0.004086
COCCN1CCC(CC1)N(Cc1ccc(cc1)-c1ccc(cc1)C(F)(F)F)C(=O)CN1C(=CC(=O)c2ccccc21)SCc1cccc(c1F)F,0,0.952334,0.359071,0.163173
C[C@@H]1CN([C@@H](C)CO)S(=O)(=O)c2ccc(cc2O[C@@H]1CN(C)Cc1ccc2c(c1)OCO2)Br,0,0.086910,0.022505,0.007103
COc1ccc(cc1)CNC(=O)N(C)C[C@@H]1OCc2ccccc2-c2c(n(c3ccccc23)C)C(=O)N(C[C@H]1C)[C@H](C)CO,0,0.017362,0.020273,0.003896
CO[C@H]1O[C@H](CO)[C@@H](OC(=O)Nc2ccccc2-c2ccccc2)[C@H](OC(=O)Nc2ccccc2-c2ccccc2)[C@@H]1OC(=O)Nc1ccccc1-c1ccccc1,0,0.882243,0.049592,0.010289
C[C@@H]1CN([C@@H](C)CO)C(=O)c2cc(cnc2O[C@@H]1CN(C)S(=O)(=O)c1ccc(cc1)F)-c1cccc(c1)C(=O)N(C)C,0,0.004087,0.018116,0.002987
COc1ccc(cc1)S(=O)(=O)N(C)C[C@H]1Oc2c(cccc2C(=O)N(C[C@@H]1C)[C@@H](C)CO)NS(=O)(=O)c1cccs1,0,0.008756,0.018596,0.003382
C[C@H](NC(=O)C[C@H]1C[C@@H]2[C@@H](Oc3ccc(cc32)NC(=O)Nc2ccc(cc2)C(F)(F)F)[C@H](CO)O1)c1ccccc1,0,0.748706,0.110158,0.068749
C[C@H]1CCCCO[C@@H](CN(C)C(=O)Nc2cccc3ccccc23)[C@H](C)CN([C@@H](C)CO)C(=O)c2cc(ccc2O1)NS(=O)(=O)c1ccccc1,0,0.001519,0.018831,0.001816
C[C@@H]1CN([C@H](C)CO)C(=O)c2c(c3ccccc3n2C)-c2ccccc2CO[C@H]1CN(C)Cc1ccc2c(c1)OCCN2C,0,0.103153,0.037411,0.009003
CC(C)NC(=O)Nc1cccc2c1O[C@@H](CN(C)C(=O)Nc1c(noc1C)C)[C@@H](C)CN([C@@H](C)CO)C2=O,0,0.115008,0.020029,0.005519
CC(C)CC[C@@H](O)[C@H]1C[C@@H](CO)OC1=O,0,0.035809,0.051439,0.020270
C[C@@H]1CN([C@@H](C)CO)C(=O)CCCn2cc(nn2)CO[C@@H]1CN(C)S(=O)(=O)C,0,0.005911,0.017692,0.004147
C[C@H]1CN([C@@H](C)CO)S(=O)(=O)c2ccc(cc2O[C@@H]1CN(C)C(=O)c1cccc(c1)F)-c1cccnc1,0,0.054357,0.019035,0.003043
C[C@@H]1CCCCO[C@H](CN(C)Cc2ccc3c(c2)OCO3)[C@@H](C)CN([C@@H](C)CO)C(=O)c2cc(ccc2O1)NC(=O)C1CCCCC1,0,0.013913,0.017195,0.003366
C1CN(CCN1)C1CCOCC1,0,0.025088,0.033904,0.009446
C[C@@H]1CCCCO[C@@H](CN(C)S(=O)(=O)C)[C@@H](C)CN([C@H](C)CO)C(=O)c2cc(ccc2O1)NC(=O)c1ccncc1,0,0.003256,0.017475,0.002158
C[C@H]1CCCCO[C@H](CN(C)S(=O)(=O)c2cccs2)[C@H](C)CN([C@@H](C)CO)C(=O)c2cc(ccc2O1)NS(=O)(=O)c1cn(cn1)C,0,0.001970,0.017413,0.002313
OC[C@H]1O[C@@H](C[C@@H]2[C@H]1Oc1ccc(cc12)NC(=O)NC1CCCC1)CC(=O)NCCN1CCCCC1,0,0.496693,0.050861,0.024456
CO[C@H]1CN(C)C(=O)c2cc(ccc2OC[C@H](C)N(C[C@H]1C)S(=O)(=O)c1cn(cn1)C)NC(=O)C,0,0.007628,0.018084,0.002972
C[C@H]1CN([C@H](C)CO)C(=O)Cc2cc(ccc2O[C@H]1CN(C)CC1CC1)NC(=O)Cn1cnnn1,0,0.011443,0.033678,0.007602
COC(=O)C[C@@H]1C[C@@H](C)[C@H]2[C@@H]([C@@H]1O)C(=O)c1c(c3c(c(c1C2=O)O)[C@]1(O)[C@@H](C)O[C@@H]3C[C@H]1O)O,0,0.618055,0.833222,0.684824
Cc1ccc(cc1)S(=O)(=O)N[C@@H]1CC[C@H](CC(=O)NCc2ccc(c(c2)Cl)Cl)O[C@@H]1CO,0,0.211258,0.065707,0.020048
CCCC(=O)Nc1ccc2c(c1)C(=O)N(C)[C@H]1CC[C@@H](CC(=O)NCCN3CCCCC3)O[C@@H]1CO2,0,0.026554,0.022489,0.011821
C=C1CCC(O)CC1=CC=C1CCCC2(C)C1CCC2C(C)C=CC(C)C(C)C,0,0.933770,0.421130,0.146726
OC[C@@H]1O[C@@H](C[C@H]2[C@@H]1Oc1ccc(cc12)NC(=O)NC1CCCC1)CC(=O)NCc1ccc2c(c1)OCO2,0,0.040183,0.027053,0.012823
CN(CCOc1ccc(CC2SC(=O)NC2=O)cc1)c1ccccn1.O=C(O)C=CC(=O)O,0,0.007995,0.418173,0.395348
C[C@@H]1CN([C@@H](C)CO)C(=O)c2cccc(c2O[C@@H]1CN(C)Cc1ccc(c(c1)Cl)Cl)NC(=O)Nc1cccc2ccccc12,0,0.200658,0.020012,0.005051
C[C@@H]1CCCCO[C@@H](CN(C)C(=O)Cc2ccccc2)[C@H](C)CN([C@@H](C)CO)C(=O)c2cc(ccc2O1)NC(=O)Nc1ccc2c(c1)OCO2,0,0.002222,0.016795,0.002308
CC(C)NC(=O)N(C)C[C@H]1OCCCC[C@H](C)Oc2ccc(cc2C(=O)N(C[C@H]1C)[C@H](C)CO)NC(=O)Nc1ccc(cc1)C(F)(F)F,0,0.496226,0.070927,0.058665
C[C@H]1CCCCO[C@H](CN(C)C(=O)c2ccccc2)[C@H](C)CN([C@@H](C)CO)C(=O)c2cc(ccc2O1)NS(=O)(=O)c1ccc(cc1)C,0,0.000625,0.017787,0.001862
NC1CCN(CC1)C(=O)N1CCCC1,0,0.100640,0.019863,0.005363
Cn1cnc(c1)S(=O)(=O)N1C[C@@H](O)COC[C@@H]2O[C@H](CC[C@H]21)CC(=O)NC1Cc2ccccc2C1,0,0.251184,0.018314,0.006627
CS(=O)(=O)N1CCCN2C(=O)C=C(CNC(=O)CC3CC3)N=C2C1,0,0.003489,0.060058,0.009192
NCc1cc(nc(c1)C(F)(F)F)Oc1cccc(c1)C(=O)N1C[C@@H](O)[C@H](F)C1,0,0.979745,0.357704,0.188242
C[C@@H]1CN([C@H](C)CO)C(=O)CCCn2nncc2CO[C@@H]1CN(C)C(=O)c1ccc(cc1)N1CCN(C)CC1,0,0.040218,0.018159,0.005352
C[C@H]1CN([C@H](C)CO)S(=O)(=O)c2ccc(cc2O[C@H]1CN(C)C(=O)Cc1ccncc1)C1=CCCC1,0,0.014500,0.021127,0.004061
C[C@H]1CCCCO[C@H](CN(C)C(=O)Nc2cccc3ccccc23)[C@H](C)CN([C@@H](C)CO)C(=O)c2cc(ccc2O1)NC(=O)c1ccncc1,0,0.005618,0.015879,0.002045
COc1ccc(cc1)NC(=O)N(C)C[C@H]1OCCCC[C@@H](C)Oc2ccc(cc2C(=O)N(C[C@@H]1C)[C@H](C)CO)NC(=O)Nc1ccccc1,0,0.012637,0.016272,0.001823
C[C@@H]1CCCCO[C@@H](CN(C)C(=O)NC2CCCCC2)[C@@H](C)CN([C@H](C)CO)C(=O)c2cc(ccc2O1)NS(=O)(=O)c1cccs1,0,0.005405,0.017429,0.002986
C[C@@H]1CN([C@H](C)CO)C(=O)Cc2cc(ccc2O[C@H]1CN(C)Cc1ccc2c(c1)OCO2)NC(=O)C1CC1,0,0.008665,0.023673,0.005219
C[C@@H]1CN([C@H](C)CO)C(=O)c2cccc(c2O[C@@H]1CN(C)CC1CCCCC1)NC(=O)Nc1ccc(cc1)C(F)(F)F,1,0.888211,0.745776,0.616648
C[C@H]1CCCCO[C@@H](CN(C)C(=O)Nc2c(noc2C)C)[C@H](C)CN([C@@H](C)CO)C(=O)c2cc(ccc2O1)NC(=O)C1CCCCC1,0,0.028001,0.017218,0.003120
C[C@H]1CN([C@@H](C)CO)C(=O)Cc2cc(ccc2O[C@H]1CN(C)S(=O)(=O)c1ccc(cc1)Oc1ccccc1)NC(=O)Nc1cccc2c1CCCC2,0,0.003815,0.022989,0.002850
OCC(O)CO,0,0.000057,0.064987,0.022756
C[C@@H]1CN([C@@H](C)CO)C(=O)c2cc(ccc2O[C@@H]1CN(C)Cc1ccc(cc1)Oc1ccccc1)NC(=O)Nc1ccccc1,0,0.008177,0.018270,0.004815
C[C@H](CS)C(=O)N1CCC[C@H]1C(=O)O,0,0.000000,0.034230,0.015696
COc1ccc(cc1)NC(=O)N(C)C[C@@H]1Oc2ccc(cc2CC(=O)N(C[C@@H]1C)[C@H](C)CO)NS(=O)(=O)c1c(noc1C)C,0,0.007197,0.017326,0.002494
COc1cc(ccc1O[C@@H]1O[C@H](CO)[C@@H](O)[C@H](O)[C@H]1O)/C=C/c1cc(cc(c1)O[C@@H]1O[C@H](CO)[C@@H](O)[C@H](O)[C@H]1O)O,0,0.186555,0.089857,0.017098
C[C@H]1CN([C@@H](C)CO)C(=O)c2cc(ccc2O[C@@H]1CN(C)S(=O)(=O)c1cccs1)NS(=O)(=O)c1c(noc1C)C,0,0.002874,0.017561,0.003770
COCCNC(=O)C[C@H]1CC[C@@H]2[C@H](COc3ccc(cc3C(=O)N2C)NC(=O)Nc2cccc(c2)F)O1,0,0.068676,0.023484,0.010927
C[C@@H]1CCCCO[C@H](CN(C)S(=O)(=O)c2ccc(cc2)C)[C@@H](C)CN([C@H](C)CO)C(=O)c2cc(ccc2O1)NS(=O)(=O)c1ccc(cc1)Cl,0,0.003948,0.017806,0.002260
C[C@@H]1CN([C@@H](C)CO)C(=O)c2cccc(c2O[C@H]1CN(C)Cc1ccc(cc1)Oc1ccccc1)NC(=O)Nc1ccc2c(c1)OCO2,0,0.003715,0.018646,0.003315
COc1ccc(cc1)NC(=O)Nc1ccc2c(c1)C(=O)N(C[C@@H](C)[C@@H](CN(C)S(=O)(=O)c1ccc(cc1)F)OCCCC[C@H](C)O2)[C@@H](C)CO,0,0.009458,0.017526,0.001909
C[C@H]1CCCCO[C@H](CN(C)CC2CCCCC2)[C@H](C)CN([C@@H](C)CO)C(=O)c2cc(ccc2O1)NC(=O)C1CCCCC1,0,0.058718,0.019339,0.006011
O=P([O-])(O)C(O)(Cc1cccnc1)P(=O)(O)O.[Na+],0,0.943729,0.209163,0.225994
CC(C)NC(=O)N(C)C[C@H]1Oc2ccc(cc2CC(=O)N(C[C@@H]1C)[C@@H](C)CO)NS(=O)(=O)c1ccc(cc1)F,0,0.012309,0.021578,0.003627
CCOC(=O)[C@H]1CC(=NNC1=O)C,0,0.001037,0.016865,0.003859
CC(C)NC(=O)N(C)C[C@@H]1Oc2cc(ccc2S(=O)(=O)N(C[C@H]1C)[C@H](C)CO)-c1ccc(cc1)C,0,0.116842,0.034073,0.007080
C[C@H]1CN([C@@H](C)CO)C(=O)c2c(c3ccccc3n2C)-c2ccccc2CO[C@H]1CN(C)C(=O)Nc1ccc2c(c1)OCO2,0,0.003495,0.018378,0.002576
COc1ccc(cc1)NC(=O)Nc1ccc2c(c1)C(=O)N(C[C@H](C)[C@@H](CN(C)CC1CCCCC1)O2)[C@H](C)CO,0,0.098650,0.019024,0.004482
COC(=O)c1c2oc(c1C(=O)OC)C(=O)N[C@H](Cc1ccccc1)Cn1cc(nn1)[C@@H](Cc1ccccc1)NC(=O)N[C@H](CC2)COC(=O)NCCCCCC(=O)NO,0,0.000018,0.072741,0.009676
C[C@H]1CN([C@@H](C)CO)C(=O)CCCn2nncc2CO[C@H]1CN(C)S(=O)(=O)c1ccc(cc1)-n1cccn1,0,0.006321,0.019433,0.002810
COCC#Cc1ccc2c(c1)O[C@H](CN(C)C(=O)C1CCCCC1)[C@@H](C)CN([C@H](C)CO)S2(=O)=O,0,0.071854,0.029176,0.005496
C[C@H]1CCCCO[C@@H](CN(C)C(=O)c2ccncc2)[C@@H](C)CN([C@H](C)CO)C(=O)c2cc(ccc2O1)NC(=O)CCCCCC(=O)Nc1ccccc1N,0,0.001220,0.018679,0.002277
CN1[C@H]2CC[C@@H](CC(=O)NCC(F)(F)F)O[C@@H]2COc2ccc(cc2C1=O)NC(=O)c1cccs1,0,0.099141,0.187951,0.126642
C[C@@H]1CCCCO[C@H](CN(C)S(=O)(=O)c2ccc(cc2)C)[C@@H](C)CN([C@@H](C)CO)C(=O)c2cc(ccc2O1)NC(=O)Cc1ccccc1,0,0.001427,0.017524,0.001935
C[C@H]1CCCCO[C@@H](CN(C)C(=O)Nc2ccc(cc2)F)[C@@H](C)CN([C@H](C)CO)C(=O)c2cc(ccc2O1)NC(=O)Nc1c(noc1C)C,0,0.087815,0.017247,0.002287
C[C@@H]1CCCCO[C@@H](CN(C)C(=O)Nc2cccc3ccccc23)[C@H](C)CN([C@@H](C)CO)C(=O)c2cc(ccc2O1)NS(=O)(=O)c1cn(cn1)C,0,0.007867,0.018999,0.002410
OC[C@H]1O[C@H](CC(=O)NCCc2ccncc2)C=C[C@@H]1NC(=O)Cc1ccccn1,0,0.011885,0.027060,0.008752
ONC(=O)CCCCCNC(=O)OCc1ccc(cc1)CN([C@@H](Cc1ccccc1)Cn1cc(nn1)-c1ccccn1)C(=O)Nc1ccccc1,0,0.000057,0.164603,0.051572
C[C@@H]1CCCCO[C@@H](CN(C)S(=O)(=O)c2ccccc2)[C@H](C)CN([C@@H](C)CO)C(=O)c2cc(ccc2O1)NC(=O)Nc1ccc(cc1)F,0,0.009875,0.017502,0.001913
C[C@@H]1CCCCO[C@@H](CN(C)S(=O)(=O)c2ccc(cc2)C)[C@@H](C)CN([C@H](C)CO)C(=O)c2cc(ccc2O1)NC(=O)CCC(F)(F)F,0,0.027223,0.018776,0.002709
CS(=O)(=O)Nc1ccc2c(c1)[C@H]1C[C@H](CC(=O)NCc3ccc(cc3)-c3ccccc3)O[C@H](CO)[C@H]1O2,0,0.088503,0.029259,0.007657
Oc1cc(cc(c1O)[N+](=O)[O-])[N+](=O)[O-],0,0.740978,0.679703,0.572334
C[C@@H]1CN([C@H](C)CO)S(=O)(=O)c2ccc(cc2O[C@@H]1CN(C)S(=O)(=O)c1cn(cn1)C)C1=CCCC1,0,0.012069,0.018231,0.003129
C[C@@H]1CN([C@@H](C)CO)C(=O)c2cccc(c2O[C@H]1CN(C)S(=O)(=O)c1ccc(cc1)Cl)NC(=O)c1cnccn1,0,0.079345,0.017597,0.003335
C[C@@H]1CCCCO[C@@H](CN(C)Cc2ccc(c(c2)Cl)Cl)[C@@H](C)CN([C@@H](C)CO)C(=O)c2cc(ccc2O1)NC(=O)Nc1ccc(cc1)F,0,0.290715,0.017263,0.003448
CCCNC(=O)C[C@@H]1CC[C@@H]2[C@@H](COc3ccc(cc3C(=O)N2C)NS(=O)(=O)c2ccccc2C)O1,0,0.004817,0.019611,0.004331
OC[C@H]1O[C@@H](OCCC(=O)c2ccc(cc2)O)[C@H](O)[C@@H](O)[C@@H]1O,0,0.096706,0.158205,0.048470
C[C@@H]1CN([C@H](C)CO)C(=O)Cc2cc(ccc2O[C@@H]1CN(C)S(=O)(=O)c1cccs1)NC(=O)CCCN(C)C,0,0.001505,0.018032,0.003279
O=S(=O)(O)NC1CCCCC1,0,0.030610,0.051035,0.015172
COc1ccc(cc1)S(=O)(=O)Nc1ccc2c(c1)C(=O)N(C[C@H](C)[C@H](CN(C)C(=O)NC(C)C)O2)[C@@H](C)CO,0,0.018694,0.019332,0.003339
C[C@H]1CN([C@@H](C)CO)C(=O)c2cc(ccc2O[C@H]1CN(C)C(=O)Nc1ccc(cc1)C(F)(F)F)NS(=O)(=O)c1ccc(cc1)F,0,0.320390,0.166614,0.013763
C[C@H]1CN([C@@H](C)CO)S(=O)(=O)c2ccc(cc2O[C@H]1CN(C)Cc1ccc2c(c1)OCO2)C#CCN(C)C,0,0.039287,0.027644,0.004079
C[C@@H]1CCCCO[C@H](CN(C)Cc2ccccc2)[C@@H](C)CN([C@@H](C)CO)C(=O)c2cc(ccc2O1)NS(=O)(=O)c1ccc(cc1)F,0,0.008779,0.017273,0.002682
C[C@H]1CCCCO[C@@H](CN(C)C(=O)Nc2ccccc2)[C@@H](C)CN([C@@H](C)CO)C(=O)c2cc(ccc2O1)NC(=O)Nc1ccc(cc1)F,0,0.043054,0.015796,0.002386
C[C@@H]1CN([C@@H](C)CO)C(=O)Cc2cc(ccc2O[C@H]1CN(C)C(=O)Nc1ccccc1)NC(=O)CCN1CCOCC1,0,0.002192,0.016810,0.002777
CCCCCCCCCCC(C(=O)O)C1(C(=O)O)CCC(=O)O1,0,0.944124,0.359494,0.314748
COc1ccc(cc1)NC(=O)Nc1ccc2c(c1)CC(=O)N(C[C@H](C)[C@H](CN(C)C(=O)Nc1ccc(cc1)C(F)(F)F)O2)[C@H](C)CO,0,0.357137,0.021567,0.007300
OCCN(Cc1ccccc1)C(=O)C[C@@H]1CC=CCC[C@H](Cc2ccc(cc2)F)C(=O)OC[C@H](Cc2c[nH]c3ccccc23)NC1=O,0,0.008910,0.057026,0.009090
C[C@H]1CN([C@@H](C)CO)C(=O)Cc2cc(ccc2O[C@H]1CN(C)S(=O)(=O)c1c(noc1C)C)NC(=O)Cn1cnnn1,0,0.001877,0.018130,0.003336
COc1cccc(c1)NC(=O)N(C)C[C@@H]1OCc2ccccc2-c2c(n(c3ccccc23)C)C(=O)N(C[C@@H]1C)[C@H](C)CO,0,0.010115,0.017371,0.002319
COc1ccc2c3c(n(c2c1)C)[C@@H](CO)N(C[C@]13CN(C1)C(=O)c1ccncc1)C(=O)C1CCCCC1,0,0.016610,0.054198,0.026282
CO[C@@H]1CN(C)C(=O)c2cc(ccc2OC[C@@H](C)N(C[C@H]1C)Cc1ccccc1C(=O)O)NC(=O)Nc1ccccc1F,0,0.231256,0.102881,0.034991
C[C@]1([C@@H](N(Cc2ccc(cc2)OC(F)(F)F)C(=O)c2ccccc21)c1ccc(cc1)CO)C(=O)NCc1ccccc1,0,0.794949,0.198983,0.187337
COC(=O)c1c2oc(c1C(=O)OC)C(=O)N[C@@H](Cc1ccccc1)Cn1cc(nn1)[C@H](Cc1ccccc1)NC(=O)N[C@H](CC2)COC(=O)NCCCCCC(=O)NO,0,0.000018,0.072741,0.009676
Cc1csc2ccc(cc12)F,0,0.564139,0.128519,0.018568
C[C@H]1CCCCO[C@H](CN(C)S(=O)(=O)c2ccc(cc2)Cl)[C@H](C)CN([C@@H](C)CO)C(=O)c2cc(ccc2O1)NC(=O)Nc1c(noc1C)C,0,0.024012,0.017488,0.002256
CC(C)N(C[C@H]1O[C@H]([C@H](O)[C@@H]1O)n1cnc2c(ncnc12)N)[C@H]1C[C@@H](CCc2nc3ccc(cc3[nH]2)C(C)(C)C)C1,0,0.862772,0.222347,0.163443
COc1ccc(cc1)CN(C)C[C@@H]1OCCCC[C@@H](C)Oc2ccc(cc2C(=O)N(C[C@@H]1C)[C@@H](C)CO)NC(=O)Nc1ccc(cc1)F,0,0.081735,0.016654,0.002909
C[C@H]1CN([C@@H](C)CO)S(=O)(=O)c2ccc(cc2O[C@@H]1CN(C)C(=O)C1CCCCC1)C#CC(C)(C)O,0,0.023136,0.117456,0.009557
OC[C@H]1O[C@@H](Oc2c3cccc(c3c(c3c(cc(cc23)CO)O)O)O)[C@H](O)[C@H](O)[C@H]1O,0,0.730303,0.091105,0.025120
C[C@H]1CCCCO[C@H](CN(C)C(=O)Nc2ccc3c(c2)OCO3)[C@H](C)CN([C@@H](C)CO)C(=O)c2cc(ccc2O1)NC(=O)Nc1ccc2c(c1)OCO2,0,0.001234,0.022402,0.002942
C[C@H]1CN([C@H](C)CO)S(=O)(=O)c2ccc(cc2O[C@@H]1CN(C)S(=O)(=O)c1ccccc1)Br,0,0.046075,0.020302,0.006975
CCOC(=O)C(CCc1ccccc1)NC(C)C(=O)N1Cc2cc(OC)c(OC)cc2CC1C(=O)O.Cl,0,0.398487,0.606794,0.386711
CN1[C@H]2CC[C@@H](CC(=O)N3CCOCC3)O[C@@H]2COc2ccc(cc2C1=O)NC(=O)c1ccc(cc1)F,0,0.002747,0.020316,0.006419
COc1ccc2c3c(n(c2c1)C)[C@H](CO)N(Cc1ccccc1Cl)C[C@]13CCN(CC1)C(=O)CC1CC1,0,0.437921,0.754198,0.330706
C[C@H]1CCCCO[C@H](CN(C)CC2CC2)[C@@H](C)CN([C@@H](C)CO)C(=O)c2cc(ccc2O1)NC(=O)Nc1c(noc1C)C,0,0.089880,0.018838,0.003965
Cc1ccc(c(c1)C)C(=O)N1CCC(CC1)n1cc(nn1)C(C)(C)N,0,0.980796,0.475092,0.137135
C[C@@H]1CN([C@@H](C)CO)C(=O)Cc2cc(ccc2O[C@@H]1CN(C)Cc1ccc(cc1)C(F)(F)F)NC(=O)Nc1ccccc1,0,0.221118,0.067182,0.022630
C[C@H]1CN([C@H](C)CO)C(=O)c2cccc(c2O[C@@H]1CN(C)S(=O)(=O)c1ccccc1)NS(=O)(=O)c1ccc(cc1)C,0,0.005959,0.018007,0.003372
COc1ccc(cc1)S(=O)(=O)N(C)C[C@H]1Oc2cc(ccc2S(=O)(=O)N(C[C@H]1C)[C@@H](C)CO)C#CC1CC1,0,0.026434,0.021080,0.003234
C[C@H]1CN([C@@H](C)CO)C(=O)CCCn2cc(nn2)CO[C@@H]1CN(C)C(=O)Nc1ccc(cc1)N1CCCCC1,0,0.252623,0.030617,0.005594
C[C@H]1CCCCO[C@H](CN(C)C(=O)Cc2ccccc2)[C@H](C)CN([C@@H](C)CO)C(=O)c2cc(ccc2O1)NC(=O)Nc1ccc2c(c1)OCO2,0,0.002222,0.016795,0.002308
C[C@H]1CN([C@@H](C)CO)C(=O)c2cc(ccc2O[C@H]1CN(C)S(=O)(=O)c1cccs1)NC(=O)CCCN(C)C,0,0.003266,0.018032,0.003440
C[C@@H]1CN([C@H](C)CO)S(=O)(=O)c2ccc(cc2O[C@@H]1CN(C)CC1CC1)C#Cc1ccccc1F,0,0.298401,0.022875,0.006077
C[C@@H]1CCCCO[C@@H](CN(C)C(=O)Cc2ccccc2)[C@@H](C)CN([C@H](C)CO)C(=O)c2cc(ccc2O1)NS(=O)(=O)c1ccc(cc1)C,0,0.000937,0.017732,0.002231
C[C@H]1CCCCO[C@@H](CN(C)Cc2ccccc2)[C@@H](C)CN([C@H](C)CO)C(=O)c2cc(ccc2O1)NC(=O)c1ccncc1,0,0.003075,0.016736,0.002154
C[C@H]1CCCCO[C@H](CN(C)S(=O)(=O)c2ccc(cc2)Cl)[C@@H](C)CN([C@H](C)CO)C(=O)c2cc(ccc2O1)NC(=O)C1CCCCC1,0,0.012216,0.017445,0.002894
C[C@@H]1CN([C@H](C)CO)C(=O)c2cccc(c2O[C@@H]1CN(C)C(=O)Nc1ccc2c(c1)OCO2)NC(=O)c1ccc(cc1)-c1nccs1,0,0.004661,0.020297,0.002837
C[C@H]1CCCCO[C@H](CN(C)S(=O)(=O)c2ccc(cc2)C)[C@H](C)CN([C@@H](C)CO)C(=O)c2cc(ccc2O1)NS(=O)(=O)c1ccc(cc1)C,0,0.001396,0.017781,0.002518
O=S1(=O)CCN(CCc2ccccc2)CC1,0,0.013353,0.065663,0.030869
C[C@H]1CCCCO[C@H](CN(C)C(=O)Nc2cccc3ccccc23)[C@H](C)CN([C@H](C)CO)C(=O)c2cc(ccc2O1)NC(=O)Cc1ccccc1,0,0.003683,0.015550,0.002066
C[C@H]1CN([C@H](C)CO)C(=O)c2cc(ccc2O[C@H]1CN(C)Cc1ccc(cc1)C(F)(F)F)NC(=O)Nc1ccc(cc1)C(F)(F)F,0,0.915883,0.095438,0.044472
N[C@H]1CCC[C@@H]1Cc1ccc(cc1)F,0,0.514518,0.078204,0.051780
COc1ccc(cc1)CN(C)C[C@@H]1OCCCC[C@@H](C)Oc2ccc(cc2C(=O)N(C[C@@H]1C)[C@@H](C)CO)NC(=O)c1ccncc1,0,0.006126,0.016555,0.001720
CC(=O)n1cc(c2ccccc12)[C@H]1C[C@@H](OCc2ccc(cc2)CO)OC(=C1)C(=O)N1CCCCCCC1,0,0.210344,0.136989,0.045499
COc1ccc(cc1)S(=O)(=O)N(C)C[C@H]1OCCCC[C@@H](C)Oc2ccc(cc2C(=O)N(C[C@H]1C)[C@H](C)CO)NC(=O)Nc1ccc(cc1)C(F)(F)F,0,0.134068,0.044315,0.005123
C[C@H]1CN([C@@H](C)CO)C(=O)Cc2cc(ccc2O[C@@H]1CN(C)C(=O)Nc1ccc(cc1)C(F)(F)F)NC(=O)Nc1ccc2c(c1)OCO2,0,0.158185,0.022016,0.007310
COC(=O)C[C@H]1O[C@@H](CO)[C@H](N)C=C1,0,0.004644,0.027100,0.005230
C[C@@H]1CN([C@H](C)CO)C(=O)c2cc(ccc2O[C@H]1CN(C)Cc1ccc(cc1)C(F)(F)F)NC(=O)Nc1ccc(cc1)C(F)(F)F,0,0.915883,0.095438,0.044472
C[C@H]1CN([C@H](C)CO)C(=O)c2cc(ccc2O[C@H]1CN(C)Cc1ccc(cc1)C(=O)Nc1ccccc1N)NC(=O)NC1CCCCC1,0,0.021495,0.018050,0.002398
C[C@@H]1CN([C@@H](C)CO)C(=O)c2cc(ccc2O[C@@H]1CN(C)C(=O)Nc1ccccc1)NC(=O)CCCCCC(=O)Nc1ccccc1N,0,0.012086,0.018006,0.002218
OC[C@@H]1[C@H]2CN3C(=O)C=CC=C3[C@@H]([C@H]1C(=O)NCC(F)(F)F)N2C(=O)C1CCC1,0,0.325407,0.448157,0.333067
Cc1onc(-c2ccccc2Cl)c1C(=O)NC1C(=O)N2C1SC(C)(C)C2C(=O)[O-].[Na+],1,0.999882,0.961283,0.988452
C[C@@H]1CCCCO[C@@H](CN(C)CC2CCCCC2)[C@H](C)CN([C@H](C)CO)C(=O)c2cc(ccc2O1)NC(=O)Nc1ccc2c(c1)OCO2,0,0.031979,0.017181,0.003670
COc1cccc(c1)NC(=O)N1C[C@@H](O)COC[C@H]2O[C@H](CC[C@@H]21)CC(=O)NCCCN1CCOCC1,0,0.224640,0.082523,0.041451
CN1C(=O)N(CC(=O)N)C(=O)c2c1nc(n2C)-n1nc(c(c1C)C)C,0,0.759963,0.107722,0.063926
O=C(O)CC[N+](=O)[O-],0,0.175603,0.149032,0.077011
OC(=O)c1ccc2ccccc2c1,0,0.373266,0.046385,0.047464
CO[C@@H]1CN(C)C(=O)c2cc(ccc2OC[C@H](C)N(C[C@H]1C)C(=O)CN(C)C)NS(=O)(=O)C,0,0.035607,0.079369,0.003942
C[C@H]1CN([C@H](C)CO)C(=O)c2cc(cnc2O[C@@H]1CN(C)Cc1ccc2c(c1)OCO2)C#CCN(C)C,0,0.025069,0.017670,0.003101
C[C@H]1CCCCO[C@H](CN(C)C(=O)Cc2ccccc2)[C@H](C)CN([C@@H](C)CO)C(=O)c2cc(ccc2O1)NC(=O)Cc1ccccc1,0,0.000669,0.016645,0.002600
CCS(=O)(=O)N[C@H]1CC[C@@H](CC(=O)NCc2ccccn2)O[C@H]1CO,0,0.005834,0.017604,0.004779
COc1ccc(cc1)NC(=O)Nc1ccc2c(c1)C(=O)N(C[C@H](C)[C@@H](CN(C)Cc1ccccc1)OCCCC[C@@H](C)O2)[C@@H](C)CO,0,0.011146,0.017156,0.001884
CC(C)(C)[C@H]1COC(=O)[C@H](CC=CC[C@@H](CC(=O)N[C@H](CO)Cc2ccccc2)C(=O)N1)NC(=O)OCC1c2ccccc2-c2ccccc21,0,0.000889,0.036026,0.008826
C[C@H]1CN([C@H](C)CO)C(=O)Cc2cc(ccc2O[C@H]1CN(C)Cc1ccc(cc1)-c1ccccc1)NS(=O)(=O)c1ccccc1,0,0.003380,0.019102,0.003892
C[C@@H]1CCCCO[C@H](CN(C)C(=O)NC2CCCCC2)[C@H](C)CN([C@H](C)CO)C(=O)c2cc(ccc2O1)NC(=O)NC1CCCCC1,0,0.014428,0.016859,0.003692
CN(C)CC(=O)N[C@@H]1C=C[C@@H](CC(=O)NCCN2CCCCC2)O[C@@H]1CO,0,0.168563,0.025322,0.009577
C[C@@H]1CN([C@H](C)CO)C(=O)c2cccc(c2O[C@@H]1CN(C)C(=O)Nc1cccc2ccccc12)NS(=O)(=O)c1ccc(cc1)C,0,0.014201,0.023267,0.003369
Cc1ccc(cc1)S(=O)(=O)N[C@@H]1CC[C@@H](CCNC(=O)CN2CCOCC2)O[C@H]1CO,0,0.005973,0.018551,0.006320
NS(=O)(=O)c1ccc(cc1)CCN1C=CN(CC(=O)NCCC2=CCCCC2)C(=O)C1=O,0,0.003080,0.084490,0.048916
COc1ccc(cc1)NC(=O)N(C)C[C@H]1OCCCC[C@@H](C)Oc2ccc(cc2C(=O)N(C[C@H]1C)[C@H](C)CO)NC(=O)Nc1c(noc1C)C,0,0.024226,0.017104,0.002219
CO[C@H]1CN(C)C(=O)c2cc(ccc2OC[C@H](C)N(C[C@@H]1C)C(=O)CN(C)C)NC(=O)c1ccc(cc1)F,0,0.076760,0.021467,0.007114
C[C@H]1CCCCO[C@@H](CN(C)S(=O)(=O)c2ccc(cc2)C)[C@H](C)CN([C@H](C)CO)C(=O)c2cc(ccc2O1)NS(=O)(=O)c1ccc(cc1)Cl,0,0.003948,0.017806,0.002260
Cc1ccc(cc1)S[C@@]1(CC(=O)N(Cc2ccccc2C(F)(F)F)[C@@H]1c1ccc(cc1)CO)C(=O)NCc1ccccc1,0,0.930909,0.159506,0.107212
[O-][n+]1cccc(CO)c1,0,0.026104,0.115294,0.038842
C[C@H]1CCCCO[C@H](CN(C)S(=O)(=O)c2ccccc2)[C@H](C)CN([C@@H](C)CO)C(=O)c2cc(ccc2O1)NC(=O)Nc1ccc2c(c1)OCO2,0,0.001150,0.017872,0.001868
CC(C)(C)OC(=O)C[C@H]1CC=CC[C@H](CC(=O)N[C@@H](CO)Cc2ccccc2)C(=O)N2CCC[C@@H]2COC1=O,0,0.002820,0.042992,0.009035
C[C@@H]1CN([C@H](C)CO)C(=O)c2cc(ccc2O[C@@H]1CN(C)S(=O)(=O)C)N(C)C,0,0.008992,0.018287,0.003319
COc1ccc(cc1)NC(=O)Nc1ccc2c(c1)C(=O)N(C[C@@H](C)[C@@H](CN(C)C(=O)Nc1ccc(cc1)F)OCCCC[C@@H](C)O2)[C@@H](C)CO,0,0.040757,0.016084,0.001893
C[C@H]1CCCCO[C@H](CN(C)S(=O)(=O)c2ccc(cc2)F)[C@@H](C)CN([C@H](C)CO)C(=O)c2cc(ccc2O1)NC(=O)Nc1ccc(cc1)F,0,0.039373,0.017341,0.003166
COCCc1nc2c([nH]1)C(=O)N(C)C(=O)N2C,0,0.313860,0.021261,0.009982
OCc1ccccc1-c1ccccc1,0,0.434829,0.187557,0.062373
C[C@H]1CN([C@@H](C)CO)C(=O)Cc2cc(ccc2O[C@@H]1CN(C)Cc1ccc(cc1)C(F)(F)F)NC(=O)Nc1cccc2ccccc12,0,0.165438,0.018793,0.007048
Cc1ccccc1S(=O)(=O)N1C[C@H](O)COC[C@@H]2O[C@@H](CC[C@H]21)CC(=O)NCCc1ccccc1,0,0.136924,0.031075,0.011326
C[C@@H]1CN([C@H](C)CO)C(=O)c2cc(ccc2O[C@H]1CN(C)S(=O)(=O)c1cn(cn1)C)NC(=O)C1CCCCC1,0,0.010823,0.017985,0.003522
C[C@H]1CN([C@H](C)CO)C(=O)c2cccc(c2O[C@H]1CN(C)S(=O)(=O)c1ccc(cc1)Cl)NC(=O)c1cnccn1,0,0.079345,0.017597,0.003335
OC[C@@H]1O[C@H](CC[C@H]1NS(=O)(=O)c1ccccc1F)CC(=O)NCCCN1CCOCC1,0,0.055741,0.025168,0.010548
C[C@@H]1CN([C@@H](C)CO)C(=O)c2cccc(c2O[C@@H]1CN(C)S(=O)(=O)c1ccc(cc1)F)NS(=O)(=O)c1cccs1,0,0.019754,0.018182,0.004421
CN1[C@@H]2CC[C@@H](CC(=O)NCC(F)(F)F)O[C@H]2COc2ccc(cc2C1=O)NS(=O)(=O)c1ccc(cc1)F,0,0.124530,0.036421,0.008695
COc1ccc(cc1)C[C@H](NC(=O)[C@H](C)NC(=O)CN1CCOCC1)C(=O)N[C@@H](Cc1ccccc1)C(=O)[C@@]1(C)CO1,0,0.105108,0.108216,0.048631
C[C@@H]1CN([C@@H](C)CO)C(=O)Cc2cc(ccc2O[C@@H]1CN(C)C(=O)Nc1ccc(cc1)C(F)(F)F)NC(=O)Nc1cccc2ccccc12,0,0.307845,0.021948,0.009868
CC(C)NC(=O)N(C)C[C@@H]1Oc2c(cccc2C(=O)N(C[C@H]1C)[C@@H](C)CO)NS(=O)(=O)c1ccccc1,0,0.016610,0.032704,0.005351
C[C@@H]1CCCCO[C@H](CN(C)C(=O)Nc2cccc3ccccc23)[C@@H](C)CN([C@H](C)CO)C(=O)c2cc(ccc2O1)NS(=O)(=O)C,0,0.018859,0.018854,0.002110
C[C@H]1CN([C@H](C)CO)C(=O)Cc2cc(ccc2O[C@@H]1CN(C)S(=O)(=O)c1ccc(cc1)F)NC(=O)Cc1ccccc1,0,0.004319,0.021069,0.003719
COc1ccc(cc1)S(=O)(=O)Nc1ccc2c(c1)C(=O)N(C[C@H](C)[C@@H](CN(C)Cc1ccc(cc1)C(=O)O)OCCCC[C@H](C)O2)[C@H](C)CO,0,0.007372,0.024786,0.002155
C[C@@H]1CCCCO[C@@H](CN(C)Cc2ccc(cc2)C(=O)O)[C@@H](C)CN([C@@H](C)CO)C(=O)c2cc(ccc2O1)NC(=O)Nc1c(noc1C)C,0,0.048198,0.024345,0.002531
O=C1C=CC=C2NNC=C12,0,0.666462,0.072755,0.030400
COc1ccc(cc1)C#Cc1cnc2c(c1)C(=O)N(C[C@@H](C)[C@H](CN(C)C(=O)CN(C)C)O2)[C@@H](C)CO,0,0.103559,0.025805,0.006476
C[C@@H]1CN([C@@H](C)CO)C(=O)c2cccc(c2O[C@@H]1CN(C)Cc1ccc(cc1)C(=O)O)NC(=O)C1CCOCC1,0,0.048804,0.051774,0.010489
C[C@@H]1CCCCO[C@H](CN(C)C(=O)Nc2ccc(cc2)F)[C@H](C)CN([C@H](C)CO)C(=O)c2cc(ccc2O1)NC(=O)CCC(F)(F)F,0,0.269614,0.020280,0.010438
C[C@@H]1CN([C@@H](C)CO)C(=O)Cc2cc(ccc2O[C@H]1CN(C)C(=O)NC1CCCCC1)NS(=O)(=O)c1c(noc1C)C,0,0.008120,0.017429,0.003961
C[C@@H]1CCCCO[C@@H](CN(C)S(=O)(=O)c2ccc(cc2)Cl)[C@H](C)CN([C@@H](C)CO)C(=O)c2cc(ccc2O1)NS(=O)(=O)c1ccc(cc1)Cl,0,0.009945,0.018203,0.002737
COc1ccc(cc1)NC(=O)Nc1ccc2c(c1)C(=O)N(C[C@H](C)[C@@H](CN(C)S(=O)(=O)c1ccc(cc1)C)OCCCC[C@H](C)O2)[C@@H](C)CO,0,0.005199,0.017489,0.001681
C[C@H]1CN([C@H](C)CO)C(=O)Cc2cc(ccc2O[C@@H]1CN(C)Cc1ccc(cc1)-c1ccccc1)NC(=O)Nc1ccc(cc1)F,0,0.188363,0.023955,0.005378
O/N=C/C(=O)NCc1ccccn1,0,0.029620,0.067532,0.030525
CO[C@H]1CN(C)C(=O)c2cc(ccc2OC[C@H](C)N(C[C@@H]1C)Cc1cccc(c1)F)NS(=O)(=O)c1cn(cn1)C,0,0.025315,0.018686,0.003181
C[C@H]1CN([C@H](C)CO)C(=O)c2cc(cnc2O[C@H]1CN(C)S(=O)(=O)c1ccc(cc1)C)C#Cc1ccccc1,0,0.011229,0.019309,0.004007
C[C@H]1CN([C@@H](C)CO)C(=O)c2cccc(c2O[C@H]1CN(C)Cc1ccc(cc1)C(=O)O)NC(=O)C1CCOCC1,0,0.048804,0.051774,0.010489
COc1ccc(cc1Cl)Nc1ccc(s1)-c1ccncc1,0,0.844474,0.612078,0.643074
C[C@@H]1CN([C@H](C)CO)C(=O)c2cccc(c2O[C@H]1CN(C)S(=O)(=O)c1ccc(cc1)F)NS(=O)(=O)c1ccc(cc1)F,0,0.035372,0.019200,0.004110
C[C@H]1CCCCO[C@@H](CN(C)C(=O)C2CCCCC2)[C@@H](C)CN([C@H](C)CO)C(=O)c2cc(ccc2O1)NS(=O)(=O)c1cccs1,0,0.003686,0.018318,0.003950
C[C@@H]1CN([C@@H](C)CO)C(=O)c2c(c3ccccc3n2C)-c2ccccc2CO[C@@H]1CN(C)C(=O)N[C@@H](C)c1ccccc1,0,0.020657,0.017142,0.003353
C[C@H](NC(=O)C[C@@H]1O[C@@H](CO)[C@@H](NC(=O)CN2CCOCC2)C=C1)c1ccccc1,0,0.013907,0.023126,0.010858
N#Cc1ccc(nc1)-c1cccs1,0,0.002629,0.137370,0.143781
COc1ccc(cc1)CN(C)C[C@@H]1Oc2ccc(cc2C(=O)N(C[C@@H]1C)[C@@H](C)CO)NC(=O)Nc1ccc(cc1)C(F)(F)F,0,0.560591,0.830024,0.858177
CN(C)[C@H]1[C@@H]2C[C@H]3[C@H](C(=O)c4c(ccc(c4[C@@]3(C)O)Cl)O)C(=O)[C@]2(O)C(=O)[C@H](C(=O)N)C1=O,1,0.996541,0.928913,0.965649
C=CCN1C(=O)NC(=O)/C(=C/c2ccco2)C1=O,0,0.000009,0.099513,0.070718
C[C@@H]1CN([C@H](C)CO)C(=O)c2cc(ccc2O[C@@H]1CN(C)S(=O)(=O)C)NC(=O)Nc1ccccc1,0,0.031505,0.018358,0.003071
C[C@@H]1CN([C@@H](C)CO)S(=O)(=O)c2ccc(cc2O[C@H]1CN(C)C(=O)c1cccc(c1)F)Br,0,0.247930,0.020214,0.005865
C[C@H]1CN([C@H](C)CO)S(=O)(=O)c2ccc(cc2O[C@H]1CN(C)C(=O)c1ccncc1)-c1cccc(c1)C#N,0,0.000093,0.017492,0.001911
C[C@@H]1CN([C@H](C)CO)C(=O)c2cccc(c2O[C@@H]1CN(C)C(=O)Nc1cccc2ccccc12)NC(=O)Nc1cccc2ccccc12,0,0.024975,0.021174,0.005517
C[C@@H]1COS(=O)(=O)N1,0,0.001109,0.051162,0.020758
C[C@H]1CN([C@@H](C)CO)C(=O)c2cccc(c2O[C@@H]1CN(C)CC1CCCCC1)NC(=O)c1ccc(cc1)-c1nccs1,0,0.029736,0.017290,0.002369
C[C@H]1CN([C@@H](C)CO)C(=O)Cc2cc(ccc2O[C@H]1CN(C)C(=O)Nc1ccc(cc1)C(F)(F)F)NS(=O)(=O)c1ccc(cc1)Cl,0,0.185067,0.046482,0.006291
O=C(O)CN(CCN(CC(=O)O)CC(=O)O)CC(=O)O.[Na+].[Na+],0,0.000308,0.098670,0.027263
CN1[C@H]2CC[C@@H](CC(=O)NC3Cc4ccccc4C3)O[C@H]2COc2ccc(cc2C1=O)NC(=O)c1ccc(cc1)C(F)(F)F,0,0.206531,0.138308,0.207171
C[C@H]1CN([C@H](C)CO)C(=O)Cc2cc(ccc2O[C@H]1CN(C)S(=O)(=O)c1cccs1)NC(=O)Nc1cccc2ccccc12,0,0.002333,0.017338,0.002618
C[C@@H]1CCCCO[C@@H](CN(C)CC2CCCCC2)[C@H](C)CN([C@H](C)CO)C(=O)c2cc(ccc2O1)NS(=O)(=O)c1c(noc1C)C,0,0.028944,0.018520,0.004437
C[C@@H]1CN([C@@H](C)CO)C(=O)c2cccc(c2O[C@H]1CN(C)Cc1ccc(cc1)C(=O)Nc1ccccc1N)NS(=O)(=O)c1cn(cn1)C,0,0.017507,0.018235,0.002369
C[C@H]1CCCCO[C@@H](CN(C)S(=O)(=O)c2ccc(cc2)F)[C@@H](C)CN([C@H](C)CO)C(=O)c2cc(ccc2O1)NS(=O)(=O)c1ccc(cc1)C,0,0.004571,0.017398,0.002600
[O-][N+](=O)c1cccc(c1)CN1C=Nc2c(cnn2CCNC(=O)COc2ccc(cc2Cl)Cl)C1=O,0,0.558677,0.508844,0.323442
CC(C)(C)C(=O)CC1(O)CCCCC1,0,0.220968,0.094418,0.040736
COc1ccc(cc1)CN(C)C[C@@H]1OCCCC[C@@H](C)Oc2ccc(cc2C(=O)N(C[C@H]1C)[C@@H](C)CO)NC(=O)Cc1ccccc1,0,0.007678,0.016157,0.003285
C[C@H]1CCCCO[C@H](CN(C)S(=O)(=O)c2ccccc2)[C@@H](C)CN([C@@H](C)CO)C(=O)c2cc(ccc2O1)NC(=O)CCC(F)(F)F,0,0.015256,0.018776,0.002990
OC[C@H]1O[C@H](CC[C@H]1NC(=O)Nc1ccc2c(c1)OCO2)CC(=O)NCCCN1CCOCC1,0,0.042424,0.027399,0.008741
C[C@@H]1CN([C@@H](C)CO)C(=O)CCCn2cc(nn2)CO[C@@H]1CN(C)C(=O)CCCN(C)C,0,0.009141,0.023494,0.005612
C[C@H]1CN([C@H](C)CO)C(=O)c2cc(ccc2O[C@H]1CN(C)Cc1ccc(c(c1)Cl)Cl)NS(=O)(=O)c1ccc(cc1)Cl,0,0.069016,0.024752,0.005340
C[C@H]1CN([C@H](C)CO)C(=O)c2cc(ccc2O[C@@H]1CN(C)C(=O)Nc1ccc2c(c1)OCO2)NC(=O)C1CC1,0,0.004123,0.019270,0.002117
COc1ccc(cc1)-n1c(cc(c1C)CN)C,0,0.572318,0.070414,0.061458
CS(=O)(=O)CC(=O)N1C[C@@H]2CN(CCO[C@@H]2C1)Cc1ccoc1,0,0.005647,0.246664,0.047226
C[C@@H]1CN([C@H](C)CO)C(=O)c2cc(ccc2O[C@H]1CN(C)C(=O)Nc1cccc2ccccc12)NC(=O)Cn1cnnn1,0,0.005477,0.018839,0.003751
OC[C@H]1O[C@H]([C@H](O)[C@@H]1O)n1cnc2c(ncnc12)N[C@H]1CCC[C@@H]1O,0,0.070006,0.204065,0.105991
C[C@@H]1CN([C@H](C)CO)C(=O)c2c(c3ccccc3n2C)-c2ccccc2CO[C@@H]1CN(C)C(=O)N[C@H](C)c1ccccc1,0,0.020657,0.017142,0.003353
C[C@H]1CCCCO[C@@H](CN(C)Cc2ccc(cc2)C(=O)O)[C@H](C)CN([C@H](C)CO)C(=O)c2cc(ccc2O1)NC(=O)CCC(F)(F)F,0,0.214872,0.023716,0.006892
CC[C@@H](N)CN1C(=O)Oc2ccccc21,0,0.870747,0.044823,0.016752
CC(=O)NCCCS(=O)(=O)O,0,0.000137,0.068495,0.029221
C[C@@H]1CN([C@H](C)CO)C(=O)c2cc(ccc2O[C@H]1CN(C)Cc1ccc(cc1)C(F)(F)F)NC(=O)Cc1cn(c2ccccc12)C,0,0.155877,0.019924,0.010749
Cc1c(sc2c1C(=O)N=CN2)C(=O)N,0,0.162983,0.026579,0.015709
COc1ccc(cc1)S(=O)(=O)Nc1ccc2c(c1)C(=O)N(C[C@@H](C)[C@@H](CN(C)Cc1ccccc1)OCCCC[C@H](C)O2)[C@@H](C)CO,0,0.003301,0.018980,0.002541
C[C@@H]1CCCCO[C@@H](CN(C)C(=O)C2CCCCC2)[C@H](C)CN([C@@H](C)CO)C(=O)c2cc(ccc2O1)NS(=O)(=O)c1ccc(cc1)Cl,0,0.009131,0.017537,0.002980
C[C@@H]1CCCCO[C@H](CN(C)C(=O)C2CCCCC2)[C@H](C)CN([C@H](C)CO)C(=O)c2cc(ccc2O1)NC(=O)NC1CCCCC1,0,0.015437,0.016701,0.003208
COc1ccc(cc1)CN(C)C[C@H]1OCCCC[C@H](C)Oc2ccc(cc2C(=O)N(C[C@H]1C)[C@H](C)CO)NS(=O)(=O)c1c(noc1C)C,0,0.007006,0.018528,0.002627
C[C@@H]1CCCCO[C@@H](CN(C)Cc2ccncc2)[C@H](C)CN([C@@H](C)CO)C(=O)c2cc(ccc2O1)NC(=O)Nc1ccc2c(c1)OCO2,0,0.007177,0.016595,0.002160
C[C@@H]1CN([C@H](C)CO)S(=O)(=O)c2ccc(cc2O[C@H]1CN(C)S(=O)(=O)c1ccc(cc1)C)C#Cc1ccccc1,0,0.015134,0.029359,0.005189
CC(C)[C@@H](C(=O)O)n1cnnn1,0,0.033057,0.021954,0.010366
COC(=O)C1CC(OC(C)=O)C(=O)C2C1(C)CCC1C(=O)OC(c3ccoc3)CC12C,0,0.276210,0.338567,0.119801
C[C@H]1CN([C@@H](C)CO)C(=O)c2cc(ccc2O[C@H]1CN(C)C(=O)Nc1cccc2ccccc12)NC(=O)Cc1ccccc1,0,0.006939,0.017473,0.003279
C[C@H]1CCCCO[C@@H](CN(C)S(=O)(=O)c2ccccc2)[C@H](C)CN([C@H](C)CO)C(=O)c2cc(ccc2O1)NC(=O)c1ccccc1,0,0.000396,0.017559,0.001906
COc1ccc(cc1)S(=O)(=O)Nc1ccc2c(c1)C(=O)N(C[C@H](C)[C@H](CN(C)C(=O)Nc1ccccc1)OCCCC[C@@H](C)O2)[C@H](C)CO,0,0.003400,0.017432,0.001840
CN(C)CCN1[C@H]2CN(C[C@@H]2OCC1=O)C(=O)NCc1cccnc1,0,0.045213,0.050976,0.009056
COc1ccc(cc1)S(=O)(=O)N(C)C[C@@H]1Oc2c(cccc2C(=O)N(C[C@@H]1C)[C@@H](C)CO)NC(=O)NC(C)C,0,0.055991,0.018724,0.003327
C[C@H]1CCCCO[C@H](CN(C)C(=O)Nc2ccccc2)[C@H](C)CN([C@@H](C)CO)C(=O)c2cc(ccc2O1)NS(=O)(=O)c1cccs1,0,0.004201,0.017429,0.002057
C[C@H]1CN([C@@H](C)CO)C(=O)Cc2cc(ccc2O[C@H]1CN(C)Cc1ccncc1)NS(=O)(=O)c1cn(cn1)C,0,0.004573,0.017485,0.002025
C[C@@H]1CN([C@@H](C)CO)C(=O)Cc2cc(ccc2O[C@@H]1CN(C)C(=O)Nc1c(noc1C)C)NC(=O)c1ccncc1,0,0.008161,0.017023,0.002401
Nc1ncccc1O,0,0.450062,0.073088,0.040339
C[C@@H]1CCCCO[C@@H](CN(C)Cc2ccccc2)[C@H](C)CN([C@@H](C)CO)C(=O)c2cc(ccc2O1)NC(=O)CCC(F)(F)F,0,0.112314,0.024985,0.011254
CN1[C@H]2CC[C@@H](CC(=O)NCc3ccc4c(c3)OCO4)O[C@@H]2COc2ccc(cc2C1=O)NC(=O)C1CCOCC1,0,0.002319,0.020047,0.007003
CC(C)NC(=O)N(C)C[C@@H]1Oc2c(cccc2C(=O)N(C[C@H]1C)[C@H](C)CO)NS(=O)(=O)c1ccc(cc1)C,0,0.032874,0.023957,0.004811
OC[C@@H]1O[C@H](CC(=O)NCc2ccc(cc2)Oc2ccccc2)C=C[C@H]1NC(=O)c1ccc2c(c1)OCO2,0,0.008095,0.023202,0.006750
ONC(=O)CCCCCNC(=O)OCCCCO[C@@H]1C[C@@H](C=C(O1)C(=O)N1CCN(CC1)Cc1ccc2c(c1)OCO2)c1ccc(cc1)C(F)(F)F,0,0.000041,0.049758,0.025174
COCC(=O)N(C)C[C@@H]1Oc2cc(ccc2S(=O)(=O)N(C[C@@H]1C)[C@H](C)CO)C#C[C@H](C)O,0,0.057680,0.022000,0.004696
COc1ccc(cc1)C#Cc1ccc(cc1)[C@@H]1[C@H](CO)N2CCCCN(C[C@@H]12)S(=O)(=O)c1cn(cn1)C,0,0.192478,0.035772,0.005359
C[C@@H]1CN([C@@H](C)CO)C(=O)Cc2cc(ccc2O[C@@H]1CN(C)S(=O)(=O)c1ccccc1)NS(=O)(=O)c1ccccc1,0,0.000499,0.017770,0.002858
C[C@@H]1CCCCO[C@@H](CN(C)C(=O)Nc2ccc(cc2)C(F)(F)F)[C@@H](C)CN([C@H](C)CO)C(=O)c2cc(ccc2O1)NS(=O)(=O)c1c(noc1C)C,0,0.169393,0.032681,0.019046
COCC(=O)Nc1ccc2c(c1)C(=O)N(C)[C@@H]1CC[C@H](CC(=O)N3CCc4ccccc4C3)O[C@@H]1CO2,0,0.004370,0.020504,0.004657
COC(=O)CCC(=O)CN,0,0.011809,0.061806,0.010041
C[C@H]1CCCCO[C@@H](CN(C)S(=O)(=O)c2ccc(cc2)C)[C@@H](C)CN([C@H](C)CO)C(=O)c2cc(ccc2O1)NC(=O)Nc1c(noc1C)C,0,0.009843,0.018248,0.002218
C[C@@H]1CCCCO[C@@H](CN(C)Cc2ccc(c(c2)Cl)Cl)[C@@H](C)CN([C@@H](C)CO)C(=O)c2cc(ccc2O1)NC(=O)NC1CCCCC1,0,0.152184,0.017938,0.004182
CN(CCO)S(=O)(=O)c1cccc(c1)C(=O)O,0,0.055493,0.039608,0.006242
C[C@H]1CCCCO[C@@H](CN(C)C(=O)Nc2ccc3c(c2)OCO3)[C@@H](C)CN([C@@H](C)CO)C(=O)c2cc(ccc2O1)NC(=O)Nc1ccccc1,0,0.006955,0.016530,0.002187
C[C@@H]1CN([C@H](C)CO)C(=O)Cc2cc(ccc2O[C@H]1CN(C)S(=O)(=O)C)NC(=O)Cn1cnnn1,0,0.001924,0.018598,0.004255
C[C@H]1CCCCO[C@@H](CN(C)CC2CCCCC2)[C@@H](C)CN([C@H](C)CO)C(=O)c2cc(ccc2O1)NC(=O)Nc1c(noc1C)C,0,0.107980,0.017042,0.004644
CCC1(CC)C(=O)NC(=O)NC1=O,0,0.000191,0.076375,0.018916
C[C@@H]1CN([C@@H](C)CO)C(=O)c2cc(cnc2O[C@@H]1CN(C)C(=O)CN(C)C)C#CC(C)(C)O,0,0.037142,0.047857,0.009875
C[C@@H]1CCCCO[C@@H](CN(C)C(=O)c2ccccc2)[C@H](C)CN([C@H](C)CO)C(=O)c2cc(ccc2O1)NC(=O)Cc1ccccc1,0,0.000613,0.017254,0.001993
COc1ccc(cc1)S(=O)(=O)N[C@H]1CC[C@@H](CCNC(=O)CN2CCOCC2)O[C@H]1CO,0,0.004461,0.018756,0.005770
COc1ccc(cc1)S(=O)(=O)Nc1ccc2c(c1)C(=O)N(C[C@H](C)[C@H](CN(C)C(=O)NC1CCCCC1)OCCCC[C@@H](C)O2)[C@H](C)CO,0,0.003745,0.018138,0.002092
NCc1ccccc1CN1CCOCC1,0,0.131008,0.047951,0.020514
C[C@@H]1CCCCO[C@@H](CN(C)C(=O)Nc2ccc3c(c2)OCO3)[C@H](C)CN([C@@H](C)CO)C(=O)c2cc(ccc2O1)NS(=O)(=O)c1ccc(cc1)F,0,0.004558,0.017468,0.002245
Cc1cc(n2nc(nc2n1)N)C,0,0.013721,0.019337,0.008231
COC[C@H]1CN(Cc2cnn(c21)C)C(=O)C1CC1,0,0.017369,0.015253,0.004535
C[C@@H]1CN([C@@H](C)CO)C(=O)Cc2cc(ccc2O[C@H]1CN(C)C(=O)NC1CCCCC1)NC(=O)C1CC1,0,0.021005,0.020499,0.005568
C[C@H]1CCCCO[C@@H](CN(C)C(=O)Cc2ccccc2)[C@@H](C)CN([C@H](C)CO)C(=O)c2cc(ccc2O1)NC(=O)Nc1ccc2c(c1)OCO2,0,0.002222,0.016795,0.002308
CC(C)NC(=O)N(C)C[C@H]1Oc2c(cccc2C(=O)N(C[C@H]1C)[C@H](C)CO)NC(=O)C1CCCCC1,0,0.031182,0.017955,0.006361
C[C@H]1CN([C@@H](C)CO)C(=O)c2cc(ccc2O[C@@H]1CN(C)S(=O)(=O)c1ccc(cc1)F)NS(=O)(=O)c1ccccc1,0,0.006298,0.017641,0.003428
Cc1sc(c(c1C)C#N)/N=C/c1ccc(c(c1)Cl)Cl,0,0.051527,0.542631,0.288814
COCC#Cc1cnc2c(c1)C(=O)N(C[C@@H](C)[C@H](CN(C)S(=O)(=O)c1cccc(c1)OC)O2)[C@H](C)CO,0,0.021811,0.019698,0.002929
COCC#Cc1cnc2c(c1)C(=O)N(C[C@@H](C)[C@@H](CN(C)C(=O)c1cnccn1)O2)[C@H](C)CO,0,0.073840,0.019162,0.004299
N[C@H]1C[C@H]1c1ccccc1,0,0.032259,0.143376,0.079747
C[C@H]1CCCCO[C@H](CN(C)Cc2ccncc2)[C@H](C)CN([C@@H](C)CO)C(=O)c2cc(ccc2O1)NS(=O)(=O)C,0,0.016368,0.017728,0.002381
CC(C)C#Cc1ccc2c(c1)O[C@H](CN(C)C(=O)c1cccc(c1)F)[C@H](C)CN([C@H](C)CO)S2(=O)=O,0,0.120442,0.023781,0.005131
Cc1cc(ncn1)NC1CCCCC1,0,0.148151,0.097110,0.055882
O=S(=O)(C1CCCCC1)C1CNC1,0,0.026411,0.078253,0.021659
C[C@H]1CN([C@H](C)CO)C(=O)c2cc(cnc2O[C@H]1CN(C)S(=O)(=O)c1ccc(cc1)F)Br,0,0.108089,0.020957,0.005484
Cc1cnc(c[n+]1[O-])C(=O)O,0,0.007764,0.063440,0.013140
C[C@H]1CN([C@H](C)CO)C(=O)c2c(c3ccccc3n2C)-c2ccccc2CO[C@@H]1CN(C)C(=O)c1ccc(cc1)F,0,0.037123,0.016536,0.005258
O=C(OCC(O)CO)c1ccccc1Nc1ccnc2cc(Cl)ccc12,0,0.584780,0.528799,0.313947
C[C@@H]1CN([C@@H](C)CO)C(=O)Cc2cc(ccc2O[C@H]1CN(C)S(=O)(=O)c1c(noc1C)C)NS(=O)(=O)c1ccc(cc1)F,0,0.009253,0.017638,0.002988
COc1ccccc1-c1ccc2c(c1)O[C@H](CN(C)C(=O)c1ccncc1)[C@H](C)CN([C@H](C)CO)S2(=O)=O,0,0.020424,0.018296,0.001996
C[C@@H]1CN([C@@H](C)CO)C(=O)c2cccc(c2O[C@H]1CN(C)Cc1ccc2c(c1)OCO2)NC(=O)c1cnccn1,0,0.020685,0.019796,0.003511
C[C@H]1CN([C@H](C)CO)S(=O)(=O)c2ccc(cc2O[C@@H]1CN(C)Cc1cncnc1)C1=CCCCC1,0,0.049508,0.025929,0.006062
NCCc1nc(no1)-c1ccncc1,0,0.156128,0.043139,0.028543
COc1ccc(cc1)NC(=O)N(C)C[C@@H]1OCCCC[C@@H](C)Oc2ccc(cc2C(=O)N(C[C@@H]1C)[C@H](C)CO)NS(=O)(=O)c1ccc(cc1)OC,0,0.002849,0.017773,0.001821
C[C@@H]1CN([C@@H](C)CO)C(=O)c2cc(ccc2O[C@@H]1CN(C)C(=O)Nc1ccc(cc1)C(F)(F)F)NC(=O)Nc1ccc(cc1)C(F)(F)F,0,0.950810,0.126024,0.032637
Cc1ccccc1OC(=O)c1sc2ccccc2c1Cl,0,0.619185,0.367867,0.299255
COc1ccc(cc1)C#Cc1ccc2c(c1)O[C@@H](CN(C)C(=O)CN1CCOCC1)[C@H](C)CN([C@@H](C)CO)S2(=O)=O,0,0.012907,0.018073,0.003366
CN1CC(O)C2=CC(=NNC(N)=O)C(=O)C=C21,0,0.896216,0.121708,0.055589
C[C@@H]1CCCCO[C@H](CN(C)C(=O)Nc2ccccc2)[C@H](C)CN([C@@H](C)CO)C(=O)c2cc(ccc2O1)NS(=O)(=O)c1ccccc1,0,0.002063,0.017559,0.001913
COc1ccc2c3c(n(c2c1)C)[C@@H](CO)N(Cc1cc(cc(c1)OC)OC)C[C@]13CCN(CC1)C(=O)CN1CCOCC1,0,0.113051,0.056551,0.012875
COC[C@@H]1CN(N1)C(=O)[C@H]1CCCN1C,0,0.174563,0.016408,0.003113
C[C@H]1CN([C@H](C)CO)C(=O)c2cccc(c2O[C@H]1CN(C)C(=O)Nc1cccc2ccccc12)NS(=O)(=O)c1ccc(cc1)Cl,0,0.029533,0.020903,0.004107
O[C@H]1CN[C@H]2CC[C@@H](CC(=O)NCCN3CCCC3)O[C@@H]2COC1,0,0.444007,0.024165,0.010728
Nc1ncccc1-c1nc2ccc(nc2n1-c1ccc(cc1)C1(N)CCC1)-c1ccccc1,0,0.924800,0.524190,0.396778
CCCN(C)C[C@@H]1OCCCC[C@H](C)Oc2ccc(cc2C(=O)N(C[C@@H]1C)[C@H](C)CO)NC(=O)Nc1ccc(cc1)C(F)(F)F,0,0.661252,0.719979,0.901222
CCS(=O)(=O)N1CC[C@]2(CC1)CN(Cc1ccc3c(c1)OCO3)[C@@H](CO)c1c2c2ccc(cc2n1C)OC,0,0.013868,0.025938,0.006348
C[C@@H]1CCCCO[C@@H](CN(C)C(=O)Nc2cccc3ccccc23)[C@H](C)CN([C@@H](C)CO)C(=O)c2cc(ccc2O1)NC(=O)CCC(F)(F)F,0,0.119459,0.014453,0.006469
CC1=CC=CN2C(=O)C(=CN=C21)c1nn[nH]n1,0,0.048730,0.074428,0.064815
COc1cccc(c1)S(=O)(=O)Nc1ccc2c(c1)[C@@H]1C[C@@H](CC(=O)NC3CCCCC3)O[C@H](CO)[C@@H]1O2,0,0.010556,0.018282,0.006322
C[C@@H](O)C#Cc1ccc2c(c1)O[C@@H](CN(C)C)[C@@H](C)CN([C@H](C)CO)S2(=O)=O,0,0.067300,0.019270,0.004072
C[C@H]1CN([C@H](C)CO)C(=O)Cc2cc(ccc2O[C@H]1CN(C)S(=O)(=O)c1cn(cn1)C)NC(=O)C1CC1,0,0.004615,0.018716,0.002584
C[C@H]1CCCCO[C@H](CN(C)C(=O)Nc2ccc(cc2)F)[C@@H](C)CN([C@@H](C)CO)C(=O)c2cc(ccc2O1)NC(=O)C1CCCCC1,0,0.058196,0.019207,0.003694
N[C@@H](CC(=O)N1CCn2c(nnc2C(F)(F)F)C1)Cc1cc(c(cc1F)F)F,0,0.944950,0.315284,0.276622
OC[C@@H](Cc1ccccc1)NC(=O)C[C@H](CC=C)C(=O)N[C@H](COC(=O)[C@H](CCC=C)Cc1ccc(cc1)F)Cc1c[nH]c2ccccc12,0,0.034853,0.062255,0.013872
C[C@@H]1CN([C@H](C)CO)C(=O)CCCn2cc(nn2)CO[C@H]1CN(C)C(=O)CCCN(C)C,0,0.009141,0.023494,0.005612
C[C@H]1CN([C@H](C)CO)C(=O)c2cc(ccc2O[C@H]1CN(C)S(=O)(=O)C)NC(=O)Cc1cn(c2ccccc12)C,0,0.007952,0.018402,0.002285
C[C@@H]1CN([C@@H](C)CO)C(=O)c2cccc(c2O[C@@H]1CN(C)Cc1ccc(cc1)-c1ccccc1)NC(=O)Nc1ccc2c(c1)OCO2,0,0.018809,0.017879,0.004079
C[C@@H]1CN([C@H](C)CO)C(=O)CCCn2nncc2CO[C@@H]1CN(C)S(=O)(=O)c1ccc(cc1)C#N,0,0.000038,0.020133,0.003625
CCOC(=O)/C(=N/O)C1=NNC(=N)SC1,0,0.739515,0.072181,0.018720
CN1C(=O)NC(=O)c2c1nc(n2CCC#N)N1CCN(CCO)CC1,0,0.028280,0.067935,0.015905
C[C@H]1CN([C@H](C)CO)C(=O)Cc2cc(ccc2O[C@H]1CN(C)S(=O)(=O)c1ccc(cc1)C)NS(=O)(=O)c1cccs1,0,0.001528,0.017475,0.002533
C[C@H]1CCCCO[C@H](CN(C)C(=O)Nc2ccc(cc2)F)[C@@H](C)CN([C@H](C)CO)C(=O)c2cc(ccc2O1)NC(=O)CCCN(C)C,0,0.033770,0.017001,0.002126
C[C@@H]1CCCCO[C@H](CN(C)Cc2ccc(cc2)C(=O)Nc2ccccc2N)[C@@H](C)CN([C@@H](C)CO)C(=O)c2cc(ccc2O1)NS(=O)(=O)c1ccc(cc1)C,0,0.002676,0.019595,0.001609
C[C@@H]1CN([C@@H](C)CO)C(=O)c2cc(ccc2O[C@@H]1CN(C)S(=O)(=O)C)NC(=O)Cn1cnnn1,0,0.006630,0.017682,0.003625
COc1ccc(cc1)NC(=O)N(C)C[C@@H]1Oc2ccc(cc2C(=O)N(C[C@H]1C)[C@H](C)CO)NS(=O)(=O)c1c(noc1C)C,0,0.023087,0.017731,0.002788
CC(C)(C)OC(=O)N[C@H]1CCC(=O)NC1=O,0,0.000001,0.025707,0.014789
C[C@@H]1CCCCO[C@H](CN(C)S(=O)(=O)C)[C@@H](C)CN([C@@H](C)CO)C(=O)c2cc(ccc2O1)NS(=O)(=O)c1cn(cn1)C,0,0.010835,0.017806,0.002666
C[C@H]1CN([C@H](C)CO)C(=O)c2cccc(c2O[C@@H]1CN(C)Cc1ccc(cc1)Oc1ccccc1)NC(=O)c1nc2ccccc2s1,0,0.001310,0.018462,0.004210
CO[C@H]1CN(C)C(=O)c2ccc(cc2OC[C@H](C)N(C[C@@H]1C)C(=O)C1CCCCC1)NS(=O)(=O)C,0,0.008257,0.020046,0.003647
COc1ccc(cc1)NC(=O)Nc1cccc2c1O[C@@H](CN(C)Cc1ccc(cc1)-c1ccccc1)[C@H](C)CN([C@H](C)CO)C2=O,0,0.085707,0.017580,0.003138
COCC(=O)N(C)C[C@H]1Oc2cc(ccc2S(=O)(=O)N(C[C@@H]1C)[C@@H](C)CO)C#Cc1ccccc1,0,0.052332,0.031813,0.005783
COCC#Cc1ccc2c(c1)O[C@@H](CN(C)C(=O)c1ccccc1F)[C@@H](C)CN([C@@H](C)CO)S2(=O)=O,0,0.129778,0.024058,0.005374
C[C@@H]1CN([C@@H](C)CO)C(=O)c2cccc(c2O[C@@H]1CN(C)S(=O)(=O)C)NS(=O)(=O)c1ccc(cc1)Cl,0,0.032479,0.019077,0.005069
C[C@H]1CCCCO[C@@H](CN(C)S(=O)(=O)c2ccccc2)[C@H](C)CN([C@H](C)CO)C(=O)c2cc(ccc2O1)NC(=O)Nc1ccccc1,0,0.002631,0.017817,0.001998
c1ccc(cc1)-n1ncc2c1ncn1nnnc21,0,0.012972,0.184423,0.090079
NC(=O)NCC#Cc1ccc2c(c1)[C@]1([C@H]([C@H]3N([C@@H]([C@@H](OC3=O)c3ccccc3)c3ccccc3)[C@H]1c1ccccc1OCCO)C(=O)N1CCN(CC1)c1ncccn1)C(=O)N2,0,0.058579,0.037427,0.005635
CC(C)C#Cc1cnc2c(c1)C(=O)N(C[C@@H](C)[C@H](CN(C)C(=O)c1ccc3c(c1)OCO3)O2)[C@@H](C)CO,0,0.010232,0.017431,0.002831
COc1ccc(cc1)CN(C)C[C@H]1OCCCC[C@H](C)Oc2ccc(cc2C(=O)N(C[C@@H]1C)[C@@H](C)CO)NS(=O)(=O)c1ccc(cc1)OC,0,0.003841,0.018055,0.002339
C[C@H]1CN([C@@H](C)CO)C(=O)Cc2cc(ccc2O[C@@H]1CN(C)S(=O)(=O)c1ccc(cc1)C)NS(=O)(=O)C,0,0.008927,0.019343,0.003821
OC[C@@H]1[C@H]2CN3C(=O)C=CC=C3[C@H]2N(CC2CCOCC2)[C@H]1C(=O)NC1CCC1,0,0.055878,0.027168,0.009540
C[C@@H]1CCCCO[C@H](CN(C)S(=O)(=O)c2ccccc2)[C@@H](C)CN([C@H](C)CO)C(=O)c2cc(ccc2O1)NC(=O)Nc1ccc(cc1)C(F)(F)F,0,0.087717,0.026840,0.004828
C[C@@H]1CCCCO[C@H](CN(C)S(=O)(=O)c2ccccc2)[C@@H](C)CN([C@@H](C)CO)C(=O)c2cc(ccc2O1)NC(=O)Nc1ccc(cc1)F,0,0.009875,0.017502,0.001913
C[C@@H]1CCCCO[C@@H](CN(C)C(=O)NC2CCCCC2)[C@H](C)CN([C@@H](C)CO)C(=O)c2cc(ccc2O1)NS(=O)(=O)c1ccc(cc1)Cl,0,0.009651,0.017445,0.002350
C[C@H]1CN([C@@H](C)CO)C(=O)Cc2cc(ccc2O[C@H]1CN(C)Cc1ccc(cc1)C(=O)O)NC(=O)c1ccncc1,0,0.011228,0.029664,0.003566
OC[C@@H]1O[C@H](C[C@@H]2[C@H]1Oc1ccc(cc12)NC(=O)NC1CCCC1)CC(=O)NCc1ccc(cc1)Oc1ccccc1,0,0.074825,0.037280,0.013848
CN(C)/C=N/[C@H]1NC(=O)N(C)C(=N1)C1CC1,0,0.009686,0.039227,0.010978
C[C@@H]1CN([C@@H](C)CO)C(=O)Cc2cc(ccc2O[C@@H]1CN(C)C(=O)Nc1c(noc1C)C)NC(=O)C1CC1,0,0.021781,0.019652,0.003949
CN(C)c1ccnc(n1)CNS(=O)(=O)C,0,0.029852,0.059192,0.006307
C[C@@H]1CN([C@H](C)CO)C(=O)c2cc(ccc2O[C@@H]1CN(C)S(=O)(=O)c1cn(cn1)C)NS(=O)(=O)c1c(noc1C)C,0,0.006688,0.018628,0.003849
C[C@@H]1CCCCO[C@@H](CN(C)C(=O)c2ccccc2)[C@H](C)CN([C@@H](C)CO)C(=O)c2cc(ccc2O1)NC(=O)Nc1ccc(cc1)C(F)(F)F,0,0.142560,0.018226,0.004267
CCCN(CCC)CCc1cccc2c1CC(=O)N2.Cl,0,0.819919,0.296675,0.112818
COc1ccc(cc1)NC(=O)N(C)C[C@H]1Oc2c(cccc2C(=O)N(C[C@@H]1C)[C@H](C)CO)NC(=O)Nc1ccc(cc1)C(F)(F)F,0,0.776820,0.209682,0.068406
C[C@H]1CN([C@@H](C)CO)C(=O)Cc2cc(ccc2O[C@@H]1CN(C)Cc1ccc(c(c1)Cl)Cl)NC(=O)Nc1ccc(cc1)F,0,0.335391,0.044945,0.010512
C[C@H]1CN([C@H](C)CO)C(=O)Cc2cc(ccc2O[C@@H]1CN(C)Cc1ccc2c(c1)OCO2)NC(=O)Nc1ccc(cc1)C(F)(F)F,0,0.137538,0.026266,0.018451
C[C@H]1CN([C@@H](C)CO)S(=O)(=O)c2ccc(cc2O[C@@H]1CN(C)Cc1ccc(cc1)F)C#CC(C)(C)O,0,0.055705,0.022674,0.005101
C[C@@H]1CCCCO[C@H](CN(C)Cc2ccc3c(c2)OCO3)[C@@H](C)CN([C@@H](C)CO)C(=O)c2cc(ccc2O1)NS(=O)(=O)c1ccccc1,0,0.001271,0.017793,0.002100
CC(=CCC[C@@](C)(O)C=C)C,0,0.021456,0.065435,0.031427
C[C@H]1CN([C@H](C)CO)C(=O)c2cccc(c2O[C@@H]1CN(C)S(=O)(=O)c1ccccc1)NC(=O)Nc1c(noc1C)C,0,0.031079,0.017475,0.002975
CN(C)Cc1cn(nn1)CC[C@H]1CC[C@H](N)[C@@H](CO)O1,0,0.560078,0.038307,0.008540
COc1ccc2c3c(n(c2c1)C)[C@H](CO)N(Cc1cc(cc(c1)OC)OC)C[C@]13CN(C1)C(=O)CN1CCOCC1,0,0.041972,0.056794,0.018058
C[C@H]1CN([C@@H](C)CO)C(=O)Cc2cc(ccc2O[C@H]1CN(C)Cc1ccc(cc1)C(F)(F)F)NS(=O)(=O)c1ccc(cc1)Cl,0,0.064054,0.020541,0.003831
C[C@@H]1COC(=O)[C@@H](CC=CC[C@H](CC(=O)N(CCO)Cc2ccccc2)C(=O)N1)Cc1ccc(cc1)F,0,0.008526,0.058006,0.021404
COc1ccc(cc1)NC(=O)Nc1ccc2c(c1)C(=O)N(C[C@H](C)[C@@H](CN(C)S(=O)(=O)c1c(noc1C)C)OCCCC[C@H](C)O2)[C@@H](C)CO,0,0.007570,0.018182,0.002120
OC[C@@H](Cc1ccccc1)NC(=O)C[C@@H](CC=C)C(=O)N[C@@H](COC(=O)[C@@H](CCC=C)Cc1ccc(cc1)F)Cc1ccccc1,0,0.009107,0.042264,0.012384
COC(=O)C1=COC(C)C2CN3CCC4(C(=O)Nc5ccccc54)C3CC12,0,0.105289,0.049234,0.012590
COCC(=O)N(C)C[C@H]1Oc2cc(ccc2S(=O)(=O)N(C[C@H]1C)[C@@H](C)CO)-c1ccc(cc1)OC,0,0.081654,0.028164,0.007339
C[C@H]1CN([C@H](C)CO)C(=O)c2cc(cnc2O[C@H]1CN(C)S(=O)(=O)c1cccc(c1)F)C#CC(C)(C)O,0,0.025667,0.087805,0.006366
CCOc1nc(nc(n1)N1CCOCC1)N1CCOCC1,0,0.055667,0.061386,0.014093
COCC(=O)N(C)C[C@@H]1Oc2cc(ccc2S(=O)(=O)N(C[C@H]1C)[C@@H](C)CO)-c1ccc(cc1)C#N,0,0.000374,0.023980,0.003983
C[C@@H]1O[C@@H](O)[C@H](O)[C@H](O)[C@H]1O,0,0.000255,0.101543,0.018633
C[C@H]1CN([C@@H](C)CO)C(=O)c2cccc(c2O[C@@H]1CN(C)C(=O)NC1CCCCC1)NC(=O)Nc1ccc(cc1)C(F)(F)F,0,0.813439,0.899901,0.898025
C[C@@H]1CN([C@@H](C)CO)C(=O)c2cccc(c2O[C@H]1CN(C)C(=O)Nc1cccc2ccccc12)NC(=O)C1CCCCC1,0,0.026138,0.021918,0.006365
Cc1nc(cs1)-c1cccc(c1)F,0,0.449997,0.057195,0.042538
OC[C@@H]1O[C@@H](CC[C@@H]1NC(=O)CN1CCOCC1)CC(=O)NCCc1ccccc1,0,0.005862,0.027426,0.009197
C[C@@H]1CCCCO[C@H](CN(C)S(=O)(=O)c2ccc(cc2)Cl)[C@@H](C)CN([C@@H](C)CO)C(=O)c2cc(ccc2O1)NS(=O)(=O)c1ccc(cc1)C,0,0.004278,0.017445,0.002520
OC[C@@H]1O[C@@H](CC[C@H]1NC(=O)Cc1ccccn1)CC(=O)NCCCN1CCOCC1,0,0.007054,0.023426,0.008543
CC(C)NC(=O)N(C)C[C@H]1Oc2ccc(cc2C(=O)N(C[C@H]1C)[C@@H](C)CO)NC(=O)Nc1c(noc1C)C,0,0.047426,0.020216,0.004045
