smiles,label,LogReg_prob,HistGBM_prob,XGB_prob
C[C@@H]1CN([C@@H](C)CO)C(=O)Cc2cc(ccc2O[C@@H]1CN(C)S(=O)(=O)c1cn(cn1)C)NC(=O)c1ccncc1,0,0.002307,0.024232,0.003812
OC[C@@H]1O[C@@H](C[C@H]2[C@@H]1Oc1ccc(cc12)NS(=O)(=O)c1ccccc1)CC(=O)NC1CCCCC1,0,0.001665,0.032370,0.006650
S=C1NC=NN1,0,0.008828,0.140026,0.051582
C[C@@H]1CN([C@H](C)CO)C(=O)Cc2cc(ccc2O[C@@H]1CN(C)Cc1ccc(cc1)C(F)(F)F)NC(=O)Nc1cccc2ccccc12,0,0.133079,0.038212,0.019299
C[C@@H]1CCCCO[C@H](CN(C)S(=O)(=O)c2ccc(cc2)F)[C@@H](C)CN([C@H](C)CO)C(=O)c2cc(ccc2O1)NS(=O)(=O)C,0,0.015129,0.024311,0.006310
COCCOC(=O)N1C(=O)[C@]2([C@@H]([C@@H]3N([C@H]([C@H](OC3=O)c3ccccc3)c3ccccc3)[C@@H]2c2ccccc2OCCO)C(=O)N)c2cc(ccc21)C#Cc1ccc(cc1)OC,0,0.454799,0.041449,0.022063
COc1ccc(c(c1F)C(=O)N1CCN(CCO)[C@@H]2CS(=O)(=O)C[C@@H]21)F,0,0.343095,0.525858,0.323586
C[C@@H]1NC(=O)[C@@H](N)CNC(=O)[C@@H](NC(=O)/C(=C\NC(=O)N)NC(=O)[C@H](CNC(=O)C[C@@H](N)CCCN)NC1=O)[C@H]1CCN=C(N)N1,0,0.256489,0.532034,0.295232
CCCNC(=O)N1C[C@H](O)COC[C@H]2O[C@H](CC[C@@H]21)CC(=O)N1CCN(C)CC1,0,0.608668,0.030636,0.042881
C=C1CC2C(CCC3(C)C(=O)CCC23)C2(C)C=CC(=O)C=C12,0,0.506711,0.196737,0.095319
NCCS,0,0.000000,0.097532,0.025889
C[C@@H]1CN([C@@H](C)CO)C(=O)c2cc(ccc2O[C@@H]1CN(C)S(=O)(=O)c1cn(cn1)C)NS(=O)(=O)c1cccs1,0,0.007000,0.024678,0.005583
C[C@H]1CCCCO[C@H](CN(C)C(=O)c2ccccc2)[C@@H](C)CN([C@H](C)CO)C(=O)c2cc(ccc2O1)NC(=O)Nc1ccc(cc1)C(F)(F)F,0,0.157130,0.021274,0.007000
CCCNC(=O)N1C[C@]2(CCN(CC2)S(=O)(=O)c2ccc(cc2)OC)c2c(n(c3cc(ccc23)OC)C)[C@@H]1CO,0,0.074664,0.030824,0.016004
C[C@@H]1CCCCO[C@H](CN(C)C(=O)Nc2c(noc2C)C)[C@H](C)CN([C@H](C)CO)C(=O)c2cc(ccc2O1)NS(=O)(=O)c1ccc(cc1)Cl,0,0.008694,0.024491,0.004923
C[C@@H]1CN([C@H](C)CO)C(=O)c2cc(ccc2O[C@@H]1CN(C)Cc1ccc(c(c1)Cl)Cl)NC(=O)C1CCCCC1,0,0.101307,0.038480,0.019107
C[C@H]1CN([C@H](C)CO)C(=O)c2cccc(c2O[C@H]1CN(C)C(=O)Nc1cccc2ccccc12)NS(=O)(=O)c1ccc(cc1)C,0,0.007313,0.025312,0.005989
C[C@H]1CCCCO[C@H](CN(C)Cc2ccc(cc2)C(=O)O)[C@@H](C)CN([C@H](C)CO)C(=O)c2cc(ccc2O1)NC(=O)Nc1ccc(cc1)F,0,0.291529,0.031330,0.007860
CCC(=O)Nc1ccc2c(c1)OC[C@H](C)N(C[C@@H](C)[C@H](CN(C)C2=O)OC)C(=O)CN1CCOCC1,0,0.001697,0.024903,0.004406
C[N+](C)(C)CCO.Cn1c(=O)c2[n-]cnc2n(C)c1=O,0,0.973104,0.094124,0.071503
CCC[C@@H]1C[C@H](N(C)C1)C(=O)N[C@@H]([C@@H](C)Cl)[C@H]1O[C@H](SC)[C@H](O)[C@@H](O)[C@H]1O,1,0.082861,0.704701,0.742008
C[C@H]1CN([C@@H](C)CO)C(=O)c2cccc(c2O[C@@H]1CN(C)S(=O)(=O)C)NC(=O)CCCCCC(=O)Nc1ccccc1N,0,0.014831,0.027969,0.005507
C[C@@H]1CN([C@@H](C)CO)C(=O)c2cc(ccc2O[C@@H]1CN(C)C(=O)Nc1ccc(cc1)C(F)(F)F)NC(=O)Nc1ccc(cc1)F,0,0.928925,0.371205,0.301979
COc1ccc(cc1)NC(=O)N(C)C[C@H]1Oc2c(cccc2C(=O)N(C[C@@H]1C)[C@H](C)CO)NC(=O)c1cc(nn1C)C,0,0.043351,0.023596,0.006298
C[C@@H]1CN([C@@H](C)CO)C(=O)c2cccc(c2O[C@H]1CN(C)Cc1ccc(cc1)C(=O)Nc1ccccc1N)NS(=O)(=O)c1cn(cn1)C,0,0.014898,0.026961,0.004490
C[C@@H]1CCCCO[C@H](CN(C)Cc2ccc(cc2)C(=O)Nc2ccccc2N)[C@@H](C)CN([C@H](C)CO)C(=O)c2cc(ccc2O1)NS(=O)(=O)c1c(noc1C)C,0,0.000588,0.037630,0.004009
COc1cccc(c1)S(=O)(=O)N(C)C[C@@H]1Oc2cc(ccc2S(=O)(=O)N(C[C@@H]1C)[C@H](C)CO)C#CCN(C)C,0,0.034198,0.033276,0.005526
C[C@@H]1CN([C@H](C)CO)C(=O)c2cc(ccc2O[C@@H]1CN(C)Cc1ccc(cc1)C(=O)Nc1ccccc1N)NC(=O)CCC(F)(F)F,0,0.117773,0.037771,0.012837
C[C@H]1CN([C@@H](C)CO)C(=O)c2cc(ccc2O[C@H]1CN(C)Cc1ccc(cc1)C(F)(F)F)NC(=O)CCCCCC(=O)Nc1ccccc1N,0,0.098323,0.023038,0.005584
OCc1ccc(cc1)[C@@H]1N(Cc2ccccc2Cl)C(=O)c2ccccc2[C@@]11Cc2ccccc2N(CCN2CCOCC2)C1=O,0,0.019194,0.220027,0.060597
C[C@H]1CN([C@@H](C)CO)C(=O)CCCn2cc(nn2)CO[C@H]1CN(C)S(=O)(=O)c1ccc2ccccc2c1,0,0.009902,0.025742,0.004584
COC(=O)C1=C(C)NC(C)=C(C(=O)OC)C1c1ccccc1[N+](=O)[O-],0,0.000200,0.375389,0.330181
COCC(=O)Nc1ccc2c(c1)OC[C@H](C)N(C[C@@H](C)[C@@H](CN(C)C2=O)OC)C(=O)Cc1ccccn1,0,0.002013,0.023353,0.004695
Cc1ccc(C(=O)C(C)CN2CCCCC2)cc1.Cl,0,0.903069,0.226234,0.128366
NC(=O)N1C[C@@H]2C[C@H]1CN2,0,0.001358,0.028056,0.007826
CN(C)C(=O)CSc1nnc(s1)N,0,0.607569,0.091322,0.061667
C[C@H]1CCCCO[C@@H](CN(C)C(=O)NC2CCCCC2)[C@H](C)CN([C@H](C)CO)C(=O)c2cc(ccc2O1)NC(=O)Nc1ccccc1,0,0.015666,0.023356,0.004148
COC(=O)c1c2oc(c1C(=O)OC)C(=O)N[C@@H](Cc1ccccc1)Cn1cc(nn1)[C@@H](Cc1ccccc1)NC(=O)N[C@@H](CCc1oc(c(c1C(=O)OC)C(=O)OC)C(=O)N[C@@H](Cc1ccccc1)Cn1cc(nn1)[C@@H](Cc1ccccc1)NC(=O)N[C@@H](CC2)COC(=O)NCCCCCC(=O)NO)COC(=O)NCCCCCC(=O)NO,0,0.000000,0.211480,0.027619
C[C@@H]1CN([C@H](C)CO)C(=O)Cc2cc(ccc2O[C@@H]1CN(C)S(=O)(=O)c1ccc(cc1)Cl)NC(=O)Cn1cnnn1,0,0.017031,0.028641,0.006527
COc1cccc(c1)S(=O)(=O)N(C)C[C@@H]1Oc2ncc(cc2C(=O)N(C[C@@H]1C)[C@H](C)CO)-c1cccc(c1)F,0,0.009469,0.024378,0.004420
C[C@H]1CN([C@H](C)CO)C(=O)c2c(c3ccccc3n2C)-c2ccccc2CO[C@@H]1CN(C)Cc1ccccc1,0,0.127002,0.042993,0.030033
C1CCN(CC1)C1(CCCCC1)c1cc2ccccc2s1,0,0.855446,0.407097,0.385662
C[C@H]1CN([C@H](C)CO)C(=O)c2cc(ccc2O[C@@H]1CN(C)Cc1ccc2c(c1)OCO2)NC(=O)CCN1CCOCC1,0,0.002148,0.025600,0.005360
CC(C)NC(=O)N(C)C[C@@H]1Oc2ccc(cc2CC(=O)N(C[C@@H]1C)[C@H](C)CO)NC(=O)CCC(F)(F)F,0,0.143851,0.225253,0.086976
CO[C@@H]1CN(C)C(=O)c2cc(ccc2OC[C@H](C)N(C[C@H]1C)Cc1ccccc1C(=O)O)NC(=O)Nc1ccccc1F,0,0.568404,0.060910,0.037203
C[C@H]1CN([C@H](C)CO)C(=O)c2cccc(c2O[C@@H]1CN(C)S(=O)(=O)c1ccc(cc1)Cl)NC(=O)C1CCOCC1,0,0.045679,0.024648,0.006462
Cn1c(ncc1[N+](=O)[O-])COC(=O)N,0,0.994248,0.300975,0.191579
CO[C@@H](CN(C)C(=O)c1ccccc1F)[C@@H](C)CN([C@@H](C)CO)S(=O)(=O)c1ccc(cc1)Cl,0,0.194716,0.061784,0.020598
C[C@@H](CS(=O)(=O)c1ccc(cc1S(=O)(=O)C[C@@H](C)N1CCOCC1)C)N1CCOCC1,0,0.007550,0.438652,0.203951
OCCCCO[C@@H]1C[C@@H](C=C(O1)C(=O)N1CCN(CC1)Cc1ccc2c(c1)OCO2)C1=COc2ccccc2C1=O,0,0.001640,0.065550,0.012122
O[C@@H]1COC[C@@H]2O[C@@H](CC[C@H]2N(C1)S(=O)(=O)c1ccc(cc1)F)CC(=O)NCCN1CCCCC1,0,0.548010,0.066812,0.020468
O[C@@H]1COC[C@@H]2O[C@@H](CC[C@H]2N(C1)Cc1cc(ccc1F)F)CC(=O)N[C@H]1CCN(C1)Cc1ccccc1,0,0.657706,0.069187,0.064763
CC1=NNC(=NC1=O)NN1CCOCC1,0,0.346870,0.026631,0.012882
C[C@@H]1CCCCO[C@H](CN(C)Cc2ccc(cc2)C(F)(F)F)[C@@H](C)CN([C@H](C)CO)C(=O)c2cc(ccc2O1)NC(=O)Cc1ccccc1,0,0.074117,0.031578,0.011512
CCc1ccc(cc1)Nc1c2c(nc3ccccc13)CCCC2,0,0.627120,0.390433,0.395904
C[C@H]1CN([C@H](C)CO)C(=O)CCCn2nncc2CO[C@@H]1CN(C)C(=O)Nc1ccc(cc1)C(C)(C)C,0,0.227440,0.047158,0.024754
C[C@@H]1CN([C@H](C)CO)C(=O)c2ccccc2-c2ccccc2CO[C@@H]1CN(C)C(=O)N[C@H](C)c1ccccc1,0,0.026987,0.043953,0.020733
COc1ccc(cc1)-c1ccc2c(c1)O[C@H](CN(C)CC1CCOCC1)[C@@H](C)CN([C@H](C)CO)S2(=O)=O,0,0.091264,0.058356,0.008951
C[C@@H]1CCCCO[C@H](CN(C)Cc2ccc(c(c2)Cl)Cl)[C@H](C)CN([C@@H](C)CO)C(=O)c2cc(ccc2O1)NS(=O)(=O)c1ccc(cc1)F,0,0.020477,0.024972,0.006093
C[C@@H]1CCCCO[C@@H](CN(C)C(=O)NC2CCCCC2)[C@H](C)CN([C@@H](C)CO)C(=O)c2cc(ccc2O1)NC(=O)Nc1ccccc1,0,0.015666,0.023356,0.004148
C[C@H]1CCCCO[C@@H](CN(C)S(=O)(=O)c2ccccc2F)[C@H](C)CN([C@@H](C)CO)C(=O)c2cc(ccc2O1)NC(=O)Nc1ccccc1,0,0.012704,0.026170,0.004156
Fc1cc(c2nc(sc2c1)N(Cc1cccnc1)C(=O)c1ccc(cc1)S(=O)(=O)N1CCCCCC1)F,0,0.040532,0.054287,0.037249
CCC1C=C2C(=O)OC(=O)C2CC2=C(C(=O)OC2=O)C(OC(C)=O)C1CC,0,0.892578,0.436777,0.449271
C[C@H]1CN([C@H](C)CO)C(=O)c2cc(ccc2O[C@@H]1CN(C)S(=O)(=O)c1c(noc1C)C)NC(=O)c1ccncc1,0,0.003638,0.024253,0.004301
C[C@@H]1CN([C@@H](C)CO)C(=O)c2cc(ccc2O[C@@H]1CN(C)Cc1ccncc1)NS(=O)(=O)c1cn(cn1)C,0,0.010837,0.024578,0.003541
COc1ccc(cc1)CN(C)C[C@H]1OCCCC[C@H](C)Oc2ccc(cc2C(=O)N(C[C@@H]1C)[C@@H](C)CO)NC(=O)Nc1ccc(cc1)OC,0,0.022310,0.023745,0.005158
OC[C@@H]1O[C@H](CC(=O)NCCN2CCCC2)C=C[C@H]1NC(=O)c1cccc(c1)F,0,0.208135,0.034501,0.034301
C[C@@H]1CN([C@H](C)CO)C(=O)Cc2cc(ccc2O[C@@H]1CN(C)Cc1ccc(c(c1)Cl)Cl)NC(=O)Cc1cn(c2ccccc12)C,0,0.079211,0.041111,0.005268
CC(C)(C)C1CCC(CC1)OC[C@@H](O)CN1CCC(CC1)CN1C(=O)c2cccc3cccc(c23)C1=O,1,0.162494,0.430487,0.328278
C[C@@H](CCO)Nc1nc2c([nH]1)C(=O)N(C)C(=O)N2C,0,0.655800,0.046333,0.070851
C[C@@H]1CN([C@@H](C)CO)C(=O)c2cc(ccc2O[C@H]1CN(C)C(=O)NC1CCCCC1)NC(=O)Nc1cccc2ccccc12,0,0.018476,0.023666,0.006884
Nc1ncnc2n(cnc12)[C@@H]1O[C@H](CO)[C@@H](O)[C@@H]1O,0,0.074905,0.087410,0.047225
C[C@@H]1CCCCO[C@H](CN(C)Cc2ccc(c(c2)Cl)Cl)[C@@H](C)CN([C@H](C)CO)C(=O)c2cc(ccc2O1)NC(=O)c1ccccc1,0,0.017236,0.030626,0.006080
CC(C)C#Cc1ccc2c(c1)O[C@@H](CN(C)S(=O)(=O)c1cn(cn1)C)[C@@H](C)CN([C@@H](C)CO)S2(=O)=O,0,0.049468,0.024943,0.004204
C[C@H]1CN([C@@H](C)CO)S(=O)(=O)c2ccc(cc2O[C@H]1CN(C)C(=O)C1CCCCC1)C#CC1CC1,0,0.038635,0.034707,0.010800
CC(C)NC(=O)Nc1ccc2c(c1)C(=O)N(C[C@@H](C)[C@@H](CN(C)Cc1ccc(cc1)C(F)(F)F)OCCCC[C@@H](C)O2)[C@H](C)CO,0,0.240856,0.034523,0.026517
CC(C)NC(=O)N(C)C[C@H]1OCc2cn(nn2)CCCC(=O)N(C[C@H]1C)[C@@H](C)CO,0,0.028596,0.028051,0.007894
COCCOC(=O)N1C(=O)[C@]2([C@@H]([C@@H]3N([C@H]([C@H](OC3=O)c3ccccc3)c3ccccc3)[C@@H]2c2ccc(cc2)OCCO)C(=O)N2CCCCCCC2)c2cc(ccc21)C#CC1(O)CCCCCC1,0,0.024454,0.031068,0.012073
CCCCC/C=C\C/C=C\C/C=C\C/C=C\CCCC(=O)O,0,0.001784,0.128154,0.129071
CCOC(=O)CN(C#N)c1nc(cc(n1)C)C,0,0.005234,0.077184,0.037387
COc1cccc(c1)-c1ccc2c(c1)O[C@H](CN(C)Cc1cncnc1)[C@@H](C)CN([C@@H](C)CO)S2(=O)=O,0,0.016233,0.024348,0.005050
C[C@H]1CN([C@H](C)CO)C(=O)c2cc(ccc2O[C@H]1CN(C)C(=O)Nc1cccc2ccccc12)NS(=O)(=O)c1cccs1,0,0.008333,0.024655,0.003678
C[C@@H]1CN([C@@H](C)CO)C(=O)c2cc(ccc2O[C@H]1CN(C)S(=O)(=O)c1cn(cn1)C)NS(=O)(=O)c1ccc(cc1)F,0,0.006560,0.025993,0.008118
CCOc1cc(nc(n1)N)C,0,0.028814,0.036371,0.018542
CC(C)NCC(O)COc1cccc2ccccc12.Cl,0,0.385159,0.377533,0.329384
C[C@H]1CCCCO[C@H](CN(C)C(=O)Nc2cccc3ccccc23)[C@H](C)CN([C@@H](C)CO)C(=O)c2cc(ccc2O1)NC(=O)Nc1ccc(cc1)C(F)(F)F,0,0.278168,0.032097,0.010409
N=C1NC(=O)CS1,0,0.808730,0.068009,0.027107
CC(C)=CCCC1(C)C=Cc2c(O)c3c(c(CC=C(C)C)c2O1)OC12C(=CC4CC1C(C)(C)OC2(CC=C(C)C(=O)O)C4O)C3=O,0,0.923440,0.428594,0.340353
CC(C)NC(=O)Nc1ccc2c(c1)CC(=O)N(C[C@@H](C)[C@H](CN(C)C(=O)Nc1ccc3c(c1)OCO3)O2)[C@H](C)CO,0,0.022608,0.024581,0.005832
COc1ccc(cc1)S(=O)(=O)N(C)C[C@H]1OCCCC[C@@H](C)Oc2ccc(cc2C(=O)N(C[C@@H]1C)[C@H](C)CO)NC(=O)CCCCCC(=O)Nc1ccccc1N,0,0.001222,0.037019,0.004194
C[C@H]1CN([C@H](C)CO)S(=O)(=O)c2ccc(cc2O[C@@H]1CN(C)C(=O)Nc1ccccc1)C#CC1(O)CCCC1,0,0.037211,0.025273,0.006296
C[C@H]1CCCCO[C@H](CN(C)C(=O)Nc2c(noc2C)C)[C@@H](C)CN([C@@H](C)CO)C(=O)c2cc(ccc2O1)NC(=O)C1CCCCC1,0,0.023967,0.024834,0.005606
CC(=O)NCC(=O)N1C[C@H](Cn2ccnc2C1)Cn1nc(nc1C)C,0,0.011108,0.088277,0.049028
C[C@H]1CCCCO[C@@H](CN(C)S(=O)(=O)c2ccc(cc2)Cl)[C@H](C)CN([C@H](C)CO)C(=O)c2cc(ccc2O1)NC(=O)NC1CCCCC1,0,0.015992,0.025118,0.005336
CC(C)NC(=O)N(C)C[C@@H]1OCc2cn(nn2)CCCC(=O)N(C[C@H]1C)[C@H](C)CO,0,0.028596,0.028051,0.007894
O[C@@H]1COC[C@@H]2O[C@H](CC[C@H]2N(C1)S(=O)(=O)c1ccc(cc1)Cl)CC(=O)NCCN1CCCC1,0,0.531327,0.101770,0.039858
C[C@@H]1CN([C@H](C)CO)C(=O)c2cc(cnc2O[C@@H]1CN(C)C(=O)CN(C)C)-c1ccc(cc1)C(=O)N(C)C,0,0.029720,0.025158,0.011604
C[C@H]1CN([C@H](C)CO)C(=O)c2cc(ccc2O[C@@H]1CN(C)Cc1ccc(c(c1)Cl)Cl)NC(=O)Nc1ccc2c(c1)OCO2,0,0.078909,0.054345,0.010708
OCC(CO)N[C@H]1C[C@](O)(CO)[C@@H](O)[C@H](O)[C@H]1O,0,0.006088,0.052026,0.039895
C[C@H]1CN([C@H](C)CO)C(=O)c2cccc(c2O[C@@H]1CN(C)C(=O)Nc1ccc(cc1)C(F)(F)F)NC(=O)CCCCCC(=O)Nc1ccccc1N,0,0.719239,0.155145,0.044834
OC(=O)CN1CCCCC1=O,0,0.009953,0.034750,0.012434
O=C(O)CC[N+](=O)[O-],0,0.233422,0.204045,0.083672
COc1cccc(c1)-c1ccc2c(c1)O[C@H](CN(C)Cc1cncnc1)[C@H](C)CN([C@H](C)CO)S2(=O)=O,0,0.016233,0.024348,0.005050
C#CC1(OC(C)=O)CCC2C3CCC4=CC(OC(C)=O)CCC4C3CCC21C,0,0.013561,0.273380,0.114014
CN(C)CCCNC(=O)C[C@@H]1O[C@@H](CO)[C@@H](NC(=O)Nc2c(noc2C)C)C=C1,0,0.333260,0.046971,0.025149
C[C@H]1CN([C@@H](C)CO)C(=O)c2cc(ccc2O[C@@H]1CN(C)Cc1ccc(cc1)Oc1ccccc1)NC(=O)Cc1cn(c2ccccc12)C,0,0.005128,0.024452,0.005936
COc1c(cnc2c1C(=O)N(CC#N)C(=O)N2C)C,0,0.058927,0.214849,0.291788
C[C@@H]1CN([C@@H](C)CO)C(=O)c2cc(ccc2O[C@@H]1CN(C)C(=O)Nc1cccc2ccccc12)NS(=O)(=O)c1ccc(cc1)F,0,0.008870,0.024935,0.005441
C[C@@H]1CN([C@@H](C)CO)C(=O)c2cc(ccc2O[C@H]1CN(C)Cc1ccc(cc1)Oc1ccccc1)NC(=O)CCCN(C)C,0,0.010201,0.034632,0.010337
C[C@@H]1CCCCO[C@H](CN(C)C(=O)c2ccccc2)[C@H](C)CN([C@@H](C)CO)C(=O)c2cc(ccc2O1)NC(=O)CCC(F)(F)F,0,0.034500,0.027323,0.008611
C[C@H]1CCCCO[C@H](CN(C)C(=O)Nc2ccc3c(c2)OCO3)[C@@H](C)CN([C@@H](C)CO)C(=O)c2cc(ccc2O1)NC(=O)CCC(F)(F)F,0,0.076709,0.031724,0.016793
COc1oc(c(c1S(=O)(=O)c1ccc(cc1)Cl)-c1ccc(cc1)OCC#C)C(=O)NC1CCCCC1,0,0.070130,0.638279,0.515572
NC(Cc1cc(I)c(O)c(I)c1)C(=O)O.O.O,0,0.027972,0.196216,0.230389
C[C@@H]1CCCCO[C@@H](CN(C)S(=O)(=O)C)[C@@H](C)CN([C@H](C)CO)C(=O)c2cc(ccc2O1)NS(=O)(=O)C,0,0.005723,0.024892,0.005828
C[C@H]1CN([C@H](C)CO)C(=O)c2cccc(c2O[C@H]1CN(C)S(=O)(=O)c1ccc(cc1)F)NC(=O)c1cc(nn1C)C,0,0.042885,0.024780,0.005149
COCCC(=O)N1C[C@H]2CN(C(=O)[C@@H]2C1)c1cnn(c1)C,0,0.007562,0.039700,0.029859
C[C@H]1CCCCO[C@@H](CN(C)S(=O)(=O)c2cn(cn2)C)[C@H](C)CN([C@@H](C)CO)C(=O)c2cc(ccc2O1)NS(=O)(=O)c1ccccc1,0,0.000617,0.024251,0.003740
C[C@@H]1CN([C@H](C)CO)C(=O)c2cc(ccc2O[C@H]1CN(C)S(=O)(=O)c1cn(cn1)C)NC(=O)CCCCCC(=O)Nc1ccccc1N,0,0.007948,0.033634,0.004044
C[C@@H]1CN([C@@H](C)CO)C(=O)c2cc(ccc2O[C@@H]1CN(C)C(=O)Nc1cccc2ccccc12)NS(=O)(=O)c1ccc(cc1)Cl,0,0.013384,0.025193,0.005097
CN(C)C(=O)C[C@@H]1O[C@@H](CO)[C@@H](NC(=O)C2CCOCC2)C=C1,0,0.024584,0.023190,0.013453
C[C@@H]1CCCCO[C@@H](CN(C)C(=O)Nc2c(noc2C)C)[C@H](C)CN([C@H](C)CO)C(=O)c2cc(ccc2O1)NC(=O)Cc1ccccc1,0,0.013112,0.024047,0.004406
CN(C)CC(=O)N[C@H]1CC[C@H](CC(=O)NCCN2CCCCC2)O[C@H]1CO,0,0.193299,0.020588,0.012571
CCCN1C[C@@H](C)[C@@H](CN(C)C(=O)c2ccc(cc2OC[C@@H]1C)NS(=O)(=O)c1cn(cn1)C)OC,0,0.021236,0.023574,0.004490
N=C1NCCC(C2NC(=O)C(=CNC(N)=O)NC(=O)C(CNC(=O)CC(N)CCCN)NC(=O)C(CO)NC(=O)C(N)CNC2=O)N1.O=S(=O)(O)O,0,0.840673,0.601718,0.362123
O=C1CC(=O)N(Cc2ccccc2)C(=O)N1,0,0.000027,0.317583,0.161927
C[C@@H]1CN([C@@H](C)CO)C(=O)c2cccc(c2O[C@@H]1CN(C)C(=O)Nc1ccccc1)NC(=O)c1cc(nn1C)C,0,0.053736,0.026634,0.009372
N#C[C@H]1NCc2cnnn2Cc2ccccc21,0,0.056088,0.118821,0.103708
CC(C)CC#Cc1ccc2c(c1)O[C@@H](CN(C)C(=O)c1ccncc1)[C@H](C)CN([C@H](C)CO)S2(=O)=O,0,0.016783,0.027778,0.004792
C[C@@H]1CCCCO[C@@H](CN(C)Cc2ccc(cc2)C(F)(F)F)[C@@H](C)CN([C@H](C)CO)C(=O)c2cc(ccc2O1)NC(=O)Nc1ccc2c(c1)OCO2,0,0.075334,0.018789,0.005680
C[C@H]1CN([C@H](C)CO)C(=O)c2cc(cnc2O[C@@H]1CN(C)C(=O)Cc1ccccn1)C#CC1CCCC1,0,0.007947,0.023533,0.005156
C[C@H]1CN([C@H](C)CO)C(=O)Cc2cc(ccc2O[C@@H]1CN(C)Cc1ccc2c(c1)OCO2)NS(=O)(=O)c1cn(cn1)C,0,0.003922,0.024357,0.003277
C[C@H]1CN([C@@H](C)CO)C(=O)Cc2cc(ccc2O[C@@H]1CN(C)Cc1ccc(cc1)C(F)(F)F)NC(=O)CCC(F)(F)F,0,0.445509,0.108692,0.039726
C[C@@H]1CCCCO[C@H](CN(C)S(=O)(=O)c2ccc(cc2)F)[C@@H](C)CN([C@@H](C)CO)C(=O)c2cc(ccc2O1)NC(=O)c1ccccc1,0,0.001613,0.024250,0.003766
OC[C@@H]1O[C@H](C[C@@H]2[C@H]1Oc1ccc(cc12)NC(=O)Cc1ccncc1)CC(=O)N1CCc2ccccc2C1,0,0.004295,0.034428,0.016287
CC(C)NC(=O)Nc1ccc2c(c1)C(=O)N(C[C@@H](C)[C@H](CN(C)S(=O)(=O)c1ccc(cc1)Cl)O2)[C@H](C)CO,0,0.070121,0.024413,0.006539
C[C@H]1CN([C@@H](C)CO)C(=O)CCCn2cc(nn2)CO[C@@H]1CN(C)S(=O)(=O)c1c(noc1C)C,0,0.009208,0.026582,0.005460
OCC(O)C(O)C(OC1OC(CO)C(O)C(O)C1O)C(O)CO,0,0.003515,0.084599,0.028481
C[C@@H]1CN([C@@H](C)CO)C(=O)CCCn2cc(nn2)CO[C@H]1CN(C)S(=O)(=O)c1ccc(cc1)Cl,0,0.035266,0.027331,0.007510
Cc1c[nH]cn1,0,0.009627,0.049744,0.015675
C[C@@H]1CN([C@@H](C)CO)C(=O)Cc2cc(ccc2O[C@H]1CN(C)S(=O)(=O)c1cccs1)NC(=O)CCC(F)(F)F,0,0.024679,0.024388,0.012546
COCCN1C(=NN)Nc2ccsc2C1=O,0,0.190372,0.080289,0.060470
CCC(=O)Nc1ccc2c(c1)OC[C@H](C)N(C[C@@H](C)[C@@H](CN(C)C2=O)OC)C(=O)CN1CCOCC1,0,0.001697,0.024903,0.004406
CS(=O)(=O)Nc1ccc2c(c1)[C@H]1C[C@@H](CC(=O)NCc3ccc(cc3)-c3ccccc3)O[C@@H](CO)[C@H]1O2,0,0.036754,0.045157,0.012135
C[C@@H]1CCCCO[C@@H](CN(C)C(=O)C2CCCCC2)[C@H](C)CN([C@@H](C)CO)C(=O)c2cc(ccc2O1)NC(=O)Nc1ccc(cc1)C(F)(F)F,0,0.296652,0.170819,0.090214
COC(=O)c1c2oc(c1C(=O)OC)C(=O)N(C)Cc1cn(nn1)C[C@@H](Cc1ccccc1)NC(=O)N[C@H](CO)CC2,0,0.044823,0.139788,0.103784
COc1ccc(cc1)NC(=O)Nc1ccc2c(c1)C(=O)N(C[C@@H](C)[C@H](CN(C)CC1CC1)OCCCC[C@H](C)O2)[C@H](C)CO,0,0.081816,0.028284,0.006996
C[C@H]1CCCCO[C@@H](CN(C)Cc2ccc(cc2)C(F)(F)F)[C@@H](C)CN([C@H](C)CO)C(=O)c2cc(ccc2O1)NC(=O)Nc1ccccc1,0,0.174164,0.021983,0.006579
CC(=O)OC1CCC2(C)C(CCC3C2CCC2(C)C(C4=CC(=O)OC4)C(OC(C)=O)CC32O)C1,0,0.044016,0.547864,0.404586
COc1ccc(cc1)NC(=O)Nc1ccc2c(c1)C(=O)N(C[C@@H](C)[C@H](CN(C)S(=O)(=O)c1ccc(cc1)F)OCCCC[C@H](C)O2)[C@H](C)CO,0,0.009617,0.024524,0.004261
CO[C@@H]1C[C@@H](CC[C@H]1O)C[C@@H](C)[C@@H]1CC(=O)[C@H](C)/C=C(\C)[C@@H](O)[C@@H](OC)C(=O)[C@H](C)C[C@H](C)/C=C/C=C/C=C(\C)[C@H](C[C@@H]2CC[C@@H](C)[C@@](O)(O2)C(=O)C(=O)N2CCCC[C@H]2C(=O)O1)OC,0,0.365454,0.472449,0.141569
CCOC(=O)[C@H]1CC(=NO1)CC1OCCO1,0,0.004829,0.040293,0.024213
CC(C)NC(=O)N(C)C[C@@H]1Oc2ccc(cc2C(=O)N(C[C@@H]1C)[C@@H](C)CO)NS(=O)(=O)c1ccc(cc1)Cl,0,0.035352,0.025127,0.007502
C[C@@H]1CCCCO[C@@H](CN(C)C(=O)CCC(F)(F)F)[C@@H](C)CN([C@H](C)CO)C(=O)c2cc(ccc2O1)NC(=O)Nc1ccc2c(c1)OCO2,0,0.045765,0.039376,0.013238
C[C@@H]1CN([C@@H](C)CO)C(=O)c2cc(ccc2O[C@H]1CN(C)Cc1ccc(cc1)C(=O)O)NS(=O)(=O)c1c(noc1C)C,0,0.009594,0.028321,0.006276
OC[C@@H]1O[C@H](C[C@@H]2[C@H]1Oc1ccc(cc12)NS(=O)(=O)c1ccc(cc1)F)CC(=O)NCc1cccc(c1)F,0,0.019024,0.038596,0.009852
CCn1nnnc1N,0,0.002937,0.050286,0.016426
C[C@@H]1CN([C@@H](C)CO)C(=O)Cc2cc(ccc2O[C@H]1CN(C)C(=O)NC1CCCCC1)NC(=O)Nc1ccc(cc1)C(F)(F)F,0,0.391711,0.218190,0.170359
CNC(C)C1CCC(N)C(OC2C(N)CC(N)C(OC3OCC(C)(O)C(NC)C3O)C2O)O1.O=S(=O)(O)O,0,0.979309,0.912381,0.920764
NC(=O)c1ccc([N+](=O)[O-])cc1Cl,0,0.864895,0.314271,0.159207
C[C@H]1CN([C@@H](C)CO)C(=O)c2cccc(c2O[C@H]1CN(C)S(=O)(=O)c1cccs1)NS(=O)(=O)c1ccc(cc1)F,0,0.005281,0.027174,0.008225
COc1ccc(cc1C)NC(=S)C,0,0.343612,0.046633,0.049587
C[C@H]1CN([C@H](C)CO)C(=O)c2cc(ccc2O[C@H]1CN(C)Cc1ccc(cc1)-c1ccccc1)NC(=O)C1CC1,0,0.070973,0.040782,0.021654
C[C@H]1CN([C@@H](C)CO)C(=O)Cc2cc(ccc2O[C@H]1CN(C)Cc1ccc(cc1)C(=O)Nc1ccccc1N)NC(=O)Nc1ccc2c(c1)OCO2,0,0.003809,0.024074,0.004372
C[C@@H]1CN([C@@H](C)CO)C(=O)c2cc(ccc2O[C@H]1CN(C)Cc1ccccc1)NC(=O)CCN1CCOCC1,0,0.004339,0.033306,0.007623
C[C@H]1CCCCO[C@@H](CN(C)Cc2ccc(cc2)C(F)(F)F)[C@@H](C)CN([C@H](C)CO)C(=O)c2cc(ccc2O1)NS(=O)(=O)c1ccc(cc1)C,0,0.021003,0.024373,0.005277
C[C@@H]1CN([C@H](C)CO)C(=O)c2cc(ccc2O[C@@H]1CN(C)S(=O)(=O)c1ccccc1)NS(=O)(=O)c1cccs1,0,0.005745,0.024513,0.004143
ONC(=O)CCCCCNC(=O)OCc1ccc(cc1)CO[C@@H]1C[C@@H](C=C(O1)C(=O)N1CCN(CC1)Cc1ccc2c(c1)OCO2)C1CCCCC1,0,0.000012,0.098453,0.019731
C[C@H]1CCCCO[C@@H](CN(C)S(=O)(=O)c2ccc(cc2)C)[C@@H](C)CN([C@H](C)CO)C(=O)c2cc(ccc2O1)NC(=O)NC1CCCCC1,0,0.005964,0.024251,0.003506
C[C@@H]1CN([C@@H](C)CO)C(=O)Cc2cc(ccc2O[C@@H]1CN(C)S(=O)(=O)c1cccs1)NS(=O)(=O)c1cccs1,0,0.001208,0.031493,0.008690
CCCCCCCCCCCC=C=CCCCC(=O)O,0,0.619643,0.128157,0.100904
C[C@@H]1CN([C@@H](C)CO)C(=O)Cc2cc(ccc2O[C@H]1CN(C)Cc1ccc(cc1)Oc1ccccc1)NC(=O)Nc1ccc2c(c1)OCO2,0,0.004710,0.023650,0.005542
O=C(C1CC1)N1CCN(CC1)c1ncccn1,0,0.065633,0.099082,0.043127
CCS(=O)(=O)N1CC[C@]2(CC1)CN([C@H](CO)c1[nH]c3cc(ccc3c12)OC)C(=O)Nc1c(noc1C)C,0,0.039892,0.027276,0.014466
C[C@@H]1CCCCO[C@H](CN(C)C(=O)Nc2ccccc2)[C@@H](C)CN([C@@H](C)CO)C(=O)c2cc(ccc2O1)NS(=O)(=O)c1cccs1,0,0.004891,0.024208,0.003359
C[C@H]1CN([C@@H](C)CO)C(=O)c2cccc(c2O[C@H]1CN(C)S(=O)(=O)c1ccccc1)NS(=O)(=O)c1c(noc1C)C,0,0.005087,0.025014,0.006962
CC1=CC=C(C(=O)Nc2ccc(c(c2)F)Oc2cc3cnn(c3cc2-c2cn[nH]c2)C)C(=O)N1c1ccc(cc1)F,0,0.499930,0.160040,0.095108
C[C@H]1CCCCO[C@H](CN(C)C(=O)Nc2ccccc2)[C@@H](C)CN([C@@H](C)CO)C(=O)c2cc(ccc2O1)NS(=O)(=O)c1c(noc1C)C,0,0.003121,0.024721,0.004430
C[C@H]1CN([C@H](C)CO)C(=O)c2cc(cnc2O[C@@H]1CN(C)C(=O)Nc1ccc2c(c1)OCO2)-c1cccnc1,0,0.004879,0.022277,0.003198
CC(C)CC#Cc1ccc2c(c1)O[C@@H](CN(C)CC1CCOCC1)[C@H](C)CN([C@H](C)CO)S2(=O)=O,0,0.216795,0.038958,0.012254
CO[C@@H]1CN(C)C(=O)c2cc(ccc2OC[C@@H](C)N(C[C@H]1C)C(=O)C1CCOCC1)NC(=O)C1CC1,0,0.027713,0.028602,0.010021
C[C@@H]1CN([C@@H](C)CO)C(=O)Cc2cc(ccc2O[C@@H]1CN(C)S(=O)(=O)C)NS(=O)(=O)c1c(noc1C)C,0,0.002145,0.024357,0.005556
C[C@H]1CN([C@H](C)CO)C(=O)Cc2cc(ccc2O[C@@H]1CN(C)Cc1ccc(cc1)C(=O)Nc1ccccc1N)NS(=O)(=O)c1cn(cn1)C,0,0.004871,0.026531,0.003932
OC(=O)CN1CCCCCC1=O,0,0.005715,0.031248,0.014101
C[C@@H]1CN([C@@H](C)CO)C(=O)c2cc(ccc2O[C@@H]1CN(C)C(=O)Nc1ccccc1)NS(=O)(=O)C,0,0.053601,0.024253,0.005267
C[C@H]1CCCCO[C@@H](CN(C)C(=O)c2ccccc2)[C@@H](C)CN([C@H](C)CO)C(=O)c2cc(ccc2O1)NC(=O)Nc1ccc(cc1)C(F)(F)F,0,0.157130,0.021274,0.007000
C[C@H]1CCCCO[C@@H](CN(C)C(=O)C2CCCCC2)[C@@H](C)CN([C@@H](C)CO)C(=O)c2cc(ccc2O1)NS(=O)(=O)c1ccc(cc1)C,0,0.001246,0.024320,0.004860
C[C@@H]1CN([C@H](C)CO)C(=O)CCCn2cc(nn2)CO[C@H]1CN(C)Cc1ccc(cc1)C(=O)Nc1ccccc1N,0,0.022693,0.025575,0.008391
OC[C@@H]1O[C@@H](CC[C@H]1NC(=O)CN1CCOCC1)CC(=O)NC1CCC1,0,0.008995,0.028752,0.016863
CCCCCCCCCCC(C(=O)O)C1(C(=O)O)CCC(=O)O1,0,0.995578,0.310568,0.286987
C[C@@H]1CN([C@H](C)CO)S(=O)(=O)c2ccc(cc2O[C@H]1CN(C)C(=O)CN(C)C)C#CC(C)(C)O,0,0.151333,0.190739,0.014066
C[C@@H]1CN([C@@H](C)CO)C(=O)Cc2cc(ccc2O[C@H]1CN(C)C(=O)Nc1ccc2c(c1)OCO2)NC(=O)c1ccncc1,0,0.003907,0.024723,0.004223
C[C@H]1CCCCO[C@@H](CN(C)S(=O)(=O)c2c(noc2C)C)[C@H](C)CN([C@@H](C)CO)C(=O)c2cc(ccc2O1)N(C)C,0,0.004587,0.024577,0.005890
C[C@H](C[C@H](N)C(=O)O)C(=O)O,0,0.047924,0.051125,0.018993
C[C@@H]1CN([C@@H](C)CO)C(=O)c2cccc(c2O[C@@H]1CN(C)Cc1ccc(cc1)Oc1ccccc1)NC(=O)C1CCCCC1,0,0.013356,0.028510,0.020247
C[C@H]1CN([C@H](C)CO)C(=O)CCCn2nncc2CO[C@@H]1CN(C)Cc1cccc2c1OCCCO2,0,0.035602,0.044132,0.007797
C[C@H]1CN([C@H](C)CO)C(=O)c2cc(ccc2O[C@@H]1CN(C)Cc1ccc(cc1)C(=O)Nc1ccccc1N)NC(=O)Cc1cn(c2ccccc12)C,0,0.003323,0.024115,0.003653
COCC(=O)N1C[C@]2(C1)CN([C@@H](CO)c1c2c2ccc(cc2n1C)OC)C(=O)CN1CCOCC1,0,0.066901,0.065820,0.019576
C[C@H]1CN([C@@H](C)CO)C(=O)Cc2cc(ccc2O[C@@H]1CN(C)CC1CC1)NS(=O)(=O)c1c(noc1C)C,0,0.003422,0.024203,0.004710
C[C@@H]1CN([C@H](C)CO)C(=O)c2cccc(c2O[C@H]1CN(C)S(=O)(=O)c1cn(cn1)C)NC(=O)C1CCOCC1,0,0.019233,0.024481,0.005138
C[C@H]1CN([C@H](C)CO)C(=O)c2cc(cnc2O[C@H]1CN(C)S(=O)(=O)c1ccccc1F)C#Cc1ccccc1,0,0.038553,0.035808,0.006816
O[C@H]1COC[C@@H]2O[C@H](CC[C@H]2N(C1)S(=O)(=O)c1cccc(c1)Cl)CC(=O)NCc1ccc2c(c1)OCO2,0,0.120323,0.031062,0.024288
CNC(=O)[C@H]1C[C@@H]2CN(C[C@H]1O2)c1ncc(cn1)F,0,0.083399,0.046193,0.036516
O[C@H]1COC[C@@H]2O[C@@H](CC[C@H]2N(C1)S(=O)(=O)c1ccc(cc1)F)CC(=O)N[C@H]1CCN(C1)Cc1ccccc1,0,0.160716,0.042437,0.013700
C[C@@H]1CN([C@H](C)CO)C(=O)Cc2cc(ccc2O[C@@H]1CN(C)C(=O)Nc1c(noc1C)C)NC(=O)CCN1CCOCC1,0,0.008431,0.026455,0.005464
C[C@H]1CN([C@H](C)CO)C(=O)CCCn2nncc2CO[C@H]1CN(C)S(=O)(=O)c1ccccc1C#N,0,0.002381,0.025946,0.006131
C[C@H]1CN([C@H](C)CO)C(=O)c2cc(ccc2O[C@H]1CN(C)Cc1ccc(cc1)C(F)(F)F)NC(=O)Nc1cccc2ccccc12,0,0.153344,0.061064,0.037350
C[C@H]1CN([C@@H](C)CO)C(=O)Cc2cc(ccc2O[C@H]1CN(C)C(=O)Nc1ccc2c(c1)OCO2)NC(=O)Nc1ccc(cc1)C(F)(F)F,0,0.251965,0.027342,0.011117
C[C@@H]1CN([C@H](C)CO)C(=O)c2cc(ccc2O[C@H]1CN(C)C(=O)Nc1ccc(cc1)F)NC(=O)Nc1ccc(cc1)C(F)(F)F,0,0.921416,0.311752,0.247958
C[C@H]1CCCCO[C@H](CN(C)C(=O)Nc2ccc(cc2)F)[C@@H](C)CN([C@H](C)CO)C(=O)c2cc(ccc2O1)NC(=O)c1ccccc1,0,0.018002,0.024400,0.006457
O=C(O)c1ccc2c(c1)OCO2,0,0.577864,0.100623,0.117783
O=C(O)C=Cc1ccc(O)c(O)c1,0,0.703178,0.108794,0.129140
COc1ccc(cc1)S(=O)(=O)Nc1ccc2c(c1)CC(=O)N(C[C@@H](C)[C@@H](CN(C)S(=O)(=O)c1ccc(cc1)OC)O2)[C@H](C)CO,0,0.001442,0.025267,0.005567
OCCCN1[C@@H]2C(=O)N(CC=C[C@@]32O[C@@H]2/C=C\CCCOC(=O)[C@@H]2[C@H]3C1=O)c1ccc2ccccc2c1,0,0.026592,0.061789,0.051476
C[C@H]1CN([C@H](C)CO)C(=O)c2cc(ccc2O[C@@H]1CN(C)S(=O)(=O)c1cn(cn1)C)NC(=O)Cn1cnnn1,0,0.017345,0.025531,0.006170
C[C@@H]1CCCCO[C@H](CN(C)C(=O)Nc2c(noc2C)C)[C@@H](C)CN([C@H](C)CO)C(=O)c2cc(ccc2O1)NC(=O)Nc1ccc(cc1)C(F)(F)F,0,0.562532,0.138236,0.055152
CCCCCCC#C[Si](O[C@H](c1ccccc1)c1cn(nn1)[C@H](C)c1ccccc1)(C(C)C)C(C)C,0,0.997160,0.446964,0.472354
COc1ccc(cc1)S(=O)(=O)N(C)C[C@H]1Oc2ccc(cc2CC(=O)N(C[C@@H]1C)[C@@H](C)CO)NS(=O)(=O)c1ccc(cc1)F,0,0.003493,0.024571,0.006338
C[C@H]1CN([C@H](C)CO)C(=O)c2cc(ccc2O[C@@H]1CN(C)Cc1ccc(cc1)Oc1ccccc1)NS(=O)(=O)c1ccc(cc1)F,0,0.001206,0.026006,0.007030
C[C@@H]1CN([C@@H](C)CO)C(=O)c2cccc(c2O[C@@H]1CN(C)C(=O)Nc1cccc2ccccc12)NC(=O)Nc1ccc(cc1)F,0,0.263383,0.034894,0.027229
C[C@H]1CN([C@H](C)CO)C(=O)c2cccc(c2O[C@@H]1CN(C)CC1CCCCC1)NC(=O)Cn1cnnn1,0,0.077854,0.025708,0.013583
CSC1=NCN(CN1)CCCO,0,0.017003,0.038855,0.019899
C[C@H]1CN([C@@H](C)CO)C(=O)c2cccc(c2O[C@@H]1CN(C)S(=O)(=O)c1ccc(cc1)C)NC(=O)Nc1ccc(cc1)C(F)(F)F,0,0.579152,0.051043,0.027814
C[C@H]1CN([C@H](C)CO)S(=O)(=O)c2ccc(cc2O[C@@H]1CN(C)C(=O)C1CCOCC1)C1=CCCC1,0,0.004154,0.023658,0.009306
Fc1nc(c(c(c1F)NC(=O)CCC(=O)N1CCOCC1)F)N1CCOCC1,0,0.045830,0.325687,0.253306
C[C@H]1CCCCO[C@H](CN(C)C(=O)Nc2cccc3ccccc23)[C@H](C)CN([C@H](C)CO)C(=O)c2cc(ccc2O1)NC(=O)c1ccncc1,0,0.003481,0.023359,0.002848
Nc1ccc(c(c1)O)C(=O)O,0,0.002560,0.082167,0.032402
COc1cccc(c1)S(=O)(=O)N(C)C[C@H]1Oc2ncc(cc2C(=O)N(C[C@@H]1C)[C@@H](C)CO)C#CCN(C)C,0,0.025190,0.024620,0.005593
C[C@H]1CN([C@@H](C)CO)C(=O)Cc2cc(ccc2O[C@H]1CN(C)Cc1ccc(cc1)-c1ccccc1)NC(=O)Cn1cnnn1,0,0.070088,0.031608,0.011129
COc1ccc(cc1)S(=O)(=O)N(C)C[C@@H]1OCCCC[C@@H](C)Oc2ccc(cc2C(=O)N(C[C@@H]1C)[C@@H](C)CO)NC(=O)CCC(F)(F)F,0,0.027896,0.024905,0.006989
Cc1ccccc1S(=O)(=O)N1C[C@H](O)COC[C@@H]2O[C@@H](CC[C@H]21)CC(=O)NCCc1ccncc1,0,0.072518,0.027740,0.008992
C[C@@H]1CCCCO[C@H](CN(C)Cc2ccc(cc2)C(=O)O)[C@@H](C)CN([C@@H](C)CO)C(=O)c2cc(ccc2O1)NC(=O)Nc1ccccc1,0,0.061002,0.026299,0.004894
C[C@H]1CN([C@H](C)CO)C(=O)Cc2cc(ccc2O[C@H]1CN(C)CC1CC1)NS(=O)(=O)c1ccccc1,0,0.004259,0.028181,0.005109
C[C@H]1CN([C@H](C)CO)C(=O)c2cccc(c2O[C@@H]1CN(C)C(=O)Nc1ccccc1)NC(=O)c1ccc(cc1)-c1nccs1,0,0.028976,0.022468,0.007581
CC(=O)N1CSC[C@H]1C(=O)O,0,0.011318,0.074253,0.030415
COc1ccc(cc1)NC(=O)N(C)C[C@H]1OCCCC[C@H](C)Oc2ccc(cc2C(=O)N(C[C@H]1C)[C@@H](C)CO)NS(=O)(=O)c1ccccc1,0,0.001251,0.024539,0.003702
C[C@@H]1CCCCO[C@H](CN(C)S(=O)(=O)c2cn(cn2)C)[C@@H](C)CN([C@H](C)CO)C(=O)c2cc(ccc2O1)NC(=O)c1ccncc1,0,0.001435,0.024523,0.003957
CN1CCN(CC#N)C(=O)C21CCN(CC2)[C@H]1CCOC1,0,0.059446,0.045442,0.031395
C[C@@H]1CN([C@H](C)CO)S(=O)(=O)c2ccc(cc2O[C@@H]1CN(C)C(=O)NC1CCCC1)-c1cncnc1,0,0.052379,0.023938,0.006307
C[C@H]1CCCCO[C@H](CN(C)C(=O)CCC(F)(F)F)[C@H](C)CN([C@H](C)CO)C(=O)c2cc(ccc2O1)NS(=O)(=O)c1ccc(cc1)C,0,0.009185,0.024301,0.005875
CC(=O)ON1C=C(F)C(=O)NC1=O,0,0.399723,0.438515,0.153611
C[C@@H]1CCCCO[C@H](CN(C)Cc2ccc(cc2)C(=O)Nc2ccccc2N)[C@@H](C)CN([C@H](C)CO)C(=O)c2cc(ccc2O1)N(C)C,0,0.008583,0.024997,0.005642
OCc1ccc2c(c1)N(Cc1ccccc1)C(=O)[C@]1(CC(=O)N(CC34CC5CC(CC(C5)C4)C3)[C@H]21)c1ccc(cc1)[N+](=O)[O-],0,0.039361,0.278471,0.165140
C[C@@H]1CCCCO[C@H](CN(C)C(=O)Nc2ccc(cc2)F)[C@H](C)CN([C@@H](C)CO)C(=O)c2cc(ccc2O1)NC(=O)Nc1cccc2ccccc12,0,0.041419,0.022760,0.004544
C[C@@H]1CCCCO[C@@H](CN(C)C(=O)c2ccccc2)[C@H](C)CN([C@H](C)CO)C(=O)c2cc(ccc2O1)NC(=O)C1CCCCC1,0,0.001316,0.023294,0.004552
COc1ccc(cc1)S(=O)(=O)Nc1ccc2c(c1)C(=O)N(C[C@H](C)[C@H](CN(C)Cc1ccc(cc1)C(F)(F)F)OCCCC[C@@H](C)O2)[C@@H](C)CO,0,0.017869,0.024696,0.006633
C[C@@H]1CCCCO[C@H](CN(C)C(=O)c2ccccc2)[C@H](C)CN([C@@H](C)CO)C(=O)c2cc(ccc2O1)NC(=O)Nc1ccc(cc1)F,0,0.012787,0.022520,0.005631
C[C@H]1CCCCO[C@@H](CN(C)S(=O)(=O)c2ccc(cc2)Cl)[C@H](C)CN([C@H](C)CO)C(=O)c2cc(ccc2O1)NC(=O)Nc1ccc2c(c1)OCO2,0,0.007729,0.024254,0.004318
C[C@H]1CCCCO[C@H](CN(C)C(=O)c2ccccc2)[C@@H](C)CN([C@H](C)CO)C(=O)c2cc(ccc2O1)NC(=O)CCC(F)(F)F,0,0.034500,0.027323,0.008611
C[C@@H]1CN([C@@H](C)CO)S(=O)(=O)c2ccc(cc2O[C@H]1CN(C)C(=O)Cc1ccccc1)C#CC1(O)CCCC1,0,0.013693,0.033353,0.008400
CC(C)NC(=O)N(C)C[C@@H]1OCCCC[C@H](C)Oc2ccc(cc2C(=O)N(C[C@H]1C)[C@@H](C)CO)NC(=O)C1CCCCC1,0,0.009418,0.028273,0.008164
CN(C)C(=O)C[C@@H]1O[C@H](CO)[C@H](NC(=O)C2CC2)C=C1,0,0.039847,0.031105,0.013511
CCNC(=O)[C@H]1O[C@@H]([C@@H](O)[C@@H]1O)n1cnc2c(ncnc12)N,0,0.128616,0.069538,0.064975
COc1ccccc1S(=O)(=O)N[C@H]1C=C[C@H](CC(=O)N2CCN(C)CC2)O[C@@H]1CO,0,0.056644,0.025443,0.008508
CCN1[C@H]([C@H](CO)[C@H]2CN3C(=O)C(=CC=C3[C@H]21)c1ccncc1)C(=O)NCCc1cn(cn1)C,0,0.203933,0.043508,0.019138
C[C@H]1CCCCO[C@@H](CN(C)C(=O)NC2CCCCC2)[C@@H](C)CN([C@H](C)CO)C(=O)c2cc(ccc2O1)NC(=O)Nc1ccc2c(c1)OCO2,0,0.012331,0.023883,0.003627
COc1ccc(cc1)NC(=O)N(C)C[C@@H]1OCCCC[C@@H](C)Oc2ccc(cc2C(=O)N(C[C@@H]1C)[C@H](C)CO)NC(=O)Nc1cccc2ccccc12,0,0.012168,0.023374,0.003346
CN1CCN(CC1)C(=O)c1nn(c2c1CCN(C2)S(=O)(=O)C)C,0,0.010168,0.038548,0.009332
C[C@H]1CCCCO[C@@H](CN(C)S(=O)(=O)c2ccccc2)[C@H](C)CN([C@@H](C)CO)C(=O)c2cc(ccc2O1)NC(=O)Nc1ccc2c(c1)OCO2,0,0.001882,0.024234,0.003720
N[C@H]1CCN(C1)c1ccc(cn1)C(F)(F)F,0,0.718590,0.184550,0.180881
C[C@H]1CN([C@H](C)CO)C(=O)c2cc(ccc2O[C@@H]1CN(C)C(=O)Nc1c(noc1C)C)NC(=O)Nc1cccc2ccccc12,0,0.033790,0.023991,0.006613
CCS(=O)(=O)NCC[C@@H]1CC[C@@H](NS(=O)(=O)c2ccccc2C)[C@H](CO)O1,0,0.010533,0.036559,0.011918
CN(CC=CC#CC(C)(C)C)Cc1cccc2ccccc12.Cl,0,0.980283,0.301668,0.204825
C[C@@H]1CCCCO[C@@H](CN(C)Cc2ccncc2)[C@@H](C)CN([C@@H](C)CO)C(=O)c2cc(ccc2O1)NC(=O)Cc1ccccc1,0,0.003651,0.023688,0.003572
C[C@H]1CCCCO[C@H](CN(C)S(=O)(=O)c2ccc(cc2)Cl)[C@@H](C)CN([C@H](C)CO)C(=O)c2cc(ccc2O1)NC(=O)Cc1ccccc1,0,0.003851,0.025332,0.004597
CC(C)N1C(=O)[C@]2(Cc3ccccc31)[C@@H](N(Cc1ccccc1Cl)C(=O)c1ccccc12)c1ccc(cc1)CO,0,0.031142,0.426545,0.139869
CC(C)NC(=O)Nc1cccc2c1O[C@H](CN(C)Cc1ccc(cc1)C(=O)O)[C@H](C)CN([C@H](C)CO)C2=O,0,0.166554,0.031937,0.020403
O[C@@H]1COC[C@@H]2O[C@H](CC[C@H]2N(C1)S(=O)(=O)c1ccccc1)CC(=O)NCc1ccc2c(c1)OCO2,0,0.035889,0.043411,0.011334
CCS(=O)(=O)Nc1ccc2c(c1)C(=O)N(C)[C@@H]1CC[C@@H](CC(=O)N[C@H]3CCN(C3)Cc3ccccc3)O[C@H]1CO2,0,0.002024,0.027686,0.007006
COc1ccc(cc1)NC(=O)N(C)C[C@H]1OCCCC[C@@H](C)Oc2ccc(cc2C(=O)N(C[C@H]1C)[C@@H](C)CO)NC(=O)Nc1cccc2ccccc12,0,0.012168,0.023374,0.003346
C[C@@H]1CN([C@H](C)CO)C(=O)c2cccc(c2O[C@H]1CN(C)Cc1ccc(cc1)-c1ccccc1)NS(=O)(=O)c1ccccc1,0,0.006870,0.035294,0.005910
NS(=O)(=O)c1cc2c(cc1Cl)NCNS2(=O)=O,0,0.000008,0.046078,0.026370
COc1ccccc1S(=O)(=O)N(C)C[C@@H]1OCc2cn(nn2)CCCC(=O)N(C[C@H]1C)[C@@H](C)CO,0,0.021818,0.025645,0.005379
OCc1ccc(cc1)O,0,0.092959,0.155975,0.071887
COc1ccc(cc1)NC(=O)Nc1cccc2c1O[C@H](CN(C)C(=O)Nc1cccc3ccccc13)[C@H](C)CN([C@H](C)CO)C2=O,0,0.059848,0.025551,0.012085
C[C@H]1CCCCO[C@@H](CN(C)Cc2ccc(c(c2)Cl)Cl)[C@@H](C)CN([C@H](C)CO)C(=O)c2cc(ccc2O1)NC(=O)NC1CCCCC1,0,0.118374,0.033821,0.010190
CCS(=O)(=O)N1CC[C@]2(CC1)CN([C@H](CO)c1c2c2ccc(cc2n1C)OC)C(=O)CN1CCOCC1,0,0.024336,0.030039,0.013861
C[C@@H]1CCCCO[C@@H](CN(C)C(=O)Nc2ccccc2)[C@@H](C)CN([C@H](C)CO)C(=O)c2cc(ccc2O1)NC(=O)CCCCCC(=O)Nc1ccccc1N,0,0.008048,0.024659,0.003226
CC(C)NC(=O)Cn1nc(c(c1C)[N+](=O)[O-])C,0,0.952286,0.153956,0.061654
C[C@H]1CN([C@H](C)CO)C(=O)Cc2cc(ccc2O[C@H]1CN(C)S(=O)(=O)c1cn(cn1)C)NC(=O)Nc1ccc2c(c1)OCO2,0,0.005050,0.024229,0.003950
C[C@H]1CN([C@@H](C)CO)C(=O)c2cc(ccc2O[C@H]1CN(C)S(=O)(=O)c1c(noc1C)C)NS(=O)(=O)c1ccc(cc1)C,0,0.003379,0.024698,0.007255
C[C@H]1CN([C@@H](C)CO)C(=O)c2cccc(c2O[C@@H]1CN(C)S(=O)(=O)c1cccs1)NS(=O)(=O)c1ccc(cc1)C,0,0.002476,0.024446,0.005782
C[C@@H]1CN([C@@H](C)CO)C(=O)c2cc(ccc2O[C@H]1CN(C)S(=O)(=O)c1cccs1)NS(=O)(=O)c1cccs1,0,0.003625,0.031761,0.010770
COCC(=O)N1CC[C@]2(CC1)CN(Cc1cccc(c1)OC)[C@@H](CO)c1c2c2ccc(cc2n1C)OC,0,0.429423,0.135701,0.071142
C[C@@H]1CCCCO[C@H](CN(C)C(=O)c2ccccc2)[C@H](C)CN([C@@H](C)CO)C(=O)c2cc(ccc2O1)NC(=O)NC1CCCCC1,0,0.003300,0.023318,0.003850
C[C@@H]1CN([C@@H](C)CO)C(=O)c2cccc(c2O[C@@H]1CN(C)S(=O)(=O)C)NC(=O)Nc1ccc2c(c1)OCO2,0,0.019734,0.024164,0.004607
CCCCc1cn(nn1)C[C@@H]1CCCN1C(=O)N[C@H](CO)CCc1oc(c(c1C(=O)OC)C(=O)OC)C(=O)C,0,0.499122,0.197137,0.171155
CC(C)CNC[C@H]1COCc2c(nnn2C1)C,0,0.058162,0.055250,0.020170
C[C@H]1CN([C@H](C)CO)C(=O)c2cccc(c2O[C@@H]1CN(C)Cc1ccc(cc1)Oc1ccccc1)NC(=O)CCCCCC(=O)Nc1ccccc1N,0,0.003130,0.025169,0.005824
COC(=O)[C@H](Cc1ccc(cc1)-n1cc(nn1)CCC(=O)NO)N[C@H](/C=C/C1CC1)[C@@H](O)Cc1ccccc1,0,0.506394,0.126903,0.065411
Cc1cc2nc(cc(c2c(c1-c1ccncc1)C)-c1ccccc1Cl)C(=O)NC[C@H]1CCCS(=O)(=O)C1,0,0.604561,0.552970,0.627818
CC(C)NC(=O)Nc1cccc2c1O[C@@H](CN(C)S(=O)(=O)c1cccs1)[C@@H](C)CN([C@@H](C)CO)C2=O,0,0.017961,0.024366,0.004925
CC(C)NC(=O)N(C)C[C@H]1Oc2c(cccc2C(=O)N(C[C@H]1C)[C@@H](C)CO)NS(=O)(=O)c1cccs1,0,0.031035,0.024190,0.006137
C[C@@H]1CCCCO[C@H](CN(C)S(=O)(=O)c2ccc(cc2)F)[C@H](C)CN([C@H](C)CO)C(=O)c2cc(ccc2O1)NC(=O)Nc1cccc2ccccc12,0,0.006797,0.026204,0.004753
Cn1cnc(c1)CCNC(=O)C[C@H]1CC[C@@H]2[C@H](COC[C@H](O)CN2C(=O)Nc2ccc(cc2)Cl)O1,0,0.935938,0.765121,0.634270
C[C@@H]1CCCCO[C@@H](CN(C)C(=O)Nc2ccc3c(c2)OCO3)[C@H](C)CN([C@@H](C)CO)C(=O)c2cc(ccc2O1)NC(=O)CCC(F)(F)F,0,0.076709,0.031724,0.016793
C[C@@H]1CCCCO[C@@H](CN(C)CC2CCCCC2)[C@H](C)CN([C@H](C)CO)C(=O)c2cc(ccc2O1)NC(=O)NC1CCCCC1,0,0.087966,0.033997,0.011709
C[C@@H]1CN([C@H](C)CO)C(=O)c2cccc(c2O[C@H]1CN(C)C(=O)Nc1cccc2ccccc12)NC(=O)CCCCCC(=O)Nc1ccccc1N,0,0.032238,0.024471,0.005761
C[C@@H]1CCCCO[C@@H](CN(C)S(=O)(=O)c2ccccc2)[C@@H](C)CN([C@H](C)CO)C(=O)c2cc(ccc2O1)NC(=O)Nc1ccccc1,0,0.003914,0.024276,0.003383
C[C@H]1CN([C@H](C)CO)C(=O)Cc2cc(ccc2O[C@H]1CN(C)C(=O)Nc1c(noc1C)C)NC(=O)Cn1cnnn1,0,0.034464,0.024653,0.008964
C[C@H]1CCCCO[C@H](CN(C)C(=O)Nc2ccc(cc2)C(F)(F)F)[C@@H](C)CN([C@H](C)CO)C(=O)c2cc(ccc2O1)NC(=O)Nc1c(noc1C)C,0,0.418859,0.120189,0.043683
O=C(Cc1ccccc1)NCCN1CCOCC1,0,0.022783,0.132319,0.064931
Nc1ncnc2n(cnc12)[C@H]1O[C@H](COP(=O)(O)O)[C@@H](O)[C@H]1O,0,0.000000,0.258463,0.096800
O[C@@H]1Cc2c(cc(cc2O[C@@H]1C1=CC2=C(C=C(O)C(=O)C2=C(O)C(=C1)O)[C@H]1Oc2cc(cc(c2C[C@H]1O)O)O)O)O,0,0.921417,0.318284,0.171833
NC(=NC(=O)N1CCOCC1)c1ccccc1,0,0.106705,0.128785,0.068958
OC[C@H]1NC[C@H](O)[C@@H](O)[C@@H]1O,0,0.026951,0.046065,0.020714
COc1ccc(cc1)NC(=O)N(C)C[C@@H]1Oc2ccc(cc2C(=O)N(C[C@@H]1C)[C@@H](C)CO)NC(=O)C1CC1,0,0.025573,0.024367,0.007918
CCN1C[C@@H]2CN(C[C@H]2C1=O)C(=O)c1ccnn1C,0,0.002401,0.063126,0.038580
C[C@H]1CCCCO[C@H](CN(C)C(=O)c2ccncc2)[C@@H](C)CN([C@H](C)CO)C(=O)c2cc(ccc2O1)NC(=O)NC1CCCCC1,0,0.003089,0.023318,0.003726
C[C@@H]1CN([C@H](C)CO)C(=O)Cc2cc(ccc2O[C@@H]1CN(C)CC1CC1)NC(=O)Nc1c(noc1C)C,0,0.119782,0.051282,0.016529
COc1ccc(cc1)NC(=O)N(C)C[C@H]1OCCCC[C@@H](C)Oc2ccc(cc2C(=O)N(C[C@H]1C)[C@H](C)CO)NC(=O)C1CCCCC1,0,0.009367,0.023482,0.003912
C[C@@H]1CN([C@@H](C)CO)C(=O)c2cccc(c2O[C@H]1CN(C)C(=O)Nc1ccccc1)NC(=O)c1cnccn1,0,0.114682,0.024917,0.007378
C[C@H]1CN([C@@H](C)CO)C(=O)Cc2cc(ccc2O[C@@H]1CN(C)C(=O)Nc1cccc2ccccc12)NC(=O)CCCCCC(=O)Nc1ccccc1N,0,0.007237,0.026680,0.004218
C[C@H](N)C(=O)N[C@]1(C[C@@H](Sc2nnc[nH]2)[C@H]2[C@@H]([C@H]21)C(=O)O)C(=O)O,0,0.966995,0.599043,0.624066
N#CCC12CC3CC(CC(C3)C2)C1,0,0.039704,0.101564,0.063171
C[C@H]1CN([C@H](C)CO)C(=O)c2cccc(c2O[C@H]1CN(C)S(=O)(=O)c1cccs1)NC(=O)c1ccncc1,0,0.003576,0.024482,0.003807
C[C@H]1CN([C@H](C)CO)C(=O)c2cc(ccc2O[C@H]1CN(C)Cc1ccc(cc1)C(=O)Nc1ccccc1N)NC(=O)NC1CCCCC1,0,0.008349,0.024123,0.005416
C[C@H]1CN([C@H](C)CO)C(=O)c2cccc(c2O[C@H]1CN(C)S(=O)(=O)c1cn(cn1)C)NC(=O)c1ccncc1,0,0.009181,0.024204,0.004044
C[C@@H]1CN([C@@H](C)CO)C(=O)Cc2cc(ccc2O[C@@H]1CN(C)C(=O)Nc1ccc(cc1)F)NS(=O)(=O)C,0,0.071266,0.027662,0.008725
O[C@H]1COC[C@@H]2O[C@H](CC[C@H]2N(C1)CC1CCOCC1)CC(=O)N1CCOCC1,0,0.235561,0.032992,0.038224
O[C@H]1COC[C@H]2O[C@@H](CC[C@@H]2N(C1)S(=O)(=O)c1ccc(cc1)Cl)CC(=O)NCCN1CCCCC1,0,0.630643,0.122350,0.053215
CC(C)C1=CC2=CCC3C(C)(C(=O)O)CCCC3(C)C2CC1,1,0.705491,0.540396,0.362008
COc1cccc(c1)NC(=O)N(C)C[C@@H]1Oc2cc(ccc2S(=O)(=O)N(C[C@H]1C)[C@@H](C)CO)C#CC1(O)CCCC1,0,0.023763,0.027749,0.005172
CN1[C@H]2CC[C@H](CC(=O)NCc3ccccc3Cl)O[C@H]2COc2ccc(cc2C1=O)NC(=O)Nc1cccc(c1)C,0,0.062045,0.048584,0.027890
C[C@@H]1CCCCO[C@H](CN(C)CC2CCCCC2)[C@H](C)CN([C@H](C)CO)C(=O)c2cc(ccc2O1)NC(=O)CCCN(C)C,0,0.057557,0.035089,0.008702
C[C@@H]1CN([C@@H](C)CO)C(=O)c2cc(ccc2O[C@H]1CN(C)Cc1ccc(cc1)C(F)(F)F)NC(=O)Cc1ccccc1,0,0.103520,0.049963,0.068113
ONC(=O)c1cccc(c1)C(=O)N/N=C/[C@H](O)[C@@H](O)[C@@H](O)[C@H](O)C(=O)O,0,0.013313,0.072025,0.035370
c1c[nH]cn1,0,0.007547,0.092783,0.024238
C[C@@H]1CCCCO[C@@H](CN(C)Cc2ccccc2)[C@H](C)CN([C@H](C)CO)C(=O)c2cc(ccc2O1)NC(=O)Nc1ccc(cc1)F,0,0.076528,0.041711,0.016106
CC(Cc1cccc(C(F)(F)F)c1)NCCOC(=O)c1ccccc1.Cl,0,0.825777,0.313828,0.503348
CNC(=O)CN1CCOC[C@]2(CCCN(C2)C(=O)c2ccn(n2)C)C1,0,0.295979,0.049419,0.020344
COc1ccc(cc1)-c1cnc2c(c1)C(=O)N(C[C@H](C)[C@@H](CN(C)C(=O)C1CCOCC1)O2)[C@@H](C)CO,0,0.013188,0.023621,0.004474
C[C@@H]1CN([C@H](C)CO)S(=O)(=O)c2ccc(cc2O[C@@H]1CN(C)C(=O)C1CCCCC1)C#CC1CC1,0,0.038635,0.034707,0.010800
COCC(=O)N1CC[C@]2(CC1)CN([C@H](CO)c1c2c2ccc(cc2n1C)OC)C(=O)Cc1ccccc1,0,0.158501,0.182681,0.059807
C[C@@H]1CCCCO[C@H](CN(C)S(=O)(=O)c2ccc(cc2)F)[C@@H](C)CN([C@H](C)CO)C(=O)c2cc(ccc2O1)NC(=O)Nc1cccc2ccccc12,0,0.006797,0.026204,0.004753
C[C@@H]1CCCCO[C@@H](CN(C)S(=O)(=O)c2cccs2)[C@@H](C)CN([C@H](C)CO)C(=O)c2cc(ccc2O1)NC(=O)Nc1ccc2c(c1)OCO2,0,0.001188,0.024510,0.003715
C[C@@H]1CCCCO[C@H](CN(C)Cc2ccccc2)[C@H](C)CN([C@H](C)CO)C(=O)c2cc(ccc2O1)NS(=O)(=O)c1ccc(cc1)Cl,0,0.004467,0.025321,0.006948
C[C@@H]1CCCCO[C@H](CN(C)S(=O)(=O)c2ccc(cc2)C)[C@@H](C)CN([C@H](C)CO)C(=O)c2cc(ccc2O1)NS(=O)(=O)C,0,0.005013,0.024262,0.004292
Oc1cc(O)c2cc(O)c(-c3ccc(O)c(O)c3)[o+]c2c1.[Cl-],0,0.901074,0.172881,0.114431
OCCNC(=O)C[C@H]1CC=CC[C@H](NC(=O)OCC2c3ccccc3-c3ccccc32)C(=O)OCCNC1=O,0,0.001323,0.055109,0.090740
CN1C(=O)N(C)c2ncn(c2C1=O)CC(=O)OCC(=O)c1cc(n(c1C)C)C,0,0.943587,0.161485,0.176990
C[C@@H]1CN([C@H](C)CO)C(=O)Cc2cc(ccc2O[C@@H]1CN(C)S(=O)(=O)C)NS(=O)(=O)c1cccs1,0,0.003306,0.024458,0.004295
OC[C@H](Cc1ccccc1)NC(=O)C[C@@H]1CC=CC[C@@H](NC(=O)OCC2c3ccccc3-c3ccccc32)C(=O)OC[C@@H](Cc2c[nH]c3ccccc23)NC1=O,0,0.000439,0.042032,0.023667
CO[C@H]1C[C@@H](O[C@@H](C)[C@@H]1O)O[C@H]/1[C@@H](C)/C=C/C=C/2\CO[C@@H]3/C(=N\O)C(=C[C@@H](C(=O)O[C@H]4C[C@@H](C\C=C1/C)O[C@@]1(CC[C@H](C)[C@H](O1)C1CCCCC1)C4)[C@@]32O)C,1,0.483057,0.569415,0.352333
C[C@H]1CN([C@@H](C)CO)C(=O)Cc2cc(ccc2O[C@H]1CN(C)C(=O)Nc1ccc2c(c1)OCO2)NC(=O)Cn1cnnn1,0,0.013588,0.025709,0.005626
CC(C)CC#Cc1cnc2c(c1)C(=O)N(C[C@H](C)[C@@H](CN(C)C(=O)c1ccc3c(c1)OCO3)O2)[C@@H](C)CO,0,0.010508,0.023851,0.003481
C[C@H]1CCCCO[C@H](CN(C)CC2CCCCC2)[C@@H](C)CN([C@@H](C)CO)C(=O)c2cc(ccc2O1)NC(=O)Nc1ccc2c(c1)OCO2,0,0.050637,0.025010,0.006069
C[C@@H]1CN([C@@H](C)CO)C(=O)c2cc(ccc2O[C@@H]1CN(C)Cc1ccc(cc1)-c1ccccc1)NC(=O)Nc1ccc(cc1)C(F)(F)F,0,0.628760,0.277950,0.194956
C[C@H]1CN([C@H](C)CO)S(=O)(=O)c2ccc(cc2O[C@@H]1CN(C)S(=O)(=O)C)-c1cccc(c1)F,0,0.032523,0.026760,0.008276
C[C@H]1CCCCO[C@@H](CN(C)C(=O)Nc2c(noc2C)C)[C@@H](C)CN([C@H](C)CO)C(=O)c2cc(ccc2O1)NS(=O)(=O)c1ccc(cc1)F,0,0.007923,0.024455,0.005437
C[C@H]1CN([C@H](C)CO)C(=O)c2cccc(c2O[C@H]1CN(C)S(=O)(=O)C)NC(=O)c1cnccn1,0,0.035146,0.024917,0.005871
COc1ncnc(NS(=O)(=O)c2ccc(N)cc2)c1OC,0,0.033984,0.117305,0.029504
CCCN(C)C[C@@H]1Oc2cc(ccc2S(=O)(=O)N(C[C@@H]1C)[C@H](C)CO)C#Cc1cccc(c1)OC,0,0.117271,0.034323,0.009050
C[C@@H]1CN([C@@H](C)CO)C(=O)c2cccc(c2O[C@H]1CN(C)S(=O)(=O)c1ccc(cc1)Cl)NC(=O)C1CCOCC1,0,0.045679,0.024648,0.006462
OC[C@H]1[C@@H]2CN3C(=O)C=CC=C3[C@H]([C@@H]1C(=O)N1CCOCC1)N2CC1CCCC1,0,0.008790,0.033325,0.023697
OC(=O)CC[C@H](NC(=O)CCN1N=Nc2ccccc2C1=O)C(=O)O,0,0.204979,0.193454,0.233784
C[C@@H]1CCCCO[C@@H](CN(C)CC2CCCCC2)[C@H](C)CN([C@@H](C)CO)C(=O)c2cc(ccc2O1)NS(=O)(=O)c1ccccc1,0,0.004866,0.024647,0.005577
OC[C@H](O)[C@H](O)[C@@H](O)[C@@H](O)/C=N/NC(=O)CCCCCC(=O)NO,0,0.000599,0.061598,0.017038
C[C@@H]1CN([C@@H](C)CO)C(=O)c2cc(ccc2O[C@H]1CN(C)C(=O)Nc1ccccc1)NC(=O)Nc1ccc(cc1)C(F)(F)F,0,0.762833,0.201484,0.165201
COc1ccc(cc1)COC(=O)[C@H]1[C@H]2C(=O)N(Cc3ccc4c(c3)OCO4)C[C@]32O[C@@]1(Br)C=C3,0,0.076997,0.312543,0.224717
C[C@H]1CN([C@@H](C)CO)C(=O)CCCn2cc(nn2)CO[C@@H]1CN(C)C(=O)Oc1cccc2ccccc12,0,0.117430,0.042063,0.015777
C[C@@H]1CCCCO[C@@H](CN(C)CC2CCCCC2)[C@H](C)CN([C@@H](C)CO)C(=O)c2cc(ccc2O1)N(C)C,0,0.102513,0.036182,0.014359
C[C@H]1CN([C@H](C)CO)C(=O)c2cc(ccc2O[C@H]1CN(C)C(=O)Nc1ccc2c(c1)OCO2)NC(=O)Cn1cnnn1,0,0.022236,0.028676,0.005827
COc1ccc(cc1)S(=O)(=O)N(C)C[C@@H]1Oc2ccc(cc2C(=O)N(C[C@@H]1C)[C@H](C)CO)NS(=O)(=O)c1ccc(cc1)C,0,0.002804,0.024742,0.006419
C[C@@H]1CN([C@@H](C)CO)C(=O)Cc2cc(ccc2O[C@H]1CN(C)Cc1ccc(c(c1)Cl)Cl)NC(=O)Nc1ccc2c(c1)OCO2,0,0.085215,0.057002,0.010209
COC(=O)Nc1nc2ccc(Sc3ccccc3)cc2[nH]1,0,0.944585,0.517445,0.393271
C[C@H]1CN([C@H](C)CO)C(=O)c2cc(cnc2O[C@H]1CN(C)Cc1cccc(c1)C)-c1cccc(c1)C(F)(F)F,0,0.316790,0.177065,0.233674
Fc1ccc(cc1)[C@@H](NC(=O)C1CCN(CC1)Cc1ccc(cc1)Oc1ccccc1)c1ccc2ccccc2n1,0,0.344089,0.319254,0.315097
O[C@H]1COC[C@H]2O[C@@H](CC[C@@H]2N(C1)S(=O)(=O)c1ccc(cc1)Cl)CC(=O)N[C@H]1CCN(C1)Cc1ccccc1,0,0.214530,0.089912,0.031967
CN1[C@@H]2CC[C@H](CC(=O)NCc3ccc4c(c3)OCO4)O[C@H]2COc2ccc(cc2C1=O)NC(=O)C1CCOCC1,0,0.003991,0.031451,0.009351
C[C@@H]1CN([C@@H](C)CO)C(=O)Cc2cc(ccc2O[C@@H]1CN(C)Cc1ccc(c(c1)Cl)Cl)NC(=O)Nc1ccc(cc1)F,0,0.404571,0.054971,0.021995
C[C@H]1CN([C@H](C)CO)C(=O)Cc2cc(ccc2O[C@H]1CN(C)S(=O)(=O)c1cn(cn1)C)NS(=O)(=O)c1c(noc1C)C,0,0.001865,0.024293,0.005786
COc1ccc(cc1)NC(=O)N(C)C[C@H]1OCCCC[C@@H](C)Oc2ccc(cc2C(=O)N(C[C@@H]1C)[C@@H](C)CO)NS(=O)(=O)c1ccc(cc1)Cl,0,0.005477,0.024580,0.004374
NCCc1c[nH]c2ccc(cc12)OCC(=O)O,0,0.775904,0.083896,0.097674
CC1=NN(CC(=O)O)C(=O)c2cccn21,0,0.019463,0.108667,0.082015
CN1N=Nc2c(ncn2C1=O)C(=O)N,0,0.710732,0.091701,0.057631
OC[C@@H]1O[C@@H](C[C@@H]2[C@H]1Oc1ccc(cc12)NC(=O)NC1CCCC1)CC(=O)NCCN1CCCCC1,0,0.266030,0.044838,0.036475
COc1ccc(cc1)S(=O)(=O)Nc1ccc2c(c1)C(=O)N(C[C@@H](C)[C@H](CN(C)C(=O)C1CCCCC1)OCCCC[C@H](C)O2)[C@H](C)CO,0,0.001103,0.024768,0.004976
C[C@H]1CN([C@H](C)CO)C(=O)c2cccc(c2O[C@H]1CN(C)Cc1ccncc1)NC(=O)c1ccncc1,0,0.003151,0.024452,0.004718
C[C@@H]1CN([C@H](C)CO)C(=O)c2cccc(c2O[C@@H]1CN(C)S(=O)(=O)C)NC(=O)Nc1c(noc1C)C,0,0.057182,0.024224,0.006523
COc1cccc(c1)S(=O)(=O)N[C@@H]1C=C[C@@H](CC(=O)NC2CCC2)O[C@@H]1CO,0,0.010089,0.031052,0.012815
C[C@H]1CN([C@@H](C)CO)C(=O)c2cc(ccc2O[C@H]1CN(C)C(=O)Nc1c(noc1C)C)NS(=O)(=O)c1c(noc1C)C,0,0.015858,0.025560,0.012301
Cc1c(N(C)C)c(=O)n(-c2ccccc2)n1C,0,0.295949,0.162553,0.104585
Cc1cc(no1)NC(=O)CSc1nnc[nH]1,0,0.578730,0.113175,0.076799
COc1cccc(c1)C#Cc1ccc2c(c1)O[C@@H](CN(C)S(=O)(=O)c1ccccc1F)[C@@H](C)CN([C@@H](C)CO)S2(=O)=O,0,0.063602,0.035116,0.005813
C[C@@H]1CN([C@H](C)CO)C(=O)CCCn2cc(nn2)CO[C@@H]1CN(C)C(=O)Oc1cccc2ccccc12,0,0.117430,0.042063,0.015777
CCCN(C)C[C@H]1Oc2cc(ccc2S(=O)(=O)N(C[C@H]1C)[C@@H](C)CO)C#Cc1cccc(c1)OC,0,0.117271,0.034323,0.009050
CNC(=O)C[C@H]1CC[C@H]2[C@@H](COC[C@@H](O)CN2C(=O)c2ccc3c(c2)OCO3)O1,0,0.137326,0.123586,0.013530
COc1cc2c(c(OC)c1OC)-c1ccc(OC)c(=O)cc1C(NC(C)=O)CC2,0,0.561470,0.161198,0.172127
C[C@H]1CCCCO[C@H](CN(C)C(=O)Nc2ccccc2)[C@@H](C)CN([C@@H](C)CO)C(=O)c2cc(ccc2O1)NC(=O)Nc1cccc2ccccc12,0,0.008740,0.023209,0.003418
Cc1ccc(C2OC(CO)C(O)C(O)C2O)cc1Cc1ccc(-c2ccc(F)cc2)s1,0,0.636817,0.529791,0.537548
C[C@H]1CN([C@H](C)CO)C(=O)Cc2cc(ccc2O[C@@H]1CN(C)S(=O)(=O)c1cccs1)NS(=O)(=O)c1c(noc1C)C,0,0.000680,0.024445,0.005987
C[C@@H]1CCCCO[C@@H](CN(C)S(=O)(=O)c2cn(cn2)C)[C@@H](C)CN([C@@H](C)CO)C(=O)c2cc(ccc2O1)NS(=O)(=O)c1cccs1,0,0.001722,0.024450,0.004155
CC(C)NC(=O)N(C)C[C@@H]1Oc2ccc(cc2CC(=O)N(C[C@@H]1C)[C@H](C)CO)NC(=O)Nc1ccc2c(c1)OCO2,0,0.025218,0.025252,0.006099
OC[C@H]1O[C@H](CC[C@H]1NC(=O)CN1CCOCC1)CC(=O)NCCc1ccncc1,0,0.013742,0.022326,0.010411
COC1(NC(=O)Cc2cccs2)C(=O)N2C(C(=O)[O-])=C(COC(N)=O)CSC21.[Na+],1,0.997303,0.953489,0.985198
OCCCOc1ccc(cc1)C1=N[C@](Cc2ccccc2CN=[N+]=[N-])([C@H](O1)c1ccccc1)C(=O)N1CCCCC1,0,0.066030,0.049745,0.075131
C[C@@H]1CN([C@H](C)CO)C(=O)c2cccc(c2O[C@H]1CN(C)S(=O)(=O)c1ccccc1)NC(=O)c1cnccn1,0,0.020761,0.023929,0.004021
C[C@@H]1CCCCO[C@@H](CN(C)S(=O)(=O)c2cccs2)[C@@H](C)CN([C@H](C)CO)C(=O)c2cc(ccc2O1)NC(=O)NC1CCCCC1,0,0.003012,0.024221,0.003534
COc1cc(cc(c1OC)O)C1=COc2cc(c(c(c2C1=O)O)OC)O[C@@H]1O[C@H](CO)[C@@H](O)[C@H](O)[C@H]1O,0,0.690382,0.381142,0.134179
OCc1ccc2c(c1)N(C1CC1)C(=O)[C@]1(CC(=O)N(CC34CC5CC(CC(C5)C4)C3)[C@H]21)c1ccc(cc1)[N+](=O)[O-],0,0.116641,0.306585,0.253600
C[C@H]1CCCCO[C@@H](CN(C)C(=O)Nc2ccc3c(c2)OCO3)[C@@H](C)CN([C@@H](C)CO)C(=O)c2cc(ccc2O1)NC(=O)c1ccccc1,0,0.002839,0.022909,0.003201
C[C@@H]1CCCCO[C@@H](CN(C)C(=O)Nc2c(noc2C)C)[C@H](C)CN([C@@H](C)CO)C(=O)c2cc(ccc2O1)NC(=O)Nc1ccccc1,0,0.032400,0.023834,0.004572
C[C@H]1CN([C@@H](C)CO)C(=O)Cc2cc(ccc2O[C@@H]1CN(C)C(=O)Nc1ccccc1)NS(=O)(=O)c1c(noc1C)C,0,0.003432,0.024260,0.003689
COc1ccc(cc1)S(=O)(=O)Nc1ccc2c(c1)C(=O)N(C[C@@H](C)[C@H](CN(C)C(=O)NC1CCCCC1)OCCCC[C@@H](C)O2)[C@H](C)CO,0,0.001500,0.024282,0.003938
CCOC(=O)[C@@](C)(N)Cc1ccc(c(c1)O)O,0,0.340444,0.065372,0.128596
C[C@@H]1CN([C@@H](C)CO)C(=O)c2cc(ccc2O[C@@H]1CN(C)Cc1ccc2c(c1)OCO2)NS(=O)(=O)C,0,0.007740,0.025205,0.004995
Cc1nccc2c1[nH]c1ccccc12,0,0.045446,0.160875,0.121220
C[C@@H]1CN([C@@H](C)CO)C(=O)Cc2cc(ccc2O[C@@H]1CN(C)S(=O)(=O)C)NS(=O)(=O)C,0,0.007369,0.026476,0.007028
CC(C)NC(=O)N(C)C[C@H]1Oc2ccc(cc2C(=O)N(C[C@H]1C)[C@H](C)CO)NS(=O)(=O)c1ccc(cc1)C,0,0.010617,0.024669,0.006968
CC(C)(O)C#Cc1ccc(cc1)[C@@H]1[C@H](CO)N2CCCCN(C[C@@H]12)S(=O)(=O)C,0,0.234782,0.063610,0.020520
C[N+](C)(C)CC#CCN1CCCC1=O,0,0.044307,0.049741,0.017026
C[C@H]1CCCCO[C@H](CN(C)Cc2ccc(cc2)C(F)(F)F)[C@@H](C)CN([C@@H](C)CO)C(=O)c2cc(ccc2O1)NC(=O)Nc1c(noc1C)C,0,0.176941,0.034499,0.008739
CC(C)[C@H](NS(=O)(=O)c1ccc(cc1)C)C(=O)NCCn1cc(nn1)C(=O)NO,0,0.465635,0.075957,0.046854
CN(C)S(=O)(=O)c1ccc2c(c1)CCN2,0,0.019995,0.041202,0.011037
COC(=O)c1c(C)c2c(c(C)c1O)OC(=O)c1c(C)c(Cl)c(O)c(Cl)c1O2,1,0.950060,0.850510,0.686092
COc1ccccc1S(=O)(=O)N(C)C[C@H]1Oc2ncc(cc2C(=O)N(C[C@H]1C)[C@H](C)CO)Br,0,0.058630,0.025329,0.006394
C[C@](N)(Cc1ccc(c(c1)O)O)C(=O)O,0,0.609114,0.054488,0.057404
COc1ccc(cc1)NC(=O)Nc1ccc2c(c1)C(=O)N(C[C@H](C)[C@@H](CN(C)S(=O)(=O)c1cccs1)OCCCC[C@H](C)O2)[C@H](C)CO,0,0.002447,0.024544,0.003911
CCc1ccc(cc1)CNC1CC1,0,0.104907,0.241632,0.220746
Cc1cc(nc(c1C)-c1ccccc1)-c1ccccc1,0,0.474858,0.103475,0.061533
COc1cccc(c1)NC(=O)N(C)C[C@H]1OCc2ccccc2-c2c(n(c3ccccc23)C)C(=O)N(C[C@@H]1C)[C@@H](C)CO,0,0.016664,0.032104,0.006624
COc1ccc(cc1)COC[C@@]12Oc3ccccc3[C@H]([C@H]2COC(=O)c2ccccc2)N2CCCSC2=N1,0,0.211792,0.496857,0.294721
C[N+](C)(C)CC(=O)[O-].Cl,0,0.016187,0.104355,0.049463
C[C@@H]1CN([C@@H](C)CO)C(=O)c2cc(ccc2O[C@H]1CN(C)Cc1ccc(cc1)Oc1ccccc1)NC(=O)Cc1cn(c2ccccc12)C,0,0.005128,0.024452,0.005936
C1CCC(CC1)NC1CCCC1,0,0.064504,0.437571,0.260718
C[C@H]1CN([C@H](C)CO)C(=O)c2cc(cnc2O[C@H]1CN(C)C(=O)C)C#CC(C)(C)O,0,0.009091,0.043703,0.011452
C[C@@H]1CN([C@H](C)CO)C(=O)c2cccc(c2O[C@H]1CN(C)S(=O)(=O)C)NC(=O)c1nc2ccccc2s1,0,0.013843,0.024882,0.005270
C[C@@H]1CN([C@H](C)CO)C(=O)c2cccc(c2O[C@@H]1CN(C)S(=O)(=O)c1ccc(cc1)C)NS(=O)(=O)c1ccc(cc1)F,0,0.011269,0.024628,0.007637
CC[C@H]1CN(C)N1C(=O)[C@H]1CCCO1,0,0.100040,0.031883,0.005635
CC(=O)OCC(=O)C1(O)CCC2C3CCC4=CC(=O)CCC4(C)C3C(=O)CC21C,0,0.615562,0.452633,0.278612
C[C@H]1CN([C@H](C)CO)C(=O)Cc2cc(ccc2O[C@@H]1CN(C)C(=O)Nc1ccc(cc1)C(F)(F)F)NS(=O)(=O)c1ccc(cc1)C,0,0.089554,0.053124,0.012192
c1ccc(cc1)-c1ccncc1,0,0.152850,0.235844,0.104672
C[C@H]1CN([C@H](C)CO)C(=O)c2cc(ccc2O[C@H]1CN(C)S(=O)(=O)c1ccc(cc1)C)NC(=O)CCN1CCOCC1,0,0.001684,0.024327,0.003685
C[C@@H]1CCCCO[C@H](CN(C)S(=O)(=O)c2ccc(cc2)F)[C@H](C)CN([C@@H](C)CO)C(=O)c2cc(ccc2O1)NS(=O)(=O)c1ccc(cc1)C,0,0.002430,0.024489,0.005346
C[C@H]1CN([C@@H](C)CO)S(=O)(=O)c2ccc(cc2O[C@@H]1CN(C)S(=O)(=O)c1cn(cn1)C)C#Cc1cccc(c1)F,0,0.147051,0.029580,0.005819
C[C@H]1CN([C@H](C)CO)C(=O)c2cccc(c2O[C@@H]1CN(C)Cc1ccc(cc1)Oc1ccccc1)NS(=O)(=O)c1ccc(cc1)F,0,0.003038,0.026016,0.007498
COCC(=O)Nc1ccc2c(c1)[C@H]1C[C@@H](CC(=O)N3CCOCC3)O[C@H](CO)[C@H]1O2,0,0.015462,0.021631,0.013513
NC(Cc1c[nH]c2ccccc12)C(=O)O,0,0.570944,0.045228,0.038964
CCC1(C)CC(=O)NC1=O,0,0.002438,0.042282,0.016586
CC1(C)OCC(CO)(CO1)[N+](=O)[O-],0,0.968566,0.144934,0.098344
C[C@H]1CN([C@H](C)CO)C(=O)CCCn2nncc2CO[C@H]1CN(C)C(=O)Nc1cccc(c1)Oc1ccccn1,0,0.008040,0.023265,0.005402
C[C@H]1CN([C@H](C)CO)C(=O)c2cc(ccc2O[C@@H]1CN(C)C(=O)Nc1ccc2c(c1)OCO2)NC(=O)CCN1CCOCC1,0,0.003754,0.023984,0.003262
C[C@H]1CCCCO[C@@H](CN(C)S(=O)(=O)c2ccc(cc2)Cl)[C@H](C)CN([C@@H](C)CO)C(=O)c2cc(ccc2O1)NC(=O)Nc1ccc(cc1)C(F)(F)F,0,0.425001,0.049197,0.009243
C[C@H]1CN([C@@H](C)CO)C(=O)c2cccc(c2O[C@H]1CN(C)S(=O)(=O)c1cccs1)NS(=O)(=O)c1c(noc1C)C,0,0.002771,0.025007,0.007012
CN1N=C(N)c2cn(c3ncnc1c23)[C@H]1O[C@@H](CO)[C@@H](O)[C@@H]1O,0,0.117572,0.139886,0.074830
CC1=CN(CC(=O)NCCN)C(=O)NC1=O,0,0.086477,0.069872,0.037376
C[C@H]1CN([C@H](C)CO)C(=O)c2cc(cnc2O[C@H]1CN(C)S(=O)(=O)C)-c1cccc(c1)C(F)(F)F,0,0.243419,0.058624,0.047244
C[C@H]1CCCCO[C@@H](CN(C)S(=O)(=O)c2ccc(cc2)F)[C@@H](C)CN([C@H](C)CO)C(=O)c2cc(ccc2O1)NC(=O)CCCCCC(=O)Nc1ccccc1N,0,0.003200,0.037212,0.004078
C[C@@H]1CN([C@H](C)CO)S(=O)(=O)c2ccc(cc2O[C@@H]1CN(C)S(=O)(=O)c1ccccc1)C#Cc1ccncc1,0,0.020974,0.030173,0.005989
OCc1ccc2c(c1)N(CC(F)(F)F)C(=O)[C@]1(CC(=O)N(CC34CC5CC(CC(C5)C4)C3)[C@H]21)c1ccc(cc1)[N+](=O)[O-],0,0.401723,0.425542,0.316222
C[C@@H]1CN([C@H](C)CO)C(=O)c2cccc(c2O[C@H]1CN(C)S(=O)(=O)c1ccccc1)NC(=O)C1CC1,0,0.011349,0.024415,0.004764
COCC(=O)N1C[C@H](C)[C@@H](CN(C)C(=O)c2ccc(cc2OC[C@@H]1C)NC(=O)Nc1cccc(c1)F)OC,0,0.069012,0.029971,0.013049
CO[C@H]1CN(C)C(=O)c2cc(ccc2OC[C@H](C)N(C[C@@H]1C)C(=O)CN(C)C)NS(=O)(=O)C,0,0.040713,0.163803,0.007626
C[C@@H]1CN([C@H](C)CO)C(=O)c2cc(ccc2O[C@H]1CN(C)C(=O)Nc1cccc2ccccc12)NC(=O)Cc1cn(c2ccccc12)C,0,0.012613,0.024173,0.004772
C[C@@H]1CCCCO[C@@H](CN(C)CC2CCCCC2)[C@H](C)CN([C@@H](C)CO)C(=O)c2cc(ccc2O1)NC(=O)NC1CCCCC1,0,0.087966,0.033997,0.011709
C[C@@H]1CN([C@@H](C)CO)C(=O)c2cccc(c2O[C@@H]1CN(C)S(=O)(=O)c1ccc(cc1)Cl)NS(=O)(=O)c1cn(cn1)C,0,0.121686,0.026425,0.006637
CS(=O)(=O)[C@H]1CCNC1,0,0.001237,0.030761,0.025453
COc1ccc(cc1)S(=O)(=O)N(C)C[C@@H]1Oc2c(cccc2C(=O)N(C[C@@H]1C)[C@@H](C)CO)NC(=O)NC(C)C,0,0.046180,0.024223,0.004951
C[C@H]1CN([C@@H](C)CO)C(=O)c2c(c3ccccc3n2C)-c2ccccc2CO[C@H]1CN(C)S(=O)(=O)c1cn(cn1)C,0,0.018586,0.035477,0.004947
C[C@H]1CCCCO[C@H](CN(C)Cc2ccc(cc2)C(F)(F)F)[C@@H](C)CN([C@H](C)CO)C(=O)c2cc(ccc2O1)NC(=O)NC1CCCCC1,0,0.157807,0.035091,0.016395
CC(C)NC(=O)N(C)C[C@H]1Oc2ncc(cc2C(=O)N(C[C@@H]1C)[C@H](C)CO)-c1ccc(cc1)C(=O)N(C)C,0,0.008840,0.023714,0.008499
COc1ccc(cc1)NC(=O)N(C)C[C@@H]1OCCCC[C@@H](C)Oc2ccc(cc2C(=O)N(C[C@H]1C)[C@H](C)CO)NC(=O)Cc1ccccc1,0,0.005927,0.023514,0.004021
COc1ccc(cc1)C(=O)Nc1ccc2c(c1)C(=O)N(C)[C@@H]1CC[C@H](CC(=O)NCC3CC3)O[C@H]1CO2,0,0.005645,0.023954,0.007962
COC1=CC(=O)c2ccccc2C1=O,0,0.661878,0.662219,0.736162
C[C@@H]1CCCCO[C@@H](CN(C)C(=O)Nc2ccccc2)[C@H](C)CN([C@@H](C)CO)C(=O)c2cc(ccc2O1)NC(=O)Cc1ccccc1,0,0.004248,0.023214,0.004591
CO[C@@H]1[C@@H](OC(=O)c2ccc([nH]2)C)[C@@H](O)[C@H](CC1(C)C)Oc1ccc2c(c1C)OC(=O)[C@@H](C2)NC(=O)c1[nH]cc(c1C)CC(=O)NC1=Cc2ccc(c(c2OC1=O)C)O[C@@H]1OC(C)(C)[C@H](OC)[C@@H](OC(=O)c2ccc([nH]2)C)[C@H]1O,0,0.003877,0.261758,0.060978
COc1cc(C=CC(=O)O)cc(OC)c1O,0,0.888581,0.122094,0.137334
C[C@H]1CCCCO[C@H](CN(C)C(=O)CCC(F)(F)F)[C@H](C)CN([C@@H](C)CO)C(=O)c2cc(ccc2O1)NC(=O)NC1CCCCC1,0,0.057748,0.122328,0.044795
C[C@H]1CCCCO[C@H](CN(C)CC2CCCCC2)[C@@H](C)CN([C@@H](C)CO)C(=O)c2cc(ccc2O1)NS(=O)(=O)c1ccc(cc1)F,0,0.012712,0.025456,0.007262
C[C@H]1CN([C@H](C)CO)C(=O)c2cc(cnc2O[C@H]1CN(C)S(=O)(=O)c1cn(cn1)C)/C=C/c1ccccc1,0,0.008475,0.024607,0.004275
NC[C@@H](N1CCOCC1)c1ccccc1,0,0.228017,0.245989,0.108081
C[C@H]1CCCCO[C@@H](CN(C)C(=O)c2ccncc2)[C@@H](C)CN([C@H](C)CO)C(=O)c2cc(ccc2O1)NS(=O)(=O)c1ccc(cc1)Cl,0,0.001045,0.025584,0.003994
CN(C)S(=O)(=O)N1CCO[C@@H]2CN(C[C@@H]21)c1ncc(cn1)C,0,0.001817,0.197621,0.061964
C/C=C/c1ccc2c(c1)O[C@H](CN(C)Cc1ccc(cc1)C(=O)O)[C@@H](C)CN([C@H](C)CO)S2(=O)=O,0,0.046634,0.029468,0.007640
C[C@H]1CN([C@@H](C)CO)C(=O)c2c(c3ccccc3n2C)-c2ccccc2CO[C@@H]1CN(C)Cc1ccc(cc1)O,0,0.058170,0.050950,0.025541
CC(=O)OC[C@@H](OC(=O)C)[C@@H](OC(=O)C)[C@@H](OC(=O)C)[C@@H](OC(=O)C)[C@@H](COC(=O)C)OC(=O)C,0,0.000000,0.194779,0.041036
COc1ccc(cc1)S(=O)(=O)Nc1cccc2c1O[C@@H](CN(C)Cc1ccc(cc1)-c1ccccc1)[C@H](C)CN([C@@H](C)CO)C2=O,0,0.008989,0.024775,0.005156
O=C(NC[C@H]1CC[C@]2(CNCCOC2)O1)c1ccnnc1,0,0.250853,0.073546,0.045964
C[C@@H]1CN([C@@H](C)CO)C(=O)c2cc(ccc2O[C@@H]1CN(C)Cc1ccc(cc1)-c1ccccc1)NC(=O)Nc1cccc2ccccc12,0,0.051485,0.035322,0.012968
C[C@@H]1CN([C@@H](C)CO)C(=O)c2cc(ccc2O[C@H]1CN(C)Cc1ccc(cc1)-c1ccccc1)NC(=O)c1ccncc1,0,0.012276,0.023773,0.007156
C[C@H]1CN([C@@H](C)CO)C(=O)c2cccc(c2O[C@H]1CN(C)Cc1ccc(c(c1)Cl)Cl)NS(=O)(=O)c1ccc(cc1)F,0,0.050949,0.030582,0.007093
COc1ccc(cc1)S(=O)(=O)N(C)C[C@H]1OCCCC[C@H](C)Oc2ccc(cc2C(=O)N(C[C@H]1C)[C@H](C)CO)NC(=O)Nc1ccc(cc1)F,0,0.016051,0.025437,0.005662
CN1CCN(CC1)C(=O)C[C@H]1CC[C@@H](NC(=O)c2ccc3c(c2)OCO3)[C@H](CO)O1,0,0.038429,0.028782,0.009652
C[C@H]1CCCCO[C@H](CN(C)C(=O)c2ccncc2)[C@@H](C)CN([C@H](C)CO)C(=O)c2cc(ccc2O1)NS(=O)(=O)C,0,0.001703,0.024828,0.003478
CCNC1=N/C(=N\CC)NC(=S)N1,0,0.042053,0.060858,0.025831
CO[C@H]1CN(C)C(=O)c2cc(ccc2OC[C@@H](C)N(C[C@@H]1C)Cc1ccccn1)NS(=O)(=O)CC(F)(F)F,0,0.026072,0.026842,0.010149
CC(C)NC(=O)N(C)C[C@H]1OCCCC[C@H](C)Oc2ccc(cc2C(=O)N(C[C@@H]1C)[C@H](C)CO)NC(=O)Nc1ccc(cc1)F,0,0.067694,0.029162,0.009450
CN(C)S(=O)(=O)N1CCC[C@@H](C1)C(=O)N,0,0.001406,0.044843,0.022521
ONC(=O)CCCCCNC(=O)OCCCCO[C@H]1C[C@H](C=C(O1)C(=O)N1CCOCC1)C1=COc2ccccc2C1=O,0,0.000012,0.054079,0.024522
COC[C@H]1CN(Cc2cnn(c21)C)C(=O)C1CC1,0,0.021592,0.028841,0.027246
OC(=O)c1cccc(c1)-n1cnnn1,0,0.816447,0.090990,0.068097
CC(C)(C)C#CC(=O)C#CC(C)(C)C,0,0.823444,0.058598,0.022447
COc1ccc(cc1)S(=O)(=O)Nc1ccc2c(c1)C(=O)N(C[C@@H](C)[C@@H](CN(C)Cc1ccccc1)OCCCC[C@H](C)O2)[C@@H](C)CO,0,0.001305,0.024450,0.004479
COc1ccc(cc1)S(=O)(=O)N(C)C[C@@H]1OCCCC[C@H](C)Oc2ccc(cc2C(=O)N(C[C@H]1C)[C@@H](C)CO)NS(=O)(=O)c1ccc(cc1)Cl,0,0.002309,0.026250,0.006391
CO[C@@H]1CN(C)C(=O)c2ccc(cc2OC[C@@H](C)N(C[C@H]1C)C(=O)Nc1c(noc1C)C)NC(=O)Nc1ccc(cc1)Cl,0,0.124534,0.029789,0.011467
FC(F)(F)c1ccccc1/N=C/1\CCCc2ccccc21,0,0.915269,0.221345,0.230500
CC(C)CN1C(=CC(=O)N(C)C1=O)N,0,0.076067,0.146496,0.063293
C[C@@H]1CN([C@H](C)CO)C(=O)Cc2cc(ccc2O[C@H]1CN(C)C)NC(=O)Cc1cn(c2ccccc12)C,0,0.044488,0.032998,0.007255
C/C=C/C(=O)N1CCC=CC1=O,0,0.000313,0.026417,0.010166
C[C@H]1CN([C@H](C)CO)C(=O)CCCn2nncc2CO[C@@H]1CN(C)C(=O)Oc1ccc2ccccc2c1,0,0.104548,0.047113,0.020379
C[n+]1ccc(cc1)CCCO,0,0.028707,0.094429,0.039005
C[C@@H]1CCCCO[C@@H](CN(C)C(=O)c2ccccc2)[C@@H](C)CN([C@H](C)CO)C(=O)c2cc(ccc2O1)NC(=O)Nc1ccc(cc1)F,0,0.012787,0.022520,0.005631
Cc1ccc(cc1)S(=O)(=O)N[C@H]1C=C[C@@H](CC(=O)NCCN2CCCCC2)O[C@@H]1CO,0,0.056774,0.024976,0.009437
C[C@H]1CN([C@H](C)CO)S(=O)(=O)c2ccc(cc2O[C@@H]1CN(C)C)C#CCN(C)C,0,0.117225,0.031757,0.009291
C[C@@H]1CN([C@@H](C)CO)C(=O)c2cc(cnc2O[C@@H]1CN(C)C(=O)C1CCOCC1)/C=C/c1ccccc1,0,0.012069,0.022045,0.009226
C[C@H]1CCCCO[C@@H](CN(C)C(=O)c2ccccc2)[C@H](C)CN([C@@H](C)CO)C(=O)c2cc(ccc2O1)NS(=O)(=O)c1cccs1,0,0.000569,0.024208,0.003243
CC(C)NC(=O)NCC[C@@H]1CC[C@H](NC(=O)CN(C)C)[C@H](CO)O1,0,0.175454,0.027783,0.009924
C[C@@H]1CN([C@@H](C)CO)S(=O)(=O)c2ccc(cc2O[C@@H]1CN(C)C(=O)Nc1cc(ccc1F)F)/C=C/c1ccccc1,0,0.194319,0.047311,0.009063
C=CC(=O)NCCCCNC(=O)C=C,0,0.049931,0.078673,0.038400
CC(=C)[C@@H]1[C@H]2OC(=O)[C@H]1[C@]1(O)C[C@H]3O[C@]33C(=O)O[C@H]2[C@]13C,0,0.009627,0.112605,0.098425
C[C@H]1CCCCO[C@H](CN(C)C(=O)Cc2ccccc2)[C@@H](C)CN([C@@H](C)CO)C(=O)c2cc(ccc2O1)NS(=O)(=O)c1cccs1,0,0.001473,0.024208,0.003518
c1ccc(-c2ccc(C(c3ccccc3)n3ccnc3)cc2)cc1,0,0.953212,0.505596,0.300321
O=C(O)CN(CCN(CC(=O)O)CC(=O)O)CCN(CC(=O)O)CC(=O)O,0,0.035001,0.139877,0.037496
C[C@@H]1CN([C@@H](C)CO)C(=O)c2cccc(c2O[C@@H]1CN(C)S(=O)(=O)c1ccc(cc1)C)NC(=O)C1CC1,0,0.015915,0.024499,0.004556
C[C@H]1CN([C@@H](C)CO)C(=O)c2cc(ccc2O[C@@H]1CN(C)CC1CCCCC1)NC(=O)Nc1ccccc1,0,0.111514,0.025922,0.018553
COc1ccc(cc1)NC(=O)Nc1ccc2c(c1)C(=O)N(C[C@H](C)[C@@H](CN(C)S(=O)(=O)c1c(noc1C)C)OCCCC[C@@H](C)O2)[C@@H](C)CO,0,0.005607,0.025163,0.004542
C[C@H]1CCCCO[C@H](CN(C)C(=O)CCC(F)(F)F)[C@@H](C)CN([C@H](C)CO)C(=O)c2cc(ccc2O1)NC(=O)Nc1ccccc1,0,0.067859,0.026372,0.008401
C[C@@H]1CN([C@@H](C)CO)C(=O)c2cc(ccc2O[C@@H]1CN(C)S(=O)(=O)c1cn(cn1)C)NS(=O)(=O)c1ccc(cc1)C,0,0.003896,0.024434,0.006134
C[C@@H]1CCCCO[C@@H](CN(C)Cc2ccc3c(c2)OCO3)[C@H](C)CN([C@@H](C)CO)C(=O)c2cc(ccc2O1)NC(=O)Nc1c(noc1C)C,0,0.014291,0.027787,0.005410
CC(C)NC[C@H]1CCC(=O)N1,0,0.004282,0.021409,0.010047
COc1ccc(cc1)S(=O)(=O)N(C)C[C@@H]1OCCCC[C@@H](C)Oc2ccc(cc2C(=O)N(C[C@@H]1C)[C@@H](C)CO)NC(=O)Nc1ccc(cc1)C(F)(F)F,0,0.164913,0.046989,0.009664
NS(=O)(=O)c1ccc(cc1)CCN1C=CN(CC(=O)NCCC2=CCCCC2)C(=O)C1=O,0,0.000050,0.047191,0.036653
C[C@H]1CN([C@H](C)CO)C(=O)c2cccc(c2O[C@@H]1CN(C)CC1CC1)NC(=O)Nc1cccc2ccccc12,0,0.103447,0.048624,0.027641
C[C@@H]1CCCCO[C@H](CN(C)S(=O)(=O)c2ccc(cc2)F)[C@@H](C)CN([C@H](C)CO)C(=O)c2cc(ccc2O1)NS(=O)(=O)c1cn(cn1)C,0,0.022252,0.024690,0.005133
C[C@H]1CCCCO[C@H](CN(C)S(=O)(=O)c2ccc(cc2)C)[C@@H](C)CN([C@@H](C)CO)C(=O)c2cc(ccc2O1)NC(=O)c1ccccc1,0,0.000686,0.024238,0.003660
C[C@@H]1CN([C@@H](C)CO)C(=O)c2cccc(c2O[C@@H]1CN(C)S(=O)(=O)c1ccc(cc1)Cl)NS(=O)(=O)C,0,0.090540,0.026107,0.007857
C[C@@H](N1CCCC1=O)C(=O)O,0,0.002953,0.034716,0.014818
CCCC#Cc1ccc2c(c1)O[C@@H](CN(C)S(=O)(=O)c1cccc(c1)OC)[C@H](C)CN([C@@H](C)CO)S2(=O)=O,0,0.023891,0.029291,0.004958
C[C@H]1CCCCO[C@@H](CN(C)S(=O)(=O)c2ccccc2)[C@@H](C)CN([C@H](C)CO)C(=O)c2cc(ccc2O1)NC(=O)CCC(F)(F)F,0,0.024341,0.024490,0.006010
CC(C)(C)[S@@](=O)N1Cc2cc(nc(c2[C@H]1CCO)-c1cccc(c1)-c1cccnc1)C(=O)N1CCc2ccccc2C1,0,0.002359,0.061015,0.022214
C[C@H]1CN([C@@H](C)CO)C(=O)Cc2cc(ccc2O[C@H]1CN(C)C(=O)Nc1c(noc1C)C)NS(=O)(=O)c1c(noc1C)C,0,0.006555,0.026041,0.006338
COc1ccc(cc1)CN(C)C[C@H]1OCCCC[C@H](C)Oc2ccc(cc2C(=O)N(C[C@H]1C)[C@H](C)CO)NS(=O)(=O)c1ccc(cc1)C,0,0.001351,0.024487,0.004404
FC(F)(F)c1ccc(cc1)CSc1c[nH]c2ccccc12,1,0.834635,0.342299,0.307449
COc1ccc(cc1)NC(=O)Nc1ccc2c(c1)C(=O)N(C[C@H](C)[C@H](CN(C)Cc1ccccc1)OCCCC[C@@H](C)O2)[C@@H](C)CO,0,0.015077,0.023103,0.004208
C[C@@H]1CCCCO[C@@H](CN(C)C(=O)Nc2ccc3c(c2)OCO3)[C@H](C)CN([C@H](C)CO)C(=O)c2cc(ccc2O1)NC(=O)C1CCCCC1,0,0.009480,0.023053,0.003942
C[C@H]1CN([C@H](C)CO)C(=O)Cc2cc(ccc2O[C@@H]1CN(C)S(=O)(=O)c1ccc(cc1)F)NS(=O)(=O)c1ccccc1,0,0.002225,0.024171,0.005216
OC[C@H]1O[C@@H](C[C@H]2[C@@H]1Oc1ccc(cc12)NS(=O)(=O)c1ccc(cc1)F)CC(=O)N1CCCCC1,0,0.005000,0.028208,0.008025
C[C@@H]1CN([C@@H](C)CO)C(=O)c2cc(cnc2O[C@@H]1CN(C)C(=O)c1ccccc1F)C#Cc1ccncc1,0,0.107998,0.027587,0.007445
COc1ccccc1-c1ccc2c(c1)O[C@H](CN(C)C(=O)c1cccnc1)[C@H](C)CN([C@H](C)CO)S2(=O)=O,0,0.007281,0.024795,0.003491
O[C@@H]1COC[C@@H]2O[C@@H](CC[C@H]2N(C1)C(=O)c1ccc(cc1)F)CC(=O)NCCCN1CCOCC1,0,0.523585,0.253901,0.164256
COc1ccc(cc1)CN(C)C[C@@H]1OCCCC[C@@H](C)Oc2ccc(cc2C(=O)N(C[C@H]1C)[C@H](C)CO)NS(=O)(=O)c1ccc(cc1)Cl,0,0.002811,0.024506,0.005776
C[C@@H]1CN([C@@H](C)CO)C(=O)CCCn2cc(nn2)CO[C@@H]1CN(C)S(=O)(=O)c1ccc(cc1)C#N,0,0.001421,0.026729,0.005858
C[C@H]1CN([C@@H](C)CO)C(=O)c2cc(ccc2O[C@@H]1CN(C)S(=O)(=O)c1ccccc1)NC(=O)Cc1ccccc1,0,0.003159,0.024487,0.004805
C[C@@H]1CN([C@H](C)CO)C(=O)c2cccc(c2O[C@H]1CN(C)Cc1ccc(cc1)-c1ccccc1)NS(=O)(=O)c1ccc(cc1)F,0,0.023023,0.037924,0.010084
C[C@@H]1CCCCO[C@@H](CN(C)C(=O)Nc2ccc(cc2)F)[C@H](C)CN([C@H](C)CO)C(=O)c2cc(ccc2O1)NS(=O)(=O)c1ccccc1,0,0.006452,0.024238,0.004587
C[C@H]1CN([C@@H](C)CO)C(=O)c2cccc(c2O[C@H]1CN(C)Cc1ccc2c(c1)OCO2)NS(=O)(=O)C,0,0.010117,0.025169,0.004552
C[C@@H]1CCCCO[C@@H](CN(C)S(=O)(=O)c2ccc(cc2)F)[C@@H](C)CN([C@@H](C)CO)C(=O)c2cc(ccc2O1)NS(=O)(=O)c1cn(cn1)C,0,0.022252,0.024690,0.005133
C[C@@H]1CN([C@@H](C)CO)C(=O)c2cccc(c2O[C@H]1CN(C)Cc1ccncc1)NC(=O)c1cnccn1,0,0.016303,0.023942,0.004876
COc1ccc(cc1)NC(=O)N(C)C[C@@H]1Oc2c(cccc2C(=O)N(C[C@@H]1C)[C@@H](C)CO)NC(=O)CCCCCC(=O)Nc1ccccc1N,0,0.045351,0.026612,0.005868
C[C@H]1CCCCO[C@@H](CN(C)C(=O)NC2CCCCC2)[C@H](C)CN([C@@H](C)CO)C(=O)c2cc(ccc2O1)NC(=O)c1ccncc1,0,0.002963,0.023262,0.003810
NC(=O)CCN1C(=O)[C@H]2[C@H]3C[C@@H](C=C3)[C@@H]2C1=O,0,0.000260,0.070213,0.024751
C[C@@H]1CN([C@H](C)CO)C(=O)Cc2cc(ccc2O[C@@H]1CN(C)Cc1ccc(cc1)C(=O)O)NS(=O)(=O)c1cn(cn1)C,0,0.093267,0.028630,0.004712
CC(=O)OC1CC2C(C)(C)C(O)CCC2(C)C2CCC3(C)C(c4ccoc4)OC(=O)C4OC43C12C,0,0.870005,0.232065,0.165271
COCC(=O)Nc1ccc2c(c1)C(=O)N(C)C[C@H](OC)[C@H](C)CN(Cc1ccccc1F)[C@@H](C)CO2,0,0.017676,0.028232,0.008749
COc1ccc(-c2cc(=O)c3c(OC)c(OC)c(OC)cc3o2)cc1OC,0,0.297575,0.091706,0.044726
O[C@H]1COC[C@@H]2O[C@@H](CC[C@H]2N(C1)S(=O)(=O)c1ccc(cc1)Cl)CC(=O)N[C@@H]1CCN(C1)Cc1ccccc1,0,0.214530,0.089912,0.031967
CC(C)CC#Cc1ccc2c(c1)O[C@H](CN(C)CC1CCOCC1)[C@H](C)CN([C@@H](C)CO)S2(=O)=O,0,0.216795,0.038958,0.012254
C[C@@H]1CN([C@H](C)CO)C(=O)c2cc(cnc2O[C@H]1CN(C)C(=O)c1cnccn1)-c1cccc(c1)C#N,0,0.004851,0.023688,0.005473
COC(=O)[C@@]1(Cc2ccccc2N=[N+]=[N-])N=C(O[C@H]1c1ccccc1N=[N+]=[N-])c1ccc(cc1)OCCCO,0,0.946522,0.064553,0.087147
C[C@H]1CN([C@@H](C)CO)C(=O)Cc2cc(ccc2O[C@H]1CN(C)Cc1ccc(c(c1)Cl)Cl)NC(=O)Cn1cnnn1,0,0.102857,0.059836,0.020933
C[C@H]1CCCCO[C@H](CN(C)S(=O)(=O)c2ccc(cc2)Cl)[C@H](C)CN([C@@H](C)CO)C(=O)c2cc(ccc2O1)NC(=O)C1CCCCC1,0,0.007896,0.025131,0.005577
C[C@H]1CCCCO[C@H](CN(C)S(=O)(=O)c2ccc(cc2)Cl)[C@@H](C)CN([C@@H](C)CO)C(=O)c2cc(ccc2O1)NS(=O)(=O)c1ccccc1,0,0.001828,0.025096,0.004111
Cc1cccc(c1)S(=O)(=O)N1C[C@@H](O)COC[C@@H]2O[C@@H](CC[C@H]21)CC(=O)NCc1ccc2c(c1)OCO2,0,0.043025,0.025124,0.009316
CCCNC(=O)N1C[C@H](O)COC[C@@H]2O[C@@H](CC[C@H]21)CC(=O)NCCCN1CCOCC1,0,0.404327,0.040587,0.063990
C[C@H]1CN([C@H](C)CO)C(=O)c2cc(cnc2O[C@H]1CN(C)S(=O)(=O)c1ccccc1)Br,0,0.019421,0.025402,0.005777
COc1cccc(c1)S(=O)(=O)Nc1ccc2c(c1)[C@H]1C[C@@H](CC(=O)NCC(F)(F)F)O[C@@H](CO)[C@H]1O2,0,0.049939,0.027048,0.015460
C/C=C/C(=O)c1cc(ccc1O)Cl,0,0.823932,0.209283,0.120922
C[C@@H]1CN([C@H](C)CO)C(=O)c2cc(ccc2O[C@H]1CN(C)S(=O)(=O)c1ccc(cc1)F)NC(=O)CCN1CCOCC1,0,0.007161,0.024507,0.005711
C[C@H]1CCCCO[C@@H](CN(C)S(=O)(=O)c2cn(cn2)C)[C@H](C)CN([C@H](C)CO)C(=O)c2cc(ccc2O1)NS(=O)(=O)c1cn(cn1)C,0,0.013066,0.024758,0.005854
C=C1C2CCC3(C)C(c4ccoc4)OC(=O)CC13OC1CC(=O)C(C)(C)C(C(O)C(=O)OC)C12C,0,0.990618,0.415339,0.234886
C[C@H]1CN([C@@H](C)CO)C(=O)Cc2cc(ccc2O[C@H]1CN(C)C(=O)Nc1ccc(cc1)C(F)(F)F)NS(=O)(=O)c1ccc(cc1)C,0,0.089554,0.053124,0.012192
C[C@H]1CN([C@@H](C)CO)C(=O)c2cc(ccc2O[C@H]1CN(C)Cc1ccc(c(c1)Cl)Cl)NC(=O)Nc1ccc(cc1)C(F)(F)F,0,0.864043,0.118551,0.047337
C[C@@H]1CN([C@H](C)CO)C(=O)c2cccc(c2O[C@H]1CN(C)C(=O)NC1CCCCC1)NC(=O)C1CC1,0,0.031504,0.031896,0.013772
C[C@@H]1CCCCO[C@@H](CN(C)S(=O)(=O)c2ccccc2)[C@@H](C)CN([C@H](C)CO)C(=O)c2cc(ccc2O1)NC(=O)CCC(F)(F)F,0,0.024341,0.024490,0.006010
CCCNC(=O)[C@]1(CC(=O)N(Cc2cc(cc(c2)C(F)(F)F)C(F)(F)F)[C@@H]1c1ccc(cc1)CO)Sc1ccc(cc1)C,0,0.809669,0.139679,0.082642
CCS(=O)(=O)N1CC[C@]2(CC1)CN([C@@H](CO)c1c2c2ccc(cc2n1C)OC)C(=O)CN1CCOCC1,0,0.024336,0.030039,0.013861
OC[C@H]1O[C@H](C[C@@H]2[C@H]1Oc1ccc(cc12)NC(=O)Cc1ccncc1)CC(=O)NCc1ccc2c(c1)OCO2,0,0.004526,0.027223,0.015827
CCCCCS(=O)(=O)CCCCCCCCCCn1c(c(c2cc(ccc12)O)C)-c1ccc(cc1)O,0,0.981499,0.813024,0.659217
CC12CCC(=O)C=C1C1CC1C1C2CCC2(C)C1C1CC1C21CCC(=O)O1,0,0.019188,0.268160,0.067155
C[C@H]1CN([C@H](C)CO)C(=O)c2c(c3ccccc3n2C)-c2ccccc2CO[C@H]1CN(C)C(=O)Oc1ccccc1,0,0.060642,0.044701,0.025097
C[C@H]1CN([C@H](C)CO)C(=O)c2cccc(c2O[C@@H]1CN(C)Cc1ccc(cc1)-c1ccccc1)NC(=O)c1ccc(cc1)-c1nccs1,0,0.025387,0.047380,0.006466
CCCCn1c(nc2c1C(=O)N(C)C(=O)N2C)SCC(=O)N,0,0.877568,0.182484,0.163731
COc1ccc(cc1)S(=O)(=O)Nc1ccc2c(c1)C(=O)N(C[C@@H](C)[C@@H](CN(C)Cc1ccc(c(c1)Cl)Cl)O2)[C@@H](C)CO,0,0.011137,0.024637,0.005668
CN1N=C(C(=O)O)c2ccccc2C1=O,0,0.425583,0.186559,0.178342
C[C@H]1CN([C@@H](C)CO)C(=O)c2cc(ccc2O[C@@H]1CN(C)C(=O)NC1CCCCC1)NS(=O)(=O)c1c(noc1C)C,0,0.009722,0.024305,0.006156
C[C@@H]1CN([C@H](C)CO)C(=O)c2cc(ccc2O[C@H]1CN(C)S(=O)(=O)c1cn(cn1)C)NC(=O)C1CCCCC1,0,0.007132,0.024244,0.004996
C[C@@H]1CCCCO[C@H](CN(C)Cc2ccc(cc2)C(F)(F)F)[C@H](C)CN([C@@H](C)CO)C(=O)c2cc(ccc2O1)NS(=O)(=O)C,0,0.123717,0.024934,0.007708
N[C@@H]1C[C@H]1c1ccccc1,0,0.031945,0.255251,0.154840
CC(C)CC(NC(=O)C(C)NC(=O)CNC(=O)C(NC=O)C(C)C)C(=O)NC(C)C(=O)NC(C(=O)NC(C(=O)NC(C(=O)NC(Cc1c[nH]c2ccccc12)C(=O)NC(CC(C)C)C(=O)NC(Cc1c[nH]c2ccccc12)C(=O)NC(CC(C)C)C(=O)NC(Cc1c[nH]c2ccccc12)C(=O)NC(CC(C)C)C(=O)NC(Cc1c[nH]c2ccccc12)C(=O)NCCO)C(C)C)C(C)C)C(C)C,0,0.045513,0.203695,0.046121
CC(C)NC(=O)Nc1cccc2c1O[C@H](CN(C)S(=O)(=O)c1cccs1)[C@@H](C)CN([C@H](C)CO)C2=O,0,0.017961,0.024366,0.004925
C[C@H](O)[C@H](O)[C@@H](O)[C@@H](O)/C=N/NC(=O)CCCCCC(=O)NO,0,0.001224,0.048313,0.018748
C[C@@H]1CN([C@@H](C)CO)C(=O)Cc2cc(ccc2O[C@@H]1CN(C)C(=O)NC1CCCCC1)NC(=O)Cn1cnnn1,0,0.019698,0.030438,0.011539
CN(C)CC(=O)N[C@@H]1C=C[C@H](CC(=O)O)O[C@H]1CO,0,0.220966,0.029361,0.019831
O[C@H]1COC[C@H]2O[C@@H](CC[C@@H]2N(C1)S(=O)(=O)c1ccccc1)CC(=O)NCc1ccc(cc1)-c1ccccc1,0,0.151757,0.065598,0.017867
COc1ccc(cc1)NC(=O)N(C)C[C@H]1Oc2ccc(cc2C(=O)N(C[C@@H]1C)[C@@H](C)CO)NC(=O)CCN1CCOCC1,0,0.007174,0.023082,0.003979
CCN(CC)c1ccnc(n1)[C@H]1COCCN1,0,0.151859,0.031099,0.019486
C[C@@H]1CN([C@@H](C)CO)C(=O)c2c(c3ccccc3n2C)-c2ccccc2CO[C@@H]1CN(C)S(=O)(=O)c1ccc(cc1)Cl,0,0.035239,0.042648,0.005920
NC1=NC(=O)N(C=C1)[C@H]1CC[C@@H](CO)O1,0,0.318093,0.077055,0.068131
CCOC(=O)CCCCCC(=O)Nc1ccc2c(c1)C(=O)N(C[C@@H](C)[C@H](CN(C)C(=O)Nc1ccccc1)OCCCC[C@H](C)O2)[C@@H](C)CO,0,0.001212,0.023337,0.002898
C[C@H]1CN([C@H](C)CO)S(=O)(=O)c2ccc(cc2O[C@@H]1CN(C)Cc1cccc(c1)F)C#CC1CC1,0,0.063072,0.029072,0.007551
CC(C)NC(=O)N[C@@H]1C=C[C@H](CC(=O)NCCCN(C)C)O[C@H]1CO,0,0.126550,0.031843,0.016862
C[C@H]1CN([C@H](C)CO)S(=O)(=O)c2ccc(cc2O[C@H]1CN(C)Cc1ccccc1)C#CC(C)(C)O,0,0.032904,0.029084,0.007843
C[C@@H]1CCCCO[C@@H](CN(C)S(=O)(=O)c2ccccc2)[C@@H](C)CN([C@@H](C)CO)C(=O)c2cc(ccc2O1)NS(=O)(=O)c1ccc(cc1)Cl,0,0.002047,0.025434,0.004652
CC(=O)O[C@@H]1C[C@H]2[C@@]3(C)CC[C@@H](OC(=O)CC(=O)O)C(C)(C)[C@@H]3CC[C@@]2(C)[C@]2(C)CC[C@@](O)([C@@H]12)[C@]1(C)CC[C@@H](O1)C(C)(C)O,0,0.126970,0.567425,0.641998
C[C@@H]1CN([C@@H](C)CO)C(=O)c2c(c3ccccc3n2C)-c2ccccc2CO[C@H]1CN(C)Cc1ccc(cc1)F,0,0.095059,0.042965,0.023543
C[C@@H]1CN([C@H](C)CO)C(=O)Cc2cc(ccc2O[C@@H]1CN(C)S(=O)(=O)c1cn(cn1)C)NC(=O)c1ccncc1,0,0.002307,0.024232,0.003812
C[C@H]1CN([C@H](C)CO)C(=O)c2cccc(c2O[C@H]1CN(C)C(=O)Nc1ccccc1)NC(=O)c1cnccn1,0,0.114682,0.024917,0.007378
COC[C@H]1N(CCc2c1nnn2C)S(=O)(=O)c1cn(cn1)C,0,0.092071,0.034550,0.015677
C[C@@H]1CN([C@@H](C)CO)C(=O)CCCn2nncc2CO[C@@H]1CN(C)C(=O)Nc1cccc(c1)Oc1ccccn1,0,0.008040,0.023265,0.005402
COc1cc(ccc1O[C@@H]1O[C@H](CO)[C@@H](O)[C@H](O)[C@H]1O)/C=C/c1cc(cc(c1)O[C@@H]1O[C@H](CO)[C@@H](O)[C@H](O)[C@H]1O)O,0,0.334000,0.098794,0.077771
CC(=O)O[C@@H]1[C@H](OC(=O)C)N(C(=O)C)C(=O)N1C(=O)C,0,0.000005,0.083075,0.034576
C[C@@H]1CCCCO[C@@H](CN(C)S(=O)(=O)c2ccc(cc2)Cl)[C@@H](C)CN([C@H](C)CO)C(=O)c2cc(ccc2O1)NC(=O)NC1CCCCC1,0,0.015992,0.025118,0.005336
C[C@@H]1CN([C@@H](C)CO)C(=O)c2cccc(c2O[C@@H]1CN(C)C(=O)Nc1ccccc1)NC(=O)c1ccc(cc1)-c1nccs1,0,0.028976,0.022468,0.007581
C[C@H](NC(=O)[C@H]1N[C@@H]2[C@@H](CN3C(=O)C(=CC=C23)c2ccc(cc2)C(=O)N(C)C)[C@@H]1CO)c1ccccc1,0,0.024332,0.045222,0.021054
CNC(C)(C)Cc1ccccc1.O=S(=O)(O)O,0,0.576820,0.152749,0.095736
C[C@H]1CN([C@@H](C)CO)C(=O)c2cccc(c2O[C@H]1CN(C)C(=O)Nc1ccccc1)NC(=O)c1ccc(cc1)-c1nccs1,0,0.028976,0.022468,0.007581
COc1ccc(cc1)[C@@H]([C@H](Cc1ccccc1)OC(=O)C)N1C[C@@H](NC(=O)C(Cl)(Cl)Cl)[C@H]2[C@@H](ON(C)[C@H]2[C@@H]1Cc1ccccc1)c1ccccc1,0,0.930684,0.200612,0.063420
CC(C)(C)OC(=O)C[C@H]1CC=CC[C@@H](CC(=O)N[C@H](CO)Cc2ccccc2)C(=O)N[C@H](COC1=O)C(C)(C)C,0,0.074745,0.068249,0.037665
COC(=O)c1cn(cn1)C,0,0.044089,0.035977,0.019299
COCC(=O)Nc1ccc2c(c1)OC[C@@H](C)N(C[C@@H](C)[C@H](CN(C)C2=O)OC)Cc1ccccc1F,0,0.013947,0.028232,0.008910
CN1CCC(OC(c2ccccc2)c2ccccc2)CC1.Cl,0,0.945132,0.418861,0.426477
CC(C)NC(=O)N(C)C[C@@H]1Oc2c(cccc2C(=O)N(C[C@H]1C)[C@H](C)CO)NC(=O)C1CCOCC1,0,0.067959,0.026923,0.006482
COc1cccc(c1)S(=O)(=O)Nc1ccc2c(c1)[C@@H]1C[C@H](CC(=O)NCC(F)(F)F)O[C@H](CO)[C@@H]1O2,0,0.049939,0.027048,0.015460
NC(=O)C[C@H]1Sc2ccccc2NC1=O,0,0.055067,0.066693,0.056467
CC(=O)NCCc1cnc[nH]1,0,0.057565,0.026189,0.014284
CCCCC1C(=O)N(c2ccccc2)N(c2ccccc2)C1=O,0,0.085763,0.285650,0.173846
C[C@H]1CCc2cc(ccc2N1)F,0,0.120201,0.036081,0.040265
COc1ccc(cc1)[Si](C)(C)[C@@H]1[C@@H](C)[C@@]2(O[C@H]1CC(=O)N(CCO)Cc1ccccc1)C(=O)N(C)c1c(cc(cc12)C)Br,0,0.756988,0.224370,0.112133
CCCNC(=O)N(C)C[C@H]1Oc2cc(ccc2S(=O)(=O)N(C[C@@H]1C)[C@@H](C)CO)-c1ccc(cc1)C,0,0.054937,0.027607,0.007035
CN1CCN(CC1)C(=O)C[C@@H]1CC[C@@H](NC(=O)c2ccc3c(c2)OCO3)[C@H](CO)O1,0,0.038429,0.028782,0.009652
C[C@H]1CN([C@H](C)CO)C(=O)c2cc(cnc2O[C@H]1CN(C)S(=O)(=O)c1ccccc1)-c1cccc(c1)C(=O)N(C)C,0,0.001251,0.024254,0.004320
C[C@@H]1CN([C@H](C)CO)C(=O)c2cc(ccc2O[C@H]1CN(C)Cc1ccc(cc1)C(=O)O)NC(=O)Nc1cccc2ccccc12,0,0.066778,0.029854,0.013906
C[N+](C)(C)CCCC[C@@H]1NC(=O)[C@@H]2C[C@@H]([C@@H](N2C1=O)c1ccc(cc1)O)C(=O)OCCOc1ccc(cc1)[C@H]1N2[C@@H]([C@@H](C(=O)OCC=C)[C@]11C(=O)Nc3ccc(cc31)I)C(=O)O[C@@H]([C@@H]2c1ccccc1)c1ccccc1,0,0.289289,0.195993,0.014867
OCCNC(=O)C[C@H]1CC=CCC[C@H](Cc2ccc(cc2)F)C(=O)OC[C@H](Cc2ccccc2)NC1=O,0,0.025940,0.065036,0.040250
C[C@H]1CCCCO[C@@H](CN(C)C(=O)c2ccccc2)[C@@H](C)CN([C@@H](C)CO)C(=O)c2cc(ccc2O1)NC(=O)Cc1ccccc1,0,0.000796,0.023252,0.004203
COCC#Cc1cnc2c(c1)C(=O)N(C[C@H](C)[C@H](CN(C)C(=O)CN1CCOCC1)O2)[C@@H](C)CO,0,0.019013,0.022748,0.004674
COc1ccc(cc1)S(=O)(=O)N(C)C[C@@H]1OCCCC[C@H](C)Oc2ccc(cc2C(=O)N(C[C@@H]1C)[C@@H](C)CO)NC(=O)Nc1c(noc1C)C,0,0.007128,0.024565,0.004131
COc1ccc2c3c(n(c2c1)C)[C@H](CO)N(C[C@]13CN(C1)C(=O)Nc1cccc(c1)F)S(=O)(=O)C,0,0.123858,0.044077,0.021746
C[C@H]1CN([C@@H](C)CO)C(=O)Cc2cc(ccc2O[C@H]1CN(C)C(=O)Nc1cccc2ccccc12)NC(=O)Nc1ccccc1,0,0.020631,0.023891,0.006432
C[C@H]1CCCCO[C@@H](CN(C)S(=O)(=O)c2ccc(cc2)Cl)[C@@H](C)CN([C@@H](C)CO)C(=O)c2cc(ccc2O1)NS(=O)(=O)c1ccc(cc1)F,0,0.006437,0.025975,0.006146
OC[C@@H]1Cc2ccccc2CN1,0,0.060962,0.100999,0.058745
C[C@@H]1CN([C@@H](C)CO)S(=O)(=O)c2ccc(cc2O[C@H]1CN(C)C(=O)c1ccc2c(c1)OCO2)C#Cc1ccccc1F,0,0.027542,0.025129,0.004186
C[C@H]1CN([C@H](C)CO)S(=O)(=O)c2ccc(cc2O[C@@H]1CN(C)C(=O)C1CCOCC1)C1=CCCCC1,0,0.003518,0.027884,0.010366
C[C@H]1CN([C@H](C)CO)C(=O)c2cc(ccc2O[C@@H]1CN(C)Cc1ccc(cc1)Oc1ccccc1)NC(=O)Cc1cn(c2ccccc12)C,0,0.005128,0.024452,0.005936
C[C@H]1CN([C@@H](C)CO)C(=O)c2cc(ccc2O[C@H]1CN(C)S(=O)(=O)c1cccs1)NS(=O)(=O)C,0,0.009423,0.024859,0.005871
C[C@@H]1CN([C@@H](C)CO)C(=O)Cc2cc(ccc2O[C@H]1CN(C)S(=O)(=O)C)NC(=O)Nc1ccccc1,0,0.012626,0.027755,0.007263
C[C@@H]1CCCCO[C@H](CN(C)Cc2ccc3c(c2)OCO3)[C@@H](C)CN([C@H](C)CO)C(=O)c2cc(ccc2O1)NC(=O)Nc1ccccc1,0,0.013263,0.023411,0.004451
CC1=CC(=C)C(=C2NN=C(N)O2)C=C1,0,0.839813,0.079256,0.056652
C[C@H]1CN([C@H](C)CO)C(=O)c2cccc(c2O[C@@H]1CN(C)CC1CCCCC1)NC(=O)Nc1cccc2ccccc12,0,0.091786,0.060266,0.023199
CCCCC1C(=O)NC(=S)NC1=O,0,0.153137,0.068028,0.027970
CO[C@@H]1CN(C)C(=O)c2cc(ccc2OC[C@H](C)N(C[C@H]1C)C(=O)CN(C)C)NS(=O)(=O)C,0,0.040713,0.163803,0.007626
C[C@H](O)C#Cc1ccc2c(c1)O[C@@H](CN(C)C)[C@H](C)CN([C@H](C)CO)S2(=O)=O,0,0.073608,0.031272,0.008738
CCN1C[C@@]23CN(C[C@@H](C[C@H]3S1(=O)=O)O2)C(=O)c1cnccn1,0,0.003449,0.110407,0.011616
C[C@H]1CCCCO[C@H](CN(C)Cc2ccccc2)[C@H](C)CN([C@@H](C)CO)C(=O)c2cc(ccc2O1)NC(=O)c1ccncc1,0,0.002405,0.023375,0.003379
C[C@@H]1CCCCO[C@H](CN(C)S(=O)(=O)c2cn(cn2)C)[C@H](C)CN([C@@H](C)CO)C(=O)c2cc(ccc2O1)NC(=O)Nc1ccc(cc1)C(F)(F)F,0,0.257669,0.123874,0.059492
C[C@H]1CCCCO[C@H](CN(C)C(=O)Nc2ccc3c(c2)OCO3)[C@@H](C)CN([C@H](C)CO)C(=O)c2cc(ccc2O1)NS(=O)(=O)c1ccc(cc1)C,0,0.001162,0.024245,0.003542
C[C@@H]1CCCCO[C@@H](CN(C)C)[C@@H](C)CN([C@@H](C)CO)C(=O)c2cc(ccc2O1)NS(=O)(=O)c1cn(cn1)C,0,0.028487,0.024413,0.004300
CO[C@H]1CN(C)C(=O)c2ccc(cc2OC[C@@H](C)N(C[C@H]1C)C(=O)CN(C)C)NC(=O)Nc1ccccc1,0,0.085151,0.028713,0.010365
COc1cc(OC)c2c(=O)cc(-c3ccccc3)oc2c1,0,0.071566,0.377692,0.302134
C[C@H]1CN([C@@H](C)CO)S(=O)(=O)c2ccc(cc2O[C@H]1CN(C)S(=O)(=O)c1cn(cn1)C)C1=CCCCC1,0,0.002940,0.024478,0.004525
C[C@H]1CN([C@@H](C)CO)C(=O)c2cc(ccc2O[C@H]1CN(C)CC1CC1)NC(=O)CCN1CCOCC1,0,0.016484,0.039013,0.005986
CO[C@@H]1CN(C)C(=O)c2ccc(cc2OC[C@H](C)N(C[C@H]1C)C(=O)CN1CCOCC1)NC(=O)C1CC1,0,0.005079,0.025835,0.004537
C[C@H]1CNC(=O)[C@H](C/C=C/CC[C@H](NC(=O)OC(C)(C)C)C(=O)O1)CC(=O)N(CCOC(=O)NCCCCCC(=O)NO)Cc1ccccc1,0,0.000000,0.033061,0.022460
COc1ccccc1CNC(=O)C[C@H]1C[C@@H]2[C@@H](Oc3ccc(cc32)NS(=O)(=O)c2ccc(cc2)F)[C@@H](CO)O1,0,0.006050,0.026086,0.008526
C[C@H]1CN([C@H](C)CO)C(=O)c2cccc(c2O[C@@H]1CN(C)C(=O)Nc1cccc2ccccc12)NC(=O)Nc1ccccc1,0,0.053070,0.026727,0.012602
OC[C@H]1O[C@H](CCNC(=O)C2CC2)CC[C@H]1NS(=O)(=O)c1cccc(c1)F,0,0.061386,0.030376,0.014912
COc1ccc(cc1)S(=O)(=O)Nc1ccc2c(c1)CC(=O)N(C[C@H](C)[C@@H](CN(C)S(=O)(=O)c1ccccc1)O2)[C@@H](C)CO,0,0.000901,0.024220,0.004454
C[C@H]1CN([C@H](C)CO)C(=O)Cc2cc(ccc2O[C@@H]1CN(C)S(=O)(=O)c1ccc(cc1)F)NS(=O)(=O)c1ccc(cc1)F,0,0.010834,0.024245,0.005737
C[C@H]1CN([C@@H](C)CO)C(=O)c2cc(ccc2O[C@@H]1CN(C)Cc1ccc(cc1)C(=O)Nc1ccccc1N)NS(=O)(=O)C,0,0.005406,0.024521,0.005090
Clc1ccc(cc1)[C@H]1CC(=NN1c1ccccc1)C1CC1,0,0.481308,0.348244,0.214860
CC(C)(C#N)c1cc(Cn2cncn2)cc(C(C)(C)C#N)c1,0,0.066874,0.448729,0.458390
C[C@H]1CN([C@@H](C)CO)C(=O)c2cc(ccc2O[C@H]1CN(C)S(=O)(=O)c1ccc(cc1)Cl)NC(=O)Cn1cnnn1,0,0.045807,0.024648,0.005736
C[C@@H]1CCCCO[C@@H](CN(C)C)[C@H](C)CN([C@H](C)CO)C(=O)c2cc(ccc2O1)NC(=O)Nc1ccc(cc1)C(F)(F)F,0,0.575007,0.602445,0.444897
C[C@H]1CN([C@@H](C)CO)C(=O)c2cc(cnc2O[C@@H]1CN(C)S(=O)(=O)c1cn(cn1)C)C1=CCCC1,0,0.001745,0.025095,0.005480
C[C@@H]1CN([C@@H](C)CO)C(=O)Cc2cc(ccc2O[C@H]1CN(C)C(=O)Nc1ccc(cc1)C(F)(F)F)NC(=O)Nc1ccc(cc1)C(F)(F)F,0,0.960753,0.054796,0.042607
C[C@H]1CN([C@H](C)CO)C(=O)c2cc(ccc2O[C@H]1CN(C)Cc1ccc(cc1)Oc1ccccc1)NC(=O)Cn1cnnn1,0,0.006354,0.031128,0.008277
C[C@@H]1CCCCO[C@@H](CN(C)C(=O)c2ccccc2)[C@H](C)CN([C@@H](C)CO)C(=O)c2cc(ccc2O1)NC(=O)Nc1c(noc1C)C,0,0.005050,0.023939,0.004315
OC[C@H]1O[C@@H](C[C@@H]2[C@H]1Oc1ccc(cc12)NS(=O)(=O)c1ccc(cc1)F)CC(=O)NCc1ccncc1,0,0.004808,0.025490,0.006947
C[C@H]1CCCCO[C@H](CN(C)S(=O)(=O)c2cn(cn2)C)[C@H](C)CN([C@@H](C)CO)C(=O)c2cc(ccc2O1)NS(=O)(=O)c1ccccc1,0,0.000617,0.024251,0.003740
C[C@@H]1CN([C@H](C)CO)S(=O)(=O)c2ccc(cc2O[C@@H]1CN(C)C(=O)CN(C)C)C#Cc1ccccc1,1,0.266399,0.847564,0.917111
CN(C)CC#Cc1ccc(cc1)[C@H]1[C@H](CO)N2[C@H]1CN(CC2=O)C(=O)CN(C)C,0,0.878879,0.034958,0.033537
CO[C@@H]1CN(C)C(=O)c2ccc(cc2OC[C@@H](C)N(C[C@H]1C)Cc1ccccn1)NS(=O)(=O)CC(F)(F)F,0,0.021466,0.026842,0.010271
C[C@H]1CN([C@@H](C)CO)C(=O)Cc2cc(ccc2O[C@@H]1CN(C)C(=O)Nc1c(noc1C)C)NC(=O)C1CC1,0,0.025740,0.030013,0.006933
Cc1nc(cs1)-c1ccccc1,0,0.079666,0.234346,0.130607
O=C(CNC(=O)c1ccc(Cl)cc1)NO,0,0.400807,0.101533,0.110449
CCO[C@@H]1OC(=C[C@H](C)[C@H]1CCCOC(=O)NCCCCCC(=O)NO)C(=O)N1CCN(CC1)Cc1ccc2c(c1)OCO2,0,0.000008,0.041465,0.013250
CN1CCN(CC1)C(=O)C[C@H]1CC[C@@H]2[C@H](COC[C@@H](O)CN2Cc2ccc(cc2)Oc2ccccc2)O1,0,0.402354,0.043428,0.038081
Cl.N=C(N)NC(=N)N1CCOCC1,0,0.040924,0.141470,0.056591
C[C@H]1CN([C@H](C)CO)S(=O)(=O)c2ccc(cc2O[C@H]1CN(C)C(=O)C1CCOCC1)-c1ccc(cc1)F,0,0.048002,0.041144,0.011647
C[C@@H]1CN([C@H](C)CO)S(=O)(=O)c2ccc(cc2O[C@H]1CN(C)S(=O)(=O)c1ccc(cc1)C)C#Cc1ccccc1,0,0.023801,0.047914,0.008343
C[C@H]1CN([C@@H](C)CO)S(=O)(=O)c2ccc(cc2O[C@@H]1CN(C)C(=O)C1CCCCC1)Br,0,0.061725,0.053175,0.013290
C[C@H]1CCCCO[C@H](CN(C)Cc2ccc3c(c2)OCO3)[C@H](C)CN([C@@H](C)CO)C(=O)c2cc(ccc2O1)NC(=O)NC1CCCCC1,0,0.018400,0.026046,0.005527
CC(=O)c1ccc2c(c1)N(CCCN1CCN(CCO)CC1)c1ccccc1S2.O=C(O)C=CC(=O)O,0,0.998475,0.578298,0.359671
CC(=O)Nc1cccc(c1)S(=O)(=O)N,0,0.000001,0.055279,0.010148
CN(C)CC(=O)N[C@H]1CC[C@H](CCNC(=O)C2CCC2)O[C@@H]1CO,0,0.187776,0.031695,0.013818
CC1=CC(=O)C(=CN1)C(=O)N[C@@H](C(=O)N[C@H]1[C@H]2SCC(=C(N2C1=O)C(=O)O)CSc1nnnn1C)c1ccc(cc1)O,1,0.999906,0.954434,0.962849
COc1ccc(cc1)S(=O)(=O)N(C)C[C@@H]1OCCCC[C@@H](C)Oc2ccc(cc2C(=O)N(C[C@@H]1C)[C@H](C)CO)NC(=O)CCC(F)(F)F,0,0.027896,0.024905,0.006989
C[C@@H]1CCCCO[C@@H](CN(C)C(=O)Nc2ccc3c(c2)OCO3)[C@H](C)CN([C@H](C)CO)C(=O)c2cc(ccc2O1)NC(=O)Nc1ccc2c(c1)OCO2,0,0.003441,0.030374,0.003265
C[C@H]1CN([C@@H](C)CO)C(=O)c2cc(cnc2O[C@@H]1CN(C)S(=O)(=O)c1ccccc1)Br,0,0.019421,0.025402,0.005777
C[C@@H]1CCCCO[C@H](CN(C)C(=O)NC2CCCCC2)[C@@H](C)CN([C@H](C)CO)C(=O)c2cc(ccc2O1)NC(=O)Nc1ccc2c(c1)OCO2,0,0.012331,0.023883,0.003627
C[C@@H]1CCCCO[C@@H](CN(C)Cc2ccc(c(c2)Cl)Cl)[C@H](C)CN([C@@H](C)CO)C(=O)c2cc(ccc2O1)NC(=O)Nc1c(noc1C)C,0,0.177674,0.035559,0.007274
CNC[C@H]1OCCCC[C@@H](C)Oc2ccc(cc2C(=O)N(C[C@H]1C)[C@H](C)CO)NC(=O)Nc1ccc(cc1)C(F)(F)F,1,0.688436,0.675422,0.433716
CN1CCN(CC1)C(=O)C[C@@H]1O[C@@H](CO)[C@H](NC(=O)Nc2ccccc2F)C=C1,0,0.626923,0.094368,0.094513
C[C@H]1CCCCO[C@H](CN(C)S(=O)(=O)c2cccs2)[C@@H](C)CN([C@H](C)CO)C(=O)c2cc(ccc2O1)NC(=O)CCC(F)(F)F,0,0.013223,0.024624,0.008182
C[C@@H]1CN([C@H](C)CO)C(=O)c2cccc(c2O[C@@H]1CN(C)C(=O)Nc1c(noc1C)C)NC(=O)Nc1cccc2ccccc12,0,0.112888,0.022869,0.010609
CCS(=O)(=O)Nc1ccc2c(c1)C(=O)N(C)C[C@H](OC)[C@H](C)CN(Cc1nccs1)[C@H](C)CO2,0,0.003643,0.023862,0.005138
C[C@H]1CN([C@H](C)CO)C(=O)c2c(c3ccccc3n2C)-c2ccccc2CO[C@H]1CN(C)C(=O)NC1CCCCC1,0,0.050616,0.031400,0.009493
COc1ccc(cc1)S(=O)(=O)N(C)C[C@H]1Oc2ccc(cc2C(=O)N(C[C@@H]1C)[C@H](C)CO)NC(=O)Nc1cccc2ccccc12,0,0.009089,0.024498,0.003894
C[C@H]1CN([C@@H](C)CO)C(=O)Cc2cc(ccc2O[C@@H]1CN(C)Cc1ccc(c(c1)Cl)Cl)NS(=O)(=O)c1ccc(cc1)C,0,0.006166,0.030865,0.005537
OC(=O)CCC(=O)O,0,0.008242,0.099219,0.044704
CC(C)(C)OC(=O)C[C@@H]1CC=CC[C@@H](CC(=O)N[C@H](CO)Cc2ccccc2)C(=O)N[C@H](COC1=O)C(C)(C)C,0,0.074745,0.068249,0.037665
C[C@@H]1CN([C@@H](C)CO)C(=O)c2cccc(c2O[C@H]1CN(C)S(=O)(=O)c1ccc(cc1)F)NS(=O)(=O)C,0,0.068292,0.027450,0.009281
C[C@@H]1CCCCO[C@@H](CN(C)S(=O)(=O)c2ccc(cc2)F)[C@@H](C)CN([C@H](C)CO)C(=O)c2cc(ccc2O1)NS(=O)(=O)C,0,0.015129,0.024311,0.006310
C[C@H]1CN([C@H](C)CO)C(=O)c2cc(cnc2O[C@H]1CN(C)C(=O)CN1CCOCC1)-c1cncnc1,0,0.007171,0.025248,0.005625
C[C@H]1CN([C@@H](C)CO)C(=O)c2cc(ccc2O[C@@H]1CN(C)S(=O)(=O)c1ccc(cc1)C)NC(=O)Nc1cccc2ccccc12,0,0.009335,0.024316,0.003743
COC1CCNCC1,0,0.063957,0.036561,0.012486
C[C@H]1CN([C@@H](C)CO)C(=O)Cc2cc(ccc2O[C@@H]1CN(C)S(=O)(=O)C)NS(=O)(=O)c1ccccc1,0,0.001310,0.024174,0.005015
COCCOC(=O)N1C(=O)[C@]2([C@@H]([C@@H]3N([C@H]([C@H](OC3=O)c3ccccc3)c3ccccc3)[C@@H]2c2ccc(cc2)O)C(=O)N2CCCCCCC2)c2cc(ccc21)C#Cc1ccc(cc1)OC,0,0.050613,0.100962,0.008459
C[C@@H]1CN([C@@H](C)CO)C(=O)c2cc(ccc2O[C@@H]1CN(C)Cc1ccc(cc1)C(=O)Nc1ccccc1N)NC(=O)Nc1c(noc1C)C,0,0.012514,0.027916,0.005899
OCCC#Cc1ccc2c(c1)[C@@]1([C@@H]([C@@H]3N([C@H]([C@H](OC3=O)c3ccccc3)c3ccccc3)[C@@H]1c1ccc(cc1)O)C(=O)N1CCCCCCC1)C(=O)N2,0,0.277111,0.162558,0.089413
C[C@@H]1CN([C@@H](C)CO)C(=O)c2cccc(c2O[C@H]1CN(C)Cc1ccccc1)NC(=O)c1cc(nn1C)C,0,0.019674,0.023627,0.009207
C[C@@H]1CN([C@H](C)CO)C(=O)c2cc(ccc2O[C@@H]1CN(C)Cc1ccc(cc1)-c1ccccc1)NS(=O)(=O)c1cccs1,0,0.013370,0.034817,0.006974
O[C@H]1COC[C@@H]2O[C@H](CC[C@H]2N(C1)S(=O)(=O)c1ccc(cc1)Cl)CC(=O)NCCN1CCCCC1,0,0.630643,0.122350,0.053215
C[C@@H]1CCCCO[C@H](CN(C)C(=O)Nc2ccc(cc2)C(F)(F)F)[C@@H](C)CN([C@@H](C)CO)C(=O)c2cc(ccc2O1)NC(=O)Nc1ccccc1,0,0.355853,0.020895,0.006924
Cc1cncc2cccc(c12)S(=O)(=O)N[C@H]1CN[C@@H](C1)C(=O)NN,0,0.083439,0.029311,0.011837
COc1ccccc1C(=O)Nc1ccc2c(c1)C(=O)N(C)[C@H]1CC[C@H](CC(=O)NCc3ccc(c(c3)Cl)Cl)O[C@H]1CO2,0,0.057308,0.068064,0.029830
CC(O)C(=O)Nc1c(I)c(C(=O)NC(CO)CO)c(I)c(C(=O)NC(CO)CO)c1I,0,0.813955,0.341350,0.142538
C[C@H]1CCCCO[C@H](CN(C)C(=O)Nc2cccc3ccccc23)[C@@H](C)CN([C@@H](C)CO)C(=O)c2cc(ccc2O1)NC(=O)Nc1ccc2c(c1)OCO2,0,0.007148,0.023946,0.002690
Cc1ccc(cc1)S(=O)(=O)NCC[C@H]1CC[C@H](NS(=O)(=O)c2ccccc2Cl)[C@H](CO)O1,0,0.065340,0.057625,0.020458
C[C@@H]1CN([C@@H](C)CO)C(=O)c2cc(ccc2O[C@@H]1CN(C)C(=O)Nc1cccc2ccccc12)NC(=O)Nc1cccc2ccccc12,0,0.010450,0.025977,0.007746
C[C@H]1CN([C@@H](C)CO)C(=O)c2c(c3ccccc3n2C)-c2ccccc2CO[C@H]1CN(C)Cc1ccc(cc1)F,0,0.095059,0.042965,0.023543
C[C@H]1CCCCO[C@@H](CN(C)Cc2ccc(cc2)C(=O)Nc2ccccc2N)[C@@H](C)CN([C@H](C)CO)C(=O)c2cc(ccc2O1)NC(=O)C1CCCCC1,0,0.003343,0.029826,0.008491
CN1[C@H]2CC[C@@H](CC(=O)NCCc3ccncc3)O[C@@H]2COc2ccc(cc2C1=O)NC(=O)Cc1cccs1,0,0.014940,0.026860,0.011563
C[C@H]1CN([C@H](C)CO)C(=O)Cc2cc(ccc2O[C@H]1CN(C)C(=O)Nc1ccc2c(c1)OCO2)NC(=O)Nc1ccc(cc1)C(F)(F)F,0,0.251965,0.027342,0.011117
CCCNC(=O)N(C)C[C@H]1Oc2cc(ccc2S(=O)(=O)N(C[C@H]1C)[C@@H](C)CO)C#Cc1ccccn1,0,0.050500,0.029070,0.006913
COC(=O)CCCCCCC(=O)N/N=C/[C@@H](O)[C@H](O)[C@H](O)CO,0,0.000202,0.112029,0.034912
O=C(CCCCCCCC(=O)NCCO)NCCO,0,0.001432,0.078872,0.038575
C[C@@H]1CN([C@H](C)CO)C(=O)c2cc(ccc2O[C@@H]1CN(C)Cc1ccc(cc1)Oc1ccccc1)NS(=O)(=O)c1ccc(cc1)C,0,0.000486,0.025292,0.004924
C[C@@H]1CCCCO[C@H](CN(C)C(=O)Nc2c(noc2C)C)[C@H](C)CN([C@@H](C)CO)C(=O)c2cc(ccc2O1)NC(=O)Nc1ccc(cc1)C(F)(F)F,0,0.562532,0.138236,0.055152
COC(=O)[C@@H]1[C@@H](C(=O)OCC=C)[C@]2([C@@H](N1C)c1ccccc1)C(=O)Nc1ccc(cc12)I,0,0.427058,0.433109,0.243248
CC(C)NC(=O)N(C)C[C@H]1Oc2ccc(cc2C(=O)N(C[C@H]1C)[C@H](C)CO)NS(=O)(=O)c1c(noc1C)C,0,0.013626,0.025071,0.008623
Cc1cc2c(cc1S(N)(=O)=O)S(=O)(=O)CCC2,0,0.000000,0.038641,0.018148
CC(C)NC(=O)N(C)C[C@H]1Oc2ccc(cc2C(=O)N(C[C@@H]1C)[C@@H](C)CO)NC(=O)Cn1cnnn1,0,0.030922,0.026008,0.007208
C[C@@H]1CN([C@H](C)CO)C(=O)Cc2cc(ccc2O[C@@H]1CN(C)Cc1ccc(cc1)-c1ccccc1)NC(=O)Nc1c(noc1C)C,0,0.128091,0.031932,0.008973
C[C@H]1CN([C@H](C)CO)C(=O)c2cccc(c2O[C@H]1CN(C)Cc1ccncc1)NC(=O)c1cc(nn1C)C,0,0.008947,0.023829,0.005369
CC(C)NC(=O)Nc1cccc2c1O[C@H](CN(C)S(=O)(=O)c1ccc(cc1)F)[C@H](C)CN([C@@H](C)CO)C2=O,0,0.110633,0.024414,0.006249
COCC(=O)N1C[C@H](C)[C@@H](CN(C)C(=O)c2cc(ccc2OC[C@@H]1C)NC(=O)c1cc(on1)C)OC,0,0.009440,0.025142,0.006102
C[C@@H]1CN([C@H](C)CO)C(=O)c2cccc(c2O[C@@H]1CN(C)Cc1ccc(cc1)Oc1ccccc1)NC(=O)Nc1cccc2ccccc12,0,0.006016,0.032059,0.012894
C[C@H]1CN([C@@H](C)CO)C(=O)Cc2cc(ccc2O[C@@H]1CN(C)S(=O)(=O)c1cn(cn1)C)NC(=O)CCCN(C)C,0,0.007378,0.024142,0.003822
C[C@@H]1CCCCO[C@@H](CN(C)S(=O)(=O)c2ccc(cc2)F)[C@@H](C)CN([C@H](C)CO)C(=O)c2cc(ccc2O1)NC(=O)Nc1ccc2c(c1)OCO2,0,0.007248,0.024456,0.005080
CC(C(=O)O)c1ccc2c(c1)Cc1cccnc1O2,0,0.159331,0.094988,0.106433
C[C@H]1CN([C@H](C)CO)C(=O)c2cccc(c2O[C@H]1CN(C)C(=O)Nc1cccc2ccccc12)NS(=O)(=O)c1ccc(cc1)F,0,0.016295,0.025298,0.008664
Nc1ccc-2c(c1)Cc1ccccc12,0,0.246077,0.259343,0.132545
C[C@@H]1CCCCO[C@@H](CN(C)Cc2ccc(cc2)C(F)(F)F)[C@@H](C)CN([C@@H](C)CO)C(=O)c2cc(ccc2O1)NS(=O)(=O)c1ccccc1,0,0.013761,0.024313,0.005494
C[C@H]1CN([C@@H](C)CO)C(=O)c2cc(ccc2O[C@H]1CN(C)C(=O)NC1CCCCC1)NC(=O)CCN1CCOCC1,0,0.003720,0.023244,0.005076
COc1ccc2c3c(n(c2c1)C)[C@H](CO)N(C[C@]13CN(C1)S(=O)(=O)c1ccc(cc1)C)S(=O)(=O)c1ccc(cc1)C,0,0.016040,0.046796,0.014995
NCC[C@@H]1CC[C@@H](NC(=O)Cc2ccncc2)[C@H](CO)O1,0,0.070404,0.028293,0.024607
Cc1ccc(c(c1)C)NC(=N)N=C(N)N,0,0.010923,0.076392,0.040648
Cc1cncc2cccc(c12)S(=O)(=O)N[C@H]1CN[C@@H](COC(=O)NCCOCCOCCN)C1,0,0.000026,0.037075,0.040180
O[C@H]1COC[C@@H]2O[C@H](CC[C@H]2N(C1)S(=O)(=O)c1ccc(cc1)F)CC(=O)N[C@@H]1CCN(C1)Cc1ccccc1,0,0.160716,0.042437,0.013700
Nc1nc2c(ncn2COCCO)c(=O)[nH]1,0,0.133177,0.078838,0.023398
O[C@@H]1COC[C@H]2O[C@H](CC[C@@H]2N(C1)S(=O)(=O)c1ccccc1)CC(=O)NCc1ccc2c(c1)OCO2,0,0.035889,0.043411,0.011334
Nc1ccc(c(c1)Cl)Oc1ccc2ccccc2c1Cl,1,0.678337,0.892215,0.821547
OC[C@H]1O[C@H](CCNC(=O)Cc2ccncc2)CC[C@@H]1NC(=O)C1CCOCC1,0,0.043049,0.024244,0.016551
C[C@@H]1CCCCO[C@@H](CN(C)Cc2ccc(c(c2)Cl)Cl)[C@@H](C)CN([C@H](C)CO)C(=O)c2cc(ccc2O1)NS(=O)(=O)c1cn(cn1)C,0,0.087555,0.025023,0.004876
C[C@@H]1CCCCO[C@@H](CN(C)S(=O)(=O)c2cccs2)[C@H](C)CN([C@H](C)CO)C(=O)c2cc(ccc2O1)NC(=O)CCC(F)(F)F,0,0.013223,0.024624,0.008182
Cc1ccc(cc1)S[C@@]1(CC(=O)N(C2Cc3ccccc3C2)[C@@H]1c1ccc(cc1I)CO)C(=O)NCC(F)(F)F,0,0.479414,0.286147,0.199596
C[C@@H]1CCCCO[C@@H](CN(C)Cc2ccccc2)[C@H](C)CN([C@H](C)CO)C(=O)c2cc(ccc2O1)NS(=O)(=O)c1ccc(cc1)F,0,0.003456,0.024608,0.006383
CCCNc1nc(ncc1C#CCCCNC(=O)[C@H](C)N(C)C(=O)/C=C/CN(C)C)Nc1ccc(cc1)C#N,0,0.598202,0.136541,0.051373
COc1ccc2c3c(n(c2c1)C)[C@@H](CO)N(C[C@]13CCN(CC1)C(=O)CN(C)C)S(=O)(=O)C,0,0.099456,0.037986,0.013046
c1ccc(cc1)-c1ccnc(c1)-c1cc(ccn1)-c1ccccc1,0,0.318441,0.141493,0.061147
COc1ccc(cc1)S(=O)(=O)Nc1cccc2c1O[C@@H](CN(C)S(=O)(=O)c1ccc(cc1)OC)[C@@H](C)CN([C@H](C)CO)C2=O,0,0.005939,0.027668,0.007629
OC[C@H]1O[C@@H](CC[C@H]1NC(=O)C1CCOCC1)CCn1cc(nn1)C1(O)CCCC1,0,0.549001,0.216349,0.124683
C[C@H]1CCCCO[C@@H](CN(C)S(=O)(=O)c2ccc(cc2)Cl)[C@H](C)CN([C@H](C)CO)C(=O)c2cc(ccc2O1)NC(=O)Nc1ccccc1,0,0.017843,0.024222,0.004138
CCCN(C)C[C@H]1OCCCC[C@@H](C)Oc2ccc(cc2C(=O)N(C[C@@H]1C)[C@H](C)CO)NC(=O)Nc1ccc2c(c1)OCO2,0,0.045862,0.027346,0.008402
C[C@H]1CCCCO[C@@H](CN(C)C(=O)Nc2ccccc2)[C@H](C)CN([C@@H](C)CO)C(=O)c2cc(ccc2O1)NC(=O)C1CCCCC1,0,0.010726,0.023270,0.005052
C[C@@H]1CCCCO[C@H](CN(C)C(=O)Nc2ccccc2)[C@@H](C)CN([C@H](C)CO)C(=O)c2cc(ccc2O1)NC(=O)CCC(F)(F)F,0,0.128839,0.018531,0.010407
CC(=O)NCc1c(c(c(c(c1I)C(=O)O)I)NC(=O)C)I,0,0.882838,0.352433,0.253542
Clc1ccc(cc1)/C=N/Cc1ccc(s1)-c1cccs1,0,0.774746,0.562484,0.389007
O[C@H]1COC[C@H]2O[C@@H](CC[C@@H]2N(C1)C(=O)c1ccncc1)CC(=O)NC1CCC1,0,0.036784,0.024135,0.019531
COc1cccc(c1)S(=O)(=O)N(C)C[C@@H]1OCc2cnnn2CCCC(=O)N(C[C@H]1C)[C@H](C)CO,0,0.007432,0.025038,0.006108
COC(=O)c1c(C)cc(OC)cc1O,0,0.267120,0.211023,0.149878
C[C@H]1CCCCO[C@H](CN(C)S(=O)(=O)c2cn(cn2)C)[C@@H](C)CN([C@@H](C)CO)C(=O)c2cc(ccc2O1)NS(=O)(=O)c1cccs1,0,0.001722,0.024450,0.004155
C[C@H]1CN([C@H](C)CO)C(=O)c2ccccc2-c2ccccc2CO[C@@H]1CN(C)C(=O)Oc1ccc(cc1)C,0,0.050830,0.045153,0.028554
CCS(=O)(=O)N1C[C@]2(CCN(CC2)C(=O)Cc2ccccc2)c2c(n(c3cc(ccc23)OC)C)[C@@H]1CO,0,0.006759,0.041628,0.015815
NC(=O)c1ccccc1C(=O)N,0,0.326879,0.233377,0.083180
COc1ccc(cc1)NC(=O)Nc1cccc2c1O[C@@H](CN(C)C(=O)Nc1cccc3ccccc13)[C@@H](C)CN([C@@H](C)CO)C2=O,0,0.059848,0.025551,0.012085
COC(=O)Cn1nc(c2ccccc12)N,0,0.057810,0.081607,0.074224
O[C@H]1COC[C@@H]2O[C@@H](CC[C@H]2N(C1)C(=O)Nc1cccc(c1)F)CC(=O)NCc1ccccc1Cl,0,0.908767,0.837082,0.813469
COc1ccc(cc1)CN(C)C[C@H]1Oc2c(cccc2C(=O)N(C[C@H]1C)[C@@H](C)CO)NC(=O)c1ccc(cc1)-c1nccs1,0,0.005799,0.025560,0.004272
CCN1C(=C(SC1=S)C(=O)N)N,0,0.069572,0.072454,0.016952
OC[C@H]1COCc2cnnn21,0,0.013836,0.034571,0.012689
C[C@@H]1CCCCO[C@@H](CN(C)Cc2ccc(c(c2)Cl)Cl)[C@H](C)CN([C@H](C)CO)C(=O)c2cc(ccc2O1)NS(=O)(=O)C,0,0.046470,0.025054,0.006008
C[C@H]1CCCCO[C@@H](CN(C)C(=O)C2CCCCC2)[C@@H](C)CN([C@@H](C)CO)C(=O)c2cc(ccc2O1)NS(=O)(=O)c1ccccc1,0,0.000789,0.024262,0.004836
C[C@@H]1CN([C@H](C)CO)S(=O)(=O)c2ccc(cc2O[C@H]1CN(C)S(=O)(=O)c1ccc(cc1)C)C#Cc1ccncc1,0,0.024587,0.035562,0.006491
C[C@@H]1CN([C@@H](C)CO)C(=O)c2cc(ccc2O[C@H]1CN(C)S(=O)(=O)c1ccc(cc1)F)NC(=O)C1CC1,0,0.019667,0.024381,0.006656
O[C@@H]1COC[C@H]2O[C@@H](CC[C@@H]2N(C1)S(=O)(=O)c1ccc(cc1)Cl)CC(=O)NCCN1CCCCC1,0,0.630643,0.122350,0.053215
ONC(=O)CCC#C,0,0.000898,0.043567,0.023292
COc1ccc(cc1)NC(=O)Nc1cccc2c1O[C@H](CN(C)S(=O)(=O)C)[C@@H](C)CN([C@@H](C)CO)C2=O,0,0.048760,0.024178,0.004453
C[C@H]1CN([C@@H](C)CO)C(=O)c2cccc(c2O[C@@H]1CN(C)Cc1ccc(c(c1)Cl)Cl)NS(=O)(=O)c1ccc(cc1)C,0,0.031746,0.030567,0.006236
C[C@@H]1CCCCO[C@@H](CN(C)CC2CCCCC2)[C@H](C)CN([C@H](C)CO)C(=O)c2cc(ccc2O1)NC(=O)Nc1cccc2ccccc12,0,0.059130,0.035647,0.009298
C[C@@H]1CCCCO[C@H](CN(C)Cc2ccc3c(c2)OCO3)[C@H](C)CN([C@@H](C)CO)C(=O)c2cc(ccc2O1)NC(=O)NC1CCCCC1,0,0.018400,0.026046,0.005527
C[C@@H]1CN([C@H](C)CO)C(=O)c2cccc(c2O[C@@H]1CN(C)Cc1ccc(cc1)-c1ccccc1)NC(=O)C1CCCCC1,0,0.101003,0.044223,0.033940
NC(=NC(=N)Nc1ccccc1)N,0,0.005376,0.138197,0.075586
CNC[C@H]1Oc2cc(ccc2S(=O)(=O)N(C[C@H]1C)[C@H](C)CO)C#CC(C)(C)O,0,0.083246,0.122458,0.008558
Cl.Nc1ccn(C2OC(CO)C(O)C2(F)F)c(=O)n1,1,0.723920,0.180296,0.249823
CN1CCN(CC1)C(=O)C[C@@H]1C[C@H]2[C@H](Oc3ccc(cc32)NC(=O)c2ccc3c(c2)OCO3)[C@@H](CO)O1,0,0.013540,0.022725,0.010099
CN(C)c1nc(N(C)C)nc(N(C)C)n1,0,0.165401,0.148392,0.038542
C[C@@H]1CN([C@@H](C)CO)C(=O)c2cccc(c2O[C@@H]1CN(C)C(=O)Nc1ccc(cc1)C(F)(F)F)NS(=O)(=O)c1ccc(cc1)Cl,0,0.521571,0.329257,0.073845
CO[C@@H]1CN(C)C(=O)c2ccc(cc2OC[C@@H](C)N(C[C@@H]1C)S(=O)(=O)c1cn(cn1)C)NC(=O)CC(F)(F)F,0,0.092544,0.034632,0.030227
CNC[C@H]1OCCCC[C@@H](C)Oc2ccc(cc2C(=O)N(C[C@@H]1C)[C@H](C)CO)NC(=O)Nc1ccc(cc1)C(F)(F)F,0,0.688436,0.675422,0.433716
C[C@@H]1CCCCO[C@@H](CN(C)S(=O)(=O)c2ccc(cc2)Cl)[C@H](C)CN([C@H](C)CO)C(=O)c2cc(ccc2O1)NC(=O)NC1CCCCC1,0,0.015992,0.025118,0.005336
CCCC#Cc1ccc2c(c1)O[C@H](CN(C)S(=O)(=O)c1cccc(c1)F)[C@@H](C)CN([C@H](C)CO)S2(=O)=O,0,0.067557,0.031149,0.009112
CN1[C@@H]2CC[C@H](CC(=O)NCc3ccccc3Cl)O[C@H]2COc2ccc(cc2C1=O)NC(=O)Nc1cccc(c1)C,0,0.062045,0.048584,0.027890
C[C@@H]1CN([C@@H](C)CO)C(=O)c2cc(ccc2O[C@H]1CN(C)Cc1ccc(cc1)Oc1ccccc1)NC(=O)Nc1ccc(cc1)F,0,0.029981,0.045551,0.019769
COc1ccc(cc1)CN(C)C[C@@H]1OCCCC[C@H](C)Oc2ccc(cc2C(=O)N(C[C@H]1C)[C@H](C)CO)NC(=O)c1ccncc1,0,0.003260,0.023348,0.003154
C[C@H]1CN([C@@H](C)CO)C(=O)Cc2cc(ccc2O[C@@H]1CN(C)CC1CC1)NS(=O)(=O)c1cn(cn1)C,0,0.025835,0.024170,0.004705
C[C@H]1CN([C@H](C)CO)S(=O)(=O)c2ccc(cc2O[C@@H]1CN(C)C(=O)c1ccc(cc1)F)Br,0,0.154287,0.038141,0.007999
COC(=O)[C@@H]1OC(=O)[C@H]2O[C@]22[C@@]1(C)CC[C@H]1[C@@]3(C)[C@H](C[C@@H](OC(=O)C)C(C)(C)[C@@H]3C[C@H](O)[C@]12C)OC(=O)C,0,0.177714,0.209105,0.169617
CO[C@@H](CN(C)C(=O)c1ccc2c(c1)OCO2)[C@@H](C)CN([C@H](C)CO)S(=O)(=O)c1ccc(cc1)C,0,0.013571,0.026139,0.005435
COc1ccc(cn1)[C@@H](NC(=O)C1CCN(CC1)Cc1ccc(cc1)Oc1ccccc1)c1ccccc1C,0,0.256803,0.519418,0.491446
C[C@H]1CCCCO[C@@H](CN(C)C(=O)C2CCCCC2)[C@H](C)CN([C@@H](C)CO)C(=O)c2cc(ccc2O1)NC(=O)c1ccncc1,0,0.001260,0.023321,0.004528
CN(C)c1ncc(c(n1)C)C(=O)O,0,0.267247,0.047057,0.019087
CN1C(=O)C=C(N2CCC[C@@H](N)C2)N(Cc2ccccc2C#N)C1=O,0,0.547422,0.203375,0.245428
C[C@@H]1CN([C@H](C)CO)C(=O)c2cccc(c2O[C@@H]1CN(C)Cc1ccc(cc1)-c1ccccc1)NC(=O)C1CCOCC1,0,0.109565,0.044237,0.020396
C[C@H]1CN([C@H](C)CO)C(=O)CCCn2nncc2CO[C@H]1CN(C)C(=O)c1ccc(cc1)N1CCN(C)CC1,0,0.055041,0.027664,0.009234
C[C@@H]1CCCCO[C@@H](CN(C)S(=O)(=O)c2c(noc2C)C)[C@H](C)CN([C@H](C)CO)C(=O)c2cc(ccc2O1)NC(=O)Nc1ccc(cc1)F,0,0.021597,0.025408,0.006533
C[C@@H]1CN([C@@H](C)CO)C(=O)c2cc(cnc2O[C@H]1CN(C)C(=O)c1cccnc1)-c1ccc(cc1)C(=O)N(C)C,0,0.001789,0.025307,0.005710
CC(CCc1ccccc1)NC(C)C(O)c1ccc(O)cc1.Cl,0,0.505243,0.239239,0.280627
Cc1sc2ncnc(c2c1C)N1CCC(CC1)Cn1cc(nn1)C(C)(C)N,0,0.992620,0.241653,0.351155
COc1ccc(cc1)NC(=O)Nc1ccc2c(c1)[C@@H]1C[C@H](CC(=O)N3CCN(C)CC3)O[C@H](CO)[C@@H]1O2,0,0.174653,0.035950,0.023233
C[C@@H]1CN([C@@H](C)CO)C(=O)c2cccc(c2O[C@H]1CN(C)Cc1ccc(c(c1)Cl)Cl)NC(=O)Nc1ccc(cc1)C(F)(F)F,0,0.925890,0.149106,0.035175
C[C@@H]1CCCCO[C@@H](CN(C)Cc2ccc(cc2)C(F)(F)F)[C@@H](C)CN([C@@H](C)CO)C(=O)c2cc(ccc2O1)NC(=O)CCCN(C)C,0,0.110173,0.023657,0.012473
C[C@H]1CCCCO[C@@H](CN(C)Cc2ccc3c(c2)OCO3)[C@H](C)CN([C@H](C)CO)C(=O)c2cc(ccc2O1)NS(=O)(=O)c1ccccc1,0,0.000577,0.024237,0.003174
CC[C@@H]1OC[C@@H]2CN(CC[C@H]21)C(=O)CN(C)C,0,0.172781,0.032029,0.010085
COc1ccc(cc1)CNC(=O)C[C@@H]1CC[C@@H]2[C@@H](COc3ccc(cc3C(=O)N2C)NC(=O)C2CC2)O1,0,0.010891,0.024416,0.009678
OC(=O)CNC(=O)c1cc2ccccc2[nH]1,0,0.203788,0.044057,0.052782
NC[C@@H](CO)Cc1ccsc1,0,0.074598,0.058654,0.025617
OCCN(Cc1ccccc1)C(=O)C[C@@H](CC=C)C(=O)N[C@H](COC(=O)[C@@H](CCC=C)Cc1ccc(cc1)F)Cc1c[nH]c2ccccc12,0,0.004826,0.038489,0.020168
COc1ccc(cc1)C1=CC=C2[C@H]3[C@H]([C@H](CO)[C@@H](CN2C1=O)N3S(=O)(=O)C)C(=O)NCC1CC1,0,0.015563,0.028009,0.010689
CC(C)C[C@@H](NC(=O)[C@H](Cc1ccccc1)NC(=O)CNC(=O)[C@@H](C)NC(=O)[C@@H](N)Cc1ccc(cc1)O)C(=O)O,0,0.650322,0.369176,0.209562
C[C@H]1CCCCO[C@@H](CN(C)Cc2ccc3c(c2)OCO3)[C@H](C)CN([C@H](C)CO)C(=O)c2cc(ccc2O1)NC(=O)Nc1ccc2c(c1)OCO2,0,0.004275,0.030101,0.003521
CO[C@@H]1CN(C)C(=O)c2ccc(cc2OC[C@@H](C)N(CCc2ccccc2)C[C@H]1C)NC(=O)NC1CCCCC1,0,0.043305,0.039955,0.016887
C[C@H]1CN([C@H](C)CO)S(=O)(=O)c2ccc(cc2O[C@@H]1CN(C)S(=O)(=O)c1cn(cn1)C)C1=CCCCC1,0,0.002940,0.024478,0.004525
C[C@H]1CN([C@H](C)CO)C(=O)c2cccc(c2O[C@H]1CN(C)S(=O)(=O)c1cn(cn1)C)NS(=O)(=O)C,0,0.036229,0.024054,0.006431
O[C@H]1COC[C@H]2O[C@H](CC[C@@H]2N(C1)S(=O)(=O)c1ccc(cc1)F)CC(=O)N[C@H]1CCN(C1)Cc1ccccc1,0,0.160716,0.042437,0.013700
C[C@@H]1CN([C@@H](C)CO)C(=O)c2cc(ccc2O[C@@H]1CN(C)Cc1ccc(cc1)Oc1ccccc1)NS(=O)(=O)c1cccs1,0,0.001468,0.024865,0.005593
CC(=O)N1CCc2n[nH]c(c2C1)C(=O)N1CCOCC1,0,0.001687,0.085572,0.029791
ONC(=O)/C=C/c1cccc(c1)-c1cn(nn1)-c1ccc(cc1)C[C@@H]1N2CC(=C)[C@@H](/C=C/C=C)[C@@H]2[C@H](Cc2ccccc2)OC1=O,0,0.934272,0.070118,0.074523
C[C@H]1CN([C@H](C)CO)C(=O)c2cccc(c2O[C@H]1CN(C)Cc1ccc(cc1)-c1ccccc1)NC(=O)Nc1ccc2c(c1)OCO2,0,0.029626,0.026320,0.005980
COCC#Cc1ccc(cc1)[C@@H]1[C@H](CO)N2[C@@H]1CN(CC2=O)C(=O)C1CCOCC1,0,0.373385,0.029046,0.024846
COc1ccc(cc1)-c1cnc2c(c1)C(=O)N(C[C@H](C)[C@H](CN(C)C(=O)Nc1cccc3ccccc13)O2)[C@H](C)CO,0,0.013906,0.026533,0.007053
C[C@H]1CCCCO[C@@H](CN(C)C(=O)Nc2ccc(cc2)F)[C@@H](C)CN([C@@H](C)CO)C(=O)c2cc(ccc2O1)NS(=O)(=O)c1ccccc1,0,0.006452,0.024238,0.004587
COc1ccc(cc1)S(=O)(=O)N1C[C@H](O)COC[C@@H]2O[C@H](CC[C@H]21)CC(=O)NCCCN(C)C,0,0.300454,0.034704,0.012570
CN([NH2+][O-])C(=O)N[C@H]1[C@@H](O)O[C@@H](CO)[C@@H](O)[C@@H]1O,0,0.006139,0.051276,0.020192
COc1ccc(cc1)S(=O)(=O)Nc1ccc2c(c1)CC(=O)N(C[C@@H](C)[C@@H](CN(C)Cc1ccc(c(c1)Cl)Cl)O2)[C@H](C)CO,0,0.006808,0.024493,0.005389
C[C@@H]1CN([C@@H](C)CO)C(=O)c2cc(ccc2O[C@@H]1CN(C)Cc1ccc(cc1)Oc1ccccc1)NS(=O)(=O)c1ccc(cc1)C,0,0.000486,0.025292,0.004924
CCC(=O)N[C@H]1CC[C@H](CC(=O)OC)O[C@@H]1CO,0,0.004143,0.029299,0.010356
C[C@@H]1CN([C@@H](C)CO)C(=O)c2cccc(c2O[C@H]1CN(C)Cc1ccc2c(c1)OCO2)NC(=O)c1cc(nn1C)C,0,0.006510,0.026080,0.005153
C[C@@H]1CN([C@@H](C)CO)C(=O)c2cccc(c2O[C@H]1CN(C)Cc1ccc(cc1)C(=O)O)NC(=O)c1cc(nn1C)C,0,0.133852,0.023077,0.013654
CC(C)NC(=O)N(C)C[C@H]1Oc2ccc(cc2CC(=O)N(C[C@@H]1C)[C@H](C)CO)NC(=O)NC1CCCCC1,0,0.024986,0.033221,0.012558
C[C@H]1CCCCO[C@@H](CN(C)C(=O)Nc2cccc3ccccc23)[C@H](C)CN([C@@H](C)CO)C(=O)c2cc(ccc2O1)NC(=O)Nc1ccc2c(c1)OCO2,0,0.007148,0.023946,0.002690
COc1cccc(c1)NC(=O)N1C[C@H](O)COC[C@H]2O[C@@H](CC[C@@H]21)CC(=O)NCc1ccccc1F,0,0.494419,0.243602,0.225831
C[C@@H]1CN([C@@H](C)CO)C(=O)Cc2cc(ccc2O[C@H]1CN(C)Cc1ccc(cc1)C(F)(F)F)NC(=O)NC1CCCCC1,0,0.203070,0.110261,0.042512
CNC(=O)c1cc(ccc1F)N,0,0.304447,0.062518,0.019248
C[C@@H]1CCCCO[C@H](CN(C)S(=O)(=O)c2ccccc2)[C@H](C)CN([C@H](C)CO)C(=O)c2cc(ccc2O1)NC(=O)Nc1ccc(cc1)C(F)(F)F,0,0.148381,0.044887,0.007968
C[C@@H]1CCCCO[C@H](CN(C)C(=O)Nc2ccc(cc2)C(F)(F)F)[C@@H](C)CN([C@H](C)CO)C(=O)c2cc(ccc2O1)NC(=O)Cc1ccccc1,0,0.161064,0.029322,0.009047
C[C@H]1CN([C@H](C)CO)C(=O)Cc2cc(ccc2O[C@H]1CN(C)Cc1ccc(cc1)Oc1ccccc1)NC(=O)Nc1ccc2c(c1)OCO2,0,0.004710,0.023650,0.005542
C[C@@H]1CN([C@H](C)CO)C(=O)c2cccc(c2O[C@H]1CN(C)Cc1ccc(cc1)Oc1ccccc1)NC(=O)Nc1ccccc1,0,0.010642,0.025216,0.010723
CC(C)NC(=O)Nc1ccc2c(c1)CC(=O)N(C[C@@H](C)[C@H](CN(C)S(=O)(=O)c1cn(cn1)C)O2)[C@@H](C)CO,0,0.014203,0.024179,0.004349
OC[C@@H]1O[C@H](C[C@@H]2[C@H]1Oc1ccc(cc12)NC(=O)C1CCOCC1)CC(=O)NCc1ccc2c(c1)OCO2,0,0.018513,0.036385,0.020840
O=C1OC(C(O)CO)C(O)=C1O,0,0.020661,0.035193,0.029882
C[C@H]1CN([C@@H](C)CO)C(=O)c2cccc(c2O[C@@H]1CN(C)CC1CCCCC1)NC(=O)c1ccc(cc1)-c1nccs1,0,0.026990,0.036367,0.007980
C[C@H]1CN([C@H](C)CO)C(=O)Cc2cc(ccc2O[C@H]1CN(C)Cc1ccc(cc1)C(=O)O)NS(=O)(=O)c1ccccc1,0,0.006797,0.028723,0.005896
C[C@H]1CCCCO[C@H](CN(C)Cc2ccc(cc2)C(=O)O)[C@@H](C)CN([C@H](C)CO)C(=O)c2cc(ccc2O1)NC(=O)Nc1ccc2c(c1)OCO2,0,0.044219,0.024880,0.004849
C[C@@H]1CCCCO[C@@H](CN(C)C(=O)Nc2cccc3ccccc23)[C@H](C)CN([C@@H](C)CO)C(=O)c2cc(ccc2O1)NC(=O)NC1CCCCC1,0,0.009841,0.024312,0.003831
C[C@H]1CN([C@H](C)CO)S(=O)(=O)c2ccc(cc2O[C@@H]1CN(C)C(=O)c1cnccn1)C1=CCCC1,0,0.008697,0.025084,0.006268
CC(C)NC(=O)N(C)C[C@@H]1Oc2c(cccc2C(=O)N(C[C@@H]1C)[C@H](C)CO)NC(=O)NC1CCCCC1,0,0.074837,0.028235,0.011199
C[C@@H]1CN([C@@H](C)CO)C(=O)c2cc(ccc2O[C@@H]1CN(C)C(=O)Nc1ccccc1)NS(=O)(=O)c1c(noc1C)C,0,0.011901,0.023996,0.005801
COc1ccc(cc1)NC(=O)Nc1ccc2c(c1)C(=O)N(C[C@H](C)[C@H](CN(C)S(=O)(=O)c1cn(cn1)C)O2)[C@H](C)CO,0,0.023465,0.024496,0.003898
FC(F)(F)c1ccc(cc1)/C=N/c1cc(cc(c1)Cl)Cl,0,0.989732,0.461646,0.398280
CC(C)[C@@H](CO)N1[C@@H]2C(=O)N(CC=C[C@@]32O[C@@H]2/C=C\CCCOC(=O)[C@@H]2[C@H]3C1=O)c1ccc2ccccc2c1,0,0.055618,0.086184,0.037465
CC(C)NC(=O)N(C)C[C@@H]1Oc2ccc(cc2C(=O)N(C[C@H]1C)[C@@H](C)CO)NC(=O)NC1CCCCC1,0,0.022512,0.022967,0.008092
OCCCCO[C@H]1C[C@H](C=C(O1)C(=O)N1CCOCCOCCOCCOCC1)C1=COc2ccccc2C1=O,0,0.009807,0.069250,0.066035
C[C@H]1CN([C@@H](C)CO)S(=O)(=O)c2ccc(cc2O[C@@H]1CN(C)C(=O)Nc1cc(ccc1F)F)/C=C/c1ccccc1,0,0.194319,0.047311,0.009063
CO[C@@H](CN(C)S(=O)(=O)c1ccc(cc1)C)[C@@H](C)CN([C@@H](C)CO)S(=O)(=O)c1cccc(c1)Cl,0,0.091874,0.061033,0.009348
OC[C@H]1O[C@H](CCNS(=O)(=O)c2ccc(cc2)F)CC[C@H]1NS(=O)(=O)c1ccccc1Cl,0,0.178470,0.072551,0.034468
C[C@@H]1CN([C@H](C)CO)C(=O)c2cc(ccc2O[C@@H]1CN(C)S(=O)(=O)c1ccccc1)NS(=O)(=O)c1ccc(cc1)F,0,0.004286,0.026990,0.007302
CCC(=O)N1C[C@]2(C1)CN([C@H](CO)c1[nH]c3cc(ccc3c12)OC)S(=O)(=O)C,0,0.008927,0.039274,0.019262
COc1ccc(cc1)NC(=O)N(C)C[C@@H]1OCCCC[C@@H](C)Oc2ccc(cc2C(=O)N(C[C@H]1C)[C@@H](C)CO)NC(=O)CCC(F)(F)F,0,0.109653,0.025851,0.011432
C[C@@H]1CN([C@H](C)CO)C(=O)c2cccc(c2O[C@H]1CN(C)Cc1ccc(cc1)C(=O)Nc1ccccc1N)NC(=O)C1CCCCC1,0,0.007546,0.033669,0.008281
COc1ccc(cc1)CN(C)C[C@@H]1Oc2ccc(cc2CC(=O)N(C[C@H]1C)[C@@H](C)CO)NC(=O)CCN1CCOCC1,0,0.005967,0.031654,0.007484
C[C@@H]1CN([C@@H](C)CO)S(=O)(=O)c2ccc(cc2O[C@H]1CN(C)C(=O)C1CCC1)-c1ccc(cc1)C(=O)N(C)C,0,0.006134,0.025777,0.009252
O=S1(=O)CC[C@@H](C1)N[C@H]1CCS(=O)(=O)C1,0,0.006999,0.277039,0.136384
CC(C)NC(=O)N(C)C[C@H]1Oc2c(cccc2C(=O)N(C[C@H]1C)[C@H](C)CO)NC(=O)c1cc(nn1C)C,0,0.062254,0.026511,0.009335
CCCNC(=O)Nc1ccc2c(c1)C(=O)N(C)C[C@@H](OC)[C@@H](C)CN([C@H](C)CO2)C(=O)C1CCOCC1,0,0.017350,0.024622,0.007247
CO[C@H](CN(C)S(=O)(=O)c1ccc(cc1)F)[C@H](C)CN([C@H](C)CO)S(=O)(=O)c1cccc(c1)Cl,0,0.225131,0.078498,0.015536
C[C@H]1CN([C@@H](C)CO)C(=O)c2cc(cnc2O[C@@H]1CN(C)S(=O)(=O)c1ccc(cc1)C)-c1ccncc1,0,0.004960,0.024142,0.003667
COc1ccc(cc1)S(=O)(=O)N(C)C[C@@H]1OCCCC[C@H](C)Oc2ccc(cc2C(=O)N(C[C@H]1C)[C@H](C)CO)NC(=O)Nc1ccccc1,0,0.005289,0.024315,0.003518
OCCOc1ccc(cc1)[C@H]1N2[C@@H]([C@@H](C(=O)O)[C@]11C(=O)Nc3ccc(cc31)C#CC1(O)CCCCCC1)C(=O)O[C@@H]([C@@H]2c1ccccc1)c1ccccc1,0,0.721166,0.393058,0.489388
CC(=O)O[C@@H]1[C@@H](O)[C@H](OC(=O)c2ccccc2)[C@@H](CO)O[C@H]1Oc1cc(cc(c1C(=O)c1cc(cc(c1)O)O)O)O,0,0.552148,0.075147,0.071434
CCNC(=O)C[C@H]1O[C@@H](CO)[C@H](NC(=O)C2CCOCC2)C=C1,0,0.028694,0.025216,0.012859
C[C@H]1CN([C@H](C)CO)S(=O)(=O)c2ccc(cc2O[C@@H]1CN(C)C(=O)NC1CCCC1)Br,0,0.118959,0.037266,0.008914
OCN1C(=O)c2ccncc2C1=O,0,0.000697,0.068601,0.044912
COc1ccc(cc1)NC(=O)Nc1ccc2c(c1)C(=O)N(C[C@@H](C)[C@@H](CN(C)Cc1ccc(cc1)-c1ccccc1)O2)[C@@H](C)CO,0,0.087973,0.023309,0.007582
C[C@@H]1CN([C@H](C)CO)C(=O)c2cccc(c2O[C@H]1CN(C)Cc1ccc(cc1)Oc1ccccc1)NC(=O)c1nc2ccccc2s1,0,0.001821,0.028057,0.008255
COc1ccc(cc1)NC(=O)N(C)C[C@H]1Oc2ncc(cc2C(=O)N(C[C@@H]1C)[C@@H](C)CO)C#CCN(C)C,0,0.105502,0.022582,0.004588
CC1=C(C)C(=O)N(C(=O)N1)C(C)(C)C,0,0.307640,0.217258,0.079976
C[C@@H]1CN([C@@H](C)CO)C(=O)c2cc(ccc2O[C@@H]1CN(C)Cc1ccc(cc1)C(F)(F)F)NS(=O)(=O)C,0,0.342295,0.034926,0.016147
C[C@H](O)C#Cc1ccc2c(c1)O[C@H](CN(C)C(=O)CN(C)C)[C@H](C)CN([C@@H](C)CO)S2(=O)=O,0,0.223790,0.178282,0.017242
C[C@H]1CCCCO[C@@H](CN(C)C(=O)C2CCCCC2)[C@@H](C)CN([C@@H](C)CO)C(=O)c2cc(ccc2O1)NS(=O)(=O)c1cccs1,0,0.002555,0.024454,0.004477
O[C@@H]1COC[C@@H]2O[C@@H](CC[C@H]2N(C1)C(=O)c1ccccn1)CC(=O)NC1CCC1,0,0.041501,0.024322,0.016731
C[C@@H]1CCCCO[C@H](CN(C)S(=O)(=O)c2ccccc2)[C@H](C)CN([C@@H](C)CO)C(=O)c2cc(ccc2O1)NC(=O)C1CCCCC1,0,0.001545,0.024262,0.004044
COC1=CC2C3Cc4ccc(OC)c(O)c4C2(CCN3C)CC1=O,0,0.846283,0.312406,0.149515
NCc1ccc(cc1)-c1nc2ccccc2o1,0,0.000087,0.147871,0.106079
C[C@H]1CN([C@@H](C)CO)C(=O)c2cc(ccc2O[C@H]1CN(C)S(=O)(=O)c1c(noc1C)C)NC(=O)CCCN(C)C,0,0.010584,0.024519,0.004680
OC[C@H]1O[C@H]([C@H](O)[C@@H]1O)N1C=CC=NC1=O,0,0.229965,0.171197,0.187984
COc1ccc(cc1)NC(=O)Nc1ccc2c(c1)C(=O)N(C[C@H](C)[C@@H](CN(C)Cc1ccc3c(c1)OCO3)OCCCC[C@@H](C)O2)[C@@H](C)CO,0,0.010924,0.023107,0.004021
C[C@H]1CN([C@H](C)CO)C(=O)c2cc(ccc2O[C@@H]1CN(C)Cc1ccc(c(c1)Cl)Cl)NS(=O)(=O)c1ccc(cc1)Cl,0,0.037293,0.035727,0.010058
Cn1cnc(c1)S(=O)(=O)N[C@H]1C=C[C@@H](CC(=O)Nc2ccccc2)O[C@@H]1CO,0,0.033212,0.027053,0.007688
COCC(=O)Nc1ccc2c(c1)OC[C@@H](C)N(C[C@@H](C)[C@@H](CN(C)C2=O)OC)C(=O)Cc1ccccn1,0,0.002013,0.023353,0.004695
[Zn+3].NCCC(=O)N[C@@H](Cc1cnc[nH]1)C(=O)O,0,0.998117,0.110028,0.151935
COCC(=O)c1ccnn1C,0,0.096592,0.032484,0.020155
COc1ccc(cc1)S(=O)(=O)Nc1ccc2c(c1)CC(=O)N(C[C@@H](C)[C@H](CN(C)S(=O)(=O)c1cn(cn1)C)O2)[C@H](C)CO,0,0.001873,0.024964,0.005537
CC=C1CC(C)C(O)(CO)C(=O)OCC2=CCN3CCC(OC1=O)C23,0,0.397862,0.405200,0.390552
C[C@H]1CN([C@@H](C)CO)S(=O)(=O)c2ccc(cc2O[C@H]1CN(C)C(=O)C1CCC1)C#Cc1ccncc1,0,0.033877,0.029006,0.008891
C[C@@H]1CCCCO[C@@H](CN(C)Cc2ccc(cc2)C(=O)O)[C@H](C)CN([C@H](C)CO)C(=O)c2cc(ccc2O1)NS(=O)(=O)c1ccc(cc1)Cl,0,0.030237,0.028256,0.005327
C[C@H]1CN([C@H](C)CO)C(=O)c2cc(ccc2O[C@@H]1CN(C)C(=O)Nc1ccc(cc1)C(F)(F)F)NS(=O)(=O)c1ccc(cc1)Cl,0,0.370828,0.233525,0.031821
COc1ccc(cc1)S(=O)(=O)N(C)C[C@@H]1Oc2c(cccc2C(=O)N(C[C@@H]1C)[C@@H](C)CO)NC(=O)C1CC1,0,0.015347,0.024448,0.004558
C[C@H]1CN([C@@H](C)CO)C(=O)c2cc(ccc2O[C@@H]1CN(C)S(=O)(=O)c1cn(cn1)C)NC(=O)CCCN(C)C,0,0.012774,0.024235,0.004547
C[C@@H]1CN([C@H](C)CO)C(=O)c2c(c3ccccc3n2C)-c2ccccc2CO[C@@H]1CN(C)Cc1ccccc1C(F)(F)F,0,0.366763,0.146055,0.111846
CN(CCO)S(=O)(=O)c1cccc(c1)C(=O)O,0,0.170926,0.061679,0.013414
CN(Cc1cc(ccc1-c1ccccc1S(=O)(=O)Nc1noc(c1C)C)-c1ncco1)C(=O)CC(C)(C)C,0,0.000002,0.208149,0.042258
C[C@H]1CN([C@@H](C)CO)C(=O)CCCn2nncc2CO[C@H]1CN(C)S(=O)(=O)c1c(noc1C)C,0,0.008768,0.025947,0.005960
C[C@@H]1CN([C@@H](C)CO)S(=O)(=O)c2ccc(cc2O[C@@H]1CN(C)Cc1ccccc1F)C#CCN(C)C,0,0.071941,0.041835,0.007658
COCCNC(=O)C[C@@H]1CC[C@@H]2[C@H](COc3ccc(cc3C(=O)N2C)NS(=O)(=O)c2ccc(cc2)Cl)O1,0,0.007846,0.023649,0.009802
CCS(=O)(=O)Nc1ccc2c(c1)C(=O)N(C)C[C@H](OC)[C@@H](C)CN(Cc1nccs1)[C@H](C)CO2,0,0.003643,0.023862,0.005138
CC(C)(C)OC(=O)C[C@@H](CC=C)C(=O)OC[C@H](Cc1ccccc1)NC(=O)[C@@H](CC=C)CC(=O)NCCO,0,0.000667,0.043279,0.022003
C[C@@H]1CN([C@@H](C)CO)C(=O)c2cc(ccc2O[C@@H]1CN(C)S(=O)(=O)c1ccc(cc1)F)NC(=O)c1ccncc1,0,0.007309,0.024567,0.004697
C[C@@]12CC[C@H]3[C@@H]([C@H](CCCCCCCCC[S@@](=O)CCCC(F)(F)C(F)(F)F)Cc4cc(ccc43)O)[C@@H]2CC[C@@H]1O,0,0.996454,0.671447,0.652591
OC[C@H]1O[C@H](CC[C@H]1NC(=O)CN1CCOCC1)CC(=O)NC1CCC1,0,0.008995,0.028752,0.016863
C[C@@H]1CN([C@H](C)CO)C(=O)c2cc(cnc2O[C@H]1CN(C)C(=O)C1CCOCC1)C#Cc1ccccc1F,0,0.123192,0.022907,0.006174
CCCN(C)C[C@@H]1OCCCC[C@@H](C)Oc2ccc(cc2C(=O)N(C[C@H]1C)[C@H](C)CO)NS(=O)(=O)C,0,0.027784,0.025175,0.008184
C[C@H]1CCCCO[C@@H](CN(C)S(=O)(=O)c2ccc(cc2)Cl)[C@H](C)CN([C@@H](C)CO)C(=O)c2cc(ccc2O1)NC(=O)CCC(F)(F)F,0,0.086163,0.025596,0.006850
C[C@H]1CN([C@@H](C)CO)C(=O)c2cc(ccc2O[C@H]1CN(C)C(=O)Nc1ccccc1)NC(=O)CCCCCC(=O)Nc1ccccc1N,0,0.016695,0.024660,0.003963
NC(=O)CCCCC(=O)N,0,0.000976,0.094799,0.030392
NCCSc1cc(nc2ccccc12)C(F)(F)F,0,0.646610,0.223121,0.160777
Cc1cc(no1)C(=O)N1CCNC(=O)C1(C)C,0,0.012492,0.025696,0.030612
COc1ccc(cc1)S(=O)(=O)N(C)C[C@@H]1Oc2ccc(cc2CC(=O)N(C[C@H]1C)[C@@H](C)CO)NS(=O)(=O)c1ccc(cc1)F,0,0.003493,0.024571,0.006338
C[C@@H]1CN([C@@H](C)CO)C(=O)c2cccc(c2O[C@@H]1CN(C)S(=O)(=O)c1cn(cn1)C)NS(=O)(=O)c1ccc(cc1)F,0,0.012475,0.025874,0.009374
COc1ccc(cc1)S(=O)(=O)Nc1ccc2c(c1)C(=O)N(C[C@@H](C)[C@@H](CN(C)Cc1ccc3c(c1)OCO3)OCCCC[C@H](C)O2)[C@H](C)CO,0,0.000556,0.024786,0.003554
OCCC#Cc1ccc2c(c1)[C@]1([C@H]([C@H]3N([C@@H]([C@@H](OC3=O)c3ccccc3)c3ccccc3)[C@H]1c1ccc(cc1)O)C(=O)N1CCCCCCC1)C(=O)N2,0,0.277111,0.162558,0.089413
C[C@H]1CCCCO[C@@H](CN(C)C(=O)Nc2cccc3ccccc23)[C@H](C)CN([C@@H](C)CO)C(=O)c2cc(ccc2O1)NC(=O)CCCN(C)C,0,0.008023,0.024200,0.003098
C[C@@H]1C[C@H](C)CN(C1)Cc1nc2c(n1CC(=O)N)C(=O)N(C)C(=O)N2C,0,0.715774,0.135108,0.117538
COc1ccc(cc1)S(=O)(=O)N(C)C[C@@H]1OCCCC[C@H](C)Oc2ccc(cc2C(=O)N(C[C@@H]1C)[C@H](C)CO)NC(=O)NC1CCCCC1,0,0.004863,0.024535,0.004071
C[C@@H]1CN([C@H](C)CO)C(=O)c2cc(ccc2O[C@@H]1CN(C)C(=O)NC1CCCCC1)NC(=O)Nc1ccc(cc1)C(F)(F)F,0,0.714005,0.463115,0.330315
C[C@H]1CN([C@H](C)CO)C(=O)Cc2cc(ccc2O[C@@H]1CN(C)S(=O)(=O)c1c(noc1C)C)NS(=O)(=O)C,0,0.009002,0.025349,0.007619
C[C@H]1CN([C@@H](C)CO)C(=O)c2cc(ccc2O[C@H]1CN(C)Cc1ccc2c(c1)OCO2)NC(=O)C1CC1,0,0.005533,0.026727,0.007508
COc1cccc(c1)S(=O)(=O)Nc1ccc2c(c1)[C@H]1C[C@H](CC(=O)N3CCCCC3)O[C@H](CO)[C@H]1O2,0,0.001489,0.025980,0.007373
C[C@]12CC[C@H](Cl)C[C@@H]1CC[C@@H]1[C@@H]2CC[C@@]2(C)[C@H]1CCC2=O,0,0.267162,0.251440,0.072668
O=C1NC(=O)C=C1,1,0.000258,0.079781,0.027777
CCCC#Cc1cnc2c(c1)C(=O)N(C[C@@H](C)[C@@H](CN(C)S(=O)(=O)c1cn(cn1)C)O2)[C@@H](C)CO,0,0.038118,0.027721,0.005232
COc1ccc(cc1)NC(=O)Nc1ccc2c(c1)C(=O)N(C[C@H](C)[C@H](CN(C)C(=O)C1CCCCC1)OCCCC[C@@H](C)O2)[C@H](C)CO,0,0.011558,0.023221,0.004147
CC(C)NC(=O)N(C)C[C@@H]1Oc2c(cccc2C(=O)N(C[C@@H]1C)[C@H](C)CO)NC(=O)C1CCOCC1,0,0.067959,0.026923,0.006482
C[C@H]1CN([C@H](C)CO)C(=O)c2cccc(c2O[C@H]1CN(C)Cc1ccc(cc1)C(F)(F)F)NS(=O)(=O)c1ccc(cc1)C,0,0.095474,0.034532,0.012566
Cc1ccc(cc1)S(=O)(=O)N1C[C@@H](O)COC[C@H]2O[C@@H](CC[C@@H]21)CC(=O)N[C@@H]1CCN(C1)Cc1ccccc1,0,0.077530,0.039691,0.011712
C[C@H]1CN([C@@H](C)CO)C(=O)c2cc(ccc2O[C@H]1CN(C)Cc1ccc(cc1)C(=O)Nc1ccccc1N)NC(=O)C1CCCCC1,0,0.005006,0.027256,0.006039
CC12CCC3c4ccc(O)cc4CCC3C1CCC2=O,0,0.176627,0.366058,0.218194
C[C@H]1CN([C@H](C)CO)C(=O)c2cc(ccc2O[C@@H]1CN(C)Cc1ccncc1)NS(=O)(=O)c1ccccc1,0,0.000872,0.025374,0.003581
C[C@@H]1CCCCO[C@H](CN(C)CC2CCCCC2)[C@H](C)CN([C@@H](C)CO)C(=O)c2cc(ccc2O1)NC(=O)CCC(F)(F)F,0,0.262598,0.205706,0.113252
C[C@H]1CN([C@H](C)CO)C(=O)c2cc(cnc2O[C@H]1CN(C)Cc1cccc(c1)C(F)(F)F)/C=C/c1ccccc1,0,0.199587,0.185606,0.139296
COC(=O)c1cn(nn1)CC(=O)O,0,0.069680,0.083358,0.064157
Nc1cccc(c1)-c1cccs1,0,0.336689,0.151108,0.075566
CO[C@@H](CNS(=O)(=O)C)c1ccsc1,0,0.076491,0.052156,0.009653
C[N+](C)(C)CCOC(N)=O.[Cl-],0,0.031944,0.138522,0.019002
NCc1cccc(c1)O,0,0.146276,0.050920,0.014865
Cc1ccccc1-c1ccc(cc1)N,0,0.463009,0.163465,0.135038
C[C@H]1CCCCO[C@H](CN(C)C(=O)Cc2ccccc2)[C@@H](C)CN([C@H](C)CO)C(=O)c2cc(ccc2O1)NS(=O)(=O)c1ccc(cc1)C,0,0.000523,0.024250,0.003688
C[C@@H]1CN([C@@H](C)CO)C(=O)c2cccc(c2O[C@H]1CN(C)S(=O)(=O)c1cn(cn1)C)NC(=O)Nc1ccc(cc1)F,0,0.174984,0.024855,0.006149
CC(C)c1nc2cc3sc(nc3cc2s1)C(C)C,0,0.123756,0.302179,0.224047
C[C@@H]1CN([C@@H](C)CO)C(=O)c2cc(ccc2O[C@H]1CN(C)Cc1ccc(cc1)C(=O)O)NC(=O)CCN1CCOCC1,0,0.016439,0.028242,0.010646
C[C@H]1CN([C@H](C)CO)C(=O)c2cc(ccc2O[C@@H]1CN(C)Cc1ccc2c(c1)OCO2)NC(=O)Cn1cnnn1,0,0.007645,0.025762,0.007157
Cc1ccc2nc(ccc2c1)-c1cnc2ccc(cc2c1)C,0,0.205508,0.168952,0.110453
C[C@H]1CN([C@@H](C)CO)C(=O)Cc2cc(ccc2O[C@H]1CN(C)Cc1ccc(c(c1)Cl)Cl)NC(=O)Nc1ccc(cc1)F,0,0.404571,0.054971,0.021995
C[C@@H]1CN([C@H](C)CO)C(=O)c2cc(cnc2O[C@H]1CN(C)C(=O)CN1CCOCC1)C1=CCCCC1,0,0.001174,0.022759,0.008058
CO[C@@H]1CN(C)C(=O)c2cc(ccc2OC[C@H](C)N(C[C@H]1C)Cc1ccc(cc1)OC)NC(=O)c1nc2ccccc2s1,0,0.008084,0.023569,0.008096
C[C@H]1CN([C@@H](C)CO)C(=O)c2cccc(c2O[C@H]1CN(C)C(=O)Nc1c(noc1C)C)NC(=O)Nc1ccc(cc1)C(F)(F)F,0,0.853060,0.851317,0.871941
CC(C)(Sc1ccc(cc1)CCN(CCCCC1CCCCC1)C(=O)NC1CCCCC1)C(=O)O,1,0.774819,0.706671,0.637360
FC(F)(F)c1cc(cc(c1)C(F)(F)F)NC(=S)Nc1ccc(cc1-c1nn[nH]n1)Br,1,0.999444,0.793478,0.889773
COCC#Cc1cnc2c(c1)C(=O)N(C[C@H](C)[C@@H](CN(C)S(=O)(=O)c1cn(cn1)C)O2)[C@@H](C)CO,0,0.042096,0.025030,0.006921
CO[C@@H]1CN(C)C(=O)c2cc(ccc2OC[C@@H](C)N(C[C@@H]1C)C(=O)c1ccc2c(c1)OCO2)NS(=O)(=O)C,0,0.005133,0.023772,0.004707
C/C(=C/CC[C@@H](CO)[C@H]1CC[C@@]2(C)[C@H]3CC[C@@H]4C(C)(C)[C@@H](C[C@H](O)[C@@]44C[C@@]34CC[C@@]12C)O[C@H]1O[C@@H](CO)[C@@H](O)[C@@H](O)[C@@H]1O)CO[C@H]1O[C@@H](CO)[C@@H](O)[C@@H](O)[C@@H]1O,0,0.981435,0.029334,0.028759
O=C(Nc1ccc([N+](=O)[O-])cc1Cl)c1cc(Cl)ccc1O,0,0.982099,0.680376,0.750869
C[C@@H]1CN([C@H](C)CO)C(=O)Cc2cc(ccc2O[C@H]1CN(C)Cc1ccc(cc1)-c1ccccc1)NS(=O)(=O)c1c(noc1C)C,0,0.004473,0.025590,0.004869
C[C@H]1CCCCO[C@H](CN(C)C(=O)Nc2ccc(cc2)F)[C@@H](C)CN([C@@H](C)CO)C(=O)c2cc(ccc2O1)NC(=O)Cc1ccccc1,0,0.033376,0.022837,0.006637
C[C@H]1CN([C@H](C)CO)C(=O)Cc2cc(ccc2O[C@H]1CN(C)Cc1ccc(c(c1)Cl)Cl)NC(=O)Cc1cn(c2ccccc12)C,0,0.079211,0.041111,0.005268
C[C@@H]1CN([C@H](C)CO)C(=O)c2cc(ccc2O[C@@H]1CN(C)Cc1ccc(cc1)C(=O)O)NC(=O)Nc1cccc2ccccc12,0,0.066778,0.029854,0.013906
Cc1nn(c(c1Nc1nnc([nH]1)N)C)C,0,0.691945,0.061480,0.025742
Cc1cccc(c1NC(=O)c1cc(c(cc1O)Cl)S(=O)(=O)N)C,0,0.000022,0.170191,0.101178
COc1ccc(cc1)NC(=O)Nc1ccc2c(c1)C(=O)N(C[C@@H](C)[C@H](CN(C)C(=O)NC1CCCCC1)OCCCC[C@@H](C)O2)[C@@H](C)CO,0,0.017725,0.023520,0.003760
C[C@@H]1CN([C@H](C)CO)C(=O)c2cc(ccc2O[C@H]1CN(C)S(=O)(=O)c1ccccc1)NC(=O)Cc1ccccc1,0,0.003159,0.024487,0.004805
CCCCn1nc(nc1Cn1ncnn1)C1CC1,0,0.085514,0.080558,0.047718
OC[C@@H](Cc1ccccc1)NC(=O)C[C@H](CC=C)C(=O)N[C@@H](COC(=O)[C@H](CCC=C)Cc1ccc(cc1)F)Cc1c[nH]c2ccccc12,0,0.011932,0.035535,0.020601
COC(=O)[C@@]1(Cc2ccccc2N=[N+]=[N-])N=C(O[C@H]1c1ccccc1CN=[N+]=[N-])c1ccc(cc1)OCCCO,0,0.895411,0.059578,0.092142
CN1CCN(CC1)C(=O)C[C@@H]1CC[C@@H](NC(=O)Cc2ccccn2)[C@@H](CO)O1,0,0.025589,0.023032,0.010542
COCCOC(=O)N1C(=O)[C@]2([C@@H]([C@@H]3N([C@H]([C@H](OC3=O)c3ccccc3)c3ccccc3)[C@@H]2c2ccc(cc2)O)C(=O)N2CCCCCCC2)c2cc(ccc21)C#CCC(C(=O)OC)C(=O)OC,1,0.018152,0.097253,0.033290
C[C@H]1CN([C@H](C)CO)C(=O)Cc2cc(ccc2O[C@H]1CN(C)S(=O)(=O)c1ccc(cc1)F)NC(=O)CCN1CCOCC1,0,0.002447,0.026811,0.005984
COc1ccccc1C(=O)Nc1ccc2c(c1)C(=O)N(C)[C@@H]1CC[C@@H](CC(=O)NCCc3ccncc3)O[C@@H]1CO2,0,0.004384,0.024811,0.007162
CN(C)[C@H]1[C@@H]2C[C@@H]3Cc4c(ccc(c4C(=O)[C@@H]3C(=O)[C@]2(O)C(=C(C(=O)N)C1=O)O)O)N(C)C,0,0.977051,0.770256,0.922166
COc1ccc(cc1)NC(=O)Nc1cccc2c1O[C@H](CN(C)S(=O)(=O)c1cn(cn1)C)[C@@H](C)CN([C@@H](C)CO)C2=O,0,0.044414,0.024467,0.003718
C[C@@H]1CN([C@@H](C)CO)C(=O)Cc2cc(ccc2O[C@H]1CN(C)S(=O)(=O)c1cn(cn1)C)NS(=O)(=O)c1ccc(cc1)F,0,0.004785,0.024391,0.005403
NCCN1CCN(CC1)c1ccc(cc1)F,0,0.465425,0.082233,0.066512
C[C@H]1CN([C@H](C)CO)C(=O)c2cc(ccc2O[C@@H]1CN(C)Cc1ccc(cc1)Oc1ccccc1)NS(=O)(=O)c1ccc(cc1)C,0,0.000486,0.025292,0.004924
C[C@@H](O)C#Cc1ccc2c(c1)O[C@@H](CN(C)C(=O)C1CCCCC1)[C@@H](C)CN([C@H](C)CO)S2(=O)=O,0,0.031286,0.031289,0.009851
C[C@H]1CN([C@@H](C)CO)C(=O)c2cccc(c2O[C@H]1CN(C)C(=O)Nc1ccc(cc1)C(F)(F)F)NC(=O)Nc1ccc2c(c1)OCO2,0,0.584151,0.764920,0.616368
C[C@@H]1CCCCO[C@@H](CN(C)C(=O)Nc2cccc3ccccc23)[C@H](C)CN([C@@H](C)CO)C(=O)c2cc(ccc2O1)NC(=O)Nc1ccc(cc1)C(F)(F)F,0,0.278168,0.032097,0.010409
CC(C)OC(=O)[C@@H](C)NC1=NNC(=O)NC1=O,0,0.241732,0.230504,0.094735
C[C@@H]1CN([C@H](C)CO)C(=O)c2cc(ccc2O[C@H]1CN(C)C(=O)Nc1c(noc1C)C)NS(=O)(=O)c1ccccc1,0,0.006994,0.023823,0.004250
Cn1cc(cn1)N1C[C@]2(COCCN(C2)C(=O)C2CC2)OCC1=O,0,0.016927,0.043433,0.023040
OC(=O)[C@H]1N[C@H]2CC[C@@H]1C2,0,0.044683,0.043406,0.014637
CN1CCCN=C1COC(=O)C(O)(c1ccccc1)C1CCCCC1.Cl,0,0.621389,0.201840,0.189072
Nc1ncnc(c1[N+](=O)[O-])N[C@H]1CCS(=O)(=O)C1,0,0.990818,0.333712,0.304003
C[C@H]1CN([C@@H](C)CO)C(=O)Cc2cc(ccc2O[C@@H]1CN(C)Cc1ccc2c(c1)OCO2)NS(=O)(=O)c1ccccc1,0,0.000393,0.024128,0.003450
CC(C)NC(=O)N(C)C[C@H]1Oc2ccc(cc2C(=O)N(C[C@@H]1C)[C@@H](C)CO)NC(=O)C1CCCCC1,0,0.016258,0.023746,0.010930
Cc1ccc(cc1)S[C@@]1(CC(=O)N(Cc2ccccc2C(F)(F)F)[C@@H]1c1ccc(cc1)CO)C(=O)NCC(F)(F)F,0,0.931967,0.331214,0.222238
C[C@@H](O[C@H]1OCCN(Cc2n[nH]nc2CN(C)C)[C@H]1c1ccc(cc1)F)c1cc(cc(c1)C(F)(F)F)C(F)(F)F,1,0.994101,0.589052,0.687867
C[C@H]1CCCCO[C@H](CN(C)C(=O)C2CCCCC2)[C@H](C)CN([C@@H](C)CO)C(=O)c2cc(ccc2O1)NC(=O)Nc1ccc2c(c1)OCO2,0,0.010486,0.022887,0.004337
COc1ccc(cc1)S(=O)(=O)N(C)C[C@@H]1OCCCC[C@@H](C)Oc2ccc(cc2C(=O)N(C[C@@H]1C)[C@@H](C)CO)NC(=O)Nc1ccc(cc1)F,0,0.016051,0.025437,0.005662
CN1[C@H]2O[C@H]3[C@@H](O)[C@H]4C[C@@H]3[C@@H]2[C@@H]4C1=O,0,0.000884,0.043043,0.013783
COCC(=O)N(C)C[C@@H]1Oc2cc(ccc2S(=O)(=O)N(C[C@H]1C)[C@@H](C)CO)C#C[C@H](C)O,0,0.050175,0.025061,0.007645
C[C@H]1CCCCO[C@@H](CN(C)Cc2ccccc2)[C@@H](C)CN([C@H](C)CO)C(=O)c2cc(ccc2O1)NS(=O)(=O)c1ccc(cc1)C,0,0.001472,0.024332,0.004425
C[C@H]1CN([C@@H](C)CO)C(=O)c2cccc(c2O[C@@H]1CN(C)S(=O)(=O)c1cccs1)NC(=O)C1CCOCC1,0,0.007278,0.024482,0.004447
Cc1ccc(cc1)N(CC(=O)O)S(=O)(=O)C,0,0.063566,0.049763,0.010428
Cc1nc2c(c(n1)N1CCOCC1)OCC(=O)N2,0,0.023080,0.061379,0.025620
COc1ccc(cc1)S(=O)(=O)Nc1ccc2c(c1)CC(=O)N(C[C@@H](C)[C@H](CN(C)CC1CC1)O2)[C@H](C)CO,0,0.004142,0.024413,0.005157
C[C@@H]1CN([C@H](C)CO)C(=O)c2cc(cnc2O[C@@H]1CN(C)C(=O)Nc1ccc2c(c1)OCO2)-c1cccnc1,0,0.004879,0.022277,0.003198
CN(C)CCC=C1c2ccccc2COc2ccc(CC(=O)O)cc21.Cl,1,0.976156,0.335265,0.291087
Cc1cc(c(c(c1)C)-c1ccc(cc1)NC(=O)[C@H](Cc1ccc(cc1)C(=O)NCCS(=O)(=O)O)c1ccc(cc1)-c1ccc(cc1)C(C)(C)C)C,0,0.769660,0.524783,0.257251
Cn1cc([n+](c1)C)[C@@H](O)c1ccccc1,0,0.629262,0.166161,0.092488
CO[C@@H]1CN(C)C(=O)c2ccc(cc2OC[C@@H](C)N(C[C@@H]1C)C(=O)C1CCOCC1)NC(=O)C1CC1,0,0.021659,0.029039,0.011151
CC(C)CN1C(=O)NC2=C1C(=O)N(C)C(=O)N2C,0,0.762272,0.172510,0.158257
C[C@@H]1CN([C@@H](C)CO)C(=O)Cc2cc(ccc2O[C@H]1CN(C)Cc1ccncc1)NC(=O)Nc1ccc(cc1)C(F)(F)F,0,0.229139,0.046240,0.021355
C[C@@H]1CCCCO[C@@H](CN(C)C(=O)CCC(F)(F)F)[C@@H](C)CN([C@H](C)CO)C(=O)c2cc(ccc2O1)NS(=O)(=O)c1ccc(cc1)Cl,0,0.030161,0.025290,0.006979
Cc1ccccc1S(=O)(=O)N1C[C@@H](O)COC[C@H]2O[C@@H](CC[C@@H]21)CC(=O)NCCc1ccccc1,0,0.098376,0.050830,0.013145
COCCNC(=O)C[C@@H]1CC[C@H]2[C@@H](COC[C@H](O)CN2C(=O)Nc2ccccc2OC)O1,0,0.630311,0.326157,0.146236
CNCc1nc(no1)C(C)C,0,0.073926,0.041446,0.017288
OC[C@H]1O[C@H](CC[C@@H]1NC(=O)c1ccc(cc1)F)CC(=O)NCc1ccncn1,0,0.073778,0.047906,0.041135
C[C@@H]1CN([C@@H](C)CO)C(=O)Cc2cc(ccc2O[C@H]1CN(C)S(=O)(=O)c1c(noc1C)C)NS(=O)(=O)c1cccs1,0,0.002845,0.024281,0.004826
C[C@H]1CN([C@H](C)CO)C(=O)c2cccc(c2O[C@@H]1CN(C)S(=O)(=O)c1ccccc1)NC(=O)C1CC1,0,0.011349,0.024415,0.004764
CN1C(=C)[C@H]2C[C@H]3[C@H]4[C@@H]([C@H]5CO[C@H]([C@H]6CCCN6S(=O)(=O)c6ccccc6[N+](=O)[O-])C5=C3C[C@@H]2C1=O)C(=O)N(C)C4=O,0,0.000890,0.059698,0.062684
OCCN(Cc1ccccc1)C(=O)C[C@@H]1CC=CC[C@H](Cc2ccc(cc2)F)C(=O)OC[C@@H](Cc2c[nH]c3ccccc23)NC1=O,0,0.040624,0.043503,0.020565
CNC(=O)CN1CCO[C@H]2CN(C[C@@H]21)C(=O)COC,0,0.011555,0.034664,0.009052
CCN1C=C(C(=O)O)C(=O)c2cc(c(cc21)N1CCN(CC1)C(=S)Nc1cc(ccc1Cl)C(F)(F)F)F,0,0.996117,0.853617,0.899250
CC(C)C[C@@H](NC(=O)[C@@H](C)N)C(=O)O,0,0.026320,0.036317,0.019758
C[C@@H]1CN([C@@H](C)CO)C(=O)c2cc(ccc2O[C@H]1CN(C)Cc1ccc(cc1)-c1ccccc1)NS(=O)(=O)c1ccccc1,0,0.003885,0.034536,0.005627
O=C(O)CSCC(=O)NC1CCSC1=O,0,0.257361,0.059826,0.044932
CC(=O)[C@@]12C=CCC[C@@H]1C[C@H](N2C(=O)c1nc(oc1C(F)(F)F)C)C(=O)Nc1c(cccc1Cl)C,0,0.000692,0.751928,0.626039
CC(C)NC(=O)Nc1ccc2c(c1)C(=O)N(C[C@H](C)[C@H](CN(C)C(=O)NC1CCCCC1)O2)[C@H](C)CO,0,0.018971,0.022967,0.008221
CO[C@H]1O[C@H]2CO[C@@H]([C@@H]2O)[C@@H]1O,0,0.015014,0.138881,0.045077
C[C@H]1CN([C@H](C)CO)C(=O)c2cccc(c2O[C@H]1CN(C)Cc1ccc(cc1)C(F)(F)F)NC(=O)Nc1ccc2c(c1)OCO2,0,0.207460,0.071164,0.020502
Cl.Cl.Fc1ccc(C(c2ccc(F)cc2)N2CCN(CC=Cc3ccccc3)CC2)cc1,0,0.942950,0.187294,0.200683
COc1ccc(cc1)S(=O)(=O)N(C)C[C@@H]1Oc2ncc(cc2C(=O)N(C[C@@H]1C)[C@H](C)CO)-c1ccncc1,0,0.004003,0.024769,0.003786
CN1C(=O)NC(=O)c2c1ncn2CCN1CCOCC1,0,0.460535,0.071496,0.064114
C[C@H]1CCCCO[C@H](CN(C)S(=O)(=O)c2ccccc2)[C@H](C)CN([C@@H](C)CO)C(=O)c2cc(ccc2O1)NC(=O)NC1CCCCC1,0,0.004076,0.024251,0.003549
CC(=O)Nc1ccccc1,0,0.131228,0.057704,0.041727
C[C@H]1CN([C@@H](C)CO)C(=O)CCCn2nncc2CO[C@@H]1CN(C)C(=O)Nc1ccc2c(c1)OCCO2,0,0.027615,0.030875,0.006014
C[C@@H]1CN([C@H](C)CO)C(=O)c2cc(ccc2O[C@@H]1CN(C)Cc1ccc(cc1)C(F)(F)F)NC(=O)Nc1ccc2c(c1)OCO2,0,0.106398,0.068592,0.026515
C[C@H]1CCCCO[C@H](CN(C)Cc2ccc(cc2)C(F)(F)F)[C@H](C)CN([C@H](C)CO)C(=O)c2cc(ccc2O1)NC(=O)Nc1ccc(cc1)C(F)(F)F,0,0.785025,0.063450,0.013474
COc1ccc(cc1)CN(C)C[C@@H]1OCCCC[C@@H](C)Oc2ccc(cc2C(=O)N(C[C@H]1C)[C@H](C)CO)NC(=O)Cc1ccccc1,0,0.006722,0.026415,0.006305
O=C(Nc1ccc(Oc2ccc(Cl)cc2)c(Cl)c1)c1cc(I)cc(I)c1O,0,0.871761,0.788272,0.711507
COc1ccc(cc1)S(=O)(=O)Nc1ccc2c(c1)C(=O)N(C[C@@H](C)[C@H](CN(C)C(=O)C1CCCCC1)OCCCC[C@H](C)O2)[C@@H](C)CO,0,0.001103,0.024768,0.004976
C[C@H]1CN([C@@H](C)CO)C(=O)c2cc(ccc2O[C@H]1CN(C)C(=O)Nc1cccc2ccccc12)NC(=O)NC1CCCCC1,0,0.018317,0.023417,0.007299
C[C@@H]1CN([C@@H](C)CO)C(=O)CCCn2nncc2CO[C@H]1CN(C)C(=O)Nc1ccccc1C(F)(F)F,0,0.882217,0.787061,0.720121
CC(C)(C)c1nc[nH]c1/C=C/1\NC(=O)/C(=C/c2ccccc2)NC1=O,0,0.990458,0.420179,0.331331
CC1(C)SC2C(NC(=O)C(N)c3ccccc3)C(=O)N2C1C(=O)[O-].[Na+],0,0.999816,0.951540,0.986280
C[C@H]1CCCCO[C@H](CN(C)S(=O)(=O)c2cccs2)[C@@H](C)CN([C@@H](C)CO)C(=O)c2cc(ccc2O1)NC(=O)Nc1cccc2ccccc12,0,0.001848,0.025819,0.003298
COc1cccc(c1)C#Cc1ccc2c(c1)O[C@@H](CN(C)C(=O)C)[C@H](C)CN([C@@H](C)CO)S2(=O)=O,0,0.039539,0.030595,0.008490
COc1ccc(cc1)NC(=O)Nc1ccc2c(c1)C(=O)N(C[C@H](C)[C@@H](CN(C)C(=O)Cc1ccccc1)OCCCC[C@@H](C)O2)[C@H](C)CO,0,0.006665,0.023253,0.004062
C/C=C/C(=O)NC(=O)C(=C)C,0,0.001159,0.055161,0.018244
C[C@H]1CN([C@@H](C)CO)C(=O)c2cc(ccc2O[C@H]1CN(C)Cc1ccc(cc1)Oc1ccccc1)NC(=O)Cc1ccccc1,0,0.003446,0.026206,0.011287
OC[C@H]1O[C@@H](CC[C@H]1NC(=O)CN1CCOCC1)CC(=O)NCc1cccc(c1)F,0,0.037018,0.024158,0.022022
C[C@@H]1CN([C@@H](C)CO)C(=O)Cc2cc(ccc2O[C@@H]1CN(C)C(=O)Nc1cccc2ccccc12)NC(=O)Cn1cnnn1,0,0.018740,0.023526,0.006225
CCOC(=O)N(C)C[C@H]1OCc2cnnn2CCCC(=O)N(C[C@H]1C)[C@H](C)CO,0,0.032601,0.034205,0.017136
C[C@@H]1CN([C@@H](C)CO)C(=O)c2cc(ccc2O[C@@H]1CN(C)Cc1ccncc1)NC(=O)CCN1CCOCC1,0,0.002397,0.023488,0.004797
C[C@H]1CN([C@H](C)CO)C(=O)c2cc(cnc2O[C@@H]1CN(C)S(=O)(=O)C)C#CC1(O)CCCC1,0,0.010034,0.028496,0.005744
CO[C@H](CN(C)S(=O)(=O)c1ccc(cc1)F)[C@H](C)CN([C@@H](C)CO)S(=O)(=O)c1cccc(c1)Cl,0,0.225131,0.078498,0.015536
C[C@@H]1CCCCO[C@@H](CN(C)Cc2ccc(c(c2)Cl)Cl)[C@H](C)CN([C@H](C)CO)C(=O)c2cc(ccc2O1)NC(=O)C1CCCCC1,0,0.074825,0.032028,0.009770
CCC(=O)Nc1nc(cs1)C(=O)NC,0,0.020729,0.047670,0.019350
C[C@@H]1CCCCO[C@@H](CN(C)C(=O)Nc2cccc3ccccc23)[C@H](C)CN([C@H](C)CO)C(=O)c2cc(ccc2O1)NC(=O)NC1CCCCC1,0,0.009841,0.024312,0.003831
C[C@@H]1CN([C@H](C)CO)C(=O)Cc2cc(ccc2O[C@@H]1CN(C)Cc1ccc(cc1)-c1ccccc1)NC(=O)Nc1ccc(cc1)C(F)(F)F,0,0.513108,0.067970,0.035676
C[C@@H](NC(=O)C[C@H]1CC[C@@H](NC(=O)CN2CCOCC2)[C@H](CO)O1)c1ccccc1,0,0.021971,0.021934,0.016552
C[C@H]1CN([C@H](C)CO)C(=O)Cc2cc(ccc2O[C@@H]1CN(C)Cc1ccncc1)NC(=O)Nc1ccc(cc1)C(F)(F)F,0,0.229139,0.046240,0.021355
C[C@H]1CN([C@H](C)CO)C(=O)c2cc(ccc2O[C@@H]1CN(C)S(=O)(=O)C)NC(=O)Nc1ccc(cc1)F,0,0.114759,0.025415,0.010965
CC(C)NC(=O)N(C)C[C@@H]1OCCCC[C@@H](C)Oc2ccc(cc2C(=O)N(C[C@H]1C)[C@@H](C)CO)NC(=O)Nc1ccc(cc1)F,0,0.067694,0.029162,0.009450
CCS(=O)(=O)Nc1ccc2c(c1)C(=O)N(C)C[C@@H](OC)[C@H](C)CN(Cc1ccccn1)[C@@H](C)CO2,0,0.002073,0.024312,0.004411
C[C@H]1CCCCO[C@H](CN(C)Cc2ccc(cc2)C(=O)O)[C@@H](C)CN([C@@H](C)CO)C(=O)c2cc(ccc2O1)NS(=O)(=O)c1ccc(cc1)C,0,0.014379,0.028304,0.005085
C[C@H]1CCCCO[C@@H](CN(C)C(=O)c2ccccc2)[C@@H](C)CN([C@@H](C)CO)C(=O)c2cc(ccc2O1)NC(=O)c1ccccc1,0,0.000442,0.023125,0.004161
OC[C@H]1O[C@H](C[C@@H]2[C@H]1Oc1ccc(cc12)NC(=O)Cc1ccncc1)CC(=O)NCCc1ccccc1,0,0.018350,0.036212,0.019440
C[C@H]1CN([C@H](C)CO)C(=O)Cc2cc(ccc2O[C@H]1CN(C)S(=O)(=O)c1ccccc1)NS(=O)(=O)c1c(noc1C)C,0,0.001227,0.024197,0.004757
COc1ccc(cc1)S(=O)(=O)N(C)C[C@@H]1OCCCC[C@H](C)Oc2ccc(cc2C(=O)N(C[C@H]1C)[C@H](C)CO)NC(=O)Nc1ccc(cc1)C(F)(F)F,0,0.164913,0.046989,0.009664
CCS(=O)(=O)N1CC[C@@H]2CO[C@H](CN3CCN(C)CC3)[C@@H]2C1,0,0.058236,0.092181,0.014383
C[C@H]1CN([C@H](C)CO)C(=O)c2cccc(c2O[C@H]1CN(C)C(=O)Nc1c(noc1C)C)NC(=O)C1CC1,0,0.056825,0.028167,0.008941
C[C@H]1CCCCO[C@@H](CN(C)CC2CCCCC2)[C@@H](C)CN([C@@H](C)CO)C(=O)c2cc(ccc2O1)NC(=O)Nc1c(noc1C)C,0,0.109374,0.029718,0.011773
C[C@H]1CN([C@@H](C)CO)C(=O)c2cccc(c2O[C@H]1CN(C)Cc1ccc(cc1)C(=O)Nc1ccccc1N)NC(=O)C1CCCCC1,0,0.007546,0.033669,0.008281
CO[C@@H]1CN(C)C(=O)c2ccc(cc2OC[C@@H](C)N(C[C@H]1C)Cc1ccccc1OC)NC(=O)Nc1ccccc1OC,0,0.060799,0.025605,0.009015
CN(C)CCOC(=O)C(c1ccccc1)C1(O)CCCC1.Cl,0,0.554692,0.151758,0.185424
COc1ccc(cc1)CN(C)C[C@H]1Oc2c(cccc2C(=O)N(C[C@@H]1C)[C@H](C)CO)NC(=O)c1cnccn1,0,0.019148,0.031159,0.008548
COc1ccc2c3c(n(c2c1)C)[C@H](CO)N(C[C@]13CCN(CC1)Cc1ccccc1F)C(=O)Nc1ccc(cc1)F,0,0.649200,0.442513,0.354332
C[C@@H]1CN([C@@H](C)CO)C(=O)c2cc(cnc2O[C@@H]1CN(C)C(=O)C1CCOCC1)C#CCc1ccccc1,0,0.016187,0.028416,0.006675
CC(=O)NC(Cc1ccccc1)C(=O)O,0,0.031039,0.039518,0.039185
CC(CN(C)C)CN1c2ccccc2Sc2ccccc21.O=C(O)C(O)C(O)C(=O)O,0,0.943276,0.374124,0.211002
C[C@H]1CN([C@H](C)CO)S(=O)(=O)c2ccc(cc2O[C@@H]1CN(C)C(=O)Nc1cccc(c1)F)C#CC1(O)CCCC1,0,0.111015,0.027692,0.009329
C[C@H]1CN([C@@H](C)CO)C(=O)c2cccc(c2O[C@H]1CN(C)C(=O)NC1CCCCC1)NS(=O)(=O)c1cn(cn1)C,0,0.075399,0.026060,0.006085
C[C@H]1CCCCO[C@H](CN(C)C(=O)Cc2ccccc2)[C@@H](C)CN([C@@H](C)CO)C(=O)c2cc(ccc2O1)NC(=O)NC1CCCCC1,0,0.003344,0.023304,0.005574
O=C1NN=Cc2ccccc21,0,0.100243,0.085256,0.040902
CC(C)NC(=O)Nc1ccc2c(c1)C(=O)N(C[C@@H](C)[C@H](CN(C)C(=O)Nc1ccc3c(c1)OCO3)O2)[C@H](C)CO,0,0.026170,0.023704,0.006558
C[C@H]1CN([C@@H](C)CO)C(=O)c2c(c3ccccc3n2C)-c2ccccc2CO[C@@H]1CN(C)Cc1ccc(c(c1)Cl)Cl,0,0.352925,0.063315,0.013542
C[C@H]1CN([C@@H](C)CO)C(=O)CCCn2nncc2CO[C@H]1CN(C)C(=O)Nc1ccc(cc1)C(F)(F)F,1,0.772586,0.925436,0.951337
CO[C@@H]1CN(C)C(=O)c2cc(ccc2OC[C@H](C)N(C[C@H]1C)C(=O)c1ccc2c(c1)OCO2)NS(=O)(=O)C,0,0.005133,0.023772,0.004707
C[C@@H]1CN([C@H](C)CO)S(=O)(=O)c2ccc(cc2O[C@H]1CN(C)C(=O)Cc1ccccc1)-c1cncnc1,0,0.016004,0.025717,0.005477
CO[C@H](CN(C)S(=O)(=O)c1ccc(cc1)C)[C@H](C)CN([C@H](C)CO)S(=O)(=O)c1cccc(c1)Cl,0,0.091874,0.061033,0.009348
CO[C@@H](CN(C)C(=O)c1ccc2c(c1)OCO2)[C@@H](C)CN([C@@H](C)CO)S(=O)(=O)c1ccc(cc1)F,0,0.037690,0.027300,0.008061
C[C@@H]1CCCCO[C@H](CN(C)Cc2ccccc2)[C@H](C)CN([C@@H](C)CO)C(=O)c2cc(ccc2O1)NC(=O)Nc1ccc(cc1)C(F)(F)F,0,0.304151,0.055047,0.031628
COc1ccc(cc1)S(=O)(=O)N(C)C[C@@H]1OCc2cn(nn2)CCCC(=O)N(C[C@@H]1C)[C@@H](C)CO,0,0.010691,0.025689,0.005787
C[C@@H]1CN([C@H](C)CO)C(=O)c2cc(ccc2O[C@H]1CN(C)C(=O)Nc1ccc(cc1)F)NS(=O)(=O)c1cn(cn1)C,0,0.220423,0.024691,0.006427
NCC[C@H]1CC[C@H](NC(=O)Cc2ccncc2)[C@@H](CO)O1,0,0.070404,0.028293,0.024607
CN1CCN(CC1)C(=O)C[C@@H]1CC[C@H]2[C@@H](COc3ccc(cc3C(=O)N2C)NC(=O)c2ccc(c(c2)F)F)O1,0,0.065978,0.165740,0.097767
CN1[C@H]2CC[C@@H](CC(=O)NCc3ccc4c(c3)OCO4)O[C@@H]2COc2ccc(cc2C1=O)NC(=O)C1CCOCC1,0,0.003991,0.031451,0.009351
C[C@H]1CN([C@H](C)CO)C(=O)c2cc(ccc2O[C@@H]1CN(C)S(=O)(=O)C)NS(=O)(=O)c1ccc(cc1)C,0,0.004454,0.024847,0.007481
OC[C@@H]1O[C@H](C[C@H]2[C@@H]1Oc1ccc(cc12)NC(=O)NC1CCCC1)CC(=O)NCc1ccc(cc1)Oc1ccccc1,0,0.028924,0.027646,0.026093
O=S1(=O)[C@@H]2C[C@@H]3OC2(CN1C1CC1)C=C3,0,0.000587,0.146007,0.013399
COc1ccc(cc1)NC(=O)Nc1ccc2c(c1)C(=O)N(C[C@H](C)[C@@H](CN(C)C(=O)Nc1cccc3ccccc13)OCCCC[C@H](C)O2)[C@H](C)CO,0,0.014383,0.024394,0.003675
CN(C)CCCNC(=O)C[C@@H]1O[C@@H](CO)[C@H](NC(=O)Nc2c(noc2C)C)C=C1,0,0.333260,0.046971,0.025149
C[C@@H]1CN([C@H](C)CO)C(=O)Cc2cc(ccc2O[C@H]1CN(C)C(=O)NC1CCCCC1)NC(=O)C1CC1,0,0.018827,0.029815,0.013146
COC(=O)[C@H]1NCCS1,0,0.002956,0.029505,0.023989
O[C@H]1COC[C@@H]2O[C@H](CC[C@H]2N(C1)C(=O)Nc1cccc(c1)Cl)CC(=O)NCCCN1CCOCC1,0,0.779563,0.938457,0.965402
CN[C@@H]1[C@@H](O)[C@H](OC[C@]1(C)O)O[C@H]1[C@@H](N)C[C@@H](N)[C@H](O[C@H]2O[C@H]([C@@H](C)O)[C@@H](O)[C@H](O)[C@H]2N)[C@H]1O,0,0.911867,0.740365,0.772325
Cn1nnnc1S[C@H]1CCNC1,0,0.067722,0.045100,0.022950
C[C@H]1CCCCO[C@H](CN(C)C(=O)CCC(F)(F)F)[C@H](C)CN([C@H](C)CO)C(=O)c2cc(ccc2O1)NC(=O)c1ccccc1,0,0.013282,0.027117,0.010280
C[C@@H](N)CCP(=O)(O)O,0,0.210222,0.074697,0.053056
CNC(=O)[C@]12CCC3(CCN(CC3)C(=O)COC)[C@H]2CN(C1)S(=O)(=O)C,0,0.171012,0.146400,0.028382
C[C@H]1CN([C@@H](C)CO)C(=O)Cc2cc(ccc2O[C@@H]1CN(C)S(=O)(=O)c1c(noc1C)C)NC(=O)Nc1c(noc1C)C,0,0.015533,0.030475,0.007638
COc1ccc(cc1)NC(=O)N(C)C[C@@H]1OCCCC[C@@H](C)Oc2ccc(cc2C(=O)N(C[C@H]1C)[C@@H](C)CO)NC(=O)Nc1ccccc1,0,0.019988,0.023258,0.003831
CC(=O)Oc1cc2c(c(c1OC(=O)C)OC(=O)C)C(=O)C(=CO2)c1cc(c(c(c1)OC(=O)C)OC(=O)C)OC(=O)C,0,0.000576,0.265445,0.169297
COc1ccc(cc1)S(=O)(=O)Nc1ccc2c(c1)CC(=O)N(C[C@@H](C)[C@@H](CN(C)Cc1ccncc1)O2)[C@@H](C)CO,0,0.000495,0.024331,0.003604
C[C@@H]1CN([C@@H](C)CO)C(=O)Cc2cc(ccc2O[C@@H]1CN(C)C(=O)Nc1c(noc1C)C)NC(=O)C1CC1,0,0.025740,0.030013,0.006933
C[C@@H]1CN([C@H](C)CO)C(=O)c2cccc(c2O[C@@H]1CN(C)S(=O)(=O)c1cccs1)NS(=O)(=O)c1c(noc1C)C,0,0.002771,0.025007,0.007012
O[C@H]1CNC[C@@H]1N1CCCCC1,0,0.338013,0.053996,0.016277
O=C1NC(=O)C2(CCCC2)N1,0,0.009216,0.058615,0.034089
Cl.N=C(N)NC(=N)NCCc1ccccc1,0,0.320087,0.424119,0.345592
C[C@H]1CN([C@@H](C)CO)C(=O)Cc2cc(ccc2O[C@@H]1CN(C)C(=O)Nc1ccc(cc1)C(F)(F)F)NC(=O)CCC(F)(F)F,0,0.798400,0.240530,0.128258
C[C@H]1CN([C@H](C)CO)C(=O)Cc2cc(ccc2O[C@@H]1CN(C)C)NC(=O)Cc1cn(c2ccccc12)C,0,0.044488,0.032998,0.007255
COC(=O)c1ccc(c(c1)N)C(=O)OC,0,0.162872,0.134447,0.100813
C[C@H]1CCCCO[C@H](CN(C)Cc2ccc(cc2)C(F)(F)F)[C@@H](C)CN([C@@H](C)CO)C(=O)c2cc(ccc2O1)NS(=O)(=O)c1cn(cn1)C,0,0.163018,0.036581,0.007601
C[C@@H]1CCCCO[C@@H](CN(C)C(=O)Nc2ccc(cc2)C(F)(F)F)[C@H](C)CN([C@@H](C)CO)C(=O)c2cc(ccc2O1)NS(=O)(=O)c1ccc(cc1)C,0,0.074397,0.039453,0.009188
CCS(=O)(=O)C1CNC1,0,0.001504,0.030372,0.021251
CO[C@@H]1CN(C)C(=O)c2cc(ccc2OC[C@H](C)N(C[C@@H]1C)C(=O)c1ccc2c(c1)OCO2)NS(=O)(=O)CC(F)(F)F,0,0.026720,0.029447,0.014843
ClN1C(=O)NC(=O)N(Cl)C1=O,0,0.978481,0.537947,0.275027
C[C@@H]1CCCCO[C@H](CN(C)CC2CCCCC2)[C@H](C)CN([C@@H](C)CO)C(=O)c2cc(ccc2O1)NC(=O)Nc1ccc(cc1)F,0,0.234526,0.066169,0.031780
COc1ccc(cc1)NC(=O)Nc1ccc2c(c1)C(=O)N(C[C@@H](C)[C@@H](CN(C)C(=O)Nc1ccc(cc1)C(F)(F)F)O2)[C@@H](C)CO,0,0.721576,0.184593,0.201375
OC[C@H]1N[C@@H](C#N)[C@H]1c1ccccc1,0,0.014484,0.074642,0.062082
COCC(=O)N(C)C[C@H]1Oc2cc(ccc2S(=O)(=O)N(C[C@H]1C)[C@H](C)CO)C#Cc1cccnc1,0,0.057425,0.027617,0.007963
O=[N+]([O-])C(Br)(CO)CO,1,0.632259,0.740760,0.891789
C[C@@H]1CN([C@H](C)CO)C(=O)Cc2cc(ccc2O[C@H]1CN(C)Cc1ccc2c(c1)OCO2)NC(=O)Cn1cnnn1,0,0.008742,0.024899,0.009182
CC(C)NC(=O)Nc1ccc2c(c1)C(=O)N(C[C@H](C)[C@H](CN(C)C(=O)Nc1ccc(cc1)F)OCCCC[C@@H](C)O2)[C@H](C)CO,0,0.110865,0.026439,0.007733
C[C@H]1CN([C@H](C)CO)C(=O)Cc2cc(ccc2O[C@@H]1CN(C)C(=O)Nc1cccc2ccccc12)NS(=O)(=O)c1ccc(cc1)F,0,0.004280,0.024480,0.005046
OC[C@H]1O[C@@H](CCNC(=O)Nc2cc(ccc2F)F)CC[C@@H]1NC(=O)CN1CCOCC1,0,0.290119,0.043992,0.060195
C[C@H]1CCCCO[C@@H](CN(C)C(=O)CCC(F)(F)F)[C@@H](C)CN([C@@H](C)CO)C(=O)c2cc(ccc2O1)NS(=O)(=O)c1ccccc1,0,0.006640,0.024301,0.005601
C[C@@H](O)C#Cc1ccc2c(c1)O[C@@H](CN(C)C(=O)c1ccncc1)[C@@H](C)CN([C@H](C)CO)S2(=O)=O,0,0.015581,0.025204,0.004575
C[C@H]1CCCCO[C@@H](CN(C)Cc2ccncc2)[C@@H](C)CN([C@H](C)CO)C(=O)c2cc(ccc2O1)NC(=O)Nc1c(noc1C)C,0,0.017325,0.029315,0.005475
C[C@H]1CCCCO[C@H](CN(C)S(=O)(=O)c2ccc(cc2)F)[C@H](C)CN([C@H](C)CO)C(=O)c2cc(ccc2O1)NC(=O)NC1CCCCC1,0,0.011657,0.024314,0.005071
COc1ccc(cc1)S(=O)(=O)N(C)C[C@H]1OCCCC[C@@H](C)Oc2ccc(cc2C(=O)N(C[C@@H]1C)[C@H](C)CO)NC(=O)Nc1ccc2c(c1)OCO2,0,0.002840,0.024198,0.004051
C[C@@H]1CN([C@@H](C)CO)C(=O)c2cc(ccc2O[C@H]1CN(C)S(=O)(=O)C)NC(=O)Cn1cnnn1,0,0.017188,0.024429,0.005950
CO[C@@H]1CN(C)C(=O)c2cc(ccc2OC[C@@H](C)N(C[C@@H]1C)C(=O)C1CCOCC1)NC(=O)CC(F)(F)F,0,0.159020,0.228126,0.152852
C[C@H]1CN([C@@H](C)CO)C(=O)c2cccc(c2O[C@@H]1CN(C)C(=O)Nc1ccc(cc1)C(F)(F)F)NC(=O)C1CCCCC1,0,0.663935,0.806505,0.872058
Oc1cc2c(cc1O)CNCC2,0,0.582758,0.264845,0.170763
CN1CCN(CC1)C(=O)C[C@H]1CC[C@H]2[C@H](COc3ccc(cc3C(=O)N2C)NC(=O)c2ccc(c(c2)F)F)O1,0,0.065978,0.165740,0.097767
C[C@H]1CCCCO[C@H](CN(C)C(=O)Nc2cccc3ccccc23)[C@@H](C)CN([C@H](C)CO)C(=O)c2cc(ccc2O1)NC(=O)CCCN(C)C,0,0.008023,0.024200,0.003098
C[C@@H]1CN([C@@H](C)CO)C(=O)Cc2cc(ccc2O[C@@H]1CN(C)S(=O)(=O)c1ccc(cc1)C)NC(=O)Nc1ccc(cc1)C(F)(F)F,0,0.229711,0.043235,0.010753
OC[C@@H](Cc1ccccc1)NC(=O)C[C@@H]1CC=CCC[C@@H](Cc2ccc(cc2)F)C(=O)OC[C@@H](Cc2c[nH]c3ccccc23)NC1=O,0,0.057215,0.036815,0.015816
C[C@H]1CN([C@@H](C)CO)C(=O)c2cccc(c2O[C@H]1CN(C)S(=O)(=O)c1ccc(cc1)F)NC(=O)c1cc(nn1C)C,0,0.042885,0.024780,0.005149
CO[C@H]1/C=C\O[C@@]2(C)Oc3c(c(c4c(c3C2=O)[C@@]2(OCC(=O)O2)C=C(NC(=O)/C(=C\C=C/[C@@H](C)[C@@H](O)[C@@H](C)[C@@H](O)[C@@H](C)[C@@H](OC(=O)C)[C@@H]1C)C)C4=O)O)C,1,0.079608,0.748528,0.446355
CCNC(=O)C[C@@H]1CC[C@H](NC(=O)C2CC2)[C@H](CO)O1,0,0.043049,0.026971,0.012801
COCC#Cc1ccc2c(c1)O[C@H](CN(C)S(=O)(=O)c1cccc(c1)F)[C@H](C)CN([C@H](C)CO)S2(=O)=O,0,0.109856,0.026157,0.008489
C[C@@H]1CCCCO[C@H](CN(C)Cc2ccccc2)[C@H](C)CN([C@H](C)CO)C(=O)c2cc(ccc2O1)NC(=O)Nc1ccc(cc1)F,0,0.076528,0.041711,0.016106
COc1ccc(cc1)CN(C)C[C@@H]1Oc2ccc(cc2CC(=O)N(C[C@@H]1C)[C@H](C)CO)NC(=O)Nc1ccc(cc1)C(F)(F)F,0,0.285853,0.038749,0.030385
NC(=O)Nc1ccc(cc1)C(=O)O,0,0.772238,0.087660,0.068166
C[C@@H]1CCCCO[C@@H](CN(C)S(=O)(=O)c2c(noc2C)C)[C@@H](C)CN([C@H](C)CO)C(=O)c2cc(ccc2O1)NC(=O)Nc1ccc(cc1)C(F)(F)F,0,0.242946,0.079340,0.022272
C[C@@H]1CCCCO[C@H](CN(C)C(=O)CCC(F)(F)F)[C@H](C)CN([C@@H](C)CO)C(=O)c2cc(ccc2O1)NC(=O)CCCCCC(=O)Nc1ccccc1N,0,0.033300,0.050847,0.007625
COc1ccc(cc1)CN(C)C[C@@H]1Oc2ccc(cc2C(=O)N(C[C@H]1C)[C@H](C)CO)NS(=O)(=O)c1c(noc1C)C,0,0.001768,0.025046,0.004564
C[C@H](O)CC1=C[C@H](O)[C@@H](C)OC1=O,0,0.024549,0.047638,0.022835
C[C@@H](CO)N1[C@@H]2C(=O)N(CC=C[C@@]32O[C@@H]2C=CCCOC(=O)[C@@H]2[C@H]3C1=O)Cn1nnc2ccccc12,0,0.339762,0.230240,0.083800
COc1ccc(cc1)CN(C)C[C@H]1Oc2c(cccc2C(=O)N(C[C@@H]1C)[C@H](C)CO)NC(=O)c1ccc(cc1)-c1nccs1,0,0.005799,0.025560,0.004272
CO[C@@H]1CN(C)C(=O)c2cc(ccc2OC[C@@H](C)N(C[C@H]1C)Cc1ccccc1F)NC(=O)CN(C)C,0,0.054880,0.027193,0.009344
COc1ccc(cc1)S(=O)(=O)Nc1ccc2c(c1)C(=O)N(C[C@@H](C)[C@@H](CN(C)Cc1ccc(c(c1)Cl)Cl)O2)[C@H](C)CO,0,0.011137,0.024637,0.005668
CN1C(=O)CCS(=O)(=O)C1c1ccc(Cl)cc1,0,0.143297,0.156399,0.305130
C[C@H]1CN([C@@H](C)CO)C(=O)Cc2cc(ccc2O[C@@H]1CN(C)S(=O)(=O)c1cccs1)NS(=O)(=O)c1cn(cn1)C,0,0.004912,0.024477,0.004167
C[C@@]12CC3C[C@@](C)(C1)CC(N)(C3)C2,0,0.223595,0.098294,0.041464
COc1ccc(cc1)NC(=O)Nc1ccc2c(c1)C(=O)N(C[C@@H](C)[C@@H](CN(C)S(=O)(=O)c1ccc(cc1)F)OCCCC[C@@H](C)O2)[C@H](C)CO,0,0.009617,0.024524,0.004261
C[C@@H]1CCCCO[C@@H](CN(C)S(=O)(=O)c2ccccc2)[C@H](C)CN([C@@H](C)CO)C(=O)c2cc(ccc2O1)NS(=O)(=O)C,0,0.003261,0.024229,0.004410
NC(=O)c1ncn(C2OC(CO)C(O)C2O)c1N,0,0.058695,0.078480,0.039317
C[C@]1([C@@H](N(Cc2cc(cc(c2)C(F)(F)F)C(F)(F)F)C(=O)c2ccccc21)c1ccc(cc1)CO)C(=O)NCC(F)(F)F,0,0.986794,0.432238,0.230508
CCCC#Cc1cnc2c(c1)C(=O)N(C[C@@H](C)[C@H](CN(C)S(=O)(=O)c1cccc(c1)OC)O2)[C@@H](C)CO,0,0.018436,0.028237,0.004798
Cc1ccc(cc1)C(=O)c1ccc(cc1)Oc1ccccc1,0,0.543344,0.070796,0.086873
C[C@H]1CCCCO[C@H](CN(C)C(=O)Nc2ccccc2)[C@@H](C)CN([C@H](C)CO)C(=O)c2cc(ccc2O1)NC(=O)CCC(F)(F)F,0,0.128839,0.018531,0.010407
C[C@H]1CN([C@@H](C)CO)C(=O)c2cccc(c2O[C@H]1CN(C)Cc1ccc(c(c1)Cl)Cl)NC(=O)Nc1ccc(cc1)F,0,0.662362,0.030654,0.018233
C[C@H]1CN([C@H](C)CO)C(=O)c2cccc(c2O[C@H]1CN(C)S(=O)(=O)c1ccc(cc1)C)NC(=O)Nc1ccc(cc1)C(F)(F)F,0,0.579152,0.051043,0.027814
Cc1ccccc1S(=O)(=O)N1C[C@H](O)COC[C@@H]2O[C@@H](CC[C@H]21)CC(=O)NCc1ccccc1Cl,0,0.211506,0.056587,0.025937
FC(F)(F)Oc1ccccc1S(=O)(=O)NC(=O)Cn1cc(nn1)COc1ccc2ccccc2c1,0,0.606143,0.120210,0.068808
C[C@H]1CCCCO[C@@H](CN(C)Cc2ccc(cc2)C(F)(F)F)[C@H](C)CN([C@H](C)CO)C(=O)c2cc(ccc2O1)NC(=O)c1ccncc1,0,0.047084,0.023515,0.006033
COc1ccc(cc1)N1C[C@@H](CC1=O)C(=O)N,0,0.026167,0.069513,0.046147
Cn1ncc2c1NC=NC2=O,0,0.084457,0.040078,0.033341
OC(=O)[C@H]1[C@H]2N([C@@H]([C@@H](OC2=O)c2ccccc2)c2ccccc2)[C@@H](c2ccc(cc2)O)[C@]11C(=O)Nc2ccc(cc21)C#CC1=CCCCC1,1,0.780585,0.858677,0.955184
CNC[C@H]1Oc2cc(ccc2S(=O)(=O)N(C[C@H]1C)[C@H](C)CO)C#CCN(C)C,0,0.142878,0.029615,0.008036
Cn1cnc(c1)S(=O)(=O)N1C[C@@H](O)COC[C@H]2O[C@H](CC[C@@H]21)CC(=O)NC1CCCC1,0,0.124536,0.053167,0.012562
COc1ccc(cc1)CN(C)C[C@H]1Oc2c(cccc2C(=O)N(C[C@@H]1C)[C@@H](C)CO)NS(=O)(=O)C,0,0.022262,0.025704,0.004083
CCO[C@H]1OC(=C[C@@H](C)[C@@H]1CCCOC(=O)NCCCCCC(=O)NO)C(=O)N1CCN(CC1)Cc1ccccc1,0,0.000013,0.036995,0.016103
C[C@@H]1CCCCO[C@H](CN(C)S(=O)(=O)c2ccc(cc2)F)[C@H](C)CN([C@H](C)CO)C(=O)c2cc(ccc2O1)NC(=O)CCC(F)(F)F,0,0.064318,0.030350,0.007671
C[C@H](NC(=O)C[C@H]1C[C@H]2[C@H](Oc3ccc(cc32)NC(=O)Nc2ccc(cc2)C(F)(F)F)[C@H](CO)O1)c1ccccc1,0,0.629178,0.104042,0.110924
COc1ccc(cc1)S(=O)(=O)N(C)C[C@H]1Oc2c(cccc2C(=O)N(C[C@@H]1C)[C@H](C)CO)NS(=O)(=O)c1ccc(cc1)F,0,0.010580,0.030015,0.010237
C[C@@H]1CN([C@@H](C)CO)C(=O)c2cc(ccc2O[C@@H]1CN(C)Cc1ccncc1)NS(=O)(=O)c1c(noc1C)C,0,0.001310,0.024828,0.003900
C[C@H]1CN([C@@H](C)CO)C(=O)Cc2cc(ccc2O[C@@H]1CN(C)S(=O)(=O)c1ccc(cc1)Cl)N(C)C,0,0.019381,0.043147,0.012387
CN1CCN(CC1)C(=O)C[C@H]1CC[C@@H]2[C@H](COc3ccc(cc3C(=O)N2C)NC(=O)c2cscn2)O1,0,0.023171,0.024631,0.012176
OCCOc1ccc(cc1)[C@@H]1N2[C@H]([C@H](C(=O)N3CCCCCCC3)[C@@]11C(=O)Nc3ccccc31)C(=O)O[C@H]([C@H]2c1ccccc1)c1ccccc1,0,0.084815,0.072332,0.052400
C[C@H]1COC(=O)[C@H](CC=CC[C@@H](CC(=O)N[C@@H](CO)Cc2ccccc2)C(=O)N1)CC(=O)OC(C)(C)C,0,0.015519,0.034765,0.017580
C[C@@H]1CCCCO[C@@H](CN(C)S(=O)(=O)c2cn(cn2)C)[C@H](C)CN([C@H](C)CO)C(=O)c2cc(ccc2O1)NS(=O)(=O)c1ccccc1,0,0.000617,0.024251,0.003740
C[C@H]1CN([C@H](C)CO)C(=O)c2cccc(c2O[C@H]1CN(C)S(=O)(=O)c1ccccc1)NC(=O)Nc1c(noc1C)C,0,0.033625,0.025178,0.004436
C[C@@H]1CCCCO[C@@H](CN(C)S(=O)(=O)C)[C@H](C)CN([C@@H](C)CO)C(=O)c2cc(ccc2O1)N(C)C,0,0.004342,0.025554,0.005698
NC1=Nc2nc[nH]c2C(=S)N1,0,0.530993,0.094938,0.026994
C[C@@H]1CN([C@@H](C)CO)C(=O)Cc2cc(ccc2O[C@@H]1CN(C)S(=O)(=O)C)NS(=O)(=O)c1ccc(cc1)F,0,0.004198,0.024270,0.006965
C[C@H]1CCCCO[C@H](CN(C)C(=O)NC2CCCCC2)[C@H](C)CN([C@@H](C)CO)C(=O)c2cc(ccc2O1)NC(=O)C1CCCCC1,0,0.010720,0.026813,0.007127
C[C@H]1CN([C@H](C)CO)C(=O)Cc2cc(ccc2O[C@@H]1CN(C)S(=O)(=O)c1c(noc1C)C)NC(=O)CCN1CCOCC1,0,0.001327,0.026005,0.005032
C[C@@H]1CN([C@@H](C)CO)C(=O)c2cccc(c2O[C@@H]1CN(C)C(=O)Nc1ccc(cc1)F)NC(=O)Nc1ccc(cc1)C(F)(F)F,0,0.956309,0.895520,0.926603
COc1ccc(cc1)CN(C)C[C@@H]1OCCCC[C@@H](C)Oc2ccc(cc2C(=O)N(C[C@H]1C)[C@H](C)CO)NS(=O)(=O)c1ccc(cc1)OC,0,0.001160,0.024507,0.004051
CN(C)[C@H]1[C@@H]2C[C@H]3C(=C(O)[C@]2(O)C(=C(C(=O)NCN2CCCC2)C1=O)O)C(=O)c1c(cccc1[C@@]3(C)O)O,1,0.964654,0.851131,0.847288
C[C@H]1CN([C@H](C)CO)C(=O)c2cccc(c2O[C@@H]1CN(C)CC1CC1)NS(=O)(=O)c1ccc(cc1)C,0,0.010798,0.030667,0.005000
C[C@H]1CN([C@H](C)CO)C(=O)c2cc(ccc2O[C@@H]1CN(C)S(=O)(=O)c1ccc(cc1)Cl)NS(=O)(=O)C,0,0.058556,0.025120,0.006941
COCC(=O)Nc1ccc2c(c1)C(=O)N(C)[C@@H]1CC[C@@H](CC(=O)NCc3ccccc3Cl)O[C@@H]1CO2,0,0.035282,0.058882,0.030461
COc1ccc(cc1)NC(=O)N(C)C[C@@H]1Oc2c(cccc2C(=O)N(C[C@H]1C)[C@@H](C)CO)NC(=O)CCCCCC(=O)Nc1ccccc1N,0,0.045351,0.026612,0.005868
O[C@@H]1COC[C@H]2O[C@H](CC[C@@H]2N(C1)S(=O)(=O)c1ccc(cc1)F)CC(=O)N[C@@H]1CCN(C1)Cc1ccccc1,0,0.160716,0.042437,0.013700
C[C@@H]1CN([C@H](C)CO)C(=O)CCCn2nncc2CO[C@@H]1CN(C)C(=O)Nc1ccnc(c1)N1CCOCC1,0,0.021700,0.031447,0.008376
C[C@H]1CN([C@@H](C)CO)C(=O)c2cc(ccc2O[C@@H]1CN(C)S(=O)(=O)c1ccc(cc1)Cl)NC(=O)Cn1cnnn1,0,0.045807,0.024648,0.005736
COc1ccc(cc1)S(=O)(=O)N(C)C[C@H]1Oc2cc(ccc2S(=O)(=O)N(C[C@@H]1C)[C@H](C)CO)C#CC1CCCC1,0,0.023162,0.030466,0.006986
C[C@H]1CN([C@H](C)CO)C(=O)c2cc(ccc2O[C@H]1CN(C)C(=O)Nc1ccc(cc1)C(F)(F)F)NC(=O)C1CCCCC1,0,0.520803,0.479608,0.471830
C[C@H]1CN([C@@H](C)CO)C(=O)c2cc(ccc2O[C@H]1CN(C)S(=O)(=O)c1ccc(cc1)F)NC(=O)CCN1CCOCC1,0,0.007161,0.024507,0.005711
COc1ccc(cc1)CN(C)C[C@H]1OCCCC[C@@H](C)Oc2ccc(cc2C(=O)N(C[C@@H]1C)[C@H](C)CO)NC(=O)Cc1ccccc1,0,0.006722,0.026415,0.006305
OC(=O)[C@H]1CCCC[C@@H]1C(=O)N1CCOCC1,0,0.028378,0.100487,0.110918
CCCCC(=O)C1CCCC=C1C(=O)O,0,0.132646,0.085982,0.040749
CO[C@H]1CN(C)C(=O)c2cc(ccc2OC[C@H](C)N(C[C@@H]1C)Cc1cccnc1)NS(=O)(=O)CC(F)(F)F,0,0.038663,0.027183,0.011625
CCC1=C(C#N)C(=O)NC(=S)N1,0,0.033538,0.072767,0.053721
C[C@H]1CN([C@H](C)CO)C(=O)c2cccc(c2O[C@@H]1CN(C)S(=O)(=O)c1cn(cn1)C)NC(=O)c1ccc(cc1)-c1nccs1,0,0.012321,0.024435,0.003451
C[C@H]1CCCCO[C@@H](CN(C)C(=O)Nc2cccc3ccccc23)[C@@H](C)CN([C@H](C)CO)C(=O)c2cc(ccc2O1)NC(=O)Nc1c(noc1C)C,0,0.019193,0.023746,0.003539
C[C@H]1CN([C@@H](C)CO)C(=O)c2cccc(c2O[C@@H]1CN(C)C(=O)Nc1ccc(cc1)C(F)(F)F)NC(=O)c1nc2ccccc2s1,0,0.563637,0.348638,0.172374
C[C@@H]1CCCCO[C@@H](CN(C)S(=O)(=O)c2cccs2)[C@@H](C)CN([C@H](C)CO)C(=O)c2cc(ccc2O1)NC(=O)Nc1cccc2ccccc12,0,0.001848,0.025819,0.003298
COc1ccccc1CNC(=O)C[C@H]1C[C@@H]2[C@@H](Oc3ccc(cc32)NC(=O)NC2CCCC2)[C@H](CO)O1,0,0.074243,0.036113,0.031774
OC[C@@H](O)[C@@H](O)[C@H](O)/C=N/NC(=O)c1ccc(cc1)C(=O)NO,0,0.019797,0.091949,0.053353
CN1[C@@H]2CC[C@H](CC(=O)N3CCOCC3)O[C@@H]2COc2ccc(cc2C1=O)NS(=O)(=O)C,0,0.001360,0.023960,0.006128
C[C@H]1CN([C@H](C)CO)C(=O)c2cccc(c2O[C@@H]1CN(C)Cc1ccc(cc1)-c1ccccc1)NC(=O)Nc1ccc2c(c1)OCO2,0,0.029626,0.026320,0.005980
CO[C@H]1CN(C)C(=O)c2cc(ccc2OC[C@H](C)N(C[C@H]1C)C(=O)C1CCOCC1)NC(=O)CC(F)(F)F,0,0.159020,0.228126,0.152852
C[C@@H]1CCCCO[C@@H](CN(C)Cc2ccc(cc2)C(F)(F)F)[C@@H](C)CN([C@H](C)CO)C(=O)c2cc(ccc2O1)NC(=O)CCCCCC(=O)Nc1ccccc1N,0,0.053157,0.027079,0.004037
CNC[C@H](O)c1ccc(c(c1)O)O,0,0.643648,0.113851,0.075708
CC(C)c1cc(c(cc1NC(=O)C)C(C)C)C(C)C,0,0.947299,0.420621,0.309686
OC[C@@H]1O[C@@H](C[C@@H]2[C@H]1Oc1ccc(cc12)NS(=O)(=O)c1ccc(cc1)F)CC(=O)NCc1cccc(c1)F,0,0.019024,0.038596,0.009852
Cc1ccc(cc1)N1CC[C@@H](CN)C1,0,0.342301,0.045927,0.025303
C[C@@H]1CN([C@@H](C)CO)C(=O)Cc2cc(ccc2O[C@@H]1CN(C)Cc1ccc(cc1)-c1ccccc1)NC(=O)Nc1c(noc1C)C,0,0.128091,0.031932,0.008973
CC(C)NC(=O)NCC[C@H]1CC[C@@H](NC(=O)CN(C)C)[C@@H](CO)O1,0,0.175454,0.027783,0.009924
COc1ccc(cc1)S(=O)(=O)Nc1cccc2c1O[C@H](CN(C)C(=O)Nc1cccc3ccccc13)[C@@H](C)CN([C@H](C)CO)C2=O,0,0.007116,0.025446,0.005693
O[C@@H]1COC[C@H]2O[C@H](CC[C@@H]2N(C1)S(=O)(=O)c1cccc(c1)F)CC(=O)NCCCN1CCOCC1,0,0.309092,0.057049,0.018632
C[C@@H]1CN([C@@H](C)CO)C(=O)c2cc(cnc2O[C@H]1CN(C)C(=O)C1CCOCC1)-c1cccc(c1)C#N,0,0.002968,0.023086,0.004014
CCCCCCCCCCCCCCCC[N+](C)(C)C,0,0.994197,0.576866,0.470414
C[C@H]1CN([C@H](C)CO)C(=O)Cc2cc(ccc2O[C@@H]1CN(C)S(=O)(=O)c1cn(cn1)C)NS(=O)(=O)c1ccc(cc1)Cl,0,0.005248,0.024738,0.005269
C[C@@H]1CN([C@@H](C)CO)C(=O)c2cccc(c2O[C@@H]1CN(C)S(=O)(=O)c1cccs1)NC(=O)c1ccncc1,0,0.003576,0.024482,0.003807
O=C1CC[C@@H]2NCC[C@H]2N1,0,0.022876,0.025977,0.008084
C[C@@H]1CCCCO[C@@H](CN(C)C(=O)Nc2ccc(cc2)C(F)(F)F)[C@@H](C)CN([C@H](C)CO)C(=O)c2cc(ccc2O1)NC(=O)Nc1cccc2ccccc12,0,0.229859,0.023712,0.006753
CC(C)(C)NC(=O)C[n+]1cccc(c1)/C=N/O,0,0.003598,0.087684,0.045862
C[C@H]1CCCCO[C@H](CN(C)Cc2ccc(cc2)C(F)(F)F)[C@H](C)CN([C@@H](C)CO)C(=O)c2cc(ccc2O1)NC(=O)C1CCCCC1,0,0.124634,0.037012,0.021373
CC(C)NC(=O)N(C)C[C@@H]1OCCCC[C@@H](C)Oc2ccc(cc2C(=O)N(C[C@H]1C)[C@@H](C)CO)NS(=O)(=O)C,0,0.010931,0.025720,0.004368
CCN(Cc1cccc(c1)Br)c1c(nc2ccc(cn12)C(=O)NCCc1ccccn1)CC,0,0.479857,0.375124,0.306862
COCCNC(=O)C[C@@H]1CC[C@H]2[C@@H](COC[C@H](O)CN2S(=O)(=O)c2ccccc2F)O1,0,0.240747,0.044655,0.016888
C[C@H]1CN([C@H](C)CO)C(=O)c2cc(cnc2O[C@H]1CN(C)C(=O)Nc1ccccc1)-c1cccc(c1)C(F)(F)F,0,0.478442,0.222664,0.264809
COCCNC(=O)C[C@H]1C[C@H]2[C@H](Oc3ccc(cc32)NS(=O)(=O)C)[C@H](CO)O1,0,0.014716,0.025134,0.008147
C[C@@H]1CN([C@@H](C)CO)C(=O)Cc2cc(ccc2O[C@H]1CN(C)S(=O)(=O)c1c(noc1C)C)NC(=O)CCN1CCOCC1,0,0.001327,0.026005,0.005032
S=C1NN=C(N1)C1CCCCC1,0,0.573677,0.219644,0.120955
C[C@@H]1CN([C@@H](C)CO)C(=O)c2cccc(c2O[C@@H]1CN(C)Cc1ccc(cc1)Oc1ccccc1)NS(=O)(=O)c1ccc(cc1)Cl,0,0.003951,0.027067,0.008226
CC(C)NC(=O)Nc1ccc2c(c1)C(=O)N(C[C@@H](C)[C@H](CN(C)C(=O)Nc1ccc(cc1)F)OCCCC[C@@H](C)O2)[C@H](C)CO,0,0.110865,0.026439,0.007733
C[C@@H]1CCCCO[C@@H](CN(C)C(=O)Cc2ccccc2)[C@@H](C)CN([C@@H](C)CO)C(=O)c2cc(ccc2O1)NS(=O)(=O)c1cccs1,0,0.001473,0.024208,0.003518
C[C@@H]1CCCCO[C@H](CN(C)S(=O)(=O)c2cn(cn2)C)[C@H](C)CN([C@@H](C)CO)C(=O)c2cc(ccc2O1)NS(=O)(=O)c1cn(cn1)C,0,0.013066,0.024758,0.005854
C[C@@H]1CN([C@H](C)CO)C(=O)Cc2cc(ccc2O[C@H]1CN(C)C(=O)Nc1ccc(cc1)F)NC(=O)Cn1cnnn1,0,0.123494,0.026548,0.013580
C[C@H]1CCCCO[C@H](CN(C)S(=O)(=O)c2ccc(cc2)F)[C@H](C)CN([C@H](C)CO)C(=O)c2cc(ccc2O1)NS(=O)(=O)c1ccc(cc1)Cl,0,0.006250,0.025648,0.005356
C[C@@H]1CN([C@@H](C)CO)C(=O)c2cccc(c2O[C@H]1CN(C)Cc1ccc(cc1)-c1ccccc1)NS(=O)(=O)c1cccs1,0,0.024774,0.035651,0.006239
C[C@H]1CCCCO[C@@H](CN(C)C(=O)Cc2ccccc2)[C@H](C)CN([C@H](C)CO)C(=O)c2cc(ccc2O1)NC(=O)Cc1ccccc1,0,0.001142,0.022882,0.004481
C[C@H]1CN([C@H](C)CO)C(=O)Cc2cc(ccc2O[C@H]1CN(C)C(=O)Nc1ccc(cc1)C(F)(F)F)NC(=O)Nc1c(noc1C)C,0,0.548812,0.220301,0.195574
CCS(=O)(=O)N1C[C@]2(CN(Cc3ccc4c(c3)OCO4)[C@@H](CO)c3c2c2ccc(cc2n3C)OC)C1,0,0.008694,0.029275,0.012702
OCCN1CCN(CC1)c1ncnc2n(cnc12)[C@H]1CN(C[C@@H](CO)O1)Cc1ccccc1,0,0.630287,0.237627,0.086881
C[C@@H]1CN([C@H](C)CO)C(=O)Cc2cc(ccc2O[C@H]1CN(C)S(=O)(=O)c1c(noc1C)C)NC(=O)Nc1ccccc1,0,0.012672,0.026567,0.005511
CCCCC[C@H](O)/C=C/[C@H]1[C@H](O)C[C@H]2O/C(=C\CCCC(=O)O)C[C@@H]21,0,0.203465,0.333344,0.206440
CO/N=[N+](\[O-])NC(C)C,0,0.004699,0.114029,0.043482
CNC(=O)C1=C(O)c2ccccc2NC1=O,0,0.573680,0.219042,0.202080
C[C@H]1CCCCO[C@@H](CN(C)Cc2ccc(cc2)C(F)(F)F)[C@H](C)CN([C@H](C)CO)C(=O)c2cc(ccc2O1)NC(=O)CCCN(C)C,0,0.110173,0.023657,0.012473
C[C@@H]1CN([C@H](C)CO)C(=O)c2cccc(c2O[C@@H]1CN(C)C(=O)Nc1ccc(cc1)C(F)(F)F)NC(=O)c1nc2ccccc2s1,0,0.563637,0.348638,0.172374
COc1ccc(cc1)-c1cnc2c(c1)C(=O)N(C[C@H](C)[C@@H](CN(C)C(=O)Cc1cccnc1)O2)[C@@H](C)CO,0,0.006288,0.022836,0.005111
C[C@H]1CCCCO[C@@H](CN(C)S(=O)(=O)c2ccc(cc2)F)[C@H](C)CN([C@@H](C)CN(C)C)C(=O)c2cc(ccc2O1)NC(=O)Nc1ccccc1,0,0.027321,0.260388,0.055922
C[C@H]1CN([C@H](C)CO)C(=O)c2cc(ccc2O[C@H]1CN(C)Cc1ccc(cc1)C(=O)Nc1ccccc1N)NS(=O)(=O)c1ccc(cc1)Cl,0,0.001626,0.030130,0.004471
CN(C)C(=O)CN1C[C@@]23CN(C[C@@H](C[C@@H]3S1(=O)=O)O2)Cc1cnn(c1)C,0,0.004813,0.035799,0.014168
C[C@H]1CCCCO[C@H](CN(C)C(=O)Nc2cccc3ccccc23)[C@@H](C)CN([C@H](C)CO)C(=O)c2cc(ccc2O1)N(C)C,0,0.011527,0.026559,0.006892
C[C@@H]1CN([C@H](C)CO)C(=O)c2cccc(c2O[C@@H]1CN(C)C(=O)Nc1ccccc1)NC(=O)c1cc(nn1C)C,0,0.053736,0.026634,0.009372
OC[C@H]1O[C@@H](CCNS(=O)(=O)c2ccccc2F)CC[C@H]1NC(=O)CN1CCOCC1,0,0.016975,0.031859,0.012554
C[C@H]1CN([C@@H](C)CO)C(=O)Cc2cc(ccc2O[C@H]1CN(C)S(=O)(=O)c1cccs1)NS(=O)(=O)c1cn(cn1)C,0,0.004912,0.024477,0.004167
CCCN(C)C[C@H]1Oc2cc(ccc2S(=O)(=O)N(C[C@H]1C)[C@@H](C)CO)C#Cc1ccc(cc1)OC,0,0.119046,0.038044,0.010601
OC[C@H]1O[C@H](CC(=O)NCCCN2CCOCC2)C=C[C@@H]1NC(=O)C1CCC1,0,0.060396,0.036561,0.019640
CCS(=O)(=O)N1CC[C@]2(CC1)CN([C@@H](CO)c1[nH]c3cc(ccc3c12)OC)C(=O)Nc1c(noc1C)C,0,0.039892,0.027276,0.014466
COC[C@H]1CN(N1)C(=O)c1cccc(c1)OC,0,0.220506,0.026739,0.014241
CC(C)NC(=O)Nc1ccc2c(c1)CC(=O)N(C[C@@H](C)[C@@H](CN(C)Cc1ccc(cc1)-c1ccccc1)O2)[C@@H](C)CO,0,0.144942,0.037882,0.021581
C[C@H]1CCCCO[C@@H](CN(C)S(=O)(=O)c2cn(cn2)C)[C@H](C)CN([C@@H](C)CO)C(=O)c2cc(ccc2O1)NS(=O)(=O)c1cn(cn1)C,0,0.013066,0.024758,0.005854
CCS(=O)(=O)N1[C@@H](CO)[C@@H](c2ccccc2)C21CN(C2)C(=O)CN(C)C,0,0.207932,0.033149,0.022133
COc1ccc(cc1)NC(=O)N(C)C[C@@H]1OCCCC[C@@H](C)Oc2ccc(cc2C(=O)N(C[C@H]1C)[C@@H](C)CO)NC(=O)Nc1cccc2ccccc12,0,0.012168,0.023374,0.003346
C[C@@H]1CN([C@@H](C)CO)C(=O)Cc2cc(ccc2O[C@H]1CN(C)S(=O)(=O)c1ccc(cc1)F)NS(=O)(=O)c1ccc(cc1)F,0,0.010834,0.024245,0.005737
C[C@@H]1CN([C@@H](C)CO)C(=O)Cc2cc(ccc2O[C@@H]1CN(C)S(=O)(=O)C)NC(=O)c1ccncc1,0,0.001665,0.023980,0.004097
OC[C@H]1O[C@@H](C=C[C@@H]1O)C#Cc1ccccc1,0,0.115073,0.142410,0.094315
C[C@@H]1CN([C@@H](C)CO)C(=O)c2cc(cnc2O[C@@H]1CN(C)Cc1cccc(c1)C(=O)O)C#CCN(C)C,0,0.297171,0.044884,0.027891
COc1nonc1NC(=O)C,0,0.152510,0.037722,0.035977
C[C@@H]1CCCCO[C@H](CN(C)Cc2ccc(c(c2)Cl)Cl)[C@@H](C)CN([C@@H](C)CO)C(=O)c2cc(ccc2O1)NC(=O)Nc1ccc2c(c1)OCO2,0,0.080438,0.036949,0.006480
C#CC1(OC(C)=O)CCC2C3CCC4=CC(=O)CCC4C3CCC21C,0,0.047595,0.171320,0.066361
CCOC(=O)C(CCc1ccccc1)NC1CCc2ccccc2N(CC(=O)O)C1=O.Cl,0,0.124353,0.301090,0.411585
C[C@H]1CCCCO[C@H](CN(C)Cc2ccc(cc2)C(F)(F)F)[C@@H](C)CN([C@@H](C)CO)C(=O)c2cc(ccc2O1)NC(=O)Nc1ccc(cc1)F,0,0.417701,0.034020,0.014386
C[C@H]1CN([C@@H](C)CO)C(=O)c2cc(ccc2O[C@H]1CN(C)Cc1ccc(cc1)Oc1ccccc1)NC(=O)CCCCCC(=O)Nc1ccccc1N,0,0.001982,0.026296,0.005623
COc1ccc(cc1)CN(C)C[C@H]1OCCCC[C@H](C)Oc2ccc(cc2C(=O)N(C[C@H]1C)[C@@H](C)CO)NS(=O)(=O)c1ccc(cc1)Cl,0,0.002811,0.024506,0.005776
CC(C)(C)[S@](=O)N1Cc2cc(nc(c2[C@@H]1CCO)-c1cccc(c1)-c1cncnc1)C(=O)N1CCc2ccccc2C1,0,0.005603,0.063255,0.030891
C[C@@H]1CN([C@H](C)CO)C(=O)Cc2cc(ccc2O[C@@H]1CN(C)S(=O)(=O)c1c(noc1C)C)NS(=O)(=O)c1ccc(cc1)C,0,0.001609,0.024392,0.005695
C[C@@H]1CCCCO[C@@H](CN(C)C(=O)C2CCCCC2)[C@@H](C)CN([C@H](C)CO)C(=O)c2cc(ccc2O1)NC(=O)Nc1cccc2ccccc12,0,0.006617,0.023854,0.005365
C[C@@H]1CN([C@@H](C)CO)C(=O)c2cc(cnc2O[C@H]1CN(C)C(=O)Cc1cccnc1)C#CCc1ccccc1,0,0.007588,0.023523,0.004359
C[C@@H]1CN([C@@H](C)CO)C(=O)Cc2cc(ccc2O[C@@H]1CN(C)S(=O)(=O)c1c(noc1C)C)NS(=O)(=O)C,0,0.009002,0.025349,0.007619
C[C@@H](O)C#Cc1ccc2c(c1)O[C@@H](CN(C)C(=O)c1ccccc1)[C@H](C)CN([C@@H](C)CO)S2(=O)=O,0,0.016664,0.027181,0.005132
COC(=O)[C@@]12CCC(C)(C)C[C@H]2[C@H]2C(=O)C=C3[C@@](C)(CC[C@H]4C(C)(C)C(=O)C(=C[C@@]43C)C#N)[C@]2(C)CC1,0,0.764950,0.259351,0.315015
CCCNC(=O)N1C[C@@H](C)[C@H](CN(C)C(=O)c2cc(ccc2OC[C@@H]1C)NS(=O)(=O)CC(F)(F)F)OC,0,0.077711,0.076507,0.014653
C[C@@H]1CN([C@@H](C)CO)C(=O)c2cccc(c2O[C@H]1CN(C)C(=O)Nc1cccc2ccccc12)NC(=O)Nc1ccc(cc1)F,0,0.263383,0.034894,0.027229
CO[C@@H]1CN(C)C(=O)c2ccc(cc2OC[C@@H](C)N(C[C@H]1C)C(=O)CN(C)C)NC(=O)Nc1ccccc1,0,0.085151,0.028713,0.010365
N(c1ccccc1)c1nc(nc2ccccc12)-c1ccccc1,0,0.326501,0.299340,0.258389
C[C@@H]1CCCCO[C@@H](CN(C)C(=O)Nc2ccc3c(c2)OCO3)[C@H](C)CN([C@H](C)CO)C(=O)c2cc(ccc2O1)NC(=O)CCC(F)(F)F,0,0.076709,0.031724,0.016793
COc1ccc2c3c(n(c2c1)C)[C@H](CO)N(C[C@]13CN(C1)C(=O)C)C(=O)CN1CCOCC1,0,0.024461,0.094318,0.035482
C[C@@H]1CN([C@H](C)CO)C(=O)c2cccc(c2O[C@H]1CN(C)C(=O)Nc1ccc2c(c1)OCO2)NC(=O)Nc1ccc(cc1)C(F)(F)F,0,0.601221,0.891482,0.922986
C[C@H]1CN([C@@H](C)CO)C(=O)c2cc(ccc2O[C@H]1CN(C)C(=O)Nc1ccccc1)NC(=O)CCN1CCOCC1,0,0.005764,0.022944,0.004195
COc1ccc(cc1)CN(C)C[C@@H]1OCCCC[C@@H](C)Oc2ccc(cc2C(=O)N(C[C@H]1C)[C@@H](C)CO)NS(=O)(=O)c1ccc(cc1)OC,0,0.001160,0.024507,0.004051
Cn1cnc(c1)S(=O)(=O)N[C@@H]1C=C[C@@H](CC(=O)NCC2CC2)O[C@H]1CO,0,0.026389,0.031509,0.009375
OC[C@@H]1O[C@H](CC[C@H]1NC(=O)CN1CCOCC1)CCn1cc(nn1)C1CCCC1,0,0.482030,0.024724,0.018557
C[C@@H]1CN([C@H](C)CO)C(=O)c2cccc(c2O[C@@H]1CN(C)CC1CC1)NS(=O)(=O)c1cn(cn1)C,0,0.059747,0.024418,0.004560
COc1ccc(cc1)S(=O)(=O)N(C)C[C@@H]1Oc2ccc(cc2CC(=O)N(C[C@@H]1C)[C@@H](C)CO)NS(=O)(=O)c1ccc(cc1)F,0,0.003493,0.024571,0.006338
COc1ccc(cc1)S(=O)(=O)Nc1ccc2c(c1)CC(=O)N(C[C@@H](C)[C@H](CN(C)S(=O)(=O)c1cn(cn1)C)O2)[C@@H](C)CO,0,0.001873,0.024964,0.005537
CN(C)Cc1cn(nn1)CC[C@H]1CC[C@@H](NS(=O)(=O)c2ccccc2)[C@H](CO)O1,0,0.159319,0.024751,0.008132
CC(C)(C)C1CCC(CC1)C(=O)N1CCC(CC1)n1cc(nn1)C(C)(C)N,0,0.983652,0.603430,0.568851
C[C@@H]1CCCCO[C@@H](CN(C)C(=O)Nc2ccc(cc2)F)[C@H](C)CN([C@@H](C)CO)C(=O)c2cc(ccc2O1)NS(=O)(=O)c1ccc(cc1)Cl,0,0.037142,0.025648,0.007285
C[C@H]1CN([C@H](C)CO)C(=O)c2cc(cnc2O[C@H]1CN(C)S(=O)(=O)c1cn(cn1)C)-c1cc2ccccc2o1,0,0.000942,0.035149,0.004255
COCC#Cc1ccc2c(c1)O[C@H](CN(C)Cc1ccc3c(c1)OCO3)[C@@H](C)CN([C@@H](C)CO)S2(=O)=O,0,0.037925,0.026514,0.006273
C[C@H]1CN([C@H](C)CO)C(=O)c2cccc(c2O[C@H]1CN(C)C(=O)Nc1c(noc1C)C)NC(=O)c1ccncc1,0,0.042237,0.025627,0.008610
NC1=NC(=O)N(N=C1)[C@H]1O[C@@H](COC(=O)c2ccccc2)[C@@H](O)[C@@H]1O,0,0.345681,0.156469,0.190706
CO[C@H]1CN(C)C(=O)c2cc(ccc2OC[C@@H](C)N(C[C@@H]1C)C(=O)CN(C)C)NC(=O)Nc1ccccc1,0,0.106229,0.030083,0.011261
C[C@@H]1CN([C@@H](C)CO)C(=O)Cc2cc(ccc2O[C@H]1CN(C)S(=O)(=O)c1cccs1)NS(=O)(=O)c1c(noc1C)C,0,0.000680,0.024445,0.005987
C[C@H]1CN([C@@H](C)CO)C(=O)c2cccc(c2O[C@@H]1CN(C)S(=O)(=O)C)NC(=O)Nc1ccc(cc1)C(F)(F)F,0,0.607121,0.613973,0.144439
CO[C@H]1O[C@H](CO)[C@@H](OC(=O)Nc2ccc3c(c2)OCO3)[C@@H]2OC(=O)[C@@H](C/C=C/C[C@@H](Cc3cccc(c3)Br)C(=O)O[C@@H]12)Cc1cccc(c1)Br,0,0.038191,0.318099,0.164493
C[C@H]1CN([C@H](C)CO)C(=O)c2cccc(c2O[C@H]1CN(C)Cc1ccc2c(c1)OCO2)NS(=O)(=O)c1cn(cn1)C,0,0.009728,0.024391,0.004029
C[C@@H]1CCCCO[C@H](CN(C)C(=O)Nc2ccc(cc2)F)[C@@H](C)CN([C@H](C)CO)C(=O)c2cc(ccc2O1)NC(=O)Cc1ccccc1,0,0.033376,0.022837,0.006637
Fc1ccc(cc1)C(=O)N1c2ccccc2C=Cc2ccccc21,0,0.486923,0.090204,0.039668
C[C@H]1CCCCO[C@@H](CN(C)C(=O)CCC(F)(F)F)[C@H](C)CN([C@@H](C)CO)C(=O)c2cc(ccc2O1)NS(=O)(=O)c1cccs1,0,0.021501,0.024421,0.007861
C[C@@H]1CN([C@H](C)CO)C(=O)c2cccc(c2O[C@@H]1CN(C)Cc1ccc(cc1)C(=O)O)NC(=O)Nc1ccc(cc1)C(F)(F)F,0,0.944009,0.076183,0.083245
CC(C)NCC(O)c1ccc(O)c(O)c1.Cl,0,0.639048,0.272832,0.344833
C[C@@H]1CCCCO[C@H](CN(C)C(=O)CCC(F)(F)F)[C@H](C)CN([C@H](C)CO)C(=O)c2cc(ccc2O1)NC(=O)C1CCCCC1,0,0.045753,0.145068,0.058892
C[C@@H]1CN([C@H](C)CO)C(=O)Cc2cc(ccc2O[C@@H]1CN(C)C(=O)Nc1ccc(cc1)C(F)(F)F)NS(=O)(=O)c1ccc(cc1)C,0,0.089554,0.053124,0.012192
COC1C(O)C(O)C(O)C(O)C1O,0,0.002185,0.052889,0.031415
C[C@@H]1CN([C@@H](C)CO)C(=O)c2cc(ccc2O[C@H]1CN(C)C(=O)Nc1cccc2ccccc12)NC(=O)Cc1ccccc1,0,0.008624,0.023987,0.006042
C[C@@H]1CN([C@H](C)CO)C(=O)c2cc(cnc2O[C@H]1CN(C)C(=O)Nc1ccc(cc1)F)Br,0,0.213188,0.028961,0.021518
C[C@H]1CN([C@H](C)CO)C(=O)c2cc(ccc2O[C@@H]1CN(C)S(=O)(=O)c1ccccc1)NC(=O)CCN1CCOCC1,0,0.001079,0.024284,0.003586
Cn1cc(cn1)N1C[C@]2(CNCCOC2)OCC1=O,0,0.065851,0.032699,0.015986
C[C@@H]1CN([C@H](C)CO)C(=O)c2cccc(c2O[C@H]1CN(C)Cc1ccccc1)NC(=O)CCCCCC(=O)Nc1ccccc1N,0,0.011646,0.026238,0.007558
C[C@H]1CN([C@H](C)CO)C(=O)c2cccc(c2O[C@H]1CN(C)Cc1ccc(c(c1)Cl)Cl)NS(=O)(=O)c1ccccc1,0,0.023253,0.030567,0.006210
CCCC(=O)Nc1ccc2c(c1)C(=O)N(C)[C@@H]1CC[C@H](CC(=O)NCCN3CCCCC3)O[C@H]1CO2,0,0.012892,0.038508,0.012296
C[C@H]1CN([C@@H](C)CO)S(=O)(=O)c2ccc(cc2O[C@H]1CN(C)C(=O)C)C#CCN(C)C,0,0.035699,0.033999,0.008607
CC(C)CC#Cc1ccc2c(c1)O[C@@H](CN(C)C(=O)c1ccncc1)[C@@H](C)CN([C@H](C)CO)S2(=O)=O,0,0.016783,0.027778,0.004792
COc1ccc(cc1)NC(=O)Nc1ccc2c(c1)[C@@H]1C[C@H](CC(=O)N3CCN(C)CC3)O[C@@H](CO)[C@@H]1O2,0,0.174653,0.035950,0.023233
C[C@H]1CN([C@@H](C)CO)C(=O)c2cc(ccc2O[C@H]1CN(C)C(=O)Nc1ccc(cc1)C(F)(F)F)NC(=O)Nc1ccc(cc1)F,0,0.928925,0.371205,0.301979
CC(=O)N(O)CCCCNC(=O)CCC(=O)N(O)CCCCCNC(=O)CCC(=O)N(O)CCCCCN,0,0.029013,0.270156,0.031897
COc1ccc(cc1)NC(=O)Nc1ccc2c(c1)C(=O)N(C[C@H](C)[C@@H](CN(C)S(=O)(=O)c1ccccc1)OCCCC[C@H](C)O2)[C@H](C)CO,0,0.003111,0.024524,0.003500
NC1=C2C(=O)NC(=O)C=C2NN1c1ccccc1,0,0.693017,0.360969,0.195047
C[C@@H]1CCCCO[C@@H](CN(C)C(=O)Nc2ccc(cc2)F)[C@@H](C)CN([C@H](C)CO)C(=O)c2cc(ccc2O1)NS(=O)(=O)c1ccc(cc1)F,0,0.028474,0.024489,0.006581
CCS(=O)(=O)N1C[C@]2(C1)CN([C@@H](CO)c1[nH]c3cc(ccc3c12)OC)S(=O)(=O)c1cn(cn1)C,0,0.024434,0.028661,0.009797
C[C@H]1CN([C@@H](C)CO)C(=O)c2cccc(c2O[C@H]1CN(C)Cc1ccncc1)NC(=O)Nc1ccc(cc1)C(F)(F)F,0,0.522247,0.086483,0.049406
C[C@@H]1CCCCO[C@@H](CN(C)S(=O)(=O)c2ccc(cc2)F)[C@@H](C)CN([C@@H](C)CO)C(=O)c2cc(ccc2O1)NC(=O)Cc1ccccc1,0,0.003010,0.024500,0.004751
C[C@H]1CN([C@@H](C)CO)C(=O)CCCn2nncc2CO[C@@H]1CN(C)C(=O)CCCN(C)C,0,0.013553,0.035327,0.007749
N#C[C@H]1NCc2cnnn2-c2ccccc21,0,0.032947,0.126284,0.112675
COCCOC(=O)N1C(=O)[C@@]2([C@H]([C@H]3N([C@@H]([C@@H](OC3=O)c3ccccc3)c3ccccc3)[C@H]2c2ccccc2OCCO)C(=O)N2CCc3cc(c(cc3C2)OC)OC)c2cc(ccc21)C#Cc1ccc(cc1)OC,0,0.036395,0.042706,0.006301
COCC(=O)Nc1ccc2c(c1)C(=O)N(C)[C@@H]1CC[C@@H](CC(=O)NC3Cc4ccccc4C3)O[C@H]1CO2,0,0.014196,0.033287,0.020267
COc1ccc(cc1)NC(=O)Nc1ccc2c(c1)C(=O)N(C[C@H](C)[C@@H](CN(C)Cc1ccc(cc1)C(F)(F)F)OCCCC[C@H](C)O2)[C@@H](C)CO,0,0.124667,0.021746,0.006976
C[C@@H]1CN([C@H](C)CO)C(=O)c2cc(ccc2O[C@@H]1CN(C)S(=O)(=O)c1cn(cn1)C)NC(=O)Cc1cn(c2ccccc12)C,0,0.009606,0.024436,0.002968
C[C@@H]1CN([C@@H](C)CO)C(=O)Cc2cc(ccc2O[C@H]1CN(C)Cc1ccc(cc1)C(=O)Nc1ccccc1N)NS(=O)(=O)C,0,0.003373,0.024521,0.004087
CC(C)NC(=O)Nc1ccc2c(c1)C(=O)N(C[C@@H](C)[C@H](CN(C)S(=O)(=O)c1ccc(cc1)F)O2)[C@H](C)CO,0,0.052283,0.025184,0.007206
C[C@@H]1CN([C@@H](C)CO)C(=O)c2cccc(c2O[C@H]1CN(C)Cc1ccc(cc1)Oc1ccccc1)NC(=O)NC1CCCCC1,0,0.018649,0.027303,0.013703
C[C@H]1CN([C@H](C)CO)C(=O)c2cc(ccc2O[C@H]1CN(C)C(=O)Nc1c(noc1C)C)NC(=O)C1CC1,0,0.025265,0.024878,0.007144
NC1=NC(=O)C2=C(N1)N([C@H]1O[C@@H](CO)[C@@H](O)[C@@H]1O)C(=O)N2CC=C,0,0.777935,0.155578,0.220020
COc1ccc(cc1)S(=O)(=O)N(C)C[C@H]1Oc2ccc(cc2CC(=O)N(C[C@@H]1C)[C@H](C)CO)NS(=O)(=O)c1ccc(cc1)C,0,0.001073,0.024519,0.004686
CC(C)c1c(O)c(-c2cc3c(c(C(C)C)c2O)CCC2C(C)(C)CCCC32C)cc2c1CCC1C(C)(C)CCCC21C,0,0.993742,0.650045,0.450303
COc1ccc2c3c([nH]c2c1)[C@H](CO)N(Cc1ccc(cc1)Cl)C[C@]13CCN(CCc2ccccc2)CC1,0,0.912411,0.896839,0.962255
COc1ccc(cc1)CN(C)C[C@H]1OCCCC[C@H](C)Oc2ccc(cc2C(=O)N(C[C@H]1C)[C@H](C)CO)NC(=O)Nc1ccc(cc1)C(F)(F)F,0,0.316247,0.041592,0.015940
C[C@@H]1CCCCO[C@H](CN(C)C(=O)CCCN(C)C)[C@@H](C)CN([C@H](C)CO)C(=O)c2cc(ccc2O1)N(C)C,0,0.013173,0.030946,0.005052
CN1CCN(CC1)S(=O)(=O)C,0,0.002695,0.037205,0.007506
CC(C)(C)S(=O)N1Cc2cc(nc(c2[C@@H]1CCO)-c1cccc(c1)-c1cccc(c1)F)C(=O)NCc1ccc(cc1)Oc1ccccc1,0,0.009126,0.077460,0.050405
CCCN(C)C[C@@H]1OCCCC[C@@H](C)Oc2ccc(cc2C(=O)N(C[C@@H]1C)[C@H](C)CO)NC(=O)C1CCCCC1,0,0.032964,0.033462,0.015590
CCCNC(=O)c1cc2c(c(n1)-c1cccc(c1)-c1cccc(c1)OC)[C@H](CCO)N(C2)[S@@](=O)C(C)(C)C,0,0.021807,0.099941,0.063837
COc1ccc(cc1)NC(=O)N(C)C[C@H]1OCCCC[C@@H](C)Oc2ccc(cc2C(=O)N(C[C@H]1C)[C@@H](C)CO)NS(=O)(=O)c1ccc(cc1)F,0,0.005483,0.024277,0.004302
CC1(C)CNCC(=O)NC1,0,0.174825,0.023442,0.008986
OC(=O)C1=CC2=CC=C(O)C(=O)C2=C(O)C(=C1)O,0,0.998401,0.238309,0.233040
C[C@@H]1CN([C@H](C)CO)C(=O)Cc2cc(ccc2O[C@H]1CN(C)C(=O)Nc1ccc2c(c1)OCO2)NS(=O)(=O)c1c(noc1C)C,0,0.001478,0.024325,0.003911
C[C@H]1CN([C@H](C)CO)C(=O)c2cc(ccc2O[C@H]1CN(C)Cc1ccc(cc1)C(=O)Nc1ccccc1N)NC(=O)Nc1ccc2c(c1)OCO2,0,0.003793,0.024023,0.005071
CC(C)N1C[C@@H](C)[C@H](CN(C)Cc2ccc(cc2)Oc2ccccc2)Oc2c(cccc2C1=O)N(C)C(=O)c1ccncc1,0,0.002559,0.107379,0.028488
CN(C)c1ccc(cc1)CCN,0,0.359323,0.146925,0.080013
C[C@@H]1CN([C@@H](C)CO)C(=O)c2c(c3ccccc3n2C)-c2ccccc2CO[C@H]1CN(C)Cc1cccc2c1OCCCO2,0,0.018451,0.029068,0.007220
CC(C)NC(=O)Nc1ccc2c(c1)C(=O)N(C[C@@H](C)[C@@H](CN(C)C(=O)Nc1ccc(cc1)C(F)(F)F)OCCCC[C@@H](C)O2)[C@@H](C)CO,0,0.489831,0.126678,0.064261
C[C@@H]1CN([C@H](C)CO)C(=O)c2cc(ccc2O[C@H]1CN(C)C(=O)NC1CCCCC1)NS(=O)(=O)c1c(noc1C)C,0,0.009722,0.024305,0.006156
C[C@H]1CN([C@@H](C)CO)C(=O)c2cc(ccc2O[C@H]1CN(C)S(=O)(=O)c1cn(cn1)C)NC(=O)C1CCCCC1,0,0.007132,0.024244,0.004996
C[C@@H]1CN([C@@H](C)CO)C(=O)c2cc(ccc2O[C@@H]1CN(C)S(=O)(=O)c1ccc(cc1)C)NS(=O)(=O)c1c(noc1C)C,0,0.003221,0.024482,0.006691
CN(C)CCOC(=O)COc1ccc(Cl)cc1.Cl,0,0.541056,0.103787,0.057730
C[C@H]1CN([C@@H](C)CO)C(=O)c2cc(ccc2O[C@@H]1CN(C)C(=O)Nc1cccc2ccccc12)NS(=O)(=O)c1ccc(cc1)C,0,0.004425,0.024876,0.003689
COc1ccc(cc1)NC(=O)N(C)C[C@H]1OCCCC[C@H](C)Oc2ccc(cc2C(=O)N(C[C@@H]1C)[C@H](C)CO)NC(=O)Nc1cccc2ccccc12,0,0.012168,0.023374,0.003346
CN1CCN(CC1)C(=O)C[C@@H]1CC[C@H](NC(=O)Cc2ccccn2)[C@H](CO)O1,0,0.025589,0.023032,0.010542
CCC(C(=O)[O-])C1CCC(C)C(C(C)C(O)C(C)C(=O)C(CC)C2OC3(C=CC(O)C4(CCC(C)(C5CCC(O)(CC)C(C)O5)O4)O3)C(C)CC2C)O1.[Na+],1,0.977265,0.728847,0.803856
COc1ccc(cc1)NC(=O)N(C)C[C@@H]1Oc2ccc(cc2CC(=O)N(C[C@@H]1C)[C@H](C)CO)NS(=O)(=O)C,0,0.012705,0.025741,0.005882
O[C@@H]1COC[C@H]2O[C@H](CC[C@@H]2N(C1)C(=O)c1ccncc1)CC(=O)NCc1ccc(cc1)-c1ccccc1,0,0.249798,0.067363,0.053251
C[C@H]1CCCCO[C@@H](CN(C)S(=O)(=O)c2ccccc2)[C@H](C)CN([C@H](C)CO)C(=O)c2cc(ccc2O1)NC(=O)Nc1ccc2c(c1)OCO2,0,0.001882,0.024234,0.003720
O=C(Cn1cnnn1)NS(=O)(=O)c1ccccc1,0,0.004953,0.048560,0.012978
NCC[C@@H]1CC[C@@H](NC(=O)Nc2ccc(cc2)F)[C@@H](CO)O1,0,0.659063,0.092348,0.067179
Cc1ccc(cc1)S(=O)(=O)N[C@@H]1C=C[C@@H](CC(=O)NCCN2CCCCC2)O[C@@H]1CO,0,0.056774,0.024976,0.009437
COc1ccc(cc1)NC(=O)Nc1ccc2c(c1)C(=O)N(C[C@H](C)[C@H](CN(C)S(=O)(=O)c1c(noc1C)C)OCCCC[C@@H](C)O2)[C@H](C)CO,0,0.005607,0.025163,0.004542
O[C@H]1COC[C@H]2O[C@@H](CC[C@@H]2N(C1)C(=O)Nc1ccc2c(c1)OCO2)CC(=O)N1CCN(CC1)c1ccccc1,0,0.161426,0.070879,0.042986
CN(/N=C/c1ccncc1)C1=NCCN1,0,0.000800,0.047122,0.050236
COc1ccc(cc1)S(=O)(=O)N(C)C[C@@H]1Oc2c(cccc2C(=O)N(C[C@H]1C)[C@H](C)CO)NC(=O)c1cc(nn1C)C,0,0.013320,0.024534,0.004173
N[C@@H](CS(=O)O)C(=O)O,0,0.001343,0.089173,0.027768
C[C@@H]1CN([C@@H](C)CO)C(=O)c2cc(ccc2O[C@@H]1CN(C)S(=O)(=O)c1c(noc1C)C)NC(=O)CCCN(C)C,0,0.010584,0.024519,0.004680
C[C@H]1CCCCO[C@@H](CN(C)Cc2ccc3c(c2)OCO3)[C@@H](C)CN([C@H](C)CO)C(=O)c2cc(ccc2O1)NS(=O)(=O)c1cccs1,0,0.001604,0.024708,0.003443
C[C@H]1CCCCO[C@@H](CN(C)S(=O)(=O)c2ccc(cc2)C)[C@H](C)CN([C@H](C)CO)C(=O)c2cc(ccc2O1)NC(=O)NC1CCCCC1,0,0.005964,0.024251,0.003506
C[C@H]1CN([C@@H](C)CO)C(=O)c2cc(ccc2O[C@@H]1CN(C)Cc1ccc(cc1)C(=O)O)NC(=O)Nc1ccc(cc1)C(F)(F)F,0,0.766991,0.062448,0.043598
COC(=O)c1c2oc(c1C(=O)OC)C(=O)N[C@@H](Cc1ccccc1)Cn1cc(nn1)CNC(=O)[C@@H](Cc1ccccc1)NC(=O)N[C@H](CC2)COC(=O)NCCCCCC(=O)NO,0,0.000042,0.097600,0.021723
C[C@H]1CN([C@H](C)CO)S(=O)(=O)c2ccc(cc2O[C@H]1CN(C)C(=O)CN(C)C)C#Cc1ccc(cc1)F,0,0.471015,0.851622,0.834132
COc1ccc(cc1)S(=O)(=O)Nc1ccc2c(c1)C(=O)N(C[C@H](C)[C@H](CN(C)Cc1ccc(cc1)C(=O)O)OCCCC[C@@H](C)O2)[C@@H](C)CO,0,0.009207,0.028276,0.004939
C[C@H]1CCCCO[C@@H](CN(C)C(=O)Nc2ccccc2)[C@@H](C)CN([C@@H](C)CO)C(=O)c2cc(ccc2O1)NC(=O)C1CCCCC1,0,0.010726,0.023270,0.005052
COC(=O)c1c2oc(c1C(=O)OC)C(=O)N[C@H](Cc1ccccc1)Cn1cc(nn1)CNC(=O)[C@H](Cc1ccccc1)NC(=O)N[C@@H](CO)CC2,0,0.073786,0.049961,0.024516
OC[C@H]1O[C@H](CC(=O)NCCCN2CCOCC2)C=C[C@H]1NC(=O)C1CC1,0,0.077276,0.029844,0.013301
C[C@H]1CN([C@@H](C)CO)C(=O)c2cc(ccc2O[C@@H]1CN(C)S(=O)(=O)c1ccc(cc1)F)NC(=O)Cn1cnnn1,0,0.039838,0.024505,0.005566
C[C@@H]1CN([C@@H](C)CO)C(=O)c2cc(ccc2O[C@@H]1CN(C)S(=O)(=O)c1ccccc1)NC(=O)Cn1cnnn1,0,0.012163,0.024209,0.004299
COc1ccc(cc1)C#Cc1ccc2c(c1)O[C@H](CN(C)S(=O)(=O)c1ccccc1F)[C@@H](C)CN([C@@H](C)CO)S2(=O)=O,0,0.062514,0.039988,0.006247
COCC#Cc1ccc2c(c1)O[C@H](CN(C)S(=O)(=O)c1cccc(c1)F)[C@H](C)CN([C@@H](C)CO)S2(=O)=O,0,0.109856,0.026157,0.008489
C[C@@H]1CCCCO[C@@H](CN(C)Cc2ccc3c(c2)OCO3)[C@H](C)CN([C@@H](C)CO)C(=O)c2cc(ccc2O1)NC(=O)C1CCCCC1,0,0.009977,0.026519,0.006114
O=C1CC[C@@H](N1)C(=O)N1CCCCC1,0,0.010174,0.030184,0.010622
COCC#Cc1cnc2c(c1)C(=O)N(C[C@H](C)[C@H](CN(C)S(=O)(=O)c1ccccc1)O2)[C@H](C)CO,0,0.019616,0.024988,0.004639
CN1C(=O)N(C)c2ncn(c2C1=O)C[C@H](O)Cn1nc(c(c1C)Br)C,0,0.955479,0.558055,0.431571
C[C@H]1CN([C@H](C)CO)C(=O)c2cccc(c2O[C@H]1CN(C)Cc1ccc(cc1)C(=O)Nc1ccccc1N)NC(=O)Nc1ccc2c(c1)OCO2,0,0.009059,0.028033,0.005232
C[C@@H]1CCCCO[C@H](CN(C)C(=O)NC2CCCCC2)[C@H](C)CN([C@@H](C)CO)C(=O)c2cc(ccc2O1)NS(=O)(=O)c1ccccc1,0,0.001505,0.024262,0.003639
NC[C@@H](O)c1ccc(cc1)Br,0,0.733335,0.186505,0.129734
CCCOc1cc(N)ccc1C(=O)OCCN(CC)CC.Cl,0,0.511219,0.201937,0.107228
COc1ccc(c(c1)OC)NC(=O)N(C)C[C@@H]1OCc2cnnn2CCCC(=O)N(C[C@H]1C)[C@H](C)CO,0,0.120497,0.033822,0.006785
C[C@@H]1CCCCO[C@@H](CN(C)C(=O)Nc2cccc3ccccc23)[C@@H](C)CN([C@H](C)CO)C(=O)c2cc(ccc2O1)NC(=O)c1ccccc1,0,0.002742,0.023242,0.003028
C[C@@H]1CN([C@H](C)CO)C(=O)Cc2cc(ccc2O[C@H]1CN(C)Cc1ccc2c(c1)OCO2)NC(=O)Nc1cccc2ccccc12,0,0.008516,0.024103,0.006404
C[C@@H]1CN([C@H](C)CO)C(=O)c2cc(ccc2O[C@@H]1CN(C)Cc1ccncc1)NC(=O)Nc1ccc(cc1)C(F)(F)F,0,0.325982,0.080396,0.166068
COc1ccc(cc1)COC[C@]12Oc3ccccc3[C@H]([C@H]1CO[Si](C)(C)C(C)(C)C)N(C(=O)CC(=O)C)C(=O)N2C,0,0.664210,0.450092,0.354393
CCCCCCCC/C=C\CCCCCCCC(=O)O,0,0.456322,0.111050,0.092322
O[C@H](Cc1ccccc1)C(=O)O,0,0.043569,0.062027,0.045510
O=C(C1CCC1)N1CCOCC1,0,0.028040,0.030280,0.020051
COCCOC(=O)N1C(=O)[C@]2([C@@H]([C@@H]3N([C@H]([C@H](OC3=O)c3ccccc3)c3ccccc3)[C@@H]2c2ccc(cc2)OCCO)C(=O)N2CCc3cc(c(cc3C2)OC)OC)c2cc(ccc21)C#CCNC(=O)N,0,0.110571,0.080837,0.019324
C[C@H]1CN([C@@H](C)CO)C(=O)Cc2cc(ccc2O[C@H]1CN(C)Cc1ccc(cc1)C(F)(F)F)NC(=O)Nc1ccc2c(c1)OCO2,0,0.087538,0.024923,0.010228
C[C@H]1CCCCO[C@H](CN(C)Cc2ccccc2)[C@@H](C)CN([C@@H](C)CO)C(=O)c2cc(ccc2O1)NC(=O)Nc1c(noc1C)C,0,0.024252,0.028441,0.007558
NC1=CC(=O)N=C2NNC(=S)N12,0,0.105507,0.070037,0.038584
COc1ccc(cc1)NC(=O)Nc1ccc2c(c1)C(=O)N(C[C@H](C)[C@H](CN(C)C(=O)Nc1ccc(cc1)F)OCCCC[C@@H](C)O2)[C@@H](C)CO,0,0.066488,0.024220,0.006255
COc1ccc(cc1)CN(C)C[C@@H]1OCCCC[C@@H](C)Oc2ccc(cc2C(=O)N(C[C@@H]1C)[C@H](C)CO)NC(=O)Cc1ccccc1,0,0.006722,0.026415,0.006305
COc1ccc(cc1)CNC(=O)c1cc2c(c(n1)-c1cccc(c1)-c1cccc(c1)C#N)[C@H](CCO)N(C2)[S@@](=O)C(C)(C)C,0,0.002800,0.133148,0.058678
COc1ccc2c3c(n(c2c1)C)[C@@H](CO)N(C[C@]13CCN(CC1)C(=O)Nc1c(noc1C)C)C(=O)Nc1ccc(cc1)F,0,0.304967,0.158657,0.104193
CC(C)NC(=O)N(C)C[C@H]1OCCCC[C@@H](C)Oc2ccc(cc2C(=O)N(C[C@@H]1C)[C@@H](C)CO)NS(=O)(=O)C,0,0.010931,0.025720,0.004368
C[C@H]1CN([C@H](C)CO)C(=O)c2cc(ccc2O[C@H]1CN(C)Cc1ccc(cc1)C(=O)Nc1ccccc1N)NC(=O)Nc1ccccc1,0,0.008105,0.026218,0.005597
C[C@@H]1CN([C@@H](C)CO)C(=O)c2cc(cnc2O[C@H]1CN(C)S(=O)(=O)c1cn(cn1)C)C1=CCCCC1,0,0.001753,0.024445,0.007082
C[C@H]1CN([C@@H](C)CO)C(=O)c2cc(ccc2O[C@@H]1CN(C)S(=O)(=O)C)N(C)C,0,0.005549,0.031862,0.006010
C[C@@H](O)CCCCN1C(=O)N(C)c2ncn(c2C1=O)C,0,0.288185,0.075212,0.089557
CCS(=O)(=O)Nc1ccc2c(c1)C(=O)N(C)[C@H]1CC[C@@H](CC(=O)NCc3ccc(cc3)OC)O[C@H]1CO2,0,0.005671,0.023724,0.006845
C[C@H]1CCCCO[C@@H](CN(C)CC2CCCCC2)[C@@H](C)CN([C@@H](C)CO)C(=O)c2cc(ccc2O1)NC(=O)Nc1ccccc1,0,0.080310,0.040312,0.013104
Cc1ccccc1-c1ncc(o1)-c1ccc(cc1)Br,0,0.000450,0.381910,0.239392
Br.CN1C2CCC1CC(OC(=O)C(O)c1ccccc1)C2,0,0.334349,0.413796,0.191210
ONC(=O)CCCCCNC(=O)OCc1ccc(cc1)CO[C@H]1C[C@H](C=C(O1)C(=O)N1CCN(CC1)Cc1ccc2c(c1)OCO2)c1ccc(cc1)C(F)(F)F,0,0.000020,0.081185,0.037699
CSC[C@H](N)C(=O)O,0,0.001877,0.080572,0.033294
COc1ccc(cc1)CN(C)C[C@H]1OCCCC[C@@H](C)Oc2ccc(cc2C(=O)N(C[C@@H]1C)[C@H](C)CO)NC(=O)Nc1cccc2ccccc12,0,0.015274,0.029727,0.006080
C[C@H]1CCCCO[C@H](CN(C)S(=O)(=O)c2cn(cn2)C)[C@@H](C)CN([C@H](C)CO)C(=O)c2cc(ccc2O1)NS(=O)(=O)c1ccccc1,0,0.000617,0.024251,0.003740
CN1CCN(CC1)C(=O)C[C@H]1CC[C@H]2[C@@H](COC[C@@H](O)CN2S(=O)(=O)c2cccc(c2)C)O1,0,0.190833,0.040876,0.014523
O=NN(CCCl)C(=O)NC1CCCCC1,0,0.000836,0.128745,0.087775
Cn1nccc1N,0,0.006807,0.101523,0.022593
C[C@H]1CN([C@H](C)CO)C(=O)c2cc(ccc2O[C@@H]1CN(C)C(=O)Nc1ccc(cc1)F)NC(=O)Nc1cccc2ccccc12,0,0.106768,0.025055,0.010731
C[C@@H]1CCCCO[C@@H](CN(C)C(=O)Nc2c(noc2C)C)[C@@H](C)CN([C@@H](C)CO)C(=O)c2cc(ccc2O1)NC(=O)C1CCCCC1,0,0.023967,0.024834,0.005606
C[C@H]1CCCCO[C@H](CN(C)C(=O)CCC(F)(F)F)[C@@H](C)CN([C@H](C)CO)C(=O)c2cc(ccc2O1)NS(=O)(=O)c1ccccc1,0,0.006640,0.024301,0.005601
C[C@H]1CN([C@H](C)CO)C(=O)c2cc(cnc2O[C@@H]1CN(C)Cc1ccc2c(c1)OCO2)Br,0,0.023819,0.041666,0.017720
CN(C)C(=O)c1ccc(cc1)-c1cccc(c1)-c1nc(cc2c1[C@H](CCO)N(C2)[S@@](=O)C(C)(C)C)C(=O)NC1CCCCC1,0,0.004419,0.057121,0.036433
CCO[C@H]1OC(=C[C@H]([C@@H]1CCCOC(=O)NCCCCCC(=O)NO)c1cn(c2ccccc12)C(=O)C)C(=O)N1CCN(CC1)Cc1ccccc1,0,0.000035,0.029311,0.013984
COc1cc(CC=Cc2ccccc2)c(OC)cc1O,0,0.377548,0.732148,0.768079
COc1ccc(cc1)S(=O)(=O)Nc1ccc2c(c1)C(=O)N(C[C@@H](C)[C@H](CN(C)C(=O)Nc1cccc3ccccc13)O2)[C@@H](C)CO,0,0.003591,0.025247,0.003994
C[C@@H]1CN([C@H](C)CO)S(=O)(=O)c2ccc(cc2O[C@H]1CN(C)C(=O)CN(C)C)-c1ccc(cc1)C#N,0,0.023801,0.268859,0.023483
COC(=O)C[C@@H](CN)c1ccc(cc1)Cl,0,0.357055,0.083114,0.043545
OCCN(Cc1ccccc1)C(=O)C[C@H](CC=C)C(=O)NC[C@H](OC(=O)[C@H](CC=C)NC(=O)OCC1c2ccccc2-c2ccccc21)c1ccccc1,0,0.000035,0.064790,0.030728
COc1ccc(cc1)S(=O)(=O)Nc1cccc2c1O[C@H](CN(C)S(=O)(=O)c1cn(cn1)C)[C@H](C)CN([C@H](C)CO)C2=O,0,0.007409,0.027731,0.008224
C[C@@H]1CN([C@@H](C)CO)C(=O)c2cc(ccc2O[C@@H]1CN(C)C(=O)Nc1ccc(cc1)C(F)(F)F)NC(=O)Nc1ccc2c(c1)OCO2,0,0.485840,0.186918,0.207693
C[C@H]1CCCCO[C@H](CN(C)S(=O)(=O)c2c(noc2C)C)[C@@H](C)CN([C@@H](C)CO)C(=O)c2cc(ccc2O1)NC(=O)Nc1ccc(cc1)F,0,0.021597,0.025408,0.006533
C[C@H]1CN([C@H](C)CO)C(=O)c2cc(ccc2O[C@@H]1CN(C)S(=O)(=O)c1cccs1)NC(=O)Nc1cccc2ccccc12,0,0.005118,0.025101,0.003837
COc1ccc(cc1)CN(C)C[C@@H]1OCCCC[C@H](C)Oc2ccc(cc2C(=O)N(C[C@@H]1C)[C@H](C)CO)NC(=O)NC(C)C,0,0.026919,0.033147,0.008903
COc1ccc(cc1)NC(=O)N(C)C[C@@H]1Oc2ncc(cc2C(=O)N(C[C@@H]1C)[C@H](C)CO)-c1cccc(c1)C(F)(F)F,0,0.405905,0.193312,0.162349
CCN1C(=O)CN(CC(=O)O)C1=O,0,0.003701,0.050243,0.019114
CC(C)NC(=O)N(C)C[C@@H]1OCc2cnnn2CCCC(=O)N(C[C@@H]1C)[C@@H](C)CO,0,0.020389,0.031243,0.009679
O[C@@H]1CS[C@H]2[C@@H]1C(=O)N(C2=O)c1ccccc1,0,0.004976,0.107620,0.094273
OC[C@@H]1O[C@H](CC(=O)NCCCN2CCOCC2)C=C[C@@H]1NC(=O)Cc1ccccn1,0,0.015109,0.035768,0.018773
C[C@@H]1CN([C@H](C)CO)C(=O)Cc2cc(ccc2O[C@@H]1CN(C)C(=O)Nc1cccc2ccccc12)NC(=O)CCC(F)(F)F,0,0.094167,0.031778,0.020807
NC(Cc1cc(I)c(Oc2cc(I)c(O)c(I)c2)c(I)c1)C(=O)[O-].[Na+],0,0.999022,0.769049,0.804697
C[C@H]1CN([C@@H](C)CO)C(=O)Cc2cc(ccc2O[C@H]1CN(C)C(=O)Nc1ccc(cc1)F)NC(=O)C1CC1,0,0.109101,0.037176,0.015392
C[C@H]1CN([C@H](C)CO)C(=O)Cc2cc(ccc2O[C@@H]1CN(C)Cc1ccc(cc1)Oc1ccccc1)NC(=O)Cc1cn(c2ccccc12)C,0,0.004604,0.031947,0.004770
C[C@H]1CCCCO[C@H](CN(C)C(=O)Nc2ccc(cc2)F)[C@@H](C)CN([C@@H](C)CO)C(=O)c2cc(ccc2O1)NC(=O)c1ccccc1,0,0.018002,0.024400,0.006457
Cc1ccc(cc1)S[C@@]1(CC(=O)N(Cc2ccccc2Cl)[C@@H]1c1ccc(cc1I)CO)C(=O)NCc1ccccc1,0,0.296847,0.120871,0.030592
C[C@H]1CN([C@@H](C)CO)C(=O)Cc2cc(ccc2O[C@@H]1CN(C)S(=O)(=O)c1ccc(cc1)F)NS(=O)(=O)c1ccc(cc1)F,0,0.010834,0.024245,0.005737
C[C@@H]1CN([C@H](C)CO)C(=O)c2cccc(c2O[C@H]1CN(C)S(=O)(=O)c1cccs1)NS(=O)(=O)c1ccc(cc1)C,0,0.002476,0.024446,0.005782
C[C@H]1CN([C@H](C)CO)C(=O)c2cc(ccc2O[C@@H]1CN(C)Cc1ccc(c(c1)Cl)Cl)NC(=O)CCC(F)(F)F,0,0.611210,0.121399,0.051942
C[C@H]1CN([C@H](C)CO)C(=O)c2cc(ccc2O[C@@H]1CN(C)C(=O)Nc1ccc(cc1)C(F)(F)F)NC(=O)Nc1ccccc1,0,0.749649,0.161879,0.207646
C[C@H]1CCCCO[C@H](CN(C)Cc2ccccc2)[C@@H](C)CN([C@@H](C)CO)C(=O)c2cc(ccc2O1)NC(=O)CCC(F)(F)F,0,0.083807,0.031478,0.025437
C1CN(CCN1)c1ccncc1,0,0.078794,0.106459,0.065954
C[C@H]1CCCCO[C@H](CN(C)CC2CC2)[C@@H](C)CN([C@@H](C)CO)C(=O)c2cc(ccc2O1)NS(=O)(=O)C,0,0.033013,0.024843,0.005761
OC[C@H]1CCCN1CC1CC1,0,0.005399,0.051933,0.018489
C[C@@H]1CN([C@H](C)CO)C(=O)c2cc(ccc2O[C@H]1CN(C)Cc1ccc2c(c1)OCO2)NS(=O)(=O)C,0,0.007740,0.025205,0.004995
C[C@@H]1CCCCO[C@@H](CN(C)C(=O)c2ccccc2)[C@@H](C)CN([C@H](C)CO)C(=O)c2cc(ccc2O1)NC(=O)NC1CCCCC1,0,0.003300,0.023318,0.003850
C[C@@H]1CCCCO[C@@H](CN(C)Cc2ccc(cc2)C(F)(F)F)[C@H](C)CN([C@@H](C)CO)C(=O)c2cc(ccc2O1)NC(=O)Nc1c(noc1C)C,0,0.176941,0.034499,0.008739
C[C@@H]1CN([C@H](C)CO)C(=O)c2cccc(c2O[C@H]1CN(C)Cc1ccc(cc1)Oc1ccccc1)NC(=O)Nc1ccc(cc1)F,0,0.068258,0.043157,0.017724
C[C@@H]1CN([C@H](C)CO)C(=O)c2cccc(c2O[C@@H]1CN(C)S(=O)(=O)c1ccc(cc1)F)NS(=O)(=O)c1c(noc1C)C,0,0.010825,0.027542,0.009068
OC(=O)c1ccc2c(c1)NCC(=O)N2,0,0.783088,0.059762,0.128208
C[C@@H]1CN([C@H](C)CO)C(=O)CCCn2nncc2CO[C@H]1CN(C)C(=O)c1ccc(cc1)N1CCN(C)CC1,0,0.055041,0.027664,0.009234
C[C@@H]1CN([C@@H](C)CO)C(=O)Cc2cc(ccc2O[C@@H]1CN(C)S(=O)(=O)c1ccc(cc1)F)NC(=O)CCN1CCOCC1,0,0.002447,0.026811,0.005984
C[C@@H]1CCCCO[C@H](CN(C)Cc2ccc3c(c2)OCO3)[C@H](C)CN([C@@H](C)CO)C(=O)c2cc(ccc2O1)NS(=O)(=O)c1ccc(cc1)Cl,0,0.001850,0.024721,0.005286
C[C@H]1CN([C@H](C)CO)C(=O)Cc2cc(ccc2O[C@@H]1CN(C)S(=O)(=O)C)NS(=O)(=O)c1cn(cn1)C,0,0.014324,0.024372,0.004940
C[C@@H]1CCCCO[C@@H](CN(C)S(=O)(=O)c2c(noc2C)C)[C@H](C)CN([C@H](C)CO)C(=O)c2cc(ccc2O1)N(C)C,0,0.004587,0.024577,0.005890
C[C@@H](Oc1ccccc1)c1ccn[nH]1,0,0.267995,0.138501,0.103760
C[C@@H]1CN([C@@H](C)CO)C(=O)c2ccccc2-c2ccccc2CO[C@@H]1CN(C)Cc1ccccc1C(F)(F)F,0,0.379237,0.675311,0.737336
C[C@@H]1CN([C@@H](C)CO)C(=O)Cc2cc(ccc2O[C@H]1CN(C)C(=O)Nc1ccc(cc1)F)NC(=O)CCCN(C)C,0,0.125840,0.032802,0.012240
C[C@H]1CCCCO[C@H](CN(C)S(=O)(=O)c2ccc(cc2)F)[C@H](C)CN([C@@H](C)CO)C(=O)c2cc(ccc2O1)NC(=O)Nc1ccccc1,0,0.012147,0.024276,0.004154
COc1ccc(cc1)[Si](C)(C)[C@@H]1[C@@H](C)[C@@]2(O[C@H]1CCO)C(=O)N(Cc1ccc(cc1)N1C(=O)c3ccccc3Oc3ccccc31)c1ccccc12,0,0.002252,0.043353,0.018633
C[C@H]1CN([C@@H](C)CO)C(=O)Cc2cc(ccc2O[C@H]1CN(C)S(=O)(=O)C)NC(=O)C1CCCCC1,0,0.003716,0.025632,0.009642
C[C@H]1CCCCO[C@H](CN(C)C(=O)Nc2cccc3ccccc23)[C@@H](C)CN([C@H](C)CO)C(=O)c2cc(ccc2O1)NC(=O)Nc1cccc2ccccc12,0,0.010252,0.024978,0.004173
C[C@@H]1CN([C@H](C)CO)S(=O)(=O)c2ccc(cc2O[C@@H]1CN(C)C(=O)C)C#CCN(C)C,0,0.035699,0.033999,0.008607
COc1cc2c(=O)c(-c3ccc4c(c3)OCO4)coc2c2c1OC(C)(C)C=C2,0,0.056382,0.172291,0.092011
NCC[C@@H]1CC[C@@H](NC(=O)C2CCCCC2)[C@H](CO)O1,0,0.146610,0.045830,0.023773
CC(C)(C)OC(=O)C[C@@H](CC=C)C(=O)OC[C@H](Cc1c[nH]c2ccccc12)NC(=O)[C@@H](CC=C)CC(=O)N(CCO)Cc1ccccc1,0,0.002115,0.036576,0.019208
C[C@@H]1CN([C@@H](C)CO)C(=O)c2cccc(c2O[C@H]1CN(C)S(=O)(=O)c1cn(cn1)C)NS(=O)(=O)c1ccc(cc1)Cl,0,0.020220,0.026125,0.007494
CC(C)NC(=O)Nc1cccc2c1O[C@@H](CN(C)S(=O)(=O)c1ccc(cc1)F)[C@H](C)CN([C@H](C)CO)C2=O,0,0.110633,0.024414,0.006249
CN1CCCN(CC1)C[C@@]1(O)CCNC1,0,0.841434,0.025346,0.009994
C[C@@H]1CN([C@H](C)CO)C(=O)c2cccc(c2O[C@H]1CN(C)Cc1ccncc1)NS(=O)(=O)c1cn(cn1)C,0,0.021032,0.024836,0.003555
O=C(O)CCCCCCCC(O)C(O)CCCCCCO,0,0.038500,0.066913,0.055341
OC[C@@H]1O[C@@H](C[C@@H]2[C@H]1Oc1ccc(cc12)NC(=O)c1ccc2c(c1)OCO2)CC(=O)NCc1cccnc1,0,0.002354,0.021731,0.008736
C[C@@H]1CN([C@@H](C)CO)C(=O)c2cccc(c2O[C@H]1CN(C)S(=O)(=O)c1cn(cn1)C)NC(=O)Nc1c(noc1C)C,0,0.059637,0.024787,0.005396
C[C@H]1CN([C@H](C)CO)C(=O)c2c(c3ccccc3n2C)-c2ccccc2CO[C@H]1CN(C)C(=O)Nc1ccc(cc1)F,0,0.143588,0.046996,0.009808
C[C@H]1CCCCO[C@@H](CN(C)Cc2ccc(cc2)C(F)(F)F)[C@@H](C)CN([C@@H](C)CO)C(=O)c2cc(ccc2O1)NC(=O)c1ccccc1,0,0.043115,0.021119,0.006732
C[C@H]1CN([C@H](C)CO)C(=O)c2cc(cnc2O[C@@H]1CN(C)C(=O)c1cnccn1)/C=C/c1ccccc1,0,0.018887,0.024066,0.007730
CC(C)NC(=O)Nc1ccc2c(c1)C(=O)N(C[C@@H](C)[C@H](CN(C)S(=O)(=O)c1ccc(cc1)C)O2)[C@H](C)CO,0,0.023444,0.024748,0.005177
OC(=O)CSCC(=O)N1CCCCC1,0,0.034438,0.092519,0.044241
COC(=O)C[C@@H]1CC[C@H]2[C@@H](COC[C@@H](O)CN2S(=O)(=O)c2cn(cn2)C)O1,0,0.062548,0.035303,0.011704
C[C@H]1CN([C@H](C)CO)C(=O)c2cc(cnc2O[C@H]1CN(C)Cc1cccc(c1)C(F)(F)F)-c1cccc(c1)F,0,0.469883,0.139060,0.118872
ONC(=O)CCCCCNC(=O)OCCOc1cccc(c1)[C@@H]1N2[C@H]([C@H](C(=O)OCC=C)[C@]11C(=O)Nc3ccc(cc31)I)C(=O)O[C@H]([C@H]2c1ccccc1)c1ccccc1,0,0.000941,0.141862,0.015413
CN(C)C(=O)OC1=CC(=O)N(C)C(=C1)C,0,0.122708,0.100307,0.057910
Br.CN1C2CC(OC(=O)C(CO)c3ccccc3)CC1C(O)C2,0,0.213466,0.096222,0.072902
COc1cccc(c1)S(=O)(=O)Nc1ccc2c(c1)[C@@H]1C[C@@H](CC(=O)NCc3ccccc3F)O[C@@H](CO)[C@@H]1O2,0,0.003944,0.027252,0.005856
C[C@@H]1CN([C@H](C)CO)C(=O)c2cc(ccc2O[C@H]1CN(C)C(=O)OCC=C)NC(=O)OCC1c2ccccc2-c2ccccc21,0,0.643478,0.034181,0.017658
COc1ccccc1C(=O)Nc1ccc2c(c1)C(=O)N(C)[C@@H]1CC[C@@H](CC(=O)NCc3ccc(c(c3)Cl)Cl)O[C@H]1CO2,0,0.057308,0.068064,0.029830
C[C@@H]1CCCCO[C@@H](CN(C)S(=O)(=O)c2ccc(cc2)Cl)[C@H](C)CN([C@@H](C)CO)C(=O)c2cc(ccc2O1)NC(=O)NC1CCCCC1,0,0.015992,0.025118,0.005336
COc1ccccc1C#Cc1cnc2c(c1)C(=O)N(C[C@H](C)[C@@H](CN(C)C(=O)CN(C)C)O2)[C@@H](C)CO,0,0.233761,0.025175,0.008496
C[C@H]1CN([C@@H](C)CO)C(=O)c2cc(cnc2O[C@H]1CN(C)C(=O)Cc1cccnc1)C#CC1(O)CCCC1,0,0.010554,0.030926,0.008687
Cn1nnnc1NCc1ccccc1,0,0.373425,0.268528,0.215415
COc1cccc(c1)C(=O)Nc1ccc2c(c1)C(=O)N(C)[C@@H]1CC[C@@H](CC(=O)NCCCN3CCOCC3)O[C@@H]1CO2,0,0.005421,0.024740,0.005931
CO[C@H]1CN(C)C(=O)c2ccc(cc2OC[C@@H](C)N(C[C@H]1C)C(=O)Nc1c(noc1C)C)NC(=O)Nc1ccc(cc1)Cl,0,0.124534,0.029789,0.011467
C[C@@H]1CN([C@H](C)CO)C(=O)c2cccc(c2O[C@H]1CN(C)Cc1ccc2c(c1)OCO2)NC(=O)c1ccncc1,0,0.001955,0.025652,0.003867
CNC[C@@H]1OCCCC[C@H](C)Oc2ccc(cc2C(=O)N(C[C@H]1C)[C@@H](C)CO)NC(=O)Nc1ccc(cc1)C(F)(F)F,0,0.688436,0.675422,0.433716
Cn1cnc(c1)S(=O)(=O)N1C[C@H](O)COC[C@H]2O[C@H](CC[C@@H]21)CC(=O)NCc1cccc(c1)F,0,0.319702,0.028564,0.011439
COc1ccccc1CNC(=O)C[C@H]1CC[C@@H]2[C@H](COC[C@@H](O)CN2C(=O)Nc2ccc(cc2)Cl)O1,1,0.754353,0.922231,0.923189
O[C@H]1COC[C@H]2O[C@@H](CC[C@@H]2N(C1)S(=O)(=O)c1cccc(c1)F)CC(=O)NCCCN1CCOCC1,0,0.309092,0.057049,0.018632
C[C@@H]1CN([C@@H](C)CO)C(=O)CCCn2nncc2CO[C@@H]1CN(C)C(=O)CCCN(C)C,0,0.013553,0.035327,0.007749
COc1cc2ccc(=O)oc2c(OC)c1OC,0,0.361130,0.198232,0.173695
CC(C)(C)N(CC=C)C(=O)[C@H]1N(CCOCCO)C(=O)[C@H]2[C@@H]([C@H]3O[C@]21C=C3)C(=O)O,0,0.550645,0.284670,0.244724
Cc1cccc(c1)S(=O)(=O)N1C[C@H](O)COC[C@H]2O[C@H](CC[C@@H]21)CC(=O)NCCCN1CCOCC1,0,0.152136,0.037315,0.012906
C[C@@H]1CCCCO[C@H](CN(C)C(=O)Nc2ccc(cc2)C(F)(F)F)[C@@H](C)CN([C@@H](C)CO)C(=O)c2cc(ccc2O1)NC(=O)c1ccccc1,0,0.101564,0.021869,0.007376
C[C@@H]1CN([C@H](C)CO)C(=O)c2cccc(c2O[C@@H]1CN(C)Cc1ccc(cc1)-c1ccccc1)NS(=O)(=O)c1cccs1,0,0.024774,0.035651,0.006239
CCc1cccc(c1NC(=O)Nc1ccccc1)C(C)C,0,0.947078,0.481961,0.352827
Nc1nc(=O)[nH]cc1F,0,0.517389,0.082899,0.031863
C[C@@H]1CN([C@H](C)CO)C(=O)c2cc(ccc2O[C@@H]1CN(C)S(=O)(=O)c1ccc(cc1)C)NC(=O)Nc1ccc(cc1)C(F)(F)F,0,0.426565,0.054837,0.027809
C[C@@H]1CN([C@H](C)CO)S(=O)(=O)c2ccc(cc2O[C@@H]1CN(C)C(=O)C1CCCCC1)C#CCN(C)C,0,0.069993,0.046107,0.012562
CCCCCCCCCCCCCCCCOCCCOP(=O)(O)CO[C@H](CO)CN1C=CC(=NC1=O)N,0,0.999954,0.543567,0.481289
CCS(=O)(=O)NCC[C@@H]1CC[C@@H](NS(=O)(=O)c2ccccc2C)[C@@H](CO)O1,0,0.010533,0.036559,0.011918
CCCNC(=O)N1C[C@@H](O)COC[C@@H]2O[C@H](CC[C@H]21)CC(=O)N1CCOCC1,0,0.134405,0.024368,0.034244
C[C@H]1CCCCO[C@H](CN(C)Cc2ccc(c(c2)Cl)Cl)[C@@H](C)CN([C@@H](C)CO)C(=O)c2cc(ccc2O1)NS(=O)(=O)c1ccc(cc1)F,0,0.020477,0.024972,0.006093
C[C@H]1CN([C@@H](C)CO)C(=O)c2cc(ccc2O[C@H]1CN(C)C(=O)Nc1ccc2c(c1)OCO2)NC(=O)Cn1cnnn1,0,0.022236,0.028676,0.005827
NNC1=NC(=O)N(C=C1)[C@@H]1O[C@H](CO)[C@@H](O)[C@H]1O,0,0.655891,0.091603,0.100653
C[C@@H]1CN([C@H](C)CO)C(=O)Cc2cc(ccc2O[C@@H]1CN(C)C(=O)Nc1ccc(cc1)F)NS(=O)(=O)c1cn(cn1)C,0,0.118666,0.024276,0.004522
CC(O)(P(=O)([O-])O)P(=O)([O-])O.[Na+].[Na+],0,0.918576,0.138314,0.147159
C[C@H]1CCCCO[C@H](CN(C)C(=O)Nc2ccc(cc2)F)[C@@H](C)CN([C@H](C)CO)C(=O)c2cc(ccc2O1)NC(=O)Nc1ccccc1,0,0.067774,0.022439,0.005417
C[C@@H]1CCCCO[C@@H](CN(C)C(=O)C2CCCCC2)[C@H](C)CN([C@@H](C)CO)C(=O)c2cc(ccc2O1)NS(=O)(=O)c1ccc(cc1)Cl,0,0.003610,0.025131,0.005972
CN1C(=O)N(C)c2cc(ccc21)CO,0,0.688488,0.120909,0.092801
CCCNC(=O)c1cc2c(c(n1)-c1cccc(c1)-c1cccc(c1)F)[C@H](CCO)N(C2)[S@@](=O)C(C)(C)C,1,0.037916,0.137233,0.078476
COc1ccc(cc1)NC(=O)N(C)C[C@H]1Oc2c(cccc2C(=O)N(C[C@H]1C)[C@@H](C)CO)NS(=O)(=O)C,0,0.059880,0.023577,0.004097
CCS(=O)(=O)Nc1ccc2c(c1)C(=O)N(C)C[C@H](OC)[C@@H](C)CN([C@@H](C)CO2)C(=O)c1ccc2c(c1)OCO2,0,0.002999,0.023844,0.003928
CO[C@H]1CN(C)C(=O)c2cc(ccc2OC[C@H](C)N(C[C@@H]1C)C(=O)Cc1cccnc1)NS(=O)(=O)c1cccc(c1)OC,0,0.001109,0.024945,0.003569
CCN(CC)C(=O)[C@@H]1C[C@@H](N)CN1S(=O)(=O)N1CCCCCC1,0,0.004530,0.321829,0.096489
COc1ccc(cc1)S(=O)(=O)N(C)C[C@H]1Oc2c(cccc2C(=O)N(C[C@H]1C)[C@@H](C)CO)N(C)C,0,0.010754,0.026868,0.007883
CO[C@H]1CN(C)C(=O)c2cc(ccc2OC[C@H](C)N(C[C@H]1C)C(=O)Nc1c(noc1C)C)NC(=O)Nc1cccc(c1)Cl,0,0.128891,0.030416,0.011212
C[C@@H]1CN([C@H](C)CO)C(=O)c2cc(ccc2O[C@H]1CN(C)S(=O)(=O)c1ccc(cc1)Cl)NS(=O)(=O)C,0,0.058556,0.025120,0.006941
COc1cccc(c1)S(=O)(=O)N[C@H]1CC[C@H](CC(=O)NC2CCC2)O[C@@H]1CO,0,0.008023,0.030734,0.011985
CCCNC(=O)C[C@H]1CC[C@H]2[C@@H](COC[C@@H](O)CN2S(=O)(=O)c2ccc(cc2)Oc2ccccc2)O1,0,0.060403,0.037042,0.012699
COc1ccc(cc1)S(=O)(=O)N(C)C[C@H]1Oc2ccc(cc2C(=O)N(C[C@H]1C)[C@@H](C)CO)NS(=O)(=O)c1c(noc1C)C,0,0.002876,0.025009,0.007635
C[C@@H]1CCCCO[C@@H](CN(C)S(=O)(=O)c2cn(cn2)C)[C@@H](C)CN([C@@H](C)CO)C(=O)c2cc(ccc2O1)NC(=O)CCCN(C)C,0,0.004024,0.024460,0.003638
CCCNC(=O)NS(=O)(=O)c1ccc(Cl)cc1,0,0.051443,0.042836,0.015437
CC(=O)C1=C(O)C=C(C)OC1=O,0,0.517352,0.151393,0.187776
C[C@@H]1CN([C@@H](C)CO)C(=O)c2cc(ccc2O[C@@H]1CN(C)S(=O)(=O)c1ccccc1)NS(=O)(=O)C,0,0.015987,0.024706,0.007206
C[C@@H]1CCCCO[C@@H](CN(C)S(=O)(=O)C)[C@H](C)CN([C@@H](C)CO)C(=O)c2cc(ccc2O1)NS(=O)(=O)c1ccc(cc1)C,0,0.001187,0.024281,0.005023
COc1ccc(cc1)S(=O)(=O)Nc1cccc2c1O[C@H](CN(C)S(=O)(=O)c1ccc(cc1)C)[C@H](C)CN([C@H](C)CO)C2=O,0,0.006557,0.025658,0.007405
COCC(=O)N[C@H]1C=C[C@H](CC(=O)N2CCCCC2)O[C@H]1CO,0,0.027676,0.021429,0.012398
COc1cccc(c1)C(=O)Nc1ccc2c(c1)C(=O)N(C)[C@H]1CC[C@@H](CC(=O)NCCCN3CCOCC3)O[C@H]1CO2,0,0.005421,0.024740,0.005931
C[C@H]1CCCCO[C@H](CN(C)C(=O)CCC(F)(F)F)[C@@H](C)CN([C@H](C)CO)C(=O)c2cc(ccc2O1)NS(=O)(=O)c1cccs1,0,0.021501,0.024421,0.007861
C[C@@H]1CN([C@H](C)CO)C(=O)Cc2cc(ccc2O[C@H]1CN(C)CC1CC1)NC(=O)Cn1cnnn1,0,0.048561,0.028170,0.014491
Cc1cc(nc(n1)NC1=NCCN1)C,0,0.001098,0.060307,0.031944
NC1=NC(=O)C2=C(NC[C@H](CNc3ccc(cc3)C(=O)N[C@@H](CCC(=O)O)C(=O)O)N2C=O)N1,0,0.435089,0.387652,0.245987
C[C@@H]1CN([C@H](C)CO)C(=O)c2cccc(c2O[C@@H]1CN(C)C(=O)Nc1ccc(cc1)F)NC(=O)Nc1cccc2ccccc12,0,0.301463,0.029010,0.025246
Cc1ccc(cc1)S(=O)(=O)NCC[C@@H]1CC[C@H](NS(=O)(=O)c2ccccc2Cl)[C@H](CO)O1,0,0.065340,0.057625,0.020458
OC[C@@H]1CCCO1,0,0.002118,0.035812,0.010910
C[C@@H]1CCCCO[C@H](CN(C)S(=O)(=O)c2ccccc2)[C@H](C)CN([C@@H](C)CO)C(=O)c2cc(ccc2O1)NS(=O)(=O)c1ccc(cc1)Cl,0,0.002047,0.025434,0.004652
CN(C)CCCNC(=O)C[C@@H]1O[C@H](CO)[C@@H](NC(=O)Nc2c(noc2C)C)C=C1,0,0.333260,0.046971,0.025149
C[C@H](O)C#Cc1cnc2c(c1)C(=O)N(C[C@@H](C)[C@H](CN(C)C(=O)CN1CCOCC1)O2)[C@@H](C)CO,0,0.014958,0.033597,0.012472
C[C@H]1CCCCO[C@@H](CN(C)C(=O)Nc2c(noc2C)C)[C@@H](C)CN([C@@H](C)CO)C(=O)c2cc(ccc2O1)NS(=O)(=O)c1ccc(cc1)Cl,0,0.008694,0.024491,0.004923
C[C@@H]1CN([C@@H](C)CO)C(=O)Cc2cc(ccc2O[C@H]1CN(C)S(=O)(=O)c1cn(cn1)C)NS(=O)(=O)c1cccs1,0,0.002850,0.024469,0.004113
O[C@@H]1COC[C@@H]2O[C@@H](CC[C@H]2N(C1)C(=O)Nc1cccc(c1)F)CC(=O)NCc1ccccc1Cl,0,0.908767,0.837082,0.813469
C[C@@H]1CN([C@@H](C)CO)C(=O)Cc2cc(ccc2O[C@@H]1CN(C)C(=O)Nc1ccc(cc1)F)NC(=O)CCN1CCOCC1,0,0.027943,0.027504,0.010096
C[C@@H]1CCCCO[C@@H](CN(C)S(=O)(=O)c2ccc(cc2)F)[C@@H](C)CN([C@H](C)CO)C(=O)c2cc(ccc2O1)NS(=O)(=O)c1ccc(cc1)C,0,0.002430,0.024489,0.005346
COC(=O)CCCCCCC(=O)N/N=C/[C@H](O)[C@@H](O)[C@H](O)[C@H](O)CO[C@H]1O[C@H](CO)[C@H](O)[C@H](O)[C@H]1O,0,0.002566,0.133002,0.095726
COc1ccc(cc1)NC(=O)N(C)C[C@@H]1OCCCC[C@H](C)Oc2ccc(cc2C(=O)N(C[C@@H]1C)[C@H](C)CO)NC(=O)Nc1c(noc1C)C,0,0.026433,0.024416,0.004793
C[C@@H]1CCCCO[C@H](CN(C)C(=O)C2CCCCC2)[C@H](C)CN([C@@H](C)CO)C(=O)c2cc(ccc2O1)NS(=O)(=O)c1ccccc1,0,0.000789,0.024262,0.004836
OC[C@H]1O[C@@H](C[C@@H]2[C@H]1Oc1ccc(cc12)NC(=O)NC1CCCC1)CC(=O)NCCN1CCCCC1,0,0.266030,0.044838,0.036475
C[C@H]1CN([C@@H](C)CO)C(=O)c2cc(cnc2O[C@@H]1CN(C)S(=O)(=O)c1cn(cn1)C)/C=C/c1ccccc1,0,0.008475,0.024607,0.004275
C[C@H]1CN([C@@H](C)CO)C(=O)c2cc(cnc2O[C@H]1CN(C)C(=O)C1CCOCC1)C#Cc1ccccc1F,0,0.123192,0.022907,0.006174
O[C@H]1COC[C@@H]2O[C@H](CC[C@H]2N(C1)S(=O)(=O)c1ccc(cc1)Oc1ccccc1)CC(=O)NCCN1CCCCC1,0,0.171046,0.051085,0.013876
C[C@@H]1CN([C@@H](C)CO)C(=O)Cc2cc(ccc2O[C@@H]1CN(C)Cc1ccc(cc1)C(=O)O)NC(=O)Nc1cccc2ccccc12,0,0.068922,0.035366,0.012038
C[C@H]1CN([C@H](C)CO)C(=O)CCCn2nncc2CO[C@@H]1CN(C)C(=O)Oc1cccc2ccccc12,0,0.113280,0.045835,0.019574
CCCNC(=O)Nc1ccc2c(c1)OC[C@H](C)N(C[C@@H](C)[C@H](CN(C)C2=O)OC)Cc1ccc(cc1)-c1ccccn1,0,0.029333,0.038550,0.009081
OC[C@H]1O[C@@H](Oc2cc(cc(c2C(=O)CCc2ccc(cc2)O)O)O)[C@H](O)[C@@H](O)[C@@H]1O,0,0.760179,0.061174,0.048371
C[C@@H]1CN([C@H](C)CO)C(=O)c2cccc(c2O[C@H]1CN(C)Cc1ccc(cc1)C(=O)Nc1ccccc1N)NC(=O)Nc1ccccc1,0,0.020308,0.025457,0.005562
COCC#Cc1cnc2c(c1)C(=O)N(C[C@H](C)[C@@H](CN(C)C(=O)c1cnccn1)O2)[C@H](C)CO,0,0.090877,0.022575,0.006215
COc1cccc(c1)C1=CC=C2[C@H]3[C@H]([C@H](CO)[C@@H](CN2C1=O)N3S(=O)(=O)C)C(=O)NCC1CC1,0,0.011484,0.026185,0.009827
FC(F)(F)CNC(=O)C1CCNCC1,0,0.513050,0.182392,0.091800
NC(=O)[C@H]1C[C@H]2C[C@@H]1C=C2,0,0.007743,0.056828,0.012815
C[C@@H]1CCCCO[C@H](CN(C)C(=O)C2CCCCC2)[C@@H](C)CN([C@H](C)CO)C(=O)c2cc(ccc2O1)NC(=O)Nc1ccccc1,0,0.010169,0.023264,0.004855
C[C@H]1CN([C@@H](C)CO)C(=O)c2cc(ccc2O[C@@H]1CN(C)C(=O)Nc1ccc(cc1)F)NC(=O)CCCCCC(=O)Nc1ccccc1N,0,0.105653,0.026888,0.005359
C[C@@H]1CN([C@@H](C)CO)C(=O)c2cc(ccc2O[C@H]1CN(C)CC1CCCCC1)NC(=O)Cc1cn(c2ccccc12)C,0,0.061547,0.024982,0.007241
CCCC#Cc1cnc2c(c1)C(=O)N(C[C@H](C)[C@@H](CN(C)S(=O)(=O)c1cccc(c1)OC)O2)[C@@H](C)CO,0,0.018436,0.028237,0.004798
COc1cccc(c1)S(=O)(=O)Nc1ccc2c(c1)[C@@H]1C[C@H](CC(=O)NCC(F)(F)F)O[C@@H](CO)[C@@H]1O2,0,0.049939,0.027048,0.015460
COc1ccc(cc1)NC(=O)Nc1ccc2c(c1)C(=O)N(C[C@@H](C)[C@@H](CN(C)Cc1ccc(cc1)C(F)(F)F)O2)[C@@H](C)CO,0,0.203642,0.038765,0.027618
COCC#Cc1ccc2c(c1)O[C@H](CN(C)Cc1ccc(cc1)F)[C@H](C)CN([C@@H](C)CO)S2(=O)=O,0,0.116009,0.035760,0.007431
CC[C@@H]1CN(N1)C(=O)OC,0,0.127711,0.053661,0.017490
C[C@@H]1CCCCO[C@@H](CN(C)Cc2ccc3c(c2)OCO3)[C@H](C)CN([C@H](C)CO)C(=O)c2cc(ccc2O1)NC(=O)Nc1ccc(cc1)F,0,0.045393,0.030577,0.010398
COc1ccc(cc1)NC(=O)Nc1ccc2c(c1)C(=O)N(C[C@@H](C)[C@@H](CN(C)Cc1ccc(cc1)C(=O)O)OCCCC[C@H](C)O2)[C@H](C)CO,0,0.067070,0.026046,0.005556
C[C@@H]1CCCCO[C@H](CN(C)S(=O)(=O)c2cn(cn2)C)[C@@H](C)CN([C@H](C)CO)C(=O)c2cc(ccc2O1)NC(=O)Nc1cccc2ccccc12,0,0.005412,0.024796,0.003297
C[C@@H](O)C#Cc1ccc2c(c1)O[C@H](CN(C)C(=O)C1CCCCC1)[C@@H](C)CN([C@H](C)CO)S2(=O)=O,0,0.031286,0.031289,0.009851
C[C@@H]1CN([C@@H](C)CO)S(=O)(=O)c2ccc(cc2O[C@@H]1CN(C)CC1CCOCC1)-c1cccnc1,0,0.047575,0.024277,0.004825
C[C@H]1CN([C@H](C)CO)C(=O)c2cccc(c2O[C@@H]1CN(C)Cc1ccc2c(c1)OCO2)NC(=O)c1ccncc1,0,0.001955,0.025652,0.003867
CCCNC(=O)N[C@@H]1C=C[C@@H](CC(=O)N2CCN(C)CC2)O[C@H]1CO,0,0.162390,0.021254,0.011597
COc1ccc(cc1)NC(=O)Nc1ccc2c(c1)C(=O)N(C[C@@H](C)[C@H](CN(C)Cc1ccncc1)OCCCC[C@H](C)O2)[C@@H](C)CO,0,0.010533,0.023933,0.004164
COc1cc(O)cc(O)c1C(=O)c1ccccc1,0,0.810263,0.687123,0.704893
C[C@H]1CCCCO[C@H](CN(C)S(=O)(=O)c2ccccc2)[C@H](C)CN([C@@H](C)CO)C(=O)c2cc(ccc2O1)NC(=O)Nc1ccc(cc1)F,0,0.013893,0.024484,0.004563
C[C@H]1CN([C@H](C)CO)C(=O)Cc2cc(ccc2O[C@@H]1CN(C)S(=O)(=O)c1ccc(cc1)F)NC(=O)c1ccncc1,0,0.003288,0.024208,0.003992
C[C@@H]1CCCCO[C@@H](CN(C)C(=O)Nc2ccccc2)[C@@H](C)CN([C@@H](C)CO)C(=O)c2cc(ccc2O1)NS(=O)(=O)c1ccc(cc1)F,0,0.006141,0.024307,0.004177
C[C@H]1CN([C@H](C)CO)C(=O)c2cccc(c2O[C@H]1CN(C)Cc1ccc(cc1)-c1ccccc1)NC(=O)C1CCOCC1,0,0.109565,0.044237,0.020396
C[C@H]1CCCCO[C@H](CN(C)S(=O)(=O)c2ccc(cc2)Cl)[C@H](C)CN([C@@H](C)CO)C(=O)c2cc(ccc2O1)NC(=O)Cc1ccccc1,0,0.003851,0.025332,0.004597
C[C@H]1CN([C@H](C)CO)C(=O)c2cccc(c2O[C@H]1CN(C)Cc1ccc(c(c1)Cl)Cl)NS(=O)(=O)c1ccc(cc1)C,0,0.031746,0.030567,0.006236
COCCNC(=O)C[C@H]1CC[C@H]2[C@@H](COC[C@H](O)CN2C(=O)Nc2ccccc2OC)O1,0,0.630311,0.326157,0.146236
CN1[C@@H]2CC[C@H](CC(=O)NCCc3ccncc3)O[C@@H]2COc2ccc(cc2C1=O)NS(=O)(=O)c1ccc(cc1)C,0,0.001602,0.029426,0.005761
CO[C@H]1O[C@H](CO)C(=O)C(=O)[C@@H]1N,0,0.302256,0.126194,0.053827
COC(=O)/C=C/C(=O)O,0,0.002602,0.096506,0.048185
CC(C)(C)c1cc(n(n1)-c1ccccc1)NC(=O)Nc1ccc(cc1F)Oc1ccnc2nc(cnc12)O,0,0.608716,0.197085,0.174667
C[C@H]1CCCCO[C@@H](CN(C)S(=O)(=O)c2ccc(cc2)C)[C@H](C)CN([C@@H](C)CO)C(=O)c2cc(ccc2O1)NS(=O)(=O)c1ccc(cc1)C,0,0.000711,0.024238,0.004387
C[C@@H]1CCCCO[C@H](CN(C)Cc2ccc(cc2)C(F)(F)F)[C@H](C)CN([C@H](C)CO)C(=O)c2cc(ccc2O1)NC(=O)CCC(F)(F)F,0,0.396678,0.040247,0.014024
C[C@H]1CN([C@@H](C)CO)C(=O)c2cc(cnc2O[C@@H]1CN(C)C(=O)c1cccnc1)-c1ccc(cc1)C(=O)N(C)C,0,0.001789,0.025307,0.005710
COc1ccc(cc1)NC(=O)N(C)C[C@@H]1OCCCC[C@H](C)Oc2ccc(cc2C(=O)N(C[C@@H]1C)[C@@H](C)CO)NS(=O)(=O)c1c(noc1C)C,0,0.002970,0.024308,0.004014
C[C@H]1CCCCO[C@H](CN(C)S(=O)(=O)c2ccccc2)[C@H](C)CN([C@@H](C)CO)C(=O)c2cc(ccc2O1)NC(=O)c1ccccc1,0,0.000459,0.024238,0.003656
CO[C@@H]1CN(C)C(=O)c2ccc(cc2OC[C@H](C)N(C[C@@H]1C)C(=O)C1CCCCC1)NS(=O)(=O)C,0,0.005522,0.027845,0.007787
CC[C@@H](C)C(=O)O[C@@H]1C[C@@]2(C)[C@@H](OC(=O)C[C@]22O[C@]3(C)O[C@]11[C@]4(C)[C@@H](CC(=O)OC)[C@]5(C)C[C@@]4(O)[C@](O)([C@H]5OC(=O)[C@@]4(C)O[C@@H]4C)[C@@H](OC(=O)C(C)C)[C@@]21O3)c1ccoc1,0,0.016752,0.236523,0.085455
C[C@H]1CN([C@H](C)CO)C(=O)c2cc(ccc2O[C@@H]1CN(C)S(=O)(=O)c1c(noc1C)C)NC(=O)Nc1ccc2c(c1)OCO2,0,0.008852,0.024612,0.006048
C[C@H]1CN([C@H](C)CO)C(=O)Cc2cc(ccc2O[C@H]1CN(C)Cc1ccc(cc1)C(=O)Nc1ccccc1N)NC(=O)Nc1ccc(cc1)C(F)(F)F,0,0.114664,0.030675,0.010587
C[C@H]1CN([C@@H](C)CO)C(=O)Cc2cc(ccc2O[C@H]1CN(C)S(=O)(=O)c1c(noc1C)C)NC(=O)Nc1c(noc1C)C,0,0.015533,0.030475,0.007638
C[C@@H]1CN([C@H](C)CO)C(=O)Cc2cc(ccc2O[C@H]1CN(C)C(=O)Nc1ccc2c(c1)OCO2)NC(=O)Cn1cnnn1,0,0.013588,0.025709,0.005626
OC[C@H]1O[C@@H](OC/C/2=C\[C@H]3OC(=O)C(=C)[C@@H]3[C@@H]3C/C(=C\CC2)C(=O)O3)[C@H](O)[C@@H](O)[C@@H]1O,0,0.135587,0.517227,0.294273
C[C@H]1CN([C@H](C)CO)C(=O)c2cccc(c2O[C@@H]1CN(C)C(=O)Nc1ccccc1)NS(=O)(=O)C,0,0.075445,0.023941,0.005466
NC(=S)N/N=C/c1ccncc1,0,0.231956,0.153499,0.086124
COCC#Cc1cnc2c(c1)C(=O)N(C[C@H](C)[C@@H](CN(C)C(=O)CCN1CCCCC1)O2)[C@H](C)CO,0,0.036857,0.021952,0.005749
C[C@@H]1CCCCO[C@H](CN(C)Cc2ccc(cc2)C(=O)O)[C@@H](C)CN([C@@H](C)CO)C(=O)c2cc(ccc2O1)NC(=O)NC1CCCCC1,0,0.083104,0.033040,0.013290
CN1CCN(CC1)C(=O)C[C@H]1O[C@H](CO)[C@H](NC(=O)c2ccc3c(c2)OCO3)C=C1,0,0.060609,0.039010,0.014402
COc1ccc(cc1)S(=O)(=O)N(C)C[C@H]1Oc2c(cccc2C(=O)N(C[C@H]1C)[C@@H](C)CO)NS(=O)(=O)c1cccs1,0,0.011794,0.029328,0.007360
C[C@H]1CN=C(N1)NS(=O)(=O)c1ccccc1,0,0.000022,0.026132,0.006942
COc1ccc(cc1)S(=O)(=O)Nc1ccc2c(c1)C(=O)N(C[C@H](C)[C@@H](CN(C)C(=O)Nc1ccc3c(c1)OCO3)OCCCC[C@H](C)O2)[C@H](C)CO,0,0.000976,0.024221,0.003749
C[C@H]1CCCCO[C@@H](CN(C)C(=O)C2CCCCC2)[C@@H](C)CN([C@@H](C)CO)C(=O)c2cc(ccc2O1)NC(=O)NC1CCCCC1,0,0.010626,0.025582,0.007221
C[C@@H]1CCCCO[C@@H](CN(C)S(=O)(=O)C)[C@@H](C)CN([C@H](C)CO)C(=O)c2cc(ccc2O1)NS(=O)(=O)c1ccccc1,0,0.000784,0.024286,0.004584
CO[C@H](CN(C)C(=O)c1ccc2c(c1)OCO2)[C@H](C)CN([C@@H](C)CO)S(=O)(=O)c1ccc(cc1)Cl,0,0.041524,0.030998,0.010937
NCC1(CC(=O)O)CCCCC1,0,0.619925,0.103824,0.050637
CN1[C@H]2CC[C@@H](CC(=O)NCc3ccc4c(c3)OCO4)O[C@H]2COc2ccc(cc2C1=O)NC(=O)C1CCOCC1,0,0.003991,0.031451,0.009351
COc1ccc(cc1)S(=O)(=O)Nc1ccc2c(c1)CC(=O)N(C[C@H](C)[C@@H](CN(C)C(=O)Nc1c(noc1C)C)O2)[C@@H](C)CO,0,0.004138,0.024274,0.004126
OC[C@@H]1O[C@@H](C[C@@H]2[C@H]1Oc1ccc(cc12)NC(=O)c1ccc2c(c1)OCO2)CC(=O)NCCN1CCCCC1,0,0.018020,0.031923,0.015853
COc1ccc(cc1)NC(=O)N(C)C[C@H]1Oc2ccc(cc2C(=O)N(C[C@@H]1C)[C@@H](C)CO)NC(=O)Cn1cnnn1,0,0.049324,0.027238,0.006141
COc1ccccc1CNC(=O)C[C@H]1C[C@H]2[C@H](Oc3ccc(cc32)NC(=O)c2cccnc2)[C@H](CO)O1,0,0.007925,0.027365,0.011445
COc1ccc(c(c1)OC)[C@H]1CC=CC[C@@H](C)Oc2ccccc2C(=O)N(C)[C@H](Cc2ccccc2)C(=O)N1,0,0.019163,0.057117,0.021975
COc1ccc(cc1)S(=O)(=O)N(C)C[C@H]1Oc2ccc(cc2C(=O)N(C[C@H]1C)[C@H](C)CO)NS(=O)(=O)c1c(noc1C)C,0,0.002876,0.025009,0.007635
C[C@H]1CCCCO[C@@H](CN(C)Cc2ccc(cc2)C(F)(F)F)[C@@H](C)CN([C@@H](C)CO)C(=O)c2cc(ccc2O1)NS(=O)(=O)c1ccc(cc1)F,0,0.051257,0.024576,0.007443
C[C@H]1CCCCO[C@@H](CN(C)C(=O)Nc2cccc3ccccc23)[C@H](C)CN([C@@H](C)CO)C(=O)c2cc(ccc2O1)NS(=O)(=O)c1ccc(cc1)C,0,0.001339,0.025607,0.003040
C[C@@H]1CN([C@@H](C)CO)C(=O)CCCn2cc(nn2)CO[C@H]1CN(C)S(=O)(=O)c1ccc(cc1)-c1ccccc1,0,0.018038,0.025753,0.004586
COc1ccc(cc1)CN(C)C[C@@H]1OCCCC[C@H](C)Oc2ccc(cc2C(=O)N(C[C@H]1C)[C@@H](C)CO)NC(=O)Nc1ccc(cc1)F,0,0.071765,0.026302,0.007563
C[C@@H]1CN([C@H](C)CO)C(=O)Cc2cc(ccc2O[C@H]1CN(C)Cc1ccc(cc1)Oc1ccccc1)NC(=O)CCCN(C)C,0,0.011579,0.031842,0.008788
CC(C)C#Cc1ccc2c(c1)O[C@H](CN(C)C(=O)Cc1ccccn1)[C@@H](C)CN([C@@H](C)CO)S2(=O)=O,0,0.023000,0.035199,0.007481
CCN(CCCCOC(=O)c1ccc(OC)c(OC)c1)C(C)Cc1ccc(OC)cc1.Cl,0,0.841088,0.101424,0.096630
C[C@@H]1CN([C@@H](C)CO)C(=O)c2cc(ccc2O[C@H]1CN(C)S(=O)(=O)C)NC(=O)NC1CCCCC1,0,0.012487,0.024617,0.005806
COC1=CN=C(SC)N(C)C1=O,0,0.328660,0.045796,0.042873
C[C@H]1CN([C@@H](C)CO)S(=O)(=O)c2ccc(cc2O[C@H]1CN(C)S(=O)(=O)c1ccccc1F)Br,0,0.143492,0.033134,0.010217
C[C@@H]1CN([C@H](C)CO)C(=O)c2cccc(c2O[C@@H]1CN(C)Cc1ccc(cc1)C(=O)Nc1ccccc1N)NC(=O)C1CCCCC1,0,0.007546,0.033669,0.008281
OC[C@H]1O[C@H](C[C@H]2[C@@H]1Oc1ccc(cc12)NS(=O)(=O)c1ccccc1)CC(=O)NCC(F)(F)F,0,0.042366,0.027547,0.010553
C[C@H]1CN([C@@H](C)CO)C(=O)c2cc(ccc2O[C@H]1CN(C)S(=O)(=O)c1cn(cn1)C)NS(=O)(=O)c1c(noc1C)C,0,0.003550,0.024760,0.006561
COc1ccc(cc1)-c1cnc2c(c1)C(=O)N(C[C@H](C)[C@H](CN(C)S(=O)(=O)c1ccc(cc1)C#N)O2)[C@H](C)CO,0,0.000623,0.024577,0.005007
CCOC(=O)C1CCN(C)CC1,0,0.104974,0.021138,0.008159
C[C@@H]1CN([C@H](C)CO)C(=O)c2cc(ccc2O[C@H]1CN(C)Cc1ccc(cc1)C(=O)O)NC(=O)c1ccncc1,0,0.018726,0.031521,0.013993
CCS(=O)(=O)N1C[C@]2(CCN(CC2)S(=O)(=O)c2ccccc2)c2c(n(c3cc(ccc23)OC)C)[C@@H]1CO,0,0.016737,0.035599,0.011938
COC(=O)C[C@H]1N(CCNC1=O)C(=O)NS(=O)(=O)c1ccc(cc1)C,0,0.002482,0.062123,0.032385
C[C@@H]1CN([C@@H](C)CO)C(=O)c2cc(ccc2O[C@@H]1CN(C)C(=O)Nc1ccccc1)NC(=O)Nc1ccc(cc1)C(F)(F)F,0,0.762833,0.201484,0.165201
Nc1ccncc1,0,0.016362,0.057077,0.026512
C[C@@H]1CN([C@@H](C)CO)C(=O)Cc2cc(ccc2O[C@@H]1CN(C)S(=O)(=O)c1c(noc1C)C)NS(=O)(=O)c1cccs1,0,0.002845,0.024281,0.004826
OCC(=O)c1ccccc1,0,0.180917,0.174573,0.091497
C[C@@H](O)Cn1c(ncc1[N+](=O)[O-])C,0,0.963416,0.138282,0.103517
C[C@H]1CCCCO[C@@H](CN(C)C(=O)c2ccccc2)[C@H](C)CN([C@@H](C)CO)C(=O)c2cc(ccc2O1)NC(=O)c1ccccc1,0,0.000442,0.023125,0.004161
OC[C@@H]1O[C@@H](C[C@H]2[C@@H]1Oc1ccc(cc12)NS(=O)(=O)c1ccc(cc1)F)CC(=O)NCc1ccccc1,0,0.005315,0.037767,0.008293
COc1ccccc1C#Cc1cnc2c(c1)C(=O)N(C[C@@H](C)[C@H](CN(C)S(=O)(=O)c1cn(cn1)C)O2)[C@H](C)CO,0,0.036526,0.024163,0.003812
O=C1COC[C@H](N1)c1ccccc1,0,0.148866,0.086719,0.046396
COc1ccc(cc1)NC(=O)N(C)C[C@@H]1OCCCC[C@@H](C)Oc2ccc(cc2C(=O)N(C[C@@H]1C)[C@@H](C)CO)NS(=O)(=O)c1ccc(cc1)Cl,0,0.005477,0.024580,0.004374
C[C@@H]1O[C@@H](O[C@@H]2[C@@H](O)[C@@H](O)[C@@H](CO)O[C@H]2O[C@H]2[C@H](O)[C@@H](O[C@@H]3O[C@H](CO)[C@@H](O[C@@H]4O[C@H](CO)[C@H](O)[C@H]4O)[C@H](O)[C@H]3O)[C@H](O[C@H]3CC[C@@]4(C)[C@@H](CC[C@]5(C)[C@@H]4CC[C@]46OC[C@@]7(CCC(C)(C)C[C@@H]74)[C@H](O)C[C@@]56C)C3(C)C)O[C@@H]2C(=O)O)[C@H](O)[C@H](O)[C@H]1O,0,0.977839,0.081626,0.035336
CN(C)c1nc2c([nH]1)C(=O)NC(=O)N2C,0,0.616608,0.068252,0.043071
COc1ccc2c3c(n(c2c1)C)[C@@H](CO)N(C[C@]13CN(Cc2ccncc2)C1)C(=O)CN1CCOCC1,0,0.097915,0.096541,0.059616
COCC#Cc1ccc2c(c1)O[C@H](CN(C)C(=O)C1CCOCC1)[C@H](C)CN([C@H](C)CO)S2(=O)=O,0,0.054898,0.024813,0.008381
CCCNC(=O)N1C[C@H](C)[C@@H](CN(C)C(=O)c2cc(ccc2OC[C@@H]1C)NS(=O)(=O)CC(F)(F)F)OC,0,0.077711,0.076507,0.014653
C[C@H]1CN([C@@H](C)CO)C(=O)c2cc(ccc2O[C@@H]1CN(C)Cc1ccc(cc1)C(F)(F)F)NC(=O)Nc1cccc2ccccc12,0,0.153344,0.061064,0.037350
O[C@@H]1COC[C@H]2O[C@@H](CC[C@@H]2N(C1)C(=O)c1ccccc1F)CC(=O)N1CCN(CC1)c1ccccc1,0,0.444213,0.069109,0.121794
C[C@H]1CN([C@@H](C)CO)C(=O)c2cc(ccc2O[C@H]1CN(C)S(=O)(=O)c1cccs1)NC(=O)CCCN(C)C,0,0.003217,0.024248,0.004312
C[C@H]1CN([C@@H](C)CO)C(=O)Cc2cc(ccc2O[C@@H]1CN(C)S(=O)(=O)C)NS(=O)(=O)c1cn(cn1)C,0,0.014324,0.024372,0.004940
O=C1NN=C(C=C1)c1ccncc1,0,0.316345,0.268625,0.191090
C[C@@H]1CCCCO[C@H](CN(C)C(=O)Nc2ccc3c(c2)OCO3)[C@@H](C)CN([C@@H](C)CO)C(=O)c2cc(ccc2O1)NC(=O)CCC(F)(F)F,0,0.076709,0.031724,0.016793
C[C@@H]1CCCCO[C@H](CN(C)C(=O)Nc2c(noc2C)C)[C@H](C)CN([C@H](C)CO)C(=O)c2cc(ccc2O1)NC(=O)CCC(F)(F)F,0,0.175063,0.200665,0.065803
CN1CC(=O)NC1=O,0,0.001366,0.044165,0.014805
COc1cccc(c1)S(=O)(=O)N(C)C[C@@H]1Oc2cc(ccc2S(=O)(=O)N(C[C@H]1C)[C@H](C)CO)C1=CCCC1,0,0.001900,0.023834,0.005313
CC(C)(O)C(Cl)(Cl)Cl,0,0.290288,0.451976,0.271687
C[C@@H]1CCCCO[C@H](CN(C)S(=O)(=O)c2cn(cn2)C)[C@H](C)CN([C@H](C)CO)C(=O)c2cc(ccc2O1)NS(=O)(=O)c1ccc(cc1)F,0,0.002963,0.027959,0.006911
CNC[C@H](O)c1cccc(c1)O,0,0.410402,0.055396,0.028019
C[C@H]1CN([C@H](C)CO)C(=O)CCCn2cc(nn2)CO[C@H]1CN(C)C(=O)Oc1cccc2ccccc12,0,0.117430,0.042063,0.015777
C[C@H]1CN([C@@H](C)CO)C(=O)Cc2cc(ccc2O[C@@H]1CN(C)C(=O)NC1CCCCC1)NC(=O)Cn1cnnn1,0,0.019698,0.030438,0.011539
C[C@H]1CN([C@@H](C)CO)C(=O)Cc2cc(ccc2O[C@H]1CN(C)C(=O)Nc1ccc2c(c1)OCO2)NS(=O)(=O)c1c(noc1C)C,0,0.001478,0.024325,0.003911
COc1ccc(cc1)CN(C)C[C@@H]1OCCCC[C@H](C)Oc2ccc(cc2C(=O)N(C[C@@H]1C)[C@@H](C)CO)NC(=O)NC1CCCCC1,0,0.027774,0.032055,0.007566
OC[C@H]1O[C@H](S[Au])[C@H](O)[C@@H](O)[C@@H]1O,0,0.001632,0.126899,0.213721
C[C@@H]1CCCCO[C@H](CN(C)Cc2ccc(cc2)C(F)(F)F)[C@H](C)CN([C@H](C)CO)C(=O)c2cc(ccc2O1)NS(=O)(=O)c1cccs1,0,0.042031,0.024625,0.005770
CCS(=O)(=O)CCn1c([N+](=O)[O-])cnc1C,0,0.971353,0.212673,0.201473
C[C@@H]1CN([C@@H](C)CO)S(=O)(=O)c2ccc(cc2O[C@@H]1CN(C)Cc1cncnc1)-c1ccc(cc1)C,0,0.024345,0.029520,0.007090
COc1cc2c3c(c1O)Oc1ccc(cc1)C[C@@H]1N(C)CCc4cc(c(cc41)Oc1cc(ccc1O)C[C@H]3[N+](C)(C)CC2)OC,0,0.468011,0.215218,0.084226
C[C@@H]1CN([C@H](C)CO)C(=O)Cc2cc(ccc2O[C@@H]1CN(C)S(=O)(=O)c1c(noc1C)C)NS(=O)(=O)C,0,0.009002,0.025349,0.007619
C[C@H]1CN([C@@H](C)CO)S(=O)(=O)c2ccc(cc2O[C@H]1CN(C)C(=O)C1CCCCC1)Br,0,0.061725,0.053175,0.013290
C[C@H]1CCCCO[C@@H](CN(C)C(=O)NC2CCCCC2)[C@@H](C)CN([C@H](C)CO)C(=O)c2cc(ccc2O1)NC(=O)C1CCCCC1,0,0.010720,0.026813,0.007127
CNC(=O)C(=O)Nc1cc(ccc1C#N)Cl,0,0.690898,0.268025,0.117969
CC[C@@H](C)N[C@H]1CCS(=O)(=O)C1,0,0.000997,0.026548,0.019229
CCO[C@@H]1OC(=C[C@@H]([C@H]1CCCO)c1ccc2c(c1)OCO2)C(=O)N1CCN(CC1)Cc1ccc2c(c1)OCO2,0,0.003174,0.037049,0.013478
COc1ccccc1C1=CC=C2[C@H]3[C@@H](CN2C1=O)[C@H](CO)[C@H](N3S(=O)(=O)C)C(=O)NCC1CC1,0,0.008011,0.027958,0.011172
C[C@@H]1CN([C@H](C)CO)S(=O)(=O)c2ccc(cc2O[C@H]1CN(C)C(=O)C1CCCCC1)C#Cc1ccncc1,0,0.039143,0.029740,0.007841
Cn1nnnc1-c1ccc(cc1)N,0,0.294170,0.210492,0.102145
COCCOC(=O)N1C(=O)[C@@]2([C@H]([C@H]3N([C@@H]([C@@H](OC3=O)c3ccccc3)c3ccccc3)[C@H]2c2ccc(cc2)OCCO)C(=O)N2CCc3cc(c(cc3C2)OC)OC)c2cc(ccc21)C#CCNC(=O)N,0,0.110571,0.080837,0.019324
CC(C)NC(=O)N(C)C[C@@H]1OCCCC[C@@H](C)Oc2ccc(cc2C(=O)N(C[C@@H]1C)[C@H](C)CO)NC(=O)Nc1ccc(cc1)C(F)(F)F,0,0.519603,0.179649,0.096943
CN1[C@H]2CC[C@@H](CC(=O)NCCN3CCCCC3)O[C@@H]2COc2ccc(cc2C1=O)NC(=O)c1cccs1,0,0.053103,0.026440,0.013707
C[C@H]1CN([C@H](C)CO)C(=O)c2cccc(c2O[C@H]1CN(C)Cc1ccc(cc1)-c1ccccc1)NS(=O)(=O)c1ccc(cc1)F,0,0.023023,0.037924,0.010084
C[C@@H]1CCCCO[C@H](CN(C)Cc2ccncc2)[C@H](C)CN([C@@H](C)CO)C(=O)c2cc(ccc2O1)NC(=O)Nc1ccccc1,0,0.013342,0.022901,0.004084
O[C@H]1COC[C@@H]2O[C@@H](CC[C@H]2N(C1)C(=O)Nc1ccc(cc1)Cl)CC(=O)NC1Cc2ccccc2C1,0,0.775369,0.887745,0.862160
C[C@H]1CN([C@@H](C)CO)C(=O)c2cc(cnc2O[C@H]1CN(C)S(=O)(=O)c1ccccc1)-c1cccc(c1)C(=O)N(C)C,0,0.001251,0.024254,0.004320
OC[C@@H]1[C@@H](O)[C@H](O)[C@H](O)[C@H]2NC(=O)C(=O)N12,0,0.021342,0.162815,0.092363
C[C@H]1CN([C@H](C)CO)C(=O)c2cc(ccc2O[C@@H]1CN(C)Cc1ccc(cc1)-c1ccccc1)NC(=O)C1CCCCC1,0,0.076338,0.039192,0.031379
CC(C)NC(=O)Nc1cccc2c1O[C@H](CN(C)S(=O)(=O)c1ccc(cc1)C)[C@@H](C)CN([C@@H](C)CO)C2=O,0,0.051061,0.024444,0.005840
C[C@H]1CN([C@@H](C)CO)S(=O)(=O)c2ccc(cc2O[C@H]1CN(C)C(=O)c1cccc(c1)F)C#CC1CC1,0,0.072147,0.040443,0.006539
C[C@H]1CCCCO[C@H](CN(C)S(=O)(=O)c2ccccc2)[C@@H](C)CN([C@@H](C)CO)C(=O)c2cc(ccc2O1)NC(=O)Nc1ccc2c(c1)OCO2,0,0.001882,0.024234,0.003720
C[C@H]1CN([C@@H](C)CO)C(=O)c2cc(cnc2O[C@@H]1CN(C)C(=O)C1CCOCC1)C#Cc1ccccc1F,0,0.123192,0.022907,0.006174
CN(C)CC#Cc1ccc(cc1)[C@H]1[C@@H](CO)N2[C@H]1CN(CC2=O)C(=O)CN(C)C,0,0.878879,0.034958,0.033537
COc1ccc(cc1)S(=O)(=O)Nc1ccc2c(c1)CC(=O)N(C[C@H](C)[C@@H](CN(C)C(=O)Nc1c(noc1C)C)O2)[C@H](C)CO,0,0.004138,0.024274,0.004126
COc1ccc(cc1)S(=O)(=O)Nc1ccc2c(c1)C(=O)N(C[C@@H](C)[C@@H](CN(C)S(=O)(=O)c1ccc(cc1)F)O2)[C@H](C)CO,0,0.006318,0.028564,0.008097
CC(C)CC#Cc1ccc2c(c1)O[C@H](CN(C)C(=O)c1cccnc1)[C@H](C)CN([C@@H](C)CO)S2(=O)=O,0,0.016610,0.027778,0.004949
C[C@H]1CN([C@H](C)CO)C(=O)CCCn2cc(nn2)CO[C@H]1CN(C)C(=O)Nc1cccc2ccccc12,0,0.050213,0.034452,0.010361
COc1cc2c(cc1OC)CN(CC2)C(=O)[C@H]1[C@H]2N([C@@H]([C@@H](OC2=O)c2ccccc2)c2ccccc2)[C@@H](c2ccc(cc2)OCCO)[C@]11C(=O)Nc2ccc(cc21)C#CCCO,0,0.088594,0.040934,0.011800
C[C@H]1CCCCO[C@H](CN(C)CC2CCCCC2)[C@H](C)CN([C@@H](C)CO)C(=O)c2cc(ccc2O1)NC(=O)Nc1c(noc1C)C,0,0.109374,0.029718,0.011773
C[C@@H]1CN([C@H](C)CO)C(=O)Cc2cc(ccc2O[C@@H]1CN(C)C(=O)Nc1c(noc1C)C)NS(=O)(=O)c1ccccc1,0,0.002987,0.024274,0.003828
C[C@H]1CN([C@@H](C)CO)C(=O)Cc2cc(ccc2O[C@@H]1CN(C)Cc1ccc(cc1)C(=O)Nc1ccccc1N)NC(=O)Nc1c(noc1C)C,0,0.009757,0.026448,0.005719
Cc1cc(n[nH]1)C(=O)O,0,0.107414,0.074411,0.033528
C[C@H]1CN([C@@H](C)CO)C(=O)Cc2cc(ccc2O[C@H]1CN(C)C(=O)Nc1ccc2c(c1)OCO2)N(C)C,0,0.017388,0.032851,0.005783
CO[C@@H](CN(C)C(=O)c1ccc2c(c1)OCO2)[C@H](C)CN([C@@H](C)CO)S(=O)(=O)c1ccc(cc1)Cl,0,0.041524,0.030998,0.010937
C[C@H]1CN([C@@H](C)CO)C(=O)c2cccc(c2O[C@@H]1CN(C)Cc1ccc(cc1)-c1ccccc1)NC(=O)c1nc2ccccc2s1,0,0.020479,0.042762,0.010540
C[C@H]1CN([C@H](C)CO)C(=O)c2cc(ccc2O[C@H]1CN(C)Cc1ccc(c(c1)Cl)Cl)NS(=O)(=O)c1ccc(cc1)F,0,0.025647,0.029134,0.006958
C[C@H]1CCCCO[C@H](CN(C)C(=O)C2CCCCC2)[C@@H](C)CN([C@H](C)CO)C(=O)c2cc(ccc2O1)NC(=O)C1CCCCC1,0,0.006743,0.026053,0.008315
C[C@H]1CN([C@H](C)CO)C(=O)Cc2cc(ccc2O[C@@H]1CN(C)S(=O)(=O)C)NC(=O)CCC(F)(F)F,0,0.036332,0.026639,0.013747
NC(=O)C1N=CN([C@@H]2O[C@H](CO)[C@@H](O)[C@H]2O)C1=O,0,0.000127,0.058665,0.035436
COc1ccc(cc1)CN(C)C[C@H]1Oc2ccc(cc2C(=O)N(C[C@H]1C)[C@H](C)CO)NS(=O)(=O)c1cn(cn1)C,0,0.014458,0.024402,0.004594
COc1ccc(cc1)S(=O)(=O)Nc1ccc2c(c1)CC(=O)N(C[C@@H](C)[C@@H](CN(C)S(=O)(=O)C)O2)[C@H](C)CO,0,0.002015,0.024905,0.006162
C[C@H]1CN([C@@H](C)CO)C(=O)c2cc(cnc2O[C@H]1CN(C)S(=O)(=O)c1ccccc1)C#CC1(O)CCCC1,0,0.005736,0.027812,0.004350
COc1ccc(cc1)CN(C)C[C@@H]1OCCCC[C@@H](C)Oc2ccc(cc2C(=O)N(C[C@H]1C)[C@@H](C)CO)NC(=O)Nc1cccc2ccccc12,0,0.015274,0.029727,0.006080
CC(C)c1ccc2c(c1)[C@H](O)[C@H](N)CCO2,0,0.166562,0.173346,0.148934
C[C@@H]1CCCCO[C@@H](CN(C)Cc2ccc3c(c2)OCO3)[C@@H](C)CN([C@H](C)CO)C(=O)c2cc(ccc2O1)NC(=O)CCCCCC(=O)Nc1ccccc1N,0,0.003189,0.027035,0.004993
C[C@@H]1CCCCO[C@@H](CN(C)C(=O)CCC(F)(F)F)[C@@H](C)CN([C@H](C)CO)C(=O)c2cc(ccc2O1)NS(=O)(=O)c1cccs1,0,0.021501,0.024421,0.007861
O=C1C=C2CC3(O)COc4cc(O)ccc4C3=C2C=C1O,0,0.053038,0.193510,0.200954
C[C@@H]1CCCCO[C@@H](CN(C)C(=O)NC2CCCCC2)[C@H](C)CN([C@@H](C)CO)C(=O)c2cc(ccc2O1)NC(=O)Nc1ccc(cc1)C(F)(F)F,0,0.395360,0.177770,0.045686
CNC[C@H]1Oc2ccc(cc2C(=O)N(C[C@@H]1C)[C@H](C)CO)NS(=O)(=O)c1cn(cn1)C,0,0.067622,0.025102,0.006197
CNC(=O)CN(C#N)c1nc(cc(n1)C)C,0,0.021814,0.045928,0.023669
C[C@H]1NC(=O)COC21CCN(CC2)C(=O)c1cnccn1,0,0.069155,0.073836,0.027581
CN(CP(=O)(O)CN1CCCCC1)C=O,0,0.401405,0.104260,0.055509
CC(C)(C)[S@@](=O)N1Cc2cc(nc(c2[C@H]1CCO)CCNS(=O)(=O)c1ccccc1)C(=O)NCc1ccc2c(c1)OCO2,0,0.001506,0.029908,0.006984
CC(C)NC(=O)Nc1ccc2c(c1)CC(=O)N(C[C@@H](C)[C@@H](CN(C)S(=O)(=O)c1ccccc1)O2)[C@@H](C)CO,0,0.007774,0.028807,0.005954
C[C@H]1CN([C@@H](C)CO)C(=O)c2cc(ccc2O[C@@H]1CN(C)S(=O)(=O)c1ccccc1)NS(=O)(=O)c1cn(cn1)C,0,0.019449,0.024562,0.004388
CCCNC(=O)Nc1ccc2c(c1)C(=O)N(C)C[C@@H](OC)[C@H](C)CN(Cc1ccc(cc1)-c1ccccn1)[C@@H](C)CO2,0,0.036605,0.035333,0.008599
C[C@H]1CN([C@H](C)CO)C(=O)c2cc(ccc2O[C@@H]1CN(C)Cc1ccc(cc1)C(=O)O)NC(=O)Nc1cccc2ccccc12,0,0.066778,0.029854,0.013906
COc1ccc(cc1)S(=O)(=O)N[C@H]1C=C[C@@H](CC(=O)N2CCC(CC2)Cc2ccccc2)O[C@@H]1CO,0,0.033658,0.041760,0.018120
CSc1nc2nc(nc(c2s1)N)N,0,0.379080,0.219306,0.112064
CCS(=O)(=O)Nc1ccc2c(c1)C(=O)N(C)[C@H]1CC[C@@H](CC(=O)NCc3ccc(cc3)OC)O[C@@H]1CO2,0,0.005671,0.023724,0.006845
C[C@H]1CCCCO[C@H](CN(C)Cc2ccc(cc2)C(F)(F)F)[C@H](C)CN([C@@H](C)CO)C(=O)c2cc(ccc2O1)NC(=O)Nc1cccc2ccccc12,0,0.106013,0.024834,0.008972
Cc1ccc(cc1)S(=O)(=O)N1C[C@@H](O)COC[C@@H]2O[C@@H](CC[C@H]21)CC(=O)N[C@@H]1CCN(C1)Cc1ccccc1,0,0.077530,0.039691,0.011712
COc1ccc(cc1)COC[C@@]12Oc3ccccc3[C@H]([C@H]2COC(=O)c2ccccc2)N2C(=O)c3cc(ccc3SC2=N1)[N+](=O)[O-],0,0.024974,0.441077,0.203451
C[C@@H]1CN([C@@H](C)CO)C(=O)c2cc(ccc2O[C@H]1CN(C)C(=O)Nc1ccccc1)NC(=O)CCN1CCOCC1,0,0.005764,0.022944,0.004195
COc1ccccc1C#Cc1cnc2c(c1)C(=O)N(C[C@@H](C)[C@@H](CN(C)C(=O)CC1CC1)O2)[C@@H](C)CO,0,0.030123,0.026024,0.005517
COCC#Cc1ccc2c(c1)O[C@@H](CN(C)S(=O)(=O)c1cccc(c1)OC)[C@@H](C)CN([C@@H](C)CO)S2(=O)=O,0,0.036499,0.026359,0.005583
Cc1cc(n2nc(nc2n1)N)C,0,0.019568,0.039004,0.016976
C[C@H]1CN([C@@H](C)CO)C(=O)Cc2cc(ccc2O[C@H]1CN(C)S(=O)(=O)c1ccc(cc1)Cl)NC(=O)Nc1cccc2ccccc12,0,0.017732,0.028109,0.005128
C[C@@H]1CN([C@@H](C)CO)C(=O)Cc2cc(ccc2O[C@H]1CN(C)C(=O)Nc1cccc2ccccc12)NC(=O)Cc1ccccc1,0,0.007147,0.029166,0.006954
COc1ccc(cc1)NC(=O)Nc1ccc2c(c1)C(=O)N(C[C@@H](C)[C@H](CN(C)Cc1ccc(cc1)C(F)(F)F)O2)[C@H](C)CO,0,0.203642,0.038765,0.027618
COc1ccc(cc1)CN(C)C[C@@H]1Oc2ccc(cc2C(=O)N(C[C@@H]1C)[C@@H](C)CO)NS(=O)(=O)c1c(noc1C)C,0,0.001768,0.025046,0.004564
CC(C)C[C@@H]1NC(=O)[C@H]2C[C@H]([C@H](N2C1=O)c1ccc(cc1)O)C(=O)NCCCCCCNC(=O)CS,0,0.000663,0.159072,0.412597
O=C(Cc1nn[nH]n1)NS(=O)(=O)c1ccccc1,0,0.013732,0.046088,0.013720
COc1ccc(cc1)NC(=O)Nc1ccc2c(c1)C(=O)N(C[C@H](C)[C@H](CN(C)C(=O)Nc1c(noc1C)C)OCCCC[C@@H](C)O2)[C@H](C)CO,0,0.029113,0.025639,0.004905
COCCNC(=O)C[C@@H]1C[C@H]2[C@H](Oc3ccc(cc32)NC(=O)Nc2ccc(cc2)C(F)(F)F)[C@H](CO)O1,0,0.692564,0.127261,0.119522
C[C@@H]1CN([C@H](C)CO)C(=O)CCCn2nncc2CO[C@@H]1CN(C)C(=O)Nc1ccc(cc1)N1CCCCC1,0,0.234213,0.033258,0.011367
C[C@@H]1CCCCO[C@@H](CN(C)C(=O)c2ccccc2)[C@@H](C)CN([C@H](C)CO)C(=O)c2cc(ccc2O1)NS(=O)(=O)c1ccc(cc1)F,0,0.001087,0.024307,0.004201
COc1ccccc1CNS(=O)(=O)C,0,0.054578,0.049492,0.009565
C[C@@H]1CN([C@@H](C)CO)C(=O)c2cccc(c2O[C@@H]1CN(C)Cc1ccc2c(c1)OCO2)NC(=O)c1cc(nn1C)C,0,0.006510,0.026080,0.005153
C[C@@H]1CN([C@@H](C)CO)S(=O)(=O)c2ccc(cc2O[C@@H]1CN(C)CC1CC1)C#Cc1ccccc1F,0,0.354359,0.029642,0.007062
COCCNC(=O)C[C@H]1CC[C@H]2[C@@H](COc3ccc(cc3C(=O)N2C)NS(=O)(=O)c2ccc(cc2)Cl)O1,0,0.007846,0.023649,0.009802
C[C@H]1CN([C@@H](C)CO)C(=O)c2cc(ccc2O[C@@H]1CN(C)S(=O)(=O)c1ccc(cc1)Cl)NC(=O)Nc1cccc2ccccc12,0,0.029910,0.024798,0.005503
C[C@@H]1CN([C@H](C)CO)C(=O)Cc2cc(ccc2O[C@@H]1CN(C)Cc1ccc(cc1)-c1ccccc1)NS(=O)(=O)c1ccc(cc1)Cl,0,0.008353,0.030934,0.007391
COc1ccc(cc1)S(=O)(=O)N(C)C[C@@H]1Oc2ccc(cc2C(=O)N(C[C@@H]1C)[C@H](C)CO)NC(=O)Cn1cnnn1,0,0.013912,0.025061,0.004964
CC(C)NC(=O)N(C)C[C@@H]1Oc2ncc(cc2C(=O)N(C[C@@H]1C)[C@H](C)CO)-c1ccc(cc1)C(=O)N(C)C,0,0.008840,0.023714,0.008499
C[C@@H]1CN([C@H](C)CO)C(=O)c2cc(ccc2O[C@@H]1CN(C)S(=O)(=O)c1ccccc1)NC(=O)Cn1cnnn1,0,0.012163,0.024209,0.004299
C[C@H]1CCCCO[C@H](CN(C)C(=O)NC2CCCCC2)[C@H](C)CN([C@H](C)CO)C(=O)c2cc(ccc2O1)NC(=O)Nc1c(noc1C)C,0,0.027499,0.025169,0.005558
COc1ccc(cc1)NC(=O)N(C)C[C@H]1Oc2ccc(cc2C(=O)N(C[C@H]1C)[C@H](C)CO)NC(=O)CCCCCC(=O)Nc1ccccc1N,0,0.018294,0.026478,0.004141
C[C@@H]1CCCCO[C@@H](CN(C)C(=O)Nc2ccc(cc2)C(F)(F)F)[C@H](C)CN([C@@H](C)CO)C(=O)c2cc(ccc2O1)NC(=O)Nc1c(noc1C)C,0,0.418859,0.120189,0.043683
CN(C)CC(=O)N[C@@H]1CC[C@H](CCNC(=O)C2CC2)O[C@@H]1CO,0,0.261662,0.026896,0.010332
C[C@@H]1CN([C@H](C)CO)C(=O)c2ccccc2-c2ccccc2CO[C@H]1CN(C)C(=O)Nc1ccccc1C(F)(F)F,0,0.720239,0.352000,0.352022
C[C@@H]1CCCCO[C@H](CN(C)S(=O)(=O)c2ccc(cc2)Cl)[C@@H](C)CN([C@H](C)CO)C(=O)c2cc(ccc2O1)NC(=O)Nc1ccc(cc1)F,0,0.051684,0.024906,0.006979
C[C@@H]1CN([C@@H](C)CO)C(=O)c2cccc(c2O[C@@H]1CN(C)S(=O)(=O)c1cn(cn1)C)NC(=O)Nc1ccccc1,0,0.054586,0.024370,0.004298
Clc1ccc(cn1)Cn1cccc1,0,0.099973,0.162784,0.107346
C[C@@H]1CCCCO[C@@H](CN(C)C(=O)c2ccccc2)[C@@H](C)CN([C@H](C)CO)C(=O)c2cc(ccc2O1)NC(=O)C1CCCCC1,0,0.001316,0.023294,0.004552
CCO[C@@H]1OC(=C[C@@H]([C@H]1CCCOC(=O)NCCCCCC(=O)NO)C1=COc2ccccc2C1=O)C(=O)N1CCOCC1,0,0.000012,0.190324,0.068984
C[C@@H]1CN([C@@H](C)CO)C(=O)c2cc(ccc2O[C@@H]1CN(C)S(=O)(=O)C)NC(=O)Nc1ccccc1,0,0.029878,0.024568,0.004925
Cc1c(nnn1-c1ccc(cc1)F)C(=O)N,0,0.534115,0.173957,0.081315
CCCCc1ccc(cc1)S(=O)(=O)Nc1nccnc1-c1ccc(cc1)COc1cc(nc2ccccc12)CC,0,0.019640,0.247789,0.027658
COc1cccc(c1)S(=O)(=O)Nc1ccc2c(c1)[C@H]1C[C@H](CC(=O)NCCc3ccccc3)O[C@@H](CO)[C@H]1O2,0,0.002059,0.026546,0.007958
CO[C@@H]1CN(C)C(=O)c2ccc(cc2OC[C@@H](C)N(C[C@H]1C)S(=O)(=O)c1ccccc1)NC(=O)c1cc(on1)C,0,0.003660,0.027484,0.005674
C[C@@H]1CN([C@H](C)CO)C(=O)c2cc(ccc2O[C@H]1CN(C)CC1CCCCC1)NC(=O)Nc1ccc(cc1)F,0,0.253923,0.090248,0.046980
COc1ccc(cc1)S(=O)(=O)Nc1cccc2c1O[C@@H](CN(C)C(=O)NC(C)C)[C@H](C)CN([C@H](C)CO)C2=O,0,0.017694,0.026123,0.007867
Cn1cnc(c1)S(=O)(=O)N1CC[C@@H](O)[C@@H]1Cc1cnn(c1)C,0,0.017788,0.026655,0.009604
C[C@@H]1CCCCO[C@H](CN(C)C(=O)Nc2ccc(cc2)F)[C@@H](C)CN([C@@H](C)CO)C(=O)c2cc(ccc2O1)NS(=O)(=O)c1ccc(cc1)F,0,0.028474,0.024489,0.006581
COc1ccc(cc1)S(=O)(=O)Nc1cccc2c1O[C@@H](CN(C)C(=O)Nc1cccc3ccccc13)[C@H](C)CN([C@@H](C)CO)C2=O,0,0.007116,0.025446,0.005693
CO[C@H](CN(C)C(=O)C1CCOCC1)[C@H](C)CN([C@H](C)CO)C(=O)Nc1ccc(cc1)C(F)(F)F,1,0.804873,0.922242,0.956482
C[C@H]1CN([C@@H](C)CO)C(=O)Cc2cc(ccc2O[C@@H]1CN(C)S(=O)(=O)c1ccc(cc1)F)NC(=O)Nc1cccc2ccccc12,0,0.011840,0.028016,0.005909
C[C@H]1CN([C@H](C)CO)C(=O)c2cccc(c2O[C@H]1CN(C)S(=O)(=O)c1ccc(cc1)Cl)NS(=O)(=O)c1cn(cn1)C,0,0.121686,0.026425,0.006637
C[C@H]1CN([C@H](C)CO)C(=O)Cc2cc(ccc2O[C@@H]1CN(C)Cc1ccc(cc1)-c1ccccc1)NS(=O)(=O)c1ccc(cc1)Cl,0,0.008353,0.030934,0.007391
C[C@H]1CN([C@H](C)CO)C(=O)c2cc(ccc2O[C@H]1CN(C)Cc1ccc(cc1)C(=O)Nc1ccccc1N)NC(=O)C1CCCCC1,0,0.005006,0.027256,0.006039
CCC[C@@H](O)C#Cc1cnc2c(c1)C(=O)N(C[C@H](C)[C@H](CN(C)C(=O)Nc1c(noc1C)C)O2)[C@H](C)CO,0,0.056693,0.026948,0.011684
COc1cccc(c1)NC(=O)N[C@@H]1CC[C@@H](CC(=O)N2CCOCC2)O[C@H]1CO,0,0.018021,0.022298,0.012917
C[C@H]1CN([C@H](C)CO)C(=O)Cc2cc(ccc2O[C@@H]1CN(C)C(=O)Nc1ccccc1)NS(=O)(=O)c1c(noc1C)C,0,0.003432,0.024260,0.003689
CNS(=O)(=O)Cc1ccc2[nH]cc(CCN(C)C)c2c1,0,0.476095,0.059239,0.017234
COc1ccc(cc1)S(=O)(=O)N(C)C[C@@H]1OCCCC[C@H](C)Oc2ccc(cc2C(=O)N(C[C@@H]1C)[C@H](C)CO)NC(=O)Nc1ccccc1,0,0.005289,0.024315,0.003518
CCC[C@@H]1C[C@H](N(C)C1)C(=O)N[C@@H]([C@H](C)O)[C@H]1O[C@H](SC)[C@H](O)[C@@H](O)[C@H]1O,1,0.080587,0.787641,0.815679
C[C@@H]1CN([C@@H](C)CO)C(=O)c2cccc(c2O[C@@H]1CN(C)S(=O)(=O)c1ccccc1)NC(=O)c1cc(nn1C)C,0,0.012355,0.024780,0.004331
COc1ccc2c3c([nH]c2c1)[C@@H](CO)N(C[C@]13CCN(CC1)S(=O)(=O)c1cn(cn1)C)C(=O)Nc1ccc(cc1)F,0,0.323333,0.030693,0.016908
COc1cccc(c1)S(=O)(=O)Nc1ccc2c(c1)[C@H]1C[C@H](CC(=O)NC3CCCCC3)O[C@@H](CO)[C@H]1O2,0,0.001942,0.025929,0.008822
CCCN(C)C[C@H]1OCCCC[C@@H](C)Oc2ccc(cc2C(=O)N(C[C@@H]1C)[C@H](C)CO)NS(=O)(=O)C,0,0.027784,0.025175,0.008184
C[C@H]1CN([C@H](C)CO)C(=O)c2cc(ccc2O[C@H]1CN(C)C(=O)Nc1cccc2ccccc12)NC(=O)Cc1ccccc1,0,0.008624,0.023987,0.006042
CN(C)CCCNC(=O)C[C@@H]1CC[C@H]2[C@@H](COc3ccc(cc3C(=O)N2C)NC(=O)NC2CCCC2)O1,0,0.077624,0.029331,0.011295
CN(C)Cc1cn(nn1)CC[C@H]1CC[C@H](NS(=O)(=O)c2ccccc2)[C@H](CO)O1,0,0.159319,0.024751,0.008132
Cl.Oc1noc2c1CCNC2,0,0.320477,0.125168,0.031095
C[C@H]1CCCCO[C@@H](CN(C)C(=O)c2ccncc2)[C@@H](C)CN([C@H](C)CO)C(=O)c2cc(ccc2O1)NC(=O)CCCCCC(=O)Nc1ccccc1N,0,0.000867,0.026662,0.003702
C[C@H]1CN([C@@H](C)CO)C(=O)Cc2cc(ccc2O[C@@H]1CN(C)Cc1ccc(c(c1)Cl)Cl)NC(=O)C1CCCCC1,0,0.108321,0.072493,0.021054
OCCCNC(=O)C1=Cc2ccccc2OC1=O,0,0.036365,0.189303,0.171142
C[C@@H]1CN([C@H](C)CO)C(=O)c2cc(cnc2O[C@@H]1CN(C)C(=O)C1CCOCC1)C#CC1(O)CCCC1,0,0.020414,0.032525,0.013237
C[C@@H]1CN([C@@H](C)CO)C(=O)Cc2cc(ccc2O[C@H]1CN(C)CC1CCCCC1)NC(=O)Cn1cnnn1,0,0.071312,0.036241,0.019689
C[C@@H]1CN([C@H](C)CO)C(=O)c2cccc(c2O[C@H]1CN(C)Cc1ccc(c(c1)Cl)Cl)NC(=O)NC1CCCCC1,0,0.212995,0.031681,0.016170
C[C@@H]1CN([C@@H](C)CO)C(=O)Cc2cc(ccc2O[C@H]1CN(C)C(=O)Nc1c(noc1C)C)NC(=O)c1ccncc1,0,0.010418,0.025441,0.005553
O[C@H]1COC[C@@H]2O[C@@H](CC[C@H]2N(C1)S(=O)(=O)c1ccc(cc1)F)CC(=O)N1CCc2ccccc2C1,0,0.076562,0.073368,0.020981
C[C@H]1CCCCO[C@H](CN(C)CC2CCCCC2)[C@H](C)CN([C@H](C)CO)C(=O)c2cc(ccc2O1)NC(=O)NC1CCCCC1,0,0.087966,0.033997,0.011709
C[C@H]1CN([C@@H](C)CO)C(=O)c2cc(cnc2O[C@H]1CN(C)S(=O)(=O)c1ccc(cc1)C)-c1ccncc1,0,0.004960,0.024142,0.003667
C[C@H]1CN([C@H](C)CO)C(=O)c2cc(ccc2O[C@H]1CN(C)C(=O)Nc1c(noc1C)C)NC(=O)c1ccncc1,0,0.014924,0.025622,0.006731
CC(C)N1CC[C@@H](CN(C)Cc2ccc(cc2)Oc2ccccc2)Oc2c(cccc2C1=O)NC(=O)c1ccncc1,0,0.001864,0.066981,0.039285
C[C@H]1CN([C@H](C)CO)C(=O)c2cc(ccc2O[C@H]1CN(C)S(=O)(=O)C)NS(=O)(=O)c1c(noc1C)C,0,0.004057,0.024357,0.006620
C[C@@H]1CCCCO[C@@H](CN(C)C(=O)Cc2ccccc2)[C@H](C)CN([C@@H](C)CO)C(=O)c2cc(ccc2O1)NC(=O)Nc1ccccc1,0,0.005954,0.023146,0.004612
C[C@@H]1CN([C@H](C)CO)C(=O)c2cc(ccc2O[C@H]1CN(C)Cc1ccc(cc1)Oc1ccccc1)NC(=O)Cn1cnnn1,0,0.006354,0.031128,0.008277
C[C@@H]1CN([C@H](C)CO)C(=O)c2cc(ccc2O[C@@H]1CN(C)S(=O)(=O)c1ccccc1)NS(=O)(=O)c1ccccc1,0,0.001891,0.024443,0.004462
C[C@H]1CN([C@@H](C)CO)C(=O)c2cccc(c2O[C@@H]1CN(C)S(=O)(=O)c1ccc(cc1)Cl)NC(=O)Nc1cccc2ccccc12,0,0.065179,0.024837,0.006760
CN(C)CC(=O)N1CC2(C1)[C@@H]([C@@H](CO)N2S(=O)(=O)C)c1ccccc1,0,0.288438,0.033782,0.022393
C[C@H]1CN([C@@H](C)CO)C(=O)Cc2cc(ccc2O[C@@H]1CN(C)C(=O)NC1CCCCC1)NC(=O)Nc1ccc(cc1)C(F)(F)F,0,0.391711,0.218190,0.170359
COc1cccc(c1)CNC(=O)C[C@@H]1O[C@@H](CO)[C@H](NC(=O)C2CCOCC2)C=C1,0,0.045431,0.034644,0.022316
COc1ccc(cc1)[Si](C)(C)[C@@H]1[C@@H](C)[C@@]2(O[C@H]1CCO)C(=O)N(Cc1ccc(cc1)N1CCCCC1=O)c1ccccc12,0,0.094445,0.068497,0.061208
COc1ccccc1C(=O)Nc1ccc2c(c1)C(=O)N(C)[C@@H]1CC[C@@H](CC(=O)NCCc3ccncc3)O[C@H]1CO2,0,0.004384,0.024811,0.007162
C[C@H]1CN([C@@H](C)CO)C(=O)c2cc(ccc2O[C@H]1CN(C)Cc1ccc2c(c1)OCO2)NC(=O)Nc1ccc(cc1)C(F)(F)F,1,0.215072,0.222595,0.096366
Cc1ccc(cc1)S(=O)(=O)N1C[C@H](O)COC[C@@H]2O[C@@H](CC[C@H]21)CC(=O)NCc1ccc2c(c1)OCO2,0,0.049301,0.026293,0.010484
CCc1cccc(c1NC(=O)C)C,0,0.417305,0.051131,0.026473
NC1=NC(=O)N(C=C1)[C@@H]1O[C@H](CO)[C@](O)(C#C)[C@H]1O,0,0.109639,0.119483,0.139482
C[C@H]1CCCCO[C@H](CN(C)CC2CCCCC2)[C@H](C)CN([C@@H](C)CO)C(=O)c2cc(ccc2O1)NC(=O)NC1CCCCC1,0,0.087966,0.033997,0.011709
C[C@H]1CN([C@@H](C)CO)C(=O)Cc2cc(ccc2O[C@@H]1CN(C)Cc1ccccc1)NC(=O)Nc1ccc(cc1)C(F)(F)F,0,0.297696,0.072489,0.083710
CC(C)CC#Cc1ccc2c(c1)O[C@H](CN(C)C(=O)Cc1cccnc1)[C@@H](C)CN([C@@H](C)CO)S2(=O)=O,0,0.031587,0.032719,0.006935
COc1ccccc1-c1ccc2c(c1)O[C@H](CN(C)CC1CCOCC1)[C@H](C)CN([C@H](C)CO)S2(=O)=O,0,0.090264,0.036082,0.005990
OCCNC(=S)Nc1ccccc1,0,0.167508,0.112343,0.072815
C[C@@H]1CN([C@@H](C)CO)C(=O)c2cc(ccc2O[C@@H]1CN(C)S(=O)(=O)C)NS(=O)(=O)c1cccs1,0,0.008697,0.024859,0.005907
C[C@@H]1CN([C@H](C)CO)C(=O)c2cc(ccc2O[C@@H]1CN(C)C(=O)Nc1ccc2c(c1)OCO2)NC(=O)Nc1ccc(cc1)C(F)(F)F,0,0.556693,0.289726,0.171163
C[C@@H]1CN([C@@H](C)CO)C(=O)c2cc(cnc2O[C@H]1CN(C)C(=O)c1cnccn1)C#CCN(C)C,0,0.113090,0.024688,0.007888
C[C@@H]1CN([C@@H](C)CO)C(=O)c2cccc(c2O[C@@H]1CN(C)S(=O)(=O)c1ccc(cc1)F)NS(=O)(=O)C,0,0.068292,0.027450,0.009281
COCC#Cc1ccc2c(c1)O[C@@H](CN(C)S(=O)(=O)C)[C@@H](C)CN([C@@H](C)CO)S2(=O)=O,0,0.038489,0.024563,0.006717
C[C@@H]1CN([C@H](C)CO)C(=O)c2ccccc2-c2ccccc2CO[C@@H]1CN(C)Cc1ccc(cc1)C(F)(F)F,0,0.260926,0.267541,0.374036
C[C@@H]1CCCCO[C@@H](CN(C)C(=O)c2ccccc2)[C@H](C)CN([C@@H](C)CO)C(=O)c2cc(ccc2O1)NC(=O)CCC(F)(F)F,0,0.034500,0.027323,0.008611
C[C@@H]1CN([C@H](C)CO)C(=O)c2cccc(c2O[C@@H]1CN(C)S(=O)(=O)c1ccc(cc1)Cl)NS(=O)(=O)c1c(noc1C)C,0,0.017370,0.026969,0.008379
C[C@@H]1CCCCO[C@H](CN(C)Cc2ccc(cc2)C(F)(F)F)[C@@H](C)CN([C@H](C)CO)C(=O)c2cc(ccc2O1)NC(=O)Nc1c(noc1C)C,0,0.176941,0.034499,0.008739
C[C@@H]1CN([C@H](C)CO)C(=O)c2cc(ccc2O[C@@H]1CN(C)Cc1ccc(cc1)-c1ccccc1)NC(=O)CCC(F)(F)F,0,0.238896,0.065969,0.084534
CC(C)NC(=O)N(C)C[C@@H]1Oc2c(cccc2C(=O)N(C[C@H]1C)[C@@H](C)CO)NC(=O)C1CCOCC1,0,0.067959,0.026923,0.006482
COc1ccc2c3c(n(c2c1)C)[C@H](CO)N(C[C@]13CN(C1)C(=O)CN(C)C)C(=O)CN(C)C,0,0.774617,0.104528,0.055890
CC(C)[C@@H](N(CCCN)C(=O)c1ccc(cc1)C)C1=C(Cc2ccccc2)C(=O)c2ccc(cc2O1)Cl,0,0.148768,0.608351,0.622998
C[C@@H]1CN([C@@H](C)CO)C(=O)c2cc(ccc2O[C@@H]1CN(C)Cc1ccc(cc1)C(F)(F)F)NC(=O)Nc1ccccc1,0,0.245125,0.056340,0.049957
COc1ccc2c3c([nH]c2c1)[C@@H](CO)N(C[C@]13CCN(CC1)CC1CCCC1)S(=O)(=O)c1cn(cn1)C,0,0.190148,0.029093,0.008038
C[C@@H]1CN([C@H](C)CO)C(=O)c2cc(ccc2O[C@@H]1CN(C)Cc1ccc2c(c1)OCO2)NC(=O)C1CC1,0,0.005533,0.026727,0.007508
C[C@H]1CN([C@H](C)CO)C(=O)Cc2cc(ccc2O[C@H]1CN(C)C(=O)Nc1ccccc1)NS(=O)(=O)c1c(noc1C)C,0,0.003432,0.024260,0.003689
C[C@@H]1CN([C@@H](C)CO)C(=O)c2cc(ccc2O[C@@H]1CN(C)C(=O)Nc1c(noc1C)C)NC(=O)CCCN(C)C,0,0.040039,0.023844,0.005551
CC(C)NC(=O)N(C)C[C@H]1Oc2ccc(cc2C(=O)N(C[C@H]1C)[C@@H](C)CO)NS(=O)(=O)c1ccc(cc1)F,0,0.024443,0.025718,0.008954
COc1ccc(cc1)S(=O)(=O)Nc1cccc2c1O[C@@H](CN(C)C(=O)Nc1c(noc1C)C)[C@H](C)CN([C@@H](C)CO)C2=O,0,0.017120,0.024745,0.005114
CNC(=O)[C@H]1C[C@H]2CCN(C[C@H]2O1)S(=O)(=O)N(C)C,0,0.021239,0.244705,0.113848
C[C@@H]1CN([C@@H](C)CO)C(=O)c2cccc(c2O[C@@H]1CN(C)Cc1ccc(cc1)C(=O)Nc1ccccc1N)NC(=O)NC1CCCCC1,0,0.016190,0.024028,0.005864
CCO[C@H]1[C@H]2CC[C@@H]1N(CCO2)C(=O)CS(=O)(=O)C,0,0.007108,0.199775,0.093690
O[C@H]1COC[C@@H]2O[C@H](CC[C@H]2N(C1)S(=O)(=O)c1ccccc1F)CC(=O)NCc1ccccc1F,0,0.458353,0.065625,0.020319
COC(=O)[C@H](Cc1ccccc1)N1CC2=C[C@@H]([C@@H](O)CCn3cc(nn3)CCC(=O)NO)N3N([C@@H]2[C@H](O1)C1CC1)C(=O)N(C)C3=O,0,0.998607,0.536475,0.276012
OCCOc1cccc(c1)[C@@H]1[C@@H](C[C@H]2N1C(=O)[C@@H]1CCCN1C2=O)C(=O)OCCOc1ccc(cc1)[C@@H]1N2[C@H]([C@H](C(=O)OCC=C)[C@@]11C(=O)Nc3ccc(cc31)I)C(=O)O[C@H]([C@H]2c1ccccc1)c1ccccc1,0,0.030899,0.069587,0.009357
C[C@H]1CCCCO[C@@H](CN(C)C(=O)Cc2ccccc2)[C@@H](C)CN([C@H](C)CO)C(=O)c2cc(ccc2O1)NC(=O)Nc1c(noc1C)C,0,0.010772,0.024042,0.004658
COCC#Cc1ccc2c(c1)O[C@H](CN(C)C(=O)COC)[C@H](C)CN([C@@H](C)CO)S2(=O)=O,0,0.084985,0.025244,0.008019
C[C@H]1CN([C@H](C)CO)C(=O)Cc2cc(ccc2O[C@@H]1CN(C)C(=O)Nc1ccc(cc1)C(F)(F)F)NC(=O)Cn1cnnn1,0,0.549391,0.232073,0.214062
C[C@H]1CN([C@@H](C)CO)C(=O)c2cccc(c2O[C@H]1CN(C)C(=O)Nc1c(noc1C)C)NS(=O)(=O)c1ccccc1,0,0.011992,0.024304,0.005524
C[C@@H]1CCCCO[C@@H](CN(C)C(=O)Cc2ccccc2)[C@@H](C)CN([C@@H](C)CO)C(=O)c2cc(ccc2O1)NS(=O)(=O)c1ccc(cc1)C,0,0.000523,0.024250,0.003688
CC(C)CC#Cc1cnc2c(c1)C(=O)N(C[C@@H](C)[C@@H](CN(C)C(=O)Nc1c(noc1C)C)O2)[C@H](C)CO,0,0.100263,0.031372,0.008057
O[C@@H](CNC(=O)[C@@H]1[C@@H]2N([C@H]([C@H](OC2=O)c2ccccc2)c2ccccc2)[C@H](c2ccc(cc2)O)[C@@]11C(=O)Nc2ccc(cc21)C#CC1(O)CCCCCC1)c1ccccc1,0,0.248783,0.122628,0.033562
CC(C)N1C[C@H](C)[C@@H](CN(C)Cc2ccc(cc2)Oc2ccccc2)Oc2c(cccc2C1=O)C(=O)Nc1ccncc1,0,0.002922,0.088108,0.040249
CCOC(=O)n1ncc(c1N)C#N,0,0.141912,0.128674,0.085599
CNC[C@H]1OCCCC[C@@H](C)Oc2ccc(cc2C(=O)N(C[C@@H]1C)[C@H](C)CO)NC(=O)CCCN(C)C,0,0.024508,0.034338,0.006975
CC(=O)NCCCC[C@@H]1NC(=O)[C@H]2C[C@H]([C@H](N2C1=O)c1cccc(c1)OCCO)C(=O)OCCOc1ccc(cc1)[C@@H]1N2[C@H]([C@H](C(=O)OCC=C)[C@@]11C(=O)Nc3ccc(cc31)I)C(=O)O[C@H]([C@H]2c1ccccc1)c1ccccc1,0,0.018760,0.139851,0.027074
C[C@H]1CN([C@H](C)CO)C(=O)c2cccc(c2O[C@@H]1CN(C)S(=O)(=O)c1ccc(cc1)C)NC(=O)c1ccncc1,0,0.006886,0.024175,0.003873
COc1ccc(cc1)S(=O)(=O)N1C[C@H](O)COC[C@@H]2O[C@@H](CC[C@H]21)CC(=O)NCc1ccc(c(c1)Cl)Cl,0,0.561463,0.039217,0.051677
CN([C@H]1C(=O)C(=O)c2ccccc2C1=O)C(=O)C,0,0.951430,0.175897,0.190325
C[C@H]1CCCCO[C@@H](CN(C)C(=O)NC2CCCCC2)[C@@H](C)CN([C@H](C)CO)C(=O)c2cc(ccc2O1)NC(=O)c1ccccc1,0,0.002342,0.023262,0.003904
C[C@H]1CN([C@@H](C)CO)C(=O)Cc2cc(ccc2O[C@H]1CN(C)S(=O)(=O)c1ccccc1)NS(=O)(=O)c1cccs1,0,0.002149,0.024490,0.003934
COc1ccc(cc1)NC(=O)N(C)C[C@@H]1Oc2ccc(cc2CC(=O)N(C[C@@H]1C)[C@@H](C)CO)NS(=O)(=O)C,0,0.012705,0.025741,0.005882
C[C@@H]1CN([C@@H](C)CO)C(=O)Cc2cc(ccc2O[C@@H]1CN(C)S(=O)(=O)c1cccs1)NC(=O)Nc1cccc2ccccc12,0,0.003047,0.024779,0.003858
C[C@H]1CN([C@@H](C)CO)C(=O)Cc2cc(ccc2O[C@@H]1CN(C)C(=O)Nc1ccc(cc1)C(F)(F)F)NC(=O)Nc1cccc2ccccc12,0,0.363724,0.063362,0.030999
CCCC#Cc1cnc2c(c1)C(=O)N(C[C@H](C)[C@H](CN(C)S(=O)(=O)c1cn(cn1)C)O2)[C@H](C)CO,0,0.038118,0.027721,0.005232
CO[C@@H]1CN(C)C(=O)c2cc(ccc2OC[C@H](C)N(C[C@H]1C)Cc1cccc(c1)F)NS(=O)(=O)c1cn(cn1)C,0,0.036679,0.023793,0.004946
OC(=O)C=C(O)C(=O)O,0,0.067992,0.120385,0.060706
COc1ccccc1O,0,0.334275,0.110359,0.044477
C[C@H]1CCCCO[C@@H](CN(C)C(=O)C2CCCCC2)[C@H](C)CN([C@H](C)CO)C(=O)c2cc(ccc2O1)NS(=O)(=O)c1cccs1,0,0.002555,0.024454,0.004477
C[C@@H]1CN([C@@H](C)CO)S(=O)(=O)c2ccc(cc2O[C@@H]1CN(C)C(=O)c1ccc2c(c1)OCO2)C#Cc1ccccc1F,0,0.027542,0.025129,0.004186
COCC(=O)Nc1ccc2c(c1)OC[C@@H](C)N(C[C@@H](C)[C@@H](CN(C)C2=O)OC)Cc1ccccc1OC,0,0.018364,0.031565,0.005915
C[C@H]1CCCCO[C@@H](CN(C)C(=O)OCC=C)[C@H](C)CN([C@@H](C)CO)C(=O)c2cc(ccc2O1)NC(=O)Nc1ccccc1,0,0.129180,0.028797,0.006926
C[C@@H]1CN([C@H](C)CO)C(=O)Cc2cc(ccc2O[C@H]1CN(C)C(=O)Nc1ccc2c(c1)OCO2)NC(=O)Nc1cccc2ccccc12,0,0.008013,0.023384,0.004709
C[C@@H]1CCCCO[C@H](CN(C)Cc2ccc(cc2)C(=O)Nc2ccccc2N)[C@@H](C)CN([C@H](C)CO)C(=O)c2cc(ccc2O1)NS(=O)(=O)c1cccs1,0,0.001147,0.038038,0.003590
C[C@H]1CN([C@H](C)CO)C(=O)Cc2cc(ccc2O[C@@H]1CN(C)S(=O)(=O)c1cn(cn1)C)NC(=O)C1CC1,0,0.005261,0.024217,0.003930
COc1ccc(cc1)S(=O)(=O)Nc1ccc2c(c1)C(=O)N(C[C@H](C)[C@@H](CN(C)CC1CC1)O2)[C@@H](C)CO,0,0.007833,0.024227,0.004994
COCC#Cc1ccc2c(c1)O[C@@H](CN(C)C(=O)CN(C)C)[C@H](C)CN([C@H](C)CO)S2(=O)=O,0,0.276046,0.181519,0.016953
C[C@H]1CN([C@H](C)CO)C(=O)Cc2cc(ccc2O[C@@H]1CN(C)Cc1ccc(cc1)Oc1ccccc1)NS(=O)(=O)c1ccc(cc1)C,0,0.000247,0.024938,0.004278
C[C@@H]1CCCCO[C@H](CN(C)C(=O)NC2CCCCC2)[C@H](C)CN([C@@H](C)CO)C(=O)c2cc(ccc2O1)NC(=O)Nc1cccc2ccccc12,0,0.014311,0.023305,0.003947
COc1ccc(cc1)CNC(=O)c1cc2c(c(n1)-c1cccc(c1)/C=C/C)[C@@H](CCO)N(C2)[S@](=O)C(C)(C)C,0,0.008308,0.073295,0.049937
Cc1ccc(c(c1)C)S(=O)(=O)N,0,0.000001,0.062222,0.011286
CC(C)NC(=O)Nc1cccc2c1O[C@@H](CN(C)Cc1ccc3c(c1)OCO3)[C@@H](C)CN([C@H](C)CO)C2=O,0,0.019740,0.026699,0.008797
C[C@@H]1CN([C@@H](C)CO)C(=O)c2cccc(c2O[C@@H]1CN(C)C(=O)Nc1ccccc1)NC(=O)c1cnccn1,0,0.114682,0.024917,0.007378
NC(=O)CS(=O)C(c1ccccc1)c1ccccc1,0,0.330740,0.181823,0.251143
COc1ccc(cc1)-n1cc(nn1)C(=O)NO,0,0.846892,0.166517,0.094646
CCCCCN(CCCCC)C(=O)C(CCC(=O)[O-])NC(=O)c1ccc(Cl)c(Cl)c1.[Na+],0,0.944018,0.506292,0.798712
COc1ccc(cc1)NC(=O)Nc1ccc2c(c1)C(=O)N(C[C@H](C)[C@@H](CN(C)C(=O)Nc1ccc(cc1)C(F)(F)F)OCCCC[C@@H](C)O2)[C@H](C)CO,0,0.303056,0.023401,0.007961
OC[C@H]1O[C@@H](O[C@H]2[C@@H](O)[C@@H](CO)O[C@@H](O[C@H]3[C@@H](O)[C@@H](O)O[C@@H](CO)[C@@H]3O)[C@@H]2O)[C@@H](O)[C@@H](O)[C@@H]1O,0,0.056360,0.299733,0.179216
COc1ccc(cc1)S(=O)(=O)Nc1ccc2c(c1)C(=O)N(C[C@@H](C)[C@H](CN(C)S(=O)(=O)c1ccccc1)O2)[C@@H](C)CO,0,0.002433,0.024895,0.006140
C[C@H]1CCCCO[C@@H](CN(C)C(=O)Nc2ccccc2)[C@@H](C)CN([C@H](C)CO)C(=O)c2cc(ccc2O1)NC(=O)CCC(F)(F)F,0,0.128839,0.018531,0.010407
COc1ccc(cc1)S(=O)(=O)N[C@@H]1C=C[C@@H](CC(=O)NCCc2ccncc2)O[C@H]1CO,0,0.014160,0.028848,0.007073
C[C@H]1CN([C@H](C)CO)C(=O)c2cc(cnc2O[C@H]1CN(C)S(=O)(=O)c1ccc(cc1)C)C#Cc1cccc(c1)F,0,0.046453,0.026936,0.004506
CN(C)C(=O)c1ccc(cc1)-c1cccc(c1)-c1nc(cc2c1[C@H](CCO)N(C2)[S@@](=O)C(C)(C)C)C(=O)NCc1ccccc1,0,0.003041,0.079514,0.036220
Nc1nc(nc2n(cnc12)[C@@H]1O[C@H](CO)[C@@H](O)[C@H]1O)F,0,0.410340,0.164397,0.115048
C[C@@H]1CCCCO[C@@H](CN(C)C(=O)Nc2ccc(cc2)C(F)(F)F)[C@@H](C)CN([C@H](C)CO)C(=O)c2cc(ccc2O1)NC(=O)Nc1ccc2c(c1)OCO2,0,0.203411,0.037225,0.010976
COc1cc2c(c(c1OC)OC)C1=CC=C(O)C(=O)C=C1[C@H](N)CC2,0,0.928943,0.345040,0.282140
CC(C)NC(=O)N(C)C[C@H]1Oc2cc(ccc2S(=O)(=O)N(C[C@H]1C)[C@H](C)CO)C#Cc1cccc(c1)F,0,0.244178,0.052904,0.009748
C[C@H]1CN([C@@H](C)CO)C(=O)c2cc(ccc2O[C@@H]1CN(C)C(=O)Nc1ccc(cc1)F)NC(=O)Nc1cccc2ccccc12,0,0.106768,0.025055,0.010731
C[C@@H]1CCCCO[C@H](CN(C)C(=O)c2ccccc2)[C@H](C)CN([C@@H](C)CO)C(=O)c2cc(ccc2O1)NS(=O)(=O)c1cccs1,0,0.000569,0.024208,0.003243
C[C@@H]1CN([C@@H](C)CO)C(=O)c2cc(ccc2O[C@@H]1CN(C)Cc1ccc(cc1)C(=O)Nc1ccccc1N)NC(=O)C1CCCCC1,0,0.005006,0.027256,0.006039
CO[C@@H]1CN(C)C(=O)c2ccc(cc2OC[C@@H](C)N(C[C@H]1C)C(=O)C1CCC1)NC(=O)c1cc(on1)C,0,0.004228,0.026371,0.007244
C[C@@H]1CCCCO[C@@H](CN(C)C(=O)Cc2ccccc2)[C@@H](C)CN([C@H](C)CO)C(=O)c2cc(ccc2O1)NC(=O)Nc1ccc(cc1)C(F)(F)F,0,0.190740,0.026671,0.019659
O=C1CCC(C(=O)O)N1,0,0.005264,0.038083,0.017885
Cn1cc(cn1)N1C[C@]2(CCN(C2)S(=O)(=O)C)CC1=O,0,0.013723,0.028509,0.015327
C[C@@H]1CCCCO[C@H](CN(C)C(=O)Nc2ccc3c(c2)OCO3)[C@H](C)CN([C@@H](C)CO)C(=O)c2cc(ccc2O1)NC(=O)Cc1ccccc1,0,0.005511,0.022948,0.003554
C[C@H]1CN([C@H](C)CO)C(=O)c2cccc(c2O[C@@H]1CN(C)Cc1ccc2c(c1)OCO2)NC(=O)c1cc(nn1C)C,0,0.006510,0.026080,0.005153
C[C@@H]1CN([C@H](C)CO)C(=O)Cc2cc(ccc2O[C@H]1CN(C)Cc1ccc(cc1)C(=O)Nc1ccccc1N)NC(=O)Nc1cccc2ccccc12,0,0.003911,0.024285,0.004242
C[C@H]1CN([C@@H](C)CO)C(=O)c2cccc(c2O[C@@H]1CN(C)C(=O)Nc1cccc2ccccc12)NS(=O)(=O)c1ccc(cc1)F,0,0.016295,0.025298,0.008664
CNC(=O)c1ccc2n(nnc2c1)C,0,0.456338,0.039050,0.035808
C[C@@H]1CN([C@@H](C)CO)C(=O)Cc2cc(ccc2O[C@@H]1CN(C)Cc1ccc2c(c1)OCO2)NS(=O)(=O)c1ccccc1,0,0.000393,0.024128,0.003450
C[C@@H]1CN([C@H](C)CO)S(=O)(=O)c2ccc(cc2O[C@@H]1CN(C)C(=O)CN(C)C)C#CC(C)(C)O,0,0.151333,0.190739,0.014066
C[C@H]1CN([C@@H](C)CO)C(=O)c2c(c3ccccc3n2C)-c2ccccc2CO[C@H]1CN(C)CC1CCCCC1,0,0.294329,0.059199,0.020117
C[C@@H]1CCCCO[C@H](CN(C)Cc2ccccc2)[C@@H](C)CN([C@@H](C)CO)C(=O)c2cc(ccc2O1)NS(=O)(=O)c1ccc(cc1)F,0,0.003456,0.024608,0.006383
CN1N=C2CCN(C[C@@]2(Cc2ccccc2)C1=O)C(=O)[C@@H](COCc1ccccc1)NC(=O)C(C)(C)N,0,0.041870,0.077121,0.216330
C[C@@H]1CN([C@@H](C)CO)C(=O)Cc2cc(ccc2O[C@@H]1CN(C)Cc1ccc(cc1)C(=O)O)NC(=O)Cn1cnnn1,0,0.068274,0.028512,0.018029
COc1ccc2c3c([nH]c2c1)[C@H](CO)N(C[C@]13CN(C)C1)C(=O)CN1CCOCC1,0,0.380116,0.122121,0.046873
C[C@@H]1CN([C@@H](C)CO)C(=O)c2cccc(c2O[C@H]1CN(C)Cc1ccc(cc1)-c1ccccc1)NS(=O)(=O)c1ccccc1,0,0.006870,0.035294,0.005910
OC[C@@H](O)[C@@H](O)[C@H](O)[C@H](O)/C=N/NC(=O)CCCCCCC(=O)NO,0,0.001018,0.073369,0.017439
COCC(=O)Nc1ccc2c(c1)C(=O)N(C)[C@H]1CC[C@@H](CC(=O)N3CCc4ccccc4C3)O[C@H]1CO2,0,0.003716,0.029604,0.011387
CN1CCN(CC1)C(=O)C[C@@H]1O[C@H](CO)[C@H](NS(=O)(=O)c2cccc(c2)F)C=C1,0,0.071108,0.032739,0.013179
C[C@@H]1CN([C@@H](C)CO)C(=O)Cc2cc(ccc2O[C@@H]1CN(C)Cc1ccc(cc1)Oc1ccccc1)NC(=O)Nc1ccc2c(c1)OCO2,0,0.004710,0.023650,0.005542
O=C1c2ccccc2C(=O)c2c1ccc(O)c2O,0,0.979389,0.697338,0.681017
C[C@H]1CCCCO[C@H](CN(C)S(=O)(=O)c2ccc(cc2)F)[C@@H](C)CN([C@@H](C)CO)C(=O)c2cc(ccc2O1)NC(=O)c1ccccc1,0,0.001613,0.024250,0.003766
C[C@H]1CCCCO[C@@H](CN(C)C(=O)C2CCCCC2)[C@H](C)CN([C@@H](C)CO)C(=O)c2cc(ccc2O1)NC(=O)Nc1ccc(cc1)C(F)(F)F,0,0.296652,0.170819,0.090214
COc1ccc(cc1)S(=O)(=O)N(C)C[C@H]1OCCCC[C@H](C)Oc2ccc(cc2C(=O)N(C[C@@H]1C)[C@@H](C)CO)NS(=O)(=O)c1cn(cn1)C,0,0.007699,0.024821,0.004431
OCc1ccc(cc1)CO[C@H]1C[C@H](C=C(O1)C(=O)N1CCN(CC1)Cc1ccccc1)c1ccc(cc1)Br,0,0.076265,0.374232,0.143651
C[C@H]1CN([C@@H](C)CO)C(=O)Cc2cc(ccc2O[C@H]1CN(C)S(=O)(=O)c1c(noc1C)C)NS(=O)(=O)c1cn(cn1)C,0,0.011354,0.024293,0.004899
C[C@@H]1CN([C@@H](C)CO)C(=O)Cc2cc(ccc2O[C@@H]1CN(C)C(=O)Nc1cccc2ccccc12)NC(=O)C1CCCCC1,0,0.015521,0.036902,0.010512
COc1ccc(cc1)NC(=O)N1C[C@@H](O)COC[C@@H]2O[C@@H](CC[C@H]21)CC(=O)NCc1ccccc1OC,0,0.486086,0.200387,0.127743
OC[C@@H]1O[C@@H](C[C@@H]2[C@H]1Oc1ccc(cc12)NS(=O)(=O)c1ccccc1)CC(=O)NC1CCCCC1,0,0.001665,0.032370,0.006650
COc1cccc(c1)C#Cc1ccc2c(c1)O[C@@H](CN(C)C(=O)CN1CCOCC1)[C@H](C)CN([C@H](C)CO)S2(=O)=O,0,0.028953,0.031782,0.006502
C[C@H]1CCCCO[C@H](CN(C)S(=O)(=O)c2c(noc2C)C)[C@@H](C)CN([C@@H](C)CO)C(=O)c2cc(ccc2O1)N(C)C,0,0.004587,0.024577,0.005890
COc1ccc(cc1)NC(=O)Nc1ccc2c(c1)C(=O)N(C[C@@H](C)[C@H](CN(C)C(=O)c1ccccc1)OCCCC[C@@H](C)O2)[C@H](C)CO,0,0.003291,0.023282,0.003416
OC[C@@H]1O[C@@H](CCNC(=O)C2CCCCC2)CC[C@@H]1NC(=O)CN1CCOCC1,0,0.042158,0.034585,0.028178
NC1=N[C@H]2CS[C@@H](CCCCC(=O)O)[C@H]2N1,0,0.000183,0.095294,0.021732
C[C@@H]1CCCCO[C@H](CN(C)CC2CCCCC2)[C@@H](C)CN([C@@H](C)CO)C(=O)c2cc(ccc2O1)NS(=O)(=O)c1c(noc1C)C,0,0.008155,0.025611,0.007570
C[C@@H]1CN([C@@H](C)CO)C(=O)c2cc(ccc2O[C@H]1CN(C)S(=O)(=O)c1cccs1)NS(=O)(=O)c1c(noc1C)C,0,0.001438,0.024445,0.006260
CCOc1ccc(cc1)S(=O)(=O)N,0,0.000001,0.054708,0.012918
COc1ccccc1OCCNCC(O)COc1cccc2[nH]c3ccccc3c12.O=P(O)(O)O,0,0.007637,0.609313,0.226320
COCC(=O)N1C[C@H]2NCc3ccccc3[C@H]2C1,0,0.046979,0.100391,0.068306
CNC(=O)[C@H]1C[C@@H]2CCN(C[C@H]2O1)C(=O)N(C)C,0,0.155790,0.036794,0.015989
CC(C)NC(=O)Nc1cccc2c1O[C@H](CN(C)Cc1ccc(cc1)C(=O)O)[C@H](C)CN([C@@H](C)CO)C2=O,0,0.166554,0.031937,0.020403
C[C@H]1CN([C@@H](C)CO)C(=O)c2cc(ccc2O[C@H]1CN(C)S(=O)(=O)c1cn(cn1)C)NS(=O)(=O)c1ccc(cc1)F,0,0.006560,0.025993,0.008118
C[C@H]1CCCCO[C@H](CN(C)C(=O)Cc2ccccc2)[C@@H](C)CN([C@H](C)CO)C(=O)c2cc(ccc2O1)NC(=O)Nc1ccccc1,0,0.005954,0.023146,0.004612
C[C@@H]1CN([C@@H](C)CO)C(=O)c2c(c3ccccc3n2C)-c2ccccc2CO[C@H]1CN(C)Cc1cccc(c1)O,0,0.045475,0.047383,0.024656
OC[C@@H](O)[C@@H](O[C@@H]1O[C@H](CO)[C@H](O)[C@H](O)[C@H]1O)[C@H](O)[C@@H](O)/C=N/NC(=O)CCCCCC(=O)NO,0,0.016028,0.067503,0.049587
C[C@H]1CCCCO[C@H](CN(C)S(=O)(=O)c2ccc(cc2)Cl)[C@@H](C)CN([C@@H](C)CO)C(=O)c2cc(ccc2O1)NS(=O)(=O)c1ccc(cc1)F,0,0.006437,0.025975,0.006146
C[C@H]1CN([C@H](C)CO)S(=O)(=O)c2ccc(cc2O[C@@H]1CN(C)S(=O)(=O)c1ccc(cc1)C)C#Cc1ccccc1,0,0.023801,0.047914,0.008343
CN(C)C(=O)[C@H]1C[C@@H]2CCN(C[C@H]2O1)S(=O)(=O)C,0,0.009837,0.041625,0.013252
COc1ccc(cc1OC)/C=C/C(=CC(=O)/C=C/c1ccc(c(c1)OC)OC)O,0,0.743028,0.316691,0.163274
C[C@@H]1CN([C@H](C)CO)C(=O)Cc2cc(ccc2O[C@H]1CN(C)Cc1ccc(cc1)-c1ccccc1)NC(=O)Nc1c(noc1C)C,0,0.128091,0.031932,0.008973
C[C@@H]1CN([C@@H](C)CO)C(=O)Cc2cc(ccc2O[C@@H]1CN(C)S(=O)(=O)c1ccc(cc1)C)NS(=O)(=O)c1ccccc1,0,0.000803,0.024238,0.004389
Cc1cc(O)c2c(c1)C(=O)c1c(c(O)cc(O)c1-c1c(O)cc(O)c3c1C(=O)c1cc(C)cc(O)c1C3=O)C2=O,0,0.999703,0.664457,0.448106
Cn1cnc(c1)S(=O)(=O)N1C[C@H](O)COC[C@@H]2O[C@@H](CC[C@H]21)CC(=O)NCc1ccc(cc1)F,0,0.399767,0.028564,0.011100
C[C@H]1CN([C@H](C)CO)C(=O)c2cccc(c2O[C@@H]1CN(C)C(=O)Nc1c(noc1C)C)NC(=O)C1CC1,0,0.056825,0.028167,0.008941
CC(C)NC(=O)Nc1ccc2c(c1)C(=O)N(C[C@H](C)[C@H](CN(C)Cc1ccccc1)OCCCC[C@@H](C)O2)[C@H](C)CO,0,0.019561,0.030051,0.010502
C[C@@H]1CN([C@H](C)CO)C(=O)Cc2cc(ccc2O[C@H]1CN(C)CC1CC1)NS(=O)(=O)c1ccc(cc1)C,0,0.004347,0.026175,0.004856
CC(=O)N1CCC(N)CC1,0,0.013770,0.024429,0.006402
CN1CCN(CCO)C(=O)C21CCN(CC2)S(=O)(=O)C1CC1,0,0.077670,0.320524,0.024064
COc1ccc(cc1)CN(C)C[C@H]1Oc2c(cccc2C(=O)N(C[C@@H]1C)[C@H](C)CO)NS(=O)(=O)c1cn(cn1)C,0,0.033336,0.024465,0.004103
CO[C@H]1CN(C)C(=O)c2ccc(cc2OC[C@H](C)N(C[C@@H]1C)Cc1cccnc1)NS(=O)(=O)CC(F)(F)F,0,0.032250,0.027209,0.012733
C1CNCCN1,0,0.002105,0.085735,0.025924
C[C@H]1CN([C@@H](C)CO)C(=O)c2cc(cnc2O[C@H]1CN(C)C(=O)c1cnccn1)C#CCC1CCCC1,0,0.056412,0.027347,0.006999
COc1ccc(cc1)S(=O)(=O)Nc1cccc2c1O[C@H](CN(C)S(=O)(=O)c1ccc(cc1)C)[C@@H](C)CN([C@@H](C)CO)C2=O,0,0.006557,0.025658,0.007405
CCCCCc1c2c(cc(O)c1C(=O)O)OC(=O)c1c(cc(OC)cc1C(=O)CCCC)O2,1,0.059689,0.803914,0.776191
C[C@@H]1CCCCO[C@@H](CN(C)CC2CCCCC2)[C@@H](C)CN([C@H](C)CO)C(=O)c2cc(ccc2O1)NS(=O)(=O)c1cccs1,0,0.014527,0.024515,0.004878
C[C@@H]1CCCCO[C@@H](CN(C)Cc2ccccc2)[C@@H](C)CN([C@H](C)CO)C(=O)c2cc(ccc2O1)NC(=O)C1CCCCC1,0,0.020345,0.025794,0.009723
C[C@H]1CN([C@H](C)CO)C(=O)c2cc(ccc2O[C@@H]1CN(C)C(=O)Nc1ccc(cc1)C(F)(F)F)NC(=O)Nc1cccc2ccccc12,0,0.581564,0.247269,0.192330
C[C@@H]1CCCCO[C@H](CN(C)C(=O)C2CCCCC2)[C@@H](C)CN([C@H](C)CO)C(=O)c2cc(ccc2O1)NS(=O)(=O)c1cccs1,0,0.002555,0.024454,0.004477
C[C@@H]1CN([C@@H](C)CO)C(=O)Cc2cc(ccc2O[C@@H]1CN(C)Cc1ccc(cc1)C(F)(F)F)NC(=O)Nc1cccc2ccccc12,0,0.133079,0.038212,0.019299
C[C@H]1CN([C@@H](C)CO)C(=O)c2cc(cnc2O[C@H]1CN(C)C(=O)Cc1ccccn1)-c1ccc(cc1)F,0,0.010574,0.023656,0.007172
C[C@H]1CCCCO[C@H](CN(C)S(=O)(=O)C)[C@@H](C)CN([C@H](C)CO)C(=O)c2cc(ccc2O1)NS(=O)(=O)C,0,0.005723,0.024892,0.005828
CN(C)CC#Cc1ccc(cc1)[C@@H]1[C@H](CO)N2CCCCN(C[C@@H]12)C(=O)CN(C)C,0,0.986956,0.059477,0.067192
C[C@H]1CN([C@@H](C)CO)C(=O)c2cccc(c2O[C@H]1CN(C)S(=O)(=O)c1ccc(cc1)Cl)NC(=O)c1ccc(cc1)-c1nccs1,0,0.027964,0.026594,0.005507
O=C1O[C@H]2CN[C@@H]1C2,0,0.001533,0.026189,0.009106
COC(=O)[C@H]1CN(C(C)C)C(=O)C1,0,0.000948,0.030101,0.011509
OC(=O)CCC(=O)N[C@H]1CCCCNC1=O,0,0.008338,0.032301,0.012422
COc1ccc(cc1)CN(C)C[C@@H]1OCCCC[C@@H](C)Oc2ccc(cc2C(=O)N(C[C@@H]1C)[C@@H](C)CO)NC(=O)Nc1ccccc1,0,0.024279,0.023045,0.004186
CN(C)/C=N/S(=O)(=O)c1c(noc1C)C,0,0.001357,0.051131,0.009119
Cc1ccc(cc1)S(=O)(=O)N1C[C@@H](O)COC[C@@H]2O[C@@H](CC[C@H]21)CC(=O)N1CCc2ccccc2C1,0,0.042906,0.048394,0.013542
COc1ccc(cc1)NC(=O)Nc1ccc2c(c1)C(=O)N(C[C@H](C)[C@H](CN(C)S(=O)(=O)c1cccs1)OCCCC[C@@H](C)O2)[C@@H](C)CO,0,0.002447,0.024544,0.003911
C[C@@H]1CN([C@H](C)CO)C(=O)c2cccc(c2O[C@H]1CN(C)S(=O)(=O)c1ccc(cc1)C)NC(=O)Nc1ccc(cc1)C(F)(F)F,0,0.579152,0.051043,0.027814
O[C@@H]1COC[C@@H]2O[C@H](CC[C@H]2N(C1)S(=O)(=O)c1ccccc1Cl)CC(=O)NCc1ccccc1Cl,0,0.543686,0.120852,0.051948
CC(C)NC(=O)N(C)C[C@H]1Oc2c(cccc2C(=O)N(C[C@@H]1C)[C@H](C)CO)NS(=O)(=O)c1ccc(cc1)F,0,0.040360,0.032345,0.013942
C[C@@H]1CN([C@H](C)CO)C(=O)c2cc(ccc2O[C@@H]1CN(C)S(=O)(=O)c1ccc(cc1)C)NS(=O)(=O)c1ccc(cc1)F,0,0.006143,0.024388,0.007000
CNC(=O)CN1C(=O)N(C)c2nccc(c2C1=O)N1CCN(CC1)C(=O)C1CC1,0,0.433206,0.098718,0.096335
C[C@@H]1CN([C@H](C)CO)C(=O)c2cccc(c2O[C@H]1CN(C)Cc1ccc(cc1)C(F)(F)F)NC(=O)Nc1ccc(cc1)C(F)(F)F,0,0.966061,0.335682,0.197126
CN1[C@@H]2CC[C@@H](CC(=O)NCc3ccccc3F)O[C@H]2COc2ccc(cc2C1=O)NC(=O)C1CCOCC1,0,0.019327,0.027169,0.007244
C[C@@H]1CN([C@@H](C)CO)C(=O)CCCn2nncc2CO[C@@H]1CN(C)C(=O)Nc1ccc(cc1)C(C)(C)C,0,0.227440,0.047158,0.024754
CC=CC1=CC=C2[C@H]3[C@@H](CN2C1=O)[C@H](CO)[C@H](N3S(=O)(=O)C)C(=O)NC1CCC1,0,0.005175,0.030433,0.015103
C[C@@]1(F)[C@H](O)[C@@H](CO)O[C@H]1N1C=CC(=NC1=O)N,0,0.240945,0.189973,0.262537
C[C@@H]1CCCCO[C@H](CN(C)Cc2ccncc2)[C@H](C)CN([C@@H](C)CO)C(=O)c2cc(ccc2O1)NS(=O)(=O)c1ccc(cc1)C,0,0.001009,0.024845,0.003985
COc1ccc(cc1)[Si](C)(C)[C@@H]1[C@@H](C)[C@@]2(O[C@H]1CC(=O)N1CCC[C@H]1CO)C(=O)N(Cc1cccc(c1)N1C(=O)c3cccc4cccc1c34)c1ccccc12,0,0.000588,0.081748,0.019437
C[C@@H]1CN([C@H](C)CO)C(=O)c2cccc(c2O[C@@H]1CN(C)S(=O)(=O)c1ccc(cc1)C)NC(=O)Nc1cccc2ccccc12,0,0.021822,0.024810,0.005132
Cc1cc(cc(c1)S(=O)(=O)N)C(=O)O,0,0.000010,0.055277,0.019305
C[C@@H]1CN([C@@H](C)CO)C(=O)c2cc(ccc2O[C@H]1CN(C)Cc1ccncc1)NS(=O)(=O)c1ccc(cc1)F,0,0.002575,0.025480,0.005535
C[C@H]1CN([C@@H](C)CO)C(=O)c2cccc(c2O[C@@H]1CN(C)Cc1ccc2c(c1)OCO2)NC(=O)c1cc(nn1C)C,0,0.006510,0.026080,0.005153
Cl.NCCc1ccc(O)c(O)c1,0,0.792624,0.294294,0.190593
C1COC2(CN1)CNC2,0,0.210424,0.056024,0.018010
C[C@@H]1CN([C@H](C)CO)C(=O)Cc2cc(ccc2O[C@@H]1CN(C)Cc1ccc(cc1)Oc1ccccc1)NC(=O)NC1CCCCC1,0,0.015427,0.029582,0.013687
CC12CCC(=O)C=C1CCC1C2CCC2(C)C1CCC2(O)C(=O)CO,0,0.521421,0.095526,0.128411
CC12C=CC(=O)C=C1CCC1C3CC(O)C(O)(C(=O)CO)C3(C)CC(O)C12F,0,0.059580,0.230044,0.147497
C[C@H]1CN([C@H](C)CO)C(=O)c2cccc(c2O[C@H]1CN(C)Cc1ccc(cc1)Oc1ccccc1)NC(=O)CCCCCC(=O)Nc1ccccc1N,0,0.003130,0.025169,0.005824
C[C@H]1CN([C@@H](C)CO)C(=O)Cc2cc(ccc2O[C@H]1CN(C)Cc1ccc(cc1)-c1ccccc1)NS(=O)(=O)c1cccs1,0,0.008977,0.030777,0.004816
C[C@@H]1CN([C@H](C)CO)C(=O)c2cc(ccc2O[C@@H]1CN(C)S(=O)(=O)c1ccccc1)NS(=O)(=O)C,0,0.015987,0.024706,0.007206
COc1ccc(cc1)C(=O)Nc1ccc(cc1)CN1C(=O)[C@]2(O[C@H](CC(=O)N(CCO)Cc3ccccc3)[C@H]([C@@H]2C)[Si](C)(C)c2ccc(cc2)OC)c2ccccc21,0,0.004685,0.073404,0.010684
O=C(CN1CCNCC1)NC1CCCCC1,0,0.066717,0.124983,0.067732
C[C@H]1CN([C@@H](C)CO)C(=O)c2cc(cnc2O[C@H]1CN(C)C(=O)CN1CCOCC1)-c1cncnc1,0,0.007171,0.025248,0.005625
C[C@H]1CN([C@H](C)CO)C(=O)Cc2cc(ccc2O[C@H]1CN(C)Cc1ccc(cc1)C(F)(F)F)NC(=O)Cc1cn(c2ccccc12)C,0,0.129402,0.030854,0.008326
COCC(=O)Nc1ccc2c(c1)[C@@H]1C[C@H](CC(=O)N3CCOCC3)O[C@H](CO)[C@@H]1O2,0,0.015462,0.021631,0.013513
C[C@H]1CCCCO[C@@H](CN(C)Cc2ccc3c(c2)OCO3)[C@@H](C)CN([C@@H](C)CO)C(=O)c2cc(ccc2O1)NC(=O)C1CCCCC1,0,0.009977,0.026519,0.006114
C[C@@H]1CN([C@@H](C)CO)C(=O)c2cccc(c2O[C@@H]1CN(C)C(=O)Nc1c(noc1C)C)NS(=O)(=O)C,0,0.098686,0.023847,0.006418
C[C@H]1CCCCO[C@H](CN(C)Cc2ccccc2)[C@@H](C)CN([C@H](C)CO)C(=O)c2cc(ccc2O1)NC(=O)Nc1ccccc1,0,0.018856,0.023052,0.007498
C[C@H]1CCCCO[C@@H](CN(C)Cc2ccc(cc2)C(F)(F)F)[C@@H](C)CN([C@@H](C)CO)C(=O)c2cc(ccc2O1)NC(=O)Cc1ccccc1,0,0.074117,0.031578,0.011512
CN(C)C1C(O)=C(C(N)=O)C(=O)C2(O)C(O)=C3C(=O)c4c(O)ccc(Cl)c4C(C)(O)C3CC12.Cl,0,0.992971,0.877439,0.885257
NNC(=S)Nc1ccccc1,0,0.882557,0.087896,0.095061
OC[C@@H]1O[C@H](C[C@@H]2[C@H]1Oc1ccc(cc12)NC(=O)Cc1ccncc1)CC(=O)NCCc1ccccc1,0,0.018350,0.036212,0.019440
COc1ccc(cc1)S(=O)(=O)Nc1ccc2c(c1)C(=O)N(C[C@@H](C)[C@H](CN(C)Cc1ccc3c(c1)OCO3)OCCCC[C@H](C)O2)[C@H](C)CO,0,0.000556,0.024786,0.003554
CN1CCN(CC1)C(=O)C[C@@H]1CC[C@@H]2[C@@H](COc3ccc(cc3C(=O)N2C)NC(=O)c2cccs2)O1,0,0.045669,0.023250,0.013010
C[C@@H]1CCCCO[C@H](CN(C)Cc2ccc(cc2)C(F)(F)F)[C@@H](C)CN([C@H](C)CO)C(=O)c2cc(ccc2O1)NC(=O)C1CCCCC1,0,0.124634,0.037012,0.021373
COCC(=O)Nc1ccc2c(c1)C(=O)N(C)C[C@@H](OC)[C@@H](C)CN([C@H](C)CO2)C(=O)Cc1ccccn1,0,0.002533,0.023377,0.004300
COc1ccc(cc1)NC(=O)N1C[C@]2(C1)CN([C@@H](CO)c1[nH]c3cc(ccc3c12)OC)C(=O)CN1CCOCC1,0,0.074920,0.058550,0.046909
COc1ccc(cc1)S(=O)(=O)Nc1ccc2c(c1)C(=O)N(C[C@H](C)[C@H](CN(C)S(=O)(=O)c1cn(cn1)C)OCCCC[C@@H](C)O2)[C@H](C)CO,0,0.001300,0.024823,0.005338
CC(C)NC(=O)N(C)C[C@H]1Oc2ccc(cc2C(=O)N(C[C@@H]1C)[C@H](C)CO)NS(=O)(=O)c1cn(cn1)C,0,0.082997,0.023720,0.006297
OCCCN1C(=O)Nc2ccccc2C1=O,0,0.229618,0.076083,0.117320
C=C1CC=C(C)CCC2C1CC2(C)C,0,0.375940,0.110762,0.031687
C[C@H]1CCCCO[C@H](CN(C)C(=O)Cc2ccccc2)[C@H](C)CN([C@H](C)CO)C(=O)c2cc(ccc2O1)NC(=O)Cc1ccccc1,0,0.001142,0.022882,0.004481
C[C@@H]1CCCCO[C@H](CN(C)C(=O)Cc2ccccc2)[C@@H](C)CN([C@H](C)CO)C(=O)c2cc(ccc2O1)NC(=O)CCC(F)(F)F,0,0.042996,0.024548,0.010727
COc1ccc(cc1)CN(C)C[C@H]1OCCCC[C@H](C)Oc2ccc(cc2C(=O)N(C[C@H]1C)[C@@H](C)CO)NC(=O)Nc1ccccc1,0,0.024279,0.023045,0.004186
C[C@H]1CN([C@H](C)CO)C(=O)Cc2cc(ccc2O[C@@H]1CN(C)S(=O)(=O)c1cccs1)NC(=O)Nc1c(noc1C)C,0,0.004818,0.024508,0.005291
C[C@H]1CCCCO[C@H](CN(C)S(=O)(=O)c2cn(cn2)C)[C@H](C)CN([C@@H](C)CO)C(=O)c2cc(ccc2O1)NC(=O)CCCN(C)C,0,0.004024,0.024460,0.003638
C[C@@H]1CCCCO[C@@H](CN(C)C(=O)NC2CCCCC2)[C@H](C)CN([C@H](C)CO)C(=O)c2cc(ccc2O1)NS(=O)(=O)c1ccccc1,0,0.001505,0.024262,0.003639
C[C@@H]1CN([C@H](C)CO)C(=O)c2cccc(c2O[C@H]1CN(C)Cc1ccc(cc1)C(=O)O)NS(=O)(=O)C,0,0.117586,0.028378,0.005119
CN(C)CC(=O)N1[C@@H]2CN3C(=O)C(=CC=C3[C@H]1[C@H]([C@@H]2CO)C(=O)NCC1CC1)C1=CCCC1,0,0.053244,0.045553,0.023110
C[C@@H]1CN([C@H](C)CO)C(=O)Cc2cc(ccc2O[C@H]1CN(C)Cc1ccc(cc1)C(F)(F)F)NC(=O)NC1CCCCC1,0,0.203070,0.110261,0.042512
C[C@@H]1CN([C@@H](C)CO)C(=O)Cc2cc(ccc2O[C@@H]1CN(C)C(=O)Nc1ccccc1)NC(=O)C1CC1,0,0.027907,0.029410,0.009338
C[C@@H]1CN([C@@H](C)CO)C(=O)c2cc(cnc2O[C@H]1CN(C)S(=O)(=O)c1ccc(cc1)F)-c1ccncc1,0,0.009186,0.024675,0.004583
C/C(=C\c1ccccc1OC[C@H]1[C@@H](O)CC[C@H]2CN3CCc4c([nH]c5ccccc45)[C@@H]3C[C@@H]21)/C=C/C(=O)NO,0,0.268009,0.295918,0.173534
C[C@@H]1CCCCO[C@@H](CN(C)Cc2ccc(c(c2)Cl)Cl)[C@@H](C)CN([C@H](C)CO)C(=O)c2cc(ccc2O1)NS(=O)(=O)c1c(noc1C)C,0,0.014882,0.025109,0.005949
COc1cccc(c1)C#Cc1ccc2c(c1)O[C@@H](CN(C)C(=O)C)[C@@H](C)CN([C@@H](C)CO)S2(=O)=O,0,0.039539,0.030595,0.008490
CC(CCC(=O)O)C1CCC2C3CC(O)C4CC(O)CCC4(C)C3CCC12C,0,0.365154,0.137415,0.143544
C[C@H]1CN([C@H](C)CO)S(=O)(=O)c2ccc(cc2O[C@@H]1CN(C)Cc1ccc(cc1)F)Br,0,0.211445,0.037212,0.007562
C[C@@H]1CN([C@@H](C)CO)C(=O)c2cc(ccc2O[C@@H]1CN(C)S(=O)(=O)c1cn(cn1)C)NC(=O)CCCN(C)C,0,0.012774,0.024235,0.004547
C[C@H]1CN([C@H](C)CO)C(=O)c2cccc(c2O[C@H]1CN(C)Cc1ccc(cc1)C(=O)Nc1ccccc1N)NC(=O)Nc1ccccc1,0,0.020308,0.025457,0.005562
C[C@@H]1CN([C@@H](C)CO)C(=O)CCCn2nncc2CO[C@@H]1CN(C)C(=O)Nc1ccc(cc1)N1CCN(C)CC1,0,0.222021,0.031191,0.013455
C[C@@H]1CN([C@H](C)CO)S(=O)(=O)c2ccc(cc2O[C@H]1CN(C)C(=O)C1CCC1)C#Cc1ccncc1,0,0.033877,0.029006,0.008891
COc1cc(ccc1NC(=O)[C@@H]1N[C@@H](CC(C)(C)C)[C@@](C#N)([C@H]1c1cccc(c1F)Cl)c1ccc(cc1F)Cl)C(=O)O,0,0.998407,0.624821,0.701400
CCNC(=O)N1CCCC[C@@H]1CO,0,0.011789,0.026144,0.011303
C[C@H]1CN([C@@H](C)CO)C(=O)c2cccc(c2O[C@@H]1CN(C)C(=O)NC1CCCCC1)NC(=O)Nc1cccc2ccccc12,0,0.065699,0.032179,0.011783
C[C@H]1CN([C@@H](C)CO)C(=O)c2cccc(c2O[C@H]1CN(C)C(=O)Nc1cccc2ccccc12)NC(=O)c1nc2ccccc2s1,0,0.013971,0.031985,0.009285
C[C@H]1CCCCO[C@@H](CN(C)C(=O)NC2CCCCC2)[C@@H](C)CN([C@@H](C)CO)C(=O)c2cc(ccc2O1)NS(=O)(=O)c1ccc(cc1)C,0,0.002427,0.024262,0.003664
COc1ccc(cc1)NC(=O)Nc1ccc2c(c1)C(=O)N(C[C@@H](C)[C@H](CN(C)CC1CCCCC1)OCCCC[C@@H](C)O2)[C@H](C)CO,0,0.071651,0.025272,0.007750
CNC[C@H]1OCCCC[C@@H](C)Oc2ccc(cc2C(=O)N(C[C@@H]1C)[C@@H](C)CO)NC(=O)Nc1cccc2ccccc12,0,0.052104,0.037707,0.013333
COc1ccc2c3c(n(c2c1)C)[C@@H](CO)N(CC1CCOCC1)C[C@]13CCN(CC1)C(=O)c1cnccn1,0,0.497101,0.077920,0.043909
COCC(=O)Nc1ccc2c(c1)C(=O)N(C)C[C@H](OC)[C@H](C)CN([C@@H](C)CO2)C(=O)c1ccccc1F,0,0.061115,0.026388,0.017727
CC(C)NC(=O)Nc1ccc2c(c1)CC(=O)N(C[C@H](C)[C@H](CN(C)C(=O)Nc1c(noc1C)C)O2)[C@H](C)CO,0,0.046822,0.036539,0.009650
C[N+](C)(C)CCCl,0,0.003839,0.080528,0.053765
CCCC#Cc1cnc2c(c1)C(=O)N(C[C@@H](C)[C@@H](CN(C)S(=O)(=O)c1cn(cn1)C)O2)[C@H](C)CO,0,0.038118,0.027721,0.005232
C[C@H]1CCCCO[C@H](CN(C)Cc2ccc3c(c2)OCO3)[C@H](C)CN([C@@H](C)CO)C(=O)c2cc(ccc2O1)NC(=O)Nc1cccc2ccccc12,0,0.006829,0.027946,0.005434
C[C@H]1CN([C@@H](C)CO)C(=O)c2cc(ccc2O[C@@H]1CN(C)S(=O)(=O)C)NC(=O)Nc1ccc2c(c1)OCO2,0,0.012583,0.024265,0.006139
C[C@H]1CN([C@H](C)CO)S(=O)(=O)c2ccc(cc2O[C@@H]1CN(C)S(=O)(=O)c1ccccc1)Br,0,0.048431,0.033432,0.008182
OCCCCCCN1[C@@H](C(=O)N(CC=C)Cc2ccccc2)[C@@]23O[C@@H](C=C2)[C@H]([C@H]3C1=O)C(=O)OCC=C,0,0.297287,0.066837,0.059342
COc1ccc(cc1)S(=O)(=O)Nc1ccc2c(c1)C(=O)N(C[C@H](C)[C@@H](CN(C)S(=O)(=O)c1cn(cn1)C)OCCCC[C@H](C)O2)[C@@H](C)CO,0,0.001300,0.024823,0.005338
CC[C@@H](O)C[C@H]1CC[C@@H](O1)[C@@H](C)C(=O)O[C@@H](C)C[C@H]1CC[C@@H](O1)[C@@H](C)C(=O)O[C@@H](C)C[C@H]1CC[C@@H](O1)[C@@H](C)C(=O)O[C@@H](C)C[C@H]1CC[C@@H](O1)[C@@H](C)C(=O)O,0,0.000826,0.540419,0.423103
C[C@@H]1CCCCO[C@H](CN(C)CC2CCCCC2)[C@H](C)CN([C@@H](C)CO)C(=O)c2cc(ccc2O1)NS(=O)(=O)c1ccccc1,0,0.004866,0.024647,0.005577
C[C@@H]1CCCCO[C@@H](CN(C)S(=O)(=O)c2c(noc2C)C)[C@@H](C)CN([C@@H](C)CO)C(=O)c2cc(ccc2O1)NC(=O)Nc1ccccc1,0,0.008098,0.024313,0.003921
CC(C)NC(=O)N(C)C[C@H]1Oc2ccc(cc2C(=O)N(C[C@@H]1C)[C@H](C)CO)NC(=O)CCC(F)(F)F,0,0.287970,0.222420,0.121740
C[C@@H]1CN([C@H](C)CO)C(=O)c2cccc(c2O[C@@H]1CN(C)S(=O)(=O)c1ccc(cc1)F)NS(=O)(=O)c1ccc(cc1)C,0,0.012728,0.024628,0.007168
C[C@H]1CN([C@H](C)CO)C(=O)Cc2cc(ccc2O[C@H]1CN(C)S(=O)(=O)c1cn(cn1)C)NS(=O)(=O)c1ccc(cc1)Cl,0,0.005248,0.024738,0.005269
NC(=O)N1C[C@@H](CN2N=CC=CC2=O)Cn2ccnc2C1,0,0.012266,0.100681,0.068012
C[C@@H](Cc1c[nH]c2ccccc12)NC(=O)CN,0,0.589383,0.041049,0.036851
C[C@@H]1CN([C@H](C)CO)C(=O)Cc2cc(ccc2O[C@H]1CN(C)Cc1ccc(cc1)-c1ccccc1)NC(=O)Nc1ccc2c(c1)OCO2,0,0.045135,0.029255,0.006289
COC[C@@H](C)Nc1ncnc2nc[nH]c12,0,0.410843,0.045991,0.031448
Cn1cnc(c1)CCNC(=O)C[C@H]1CC[C@@H]2[C@H](COC[C@@H](O)CN2C(=O)Nc2ccc(cc2)Cl)O1,0,0.935938,0.765121,0.634270
C[C@H]1CN([C@H](C)CO)C(=O)c2cccc(c2O[C@@H]1CN(C)C(=O)Nc1ccccc1)NC(=O)C1CCOCC1,0,0.056399,0.027000,0.007697
C[C@H]1CN([C@@H](C)CO)C(=O)Cc2cc(ccc2O[C@@H]1CN(C)Cc1ccc(cc1)C(F)(F)F)NC(=O)Cc1cn(c2ccccc12)C,0,0.129402,0.030854,0.008326
C[C@@H]1CN([C@H](C)CO)C(=O)c2cccc(c2O[C@@H]1CN(C)S(=O)(=O)c1ccc(cc1)C)NC(=O)c1cc(nn1C)C,0,0.014848,0.024838,0.004541
CC(C)(C)[C@H]1CCc2c(sc3nc(cn23)-c2ccccc2)C1,0,0.629390,0.352238,0.277445
C[C@H]1CN([C@H](C)CO)C(=O)c2cc(ccc2O[C@H]1CN(C)S(=O)(=O)c1cn(cn1)C)NS(=O)(=O)c1c(noc1C)C,0,0.003550,0.024760,0.006561
OCCCOc1ccc(cc1)C1=N[C@@](Cc2ccccc2)([C@@H](O1)c1ccccc1N=[N+]=[N-])C(=O)NC[C@@H](O)CO,0,0.444886,0.050231,0.032563
N[C@H]([C@@H](O)[C@H](O)[C@H](O)CO)C(=O)O,0,0.000692,0.067318,0.014475
FC(F)(Cl)C(F)(F)Cl,0,0.120061,0.415193,0.122680
C[C@@H]1CCCCO[C@H](CN(C)C(=O)Cc2ccccc2)[C@H](C)CN([C@@H](C)CO)C(=O)c2cc(ccc2O1)NC(=O)CCC(F)(F)F,0,0.042996,0.024548,0.010727
C[C@H]1CN([C@@H](C)CO)C(=O)c2cccc(c2O[C@@H]1CN(C)C(=O)Nc1ccc(cc1)C(F)(F)F)NS(=O)(=O)c1ccc(cc1)F,0,0.417221,0.239253,0.052892
C[C@@H]1CCCCO[C@H](CN(C)S(=O)(=O)c2ccc(cc2)F)[C@@H](C)CN([C@@H](C)CO)C(=O)c2cc(ccc2O1)NC(=O)Cc1ccccc1,0,0.003010,0.024500,0.004751
COc1ccc(cc1)S(=O)(=O)N(C)C[C@H]1OCCCC[C@H](C)Oc2ccc(cc2C(=O)N(C[C@H]1C)[C@H](C)CO)NC(=O)CCC(F)(F)F,0,0.027896,0.024905,0.006989
CNC[C@@H]1OCCCC[C@H](C)Oc2ccc(cc2C(=O)N(C[C@@H]1C)[C@H](C)CO)NC(=O)c1ccncc1,0,0.008240,0.024496,0.005176
CO[C@@H]1CN(C)C(=O)c2ccc(cc2OC[C@@H](C)N(C[C@H]1C)Cc1ccc(cc1)-c1ccccn1)NC(=O)NC(C)C,0,0.030932,0.040996,0.011531
COc1ccc(cc1)NC(=O)Nc1ccc2c(c1)C(=O)N(C[C@H](C)[C@H](CN(C)Cc1ccc(c(c1)Cl)Cl)OCCCC[C@@H](C)O2)[C@H](C)CO,0,0.090923,0.039774,0.006458
COc1ccc2nc3c(nc2c1)O[C@@H]1C[C@H](N(C1)C(=O)[C@@H](NC(=O)O[C@@H]1C[C@H]1CCCCC3)C(C)(C)C)C(=O)N[C@@]1(C[C@H]1C=C)C(=O)NS(=O)(=O)C1CC1,0,0.000001,0.226145,0.027704
NNC(=O)c1ccncc1,0,0.076242,0.062703,0.023966
C[C@H]1CN([C@@H](C)CO)C(=O)c2cccc(c2O[C@H]1CN(C)Cc1ccc2c(c1)OCO2)NC(=O)c1ccc(cc1)-c1nccs1,0,0.002816,0.028612,0.003714
O=C1Oc2cc3occc3cc2C=C1,0,0.049183,0.111529,0.083051
CCn1nc(cc1C(=O)NN)C,0,0.012240,0.034455,0.009337
C[C@H]1CCCCO[C@H](CN(C)C(=O)Cc2ccccc2)[C@@H](C)CN([C@@H](C)CO)C(=O)c2cc(ccc2O1)NC(=O)Nc1c(noc1C)C,0,0.010772,0.024042,0.004658
Cc1ccc(cc1)S(=O)(=O)N1CCO[C@@H]1CNC(=O)C(=O)NCc1ccccn1,0,0.057035,0.031703,0.019313
C[C@@H]1CN([C@H](C)CO)C(=O)Cc2cc(ccc2O[C@@H]1CN(C)Cc1ccc(cc1)C(F)(F)F)NC(=O)NC1CCCCC1,0,0.203070,0.110261,0.042512
COc1ccc(cc1)NC(=O)N(C)C[C@@H]1OCCCC[C@H](C)Oc2ccc(cc2C(=O)N(C[C@H]1C)[C@H](C)CO)NC(=O)CCC(F)(F)F,0,0.109653,0.025851,0.011432
C[C@H]1CN([C@H](C)CO)C(=O)c2cccc(c2O[C@@H]1CN(C)C(=O)Nc1c(noc1C)C)NC(=O)C1CCOCC1,0,0.084657,0.028470,0.006285
COC(=O)[C@@H](NC(=O)Cn1cc(nn1)C(=O)NO)c1ccccc1,0,0.489178,0.163056,0.264007
CN1CCN(CC2CC2)C(=O)C21CCN(CC2)C(=O)CNC(=O)C,0,0.157546,0.181657,0.045387
C[C@@H]1CN([C@@H](C)CO)C(=O)Cc2cc(ccc2O[C@@H]1CN(C)S(=O)(=O)c1cccs1)NC(=O)Cc1ccccc1,0,0.001282,0.024208,0.003437
COC(=O)[C@@H](C)S(=O)(=O)NC(=O)C1=CN=C2C=CC=CN2C1=O,0,0.000305,0.230274,0.021144
C[C@@H]1CN([C@@H](C)CO)C(=O)c2cc(ccc2O[C@@H]1CN(C)S(=O)(=O)C)NS(=O)(=O)C,0,0.018313,0.024673,0.005942
COc1ccc(cc1)S(=O)(=O)N(C)C[C@@H]1Oc2ccc(cc2CC(=O)N(C[C@H]1C)[C@H](C)CO)NC(=O)Nc1c(noc1C)C,0,0.010735,0.027766,0.005260
CC(C)NC(=O)N(C)C[C@@H]1Oc2ccc(cc2CC(=O)N(C[C@H]1C)[C@@H](C)CO)NS(=O)(=O)c1ccc(cc1)C,0,0.002841,0.024274,0.005524
CC(C)(C)[C@@H](COC(=O)[C@@H](CC=C)Cc1ccc(cc1)F)NC(=O)[C@@H](CC=C)CC(=O)N(CCO)Cc1ccccc1,0,0.014851,0.063873,0.054368
COCC(=O)N1C[C@@H](C)[C@H](CN(C)C(=O)c2cc(ccc2OC[C@@H]1C)NC(=O)Nc1cccc(c1)F)OC,0,0.175988,0.032208,0.016846
COC(=O)[C@@H]1[C@@H]2O[C@@]3(CN(C4CC4)C(=O)C13)C=C2,0,0.005634,0.053977,0.036061
CCS(=O)(=O)N1C[C@]2(CN(C2)C(=O)Nc2ccc(cc2F)F)c2c(n(c3cc(ccc23)OC)C)[C@@H]1CO,0,0.201046,0.038524,0.026717
C[C@@H]1CCCCO[C@H](CN(C)Cc2ccc3c(c2)OCO3)[C@@H](C)CN([C@H](C)CO)C(=O)c2cc(ccc2O1)NS(=O)(=O)c1cccs1,0,0.001604,0.024708,0.003443
C[C@@H]1CN([C@@H](C)CO)C(=O)c2cc(cnc2O[C@@H]1CN(C)C(=O)CN(C)C)C#CC1(O)CCCC1,0,0.101287,0.041418,0.018972
COc1ccc(cc1)NC(=O)Nc1ccc2c(c1)CC(=O)N(C[C@@H](C)[C@@H](CN(C)Cc1ccc(cc1)-c1ccccc1)O2)[C@@H](C)CO,0,0.087471,0.029406,0.006893
C[C@H]1CN([C@@H](C)CO)C(=O)Cc2cc(ccc2O[C@H]1CN(C)CC1CC1)NS(=O)(=O)c1ccc(cc1)F,0,0.012925,0.028539,0.007330
C[C@H]1CN([C@H](C)CO)C(=O)c2cc(ccc2O[C@@H]1CN(C)S(=O)(=O)c1cn(cn1)C)NC(=O)Nc1ccc(cc1)F,0,0.135282,0.025803,0.008365
C[C@H]1CN([C@H](C)CO)C(=O)c2cc(cnc2O[C@H]1CN(C)S(=O)(=O)c1ccc(cc1)C)C#Cc1ccccc1,0,0.017835,0.034459,0.004934
CO[C@@H]1CN(C)C(=O)c2ccc(cc2OC[C@H](C)N(C[C@@H]1C)C(=O)Cc1ccccn1)NC(=O)C1CC1,0,0.002609,0.026014,0.005290
C[C@@H]1CCCCO[C@@H](CN(C)CC2CC2)[C@H](C)CN([C@H](C)CO)C(=O)c2cc(ccc2O1)NC(=O)c1ccccc1,0,0.013448,0.027330,0.007670
OC[C@H]1O[C@H](O[C@H]2[C@H](O)[C@@H](O)[C@H](O)O[C@@H]2CO)[C@H](O)[C@@H](O)[C@@H]1O,0,0.018987,0.116090,0.053584
C[C@H]1CCCCO[C@H](CN(C)Cc2ccc(cc2)C(F)(F)F)[C@@H](C)CN([C@H](C)CO)C(=O)c2cc(ccc2O1)NC(=O)c1ccncc1,0,0.047084,0.023515,0.006033
COc1ccc2c3c([nH]c2c1)[C@H](CO)N(Cc1ccc(cc1)Cl)C[C@]13CCN(CC1)Cc1nccs1,0,0.669197,0.757436,0.684278
COc1ccc(cc1)CN(C)C[C@H]1Oc2c(cccc2C(=O)N(C[C@@H]1C)[C@H](C)CO)NC(=O)C1CCOCC1,0,0.020485,0.031431,0.008617
CC(=O)Nc1nnc(s1)S(=O)(=O)N,0,0.000001,0.060270,0.007794
C[C@@H]1CCCCO[C@H](CN(C)C(=O)CCCN(C)C)[C@@H](C)CN([C@@H](C)CO)C(=O)c2cc(ccc2O1)NC(=O)Nc1ccc(cc1)C(F)(F)F,0,0.334665,0.160917,0.058344
C[C@@H]1CN([C@@H](C)CO)C(=O)Cc2cc(ccc2O[C@@H]1CN(C)CC1CCCCC1)NC(=O)CCN1CCOCC1,0,0.018448,0.035346,0.010933
C[C@@H]1CN([C@@H](C)CO)C(=O)c2cccc(c2O[C@@H]1CN(C)S(=O)(=O)c1ccc(cc1)C)NC(=O)c1ccncc1,0,0.006886,0.024175,0.003873
C[C@H]1CCCCO[C@H](CN(C)S(=O)(=O)c2ccc(cc2)Cl)[C@@H](C)CN([C@H](C)CO)C(=O)c2cc(ccc2O1)NC(=O)c1ccccc1,0,0.002467,0.025045,0.003936
CC(C)N1C[C@H](C)[C@@H](CN(C)Cc2ccc(cc2)Oc2ccccc2)Oc2c(cccc2C1=O)NC(=O)c1cccnc1,0,0.003587,0.109908,0.052906
CCOC(=O)c1c(n(c2cc(c(cc12)O)Br)-c1ccccc1)CN1CCN(CC1)c1ccccc1,0,0.772554,0.544604,0.523208
N[C@H](C(=O)O)c1ccc(c(c1)O)C(=O)O,0,0.054236,0.086673,0.097555
CCCCNc1ccc(C(=O)OCCN(C)C)cc1.Cl,0,0.650396,0.083675,0.052414
C[C@H]1CCCCO[C@H](CN(C)C(=O)Cc2ccccc2)[C@H](C)CN([C@H](C)CO)C(=O)c2cc(ccc2O1)NC(=O)CCC(F)(F)F,0,0.042996,0.024548,0.010727
C[C@@H]1CCCCO[C@H](CN(C)C(=O)C2CCCCC2)[C@@H](C)CN([C@H](C)CO)C(=O)c2cc(ccc2O1)NC(=O)CCCCCC(=O)Nc1ccccc1N,0,0.002277,0.023845,0.004547
C[C@@H]1CN([C@H](C)CO)C(=O)Cc2cc(ccc2O[C@H]1CN(C)S(=O)(=O)c1cn(cn1)C)NC(=O)Nc1ccc2c(c1)OCO2,0,0.005050,0.024229,0.003950
COc1ccc(cc1)S(=O)(=O)Nc1ccc2c(c1)C(=O)N(C[C@@H](C)[C@@H](CN(C)Cc1ccc(c(c1)Cl)Cl)OCCCC[C@H](C)O2)[C@H](C)CO,0,0.008006,0.025030,0.004712
C[C@@H]1CCCCO[C@@H](CN(C)S(=O)(=O)c2cn(cn2)C)[C@H](C)CN([C@@H](C)CO)C(=O)c2cc(ccc2O1)NC(=O)c1ccncc1,0,0.001435,0.024523,0.003957
C[C@]12CC[C@H]3[C@@H](CC[C@H]4NC(=O)C=C[C@@]43C)[C@@H]1CC[C@@H]2C(=O)Nc1cc(ccc1C(F)(F)F)C(F)(F)F,0,0.773204,0.618922,0.705329
Nc1nc(cs1)/C(=N/OCC(=O)O)C(=O)N[C@H]1[C@H]2SCC(=C(N2C1=O)C(=O)O)C=C,1,0.990685,0.953901,0.956967
OC[C@H](O)[C@H](O)[C@@H](O)[C@@H](O)/C=N/NC(=O)c1ccccc1O,0,0.021736,0.105202,0.043631
C[C@@H]1CN([C@@H](C)CO)C(=O)c2c(c3ccccc3n2C)-c2ccccc2CO[C@@H]1CN(C)C(=O)Nc1cccc(c1Cl)Cl,0,0.458226,0.046492,0.011755
CO[C@@H]1CN(C)C(=O)c2ccc(cc2OC[C@H](C)N(C[C@@H]1C)C(=O)C1CCOCC1)NC(=O)C1CC1,0,0.021659,0.029039,0.011151
OC[C@H]1O[C@H]([C@H](O)[C@@H](O)[C@@H]1O)[C@H]1C(=O)[C@H](C(=O)/C=C/c2ccc(cc2)O)C(=O)[C@](O)([C@@H]2O[C@H](CO)[C@@H](O)[C@H](O)[C@H]2O)C1=O,0,0.885438,0.646113,0.398054
C[C@@H]1CN([C@H](C)CO)C(=O)Cc2cc(ccc2O[C@H]1CN(C)S(=O)(=O)c1cccs1)NC(=O)Cc1ccccc1,0,0.001282,0.024208,0.003437
OCCNC(=O)C1=C[C@H](Oc2ccccc2I)[C@@H](O)[C@@H](C1)N(Cc1ccco1)C(=O)Cc1ccccc1,0,0.004750,0.123582,0.187927
C[C@H]1CN([C@H](C)CO)C(=O)c2cccc(c2O[C@H]1CN(C)C(=O)Nc1ccc2c(c1)OCO2)NC(=O)c1cc(nn1C)C,0,0.019224,0.029019,0.005633
COc1ccc(cc1)NC(=O)Nc1cccc2c1O[C@@H](CN(C)Cc1ccc(cc1)Oc1ccccc1)[C@@H](C)CN([C@@H](C)CO)C2=O,0,0.010522,0.020600,0.005243
CO[C@H]1CN(C)C(=O)c2ccc(cc2OC[C@H](C)N(C[C@H]1C)C(=O)CN(C)C)NC(=O)Nc1ccccc1,0,0.085151,0.028713,0.010365
C[C@@H]1CN([C@@H](C)CO)C(=O)Cc2cc(ccc2O[C@H]1CN(C)Cc1ccncc1)NC(=O)CCN1CCOCC1,0,0.003041,0.028024,0.006562
Cn1cnc(c1)S(=O)(=O)N1C[C@H](O)COC[C@@H]2O[C@@H](CC[C@H]21)CC(=O)NC1CCCC1,0,0.124536,0.053167,0.012562
COc1ccc(cc1)NC(=O)Nc1cccc2c1O[C@H](CN(C)C(=O)Nc1cccc3ccccc13)[C@@H](C)CN([C@@H](C)CO)C2=O,0,0.059848,0.025551,0.012085
Clc1ccc(cc1)[C@@H](NC(=O)C1CCN(CCOc2ccc(cc2Cl)Cl)CC1)c1ccccn1,1,0.882512,0.895078,0.940382
C[C@H]1CN([C@H](C)CO)C(=O)CCCn2nncc2CO[C@H]1CN(C)S(=O)(=O)c1cn(cn1)C,0,0.011422,0.024713,0.004936
C[C@@H]1CN([C@@H](C)CO)C(=O)c2cc(ccc2O[C@@H]1CN(C)Cc1ccccc1)NC(=O)Nc1cccc2ccccc12,0,0.018075,0.032101,0.018939
Cc1ccc(cc1)S(=O)(=O)N1C[C@H](O)COC[C@@H]2O[C@H](CC[C@H]21)CC(=O)NCc1ccc(c(c1)Cl)Cl,0,0.549458,0.112451,0.035146
CN1CCN(CCO)C(=O)C21CCN(CC2)[C@H]1CCOC1,0,0.740036,0.031992,0.021695
N[C@H](CSCSC[C@H](N)C(=O)O)C(=O)O,0,0.069252,0.106734,0.048887
COCC(=O)Nc1ccc2c(c1)C(=O)N(C)C[C@H](OC)[C@H](C)CN([C@@H](C)CO2)C(=O)Cc1ccccn1,0,0.002533,0.023377,0.004300
COc1ccc(cc1)NC(=O)N(C)C[C@@H]1OCCCC[C@H](C)Oc2ccc(cc2C(=O)N(C[C@H]1C)[C@H](C)CO)NC(=O)Cc1ccccc1,0,0.005927,0.023514,0.004021
C[C@H]1CCCCO[C@@H](CN(C)Cc2ccccc2)[C@@H](C)CN([C@H](C)CO)C(=O)c2cc(ccc2O1)NC(=O)Nc1ccc(cc1)F,0,0.076528,0.041711,0.016106
C[C@H]1CN([C@@H](C)CO)C(=O)Cc2cc(ccc2O[C@H]1CN(C)Cc1ccc(cc1)C(=O)Nc1ccccc1N)NC(=O)Nc1ccc(cc1)F,0,0.030517,0.025156,0.006147
C[C@H]1CN([C@H](C)CO)C(=O)c2cc(ccc2O[C@@H]1CN(C)C(=O)Nc1ccc(cc1)C(F)(F)F)NC(=O)Nc1ccc2c(c1)OCO2,0,0.485840,0.186918,0.207693
C[C@H]1CN([C@H](C)CO)C(=O)c2cc(ccc2O[C@H]1CN(C)S(=O)(=O)C)NC(=O)CCN1CCOCC1,0,0.001993,0.024904,0.004641
CNC[C@@H]1Oc2ccc(cc2C(=O)N(C[C@@H]1C)[C@H](C)CO)NS(=O)(=O)c1cn(cn1)C,0,0.067622,0.025102,0.006197
COc1cccc(c1)S(=O)(=O)N(C)C[C@H]1Oc2ncc(cc2C(=O)N(C[C@@H]1C)[C@@H](C)CO)-c1cccc(c1)C(=O)N(C)C,0,0.001039,0.024240,0.004188
COc1ccccc1CNC(=O)C[C@@H]1C[C@H]2[C@H](Oc3ccc(cc32)NC(=O)NC2CCCC2)[C@H](CO)O1,0,0.074243,0.036113,0.031774
CC(C)CNC(=O)[C@]1(C)[C@@H](N(Cc2cc(cc(c2)C(F)(F)F)C(F)(F)F)C(=O)c2ccccc21)c1ccc(cc1)CO,0,0.887857,0.453463,0.130397
CC(C)NC(=O)N(C)C[C@H]1Oc2ccc(cc2C(=O)N(C[C@@H]1C)[C@@H](C)CO)NC(=O)Nc1ccc2c(c1)OCO2,0,0.025316,0.027139,0.007516
C[C@H]1CN([C@@H](C)CO)C(=O)c2cccc(c2O[C@H]1CN(C)S(=O)(=O)C)NS(=O)(=O)c1cn(cn1)C,0,0.045220,0.026334,0.006827
C[C@@H]1CN([C@@H](C)CO)C(=O)c2c(c3ccccc3n2C)-c2ccccc2CO[C@H]1CN(C)C(=O)Nc1cccc(c1)F,0,0.167441,0.049426,0.009935
OCc1ccccn1,0,0.006592,0.039924,0.017464
OCc1ccc(o1)/C=N/NC(=O)c1ccccn1,0,0.009791,0.076782,0.034594
C[C@@H]1CN([C@@H](C)CO)S(=O)(=O)c2ccc(cc2O[C@@H]1CN(C)S(=O)(=O)c1cn(cn1)C)C#Cc1ccccc1,0,0.034530,0.029989,0.004098
NC[C@@H](N1CCN(CC1)c1ccc(cc1)F)c1ccco1,0,0.235422,0.210223,0.289442
C[C@@H]1CN([C@@H](C)CO)C(=O)c2c(c3ccccc3n2C)-c2ccccc2CO[C@H]1CN(C)C(=O)N[C@@H](C)c1ccccc1,0,0.031967,0.032933,0.012069
O=C(O)CCCCC(=O)O,0,0.014158,0.055617,0.027440
COc1cc(C=CC(=O)N2CCC=CC2=O)cc(OC)c1OC,0,0.009005,0.184906,0.173849
C[C@@H]1CN([C@@H](C)CO)C(=O)c2cc(ccc2O[C@H]1CN(C)C(=O)Nc1ccc(cc1)F)NC(=O)CCCN(C)C,0,0.124669,0.023816,0.009927
COC(=O)OC[C@H]1O[C@@H](Oc2cc(cc(c2C(=O)CCc2ccc3occc3c2)O)C)[C@H](O)[C@@H](O)[C@@H]1O,0,0.915789,0.115153,0.250779
CC(C)CC#Cc1ccc2c(c1)O[C@@H](CN(C)S(=O)(=O)c1cccc(c1)F)[C@@H](C)CN([C@H](C)CO)S2(=O)=O,0,0.036435,0.033948,0.008745
Cc1nc(oc1CN)-c1ccccc1,0,0.000028,0.040454,0.025823
COC(=O)N,0,0.000286,0.079661,0.033201
C[C@H]1CN([C@@H](C)CO)C(=O)c2cc(ccc2O[C@@H]1CN(C)Cc1ccc(c(c1)Cl)Cl)NS(=O)(=O)c1ccc(cc1)F,0,0.025647,0.029134,0.006958
COc1ccc(cc1)S(=O)(=O)Nc1ccc2c(c1)C(=O)N(C[C@H](C)[C@@H](CN(C)Cc1ccc(c(c1)Cl)Cl)OCCCC[C@H](C)O2)[C@@H](C)CO,0,0.008006,0.025030,0.004712
C[C@@H]1CN([C@@H](C)CO)C(=O)c2cccc(c2O[C@@H]1CN(C)Cc1ccc(c(c1)Cl)Cl)NS(=O)(=O)c1cccs1,0,0.070012,0.033487,0.006983
OC[C@@H](O)[C@H](O)[C@H](O)[C@@H](O)/C=N/NC(=O)c1cccc(c1)C(=O)NO,0,0.008080,0.084105,0.041416
C[C@H]1CN([C@@H](C)CO)C(=O)c2cccc(c2O[C@@H]1CN(C)C(=O)Nc1cccc2ccccc12)NC(=O)NC1CCCCC1,0,0.041375,0.025239,0.010266
C[C@H]1CN([C@H](C)CO)C(=O)Cc2cc(ccc2O[C@H]1CN(C)C(=O)NC1CCCCC1)NS(=O)(=O)c1cn(cn1)C,0,0.022370,0.024232,0.004235
C[C@H]1CN([C@H](C)CO)C(=O)CCCn2cc(nn2)CO[C@@H]1CN(C)C(=O)Nc1ccc2c(c1)OCO2,0,0.056977,0.029826,0.006636
C[C@H]1CCCCO[C@@H](CN(C)Cc2ccc(cc2)C(F)(F)F)[C@H](C)CN([C@@H](C)CO)C(=O)c2cc(ccc2O1)NC(=O)Nc1ccc2c(c1)OCO2,0,0.075334,0.018789,0.005680
C[C@@H]1CCCCO[C@H](CN(C)Cc2ccc(c(c2)Cl)Cl)[C@H](C)CN([C@@H](C)CO)C(=O)c2cc(ccc2O1)NC(=O)Nc1ccc(cc1)C(F)(F)F,0,0.810648,0.035631,0.011285
OC[C@@H]1O[C@@H](CC[C@@H]1NC(=O)CN1CCOCC1)CC(=O)NCc1cccc(c1)F,0,0.037018,0.024158,0.022022
C[C@H]1CN([C@@H](C)CO)C(=O)Cc2cc(ccc2O[C@@H]1CN(C)C(=O)Nc1ccc(cc1)F)NC(=O)Nc1cccc2ccccc12,0,0.076565,0.026770,0.009797
C[C@H]1CCCCO[C@H](CN(C)Cc2ccncc2)[C@@H](C)CN([C@@H](C)CO)C(=O)c2cc(ccc2O1)NC(=O)Nc1ccccc1,0,0.013342,0.022901,0.004084
CCOc1nc2cccc(c2n1Cc1ccc(cc1)-c1ccccc1-c1nn[nH]n1)C(=O)O[C@@H](C)OC(=O)OC1CCCCC1,1,0.604638,0.315927,0.128307
COc1ccc(C2CC(=O)c3c(O)cc(OC4OC(COC5OC(C)C(O)C(O)C5O)C(O)C(O)C4O)cc3O2)cc1O,0,0.727235,0.537155,0.306929
COc1cccc(c1)S(=O)(=O)N(C)C[C@@H]1Oc2ncc(cc2C(=O)N(C[C@H]1C)[C@H](C)CO)-c1cccc(c1)C(=O)N(C)C,0,0.001039,0.024240,0.004188
C[C@H]1CN([C@H](C)CO)C(=O)c2c(c3ccccc3n2C)-c2ccccc2CO[C@@H]1CN(C)S(=O)(=O)C,0,0.017445,0.048665,0.006353
C[C@H]1CCCCO[C@H](CN(C)S(=O)(=O)c2cccs2)[C@@H](C)CN([C@@H](C)CO)C(=O)c2cc(ccc2O1)NC(=O)Cc1ccccc1,0,0.000705,0.024208,0.003231
C[C@@H]1CCCCO[C@H](CN(C)C)[C@H](C)CN([C@H](C)CO)C(=O)c2cc(ccc2O1)NC(=O)Nc1cccc2ccccc12,0,0.045103,0.039425,0.013965
C[C@H]1CN([C@@H](C)CO)C(=O)Cc2cc(ccc2O[C@H]1CN(C)S(=O)(=O)c1cn(cn1)C)NC(=O)Cc1cn(c2ccccc12)C,0,0.005680,0.024370,0.002777
CN1[C@@H]2CC[C@@H](CC(=O)NCCc3ccncc3)O[C@H]2COc2ccc(cc2C1=O)NS(=O)(=O)c1ccc(cc1)C,0,0.001602,0.029426,0.005761
C[C@@H]1CN([C@H](C)CO)C(=O)c2cc(ccc2O[C@H]1CN(C)Cc1ccc(cc1)C(=O)Nc1ccccc1N)NS(=O)(=O)C,0,0.005406,0.024521,0.005090
C[C@H]1CCCCO[C@H](CN(C)C(=O)Nc2c(noc2C)C)[C@@H](C)CN([C@H](C)CO)C(=O)c2cc(ccc2O1)NS(=O)(=O)c1cccs1,0,0.005506,0.024450,0.004251
COc1ccc(cc1)S(=O)(=O)Nc1cccc2c1O[C@H](CN(C)C(=O)Nc1c(noc1C)C)[C@H](C)CN([C@@H](C)CO)C2=O,0,0.017120,0.024745,0.005114
OC[C@@H]1O[C@@H](CCNC(=O)C2CC2)CC[C@H]1NS(=O)(=O)c1cccc(c1)F,0,0.061386,0.030376,0.014912
OC[C@H]1O[C@@H](CC(=O)NCc2ccncn2)C=C[C@H]1NC(=O)c1ccncc1,0,0.027730,0.048721,0.027169
CC(C)NC(=O)Nc1ccc2c(c1)C(=O)N(C[C@@H](C)[C@H](CN(C)C(=O)Nc1ccc3c(c1)OCO3)O2)[C@@H](C)CO,0,0.026170,0.023704,0.006558
C[C@@H]1CCCCO[C@H](CN(C)Cc2ccc(cc2)C(F)(F)F)[C@H](C)CN([C@H](C)CO)C(=O)c2cc(ccc2O1)NS(=O)(=O)c1cn(cn1)C,0,0.163018,0.036581,0.007601
C[C@H]1CCCCO[C@H](CN(C)Cc2ccc(cc2)C(F)(F)F)[C@@H](C)CN([C@H](C)CO)C(=O)c2cc(ccc2O1)NS(=O)(=O)c1ccc(cc1)F,0,0.051257,0.024576,0.007443
CNCc1cccnc1,0,0.015683,0.049367,0.031527
COc1ccc(cc1)NC(=O)Nc1ccc2c(c1)C(=O)N(C[C@@H](C)[C@H](CN(C)Cc1ccccc1)OCCCC[C@H](C)O2)[C@@H](C)CO,0,0.015077,0.023103,0.004208
COc1ccc(cc1)S(=O)(=O)Nc1ccc2c(c1)C(=O)N(C[C@H](C)[C@H](CN(C)C(=O)c1ccccc1)OCCCC[C@@H](C)O2)[C@@H](C)CO,0,0.000229,0.024270,0.003465
O(c1ccccc1)c1nnc(c2ccccc12)-c1ccccc1,0,0.284042,0.196766,0.148455
CC(C)NC(=O)N(C)C[C@@H]1Oc2ccc(cc2C(=O)N(C[C@H]1C)[C@H](C)CO)NC(=O)Cc1ccccc1,0,0.011610,0.024882,0.008407
C[C@H]1CN([C@H](C)CO)S(=O)(=O)c2ccc(cc2O[C@H]1CN(C)C(=O)c1ccccc1F)C#CCN(C)C,0,0.134383,0.073136,0.010155
C[C@@H]1CCCCO[C@@H](CN(C)C(=O)Nc2c(noc2C)C)[C@H](C)CN([C@H](C)CO)C(=O)c2cc(ccc2O1)NC(=O)NC1CCCCC1,0,0.027837,0.024928,0.005136
Cn1nnc2c1CCN([C@@H]2COCC1CC1)C(=O)CS(=O)(=O)C,0,0.118870,0.320035,0.193303
COCCc1nc2c(n1C)C(=O)N(C)C(=O)N2C,0,0.499125,0.075882,0.078612
OC[C@H]1O[C@H](CCNC(=O)CN2CCOCC2)CC[C@H]1NC(=O)c1ccc2c(c1)OCO2,0,0.013871,0.026781,0.009171
COCC(=O)N(C)C[C@H]1Oc2cc(ccc2S(=O)(=O)N(C[C@H]1C)[C@@H](C)CO)C#CCC1CCCC1,0,0.061630,0.026310,0.007968
C[C@@H]1CN([C@@H](C)CO)C(=O)CCCn2nncc2CO[C@@H]1CN(C)C(=O)Oc1cccc2ccccc12,0,0.113280,0.045835,0.019574
C[C@@H]1CCCCO[C@H](CN(C)S(=O)(=O)c2ccc(cc2)Cl)[C@H](C)CN([C@H](C)CO)C(=O)c2cc(ccc2O1)NS(=O)(=O)c1cccs1,0,0.004360,0.026519,0.006533
C[C@@H]1OC2=C(Cl)C(=O)N3CCC[C@H]3C[C@]12O,0,0.042908,0.287433,0.052801
O=C(COc1ccc(cc1)S(=O)(=O)N1CCOCC1)NCCCn1ccnc1,0,0.006397,0.027441,0.015746
Cc1ccc(cc1)S(=O)(=O)N[C@H]1CC[C@@H](CCNC(=O)CN2CCOCC2)O[C@H]1CO,0,0.008197,0.023435,0.009503
C[C@@H]1CN([C@H](C)CO)C(=O)c2cc(ccc2O[C@H]1CN(C)S(=O)(=O)c1cccs1)NS(=O)(=O)c1ccc(cc1)F,0,0.002767,0.026257,0.006830
C[C@@H]1CN([C@@H](C)CO)C(=O)c2cc(ccc2O[C@H]1CN(C)C(=O)Nc1cccc2ccccc12)NC(=O)NC1CCCCC1,0,0.018317,0.023417,0.007299
OCCSCCO,0,0.000013,0.190037,0.104732
C[C@@H]1CCCCO[C@H](CN(C)Cc2ccc(cc2)C(=O)O)[C@H](C)CN([C@@H](C)CO)C(=O)c2cc(ccc2O1)NC(=O)CCC(F)(F)F,0,0.377374,0.033522,0.011864
OC[C@@H]1O[C@H](C[C@@H]2[C@H]1Oc1ccc(cc12)NC(=O)Cc1ccncc1)CC(=O)NCc1cccc(c1)F,0,0.044688,0.039577,0.019217
CC1CC2C3CCC4=CC(=O)C=CC4(C)C3(Cl)C(O)CC2(C)C1(OC(=O)c1ccco1)C(=O)CCl,0,0.412163,0.406697,0.208471
C[C@H]1CN([C@H](C)CO)C(=O)c2cccc(c2O[C@@H]1CN(C)S(=O)(=O)c1ccc(cc1)F)NC(=O)Nc1cccc2ccccc12,0,0.067229,0.024302,0.007285
C[C@H]1CCCCO[C@@H](CN(C)CC2CCCCC2)[C@H](C)CN([C@H](C)CO)C(=O)c2cc(ccc2O1)NS(=O)(=O)c1ccc(cc1)F,0,0.012712,0.025456,0.007262
COC(=O)C=CC(=O)OC,0,0.001636,0.086991,0.051386
C[C@H]1CN([C@@H](C)CO)C(=O)c2cc(ccc2O[C@H]1CN(C)Cc1ccc(c(c1)Cl)Cl)NS(=O)(=O)c1ccc(cc1)F,0,0.025647,0.029134,0.006958
C[C@@H]1CN([C@H](C)CO)C(=O)Cc2cc(ccc2O[C@H]1CN(C)S(=O)(=O)c1ccccc1)NS(=O)(=O)c1ccc(cc1)F,0,0.002349,0.024347,0.005580
C[C@H]1CN([C@H](C)CO)C(=O)c2cc(ccc2O[C@@H]1CN(C)S(=O)(=O)c1ccc(cc1)C)NC(=O)CCN1CCOCC1,0,0.001684,0.024327,0.003685
CS(=O)(=O)CCNCc1ccc(-c2ccc3ncnc(Nc4ccc(OCc5cccc(F)c5)c(Cl)c4)c3c2)o1,0,0.204273,0.525139,0.458699
CC(C)NC(=O)Nc1ccc2c(c1)CC(=O)N(C[C@H](C)[C@H](CN(C)S(=O)(=O)c1c(noc1C)C)O2)[C@@H](C)CO,0,0.011641,0.026870,0.006991
COc1ccc(cc1)S(=O)(=O)N(C)C[C@H]1OCCCC[C@H](C)Oc2ccc(cc2C(=O)N(C[C@H]1C)[C@H](C)CO)NC(=O)Nc1ccccc1,0,0.005289,0.024315,0.003518
C[C@@H]1CN([C@@H](C)CO)C(=O)c2cc(cnc2O[C@@H]1CN(C)S(=O)(=O)c1ccccc1)C#CCN(C)C,0,0.021766,0.024797,0.004544
C[C@H]1CN([C@@H](C)CO)C(=O)c2cc(ccc2O[C@H]1CN(C)Cc1ccc(cc1)C(F)(F)F)NC(=O)Nc1c(noc1C)C,0,0.258691,0.105276,0.039698
C[C@H]1CN([C@H](C)CO)C(=O)c2c(c3ccccc3n2C)-c2ccccc2CO[C@H]1CN(C)Cc1ccc(cc1)C(F)(F)F,0,0.233449,0.083229,0.071149
C[C@H]1CN([C@H](C)CO)C(=O)Cc2cc(ccc2O[C@H]1CN(C)C(=O)Nc1cccc2ccccc12)NS(=O)(=O)c1cccs1,0,0.002351,0.024794,0.003423
CCNC(=O)C[C@H]1O[C@@H](CO)[C@H](NC(=O)C2CC2)C=C1,0,0.051352,0.029147,0.011412
CN(/N=C/c1ccc(o1)C)C1=NCCN1,0,0.000191,0.039380,0.034082
C[C@H](N)c1ccc(cc1)Cl,0,0.385140,0.099126,0.044270
C[C@H]1CN([C@H](C)CO)C(=O)c2cc(ccc2O[C@@H]1CN(C)Cc1ccc(cc1)C(F)(F)F)NC(=O)Nc1ccc2c(c1)OCO2,0,0.106398,0.068592,0.026515
C[C@H]1CCCCO[C@H](CN(C)C(=O)Nc2ccccc2)[C@H](C)CN([C@@H](C)CO)C(=O)c2cc(ccc2O1)NC(=O)Nc1ccccc1,0,0.014517,0.023108,0.004084
COc1ccc(cc1)NC(=O)Nc1ccc2c(c1)CC(=O)N(C[C@@H](C)[C@@H](CN(C)CC1CCCCC1)O2)[C@H](C)CO,0,0.118652,0.037547,0.013706
C[C@@H]1CN([C@H](C)CO[Si](C)(C)C(C)(C)C)C(=O)c2cc(ccc2O[C@H]1CN(C)C(=O)c1ccc(cc1)Cl)NC(=O)C1CCCCC1,0,0.035556,0.120936,0.047605
C[C@@H]1CN([C@@H](C)CO)C(=O)c2cc(ccc2O[C@H]1CN(C)Cc1ccc(cc1)-c1ccccc1)NC(=O)NC1CCCCC1,0,0.093852,0.031580,0.016630
CCC1(O)C(=O)OCc2c1cc1n(c2=O)Cc2cc3ccccc3nc2-1,0,0.019946,0.107106,0.197631
COc1ccc(cc1)NC(=O)N(C)C[C@H]1Oc2ccc(cc2CC(=O)N(C[C@H]1C)[C@@H](C)CO)NS(=O)(=O)c1cn(cn1)C,0,0.025539,0.024180,0.003402
C[C@@H]1CCCCO[C@@H](CN(C)C(=O)C2CCCCC2)[C@H](C)CN([C@@H](C)CO)C(=O)c2cc(ccc2O1)NC(=O)c1ccccc1,0,0.001383,0.023239,0.005200
OC[C@@H]1O[C@@H](CC[C@@H]1NC(=O)c1ccccn1)CC(=O)N1CCOCC1,0,0.003859,0.022729,0.009703
C[C@@H]1CCCCO[C@@H](CN(C)Cc2ccncc2)[C@H](C)CN([C@@H](C)CO)C(=O)c2cc(ccc2O1)NS(=O)(=O)c1ccc(cc1)C,0,0.001009,0.024845,0.003985
C[C@H]1CN([C@H](C)CO)C(=O)Cc2cc(ccc2O[C@@H]1CN(C)C(=O)Nc1ccc(cc1)C(F)(F)F)NC(=O)Nc1ccccc1,0,0.548050,0.040675,0.055917
C[C@H]1CN([C@H](C)CO)C(=O)c2cccc(c2O[C@@H]1CN(C)S(=O)(=O)c1ccc(cc1)C)NS(=O)(=O)c1cn(cn1)C,0,0.051333,0.025019,0.006020
CCO[C@H]1OC(=C[C@H]([C@@H]1CCCOC(=O)NCCCCCC(=O)NO)C1=COc2ccccc2C1=O)C(=O)N1CCN(C)CC1,0,0.000070,0.190880,0.051060
COc1ccc(-c2coc3cc(O)ccc3c2=O)cc1,0,0.216118,0.170530,0.285333
C[C@H]1CN([C@@H](C)CO)C(=O)c2ccccc2-c2ccccc2CO[C@H]1CN(C)Cc1ccc(cc1)Oc1ccccc1,0,0.025967,0.036928,0.028599
C[C@H]1CN([C@@H](C)CO)S(=O)(=O)c2ccc(cc2O[C@H]1CN(C)C(=O)NC1CCCC1)-c1cncnc1,0,0.052379,0.023938,0.006307
C[C@H]1CN([C@@H](C)CO)C(=O)Cc2cc(ccc2O[C@@H]1CN(C)C)NS(=O)(=O)C,0,0.009931,0.026308,0.006837
C[C@@H]1CN([C@H](C)CO)C(=O)c2cc(ccc2O[C@@H]1CN(C)S(=O)(=O)c1ccc(cc1)Cl)NC(=O)CCCN(C)C,0,0.029316,0.025044,0.006124
Cc1cc(on1)CCN,0,0.018894,0.031475,0.018720
COC(=O)CNS(=O)(=O)c1ccsc1C(=O)OC,0,0.041108,0.158336,0.031015
CCS(=O)(=O)Nc1ccc2c(c1)C(=O)N(C)[C@@H]1CC[C@H](CC(=O)NCCCN3CCOCC3)O[C@@H]1CO2,0,0.005532,0.023609,0.006232
CCCNC(=O)C[C@@H]1CC[C@H]2[C@@H](COC[C@@H](O)CN2S(=O)(=O)c2ccc(cc2)Oc2ccccc2)O1,0,0.060403,0.037042,0.012699
COc1ccc(CN(CCN(C)C)c2ncccn2)cc1.Cl,0,0.888219,0.246534,0.205438
C[C@H]1CN([C@H](C)CO)C(=O)Cc2cc(ccc2O[C@H]1CN(C)Cc1ccc(cc1)C(=O)Nc1ccccc1N)NC(=O)CCN1CCOCC1,0,0.001300,0.027025,0.005675
C[C@H]1CN([C@@H](C)CO)C(=O)Cc2cc(ccc2O[C@@H]1CN(C)C(=O)Nc1c(noc1C)C)NC(=O)CCN1CCOCC1,0,0.008431,0.026455,0.005464
C[C@H](NC(=O)C[C@@H]1O[C@H](CO)[C@H](NC(=O)CN2CCOCC2)C=C1)c1ccccc1,0,0.035975,0.026290,0.019658
C[C@@H]1CCCCO[C@@H](CN(C)C(=O)Cc2ccccc2)[C@@H](C)CN([C@H](C)CO)C(=O)c2cc(ccc2O1)NC(=O)Nc1cccc2ccccc12,0,0.005143,0.023185,0.004518
C[C@H]1CN([C@H](C)CO)C(=O)c2cc(ccc2O[C@@H]1CN(C)C(=O)Nc1cccc2ccccc12)NC(=O)Nc1ccccc1,0,0.021407,0.023707,0.007654
COc1ccccc1-c1ccc2c(c1)O[C@@H](CN(C)CC1CCOCC1)[C@H](C)CN([C@H](C)CO)S2(=O)=O,0,0.090264,0.036082,0.005990
C[C@@H]1CN([C@@H](C)CO)C(=O)c2cccc(c2O[C@@H]1CN(C)Cc1ccc(cc1)Oc1ccccc1)NC(=O)Nc1ccccc1,0,0.010642,0.025216,0.010723
CCNC(=O)C[C@H]1CC[C@H]2[C@@H](COc3ccc(cc3C(=O)N2C)NS(=O)(=O)c2ccccc2C)O1,0,0.001621,0.026288,0.005996
O[C@@H]1COC[C@H]2O[C@H](CC[C@@H]2N(C1)S(=O)(=O)c1ccccc1F)CC(=O)NCc1ccccc1Cl,0,0.561688,0.053864,0.033830
C[C@@H]1CCCCO[C@@H](CN(C)Cc2ccc(c(c2)Cl)Cl)[C@@H](C)CN([C@@H](C)CO)C(=O)c2cc(ccc2O1)NS(=O)(=O)C,0,0.046470,0.025054,0.006008
C/C=C/c1ccc2c(c1)O[C@H](CN(C)S(=O)(=O)c1ccccc1)[C@@H](C)CN([C@H](C)CO)S2(=O)=O,0,0.005447,0.025131,0.005960
C[C@@H]1CN([C@@H](C)CO)S(=O)(=O)c2ccc(cc2O[C@H]1CN(C)C(=O)c1cccc(c1)F)-c1cccnc1,0,0.021081,0.028798,0.004563
CC(C)(C)OC(=O)C[C@H]1CC=CC[C@H](CC(=O)N(CCO)Cc2ccccc2)C(=O)N2CCC[C@@H]2COC1=O,0,0.004597,0.045738,0.022970
C[C@H]1CCCCO[C@H](CN(C)C(=O)CCC(F)(F)F)[C@@H](C)CN([C@@H](C)CO)C(=O)c2cc(ccc2O1)NS(=O)(=O)c1ccccc1,0,0.006640,0.024301,0.005601
COCCCNC(=O)[C@@]1(Cc2ccccc2N=[N+]=[N-])N=C(O[C@H]1c1ccccc1N=[N+]=[N-])c1ccc(cc1)OCCCO,0,0.947647,0.073806,0.062046
COC(OC)[C@H](Cc1ccccc1)N(CC#C[C@@H](O)c1ccccc1)[C@@H]([C@@H](O)Cc1ccccc1)c1ccc(cc1)OC,0,0.297375,0.114396,0.142306
C[C@@H]1CCCCO[C@@H](CN(C)Cc2ccc(c(c2)Cl)Cl)[C@H](C)CN([C@@H](C)CO)C(=O)c2cc(ccc2O1)NS(=O)(=O)c1cn(cn1)C,0,0.087555,0.025023,0.004876
C[C@H](O)C#Cc1ccc2c(c1)O[C@@H](CN(C)C(=O)c1ccccc1)[C@H](C)CN([C@H](C)CO)S2(=O)=O,0,0.016664,0.027181,0.005132
OC(=O)C1CCC(=O)CC1,0,0.064530,0.041673,0.029303
CO[C@@H]1CN(C)C(=O)c2cc(ccc2OC[C@@H](C)N(C[C@H]1C)C(=O)CN(C)C)NC(=O)Nc1ccccc1,0,0.106229,0.030083,0.011261
COc1ccc2c3c(n(c2c1)C)[C@H](CO)N(C[C@]13CN(C1)C(=O)c1ccccn1)S(=O)(=O)c1ccc(cc1)C,0,0.002152,0.028293,0.008115
C[C@@H]1CN([C@H](C)CO)C(=O)Cc2cc(ccc2O[C@H]1CN(C)CC1CC1)NS(=O)(=O)c1ccc(cc1)F,0,0.012925,0.028539,0.007330
C[C@@H]1CCCCO[C@@H](CN(C)S(=O)(=O)c2ccc(cc2)F)[C@@H](C)CN([C@H](C)CO)C(=O)c2cc(ccc2O1)NS(=O)(=O)c1ccc(cc1)Cl,0,0.006250,0.025648,0.005356
COc1ccc(cc1)S(=O)(=O)N(C)C[C@H]1Oc2ccc(cc2C(=O)N(C[C@H]1C)[C@H](C)CO)NC(=O)Nc1cccc2ccccc12,0,0.009089,0.024498,0.003894
C[C@@H]1CN([C@@H](C)CO)C(=O)Cc2cc(ccc2O[C@H]1CN(C)CC1CC1)NC(=O)Cn1cnnn1,0,0.048561,0.028170,0.014491
COCC(=O)N1C[C@]2(CCN(CC2)C(=O)CN2CCOCC2)c2c([nH]c3cc(ccc23)OC)[C@@H]1CO,0,0.142726,0.083260,0.025157
OC[C@@H]1O[C@H](CC[C@@H]1NC(=O)C1CCOCC1)CCn1cc(nn1)C1(O)CCCC1,0,0.549001,0.216349,0.124683
C[C@H]1CN([C@@H](C)CO)C(=O)c2cc(ccc2O[C@@H]1CN(C)CC1CCCCC1)NS(=O)(=O)c1cn(cn1)C,0,0.057297,0.024245,0.006450
C[C@@H]1CN([C@H](C)CO)C(=O)c2cc(ccc2O[C@H]1CN(C)CC1CCCCC1)NC(=O)Cn1cnnn1,0,0.063825,0.027206,0.015397
COc1ccc(-c2cc(=O)c3c(O)cc(O)cc3o2)cc1,0,0.149047,0.270122,0.278955
C[C@H]1CN([C@@H](C)CO)C(=O)Cc2cc(ccc2O[C@@H]1CN(C)Cc1ccncc1)NC(=O)Nc1ccc(cc1)C(F)(F)F,0,0.229139,0.046240,0.021355
OC[C@@H]1O[C@H](CC(=O)NCc2ccncn2)C=C[C@H]1NC(=O)c1ccncc1,0,0.027730,0.048721,0.027169
COc1ccc(cc1)S(=O)(=O)N(C)C[C@@H]1Oc2ccc(cc2CC(=O)N(C[C@@H]1C)[C@H](C)CO)NS(=O)(=O)c1ccc(cc1)C,0,0.001073,0.024519,0.004686
C[C@H]1CN([C@H](C)CO)S(=O)(=O)c2ccc(cc2O[C@H]1CN(C)C(=O)Nc1ccc2c(c1)OCO2)C#Cc1cccnc1,0,0.019875,0.032075,0.004207
COc1ccc(cc1)CN(C)C[C@@H]1Oc2ccc(cc2C(=O)N(C[C@H]1C)[C@H](C)CO)NC(=O)CCCN(C)C,0,0.016659,0.031636,0.006972
COc1ccc(cc1)CN(C)C[C@H]1Oc2ccc(cc2CC(=O)N(C[C@@H]1C)[C@@H](C)CO)NC(=O)CCCCCC(=O)Nc1ccccc1N,0,0.003796,0.024087,0.006165
O=C(O)c1cc(-c2ccccc2)nc2ccccc12,0,0.673872,0.069762,0.136563
CC(C)NC(=O)Nc1cccc2c1O[C@@H](CN(C)S(=O)(=O)c1ccccc1)[C@@H](C)CN([C@@H](C)CO)C2=O,0,0.043278,0.024406,0.005137
C[C@H]1CCCCO[C@@H](CN(C)C(=O)Nc2c(noc2C)C)[C@@H](C)CN([C@H](C)CO)C(=O)c2cc(ccc2O1)NS(=O)(=O)c1cccs1,0,0.005506,0.024450,0.004251
COCC#Cc1cnc2c(c1)C(=O)N(C[C@H](C)[C@H](CN(C)C(=O)c1cnccn1)O2)[C@H](C)CO,0,0.090877,0.022575,0.006215
C[C@H]1CN([C@@H](C)CO)C(=O)Cc2cc(ccc2O[C@H]1CN(C)S(=O)(=O)c1c(noc1C)C)NC(=O)Cc1ccccc1,0,0.002679,0.027467,0.004678
C[C@H]1CCCCO[C@H](CN(C)C(=O)c2ccccc2)[C@@H](C)CN([C@@H](C)CO)C(=O)c2cc(ccc2O1)NC(=O)Nc1ccc2c(c1)OCO2,0,0.002110,0.022909,0.003210
C[C@H]1CN([C@H](C)CO)C(=O)c2cc(ccc2O[C@@H]1CN(C)S(=O)(=O)c1cccs1)NS(=O)(=O)c1ccc(cc1)C,0,0.001623,0.024400,0.005961
C[C@@H]1CN([C@@H](C)CO)C(=O)c2c(c3ccccc3n2C)-c2ccccc2CO[C@@H]1CN(C)S(=O)(=O)c1ccc(cc1)C(F)(F)F,0,0.126895,0.049671,0.010887
CCS(=O)(=O)NCC[C@@H]1CC[C@@H](NS(=O)(=O)c2cccc(c2)F)[C@H](CO)O1,0,0.033711,0.045681,0.012453
C[C@H]1CCCCO[C@@H](CN(C)Cc2ccccc2)[C@@H](C)CN([C@@H](C)CO)C(=O)c2cc(ccc2O1)NS(=O)(=O)c1ccccc1,0,0.001175,0.024214,0.004349
C[C@H]1CN([C@@H](C)CO)C(=O)c2cc(ccc2O[C@@H]1CN(C)C(=O)Nc1ccc2c(c1)OCO2)NC(=O)Cn1cnnn1,0,0.022236,0.028676,0.005827
C[C@@H]1CN([C@@H](C)CO)C(=O)Cc2cc(ccc2O[C@@H]1CN(C)Cc1ccccc1)NC(=O)Cn1cnnn1,0,0.021590,0.036321,0.013278
C[C@H]1CN([C@@H](C)CO)S(=O)(=O)c2ccc(cc2O[C@@H]1CN(C)C(=O)CN(C)C)C#CCN(C)C,0,0.286078,0.194659,0.019363
C[C@@H]1CCCCO[C@H](CN(C)C(=O)Nc2c(noc2C)C)[C@@H](C)CN([C@H](C)CO)C(=O)c2cc(ccc2O1)NC(=O)C1CCCCC1,0,0.023967,0.024834,0.005606
C[C@@H]1CCCCO[C@@H](CN(C)S(=O)(=O)c2ccc(cc2)F)[C@@H](C)CN([C@H](C)CO)C(=O)c2cc(ccc2O1)NC(=O)CCCCCC(=O)Nc1ccccc1N,0,0.003200,0.037212,0.004078
C[C@H]1CN([C@@H](C)CO)C(=O)c2cc(cnc2O[C@H]1CN(C)C(=O)Nc1ccc(cc1)C(F)(F)F)-c1ccc(cc1)C#N,0,0.099243,0.137754,0.149833
CO[C@@H](CN(C)S(=O)(=O)c1cccc(c1)Cl)[C@H](C)CN([C@@H](C)CO)S(=O)(=O)c1ccc(cc1)Cl,0,0.201268,0.107841,0.018743
COc1ccc(cc1)S(=O)(=O)Nc1ccc2c(c1)C(=O)N(C[C@H](C)[C@@H](CN(C)S(=O)(=O)c1ccc(cc1)F)O2)[C@@H](C)CO,0,0.006318,0.028564,0.008097
COc1ccc(cc1)CCNC(=O)[C@]1(CC(=O)N(C(C)C)[C@@H]1c1ccc(cc1)CO)Sc1ccc(cc1)C,0,0.122944,0.151352,0.175636
COCC#Cc1cnc2c(c1)C(=O)N(C[C@@H](C)[C@@H](CN(C)C(=O)C)O2)[C@@H](C)CO,0,0.015088,0.022857,0.005516
C[C@@H]1CN([C@H](C)CO)C(=O)Cc2cc(ccc2O[C@@H]1CN(C)Cc1ccc2c(c1)OCO2)NC(=O)CCN1CCOCC1,0,0.002093,0.027910,0.006223
Cc1ccc(cc1)S(=O)(=O)N[C@@H]1CC[C@H](CCNC(=O)CN2CCOCC2)O[C@H]1CO,0,0.008197,0.023435,0.009503
CO[C@H]1CN(C)C(=O)c2cc(ccc2OC[C@H](C)N(C[C@@H]1C)C(=O)c1ccc2c(c1)OCO2)NS(=O)(=O)C,0,0.005133,0.023772,0.004707
O[C@@H](Cc1ccc(c(c1)O)O)C(=O)O,0,0.155152,0.043142,0.058775
COc1ccc(c(c1)OC)NC(=O)N(C)C[C@@H]1OCc2cn(nn2)CCCC(=O)N(C[C@@H]1C)[C@H](C)CO,0,0.124993,0.033853,0.006028
COc1ccc(cc1)S(=O)(=O)Nc1cccc2c1O[C@@H](CN(C)Cc1ccc(c(c1)Cl)Cl)[C@H](C)CN([C@H](C)CO)C2=O,0,0.025242,0.025573,0.005375
C[C@@H]1CN([C@H](C)CO)C(=O)Cc2cc(ccc2O[C@@H]1CN(C)Cc1ccc2c(c1)OCO2)NS(=O)(=O)c1cn(cn1)C,0,0.003922,0.024357,0.003277
C[C@@H]1CN([C@H](C)CO)C(=O)c2cc(ccc2O[C@H]1CN(C)S(=O)(=O)c1cccs1)NS(=O)(=O)c1cccs1,0,0.003625,0.031761,0.010770
C[C@H]1CN([C@H](C)CO)C(=O)Cc2cc(ccc2O[C@@H]1CN(C)C)NS(=O)(=O)C,0,0.009931,0.026308,0.006837
CCC(=O)N1C[C@]2(C1)CN([C@@H](CO)c1c2c2ccc(cc2n1C)OC)C(=O)CN1CCOCC1,0,0.027909,0.088905,0.038181
C[C@@H]1CN([C@@H](C)CO)C(=O)c2cccc(c2O[C@@H]1CN(C)C(=O)NC1CCCCC1)NC(=O)c1cc(nn1C)C,0,0.044921,0.027589,0.008644
CC(C)NC(=O)N(C)C[C@@H]1Oc2ccc(cc2C(=O)N(C[C@H]1C)[C@H](C)CO)NC(=O)CCN1CCOCC1,0,0.005118,0.024600,0.005568
COc1ccc(cc1)NC(=O)N(C)C[C@@H]1Oc2ccc(cc2C(=O)N(C[C@H]1C)[C@H](C)CO)NS(=O)(=O)c1cn(cn1)C,0,0.062542,0.023774,0.003597
Cc1ccc(cc1)[C@@H](N)c1ccncc1,0,0.687473,0.181540,0.113007
NCCCC[C@H](NC(=O)[C@@H]1CCCN1C(=O)[C@@H]1CSSC[C@H](N)C(=O)N[C@@H](Cc2ccc(cc2)O)C(=O)N[C@@H](Cc2ccccc2)C(=O)N[C@@H](CCC(=O)N)C(=O)N[C@@H](CC(=O)N)C(=O)N1)C(=O)NCC(=O)N,0,0.948029,0.749149,0.451472
Cc1cc(n(n1)C1=NNC(=S)N1N)C,0,0.057879,0.069993,0.041429
CC(C)(/N=N/C(C)(C)C(=N)N)C(=N)N,0,0.078779,0.096972,0.037882
CN1CC2(CNC2)OCCS1(=O)=O,0,0.028985,0.039165,0.006769
OC[C@H]1O[C@H](CC[C@H]1NC(=O)c1cnccn1)CC(=O)NCc1ccccc1F,0,0.164855,0.034732,0.030883
CCC(C)(C)C(=O)C(=O)N1CCCC[C@H]1C(=O)O[C@@H](CCc1ccc(c(c1)OC)OC)c1cccc(c1)OCC(=O)NCCc1ccc(cc1)O,0,0.013123,0.094098,0.037000
CC1CCC2(C(=O)OC3OC(COC4OC(CO)C(OC5OC(C)C(O)C(O)C5O)C(O)C4O)C(O)C(O)C3O)CCC3(C)C(=CCC4C5(C)CC(O)C(O)C(C)(CO)C5CCC43C)C2C1C,0,0.736539,0.148680,0.062859
CC(C)N1C[C@H](C)[C@@H](CN(C)Cc2ccc(cc2)Oc2ccccc2)Oc2c(cccc2-c2nnc(o2)-c2ccncc2)C1=O,0,0.007404,0.091937,0.037141
C[C@@H]1CN([C@H](C)CO)C(=O)Cc2cc(ccc2O[C@@H]1CN(C)Cc1ccc(cc1)C(F)(F)F)NC(=O)Cc1cn(c2ccccc12)C,0,0.129402,0.030854,0.008326
C[C@H]1COC(=O)[C@@H](CC=CC[C@@H](CC(=O)N[C@@H](CO)Cc2ccccc2)C(=O)N1)Cc1ccc(cc1)F,0,0.046634,0.058268,0.041041
COc1ccc(cc1)CN(C)C[C@@H]1Oc2ccc(cc2C(=O)N(C[C@H]1C)[C@@H](C)CO)NS(=O)(=O)C,0,0.011245,0.025898,0.005098
COc1ccc(cc1)-c1cnc2c(c1)C(=O)N(C[C@@H](C)[C@H](CN(C)C(=O)C1CCOCC1)O2)[C@H](C)CO,0,0.013188,0.023621,0.004474
COc1ccccc1CNC(=O)C[C@H]1CC[C@H]2[C@@H](COC[C@@H](O)CN2C(=O)Nc2ccc(cc2)F)O1,0,0.765911,0.236573,0.294348
C[C@H]1CN([C@H](C)CO)C(=O)c2cc(ccc2O[C@H]1CN(C)S(=O)(=O)c1cn(cn1)C)NS(=O)(=O)c1ccc(cc1)C,0,0.003896,0.024434,0.006134
CCCCCCO[C@H](C)c1c(c/2[nH]c1/C=C/1\N=C(/C=C/3\NC4=C(CC(=O)C4=C3C)C3=N/C(=C2)[C@@H](C)[C@@H]3CCC(=O)O)C(=C1C)CC)C,0,0.999401,0.548850,0.276986
C[C@H]1CCCCO[C@H](CN(C)Cc2ccc(cc2)C(F)(F)F)[C@@H](C)CN([C@H](C)CO)C(=O)c2cc(ccc2O1)NC(=O)CCCN(C)C,0,0.110173,0.023657,0.012473
CC(C)NC(=O)N(C)C[C@H]1Oc2ccc(cc2C(=O)N(C[C@H]1C)[C@@H](C)CO)NS(=O)(=O)c1cn(cn1)C,0,0.082997,0.023720,0.006297
C[C@H]1CCCCO[C@@H](CN(C)CC2CCCCC2)[C@@H](C)CN([C@H](C)CO)C(=O)c2cc(ccc2O1)NC(=O)Nc1c(noc1C)C,0,0.109374,0.029718,0.011773
C[C@H]1CCCCO[C@@H](CN(C)Cc2ccc(cc2)C(F)(F)F)[C@H](C)CN([C@@H](C)CO)C(=O)c2cc(ccc2O1)NC(=O)Nc1ccccc1,0,0.174164,0.021983,0.006579
C[C@@H]1CCCCO[C@H](CN(C)C(=O)c2ccccc2)[C@@H](C)CN([C@@H](C)CO)C(=O)c2cc(ccc2O1)NC(=O)c1ccccc1,0,0.000442,0.023125,0.004161
NC(=O)c1cccc(n1)Br,0,0.176225,0.081325,0.040202
C[C@@H]1CCCCO[C@@H](CN(C)S(=O)(=O)c2ccc(cc2)Cl)[C@H](C)CN([C@H](C)CO)C(=O)c2cc(ccc2O1)NS(=O)(=O)c1ccc(cc1)C,0,0.002726,0.025100,0.004737
C[C@H]1CN([C@H](C)CO)C(=O)Cc2cc(ccc2O[C@@H]1CN(C)S(=O)(=O)c1ccc(cc1)F)NS(=O)(=O)C,0,0.019839,0.030945,0.008354
COc1ccc(cc1)CNC(=O)C[C@@H]1CC[C@H]2[C@H](COc3ccc(cc3C(=O)N2C)NC(=O)C2CC2)O1,0,0.010891,0.024416,0.009678
CCCCCCCCC(=O)O,0,0.107151,0.096126,0.052685
C[C@@H]1CCCCO[C@H](CN(C)C(=O)Nc2c(noc2C)C)[C@@H](C)CN([C@H](C)CO)C(=O)c2cc(ccc2O1)NS(=O)(=O)c1ccccc1,0,0.002046,0.024233,0.003789
CCCCN1CNC(=S)NC1,0,0.083988,0.048653,0.018045
CCS(=O)(=O)Nc1ccc2c(c1)C(=O)N(C)C[C@H](OC)[C@H](C)CN([C@@H](C)CO2)C(=O)c1ccc2c(c1)OCO2,0,0.002999,0.023844,0.003928
CCN1C[C@@]2(CC[C@@H](OC)[C@]34[C@H]2C[C@@H]([C@@H]14)[C@@]1(O)C[C@H](OC)[C@H]2C[C@H]3[C@@]1(O)[C@H]2OC)OC(=O)c1ccccc1NC(=O)C,0,0.055022,0.206257,0.086613
C[C@@H]1CN([C@@H](C)CO)C(=O)c2cccc(c2O[C@@H]1CN(C)Cc1ccc(cc1)C(F)(F)F)NS(=O)(=O)c1ccc(cc1)Cl,0,0.249921,0.045971,0.021633
C[C@@H](O)C#Cc1cnc2c(c1)C(=O)N(C[C@H](C)[C@H](CN(C)Cc1cncnc1)O2)[C@@H](C)CO,0,0.035302,0.049087,0.011660
CO[C@H]1CN(C)C(=O)c2ccc(cc2OC[C@@H](C)N(C[C@@H]1C)Cc1cccnc1)NC(=O)C1CCOCC1,0,0.011819,0.032536,0.005943
C[C@@H]1CN([C@@H](C)CO)C(=O)c2cc(ccc2O[C@H]1CN(C)S(=O)(=O)C)N(C)C,0,0.005549,0.031862,0.006010
C[C@H]1CN([C@@H](C)CO)C(=O)Cc2cc(ccc2O[C@H]1CN(C)S(=O)(=O)c1c(noc1C)C)NS(=O)(=O)c1cccs1,0,0.002845,0.024281,0.004826
C[C@H]1CCCCO[C@@H](CN(C)C(=O)Nc2cccc3ccccc23)[C@@H](C)CN([C@H](C)CO)C(=O)c2cc(ccc2O1)NC(=O)CCCN(C)C,0,0.008023,0.024200,0.003098
C[C@@H]1CN([C@H](C)CO)C(=O)Cc2cc(ccc2O[C@H]1CN(C)Cc1ccc(cc1)-c1ccccc1)NC(=O)c1ccncc1,0,0.014907,0.023786,0.005715
OC[C@H]1O[C@@H](CC[C@H]1NS(=O)(=O)c1ccccc1F)CC(=O)NCCCN1CCOCC1,0,0.054389,0.033139,0.012371
C[C@H]1CCCCO[C@H](CN(C)Cc2ccc(c(c2)Cl)Cl)[C@@H](C)CN([C@@H](C)CO)C(=O)c2cc(ccc2O1)NS(=O)(=O)c1c(noc1C)C,0,0.014882,0.025109,0.005949
CC(C)NC(=O)[C@H]1[C@@H](N(Cc2cc(cc(c2)C(F)(F)F)F)C(=O)c2ccccc21)c1ccc(cc1)CO,0,0.661020,0.241676,0.170504
CC1=C(CCC(=O)O)C(=O)n2ncnc2N1,0,0.114234,0.061921,0.033924
C[C@H]1CN([C@H](C)CO)C(=O)Cc2cc(ccc2O[C@H]1CN(C)Cc1ccc2c(c1)OCO2)NS(=O)(=O)C,0,0.003606,0.025094,0.006024
CCN(Cc1cccc(c1)Br)c1c(nc2ccc(cn12)C(=O)Nc1ccc2c(c1)OCC(=O)N2)CC,0,0.163615,0.421164,0.321905
CC(C)NC(=O)N(C)C[C@@H]1Oc2cc(ccc2S(=O)(=O)N(C[C@H]1C)[C@H](C)CO)C#Cc1ccccn1,0,0.056634,0.032231,0.007521
C[C@@H]1CCCCO[C@@H](CN(C)Cc2ccc(cc2)C(F)(F)F)[C@@H](C)CN([C@@H](C)CO)C(=O)c2cc(ccc2O1)NC(=O)Nc1ccc2c(c1)OCO2,0,0.075334,0.018789,0.005680
C[C@@H]1CCCCO[C@H](CN(C)Cc2ccc(cc2)C(=O)O)[C@H](C)CN([C@@H](C)CO)C(=O)c2cc(ccc2O1)NC(=O)C1CCCCC1,0,0.072073,0.034707,0.014664
C[C@H]1CCCCO[C@H](CN(C)Cc2ccccc2)[C@@H](C)CN([C@H](C)CO)C(=O)c2cc(ccc2O1)NC(=O)c1ccccc1,0,0.002639,0.023093,0.006997
C[C@H]1CN([C@@H](C)CO)S(=O)(=O)c2ccc(cc2O[C@@H]1CN(C)C(=O)Cc1ccncc1)C1=CCCC1,0,0.002024,0.027682,0.006306
COc1ccc(cc1)NC(=O)Nc1ccc2c(c1)C(=O)N(C[C@@H](C)[C@@H](CN(C)S(=O)(=O)c1ccc(cc1)OC)OCCCC[C@H](C)O2)[C@H](C)CO,0,0.005069,0.024525,0.003927
Cn1ccnc1,0,0.007552,0.086868,0.017538
CC(C)NC(=O)N(C)C[C@H]1Oc2c(cccc2C(=O)N(C[C@@H]1C)[C@@H](C)CO)NS(=O)(=O)c1cn(cn1)C,0,0.109159,0.023783,0.005846
CN1C(=O)N(C)c2ncn(c2C1=O)CC(=O)N1CCN(CC1)c1ccccc1F,0,0.873578,0.175374,0.342298
Cn1cnc(c1)S(=O)(=O)N[C@H]1CC[C@@H](CC(=O)NCC2CC2)O[C@@H]1CO,0,0.018725,0.028434,0.009743
OC[C@H]1O[C@H]([C@H](O)[C@@H]1O)n1cnc2c(ncnc12)NCc1ccco1,0,0.046604,0.125734,0.087075
C[C@H]1CN([C@H](C)CO)S(=O)(=O)c2ccc(cc2O[C@H]1CN(C)C(=O)c1cnccn1)C#CCC1CCCC1,0,0.066502,0.024600,0.005262
C=CCCCCCCCCC(=O)[O-].C=CCCCCCCCCC(=O)[O-].[Zn+2],0,0.078896,0.312204,0.264864
Cn1cc(cn1)C(=O)O,0,0.146571,0.039733,0.028858
C[C@H]1CN([C@@H](C)CO)C(=O)Cc2cc(ccc2O[C@H]1CN(C)C(=O)Nc1ccc(cc1)F)NC(=O)CCCCCC(=O)Nc1ccccc1N,0,0.068408,0.024748,0.006775
C[C@@H]1CN([C@@H](C)CO)C(=O)Cc2cc(ccc2O[C@H]1CN(C)S(=O)(=O)C)NC(=O)CCCCCC(=O)Nc1ccccc1N,0,0.003681,0.028686,0.005822
COc1ccc(cc1)CN(C)C[C@@H]1Oc2c(cccc2C(=O)N(C[C@H]1C)[C@H](C)CO)NC(=O)C1CCOCC1,0,0.020485,0.031431,0.008617
C[C@@H]1CN([C@@H](C)CO)C(=O)c2cc(ccc2O[C@@H]1CN(C)C(=O)NC1CCCCC1)NC(=O)Cn1cnnn1,0,0.025833,0.022625,0.008442
OCc1ccc2c(c1)N(CCN1CCOCC1)C(=O)[C@]1(CC(=O)N(C3CCCCC3)[C@H]21)c1ccc(cc1)[N+](=O)[O-],0,0.043786,0.112601,0.123344
C[C@H]1CCCCO[C@H](CN(C)C(=O)c2ccccc2)[C@H](C)CN([C@@H](C)CO)C(=O)c2cc(ccc2O1)NC(=O)Nc1cccc2ccccc12,0,0.002468,0.023242,0.003247
C[C@H]1CN([C@H](C)CO)C(=O)Cc2cc(ccc2O[C@@H]1CN(C)C(=O)Nc1ccc(cc1)C(F)(F)F)NC(=O)CCCCCC(=O)Nc1ccccc1N,0,0.276221,0.035948,0.009453
C[C@@H]1CCCCO[C@@H](CN(C)Cc2ccc3c(c2)OCO3)[C@H](C)CN([C@H](C)CO)C(=O)c2cc(ccc2O1)NC(=O)Cc1ccccc1,0,0.003678,0.023506,0.005386
COc1ccccc1C#Cc1ccc2c(c1)O[C@@H](CN(C)Cc1ccncc1)[C@H](C)CN([C@@H](C)CO)S2(=O)=O,0,0.037483,0.028742,0.005196
C[C@H]1CCCCO[C@H](CN(C)Cc2ccc(cc2)C(F)(F)F)[C@H](C)CN([C@H](C)CO)C(=O)c2cc(ccc2O1)NS(=O)(=O)c1ccccc1,0,0.013761,0.024313,0.005494
Cc1ccc(S(=O)(=O)O)cc1.NC1CCN(c2nc3c(cc2F)c(=O)c(C(=O)O)cn3-c2ccc(F)cc2F)C1.O,0,0.232953,0.657923,0.722540
CCCN(C)C[C@@H]1OCCCC[C@H](C)Oc2ccc(cc2C(=O)N(C[C@@H]1C)[C@@H](C)CO)NC(=O)CCC(F)(F)F,0,0.126696,0.166473,0.078599
C[C@H]1CCCCO[C@@H](CN(C)C(=O)NC2CCCCC2)[C@@H](C)CN([C@@H](C)CO)C(=O)c2cc(ccc2O1)NC(=O)Nc1ccc(cc1)F,0,0.066482,0.025259,0.006575
CCCNC(=O)N[C@H]1C=C[C@H](CC(=O)N2CCN(C)CC2)O[C@H]1CO,0,0.162390,0.021254,0.011597
C[C@@H]1CN([C@@H](C)CO)C(=O)Cc2cc(ccc2O[C@H]1CN(C)S(=O)(=O)c1cn(cn1)C)NC(=O)C1CC1,0,0.005261,0.024217,0.003930
C[C@@H]1CN([C@@H](C)CO)C(=O)Cc2cc(ccc2O[C@@H]1CN(C)Cc1ccc(cc1)C(=O)Nc1ccccc1N)NC(=O)Nc1c(noc1C)C,0,0.009757,0.026448,0.005719
C[C@H]1CCCCO[C@@H](CN(C)CC2CCCCC2)[C@@H](C)CN([C@@H](C)CO)C(=O)c2cc(ccc2O1)NC(=O)CCCN(C)C,0,0.057557,0.035089,0.008702
C[C@H]1CN([C@@H](C)CO)C(=O)c2cccc(c2O[C@@H]1CN(C)Cc1ccccc1)NC(=O)CCCCCC(=O)Nc1ccccc1N,0,0.011646,0.026238,0.007558
C[C@@H]1CN([C@@H](C)CO)C(=O)c2cc(cnc2O[C@H]1CN(C)Cc1cccc(c1)C(=O)O)C#CCN(C)C,0,0.297171,0.044884,0.027891
COCC#Cc1cnc2c(c1)C(=O)N(C[C@@H](C)[C@@H](CN(C)S(=O)(=O)c1cccc(c1)OC)O2)[C@H](C)CO,0,0.022659,0.025129,0.005511
C[C@@H]1CCCCO[C@H](CN(C)C(=O)Nc2c(noc2C)C)[C@@H](C)CN([C@H](C)CO)C(=O)c2cc(ccc2O1)NC(=O)CCC(F)(F)F,0,0.175063,0.200665,0.065803
COc1ccc(cc1)NC(=O)Nc1ccc2c(c1)CC(=O)N(C[C@@H](C)[C@H](CN(C)C(=O)Nc1ccc(cc1)C(F)(F)F)O2)[C@H](C)CO,0,0.483109,0.037473,0.038809
COCC#Cc1cnc2c(c1)C(=O)N(C[C@H](C)[C@@H](CN(C)C(=O)Nc1ccccc1OC)O2)[C@H](C)CO,0,0.191260,0.023351,0.005167
CC(=O)N1[C@H]2CN3C(=O)C=CC=C3[C@@H]1[C@@H]([C@H]2CO)C(=O)N1CCc2ccccc2C1,0,0.003318,0.047441,0.026067
C[C@H]1CCCCO[C@H](CN(C)Cc2ccncc2)[C@H](C)CN([C@@H](C)CO)C(=O)c2cc(ccc2O1)NC(=O)Nc1c(noc1C)C,0,0.017325,0.029315,0.005475
COCC(=O)N1C[C@H](C)[C@H](CN(C)C(=O)c2cc(ccc2OC[C@@H]1C)NC(=O)c1ccc(cc1)F)OC,0,0.043717,0.027486,0.012157
C[C@@H]1CN([C@@H](C)CO)C(=O)c2cccc(c2O[C@H]1CN(C)S(=O)(=O)c1cccs1)NS(=O)(=O)c1cn(cn1)C,0,0.020395,0.027182,0.006908
C[C@H]1CN([C@H](C)CO)C(=O)c2cc(cnc2O[C@@H]1CN(C)S(=O)(=O)c1ccc(cc1)F)-c1ccncc1,0,0.009186,0.024675,0.004583
CCOC(=O)C1=CNC(=S)NC1=O,0,0.103931,0.078453,0.090703
C[C@H]1CN([C@H](C)CO)C(=O)c2cccc(c2O[C@H]1CN(C)Cc1ccc2c(c1)OCO2)NC(=O)c1cnccn1,0,0.016550,0.031064,0.008666
COc1cccc(c1)C(=O)Nc1ccc2c(c1)C(=O)N(C)[C@H]1CC[C@@H](CC(=O)NCCCN3CCOCC3)O[C@@H]1CO2,0,0.005421,0.024740,0.005931
COc1ccc(cc1)NC(=O)Nc1ccc2c(c1)C(=O)N(C[C@H](C)[C@@H](CN(C)C(=O)Nc1c(noc1C)C)OCCCC[C@@H](C)O2)[C@H](C)CO,0,0.029113,0.025639,0.004905
CN1C(=O)N(C)C2=C(C1=O)C(=O)/C(=C/NCc1ccccc1)C(=O)N2C,0,0.943275,0.348088,0.129870
C[C@@H]1CCCCO[C@H](CN(C)S(=O)(=O)c2c(noc2C)C)[C@@H](C)CN([C@H](C)CO)C(=O)c2cc(ccc2O1)NS(=O)(=O)c1cn(cn1)C,0,0.010262,0.024504,0.004836
C[C@H]1CN([C@H](C)CO)C(=O)c2cccc(c2O[C@H]1CN(C)Cc1ccc(cc1)C(=O)O)NS(=O)(=O)C,0,0.117586,0.028378,0.005119
Cc1ccccc1S(=O)(=O)N1C[C@@H](O)COC[C@H]2O[C@@H](CC[C@@H]21)CC(=O)NCc1ccc(c(c1)Cl)Cl,0,0.482547,0.068055,0.028935
COc1ccc(cc1)S(=O)(=O)N[C@H]1CC[C@H](CC(=O)N2CCN(CC2)c2ccccc2)O[C@@H]1CO,0,0.010612,0.047375,0.015397
C[C@H]1CN([C@@H](C)CO)C(=O)c2c(c3ccccc3n2C)-c2ccccc2CO[C@@H]1CN(C)Cc1ccc2c(c1)OCO2,0,0.028974,0.027113,0.015013
CO[C@H]1CN(C)C(=O)c2ccc(cc2OC[C@H](C)N(C[C@@H]1C)C(=O)C1CCOCC1)NS(=O)(=O)C,0,0.005970,0.040144,0.006167
CC(C)C#Cc1ccc2c(c1)O[C@H](CN(C)C(=O)c1cnccn1)[C@H](C)CN([C@@H](C)CO)S2(=O)=O,0,0.091652,0.025157,0.006783
C[C@H]1CN([C@@H](C)CO)C(=O)Cc2cc(ccc2O[C@@H]1CN(C)S(=O)(=O)c1ccc(cc1)F)NS(=O)(=O)c1ccccc1,0,0.002225,0.024171,0.005216
CO[C@@H]1CN(C)C(=O)c2cc(ccc2OC[C@@H](C)N(CCC(F)(F)F)C[C@H]1C)NC(=O)Nc1ccccc1F,0,0.826775,0.090051,0.117864
CC(C)NC(=O)N(C)C[C@H]1Oc2ccc(cc2CC(=O)N(C[C@H]1C)[C@@H](C)CO)NC(=O)Cc1ccccc1,0,0.010499,0.035437,0.010416
CS(=O)(=O)Nc1ccc2c(c1)[C@H]1C[C@H](CC(=O)NCC3CC3)O[C@@H](CO)[C@H]1O2,0,0.012069,0.030479,0.010246
C[C@@H]1CN([C@H](C)CO)C(=O)Cc2cc(ccc2O[C@H]1CN(C)CC1CCCCC1)NS(=O)(=O)c1cn(cn1)C,0,0.032941,0.024212,0.004974
NCCc1ccc(cc1)O,0,0.210248,0.165504,0.117762
COC(=O)N1CCC[C@@H](C1)C(=O)O,0,0.060183,0.082652,0.042116
OC[C@H](Cc1ccccc1)NC(=O)C[C@H](CC=C)C(=O)N[C@@H](COC(=O)[C@@H](CC=C)NC(=O)OCC1c2ccccc2-c2ccccc21)Cc1c[nH]c2ccccc12,0,0.000098,0.062232,0.028236
C[C@@H]1CN([C@H](C)CO)C(=O)c2cc(ccc2O[C@H]1CN(C)Cc1ccncc1)NC(=O)c1ccncc1,0,0.002598,0.023947,0.005036
C[N+](C)(C)CCCCNC(=O)[C@@H]1C[C@H]2N([C@@H]1c1cccc(c1)OCCO)C(=O)[C@@H]1CCCN1C2=O,0,0.113282,0.121453,0.056088
CC(C)NC(=O)N(C)C[C@H]1Oc2c(cccc2C(=O)N(C[C@@H]1C)[C@H](C)CO)NC(=O)Nc1c(noc1C)C,0,0.172026,0.038141,0.016209
C[C@@H]1CCCCO[C@H](CN(C)C(=O)Nc2cccc3ccccc23)[C@H](C)CN([C@@H](C)CO)C(=O)c2cc(ccc2O1)NC(=O)Nc1ccc(cc1)F,0,0.045931,0.022462,0.004282
C[C@@H]1CCCCO[C@H](CN(C)S(=O)(=O)c2cccs2)[C@H](C)CN([C@H](C)CO)C(=O)c2cc(ccc2O1)NC(=O)Nc1ccc(cc1)F,0,0.010621,0.024790,0.005282
CCC[C@@H](O)C#Cc1cnc2c(c1)C(=O)N(C[C@H](C)[C@H](CN(C)C(=O)NC1CCCCC1)O2)[C@H](C)CO,0,0.033537,0.027250,0.012544
Cc1ccc2n(c3nc4ccccc4nc3c2c1)Cc1ccccc1,0,0.263472,0.353590,0.161757
COc1ccc(cc1)S(=O)(=O)N[C@@H]1CC[C@@H](CCNC(=O)CN2CCOCC2)O[C@@H]1CO,0,0.007213,0.026848,0.008811
CS(=O)(=O)CC(=O)N1C[C@H]2COC[C@@]2(COc2ccccn2)C1,0,0.007186,0.236300,0.143523
Cc1ccc(cc1)S(=O)(=O)N1C[C@@H](O)COC[C@@H]2O[C@H](CC[C@H]21)CC(=O)N[C@@H]1CCN(C1)Cc1ccccc1,0,0.077530,0.039691,0.011712
C[C@@H]1CN([C@@H](C)CO)C(=O)c2cc(ccc2O[C@H]1CN(C)Cc1ccc(cc1)Oc1ccccc1)NC(=O)Nc1ccccc1,0,0.010084,0.023714,0.012059
Cc1ccc(-c2nc3ccc(C)cn3c2CC(=O)N(C)C)cc1,0,0.763974,0.400134,0.298264
COc1ccc(C=CC(=O)Nc2ccccc2C(=O)O)cc1OC,0,0.928755,0.167865,0.136993
CC(C)C#Cc1ccc2c(c1)O[C@H](CN(C)C(=O)c1cccc(c1)F)[C@@H](C)CN([C@H](C)CO)S2(=O)=O,0,0.109421,0.041632,0.007825
CCS(=O)(=O)NCc1nccc(n1)N(C)C,0,0.004844,0.051804,0.007512
CC(=O)OCC1=C[C@@H]2OC(=O)C3=CO[C@@H](O[C@H]4O[C@H](CO)[C@@H](O)[C@H](O)[C@H]4O)[C@H]1[C@H]23,0,0.074102,0.451040,0.288193
C[C@H]1CN([C@H](C)CO)C(=O)c2cc(ccc2O[C@H]1CN(C)Cc1ccccc1)NC(=O)CCN1CCOCC1,0,0.004339,0.033306,0.007623
C[C@H]1CCCCO[C@@H](CN(C)C(=O)Cc2ccccc2)[C@H](C)CN([C@@H](C)CO)C(=O)c2cc(ccc2O1)NC(=O)Nc1cccc2ccccc12,0,0.005143,0.023185,0.004518
C[C@@H]1CN([C@@H](C)CO)C(=O)c2cccc(c2O[C@@H]1CN(C)CC1CCCCC1)NC(=O)c1nc2ccccc2s1,0,0.024405,0.046697,0.013185
COc1ccc(c(c1)OC)NC(=O)N(C)C[C@H]1OCc2cn(nn2)CCCC(=O)N(C[C@H]1C)[C@H](C)CO,0,0.124993,0.033853,0.006028
COc1ccc(cc1)S(=O)(=O)N(C)C[C@H]1OCCCC[C@H](C)Oc2ccc(cc2C(=O)N(C[C@@H]1C)[C@@H](C)CO)NC(=O)CCC(F)(F)F,0,0.027896,0.024905,0.006989
CCCN1C[C@@H](C)[C@H](CN(C)C(=O)c2ccc(cc2OC[C@H]1C)NS(=O)(=O)c1cn(cn1)C)OC,0,0.021236,0.023574,0.004490
COc1ccc(cc1)CN(C)C[C@@H]1OCCCC[C@H](C)Oc2ccc(cc2C(=O)N(C[C@H]1C)[C@@H](C)CO)NS(=O)(=O)c1ccc(cc1)OC,0,0.001160,0.024507,0.004051
C[C@@H]1CCCCO[C@H](CN(C)S(=O)(=O)C)[C@H](C)CN([C@@H](C)CO)C(=O)c2cc(ccc2O1)NS(=O)(=O)c1ccc(cc1)F,0,0.002595,0.025323,0.006215
C[C@@H]1CN([C@H](C)CO)C(=O)CCCn2cc(nn2)CO[C@@H]1CN(C)C(=O)Nc1cccc(c1)Oc1ccccn1,0,0.008323,0.023782,0.004370
C[C@@H]1CN([C@H](C)CO)C(=O)c2ccccc2-c2ccccc2CO[C@@H]1CN(C)C(=O)c1cc(cc(c1)Cl)Cl,0,0.096947,0.074229,0.031455
C[C@@H]1CCCCO[C@@H](CN(C)C(=O)Nc2c(noc2C)C)[C@@H](C)CN([C@@H](C)CO)C(=O)c2cc(ccc2O1)NC(=O)Cc1ccccc1,0,0.013112,0.024047,0.004406
O[C@H]1COC[C@@H]2O[C@@H](CC[C@H]2N(C1)S(=O)(=O)c1ccc(cc1)Oc1ccccc1)CC(=O)NCCN1CCCCC1,0,0.171046,0.051085,0.013876
COCCOC(=O)N1C(=O)[C@@]2([C@H]([C@H]3N([C@@H]([C@@H](OC3=O)c3ccccc3)c3ccccc3)[C@H]2c2ccc(cc2)OCCO)C(=O)NC[C@H](O)c2ccccc2)c2cc(ccc21)C#Cc1ccc(cc1)OC,0,0.130471,0.050391,0.007491
C[C@@H]1CCCCO[C@H](CN(C)S(=O)(=O)C)[C@@H](C)CN([C@H](C)CO)C(=O)c2cc(ccc2O1)NC(=O)c1ccncc1,0,0.001307,0.024204,0.003465
C=CCN1CCC23c4c5ccc(O)c4OC2C(=O)CCC3(O)C1C5.Cl,0,0.399612,0.649060,0.411899
CN1[C@@H]2CC[C@@H](CC(=O)NCCc3ccncc3)O[C@@H]2COc2ccc(cc2C1=O)NC(=O)Cc1cccs1,0,0.014940,0.026860,0.011563
C[C@H]1CC/C=C\[C@H]2O[C@]34C=CCN(Cn5nnc6ccccc56)C(=O)[C@H]4N(CCO)C(=O)[C@@H]3[C@@H]2C(=O)O1,0,0.519912,0.217574,0.095430
C[C@@H]1CN([C@@H](C)CO)S(=O)(=O)c2ccc(cc2O[C@H]1CN(C)CC1CCOCC1)C#Cc1cccnc1,0,0.147771,0.025695,0.005664
CN1C(=O)N(C)c2nc(n(c2C1=O)C)SCCNS(=O)(=O)c1ccccc1,0,0.860390,0.067126,0.050400
C[C@H]1CCCCO[C@H](CN(C)C(=O)Cc2ccccc2)[C@@H](C)CN([C@H](C)CO)C(=O)c2cc(ccc2O1)NS(=O)(=O)c1ccc(cc1)F,0,0.001611,0.024500,0.005449
C[C@@H]1CCCCO[C@@H](CN(C)C(=O)Nc2ccc(cc2)C(F)(F)F)[C@H](C)CN([C@H](C)CO)C(=O)c2cc(ccc2O1)NC(=O)Cc1ccccc1,0,0.161064,0.029322,0.009047
Cn1cnc(c1)S(=O)(=O)N1C[C@H](O)COC[C@H]2O[C@H](CC[C@@H]21)CC(=O)NCc1cc(cc(c1)F)F,0,0.511144,0.028608,0.017846
OC[C@H]1O[C@@H](CC(=O)NCCCN2CCOCC2)C=C[C@H]1NC(=O)Nc1ccc2c(c1)OCO2,0,0.175812,0.059151,0.049525
COc1ccc(cc1)S(=O)(=O)N(C)C[C@@H]1OCCCC[C@@H](C)Oc2ccc(cc2C(=O)N(C[C@@H]1C)[C@@H](C)CO)NC(=O)Nc1ccccc1,0,0.005289,0.024315,0.003518
OC[C@@H]1O[C@H](CCNC(=O)Cc2ccccn2)CC[C@@H]1NC(=O)CN1CCOCC1,0,0.010479,0.021962,0.010670
COc1cc(C(=O)N2CCOCC2)cc(OC)c1OC,0,0.115232,0.119390,0.050328
C[C@@H]1CN([C@H](C)CO)C(=O)Cc2cc(ccc2O[C@H]1CN(C)Cc1ccc2c(c1)OCO2)NS(=O)(=O)C,0,0.003606,0.025094,0.006024
CNC[C@@H]1OCCCC[C@@H](C)Oc2ccc(cc2C(=O)N(C[C@H]1C)[C@@H](C)CO)NS(=O)(=O)c1c(noc1C)C,0,0.005665,0.024678,0.005704
COc1cccc(c1)C#Cc1ccc2c(c1)O[C@H](CN(C)C(=O)C)[C@@H](C)CN([C@H](C)CO)S2(=O)=O,0,0.039539,0.030595,0.008490
CO[C@H](CN(C)C(=O)c1ccccc1F)[C@H](C)CN([C@H](C)CO)S(=O)(=O)c1ccc(cc1)Cl,0,0.194716,0.061784,0.020598
CN(C)CC(=O)N1CC2(C1)[C@@H]([C@H](CO)N2S(=O)(=O)C)c1ccccc1,0,0.288438,0.033782,0.022393
C[C@@H]1CN([C@@H](C)CO)C(=O)c2cc(ccc2O[C@H]1CN(C)S(=O)(=O)c1ccccc1)NC(=O)CCCN(C)C,0,0.004631,0.024290,0.004410
C[C@@H]1CN([C@H](C)CO)S(=O)(=O)c2ccc(cc2O[C@H]1CN(C)C(=O)Cc1ccncc1)C#CC1CCCC1,0,0.028310,0.026786,0.005834
CN1C(=O)NC(=O)c2c1nc(n2C/C=C/c1ccccc1)N1CCN(CC1)CC(=O)N,0,0.381798,0.178117,0.112485
O[C@H]1CN[C@@H]2CC[C@H](CC(=O)NCCN3CCCCC3)O[C@H]2COC1,0,0.583002,0.027019,0.014893
C[C@@H]1CN([C@@H](C)CO)C(=O)Cc2cc(ccc2O[C@H]1CN(C)S(=O)(=O)c1cccs1)NC(=O)CCN1CCOCC1,0,0.000571,0.024251,0.003643
CC(C)NC(=O)Nc1ccc2c(c1)C(=O)N(C)[C@@H]1CC[C@@H](CC(=O)NCc3ccc(cc3)F)O[C@@H]1CO2,0,0.048529,0.028273,0.013874
C[C@@H]1CN([C@H](C)CO)C(=O)c2cccc(c2O[C@H]1CN(C)S(=O)(=O)c1ccc(cc1)C)NC(=O)Nc1cccc2ccccc12,0,0.021822,0.024810,0.005132
O=[N+]([O-])c1ccc(O)c2ncccc12,0,0.601383,0.508165,0.399779
COCCCN1C(=O)[C@]2(Cc3ccccc31)[C@@H](N(C1CCCCC1)C(=O)c1ccccc12)c1ccc(cc1)CO,0,0.013458,0.204270,0.177072
CC(C)NC(=O)Nc1cccc2c1O[C@@H](CN(C)S(=O)(=O)c1ccccc1)[C@H](C)CN([C@H](C)CO)C2=O,0,0.043278,0.024406,0.005137
COc1cc(C)c(C(=O)O)c(O)c1,0,0.003849,0.105350,0.077783
C[C@H]1CN([C@H](C)CO)C(=O)c2cc(ccc2O[C@@H]1CN(C)C(=O)Nc1cccc2ccccc12)NC(=O)Cc1cn(c2ccccc12)C,0,0.012613,0.024173,0.004772
C[C@@H]1C=CNN1C(=O)c1cccnc1,0,0.163820,0.021878,0.010600
CN1CCN(C)C(=O)[C@@H]1c1ccc(cc1)NC1=NC(=CN(C)C1=O)c1cccc(c1C)NC(=O)c1cc2c(s1)CCCC2,0,0.908414,0.196603,0.084532
C[C@@H]1CCCCO[C@@H](CN(C)C(=O)CCCN(C)C)[C@@H](C)CN([C@H](C)CO)C(=O)c2cc(ccc2O1)NC(=O)Nc1ccc(cc1)C(F)(F)F,0,0.334665,0.160917,0.058344
NC1=NC(=O)N(C=C1)[C@@H]1O[C@H](CO)[C@@H](O)[C@@H]1O,0,0.247834,0.098485,0.127272
C[C@H]1CCCCO[C@H](CN(C)S(=O)(=O)c2ccc(cc2)Cl)[C@H](C)CN([C@@H](C)CO)C(=O)c2cc(ccc2O1)NC(=O)CCC(F)(F)F,0,0.086163,0.025596,0.006850
Cc1ccc(cc1)S(=O)(=O)N1CCNCC1,0,0.012326,0.038017,0.011772
C[C@@H]1CCCCO[C@H](CN(C)S(=O)(=O)c2ccccc2)[C@H](C)CN([C@H](C)CO)C(=O)c2cc(ccc2O1)NC(=O)Nc1ccccc1,0,0.003914,0.024276,0.003383
C[C@@H]1CN([C@@H](C)CO)S(=O)(=O)c2ccc(cc2O[C@@H]1CN(C)C(=O)C1CCOCC1)C1=CCCC1,0,0.004154,0.023658,0.009306
CN1[C@H]2CC[C@H](CC(=O)NCc3ccc(cc3)-c3ccccc3)O[C@@H]2COc2ccc(cc2C1=O)NC(=O)Nc1ccccc1F,0,0.131901,0.048236,0.028105
C[C@@H]1CN([C@H](C)CO)C(=O)c2cc(ccc2O[C@@H]1CN(C)C(=O)Nc1ccc(cc1)C(F)(F)F)NC(=O)CCC(F)(F)F,0,0.850751,0.386942,0.226507
C[C@H]1CN([C@H](C)CO)S(=O)(=O)c2ccc(cc2O[C@H]1CN(C)C(=O)c1ccccc1)Br,0,0.039214,0.029545,0.005464
C[C@H]1CN([C@H](C)CO)C(=O)c2cccc(c2O[C@H]1CN(C)S(=O)(=O)c1cn(cn1)C)NS(=O)(=O)c1cn(cn1)C,0,0.063984,0.028217,0.009853
C[C@H]1CN([C@H](C)CO)S(=O)(=O)c2ccc(cc2O[C@@H]1CN(C)C(=O)Cc1ccccn1)-c1cccc(c1)C(=O)N(C)C,0,0.002308,0.024483,0.004261
O=C(O)C1CSCN1,0,0.009856,0.035950,0.015802
COc1ccc(cc1)S(=O)(=O)N(C)C[C@@H]1Oc2ccc(cc2C(=O)N(C[C@@H]1C)[C@@H](C)CO)NC(=O)CCCN(C)C,0,0.008866,0.024569,0.004322
CN[C@H]1[C@H](O)[C@@H](O)[C@H](CO)O[C@H]1O[C@H]1[C@@H](O[C@@H](C)[C@]1(O)C=O)O[C@H]1[C@H](O)[C@@H](O)[C@H](NC(=N)N)[C@@H](O)[C@@H]1NC(=N)N,0,0.987916,0.726409,0.643158
C[C@H]1CN([C@H](C)CO)C(=O)c2cc(cnc2O[C@H]1CN(C)Cc1ccccc1)-c1cccc(c1)C(F)(F)F,0,0.202748,0.163590,0.207801
Nn1c(nnc1Cn1ccnc1)Cn1ccnc1,0,0.411270,0.218238,0.166720
C[C@H]1CCCCO[C@H](CN(C)C(=O)c2ccccc2)[C@H](C)CN([C@@H](C)CO)C(=O)c2cc(ccc2O1)NS(=O)(=O)c1ccc(cc1)F,0,0.001087,0.024307,0.004201
CN1[C@@H]2CC[C@@H](CC(=O)NCC(F)(F)F)O[C@H]2COc2ccc(cc2C1=O)NC(=O)c1cccs1,0,0.166241,0.257871,0.141273
O[C@H]1COC[C@@H]2O[C@@H](CC[C@H]2N(C1)S(=O)(=O)c1ccccc1)CC(=O)NCc1ccc(cc1)-c1ccccc1,0,0.151757,0.065598,0.017867
C[C@@H]1CCCCO[C@@H](CN(C)S(=O)(=O)c2cccs2)[C@@H](C)CN([C@@H](C)CO)C(=O)c2cc(ccc2O1)NC(=O)Cc1ccccc1,0,0.000705,0.024208,0.003231
C[C@@H](N1C(=O)CSC1=O)C(=O)O,0,0.004153,0.071350,0.046739
CN(C)N(C)C(=O)[C@]1(CCCN(C1)C(=O)[C@@H](Cc1c[nH]c2ccccc12)NC(=O)C(C)(C)N)Cc1ccccc1,0,0.612525,0.232113,0.125820
COc1ccc(cc1)S(=O)(=O)N(C)C[C@H]1OCCCC[C@@H](C)Oc2ccc(cc2C(=O)N(C[C@@H]1C)[C@@H](C)CO)NC(=O)CCC(F)(F)F,0,0.027896,0.024905,0.006989
C[C@H]1CN([C@H](C)CO)C(=O)Cc2cc(ccc2O[C@H]1CN(C)Cc1ccc(cc1)Oc1ccccc1)NC(=O)NC1CCCCC1,0,0.015427,0.029582,0.013687
C[C@H]1CCCCO[C@H](CN(C)S(=O)(=O)c2c(noc2C)C)[C@@H](C)CN([C@@H](C)CO)C(=O)c2cc(ccc2O1)NS(=O)(=O)C,0,0.004876,0.024390,0.005819
C[C@@H]1CCCCO[C@H](CN(C)C(=O)Nc2ccc(cc2)C(F)(F)F)[C@@H](C)CN([C@@H](C)CO)C(=O)c2cc(ccc2O1)NC(=O)Nc1ccc(cc1)C(F)(F)F,0,0.935200,0.059645,0.029122
C[C@H]1COc2c3c(cc(c2C2(N)CC2)F)C(=O)C(=CN13)C(=O)O,1,0.949591,0.800271,0.825826
C[C@H]1CCCCO[C@H](CN(C)Cc2ccc(c(c2)Cl)Cl)[C@@H](C)CN([C@@H](C)CO)C(=O)c2cc(ccc2O1)NC(=O)Nc1ccc(cc1)C(F)(F)F,0,0.810648,0.035631,0.011285
OC[C@@H]1O[C@H](CC[C@@H]1NS(=O)(=O)c1ccc(cc1)F)CC(=O)N1CCC(CC1)Cc1ccccc1,0,0.070449,0.062338,0.021934
CC(=O)N1CCc2c(sc(c2C(=O)N)NC(=O)CN2C(=O)CCC2=O)C1,0,0.000847,0.205060,0.253784
COc1ccc(cc1)NC(=O)Nc1ccc2c(c1)C(=O)N(C[C@@H](C)[C@H](CN(C)C(=O)Nc1ccc(cc1)C(F)(F)F)OCCCC[C@@H](C)O2)[C@@H](C)CO,0,0.303056,0.023401,0.007961
COC(=O)[C@H]1[C@H](C(=O)O)[C@]2([C@H](N1C)c1ccccc1)C(=O)Nc1ccc(cc12)C#Cc1ccc(cc1)OC,0,0.769757,0.271954,0.476729
C[C@H]1C[C@](N)(C1)C(=O)O,0,0.075256,0.057006,0.021773
CC(=O)OCC[N+](C)(C)C,0,0.004871,0.041857,0.020466
C[C@H]1CCCCO[C@@H](CN(C)C(=O)Nc2c(noc2C)C)[C@H](C)CN([C@@H](C)CO)C(=O)c2cc(ccc2O1)NC(=O)Nc1ccc(cc1)C(F)(F)F,0,0.562532,0.138236,0.055152
OC(=O)CNC(=O)c1ccc(cc1)S(=O)(=O)N1CCOCC1,0,0.019690,0.039430,0.031932
C[C@H]1CN([C@H](C)CO)C(=O)Cc2cc(ccc2O[C@H]1CN(C)C(=O)Nc1ccc2c(c1)OCO2)NS(=O)(=O)c1cn(cn1)C,0,0.010141,0.024199,0.003489
COC[C@@H](O)CNc1ncnc2c1CCNCC2,0,0.101609,0.029854,0.019464
CC(C)CC#Cc1ccc2c(c1)O[C@H](CN(C)Cc1cncnc1)[C@@H](C)CN([C@@H](C)CO)S2(=O)=O,0,0.044493,0.025705,0.005784
COc1ccccc1CNC(=O)C[C@H]1C[C@H]2[C@H](Oc3ccc(cc32)NS(=O)(=O)c2ccc(cc2)F)[C@H](CO)O1,0,0.006050,0.026086,0.008526
C[C@@H]1CN([C@@H](C)CO)C(=O)c2cc(ccc2O[C@@H]1CN(C)C(=O)Nc1ccc(cc1)F)NS(=O)(=O)c1cn(cn1)C,0,0.220423,0.024691,0.006427
C[C@@H]1CN([C@H](C)CO)C(=O)c2cc(cnc2O[C@H]1CN(C)C(=O)c1cnccn1)/C=C/c1ccccc1,0,0.018887,0.024066,0.007730
C[C@@H]1CN([C@@H](C)CO)C(=O)Cc2cc(ccc2O[C@H]1CN(C)Cc1ccc(c(c1)Cl)Cl)NS(=O)(=O)c1cccs1,0,0.016362,0.026276,0.006218
COC(=O)C1(CCCC1)N1CC2=C[C@@H]([C@@H](O)Cc3ccccc3)N3N([C@@H]2[C@H](O1)C1CC1)C(=O)N(C)C3=O,0,0.959125,0.278711,0.329559
C[C@@H]1CN([C@H](C)CO)C(=O)c2ccccc2-c2ccccc2CO[C@@H]1CN(C)Cc1cccc(c1)C(F)(F)F,0,0.196000,0.388420,0.306872
Cc1cccc(n1)N1CCNCC1,0,0.048803,0.031810,0.022325
C[C@@H]1CN([C@@H](C)CO)C(=O)c2c(c3ccccc3n2C)-c2ccccc2CO[C@@H]1CN(C)C(=O)N[C@@H](C)c1ccccc1,0,0.031967,0.032933,0.012069
Fc1ccc(cc1)[C@@H](NC(=O)C1CCN(CCOc2ccc(cc2)Cl)CC1)c1ccc2ccccc2n1,1,0.698304,0.677205,0.769530
COc1ccc(cc1)NC(=O)N(C)C[C@@H]1Oc2ncc(cc2C(=O)N(C[C@@H]1C)[C@@H](C)CO)C#CC(C)C,0,0.086212,0.024123,0.005491
C[C@H]1CN([C@@H](C)CO)C(=O)Cc2cc(ccc2O[C@@H]1CN(C)CC1CCCCC1)NC(=O)Cc1cn(c2ccccc12)C,0,0.070824,0.040210,0.008742
C[C@@H]1CN([C@H](C)CO)C(=O)c2cccc(c2O[C@@H]1CN(C)C(=O)Nc1ccc(cc1)F)NS(=O)(=O)c1cn(cn1)C,0,0.318512,0.024408,0.008795
C[C@@H]1CN([C@H](C)CO)C(=O)CCCn2nncc2CO[C@H]1CN(C)Cc1ccc(cc1)C(=O)Nc1ccccc1N,0,0.018793,0.026296,0.009418
CCNc1nc(nc(n1)N1CCOCC1)SCC(=O)N,0,0.260900,0.075226,0.035509
C[C@H]1CCCCO[C@@H](CN(C)C(=O)Cc2ccccc2)[C@H](C)CN([C@@H](C)CO)C(=O)c2cc(ccc2O1)NC(=O)NC1CCCCC1,0,0.003344,0.023304,0.005574
C[C@@H]1CN([C@H](C)CO)C(=O)c2cc(ccc2O[C@H]1CN(C)Cc1ccc(cc1)Oc1ccccc1)NC(=O)Nc1ccccc1,0,0.010084,0.023714,0.012059
C[C@H]1CN([C@@H](C)CO)C(=O)c2cc(ccc2O[C@@H]1CN(C)Cc1ccncc1)NS(=O)(=O)c1cn(cn1)C,0,0.010837,0.024578,0.003541
C[C@@H]1CCCCO[C@H](CN(C)Cc2ccc(cc2)C(F)(F)F)[C@H](C)CN([C@H](C)CO)C(=O)c2cc(ccc2O1)NC(=O)Nc1cccc2ccccc12,0,0.106013,0.024834,0.008972
C[C@@H]1CN([C@H](C)CO)C(=O)c2cc(ccc2O[C@@H]1CN(C)Cc1ccc2c(c1)OCO2)NS(=O)(=O)C,0,0.007740,0.025205,0.004995
CC(=O)O[C@@H](CC(=O)O)[N+](C)(C)C,0,0.002029,0.073562,0.051356
Nc1ccc2c(c1)OCO2,0,0.129934,0.177427,0.086338
C[C@@H]1CCCCO[C@H](CN(C)S(=O)(=O)c2ccccc2)[C@@H](C)CN([C@@H](C)CO)C(=O)c2cc(ccc2O1)NC(=O)NC1CCCCC1,0,0.004076,0.024251,0.003549
O=C1COC[C@H](N1Cc1cn(nn1)CC(=O)N1CCC2(CC1)N(CNC2=O)c1ccccc1)c1ccccc1,0,0.185846,0.183653,0.185448
CC(C)CC#Cc1cnc2c(c1)C(=O)N(C[C@H](C)[C@H](CN(C)S(=O)(=O)c1cn(cn1)C)O2)[C@@H](C)CO,0,0.025384,0.024108,0.005134
COc1ccccc1NC(=O)N(C)C[C@H]1Oc2ncc(cc2C(=O)N(C[C@@H]1C)[C@@H](C)CO)C#CC(C)C,0,0.163889,0.024194,0.005602
ONC(=O)CCCCC(=O)N/N=C/c1cc[n+](cc1)[O-],0,0.021005,0.557633,0.456970
C[C@H]1CN([C@H](C)CO)C(=O)c2cc(ccc2O[C@H]1CN(C)Cc1ccc(cc1)C(=O)Nc1ccccc1N)NC(=O)Cc1cn(c2ccccc12)C,0,0.003323,0.024115,0.003653
C[C@@H]1CN([C@H](C)CO)S(=O)(=O)c2ccc(cc2O[C@@H]1CN(C)C(=O)Cc1ccccc1)C#CC1(O)CCCC1,0,0.013693,0.033353,0.008400
C[C@@H]1CN([C@@H](C)CO)C(=O)Cc2cc(ccc2O[C@H]1CN(C)Cc1ccccc1)NS(=O)(=O)c1c(noc1C)C,0,0.001237,0.024642,0.005889
C[C@@H]1CCCCO[C@@H](CN(C)C(=O)CCC(F)(F)F)[C@H](C)CN([C@H](C)CO)C(=O)c2cc(ccc2O1)NC(=O)C1CCCCC1,0,0.045753,0.145068,0.058892
C[C@H]1CN([C@H](C)CO)C(=O)c2cc(cnc2O[C@@H]1CN(C)S(=O)(=O)c1ccc(cc1)C)-c1ccncc1,0,0.004960,0.024142,0.003667
Cc1ccc2n[nH]c(c2c1)CN,0,0.115859,0.045102,0.022004
C[C@@H]1CN([C@@H](C)CO)C(=O)c2cc(ccc2O[C@@H]1CN(C)Cc1ccc(cc1)C(F)(F)F)NS(=O)(=O)c1ccc(cc1)C,0,0.066399,0.034685,0.014495
CC(=O)N[C@H]1C/C=C/C[C@@H](CC(=O)NCc2ccc(cc2)Cl)C(=O)NC[C@H](OC1=O)c1ccccc1,0,0.172949,0.149747,0.186407
C[C@@H]1CN([C@@H](C)CO)C(=O)c2c(c3ccccc3n2C)-c2ccccc2CO[C@@H]1CN(C)C(=O)NC1CCCCC1,0,0.050616,0.031400,0.009493
C[C@H]1CN([C@@H](C)CO)C(=O)CCCn2nncc2CO[C@H]1CN(C)C(=O)Nc1ccc2c(c1)OCO2,0,0.046143,0.029863,0.006751
NC1CCN(CC1)c1cccc(n1)Cl,0,0.393694,0.056218,0.041438
C[C@@H]1CN([C@H](C)CO)C(=O)c2cc(ccc2O[C@@H]1CN(C)Cc1ccc(cc1)C(=O)O)NC(=O)Cn1cnnn1,0,0.098484,0.030633,0.019546
COc1ccc(cc1)NC(=O)Nc1ccc2c(c1)C(=O)N(C[C@@H](C)[C@H](CN(C)CC1CCCCC1)O2)[C@H](C)CO,0,0.095804,0.028605,0.013080
C[C@H]1CCCCO[C@H](CN(C)C(=O)Nc2ccc(cc2)C(F)(F)F)[C@@H](C)CN([C@@H](C)CO)C(=O)c2cc(ccc2O1)NS(=O)(=O)c1ccc(cc1)F,0,0.137636,0.177186,0.012073
C[C@H]1CCCCO[C@@H](CN(C)C(=O)Cc2ccccc2)[C@H](C)CN([C@H](C)CO)C(=O)c2cc(ccc2O1)NC(=O)c1ccccc1,0,0.000632,0.023197,0.004481
C[C@@H]1CN([C@H](C)CO)C(=O)c2cc(ccc2O[C@@H]1CN(C)C(=O)Nc1c(noc1C)C)NC(=O)Cn1cnnn1,0,0.060713,0.030635,0.008134
C1ONC(=O)[C@@H]1N,0,0.002239,0.026367,0.008681
CC(=O)Nc1ncc([N+](=O)[O-])s1,0,0.993767,0.309837,0.237952
CC(=O)O[C@H]1[C@@H](O)[C@H]2C(C)(C)CC[C@H](O)[C@]2(C)[C@@]2(O)C(=O)C[C@@](C)(O[C@]12C)C=C,0,0.331195,0.231853,0.319582
COCC#Cc1ccc(cc1)[C@H]1[C@H](CO)N2[C@@H]1CN(CC2=O)C(=O)c1cccnc1,0,0.145933,0.027359,0.017503
CN1C(=O)N(C)C/2=C(/N=N\C3=C(/N=N2)C(=O)N(C)C(=O)N3C)C1=O,0,0.000005,0.291284,0.200491
C[C@H]1CN([C@H](C)CO)C(=O)c2cc(cnc2O[C@@H]1CN(C)S(=O)(=O)c1ccccc1)Br,0,0.019421,0.025402,0.005777
OC[C@H]1O[C@H](OC[C@H]2O[C@@H](O)[C@H](O)[C@@H](O)[C@@H]2O)[C@H](O)[C@@H](O)[C@@H]1O,0,0.017559,0.077128,0.053308
C[C@@H]1CN([C@H](C)CO)C(=O)c2cc(ccc2O[C@@H]1CN(C)C(=O)Nc1ccc2c(c1)OCO2)NS(=O)(=O)C,0,0.028091,0.039145,0.005168
C[C@@H]1CN([C@@H](C)CO)C(=O)Cc2cc(ccc2O[C@@H]1CN(C)Cc1ccc(cc1)Oc1ccccc1)NC(=O)NC1CCCCC1,0,0.015427,0.029582,0.013687
COc1ccc(cc1)C#Cc1ccc2c(c1)[C@]1([C@H]([C@H]3N([C@@H]([C@@H](OC3=O)c3ccccc3)c3ccccc3)[C@H]1c1ccccc1OCCO)C(=O)N1CCc3cc(c(cc3C1)OC)OC)C(=O)N2,0,0.049931,0.050230,0.011131
C[C@@H]1CN([C@H](C)CO)C(=O)Cc2cc(ccc2O[C@H]1CN(C)S(=O)(=O)c1ccc(cc1)C)NS(=O)(=O)c1c(noc1C)C,0,0.001530,0.024839,0.005163
C[C@H]1CCCCO[C@@H](CN(C)C(=O)Nc2ccc(cc2)F)[C@@H](C)CN([C@H](C)CO)C(=O)c2cc(ccc2O1)NC(=O)c1ccccc1,0,0.018002,0.024400,0.006457
COc1ccc(cc1)CN(C)C[C@H]1OCCCC[C@@H](C)Oc2ccc(cc2C(=O)N(C[C@@H]1C)[C@@H](C)CO)NS(=O)(=O)c1cccs1,0,0.003632,0.024213,0.003572
OC1=CC=CC2=CC(=C(O)C(=O)C2=C1O)O,0,0.993548,0.213709,0.159160
CC(C)CC#Cc1cnc2c(c1)C(=O)N(C[C@@H](C)[C@@H](CN(C)C(=O)c1ccc3c(c1)OCO3)O2)[C@@H](C)CO,0,0.010508,0.023851,0.003481
CC1CCC2C(C)C(O)OC3OC4(C)CCC1C32OO4,0,0.561071,0.332471,0.098783
C[C@H]1CN([C@H](C)CO)S(=O)(=O)c2ccc(cc2O[C@H]1CN(C)C(=O)C)C#CCN(C)C,0,0.035699,0.033999,0.008607
C[C@@H](O)[C@@H](O)[C@@H](O)C/C=N/NC(=O)c1ccccn1,0,0.004923,0.087243,0.045365
C[C@@H]1CCCCO[C@H](CN(C)C(=O)Nc2cccc3ccccc23)[C@H](C)CN([C@H](C)CO)C(=O)c2cc(ccc2O1)NS(=O)(=O)C,0,0.010446,0.024331,0.003575
O=C1COC2(CCN(CC2)C(=O)c2ccno2)CN1,0,0.044106,0.074476,0.034892
CC(C)CC#Cc1ccc2c(c1)O[C@@H](CN(C)C(=O)Cc1ccncc1)[C@H](C)CN([C@H](C)CO)S2(=O)=O,0,0.034201,0.032719,0.006770
NC1=NC(=O)N(C=N1)[C@H]1C[C@H](O)[C@@H](CO)O1,0,0.253793,0.096162,0.056146
C[C@@H]1CN([C@@H](C)CO)C(=O)Cc2cc(ccc2O[C@H]1CN(C)C(=O)Nc1ccccc1)NC(=O)Cn1cnnn1,0,0.033773,0.022871,0.007234
CC(C)(C[C@H]1CN(c2cc(ccc2O1)-c1cc(cc(c1)OC(F)F)F)S(=O)(=O)c1cccc(c1)C(F)(F)F)C(=O)O,0,0.566874,0.601375,0.354420
C[C@@H]1CN([C@H](C)CO)C(=O)c2cccc(c2O[C@@H]1CN(C)Cc1ccncc1)NC(=O)C1CCOCC1,0,0.017525,0.026013,0.005398
CO[C@@H]1CN(C)C(=O)c2cc(ccc2OC[C@@H](C)N(C[C@H]1C)Cc1cccc(c1)OC)NS(=O)(=O)c1cn(cn1)C,0,0.023270,0.023738,0.004292
C[C@H]1CN([C@H](C)CO)C(=O)CCCn2cc(nn2)CO[C@H]1CN(C)C(=O)Nc1cccc(c1)C(F)(F)F,0,0.808267,0.900674,0.848444
C[C@@H]1CCCCO[C@H](CN(C)Cc2ccc(cc2)C(=O)O)[C@H](C)CN([C@H](C)CO)C(=O)c2cc(ccc2O1)NS(=O)(=O)c1ccc(cc1)Cl,0,0.030237,0.028256,0.005327
CC(C)C(=O)[C@H]1[C@@H]2[C@@](C)([C@H](O)[C@@H](O)[C@]34O[C@@]5(C)O[C@@]67C[C@@](C)([C@@H](O)[C@]7(O)[C@@H](O)[C@]24O5)[C@H](CC(=O)O)[C@]63C)[C@@H](OC1=O)c1ccoc1,0,0.766015,0.238543,0.079455
C[C@H]1CCCCO[C@@H](CN(C)Cc2ccc(cc2)C(F)(F)F)[C@H](C)CN([C@@H](C)CO)C(=O)c2cc(ccc2O1)NS(=O)(=O)c1ccc(cc1)F,0,0.051257,0.024576,0.007443
C[C@@H]1CCCCO[C@H](CN(C)C(=O)Nc2cccc3ccccc23)[C@@H](C)CN([C@H](C)CO)C(=O)c2cc(ccc2O1)NC(=O)c1ccncc1,0,0.003481,0.023359,0.002848
C[C@H]1CCCCO[C@H](CN(C)Cc2ccc(cc2)C(=O)O)[C@@H](C)CN([C@H](C)CO)C(=O)c2cc(ccc2O1)NS(=O)(=O)c1ccc(cc1)C,0,0.014379,0.028304,0.005085
C[C@H]1[C@H]2CN(CC3CC3)C[C@H]2CNC1=O,0,0.116817,0.057607,0.011570
COc1ccc(cc1)C#Cc1cnc2c(c1)C(=O)N(C[C@@H](C)[C@@H](CN(C)C(=O)CN(C)C)O2)[C@H](C)CO,0,0.230986,0.024503,0.008745
CC1=NNC(=O)NC1=O,0,0.046726,0.081734,0.046511
COc1ccccc1NC(=O)N(C)C[C@@H]1Oc2ncc(cc2C(=O)N(C[C@H]1C)[C@H](C)CO)C#CC(C)C,0,0.163889,0.024194,0.005602
C[C@@H]1CN([C@@H](C)CO)C(=O)c2cccc(c2O[C@H]1CN(C)C(=O)NC1CCCCC1)NC(=O)Nc1ccc(cc1)C(F)(F)F,0,0.778015,0.814093,0.871823
C[C@@H]1CCCCO[C@@H](CN(C)S(=O)(=O)c2ccc(cc2)F)[C@@H](C)CN([C@H](C)CO)C(=O)c2cc(ccc2O1)NC(=O)CCC(F)(F)F,0,0.064318,0.030350,0.007671
OC[C@H]1O[C@H](C[C@@H]2[C@H]1Oc1ccc(cc12)NS(=O)(=O)c1ccc(cc1)F)CC(=O)N1CCOCC1,0,0.002752,0.037698,0.009683
C[C@@H]1CN([C@H](C)CO)C(=O)c2cccc(c2O[C@H]1CN(C)Cc1ccc(c(c1)Cl)Cl)NC(=O)Nc1ccc(cc1)C(F)(F)F,0,0.925890,0.149106,0.035175
C[C@@H]1CN([C@H](C)CO)C(=O)CCCn2cc(nn2)CO[C@@H]1CN(C)S(=O)(=O)c1ccccc1C#N,0,0.005900,0.026674,0.005732
COc1ccc(cc1)CN(C)C[C@@H]1OCCCC[C@@H](C)Oc2ccc(cc2C(=O)N(C[C@H]1C)[C@H](C)CO)NC(=O)Nc1cccc2ccccc12,0,0.015274,0.029727,0.006080
CC(=C)CCn1cccc1C(=O)C,0,0.080625,0.031101,0.022298
CO[C@@H]1CN(C)C(=O)c2cc(ccc2OC[C@@H](C)N(C[C@H]1C)C(=O)Nc1cccc(c1)F)NC(=O)Nc1cccc(c1)F,0,0.644325,0.039817,0.025997
CC(C)C(C)C=CC(C)C1CCC2C3=CC=C4CC(O)CCC4(C)C3CCC21C,0,0.723067,0.189276,0.090008
C[C@@H]1CCCCO[C@H](CN(C)C(=O)C2CCCCC2)[C@H](C)CN([C@H](C)CO)C(=O)c2cc(ccc2O1)NC(=O)CCC(F)(F)F,0,0.073917,0.141048,0.058250
C[C@H](NC(=O)C[C@H]1CC[C@H](NC(=O)CN2CCOCC2)[C@@H](CO)O1)c1ccccc1,0,0.021971,0.021934,0.016552
COc1ccc(cc1)S(=O)(=O)Nc1ccc2c(c1)C(=O)N(C[C@@H](C)[C@H](CN(C)Cc1ccc3c(c1)OCO3)OCCCC[C@@H](C)O2)[C@@H](C)CO,0,0.000556,0.024786,0.003554
COc1ccc(cc1)NC(=O)Nc1ccc2c(c1)C(=O)N(C[C@H](C)[C@@H](CN(C)Cc1ccc(c(c1)Cl)Cl)O2)[C@H](C)CO,0,0.154276,0.043745,0.012772
C[C@H]1CN([C@@H](C)CO)C(=O)c2c(c3ccccc3n2C)-c2ccccc2CO[C@@H]1CN(C)C(=O)Nc1cccc(c1)C(F)(F)F,0,0.561939,0.187636,0.098858
C[C@@H]1CN([C@@H](C)CO)C(=O)c2cc(ccc2O[C@H]1CN(C)Cc1ccc(cc1)C(F)(F)F)NS(=O)(=O)C,0,0.342295,0.034926,0.016147
C[C@@H]1CCCCO[C@@H](CN(C)Cc2ccc(cc2)C(=O)Nc2ccccc2N)[C@@H](C)CN([C@H](C)CO)C(=O)c2cc(ccc2O1)NS(=O)(=O)c1c(noc1C)C,0,0.000588,0.037630,0.004009
C[C@@H]1CCCCO[C@@H](CN(C)Cc2ccc(cc2)C(F)(F)F)[C@@H](C)CN([C@@H](C)CO)C(=O)c2cc(ccc2O1)NS(=O)(=O)c1cn(cn1)C,0,0.163018,0.036581,0.007601
C[C@H](O)C#Cc1ccc2c(c1)O[C@H](CN(C)C(=O)C1CCCCC1)[C@H](C)CN([C@@H](C)CO)S2(=O)=O,0,0.031286,0.031289,0.009851
C[C@@H]1CN([C@H](C)CO)C(=O)CCCn2cc(nn2)CO[C@@H]1CN(C)Cc1cccc2c1OCCCO2,0,0.044619,0.040900,0.007972
C[C@H]1CN([C@@H](C)CO)C(=O)Cc2cc(ccc2O[C@H]1CN(C)Cc1ccc(cc1)C(=O)Nc1ccccc1N)NC(=O)Nc1c(noc1C)C,0,0.009757,0.026448,0.005719
O=c1c(O)c(-c2ccccc2)oc2cccc(O)c12,0,0.679945,0.345050,0.181628
C[C@@H]1CCCCO[C@H](CN(C)Cc2ccc(cc2)C(=O)O)[C@@H](C)CN([C@H](C)CO)C(=O)c2cc(ccc2O1)NC(=O)Nc1ccc(cc1)F,0,0.291529,0.031330,0.007860
COCCNC(=O)C[C@H]1CC[C@@H]2[C@H](COC[C@@H](O)CN2S(=O)(=O)c2ccccc2C)O1,0,0.093851,0.028347,0.011973
OCC(O)C1OC2OC(C(Cl)(Cl)Cl)OC2C1O,0,0.704025,0.313831,0.163633
C[C@@H]1CN([C@H](C)CO)C(=O)c2cc(ccc2O[C@@H]1CN(C)S(=O)(=O)c1ccc(cc1)F)NC(=O)Nc1ccc(cc1)C(F)(F)F,0,0.600775,0.196406,0.022692
COc1ccc(cc1)NC(=O)N(C)C[C@H]1OCCCC[C@H](C)Oc2ccc(cc2C(=O)N(C[C@@H]1C)[C@H](C)CO)NS(=O)(=O)c1ccc(cc1)C,0,0.001958,0.024539,0.003776
C[C@@H]1CN([C@@H](C)CO)C(=O)Cc2cc(ccc2O[C@H]1CN(C)C(=O)Nc1c(noc1C)C)NC(=O)Cn1cnnn1,0,0.034464,0.024653,0.008964
C[C@H]1CCCCO[C@@H](CN(C)Cc2ccccc2)[C@@H](C)CN([C@H](C)CO)C(=O)c2cc(ccc2O1)NC(=O)Nc1ccc(cc1)C(F)(F)F,0,0.304151,0.055047,0.031628
CC(C)=CCOc1cc2oc(=O)ccc2cc1O,0,0.229447,0.380218,0.321381
COc1cccc(c1)NC(=O)N[C@H]1C=C[C@H](CC(=O)N2CCN(C)CC2)O[C@@H]1CO,0,0.158589,0.067742,0.020327
CS(=O)(=O)N[C@H]1CCN(C1)c1ccccn1,0,0.006651,0.027478,0.007931
Cn1cnc(c1)S(=O)(=O)N1C[C@H](O)COC[C@H]2O[C@@H](CC[C@@H]21)CC(=O)NCc1cccc(c1)F,0,0.319702,0.028564,0.011439
ONC(=O)CCCCCNC(=O)OCc1ccc(cc1)CO[C@H]1C[C@H](C=C(O1)C(=O)N1CCN(CC1)Cc1ccc2c(c1)OCO2)c1ccc(cc1)Br,0,0.000026,0.106564,0.021646
COc1cccc(c1)NC(=O)N1C[C@@H](O)COC[C@@H]2O[C@H](CC[C@H]21)CC(=O)NCc1ccccc1F,0,0.494419,0.243602,0.225831
NCCc1ccc(O)cc1,0,0.210248,0.165504,0.117762
CC(C)C[C@@H]1NC(=O)[C@H]2C[C@H]([C@H](N2C1=O)c1cccc(c1)OCCO)C(=O)OCCOc1ccc(cc1)[C@@H]1N2[C@H]([C@H](C(=O)OCC=C)[C@@]11C(=O)Nc3ccc(cc31)I)C(=O)O[C@H]([C@H]2c1ccccc1)c1ccccc1,0,0.107891,0.078354,0.011097
COCC(=O)N1C[C@@H](C)[C@@H](CN(C)C(=O)c2cc(ccc2OC[C@@H]1C)NC(=O)c1ccc(cc1)OC)OC,0,0.004066,0.023628,0.005262
OCc1ccc(cc1)CO[C@H]1C[C@H](C=C(O1)C(=O)N1CCCCCCC1)C1=COc2ccccc2C1=O,0,0.008299,0.085684,0.064941
C[C@H]1CN([C@H](C)CO)C(=O)c2cccc(c2O[C@H]1CN(C)S(=O)(=O)c1cccs1)NS(=O)(=O)c1ccccc1,0,0.002017,0.025843,0.006063
C[C@@H]1CN([C@H](C)CO)C(=O)Cc2cc(ccc2O[C@H]1CN(C)S(=O)(=O)c1ccc(cc1)C)NS(=O)(=O)c1cccs1,0,0.002431,0.024250,0.004053
C[C@@H]1CCCCO[C@@H](CN(C)C(=O)Nc2ccc(cc2)C(F)(F)F)[C@H](C)CN([C@@H](C)CO)C(=O)c2cc(ccc2O1)NS(=O)(=O)C,0,0.358601,0.101072,0.020639
C[C@H]1CCCCO[C@H](CN(C)Cc2ccc3c(c2)OCO3)[C@H](C)CN([C@H](C)CO)C(=O)c2cc(ccc2O1)NC(=O)C1CCCCC1,0,0.009977,0.026519,0.006114
C[C@H]1CCCCO[C@H](CN(C)CC2CC2)[C@@H](C)CN([C@@H](C)CO)C(=O)c2cc(ccc2O1)NC(=O)c1ccccc1,0,0.013448,0.027330,0.007670
C[C@@H]1CCCCO[C@@H](CN(C)Cc2ccc(cc2)C(F)(F)F)[C@@H](C)CN([C@@H](C)CO)C(=O)c2cc(ccc2O1)NC(=O)CCC(F)(F)F,0,0.396678,0.040247,0.014024
C[C@@H]1CCCCO[C@@H](CN(C)S(=O)(=O)c2c(noc2C)C)[C@@H](C)CN([C@H](C)CO)C(=O)c2cc(ccc2O1)NC(=O)Nc1cccc2ccccc12,0,0.003656,0.030439,0.003487
COCC(=O)Nc1ccc2c(c1)C(=O)N(C)[C@@H]1CC[C@H](CC(=O)NC3Cc4ccccc4C3)O[C@H]1CO2,0,0.014196,0.033287,0.020267
COc1ccc(cc1)S(=O)(=O)N(C)C[C@@H]1Oc2c(cccc2C(=O)N(C[C@@H]1C)[C@@H](C)CO)NS(=O)(=O)c1c(noc1C)C,0,0.005213,0.025234,0.008441
C[C@@H]1CN([C@H](C)CO)C(=O)Cc2cc(ccc2O[C@@H]1CN(C)S(=O)(=O)c1ccccc1)NC(=O)C1CC1,0,0.002475,0.023672,0.005521
C[C@H]1CN([C@@H](C)CO)C(=O)CCCn2cc(nn2)CO[C@H]1CN(C)C(=O)C1CC1,0,0.019175,0.024700,0.006476
O[C@H]1COC[C@H]2O[C@H](CC[C@@H]2N(C1)C(=O)Nc1cccc(c1)F)CC(=O)NCCCN1CCOCC1,0,0.819368,0.390242,0.410764
C[C@@H]1CCCCO[C@@H](CN(C)C(=O)C2CCCCC2)[C@H](C)CN([C@H](C)CO)C(=O)c2cc(ccc2O1)NC(=O)Nc1ccc2c(c1)OCO2,0,0.010486,0.022887,0.004337
C[C@H]1CN([C@H](C)CO)C(=O)c2cccc(c2O[C@H]1CN(C)C(=O)Nc1ccc(cc1)C(F)(F)F)NC(=O)CCCCCC(=O)Nc1ccccc1N,0,0.719239,0.155145,0.044834
C[C@H]1CCCCO[C@H](CN(C)Cc2ccncc2)[C@H](C)CN([C@@H](C)CO)C(=O)c2cc(ccc2O1)NC(=O)c1ccccc1,0,0.001918,0.023238,0.003398
C[C@@H](O)C#Cc1ccc2c(c1)O[C@H](CN(C)C(=O)c1ccncc1)[C@H](C)CN([C@H](C)CO)S2(=O)=O,0,0.015581,0.025204,0.004575
C[C@H]1CN([C@@H](C)CO)C(=O)Cc2cc(ccc2O[C@H]1CN(C)C(=O)Nc1c(noc1C)C)NS(=O)(=O)C,0,0.013800,0.025069,0.006675
C[C@H]1CN([C@H](C)CO)C(=O)c2cc(ccc2O[C@H]1CN(C)S(=O)(=O)c1cccs1)NC(=O)C1CC1,0,0.002077,0.024215,0.004980
C[C@H]1CN([C@H](C)CO)C(=O)c2cccc(c2O[C@@H]1CN(C)Cc1ccc(cc1)Oc1ccccc1)NC(=O)c1nc2ccccc2s1,0,0.001821,0.028057,0.008255
NC(=O)CNC(=O)c1cccc(c1)Cl,0,0.221885,0.056624,0.028129
C[C@H]1CN([C@@H](C)CO)C(=O)c2cc(cnc2O[C@@H]1CN(C)C(=O)Nc1c(noc1C)C)C#CCN(C)C,0,0.146418,0.023139,0.005894
C[C@H]1CN([C@@H](C)CO)C(=O)c2cccc(c2O[C@H]1CN(C)Cc1ccc(c(c1)Cl)Cl)NC(=O)C1CCCCC1,0,0.150731,0.033457,0.019645
C[C@H]1CCCCO[C@@H](CN(C)C(=O)NC2CCCCC2)[C@H](C)CN([C@H](C)CO)C(=O)c2cc(ccc2O1)NS(=O)(=O)c1cccs1,0,0.004678,0.024232,0.003846
C[C@@H]1CCCCO[C@H](CN(C)C(=O)Nc2c(noc2C)C)[C@H](C)CN([C@@H](C)CO)C(=O)c2cc(ccc2O1)NC(=O)Nc1ccc2c(c1)OCO2,0,0.013739,0.028875,0.004301
CO[C@@H]1CN(C)C(=O)c2cc(ccc2OC[C@@H](C)N(C[C@H]1C)C(=O)NC(C)C)NS(=O)(=O)c1ccccc1,0,0.003102,0.028075,0.006842
C[C@H]1CN([C@H](C)CO)C(=O)c2cccc(c2O[C@@H]1CN(C)Cc1ccc(cc1)C(=O)O)NS(=O)(=O)C,0,0.117586,0.028378,0.005119
OC[C@H]1O[C@H](O[C@H]2O[C@H](CO)[C@@H](O)[C@H](O)[C@H]2O)[C@H](O)[C@@H](O)[C@@H]1O,0,0.012355,0.176866,0.056700
C[C@@H]1CCCCO[C@H](CN(C)S(=O)(=O)c2c(noc2C)C)[C@@H](C)CN([C@@H](C)CO)C(=O)c2cc(ccc2O1)NC(=O)Nc1ccc(cc1)C(F)(F)F,0,0.242946,0.079340,0.022272
C[C@@H]1CCCCO[C@@H](CN(C)C(=O)Nc2ccc(cc2)F)[C@H](C)CN([C@@H](C)CO)C(=O)c2cc(ccc2O1)NC(=O)c1ccncc1,0,0.016407,0.022846,0.005473
CCCNC(=O)N(C)C[C@@H]1Oc2ncc(cc2C(=O)N(C[C@H]1C)[C@@H](C)CO)-c1ccc(cc1)C(=O)N(C)C,0,0.007629,0.023486,0.006182
C[C@H]1CCCCO[C@@H](CN(C)S(=O)(=O)c2cccs2)[C@@H](C)CN([C@H](C)CO)C(=O)c2cc(ccc2O1)NC(=O)Nc1ccc2c(c1)OCO2,0,0.001188,0.024510,0.003715
CON=C(C(=O)NC1C(=O)N2C(C(=O)O)=C(C[N+]3(C)CCCC3)CSC12)c1csc(N)n1.[Cl-],1,0.992364,0.944548,0.962131
C[C@@H]1CCCCO[C@@H](CN(C)Cc2ccc(cc2)C(=O)O)[C@H](C)CN([C@H](C)CO)C(=O)c2cc(ccc2O1)NC(=O)Nc1ccc(cc1)F,0,0.291529,0.031330,0.007860
C[C@@H]1CN([C@@H](C)CO)C(=O)c2cc(ccc2O[C@H]1CN(C)S(=O)(=O)C)NC(=O)Nc1ccc(cc1)F,0,0.114759,0.025415,0.010965
C[C@H]1CN([C@@H](C)CO)S(=O)(=O)c2ccc(cc2O[C@H]1CN(C)S(=O)(=O)C)C#CCN(C)C,0,0.042932,0.024988,0.007145
C[C@@H]1CN([C@H](C)CO)C(=O)c2cccc(c2O[C@H]1CN(C)Cc1ccc(cc1)Oc1ccccc1)NC(=O)Nc1ccc2c(c1)OCO2,0,0.004704,0.026308,0.005153
C[C@H]1CN([C@H](C)CO)C(=O)c2cccc(c2O[C@H]1CN(C)S(=O)(=O)c1cn(cn1)C)NC(=O)Nc1ccc(cc1)F,0,0.174984,0.024855,0.006149
COc1ccc(cc1)S(=O)(=O)N(C)C[C@H]1Oc2cc(ccc2S(=O)(=O)N(C[C@H]1C)[C@H](C)CO)C#CC1CC1,0,0.025477,0.030717,0.006684
C[C@H]1CN([C@@H](C)CO)C(=O)Cc2cc(ccc2O[C@H]1CN(C)S(=O)(=O)c1cn(cn1)C)NS(=O)(=O)c1ccccc1,0,0.001150,0.024212,0.003567
C[C@@H]1CN([C@@H](C)CO)C(=O)Cc2cc(ccc2O[C@@H]1CN(C)S(=O)(=O)C)NC(=O)Cc1ccccc1,0,0.002357,0.027372,0.006967
O[C@H]1[C@@H](O)[C@@H](O[C@@H]1COP(=O)(O)OP(=O)(O)OP(=O)(O)O)N1C=CC(=O)NC1=O,0,0.000000,0.248795,0.200705
CS(=O)(=O)N1CCn2cc(nc2C1)Cn1cccn1,0,0.002077,0.031362,0.014979
CNC[C@@H]1OCCCC[C@@H](C)Oc2ccc(cc2C(=O)N(C[C@@H]1C)[C@H](C)CO)NC(=O)Nc1cccc2ccccc12,0,0.052104,0.037707,0.013333
C[C@@H]1CN([C@@H](C)CO)C(=O)c2cc(ccc2O[C@@H]1CN(C)S(=O)(=O)c1ccc(cc1)Cl)NC(=O)CCN1CCOCC1,0,0.006955,0.024457,0.005420
COC(=O)CN(C)c1nnc(s1)N,0,0.414402,0.036916,0.020451
COc1ccc(cc1)NC(=O)N(C)C[C@H]1Oc2ccc(cc2CC(=O)N(C[C@H]1C)[C@@H](C)CO)NC(=O)CCCCCC(=O)Nc1ccccc1N,0,0.010743,0.023120,0.004996
C[C@H]1CN([C@@H](C)CO)S(=O)(=O)c2ccc(cc2O[C@@H]1CN(C)Cc1ccc(cc1)F)C#CC(C)(C)O,0,0.048433,0.034900,0.007358
CC(C)NC(=O)Nc1ccc2c(c1)CC(=O)N(C[C@H](C)[C@H](CN(C)S(=O)(=O)c1cn(cn1)C)O2)[C@H](C)CO,0,0.014203,0.024179,0.004349
CN1CCN(CC1)C(=O)C[C@@H]1O[C@@H](CO)[C@@H](NC(=O)Nc2c(noc2C)C)C=C1,0,0.250580,0.027366,0.022812
CN(C)CCCNC(=O)C[C@H]1CC[C@@H]2[C@@H](COc3ccc(cc3C(=O)N2C)NC(=O)NC2CCCC2)O1,0,0.077624,0.029331,0.011295
C[C@@H]1CN([C@@H](C)CO)C(=O)Cc2cc(ccc2O[C@H]1CN(C)S(=O)(=O)C)NC(=O)CCC(F)(F)F,0,0.036332,0.026639,0.013747
C[C@H]1CCCCO[C@@H](CN(C)C(=O)Nc2c(noc2C)C)[C@H](C)CN([C@@H](C)CO)C(=O)c2cc(ccc2O1)NC(=O)Nc1ccccc1,0,0.032400,0.023834,0.004572
COc1ccc(cc1)NC(=O)N(C)C[C@H]1Oc2c(cccc2C(=O)N(C[C@H]1C)[C@H](C)CO)NC(=O)Nc1ccc(cc1)C(F)(F)F,0,0.822858,0.864406,0.830736
CC(C)NC(=O)Nc1ccc2c(c1)C(=O)N(C[C@@H](C)[C@@H](CN(C)C(=O)C1CCCCC1)OCCCC[C@H](C)O2)[C@H](C)CO,0,0.010138,0.028370,0.009463
Nc1ccc(cn1)F,0,0.065360,0.064126,0.023909
COc1ccc(cc1)S(=O)(=O)N[C@H]1CC[C@@H](CC(=O)N2CCN(CC2)c2ccccc2)O[C@@H]1CO,0,0.010612,0.047375,0.015397
NC1CCN(CC1)C(=O)N1CCCC1,0,0.087108,0.056905,0.025311
COc1ccc2c3c([nH]c2c1)[C@H](CO)N(C[C@]13CN(Cc2ccccc2F)C1)S(=O)(=O)c1cn(cn1)C,0,0.018545,0.030693,0.011292
C[C@@H]1CN([C@H](C)CO)C(=O)c2cc(ccc2O[C@H]1CN(C)C(=O)Nc1ccc(cc1)C(F)(F)F)NC(=O)Cn1cnnn1,0,0.757844,0.422619,0.450009
NCCCN.O=C(O)C(O)C(O)C(=O)O,0,0.004918,0.076249,0.021353
O=c1cc(-c2cccc(O)c2)oc2ccc(O)cc12,0,0.220557,0.325202,0.272355
C[C@H]1CN([C@@H](C)CO)C(=O)c2cc(ccc2O[C@@H]1CN(C)S(=O)(=O)C)NS(=O)(=O)c1ccc(cc1)F,0,0.007285,0.027489,0.009443
NC(=O)N1C(=O)[C@@H]2[C@H]3C=C(CCCO)[C@@H]([C@H]2C1=O)[C@@H](N3Cc1cc2c(cc1Br)OCO2)c1cccs1,0,0.005082,0.579832,0.407192
COC(=O)CC1=C(C)Nc2ncnn2C1=O,0,0.034130,0.060905,0.034942
[O-][N+](=O)c1ccn(n1)CC(=O)Nc1cccnc1,0,0.996611,0.525514,0.321241
C[N+](C)(C)CCCC[C@@H]1NC(=O)[C@H]2C[C@H]([C@H](N2C1=O)c1cccc(c1)OCCO)C(=O)NCCCCCNC(=O)CS,0,0.000554,0.178904,0.136363
CC(C)NC(=O)N(C)C[C@@H]1Oc2ccc(cc2CC(=O)N(C[C@@H]1C)[C@@H](C)CO)NC(=O)C1CCCCC1,0,0.015465,0.038209,0.014833
C[C@H]1CN([C@@H](C)CO)C(=O)c2cccc(c2O[C@@H]1CN(C)Cc1ccc(cc1)C(F)(F)F)NC(=O)Nc1ccc(cc1)F,0,0.804591,0.102143,0.131614
CC(C)N1C[C@H](CNCc2ccc(cc2)Oc2ccccc2)Oc2c(cccc2C1=O)NC(=O)c1ccncc1,0,0.001264,0.111564,0.071179
COc1ccc(cc1)[Si](C)(C)[C@@H]1[C@@H](C)[C@@]2(O[C@H]1CC(=O)N(CCO)Cc1ccccc1)C(=O)N(Cc1cccc(c1)N1C(=O)c3cccc4cccc1c34)c1ccccc12,0,0.000570,0.063532,0.016708
C[C@@H]1CN([C@@H](C)CO)S(=O)(=O)c2ccc(cc2O[C@@H]1CN(C)CC1CCOCC1)C#Cc1cccnc1,0,0.147771,0.025695,0.005664
COc1ccc2c3c([nH]c2c1)[C@@H](CO)N(C[C@]13CCN(CC1)S(=O)(=O)c1ccccc1)C(=O)c1cnccn1,0,0.023126,0.027171,0.008906
COCC#Cc1ccc2c(c1)O[C@H](CN(C)Cc1ccccc1F)[C@@H](C)CN([C@@H](C)CO)S2(=O)=O,0,0.064824,0.029986,0.007794
COCC(=O)N1C[C@H](C)[C@H](CN(C)C(=O)c2cc(ccc2OC[C@H]1C)NC(=O)Nc1ccccc1)OC,0,0.024283,0.028268,0.007549
COc1ccc(cc1)NC(=O)N(C)C[C@@H]1Oc2c(cccc2C(=O)N(C[C@H]1C)[C@@H](C)CO)NS(=O)(=O)C,0,0.059880,0.023577,0.004097
C[C@@H]1CN([C@H](C)CO)C(=O)c2cc(ccc2O[C@@H]1CN(C)Cc1ccc(cc1)-c1ccccc1)NS(=O)(=O)c1ccc(cc1)C,0,0.004479,0.035557,0.005281
NC(=O)c1c(c(n2c1CCC2)C(=S)N)N,0,0.084321,0.074096,0.025447
C[C@@H]1CN([C@H](C)CO)C(=O)CCCn2nncc2CO[C@@H]1CN(C)S(=O)(=O)c1c(noc1C)C,0,0.008768,0.025947,0.005960
Clc1ccc2c(c1)CCc1cccnc1C2=C1CCNCC1,0,0.990361,0.763445,0.562293
COc1ccc(cc1)[Si](C)(C)[C@@H]1[C@@H](C)[C@@]2(O[C@H]1CC(=O)N1Cc3ccccc3C[C@H]1CO)C(=O)N(Cc1ccc(cc1)N1C(=O)c3cccc4cccc1c34)c1ccccc12,0,0.000141,0.059781,0.016715
CN(C)C(=O)CN1C[C@@H]2CCN(CC[C@H]2S1(=O)=O)C(=O)[C@H]1CCCO1,0,0.000556,0.055164,0.015220
CN(C)C(=O)C[C@H]1CC[C@@H]2[C@H](COC[C@H](O)CN2S(=O)(=O)c2ccccc2)O1,0,0.071084,0.033600,0.013869
Cc1sc(nc1-c1ccccc1)N,0,0.103369,0.250704,0.147251
C[C@H]1CN([C@@H](C)CO)C(=O)c2cccc(c2O[C@H]1CN(C)C(=O)NC1CCCCC1)NC(=O)Nc1cccc2ccccc12,0,0.065699,0.032179,0.011783
C[C@H]1CN([C@@H](C)CO)C(=O)Cc2cc(ccc2O[C@@H]1CN(C)S(=O)(=O)c1cn(cn1)C)NS(=O)(=O)c1cccs1,0,0.002850,0.024469,0.004113
COc1ccc(cc1)S(=O)(=O)N(C)C[C@@H]1Oc2ccc(cc2CC(=O)N(C[C@@H]1C)[C@@H](C)CO)NC(=O)C1CC1,0,0.004998,0.023675,0.005845
NC1=CC(=O)N=C2SC(=NN12)C1CC1,0,0.071094,0.114611,0.087096
Oc1ccc(cc1)[C@H]1[C@H](C[C@@H]2N1C(=O)[C@@H]1CCCN1C2=O)C(=O)OCCOc1ccc(cc1)[C@H]1N2[C@@H]([C@@H](C(=O)OCC=C)[C@]11C(=O)Nc3ccc(cc31)I)C(=O)O[C@@H]([C@@H]2c1ccccc1)c1ccccc1,0,0.030933,0.147890,0.011893
OC[C@@H]1O[C@@H](C[C@H]2[C@@H]1Oc1ccc(cc12)NC(=O)Nc1ccc(cc1)C(F)(F)F)CC(=O)NCc1cc(ccc1F)F,0,0.906411,0.106414,0.104735
C[C@@H]1CN([C@H](C)CO)C(=O)c2cc(ccc2O[C@@H]1CN(C)Cc1ccc(cc1)Oc1ccccc1)NC(=O)Nc1c(noc1C)C,0,0.009996,0.025630,0.008065
C[C@@H]1CN([C@@H](C)CO)C(=O)c2cc(ccc2O[C@@H]1CN(C)CC1CC1)NC(=O)Cn1cnnn1,0,0.044599,0.026063,0.012470
COc1ccc(cc1)S(=O)(=O)Nc1cccc2c1O[C@@H](CN(C)S(=O)(=O)c1ccccc1)[C@@H](C)CN([C@H](C)CO)C2=O,0,0.004825,0.028464,0.008155
CC(C)C[C@H](NC(=O)[C@H](CCc1ccccc1)NC(=O)CN1CCOCC1)C(=O)N[C@@H](Cc1ccccc1)C(=O)N[C@@H](CC(C)C)C(=O)[C@@]1(C)CO1,0,0.264754,0.100779,0.080282
C[C@@H]1CCCCO[C@H](CN(C)Cc2ccc(c(c2)Cl)Cl)[C@H](C)CN([C@@H](C)CO)C(=O)c2cc(ccc2O1)NS(=O)(=O)c1ccc(cc1)C,0,0.006186,0.024639,0.004524
CO[C@H](CN(C)S(=O)(=O)c1cccc(c1)Cl)[C@@H](C)CN([C@@H](C)CO)S(=O)(=O)c1cccc(c1)Cl,0,0.276109,0.107841,0.018144
NC(=N)NCCS,0,0.000000,0.119643,0.039670
C[C@H]1CN([C@H](C)CO)C(=O)c2cc(ccc2O[C@H]1CN(C)C(=O)Nc1ccc2c(c1)OCO2)NC(=O)C1CC1,0,0.007691,0.028404,0.005558
COCC(=O)N1C[C@@H](C)[C@H](CN(C)C(=O)c2ccc(cc2OC[C@H]1C)NC(=O)c1ccc(cc1)F)OC,0,0.023129,0.023671,0.010173
COC(=O)CC1=C(C(=O)OC)[C@@]2(C(C(=N)O1)C(=O)OC)C(=O)Nc1ccccc12,0,0.780141,0.403343,0.234225
C[C@H]1CCCCO[C@H](CN(C)Cc2ccc(cc2)C(=O)O)[C@@H](C)CN([C@H](C)CO)C(=O)c2cc(ccc2O1)NS(=O)(=O)c1cccs1,0,0.024847,0.028238,0.004971
C[C@H]1CN([C@H](C)CO)C(=O)CCCn2cc(nn2)CO[C@H]1CN(C)Cc1cccc2c1OCCCO2,0,0.044619,0.040900,0.007972
COc1ccc(cc1)NC(=O)Nc1ccc2c(c1)C(=O)N(C[C@@H](C)[C@@H](CN(C)C(=O)Nc1cccc3ccccc13)OCCCC[C@H](C)O2)[C@@H](C)CO,0,0.014383,0.024394,0.003675
C[C@@H]1CCCCO[C@H](CN(C)S(=O)(=O)c2ccc(cc2)C)[C@@H](C)CN([C@@H](C)CO)C(=O)c2cc(ccc2O1)NC(=O)Nc1ccc2c(c1)OCO2,0,0.002863,0.024234,0.003718
COc1ccc(cc1)S(=O)(=O)Nc1ccc2c(c1)C(=O)N(C[C@H](C)[C@H](CN(C)C(=O)NC1CCCCC1)OCCCC[C@H](C)O2)[C@H](C)CO,0,0.001500,0.024282,0.003938
CCc1nc2ccc(cn2c1N(Cc1ccc(cc1)OC)C=O)C(=O)N1CCN(CC1)S(=O)(=O)CC,0,0.000454,0.051311,0.010041
C[C@@H]1CN([C@@H](C)CO)C(=O)Cc2cc(ccc2O[C@@H]1CN(C)Cc1ccc(cc1)Oc1ccccc1)NC(=O)Nc1ccccc1,0,0.012127,0.028995,0.012382
C[C@@H]1CN([C@H](C)CO)C(=O)c2cc(ccc2O[C@@H]1CN(C)Cc1ccc(c(c1)Cl)Cl)NC(=O)Nc1ccc(cc1)C(F)(F)F,0,0.864043,0.118551,0.047337
C[C@@H]1[C@H]([C@H](CCO)O[C@@]11C(=O)N(CC=C)c2ccc(cc21)N1C(=O)c2cccc3cccc1c23)[Si](C)(C)F,0,0.004341,0.043669,0.047339
COCCOC(=O)N1C(=O)[C@@]2([C@H]([C@H]3N([C@@H]([C@@H](OC3=O)c3ccccc3)c3ccccc3)[C@H]2c2ccc(cc2)O)C(=O)NCC=C)c2cc(ccc21)C#CC1=CCCCC1,0,0.285178,0.150259,0.159944
C[C@H]1CCCCO[C@@H](CN(C)S(=O)(=O)C)[C@@H](C)CN([C@H](C)CO)C(=O)c2cc(ccc2O1)NS(=O)(=O)c1cccs1,0,0.002372,0.024615,0.004504
C[C@H]1CCCCO[C@H](CN(C)C(=O)c2ccncc2)[C@H](C)CN([C@H](C)CO)C(=O)c2cc(ccc2O1)NS(=O)(=O)C,0,0.001703,0.024828,0.003478
OCCCOc1ccc(cc1)C1=N[C@@](Cc2ccccc2CN=[N+]=[N-])([C@@H](O1)c1ccccc1N=[N+]=[N-])C(=O)NCc1ccccc1,0,0.865847,0.061326,0.042737
Cc1ccc(cc1)S(=O)(=O)N1C[C@@H](O)COC[C@H]2O[C@@H](CC[C@@H]21)CC(=O)NCc1ccccc1Cl,0,0.250100,0.054938,0.031993
C[C@@H]1CN([C@@H](C)CO)C(=O)Cc2cc(ccc2O[C@H]1CN(C)S(=O)(=O)c1cccs1)NS(=O)(=O)c1cccs1,0,0.001208,0.031493,0.008690
COc1ccc(cc1)CN(C)C[C@@H]1OCCCC[C@@H](C)Oc2ccc(cc2C(=O)N(C[C@H]1C)[C@H](C)CO)NC(=O)Nc1ccc2c(c1)OCO2,0,0.013221,0.023306,0.003484
C[C@@H]1CN([C@H](C)CO)C(=O)Cc2cc(ccc2O[C@@H]1CN(C)C(=O)Nc1ccccc1)NC(=O)CCCCCC(=O)Nc1ccccc1N,0,0.012221,0.021947,0.004499
OC[C@H]1O[C@H](CCNC(=O)C2CCCCC2)CC[C@@H]1NC(=O)CN1CCOCC1,0,0.042158,0.034585,0.028178
COc1ccc(cc1)NC(=O)Nc1ccc2c(c1)C(=O)N(C[C@@H](C)[C@H](CN(C)S(=O)(=O)c1c(noc1C)C)OCCCC[C@@H](C)O2)[C@H](C)CO,0,0.005607,0.025163,0.004542
CC(C)NC(=O)Nc1cccc2c1O[C@H](CN(C)Cc1ccc(cc1)-c1ccccc1)[C@H](C)CN([C@H](C)CO)C2=O,0,0.204527,0.043166,0.026724
C[C@@H]1CCCCO[C@H](CN(C)Cc2ccccc2)[C@@H](C)CN([C@@H](C)CO)C(=O)c2cc(ccc2O1)NC(=O)CCC(F)(F)F,0,0.083807,0.031478,0.025437
C[C@H]1CN([C@@H](C)CO)C(=O)Cc2cc(ccc2O[C@H]1CN(C)S(=O)(=O)C)NC(=O)Cn1cnnn1,0,0.006678,0.026747,0.007401
COc1ccc(cc1)NC(=O)Nc1ccc2c(c1)C(=O)N(C[C@H](C)[C@H](CN(C)S(=O)(=O)c1ccc(cc1)Cl)OCCCC[C@@H](C)O2)[C@H](C)CO,0,0.015954,0.024141,0.004510
C[C@H]1CN([C@@H](C)CO)C(=O)CCCn2nncc2CO[C@H]1CN(C)C(=O)c1cc(on1)-c1ccccc1,0,0.020779,0.023274,0.005524
C[C@@H]1CN([C@H](C)CO)C(=O)c2cc(ccc2O[C@@H]1CN(C)C(=O)Nc1cccc2ccccc12)NS(=O)(=O)c1cccs1,0,0.008333,0.024655,0.003678
COc1ccc(cc1)S(=O)(=O)Nc1ccc2c(c1)C(=O)N(C[C@@H](C)[C@H](CN(C)Cc1ccc(cc1)Oc1ccccc1)O2)[C@H](C)CO,0,0.000481,0.025016,0.004715
C[C@@H]1CN([C@H](C)CO)C(=O)c2cccc(c2O[C@H]1CN(C)Cc1ccc(cc1)Oc1ccccc1)NC(=O)Nc1ccc(cc1)C(F)(F)F,0,0.336307,0.070188,0.040074
CC(C)NC(=O)Nc1ccc2c(c1)C(=O)N(C[C@H](C)[C@@H](CN(C)S(=O)(=O)c1cn(cn1)C)OCCCC[C@H](C)O2)[C@@H](C)CO,0,0.010885,0.024803,0.004050
COC(=O)c1c2oc(c1C(=O)OC)C(=O)N[C@@H](Cc1ccccc1)Cn1cc(nn1)[C@H](Cc1ccccc1)NC(=O)N[C@H](CC2)COC(=O)NCCCCCC(=O)NO,0,0.000053,0.057403,0.016408
NNC(=O)[C@H]1CCCNC1=O,0,0.100118,0.030887,0.008752
C[C@H]1CCCCO[C@H](CN(C)S(=O)(=O)c2ccc(cc2)C)[C@@H](C)CN([C@@H](C)CO)C(=O)c2cc(ccc2O1)NC(=O)Nc1ccccc1,0,0.005966,0.024276,0.003445
C[C@H]1CN([C@H](C)CO)C(=O)c2cc(ccc2O[C@@H]1CN(C)S(=O)(=O)c1ccc(cc1)F)NC(=O)CCN1CCOCC1,0,0.007161,0.024507,0.005711
C[C@@H]1CN([C@@H](C)CO)C(=O)c2cccc(c2O[C@H]1CN(C)C(=O)Nc1ccc2c(c1)OCO2)NS(=O)(=O)C,0,0.033240,0.023533,0.004566
C[C@H]1CCCCO[C@H](CN(C)Cc2ccc3c(c2)OCO3)[C@@H](C)CN([C@H](C)CO)C(=O)c2cc(ccc2O1)NC(=O)C1CCCCC1,0,0.009977,0.026519,0.006114
Oc1ccccc1NC(=O)CCCCCC(=O)N/N=C/C[P+](c1ccccc1)(c1ccccc1)c1ccccc1,0,0.902407,0.771857,0.697001
C[C@@H]1CCCCO[C@@H](CN(C)C(=O)c2ccccc2)[C@@H](C)CN([C@@H](C)CO)C(=O)c2cc(ccc2O1)NC(=O)CCC(F)(F)F,0,0.034500,0.027323,0.008611
C[C@@H]1CN([C@@H](C)CO)C(=O)c2cccc(c2O[C@@H]1CN(C)S(=O)(=O)C)NC(=O)Nc1c(noc1C)C,0,0.057182,0.024224,0.006523
COc1ccc(cc1)S(=O)(=O)Nc1ccc2c(c1)C(=O)N(C[C@@H](C)[C@@H](CN(C)CC1CCCCC1)OCCCC[C@H](C)O2)[C@H](C)CO,0,0.005261,0.024763,0.006352
COc1ccc(cc1)C[C@H](NC(=O)[C@H](C)NC(=O)CN1CCOCC1)C(=O)N[C@@H](Cc1ccccc1)C(=O)[C@@]1(C)CO1,0,0.365315,0.077879,0.077011
C[C@H]1CCCCO[C@@H](CN(C)S(=O)(=O)c2ccc(cc2)F)[C@H](C)CN([C@H](C)CO)C(=O)c2cc(ccc2O1)NS(=O)(=O)c1cn(cn1)C,0,0.022252,0.024690,0.005133
C[C@H]1CCCCO[C@H](CN(C)C(=O)c2ccccc2)[C@@H](C)CN([C@@H](C)CO)C(=O)c2cc(ccc2O1)NC(=O)Nc1ccc(cc1)F,0,0.012787,0.022520,0.005631
C[C@H]1CN([C@H](C)CO)C(=O)Cc2cc(ccc2O[C@@H]1CN(C)C)NS(=O)(=O)c1ccc(cc1)Cl,0,0.008300,0.026932,0.008112
C[C@@H](O)C#Cc1ccc2c(c1)O[C@@H](CN(C)C(=O)Nc1ccccc1)[C@H](C)CN([C@@H](C)CO)S2(=O)=O,0,0.090706,0.026904,0.007424
C[C@H]1CN([C@@H](C)CO)C(=O)c2cc(ccc2O[C@H]1CN(C)C(=O)Nc1ccc(cc1)C(F)(F)F)NC(=O)CCC(F)(F)F,0,0.850751,0.386942,0.226507
NNC(=O)c1nnn(c1CN1CCCCC1)-c1nonc1N,0,0.871645,0.076635,0.055170
COc1ccc(cc1)S(=O)(=O)Nc1ccc2c(c1)C(=O)N(C[C@@H](C)[C@H](CN(C)S(=O)(=O)c1cn(cn1)C)OCCCC[C@H](C)O2)[C@@H](C)CO,0,0.001300,0.024823,0.005338
C[C@H]1CCCCO[C@@H](CN(C)C(=O)C2CCCCC2)[C@H](C)CN([C@H](C)CO)C(=O)c2cc(ccc2O1)NC(=O)C1CCCCC1,0,0.006743,0.026053,0.008315
CC[C@@H](O[Si](C#C[Si](C(C)C)(C(C)C)C(C)C)(C(C)C)C(C)C)c1cn(nn1)[C@H](CO)Cc1ccccc1,0,0.957448,0.251032,0.138316
C[C@H]1CN([C@@H](C)CO)S(=O)(=O)c2ccc(cc2O[C@H]1CN(C)Cc1cncnc1)-c1ccc(cc1)C,0,0.024345,0.029520,0.007090
C[C@@H]1CN([C@@H](C)CO)C(=O)c2cc(cnc2O[C@H]1CN(C)C(=O)CCN1CCCCC1)C#CCN(C)C,0,0.052796,0.023685,0.006385
C[C@@H]1CCCCO[C@@H](CN(C)CC2CCCCC2)[C@H](C)CN([C@H](C)CO)C(=O)c2cc(ccc2O1)NC(=O)Nc1ccccc1,0,0.080310,0.040312,0.013104
COCC#Cc1ccc2c(c1)O[C@H](CN(C)S(=O)(=O)c1ccc(cc1)F)[C@@H](C)CN([C@@H](C)CO)S2(=O)=O,0,0.118275,0.026157,0.008136
C[C@@H]1CN([C@@H](C)CO)C(=O)c2cccc(c2O[C@H]1CN(C)S(=O)(=O)C)NC(=O)c1ccc(cc1)-c1nccs1,0,0.016814,0.024245,0.003398
C[C@H]1CN([C@H](C)CO)C(=O)c2cccc(c2O[C@H]1CN(C)Cc1ccc(cc1)-c1ccccc1)NS(=O)(=O)c1ccccc1,0,0.006870,0.035294,0.005910
C[C@H]1CCCCO[C@@H](CN(C)C(=O)c2ccccc2)[C@@H](C)CN([C@H](C)CO)C(=O)c2cc(ccc2O1)NS(=O)(=O)c1ccc(cc1)C,0,0.000295,0.024238,0.003690
C[C@@H]1CN([C@H](C)CO)C(=O)c2cccc(c2O[C@H]1CN(C)Cc1ccc(cc1)Oc1ccccc1)NC(=O)NC1CCCCC1,0,0.018649,0.027303,0.013703
C[C@@H]1CN([C@H](C)CO)C(=O)Cc2cc(ccc2O[C@@H]1CN(C)Cc1ccc(cc1)Oc1ccccc1)NC(=O)Cc1ccccc1,0,0.002988,0.028885,0.008693
C[C@@H]1CCCCO[C@@H](CN(C)Cc2ccc(c(c2)Cl)Cl)[C@H](C)CN([C@@H](C)CO)C(=O)c2cc(ccc2O1)NC(=O)C1CCCCC1,0,0.074825,0.032028,0.009770
C[C@H]1CN([C@@H](C)CO)C(=O)c2cc(ccc2O[C@@H]1CN(C)S(=O)(=O)C)NC(=O)Nc1ccc(cc1)C(F)(F)F,0,0.492542,0.422661,0.122652
C[C@H]1CN([C@H](C)CO)S(=O)(=O)c2ccc(cc2O[C@@H]1CN(C)S(=O)(=O)c1ccc(cc1)F)C1=CCCC1,0,0.007621,0.029279,0.007465
C[C@@H]1CCCCO[C@H](CN(C)C(=O)Nc2ccc(cc2)C(F)(F)F)[C@@H](C)CN([C@@H](C)CO)C(=O)c2cc(ccc2O1)NC(=O)Nc1cccc2ccccc12,0,0.229859,0.023712,0.006753
C[C@@H]1CN([C@@H](C)CO)C(=O)c2cccc(c2O[C@H]1CN(C)S(=O)(=O)c1cn(cn1)C)NC(=O)Nc1ccccc1,0,0.054586,0.024370,0.004298
COc1ccc(cc1)S(=O)(=O)N(C)C[C@H]1OCCCC[C@H](C)Oc2ccc(cc2C(=O)N(C[C@H]1C)[C@H](C)CO)NC(=O)c1ccccc1,0,0.000743,0.024270,0.003398
O[C@H]1COC[C@@H]2O[C@H](CC[C@H]2N(C1)C(=O)c1ccccc1F)CC(=O)N1CCN(CC1)c1ccccc1,0,0.444213,0.069109,0.121794
C=CCSCC=C,0,0.000248,0.180451,0.103698
C[C@H]1CCCCO[C@H](CN(C)CC2CCCCC2)[C@H](C)CN([C@@H](C)CO)C(=O)c2cc(ccc2O1)NC(=O)Cc1ccccc1,0,0.023339,0.024868,0.009403
C1CN(CCN1)CCc1ccccn1,0,0.018253,0.040969,0.018590
CCCCC[C@H](O)/C=C/[C@H]1[C@H](O)CC(=O)[C@@H]1C/C=C\CCCC(=O)O,0,0.170655,0.241047,0.179090
COCCOC(=O)N1C(=O)[C@]2([C@@H]([C@@H]3N([C@H]([C@H](OC3=O)c3ccccc3)c3ccccc3)[C@@H]2c2ccccc2OCCO)C(=O)N2CCc3cc(c(cc3C2)OC)OC)c2cc(ccc21)C#Cc1ccc(cc1)OC,0,0.036395,0.042706,0.006301
COc1ccc2c3c([nH]c2c1)[C@@H](CO)N(C[C@]13CCN(CC1)Cc1nccs1)C(=O)C1CCOCC1,0,0.342955,0.212839,0.111498
Cn1cnc(c1)S(=O)(=O)N1C[C@@H](O)COC[C@H]2O[C@@H](CC[C@@H]21)CC(=O)NC1CCC1,0,0.096512,0.058160,0.013449
N#Cc1ccc(nc1)N1CCCNCC1,0,0.016244,0.039702,0.035454
C[C@@H]1CN([C@@H](C)CO)S(=O)(=O)c2ccc(cc2O[C@H]1CN(C)Cc1cncnc1)-c1ccccc1F,0,0.033585,0.035269,0.006258
C[C@H]1CN([C@@H](C)CO)C(=O)c2cc(ccc2O[C@@H]1CN(C)C(=O)Nc1ccc2c(c1)OCO2)NS(=O)(=O)C,0,0.028091,0.039145,0.005168
C[C@H]1CN([C@H](C)CO)C(=O)CCCn2nncc2CO[C@@H]1CN(C)C(=O)Nc1cccc(c1)C(F)(F)F,0,0.799851,0.926457,0.956871
C[C@@H]1CN([C@@H](C)CO)S(=O)(=O)c2ccc(cc2O[C@@H]1CN(C)C(=O)C1CCCCC1)C#CC1CC1,0,0.038635,0.034707,0.010800
CN(C)c1nc(nc(n1)N(C)C)SCC(=O)N,0,0.318665,0.219599,0.081169
COc1ccc(cc1)[Si](C)(C)[C@H]1[C@H](C)[C@]2(O[C@@H]1CCO)C(=O)N(Cc1ccc(cc1)N1C(=O)c3ccccc3Oc3ccccc31)c1ccccc12,0,0.002252,0.043353,0.018633
C[C@H]1CN([C@@H](C)CO)C(=O)c2cc(ccc2O[C@H]1CN(C)S(=O)(=O)c1ccc(cc1)F)NC(=O)Cn1cnnn1,0,0.039838,0.024505,0.005566
C[C@@H]1CCCCO[C@@H](CN(C)C(=O)Nc2ccccc2)[C@H](C)CN([C@@H](C)CO)C(=O)c2cc(ccc2O1)NC(=O)NC1CCCCC1,0,0.011847,0.023361,0.004311
C[C@@H]1CCCCO[C@H](CN(C)Cc2ccc(c(c2)Cl)Cl)[C@H](C)CN([C@@H](C)CO)C(=O)c2cc(ccc2O1)NC(=O)CCC(F)(F)F,0,0.356174,0.040240,0.014816
C[C@H]1CN([C@@H](C)CO)C(=O)c2cccc(c2O[C@H]1CN(C)CC1CC1)NS(=O)(=O)c1cccs1,0,0.017468,0.026975,0.004948
C[C@H]1CN([C@@H](C)CO)C(=O)c2cc(ccc2O[C@@H]1CN(C)C(=O)Nc1cccc2ccccc12)NS(=O)(=O)c1ccc(cc1)F,0,0.008870,0.024935,0.005441
C[C@H]1CN([C@@H](C)CO)C(=O)Cc2cc(ccc2O[C@H]1CN(C)Cc1ccc(cc1)Oc1ccccc1)NC(=O)C1CC1,0,0.009929,0.033772,0.015761
CN1CCN(CC1)C(=O)C[C@@H]1O[C@@H](CO)[C@@H](NS(=O)(=O)c2cccc(c2)F)C=C1,0,0.071108,0.032739,0.013179
CC1(C)[C@H]2CC[C@@]1(CS(=O)(=O)N)C(=O)C2,0,0.000002,0.304136,0.011655
CCn1nnnc1NCc1cccn1C,0,0.099003,0.065099,0.048598
O[C@H]1COC[C@@H]2O[C@H](CC[C@H]2N(C1)S(=O)(=O)c1cccc(c1)Cl)CC(=O)NCCCN1CCOCC1,0,0.342771,0.103313,0.044264
OC[C@@H]1O[C@H](CC(=O)NCCCN2CCOCC2)C=C[C@H]1NC(=O)Cc1ccccn1,0,0.015109,0.035768,0.018773
C[C@H]1CCCCO[C@H](CN(C)S(=O)(=O)c2ccc(cc2)F)[C@@H](C)CN([C@@H](C)CO)C(=O)c2cc(ccc2O1)NS(=O)(=O)C,0,0.015129,0.024311,0.006310
CCOn1ccnc1,0,0.038713,0.086123,0.032489
C[C@H]1CN([C@H](C)CO)C(=O)c2cc(cnc2O[C@H]1CN(C)S(=O)(=O)c1ccc(cc1)C#N)Br,0,0.005409,0.025452,0.006890
C[C@@H]1CN([C@@H](C)CO)C(=O)CCCn2nncc2CO[C@@H]1CN(C)S(=O)(=O)c1ccc(cc1)Cl,0,0.033765,0.026951,0.008665
COCC(=O)Nc1ccc2c(c1)C(=O)N(C)C[C@@H](OC)[C@@H](C)CN([C@H](C)CO2)C(=O)c1ccccc1F,0,0.061115,0.026388,0.017727
OC(=O)Cn1cc2c(n1)CCCC2,0,0.103465,0.043833,0.030585
NC(=O)N1c2ccccc2CC(=O)c2ccccc21,0,0.708168,0.517353,0.345529
C[C@H]1CN([C@@H](C)CO)C(=O)c2cc(ccc2O[C@@H]1CN(C)S(=O)(=O)C)NC(=O)NC1CCCCC1,0,0.012487,0.024617,0.005806
COc1ccc(cc1)S(=O)(=O)N[C@@H]1CC[C@H](CCNC(=O)CN2CCOCC2)O[C@H]1CO,0,0.007213,0.026848,0.008811
CC(C)CN[C@H]1CCS(=O)(=O)C1,0,0.003168,0.034790,0.020354
CCCCOCCOc1ccc(cc1)-c1ccc2c(c1)/C=C(\CCCN2CC(C)C)C(=O)Nc1ccc(cc1)[S@@](=O)Cc1cncn1CCC,0,0.781520,0.213035,0.101186
O[C@H]1COC[C@@H]2O[C@H](CC[C@H]2N(C1)S(=O)(=O)c1cccc(c1)F)CC(=O)NCCCN1CCOCC1,0,0.309092,0.057049,0.018632
C[C@@H]1CN([C@@H](C)CO)S(=O)(=O)c2ccc(cc2O[C@H]1CN(C)S(=O)(=O)c1ccccc1)C#Cc1ccncc1,0,0.020974,0.030173,0.005989
C[C@H]1CN([C@@H](C)CO)C(=O)c2cc(ccc2O[C@@H]1CN(C)S(=O)(=O)C)NC(=O)Cc1ccccc1,0,0.004937,0.024582,0.005497
C[C@H]1CN([C@@H](C)CO)C(=O)Cc2cc(ccc2O[C@H]1CN(C)Cc1ccc(cc1)C(=O)Nc1ccccc1N)NS(=O)(=O)c1cn(cn1)C,0,0.004871,0.026531,0.003932
CC(C)[C@@]1(NC(=O)[C@@H]2C[C@H]3[C@@H](Cc4c[nH]c5cccc3c45)N(C)C2)O[C@@]2(O)[C@@H]3CCCN3C(=O)[C@H](Cc3ccccc3)N2C1=O,0,0.003465,0.212969,0.082266
C[C@@H]1CCCCO[C@@H](CN(C)C(=O)Cc2ccccc2)[C@H](C)CN([C@@H](C)CO)C(=O)c2cc(ccc2O1)NC(=O)Nc1ccc(cc1)F,0,0.026280,0.023414,0.007885
Cc1cc(n(n1)C)NC(=O)CCCC(=O)O,0,0.023256,0.044631,0.026841
NCCN1N=CC=CC1=O,0,0.007086,0.052111,0.028582
C[C@@H]1CN([C@@H](C)CO)C(=O)c2ccccc2-c2ccccc2CO[C@@H]1CN(C)Cc1cccc(c1)C(F)(F)F,0,0.196000,0.388420,0.306872
C[C@@H]1CCCCO[C@@H](CN(C)Cc2ccncc2)[C@H](C)CN([C@H](C)CO)C(=O)c2cc(ccc2O1)NC(=O)Nc1ccccc1,0,0.013342,0.022901,0.004084
CN1[C@H]2CC[C@H](CC(=O)Nc3cc(ccc3F)F)O[C@@H]2COc2ccc(cc2C1=O)NC(=O)c1cnccn1,0,0.134467,0.040758,0.034813
Oc1ccc(cc1)[C@H]1[C@H](C[C@@H]2N1C(=O)[C@@H]1CCCN1C2=O)C(=O)OCCOc1ccc(cc1)[C@@H]1N2[C@H]([C@H](C(=O)OCC=C)[C@@]11C(=O)Nc3ccccc31)C(=O)O[C@H]([C@H]2c1ccccc1)c1ccccc1,0,0.023783,0.104531,0.015242
CCc1nnc([nH]1)N,0,0.024826,0.053263,0.012250
C[C@@H]1CN([C@H](C)CO)C(=O)c2cc(ccc2O[C@@H]1CN(C)Cc1ccc2c(c1)OCO2)NC(=O)Nc1ccc(cc1)C(F)(F)F,0,0.215072,0.222595,0.096366
COC[C@H]1CCCNC1,0,0.034301,0.033504,0.010788
C[C@@H]1CCCCO[C@H](CN(C)Cc2ccc3c(c2)OCO3)[C@@H](C)CN([C@@H](C)CO)C(=O)c2cc(ccc2O1)NC(=O)Nc1ccc(cc1)C(F)(F)F,0,0.255157,0.029080,0.014045
C[C@@H]1CN([C@H](C)CO)S(=O)(=O)c2ccc(cc2O[C@@H]1CN(C)C(=O)c1cccnc1)-c1cccc(c1)C#N,0,0.001424,0.025049,0.003470
C[C@@H]1CN([C@H](C)CO)C(=O)Cc2cc(ccc2O[C@@H]1CN(C)C(=O)Nc1cccc2ccccc12)NC(=O)Nc1ccccc1,0,0.020631,0.023891,0.006432
Fc1cccc2c(ccnc12)Cl,0,0.456782,0.128747,0.040132
C[C@H]1CN([C@H](C)CO)C(=O)c2cc(cnc2O[C@H]1CN(C)C(=O)Nc1ccc2c(c1)OCO2)C#CCN(C)C,0,0.073306,0.023373,0.003977
COC(=O)CSC1=NNC(=C2C=CC=CC2=C)O1,0,0.308958,0.140986,0.094256
C[C@@H]1CCCCO[C@@H](CN(C)S(=O)(=O)c2ccc(cc2)F)[C@@H](C)CN([C@H](C)CO)C(=O)c2cc(ccc2O1)NC(=O)Nc1c(noc1C)C,0,0.017826,0.025877,0.005805
C[C@@H]1CN([C@@H](C)CO)S(=O)(=O)c2ccc(cc2O[C@@H]1CN(C)C(=O)Nc1ccc2c(c1)OCO2)C#Cc1ccncc1,0,0.026413,0.032075,0.004367
COc1ccc2c3c([nH]c2c1)[C@@H](CO)N(C[C@]13CCN(CC1)C(=O)c1ccccc1F)C(=O)Nc1ccc(cc1)F,0,0.353619,0.392904,0.195851
C[C@H]1CN([C@H](C)CO)C(=O)Cc2cc(ccc2O[C@@H]1CN(C)Cc1ccc(cc1)C(F)(F)F)NC(=O)Nc1ccc(cc1)F,0,0.448468,0.062167,0.046884
C[C@@H]1CCCCO[C@@H](CN(C)S(=O)(=O)c2ccc(cc2)F)[C@@H](C)CN([C@@H](C)CO)C(=O)c2cc(ccc2O1)NC(=O)Nc1ccc(cc1)C(F)(F)F,0,0.365343,0.173781,0.010054
C[C@H]1CN([C@H](C)CO)C(=O)c2cc(ccc2O[C@H]1CN(C)S(=O)(=O)c1ccc(cc1)F)NC(=O)Nc1cccc2ccccc12,0,0.025650,0.024525,0.006027
COc1ccc(cc1)-c1ccc2c(c1)O[C@@H](CN(C)CC1CCOCC1)[C@H](C)CN([C@H](C)CO)S2(=O)=O,0,0.091264,0.058356,0.008951
C[C@H]1CCCCO[C@H](CN(C)CC2CCCCC2)[C@H](C)CN([C@H](C)CO)C(=O)c2cc(ccc2O1)NC(=O)Nc1ccc(cc1)C(F)(F)F,0,0.687675,0.450682,0.294484
CC=CC1=CC=C2[C@@H]3[C@@H]([C@@H](CO)[C@H](CN2C1=O)N3S(=O)(=O)c1cn(cn1)C)C(=O)NC1CCC1,0,0.006538,0.028036,0.007375
O=S1(=O)NCNc2ccccc21,0,0.061513,0.029294,0.014470
CC(=O)N[C@@H]1CC[C@@H](CCNC(=O)C2CC2)O[C@@H]1CO,0,0.045078,0.028700,0.012617
C[C@@H]1CN([C@@H](C)CO)S(=O)(=O)c2ccc(cc2O[C@@H]1CN(C)C(=O)C)C#CCN(C)C,0,0.035699,0.033999,0.008607
Cc1ccc(cc1)Nc1nc(c(s1)C)-c1ccc(cc1)C,0,0.863170,0.387737,0.403959
NCc1ccc(cc1)-c1ccccc1O,0,0.706942,0.351045,0.307619
C/C=C/c1ccc2c(c1)O[C@@H](CN(C)Cc1ccc(cc1)C(=O)O)[C@H](C)CN([C@H](C)CO)S2(=O)=O,0,0.046634,0.029468,0.007640
C[C@@H]1CN([C@H](C)CO)C(=O)c2cc(cnc2O[C@H]1CN(C)C(=O)c1cccnc1)-c1ccc(cc1)C(=O)N(C)C,0,0.001789,0.025307,0.005710
COc1ccc(cc1)NC(=O)Nc1ccc2c(c1)CC(=O)N(C[C@H](C)[C@H](CN(C)C(=O)Nc1cccc3ccccc13)O2)[C@H](C)CO,0,0.016344,0.024515,0.005943
C[C@@H]1CN([C@@H](C)CO)C(=O)c2cccc(c2O[C@@H]1CN(C)Cc1ccccc1)NC(=O)Nc1ccc(cc1)C(F)(F)F,0,0.499150,0.261884,0.210664
C[C@@H]1CN([C@@H](C)CO)C(=O)c2cccc(c2O[C@@H]1CN(C)Cc1ccc(cc1)C(F)(F)F)NC(=O)Nc1ccc(cc1)F,0,0.804591,0.102143,0.131614
C[C@@H]1CN([C@H](C)CO)C(=O)c2cc(ccc2O[C@H]1CN(C)C(=O)Nc1ccc(cc1)C(F)(F)F)NC(=O)Cc1ccccc1,0,0.455883,0.127315,0.168690
NCc1ccccc1F,0,0.261189,0.048833,0.019079
C[C@H]1CN([C@@H](C)CO)C(=O)Cc2cc(ccc2O[C@@H]1CN(C)S(=O)(=O)c1ccc(cc1)C)NC(=O)C1CC1,0,0.003771,0.023660,0.005678
CN(C)CCCNC(=O)[C@]1(C)[C@@H](N(Cc2cc(cc(c2)C(F)(F)F)F)C(=O)c2ccccc21)c1ccc(cc1)CO,0,0.858462,0.362185,0.192662
C[C@@H]1CN([C@@H](C)CO)C(=O)c2ccccc2-c2ccccc2CO[C@H]1CN(C)C(=O)N[C@@H](C)c1ccccc1,0,0.026987,0.043953,0.020733
C[C@@H]1CCCCO[C@@H](CN(C)S(=O)(=O)c2ccccc2)[C@@H](C)CN([C@H](C)CO)C(=O)c2cc(ccc2O1)NS(=O)(=O)C,0,0.003261,0.024229,0.004410
OC[C@H]1O[C@@H](O[C@@H]2[C@@H](CO)O[C@](O)(CO)[C@H]2O)[C@H](O)[C@@H](O)[C@H]1O,0,0.011930,0.143018,0.052252
CC(C)NC(=O)Nc1ccc2c(c1)CC(=O)N(C[C@H](C)[C@H](CN(C)S(=O)(=O)c1ccc(cc1)C)O2)[C@@H](C)CO,0,0.011722,0.028816,0.006357
CC12C=CC(=O)C=C1CCC1C2C(O)CC2(C)C1CCC2(O)C(=O)COP(=O)([O-])[O-].[Na+].[Na+],0,0.000000,0.481173,0.332399
COc1ccc(cc1)[Si](C)(C)[C@@H]1[C@@H](C)[C@]2(O[C@H]1CCOC(=O)NCCCCCC(=O)NO)C(=O)N(Cc1ccccc1)c1ccc(cc12)NC(=O)[C@@H](C)OC(=O)NCCCCCC(=O)NO,0,0.000000,0.091923,0.018135
COc1ccc(cc1)S(=O)(=O)Nc1ccc2c(c1)C(=O)N(C[C@@H](C)[C@H](CN(C)CC1CC1)O2)[C@@H](C)CO,0,0.007833,0.024227,0.004994
OC(=O)c1ccoc1,0,0.106352,0.091774,0.054767
C[C@H]1CN([C@H](C)CO)C(=O)Cc2cc(ccc2O[C@H]1CN(C)C(=O)Nc1cccc2ccccc12)NC(=O)Nc1cccc2ccccc12,0,0.010480,0.026145,0.007317
CSCC[C@@H](N)C(=O)O,0,0.002353,0.050285,0.028307
C[C@H]1CN([C@@H](C)CO)C(=O)c2cccc(c2O[C@@H]1CN(C)Cc1ccc(cc1)-c1ccccc1)NC(=O)C1CC1,0,0.122864,0.046981,0.032882
CC1=C(N2[C@H](SC1)[C@H](NC(=O)[C@@H](N)c1ccccc1)C2=O)C(=O)O,0,0.996777,0.944417,0.832633
CCC(=O)NC[C@H](Cc1ccc(cc1)OCCc1nc(oc1C)-c1ccccc1)N/C(=C\C(=O)c1ccc(cc1)C(F)(F)F)C,0,0.000136,0.252297,0.215776
C[C@H]1CCCCO[C@@H](CN(C)S(=O)(=O)c2cccs2)[C@@H](C)CN([C@H](C)CO)C(=O)c2cc(ccc2O1)NC(=O)Nc1c(noc1C)C,0,0.003037,0.024729,0.004549
NCCc1ccc(cc1)S(=O)(=O)N,0,0.000005,0.066680,0.012651
C[C@H]1CN([C@H](C)CO)C(=O)Cc2cc(ccc2O[C@@H]1CN(C)Cc1ccc(cc1)C(F)(F)F)NC(=O)Cn1cnnn1,0,0.211298,0.098638,0.051949
CCc1nc2ccc(cn2c1N(C)C(=O)COc1ccccc1)C(=O)N1CCN(CC1)C(=O)c1ccco1,0,0.000468,0.126474,0.034749
C/C=C/c1ccc2c(c1)O[C@H](CN(C)S(=O)(=O)c1ccc(cc1)C)[C@H](C)CN([C@H](C)CO)S2(=O)=O,0,0.006535,0.031052,0.007199
C[C@@H]1CN([C@H](C)CO)C(=O)c2cccc(c2O[C@H]1CN(C)C(=O)Nc1ccccc1)NC(=O)CCCCCC(=O)Nc1ccccc1N,0,0.041806,0.024839,0.005971
C[C@H]1CCCCO[C@H](CN(C)S(=O)(=O)c2ccc(cc2)C)[C@@H](C)CN([C@H](C)CO)C(=O)c2cc(ccc2O1)NC(=O)c1ccccc1,0,0.000686,0.024238,0.003660
C[C@@H](N(C1CCCCC1)C(=O)Nc1ccccc1)c1cccnc1,0,0.260767,0.482948,0.356020
CC(C)(C)[S@@](=O)N1Cc2cc(nc(c2[C@H]1CCO)-c1cccc(c1)-c1ccc(cc1)C#N)C(=O)NCCN1CCCCC1,0,0.013067,0.125709,0.051228
CC(=O)O[C@H]1CC[C@@]2(C)[C@@H](CC[C@]3(C)[C@@H]2CC[C@H]2[C@H]4CC(C)(C)CC[C@@]4(CC[C@]23C)C(=O)O)C1(C)C,0,0.927878,0.390238,0.424437
C[C@H]1CN([C@@H](C)CO)S(=O)(=O)c2ccc(cc2O[C@H]1CN(C)C(=O)CN(C)C)C#CC(C)(C)O,0,0.151333,0.190739,0.014066
COc1ccc(cc1)NC(=O)Nc1ccc2c(c1)C(=O)N(C[C@H](C)[C@H](CN(C)C(=O)Nc1cccc3ccccc13)OCCCC[C@@H](C)O2)[C@H](C)CO,0,0.014383,0.024394,0.003675
COc1ccc(cc1)CN(C)C[C@H]1OCCCC[C@H](C)Oc2ccc(cc2C(=O)N(C[C@@H]1C)[C@@H](C)CO)NC(=O)NC(C)C,0,0.026919,0.033147,0.008903
COc1cc2c(cc1OC)CC(=O)N(CCCN(C)CC1Cc3cc(OC)c(OC)cc31)CC2.Cl,0,0.897969,0.224351,0.141399
Cc1nccc2c3ccccc3[nH]c12,0,0.045446,0.160875,0.121220
O=C1OC(CN2CCOCC2)CN1N=Cc1ccc([N+](=O)[O-])o1,1,0.995909,0.720206,0.847520
COc1ccc(cc1)NC(=O)N(C)C[C@H]1Oc2c(cccc2C(=O)N(C[C@H]1C)[C@@H](C)CO)NC(=O)C1CC1,0,0.059875,0.029512,0.010566
COc1cc2c(cc1C=O)OCO2,0,0.825485,0.072871,0.065432
CO[C@@H]1CN(C)C(=O)c2cc(ccc2OC[C@H](C)N(C[C@@H]1C)S(=O)(=O)c1cn(cn1)C)NC(=O)CC(F)(F)F,0,0.128663,0.035852,0.030945
COCCOC(=O)N1C(=O)[C@]2([C@@H]([C@@H]3N([C@H]([C@H](OC3=O)c3ccccc3)c3ccccc3)[C@@H]2c2ccc(cc2)OCCO)C(=O)N2CCCCCCC2)c2cc(ccc21)C#CCC(C(=O)OC)C(=O)OC,0,0.014016,0.048510,0.015646
COc1ccc(cc1)CN(C)C[C@@H]1OCCCC[C@@H](C)Oc2ccc(cc2C(=O)N(C[C@@H]1C)[C@H](C)CO)NS(=O)(=O)c1cccs1,0,0.003632,0.024213,0.003572
C[C@H](O)C#Cc1ccc2c(c1)O[C@@H](CN(C)C(=O)c1ccccc1)[C@@H](C)CN([C@@H](C)CO)S2(=O)=O,0,0.016664,0.027181,0.005132
COc1oc(c(c1S(=O)(=O)c1ccccc1NC(=O)C)-c1ccc(cc1)Cl)C(=O)NC1CCCCC1,0,0.140485,0.522991,0.376948
COc1ccc(cc1)S(=O)(=O)Nc1cccc2c1O[C@H](CN(C)C(=O)Nc1cccc3ccccc13)[C@H](C)CN([C@@H](C)CO)C2=O,0,0.007116,0.025446,0.005693
CC(C)NC(=O)N(C)C[C@@H]1Oc2ccc(cc2CC(=O)N(C[C@H]1C)[C@H](C)CO)NC(=O)Nc1ccc2c(c1)OCO2,0,0.025218,0.025252,0.006099
C[C@@H]1CN([C@@H](C)CO)C(=O)c2c(c3ccccc3n2C)-c2ccccc2CO[C@H]1CN(C)Cc1cccc(c1)C(=O)Nc1ccccc1N,0,0.016369,0.033052,0.012935
C[C@@H]1CN([C@H](C)CO)C(=O)c2cc(ccc2O[C@H]1CN(C)Cc1ccc2c(c1)OCO2)NC(=O)Nc1cccc2ccccc12,0,0.007698,0.031403,0.008697
Cc1cccnc1[C@@H](NC(=O)C1CCN(CC1)Cc1ccc(c(c1)Cl)Cl)c1ccc(cc1)Cl,0,0.944488,0.878264,0.790570
CCO[C@H]1[C@H]2CC[C@@H]1N(CCO2)C(=O)N(C)C,0,0.014852,0.026930,0.010014
CCOC1OC2OC3(C)CCC4C(C)CCC(C1C)C24OO3,0,0.622249,0.124073,0.080688
Cc1cnc(cn1)C(=O)Nc1nn[nH]n1,0,0.082898,0.071147,0.028448
CC(C)(N)c1cn(nn1)CC1CCN(CC1)C(=O)c1ccccc1-n1cccn1,0,0.792970,0.150743,0.136884
C[C@@H]1CCCCO[C@H](CN(C)Cc2ccc(cc2)C(F)(F)F)[C@H](C)CN([C@H](C)CO)C(=O)c2cc(ccc2O1)NS(=O)(=O)c1ccc(cc1)Cl,0,0.053354,0.024530,0.006792
C[C@H]1CN([C@@H](C)CO)C(=O)c2cccc(c2O[C@@H]1CN(C)C(=O)Nc1ccc(cc1)C(F)(F)F)NC(=O)Nc1ccc(cc1)F,0,0.959717,0.793883,0.760531
C[C@H]1CN([C@H](C)CO)S(=O)(=O)c2ccc(cc2O[C@H]1CN(C)S(=O)(=O)c1ccccc1F)C#Cc1cccc(c1)F,0,0.194669,0.049311,0.009753
COC(=O)c1c2oc(c1C(=O)OC)C(=O)N[C@@H](Cc1ccccc1)Cn1cc(nn1)[C@H](Cc1ccccc1)NC(=O)N[C@@H](CO)CC2,0,0.071649,0.043094,0.041127
C[C@H]1CN([C@H](C)CO)C(=O)c2cc(ccc2O[C@H]1CN(C)Cc1ccc(c(c1)Cl)Cl)NC(=O)C1CCCCC1,0,0.101307,0.038480,0.019107
O[C@@H]1COC[C@@H]2O[C@@H](CC[C@H]2N(C1)S(=O)(=O)c1ccc(cc1)F)CC(=O)N[C@H]1CCN(C1)Cc1ccccc1,0,0.160716,0.042437,0.013700
O=C1CN(N=Cc2ccc(-c3ccc([N+](=O)[O-])cc3)o2)C(=O)[N-]1.[Na+],0,0.040752,0.270701,0.510911
C[C@H]1CN([C@H](C)CO)C(=O)c2cccc(c2O[C@H]1CN(C)Cc1ccc(cc1)-c1ccccc1)NC(=O)Nc1ccccc1,0,0.132136,0.025044,0.012373
C[C@@H]1CN([C@@H](C)CO)C(=O)c2cccc(c2O[C@@H]1CN(C)S(=O)(=O)c1ccccc1)NS(=O)(=O)C,0,0.027197,0.024706,0.007498
COCC#Cc1ccc2c(c1)O[C@@H](CN(C)S(=O)(=O)c1cccc(c1)OC)[C@@H](C)CN([C@H](C)CO)S2(=O)=O,0,0.036499,0.026359,0.005583
C[C@H]1CN([C@@H](C)CO)C(=O)c2cc(ccc2O[C@H]1CN(C)Cc1ccc(cc1)-c1ccccc1)NC(=O)CCC(F)(F)F,0,0.238896,0.065969,0.084534
C[C@H]1CN([C@H](C)CO)C(=O)c2cc(cnc2O[C@H]1CN(C)S(=O)(=O)c1cccc(c1)F)C#Cc1ccc(cc1)F,0,0.147448,0.029741,0.007246
COc1ccc(cc1)S(=O)(=O)Nc1ccc2c(c1)CC(=O)N(C[C@H](C)[C@H](CN(C)C(=O)Nc1c(noc1C)C)O2)[C@@H](C)CO,0,0.004138,0.024274,0.004126
CCCCc1ccc(cc1)CC(=O)O,0,0.426699,0.127123,0.113270
Cc1ccc(cc1)/C=C(\CCC(=O)O)c1nc2ccccc2s1,0,0.394006,0.415344,0.419999
Fc1cc2c3n(cc(c3c1)C1=C(C(=O)NC1=O)c1cnc3ccccn13)CCN(C2)C(=O)N1CCCCC1,0,0.000435,0.157305,0.083740
CCOc1cc(NC(C)=O)ccc1C(=O)OC,0,0.043657,0.207198,0.181933
C[C@@H]1CCCCO[C@H](CN(C)Cc2ccc3c(c2)OCO3)[C@@H](C)CN([C@@H](C)CO)C(=O)c2cc(ccc2O1)NC(=O)CCC(F)(F)F,0,0.045001,0.019180,0.008158
OC[C@@H]1O[C@@H](C[C@@H]2[C@H]1Oc1ccc(cc12)NC(=O)NC1CCCC1)CC(=O)NCc1ccc(cc1)Oc1ccccc1,0,0.028924,0.027646,0.026093
C[C@H]1CN([C@H](C)CO)C(=O)c2cc(cnc2O[C@H]1CN(C)C(=O)Nc1cccc2ccccc12)/C=C/c1ccccc1,0,0.012721,0.032932,0.011946
C[C@H]1CN([C@H](C)CO)C(=O)Cc2cc(ccc2O[C@H]1CN(C)S(=O)(=O)c1cccs1)NS(=O)(=O)c1c(noc1C)C,0,0.000680,0.024445,0.005987
CO[C@@H]1CN(C)C(=O)c2ccc(cc2OC[C@H](C)N(C[C@@H]1C)C(=O)Nc1c(noc1C)C)NC(=O)Nc1ccc(cc1)Cl,0,0.124534,0.029789,0.011467
NCC1CCOCC1,0,0.082876,0.036105,0.010298
C[C@H]1CN([C@H](C)CO)C(=O)Cc2cc(ccc2O[C@H]1CN(C)C(=O)Nc1ccc2c(c1)OCO2)NC(=O)C1CC1,0,0.008027,0.022282,0.005823
CC(C)NC(=O)N(C)C[C@@H]1Oc2ccc(cc2C(=O)N(C[C@H]1C)[C@@H](C)CO)NS(=O)(=O)c1ccc(cc1)F,0,0.024443,0.025718,0.008954
CN(C)C(=O)C1CCN(CC1)S(=O)(=O)C,0,0.007245,0.039410,0.008295
C[C@@H]1CN([C@@H](C)CO)C(=O)c2cc(cnc2O[C@@H]1CN(C)C(=O)CCN1CCCCC1)C#Cc1ccccn1,0,0.019013,0.023021,0.005056
C[C@H]1CN([C@@H](C)CO)C(=O)c2cccc(c2O[C@H]1CN(C)Cc1ccc(cc1)C(=O)Nc1ccccc1N)NS(=O)(=O)c1cn(cn1)C,0,0.014898,0.026961,0.004490
CC(CCc1ccc(O)cc1)NCC(O)c1ccc(O)cc1.Cl,0,0.593914,0.198571,0.223945
C[C@H]1CN([C@H](C)CO)C(=O)Cc2cc(ccc2O[C@@H]1CN(C)Cc1ccc(cc1)Oc1ccccc1)NC(=O)Nc1cccc2ccccc12,0,0.005591,0.028613,0.009847
C[C@H]1CN([C@H](C)CO)C(=O)c2cc(ccc2O[C@H]1CN(C)S(=O)(=O)C)N(C)C,0,0.005549,0.031862,0.006010
CC(C)(N)CN1CCCCC1,0,0.199305,0.059470,0.029326
C[C@@H]1CCCCO[C@@H](CN(C)C(=O)NC2CCCCC2)[C@H](C)CN([C@@H](C)CO)C(=O)c2cc(ccc2O1)NS(=O)(=O)c1cccs1,0,0.004678,0.024232,0.003846
Nc1nc(c2c(n1)CCCC2)N,0,0.078032,0.151243,0.053642
C[C@H]1CN([C@H](C)CO)C(=O)Cc2cc(ccc2O[C@@H]1CN(C)S(=O)(=O)c1ccc(cc1)C)N(C)C,0,0.006775,0.041067,0.010325
FC(F)(F)c1cccc(c1)NC(=O)c1ccc2ccccc2c1,0,0.711659,0.341179,0.277602
COc1ccc(cc1)S(=O)(=O)N(C)C[C@@H]1OCCCC[C@@H](C)Oc2ccc(cc2C(=O)N(C[C@H]1C)[C@@H](C)CO)NC(=O)C1CCCCC1,0,0.002452,0.024282,0.004283
C[C@H]1CN([C@@H](C)CO)C(=O)c2cccc(c2O[C@@H]1CN(C)C(=O)Nc1ccc(cc1)C(F)(F)F)NC(=O)NC1CCCCC1,0,0.823539,0.864666,0.917808
CCOC(=O)c1ncn2c1CN(C)C(=O)c1cc(F)ccc1-2,0,0.131243,0.152281,0.198678
C[C@@H]1CN([C@H](C)CO)C(=O)Cc2cc(ccc2O[C@H]1CN(C)S(=O)(=O)c1ccc(cc1)F)NC(=O)Cn1cnnn1,0,0.011303,0.028524,0.005824
C[C@@H]1CN([C@H](C)CO)C(=O)CCCn2nncc2CO[C@@H]1CN(C)C(=O)C1CC1,0,0.015825,0.024804,0.008077
C[C@@H]1CCCCO[C@@H](CN(C)C(=O)Nc2c(noc2C)C)[C@@H](C)CN([C@H](C)CO)C(=O)c2cc(ccc2O1)NC(=O)Nc1ccc2c(c1)OCO2,0,0.013739,0.028875,0.004301
C[C@@H]1CCCCO[C@@H](CN(C)S(=O)(=O)c2ccc(cc2)C)[C@H](C)CN([C@H](C)CO)C(=O)c2cc(ccc2O1)NC(=O)Nc1ccc2c(c1)OCO2,0,0.002863,0.024234,0.003718
C[C@H]1CN([C@H](C)CO)C(=O)Cc2cc(ccc2O[C@H]1CN(C)Cc1ccc(c(c1)Cl)Cl)NC(=O)Nc1ccc(cc1)F,0,0.404571,0.054971,0.021995
CC(C)NC(=O)c1cccc2cccc(c12)Sc1ccccc1,0,0.683400,0.576564,0.479253
COc1ccc(cc1)CN(C)C[C@H]1OCCCC[C@@H](C)Oc2ccc(cc2C(=O)N(C[C@@H]1C)[C@@H](C)CO)NC(=O)Cc1ccccc1,0,0.006722,0.026415,0.006305
C[C@H]1CN([C@@H](C)CO)C(=O)Cc2cc(ccc2O[C@H]1CN(C)S(=O)(=O)c1cccs1)NC(=O)Nc1c(noc1C)C,0,0.004818,0.024508,0.005291
C[C@H]1CN([C@H](C)CO)C(=O)c2cccc(c2O[C@@H]1CN(C)S(=O)(=O)c1cccs1)NC(=O)Nc1cccc2ccccc12,0,0.012217,0.024832,0.004114
C[C@H]1CCCCO[C@@H](CN(C)S(=O)(=O)c2ccccc2)[C@@H](C)CN([C@@H](C)CO)C(=O)c2cc(ccc2O1)NC(=O)C1CCCCC1,0,0.001545,0.024262,0.004044
CN1CCN(CC1)C(=O)C[C@H]1CC[C@@H]2[C@H](COC[C@@H](O)CN2S(=O)(=O)c2cccc(c2)F)O1,0,0.349934,0.060396,0.029286
C[C@H]1CCCCO[C@@H](CN(C)C(=O)Nc2ccccc2)[C@@H](C)CN([C@@H](C)CO)C(=O)c2cc(ccc2O1)NC(=O)c1ccncc1,0,0.003360,0.023140,0.003402
COc1ccc(cc1)S(=O)(=O)Nc1ccc2c(c1)C(=O)N(C[C@@H](C)[C@H](CN(C)C(=O)NC(C)C)O2)[C@@H](C)CO,0,0.009591,0.025148,0.005582
COc1ccc2c3c(n(c2c1)C)[C@H](CO)N(C[C@]13CCN(CC1)C(=O)c1ccncc1)C(=O)C1CCOCC1,0,0.055213,0.061446,0.021378
C[C@@H]1CCCCO[C@H](CN(C)CC2CC2)[C@H](C)CN([C@@H](C)CO)C(=O)c2cc(ccc2O1)NS(=O)(=O)c1ccc(cc1)Cl,0,0.021576,0.025687,0.007601
O=C(NCc1ccccc1)[C@H]1C[C@H]2CNC[C@H]1O2,0,0.087964,0.045573,0.027861
O[C@H]1CS(=O)(=O)C[C@@H]1NCCCN1CCOCC1,0,0.014113,0.208653,0.110471
CCCNC(=O)N[C@H]1CC[C@H](CC(=O)N2CCN(C)CC2)O[C@H]1CO,0,0.121071,0.023483,0.012590
Fc1ccccc1N1CCN(CC1)S(=O)(=O)C1=CNC(=O)NC1=O,0,0.340800,0.244721,0.049337
C[C@H]1CN([C@@H](C)CO)C(=O)c2cc(ccc2O[C@@H]1CN(C)C(=O)NC1CCCCC1)NC(=O)Cn1cnnn1,0,0.025833,0.022625,0.008442
CN1[C@H]2CC[C@@H](CC(=O)N[C@H]3CCN(C3)Cc3ccccc3)O[C@@H]2COc2ccc(cc2C1=O)NC(=O)c1cnccn1,0,0.006684,0.028064,0.010763
C[C@@H]1CN([C@@H](C)CO)C(=O)c2cccc(c2O[C@@H]1CN(C)Cc1ccncc1)NC(=O)C1CCOCC1,0,0.017525,0.026013,0.005398
C[C@H]1CCCCO[C@H](CN(C)Cc2ccc(cc2)C(F)(F)F)[C@@H](C)CN([C@@H](C)CO)C(=O)c2cc(ccc2O1)NS(=O)(=O)C,0,0.123717,0.024934,0.007708
COCC(=O)N1CC[C@]2(CC1)CN(Cc1ccc3c(c1)OCO3)[C@@H](CO)c1c2c2ccc(cc2n1C)OC,0,0.162816,0.108870,0.038168
C[C@@H]1CCCCO[C@H](CN(C)S(=O)(=O)C)[C@@H](C)CN([C@@H](C)CO)C(=O)c2cc(ccc2O1)NC(=O)Nc1cccc2ccccc12,0,0.005468,0.024519,0.004285
C1CCN(C1)[C@H]1CCCNC1,0,0.104232,0.106939,0.039669
CC(C)(C)NC[C@@H](O)CSc1nc(cs1)-c1ccc(s1)C(=O)N,0,0.964664,0.234357,0.319912
C=CCOC(Cn1ccnc1)c1ccc(Cl)cc1Cl.O=S(=O)(O)O,1,0.766726,0.615366,0.473963
Oc1ccc(cc1)[C@@H]1N2[C@H]([C@H](C(=O)N3CCN(CC3)c3ncccn3)[C@@]11C(=O)Nc3ccc(cc31)C#CC1(O)CCCCCC1)C(=O)O[C@H]([C@H]2c1ccccc1)c1ccccc1,0,0.024917,0.122342,0.020212
C[C@@H]1CCCCO[C@H](CN(C)C(=O)NC2CCCCC2)[C@H](C)CN([C@H](C)CO)C(=O)c2cc(ccc2O1)NS(=O)(=O)c1ccc(cc1)Cl,0,0.005038,0.025125,0.004660
CCCCC1=NC2(CCCC2)C(=O)N1Cc1ccc(-c2ccccc2-c2nnn[nH]2)cc1,0,0.483532,0.618925,0.360195
CN1CCN(CC1)C(=O)C[C@@H]1O[C@@H](CO)[C@H](NC(=O)Nc2c(noc2C)C)C=C1,0,0.250580,0.027366,0.022812
COc1ccc(cc1)Cc1nn[nH]n1,0,0.181348,0.127522,0.092783
C[C@@H]1CCCCO[C@@H](CN(C)C(=O)NC2CCCCC2)[C@H](C)CN([C@@H](C)CO)C(=O)c2cc(ccc2O1)NC(=O)Nc1c(noc1C)C,0,0.027499,0.025169,0.005558
C[C@H]1CN([C@H](C)CO)C(=O)c2cccc(c2O[C@H]1CN(C)CC1CCCCC1)NC(=O)c1ccc(cc1)-c1nccs1,0,0.026990,0.036367,0.007980
C[C@@H]1CN([C@@H](C)CO)C(=O)Cc2cc(ccc2O[C@H]1CN(C)CC1CC1)NS(=O)(=O)c1cn(cn1)C,0,0.025835,0.024170,0.004705
C[C@@H]1CCCCO[C@H](CN(C)CC2CC2)[C@H](C)CN([C@H](C)CO)C(=O)c2cc(ccc2O1)NC(=O)NC1CCCCC1,0,0.100323,0.033106,0.012443
COc1ccc(cc1)NC(=O)Nc1ccc2c(c1)C(=O)N(C[C@H](C)[C@@H](CN(C)Cc1ccc(c(c1)Cl)Cl)OCCCC[C@H](C)O2)[C@@H](C)CO,0,0.090923,0.039774,0.006458
COc1ccc(cc1)NC(=O)Nc1ccc2c(c1)C(=O)N(C[C@@H](C)[C@H](CN(C)S(=O)(=O)c1cccs1)OCCCC[C@@H](C)O2)[C@H](C)CO,0,0.002447,0.024544,0.003911
CN1CC(=O)N2CCN(C[C@@H]2C1=O)CC1(CCNCC1)c1ccc(cn1)C,0,0.719596,0.128176,0.056168
CC1OC(OC2C(CO)OC(OC3C(CO)OC(O)C(O)C3O)C(O)C2O)C(O)C(O)C1NC1C=C(CO)C(O)C(O)C1O,0,0.441966,0.426206,0.332102
C[C@@H]1CCCCO[C@@H](CN(C)Cc2ccncc2)[C@H](C)CN([C@H](C)CO)C(=O)c2cc(ccc2O1)NC(=O)Nc1ccc(cc1)F,0,0.055014,0.036094,0.007836
C[C@H]1CN([C@H](C)CO)S(=O)(=O)c2ccc(cc2O[C@@H]1CN(C)C(=O)C1CCOCC1)C#Cc1ccncc1,0,0.043496,0.026229,0.007095
CN1[C@H](CO)[C@@H]2[C@H]1CNc1ccccc12,0,0.153890,0.044508,0.016688
CC(C)NC(=O)N(C)C[C@@H]1Oc2ccc(cc2CC(=O)N(C[C@H]1C)[C@H](C)CO)NS(=O)(=O)c1ccc(cc1)C,0,0.002841,0.024274,0.005524
COCC#Cc1ccc2c(c1)O[C@@H](CN(C)S(=O)(=O)c1ccc(cc1)F)[C@@H](C)CN([C@@H](C)CO)S2(=O)=O,0,0.118275,0.026157,0.008136
COCCOC(=O)N1C(=O)[C@]2([C@@H]([C@@H]3N([C@H]([C@H](OC3=O)c3ccccc3)c3ccccc3)[C@@H]2c2ccccc2OCCO)C(=O)N2CCc3cc(c(cc3C2)OC)OC)c2cc(ccc21)C#CCNC(=O)N,0,0.142964,0.085639,0.019747
COc1ccc(cc1)S(=O)(=O)Nc1ccc2c(c1)C(=O)N(C[C@@H](C)[C@@H](CN(C)CC1CC1)O2)[C@H](C)CO,0,0.007833,0.024227,0.004994
C[C@@H]1CN([C@@H](C)CO)C(=O)c2cc(ccc2O[C@H]1CN(C)S(=O)(=O)C)NC(=O)Nc1ccc(cc1)C(F)(F)F,0,0.492542,0.422661,0.122652
COc1ccc(cc1)S(=O)(=O)Nc1ccc2c(c1)C(=O)N(C[C@H](C)[C@@H](CN(C)C(=O)Nc1ccc3c(c1)OCO3)OCCCC[C@@H](C)O2)[C@@H](C)CO,0,0.000976,0.024221,0.003749
CC(=O)N1CCCN(CC1)S(=O)(=O)N1CCOCC1,0,0.000176,0.238697,0.080451
COC(=O)C1=CO[C@@H](O[C@@H]2O[C@H](CO)[C@@H](O)[C@H](O)[C@H]2O)/C(=C\C)[C@@H]1CC(=O)OC[C@H]1O[C@@H](OCCc2ccc(cc2)O)[C@H](O)[C@@H](O)[C@@H]1OC(=O)C[C@H]1/C(=C/C)[C@@H](OC=C1C(=O)OC)O[C@@H]1O[C@H](CO)[C@@H](O)[C@H](O)[C@H]1O,0,0.019433,0.457817,0.225252
C[C@@H]1CN([C@H](C)CO)C(=O)c2cc(cnc2O[C@H]1CN(C)C(=O)Nc1c(noc1C)C)C#CCN(C)C,0,0.146418,0.023139,0.005894
Cc1ccccc1OC[C@@H](O)CO,0,0.041094,0.099346,0.080163
NCC(O)c1ccc(O)c(O)c1.O=C(O)C(O)C(O)C(=O)O,0,0.255074,0.110953,0.053638
CC(C)NCCCC[C@H](NC(=O)[C@H]1CCC(=O)N[C@@H](Cc2ccccc2)C(=O)N[C@H](Cc2ccc(cc2)O)C(=O)N[C@@H](CCCCNC(C)C)C(=O)N[C@H](CCCN=C(N)N)C(=O)N[C@@H](Cc2ccc3ccccc3c2)C(=O)NCC(=O)N1)C(=O)N,0,0.017337,0.243628,0.103178
CCCNC(=O)C[C@@H]1CC[C@@H]2[C@H](COC[C@H](O)CN2S(=O)(=O)c2ccc(cc2)Oc2ccccc2)O1,0,0.060403,0.037042,0.012699
NC(=N)N.OC(=O)O,0,0.531721,0.157405,0.073115
COc1ccc(cc1)S(=O)(=O)N(C)C[C@H]1Oc2c(cccc2C(=O)N(C[C@@H]1C)[C@H](C)CO)N(C)C,0,0.010754,0.026868,0.007883
C[C@H]1CCCCO[C@H](CN(C)C(=O)CCC(F)(F)F)[C@@H](C)CN([C@@H](C)CO)C(=O)c2cc(ccc2O1)NS(=O)(=O)c1ccc(cc1)Cl,0,0.030161,0.025290,0.006979
COc1cccc(c1)S(=O)(=O)Nc1ccc2c(c1)[C@H]1C[C@@H](CC(=O)NCc3cccc(c3)F)O[C@@H](CO)[C@H]1O2,0,0.004914,0.026236,0.006522
CC(C)C#Cc1cnc2c(c1)C(=O)N(C[C@@H](C)[C@H](CN(C)C(=O)c1ccc3c(c1)OCO3)O2)[C@H](C)CO,0,0.016623,0.023780,0.004500
O[C@@H]1COC[C@H]2O[C@H](CC[C@@H]2N(C1)S(=O)(=O)c1ccccc1F)CC(=O)N1CCC(CC1)Cc1ccccc1,0,0.363414,0.115428,0.035112
C[C@H]1CCCCO[C@@H](CN(C)C(=O)Nc2ccc(cc2)C(F)(F)F)[C@H](C)CN([C@@H](C)CO)C(=O)c2cc(ccc2O1)NC(=O)Nc1ccc2c(c1)OCO2,0,0.203411,0.037225,0.010976
C[C@H]1CCCCO[C@@H](CN(C)C(=O)Nc2c(noc2C)C)[C@@H](C)CN([C@H](C)CO)C(=O)c2cc(ccc2O1)NC(=O)Nc1ccc2c(c1)OCO2,0,0.013739,0.028875,0.004301
C[C@@H](O)C#Cc1ccc2c(c1)O[C@@H](CN(C)C(=O)c1ccccc1)[C@@H](C)CN([C@H](C)CO)S2(=O)=O,0,0.016664,0.027181,0.005132
C[C@@H]1CN([C@@H](C)CO)C(=O)Cc2cc(ccc2O[C@@H]1CN(C)S(=O)(=O)c1ccc(cc1)F)NS(=O)(=O)c1c(noc1C)C,0,0.005757,0.024321,0.006520
C[C@H]1CCCCO[C@H](CN(C)C(=O)Nc2c(noc2C)C)[C@@H](C)CN([C@@H](C)CO)C(=O)c2cc(ccc2O1)NS(=O)(=O)c1ccc(cc1)C,0,0.003240,0.025253,0.004472
C[C@H]1CCCCO[C@H](CN(C)S(=O)(=O)c2c(noc2C)C)[C@@H](C)CN([C@H](C)CO)C(=O)c2cc(ccc2O1)NC(=O)Nc1ccc(cc1)C(F)(F)F,0,0.242946,0.079340,0.022272
CCC[C@H](NC(=O)[C@@H]1[C@H]2CCC[C@H]2CN1C(=O)[C@@H](NC(=O)[C@@H](NC(=O)c1cnccn1)C1CCCCC1)C(C)(C)C)C(=O)C(=O)NC1CC1,0,0.308162,0.638461,0.467616
COC1=C(CC=C(C)C)C(=O)c2ccccc2C1=O,0,0.606335,0.817864,0.765662
C[C@H]1CN([C@@H](C)CO)C(=O)c2c(c3ccccc3n2C)-c2ccccc2CO[C@@H]1CN(C)C(=O)Nc1ccccc1,0,0.024085,0.039632,0.009734
Cc1cc(cc(c1N)C)Oc1ccc2nc(n(c2c1)C)COc1ccc(cc1)C[C@H]1SC(=O)NC1=O,0,0.026896,0.256606,0.318998
CCCNC(=O)Nc1ccc2c(c1)OC[C@H](C)N(C[C@H](C)[C@H](CN(C)C2=O)OC)Cc1ccc(cc1)-c1ccccn1,0,0.029333,0.038550,0.009081
CCS(=O)(=O)N1CC[C@]2(CC1)CN([C@@H](CO)c1[nH]c3cc(ccc3c12)OC)C(=O)c1ccc(cc1)F,0,0.036702,0.034653,0.018647
C[C@H]1CN([C@H](C)CO)C(=O)c2ccccc2-c2ccccc2CO[C@H]1CN(C)Cc1ccc(c(c1)Cl)Cl,0,0.229282,0.075467,0.032073
C[C@@H]1CN([C@H](C)CO)C(=O)Cc2cc(ccc2O[C@@H]1CN(C)S(=O)(=O)C)NC(=O)Cc1cn(c2ccccc12)C,0,0.004369,0.024705,0.004788
C[C@H]1CN([C@@H](C)CO)C(=O)c2cc(cnc2O[C@H]1CN(C)Cc1ccc(cc1)C(=O)O)C#CCN(C)C,0,0.209183,0.043559,0.023614
C[C@H]1CCCCO[C@H](CN(C)CC2CC2)[C@@H](C)CN([C@@H](C)CO)C(=O)c2cc(ccc2O1)NC(=O)Nc1ccccc1,0,0.094881,0.028604,0.012078
C[C@@H]1CN([C@@H](C)CO)C(=O)CCCn2cc(nn2)CO[C@H]1CN(C)S(=O)(=O)c1ccc2ccccc2c1,0,0.009902,0.025742,0.004584
C[C@@H]1CN([C@@H](C)CO)C(=O)c2cc(ccc2O[C@H]1CN(C)S(=O)(=O)c1cn(cn1)C)NC(=O)Nc1ccc(cc1)F,0,0.135282,0.025803,0.008365
C[C@H]1CN([C@H](C)CO)C(=O)c2ccccc2-c2ccccc2CO[C@H]1CN(C)C(=O)N[C@H](C)c1ccccc1,0,0.026987,0.043953,0.020733
CN1[C@H]2N=CN(CCCO)[C@@H]2C(=O)N(C)C1=O,0,0.002215,0.038463,0.018843
C[C@H]1CN([C@H](C)CO)C(=O)c2cc(ccc2O[C@@H]1CN(C)S(=O)(=O)c1cn(cn1)C)NC(=O)CCC(F)(F)F,0,0.090195,0.027069,0.028494
COCC(=O)N1C[C@H](C)[C@H](CN(C)C(=O)c2ccc(cc2OC[C@@H]1C)NC(=O)Nc1cccc(c1)F)OC,0,0.069012,0.029971,0.013049
COc1ccc(cc1)NC(=O)N(C)C[C@H]1Oc2ncc(cc2C(=O)N(C[C@@H]1C)[C@@H](C)CO)C#C[C@@H](C)O,0,0.052323,0.036919,0.010237
COc1ccc(cc1)NC(=O)Nc1ccc2c(c1)C(=O)N(C[C@H](C)[C@@H](CN(C)C(=O)Nc1ccc(cc1)F)OCCCC[C@H](C)O2)[C@@H](C)CO,0,0.066488,0.024220,0.006255
Oc1cccc(c1O)O,0,0.578634,0.299743,0.121476
COc1ccc(cc1)S(=O)(=O)Nc1ccc2c(c1)C(=O)N(C[C@@H](C)[C@@H](CN(C)C(=O)Nc1ccc(cc1)C(F)(F)F)OCCCC[C@H](C)O2)[C@@H](C)CO,0,0.080858,0.141040,0.012337
CO[C@H](CN(C)C(=O)c1ccc2c(c1)OCO2)[C@H](C)CN([C@H](C)CO)S(=O)(=O)c1ccc(cc1)C,0,0.013571,0.026139,0.005435
O[C@H]1COC[C@@H]2O[C@H](CC[C@H]2N(C1)Cc1ccccc1F)CC(=O)N[C@H]1CCN(C1)Cc1ccccc1,0,0.222534,0.076913,0.061243
C[C@@H]1CN([C@@H](C)CO)C(=O)c2cccc(c2O[C@H]1CN(C)C(=O)Nc1c(noc1C)C)NC(=O)c1ccncc1,0,0.042237,0.025627,0.008610
COC(=O)C[C@H]1CC[C@H]2NC[C@H](O)COC[C@@H]2O1,0,0.104769,0.026238,0.009118
CCOC(=O)C(CCc1ccccc1)NC(C)C(=O)N1CCCC1C(=O)O.O=C(O)C=CC(=O)O,0,0.010992,0.318963,0.224813
CNC[C@@H]1Oc2cc(ccc2S(=O)(=O)N(C[C@H]1C)[C@@H](C)CO)C#CC(C)(C)O,0,0.083246,0.122458,0.008558
C[C@@H]1CCCCO[C@H](CN(C)Cc2ccncc2)[C@H](C)CN([C@H](C)CO)C(=O)c2cc(ccc2O1)NC(=O)Nc1ccccc1,0,0.013342,0.022901,0.004084
COc1ccc(cc1)NC(=O)Nc1ccc2c(c1)C(=O)N(C[C@H](C)[C@H](CN(C)C(=O)C1CCCCC1)OCCCC[C@@H](C)O2)[C@@H](C)CO,0,0.011558,0.023221,0.004147
C[C@H]1CN([C@@H](C)CO)C(=O)c2cc(ccc2O[C@H]1CN(C)Cc1ccc(cc1)Oc1ccccc1)NC(=O)Cc1cn(c2ccccc12)C,0,0.005128,0.024452,0.005936
C[C@@H]1CN([C@H](C)CO)C(=O)c2cc(ccc2O[C@@H]1CN(C)C(=O)Nc1ccc(cc1)C(F)(F)F)NC(=O)Cc1cn(c2ccccc12)C,0,0.510465,0.061563,0.059567
COC(=O)C[C@@H]1CC[C@@H]2[C@H](COC[C@@H](O)CN2S(=O)(=O)c2cn(cn2)C)O1,0,0.062548,0.035303,0.011704
OC(=O)CC[N+](=O)[O-],0,0.233422,0.204045,0.083672
C[C@@H]1CN([C@@H](C)CO)C(=O)Cc2cc(ccc2O[C@@H]1CN(C)Cc1ccc2c(c1)OCO2)NS(=O)(=O)C,0,0.003606,0.025094,0.006024
C[C@@H](O)CN1CCN(CC1)S(=O)(=O)C1CC1,0,0.003466,0.058183,0.010480
COc1ccc(cc1)NC(=O)Nc1ccc2c(c1)C(=O)N(C[C@H](C)[C@H](CN(C)Cc1ccc(cc1)Oc1ccccc1)O2)[C@@H](C)CO,0,0.010061,0.021675,0.006337
C[C@@H]1CN([C@H](C)CO)C(=O)c2cccc(c2O[C@H]1CN(C)S(=O)(=O)c1cn(cn1)C)NC(=O)c1cnccn1,0,0.036671,0.024475,0.005032
Nc1ncnc2n(cnc12)[C@H]1O[C@@H](COP(=O)(O)OP(=O)(O)OP(=O)(O)O)[C@@H](O)[C@@H]1O,0,0.000000,0.275988,0.179267
C[C@H]1CN([C@H](C)CO)C(=O)c2cc(ccc2O[C@H]1CN(C)Cc1ccc(cc1)C(=O)Nc1ccccc1N)NC(=O)Cc1ccccc1,0,0.002268,0.025457,0.005589
C[C@H]1CN([C@H](C)CO)S(=O)(=O)c2ccc(cc2O[C@@H]1CN(C)Cc1ccccn1)C#CCN(C)C,0,0.022116,0.030718,0.007793
C[C@@H]1CN([C@H](C)CO)C(=O)Cc2cc(ccc2O[C@@H]1CN(C)Cc1ccncc1)NC(=O)c1ccncc1,0,0.003134,0.023292,0.005162
C[C@@H]1CN([C@@H](C)CO)C(=O)c2cccc(c2O[C@H]1CN(C)Cc1ccc(cc1)C(=O)O)NC(=O)C1CCOCC1,0,0.177496,0.031625,0.020252
C[C@H]1CN([C@@H](C)CO)C(=O)Cc2cc(ccc2O[C@@H]1CN(C)S(=O)(=O)c1cccs1)NC(=O)Nc1c(noc1C)C,0,0.004818,0.024508,0.005291
COc1ccc(cc1)CN(C)C[C@H]1Oc2ccc(cc2C(=O)N(C[C@@H]1C)[C@H](C)CO)NC(=O)CCN1CCOCC1,0,0.004118,0.031948,0.006094
C[C@@H]1CCCCO[C@@H](CN(C)S(=O)(=O)c2ccc(cc2)F)[C@H](C)CN([C@@H](C)CO)C(=O)c2cc(ccc2O1)NC(=O)Nc1ccccc1,0,0.012147,0.024276,0.004154
C[C@H]1CN([C@@H](C)CO)C(=O)c2cccc(c2O[C@@H]1CN(C)Cc1ccc(cc1)-c1ccccc1)NS(=O)(=O)c1ccc(cc1)F,0,0.023023,0.037924,0.010084
COc1cc2c(cc1OC)C(=O)C(CC1CCN(Cc3ccccc3)CC1)C2.Cl,0,0.919281,0.655562,0.696184
C[C@@H]1CN([C@@H](C)CO)C(=O)c2cccc(c2O[C@@H]1CN(C)S(=O)(=O)c1cn(cn1)C)NC(=O)Nc1c(noc1C)C,0,0.059637,0.024787,0.005396
O[C@H]1COC[C@H]2O[C@@H](CC[C@@H]2N(C1)S(=O)(=O)c1ccc(cc1)Cl)CC(=O)N[C@@H]1CCN(C1)Cc1ccccc1,0,0.214530,0.089912,0.031967
COc1ccc(cc1)NC(=O)Nc1ccc2c(c1)C(=O)N(C[C@H](C)[C@@H](CN(C)S(=O)(=O)c1ccc(cc1)OC)OCCCC[C@@H](C)O2)[C@@H](C)CO,0,0.005069,0.024525,0.003927
CC(=O)Nc1ccc(cc1C)Cl,0,0.499549,0.046268,0.030276
C[C@@H]1CCCCO[C@H](CN(C)C(=O)Nc2ccccc2)[C@H](C)CN([C@@H](C)CO)C(=O)c2cc(ccc2O1)NC(=O)Cc1ccccc1,0,0.004248,0.023214,0.004591
COC1=NC(=NC(=O)NS(=O)(=O)Nc2cccc3cccnc23)N=C(N1)OC,0,0.396403,0.423650,0.345798
OC[C@@H]1O[C@@H](CCNC(=O)CN2CCOCC2)CC[C@@H]1NC(=O)c1ccc2c(c1)OCO2,0,0.013871,0.026781,0.009171
COc1ccc(cc1)NC(=O)Nc1ccc2c(c1)C(=O)N(C[C@H](C)[C@@H](CN(C)C(=O)Nc1ccc3c(c1)OCO3)OCCCC[C@@H](C)O2)[C@H](C)CO,0,0.011346,0.024468,0.003376
C[C@@H]1CN([C@H](C)CO)C(=O)c2cc(ccc2O[C@@H]1CN(C)Cc1ccc(cc1)C(=O)O)NS(=O)(=O)c1c(noc1C)C,0,0.009594,0.028321,0.006276
COc1ccc(cc1)NC(=O)Nc1ccc2c(c1)C(=O)N(C[C@H](C)[C@@H](CN(C)C(=O)Nc1c(noc1C)C)OCCCC[C@H](C)O2)[C@H](C)CO,0,0.029113,0.025639,0.004905
CC(C)(C)c1ccc(cc1)S(=O)(=O)Nc1nccnc1-c1ccc(cc1)CNCc1ccc2c(c1)OCO2,0,0.067353,0.084239,0.024419
C[C@@H]1CCCCO[C@@H](CN(C)C(=O)C2CCCCC2)[C@@H](C)CN([C@@H](C)CO)C(=O)c2cc(ccc2O1)NC(=O)Nc1ccc2c(c1)OCO2,0,0.010486,0.022887,0.004337
CN(C)CC#Cc1cncc(c1)C(=O)NN,0,0.210381,0.053035,0.022843
C[C@@H]1CN([C@H](C)CO)C(=O)c2cccc(c2O[C@H]1CN(C)S(=O)(=O)c1ccc(cc1)C)NS(=O)(=O)c1cccs1,0,0.010068,0.024438,0.005196
C[C@@H]1CCCCO[C@@H](CN(C)S(=O)(=O)c2ccc(cc2)C)[C@@H](C)CN([C@H](C)CO)C(=O)c2cc(ccc2O1)NC(=O)Nc1c(noc1C)C,0,0.007453,0.025315,0.004548
COc1cccc(c1)C#Cc1ccc(cc1)[C@H]1[C@H](CO)N2[C@@H]1CN(CC2=O)S(=O)(=O)c1ccccc1C,0,0.129702,0.115909,0.028341
COC(=O)C[C@H]1O[C@@H](CO)[C@H](N)C=C1,0,0.013329,0.032504,0.011154
C[C@H](O)C#Cc1ccc2c(c1)O[C@H](CN(C)C(=O)Cc1ccccn1)[C@@H](C)CN([C@H](C)CO)S2(=O)=O,0,0.016016,0.028973,0.006783
CN(C)[C@@H]1[C@H]2C[C@H]3Cc4c(ccc(c4C(=O)[C@@H]3C(=O)[C@@]2(O)C(=C(C(=O)N)C1=O)O)O)N(C)C,0,0.977051,0.770256,0.922166
COc1ccc(cc1)NC(=O)N(C)C[C@H]1OCCCC[C@@H](C)Oc2ccc(cc2C(=O)N(C[C@@H]1C)[C@H](C)CO)NC(=O)NC(C)C,0,0.024431,0.026403,0.005365
COCC(=O)NCC1=CC(=O)N2CCCN(CC2=N1)c1ncccn1,0,0.008902,0.098553,0.063888
COc1ccc(cc1)CN(C)C[C@H]1Oc2ccc(cc2CC(=O)N(C[C@@H]1C)[C@@H](C)CO)NS(=O)(=O)c1cn(cn1)C,0,0.006943,0.024217,0.003851
C[C@H]1CN([C@@H](C)CO)S(=O)(=O)c2ccc(cc2O[C@@H]1CN(C)C(=O)C1CCC1)-c1ccc(cc1)C(=O)N(C)C,0,0.006134,0.025777,0.009252
OCCCOc1ccc(cc1)C1=N[C@@](Cc2ccccc2CN=[N+]=[N-])([C@@H](O1)c1ccccc1N=[N+]=[N-])C(=O)NCCN1CCOCC1,0,0.801868,0.057308,0.021352
C[C@H]1CCCCO[C@H](CN(C)C(=O)Nc2ccc3c(c2)OCO3)[C@@H](C)CN([C@@H](C)CO)C(=O)c2cc(ccc2O1)NC(=O)Nc1c(noc1C)C,0,0.012217,0.028863,0.004079
C[C@@H]1CCCCO[C@@H](CN(C)Cc2ccc(cc2)C(F)(F)F)[C@@H](C)CN([C@H](C)CO)C(=O)c2cc(ccc2O1)NC(=O)c1ccccc1,0,0.043115,0.021119,0.006732
COc1ccc2c3c(n(c2c1)C)[C@H](CO)N(C[C@]13CN(C1)C(=O)c1ccncc1)C(=O)C1CCOCC1,0,0.028268,0.042022,0.022803
C[C@H]1CN([C@H](C)CO)C(=O)c2cccc(c2O[C@H]1CN(C)Cc1ccc(cc1)C(F)(F)F)NC(=O)Nc1ccc(cc1)F,0,0.804591,0.102143,0.131614
C[C@@H]1CCCCO[C@H](CN(C)C(=O)Nc2cccc3ccccc23)[C@H](C)CN([C@@H](C)CO)C(=O)c2cc(ccc2O1)NS(=O)(=O)c1c(noc1C)C,0,0.001719,0.030598,0.003694
C[C@H]1CCCCO[C@H](CN(C)S(=O)(=O)c2ccccc2)[C@@H](C)CN([C@@H](C)CO)C(=O)c2cc(ccc2O1)NS(=O)(=O)c1ccc(cc1)Cl,0,0.002047,0.025434,0.004652
OC1CN(C1)C(=O)c1cc2n(n1)CCCO2,0,0.002423,0.031180,0.008660
C[C@@H]1CN([C@@H](C)CO)C(=O)c2cc(ccc2O[C@@H]1CN(C)Cc1ccc(cc1)C(=O)O)NC(=O)Nc1ccc(cc1)C(F)(F)F,0,0.766991,0.062448,0.043598
COc1ccc(cc1)NC(=O)Nc1ccc2c(c1)C(=O)N(C[C@H](C)[C@@H](CN(C)C(=O)CCC(F)(F)F)OCCCC[C@@H](C)O2)[C@H](C)CO,0,0.055191,0.026939,0.010795
COc1ccc(cc1)S(=O)(=O)N(C)C[C@H]1Oc2ccc(cc2C(=O)N(C[C@@H]1C)[C@@H](C)CO)NS(=O)(=O)c1ccc(cc1)C,0,0.002804,0.024742,0.006419
CC(=O)n1cc(c2ccccc12)[C@H]1C[C@@H](OCc2ccc(cc2)CO)OC(=C1)C(=O)N1CCN(CC1)Cc1ccccc1,0,0.019983,0.125877,0.029484
NCCCC[C@@H]1NC(=O)[C@@H](Cc2c[nH]c3ccccc23)NC(=O)[C@@H](NC(=O)[C@@H]2C[C@H](CN2C(=O)[C@H](Cc2ccccc2)NC(=O)[C@H](Cc2ccc(cc2)OCc2ccccc2)NC1=O)OC(=O)NCCN)c1ccccc1,0,0.000058,0.129238,0.026760
CS(=O)(=O)Nc1ccc2c(c1)[C@@H]1C[C@H](CC(=O)NCC3CC3)O[C@@H](CO)[C@@H]1O2,0,0.012069,0.030479,0.010246
C[C@H]1CCCCO[C@@H](CN(C)Cc2ccc(cc2)C(=O)Nc2ccccc2N)[C@H](C)CN([C@H](C)CO)C(=O)c2cc(ccc2O1)N(C)C,0,0.008583,0.024997,0.005642
C[C@H]1CN([C@@H](C)CO)C(=O)c2cc(cnc2O[C@H]1CN(C)C(=O)CN(C)C)C#CC1(O)CCCC1,0,0.101287,0.041418,0.018972
C[C@@H]1CCCCO[C@H](CN(C)C(=O)Cc2ccccc2)[C@@H](C)CN([C@H](C)CO)C(=O)c2cc(ccc2O1)NC(=O)c1ccccc1,0,0.000632,0.023197,0.004481
C[C@@H]1CN([C@H](C)CO)C(=O)c2cc(ccc2O[C@H]1CN(C)S(=O)(=O)c1ccc(cc1)F)NC(=O)Cn1cnnn1,0,0.039838,0.024505,0.005566
C[C@H]1CN([C@H](C)CO)C(=O)Cc2cc(ccc2O[C@H]1CN(C)Cc1ccc(cc1)-c1ccccc1)NS(=O)(=O)c1cccs1,0,0.008977,0.030777,0.004816
CCN1[C@@H]2CN3C(=O)C(=CC=C3[C@H]1[C@H]([C@@H]2CO)C(=O)NCCc1cn(cn1)C)c1ccncc1,0,0.510307,0.043041,0.021688
C[C@@H]1CCCCO[C@H](CN(C)C(=O)Nc2ccc3c(c2)OCO3)[C@H](C)CN([C@@H](C)CO)C(=O)c2cc(ccc2O1)NC(=O)Nc1c(noc1C)C,0,0.012217,0.028863,0.004079
COc1cccc(c1)C(=O)Nc1ccc2c(c1)C(=O)N(C)[C@H]1CC[C@H](CC(=O)NCCCN3CCOCC3)O[C@H]1CO2,0,0.005421,0.024740,0.005931
C[C@@H]1CCCCO[C@H](CN(C)C(=O)Nc2ccc3c(c2)OCO3)[C@@H](C)CN([C@H](C)CO)C(=O)c2cc(ccc2O1)NC(=O)c1ccccc1,0,0.002839,0.022909,0.003201
C[C@@H]1CN([C@@H](C)CO)C(=O)c2cccc(c2O[C@@H]1CN(C)Cc1ccc(c(c1)Cl)Cl)NS(=O)(=O)c1ccccc1,0,0.023253,0.030567,0.006210
C[C@@H]1CN([C@H](C)CO)C(=O)c2cc(ccc2O[C@H]1CN(C)Cc1ccc(c(c1)Cl)Cl)NC(=O)CCC(F)(F)F,0,0.611210,0.121399,0.051942
C[C@H]1CN([C@@H](C)CO)C(=O)c2cccc(c2O[C@@H]1CN(C)C(=O)Nc1ccc2c(c1)OCO2)NC(=O)Nc1ccc(cc1)C(F)(F)F,0,0.601221,0.891482,0.922986
CN(C)C(=O)C[C@H]1O[C@H](CO)[C@@H](NC(=O)C2CC2)C=C1,0,0.039847,0.031105,0.013511
C[C@H]1CN([C@H](C)CO)C(=O)c2cccc(c2O[C@H]1CN(C)Cc1ccc(cc1)-c1ccccc1)NC(=O)C1CCCCC1,0,0.101003,0.044223,0.033940
Oc1ccccc1/N=C/c1ccncc1,0,0.549637,0.191206,0.257284
CCS(=O)(=O)N1CC[C@]2(CC1)CN([C@@H](CO)c1c2c2ccc(cc2n1C)OC)C(=O)c1ccc(cc1)F,0,0.031707,0.031055,0.017761
C[C@H]1CN([C@H](C)CO)C(=O)c2cc(ccc2O[C@H]1CN(C)C(=O)NC1CCCCC1)NC(=O)Nc1cccc2ccccc12,0,0.018476,0.023666,0.006884
C[C@@H]1CN([C@H](C)CO)C(=O)Cc2cc(ccc2O[C@H]1CN(C)CC1CC1)NS(=O)(=O)c1cn(cn1)C,0,0.025835,0.024170,0.004705
C[C@@H]1CCCCO[C@@H](CN(C)Cc2ccc(cc2)C(F)(F)F)[C@H](C)CN([C@@H](C)CO)C(=O)c2cc(ccc2O1)NC(=O)C1CCCCC1,0,0.124634,0.037012,0.021373
C[C@H]1CCCCO[C@@H](CN(C)S(=O)(=O)c2ccccc2)[C@H](C)CN([C@H](C)CO)C(=O)c2cc(ccc2O1)NS(=O)(=O)c1ccc(cc1)Cl,0,0.002047,0.025434,0.004652
OC(=O)c1cn2cccc(c2n1)O,0,0.829450,0.104074,0.178065
O[C@@H]1C[C@@](O)(C[C@@H](OC(=O)/C=C/c2ccc(c(c2)O)O)[C@H]1O)C(=O)O,0,0.037860,0.081950,0.155329
C[C@@H]1CCCCO[C@H](CN(C)C(=O)C2CCCCC2)[C@H](C)CN([C@H](C)CO)C(=O)c2cc(ccc2O1)NS(=O)(=O)c1ccc(cc1)C,0,0.001246,0.024320,0.004860
C[C@@H]1CN([C@@H](C)CO)C(=O)c2cc(ccc2O[C@H]1CN(C)S(=O)(=O)c1ccc(cc1)F)NC(=O)CCCN(C)C,0,0.021770,0.024731,0.006764
CC(C)NC(=O)Nc1ccc2c(c1)C(=O)N(C[C@@H](C)[C@@H](CN(C)C(=O)Nc1c(noc1C)C)O2)[C@@H](C)CO,0,0.058991,0.030805,0.010642
CC(C(=O)O)c1cccc(C(=O)c2ccccc2)c1,0,0.774128,0.059658,0.126046
C[C@H]1CCCCO[C@@H](CN(C)C(=O)CCC(F)(F)F)[C@@H](C)CN([C@H](C)CO)C(=O)c2cc(ccc2O1)NS(=O)(=O)c1ccc(cc1)C,0,0.009185,0.024301,0.005875
N#CC(OC1OC(COC2OC(CO)C(O)C(O)C2O)C(O)C(O)C1O)c1ccccc1,0,0.031469,0.147536,0.079845
O=C([O-])C1=C(CSc2nnnn2CS(=O)(=O)[O-])CSC2C(NC(=O)C(O)c3ccccc3)C(=O)N12.[Na+].[Na+],1,0.994837,0.883920,0.923597
COc1ccc(cc1)NC(=O)Nc1cccc2c1O[C@H](CN(C)Cc1ccc(cc1)C(F)(F)F)[C@@H](C)CN([C@@H](C)CO)C2=O,0,0.430274,0.043723,0.028260
CC(C)[Si]1(OCc2cc(nc(c21)CCc1ccccc1)-c1ccc(o1)-c1ccc(c(c1)Cl)Cl)C(C)C,0,0.546131,0.795419,0.626122
COc1cccc(c1C1=NCc2cnc(nc2-c2ccc(cc21)Cl)Nc1ccc(c(c1)OC)C(=O)O)F,0,0.972676,0.742217,0.565777
C[C@@H]1CCCCO[C@H](CN(C)C(=O)c2ccccc2)[C@@H](C)CN([C@H](C)CO)C(=O)c2cc(ccc2O1)NC(=O)Cc1ccccc1,0,0.000796,0.023252,0.004203
C[C@@H]1CN([C@@H](C)CO)C(=O)Cc2cc(ccc2O[C@H]1CN(C)S(=O)(=O)c1ccccc1)NS(=O)(=O)c1c(noc1C)C,0,0.001227,0.024197,0.004757
C[C@@H]1CN([C@H](C)CO)C(=O)Cc2cc(ccc2O[C@@H]1CN(C)Cc1ccc(cc1)C(F)(F)F)NC(=O)Nc1ccc(cc1)F,0,0.448468,0.062167,0.046884
CO[C@@H]1CN(C)C(=O)c2cc(ccc2OC[C@@H](C)N(C[C@H]1C)C(=O)c1ccc2c(c1)OCO2)NS(=O)(=O)CC(F)(F)F,0,0.026720,0.029447,0.014843
COc1ccc(cc1)[Si](C)(C)[C@@H]1[C@@H](C)[C@@]2(O[C@H]1CCn1cc(nn1)CCO)C(=O)N(C)c1ccccc12,0,0.777064,0.077643,0.050930
C[C@@H]1CN([C@@H](C)CO)C(=O)CCCn2nncc2CO[C@@H]1CN(C)C(=O)Nc1ccnc(c1)N1CCOCC1,0,0.021700,0.031447,0.008376
C[C@H]1CN([C@H](C)CO)C(=O)c2cc(ccc2O[C@H]1CN(C)S(=O)(=O)c1ccc(cc1)F)NC(=O)CCN1CCOCC1,0,0.007161,0.024507,0.005711
C[C@H]1CN([C@H](C)CO)C(=O)c2cc(cnc2O[C@H]1CN(C)S(=O)(=O)c1ccccc1)C#Cc1ccc(cc1)F,0,0.034963,0.034388,0.005344
C[C@H]1CN([C@H](C)CO)C(=O)c2cc(ccc2O[C@H]1CN(C)S(=O)(=O)c1cn(cn1)C)NC(=O)Cc1ccccc1,0,0.006470,0.024219,0.003651
COC(=O)C1=CC(=CC(=O)O1)C,0,0.018749,0.154497,0.069329
C[C@@H]1CCCCO[C@H](CN(C)Cc2ccncc2)[C@@H](C)CN([C@H](C)CO)C(=O)c2cc(ccc2O1)NS(=O)(=O)c1ccc(cc1)Cl,0,0.002543,0.025636,0.004462
C[C@@H]1CN([C@H](C)CO)C(=O)c2cccc(c2O[C@@H]1CN(C)S(=O)(=O)C)NS(=O)(=O)c1ccc(cc1)Cl,0,0.018648,0.027974,0.008836
COc1ccc(cc1)S(=O)(=O)Nc1ccc2c(c1)C(=O)N(C[C@H](C)[C@H](CN(C)Cc1ccc(c(c1)Cl)Cl)OCCCC[C@@H](C)O2)[C@H](C)CO,0,0.008006,0.025030,0.004712
C[C@H]1CCCCO[C@H](CN(C)Cc2ccc(cc2)C(=O)Nc2ccccc2N)[C@H](C)CN([C@@H](C)CO)C(=O)c2cc(ccc2O1)NS(=O)(=O)c1c(noc1C)C,0,0.000588,0.037630,0.004009
C[C@H]1CN([C@@H](C)CO)C(=O)c2cccc(c2O[C@@H]1CN(C)Cc1ccc(cc1)C(F)(F)F)NS(=O)(=O)c1ccc(cc1)Cl,0,0.249921,0.045971,0.021633
C[C@H]1CN([C@@H](C)CO)S(=O)(=O)c2ccc(cc2O[C@H]1CN(C)CC1CC1)C#Cc1ccccc1F,0,0.354359,0.029642,0.007062
Cn1nnnc1-c1ccco1,0,0.027928,0.057942,0.045965
C[C@@H]1CCCCO[C@H](CN(C)C(=O)Nc2ccccc2)[C@H](C)CN([C@H](C)CO)C(=O)c2cc(ccc2O1)NC(=O)c1ccncc1,0,0.003360,0.023140,0.003402
COc1ccc(cc1)NC(=O)Nc1ccc2c(c1)C(=O)N(C[C@H](C)[C@H](CN(C)Cc1ccc(cc1)C(F)(F)F)OCCCC[C@@H](C)O2)[C@@H](C)CO,0,0.124667,0.021746,0.006976
O=S(=O)([O-])CCCS(=O)(=O)[O-].[Na+].[Na+],0,0.160609,0.132912,0.074818
CO[C@H]1CN(C)C(=O)c2cc(ccc2OC[C@@H](C)N(C[C@H]1C)C(=O)c1ccc2c(c1)OCO2)NS(=O)(=O)C,0,0.005133,0.023772,0.004707
COc1ccc(cc1)NC(=O)N(C)C[C@@H]1OCc2ccccc2-c2c(n(c3ccccc23)C)C(=O)N(C[C@H]1C)[C@H](C)CO,0,0.019121,0.025183,0.004590
CN1C[C@@H]2C[C@@H]([C@@H](C1)O2)C(=O)Nc1cccnc1,0,0.076987,0.024113,0.016407
CC(C)CC#Cc1cnc2c(c1)C(=O)N(C[C@@H](C)[C@@H](CN(C)C(=O)Nc1c(noc1C)C)O2)[C@@H](C)CO,0,0.100263,0.031372,0.008057
CN(CCCCCCCCCCN(C)C(=O)Oc1cccc(c1)[N+](C)(C)C)C(=O)Oc1cccc(c1)[N+](C)(C)C,1,0.915625,0.205259,0.165811
C[C@H]1CN([C@H](C)CO)C(=O)Cc2cc(ccc2O[C@@H]1CN(C)S(=O)(=O)c1cccs1)NC(=O)Nc1cccc2ccccc12,0,0.003047,0.024779,0.003858
Cc1ccccc1OCC(=O)NCC(=O)O,0,0.221452,0.060979,0.040996
C[C@H]1CN([C@H](C)CO)C(=O)c2cccc(c2O[C@H]1CN(C)Cc1ccc(c(c1)Cl)Cl)NC(=O)Nc1ccc2c(c1)OCO2,0,0.129848,0.037770,0.010065
C[C@@H](Oc1cc(sc1C(=O)N)-n1cnc2ccc(cc12)CN1CCN(C)CC1)c1ccccc1C(F)(F)F,0,0.986049,0.564593,0.602063
COc1ccc(cc1)NC(=O)N1C[C@H](O)COC[C@@H]2O[C@@H](CC[C@H]21)CC(=O)NC1Cc2ccccc2C1,0,0.458307,0.199293,0.142179
N[C@@H](CN(O)[N+][O-])C(=O)O,0,0.000000,0.105814,0.035857
C[C@@H]1CN([C@H](C)CO)C(=O)c2cc(ccc2O[C@H]1CN(C)Cc1ccc(cc1)Oc1ccccc1)NC(=O)CCCN(C)C,0,0.010201,0.034632,0.010337
Cc1ccc(cc1)S(=O)(=O)N[C@@H]1CC[C@@H](CC(=O)N2CCC(CC2)Cc2ccccc2)O[C@@H]1CO,0,0.030572,0.034698,0.018286
CC(C)NC(=O)N(C)C[C@H]1Oc2ccc(cc2C(=O)N(C[C@@H]1C)[C@H](C)CO)NC(=O)CCN1CCOCC1,0,0.005118,0.024600,0.005568
C[C@@H]1CN([C@H](C)CO)C(=O)c2cc(ccc2O[C@H]1CN(C)Cc1ccccc1)NC(=O)CCCN(C)C,0,0.021247,0.034866,0.009597
OC[C@H]1O[C@H](OC[C@@H](O)[C@@H](O)[C@H](O)[C@@H](O)/C=N/NC(=O)c2ccccn2)[C@H](O)[C@@H](O)[C@H]1O,0,0.009181,0.112675,0.048941
C[C@H](N[C@@H](CCc1ccccc1)C(=O)O)C(=O)N1CCC[C@H]1C(=O)O,0,0.064284,0.267193,0.202418
COCC(=O)N(C)C[C@@H]1Oc2cc(ccc2S(=O)(=O)N(C[C@H]1C)[C@H](C)CO)C#CC(C)(C)O,0,0.034422,0.116549,0.008731
C[C@@H]1CCCCO[C@H](CN(C)S(=O)(=O)C)[C@@H](C)CN([C@@H](C)CO)C(=O)c2cc(ccc2O1)N(C)C,0,0.004342,0.025554,0.005698
C[C@H]1CCCCO[C@H](CN(C)C)[C@H](C)CN([C@H](C)CO)C(=O)c2cc(ccc2O1)NS(=O)(=O)c1c(noc1C)C,0,0.004131,0.025088,0.005719
COc1cccc(c1)-c1ccc2c(c1)O[C@@H](CN(C)Cc1cncnc1)[C@H](C)CN([C@@H](C)CO)S2(=O)=O,0,0.016233,0.024348,0.005050
C[C@H]1CN([C@H](C)CO)C(=O)c2cc(ccc2O[C@@H]1CN(C)C(=O)Nc1cccc2ccccc12)NC(=O)Nc1c(noc1C)C,0,0.030940,0.022830,0.006578
C[C@H]1CCCCO[C@H](CN(C)C(=O)C2CCCCC2)[C@@H](C)CN([C@H](C)CO)C(=O)c2cc(ccc2O1)NC(=O)c1ccncc1,0,0.001260,0.023321,0.004528
CN(C)CCCNC(=O)C[C@H]1CC[C@H]2[C@@H](COC[C@@H](O)CN2S(=O)(=O)c2ccc(cc2)Cl)O1,0,0.591023,0.049527,0.036655
C[C@@H]1CCCCO[C@H](CN(C)Cc2ccc(cc2)C(=O)O)[C@@H](C)CN([C@H](C)CO)C(=O)c2cc(ccc2O1)NC(=O)C1CCCCC1,0,0.072073,0.034707,0.014664
C[C@H]1CN([C@@H](C)CO)C(=O)Cc2cc(ccc2O[C@H]1CN(C)S(=O)(=O)c1cn(cn1)C)NS(=O)(=O)c1ccc(cc1)F,0,0.004785,0.024391,0.005403
COc1ccc(cc1)CN(C)C[C@H]1Oc2ccc(cc2CC(=O)N(C[C@@H]1C)[C@H](C)CO)NS(=O)(=O)c1c(noc1C)C,0,0.001271,0.025046,0.004743
Oc1ccc(cc1)N1CCNCC1,0,0.162519,0.172025,0.101373
C[C@H]1CCCCO[C@@H](CN(C)Cc2ccc(cc2)C(F)(F)F)[C@H](C)CN([C@H](C)CO)C(=O)c2cc(ccc2O1)NC(=O)Nc1c(noc1C)C,0,0.176941,0.034499,0.008739
C[C@@H]1CCCCO[C@@H](CN(C)S(=O)(=O)c2ccccc2)[C@H](C)CN([C@@H](C)CO)C(=O)c2cc(ccc2O1)NC(=O)Nc1ccccc1,0,0.003914,0.024276,0.003383
C[C@@H]1CCCCO[C@@H](CN(C)C(=O)C2CCCCC2)[C@@H](C)CN([C@H](C)CO)C(=O)c2cc(ccc2O1)NC(=O)C1CCCCC1,0,0.006743,0.026053,0.008315
CCNC(=O)[C@@H]1[C@@H](CO)[C@@H]2CN3C(=O)C(=CC=C3[C@@H]2N1S(=O)(=O)C)c1ccccc1OC,0,0.051191,0.027394,0.009024
C[C@H]1CN([C@@H](C)CO)C(=O)c2cccc(c2O[C@H]1CN(C)Cc1ccc(cc1)Oc1ccccc1)NC(=O)CCCCCC(=O)Nc1ccccc1N,0,0.003130,0.025169,0.005824
COCC#Cc1ccc2c(c1)O[C@@H](CN(C)C(=O)c1ccccc1)[C@H](C)CN([C@H](C)CO)S2(=O)=O,0,0.022742,0.027072,0.005612
CN(C)CC(=O)N[C@@H]1CC[C@H](CCn2cc(nn2)CN(C)C)O[C@@H]1CO,0,0.776470,0.024578,0.009224
Cc1c(NC(=O)c2cccnc2)c(=O)n(-c2ccccc2)n1C,0,0.083305,0.161102,0.105407
COc1ccc(cc1)NC(=O)Nc1ccc2c(c1)C(=O)N(C[C@@H](C)[C@H](CN(C)S(=O)(=O)c1cccs1)OCCCC[C@H](C)O2)[C@@H](C)CO,0,0.002447,0.024544,0.003911
CC(C)Oc1cc(c(cc1Nc1ncc(c(n1)Nc1ccccc1S(=O)(=O)C(C)C)Cl)C)C1CCNCC1,0,0.995861,0.700231,0.534775
C[C@@H]1CN([C@@H](C)CO)C(=O)c2c(c3ccccc3n2C)-c2ccccc2CO[C@@H]1CN(C)Cc1cccc(c1)C(F)(F)F,0,0.173261,0.128361,0.036994
C1CN(CCN1)c1ccccn1,0,0.044348,0.043533,0.024877
CC(C)NC(=O)N(C)C[C@@H]1Oc2ccc(cc2CC(=O)N(C[C@@H]1C)[C@@H](C)CO)NC(=O)Cn1cnnn1,0,0.025280,0.030829,0.009088
C[C@@H]1CN([C@@H](C)CO)C(=O)Cc2cc(ccc2O[C@H]1CN(C)Cc1ccc(c(c1)Cl)Cl)NC(=O)C1CCCCC1,0,0.108321,0.072493,0.021054
O=[N+]([O-])OC1COC2C(O)COC12,0,0.068272,0.226825,0.103850
C[C@@H]1CN([C@H](C)CO)C(=O)c2cccc(c2O[C@@H]1CN(C)Cc1ccc(cc1)C(=O)O)NC(=O)c1ccncc1,0,0.074828,0.029417,0.012297
C[C@H]1CN([C@H](C)CO)C(=O)c2cc(ccc2O[C@@H]1CN(C)S(=O)(=O)c1ccc(cc1)Cl)NS(=O)(=O)c1c(noc1C)C,0,0.009627,0.025466,0.007409
COc1ccc(cc1)NC(=O)Nc1ccc2c(c1)C(=O)N(C[C@H](C)[C@H](CN(C)C(=O)C1CCCCC1)OCCCC[C@H](C)O2)[C@H](C)CO,0,0.011558,0.023221,0.004147
C[C@H]1CCCCO[C@H](CN(C)C(=O)C2CCCCC2)[C@@H](C)CN([C@H](C)CO)C(=O)c2cc(ccc2O1)NS(=O)(=O)c1ccc(cc1)F,0,0.001975,0.024326,0.006425
C[C@H]1CN([C@H](C)CO)C(=O)c2cccc(c2O[C@H]1CN(C)S(=O)(=O)c1ccc(cc1)C)NC(=O)c1ccncc1,0,0.006886,0.024175,0.003873
C[C@H]1CN([C@H](C)CO)C(=O)c2cc(cnc2O[C@H]1CN(C)C(=O)Cc1ccccn1)C#CC1CCCCC1,0,0.007565,0.022714,0.005308
COc1ccc(cc1)CN(C)C[C@@H]1Oc2c(cccc2C(=O)N(C[C@H]1C)[C@@H](C)CO)NC(=O)C1CCOCC1,0,0.020485,0.031431,0.008617
COC(=O)[C@@H](N)c1cccc(c1)OC,0,0.269485,0.053165,0.042964
O[C@H]1[C@H](O)[C@H]2O[C@@H]3O[C@@H](CSCCC(=O)O)[C@H](O[C@@H]4O[C@@H](CSCCC(=O)O)[C@H](O[C@@H]5O[C@@H](CSCCC(=O)O)[C@H](O[C@@H]6O[C@@H](CSCCC(=O)O)[C@H](O[C@@H]7O[C@@H](CSCCC(=O)O)[C@H](O[C@@H]8O[C@@H](CSCCC(=O)O)[C@H](O[C@@H]9O[C@@H](CSCCC(=O)O)[C@H](O[C@@H]1O[C@H]2CSCCC(=O)O)[C@@H](O)[C@@H]9O)[C@@H](O)[C@@H]8O)[C@@H](O)[C@@H]7O)[C@@H](O)[C@@H]6O)[C@@H](O)[C@@H]5O)[C@@H](O)[C@@H]4O)[C@@H](O)[C@@H]3O,0,0.000879,0.582722,0.350583
OC[C@@H]1O[C@@H](C[C@H]2[C@@H]1Oc1ccc(cc12)NC(=O)C1CCOCC1)CC(=O)N1CCc2ccccc2C1,0,0.016075,0.033420,0.015135
COc1cccc(c1)S(=O)(=O)N[C@@H]1CC[C@@H](CC(=O)NC2CCC2)O[C@@H]1CO,0,0.008023,0.030734,0.011985
CC(=O)N1CCC2(CC1)NC(=O)NC2=O,0,0.003753,0.067862,0.025941
COc1ccc(cc1)S(=O)(=O)Nc1ccc2c(c1)C(=O)N(C[C@H](C)[C@H](CN(C)S(=O)(=O)C)O2)[C@H](C)CO,0,0.004303,0.025875,0.007007
CC(C)C(=O)NNC(=O)c1ccccc1O,0,0.815576,0.426246,0.232954
COc1ccc(cc1)NC(=O)Nc1ccc2c(c1)C(=O)N(C[C@@H](C)[C@H](CN(C)C(=O)Cc1ccccc1)OCCCC[C@H](C)O2)[C@H](C)CO,0,0.006665,0.023253,0.004062
C[C@@H]1CN([C@@H](C)CO)S(=O)(=O)c2ccc(cc2O[C@@H]1CN(C)S(=O)(=O)C)-c1ccc(cc1)F,0,0.028040,0.033268,0.009219
COc1cccc(c1)NC(=O)N1C[C@H](O)COC[C@@H]2O[C@H](CC[C@H]21)CC(=O)NC1Cc2ccccc2C1,0,0.388909,0.222491,0.187544
N[C@@H]1CC[C@@H](CCn2cc(nn2)C2CCCCC2)O[C@H]1CO,0,0.757317,0.185675,0.070645
C[C@@H]1CN([C@H](C)CO)C(=O)c2cccc(c2O[C@H]1CN(C)Cc1ccc(cc1)C(F)(F)F)NC(=O)c1ccc(cc1)-c1nccs1,0,0.149275,0.056827,0.017390
Cc1nnc(o1)CN,0,0.007795,0.055304,0.012637
Cl.NC1CCN(c2c(F)cc3c(=O)c(C(=O)O)cn(C4CC4)c3c2Cl)C1,1,0.997789,0.841711,0.874011
C[C@H]1CN([C@@H](C)CO)C(=O)c2cccc(c2O[C@@H]1CN(C)Cc1ccncc1)NS(=O)(=O)c1cccs1,0,0.005714,0.025121,0.003657
COC(=O)CCCCCCC(=O)Nc1ccc(cc1)[C@H]1O[C@@H](CSc2ccccn2)C[C@@H](O1)c1ccccc1,0,0.068152,0.149141,0.125053
COc1ccc(cc1)S(=O)(=O)N[C@@H]1CC[C@H](CCNC(=O)CN2CCOCC2)O[C@@H]1CO,0,0.007213,0.026848,0.008811
C[C@@H]1CN([C@@H](C)CO)C(=O)c2cc(cnc2O[C@H]1CN(C)Cc1cccc(c1)C(=O)O)Br,0,0.239396,0.118521,0.068371
Brc1ccc(cc1)Cn1cncc1Cn1cc(c(c1)-c1cccc2ccccc12)C(=O)N1CCOCC1,0,0.893650,0.408413,0.239605
CO[C@@H]1CN(C)C(=O)c2cc(ccc2OC[C@@H](C)N(C[C@H]1C)S(=O)(=O)C)NS(=O)(=O)c1ccccc1C,0,0.004611,0.026934,0.006174
C[C@@H]1CCCCO[C@H](CN(C)S(=O)(=O)c2ccccc2)[C@@H](C)CN([C@@H](C)CO)C(=O)c2cc(ccc2O1)NC(=O)Nc1ccc2c(c1)OCO2,0,0.001882,0.024234,0.003720
C=CCSSCC=C,0,0.129097,0.384215,0.235945
C[C@@H]1CN([C@H](C)CO)C(=O)Cc2cc(ccc2O[C@H]1CN(C)S(=O)(=O)c1cccs1)NS(=O)(=O)c1cccs1,0,0.001208,0.031493,0.008690
CCO[C@@H]1OC(=C[C@@H]([C@H]1CCCOC(=O)NCCCCCC(=O)NO)c1csc2ccccc12)C(=O)N1CCN(CC1)Cc1ccccc1,0,0.000076,0.052420,0.021749
OCCOc1cccc(c1)[C@H]1[C@H](C[C@@H]2N1C(=O)CNC2=O)C(=O)OCCOc1ccc(cc1)[C@H]1N2[C@@H]([C@@H](C(=O)OCC=C)[C@]11C(=O)Nc3ccc(cc31)I)C(=O)O[C@@H]([C@@H]2c1ccccc1)c1ccccc1,0,0.115183,0.086598,0.026468
C[C@H]1CN([C@H](C)CO)C(=O)c2cc(ccc2O[C@H]1CN(C)S(=O)(=O)c1cn(cn1)C)NC(=O)CCCN(C)C,0,0.012774,0.024235,0.004547
C[C@@H]1CCCCO[C@@H](CN(C)C(=O)Nc2c(noc2C)C)[C@@H](C)CN([C@H](C)CO)C(=O)c2cc(ccc2O1)NC(=O)Nc1c(noc1C)C,0,0.041280,0.024355,0.006713
OC[C@H](Cc1ccccc1)NC(=O)C[C@H](CC=C)C(=O)NC[C@H](OC(=O)[C@H](CCC=C)Cc1ccc(cc1)F)c1ccccc1,0,0.006779,0.062876,0.027937
C[C@H]1CN([C@@H](C)CO)C(=O)Cc2cc(ccc2O[C@H]1CN(C)Cc1ccc2c(c1)OCO2)NS(=O)(=O)C,0,0.003606,0.025094,0.006024
COc1ccc(cc1)CN(C)C[C@@H]1OCCCC[C@H](C)Oc2ccc(cc2C(=O)N(C[C@H]1C)[C@@H](C)CO)NC(=O)c1ccncc1,0,0.003260,0.023348,0.003154
OC[C@@H]1O[C@@H](C[C@@H]2[C@H]1Oc1ccc(cc12)NC(=O)c1ccc2c(c1)OCO2)CC(=O)NCCc1ccccc1,0,0.003626,0.023953,0.011835
CN(C)[C@@H](CN)c1cn(c2ccccc12)C,0,0.930299,0.113751,0.046385
COc1ccc(cc1)CN(C)C[C@H]1OCCCC[C@@H](C)Oc2ccc(cc2C(=O)N(C[C@H]1C)[C@@H](C)CO)NS(=O)(=O)c1ccc(cc1)C,0,0.001351,0.024487,0.004404
COc1ccc(cc1)NC(=O)N(C)C[C@H]1Oc2ccc(cc2CC(=O)N(C[C@@H]1C)[C@@H](C)CO)NC(=O)Nc1ccc(cc1)C(F)(F)F,0,0.392654,0.028477,0.032155
C[C@H]1CCCCO[C@@H](CN(C)Cc2ccc(cc2)C(=O)O)[C@@H](C)CN([C@@H](C)CO)C(=O)c2cc(ccc2O1)NC(=O)Nc1cccc2ccccc12,0,0.037284,0.029233,0.004723
C[C@@H]1CCCCO[C@@H](CN(C)Cc2ccc(cc2)C(F)(F)F)[C@H](C)CN([C@@H](C)CO)C(=O)c2cc(ccc2O1)NC(=O)NC1CCCCC1,0,0.157807,0.035091,0.016395
C[C@@H]1CCCCO[C@H](CN(C)CC2CCCCC2)[C@H](C)CN([C@@H](C)CO)C(=O)c2cc(ccc2O1)NS(=O)(=O)c1ccc(cc1)C,0,0.006542,0.025163,0.007305
C[C@@H]1CN([C@H](C)CO)C(=O)Cc2cc(ccc2O[C@H]1CN(C)CC1CCCCC1)NC(=O)Nc1ccc(cc1)C(F)(F)F,0,0.646209,0.188294,0.174977
CO[C@@H]1CN(C)C(=O)c2cc(ccc2OC[C@@H](C)N(C[C@@H]1C)S(=O)(=O)c1cn(cn1)C)NC(=O)C,0,0.007387,0.023923,0.005136
C[C@H]1CN([C@H](C)CO)S(=O)(=O)c2ccc(cc2O[C@H]1CN(C)C(=O)c1ccccn1)C#Cc1ccccc1,0,0.012421,0.027838,0.004583
C[C@H]1CCCCO[C@@H](CN(C)S(=O)(=O)c2ccc(cc2)C)[C@H](C)CN([C@@H](C)CO)C(=O)c2cc(ccc2O1)NC(=O)NC1CCCCC1,0,0.005964,0.024251,0.003506
FC(F)(F)c1nnc2n1CCNC2,0,0.358507,0.129001,0.101260
COC(=O)C1C(O)CCC2CN3CCc4c([nH]c5ccccc45)C3CC21,0,0.181932,0.085063,0.068420
OC(=O)[C@@H]1[C@@H]2CC[C@@H](O2)[C@H]1C(=O)O,0,0.155032,0.160454,0.086322
CO/N=C(\C(=O)N[C@H]1[C@H]2SCC(=C(N2C1=O)C(=O)O)CSc1nnnn1C)c1csc(n1)N,0,0.998947,0.953901,0.976855
C[C@H]1CN([C@H](C)CO)C(=O)Cc2cc(ccc2O[C@@H]1CN(C)C(=O)NC1CCCCC1)NC(=O)C1CC1,0,0.018827,0.029815,0.013146
C[C@@H]1CCCCO[C@H](CN(C)C(=O)Nc2c(noc2C)C)[C@H](C)CN([C@@H](C)CO)C(=O)c2cc(ccc2O1)NS(=O)(=O)c1ccc(cc1)C,0,0.003240,0.025253,0.004472
COc1ccc(cc1)NC(=O)N(C)C[C@H]1Oc2ccc(cc2C(=O)N(C[C@H]1C)[C@H](C)CO)NS(=O)(=O)C,0,0.044597,0.023531,0.004192
Clc1ccc2sc(nc2c1)Sc1ccccc1,0,0.514971,0.475632,0.333928
COc1ccccc1S(=O)(=O)N[C@H]1C=C[C@H](CC(=O)N2CCOCC2)O[C@H]1CO,0,0.012926,0.025985,0.008909
OC(=O)C[C@H]1CSC2=NC=CC(=O)N12,0,0.108778,0.130443,0.118458
C[C@@H]1CCCCO[C@@H](CN(C)S(=O)(=O)c2cn(cn2)C)[C@H](C)CN([C@H](C)CO)C(=O)c2cc(ccc2O1)NS(=O)(=O)C,0,0.006107,0.024469,0.004575
COc1ccc(cc1)S(=O)(=O)N(C)C[C@@H]1Oc2ccc(cc2C(=O)N(C[C@@H]1C)[C@H](C)CO)NC(=O)Cc1ccccc1,0,0.004201,0.024283,0.004438
COc1ccc(cc1)S(=O)(=O)Nc1ccc2c(c1)C(=O)N(C[C@H](C)[C@@H](CN(C)S(=O)(=O)c1ccc(cc1)OC)O2)[C@H](C)CO,0,0.003221,0.025225,0.006367
C[C@@H]1O[C@@H](OC2=C(Oc3cc(cc(c3C2=O)O)O)c2cc(c(c(c2)O)O)O)[C@H](O)[C@H](O)[C@H]1O,0,0.591729,0.229344,0.054717
OC[C@@H](Cc1ccccc1)NC(=O)C[C@@H]1CC=CCCC(=O)OC[C@H](Cc2c[nH]c3ccccc23)NC1=O,0,0.039010,0.039955,0.023185
C[C@@H]1CN([C@@H](C)CO)C(=O)Cc2cc(ccc2O[C@H]1CN(C)CC1CC1)NS(=O)(=O)c1c(noc1C)C,0,0.003422,0.024203,0.004710
C[C@H]1CCCN(C1)C(=O)CCNS(=O)(=O)c1ccc2c(c1)C(=O)N(C)C(=O)N2C,0,0.202137,0.209845,0.049024
NC(=O)CC1=NC(=O)CS1,0,0.000558,0.033948,0.016260
C[C@@H]1CN([C@H](C)CO)C(=O)Cc2cc(ccc2O[C@H]1CN(C)Cc1ccc(cc1)Oc1ccccc1)NC(=O)Nc1ccc(cc1)F,0,0.026505,0.028344,0.013578
C[C@@H]1CN([C@H](C)CO)C(=O)Cc2cc(ccc2O[C@H]1CN(C)C(=O)Nc1cccc2ccccc12)NC(=O)Cn1cnnn1,0,0.018740,0.023526,0.006225
CCS(=O)(=O)Nc1ccc2c(c1)C(=O)N(C)[C@H]1CC[C@H](CC(=O)NCc3ccccc3F)O[C@@H]1CO2,0,0.009854,0.025820,0.007469
C1N2CN3CN1CC(C2)(C3)/N=C\c1cccnc1,0,0.628483,0.084797,0.067260
CO[C@H](CN(C)S(=O)(=O)c1ccc(cc1)C)[C@@H](C)CN([C@@H](C)CO)S(=O)(=O)c1cccc(c1)Cl,0,0.091874,0.061033,0.009348
NC1=NC(=S)N(C=C1)[C@@H]1O[C@H](CO)[C@@H](O)[C@H]1O,0,0.075272,0.123636,0.066792
COC(=O)C1=C(C)NC(C)=C(C(=O)OCCN2CCN(C(c3ccccc3)c3ccccc3)CC2)C1c1cccc([N+](=O)[O-])c1,0,0.000177,0.295118,0.211148
C[C@H]1CN(CCN1C(=O)c1ccccc1F)C(=O)CSc1nnc2c3ccccc3n(c2n1)Cc1cccc(c1)Cl,0,0.180648,0.390323,0.175031
CC(C)(C)[S@@](=O)N1Cc2cc(nc(c2[C@H]1CCO)-c1cccc(c1)-c1ccncc1)C(=O)NCc1ccc2c(c1)OCO2,0,0.004144,0.040845,0.020272
OC[C@H]1O[C@H](C[C@@H]2[C@H]1Oc1ccc(cc12)NS(=O)(=O)c1ccc(cc1)F)CC(=O)NC1CCCCC1,0,0.006528,0.039517,0.007922
C[C@@H]1CCCCO[C@@H](CN(C)Cc2ccccc2)[C@H](C)CN([C@H](C)CO)C(=O)c2cc(ccc2O1)NC(=O)Nc1ccc2c(c1)OCO2,0,0.010449,0.023478,0.004346
CO[C@H]1CN(C)C(=O)c2ccc(cc2OC[C@H](C)N(C[C@H]1C)C(=O)CN(C)C)NC(=O)c1ccccc1,0,0.012207,0.029688,0.009372
COc1ccc(cc1)NC(=O)Nc1ccc2c(c1)C(=O)N(C[C@@H](C)[C@@H](CN(C)S(=O)(=O)c1ccc(cc1)C)OCCCC[C@@H](C)O2)[C@@H](C)CO,0,0.004949,0.024315,0.003628
C[C@@H]1CCCCO[C@@H](CN(C)S(=O)(=O)c2ccc(cc2)Cl)[C@H](C)CN([C@H](C)CO)C(=O)c2cc(ccc2O1)NC(=O)Nc1ccccc1,0,0.017843,0.024222,0.004138
C[C@H]1CCCCO[C@H](CN(C)Cc2ccc(c(c2)Cl)Cl)[C@@H](C)CN([C@H](C)CO)C(=O)c2cc(ccc2O1)NS(=O)(=O)c1ccccc1,0,0.004811,0.024639,0.004101
Cn1ccnc1C(=O)N[C@H]1CN[C@@H]2CCCO[C@H]21,0,0.147730,0.028266,0.007934
C[C@@H]1CCCCO[C@H](CN(C)C(=O)Nc2ccc(cc2)F)[C@@H](C)CN([C@H](C)CO)C(=O)c2cc(ccc2O1)NC(=O)c1ccccc1,0,0.018002,0.024400,0.006457
O=C1N[C@@H](C(=O)N1)c1ccccc1,0,0.045814,0.287555,0.179820
C1CNC[C@@]2(C1)COCCN(C2)c1cnccn1,0,0.882869,0.034354,0.038768
CC(C)NC(=O)N(C)C[C@@H]1Oc2ccc(cc2CC(=O)N(C[C@H]1C)[C@@H](C)CO)NS(=O)(=O)c1cccs1,0,0.005214,0.024259,0.004568
C[C@@H]1CN([C@H](C)CO)C(=O)c2cc(ccc2O[C@@H]1CN(C)Cc1ccc2c(c1)OCO2)NS(=O)(=O)c1c(noc1C)C,0,0.000887,0.025085,0.004971
C[C@H]1CCCCO[C@H](CN(C)C(=O)c2ccccc2)[C@H](C)CN([C@@H](C)CO)C(=O)c2cc(ccc2O1)NS(=O)(=O)c1ccccc1,0,0.000168,0.024238,0.003740
CN1CCN(CC1)C(=O)C[C@H]1CC[C@@H]2[C@H](COC[C@@H](O)CN2C(=O)Nc2ccc3c(c2)OCO3)O1,0,0.456301,0.045383,0.045162
C[C@H]1CN([C@@H](C)CO)C(=O)c2cccc(c2O[C@@H]1CN(C)Cc1ccc(c(c1)Cl)Cl)NC(=O)NC1CCCCC1,0,0.212995,0.031681,0.016170
OCC=CC(=O)O,0,0.003804,0.075067,0.040178
C[C@H]1CN([C@@H](C)CO)C(=O)c2cc(cnc2O[C@@H]1CN(C)S(=O)(=O)c1ccccc1F)C#Cc1cccnc1,0,0.032982,0.026726,0.004302
CCOC(=O)C1=CC(=O)c2cc(ccc2O1)[C@@H]1CC(=O)N([C@@H]1C(=O)Nc1cccc2cccnc12)C(=O)OCc1ccccc1,0,0.002901,0.065386,0.081025
OC[C@@H]1O[C@@H](C[C@@H]2[C@H]1Oc1ccc(cc12)NC(=O)c1ccc2c(c1)OCO2)CC(=O)NCc1ccccn1,0,0.001923,0.023731,0.012392
CN1CC[C@H]2[C@@H]1CCN2C(=O)c1cc(on1)C,0,0.005669,0.038286,0.013635
COc1ccc(cc1)S(=O)(=O)Nc1ccc2c(c1)C(=O)N(C[C@@H](C)[C@H](CN(C)S(=O)(=O)c1ccc(cc1)Cl)OCCCC[C@H](C)O2)[C@H](C)CO,0,0.002784,0.026250,0.006516
C[C@H]1CN([C@@H](C)CO)C(=O)CCCn2cc(nn2)CO[C@H]1CN(C)S(=O)(=O)c1ccc(cc1)-c1ccccc1,0,0.018038,0.025753,0.004586
COCC(=O)N1C[C@H](C)[C@@H](CN(C)C(=O)c2cc(ccc2OC[C@@H]1C)NC(=O)c1ccc(cc1)OC)OC,0,0.004066,0.023628,0.005262
CNCCC(Oc1cccc2ccccc12)c1cccs1.Cl,0,0.945207,0.676662,0.811567
C[C@H]1CN([C@H](C)CO)C(=O)c2cc(ccc2O[C@H]1CN(C)Cc1ccc(cc1)C(F)(F)F)NC(=O)Cc1cn(c2ccccc12)C,0,0.145076,0.032926,0.013788
OC[C@@H]1O[C@@H](C[C@H]2[C@@H]1Oc1ccc(cc12)NC(=O)Cc1ccncc1)CC(=O)NCCc1ccccc1,0,0.018350,0.036212,0.019440
C[C@@H]1CN([C@H](C)CO)C(=O)c2cc(ccc2O[C@@H]1CN(C)Cc1ccc(cc1)-c1ccccc1)NC(=O)Nc1cccc2ccccc12,0,0.051485,0.035322,0.012968
C[C@@H]1CN([C@H](C)CO)C(=O)c2cc(ccc2O[C@H]1CN(C)C(=O)Nc1ccc(cc1)F)NC(=O)Nc1cccc2ccccc12,0,0.106768,0.025055,0.010731
NC1(CCCCC1)C#Cc1cncc(c1)C(=O)N1CCOCC1,0,0.518173,0.340963,0.175931
CO[C@@H]1CN(C)C(=O)c2cc(ccc2OC[C@H](C)N(CCC(F)(F)F)C[C@H]1C)NC(=O)Nc1ccccc1F,0,0.826775,0.090051,0.117864
NC(=O)[C@H]1CSCCC(=O)N1,0,0.000908,0.031673,0.009877
C[C@@H]1CCCCO[C@@H](CN(C)S(=O)(=O)c2ccc(cc2)Cl)[C@@H](C)CN([C@@H](C)CO)C(=O)c2cc(ccc2O1)NC(=O)Nc1ccc(cc1)C(F)(F)F,0,0.425001,0.049197,0.009243
C[C@H]1CCCCO[C@@H](CN(C)Cc2ccccc2)[C@@H](C)CN([C@H](C)CO)C(=O)c2cc(ccc2O1)NS(=O)(=O)c1c(noc1C)C,0,0.002102,0.025352,0.005353
C[C@@H]1CN([C@@H](C)CO)C(=O)c2cccc(c2O[C@H]1CN(C)S(=O)(=O)c1cccs1)NC(=O)c1ccncc1,0,0.003576,0.024482,0.003807
COc1ccc(cc1)S(=O)(=O)Nc1cccc2c1O[C@@H](CN(C)S(=O)(=O)c1ccc(cc1)OC)[C@@H](C)CN([C@@H](C)CO)C2=O,0,0.005939,0.027668,0.007629
C[C@H]1CN([C@@H](C)CO)C(=O)c2cc(ccc2O[C@H]1CN(C)Cc1ccc(cc1)Oc1ccccc1)NS(=O)(=O)c1ccc(cc1)Cl,0,0.001553,0.027064,0.007174
CS(=O)(=O)N1[C@H]2CN3C(=O)C(=CC=C3[C@@H]1[C@@H]([C@H]2CO)C(=O)N1CCOCC1)C1=CCCCC1,0,0.001172,0.028755,0.012510
COc1ccc(c(c1)OC)NC(=O)N(C)C[C@@H]1OCc2ccccc2-c2c(n(c3ccccc23)C)C(=O)N(C[C@H]1C)[C@H](C)CO,0,0.035340,0.024458,0.003866
COc1cc(C2c3cc4c(cc3C(OC3OC5COC(c6cccs6)OC5C(O)C3O)C3COC(=O)C23)OCO4)cc(OC)c1O,0,0.940291,0.838511,0.764928
C[C@H]1CCCCO[C@@H](CN(C)CC2CCCCC2)[C@@H](C)CN([C@@H](C)CO)C(=O)c2cc(ccc2O1)NC(=O)Nc1cccc2ccccc12,0,0.059130,0.035647,0.009298
C[C@H]1CN([C@H](C)CO)S(=O)(=O)c2ccc(cc2O[C@@H]1CN(C)CC1CCOCC1)C#Cc1ccccc1F,0,0.481389,0.038451,0.007425
CC(C)(C)NCC(O)c1ccc(O)c(CO)c1,0,0.002751,0.162149,0.174056
C[C@H]1O[C@H](C[C@H](O)[C@@H]1O)O[C@@H]1[C@@H](C)O[C@H](C[C@@H]1O)O[C@@H]1[C@@H](C)O[C@H](C[C@@H]1O)O[C@H]1CC[C@@]2(C)[C@H](CC[C@@H]3[C@@H]2C[C@@H](O)[C@]2(C)[C@H](CC[C@]32O)C2=CC(=O)OC2)C1,0,0.608911,0.417171,0.249529
COc1ccccc1C#Cc1cnc2c(c1)C(=O)N(C[C@H](C)[C@@H](CN(C)C(=O)c1ccc3c(c1)OCO3)O2)[C@@H](C)CO,0,0.012331,0.024950,0.003346
C[C@H]1CCCCO[C@H](CN(C)Cc2ccc(cc2)C(F)(F)F)[C@H](C)CN([C@H](C)CO)C(=O)c2cc(ccc2O1)NC(=O)Nc1ccc2c(c1)OCO2,0,0.075334,0.018789,0.005680
CN[C@H]1C[C@@H](N)[C@H](O)[C@@H](O[C@@H]2O[C@H](CO)[C@H](O)[C@@H]3O[C@]4(O[C@H]([C@@H](N)CO)[C@H](O)[C@H](O)[C@H]4O)O[C@H]23)[C@@H]1O,0,0.966671,0.751128,0.613243
C[C@H]1CN([C@H](C)CO)C(=O)c2cc(ccc2O[C@@H]1CN(C)Cc1ccc(cc1)Oc1ccccc1)NC(=O)C1CCCCC1,0,0.007180,0.026952,0.015314
NCC1CCN(CC1)S(=O)(=O)C1CC1,0,0.014496,0.042385,0.009478
COc1ccc(cc1)NC(=O)Nc1cccc2c1O[C@H](CN(C)Cc1ccc(c(c1)Cl)Cl)[C@@H](C)CN([C@H](C)CO)C2=O,0,0.282174,0.036800,0.010193
CC(=C)/C=C\1/C=CC(=O)C(=C1)C,0,0.148660,0.056158,0.019341
C[C@@H]1CCCCO[C@@H](CN(C)S(=O)(=O)C)[C@@H](C)CN([C@@H](C)CO)C(=O)c2cc(ccc2O1)NS(=O)(=O)c1ccc(cc1)C,0,0.001187,0.024281,0.005023
COc1cccc(c1)C(=O)Nc1ccc2c(c1)C(=O)N(C)[C@@H]1CC[C@@H](CC(=O)NCC(F)(F)F)O[C@@H]1CO2,0,0.071534,0.104159,0.057442
OCc1ccc(cc1)CO[C@H]1C[C@H](C=C(O1)C(=O)NCc1ccccc1)c1ccc(cc1)Br,0,0.124745,0.286096,0.121904
C[C@@H]1CCCCO[C@H](CN(C)S(=O)(=O)c2cccs2)[C@@H](C)CN([C@@H](C)CO)C(=O)c2cc(ccc2O1)NC(=O)Nc1ccccc1,0,0.003061,0.024288,0.003564
C[C@@H]1CN([C@H](C)CO)C(=O)Cc2cc(ccc2O[C@@H]1CN(C)Cc1ccc(cc1)-c1ccccc1)NC(=O)Nc1cccc2ccccc12,0,0.043454,0.029856,0.010311
COCC(=O)N1C[C@H](C)[C@H](CN(C)C(=O)c2ccc(cc2OC[C@@H]1C)NC(=O)Nc1ccccc1)OC,0,0.019168,0.028268,0.007784
C[C@@H]1CN([C@H](C)CO)C(=O)c2cccc(c2O[C@@H]1CN(C)S(=O)(=O)c1cn(cn1)C)NS(=O)(=O)c1ccc(cc1)F,0,0.012475,0.025874,0.009374
COc1ccc(cc1)CN(C)C[C@@H]1Oc2c(cccc2C(=O)N(C[C@@H]1C)[C@@H](C)CO)NS(=O)(=O)c1c(noc1C)C,0,0.004173,0.024794,0.004734
C[C@H]1CN([C@@H](C)CO)C(=O)Cc2cc(ccc2O[C@H]1CN(C)C(=O)Nc1ccc2c(c1)OCO2)NS(=O)(=O)c1cn(cn1)C,0,0.010141,0.024199,0.003489
COc1cc2c(cc1OC)CN(CC2)C(=O)[C@H]1[C@H]2N([C@@H]([C@@H](OC2=O)c2ccccc2)c2ccccc2)[C@@H](c2ccc(cc2)O)[C@]11C(=O)Nc2ccc(cc21)C#CC1(O)CCCCCC1,0,0.022930,0.087473,0.011082
CCOC(=O)N(C)C[C@@H]1OCc2cnnn2CCCC(=O)N(C[C@@H]1C)[C@@H](C)CO,0,0.032601,0.034205,0.017136
COc1ccc2c3c([nH]c2c1)[C@@H](CO)N(Cc1ccncc1)C[C@]13CCN(CC1)Cc1ccc(cc1)-c1ccccn1,0,0.448816,0.403015,0.353670
O=C(CN1C(=O)c2cccc3cccc(c23)C1=O)N1CCN(CC1)CCN1C(=O)[C@H]2[C@H]3C[C@@H](C=C3)[C@@H]2C1=O,0,0.000001,0.057761,0.033772
Cc1cc(cc2nnc(nc12)Nc1ccc(cc1)OCCN1CCCC1)-c1cc(ccc1Cl)OC(=O)c1ccccc1,0,0.858326,0.437295,0.143022
C[C@H]1CCCCO[C@H](CN(C)C(=O)Nc2c(noc2C)C)[C@H](C)CN([C@@H](C)CO)C(=O)c2cc(ccc2O1)NS(=O)(=O)c1ccccc1,0,0.002046,0.024233,0.003789
CC(C)NC(=O)N(C)C[C@H]1Oc2ccc(cc2C(=O)N(C[C@H]1C)[C@@H](C)CO)NS(=O)(=O)c1c(noc1C)C,0,0.013626,0.025071,0.008623
ONC(=O)CCCCCCC(=O)N/N=C/c1cccc(c1)[B](O)O,0,0.827301,0.261641,0.255391
C[C@@H]1CN([C@@H](C)CO)C(=O)Cc2cc(ccc2O[C@H]1CN(C)C(=O)Nc1c(noc1C)C)NS(=O)(=O)c1ccccc1,0,0.002987,0.024274,0.003828
C[C@@H]1CCCCO[C@@H](CN(C)S(=O)(=O)c2ccc(cc2)Cl)[C@H](C)CN([C@@H](C)CO)C(=O)c2cc(ccc2O1)NS(=O)(=O)c1ccc(cc1)Cl,0,0.009341,0.027131,0.008085
C[C@H]1CN([C@@H](C)CO)C(=O)c2cccc(c2O[C@@H]1CN(C)Cc1ccc2c(c1)OCO2)NC(=O)Nc1ccc(cc1)C(F)(F)F,0,0.343575,0.148694,0.040122
Cc1ccccc1S(=O)(=O)N1C[C@@H](O)COC[C@@H]2O[C@@H](CC[C@H]21)CC(=O)N1CCOCC1,0,0.039114,0.054591,0.014182
NNC(=O)[C@H]1C[C@H]2C[C@@H]1C[C@@H]2C(=O)NN,0,0.827482,0.079313,0.016860
C[C@@H]1CN([C@@H](C)CO)C(=O)c2cc(ccc2O[C@@H]1CN(C)S(=O)(=O)c1ccccc1)NS(=O)(=O)c1ccc(cc1)F,0,0.004286,0.026990,0.007302
C[C@H]1CCCCO[C@@H](CN(C)S(=O)(=O)c2ccc(cc2)Cl)[C@@H](C)CN([C@H](C)CO)C(=O)c2cc(ccc2O1)NC(=O)Nc1ccc(cc1)C(F)(F)F,0,0.425001,0.049197,0.009243
COc1ccc(cc1)NC(=O)Nc1cccc2c1O[C@@H](CN(C)Cc1ccc(cc1)C(F)(F)F)[C@H](C)CN([C@H](C)CO)C2=O,0,0.430274,0.043723,0.028260
C[C@@H]1CN([C@H](C)CO)C(=O)Cc2cc(ccc2O[C@H]1CN(C)Cc1ccc(cc1)C(F)(F)F)NC(=O)Nc1ccc2c(c1)OCO2,0,0.087538,0.024923,0.010228
C[C@@H]1CCCCO[C@@H](CN(C)CC2CCCCC2)[C@H](C)CN([C@@H](C)CO)C(=O)c2cc(ccc2O1)NC(=O)CCCN(C)C,0,0.057557,0.035089,0.008702
C[C@@H]1CCCCO[C@H](CN(C)C(=O)Nc2ccc(cc2)C(F)(F)F)[C@@H](C)CN([C@H](C)CO)C(=O)c2cc(ccc2O1)NC(=O)Nc1cccc2ccccc12,0,0.229859,0.023712,0.006753
O[C@@H]1COC[C@H]2O[C@H](CC[C@@H]2N(C1)S(=O)(=O)c1ccc(cc1)F)CC(=O)O,0,0.442180,0.075860,0.034262
C[C@H]1CCCCO[C@H](CN(C)C(=O)NC2CCCCC2)[C@H](C)CN([C@H](C)CO)C(=O)c2cc(ccc2O1)NC(=O)NC1CCCCC1,0,0.012491,0.024363,0.005525
C[C@H]1CCCCO[C@@H](CN(C)C(=O)Nc2ccc3c(c2)OCO3)[C@H](C)CN([C@H](C)CO)C(=O)c2cc(ccc2O1)NS(=O)(=O)c1ccccc1,0,0.000778,0.024257,0.003390
CC1(C(=O)O)CCC2(C)CCC3(C)C(=CC(=O)C4C5(C)CCC(OC6OC(C(=O)O)C(O)C(O)C6OC6OC(C(=O)O)C(O)C(O)C6O)C(C)(C)C5CCC43C)C2C1,0,0.990201,0.340435,0.180002
C[C@H]1CCCCO[C@@H](CN(C)S(=O)(=O)c2cn(cn2)C)[C@H](C)CN([C@H](C)CO)C(=O)c2cc(ccc2O1)NC(=O)Nc1cccc2ccccc12,0,0.005412,0.024796,0.003297
COc1ccc(cc1)S(=O)(=O)N(C)C[C@@H]1Oc2c(cccc2C(=O)N(C[C@H]1C)[C@@H](C)CO)NS(=O)(=O)C,0,0.028355,0.024299,0.007325
CC(C)(C)N(CC=C)C(=O)[C@H]1N(C(=O)[C@H]2[C@@H]([C@H]3O[C@]21C=C3)C(=O)O)C(C)(C)CO,0,0.496994,0.368303,0.164167
COc1ccc(cc1)C=Cc1cc(cc(c1)O[C@@H]1O[C@H](CO)[C@@H](O)[C@H](O)[C@H]1O)O,0,0.314156,0.068675,0.067965
NC(=O)NCC#Cc1ccc2c(c1)[C@@]1([C@@H]([C@@H]3N([C@H]([C@H](OC3=O)c3ccccc3)c3ccccc3)[C@@H]1c1ccc(cc1)OCCO)C(=O)N1CCN(CC1)c1ncccn1)C(=O)N2,0,0.217649,0.051898,0.009745
C[C@@H]1CN([C@@H](C)CO)C(=O)c2cccc(c2O[C@@H]1CN(C)Cc1ccc(cc1)C(=O)Nc1ccccc1N)NS(=O)(=O)c1ccc(cc1)Cl,0,0.004292,0.029783,0.005267
COc1ccc(cc1)NC(=O)N1CCCCN2[C@H](COCCN(C)C)[C@@H]([C@@H]2C1)c1ccc(cc1)C#Cc1ccccc1,1,0.981274,0.123059,0.089598
NC[C@H]1CN(Cc2ccccc2)C(=O)C1,0,0.027286,0.088365,0.042501
C[C@@H]1CCCCO[C@@H](CN(C)S(=O)(=O)c2cccs2)[C@@H](C)CN([C@@H](C)CO)C(=O)c2cc(ccc2O1)NS(=O)(=O)c1cn(cn1)C,0,0.004103,0.024704,0.004027
OCCN1[C@@H]2C(=O)N(CC=C[C@@]32O[C@@H]2C=CCOC(=O)[C@@H]2[C@H]3C1=O)Cn1nnc2ccccc12,0,0.836993,0.281168,0.097318
C[C@H]1CN([C@H](C)CO)C(=O)c2cccc(c2O[C@H]1CN(C)Cc1ccc2c(c1)OCO2)NC(=O)C1CCOCC1,0,0.011356,0.025093,0.007511
C[C@H]1CN([C@H](C)CO)C(=O)c2cc(ccc2O[C@@H]1CN(C)C(=O)Nc1ccc(cc1)C(F)(F)F)NC(=O)CCC(F)(F)F,1,0.850751,0.386942,0.226507
C[C@H]1CN([C@H](C)CO)C(=O)c2cccc(c2O[C@@H]1CN(C)S(=O)(=O)C)NC(=O)Nc1ccc(cc1)C(F)(F)F,0,0.607121,0.613973,0.144439
OC[C@H]1O[C@H](C[C@H]2[C@@H]1Oc1ccc(cc12)NS(=O)(=O)c1ccc(cc1)F)CC(=O)NCc1cccnc1,0,0.004604,0.024924,0.005764
CC1=C(C(=O)NC(=O)N1)S(=O)(=O)N1CCC[C@@H](C1)C(=O)NCCc1c[nH]c2ccc(cc12)F,0,0.529715,0.032343,0.049752
COc1ccc(cc1)CN(C)C[C@H]1Oc2c(cccc2C(=O)N(C[C@H]1C)[C@H](C)CO)NS(=O)(=O)c1cn(cn1)C,0,0.033336,0.024465,0.004103
NC(=O)C1(N2CCCCC2)CCN(CCCC(=O)c2ccc(F)cc2)CC1,0,0.943066,0.447702,0.489760
C[C@H]1CN([C@H](C)CO)C(=O)c2cccc(c2O[C@@H]1CN(C)C(=O)Nc1cccc2ccccc12)NS(=O)(=O)c1ccc(cc1)C,0,0.007313,0.025312,0.005989
CN[C@@H]1[C@@H](O)[C@H](O)[C@H](CO)O[C@@H]1O[C@H]1[C@H](O[C@@H](C)[C@@]1(O)C=O)O[C@H]1[C@@H](O)[C@@H](O)[C@@H](NC(=N)N)[C@@H](O)[C@@H]1NC(=N)N.CN[C@@H]1[C@@H](O)[C@H](O)[C@H](CO)O[C@@H]1O[C@H]1[C@H](O[C@@H](C)[C@@]1(O)C=O)O[C@H]1[C@@H](O)[C@@H](O)[C@@H](NC(=N)N)[C@@H](O)[C@@H]1NC(=N)N.OS(=O)(=O)O.OS(=O)(=O)O.OS(=O)(=O)O,0,0.986891,0.579728,0.386460
C[C@H]1CN([C@H](C)CO)C(=O)c2cc(cnc2O[C@H]1CN(C)S(=O)(=O)c1cn(cn1)C)C#Cc1ccccc1,0,0.027340,0.025324,0.005120
OC[C@H]1O[C@@H](CC(=O)NCc2ccncn2)C=C[C@H]1NS(=O)(=O)c1ccccc1,0,0.024746,0.028343,0.008332
C[C@@H]1CN([C@@H](C)CO)C(=O)c2cc(ccc2O[C@@H]1CN(C)Cc1ccc(cc1)-c1ccccc1)NC(=O)Nc1ccc(cc1)F,0,0.237203,0.075154,0.032774
O=c1[nH]cnc2c1ncn2C1CCC(CO)O1,0,0.321861,0.053561,0.061779
CN(C)C(=O)[C@@H]1[C@@H](CO)[C@@H]2CN3C(=O)C(=CC=C3[C@H]1N2S(=O)(=O)c1cn(cn1)C)C1=CCCC1,0,0.002379,0.029039,0.007293
C[C@H]1CN([C@@H](C)CO)C(=O)c2cccc(c2O[C@H]1CN(C)C(=O)Nc1ccccc1)NC(=O)Nc1ccc(cc1)C(F)(F)F,1,0.840535,0.890627,0.935808
C[C@@H]1CC=CC[C@@H](NC(=O)[C@@H](Cc2ccccc2)N(C)C(=O)c2ccccc2O1)c1ccc2c(c1)OCO2,0,0.021964,0.058260,0.017031
CC(=O)C1CCN(CC1)C(=O)C,0,0.149314,0.087947,0.035662
O=C(NC1CCCCCCC1)c1ccccc1-c1ccccc1,0,0.270735,0.583637,0.359084
C[C@H]1CN([C@@H](C)CO)C(=O)c2cc(ccc2O[C@@H]1CN(C)Cc1ccc(c(c1)Cl)Cl)NC(=O)NC1CCCCC1,0,0.162822,0.036878,0.017632
C[C@@H]1CN([C@H](C)CO)S(=O)(=O)c2ccc(cc2O[C@H]1CN(C)Cc1ccncc1)C#CCN(C)C,0,0.034873,0.030457,0.006121
COC(=O)c1ccccc1S(=O)(=O)NC(=O)Nc1nc(c2c(n1)CCS(=O)(=O)C2)C,0,0.002713,0.068148,0.046881
C[C@@H]1CN([C@H](C)CO)C(=O)Cc2cc(ccc2O[C@@H]1CN(C)Cc1ccncc1)NS(=O)(=O)c1ccccc1,0,0.000430,0.024343,0.003528
COc1cc(ccc1NN=C1C=Cc2c(c(c(cc2S(=O)(=O)O)S(=O)(=O)O)N)C1=O)-c1ccc(c(c1)OC)NN=C1C=Cc2c(c(c(cc2S(=O)(=O)O)S(=O)(=O)O)N)C1=O,0,0.520034,0.425691,0.234776
CC(C)C[C@@](O)([C@@H](O)C(=O)OCc1ccc(cc1)O[C@@H]1O[C@H](CO)[C@@H](O)[C@H](O)[C@H]1O)C(=O)OCc1ccc(cc1)O[C@@H]1O[C@H](CO)[C@@H](O)[C@H](O)[C@H]1O,0,0.009014,0.137980,0.074447
C[C@@H]1CN([C@@H](C)CO)C(=O)c2cccc(c2O[C@@H]1CN(C)S(=O)(=O)c1cccs1)NC(=O)c1cc(nn1C)C,0,0.006221,0.024780,0.004658
CN1[C@@H]2CC[C@H]1C[C@H](O)C2,0,0.023836,0.056729,0.020012
CN1[C@@H]2CC[C@H](CC(=O)N3CCOCC3)O[C@@H]2COc2ccc(cc2C1=O)NC(=O)c1ccc(cc1)F,0,0.004065,0.027738,0.014422
CC(C)C[C@@H]1N2C(=O)[C@](NC(=O)[C@H]3CN(C)[C@@H]4Cc5c([nH]c6cccc(c56)C4=C3)Br)(O[C@@]2(O)[C@@H]2CCCN2C1=O)C(C)C,0,0.038620,0.645748,0.354869
COc1ccc(cc1)S(=O)(=O)N(C)C[C@H]1Oc2cc(ccc2S(=O)(=O)N(C[C@H]1C)[C@H](C)CO)Br,0,0.055978,0.030769,0.009288
C[C@@H]1CCCCO[C@H](CN(C)Cc2ccc(c(c2)Cl)Cl)[C@@H](C)CN([C@@H](C)CO)C(=O)c2cc(ccc2O1)NC(=O)Nc1cccc2ccccc12,0,0.069691,0.039111,0.005485
CC(C)NC(=O)Nc1ccc2c(c1)C(=O)N(C[C@H](C)[C@H](CN(C)Cc1ccc(cc1)C(F)(F)F)OCCCC[C@@H](C)O2)[C@@H](C)CO,0,0.240856,0.034523,0.026517
NC(=O)CCC(N)C(=O)O,0,0.009586,0.039509,0.014241
C[C@H]1CN([C@H](C)CO)C(=O)c2cc(ccc2O[C@@H]1CN(C)S(=O)(=O)c1cn(cn1)C)NC(=O)CCCN(C)C,0,0.012774,0.024235,0.004547
COc1ccc(cc1)CN(C)C[C@H]1Oc2c(cccc2C(=O)N(C[C@@H]1C)[C@@H](C)CO)NS(=O)(=O)c1cn(cn1)C,0,0.033336,0.024465,0.004103
C[C@@H]1CCCCO[C@H](CN(C)Cc2ccncc2)[C@H](C)CN([C@@H](C)CO)C(=O)c2cc(ccc2O1)NC(=O)Nc1ccc2c(c1)OCO2,0,0.007271,0.022932,0.003359
COc1cccc(c1)-c1ccc2c(c1)O[C@H](CN(C)C(=O)C1CCC1)[C@H](C)CN([C@H](C)CO)S2(=O)=O,0,0.012073,0.036433,0.010790
C[C@H]1CN([C@H](C)CO)C(=O)Cc2cc(ccc2O[C@@H]1CN(C)S(=O)(=O)c1cn(cn1)C)NS(=O)(=O)C,0,0.010459,0.024341,0.005073
CC1=CC=CC(=O)N1CCCCN,0,0.055776,0.031539,0.015536
CCc1c(nnn1-c1nonc1N)C(=O)OC,0,0.606850,0.103565,0.056464
C[C@H]1CN([C@@H](C)CO)C(=O)Cc2cc(ccc2O[C@H]1CN(C)Cc1ccc2c(c1)OCO2)NC(=O)Nc1cccc2ccccc12,0,0.008516,0.024103,0.006404
Nc1ccc(cc1F)-c1nn[nH]n1,0,0.589472,0.132714,0.129027
OC[C@@H]1O[C@H](C[C@H]2[C@@H]1Oc1ccc(cc12)NS(=O)(=O)c1ccc(cc1)F)CC(=O)NCc1cccc(c1)F,0,0.019024,0.038596,0.009852
CCOC(=O)C(=O)NCc1nnnn1-c1ccccc1,0,0.170586,0.089912,0.169622
CN([C@@H](c1ccccc1C)c1ncccc1C)C(=O)C1CCN(CCOc2ccc3ccccc3c2)CC1,0,0.778412,0.719216,0.826393
C[C@H]1CN([C@@H](C)CO)C(=O)c2cc(ccc2O[C@@H]1CN(C)CC1CC1)NS(=O)(=O)c1cn(cn1)C,0,0.045816,0.024069,0.005048
C[C@H]1CN([C@@H](C)CO)C(=O)c2cccc(c2O[C@H]1CN(C)S(=O)(=O)c1cn(cn1)C)NC(=O)NC1CCCCC1,0,0.035753,0.024232,0.004828
CC(C)NC(=O)N(C)C[C@H]1OCCCC[C@H](C)Oc2ccc(cc2C(=O)N(C[C@@H]1C)[C@@H](C)CO)NS(=O)(=O)c1cn(cn1)C,0,0.014843,0.024524,0.004603
C[C@@H]1CN([C@H](C)CO)S(=O)(=O)c2ccc(cc2O[C@H]1CN(C)C(=O)Nc1ccc2c(c1)OCO2)C#Cc1ccncc1,0,0.026413,0.032075,0.004367
NC[C@H]1COC2(CCCCC2)O1,0,0.216378,0.087993,0.023742
ONC(=O)c1ccc(cc1)C#C,0,0.125116,0.090578,0.032301
OC[C@@H]1O[C@H](CC(=O)NCCCN2CCOCC2)C=C[C@@H]1NC(=O)Nc1ccc2c(c1)OCO2,0,0.175812,0.059151,0.049525
C[C@@H]1CN([C@@H](C)CO)C(=O)c2cccc(c2O[C@@H]1CN(C)S(=O)(=O)c1ccc(cc1)Cl)NC(=O)c1cnccn1,0,0.076209,0.024540,0.005106
COc1ccc(cc1)S(=O)(=O)N(C)C[C@H]1Oc2c(cccc2C(=O)N(C[C@H]1C)[C@@H](C)CO)NS(=O)(=O)c1c(noc1C)C,0,0.005213,0.025234,0.008441
COc1ccc(cc1)N1C[C@@H](O)Cn2c1nc1c2C(=O)NC(=O)N1C,0,0.915486,0.324606,0.222892
C[C@H]1CN([C@H](C)CO)C(=O)c2ccccc2-c2ccccc2CO[C@H]1CN(C)C(=O)Nc1cccc(c1)F,0,0.130634,0.104874,0.029149
C[C@@H]1CCCCO[C@@H](CN(C)Cc2ccc(cc2)C(=O)O)[C@@H](C)CN([C@H](C)CO)C(=O)c2cc(ccc2O1)NC(=O)C1CCCCC1,0,0.072073,0.034707,0.014664
C[C@H]1CN([C@H](C)CO)C(=O)c2cc(ccc2O[C@@H]1CN(C)S(=O)(=O)c1ccc(cc1)C)NS(=O)(=O)c1cn(cn1)C,0,0.022826,0.024271,0.004400
COc1ccc(cc1)NC(=O)N(C)C[C@@H]1Oc2ccc(cc2C(=O)N(C[C@H]1C)[C@H](C)CO)NC(=O)CCN1CCOCC1,0,0.007174,0.023082,0.003979
COc1cccc(c1)S(=O)(=O)N[C@@H]1CC[C@@H](CCn2cc(nn2)-c2ccccc2OC)O[C@@H]1CO,0,0.176921,0.024582,0.010876
CC(=O)OCC(=O)C1(O)CCC2C3CCC4=CC(=O)CCC4(C)C3C(O)CC21C,0,0.382392,0.468301,0.344831
CN(C)CCCC[C@@H]1NC(=O)[C@@H]2C[C@@H]([C@@H](N2C1=O)c1cccc(c1)OCCO)C(=O)OCCOc1ccc(cc1)[C@H]1N2[C@@H]([C@@H](C(=O)OCC=C)[C@]11C(=O)Nc3ccc(cc31)I)C(=O)O[C@@H]([C@@H]2c1ccccc1)c1ccccc1,0,0.243253,0.090033,0.014250
C[C@@H]1CN([C@@H](C)CO)C(=O)c2cccc(c2O[C@H]1CN(C)Cc1ccc(cc1)Oc1ccccc1)NC(=O)C1CCOCC1,0,0.012091,0.029199,0.011748
C[C@H]1CN([C@H](C)CO)C(=O)c2cc(cnc2O[C@@H]1CN(C)C(=O)Nc1ccc2c(c1)OCO2)-c1ccncc1,0,0.006373,0.022277,0.003139
CCCCC(=O)C1CCC(CC1)c1ccc(cc1)Cl,0,0.875887,0.264765,0.245374
C[C@@H]1CCCCO[C@H](CN(C)C(=O)C2CCCCC2)[C@@H](C)CN([C@@H](C)CO)C(=O)c2cc(ccc2O1)NC(=O)CCC(F)(F)F,0,0.073917,0.141048,0.058250
C[C@H]1CN([C@@H](C)CO)C(=O)c2cccc(c2O[C@@H]1CN(C)S(=O)(=O)C)NC(=O)NC1CCCCC1,0,0.029963,0.024617,0.006125
CC(C)NC(=O)[C@]1(CC(=O)N(Cc2ccccc2C(F)(F)F)[C@@H]1c1ccc(cc1I)CO)Sc1ccc(cc1)C,0,0.848005,0.284871,0.127859
C[C@@H]1CCCCO[C@@H](CN(C)S(=O)(=O)c2ccc(cc2)Cl)[C@H](C)CN([C@H](C)CO)C(=O)c2cc(ccc2O1)NS(=O)(=O)c1ccc(cc1)F,0,0.006437,0.025975,0.006146
C[C@H]1CN([C@H](C)CO)C(=O)c2cc(cnc2O[C@@H]1CN(C)S(=O)(=O)c1ccccc1)C#CC1(O)CCCC1,0,0.005736,0.027812,0.004350
C[C@H]1CN([C@@H](C)CO)C(=O)c2cc(cnc2O[C@@H]1CN(C)Cc1ccc(cc1)F)C#Cc1cccnc1,0,0.053438,0.028509,0.008379
O[C@H]1COC[C@@H]2O[C@H](CC[C@H]2N(C1)S(=O)(=O)c1cccc(c1)Cl)CC(=O)NC1Cc2ccccc2C1,0,0.302025,0.049767,0.033711
C[C@@H]1CCCCO[C@@H](CN(C)Cc2ccc(c(c2)Cl)Cl)[C@@H](C)CN([C@@H](C)CO)C(=O)c2cc(ccc2O1)NS(=O)(=O)c1c(noc1C)C,0,0.014882,0.025109,0.005949
C[C@H]1CN([C@@H](C)CO)C(=O)c2cc(ccc2O[C@@H]1CN(C)C(=O)Nc1c(noc1C)C)NC(=O)CCN1CCOCC1,0,0.009661,0.023770,0.004600
C[C@@H]1CN([C@@H](C)CO)C(=O)CCCn2cc(nn2)CO[C@H]1CN(C)C(=O)Nc1cccc2ccccc12,0,0.050213,0.034452,0.010361
C[C@@H]1C(=O)O[C@H]2[C@H](O)[C@@]34[C@H]5C[C@@H](C(C)(C)C)[C@]63[C@@H](O)C(=O)O[C@H]6O[C@@]4(C(=O)O5)[C@@]12O,0,0.003827,0.118907,0.117317
C[C@@H]1CN([C@H](C)CO)C(=O)Cc2cc(ccc2O[C@H]1CN(C)S(=O)(=O)c1c(noc1C)C)NC(=O)C1CC1,0,0.004205,0.024294,0.006062
C[C@@H]1CN([C@H](C)CO)C(=O)c2cccc(c2O[C@@H]1CN(C)Cc1ccc(cc1)Oc1ccccc1)NS(=O)(=O)c1c(noc1C)C,0,0.001655,0.026046,0.005805
CO[C@H](CCO)[C@H](O)c1ccc(c(c1)O)OC,0,0.140338,0.076542,0.134713
Oc1cc(O)c2c(c1)OC(c1ccc(O)c(O)c1)C(O)C2,0,0.442449,0.131375,0.176308
OCCCOc1ccc(cc1)C1=N[C@](Cc2ccccc2N=[N+]=[N-])([C@H](O1)c1ccccc1)C(=O)NCc1ccccc1,0,0.137978,0.098656,0.124651
OC[C@H](Cc1ccccc1)NC(=O)C[C@@H]1CC=CC[C@H](NC(=O)OCC2c3ccccc3-c3ccccc32)C(=O)O[C@@H](CNC1=O)c1ccccc1,0,0.000412,0.056079,0.030688
CC(C)NC(=O)N(C)C[C@@H]1Oc2c(cccc2C(=O)N(C[C@@H]1C)[C@H](C)CO)NS(=O)(=O)c1cn(cn1)C,0,0.109159,0.023783,0.005846
CCCN1C[C@H](C)[C@@H](CN(C)C(=O)c2ccc(cc2OC[C@H]1C)NS(=O)(=O)c1cn(cn1)C)OC,0,0.021236,0.023574,0.004490
CCOC(=O)c1ccc(o1)CNS(=O)(=O)c1ccc(cc1)S(=O)(=O)N1CCOCC1,0,0.005276,0.030803,0.026559
C[C@@H]1CN([C@H](C)CO)C(=O)c2cc(ccc2O[C@@H]1CN(C)S(=O)(=O)c1c(noc1C)C)NS(=O)(=O)c1c(noc1C)C,0,0.003894,0.024732,0.009501
COc1ccc(cc1)CN(C)C[C@@H]1OCCCC[C@H](C)Oc2ccc(cc2C(=O)N(C[C@H]1C)[C@H](C)CO)NC(=O)Nc1ccc(cc1)OC,0,0.022310,0.023745,0.005158
C[C@@H]1CCCCO[C@H](CN(C)C(=O)C2CCCCC2)[C@@H](C)CN([C@H](C)CO)C(=O)c2cc(ccc2O1)NC(=O)Nc1ccc(cc1)C(F)(F)F,0,0.296652,0.170819,0.090214
C[C@@H]1CN([C@H](C)CO)C(=O)c2cc(ccc2O[C@@H]1CN(C)Cc1ccc(cc1)-c1ccccc1)NC(=O)Nc1ccccc1,0,0.094502,0.026249,0.012896
C[C@H]1CCCCO[C@H](CN(C)CC2CCCCC2)[C@@H](C)CN([C@H](C)CO)C(=O)c2cc(ccc2O1)NC(=O)Nc1c(noc1C)C,0,0.109374,0.029718,0.011773
COc1ccc(CN(CCN(C)C)c2ccccn2)cc1.O=C(O)C=CC(=O)O,0,0.545282,0.187101,0.143077
C[C@H]1CCCCO[C@H](CN(C)C(=O)Cc2ccccc2)[C@H](C)CN([C@H](C)CO)C(=O)c2cc(ccc2O1)NC(=O)Nc1cccc2ccccc12,0,0.005143,0.023185,0.004518
Cc1noc(c1CO)C,0,0.013717,0.037475,0.017703
COc1ccc(cc1)S(=O)(=O)N1C[C@H](O)COC[C@H]2O[C@H](CC[C@@H]21)CC(=O)NCc1ccc(c(c1)Cl)Cl,0,0.561463,0.039217,0.051677
C1CO[C@@]2(C1)CCNC2,0,0.139191,0.037262,0.011662
COc1ccccc1C#Cc1ccc2c(c1)O[C@H](CN(C)Cc1ccncc1)[C@H](C)CN([C@@H](C)CO)S2(=O)=O,0,0.037483,0.028742,0.005196
CCCN(C)C[C@@H]1Oc2cc(ccc2S(=O)(=O)N(C[C@@H]1C)[C@@H](C)CO)C#Cc1cccc(c1)OC,0,0.117271,0.034323,0.009050
C[C@H]1CN([C@@H](C)CO)C(=O)c2cccc(c2O[C@H]1CN(C)C(=O)Nc1ccc(cc1)F)NC(=O)c1ccc(cc1)-c1nccs1,0,0.147009,0.024433,0.007989
C[C@H]1CN([C@H](C)CO)C(=O)Cc2cc(ccc2O[C@H]1CN(C)S(=O)(=O)c1ccccc1)NS(=O)(=O)C,0,0.006788,0.027839,0.007183
CO[C@@H]1CN(C)C(=O)c2ccc(cc2OC[C@H](C)N(C[C@H]1C)S(=O)(=O)C)NS(=O)(=O)c1ccccc1C,0,0.003634,0.024726,0.005974
C[C@@H]1CN([C@H](C)CO)C(=O)CCCn2cc(nn2)CO[C@@H]1CN(C)C(=O)Nc1cccc2ccccc12,0,0.050213,0.034452,0.010361
COc1ccc(cc1)S(=O)(=O)N(C)C[C@H]1Oc2ncc(cc2C(=O)N(C[C@@H]1C)[C@@H](C)CO)Br,0,0.038335,0.025498,0.008272
C[C@H]1CN([C@@H](C)CO)C(=O)c2cc(ccc2O[C@@H]1CN(C)Cc1ccc(cc1)Oc1ccccc1)NC(=O)c1ccncc1,0,0.001247,0.023576,0.005458
[KH].I,0,0.000016,0.316954,0.095717
ONC(=O)CCCCCNC(=O)OCc1ccc(cc1)CO[C@H]1C[C@H](C=C(O1)C(=O)NC1CC1)c1ccc(cc1)C(F)(F)F,0,0.000274,0.108876,0.115290
C[C@@H]1CN([C@H](C)CO)S(=O)(=O)c2ccc(cc2O[C@@H]1CN(C)S(=O)(=O)c1ccc(cc1)C)C#Cc1ccccc1,0,0.023801,0.047914,0.008343
C[C@@H]1CN([C@@H](C)CO)C(=O)c2cc(ccc2O[C@@H]1CN(C)S(=O)(=O)c1ccccc1)NC(=O)CCCN(C)C,0,0.004631,0.024290,0.004410
CC(C)NC(=O)Nc1ccc2c(c1)C(=O)N(C[C@H](C)[C@H](CN(C)S(=O)(=O)c1cn(cn1)C)OCCCC[C@@H](C)O2)[C@@H](C)CO,0,0.010885,0.024803,0.004050
NC(Cc1cc(I)c(Oc2ccc(O)c(I)c2)c(I)c1)C(=O)[O-].[Na+],0,0.997539,0.740084,0.808831
O=c1cc(-c2ccccc2O)oc2cc(O)ccc12,0,0.398482,0.411554,0.278254
COc1ccc2c3c([nH]c2c1)[C@H](CO)N(C[C@]13CCN(CC1)C(=O)c1cccnc1)C(=O)c1cccnc1,0,0.008685,0.060151,0.042599
CCOC(=O)c1cncc(c1)C(=O)O,0,0.225869,0.129633,0.079813
C[C@H]1CCCCO[C@H](CN(C)S(=O)(=O)c2cccs2)[C@H](C)CN([C@@H](C)CO)C(=O)c2cc(ccc2O1)NC(=O)Nc1ccc(cc1)F,0,0.010621,0.024790,0.005282
C[C@H]1CN([C@@H](C)CO)C(=O)Cc2cc(ccc2O[C@@H]1CN(C)C(=O)Nc1ccc(cc1)C(F)(F)F)NC(=O)Cc1ccccc1,0,0.298674,0.070052,0.056138
C[C@@H]1CN([C@@H](C)CO)C(=O)c2cc(cnc2O[C@@H]1CN(C)C(=O)C1CCOCC1)C#CC1(O)CCCC1,0,0.020414,0.032525,0.013237
OC[C@H]1O[C@@H](CC(=O)NCCN2CCCCC2)C=C[C@H]1NS(=O)(=O)c1ccc(cc1)F,0,0.114623,0.035086,0.013680
C[C@@H]1CN([C@H](C)CO)C(=O)c2cc(ccc2O[C@H]1CN(C)S(=O)(=O)c1ccc(cc1)F)NC(=O)c1ccncc1,0,0.007309,0.024567,0.004697
CC(C)(CCCCCC(O)CCCCCC(C)(C)C(=O)O)C(=O)O,0,0.669317,0.262371,0.296969
Cc1ccc(cc1)S(=O)(=O)N[C@H]1CC[C@H](CC(=O)N2CCC(CC2)Cc2ccccc2)O[C@H]1CO,0,0.030572,0.034698,0.018286
COC(OC)[C@H](Cc1ccccc1)N(C/C=C/[C@@H](O)c1ccccc1)[C@@H]([C@@H](O)Cc1ccccc1)c1ccc(cc1)OC,0,0.118186,0.207730,0.098722
C[C@@H]1CN([C@H](C)CO)C(=O)c2cc(ccc2O[C@H]1CN(C)S(=O)(=O)c1cn(cn1)C)NS(=O)(=O)c1ccc(cc1)Cl,0,0.010516,0.024738,0.006203
COc1ccc(cc1)NC(=O)N(C)C[C@@H]1OCCCC[C@@H](C)Oc2ccc(cc2C(=O)N(C[C@H]1C)[C@H](C)CO)NC(=O)c1ccncc1,0,0.004864,0.023229,0.003573
CCS(=O)(=O)N1C[C@]2(CN(Cc3cc(ccc3F)F)C2)c2c(n(c3cc(ccc23)OC)C)[C@H]1CO,0,0.065339,0.041522,0.020346
COc1cc(OC)c2c(c1)OC(c1ccccc1)CC2=O,0,0.270600,0.495944,0.497995
COc1cc(C=O)ccc1O,0,0.868199,0.082057,0.074968
C[C@H]1CCCCO[C@H](CN(C)C(=O)CCCN(C)C)[C@H](C)CN([C@@H](C)CO)C(=O)c2cc(ccc2O1)NC(=O)Nc1ccc(cc1)F,0,0.070255,0.027024,0.007858
C[C@@H]1CCCCO[C@@H](CN(C)C(=O)Nc2cccc3ccccc23)[C@H](C)CN([C@@H](C)CO)C(=O)c2cc(ccc2O1)NC(=O)c1ccccc1,0,0.002742,0.023242,0.003028
CC(C)NC(=O)N(C)C[C@H]1Oc2c(cccc2C(=O)N(C[C@@H]1C)[C@H](C)CO)NS(=O)(=O)c1ccc(cc1)Cl,0,0.047797,0.025192,0.009369
C[C@H]1CN([C@@H](C)CO)S(=O)(=O)c2ccc(cc2O[C@H]1CN(C)C(=O)Nc1cccc(c1)F)C#CC1(O)CCCC1,0,0.111015,0.027692,0.009329
CCCN(C)C[C@H]1OCCCC[C@@H](C)Oc2ccc(cc2C(=O)N(C[C@H]1C)[C@@H](C)CO)NS(=O)(=O)c1ccc(cc1)Cl,0,0.016885,0.026451,0.009085
C[C@H]1CN(C)C(=O)c2cc(ccc2O[C@H]1CN(C)S(=O)(=O)C)NS(=O)(=O)C,0,0.013386,0.026839,0.010570
C[C@H]1CN([C@H](C)CO)C(=O)c2c(c3ccccc3n2C)-c2ccccc2CO[C@@H]1CN(C)Cc1ccc(cc1)F,0,0.095059,0.042965,0.023543
CCn1cc(C(=O)[O-])c(=O)c2cc3c(cc21)OCO3.[K+],0,0.428553,0.228114,0.534318
O[C@@H](CNC(=O)[C@H]1[C@H]2N([C@@H]([C@@H](OC2=O)c2ccccc2)c2ccccc2)[C@@H](c2ccc(cc2)O)[C@]11C(=O)Nc2ccc(cc21)C#CC1=CCCCC1)c1ccccc1,0,0.257972,0.140310,0.049897
NNC(=O)c1cc(n[nH]1)-c1ccccc1,0,0.337659,0.136528,0.065931
CC(C)NC(=O)Nc1ccc2c(c1)CC(=O)N(C[C@H](C)[C@H](CN(C)S(=O)(=O)c1ccc(cc1)Cl)O2)[C@H](C)CO,0,0.034825,0.029375,0.008298
Cc1ccc(o1)/C=C/1\Sc2ncnn2C1=O,0,0.021589,0.084886,0.097177
COCC#Cc1ccc2c(c1)O[C@H](CN(C)S(=O)(=O)c1cccc(c1)OC)[C@H](C)CN([C@@H](C)CO)S2(=O)=O,0,0.036499,0.026359,0.005583
COc1ccc2c3c([nH]c2c1)[C@H](CO)N(C[C@]13CCN(CC1)Cc1cc(ccc1F)F)C(=O)Nc1ccc(cc1)F,0,0.817978,0.530938,0.387673
OC[C@H]1O[C@@H](OCCC(=O)c2ccc(cc2)O)[C@H](O)[C@@H](O)[C@@H]1O,0,0.165891,0.067993,0.088687
C[C@@H]1CN([C@H](C)CO)C(=O)c2cccc(c2O[C@H]1CN(C)S(=O)(=O)c1cccs1)NC(=O)c1ccno1,0,0.007626,0.024641,0.004769
CC(C)NC(=O)N(C)C[C@@H]1Oc2ccc(cc2CC(=O)N(C[C@H]1C)[C@H](C)CO)NC(=O)NC1CCCCC1,0,0.024986,0.033221,0.012558
C[C@@H]1CN([C@H](C)CO)S(=O)(=O)c2ccc(cc2O[C@H]1CN(C)C(=O)c1ccncc1)C#CC1(O)CCCC1,0,0.005674,0.026115,0.004528
COc1ccc(cc1)S(=O)(=O)Nc1ccc2c(c1)C(=O)N(C[C@@H](C)[C@@H](CN(C)S(=O)(=O)C)O2)[C@H](C)CO,0,0.004303,0.025875,0.007007
C[C@H]1CC/C=C\[C@H]2O[C@]34C=CCN(Cn5nnc6ccccc56)C(=O)[C@H]4N(CCCCCO)C(=O)[C@@H]3[C@@H]2C(=O)O1,0,0.149750,0.191640,0.064406
CCS(=O)(=O)N1CCCN2C(=O)C=C(Cn3cncn3)N=C2C1,0,0.000435,0.034374,0.020128
COc1ccccc1NC(=O)N(C)C[C@@H]1Oc2cc(ccc2S(=O)(=O)N(C[C@H]1C)[C@H](C)CO)Br,0,0.324802,0.028879,0.008157
CC(C)NC(=O)Nc1cccc2c1O[C@H](CN(C)C(=O)Nc1ccc3c(c1)OCO3)[C@H](C)CN([C@@H](C)CO)C2=O,0,0.044668,0.028329,0.007554
C[C@H]1CCCCO[C@H](CN(C)C(=O)Nc2cccc3ccccc23)[C@@H](C)CN([C@@H](C)CO)C(=O)c2cc(ccc2O1)NS(=O)(=O)c1ccc(cc1)C,0,0.001339,0.025607,0.003040
C[C@@H]1CN([C@@H](C)CO)C(=O)c2cc(ccc2O[C@H]1CN(C)C(=O)Nc1c(noc1C)C)NC(=O)Nc1cccc2ccccc12,0,0.033790,0.023991,0.006613
C[C@@H]1CN([C@H](C)CO)C(=O)c2cc(cnc2O[C@H]1CN(C)Cc1cccc(c1)C(=O)O)C#CCN(C)C,0,0.297171,0.044884,0.027891
C[C@H]1CN([C@H](C)CO)C(=O)c2cc(cnc2O[C@@H]1CN(C)C(=O)c1cnccn1)C#Cc1ccccn1,0,0.036726,0.024447,0.004877
OC(=O)c1cnc(nc1)N1CCCC1,0,0.579171,0.045805,0.040437
COc1ccc(cc1)CN(C)C[C@@H]1Oc2ccc(cc2CC(=O)N(C[C@H]1C)[C@@H](C)CO)NS(=O)(=O)c1c(noc1C)C,0,0.001271,0.025046,0.004743
Nc1nc(nc(n1)Cl)Cl,0,0.774149,0.600535,0.189886
C[C@@H]1CCCCO[C@@H](CN(C)C(=O)CCC(F)(F)F)[C@@H](C)CN([C@@H](C)CO)C(=O)c2cc(ccc2O1)NS(=O)(=O)c1cccs1,0,0.021501,0.024421,0.007861
C[C@H]1CN([C@@H](C)CO)C(=O)Cc2cc(ccc2O[C@@H]1CN(C)Cc1ccc(c(c1)Cl)Cl)NC(=O)Nc1ccc(cc1)F,0,0.404571,0.054971,0.021995
C[C@H]1CCCCO[C@@H](CN(C)S(=O)(=O)c2ccc(cc2)C)[C@@H](C)CN([C@H](C)CO)C(=O)c2cc(ccc2O1)NS(=O)(=O)c1ccc(cc1)F,0,0.001773,0.024298,0.005124
C[C@@H]1CCCCO[C@@H](CN(C)Cc2ccccc2)[C@H](C)CN([C@@H](C)CO)C(=O)c2cc(ccc2O1)NC(=O)C1CCCCC1,0,0.020345,0.025794,0.009723
NC(=O)c1nc2c(s1)CCNCC2,0,0.014740,0.028383,0.014046
C[C@@H]1CN([C@@H](C)CO)C(=O)c2cc(ccc2O[C@@H]1CN(C)Cc1ccc2c(c1)OCO2)NC(=O)CCN1CCOCC1,0,0.002148,0.025600,0.005360
C/C=C/C1=C(N2[C@H](SC1)[C@H](NC(=O)[C@H](N)c1ccc(cc1)O)C2=O)C(=O)O,1,0.998191,0.953731,0.968248
CO[C@H]1CN(C)C(=O)c2ccc(cc2OC[C@@H](C)N(C[C@H]1C)Cc1cccc(c1)F)NS(=O)(=O)c1cn(cn1)C,0,0.033067,0.024035,0.005354
O=C(CCCCCCC(=O)Nc1ccccc1)NO,0,0.152585,0.419309,0.263821
Clc1ccc(cc1)[C@@H](NC(=O)C1CCN(CC1)Cc1ccc(cc1)Oc1ccccc1)c1ccsc1,0,0.739100,0.704942,0.685006
CC(C)c1c(c(c(c2c(c(c(cc12)C)-c1c(cc2c(c(c(c(c2c1O)C=O)O)O)C(C)C)C)O)C=O)O)O,0,0.999970,0.346081,0.089395
CO[C@@H]1CN(C)C(=O)c2cc(ccc2OC[C@@H](C)N(C[C@H]1C)C(=O)Nc1ccc(cc1)C(F)(F)F)NC(=O)C1CCC1,0,0.592010,0.394811,0.452763
OC[C@H]1CC[C@@H]2O[C@H](CCc3ccc(cc3)C#Cc3ccccc3)[C@@H](C[C@@H]2O1)n1cc(nn1)-c1ccccc1,0,0.910309,0.105217,0.085337
C[C@@H]1CN([C@H](C)CO)C(=O)Cc2cc(ccc2O[C@H]1CN(C)Cc1ccc(cc1)-c1ccccc1)NC(=O)CCCCCC(=O)Nc1ccccc1N,0,0.017515,0.031567,0.006605
OCc1ccccn1,0,0.006592,0.039924,0.017464
C[C@@H]1CN([C@H](C)CO)C(=O)c2cc(cnc2O[C@@H]1CN(C)S(=O)(=O)c1ccc(cc1)F)Br,0,0.085000,0.033771,0.008308
C[C@H]1CCCCO[C@@H](CN(C)S(=O)(=O)c2ccc(cc2)C)[C@@H](C)CN([C@@H](C)CO)C(=O)c2cc(ccc2O1)NC(=O)Nc1ccc(cc1)F,0,0.021229,0.024276,0.004512
CCS(=O)(=O)NCC[C@H]1CC[C@H](NS(=O)(=O)c2ccccc2C)[C@@H](CO)O1,0,0.010533,0.036559,0.011918
C[C@H]1CN([C@H](C)CO)C(=O)c2cccc(c2O[C@H]1CN(C)S(=O)(=O)c1ccc(cc1)C)NC(=O)c1cnccn1,0,0.023953,0.024204,0.003647
CN1CCN(CC1)C(=O)C[C@H]1CC[C@@H]2[C@H](COC[C@@H](O)CN2CC2CCCC2)O1,0,0.600032,0.048832,0.036114
COCC(=O)N(C)C[C@@H]1Oc2cc(ccc2S(=O)(=O)N(C[C@H]1C)[C@H](C)CO)C#CCC1CCCC1,0,0.061630,0.026310,0.007968
C[C@H]1CN([C@@H](C)CO)C(=O)c2cc(ccc2O[C@@H]1CN(C)CC1CCCCC1)NC(=O)CCN1CCOCC1,0,0.015726,0.029805,0.008338
OC1(CCNCC1)Cn1ccnc1,0,0.489966,0.035782,0.018157
C[C@@H]1CC[C@H](C)N1c1cc(cc(c1)C(F)(F)F)C(F)(F)F,0,0.955188,0.312670,0.348445
C[C@@H]1CN([C@@H](C)CO)C(=O)c2cc(ccc2O[C@H]1CN(C)Cc1ccc(c(c1)Cl)Cl)NC(=O)Nc1ccc(cc1)C(F)(F)F,0,0.864043,0.118551,0.047337
C[C@@H]1C[C@H](O)/C=C/[C@H](O)[C@@H](O)CC(=O)O1,0,0.030148,0.074228,0.025473
C[C@@H]1CN([C@@H](C)CO)C(=O)c2cc(ccc2O[C@H]1CN(C)C(=O)Nc1ccc2c(c1)OCO2)NS(=O)(=O)c1cn(cn1)C,0,0.022521,0.024306,0.004144
C[C@@H]1CN([C@@H](C)CO)C(=O)c2cc(ccc2O[C@H]1CN(C)Cc1ccc(cc1)C(=O)O)NC(=O)c1ccncc1,0,0.018726,0.031521,0.013993
C[C@H]1CN([C@H](C)CO)C(=O)Cc2cc(ccc2O[C@@H]1CN(C)Cc1ccc(cc1)-c1ccccc1)NC(=O)Nc1ccc2c(c1)OCO2,0,0.045135,0.029255,0.006289
C[C@H]1CCCCO[C@@H](CN(C)Cc2ccc(cc2)C(F)(F)F)[C@@H](C)CN([C@@H](C)CO)C(=O)c2cc(ccc2O1)NS(=O)(=O)c1cccs1,0,0.042031,0.024625,0.005770
COc1ccc(cc1)CNC(=O)C[C@H]1C[C@H]2[C@H](Oc3ccc(cc32)NS(=O)(=O)c2ccc(cc2)F)[C@H](CO)O1,0,0.006561,0.026086,0.008994
COc1ccc(cc1)NC(=O)Nc1ccc2c(c1)C(=O)N(C[C@H](C)[C@H](CN(C)Cc1ccncc1)OCCCC[C@@H](C)O2)[C@H](C)CO,0,0.010533,0.023933,0.004164
C[C@H]1CCCCO[C@@H](CN(C)C(=O)Nc2cccc3ccccc23)[C@@H](C)CN([C@@H](C)CO)C(=O)c2cc(ccc2O1)NC(=O)C1CCCCC1,0,0.008460,0.024299,0.005258
C[C@H]1CN([C@@H](C)CO)C(=O)c2cc(ccc2O[C@@H]1CN(C)C(=O)Nc1ccccc1)NS(=O)(=O)c1cn(cn1)C,0,0.069574,0.024129,0.003921
C[C@@H]1CN([C@@H](C)CO)S(=O)(=O)c2ccc(cc2O[C@@H]1CN(C)C(=O)C1CCCCC1)C#CC(C)(C)O,0,0.023945,0.145092,0.011493
CN1[C@H]2CC[C@@H](CC(=O)NCCc3ccncc3)O[C@@H]2COc2ccc(cc2C1=O)NC(=O)C1CCC1,0,0.008561,0.028187,0.011308
C[C@H]1CCCCO[C@H](CN(C)C(=O)Nc2c(noc2C)C)[C@H](C)CN([C@@H](C)CO)C(=O)c2cc(ccc2O1)NS(=O)(=O)c1ccc(cc1)C,0,0.003240,0.025253,0.004472
OCCOc1cccc(c1)[C@H]1[C@H](C[C@@H]2N1C(=O)CNC2=O)C(=O)NCCCCCNC(=O)CS,0,0.000119,0.068589,0.098990
C[C@H]1CCCCO[C@H](CN(C)Cc2ccncc2)[C@H](C)CN([C@H](C)CO)C(=O)c2cc(ccc2O1)NC(=O)CCC(F)(F)F,0,0.038946,0.101097,0.038762
COc1cc2c(cc1OC)C(=O)NCC2,0,0.129376,0.152553,0.065209
C[C@H]1CN([C@@H](C)CO)C(=O)c2cccc(c2O[C@H]1CN(C)S(=O)(=O)c1cccs1)NC(=O)C1CCOCC1,0,0.007278,0.024482,0.004447
COc1ccc(cc1)S(=O)(=O)N(C)C[C@@H]1Oc2ccc(cc2C(=O)N(C[C@@H]1C)[C@H](C)CO)NC(=O)c1ccncc1,0,0.002521,0.024191,0.003629
OCc1ccc(cc1)[C@H]1[C@H](C(=O)NCc2ccccc2)c2ccccc2C(=O)N1Cc1ccccc1C(F)(F)F,0,0.487416,0.288042,0.126250
C[C@H]1CN([C@H](C)CO)C(=O)Cc2cc(ccc2O[C@@H]1CN(C)C(=O)Nc1ccc(cc1)C(F)(F)F)NS(=O)(=O)C,0,0.413741,0.096040,0.057395
C[C@@H]1CN([C@@H](C)CO)C(=O)Cc2cc(ccc2O[C@H]1CN(C)S(=O)(=O)c1c(noc1C)C)NC(=O)Cn1cnnn1,0,0.005721,0.026592,0.005941
C[C@@H]1CN([C@H](C)CO)C(=O)c2cc(ccc2O[C@@H]1CN(C)Cc1ccc(cc1)C(=O)O)NS(=O)(=O)C,0,0.059790,0.028762,0.006120
C[C@H]1CN([C@@H](C)CO)C(=O)c2cccc(c2O[C@H]1CN(C)C(=O)Nc1ccccc1)NS(=O)(=O)C,0,0.075445,0.023941,0.005466
COc1cc(cc(c1OC)OC)CN,0,0.527887,0.203156,0.120643
CC(C)(Sc1ccncc1-c1ccc(c2ccccc12)C#N)C(=O)O,0,0.443733,0.430031,0.465250
CCNC(=O)C[C@@H]1O[C@@H](CO)[C@H](NC(=O)C2CC2)C=C1,0,0.051352,0.029147,0.011412
C[C@@H]1CCCCO[C@@H](CN(C)Cc2ccc(cc2)C(=O)Nc2ccccc2N)[C@@H](C)CN([C@H](C)CO)C(=O)c2cc(ccc2O1)NC(=O)CCC(F)(F)F,0,0.038876,0.027129,0.004820
C[C@H]1CN([C@@H](C)CO)C(=O)c2cccc(c2O[C@@H]1CN(C)S(=O)(=O)c1cn(cn1)C)NC(=O)Nc1c(noc1C)C,0,0.059637,0.024787,0.005396
C[C@H]1CN([C@@H](C)CO)C(=O)c2cc(ccc2O[C@H]1CN(C)Cc1ccc(cc1)Oc1ccccc1)NC(=O)c1ccncc1,0,0.001247,0.023576,0.005458
CC(C)C#Cc1ccc2c(c1)O[C@@H](CN(C)C(=O)c1cccc(c1)F)[C@H](C)CN([C@H](C)CO)S2(=O)=O,0,0.109421,0.041632,0.007825
C[C@@H]1CN([C@H](C)CO)S(=O)(=O)c2ccc(cc2O[C@@H]1CN(C)C(=O)C1CCC1)C#Cc1ccncc1,0,0.033877,0.029006,0.008891
C[C@@H]1CN([C@H](C)CO)C(=O)c2cc(ccc2O[C@H]1CN(C)C(=O)Nc1c(noc1C)C)NS(=O)(=O)c1c(noc1C)C,0,0.015858,0.025560,0.012301
CCC(=O)N1Cc2cc(nc(c2[C@H]1CCO)-c1cccc(c1)-c1ccccc1OC)C(=O)Nc1nccs1,0,0.026815,0.134391,0.081287
O[C@@H]1COC[C@H]2O[C@@H](CC[C@@H]2N(C1)C(=O)c1ccccc1)CC(=O)NCCCN1CCOCC1,0,0.135197,0.024569,0.021631
O=C1N[N+](=NO1)c1ccccc1,0,0.736836,0.387735,0.198433
COc1ccc(cc1)NC(=O)N(C)C[C@@H]1Oc2ncc(cc2C(=O)N(C[C@@H]1C)[C@@H](C)CO)C#CCN(C)C,0,0.105502,0.022582,0.004588
CN1C[C@@H](CC1=O)C#N,0,0.000131,0.028678,0.012671
OC[C@H]1O[C@@H](CC(=O)NCc2ccncn2)C=C[C@@H]1NC(=O)c1ccncc1,0,0.027730,0.048721,0.027169
C[C@@H]1CN([C@H](C)CO)C(=O)Cc2cc(ccc2O[C@@H]1CN(C)S(=O)(=O)C)NS(=O)(=O)c1ccc(cc1)F,0,0.004198,0.024270,0.006965
C[C@H]1CN([C@@H](C)CO)C(=O)c2cc(ccc2O[C@@H]1CN(C)S(=O)(=O)c1ccc(cc1)F)NS(=O)(=O)C,0,0.040248,0.024605,0.007666
C[C@@H]1CN([C@H](C)CO)C(=O)c2cc(cnc2O[C@H]1CN(C)C(=O)Cc1ccncc1)C#Cc1ccccc1F,0,0.083456,0.024026,0.005964
COc1ccc(cc1)NC(=O)Nc1cccc2c1O[C@H](CN(C)S(=O)(=O)c1cn(cn1)C)[C@@H](C)CN([C@H](C)CO)C2=O,0,0.044414,0.024467,0.003718
COc1ccc(cc1)S(=O)(=O)N1C[C@@H](O)COC[C@@H]2O[C@H](CC[C@H]21)CC(=O)NCc1ccc(c(c1)Cl)Cl,0,0.561463,0.039217,0.051677
CN1C(=O)CC(C)(c2ccccc2)C1=O,0,0.019413,0.239897,0.162462
C[C@@H]1CN([C@@H](C)CO)C(=O)c2cc(ccc2O[C@@H]1CN(C)C(=O)Nc1cccc2ccccc12)NS(=O)(=O)c1cccs1,0,0.008333,0.024655,0.003678
COc1ccc(cc1)NC(=O)Nc1ccc2c(c1)C(=O)N(C[C@H](C)[C@@H](CN(C)Cc1ccc(cc1)C(=O)O)OCCCC[C@@H](C)O2)[C@H](C)CO,0,0.067070,0.026046,0.005556
C[C@@H]1CN([C@H](C)CO)C(=O)c2cccc(c2O[C@H]1CN(C)S(=O)(=O)c1ccc(cc1)Cl)NC(=O)c1cc(nn1C)C,0,0.042444,0.024780,0.004788
C[C@@H]1CCCCO[C@H](CN(C)C(=O)Nc2ccc3c(c2)OCO3)[C@@H](C)CN([C@H](C)CO)C(=O)c2cc(ccc2O1)NC(=O)Nc1ccc(cc1)C(F)(F)F,0,0.305612,0.046303,0.012069
OC[C@@H]1O[C@@H](CC(=O)NCc2ccncn2)C=C[C@@H]1NC(=O)c1ccncc1,0,0.027730,0.048721,0.027169
C[C@@H]1CN([C@H](C)CO)C(=O)c2cccc(c2O[C@@H]1CN(C)C(=O)Nc1cccc2ccccc12)NC(=O)c1nc2ccccc2s1,0,0.013971,0.031985,0.009285
c1ccc2n[nH]nc2c1,0,0.143599,0.259738,0.108545
C[C@H](O)[C@H](O)[C@@H](O)[C@@H](O)/C=N/NC(=O)c1ccccn1,0,0.004502,0.055819,0.030338
CN(C)CC(=O)N[C@@H]1CC[C@H](CCNS(=O)(=O)c2ccccc2)O[C@@H]1CO,0,0.059282,0.031857,0.009054
CNC[C@H]1Oc2ccc(cc2CC(=O)N(C[C@@H]1C)[C@@H](C)CO)NC(=O)Cn1cnnn1,0,0.049703,0.038666,0.014100
C[C@H]1CN([C@@H](C)CO)C(=O)c2cccc(c2O[C@H]1CN(C)Cc1ccc(cc1)C(F)(F)F)NC(=O)Nc1c(noc1C)C,0,0.491780,0.058328,0.029022
COc1ccc(cc1)NC(=O)Nc1ccc2c(c1)C(=O)N(C[C@H](C)[C@@H](CN(C)S(=O)(=O)c1ccc(cc1)F)OCCCC[C@H](C)O2)[C@H](C)CO,0,0.009617,0.024524,0.004261
COc1ccc(cc1)S(=O)(=O)Nc1ccc2c(c1)C(=O)N(C[C@H](C)[C@@H](CN(C)Cc1ccc(cc1)C(F)(F)F)OCCCC[C@@H](C)O2)[C@H](C)CO,0,0.017869,0.024696,0.006633
C[C@@H]1CN([C@H](C)CO)C(=O)Cc2cc(ccc2O[C@H]1CN(C)Cc1ccc(c(c1)Cl)Cl)NC(=O)NC1CCCCC1,0,0.188247,0.064080,0.020779
C[C@@H]1CN([C@@H](C)CO)C(=O)c2cc(ccc2O[C@H]1CN(C)C(=O)Nc1cccc2ccccc12)NC(=O)CCCCCC(=O)Nc1ccccc1N,0,0.012464,0.024652,0.003937
C[C@H]1CN([C@@H](C)CO)C(=O)Cc2cc(ccc2O[C@@H]1CN(C)CC1CC1)NS(=O)(=O)c1ccccc1,0,0.004259,0.028181,0.005109
CC12CCC3C(CCC4CC(=O)CCC43C)C1CCC2=O,0,0.468018,0.135806,0.082072
Oc1ccc(OCc2ccccc2)cc1,0,0.118233,0.219407,0.210105
C[C@H]1CCCCO[C@@H](CN(C)C(=O)Nc2ccc(cc2)C(F)(F)F)[C@@H](C)CN([C@@H](C)CO)C(=O)c2cc(ccc2O1)NC(=O)Cc1ccccc1,0,0.161064,0.029322,0.009047
CC(C)(C)OC(=O)C[C@@H](CC=C)C(=O)OC[C@@H](Cc1c[nH]c2ccccc12)NC(=O)[C@H](CC=C)CC(=O)N(CCO)Cc1ccccc1,0,0.002115,0.036576,0.019208
O[C@H]1CO[C@@H](Oc2cc(c3c(c2)O[C@@H]([C@@H](O)C3)c2ccc(c(c2)O)O)O)[C@@H](O)[C@@H]1O,0,0.289075,0.375763,0.180708
COCC(=O)Nc1ccc2c(c1)C(=O)N(C)C[C@H](OC)[C@@H](C)CN(Cc1ccccc1OC)[C@@H](C)CO2,0,0.022915,0.030176,0.005513
COc1ccc(cc1)CN(C)C[C@H]1OCCCC[C@@H](C)Oc2ccc(cc2C(=O)N(C[C@@H]1C)[C@H](C)CO)NS(=O)(=O)c1ccc(cc1)Cl,0,0.002811,0.024506,0.005776
CN(Cc1cccc(c1)OCC[C@H]1CCCCN1C(=O)Cc1c(noc1C)C)Cc1cccc2cccnc12,0,0.076689,0.481956,0.350360
O=C1CC2OCC=C3CN4CCC56c7ccccc7N1C5C2C3CC46.O=S(=O)(O)O,0,0.320781,0.189368,0.193176
C[C@H](NC(=O)C[C@@H]1CC[C@@H](NC(=O)CN2CCOCC2)[C@@H](CO)O1)c1ccccc1,0,0.021971,0.021934,0.016552
COc1ccc(cc1)NC(=O)N(C)C[C@H]1OCCCC[C@H](C)Oc2ccc(cc2C(=O)N(C[C@@H]1C)[C@H](C)CO)NS(=O)(=O)c1ccccc1,0,0.001251,0.024539,0.003702
C[C@H]1CC=CC[C@@H](NC(=O)[C@@H](Cc2ccccc2)N(C)C(=O)c2ccccc2O1)c1ccc2c(c1)OCO2,0,0.021964,0.058260,0.017031
NC(=O)NCC#Cc1ccc2c(c1)[C@@]1([C@@H]([C@@H]3N([C@H]([C@H](OC3=O)c3ccccc3)c3ccccc3)[C@@H]1c1ccc(cc1)OCCO)C(=O)O)C(=O)N2,0,0.934948,0.310940,0.310807
C[C@H]1CN([C@H](C)CO)C(=O)c2cc(ccc2O[C@@H]1CN(C)C(=O)Nc1ccc(cc1)F)NC(=O)CCN1CCOCC1,0,0.045184,0.021792,0.007711
CCCNC(=O)N[C@@H]1CC[C@@H](CC(=O)N2CCN(C)CC2)O[C@@H]1CO,0,0.121071,0.023483,0.012590
C[C@H]1CCCCO[C@H](CN(C)S(=O)(=O)c2ccc(cc2)C)[C@@H](C)CN([C@@H](C)CO)C(=O)c2cc(ccc2O1)NC(=O)Nc1c(noc1C)C,0,0.007453,0.025315,0.004548
C[C@H]1CN([C@@H](C)CO)C(=O)c2cc(ccc2O[C@@H]1CN(C)Cc1ccc(cc1)C(F)(F)F)NC(=O)Cn1cnnn1,0,0.254004,0.067048,0.049274
CC(C)c1onc(c1COc1ccc(c(c1)Cl)/C=C/c1cccc(c1)C(=O)O)-c1c(cccc1Cl)Cl,1,0.989594,0.717214,0.478401
C[C@@H]1CCCCO[C@H](CN(C)C(=O)C2CCCCC2)[C@H](C)CN([C@@H](C)CO)C(=O)c2cc(ccc2O1)NS(=O)(=O)c1ccc(cc1)C,0,0.001246,0.024320,0.004860
ONC(=O)CCCCCCNC(=O)c1ccc(cc1)NCc1cn(nn1)Cc1ccc(cc1)Cn1cc(nn1)CNc1ccc(cc1)C(=O)NCCCCCCC(=O)O,0,0.882002,0.214341,0.045093
Cc1cc2c(cc1C)N(C[C@H](O)[C@H](O)[C@H](O)COP(=O)(O)OP(=O)(O)OC[C@H]1O[C@H]([C@H](O)[C@@H]1O)n1cnc3c(ncnc13)N)C1=NC(=O)NC(=O)C1=N2,0,0.000000,0.355356,0.155176
CCCN1C[C@H](C)[C@H](CN(C)C(=O)c2ccc(cc2OC[C@H]1C)NS(=O)(=O)c1cn(cn1)C)OC,0,0.021236,0.023574,0.004490
NC(=O)[C@@H]1C(=O)C[C@@H]2C[C@@H]3Cc4cccc(c4C(=O)[C@@H]3C(=O)[C@]2(O)C1=O)O,0,0.853501,0.874917,0.915249
C[C@@H]1CN([C@@H](C)CO)C(=O)c2cc(ccc2O[C@H]1CN(C)S(=O)(=O)c1ccccc1)NS(=O)(=O)C,0,0.015987,0.024706,0.007206
C[C@@H]1CN([C@H](C)CO)C(=O)c2cccc(c2O[C@H]1CN(C)S(=O)(=O)c1cccs1)NS(=O)(=O)c1ccc(cc1)F,0,0.005281,0.027174,0.008225
C[C@@H]1CN([C@@H](C)CO)C(=O)c2cc(ccc2O[C@H]1CN(C)Cc1ccc(cc1)-c1ccccc1)NC(=O)Cc1cn(c2ccccc12)C,0,0.040707,0.029330,0.008672
C[C@@H]1CCCCO[C@H](CN(C)C(=O)Nc2c(noc2C)C)[C@H](C)CN([C@H](C)CO)C(=O)c2cc(ccc2O1)NC(=O)Cc1ccccc1,0,0.013112,0.024047,0.004406
C[C@@H]1CCCCO[C@@H](CN(C)S(=O)(=O)c2ccc(cc2)C)[C@@H](C)CN([C@@H](C)CO)C(=O)c2cc(ccc2O1)NC(=O)C1CCCCC1,0,0.002473,0.024262,0.003838
CCN(CCO)CCCOc1ccc2c(ncnc2c1)Nc1cc(n[nH]1)CC(=O)Nc1cccc(c1)F,0,0.504830,0.255373,0.098587
CCNC(=O)NC(=O)COC(=O)CNC(=O)COc1ccccc1,0,0.000899,0.071405,0.071550
C[C@H]1CN([C@H](C)CO)S(=O)(=O)c2ccc(cc2O[C@H]1CN(C)C(=O)C1CCCCC1)C#Cc1ccncc1,0,0.039143,0.029740,0.007841
COc1cccc(c1)S(=O)(=O)N1C[C@H](O)COC[C@@H]2O[C@H](CC[C@H]21)CC(=O)N1CCN(CC1)c1ccccc1,0,0.060627,0.050355,0.015073
COc1ccc(cc1)NC(=O)N(C)C[C@H]1OCCCC[C@@H](C)Oc2ccc(cc2C(=O)N(C[C@H]1C)[C@@H](C)CO)NS(=O)(=O)c1ccc(cc1)OC,0,0.001706,0.024540,0.003917
NC(=O)NC1=Nc2ccccc2NC1=O,0,0.394840,0.101038,0.080714
C[C@@H]1CN([C@@H](C)CO)C(=O)c2cccc(c2O[C@@H]1CN(C)C(=O)Nc1ccccc1)NC(=O)CCCCCC(=O)Nc1ccccc1N,0,0.041806,0.024839,0.005971
C[C@@H]1CN([C@H](C)CO)C(=O)c2cc(ccc2O[C@H]1CN(C)C(=O)Nc1ccc(cc1)F)NC(=O)Cn1cnnn1,0,0.300844,0.031052,0.013243
C[C@H]1CN([C@@H](C)CO)C(=O)c2c(c3ccccc3n2C)-c2ccccc2CO[C@H]1CN(C)S(=O)(=O)C,0,0.017445,0.048665,0.006353
COc1ccc(cc1)S(=O)(=O)Nc1ccc2c(c1)CC(=O)N(C[C@@H](C)[C@H](CN(C)Cc1ccncc1)O2)[C@@H](C)CO,0,0.000495,0.024331,0.003604
C[C@H]1CCCCO[C@@H](CN(C)C(=O)Nc2ccc3c(c2)OCO3)[C@H](C)CN([C@@H](C)CO)C(=O)c2cc(ccc2O1)NC(=O)Nc1c(noc1C)C,0,0.012217,0.028863,0.004079
C[C@@H]1CCCCO[C@@H](CN(C)S(=O)(=O)c2cccs2)[C@H](C)CN([C@@H](C)CO)C(=O)c2cc(ccc2O1)NC(=O)Nc1cccc2ccccc12,0,0.001848,0.025819,0.003298
C[C@H]1CN([C@H](C)CO)C(=O)CCCn2nncc2CO[C@H]1CN(C)S(=O)(=O)C,0,0.005676,0.025068,0.005800
C[C@@H]1CN([C@@H](C)CO)C(=O)c2cccc(c2O[C@H]1CN(C)C(=O)Nc1cccc2ccccc12)NC(=O)Nc1ccc(cc1)C(F)(F)F,0,0.714876,0.863500,0.819365
C[C@H]1CN([C@H](C)CO)C(=O)c2cc(ccc2O[C@H]1CN(C)Cc1ccc2c(c1)OCO2)NC(=O)Nc1cccc2ccccc12,0,0.007698,0.031403,0.008697
COCC#Cc1ccc2c(c1)O[C@H](CN(C)S(=O)(=O)c1ccc(cc1)OC)[C@H](C)CN([C@H](C)CO)S2(=O)=O,0,0.049403,0.029028,0.006544
C[C@H]1CN([C@@H](C)CO)C(=O)Cc2cc(ccc2O[C@H]1CN(C)C)NS(=O)(=O)c1ccc(cc1)Cl,0,0.008300,0.026932,0.008112
C[C@@H]1CCCCO[C@@H](CN(C)C(=O)Nc2ccc(cc2)F)[C@@H](C)CN([C@H](C)CO)C(=O)c2cc(ccc2O1)NC(=O)Nc1ccc(cc1)C(F)(F)F,0,0.759126,0.049975,0.019880
COc1ccc(cc1)CN(C)C[C@@H]1OCCCC[C@@H](C)Oc2ccc(cc2C(=O)N(C[C@H]1C)[C@H](C)CO)NS(=O)(=O)c1ccc(cc1)F,0,0.003036,0.024713,0.005625
O=C1C=CC2=CNNC2=C1,0,0.715740,0.063117,0.032269
C[C@H]1CCCCO[C@H](CN(C)C(=O)Nc2ccccc2)[C@@H](C)CN([C@H](C)CO)C(=O)c2cc(ccc2O1)NC(=O)Nc1ccc2c(c1)OCO2,0,0.013513,0.023794,0.003262
CC(C)NC(=O)Nc1ccc2c(c1)CC(=O)N(C[C@@H](C)[C@H](CN(C)Cc1ccc(cc1)-c1ccccc1)O2)[C@H](C)CO,0,0.144942,0.037882,0.021581
CC(C)NC(=O)Nc1cccc2c1O[C@H](CN(C)C(=O)Nc1ccc3c(c1)OCO3)[C@@H](C)CN([C@@H](C)CO)C2=O,0,0.044668,0.028329,0.007554
C[C@H]1CN([C@@H](C)CO)C(=O)c2cccc(c2O[C@@H]1CN(C)S(=O)(=O)c1cn(cn1)C)NC(=O)c1cc(nn1C)C,0,0.017273,0.024265,0.004503
C[C@@H]1CN([C@H](C)CO)S(=O)(=O)c2ccc(cc2O[C@H]1CN(C)C(=O)Cc1ccncc1)C1=CCCC1,0,0.002024,0.027682,0.006306
C[C@H]1CCCCO[C@@H](CN(C)Cc2ccncc2)[C@H](C)CN([C@H](C)CO)C(=O)c2cc(ccc2O1)NC(=O)Cc1ccccc1,0,0.003651,0.023688,0.003572
C[C@H]1CN([C@H](C)CO)C(=O)Cc2cc(ccc2O[C@H]1CN(C)C(=O)Nc1cccc2ccccc12)NC(=O)Nc1ccccc1,0,0.020631,0.023891,0.006432
NCc1nncn1-c1ccc(cc1)F,0,0.703177,0.121982,0.070111
COc1ccc(cc1Cl)N([C@@H](C(=O)NCCc1ccccc1)c1ccc(s1)Cl)C(=O)CCl,0,0.641640,0.713214,0.750095
CCN1CCN(CC1)c1nc(nn1C)[N+](=O)[O-],0,0.999957,0.145312,0.061833
C[C@@]12CC[C@@]3(C)OC[C@@](CO)(CO1)N23,0,0.148911,0.039775,0.018599
C[C@H]1CN([C@@H](C)CO)C(=O)Cc2cc(ccc2O[C@@H]1CN(C)Cc1ccc(cc1)-c1ccccc1)NC(=O)CCCCCC(=O)Nc1ccccc1N,0,0.017515,0.031567,0.006605
OC[C@H](O)[C@H]1OC(=O)C(=O)[C@@H]1O,0,0.006464,0.122729,0.059001
CCN1CCC[C@@H]1CN1CNC(=S)NC1,0,0.334545,0.069815,0.020118
C[C@H]1CCCCO[C@H](CN(C)C(=O)Nc2ccc(cc2)F)[C@H](C)CN([C@@H](C)CO)C(=O)c2cc(ccc2O1)NC(=O)C1CCCCC1,0,0.061180,0.025790,0.007947
C[C@@H]1CCCCO[C@@H](CN(C)S(=O)(=O)c2ccc(cc2)C)[C@@H](C)CN([C@H](C)CO)C(=O)c2cc(ccc2O1)NC(=O)Nc1ccc2c(c1)OCO2,0,0.002863,0.024234,0.003718
C[C@@H]1CN([C@H](C)CO)C(=O)Cc2cc(ccc2O[C@H]1CN(C)Cc1ccccc1)NS(=O)(=O)c1c(noc1C)C,0,0.001237,0.024642,0.005889
COC1C(O)CC(=O)OC(C)CC=CC=CC(O)C(C)CC(CC=O)C1OC1OC(C)C(OC2CC(C)(O)C(OC(=O)CC(C)C)C(C)O2)C(N(C)C)C1O,1,0.952035,0.889476,0.956224
COCC#Cc1ccc2c(c1)O[C@H](CN(C)S(=O)(=O)C)[C@@H](C)CN([C@@H](C)CO)S2(=O)=O,0,0.038489,0.024563,0.006717
C[C@@H]1CN([C@@H](C)CO)C(=O)c2cccc(c2O[C@H]1CN(C)S(=O)(=O)C)NC(=O)NC1CCCCC1,0,0.029963,0.024617,0.006125
CCOC(=O)[C@H]1C/C=C/C[C@H](C(=O)OCC)C(=O)O[C@H]2[C@H](OC(=O)Nc3ccc4c(c3)OCO4)[C@@H](CO)O[C@H](OC)[C@@H]2OC1=O,0,0.002040,0.589004,0.409483
COc1ccc(-c2cc(=O)c3ccccc3o2)cc1,0,0.122422,0.184862,0.230334
C[C@@H]1CN([C@@H](C)CO)C(=O)Cc2cc(ccc2O[C@@H]1CN(C)C(=O)Nc1ccc(cc1)F)NS(=O)(=O)c1cn(cn1)C,0,0.118666,0.024276,0.004522
ONC(=O)CCCCCCC(=O)Nc1ccc(cc1)[C@H]1O[C@@H](COc2ccccc2)C[C@@H](O1)c1ccccc1,0,0.291300,0.117013,0.083239
CC(CS)C(=O)N1CCCC1C(=O)O,0,0.000002,0.068951,0.029233
CC(C)NC(=O)Nc1ccc2c(c1)CC(=O)N(C[C@@H](C)[C@H](CN(C)C(=O)NC1CCCCC1)O2)[C@@H](C)CO,0,0.025218,0.033221,0.012747
C[C@@H]1CN([C@H](C)CO)C(=O)c2cc(ccc2O[C@H]1CN(C)Cc1ccncc1)NS(=O)(=O)c1ccccc1,0,0.000872,0.025374,0.003581
OC[C@@H]1O[C@H](CC(=O)NCc2ccccc2F)C=C[C@@H]1NC(=O)c1cnccn1,0,0.165755,0.035206,0.033562
COCC#Cc1ccc2c(c1)O[C@H](CN(C)S(=O)(=O)c1ccc(cc1)OC)[C@@H](C)CN([C@@H](C)CO)S2(=O)=O,0,0.049403,0.029028,0.006544
C[C@@H]1CN([C@H](C)CO)C(=O)c2cccc(c2O[C@@H]1CN(C)S(=O)(=O)c1cccs1)NC(=O)c1ccncc1,0,0.003576,0.024482,0.003807
CN(CCCl)CCCl,0,0.000483,0.159927,0.055076
Clc1ccccc1C(=O)N(c1ccc2c(c1)SC(=O)O2)S(=O)(=O)c1ccc(cc1)Br,0,0.712221,0.232865,0.156005
Cc1ccccc1S(=O)(=O)N1C[C@H](O)COC[C@@H]2O[C@H](CC[C@H]21)CC(=O)N1CCC(CC1)Cc1ccccc1,0,0.125020,0.099031,0.020505
Cc1cccc(c1)S(=O)(=O)N1C[C@@H](O)COC[C@@H]2O[C@H](CC[C@H]21)CC(=O)NCc1ccc2c(c1)OCO2,0,0.043025,0.025124,0.009316
ONC(=O)CCCCCNC(=O)OCc1ccc(cc1)[C@H]1[C@H](C(=O)NCc2ccccc2)c2ccccc2C(=O)N1Cc1ccccc1,0,0.000020,0.123124,0.068539
OC[C@H]1O[C@H](CCNC(=O)CN2CCOCC2)CC[C@@H]1NS(=O)(=O)c1ccc(cc1)Cl,0,0.025882,0.035367,0.024029
COc1c2ccoc2cc2oc(=O)ccc12,0,0.068017,0.135108,0.194716
CCN1C(C)(C)CC(CC1(C)C)Oc1ccc(nc1)C(=O)Nc1ccc(cc1)NC(=O)Nc1cc(on1)C(C)(C)C,0,0.511345,0.207857,0.134153
CCCCCCCCCCCCCCCC[N+](C)(C)Cc1ccccc1.[Cl-],0,0.997662,0.651829,0.725746
CCOc1ccc(cc1)N1[C@@H](c2cccc(c2)[N+](=O)[O-])S(=O)(=O)/C(=C\C=C\c2ccccc2OC)C1=O,0,0.029804,0.422332,0.188066
C[C@H]1CN([C@H](C)CO)C(=O)c2cc(ccc2O[C@@H]1CN(C)Cc1ccc(cc1)-c1ccccc1)NS(=O)(=O)c1ccc(cc1)Cl,0,0.013319,0.034860,0.009230
CC(C)NC(=O)N(C)C[C@@H]1OCCCC[C@@H](C)Oc2ccc(cc2C(=O)N(C[C@@H]1C)[C@H](C)CO)NS(=O)(=O)C,0,0.010931,0.025720,0.004368
Cc1cc(NS(=O)(=O)c2ccc(N)cc2)no1,0,0.012696,0.054030,0.013775
CC(C)C#Cc1ccc2c(c1)O[C@@H](CN(C)C(=O)c1cnccn1)[C@@H](C)CN([C@@H](C)CO)S2(=O)=O,0,0.091652,0.025157,0.006783
NC(=O)C12CC3C[C@@H](C1)C(=O)[C@@H](C3)C2,0,0.158264,0.090621,0.041905
CCC(=O)n1ccc(n1)C(=O)N1CCOCC1,0,0.011212,0.035724,0.018297
C[C@@H]1CCCCO[C@@H](CN(C)C(=O)Cc2ccccc2)[C@@H](C)CN([C@@H](C)CO)C(=O)c2cc(ccc2O1)NC(=O)NC1CCCCC1,0,0.003344,0.023304,0.005574
C[C@H]1CN([C@H](C)CO)C(=O)Cc2cc(ccc2O[C@H]1CN(C)S(=O)(=O)c1cn(cn1)C)NC(=O)CCCCCC(=O)Nc1ccccc1N,0,0.003963,0.033610,0.004143
C[C@@H]1CN([C@@H](C)CO)C(=O)c2cccc(c2O[C@H]1CN(C)Cc1ccc(cc1)Oc1ccccc1)NC(=O)CCCCCC(=O)Nc1ccccc1N,0,0.003130,0.025169,0.005824
C[C@H]1CNC(=CC(=O)c2ccccc2)C(=O)N1,0,0.122302,0.129835,0.071836
C[C@H]1CN([C@@H](C)CO)C(=O)Cc2cc(ccc2O[C@@H]1CN(C)C(=O)Nc1cccc2ccccc12)NC(=O)C1CCCCC1,0,0.015521,0.036902,0.010512
CN1C(=O)Cc2cc(ccc21)NS(=O)(=O)C,0,0.047163,0.042386,0.009985
COc1ccc2c3c(n(c2c1)C)[C@H](CO)N(Cc1cc(cc(c1)OC)OC)C[C@]13CCN(CC1)C(=O)CN1CCOCC1,0,0.203814,0.073815,0.042931
CCC1=CC(=O)Oc2c(c(ccc21)O[C@@H]1O[C@H](CO)[C@@H](O)[C@H](O)[C@H]1O)C,0,0.098176,0.120571,0.094613
C[C@H]1CCCCO[C@@H](CN(C)Cc2ccccc2)[C@@H](C)CN([C@@H](C)CO)C(=O)c2cc(ccc2O1)NC(=O)NC1CCCCC1,0,0.027898,0.025896,0.007569
C[C@H]1CCCCO[C@@H](CN(C)C(=O)Nc2c(noc2C)C)[C@@H](C)CN([C@H](C)CO)C(=O)c2cc(ccc2O1)NS(=O)(=O)c1ccc(cc1)C,0,0.003240,0.025253,0.004472
COc1ccc(cc1)CN(C)C[C@H]1Oc2c(cccc2C(=O)N(C[C@H]1C)[C@H](C)CO)NC(=O)Nc1ccc(cc1)C(F)(F)F,0,0.597330,0.104044,0.089378
CSC1=NC(=O)C(=NN1)C,0,0.243459,0.042207,0.025780
CC(C)NC(=O)N(C)C[C@H]1Oc2ccc(cc2C(=O)N(C[C@H]1C)[C@H](C)CO)NC(=O)C1CCCCC1,0,0.016258,0.023746,0.010930
C[C@@H]1CN([C@@H](C)CO)C(=O)c2cc(ccc2O[C@H]1CN(C)Cc1ccc2c(c1)OCO2)NC(=O)CCN1CCOCC1,0,0.002148,0.025600,0.005360
COc1cccc(c1)-c1cn(nn1)CC[C@@H]1CC[C@@H](NS(=O)(=O)c2ccccc2Cl)[C@H](CO)O1,0,0.368403,0.031319,0.028641
CC(C)NC(=O)Nc1ccc2c(c1)C(=O)N(C[C@@H](C)[C@H](CN(C)C(=O)NC1CCCCC1)O2)[C@H](C)CO,0,0.018971,0.022967,0.008221
COCC#Cc1cnc2c(c1)C(=O)N(C[C@@H](C)[C@@H](CN(C)S(=O)(=O)c1ccccc1)O2)[C@@H](C)CO,0,0.019616,0.024988,0.004639
CCCCCCCCCCCCCCCC(=O)OCC(O)C1OC(=O)C(O)=C1O,0,0.993256,0.239385,0.156102
N[C@@H](CC(=O)O)c1cccc(c1)O,0,0.505413,0.063546,0.051260
N[C@H]([C@H](O)c1ccccc1)c1ccccc1,0,0.658582,0.168252,0.092314
[O-][N+](=O)c1ccc(o1)/C=N/N1CC(=O)NC1=O,1,0.916202,0.910541,0.946168
C[C@H]1CCCCO[C@H](CN(C)S(=O)(=O)c2ccc(cc2)Cl)[C@H](C)CN([C@@H](C)CO)C(=O)c2cc(ccc2O1)NC(=O)Nc1ccc2c(c1)OCO2,0,0.007729,0.024254,0.004318
CCC(C=CC(C)C1CCC2C3CCC4=CC(=O)CCC4(C)C3CCC12C)C(C)C,0,0.935813,0.140182,0.090382
NC(=O)CN1CCCC1=O,0,0.001099,0.025673,0.006740
C[C@@H]1CN([C@H](C)CO)C(=O)c2c(c3ccccc3n2C)-c2ccccc2CO[C@H]1CN(C)C(=O)CCC(F)(F)F,0,0.228132,0.071123,0.066575
C[C@@H](O)CN(CCN(C[C@@H](C)O)C[C@@H](C)O)C[C@@H](C)O,0,0.000104,0.048449,0.021938
C[C@@H]1C(=O)O[C@H]2[C@H](O)[C@]34[C@@H]5OC(=O)[C@@]4(O[C@@H]4OC(=O)[C@H](O)[C@@]43[C@@H]([C@H]5O)C(C)(C)C)[C@@]12O,0,0.001443,0.133803,0.089628
C[C@@H]1CCCCO[C@@H](CN(C)S(=O)(=O)c2cccs2)[C@H](C)CN([C@@H](C)CO)C(=O)c2cc(ccc2O1)NC(=O)Nc1ccc(cc1)C(F)(F)F,0,0.085130,0.058613,0.012861
OCc1ccc(cc1)CO[C@@H]1C[C@@H](C=C(O1)C(=O)N1CCCCCCC1)c1ccc(cc1)Br,0,0.120709,0.395318,0.260492
C[C@@H]1CN([C@@H](C)CO)C(=O)Cc2cc(ccc2O[C@H]1CN(C)S(=O)(=O)c1ccccc1)NC(=O)CCN1CCOCC1,0,0.000784,0.025371,0.004508
CO[C@H]1CN(C)C(=O)c2cc(ccc2OC[C@@H](C)N(CC2CC2)C[C@@H]1C)NS(=O)(=O)c1cn(cn1)C,0,0.029029,0.024041,0.004802
C[C@@H]1CN([C@H](C)CO)C(=O)c2cccc(c2O[C@@H]1CN(C)S(=O)(=O)c1ccc(cc1)C)NS(=O)(=O)c1cccs1,0,0.010068,0.024438,0.005196
C[C@@H]1CN([C@H](C)CO)C(=O)c2cccc(c2O[C@H]1CN(C)C(=O)NC1CCCCC1)NC(=O)c1cnccn1,0,0.079428,0.025679,0.010459
CCNc1ncnc2n(nnc12)C,0,0.309333,0.038213,0.033163
C[C@@H]1CCCCO[C@H](CN(C)S(=O)(=O)c2ccc(cc2)F)[C@H](C)CN([C@H](C)CO)C(=O)c2cc(ccc2O1)NC(=O)Nc1ccc(cc1)F,0,0.047255,0.026422,0.007055
CCCNC(=O)N(C)C[C@@H]1Oc2cc(ccc2S(=O)(=O)N(C[C@H]1C)[C@H](C)CO)C#Cc1ccccn1,0,0.050500,0.029070,0.006913
OC[C@H]1O[C@H](CC(=O)NCCN2CCCC2)C=C[C@@H]1NC(=O)c1cccc(c1)F,0,0.208135,0.034501,0.034301
C[C@H]1CCCCO[C@@H](CN(C)Cc2ccc(cc2)C(=O)O)[C@@H](C)CN([C@H](C)CO)C(=O)c2cc(ccc2O1)NC(=O)C1CCCCC1,0,0.072073,0.034707,0.014664
CC(C)(C)[C@H]1CC[C@@]2(CC1)C[C@@H](C[Si](C)(C)C)OO2,0,0.774813,0.283118,0.201434
COc1ccc(cc1)NC(=O)Nc1ccc2c(c1)C(=O)N(C[C@@H](C)[C@@H](CN(C)Cc1ccc(cc1)C(=O)Nc1ccccc1N)O2)[C@@H](C)CO,0,0.006414,0.025488,0.004947
C[C@H]1CN([C@H](C)CO)C(=O)c2c(c3ccccc3n2C)-c2ccccc2CO[C@@H]1CN(C)Cc1ccc(cc1)Oc1ccccc1,0,0.035485,0.030615,0.014026
NCc1cn2cc(ccc2n1)Cl,0,0.203595,0.073029,0.027772
C[C@H]1CN([C@H](C)CO)S(=O)(=O)c2ccc(cc2O[C@@H]1CN(C)C(=O)C1CCCCC1)C#CC(C)(C)O,0,0.023945,0.145092,0.011493
C[C@@H]1CN([C@@H](C)CO)C(=O)c2cccc(c2O[C@@H]1CN(C)Cc1ccc(cc1)C(=O)Nc1ccccc1N)NS(=O)(=O)C,0,0.014029,0.025102,0.005527
C[C@H]1CCCCO[C@H](CN(C)Cc2ccc(cc2)C(F)(F)F)[C@H](C)CN([C@H](C)CO)C(=O)c2cc(ccc2O1)NC(=O)CCC(F)(F)F,0,0.396678,0.040247,0.014024
CC1=CC[C@@H](CC1)C(C)(C)O,0,0.010154,0.057511,0.025113
C[C@H]1CCCCO[C@@H](CN(C)C(=O)Nc2ccc(cc2)C(F)(F)F)[C@@H](C)CN([C@@H](C)CO)C(=O)c2cc(ccc2O1)NC(=O)Nc1cccc2ccccc12,0,0.229859,0.023712,0.006753
COc1c(cc2c(c1OC)C1=CC=C(SC)C(=O)C=C1[C@H](CC2)NC(=O)C)O[C@@H]1O[C@H](CO)[C@@H](O)[C@H](O)[C@H]1O,0,0.482407,0.750333,0.578859
COc1ccc(cc1)S(=O)(=O)Nc1ccc2c(c1)CC(=O)N(C[C@@H](C)[C@H](CN(C)S(=O)(=O)c1cccs1)O2)[C@H](C)CO,0,0.000580,0.024737,0.004604
CN1CCC2(C)c3cc(O)ccc3N(C)C12.O=C(O)C=CC(=O)O,0,0.928312,0.452146,0.313762
C[C@H]1CCCCO[C@H](CN(C)S(=O)(=O)c2ccc(cc2)C)[C@@H](C)CN([C@H](C)CO)C(=O)c2cc(ccc2O1)NS(=O)(=O)c1ccc(cc1)C,0,0.000711,0.024238,0.004387
COc1ccc(cc1)S(=O)(=O)Nc1ccc2c(c1)C(=O)N(C[C@@H](C)[C@H](CN(C)Cc1ccc(cc1)-c1ccccc1)O2)[C@@H](C)CO,0,0.003954,0.024934,0.005601
C[C@H]1CN([C@H](C)CO)C(=O)c2cc(cnc2O[C@H]1CN(C)S(=O)(=O)C)C#CC(C)(C)O,0,0.012571,0.144393,0.006345
C[C@H]1CN([C@@H](C)CO)C(=O)c2cc(cnc2O[C@@H]1CN(C)C(=O)Nc1ccc2c(c1)OCO2)-c1cccnc1,0,0.004879,0.022277,0.003198
C[C@@H]1CN([C@@H](C)CO)C(=O)c2cccc(c2O[C@@H]1CN(C)Cc1ccc(cc1)C(=O)O)NC(=O)c1cnccn1,0,0.214169,0.043074,0.018440
OCc1ccc(cc1)CO[C@H]1C[C@H](C=C(O1)C(=O)N1CCN(CC1)Cc1ccc2c(c1)OCO2)c1ccc(cc1)C(F)(F)F,0,0.034412,0.037768,0.068100
CO[C@H]1C[C@@H](C)CC2=C(OC)C(=O)C=C(NC(=O)/C(=C/C=C/[C@@H](OC)[C@@H](OC(=O)N)/C(=C/[C@@H](C)[C@@H]1O)C)C)C2=O,0,0.840413,0.388670,0.308329
OC[C@@H](Cc1ccccc1)NC(=O)C[C@@H]1CC=CC[C@@H](NC(=O)OCC2c3ccccc3-c3ccccc32)C(=O)OC[C@@H](Cc2ccccc2)NC1=O,0,0.000247,0.044958,0.025199
Cc1cc2cc(ccc2[nH]1)CN,0,0.192245,0.039614,0.011621
CCN1C[C@@]23CN(C[C@@H](C[C@H]3S1(=O)=O)O2)Cc1cnn(c1)C,0,0.002738,0.044490,0.011182
C[C@H]1CCCCO[C@@H](CN(C)Cc2ccc(cc2)C(=O)O)[C@@H](C)CN([C@H](C)CO)C(=O)c2cc(ccc2O1)NC(=O)c1ccccc1,0,0.014119,0.025651,0.005982
C[C@H]1CCCCO[C@@H](CN(C)Cc2ccc(cc2)C(F)(F)F)[C@@H](C)CN([C@H](C)CO)C(=O)c2cc(ccc2O1)NS(=O)(=O)c1cccs1,0,0.042031,0.024625,0.005770
C[C@@H]1CN([C@@H](C)CO)C(=O)Cc2cc(ccc2O[C@@H]1CN(C)Cc1ccc(c(c1)Cl)Cl)NS(=O)(=O)c1ccc(cc1)F,0,0.022175,0.025455,0.005778
C[C@H]1CCCCO[C@H](CN(C)Cc2ccc(c(c2)Cl)Cl)[C@@H](C)CN([C@H](C)CO)C(=O)c2cc(ccc2O1)NC(=O)Cc1ccccc1,0,0.031476,0.028907,0.007948
CC(C)NC(=O)N(C)C[C@@H]1Oc2ccc(cc2C(=O)N(C[C@H]1C)[C@@H](C)CO)NC(=O)Nc1c(noc1C)C,0,0.055731,0.031565,0.012011
CC(C)NC(=O)N(C)C[C@H]1Oc2ccc(cc2CC(=O)N(C[C@H]1C)[C@H](C)CO)NS(=O)(=O)c1ccc(cc1)Cl,0,0.010527,0.024281,0.005653
COc1ccc(cc1)S(=O)(=O)N(C)C[C@@H]1OCCCC[C@H](C)Oc2ccc(cc2C(=O)N(C[C@@H]1C)[C@@H](C)CO)NS(=O)(=O)c1cn(cn1)C,0,0.007699,0.024821,0.004431
C[C@H]1CN([C@H](C)CO)C(=O)Cc2cc(ccc2O[C@@H]1CN(C)Cc1ccc2c(c1)OCO2)NS(=O)(=O)c1ccccc1,0,0.000393,0.024128,0.003450
COc1ccc(cc1)S(=O)(=O)N(C)C[C@@H]1OCCCC[C@@H](C)Oc2ccc(cc2C(=O)N(C[C@H]1C)[C@@H](C)CO)NC(=O)Nc1ccc2c(c1)OCO2,0,0.002840,0.024198,0.004051
CO[C@@H]1CN(C)C(=O)c2ccc(cc2OC[C@@H](C)N(C[C@H]1C)Cc1ccccc1F)NC(=O)Nc1ccccc1F,0,0.154002,0.034095,0.020287
C[C@@H]1CN([C@@H](C)CO)C(=O)Cc2cc(ccc2O[C@H]1CN(C)S(=O)(=O)c1cn(cn1)C)NC(=O)Cc1ccccc1,0,0.003612,0.024207,0.003184
CC(C)CC(=O)C(=O)O,0,0.039679,0.110324,0.026688
OCCOc1cccc(c1)[C@H]1[C@H](C[C@@H]2N1C(=O)[C@@H]1CCCN1C2=O)C(=O)OCCOc1ccc(cc1)[C@@H]1N2[C@H]([C@H](C(=O)OCC=C)[C@@]11C(=O)Nc3ccc(cc31)I)C(=O)O[C@H]([C@H]2c1ccccc1)c1ccccc1,0,0.030899,0.069587,0.009357
C[C@@H]1CN([C@H](C)CO)C(=O)Cc2cc(ccc2O[C@@H]1CN(C)S(=O)(=O)c1ccc(cc1)C)NC(=O)Cn1cnnn1,0,0.005479,0.027795,0.004800
CCOC(=O)[C@H](Cc1ccccc1)NC(=O)Cn1cc(nn1)C(=O)NO,0,0.195560,0.069841,0.156869
CC(C)(C)C(=O)C[n+]1cccc(c1)C(=O)N,0,0.034253,0.155112,0.043338
COCCOC(=O)N1C(=O)[C@]2([C@@H]([C@@H]3N([C@H]([C@H](OC3=O)c3ccccc3)c3ccccc3)[C@@H]2c2ccc(cc2)OCCO)C(=O)N2CCN(CC2)c2ncccn2)c2cc(ccc21)C#Cc1ccc(cc1)OC,0,0.032867,0.033483,0.005608
C[C@@H]1CN([C@@H](C)CO)C(=O)c2cc(ccc2O[C@@H]1CN(C)Cc1ccc(cc1)C(F)(F)F)NC(=O)NC1CCCCC1,0,0.222456,0.093549,0.061142
COCCCNC(=O)[C@@]1(CCS(=O)(=O)c2ccccc2)COC(=N1)c1ccc(cc1)OCCCO,0,0.003067,0.279275,0.081433
C[C@H]1CC=CC[C@H](NC(=O)[C@H](Cc2ccccc2)N(C)C(=O)c2ccccc2O1)c1cccc(c1)Cl,0,0.083387,0.158348,0.076427
OCC[C@H]1N(CC2CCOCC2)Cc2cc(nc(c21)-c1cccc(c1)-c1ccncc1)C(=O)Nc1ccccc1,0,0.246327,0.199245,0.185089
C[C@@H]1CN([C@@H](C)CO)C(=O)c2cc(cnc2O[C@@H]1CN(C)C(=O)Cc1cccnc1)C#CCc1ccccc1,0,0.007588,0.023523,0.004359
C[C@H]1CN([C@H](C)CO)C(=O)c2cc(ccc2O[C@@H]1CN(C)S(=O)(=O)c1ccc(cc1)C)NS(=O)(=O)c1ccc(cc1)F,0,0.006143,0.024388,0.007000
Cn1cc(cn1)N1C[C@@H]2CNC[C@@H]2C1=O,0,0.082913,0.022948,0.009568
C[C@H]1CCCCO[C@H](CN(C)C(=O)Nc2ccc(cc2)C(F)(F)F)[C@@H](C)CN([C@H](C)CO)C(=O)c2cc(ccc2O1)NC(=O)Nc1cccc2ccccc12,0,0.229859,0.023712,0.006753
N[C@@H](CCON=C(N)N)C(=O)O,0,0.000391,0.039747,0.015200
COc1ccc(cc1)S(=O)(=O)Nc1ccc2c(c1)CC(=O)N(C[C@@H](C)[C@H](CN(C)S(=O)(=O)C)O2)[C@H](C)CO,0,0.002015,0.024905,0.006162
O=C1CCC(=O)NCC/C=C/CCN1,0,0.007481,0.052539,0.021126
C[C@H]1CN([C@H](C)CO)C(=O)c2cc(ccc2O[C@H]1CN(C)Cc1ccc(c(c1)Cl)Cl)NC(=O)NC1CCCCC1,0,0.162822,0.036878,0.017632
C[C@H]1CCCCO[C@H](CN(C)C(=O)Nc2ccc(cc2)C(F)(F)F)[C@H](C)CN([C@@H](C)CO)C(=O)c2cc(ccc2O1)NS(=O)(=O)c1ccc(cc1)Cl,0,0.213478,0.237683,0.014984
C[C@@H]1CCCCO[C@H](CN(C)S(=O)(=O)c2ccccc2)[C@H](C)CN([C@H](C)CO)C(=O)c2cc(ccc2O1)NS(=O)(=O)c1cn(cn1)C,0,0.005440,0.024251,0.003479
O[C@H]1COC[C@H]2O[C@@H](CC[C@@H]2N(C1)S(=O)(=O)c1cccc(c1)Cl)CC(=O)NCc1ccncn1,0,0.304823,0.036526,0.039159
C[C@H]1CN([C@@H](C)CO)C(=O)Cc2cc(ccc2O[C@H]1CN(C)Cc1ccc(cc1)Oc1ccccc1)NS(=O)(=O)c1ccc(cc1)C,0,0.000247,0.024938,0.004278
C[C@@H]1CCCCO[C@H](CN(C)C(=O)Nc2ccc(cc2)F)[C@@H](C)CN([C@@H](C)CO)C(=O)c2cc(ccc2O1)NC(=O)CCCN(C)C,0,0.048696,0.022759,0.006173
C[C@H]1CCCCO[C@H](CN(C)C(=O)Nc2ccc3c(c2)OCO3)[C@H](C)CN([C@@H](C)CO)C(=O)c2cc(ccc2O1)NS(=O)(=O)c1ccc(cc1)F,0,0.003002,0.024480,0.004392
C[C@H]1CN([C@H](C)CO)C(=O)c2cc(ccc2O[C@@H]1CN(C)C(=O)Nc1ccc2c(c1)OCO2)NC(=O)Cn1cnnn1,0,0.022236,0.028676,0.005827
C[C@@H]1CN([C@H](C)CO)C(=O)Cc2cc(ccc2O[C@H]1CN(C)S(=O)(=O)c1ccc(cc1)F)N(C)C,0,0.017758,0.040986,0.013050
C[C@H]1CN([C@@H](C)CO)C(=O)Cc2cc(ccc2O[C@@H]1CN(C)Cc1ccc(cc1)C(F)(F)F)NS(=O)(=O)c1ccc(cc1)C,0,0.020161,0.031356,0.004964
CCCNC(=O)N1[C@H]2CN3C(=O)C=CC=C3[C@@H]1[C@@H]([C@H]2CO)C(=O)NCC(F)(F)F,0,0.470900,0.520894,0.540483
CNC(=O)C[C@@H]1CC[C@@H]2[C@H](COC[C@H](O)CN2C(=O)Nc2cccc(c2)OC)O1,0,0.419865,0.198026,0.036769
COc1ccc(cc1)NC(=O)Nc1ccc2c(c1)C(=O)N(C[C@H](C)[C@H](CN(C)C(=O)Nc1ccccc1)OCCCC[C@H](C)O2)[C@H](C)CO,0,0.013656,0.023258,0.003466
COc1ccc(cc1)-c1cnc2c(c1)C(=O)N(C[C@H](C)[C@H](CN(C)C(=O)Cc1ccccn1)O2)[C@H](C)CO,0,0.003396,0.022935,0.005631
OC[C@H]1O[C@@H](CCNC(=O)CN2CCOCC2)CC[C@H]1NC(=O)c1ccc2c(c1)OCO2,0,0.013871,0.026781,0.009171
C[C@H]1CCCCO[C@H](CN(C)C(=O)NC2CCCCC2)[C@H](C)CN([C@H](C)CO)C(=O)c2cc(ccc2O1)NC(=O)Nc1ccc(cc1)F,0,0.066482,0.025259,0.006575
C[C@@H]1CN([C@H](C)CO)C(=O)Cc2cc(ccc2O[C@@H]1CN(C)C(=O)Nc1cccc2ccccc12)NC(=O)Cn1cnnn1,0,0.018740,0.023526,0.006225
O=C(CC1=NNC(=O)N1)NCc1n[nH]c2c1CCCCC2,0,0.692479,0.132645,0.206302
CC(=O)OCC(=O)C12OC3(CCCC3)OC1CC1C3CCC4=CC(=O)C=CC4(C)C3(F)C(O)CC12C,0,0.040547,0.208634,0.062052
C[C@H]1CCCCO[C@H](CN(C)C(=O)C2CCCCC2)[C@H](C)CN([C@@H](C)CO)C(=O)c2cc(ccc2O1)NC(=O)c1ccncc1,0,0.001260,0.023321,0.004528
C[C@H]1CN([C@H](C)CO)C(=O)c2cc(cnc2O[C@H]1CN(C)S(=O)(=O)c1cccs1)Br,0,0.012052,0.035763,0.009216
C[C@H]1CN([C@H](C)CO)C(=O)Cc2cc(ccc2O[C@@H]1CN(C)S(=O)(=O)C)NC(=O)Nc1ccc(cc1)F,0,0.050383,0.031098,0.012813
CCC(=O)Nc1ccc2c(c1)C(=O)N(C)C[C@H](OC)[C@@H](C)CN([C@@H](C)CO2)C(=O)CN1CCOCC1,0,0.002139,0.024044,0.004185
COc1ccc(c(c1)C(C)(C)C)O,0,0.422448,0.361346,0.330439
C[C@H]1CN([C@H](C)CO)C(=O)Cc2cc(ccc2O[C@H]1CN(C)Cc1ccc(cc1)-c1ccccc1)NC(=O)Cc1cn(c2ccccc12)C,0,0.036464,0.028828,0.006856
C[C@H]1CN([C@@H](C)CO)C(=O)Cc2cc(ccc2O[C@@H]1CN(C)S(=O)(=O)c1c(noc1C)C)NS(=O)(=O)c1c(noc1C)C,0,0.002005,0.024355,0.008252
C[C@@H]1CCCCO[C@@H](CN(C)C(=O)Nc2cccc3ccccc23)[C@H](C)CN([C@@H](C)CO)C(=O)c2cc(ccc2O1)NS(=O)(=O)c1cccs1,0,0.002989,0.025834,0.003238
C[C@@H]1CN([C@H](C)CO)C(=O)c2cc(cnc2O[C@H]1CN(C)CC1CCOCC1)C#Cc1cccc(c1)F,0,0.351772,0.039862,0.014501
C[C@H]1CN([C@H](C)CO)C(=O)c2cc(cnc2O[C@H]1CN(C)C(=O)c1cccnc1)-c1ccc(cc1)C(=O)N(C)C,0,0.001789,0.025307,0.005710
OC[C@@H]1[C@H]2CN3C(=O)C=CC=C3[C@@H]([C@H]1C(=O)NCCCN1CCOCC1)N2C(=O)C1CCCCC1,0,0.035347,0.032859,0.020039
C[C@H]1CN([C@@H](C)CO)C(=O)c2cccc(c2O[C@H]1CN(C)Cc1ccc(cc1)Oc1ccccc1)NC(=O)Nc1ccccc1,0,0.010642,0.025216,0.010723
C[C@H]1CCCCO[C@@H](CN(C)Cc2ccccc2)[C@H](C)CN([C@@H](C)CO)C(=O)c2cc(ccc2O1)NS(=O)(=O)c1ccc(cc1)C,0,0.001472,0.024332,0.004425
COCC#Cc1cnc2c(c1)C(=O)N(C[C@@H](C)[C@H](CN(C)S(=O)(=O)c1cn(cn1)C)O2)[C@H](C)CO,0,0.042096,0.025030,0.006921
CC(C)[C@H](NS(=O)(=O)c1ccc(cc1)C)C(=O)NCCn1cc(nn1)COc1ccccc1/C=C(C)/C=C/C(=O)NO,0,0.192253,0.097936,0.012397
O=C1C[C@H]2N(CCNC2=O)C(=N1)NC(=O)c1ccccc1,0,0.000017,0.110155,0.062263
COc1ccc(cc1)NC(=O)N(C)C[C@H]1Oc2ccc(cc2C(=O)N(C[C@H]1C)[C@@H](C)CO)NC(=O)C1CC1,0,0.025573,0.024367,0.007918
CN1CCN(CC1)C(=O)C[C@H]1CC[C@H]2[C@@H](COC[C@H](O)CN2C(=O)C2CC2)O1,0,0.479424,0.028321,0.039492
Oc1c(cc(cc1Br)C=C1C(=O)Nc2ccc(cc21)I)Br,0,0.945039,0.700030,0.794922
C[C@@H]1CN([C@H](C)CO)C(=O)c2cc(ccc2O[C@@H]1CN(C)C(=O)Nc1ccccc1)NC(=O)CCCCCC(=O)Nc1ccccc1N,0,0.016695,0.024660,0.003963
C[C@H]1CN([C@@H](C)CO)C(=O)Cc2cc(ccc2O[C@H]1CN(C)CC1CC1)NS(=O)(=O)c1cccs1,0,0.007219,0.026121,0.004748
COc1ccc(cc1)S(=O)(=O)Nc1ccc2c(c1)C(=O)N(C[C@H](C)[C@@H](CN(C)Cc1ccc(cc1)C(F)(F)F)OCCCC[C@@H](C)O2)[C@@H](C)CO,0,0.017869,0.024696,0.006633
C[C@@H]1CN([C@@H](C)CO)S(=O)(=O)c2ccc(cc2O[C@@H]1CN(C)C(=O)c1ccncc1)C#CC1(O)CCCC1,0,0.005674,0.026115,0.004528
COCC#Cc1ccc(cc1)[C@@H]1[C@@H](CO)N2[C@H]1CN(CC2=O)C(=O)c1cccnc1,0,0.145933,0.027359,0.017503
C[C@H]1CN([C@@H](C)CO)C(=O)Cc2cc(ccc2O[C@@H]1CN(C)S(=O)(=O)c1cn(cn1)C)NS(=O)(=O)c1c(noc1C)C,0,0.001865,0.024293,0.005786
C[C@@H]1CN([C@H](C)CO)C(=O)c2cc(ccc2O[C@H]1CN(C)S(=O)(=O)c1ccccc1)NC(=O)Nc1c(noc1C)C,0,0.015517,0.024524,0.004492
OC(=O)c1c(c(c(c(c1C1=C2C=CC(=O)C=C2Oc2cc(ccc21)O)Br)Br)Br)Br,1,0.999870,0.765664,0.715234
CC(C)(C)OC(=O)CC[C@@]1(COC(=N1)c1ccc(cc1)OCCCO)C(=O)NCCN1CCOCC1,0,0.002051,0.182035,0.090219
CCS(=O)(=O)Nc1ccc2c(c1)C(=O)N(C)C[C@H](OC)[C@H](C)CN(CCC(F)(F)F)[C@H](C)CO2,0,0.130477,0.030035,0.010596
COc1ccc(cc1)-c1cnc2c(c1)C(=O)N(C[C@H](C)[C@@H](CN(C)C(=O)Cc1ccccn1)O2)[C@@H](C)CO,0,0.003396,0.022935,0.005631
C[C@@H]1CCCCO[C@@H](CN(C)C(=O)Nc2ccc(cc2)C(F)(F)F)[C@H](C)CN([C@@H](C)CO)C(=O)c2cc(ccc2O1)NC(=O)Nc1ccc2c(c1)OCO2,0,0.203411,0.037225,0.010976
COc1ccc(OC)c(C(O)C(C)N)c1.Cl,0,0.676168,0.138778,0.102721
OC[C@H]1O[C@H](C[C@@H]2[C@H]1Oc1ccc(cc12)NC(=O)Nc1ccccc1)CC(=O)NCCN1CCCCC1,0,0.251533,0.040515,0.037959
C[C@H]1CCCCO[C@@H](CN(C)C(=O)Nc2ccccc2)[C@H](C)CN([C@H](C)CO)C(=O)c2cc(ccc2O1)NS(=O)(=O)c1ccccc1,0,0.001519,0.024238,0.003501
C[C@H]1CN([C@@H](C)CO)C(=O)c2cc(ccc2O[C@H]1CN(C)Cc1ccc2c(c1)OCO2)NC(=O)c1ccncc1,0,0.001700,0.022783,0.003663
OC[C@H]1O[C@H](C[C@@H]2[C@H]1Oc1ccc(cc12)NS(=O)(=O)c1ccc(cc1)F)CC(=O)NCc1ccccc1F,0,0.014567,0.039967,0.007306
O[C@H](CC(=O)O)C(=O)O,0,0.001928,0.097098,0.045856
C[C@H]1CN([C@@H](C)CO)S(=O)(=O)c2ccc(cc2O[C@@H]1CN(C)C(=O)Cc1cccnc1)C#CC1(O)CCCC1,0,0.011440,0.024324,0.005451
NC(=O)[C@H]1Cc2ccccc2N1,0,0.069510,0.047910,0.026280
C[C@@H]1CCCCO[C@@H](CN(C)Cc2ccc(c(c2)Cl)Cl)[C@@H](C)CN([C@@H](C)CO)C(=O)c2cc(ccc2O1)NS(=O)(=O)c1ccc(cc1)F,0,0.020477,0.024972,0.006093
C[C@@H]1CN([C@H](C)CO)C(=O)c2c(c3ccccc3n2C)-c2ccccc2CO[C@H]1CN(C)C(=O)[C@@H](C)c1ccccc1,0,0.019363,0.036913,0.015334
N[C@]1(CO[C@H]2[C@@H]([C@H]21)C(=O)O)C(=O)O,0,0.195299,0.132694,0.046503
C[C@H]1CCCCO[C@H](CN(C)S(=O)(=O)C)[C@H](C)CN([C@@H](C)CO)C(=O)c2cc(ccc2O1)NC(=O)c1ccncc1,0,0.001307,0.024204,0.003465
C[C@H]1CCCCO[C@H](CN(C)C(=O)Nc2ccccc2)[C@H](C)CN([C@@H](C)CO)C(=O)c2cc(ccc2O1)NS(=O)(=O)c1ccc(cc1)Cl,0,0.005918,0.025110,0.004384
C[C@H]1CN([C@H](C)CO)C(=O)Cc2cc(ccc2O[C@@H]1CN(C)Cc1ccc(c(c1)Cl)Cl)NC(=O)Nc1ccc(cc1)C(F)(F)F,0,0.774156,0.066598,0.026334
C[C@H]1CN([C@H](C)CO)S(=O)(=O)c2ccc(cc2O[C@@H]1CN(C)C(=O)Cc1ccccn1)-c1ccc(cc1)C(=O)N(C)C,0,0.002374,0.025211,0.004688
C[C@H]1CCCCO[C@@H](CN(C)C(=O)Nc2c(noc2C)C)[C@H](C)CN([C@@H](C)CO)C(=O)c2cc(ccc2O1)NC(=O)NC1CCCCC1,0,0.027837,0.024928,0.005136
C[C@H]1CN([C@@H](C)CO)C(=O)c2cccc(c2O[C@H]1CN(C)Cc1ccncc1)NS(=O)(=O)c1ccc(cc1)F,0,0.006065,0.025046,0.004809
CN(C)/C=N/C(=S)N1CCOCC1,0,0.005698,0.049519,0.023036
C[C@H]1CN([C@H](C)CO)C(=O)c2cc(ccc2O[C@@H]1CN(C)Cc1ccncc1)NS(=O)(=O)c1cn(cn1)C,0,0.010837,0.024578,0.003541
COc1ccc(cc1)NC(=O)N(C)C[C@H]1OCCCC[C@@H](C)Oc2ccc(cc2C(=O)N(C[C@@H]1C)[C@H](C)CO)NC(=O)Cc1ccccc1,0,0.005927,0.023514,0.004021
C[C@@H]1CCCCO[C@@H](CN(C)C)[C@H](C)CN([C@H](C)CO)C(=O)c2cc(ccc2O1)NC(=O)CCCCCC(=O)Nc1ccccc1N,0,0.014775,0.026261,0.005837
C[C@@H]1CN([C@@H](C)CO)S(=O)(=O)c2ccc(cc2O[C@H]1CN(C)Cc1ccc(cc1)F)C#CC1CC1,0,0.094808,0.028863,0.006532
CC(C)NC(=O)Nc1cccc2c1O[C@H](CN(C)S(=O)(=O)c1cccs1)[C@H](C)CN([C@@H](C)CO)C2=O,0,0.017961,0.024366,0.004925
C/C=C(/C)C(=O)O[C@@H]1[C@H](OC(=O)C)[C@]2(CO)[C@H](O)C[C@]3(C)C(=CC[C@H]4[C@@]5(C)CC[C@H](O[C@@H]6O[C@@H]([C@@H](O[C@@H]7O[C@H](CO)[C@@H](O)[C@H](O)[C@H]7O)[C@H](O)[C@H]6O[C@@H]6O[C@H](CO)[C@@H](O)[C@H](O)[C@H]6O)C(=O)O)[C@](C)(CO)[C@@H]5CC[C@]43C)[C@@H]2CC1(C)C,0,0.482385,0.100142,0.044018
COc1cccc(c1)C#Cc1ccc2c(c1)O[C@@H](CN(C)C(=O)C)[C@@H](C)CN([C@H](C)CO)S2(=O)=O,0,0.039539,0.030595,0.008490
C[C@H]1CCCCO[C@H](CN(C)S(=O)(=O)c2cn(cn2)C)[C@H](C)CN([C@H](C)CO)C(=O)c2cc(ccc2O1)NS(=O)(=O)c1cccs1,0,0.001722,0.024450,0.004155
CCOC(=O)C1CCN(CC1)C(=O)CNC(=O)CC1=NNC(=O)c2ccccc21,0,0.013506,0.080712,0.053835
C[C@@H]1CN([C@H](C)CO)S(=O)(=O)c2ccc(cc2O[C@H]1CN(C)C(=O)c1cccnc1)C#CC1(O)CCCC1,0,0.006094,0.026115,0.004555
COc1ccc(cc1)NC(=O)N(C)C[C@H]1OCCCC[C@@H](C)Oc2ccc(cc2C(=O)N(C[C@H]1C)[C@H](C)CO)NC(=O)Nc1c(noc1C)C,0,0.026433,0.024416,0.004793
C[C@@H]1CCCCO[C@@H](CN(C)Cc2ccc(cc2)C(F)(F)F)[C@@H](C)CN([C@H](C)CO)C(=O)c2cc(ccc2O1)NC(=O)NC1CCCCC1,0,0.157807,0.035091,0.016395
C[C@@H]1CN([C@H](C)CO)C(=O)c2cc(cnc2O[C@@H]1CN(C)C(=O)Cc1ccncc1)C#CC1(O)CCCC1,0,0.009588,0.029641,0.008510
C[C@@H]1CN([C@H](C)CO)C(=O)c2cc(cnc2O[C@@H]1CN(C)C(=O)Cc1ccccn1)-c1cccc(c1)C(=O)N(C)C,0,0.001842,0.024172,0.004295
C[C@H]1CN([C@@H](C)CO)C(=O)c2cccc(c2O[C@@H]1CN(C)Cc1ccc(cc1)C(F)(F)F)NS(=O)(=O)C,0,0.417788,0.037745,0.022960
COc1ccccc1NC(=O)N(C)C[C@H]1Oc2cc(ccc2S(=O)(=O)N(C[C@@H]1C)[C@@H](C)CO)Br,0,0.324802,0.028879,0.008157
O[C@H]1COC[C@@H]2O[C@H](CC[C@H]2N(C1)C(=O)c1cccnc1)CC(=O)NCc1ccc(cc1)-c1ccccc1,0,0.257708,0.066397,0.044563
CC(=O)N1CCN(c2ccc(OCC3COC(Cn4ccnc4)(c4ccc(Cl)cc4Cl)O3)cc2)CC1,0,0.585169,0.357626,0.325763
C[C@H]1CN([C@@H](C)CO)C(=O)c2cc(ccc2O[C@H]1CN(C)C(=O)Nc1ccc(cc1)F)NC(=O)CCN1CCOCC1,0,0.045184,0.021792,0.007711
C[C@H]1CN([C@H](C)CO)C(=O)c2cc(ccc2O[C@H]1CN(C)Cc1ccncc1)NS(=O)(=O)c1cn(cn1)C,0,0.010837,0.024578,0.003541
CCOC(=O)CC/C=C\C/C=C\C/C=C\C/C=C\C/C=C\C/C=C\CC,0,0.000004,0.139092,0.081712
C[C@H]1CN([C@H](C)CO)C(=O)c2cc(ccc2O[C@H]1CN(C)S(=O)(=O)c1cn(cn1)C)NS(=O)(=O)c1cccs1,0,0.007000,0.024678,0.005583
NC(=O)CC(N)C(=O)O.O,0,0.000637,0.043980,0.029474
C[C@@H]1CN([C@H](C)CO)C(=O)c2cccc(c2O[C@H]1CN(C)C(=O)Nc1cccc2ccccc12)NC(=O)Nc1ccc(cc1)C(F)(F)F,0,0.714876,0.863500,0.819365
CCC(=O)NS(=O)(=O)c1ccccc1,0,0.004436,0.058939,0.008043
C[C@H]1CN([C@@H](C)CO)C(=O)c2cc(cnc2O[C@H]1CN(C)Cc1ccccc1C(=O)O)Br,0,0.196179,0.105914,0.061286
Cl.NNCc1ccccc1,0,0.611818,0.378219,0.296756
OCCOCCN1[C@@H](C(=O)N(CC=C)Cc2ccccc2)[C@@]23O[C@@H](C=C2)[C@H]([C@H]3C1=O)C(=O)O,0,0.366347,0.053962,0.071942
CC[C@@H]1CN(N1)C(=O)c1ccccn1,0,0.089702,0.028895,0.011532
CO[C@@H]1CN(C)C(=O)c2cc(ccc2OC[C@H](C)N(C[C@@H]1C)C(=O)CN(C)C)NS(=O)(=O)C,0,0.040713,0.163803,0.007626
COc1ccc(-c2coc3cc(O)ccc3c2=O)c(O)c1O,0,0.804154,0.258699,0.178654
OCc1ccccc1O,0,0.000184,0.086027,0.050275
COc1ccc(cc1)NC(=O)N(C)C[C@@H]1Oc2ccc(cc2CC(=O)N(C[C@@H]1C)[C@@H](C)CO)NC(=O)CCN1CCOCC1,0,0.005761,0.027259,0.005150
C[C@H]1CN([C@@H](C)CO)C(=O)c2cc(ccc2O[C@H]1CN(C)S(=O)(=O)C)NC(=O)Nc1ccc(cc1)C(F)(F)F,0,0.492542,0.422661,0.122652
C[C@H]1CN([C@@H](C)CO)S(=O)(=O)c2ccc(cc2O[C@@H]1CN(C)S(=O)(=O)c1cn(cn1)C)C#Cc1ccccc1,0,0.034530,0.029989,0.004098
C[C@H]1CN([C@@H](C)CO)C(=O)c2cccc(c2O[C@H]1CN(C)C(=O)Nc1ccc(cc1)C(F)(F)F)NC(=O)Nc1c(noc1C)C,0,0.838206,0.821851,0.878200
OC[C@@H]1O[C@@H](CCNC(=O)CN2CCOCC2)CC[C@H]1NS(=O)(=O)c1ccc(cc1)Cl,0,0.025882,0.035367,0.024029
C[C@H]1CN([C@@H](C)CO)S(=O)(=O)c2ccc(cc2O[C@H]1CN(C)S(=O)(=O)c1ccccc1)C#Cc1ccncc1,0,0.020974,0.030173,0.005989
C[C@H]1CCCCO[C@H](CN(C)C)[C@@H](C)CN([C@H](C)CO)C(=O)c2cc(ccc2O1)NC(=O)CCCN(C)C,0,0.027172,0.036765,0.006622
C[C@H]1CCCCO[C@H](CN(C)C(=O)C2CCCCC2)[C@H](C)CN([C@H](C)CO)C(=O)c2cc(ccc2O1)NS(=O)(=O)c1ccc(cc1)F,0,0.001975,0.024326,0.006425
C[C@@H]1CN([C@H](C)CO)C(=O)c2cccc(c2O[C@@H]1CN(C)C(=O)Nc1c(noc1C)C)NC(=O)Nc1ccc(cc1)C(F)(F)F,0,0.853060,0.851317,0.871941
COc1ccccc1-c1cnc2c(c1)C(=O)N(C[C@@H](C)[C@@H](CN(C)C(=O)c1cccnc1)O2)[C@@H](C)CO,0,0.004252,0.023019,0.003845
C[C@H]1CN([C@H](C)CO)S(=O)(=O)c2ccc(cc2O[C@@H]1CN(C)S(=O)(=O)c1ccccc1)C#Cc1ccncc1,0,0.020974,0.030173,0.005989
COc1ccc(cc1)CN(C)C[C@H]1OCCCC[C@@H](C)Oc2ccc(cc2C(=O)N(C[C@H]1C)[C@H](C)CO)NC(=O)Cc1ccccc1,0,0.006722,0.026415,0.006305
COc1ccc(cc1)NC(=O)Nc1ccc2c(c1)C(=O)N(C[C@@H](C)[C@H](CN(C)C(=O)Nc1ccc(cc1)C(F)(F)F)O2)[C@H](C)CO,0,0.721576,0.184593,0.201375
C[C@H]1CN([C@H](C)CO)C(=O)c2c(c3ccccc3n2C)-c2ccccc2CO[C@H]1CN(C)Cc1ccc(cc1)Oc1ccccc1,0,0.035485,0.030615,0.014026
C[C@@H]1CCCCO[C@@H](CN(C)C(=O)Nc2ccc(cc2)F)[C@@H](C)CN([C@@H](C)CO)C(=O)c2cc(ccc2O1)NC(=O)Nc1ccccc1,0,0.067774,0.022439,0.005417
C[C@@H](N)Cc1cccc(c1)O,0,0.049965,0.041237,0.023492
C[C@H]1CCCCO[C@@H](CN(C)C(=O)Nc2c(noc2C)C)[C@H](C)CN([C@@H](C)CO)C(=O)c2cc(ccc2O1)NC(=O)Nc1ccc2c(c1)OCO2,0,0.013739,0.028875,0.004301
C[C@H]1CN([C@H](C)CO)C(=O)c2cc(ccc2O[C@@H]1CN(C)S(=O)(=O)c1ccc(cc1)Cl)NC(=O)CCCN(C)C,0,0.029316,0.025044,0.006124
C[C@@H]1CN([C@H](C)CO)C(=O)c2cccc(c2O[C@H]1CN(C)C(=O)Nc1cccc2ccccc12)NC(=O)c1ccc(cc1)-c1nccs1,0,0.013195,0.025986,0.006938
COc1ccc(cc1)C#Cc1ccc2c(c1)O[C@H](CN(C)C(=O)C)[C@H](C)CN([C@H](C)CO)S2(=O)=O,0,0.033800,0.031502,0.009832
OC[C@@H]1O[C@H](C[C@@H]2[C@H]1Oc1ccc(cc12)NC(=O)Cc1ccncc1)CC(=O)NCCN1CCCCC1,0,0.072771,0.043998,0.022392
C[C@H]1CCCCO[C@@H](CN(C)S(=O)(=O)c2cccs2)[C@H](C)CN([C@H](C)CO)C(=O)c2cc(ccc2O1)NC(=O)Nc1ccccc1,0,0.003061,0.024288,0.003564
C[C@H]1CN([C@@H](C)CO)C(=O)c2cccc(c2O[C@@H]1CN(C)Cc1ccc(cc1)Oc1ccccc1)NS(=O)(=O)c1ccc(cc1)Cl,0,0.003951,0.027067,0.008226
CC(C)NC(=O)Nc1cccc2c1O[C@@H](CN(C)Cc1ccc(cc1)Oc1ccccc1)[C@H](C)CN([C@H](C)CO)C2=O,0,0.014964,0.033821,0.015227
CC(C)CC#Cc1ccc2c(c1)O[C@H](CN(C)C(=O)Cc1ccncc1)[C@@H](C)CN([C@@H](C)CO)S2(=O)=O,0,0.034201,0.032719,0.006770
C[N+](C)(C)CCCCNC(=O)[C@H]1C[C@@H]2N([C@H]1c1cccc(c1)OCCO)C(=O)[C@H](Cc1ccccc1)NC2=O,0,0.246887,0.124057,0.059157
C[C@@H]1CN([C@@H](C)CO)C(=O)c2c(c3ccccc3n2C)-c2ccccc2CO[C@@H]1CN(C)C(=O)Nc1ccc2c(c1)OCO2,0,0.008654,0.025076,0.004024
Cn1cnc(c1)S(=O)(=O)N[C@@H]1C=C[C@H](CC(=O)N2CCN(CC2)c2ccccc2)O[C@H]1CO,0,0.017715,0.026949,0.007609
C[C@H]1CN([C@H](C)CO)C(=O)Cc2cc(ccc2O[C@H]1CN(C)Cc1ccccc1)NS(=O)(=O)c1cn(cn1)C,0,0.009049,0.024160,0.003973
C[C@H]1CN([C@@H](C)CO)S(=O)(=O)c2ccc(cc2O[C@H]1CN(C)CC1CCOCC1)-c1cccnc1,0,0.047575,0.024277,0.004825
C[C@H](O)[C@]12[C@H]3CCN2[C@@H]1C=CC3,0,0.009419,0.064806,0.014951
Nc1nc2ccc(cc2s1)Cl,0,0.303052,0.249619,0.098942
C[C@@H]1CN([C@@H](C)CO)C(=O)Cc2cc(ccc2O[C@@H]1CN(C)C(=O)Nc1ccc(cc1)C(F)(F)F)NC(=O)CCCCCC(=O)Nc1ccccc1N,0,0.276221,0.035948,0.009453
C[C@@H]1CN([C@@H](C)CO)C(=O)c2cc(ccc2O[C@H]1CN(C)C(=O)Nc1cccc2ccccc12)NS(=O)(=O)c1ccc(cc1)F,0,0.008870,0.024935,0.005441
C[C@H]1CCCCO[C@@H](CN(C)S(=O)(=O)c2cccs2)[C@H](C)CN([C@H](C)CO)C(=O)c2cc(ccc2O1)NS(=O)(=O)C,0,0.002234,0.024454,0.003973
COc1ccc(cc1)S(=O)(=O)N(C)C[C@@H]1OCCCC[C@H](C)Oc2ccc(cc2C(=O)N(C[C@@H]1C)[C@H](C)CO)NC(=O)Nc1cccc2ccccc12,0,0.003130,0.031908,0.003325
CN1C(=O)N(C)c2ccc(cc2C1=O)S(=O)(=O)NCCC(=O)NC1CCCC1,0,0.303769,0.273234,0.058407
C[C@@H]1CCCCO[C@@H](CN(C)CC2CC2)[C@@H](C)CN([C@H](C)CO)C(=O)c2cc(ccc2O1)NC(=O)Cc1ccccc1,0,0.026860,0.026212,0.009857
COc1cccc(c1)C#Cc1cnc2c(c1)C(=O)N(C[C@@H](C)[C@H](CN(C)C(=O)C1CCC1)O2)[C@@H](C)CO,0,0.019998,0.022880,0.008260
C[C@H]1CN([C@H](C)CO)C(=O)c2cc(cnc2O[C@@H]1CN(C)C(=O)C1CCOCC1)C#Cc1cccc(c1)F,0,0.097711,0.022753,0.008051
C[C@@H]1CN([C@H](C)CO)C(=O)Cc2cc(ccc2O[C@@H]1CN(C)Cc1ccc(cc1)C(F)(F)F)NC(=O)Nc1ccccc1,0,0.235663,0.034503,0.020432
CC(=O)O[C@]1(CN2CCC1CC2)C#N,0,0.046887,0.115794,0.037573
CCN1[C@H]([C@H](CO)[C@H]2CN3C(=O)C(=CC=C3[C@H]21)c1cccnc1)C(=O)NCCc1cn(cn1)C,0,0.155390,0.036428,0.017599
C[C@H]1CN([C@@H](C)CO)C(=O)c2cccc(c2O[C@@H]1CN(C)S(=O)(=O)c1ccc(cc1)F)NC(=O)c1ccncc1,0,0.018123,0.024322,0.004476
C[C@@H]1CN([C@@H](C)CO)S(=O)(=O)c2ccc(cc2O[C@@H]1CN(C)Cc1cncnc1)C#CC1CCCC1,0,0.049387,0.024752,0.005900
CC(C)NC(=O)N(C)C[C@H]1Oc2c(cccc2C(=O)N(C[C@@H]1C)[C@H](C)CO)NS(=O)(=O)c1cn(cn1)C,0,0.109159,0.023783,0.005846
C[C@H]1CN([C@@H](C)CO)C(=O)Cc2cc(ccc2O[C@@H]1CN(C)Cc1ccc(cc1)Oc1ccccc1)NS(=O)(=O)c1c(noc1C)C,0,0.000557,0.025216,0.006045
C[C@@H]1CCCCO[C@@H](CN(C)C(=O)Nc2ccc(cc2)F)[C@@H](C)CN([C@H](C)CO)C(=O)c2cc(ccc2O1)NC(=O)Cc1ccccc1,0,0.033376,0.022837,0.006637
O=C1NC(=O)C(C#N)C(=N1)Nc1ccccc1,0,0.001716,0.100363,0.082638
COc1ccc2c3c(n(c2c1)C)[C@H](CO)N(C[C@]13CCN(CC1)C(=O)Nc1cccc(c1)F)S(=O)(=O)C,0,0.100602,0.036419,0.023292
N#CN1CCCC1,0,0.001515,0.034652,0.019758
C[C@@H]1CN([C@@H](C)CO)C(=O)c2cc(ccc2O[C@H]1CN(C)S(=O)(=O)c1ccccc1)NS(=O)(=O)c1ccccc1,0,0.001891,0.024443,0.004462
NS(=O)(=O)c1ccc(c(c1)[N+](=O)[O-])O,0,0.000018,0.365959,0.044415
O=C(O)CCCCCCC(=O)O,0,0.049208,0.066108,0.029513
COc1ccc(cc1)NC(=O)Nc1cccc2c1O[C@@H](CN(C)Cc1ccc(cc1)Oc1ccccc1)[C@H](C)CN([C@H](C)CO)C2=O,0,0.010522,0.020600,0.005243
O=C1NNC(=O)C=C1,0,0.012766,0.222037,0.081836
COc1ccc(cc1)NC(=O)N(C)C[C@H]1Oc2ccc(cc2C(=O)N(C[C@H]1C)[C@H](C)CO)NC(=O)CCCN(C)C,0,0.022072,0.022970,0.005738
COCC(=O)Nc1ccc2c(c1)OC[C@@H](C)N(C[C@@H](C)[C@H](CN(C)C2=O)OC)C(=O)Cc1cccnc1,0,0.003647,0.023269,0.004987
COCC(=O)N1C[C@H](C)[C@H](CN(C)C(=O)c2cc(ccc2OC[C@@H]1C)NC(=O)c1ccc(cc1)OC)OC,0,0.004066,0.023628,0.005262
C[C@@H]1CN([C@@H](C)CO)C(=O)c2cccc(c2O[C@H]1CN(C)Cc1ccc(c(c1)Cl)Cl)NS(=O)(=O)c1ccc(cc1)C,0,0.031746,0.030567,0.006236
OC[C@@H]1O[C@@H](CC(=O)NCc2ccc(c(c2)Cl)Cl)C=C[C@@H]1NS(=O)(=O)c1ccc(cc1)F,0,0.497542,0.037226,0.034313
Cc1cc2nc(sc2cc1C)C,0,0.102719,0.085918,0.054537
C[C@H]1CCCCO[C@@H](CN(C)C(=O)c2ccccc2)[C@@H](C)CN([C@H](C)CO)C(=O)c2cc(ccc2O1)NC(=O)C1CCCCC1,0,0.001316,0.023294,0.004552
CN1CCN(CC1)C(=O)C[C@@H]1O[C@@H](CO)[C@H](NC(=O)Cc2ccccn2)C=C1,0,0.041201,0.032332,0.015233
CC(C)NC(=O)N(C)C[C@H]1Oc2ccc(cc2C(=O)N(C[C@@H]1C)[C@@H](C)CO)NS(=O)(=O)c1cn(cn1)C,0,0.082997,0.023720,0.006297
CC(C)CC#Cc1cnc2c(c1)C(=O)N(C[C@H](C)[C@@H](CN(C)S(=O)(=O)c1ccccc1)O2)[C@H](C)CO,0,0.013901,0.029113,0.004085
C[C@@H]1CCCCO[C@@H](CN(C)S(=O)(=O)c2ccc(cc2)Cl)[C@H](C)CN([C@@H](C)CO)C(=O)c2cc(ccc2O1)NC(=O)Nc1ccc2c(c1)OCO2,0,0.007729,0.024254,0.004318
C[C@H]1CN([C@@H](C)CO)C(=O)c2cc(ccc2O[C@@H]1CN(C)Cc1ccc(c(c1)Cl)Cl)NS(=O)(=O)c1ccc(cc1)Cl,0,0.037293,0.035727,0.010058
C[C@@H]1CN([C@@H](C)CO)C(=O)Cc2cc(ccc2O[C@@H]1CN(C)Cc1ccc(cc1)C(F)(F)F)NC(=O)Cn1cnnn1,0,0.211298,0.098638,0.051949
COc1cc(C=CC(N)=O)cc(OC)c1OC,0,0.547372,0.212675,0.173472
COc1ccc(c(c1)OC)NC(=O)N(C)C[C@H]1OCc2ccccc2-c2c(n(c3ccccc23)C)C(=O)N(C[C@@H]1C)[C@H](C)CO,0,0.035340,0.024458,0.003866
COc1ccc(cc1)NC(=O)Nc1ccc2c(c1)C(=O)N(C[C@@H](C)[C@@H](CN(C)S(=O)(=O)c1cccs1)OCCCC[C@@H](C)O2)[C@@H](C)CO,0,0.002447,0.024544,0.003911
C[C@H]1CN([C@@H](C)CO)C(=O)Cc2cc(ccc2O[C@H]1CN(C)C(=O)Nc1cccc2ccccc12)NC(=O)Cc1ccccc1,0,0.007147,0.029166,0.006954
Cc1cccc(c1Nc1nc2c(cc(c(c2s1)C)C)C)C,0,0.987327,0.459355,0.382411
Cc1noc(c1NC(=O)N)C,0,0.091021,0.034361,0.029160
COc1ccc(cc1)S(=O)(=O)N(C)C[C@@H]1Oc2ccc(cc2C(=O)N(C[C@H]1C)[C@@H](C)CO)NS(=O)(=O)C,0,0.017962,0.024757,0.006676
C[C@@H]1CN([C@H](C)CO)C(=O)Cc2cc(ccc2O[C@@H]1CN(C)S(=O)(=O)c1cn(cn1)C)NC(=O)Cc1cn(c2ccccc12)C,0,0.005680,0.024370,0.002777
ONC(=O)CCc1cn(nn1)-c1ccc(cc1)C[C@@H]1N2CC(=C[C@@H]2[C@H](Cc2ccccc2)OC1=O)/C=C/C1CC1,0,0.772655,0.069257,0.090039
OCCN(Cc1ccccc1)C(=O)C[C@H]1CC=CC[C@H](Cc2ccc(cc2)F)C(=O)OC[C@@H](Cc2c[nH]c3ccccc23)NC1=O,0,0.040624,0.043503,0.020565
CN1[C@@H]2CC[C@@H](CC(=O)NCc3ccc(cc3)-c3ccccc3)O[C@@H]2COc2ccc(cc2C1=O)NC(=O)Nc1ccccc1F,0,0.131901,0.048236,0.028105
NC1=CC(=O)N=C(N1)SCC=C,0,0.227160,0.083540,0.038122
C[C@H]1CCCCO[C@H](CN(C)C(=O)c2ccccc2)[C@H](C)CN([C@@H](C)CO)C(=O)c2cc(ccc2O1)NC(=O)CCC(F)(F)F,0,0.034500,0.027323,0.008611
O[C@H]1COC[C@@H]2O[C@H](CC[C@H]2N(C1)S(=O)(=O)c1ccc(cc1)Cl)CC(=O)NCC1CCCCC1,1,0.394081,0.726146,0.806864
C[C@@H]1CN([C@H](C)CO)S(=O)(=O)c2ccc(cc2O[C@H]1CN(C)S(=O)(=O)c1ccccc1F)C#Cc1cccc(c1)F,0,0.194669,0.049311,0.009753
COc1ccc(cc1)S(=O)(=O)Nc1ccc2c(c1)C(=O)N(C[C@H](C)[C@H](CN(C)S(=O)(=O)c1ccc(cc1)Cl)OCCCC[C@@H](C)O2)[C@H](C)CO,0,0.002784,0.026250,0.006516
C[C@H]1CCCCO[C@@H](CN(C)CC2CCCCC2)[C@H](C)CN([C@@H](C)CO)C(=O)c2cc(ccc2O1)NC(=O)Nc1c(noc1C)C,0,0.109374,0.029718,0.011773
C[C@@H]1CN([C@@H](C)CO)S(=O)(=O)c2ccc(cc2O[C@H]1CN(C)S(=O)(=O)c1ccc(cc1)C)C#Cc1ccncc1,0,0.024587,0.035562,0.006491
C[C@@H](Cn1ccnc1C)C(=O)O,0,0.046597,0.029875,0.011632
COCCOC(=O)N1C(=O)[C@@]2([C@H]([C@H]3N([C@@H]([C@@H](OC3=O)c3ccccc3)c3ccccc3)[C@H]2c2ccccc2OCCO)C(=O)N2CCc3cc(c(cc3C2)OC)OC)c2cc(ccc21)C#CC1(O)CCCCCC1,0,0.031795,0.044668,0.011030
CN1CCN(CC1)C(=O)C[C@@H]1CC[C@H]2[C@@H](COC[C@@H](O)CN2C(=O)C2CCOCC2)O1,0,0.660509,0.033608,0.032178
CC(C)NC(=O)Nc1ccc2c(c1)C(=O)N(C[C@@H](C)[C@@H](CN(C)S(=O)(=O)C)OCCCC[C@@H](C)O2)[C@@H](C)CO,0,0.008327,0.025510,0.004570
COc1ccc(cc1)NC(=O)N(C)C[C@H]1Oc2ccc(cc2C(=O)N(C[C@@H]1C)[C@H](C)CO)NS(=O)(=O)C,0,0.044597,0.023531,0.004192
CN1[C@H]2CC[C@@H](CC(=O)N[C@H]3CCN(C3)Cc3ccccc3)O[C@H]2COc2ccc(cc2C1=O)NC(=O)c1cnccn1,0,0.006684,0.028064,0.010763
C[C@@H]1CN([C@H](C)CO)C(=O)c2cccc(c2O[C@@H]1CN(C)C(=O)Nc1ccc2c(c1)OCO2)NC(=O)C1CCOCC1,0,0.024983,0.029294,0.004596
COc1ccccc1C#Cc1cnc2c(c1)C(=O)N(C[C@@H](C)[C@@H](CN(C)C(=O)CC1CC1)O2)[C@H](C)CO,0,0.030123,0.026024,0.005517
C[C@H]1CCCCO[C@H](CN(C)Cc2ccc3c(c2)OCO3)[C@@H](C)CN([C@@H](C)CO)C(=O)c2cc(ccc2O1)NS(=O)(=O)c1ccccc1,0,0.000577,0.024237,0.003174
C[C@@H]1CCCCO[C@@H](CN(C)Cc2ccc(cc2)C(=O)O)[C@@H](C)CN([C@@H](C)CO)C(=O)c2cc(ccc2O1)NS(=O)(=O)c1ccccc1,0,0.009449,0.028304,0.004986
CC(C)NC(=O)Nc1ccc2c(c1)C(=O)N(C[C@@H](C)[C@@H](CN(C)Cc1ccc(c(c1)Cl)Cl)OCCCC[C@H](C)O2)[C@H](C)CO,0,0.118440,0.037847,0.014015
CCS(=O)(=O)Nc1ccc2c(c1)C(=O)N(C)[C@@H]1CC[C@H](CC(=O)NCc3ccccc3F)O[C@H]1CO2,0,0.009854,0.025820,0.007469
COc1ccc(cc1)-c1cccc(c1)-c1nc(cc2c1[C@H](CCO)N(C2)[S@@](=O)C(C)(C)C)C(=O)NCC(F)(F)F,0,0.154385,0.082096,0.123462
CCC(=O)N[C@H]1CC[C@H](CC(=O)OC)O[C@H]1CO,0,0.004143,0.029299,0.010356
C[C@@H]1CCCCO[C@H](CN(C)S(=O)(=O)C)[C@@H](C)CN([C@H](C)CO)C(=O)c2cc(ccc2O1)NC(=O)Nc1ccc(cc1)C(F)(F)F,0,0.226986,0.103273,0.029492
C[C@@H]1CN([C@@H](C)CO)C(=O)Cc2cc(ccc2O[C@H]1CN(C)S(=O)(=O)c1c(noc1C)C)NC(=O)C1CCCCC1,0,0.004648,0.027662,0.006676
C[C@@H]1CN([C@@H](C)CO)C(=O)c2cc(ccc2O[C@@H]1CN(C)CC1CCCCC1)NC(=O)Nc1ccc(cc1)C(F)(F)F,0,0.742289,0.846808,0.912254
C[C@H]1CN([C@@H](C)CO)C(=O)c2c(c3ccccc3n2C)-c2ccccc2CO[C@@H]1CN(C)CC1CCCCC1,0,0.294329,0.059199,0.020117
OC[C@H]1O[C@@H](O[C@H]2OC=C([C@@H](CC(=O)O)[C@@H]2C=C)C(=O)O)[C@@H](O)[C@@H](O)[C@@H]1O,0,0.408125,0.180880,0.130336
C[C@H]1CN([C@H](C)CO)C(=O)c2cc(cnc2O[C@H]1CN(C)CC1CCOCC1)C#Cc1cccc(c1)F,0,0.351772,0.039862,0.014501
C[C@H]1CN([C@@H](C)CO)S(=O)(=O)c2ccc(cc2O[C@H]1CN(C)C(=O)C1CCOCC1)C#Cc1ccncc1,0,0.043496,0.026229,0.007095
COC(OC)[C@H](Cc1ccccc1)N(C[C@@H](NC(=O)C(Cl)(Cl)Cl)/C=C/c1ccccc1)[C@@H]([C@@H](O)Cc1ccccc1)c1ccc(cc1)OC,0,0.679866,0.178197,0.071136
C[C@H]1CN([C@H](C)CO)C(=O)c2cc(ccc2O[C@@H]1CN(C)C(=O)Nc1cccc2ccccc12)NC(=O)Cc1ccccc1,0,0.008624,0.023987,0.006042
COc1ccc(C=O)cc1,0,0.812183,0.071545,0.057144
CC(C)(C)[S@](=O)N1Cc2cc(nc(c2[C@@H]1CCO)-c1cccc(c1)-c1cccc(c1)C#N)C(=O)NCc1ccncc1,0,0.002219,0.070939,0.051929
C[C@@H]1CCCCO[C@@H](CN(C)CC2CCCCC2)[C@@H](C)CN([C@@H](C)CO)C(=O)c2cc(ccc2O1)NC(=O)c1ccccc1,0,0.012328,0.022769,0.007771
CC(C)NC(=O)N(C)C[C@@H]1Oc2ccc(cc2CC(=O)N(C[C@H]1C)[C@H](C)CO)NS(=O)(=O)c1ccc(cc1)Cl,0,0.010527,0.024281,0.005653
CCCNC(=O)N1C[C@]2(CN(C2)S(=O)(=O)c2cccc(c2)OC)c2c(n(c3cc(ccc23)OC)C)[C@@H]1CO,0,0.105211,0.035049,0.023112
N[C@@H](C(=O)O)c1ccc(c(c1)C(=O)O)C(=O)O,0,0.987397,0.075555,0.149899
COc1ccc(cc1)C(=O)NCC#N,0,0.006392,0.048613,0.025524
CCCCCC(=O)OC1(C(C)=O)CCC2C3CCC4=CC(=O)CCC4(C)C3CCC21C,0,0.914407,0.160089,0.224003
Cc1ncc(c(c1O)C=O)COP(=O)(O)O,0,0.000048,0.396547,0.334392
COc1ccc(cc1OC)C#Cc1cnc2c(c1)C(=O)N(C[C@H](C)[C@H](CN(C)S(=O)(=O)c1ccc(cc1)C#N)O2)[C@H](C)CO,0,0.003353,0.027752,0.004521
CCCCCCCCCCCCC[N+](C)(C)Cc1ccccc1.O.[Cl-],0,0.482688,0.633179,0.695451
C[C@H]1CN([C@H](C)CO)C(=O)c2cc(cnc2O[C@H]1CN(C)S(=O)(=O)c1ccc(cc1)C)C#CCN(C)C,0,0.032782,0.024780,0.004808
CCS(=O)(=O)Nc1ccc2c(c1)C(=O)N(C)[C@@H]1CC[C@@H](CC(=O)N[C@H]3CCN(C3)Cc3ccccc3)O[C@@H]1CO2,0,0.002024,0.027686,0.007006
C[C@@H]1CCCCO[C@H](CN(C)C(=O)Nc2ccc3c(c2)OCO3)[C@@H](C)CN([C@H](C)CO)C(=O)c2cc(ccc2O1)NS(=O)(=O)c1ccc(cc1)Cl,0,0.003267,0.024277,0.004040
COc1ccc(cc1)S(=O)(=O)N(C)C[C@@H]1OCCCC[C@H](C)Oc2ccc(cc2C(=O)N(C[C@H]1C)[C@@H](C)CO)NC(=O)NC1CCCCC1,0,0.004863,0.024535,0.004071
C[C@@H]1CN([C@H](C)CO)C(=O)Cc2cc(ccc2O[C@@H]1CN(C)S(=O)(=O)c1ccc(cc1)C)NS(=O)(=O)c1ccc(cc1)F,0,0.002753,0.024256,0.005559
OCCN(CCO)c1ccc(c2no[n+](c12)[O-])[N+](=O)[O-],1,0.712677,0.420174,0.328848
C[C@H]1CCCCO[C@@H](CN(C)S(=O)(=O)c2ccccc2)[C@H](C)CN([C@H](C)CO)C(=O)c2cc(ccc2O1)NC(=O)NC1CCCCC1,0,0.004076,0.024251,0.003549
CCNC(=O)C[C@H]1O[C@H](CO)[C@@H](NC(=O)C2CCOCC2)C=C1,0,0.028694,0.025216,0.012859
C[C@H]1CN([C@H](C)CO)C(=O)c2cccc(c2O[C@H]1CN(C)CC1CC1)NS(=O)(=O)c1ccccc1,0,0.009168,0.026896,0.005625
OC[C@@H]1O[C@@H](C[C@@H]2[C@H]1Oc1ccc(cc12)NC(=O)Nc1ccc(cc1)C(F)(F)F)CC(=O)NCc1ccc(cc1)Cl,0,0.820286,0.290152,0.242881
CCC1OC(=O)CC(O)C(C)C(OC2OC(C)C(OC3CC(C)(O)C(O)C(C)O3)C(N(C)C)C2O)C(CC=O)CC(C)C(=O)C=CC(C)=CC1COC1OC(C)C(O)C(OC)C1OC.O=C(O)C(O)C(O)C(=O)O,1,0.993939,0.809977,0.793493
COc1ccc(cc1)NC(=O)Nc1ccc2c(c1)CC(=O)N(C[C@H](C)[C@@H](CN(C)S(=O)(=O)C)O2)[C@H](C)CO,0,0.014633,0.028660,0.006793
C[C@H]1CN([C@@H](C)CO)C(=O)c2cccc(c2O[C@H]1CN(C)CC1CC1)NS(=O)(=O)c1ccc(cc1)F,0,0.019194,0.034207,0.007452
C[C@H]1CCCCO[C@H](CN(C)Cc2ccc(cc2)C(F)(F)F)[C@H](C)CN([C@@H](C)CO)C(=O)c2cc(ccc2O1)NS(=O)(=O)C,0,0.123717,0.024934,0.007708
C[C@@H]1CCCCO[C@@H](CN(C)C(=O)Nc2ccc(cc2)F)[C@@H](C)CN([C@@H](C)CO)C(=O)c2cc(ccc2O1)NC(=O)Cc1ccccc1,0,0.033376,0.022837,0.006637
OC[C@H]1O[C@H](CC[C@H]1NC(=O)c1cccnc1)CC(=O)NCCN1CCCCC1,0,0.039359,0.022190,0.014245
C[C@H]1CN([C@@H](C)CO)C(=O)c2c(c3ccccc3n2C)-c2ccccc2CO[C@H]1CN(C)Cc1ccc(cc1)C(=O)O,0,0.264698,0.350149,0.718739
NC(=S)N[C@H]1CCS(=O)(=O)C1,0,0.006722,0.045897,0.027277
O=C(COc1ccccc1)Nc1nn[nH]n1,0,0.059895,0.118959,0.065606
CN(C)[C@H]1[C@@H]2C[C@@H]3Cc4c(cc(c(c4C(=O)[C@H]3C(=O)[C@]2(O)C(=O)[C@H](C(=O)N)C1=O)O)NC(=O)CN1CCCC1)F,1,0.992888,0.910040,0.847802
C[C@H]1CN([C@H](C)CO)S(=O)(=O)c2ccc(cc2O[C@@H]1CN(C)Cc1ccncc1)C#CC(C)(C)O,0,0.017679,0.025593,0.005660
COc1ccc(cc1)NC(=O)N(C)C[C@H]1OCCCC[C@H](C)Oc2ccc(cc2C(=O)N(C[C@H]1C)[C@H](C)CO)NC(=O)C1CCCCC1,0,0.009367,0.023482,0.003912
COc1ccc(cc1)NC(=O)N(C)C[C@@H]1Oc2ccc(cc2C(=O)N(C[C@@H]1C)[C@@H](C)CO)NC(=O)Cn1cnnn1,0,0.049324,0.027238,0.006141
CO[C@H]1CN(C)C(=O)c2cc(ccc2OC[C@H](C)N(C[C@H]1C)C(=O)CN(C)C)NC(=O)c1ccccc1,0,0.015494,0.030615,0.010708
C[C@H]1CN([C@H](C)CO)C(=O)Cc2cc(ccc2O[C@H]1CN(C)S(=O)(=O)c1c(noc1C)C)NC(=O)Cn1cnnn1,0,0.005721,0.026592,0.005941
CCc1nc2n(n1)C(=O)C=C(C)N2,0,0.024814,0.040407,0.035719
C[C@H]1CCCCO[C@H](CN(C)CC2CCCCC2)[C@H](C)CN([C@H](C)CO)C(=O)c2cc(ccc2O1)NS(=O)(=O)c1cccs1,0,0.014527,0.024515,0.004878
CCCN(C)C[C@@H]1OCCCC[C@H](C)Oc2ccc(cc2C(=O)N(C[C@@H]1C)[C@@H](C)CO)NC(=O)C1CCCCC1,0,0.032964,0.033462,0.015590
C[C@@H]1CN([C@H](C)CO)S(=O)(=O)c2ccc(cc2O[C@@H]1CN(C)C(=O)NC1CCCCC1)-c1cccnc1,0,0.020929,0.023385,0.005583
O[C@@H]1CO[C@@H](Nc2ccccc2)[C@H](O)[C@H]1O,0,0.145545,0.060508,0.065064
COCC#Cc1cnc2c(c1)C(=O)N(C[C@@H](C)[C@@H](CN(C)C(=O)Nc1cc(ccc1F)F)O2)[C@@H](C)CO,0,0.598160,0.062050,0.027064
COc1ccc(cc1)S(=O)(=O)N(C)C[C@H]1Oc2ccc(cc2CC(=O)N(C[C@@H]1C)[C@@H](C)CO)NC(=O)NC(C)C,0,0.010820,0.028831,0.006294
CC1(C)CCC(C)(C)c2cc(ccc21)-c1csc(n1)CC#N,0,0.359196,0.260989,0.235023
ONC(=O)CCCCCNC(=O)OCCCCO[C@H]1C[C@H]2C(=C[C@@H]1C(=O)[C@@]12CCCO1)I,0,0.004462,0.165328,0.172678
COc1ccc(cc1)S(=O)(=O)Nc1ccc2c(c1)C(=O)N(C[C@H](C)[C@H](CN(C)C(=O)NC1CCCCC1)OCCCC[C@@H](C)O2)[C@@H](C)CO,0,0.001500,0.024282,0.003938
C[C@@H]1CN([C@H](C)CO)C(=O)c2cccc(c2O[C@@H]1CN(C)C(=O)Nc1ccccc1)NC(=O)CCCCCC(=O)Nc1ccccc1N,0,0.041806,0.024839,0.005971
C[C@@H]1CCCCO[C@@H](CN(C)S(=O)(=O)c2ccc(cc2)F)[C@@H](C)CN([C@@H](C)CO)C(=O)c2cc(ccc2O1)NC(=O)Nc1c(noc1C)C,0,0.017826,0.025877,0.005805
C[C@@H]1CN([C@@H](C)CO)C(=O)c2cc(ccc2O[C@H]1CN(C)C(=O)Nc1ccc(cc1)C(F)(F)F)NC(=O)Nc1ccccc1,0,0.749649,0.161879,0.207646
OC[C@@H]1O[C@H](C[C@H]2[C@@H]1Oc1ccc(cc12)NC(=O)Nc1ccc(cc1)C(F)(F)F)CC(=O)NCc1ccc(cc1)Cl,0,0.820286,0.290152,0.242881
O=C(Cc1cccs1)N1c2ccccc2Sc2ccccc21,0,0.804850,0.169415,0.126074
C[C@H]1CCCCO[C@@H](CN(C)CC2CCCCC2)[C@H](C)CN([C@@H](C)CO)C(=O)c2cc(ccc2O1)NC(=O)c1ccccc1,0,0.012328,0.022769,0.007771
C[C@@H]1CCCCO[C@H](CN(C)CC2CCCCC2)[C@H](C)CN([C@H](C)CO)C(=O)c2cc(ccc2O1)NS(=O)(=O)c1cccs1,0,0.014527,0.024515,0.004878
NC[C@H]1O[C@H](O[C@@H]2[C@@H](N)C[C@@H](N)[C@H](O[C@H]3O[C@H](CO)[C@@H](O)[C@H](N)[C@H]3O)[C@H]2O)[C@H](N)[C@@H](O)[C@@H]1O,0,0.957891,0.770547,0.885696
CS(=O)(=O)N1CCN(C[C@]2(CNC(=O)C2)C1)C(=O)NCc1ccccc1,0,0.040145,0.031682,0.026217
O[C@@H]1COC[C@@H]2O[C@@H](CC[C@H]2N(C1)S(=O)(=O)c1ccc(cc1)F)CC(=O)NCc1ccc(c(c1)Cl)Cl,0,0.827196,0.111871,0.056823
COc1ccc(-c2cc(=O)c3c(O)c(OC)c(OC)c(OC)c3o2)cc1,0,0.545860,0.103613,0.052867
CCCC#Cc1ccc2c(c1)O[C@H](CN(C)S(=O)(=O)c1cccc(c1)OC)[C@H](C)CN([C@@H](C)CO)S2(=O)=O,0,0.023891,0.029291,0.004958
CC(C)NC(=O)Nc1ccc2c(c1)C(=O)N(C[C@@H](C)[C@@H](CN(C)C(=O)NC1CCCCC1)O2)[C@H](C)CO,0,0.018971,0.022967,0.008221
COc1ccc(cc1)S(=O)(=O)N(C)C[C@@H]1Oc2ccc(cc2CC(=O)N(C[C@H]1C)[C@@H](C)CO)N(C)C,0,0.007280,0.031360,0.010421
C[C@H]1CN([C@@H](C)CO)C(=O)c2cccc(c2O[C@H]1CN(C)S(=O)(=O)c1ccc(cc1)F)NC(=O)C1CCOCC1,0,0.033262,0.024731,0.006887
O=c1cc[nH]c(=O)[nH]1,0,0.039749,0.192038,0.056683
C[C@H]1CN([C@H](C)CO)C(=O)c2cc(ccc2O[C@@H]1CN(C)S(=O)(=O)c1ccc(cc1)C)NS(=O)(=O)c1ccccc1,0,0.002115,0.024487,0.004859
FC(F)(F)c1ccc(cc1)N1[C@@H]([C@@H](CC1=O)c1ccc(cc1)Br)C(=O)Nc1cccc2cccnc12,0,0.813527,0.489656,0.533009
C[C@H]1CCCCO[C@@H](CN(C)Cc2ccc(cc2)C(=O)O)[C@H](C)CN([C@H](C)CO)C(=O)c2cc(ccc2O1)NC(=O)c1ccccc1,0,0.014119,0.025651,0.005982
CN(C)C(=O)c1cccc(c1)-c1cccc(c1)-c1nc(cc2c1[C@@H](CCO)N(C2)[S@@](=O)C(C)(C)C)C(=O)NC1CCCCC1,0,0.004375,0.056447,0.031179
C[C@@H]1CN([C@H](C)CO)C(=O)c2cccc(c2O[C@H]1CN(C)S(=O)(=O)c1cccs1)NC(=O)c1cnccn1,0,0.013681,0.024654,0.004718
COc1ccc(cc1)S(=O)(=O)N(C)C[C@@H]1Oc2ccc(cc2C(=O)N(C[C@@H]1C)[C@@H](C)CO)NC(=O)Cn1cnnn1,0,0.013912,0.025061,0.004964
Ic1ccc(cc1)[C@@H]1CC(=O)N([C@@H]1C(=O)Nc1cccc2cccnc12)C(=O)OCc1ccccc1,0,0.012913,0.197149,0.185440
CCN(CC)CCN(Cc1ccc(cc1)-c1ccc(cc1)C(F)(F)F)C(=O)CN1C(=NC(=O)C2=C1CCC2)SCc1ccc(cc1)F,0,0.920247,0.619294,0.374015
C[C@H]1CN([C@H](C)CO)S(=O)(=O)c2ccc(cc2O[C@@H]1CN(C)C(=O)Cc1ccncc1)C#Cc1ccccc1F,0,0.083616,0.033158,0.006224
OC(=O)c1cc2n(n1)CCC2,0,0.037713,0.045005,0.041032
COCCNC(=O)C[C@@H]1CC[C@H]2[C@@H](COC[C@@H](O)CN2S(=O)(=O)c2ccccc2C)O1,0,0.093851,0.028347,0.011973
CC(C)(O)CCC(O)C(C)(O)C1CCC2(O)C3=CC(=O)C4CC(O)C(O)CC4(C)C3CCC12C,0,0.024556,0.577914,0.347247
C[C@@H]1CCCCO[C@H](CN(C)C(=O)CCC(F)(F)F)[C@H](C)CN([C@@H](C)CO)C(=O)c2cc(ccc2O1)NC(=O)Nc1ccc2c(c1)OCO2,0,0.045765,0.039376,0.013238
OCCOCc1nnn2c1CN(CCC2)c1ncccn1,0,0.081897,0.069135,0.059082
C[C@@H]1CN([C@@H](C)CO)C(=O)c2cc(ccc2O[C@@H]1CN(C)S(=O)(=O)c1ccc(cc1)C)NC(=O)CCCN(C)C,0,0.007230,0.024290,0.004510
CCO[C@H]1OC(=C[C@H]([C@@H]1CCCO)c1ccc2c(c1)OCO2)C(=O)N1CCN(CC1)Cc1ccc2c(c1)OCO2,0,0.003174,0.037049,0.013478
COc1ccc(cc1)S(=O)(=O)Nc1ccc2c(c1)C(=O)N(C[C@H](C)[C@H](CN(C)CC1CCCCC1)OCCCC[C@H](C)O2)[C@@H](C)CO,0,0.005261,0.024763,0.006352
CCC(=O)NO,0,0.000570,0.059552,0.015978
Cn1c(=O)c2[nH]cnc2n(C)c1=O,0,0.430964,0.067275,0.061526
CN(C)C(=O)[C@@]1(Cc2ccccc2N=[N+]=[N-])N=C(O[C@H]1c1ccccc1N=[N+]=[N-])c1ccc(cc1)OCCCO,0,0.967703,0.086526,0.050955
O=C(N[C@@H](c1ccccc1)c1ccc2ccccc2n1)C1CCN(CC1)C(=O)NC(c1ccccc1)c1ccccc1,0,0.182950,0.325582,0.271461
C[C@@H]1CN([C@H](C)CO)C(=O)c2cccc(c2O[C@@H]1CN(C)S(=O)(=O)C)NS(=O)(=O)c1ccccc1,0,0.005148,0.024624,0.007932
CC(C)C[C@H](NP(=O)(O)O[C@H]1O[C@@H](C)[C@@H](O)[C@@H](O)[C@@H]1O)C(=O)N[C@H](Cc1c[nH]c2ccccc12)C(=O)O,0,0.907950,0.445084,0.558613
COc1ccc(cc1)CN(C)C[C@@H]1OCCCC[C@H](C)Oc2ccc(cc2C(=O)N(C[C@H]1C)[C@H](C)CO)NC(=O)Cc1ccccc1,0,0.006722,0.026415,0.006305
CN[C@H](CC(C)C)C(=O)N[C@@H]1[C@H](O)c2ccc(c(c2)Cl)Oc2cc3cc(c2O[C@@H]2O[C@H](CO)[C@@H](O)[C@H](O)[C@H]2O[C@H]2C[C@](C)(N)[C@H](O)[C@H](C)O2)Oc2ccc(cc2Cl)[C@@H](O)[C@@H]2NC(=O)[C@H](NC(=O)[C@@H]3NC(=O)[C@H](CC(=O)N)NC1=O)c1ccc(c(c1)-c1c(cc(cc1[C@H](NC2=O)C(=O)O)O)O)O,1,0.975256,0.940725,0.990075
COc1ccc(cc1)CN(C)C[C@@H]1OCCCC[C@H](C)Oc2ccc(cc2C(=O)N(C[C@H]1C)[C@@H](C)CO)NS(=O)(=O)c1ccc(cc1)Cl,0,0.002811,0.024506,0.005776
C[C@H]1CN([C@@H](C)CO)S(=O)(=O)c2ccc(cc2O[C@@H]1CN(C)C(=O)Nc1ccc(cc1)C(F)(F)F)-c1ccccc1C,0,0.613083,0.078078,0.021366
COc1ccc2c(c1)OCC(Cc1ccc(OC)c(O)c1)C2=O,0,0.301806,0.142181,0.202865
C[C@@H]1CCCCO[C@H](CN(C)S(=O)(=O)c2ccccc2)[C@@H](C)CN([C@H](C)CO)C(=O)c2cc(ccc2O1)NC(=O)C1CCCCC1,0,0.001545,0.024262,0.004044
C[C@H]1CN([C@H](C)CO)C(=O)Cc2cc(ccc2O[C@H]1CN(C)CC1CCCCC1)NC(=O)Nc1cccc2ccccc12,0,0.099084,0.048043,0.018503
C[C@H]1CCCCO[C@H](CN(C)C)[C@H](C)CN([C@H](C)CO)C(=O)c2cc(ccc2O1)NS(=O)(=O)c1cn(cn1)C,0,0.028487,0.024413,0.004300
C[C@@H]1CN([C@H](C)CO)S(=O)(=O)c2ccc(cc2O[C@H]1CN(C)Cc1cncnc1)C#CC1CCCC1,0,0.049387,0.024752,0.005900
C[C@H]1O[C@@H](O[C@H]2[C@@H](O)[C@@H](O)[C@@H](O[C@@H]2Oc2cc(c3c(c2)OC(=CC3=O)c2ccc(c(c2)O)O)O)C(=O)O)[C@@H](O)[C@@H](O)[C@@H]1OC(=O)C,0,0.096514,0.510598,0.183844
C[C@@H]1CN([C@H](C)CO)C(=O)c2cccc(c2O[C@H]1CN(C)Cc1ccccc1)NC(=O)Nc1ccc(cc1)C(F)(F)F,0,0.499150,0.261884,0.210664
C[C@H]1CN([C@H](C)CO)C(=O)c2cccc(c2O[C@H]1CN(C)CC1CC1)NS(=O)(=O)c1ccc(cc1)F,0,0.019194,0.034207,0.007452
CC(C)NC(=O)Nc1ccc2c(c1)C(=O)N(C[C@H](C)[C@@H](CN(C)C(=O)NC1CCCCC1)O2)[C@H](C)CO,0,0.018971,0.022967,0.008221
C[C@H]1CN([C@@H](C)CO)C(=O)c2cccc(c2O[C@H]1CN(C)S(=O)(=O)c1cccs1)NS(=O)(=O)c1cn(cn1)C,0,0.020395,0.027182,0.006908
COc1cccc(c1)NC(=O)C[C@H]1CC[C@H]2[C@@H](COc3ccc(cc3C(=O)N2C)NC(=O)C2CCOCC2)O1,0,0.006806,0.025370,0.004821
C[C@H]1CCCCO[C@H](CN(C)C(=O)C2CCCCC2)[C@H](C)CN([C@@H](C)CO)C(=O)c2cc(ccc2O1)NS(=O)(=O)c1ccc(cc1)C,0,0.001246,0.024320,0.004860
COc1ccccc1CCCCN,0,0.513031,0.090348,0.052248
C[C@@H]1CN([C@H](C)CO)C(=O)c2cc(cnc2O[C@@H]1CN(C)C(=O)c1ccccc1F)C#Cc1ccncc1,0,0.107998,0.027587,0.007445
OC[C@H]1O[C@@H](C[C@H]2[C@@H]1Oc1ccc(cc12)NC(=O)Cc1ccncc1)CC(=O)N1CCc2ccccc2C1,0,0.004295,0.034428,0.016287
CO[C@@H]1CN(C)C(=O)c2cc(ccc2OC[C@H](C)N(C[C@@H]1C)C(=O)CN(C)C)NC(=O)c1ccccc1,0,0.015494,0.030615,0.010708
CC(C)CCC[C@@H](C)N,0,0.006971,0.175984,0.100779
C[C@@H]1CN([C@H](C)CO)C(=O)Cc2cc(ccc2O[C@H]1CN(C)C(=O)Nc1ccccc1)NS(=O)(=O)c1cn(cn1)C,0,0.022079,0.024145,0.003344
CC(C)(C)OC(=O)C[C@H]1CC=CC[C@@H](CC(=O)NCCO)C(=O)N[C@H](COC1=O)Cc1ccccc1,0,0.011287,0.035261,0.019429
O=C1CCCN1C[C@H]1CCCNC1,0,0.049742,0.023636,0.008212
C[C@@H]1CN([C@H](C)CO)C(=O)Cc2cc(ccc2O[C@H]1CN(C)S(=O)(=O)c1c(noc1C)C)NS(=O)(=O)C,0,0.009002,0.025349,0.007619
C[C@H]1CCCCO[C@H](CN(C)C(=O)NC2CCCCC2)[C@@H](C)CN([C@@H](C)CO)C(=O)c2cc(ccc2O1)NS(=O)(=O)c1ccc(cc1)Cl,0,0.005038,0.025125,0.004660
NCCNc1cccc2ccccc12,0,0.578552,0.448594,0.217774
O[C@H]1COC[C@@H]2O[C@@H](CC[C@H]2N(C1)S(=O)(=O)c1ccc(cc1)Cl)CC(=O)NCC1CCCCC1,0,0.394081,0.726146,0.806864
NCCCC[C@@H]1NC(=O)[C@H]2C[C@H]([C@H](N2C1=O)c1cccc(c1)OCCO)C(=O)NCc1ccc(cc1)F,0,0.405861,0.116707,0.092019
OC[C@@H]1O[C@H](CCNC(=O)C2CC2)CC[C@H]1NS(=O)(=O)c1cccc(c1)F,0,0.061386,0.030376,0.014912
C[C@H]1CN([C@@H](C)CO)C(=O)c2cccc(c2O[C@@H]1CN(C)Cc1ccc(cc1)C(=O)Nc1ccccc1N)NC(=O)Nc1ccc(cc1)C(F)(F)F,0,0.347211,0.055480,0.013881
COc1ccc(cc1)NC(=O)N(C)C[C@@H]1Oc2ccc(cc2CC(=O)N(C[C@H]1C)[C@@H](C)CO)NS(=O)(=O)C,0,0.012705,0.025741,0.005882
C[C@H]1CCCCO[C@H](CN(C)Cc2ccc(c(c2)Cl)Cl)[C@H](C)CN([C@H](C)CO)C(=O)c2cc(ccc2O1)NS(=O)(=O)c1cccs1,0,0.016584,0.025338,0.005144
C[C@H]1CN([C@H](C)CO)C(=O)c2cc(ccc2O[C@H]1CN(C)S(=O)(=O)c1cn(cn1)C)NC(=O)c1ccncc1,0,0.003865,0.024204,0.004199
C[C@H]1CN([C@@H](C)CO)C(=O)c2cc(ccc2O[C@H]1CN(C)S(=O)(=O)c1ccc(cc1)Cl)NS(=O)(=O)C,0,0.058556,0.025120,0.006941
C[C@H]1CN([C@@H](C)CO)C(=O)Cc2cc(ccc2O[C@H]1CN(C)Cc1ccc(c(c1)Cl)Cl)NC(=O)Nc1cccc2ccccc12,0,0.124937,0.046185,0.009728
COc1ccc(cc1)C#Cc1ccc2c(c1)O[C@H](CN(C)S(=O)(=O)c1ccccc1F)[C@H](C)CN([C@@H](C)CO)S2(=O)=O,0,0.062514,0.039988,0.006247
COc1ccc(cc1)S(=O)(=O)Nc1ccc2c(c1)C(=O)N(C[C@@H](C)[C@H](CN(C)S(=O)(=O)c1ccc(cc1)Cl)OCCCC[C@@H](C)O2)[C@@H](C)CO,0,0.002784,0.026250,0.006516
C[C@H]1CN([C@H](C)CO)C(=O)c2cc(ccc2O[C@H]1CN(C)Cc1ccccc1)NC(=O)CCCN(C)C,0,0.021247,0.034866,0.009597
O[C@@H]1COC[C@H]2O[C@H](CC[C@@H]2N(C1)Cc1cccc(c1)C(F)(F)F)CC(=O)NCCc1ccncc1,0,0.867218,0.366050,0.347378
C[C@H]1CN([C@H](C)CO)C(=O)Cc2cc(ccc2O[C@H]1CN(C)C(=O)Nc1ccc(cc1)F)NS(=O)(=O)c1cn(cn1)C,0,0.118666,0.024276,0.004522
COc1ncnc2nc[nH]c12,0,0.427663,0.049621,0.037694
C[C@@H]1CN([C@@H](C)CO)C(=O)c2cc(ccc2O[C@@H]1CN(C)C(=O)Nc1ccc2c(c1)OCO2)NC(=O)C1CC1,0,0.007691,0.028404,0.005558
COc1ccc(cc1O)CCC(=O)c1c(cc(cc1O)O[C@@H]1O[C@H](CO)[C@@H](O)[C@H](O)[C@H]1O[C@@H]1O[C@@H](C)[C@H](O)[C@@H](O)[C@H]1O)O,0,0.734047,0.399218,0.223809
CC(C)NC(=O)Nc1ccc2c(c1)C(=O)N(C[C@@H](C)[C@H](CN(C)Cc1ccc(c(c1)Cl)Cl)OCCCC[C@@H](C)O2)[C@@H](C)CO,0,0.118440,0.037847,0.014015
COc1ccc(cc1)S(=O)(=O)Nc1ccc2c(c1)CC(=O)N(C[C@H](C)[C@H](CN(C)S(=O)(=O)c1ccc(cc1)F)O2)[C@@H](C)CO,0,0.005518,0.024917,0.006266
CC(C)NC(=O)N(C)C[C@H]1Oc2ccc(cc2CC(=O)N(C[C@H]1C)[C@H](C)CO)NS(=O)(=O)c1cn(cn1)C,0,0.027022,0.024191,0.004104
CCCCCCCCCCCCCCCC(=O)OCC(NC(=O)C(Cl)Cl)C(O)c1ccc([N+](=O)[O-])cc1,0,0.997583,0.535482,0.513833
CN1CCN(CC1)C(=O)C[C@H]1CC[C@H]2[C@@H](COc3ccc(cc3C(=O)N2C)NC(=O)c2cccs2)O1,0,0.045669,0.023250,0.013010
C[C@H]1CN([C@H](C)CO)C(=O)c2cccc(c2O[C@@H]1CN(C)Cc1ccc(cc1)-c1ccccc1)NS(=O)(=O)c1ccc(cc1)C,0,0.007863,0.036611,0.005323
C[C@H]1CCCCO[C@H](CN(C)Cc2ccc(c(c2)Cl)Cl)[C@@H](C)CN([C@H](C)CO)C(=O)c2cc(ccc2O1)NS(=O)(=O)c1cn(cn1)C,0,0.087555,0.025023,0.004876
CC(C)[Si]1(O[C@@H](c2ccccc2)c2cc(nc(c21)CCc1ccccc1)-c1ccc(o1)-c1ccc(c(c1)Cl)Cl)C(C)C,0,0.801396,0.788781,0.579798
C[C@H]1CN([C@H](C)CO)C(=O)c2cccc(c2O[C@H]1CN(C)S(=O)(=O)c1ccc(cc1)F)NS(=O)(=O)c1c(noc1C)C,0,0.010825,0.027542,0.009068
COc1ccc(cc1)NC(=O)Nc1ccc2c(c1)C(=O)N(C[C@@H](C)[C@@H](CN(C)Cc1ccc(cc1)C(F)(F)F)OCCCC[C@H](C)O2)[C@@H](C)CO,0,0.124667,0.021746,0.006976
C[C@H]1CCCCO[C@@H](CN(C)C(=O)Nc2ccc(cc2)C(F)(F)F)[C@@H](C)CN([C@H](C)CO)C(=O)c2cc(ccc2O1)N(C)C,0,0.435684,0.068298,0.041864
COc1ccc(cc1)CN(C)C[C@H]1OCCCC[C@H](C)Oc2ccc(cc2C(=O)N(C[C@H]1C)[C@@H](C)CO)NC(=O)Nc1ccc(cc1)OC,0,0.022310,0.023745,0.005158
CN1C2CCC1CC(OC(c1ccccc1)c1ccccc1)C2.CS(=O)(=O)O,0,0.764945,0.253777,0.254328
C[C@@H]1CCCCO[C@@H](CN(C)C(=O)Nc2cccc3ccccc23)[C@@H](C)CN([C@H](C)CO)C(=O)c2cc(ccc2O1)NS(=O)(=O)c1cccs1,0,0.002989,0.025834,0.003238
C[C@@H]1CCCCO[C@H](CN(C)C(=O)Nc2ccccc2)[C@H](C)CN([C@H](C)CO)C(=O)c2cc(ccc2O1)NC(=O)Nc1c(noc1C)C,0,0.021792,0.023834,0.004437
C[C@H]1CCCCO[C@H](CN(C)S(=O)(=O)c2cccs2)[C@@H](C)CN([C@H](C)CO)C(=O)c2cc(ccc2O1)NC(=O)C1CCCCC1,0,0.001248,0.024232,0.003847
COc1ccc(cc1)-c1cnc2c(c1)C(=O)N(C[C@H](C)[C@H](CN(C)S(=O)(=O)c1cccc(c1)F)O2)[C@H](C)CO,0,0.010652,0.024160,0.004160
C[C@@H]1C[C@H](C)CN(C1)S(=O)(=O)N1CCC[C@@H](C1)C(=O)NCCN1CCOCC1,0,0.009346,0.218987,0.125837
C[C@@H]1CCCCO[C@H](CN(C)C(=O)CCCN(C)C)[C@H](C)CN([C@@H](C)CO)C(=O)c2cc(ccc2O1)NC(=O)Nc1ccc(cc1)F,0,0.070255,0.027024,0.007858
COc1ccc2c3c([nH]c2c1)[C@@H](CO)N(C[C@]13CN(C)C1)C(=O)CN1CCOCC1,0,0.380116,0.122121,0.046873
C[C@H]1CN([C@H](C)CO)C(=O)c2cc(ccc2O[C@@H]1CN(C)Cc1ccc(cc1)C(=O)O)NS(=O)(=O)c1c(noc1C)C,0,0.009594,0.028321,0.006276
COc1ccc(cc1)S(=O)(=O)Nc1cccc2c1O[C@H](CN(C)Cc1ccc(cc1)Oc1ccccc1)[C@H](C)CN([C@H](C)CO)C2=O,0,0.001228,0.025916,0.004548
CS(=O)(=O)c1cc(ccc1N)F,0,0.218145,0.155117,0.081263
C[C@H]1CCCCO[C@@H](CN(C)S(=O)(=O)c2ccc(cc2)F)[C@H](C)CN([C@@H](C)CO)C(=O)c2cc(ccc2O1)NS(=O)(=O)c1ccc(cc1)C,0,0.002430,0.024489,0.005346
C[C@H]1CCCCO[C@@H](CN(C)Cc2ccc(cc2)C(=O)O)[C@@H](C)CN([C@@H](C)CO)C(=O)c2cc(ccc2O1)NS(=O)(=O)c1ccc(cc1)C,0,0.014379,0.028304,0.005085
C[C@@H]1CN([C@@H](C)CO)C(=O)CCCn2cc(nn2)CO[C@H]1CN(C)S(=O)(=O)c1ccc(cc1)Oc1ccccc1,0,0.005844,0.025483,0.004499
C[C@@H]1CCCCO[C@@H](CN(C)C(=O)Nc2ccc(cc2)C(F)(F)F)[C@@H](C)CN([C@H](C)CO)C(=O)c2cc(ccc2O1)NC(=O)Nc1ccc(cc1)F,0,0.739439,0.051998,0.022283
COC(=O)C(c1ccccc1)C1CCCCN1.Cl,0,0.751080,0.105498,0.086418
O=C1CSCCN1,0,0.002077,0.038826,0.013088
O[C@@H]1COC[C@H]2O[C@H](CC[C@@H]2N(C1)C(=O)Nc1ccc(c(c1)Cl)Cl)CC(=O)NCc1ccc(c(c1)Cl)Cl,0,0.991915,0.902097,0.923149
C[C@H]1CN([C@H](C)CO)C(=O)c2cc(ccc2O[C@@H]1CN(C)Cc1ccc(cc1)C(F)(F)F)NC(=O)Cn1cnnn1,0,0.254004,0.067048,0.049274
CCN(CC)[C@H]1CCS(=O)(=O)C1,0,0.006302,0.027521,0.025587
CCCC#Cc1ccc2c(c1)O[C@@H](CN(C)S(=O)(=O)c1cccc(c1)OC)[C@H](C)CN([C@H](C)CO)S2(=O)=O,0,0.023891,0.029291,0.004958
O=C1CO[C@H]2CN(C[C@@H]2N1)C(=O)COc1ccccc1,0,0.002072,0.096568,0.023726
C[C@@H]1CCCCO[C@@H](CN(C)S(=O)(=O)c2cn(cn2)C)[C@H](C)CN([C@@H](C)CO)C(=O)c2cc(ccc2O1)NS(=O)(=O)c1ccc(cc1)F,0,0.002963,0.027959,0.006911
OC[C@@H]1O[C@H](CC(=O)NCc2ccncn2)C=C[C@@H]1NC(=O)c1ccc(cc1)F,0,0.142396,0.077893,0.055061
Cc1ncc(n1C[C@@H](O)CCl)[N+](=O)[O-],0,0.986275,0.277650,0.172095
CC(=O)OC1CC2C(C)(C)C(=O)CCC2(C)C2CCC3(C)C(c4ccoc4)OC(=O)C4OC43C12C,0,0.951705,0.173416,0.123949
CC(C)C(O)=C1C(=O)OC(c2ccoc2)C2(C)C(O)C(O)C34OC5(C)OC3(C12)C(O)C1(O)C(O)C2(C)CC1(O5)C4(C)C2CC(=O)O,0,0.769309,0.260650,0.072126
C[C@@H]1CCCCO[C@@H](CN(C)C(=O)Nc2ccc(cc2)F)[C@H](C)CN([C@@H](C)CO)C(=O)c2cc(ccc2O1)NC(=O)c1ccccc1,0,0.018002,0.024400,0.006457
C[C@H]1CN([C@H](C)CO)C(=O)c2cc(ccc2O[C@H]1CN(C)Cc1ccc(cc1)Oc1ccccc1)NS(=O)(=O)c1cccs1,0,0.001468,0.024865,0.005593
C[C@@H]1CN([C@@H](C)CO)C(=O)Cc2cc(ccc2O[C@H]1CN(C)S(=O)(=O)c1ccccc1)NC(=O)C1CC1,0,0.002475,0.023672,0.005521
CC1(C)N=C(N)N=C(N)N1c1ccccc1,0,0.000369,0.206509,0.085797
CN(CC(=O)NC1CCCCC1)S(=O)(=O)C,0,0.021951,0.048114,0.010812
C[C@H]1CCCCO[C@H](CN(C)C(=O)Nc2ccc3c(c2)OCO3)[C@@H](C)CN([C@H](C)CO)C(=O)c2cc(ccc2O1)NS(=O)(=O)c1cccs1,0,0.002005,0.024474,0.003167
O[C@H]1Cc2c(cc(c(c2O[C@@H]1c1ccc(c(c1)O)O)[C@@H]1[C@@H](O)[C@H](Oc2cc(cc(c21)O)O)c1ccc(c(c1)O)O)O)O,0,0.799038,0.229418,0.170284
C[C@@H]1CN([C@H](C)CO)S(=O)(=O)c2ccc(cc2O[C@H]1CN(C)Cc1ccc(cc1)F)C#CCN(C)C,0,0.149364,0.049473,0.009516
[O-][N+](=O)c1ccc(cc1)/C=C/CN(CCCCNS(=O)(=O)c1cccc2cnccc12)C/C=C/c1ccc(cc1)[N+](=O)[O-],0,0.174696,0.242444,0.020504
CCc1nnc([nH]1)SCC(=O)OC,0,0.289511,0.047329,0.023886
ONC(=O)CCCCCCC(=O)Nc1ccc(cc1)C(=O)NCCOCCOCCNC(=O)c1ccc(cc1)NC(=O)CCCCCCC(=O)NO,0,0.001573,0.155237,0.020118
C[C@@H]1CCCCO[C@@H](CN(C)C(=O)Nc2ccc3c(c2)OCO3)[C@@H](C)CN([C@H](C)CO)C(=O)c2cc(ccc2O1)NC(=O)Nc1c(noc1C)C,0,0.012217,0.028863,0.004079
COc1ccc(cc1)CN1C[C@]2(CN(C2)S(=O)(=O)c2cn(cn2)C)c2c([nH]c3cc(ccc23)OC)[C@H]1CO,0,0.036522,0.028808,0.016996
CC(C)C#Cc1ccc2c(c1)O[C@@H](CN(C)S(=O)(=O)c1cn(cn1)C)[C@H](C)CN([C@H](C)CO)S2(=O)=O,0,0.049468,0.024943,0.004204
C[C@H]1CN([C@@H](C)CO)S(=O)(=O)c2ccc(cc2O[C@@H]1CN(C)C(=O)CN(C)C)-c1ccc(cc1)C#N,0,0.023801,0.268859,0.023483
COc1ccc(cc1)NC(=O)Nc1ccc2c(c1)C(=O)N(C[C@@H](C)[C@H](CN(C)S(=O)(=O)c1cn(cn1)C)O2)[C@@H](C)CO,0,0.023465,0.024496,0.003898
OC[C@@H]1O[C@@H](CC(=O)NCCCN2CCOCC2)C=C[C@H]1NC(=O)Cc1ccccn1,0,0.015109,0.035768,0.018773
NNC(=O)Oc1ccccc1,0,0.847393,0.136100,0.086137
COc1ccc(cc1)NC(=O)Nc1ccc2c(c1)CC(=O)N(C[C@@H](C)[C@@H](CN(C)C(=O)Nc1ccc(cc1)C(F)(F)F)O2)[C@H](C)CO,0,0.483109,0.037473,0.038809
NC(=O)OC[C@H]1[C@@H]2N=C(N)N[C@]22N(CCC2(O)O)C(=N)N1O,0,0.023673,0.231030,0.160892
COc1ccc(cc1)S(=O)(=O)N(C)C[C@H]1OCCCC[C@H](C)Oc2ccc(cc2C(=O)N(C[C@H]1C)[C@@H](C)CO)NC(=O)c1ccccc1,0,0.000743,0.024270,0.003398
OC[C@@H]1O[C@@H](CCNC(=O)Nc2cc(ccc2F)F)CC[C@H]1NC(=O)CN1CCOCC1,0,0.290119,0.043992,0.060195
COc1ccccc1S(=O)(=O)N(C)C[C@H]1Oc2cc(ccc2S(=O)(=O)N(C[C@H]1C)[C@@H](C)CO)/C=C/C,0,0.010814,0.026277,0.005509
COc1ccc(cc1)S(=O)(=O)Nc1ccc2c(c1)C(=O)N(C[C@@H](C)[C@@H](CN(C)C(=O)Nc1cccc3ccccc13)O2)[C@@H](C)CO,0,0.003591,0.025247,0.003994
CCCN1C[C@H](C)[C@@H](CN(C)C(=O)c2ccc(cc2OC[C@@H]1C)NS(=O)(=O)c1cn(cn1)C)OC,0,0.021236,0.023574,0.004490
Clc1ccc(cc1)[C@@H](NC(=O)C1CCN(CC1)Cc1ccc(cc1)Oc1ccccc1)c1cnccn1,1,0.671700,0.734531,0.684980
C[C@H]1CCCCO[C@H](CN(C)C(=O)Nc2ccc(cc2)C(F)(F)F)[C@H](C)CN([C@@H](C)CO)C(=O)c2cc(ccc2O1)NS(=O)(=O)c1cccs1,0,0.144686,0.062065,0.015267
COCCNC(=O)C[C@@H]1CC[C@@H]2[C@H](COC[C@@H](O)CN2S(=O)(=O)c2ccccc2C)O1,0,0.093851,0.028347,0.011973
COc1ccc(cc1)S(=O)(=O)Nc1ccc2c(c1)C(=O)N(C[C@H](C)[C@H](CN(C)S(=O)(=O)C)OCCCC[C@@H](C)O2)[C@H](C)CO,0,0.001247,0.024979,0.005678
C[C@H]1CCCCO[C@H](CN(C)Cc2ccc3c(c2)OCO3)[C@H](C)CN([C@H](C)CO)C(=O)c2cc(ccc2O1)NS(=O)(=O)c1ccc(cc1)Cl,0,0.001850,0.024721,0.005286
C[C@H]1CCCCO[C@@H](CN(C)C(=O)NC2CCCCC2)[C@@H](C)CN([C@@H](C)CO)C(=O)c2cc(ccc2O1)NC(=O)Cc1ccccc1,0,0.004248,0.023304,0.005270
C[C@@H]1CN([C@H](C)CO)C(=O)Cc2cc(ccc2O[C@H]1CN(C)C(=O)Nc1c(noc1C)C)NC(=O)c1ccncc1,0,0.010418,0.025441,0.005553
COCC#Cc1ccc(cc1)[C@H]1[C@H](CO)N2[C@H]1CN(CC2=O)C(=O)C1CCOCC1,0,0.373385,0.029046,0.024846
C[C@@H]1CN([C@@H](C)CO)C(=O)c2cc(cnc2O[C@@H]1CN(C)S(=O)(=O)c1cccc(c1)F)C#CC1(O)CCCC1,0,0.021646,0.116040,0.007997
C[C@@H]1CN([C@@H](C)CO)S(=O)(=O)c2ccc(cc2O[C@@H]1CN(C)C(=O)C1CCCCC1)Br,0,0.061725,0.053175,0.013290
C[C@H]1CN([C@@H](C)CO)C(=O)c2cc(ccc2O[C@@H]1CN(C)Cc1ccc(c(c1)Cl)Cl)NC(=O)Nc1ccc(cc1)C(F)(F)F,0,0.864043,0.118551,0.047337
CCNC(=O)C[C@H]1CC[C@@H](NC(=O)C2CC2)[C@@H](CO)O1,0,0.043049,0.026971,0.012801
C[C@@H]1CCCCO[C@@H](CN(C)C(=O)Nc2cccc3ccccc23)[C@@H](C)CN([C@H](C)CO)C(=O)c2cc(ccc2O1)NC(=O)Nc1ccc(cc1)C(F)(F)F,0,0.278168,0.032097,0.010409
C[C@@H]1CCCCO[C@@H](CN(C)C(=O)c2ccccc2)[C@H](C)CN([C@H](C)CO)C(=O)c2cc(ccc2O1)NC(=O)Nc1ccc2c(c1)OCO2,0,0.002110,0.022909,0.003210
C[C@@H]1CCCCO[C@H](CN(C)C(=O)Nc2ccccc2)[C@@H](C)CN([C@@H](C)CO)C(=O)c2cc(ccc2O1)NC(=O)c1ccccc1,0,0.002339,0.023088,0.003817
C[C@@H]1CN([C@H](C)CO)C(=O)Cc2cc(ccc2O[C@H]1CN(C)Cc1ccncc1)NS(=O)(=O)c1ccc(cc1)C,0,0.000537,0.024418,0.003554
C[C@H]1CCCCO[C@H](CN(C)Cc2ccccc2)[C@H](C)CN([C@H](C)CO)C(=O)c2cc(ccc2O1)NC(=O)NC1CCCCC1,0,0.027898,0.025896,0.007569
CCCNC(=O)Nc1ccc2c(c1)OC[C@H](C)N(C[C@@H](C)[C@@H](CN(C)C2=O)OC)Cc1ccc(cc1)-c1ccccn1,0,0.029333,0.038550,0.009081
C[C@@H]1CN([C@@H](C)CO)C(=O)c2cccc(c2O[C@@H]1CN(C)S(=O)(=O)c1cn(cn1)C)NS(=O)(=O)c1ccc(cc1)Cl,0,0.020220,0.026125,0.007494
C[C@@H]1CN([C@H](C)CO)C(=O)c2cccc(c2O[C@@H]1CN(C)Cc1ccc2c(c1)OCO2)NS(=O)(=O)c1cn(cn1)C,0,0.009728,0.024391,0.004029
C[C@@H]1CN([C@@H](C)CO)C(=O)Cc2cc(ccc2O[C@@H]1CN(C)Cc1ccncc1)NS(=O)(=O)c1ccc(cc1)F,0,0.001974,0.024329,0.004021
C[C@@H]1CN([C@@H](C)CO)C(=O)Cc2cc(ccc2O[C@H]1CN(C)S(=O)(=O)c1c(noc1C)C)NS(=O)(=O)c1ccc(cc1)C,0,0.001609,0.024392,0.005695
COc1ccc(cc1)NC(=O)Nc1ccc2c(c1)C(=O)N(C[C@H](C)[C@H](CN(C)S(=O)(=O)c1cn(cn1)C)O2)[C@@H](C)CO,0,0.023465,0.024496,0.003898
Nc1nnc(o1)[C@H]1CCCO1,0,0.254418,0.040368,0.015945
COc1cccc(c1)NC(=O)N(C)C[C@@H]1Oc2cc(ccc2S(=O)(=O)N(C[C@@H]1C)[C@@H](C)CO)C#CC1(O)CCCC1,0,0.023763,0.027749,0.005172
COc1ccc(cc1)NC(=O)Nc1ccc2c(c1)[C@@H]1C[C@H](CC(=O)NCc3ccccn3)O[C@@H](CO)[C@@H]1O2,0,0.022039,0.025609,0.013955
C[C@H]1CN([C@@H](C)CO)C(=O)c2cccc(c2O[C@@H]1CN(C)S(=O)(=O)c1ccc(cc1)C)NC(=O)Nc1cccc2ccccc12,0,0.021822,0.024810,0.005132
CCCCc1oc2ccccc2c1C(=O)c1cc(I)c(OCCN(CC)CC)c(I)c1.Cl,0,0.991857,0.599666,0.516170
C[C@H]1CN([C@H](C)CO)C(=O)c2cccc(c2O[C@@H]1CN(C)C(=O)Nc1ccc(cc1)C(F)(F)F)NC(=O)Nc1cccc2ccccc12,0,0.757247,0.658574,0.542883
OC[C@H]1O[C@H](CCNS(=O)(=O)c2ccccc2F)CC[C@H]1NC(=O)CN1CCOCC1,0,0.016975,0.031859,0.012554
CN1C(=O)N(C)c2ncn(c2C1=O)C[C@@H](O)CO,0,0.585103,0.105601,0.108831
COc1ccc(cc1)S(=O)(=O)N(C)C[C@@H]1OCCCC[C@H](C)Oc2ccc(cc2C(=O)N(C[C@@H]1C)[C@H](C)CO)NC(=O)c1ccccc1,0,0.000743,0.024270,0.003398
COc1ccc(cc1)NC(=O)N(C)C[C@@H]1Oc2ccc(cc2C(=O)N(C[C@@H]1C)[C@@H](C)CO)NS(=O)(=O)c1cn(cn1)C,0,0.062542,0.023774,0.003597
C[C@@H]1CCCCO[C@@H](CN(C)S(=O)(=O)c2ccc(cc2)F)[C@H](C)CN([C@@H](C)CO)C(=O)c2cc(ccc2O1)NC(=O)NC1CCCCC1,0,0.011657,0.024314,0.005071
CCCNC(=O)N(C)c1nncnc1C(=O)NC,0,0.156015,0.047886,0.036415
COc1ccc(cc1)NC(=O)Nc1cccc2c1O[C@H](CN(C)Cc1ccc(cc1)C(=O)Nc1ccccc1N)[C@@H](C)CN([C@@H](C)CO)C2=O,0,0.019015,0.025475,0.005042
COC(=O)N/N=C/c1c[n+](c2ccccc2[n+]1[O-])[O-],0,0.019302,0.490397,0.542916
C[C@@H]1CCCCO[C@@H](CN(C)C(=O)c2ccncc2)[C@@H](C)CN([C@@H](C)CO)C(=O)c2cc(ccc2O1)NS(=O)(=O)c1cn(cn1)C,0,0.003645,0.025163,0.003700
O[C@@H]1COC[C@H]2O[C@@H](CC[C@@H]2N(C1)C(=O)c1ccc2c(c1)OCO2)CC(=O)NCCN1CCCC1,0,0.146227,0.041952,0.014579
Cn1cnc(c1)S(=O)(=O)N1CC[C@H](O)[C@@H]1Cc1cnn(c1)C,0,0.017788,0.026655,0.009604
Cc1ccc(cc1)S(=O)(=O)N1C[C@@H](O)COC[C@H]2O[C@@H](CC[C@@H]21)CC(=O)NCCN1CCCCC1,0,0.353064,0.043139,0.014201
O=C(NC(O)C(Cl)(Cl)Cl)NC(O)C(Cl)(Cl)Cl,0,0.992966,0.324158,0.080316
C[C@@H]1CN([C@H](C)CO)C(=O)Cc2cc(ccc2O[C@H]1CN(C)Cc1ccc(cc1)C(=O)Nc1ccccc1N)NC(=O)Cn1cnnn1,0,0.005251,0.028845,0.004504
C[C@@H]1CCCCO[C@@H](CN(C)S(=O)(=O)c2ccc(cc2)C)[C@H](C)CN([C@H](C)CO)C(=O)c2cc(ccc2O1)NC(=O)Nc1c(noc1C)C,0,0.007453,0.025315,0.004548
C[C@@H]1CN([C@H](C)CO)C(=O)c2cc(ccc2O[C@H]1CN(C)C(=O)Nc1ccc2c(c1)OCO2)NC(=O)Nc1ccc(cc1)C(F)(F)F,0,0.556693,0.289726,0.171163
C[C@@H]1CN([C@H](C)CO)S(=O)(=O)c2ccc(cc2O[C@@H]1CN(C)C(=O)c1cccc(c1)F)C#CC1CC1,0,0.072147,0.040443,0.006539
CN1CCN(CC1)C(=O)C[C@@H]1CC[C@@H]2[C@H](COC[C@@H](O)CN2S(=O)(=O)c2cccc(c2)C)O1,0,0.190833,0.040876,0.014523
COc1ccc(cc1)S(=O)(=O)Nc1cccc2c1O[C@H](CN(C)C(=O)Nc1c(noc1C)C)[C@H](C)CN([C@H](C)CO)C2=O,0,0.017120,0.024745,0.005114
OC[C@@H]1O[C@H](C[C@H]2[C@@H]1Oc1ccc(cc12)NS(=O)(=O)c1ccc(cc1)F)CC(=O)N1CCCCC1,0,0.005000,0.028208,0.008025
Nc1ncccc1O,0,0.243956,0.075090,0.034044
C[C@H]1CN([C@@H](C)CO)C(=O)c2c(c3ccccc3n2C)-c2ccccc2CO[C@H]1CN(C)C(=O)Nc1ccccc1C(F)(F)F,0,0.647283,0.167791,0.111006
C[C@@H]1CCCCO[C@@H](CN(C)C(=O)Nc2ccc(cc2)C(F)(F)F)[C@@H](C)CN([C@H](C)CO)C(=O)c2cc(ccc2O1)NS(=O)(=O)c1ccc(cc1)Cl,0,0.213478,0.237683,0.014984
C[C@@H]1CN([C@H](C)CO)C(=O)Cc2cc(ccc2O[C@@H]1CN(C)Cc1ccc(cc1)C(=O)O)NC(=O)Nc1cccc2ccccc12,0,0.068922,0.035366,0.012038
OC[C@H](Cc1ccccc1)NC(=O)C[C@@H]1CC=CCCC(=O)OC[C@@H](Cc2c[nH]c3ccccc23)NC1=O,0,0.039010,0.039955,0.023185
C[C@@H]1CN([C@@H](C)CO)C(=O)Cc2cc(ccc2O[C@@H]1CN(C)Cc1ccc(c(c1)Cl)Cl)NC(=O)Nc1ccc2c(c1)OCO2,0,0.085215,0.057002,0.010209
CO[C@@H]1CN(C)C(=O)c2cc(ccc2OC[C@@H](C)N(C[C@H]1C)C(=O)Nc1c(noc1C)C)NC(=O)Nc1cccc(c1)F,0,0.280854,0.037117,0.016036
C[C@H]1CCCCO[C@@H](CN(C)C(=O)Nc2ccc(cc2)C(F)(F)F)[C@H](C)CN([C@@H](C)CO)C(=O)c2cc(ccc2O1)NS(=O)(=O)C,0,0.358601,0.101072,0.020639
C[C@H]1CN([C@H](C)CO)C(=O)CCCn2nncc2CO[C@@H]1CN(C)S(=O)(=O)c1ccc(cc1)-c1ccccc1,0,0.017155,0.025509,0.005372
C[C@H]1CCCCO[C@@H](CN(C)C(=O)C2CCCCC2)[C@@H](C)CN([C@H](C)CO)C(=O)c2cc(ccc2O1)NS(=O)(=O)c1ccc(cc1)Cl,0,0.003610,0.025131,0.005972
C[C@H]1CN([C@H](C)CO)C(=O)Cc2cc(ccc2O[C@@H]1CN(C)Cc1ccc(cc1)C(=O)O)NC(=O)Nc1ccc(cc1)C(F)(F)F,0,0.660937,0.038176,0.017792
C[C@@H]1CN([C@@H](C)CO)C(=O)Cc2cc(ccc2O[C@H]1CN(C)Cc1ccncc1)NS(=O)(=O)c1ccc(cc1)C,0,0.000537,0.024418,0.003554
C[C@@H]1CN([C@@H](C)CO)C(=O)CCCn2cc(nn2)CO[C@@H]1CN(C)S(=O)(=O)c1c(noc1C)C,0,0.009208,0.026582,0.005460
CO[C@@H]1CN(C)C(=O)c2cc(ccc2OC[C@@H](C)N(C[C@H]1C)Cc1ccccc1Cl)NC(=O)Nc1ccccc1OC,0,0.177100,0.051720,0.012246
CO[C@@H]1CN(C)C(=O)c2ccc(cc2OC[C@@H](C)N(C[C@H]1C)C(=O)C1CCOCC1)NC(=O)C1CC1,0,0.021659,0.029039,0.011151
C[C@@H]1CN([C@@H](C)CO)C(=O)Cc2cc(ccc2O[C@H]1CN(C)C(=O)Nc1c(noc1C)C)NC(=O)Nc1ccc(cc1)C(F)(F)F,0,0.503340,0.134047,0.077771
C[C@@H]1CN([C@H](C)CO)C(=O)c2cc(ccc2O[C@@H]1CN(C)Cc1ccc(cc1)Oc1ccccc1)NC(=O)Cn1cnnn1,0,0.006354,0.031128,0.008277
COC(=O)[C@H](Cc1ccccc1)N1CC2=C[C@@H]([C@@H](O)CCn3cc(nn3)C(=O)NO)N3N([C@@H]2[C@H](O1)C1CC1)C(=O)N(C)C3=O,0,0.998533,0.521520,0.281561
C[C@@H]1CN([C@@H](C)CO)C(=O)CCCn2cc(nn2)CO[C@@H]1CN(C)C(=O)c1ccc(cc1)N1CCN(C)CC1,0,0.077870,0.028534,0.008514
Nc1ncnc2c1ncn2C1OC(CO)C(O)C1O,0,0.092375,0.087410,0.048407
COc1ccc(cc1)CN(C)C[C@H]1Oc2ccc(cc2C(=O)N(C[C@@H]1C)[C@H](C)CO)NC(=O)Cn1cnnn1,0,0.013293,0.028513,0.008599
CC(C)NC(=O)Nc1ccc2c(c1)C(=O)N(C[C@@H](C)[C@@H](CN(C)Cc1ccccc1)OCCCC[C@H](C)O2)[C@@H](C)CO,0,0.019561,0.030051,0.010502
CC(C)NC(=O)Nc1ccc2c(c1)C(=O)N(C[C@@H](C)[C@H](CN(C)Cc1ccc(c(c1)Cl)Cl)OCCCC[C@H](C)O2)[C@@H](C)CO,0,0.118440,0.037847,0.014015
C[C@@H]1CCCCO[C@H](CN(C)C(=O)Nc2ccc3c(c2)OCO3)[C@H](C)CN([C@@H](C)CO)C(=O)c2cc(ccc2O1)NS(=O)(=O)c1ccccc1,0,0.000778,0.024257,0.003390
C[C@H]1CN([C@H](C)CO)C(=O)Cc2cc(ccc2O[C@@H]1CN(C)S(=O)(=O)C)NC(=O)Cc1ccccc1,0,0.002357,0.027372,0.006967
C[C@@H]1CN([C@H](C)CO)C(=O)Cc2cc(ccc2O[C@@H]1CN(C)S(=O)(=O)C)NC(=O)Nc1ccccc1,0,0.012626,0.027755,0.007263
C[C@H]1CCCCO[C@@H](CN(C)Cc2ccccc2)[C@H](C)CN([C@@H](C)CO)C(=O)c2cc(ccc2O1)NC(=O)Nc1c(noc1C)C,0,0.024252,0.028441,0.007558
C[C@@H]1CN([C@@H](C)CO)C(=O)c2cc(ccc2O[C@@H]1CN(C)S(=O)(=O)c1cn(cn1)C)NC(=O)C1CC1,0,0.006249,0.024202,0.004576
OC[C@@H]1O[C@H](CCNS(=O)(=O)c2ccc(cc2)F)CC[C@@H]1NC(=O)C1CC1,0,0.079778,0.030337,0.016759
CN(C)CC#Cc1ccc(cc1)[C@H]1[C@@H](CO)N2CCCCN(C[C@H]12)C(=O)CN(C)C,0,0.986956,0.059477,0.067192
C[C@@H]1CN([C@@H](C)CO)C(=O)c2cc(ccc2O[C@H]1CN(C)S(=O)(=O)C)NC(=O)CCN1CCOCC1,0,0.001993,0.024904,0.004641
C[C@H]1CCCCO[C@H](CN(C)Cc2ccccc2)[C@H](C)CN([C@@H](C)CO)C(=O)c2cc(ccc2O1)NC(=O)Nc1c(noc1C)C,0,0.024252,0.028441,0.007558
COc1ccc(cc1)-c1cnc2c(c1)C(=O)N(C[C@@H](C)[C@H](CN(C)C(=O)Cc1ccncc1)O2)[C@@H](C)CO,0,0.006302,0.022836,0.005500
C[C@@H]1CN([C@@H](C)CO)C(=O)c2cccc(c2O[C@@H]1CN(C)Cc1ccc(cc1)-c1ccccc1)NC(=O)C1CCCCC1,0,0.101003,0.044223,0.033940
C[C@H]1CN([C@H](C)CO)S(=O)(=O)c2ccc(cc2O[C@H]1CN(C)S(=O)(=O)c1ccc(cc1)F)C#Cc1ccc(cc1)F,0,0.246144,0.053213,0.010866
C[C@@H]1CN([C@H](C)CO)C(=O)CCCn2nncc2CO[C@@H]1CN(C)S(=O)(=O)c1ccc(cc1)-c1ccccc1,0,0.017155,0.025509,0.005372
C[C@@H]1CN([C@H](C)CO)C(=O)Cc2cc(ccc2O[C@H]1CN(C)Cc1ccc2c(c1)OCO2)NC(=O)CCN1CCOCC1,0,0.002093,0.027910,0.006223
NC[C@H]1CCN(C1)c1ccc(cc1)Oc1ccccc1,0,0.411524,0.284171,0.251609
CCOC(=O)N,0,0.000341,0.052770,0.017769
C[C@H]1CN([C@@H](C)CO)S(=O)(=O)c2ccc(cc2O[C@@H]1CN(C)C(=O)CN1CCOCC1)/C=C/c1ccccc1,0,0.004770,0.026331,0.006682
OC[C@H]1O[C@H](CC(=O)NCCCN2CCOCC2)C=C[C@H]1NC(=O)C1CCC1,0,0.060396,0.036561,0.019640
C[C@H]1CN([C@H](C)CO)C(=O)c2cccc(c2O[C@H]1CN(C)Cc1ccc2c(c1)OCO2)NC(=O)c1ccc(cc1)-c1nccs1,0,0.002816,0.028612,0.003714
C[C@@H]1CN([C@@H](C)CO)C(=O)c2c(c3ccccc3n2C)-c2ccccc2CO[C@H]1CN(C)C(=O)[C@@H](C)c1ccccc1,0,0.019363,0.036913,0.015334
C[C@H]1CN([C@@H](C)CO)C(=O)c2cc(ccc2O[C@@H]1CN(C)Cc1ccncc1)NS(=O)(=O)c1ccccc1,0,0.000872,0.025374,0.003581
C[C@@H]1CCCCO[C@@H](CN(C)CC2CC2)[C@H](C)CN([C@H](C)CO)C(=O)c2cc(ccc2O1)NC(=O)C1CCCCC1,0,0.048645,0.027618,0.011672
CNC(=O)C[C@@H]1CC[C@@H]2[C@H](COC[C@@H](O)CN2C(=O)Nc2ccc3c(c2)OCO3)O1,0,0.378604,0.045289,0.058822
COc1ccc(cc1)S(=O)(=O)Nc1ccc2c(c1)CC(=O)N(C[C@@H](C)[C@@H](CN(C)CC1CC1)O2)[C@H](C)CO,0,0.004142,0.024413,0.005157
Clc1ccc(cc1)C1=C(C(=O)N(Cc2ccc(cc2)-c2ccccc2)[C@@H]1C(=O)NC1CCCCC1)S(=O)(=O)c1ccccc1,0,0.026264,0.458168,0.244032
C[C@@H]1CN([C@@H](C)CO)C(=O)c2cc(cnc2O[C@@H]1CN(C)S(=O)(=O)c1ccccc1F)C#Cc1ccccc1,0,0.038553,0.035808,0.006816
Cc1nccc2c3ccc(cc3[nH]c12)O,0,0.051829,0.273984,0.254379
C[C@H]1CN([C@@H](C)CO)C(=O)c2cc(ccc2O[C@H]1CN(C)Cc1ccncc1)NC(=O)CCN1CCOCC1,0,0.002397,0.023488,0.004797
COc1ccc(cc1)NC(=O)Nc1ccc2c(c1)C(=O)N(C[C@@H](C)[C@@H](CN(C)C(=O)c1ccccc1)OCCCC[C@@H](C)O2)[C@@H](C)CO,0,0.003291,0.023282,0.003416
C[C@H]1CN([C@@H](C)CO)C(=O)c2cccc(c2O[C@@H]1CN(C)Cc1ccc(cc1)C(=O)O)NS(=O)(=O)c1cn(cn1)C,0,0.217851,0.028263,0.005179
C[C@H]1CCCCO[C@H](CN(C)CC2CCCCC2)[C@@H](C)CN([C@@H](C)CO)C(=O)c2cc(ccc2O1)NC(=O)Nc1ccccc1,0,0.080310,0.040312,0.013104
C[C@H]1CN([C@H](C)CO)C(=O)c2cc(cnc2O[C@H]1CN(C)Cc1ccc(cc1)F)C#Cc1cccnc1,0,0.053438,0.028509,0.008379
C[C@@H]1CCCCO[C@@H](CN(C)C(=O)Nc2cccc3ccccc23)[C@H](C)CN([C@H](C)CO)C(=O)c2cc(ccc2O1)NS(=O)(=O)c1ccccc1,0,0.000902,0.024254,0.003034
C[C@H]1CCCCO[C@@H](CN(C)Cc2ccc(cc2)C(F)(F)F)[C@H](C)CN([C@H](C)CO)C(=O)c2cc(ccc2O1)N(C)C,0,0.190408,0.061521,0.032108
CO[C@@H]1CN(C)C(=O)c2cc(ccc2OC[C@@H](C)N(C[C@H]1C)C(=O)CN(C)C)NC(=O)c1ccccc1,0,0.015494,0.030615,0.010708
C[C@H]1CCCCO[C@@H](CN(C)Cc2ccc3c(c2)OCO3)[C@@H](C)CN([C@H](C)CO)C(=O)c2cc(ccc2O1)NC(=O)NC1CCCCC1,0,0.018400,0.026046,0.005527
C[C@@H]1O[C@@H](O[C@H]2CC[C@]3(C=O)[C@H]4CC[C@]5(C)[C@H](CC[C@]5(O)[C@@H]4CC[C@]3(O)C2)C2=CC(=O)OC2)[C@H](O)[C@H](O)[C@H]1O,0,0.781448,0.413888,0.366550
COc1ccc(cc1)NC(=O)N(C)C[C@H]1OCCCC[C@H](C)Oc2ccc(cc2C(=O)N(C[C@@H]1C)[C@@H](C)CO)NS(=O)(=O)c1ccc(cc1)Cl,0,0.005477,0.024580,0.004374
C[C@@H]1CN([C@@H](C)CO)C(=O)c2cccc(c2O[C@H]1CN(C)C(=O)Nc1cccc2ccccc12)NC(=O)Nc1cccc2ccccc12,0,0.027168,0.034605,0.011903
C[C@H]1CCCCO[C@@H](CN(C)C(=O)NC2CCCCC2)[C@@H](C)CN([C@@H](C)CO)C(=O)c2cc(ccc2O1)NC(=O)Nc1ccccc1,0,0.015666,0.023356,0.004148
CCOC(=O)CCC1=NNC(=O)NC1=O,0,0.061324,0.148796,0.065612
C[C@H]1CCCCO[C@H](CN(C)C(=O)Nc2ccc(cc2)C(F)(F)F)[C@@H](C)CN([C@H](C)CO)C(=O)c2cc(ccc2O1)NC(=O)Nc1ccc(cc1)C(F)(F)F,0,0.935200,0.059645,0.029122
COc1ccc2c3c([nH]c2c1)[C@@H](CO)N(C[C@]13CCN(CC1)CC1CCCCC1)C(=O)Nc1cccc(c1)F,1,0.867227,0.783079,0.660119
C[C@H]1CN([C@H](C)CO)C(=O)c2cc(ccc2O[C@@H]1CN(C)S(=O)(=O)c1cccs1)NC(=O)CCCN(C)C,0,0.003217,0.024248,0.004312
C[C@H]1CN([C@@H](C)CO)C(=O)c2cc(ccc2O[C@@H]1CN(C)C(=O)Nc1ccc(cc1)C(F)(F)F)NC(=O)Nc1c(noc1C)C,0,0.759974,0.905453,0.922042
COCC#Cc1ccc2c(c1)O[C@@H](CN(C)S(=O)(=O)c1ccc(cc1)OC)[C@H](C)CN([C@H](C)CO)S2(=O)=O,0,0.049403,0.029028,0.006544
C[C@H]1CN([C@@H](C)CO)C(=O)c2cc(ccc2O[C@@H]1CN(C)C(=O)Nc1ccc(cc1)C(F)(F)F)NC(=O)Cc1cn(c2ccccc12)C,0,0.510465,0.061563,0.059567
C[C@@H]1CN([C@H](C)CO)S(=O)(=O)c2ccc(cc2O[C@H]1CN(C)C(=O)CN(C)C)C#Cc1ccc(cc1)F,0,0.471015,0.851622,0.834132
COc1ccc(cc1)NC(=O)N(C)C[C@H]1OCc2ccccc2-c2c(n(c3ccccc23)C)C(=O)N(C[C@H]1C)[C@@H](C)CO,0,0.019121,0.025183,0.004590
Cc1cc(nc(n1)SCC(=O)NN)NN,0,0.911528,0.040577,0.021866
C[C@H]1CN([C@@H](C)CO)C(=O)c2ccccc2-c2ccccc2CO[C@H]1CN(C)C(=O)c1cc(cc(c1)Cl)Cl,0,0.096947,0.074229,0.031455
OC[C@H]1O[C@@H](CCNS(=O)(=O)c2cccc(c2)F)CC[C@H]1NS(=O)(=O)c1cccc(c1)Cl,0,0.207286,0.069635,0.029159
C[C@@H]1CCCCO[C@H](CN(C)Cc2ccccc2)[C@@H](C)CN([C@@H](C)CO)C(=O)c2cc(ccc2O1)NC(=O)Nc1ccccc1,0,0.018856,0.023052,0.007498
O[C@@H]1COC[C@@H]2O[C@@H](CC[C@H]2N(C1)S(=O)(=O)c1ccccc1Cl)CC(=O)NCCc1ccncc1,0,0.241809,0.037999,0.034459
C[C@H]1CCCCO[C@@H](CN(C)Cc2ccc3c(c2)OCO3)[C@@H](C)CN([C@@H](C)CO)C(=O)c2cc(ccc2O1)NC(=O)Nc1ccc(cc1)C(F)(F)F,0,0.255157,0.029080,0.014045
CCCNC(=O)N1C[C@@H](C)[C@H](CN(C)C(=O)c2ccc(cc2OC[C@H]1C)NS(=O)(=O)CC(F)(F)F)OC,0,0.058364,0.078755,0.015383
CC(C)CC(=O)Nc1ccc(cc1)C,0,0.053707,0.068922,0.036641
C[C@@H]1CN([C@@H](C)CO)S(=O)(=O)c2ccc(cc2O[C@H]1CN(C)C(=O)C1CCC1)C#Cc1ccncc1,0,0.033877,0.029006,0.008891
C[C@H]1CN([C@H](C)CO)S(=O)(=O)c2ccc(cc2O[C@H]1CN(C)S(=O)(=O)C)-c1ccc(cc1)F,0,0.028040,0.033268,0.009219
C[C@H]1CCCCO[C@H](CN(C)CC2CC2)[C@@H](C)CN([C@@H](C)CO)C(=O)c2cc(ccc2O1)NC(=O)CCC(F)(F)F,0,0.271638,0.225095,0.119064
C[C@H]1CN([C@H](C)CO)C(=O)c2cc(cnc2O[C@H]1CN(C)S(=O)(=O)c1ccc(cc1)C#N)C#Cc1ccc(cc1)F,0,0.008808,0.025000,0.006380
CC(=O)[C@@]1(N)C[C@H](O[C@H]2C[C@H](O)[C@H](O)CO2)c2c(c3c(c(c2C1)O)C(=O)c1ccccc1C3=O)O,0,0.995435,0.853976,0.937505
COc1cc(cc(c1OC)OC)C(=O)OCCN1CCN(CCOC(=O)c2cc(c(c(c2)OC)OC)OC)CC1,0,0.244614,0.093197,0.059529
CCS(=O)(=O)Nc1ccc2c(c1)C(=O)N(C)[C@H]1CC[C@H](CC(=O)NCc3ccccc3F)O[C@H]1CO2,0,0.009854,0.025820,0.007469
O=C(O)CN(CCN(CC(=O)O)CC(=O)O)CC(=O)O,0,0.034277,0.051325,0.028563
CC(C)NC(=O)Nc1ccc2c(c1)C(=O)N(C[C@@H](C)[C@@H](CN(C)S(=O)(=O)c1ccc(cc1)F)O2)[C@H](C)CO,0,0.052283,0.025184,0.007206
C[C@H]1CN([C@H](C)CO)C(=O)c2cccc(c2O[C@@H]1CN(C)C(=O)Nc1ccc2c(c1)OCO2)NC(=O)c1cnccn1,0,0.047003,0.042027,0.006843
CN(C)CC(=O)N1[C@@H](CO)[C@@H](c2ccc(cc2)C2=CCCC2)C21CN(C2)S(=O)(=O)Cc1ccccc1,0,0.423199,0.056677,0.033251
CCCN1C(=O)C[C@@H](N2CCOCC2)C1=O,0,0.000250,0.023347,0.009707
COc1ccc(cc1)S(=O)(=O)Nc1ccc2c(c1)C(=O)N(C[C@H](C)[C@@H](CN(C)Cc1ccc3c(c1)OCO3)OCCCC[C@@H](C)O2)[C@@H](C)CO,0,0.000556,0.024786,0.003554
O[C@H]1CCCC2=C1C=C(C(=O)O)C(=O)N2,0,0.176674,0.119030,0.221859
C[C@@H]1CCCCO[C@@H](CN(C)Cc2ccc(cc2)C(F)(F)F)[C@H](C)CN([C@H](C)CO)C(=O)c2cc(ccc2O1)NC(=O)Nc1ccc2c(c1)OCO2,0,0.075334,0.018789,0.005680
C[C@H]1CN([C@H](C)CO)S(=O)(=O)c2ccc(cc2O[C@H]1CN(C)C(=O)Cc1ccncc1)C#CC1CCCCC1,0,0.027499,0.031053,0.006880
O[C@@H]1COC[C@H]2O[C@@H](CC[C@@H]2N(C1)S(=O)(=O)c1ccccc1F)CC(=O)N1CCC(CC1)Cc1ccccc1,0,0.363414,0.115428,0.035112
COc1ccc2c3c(n(c2c1)C)[C@H](CO)N(Cc1cc(cc(c1)OC)OC)C[C@]13CN(C1)C(=O)NC(C)C,0,0.267931,0.110254,0.077795
COc1ccc(cc1)[Si](C)(C)[C@H]1[C@H](C)[C@@]2(O[C@@H]1CCOC(=O)NCCCCCC(=O)NO)C(=O)N(Cc1cccc(c1)I)c1ccccc12,0,0.000509,0.148303,0.063858
C[C@H]1CN([C@H](C)CO)C(=O)Cc2cc(ccc2O[C@H]1CN(C)Cc1ccc(cc1)-c1ccccc1)NC(=O)Nc1ccc(cc1)C(F)(F)F,0,0.513108,0.067970,0.035676
CN1[C@H]2CC[C@H](CC(=O)N3CCOCC3)O[C@H]2COc2ccc(cc2C1=O)NC(=O)c1cscn1,0,0.001936,0.022565,0.010165
CC(C)(C)NC(=O)N1CCC(CN)CC1,0,0.255184,0.035652,0.014873
C[C@H]1CN([C@@H](C)CO)C(=O)c2cccc(c2O[C@@H]1CN(C)Cc1ccc(c(c1)Cl)Cl)NS(=O)(=O)c1ccccc1,0,0.023253,0.030567,0.006210
C[C@H]1CN([C@H](C)CO)C(=O)c2cc(cnc2O[C@H]1CN(C)C(=O)c1ccncc1)-c1ccc(cc1)C(=O)N(C)C,0,0.001725,0.026201,0.006661
C[C@H]1CN([C@@H](C)CO)C(=O)Cc2cc(ccc2O[C@H]1CN(C)Cc1ccc(c(c1)Cl)Cl)NC(=O)CCC(F)(F)F,0,0.367567,0.079194,0.024914
CC(C)NC(=O)N(C)C[C@H]1Oc2c(cccc2C(=O)N(C[C@H]1C)[C@@H](C)CO)NS(=O)(=O)c1c(noc1C)C,0,0.018073,0.025192,0.010235
C[C@H]1CN([C@@H](C)CO)C(=O)c2cc(ccc2O[C@H]1CN(C)S(=O)(=O)c1ccccc1)NC(=O)CCN1CCOCC1,0,0.001079,0.024284,0.003586
COC(=O)[C@]1(Cc2ccccc2N=[N+]=[N-])N=C(O[C@@H]1c1ccccc1N=[N+]=[N-])c1ccc(cc1)OCCCO,0,0.946522,0.064553,0.087147
CC(=O)O.Cc1cc2c(C(C)C)c(O)c(O)c(C=O)c2c(O)c1-c1c(C)cc2c(C(C)C)c(O)c(O)c(C=O)c2c1O,0,0.999972,0.353400,0.117370
C[C@H]1CN([C@@H](C)CO)C(=O)c2cc(ccc2O[C@H]1CN(C)S(=O)(=O)C)NC(=O)Nc1ccc2c(c1)OCO2,0,0.012583,0.024265,0.006139
C[C@@H]1CN([C@H](C)CO)C(=O)c2cc(ccc2O[C@H]1CN(C)Cc1ccc2c(c1)OCO2)NC(=O)CCN1CCOCC1,0,0.002148,0.025600,0.005360
CC(C)NC(=O)Nc1cccc2c1O[C@@H](CN(C)C(=O)Nc1ccc3c(c1)OCO3)[C@@H](C)CN([C@H](C)CO)C2=O,0,0.044668,0.028329,0.007554
CC(=O)OC1CC(OC(C)=O)C2(C)C(CC(OC(C)=O)C3(C)C2CCC2(C)C(c4ccoc4)OC(=O)C4OC423)C1(C)C,0,0.328007,0.222389,0.088235
C[C@H]1CN([C@@H](C)CO)C(=O)c2cc(cnc2O[C@H]1CN(C)C(=O)C1CC1)-c1ccc(cc1)C(=O)N(C)C,0,0.003112,0.027909,0.006818
C[C@@H]1CCCCO[C@H](CN(C)S(=O)(=O)c2ccc(cc2)Cl)[C@@H](C)CN([C@H](C)CO)C(=O)c2cc(ccc2O1)NC(=O)c1ccncc1,0,0.002712,0.025045,0.003742
CCS(=O)(=O)Nc1ccc2c(c1)C(=O)N(C)[C@@H]1CC[C@@H](CC(=O)NCc3ccccc3F)O[C@H]1CO2,0,0.009854,0.025820,0.007469
NC1=C2N=C(Br)N=C2N(C[C@@H](O)CO)C=N1,0,0.862684,0.203922,0.061263
C[C@@H]1CCCCO[C@@H](CN(C)C(=O)Cc2ccccc2)[C@@H](C)CN([C@@H](C)CO)C(=O)c2cc(ccc2O1)NS(=O)(=O)c1ccc(cc1)Cl,0,0.001308,0.025110,0.004543
CC(=O)N[C@@H]1[C@@H](O)[C@H](O)[C@@H](CO)O[C@H]1O/N=[N+](\[O-])N1CCCC1,0,0.020315,0.127521,0.048084
CC(C)NC(=O)N(C)C[C@H]1Oc2ccc(cc2C(=O)N(C[C@@H]1C)[C@H](C)CO)NS(=O)(=O)c1c(noc1C)C,0,0.013626,0.025071,0.008623
OCCCOc1ccc(cc1)C1=N[C@]2(Cc3ccccc3)[C@H](O1)c1ccccc1CN(C(=O)c1ccccc1)C2=O,0,0.000046,0.097575,0.066071
C/C(=C\C=C\C(=C/C(=O)O)C)/C=C/C1=C(C)CCCC1(C)C,0,0.800872,0.288531,0.262571
COc1ccc(cc1)S(=O)(=O)N1C[C@H](O)COC[C@@H]2O[C@H](CC[C@H]21)CC(=O)NCCN1CCCCC1,0,0.327158,0.048474,0.014777
COc1ccc2c3c([nH]c2c1)[C@H](CO)N(C[C@]13CN(Cc2cc(on2)-c2ccccc2)C1)C(=O)Nc1ccc(cc1)F,0,0.114597,0.272828,0.201577
C[C@H]1CN([C@H](C)CO)C(=O)Cc2cc(ccc2O[C@H]1CN(C)Cc1ccc(cc1)C(=O)Nc1ccccc1N)NC(=O)Cc1cn(c2ccccc12)C,0,0.003472,0.027693,0.004201
COc1ccc(cc1)C(=O)Nc1ccc2c(c1)C(=O)N(C)[C@@H]1CC[C@@H](CC(=O)NCC3CC3)O[C@H]1CO2,0,0.005645,0.023954,0.007962
C[C@H]1CN([C@H](C)CO)C(=O)c2cc(cnc2O[C@H]1CN(C)S(=O)(=O)c1ccc(cc1)F)C#Cc1ccc(cc1)F,0,0.156808,0.039046,0.008394
C[C@H]1CN([C@@H](C)CO)C(=O)Cc2cc(ccc2O[C@H]1CN(C)S(=O)(=O)C)NC(=O)NC1CCCCC1,0,0.008875,0.023600,0.008333
C[C@@H]1CN([C@H](C)CO)C(=O)c2cccc(c2O[C@@H]1CN(C)Cc1ccc(cc1)-c1ccccc1)NS(=O)(=O)c1ccccc1,0,0.006870,0.035294,0.005910
C[C@H]1CN([C@@H](C)CO)C(=O)c2cc(ccc2O[C@H]1CN(C)Cc1ccc(cc1)-c1ccccc1)NC(=O)Nc1cccc2ccccc12,0,0.051485,0.035322,0.012968
C[C@@H]1CN([C@H](C)CO)S(=O)(=O)c2ccc(cc2O[C@H]1CN(C)C(=O)CN1CCOCC1)/C=C/c1ccccc1,0,0.004770,0.026331,0.006682
OC[C@H]1O[C@@H](CC[C@@H]1NC(=O)c1cnccn1)CC(=O)NCc1ccccc1F,0,0.164855,0.034732,0.030883
C[C@H]1CN([C@@H](C)CO)C(=O)c2cc(ccc2O[C@@H]1CN(C)C(=O)Nc1ccc2c(c1)OCO2)NC(=O)c1ccncc1,0,0.005245,0.024158,0.004914
Nc1nc(cs1)/C(=N/O)C(=O)N[C@H]1[C@H]2SCC(=C(N2C1=O)C(=O)O)C=C,1,0.991804,0.953901,0.984997
COc1cccc(c1)S(=O)(=O)Nc1ccc2c(c1)[C@H]1C[C@H](CC(=O)NC3CCCCC3)O[C@H](CO)[C@H]1O2,0,0.001942,0.025929,0.008822
NCC1CCC(N)C(OC2C(N)CC(N)C(OC3OC(CO)C(O)C(N)C3O)C2O)O1,0,0.967529,0.766028,0.887451
COc1cccc(c1)S(=O)(=O)N[C@@H]1C=C[C@H](CC(=O)NC2CCC2)O[C@@H]1CO,0,0.010089,0.031052,0.012815
O[C@@H]1CNCC[C@H]1NC(=O)Cc1ccc2c(c1)OCO2,0,0.799845,0.196792,0.057863
C[C@@H]1CN([C@H](C)CO)C(=O)c2cccc(c2O[C@@H]1CN(C)S(=O)(=O)c1ccccc1)NS(=O)(=O)c1ccc(cc1)F,0,0.008307,0.026703,0.007884
COc1cccc(c1)C(=O)Nc1ccc2c(c1)C(=O)N(C)[C@@H]1CC[C@@H](CC(=O)NCC(F)(F)F)O[C@H]1CO2,0,0.071534,0.104159,0.057442
COc1ccccc1CNC(=O)C[C@H]1CC[C@@H]2[C@H](COC[C@@H](O)CN2C(=O)Nc2ccc(cc2)F)O1,0,0.765911,0.236573,0.294348
C[C@H]1CN([C@@H](C)CO)C(=O)c2c(c3ccccc3n2C)-c2ccccc2CO[C@H]1CN(C)C(=O)Nc1ccccc1,0,0.024085,0.039632,0.009734
CC(=O)Nc1nnc(o1)-c1ccno1,0,0.124682,0.078659,0.060019
C[C@H]1CN([C@@H](C)CO)C(=O)Cc2cc(ccc2O[C@@H]1CN(C)Cc1ccc(cc1)C(=O)Nc1ccccc1N)NC(=O)Nc1ccc2c(c1)OCO2,0,0.003809,0.024074,0.004372
C[C@@H]1CCCCO[C@H](CN(C)C(=O)Nc2ccc(cc2)C(F)(F)F)[C@@H](C)CN([C@H](C)CO)C(=O)c2cc(ccc2O1)NS(=O)(=O)c1ccc(cc1)C,0,0.074397,0.039453,0.009188
CC1=CN([C@@H]2O[C@H](CO)[C@@H](O)[C@H]2O)C(=O)N=C1N,0,0.196470,0.096910,0.092444
C[C@H]1CN([C@@H](C)CO)C(=O)CCCn2cc(nn2)CO[C@@H]1CN(C)C(=O)c1cc(on1)-c1ccccc1,0,0.021276,0.024566,0.005038
C[C@@H]1CN([C@H](C)CO)C(=O)Cc2cc(ccc2O[C@@H]1CN(C)C(=O)Nc1ccc2c(c1)OCO2)NC(=O)Nc1ccc(cc1)C(F)(F)F,0,0.251965,0.027342,0.011117
COc1cc2nc(N3CCN(C(=O)C4COc5ccccc5O4)CC3)nc(N)c2cc1OC.CS(=O)(=O)O,0,0.001586,0.220855,0.051728
C[C@@H]1CN([C@@H](C)CO)C(=O)c2cc(ccc2O[C@@H]1CN(C)CC1CC1)NS(=O)(=O)c1ccc(cc1)C,0,0.006808,0.030341,0.005072
CC1=CC=NC(=O)N1,0,0.083797,0.064843,0.027421
CN1CCN(CC1)C(=O)C[C@@H]1C[C@@H]2[C@@H](Oc3ccc(cc32)NS(=O)(=O)c2ccc(cc2)F)[C@@H](CO)O1,0,0.011442,0.035590,0.010138
CN(C)C(=O)C[C@@H]1CC[C@@H]2[C@@H](COc3ccc(cc3C(=O)N2C)NS(=O)(=O)c2cccc(c2)F)O1,0,0.004384,0.027639,0.009808
CC(C)NC(=O)Nc1ccc2c(c1)CC(=O)N(C[C@H](C)[C@@H](CN(C)S(=O)(=O)c1ccc(cc1)F)O2)[C@H](C)CO,0,0.028504,0.029608,0.008638
C[C@H](COC(=O)[C@@H](CC=C)CC(=O)OC(C)(C)C)NC(=O)[C@@H](CC=C)CC(=O)N[C@H](CO)Cc1ccccc1,0,0.001269,0.047101,0.022713
C[C@@H]1CN([C@H](C)CO)C(=O)c2cc(ccc2O[C@H]1CN(C)S(=O)(=O)c1cccs1)NS(=O)(=O)c1ccc(cc1)C,0,0.001623,0.024400,0.005961
CC(C)CCCC(C)NC(C)C.Cl,0,0.011212,0.346056,0.131963
CCS(=O)(=O)Nc1ccc2c(c1)C(=O)N(C)[C@@H]1CC[C@H](CC(=O)NCc3ccc(cc3)OC)O[C@H]1CO2,0,0.005671,0.023724,0.006845
CS(=O)(=O)CS(=O)(=O)C1=C(C2CCN1CC2)N1CCOCC1,0,0.014518,0.458721,0.264115
C[C@H]1CN([C@@H](C)CO)C(=O)c2cccc(c2O[C@H]1CN(C)C(=O)Nc1c(noc1C)C)NC(=O)C1CCOCC1,0,0.084657,0.028470,0.006285
C[C@@H]1CN([C@H](C)CO)C(=O)c2cc(ccc2O[C@@H]1CN(C)Cc1ccc(c(c1)Cl)Cl)NC(=O)CCC(F)(F)F,0,0.611210,0.121399,0.051942
COc1ccc(cc1)NC(=O)Nc1cccc2c1O[C@@H](CN(C)Cc1ccc(cc1)Oc1ccccc1)[C@@H](C)CN([C@H](C)CO)C2=O,0,0.010522,0.020600,0.005243
COCC(=O)Nc1ccc2c(c1)C(=O)N(C)C[C@@H](OC)[C@H](C)CN(Cc1ccccc1OC)[C@H](C)CO2,0,0.022915,0.030176,0.005513
C[C@H]1CCCCO[C@H](CN(C)Cc2ccc(cc2)C(=O)O)[C@H](C)CN([C@H](C)CO)C(=O)c2cc(ccc2O1)NC(=O)CCC(F)(F)F,0,0.377374,0.033522,0.011864
CC(C)NC(=O)N(C)C[C@H]1Oc2ccc(cc2CC(=O)N(C[C@@H]1C)[C@H](C)CO)NS(=O)(=O)c1ccccc1,0,0.001894,0.024201,0.004625
C[C@H]1CCCCO[C@@H](CN(C)C(=O)Nc2c(noc2C)C)[C@@H](C)CN([C@@H](C)CO)C(=O)c2cc(ccc2O1)NC(=O)Nc1ccc(cc1)F,0,0.102141,0.029932,0.007081
C[C@H]1CCCCO[C@@H](CN(C)Cc2ccc(cc2)C(F)(F)F)[C@@H](C)CN([C@@H](C)CO)C(=O)c2cc(ccc2O1)NS(=O)(=O)c1ccc(cc1)Cl,0,0.053354,0.024530,0.006792
C[C@@H]1CCCCO[C@H](CN(C)C(=O)Nc2ccccc2)[C@@H](C)CN([C@H](C)CO)C(=O)c2cc(ccc2O1)NC(=O)Cc1ccccc1,0,0.004248,0.023214,0.004591
C[C@@H](CN1CCCCC1)C(=O)NN,0,0.294896,0.036259,0.009797
CCCN(C)C[C@@H]1OCCCC[C@@H](C)Oc2ccc(cc2C(=O)N(C[C@@H]1C)[C@H](C)CO)NC(=O)c1ccccc1,0,0.009189,0.035713,0.014484
CCCCCCCCC=CCCCCCCCC(=O)[O-].[NH3+]CCO,0,0.001174,0.227424,0.114404
COc1ccc(cc1)NC(=O)N(C)C[C@H]1OCCCC[C@@H](C)Oc2ccc(cc2C(=O)N(C[C@@H]1C)[C@H](C)CO)NC(=O)CCC(F)(F)F,0,0.109653,0.025851,0.011432
C[C@@H]1CCCCO[C@@H](CN(C)C(=O)Cc2ccccc2)[C@H](C)CN([C@H](C)CO)C(=O)c2cc(ccc2O1)NC(=O)Nc1ccccc1,0,0.005954,0.023146,0.004612
C[C@H]1CN([C@@H](C)CO)C(=O)Cc2cc(ccc2O[C@@H]1CN(C)Cc1ccc(c(c1)Cl)Cl)NS(=O)(=O)c1ccc(cc1)F,0,0.022175,0.025455,0.005778
COc1ccc(cc1)S(=O)(=O)Nc1ccc2c(c1)CC(=O)N(C[C@H](C)[C@H](CN(C)S(=O)(=O)c1cn(cn1)C)O2)[C@H](C)CO,0,0.001873,0.024964,0.005537
C[C@H]1CN([C@H](C)CO)C(=O)c2cc(cnc2O[C@@H]1CN(C)S(=O)(=O)c1ccc(cc1)C)C#CC1(O)CCCC1,0,0.008657,0.024743,0.004203
C[C@H]1CN([C@H](C)CO)C(=O)Cc2cc(ccc2O[C@@H]1CN(C)S(=O)(=O)c1cn(cn1)C)NC(=O)CCC(F)(F)F,0,0.058533,0.026387,0.012026
C[C@H]1CCCCO[C@H](CN(C)C(=O)c2ccncc2)[C@H](C)CN([C@H](C)CO)C(=O)c2cc(ccc2O1)NC(=O)NC1CCCCC1,0,0.003089,0.023318,0.003726
COCC#Cc1cnc2c(c1)C(=O)N(C[C@@H](C)[C@H](CN(C)C(=O)Nc1ccccc1OC)O2)[C@@H](C)CO,0,0.191260,0.023351,0.005167
COc1cccc(c1)NC(=O)N1C[C@@H](O)COC[C@H]2O[C@@H](CC[C@@H]21)CC(=O)NCCCN1CCOCC1,0,0.400032,0.430952,0.202962
COc1ccc(cc1)S(=O)(=O)N(C)C[C@H]1Oc2c(cccc2C(=O)N(C[C@@H]1C)[C@@H](C)CO)NS(=O)(=O)c1cccs1,0,0.011794,0.029328,0.007360
Nc1nc(=O)c2nc(CNc3ccc(C(=O)NC(CCC(=O)O)C(=O)O)cc3)cnc2[nH]1,0,0.647971,0.342299,0.226598
CCOC(=O)[C@H]1C/C=C/C[C@H](C(=O)OCC)C(=O)O[C@H]2[C@H](OC(=O)Nc3cccc(c3)F)[C@@H](CO)O[C@H](OC)[C@@H]2OC1=O,0,0.009012,0.612979,0.465448
C[C@@H]1CCCCO[C@@H](CN(C)C(=O)Nc2ccccc2)[C@@H](C)CN([C@@H](C)CO)C(=O)c2cc(ccc2O1)NC(=O)NC1CCCCC1,0,0.011847,0.023361,0.004311
C[C@@H]1CN([C@@H](C)CO)C(=O)c2cc(ccc2O[C@@H]1CN(C)C(=O)Nc1ccc(cc1)C(F)(F)F)NC(=O)Cc1cn(c2ccccc12)C,0,0.510465,0.061563,0.059567
N#Cc1ccc(nc1)-c1ccccc1,0,0.007592,0.173454,0.119245
O[C@@H]1COC[C@H]2O[C@H](CC[C@@H]2N(C1)S(=O)(=O)c1cccc(c1)F)CC(=O)NCc1ccncn1,0,0.305767,0.029677,0.015989
COc1ccc(cc1)NC(=O)Nc1ccc2c(c1)CC(=O)N(C[C@H](C)[C@@H](CN(C)S(=O)(=O)C)O2)[C@@H](C)CO,0,0.014633,0.028660,0.006793
OC[C@H](Cc1ccccc1)NC(=O)C[C@@H]1CC=CCC[C@@H](Cc2ccc(cc2)F)C(=O)OC[C@H](Cc2c[nH]c3ccccc23)NC1=O,0,0.057215,0.036815,0.015816
C[C@@H]1CN([C@H](C)CO)C(=O)c2cc(ccc2O[C@H]1CN(C)Cc1ccc2c(c1)OCO2)NC(=O)Cn1cnnn1,0,0.007645,0.025762,0.007157
C[C@@H]1CN([C@@H](C)CO)C(=O)c2cc(ccc2O[C@@H]1CN(C)C(=O)Nc1cccc2ccccc12)NS(=O)(=O)c1ccc(cc1)C,0,0.004425,0.024876,0.003689
C[C@@H]1CCCCO[C@H](CN(C)CC2CCCCC2)[C@H](C)CN([C@@H](C)CO)C(=O)c2cc(ccc2O1)NS(=O)(=O)c1cccs1,0,0.014527,0.024515,0.004878
CC(C)NC(=O)N(C)C[C@@H]1Oc2ccc(cc2C(=O)N(C[C@H]1C)[C@@H](C)CO)NS(=O)(=O)c1cccs1,0,0.019676,0.023706,0.005203
Fc1ccc(cc1)/C=C\1/SC2=NCCN2C1=O,0,0.049819,0.136684,0.103437
C[C@@H]1CCCCO[C@H](CN(C)Cc2ccc(cc2)C(=O)O)[C@@H](C)CN([C@@H](C)CO)C(=O)c2cc(ccc2O1)NC(=O)C1CCCCC1,0,0.072073,0.034707,0.014664
CC(CN1c2ccccc2Sc2ccccc21)N(C)C.Cl,0,0.992623,0.529390,0.305570
N#Cc1ccc(nc1)-c1cccs1,0,0.020705,0.053951,0.036962
COc1ccc(cc1)CN(C)C[C@H]1OCCCC[C@@H](C)Oc2ccc(cc2C(=O)N(C[C@H]1C)[C@H](C)CO)NC(=O)Nc1c(noc1C)C,0,0.031133,0.027450,0.005279
COc1ccc(cc1)S(=O)(=O)Nc1ccc2c(c1)CC(=O)N(C[C@@H](C)[C@@H](CN(C)CC1CC1)O2)[C@@H](C)CO,0,0.004142,0.024413,0.005157
CO[C@H]1CN(C)C(=O)c2ccc(cc2OC[C@@H](C)N(C[C@@H]1C)S(=O)(=O)c1cn(cn1)C)NC(=O)CC(F)(F)F,0,0.092544,0.034632,0.030227
COc1ccc2c3c([nH]c2c1)[C@H](CO)N(C[C@]13CCN(CC1)Cc1ccccc1)C(=O)CN1CCOCC1,0,0.381001,0.356459,0.176521
OC[C@@H]1O[C@H](CC(=O)NCCN2CCCCC2)C=C[C@H]1NS(=O)(=O)c1ccc(cc1)F,0,0.114623,0.035086,0.013680
ONC(=O)CCc1cn(nn1)CC[C@@H]1OC(=O)[C@H](Cc2ccccc2)N2CC3=CC(=O)[C@H](C4CC4)[C@H]3[C@H]12,0,0.462732,0.053897,0.062452
CC(C)NC(=O)N(C)C[C@H]1Oc2ccc(cc2CC(=O)N(C[C@H]1C)[C@@H](C)CO)NC(=O)C1CCCCC1,0,0.015465,0.038209,0.014833
C[C@@H]1CN([C@H](C)CO)C(=O)Cc2cc(ccc2O[C@H]1CN(C)S(=O)(=O)c1c(noc1C)C)NC(=O)CCC(F)(F)F,0,0.065931,0.027364,0.014470
OCCOc1cccc(c1)[C@@H]1[C@@H](C[C@H]2N1C(=O)[C@@H]1CCCN1C2=O)C(=O)NCCCCCCNC(=O)CS,0,0.000142,0.104873,0.120013
OCCN1CNC(=S)NC1,0,0.066330,0.043374,0.023439
COc1ccc(cc1)S(=O)(=O)Nc1cccc2c1O[C@@H](CN(C)S(=O)(=O)c1ccc(cc1)OC)[C@H](C)CN([C@H](C)CO)C2=O,0,0.005939,0.027668,0.007629
C[C@H]1CN([C@H](C)CO)C(=O)CCCn2nncc2CO[C@H]1CN(C)S(=O)(=O)c1ccc(cc1)C#N,0,0.001367,0.025981,0.006581
C[C@H]1CCCCO[C@@H](CN(C)C(=O)Nc2ccc(cc2)C(F)(F)F)[C@@H](C)CN([C@H](C)CO)C(=O)c2cc(ccc2O1)NS(=O)(=O)c1ccc(cc1)Cl,0,0.213478,0.237683,0.014984
CNC[C@@H]1OCCCC[C@H](C)Oc2ccc(cc2C(=O)N(C[C@H]1C)[C@H](C)CO)NC(=O)Nc1ccc(cc1)C(F)(F)F,1,0.688436,0.675422,0.433716
ONC(=O)CCCCCNC(=O)OCc1ccc(cc1)CO[C@@H]1C[C@@H](C=C(O1)C(=O)N1CCN(CC1)Cc1ccccc1)c1ccc(cc1)Br,0,0.000049,0.148482,0.051155
CC(C)NC(=O)N(C)C[C@@H]1Oc2ccc(cc2C(=O)N(C[C@@H]1C)[C@@H](C)CO)NS(=O)(=O)c1ccc(cc1)C,0,0.010617,0.024669,0.006968
C[C@@H]1CN([C@@H](C)CO)C(=O)c2cc(ccc2O[C@H]1CN(C)Cc1ccc(cc1)C(F)(F)F)NC(=O)Nc1cccc2ccccc12,0,0.153344,0.061064,0.037350
CO[C@@H]1CN(C)C(=O)c2cc(ccc2OC[C@@H](C)N(C[C@H]1C)C(=O)Cc1cccnc1)NS(=O)(=O)c1cccc(c1)OC,0,0.001109,0.024945,0.003569
COc1ccc(cc1)S(=O)(=O)Nc1ccc2c(c1)C(=O)N(C[C@H](C)[C@@H](CN(C)Cc1ccc3c(c1)OCO3)OCCCC[C@H](C)O2)[C@H](C)CO,0,0.000556,0.024786,0.003554
CCC(=O)N1[C@@H]([C@@H](CO)[C@@H]2CN3C(=O)C(=CC=C3[C@@H]21)C=CC)C(=O)NCCc1cn(cn1)C,0,0.039608,0.149973,0.026033
C[C@H]1CCCCO[C@@H](CN(C)CC2CCCCC2)[C@H](C)CN([C@@H](C)CO)C(=O)c2cc(ccc2O1)NC(=O)Nc1cccc2ccccc12,0,0.059130,0.035647,0.009298
COc1ccc(cc1)NC(=O)Nc1ccc2c(c1)C(=O)N(C[C@H](C)[C@@H](CN(C)Cc1ccncc1)OCCCC[C@H](C)O2)[C@H](C)CO,0,0.010533,0.023933,0.004164
OC[C@@H]1O[C@@H](C[C@H]2[C@@H]1Oc1ccc(cc12)NC(=O)Cc1ccncc1)CC(=O)NCc1ccc2c(c1)OCO2,0,0.004526,0.027223,0.015827
COc1cc(O)c(C(C)=O)c(OC)c1,0,0.664687,0.145754,0.131717
OCCN1[C@@H]2C(=O)N(CCN3CCOCC3)CC=C[C@@]32O[C@@H]2C=CCOC(=O)[C@@H]2[C@H]3C1=O,0,0.630252,0.207912,0.105759
CO[C@@H]1CN(C)C(=O)c2ccc(cc2OC[C@@H](C)N(C[C@H]1C)C(=O)Nc1ccc(cc1)C(F)(F)F)NC(=O)C1CC1,0,0.618724,0.512544,0.562557
OC[C@@H]1O[C@@H](C[C@H]2[C@@H]1Oc1ccc(cc12)NC(=O)Cc1ccncc1)CC(=O)NCc1cc(ccc1F)F,0,0.123594,0.037718,0.020023
COc1ccc2c3c(n(c2c1)C)[C@H](CO)N(C[C@]13CN(C1)C(=O)c1ccncc1)C(=O)C1CCCCC1,0,0.021165,0.124369,0.067155
C[C@H]1CN([C@@H](C)CO)C(=O)Cc2cc(ccc2O[C@@H]1CN(C)Cc1ccc(cc1)Oc1ccccc1)NC(=O)CCCN(C)C,0,0.011579,0.031842,0.008788
CON,0,0.000002,0.115957,0.031398
CCS(=O)(=O)NCC[C@H]1CC[C@H](NC(=O)C2CCOCC2)[C@@H](CO)O1,0,0.012599,0.042881,0.012599
CC(CO)(CO)NS(=O)(=O)c1ccccc1,0,0.022361,0.312020,0.014201
C[C@@H]1CN([C@H](C)CO)C(=O)Cc2cc(ccc2O[C@@H]1CN(C)S(=O)(=O)c1cn(cn1)C)NS(=O)(=O)c1ccc(cc1)C,0,0.001591,0.024251,0.003912
C[C@H]1CN([C@H](C)CO)C(=O)Cc2cc(ccc2O[C@H]1CN(C)Cc1ccc(cc1)C(=O)O)NC(=O)Nc1ccc(cc1)C(F)(F)F,0,0.660937,0.038176,0.017792
CO[C@@H]1CN(C)C(=O)c2cc(ccc2OC[C@@H](C)N(C[C@H]1C)C(=O)C)NC(=O)c1ccc(cc1)Oc1ccccc1,0,0.000829,0.030383,0.007947
O[C@H]1[C@@H](C[C@](C[C@H]1OC(=O)/C=C/c1ccc(c(c1)O)O)(OC(=O)/C=C/c1ccc(c(c1)O)O)C(=O)O)OC(=O)/C=C/c1ccc(c(c1)O)O,0,0.576309,0.149212,0.099106
COc1cc2c(cc1OC)[C@@]13ON=C([C@@H]1CCN3CC2)c1ccc(cc1)OCCOC(=O)NCCCCCC(=O)NO,0,0.002455,0.207683,0.103194
C[C@@H]1CCCCO[C@@H](CN(C)C(=O)Nc2ccccc2)[C@@H](C)CN([C@H](C)CO)C(=O)c2cc(ccc2O1)NS(=O)(=O)c1ccc(cc1)C,0,0.002279,0.024238,0.003463
Fc1ccc2c(c1)[C@]1(CCO2)NC(=O)NC1=O,0,0.023920,0.300072,0.223917
Cn1cnc(c1)CCNC(=O)C[C@@H]1CC[C@@H]2[C@H](COC[C@@H](O)CN2C(=O)Nc2ccc(cc2)Cl)O1,0,0.935938,0.765121,0.634270
Fc1ccc(c(c1)F)-n1cccc1,0,0.530358,0.110759,0.082190
C[C@@H]1CCCCO[C@@H](CN(C)C(=O)Nc2ccc(cc2)F)[C@H](C)CN([C@H](C)CO)C(=O)c2cc(ccc2O1)NC(=O)Nc1ccc(cc1)F,0,0.281965,0.032640,0.012757
CCS(=O)(=O)N1Cc2cc(nc(c2[C@H]1CCO)-c1cccc(c1)-c1ccncc1)C(=O)NCCOC,0,0.018654,0.042197,0.008957
COc1ccccc1S(=O)(=O)N(C)C[C@H]1OCc2cnnn2CCCC(=O)N(C[C@H]1C)[C@H](C)CO,0,0.020582,0.025479,0.005800
CC1=CC=CN2C(=O)C(=CN=C21)c1nn[nH]n1,0,0.068062,0.098939,0.085472
C[C@H]1CN([C@H](C)CO)S(=O)(=O)c2ccc(cc2O[C@@H]1CN(C)S(=O)(=O)c1cn(cn1)C)Br,0,0.064491,0.026766,0.005815
C[C@@H]1CCCCO[C@@H](CN(C)Cc2ccc(cc2)C(F)(F)F)[C@@H](C)CN([C@H](C)CO)C(=O)c2cc(ccc2O1)NC(=O)C1CCCCC1,0,0.124634,0.037012,0.021373
O=C(c1cccnc1)N1CCOCC1,0,0.006240,0.040703,0.011770
C[N+](C)(C)CCCC[C@@H]1NC(=O)[C@H]2C[C@H]([C@H](N2C1=O)c1ccc(cc1)O)C(=O)NCc1ccc(cc1)F,0,0.626724,0.232935,0.428726
Cc1ccc2nc([nH]c2c1)-c1ccco1,0,0.223271,0.097869,0.105939
C[C@@H]1CCCCO[C@H](CN(C)C(=O)Nc2ccc3c(c2)OCO3)[C@H](C)CN([C@H](C)CO)C(=O)c2cc(ccc2O1)NC(=O)NC1CCCCC1,0,0.012192,0.024000,0.003533
C[C@@H]1CN([C@@H](C)CO)C(=O)c2cccc(c2O[C@H]1CN(C)Cc1ccc(c(c1)Cl)Cl)NS(=O)(=O)c1ccc(cc1)F,0,0.050949,0.030582,0.007093
OCCNCCNc1ccc(c2c1C(=O)c1ccccc1C2=O)NCCNCCO,0,0.941257,0.380793,0.182909
C[C@@H]1CN([C@H](C)CO)C(=O)c2cc(ccc2O[C@H]1CN(C)C(=O)NC1CCCCC1)NC(=O)Nc1ccc(cc1)C(F)(F)F,0,0.714005,0.463115,0.330315
C[C@H]1CCCCO[C@@H](CN(C)S(=O)(=O)c2ccc(cc2)F)[C@@H](C)CN([C@H](C)CO)C(=O)c2cc(ccc2O1)NC(=O)C1CCCCC1,0,0.006395,0.024326,0.005711
C[C@@H]1CN([C@@H](C)CO)C(=O)c2cc(ccc2O[C@@H]1CN(C)C(=O)Nc1ccc(cc1)C(F)(F)F)NS(=O)(=O)C,0,0.607490,0.197133,0.163197
C[C@@H]1CN([C@@H](C)CO)C(=O)c2cc(ccc2O[C@H]1CN(C)S(=O)(=O)c1cn(cn1)C)NS(=O)(=O)C,0,0.022033,0.024511,0.006344
COCC#Cc1ccc2c(c1)O[C@@H](CN(C)C(=O)c1ccccc1)[C@@H](C)CN([C@@H](C)CO)S2(=O)=O,0,0.022742,0.027072,0.005612
CN(C)CCOC(c1ccccc1)c1ccccc1.Cl,0,0.981459,0.296454,0.288140
COc1ccc(cc1)NC(=O)Nc1ccc2c(c1)C(=O)N(C[C@@H](C)[C@H](CN(C)CC1CC1)OCCCC[C@@H](C)O2)[C@@H](C)CO,0,0.081816,0.028284,0.006996
COc1ccc(cc1)NC(=O)N(C)C[C@@H]1OCCCC[C@@H](C)Oc2ccc(cc2C(=O)N(C[C@@H]1C)[C@@H](C)CO)NC(=O)Nc1ccc(cc1)C(F)(F)F,0,0.380125,0.026010,0.009859
C[C@@H]1CN([C@@H](C)CO)C(=O)Cc2cc(ccc2O[C@H]1CN(C)C)NS(=O)(=O)c1cn(cn1)C,0,0.020125,0.024735,0.005504
C[C@@H]1CCCCO[C@H](CN(C)Cc2ccc(cc2)C(=O)O)[C@H](C)CN([C@H](C)CO)C(=O)c2cc(ccc2O1)NC(=O)Cc1ccccc1,0,0.030756,0.026123,0.009496
COc1ccc(cc1)S(=O)(=O)N(C)C[C@H]1Oc2c(cccc2C(=O)N(C[C@@H]1C)[C@@H](C)CO)NC(=O)C1CCOCC1,0,0.014222,0.024571,0.004340
C[C@@H]1CN([C@H](C)CO)C(=O)c2cc(ccc2O[C@H]1CN(C)Cc1ccc(cc1)C(=O)Nc1ccccc1N)NC(=O)Cc1ccccc1,0,0.002268,0.025457,0.005589
CC(C)NC(=O)NCC[C@@H]1CC[C@@H](NC(=O)CN(C)C)[C@@H](CO)O1,0,0.175454,0.027783,0.009924
C[C@H]1CN([C@@H](C)CO)C(=O)Cc2cc(ccc2O[C@@H]1CN(C)C(=O)Nc1ccc(cc1)C(F)(F)F)NC(=O)C1CCCCC1,0,0.424329,0.088405,0.080519
C[C@H]1CCCCO[C@@H](CN(C)C(=O)Nc2ccc(cc2)F)[C@@H](C)CN([C@H](C)CO)C(=O)c2cc(ccc2O1)NS(=O)(=O)c1cccs1,0,0.020038,0.024454,0.004852
CC(C)c1cccc(c1)NC(=O)C[C@H]1CC[C@H]2[C@@H](COc3ccc(cc3C(=O)N2C)NS(=O)(=O)c2ccccc2Cl)O1,0,0.011816,0.040787,0.016385
COc1ccc2cc(CCC(C)=O)ccc2c1,0,0.678528,0.402625,0.356712
C[C@@H]1CN([C@@H](C)CO)C(=O)Cc2cc(ccc2O[C@@H]1CN(C)CC1CCCCC1)NC(=O)CCCCCC(=O)Nc1ccccc1N,0,0.026812,0.047478,0.009688
CC(C)(C)OC(=O)N[C@H]1[C@@H]2CNC[C@@H]21,0,0.000038,0.038413,0.017529
C[C@@H]1CN([C@H](C)CO)C(=O)c2cccc(c2O[C@@H]1CN(C)Cc1ccc(cc1)C(=O)O)NC(=O)C1CC1,0,0.103850,0.036745,0.023727
COc1cc(C)c(C(=O)O)c(OC(C)=O)c1,0,0.363613,0.129339,0.148104
COc1cccc(c1)S(=O)(=O)N(C)C[C@@H]1Oc2ncc(cc2C(=O)N(C[C@H]1C)[C@H](C)CO)C#CCN(C)C,0,0.025190,0.024620,0.005593
COc1ccccc1S(=O)(=O)N[C@@H]1C=C[C@H](CC(=O)N2CCN(C)CC2)O[C@@H]1CO,0,0.056644,0.025443,0.008508
C[C@@H]1CCCCO[C@H](CN(C)S(=O)(=O)c2ccccc2)[C@H](C)CN([C@@H](C)CO)C(=O)c2cc(ccc2O1)NC(=O)Nc1c(noc1C)C,0,0.004632,0.024526,0.003885
C[C@H]1CN([C@@H](C)CO)S(=O)(=O)c2ccc(cc2O[C@H]1CN(C)C(=O)Nc1ccc2c(c1)OCO2)C#Cc1cccnc1,0,0.019875,0.032075,0.004207
C[C@@H]1CN([C@H](C)CO)C(=O)Cc2cc(ccc2O[C@@H]1CN(C)Cc1ccc(cc1)Oc1ccccc1)NC(=O)Nc1ccc2c(c1)OCO2,0,0.004710,0.023650,0.005542
CN(C)CCCNC(=O)C[C@@H]1CC[C@H](NS(=O)(=O)c2ccccc2)[C@H](CO)O1,0,0.031275,0.027914,0.009735
CCS(=O)(=O)N1C[C@]2(C1)CN([C@H](CO)c1[nH]c3cc(ccc3c12)OC)S(=O)(=O)c1ccc(cc1)C,0,0.023285,0.059747,0.018782
NCCNC[C@@H](N)CCCNC(=N[N+](=O)[O-])N.FC(F)(F)C=O,0,0.909705,0.258516,0.068612
O[C@H]1COC[C@H]2O[C@H](CC[C@@H]2N(C1)S(=O)(=O)c1ccc(cc1)Cl)CC(=O)NCCN1CCCCC1,0,0.630643,0.122350,0.053215
C[C@@H]1CCCCO[C@@H](CN(C)Cc2ccc(cc2)C(F)(F)F)[C@H](C)CN([C@H](C)CO)C(=O)c2cc(ccc2O1)NS(=O)(=O)c1ccc(cc1)Cl,0,0.053354,0.024530,0.006792
CN1C(C(=O)Nc2ccccn2)=C(O)c2ccccc2S1(=O)=O,0,0.017737,0.035284,0.017071
C[C@@H]1CCCCO[C@@H](CN(C)Cc2ccccc2)[C@H](C)CN([C@@H](C)CO)C(=O)c2cc(ccc2O1)NC(=O)Nc1c(noc1C)C,0,0.024252,0.028441,0.007558
Cl.NC(=O)CCC(N)C(=O)O,0,0.035563,0.074822,0.037457
C[C@H]1CCCCO[C@@H](CN(C)C(=O)CCC(F)(F)F)[C@H](C)CN([C@H](C)CO)C(=O)c2cc(ccc2O1)NC(=O)NC1CCCCC1,0,0.057748,0.122328,0.044795
CON=C(C(=O)N[C@H]1[C@H]2SCC(=C(N2C1=O)C(=O)O)CSC1=NC(=O)C(=NN1C)O)c1csc(n1)N,1,0.999965,0.945396,0.960832
COCC(=O)Nc1ccc2c(c1)OC[C@@H](C)N(C[C@H](C)[C@H](CN(C)C2=O)OC)Cc1cccc(c1)F,0,0.015659,0.023966,0.007400
C[C@@H]1CN([C@@H](C)CO)C(=O)c2cc(ccc2O[C@@H]1CN(C)C(=O)Nc1cccc2ccccc12)NC(=O)NC1CCCCC1,0,0.018317,0.023417,0.007299
COc1ccc(cc1)S(=O)(=O)Nc1ccc2c(c1)C(=O)N(C[C@@H](C)[C@@H](CN(C)C(=O)Nc1ccccc1)OCCCC[C@H](C)O2)[C@@H](C)CO,0,0.001718,0.024243,0.003510
CCCN1C[C@@H](CCC1=O)C(=O)O,0,0.004817,0.033716,0.013550
C[C@H]1CN([C@H](C)CO)C(=O)c2cc(ccc2O[C@@H]1CN(C)S(=O)(=O)c1ccc(cc1)Cl)NC(=O)CCN1CCOCC1,0,0.006955,0.024457,0.005420
C[C@H]1CN([C@@H](C)CO)C(=O)c2cccc(c2O[C@@H]1CN(C)Cc1ccc(cc1)-c1ccccc1)NC(=O)CCCCCC(=O)Nc1ccccc1N,0,0.042222,0.028636,0.007301
O[C@@H]1COC[C@H]2O[C@H](CC[C@@H]2N(C1)C(=O)c1ccccc1)CC(=O)NCCCN1CCOCC1,0,0.135197,0.024569,0.021631
COc1ccc(cc1)S(=O)(=O)Nc1cccc2c1O[C@@H](CN(C)Cc1ccncc1)[C@H](C)CN([C@@H](C)CO)C2=O,0,0.002371,0.025358,0.004218
C[C@@H]1CN([C@H](C)CO)C(=O)Cc2cc(ccc2O[C@@H]1CN(C)S(=O)(=O)c1ccc(cc1)F)NC(=O)c1ccncc1,0,0.003288,0.024208,0.003992
C[C@@H]1CN([C@H](C)CO)C(=O)Cc2cc(ccc2O[C@H]1CN(C)Cc1ccc(cc1)-c1ccccc1)NC(=O)Nc1cccc2ccccc12,0,0.043454,0.029856,0.010311
CC(C)c1ccc(cc1)/C=C/C(=O)O,0,0.655885,0.073072,0.078794
C[C@@H]1CCCCO[C@@H](CN(C)CC2CCCCC2)[C@@H](C)CN([C@H](C)CO)C(=O)c2cc(ccc2O1)NS(=O)(=O)c1ccccc1,0,0.004866,0.024647,0.005577
OC[C@@H]1O[C@@H](CC(=O)N2CCC(CC2)Cc2ccccc2)C=C[C@@H]1NS(=O)(=O)c1ccc(cc1)F,0,0.052768,0.033170,0.017490
CC(=O)N[C@H]1[C@@H](O)[C@@H](O)[C@@H](CO)O[C@@H]1Oc1ccc(cc1)C(=O)C,0,0.208810,0.079534,0.103903
CO[C@@H]1CN(C)C(=O)c2ccc(cc2OC[C@@H](C)N(C[C@@H]1C)C(=O)CN(C)C)NC(=O)Nc1ccccc1,0,0.085151,0.028713,0.010365
C[C@@H]1CCCCO[C@H](CN(C)C(=O)Nc2ccc(cc2)F)[C@@H](C)CN([C@H](C)CO)C(=O)c2cc(ccc2O1)NC(=O)Nc1ccc(cc1)F,0,0.281965,0.032640,0.012757
CC(C)NC(=O)Nc1ccc2c(c1)C(=O)N(C[C@H](C)[C@@H](CN(C)S(=O)(=O)c1cn(cn1)C)O2)[C@@H](C)CO,0,0.028375,0.024191,0.005080
CC1CC2C3CCC4=CC(=O)C=CC4(C)C3(F)C(O)CC2(C)C1(O)C(=O)CO,0,0.072353,0.268092,0.121604
C[C@H]1CCCCO[C@H](CN(C)Cc2ccc3c(c2)OCO3)[C@H](C)CN([C@@H](C)CO)C(=O)c2cc(ccc2O1)NC(=O)Nc1ccc(cc1)F,0,0.045393,0.030577,0.010398
Nc1nc(cs1)CO,0,0.010887,0.066698,0.024781
C[C@@H]1CCCCO[C@H](CN(C)S(=O)(=O)c2cccs2)[C@@H](C)CN([C@@H](C)CO)C(=O)c2cc(ccc2O1)NC(=O)c1ccccc1,0,0.000348,0.024208,0.003315
COc1ccc(cc1)S(=O)(=O)Nc1ccc2c(c1)C(=O)N(C[C@H](C)[C@@H](CN(C)S(=O)(=O)c1cccs1)O2)[C@@H](C)CO,0,0.001548,0.025241,0.006051
C[C@H]1CN([C@@H](C)CO)C(=O)Cc2cc(ccc2O[C@H]1CN(C)C(=O)Nc1c(noc1C)C)NC(=O)CCN1CCOCC1,0,0.008431,0.026455,0.005464
C[C@@H]1CN([C@H](C)CO)C(=O)c2cc(cnc2O[C@H]1CN(C)S(=O)(=O)c1ccccc1)C#CC1(O)CCCC1,0,0.005736,0.027812,0.004350
C[C@@H]1CCCCO[C@@H](CN(C)S(=O)(=O)C)[C@H](C)CN([C@@H](C)CO)C(=O)c2cc(ccc2O1)NS(=O)(=O)c1cn(cn1)C,0,0.013653,0.024469,0.004299
C[C@H]1CCCCO[C@H](CN(C)Cc2ccc(cc2)C(=O)O)[C@@H](C)CN([C@@H](C)CO)C(=O)c2cc(ccc2O1)NC(=O)c1ccccc1,0,0.014119,0.025651,0.005982
C[C@H]1CN([C@H](C)CO)C(=O)c2cccc(c2O[C@H]1CN(C)Cc1ccc(cc1)C(F)(F)F)NC(=O)Nc1ccc(cc1)C(F)(F)F,0,0.966061,0.335682,0.197126
C[C@H]1CN([C@@H](C)CO)C(=O)c2cc(ccc2O[C@@H]1CN(C)C(=O)Nc1c(noc1C)C)NS(=O)(=O)C,0,0.061183,0.024037,0.007609
C1CNCCN1.CC12CCC3c4ccc(OS(=O)(=O)O)cc4CCC3C1CCC2=O,0,0.823177,0.244223,0.270214
COc1ccc(cc1O)[C@@H]1CC(=O)c2c(cc(cc2O1)O[C@@H]1O[C@H](CO[C@@H]2O[C@@H](C)[C@H](O)[C@@H](O)[C@H]2O)[C@@H](O)[C@H](O)[C@H]1O)O,0,0.587031,0.522440,0.298236
COc1ccc(cc1)NC(=O)Nc1ccc2c(c1)C(=O)N(C[C@H](C)[C@@H](CN(C)Cc1ccc(cc1)C(F)(F)F)O2)[C@H](C)CO,0,0.203642,0.038765,0.027618
CS(=O)(=O)N1[C@@H]2CN3C(=O)C(=CC=C3[C@H]1[C@H]([C@@H]2CO)C(=O)N1CCOCC1)C1=CCCCC1,0,0.001172,0.028755,0.012510
COC(OC)[C@H](Cc1ccccc1)N(C/C=C/[C@@H](OC(=O)C)c1ccccc1)[C@@H]([C@H](Cc1ccccc1)OC(=O)C)c1ccc(cc1)OC,0,0.007049,0.145204,0.049116
ONC(=O)CCCCCNC(=O)OCCCCO[C@@H]1C[C@@H](C=C(O1)C(=O)N1CCN(CC1)Cc1ccccc1)c1ccc(cc1)C(F)(F)F,0,0.000061,0.085863,0.057591
CCCCc1oc2ccc(NS(C)(=O)=O)cc2c1C(=O)c1ccc(OCCCN(CCCC)CCCC)cc1.Cl,0,0.748515,0.574595,0.890797
COC(=O)c1c(oc(c1C(=O)OC)C(=O)C)CC[C@@H](CO)NC(=O)N[C@H](Cn1cc(nn1)-c1ccccc1C)C(C)C,0,0.824424,0.207853,0.199689
O[C@]12COC2=C(Cl)C(=O)N2CCC[C@H]2C1,0,0.054322,0.105240,0.031606
C[C@H]1CN([C@@H](C)CO)C(=O)c2c(c3ccccc3n2C)-c2ccccc2CO[C@H]1CN(C)Cc1ccccc1C(F)(F)F,0,0.366763,0.146055,0.111846
COc1ccc2c3c(n(c2c1)C)[C@@H](CO)N(C[C@]13CN(C1)C(=O)C)C(=O)CN1CCOCC1,0,0.024461,0.094318,0.035482
C[C@@H]1CCCCO[C@H](CN(C)C(=O)Nc2cccc3ccccc23)[C@H](C)CN([C@H](C)CO)C(=O)c2cc(ccc2O1)NS(=O)(=O)c1cn(cn1)C,0,0.010714,0.024232,0.003244
C[C@H]1CN([C@@H](C)CO)S(=O)(=O)c2ccc(cc2O[C@H]1CN(C)C(=O)C1CC1)-c1ccc(cc1)C(=O)N(C)C,0,0.007340,0.025566,0.006512
C[C@H]1CCCCO[C@@H](CN(C)Cc2ccc(cc2)C(F)(F)F)[C@@H](C)CN([C@@H](C)CO)C(=O)c2cc(ccc2O1)NC(=O)Nc1ccc(cc1)C(F)(F)F,0,0.785025,0.063450,0.013474
C[C@@H]1CN([C@H](C)CO)C(=O)c2cccc(c2O[C@@H]1CN(C)CC1CCCCC1)NC(=O)CCCCCC(=O)Nc1ccccc1N,0,0.047534,0.043312,0.008759
C[C@@H]1CN([C@H](C)CO)C(=O)Cc2cc(ccc2O[C@H]1CN(C)S(=O)(=O)c1c(noc1C)C)NC(=O)C1CCCCC1,0,0.004648,0.027662,0.006676
C[C@@H]1CN([C@@H](C)CO)C(=O)c2cc(ccc2O[C@H]1CN(C)Cc1ccc(c(c1)Cl)Cl)NC(=O)NC1CCCCC1,0,0.162822,0.036878,0.017632
NC[C@H]1O[C@H](O[C@@H]2[C@@H](N)C[C@@H](N)[C@H](O[C@H]3O[C@H](CO)[C@@H](O)[C@H](N)[C@H]3O)[C@H]2O)[C@H](N)C[C@@H]1O,1,0.976332,0.769420,0.930250
C[C@H]1CN([C@@H](C)CO)C(=O)c2cc(ccc2O[C@@H]1CN(C)C(=O)Nc1c(noc1C)C)NC(=O)CCCN(C)C,0,0.040039,0.023844,0.005551
C[C@H]1CN([C@@H](C)CO)C(=O)Cc2cc(ccc2O[C@@H]1CN(C)S(=O)(=O)c1c(noc1C)C)NS(=O)(=O)c1ccccc1,0,0.001068,0.024317,0.004616
O[C@@H]1COC[C@@H]2O[C@H](CC[C@H]2N(C1)C(=O)c1ccccn1)CC(=O)NC1CCC1,0,0.041501,0.024322,0.016731
COc1ccc(cc1)S(=O)(=O)Nc1ccc2c(c1)[C@@H]1C[C@@H](CC(=O)NCC3CC3)O[C@@H](CO)[C@@H]1O2,0,0.002410,0.026851,0.007864
C[C@H]1CN([C@@H](C)CO)C(=O)Cc2cc(ccc2O[C@H]1CN(C)C(=O)NC1CCCCC1)NS(=O)(=O)C,0,0.009516,0.023557,0.007086
C[C@@H]1CN([C@H](C)CO)C(=O)c2cc(cnc2O[C@@H]1CN(C)Cc1ccc(cc1)F)C#Cc1cccnc1,0,0.053438,0.028509,0.008379
C[C@@H]1CN([C@@H](C)CO)C(=O)Cc2cc(ccc2O[C@@H]1CN(C)Cc1ccc(c(c1)Cl)Cl)NC(=O)NC1CCCCC1,0,0.188247,0.064080,0.020779
O=C1NCc2ccccc21,0,0.022592,0.032249,0.012967
C[C@@H]1CN([C@H](C)CO)C(=O)c2cc(ccc2O[C@H]1CN(C)S(=O)(=O)c1ccc(cc1)C)NS(=O)(=O)c1ccc(cc1)F,0,0.006143,0.024388,0.007000
CNC[C@H]1OCCCC[C@@H](C)Oc2ccc(cc2C(=O)N(C[C@H]1C)[C@H](C)CO)NS(=O)(=O)c1cn(cn1)C,0,0.042498,0.024198,0.004752
CNC[C@H]1Oc2c(cccc2C(=O)N(C[C@@H]1C)[C@@H](C)CO)NS(=O)(=O)c1cn(cn1)C,0,0.130206,0.024707,0.005495
C[C@H]1CN([C@H](C)CO)C(=O)Cc2cc(ccc2O[C@H]1CN(C)Cc1ccc(cc1)C(F)(F)F)NC(=O)CCCCCC(=O)Nc1ccccc1N,0,0.084342,0.025063,0.005553
C[C@@H]1CCCCO[C@@H](CN(C)C(=O)Nc2ccc(cc2)F)[C@H](C)CN([C@H](C)CO)C(=O)c2cc(ccc2O1)NC(=O)C1CCCCC1,0,0.061180,0.025790,0.007947
C[C@@H]1CCCCO[C@H](CN(C)C(=O)Nc2cccc3ccccc23)[C@@H](C)CN([C@H](C)CO)C(=O)c2cc(ccc2O1)NC(=O)NC1CCCCC1,0,0.009841,0.024312,0.003831
C[C@H]1CCCCO[C@@H](CN(C)C(=O)c2ccncc2)[C@@H](C)CN([C@H](C)CO)C(=O)c2cc(ccc2O1)NS(=O)(=O)C,0,0.001703,0.024828,0.003478
CC(C)C[C@@H]1NC(=O)[C@@H]2C[C@@H]([C@@H](N2C1=O)c1ccc(cc1)O)C(=O)OCCOc1ccc(cc1)[C@@H]1N2[C@H]([C@H](C(=O)OCC=C)[C@@]11C(=O)Nc3ccc(cc31)I)C(=O)O[C@H]([C@H]2c1ccccc1)c1ccccc1,0,0.110645,0.168525,0.016245
COc1ccc(cc1)CN(C)C[C@H]1Oc2ccc(cc2C(=O)N(C[C@@H]1C)[C@H](C)CO)NC(=O)Nc1ccc(cc1)C(F)(F)F,0,0.394632,0.194875,0.263362
C[C@H]1CCCCO[C@H](CN(C)S(=O)(=O)c2cccs2)[C@@H](C)CN([C@@H](C)CO)C(=O)c2cc(ccc2O1)NC(=O)Nc1ccccc1,0,0.003061,0.024288,0.003564
Cl.Cl.OCCOCCN1CCN(C(c2ccccc2)c2ccc(Cl)cc2)CC1,0,0.497405,0.546991,0.406606
Nc1ncnc2[nH]cnc12,0,0.179732,0.065790,0.022390
CC(C)[Si]1(OCc2cc(nc(c21)-c1ccccc1)-c1ccc(o1)-c1ccc(c(c1)Cl)Cl)C(C)C,0,0.445508,0.679431,0.495901
C[C@H]1CN([C@H](C)CO)C(=O)c2cccc(c2O[C@H]1CN(C)Cc1ccc(cc1)-c1ccccc1)NC(=O)Nc1ccc(cc1)C(F)(F)F,0,0.801621,0.160717,0.095578
COc1ccc(cc1)S(=O)(=O)Nc1ccc2c(c1)CC(=O)N(C[C@@H](C)[C@H](CN(C)Cc1ccc(cc1)-c1ccccc1)O2)[C@H](C)CO,0,0.002447,0.024950,0.005131
CC(C)(C)N1C[C@@H](CC1=O)C(=O)O,0,0.010158,0.043355,0.016171
C[C@@H]1CCCCO[C@@H](CN(C)Cc2ccncc2)[C@@H](C)CN([C@@H](C)CO)C(=O)c2cc(ccc2O1)NS(=O)(=O)C,0,0.006023,0.024883,0.003613
C[C@H]1CCCCO[C@@H](CN(C)CC2CC2)[C@H](C)CN([C@@H](C)CO)C(=O)c2cc(ccc2O1)NS(=O)(=O)c1cn(cn1)C,0,0.047750,0.024468,0.005013
C[C@H]1CN([C@@H](C)CO)C(=O)Cc2cc(ccc2O[C@H]1CN(C)Cc1ccc(cc1)-c1ccccc1)NC(=O)Nc1ccc2c(c1)OCO2,0,0.045135,0.029255,0.006289
OCC1OC(OCC2OC(O)C(O)C(O)C2O)C(O)C(O)C1O,0,0.030687,0.084739,0.055463
NCCc1[nH]nc2c1CCCC2,0,0.091293,0.058177,0.016059
CS(=O)(=O)CCC/C(=N\OS(=O)(=O)O)S[C@@H]1O[C@H](CO)[C@@H](O)[C@H](O)[C@H]1O,0,0.027061,0.339916,0.329228
COc1ccc(cc1)NC(=O)N(C)C[C@@H]1OCCCC[C@H](C)Oc2ccc(cc2C(=O)N(C[C@@H]1C)[C@H](C)CO)NS(=O)(=O)c1ccc(cc1)C,0,0.001958,0.024539,0.003776
CN1CCC(CC1)N(C)C(=O)COc1ccc(cc1)S(=O)(=O)N1CCOCC1,0,0.028672,0.040010,0.011514
COc1cccc(c1)NC(=O)N(C)C[C@@H]1OCc2ccccc2-c2c(n(c3ccccc23)C)C(=O)N(C[C@H]1C)[C@@H](C)CO,0,0.016664,0.032104,0.006624
C[C@H]1CCCCO[C@@H](CN(C)C(=O)c2ccccc2)[C@H](C)CN([C@@H](C)CO)C(=O)c2cc(ccc2O1)NC(=O)NC1CCCCC1,0,0.003300,0.023318,0.003850
C[C@@H]1CCCCO[C@@H](CN(C)C(=O)c2ccccc2)[C@@H](C)CN([C@H](C)CO)C(=O)c2cc(ccc2O1)NS(=O)(=O)c1ccccc1,0,0.000168,0.024238,0.003740
CC(C)NCC(O)c1ccc(NS(C)(=O)=O)cc1.Cl,0,0.252234,0.105009,0.029011
C[C@@H]1CN([C@H](C)CO)S(=O)(=O)c2ccc(cc2O[C@H]1CN(C)C(=O)C1CCCCC1)Br,0,0.061725,0.053175,0.013290
C[C@@H]1CCCCO[C@H](CN(C)Cc2ccc(cc2)C(=O)O)[C@H](C)CN([C@H](C)CO)C(=O)c2cc(ccc2O1)NS(=O)(=O)c1ccc(cc1)F,0,0.020623,0.028256,0.005611
CCC(=O)N(C)C[C@@H]1Oc2ncc(cc2C(=O)N(C[C@H]1C)[C@H](C)CO)C#C[C@H](C)O,0,0.010751,0.021815,0.008168
CN(C)CC#Cc1ccc(cc1)[C@@H]1[C@@H](CO)N2CCCCN(C[C@@H]12)C(=O)CN(C)C,0,0.986956,0.059477,0.067192
COc1ccc(cc1)S(=O)(=O)Nc1ccc2c(c1)C(=O)N(C[C@H](C)[C@@H](CN(C)C(=O)Nc1ccccc1)OCCCC[C@H](C)O2)[C@H](C)CO,0,0.001718,0.024243,0.003510
CCC1C(=O)OCC1Cc1cncn1C.O=[N+]([O-])O,0,0.476020,0.169383,0.193493
C[C@H]1CN([C@H](C)CO)C(=O)Cc2cc(ccc2O[C@@H]1CN(C)CC1CC1)NC(=O)CCN1CCOCC1,0,0.018122,0.029356,0.007742
C[C@H]1CN([C@H](C)CO)C(=O)Cc2cc(ccc2O[C@@H]1CN(C)Cc1ccc(cc1)Oc1ccccc1)NS(=O)(=O)c1ccc(cc1)F,0,0.000908,0.025213,0.006033
C[C@@H]1CN([C@H](C)CO)C(=O)c2cc(ccc2O[C@H]1CN(C)C(=O)Nc1ccc2c(c1)OCO2)NC(=O)CCCN(C)C,0,0.017409,0.023688,0.004197
C[C@@H]1CN([C@H](C)CO)C(=O)c2cc(cnc2O[C@@H]1CN(C)C(=O)c1cnccn1)C#CCN(C)C,0,0.113090,0.024688,0.007888
C[C@H]1CCCCO[C@H](CN(C)Cc2ccc(cc2)C(=O)O)[C@@H](C)CN([C@H](C)CO)C(=O)c2cc(ccc2O1)NC(=O)Nc1cccc2ccccc12,0,0.037284,0.029233,0.004723
CCS(=O)(=O)Nc1ccc2c(c1)C(=O)N(C)[C@@H]1CC[C@H](CC(=O)N3CCN(C)CC3)O[C@H]1CO2,0,0.009014,0.167657,0.007663
CN(c1cccc(c1)C(=O)N)S(=O)(=O)C,0,0.052870,0.054133,0.010822
OC[C@@H]1O[C@@H](CC[C@H]1NC(=O)Nc1ccc2c(c1)OCO2)CC(=O)NCCCN1CCOCC1,0,0.099170,0.036873,0.024063
COC(=O)C(CC#Cc1ccc2c(c1)[C@]1([C@H]([C@H]3N([C@@H]([C@@H](OC3=O)c3ccccc3)c3ccccc3)[C@H]1c1ccc(cc1)O)C(=O)N1CCCCCCC1)C(=O)N2)C(=O)OC,0,0.046170,0.252507,0.105592
CC(C)NC(=O)Nc1ccc2c(c1)C(=O)N(C[C@H](C)[C@@H](CN(C)Cc1ccc(cc1)C(=O)O)O2)[C@@H](C)CO,0,0.084646,0.036640,0.018723
COc1cc2c(cc1OC)C(=O)OC2,0,0.415668,0.096473,0.103708
CN1C(=O)N(C)c2nc(n(c2C1=O)CC(=C)C)N1CCC(CC1)C(=O)N,0,0.834592,0.107912,0.148706
OC[C@H]1[C@@H]2CN3C(=O)C=CC=C3[C@@H]2N([C@@H]1C(=O)NCC(F)(F)F)C(=O)C1CCC1,0,0.058380,0.472181,0.440233
C[C@@H]1CCCCO[C@@H](CN(C)C(=O)Cc2ccccc2)[C@H](C)CN([C@H](C)CO)C(=O)c2cc(ccc2O1)NC(=O)c1ccccc1,0,0.000632,0.023197,0.004481
CC(C)NC(=O)Nc1ccc2c(c1)C(=O)N(C[C@@H](C)[C@@H](CN(C)C(=O)Nc1ccc(cc1)F)OCCCC[C@@H](C)O2)[C@@H](C)CO,0,0.110865,0.026439,0.007733
C[C@@H]1CN([C@H](C)CO)S(=O)(=O)c2ccc(cc2O[C@@H]1CN(C)C(=O)Nc1ccc(cc1)F)C#CC1(O)CCCC1,0,0.118086,0.027692,0.009146
CC(C)(O)[C@H]1CC[C@](C)(O1)[C@H]1[C@@H](O)C[C@@]2(C)[C@@H]3C[C@H](O[C@@H]4O[C@H](CO)[C@@H](O)[C@H](O)[C@H]4O)[C@H]4C(C)(C)[C@H](CC[C@@]44C[C@@]34CC[C@]12C)O[C@@H]1OC[C@@H](O)[C@H](O)[C@H]1O,0,0.867090,0.072803,0.036177
O=C1CN(CCN1)C(=O)c1ccc2c(c1)OCO2,0,0.027902,0.125660,0.040478
C[C@@H]1CN([C@H](C)CO)C(=O)Cc2cc(ccc2O[C@H]1CN(C)Cc1ccc(cc1)C(F)(F)F)NC(=O)C1CCCCC1,0,0.132263,0.059900,0.033114
CC(NC(=NC#N)Nc1ccncc1)C(C)(C)C,0,0.001029,0.192361,0.208499
COc1ccc2c3c([nH]c2c1)[C@@H](CO)N(C[C@]13CN(C1)S(=O)(=O)C)C(=O)C1CCOCC1,0,0.030675,0.028883,0.014580
C[C@@H]1CN([C@H](C)CO)C(=O)Cc2cc(ccc2O[C@@H]1CN(C)S(=O)(=O)c1ccc(cc1)C)NC(=O)CCN1CCOCC1,0,0.001212,0.025391,0.004561
Clc1cccc(c1CSCc1cc2ccccc2o1)Cl,0,0.263593,0.848271,0.679870
C[C@@H]1CN([C@@H](C)CO)C(=O)c2cc(ccc2O[C@@H]1CN(C)S(=O)(=O)c1cn(cn1)C)NC(=O)NC1CCCCC1,0,0.018452,0.024232,0.004484
C[C@H]1CN([C@@H](C)CO)C(=O)c2cccc(c2O[C@@H]1CN(C)S(=O)(=O)c1cccs1)NC(=O)Nc1cccc2ccccc12,0,0.012217,0.024832,0.004114
COCC#Cc1cnc2c(c1)C(=O)N(C[C@@H](C)[C@@H](CN(C)C(=O)Nc1cc(ccc1F)F)O2)[C@H](C)CO,0,0.598160,0.062050,0.027064
COc1ccc(cc1)CN(C)C[C@H]1OCCCC[C@@H](C)Oc2ccc(cc2C(=O)N(C[C@@H]1C)[C@@H](C)CO)NC(=O)Nc1ccc(cc1)OC,0,0.022310,0.023745,0.005158
OC[C@H]1O[C@H](CC[C@H]1NS(=O)(=O)c1ccc(cc1)F)CC(=O)NCc1ccc(c(c1)Cl)Cl,0,0.429134,0.058201,0.037808
C[C@@H]1CN([C@@H](C)CO)C(=O)c2cc(ccc2O[C@@H]1CN(C)S(=O)(=O)c1ccc(cc1)C)NC(=O)Cn1cnnn1,0,0.013712,0.024501,0.004066
O=C1NN=C(C=C1)n1cccn1,0,0.095420,0.099490,0.142728
CN1[C@@H]2CC[C@H](CC(=O)NCCN3CCCCC3)O[C@@H]2COc2ccc(cc2C1=O)NS(=O)(=O)c1cccc(c1)F,0,0.017749,0.025774,0.008558
C[C@@H]1CCCCO[C@@H](CN(C)S(=O)(=O)c2ccccc2)[C@H](C)CN([C@H](C)CO)C(=O)c2cc(ccc2O1)NC(=O)Nc1ccc2c(c1)OCO2,0,0.001882,0.024234,0.003720
COCC#Cc1ccc2c(c1)O[C@@H](CN(C)C(=O)COC)[C@@H](C)CN([C@@H](C)CO)S2(=O)=O,0,0.084985,0.025244,0.008019
C[C@@H]1CCCCO[C@@H](CN(C)Cc2ccc(cc2)C(F)(F)F)[C@@H](C)CN([C@@H](C)CO)C(=O)c2cc(ccc2O1)NC(=O)Nc1ccc(cc1)C(F)(F)F,0,0.785025,0.063450,0.013474
CC(C)N1CC=C[C@@]23O[C@@H]4C=CCOC(=O)[C@@H]4[C@H]2C(=O)N(CCCCCO)[C@@H]3C1=O,0,0.214060,0.199591,0.140364
O[C@H]1COC[C@@H]2O[C@H](CC[C@H]2N(C1)Cc1ccccc1F)CC(=O)N[C@@H]1CCN(C1)Cc1ccccc1,0,0.222534,0.076913,0.061243
C[C@@H]1CN([C@H](C)CO)C(=O)c2cc(cnc2O[C@H]1CN(C)S(=O)(=O)C)C#CC1(O)CCCC1,0,0.010034,0.028496,0.005744
C[C@H]1CN([C@@H](C)CO)C(=O)c2cc(ccc2O[C@@H]1CN(C)S(=O)(=O)c1ccc(cc1)Cl)NC(=O)CCCN(C)C,0,0.029316,0.025044,0.006124
OC(=O)CN(CC(=O)O)CC1=CC2=C(c3ccccc3C(=O)O)c3cc(c(cc3OC2=CC1=O)O)CN(CC(=O)O)CC(=O)O,0,0.999157,0.343094,0.114204
C[C@H]1CN([C@H](C)CO)C(=O)c2c(c3ccccc3n2C)-c2ccccc2CO[C@H]1CN(C)S(=O)(=O)c1ccc(cc1)Cl,0,0.035239,0.042648,0.005920
C[C@H]1CN([C@@H](C)CO)C(=O)Cc2cc(ccc2O[C@H]1CN(C)C(=O)Nc1cccc2ccccc12)NC(=O)Nc1cccc2ccccc12,0,0.010480,0.026145,0.007317
CC(C)NC(=O)N(C)C[C@@H]1Oc2ccc(cc2CC(=O)N(C[C@H]1C)[C@H](C)CO)NC(=O)Cn1cnnn1,0,0.025280,0.030829,0.009088
C[C@H](O)[C@H](O)[C@@H](O)[C@@H](O)/C=N/NC(=O)CCCCC(=O)NO,0,0.000900,0.046316,0.018065
COc1cccc(c1)-c1cn(nn1)CC[C@@H]1CC[C@H](NC(=O)CN(C)C)[C@@H](CO)O1,0,0.760574,0.041181,0.016264
C[C@@H]1CCCCO[C@H](CN(C)S(=O)(=O)c2cn(cn2)C)[C@H](C)CN([C@@H](C)CO)C(=O)c2cc(ccc2O1)NS(=O)(=O)c1ccccc1,0,0.000617,0.024251,0.003740
CC(C)CC(=O)N1CCN(CC1)S(=O)(=O)C,0,0.000526,0.036393,0.008530
COc1ccc2c3c(n(c2c1)C)[C@H](CO)N(C[C@]13CCN(CC1)C(=O)CN1CCOCC1)C(=O)Nc1ccc(cc1)F,0,0.261981,0.170408,0.102161
CC(C)NC(=O)N(C)C[C@@H]1Oc2cc(ccc2S(=O)(=O)N(C[C@H]1C)[C@@H](C)CO)C#Cc1ccccn1,0,0.056634,0.032231,0.007521
COc1ccc(cc1)CN(C)C[C@@H]1OCCCC[C@@H](C)Oc2ccc(cc2C(=O)N(C[C@@H]1C)[C@@H](C)CO)NC(=O)c1ccncc1,0,0.003260,0.023348,0.003154
C[C@H]1CN([C@@H](C)CO)C(=O)c2cc(ccc2O[C@@H]1CN(C)S(=O)(=O)c1ccccc1)NC(=O)Nc1cccc2ccccc12,0,0.008126,0.024277,0.003966
C[C@H]1CN([C@H](C)CO)C(=O)Cc2cc(ccc2O[C@H]1CN(C)Cc1ccc(c(c1)Cl)Cl)NS(=O)(=O)c1ccc(cc1)C,0,0.006166,0.030865,0.005537
Cc1ccc(cc1)OCc1nnn(c1-c1ccccc1)CC(=O)NS(=O)(=O)c1c(nn(c1Cl)C)C,0,0.055287,0.071714,0.035932
C[C@@H]1CN([C@H](C)CO)C(=O)c2cc(cnc2O[C@H]1CN(C)S(=O)(=O)c1ccc(cc1)C)C#CC1(O)CCCC1,0,0.008657,0.024743,0.004203
CCC(C)(O)C#C,0,0.000543,0.070298,0.017090
COc1ccc(cc1)C(=O)Nc1ccc2c(c1)C(=O)N(C)[C@H]1CC[C@@H](CC(=O)NCC3CC3)O[C@@H]1CO2,0,0.005645,0.023954,0.007962
COc1ccccc1S(=O)(=O)N[C@H]1C=C[C@@H](CC(=O)N2CCN(C)CC2)O[C@H]1CO,0,0.056644,0.025443,0.008508
C[C@@H]1CN([C@@H](C)CO)C(=O)c2cc(ccc2O[C@H]1CN(C)S(=O)(=O)c1ccccc1)NC(=O)C1CC1,0,0.004737,0.024215,0.004528
C[C@H]1CN([C@H](C)CO)C(=O)c2cc(cnc2O[C@H]1CN(C)C(=O)c1ccc2c(c1)OCO2)C1=CCCC1,0,0.000681,0.024926,0.005967
CCCNC(=O)N1[C@@H]2CN3C(=O)C=CC=C3[C@H]1[C@H]([C@@H]2CO)C(=O)NCC(F)(F)F,0,0.470900,0.520894,0.540483
OC(=O)[C@H]1CCCN1CC=C,0,0.019849,0.023224,0.009348
OC[C@H]1CN(C(=O)O1)c1ccc(c(c1)F)OCC1(O)CCN(CC1)c1cc2c(cc1F)C(=O)C(=CN2C1CC1)C(=O)O,0,0.998870,0.768955,0.763508
C[C@@H]1CCCCO[C@H](CN(C)C(=O)Nc2c(noc2C)C)[C@H](C)CN([C@H](C)CO)C(=O)c2cc(ccc2O1)NC(=O)Nc1c(noc1C)C,0,0.041280,0.024355,0.006713
COc1cccc(c1)-c1cn(nn1)CC[C@H]1CC[C@H](NC(=O)CN(C)C)[C@@H](CO)O1,0,0.760574,0.041181,0.016264
CNC(=O)C[C@H]1CC[C@H]2[C@@H](COC[C@H](O)CN2C(=O)Nc2cccc(c2)OC)O1,0,0.419865,0.198026,0.036769
CC1(C)OC2COC3(COS(N)(=O)=O)OC(C)(C)OC3C2O1,0,0.484989,0.494160,0.211798
CN1C(=Nc2ccccc2C1=O)CN,0,0.159362,0.074333,0.049176
C[C@H]1CN([C@H](C)CO)C(=O)c2cccc(c2O[C@@H]1CN(C)S(=O)(=O)c1ccccc1)NS(=O)(=O)c1cccs1,0,0.008931,0.025835,0.005172
C[C@H]1CN([C@@H](C)CO)C(=O)c2cc(cnc2O[C@H]1CN(C)C(=O)CN1CCOCC1)C#CCN(C)C,0,0.017395,0.025128,0.006006
C[C@@H]1CCCCO[C@@H](CN(C)S(=O)(=O)c2cccs2)[C@H](C)CN([C@@H](C)CO)C(=O)c2cc(ccc2O1)NC(=O)Nc1c(noc1C)C,0,0.003037,0.024729,0.004549
C[C@H]1CN([C@@H](C)CO)S(=O)(=O)c2ccc(cc2O[C@H]1CN(C)C(=O)Nc1cc(ccc1F)F)/C=C/c1ccccc1,0,0.194319,0.047311,0.009063
COC(=O)[C@H](Cc1ccccc1)N1CC(=C)[C@@H](/C=C/C=C)[C@@H]1[C@@H](O)CCn1cc(nn1)CCC(=O)NO,0,0.327550,0.082891,0.091194
CC(C)NC(=O)Nc1ccc2c(c1)CC(=O)N(C[C@@H](C)[C@@H](CN(C)C(=O)Nc1c(noc1C)C)O2)[C@@H](C)CO,0,0.046822,0.036539,0.009650
C[C@@H]1CN([C@H](C)CO)C(=O)c2cc(ccc2O[C@H]1CN(C)C(=O)Nc1ccccc1)NS(=O)(=O)c1cn(cn1)C,0,0.069574,0.024129,0.003921
COc1ccc(cc1)CN(C)C[C@@H]1Oc2ccc(cc2C(=O)N(C[C@@H]1C)[C@@H](C)CO)NC(=O)Nc1cccc2ccccc12,0,0.010868,0.029787,0.011855
COc1ccc(cc1)S(=O)(=O)N(C)C[C@H]1OCCCC[C@@H](C)Oc2ccc(cc2C(=O)N(C[C@@H]1C)[C@H](C)CO)NC(=O)c1ccccc1,0,0.000743,0.024270,0.003398
CCO[C@@H]1OC(=C[C@@H]([C@H]1CCCOC(=O)NCCCCCC(=O)NO)c1ccc(cc1)Br)C(=O)N1CCN(CC1)Cc1ccc2c(c1)OCO2,0,0.000046,0.049383,0.016737
O=C1NC(=O)C(=O)C(=O)N1,0,0.000084,0.219372,0.053347
COc1ccc(cc1)CCNC(=O)[C@]1(CC(=O)N(Cc2ccccc2C(F)(F)F)[C@@H]1c1ccc(cc1I)CO)Sc1ccc(cc1)C,0,0.801144,0.244501,0.105578
CNC[C@@H]1OCCCC[C@@H](C)Oc2ccc(cc2C(=O)N(C[C@@H]1C)[C@H](C)CO)NC(=O)CCCN(C)C,0,0.024508,0.034338,0.006975
Cc1cc(cc(c1-c1cccc(c1)COc1ccc2c(c1)OC[C@H]2CC(=O)O)C)OCCCS(=O)(=O)C,1,0.217918,0.607197,0.477296
C[C@@H]1CN([C@@H](C)CO)C(=O)Cc2cc(ccc2O[C@@H]1CN(C)C(=O)Nc1ccc(cc1)C(F)(F)F)NC(=O)Nc1cccc2ccccc12,0,0.363724,0.063362,0.030999
C[C@@H]1CN([C@@H](C)CO)C(=O)c2cc(ccc2O[C@@H]1CN(C)Cc1ccc(cc1)C(=O)Nc1ccccc1N)NC(=O)CCC(F)(F)F,0,0.117773,0.037771,0.012837
C[C@@H]1CN([C@H](C)CO)C(=O)c2cccc(c2O[C@H]1CN(C)Cc1ccc(cc1)C(F)(F)F)NC(=O)c1nc2ccccc2s1,0,0.133596,0.147376,0.032586
CC(C)NC(=O)Nc1ccc2c(c1)C(=O)N(C[C@H](C)[C@H](CN(C)S(=O)(=O)c1ccc(cc1)F)O2)[C@@H](C)CO,0,0.052283,0.025184,0.007206
CO[C@H]1C[C@H](CC[C@@H]1O)C[C@@H](C)[C@H]1CC(=O)[C@@H](C)/C=C(\C)[C@@H](O)[C@@H](OC)C(=O)[C@@H](C)C[C@@H](C)/C=C/C=C/C=C(\C)[C@@H](C[C@H]2CC[C@@H](C)[C@@](O)(O2)C(=O)C(=O)N2CCCC[C@@H]2C(=O)O1)OC,0,0.365454,0.472449,0.141569
C[C@H]1CN([C@H](C)CO)C(=O)c2cc(cnc2O[C@@H]1CN(C)C(=O)CN1CCOCC1)/C=C/c1ccccc1,0,0.003820,0.023238,0.006292
CCCNC(=O)N1C[C@H](O)COC[C@H]2O[C@@H](CC[C@@H]21)CC(=O)N1CCN(C)CC1,0,0.608668,0.030636,0.042881
C[C@@H]1CN([C@H](C)CO)C(=O)Cc2cc(ccc2O[C@@H]1CN(C)C(=O)Nc1ccc(cc1)C(F)(F)F)NC(=O)Nc1ccc(cc1)F,0,0.765755,0.066720,0.072427
C[C@@H]1CN([C@@H](C)CO)C(=O)c2cc(ccc2O[C@H]1CN(C)C(=O)Nc1ccc(cc1)C(F)(F)F)NS(=O)(=O)C,0,0.607490,0.197133,0.163197
OC[C@@H](O)[C@@H](O[C@@H]1O[C@H](CO)[C@H](O)[C@H](O)[C@H]1O)[C@H](O)[C@@H](O)C(=O)O,0,0.003023,0.068878,0.025046
C=CC(C)(O)CCC1C(C)(O)CCC2C(C)(C)CCCC21C,0,0.393051,0.181111,0.252685
CO[C@H]1[C@@H](CC(=O)OC(C)C/C=C/C=C/[C@H](O[C@H]2CC[C@@H]([C@@H](C)O2)N(C)C)[C@H](C)C[C@H](CC=O)[C@@H]1O[C@@H]1O[C@H](C)[C@@H](O[C@H]2C[C@@](C)(O)[C@@H](O)[C@H](C)O2)[C@@H]([C@H]1O)N(C)C)OC(=O)C,0,0.975702,0.903356,0.965441
CN(C)[C@H]1[C@@H]2C[C@H]3[C@H](C(=O)c4c(ccc(c4[C@@]3(C)O)Cl)O)C(=O)[C@]2(O)C(=O)[C@H](C(=O)N)C1=O,1,0.996533,0.916003,0.973259
COc1ccc(cc1)NC(=O)N(C)C[C@@H]1OCCCC[C@@H](C)Oc2ccc(cc2C(=O)N(C[C@H]1C)[C@H](C)CO)NS(=O)(=O)c1c(noc1C)C,0,0.002970,0.024308,0.004014
C[C@@H]1CCCCO[C@@H](CN(C)S(=O)(=O)c2ccc(cc2)F)[C@@H](C)CN([C@@H](C)CO)C(=O)c2cc(ccc2O1)NS(=O)(=O)c1ccc(cc1)C,0,0.002430,0.024489,0.005346
C[C@@H]1CN([C@H](C)CO)C(=O)c2cccc(c2O[C@@H]1CN(C)S(=O)(=O)c1c(noc1C)C)NC(=O)C1CC1,0,0.011824,0.025089,0.004888
C[C@H]1CCCCO[C@H](CN(C)Cc2ccc3c(c2)OCO3)[C@H](C)CN([C@H](C)CO)C(=O)c2cc(ccc2O1)NC(=O)CCC(F)(F)F,0,0.045001,0.019180,0.008158
C[C@H]1CCCCO[C@@H](CN(C)S(=O)(=O)c2ccc(cc2)F)[C@H](C)CN([C@H](C)CO)C(=O)c2cc(ccc2O1)NC(=O)Nc1ccc(cc1)C(F)(F)F,0,0.365343,0.173781,0.010054
C[C@H]1CN([C@H](C)CO)C(=O)c2cc(cnc2O[C@H]1CN(C)C(=O)C1CCOCC1)C#CCc1ccccc1,0,0.016187,0.028416,0.006675
CO[C@@H]1CN(C)C(=O)c2ccc(cc2OC[C@H](C)N(C[C@@H]1C)C(=O)CN(C)C)NC(=O)Nc1ccccc1,0,0.085151,0.028713,0.010365
CC(=O)OC(CC(=O)O)[N+](C)(C)C.[Cl-],0,0.015797,0.088830,0.048814
C[C@H]1CCCCO[C@H](CN(C)Cc2ccncc2)[C@H](C)CN([C@@H](C)CO)C(=O)c2cc(ccc2O1)NC(=O)Nc1ccc(cc1)C(F)(F)F,0,0.257972,0.030930,0.009927
C[C@H]1CN([C@H](C)CO)C(=O)Cc2cc(ccc2O[C@H]1CN(C)C(=O)Nc1c(noc1C)C)NS(=O)(=O)c1c(noc1C)C,0,0.006555,0.026041,0.006338
C[C@@H]1CN([C@@H](C)CO)C(=O)c2cccc(c2O[C@H]1CN(C)Cc1ccc(cc1)-c1ccccc1)NS(=O)(=O)c1ccc(cc1)Cl,0,0.029980,0.034295,0.008951
CC(C)CCC(=O)N1C[C@H]2[C@H](C1)S(=O)(=O)Cc1cnc(nc12)N1CCOCC1,0,0.001779,0.163284,0.078246
CCC(C)C(N)C1=NC(C(=O)NC(CC(C)C)C(=O)NC(CCC(=O)O)C(=O)NC(C(=O)NCCCCC2NC(=O)C(CC(N)=O)NC(=O)C(CC(=O)O)NC(=O)C(Cc3c[nH]cn3)NC(=O)C(Cc3ccccc3)NC(=O)C(C(C)CC)NC(=O)C(CCCN)NC2=O)C(C)CC)CS1,0,0.985206,0.819018,0.671417
CN1CC(=O)Nc2ccc(cc2C1=O)[N+](=O)[O-],0,0.177328,0.270096,0.172996
COc1ccc(cc1)NC(=O)N(C)C[C@@H]1Oc2ncc(cc2C(=O)N(C[C@H]1C)[C@H](C)CO)C#CC(C)C,0,0.086212,0.024123,0.005491
COc1ccc(cc1)S(=O)(=O)Nc1ccc2c(c1)C(=O)N(C[C@@H](C)[C@@H](CN(C)S(=O)(=O)c1ccc(cc1)C)O2)[C@H](C)CO,0,0.002866,0.024742,0.006458
CN1C(=O)C=C(NCCN(CCO)CCCc2ccc(cc2)[N+](=O)[O-])N(C)C1=O,0,0.908062,0.221147,0.197948
CCN1CCN(CC1)C(=O)CN1C(=O)c2ccccc2S1(=O)=O,0,0.002078,0.062763,0.016184
CO[C@@H](CN(C)S(=O)(=O)c1ccc(cc1)Cl)[C@H](C)CN([C@H](C)CO)S(=O)(=O)c1cccc(c1)Cl,0,0.310410,0.107841,0.019093
C[C@H](O)C#Cc1ccc2c(c1)O[C@H](CN(C)C(=O)Cc1ccccn1)[C@H](C)CN([C@@H](C)CO)S2(=O)=O,0,0.016016,0.028973,0.006783
C[C@H]1CN([C@@H](C)CO)S(=O)(=O)c2ccc(cc2O[C@H]1CN(C)C(=O)c1cnccn1)C1=CCCC1,0,0.008697,0.025084,0.006268
C[C@@H]1CN([C@@H](C)CO)C(=O)c2cc(ccc2O[C@@H]1CN(C)Cc1ccc(cc1)C(F)(F)F)NC(=O)Nc1ccc2c(c1)OCO2,0,0.106398,0.068592,0.026515
C[C@H]1CN([C@H](C)CO)C(=O)c2cccc(c2O[C@H]1CN(C)Cc1ccc(c(c1)Cl)Cl)NC(=O)Nc1cccc2ccccc12,0,0.172117,0.041224,0.010391
Nc1ccc(S(=O)(=O)Nc2ccc(Cl)nn2)cc1,0,0.219376,0.076619,0.027530
COc1ccc(cc1)S(=O)(=O)Nc1ccc2c(c1)CC(=O)N(C[C@H](C)[C@H](CN(C)C)O2)[C@@H](C)CO,0,0.002470,0.025050,0.005684
CC(C)NC(=O)N(C)C[C@H]1Oc2ccc(cc2C(=O)N(C[C@H]1C)[C@@H](C)CO)NC(=O)Nc1c(noc1C)C,0,0.055731,0.031565,0.012011
COc1ccc(cc1)CN(C)C[C@@H]1Oc2ccc(cc2C(=O)N(C[C@@H]1C)[C@H](C)CO)NS(=O)(=O)c1cn(cn1)C,0,0.014458,0.024402,0.004594
C[C@@H]1CN([C@@H](C)CO)C(=O)c2cccc(c2O[C@@H]1CN(C)C(=O)Nc1ccc2c(c1)OCO2)NC(=O)c1cc(nn1C)C,0,0.019224,0.029019,0.005633
OC[C@H]1O[C@@H](C[C@H]2[C@@H]1Oc1ccc(cc12)NC(=O)Nc1ccc(cc1)C(F)(F)F)CC(=O)N1CCc2ccccc2C1,0,0.227093,0.243354,0.181595
C[C@@H]1CN([C@H](C)CO)C(=O)c2cccc(c2O[C@@H]1CN(C)Cc1ccc(cc1)-c1ccccc1)NC(=O)Nc1ccccc1,0,0.132136,0.025044,0.012373
O[C@@H]1COC[C@@H]2O[C@H](CC[C@H]2N(C1)C(=O)Nc1ccc(cc1)C(F)(F)F)CC(=O)NCc1ccncn1,0,0.968107,0.896269,0.862315
C[C@@H]1CN([C@@H](C)CO)C(=O)c2cccc(c2O[C@H]1CN(C)S(=O)(=O)c1ccccc1)NC(=O)Nc1c(noc1C)C,0,0.033625,0.025178,0.004436
O=C(Nn1cnnc1)c1ccccc1,0,0.417071,0.182672,0.075929
CCn1cc(C(=O)O)c(=O)c2cc(F)c(N3CCNC(C)C3)c(F)c21.Cl,1,0.962484,0.827464,0.895263
CC(C)NC(=O)N[C@H]1C=C[C@@H](CC(=O)O)O[C@@H]1CO,0,0.076564,0.029658,0.016698
C[C@@H]1CN([C@@H](C)CO)S(=O)(=O)c2ccc(cc2O[C@@H]1CN(C)C(=O)c1cnccn1)C1=CCCC1,0,0.008697,0.025084,0.006268
COc1ccc(cc1)S(=O)(=O)Nc1ccc2c(c1)C(=O)N(C[C@H](C)[C@H](CN(C)C(=O)CCC(F)(F)F)OCCCC[C@@H](C)O2)[C@@H](C)CO,0,0.011279,0.036513,0.007230
C[C@@H]1CN([C@H](C)CO)C(=O)Cc2cc(ccc2O[C@@H]1CN(C)Cc1ccc(cc1)C(=O)O)NC(=O)Cn1cnnn1,0,0.068274,0.028512,0.018029
CCCCCCCCCCCCCCCC[n+]1ccccc1,0,0.981909,0.405844,0.243128
COc1ccc(cc1)C#Cc1cnc2c(c1)C(=O)N(C[C@H](C)[C@@H](CN(C)CC1CCOCC1)O2)[C@@H](C)CO,0,0.181450,0.060207,0.007786
C[C@H]1CCCCO[C@H](CN(C)CC2CCCCC2)[C@H](C)CN([C@H](C)CO)C(=O)c2cc(ccc2O1)NS(=O)(=O)c1ccc(cc1)Cl,0,0.017295,0.036867,0.007362
C[C@H]1CN([C@H](C)CO)C(=O)c2cc(ccc2O[C@H]1CN(C)Cc1ccc(cc1)C(=O)Nc1ccccc1N)NC(=O)CCC(F)(F)F,0,0.117773,0.037771,0.012837
O[C@@H]1CCCN2C[C@@H](O)[C@@H](O)[C@@H]12,0,0.015896,0.050803,0.033733
C[C@@H]1CCCCO[C@@H](CN(C)S(=O)(=O)c2ccc(cc2)F)[C@H](C)CN([C@H](C)CO)C(=O)c2cc(ccc2O1)NS(=O)(=O)c1ccc(cc1)C,0,0.002430,0.024489,0.005346
CO[C@H](CN(C)C(=O)C1CCOCC1)[C@@H](C)CN([C@H](C)CO)C(=O)Nc1ccc(cc1)C(F)(F)F,1,0.804873,0.922242,0.956482
COc1cccc(c1)C(=O)Nc1ccc2c(c1)C(=O)N(C)[C@H]1CC[C@H](CC(=O)NCC(F)(F)F)O[C@@H]1CO2,0,0.071534,0.104159,0.057442
CCCC#Cc1ccc2c(c1)O[C@H](CN(C)S(=O)(=O)c1cccc(c1)F)[C@@H](C)CN([C@@H](C)CO)S2(=O)=O,0,0.067557,0.031149,0.009112
C[C@@H]1CN([C@@H](C)CO)C(=O)c2cccc(c2O[C@@H]1CN(C)Cc1ccc(c(c1)Cl)Cl)NC(=O)NC1CCCCC1,0,0.212995,0.031681,0.016170
C[C@H]1CCCCO[C@H](CN(C)C(=O)C2CCCCC2)[C@@H](C)CN([C@@H](C)CO)C(=O)c2cc(ccc2O1)NS(=O)(=O)c1ccc(cc1)C,0,0.001246,0.024320,0.004860
C[C@H]1CCCCO[C@H](CN(C)C(=O)C2CCCCC2)[C@H](C)CN([C@H](C)CO)C(=O)c2cc(ccc2O1)NS(=O)(=O)c1cccs1,0,0.002555,0.024454,0.004477
C[C@@H]1CCCCO[C@H](CN(C)C(=O)Nc2ccc3c(c2)OCO3)[C@@H](C)CN([C@H](C)CO)C(=O)c2cc(ccc2O1)NC(=O)c1ccncc1,0,0.003163,0.024196,0.003362
C[C@@H]1CCCCO[C@H](CN(C)C(=O)Nc2cccc3ccccc23)[C@H](C)CN([C@@H](C)CO)C(=O)c2cc(ccc2O1)NC(=O)c1ccncc1,0,0.003481,0.023359,0.002848
C[C@@H](O)c1ccc2ccccc2c1,0,0.199775,0.138475,0.120555
CN1CCN(CC1)C(=O)C[C@H]1CC[C@@H](NC(=O)c2ccc3c(c2)OCO3)[C@@H](CO)O1,0,0.038429,0.028782,0.009652
C[C@H]1CN([C@H](C)CO)C(=O)CCCn2cc(nn2)CO[C@H]1CN(C)S(=O)(=O)c1ccc(cc1)Cl,0,0.035266,0.027331,0.007510
CC(C)[C@@H](N)c1ncnn1C,0,0.260191,0.032724,0.013009
CCN(C(=O)NCCc1ccccc1)c1c(nc2ccc(cn12)C(=O)NCCCN1CCCC1=O)CC,0,0.005624,0.200765,0.098767
CN(C)CCCNC(=O)C[C@@H]1CC[C@H]2[C@H](COc3ccc(cc3C(=O)N2C)NS(=O)(=O)C)O1,0,0.021770,0.026489,0.006751
NC1=NC(=O)N(C=C1)[C@@H]1O[C@H](CO)[C@@H](O)C1(F)F,0,0.292370,0.170449,0.245645
CO[C@H]1CN(C)C(=O)c2cc(ccc2OC[C@@H](C)N(C[C@H]1C)Cc1ccc(cc1)-c1ccccn1)NC(=O)NC(C)C,0,0.038875,0.039844,0.011100
C[C@@H]1CN([C@@H](C)CO)C(=O)c2cc(cnc2O[C@@H]1CN(C)Cc1ccccn1)C#Cc1ccc(cc1)F,0,0.031233,0.028202,0.009898
C[C@@H]1CN([C@H](C)CO)C(=O)c2cc(ccc2O[C@@H]1CN(C)S(=O)(=O)c1cn(cn1)C)NC(=O)Cc1ccccc1,0,0.006470,0.024219,0.003651
C[C@H]1CN([C@H](C)CO)C(=O)c2cccc(c2O[C@@H]1CN(C)Cc1ccc(cc1)C(=O)Nc1ccccc1N)NS(=O)(=O)C,0,0.014029,0.025102,0.005527
CC(C)NC(=O)Nc1ccc2c(c1)CC(=O)N(C[C@H](C)[C@H](CN(C)S(=O)(=O)c1ccccc1)O2)[C@H](C)CO,0,0.007774,0.028807,0.005954
C[C@H]1CCCCO[C@H](CN(C)C(=O)Cc2ccccc2)[C@H](C)CN([C@@H](C)CO)C(=O)c2cc(ccc2O1)NC(=O)Nc1ccc(cc1)F,0,0.026280,0.023414,0.007885
CN1CCN(CC1)C(=O)C[C@@H]1CC[C@@H]2[C@H](COC[C@@H](O)CN2C(=O)Nc2ccc3c(c2)OCO3)O1,0,0.456301,0.045383,0.045162
COc1ccc(cc1)NC(=O)Nc1cccc2c1O[C@H](CN(C)S(=O)(=O)C)[C@H](C)CN([C@@H](C)CO)C2=O,0,0.048760,0.024178,0.004453
C[C@H]1C/C=C\CO[C@@H](CN(C)S(=O)(=O)c2ccc(cc2)F)[C@H](C)CN([C@@H](C)CO)C(=O)c2cc(ccc2O1)NC(=O)Nc1ccccc1,0,0.046153,0.024276,0.004294
C[C@H]1CN([C@@H](C)CO)C(=O)Cc2cc(ccc2O[C@@H]1CN(C)C(=O)Nc1c(noc1C)C)NC(=O)Cn1cnnn1,0,0.034464,0.024653,0.008964
C[C@H]1CN([C@@H](C)CO)C(=O)c2cccc(c2O[C@@H]1CN(C)C(=O)Nc1cccc2ccccc12)NC(=O)c1ccc(cc1)-c1nccs1,0,0.013195,0.025986,0.006938
COc1ccc(cc1)NC(=O)N(C)C[C@@H]1Oc2c(cccc2C(=O)N(C[C@@H]1C)[C@H](C)CO)NC(=O)c1ccc(cc1)-c1nccs1,0,0.022923,0.032450,0.006597
NC(=O)NC(=O)Cc1ccccc1,0,0.021055,0.092248,0.068820
C[C@@H]1CCCCO[C@H](CN(C)S(=O)(=O)c2ccc(cc2)C)[C@H](C)CN([C@@H](C)CO)C(=O)c2cc(ccc2O1)NC(=O)Cc1ccccc1,0,0.001148,0.024250,0.003449
CC(C)N(CCC(C(N)=O)(c1ccccc1)c1ccccn1)C(C)C.O=P(O)(O)O,0,0.001363,0.581443,0.379554
C[C@H]1CN([C@H](C)CO)C(=O)c2cccc(c2O[C@H]1CN(C)C(=O)Nc1ccc(cc1)F)NC(=O)CCCCCC(=O)Nc1ccccc1N,0,0.239834,0.028466,0.008192
CN(C)CCCC[C@@H]1NC(=O)[C@@H]2C[C@@H]([C@@H](N2C1=O)c1ccc(cc1)O)C(=O)NCCCCCCNC(=O)CS,0,0.002173,0.166661,0.227333
C[C@H]1CN([C@@H](C)CO)C(=O)c2ccccc2-c2ccccc2CO[C@H]1CN(C)C(=O)N[C@H](C)c1ccccc1,0,0.026987,0.043953,0.020733
CCC(=O)N1CCC[C@@](C)(C1)C(=O)NS(=O)(=O)c1ccc(cc1)S(=O)(=O)C,0,0.012050,0.261317,0.018692
C[C@@H]1CN([C@H](C)CO)C(=O)c2ccccc2-c2ccccc2CO[C@H]1CN(C)C(=O)Nc1ccc(cc1)-c1ccccc1,0,0.028691,0.036107,0.024075
C[C@H]1CCCCO[C@H](CN(C)S(=O)(=O)C)[C@H](C)CN([C@@H](C)CO)C(=O)c2cc(ccc2O1)NC(=O)CCCN(C)C,0,0.002487,0.024309,0.004268
Cn1nnnc1SCC1=C(C(=O)[O-])N2C(=O)C(NC(=O)C(OC=O)c3ccccc3)C2SC1.[Na+],1,0.997233,0.953555,0.985597
CO[C@H]1CN(C)C(=O)c2cc(ccc2OC[C@@H](C)N(C[C@@H]1C)Cc1ccc(cc1)OC)NC(=O)c1nc2ccccc2s1,0,0.008084,0.023569,0.008096
C[C@@H]1CCCCO[C@H](CN(C)S(=O)(=O)c2cccs2)[C@@H](C)CN([C@H](C)CO)C(=O)c2cc(ccc2O1)NC(=O)Nc1ccc(cc1)F,0,0.010621,0.024790,0.005282
C[C@H]1CN([C@@H](C)CO)C(=O)c2cc(ccc2O[C@H]1CN(C)Cc1ccc2c(c1)OCO2)NS(=O)(=O)c1cn(cn1)C,0,0.007263,0.024648,0.004502
OC[C@H]1O[C@@H](CC[C@H]1NC(=O)Cc1ccccn1)CC(=O)NCCc1ccncc1,0,0.011662,0.030254,0.021026
CCCC#Cc1ccc2c(c1)O[C@H](CN(C)S(=O)(=O)c1cccc(c1)OC)[C@@H](C)CN([C@H](C)CO)S2(=O)=O,0,0.023891,0.029291,0.004958
C[C@@H]1CN([C@@H](C)CO)C(=O)c2ccccc2-c2ccccc2CO[C@@H]1CN(C)C(=O)Nc1ccc(cc1)F,0,0.111780,0.038168,0.020642
CC(C)NC(=O)Nc1ccc2c(c1)C(=O)N(C[C@@H](C)[C@H](CN(C)CC1CCCCC1)OCCCC[C@@H](C)O2)[C@H](C)CO,0,0.083318,0.031492,0.015582
C[C@H]1CN([C@H](C)CO)C(=O)Cc2cc(ccc2O[C@@H]1CN(C)Cc1ccncc1)NS(=O)(=O)c1ccc(cc1)F,0,0.001974,0.024329,0.004021
C[C@@H]1CCCCO[C@H](CN(C)S(=O)(=O)c2cn(cn2)C)[C@H](C)CN([C@H](C)CO)C(=O)c2cc(ccc2O1)N(C)C,0,0.007827,0.024563,0.005035
COc1ccc(cc1)NC(=O)Nc1ccc2c(c1)C(=O)N(C[C@@H](C)[C@H](CN(C)Cc1ccc(cc1)C(=O)O)OCCCC[C@H](C)O2)[C@H](C)CO,0,0.067070,0.026046,0.005556
NS(=O)(=O)OCCCCCCCOS(=O)(=O)N,0,0.018472,0.158228,0.126915
CCCC#Cc1ccc2c(c1)O[C@@H](CN(C)S(=O)(=O)c1cccc(c1)OC)[C@H](C)CN([C@@H](C)CO)S2(=O)=O,0,0.023891,0.029291,0.004958
CC(C)NC(=O)Nc1ccc2c(c1)CC(=O)N(C[C@H](C)[C@@H](CN(C)Cc1ccc3c(c1)OCO3)O2)[C@@H](C)CO,0,0.022888,0.034515,0.009596
C[C@H]1CCCCO[C@H](CN(C)C(=O)NC2CCCCC2)[C@H](C)CN([C@@H](C)CO)C(=O)c2cc(ccc2O1)NC(=O)Cc1ccccc1,0,0.004248,0.023304,0.005270
C[C@@H]1CN([C@H](C)CO)C(=O)Cc2cc(ccc2O[C@H]1CN(C)Cc1ccncc1)NS(=O)(=O)c1cn(cn1)C,0,0.005175,0.024327,0.003385
COc1ccc(cc1)NC(=O)N[C@@H]1CC[C@@H](CCNC(=O)CN2CCOCC2)O[C@@H]1CO,0,0.042892,0.036533,0.014470
C[C@H]1CN([C@@H](C)CO)C(=O)c2cc(ccc2O[C@@H]1CN(C)C(=O)Nc1cccc2ccccc12)NC(=O)Nc1ccc(cc1)C(F)(F)F,0,0.605344,0.195990,0.114943
C[C@@H]1CCCCO[C@H](CN(C)C(=O)Nc2ccc3c(c2)OCO3)[C@@H](C)CN([C@H](C)CO)C(=O)c2cc(ccc2O1)NS(=O)(=O)c1ccc(cc1)C,0,0.001162,0.024245,0.003542
CC(C)NC(=O)N(C)C[C@@H]1Oc2cc(ccc2S(=O)(=O)N(C[C@H]1C)[C@H](C)CO)C#Cc1cccc(c1)F,0,0.244178,0.052904,0.009748
C[C@H]1CN([C@@H](C)CO)C(=O)Cc2cc(ccc2O[C@H]1CN(C)Cc1ccc(c(c1)Cl)Cl)NS(=O)(=O)c1ccc(cc1)C,0,0.006166,0.030865,0.005537
COc1ccc(cc1)NC(=O)Nc1ccc2c(c1)C(=O)N(C[C@@H](C)[C@@H](CN(C)S(=O)(=O)c1ccccc1)OCCCC[C@@H](C)O2)[C@@H](C)CO,0,0.003111,0.024524,0.003500
C[C@H]1CN([C@H](C)CO)S(=O)(=O)c2ccc(cc2O[C@@H]1CN(C)Cc1ccc(cc1)F)C#CCN(C)C,0,0.149364,0.049473,0.009516
COc1ccc(cc1)-c1cnc2c(c1)C(=O)N(C[C@H](C)[C@H](CN(C)S(=O)(=O)c1cccs1)O2)[C@H](C)CO,0,0.002848,0.024467,0.003713
CNC(=O)C(=O)Nc1cc(ccc1F)F,0,0.881324,0.405877,0.216406
C[C@@H]1CN([C@@H](C)CO)C(=O)Cc2cc(ccc2O[C@@H]1CN(C)S(=O)(=O)C)NC(=O)Nc1ccc(cc1)F,0,0.050383,0.031098,0.012813
C[C@@H]1CN([C@@H](C)CO)C(=O)c2cc(ccc2O[C@@H]1CN(C)S(=O)(=O)c1c(noc1C)C)NC(=O)Nc1c(noc1C)C,0,0.033065,0.026508,0.008511
Cc1ccc(cc1)S(=O)(=O)N1C[C@H](O)COC[C@H]2O[C@H](CC[C@@H]21)CC(=O)NCc1ccc2c(c1)OCO2,0,0.049301,0.026293,0.010484
C[C@H]1CN([C@H](C)CO)C(=O)c2cccc(c2O[C@H]1CN(C)Cc1ccc(cc1)C(F)(F)F)NS(=O)(=O)C,0,0.417788,0.037745,0.022960
CC(C)(C)[S@](=O)N1Cc2cc(nc(c2[C@@H]1CCO)-c1cccc(c1)-c1ccncc1)C(=O)N[C@@H]1CCN(C1)Cc1ccccc1,0,0.006844,0.045035,0.025720
COc1ccc(cc1)NC(=O)Nc1ccc2c(c1)C(=O)N(C[C@@H](C)[C@@H](CN(C)Cc1ccc(c(c1)Cl)Cl)O2)[C@@H](C)CO,0,0.154276,0.043745,0.012772
C[C@@H]1CCCCO[C@H](CN(C)C(=O)Nc2ccc(cc2)F)[C@H](C)CN([C@H](C)CO)C(=O)c2cc(ccc2O1)NC(=O)Nc1ccc(cc1)F,0,0.281965,0.032640,0.012757
COc1ccc2c3c([nH]c2c1)[C@H](CO)N(C[C@]13CCN(CC1)C(=O)Nc1cccc(c1)F)C(=O)c1ccc(cc1)F,0,0.274763,0.371349,0.165038
O=C(O)CCCCCCCCCCCCC1C=CCC1,0,0.871613,0.223422,0.153925
C[C@@H](N)C(=O)N[C@@H](CO)C(=O)N[C@@H]([C@@H](C)O)C(=O)N[C@@H]([C@@H](C)O)C(=O)N[C@@H]([C@@H](C)O)C(=O)N[C@@H](CC(=O)N)C(=O)N[C@@H](Cc1ccc(cc1)O)C(=O)N[C@@H]([C@@H](C)O)C(=O)N,0,0.045697,0.329313,0.214335
CN1C(=O)C(=O)N(C)c2cc(ccc21)S(=O)(=O)N1CCC[C@@H]1C(=O)O,0,0.796360,0.509955,0.142212
O[C@@H]1COC[C@@H]2O[C@@H](CC[C@H]2N(C1)S(=O)(=O)c1ccccc1)CC(=O)NCc1ccncn1,0,0.078459,0.028311,0.011049
C[C@H]1CCCCO[C@@H](CN(C)Cc2ccc3c(c2)OCO3)[C@@H](C)CN([C@H](C)CO)C(=O)c2cc(ccc2O1)NC(=O)Nc1ccc(cc1)C(F)(F)F,0,0.255157,0.029080,0.014045
C[C@H]1CCCCO[C@H](CN(C)Cc2ccc3c(c2)OCO3)[C@@H](C)CN([C@@H](C)CO)C(=O)c2cc(ccc2O1)NS(=O)(=O)c1cccs1,0,0.001604,0.024708,0.003443
C[C@@H]1CCCCO[C@H](CN(C)Cc2ccc(cc2)C(F)(F)F)[C@H](C)CN([C@H](C)CO)C(=O)c2cc(ccc2O1)NS(=O)(=O)c1ccc(cc1)F,0,0.051257,0.024576,0.007443
COc1ccc(cc1)S(=O)(=O)Nc1cccc2c1O[C@@H](CN(C)Cc1ccc(c(c1)Cl)Cl)[C@H](C)CN([C@@H](C)CO)C2=O,0,0.025242,0.025573,0.005375
CC(C)NC(=O)Nc1cccc2c1O[C@@H](CN(C)S(=O)(=O)c1ccc(cc1)C)[C@@H](C)CN([C@@H](C)CO)C2=O,0,0.051061,0.024444,0.005840
COc1ccc(cc1)NC(=O)N(C)C[C@H]1Oc2ncc(cc2C(=O)N(C[C@H]1C)[C@H](C)CO)C#C[C@H](C)O,0,0.052323,0.036919,0.010237
O=C1Sc2cccc3cccc1c23,0,0.716961,0.267754,0.196694
C[C@H]1CCCCO[C@H](CN(C)C(=O)CCCN(C)C)[C@@H](C)CN([C@H](C)CO)C(=O)c2cc(ccc2O1)NS(=O)(=O)c1cn(cn1)C,0,0.011983,0.024251,0.003823
COc1cc-2c(cc1OC)[C@]1(Nc3c2c(nn3-c2ccccc2)-c2ccccc2)C(=O)Nc2ccccc21,0,0.081081,0.360123,0.184959
C[C@@H]1CCCCO[C@@H](CN(C)Cc2ccc(cc2)C(=O)O)[C@H](C)CN([C@H](C)CO)C(=O)c2cc(ccc2O1)NC(=O)C1CCCCC1,0,0.072073,0.034707,0.014664
C[C@@H]1CN([C@H](C)CO)C(=O)CCCn2cc(nn2)CO[C@@H]1CN(C)S(=O)(=O)c1ccc(nc1)Oc1ccccc1,0,0.002789,0.024999,0.004341
COCCNC(=O)C[C@@H]1CC[C@@H]2[C@H](COC[C@H](O)CN2C(=O)Nc2ccccc2OC)O1,0,0.630311,0.326157,0.146236
C[C@H]1CN([C@@H](C)CO)C(=O)c2cccc(c2O[C@@H]1CN(C)C(=O)Nc1ccc(cc1)F)NS(=O)(=O)C,0,0.304866,0.024287,0.010350
COC(=O)C1=CO[C@@H](O[C@H]2O[C@@H](CO)[C@@H](O)[C@@H](O)[C@@H]2O)[C@H](C=C)[C@@H]1CCOC(=O)c1cc(c(c(c1)O)O)O,0,0.442506,0.304241,0.173243
Cc1cc(n2nc(cc2n1)C)N,0,0.009175,0.047516,0.023412
CC(=CCC/C(=C/CO)C)C,0,0.013477,0.171665,0.079330
C1Oc2ccc(cc2O1)-c1nn[nH]n1,0,0.274715,0.208333,0.137086
CC(C)NC(=O)Nc1cccc2c1O[C@H](CN(C)C(=O)NC1CCCCC1)[C@@H](C)CN([C@@H](C)CO)C2=O,0,0.063831,0.030350,0.012046
CC(=O)NCC(=O)N1CCC2(CC1)CN(C(=O)CO2)c1cnn(c1)C,0,0.027156,0.065641,0.022877
C[C@H]1CN([C@H](C)CO)C(=O)Cc2cc(ccc2O[C@H]1CN(C)CC1CC1)NS(=O)(=O)c1ccc(cc1)F,0,0.012925,0.028539,0.007330
C[C@@H]1CN([C@@H](C)CO)C(=O)Cc2cc(ccc2O[C@H]1CN(C)Cc1ccc(cc1)-c1ccccc1)NS(=O)(=O)c1ccc(cc1)C,0,0.003403,0.031637,0.004785
C[C@H]1CCCCO[C@H](CN(C)C(=O)c2ccccc2)[C@H](C)CN([C@@H](C)CO)C(=O)c2cc(ccc2O1)NC(=O)C1CCCCC1,0,0.001316,0.023294,0.004552
CC(C)NC(=O)N(C)C[C@@H]1OCCCC[C@@H](C)Oc2ccc(cc2C(=O)N(C[C@H]1C)[C@H](C)CO)NC(=O)CCCCCC(=O)Nc1ccccc1N,0,0.007294,0.026196,0.003583
C[C@H]1CN([C@@H](C)CO)C(=O)Cc2cc(ccc2O[C@H]1CN(C)S(=O)(=O)c1ccc(cc1)C)NC(=O)Nc1ccc(cc1)C(F)(F)F,0,0.229711,0.043235,0.010753
COc1ccc(cc1OC)C#Cc1cnc2c(c1)C(=O)N(C[C@H](C)[C@H](CN(C)S(=O)(=O)c1ccccc1)O2)[C@H](C)CO,0,0.015697,0.024241,0.003763
CO[C@H]1CN(C)C(=O)c2ccc(cc2OC[C@@H](C)N(C[C@H]1C)Cc1nccs1)NS(=O)(=O)CC(F)(F)F,0,0.036999,0.026264,0.014055
C[C@@H]1CN([C@H](C)CO)C(=O)c2cc(cnc2O[C@@H]1CN(C)C(=O)C1CCOCC1)C#CCc1ccccc1,0,0.016187,0.028416,0.006675
C[C@H]1CN([C@H](C)CO)C(=O)c2cc(cnc2O[C@H]1CN(C)C(=O)Cc1ccccn1)-c1cccc(c1)C(=O)N(C)C,0,0.001842,0.024172,0.004295
C[C@@H]1CCCCO[C@@H](CN(C)C(=O)Nc2cccc3ccccc23)[C@H](C)CN([C@H](C)CO)C(=O)c2cc(ccc2O1)NS(=O)(=O)c1ccc(cc1)C,0,0.001339,0.025607,0.003040
C[C@H]1CCCCO[C@@H](CN(C)C(=O)Nc2c(noc2C)C)[C@@H](C)CN([C@@H](C)CO)C(=O)c2cc(ccc2O1)NS(=O)(=O)c1cccs1,0,0.005506,0.024450,0.004251
O=C1CNCCN1C1CCCC1,0,0.023628,0.029628,0.010025
C[C@@H]1CN([C@@H](C)CO)S(=O)(=O)c2ccc(cc2O[C@@H]1CN(C)C(=O)Cc1ccncc1)C#CC1CCCC1,0,0.028310,0.026786,0.005834
C[C@@H]1CN([C@@H](C)CO)C(=O)c2cccc(c2O[C@@H]1CN(C)Cc1ccc(cc1)Oc1ccccc1)NC(=O)c1ccncc1,0,0.001374,0.023911,0.005361
O=C1NCCN1c1cccnc1,0,0.063684,0.038323,0.032859
C[C@@H]1CN([C@H](C)CO)C(=O)Cc2cc(ccc2O[C@@H]1CN(C)S(=O)(=O)C)NS(=O)(=O)c1cn(cn1)C,0,0.014324,0.024372,0.004940
C[C@@H]1CN([C@@H](C)CO)S(=O)(=O)c2ccc(cc2O[C@@H]1CN(C)Cc1ccccc1)C#Cc1ccccn1,0,0.023396,0.038502,0.006834
CCNC1CC(N)C(OC2OC(CN)=CCC2N)C(O)C1OC1OCC(C)(O)C(NC)C1O.O=S(=O)(O)O.O=S(=O)(O)O,0,0.735554,0.864234,0.790058
C[C@H]1CN([C@H](C)CO)C(=O)c2cc(ccc2O[C@@H]1CN(C)Cc1ccc(cc1)C(F)(F)F)NC(=O)Nc1ccccc1,0,0.245125,0.056340,0.049957
CN(C)C(=O)C[C@@H]1CC[C@@H]2[C@H](COC[C@H](O)CN2S(=O)(=O)c2ccccc2)O1,0,0.071084,0.033600,0.013869
CN(C)CC#Cc1ccc(cc1)[C@@H]1[C@@H](CO)N2[C@H]1CN(CC2=O)C(=O)c1cccnc1,0,0.221593,0.052356,0.027393
CCCCCOc1ccc(cc1)-c1ccc(cc1)-c1ccc(cc1)C(=O)N[C@H]1C[C@@H](O)[C@@H](O)NC(=O)[C@@H]2[C@@H](O)[C@@H](C)CN2C(=O)[C@@H](NC(=O)[C@@H](NC(=O)[C@@H]2C[C@@H](O)CN2C(=O)[C@@H](NC1=O)[C@@H](C)O)[C@H](O)[C@@H](O)c1ccc(cc1)O)[C@@H](C)O,0,0.511743,0.257136,0.067604
C[C@H]1CCCCO[C@H](CN(C)C(=O)C2CCCCC2)[C@@H](C)CN([C@@H](C)CO)C(=O)c2cc(ccc2O1)NS(=O)(=O)c1ccc(cc1)F,0,0.001975,0.024326,0.006425
C[C@@H]1CCCCO[C@@H](CN(C)S(=O)(=O)c2ccc(cc2)Cl)[C@H](C)CN([C@@H](C)CO)C(=O)c2cc(ccc2O1)NC(=O)Nc1ccc(cc1)C(F)(F)F,0,0.425001,0.049197,0.009243
OCCN(Cc1ccccc1)C(=O)C[C@@H]1CC=CCC[C@H](Cc2ccc(cc2)F)C(=O)OC[C@H](Cc2c[nH]c3ccccc23)NC1=O,0,0.028940,0.041672,0.015009
OC[C@@H](O)[C@@H](O)[C@H](O)[C@H](O)/C=N/NC(=O)CCCCC(=O)NO,0,0.000432,0.036464,0.015865
C[C@H]1CN([C@H](C)CO)C(=O)Cc2cc(ccc2O[C@@H]1CN(C)S(=O)(=O)c1c(noc1C)C)NS(=O)(=O)c1ccccc1,0,0.001068,0.024317,0.004616
COc1ccc(cc1)S(=O)(=O)Nc1ccc2c(c1)[C@@H]1C[C@@H](CC(=O)NCC3CC3)O[C@H](CO)[C@@H]1O2,0,0.002410,0.026851,0.007864
CNC[C@@H]1OCCCC[C@@H](C)Oc2ccc(cc2C(=O)N(C[C@H]1C)[C@@H](C)CO)NC(=O)Nc1cccc2ccccc12,0,0.052104,0.037707,0.013333
COc1ccc(cc1)[Si](C)(C)[C@@H]1[C@@H](C)[C@@]2(O[C@H]1CCO)C(=O)N(Cc1ccc(cc1)N(C=O)c1ccccc1)c1ccccc12,0,0.022187,0.046893,0.027168
C[C@@H]1CN([C@@H](C)CO)C(=O)Cc2cc(ccc2O[C@@H]1CN(C)S(=O)(=O)c1cn(cn1)C)NS(=O)(=O)c1ccc(cc1)F,0,0.004785,0.024391,0.005403
C[C@@H]1CCCCO[C@H](CN(C)CC2CCCCC2)[C@H](C)CN([C@H](C)CO)C(=O)c2cc(ccc2O1)NS(=O)(=O)c1ccc(cc1)Cl,0,0.017295,0.036867,0.007362
CCCNC(=O)N1C[C@]2(CCN(CC2)S(=O)(=O)c2ccccc2)c2c(n(c3cc(ccc23)OC)C)[C@H]1CO,0,0.043044,0.048942,0.015790
C[C@@H]1CCCCO[C@@H](CN(C)C(=O)Nc2cccc3ccccc23)[C@H](C)CN([C@@H](C)CO)C(=O)c2cc(ccc2O1)NC(=O)CCCN(C)C,0,0.008023,0.024200,0.003098
C[C@H]1CCCCO[C@@H](CN(C)Cc2ccccc2)[C@H](C)CN([C@H](C)CO)C(=O)c2cc(ccc2O1)NS(=O)(=O)c1ccc(cc1)Cl,0,0.004467,0.025321,0.006948
COc1ccc(cc1)S(=O)(=O)N(C)C[C@H]1OCCCC[C@@H](C)Oc2ccc(cc2C(=O)N(C[C@@H]1C)[C@@H](C)CO)NC(=O)Nc1ccc(cc1)F,0,0.016051,0.025437,0.005662
C[C@H]1O[C@@H](C[C@@H]1O)C[N+](C)(C)C,0,0.023936,0.057336,0.012184
C[C@H]1CN([C@H](C)CO)C(=O)c2cc(ccc2O[C@@H]1CN(C)C(=O)Nc1cccc2ccccc12)NC(=O)Nc1ccc2c(c1)OCO2,0,0.010029,0.023798,0.006073
OC[C@H]1O[C@@H](CC(=O)NCc2ccncn2)C=C[C@@H]1NC(=O)c1cccnc1,0,0.021861,0.040295,0.017543
CO[C@@H]1CN(C)C(=O)c2ccc(cc2OC[C@@H](C)N(C)C[C@H]1C)NS(=O)(=O)c1ccc(cc1)OC,0,0.006083,0.206729,0.011873
C1CN=C(N1)c1cnc2ccccc2n1,0,0.256900,0.180486,0.147235
C[C@@H]1CN([C@H](C)CO)C(=O)Cc2cc(ccc2O[C@@H]1CN(C)C(=O)Nc1ccc2c(c1)OCO2)NC(=O)Nc1cccc2ccccc12,0,0.008013,0.023384,0.004709
C[C@@H]1CN([C@H](C)CO)C(=O)CCCn2nncc2CO[C@@H]1CN(C)S(=O)(=O)c1ccc(nc1)Oc1ccccc1,0,0.002784,0.024440,0.005078
CNC[C@@H]1Oc2ccc(cc2CC(=O)N(C[C@@H]1C)[C@@H](C)CO)NS(=O)(=O)c1cn(cn1)C,0,0.035023,0.024735,0.004992
COc1cccc(c1)NC(=O)N[C@@H]1C=C[C@@H](CC(=O)N2CCN(C)CC2)O[C@H]1CO,0,0.158589,0.067742,0.020327
c1ccc2cc3nc4c(ccc5ccccc54)nc3cc2c1,0,0.243064,0.211568,0.120943
O[C@H]1COC[C@@H]2O[C@H](CC[C@H]2N(C1)C(=O)c1ccc2c(c1)OCO2)CC(=O)NC1Cc2ccccc2C1,0,0.083607,0.047979,0.049089
C[C@@H]1CN([C@@H](C)CO)C(=O)Cc2cc(ccc2O[C@H]1CN(C)C(=O)Nc1ccc(cc1)C(F)(F)F)NS(=O)(=O)c1ccc(cc1)C,0,0.089554,0.053124,0.012192
C[C@H]1CCCCO[C@@H](CN(C)S(=O)(=O)c2ccc(cc2)Cl)[C@H](C)CN([C@@H](C)CO)C(=O)c2cc(ccc2O1)NC(=O)Cc1ccccc1,0,0.003851,0.025332,0.004597
OC(=O)/C=C/c1cnc[nH]1,0,0.510684,0.063374,0.043936
O[Al](O)O.O[Al](O)O.O[Al](O)O.O[Al](O)O.O[Al](O)O.O[Al](O)O.O[Al](O)O.O[Al](O)O.O[Al](O)OS(=O)(=O)OC[C@H]1O[C@H](O[C@]2(COS(=O)(=O)O[Al](O)O)O[C@H](COS(=O)(=O)O[Al](O)O)[C@@H](OS(=O)(=O)O[Al](O)O)[C@@H]2OS(=O)(=O)O[Al](O)O)[C@H](OS(=O)(=O)O[Al](O)O)[C@@H](OS(=O)(=O)O[Al](O)O)[C@@H]1OS(=O)(=O)O[Al](O)O,0,0.999747,0.510712,0.190815
C[C@@H]1CN([C@H](C)CO)C(=O)c2cccc(c2O[C@@H]1CN(C)Cc1ccc(cc1)-c1ccccc1)NC(=O)NC1CCCCC1,0,0.163919,0.034950,0.018907
C[C@@H]1CN([C@@H](C)CO)C(=O)c2cc(ccc2O[C@H]1CN(C)Cc1ccc(cc1)-c1ccccc1)NC(=O)Nc1ccc(cc1)F,0,0.237203,0.075154,0.032774
OC[C@H](O)[C@H](O)[C@@H](O)[C@@H](O)/C=N/NC(=O)CCCCCCC(=O)NO,0,0.001018,0.073369,0.017439
Cn1nnc2cc(ccc12)CO,0,0.221701,0.052327,0.023636
CC(C)NC(=O)N(C)C[C@H]1OCc2cn(nn2)CCCC(=O)N(C[C@H]1C)[C@H](C)CO,0,0.028596,0.028051,0.007894
C[C@@H]1CN([C@@H](C)CO)C(=O)c2cc(ccc2O[C@@H]1CN(C)Cc1ccc(cc1)Oc1ccccc1)NC(=O)Cc1cn(c2ccccc12)C,0,0.005128,0.024452,0.005936
COc1ccc2c3c([nH]c2c1)[C@H](CO)N(CC1CCCCC1)C[C@]13CCN(CC1)C(=O)Nc1cccc(c1)F,0,0.593645,0.468957,0.284794
COc1ccc(cc1)S(=O)(=O)Nc1ccc2c(c1)CC(=O)N(C[C@H](C)[C@H](CN(C)S(=O)(=O)c1ccc(cc1)OC)O2)[C@H](C)CO,0,0.001442,0.025267,0.005567
COc1ccc(cc1)NC(=O)Nc1cccc2c1O[C@H](CN(C)Cc1ccc(cc1)-c1ccccc1)[C@@H](C)CN([C@@H](C)CO)C2=O,0,0.103258,0.022970,0.006870
C[C@@H]1CN([C@@H](C)CO)S(=O)(=O)c2ccc(cc2O[C@@H]1CN(C)Cc1ccncc1)C#CC(C)(C)O,0,0.017679,0.025593,0.005660
CO[C@H]1CN(C)C(=O)c2cc(ccc2OC[C@H](C)N(CCC(F)(F)F)C[C@@H]1C)NC(=O)Nc1ccccc1F,0,0.826775,0.090051,0.117864
COc1ccc2c3c(n(c2c1)C)[C@@H](CO)N(C[C@]13CN(C1)C(=O)C1CC1)C(=O)CN1CCOCC1,0,0.031561,0.065115,0.030309
CCS(=O)(=O)N1CC[C@]2(CC1)CN([C@H](CO)c1[nH]c3cc(ccc3c12)OC)C(=O)Cc1ccccn1,0,0.008939,0.036196,0.015154
C[C@H]1CN([C@@H](C)CO)C(=O)c2cc(ccc2O[C@H]1CN(C)S(=O)(=O)c1cn(cn1)C)NC(=O)c1ccncc1,0,0.003865,0.024204,0.004199
C[C@H]1CCCCO[C@H](CN(C)C(=O)c2ccccc2)[C@H](C)CN([C@@H](C)CO)C(=O)c2cc(ccc2O1)NC(=O)Nc1ccccc1,0,0.004150,0.023133,0.004289
COc1cc(cc(c1)OC)CN1CCC(CC1)C(=O)N[C@@H](c1ccc(cc1)-c1ccccc1)c1cnccn1,0,0.830993,0.593325,0.634977
C[C@@H]1CN([C@H](C)CO)C(=O)Cc2cc(ccc2O[C@H]1CN(C)C(=O)Nc1ccc(cc1)F)NC(=O)Nc1ccc(cc1)C(F)(F)F,0,0.746443,0.037388,0.034698
C[C@H]1CN([C@H](C)CO)C(=O)Cc2cc(ccc2O[C@@H]1CN(C)C(=O)Nc1c(noc1C)C)NS(=O)(=O)C,0,0.013800,0.025069,0.006675
CN(C)Cc1c(nnn1-c1nonc1N)C(=O)N/N=C/c1ccncc1,0,0.878069,0.163299,0.150776
C[C@H]1CN([C@H](C)CO)C(=O)c2cccc(c2O[C@@H]1CN(C)Cc1ccncc1)NC(=O)C1CCOCC1,0,0.017525,0.026013,0.005398
N[C@H]([C@@H](N)c1ccccc1)c1ccccc1,0,0.796467,0.149653,0.080495
NNC(=S)Nc1cccc(c1)F,0,0.959091,0.054522,0.038427
COc1cc2c(nc(nc2cc1OCCCN1CCCC1)N1CCC(F)(F)CC1)NC1CCN(CC1)C(C)C,0,0.708872,0.493018,0.267453
Cc1ccc2[nH]c(cc2c1)C,0,0.087890,0.070919,0.044525
OC[C@H]1O[C@@H](Oc2ccc(cc2)CO)[C@H](O)[C@@H](O)[C@@H]1O,0,0.028193,0.027717,0.051261
COc1ccc(cc1)S(=O)(=O)N(C)C[C@H]1Oc2ncc(cc2C(=O)N(C[C@@H]1C)[C@H](C)CO)C#CC1(O)CCCC1,0,0.008282,0.025687,0.006617
C[C@H](NC(=O)C[C@@H]1O[C@@H](CO)[C@H](NC(=O)CN2CCOCC2)C=C1)c1ccccc1,0,0.035975,0.026290,0.019658
CS(=O)(=O)N1CCN(CC1)Cc1cc2nc(nc(c2s1)N1CCOCC1)-c1cccc2n[nH]cc12,0,0.103155,0.048312,0.017346
CN(C)CCN1CCO[C@@H]2CN(C[C@@H]21)Cc1cnn(c1)C,0,0.077677,0.047376,0.012112
CCC(=O)O[C@@H](OP(=O)(CCCCc1ccccc1)CC(=O)N1C[C@@H](C[C@H]1C(=O)O)C1CCCCC1)C(C)C,0,0.204764,0.554279,0.509609
Cc1cccc(c1)NC(=O)C[C@H]1NCCNC1=O,0,0.046207,0.084707,0.026782
C[C@@H]1CN([C@H](C)CO)S(=O)(=O)c2ccc(cc2O[C@@H]1CN(C)CC1CCOCC1)Br,0,0.235322,0.039917,0.011365
COC(=O)N[C@@H](C(C)C)C(=O)N1CCC[C@H]1c1nc(c[nH]1)-c1ccc(cc1)-c1ccc(cc1)-c1c[nH]c(n1)[C@@H]1CCCN1C(=O)[C@@H](NC(=O)OC)C(C)C,0,0.000010,0.094379,0.058828
Cc1ccc(cc1)S(=O)(=O)N[C@H]1CC[C@H](CCNC(=O)CN2CCOCC2)O[C@H]1CO,0,0.008197,0.023435,0.009503
C[C@@H]1CN([C@H](C)CO)C(=O)c2cc(ccc2O[C@@H]1CN(C)Cc1ccc(cc1)Oc1ccccc1)NC(=O)Nc1ccc(cc1)F,0,0.029981,0.045551,0.019769
OC[C@H]1O[C@@H](OCCc2ccc(c(c2)O)O)[C@H](O)[C@@H](O)[C@@H]1OC(=O)/C=C/c1ccc(c(c1)O)O,0,0.474426,0.187771,0.099271
NCC1OC(OC2C(N)CC(N)C(OC3OC(CO)C(O)C(N)C3O)C2O)C(O)C(O)C1O.O=S(=O)(O)O,0,0.786104,0.933734,0.950532
COc1ccc(cc1)S(=O)(=O)Nc1ccc2c(c1)CC(=O)N(C[C@@H](C)[C@H](CN(C)CC1CC1)O2)[C@@H](C)CO,0,0.004142,0.024413,0.005157
C[C@H]1CN([C@H](C)CO)C(=O)c2cccc(c2O[C@H]1CN(C)Cc1ccc(cc1)Oc1ccccc1)NC(=O)c1nc2ccccc2s1,0,0.001821,0.028057,0.008255
C[C@H]1CN([C@@H](C)CO)C(=O)c2cccc(c2O[C@H]1CN(C)Cc1ccc(cc1)C(F)(F)F)NC(=O)Nc1ccc(cc1)C(F)(F)F,0,0.966061,0.335682,0.197126
CO[C@H]1CN(C)C(=O)c2ccc(cc2OC[C@H](C)N(C[C@H]1C)C(=O)C1CCOCC1)NC(=O)CC(F)(F)F,0,0.115335,0.256261,0.156196
C[C@@H]1CN([C@H](C)CO)C(=O)c2cc(ccc2O[C@H]1CN(C)Cc1ccc(cc1)C(F)(F)F)NC(=O)Cc1ccccc1,0,0.103520,0.049963,0.068113
OC[C@@H]1O[C@H](C[C@@H]2[C@H]1Oc1ccc(cc12)NS(=O)(=O)c1ccc(cc1)F)CC(=O)NCCN1CCCCC1,0,0.030558,0.025914,0.007043
C[C@H]1CN([C@@H](C)CO)C(=O)c2cccc(c2O[C@@H]1CN(C)Cc1ccc(cc1)C(F)(F)F)NC(=O)CCCCCC(=O)Nc1ccccc1N,0,0.276056,0.044887,0.009017
C[C@H]1CN([C@H](C)CO)C(=O)c2cc(ccc2O[C@H]1CN(C)S(=O)(=O)c1cn(cn1)C)NC(=O)Nc1ccccc1,0,0.027443,0.024389,0.003966
C[C@H]1CN([C@@H](C)CO)C(=O)c2cccc(c2O[C@H]1CN(C)C(=O)Nc1ccc2c(c1)OCO2)NS(=O)(=O)c1cn(cn1)C,0,0.030505,0.023768,0.004919
COc1ccc2c3c([nH]c2c1)[C@H](CO)N(C[C@]13CCN(CC1)Cc1ccccc1OC)C(=O)Nc1ccc(cc1)F,0,0.770499,0.353890,0.270227
C[C@H]1CCCCO[C@@H](CN(C)C(=O)C2CCCCC2)[C@@H](C)CN([C@H](C)CO)C(=O)c2cc(ccc2O1)NC(=O)C1CCCCC1,0,0.006743,0.026053,0.008315
CC(C)[N+](C)(CCOC(=O)C1c2ccccc2Oc2ccccc21)C(C)C.[Br-],0,0.777359,0.656343,0.528931
COc1ccc(cc1)NC(=O)N(C)C[C@H]1OCCCC[C@H](C)Oc2ccc(cc2C(=O)N(C[C@@H]1C)[C@@H](C)CO)NC(=O)Nc1ccc2c(c1)OCO2,0,0.011504,0.024468,0.003116
C[C@@H]1CCCCO[C@@H](CN(C)Cc2ccccc2)[C@H](C)CN([C@H](C)CO)C(=O)c2cc(ccc2O1)NS(=O)(=O)c1cccs1,0,0.004105,0.024407,0.004303
C[C@H]1CN([C@H](C)CO)C(=O)c2cccc(c2O[C@@H]1CN(C)S(=O)(=O)c1ccc(cc1)F)NS(=O)(=O)C,0,0.068292,0.027450,0.009281
C[C@H]1CN([C@@H](C)CO)C(=O)Cc2cc(ccc2O[C@H]1CN(C)Cc1ccc2c(c1)OCO2)NC(=O)C1CC1,0,0.006532,0.030935,0.011659
CC(C)(C)c1ccc(cc1)-c1nc2ccccc2s1,0,0.811281,0.228594,0.187744
CC(=O)O[C@H]1CC(C)(C)C[C@H]2[C@@]31CO[C@@]21CC[C@H]2[C@@]4(C)CC[C@H](O[C@@H]5OC[C@H](O[C@@H]6O[C@H](CO)[C@@H](O)[C@H](O)[C@H]6O[C@@H]6OC[C@@H](O[C@@H]7O[C@H](CO)[C@@H](O)[C@H](O)[C@H]7O)[C@H](O)[C@H]6O)[C@H](O)[C@H]5O[C@@H]5O[C@H](CO)[C@@H](O)[C@H](O)[C@H]5O)[C@@](C)(CO)[C@@H]4CC[C@@]2(C)[C@]1(C)C[C@H]3O,0,0.828033,0.063881,0.028691
C[C@H]1CN([C@H](C)CO)C(=O)Cc2cc(ccc2O[C@@H]1CN(C)Cc1ccc(cc1)-c1ccccc1)NS(=O)(=O)c1ccc(cc1)F,0,0.007284,0.035250,0.007580
OC[C@@H](O)[C@H](O)[C@@H](O)/C=N/NC(=O)c1ccccc1O,0,0.029340,0.072502,0.038510
C[C@@H]1CN([C@H](C)CO)C(=O)c2cc(cnc2O[C@@H]1CN(C)C(=O)Nc1ccc(cc1)C(F)(F)F)/C=C/c1ccccc1,0,0.438733,0.212079,0.213544
COc1ccc2cc1/C=C\NC(=O)[C@H](Cc1ccccc1)NC(=O)[C@@H]1[C@H](CCN1C(=O)[C@@H](NC(=O)[C@@H](C)N(C)C)C(C)C)O2,0,0.055755,0.075395,0.045412
C1CO[C@H]2[C@@H](C1)CNC[C@H]2N1CCOCC1,0,0.145928,0.042121,0.019270
C[C@H]1CCCCO[C@@H](CN(C)S(=O)(=O)c2cccc(c2)F)[C@H](C)CN([C@@H](C)CO)C(=O)c2cc(ccc2O1)NC(=O)Nc1ccccc1,0,0.014029,0.025113,0.003846
C[C@@H]1CCCCO[C@@H](CN(C)C(=O)Nc2ccc(cc2)F)[C@H](C)CN([C@H](C)CO)C(=O)c2cc(ccc2O1)NS(=O)(=O)c1c(noc1C)C,0,0.017772,0.025062,0.006908
NS(=O)(=O)c1ccc(cc1)C(=O)O,0,0.000018,0.060588,0.018073
COc1ccccc1C#Cc1ccc2c(c1)O[C@@H](CN(C)C(=O)C)[C@H](C)CN([C@H](C)CO)S2(=O)=O,0,0.047367,0.028308,0.007895
COc1ccc(cc1)CN(C)C[C@H]1Oc2ccc(cc2CC(=O)N(C[C@@H]1C)[C@@H](C)CO)NC(=O)Cn1cnnn1,0,0.013663,0.028832,0.010309
C[C@H]1CCCCO[C@@H](CN(C)S(=O)(=O)c2cn(cn2)C)[C@@H](C)CN([C@@H](C)CO)C(=O)c2cc(ccc2O1)NS(=O)(=O)c1c(noc1C)C,0,0.001815,0.024497,0.006190
C[C@H]1CN([C@@H](C)CO)C(=O)c2cc(ccc2O[C@@H]1CN(C)S(=O)(=O)C)NC(=O)Nc1ccccc1,0,0.029878,0.024568,0.004925
CC(C)C12CN3CCN(CC(C3)C2=O)C1,0,0.936564,0.070524,0.031681
C[C@H]1CCc2c(sc(c2C#N)/N=C/C=C/c2ccccc2)C1,0,0.074506,0.210416,0.183789
COc1ccc(cc1)S(=O)(=O)Nc1ccc2c(c1)C(=O)N(C[C@H](C)[C@H](CN(C)Cc1ccc(c(c1)Cl)Cl)OCCCC[C@H](C)O2)[C@H](C)CO,0,0.008006,0.025030,0.004712
CC(C)NC(=O)N(C)C[C@H]1Oc2ccc(cc2CC(=O)N(C[C@H]1C)[C@H](C)CO)NS(=O)(=O)c1ccc(cc1)F,0,0.008192,0.024673,0.007785
C[C@@H]1CN([C@@H](C)CO)S(=O)(=O)c2ccc(cc2O[C@H]1CN(C)C(=O)Cc1cccnc1)-c1cncnc1,0,0.015723,0.025764,0.005307
CN(C)CCOc1ccc(cn1)[N+](=O)[O-],0,0.979941,0.130002,0.095899
Cc1ccc(cc1)S(=O)(=O)N1C[C@@H](O)COC[C@H]2O[C@@H](CC[C@@H]21)CC(=O)N[C@H]1CCN(C1)Cc1ccccc1,0,0.077530,0.039691,0.011712
C[C@@H]1CCCCO[C@@H](CN(C)Cc2ccccc2)[C@H](C)CN([C@H](C)CO)C(=O)c2cc(ccc2O1)NS(=O)(=O)c1c(noc1C)C,0,0.002102,0.025352,0.005353
COCC(=O)Nc1ccc2c(c1)OC[C@@H](C)N(C[C@@H](C)[C@@H](CN(C)C2=O)OC)C(=O)Nc1ccccc1F,0,0.215957,0.028405,0.010162
O=c1c(-c2ccc(O)cc2)coc2cc(O)cc(O)c12,0,0.522192,0.269080,0.179458
OC[C@H]1O[C@H](C[C@@H]2[C@H]1Oc1ccc(cc12)NC(=O)NC1CCCC1)CC(=O)NCc1ccc(cc1)Oc1ccccc1,0,0.028924,0.027646,0.026093
COc1cc(O)ccc1C(C)=O,0,0.431583,0.071539,0.046778
Cc1ccc(c(c1)F)NC(=O)CN,0,0.685696,0.051797,0.044342
C[C@@H]1CCCCO[C@@H](CN(C)C(=O)Nc2c(noc2C)C)[C@H](C)CN([C@@H](C)CO)C(=O)c2cc(ccc2O1)NC(=O)Nc1c(noc1C)C,0,0.041280,0.024355,0.006713
CNC(=O)C[C@@H]1CC[C@@H]2[C@H](COC[C@H](O)CN2C(=O)Nc2ccc3c(c2)OCO3)O1,0,0.378604,0.045289,0.058822
C[C@@H]1CCCCO[C@H](CN(C)C(=O)Nc2cccc3ccccc23)[C@H](C)CN([C@H](C)CO)C(=O)c2cc(ccc2O1)NC(=O)Cc1ccccc1,0,0.003795,0.023185,0.003973
COc1ccc(cc1)NC(=O)Nc1ccc2c(c1)C(=O)N(C[C@@H](C)[C@H](CN(C)Cc1ccc(cc1)C(=O)O)OCCCC[C@@H](C)O2)[C@H](C)CO,0,0.067070,0.026046,0.005556
CCC(=O)N[C@H]1C=C[C@@H](CC(=O)OC)O[C@H]1CO,0,0.006220,0.028526,0.013643
C[C@@H]1CN([C@H](C)CO)C(=O)c2cccc(c2O[C@@H]1CN(C)Cc1ccc(c(c1)Cl)Cl)NS(=O)(=O)c1ccc(cc1)Cl,0,0.081628,0.037376,0.010206
C[C@H]1CN([C@@H](C)CO)S(=O)(=O)c2ccc(cc2O[C@H]1CN(C)C(=O)CCN1CCCCC1)Br,0,0.119704,0.037333,0.011341
C1CNCc2c(nnn2C1)COc1cccnc1,0,0.054145,0.059976,0.037592
C[C@@H]1CN([C@H](C)CO)C(=O)c2cccc(c2O[C@@H]1CN(C)CC1CC1)NS(=O)(=O)c1ccccc1,0,0.009168,0.026896,0.005625
C[C@@H]1CCCCO[C@H](CN(C)C(=O)NC2CCCCC2)[C@H](C)CN([C@H](C)CO)C(=O)c2cc(ccc2O1)NC(=O)c1ccncc1,0,0.002963,0.023262,0.003810
C[C@@H]1CN([C@@H](C)CO)C(=O)Cc2cc(ccc2O[C@H]1CN(C)S(=O)(=O)c1cccs1)NC(=O)Cc1ccccc1,0,0.001282,0.024208,0.003437
C[C@H]1CN([C@H](C)CO)C(=O)c2cccc(c2O[C@H]1CN(C)C(=O)Nc1cccc2ccccc12)NC(=O)Nc1ccc2c(c1)OCO2,0,0.028783,0.029612,0.009090
C[C@H]1CCCCO[C@@H](CN(C)C(=O)Nc2ccc(cc2)C(F)(F)F)[C@H](C)CN([C@H](C)CO)C(=O)c2cc(ccc2O1)NC(=O)Nc1ccc(cc1)C(F)(F)F,0,0.935200,0.059645,0.029122
COc1ccc(cc1)NC(=O)N[C@H]1CC[C@@H](CCNC(=O)CN2CCOCC2)O[C@@H]1CO,0,0.042892,0.036533,0.014470
C[C@@H](O)CN1[C@H]2CS(=O)(=O)C[C@H]2SC1=S,0,0.130592,0.325321,0.149201
C[C@@H]1CN([C@H](C)CO)S(=O)(=O)c2ccc(cc2O[C@H]1CN(C)C(=O)c1cnccn1)C1=CCCC1,0,0.008697,0.025084,0.006268
O=C(C=Cc1ccc(O)cc1)c1ccccc1,0,0.470052,0.437387,0.379665
COc1ccc(cc1)CCN1C(=O)[C@]2(CC(=O)N(C3CCCCC3)[C@@H]2c2ccc(cc21)CO)c1ccc(cc1)[N+](=O)[O-],0,0.042234,0.185550,0.303810
OC[C@H]1O[C@@H](C[C@@H]2[C@H]1Oc1ccc(cc12)NC(=O)c1ccc2c(c1)OCO2)CC(=O)NCCN1CCCCC1,0,0.018020,0.031923,0.015853
CO[C@H]1/C=C\O[C@@]2(C)Oc3c(c(c4c(c(c(c(c4c3C2=O)O)/C=N/N=C/N2CCCCC2)NC(=O)/C(=C\C=C/[C@H](C)[C@H](O)[C@@H](C)[C@@H](O)[C@@H](C)[C@H](OC(=O)C)[C@@H]1C)C)O)O)C,1,0.067533,0.765376,0.580879
COc1cc(cc(c1OCCOCCOCCOCCC(=O)OC(C)(C)C)OC)/C=C/C(=O)N1CCC=CC1=O,0,0.000984,0.055836,0.036135
OC[C@@H]1O[C@@H](CCNC(=O)C2CCCCC2)CC[C@H]1NC(=O)CN1CCOCC1,0,0.042158,0.034585,0.028178
COc1cc(nc(n1)N)OC,0,0.109407,0.172254,0.075539
C/C=C/c1ccc2c(c1)O[C@H](CN(C)C(=O)c1ccc3c(c1)OCO3)[C@@H](C)CN([C@H](C)CO)S2(=O)=O,0,0.002577,0.024978,0.003902
C[C@H]1CN([C@H](C)CO)C(=O)c2cc(ccc2O[C@@H]1CN(C)S(=O)(=O)c1ccc(cc1)F)NS(=O)(=O)c1ccc(cc1)C,0,0.006444,0.024388,0.006856
C[C@H]1CN([C@H](C)CO)C(=O)c2cccc(c2O[C@@H]1CN(C)Cc1ccc(cc1)C(=O)O)NC(=O)C1CC1,0,0.103850,0.036745,0.023727
C[C@H](N)C(=O)O,0,0.001175,0.057886,0.016461
Br.CN1C2CC(OC(=O)C(CO)c3ccccc3)CC1C1OC12,0,0.059366,0.132278,0.059437
C[C@H]1CN([C@H](C)CO)C(=O)Cc2cc(ccc2O[C@@H]1CN(C)S(=O)(=O)c1cccs1)NC(=O)c1ccncc1,0,0.000767,0.024232,0.003642
C[C@@H]1CN([C@@H](C)CO)C(=O)c2cccc(c2O[C@H]1CN(C)S(=O)(=O)c1cn(cn1)C)NC(=O)C1CCOCC1,0,0.019233,0.024481,0.005138
OC(=O)c1cc(ccc1O)-n1cnnn1,0,0.021649,0.185244,0.137168
C[C@@H]1CN([C@@H](C)CO)C(=O)c2cc(ccc2O[C@H]1CN(C)Cc1ccc(cc1)C(=O)Nc1ccccc1N)NS(=O)(=O)c1ccc(cc1)Cl,0,0.001626,0.030130,0.004471
C[C@H]1CCCCO[C@@H](CN(C)S(=O)(=O)c2ccccc2)[C@H](C)CN([C@@H](C)CO)C(=O)c2cc(ccc2O1)NC(=O)CCC(F)(F)F,0,0.024341,0.024490,0.006010
COc1ccc(cc1)CN(C)C[C@@H]1Oc2c(cccc2C(=O)N(C[C@H]1C)[C@@H](C)CO)NC(=O)c1cnccn1,0,0.019148,0.031159,0.008548
COc1ccc(cc1)NC(=O)N(C)C[C@H]1Oc2ncc(cc2C(=O)N(C[C@@H]1C)[C@H](C)CO)C#CC(C)C,0,0.086212,0.024123,0.005491
OCCOc1ccc(cc1)[C@@H]1N2[C@H]([C@H](C(=O)NCC=C)[C@@]11C(=O)Nc3ccc(cc31)C#CC1=CCCCC1)C(=O)O[C@H]([C@H]2c1ccccc1)c1ccccc1,0,0.615625,0.072028,0.054900
C[C@H]1CCCCO[C@@H](CN(C)C(=O)C2CCCCC2)[C@@H](C)CN([C@@H](C)CO)C(=O)c2cc(ccc2O1)NC(=O)Nc1ccc(cc1)C(F)(F)F,0,0.296652,0.170819,0.090214
C[C@H]1CN([C@H](C)CO)C(=O)Cc2cc(ccc2O[C@@H]1CN(C)C(=O)Nc1ccc(cc1)F)NC(=O)C1CC1,0,0.109101,0.037176,0.015392
C[C@H]1CN([C@H](C)CO)S(=O)(=O)c2ccc(cc2O[C@@H]1CN(C)C(=O)Nc1ccc2c(c1)OCO2)C#Cc1ccncc1,0,0.026413,0.032075,0.004367
Cc1ccc(cc1)S(=O)(=O)N[C@@H](Cc1ccccc1)C(=O)NCCCn1cc(nn1)C(=O)NO,0,0.247515,0.076114,0.034419
COc1ccc(cc1)NC(=O)Nc1ccc2c(c1)C(=O)N(C[C@H](C)[C@@H](CN(C)Cc1ccc(c(c1)Cl)Cl)OCCCC[C@@H](C)O2)[C@H](C)CO,0,0.090923,0.039774,0.006458
CC(C)(Sc1cc(C(C)(C)C)c(O)c(C(C)(C)C)c1)Sc1cc(C(C)(C)C)c(O)c(C(C)(C)C)c1,0,0.996452,0.764746,0.772011
NC(=N)Nc1nc2ccccc2[nH]1,0,0.508844,0.120308,0.079270
COc1ccc2c3c([nH]c2c1)[C@@H](CO)N(C[C@]13CCN(CC1)C(=O)c1ccncc1)C(=O)c1ccncc1,0,0.009937,0.065324,0.049477
Cc1ccc(cc1)S(=O)(=O)N1C[C@@H](O)COC[C@H]2O[C@@H](CC[C@@H]21)CC(=O)NCc1cccc(c1)C(F)(F)F,0,0.800992,0.049647,0.048507
CNC[C@H]1Oc2ccc(cc2CC(=O)N(C[C@H]1C)[C@H](C)CO)NC(=O)CCN1CCOCC1,0,0.012885,0.026753,0.007731
C[C@@H]1CN([C@@H](C)CO)C(=O)Cc2cc(ccc2O[C@H]1CN(C)C(=O)Nc1ccc(cc1)C(F)(F)F)NC(=O)Nc1ccccc1,0,0.548050,0.040675,0.055917
CC(C)CC#Cc1ccc2c(c1)O[C@@H](CN(C)C(=O)C1CCOCC1)[C@@H](C)CN([C@H](C)CO)S2(=O)=O,0,0.050144,0.025324,0.010687
C[C@]1(NC(=O)NC1=O)c1ccc2c(c1)OCCO2,0,0.013136,0.045408,0.086548
C[C@@H]1CN([C@H](C)CO)C(=O)Cc2cc(ccc2O[C@H]1CN(C)C(=O)Nc1c(noc1C)C)NS(=O)(=O)c1cccs1,0,0.007805,0.024274,0.004836
CN(C)CC[C@H](CSc1ccccc1)Nc1ccc(cc1[N+](=O)[O-])S(=O)(=O)NC(=O)c1ccc(cc1)N1CCN(CC1)Cc1ccccc1-c1ccc(cc1)Cl,0,0.091396,0.086380,0.021915
Oc1cc(cc(c1)C1CCCCC1)C1CCCCC1,1,0.648124,0.606719,0.405334
C[C@H]1CN([C@@H](C)CO)C(=O)CCCn2cc(nn2)CO[C@H]1CN(C)C(=O)Nc1cccc2ccccc12,0,0.050213,0.034452,0.010361
COc1ccccc1NC(=O)N(C)C[C@@H]1Oc2ncc(cc2C(=O)N(C[C@@H]1C)[C@@H](C)CO)C#CCN(C)C,0,0.197239,0.022582,0.004564
C[C@H]1CN([C@H](C)CO)C(=O)c2cc(cnc2O[C@@H]1CN(C)S(=O)(=O)c1ccccc1F)C#Cc1cccnc1,0,0.032982,0.026726,0.004302
C[C@H]1CN([C@@H](C)CO)C(=O)c2c(c3ccccc3n2C)-c2ccccc2CO[C@@H]1CN(C)Cc1cccc2c1OCCCO2,0,0.018451,0.029068,0.007220
C[C@H]1CN([C@H](C)CO)S(=O)(=O)c2ccc(cc2O[C@@H]1CN(C)C(=O)Nc1ccc(cc1)F)C#CC1(O)CCCC1,0,0.118086,0.027692,0.009146
CC(C)NC(=O)N(C)C[C@@H]1OCCCC[C@H](C)Oc2ccc(cc2C(=O)N(C[C@H]1C)[C@@H](C)CO)NC(=O)Nc1ccc(cc1)C(F)(F)F,0,0.519603,0.179649,0.096943
NCc1ccnc(c1)N1CCCC1,0,0.105083,0.031007,0.017887
NCCCC[C@H](NC(=O)[C@@H]1CCCN1C(=O)[C@@H]1CSSC[C@H](N)C(=O)N[C@@H](Cc2ccccc2)C(=O)N[C@@H](Cc2ccccc2)C(=O)NC(CCC(=O)N)C(=O)N[C@@H](CC(=O)N)C(=O)N1)C(=O)NCC(=O)N,0,0.901579,0.507444,0.213788
C[C@H]1CCCCO[C@@H](CN(C)C(=O)Nc2ccccc2)[C@H](C)CN([C@H](C)CO)C(=O)c2cc(ccc2O1)NC(=O)CCC(F)(F)F,0,0.128839,0.018531,0.010407
NC(=O)C1CCCN1C(=O)C(Cc1c[nH]cn1)NC(=O)C1CCC(=O)N1,0,0.031152,0.271267,0.133783
O[C@@H]1CN[C@H]2CC[C@@H](CC(=O)NCCN3CCCCC3)O[C@@H]2COC1,0,0.583002,0.027019,0.014893
COc1ccccc1C(=O)Nc1ccc2c(c1)C(=O)N(C)[C@H]1CC[C@H](CC(=O)NCc3ccc(c(c3)Cl)Cl)O[C@@H]1CO2,0,0.057308,0.068064,0.029830
C[C@@H]1CN([C@@H](C)CO)C(=O)Cc2cc(ccc2O[C@@H]1CN(C)Cc1ccc(c(c1)Cl)Cl)NC(=O)Cn1cnnn1,0,0.102857,0.059836,0.020933
CN(C)c1nc(nc(n1)N(CC=C)C#N)N(C)C,0,0.019686,0.178471,0.109331
COCC(=O)N1C[C@H](C)[C@H](CN(C)C(=O)c2cc(ccc2OC[C@@H]1C)NC(=O)c1cc(on1)C)OC,0,0.009440,0.025142,0.006102
COc1ccc(cc1)NC(=O)N(C)C[C@@H]1Oc2ccc(cc2C(=O)N(C[C@@H]1C)[C@@H](C)CO)NC(=O)CCCN(C)C,0,0.022072,0.022970,0.005738
CN1[C@@H]2CC[C@@H](CC(=O)N3CCOCC3)O[C@@H]2COc2ccc(cc2C1=O)NC(=O)c1ccc(c(c1)F)F,0,0.021509,0.169892,0.100794
CC(=O)NCCCC[C@@H]1NC(=O)[C@H]2C[C@H]([C@H](N2C1=O)c1ccc(cc1)O)C(=O)NCCCCCNC(=O)CS,0,0.000112,0.170655,0.228520
CNC(=O)CC1CCNCC1,0,0.198515,0.023991,0.011710
N[C@H]1CCCC[C@@H]1OCc1ccccc1,0,0.094308,0.298123,0.137322
OCCc1cnc2cc(nn2c1)C(=O)O,0,0.102310,0.063088,0.100736
CCN1C(=O)NC(=CC1=O)N1CCC(C)CC1,0,0.697007,0.125827,0.082551
C[C@@H]1CCCCO[C@@H](CN(C)Cc2ccc(c(c2)Cl)Cl)[C@H](C)CN([C@@H](C)CO)C(=O)c2cc(ccc2O1)NS(=O)(=O)c1ccc(cc1)F,0,0.020477,0.024972,0.006093
O=C(O)c1cc(O)c(O)c(O)c1,0,0.852912,0.096770,0.085277
C[C@H]1CCCCO[C@@H](CN(C)Cc2ccc3c(c2)OCO3)[C@H](C)CN([C@H](C)CO)C(=O)c2cc(ccc2O1)NS(=O)(=O)c1ccc(cc1)C,0,0.000718,0.024339,0.003635
C[C@H]1CN([C@H](C)CO)C(=O)c2cccc(c2O[C@H]1CN(C)Cc1ccc(cc1)C(=O)Nc1ccccc1N)NS(=O)(=O)c1cn(cn1)C,0,0.014898,0.026961,0.004490
COc1ccc(cc1)S(=O)(=O)Nc1ccc2c(c1)CC(=O)N(C[C@@H](C)[C@@H](CN(C)S(=O)(=O)c1ccccc1)O2)[C@H](C)CO,0,0.000901,0.024220,0.004454
C[C@H]1CN([C@@H](C)CO)C(=O)c2cc(cnc2O[C@@H]1CN(C)C(=O)Nc1ccc2c(c1)OCO2)C#CC1(O)CCCC1,0,0.013674,0.038657,0.007941
CCCC[C@@H](C#N)c1ccccn1,0,0.003233,0.061969,0.030267
C[C@@H]1CN([C@@H](C)CO)C(=O)c2cc(ccc2O[C@@H]1CN(C)C(=O)Nc1ccccc1)NS(=O)(=O)c1cn(cn1)C,0,0.069574,0.024129,0.003921
CC1=NCCC2c3ccc(O)cc3NC12,0,0.017919,0.112455,0.103503
C[C@@H]1CCCCO[C@@H](CN(C)Cc2ccc(cc2)C(F)(F)F)[C@H](C)CN([C@H](C)CO)C(=O)c2cc(ccc2O1)NS(=O)(=O)c1cn(cn1)C,0,0.163018,0.036581,0.007601
C[C@@H]1CCCCO[C@@H](CN(C)C(=O)Nc2ccccc2)[C@@H](C)CN([C@H](C)CO)C(=O)c2cc(ccc2O1)NS(=O)(=O)c1cccs1,0,0.004891,0.024208,0.003359
CC(C)CC#Cc1ccc2c(c1)O[C@H](CN(C)Cc1cncnc1)[C@H](C)CN([C@@H](C)CO)S2(=O)=O,0,0.044493,0.025705,0.005784
C[C@@H]1CCCCO[C@H](CN(C)Cc2ccccc2)[C@H](C)CN([C@@H](C)CO)C(=O)c2cc(ccc2O1)NC(=O)Nc1ccccc1,0,0.018856,0.023052,0.007498
C[C@H]1CCCCO[C@@H](CN(C)Cc2ccccc2)[C@@H](C)CN([C@@H](C)CO)C(=O)c2cc(ccc2O1)NC(=O)c1ccccc1,0,0.002639,0.023093,0.006997
CC(C)NC(=O)Nc1ccc2c(c1)C(=O)N(C[C@@H](C)[C@H](CN(C)S(=O)(=O)C)OCCCC[C@H](C)O2)[C@H](C)CO,0,0.008327,0.025510,0.004570
C[C@@H]1CCCCO[C@@H](CN(C)S(=O)(=O)c2ccc(cc2)F)[C@H](C)CN([C@@H](C)CO)C(=O)c2cc(ccc2O1)NC(=O)Nc1ccc(cc1)C(F)(F)F,0,0.365343,0.173781,0.010054
ClN1C(=O)N(Cl)C(=O)N(Cl)C1=O,0,0.998593,0.618868,0.210642
C[C@H]1CN([C@H](C)CO)C(=O)c2c(c3ccccc3n2C)-c2ccccc2CO[C@H]1CN(C)Cc1cccc(c1)O,0,0.045475,0.047383,0.024656
CNC(=O)C[C@@H]1CC[C@H]2[C@@H](COC[C@@H](O)CN2C(=O)c2ccc3c(c2)OCO3)O1,0,0.137326,0.123586,0.013530
COc1ccc(cc1)CN(C)C[C@H]1OCCCC[C@H](C)Oc2ccc(cc2C(=O)N(C[C@@H]1C)[C@H](C)CO)NC(=O)c1ccncc1,0,0.003260,0.023348,0.003154
C[C@H]1CN([C@@H](C)CO)C(=O)c2cc(ccc2O[C@H]1CN(C)Cc1ccncc1)NC(=O)c1ccncc1,0,0.002598,0.023947,0.005036
C(=N/n1cnnc1)\c1ccco1,0,0.039045,0.143348,0.084781
CN1C(=O)N(C)c2nc(n(c2C1=O)Cc1ccc(cc1)F)N(CCO)CCO,0,0.976508,0.151955,0.265791
C[C@H]1CN([C@H](C)CO)C(=O)Cc2cc(ccc2O[C@@H]1CN(C)C(=O)Nc1c(noc1C)C)NC(=O)Nc1cccc2ccccc12,0,0.024383,0.024991,0.005831
COc1ccc(cc1)S(=O)(=O)N(C)C[C@@H]1Oc2c(cccc2C(=O)N(C[C@@H]1C)[C@H](C)CO)NC(=O)c1cc(nn1C)C,0,0.013320,0.024534,0.004173
C[C@H]1CN([C@H](C)CO)C(=O)Cc2cc(ccc2O[C@H]1CN(C)C(=O)Nc1ccc(cc1)F)NC(=O)CCN1CCOCC1,0,0.027943,0.027504,0.010096
C[C@@H]1CCCCO[C@@H](CN(C)C(=O)Nc2ccccc2)[C@@H](C)CN([C@@H](C)CO)C(=O)c2cc(ccc2O1)NC(=O)Nc1cccc2ccccc12,0,0.008740,0.023209,0.003418
C[C@@H]1CN([C@H](C)CO)C(=O)Cc2cc(ccc2O[C@@H]1CN(C)Cc1ccc(cc1)-c1ccccc1)NS(=O)(=O)c1ccccc1,0,0.002848,0.030683,0.005161
COc1ccc(cc1)NC(=O)N(C)C[C@H]1Oc2ccc(cc2C(=O)N(C[C@H]1C)[C@H](C)CO)NC(=O)CCN1CCOCC1,0,0.007174,0.023082,0.003979
C[C@H]1CN([C@@H](C)CO)C(=O)c2cc(cnc2O[C@@H]1CN(C)Cc1ccc(cc1)-c1ccccc1)-c1cccnc1,0,0.041404,0.037931,0.015671
CCCCCN(C)CCC(O)(P(=O)([O-])O)P(=O)(O)O.O.[Na+],0,0.918439,0.232457,0.173182
CCOC(=O)Nc1c[n+](no1)N1CCOCC1,0,0.047920,0.096551,0.017787
C[C@H]1CCCCO[C@H](CN(C)S(=O)(=O)c2ccc(cc2)Cl)[C@@H](C)CN([C@@H](C)CO)C(=O)c2cc(ccc2O1)NS(=O)(=O)c1cccs1,0,0.004360,0.026519,0.006533
OC[C@H]1O[C@@H](CCNC(=O)Cc2ccccn2)CC[C@@H]1NC(=O)CN1CCOCC1,0,0.010479,0.021962,0.010670
C[C@@H]1CN([C@H](C)CO)C(=O)Cc2cc(ccc2O[C@H]1CN(C)C(=O)Nc1c(noc1C)C)NS(=O)(=O)c1cn(cn1)C,0,0.033733,0.024218,0.004284
CCC1=C[C@@H]2[C@H](C1)C[C@]2(CN)CC(=O)O,0,0.493699,0.215755,0.038103
OC[C@H](Cc1ccccc1)NC(=O)C[C@H](CC=C)C(=O)NC[C@@H](OC(=O)[C@H](CCC=C)Cc1ccc(cc1)F)c1ccccc1,0,0.006779,0.062876,0.027937
C[C@H]1CCCCO[C@H](CN(C)C(=O)Cc2ccccc2)[C@@H](C)CN([C@@H](C)CO)C(=O)c2cc(ccc2O1)NC(=O)C1CCCCC1,0,0.001759,0.024233,0.005196
C[C@H]1CN([C@@H](C)CO)C(=O)Cc2cc(ccc2O[C@H]1CN(C)Cc1ccc(cc1)C(=O)O)NC(=O)C1CC1,0,0.067487,0.042435,0.034189
OC[C@H]1O[C@H](CCNC(=O)CN2CCOCC2)CC[C@@H]1NC(=O)c1ccc2c(c1)OCO2,0,0.013871,0.026781,0.009171
C[C@@H]1CCCCO[C@H](CN(C)C(=O)Nc2ccc(cc2)F)[C@H](C)CN([C@@H](C)CO)C(=O)c2cc(ccc2O1)NS(=O)(=O)c1c(noc1C)C,0,0.017772,0.025062,0.006908
COc1ccccc1-c1ccc2c(c1)O[C@H](CN(C)C(=O)c1cccnc1)[C@@H](C)CN([C@@H](C)CO)S2(=O)=O,0,0.007281,0.024795,0.003491
CC(C)NC(=O)Nc1cccc2c1O[C@@H](CN(C)S(=O)(=O)c1ccc(cc1)F)[C@@H](C)CN([C@H](C)CO)C2=O,0,0.110633,0.024414,0.006249
C[C@H]1CN([C@H](C)CO)S(=O)(=O)c2ccc(cc2O[C@@H]1CN(C)S(=O)(=O)c1ccccc1F)-c1ccncc1,0,0.018958,0.029158,0.005786
C[C@@H]1CCCCO[C@H](CN(C)Cc2ccccc2)[C@@H](C)CN([C@@H](C)CO)C(=O)c2cc(ccc2O1)NS(=O)(=O)c1cccs1,0,0.004105,0.024407,0.004303
COc1ccc(cc1)NC(=O)N(C)C[C@@H]1OCCCC[C@@H](C)Oc2ccc(cc2C(=O)N(C[C@H]1C)[C@@H](C)CO)NS(=O)(=O)c1cccs1,0,0.004052,0.024265,0.003671
CCOC(=O)c1c(n(c2cc(c(cc12)O)Br)Cc1ccccc1)CN1CCN(CC1)c1ccccc1,0,0.564920,0.571459,0.587878
C[C@@H]1CCCCO[C@H](CN(C)Cc2ccc3c(c2)OCO3)[C@@H](C)CN([C@H](C)CO)C(=O)c2cc(ccc2O1)NC(=O)NC1CCCCC1,0,0.018400,0.026046,0.005527
C[C@@H]1CCCCO[C@H](CN(C)C(=O)CCC(F)(F)F)[C@@H](C)CN([C@H](C)CO)C(=O)c2cc(ccc2O1)NS(=O)(=O)c1ccc(cc1)F,0,0.020124,0.030350,0.009171
CNC(=O)CN1CCOCC21CCN(CC2)c1cc(ncn1)OC,0,0.657372,0.062185,0.026302
COCC#Cc1ccc(cc1)[C@H]1[C@H](CO)N2[C@H]1CN(CC2=O)C(=O)CN1CCOCC1,0,0.225624,0.026102,0.026102
CC(C)(CO)NC(=O)C(=O)NC1CC1,0,0.064205,0.042969,0.031513
COc1ccc(cc1)NC(=O)Nc1ccc2c(c1)C(=O)N(C[C@@H](C)[C@@H](CN(C)S(=O)(=O)c1c(noc1C)C)OCCCC[C@@H](C)O2)[C@@H](C)CO,0,0.005607,0.025163,0.004542
COC(=O)C[C@@H]1CC[C@@H]2[C@H](COC[C@H](O)CN2S(=O)(=O)c2ccccc2C)O1,0,0.073540,0.033420,0.013761
COc1ccc(cc1)S(=O)(=O)Nc1ccc2c(c1)C(=O)N(C[C@H](C)[C@@H](CN(C)S(=O)(=O)C)O2)[C@@H](C)CO,0,0.004303,0.025875,0.007007
C[C@@H]1CCCCO[C@H](CN(C)S(=O)(=O)c2c(noc2C)C)[C@@H](C)CN([C@H](C)CO)C(=O)c2cc(ccc2O1)NC(=O)Nc1cccc2ccccc12,0,0.003656,0.030439,0.003487
CO[C@H]1C[C@H](CC[C@H]1OC(=O)C(C)(CO)CO)C[C@@H](C)[C@H]1CC(=O)[C@H](C)/C=C(\C)[C@@H](O)[C@H](OC)C(=O)[C@H](C)C[C@H](C)/C=C/C=C\C=C(C)[C@@H](C[C@@H]2CC[C@@H](C)[C@@](O)(O2)C(=O)C(=O)N2CCCC[C@H]2C(=O)O1)OC,0,0.479201,0.532528,0.097611
CNC[C@@H]1OCCCC[C@H](C)Oc2ccc(cc2C(=O)N(C[C@@H]1C)[C@H](C)CO)NS(=O)(=O)c1cn(cn1)C,0,0.042498,0.024198,0.004752
C[C@@H]1CCCCO[C@H](CN(C)C(=O)Nc2ccc(cc2)C(F)(F)F)[C@@H](C)CN([C@H](C)CO)C(=O)c2cc(ccc2O1)NC(=O)CCC(F)(F)F,0,0.691060,0.106848,0.055968
C[C@@H]1CN([C@@H](C)CO)C(=O)c2cccc(c2O[C@@H]1CN(C)Cc1ccc(cc1)Oc1ccccc1)NS(=O)(=O)c1ccc(cc1)F,0,0.003038,0.026016,0.007498
C[C@@H]1CN([C@@H](C)CO)C(=O)Cc2cc(ccc2O[C@H]1CN(C)S(=O)(=O)c1ccc(cc1)Cl)NC(=O)Cn1cnnn1,0,0.017031,0.028641,0.006527
C[C@@H]1CCCCO[C@@H](CN(C)Cc2ccc(cc2)C(=O)Nc2ccccc2N)[C@@H](C)CN([C@H](C)CO)C(=O)c2cc(ccc2O1)NC(=O)Nc1ccc(cc1)F,0,0.023437,0.024206,0.005218
COc1ccc(cc1)CN(C)C[C@H]1OCCCC[C@@H](C)Oc2ccc(cc2C(=O)N(C[C@H]1C)[C@H](C)CO)NC(=O)Nc1ccc(cc1)OC,0,0.022310,0.023745,0.005158
O[C@@H](C(=O)O)[C@@](O)(Cc1ccc(cc1)O)C(=O)O,0,0.052040,0.060700,0.129182
Oc1ccccc1NC(=O)CCCCCCC(=O)N/N=C/c1cc(c(c(c1)Br)O)Br,0,0.990038,0.880942,0.857286
COc1ccc(cc1)S(=O)(=O)N(C)C[C@@H]1OCCCC[C@H](C)Oc2ccc(cc2C(=O)N(C[C@H]1C)[C@H](C)CO)NC(=O)CCC(F)(F)F,0,0.027896,0.024905,0.006989
COc1ccc(cc1)N1[C@H]2[C@H](Cc3ccccc3)[C@@H](N(CCc3ccc(c(c3)OC)OC)C1=O)N(Cc1ccccc1)C2=O,0,0.006438,0.195301,0.085476
CC(C)CC#Cc1ccc2c(c1)O[C@@H](CN(C)C(=O)NC1CCCC1)[C@H](C)CN([C@@H](C)CO)S2(=O)=O,0,0.077499,0.037474,0.007555
CC(C)CNC(=O)CSc1nnc[nH]1,0,0.502971,0.132447,0.039019
OCC(O)C(O)C(O)C(O)C(O)CO,0,0.000045,0.082317,0.018067
C[C@@H]1CN([C@H](C)CO)C(=O)c2cc(ccc2O[C@H]1CN(C)C(=O)Nc1ccccc1)NC(=O)CCN1CCOCC1,0,0.005764,0.022944,0.004195
C[C@H]1CN([C@H](C)CO)C(=O)Cc2cc(ccc2O[C@H]1CN(C)C(=O)Nc1ccccc1)NC(=O)Cn1cnnn1,0,0.033773,0.022871,0.007234
Cc1nc(c(nc1C)C(=O)O)N,0,0.298290,0.093373,0.031325
COc1cc(cc(c1OC)OC)C(=O)O[C@H]1CC[C@@]2(C)[C@@H]3CC[C@H]4[C@]5(O)C[C@H](O)[C@@]6(O)[C@@H](CN7C[C@@H](C)CC[C@H]7[C@@]6(C)O)[C@]5(O)C[C@@]42O[C@@]13O,0,0.019948,0.181698,0.082900
C[C@H]1CN([C@H](C)CO)C(=O)c2cccc(c2O[C@@H]1CN(C)C(=O)NC1CCCCC1)NC(=O)c1ccc(cc1)-c1nccs1,0,0.032378,0.036100,0.008304
CC(C)CC(=O)Nc1cncc(c1)-c1ccc2[nH]nc(c2c1)-c1nc2cncc(c2[nH]1)-c1cccc(c1)F,0,0.751585,0.246994,0.212676
Cc1cc2c(cc1C)N=C(CC(=N2)c1cccs1)C(F)(F)F,0,0.899110,0.524716,0.470447
C[C@H]1CN([C@H](C)CO)C(=O)c2cc(ccc2O[C@H]1CN(C)S(=O)(=O)c1ccc(cc1)Cl)NC(=O)Cn1cnnn1,0,0.045807,0.024648,0.005736
COc1ccc(cc1)[C@@H]([C@H](Cc1ccccc1)OC(=O)C)N1C[C@H]2[C@H](ON(C)[C@H]2[C@@H]1Cc1ccccc1)[C@@H](O)c1ccccc1,0,0.353295,0.118350,0.078241
C[C@@H]1CN([C@H](C)CO)S(=O)(=O)c2ccc(cc2O[C@@H]1CN(C)S(=O)(=O)C)C#Cc1ccc(cc1)F,0,0.111244,0.050751,0.014203
C[C@H]1CN([C@H](C)CO)C(=O)Cc2cc(ccc2O[C@@H]1CN(C)Cc1ccccc1)NS(=O)(=O)c1c(noc1C)C,0,0.001237,0.024642,0.005889
C[C@@H]1CCCCO[C@@H](CN(C)Cc2ccc3c(c2)OCO3)[C@@H](C)CN([C@H](C)CO)C(=O)c2cc(ccc2O1)NS(=O)(=O)c1ccccc1,0,0.000577,0.024237,0.003174
COCCNC(=O)C[C@H]1CC[C@H]2[C@@H](COC[C@H](O)CN2S(=O)(=O)c2ccccc2C)O1,0,0.093851,0.028347,0.011973
CNC(=O)C[C@@H]1CC[C@H]2[C@@H](COC[C@H](O)CN2C(=O)Nc2cccc(c2)OC)O1,0,0.419865,0.198026,0.036769
C[C@H]1CN([C@@H](C)CO)C(=O)Cc2cc(ccc2O[C@@H]1CN(C)S(=O)(=O)c1cccs1)NS(=O)(=O)c1ccccc1,0,0.000399,0.024490,0.004034
COc1ccc(cc1)-c1cnc2c(c1)C(=O)N(C[C@H](C)[C@H](CN(C)C(=O)Cc1cccnc1)O2)[C@H](C)CO,0,0.006288,0.022836,0.005111
C[C@H]1CN([C@@H](C)CO)C(=O)Cc2cc(ccc2O[C@H]1CN(C)CC1CCCCC1)NC(=O)Nc1ccc(cc1)F,0,0.271396,0.068809,0.037073
C[C@@H]1CN([C@H](C)CO)C(=O)CCCn2nncc2CO[C@H]1CN(C)C(=O)CCCN(C)C,0,0.013553,0.035327,0.007749
C[C@@H]1CCCCO[C@@H](CN(C)C(=O)Nc2ccccc2)[C@H](C)CN([C@H](C)CO)C(=O)c2cc(ccc2O1)NC(=O)NC1CCCCC1,0,0.011847,0.023361,0.004311
CC(C)NC(=O)N(C)C[C@H]1Oc2c(cccc2C(=O)N(C[C@@H]1C)[C@H](C)CO)NC(=O)C1CCCCC1,0,0.032096,0.033357,0.014363
NC(=O)N1C(=O)[C@@H]2[C@H]3C=C(CCCO)[C@@H]([C@H]2C1=O)[C@@H](N3Cc1sc2ccccc2c1Cl)c1ccc(cc1)CN1CCCC1,0,0.006110,0.492252,0.349492
C[C@H]1CCCCO[C@H](CN(C)Cc2ccccc2)[C@@H](C)CN([C@@H](C)CO)C(=O)c2cc(ccc2O1)NC(=O)c1ccncc1,0,0.002405,0.023375,0.003379
C[C@@H](O)[C@@H]1[C@H]2CC(=C(N2C1=O)C(=O)O)SCCNC=N,0,0.999696,0.811568,0.633122
COc1ccc(cc1)S(=O)(=O)N(C)C[C@@H]1OCCCC[C@H](C)Oc2ccc(cc2C(=O)N(C[C@@H]1C)[C@@H](C)CO)NC(=O)C1CCCCC1,0,0.002452,0.024282,0.004283
CCCC#Cc1cnc2c(c1)C(=O)N(C[C@H](C)[C@@H](CN(C)S(=O)(=O)c1cn(cn1)C)O2)[C@@H](C)CO,0,0.038118,0.027721,0.005232
C[C@H]1CN([C@H](C)CO)C(=O)Cc2cc(ccc2O[C@H]1CN(C)S(=O)(=O)c1cn(cn1)C)NS(=O)(=O)c1ccccc1,0,0.001150,0.024212,0.003567
CO[C@@H]1CN(C)C(=O)c2ccc(cc2OC[C@H](C)N(C[C@H]1C)S(=O)(=O)c1cn(cn1)C)NC(=O)CC(F)(F)F,0,0.092544,0.034632,0.030227
CC(C)Nc1ncnc(c1[N+](=O)[O-])N,0,0.995664,0.146658,0.123151
C[C@@H]1CN([C@@H](C)CO)C(=O)c2cc(cnc2O[C@@H]1CN(C)Cc1ccccn1)C#Cc1cccc(c1)F,0,0.040151,0.027956,0.010394
COc1ccc(cc1)NC(=O)Nc1ccc2c(c1)CC(=O)N(C[C@@H](C)[C@@H](CN(C)Cc1ccc(cc1)C(=O)Nc1ccccc1N)O2)[C@@H](C)CO,0,0.006378,0.024122,0.004918
C[C@@H]1CN([C@H](C)CO)C(=O)c2cc(ccc2O[C@H]1CN(C)S(=O)(=O)c1ccc(cc1)Cl)NC(=O)Nc1ccc(cc1)C(F)(F)F,0,0.653044,0.194988,0.027398
C[C@H]1CCCCO[C@@H](CN(C)S(=O)(=O)c2ccc(cc2)Cl)[C@H](C)CN([C@H](C)CO)C(=O)c2cc(ccc2O1)NC(=O)Cc1ccccc1,0,0.003851,0.025332,0.004597
OC[C@H]1O[C@H](CC[C@@H]1NC(=O)Cc1ccccn1)CC(=O)NCCc1ccncc1,0,0.011662,0.030254,0.021026
C[C@H]1CCCCO[C@H](CN(C)C(=O)NC2CCCCC2)[C@@H](C)CN([C@@H](C)CO)C(=O)c2cc(ccc2O1)NS(=O)(=O)c1cccs1,0,0.004678,0.024232,0.003846
COc1ccccc1-c1cccc(c1)-c1nc(cc2c1[C@@H](CCO)N(C2)[S@](=O)C(C)(C)C)C(=O)NCc1ccncc1,0,0.011452,0.058450,0.040461
C[C@H]1CN([C@@H](C)CO)C(=O)c2cc(ccc2O[C@H]1CN(C)C(=O)Nc1cccc2ccccc12)NS(=O)(=O)c1ccc(cc1)C,0,0.004425,0.024876,0.003689
C[C@@H]1CCCCO[C@@H](CN(C)Cc2ccncc2)[C@H](C)CN([C@H](C)CO)C(=O)c2cc(ccc2O1)NS(=O)(=O)c1ccc(cc1)Cl,0,0.002543,0.025636,0.004462
CCN1[C@@H]([C@@H](CO)[C@@H]2CN3C(=O)C(=CC=C3[C@@H]21)c1ccncc1)C(=O)NCCc1cn(cn1)C,0,0.203933,0.043508,0.019138
C[C@H]1CN([C@@H](C)CO)S(=O)(=O)c2ccc(cc2O[C@H]1CN(C)C(=O)C1CCCCC1)C#CC(C)(C)O,0,0.023945,0.145092,0.011493
CN1CCN(CC1)C(=O)C[C@@H]1CC[C@@H]2[C@H](COC[C@H](O)CN2CC2CCCC2)O1,0,0.600032,0.048832,0.036114
CO[C@@H]1CN(C)C(=O)c2cc(ccc2OC[C@H](C)N(C[C@H]1C)C(=O)Nc1c(noc1C)C)NC(=O)Nc1cccc(c1)F,0,0.280854,0.037117,0.016036
C[C@H]1CCCCO[C@@H](CN(C)S(=O)(=O)c2cccs2)[C@H](C)CN([C@@H](C)CO)C(=O)c2cc(ccc2O1)NC(=O)NC1CCCCC1,0,0.003012,0.024221,0.003534
COc1ccc(cc1)NC(=O)N(C)C[C@@H]1Oc2c(cccc2C(=O)N(C[C@@H]1C)[C@H](C)CO)NS(=O)(=O)c1c(noc1C)C,0,0.016869,0.024095,0.004653
COc1ccccc1CN1[C@@H](c2ccc(cc2)CO)[C@@](Cc2ccccc2I)(C(=O)NC2CC2)c2ccccc2C1=O,0,0.107106,0.159423,0.070599
C[C@H]1CN([C@@H](C)CO)C(=O)c2cc(ccc2O[C@H]1CN(C)CC1CCCCC1)NC(=O)Nc1ccccc1,0,0.111514,0.025922,0.018553
Cc1ccc(cc1)CNC(=S)NCCO,0,0.256709,0.138715,0.106560
CC(C)NC(=O)Nc1cccc2c1O[C@H](CN(C)Cc1ccc(cc1)-c1ccccc1)[C@@H](C)CN([C@@H](C)CO)C2=O,0,0.204527,0.043166,0.026724
C[C@H]1CN([C@@H](C)CO)C(=O)c2cccc(c2O[C@H]1CN(C)S(=O)(=O)c1c(noc1C)C)NC(=O)c1cc(nn1C)C,0,0.016872,0.025534,0.005175
CC(C)(C)[S@@](=O)N1Cc2cc(nc(c2[C@H]1CCO)-c1cccc(c1)Br)C(=O)NC1CCCCC1,0,0.094882,0.142717,0.151834
C[C@H]1CCCCO[C@@H](CN(C)S(=O)(=O)c2ccc(cc2)C)[C@H](C)CN([C@@H](C)CO)C(=O)c2cc(ccc2O1)NC(=O)C1CCCCC1,0,0.002473,0.024262,0.003838
COc1ccccc1NC(=O)N(C)C[C@@H]1Oc2cc(ccc2S(=O)(=O)N(C[C@@H]1C)[C@@H](C)CO)Br,0,0.324802,0.028879,0.008157
C[C@H]1CCCCO[C@H](CN(C)C(=O)CCC(F)(F)F)[C@@H](C)CN([C@H](C)CO)C(=O)c2cc(ccc2O1)NS(=O)(=O)c1ccc(cc1)Cl,0,0.030161,0.025290,0.006979
C[C@H]1CCCCO[C@@H](CN(C)Cc2ccc(cc2)C(F)(F)F)[C@H](C)CN([C@@H](C)CO)C(=O)c2cc(ccc2O1)NC(=O)c1ccncc1,0,0.047084,0.023515,0.006033
CN1CCN(C)[C@@H](CO)C1,0,0.024316,0.028034,0.007281
CN1[C@@H]2CC[C@H](CC(=O)NCCc3ccncc3)O[C@@H]2COc2ccc(cc2C1=O)NC(=O)C1CCC1,0,0.008561,0.028187,0.011308
CC[C@H]1OC(=O)C[C@@H](O)[C@H](C)[C@@H](O[C@@H]2O[C@H](C)[C@@H](O[C@H]3C[C@@](C)(O)[C@@H](O)[C@H](C)O3)[C@@H]([C@H]2O)N(C)C)[C@@H](CC=O)C[C@@H](C)C(=O)/C=C/C(=C/[C@@H]1CO[C@@H]1O[C@H](C)[C@@H](O)[C@@H](OC)[C@H]1OC)C,1,0.997436,0.916837,0.972212
C[C@H]1CN([C@H](C)CO)C(=O)c2cc(cnc2O[C@H]1CN(C)C(=O)Nc1ccc(cc1)F)-c1cccc(c1)C(F)(F)F,0,0.800783,0.435778,0.374661
NC[C@@](O)(C1CC1)c1cccs1,0,0.164691,0.071289,0.046974
C[C@H]1CN([C@H](C)CO)C(=O)c2cc(ccc2O[C@H]1CN(C)Cc1ccc(cc1)Oc1ccccc1)NS(=O)(=O)c1ccc(cc1)Cl,0,0.001553,0.027064,0.007174
CN1[C@H]2CC[C@@H](CC(=O)NC3Cc4ccccc4C3)O[C@@H]2COc2ccc(cc2C1=O)NC(=O)c1ccc(cc1)C(F)(F)F,0,0.108939,0.401548,0.285749
CN(C)CCCC[C@@H]1NC(=O)[C@@H]2C[C@@H]([C@@H](N2C1=O)c1ccc(cc1)O)C(=O)NCCCCCNC(=O)CS,0,0.001360,0.177455,0.230008
C[C@H]1CN([C@H](C)CO)C(=O)c2cccc(c2O[C@@H]1CN(C)C(=O)Nc1c(noc1C)C)NC(=O)c1ccc(cc1)-c1nccs1,0,0.041501,0.039900,0.008010
C[C@@H]1CN([C@@H](C)CO)C(=O)c2cc(cnc2O[C@@H]1CN(C)C(=O)Nc1ccc(cc1)F)Br,0,0.213188,0.028961,0.021518
C[C@@H]1CN([C@H](C)CO)C(=O)c2cccc(c2O[C@@H]1CN(C)Cc1ccncc1)NS(=O)(=O)c1ccccc1,0,0.001809,0.025532,0.004087
CC(C)NC(=O)Nc1ccc2c(c1)CC(=O)N(C[C@H](C)[C@H](CN(C)Cc1ccc(cc1)-c1ccccc1)O2)[C@@H](C)CO,0,0.144942,0.037882,0.021581
O=c1cccc(C=Cc2ccc3c(c2)OCO3)o1,0,0.375310,0.176233,0.150109
CC(C)NC(=O)N(C)C[C@H]1Oc2ccc(cc2CC(=O)N(C[C@@H]1C)[C@@H](C)CO)NC(=O)CCC(F)(F)F,0,0.143851,0.225253,0.086976
C[C@H]1CN([C@H](C)CO)S(=O)(=O)c2ccc(cc2O[C@@H]1CN(C)Cc1ccc2c(c1)OCO2)C#CCN(C)C,0,0.045011,0.025442,0.006849
CS(=O)(=O)CCC#N,0,0.000034,0.117283,0.037276
C[C@H]1CCCCO[C@@H](CN(C)Cc2ccc(c(c2)Cl)Cl)[C@H](C)CN([C@H](C)CO)C(=O)c2cc(ccc2O1)NS(=O)(=O)c1ccc(cc1)C,0,0.006186,0.024639,0.004524
C[C@H]1CN([C@H](C)CO)C(=O)Cc2cc(ccc2O[C@H]1CN(C)S(=O)(=O)c1cccs1)NS(=O)(=O)c1ccc(cc1)C,0,0.000546,0.024250,0.004240
Clc1cccc(c1CSc1cccs1)Cl,0,0.727002,0.517727,0.348291
CC(C)NC(=O)N(C)C[C@@H]1Oc2ccc(cc2CC(=O)N(C[C@H]1C)[C@@H](C)CO)NS(=O)(=O)c1cn(cn1)C,0,0.027022,0.024191,0.004104
CC(=O)c1ccc(cc1)OCc1nnn(c1-c1ccccc1)CC(=O)NS(=O)(=O)Cc1ccccc1,0,0.117959,0.047445,0.009946
C[C@H]1CCCCO[C@@H](CN(C)S(=O)(=O)c2ccc(cc2)F)[C@H](C)CN([C@@H](C)CO)C(=O)c2cc(ccc2O1)NC(=O)C1CCCCC1,0,0.006395,0.024326,0.005711
C[C@@H]1CCCCO[C@@H](CN(C)Cc2ccc3c(c2)OCO3)[C@H](C)CN([C@H](C)CO)C(=O)c2cc(ccc2O1)NS(=O)(=O)c1ccc(cc1)Cl,0,0.001850,0.024721,0.005286
Nc1ccc(S(=O)(=O)c2ccc(N)cc2)cc1,0,0.136248,0.208775,0.115924
Cc1cccc(c1)S(=O)(=O)N1C[C@H](O)COC[C@H]2O[C@@H](CC[C@@H]21)CC(=O)NCCCN1CCOCC1,0,0.152136,0.037315,0.012906
COc1ccc(c(c1)OC)[C@@H]1CC=CC[C@H](C)Oc2ccccc2C(=O)N(C)[C@H](Cc2ccccc2)C(=O)N1,0,0.019163,0.057117,0.021975
C[C@H]1CCCCO[C@H](CN(C)CC2CCCCC2)[C@@H](C)CN([C@@H](C)CO)C(=O)c2cc(ccc2O1)NC(=O)Nc1c(noc1C)C,0,0.109374,0.029718,0.011773
CN(C)CCCNC(=O)C[C@@H]1O[C@H](CO)[C@H](NC(=O)Cc2cccnc2)C=C1,0,0.059296,0.036107,0.022356
COc1ccc2c(=O)c(OC)c(-c3ccccc3)oc2c1,0,0.099847,0.388154,0.324906
C[C@H]1CN([C@@H](C)CO)C(=O)c2cccc(c2O[C@@H]1CN(C)Cc1ccc(cc1)-c1ccccc1)NC(=O)C1CCOCC1,0,0.109565,0.044237,0.020396
COc1ccc(cc1)S(=O)(=O)Nc1ccc2c(c1)C(=O)N(C[C@H](C)[C@H](CN(C)S(=O)(=O)c1ccc(cc1)Cl)OCCCC[C@H](C)O2)[C@@H](C)CO,0,0.002784,0.026250,0.006516
Cc1ccccc1S(=O)(=O)N1C[C@@H](O)COC[C@H]2O[C@@H](CC[C@@H]21)CC(=O)N1CCC(CC1)Cc1ccccc1,0,0.125020,0.099031,0.020505
C[C@H]1CN([C@@H](C)CO)C(=O)Cc2cc(ccc2O[C@H]1CN(C)Cc1ccc(c(c1)Cl)Cl)NC(=O)Nc1c(noc1C)C,0,0.198338,0.050378,0.014474
C[C@H]1CCCCO[C@@H](CN(C)S(=O)(=O)c2ccc(cc2)C)[C@H](C)CN([C@@H](C)CO)C(=O)c2cc(ccc2O1)NC(=O)c1ccccc1,0,0.000686,0.024238,0.003660
CCCN(C)C[C@@H]1OCCCC[C@H](C)Oc2ccc(cc2C(=O)N(C[C@@H]1C)[C@H](C)CO)NC(=O)Nc1cccc2ccccc12,0,0.052485,0.058157,0.023029
COCC#Cc1ccc2c(c1)O[C@H](CN(C)C(=O)c1ccccc1)[C@H](C)CN([C@@H](C)CO)S2(=O)=O,0,0.022742,0.027072,0.005612
CO[C@@H]1CN(C)C(=O)c2ccc(cc2OC[C@H](C)N(CCC(F)(F)F)C[C@H]1C)NS(=O)(=O)c1cn(cn1)C,0,0.252292,0.038112,0.013740
O[C@@H]1COC[C@H]2O[C@@H](CC[C@@H]2N(C1)S(=O)(=O)c1ccc(cc1)Cl)CC(=O)NCc1ccncn1,0,0.365471,0.035403,0.043025
COc1cc(c(c(c1)O)C(=O)O)O,0,0.000009,0.136145,0.119354
CN1CCN(CC1)C(=O)C[C@@H]1CC[C@H]2[C@@H](COC[C@H](O)CN2C(=O)Nc2cc(cc(c2)Cl)Cl)O1,0,0.956963,0.867915,0.603448
O[C@@H]1COC[C@H]2O[C@@H](CC[C@@H]2N(C1)C(=O)Nc1cc(cc(c1)Cl)Cl)CC(=O)N1CCOCC1,1,0.753867,0.911489,0.913760
COC(OC)[C@H](Cc1ccccc1)N(C[C@@H](NC(=O)C(Cl)(Cl)Cl)/C=C/c1ccccc1)[C@@H]([C@H](Cc1ccccc1)OC(=O)C)c1ccc(cc1)OC,0,0.387610,0.111666,0.038915
C[C@H]1CCCCO[C@H](CN(C)C(=O)Nc2ccccc2)[C@H](C)CN([C@H](C)CO)C(=O)c2cc(ccc2O1)NC(=O)C1CCCCC1,0,0.010726,0.023270,0.005052
C[C@@H]1CCCCO[C@H](CN(C)Cc2ccc(cc2)C(=O)O)[C@@H](C)CN([C@H](C)CO)C(=O)c2cc(ccc2O1)NC(=O)NC1CCCCC1,0,0.083104,0.033040,0.013290
C[C@@H]1CCCCO[C@H](CN(C)CC2CCCCC2)[C@H](C)CN([C@@H](C)CO)C(=O)c2cc(ccc2O1)NC(=O)Nc1ccccc1,0,0.080310,0.040312,0.013104
COC(=O)[C@@H](N)Cc1ccc(c(c1)O)O,0,0.386035,0.152389,0.152460
C[C@@H]1CCCCO[C@@H](CN(C)C(=O)NC2CCCCC2)[C@H](C)CN([C@H](C)CO)C(=O)c2cc(ccc2O1)NC(=O)Nc1c(noc1C)C,0,0.027499,0.025169,0.005558
C[C@@H]1CCCCO[C@@H](CN(C)S(=O)(=O)c2ccc(cc2)C)[C@@H](C)CN([C@@H](C)CO)C(=O)c2cc(ccc2O1)NC(=O)Nc1ccc2c(c1)OCO2,0,0.002863,0.024234,0.003718
C[C@H]1CN([C@H](C)CO)C(=O)c2cc(ccc2O[C@H]1CN(C)C(=O)Nc1ccc2c(c1)OCO2)NS(=O)(=O)c1cn(cn1)C,0,0.022521,0.024306,0.004144
CC(C)NC(=O)N(C)C[C@@H]1Oc2ccc(cc2CC(=O)N(C[C@@H]1C)[C@@H](C)CO)NS(=O)(=O)c1cn(cn1)C,0,0.027022,0.024191,0.004104
O[B]1C[C@@H]2N3N(CC(=C2[C@@H](CCc2ccccc2)O1)COc1ccccc1)C(=O)N(C3=O)c1ccccc1,0,0.970666,0.325370,0.353234
C[C@H]1CCCCO[C@H](CN(C)Cc2ccc3c(c2)OCO3)[C@@H](C)CN([C@H](C)CO)C(=O)c2cc(ccc2O1)NC(=O)Nc1ccccc1,0,0.013263,0.023411,0.004451
CC1=CC=CN2C(=O)C3=C(N=C21)N(CCCN1CCOCC1)C(=N)C(=C3)S(=O)(=O)c1ccc(cc1)Br,0,0.756146,0.479425,0.329992
CC(=O)CC1CCCCN1.Cl,0,0.209803,0.073256,0.031508
COc1ccc2c3c(n(c2c1)C)[C@@H](CO)N(C[C@]13CCN(CC1)S(=O)(=O)C)C(=O)CN(C)C,0,0.289736,0.030396,0.016332
CCCNC(=O)N1C[C@@H](C)[C@H](CN(C)C(=O)c2ccc(cc2OC[C@@H]1C)NS(=O)(=O)CC(F)(F)F)OC,0,0.058364,0.078755,0.015383
COc1ccccc1C#Cc1ccc2c(c1)O[C@H](CN(C)Cc1cncnc1)[C@H](C)CN([C@H](C)CO)S2(=O)=O,0,0.084008,0.026123,0.005459
CC(C)C[C@@H]1NC(=O)[C@H]2C[C@H]([C@H](N2C1=O)c1cccc(c1)OCCO)C(=O)NCCCC[N+](C)(C)C,0,0.257811,0.090231,0.095976
COc1cccc(c1)NC(=O)N(C)C[C@@H]1Oc2cc(ccc2S(=O)(=O)N(C[C@H]1C)[C@H](C)CO)C#CC1(O)CCCC1,0,0.023763,0.027749,0.005172
CC(C)NC(=O)Nc1cccc2c1O[C@H](CN(C)Cc1ccc(cc1)-c1ccccc1)[C@@H](C)CN([C@H](C)CO)C2=O,0,0.204527,0.043166,0.026724
C[C@H]1CCCCO[C@H](CN(C)Cc2ccc(cc2)C(F)(F)F)[C@H](C)CN([C@@H](C)CO)C(=O)c2cc(ccc2O1)NC(=O)Nc1ccccc1,0,0.174164,0.021983,0.006579
Nc1nc(nc(n1)NC1CC1)N,0,0.066005,0.219047,0.041900
Cc1ccc(cc1)S(=O)(=O)N1C[C@@H](O)COC[C@@H]2O[C@@H](CC[C@H]21)CC(=O)NCc1ccc2c(c1)OCO2,0,0.049301,0.026293,0.010484
C[C@@H]1CN([C@@H](C)CO)C(=O)Cc2cc(ccc2O[C@H]1CN(C)C(=O)Nc1ccc2c(c1)OCO2)NC(=O)Nc1cccc2ccccc12,0,0.008013,0.023384,0.004709
NC(=O)NCC#Cc1ccc2c(c1)[C@]1([C@H]([C@H]3N([C@@H]([C@@H](OC3=O)c3ccccc3)c3ccccc3)[C@H]1c1ccccc1OCCO)C(=O)N1CCN(CC1)c1ncccn1)C(=O)N2,0,0.275059,0.049397,0.009149
COc1ccc(cc1)NC(=O)Nc1ccc2c(c1)C(=O)N(C[C@H](C)[C@H](CN(C)C(=O)Nc1ccc(cc1)C(F)(F)F)OCCCC[C@H](C)O2)[C@H](C)CO,0,0.303056,0.023401,0.007961
C[C@@H]1CN([C@H](C)CO)C(=O)Cc2cc(ccc2O[C@@H]1CN(C)C(=O)Nc1c(noc1C)C)NC(=O)Cn1cnnn1,0,0.034464,0.024653,0.008964
CC(C)NC(=O)N(C)C[C@@H]1Oc2ncc(cc2C(=O)N(C[C@H]1C)[C@@H](C)CO)-c1ccc(cc1)C(=O)N(C)C,0,0.008840,0.023714,0.008499
C[C@@H]1CN([C@@H](C)CO)C(=O)CCCn2nncc2CO[C@@H]1CN(C)S(=O)(=O)c1ccc2c(c1)OCCCO2,0,0.003232,0.024640,0.004926
CN1C(=O)N(C)c2nc[nH]c2C1=O,0,0.430964,0.067275,0.061526
CC(=O)[C@]12[C@H]3CCN2[C@@H]1C=CC3,0,0.035006,0.047201,0.015018
C[C@@H]1CCCCO[C@H](CN(C)S(=O)(=O)c2c(noc2C)C)[C@@H](C)CN([C@@H](C)CO)C(=O)c2cc(ccc2O1)NC(=O)Nc1ccccc1,0,0.008098,0.024313,0.003921
C[C@@H]1CCCCO[C@H](CN(C)CC2CCCCC2)[C@H](C)CN([C@@H](C)CO)C(=O)c2cc(ccc2O1)NC(=O)c1ccccc1,0,0.012328,0.022769,0.007771
COc1ccc(cc1)CN(C)C[C@H]1OCCCC[C@H](C)Oc2ccc(cc2C(=O)N(C[C@@H]1C)[C@H](C)CO)NC(=O)NC1CCCCC1,0,0.027774,0.032055,0.007566
C[C@@H]1CN([C@H](C)CO)C(=O)c2cc(cnc2O[C@H]1CN(C)S(=O)(=O)c1ccccc1)C#Cc1ccccc1F,0,0.060938,0.031046,0.004975
CCCN1C(=O)[C@]2(CC(=O)N(CC34CC5CC(CC(C5)C4)C3)[C@@H]2c2ccc(cc21)CO)c1ccc(cc1)[N+](=O)[O-],0,0.177361,0.292686,0.289071
CNCc1ccncc1,0,0.023487,0.056426,0.039625
C[C@H]1CN([C@H](C)CO)C(=O)c2cccc(c2O[C@@H]1CN(C)C(=O)Nc1ccccc1)NS(=O)(=O)c1cn(cn1)C,0,0.096866,0.023727,0.004808
C[C@@H]1CCCCO[C@H](CN(C)C(=O)Nc2c(noc2C)C)[C@@H](C)CN([C@@H](C)CO)C(=O)c2cc(ccc2O1)NC(=O)CCC(F)(F)F,0,0.175063,0.200665,0.065803
COc1ccc(cc1)NC(=O)N[C@@H]1CC[C@@H](CCNC(=O)CN2CCOCC2)O[C@H]1CO,0,0.042892,0.036533,0.014470
C[C@H]1CN([C@H](C)CO)C(=O)Cc2cc(ccc2O[C@H]1CN(C)Cc1ccc(cc1)Oc1ccccc1)NC(=O)C1CCCCC1,0,0.007971,0.038961,0.017964
C[C@@H]1CCCCO[C@H](CN(C)C(=O)Nc2ccc3c(c2)OCO3)[C@@H](C)CN([C@H](C)CO)C(=O)c2cc(ccc2O1)NS(=O)(=O)c1cccs1,0,0.002005,0.024474,0.003167
CC(C)(C)[C@]1(O)C[C@@H]2OC(=O)C[C@]22C(=O)O[C@@H]3OC(=O)[C@H](O)[C@@]312,0,0.003262,0.166268,0.078742
C[C@H]1CCCCO[C@H](CN(C)Cc2ccccc2)[C@@H](C)CN([C@@H](C)CO)C(=O)c2cc(ccc2O1)NC(=O)Cc1ccccc1,0,0.005173,0.024268,0.009787
OC(=O)[C@@H]1CCC(=O)N1,0,0.004973,0.038083,0.017708
CC(=O)N[C@H]1[C@@H](O)O[C@@H](CO)[C@@H](O)[C@@H]1O,0,0.004841,0.030054,0.028992
C[C@@H]1CN([C@@H](C)CO)C(=O)c2cc(ccc2O[C@H]1CN(C)Cc1ccc(cc1)C(=O)O)NC(=O)Nc1ccc(cc1)C(F)(F)F,0,0.766991,0.062448,0.043598
C[C@H]1CN([C@H](C)CO)C(=O)Cc2cc(ccc2O[C@@H]1CN(C)S(=O)(=O)C)NC(=O)NC1CCCCC1,0,0.008875,0.023600,0.008333
CN(C)C(=O)CN1C(=O)Oc2ccccc21,0,0.000193,0.112340,0.080028
CCCC(=O)Nc1ccc2c(c1)C(=O)N(C)C[C@@H](OC)[C@H](C)CN([C@H](C)CO2)C(=O)CN1CCOCC1,0,0.001736,0.024008,0.004630
CCCN(C)C[C@H]1OCCCC[C@H](C)Oc2ccc(cc2C(=O)N(C[C@H]1C)[C@H](C)CO)NS(=O)(=O)c1cn(cn1)C,0,0.050597,0.024797,0.005062
COc1ccnc2c1C(=O)N(CC=C)C(=O)N2C,0,0.209294,0.103144,0.196410
C[C@@H]1CN([C@@H](C)CO)C(=O)Cc2cc(ccc2O[C@@H]1CN(C)S(=O)(=O)c1ccccc1)NC(=O)c1ccncc1,0,0.001073,0.024208,0.003424
C[C@H]1CCCCO[C@H](CN(C)Cc2ccc(cc2)C(F)(F)F)[C@H](C)CN([C@@H](C)CO)C(=O)c2cc(ccc2O1)NC(=O)CCC(F)(F)F,0,0.396678,0.040247,0.014024
C[C@H]1CCCCO[C@@H](CN(C)C(=O)Nc2ccc(cc2)C(F)(F)F)[C@@H](C)CN([C@H](C)CO)C(=O)c2cc(ccc2O1)NC(=O)c1ccccc1,0,0.101564,0.021869,0.007376
COc1ccc(cc1)CCNC(=O)[C@]1(CC(=O)N(C2Cc3ccccc3C2)[C@@H]1c1ccc(cc1I)CO)Sc1ccc(cc1)C,0,0.293501,0.197214,0.090845
COC1C=COC2(C)Oc3c(C)c(O)c4c(O)c(c(C=NN5CCN(C)CC5)c(O)c4c3C2=O)NC(=O)C(C)=CC=CC(C)C(O)C(C)C(O)C(C)C(OC(C)=O)C1C,0,0.617399,0.812590,0.607252
COC(=O)[C@@H](Cc1ccccc1)N[C@H](/C=C/C1CC1)[C@@H](O)CCn1cc(nn1)-c1ccc(cc1)C(=O)NO,0,0.345256,0.069548,0.039038
CC(C)NC(=O)N(C)C[C@@H]1Oc2ccc(cc2CC(=O)N(C[C@@H]1C)[C@H](C)CO)NS(=O)(=O)c1ccc(cc1)F,0,0.008192,0.024673,0.007785
C[C@H]1CN([C@H](C)CO)S(=O)(=O)c2ccc(cc2O[C@H]1CN(C)CC1CCOCC1)Br,0,0.235322,0.039917,0.011365
CC(C)NC(=O)Nc1cccc2c1O[C@H](CN(C)Cc1ccc(cc1)Oc1ccccc1)[C@@H](C)CN([C@@H](C)CO)C2=O,0,0.014964,0.033821,0.015227
C[C@@H]1CN([C@H](C)CO)C(=O)c2cc(cnc2O[C@H]1CN(C)S(=O)(=O)c1cn(cn1)C)C#CCN(C)C,0,0.051669,0.024287,0.006474
C[C@@H]1CCCCO[C@H](CN(C)Cc2ccc(cc2)C(=O)O)[C@@H](C)CN([C@@H](C)CO)C(=O)c2cc(ccc2O1)NC(=O)c1ccccc1,0,0.014119,0.025651,0.005982
CC(=C)[C@@H]1CC[C@@]2(CC[C@]3(C)[C@H](CC[C@@H]4[C@@]5(C)CC[C@H](OC(=O)C)C(C)(C)[C@@H]5CC[C@]43C)[C@@H]12)COC(=O)C,0,0.631454,0.215649,0.157551
COc1ccc(cc1)S(=O)(=O)Nc1ccc2c(c1)C(=O)N(C[C@H](C)[C@H](CN(C)C(=O)Nc1ccc(cc1)C(F)(F)F)OCCCC[C@@H](C)O2)[C@H](C)CO,0,0.080858,0.141040,0.012337
CN(C)CCCNC(=O)C[C@@H]1CC[C@@H]2[C@H](COC[C@H](O)CN2S(=O)(=O)c2ccc(cc2)F)O1,0,0.474210,0.042581,0.016253
COc1ccc(cc1)S(=O)(=O)N(C)C[C@@H]1Oc2ccc(cc2CC(=O)N(C[C@H]1C)[C@@H](C)CO)NC(=O)Cc1ccccc1,0,0.002131,0.027431,0.005057
C[C@@H]1CN([C@@H](C)CO)C(=O)Cc2cc(ccc2O[C@H]1CN(C)Cc1ccc(cc1)C(=O)Nc1ccccc1N)NS(=O)(=O)c1ccc(cc1)Cl,0,0.001348,0.029520,0.004411
C[C@@H]1CCCCO[C@@H](CN(C)C(=O)NC2CCCCC2)[C@H](C)CN([C@H](C)CO)C(=O)c2cc(ccc2O1)NS(=O)(=O)c1ccc(cc1)Cl,0,0.005038,0.025125,0.004660
CC(C)NC(=O)N(C)C[C@H]1Oc2ccc(cc2CC(=O)N(C[C@H]1C)[C@@H](C)CO)NC(=O)NC1CCCCC1,0,0.024986,0.033221,0.012558
C[C@H]1CN([C@@H](C)CO)C(=O)c2cc(ccc2O[C@H]1CN(C)S(=O)(=O)c1ccc(cc1)Cl)NC(=O)Nc1cccc2ccccc12,0,0.029910,0.024798,0.005503
C[C@H]1CN([C@H](C)CO)C(=O)Cc2cc(ccc2O[C@H]1CN(C)S(=O)(=O)c1cccs1)NS(=O)(=O)c1cccs1,0,0.001208,0.031493,0.008690
OC[C@H]1O[C@@H](CC(=O)NCCCN2CCOCC2)C=C[C@@H]1NC(=O)Nc1ccc2c(c1)OCO2,0,0.175812,0.059151,0.049525
CN(C)CC(=O)N1[C@H]2CN3C(=O)C(=CC=C3[C@@H]1[C@@H]([C@H]2CO)C(=O)NC1CCC1)c1ccncc1,0,0.201042,0.041771,0.016386
CNC[C@H]1Oc2ccc(cc2C(=O)N(C[C@@H]1C)[C@H](C)CO)NC(=O)Cn1cnnn1,0,0.048996,0.029684,0.010950
C[C@@H]1CN([C@H](C)CO)C(=O)c2cc(ccc2O[C@@H]1CN(C)S(=O)(=O)c1cn(cn1)C)NS(=O)(=O)c1ccc(cc1)C,0,0.003896,0.024434,0.006134
C[C@@H]1CN([C@@H](C)CO)C(=O)Cc2cc(ccc2O[C@H]1CN(C)Cc1ccc(cc1)C(=O)Nc1ccccc1N)NC(=O)Nc1ccc(cc1)F,0,0.030517,0.025156,0.006147
C[C@H]1CN([C@H](C)CO)C(=O)c2cc(ccc2O[C@@H]1CN(C)C(=O)Nc1cccc2ccccc12)NS(=O)(=O)c1cccs1,0,0.008333,0.024655,0.003678
CCS(=O)(=O)NCC[C@@H]1CC[C@@H](NC(=O)C2CC2)[C@@H](CO)O1,0,0.014139,0.036539,0.009505
C[C@H]1CN([C@H](C)CO)C(=O)CCCn2nncc2CO[C@@H]1CN(C)S(=O)(=O)c1ccc(cc1)Cl,0,0.033765,0.026951,0.008665
C[C@@H]1CN([C@@H](C)CO)C(=O)Cc2cc(ccc2O[C@@H]1CN(C)C(=O)Nc1ccccc1)NC(=O)CCCCCC(=O)Nc1ccccc1N,0,0.012221,0.021947,0.004499
COCC(=O)Nc1ccc2c(c1)OC[C@H](C)N(C[C@@H](C)[C@H](CN(C)C2=O)OC)C(=O)Cc1ccccn1,0,0.002013,0.023353,0.004695
C[C@H]1CN([C@H](C)CO)C(=O)Cc2cc(ccc2O[C@@H]1CN(C)Cc1ccc(c(c1)Cl)Cl)NC(=O)CCC(F)(F)F,0,0.367567,0.079194,0.024914
C[C@H]1CCCCO[C@H](CN(C)S(=O)(=O)c2ccc(cc2)F)[C@@H](C)CN([C@@H](C)CO)C(=O)c2cc(ccc2O1)NC(=O)CCC(F)(F)F,0,0.064318,0.030350,0.007671
C[C@@H]1CN([C@@H](C)CO)C(=O)c2cccc(c2O[C@@H]1CN(C)S(=O)(=O)c1cn(cn1)C)NC(=O)Nc1ccc(cc1)F,0,0.174984,0.024855,0.006149
C[C@H]1CCCCO[C@H](CN(C)CC2CCCCC2)[C@H](C)CN([C@@H](C)CO)C(=O)c2cc(ccc2O1)NC(=O)Nc1ccccc1,0,0.080310,0.040312,0.013104
Cc1cnc[nH]1,0,0.010275,0.048543,0.015337
Cc1ccc2nc(cc(c2c1)-c1ccccc1)-c1ccncc1,0,0.330721,0.202346,0.087420
C[C@H]1CCCCO[C@H](CN(C)C(=O)Nc2cccc3ccccc23)[C@@H](C)CN([C@H](C)CO)C(=O)c2cc(ccc2O1)NS(=O)(=O)c1c(noc1C)C,0,0.001719,0.030598,0.003694
CC[C@@H](C)[C@H]1NC(=O)NC1=O,0,0.001510,0.049841,0.010830
C[C@H]1CN([C@@H](C)CO)C(=O)Cc2cc(ccc2O[C@H]1CN(C)S(=O)(=O)c1ccc(cc1)F)NC(=O)c1ccncc1,0,0.003288,0.024208,0.003992
C[C@@H]1CN([C@H](C)CO)C(=O)Cc2cc(ccc2O[C@H]1CN(C)Cc1ccc(cc1)Oc1ccccc1)NC(=O)C1CC1,0,0.009929,0.033772,0.015761
O=C(O)c1cc(O)ccc1O,0,0.003665,0.106306,0.063285
Cc1cc(n2ncnc2n1)N,0,0.010328,0.042000,0.018256
C[C@@H]1CN([C@H](C)CO)C(=O)Cc2cc(ccc2O[C@@H]1CN(C)S(=O)(=O)c1cn(cn1)C)NC(=O)NC1CCCCC1,0,0.012695,0.024112,0.004210
C[C@@H]1CN([C@H](C)CO)C(=O)c2cccc(c2O[C@H]1CN(C)C(=O)NC1CCCCC1)NC(=O)c1ccc(cc1)-c1nccs1,0,0.032378,0.036100,0.008304
C[C@@H]1CN([C@@H](C)CO)C(=O)c2cc(ccc2O[C@H]1CN(C)C(=O)Nc1ccc2c(c1)OCO2)NC(=O)Nc1cccc2ccccc12,0,0.010633,0.023791,0.005506
Nc1ncnc2n(cnc12)[C@@H]1O[C@@H]2CO[P@@](=O)(S)O[C@@H]3[C@H](O)[C@@H](CO[P@@](=O)(S)O[C@H]2[C@H]1O)O[C@H]3n1cnc2c(ncnc12)N,0,0.007759,0.721855,0.477558
COC(=O)[C@H](Cc1ccccc1)N1CC2=C[C@@H](C3CC3)N3N([C@H]2[C@@H]1[C@@H](O)CCn1cc(nn1)COc1ccccc1/C=C(C)/C=C/C(=O)NO)C(=O)N(C)C3=O,0,0.795155,0.082251,0.027766
C[C@H]1CCCCO[C@H](CN(C)C(=O)NC2CCCCC2)[C@@H](C)CN([C@@H](C)CO)C(=O)c2cc(ccc2O1)NC(=O)Nc1ccc2c(c1)OCO2,0,0.012331,0.023883,0.003627
C[C@@H]1CN([C@H](C)CO)C(=O)c2cccc(c2O[C@@H]1CN(C)Cc1ccc2c(c1)OCO2)NS(=O)(=O)C,0,0.010117,0.025169,0.004552
CC[C@H](C)[C@H](N)C1=N[C@@H](CS1)C(=O)N[C@@H](CC(C)C)C(=O)N[C@H](CCC(=O)O)C(=O)N[C@@H]([C@@H](C)CC)C(=O)N[C@H]1CCCCNC(=O)[C@H](CC(=O)N)NC(=O)[C@@H](CC(=O)O)NC(=O)[C@H](Cc2cnc[nH]2)NC(=O)[C@@H](Cc2ccccc2)NC(=O)[C@@H](NC(=O)[C@@H](CCCN)NC1=O)[C@@H](C)CC,1,0.976287,0.816936,0.670590
CN(C)CCCNC(=O)C[C@H]1CC[C@H]2[C@H](COc3ccc(cc3C(=O)N2C)NC(=O)c2ccccc2F)O1,0,0.065441,0.029982,0.013769
C[C@]1(CC(=Nc2ccccc2N1)c1cccs1)c1cccs1,0,0.965944,0.394058,0.514428
CN(C)c1ccc2nc3ccc(N(C)C)cc3[s+]c2c1.O.[Cl-],0,0.022890,0.408638,0.191050
C[C@@H]1CN([C@H](C)CO)C(=O)c2cc(cnc2O[C@@H]1CN(C)S(=O)(=O)c1ccccc1F)C#Cc1ccncc1,0,0.039513,0.026726,0.004446
COc1ccc(cc1)CN(C)C[C@H]1OCCCC[C@H](C)Oc2ccc(cc2C(=O)N(C[C@H]1C)[C@H](C)CO)NC(=O)C1CCCCC1,0,0.017202,0.027762,0.008145
COCC(=O)NC1CCN(CC1)C1CCNCC1,0,0.509476,0.037618,0.020688
COc1ccc(cc1)S(=O)(=O)N(C)C[C@@H]1Oc2ccc(cc2C(=O)N(C[C@@H]1C)[C@H](C)CO)NC(=O)CCN1CCOCC1,0,0.002089,0.024284,0.003832
C[C@H]1CN([C@H](C)CO)C(=O)c2cc(cnc2O[C@@H]1CN(C)S(=O)(=O)c1ccccc1)C#Cc1ccccc1F,0,0.060938,0.031046,0.004975
CN1CCN(CC1)C(=O)C1=C[C@@H](C[C@H](OCc2ccc(cc2)CO)O1)c1cn(c2ccccc12)C(=O)C,0,0.105061,0.119876,0.061510
COc1cc(O)cc(OC)c1OC,0,0.512193,0.178128,0.096960
COCCOC(=O)N1C(=O)[C@@]2([C@H]([C@H]3N([C@@H]([C@@H](OC3=O)c3ccccc3)c3ccccc3)[C@H]2c2ccc(cc2)O)C(=O)NC[C@H](O)c2ccccc2)c2cc(ccc21)C#CCCO,0,0.258771,0.068416,0.051265
C[C@@H]1CN([C@@H](C)CO)C(=O)c2cc(ccc2O[C@@H]1CN(C)Cc1ccc(cc1)Oc1ccccc1)NC(=O)Cc1ccccc1,0,0.003446,0.026206,0.011287
C[C@H]1CN([C@@H](C)CO)C(=O)c2cccc(c2O[C@H]1CN(C)S(=O)(=O)c1ccccc1)NS(=O)(=O)c1ccccc1,0,0.003824,0.027375,0.005876
C[C@H]1CN([C@H](C)CO)C(=O)c2cc(ccc2O[C@H]1CN(C)C(=O)Nc1ccccc1)NS(=O)(=O)c1c(noc1C)C,0,0.011901,0.023996,0.005801
C[C@@H]1CCCCO[C@@H](CN(C)Cc2ccc3c(c2)OCO3)[C@@H](C)CN([C@H](C)CO)C(=O)c2cc(ccc2O1)NC(=O)Nc1ccccc1,0,0.013263,0.023411,0.004451
C[C@H]1CCCCO[C@H](CN(C)S(=O)(=O)c2cccs2)[C@@H](C)CN([C@H](C)CO)C(=O)c2cc(ccc2O1)NS(=O)(=O)c1ccc(cc1)Cl,0,0.001229,0.027817,0.007066
C1Cc2ncnc(c2CCN1)N1CCOCC1,0,0.255586,0.046168,0.025450
COc1cccc(c1)CNC(=O)C[C@H]1O[C@@H](CO)[C@H](NC(=O)C2CCOCC2)C=C1,0,0.045431,0.034644,0.022316
NCC[C@@H]1CC[C@H](NC(=O)NC2CCCCC2)[C@H](CO)O1,0,0.212367,0.040053,0.022933
C[C@H]1CN([C@H](C)CO)C(=O)c2cccc(c2O[C@@H]1CN(C)CC1CC1)NS(=O)(=O)c1ccc(cc1)F,0,0.019194,0.034207,0.007452
COc1ccc(cc1OC)C#Cc1cccc(c1)-c1nc(cc2c1[C@@H](CCO)N(C2)S(=O)C(C)(C)C)C(=O)N1CCN(CC1)Cc1ccccc1,0,0.018010,0.081716,0.019571
CO[C@@H]1CN(C)C(=O)c2cc(ccc2OC[C@H](C)N(C[C@@H]1C)Cc1nccs1)NS(=O)(=O)CC(F)(F)F,0,0.044474,0.026578,0.012808
C[C@@H]1CCCCO[C@H](CN(C)S(=O)(=O)c2cccs2)[C@H](C)CN([C@@H](C)CO)C(=O)c2cc(ccc2O1)NC(=O)Nc1ccc(cc1)C(F)(F)F,0,0.085130,0.058613,0.012861
COc1oc(c(c1S(=O)(=O)c1ccccc1Cl)-c1ccc(cc1)Cl)C(=O)NC1CCCCC1,0,0.337983,0.679171,0.428595
C1CCN(C1)C[C@H]1CO[C@]2(CNCCOC2)C1,0,0.443474,0.037314,0.016176
C[C@@H]1CCCCO[C@@H](CN(C)S(=O)(=O)c2cccs2)[C@@H](C)CN([C@@H](C)CO)C(=O)c2cc(ccc2O1)NC(=O)Nc1ccc(cc1)C(F)(F)F,0,0.085130,0.058613,0.012861
C[C@H]1CN([C@@H](C)CO)C(=O)c2ccccc2-c2ccccc2CO[C@H]1CN(C)C(=O)Nc1cccc(c1)C(F)(F)F,0,0.632314,0.315664,0.361619
CC(C)NC(=O)N[C@@H]1C=C[C@H](CC(=O)O)O[C@@H]1CO,0,0.076564,0.029658,0.016698
C[C@@H]1CN([C@H](C)CO)C(=O)c2cc(ccc2O[C@@H]1CN(C)Cc1ccc(cc1)Oc1ccccc1)NS(=O)(=O)c1ccc(cc1)F,0,0.001206,0.026006,0.007030
CNC(=O)[C@H]1C[C@H]2CN(CC3CC3)C[C@H]1O2,0,0.016440,0.027979,0.008262
CN(C)[C@@H](CN)c1cccn1C,0,0.254191,0.052488,0.016333
C[C@H]1CN([C@H](C)CO)C(=O)c2cc(ccc2O[C@H]1CN(C)Cc1ccc(cc1)C(=O)O)NS(=O)(=O)C,0,0.059790,0.028762,0.006120
NC(=O)N1CCC(=O)Nc2ccccc21,0,0.088061,0.088212,0.068846
C[C@@H]1CN([C@@H](C)CO)C(=O)c2cc(ccc2O[C@H]1CN(C)Cc1ccc(cc1)C(F)(F)F)NC(=O)Nc1ccccc1,0,0.245125,0.056340,0.049957
Fc1ccc(cc1)S(=O)(=O)N1CCCC[C@@H]1CCNC(=O)C(=O)NCCN1CCOCC1,0,0.068991,0.033315,0.029818
CCC(C)(C)c1ccc(CC(C)CN2CC(C)OC(C)C2)cc1.Cl,0,0.725517,0.304244,0.270652
CNC(=O)c1cnc2n1CCN(C2)Cc1nccn1C,0,0.149355,0.046533,0.029655
CC(C)NC(=O)N(C)C[C@H]1Oc2ccc(cc2CC(=O)N(C[C@H]1C)[C@@H](C)CO)NS(=O)(=O)c1cn(cn1)C,0,0.027022,0.024191,0.004104
C[C@@H]1CCCCO[C@H](CN(C)C(=O)c2ccccc2)[C@@H](C)CN([C@@H](C)CO)C(=O)c2cc(ccc2O1)NS(=O)(=O)c1ccc(cc1)C,0,0.000295,0.024238,0.003690
C[C@H]1CN([C@@H](C)CO)C(=O)Cc2cc(ccc2O[C@@H]1CN(C)Cc1ccc(cc1)C(=O)Nc1ccccc1N)NC(=O)Nc1ccc(cc1)F,0,0.030517,0.025156,0.006147
O=C1N=CNc2ccccc21,0,0.247712,0.096985,0.069310
O[C@@H]1COC[C@H]2O[C@H](CC[C@@H]2N(C1)C(=O)Nc1cccc(c1)Cl)CC(=O)NCc1ccccc1F,0,0.832505,0.872404,0.895050
CNC(=O)c1ccc(cc1)OC(=O)C,0,0.039924,0.068670,0.069353
CC(C)NC(=O)N[C@@H]1C=C[C@H](CC(=O)NCCN2CCCC2)O[C@H]1CO,0,0.145919,0.026266,0.017338
CN1C(=O)N(C)c2nc(n(c2C1=O)C[C@@H](O)COCC=C)N1CCOCC1,0,0.718034,0.163792,0.127021
O[C@@H]1COC[C@H]2O[C@@H](CC[C@@H]2N(C1)S(=O)(=O)c1cccc(c1)Cl)CC(=O)NC1Cc2ccccc2C1,0,0.302025,0.049767,0.033711
CCCNC(=O)N1C[C@H](O)COC[C@@H]2O[C@H](CC[C@H]21)CC(=O)N1CCN(C)CC1,0,0.608668,0.030636,0.042881
CCCN(C)C[C@H]1OCCCC[C@H](C)Oc2ccc(cc2C(=O)N(C[C@@H]1C)[C@H](C)CO)NC(=O)CCC(F)(F)F,0,0.126696,0.166473,0.078599
C[C@H]1CN([C@@H](C)CO)C(=O)c2cc(cnc2O[C@@H]1CN(C)C(=O)Cc1cccnc1)C#Cc1ccccc1F,0,0.084275,0.024026,0.005905
C[C@@H]1CN([C@@H](C)CO)C(=O)c2cc(ccc2O[C@@H]1CN(C)S(=O)(=O)c1cn(cn1)C)NC(=O)C1CCCCC1,0,0.007132,0.024244,0.004996
C[C@H]1CCCCO[C@@H](CN(C)Cc2ccccc2)[C@H](C)CN([C@@H](C)CO)C(=O)c2cc(ccc2O1)NC(=O)Nc1ccc(cc1)F,0,0.076528,0.041711,0.016106
C[C@H]1CN([C@@H](C)CO)C(=O)c2cc(ccc2O[C@@H]1CN(C)S(=O)(=O)c1ccc(cc1)C)NC(=O)C1CC1,0,0.007017,0.024257,0.004494
CNC[C@@H]1OCCCC[C@H](C)Oc2ccc(cc2C(=O)N(C[C@H]1C)[C@@H](C)CO)NS(=O)(=O)c1c(noc1C)C,0,0.005665,0.024678,0.005704
C[C@H]1CN([C@@H](C)CO)C(=O)c2cccc(c2O[C@H]1CN(C)C(=O)Nc1ccccc1)NC(=O)c1cnccn1,0,0.114682,0.024917,0.007378
CCS(=O)(=O)Nc1ccc2c(c1)C(=O)N(C)[C@@H]1CC[C@H](CC(=O)NCCOC)O[C@H]1CO2,0,0.004265,0.023859,0.006627
CC(C)C[C@H]1NC(=O)[C@@H](C)NC(=O)[C@]23[C@@H](/C=C/C/C=C\CNC1=O)[C@@H]1O[C@]1(C)[C@@H](C)[C@@H]2[C@H](Cc1ccccc1)NC3=O,0,0.536868,0.135073,0.206431
CCC1OC(OC(c2c[nH]cn2)C(NC(=O)c2nc(C(CC(N)=O)NCC(N)C(N)=O)nc(N)c2C)C(=O)NC(C)C(O)C(C)C(=O)NC(C(=O)NCCc2nc(-c3nc(C(=O)NCCCCNC(=N)N)cs3)cs2)C(C)O)C(OC2OC(CO)C(O)C(OC(N)=O)C2O)C(C)C1C.O=S(=O)(O)O.O=S(=O)(O)O,0,0.042746,0.813290,0.533598
CCC(C)(C)C(=O)OC1CC(C)C=C2C=CC(C)C(CCC3CC(O)CC(=O)O3)C21,0,0.087005,0.107844,0.138310
COc1ccc(cc1)NC(=O)Nc1cccc2c1O[C@H](CN(C)S(=O)(=O)c1cn(cn1)C)[C@H](C)CN([C@H](C)CO)C2=O,0,0.044414,0.024467,0.003718
COc1ccc(cc1)CN(C)C[C@H]1Oc2ccc(cc2CC(=O)N(C[C@H]1C)[C@H](C)CO)NC(=O)Nc1cccc2ccccc12,0,0.013183,0.032031,0.010080
CN[C@H](C)[C@@H]1CC[C@@H](N)[C@H](O1)O[C@@H]1[C@@H](N)C[C@@H](N)[C@H](O[C@H]2OC[C@](C)(O)[C@H](NC)[C@H]2O)[C@H]1O.CN[C@@H]1[C@@H](O)[C@H](OC[C@]1(C)O)O[C@H]1[C@H](N)C[C@H](N)[C@@H](O[C@H]2O[C@H](CN)CC[C@H]2N)[C@@H]1O.CN[C@@H]1[C@@H](O)[C@H](OC[C@]1(C)O)O[C@H]1[C@H](N)C[C@H](N)[C@@H](O[C@H]2O[C@@H](CC[C@H]2N)[C@@H](C)N)[C@@H]1O,0,1.000000,0.397417,0.173482
CCCCCCCCCCCCCCCC[N+](C)(C)C.[Br-],0,0.993997,0.506938,0.282198
C[C@H]1CN([C@H](C)CO)C(=O)c2cccc(c2O[C@H]1CN(C)C(=O)NC1CCCCC1)NC(=O)C1CCOCC1,0,0.032860,0.028650,0.008793
Clc1ccc2nc(cc(c2c1)-c1ccccc1)Cl,0,0.599863,0.446945,0.237518
COc1ccc(cc1)S(=O)(=O)N(C)C[C@@H]1Oc2c(cccc2C(=O)N(C[C@H]1C)[C@H](C)CO)NC(=O)Nc1c(noc1C)C,0,0.045577,0.024881,0.004375
CO[C@@H]1CN(C)C(=O)c2cc(ccc2OC[C@H](C)N(C[C@H]1C)S(=O)(=O)c1cn(cn1)C)NC(=O)CC(F)(F)F,0,0.128663,0.035852,0.030945
NCC[C@@H]1CC[C@H](NC(=O)Nc2ccc(cc2)F)[C@@H](CO)O1,0,0.659063,0.092348,0.067179
C[C@@H]1CCCCO[C@@H](CN(C)Cc2ccncc2)[C@@H](C)CN([C@@H](C)CO)C(=O)c2cc(ccc2O1)NC(=O)CCC(F)(F)F,0,0.038946,0.101097,0.038762
COc1ccc(cc1)S(=O)(=O)N(C)C[C@@H]1OCCCC[C@@H](C)Oc2ccc(cc2C(=O)N(C[C@H]1C)[C@@H](C)CO)NC(=O)Nc1ccc(cc1)F,0,0.016051,0.025437,0.005662
COc1ccc(cc1)S(=O)(=O)N(C)C[C@H]1OCCCC[C@@H](C)Oc2ccc(cc2C(=O)N(C[C@@H]1C)[C@H](C)CO)NC(=O)Nc1ccccc1,0,0.005289,0.024315,0.003518
Cn1cnc(c1)S(=O)(=O)N1C[C@@H](O)COC[C@H]2O[C@H](CC[C@@H]21)CC(=O)NCc1cccc(c1)F,0,0.319702,0.028564,0.011439
Cn1ncc2c(ncnc12)N1CCCC1,0,0.138881,0.077493,0.085320
C[C@H]1CN([C@H](C)CO)C(=O)c2cccc(c2O[C@@H]1CN(C)S(=O)(=O)c1ccccc1)NS(=O)(=O)c1ccc(cc1)F,0,0.008307,0.026703,0.007884
CC(C)NC(=O)Nc1ccc2c(c1)C(=O)N(C[C@@H](C)[C@@H](CN(C)S(=O)(=O)c1cn(cn1)C)OCCCC[C@@H](C)O2)[C@@H](C)CO,0,0.010885,0.024803,0.004050
C[C@@H]1CCCCO[C@@H](CN(C)Cc2ccc(cc2)C(=O)Nc2ccccc2N)[C@@H](C)CN([C@H](C)CO)C(=O)c2cc(ccc2O1)NS(=O)(=O)c1ccc(cc1)F,0,0.000835,0.037769,0.003711
C[C@H]1CCCCO[C@@H](CN(C)C(=O)NC2CCCCC2)[C@@H](C)CN([C@@H](C)CO)C(=O)c2cc(ccc2O1)NC(=O)Nc1ccc(cc1)C(F)(F)F,0,0.395360,0.177770,0.045686
COc1ccc2c3c(n(c2c1)C)[C@@H](CO)N(C[C@]13CCN(CC1)C(=O)c1ccncc1)C(=O)C1CCOCC1,0,0.055213,0.061446,0.021378
CC(C)NC(=O)N(C)C[C@@H]1Oc2ccc(cc2C(=O)N(C[C@H]1C)[C@@H](C)CO)NC(=O)CCCN(C)C,0,0.017918,0.024168,0.006805
COc1ccc(cc1)NC(=O)Nc1ccc2c(c1)C(=O)N(C[C@H](C)[C@H](CN(C)Cc1ccc(c(c1)Cl)Cl)O2)[C@H](C)CO,0,0.154276,0.043745,0.012772
C[C@H]1CN([C@H](C)CO)C(=O)Cc2cc(ccc2O[C@@H]1CN(C)S(=O)(=O)c1c(noc1C)C)NC(=O)Nc1ccccc1,0,0.012672,0.026567,0.005511
CC(=O)N[C@@H]1CC[C@H](CCNC(=O)C2CC2)O[C@H]1CO,0,0.045078,0.028700,0.012617
OC[C@H]1O[C@H](C[C@@H]2[C@H]1Oc1ccc(cc12)NC(=O)c1ccc2c(c1)OCO2)CC(=O)NCc1ccccn1,0,0.001923,0.023731,0.012392
C[C@H]1CCCCO[C@@H](CN(C)Cc2ccc(cc2)C(F)(F)F)[C@H](C)CN([C@H](C)CO)C(=O)c2cc(ccc2O1)NC(=O)Nc1ccc2c(c1)OCO2,0,0.075334,0.018789,0.005680
CO[C@@H]1CN(C)C(=O)c2ccc(cc2OC[C@H](C)N(C[C@@H]1C)C(=O)Nc1c(noc1C)C)NC(=O)Nc1cccc(c1)Cl,0,0.123756,0.030224,0.011561
C[C@@H](NC(=O)[C@@H](NC(=O)[C@H](CCCc1ccc(c(c1)C)-c1ccccc1)CC(=O)NO)C(C)(C)C)c1ccccc1,0,0.652801,0.401304,0.368795
C[C@H]1CN([C@H](C)CO)C(=O)c2cccc(c2O[C@@H]1CN(C)S(=O)(=O)c1ccc(cc1)C)NS(=O)(=O)C,0,0.037162,0.025033,0.007420
CCn1nnc(n1)NC(=O)Cc1ccccc1,0,0.023833,0.115440,0.065070
C[C@H]1CCCCO[C@@H](CN(C)C(=O)Cc2ccccc2)[C@@H](C)CN([C@H](C)CO)C(=O)c2cc(ccc2O1)NC(=O)NC1CCCCC1,0,0.003344,0.023304,0.005574
C[C@@H]1CN([C@@H](C)CO)C(=O)CCCn2nncc2CO[C@@H]1CN(C)C(=O)c1cc(on1)-c1ccccc1,0,0.020779,0.023274,0.005524
C[C@@H]1CN([C@H](C)CO)C(=O)c2cc(ccc2O[C@H]1CN(C)C(=O)NC1CCCCC1)NC(=O)Nc1cccc2ccccc12,0,0.018476,0.023666,0.006884
CN(C)C(CCOc1cccc2ccccc12)c1ccccc1.Cl,0,0.869539,0.510706,0.605450
C[C@@H]1CCCCO[C@@H](CN(C)S(=O)(=O)c2cn(cn2)C)[C@@H](C)CN([C@H](C)CO)C(=O)c2cc(ccc2O1)NS(=O)(=O)c1ccc(cc1)F,0,0.002963,0.027959,0.006911
C[C@@H]1CCCCO[C@H](CN(C)C(=O)Nc2ccc(cc2)F)[C@H](C)CN([C@H](C)CO)C(=O)c2cc(ccc2O1)NS(=O)(=O)c1c(noc1C)C,0,0.017772,0.025062,0.006908
COc1ccc(cc1)NC(=O)Nc1ccc2c(c1)CC(=O)N(C[C@H](C)[C@@H](CN(C)C(=O)Nc1cccc3ccccc13)O2)[C@H](C)CO,0,0.016344,0.024515,0.005943
C[C@H]1CCCCO[C@@H](CN(C)C(=O)Nc2ccc(cc2)F)[C@H](C)CN([C@H](C)CO)C(=O)c2cc(ccc2O1)NC(=O)Nc1ccc(cc1)F,0,0.281965,0.032640,0.012757
CC(C)NC(=O)Nc1ccc2c(c1)C(=O)N(C[C@@H](C)[C@H](CN(C)C(=O)C1CCCCC1)OCCCC[C@@H](C)O2)[C@@H](C)CO,0,0.010138,0.028370,0.009463
C[C@@H]1CCCCO[C@@H](CN(C)Cc2ccncc2)[C@H](C)CN([C@H](C)CO)C(=O)c2cc(ccc2O1)NC(=O)c1ccccc1,0,0.001918,0.023238,0.003398
OC[C@H]1O[C@H](CC(=O)N2CCOCC2)C=C[C@@H]1NC(=O)c1ccc2c(c1)OCO2,0,0.012528,0.024773,0.012368
Br.CN1CCCC1Cc1c[nH]c2ccc(CCS(=O)(=O)c3ccccc3)cc12,0,0.516152,0.590912,0.412498
CC(C)(O)C#Cc1ccc(cc1)[C@H]1[C@H](CO)N2CCCCN(C[C@H]12)S(=O)(=O)C,0,0.234782,0.063610,0.020520
C[C@@H]1CN([C@H](C)CO)C(=O)Cc2cc(ccc2O[C@H]1CN(C)C(=O)Nc1ccc(cc1)F)NC(=O)C1CC1,0,0.109101,0.037176,0.015392
C[C@@H]1CN([C@H](C)CO)S(=O)(=O)c2ccc(cc2O[C@H]1CN(C)S(=O)(=O)c1cccc(c1)F)C#CCN(C)C,0,0.124420,0.033310,0.008946
NC(=O)c1ccccc1F,0,0.186231,0.069426,0.022093
NCCn1cccc1,0,0.009244,0.073777,0.051932
COc1cc(OC)c2c(=O)c(OC)c(-c3ccccc3)oc2c1,0,0.102951,0.364762,0.216027
C[C@@H]1CN([C@@H](C)CO)S(=O)(=O)c2ccc(cc2O[C@@H]1CN(C)S(=O)(=O)c1ccc(cc1)C)Br,0,0.056537,0.032192,0.007930
CCOC(=O)[C@@H]1CCC[C@@H]1N,0,0.012620,0.024616,0.008166
CC[C@@H]1OC(=O)[C@H](C)[C@@H](O[C@H]2C[C@@](C)(OC)[C@@H](O)[C@H](C)O2)[C@H](C)[C@@H](O[C@@H]2O[C@H](C)C[C@@H]([C@H]2O)N(C)C)[C@](C)(O)C[C@@H](C)/C(=N\OCOCCOC)[C@H](C)[C@@H](O)[C@]1(C)O,1,0.911971,0.932337,0.983796
O[C@H]1COC[C@H]2O[C@H](CC[C@@H]2N(C1)S(=O)(=O)c1ccc(cc1)Cl)CC(=O)N[C@@H]1CCN(C1)Cc1ccccc1,0,0.214530,0.089912,0.031967
C[C@@H]1CN([C@@H](C)CO)C(=O)Cc2cc(ccc2O[C@@H]1CN(C)Cc1ccc(cc1)C(=O)Nc1ccccc1N)NC(=O)CCN1CCOCC1,0,0.001300,0.027025,0.005675
C[C@]1(Cc2cnnn2CCN1)C1CC1,0,0.154681,0.069859,0.029606
CC(C)CC#Cc1ccc2c(c1)O[C@H](CN(C)C(=O)c1ccncc1)[C@@H](C)CN([C@H](C)CO)S2(=O)=O,0,0.016783,0.027778,0.004792
C[C@H]1CN([C@@H](C)CO)C(=O)c2cccc(c2O[C@H]1CN(C)CC1CC1)NS(=O)(=O)c1c(noc1C)C,0,0.009046,0.024408,0.004627
C[C@H]1CN([C@H](C)CO)C(=O)c2cccc(c2O[C@@H]1CN(C)C(=O)Nc1ccc(cc1)C(F)(F)F)NC(=O)Nc1ccccc1,0,0.853038,0.589575,0.667476
C[C@@H]1CCCCO[C@@H](CN(C)C(=O)C2CCCCC2)[C@@H](C)CN([C@H](C)CO)C(=O)c2cc(ccc2O1)NC(=O)CCCCCC(=O)Nc1ccccc1N,0,0.002277,0.023845,0.004547
C[C@@H]1CCCCO[C@H](CN(C)C(=O)C2CCCCC2)[C@@H](C)CN([C@H](C)CO)C(=O)c2cc(ccc2O1)NC(=O)Nc1cccc2ccccc12,0,0.006617,0.023854,0.005365
C[C@@H]1CCCCO[C@H](CN(C)S(=O)(=O)c2cccs2)[C@@H](C)CN([C@@H](C)CO)C(=O)c2cc(ccc2O1)NS(=O)(=O)c1ccc(cc1)Cl,0,0.001229,0.027817,0.007066
C[C@H]1CN([C@H](C)CO)C(=O)c2cc(cnc2O[C@@H]1CN(C)C(=O)Nc1ccc(cc1)C(F)(F)F)/C=C/c1ccccc1,0,0.438733,0.212079,0.213544
C[C@@H]1CN([C@@H](C)CO)C(=O)c2cccc(c2O[C@H]1CN(C)C(=O)Nc1cccc2ccccc12)NC(=O)c1ccc(cc1)-c1nccs1,0,0.013195,0.025986,0.006938
COCC#Cc1ccc2c(c1)O[C@@H](CN(C)C(=O)Nc1ccc(cc1)OC)[C@H](C)CN([C@H](C)CO)S2(=O)=O,0,0.120374,0.028652,0.005520
C[C@@H]1CCCCO[C@H](CN(C)Cc2ccc(cc2)C(F)(F)F)[C@@H](C)CN([C@H](C)CO)C(=O)c2cc(ccc2O1)NS(=O)(=O)c1ccccc1,0,0.013761,0.024313,0.005494
C[C@H]1CN([C@H](C)CO)C(=O)c2cc(ccc2O[C@H]1CN(C)C(=O)Nc1ccc(cc1)C(F)(F)F)NC(=O)NC1CCCCC1,0,0.631572,0.631766,0.521589
OC[C@H]1[C@H]([C@@H]2CN(CC(=O)N12)S(=O)(=O)Cc1ccccc1)c1ccc(cc1)C#Cc1ccc(cc1)F,0,0.187636,0.103801,0.035454
C[C@@H]1CCCCO[C@H](CN(C)S(=O)(=O)c2ccc(cc2)F)[C@@H](C)CN([C@@H](C)CO)C(=O)c2cc(ccc2O1)NS(=O)(=O)c1ccc(cc1)Cl,0,0.006250,0.025648,0.005356
C[C@@H]1CCCn2cc(nn2)COCCNC1=O,0,0.035652,0.022321,0.009142
Cc1onc(c1CN)-c1ccccc1,0,0.294011,0.113336,0.049932
COc1cccc(c1)S(=O)(=O)N(C)C[C@H]1Oc2ncc(cc2C(=O)N(C[C@H]1C)[C@@H](C)CO)-c1cccc(c1)C(=O)N(C)C,0,0.001039,0.024240,0.004188
C[C@H](COC(=O)[C@H](CC=C)CC(=O)OC(C)(C)C)NC(=O)[C@@H](CC=C)CC(=O)N[C@@H](CO)Cc1ccccc1,0,0.001269,0.047101,0.022713
C[C@H]1CCCCO[C@H](CN(C)CC2CCCCC2)[C@@H](C)CN([C@H](C)CO)C(=O)c2cc(ccc2O1)NC(=O)NC1CCCCC1,0,0.087966,0.033997,0.011709
C[C@@H]1CN([C@H](C)CO)C(=O)c2cc(cnc2O[C@H]1CN(C)C(=O)C1CCOCC1)C#CCc1ccccc1,0,0.016187,0.028416,0.006675
CC(C)NC(=O)N(C)C[C@@H]1Oc2ccc(cc2CC(=O)N(C[C@@H]1C)[C@@H](C)CO)NC(=O)c1ccncc1,0,0.005166,0.023130,0.004349
Nc1cc(ccc1CO)F,0,0.119761,0.047096,0.020048
C[C@@H]1CCCCO[C@H](CN(C)S(=O)(=O)c2ccc(cc2)F)[C@@H](C)CN([C@@H](C)CO)C(=O)c2cc(ccc2O1)NS(=O)(=O)c1cn(cn1)C,0,0.022252,0.024690,0.005133
C[C@@H]1CCCCO[C@H](CN(C)Cc2ccccc2)[C@@H](C)CN([C@H](C)CO)C(=O)c2cc(ccc2O1)NS(=O)(=O)c1ccc(cc1)C,0,0.001472,0.024332,0.004425
C[C@@H]1CN([C@H](C)CO)C(=O)c2cc(cnc2O[C@@H]1CN(C)S(=O)(=O)c1ccccc1)C#CC1(O)CCCC1,0,0.005736,0.027812,0.004350
C[C@@H]1CCCCO[C@@H](CN(C)S(=O)(=O)c2cccs2)[C@H](C)CN([C@H](C)CO)C(=O)c2cc(ccc2O1)NC(=O)Nc1ccc(cc1)C(F)(F)F,0,0.085130,0.058613,0.012861
CN(C)CC#Cc1ccc(cc1)[C@@H]1[C@@H](CO)N2[C@@H]1CN(CC2=O)C(=O)c1cccnc1,0,0.221593,0.052356,0.027393
CO[C@@H]1CN(C)C(=O)c2ccc(cc2OC[C@@H](C)N(C[C@H]1C)C(=O)Nc1ccccc1F)NC(=O)Nc1ccccc1F,0,0.824106,0.043991,0.043642
C[C@H]1CN([C@H](C)CO)C(=O)c2cccc(c2O[C@H]1CN(C)C(=O)Nc1ccc2c(c1)OCO2)NS(=O)(=O)c1c(noc1C)C,0,0.005043,0.024155,0.006406
C[C@H]1CN([C@@H](C)CO)C(=O)c2cc(ccc2O[C@H]1CN(C)Cc1ccc2c(c1)OCO2)NC(=O)CCN1CCOCC1,0,0.002148,0.025600,0.005360
CC[Si](CC)(CC)OC[C@@H](C=C)N(Cc1ccc(c(c1)OC)OC(=O)C)S(=O)(=O)c1ccc(cc1)Br,0,0.049009,0.351161,0.140387
C[C@@H]1CN([C@@H](C)CO)C(=O)c2cc(ccc2O[C@@H]1CN(C)S(=O)(=O)C)NC(=O)Nc1ccc(cc1)C(F)(F)F,0,0.492542,0.422661,0.122652
C[C@@H]1CN([C@@H](C)CO)C(=O)Cc2cc(ccc2O[C@H]1CN(C)Cc1ccc(c(c1)Cl)Cl)NS(=O)(=O)c1ccc(cc1)C,0,0.006166,0.030865,0.005537
C[C@@H]1CN([C@@H](C)CO)C(=O)c2cc(ccc2O[C@@H]1CN(C)S(=O)(=O)c1c(noc1C)C)NC(=O)CCN1CCOCC1,0,0.002465,0.024559,0.004400
CCS(=O)(=O)Nc1ccc2c(c1)C(=O)N(C)[C@@H]1CC[C@@H](CC(=O)NCCCN3CCOCC3)O[C@H]1CO2,0,0.005532,0.023609,0.006232
C[C@@H]1CN([C@@H](C)CO)C(=O)Cc2cc(ccc2O[C@@H]1CN(C)Cc1ccncc1)NC(=O)Cn1cnnn1,0,0.012483,0.028363,0.007407
C[C@@H]1CN([C@H](C)CO)C(=O)c2cc(ccc2O[C@@H]1CN(C)S(=O)(=O)c1cccs1)NC(=O)Cc1ccccc1,0,0.002311,0.024221,0.003649
C[C@@H]1CN([C@H](C)CO)C(=O)Cc2cc(ccc2O[C@@H]1CN(C)C(=O)Nc1ccc2c(c1)OCO2)NS(=O)(=O)C,0,0.006622,0.024153,0.004413
C[C@@H]1CCCCO[C@H](CN(C)Cc2ccc(c(c2)Cl)Cl)[C@H](C)CN([C@@H](C)CO)C(=O)c2cc(ccc2O1)NC(=O)Nc1ccc(cc1)F,0,0.298522,0.036507,0.010082
OC[C@@H]1[C@H]([C@H]2CN(CC(=O)N12)S(=O)(=O)Cc1ccccc1)c1ccc(cc1)C#Cc1ccc(cc1)F,0,0.187636,0.103801,0.035454
Cc1ccnc(c1)NC(=O)c1cc2sc3ccccc3c2s1,0,0.291730,0.193875,0.267983
C[C@@H]1CCCCO[C@H](CN(C)Cc2ccc(c(c2)Cl)Cl)[C@H](C)CN([C@@H](C)CO)C(=O)c2cc(ccc2O1)NS(=O)(=O)c1ccc(cc1)Cl,0,0.031592,0.025870,0.006249
C[C@@H]1CN([C@H](C)CO)C(=O)CCCn2nncc2CO[C@@H]1CN(C)C(=O)c1cc(on1)-c1ccccc1,0,0.020779,0.023274,0.005524
CC(C)NC(=O)N(C)C[C@H]1Oc2ccc(cc2C(=O)N(C[C@@H]1C)[C@@H](C)CO)NC(=O)Nc1c(noc1C)C,0,0.055731,0.031565,0.012011
C[C@@H]1CN([C@@H](C)CO)C(=O)c2cc(ccc2O[C@H]1CN(C)CC1CC1)NS(=O)(=O)c1ccc(cc1)F,0,0.015236,0.032803,0.008189
C[C@H]1CN([C@H](C)CO)C(=O)c2cccc(c2O[C@H]1CN(C)C(=O)Nc1ccc(cc1)F)NC(=O)c1nc2ccccc2s1,0,0.150161,0.036294,0.017110
C[C@@H]1CN([C@@H](C)CO)C(=O)Cc2cc(ccc2O[C@@H]1CN(C)Cc1ccc(cc1)-c1ccccc1)NS(=O)(=O)c1ccc(cc1)Cl,0,0.008353,0.030934,0.007391
C[C@@H]1CN([C@@H](C)CO)C(=O)c2cccc(c2O[C@@H]1CN(C)CC1CCCCC1)NC(=O)c1ccc(cc1)-c1nccs1,0,0.026990,0.036367,0.007980
COC(=O)C[C@@H]1C(C)(C)[C@H](OC(=O)C)[C@@H]2[C@@H](OC(=O)C)[C@]34O[C@@]2(O)[C@]1(C)[C@H]3CC[C@@]1(C)[C@@H](OC(=O)C=C14)c1ccoc1,0,0.171438,0.251545,0.162036
C[C@@H]1CCCCO[C@H](CN(C)S(=O)(=O)c2ccccc2)[C@@H](C)CN([C@H](C)CO)C(=O)c2cc(ccc2O1)NC(=O)Nc1cccc2ccccc12,0,0.002296,0.024243,0.003173
CCC[C@@H]1C[C@H](N(C)C1)C(=O)N[C@H]([C@@H](C)O)[C@H]1O[C@H](SC)[C@H](O)[C@@H](O)[C@H]1O,1,0.080587,0.787641,0.815679
Cc1nnc(s1)Nc1cccc(n1)[C@H]1CCCN(C1)C(=O)CN,0,0.829136,0.124486,0.152927
FC(F)(F)C(OC(=O)N1CCN(CC1)Cc1ccc(cc1N1CCCC1)C(F)(F)F)C(F)(F)F,0,0.784430,0.584691,0.527877
C[C@@H]1CN([C@H](C)CO)C(=O)c2cccc(c2O[C@@H]1CN(C)Cc1ccc(cc1)C(F)(F)F)NC(=O)c1ccc(cc1)-c1nccs1,0,0.149275,0.056827,0.017390
C[C@@H]1CN([C@H](C)CO)C(=O)c2cccc(c2O[C@H]1CN(C)S(=O)(=O)c1ccc(cc1)C)NS(=O)(=O)c1ccccc1,0,0.003850,0.024740,0.005331
CN1CCN(CC1)C(=O)C[C@H]1O[C@@H](CO)[C@H](NS(=O)(=O)c2cccc(c2)F)C=C1,0,0.071108,0.032739,0.013179
C[C@H]1CN([C@@H](C)CO)C(=O)c2cc(ccc2O[C@@H]1CN(C)Cc1ccc(cc1)-c1ccccc1)NS(=O)(=O)c1ccc(cc1)F,0,0.009383,0.040385,0.009822
NC(=N)SCCN1C(=O)c2ccccc2C1=O,0,0.312647,0.375170,0.212579
C[C@H]1CCCCO[C@@H](CN(C)Cc2ccc(cc2)C(=O)O)[C@H](C)CN([C@H](C)CO)C(=O)c2cc(ccc2O1)NC(=O)Nc1c(noc1C)C,0,0.101165,0.024024,0.007597
C[C@@H]1CCCCO[C@@H](CN(C)C(=O)C2CCCCC2)[C@@H](C)CN([C@@H](C)CO)C(=O)c2cc(ccc2O1)NS(=O)(=O)c1ccccc1,0,0.000789,0.024262,0.004836
CN(Cc1cnc2nc(nc(c2n1)N)N)c1ccc(cc1)C(=O)N[C@@H](CCC(=O)O)C(=O)O,0,0.241506,0.245193,0.231943
C[C@H]1CCCCO[C@@H](CN(C)C(=O)Nc2cccc3ccccc23)[C@H](C)CN([C@@H](C)CO)C(=O)c2cc(ccc2O1)NS(=O)(=O)c1ccccc1,0,0.000902,0.024254,0.003034
NC(=N)Nc1nc(cs1)CSCC/C(=N\S(=O)(=O)N)N,0,0.044071,0.210465,0.212421
O=C1NCCc2c(cccc21)OCC#C,0,0.033224,0.062988,0.028656
CN[C@@H](C)Cc1cnccn1,0,0.050504,0.042428,0.030331
NCc1cn(cn1)Cc1ccc(c(c1)Cl)Cl,0,0.888151,0.464392,0.202161
C[C@@H]1CCCCO[C@H](CN(C)Cc2ccc3c(c2)OCO3)[C@H](C)CN([C@@H](C)CO)C(=O)c2cc(ccc2O1)NS(=O)(=O)c1ccc(cc1)C,0,0.000718,0.024339,0.003635
C[C@H]1CN([C@@H](C)CO)C(=O)c2cc(ccc2O[C@H]1CN(C)Cc1ccc(c(c1)Cl)Cl)NC(=O)Cc1cn(c2ccccc12)C,0,0.106378,0.027609,0.006537
CS(=O)(=O)N1CCCn2c(nnc2Cn2cccn2)C1,0,0.001932,0.042883,0.016637
CO[C@H]1CN(C)C(=O)c2ccc(cc2OC[C@H](C)N(C[C@H]1C)C(=O)CN(C)C)NS(=O)(=O)C,0,0.037419,0.155227,0.008515
COc1ccc(cc1)NC(=O)Nc1ccc2c(c1)C(=O)N(C[C@H](C)[C@@H](CN(C)Cc1ccc(cc1)C(=O)O)OCCCC[C@@H](C)O2)[C@@H](C)CO,0,0.067070,0.026046,0.005556
COC1=CC(=O)CC(C)C12Oc1c(Cl)c(OC)cc(OC)c1C2=O,0,0.941656,0.752059,0.524784
CC(C)NC(=O)N(C)C[C@H]1Oc2ccc(cc2C(=O)N(C[C@H]1C)[C@@H](C)CO)NS(=O)(=O)c1cccs1,0,0.019676,0.023706,0.005203
Cc1ccc(cc1)S(=O)(=O)N(c1cccc(c1)-n1cc(nn1)CCC(=O)NO)S(=O)(=O)c1ccc(cc1)C,1,0.014527,0.177827,0.049697
CCCc1cc(=O)[nH]c(=S)[nH]1,0,0.132951,0.042294,0.030184
CC1=C2CCCC2=C(C(=O)O)C(=O)N1,0,0.366119,0.141049,0.120557
C[C@H]1CCCCO[C@@H](CN(C)C(=O)Nc2c(noc2C)C)[C@@H](C)CN([C@H](C)CO)C(=O)c2cc(ccc2O1)NC(=O)NC1CCCCC1,0,0.027837,0.024928,0.005136
CCCCOC(=O)C1=CC(=O)CC(C)(C)O1,0,0.133418,0.051116,0.051170
COc1ccc(cc1)NC(=O)N(C)C[C@H]1OCCCC[C@H](C)Oc2ccc(cc2C(=O)N(C[C@@H]1C)[C@H](C)CO)NC(=O)c1ccccc1,0,0.004376,0.023234,0.003723
OC[C@@H]1[C@H]2CN3C(=O)C=CC=C3[C@@H]([C@H]1C(=O)NCCN1CCCC1)N2C(=O)c1ccccc1,0,0.033971,0.063338,0.029636
C[N+](C)(C)CCOC(=O)N,0,0.010145,0.061211,0.017788
C[C@H]1CN([C@@H](C)CO)C(=O)c2cc(ccc2O[C@H]1CN(C)Cc1ccncc1)NS(=O)(=O)c1ccccc1,0,0.000872,0.025374,0.003581
CC(C)NC(=O)Nc1ccc2c(c1)C(=O)N(C[C@H](C)[C@H](CN(C)Cc1ccc(cc1)C(F)(F)F)OCCCC[C@@H](C)O2)[C@H](C)CO,0,0.240856,0.034523,0.026517
C[C@H]1CN([C@H](C)CO)C(=O)c2cc(ccc2O[C@H]1CN(C)Cc1ccc(cc1)-c1ccccc1)NS(=O)(=O)c1ccc(cc1)Cl,0,0.013319,0.034860,0.009230
O=[N+]([O-])NC1=NCCN1Cc1ccc(Cl)nc1,0,0.865699,0.263879,0.141256
Cn1cc(cn1)CO,0,0.004858,0.055009,0.011626
COc1cccc(c1)C#Cc1cnc2c(c1)C(=O)N(C[C@H](C)[C@H](CN(C)C(=O)C1CCC1)O2)[C@H](C)CO,0,0.019998,0.022880,0.008260
CN(C)C(=O)C[C@@H]1CC[C@H]2[C@@H](COC[C@H](O)CN2S(=O)(=O)c2ccccc2)O1,0,0.071084,0.033600,0.013869
Br.COc1ccc2c(c1)C13CCCCC1C(C2)N(C)CC3,0,0.920716,0.390341,0.130381
C[C@H]1CCCCO[C@@H](CN(C)S(=O)(=O)c2ccc(cc2)C)[C@@H](C)CN([C@@H](C)CO)C(=O)c2cc(ccc2O1)NC(=O)Nc1ccc(cc1)C(F)(F)F,0,0.181456,0.039304,0.005734
C[C@H]1CN([C@H](C)CO)S(=O)(=O)c2ccc(cc2O[C@@H]1CN(C)Cc1cncnc1)-c1ccccc1F,0,0.033585,0.035269,0.006258
C[C@@H]1CN([C@@H](C)CO)C(=O)CCCn2nncc2CO[C@@H]1CN(C)C(=O)Oc1ccc2ccccc2c1,0,0.104548,0.047113,0.020379
CC(C)[C@H]1CN2CCC[C@H]2[C@@]2(O)O[C@](CC(=O)[C@H]3CN(C)[C@@H]4Cc5c[nH]c6cccc(c56)C4=C3)(C(C)C)C(=O)N12,0,0.370408,0.462143,0.218917
C[C@@H]1CCCCO[C@@H](CN(C)C(=O)NC2CCCCC2)[C@@H](C)CN([C@@H](C)CO)C(=O)c2cc(ccc2O1)NC(=O)Nc1cccc2ccccc12,0,0.014311,0.023305,0.003947
CC(C)CC(=O)N1CCC(N)CC1,0,0.015301,0.029489,0.008163
C[C@@H]1CN([C@@H](C)CO)C(=O)c2cccc(c2O[C@H]1CN(C)C(=O)Nc1ccc(cc1)F)NC(=O)CCCCCC(=O)Nc1ccccc1N,0,0.239834,0.028466,0.008192
COc1ccc(cc1)[Si](C)(C)[C@H]1[C@H](C)[C@]2(O[C@@H]1CC(=O)N1Cc3ccccc3C[C@H]1CO)C(=O)N(Cc1cccc(c1)N1C(=O)c3cccc4cccc1c34)c1ccccc12,0,0.000192,0.055328,0.015745
CCOC(OCC)P(=O)(O)CCCN,0,0.149505,0.040098,0.020791
C[C@@H]1CCCCO[C@@H](CN(C)S(=O)(=O)c2c(noc2C)C)[C@H](C)CN([C@@H](C)CO)C(=O)c2cc(ccc2O1)NC(=O)Nc1ccccc1,0,0.008098,0.024313,0.003921
C[C@@H]1CN([C@@H](C)CO)C(=O)c2cccc(c2O[C@H]1CN(C)S(=O)(=O)c1ccc(cc1)Cl)NS(=O)(=O)C,0,0.090540,0.026107,0.007857
COc1ccc(cc1)NC(=O)Nc1ccc2c(c1)C(=O)N(C[C@@H](C)[C@@H](CN(C)C(=O)NC(C)C)OCCCC[C@H](C)O2)[C@H](C)CO,0,0.018215,0.025270,0.004711
COc1ccc(cc1)CN(C)C[C@@H]1OCCCC[C@H](C)Oc2ccc(cc2C(=O)N(C[C@H]1C)[C@@H](C)CO)NC(=O)NC(C)C,0,0.026919,0.033147,0.008903
C[C@H]1CCCCO[C@@H](CN(C)S(=O)(=O)c2ccc(cc2)F)[C@@H](C)CN([C@@H](C)CO)C(=O)c2cc(ccc2O1)NC(=O)Nc1c(noc1C)C,0,0.017826,0.025877,0.005805
C[C@H]1CN([C@@H](C)CO)C(=O)Cc2cc(ccc2O[C@@H]1CN(C)S(=O)(=O)c1ccc(cc1)C)NS(=O)(=O)c1cn(cn1)C,0,0.010907,0.024251,0.003807
C[C@@H]1CN([C@H](C)CO)C(=O)c2cccc(c2O[C@@H]1CN(C)Cc1ccncc1)NC(=O)c1ccncc1,0,0.003151,0.024452,0.004718
COCC(=O)Nc1ccc2c(c1)C(=O)N(C)C[C@@H](OC)[C@H](C)CN(Cc1ccccc1F)[C@H](C)CO2,0,0.017676,0.028232,0.008749
C[C@H]1CN([C@H](C)CO)C(=O)c2cc(ccc2O[C@H]1CN(C)Cc1ccc(cc1)Oc1ccccc1)NC(=O)C1CC1,0,0.009229,0.036500,0.016632
C[C@H]1O[C@@H](OC[C@H]2O[C@@H](OC[C@@]3(C)[C@@H](O)CC[C@@]4(C)[C@@H]3CC[C@@]3(C)[C@@H]4CC[C@H]4C5=CC(C)(C)CC[C@@]5(CC[C@@]43C)C(=O)O)[C@@H](O)[C@@H](O)[C@@H]2O)[C@@H](O)[C@@H](O)[C@@H]1O,0,0.978498,0.392079,0.232719
NS(=O)(=O)c1ccc2c(c1)OCCO2,0,0.000001,0.067901,0.027539
C[C@H]1CN([C@H](C)CO)C(=O)c2cccc(c2O[C@H]1CN(C)C(=O)Nc1ccccc1)NC(=O)Nc1ccc(cc1)C(F)(F)F,0,0.840535,0.890627,0.935808
OC[C@@H](O)[C@@H](O)[C@H](O)[C@@H](O)/C=N/NC(=O)c1cccc(c1)C(=O)NO,0,0.008080,0.084105,0.041416
C[C@H]1CN([C@@H](C)CO)C(=O)c2cc(ccc2O[C@H]1CN(C)C(=O)Nc1cccc2ccccc12)NC(=O)C1CCCCC1,0,0.015287,0.028395,0.010613
COc1ccc(cc1)S(=O)(=O)Nc1ccc2c(c1)C(=O)N(C[C@@H](C)[C@@H](CN(C)S(=O)(=O)c1ccc(cc1)Cl)OCCCC[C@H](C)O2)[C@H](C)CO,0,0.002784,0.026250,0.006516
O[C@H]1COC[C@@H]2O[C@@H](CC[C@H]2N(C1)S(=O)(=O)c1ccc(cc1)F)CC(=O)O,0,0.442180,0.075860,0.034262
C[C@@H]1CN([C@@H](C)CO)C(=O)c2cc(cnc2O[C@H]1CN(C)C(=O)c1cnccn1)/C=C/c1ccccc1,0,0.018887,0.024066,0.007730
OC(=O)CCNC(=O)c1cccc(c1)[N+](=O)[O-],0,0.231559,0.250604,0.160195
CC(C)NC(=O)Nc1ccc2c(c1)C(=O)N(C[C@H](C)[C@@H](CN(C)S(=O)(=O)c1ccc(cc1)C)O2)[C@H](C)CO,0,0.023444,0.024748,0.005177
COc1ccc(cc1)NC(=O)Nc1ccc2c(c1)CC(=O)N(C[C@@H](C)[C@H](CN(C)Cc1ccc(cc1)C(F)(F)F)O2)[C@@H](C)CO,0,0.200639,0.033288,0.015772
CC(C)CC#Cc1cnc2c(c1)C(=O)N(C[C@@H](C)[C@H](CN(C)C(=O)Nc1c(noc1C)C)O2)[C@H](C)CO,0,0.100263,0.031372,0.008057
COc1ccc(cc1)CN(C)C[C@@H]1OCCCC[C@H](C)Oc2ccc(cc2C(=O)N(C[C@@H]1C)[C@H](C)CO)NC(=O)Nc1ccccc1,0,0.024279,0.023045,0.004186
OC(=O)c1ccco1,0,0.079905,0.152489,0.065794
C[C@H]1CCCCO[C@@H](CN(C)C(=O)Cc2ccccc2)[C@H](C)CN([C@@H](C)CO)C(=O)c2cc(ccc2O1)NC(=O)CCC(F)(F)F,0,0.042996,0.024548,0.010727
CO[C@H]1CN(C)C(=O)c2ccc(cc2OC[C@H](C)N(CC2CC2)C[C@@H]1C)NS(=O)(=O)c1cn(cn1)C,0,0.015833,0.024041,0.004899
C[C@@H]1CN([C@H](C)CO)C(=O)c2cccc(c2O[C@@H]1CN(C)S(=O)(=O)C)NC(=O)c1nc2ccccc2s1,0,0.013843,0.024882,0.005270
C[C@H]1CN([C@H](C)CO)C(=O)c2cccc(c2O[C@H]1CN(C)Cc1ccncc1)NC(=O)c1cnccn1,0,0.016303,0.023942,0.004876
CCNC(=O)[C@H]1[C@H](CO)[C@H]2CN3C(=O)C(=CC=C3[C@@H]1N2)c1cccc(c1)C(=O)N(C)C,0,0.029108,0.034412,0.010642
C[C@@H]1CCCCO[C@@H](CN(C)C(=O)C2CCCCC2)[C@@H](C)CN([C@@H](C)CO)C(=O)c2cc(ccc2O1)NS(=O)(=O)c1ccc(cc1)C,0,0.001246,0.024320,0.004860
CCCOC1=NN(C)C(=O)C=C1,0,0.033345,0.026696,0.019242
Cn1cnc(c1)S(=O)(=O)N1C[C@@H](O)COC[C@@H]2O[C@@H](CC[C@H]21)CC(=O)NCc1ccc(cc1)F,0,0.399767,0.028564,0.011100
COc1cccc(c1)S(=O)(=O)Nc1ccc2c(c1)[C@H]1C[C@H](CC(=O)NCc3ccccc3F)O[C@@H](CO)[C@H]1O2,0,0.003944,0.027252,0.005856
CC(=O)NCCCC[C@@H]1NC(=O)[C@H]2C[C@H]([C@H](N2C1=O)c1ccc(cc1)O)C(=O)O,0,0.270253,0.640843,0.749781
C[C@@H]1CN([C@H](C)CO)C(=O)c2cc(ccc2O[C@H]1CN(C)C(=O)Nc1ccc(cc1)C(F)(F)F)NC(=O)Nc1cccc2ccccc12,0,0.581564,0.247269,0.192330
O[C@H]1COC[C@H]2O[C@H](CC[C@@H]2N(C1)C(=O)c1cnccn1)CC(=O)NCc1ccc(cc1)Oc1ccccc1,0,0.230968,0.069568,0.049917
Cn1ncc(c1C(=O)O)Br,0,0.764555,0.122455,0.076472
COc1ccc(cc1)S(=O)(=O)Nc1cccc2c1O[C@@H](CN(C)C(=O)NC(C)C)[C@H](C)CN([C@@H](C)CO)C2=O,0,0.017694,0.026123,0.007867
COc1ccc(cc1)COC[C@@]12Oc3ccccc3[C@H]([C@H]2CO[Si](C)(C)C(C)(C)C)N2Cc3ccccc3CSC2=N1,0,0.371949,0.540913,0.389012
C[C@H]1CN([C@@H](C)CO)C(=O)c2cc(ccc2O[C@@H]1CN(C)Cc1ccncc1)NS(=O)(=O)c1cccs1,0,0.002742,0.024900,0.003677
COCC#Cc1cnc2c(c1)C(=O)N(C[C@H](C)[C@H](CN(C)C(=O)C)O2)[C@@H](C)CO,0,0.015088,0.022857,0.005516
CC(C)NC(=O)N(C)C[C@H]1OCc2cnnn2CCCC(=O)N(C[C@H]1C)[C@H](C)CO,0,0.020389,0.031243,0.009679
COc1ccc(cc1)S(=O)(=O)N1C[C@H](O)COC[C@H]2O[C@H](CC[C@@H]21)CC(=O)NCCN1CCCCC1,0,0.327158,0.048474,0.014777
C[C@@H]1C[C@H](OC(=O)C)[C@H](OC(=O)C)[C@@]2(COC(=O)C)[C@@H](C[C@@H]3[C@@H](OC(=O)C)[C@]12OC3(C)C)OC(=O)c1ccccc1,0,0.025900,0.177630,0.218753
C[C@@H]1CN([C@@H](C)CO)C(=O)c2cc(ccc2O[C@H]1CN(C)Cc1ccc(cc1)C(F)(F)F)NC(=O)Nc1c(noc1C)C,0,0.258691,0.105276,0.039698
N[C@H]1CC[C@H](CCn2cc(nn2)-c2cccc(c2)F)O[C@@H]1CO,0,0.689966,0.076768,0.049928
CN1CCN(CC1)C(=O)C[C@H]1CC[C@H](NC(=O)Nc2c(noc2C)C)[C@H](CO)O1,0,0.184726,0.024848,0.017785
C[C@@H]1CN([C@H](C)CO)C(=O)c2cc(ccc2O[C@H]1CN(C)Cc1ccc(cc1)-c1ccccc1)NC(=O)Cc1ccccc1,0,0.028297,0.033187,0.015368
COc1cccc(c1)S(=O)(=O)Nc1ccc2c(c1)[C@@H]1C[C@H](CC(=O)NCc3cccc(c3)F)O[C@@H](CO)[C@@H]1O2,0,0.004914,0.026236,0.006522
COc1ccc(cc1)S(=O)(=O)N[C@@H]1C=C[C@@H](CC(=O)N2CCC(CC2)Cc2ccccc2)O[C@@H]1CO,0,0.033658,0.041760,0.018120
C[C@@H]1CN([C@H](C)CO)C(=O)CCCn2nncc2CO[C@H]1CN(C)C(=O)Oc1ccc2ccccc2c1,0,0.104548,0.047113,0.020379
Cc1cc(O)cc(O)c1C(=O)O,0,0.002562,0.121058,0.069005
C[C@@H]1CCCCO[C@@H](CN(C)Cc2ccc(cc2)C(=O)Nc2ccccc2N)[C@H](C)CN([C@H](C)CO)C(=O)c2cc(ccc2O1)N(C)C,0,0.008583,0.024997,0.005642
CCCc1ccc2c(c1)CNCCC2,0,0.173351,0.137419,0.069412
C[C@@H]1CCCCO[C@@H](CN(C)C(=O)Nc2ccc3c(c2)OCO3)[C@@H](C)CN([C@H](C)CO)C(=O)c2cc(ccc2O1)NS(=O)(=O)c1ccc(cc1)Cl,0,0.003267,0.024277,0.004040
C[C@H]1CN([C@H](C)CO)C(=O)c2cccc(c2O[C@H]1CN(C)Cc1ccc(cc1)-c1ccccc1)NC(=O)Nc1c(noc1C)C,0,0.118529,0.026620,0.010415
C[C@H]1CCCCO[C@H](CN(C)CC2CCCCC2)[C@H](C)CN([C@H](C)CO)C(=O)c2cc(ccc2O1)NC(=O)c1ccncc1,0,0.011534,0.024306,0.005598
C[C@H]1CN([C@H](C)CO)C(=O)Cc2cc(ccc2O[C@H]1CN(C)C)NC(=O)Cc1cn(c2ccccc12)C,0,0.044488,0.032998,0.007255
OC[C@H]1O[C@H](C[C@H]2[C@@H]1Oc1ccc(cc12)NS(=O)(=O)c1ccc(cc1)F)CC(=O)NC1CCCCC1,0,0.006528,0.039517,0.007922
COc1cccc(c1)NC(=O)N(C)C[C@H]1Oc2ncc(cc2C(=O)N(C[C@H]1C)[C@H](C)CO)C#Cc1cccnc1,0,0.043958,0.023485,0.003648
C[C@@H](CC(=O)O)n1ccnc1,0,0.164942,0.026437,0.018035
C[C@@H]1CCCCO[C@@H](CN(C)C(=O)Nc2c(noc2C)C)[C@H](C)CN([C@H](C)CO)C(=O)c2cc(ccc2O1)NS(=O)(=O)c1cccs1,0,0.005506,0.024450,0.004251
COc1cccc(c1)NC(=O)N[C@H]1CC[C@@H](CC(=O)N2CCOCC2)O[C@H]1CO,0,0.018021,0.022298,0.012917
CC(C)NC(=O)Nc1ccc2c(c1)C(=O)N(C[C@H](C)[C@H](CN(C)S(=O)(=O)c1cccs1)O2)[C@H](C)CO,0,0.010458,0.024145,0.004913
COc1c2ccoc2c(OC)c2oc(=O)ccc12,0,0.132886,0.113476,0.157616
C(Cc1ccccc1)Nc1ccnc2cc3ccccc3cc12,1,0.381725,0.366806,0.336407
Nc1ccc(cc1)-c1ccco1,0,0.101317,0.087950,0.054688
C=CCN=C=S,0,0.000000,0.074666,0.024107
C[C@@H]1CN([C@H](C)CO)C(=O)c2cccc(c2O[C@@H]1CN(C)S(=O)(=O)C)NC(=O)Nc1ccccc1,0,0.064079,0.024582,0.005274
C[C@H]1CCCCO[C@@H](CN(C)C(=O)Nc2ccc3c(c2)OCO3)[C@@H](C)CN([C@H](C)CO)C(=O)c2cc(ccc2O1)NC(=O)c1ccccc1,0,0.002839,0.022909,0.003201
Cc1cccc(c1)S(=O)(=O)N1C[C@@H](O)COC[C@H]2O[C@@H](CC[C@@H]21)CC(=O)NCCCN1CCOCC1,0,0.152136,0.037315,0.012906
COc1cc(c(cc1S(=O)(=O)N(C)Cc1ccccc1)S(=O)(=O)N(C)Cc1ccccc1)OC,0,0.008703,0.222993,0.031525
COC(=O)[C@H](Cc1ccc(cc1)-n1cc(nn1)COc1ccccc1/C=C(C)/C=C/C(=O)NO)N(CC#C)[C@H](/C=C/C1CC1)[C@@H](O)Cc1ccccc1,0,0.063314,0.072928,0.024906
O=Cc1ccccc1OC1OC(CO)C(O)C(O)C1O,0,0.757958,0.029884,0.052621
COC(=O)c1ccc(c(c1)O)O,0,0.250221,0.194133,0.102995
C[C@@H]1CN([C@H](C)CO)C(=O)c2c(c3ccccc3n2C)-c2ccccc2CO[C@@H]1CN(C)CC1CCCCC1,0,0.294329,0.059199,0.020117
COc1ccc(cc1)S(=O)(=O)N(C)C[C@@H]1Oc2c(cccc2C(=O)N(C[C@@H]1C)[C@@H](C)CO)NC(=O)Nc1cccc2ccccc12,0,0.020265,0.024732,0.004558
OC[C@H]1O[C@@H](Oc2c3cccc(c3c(c3c(cc(cc23)CO)O)O)O)[C@H](O)[C@H](O)[C@H]1O,0,0.761958,0.288161,0.083829
C[C@H]1CN([C@H](C)CO)C(=O)c2cccc(c2O[C@H]1CN(C)S(=O)(=O)c1c(noc1C)C)NS(=O)(=O)c1cccs1,0,0.013394,0.024905,0.006241
NC1CCC(CC1)N1CCC2(CC1)CN(Cc1cc(cc(c1)F)F)C(=O)C2,0,0.584816,0.432019,0.538900
C[C@H]1CN([C@@H](C)CO)C(=O)c2cc(ccc2O[C@H]1CN(C)Cc1ccncc1)NS(=O)(=O)c1ccc(cc1)F,0,0.002575,0.025480,0.005535
C[C@H]1CCCCO[C@H](CN(C)C(=O)c2ccccc2)[C@@H](C)CN([C@H](C)CO)C(=O)c2cc(ccc2O1)NC(=O)Nc1ccc(cc1)F,0,0.012787,0.022520,0.005631
C[C@@H]1CN([C@H](C)CO)S(=O)(=O)c2ccc(cc2O[C@H]1CN(C)C(=O)C1CCCCC1)C#CC(C)(C)O,0,0.023945,0.145092,0.011493
COc1ccc(cc1)C#Cc1cnc2c(c1)C(=O)N(C[C@@H](C)[C@@H](CN(C)C(=O)CC1CC1)O2)[C@H](C)CO,0,0.019038,0.025952,0.005279
C[C@@H]1CCCCO[C@@H](CN(C)S(=O)(=O)c2ccc(cc2)F)[C@@H](C)CN([C@H](C)CO)C(=O)c2cc(ccc2O1)NC(=O)Nc1ccc(cc1)F,0,0.047255,0.026422,0.007055
C[C@@H]1CN([C@@H](C)CO)C(=O)c2cc(cnc2O[C@@H]1CN(C)C(=O)c1ccc2c(c1)OCO2)C#CCN(C)C,0,0.021871,0.023055,0.004269
C[C@@H]1CN([C@@H](C)CO)C(=O)c2cc(ccc2O[C@H]1CN(C)S(=O)(=O)c1ccc(cc1)Cl)NC(=O)Nc1cccc2ccccc12,0,0.029910,0.024798,0.005503
C[C@@H]1CN([C@H](C)CO)C(=O)c2cccc(c2O[C@H]1CN(C)Cc1ccncc1)NS(=O)(=O)c1ccc(cc1)F,0,0.006065,0.025046,0.004809
CO[C@H]1O[C@H](COC(=O)NCCCCCC(=O)NO)[C@@H](OC(=O)[C@H](CC=C)Cc2cccc(c2)Br)[C@H](OC(=O)[C@H](CC=C)Cc2ccccc2)[C@H]1OC(=O)OCC=C,0,0.000402,0.350463,0.111268
C[C@H]1CN([C@@H](C)CO)C(=O)c2cccc(c2O[C@H]1CN(C)Cc1ccncc1)NS(=O)(=O)c1cccs1,0,0.005714,0.025121,0.003657
COc1ccc(cc1)S(=O)(=O)Nc1ccc2c(c1)C(=O)N(C[C@@H](C)[C@H](CN(C)Cc1ccc(c(c1)Cl)Cl)OCCCC[C@@H](C)O2)[C@H](C)CO,0,0.008006,0.025030,0.004712
C[C@H]1CN([C@@H](C)CO)C(=O)c2cc(ccc2O[C@H]1CN(C)S(=O)(=O)c1c(noc1C)C)NC(=O)Nc1ccccc1,0,0.026178,0.024574,0.004509
C[C@@H]1CN([C@H](C)CO)C(=O)Cc2cc(ccc2O[C@H]1CN(C)C(=O)Nc1ccc2c(c1)OCO2)NC(=O)CCCN(C)C,0,0.019552,0.023079,0.004816
CSc1nc(cc(c1C#N)-c1cccs1)-c1ccccc1,0,0.139996,0.273763,0.158763
CC(C)NC(=O)Nc1ccc2c(c1)C(=O)N(C[C@@H](C)[C@H](CN(C)S(=O)(=O)c1ccc(cc1)F)O2)[C@@H](C)CO,0,0.052283,0.025184,0.007206
C[C@H]1CCCCO[C@H](CN(C)C(=O)c2ccccc2)[C@H](C)CN([C@@H](C)CO)C(=O)c2cc(ccc2O1)NS(=O)(=O)c1ccc(cc1)C,0,0.000295,0.024238,0.003690
C[C@@H]1CN([C@@H](C)CO)C(=O)c2cccc(c2O[C@@H]1CN(C)S(=O)(=O)C)NC(=O)c1nc2ccccc2s1,0,0.013843,0.024882,0.005270
C[C@@H]1CN([C@@H](C)CO)C(=O)c2cc(cnc2O[C@H]1CN(C)C(=O)CN1CCOCC1)C1=CCCCC1,0,0.001174,0.022759,0.008058
C[C@@H]1CCCCO[C@@H](CN(C)Cc2ccc(cc2)C(=O)O)[C@H](C)CN([C@H](C)CO)C(=O)c2cc(ccc2O1)NC(=O)Cc1ccccc1,0,0.030756,0.026123,0.009496
C[C@@H](O)C#Cc1cnc2c(c1)C(=O)N(C[C@H](C)[C@@H](CN(C)C(=O)Nc1ccc(cc1)C(F)(F)F)O2)[C@@H](C)CO,0,0.810161,0.283735,0.232840
C[C@H]1CN([C@H](C)CO)C(=O)CCCn2nncc2CO[C@H]1CN(C)C(=O)Nc1ccc2c(c1)OCCO2,0,0.027615,0.030875,0.006014
C[C@@H]1CCCCO[C@H](CN(C)S(=O)(=O)c2ccc(cc2)F)[C@@H](C)CN([C@@H](C)CO)C(=O)c2cc(ccc2O1)NC(=O)Nc1ccc(cc1)F,0,0.047255,0.026422,0.007055
C[C@@H]1CN([C@@H](C)CO)C(=O)Cc2cc(ccc2O[C@@H]1CN(C)S(=O)(=O)c1ccc(cc1)F)NS(=O)(=O)c1cn(cn1)C,0,0.035539,0.024391,0.004888
C[C@H]1CN([C@H](C)CO)S(=O)(=O)c2ccc(cc2O[C@@H]1CN(C)C(=O)c1ccccn1)C#Cc1ccccc1,0,0.012421,0.027838,0.004583
C[C@@H]1CCCCO[C@@H](CN(C)S(=O)(=O)c2ccc(cc2)C)[C@H](C)CN([C@@H](C)CO)C(=O)c2cc(ccc2O1)NC(=O)Nc1ccc(cc1)F,0,0.021229,0.024276,0.004512
C[C@H]1CN([C@@H](C)CO)C(=O)c2cccc(c2O[C@@H]1CN(C)Cc1ccc(cc1)C(=O)Nc1ccccc1N)NC(=O)c1nc2ccccc2s1,0,0.003599,0.026980,0.005683
O[C@@H]1COC[C@H]2O[C@H](CC[C@@H]2N(C1)S(=O)(=O)c1ccc(cc1)Oc1ccccc1)CC(=O)NC1CCC1,0,0.044151,0.066945,0.029071
COC(=O)[C@H](Cc1ccccc1)N1CC2=C[C@@H](C3CC3)N3N([C@H]2[C@@H]1[C@@H](O)CCn1cc(nn1)-c1cccc(c1)/C=C/C(=O)NO)C(=O)N(C)C3=O,0,0.874223,0.101905,0.042010
Cc1c(C)c2c(c(C)c1O)CCC(C)(CCCC(C)CCCC(C)CCCC(C)C)O2,0,0.888160,0.535089,0.455015
OC[C@H]1[C@@H]2CN3C(=O)C=CC=C3[C@H]([C@@H]1C(=O)NCCN1CCCC1)N2C(=O)NC1CCCC1,0,0.120980,0.070632,0.043435
O[C@H]1COC[C@@H]2O[C@H](CC[C@H]2N(C1)S(=O)(=O)c1ccccc1)CC(=O)N1CCc2ccccc2C1,0,0.031655,0.054257,0.015151
Cc1nnc(o1)[C@H]1CCCNC1,0,0.188062,0.030421,0.011330
COc1ccc(cc1)NC(=O)N(C)C[C@@H]1OCCCC[C@H](C)Oc2ccc(cc2C(=O)N(C[C@@H]1C)[C@@H](C)CO)NC(=O)C1CCCCC1,0,0.009367,0.023482,0.003912
CC(C)NC(=O)Nc1ccc2c(c1)CC(=O)N(C[C@@H](C)[C@H](CN(C)S(=O)(=O)c1ccc(cc1)F)O2)[C@@H](C)CO,0,0.028504,0.029608,0.008638
C[C@@H]1CCCCO[C@@H](CN(C)C(=O)Nc2ccc3c(c2)OCO3)[C@H](C)CN([C@@H](C)CO)C(=O)c2cc(ccc2O1)NS(=O)(=O)c1ccc(cc1)C,0,0.001162,0.024245,0.003542
Cl.Nc1ccc(N=Nc2ccccc2)c(N)n1,0,0.000151,0.329999,0.150665
COCC(=O)Nc1ccc2c(c1)C(=O)N(C)C[C@H](OC)[C@H](C)CN([C@H](C)CO2)C(=O)c1ccccc1F,0,0.061115,0.026388,0.017727
CC(C)NC(=O)Nc1ccc2c(c1)C(=O)N(C[C@@H](C)[C@H](CN(C)C(=O)Nc1ccc(cc1)C(F)(F)F)OCCCC[C@H](C)O2)[C@@H](C)CO,0,0.489831,0.126678,0.064261
COc1ccc(cc1)S(=O)(=O)Nc1ccc2c(c1)CC(=O)N(C[C@H](C)[C@H](CN(C)Cc1ccncc1)O2)[C@@H](C)CO,0,0.000495,0.024331,0.003604
COc1ccc(cc1)CN(C)C[C@@H]1Oc2ccc(cc2CC(=O)N(C[C@@H]1C)[C@@H](C)CO)NC(=O)C1CC1,0,0.030153,0.035676,0.018812
CCCC(=O)Nc1ccc2c(c1)C(=O)N(C)C[C@H](OC)[C@@H](C)CN(Cc1ccc(cc1)-c1ccccn1)[C@@H](C)CO2,0,0.009199,0.040171,0.014508
CCCN(C)C[C@H]1OCCCC[C@@H](C)Oc2ccc(cc2C(=O)N(C[C@H]1C)[C@H](C)CO)NC(=O)C1CCCCC1,0,0.032964,0.033462,0.015590
C[C@@H]1CN([C@@H](C)CO)C(=O)c2cc(ccc2O[C@H]1CN(C)Cc1ccc(c(c1)Cl)Cl)NC(=O)Cc1ccccc1,0,0.049101,0.033195,0.014350
C[C@@H]1CCCCO[C@H](CN(C)C(=O)Nc2cccc3ccccc23)[C@@H](C)CN([C@H](C)CO)C(=O)c2cc(ccc2O1)NS(=O)(=O)c1ccccc1,0,0.000902,0.024254,0.003034
C[C@@H]1CCCCO[C@@H](CN(C)CC2CCCCC2)[C@@H](C)CN([C@@H](C)CO)C(=O)c2cc(ccc2O1)NC(=O)CCC(F)(F)F,0,0.262598,0.205706,0.113252
COc1cc2c(cc1OC)CN(CCc1ccc(cc1)-n1nnc(n1)-c1cc(c(cc1NC(=O)C1=CC(=O)c3ccccc3O1)OC)OC)CC2,0,0.320308,0.076291,0.033036
C[C@H]1CCCCO[C@H](CN(C)S(=O)(=O)C)[C@@H](C)CN([C@H](C)CO)C(=O)c2cc(ccc2O1)NS(=O)(=O)c1ccccc1,0,0.000784,0.024286,0.004584
C[C@H]1CCCCO[C@@H](CN(C)S(=O)(=O)c2cccs2)[C@@H](C)CN([C@H](C)CO)C(=O)c2cc(ccc2O1)NC(=O)Nc1ccccc1,0,0.003061,0.024288,0.003564
CNC1C(O)C(OC2C(N)CC(N)C(OC3OC(C(C)O)C(O)C(O)C3N)C2O)OCC1(C)O,1,0.960619,0.755610,0.780824
C[C@@H]1CCCCO[C@@H](CN(C)Cc2ccc(cc2)C(=O)O)[C@H](C)CN([C@@H](C)CO)C(=O)c2cc(ccc2O1)NS(=O)(=O)c1ccccc1,0,0.009449,0.028304,0.004986
C[C@H]1CN([C@@H](C)CO)C(=O)c2cccc(c2O[C@@H]1CN(C)Cc1ccc2c(c1)OCO2)NC(=O)c1ccc(cc1)-c1nccs1,0,0.002816,0.028612,0.003714
OCC(CO)(CO)NC=C1C(=O)c2ccccc2C1=O,0,0.984433,0.096648,0.196428
C[C@H]1CN([C@H](C)CO)C(=O)CCCn2cc(nn2)CO[C@@H]1CN(C)S(=O)(=O)c1ccc(nc1)Oc1ccccc1,0,0.002789,0.024999,0.004341
COc1ccc(cn1)N,0,0.033235,0.045413,0.028619
C[C@@H]1CN([C@@H](C)CO)C(=O)Cc2cc(ccc2O[C@H]1CN(C)C(=O)Nc1ccc2c(c1)OCO2)NS(=O)(=O)C,0,0.006622,0.024153,0.004413
COc1ccccc1S(=O)(=O)N(C)C[C@H]1Oc2cc(ccc2S(=O)(=O)N(C[C@H]1C)[C@@H](C)CO)Br,0,0.093314,0.029724,0.007506
COc1ccc2c3c([nH]c2c1)[C@H](CO)N(C[C@]13CCN(CC1)CC1CCCC1)C(=O)Nc1cccc(c1)F,0,0.859329,0.701244,0.645464
CNC(=NCc1ccc(cc1)OC)NC,0,0.005348,0.207401,0.094603
CC(C)CC#Cc1cnc2c(c1)C(=O)N(C[C@H](C)[C@H](CN(C)S(=O)(=O)c1ccccc1)O2)[C@H](C)CO,0,0.013901,0.029113,0.004085
CCOc1ccc(S(=O)(=O)[O-])c2cccnc12.[Na+],0,0.957177,0.192541,0.259906
CC(C)(C)c1ccc(C(O)CCCN2CCC(C(O)(c3ccccc3)c3ccccc3)CC2)cc1,0,0.981814,0.444417,0.428174
ONC(=O)c1ccc(cc1)C(=O)N/N=C/c1ccc(cc1)[B](O)O,0,0.956966,0.161752,0.150970
CCc1nc2ccc(cn2c1N(C)Cc1ccc(cc1)Cl)C(=O)Nc1cc(ccc1OC)-c1ccccc1,0,0.427852,0.579944,0.430684
C[C@H]1CN([C@H](C)CO)C(=O)Cc2cc(ccc2O[C@@H]1CN(C)Cc1ccc(cc1)C(=O)Nc1ccccc1N)NC(=O)CCC(F)(F)F,0,0.037093,0.021513,0.006525
C[C@@H]1CCCCO[C@@H](CN(C)C(=O)Cc2ccccc2)[C@@H](C)CN([C@H](C)CO)C(=O)c2cc(ccc2O1)NC(=O)NC1CCCCC1,0,0.003344,0.023304,0.005574
C[C@@H]1CCCCO[C@@H](CN(C)Cc2ccc3c(c2)OCO3)[C@@H](C)CN([C@H](C)CO)C(=O)c2cc(ccc2O1)NS(=O)(=O)c1cccs1,0,0.001604,0.024708,0.003443
CN(C)CCCN1c2ccccc2Sc2ccccc21.Cl,0,0.991025,0.581619,0.379642
CS(=O)(=O)NCc1nnnn1-c1ccc(c(c1)F)F,0,0.360071,0.081035,0.030528
COc1ccc(cc1)CN(C)C[C@@H]1OCCCC[C@H](C)Oc2ccc(cc2C(=O)N(C[C@H]1C)[C@H](C)CO)NC(=O)NC1CCCCC1,0,0.027774,0.032055,0.007566
CO[C@@H]1CN(C)C(=O)c2ccc(cc2OC[C@@H](C)N(C[C@@H]1C)C(=O)CN(C)C)NS(=O)(=O)C,0,0.037419,0.155227,0.008515
C[C@H]1CCCCO[C@@H](CN(C)Cc2ccc(cc2)C(=O)O)[C@H](C)CN([C@@H](C)CO)C(=O)c2cc(ccc2O1)NC(=O)c1ccccc1,0,0.014119,0.025651,0.005982
C[C@@H]1CCCCO[C@@H](CN(C)Cc2ccc(c(c2)Cl)Cl)[C@H](C)CN([C@H](C)CO)C(=O)c2cc(ccc2O1)NS(=O)(=O)c1ccc(cc1)C,0,0.006186,0.024639,0.004524
COC(=O)CSC1=NC(=O)C(=NN1)C,0,0.128226,0.044951,0.025287
C[C@H]1CCCCO[C@H](CN(C)S(=O)(=O)c2cccs2)[C@H](C)CN([C@H](C)CO)C(=O)c2cc(ccc2O1)NC(=O)Nc1ccc(cc1)F,0,0.010621,0.024790,0.005282
C[C@@H]1CN([C@H](C)CO)C(=O)c2cc(cnc2O[C@@H]1CN(C)C(=O)Cc1ccccc1)C#CC1(O)CCCC1,0,0.010521,0.023951,0.011136
CN(C)C(=O)C[C@H]1O[C@H](CO)[C@@H](NC(=O)C2CCOCC2)C=C1,0,0.024584,0.023190,0.013453
C[C@H]1CN([C@H](C)CO)C(=O)Cc2cc(ccc2O[C@@H]1CN(C)Cc1ccc(cc1)Oc1ccccc1)NC(=O)Nc1ccc(cc1)F,0,0.026505,0.028344,0.013578
CN(C)CC(=O)N1CCOC[C@@H]1c1nccc(n1)N1CCOCC1,0,0.160466,0.034842,0.017014
C[C@H]1CCCCO[C@H](CN(C)C(=O)Nc2cccc3ccccc23)[C@@H](C)CN([C@H](C)CO)C(=O)c2cc(ccc2O1)NC(=O)C1CCCCC1,0,0.008460,0.024299,0.005258
COc1ccc(cc1)S(=O)(=O)Nc1ccc2c(c1)C(=O)N(C[C@H](C)[C@H](CN(C)C(=O)Nc1c(noc1C)C)OCCCC[C@@H](C)O2)[C@H](C)CO,0,0.002637,0.024328,0.004326
C[C@@H]1CN([C@@H](C)CO)C(=O)c2ccccc2-c2ccccc2CO[C@H]1CN(C)S(=O)(=O)c1cn(cn1)C,0,0.020262,0.025270,0.007734
C[C@@H]1CCCCO[C@H](CN(C)C(=O)Nc2c(noc2C)C)[C@@H](C)CN([C@@H](C)CO)C(=O)c2cc(ccc2O1)NS(=O)(=O)c1ccc(cc1)C,0,0.003240,0.025253,0.004472
C[C@H]1CCCCO[C@@H](CN(C)Cc2ccc3c(c2)OCO3)[C@@H](C)CN([C@@H](C)CO)C(=O)c2cc(ccc2O1)NC(=O)Nc1ccc(cc1)F,0,0.045393,0.030577,0.010398
OC[C@@H](O)[C@@H](O)[C@H](O)[C@H](O)/C=N/NC(=O)c1ccc(cc1)C(=O)NO,0,0.010843,0.076396,0.040028
Nc1ncc2[nH]cnc2n1,0,0.228976,0.065521,0.023171
COc1ccc(cc1)C#Cc1ccc2c(c1)[C@@]1([C@@H]([C@@H]3N([C@H]([C@H](OC3=O)c3ccccc3)c3ccccc3)[C@@H]1c1ccc(cc1)O)C(=O)O)C(=O)N2,0,0.875264,0.565136,0.432051
C[C@H]1CN([C@@H](C)CO)C(=O)Cc2cc(ccc2O[C@H]1CN(C)Cc1ccc(cc1)-c1ccccc1)NC(=O)CCCCCC(=O)Nc1ccccc1N,0,0.017515,0.031567,0.006605
COc1ccc(cc1)C#Cc1ccc2c(c1)O[C@H](CN(C)C(=O)C)[C@H](C)CN([C@@H](C)CO)S2(=O)=O,0,0.033800,0.031502,0.009832
C[C@@H]1CN([C@@H](C)CO)C(=O)Cc2cc(ccc2O[C@H]1CN(C)Cc1ccc(cc1)C(F)(F)F)NC(=O)Nc1ccc(cc1)C(F)(F)F,0,0.757834,0.047251,0.018113
OC[C@@H]1O[C@H](C[C@@H]2[C@H]1Oc1ccc(cc12)NC(=O)C1CCOCC1)CC(=O)NCc1ccc(cc1)Cl,0,0.165811,0.115613,0.113457
Cl.Cl.OCCN1CCN(CCCN2c3ccccc3Sc3ccc(C(F)(F)F)cc32)CC1,0,0.997372,0.680489,0.527027
C[C@H]1CCCCO[C@H](CN(C)Cc2ccc3c(c2)OCO3)[C@H](C)CN([C@@H](C)CO)C(=O)c2cc(ccc2O1)NS(=O)(=O)c1ccc(cc1)F,0,0.002381,0.024672,0.005213
O=C(OOC(=O)c1ccccc1)c1ccccc1,0,0.812895,0.372853,0.114995
CC(C)CC#Cc1ccc2c(c1)O[C@@H](CN(C)S(=O)(=O)c1ccc(cc1)F)[C@@H](C)CN([C@H](C)CO)S2(=O)=O,0,0.039163,0.036306,0.010989
Cc1cccc(c1)S(=O)(=O)N1C[C@H](O)COC[C@H]2O[C@@H](CC[C@@H]21)CC(=O)NCc1ccncn1,0,0.091295,0.027574,0.012670
O[C@@H](COc1cccc2ncccc12)CN1CCN(CC1)[C@H]1c2ccccc2[C@H]2[C@@H](c3ccccc31)C2(F)F,0,0.125976,0.168990,0.107712
C[C@@H]1CN([C@@H](C)CO)C(=O)c2cc(cnc2O[C@@H]1CN(C)C(=O)CN1CCOCC1)/C=C/c1ccccc1,0,0.003820,0.023238,0.006292
COc1ccc(cc1)NC(=O)N(C)C[C@H]1Oc2ccc(cc2CC(=O)N(C[C@@H]1C)[C@H](C)CO)NC(=O)C1CC1,0,0.024647,0.030935,0.007590
C[C@H]1CN([C@@H](C)CO)C(=O)c2cccc(c2O[C@H]1CN(C)Cc1ccncc1)NS(=O)(=O)c1c(noc1C)C,0,0.003092,0.025086,0.004043
OCc1ccc2c(c1)OCCO2,0,0.095344,0.134662,0.091413
COc1ccc2c3c(n(c2c1)C)[C@@H](CO)N(C[C@]13CN(CC2CCOCC2)C1)C(=O)c1ccc(cc1)F,0,0.422329,0.242533,0.129383
C[C@@H]1CCCCO[C@@H](CN(C)CC2CCCCC2)[C@@H](C)CN([C@@H](C)CO)C(=O)c2cc(ccc2O1)NC(=O)Cc1ccccc1,0,0.023339,0.024868,0.009403
C[C@@H]1CN([C@H](C)CO)C(=O)Cc2cc(ccc2O[C@@H]1CN(C)C(=O)Nc1ccc2c(c1)OCO2)NC(=O)c1ccncc1,0,0.003907,0.024723,0.004223
CC(CCC(=O)O)C1CCC2C3CCC4CC(O)CCC4(C)C3CC(O)C12C,0,0.319541,0.334250,0.189215
C[C@H]1CN([C@H](C)CO)C(=O)Cc2cc(ccc2O[C@H]1CN(C)C(=O)Nc1ccc(cc1)C(F)(F)F)NC(=O)Nc1ccc(cc1)F,0,0.765755,0.066720,0.072427
C[C@H]1CCCCO[C@@H](CN(C)Cc2ccc(cc2)C(=O)O)[C@@H](C)CN([C@H](C)CO)C(=O)c2cc(ccc2O1)NC(=O)Nc1ccc2c(c1)OCO2,0,0.044219,0.024880,0.004849
COc1cccc(c1)C#Cc1ccc2c(c1)O[C@@H](CN(C)S(=O)(=O)c1ccccc1F)[C@H](C)CN([C@H](C)CO)S2(=O)=O,0,0.063602,0.035116,0.005813
C[C@H]1CN([C@@H](C)CO)C(=O)c2cccc(c2O[C@H]1CN(C)C(=O)Nc1cccc2ccccc12)NC(=O)NC1CCCCC1,0,0.041375,0.025239,0.010266
C[C@@H]1CN([C@@H](C)CO)C(=O)Cc2cc(ccc2O[C@@H]1CN(C)C(=O)Nc1cccc2ccccc12)NC(=O)CCCCCC(=O)Nc1ccccc1N,0,0.007237,0.026680,0.004218
C[C@H]1CCCCO[C@H](CN(C)Cc2ccncc2)[C@H](C)CN([C@@H](C)CO)C(=O)c2cc(ccc2O1)NC(=O)Cc1ccccc1,0,0.003651,0.023688,0.003572
OC[C@@H]1O[C@H](CCNC(=O)CN2CCOCC2)CC[C@H]1NS(=O)(=O)c1ccc(cc1)Cl,0,0.025882,0.035367,0.024029
C[C@H]1CN([C@@H](C)CO)C(=O)Cc2cc(ccc2O[C@@H]1CN(C)S(=O)(=O)c1c(noc1C)C)NS(=O)(=O)c1cccs1,0,0.002845,0.024281,0.004826
C[C@@H]1CN([C@@H](C)CO)C(=O)CCCn2nncc2CO[C@H]1CN(C)C(=O)c1cc(on1)-c1ccccc1,0,0.020779,0.023274,0.005524
COc1ccc(cc1)NC(=O)N(C)C[C@@H]1Oc2c(cccc2C(=O)N(C[C@@H]1C)[C@@H](C)CO)NS(=O)(=O)c1cn(cn1)C,0,0.083475,0.023793,0.003814
O=C(c1ccccc1)C12CN3CN(CN(C3)C2)C1,0,0.936489,0.274433,0.139067
C[C@@H]1CN([C@@H](C)CO)C(=O)c2cccc(c2O[C@@H]1CN(C)S(=O)(=O)c1c(noc1C)C)NS(=O)(=O)C,0,0.038040,0.024525,0.006428
CS(=O)(=O)N1CCOC[C@]2(CN(CCO2)c2ncccn2)C1,0,0.015409,0.139594,0.012183
C[C@@H]1CN([C@H](C)CO)C(=O)Cc2cc(ccc2O[C@H]1CN(C)C(=O)Nc1c(noc1C)C)NC(=O)Nc1cccc2ccccc12,0,0.024383,0.024991,0.005831
COc1ccccc1-c1cnc2c(c1)C(=O)N(C[C@@H](C)[C@@H](CN(C)C(=O)c1ccncc1)O2)[C@@H](C)CO,0,0.003925,0.023019,0.003903
Cc1cc(cc(n1)Cl)C(F)(F)F,0,0.825084,0.286021,0.096335
C[C@@H]1CN([C@@H](C)CO)C(=O)c2cccc(c2O[C@H]1CN(C)S(=O)(=O)c1ccc(cc1)C)NC(=O)Nc1cccc2ccccc12,0,0.021822,0.024810,0.005132
C[C@@H]1CN([C@H](C)CO)C(=O)c2cccc(c2O[C@@H]1CN(C)C(=O)Nc1ccc(cc1)C(F)(F)F)NS(=O)(=O)c1ccc(cc1)C,0,0.291231,0.073591,0.056291
OCC(Br)(Br)Br,0,0.147928,0.378916,0.345316
C[C@H]1CCCCO[C@H](CN(C)C(=O)c2ccccc2)[C@H](C)CN([C@H](C)CO)C(=O)c2cc(ccc2O1)NC(=O)Nc1cccc2ccccc12,0,0.002468,0.023242,0.003247
C[C@H]1CN([C@@H](C)CO)C(=O)c2cccc(c2O[C@@H]1CN(C)Cc1ccc2c(c1)OCO2)NC(=O)c1cnccn1,0,0.016550,0.031064,0.008666
C[C@@H]1CCCCO[C@H](CN(C)S(=O)(=O)c2ccc(cc2)F)[C@@H](C)CN([C@@H](C)CO)C(=O)c2cc(ccc2O1)NC(=O)Nc1cccc2ccccc12,0,0.006797,0.026204,0.004753
C[C@H]1CN([C@H](C)CO)C(=O)c2cc(ccc2O[C@@H]1CN(C)Cc1ccc(cc1)Oc1ccccc1)NC(=O)CCC(F)(F)F,0,0.044639,0.033865,0.027411
CC1COc2c(N3CCN(C)CC3)c(F)cc3c(=O)c(C(=O)O)cn1c23,1,0.947267,0.894930,0.949982
CC(C)NC(=O)N(C)C[C@H]1Oc2cc(ccc2S(=O)(=O)N(C[C@@H]1C)[C@H](C)CO)C#Cc1ccccn1,0,0.056634,0.032231,0.007521
C[C@H]1CN([C@H](C)CO)C(=O)c2cccc(c2O[C@@H]1CN(C)Cc1ccc(c(c1)Cl)Cl)NC(=O)c1ccc(cc1)-c1nccs1,0,0.052144,0.034134,0.007167
C[C@@H]1CN([C@@H](C)CO)C(=O)c2cccc(c2O[C@H]1CN(C)CC1CCCCC1)NC(=O)c1ccc(cc1)-c1nccs1,0,0.026990,0.036367,0.007980
C[C@H]1CCCCO[C@H](CN(C)C(=O)CCC(F)(F)F)[C@@H](C)CN([C@H](C)CO)C(=O)c2cc(ccc2O1)NC(=O)NC1CCCCC1,0,0.057748,0.122328,0.044795
COc1cccc(c1)-c1cn(nn1)CC[C@H]1CC[C@H](NC(=O)CN(C)C)[C@H](CO)O1,0,0.760574,0.041181,0.016264
COc1ccc(-c2cc(=O)c3c(O)cc(OC)c(OC)c3o2)c(OC)c1,0,0.492034,0.091242,0.073110
CCCNC(=O)N1C[C@]2(CCN(CC2)C(=O)Cc2cccnc2)c2c([nH]c3cc(ccc23)OC)[C@@H]1CO,0,0.152615,0.253486,0.101394
C[C@@H]1CN([C@H](C)CO)C(=O)c2cc(ccc2O[C@@H]1CN(C)Cc1ccc(cc1)Oc1ccccc1)NC(=O)CCCCCC(=O)Nc1ccccc1N,0,0.001982,0.026296,0.005623
CCCCCCCCCCCCCCCCCC(=O)OC[C@@H](COP(=O)(O)OCC[N+](C)(C)C)OC(=O)CCCCCCCCCCCCCCCCC,0,0.003091,0.356958,0.138503
CCCNC(=O)Nc1ccc2c(c1)C(=O)N(C)C[C@@H](OC)[C@@H](C)CN(Cc1ccc(cc1)-c1ccccn1)[C@H](C)CO2,0,0.036605,0.035333,0.008599
CCN(CC)CC(=O)Nc1c(C)cccc1C.Cl,0,0.939778,0.245459,0.133268
C[C@@H]1CCCCO[C@@H](CN(C)Cc2ccc(c(c2)Cl)Cl)[C@H](C)CN([C@@H](C)CO)C(=O)c2cc(ccc2O1)NS(=O)(=O)c1ccc(cc1)Cl,0,0.031592,0.025870,0.006249
C[C@@H]1CCCCO[C@H](CN(C)Cc2ccccc2)[C@H](C)CN([C@@H](C)CO)C(=O)c2cc(ccc2O1)NC(=O)CCC(F)(F)F,0,0.083807,0.031478,0.025437
CN1[C@H]2CC[C@@H](CC(=O)N3CCOCC3)O[C@H]2COc2ccc(cc2C1=O)NC(=O)c1ccc(c(c1)F)F,0,0.021509,0.169892,0.100794
CCS(=O)(=O)Nc1ccc2c(c1)C(=O)N(C)[C@H]1CC[C@H](CC(=O)NCCOC)O[C@@H]1CO2,0,0.004265,0.023859,0.006627
C[C@@H]1CN([C@H](C)CO)C(=O)Cc2cc(ccc2O[C@@H]1CN(C)Cc1ccc(c(c1)Cl)Cl)NS(=O)(=O)c1ccc(cc1)Cl,0,0.023112,0.031468,0.006454
Cc1ccc(cc1)CN(CCO)CCO,0,0.024046,0.321443,0.170666
C[C@@H]1CCCCO[C@@H](CN(C)S(=O)(=O)C)[C@@H](C)CN([C@@H](C)CO)C(=O)c2cc(ccc2O1)NS(=O)(=O)c1ccccc1,0,0.000784,0.024286,0.004584
C[C@H]1CCCCO[C@@H](CN(C)C(=O)C2CCCCC2)[C@H](C)CN([C@@H](C)CO)C(=O)c2cc(ccc2O1)NC(=O)Nc1cccc2ccccc12,0,0.006617,0.023854,0.005365
C[As](C)SC[C@H](NC(=O)CC[C@H](N)C(=O)O)C(=O)NCC(=O)O,0,0.907607,0.262784,0.279693
OCCC[C@@H](O)c1ccc(cc1)OCCO,0,0.030136,0.184122,0.152953
COc1ccc(cc1)S(=O)(=O)N(C)C[C@H]1OCCCC[C@@H](C)Oc2ccc(cc2C(=O)N(C[C@H]1C)[C@@H](C)CO)NS(=O)(=O)C,0,0.004211,0.024351,0.005513
COc1ccc(cc1)NC(=O)N(C)C[C@@H]1OCCCC[C@@H](C)Oc2ccc(cc2C(=O)N(C[C@H]1C)[C@@H](C)CO)NC(=O)c1ccccc1,0,0.004376,0.023234,0.003723
CCCC(=O)Nc1ccc(OCC(O)CNC(C)C)c(C(C)=O)c1.Cl,0,0.467850,0.216598,0.238325
C[C@@H]1CN([C@@H](C)CO)S(=O)(=O)c2ccc(cc2O[C@@H]1CN(C)C(=O)Cc1ccccn1)C#Cc1ccccc1,0,0.014976,0.031667,0.006498
CCCCCCc1nc(cc2c1[Si](O[C@H]2c1ccccc1)(C(C)C)C(C)C)-c1cc(c(c(c1)C)OC)C,0,0.995168,0.883460,0.914015
C[C@H]1CN([C@H](C)CO)C(=O)Cc2cc(ccc2O[C@H]1CN(C)C(=O)Nc1ccccc1)NC(=O)Nc1cccc2ccccc12,0,0.019755,0.023902,0.007166
CC(C)NC(=O)N(C)C[C@H]1OCCCC[C@H](C)Oc2ccc(cc2C(=O)N(C[C@H]1C)[C@@H](C)CO)NC(=O)Nc1cccc2ccccc12,0,0.016316,0.024231,0.005984
Cc1nnc(NS(=O)(=O)c2ccc(N)cc2)s1,0,0.172000,0.060831,0.018730
CCCC#Cc1ccc2c(c1)O[C@@H](CN(C)Cc1ccc3c(c1)OCO3)[C@@H](C)CN([C@@H](C)CO)S2(=O)=O,0,0.033178,0.045208,0.006416
C[C@@H]1CN([C@H](C)CO)C(=O)Cc2cc(ccc2O[C@@H]1CN(C)Cc1ccc2c(c1)OCO2)NS(=O)(=O)c1c(noc1C)C,0,0.000827,0.024408,0.004387
C[C@H]1CN([C@H](C)CO)C(=O)Cc2cc(ccc2O[C@H]1CN(C)S(=O)(=O)c1c(noc1C)C)NC(=O)Nc1c(noc1C)C,0,0.015533,0.030475,0.007638
COc1ccc(cc1)NC(=O)Nc1ccc2c(c1)C(=O)N(C[C@H](C)[C@H](CN(C)C(=O)NC(C)C)OCCCC[C@@H](C)O2)[C@H](C)CO,0,0.018215,0.025270,0.004711
C[C@H]1CN([C@H](C)CO)C(=O)CCCn2nncc2CO[C@H]1CN(C)C(=O)Nc1ccc(cc1)C(C)(C)C,0,0.227440,0.047158,0.024754
C[C@H]1CN([C@H](C)CO)C(=O)c2cccc(c2O[C@H]1CN(C)C(=O)Nc1c(noc1C)C)NC(=O)Nc1ccc(cc1)C(F)(F)F,0,0.853060,0.851317,0.871941
COCC(=O)N(C)C[C@H]1Oc2cc(ccc2S(=O)(=O)N(C[C@@H]1C)[C@@H](C)CO)-c1ccc(cc1)C#N,0,0.004705,0.026379,0.006419
OC[C@@H]1O[C@@H](CC[C@H]1NC(=O)c1ccccn1)CC(=O)N1CCOCC1,0,0.003859,0.022729,0.009703
C[C@H]1CN([C@H](C)CO)C(=O)c2cc(ccc2O[C@@H]1CN(C)Cc1ccc(cc1)Oc1ccccc1)NC(=O)Nc1ccccc1,0,0.010084,0.023714,0.012059
C[C@H]1CN([C@H](C)CO)C(=O)Cc2cc(ccc2O[C@@H]1CN(C)S(=O)(=O)c1cn(cn1)C)NS(=O)(=O)c1cccs1,0,0.002850,0.024469,0.004113
C[C@@H]1CCCCO[C@@H](CN(C)C(=O)c2ccccc2)[C@@H](C)CN([C@@H](C)CO)C(=O)c2cc(ccc2O1)NC(=O)Nc1ccccc1,0,0.004150,0.023133,0.004289
C[C@@H]1CCCCO[C@H](CN(C)S(=O)(=O)c2ccc(cc2)F)[C@H](C)CN([C@H](C)CO)C(=O)c2cc(ccc2O1)NC(=O)Nc1c(noc1C)C,0,0.017826,0.025877,0.005805
C[C@@H]1CN([C@H](C)CO)C(=O)c2cccc(c2O[C@H]1CN(C)S(=O)(=O)c1cn(cn1)C)NC(=O)c1cc(nn1C)C,0,0.017273,0.024265,0.004503
C[C@@H]1CCCCO[C@H](CN(C)C(=O)C2CCCCC2)[C@@H](C)CN([C@@H](C)CO)C(=O)c2cc(ccc2O1)NC(=O)Nc1cccc2ccccc12,0,0.006617,0.023854,0.005365
COc1cc2ccccc2cc1C(=O)OCC(=O)N(CC(C)C)C1=C(N)N(Cc2ccccc2)C(=O)NC1=O,0,0.358285,0.208914,0.159080
C[C@@H]1CN([C@@H](C)CO)C(=O)c2cccc(c2O[C@@H]1CN(C)Cc1ccc2c(c1)OCO2)NS(=O)(=O)c1c(noc1C)C,0,0.001218,0.025176,0.004121
C[C@@H]1CCCCO[C@H](CN(C)C(=O)Cc2ccccc2)[C@@H](C)CN([C@@H](C)CO)C(=O)c2cc(ccc2O1)NC(=O)Cc1ccccc1,0,0.001142,0.022882,0.004481
CCCNC(=O)N(C)C[C@H]1Oc2cc(ccc2S(=O)(=O)N(C[C@H]1C)[C@H](C)CO)-c1ccc(cc1)C,0,0.054937,0.027607,0.007035
C[C@@H]1CN([C@H](C)CO)C(=O)c2cc(ccc2O[C@@H]1CN(C)C(=O)Nc1cccc2ccccc12)NC(=O)C1CCCCC1,0,0.015287,0.028395,0.010613
C[C@@H]1CN([C@H](C)CO)C(=O)c2cc(ccc2O[C@@H]1CN(C)Cc1ccc(cc1)Oc1ccccc1)NC(=O)Nc1ccccc1,0,0.010084,0.023714,0.012059
CNC(=O)C[C@H]1CC[C@@H]2[C@H](COc3ccc(cc3C(=O)N2C)NC(=O)c2ccc(cc2)C(F)(F)F)O1,0,0.240091,0.200178,0.223648
C[C@@H]1CCCCO[C@@H](CN(C)CC2CC2)[C@@H](C)CN([C@H](C)CO)C(=O)c2cc(ccc2O1)NC(=O)CCC(F)(F)F,0,0.271638,0.225095,0.119064
OC[C@H]1O[C@H](CC[C@@H]1NC(=O)CN1CCOCC1)CCn1cc(nn1)C1CC1,0,0.481825,0.023619,0.013884
CO[C@@H]1CN(C)C(=O)c2ccc(cc2OC[C@@H](C)N(CC2CCOCC2)C[C@H]1C)NC(=O)C1CCOCC1,0,0.086084,0.042384,0.015997
C[C@H]1CN([C@H](C)CO)S(=O)(=O)c2ccc(cc2O[C@@H]1CN(C)C(=O)c1ccccn1)C#Cc1ccc(cc1)F,0,0.037567,0.029559,0.004626
C[C@@H]1CN([C@@H](C)CO)C(=O)c2cccc(c2O[C@H]1CN(C)Cc1ccc(cc1)C(F)(F)F)NC(=O)C1CCCCC1,0,0.228558,0.091130,0.084207
O=C(CCNC1=NNC(=O)NC1=O)NCc1ccco1,0,0.332163,0.331947,0.233654
CC(=O)NCc1nccc(n1)N1CCCC1,0,0.066914,0.026286,0.021182
C[C@H]1CN([C@@H](C)CO)C(=O)c2cccc(c2O[C@@H]1CN(C)S(=O)(=O)c1ccc(cc1)Cl)NC(=O)C1CCOCC1,0,0.045679,0.024648,0.006462
C[C@@H]1CN([C@@H](C)CO)C(=O)c2cc(ccc2O[C@@H]1CN(C)Cc1ccc(c(c1)Cl)Cl)NC(=O)C1CCCCC1,0,0.101307,0.038480,0.019107
NC[C@@H]1CCCN2CCCC[C@H]12,0,0.609808,0.092326,0.053579
CC(C)NC(=O)Nc1ccc2c(c1)C(=O)N(C[C@@H](C)[C@H](CN(C)S(=O)(=O)c1ccc(cc1)C)O2)[C@@H](C)CO,0,0.023444,0.024748,0.005177
CN1CCN(CC1)[C@@H](CN)c1ccc2c(c1)OCO2,0,0.813340,0.205138,0.113642
C[C@H]1CN([C@H](C)CO)S(=O)(=O)c2ccc(cc2O[C@@H]1CN(C)CC1CCOCC1)-c1cccnc1,0,0.047575,0.024277,0.004825
C[C@@H]1CN([C@H](C)CO)C(=O)c2cccc(c2O[C@@H]1CN(C)C(=O)Nc1cccc2ccccc12)NC(=O)Nc1ccc(cc1)F,0,0.263383,0.034894,0.027229
C[C@H]1CN([C@H](C)CO)C(=O)Cc2cc(ccc2O[C@@H]1CN(C)S(=O)(=O)C)NS(=O)(=O)c1ccc(cc1)F,0,0.004198,0.024270,0.006965
CO[C@@H]1CN(C)C(=O)c2cc(ccc2OC[C@@H](C)N(C[C@H]1C)C(=O)C1CCCCC1)NS(=O)(=O)C,0,0.009257,0.028072,0.008555
COc1ccc(cc1)S(=O)(=O)N(C)C[C@H]1Oc2c(cccc2C(=O)N(C[C@H]1C)[C@H](C)CO)NS(=O)(=O)c1c(noc1C)C,0,0.005213,0.025234,0.008441
C[C@@H]1CN([C@H](C)CO)C(=O)CCCn2cc(nn2)CO[C@@H]1CN(C)S(=O)(=O)c1ccc2c(c1)OCCCO2,0,0.003456,0.024527,0.004805
C[C@@H]1CN([C@H](C)CO)C(=O)c2cccc(c2O[C@@H]1CN(C)Cc1ccc2c(c1)OCO2)NC(=O)C1CCOCC1,0,0.011356,0.025093,0.007511
NCc1ccc(cc1)-n1cccc1,0,0.227820,0.106985,0.045436
C[C@H]1CCCCO[C@H](CN(C)C(=O)Cc2ccccc2)[C@H](C)CN([C@@H](C)CO)C(=O)c2cc(ccc2O1)NS(=O)(=O)c1ccc(cc1)Cl,0,0.001308,0.025110,0.004543
COc1ccc(cc1)NC(=O)Nc1cccc2c1O[C@@H](CN(C)CC1CCCCC1)[C@H](C)CN([C@@H](C)CO)C2=O,0,0.111760,0.028914,0.013057
C[C@H]1CCCCO[C@H](CN(C)Cc2ccc3c(c2)OCO3)[C@@H](C)CN([C@H](C)CO)C(=O)c2cc(ccc2O1)NS(=O)(=O)c1ccccc1,0,0.000577,0.024237,0.003174
COc1ccc2c3c(n(c2c1)C)[C@@H](CO)N(C[C@]13CN(CC2CCOCC2)C1)C(=O)Cc1ccccn1,0,0.253882,0.124183,0.052911
C[C@@H]1CCCCO[C@H](CN(C)C(=O)CCC(F)(F)F)[C@@H](C)CN([C@H](C)CO)C(=O)c2cc(ccc2O1)NC(=O)Nc1ccc2c(c1)OCO2,0,0.045765,0.039376,0.013238
O[C@@H]1COC[C@@H]2O[C@H](CC[C@H]2N(C1)S(=O)(=O)c1cccc(c1)Cl)CC(=O)NCCCN1CCOCC1,0,0.342771,0.103313,0.044264
COC(=O)c1c2oc(c1C(=O)OC)C(=O)N[C@@H](Cc1ccccc1)Cn1cc(nn1)[C@@H](Cc1ccccc1)NC(=O)N[C@H](CC2)COC(=O)NCCCCCC(=O)NO,0,0.000053,0.057403,0.016408
COc1ccc(cc1)S(=O)(=O)N(C)C[C@H]1Oc2ccc(cc2C(=O)N(C[C@H]1C)[C@@H](C)CO)N(C)C,0,0.006789,0.027062,0.007522
C[C@H]1CCCCO[C@@H](CN(C)C(=O)Nc2ccccc2)[C@@H](C)CN([C@H](C)CO)C(=O)c2cc(ccc2O1)NC(=O)Cc1ccccc1,0,0.004248,0.023214,0.004591
O[C@@H]1COC[C@@H]2O[C@@H](CC[C@H]2N(C1)C(=O)c1cnccn1)CC(=O)NCc1ccc(cc1)Oc1ccccc1,0,0.230968,0.069568,0.049917
COc1ccc(cc1)NC(=O)Nc1ccc2c(c1)C(=O)N(C[C@@H](C)[C@H](CN(C)CC1CC1)OCCCC[C@@H](C)O2)[C@H](C)CO,0,0.081816,0.028284,0.006996
C[C@H]1CCCCO[C@H](CN(C)Cc2ccc(cc2)C(=O)O)[C@H](C)CN([C@H](C)CO)C(=O)c2cc(ccc2O1)NC(=O)Nc1ccc(cc1)C(F)(F)F,0,0.741692,0.028457,0.005796
CC(C)[Si]1(OCc2c(c(nc(c21)-c1ccccc1)-c1ccc(o1)-c1ccc(c(c1)Cl)Cl)C)C(C)C,0,0.590522,0.739618,0.534163
CC(C)(CO)NC(=S)NC[C@H]1CCCO1,0,0.065824,0.047117,0.018183
Brc1ccc(cc1)NC(=O)c1ccc(cc1)N1C(=O)c2ccc(cc2C1=O)C(=O)Nc1ccc(cc1)Br,0,0.011914,0.603584,0.360522
COc1ccc(cc1)S(=O)(=O)Nc1ccc2c(c1)C(=O)N(C[C@@H](C)[C@@H](CN(C)Cc1ccc(cc1)C(F)(F)F)OCCCC[C@H](C)O2)[C@H](C)CO,0,0.017869,0.024696,0.006633
C[C@H]1CN([C@H](C)CO)C(=O)c2cc(ccc2O[C@H]1CN(C)S(=O)(=O)c1ccccc1)NS(=O)(=O)c1cccs1,0,0.005745,0.024513,0.004143
COc1ccc(cc1)S(=O)(=O)Nc1ccc2c(c1)C(=O)N(C[C@@H](C)[C@H](CN(C)Cc1ccccc1)OCCCC[C@@H](C)O2)[C@@H](C)CO,0,0.001305,0.024450,0.004479
C[N+](C)(C)CCCC[C@@H]1NC(=O)[C@@H]2C[C@@H]([C@@H](N2C1=O)c1cccc(c1)OCCO)C(=O)OCCOc1ccc(cc1)[C@@H]1N2[C@H]([C@H](C(=O)OCC=C)[C@@]11C(=O)Nc3ccc(cc31)I)C(=O)O[C@H]([C@H]2c1ccccc1)c1ccccc1,0,0.172191,0.106899,0.014594
C[C@H]1CCCCO[C@H](CN(C)Cc2ccncc2)[C@H](C)CN([C@H](C)CO)C(=O)c2cc(ccc2O1)NC(=O)C1CCCCC1,0,0.008929,0.022956,0.005786
O=c1cc(-c2ccccc2)oc2ccccc12,0,0.106975,0.154533,0.104694
C[C@@H]1CN([C@@H](C)CO)C(=O)c2cc(cnc2O[C@H]1CN(C)C(=O)c1ccncc1)-c1ccc(cc1)C(=O)N(C)C,0,0.001725,0.026201,0.006661
CO[C@H]1CN(C)C(=O)c2cc(ccc2OC[C@@H](C)N(C[C@@H]1C)C(=O)c1ccc2c(c1)OCO2)NS(=O)(=O)C,0,0.005133,0.023772,0.004707
CO[C@H]1CN(C)C(=O)c2cc(ccc2OC[C@@H](C)N(C[C@H]1C)C(=O)c1ccc2c(c1)OCO2)NS(=O)(=O)CC(F)(F)F,0,0.026720,0.029447,0.014843
C[C@H]1CN([C@H](C)CO)C(=O)c2cc(ccc2O[C@H]1CN(C)C(=O)Nc1ccccc1)NC(=O)Cn1cnnn1,0,0.043165,0.023533,0.005958
CCOc1ccc(cc1OCC)[C@@H](C)N,0,0.469484,0.151042,0.128484
CCS(=O)(=O)Nc1ccc2c(c1)C(=O)N(C)[C@@H]1CC[C@@H](CC(=O)NCCOC)O[C@H]1CO2,0,0.004265,0.023859,0.006627
C[C@@H]1CN([C@H](C)CO)C(=O)Cc2cc(ccc2O[C@@H]1CN(C)C(=O)Nc1cccc2ccccc12)NC(=O)NC1CCCCC1,0,0.024084,0.027365,0.010035
COc1ccccc1CNC(=O)C[C@@H]1C[C@@H]2[C@@H](Oc3ccc(cc32)NC(=O)Nc2ccc(cc2)C(F)(F)F)[C@@H](CO)O1,0,0.561269,0.112357,0.106463
C[C@@H]1CN([C@@H](C)CO)C(=O)Cc2cc(ccc2O[C@H]1CN(C)C(=O)Nc1ccccc1)NS(=O)(=O)c1cn(cn1)C,0,0.022079,0.024145,0.003344
CO[C@H]1CN(C)C(=O)c2cc(ccc2OC[C@@H](C)N(C[C@H]1C)C(=O)Nc1c(noc1C)C)NC(=O)Nc1cccc(c1)Cl,0,0.128891,0.030416,0.011212
CCN(CC)CCS(=O)(=O)[C@@H]1CCN2[C@H]1C(=O)O[C@@H](C(C)C)[C@H](C)/C=C/C(=O)NC/C=C\C(=C\[C@@H](O)CC(=O)Cc1nc(co1)C2=O)C,1,0.000120,0.424542,0.228214
COc1ccc(cc1)C(=O)N[C@@H](C)c1nnc(n1-c1cccc(c1)Cl)SCc1cccc(c1)C(F)(F)F,0,0.963635,0.566477,0.517063
C[C@H]1CCCCO[C@@H](CN(C)Cc2ccccc2)[C@H](C)CN([C@H](C)CO)C(=O)c2cc(ccc2O1)NS(=O)(=O)c1ccc(cc1)C,0,0.001472,0.024332,0.004425
C[C@H]1CN([C@H](C)CO)S(=O)(=O)c2ccc(cc2O[C@H]1CN(C)Cc1ccc(cc1)F)C#CC1CC1,0,0.094808,0.028863,0.006532
C[C@H]1CN([C@H](C)CO)C(=O)Cc2cc(ccc2O[C@@H]1CN(C)Cc1ccc(c(c1)Cl)Cl)NS(=O)(=O)c1ccc(cc1)Cl,0,0.023112,0.031468,0.006454
CC(=O)N[C@H]1C(=O)Nc2ccc(cc21)F,0,0.051132,0.144846,0.103460
C[C@H]1CN([C@H](C)CO)C(=O)c2cc(ccc2O[C@H]1CN(C)C(=O)Nc1cccc2ccccc12)NC(=O)Cc1cn(c2ccccc12)C,0,0.012613,0.024173,0.004772
C[C@@H]1CN([C@H](C)CO)C(=O)c2cc(ccc2O[C@@H]1CN(C)Cc1ccc(c(c1)Cl)Cl)NS(=O)(=O)c1ccc(cc1)Cl,0,0.037293,0.035727,0.010058
Cn1nccc1NC(=O)/C=C/C(=O)O,0,0.136528,0.048719,0.073341
CCNC(=O)C[C@@H]1CC[C@@H]2[C@H](COC[C@@H](O)CN2C(=O)Nc2c(noc2C)C)O1,0,0.467107,0.234939,0.052066
CC(C)C(=O)Oc1ccc(CO)cc1C(CCN(C(C)C)C(C)C)c1ccccc1.O=C(O)C=CC(=O)O,0,0.203413,0.424289,0.571478
C[C@@H]1CN([C@@H](C)CO)C(=O)c2cc(ccc2O[C@@H]1CN(C)Cc1ccncc1)NS(=O)(=O)c1ccc(cc1)F,0,0.002575,0.025480,0.005535
COc1cccc(c1)S(=O)(=O)Nc1ccc2c(c1)[C@@H]1C[C@H](CC(=O)NC3CCCCC3)O[C@@H](CO)[C@@H]1O2,0,0.001942,0.025929,0.008822
COc1ccc(cc1)S(=O)(=O)Nc1ccc2c(c1)C(=O)N(C[C@H](C)[C@@H](CN(C)S(=O)(=O)c1cn(cn1)C)O2)[C@H](C)CO,0,0.003857,0.024964,0.006559
C[C@H]1CN([C@@H](C)CO)C(=O)c2cc(ccc2O[C@@H]1CN(C)S(=O)(=O)c1cn(cn1)C)NS(=O)(=O)c1ccc(cc1)F,0,0.006560,0.025993,0.008118
Cn1cnc(c1)S(=O)(=O)N[C@@H]1C=C[C@H](CC(=O)NCC2CC2)O[C@H]1CO,0,0.026389,0.031509,0.009375
CO[C@@H](CN(C)C(=O)c1ccc2c(c1)OCO2)[C@H](C)CN([C@H](C)CO)S(=O)(=O)c1ccc(cc1)C,0,0.013571,0.026139,0.005435
ONC(=O)CCCCCNC(=O)OCc1ccc(cc1)CN([C@@H](Cc1ccccc1)Cn1cc(nn1)-c1ccccn1)C(=O)Nc1ccccc1,0,0.000030,0.103905,0.051016
O[C@H]1COC[C@H]2O[C@@H](CC[C@@H]2N(C1)C(=O)c1ccncc1)CC(=O)NCc1ccc(cc1)-c1ccccc1,0,0.249798,0.067363,0.053251
C[C@H]1CCCCO[C@@H](CN(C)Cc2ccccc2)[C@H](C)CN([C@@H](C)CO)C(=O)c2cc(ccc2O1)NC(=O)Nc1ccccc1,0,0.018856,0.023052,0.007498
Cc1ccc(c(c1)C(C)(C)C)O,0,0.534794,0.289253,0.256589
C[C@@H]1CN([C@H](C)CO)C(=O)c2cc(ccc2O[C@@H]1CN(C)S(=O)(=O)C)NS(=O)(=O)C,0,0.018313,0.024673,0.005942
N[C@H]1CC[C@@H](CCn2cc(nn2)-c2ccccn2)O[C@H]1CO,0,0.534098,0.057779,0.029303
C[C@H]1CN([C@@H](C)CO)C(=O)Cc2cc(ccc2O[C@@H]1CN(C)S(=O)(=O)c1cccs1)NS(=O)(=O)c1c(noc1C)C,0,0.000680,0.024445,0.005987
O=C1NC(=O)c2ccccc2O1,0,0.420651,0.233575,0.146543
C[C@H]1CCCCO[C@H](CN(C)S(=O)(=O)C)[C@@H](C)CN([C@H](C)CO)C(=O)c2cc(ccc2O1)NS(=O)(=O)c1ccc(cc1)C,0,0.001187,0.024281,0.005023
C[C@H]1CN([C@H](C)CO)C(=O)c2cc(cnc2O[C@@H]1CN(C)S(=O)(=O)c1ccccc1F)Br,0,0.081718,0.033680,0.007960
C[C@@H]1CN([C@@H](C)CO)C(=O)c2cc(ccc2O[C@@H]1CN(C)C(=O)Nc1ccccc1)NC(=O)Cn1cnnn1,0,0.043165,0.023533,0.005958
CCNC(=O)C[C@H]1O[C@@H](CO)[C@@H](NC(=O)C2CC2)C=C1,0,0.051352,0.029147,0.011412
COc1ccccc1C#Cc1cnc2c(c1)C(=O)N(C[C@H](C)[C@@H](CN(C)C(=O)CC1CC1)O2)[C@@H](C)CO,0,0.030123,0.026024,0.005517
CC(C)(C)c1cc(cc(c1O)C(C)(C)C)SC(C)(C)Sc1cc(c(c(c1)C(C)(C)C)OCC(=O)O)C(C)(C)C,1,0.999561,0.747256,0.669150
NCCCCCC(O)(P(=O)(O)O)P(=O)(O)O,0,0.965232,0.167932,0.088854
C[C@H]1CCCCO[C@H](CN(C)C(=O)Nc2c(noc2C)C)[C@@H](C)CN([C@@H](C)CO)C(=O)c2cc(ccc2O1)NC(=O)NC1CCCCC1,0,0.027837,0.024928,0.005136
C[C@H]1CCCCO[C@H](CN(C)S(=O)(=O)c2cn(cn2)C)[C@@H](C)CN([C@H](C)CO)C(=O)c2cc(ccc2O1)NS(=O)(=O)c1cn(cn1)C,0,0.013066,0.024758,0.005854
C[C@@](Cc1ccccc1)(NC(=O)CN)c1ccccc1,0,0.741350,0.422842,0.386051
C[C@H]1CN([C@@H](C)CO)C(=O)CCCn2cc(nn2)CO[C@H]1CN(C)S(=O)(=O)c1ccc(cc1)Oc1ccccc1,0,0.005844,0.025483,0.004499
C[C@H]1CN([C@@H](C)CO)C(=O)Cc2cc(ccc2O[C@@H]1CN(C)S(=O)(=O)C)NS(=O)(=O)c1cccs1,0,0.003306,0.024458,0.004295
CCCCCCCCCCCCCCCCCC(=O)NCCCCOn1c(nc2c(nc3ccccc3c12)N)CCCC,0,0.999898,0.449375,0.338335
OC[C@H]1O[C@H](C[C@H]2[C@@H]1Oc1ccc(cc12)NC(=O)Cc1ccncc1)CC(=O)N1CCc2ccccc2C1,0,0.004295,0.034428,0.016287
C[C@H]1CN([C@@H](C)CO)C(=O)Cc2cc(ccc2O[C@H]1CN(C)C(=O)NC1CCCCC1)NC(=O)Nc1cccc2ccccc12,0,0.015259,0.027380,0.009054
C[C@H]1CCCCO[C@H](CN(C)C(=O)Nc2ccc(cc2)C(F)(F)F)[C@@H](C)CN([C@H](C)CO)C(=O)c2cc(ccc2O1)NS(=O)(=O)c1c(noc1C)C,0,0.110299,0.094722,0.032816
C[C@H]1CCCCO[C@@H](CN(C)C(=O)Nc2ccc(cc2)C(F)(F)F)[C@H](C)CN([C@H](C)CO)C(=O)c2cc(ccc2O1)NC(=O)C1CCCCC1,0,0.298353,0.034940,0.018311
NNc1ccc2c([nH]nc2c1)N,0,0.459070,0.073234,0.034187
C[C@@H]1CCCCO[C@H](CN(C)Cc2ccccc2)[C@@H](C)CN([C@@H](C)CO)C(=O)c2cc(ccc2O1)NC(=O)Nc1c(noc1C)C,0,0.024252,0.028441,0.007558
OC[C@H]1O[C@@H](CC(=O)NCCCN2CCOCC2)C=C[C@H]1NC(=O)C1CC1,0,0.077276,0.029844,0.013301
C[C@H]1CN([C@H](C)CO)C(=O)CCCn2nncc2CO[C@@H]1CN(C)C(=O)Nc1cccc(c1)Oc1ccccn1,0,0.008040,0.023265,0.005402
COc1ccc(cc1)S(=O)(=O)N(C)C[C@H]1OCCCC[C@H](C)Oc2ccc(cc2C(=O)N(C[C@@H]1C)[C@@H](C)CO)NC(=O)Nc1cccc2ccccc12,0,0.003130,0.031908,0.003325
C[C@@H]1CCCCO[C@@H](CN(C)CC2CCCCC2)[C@H](C)CN([C@H](C)CO)C(=O)c2cc(ccc2O1)NC(=O)Cc1ccccc1,0,0.023339,0.024868,0.009403
C[C@H]1CN([C@@H](C)CO)C(=O)c2ccccc2-c2ccccc2CO[C@@H]1CN(C)C(=O)Nc1cccc(c1)C(F)(F)F,0,0.632314,0.315664,0.361619
C[C@H]1CN([C@@H](C)CO)S(=O)(=O)c2ccc(cc2O[C@H]1CN(C)Cc1ccc(cc1)F)Br,0,0.211445,0.037212,0.007562
C[C@@H]1CN([C@H](C)CO)C(=O)c2cc(ccc2O[C@H]1CN(C)S(=O)(=O)c1cccs1)NS(=O)(=O)c1cn(cn1)C,0,0.010391,0.024678,0.005598
COC(=O)[C@H]1[C@@H](CNC1=O)C(C)C,0,0.013292,0.038204,0.024997
CCNC(=O)C=Cc1cccc(Br)c1,0,0.825527,0.137592,0.068214
C[C@@H]1CN([C@@H](C)CO)C(=O)c2cc(ccc2O[C@@H]1CN(C)Cc1ccc(cc1)-c1ccccc1)NC(=O)Cn1cnnn1,0,0.068760,0.032279,0.011854
OCCONC(=O)c1cc(c(c(c1Nc1ccc(cc1F)I)F)F)CN1OCCCC1=O,0,0.976125,0.600724,0.528287
Cc1ccc(cc1)S(=O)(=O)N1C[C@@H](O)COC[C@H]2O[C@H](CC[C@@H]21)CC(=O)NCc1ccc2c(c1)OCO2,0,0.049301,0.026293,0.010484
O[C@H]1COC[C@H]2O[C@@H](CC[C@@H]2N(C1)S(=O)(=O)c1cccnc1)CC(=O)NCc1ccc(c(c1)Cl)Cl,0,0.412593,0.038792,0.053256
OC[C@H]1O[C@@H](C[C@@H]2[C@H]1Oc1ccc(cc12)NC(=O)Cc1ccncc1)CC(=O)NCc1cccc(c1)F,0,0.044688,0.039577,0.019217
ONC(=O)CCCCCNC(=O)OCc1ccc(cc1)CO[C@@H]1C[C@@H](C=C(O1)C(=O)OCC=C)c1csc2ccccc12,0,0.000555,0.155997,0.113138
C[C@H]1CN([C@@H](C)CO)C(=O)c2cccc(c2O[C@@H]1CN(C)Cc1ccc(cc1)C(=O)O)NS(=O)(=O)c1c(noc1C)C,0,0.038858,0.028347,0.006244
CC[C@@H](C)[C@@H]1NC(=O)[C@H](Cc2cn(c3ccccc23)OC)NC(=O)[C@H](CCCCCC(=O)CC)NC(=O)[C@H]2CCCCN2C1=O,0,0.521596,0.434763,0.240868
CC(C)NC(=O)N(C)C[C@@H]1Oc2c(cccc2C(=O)N(C[C@@H]1C)[C@H](C)CO)NS(=O)(=O)c1ccccc1,0,0.011167,0.036256,0.007168
COc1ccccc1C#Cc1ccc2c(c1)O[C@H](CN(C)Cc1cncnc1)[C@@H](C)CN([C@H](C)CO)S2(=O)=O,0,0.084008,0.026123,0.005459
COc1ccc(cc1)NC(=O)N(C)C[C@@H]1Oc2ccc(cc2C(=O)N(C[C@H]1C)[C@@H](C)CO)NC(=O)Cn1cnnn1,0,0.049324,0.027238,0.006141
COc1ccc(cc1)NC(=O)N(C)C[C@@H]1Oc2ccc(cc2CC(=O)N(C[C@H]1C)[C@@H](C)CO)NC(=O)Nc1cccc2ccccc12,0,0.017427,0.024545,0.006142
C[C@H]1CN([C@H](C)CO)C(=O)c2cccc(c2O[C@@H]1CN(C)S(=O)(=O)C)NC(=O)c1nc2ccccc2s1,0,0.013843,0.024882,0.005270
COc1ccccc1CNC(=O)C[C@@H]1C[C@H]2[C@H](Oc3ccc(cc32)NC(=O)C2CCOCC2)[C@H](CO)O1,0,0.060075,0.037520,0.022419
C[C@H]1CCCCO[C@@H](CN(C)Cc2ccc(cc2)C(F)(F)F)[C@@H](C)CN([C@@H](C)CO)C(=O)c2cc(ccc2O1)NS(=O)(=O)c1cn(cn1)C,0,0.163018,0.036581,0.007601
COc1ccccc1S(=O)(=O)N[C@H]1C=C[C@H](CC(=O)N2CCN(C)CC2)O[C@H]1CO,0,0.056644,0.025443,0.008508
OCc1ccc(cc1)CC(=O)O,0,0.193500,0.057625,0.052162
[O-][NH2+][O-],0,0.000007,0.224367,0.046220
COc1cc(Cc2cnc(N)nc2N)cc(OC)c1OC,1,0.509597,0.603368,0.529473
CC[C@@H](C)c1ccc(cc1)NC(=O)c1cc2ccccc2o1,0,0.079103,0.253031,0.246490
CC(C)NC(=O)N(C)C[C@@H]1Oc2ccc(cc2C(=O)N(C[C@@H]1C)[C@@H](C)CO)NC(=O)Nc1c(noc1C)C,0,0.055731,0.031565,0.012011
CC(C)(C)OC(=O)CC[C@]12N=C(O[C@H]1c1ccccc1N(Cc1ccccc1)C2=O)c1ccc(cc1)OCCCO,0,0.000906,0.054647,0.060708
CN(C)CC(=O)Nc1ccc2c(c1)C(=O)N(C)[C@H]1CC[C@H](CC(=O)Nc3cccc(c3)Cl)O[C@@H]1CO2,0,0.172131,0.043380,0.025706
Cc1ccc2nncn2n1,0,0.036933,0.061899,0.032732
CC(C)NC(=O)Nc1cccc2c1O[C@@H](CN(C)Cc1ccc3c(c1)OCO3)[C@H](C)CN([C@@H](C)CO)C2=O,0,0.019740,0.026699,0.008797
COc1ccc(cc1)S(=O)(=O)Nc1ccc2c(c1)C(=O)N(C[C@@H](C)[C@H](CN(C)C(=O)c1ccccc1)OCCCC[C@H](C)O2)[C@@H](C)CO,0,0.000229,0.024270,0.003465
CC(C)NC(=O)N(C)C[C@@H]1Oc2ccc(cc2C(=O)N(C[C@@H]1C)[C@@H](C)CO)NS(=O)(=O)c1cccs1,0,0.019676,0.023706,0.005203
CN1CCCCC[C@@H]1C(=O)O,0,0.063437,0.022385,0.009052
CCCCNC(=O)NS(=O)(=O)c1ccc(C)cc1,0,0.021951,0.052901,0.017303
COC(=O)C[C@H]1CC[C@@H]2[C@@H](COc3ccc(cc3C(=O)N2C)NS(=O)(=O)c2ccccc2Cl)O1,0,0.004703,0.040174,0.011520
C[C@H]1CN([C@H](C)CO)C(=O)c2cc(ccc2O[C@H]1CN(C)C(=O)Nc1ccc2c(c1)OCO2)NC(=O)Nc1ccc(cc1)C(F)(F)F,0,0.556693,0.289726,0.171163
CC(C)CC#Cc1ccc2c(c1)O[C@@H](CN(C)CC1CCOCC1)[C@@H](C)CN([C@@H](C)CO)S2(=O)=O,0,0.216795,0.038958,0.012254
CC(C)(C)[C@@H](COC(=O)[C@H](CCC=C)Cc1ccc(cc1)F)NC(=O)[C@@H](CC=C)CC(=O)N[C@@H](CO)Cc1ccccc1,0,0.022583,0.065096,0.049329
CNC(=O)C[C@@H]1CC[C@@H]2[C@@H](COc3ccc(cc3C(=O)N2C)NC(=O)c2ccc(cc2)C(F)(F)F)O1,0,0.240091,0.200178,0.223648
Nc1c2c(nn1CCC#N)CCC2,0,0.000575,0.091861,0.021152
COc1ccc(cc1)S(=O)(=O)Nc1ccc2c(c1)C(=O)N(C[C@H](C)[C@@H](CN(C)C(=O)Nc1ccc(cc1)F)OCCCC[C@@H](C)O2)[C@@H](C)CO,0,0.007551,0.024506,0.004638
C[C@@H]1CN([C@H](C)CO)C(=O)c2cccc(c2O[C@@H]1CN(C)C(=O)Nc1c(noc1C)C)NC(=O)c1cnccn1,0,0.188576,0.026540,0.011398
COc1ccccc1NC(=O)N(C)C[C@@H]1Oc2cc(ccc2S(=O)(=O)N(C[C@@H]1C)[C@H](C)CO)Br,0,0.324802,0.028879,0.008157
C[C@@H]1CCCCO[C@@H](CN(C)Cc2ccc(cc2)C(=O)O)[C@H](C)CN([C@@H](C)CO)C(=O)c2cc(ccc2O1)NC(=O)Nc1ccc(cc1)F,0,0.291529,0.031330,0.007860
C[C@@H]1CN([C@H](C)CO)S(=O)(=O)c2ccc(cc2O[C@@H]1CN(C)Cc1ccccc1F)C#CC1CC1,0,0.037670,0.028665,0.006094
COc1ccc(cc1)CN1CC[C@]2(CC1)CN([C@@H](CO)c1[nH]c3cc(ccc3c12)OC)C(=O)CN(C)C,0,0.842327,0.224963,0.216385
C[C@@H]1CCCCO[C@H](CN(C)C(=O)Nc2ccc(cc2)F)[C@@H](C)CN([C@H](C)CO)C(=O)c2cc(ccc2O1)NC(=O)Nc1cccc2ccccc12,0,0.041419,0.022760,0.004544
C[C@H]1CN([C@H](C)CO)S(=O)(=O)c2ccc(cc2O[C@H]1CN(C)CC1CC1)C#Cc1ccc(cc1)F,0,0.309264,0.039552,0.009525
C[C@H]1CCCCO[C@H](CN(C)S(=O)(=O)c2cn(cn2)C)[C@H](C)CN([C@H](C)CO)C(=O)c2cc(ccc2O1)NS(=O)(=O)c1ccc(cc1)F,0,0.002963,0.027959,0.006911
CN(C)c1ncnc2n(cnc12)[C@H]1O[C@@H](CO)[C@@H](N)[C@@H]1O,0,0.309560,0.094645,0.092740
O=C1CCc2c(ccc3ccccc23)O1,0,0.114356,0.285261,0.239546
COc1ccc(cc1)NC(=O)Nc1cccc2c1O[C@H](CN(C)CC1CCCCC1)[C@@H](C)CN([C@H](C)CO)C2=O,0,0.111760,0.028914,0.013057
C[C@@H]1CCCCO[C@@H](CN(C)C(=O)Nc2ccc(cc2)F)[C@@H](C)CN([C@H](C)CO)C(=O)c2cc(ccc2O1)NS(=O)(=O)c1cccs1,0,0.020038,0.024454,0.004852
C[C@H]1CN([C@@H](C)CO)C(=O)c2cccc(c2O[C@H]1CN(C)C(=O)Nc1ccccc1)NS(=O)(=O)c1cn(cn1)C,0,0.096866,0.023727,0.004808
C[C@@H]1CCCCO[C@H](CN(C)C(=O)Nc2ccc(cc2)F)[C@@H](C)CN([C@H](C)CO)C(=O)c2cc(ccc2O1)NC(=O)Nc1ccc2c(c1)OCO2,0,0.053220,0.024494,0.004956
COc1ccc(cc1)NC(=O)N(C)C[C@H]1OCCCC[C@@H](C)Oc2ccc(cc2C(=O)N(C[C@@H]1C)[C@H](C)CO)NC(=O)c1ccccc1,0,0.004376,0.023234,0.003723
C[C@H]1CN([C@@H](C)CO)C(=O)Cc2cc(ccc2O[C@@H]1CN(C)C(=O)Nc1cccc2ccccc12)NC(=O)CCC(F)(F)F,0,0.094167,0.031778,0.020807
C[C@@H]1CN([C@H](C)CO)C(=O)CCCn2cc(nn2)CO[C@H]1CN(C)S(=O)(=O)c1ccc(cc1)Cl,0,0.035266,0.027331,0.007510
C[C@@H]1CN([C@@H](C)CO)C(=O)Cc2cc(ccc2O[C@H]1CN(C)Cc1ccc(cc1)Oc1ccccc1)NS(=O)(=O)c1ccc(cc1)F,0,0.000908,0.025213,0.006033
C[C@H]1CN([C@@H](C)CO)C(=O)c2cc(ccc2O[C@H]1CN(C)Cc1ccc(cc1)C(=O)Nc1ccccc1N)NS(=O)(=O)c1ccc(cc1)Cl,0,0.001626,0.030130,0.004471
CC(C)c1ccccc1Cc1cc(c(c(c1O)O)O)C(=O)Nc1ccc(cc1)S(=O)(=O)c1ccccc1C(C)(C)C,0,0.680580,0.516147,0.403216
COc1ccc(cc1)S(=O)(=O)Nc1cccc2c1O[C@@H](CN(C)Cc1ccc(cc1)-c1ccccc1)[C@H](C)CN([C@H](C)CO)C2=O,0,0.008989,0.024775,0.005156
C[C@H]1CN([C@H](C)CO)C(=O)c2cc(ccc2O[C@H]1CN(C)Cc1ccc2c(c1)OCO2)NC(=O)Cn1cnnn1,0,0.007645,0.025762,0.007157
C[C@@H]1CN([C@H](C)CO)C(=O)c2cc(cnc2O[C@H]1CN(C)C(=O)Nc1ccccc1F)Br,0,0.377876,0.032886,0.019472
O[C@H]1COC[C@@H]2O[C@@H](CC[C@H]2N(C1)S(=O)(=O)c1ccccc1)CC(=O)NCc1ccncn1,0,0.078459,0.028311,0.011049
C[C@@H]1CN([C@@H](C)CO)C(=O)Cc2cc(ccc2O[C@@H]1CN(C)C(=O)NC1CCCCC1)NS(=O)(=O)c1c(noc1C)C,0,0.003242,0.024216,0.004790
CN(C)[C@H]1[C@@H]2C[C@@H]3Cc4c(cc(c(c4C(=O)[C@@H]3C(=O)[C@]2(O)C(=O)[C@H](C(=O)N)C1=O)O)NC(=O)CNC(C)(C)C)N(C)C,0,0.998803,0.899130,0.839995
C[C@H]1CCCCO[C@H](CN(C)CC2CCCCC2)[C@@H](C)CN([C@H](C)CO)C(=O)c2cc(ccc2O1)NC(=O)Nc1cccc2ccccc12,0,0.059130,0.035647,0.009298
O=C(CN1C(=O)COCC1=O)N1CCOCC1,0,0.000061,0.043760,0.015998
OC(=O)c1cc2ccccc2s1,0,0.675403,0.181024,0.107520
C[C@H]1CCCCO[C@H](CN(C)Cc2ccc(cc2)C(F)(F)F)[C@H](C)CN([C@@H](C)CO)C(=O)c2cc(ccc2O1)N(C)C,0,0.190408,0.061521,0.032108
C[C@H]1CN([C@H](C)CO)C(=O)c2cc(ccc2O[C@@H]1CN(C)Cc1ccc(c(c1)Cl)Cl)NC(=O)Nc1ccc(cc1)C(F)(F)F,0,0.864043,0.118551,0.047337
O=C(CCN1C=CC(=O)NC1=O)Nc1ccc2c(c1)NC(=O)CO2,0,0.254058,0.179459,0.149199
C[C@H]1CN([C@H](C)CO)C(=O)c2cccc(c2O[C@@H]1CN(C)S(=O)(=O)c1ccccc1)NS(=O)(=O)C,0,0.027197,0.024706,0.007498
C[C@H]1CN([C@@H](C)CO)C(=O)Cc2cc(ccc2O[C@@H]1CN(C)Cc1ccccc1)NS(=O)(=O)c1cn(cn1)C,0,0.009049,0.024160,0.003973
COCC#Cc1ccc2c(c1)O[C@@H](CN(C)Cc1ccc(cc1)F)[C@@H](C)CN([C@H](C)CO)S2(=O)=O,0,0.116009,0.035760,0.007431
CC(C)NC(=O)N(C)C[C@H]1OCCCC[C@H](C)Oc2ccc(cc2C(=O)N(C[C@H]1C)[C@@H](C)CO)NS(=O)(=O)c1cn(cn1)C,0,0.014843,0.024524,0.004603
C[C@@H]1CN([C@@H](C)CO)C(=O)Cc2cc(ccc2O[C@H]1CN(C)Cc1ccc(c(c1)Cl)Cl)NC(=O)Cn1cnnn1,0,0.102857,0.059836,0.020933
C[C@H]1CCCCO[C@@H](CN(C)C(=O)Nc2cccc3ccccc23)[C@@H](C)CN([C@H](C)CO)C(=O)c2cc(ccc2O1)NS(=O)(=O)C,0,0.010446,0.024331,0.003575
CC/C(=C\C(=N\O)C(=O)N)[C@@H](C)[N+](=O)[O-],0,0.427675,0.188137,0.071751
Cc1nn[nH]n1,0,0.000700,0.077430,0.022749
CC(C)C#Cc1ccc2c(c1)O[C@@H](CN(C)S(=O)(=O)c1cn(cn1)C)[C@@H](C)CN([C@H](C)CO)S2(=O)=O,0,0.049468,0.024943,0.004204
COc1cccc(c1)NC(=O)N(C)C[C@@H]1Oc2ncc(cc2C(=O)N(C[C@@H]1C)[C@H](C)CO)C#Cc1ccncc1,0,0.045596,0.024781,0.003719
Cc1ccc(cc1)S(=O)(=O)N1C[C@@H](O)COC[C@@H]2O[C@H](CC[C@H]21)CC(=O)N[C@H]1CCN(C1)Cc1ccccc1,0,0.077530,0.039691,0.011712
CN(C)CCNC1=NC(=O)NN=C1C,0,0.760514,0.029470,0.014812
C[C@H]1CN([C@@H](C)CO)C(=O)c2cc(ccc2O[C@@H]1CN(C)C(=O)Nc1ccc2c(c1)OCO2)NC(=O)CCCN(C)C,0,0.017409,0.023688,0.004197
CC1(C)CC(CC(C)(C)N1)NC(=O)c1ccc(c(c1)S(=O)(=O)N(Cc1ccccc1)c1ccccc1)Cl,0,0.177918,0.092257,0.093656
C[C@H]1CCCCO[C@@H](CN(C)C(=O)Nc2c(noc2C)C)[C@H](C)CN([C@@H](C)CO)C(=O)c2cc(ccc2O1)NS(=O)(=O)c1ccccc1,0,0.002046,0.024233,0.003789
COc1ccc(cc1)[Si](C)(C)[C@@H]1[C@@H](C)[C@@]2(O[C@H]1CCn1cc(nn1)CCO)C(=O)N(Cc1cccc(c1)N1C(=O)c3cccc4cccc1c34)c1ccccc12,0,0.006711,0.040779,0.009854
COc1ccc(cc1)S(=O)(=O)N(C)C[C@H]1Oc2cc(ccc2S(=O)(=O)N(C[C@H]1C)[C@H](C)CO)-c1ccccc1OC,0,0.011531,0.027591,0.005105
COc1ccc(cc1)[Si](C)(C)[C@@H]1[C@@H](C)[C@@]2(O[C@H]1CCO)C(=O)N(Cc1ccccc1)c1ccc(cc12)N1CCCCC1=O,0,0.050365,0.074900,0.060404
Cc1cc(c(cc1C)S(=O)(=O)NCCO)C,0,0.059245,0.069719,0.012502
C[C@H]1CCCCO[C@H](CN(C)S(=O)(=O)c2ccc(cc2)Cl)[C@H](C)CN([C@@H](C)CO)C(=O)c2cc(ccc2O1)NC(=O)Nc1ccc(cc1)F,0,0.051684,0.024906,0.006979
C[C@@H]1CCCCO[C@H](CN(C)C(=O)Nc2ccc3c(c2)OCO3)[C@@H](C)CN([C@H](C)CO)C(=O)c2cc(ccc2O1)NC(=O)Nc1ccc2c(c1)OCO2,0,0.003441,0.030374,0.003265
C[C@@H]1CCCCO[C@@H](CN(C)S(=O)(=O)c2ccc(cc2)C)[C@H](C)CN([C@@H](C)CO)C(=O)c2cc(ccc2O1)NS(=O)(=O)C,0,0.005013,0.024262,0.004292
C[C@H]1CN([C@@H](C)CO)C(=O)c2cc(ccc2O[C@@H]1CN(C)S(=O)(=O)c1ccccc1)NC(=O)c1ccncc1,0,0.002205,0.024208,0.003498
CCN1CCN(CC1)C1=C(NS(=O)(=O)c2ccc(s2)Br)C(=O)c2ccccc2C1=O,0,0.952951,0.045975,0.025801
CS(=O)(=O)n1cc2c(n1)CN(C2)[C@H]1CO[C@@H]([C@@H](N)C1)c1cc(ccc1F)F,0,0.318334,0.427515,0.273120
CC(C)NC(=O)N(C)C[C@H]1Oc2cc(ccc2S(=O)(=O)N(C[C@@H]1C)[C@H](C)CO)-c1ccc(cc1)C,0,0.060792,0.050420,0.010055
C[C@H]1CN([C@H](C)CO)C(=O)c2cccc(c2O[C@@H]1CN(C)Cc1ccc(cc1)Oc1ccccc1)NC(=O)Nc1cccc2ccccc12,0,0.006016,0.032059,0.012894
Cc1cc(C=Cc2ccc3cc(N(C)C)ccc3[n+]2C)c(C)n1-c1ccccc1.O=C([O-])c1cc2ccccc2c(Cc2c(O)c(C(=O)O)cc3ccccc23)c1O,0,0.000470,0.397217,0.161014
COc1ccc(cc1)S(=O)(=O)N(C)C[C@H]1Oc2ccc(cc2CC(=O)N(C[C@H]1C)[C@@H](C)CO)NC(=O)Cc1ccccc1,0,0.002131,0.027431,0.005057
COC(=O)C1=CO[C@@H](O[C@@H]2O[C@H](CO)[C@@H](O)[C@H](O)[C@H]2O)[C@@H]2[C@@H](C)[C@@H](O)[C@@H](OC(=O)/C=C/c3ccc(c(c3)O)O)[C@@H]21,0,0.126409,0.498695,0.278460
C[C@H]1CN([C@@H](C)CO)C(=O)c2cc(ccc2O[C@H]1CN(C)C(=O)NC1CCCCC1)NC(=O)Nc1cccc2ccccc12,0,0.018476,0.023666,0.006884
C[C@@H](O)C#Cc1cnc2c(c1)C(=O)N(C[C@H](C)[C@@H](CN(C)C(=O)CN1CCOCC1)O2)[C@@H](C)CO,0,0.014958,0.033597,0.012472
C[C@@H]1CO[C@]2(O[C@H]3C[C@H]4[C@H]5C[C@H](O[C@H]6O[C@@H](C)[C@@H](O)[C@@H](O[C@@H]7O[C@@H](C)[C@H](O)[C@@H](O)[C@H]7O)[C@@H]6O)[C@H]6C[C@@H](O)CC[C@]6(C)[C@@H]5CC[C@]4(C)[C@H]3[C@@H]2C)[C@@H](O)C1,0,0.324009,0.361166,0.096174
C[C@H]1CN([C@H](C)CO)C(=O)c2cccc(c2O[C@@H]1CN(C)S(=O)(=O)c1ccccc1)NC(=O)c1cc(nn1C)C,0,0.012355,0.024780,0.004331
NC(CCC(=O)NC(CSSCC(NC(=O)CCC(N)C(=O)O)C(=O)NCC(=O)O)C(=O)NCC(=O)O)C(=O)O,0,0.798899,0.227822,0.103607
C[C@@H]1CCCCO[C@@H](CN(C)C(=O)Nc2ccc(cc2)C(F)(F)F)[C@@H](C)CN([C@H](C)CO)C(=O)c2cc(ccc2O1)NC(=O)NC1CCCCC1,0,0.395926,0.151911,0.044469
O=C1CSC(=O)N1,0,0.001893,0.074102,0.026805
C[C@@H]1CN([C@H](C)CO)C(=O)Cc2cc(ccc2O[C@H]1CN(C)C(=O)Nc1c(noc1C)C)NC(=O)CCN1CCOCC1,0,0.008431,0.026455,0.005464
COc1ccc(cc1)[Si](C)(C)[C@@H]1[C@@H](C)[C@@]2(O[C@H]1CC(=O)N1Cc3ccccc3C[C@H]1CO)C(=O)N(Cc1cccc(c1)N1CCC1=O)c1ccccc12,0,0.387388,0.182368,0.008873
CCC1=C(C)CN(C(=O)NCCc2ccc(S(=O)(=O)NC(=O)NC3CCC(C)CC3)cc2)C1=O,0,0.001789,0.094436,0.065115
COCC#Cc1cnc2c(c1)C(=O)N(C[C@H](C)[C@H](CN(C)C(=O)Nc1ccc(cc1)OC)O2)[C@H](C)CO,0,0.091710,0.022885,0.004394
C[C@@H](NC1=NC(=O)C=C(F)N1)C(=O)O,0,0.259106,0.121406,0.112876
CC(C)NC(=O)Nc1ccc2c(c1)C(=O)N(C[C@H](C)[C@@H](CN(C)Cc1ccc(c(c1)Cl)Cl)OCCCC[C@H](C)O2)[C@H](C)CO,0,0.118440,0.037847,0.014015
C[C@H]1CN([C@@H](C)CO)C(=O)c2cccc(c2O[C@H]1CN(C)Cc1ccc(cc1)Oc1ccccc1)NC(=O)c1cc(nn1C)C,0,0.005496,0.025739,0.006421
C[C@H]1CN([C@@H](C)CO)C(=O)c2cc(ccc2O[C@H]1CN(C)Cc1ccc(cc1)C(F)(F)F)NC(=O)Cc1ccccc1,0,0.103520,0.049963,0.068113
C[C@H]1CCCCO[C@H](CN(C)S(=O)(=O)c2cn(cn2)C)[C@H](C)CN([C@@H](C)CO)C(=O)c2cc(ccc2O1)NS(=O)(=O)c1ccc(cc1)F,0,0.002963,0.027959,0.006911
C[n+]1ccccc1C=NO.[Cl-],0,0.024329,0.302259,0.100410
NNC(=O)CCCC[C@H]1SC[C@H]2NC(=O)N[C@H]21,0,0.063303,0.055031,0.031364
Nc1nc(c2c[nH]nc2n1)N1CCC[C@H](C1)Cn1cc(nn1)CO,0,0.666842,0.104556,0.061943
COc1ccc(cc1)S(=O)(=O)N(C)C[C@@H]1Oc2ncc(cc2C(=O)N(C[C@@H]1C)[C@@H](C)CO)C#CC1(O)CCCC1,0,0.008282,0.025687,0.006617
CCNC(=O)C[C@H]1CC[C@@H](NC(=O)C2CCOCC2)[C@@H](CO)O1,0,0.029994,0.026443,0.011735
COC(=O)c1c(oc(c1C(=O)OC)C(=O)N1CCOCC1)CC[C@@H](COC(=O)NCCCCCC(=O)NO)NC(=O)N[C@@H](Cc1ccccc1)Cn1cc(nn1)-c1ccccc1,0,0.000057,0.117038,0.021043
C[C@@H]1CCCCO[C@@H](CN(C)Cc2ccc(cc2)C(=O)Nc2ccccc2N)[C@@H](C)CN([C@H](C)CO)C(=O)c2cc(ccc2O1)NC(=O)c1ccccc1,0,0.000736,0.024844,0.004590
C[C@@H]1CN([C@@H](C)CO)C(=O)Cc2cc(ccc2O[C@@H]1CN(C)S(=O)(=O)c1ccc(cc1)F)NS(=O)(=O)c1ccccc1,0,0.002225,0.024171,0.005216
O=C(O)c1cc(N=Nc2ccc(S(=O)(=O)Nc3ccccn3)cc2)ccc1O,0,0.000000,0.093818,0.047419
COc1ccc(cc1)NC(=O)Nc1ccc2c(c1)C(=O)N(C[C@@H](C)[C@@H](CN(C)S(=O)(=O)c1ccccc1)OCCCC[C@H](C)O2)[C@@H](C)CO,0,0.003111,0.024524,0.003500
COc1ccc(cc1)CN(C)C[C@@H]1OCCCC[C@@H](C)Oc2ccc(cc2C(=O)N(C[C@@H]1C)[C@H](C)CO)NC(=O)Nc1ccc2c(c1)OCO2,0,0.013221,0.023306,0.003484
C[C@H]1CN([C@@H](C)CO)C(=O)Cc2cc(ccc2O[C@@H]1CN(C)CC1CC1)NC(=O)Cn1cnnn1,0,0.048561,0.028170,0.014491
C[C@H]1CN([C@@H](C)CO)S(=O)(=O)c2ccc(cc2O[C@@H]1CN(C)C(=O)Nc1ccccc1)C#CC1(O)CCCC1,0,0.037211,0.025273,0.006296
CO[C@@H]1CN(C)C(=O)c2cc(ccc2OC[C@H](C)N(C[C@@H]1C)C(=O)CN(C)C)NC(=O)Nc1ccccc1,0,0.106229,0.030083,0.011261
COc1ccc(C(=O)NCc2ccc(OCCN(C)C)cc2)cc1OC,0,0.354169,0.100212,0.065033
COc1ccccc1C#Cc1cnc2c(c1)C(=O)N(C[C@@H](C)[C@@H](CN(C)C(=O)c1ccc3c(c1)OCO3)O2)[C@H](C)CO,0,0.012331,0.024950,0.003346
COc1ccccc1CNC(=O)C[C@H]1C[C@@H]2[C@@H](Oc3ccc(cc32)NC(=O)c2cccnc2)[C@H](CO)O1,0,0.007925,0.027365,0.011445
C[C@@H]1CN([C@H](C)CO)C(=O)c2cccc(c2O[C@H]1CN(C)C(=O)Nc1ccc2c(c1)OCO2)NS(=O)(=O)C,0,0.033240,0.023533,0.004566
OC[C@H]1[C@H]([C@H]2CN(CC(=O)N12)S(=O)(=O)Cc1ccccc1)c1ccc(cc1)C#Cc1cccc(c1)F,0,0.177777,0.103801,0.033437
C[C@@H]1CN([C@H](C)CO)S(=O)(=O)c2ccc(cc2O[C@H]1CN(C)C(=O)C1CCOCC1)-c1ccc(cc1)C(=O)N(C)C,0,0.011529,0.025799,0.007979
COc1ccc(cc1)NC(=O)N(C)C[C@@H]1Oc2c(cccc2C(=O)N(C[C@@H]1C)[C@H](C)CO)NC(=O)c1cnccn1,0,0.124291,0.024299,0.007428
OC(=O)CN1C(=O)Oc2ccccc21,0,0.000123,0.112057,0.111383
C[C@@H]1CN([C@@H](C)CO)C(=O)c2cccc(c2O[C@H]1CN(C)Cc1ccc(cc1)Oc1ccccc1)NS(=O)(=O)c1ccc(cc1)C,0,0.001215,0.025996,0.005004
C[N+](C)(C)C[C@@H](O)CC(=O)O,0,0.003465,0.061857,0.023511
C[C@H]1CN([C@H](C)CO)C(=O)c2cc(cnc2O[C@H]1CN(C)C(=O)c1ccc2c(c1)OCO2)C#Cc1ccccc1F,0,0.042315,0.025700,0.005322
CC(C)NC(=O)N(C)C[C@@H]1Oc2ccc(cc2C(=O)N(C[C@@H]1C)[C@H](C)CO)NS(=O)(=O)c1cn(cn1)C,0,0.082997,0.023720,0.006297
C[C@@H]1CCCCO[C@H](CN(C)S(=O)(=O)c2cccs2)[C@@H](C)CN([C@H](C)CO)C(=O)c2cc(ccc2O1)NC(=O)Nc1cccc2ccccc12,0,0.001848,0.025819,0.003298
CO[C@H]1O[C@H](CO)[C@@H](OC(=O)Nc2cccc(c2)F)[C@@H]2OC(=O)[C@@H](C/C=C/C[C@@H](Cc3cccc(c3)Br)C(=O)O[C@@H]12)Cc1cccc(c1)Br,0,0.281620,0.510491,0.257472
CC(C)[Si](O[C@H](C)c1cn(nn1)Cc1cccc(c1)Cl)(C#C[Si](C(C)C)(C(C)C)C(C)C)C(C)C,0,0.976440,0.427278,0.505958
C[C@H]1CCCCO[C@H](CN(C)Cc2ccc(cc2)C(F)(F)F)[C@H](C)CN([C@H](C)CO)C(=O)c2cc(ccc2O1)NC(=O)c1ccccc1,0,0.043115,0.021119,0.006732
C[C@H]1CN([C@@H](C)CO)C(=O)Cc2cc(ccc2O[C@@H]1CN(C)Cc1ccc(cc1)C(=O)Nc1ccccc1N)NC(=O)Cn1cnnn1,0,0.005251,0.028845,0.004504
C[C@H]1CN([C@H](C)CO)S(=O)(=O)c2ccc(cc2O[C@H]1CN(C)S(=O)(=O)c1ccc(cc1)C)C#Cc1ccccc1,0,0.023801,0.047914,0.008343
C[C@H]1CCCCO[C@H](CN(C)Cc2ccc(cc2)C(=O)O)[C@H](C)CN([C@H](C)CO)C(=O)c2cc(ccc2O1)NC(=O)C1CCCCC1,0,0.072073,0.034707,0.014664
CO[C@H]1CN(C)C(=O)c2cc(ccc2OC[C@@H](C)N(C[C@H]1C)C(=O)Cc1cccnc1)NS(=O)(=O)c1cccc(c1)OC,0,0.001109,0.024945,0.003569
C[C@H]1CN([C@H](C)CO)C(=O)c2cccc(c2O[C@@H]1CN(C)S(=O)(=O)c1ccc(cc1)F)NS(=O)(=O)c1cccs1,0,0.028914,0.027174,0.007502
C[C@H]1CCCCO[C@@H](CN(C)C(=O)Nc2ccc3c(c2)OCO3)[C@@H](C)CN([C@@H](C)CO)C(=O)c2cc(ccc2O1)NC(=O)Cc1ccccc1,0,0.005511,0.022948,0.003554
CCC1(O)C(=O)OCc2c1cc1n(c2=O)Cc2cc3cc(O)ccc3nc2-1,0,0.011072,0.115783,0.189358
C[C@@H]1CN([C@H](C)CO)C(=O)Cc2cc(ccc2O[C@H]1CN(C)S(=O)(=O)c1ccc(cc1)F)NS(=O)(=O)c1c(noc1C)C,0,0.005757,0.024321,0.006520
COc1ccc(cc1)S(=O)(=O)Nc1ccc2c(c1)C(=O)N(C[C@@H](C)[C@@H](CN(C)Cc1ccccc1)OCCCC[C@@H](C)O2)[C@@H](C)CO,0,0.001305,0.024450,0.004479
COCC#Cc1ccc2c(c1)O[C@H](CN(C)S(=O)(=O)C)[C@H](C)CN([C@@H](C)CO)S2(=O)=O,0,0.038489,0.024563,0.006717
COC(=O)C1CCN(CC1)S(=O)(=O)C1=C(C)N(C)C(=O)N(C)C1=O,0,0.157340,0.164058,0.036374
O=C(NCCNS(=O)(=O)c1cccc2nonc12)[C@H]1COc2ccccc2O1,0,0.063682,0.033860,0.018213
COc1ccc(cc1)S(=O)(=O)N(C)C[C@H]1Oc2c(cccc2C(=O)N(C[C@@H]1C)[C@@H](C)CO)NC(=O)Nc1cccc2ccccc12,0,0.020265,0.024732,0.004558
C[C@H]1CN([C@H](C)CO)C(=O)CCCn2cc(nn2)CO[C@H]1CN(C)C(=O)CCCN(C)C,0,0.015909,0.035112,0.006583
CCOC(=O)N1CCN(CC1)C(=O)C1CCN(CC1)S(=O)(=O)N(CC)CC,0,0.002254,0.318065,0.180076
COc1ccc(cc1)CNC(=O)C[C@@H]1C[C@@H]2[C@@H](Oc3ccc(cc32)NS(=O)(=O)c2ccc(cc2)F)[C@H](CO)O1,0,0.006561,0.026086,0.008994
C[C@@H]1CCCCO[C@@H](CN(C)Cc2ccc3c(c2)OCO3)[C@@H](C)CN([C@@H](C)CO)C(=O)c2cc(ccc2O1)NC(=O)Nc1c(noc1C)C,0,0.014291,0.027787,0.005410
CCCCC/C=C\C/C=C\C/C=C\CCCCC(=O)O,0,0.005236,0.116882,0.106177
CCC12C=CCN3CCC4(c5ccc(OC)cc5N(C)C4C(O)(C(=O)OC)C1OC(C)=O)C32,0,0.270664,0.315886,0.251587
C[C@H]1CCCCO[C@H](CN(C)S(=O)(=O)c2ccccc2)[C@@H](C)CN([C@@H](C)CO)C(=O)c2cc(ccc2O1)NC(=O)Nc1cccc2ccccc12,0,0.002296,0.024243,0.003173
C[C@@H](O)[C@@H](NC(=O)[C@H](C)[C@@H](O)[C@H](C)NC(=O)[C@@H](NC(=O)c1nc(nc(c1C)N)[C@H](CC(=O)N)NC[C@@H](N)C(=O)N)[C@@H](O[C@H]1O[C@H](CO)[C@H](O)[C@@H](O)[C@H]1O[C@H]1O[C@H](CO)[C@@H](O)[C@H](OC(=O)N)[C@@H]1O)c1cnc[nH]1)C(=O)NCCc1nc(cs1)-c1nc(cs1)C(=O)NCCC[S+](C)C,0,0.817112,0.912448,0.970204
C[N+](C)(C)CCCC[C@@H]1NC(=O)[C@H]2C[C@H]([C@H](N2C1=O)c1cccc(c1)OCCO)C(=O)OCCOc1ccc(cc1)[C@H]1N2[C@@H]([C@@H](C(=O)OCC=C)[C@]11C(=O)Nc3ccccc31)C(=O)O[C@@H]([C@@H]2c1ccccc1)c1ccccc1,0,0.207375,0.074067,0.011390
CC(C)NC(=O)Nc1cccc2c1O[C@H](CN(C)C(=O)Nc1c(noc1C)C)[C@@H](C)CN([C@@H](C)CO)C2=O,0,0.131823,0.029908,0.013459
C[C@H]1CN([C@@H](C)CO)C(=O)Cc2cc(ccc2O[C@@H]1CN(C)C(=O)Nc1c(noc1C)C)NC(=O)c1ccncc1,0,0.010418,0.025441,0.005553
C[C@@H]1CCCCO[C@@H](CN(C)C(=O)Nc2cccc3ccccc23)[C@@H](C)CN([C@H](C)CO)C(=O)c2cc(ccc2O1)NC(=O)Nc1ccc(cc1)F,0,0.045931,0.022462,0.004282
CCCCCCCCCCCCCCCC(=O)OC[C@@H](NC(=O)C(Cl)Cl)[C@H](O)c1ccc(cc1)[N+](=O)[O-],0,0.997290,0.535482,0.520979
ONC(=O)CCCCCNC(=O)OCc1ccc(cc1)CO[C@H]1C[C@H](C=C(O1)C(=O)N1CCN(CC1)Cc1ccccc1)C1=COc2ccccc2C1=O,0,0.000005,0.062070,0.015768
COc1ccc(cc1)CN(C)C[C@@H]1OCCCC[C@@H](C)Oc2ccc(cc2C(=O)N(C[C@H]1C)[C@@H](C)CO)NC(=O)Nc1ccc(cc1)F,0,0.071765,0.026302,0.007563
COc1ccc(cc1)NC(=O)Nc1ccc2c(c1)C(=O)N(C[C@@H](C)[C@H](CN(C)S(=O)(=O)c1ccc(cc1)OC)OCCCC[C@@H](C)O2)[C@H](C)CO,0,0.005069,0.024525,0.003927
NNC(=O)Cc1nc2ccccc2[nH]1,0,0.879046,0.074110,0.053316
C[C@@H]1CCCCO[C@H](CN(C)C(=O)NC2CCCCC2)[C@H](C)CN([C@@H](C)CO)C(=O)c2cc(ccc2O1)NC(=O)Nc1ccc(cc1)C(F)(F)F,0,0.395360,0.177770,0.045686
C[C@H]1CN([C@@H](C)CO)C(=O)c2cccc(c2O[C@@H]1CN(C)Cc1ccc(cc1)Oc1ccccc1)NC(=O)c1ccncc1,0,0.001374,0.023911,0.005361
CN(C)CCCCNC(=O)[C@@H]1C[C@H]2N([C@@H]1c1cccc(c1)OCCO)C(=O)[C@H](CCCC[N+](C)(C)C)NC2=O,0,0.743719,0.125641,0.071053
NCc1ccc(cc1)-c1ccc(cc1)Br,0,0.916601,0.323129,0.121696
Cl.c1ccc(C2CN3CCSC3=N2)cc1,0,0.728190,0.259423,0.128365
OC(=O)Cn1nnnc1-c1ccsc1,0,0.350593,0.096144,0.066511
C[C@@H]1CN([C@H](C)CO)C(=O)c2cccc(c2O[C@H]1CN(C)Cc1ccc(c(c1)Cl)Cl)NS(=O)(=O)c1ccc(cc1)Cl,0,0.081628,0.037376,0.010206
C[C@@H]1CN([C@@H](C)CO)C(=O)c2cc(ccc2O[C@H]1CN(C)S(=O)(=O)c1ccc(cc1)C)NC(=O)CCCN(C)C,0,0.007230,0.024290,0.004510
C[C@H]1CN([C@H](C)CO)C(=O)Cc2cc(ccc2O[C@@H]1CN(C)C(=O)NC1CCCCC1)NC(=O)Nc1cccc2ccccc12,0,0.015259,0.027380,0.009054
C[C@@H]1CN([C@H](C)CO)S(=O)(=O)c2ccc(cc2O[C@@H]1CN(C)C(=O)Cc1ccncc1)C#CC1CCCCC1,0,0.027499,0.031053,0.006880
NCCCc1nc2c(s1)CCCC2,0,0.034374,0.049635,0.020055
C[C@H]1CN([C@@H](C)CO)C(=O)c2cc(ccc2O[C@@H]1CN(C)C(=O)Nc1ccccc1)NS(=O)(=O)C,0,0.053601,0.024253,0.005267
C(=N/c1nnc2nc[nH]n12)\c1ccco1,0,0.018833,0.091648,0.089840
C[C@H]1CCCCO[C@@H](CN(C)Cc2ccc3c(c2)OCO3)[C@H](C)CN([C@H](C)CO)C(=O)c2cc(ccc2O1)NC(=O)c1ccccc1,0,0.001816,0.022960,0.003567
C[C@@H]1CN([C@H](C)CO)C(=O)Cc2cc(ccc2O[C@@H]1CN(C)S(=O)(=O)c1cn(cn1)C)NS(=O)(=O)c1cn(cn1)C,0,0.017230,0.024226,0.006993
C[C@H]1CN([C@H](C)CO)C(=O)c2cc(ccc2O[C@@H]1CN(C)Cc1ccncc1)NC(=O)Nc1ccc(cc1)C(F)(F)F,0,0.325982,0.080396,0.166068
C[C@@H]1CN([C@H](C)CO)S(=O)(=O)c2ccc(cc2O[C@@H]1CN(C)C(=O)c1ccccn1)C#Cc1ccccc1,0,0.012421,0.027838,0.004583
COc1ccc(c(c1)OC)[C@@H]1C/C=C\C[C@H](NC(=O)[C@H](CC(=O)N1)c1ccccc1)c1cccc(c1)Cl,0,0.299232,0.218261,0.305055
C[C@H]1CCCCO[C@H](CN(C)S(=O)(=O)c2ccc(cc2)F)[C@@H](C)CN([C@@H](C)CO)C(=O)c2cc(ccc2O1)NC(=O)Nc1ccc(cc1)C(F)(F)F,0,0.365343,0.173781,0.010054
COC(=O)c1c2oc(c1C(=O)OC)C(=O)N[C@H](Cc1ccccc1)Cn1cc(nn1)[C@@H](Cc1ccccc1)NC(=O)N[C@@H](CC2)COC(=O)NCCCCCC(=O)NO,0,0.000053,0.057403,0.016408
CCOC(=O)CN1C(=O)c2ccccc2C1=O,0,0.000760,0.165602,0.093064
CC(C)NC(=O)Nc1ccc2c(c1)C(=O)N(C[C@@H](C)[C@@H](CN(C)Cc1ccc(cc1)C(=O)O)O2)[C@@H](C)CO,0,0.084646,0.036640,0.018723
C[C@H]1CN([C@@H](C)CO)C(=O)Cc2cc(ccc2O[C@@H]1CN(C)S(=O)(=O)c1ccc(cc1)C)NS(=O)(=O)c1c(noc1C)C,0,0.001530,0.024839,0.005163
OC[C@@H]1O[C@H](C[C@@H]2[C@H]1Oc1ccc(cc12)NC(=O)Cc1ccncc1)CC(=O)NCc1ccc2c(c1)OCO2,0,0.004526,0.027223,0.015827
C[C@H](N)C(=O)N[C@@H](C)P(=O)(O)O,0,0.574344,0.108795,0.040545
C[C@H]1CN([C@H](C)CO)C(=O)c2cccc(c2O[C@@H]1CN(C)Cc1ccc(cc1)-c1ccccc1)NC(=O)NC1CCCCC1,0,0.163919,0.034950,0.018907
CN1C[C@@H]2CN(C[C@H]2C1=O)C(=O)[C@H]1CCOC1,0,0.002217,0.022956,0.008163
C1NC(=O)O[C@H]1C,0,0.000004,0.035789,0.019945
COCC(=O)NS(=O)(=O)c1ccccc1,0,0.001892,0.042581,0.008208
N/N=C(/N)NO,0,0.000368,0.109851,0.035924
C[C@H]1CCCCO[C@@H](CN(C)Cc2ccc3c(c2)OCO3)[C@@H](C)CN([C@@H](C)CO)C(=O)c2cc(ccc2O1)NC(=O)CCC(F)(F)F,0,0.045001,0.019180,0.008158
OCCCCCCN1[C@@H]2C(=O)N(CC=C[C@@]32O[C@@H]2C=CCCOC(=O)[C@@H]2[C@H]3C1=O)c1ccc(cc1)Cl,0,0.401790,0.487469,0.322516
C[C@@H]1CCCCO[C@@H](CN(C)CC2CCCCC2)[C@@H](C)CN([C@H](C)CO)C(=O)c2cc(ccc2O1)NC(=O)c1ccccc1,0,0.012328,0.022769,0.007771
C[C@H]1CCCCO[C@H](CN(C)S(=O)(=O)c2ccc(cc2)Cl)[C@H](C)CN([C@H](C)CO)C(=O)c2cc(ccc2O1)NS(=O)(=O)c1ccccc1,0,0.001828,0.025096,0.004111
Cc1cccc(c1)S(=O)(=O)N1C[C@@H](O)COC[C@H]2O[C@H](CC[C@@H]21)CC(=O)NCCCN1CCOCC1,0,0.152136,0.037315,0.012906
Cc1c-2c(nn1C)CSCc1cc(n(n1)C)CSc1cc(c3ccccc3c1)OCCCc1c(n(c3c2c(ccc13)Cl)C)C(=O)O,1,0.969476,0.512112,0.208119
O=C(O)CC(O)(CC(=O)O)C(=O)O,0,0.007545,0.050320,0.046413
Nc1cnc(cn1)Cl,0,0.180469,0.187738,0.040964
Oc1cc(O)c2c(c1)OC(c1cc(O)c(O)c(O)c1)C(O)C2c1c(O)cc(O)c2c1OC(c1cc(O)c(O)c(O)c1)C(O)C2c1c(O)cc(O)c2c1OC(c1cc(O)c(O)c(O)c1)C(O)C2,0,0.787455,0.145690,0.064896
C[C@H]1CN([C@@H](C)CO)C(=O)Cc2cc(ccc2O[C@H]1CN(C)S(=O)(=O)C)NC(=O)Cc1ccccc1,0,0.002357,0.027372,0.006967
NC1Cc2ccccc2C1,0,0.058131,0.329329,0.161890
C[C@H]1CN([C@@H](C)CO)C(=O)c2cc(ccc2O[C@H]1CN(C)Cc1ccc(cc1)C(=O)Nc1ccccc1N)NC(=O)Cc1cn(c2ccccc12)C,0,0.003323,0.024115,0.003653
CC[N+](CC)(CC)CCOc1cccc(OCC[N+](CC)(CC)CC)c1OCC[N+](CC)(CC)CC.[I-].[I-].[I-],0,0.002851,0.434492,0.126317
C[C@@H]1CN([C@@H](C)CO)C(=O)c2cc(ccc2O[C@H]1CN(C)C(=O)Nc1ccc(cc1)F)NC(=O)Cn1cnnn1,0,0.300844,0.031052,0.013243
CC(C)NC(=O)Nc1ccc2c(c1)C(=O)N(C[C@@H](C)[C@H](CN(C)C(=O)Nc1cccc3ccccc13)OCCCC[C@@H](C)O2)[C@@H](C)CO,0,0.018195,0.024475,0.005046
CON=C(C(=O)N[C@H]1[C@H]2SCC(=C(N2C1=O)C(=O)OCOC(=O)C(C)(C)C)C=Cc1scnc1C)c1csc(n1)N,1,0.970180,0.951779,0.962277
C[C@H]1CN([C@@H](C)CO)C(=O)c2cc(ccc2O[C@H]1CN(C)C(=O)Nc1c(noc1C)C)NC(=O)CCCN(C)C,0,0.040039,0.023844,0.005551
CO[C@@H]1[C@H](O[P@@](=O)(S)OC[C@H]2O[C@H](C[C@@H]2O)n2cnc3c(ncnc23)N)[C@@H](CO)O[C@H]1N1C=CC(=O)NC1=O,0,0.179381,0.713311,0.616655
C[C@H]1CN([C@H](C)CO)C(=O)Cc2cc(ccc2O[C@@H]1CN(C)S(=O)(=O)c1cn(cn1)C)NC(=O)c1ccncc1,0,0.002307,0.024232,0.003812
C[C@@H]1CN([C@@H](C)CO)C(=O)CCCn2nncc2CO[C@H]1CN(C)C(=O)Nc1ccc2c(c1)OCCO2,0,0.027615,0.030875,0.006014
C[C@H]1CN([C@@H](C)CO)C(=O)c2cc(ccc2O[C@H]1CN(C)Cc1ccncc1)NC(=O)CCCN(C)C,0,0.011759,0.023184,0.004424
CC(=N)NCCC[C@H](N)C(=O)O,0,0.324479,0.035530,0.013750
C[C@@H]1CN([C@@H](C)CO)C(=O)c2cccc(c2O[C@H]1CN(C)C(=O)Nc1ccc(cc1)C(F)(F)F)NC(=O)Nc1ccc(cc1)C(F)(F)F,0,0.985494,0.590318,0.344518
COCC#Cc1cnc2c(c1)C(=O)N(C[C@H](C)[C@H](CN(C)S(=O)(=O)c1cccc(c1)OC)O2)[C@H](C)CO,0,0.022659,0.025129,0.005511
COc1cc2c(cc1O)CC1c3c(cc(O)c(OC)c3-2)CCN1C,0,0.850923,0.433712,0.275924
COc1ccc(cc1)[Si](C)(C)[C@H]1[C@H](C)[C@]2(O[C@@H]1CCn1cc(nn1)[C@H](O)c1ccccc1)C(=O)N(Cc1ccc(cc1)N1C(=O)c3cccc4cccc1c34)c1ccccc12,0,0.003915,0.044815,0.014050
COc1ccc(cc1)NC(=O)N(C)C[C@@H]1OCCCC[C@@H](C)Oc2ccc(cc2C(=O)N(C[C@H]1C)[C@@H](C)CO)NC(=O)c1ccncc1,0,0.004864,0.023229,0.003573
Cn1cnc(c1)S(=O)(=O)N[C@@H]1CC[C@H](CC(=O)Nc2ccccc2)O[C@H]1CO,0,0.028083,0.026118,0.008505
OC[C@@H]1O[C@@H](CC(=O)NCCCN2CCOCC2)C=C[C@@H]1NC(=O)C1CC1,0,0.077276,0.029844,0.013301
C[C@H]1CN([C@H](C)CO)C(=O)c2cc(ccc2O[C@H]1CN(C)S(=O)(=O)C)NC(=O)Nc1c(noc1C)C,0,0.027358,0.024209,0.007050
C[C@H]1CCCCO[C@H](CN(C)C(=O)c2ccncc2)[C@H](C)CN([C@@H](C)CO)C(=O)c2cc(ccc2O1)NS(=O)(=O)C,0,0.001703,0.024828,0.003478
C[C@H]1CN([C@@H](C)CO)C(=O)c2cc(ccc2O[C@@H]1CN(C)C(=O)Nc1c(noc1C)C)NC(=O)Nc1ccc(cc1)C(F)(F)F,0,0.796775,0.734527,0.653322
C[C@@H]1CN([C@@H](C)CO)C(=O)c2cc(ccc2O[C@@H]1CN(C)Cc1ccc(cc1)C(=O)O)NS(=O)(=O)c1c(noc1C)C,0,0.009594,0.028321,0.006276
COc1cc(C2c3cc4c(cc3C(OC3OC5COC(C)OC5C(O)C3O)C3COC(=O)C23)OCO4)cc(OC)c1O,0,0.888230,0.908054,0.907048
C[C@@H]1CN([C@H](C)CO)S(=O)(=O)c2ccc(cc2O[C@@H]1CN(C)S(=O)(=O)c1cn(cn1)C)C#Cc1ccc(cc1)F,0,0.146637,0.029649,0.006862
NC(=N)N/N=C/c1ccc2c(c1)OCO2,0,0.595837,0.145351,0.119131
Oc1ccc(cc1)C1(CCC(F)(F)CC1)c1ccccc1F,1,0.923417,0.277913,0.561934
C[C@H]1CCCCO[C@H](CN(C)S(=O)(=O)c2ccc(cc2)F)[C@@H](C)CN([C@H](C)CO)C(=O)c2cc(ccc2O1)NC(=O)Cc1ccccc1,0,0.003010,0.024500,0.004751
C[C@@H]1CCCCO[C@H](CN(C)S(=O)(=O)c2ccc(cc2)Cl)[C@H](C)CN([C@@H](C)CO)C(=O)c2cc(ccc2O1)NS(=O)(=O)c1ccc(cc1)C,0,0.002726,0.025100,0.004737
CN/C(=N\C)NCCC[C@H](N)C(=O)O,0,0.000169,0.031822,0.010389
COc1ccc(cc1)CN(C)C[C@H]1Oc2ccc(cc2CC(=O)N(C[C@H]1C)[C@H](C)CO)NC(=O)Nc1ccc(cc1)C(F)(F)F,0,0.285853,0.038749,0.030385
C[C@H]1CCCCO[C@@H](CN(C)S(=O)(=O)c2c(noc2C)C)[C@@H](C)CN([C@H](C)CO)C(=O)c2cc(ccc2O1)NC(=O)Nc1ccc(cc1)F,0,0.021597,0.025408,0.006533
C[C@@H]1CN([C@H](C)CO)S(=O)(=O)c2ccc(cc2O[C@@H]1CN(C)CC1CCOCC1)-c1cccnc1,0,0.047575,0.024277,0.004825
CCCNC(=O)C[C@@H]1CC[C@H]2[C@@H](COc3ccc(cc3C(=O)N2C)NC(=O)c2ccc3c(c2)OCO3)O1,0,0.001731,0.024330,0.007004
OC[C@H]1O[C@H](C[C@H]2[C@@H]1Oc1ccc(cc12)NS(=O)(=O)c1ccccc1)CC(=O)NC1CCCCC1,0,0.001665,0.032370,0.006650
CCCC(=O)Nc1ccc2c(c1)OC[C@@H](C)N(C[C@@H](C)[C@@H](CN(C)C2=O)OC)Cc1ccc(cc1)-c1ccccn1,0,0.007481,0.039925,0.013607
CC(C)NC(=O)N(C)C[C@@H]1Oc2ccc(cc2CC(=O)N(C[C@@H]1C)[C@@H](C)CO)NS(=O)(=O)c1ccccc1,0,0.001894,0.024201,0.004625
CCO[C@H]1OC(=C[C@H]([C@@H]1CCCOC(=O)NCCCCCC(=O)NO)c1ccc(cc1)C(F)(F)F)C(=O)N1CCN(CC1)Cc1ccc2c(c1)OCO2,0,0.000033,0.059248,0.034690
CCS(=O)(=O)Nc1ccc2c(c1)C(=O)N(C)C[C@@H](OC)[C@H](C)CN(Cc1nccs1)[C@H](C)CO2,0,0.003643,0.023862,0.005138
C[C@H]1CCCCO[C@H](CN(C)CC2CCCCC2)[C@H](C)CN([C@H](C)CO)C(=O)c2cc(ccc2O1)NC(=O)Nc1ccc(cc1)F,0,0.234526,0.066169,0.031780
COC(=O)[C@@H]1[C@H](C(=O)O)[C@]2([C@H](N1C)c1ccccc1)C(=O)Nc1ccc(cc12)C#Cc1ccc(cc1)OC,0,0.769757,0.271954,0.476729
CC(C)NC(=O)Nc1ccc2c(c1)C(=O)N(C)[C@H]1CC[C@@H](CC(=O)NCc3ccc(cc3)F)O[C@@H]1CO2,0,0.048529,0.028273,0.013874
CC(C)(C)S(=O)N1Cc2cc(nc(c2[C@@H]1CCO)-c1cccc(c1)C#CCC1CCCC1)C(=O)N[C@@H]1CCN(C1)Cc1ccccc1,0,0.029896,0.118311,0.029448
COc1ccc(cc1)NC(=O)N(C)C[C@H]1OCCCC[C@@H](C)Oc2ccc(cc2C(=O)N(C[C@H]1C)[C@@H](C)CO)NC(=O)Nc1ccccc1,0,0.019988,0.023258,0.003831
CS(=O)(=O)N1CCCCC1,0,0.004780,0.044472,0.007561
C[C@@H]1CN([C@H](C)CO)C(=O)c2cccc(c2O[C@H]1CN(C)S(=O)(=O)c1cccs1)NC(=O)Nc1cccc2ccccc12,0,0.012217,0.024832,0.004114
C[C@H]1CN([C@H](C)CO)C(=O)Cc2cc(ccc2O[C@H]1CN(C)C(=O)Nc1cccc2ccccc12)NC(=O)Nc1ccc(cc1)C(F)(F)F,0,0.283668,0.044686,0.024542
CO[C@@H]1CN(C)C(=O)c2ccc(cc2OC[C@@H](C)N(C[C@@H]1C)C(=O)C1CCOCC1)NC(=O)CC(F)(F)F,0,0.115335,0.256261,0.156196
C[C@@H]1CN([C@H](C)CO)C(=O)c2cccc(c2O[C@@H]1CN(C)Cc1ccc(cc1)C(F)(F)F)NC(=O)Nc1ccccc1,0,0.429046,0.053399,0.054023
CO[C@H]1CN(C)C(=O)c2cc(ccc2OC[C@H](C)N(C[C@@H]1C)C(=O)CN(C)C)NC(=O)Nc1ccccc1,0,0.106229,0.030083,0.011261
C[C@@H]1CN([C@@H](C)CO)C(=O)c2cc(ccc2O[C@H]1CN(C)C(=O)Nc1cccc2ccccc12)NS(=O)(=O)c1ccc(cc1)C,0,0.004425,0.024876,0.003689
CCC(=O)N(C)C[C@H]1Oc2ncc(cc2C(=O)N(C[C@@H]1C)[C@H](C)CO)C#C[C@H](C)O,0,0.010751,0.021815,0.008168
Cc1ccc(cc1)S(=O)(=O)N[C@H]1CC[C@H](CC(=O)N2CCC(CC2)Cc2ccccc2)O[C@@H]1CO,0,0.030572,0.034698,0.018286
CNC(=O)C[C@H]1CC[C@@H]2[C@H](COC[C@H](O)CN2C(=O)Nc2ccc3c(c2)OCO3)O1,0,0.378604,0.045289,0.058822
CCCNC(=O)c1cc2c(c(n1)-c1cccc(c1)-c1cccc(c1)OC)[C@@H](CCO)N(C2)[S@](=O)C(C)(C)C,0,0.021807,0.099941,0.063837
C[C@@H]1CN([C@H](C)CO)C(=O)c2cc(ccc2O[C@@H]1CN(C)C(=O)Nc1ccc(cc1)C(F)(F)F)NC(=O)Nc1ccc(cc1)C(F)(F)F,0,0.974105,0.169996,0.091607
CN1C(=CC=C(C(=O)O)C1=O)C,0,0.140836,0.104627,0.052751
CCS(=O)(=O)Nc1ccc2c(c1)C(=O)N(C)[C@H]1CC[C@@H](CC(=O)NCCCN3CCOCC3)O[C@H]1CO2,0,0.005532,0.023609,0.006232
C[C@@H]1CN([C@@H](C)CO)S(=O)(=O)c2ccc(cc2O[C@H]1CN(C)C(=O)C1CCCCC1)C#CC1CC1,0,0.038635,0.034707,0.010800
C[C@H]1CN([C@@H](C)CO)C(=O)c2cccc(c2O[C@H]1CN(C)S(=O)(=O)c1ccc(cc1)Cl)NC(=O)Nc1ccc(cc1)C(F)(F)F,0,0.784319,0.224643,0.028818
CCNC(=O)[C@@H]1[C@@H](CO)[C@@H]2CN3C(=O)C(=CC=C3[C@H]1N2)c1cccc(c1)C(=O)N(C)C,0,0.029108,0.034412,0.010642
C[C@@H]1CN([C@@H](C)CO)C(=O)Cc2cc(ccc2O[C@H]1CN(C)C(=O)Nc1ccc(cc1)C(F)(F)F)NC(=O)NC1CCCCC1,0,0.515112,0.250631,0.215035
C[C@H]1CN([C@@H](C)CO)C(=O)c2cc(ccc2O[C@H]1CN(C)Cc1ccncc1)NS(=O)(=O)c1cn(cn1)C,0,0.010837,0.024578,0.003541
CN1[C@H]2CC[C@H](CC(=O)Nc3cccc4ccccc34)O[C@@H]2COc2ccc(cc2C1=O)NS(=O)(=O)c1ccc(cc1)F,0,0.001870,0.042585,0.010576
OC[C@@H]1O[C@@H](CC[C@H]1NC(=O)c1cnccn1)CC(=O)NCc1ccccc1F,0,0.164855,0.034732,0.030883
C[C@H]1CN([C@H](C)CO)C(=O)c2cccc(c2O[C@@H]1CN(C)Cc1ccc(cc1)C(=O)Nc1ccccc1N)NC(=O)Nc1c(noc1C)C,0,0.038247,0.027010,0.006624
C[C@@H]1CCCCO[C@@H](CN(C)C(=O)c2ccccc2)[C@H](C)CN([C@@H](C)CO)C(=O)c2cc(ccc2O1)NC(=O)Nc1ccc2c(c1)OCO2,0,0.002110,0.022909,0.003210
C[C@@H]1CCCCO[C@H](CN(C)C(=O)Nc2cccc3ccccc23)[C@H](C)CN([C@H](C)CO)C(=O)c2cc(ccc2O1)NS(=O)(=O)c1ccc(cc1)C,0,0.001339,0.025607,0.003040
COc1ccc(cc1)S(=O)(=O)N(C)C[C@@H]1Oc2c(cccc2C(=O)N(C[C@H]1C)[C@@H](C)CO)N(C)C,0,0.010754,0.026868,0.007883
CCS(=O)(=O)Nc1ccc2c(c1)C(=O)N(C)C[C@@H](OC)[C@@H](C)CN(Cc1ccccn1)[C@@H](C)CO2,0,0.002073,0.024312,0.004411
O=C(NC(Cc1cc(=O)[nH]c2ccccc12)C(=O)O)c1ccc(Cl)cc1,0,0.747848,0.328389,0.420829
C[C@@H]1CCCCO[C@H](CN(C)Cc2ccccc2)[C@H](C)CN([C@H](C)CO)C(=O)c2cc(ccc2O1)NC(=O)C1CCCCC1,0,0.020345,0.025794,0.009723
COc1cc(cc(c1OC)OC)NC(=O)Cn1cnc2c1C(=O)N(C)C(=O)N2C,0,0.971427,0.150199,0.201634
C[C@H]1CCCCO[C@H](CN(C)S(=O)(=O)c2ccccc2)[C@H](C)CN([C@H](C)CO)C(=O)c2cc(ccc2O1)NC(=O)Nc1ccc2c(c1)OCO2,0,0.001882,0.024234,0.003720
C[C@@H]1CCCCO[C@H](CN(C)S(=O)(=O)c2ccc(cc2)C)[C@@H](C)CN([C@H](C)CO)C(=O)c2cc(ccc2O1)NC(=O)CCC(F)(F)F,0,0.030871,0.024301,0.005149
OC[C@@H]1O[C@H](CCNS(=O)(=O)c2ccc(cc2)Cl)CC[C@@H]1NS(=O)(=O)c1ccccc1Cl,0,0.200286,0.134365,0.046371
C[C@@H]1CCCCO[C@@H](CN(C)S(=O)(=O)c2cccs2)[C@@H](C)CN([C@H](C)CO)C(=O)c2cc(ccc2O1)NC(=O)Nc1ccc(cc1)C(F)(F)F,0,0.085130,0.058613,0.012861
C[C@@H]1CN([C@H](C)CO)C(=O)c2cccc(c2O[C@@H]1CN(C)C(=O)Nc1ccccc1)NC(=O)Nc1cccc2ccccc12,0,0.056331,0.027461,0.013574
NC[C@H]1O[C@H](O[C@H]2[C@@H](N)C[C@@H](N)[C@H](O[C@H]3O[C@H](CO)[C@@H](O)[C@H](N)[C@H]3O)[C@H]2O)[C@H](O)[C@@H](O)[C@@H]1O,0,0.814419,0.770547,0.829003
C[C@@H]1CCCCO[C@H](CN(C)C(=O)c2ccccc2)[C@@H](C)CN([C@@H](C)CO)C(=O)c2cc(ccc2O1)NC(=O)Nc1ccc2c(c1)OCO2,0,0.002110,0.022909,0.003210
C[C@H]1CN([C@H](C)CO)C(=O)c2cccc(c2O[C@@H]1CN(C)C(=O)Nc1c(noc1C)C)NC(=O)c1cnccn1,0,0.188576,0.026540,0.011398
C[C@@H]1CCCCO[C@H](CN(C)C(=O)NC2CCCCC2)[C@H](C)CN([C@H](C)CO)C(=O)c2cc(ccc2O1)NC(=O)Cc1ccccc1,0,0.004248,0.023304,0.005270
C[C@H]1CN([C@@H](C)CO)C(=O)c2cccc(c2O[C@H]1CN(C)S(=O)(=O)C)NS(=O)(=O)c1cccs1,0,0.014566,0.024859,0.005756
COc1ccc(cc1)NC(=O)N(C)C[C@@H]1Oc2c(cccc2C(=O)N(C[C@@H]1C)[C@@H](C)CO)NC(=O)c1cc(nn1C)C,0,0.043351,0.023596,0.006298
C[C@@H]1CN([C@@H](C)CO)C(=O)c2ccccc2-c2ccccc2CO[C@@H]1CN(C)C(=O)N[C@H](C)c1ccccc1,0,0.026987,0.043953,0.020733
CCCN(C)C[C@@H]1OCCCC[C@H](C)Oc2ccc(cc2C(=O)N(C[C@@H]1C)[C@@H](C)CO)NC(=O)c1ccccc1,0,0.009189,0.035713,0.014484
C[C@H]1CCCCO[C@@H](CN(C)Cc2ccc(cc2)C(=O)O)[C@@H](C)CN([C@H](C)CO)C(=O)c2cc(ccc2O1)NC(=O)Cc1ccccc1,0,0.030756,0.026123,0.009496
C[C@H]1CN([C@@H](C)CO)C(=O)c2cccc(c2O[C@H]1CN(C)C(=O)Nc1ccccc1)NS(=O)(=O)c1c(noc1C)C,0,0.016259,0.024350,0.006035
CC(C)NC(=O)Nc1ccc2c(c1)CC(=O)N(C[C@H](C)[C@H](CN(C)Cc1ccc3c(c1)OCO3)O2)[C@H](C)CO,0,0.022888,0.034515,0.009596
CC(C)C[C@@H]1NC(=O)[C@H]2C[C@H]([C@H](N2C1=O)c1cccc(c1)OCCO)C(=O)NCCCCCC[N+](C)(C)C,0,0.569774,0.102019,0.110070
COc1ccc(cc1)S(=O)(=O)Nc1ccc2c(c1)C(=O)N(C[C@@H](C)[C@@H](CN(C)Cc1ccc(cc1)-c1ccccc1)O2)[C@@H](C)CO,0,0.003954,0.024934,0.005601
CN1CCN(CC1)C(=O)[C@H]1[C@H](CO)[C@H]2CN3C(=O)C(=CC=C3[C@@H]1N2S(=O)(=O)C)C1=CCCCC1,0,0.007051,0.030391,0.016883
COc1ccc(cc1)S(=O)(=O)N(C)C[C@H]1OCCCC[C@@H](C)Oc2ccc(cc2C(=O)N(C[C@@H]1C)[C@@H](C)CO)NC(=O)Nc1ccc(cc1)C(F)(F)F,0,0.164913,0.046989,0.009664
C[C@H]1CN([C@@H](C)CO)C(=O)CCCn2cc(nn2)CO[C@H]1CN(C)C(=O)CCCN(C)C,0,0.015909,0.035112,0.006583
COc1ccccc1C#Cc1cnc2c(c1)C(=O)N(C[C@@H](C)[C@@H](CN(C)S(=O)(=O)c1cn(cn1)C)O2)[C@H](C)CO,0,0.036526,0.024163,0.003812
CN(C)CCCNC(=O)C[C@H]1CC[C@H]2[C@H](COc3ccc(cc3C(=O)N2C)NC(=O)c2ccc3c(c2)OCO3)O1,0,0.008295,0.023341,0.006128
C[C@@H]1CN([C@@H](C)CO)S(=O)(=O)c2ccc(cc2O[C@H]1CN(C)C(=O)c1cccc(c1)F)C#CC1CC1,0,0.072147,0.040443,0.006539
C[C@@H]1CN([C@@H](C)CO)C(=O)c2cccc(c2O[C@H]1CN(C)CC1CCCCC1)NC(=O)c1nc2ccccc2s1,0,0.024405,0.046697,0.013185
CCNC(=O)C[C@H]1CC[C@@H]2[C@H](COc3ccc(cc3C(=O)N2C)NS(=O)(=O)c2ccccc2C)O1,0,0.001621,0.026288,0.005996
C[C@@H]1CCCCO[C@H](CN(C)C(=O)Nc2ccc(cc2)C(F)(F)F)[C@H](C)CN([C@H](C)CO)C(=O)c2cc(ccc2O1)NC(=O)Nc1ccc(cc1)C(F)(F)F,0,0.935200,0.059645,0.029122
CN1[C@@H]2CC[C@@H](CC(=O)NCC(F)(F)F)O[C@@H]2COc2ccc(cc2C1=O)NC(=O)c1cccs1,0,0.166241,0.257871,0.141273
C[C@@H]1CCCCO[C@@H](CN(C)S(=O)(=O)c2ccccc2)[C@H](C)CN([C@H](C)CO)C(=O)c2cc(ccc2O1)NS(=O)(=O)C,0,0.003261,0.024229,0.004410
C[C@@H]1CN([C@@H](C)CO)C(=O)c2cc(cnc2O[C@H]1CN(C)C(=O)Cc1ccccn1)-c1cccc(c1)C(=O)N(C)C,0,0.001842,0.024172,0.004295
COc1ccc(cc1)NC(=O)N(C)C[C@@H]1Oc2ccc(cc2C(=O)N(C[C@H]1C)[C@@H](C)CO)NS(=O)(=O)C,0,0.044597,0.023531,0.004192
CC(=O)N1[C@H]([C@H](CO)[C@H]2CN3C(=O)C=CC=C3[C@H]21)C(=O)N1CCc2ccccc2C1,0,0.001149,0.044826,0.028142
C[C@H]1CCCCO[C@@H](CN(C)C(=O)Nc2cccc3ccccc23)[C@H](C)CN([C@@H](C)CO)C(=O)c2cc(ccc2O1)NC(=O)C1CCCCC1,0,0.008460,0.024299,0.005258
C[C@H](O)C#Cc1cnc2c(c1)C(=O)N(C[C@@H](C)[C@@H](CN(C)C(=O)CN1CCOCC1)O2)[C@@H](C)CO,0,0.014958,0.033597,0.012472
CN(C)C1CN(C1)S(=O)(=O)CCC1CC1,0,0.026481,0.053454,0.007503
COc1cccc(c1)NC(=O)N1C[C@H](O)COC[C@@H]2O[C@@H](CC[C@H]21)CC(=O)NCCCN1CCOCC1,0,0.400032,0.430952,0.202962
C[C@@H]1CN([C@H](C)CO)C(=O)c2cccc(c2O[C@@H]1CN(C)C(=O)Nc1ccc(cc1)C(F)(F)F)NS(=O)(=O)c1ccc(cc1)F,0,0.417221,0.239253,0.052892
C[C@H]1CCCCO[C@H](CN(C)C(=O)c2ccccc2)[C@H](C)CN([C@H](C)CO)C(=O)c2cc(ccc2O1)NS(=O)(=O)c1ccc(cc1)C,0,0.000295,0.024238,0.003690
C[C@@H]1CN([C@H](C)CO)C(=O)c2cc(cnc2O[C@H]1CN(C)Cc1ccc(cc1)-c1ccccc1)-c1cccnc1,0,0.041404,0.037931,0.015671
C[C@@H]1CN([C@H](C)CO)C(=O)c2cc(ccc2O[C@H]1CN(C)S(=O)(=O)c1ccccc1)NS(=O)(=O)c1cccs1,0,0.005745,0.024513,0.004143
COc1ccc(cc1)S(=O)(=O)Nc1ccc2c(c1)CC(=O)N(C[C@@H](C)[C@@H](CN(C)C(=O)NC(C)C)O2)[C@@H](C)CO,0,0.003198,0.024287,0.004872
COc1ccccc1CNC(=O)C[C@@H]1C[C@@H]2[C@@H](Oc3ccc(cc32)NC(=O)c2cccnc2)[C@@H](CO)O1,0,0.007925,0.027365,0.011445
C[C@@H]1CN([C@@H](C)CO)C(=O)CCCn2nncc2CO[C@H]1CN(C)C(=O)Nc1cccc(c1)C(F)(F)F,0,0.799851,0.926457,0.956871
CCCCOc1cc(C(=O)NCCN(CC)CC)c2ccccc2n1.Cl,0,0.577452,0.489023,0.225203
CC1=CCCC(C)=CCC(C)(C)C=CC1,0,0.110062,0.169196,0.144511
COc1ccc(cc1)CNC(=O)C[C@@H]1CC[C@H]2[C@@H](COc3ccc(cc3C(=O)N2C)NC(=O)C2CC2)O1,0,0.010891,0.024416,0.009678
C[C@@H]1CN([C@H](C)CO)C(=O)c2cc(ccc2O[C@@H]1CN(C)S(=O)(=O)c1ccc(cc1)Cl)N(C)C,0,0.022417,0.035648,0.009996
C#CC1(O)C=CC2C3CCC4=CC(=O)CCC4C3CCC21CC,0,0.010948,0.108204,0.082494
CC(=O)NC[C@H]1C[C@H](CN1)N(C(=O)C)S(=O)(=O)c1cccc2cncc(c12)C,0,0.001219,0.028530,0.012078
C[C@@H]1CCCCO[C@@H](CN(C)S(=O)(=O)c2cccs2)[C@H](C)CN([C@H](C)CO)C(=O)c2cc(ccc2O1)NC(=O)NC1CCCCC1,0,0.003012,0.024221,0.003534
COCCNC(=O)C[C@@H]1CC[C@@H]2[C@H](COC[C@H](O)CN2S(=O)(=O)c2ccccc2F)O1,0,0.240747,0.044655,0.016888
CC(C)[C@@H](N(CCCN)C(=O)c1ccc(cc1)C)C1=Nc2cc(ccc2C(=O)N1Cc1ccccc1)Cl,1,0.310381,0.633026,0.557465
ONC(=O)c1ccc(s1)-c1cn(nn1)CC(=O)N1CCOCC1,0,0.605293,0.133191,0.205787
C[C@H]1CN([C@@H](C)CO)C(=O)c2cc(ccc2O[C@@H]1CN(C)Cc1ccc(cc1)-c1ccccc1)NC(=O)Nc1ccc(cc1)F,0,0.237203,0.075154,0.032774
C[C@@H]1CN([C@@H](C)CO)C(=O)c2cc(ccc2O[C@@H]1CN(C)Cc1ccncc1)NS(=O)(=O)c1cccs1,0,0.002742,0.024900,0.003677
CC(C)NC(=O)N[C@H]1C=C[C@H](CC(=O)O)O[C@H]1CO,0,0.076564,0.029658,0.016698
C[C@H]1CN([C@H](C)CO)C(=O)c2cccc(c2O[C@@H]1CN(C)S(=O)(=O)c1ccc(cc1)Cl)NC(=O)c1cc(nn1C)C,0,0.042444,0.024780,0.004788
C[C@H]1CCCCO[C@H](CN(C)C(=O)c2ccccc2)[C@H](C)CN([C@@H](C)CO)C(=O)c2cc(ccc2O1)NC(=O)Nc1ccc(cc1)F,0,0.012787,0.022520,0.005631
C[C@@H]1CN([C@@H](C)CO)C(=O)Cc2cc(ccc2O[C@@H]1CN(C)S(=O)(=O)c1ccccc1)NC(=O)CCCN(C)C,0,0.003996,0.026032,0.005445
C[C@H]1CCCCO[C@H](CN(C)S(=O)(=O)C)[C@H](C)CN([C@H](C)CO)C(=O)c2cc(ccc2O1)NS(=O)(=O)c1cccs1,0,0.002372,0.024615,0.004504
C[C@@H]1CN([C@@H](C)CO)S(=O)(=O)c2ccc(cc2O[C@H]1CN(C)S(=O)(=O)C)C#Cc1ccccc1,0,0.031761,0.036968,0.011728
Cn1cc(cn1)CN1CCn2nnc(c2C1)CO,0,0.075308,0.040581,0.022519
Cl.NC(Cc1ccc(Cl)cc1)C(=O)O,0,0.879865,0.103652,0.069511
C[C@H]1CCCCO[C@H](CN(C)C(=O)c2ccccc2)[C@@H](C)CN([C@@H](C)CO)C(=O)c2cc(ccc2O1)NS(=O)(=O)c1ccc(cc1)C,0,0.000295,0.024238,0.003690
C[C@@H]1CN([C@@H](C)CO)C(=O)c2cccc(c2O[C@H]1CN(C)Cc1ccc(cc1)-c1ccccc1)NC(=O)C1CCCCC1,0,0.101003,0.044223,0.033940
NCC[C@H]1CC[C@@H](NC(=O)c2ccccc2F)[C@@H](CO)O1,0,0.336957,0.069891,0.038353
C[C@H]1CN([C@H](C)CO)C(=O)c2cc(ccc2O[C@H]1CN(C)Cc1ccc(cc1)Oc1ccccc1)NC(=O)CCC(F)(F)F,0,0.044639,0.033865,0.027411
CN1C(=O)C=NN(CCCCN2CCN(CC2)c2ncccn2)C1=O,0,0.745627,0.231485,0.135870
COCCNCc1ccc(nc1)-c1cc2nccc(c2s1)Oc1ccc(cc1F)NC(=S)NC(=O)Cc1ccc(cc1)F,0,0.763970,0.349314,0.377189
C[C@H]1CCCCO[C@@H](CN(C)Cc2ccc(cc2)C(=O)O)[C@H](C)CN([C@@H](C)CO)C(=O)c2cc(ccc2O1)NC(=O)Nc1ccc2c(c1)OCO2,0,0.044219,0.024880,0.004849
COc1ccc(cc1)NC(=O)N(C)C[C@H]1Oc2c(cccc2C(=O)N(C[C@@H]1C)[C@@H](C)CO)NS(=O)(=O)c1cn(cn1)C,0,0.083475,0.023793,0.003814
COc1ccc(cc1)CN(C)C[C@H]1OCCCC[C@@H](C)Oc2ccc(cc2C(=O)N(C[C@H]1C)[C@@H](C)CO)NS(=O)(=O)c1c(noc1C)C,0,0.001335,0.024836,0.004845
NCC(=O)Nc1ccc(c(c1F)F)F,0,0.888908,0.276320,0.134275
Cc1cccc(C)c1NC1=NCCCS1,0,0.720398,0.192167,0.122615
Cl.N=C(N)NCCCC(N)C(=O)O,0,0.043891,0.090823,0.039161
C[C@H]1CN([C@@H](C)CO)C(=O)c2cc(ccc2O[C@H]1CN(C)Cc1ccc(cc1)C(=O)Nc1ccccc1N)NC(=O)CCC(F)(F)F,0,0.117773,0.037771,0.012837
CC(C)N1C[C@H](C)[C@@H](CN(C)Cc2ccc(cc2)Oc2ccccc2)Oc2c(cccc2-c2nn[nH]n2)C1=O,0,0.043300,0.273360,0.147634
CN1[C@H]2CC[C@@H](CC(=O)NCCc3ccncc3)O[C@@H]2COc2ccc(cc2C1=O)NS(=O)(=O)c1ccc(cc1)C,0,0.001602,0.029426,0.005761
CO[C@@H]1CN(C)C(=O)c2ccc(cc2OC[C@@H](C)N(C[C@H]1C)Cc1nccs1)NS(=O)(=O)CC(F)(F)F,0,0.036999,0.026264,0.014055
C[C@H]1CCCCO[C@H](CN(C)S(=O)(=O)c2cccs2)[C@H](C)CN([C@H](C)CO)C(=O)c2cc(ccc2O1)NC(=O)NC1CCCCC1,0,0.003012,0.024221,0.003534
CC(NC(C)(C)C)C(=O)c1cccc(Cl)c1.Cl,0,0.894698,0.153895,0.073604
C[C@@H]1CN([C@@H](C)CO)C(=O)Cc2cc(ccc2O[C@@H]1CN(C)S(=O)(=O)c1cn(cn1)C)NS(=O)(=O)c1cn(cn1)C,0,0.017230,0.024226,0.006993
C[C@@H]1CN([C@@H](C)CO)C(=O)Cc2cc(ccc2O[C@@H]1CN(C)S(=O)(=O)c1ccc(cc1)F)NS(=O)(=O)c1cccs1,0,0.006668,0.024663,0.004974
CC(C)NC(=O)N(C)C[C@@H]1Oc2c(cccc2C(=O)N(C[C@@H]1C)[C@H](C)CO)NS(=O)(=O)c1ccc(cc1)F,0,0.040360,0.032345,0.013942
CC(C)NC(=O)N(C)C[C@H]1OCCCC[C@H](C)Oc2ccc(cc2C(=O)N(C[C@H]1C)[C@@H](C)CO)NC(=O)Nc1ccc(cc1)C(F)(F)F,0,0.519603,0.179649,0.096943
Cc1ccc(cc1)NC(=O)C1=CC(=O)NC(=O)N1,0,0.629798,0.223609,0.145109
C[C@@H]1CN([C@H](C)CO)C(=O)Cc2cc(ccc2O[C@H]1CN(C)C(=O)NC1CCCCC1)NC(=O)CCN1CCOCC1,0,0.003796,0.027196,0.007078
C[C@H]1CCCCO[C@@H](CN(C)S(=O)(=O)c2ccc(cc2)C)[C@@H](C)CN([C@@H](C)CO)C(=O)c2cc(ccc2O1)NC(=O)C1CCCCC1,0,0.002473,0.024262,0.003838
C[C@H]1CCCCO[C@@H](CN(C)C)[C@H](C)CN([C@H](C)CO)C(=O)c2cc(ccc2O1)NC(=O)Nc1cccc2ccccc12,0,0.045103,0.039425,0.013965
CO[C@@H]1CN(C)C(=O)c2ccc(cc2OC[C@@H](C)N(C[C@H]1C)C(=O)Cc1ccccn1)NC(=O)C1CC1,0,0.002609,0.026014,0.005290
C[C@H]1CCCCO[C@@H](CN(C)Cc2ccc(cc2)C(F)(F)F)[C@@H](C)CN([C@@H](C)CO)C(=O)c2cc(ccc2O1)NS(=O)(=O)c1c(noc1C)C,0,0.033804,0.024757,0.009315
CCOc1ccc(cc1)Nc1nc2c(n1[C@H]1O[C@@H](CO)[C@@H](O)[C@@H]1O)NC=NC2=O,0,0.887020,0.113932,0.104772
C[C@H]1CN([C@H](C)CO)C(=O)c2cc(ccc2O[C@H]1CN(C)Cc1ccc(cc1)Oc1ccccc1)NC(=O)Nc1ccc(cc1)F,0,0.029981,0.045551,0.019769
C[C@@H]1CN([C@@H](C)CO)C(=O)c2c(c3ccccc3n2C)-c2ccccc2CO[C@@H]1CN(C)C(=O)N[C@H](C)c1ccccc1,0,0.031967,0.032933,0.012069
C[C@H]1CCCCO[C@@H](CN(C)C(=O)c2ccncc2)[C@H](C)CN([C@@H](C)CO)C(=O)c2cc(ccc2O1)NS(=O)(=O)C,0,0.001703,0.024828,0.003478
COc1ccc(cc1)NC(=O)N(C)C[C@H]1Oc2ccc(cc2C(=O)N(C[C@@H]1C)[C@H](C)CO)NC(=O)C1CC1,0,0.025573,0.024367,0.007918
C[C@@H]1CCCCO[C@H](CN(C)Cc2ccc(cc2)C(=O)Nc2ccccc2N)[C@@H](C)CN([C@H](C)CO)C(=O)c2cc(ccc2O1)NS(=O)(=O)c1ccc(cc1)F,0,0.000835,0.037769,0.003711
C[C@H]1CN([C@@H](C)CO)C(=O)Cc2cc(ccc2O[C@H]1CN(C)CC1CC1)NS(=O)(=O)c1c(noc1C)C,0,0.003422,0.024203,0.004710
COc1ccc(cc1)S(=O)(=O)N(C)C[C@@H]1OCc2cn(nn2)CCCC(=O)N(C[C@H]1C)[C@@H](C)CO,0,0.010691,0.025689,0.005787
Cc1cc(O)c2c(c1)C(=O)c1cccc(O)c1C2=O,0,0.965861,0.448025,0.592029
COc1ccc(cc1)S(=O)(=O)Nc1cccc2c1O[C@H](CN(C)CC1CC1)[C@H](C)CN([C@@H](C)CO)C2=O,0,0.010263,0.024411,0.004288
NC1CCC(CC1)N[C@@H]1C[C@H]1c1ccccc1,0,0.133044,0.498024,0.342048
COc1ccc(cc1)S(=O)(=O)Nc1cccc2c1O[C@H](CN(C)CC1CC1)[C@@H](C)CN([C@H](C)CO)C2=O,0,0.010263,0.024411,0.004288
NC1(CC1)C(=O)O,0,0.022371,0.038497,0.020047
C[C@@H]1CN([C@H](C)CO)C(=O)c2cccc(c2O[C@H]1CN(C)Cc1ccncc1)NC(=O)c1cc(nn1C)C,0,0.008947,0.023829,0.005369
CC(C)(C)NCc1ccccc1F,0,0.251532,0.030044,0.028911
C[C@H]1CN([C@H](C)CO)C(=O)c2cccc(c2O[C@H]1CN(C)Cc1ccc(cc1)Oc1ccccc1)NC(=O)Nc1ccc2c(c1)OCO2,0,0.004704,0.026308,0.005153
OC(=O)c1ccc(s1)-c1ccco1,0,0.585084,0.259877,0.203572
CN(C)CCCN(C(=O)c1ccc(cc1)S(=O)(=O)N(C)C1CCCCC1)c1nc2c(c(ccc2s1)C)C,1,0.168695,0.234286,0.053746
C(OCc1ccccc1)c1ccccc1,0,0.112485,0.123179,0.082754
CN(C)C(=O)CN1CCC[C@]2(CCN(C2)S(=O)(=O)c2cn(cn2)C)C1,0,0.117398,0.026957,0.009502
C[C@H]1CN([C@@H](C)CO)C(=O)c2cc(ccc2O[C@@H]1CN(C)S(=O)(=O)c1ccc(cc1)F)NC(=O)CCN1CCOCC1,0,0.007161,0.024507,0.005711
CC(C)NC(=O)N(C)C[C@@H]1Oc2ccc(cc2C(=O)N(C[C@H]1C)[C@@H](C)CO)NS(=O)(=O)c1ccccc1,0,0.007072,0.036904,0.005359
COc1ccc(cc1)S(=O)(=O)Nc1ccc2c(c1)C(=O)N(C[C@H](C)[C@@H](CN(C)C(=O)Nc1cccc3ccccc13)OCCCC[C@H](C)O2)[C@H](C)CO,0,0.001029,0.031835,0.003235
C[C@H]1CCCCO[C@@H](CN(C)Cc2ccccc2)[C@H](C)CN([C@@H](C)CO)C(=O)c2cc(ccc2O1)NS(=O)(=O)c1ccccc1,0,0.001175,0.024214,0.004349
C[C@H]1CN([C@@H](C)CO)S(=O)(=O)c2ccc(cc2O[C@H]1CN(C)Cc1ccccc1F)C#CCN(C)C,0,0.071941,0.041835,0.007658
C[C@@H]1CN([C@H](C)CO)C(=O)c2cccc(c2O[C@H]1CN(C)S(=O)(=O)c1ccc(cc1)F)NS(=O)(=O)c1ccccc1,0,0.009522,0.025356,0.006981
Nc1nc(nc2n(cnc12)[C@H]1C[C@@H](O)[C@@H](CO)O1)Cl,0,0.275661,0.183679,0.112398
C[C@H]1CCCCO[C@@H](CN(C)Cc2ccc(cc2)C(=O)O)[C@@H](C)CN([C@H](C)CO)C(=O)c2cc(ccc2O1)NC(=O)Nc1ccc(cc1)F,0,0.291529,0.031330,0.007860
Cc1ccc(cc1Cl)CN,0,0.254397,0.082723,0.020556
C[C@@H]1CN([C@H](C)CO)C(=O)c2cc(ccc2O[C@@H]1CN(C)S(=O)(=O)c1ccccc1)NC(=O)C1CC1,0,0.004737,0.024215,0.004528
C[C@H]1CN([C@@H](C)CO)C(=O)c2cccc(c2O[C@@H]1CN(C)Cc1ccccc1)NS(=O)(=O)c1cn(cn1)C,0,0.028534,0.024632,0.004053
C[C@H]1CN([C@@H](C)CO)C(=O)c2cccc(c2O[C@H]1CN(C)C(=O)Nc1ccc2c(c1)OCO2)NC(=O)c1cc(nn1C)C,0,0.019224,0.029019,0.005633
CC1=C(OC=CC1=O)O[C@@H]1O[C@H](COC(=O)C[C@@](C)(O)CC(=O)O)C[C@H](O)[C@H]1O,0,0.003307,0.227563,0.110734
CCOC(=O)C1=CC2=C(NC1=O)N(C)C(=O)N(C)C2=O,0,0.515334,0.117690,0.108741
CO[C@H]1CN(C)C(=O)c2cc(ccc2OC[C@H](C)N(C[C@H]1C)C(=O)NC(C)C)NS(=O)(=O)c1ccccc1,0,0.003102,0.028075,0.006842
Cn1cnc(c1)S(=O)(=O)N[C@@H]1C=C[C@H](CC(=O)N2CCN(CC2)c2ccccc2)O[C@@H]1CO,0,0.017715,0.026949,0.007609
O[C@@H]1COC[C@@H]2O[C@@H](CC[C@H]2N(C1)S(=O)(=O)c1cccc(c1)Cl)CC(=O)NCc1ccncn1,0,0.304823,0.036526,0.039159
C[C@@H]1CCCCO[C@H](CN(C)CC2CCCCC2)[C@@H](C)CN([C@H](C)CO)C(=O)c2cc(ccc2O1)NC(=O)c1ccccc1,0,0.012328,0.022769,0.007771
CC(C)NC(=O)Nc1ccc2c(c1)CC(=O)N(C[C@@H](C)[C@@H](CN(C)S(=O)(=O)c1cccs1)O2)[C@@H](C)CO,0,0.005149,0.024248,0.004735
OC[C@@H]1O[C@@H](C[C@H]2[C@@H]1Oc1ccc(cc12)NC(=O)NC1CCCC1)CC(=O)NCc1ccc2c(c1)OCO2,0,0.020762,0.034697,0.021529
COc1ccc(cc1)COC[C@@]12Oc3ccccc3[C@H]([C@H]2CO[Si](C)(C)C(C)(C)C)N(C(=O)c2ccccc2)C(=N1)SCC#C,0,0.058996,0.159572,0.071187
COc1cccc(c1)NC(=O)N1C[C@H](O)COC[C@@H]2O[C@@H](CC[C@H]21)CC(=O)NC1Cc2ccccc2C1,0,0.388909,0.222491,0.187544
C[C@H]1CCCCO[C@H](CN(C)S(=O)(=O)c2ccc(cc2)Cl)[C@@H](C)CN([C@H](C)CO)C(=O)c2cc(ccc2O1)NS(=O)(=O)c1ccc(cc1)F,0,0.006437,0.025975,0.006146
CC(=O)NCCCCCC(=O)O,0,0.008153,0.036707,0.015628
C[C@@H]1CN([C@@H](C)CO)C(=O)c2cc(cnc2O[C@@H]1CN(C)S(=O)(=O)c1cn(cn1)C)C#CCN(C)C,0,0.051669,0.024287,0.006474
CN(C)CC(=O)N[C@@H]1CC[C@H](CCNC(=O)C2CCC2)O[C@@H]1CO,0,0.187776,0.031695,0.013818
CSc1nc(cc(n1)Cl)Cl,0,0.777584,0.325563,0.236491
C[C@@H]1CN([C@H](C)CO)C(=O)c2cc(ccc2O[C@H]1CN(C)Cc1ccc(cc1)-c1ccccc1)NS(=O)(=O)c1ccc(cc1)F,0,0.009383,0.040385,0.009822
CC(C)CC#Cc1cnc2c(c1)C(=O)N(C[C@@H](C)[C@@H](CN(C)C(=O)c1ccc3c(c1)OCO3)O2)[C@H](C)CO,0,0.010508,0.023851,0.003481
COc1ccc2c3c(n(c2c1)C)[C@@H](CO)N(C[C@]13CN(C1)C(=O)Cc1ccccc1)C(=O)c1ccccn1,0,0.008010,0.125528,0.051779
C[C@H]1CN([C@H](C)CO)S(=O)(=O)c2ccc(cc2O[C@@H]1CN(C)C(=O)C1CCC1)C#Cc1ccncc1,0,0.033877,0.029006,0.008891
C[C@@H]1CCCCO[C@H](CN(C)S(=O)(=O)c2ccccc2)[C@@H](C)CN([C@H](C)CO)C(=O)c2cc(ccc2O1)NC(=O)CCC(F)(F)F,0,0.024341,0.024490,0.006010
C[C@@H]1CCCCO[C@H](CN(C)C(=O)Nc2ccc(cc2)C(F)(F)F)[C@@H](C)CN([C@H](C)CO)C(=O)c2cc(ccc2O1)NS(=O)(=O)C,0,0.358601,0.101072,0.020639
O=C(CCc1ccc(O)cc1)c1c(O)cc(O)cc1O,0,0.864489,0.627432,0.481803
COc1ccc(cc1)NC(=O)N(C)C[C@H]1Oc2ncc(cc2C(=O)N(C[C@H]1C)[C@H](C)CO)C#C[C@@H](C)O,0,0.052323,0.036919,0.010237
CN(C)CCCNC(=O)C[C@@H]1CC[C@H]2[C@@H](COC[C@H](O)CN2S(=O)(=O)c2ccc(cc2)C)O1,0,0.326542,0.028754,0.012404
COc1ccc2c3c([nH]c2c1)[C@@H](CO)N(C[C@]13CN(CC2CCCCC2)C1)S(=O)(=O)c1cn(cn1)C,0,0.072877,0.030057,0.009076
COc1ccc(cc1)S(=O)(=O)N(C)C[C@H]1Oc2cc(ccc2S(=O)(=O)N(C[C@@H]1C)[C@@H](C)CO)C#CC1CC1,0,0.025477,0.030717,0.006684
C[C@@H]1CN([C@@H](C)CO)C(=O)c2c(c3ccccc3n2C)-c2ccccc2CO[C@H]1CN(C)S(=O)(=O)c1ccc(cc1)C(F)(F)F,0,0.126895,0.049671,0.010887
COc1ccc2c3c(n(c2c1)C)[C@H](CO)N(C[C@]13CN(C1)C(=O)Nc1cccc(c1)F)C(=O)CN1CCOCC1,0,0.117027,0.138171,0.072142
C[C@H](O)C#Cc1ccc2c(c1)O[C@H](CN(C)C(=O)Nc1ccccc1)[C@@H](C)CN([C@H](C)CO)S2(=O)=O,0,0.090706,0.026904,0.007424
CCN1C[C@@]2(C)CC[C@H](OC)C34[C@@H]2[C@H](O)[C@]2(OCO[C@]52C[C@H](OC)[C@H]2C[C@]4(O)[C@@H]5[C@H]2O)[C@@H]13,0,0.361261,0.123089,0.138860
CO[C@H]1CN(C)C(=O)c2cc(ccc2OC[C@@H](C)N(C[C@H]1C)S(=O)(=O)c1cn(cn1)C)NC(=O)CC(F)(F)F,0,0.128663,0.035852,0.030945
O=c1[nH]cnc2nc[nH]c12,0,0.335133,0.148472,0.082933
C[C@@H]1CCCCO[C@@H](CN(C)C(=O)NC2CCCCC2)[C@@H](C)CN([C@H](C)CO)C(=O)c2cc(ccc2O1)NC(=O)CCC(F)(F)F,0,0.109256,0.132689,0.046024
C[C@@H]1CN([C@H](C)CO)C(=O)c2cccc(c2O[C@@H]1CN(C)Cc1ccc(cc1)C(F)(F)F)NS(=O)(=O)C,0,0.417788,0.037745,0.022960
C[C@H]1CN([C@@H](C)CO)C(=O)c2cc(ccc2O[C@H]1CN(C)S(=O)(=O)c1cn(cn1)C)NS(=O)(=O)c1ccccc1,0,0.002756,0.024212,0.004901
COc1ccc(cc1)CN(C)C[C@@H]1OCCCC[C@H](C)Oc2ccc(cc2C(=O)N(C[C@@H]1C)[C@@H](C)CO)NC(=O)Nc1cccc2ccccc12,0,0.015274,0.029727,0.006080
C[n+]1cccc(c1)C(=O)O,0,0.057256,0.096710,0.049365
CC(=O)Oc1ccccc1C(=O)Nc1ncc([N+](=O)[O-])s1,1,0.997238,0.600228,0.647777
COc1c(O)cc2oc3cc(O)c(CC=C(C)C)c(O)c3c(=O)c2c1CC=C(C)C,0,0.298006,0.363694,0.327229
COc1ccc(cc1)NC(=O)Nc1ccc2c(c1)C(=O)N(C[C@H](C)[C@@H](CN(C)Cc1ccc(c(c1)Cl)Cl)OCCCC[C@H](C)O2)[C@H](C)CO,0,0.090923,0.039774,0.006458
C[C@H]1CN([C@@H](C)CO)C(=O)Cc2cc(ccc2O[C@@H]1CN(C)Cc1ccc(cc1)Oc1ccccc1)NC(=O)C1CCCCC1,0,0.007971,0.038961,0.017964
CC(C)(C)OC(=O)C[C@@H]1CC=CC[C@H](CC(=O)N[C@@H](CO)Cc2ccccc2)C(=O)N2CCC[C@H]2COC1=O,0,0.009368,0.043143,0.022367
C[C@@H]1CCCCO[C@@H](CN(C)Cc2ccc(cc2)C(=O)Nc2ccccc2N)[C@@H](C)CN([C@H](C)CO)C(=O)c2cc(ccc2O1)NC(=O)Cc1ccccc1,0,0.001282,0.025411,0.003811
CCCNC(=O)N1C[C@]2(CN(C2)S(=O)(=O)c2ccccc2)c2c(n(c3cc(ccc23)OC)C)[C@H]1CO,0,0.063446,0.033198,0.015433
O[C@@H]1COC[C@H]2O[C@H](CC[C@@H]2N(C1)C(=O)Nc1ccc2c(c1)OCO2)CC(=O)N1CCN(CC1)c1ccccc1,0,0.161426,0.070879,0.042986
C[C@H]1CN([C@@H](C)CO)C(=O)c2cc(ccc2O[C@H]1CN(C)Cc1ccc(cc1)-c1ccccc1)NS(=O)(=O)c1ccc(cc1)F,0,0.009383,0.040385,0.009822
C[C@H]1CN([C@H](C)CO)C(=O)c2cccc(c2O[C@@H]1CN(C)C(=O)Nc1c(noc1C)C)NC(=O)c1ccncc1,0,0.042237,0.025627,0.008610
COc1ccc(cc1)S(=O)(=O)Nc1ccc2c(c1)CC(=O)N(C[C@H](C)[C@H](CN(C)S(=O)(=O)C)O2)[C@H](C)CO,0,0.002015,0.024905,0.006162
NC(=N)NCCC[C@@H](NC(=O)CC1(CCCC1)CC(=O)N1CCN(CC1)[C@H]1c2ccccc2NC(=O)c2ccccc21)C(=O)NCCN1C(=O)N(N(C1=O)c1ccccc1)c1ccccc1,1,0.568473,0.120163,0.026713
COc1cccc(c1)S(=O)(=O)N(C)C[C@H]1Oc2cc(ccc2S(=O)(=O)N(C[C@H]1C)[C@H](C)CO)C#CCN(C)C,0,0.034198,0.033276,0.005526
NCc1cnco1,0,0.000004,0.043578,0.015165
COc1cccc(c1)S(=O)(=O)N(C)C[C@@H]1OCc2cnnn2CCCC(=O)N(C[C@@H]1C)[C@@H](C)CO,0,0.007432,0.025038,0.006108
C[C@@H]1CN([C@H](C)CO)C(=O)Cc2cc(ccc2O[C@@H]1CN(C)S(=O)(=O)c1ccccc1)NS(=O)(=O)c1ccc(cc1)F,0,0.002349,0.024347,0.005580
CC(C)NC(=O)N(C)C[C@@H]1Oc2ccc(cc2CC(=O)N(C[C@@H]1C)[C@@H](C)CO)NC(=O)CCN1CCOCC1,0,0.004660,0.027778,0.006750
OC[C@H]1O[C@H](CCNS(=O)(=O)c2ccc(cc2)Cl)CC[C@H]1NS(=O)(=O)c1ccccc1Cl,0,0.200286,0.134365,0.046371
C[C@H]1CCCCO[C@H](CN(C)S(=O)(=O)c2ccc(cc2)Cl)[C@@H](C)CN([C@H](C)CO)C(=O)c2cc(ccc2O1)NC(=O)Nc1ccccc1,0,0.017843,0.024222,0.004138
C[C@H]1CN([C@@H](C)CO)C(=O)CCCn2nncc2CO[C@H]1CN(C)C(=O)C1CC1,0,0.015825,0.024804,0.008077
C[C@@H]1CN([C@H](C)CO)C(=O)Cc2cc(ccc2O[C@@H]1CN(C)Cc1ccncc1)NC(=O)CCN1CCOCC1,0,0.003041,0.028024,0.006562
OC[C@@H]1CC[C@@H]2O[C@H](CCc3ccc(cc3)C#Cc3ccccc3)[C@@H](C[C@@H]2O1)n1cc(nn1)-c1ccccc1,0,0.910309,0.105217,0.085337
C[C@H]1CN([C@@H](C)CO)C(=O)c2cccc(c2O[C@H]1CN(C)Cc1ccccc1)NC(=O)c1ccc(cc1)-c1nccs1,0,0.009807,0.023160,0.006611
Oc1ccc(cc1)[C@H]1[C@H](C[C@@H]2N1C(=O)[C@H](Cc1ccccc1)NC2=O)C(=O)OCCOc1ccc(cc1)[C@@H]1N2[C@H]([C@H](C(=O)OCC=C)[C@@]11C(=O)Nc3ccccc31)C(=O)O[C@H]([C@H]2c1ccccc1)c1ccccc1,0,0.034463,0.139147,0.020199
C[C@H]1CN([C@@H](C)CO)C(=O)c2cc(ccc2O[C@@H]1CN(C)Cc1ccc2c(c1)OCO2)NS(=O)(=O)c1cn(cn1)C,0,0.007263,0.024648,0.004502
NC1=NC(=O)N(C=C1)[C@H]1C[C@H](O)[C@@H](CO)O1,0,0.266958,0.079847,0.137486
COc1ccc2c3c([nH]c2c1)[C@@H](CO)N(CC1CCCCC1)C[C@]13CCN(CC1)C(=O)Nc1cccc(c1)F,0,0.593645,0.468957,0.284794
CNC[C@@H]1OCCCC[C@@H](C)Oc2ccc(cc2C(=O)N(C[C@H]1C)[C@H](C)CO)NC(=O)Nc1cccc2ccccc12,0,0.052104,0.037707,0.013333
Nc1ccc(cc1)Nc1ccccc1,0,0.201663,0.094407,0.045425
C[C@@H]1CCCCO[C@H](CN(C)C(=O)Cc2ccccc2)[C@@H](C)CN([C@@H](C)CO)C(=O)c2cc(ccc2O1)NC(=O)Nc1ccc(cc1)F,0,0.026280,0.023414,0.007885
CC[C@@H](N)CC12CC3CC(CC(C3)C2)C1,0,0.435997,0.187190,0.196241
C/C=C/c1ccc(cc1)[C@H]1[C@H](CO)N(C21CN(C2)C(=O)C1CCOCC1)S(=O)(=O)Cc1ccccc1,0,0.046233,0.072147,0.021412
C[C@@H]1CN([C@@H](C)CO)S(=O)(=O)c2ccc(cc2O[C@@H]1CN(C)C(=O)Cc1cccnc1)C#Cc1ccccc1F,0,0.081325,0.033158,0.006152
COc1ccc2c3c(n(c2c1)C)[C@H](CO)N(C[C@]13CN(CC2CCOCC2)C1)C(=O)c1ccc(cc1)F,0,0.422329,0.242533,0.129383
CCC(=O)OC(OP(=O)(CCCCc1ccccc1)CC(=O)N1CC(C2CCCCC2)CC1C(=O)[O-])C(C)C.[Na+],0,0.214064,0.481667,0.480131
OC[C@@H]1O[C@H](CCNS(=O)(=O)c2ccc(cc2)Cl)CC[C@H]1NS(=O)(=O)c1ccccc1Cl,0,0.200286,0.134365,0.046371
C[C@@H]1CCCCO[C@H](CN(C)S(=O)(=O)c2ccc(cc2)Cl)[C@@H](C)CN([C@H](C)CO)C(=O)c2cc(ccc2O1)NS(=O)(=O)c1ccccc1,0,0.001828,0.025096,0.004111
COc1ccc(cc1)S(=O)(=O)Nc1ccc2c(c1)C(=O)N(C[C@H](C)[C@H](CN(C)S(=O)(=O)c1ccc(cc1)F)O2)[C@H](C)CO,0,0.006318,0.028564,0.008097
CO[C@H]1CN(C)C(=O)c2cc(ccc2OC[C@H](C)N(C[C@H]1C)S(=O)(=O)c1cn(cn1)C)NC(=O)C,0,0.007387,0.023923,0.005136
COC(=O)CC[C@H](NC(=O)CNC(=O)c1ccc(cc1)/C=C/C(=O)OC)C(=O)N[C@@H](CC(C)C)C(=O)N,0,0.003770,0.332203,0.140104
C[C@@H]1CN([C@H](C)CO)C(=O)c2cc(ccc2O[C@H]1CN(C)S(=O)(=O)c1ccc(cc1)C)NS(=O)(=O)c1ccccc1,0,0.002115,0.024487,0.004859
Clc1ccc(cc1)NC(=O)Nc1ccc(c(c1)Cl)Cl,1,0.983204,0.789659,0.586795
COc1ccc(cc1)NC(=O)Nc1ccc2c(c1)C(=O)N(C[C@@H](C)[C@H](CN(C)C(=O)c1ccccc1)OCCCC[C@H](C)O2)[C@@H](C)CO,0,0.003291,0.023282,0.003416
C[C@@H]1CN([C@H](C)CO)C(=O)c2cc(ccc2O[C@@H]1CN(C)C(=O)Nc1ccccc1)NC(=O)Nc1ccc(cc1)C(F)(F)F,0,0.762833,0.201484,0.165201
C[C@H]1CCCCO[C@@H](CN(C)Cc2ccccc2)[C@H](C)CN([C@@H](C)CO)C(=O)c2cc(ccc2O1)NC(=O)C1CCCCC1,0,0.020345,0.025794,0.009723
C[C@H]1CN([C@@H](C)CO)C(=O)c2cccc(c2O[C@H]1CN(C)S(=O)(=O)C)NC(=O)c1nc2ccccc2s1,0,0.013843,0.024882,0.005270
C[C@@H]1CCCCO[C@@H](CN(C)Cc2ccc(cc2)C(F)(F)F)[C@@H](C)CN([C@@H](C)CO)C(=O)c2cc(ccc2O1)NS(=O)(=O)c1ccc(cc1)C,0,0.021003,0.024373,0.005277
C[C@H]1CN([C@@H](C)CO)C(=O)Cc2cc(ccc2O[C@H]1CN(C)S(=O)(=O)C)NC(=O)Nc1ccccc1,0,0.012626,0.027755,0.007263
C[C@H]1CN([C@@H](C)CO)S(=O)(=O)c2ccc(cc2O[C@H]1CN(C)C(=O)c1ccncc1)C#CC1(O)CCCC1,0,0.005674,0.026115,0.004528
OC[C@@H]1O[C@H](C[C@H]2[C@@H]1Oc1ccc(cc12)NC(=O)C1CCOCC1)CC(=O)NCCN1CCCCC1,0,0.213172,0.040103,0.020529
COc1ccc(cc1)NC(=O)Nc1ccc2c(c1)C(=O)N(C[C@H](C)[C@H](CN(C)S(=O)(=O)c1ccc(cc1)Cl)OCCCC[C@@H](C)O2)[C@@H](C)CO,0,0.015954,0.024141,0.004510
Cc1ccc(cc1)OC(=O)n1c2ccccc2c2ccccc12,0,0.541097,0.206426,0.074639
C[C@@H]1CN([C@@H](C)CO)C(=O)Cc2cc(ccc2O[C@H]1CN(C)Cc1ccncc1)NS(=O)(=O)c1c(noc1C)C,0,0.000947,0.024357,0.003966
C[C@H]1CN([C@H](C)CO)C(=O)c2cccc(c2O[C@@H]1CN(C)Cc1ccc(cc1)Oc1ccccc1)NC(=O)C1CC1,0,0.013869,0.033146,0.019616
C[C@H]1CN([C@@H](C)CO)C(=O)c2cc(ccc2O[C@H]1CN(C)Cc1ccc(cc1)C(=O)O)NS(=O)(=O)c1cn(cn1)C,0,0.068388,0.028630,0.005239
COc1ccc(cc1)S(=O)(=O)Nc1ccc2c(c1)C(=O)N(C[C@H](C)[C@@H](CN(C)Cc1ccccc1)OCCCC[C@@H](C)O2)[C@H](C)CO,0,0.001305,0.024450,0.004479
COc1ccccc1C(=O)Nc1ccc2c(c1)C(=O)N(C)[C@H]1CC[C@@H](CC(=O)NCCc3ccncc3)O[C@@H]1CO2,0,0.004384,0.024811,0.007162
C[C@@H]1CN([C@H](C)CO)C(=O)c2cc(ccc2O[C@@H]1CN(C)Cc1ccc(cc1)Oc1ccccc1)NC(=O)Nc1cccc2ccccc12,0,0.005384,0.031398,0.012595
C[C@H]1CCCCO[C@H](CN(C)C(=O)NC2CCCCC2)[C@@H](C)CN([C@H](C)CO)C(=O)c2cc(ccc2O1)NC(=O)C1CCCCC1,0,0.010720,0.026813,0.007127
CN(C)CCCCNC(=O)[C@H]1C[C@@H]2N([C@H]1c1ccc(cc1)O)C(=O)[C@H](CCCC[N+](C)(C)C)NC2=O,0,0.744961,0.643181,0.400298
C[C@H]1CN([C@H](C)CO)S(=O)(=O)c2ccc(cc2O[C@@H]1CN(C)C(=O)c1cccnc1)-c1cccc(c1)C#N,0,0.001424,0.025049,0.003470
C[C@@H]1CN([C@H](C)CO)C(=O)c2cc(cnc2O[C@@H]1CN(C)C(=O)CN1CCOCC1)/C=C/c1ccccc1,0,0.003820,0.023238,0.006292
CC(C)NC(=O)N(C)C[C@H]1Oc2ccc(cc2C(=O)N(C[C@H]1C)[C@H](C)CO)NC(=O)CCN1CCOCC1,0,0.005118,0.024600,0.005568
C[C@H]1CCCCO[C@H](CN(C)Cc2ccccc2)[C@H](C)CN([C@@H](C)CO)C(=O)c2cc(ccc2O1)NC(=O)Nc1ccc(cc1)C(F)(F)F,0,0.304151,0.055047,0.031628
CC(C)(O)C#Cc1ccc(cc1)[C@H]1[C@@H](CO)N2CCCCN(C[C@H]12)S(=O)(=O)C,0,0.234782,0.063610,0.020520
CC(C)=CCc1c2c(c3occ(-c4ccc(O)cc4)c(=O)c3c1O)C=CC(C)(C)O2,0,0.189791,0.540566,0.481217
C[C@@H]1CCCCO[C@H](CN(C)C(=O)Cc2ccccc2)[C@H](C)CN([C@H](C)CO)C(=O)c2cc(ccc2O1)NC(=O)Nc1ccccc1,0,0.005954,0.023146,0.004612
C[C@@H]1CN([C@@H](C)CO)C(=O)Cc2cc(ccc2O[C@@H]1CN(C)S(=O)(=O)C)NC(=O)Nc1ccccc1,0,0.012626,0.027755,0.007263
COc1ccccc1C#Cc1ccc2c(c1)O[C@@H](CN(C)Cc1ccncc1)[C@H](C)CN([C@H](C)CO)S2(=O)=O,0,0.037483,0.028742,0.005196
C[C@@H]1CN([C@H](C)CO)C(=O)c2cccc(c2O[C@H]1CN(C)Cc1ccc2c(c1)OCO2)NC(=O)C1CC1,0,0.008112,0.026194,0.008715
NC(=O)NCC#Cc1ccc2c(c1)[C@]1([C@H]([C@H]3N([C@@H]([C@@H](OC3=O)c3ccccc3)c3ccccc3)[C@H]1c1ccc(cc1)OCCO)C(=O)N1CCCCCCC1)C(=O)N2,0,0.280860,0.112375,0.041389
C[C@H]1CCCCO[C@H](CN(C)C(=O)C2CCCCC2)[C@@H](C)CN([C@H](C)CO)C(=O)c2cc(ccc2O1)NC(=O)Nc1cccc2ccccc12,0,0.006617,0.023854,0.005365
COc1ccc(cc1)NC(=O)N(C)C[C@H]1OCc2ccccc2-c2c(n(c3ccccc23)C)C(=O)N(C[C@@H]1C)[C@H](C)CO,0,0.019121,0.025183,0.004590
C[C@@H]1CCCCO[C@@H](CN(C)S(=O)(=O)c2cn(cn2)C)[C@@H](C)CN([C@@H](C)CO)C(=O)c2cc(ccc2O1)NS(=O)(=O)C,0,0.006107,0.024469,0.004575
c1ccc(nc1)-c1nc2ccccc2o1,0,0.000019,0.220873,0.139112
C[C@H]1CN([C@@H](C)CO)C(=O)c2cccc(c2O[C@@H]1CN(C)S(=O)(=O)c1ccccc1)NC(=O)Nc1c(noc1C)C,0,0.033625,0.025178,0.004436
C[C@@H]1CN([C@@H](C)CO)C(=O)c2cccc(c2O[C@@H]1CN(C)S(=O)(=O)c1cn(cn1)C)NC(=O)c1cc(nn1C)C,0,0.017273,0.024265,0.004503
COc1cccc(c1)C#Cc1cnc2c(c1)C(=O)N(C[C@H](C)[C@@H](CN(C)C(=O)C1CCC1)O2)[C@@H](C)CO,0,0.019998,0.022880,0.008260
CN1C(=O)/C(=C(/C#N)C(=O)N)c2ccccc21,0,0.005879,0.073542,0.030114
C[C@H]1CN([C@@H](C)CO)C(=O)c2cccc(c2O[C@@H]1CN(C)C(=O)Nc1ccc(cc1)C(F)(F)F)NC(=O)c1ccc(cc1)-c1nccs1,0,0.635514,0.247864,0.134721
COc1ccc(cc1)S(=O)(=O)Nc1ccc2c(c1)C(=O)N(C[C@@H](C)[C@H](CN(C)C(=O)Nc1c(noc1C)C)OCCCC[C@@H](C)O2)[C@@H](C)CO,0,0.002637,0.024328,0.004326
O=S(=O)(N[C@H]1CCO[C@]2(CCNC2)C1)C1CC1,0,0.025563,0.057463,0.014049
C[C@@H]1CN([C@@H](C)CO)C(=O)Cc2cc(ccc2O[C@@H]1CN(C)S(=O)(=O)c1ccc(cc1)Cl)NC(=O)CCN1CCOCC1,0,0.003603,0.027024,0.006020
C[C@H]1CN([C@@H](C)CO)C(=O)Cc2cc(ccc2O[C@@H]1CN(C)S(=O)(=O)c1ccc(cc1)F)NC(=O)Cc1ccccc1,0,0.004912,0.027787,0.005797
C[C@@H]1CN([C@@H](C)CO)C(=O)c2cc(ccc2O[C@H]1CN(C)C(=O)Nc1ccc2c(c1)OCO2)NC(=O)Cn1cnnn1,0,0.022236,0.028676,0.005827
C[C@H]1CN([C@H](C)CO)C(=O)Cc2cc(ccc2O[C@H]1CN(C)C(=O)Nc1c(noc1C)C)NC(=O)Nc1ccc(cc1)C(F)(F)F,0,0.503340,0.134047,0.077771
COc1ccc(cc1)S(=O)(=O)Nc1ccc2c(c1)C(=O)N(C[C@@H](C)[C@H](CN(C)S(=O)(=O)C)OCCCC[C@@H](C)O2)[C@@H](C)CO,0,0.001247,0.024979,0.005678
CO[C@H]1[C@@H](O)[C@@H](C)O[C@H](O[C@H]2CC[C@@]3(C)[C@H]4CC[C@@]5(C)[C@H](CC[C@]5(O)[C@@H]4CC[C@]3(O)C2)C2=CC(=O)OC2)[C@@H]1O,0,0.250789,0.531325,0.465543
CSc1cnc2c(n1)N(C)C(=O)NC2=O,0,0.543541,0.137062,0.158157
CC(C)C#Cc1ccc2c(c1)O[C@@H](CN(C)C(=O)Cc1ccccn1)[C@H](C)CN([C@H](C)CO)S2(=O)=O,0,0.023000,0.035199,0.007481
COc1ccccc1S(=O)(=O)N(C)C[C@@H]1Oc2cc(ccc2S(=O)(=O)N(C[C@H]1C)[C@@H](C)CO)/C=C/C,0,0.010814,0.026277,0.005509
CCCC(=O)Nc1ccc2c(c1)C(=O)N(C)C[C@@H](OC)[C@H](C)CN(Cc1cc(on1)-c1ccccc1)[C@H](C)CO2,0,0.004202,0.033975,0.012815
O=C(Cc1ccc(cc1)-c1ccccc1)Nc1c(oc2ccccc12)C(=O)Nc1ccc2c(c1)OCCO2,0,0.003973,0.164869,0.110523
C[C@@H]1CCCCO[C@@H](CN(C)Cc2ccc(cc2)C(F)(F)F)[C@@H](C)CN([C@@H](C)CO)C(=O)c2cc(ccc2O1)NC(=O)NC1CCCCC1,0,0.157807,0.035091,0.016395
CN1[C@H]2CC[C@@H](CC(=O)NCCc3ccncc3)O[C@H]2COc2ccc(cc2C1=O)NS(=O)(=O)c1ccc(cc1)C,0,0.001602,0.029426,0.005761
CC(C)NC(=O)Nc1ccc2c(c1)C(=O)N(C[C@H](C)[C@H](CN(C)S(=O)(=O)c1cn(cn1)C)OCCCC[C@@H](C)O2)[C@H](C)CO,0,0.010885,0.024803,0.004050
C[C@@H]1CCCCO[C@@H](CN(C)C(=O)Nc2ccc3c(c2)OCO3)[C@H](C)CN([C@H](C)CO)C(=O)c2cc(ccc2O1)NC(=O)c1ccncc1,0,0.003163,0.024196,0.003362
N[C@@H](CNC(=O)N)C(=O)O,0,0.007194,0.045666,0.024718
COc1ccc(CN2CCNCC2)c(OC)c1OC.Cl.Cl,0,0.654368,0.201787,0.143210
CN(C)Cc1cn(nn1)CC[C@H]1CC[C@H](NS(=O)(=O)c2ccccc2)[C@@H](CO)O1,0,0.159319,0.024751,0.008132
CO[C@@H]1[C@H](O)[C@@H](CO)O[C@H]1N1C=C(C)C(=NC1=O)N,0,0.237745,0.062413,0.141574
OC[C@H]1O[C@H](CC[C@H]1NC(=O)C1CC1)CC(=O)NCCCN1CCOCC1,0,0.060604,0.028160,0.012972
CN1CC(=O)N2C(Cc3c([nH]c4ccccc34)C2c2ccc3c(c2)OCO3)C1=O,0,0.029133,0.222151,0.082461
C/C=C/c1ccc2c(c1)O[C@H](CN(C)C(=O)c1ccc3c(c1)OCO3)[C@H](C)CN([C@@H](C)CO)S2(=O)=O,0,0.002577,0.024978,0.003902
OC(=O)c1ccccc1C1=C2C=C(I)C(=O)C(=C2Oc2c(c(c(cc21)I)O)I)I,1,0.990889,0.769123,0.753874
C[C@H]1CN([C@H](C)CO)C(=O)Cc2cc(ccc2O[C@@H]1CN(C)S(=O)(=O)c1cccs1)NS(=O)(=O)c1ccc(cc1)C,0,0.000546,0.024250,0.004240
CN(C)CCCNC(=O)C[C@@H]1O[C@@H](CO)[C@H](NS(=O)(=O)c2ccccc2)C=C1,0,0.031513,0.035329,0.012270
C[C@H]1CN([C@@H](C)CO)C(=O)c2cccc(c2O[C@H]1CN(C)S(=O)(=O)c1ccc(cc1)Cl)NC(=O)C1CCOCC1,0,0.045679,0.024648,0.006462
C[C@@H]1CCCCO[C@H](CN(C)C(=O)c2ccccc2)[C@@H](C)CN([C@@H](C)CO)C(=O)c2cc(ccc2O1)NS(=O)(=O)c1ccccc1,0,0.000168,0.024238,0.003740
COC(=O)NC(=S)Nc1ccccc1NC(=S)NC(=O)OC,0,0.000003,0.519091,0.404981
COC(=O)C1=CN(Cc2sc3ccccc3c2Cl)[C@@H](C=C(CCCO)C=C1C(=O)OC)c1ccc(cc1)CN1CCCC1,0,0.625564,0.497220,0.338018
C[C@H]1O[C@@H](O[C@H]2[C@@H](O[C@H]3OC[C@@H](O)[C@@H](O)[C@@H]3O)[C@@H](OCCc3ccc(c(c3)O)O)O[C@@H](CO)[C@@H]2OC(=O)/C=C/c2ccc(c(c2)O)O)[C@@H](O)[C@@H](O)[C@@H]1O,0,0.454376,0.470550,0.201312
C[C@@H]1CCCCO[C@@H](CN(C)C(=O)CCC(F)(F)F)[C@H](C)CN([C@H](C)CO)C(=O)c2cc(ccc2O1)NS(=O)(=O)c1cccs1,0,0.021501,0.024421,0.007861
Cc1ccc(cc1)S(=O)(=O)N[C@@H]1CC[C@@H](CC(=O)N2CCC(CC2)Cc2ccccc2)O[C@H]1CO,0,0.030572,0.034698,0.018286
Nc1ccccc1O,0,0.323699,0.073087,0.028682
C[C@@H]1CN([C@@H](C)CO)C(=O)CCCn2cc(nn2)CO[C@H]1CN(C)S(=O)(=O)c1c(noc1C)C,0,0.009208,0.026582,0.005460
Nc1ncnc2n(cnc12)[C@@H]1O[C@H](COP(=O)(O)O)[C@@H](O)[C@H]1O,0,0.000000,0.258463,0.096800
C[C@H]1CN([C@H](C)CO)C(=O)c2cccc(c2O[C@H]1CN(C)S(=O)(=O)c1cccs1)NC(=O)c1cnccn1,0,0.013681,0.024654,0.004718
C[C@@H]1CN([C@H](C)CO)C(=O)c2cc(ccc2O[C@@H]1CN(C)C(=O)Nc1ccc(cc1)C(F)(F)F)NS(=O)(=O)C,0,0.607490,0.197133,0.163197
C[C@@H]1CN([C@@H](C)CO)C(=O)c2cccc(c2O[C@@H]1CN(C)Cc1ccc(cc1)C(F)(F)F)NC(=O)c1ccc(cc1)-c1nccs1,0,0.149275,0.056827,0.017390
CC(C)[C@@H]1NC(=O)[C@H](C)NC(=O)[C@H](Cc2cnc[nH]2)NC(=O)[C@H](CSSC[C@H](NC1=O)C(=O)N)NC(=O)C,0,0.987710,0.440294,0.428569
CC1(C)C(=O)C=CC2(C)C1=C(O)C(=O)C1(C)C2CCC2(C)C(c3ccoc3)CC3OC321,0,0.540921,0.249853,0.232033
CC1(C)OC(=O)NC1=O,0,0.000004,0.056241,0.030493
C[C@H]1CCCCO[C@H](CN(C)Cc2ccc(c(c2)Cl)Cl)[C@@H](C)CN([C@H](C)CO)C(=O)c2cc(ccc2O1)NC(=O)c1ccccc1,0,0.017236,0.030626,0.006080
OC(=O)/C=C/C(=O)NCc1ccccc1,0,0.107762,0.076821,0.056276
C[C@H]1CCCCO[C@H](CN(C)CC2CCCCC2)[C@@H](C)CN([C@@H](C)CO)C(=O)c2cc(ccc2O1)NC(=O)c1ccncc1,0,0.011534,0.024306,0.005598
CCOC(N)=O,0,0.000341,0.052770,0.017769
C[C@H]1CN([C@H](C)CO)C(=O)Cc2cc(ccc2O[C@@H]1CN(C)S(=O)(=O)c1ccc(cc1)F)NC(=O)CCN1CCOCC1,0,0.002447,0.026811,0.005984
C[C@H]1CCCCO[C@H](CN(C)S(=O)(=O)c2ccc(cc2)F)[C@H](C)CN([C@@H](C)CO)C(=O)c2cc(ccc2O1)NC(=O)NC1CCCCC1,0,0.011657,0.024314,0.005071
C[C@@H]1CCCCO[C@@H](CN(C)C(=O)c2ccccc2)[C@@H](C)CN([C@H](C)CO)C(=O)c2cc(ccc2O1)NS(=O)(=O)c1ccc(cc1)C,0,0.000295,0.024238,0.003690
C[C@H]1CCCCO[C@@H](CN(C)Cc2ccc(cc2)C(=O)O)[C@H](C)CN([C@H](C)CO)C(=O)c2cc(ccc2O1)NS(=O)(=O)c1cccs1,0,0.024847,0.028238,0.004971
COc1ccc(cc1)NC(=O)Nc1ccc2c(c1)C(=O)N(C[C@H](C)[C@@H](CN(C)Cc1ccncc1)OCCCC[C@H](C)O2)[C@@H](C)CO,0,0.010533,0.023933,0.004164
C[C@@H]1CCCCO[C@@H](CN(C)C(=O)Nc2ccc3c(c2)OCO3)[C@@H](C)CN([C@H](C)CO)C(=O)c2cc(ccc2O1)NC(=O)Nc1ccccc1,0,0.013855,0.023855,0.003246
O[C@H]1COC[C@H]2O[C@H](CC[C@@H]2N(C1)S(=O)(=O)c1ccc(cc1)Cl)CC(=O)NCCN1CCCC1,0,0.531327,0.101770,0.039858
O=C(Nc1ccccc1)Nc1ccccc1,0,0.533389,0.169007,0.066240
CCOC(=O)[C@H]1CC(=NNC1=O)C,0,0.001428,0.029637,0.010181
CN1[C@H]2CC[C@H](CC(=O)NCC(F)(F)F)O[C@@H]2COc2ccc(cc2C1=O)NS(=O)(=O)c1ccc(cc1)F,0,0.106109,0.041085,0.022102
Cc1ccc2sc(cc2c1)C(=O)O,0,0.741094,0.227250,0.120269
C[C@H]1CCCCO[C@H](CN(C)C(=O)Nc2ccccc2)[C@@H](C)CN([C@@H](C)CO)C(=O)c2cc(ccc2O1)NC(=O)Nc1ccccc1,0,0.014517,0.023108,0.004084
COc1ccc(cc1)N1CCN(CC1)c1nc2c(n1CC=C)C(=O)N(C)C(=O)N2C,0,0.796166,0.178512,0.152218
COc1ccc(cc1)S(=O)(=O)Nc1cccc2c1O[C@H](CN(C)Cc1ccc(c(c1)Cl)Cl)[C@H](C)CN([C@H](C)CO)C2=O,0,0.025242,0.025573,0.005375
COc1ccc(cc1)NC(=O)Nc1ccc2c(c1)CC(=O)N(C[C@@H](C)[C@H](CN(C)S(=O)(=O)c1c(noc1C)C)O2)[C@H](C)CO,0,0.010156,0.027511,0.005691
CCOC(=O)C(CCc1ccccc1)NC(C)C(=O)N1C(C(=O)O)CC2CCCC21,0,0.045426,0.328817,0.429875
CN(C)CCCNC(=O)C[C@@H]1CC[C@H]2[C@H](COc3ccc(cc3C(=O)N2C)NC(=O)NC2CCCC2)O1,0,0.077624,0.029331,0.011295
C[C@H]1CN([C@H](C)CO)C(=O)c2cccc(c2O[C@@H]1CN(C)S(=O)(=O)c1cccs1)NS(=O)(=O)c1ccc(cc1)C,0,0.002476,0.024446,0.005782
OCC(O)CO,0,0.000095,0.113065,0.038141
C[C@@H]1CCCCO[C@H](CN(C)CC2CC2)[C@@H](C)CN([C@H](C)CO)C(=O)c2cc(ccc2O1)NC(=O)Nc1c(noc1C)C,0,0.091840,0.031853,0.010758
N[C@@H](Cc1ccccc1F)C(=O)O,0,0.539327,0.197548,0.055786
C[C@@H]1CCCCO[C@H](CN(C)Cc2ccccc2)[C@H](C)CN([C@H](C)CO)C(=O)c2cc(ccc2O1)NC(=O)CCC(F)(F)F,0,0.083807,0.031478,0.025437
C[C@@H]1CN([C@H](C)CO)C(=O)c2cc(ccc2O[C@@H]1CN(C)C(=O)Nc1c(noc1C)C)NC(=O)Nc1ccc(cc1)C(F)(F)F,0,0.796775,0.734527,0.653322
CCNC(=S)N1CCC[C@@H](C1)C(=O)N,0,0.030294,0.032270,0.011856
NCCc1cnc[nH]1,0,0.073487,0.045771,0.015917
COC(=O)c1ccc(nc1)C(=O)OC,0,0.029857,0.119861,0.089851
C[C@@H]1CN([C@H](C)CO)C(=O)c2cccc(c2O[C@H]1CN(C)S(=O)(=O)c1cn(cn1)C)NS(=O)(=O)c1cn(cn1)C,0,0.063984,0.028217,0.009853
C[C@H]1CN([C@H](C)CO)C(=O)CCCn2nncc2CO[C@H]1CN(C)S(=O)(=O)c1cccc(c1)C#N,0,0.001531,0.025935,0.006139
COc1cc2c(ncnc2cc1OCCCN1CCCCC1)N1CCN(CC1)C(=O)Nc1ccc(cc1)OC(C)C,0,0.283833,0.163190,0.071126
C[C@@H]1CN([C@@H](C)CO)C(=O)c2cc(ccc2O[C@H]1CN(C)S(=O)(=O)c1cn(cn1)C)NC(=O)CCN1CCOCC1,0,0.003007,0.024174,0.004596
C[C@@H]1S[C@H](C)C(=O)NC1=O,0,0.001682,0.075812,0.026139
C[C@@H]1CN([C@@H](C)CO)C(=O)c2cccc(c2O[C@@H]1CN(C)S(=O)(=O)c1c(noc1C)C)NC(=O)c1cc(nn1C)C,0,0.016872,0.025534,0.005175
C[C@@H]1CN([C@@H](C)CO)C(=O)c2cc(ccc2O[C@H]1CN(C)CC1CC1)NS(=O)(=O)c1cn(cn1)C,0,0.045816,0.024069,0.005048
C[C@@H]1CCCCO[C@@H](CN(C)C(=O)Nc2ccc(cc2)F)[C@@H](C)CN([C@H](C)CO)C(=O)c2cc(ccc2O1)NS(=O)(=O)c1ccccc1,0,0.006452,0.024238,0.004587
NCc1cnn(c1)-c1ccc(cc1)F,0,0.402634,0.121480,0.055415
CO[C@@H]1CN(C)C(=O)c2ccc(cc2OC[C@@H](C)N(C[C@H]1C)C(=O)Nc1c(noc1C)C)NC(=O)Nc1cccc(c1)Cl,0,0.123756,0.030224,0.011561
CCO[C@H]1OC(=C[C@H]([C@@H]1CCCOC(=O)NCCCCCC(=O)NO)c1ccc2c(c1)OCO2)C(=O)N1CCOCC1,0,0.000011,0.030488,0.017444
C[C@@H]1CCCCO[C@H](CN(C)Cc2ccc(cc2)C(=O)O)[C@@H](C)CN([C@H](C)CO)C(=O)c2cc(ccc2O1)NS(=O)(=O)c1cccs1,0,0.024847,0.028238,0.004971
CC(C)C[C@H](NC(=O)[C@@H](COC(C)(C)C)NC(=O)[C@H](Cc1ccc(cc1)O)NC(=O)[C@H](CO)NC(=O)[C@H](Cc1c[nH]c2ccccc12)NC(=O)[C@H](Cc1cnc[nH]1)NC(=O)[C@@H]1CCC(=O)N1)C(=O)N[C@@H](CCCNC(=N)N)C(=O)N1CCC[C@H]1C(=O)NNC(=O)N,0,0.884134,0.625861,0.296333
C[C@@H]1CN([C@@H](C)CO)C(=O)Cc2cc(ccc2O[C@@H]1CN(C)Cc1ccc2c(c1)OCO2)NC(=O)Cn1cnnn1,0,0.008742,0.024899,0.009182
COc1ccc(cc1)CN(C)C[C@@H]1Oc2ccc(cc2CC(=O)N(C[C@@H]1C)[C@@H](C)CO)NC(=O)CCCCCC(=O)Nc1ccccc1N,0,0.003796,0.024087,0.006165
C[C@H]1CCCCO[C@@H](CN(C)Cc2ccc(c(c2)Cl)Cl)[C@@H](C)CN([C@H](C)CO)C(=O)c2cc(ccc2O1)NS(=O)(=O)c1ccc(cc1)F,0,0.020477,0.024972,0.006093
O[C@@H]1COC[C@H]2O[C@@H](CC[C@@H]2N(C1)S(=O)(=O)c1ccc(cc1)Cl)CC(=O)NCCN1CCCC1,0,0.531327,0.101770,0.039858
C[C@@H]1CN([C@H](C)CO)C(=O)c2cc(ccc2O[C@@H]1CN(C)CC1CC1)NC(=O)Cn1cnnn1,0,0.044599,0.026063,0.012470
C[C@H]1CCCCO[C@H](CN(C)S(=O)(=O)c2ccc(cc2)F)[C@@H](C)CN([C@H](C)CO)C(=O)c2cc(ccc2O1)NC(=O)Nc1cccc2ccccc12,0,0.006797,0.026204,0.004753
C[C@H](O)C#Cc1ccc2c(c1)O[C@@H](CN(C)C(=O)C1CCCCC1)[C@H](C)CN([C@H](C)CO)S2(=O)=O,0,0.031286,0.031289,0.009851
C[C@@H]1CN([C@@H](C)CO)C(=O)c2cc(ccc2O[C@H]1CN(C)S(=O)(=O)c1cccs1)NC(=O)Nc1cccc2ccccc12,0,0.005118,0.025101,0.003837
Cc1ccc(cc1)S(=O)(=O)N[C@@H]1CC[C@@H](CCNC(=O)CN2CCOCC2)O[C@@H]1CO,0,0.008197,0.023435,0.009503
CC(=O)Nc1ccc(cc1)C(=O)NN,0,0.125351,0.113898,0.067031
C[C@@H]1CN([C@@H](C)CO)C(=O)c2cc(ccc2O[C@@H]1CN(C)Cc1ccc(cc1)C(=O)Nc1ccccc1N)NC(=O)Nc1ccc(cc1)F,0,0.033711,0.027156,0.006681
NC1=NC(=O)c2nc(n(c2N1)[C@H]1O[C@H]2COP(O)(O)O[C@@H]2[C@@H]1O)Br,0,0.999842,0.582902,0.354088
C[C@H]1CN([C@H](C)CO)C(=O)c2cc(ccc2O[C@@H]1CN(C)S(=O)(=O)c1cn(cn1)C)NS(=O)(=O)c1cn(cn1)C,0,0.033728,0.025446,0.008343
C[C@@H]1CN([C@@H](C)CO)C(=O)c2cccc(c2O[C@H]1CN(C)CC1CC1)NS(=O)(=O)c1ccc(cc1)C,0,0.010798,0.030667,0.005000
CO[C@@H](CN(C)S(=O)(=O)c1cn(cn1)C)[C@H](C)CN([C@@H](C)CO)C(=O)Nc1ccc(cc1)C(F)(F)F,1,0.732688,0.926466,0.982316
C[C@H]1CN([C@H](C)CO)C(=O)Cc2cc(ccc2O[C@H]1CN(C)S(=O)(=O)c1ccc(cc1)F)NC(=O)Nc1cccc2ccccc12,0,0.011840,0.028016,0.005909
C[C@H]1CCCCO[C@@H](CN(C)C(=O)Nc2ccc3c(c2)OCO3)[C@H](C)CN([C@H](C)CO)C(=O)c2cc(ccc2O1)NS(=O)(=O)c1ccc(cc1)C,0,0.001162,0.024245,0.003542
FC(F)(F)Oc1ccc(cc1)C1=C(NC(=O)c2ccc(cc2)Br)C(=O)c2ccccc2C1=O,0,0.999836,0.631794,0.767140
CNC(=O)Oc1ccccc1OC(C)C,0,0.656674,0.120553,0.061178
CC(C)NC(=O)N(C)C[C@@H]1Oc2c(cccc2C(=O)N(C[C@H]1C)[C@H](C)CO)NS(=O)(=O)c1ccc(cc1)Cl,0,0.047797,0.025192,0.009369
CN1CCN(CC1)C(=O)[C@@H]1[C@@H](CO)[C@@H]2CN3C(=O)C(=CC=C3[C@@H]2N1CC1CC1)c1cncnc1,0,0.063022,0.053300,0.022951
CN1CCN(CC1)C(=O)C[C@@H]1CC[C@H]2[C@H](COc3ccc(cc3C(=O)N2C)NC(=O)c2ccc(c(c2)F)F)O1,0,0.065978,0.165740,0.097767
[O-][n+]1ccccc1S[Zn]Sc1cccc[n+]1[O-],1,0.969683,0.281715,0.219806
C[C@@H]1CCCCO[C@@H](CN(C)C(=O)Nc2ccccc2)[C@H](C)CN([C@H](C)CO)C(=O)c2cc(ccc2O1)NS(=O)(=O)c1ccccc1,0,0.001519,0.024238,0.003501
COc1cc2ccc(=O)oc2c2ccoc12,0,0.051061,0.111910,0.143067
C[C@H]1CN([C@@H](C)CO)C(=O)Cc2cc(ccc2O[C@H]1CN(C)S(=O)(=O)c1ccc(cc1)Oc1ccccc1)NC(=O)Nc1cccc(c1)C(F)(F)F,0,0.113365,0.059960,0.010629
C[C@@H]1CCCCO[C@H](CN(C)S(=O)(=O)c2ccccc2)[C@@H](C)CN([C@H](C)CO)C(=O)c2cc(ccc2O1)NC(=O)CCCCCC(=O)Nc1ccccc1N,0,0.000896,0.037212,0.004125
C[C@@H]1CCCCO[C@@H](CN(C)S(=O)(=O)C)[C@H](C)CN([C@@H](C)CO)C(=O)c2cc(ccc2O1)NC(=O)Nc1ccc(cc1)C(F)(F)F,0,0.226986,0.103273,0.029492
C[C@@H]1CN([C@H](C)CO)C(=O)c2cccc(c2O[C@@H]1CN(C)S(=O)(=O)c1c(noc1C)C)NC(=O)C1CCCCC1,0,0.013314,0.025102,0.005083
COc1ccc(cc1)[C@@H]([C@H](Cc1ccccc1)OC(=O)C)N1C[C@@H](OC(=O)C)[C@@H]2[C@H](ON=C2[C@@H]1Cc1ccccc1)c1ccccc1,0,0.005013,0.104673,0.055212
C[C@@H]1CN([C@@H](C)CO)C(=O)c2c(c3ccccc3n2C)-c2ccccc2CO[C@@H]1CN(C)C(=O)[C@@H](C)c1ccccc1,0,0.019363,0.036913,0.015334
C[C@H]1CN([C@H](C)CO)C(=O)c2cc(ccc2O[C@H]1CN(C)S(=O)(=O)c1cn(cn1)C)NC(=O)Nc1c(noc1C)C,0,0.028971,0.024491,0.005601
C[C@@H]1CN([C@@H](C)CO)C(=O)Cc2cc(ccc2O[C@@H]1CN(C)C(=O)Nc1cccc2ccccc12)NC(=O)CCC(F)(F)F,0,0.094167,0.031778,0.020807
C[C@@H]1CN([C@H](C)CO)C(=O)Cc2cc(ccc2O[C@H]1CN(C)S(=O)(=O)c1cn(cn1)C)NC(=O)CCC(F)(F)F,0,0.058533,0.026387,0.012026
C[C@H]1CN([C@@H](C)CO)C(=O)c2cccc(c2O[C@@H]1CN(C)Cc1ccc(cc1)-c1ccccc1)NC(=O)Nc1ccc(cc1)F,0,0.311009,0.055143,0.022919
C[C@H]1CN([C@@H](C)CO)C(=O)Cc2cc(ccc2O[C@@H]1CN(C)Cc1ccc(cc1)C(=O)O)NC(=O)c1ccncc1,0,0.026867,0.025762,0.010114
C[C@H]1CN([C@H](C)CO)C(=O)c2cc(ccc2O[C@H]1CN(C)S(=O)(=O)c1ccc(cc1)F)NS(=O)(=O)c1ccc(cc1)F,0,0.013806,0.024158,0.007319
C[C@@H]1CN([C@H](C)CO)C(=O)c2cc(ccc2O[C@@H]1CN(C)S(=O)(=O)c1cn(cn1)C)NC(=O)Nc1ccc(cc1)F,0,0.135282,0.025803,0.008365
C[C@@H]1CN([C@H](C)CO)C(=O)Cc2cc(ccc2O[C@@H]1CN(C)S(=O)(=O)c1c(noc1C)C)NC(=O)CCC(F)(F)F,0,0.065931,0.027364,0.014470
C[C@@H]1CCCCO[C@H](CN(C)Cc2ccncc2)[C@H](C)CN([C@H](C)CO)C(=O)c2cc(ccc2O1)NC(=O)Nc1c(noc1C)C,0,0.017325,0.029315,0.005475
OCN1[C@@H](NC(=O)NCNC(=O)N[C@@H]2N(CO)C(=O)NC2=O)C(=O)NC1=O,0,0.000205,0.125335,0.081542
Cn1cnc(c1)CCNC(=O)C[C@@H]1CC[C@@H]2[C@H](COC[C@H](O)CN2C(=O)Nc2ccc(cc2)Cl)O1,0,0.935938,0.765121,0.634270
NNC(=O)CCCCCCC(=O)O,0,0.108132,0.041635,0.026730
CN1CCN(c2c(F)cc3c(=O)c(C(=O)O)cn4c3c2SCC4)CC1,1,0.969954,0.896749,0.951943
C[C@@H]1CN([C@H](C)CO)C(=O)Cc2cc(ccc2O[C@H]1CN(C)Cc1ccc(cc1)C(=O)Nc1ccccc1N)NC(=O)Cc1cn(c2ccccc12)C,0,0.003472,0.027693,0.004201
CO[C@H]1CN(C)C(=O)c2ccc(cc2OC[C@H](C)N(C[C@@H]1C)Cc1cccnc1)NC(=O)C1CCOCC1,0,0.011819,0.032536,0.005943
COc1ccc(cc1)[Si](C)(C)[C@H]1[C@H](C)[C@]2(O[C@@H]1CCO)C(=O)N(Cc1cccc(c1)N1C(=O)c3cccc4cccc1c34)c1ccccc12,0,0.004800,0.050440,0.027144
C[C@@H]1CN([C@@H](C)CO)C(=O)c2cc(ccc2O[C@@H]1CN(C)Cc1ccc(cc1)-c1ccccc1)NC(=O)Cc1ccccc1,0,0.028297,0.033187,0.015368
O[C@H]1COC[C@H]2O[C@H](CC[C@@H]2N(C1)C(=O)Nc1ccc(cc1)C(F)(F)F)CC(=O)NCc1ccncn1,0,0.968107,0.896269,0.862315
CN(C)CC#Cc1ccc(cc1)[C@@H]1[C@H](CO)N2[C@@H]1CN(CC2=O)C(=O)c1cccnc1,0,0.221593,0.052356,0.027393
C[C@H]1CN([C@@H](C)CO)C(=O)Cc2cc(ccc2O[C@H]1CN(C)S(=O)(=O)C)NC(=O)c1ccncc1,0,0.001665,0.023980,0.004097
ONC(=O)/C=C/c1cccc(c1)-c1cn(nn1)-c1cccc(c1)C(=O)N1CCC2(CC1)N(CNC2=O)c1ccccc1,0,0.516894,0.278017,0.256595
CC(C)(C)OC(=O)Nc1cccc(c1)[C@@H]1CC(=O)N([C@@H]1C(=O)Nc1cccc2cccnc12)C(=O)OCc1ccccc1,0,0.006600,0.103011,0.138951
C[C@H]1CN([C@H](C)CO)S(=O)(=O)c2ccc(cc2O[C@H]1CN(C)S(=O)(=O)c1ccc(cc1)F)C#Cc1ccncc1,0,0.070361,0.037789,0.006779
C[C@@H]1CCCCO[C@H](CN(C)C(=O)Nc2ccc3c(c2)OCO3)[C@@H](C)CN([C@H](C)CO)C(=O)c2cc(ccc2O1)NC(=O)Nc1c(noc1C)C,0,0.012217,0.028863,0.004079
Cc1ccc(cc1)N(c1ccc(cc1)C)c1cccnc1,1,0.589401,0.237204,0.140781
C[C@H]1CCCCO[C@@H](CN(C)CC2CC2)[C@H](C)CN([C@@H](C)CO)C(=O)c2cc(ccc2O1)NS(=O)(=O)c1ccc(cc1)Cl,0,0.021576,0.025687,0.007601
C[C@@H]1CN([C@H](C)CO)C(=O)Cc2cc(ccc2O[C@H]1CN(C)Cc1ccncc1)NC(=O)Cn1cnnn1,0,0.012483,0.028363,0.007407
C[Si](C)(C)C#CC(=O)NO,0,0.294087,0.187411,0.082446
C[C@H]1CN([C@@H](C)CO)C(=O)c2cccc(c2O[C@H]1CN(C)Cc1ccc(cc1)-c1ccccc1)NC(=O)Nc1c(noc1C)C,0,0.118529,0.026620,0.010415
C[C@H]1CCCCO[C@@H](CN(C)C(=O)Nc2ccc(cc2)F)[C@H](C)CN([C@H](C)CO)C(=O)c2cc(ccc2O1)NC(=O)c1ccncc1,0,0.016407,0.022846,0.005473
C[C@@H]1CCCCO[C@@H](CN(C)C(=O)Nc2ccccc2)[C@H](C)CN([C@H](C)CO)C(=O)c2cc(ccc2O1)NC(=O)Nc1ccc(cc1)F,0,0.061558,0.022439,0.006029
CC(=O)OCC=C(C)CCC=C(C)CCC=C(C)CCC=C(C)CCC=C(C)CCC=C(C)CCC=C(C)CCC=C(C)CCC=C(C)C,0,0.005034,0.236345,0.086208
COc1ccc(cc1)S(=O)(=O)Nc1ccc2c(c1)CC(=O)N(C[C@H](C)[C@H](CN(C)Cc1ccc(cc1)Oc1ccccc1)O2)[C@H](C)CO,0,0.000295,0.025148,0.004634
NC(=N)N,0,0.000291,0.074473,0.019248
CC(C)NC(=O)N(C)C[C@H]1Oc2ccc(cc2CC(=O)N(C[C@@H]1C)[C@H](C)CO)NS(=O)(=O)c1cccs1,0,0.005214,0.024259,0.004568
C[C@@H]1CN([C@@H](C)CO)C(=O)c2cccc(c2O[C@@H]1CN(C)Cc1ccc2c(c1)OCO2)NS(=O)(=O)c1cn(cn1)C,0,0.009728,0.024391,0.004029
CCNC(=O)C[C@H]1O[C@H](CO)[C@@H](NC(=O)C2CC2)C=C1,0,0.051352,0.029147,0.011412
C[C@H]1Cc2cc(ccc2N1C(=O)C1CC1)S(=O)(=O)N(C)CC(=O)N1CCOCC1,0,0.003058,0.027644,0.011587
C[C@H]1CN([C@H](C)CO)C(=O)c2cc(ccc2O[C@H]1CN(C)Cc1ccc2c(c1)OCO2)NC(=O)c1ccncc1,0,0.001700,0.022783,0.003663
CC(C)NC(=O)N(C)C[C@H]1Oc2ccc(cc2C(=O)N(C[C@H]1C)[C@H](C)CO)NC(=O)CCCN(C)C,0,0.017918,0.024168,0.006805
COc1ccc(cc1)CN(C)C[C@@H]1OCCCC[C@H](C)Oc2ccc(cc2C(=O)N(C[C@H]1C)[C@@H](C)CO)NS(=O)(=O)c1ccccc1,0,0.001033,0.024251,0.003722
CC(C)NC(=O)N(C)C[C@H]1OCc2cnnn2CCCC(=O)N(C[C@@H]1C)[C@@H](C)CO,0,0.020389,0.031243,0.009679
O[C@@H]1COC[C@@H]2O[C@@H](CC[C@H]2N(C1)S(=O)(=O)c1cccc(c1)F)CC(=O)NCCCN1CCOCC1,0,0.309092,0.057049,0.018632
COc1ccc(cc1)S(=O)(=O)N(C)C[C@@H]1Oc2ccc(cc2C(=O)N(C[C@@H]1C)[C@H](C)CO)NC(=O)Nc1cccc2ccccc12,0,0.009089,0.024498,0.003894
C[C@@H]1CCCCO[C@@H](CN(C)C(=O)C2CCCCC2)[C@@H](C)CN([C@H](C)CO)C(=O)c2cc(ccc2O1)NC(=O)Cc1ccccc1,0,0.002427,0.023017,0.005460
COc1ccc(cc1OC)S(=O)(=O)N1[C@@H](C(=O)N2CCC[C@H]2C(=O)N)[C@@](O)(c2ccccc2Cl)c2cc(ccc21)Cl,0,0.007109,0.058358,0.085300
C[C@@H]1CN([C@H](C)CO)C(=O)CCCn2cc(nn2)CO[C@H]1CN(C)S(=O)(=O)c1cccc(c1)C#N,0,0.001592,0.026682,0.005552
CC1(C)CCNC1=O,0,0.033561,0.032365,0.013495
C[C@H]1CCCCO[C@H](CN(C)Cc2ccncc2)[C@H](C)CN([C@H](C)CO)C(=O)c2cc(ccc2O1)NC(=O)Nc1c(noc1C)C,0,0.017325,0.029315,0.005475
OC(=O)C1=CC(=O)c2cccc(c2N1)O,0,0.936379,0.189828,0.256940
CC(C)(N)c1ccccc1Br,0,0.725579,0.102089,0.066189
COCCCNC(=O)[C@]1(Cc2ccccc2N=[N+]=[N-])N=C(O[C@@H]1c1ccccc1N=[N+]=[N-])c1ccc(cc1)OCCCO,0,0.947647,0.073806,0.062046
COc1ccc(cc1)S(=O)(=O)Nc1ccc2c(c1)C(=O)N(C[C@H](C)[C@H](CN(C)Cc1ccc(c(c1)Cl)Cl)OCCCC[C@@H](C)O2)[C@@H](C)CO,0,0.008006,0.025030,0.004712
C[C@H]1CCCCO[C@H](CN(C)Cc2ccccc2)[C@@H](C)CN([C@H](C)CO)C(=O)c2cc(ccc2O1)NC(=O)Cc1ccccc1,0,0.005173,0.024268,0.009787
COc1ccc(cc1)S(=O)(=O)Nc1ccc2c(c1)CC(=O)N(C[C@@H](C)[C@H](CN(C)C(=O)Nc1c(noc1C)C)O2)[C@@H](C)CO,0,0.004138,0.024274,0.004126
C[C@@H]1CN([C@@H](C)CO)C(=O)c2cccc(c2O[C@@H]1CN(C)Cc1ccc(cc1)C(F)(F)F)NC(=O)NC1CCCCC1,0,0.432030,0.110554,0.104011
C[C@@H]1CN([C@H](C)CO)C(=O)Cc2cc(ccc2O[C@H]1CN(C)Cc1ccc(cc1)C(=O)Nc1ccccc1N)NC(=O)CCC(F)(F)F,0,0.037093,0.021513,0.006525
C[C@@H]1CN([C@H](C)CO)C(=O)Cc2cc(ccc2O[C@@H]1CN(C)C(=O)Nc1ccc(cc1)C(F)(F)F)NC(=O)Nc1ccc(cc1)C(F)(F)F,0,0.960753,0.054796,0.042607
C[C@@H]1CN([C@@H](C)CO)C(=O)c2cccc(c2O[C@H]1CN(C)S(=O)(=O)c1ccc(cc1)C)NS(=O)(=O)c1ccccc1,0,0.003850,0.024740,0.005331
C[C@@H]1CN([C@@H](C)CO)S(=O)(=O)c2ccc(cc2O[C@H]1CN(C)S(=O)(=O)c1ccc(cc1)C)Br,0,0.056537,0.032192,0.007930
C[C@H]1C[C@@H](OC2[C@@H](O)[C@H](O)[C@H](O)[C@H](O)[C@@H]2O)[C@@H](N)C[C@@H]1NC(=N)C(=O)O,0,0.819767,0.578598,0.414041
C[C@@H]1CN([C@H](C)CO)S(=O)(=O)c2ccc(cc2O[C@@H]1CN(C)Cc1ccncc1)C#CC(C)(C)O,0,0.017679,0.025593,0.005660
CCCCCCOC(=O)N=C(N)c1ccc(NCc2nc3cc(C(=O)N(CCC(=O)OCC)c4ccccn4)ccc3n2C)cc1.CS(=O)(=O)O,0,0.224996,0.178828,0.047370
CCS(=O)(=O)Nc1ccc2c(c1)C(=O)N(C)C[C@@H](OC)[C@H](C)CN(CCC(F)(F)F)[C@@H](C)CO2,0,0.130477,0.030035,0.010596
COc1ccc(cc1)NC(=O)N(C)C[C@H]1Oc2c(cccc2C(=O)N(C[C@@H]1C)[C@H](C)CO)NS(=O)(=O)c1cn(cn1)C,0,0.083475,0.023793,0.003814
C[C@H]1CCCCO[C@H](CN(C)Cc2ccc(cc2)C(F)(F)F)[C@@H](C)CN([C@H](C)CO)C(=O)c2cc(ccc2O1)NC(=O)Nc1ccc2c(c1)OCO2,0,0.075334,0.018789,0.005680
C[C@H]1CCCCO[C@@H](CN(C)C)[C@@H](C)CN([C@H](C)CO)C(=O)c2cc(ccc2O1)NS(=O)(=O)c1c(noc1C)C,0,0.004131,0.025088,0.005719
C[C@H]1CCCCO[C@H](CN(C)C(=O)Nc2ccc3c(c2)OCO3)[C@@H](C)CN([C@H](C)CO)C(=O)c2cc(ccc2O1)NC(=O)NC1CCCCC1,0,0.012192,0.024000,0.003533
COc1ccc(cc1)S(=O)(=O)N(C)C[C@@H]1Oc2ccc(cc2C(=O)N(C[C@@H]1C)[C@H](C)CO)NC(=O)Nc1c(noc1C)C,0,0.022766,0.024574,0.004640
COc1ccccc1CN1[C@@H](c2ccc(cc2)CO)[C@@](Cc2ccccc2I)(C(=O)NCCCN(C)C)c2ccccc2C1=O,0,0.168011,0.116831,0.043880
COCC(=O)N(C)C[C@H]1Oc2cc(ccc2S(=O)(=O)N(C[C@@H]1C)[C@H](C)CO)C#CCC1CCCC1,0,0.061630,0.026310,0.007968
CC(C)NC(=O)Nc1ccc2c(c1)C(=O)N(C[C@@H](C)[C@@H](CN(C)C(=O)Nc1ccccc1)OCCCC[C@@H](C)O2)[C@@H](C)CO,0,0.012412,0.024196,0.005503
CC(C)(C)C1=C(C[C@@H](N)C(=O)O)C(=O)NO1,0,0.219573,0.059533,0.055494
C[C@H]1CCCCO[C@H](CN(C)Cc2ccc3c(c2)OCO3)[C@H](C)CN([C@@H](C)CO)C(=O)c2cc(ccc2O1)NC(=O)CCC(F)(F)F,0,0.045001,0.019180,0.008158
OC[C@@H]1O[C@@H](CCNC(=O)Cc2ccncc2)CC[C@@H]1NC(=O)C1CCOCC1,0,0.043049,0.024244,0.016551
CCCNC(=O)N1C[C@@H](O)COC[C@H]2O[C@H](CC[C@@H]21)CC(=O)N1CCN(C)CC1,0,0.608668,0.030636,0.042881
C[C@@H]1CN([C@H](C)CO)C(=O)CCCn2cc(nn2)CO[C@@H]1CN(C)C(=O)Nc1cccc(c1)C(F)(F)F,0,0.808267,0.900674,0.848444
C[C@@H]1CN([C@H](C)CO)C(=O)c2cccc(c2O[C@@H]1CN(C)S(=O)(=O)c1cn(cn1)C)NC(=O)c1nc2ccccc2s1,0,0.010025,0.025015,0.004855
CC1=CC(=O)NC=C1,0,0.048174,0.046129,0.013018
COc1ccc(cc1)NC(=O)Nc1ccc2c(c1)C(=O)N(C[C@@H](C)[C@@H](CN(C)Cc1ccncc1)OCCCC[C@@H](C)O2)[C@@H](C)CO,0,0.010533,0.023933,0.004164
OC(=O)C1CCC1,0,0.059028,0.033338,0.023481
C1CN(CCN1)CCn1cccc1,0,0.023567,0.094796,0.054507
C[C@@H]1CCCCO[C@H](CN(C)C(=O)CCCN(C)C)[C@H](C)CN([C@@H](C)CO)C(=O)c2cc(ccc2O1)NC(=O)Nc1cccc2ccccc12,0,0.017800,0.024200,0.003475
C[C@H]1CN([C@@H](C)CO)C(=O)c2cccc(c2O[C@H]1CN(C)S(=O)(=O)c1ccccc1)NC(=O)C1CCOCC1,0,0.013027,0.024532,0.004542
CO[C@@H]1CN(C)C(=O)c2ccc(cc2OC[C@@H](C)N(C[C@@H]1C)Cc1cccc(c1)F)NS(=O)(=O)c1cn(cn1)C,0,0.033067,0.024035,0.005354
C[C@H]1CN([C@@H](C)CO)C(=O)Cc2cc(ccc2O[C@H]1CN(C)S(=O)(=O)c1c(noc1C)C)NC(=O)Nc1ccc2c(c1)OCO2,0,0.004371,0.027625,0.005969
C[C@@H]1CCCCO[C@@H](CN(C)C(=O)CCC(F)(F)F)[C@H](C)CN([C@H](C)CO)C(=O)c2cc(ccc2O1)NS(=O)(=O)c1ccc(cc1)F,0,0.020124,0.030350,0.009171
C[C@@H]1CCCCO[C@@H](CN(C)S(=O)(=O)c2cccs2)[C@@H](C)CN([C@@H](C)CO)C(=O)c2cc(ccc2O1)NS(=O)(=O)C,0,0.002234,0.024454,0.003973
C[C@H]1CCCCO[C@H](CN(C)C(=O)C2CCCCC2)[C@H](C)CN([C@@H](C)CO)C(=O)c2cc(ccc2O1)NC(=O)Nc1ccc(cc1)C(F)(F)F,0,0.296652,0.170819,0.090214
CN1CCN(CC1)C(=O)C[C@@H]1CC[C@H]2[C@@H](COC[C@@H](O)CN2C(=O)Nc2ccc3c(c2)OCO3)O1,0,0.456301,0.045383,0.045162
CO[C@H]1O[C@H](CO)[C@@H](OC(=O)c2c(cccc2OC)OC)[C@@H]2OC(=O)[C@@H](C/C=C/C[C@@H](Cc3cccc(c3)Br)C(=O)O[C@@H]12)Cc1cccc(c1)Br,0,0.123666,0.458618,0.268982
C[C@H]1CN([C@H](C)CO)C(=O)Cc2cc(ccc2O[C@@H]1CN(C)C(=O)Nc1ccc(cc1)C(F)(F)F)NC(=O)C1CCCCC1,0,0.424329,0.088405,0.080519
COc1ccc2c3c(n(c2c1)C)[C@H](CO)N(Cc1cc(cc(c1)OC)OC)C[C@]13CCN(CC1)C(=O)Nc1cccc(c1)F,0,0.420030,0.083362,0.057267
CN1CCN(CC1)C(=O)C[C@@H]1CC[C@@H]2[C@H](COC[C@@H](O)CN2S(=O)(=O)c2ccccc2C)O1,0,0.210107,0.066207,0.016967
CN[C@H]1CC[C@@H](c2ccc(c(c2)Cl)Cl)c2ccccc21,0,0.906947,0.885100,0.884370
C[C@H]1CN([C@H](C)CO)C(=O)Cc2cc(ccc2O[C@@H]1CN(C)S(=O)(=O)c1ccc(cc1)F)N(C)C,0,0.017758,0.040986,0.013050
C[C@H]1CCCCO[C@H](CN(C)CC2CCCCC2)[C@H](C)CN([C@@H](C)CO)C(=O)c2cc(ccc2O1)NS(=O)(=O)c1ccccc1,0,0.004866,0.024647,0.005577
C[C@@H]1CCCCO[C@H](CN(C)S(=O)(=O)c2ccccc2)[C@@H](C)CN([C@H](C)CO)C(=O)c2cc(ccc2O1)NC(=O)Nc1c(noc1C)C,0,0.004632,0.024526,0.003885
CC(C)NC(=O)N(C)C[C@@H]1Oc2cc(ccc2S(=O)(=O)N(C[C@@H]1C)[C@@H](C)CO)C#Cc1ccccn1,0,0.056634,0.032231,0.007521
CCS(=O)(=O)Nc1ccc2c(c1)C(=O)N(C)[C@H]1CC[C@H](CC(=O)N[C@@H]3CCN(C3)Cc3ccccc3)O[C@H]1CO2,0,0.002024,0.027686,0.007006
COCCNC(=O)[C@H]1[C@H](CO)[C@H]2CN3C(=O)C=CC=C3[C@@H]1N2S(=O)(=O)c1ccccc1C,0,0.013434,0.024772,0.009585
C[C@@H]1CN([C@@H](C)CO)C(=O)CCCn2cc(nn2)CO[C@@H]1CN(C)C(=O)CCCN(C)C,0,0.015909,0.035112,0.006583
CS(=O)(=O)Nc1ccc2c(c1)[C@@H]1C[C@H](CC(=O)NCc3ccc(cc3)-c3ccccc3)O[C@H](CO)[C@@H]1O2,0,0.036754,0.045157,0.012135
C[C@H]1CCCCO[C@@H](CN(C)C(=O)CCCN(C)C)[C@H](C)CN([C@@H](C)CO)C(=O)c2cc(ccc2O1)NC(=O)Nc1cccc2ccccc12,0,0.017800,0.024200,0.003475
C[C@@H]1CCCCO[C@@H](CN(C)Cc2ccc(c(c2)Cl)Cl)[C@@H](C)CN([C@H](C)CO)C(=O)c2cc(ccc2O1)NC(=O)Nc1ccc(cc1)C(F)(F)F,0,0.810648,0.035631,0.011285
O=C1COC2(CCN(CC2)C(=O)C2CCOCC2)CN1,0,0.165731,0.068453,0.023470
O=S(=O)(Cc1ccccc1)Nn1cnnc1,0,0.181176,0.084193,0.023716
C[C@@H]1CN([C@@H](C)CO)C(=O)Cc2cc(ccc2O[C@@H]1CN(C)S(=O)(=O)c1c(noc1C)C)NC(=O)CCC(F)(F)F,0,0.065931,0.027364,0.014470
C[C@H]1CN([C@@H](C)CO)C(=O)Cc2cc(ccc2O[C@H]1CN(C)C(=O)Nc1cccc2ccccc12)NS(=O)(=O)c1ccc(cc1)C,0,0.001409,0.024314,0.003438
C[C@H](O)C#Cc1cnc2c(c1)C(=O)N(C[C@H](C)[C@@H](CN(C)Cc1cncnc1)O2)[C@@H](C)CO,0,0.035302,0.049087,0.011660
C[C@@H]1CCCCO[C@H](CN(C)S(=O)(=O)c2ccccc2)[C@@H](C)CN([C@@H](C)CO)C(=O)c2cc(ccc2O1)NC(=O)Nc1ccc(cc1)C(F)(F)F,0,0.148381,0.044887,0.007968
C[C@H]1CN([C@@H](C)CO)C(=O)CCCn2nncc2CO[C@@H]1CN(C)S(=O)(=O)c1ccc(cc1)-n1cccn1,0,0.011246,0.025480,0.004781
C[C@@H]1CN([C@H](C)CO)S(=O)(=O)c2ccc(cc2O[C@H]1CN(C)S(=O)(=O)c1cn(cn1)C)C1=CCCCC1,0,0.002940,0.024478,0.004525
C[C@H]1CN([C@H](C)CO)C(=O)c2cccc(c2O[C@H]1CN(C)Cc1ccncc1)NC(=O)Nc1cccc2ccccc12,0,0.013036,0.023246,0.008357
C[C@H]1CN([C@@H](C)CO)C(=O)c2cccc(c2O[C@H]1CN(C)C(=O)Nc1ccc(cc1)C(F)(F)F)NC(=O)Nc1ccc(cc1)C(F)(F)F,0,0.985494,0.590318,0.344518
OC(=O)CCCC[C@@H]1SC[C@@H]2NC(=O)N[C@@H]21,0,0.015154,0.071915,0.029920
C[C@H]1CN([C@H](C)CO)C(=O)c2cccc(c2O[C@@H]1CN(C)Cc1ccc(cc1)Oc1ccccc1)NS(=O)(=O)c1cccs1,0,0.003659,0.025619,0.005265
C[C@@H]1CCCCO[C@H](CN(C)C(=O)Nc2ccccc2)[C@H](C)CN([C@H](C)CO)C(=O)c2cc(ccc2O1)NC(=O)c1ccccc1,0,0.002339,0.023088,0.003817
CO[C@@H]1CN(C)C(=O)c2cc(ccc2OC[C@@H](C)N(C)C[C@H]1C)NS(=O)(=O)c1ccc(cc1)OC,0,0.017563,0.210011,0.013799
C[C@H]1CN([C@@H](C)CO)C(=O)c2cc(ccc2O[C@H]1CN(C)S(=O)(=O)c1cccs1)NS(=O)(=O)c1cccs1,0,0.003625,0.031761,0.010770
C[C@@H]1CN([C@H](C)CO)C(=O)Cc2cc(ccc2O[C@H]1CN(C)S(=O)(=O)C)NS(=O)(=O)c1ccc(cc1)C,0,0.001717,0.024212,0.005276
CO[C@@H]1CN(C)C(=O)c2cc(ccc2OC[C@@H](C)N(CCC(F)(F)F)C[C@H]1C)NC(=O)c1cnccn1,0,0.269251,0.255756,0.150979
C[C@@H]1CN([C@@H](C)CO)C(=O)c2cc(ccc2O[C@H]1CN(C)C(=O)Nc1cccc2ccccc12)NC(=O)Nc1ccc(cc1)F,0,0.093283,0.025040,0.013199
C[C@H]1CN([C@@H](C)CO)C(=O)c2cc(ccc2O[C@@H]1CN(C)C(=O)Nc1ccc2c(c1)OCO2)NC(=O)C1CC1,0,0.007691,0.028404,0.005558
Cn1cnc(c1)S(=O)(=O)N1CC[C@H]2NC(=O)C[C@H]21,0,0.002731,0.030906,0.009450
OC(=O)Cn1cccn1,0,0.018894,0.043198,0.044119
C[C@H]1CN([C@H](C)CO)C(=O)c2cc(ccc2O[C@H]1CN(C)S(=O)(=O)c1ccccc1)NC(=O)C1CC1,0,0.004737,0.024215,0.004528
Cc1cccc(c1C)C(=O)N1CCC[C@H](C1)Cn1cc(nn1)C(C)(C)N,0,0.710719,0.121874,0.070187
COc1ccc(C(=O)c2ccccc2O)c(O)c1,0,0.933305,0.629407,0.636730
COc1ccc(cc1)S(=O)(=O)N(C)C[C@H]1Oc2ccc(cc2CC(=O)N(C[C@@H]1C)[C@H](C)CO)NS(=O)(=O)c1cccs1,0,0.002276,0.024505,0.004079
COc1ccc2c3c([nH]c2c1)[C@@H](CO)N(C[C@]13CCN(CC1)S(=O)(=O)C)C(=O)Nc1ccc(cc1)F,0,0.223859,0.068677,0.034056
OC[C@@H]1O[C@H](CCNC(=O)Nc2cc(ccc2F)F)CC[C@@H]1NC(=O)CN1CCOCC1,0,0.290119,0.043992,0.060195
OC[C@H]1O[C@@H](C[C@@H]2[C@H]1Oc1ccc(cc12)NS(=O)(=O)c1ccc(cc1)F)CC(=O)NCCN1CCCCC1,0,0.030558,0.025914,0.007043
COc1ccccc1C#Cc1ccc2c(c1)O[C@@H](CN(C)C(=O)C)[C@H](C)CN([C@@H](C)CO)S2(=O)=O,0,0.047367,0.028308,0.007895
O=C(CCCN1CCN(c2ccccn2)CC1)c1ccc(F)cc1,0,0.322410,0.239801,0.188144
C[C@H]1CN([C@H](C)CO)C(=O)c2cccc(c2O[C@@H]1CN(C)S(=O)(=O)c1ccc(cc1)F)NC(=O)c1cnccn1,0,0.074273,0.024201,0.004940
CCC1OC(=O)C(C)C(OC2CC(C)(OC)C(O)C(C)O2)C(C)C(OC2OC(C)CC(N(C)C)C2O)C(C)(OC)CC(C)C(=O)C(C)C(O)C1(C)O,1,0.997097,0.940510,0.985501
C[C@@H]1CN([C@H](C)CO)C(=O)c2cc(cnc2O[C@@H]1CN(C)C(=O)Cc1cccnc1)C#CCc1ccccc1,0,0.007588,0.023523,0.004359
C[C@H]1CCCCO[C@@H](CN(C)C(=O)NC2CCCCC2)[C@@H](C)CN([C@@H](C)CO)C(=O)c2cc(ccc2O1)NS(=O)(=O)c1ccc(cc1)F,0,0.004095,0.024326,0.005087
O[C@@H]1COC[C@H]2O[C@H](CC[C@@H]2N(C1)C(=O)c1ccccn1)CC(=O)NC1CCC1,0,0.041501,0.024322,0.016731
CCc1nc2ccc(cn2c1N(C)C(=O)c1cccc(c1)OC)C(=O)N1CCN(CC1)C(=O)c1ccco1,0,0.000279,0.047506,0.023321
C[C@H]1CCCCO[C@H](CN(C)Cc2ccc3c(c2)OCO3)[C@H](C)CN([C@@H](C)CO)C(=O)c2cc(ccc2O1)NS(=O)(=O)c1ccc(cc1)C,0,0.000718,0.024339,0.003635
C[C@H]1CN([C@@H](C)CO)C(=O)c2cc(cnc2O[C@H]1CN(C)C(=O)c1ccncc1)-c1ccc(cc1)C(=O)N(C)C,0,0.001725,0.026201,0.006661
C[C@@H]1CN([C@@H](C)CO)C(=O)c2cc(ccc2O[C@@H]1CN(C)S(=O)(=O)c1ccccc1)NC(=O)Nc1c(noc1C)C,0,0.015517,0.024524,0.004492
CC(C)N1C[C@@H](CN(C)CCc2ccc(c(c2)Cl)Cl)Oc2c(cccc2C1=O)NC(=O)c1ccncc1,0,0.098152,0.535333,0.243126
CC(C)OC(=O)c1nnc([nH]1)N,0,0.089877,0.043323,0.017958
C[C@@H](NC(=O)C[C@@H]1CC[C@@H](NC(=O)CN2CCOCC2)[C@@H](CO)O1)c1ccccc1,0,0.021971,0.021934,0.016552
COC(=O)CCc1c(c/2[nH]c1/C=C/1\N=C(/C=C/3\N=C(/C=C/4\N/C(=C2)[C@]2(C)[C@H](C(=O)OC)C(=CC=C42)C(=O)OC)C(=C3C=C)C)C(=C1CCC(=O)O)C)C,0,0.122133,0.442539,0.203019
CC1C(=O)OC2C1CCC1(C)CCC(=O)C(C)C21,0,0.119187,0.069417,0.030687
OC[C@H]1O[C@H](C[C@@H]2[C@H]1Oc1ccc(cc12)NC(=O)c1cccnc1)CC(=O)NCc1cc(ccc1F)F,0,0.075110,0.030825,0.021157
COc1ccc(cc1)NC(=O)Nc1ccc2c(c1)[C@H]1C[C@@H](CC(=O)N3CCN(C)CC3)O[C@@H](CO)[C@H]1O2,0,0.174653,0.035950,0.023233
O=[N+]([O-])c1ccc([As](=O)(O)O)cc1,0,0.979105,0.269637,0.256288
C[C@@H]1CN([C@H](C)CO)C(=O)Cc2cc(ccc2O[C@@H]1CN(C)Cc1ccc2c(c1)OCO2)NC(=O)Nc1ccc(cc1)C(F)(F)F,0,0.153092,0.036438,0.023950
C[C@H]1CN([C@H](C)CO)C(=O)c2cc(cnc2O[C@H]1CN(C)C(=O)Nc1c(noc1C)C)C#CC(C)(C)O,0,0.053673,0.059844,0.020174
Cc1nc(cc2c1O[Mn]Oc1c(nc(cc1CN(CCN(CC(=O)O)C2)CC(=O)O)COP(=O)(O)O)C)COP(=O)(O)O,0,0.000000,0.715682,0.273252
CC(C)(C)[S@@](=O)N1Cc2cc(nc(c2[C@H]1CCO)-c1cccc(c1)-c1ccccc1)C(=O)NCCc1ccncc1,0,0.013703,0.071210,0.073223
C[C@H]1CN([C@H](C)CO)S(=O)(=O)c2ccc(cc2O[C@@H]1CN(C)C(=O)CN(C)C)C#Cc1cccnc1,0,0.243367,0.254319,0.017312
CN1C[C@@H](O)COC[C@H]2O[C@@H](CC[C@@H]21)CC(=O)N1CCN(CC1)c1ccccc1,0,0.621876,0.042683,0.036472
CC(C)NC(=O)Nc1ccc2c(c1)C(=O)N(C[C@@H](C)[C@@H](CN(C)Cc1ccc(c(c1)Cl)Cl)OCCCC[C@@H](C)O2)[C@@H](C)CO,0,0.118440,0.037847,0.014015
COc1ccc(cc1OC)CC[C@@H](OC(=O)[C@H]1CCCCN1C(=O)Cc1ccccc1)c1cccc(c1)OCC(=O)O,0,0.020614,0.085720,0.100120
CN(C)C[C@]12COC[C@H]2CN(C1)C(=O)N(C)C,0,0.247855,0.026213,0.017399
CC(C)CC#Cc1cnc2c(c1)C(=O)N(C[C@H](C)[C@H](CN(C)S(=O)(=O)c1cn(cn1)C)O2)[C@H](C)CO,0,0.025384,0.024108,0.005134
C[C@H]1CN([C@H](C)CO)C(=O)CCCn2nncc2CO[C@@H]1CN(C)C(=O)Nc1ccc2c(c1)OCCO2,0,0.027615,0.030875,0.006014
C[C@H]1CN([C@H](C)CO)C(=O)c2cc(ccc2O[C@H]1CN(C)CC1CCCCC1)NC(=O)Nc1ccc(cc1)F,0,0.253923,0.090248,0.046980
Nc1ncnc2n(cnc12)CCOCP(=O)(O)O,0,0.971851,0.167949,0.146620
OC[C@@H]1O[C@@H](CC[C@@H]1NC(=O)Cc1ccccn1)CC(=O)NCCCN1CCOCC1,0,0.012166,0.031253,0.013598
C[C@@H]1CN([C@@H](C)CO)C(=O)c2cccc(c2O[C@H]1CN(C)Cc1ccncc1)NS(=O)(=O)c1cn(cn1)C,0,0.021032,0.024836,0.003555
C[C@@H]1CN([C@@H](C)CO)C(=O)c2cccc(c2O[C@@H]1CN(C)S(=O)(=O)c1ccc(cc1)C)NC(=O)Nc1cccc2ccccc12,0,0.021822,0.024810,0.005132
CN(C)CC(=O)N[C@H]1CC[C@H](CCNC(=O)C2CCC2)O[C@H]1CO,0,0.187776,0.031695,0.013818
C[C@@H]1CCCCO[C@H](CN(C)Cc2ccncc2)[C@@H](C)CN([C@@H](C)CO)C(=O)c2cc(ccc2O1)NC(=O)C1CCCCC1,0,0.008929,0.022956,0.005786
CCOC(=O)[C@H]1CN(C(=O)C1=O)C(C)(C)C,0,0.017492,0.155002,0.032939
CC(C)NC(=O)Nc1ccc2c(c1)CC(=O)N(C[C@@H](C)[C@@H](CN(C)S(=O)(=O)c1ccc(cc1)Cl)O2)[C@H](C)CO,0,0.034825,0.029375,0.008298
C[C@H]1CCCCO[C@H](CN(C)Cc2ccncc2)[C@@H](C)CN([C@@H](C)CO)C(=O)c2cc(ccc2O1)NC(=O)C1CCCCC1,0,0.008929,0.022956,0.005786
C[C@H]1CN([C@H](C)CO)C(=O)c2cc(ccc2O[C@H]1CN(C)S(=O)(=O)c1ccc(cc1)F)NS(=O)(=O)c1cccs1,0,0.013852,0.024663,0.005548
COCCOC(=O)N1C(=O)[C@]2([C@@H]([C@@H]3N([C@H]([C@H](OC3=O)c3ccccc3)c3ccccc3)[C@@H]2c2ccc(cc2)OCCO)C(=O)N2CCCCCCC2)c2ccccc21,0,0.022103,0.043134,0.013823
CC(C)NC(=O)Nc1ccc2c(c1)CC(=O)N(C[C@@H](C)[C@@H](CN(C)Cc1ccc3c(c1)OCO3)O2)[C@H](C)CO,0,0.022888,0.034515,0.009596
COc1ccc(cc1)-c1cnc2c(c1)C(=O)N(C[C@@H](C)[C@H](CN(C)C(=O)Cc1ccncc1)O2)[C@H](C)CO,0,0.006302,0.022836,0.005500
COc1ccc(cc1)S(=O)(=O)N(C)C[C@@H]1Oc2ccc(cc2CC(=O)N(C[C@H]1C)[C@@H](C)CO)NC(=O)Cn1cnnn1,0,0.005193,0.027647,0.004880
C[C@@H]1CN([C@H](C)CO)C(=O)c2cc(ccc2O[C@H]1CN(C)C(=O)Nc1ccc(cc1)F)NC(=O)CCN1CCOCC1,0,0.045184,0.021792,0.007711
CC(N)(Cc1ccc(c(c1)O)O)C(=O)O,0,0.622639,0.054488,0.057404
C[C@H]1CN([C@H](C)CO)C(=O)c2cc(cnc2O[C@@H]1CN(C)C(=O)C1CCOCC1)/C=C/c1ccccc1,0,0.012069,0.022045,0.009226
C[C@@H]1CN([C@@H](C)CO)C(=O)c2cc(ccc2O[C@@H]1CN(C)C(=O)Nc1cccc2ccccc12)NC(=O)CCC(F)(F)F,0,0.203150,0.046802,0.051619
C[C@@H]1CN([C@H](C)CO)C(=O)Cc2cc(ccc2O[C@H]1CN(C)Cc1ccc(cc1)Oc1ccccc1)NS(=O)(=O)c1ccc(cc1)Cl,0,0.000923,0.025892,0.006101
COc1ccc(cc1)[Si](C)(C)[C@H]1[C@H](C)[C@]2(O[C@@H]1CCO)C(=O)N(Cc1cccc(c1)N1CCCCC1=O)c1ccccc12,0,0.090600,0.070479,0.050227
CC(C)NC(=O)Nc1ccc2c(c1)C(=O)N(C[C@H](C)[C@@H](CN(C)C(=O)Nc1ccc3c(c1)OCO3)O2)[C@@H](C)CO,0,0.026170,0.023704,0.006558
CCCCCCCc1c(c(cc2c3ccccc3[nH]c12)O)C,0,0.957383,0.719552,0.613694
CC(C)NC(=O)N(C)C[C@@H]1Oc2ccc(cc2C(=O)N(C[C@@H]1C)[C@H](C)CO)NC(=O)CCN1CCOCC1,0,0.005118,0.024600,0.005568
C[C@H]1CCCCO[C@@H](CN(C)S(=O)(=O)c2ccccc2)[C@H](C)CN([C@H](C)CO)C(=O)c2cc(ccc2O1)NC(=O)C1CCCCC1,0,0.001545,0.024262,0.004044
OC(=O)Cn1nnnc1-c1ccc(cc1)F,0,0.615965,0.181465,0.157628
O[C@@H]1COC[C@@H]2O[C@H](CC[C@H]2N(C1)S(=O)(=O)c1ccccc1)CC(=O)NCCN1CCCC1,0,0.190876,0.051187,0.015428
CNC(=O)C[C@@H]1CC[C@H]2[C@H](COc3ccc(cc3C(=O)N2C)NC(=O)c2ccc(cc2)C(F)(F)F)O1,0,0.240091,0.200178,0.223648
Oc1ccc(cc1)[C@H]1N2[C@@H]([C@@H](C(=O)Nc3nc4ccccc4s3)[C@]11C(=O)Nc3ccccc31)C(=O)O[C@@H]([C@@H]2c1ccccc1)c1ccccc1,0,0.286227,0.184023,0.072198
CO[C@@H]1CN(C)C(=O)c2cc(ccc2OC[C@@H](C)N(CC2CC2)C[C@@H]1C)NS(=O)(=O)c1cn(cn1)C,0,0.029029,0.024041,0.004802
C[C@@H]1CN([C@@H](C)CO)C(=O)c2ccccc2-c2ccccc2CO[C@H]1CN(C)Cc1ccccc1C(F)(F)F,1,0.379237,0.675311,0.737336
OC[C@@H]1O[C@@H](CC(=O)O)C=C[C@H]1NC(=O)c1ccncc1,0,0.052225,0.043327,0.052979
C[C@H]1CCCCO[C@H](CN(C)Cc2ccccc2)[C@H](C)CN([C@@H](C)CO)C(=O)c2cc(ccc2O1)NS(=O)(=O)c1ccc(cc1)Cl,0,0.004467,0.025321,0.006948
C[C@@H]1CN([C@H](C)CO)C(=O)Cc2cc(ccc2O[C@H]1CN(C)Cc1ccc(cc1)-c1ccccc1)NC(=O)Nc1ccccc1,0,0.090443,0.028383,0.013700
C[C@@H]1CN([C@H](C)CO)C(=O)c2cc(ccc2O[C@@H]1CN(C)S(=O)(=O)C)NC(=O)CCCCCC(=O)Nc1ccccc1N,0,0.007657,0.027356,0.004977
C[C@H]1CN([C@H](C)CO)C(=O)c2cccc(c2O[C@H]1CN(C)S(=O)(=O)c1ccccc1)NC(=O)c1cnccn1,0,0.020761,0.023929,0.004021
C[C@@H]1CN([C@H](C)CO)C(=O)c2cccc(c2O[C@@H]1CN(C)C(=O)Nc1ccc2c(c1)OCO2)NC(=O)c1ccc(cc1)-c1nccs1,0,0.008964,0.037924,0.005410
CCSc1cccc2cccnc12,0,0.089099,0.181711,0.107077
ONC(=O)CCCCCCC(=O)Nc1ccc(cc1)[C@H]1O[C@@H](CSc2nc3ccccc3o2)C[C@@H](O1)c1ccccc1,0,0.000120,0.173849,0.070044
COc1ccc(cc1)CN(C)C[C@@H]1OCCCC[C@@H](C)Oc2ccc(cc2C(=O)N(C[C@H]1C)[C@H](C)CO)NC(=O)CCC(F)(F)F,0,0.054454,0.027189,0.010475
C[C@@H]1CN([C@@H](C)CO)C(=O)c2cccc(c2O[C@H]1CN(C)C(=O)Nc1ccc(cc1)F)NC(=O)c1cnccn1,0,0.398193,0.026494,0.012678
COc1ccc(cc1)C#Cc1ccc2c(c1)O[C@@H](CN(C)S(=O)(=O)c1ccccc1F)[C@@H](C)CN([C@@H](C)CO)S2(=O)=O,0,0.062514,0.039988,0.006247
C[C@@H]1CN([C@@H](C)CO)C(=O)CCCn2nncc2CO[C@H]1CN(C)C(=O)Nc1ccc2c(c1)OCO2,0,0.046143,0.029863,0.006751
CC(=O)c1ccc2ccccc2c1O,0,0.694410,0.696209,0.777919
C[C@@H]1CN([C@@H](C)CO)C(=O)Cc2cc(ccc2O[C@@H]1CN(C)S(=O)(=O)c1c(noc1C)C)NC(=O)NC1CCCCC1,0,0.010716,0.025028,0.006069
C[C@@H]1CCCCO[C@@H](CN(C)C(=O)Nc2ccc3c(c2)OCO3)[C@@H](C)CN([C@@H](C)CO)C(=O)c2cc(ccc2O1)NC(=O)CCC(F)(F)F,0,0.076709,0.031724,0.016793
C[C@H]1CN([C@@H](C)CO)C(=O)c2cc(cnc2O[C@H]1CN(C)C(=O)Nc1c(noc1C)C)C#CCN(C)C,0,0.146418,0.023139,0.005894
COc1ccc(cc1)CN(C)C[C@@H]1OCCCC[C@H](C)Oc2ccc(cc2C(=O)N(C[C@@H]1C)[C@@H](C)CO)NC(=O)Cc1ccccc1,0,0.006722,0.026415,0.006305
C[C@H]1CN([C@@H](C)CO)C(=O)c2cc(ccc2O[C@H]1CN(C)S(=O)(=O)c1ccc(cc1)F)NC(=O)Nc1cccc2ccccc12,0,0.025650,0.024525,0.006027
COc1ccc(cc1)S(=O)(=O)N(C)C[C@@H]1Oc2c(cccc2C(=O)N(C[C@@H]1C)[C@H](C)CO)N(C)C,0,0.010754,0.026868,0.007883
C[C@@H]1CN([C@@H](C)CO)C(=O)c2cc(ccc2O[C@@H]1CN(C)S(=O)(=O)c1cn(cn1)C)NS(=O)(=O)C,0,0.022033,0.024511,0.006344
C[C@@H]1CCCCO[C@@H](CN(C)C(=O)Nc2ccccc2)[C@@H](C)CN([C@@H](C)CO)C(=O)c2cc(ccc2O1)NS(=O)(=O)c1ccccc1,0,0.001519,0.024238,0.003501
COc1ccc(cc1)NC(=O)Nc1ccc2c(c1)C(=O)N(C[C@@H](C)[C@H](CN(C)S(=O)(=O)c1c(noc1C)C)OCCCC[C@@H](C)O2)[C@@H](C)CO,0,0.005607,0.025163,0.004542
C[C@@H]1CN([C@@H](C)CO)C(=O)c2cc(ccc2O[C@H]1CN(C)S(=O)(=O)c1ccc(cc1)C)NC(=O)Cn1cnnn1,0,0.013712,0.024501,0.004066
Cl.Clc1ccccc1CN1CCc2sccc2C1,0,0.602059,0.366700,0.159304
C[C@@H]1CN([C@@H](C)CO)C(=O)Cc2cc(ccc2O[C@@H]1CN(C)CC1CC1)NS(=O)(=O)c1ccccc1,0,0.004259,0.028181,0.005109
C[C@@H]1CN([C@H](C)CO)C(=O)c2cc(ccc2O[C@H]1CN(C)Cc1ccc(c(c1)Cl)Cl)NS(=O)(=O)c1ccc(cc1)C,0,0.014247,0.034371,0.005576
O[C@H]1COC[C@@H]2O[C@@H](CC[C@H]2N(C1)S(=O)(=O)c1ccccc1F)CC(=O)N1CCC(CC1)Cc1ccccc1,0,0.363414,0.115428,0.035112
COc1ccc(cc1)S(=O)(=O)N1C[C@@H](O)COC[C@H]2O[C@H](CC[C@@H]21)CC(=O)NCc1ccc(c(c1)Cl)Cl,0,0.561463,0.039217,0.051677
CC1=NC(=O)NC(=C1C)C(=O)O,0,0.482541,0.123811,0.049977
CC1C(=O)CCC2C1(C)CCC1C2(C)CCC2(C)C3CC(C)(C)CCC3(C)CCC12C,0,0.982727,0.276454,0.070875
C[C@@H]1CN([C@H](C)CO)C(=O)Cc2cc(ccc2O[C@@H]1CN(C)C(=O)Nc1cccc2ccccc12)NS(=O)(=O)c1ccc(cc1)Cl,0,0.005723,0.024535,0.004146
CC(C)CN1CCN[C@@H](C)C1=O,0,0.007264,0.019452,0.005902
C#CCCCCCCCCCCCC(O)CC(O)COC(C)=O,0,0.022494,0.081008,0.066270
CC(C)(C)OC(=O)C[C@H]1CC=CC[C@H](CC(=O)NCCO)C(=O)N[C@@H](COC1=O)Cc1ccccc1,0,0.011287,0.035261,0.019429
C[C@H]1CN([C@@H](C)CO)C(=O)c2ccccc2-c2ccccc2CO[C@@H]1CN(C)C(=O)c1cc(cc(c1)Cl)Cl,0,0.096947,0.074229,0.031455
C[C@H]1CCCCO[C@H](CN(C)CC2CCCCC2)[C@H](C)CN([C@@H](C)CO)C(=O)c2cc(ccc2O1)NC(=O)Nc1ccc(cc1)C(F)(F)F,0,0.687675,0.450682,0.294484
CN(C)CCCNC(=O)C[C@H]1CC[C@@H]2[C@@H](COc3ccc(cc3C(=O)N2C)NC(=O)c2ccc3c(c2)OCO3)O1,0,0.008295,0.023341,0.006128
C[C@H]1CN([C@@H](C)CO)C(=O)Cc2cc(ccc2O[C@@H]1CN(C)S(=O)(=O)c1ccc(cc1)F)NC(=O)C1CC1,0,0.011105,0.025072,0.007503
COc1ccc(cc1)S(=O)(=O)N(C)C[C@@H]1Oc2ccc(cc2CC(=O)N(C[C@@H]1C)[C@H](C)CO)NC(=O)Cn1cnnn1,0,0.005193,0.027647,0.004880
C[C@H]1CCCCO[C@H](CN(C)C(=O)Nc2cccc3ccccc23)[C@@H](C)CN([C@H](C)CO)C(=O)c2cc(ccc2O1)NC(=O)Nc1ccccc1,0,0.018080,0.024299,0.003542
Cc1cccc(c1)/C=C(\CCC(=O)O)c1nc2ccccc2s1,0,0.340603,0.334022,0.329260
O[C@H]1COC[C@@H]2O[C@H](CC[C@H]2N(C1)Cc1cc(ccc1F)F)CC(=O)N[C@H]1CCN(C1)Cc1ccccc1,0,0.657706,0.069187,0.064763
O[C@@H]1COC[C@@H]2O[C@H](CC[C@H]2N(C1)S(=O)(=O)c1cccc(c1)Cl)CC(=O)N1CCOCC1,0,0.116527,0.070167,0.037746
C[C@H]1CCCCO[C@H](CN(C)CC2CCCCC2)[C@H](C)CN([C@@H](C)CO)C(=O)c2cc(ccc2O1)NS(=O)(=O)c1cccs1,0,0.014527,0.024515,0.004878
C[C@H]1CCCCO[C@@H](CN(C)C(=O)Nc2ccc3c(c2)OCO3)[C@H](C)CN([C@H](C)CO)C(=O)c2cc(ccc2O1)NC(=O)c1ccncc1,0,0.003163,0.024196,0.003362
C[C@@H]1CN([C@H](C)CO)C(=O)c2cc(ccc2O[C@@H]1CN(C)S(=O)(=O)C)NC(=O)NC1CCCCC1,0,0.012487,0.024617,0.005806
C[C@@H]1CN([C@@H](C)CO)C(=O)c2cc(cnc2O[C@@H]1CN(C)S(=O)(=O)c1ccccc1)-c1cccc(c1)C(=O)N(C)C,0,0.001251,0.024254,0.004320
C[C@@H]1CCCCO[C@H](CN(C)S(=O)(=O)c2ccc(cc2)C)[C@@H](C)CN([C@H](C)CO)C(=O)c2cc(ccc2O1)NC(=O)Nc1c(noc1C)C,0,0.007453,0.025315,0.004548
COc1ccc(cc1)NC(=O)N(C)C[C@@H]1OCCCC[C@@H](C)Oc2ccc(cc2C(=O)N(C[C@H]1C)[C@@H](C)CO)NS(=O)(=O)c1ccc(cc1)OC,0,0.001706,0.024540,0.003917
[O-][N+](=O)c1cc2c(cc1C#N)NC(=O)C(=O)N2,0,0.901839,0.582101,0.456255
C[C@@H]1CN([C@H](C)CO)C(=O)c2cc(ccc2O[C@H]1CN(C)S(=O)(=O)C)NC(=O)Cc1ccccc1,0,0.004937,0.024582,0.005497
C[C@@H]1CN([C@@H](C)CO)C(=O)c2cc(ccc2O[C@H]1CN(C)Cc1ccc(cc1)-c1ccccc1)NC(=O)CCC(F)(F)F,0,0.238896,0.065969,0.084534
CS(=O)(=O)CC(=O)N1C[C@H]2COC[C@@]2(COc2cccnc2)C1,0,0.015888,0.312359,0.197368
C[C@H]1CCCCO[C@H](CN(C)CC2CCCCC2)[C@H](C)CN([C@@H](C)CO)C(=O)c2cc(ccc2O1)NS(=O)(=O)c1ccc(cc1)C,0,0.006542,0.025163,0.007305
COc1ccc(cc1)CN(C)C[C@@H]1OCCCC[C@@H](C)Oc2ccc(cc2C(=O)N(C[C@H]1C)[C@H](C)CO)NC(=O)Nc1ccc(cc1)C(F)(F)F,0,0.316247,0.041592,0.015940
C[C@@H]1CN([C@H](C)CO)C(=O)Cc2cc(ccc2O[C@@H]1CN(C)Cc1ccc(cc1)C(=O)Nc1ccccc1N)NC(=O)Cc1cn(c2ccccc12)C,0,0.003472,0.027693,0.004201
OC(=O)c1ccnc(c1)N1CC(O)(C1)c1ccc(cc1Cl)OCc1c(onc1-c1c(cccc1Cl)Cl)C1CC1,0,0.998281,0.778100,0.640515
C[C@H]1CN([C@@H](C)CO)C(=O)c2cc(ccc2O[C@H]1CN(C)S(=O)(=O)c1c(noc1C)C)NC(=O)Cn1cnnn1,0,0.017911,0.026671,0.006670
C[C@H]1CN([C@H](C)CO)C(=O)c2cc(cnc2O[C@H]1CN(C)S(=O)(=O)c1cccc(c1)F)C#CC1(O)CCCC1,0,0.021646,0.116040,0.007997
C[C@H]1CCCCO[C@@H](CN(C)Cc2ccc(cc2)C(F)(F)F)[C@@H](C)CN([C@H](C)CO)C(=O)c2cc(ccc2O1)NS(=O)(=O)c1ccc(cc1)F,0,0.051257,0.024576,0.007443
COc1cccc(c1)NC(=O)N[C@H]1C=C[C@H](CC(=O)N2CCOCC2)O[C@H]1CO,0,0.032336,0.065457,0.017775
CC(C)CC#Cc1ccc2c(c1)O[C@@H](CN(C)C(=O)NC1CCCC1)[C@H](C)CN([C@H](C)CO)S2(=O)=O,0,0.077499,0.037474,0.007555
C[C@H]1CN([C@H](C)CO)C(=O)Cc2cc(ccc2O[C@@H]1CN(C)S(=O)(=O)c1ccc(cc1)C)NS(=O)(=O)c1c(noc1C)C,0,0.001530,0.024839,0.005163
C[C@H]1CN([C@@H](C)CO)C(=O)CCCn2cc(nn2)CO[C@H]1CN(C)C(=O)Nc1ccc(cc1)C(F)(F)F,0,0.781606,0.917698,0.867801
COc1ccccc1S(=O)(=O)N(C)C[C@H]1Oc2cc(ccc2S(=O)(=O)N(C[C@H]1C)[C@H](C)CO)/C=C/C,0,0.010814,0.026277,0.005509
CO[C@@H]1CN(C)C(=O)c2ccc(cc2OC[C@H](C)N(C[C@H]1C)C(=O)Nc1c(noc1C)C)NC(=O)Nc1cccc(c1)Cl,0,0.123756,0.030224,0.011561
COc1ccc(cc1)CCNC(=O)[C@]1(CC(=O)N(Cc2ccccc2C(F)(F)F)[C@@H]1c1ccc(cc1)CO)Sc1ccc(cc1)C,0,0.615038,0.244608,0.132776
CC(C)N1C[C@H](C)[C@@H](CN(C)Cc2ccc(c(c2)Cl)Cl)Oc2c(cccc2-c2nnc(o2)-c2ccncc2)C1=O,0,0.137018,0.337242,0.083893
C[C@@H]1CCCCO[C@@H](CN(C)CC2CCCCC2)[C@@H](C)CN([C@@H](C)CO)C(=O)c2cc(ccc2O1)NS(=O)(=O)c1ccc(cc1)Cl,0,0.017295,0.036867,0.007362
O=S(=O)(c1cccc2cnccc12)N1CCCNCC1,0,0.016480,0.033223,0.011675
CC(C)(O)C#Cc1ccc(cc1)[C@H]1[C@H](CO)N2CCCCN(C[C@@H]12)S(=O)(=O)C,0,0.234782,0.063610,0.020520
CCN(CCO)CCCC(C)Nc1ccnc2cc(Cl)ccc12.O=S(=O)(O)O,0,0.347366,0.504905,0.213605
C[C@@H]1CCCCO[C@@H](CN(C)C(=O)Cc2ccccc2)[C@@H](C)CN([C@H](C)CO)C(=O)c2cc(ccc2O1)NS(=O)(=O)c1cccs1,0,0.001473,0.024208,0.003518
COc1ccc(cc1)CN(C)C[C@H]1OCCCC[C@H](C)Oc2ccc(cc2C(=O)N(C[C@H]1C)[C@H](C)CO)NC(=O)CCC(F)(F)F,0,0.054454,0.027189,0.010475
C[C@H]1CN([C@@H](C)CO)C(=O)c2cc(ccc2O[C@@H]1CN(C)Cc1ccc(c(c1)Cl)Cl)NC(=O)Nc1ccc2c(c1)OCO2,0,0.078909,0.054345,0.010708
CC(C)NC(=O)Nc1ccc2c(c1)C(=O)N(C[C@@H](C)[C@@H](CN(C)C(=O)Nc1ccc3c(c1)OCO3)O2)[C@H](C)CO,0,0.026170,0.023704,0.006558
C[C@@H](CN)n1nc(cc1C)C,0,0.018109,0.056321,0.014343
Cc1c2oc3c(C)ccc(C(=O)OC(C)C4NC(=O)C(C(C)C)N(C)C(=O)CN(C)C(=O)C5CCCN5C(=O)C(C(C)C)NC4=O)c3nc-2c(C(=O)OC(C)C2NC(=O)C(C(C)C)N(C)C(=O)CN(C)C(=O)C3CCCN3C(=O)C(C(C)C)NC2=O)c(N)c1=O,1,0.997207,0.823871,0.914045
COc1ccc(cc1)CN(C)C[C@@H]1OCCCC[C@@H](C)Oc2ccc(cc2C(=O)N(C[C@H]1C)[C@H](C)CO)NS(=O)(=O)c1cccs1,0,0.003632,0.024213,0.003572
C[C@H]1CN([C@@H](C)CO)C(=O)Cc2cc(ccc2O[C@H]1CN(C)Cc1ccccc1)NS(=O)(=O)c1cn(cn1)C,0,0.009049,0.024160,0.003973
CO[C@H]1/C=C/C[C@H](C)[C@@H](C)S(=O)(=O)NC(=O)c2ccc3c(c2)N(C[C@@H]2CC[C@H]21)C[C@@]1(CCCc2cc(ccc21)Cl)CO3,0,0.009019,0.065787,0.049518
C[C@@H]1CCCCO[C@H](CN(C)C(=O)c2ccncc2)[C@@H](C)CN([C@H](C)CO)C(=O)c2cc(ccc2O1)NC(=O)NC1CCCCC1,0,0.003089,0.023318,0.003726
C[C@H]1CN([C@H](C)CO)C(=O)c2cc(ccc2O[C@@H]1CN(C)C(=O)Nc1ccc2c(c1)OCO2)NC(=O)Nc1cccc2ccccc12,0,0.010633,0.023791,0.005506
CC(=O)NC1=C(C)Nc2ncnn2C1=O,0,0.113573,0.057044,0.034217
C[C@@H]1CCCCO[C@H](CN(C)S(=O)(=O)c2ccc(cc2)C)[C@@H](C)CN([C@H](C)CO)C(=O)c2cc(ccc2O1)NC(=O)c1ccccc1,0,0.000686,0.024238,0.003660
CC(=O)OCC(=O)C1(O)C(C)CC2C3CCC4=CC(=O)C=CC4(C)C3(F)C(O)CC21C,0,0.048473,0.341589,0.143820
COc1ccc(cc1)S(=O)(=O)Nc1ccc2c(c1)C(=O)N(C[C@H](C)[C@H](CN(C)C(=O)Nc1ccccc1)OCCCC[C@H](C)O2)[C@H](C)CO,0,0.001718,0.024243,0.003510
C[C@@H]1CCCCO[C@@H](CN(C)CC2CCCCC2)[C@H](C)CN([C@@H](C)CO)C(=O)c2cc(ccc2O1)NC(=O)Nc1c(noc1C)C,0,0.109374,0.029718,0.011773
CCCNC(=O)N1C[C@]2(CCN(CC2)S(=O)(=O)c2cccc(c2)OC)c2c(n(c3cc(ccc23)OC)C)[C@@H]1CO,0,0.062806,0.031679,0.016763
OC[C@H]1O[C@H](CC(=O)NCCCN2CCOCC2)C=C[C@H]1NC(=O)Cc1ccccn1,0,0.015109,0.035768,0.018773
COc1ccc(cc1)NC(=O)N1C[C@@H](O)COC[C@@H]2O[C@H](CC[C@H]21)CC(=O)NCc1ccccc1OC,0,0.486086,0.200387,0.127743
C[C@H](NC(=O)C[C@H]1O[C@H](CO)[C@@H](NC(=O)CN2CCOCC2)C=C1)c1ccccc1,0,0.035975,0.026290,0.019658
CO[C@H](CN(C)C(=O)Nc1ccc(cc1)C(F)(F)F)[C@@H](C)CN(Cc1ccccc1Cl)[C@@H](C)CO,0,0.925510,0.329387,0.331385
Cc1cc(nc(n1)C#N)C,0,0.003601,0.060264,0.039219
C[C@@H]1CCCCO[C@H](CN(C)C(=O)NC2CCCCC2)[C@H](C)CN([C@H](C)CO)C(=O)c2cc(ccc2O1)NS(=O)(=O)c1ccccc1,0,0.001505,0.024262,0.003639
COc1ccc(cc1)NC(=O)Nc1ccc2c(c1)C(=O)N(C[C@@H](C)[C@@H](CN(C)S(=O)(=O)c1cn(cn1)C)O2)[C@H](C)CO,0,0.023465,0.024496,0.003898
CCS(=O)(=O)N1C[C@]2(CN(C2)C(=O)c2ccc3c(c2)OCO3)c2c(n(c3cc(ccc23)OC)C)[C@H]1CO,0,0.001236,0.026574,0.005573
OC[C@H](O)[C@@H](O)[C@H](O[C@@H]1O[C@H](CO)[C@H](O)[C@H](O)[C@H]1O)[C@H](O)CO,0,0.002104,0.077268,0.027549
CC(=O)O[C@@H]1[C@@H](O)[C@H](OC(=O)c2ccccc2)[C@@H](CO)O[C@H]1Oc1cc(cc(c1C(=O)c1cccc(c1)O)O)O,0,0.546796,0.201788,0.181916
Cc1cnc(cn1)C(=O)N1C[C@@H]2COC[C@@]2(CNS(=O)(=O)C)C1,0,0.019204,0.025504,0.010913
COc1ccc(cc1)-c1cnc2c(c1)C(=O)N(C[C@H](C)[C@@H](CN(C)C(=O)Cc1ccncc1)O2)[C@H](C)CO,0,0.006302,0.022836,0.005500
Nc1nnc([nH]1)N[C@H]1CCCCNC1=O,0,0.244381,0.028057,0.008240
Cc1ccc(o1)[C@@H](CN)c1c[nH]c2ccccc12,0,0.247719,0.156281,0.140581
CN1CCN(CC1)C(=O)C[C@@H]1CC[C@H]2[C@@H](COC[C@H](O)CN2CC2CCCC2)O1,0,0.600032,0.048832,0.036114
CC(C)=CCCC1(C)C=Cc2c(O)c3c(c(CC=C(C)C)c2O1)OC12C(=CCCC1C(C)(C)OC2(CC=C(C)C(=O)O)C(=O)O)C3=O,1,0.948276,0.481256,0.496173
NCCNC(=O)Cc1ccc(cc1)O,0,0.119966,0.070141,0.033167
COc1ccccc1S(=O)(=O)N(C)C[C@@H]1OCc2cnnn2CCCC(=O)N(C[C@H]1C)[C@@H](C)CO,0,0.020582,0.025479,0.005800
C[C@H]1CN([C@@H](C)CO)C(=O)c2cc(ccc2O[C@H]1CN(C)S(=O)(=O)C)NC(=O)CCN1CCOCC1,0,0.001993,0.024904,0.004641
C[C@@H]1CN([C@@H](C)CO)C(=O)c2cccc(c2O[C@H]1CN(C)Cc1ccc(cc1)Oc1ccccc1)NC(=O)Nc1ccccc1,0,0.010642,0.025216,0.010723
Cn1cc(c2ccccc12)C(=O)Nc1nn[nH]n1,0,0.087660,0.115020,0.077907
CC(C)NC(=O)Nc1ccc2c(c1)CC(=O)N(C[C@@H](C)[C@@H](CN(C)S(=O)(=O)c1ccc(cc1)C)O2)[C@H](C)CO,0,0.011722,0.028816,0.006357
C[C@H]1CN([C@@H](C)CO)C(=O)c2cc(ccc2O[C@H]1CN(C)Cc1ccc(cc1)-c1ccccc1)NC(=O)Cc1cn(c2ccccc12)C,0,0.040707,0.029330,0.008672
C[C@H]1CCCCO[C@@H](CN(C)CC2CCCCC2)[C@H](C)CN([C@@H](C)CO)C(=O)c2cc(ccc2O1)NC(=O)Nc1ccc(cc1)F,0,0.234526,0.066169,0.031780
COc1ccc(cc1)NC(=O)Nc1ccc2c(c1)CC(=O)N(C[C@H](C)[C@H](CN(C)C(=O)Nc1cccc3ccccc13)O2)[C@@H](C)CO,0,0.016344,0.024515,0.005943
Cl.Clc1ccc2c(c1)CCc1cccnc1C2=C1CCNCC1,0,0.997640,0.770255,0.689999
C[C@@H]1CN([C@@H](C)CO)C(=O)Cc2cc(ccc2O[C@H]1CN(C)S(=O)(=O)c1ccccc1)NS(=O)(=O)c1cccs1,0,0.002149,0.024490,0.003934
C[C@H]1CN([C@@H](C)CO)C(=O)c2cccc(c2O[C@@H]1CN(C)S(=O)(=O)c1ccc(cc1)F)NC(=O)C1CC1,0,0.031958,0.024641,0.006618
OC[C@H]1O[C@H](CC[C@@H]1NC(=O)Cc1ccccn1)CC(=O)NCCCN1CCOCC1,0,0.012166,0.031253,0.013598
CCN(CC)/[N+](=N/OCOC(=O)C)[O-],0,0.000212,0.094759,0.023478
C[C@H]1CN([C@H](C)CO)C(=O)c2cccc(c2O[C@H]1CN(C)S(=O)(=O)c1ccc(cc1)C)NS(=O)(=O)c1c(noc1C)C,0,0.007225,0.025684,0.007748
COCC#Cc1cnc2c(c1)C(=O)N(C[C@@H](C)[C@H](CN(C)C(=O)c1cnccn1)O2)[C@@H](C)CO,0,0.090877,0.022575,0.006215
COc1cccc(c1)NC(=O)N(C)C[C@H]1Oc2cc(ccc2S(=O)(=O)N(C[C@@H]1C)[C@H](C)CO)C#Cc1ccncc1,0,0.050938,0.033233,0.004995
O=C(O)CN(CCN(CC(=O)O)CC(=O)O)CC(=O)O.[Na+].[Na+],0,0.041118,0.139823,0.109830
C[C@H]1CCCCO[C@H](CN(C)C(=O)c2ccccc2)[C@H](C)CN([C@H](C)CO)C(=O)c2cc(ccc2O1)NS(=O)(=O)c1ccccc1,0,0.000168,0.024238,0.003740
CC1(C)[C@H](CC[C@@]2(C)[C@H]1CC[C@]1(C)[C@@H]2C(=O)C=C2[C@@H]3C[C@](C)(CC[C@]3(C)CC[C@]21C)C(=O)O)O[C@H]1O[C@@H]([C@@H](O)[C@H](O)[C@H]1O[C@@H]1O[C@@H]([C@@H](O)[C@H](O)[C@H]1O)C(=O)O)C(=O)O,0,0.971510,0.326576,0.186092
C[C@@H]1CCCCO[C@H](CN(C)Cc2ccccc2)[C@@H](C)CN([C@H](C)CO)C(=O)c2cc(ccc2O1)NS(=O)(=O)c1c(noc1C)C,0,0.002102,0.025352,0.005353
C[C@@H]1CN([C@H](C)CO)C(=O)c2cc(ccc2O[C@@H]1CN(C)CC1CCCCC1)NC(=O)Cn1cnnn1,0,0.063825,0.027206,0.015397
C[C@H]1CN([C@@H](C)CO)C(=O)c2cccc(c2O[C@H]1CN(C)Cc1ccc(c(c1)Cl)Cl)NC(=O)CCCCCC(=O)Nc1ccccc1N,0,0.090069,0.030705,0.006669
C[C@H]1CCCCO[C@@H](CN(C)C(=O)Nc2ccc3c(c2)OCO3)[C@@H](C)CN([C@@H](C)CO)C(=O)c2cc(ccc2O1)NC(=O)CCC(F)(F)F,0,0.076709,0.031724,0.016793
C[C@@H]1CCCCO[C@@H](CN(C)C(=O)Nc2ccc3c(c2)OCO3)[C@H](C)CN([C@@H](C)CO)C(=O)c2cc(ccc2O1)NC(=O)NC1CCCCC1,0,0.012192,0.024000,0.003533
COc1ccc(cc1)NC(=O)Nc1ccc2c(c1)CC(=O)N(C[C@H](C)[C@H](CN(C)Cc1ccc(cc1)Oc1ccccc1)O2)[C@@H](C)CO,0,0.010069,0.023541,0.005291
COc1ccc(cc1)NC(=O)Nc1cccc2c1O[C@H](CN(C)S(=O)(=O)C)[C@H](C)CN([C@H](C)CO)C2=O,0,0.048760,0.024178,0.004453
C[C@H]1CN([C@@H](C)CO)C(=O)Cc2cc(ccc2O[C@@H]1CN(C)S(=O)(=O)c1cn(cn1)C)NC(=O)C1CC1,0,0.005261,0.024217,0.003930
CC(C)CC#Cc1cnc2c(c1)C(=O)N(C[C@@H](C)[C@H](CN(C)C(=O)CN1CCOCC1)O2)[C@@H](C)CO,0,0.011465,0.030604,0.007439
C[C@H]1CN([C@@H](C)CO)S(=O)(=O)c2ccc(cc2O[C@H]1CN(C)C(=O)CN(C)C)C#Cc1cccnc1,0,0.243367,0.254319,0.017312
COc1ccc(cc1)NC(=O)N(C)C[C@H]1OCCCC[C@H](C)Oc2ccc(cc2C(=O)N(C[C@H]1C)[C@@H](C)CO)NS(=O)(=O)c1ccc(cc1)Cl,0,0.005477,0.024580,0.004374
NC(=O)NS(=O)(=O)c1ccc(cc1)N,0,0.035368,0.051020,0.010211
CC(C)N1/C(=N/c2ccccc2)SC=C1c1ccccc1,0,0.428288,0.215275,0.219338
C[C@H]1CN([C@H](C)CO)C(=O)c2cc(ccc2O[C@@H]1CN(C)C(=O)NC1CCCCC1)NC(=O)C1CC1,0,0.015176,0.025646,0.009948
C[C@H]1CCCCO[C@@H](CN(C)S(=O)(=O)c2cccs2)[C@H](C)CN([C@@H](C)CO)C(=O)c2cc(ccc2O1)NC(=O)Nc1c(noc1C)C,0,0.003037,0.024729,0.004549
Cc1occc1CN,0,0.011269,0.027623,0.008955
CN(C)CC(=O)N[C@H]1CC[C@H](CC(=O)O)O[C@H]1CO,0,0.166098,0.028234,0.017478
NC1=NC(=O)c2nc(n(c2N1)[C@H]1O[C@H]2COP(=O)(O)O[C@@H]2[C@@H]1O)Br,0,0.000011,0.497039,0.281382
C[C@@H]1CCCCO[C@H](CN(C)S(=O)(=O)c2cccs2)[C@@H](C)CN([C@@H](C)CO)C(=O)c2cc(ccc2O1)NC(=O)Nc1ccc(cc1)C(F)(F)F,0,0.085130,0.058613,0.012861
C[C@@H]1CCCCO[C@@H](CN(C)S(=O)(=O)c2cccs2)[C@H](C)CN([C@@H](C)CO)C(=O)c2cc(ccc2O1)NC(=O)Nc1ccccc1,0,0.003061,0.024288,0.003564
COc1ccc(cc1)S(=O)(=O)N1C[C@H](O)COC[C@H]2O[C@@H](CC[C@@H]21)CC(=O)NCCCN(C)C,0,0.300454,0.034704,0.012570
OC(=O)c1ccc(nc1)C(=O)O,0,0.656089,0.117417,0.111935
Nc1ccn(C2CSC(CO)O2)c(=O)n1,0,0.219331,0.118354,0.068522
C[C@H](O)[C@H](O)[C@@H](O)[C@@H](O)/C=N/NC(=O)c1cccc(c1)C(=O)NO,0,0.021307,0.083426,0.045128
CC#CC[C@@H](C)[C@H](O)/C=C/[C@H]1[C@H](O)C[C@@H]2C/C(=C\CCCC(=O)O)C[C@@H]21,0,0.162327,0.181393,0.171235
C[C@H]1CCCCO[C@@H](CN(C)S(=O)(=O)C)[C@@H](C)CN([C@H](C)CO)C(=O)c2cc(ccc2O1)NS(=O)(=O)c1ccc(cc1)F,0,0.002595,0.025323,0.006215
C[C@@H]1CN([C@H](C)CO)C(=O)c2cccc(c2O[C@H]1CN(C)C(=O)Nc1c(noc1C)C)NC(=O)c1cc(nn1C)C,0,0.074594,0.025654,0.008723
C[C@H]1CN([C@H](C)CO)C(=O)Cc2cc(ccc2O[C@H]1CN(C)Cc1ccc(c(c1)Cl)Cl)NS(=O)(=O)c1cccs1,0,0.016362,0.026276,0.006218
Nc1ncn(C2OC(CO)C(O)C2O)c(=O)n1,0,0.254051,0.072593,0.066490
C[C@@H]1CN([C@H](C)CO)C(=O)CCCn2cc(nn2)CO[C@H]1CN(C)S(=O)(=O)c1ccc(cc1)Oc1ccccc1,0,0.005844,0.025483,0.004499
C[C@@H]1CN([C@H](C)CO)C(=O)Cc2cc(ccc2O[C@H]1CN(C)S(=O)(=O)c1c(noc1C)C)NC(=O)Nc1c(noc1C)C,0,0.015533,0.030475,0.007638
COc1ccc(cc1)CN(C)C[C@H]1OCCCC[C@@H](C)Oc2ccc(cc2C(=O)N(C[C@@H]1C)[C@H](C)CO)NC(=O)c1ccccc1,0,0.003549,0.023097,0.003748
C[C@@H]1CN([C@@H](C)CO)C(=O)c2cccc(c2O[C@@H]1CN(C)S(=O)(=O)c1ccc(cc1)Cl)NC(=O)C1CC1,0,0.048098,0.024604,0.006334
C[C@H]1CN([C@@H](C)CO)C(=O)c2cc(ccc2O[C@H]1CN(C)S(=O)(=O)c1cn(cn1)C)NS(=O)(=O)C,0,0.022033,0.024511,0.006344
COC(=O)C[C@@H]1CC[C@H]2NC[C@H](O)COC[C@@H]2O1,0,0.104769,0.026238,0.009118
C[C@@H]1CN([C@@H](C)CO)S(=O)(=O)c2ccc(cc2O[C@H]1CN(C)Cc1ccccn1)C#CCN(C)C,0,0.022116,0.030718,0.007793
COc1ccc(cc1)C1=C(O[C@@H]2O[C@@H](C)[C@H](O)[C@@H](O)[C@H]2O)C(=O)c2c(cc(c(c2O1)CC=C(C)C)O[C@@H]1O[C@H](CO)[C@@H](O)[C@H](O)[C@H]1O)O,0,0.069468,0.447378,0.175629
Cc1nc(c(o1)C)CN,0,0.000003,0.030230,0.012549
CC(C)NC(=O)Nc1ccc2c(c1)CC(=O)N(C[C@H](C)[C@@H](CN(C)S(=O)(=O)c1cccs1)O2)[C@@H](C)CO,0,0.005149,0.024248,0.004735
CN1CCCC(n2nc(Cc3ccc(Cl)cc3)c3ccccc3c2=O)CC1.Cl,0,0.823175,0.340202,0.318676
CCc1nn(CCCN2CCN(c3cccc(Cl)c3)CC2)c(=O)n1CCOc1ccccc1,0,0.609958,0.504082,0.302619
C[C@H](O)C#Cc1ccc2c(c1)O[C@@H](CN(C)C(=O)Nc1ccccc1)[C@H](C)CN([C@H](C)CO)S2(=O)=O,0,0.090706,0.026904,0.007424
OC(=O)C1=Cc2cccnc2NC1=O,0,0.189714,0.133349,0.167906
C[C@H]1CN([C@H](C)CO)C(=O)CCCn2nncc2CO[C@H]1CN(C)C(=O)Nc1ccc(cc1)N1CCN(C)CC1,0,0.222021,0.031191,0.013455
COc1ccc(cc1)S(=O)(=O)N(C)C[C@H]1Oc2ccc(cc2C(=O)N(C[C@@H]1C)[C@H](C)CO)NS(=O)(=O)c1ccccc1,0,0.001982,0.025010,0.005154
CO[C@@H](CN(C)C(=O)C1CCOCC1)[C@@H](C)CN([C@H](C)CO)C(=O)Nc1ccc(cc1)C(F)(F)F,1,0.804873,0.922242,0.956482
COCC(=O)N1C[C@H]2[C@H]([C@H](CO)N2C(=O)C1)c1ccc(cc1)C#Cc1cccnc1,0,0.410381,0.034522,0.025953
Br.CC(Cc1ccc(O)cc1)NCC(O)c1cc(O)cc(O)c1,0,0.515281,0.325456,0.300764
COc1cccc(c1)S(=O)(=O)N(C)C[C@@H]1Oc2ncc(cc2C(=O)N(C[C@@H]1C)[C@H](C)CO)C#CCC(C)C,0,0.012181,0.024576,0.005162
C[C@@H]1CCCCO[C@@H](CN(C)CC2CC2)[C@H](C)CN([C@@H](C)CO)C(=O)c2cc(ccc2O1)NS(=O)(=O)C,0,0.033013,0.024843,0.005761
CC(C)(C)OC(=O)C[C@H]1CC=CC[C@@H](CC(=O)N[C@H](CO)Cc2ccccc2)C(=O)N2CCC[C@@H]2COC1=O,0,0.009368,0.043143,0.022367
COc1ccc(c(c1)S(=O)(=O)NC(=O)[C@@]1(C)CCN1C(=O)Cc1ccc(cc1Cl)Cl)OC,0,0.029865,0.283965,0.099570
CO[C@H]1O[C@H](CO)[C@@H](OC(=O)Nc2ccc(cc2)Oc2ccccc2)[C@H](OC(=O)Nc2ccccc2-c2ccccc2)[C@@H]1OC(=O)Nc1ccccc1-c1ccccc1,0,0.033449,0.113866,0.016178
COc1ccc(cc1)CNC(=O)N(C)C[C@H]1OCc2ccccc2-c2c(n(c3ccccc23)C)C(=O)N(C[C@@H]1C)[C@H](C)CO,0,0.021889,0.033390,0.006865
COc1c(-c2ccccc2)oc2cc(O)cc(O)c2c1=O,0,0.269725,0.309710,0.220650
C[C@H]1CCCCO[C@@H](CN(C)Cc2ccc3c(c2)OCO3)[C@H](C)CN([C@@H](C)CO)C(=O)c2cc(ccc2O1)NS(=O)(=O)c1ccc(cc1)Cl,0,0.001850,0.024721,0.005286
C[C@@H]1CN([C@@H](C)CO)C(=O)c2c(c3ccccc3n2C)-c2ccccc2CO[C@H]1CN(C)C(=O)[C@H](C)c1ccccc1,0,0.019363,0.036913,0.015334
C[C@@H]1CN([C@H](C)CO)S(=O)(=O)c2ccc(cc2O[C@H]1CN(C)C(=O)Nc1ccc2c(c1)OCO2)C#Cc1cccnc1,0,0.019875,0.032075,0.004207
COCC#Cc1ccc2c(c1)O[C@H](CN(C)Cc1ccc3c(c1)OCO3)[C@@H](C)CN([C@H](C)CO)S2(=O)=O,0,0.037925,0.026514,0.006273
C[C@H]1CN([C@@H](C)CO)C(=O)c2cc(cnc2O[C@@H]1CN(C)S(=O)(=O)c1ccccc1)C#CCN(C)C,0,0.021766,0.024797,0.004544
CO[C@H]1CN(C)C(=O)c2ccc(cc2OC[C@@H](C)N(C[C@@H]1C)C(=O)C1CCCCC1)NS(=O)(=O)C,0,0.005522,0.027845,0.007787
C[C@@H]1CN([C@H](C)CO)C(=O)c2cc(ccc2O[C@@H]1CN(C)S(=O)(=O)c1ccc(cc1)C)NS(=O)(=O)c1c(noc1C)C,0,0.003221,0.024482,0.006691
C[C@H]1CN([C@H](C)CO)S(=O)(=O)c2ccc(cc2O[C@@H]1CN(C)C(=O)c1cccc(c1)F)C#CC1CC1,0,0.072147,0.040443,0.006539
OC[C@H]1O[C@H](C[C@@H]2[C@H]1Oc1ccc(cc12)NC(=O)C1CCOCC1)CC(=O)NCCN1CCCCC1,0,0.213172,0.040103,0.020529
COc1ccccc1S(=O)(=O)N(C)C[C@@H]1OCc2cn(nn2)CCCC(=O)N(C[C@H]1C)[C@H](C)CO,0,0.021818,0.025645,0.005379
C[C@@H]1CN([C@H](C)CO)C(=O)Cc2cc(ccc2O[C@@H]1CN(C)S(=O)(=O)c1ccc(cc1)C)NC(=O)CCCN(C)C,0,0.006173,0.027016,0.005533
COc1ccc(cc1)S(=O)(=O)Nc1ccc2c(c1)C(=O)N(C[C@@H](C)[C@@H](CN(C)C(=O)Nc1c(noc1C)C)OCCCC[C@@H](C)O2)[C@H](C)CO,0,0.002637,0.024328,0.004326
COc1ccc(cc1)S(=O)(=O)Nc1ccc2c(c1)CC(=O)N(C[C@@H](C)[C@H](CN(C)C(=O)NC(C)C)O2)[C@H](C)CO,0,0.003198,0.024287,0.004872
Cc1cc(cn2nc(nc12)C)N,0,0.017662,0.040848,0.019061
OCCCC1=C[C@@H](N(Cc2cc3c(cc2Br)OCO3)/C(=N\P(=O)(Oc2ccccc2)Oc2ccccc2)C1)c1ccc(cc1)CN1CCCC1,0,0.786198,0.554773,0.329301
C[C@H]1CN([C@H](C)CO)C(=O)c2cc(ccc2O[C@H]1CN(C)C(=O)Nc1ccc(cc1)F)NS(=O)(=O)c1cn(cn1)C,0,0.220423,0.024691,0.006427
C[C@@H]1CCCCO[C@H](CN(C)C(=O)Nc2c(noc2C)C)[C@@H](C)CN([C@@H](C)CO)C(=O)c2cc(ccc2O1)NS(=O)(=O)c1ccc(cc1)Cl,0,0.008694,0.024491,0.004923
C[C@H]1CN([C@H](C)CO)C(=O)Cc2cc(ccc2O[C@@H]1CN(C)Cc1ccccc1)NC(=O)Cn1cnnn1,0,0.021590,0.036321,0.013278
Cn1cc(cn1)N1C[C@]2(CCN(CCO)C2)CC1=O,0,0.340543,0.060362,0.037889
CO[C@@H]1CN(C)C(=O)c2ccc(cc2OC[C@@H](C)N(C[C@@H]1C)C(=O)Nc1c(noc1C)C)NC(=O)Nc1ccc(cc1)Cl,0,0.124534,0.029789,0.011467
C[C@H]1CN([C@H](C)CO)C(=O)Cc2cc(ccc2O[C@@H]1CN(C)Cc1ccc(cc1)C(=O)O)NC(=O)CCN1CCOCC1,0,0.024826,0.037161,0.016305
CC1(C)[C@H](CC[C@@]2(C)[C@H]1CC[C@]1(C)[C@H]2C(=O)C=C2[C@@H]3C[C@](C)(CC[C@]3(C)CC[C@]21C)C(=O)O)OC(=O)CCC(=O)O,0,0.877442,0.771568,0.839402
C[C@H]1CCCCO[C@H](CN(C)Cc2ccc(cc2)C(=O)O)[C@@H](C)CN([C@H](C)CO)C(=O)c2cc(ccc2O1)NS(=O)(=O)c1ccccc1,0,0.009449,0.028304,0.004986
CC(C)NC(=O)N(C)C[C@@H]1Oc2cc(ccc2S(=O)(=O)N(C[C@H]1C)[C@H](C)CO)C#Cc1ccc(cc1)F,0,0.227175,0.121267,0.017285
CN1C=C(C(=O)N(C)C1=O)S(=O)(=O)N(C)[C@@H](c1ccccc1)c1ccccn1,0,0.079853,0.094377,0.026952
C[C@H]1CN([C@@H](C)CO)C(=O)c2cccc(c2O[C@@H]1CN(C)C(=O)Nc1ccccc1)NC(=O)c1ccc(cc1)-c1nccs1,0,0.028976,0.022468,0.007581
CN(C)CCCNC(=O)C[C@H]1CC[C@@H]2[C@H](COC[C@@H](O)CN2S(=O)(=O)c2ccc(cc2)Cl)O1,0,0.591023,0.049527,0.036655
C[C@@H]1CN([C@@H](C)CO)C(=O)c2cccc(c2O[C@H]1CN(C)Cc1ccc(cc1)C(F)(F)F)NC(=O)Nc1ccc(cc1)C(F)(F)F,0,0.966061,0.335682,0.197126
OC[C@H]1O[C@H](CC[C@H]1NS(=O)(=O)c1ccc(cc1)F)CC(=O)N1CCC(CC1)Cc1ccccc1,0,0.070449,0.062338,0.021934
CCCN1C(=O)Nc2nc([nH]c2C1=O)-c1ccc(cc1)S(=O)(=O)N1CCN(CC1)c1ccc(cc1)Cl,0,0.344994,0.044845,0.055619
ONC(=O)CCCCCCC(=O)Nc1ccc(cc1)[C@H]1C[C@@H](CSc2nc(c(o2)-c2ccccc2)-c2ccccc2)O[C@@H](O1)c1ccccc1,0,0.000040,0.146479,0.025628
C[C@H]1CCCCO[C@@H](CN(C)C(=O)Nc2ccc(cc2)C(F)(F)F)[C@@H](C)CN([C@H](C)CO)C(=O)c2cc(ccc2O1)NC(=O)Cc1ccccc1,0,0.161064,0.029322,0.009047
COc1cccc(c1)-c1cnc2c(c1)C(=O)N(C[C@H](C)[C@H](CN(C)S(=O)(=O)c1cccc(c1)F)O2)[C@H](C)CO,0,0.010417,0.024324,0.004739
O[C@@H]1COC[C@@H]2O[C@H](CC[C@H]2N(C1)S(=O)(=O)c1ccc(cc1)Cl)CC(=O)NCc1ccncn1,0,0.365471,0.035403,0.043025
C[C@@H]1CN([C@H](C)CO)S(=O)(=O)c2ccc(cc2O[C@@H]1CN(C)Cc1cccc(c1)F)C#CC1CC1,0,0.063072,0.029072,0.007551
C[C@@H]1CN([C@H](C)CO)C(=O)c2cc(ccc2O[C@H]1CN(C)Cc1ccc(cc1)Oc1ccccc1)NS(=O)(=O)c1c(noc1C)C,0,0.000668,0.025683,0.006509
NCCOc1cccc(c1)Cl,0,0.355405,0.071167,0.046677
C[C@@H]1CCCCO[C@@H](CN(C)C(=O)c2ccccc2)[C@H](C)CN([C@@H](C)CO)C(=O)c2cc(ccc2O1)NS(=O)(=O)c1cccs1,0,0.000569,0.024208,0.003243
COc1cccc(c1)C#Cc1ccc2c(c1)O[C@H](CN(C)C(=O)C)[C@H](C)CN([C@@H](C)CO)S2(=O)=O,0,0.039539,0.030595,0.008490
C[C@H]1CCCCO[C@H](CN(C)Cc2ccc3c(c2)OCO3)[C@@H](C)CN([C@H](C)CO)C(=O)c2cc(ccc2O1)NS(=O)(=O)c1cccs1,0,0.001604,0.024708,0.003443
C[C@@H]1CCCCO[C@H](CN(C)Cc2ccc(cc2)C(=O)O)[C@@H](C)CN([C@@H](C)CO)C(=O)c2cc(ccc2O1)NC(=O)Nc1ccc2c(c1)OCO2,0,0.044219,0.024880,0.004849
CC(C)(C)[S@](=O)N1Cc2cc(nc(c2[C@@H]1CCO)-c1cccc(c1)-c1ccncc1)C(=O)N[C@H]1CCN(C1)Cc1ccccc1,0,0.006844,0.045035,0.025720
COc1ccccc1-c1ccc2c(c1)O[C@@H](CN(C)C(=O)c1ccncc1)[C@@H](C)CN([C@H](C)CO)S2(=O)=O,0,0.006967,0.024795,0.003627
C[C@@H]1CCCCO[C@H](CN(C)CC2CCCCC2)[C@H](C)CN([C@H](C)CO)C(=O)c2cc(ccc2O1)NC(=O)C1CCCCC1,0,0.042873,0.027977,0.013099
COc1ccc(cc1)[Si](C)(C)[C@H]1[C@H](C)[C@]2(O[C@@H]1CCO)C(=O)N(Cc1ccccc1)c1ccc(cc12)N1CCCCC1=O,0,0.050365,0.074900,0.060404
CC(=O)N1CCc2nc(sc2CC1)C(=O)N,0,0.001913,0.034829,0.014898
CC12CCCC(O)(C1)C1CC(C)(C)C1CC2,0,0.107234,0.183180,0.091342
C[C@@H]1CN([C@H](C)CO)C(=O)Cc2cc(ccc2O[C@H]1CN(C)S(=O)(=O)c1ccc(cc1)C)NC(=O)CCN1CCOCC1,0,0.001212,0.025391,0.004561
CC(C)NC(=O)N(C)C[C@@H]1Oc2ccc(cc2C(=O)N(C[C@@H]1C)[C@@H](C)CO)NC(=O)C1CCCCC1,0,0.016258,0.023746,0.010930
CCCC(=O)Nc1ccc2c(c1)C(=O)N(C)C[C@H](OC)[C@H](C)CN(Cc1ccc(cc1)-c1ccccn1)[C@H](C)CO2,0,0.009199,0.040171,0.014508
C[C@H]1CN([C@@H](C)CO)C(=O)CCCn2nncc2CO[C@H]1CN(C)C(=O)Nc1ccc(cc1)N1CCCCC1,0,0.234213,0.033258,0.011367
CCO[C@H]1OC(=C[C@H]([C@@H]1CCCOC(=O)NCCCCCC(=O)NO)c1csc2ccccc12)C(=O)N1CCN(CC1)Cc1ccccc1,0,0.000076,0.052420,0.021749
NC1(CCCC1)c1ccccc1F,0,0.698856,0.262339,0.116582
CO[C@H]1CN(C)C(=O)c2cc(ccc2OC[C@@H](C)N(C[C@@H]1C)C(=O)CN(C)C)NC(=O)c1ccccc1,0,0.015494,0.030615,0.010708
C[C@H]1CN([C@H](C)CO)C(=O)c2cccc(c2O[C@H]1CN(C)S(=O)(=O)c1cccs1)NS(=O)(=O)c1cccs1,0,0.005633,0.031778,0.010643
OC(=O)/C=C/C(=O)NC1CC1,0,0.072794,0.040078,0.034564
CC1=C2NC(=O)C(=C2C(=C)C=C1)O,0,0.043439,0.177923,0.085599
COc1ccc(cc1)S(=O)(=O)N(C)C[C@H]1Oc2ccc(cc2C(=O)N(C[C@@H]1C)[C@@H](C)CO)N(C)C,0,0.006789,0.027062,0.007522
NCc1ccccc1Oc1ccccc1,0,0.420784,0.190155,0.120627
CCS(=O)(=O)N1C[C@]2(C1)CN([C@@H](CO)c1[nH]c3cc(ccc3c12)OC)C(=O)Nc1c(noc1C)C,0,0.093233,0.034279,0.018743
C[C@H]1CN([C@@H](C)CO)C(=O)Cc2cc(ccc2O[C@H]1CN(C)CC1CCCCC1)NC(=O)Cc1cn(c2ccccc12)C,0,0.070824,0.040210,0.008742
C[C@@H]1CN([C@H](C)CO)C(=O)c2cc(ccc2O[C@H]1CN(C)Cc1ccc(cc1)C(=O)Nc1ccccc1N)NC(=O)CCC(F)(F)F,0,0.117773,0.037771,0.012837
C[C@@H]1CN([C@H](C)CO)C(=O)c2cccc(c2O[C@H]1CN(C)Cc1ccc(cc1)C(F)(F)F)NC(=O)C1CCCCC1,0,0.228558,0.091130,0.084207
C[C@@H]1CN([C@H](C)CO)S(=O)(=O)c2ccc(cc2O[C@H]1CN(C)S(=O)(=O)c1ccccc1)C#Cc1ccncc1,0,0.020974,0.030173,0.005989
CO[C@@H]1[C@@H](C)O[C@@H](C[C@@H]1O)O[C@@H]1[C@@H](C)O[C@@H](C[C@@H]1O)O[C@@H]1[C@@H](C)O[C@@H](C[C@@H]1O)O[C@H]1CC[C@@]2(C)[C@@H](CC[C@H]3[C@@H]2C[C@@H](O)[C@@]2(C)[C@@H](CC[C@@]32O)C2=CC(=O)OC2)C1,0,0.702264,0.431573,0.350225
COc1ccc2c3c([nH]c2c1)[C@@H](CO)N(C[C@]13CCN(CCc2ccccc2)CC1)C(=O)CN1CCOCC1,0,0.546747,0.369158,0.160710
CNC(=O)C[C@@H]1CC[C@H]2[C@@H](COC[C@@H](O)CN2C(=O)c2ccccn2)O1,0,0.123636,0.021792,0.012421
C[C@@H]1CN([C@@H](C)CO)C(=O)Cc2cc(ccc2O[C@@H]1CN(C)C(=O)Nc1cccc2ccccc12)NS(=O)(=O)c1cccs1,0,0.002351,0.024794,0.003423
CC1=NC(=O)C(=C(O)N1)/C=N/O,0,0.225977,0.077894,0.042624
CC(C)NC(=O)Nc1ccc2c(c1)C(=O)N(C[C@H](C)[C@@H](CN(C)C(=O)Nc1ccc3c(c1)OCO3)O2)[C@H](C)CO,0,0.026170,0.023704,0.006558
C[C@@H]1CCCCO[C@H](CN(C)C(=O)Nc2ccc(cc2)C(F)(F)F)[C@H](C)CN([C@@H](C)CO)C(=O)c2cc(ccc2O1)NS(=O)(=O)c1ccccc1,0,0.050231,0.046674,0.011561
C[C@@H]1CN([C@@H](C)CO)C(=O)c2cc(ccc2O[C@H]1CN(C)Cc1ccc2c(c1)OCO2)NS(=O)(=O)C,0,0.007740,0.025205,0.004995
COc1cccc(c1)S(=O)(=O)N(C)C[C@H]1Oc2cc(ccc2S(=O)(=O)N(C[C@H]1C)[C@H](C)CO)C#CCC(C)C,0,0.018098,0.032871,0.005671
C[C@H]1CCCCO[C@@H](CN(C)C(=O)C2CCCCC2)[C@H](C)CN([C@@H](C)CO)C(=O)c2cc(ccc2O1)NC(=O)Cc1ccccc1,0,0.002427,0.023017,0.005460
C[C@H]1CCCCO[C@@H](CN(C)C(=O)NC2CCCCC2)[C@H](C)CN([C@H](C)CO)C(=O)c2cc(ccc2O1)NC(=O)Nc1ccc(cc1)F,0,0.066482,0.025259,0.006575
ONC(=O)CCc1cn(nn1)-c1ccc(cc1)C[C@@H]1N2CC3=CCCC=C[C@H]3[C@@H]2[C@H](Cc2ccccc2)OC1=O,0,0.693064,0.065801,0.085332
C[C@@H]1CN([C@@H](C)CO)C(=O)c2cc(cnc2O[C@H]1CN(C)C(=O)Cc1ccccn1)C#CC1CCCC1,0,0.007947,0.023533,0.005156
C[C@H]1CN([C@H](C)CO)C(=O)c2cc(ccc2O[C@H]1CN(C)C(=O)Nc1ccc(cc1)C(F)(F)F)NC(=O)Nc1ccccc1,0,0.749649,0.161879,0.207646
COCCCNC(=O)[C@]1(CC(=O)N(Cc2ccccc2Cl)[C@@H]1c1ccc(cc1I)CO)Sc1ccc(cc1)C,0,0.387308,0.107529,0.053495
COc1ccc(cc1)NC(=O)N(C)C[C@@H]1Oc2ncc(cc2C(=O)N(C[C@H]1C)[C@@H](C)CO)C#CC(C)C,0,0.086212,0.024123,0.005491
OC[C@@H]1O[C@H](C[C@@H]2[C@H]1Oc1ccc(cc12)NC(=O)c1ccc2c(c1)OCO2)CC(=O)NCC(F)(F)F,0,0.059783,0.054716,0.056397
C[C@H]1CN([C@H](C)CO)S(=O)(=O)c2ccc(cc2O[C@@H]1CN(C)S(=O)(=O)C)C#CCN(C)C,0,0.042932,0.024988,0.007145
Cc1cc(=O)oc2cc(O)c(O)cc12,0,0.463416,0.575406,0.557106
C[C@@H]1CCCCO[C@@H](CN(C)Cc2ccc(cc2)C(F)(F)F)[C@H](C)CN([C@@H](C)CO)C(=O)c2cc(ccc2O1)NC(=O)Cc1ccccc1,0,0.074117,0.031578,0.011512
C[C@H]1CN([C@H](C)CO)C(=O)Cc2cc(ccc2O[C@H]1CN(C)Cc1ccc(cc1)Oc1ccccc1)NC(=O)C1CC1,0,0.009929,0.033772,0.015761
C[C@@H]1CN([C@H](C)CO)C(=O)c2cccc(c2O[C@H]1CN(C)Cc1ccc2c(c1)OCO2)NS(=O)(=O)c1cn(cn1)C,0,0.009728,0.024391,0.004029
C[C@@H]1CN([C@@H](C)CO)C(=O)Cc2cc(ccc2O[C@H]1CN(C)C(=O)NC1CCCCC1)NC(=O)c1ccncc1,0,0.004497,0.022985,0.004648
CO[C@H](CN(C)S(=O)(=O)c1ccc(cc1)Cl)[C@H](C)CN([C@H](C)CO)S(=O)(=O)c1cccc(c1)Cl,0,0.310410,0.107841,0.019093
NCCCC[C@@H]1NC(=O)[C@H]2C[C@H]([C@H](N2C1=O)c1cccc(c1)OCCO)C(=O)O,0,0.496628,0.352510,0.383791
COC(=O)[C@H](Cc1ccc(cc1)-n1cc(nn1)C(=O)NO)N1C[C@](C)(OC)O[C@@H](Cc2ccccc2)[C@H]1/C=C/C1CC1,0,0.536403,0.132614,0.149014
C[C@H]1CN([C@@H](C)CO)C(=O)c2cc(ccc2O[C@H]1CN(C)C(=O)Nc1ccccc1)NS(=O)(=O)c1cn(cn1)C,0,0.069574,0.024129,0.003921
C[C@@H]1CN([C@H](C)CO)S(=O)(=O)c2ccc(cc2O[C@H]1CN(C)S(=O)(=O)C)-c1ccccc1F,0,0.030924,0.027396,0.007598
Cn1nc2c(c1N)CCC2,0,0.009745,0.052568,0.015048
CN(C)[C@H]1[C@@H]2C[C@@H]3Cc4c(cc(c(c4C(=O)[C@@H]3C(=O)[C@]2(O)C(=C(C(=O)N)C1=O)O)O)NC(=O)CNC(C)(C)C)N(C)C,0,0.995460,0.808234,0.811738
COCC(=O)N(C)C[C@H]1Oc2cc(ccc2S(=O)(=O)N(C[C@@H]1C)[C@H](C)CO)-c1ccc(cc1)OC,0,0.032920,0.030091,0.009077
C[C@@H]1CCCCO[C@H](CN(C)C(=O)CCC(F)(F)F)[C@H](C)CN([C@@H](C)CO)C(=O)c2cc(ccc2O1)NS(=O)(=O)c1ccc(cc1)C,0,0.009185,0.024301,0.005875
N[C@@H](CSCCCO)C(=O)O,0,0.000787,0.043611,0.033914
C[C@@H](O)C#Cc1ccc2c(c1)O[C@@H](CN(C)C(=O)C1CCCCC1)[C@H](C)CN([C@@H](C)CO)S2(=O)=O,0,0.031286,0.031289,0.009851
CC(C)NC(=O)Nc1ccc2c(c1)CC(=O)N(C[C@@H](C)[C@H](CN(C)S(=O)(=O)c1ccccc1)O2)[C@H](C)CO,0,0.007774,0.028807,0.005954
COC(=O)C[C@H]1CC[C@H]2[C@@H](COC[C@H](O)CN2S(=O)(=O)c2ccc(cc2)F)O1,0,0.202750,0.049219,0.021842
NS(=O)(=O)c1cc(c(cc1Cl)NCc1cccs1)-c1nn[nH]n1,0,0.000067,0.171851,0.090193
C[C@@H]1CN([C@@H](C)CO)C(=O)Cc2cc(ccc2O[C@H]1CN(C)Cc1ccc(cc1)C(=O)Nc1ccccc1N)NC(=O)Nc1c(noc1C)C,0,0.009757,0.026448,0.005719
O[C@@H]1CN[C@@H]2CC[C@@H](CC(=O)NCCN3CCCC3)O[C@H]2COC1,0,0.470021,0.025021,0.011299
C[C@H]1CCCCO[C@@H](CN(C)Cc2ccc(cc2)C(=O)O)[C@H](C)CN([C@@H](C)CO)C(=O)c2cc(ccc2O1)NC(=O)Cc1ccccc1,0,0.030756,0.026123,0.009496
Cn1cnc(c1)S(=O)(=O)N1C[C@@H](O)COC[C@H]2O[C@H](CC[C@@H]21)CC(=O)NCc1ccc(cc1)F,0,0.399767,0.028564,0.011100
C[C@@H]1CN([C@@H](C)CO)C(=O)c2cc(ccc2O[C@@H]1CN(C)Cc1ccccc1)NC(=O)CCCN(C)C,0,0.021247,0.034866,0.009597
COc1ccc(cc1)S(=O)(=O)N(C)C[C@H]1OCCCC[C@@H](C)Oc2ccc(cc2C(=O)N(C[C@@H]1C)[C@@H](C)CO)NS(=O)(=O)c1cn(cn1)C,0,0.007699,0.024821,0.004431
C[C@@H]1CN([C@@H](C)CO)C(=O)c2cc(ccc2O[C@@H]1CN(C)C(=O)Nc1ccc(cc1)C(F)(F)F)NC(=O)Nc1ccc(cc1)C(F)(F)F,0,0.974105,0.169996,0.091607
O[C@H]1COC[C@@H]2O[C@@H](CC[C@H]2N(C1)C(=O)c1cnccn1)CC(=O)NCc1ccc(cc1)Oc1ccccc1,0,0.230968,0.069568,0.049917
C[C@H]1CCCCO[C@H](CN(C)Cc2ccncc2)[C@H](C)CN([C@@H](C)CO)C(=O)c2cc(ccc2O1)NC(=O)Nc1ccc(cc1)F,0,0.055014,0.036094,0.007836
C[C@H]1CCCCO[C@H](CN(C)C(=O)Nc2ccc3c(c2)OCO3)[C@@H](C)CN([C@@H](C)CO)C(=O)c2cc(ccc2O1)NC(=O)C1CCCCC1,0,0.009480,0.023053,0.003942
C[C@H]1CN([C@@H](C)CO)C(=O)c2cccc(c2O[C@H]1CN(C)Cc1ccc(cc1)-c1ccccc1)NC(=O)Nc1ccc(cc1)F,0,0.311009,0.055143,0.022919
CC(C)c1ccc2c(c1O)CCC1C3=C(CCC21C)C(=O)OC3,0,0.856041,0.538338,0.476243
COCC#Cc1ccc(cc1)[C@@H]1[C@@H](CO)N2[C@H]1CN(CC2=O)C(=O)C1CCOCC1,0,0.373385,0.029046,0.024846
CC1=C(CCC(=O)O)C(=O)NC(=O)N1,0,0.340763,0.105218,0.036648
COCC#Cc1ccc2c(c1)O[C@H](CN(C)Cc1ccccc1F)[C@H](C)CN([C@H](C)CO)S2(=O)=O,0,0.064824,0.029986,0.007794
COc1ccc(cc1)S(=O)(=O)N(C)C[C@@H]1Oc2c(cccc2C(=O)N(C[C@H]1C)[C@H](C)CO)NS(=O)(=O)c1cn(cn1)C,0,0.039834,0.027794,0.006091
CCCCOC(=O)c1ccccc1C(=O)OCCCC,0,0.079618,0.242163,0.122407
C[C@@H]1CN([C@H](C)CO)C(=O)c2cc(ccc2O[C@H]1CN(C)Cc1ccc(cc1)Oc1ccccc1)NC(=O)c1ccncc1,0,0.001247,0.023576,0.005458
C[C@H]1CN([C@@H](C)CO)C(=O)Cc2cc(ccc2O[C@@H]1CN(C)C(=O)Nc1cccc2ccccc12)NC(=O)Nc1ccc(cc1)F,0,0.061625,0.024060,0.008473
NC[C@H]1O[C@H](O[C@@H]2[C@@H](N)C[C@@H](N)[C@H](O)[C@@H]2O[C@@H]2O[C@H](CO)[C@@H](O)[C@H]2O)[C@H](N)[C@@H](O)[C@@H]1O,0,0.880684,0.761574,0.709079
CN(C)CCCNC(=O)C[C@H]1CC[C@H](NS(=O)(=O)c2ccccc2)[C@@H](CO)O1,0,0.031275,0.027914,0.009735
CN(C)CC(=O)N[C@@H]1C=C[C@H](CC(=O)NCCN2CCCCC2)O[C@@H]1CO,0,0.287888,0.023984,0.012487
COc1ccc(cc1)S(=O)(=O)N(C)C[C@H]1Oc2c(cccc2C(=O)N(C[C@H]1C)[C@@H](C)CO)NC(=O)c1cc(nn1C)C,0,0.013320,0.024534,0.004173
C[C@H]1CCCCO[C@@H](CN(C)C(=O)Nc2ccc(cc2)C(F)(F)F)[C@@H](C)CN([C@@H](C)CO)C(=O)c2cc(ccc2O1)NS(=O)(=O)c1cccs1,0,0.144686,0.062065,0.015267
COc1cccc(c1)NC(=O)N[C@@H]1C=C[C@H](CC(=O)N2CCN(C)CC2)O[C@H]1CO,0,0.158589,0.067742,0.020327
OC[C@H]1O[C@H](C[C@H]2[C@@H]1Oc1ccc(cc12)NC(=O)c1ccc2c(c1)OCO2)CC(=O)NCC(F)(F)F,0,0.059783,0.054716,0.056397
C[C@H]1CN([C@H](C)CO)C(=O)c2cc(ccc2O[C@@H]1CN(C)Cc1ccc2c(c1)OCO2)NS(=O)(=O)c1cn(cn1)C,0,0.007263,0.024648,0.004502
COc1ccc2c3c(n(c2c1)C)[C@@H](CO)N(C[C@]13CCN(CC1)S(=O)(=O)c1ccccc1)C(=O)c1cccnc1,0,0.003841,0.026436,0.007469
C[C@H]1CN([C@@H](C)CO)C(=O)Cc2cc(ccc2O[C@H]1CN(C)Cc1ccc2c(c1)OCO2)NC(=O)CCN1CCOCC1,0,0.002093,0.027910,0.006223
Cc1c(c(c(c(c1C)C)CSc1ccccc1N)C)C,0,0.828230,0.302879,0.269155
CCCNC(=O)C1=NO[C@]2(CCNC2)C1,0,0.015258,0.037276,0.011791
COc1ccc(cc1)NC(=O)N(C)C[C@@H]1Oc2c(cccc2C(=O)N(C[C@H]1C)[C@H](C)CO)NC(=O)Nc1ccc(cc1)C(F)(F)F,0,0.822858,0.864406,0.830736
C[C@H]1CN([C@@H](C)CO)C(=O)Cc2cc(ccc2O[C@H]1CN(C)C(=O)Nc1cccc2ccccc12)NC(=O)Nc1c(noc1C)C,0,0.022707,0.024974,0.005662
C[C@H]1CCCCO[C@H](CN(C)S(=O)(=O)c2c(noc2C)C)[C@@H](C)CN([C@H](C)CO)C(=O)c2cc(ccc2O1)NC(=O)Nc1cccc2ccccc12,0,0.003656,0.030439,0.003487
NNC(=O)c1cccc(n1)C(F)(F)F,0,0.453017,0.225384,0.085667
Oc1ccc(C=Cc2cc(O)cc(O)c2)cc1,0,0.590478,0.413700,0.569912
Cn1nnc2cc(ccc12)NC(=O)NCCO,0,0.724265,0.057147,0.035856
CC(=O)NC(=O)N[C@H]1CSC[C@@H]1OC(=O)C,0,0.000455,0.048888,0.043614
CC(=O)OC1CCC2(C)C(CCC3(C)C2CCC24OC(=O)C5(CCC(C)C(C)C52)CCC34C)C1(C)C,0,0.638974,0.128650,0.077542
CCCCCCCCNC[C@@H](O)[C@H](O)[C@@H](O)[C@@H](O)CO,0,0.018832,0.083755,0.035626
Cc1cc2ccccc2n1CCN,0,0.134349,0.048095,0.025209
C[C@@H]1CCCCO[C@H](CN(C)C(=O)Nc2ccc(cc2)F)[C@@H](C)CN([C@@H](C)CO)C(=O)c2cc(ccc2O1)NC(=O)Cc1ccccc1,0,0.033376,0.022837,0.006637
Oc1ccc(cc1)[C@@H]1N2[C@H]([C@H](C(=O)N3CCCCCCC3)[C@@]11C(=O)Nc3ccc(cc31)C#CC1(O)CCCCCC1)C(=O)O[C@H]([C@H]2c1ccccc1)c1ccccc1,0,0.058719,0.247005,0.058414
COCC(=O)N(C)C[C@H]1Oc2cc(ccc2S(=O)(=O)N(C[C@H]1C)[C@H](C)CO)C#Cc1ccccc1,0,0.065267,0.031426,0.010814
C[C@@H]1CN([C@@H](C)CO)C(=O)c2cc(ccc2O[C@H]1CN(C)C(=O)Nc1ccc(cc1)F)NC(=O)Nc1cccc2ccccc12,0,0.106768,0.025055,0.010731
OC[C@H]1O[C@H](C[C@H]2[C@@H]1Oc1ccc(cc12)NC(=O)Cc1ccncc1)CC(=O)NCc1ccc2c(c1)OCO2,0,0.004526,0.027223,0.015827
C[C@H]1CN([C@H](C)CO)C(=O)CCCn2cc(nn2)CO[C@@H]1CN(C)C(=O)Nc1cccc(c1)C(F)(F)F,0,0.808267,0.900674,0.848444
C[C@@H]1CN([C@H](C)CO)S(=O)(=O)c2ccc(cc2O[C@@H]1CN(C)CC1CCOCC1)C#Cc1cccnc1,0,0.147771,0.025695,0.005664
COc1cccc2C(=O)c3c(O)c4CC(O)(CC(OC5CC(N)C(O)C(C)O5)c4c(O)c3C(=O)c12)C(=O)CO,0,0.994686,0.927367,0.963548
C[C@H]1CCCCO[C@@H](CN(C)S(=O)(=O)c2ccc(cc2)Cl)[C@H](C)CN([C@H](C)CO)C(=O)c2cc(ccc2O1)NC(=O)Nc1ccc(cc1)F,0,0.051684,0.024906,0.006979
Nc1nonc1N1CCCCC1,0,0.373811,0.057363,0.023112
COc1cccc(c1)CN(C)C[C@@H]1OCc2ccccc2-c2c(n(c3ccccc23)C)C(=O)N(C[C@@H]1C)[C@H](C)CO,0,0.090017,0.032789,0.024905
CN1[C@@H]2CC[C@H](CC(=O)NCCN3CCCCC3)O[C@@H]2COc2ccc(cc2C1=O)NC(=O)c1cccs1,0,0.053103,0.026440,0.013707
C[C@@H]1CCCCO[C@@H](CN(C)C(=O)Nc2ccc(cc2)C(F)(F)F)[C@H](C)CN([C@@H](C)CO)C(=O)c2cc(ccc2O1)NS(=O)(=O)c1ccc(cc1)Cl,0,0.213478,0.237683,0.014984
C[C@H]1CN([C@H](C)CO)C(=O)c2cccc(c2O[C@H]1CN(C)S(=O)(=O)c1cn(cn1)C)NC(=O)CCCCCC(=O)Nc1ccccc1N,0,0.023944,0.033423,0.004744
Cc1ccc(cc1)N1C(=S)NC(=O)C1=O,0,0.337866,0.297715,0.247385
C[C@@H]1CN([C@H](C)CO)C(=O)Cc2cc(ccc2O[C@H]1CN(C)S(=O)(=O)c1ccc(cc1)C)N(C)C,0,0.006775,0.041067,0.010325
C[C@H]1CCCCO[C@@H](CN(C)C(=O)Cc2ccccc2)[C@H](C)CN([C@@H](C)CO)C(=O)c2cc(ccc2O1)NC(=O)Cc1ccccc1,0,0.001142,0.022882,0.004481
C[C@H]1CCCCO[C@H](CN(C)C(=O)Nc2cccc3ccccc23)[C@@H](C)CN([C@@H](C)CO)C(=O)c2cc(ccc2O1)NC(=O)NC1CCCCC1,0,0.009841,0.024312,0.003831
COCC(=O)N1C[C@H]2[C@H]([C@@H](CO)N2C(=O)C1)c1ccc(cc1)C#Cc1cccnc1,0,0.410381,0.034522,0.025953
CN(C)CCCNC(=O)C[C@@H]1CC[C@@H]2[C@H](COC[C@H](O)CN2S(=O)(=O)c2ccc(cc2)C)O1,0,0.326542,0.028754,0.012404
CC(C)NC(=O)Nc1cccc2c1O[C@H](CN(C)S(=O)(=O)c1ccc(cc1)C)[C@H](C)CN([C@@H](C)CO)C2=O,0,0.051061,0.024444,0.005840
COc1ccc(cc1)NC(=O)Nc1ccc2c(c1)C(=O)N(C[C@H](C)[C@H](CN(C)C(=O)Nc1ccc(cc1)OC)OCCCC[C@@H](C)O2)[C@H](C)CO,0,0.019059,0.024814,0.004263
NCc1ccc2c(c1)CCO2,0,0.129288,0.061130,0.026282
C[C@H]1CN([C@@H](C)CO)C(=O)c2cc(ccc2O[C@H]1CN(C)Cc1ccc(cc1)C(=O)Nc1ccccc1N)NS(=O)(=O)c1cn(cn1)C,0,0.005660,0.026531,0.004050
Cc1noc(c1C(=O)N1C[C@@H]2CCN[C@@H]2C1)C,0,0.012261,0.029880,0.011511
OC(=O)c1ccccc1-c1ccco1,0,0.568321,0.069140,0.044975
C[C@H]1CN([C@@H](C)CO)C(=O)c2cc(ccc2O[C@@H]1CN(C)C(=O)Nc1ccccc1)NC(=O)Nc1cccc2ccccc12,0,0.020585,0.023952,0.008016
CC(C)NC(=O)N[C@@H]1CC[C@@H](CCN)O[C@@H]1CO,0,0.116995,0.030522,0.012304
C[C@@H]1CCCCO[C@@H](CN(C)C(=O)Nc2c(noc2C)C)[C@H](C)CN([C@@H](C)CO)C(=O)c2cc(ccc2O1)NS(=O)(=O)c1ccccc1,0,0.002046,0.024233,0.003789
C[C@H]1CCCCO[C@@H](CN(C)C(=O)Nc2cccc3ccccc23)[C@H](C)CN([C@@H](C)CO)C(=O)c2cc(ccc2O1)NC(=O)Nc1cccc2ccccc12,0,0.010252,0.024978,0.004173
C[C@H]1CN([C@@H](C)CO)C(=O)c2cc(ccc2O[C@@H]1CN(C)Cc1ccccc1)NC(=O)CCN1CCOCC1,0,0.004339,0.033306,0.007623
NC1=NC(=O)c2ncn(c2N1)CCC(CO)CO,0,0.354909,0.060453,0.026686
C[C@H]1COC(=O)[C@@H](CCC=CC[C@@H](CC(=O)N[C@H](CO)Cc2ccccc2)C(=O)N1)Cc1ccc(cc1)F,0,0.033112,0.052764,0.036861
Cc1ccccc1NC(=O)C[C@H]1NCCNC1=O,0,0.097864,0.083292,0.031724
COc1ccc(cc1)S(=O)(=O)Nc1ccc2c(c1)C(=O)N(C[C@@H](C)[C@H](CN(C)Cc1ccc(cc1)C(F)(F)F)OCCCC[C@@H](C)O2)[C@@H](C)CO,0,0.017869,0.024696,0.006633
C[C@H]1CN([C@@H](C)CO)C(=O)c2cccc(c2O[C@@H]1CN(C)Cc1ccc(c(c1)Cl)Cl)NS(=O)(=O)c1ccc(cc1)F,0,0.050949,0.030582,0.007093
C[C@@H]1CCCCO[C@@H](CN(C)C(=O)Nc2ccc(cc2)C(F)(F)F)[C@H](C)CN([C@@H](C)CO)C(=O)c2cc(ccc2O1)NC(=O)Nc1ccc(cc1)C(F)(F)F,0,0.935200,0.059645,0.029122
C[C@@H]1CN([C@H](C)CO)C(=O)c2cc(cnc2O[C@H]1CN(C)S(=O)(=O)c1cccc(c1)F)C#CC1(O)CCCC1,0,0.021646,0.116040,0.007997
C[C@H]1CN([C@H](C)CO)C(=O)CCCn2cc(nn2)CO[C@@H]1CN(C)S(=O)(=O)c1ccc(cc1)C#N,0,0.001421,0.026729,0.005858
C[C@@H]1CN([C@H](C)CO)C(=O)c2cc(cnc2O[C@@H]1CN(C)S(=O)(=O)c1cccc(c1)F)C#CC1(O)CCCC1,0,0.021646,0.116040,0.007997
COc1ccc(cc1)S(=O)(=O)N(C)C[C@@H]1Oc2c(cccc2C(=O)N(C[C@H]1C)[C@@H](C)CO)NC(=O)c1cc(nn1C)C,0,0.013320,0.024534,0.004173
C[C@H]1CN([C@@H](C)CO)C(=O)c2cc(ccc2O[C@@H]1CN(C)C(=O)Nc1ccc(cc1)C(F)(F)F)NC(=O)Nc1ccc(cc1)F,0,0.928925,0.371205,0.301979
C[C@@H]1CCCCO[C@@H](CN(C)Cc2ccc(cc2)C(=O)O)[C@H](C)CN([C@@H](C)CO)C(=O)c2cc(ccc2O1)NC(=O)Nc1ccccc1,0,0.061002,0.026299,0.004894
Nc1nc(N)c2nc(-c3ccccc3)c(N)nc2n1,0,0.325157,0.388215,0.218223
C[C@H]1CCCCO[C@@H](CN(C)C(=O)Cc2ccccc2)[C@@H](C)CN([C@H](C)CO)C(=O)c2cc(ccc2O1)NS(=O)(=O)c1cccs1,0,0.001473,0.024208,0.003518
CN1C(C(=O)Nc2ccccn2)=C(O)c2sc(Cl)cc2S1(=O)=O,0,0.157834,0.035506,0.030457
C[C@@H]1CCCCO[C@@H](CN(C)Cc2ccc(cc2)C(=O)O)[C@@H](C)CN([C@@H](C)CO)C(=O)c2cc(ccc2O1)NC(=O)Nc1c(noc1C)C,0,0.101165,0.024024,0.007597
OCCNC(=O)C[C@H]1CC=CC[C@H](Cc2ccc(cc2)F)C(=O)OC[C@@H](Cc2c[nH]c3ccccc23)NC1=O,0,0.122345,0.044576,0.037335
C[C@H]1CCCCO[C@@H](CN(C)C(=O)Nc2cccc3ccccc23)[C@@H](C)CN([C@H](C)CO)C(=O)c2cc(ccc2O1)NS(=O)(=O)c1cccs1,0,0.002989,0.025834,0.003238
CCn1c(nc2cncc(c12)C(=O)N1CC[C@H](N)C1)-c1nonc1N,0,0.121586,0.112930,0.078097
O[C@@H]1COC[C@H]2O[C@H](CC[C@@H]2N(C1)C(=O)Nc1cccc(c1)F)CC(=O)NCc1ccccc1Cl,0,0.908767,0.837082,0.813469
C[C@H]1CCCCO[C@@H](CN(C)C(=O)CCCN(C)C)[C@H](C)CN([C@@H](C)CO)C(=O)c2cc(ccc2O1)NS(=O)(=O)C,0,0.006144,0.024267,0.004201
CC(=O)N[C@@H]1C[C@H](O)[C@@H](O)CCC(=O)N[C@@H](COC1=O)c1ccccc1,0,0.202345,0.113373,0.108318
COc1ccc(cc1)S(=O)(=O)N(C)C[C@@H]1OCCCC[C@H](C)Oc2ccc(cc2C(=O)N(C[C@H]1C)[C@@H](C)CO)NS(=O)(=O)C,0,0.004211,0.024351,0.005513
COCCOC(=O)N1C(=O)[C@@]2([C@H]([C@H]3N([C@@H]([C@@H](OC3=O)c3ccccc3)c3ccccc3)[C@H]2c2ccc(cc2)O)C(=O)N2CCN(CC2)c2ncccn2)c2cc(ccc21)C#CC1=CCCCC1,0,0.025840,0.144681,0.017977
C[C@@H]1CN([C@H](C)CO)C(=O)c2cc(ccc2O[C@@H]1CN(C)C(=O)Nc1ccc2c(c1)OCO2)NS(=O)(=O)c1c(noc1C)C,0,0.003361,0.025013,0.005132
COc1ccc(cc1)CN(C)C[C@H]1Oc2ccc(cc2CC(=O)N(C[C@H]1C)[C@@H](C)CO)NS(=O)(=O)C,0,0.004771,0.027154,0.007219
OCCCOc1ccc(cc1)C1=N[C@](CCS(=O)(=O)c2ccccc2)([C@H](O1)c1ccccc1N=[N+]=[N-])C(=O)NC[C@@H](O)CO,0,0.382587,0.139205,0.048575
C[C@H]1CCCCO[C@@H](CN(C)Cc2ccncc2)[C@H](C)CN([C@@H](C)CO)C(=O)c2cc(ccc2O1)NC(=O)Nc1ccc(cc1)F,0,0.055014,0.036094,0.007836
C[C@H]1CN([C@@H](C)CO)C(=O)c2cc(cnc2O[C@H]1CN(C)C(=O)Cc1ccncc1)C#Cc1ccccc1F,0,0.083456,0.024026,0.005964
Cc1ccc(cc1)S(=O)(=O)N1C[C@@H](O)COC[C@H]2O[C@@H](CC[C@@H]21)CC(=O)NCc1ccc(c(c1)Cl)Cl,0,0.549458,0.112451,0.035146
CN(C)CCCNC(=O)C[C@@H]1CC[C@H]2[C@H](COc3ccc(cc3C(=O)N2C)NC(=O)c2ccccc2F)O1,0,0.065441,0.029982,0.013769
CC(C)CNC(=O)C(=O)NC(C)C,0,0.004229,0.087169,0.027253
OC(=O)C(Cl)Cl,0,0.076386,0.255038,0.095995
O[C@]1(CN2CCC1CC2)C#N,0,0.025925,0.111648,0.037988
C[C@@H]1CN([C@H](C)CO)C(=O)c2cc(cnc2O[C@H]1CN(C)S(=O)(=O)c1ccc(cc1)F)-c1cccc(c1)C(=O)N(C)C,0,0.003694,0.024254,0.004699
NC(=O)CSc1nnnn1-c1ccccc1,0,0.566424,0.242280,0.157216
N#CC1CC2CC2N1C(=O)C(N)C12CC3CC(CC(O)(C3)C1)C2,0,0.010923,0.266055,0.171604
C[C@H]1CN([C@@H](C)CO)C(=O)c2cc(ccc2O[C@H]1CN(C)S(=O)(=O)c1c(noc1C)C)NS(=O)(=O)c1ccc(cc1)F,0,0.005968,0.024359,0.008249
CC/N=C/1\SC(=CC(=O)N1CC)C(=O)OC,0,0.007441,0.203651,0.117822
OCCN1NC=C2C(=O)NC(=S)N=C12,0,0.503485,0.081093,0.052944
C[C@H]1CN([C@H](C)CO)C(=O)c2cccc(c2O[C@@H]1CN(C)Cc1ccc(cc1)Oc1ccccc1)NC(=O)c1cc(nn1C)C,0,0.005496,0.025739,0.006421
C[C@@H]1CCCCO[C@H](CN(C)Cc2ccncc2)[C@@H](C)CN([C@@H](C)CO)C(=O)c2cc(ccc2O1)NC(=O)Nc1c(noc1C)C,0,0.017325,0.029315,0.005475
CC(=C(CCOP(=O)(O)O)SC(=O)c1ccccc1)N(C=O)Cc1cnc(C)nc1N,0,0.000000,0.291078,0.194665
C1CN(CCO1)Cc1nnnn1-c1ccccc1,0,0.144658,0.152136,0.098402
COc1ccc(cc1)CN(C)C[C@@H]1OCCCC[C@H](C)Oc2ccc(cc2C(=O)N(C[C@@H]1C)[C@H](C)CO)NS(=O)(=O)c1ccc(cc1)OC,0,0.001160,0.024507,0.004051
C[C@H]1C[C@]23O[C@@]3(/C=C(/C)[C@@H](O)[C@@H](O)C3[C@@H]([C@@H](O)[C@@H](C)C2=O)C3(C)C)[C@@H]1O[C@H]1O[C@@H](CO)[C@@H](O)[C@@H](O)[C@@H]1O,0,0.676075,0.199431,0.149840
C[C@H]1CCCCO[C@H](CN(C)S(=O)(=O)c2ccccc2)[C@@H](C)CN([C@@H](C)CO)C(=O)c2cc(ccc2O1)NC(=O)c1ccccc1,0,0.000459,0.024238,0.003656
NC(=S)Nc1ccc(cc1)S(=O)(=O)N,0,0.000017,0.064215,0.016893
COc1c(N2CCNC(C)C2)c(F)cc2c(=O)c(C(=O)O)cn(C3CC3)c12,1,0.868678,0.919217,0.968112
COc1ccc(cc1)CN(C)C[C@@H]1OCCCC[C@@H](C)Oc2ccc(cc2C(=O)N(C[C@H]1C)[C@@H](C)CO)NC(=O)Nc1ccc2c(c1)OCO2,0,0.013221,0.023306,0.003484
C[C@@H]1CN([C@@H](C)CO)C(=O)CCCn2cc(nn2)CO[C@H]1CN(C)C(=O)Nc1cccc(c1)Oc1ccccn1,0,0.008323,0.023782,0.004370
CC[C@H](NC(=O)[C@H](C)NC)C(=O)N1C[C@@H](O)C[C@H]1Cc1c([nH]c2cc(ccc12)F)-c1[nH]c2cc(ccc2c1C[C@@H]1C[C@H](O)CN1C(=O)[C@H](CC)NC(=O)[C@H](C)NC)F,0,0.999101,0.379347,0.238357
C[C@@H]1CN([C@@H](C)CO)C(=O)Cc2cc(ccc2O[C@@H]1CN(C)Cc1ccc(c(c1)Cl)Cl)NC(=O)CCC(F)(F)F,0,0.367567,0.079194,0.024914
CN1CCC2(CC1)CN(CCCN2C)C(=O)CNC(=O)N,0,0.953633,0.097180,0.045406
COc1ccc(cc1)CN(C)C[C@@H]1Oc2ccc(cc2C(=O)N(C[C@H]1C)[C@H](C)CO)NC(=O)Cn1cnnn1,0,0.013293,0.028513,0.008599
CNC[C@H]1OCCCC[C@@H](C)Oc2ccc(cc2C(=O)N(C[C@H]1C)[C@H](C)CO)NS(=O)(=O)c1c(noc1C)C,0,0.005665,0.024678,0.005704
CO[C@H]1CN(C)C(=O)c2cc(ccc2OC[C@H](C)N(C[C@@H]1C)S(=O)(=O)C)NS(=O)(=O)C,0,0.028181,0.025431,0.006397
CC(C)NC(=O)Nc1cccc2c1O[C@H](CN(C)S(=O)(=O)c1ccc(cc1)Cl)[C@H](C)CN([C@@H](C)CO)C2=O,0,0.140524,0.024665,0.007379
C[C@H]1CN([C@H](C)CO)C(=O)c2cc(ccc2O[C@H]1CN(C)S(=O)(=O)c1ccccc1)NC(=O)CCN1CCOCC1,0,0.001079,0.024284,0.003586
C[C@@H]1CN([C@H](C)CO)C(=O)c2cccc(c2O[C@@H]1CN(C)S(=O)(=O)c1ccccc1)NC(=O)c1ccncc1,0,0.005947,0.024162,0.003776
C[C@H]1CN([C@@H](C)CO)C(=O)c2cc(cnc2O[C@H]1CN(C)S(=O)(=O)c1cccs1)Br,0,0.012052,0.035763,0.009216
CCOC(=O)CNC(=O)c1cc(on1)C,0,0.009178,0.032270,0.021034
C[C@@H]1CCCCO[C@@H](CN(C)Cc2ccc(c(c2)Cl)Cl)[C@@H](C)CN([C@H](C)CO)C(=O)c2cc(ccc2O1)NC(=O)Nc1cccc2ccccc12,0,0.069691,0.039111,0.005485
C[C@@H]1CN([C@@H](C)CO)C(=O)c2cc(ccc2O[C@@H]1CN(C)CC1CCCCC1)NC(=O)Cn1cnnn1,0,0.063825,0.027206,0.015397
C[C@@H]1CCCCO[C@@H](CN(C)Cc2ccc(cc2)C(F)(F)F)[C@@H](C)CN([C@H](C)CO)C(=O)c2cc(ccc2O1)NC(=O)CCCN(C)C,0,0.110173,0.023657,0.012473
C[C@@H]1CN([C@@H](C)CO)C(=O)c2cccc(c2O[C@@H]1CN(C)CC1CC1)NS(=O)(=O)c1ccc(cc1)F,0,0.019194,0.034207,0.007452
C[C@H]1CN([C@H](C)CO)C(=O)Cc2cc(ccc2O[C@H]1CN(C)S(=O)(=O)c1ccc(cc1)F)NS(=O)(=O)c1ccc(cc1)C,0,0.003140,0.024442,0.005835
C[C@H]1CN([C@H](C)CO)C(=O)CCCn2nncc2CO[C@H]1CN(C)C(=O)Nc1ccnc(c1)N1CCOCC1,0,0.021700,0.031447,0.008376
C[C@@H]1CN([C@@H](C)CO)C(=O)c2cc(cnc2O[C@H]1CN(C)C(=O)C1CCOCC1)-c1cccc(c1)C#N,0,0.002968,0.023086,0.004014
COCC(=O)N1C[C@@H](C)[C@@H](CN(C)C(=O)c2ccc(cc2OC[C@H]1C)NC(=O)Nc1ccccc1)OC,0,0.019168,0.028268,0.007784
OC[C@H]1O[C@@H](Oc2cc(c3c(c2)O[C@H]([C@H](O)C3=O)c2ccc(cc2)O)O)[C@@H](O)[C@@H](O)[C@@H]1O,0,0.573791,0.336504,0.121303
O[C@@H]1COC[C@@H]2O[C@@H](CC[C@H]2N(C1)S(=O)(=O)c1ccccc1)CC(=O)N[C@@H]1CCN(C1)Cc1ccccc1,0,0.057145,0.041928,0.013716
CCc1ccccc1C(=O)N1CCC[C@H](C1)Cn1cc(nn1)C(C)(C)N,0,0.724070,0.161531,0.121615
CC[C@H]1OC(=O)[C@H](C)[C@@H](O[C@H]2C[C@@](C)(OC)[C@@H](O)[C@H](C)O2)[C@H](C)[C@@H](O[C@@H]2O[C@H](C)C[C@@H]([C@H]2OC(=O)CC)N(C)C)[C@](C)(O)C[C@@H](C)C(=O)[C@H](C)[C@@H](O)[C@]1(C)O,0,0.931183,0.920354,0.978859
CC12CCC(CC1)C(C)(C)O2,0,0.411321,0.137012,0.041937
C[C@@H]1CCCCO[C@@H](CN(C)C(=O)Nc2ccc3c(c2)OCO3)[C@H](C)CN([C@H](C)CO)C(=O)c2cc(ccc2O1)NS(=O)(=O)c1ccc(cc1)F,0,0.003002,0.024480,0.004392
CNC(=O)CSP(=S)(OC)OC,0,0.954135,0.301546,0.141113
COc1ccc(cc1)NC(=O)Nc1ccc2c(c1)C(=O)N(C[C@@H](C)[C@H](CN(C)C(=O)Nc1c(noc1C)C)OCCCC[C@@H](C)O2)[C@@H](C)CO,0,0.029113,0.025639,0.004905
OC[C@H]1O[C@@H](OC/C/2=C\[C@H]3OC(=O)C(=C)[C@@H]3[C@@H](O)C/C(=C\CC2)C=O)[C@H](OC(=O)Cc2ccc(cc2)O)[C@@H](O)[C@@H]1O,0,0.702566,0.659406,0.413772
OC[C@@H]1O[C@H](CC[C@H]1NS(=O)(=O)c1ccccc1)CC(=O)NCc1ccncn1,0,0.020656,0.026348,0.010771
C[C@H]1CN([C@H](C)CO)C(=O)c2cccc(c2O[C@H]1CN(C)Cc1ccc(c(c1)Cl)Cl)NC(=O)C1CCCCC1,0,0.150731,0.033457,0.019645
COc1ccc(cc1)S(=O)(=O)N(C)C[C@@H]1Oc2cc(ccc2S(=O)(=O)N(C[C@H]1C)[C@H](C)CO)C#CC1CCCC1,0,0.023162,0.030466,0.006986
COc1ccccc1NC(=O)N(C)C[C@@H]1Oc2ncc(cc2C(=O)N(C[C@@H]1C)[C@H](C)CO)C#CCN(C)C,0,0.197239,0.022582,0.004564
Cc1ccc(cc1)S[C@@]1(CC(=O)N(Cc2ccccc2C(F)(F)F)[C@@H]1c1ccc(cc1I)CO)C(=O)O,0,0.912713,0.370179,0.313163
CO[C@@H](CN(C)S(=O)(=O)c1cccc(c1)Cl)[C@H](C)CN([C@H](C)CO)S(=O)(=O)c1cccc(c1)Cl,0,0.276109,0.107841,0.018144
OC[C@@H]1O[C@@H](C[C@@H]2[C@H]1Oc1ccc(cc12)NS(=O)(=O)c1ccc(cc1)F)CC(=O)NCc1cccnc1,0,0.004604,0.024924,0.005764
CCOc1nc2c(ncnc2n1CC)N,0,0.037427,0.044145,0.013535
CN(C)CC#Cc1ccc(cc1)[C@H]1[C@H](CO)N2[C@H]1CN(CC2=O)C(=O)c1cccnc1,0,0.221593,0.052356,0.027393
COc1ccc(cc1)S(=O)(=O)N(CC(=O)O)c1ccc(c2ccccc12)N(CC(=O)O)S(=O)(=O)c1ccc(cc1)OC,0,0.014064,0.334987,0.105576
COc1ccc(cc1)CN(C)C[C@H]1Oc2ccc(cc2C(=O)N(C[C@@H]1C)[C@@H](C)CO)NS(=O)(=O)C,0,0.011245,0.025898,0.005098
CCCNC(=O)N1C[C@@H](O)COC[C@H]2O[C@@H](CC[C@@H]21)CC(=O)NCCCN1CCOCC1,0,0.404327,0.040587,0.063990
CCCn1ncnc1[C@@H](C)N,0,0.025567,0.027395,0.011696
C[C@@H]1CN([C@@H](C)CO)C(=O)c2cccc(c2O[C@@H]1CN(C)Cc1ccc(c(c1)Cl)Cl)NC(=O)c1ccc(cc1)-c1nccs1,0,0.052144,0.034134,0.007167
C[C@@H]1CN([C@H](C)CO)C(=O)Cc2cc(ccc2O[C@@H]1CN(C)C)NC(=O)Cc1cn(c2ccccc12)C,0,0.044488,0.032998,0.007255
OCCCOc1ccc(cc1)C1=N[C@@]2(CCS(=O)(=O)c3ccccc3)[C@@H](O1)c1ccccc1N(Cc1ccccc1)C2=O,0,0.000562,0.130598,0.035606
C[C@@H]1CN([C@@H](C)CO)C(=O)c2cc(cnc2O[C@@H]1CN(C)C(=O)Cc1cccnc1)-c1ccc(cc1)C,0,0.006537,0.023376,0.005812
C[C@H]1CN([C@@H](C)CO)C(=O)c2cc(ccc2O[C@H]1CN(C)S(=O)(=O)c1cn(cn1)C)NC(=O)C1CC1,0,0.006249,0.024202,0.004576
C[C@@H]1CN([C@H](C)CO)S(=O)(=O)c2ccc(cc2O[C@@H]1CN(C)Cc1cncnc1)-c1ccc(cc1)C,0,0.024345,0.029520,0.007090
C[C@H]1CCCCO[C@@H](CN(C)C(=O)C2CCCCC2)[C@@H](C)CN([C@H](C)CO)C(=O)c2cc(ccc2O1)NS(=O)(=O)c1ccc(cc1)C,0,0.001246,0.024320,0.004860
CCCCC(CC)COC(=O)C=Cc1ccc(OC)cc1,0,0.114714,0.326083,0.198472
C[C@@H]1CN([C@H](C)CO)C(=O)Cc2cc(ccc2O[C@@H]1CN(C)Cc1ccc(c(c1)Cl)Cl)NC(=O)Nc1c(noc1C)C,0,0.198338,0.050378,0.014474
COCCN1[C@@H]2CC[C@H]1CN(C2)c1ncccn1,0,0.048525,0.092746,0.050690
CC(=O)NCCCC[C@@H]1NC(=O)[C@@H]2C[C@@H]([C@@H](N2C1=O)c1ccc(cc1)O)C(=O)NCCCCCN,0,0.483231,0.152961,0.229511
CCCN(C)C[C@@H]1OCCCC[C@@H](C)Oc2ccc(cc2C(=O)N(C[C@@H]1C)[C@H](C)CO)NC(=O)CCC(F)(F)F,0,0.126696,0.166473,0.078599
COc1cc(cc(c1OC)OC)/C=C/C(=O)NCCCNC(=O)/C=C/c1cc(c(c(c1)OC)OC)OC,0,0.572817,0.061630,0.037715
C[C@@H]1CCCCO[C@H](CN(C)C(=O)Cc2ccccc2)[C@@H](C)CN([C@H](C)CO)C(=O)c2cc(ccc2O1)NS(=O)(=O)c1ccc(cc1)C,0,0.000523,0.024250,0.003688
OCC[C@H]1N(Cc2cc(nc(c21)-c1cccc(c1)-c1ccccc1F)C(=O)NCC1CC1)C(=O)CC1CC1,0,0.015629,0.204297,0.072689
C[C@H]1CCCCO[C@H](CN(C)Cc2ccncc2)[C@@H](C)CN([C@H](C)CO)C(=O)c2cc(ccc2O1)NS(=O)(=O)c1ccc(cc1)Cl,0,0.002543,0.025636,0.004462
Cn1nnc2c1[C@@H](CNC2)COCC1CC1,0,0.320858,0.041229,0.017505
CC(=O)c1cc2ccccc2s1,0,0.558816,0.039659,0.034489
C[C@H]1CCCCO[C@H](CN(C)C(=O)Nc2ccccc2)[C@@H](C)CN([C@H](C)CO)C(=O)c2cc(ccc2O1)NC(=O)Nc1cccc2ccccc12,0,0.008740,0.023209,0.003418
C[C@@H]1CN([C@H](C)CO)C(=O)c2cc(ccc2O[C@H]1CN(C)C(=O)Nc1ccc2c(c1)OCO2)NC(=O)c1ccncc1,0,0.005245,0.024158,0.004914
CCN(CC)CCCCNc1ncc2cc(c(nc2n1)NC(=O)NC(C)(C)C)-c1c(cccc1Cl)Cl,0,0.984111,0.851473,0.804637
C[C@H]1CN([C@H](C)CO)C(=O)Cc2cc(ccc2O[C@@H]1CN(C)S(=O)(=O)C)NC(=O)c1ccncc1,0,0.001665,0.023980,0.004097
COc1ccc(cc1)S(=O)(=O)N(C)C[C@@H]1Oc2ccc(cc2C(=O)N(C[C@H]1C)[C@@H](C)CO)NC(=O)Cn1cnnn1,0,0.013912,0.025061,0.004964
COc1ccc(cc1)NC(=O)Nc1ccc2c(c1)C(=O)N(C[C@@H](C)[C@H](CN(C)Cc1ccc3c(c1)OCO3)OCCCC[C@H](C)O2)[C@@H](C)CO,0,0.010924,0.023107,0.004021
C[C@@H]1CN([C@@H](C)CO)C(=O)c2cc(ccc2O[C@@H]1CN(C)C(=O)Nc1cccc2ccccc12)NC(=O)Nc1c(noc1C)C,0,0.030940,0.022830,0.006578
CCN(CC)CCNC(=O)c1cc(Cl)c(N)cc1OC.Cl,0,0.891191,0.235652,0.185896
C[C@H]1CCCCO[C@@H](CN(C)S(=O)(=O)c2cn(cn2)C)[C@@H](C)CN([C@@H](C)CO)C(=O)c2cc(ccc2O1)NC(=O)Nc1ccc(cc1)C(F)(F)F,0,0.257669,0.123874,0.059492
COc1ccc(cc1)NC(=O)N(C)C[C@@H]1OCCCC[C@H](C)Oc2ccc(cc2C(=O)N(C[C@H]1C)[C@H](C)CO)NS(=O)(=O)c1ccc(cc1)C,0,0.001958,0.024539,0.003776
C[C@@H]1CCCCO[C@H](CN(C)S(=O)(=O)c2cccs2)[C@@H](C)CN([C@@H](C)CO)C(=O)c2cc(ccc2O1)NC(=O)CCC(F)(F)F,0,0.013223,0.024624,0.008182
CN1CCN(CC1)c1cc(ncn1)C,0,0.198623,0.102838,0.036464
CN(C)CCCNC(=O)[C@H]1[C@H](CO)[C@H]2CN3C(=O)C(=CC=C3[C@@H]1N2)c1cccc(c1)C(=O)N(C)C,0,0.109006,0.035127,0.009110
C[C@@H]1CN([C@@H](C)CO)C(=O)c2cccc(c2O[C@H]1CN(C)S(=O)(=O)c1c(noc1C)C)NS(=O)(=O)C,0,0.038040,0.024525,0.006428
C[C@@H]1CCCCO[C@@H](CN(C)S(=O)(=O)c2ccc(cc2)C)[C@H](C)CN([C@@H](C)CO)C(=O)c2cc(ccc2O1)NC(=O)Nc1ccc2c(c1)OCO2,0,0.002863,0.024234,0.003718
COc1ccc(cc1)NC(=O)Nc1ccc2c(c1)C(=O)N(C[C@@H](C)[C@H](CN(C)C(=O)Nc1c(noc1C)C)OCCCC[C@@H](C)O2)[C@H](C)CO,0,0.029113,0.025639,0.004905
CN1CCN(CC1)C(=O)C[C@@H]1CC[C@H]2[C@@H](COC[C@@H](O)CN2C(=O)C2CC2)O1,0,0.479424,0.028321,0.039492
CNC(=O)C[C@H]1CC[C@H]2[C@@H](COC[C@H](O)CN2C(=O)Nc2ccc3c(c2)OCO3)O1,0,0.378604,0.045289,0.058822
CN1CCN(CC1)C(=O)C[C@H]1CC[C@@H]2[C@@H](COc3ccc(cc3C(=O)N2C)NC(=O)C2CCOCC2)O1,0,0.025879,0.032145,0.006567
C[C@H]1CN([C@@H](C)CO)C(=O)Cc2cc(ccc2O[C@H]1CN(C)S(=O)(=O)c1ccc(cc1)C)NS(=O)(=O)c1cccs1,0,0.002431,0.024250,0.004053
CC(=O)OCC(=O)C1(OC(C)=O)C(C)CC2C3CC(F)C4=CC(=O)C=CC4(C)C3(F)C(O)CC21C,0,0.038713,0.257956,0.087896
O[C@H]1COC[C@@H]2O[C@H](CC[C@H]2N(C1)C(=O)c1ccncc1)CC(=O)NCc1ccc(cc1)-c1ccccc1,0,0.249798,0.067363,0.053251
COCC(=O)N(C)C[C@@H]1Oc2cc(ccc2S(=O)(=O)N(C[C@H]1C)[C@H](C)CO)C#CCN(C)C,0,0.088434,0.027066,0.008919
COc1ccc(cc1)C#Cc1ccc2c(c1)O[C@H](CN(C)C(=O)c1ccccn1)[C@H](C)CN([C@H](C)CO)S2(=O)=O,0,0.015125,0.024202,0.003925
OP(=O)(O)C(Sc1ccc(cc1)Cl)P(=O)(O)O,0,0.999480,0.510455,0.480720
C[C@H]1CCCCO[C@H](CN(C)Cc2ccc(cc2)C(=O)O)[C@H](C)CN([C@H](C)CO)C(=O)c2cc(ccc2O1)NS(=O)(=O)c1ccc(cc1)C,0,0.014379,0.028304,0.005085
C[C@@H]1CCCCO[C@H](CN(C)C(=O)Cc2ccccc2)[C@@H](C)CN([C@H](C)CO)C(=O)c2cc(ccc2O1)NC(=O)Nc1ccccc1,0,0.005954,0.023146,0.004612
N[C@@H](CC(=O)NO)C(=O)O,0,0.018670,0.054717,0.032446
C[C@H]1CN([C@@H](C)CO)C(=O)c2cc(cnc2O[C@@H]1CN(C)S(=O)(=O)c1cccc(c1)F)C#CC1CC1,0,0.042972,0.029741,0.007330
Cc1cnc(nc1)N1C[C@H]2COC[C@@H]2C1,0,0.157150,0.066920,0.037701
COc1ccc2c3c([nH]c2c1)[C@@H](CO)N(Cc1ccc(cc1)Cl)C[C@]13CCN(CC1)Cc1ccccc1,0,0.848337,0.864564,0.952124
C[C@@H]1CN([C@H](C)CO)C(=O)Cc2cc(ccc2O[C@H]1CN(C)S(=O)(=O)c1ccc(cc1)F)NS(=O)(=O)c1ccc(cc1)C,0,0.003140,0.024442,0.005835
OCCN[C@@H](C#N)c1ccc(cc1)F,0,0.019821,0.117627,0.064896
COc1ccccc1CNC(=O)C[C@H]1C[C@@H]2[C@@H](Oc3ccc(cc32)NC(=O)Nc2ccc(cc2)C(F)(F)F)[C@H](CO)O1,0,0.561269,0.112357,0.106463
C[C@@H]1CN([C@H](C)CO)C(=O)c2cc(cnc2O[C@@H]1CN(C)C(=O)CN(C)C)C#CC1(O)CCCC1,0,0.101287,0.041418,0.018972
OC[C@@H]1CC[C@@H]2O[C@H](CCc3ccc(cc3)C#Cc3ccccc3)[C@H](C[C@@H]2O1)n1cc(nn1)-c1ccccc1,0,0.910309,0.105217,0.085337
COc1ccc(cc1)NC(=O)Nc1ccc2c(c1)C(=O)N(C[C@H](C)[C@@H](CN(C)CC1CCCCC1)OCCCC[C@@H](C)O2)[C@H](C)CO,0,0.071651,0.025272,0.007750
COc1ccccc1N=C(NO)c1nonc1N,0,0.965026,0.193582,0.274262
C[C@H]1CN([C@@H](C)CO)S(=O)(=O)c2ccc(cc2O[C@@H]1CN(C)C(=O)Cc1ccncc1)C#CC1CC1,0,0.031685,0.026608,0.006351
COc1cccc(c1)S(=O)(=O)N(C)C[C@@H]1Oc2ncc(cc2C(=O)N(C[C@H]1C)[C@H](C)CO)C#CC(C)C,0,0.017870,0.024641,0.004977
C[C@@H]1CN([C@@H](C)CO)C(=O)c2cccc(c2O[C@@H]1CN(C)S(=O)(=O)c1ccc(cc1)F)NC(=O)C1CC1,0,0.031958,0.024641,0.006618
C[C@H]1CN([C@@H](C)CO)S(=O)(=O)c2ccc(cc2O[C@H]1CN(C)C(=O)Cc1ccncc1)C#CC1CCCC1,0,0.028310,0.026786,0.005834
C[C@H]1CN([C@@H](C)CO)C(=O)Cc2cc(ccc2O[C@@H]1CN(C)CC1CCCCC1)NC(=O)CCN1CCOCC1,0,0.018448,0.035346,0.010933
COc1ccc(cc1)S(=O)(=O)Nc1ccc2c(c1)C(=O)N(C[C@H](C)[C@@H](CN(C)C(=O)C1CCCCC1)OCCCC[C@H](C)O2)[C@H](C)CO,0,0.001103,0.024768,0.004976
C[C@@H]1CN([C@H](C)CO)C(=O)Cc2cc(ccc2O[C@H]1CN(C)Cc1ccc(cc1)-c1ccccc1)NC(=O)Cn1cnnn1,0,0.070088,0.031608,0.011129
C[C@@H]1CN([C@@H](C)CO)C(=O)c2cccc(c2O[C@@H]1CN(C)Cc1ccncc1)NS(=O)(=O)c1cccs1,0,0.005714,0.025121,0.003657
COC(=O)c1cncn1C,0,0.058013,0.036659,0.020312
C[C@@H]1CN([C@H](C)CO)C(=O)c2cc(ccc2O[C@H]1CN(C)S(=O)(=O)C)NC(=O)Nc1ccc(cc1)F,0,0.114759,0.025415,0.010965
CN1CCN(CC1)C(=O)C[C@@H]1O[C@H](CO)[C@H](NC(=O)c2ccc3c(c2)OCO3)C=C1,0,0.060609,0.039010,0.014402
Cc1cc(O)cc(C)c1Cl,0,0.442625,0.142874,0.093722
C[N+](C)(C)CCCC[C@@H]1NC(=O)[C@@H]2C[C@@H]([C@@H](N2C1=O)c1cccc(c1)OCCO)C(=O)OCCOc1ccc(cc1)[C@@H]1N2[C@H]([C@H](C(=O)OCC=C)[C@@]11C(=O)Nc3ccccc31)C(=O)O[C@H]([C@H]2c1ccccc1)c1ccccc1,0,0.207375,0.074067,0.011390
CCS(=O)(=O)Nc1ccc2c(c1)C(=O)N(C)[C@@H]1CC[C@@H](CC(=O)N[C@@H]3CCN(C3)Cc3ccccc3)O[C@H]1CO2,0,0.002024,0.027686,0.007006
COc1ccc(cc1)CN(C)C[C@@H]1OCCCC[C@@H](C)Oc2ccc(cc2C(=O)N(C[C@H]1C)[C@@H](C)CO)NC(=O)NC(C)C,0,0.026919,0.033147,0.008903
CC(=O)OCCN1C(=O)NC(=O)c2nsnc21,0,0.148438,0.132899,0.092150
CC(C)[Si]1(O[C@@H](c2ccccc2)c2cc(nc(c21)-c1ccc(cc1)Oc1ccccc1)C1CC1)C(C)C,0,0.473060,0.708865,0.557716
C[C@@H]1CN([C@H](C)CO)C(=O)c2cc(ccc2O[C@@H]1CN(C)S(=O)(=O)c1ccc(cc1)C)NC(=O)Cn1cnnn1,0,0.013712,0.024501,0.004066
C[C@H]1CN([C@H](C)CO)C(=O)Cc2cc(ccc2O[C@@H]1CN(C)Cc1ccc(cc1)C(=O)O)NS(=O)(=O)c1ccccc1,0,0.006797,0.028723,0.005896
COc1ccc(cc1)S(=O)(=O)Nc1cccc2c1O[C@@H](CN(C)C(=O)NC(C)C)[C@@H](C)CN([C@H](C)CO)C2=O,0,0.017694,0.026123,0.007867
C[C@@H]1CCCCO[C@@H](CN(C)Cc2ccc(c(c2)Cl)Cl)[C@@H](C)CN([C@H](C)CO)C(=O)c2cc(ccc2O1)NC(=O)c1ccccc1,0,0.017236,0.030626,0.006080
Oc1c(Cl)cc(Cl)c2cccnc12,0,0.798659,0.639242,0.522434
C[C@H]1CCCCO[C@@H](CN(C)C(=O)c2ccccc2)[C@@H](C)CN([C@H](C)CO)C(=O)c2cc(ccc2O1)NC(=O)Nc1ccccc1,0,0.004150,0.023133,0.004289
OC[C@H]1O[C@@H]([C@@H](O)[C@@H]1O)N1C=CC(=O)NC1=S,0,0.146772,0.179414,0.156330
C[C@@H]1CN([C@H](C)CO)C(=O)Cc2cc(ccc2O[C@H]1CN(C)S(=O)(=O)c1ccc(cc1)C)NC(=O)c1ccncc1,0,0.001582,0.024250,0.003604
C[C@@H]1CN([C@@H](C)CO)C(=O)c2cc(ccc2O[C@H]1CN(C)Cc1ccc2c(c1)OCO2)NC(=O)CCCN(C)C,0,0.011984,0.023987,0.006788
COc1ccc(cc1)S(=O)(=O)N(C)C[C@H]1Oc2c(cccc2C(=O)N(C[C@H]1C)[C@H](C)CO)NS(=O)(=O)c1cn(cn1)C,0,0.039834,0.027794,0.006091
C[C@H]1CN([C@H](C)CO)C(=O)c2cc(ccc2O[C@H]1CN(C)S(=O)(=O)c1cccs1)NC(=O)Nc1cccc2ccccc12,0,0.005118,0.025101,0.003837
N[C@@H]1CC[C@@H](CCn2cc(nn2)C2(O)CCCC2)O[C@H]1CO,0,0.438998,0.135901,0.039658
Cc1cc2c(cc1C)NC(=O)[C@H](CC(=O)N)N2,0,0.230359,0.134880,0.081124
C[C@H]1CN([C@@H](C)CO)S(=O)(=O)c2ccc(cc2O[C@@H]1CN(C)C(=O)C1CCCCC1)C#Cc1ccncc1,0,0.039143,0.029740,0.007841
O[C@@H]1COC[C@H]2O[C@H](CC[C@@H]2N(C1)S(=O)(=O)c1cccc(c1)F)CC(=O)NCc1ccc2c(c1)OCO2,0,0.123803,0.030699,0.011902
Cc1ncc(C[n+]2csc(CCO)c2C)c(N)n1.Cl.[Cl-],0,0.055321,0.370583,0.188336
O[C@@H]1COC[C@H]2O[C@@H](CC[C@@H]2N(C1)S(=O)(=O)c1ccccc1)CC(=O)NCCN1CCCCC1,0,0.266019,0.065408,0.018313
NCc1ccc(cc1)S(=O)(=O)N1CCOCC1,0,0.011493,0.039381,0.013242
C[C@H]1CCCCO[C@@H](CN(C)C(=O)CCC(F)(F)F)[C@H](C)CN([C@@H](C)CO)C(=O)c2cc(ccc2O1)NS(=O)(=O)c1ccc(cc1)C,0,0.009185,0.024301,0.005875
C[C@H]1CN([C@@H](C)CO)C(=O)c2cc(ccc2O[C@H]1CN(C)C(=O)Nc1ccc2c(c1)OCO2)NS(=O)(=O)C,0,0.028091,0.039145,0.005168
CCC(=O)NCc1nccc(n1)N(C)C,0,0.017929,0.024155,0.012725
N[C@H]1C[C@@H]1c1ccc(cc1)-c1cccc(c1)O,0,0.298780,0.503500,0.418696
C[C@H]1CN([C@@H](C)CO)C(=O)c2cc(ccc2O[C@@H]1CN(C)C(=O)Nc1ccc(cc1)C(F)(F)F)NC(=O)Cc1ccccc1,0,0.455883,0.127315,0.168690
C[C@H]1CCCCO[C@@H](CN(C)C(=O)Nc2cccc3ccccc23)[C@@H](C)CN([C@H](C)CO)C(=O)c2cc(ccc2O1)NC(=O)Nc1ccc(cc1)C(F)(F)F,0,0.278168,0.032097,0.010409
C[C@@H]1CCCCO[C@H](CN(C)C(=O)CCC(F)(F)F)[C@H](C)CN([C@H](C)CO)C(=O)c2cc(ccc2O1)NC(=O)NC1CCCCC1,0,0.057748,0.122328,0.044795
C[C@@H]1CCCCO[C@H](CN(C)Cc2ccc(cc2)C(F)(F)F)[C@@H](C)CN([C@@H](C)CO)C(=O)c2cc(ccc2O1)NS(=O)(=O)c1cn(cn1)C,0,0.163018,0.036581,0.007601
COc1ccc(cc1)NC(=O)N(C)C[C@H]1Oc2ccc(cc2C(=O)N(C[C@H]1C)[C@H](C)CO)NS(=O)(=O)c1cn(cn1)C,0,0.062542,0.023774,0.003597
C[C@H]1CN([C@H](C)CO)C(=O)Cc2cc(ccc2O[C@@H]1CN(C)S(=O)(=O)c1cccs1)NC(=O)C1CC1,0,0.001184,0.024215,0.004249
Cc1c(cncc1C(=O)O)N,0,0.395866,0.045238,0.029420
CC(C)(C)NCC(O)c1cc(Cl)c(N)c(Cl)c1.Cl,0,0.992101,0.582074,0.434515
CC(C)NC(=O)N(C)C[C@@H]1Oc2ccc(cc2C(=O)N(C[C@@H]1C)[C@H](C)CO)NS(=O)(=O)c1ccccc1,0,0.007072,0.036904,0.005359
COc1ccc(cc1)CN(C)C[C@H]1OCCCC[C@H](C)Oc2ccc(cc2C(=O)N(C[C@H]1C)[C@H](C)CO)NS(=O)(=O)c1ccc(cc1)Cl,0,0.002811,0.024506,0.005776
COCC#Cc1ccc(cc1)[C@@H]1[C@@H](CO)N2[C@@H]1CN(CC2=O)C(=O)c1cccnc1,0,0.145933,0.027359,0.017503
C[C@H]1CCCCO[C@@H](CN(C)C(=O)Nc2ccccc2)[C@@H](C)CN([C@H](C)CO)C(=O)c2cc(ccc2O1)NC(=O)NC1CCCCC1,0,0.011847,0.023361,0.004311
COc1ccc(cc1)S(=O)(=O)N(C)C[C@@H]1Oc2c(cccc2C(=O)N(C[C@H]1C)C(C)C)NC(=O)Nc1cccc2ccccc12,0,0.009988,0.036593,0.011170
CCOCC(=O)Nc1cc(on1)C,0,0.005940,0.022932,0.006793
C[C@H]1CN([C@@H](C)CO)C(=O)Cc2cc(ccc2O[C@@H]1CN(C)C(=O)Nc1ccc(cc1)C(F)(F)F)NS(=O)(=O)c1ccc(cc1)C,0,0.089554,0.053124,0.012192
CC(C)NC(=O)Nc1ccc2c(c1)CC(=O)N(C[C@@H](C)[C@H](CN(C)S(=O)(=O)c1ccc(cc1)C)O2)[C@H](C)CO,0,0.011722,0.028816,0.006357
C1CCC(CC1)CCn1c(nc2ccccc12)-c1ccco1,0,0.484786,0.531578,0.441515
CC(C)NC(=O)Nc1ccc2c(c1)CC(=O)N(C[C@@H](C)[C@@H](CN(C)S(=O)(=O)c1cn(cn1)C)O2)[C@@H](C)CO,0,0.014203,0.024179,0.004349
COc1ccc(cc1)S(=O)(=O)N(C)C[C@H]1Oc2ccc(cc2C(=O)N(C[C@@H]1C)[C@H](C)CO)NC(=O)NC(C)C,0,0.021789,0.024659,0.005268
C[C@@H]1CN([C@H](C)CO)C(=O)c2cc(ccc2O[C@@H]1CN(C)Cc1ccc(cc1)C(F)(F)F)NC(=O)Nc1c(noc1C)C,0,0.258691,0.105276,0.039698
CN(C)CCCNC(=O)C[C@H]1CC[C@H]2[C@H](COc3ccc(cc3C(=O)N2C)NC(=O)c2cccc(c2)F)O1,0,0.072526,0.028281,0.016662
C[C@H]1CCCCO[C@H](CN(C)Cc2ccncc2)[C@@H](C)CN([C@@H](C)CO)C(=O)c2cc(ccc2O1)NS(=O)(=O)c1ccc(cc1)Cl,0,0.002543,0.025636,0.004462
CCN1[C@H]([C@H](CO)[C@H]2CN3C(=O)C(=CC=C3[C@H]21)c1ccc(cc1)C(=O)N(C)C)C(=O)NCCOC,0,0.037292,0.026707,0.008415
CN(C)C(=O)CN1CCN(C)C(=O)[C@@]21CCN(C2)c1ncccn1,0,0.168741,0.035737,0.024458
COc1cc(C=O)cc(OC)c1OC,0,0.959869,0.156335,0.123701
CN1CCN(CC1)C(=O)[C@H]1[C@H]2CC[C@@H](O2)[C@@H]1C(=O)O,0,0.584857,0.153770,0.147096
CCC(=O)N1C[C@]2(CN(C2)C(=O)CN2CCOCC2)c2c([nH]c3cc(ccc23)OC)[C@@H]1CO,0,0.023606,0.151097,0.065446
COc1ccc(cc1OC)C#Cc1cnc2c(c1)C(=O)N(C[C@H](C)[C@H](CN(C)S(=O)(=O)c1ccc(cc1)F)O2)[C@H](C)CO,0,0.066208,0.027145,0.005123
C[C@H]1CN([C@@H](C)CO)C(=O)c2c(c3ccccc3n2C)-c2ccccc2CO[C@@H]1CN(C)Cc1ccc(cc1)F,0,0.095059,0.042965,0.023543
COc1ccc(cc1)NC(=O)N(C)C[C@@H]1Oc2ccc(cc2CC(=O)N(C[C@@H]1C)[C@H](C)CO)NC(=O)Nc1ccc(cc1)C(F)(F)F,0,0.392654,0.028477,0.032155
OCC(O)C(O)C(O)C(O)CO,0,0.000062,0.084493,0.019100
COc1ccc(cc1)[Si](C)(C)[C@@H]1[C@@H](C)[C@@]2(O[C@H]1CCn1cc(nn1)[C@H](O)c1ccccc1)C(=O)N(Cc1cccc(c1)N1CCC1=O)c1ccccc12,0,0.948425,0.145581,0.008503
COc1ccc(cc1)NC(=O)N(C)C[C@@H]1OCCCC[C@@H](C)Oc2ccc(cc2C(=O)N(C[C@@H]1C)[C@H](C)CO)NS(=O)(=O)c1ccc(cc1)Cl,0,0.005477,0.024580,0.004374
CNC(=O)NCc1ccc2c(c1)OCO2,0,0.425958,0.051158,0.034772
C[C@@H]1CN([C@H](C)CO)C(=O)c2cccc(c2O[C@@H]1CN(C)Cc1ccc(cc1)Oc1ccccc1)NC(=O)NC1CCCCC1,0,0.018649,0.027303,0.013703
C[C@@H]1CCCCO[C@@H](CN(C)C(=O)c2ccncc2)[C@@H](C)CN([C@H](C)CO)C(=O)c2cc(ccc2O1)NS(=O)(=O)C,0,0.001703,0.024828,0.003478
C[C@@H]1CCCCO[C@@H](CN(C)C(=O)C2CCCCC2)[C@@H](C)CN([C@H](C)CO)C(=O)c2cc(ccc2O1)NC(=O)NC1CCCCC1,0,0.010626,0.025582,0.007221
CC(C)CC#Cc1cnc2c(c1)C(=O)N(C[C@@H](C)[C@@H](CN(C)S(=O)(=O)c1ccccc1)O2)[C@@H](C)CO,0,0.013901,0.029113,0.004085
C[C@@H]1CN([C@H](C)CO)C(=O)c2cccc(c2O[C@@H]1CN(C)C(=O)Nc1ccc2c(c1)OCO2)NC(=O)c1ccncc1,0,0.010943,0.035451,0.005890
COc1cc(O)c(C(=O)c2ccccc2)cc1S(=O)(=O)O,0,0.651117,0.273778,0.264467
C[C@@H]1CCCCO[C@H](CN(C)CC2CCCCC2)[C@@H](C)CN([C@H](C)CO)C(=O)c2cc(ccc2O1)NS(=O)(=O)c1ccc(cc1)Cl,0,0.017295,0.036867,0.007362
COc1ccc(cc1)S(=O)(=O)N(C)C[C@@H]1Oc2cc(ccc2S(=O)(=O)N(C[C@@H]1C)[C@@H](C)CO)-c1ccccc1OC,0,0.011531,0.027591,0.005105
C[C@H]1CN([C@@H](C)CO)C(=O)c2cc(ccc2O[C@@H]1CN(C)S(=O)(=O)C)NS(=O)(=O)c1ccc(cc1)C,0,0.004454,0.024847,0.007481
COc1ccc(cc1)NC(=O)N(C)C[C@@H]1Oc2ncc(cc2C(=O)N(C[C@H]1C)[C@@H](C)CO)C#CCN(C)C,0,0.105502,0.022582,0.004588
C[C@@H](N)Cc1ccco1,0,0.004576,0.034455,0.036237
C[C@H]1CCCCO[C@@H](CN(C)C(=O)Nc2c(noc2C)C)[C@H](C)CN([C@H](C)CO)C(=O)c2cc(ccc2O1)NC(=O)CCC(F)(F)F,0,0.175063,0.200665,0.065803
C[C@H]1CN([C@H](C)CO)C(=O)c2cccc(c2O[C@@H]1CN(C)Cc1ccccc1)NC(=O)CCCCCC(=O)Nc1ccccc1N,0,0.011646,0.026238,0.007558
C[C@H]1CN([C@@H](C)CO)C(=O)Cc2cc(ccc2O[C@@H]1CN(C)C(=O)Nc1c(noc1C)C)NS(=O)(=O)C,0,0.013800,0.025069,0.006675
CC1(C)O[C@@]2(C)CC[C@@H]1C[C@@H]2O[C@H]1O[C@@H](CO)[C@@H](O)[C@@H](O)[C@@H]1O,0,0.308563,0.403025,0.253971
C[C@@H]1CN([C@@H](C)CO)C(=O)c2cc(ccc2O[C@@H]1CN(C)C(=O)Nc1ccc2c(c1)OCO2)NC(=O)Nc1cccc2ccccc12,0,0.010633,0.023791,0.005506
C1CCC(C1)NCc1ccsc1,0,0.035305,0.041933,0.028433
O[C@H]1CN[C@@H]2CC[C@@H](CC(=O)O)O[C@H]2COC1,0,0.369462,0.049708,0.024542
NCc1nc(cs1)CCc1ccccc1,0,0.160189,0.261892,0.087120
C[C@@H]1CCCCO[C@H](CN(C)Cc2ccc(cc2)C(F)(F)F)[C@@H](C)CN([C@H](C)CO)C(=O)c2cc(ccc2O1)NC(=O)CCCCCC(=O)Nc1ccccc1N,0,0.053157,0.027079,0.004037
C[C@@H]1CCCCO[C@@H](CN(C)C(=O)Nc2ccc(cc2)C(F)(F)F)[C@@H](C)CN([C@H](C)CO)C(=O)c2cc(ccc2O1)NS(=O)(=O)c1cn(cn1)C,0,0.407120,0.876613,0.897185
C[C@H]1CN([C@@H](C)CO)S(=O)(=O)c2ccc(cc2O[C@H]1CN(C)C(=O)Cc1ccccn1)-c1cccc(c1)C(=O)N(C)C,0,0.002308,0.024483,0.004261
C[C@@H]1CCCCO[C@@H](CN(C)C(=O)Nc2ccccc2)[C@H](C)CN([C@@H](C)CO)C(=O)c2cc(ccc2O1)NC(=O)Nc1ccc2c(c1)OCO2,0,0.013513,0.023794,0.003262
COCC(=O)Nc1ccc2c(c1)C(=O)N(C)[C@H]1CC[C@H](CC(=O)N3CCc4ccccc4C3)O[C@H]1CO2,0,0.003716,0.029604,0.011387
Cc1cccc(c1)NC(=O)CN1C(=O)CNC1=O,0,0.005579,0.101879,0.073099
NCC(=O)Nc1ccc(cc1)Br,0,0.870647,0.086932,0.049334
C[C@H]1CN([C@@H](C)CO)S(=O)(=O)c2ccc(cc2O[C@@H]1CN(C)C(=O)CN(C)C)C#Cc1ccccc1,0,0.266399,0.847564,0.917111
CN(C)C(=O)N1CC2(CCN(CC2)S(=O)(=O)N(C)C)[C@]2(CCN(C)C2=O)C1,0,0.014423,0.518493,0.269514
COc1ccc(cc1)NC(=O)N(C)C[C@H]1Oc2c(cccc2C(=O)N(C[C@@H]1C)[C@@H](C)CO)NC(=O)c1cc(nn1C)C,0,0.043351,0.023596,0.006298
CNC(=O)C[C@H]1CC[C@@H]2[C@H](COC[C@@H](O)CN2C(=O)c2ccc3c(c2)OCO3)O1,0,0.137326,0.123586,0.013530
C[C@@H]1CN([C@@H](C)CO)S(=O)(=O)c2ccc(cc2O[C@H]1CN(C)CC1CCOCC1)-c1cccnc1,0,0.047575,0.024277,0.004825
C[C@@H]1CCCCO[C@@H](CN(C)S(=O)(=O)c2ccc(cc2)F)[C@H](C)CN([C@H](C)CO)C(=O)c2cc(ccc2O1)NC(=O)NC1CCCCC1,0,0.011657,0.024314,0.005071
C[C@H]1CCCCO[C@H](CN(C)C(=O)Nc2ccc3c(c2)OCO3)[C@@H](C)CN([C@@H](C)CO)C(=O)c2cc(ccc2O1)NC(=O)Nc1ccccc1,0,0.013855,0.023855,0.003246
C[C@@H]1CCCCO[C@H](CN(C)Cc2ccc3c(c2)OCO3)[C@H](C)CN([C@H](C)CO)C(=O)c2cc(ccc2O1)NC(=O)C1CCCCC1,0,0.009977,0.026519,0.006114
C[C@H]1CN([C@H](C)CO)C(=O)Cc2cc(ccc2O[C@@H]1CN(C)Cc1ccc(cc1)Oc1ccccc1)NC(=O)Nc1ccc2c(c1)OCO2,0,0.004710,0.023650,0.005542
COc1ccccc1-c1cccc(c1)-c1nc(cc2c1[C@H](CCO)N(C2)[S@@](=O)C(C)(C)C)C(=O)N1CCCCC1,0,0.016728,0.075154,0.064172
C[C@H]1CCCCO[C@@H](CN(C)C(=O)c2ccccc2)[C@H](C)CN([C@@H](C)CO)C(=O)c2cc(ccc2O1)NC(=O)Nc1cccc2ccccc12,0,0.002468,0.023242,0.003247
COC(=O)c1cn(nn1)CC(=O)N1CCOCC1,0,0.039206,0.072518,0.045156
CC(C)(C)OC(=O)C[C@@H](CC=C)C(=O)OC[C@@H](Cc1ccccc1)NC(=O)[C@H](CC=C)CC(=O)NCCO,0,0.000667,0.043279,0.022003
CN1[C@H]2CC[C@H](CC(=O)NCC3CCCCC3)O[C@@H]2COc2ccc(cc2C1=O)NC(=O)c1cnccn1,0,0.022613,0.035514,0.017042
C[C@@H]1CN([C@@H](C)CO)C(=O)c2cc(ccc2O[C@H]1CN(C)C(=O)NC1CCCCC1)NC(=O)C1CC1,0,0.015176,0.025646,0.009948
OC[C@H]1O[C@@H](CC[C@H]1NC(=O)CN1CCOCC1)CC(=O)NC1CCC1,0,0.008995,0.028752,0.016863
COc1ccc(cc1)CNC(=O)C[C@H]1CC[C@H]2[C@@H](COc3ccc(cc3C(=O)N2C)NC(=O)C2CC2)O1,0,0.010891,0.024416,0.009678
COc1ccc(cc1)S(=O)(=O)Nc1ccc2c(c1)C(=O)N(C[C@H](C)[C@H](CN(C)C(=O)Nc1c(noc1C)C)O2)[C@@H](C)CO,0,0.012823,0.024599,0.006334
COCCNC(=O)C[C@@H]1C[C@H]2[C@H](Oc3ccc(cc32)NC(=O)CN(C)C)[C@@H](CO)O1,0,0.148188,0.023338,0.012644
C[C@H]1CN([C@@H](C)CO)C(=O)Cc2cc(ccc2O[C@@H]1CN(C)S(=O)(=O)c1ccc(cc1)F)NC(=O)CCN1CCOCC1,0,0.002447,0.026811,0.005984
C[C@@H]1CN([C@@H](C)CO)C(=O)Cc2cc(ccc2O[C@H]1CN(C)C(=O)Nc1cccc2ccccc12)NC(=O)Cn1cnnn1,0,0.018740,0.023526,0.006225
CCO/C(=C\1/C(=O)CN(C)C1=O)O,0,0.100077,0.040134,0.020006
COCCOC(=O)N1C(=O)[C@@]2([C@H]([C@H]3N([C@@H]([C@@H](OC3=O)c3ccccc3)c3ccccc3)[C@H]2c2ccc(cc2)O)C(=O)NCC=C)c2cc(ccc21)C#CC1(O)CCCCCC1,0,0.207575,0.097704,0.110648
COc1ccc(cc1)S(=O)(=O)N(C)C[C@H]1OCCCC[C@H](C)Oc2ccc(cc2C(=O)N(C[C@H]1C)[C@@H](C)CO)NS(=O)(=O)C,0,0.004211,0.024351,0.005513
C[C@H]1CN([C@H](C)CO)C(=O)Cc2cc(ccc2O[C@@H]1CN(C)Cc1ccccc1)NC(=O)CCCN(C)C,0,0.024660,0.038311,0.011722
COc1cccc(c1)S(=O)(=O)N1C[C@H](O)COC[C@H]2O[C@H](CC[C@@H]21)CC(=O)NCCCN1CCOCC1,0,0.117662,0.048474,0.012338
COCCNC(=O)C[C@@H]1C[C@@H]2[C@@H](Oc3ccc(cc32)NC(=O)CN(C)C)[C@@H](CO)O1,0,0.148188,0.023338,0.012644
ONC(=O)CCCCCNC(=O)OCCCCO[C@@H]1C[C@@H](C=C(O1)C(=O)N1CCOCC1)C1CCCCC1,0,0.000021,0.110990,0.073374
C[C@@H]1CN([C@H](C)CO)C(=O)c2cc(ccc2O[C@@H]1CN(C)S(=O)(=O)c1cn(cn1)C)NC(=O)Nc1ccc2c(c1)OCO2,0,0.009934,0.024242,0.004425
C[C@H]1CN([C@H](C)CO)C(=O)c2cc(ccc2O[C@@H]1CN(C)Cc1ccc(cc1)Oc1ccccc1)NC(=O)Cc1ccccc1,0,0.003446,0.026206,0.011287
COCC(=O)N1C[C@@H]2OCCN([C@H]2C1)c1ccc(nn1)C,0,0.018348,0.039391,0.032952
C[C@@H]1CN([C@@H](C)CO)C(=O)c2cc(ccc2O[C@@H]1CN(C)Cc1ccc(cc1)C(=O)Nc1ccccc1N)NC(=O)Nc1cccc2ccccc12,0,0.003744,0.026207,0.004835
NC(=O)c1cn(c2ncnc(c12)N)[C@@H]1O[C@H](CO)[C@@H](O)[C@H]1O,0,0.035812,0.151346,0.095157
COc1ccc(cc1)NC(=O)Nc1cccc2c1O[C@@H](CN(C)C(=O)Nc1ccc(cc1)C(F)(F)F)[C@@H](C)CN([C@@H](C)CO)C2=O,0,0.826770,0.605056,0.540351
C[C@H]1CN([C@@H](C)CO)C(=O)c2cc(ccc2O[C@H]1CN(C)S(=O)(=O)c1cccs1)NC(=O)CCN1CCOCC1,0,0.000754,0.024264,0.003879
NCc1ccc(cc1)-c1ncccn1,0,0.351478,0.468952,0.204862
OCc1ccccc1-c1ccccc1,0,0.516541,0.160820,0.095724
COCC#Cc1ccc2c(c1)O[C@H](CN(C)S(=O)(=O)c1ccc(cc1)C)[C@H](C)CN([C@@H](C)CO)S2(=O)=O,0,0.048179,0.026098,0.005963
C[C@@H]1CCCCO[C@@H](CN(C)C(=O)Nc2cccc3ccccc23)[C@@H](C)CN([C@H](C)CO)C(=O)c2cc(ccc2O1)NC(=O)CCC(F)(F)F,0,0.089282,0.020403,0.008467
O=C1C=NNC(=N1)Nc1ccccc1,0,0.633067,0.305511,0.184934
COc1ccc(cc1)S(=O)(=O)N1C[C@@H](O)COC[C@@H]2O[C@H](CC[C@H]21)CC(=O)NCCCN1CCOCC1,0,0.158066,0.048474,0.013057
C[C@@H]1CCCCO[C@@H](CN(C)Cc2ccc(cc2)C(F)(F)F)[C@H](C)CN([C@H](C)CO)C(=O)c2cc(ccc2O1)NS(=O)(=O)C,0,0.123717,0.024934,0.007708
O[C@H]1COC[C@@H]2O[C@H](CC[C@H]2N(C1)C(=O)Nc1ccc(cc1)Cl)CC(=O)NCCc1ccncc1,0,0.691299,0.713674,0.575587
C[C@H]1CN([C@@H](C)CO)C(=O)c2cccc(c2O[C@H]1CN(C)Cc1ccc(cc1)Oc1ccccc1)NC(=O)Nc1cccc2ccccc12,0,0.006016,0.032059,0.012894
ONC(=O)CCCCCNC(=O)OCc1ccc(cc1)CO[C@@H]1C[C@@H](C=C(O1)C(=O)N1CCN(CC1)Cc1ccccc1)c1ccc(cc1)C(F)(F)F,0,0.000032,0.116052,0.059107
C[C@@H]1CN([C@H](C)CO)C(=O)c2cc(ccc2O[C@@H]1CN(C)S(=O)(=O)c1ccc(cc1)Cl)NC(=O)Cn1cnnn1,0,0.045807,0.024648,0.005736
CCNC(=O)NS(=O)(=O)c1sc(cc1-c1ccc(cc1)Cn1c(c(nc1-c1ccccc1)OC)C=O)CC(C)C,0,0.858542,0.200790,0.061101
C[C@@H](NC(=O)C[C@@H]1O[C@@H](CO)[C@@H](NC(=O)CN2CCOCC2)C=C1)c1ccccc1,0,0.035975,0.026290,0.019658
COCC(=O)N1C[C@]2(C1)CN([C@@H](CO)c1[nH]c3cc(ccc3c12)OC)S(=O)(=O)C,0,0.027799,0.031690,0.018008
CN1CCN(CC1)[C@@H](CNC(=O)C(=O)NCc1ccco1)c1ccc2c(c1)OCO2,0,0.386604,0.138254,0.144824
C[C@H]1CCCCO[C@@H](CN(C)S(=O)(=O)c2cn(cn2)C)[C@H](C)CN([C@@H](C)CO)C(=O)c2cc(ccc2O1)N(C)C,0,0.007827,0.024563,0.005035
COc1ccccc1S(=O)(=O)N1C[C@H](O)COC[C@H]2O[C@@H](CC[C@@H]21)CC(=O)O,0,0.349943,0.055071,0.022282
C[C@@H]1CCCCO[C@H](CN(C)S(=O)(=O)c2cccs2)[C@H](C)CN([C@H](C)CO)C(=O)c2cc(ccc2O1)NC(=O)CCC(F)(F)F,0,0.013223,0.024624,0.008182
C[C@@H]1CCCCO[C@H](CN(C)C(=O)NC2CCCCC2)[C@H](C)CN([C@H](C)CO)C(=O)c2cc(ccc2O1)NC(=O)Nc1ccc(cc1)F,0,0.066482,0.025259,0.006575
C[C@H]1CCCCO[C@H](CN(C)S(=O)(=O)C)[C@@H](C)CN([C@@H](C)CO)C(=O)c2cc(ccc2O1)NS(=O)(=O)c1ccccc1,0,0.000784,0.024286,0.004584
C[C@H]1CCCCO[C@H](CN(C)C(=O)Nc2ccccc2)[C@@H](C)CN([C@@H](C)CO)C(=O)c2cc(ccc2O1)NC(=O)Nc1ccc(cc1)F,0,0.061558,0.022439,0.006029
CCC(=O)N1C[C@]2(C1)CN([C@@H](CO)c1[nH]c3cc(ccc3c12)OC)C(=O)CN1CCOCC1,0,0.022830,0.150090,0.062502
COc1ccc(cc1)S(=O)(=O)Nc1ccc2c(c1)C(=O)N(C[C@H](C)[C@H](CN(C)C(=O)Nc1ccc(cc1)C(F)(F)F)OCCCC[C@@H](C)O2)[C@@H](C)CO,0,0.080858,0.141040,0.012337
C[C@@H]1CN([C@H](C)CO)C(=O)c2cccc(c2O[C@H]1CN(C)C(=O)Nc1ccccc1)NC(=O)C1CCOCC1,0,0.056399,0.027000,0.007697
CC(OC1OCCN(C(C)c2nc(=O)[nH][nH]2)C1c1ccc(F)cc1)c1cc(C(F)(F)F)cc(C(F)(F)F)c1,0,0.999466,0.702392,0.723588
CCOC(=O)c1ncn2c1C(=O)OC2(C)C,0,0.405693,0.073053,0.167322
CN(CCOc1ccc(CC2SC(=O)NC2=O)cc1)c1ccccn1.O=C(O)C=CC(=O)O,0,0.006654,0.386619,0.267228
C[C@H]1CCCCO[C@@H](CN(C)Cc2ccc(cc2)C(F)(F)F)[C@H](C)CN([C@@H](C)CO)C(=O)c2cc(ccc2O1)NS(=O)(=O)c1c(noc1C)C,0,0.033804,0.024757,0.009315
C[C@@H]1CCCCO[C@@H](CN(C)S(=O)(=O)c2c(noc2C)C)[C@@H](C)CN([C@H](C)CO)C(=O)c2cc(ccc2O1)NS(=O)(=O)C,0,0.004876,0.024390,0.005819
CC(Cn1cnc2c(N)ncnc21)OCP(=O)(O)O,0,0.946825,0.147623,0.166576
COc1ccc(cc1)NC(=O)Nc1ccc2c(c1)C(=O)N(C[C@@H](C)[C@@H](CN(C)C(=O)Nc1ccc3c(c1)OCO3)OCCCC[C@@H](C)O2)[C@H](C)CO,0,0.011346,0.024468,0.003376
C[C@H]1CN([C@@H](C)CO)C(=O)Cc2cc(ccc2O[C@H]1CN(C)Cc1ccc(cc1)C(F)(F)F)NS(=O)(=O)C,0,0.096560,0.030903,0.011534
C[C@H]1CN([C@@H](C)CO)C(=O)c2cc(ccc2O[C@@H]1CN(C)CC1CC1)NS(=O)(=O)c1ccc(cc1)F,0,0.015236,0.032803,0.008189
C[C@@H]1CN([C@@H](C)CO)C(=O)c2cc(cnc2O[C@H]1CN(C)S(=O)(=O)c1cccc(c1)F)C#CC1CCCC1,0,0.039529,0.026636,0.006003
Cc1nnsc1-c1onc(c1C(=O)N)C,0,0.511813,0.070116,0.039625
CNC(=O)c1ccc(cc1)Nc1ncc(c(n1)NCc1nccnc1N(C)S(=O)(=O)C)C(F)(F)F,0,0.727201,0.205519,0.141558
CN1CCN(CC1)C(=O)C[C@H]1C[C@H]2[C@H](Oc3ccc(cc32)NS(=O)(=O)c2ccc(cc2)F)[C@@H](CO)O1,0,0.011442,0.035590,0.010138
COc1ccc2ccccc2c1-c1c(ccc2ccccc12)OC,0,0.805714,0.430307,0.314539
C[C@H]1CN([C@H](C)CO)C(=O)c2ccccc2-c2ccccc2CO[C@H]1CN(C)Cc1cccc2c1OCCCO2,0,0.020532,0.033918,0.011128
C[C@H]1CN([C@@H](C)CO)C(=O)c2cccc(c2O[C@H]1CN(C)C(=O)Nc1cccc2ccccc12)NC(=O)Nc1cccc2ccccc12,0,0.027168,0.034605,0.011903
COc1ccccc1CNC(=O)C[C@@H]1C[C@@H]2[C@@H](Oc3ccc(cc32)NC(=O)NC2CCCC2)[C@H](CO)O1,0,0.074243,0.036113,0.031774
COc1ccc2c3c([nH]c2c1)[C@H](CO)N(C[C@]13CN(CC2CCOCC2)C1)C(=O)Nc1c(noc1C)C,0,0.529401,0.164175,0.117053
COc1ccc(cc1)CN(C)C[C@@H]1Oc2ccc(cc2CC(=O)N(C[C@H]1C)[C@@H](C)CO)NS(=O)(=O)C,0,0.004771,0.027154,0.007219
C[C@H]1CCCCO[C@@H](CN(C)S(=O)(=O)C)[C@H](C)CN([C@H](C)CO)C(=O)c2cc(ccc2O1)NC(=O)Nc1cccc2ccccc12,0,0.005468,0.024519,0.004285
C[C@H]1CCCCO[C@H](CN(C)C(=O)Nc2ccc(cc2)F)[C@@H](C)CN([C@@H](C)CO)C(=O)c2cc(ccc2O1)NC(=O)Nc1ccc2c(c1)OCO2,0,0.053220,0.024494,0.004956
CC(C)C#Cc1cnc2c(c1)C(=O)N(C[C@@H](C)[C@@H](CN(C)S(=O)(=O)c1cn(cn1)C)O2)[C@@H](C)CO,0,0.036039,0.024705,0.005287
C[C@H]1CN([C@@H](C)CO)C(=O)c2cccc(c2O[C@@H]1CN(C)S(=O)(=O)c1ccc(cc1)F)NC(=O)Nc1ccc(cc1)C(F)(F)F,0,0.701991,0.175167,0.029299
C[C@@H]1CN([C@H](C)CO)C(=O)CCCn2cc(nn2)CO[C@H]1CN(C)S(=O)(=O)c1ccc(cc1)-c1ccccc1,0,0.018038,0.025753,0.004586
COc1ccc(cc1)S(=O)(=O)Nc1ccc2c(c1)C(=O)N(C[C@@H](C)[C@@H](CN(C)S(=O)(=O)c1cn(cn1)C)OCCCC[C@H](C)O2)[C@@H](C)CO,0,0.001300,0.024823,0.005338
CO[C@H]1CN(C)C(=O)c2cc(ccc2OC[C@@H](C)N(C[C@@H]1C)C(=O)CN(C)C)NS(=O)(=O)C,0,0.040713,0.163803,0.007626
C[C@@H]1CN([C@@H](C)CO)C(=O)Cc2cc(ccc2O[C@@H]1CN(C)S(=O)(=O)c1cn(cn1)C)NS(=O)(=O)c1cccs1,0,0.002850,0.024469,0.004113
COc1ccc(cc1)S(=O)(=O)N(C)C[C@H]1Oc2ccc(cc2CC(=O)N(C[C@H]1C)[C@H](C)CO)NC(=O)CCC(F)(F)F,0,0.052477,0.039133,0.010925
C[C@@H]1CN([C@@H](C)CO)C(=O)Cc2cc(ccc2O[C@@H]1CN(C)C(=O)Nc1ccc(cc1)C(F)(F)F)NC(=O)Cn1cnnn1,0,0.549391,0.232073,0.214062
C[C@H]1CCCCO[C@H](CN(C)S(=O)(=O)c2ccc(cc2)Cl)[C@@H](C)CN([C@H](C)CO)C(=O)c2cc(ccc2O1)NC(=O)CCC(F)(F)F,0,0.086163,0.025596,0.006850
C[C@@H]1CCCCO[C@H](CN(C)Cc2ccc(cc2)C(=O)O)[C@H](C)CN([C@@H](C)CO)C(=O)c2cc(ccc2O1)NC(=O)Nc1cccc2ccccc12,0,0.037284,0.029233,0.004723
OC[C@@H]1O[C@@H](CC(=O)NCCCN2CCOCC2)C=C[C@H]1NC(=O)Nc1cc(ccc1F)F,0,0.564957,0.430831,0.234506
CC1(CO)COC1,0,0.022358,0.036467,0.020448
C[C@H]1CN([C@@H](C)CO)C(=O)Cc2cc(ccc2O[C@@H]1CN(C)C(=O)Nc1ccc(cc1)F)NC(=O)C1CC1,0,0.109101,0.037176,0.015392
C[C@@H]1CN([C@H](C)CO)C(=O)c2cccc(c2O[C@H]1CN(C)S(=O)(=O)c1cn(cn1)C)NC(=O)c1ccncc1,0,0.009181,0.024204,0.004044
C[C@H](O)C#Cc1ccc2c(c1)O[C@@H](CN(C)C(=O)c1ccncc1)[C@H](C)CN([C@@H](C)CO)S2(=O)=O,0,0.015581,0.025204,0.004575
CCNC(=O)C[C@@H]1CC[C@@H]2[C@H](COc3ccc(cc3C(=O)N2C)NS(=O)(=O)c2ccccc2C)O1,0,0.001621,0.026288,0.005996
C1CN[C@@H](C1)c1cccc2ccccc12,0,0.492587,0.457596,0.334899
COc1ccc(cc1)S(=O)(=O)N(C)C[C@@H]1Oc2c(cccc2C(=O)N(C[C@H]1C)[C@@H](C)CO)NC(=O)Nc1cccc2ccccc12,0,0.020265,0.024732,0.004558
CC(C)CC#Cc1ccc2c(c1)O[C@H](CN(C)C(=O)c1ccccn1)[C@@H](C)CN([C@H](C)CO)S2(=O)=O,0,0.014863,0.027778,0.004883
CO[C@H]1CN(C)C(=O)c2cc(ccc2OC[C@H](C)N(CCC(F)(F)F)C[C@H]1C)NC(=O)Nc1ccccc1F,0,0.826775,0.090051,0.117864
C[C@@H]1CN([C@H](C)CO)C(=O)c2cc(cnc2O[C@H]1CN(C)C(=O)C1CCOCC1)C#Cc1cccc(c1)F,0,0.097711,0.022753,0.008051
O=C1NC=C(NCc2ccccc2)C(=O)N1,0,0.752883,0.435557,0.337595
COc1ccc(cc1)S(=O)(=O)Nc1ccc2c(c1)C(=O)N(C[C@H](C)[C@@H](CN(C)C(=O)Nc1ccc(cc1)F)OCCCC[C@H](C)O2)[C@@H](C)CO,0,0.007551,0.024506,0.004638
Nc1ccc(S(N)(=O)=O)cc1,0,0.000003,0.087926,0.022502
C[C@H]1CCCCO[C@@H](CN(C)Cc2ccc(cc2)C(=O)O)[C@H](C)CN([C@@H](C)CO)C(=O)c2cc(ccc2O1)NC(=O)Nc1ccc(cc1)C(F)(F)F,0,0.741692,0.028457,0.005796
C[C@@H]1CCCCO[C@@H](CN(C)Cc2ccc(cc2)C(=O)Nc2ccccc2N)[C@@H](C)CN([C@H](C)CO)C(=O)c2cc(ccc2O1)NC(=O)Nc1c(noc1C)C,0,0.008780,0.028314,0.005902
CCOC(=O)C1=CN2C=NNC2=NC1=O,0,0.059048,0.139379,0.161768
COc1ccc(cc1)NC(=O)Nc1ccc2c(c1)C(=O)N(C[C@H](C)[C@@H](CN(C)Cc1ccc3c(c1)OCO3)OCCCC[C@H](C)O2)[C@@H](C)CO,0,0.010924,0.023107,0.004021
C[C@H]1CN([C@H](C)CO)C(=O)Cc2cc(ccc2O[C@H]1CN(C)Cc1ccc(cc1)-c1ccccc1)NC(=O)CCC(F)(F)F,0,0.178087,0.054493,0.043224
C[C@@H]1CN([C@@H](C)CO)S(=O)(=O)c2ccc(cc2O[C@@H]1CN(C)C(=O)c1cccc(c1)F)-c1cccnc1,0,0.021081,0.028798,0.004563
COCC(=O)N(C)C[C@@H]1Oc2cc(ccc2S(=O)(=O)N(C[C@H]1C)[C@@H](C)CO)C#Cc1ccccc1,0,0.065267,0.031426,0.010814
C[C@@H]1CCCCO[C@H](CN(C)C(=O)Nc2ccc(cc2)C(F)(F)F)[C@H](C)CN([C@@H](C)CO)C(=O)c2cc(ccc2O1)NC(=O)Nc1ccc(cc1)F,0,0.739439,0.051998,0.022283
CSc1nc(cc(n1)OCCO)C,0,0.140167,0.050667,0.038564
C[C@H]1CN([C@H](C)CO)C(=O)c2cccc(c2O[C@@H]1CN(C)Cc1ccccc1)NC(=O)c1cc(nn1C)C,0,0.019674,0.023627,0.009207
C[C@H]1CCCCO[C@@H](CN(C)C(=O)Nc2ccc(cc2)F)[C@@H](C)CN([C@H](C)CO)C(=O)c2cc(ccc2O1)NC(=O)C1CC1,0,0.087470,0.027947,0.008660
C[C@H]1CCCCO[C@@H](CN(C)Cc2ccncc2)[C@H](C)CN([C@H](C)CO)C(=O)c2cc(ccc2O1)NC(=O)CCC(F)(F)F,0,0.038946,0.101097,0.038762
C[C@@H]1CN([C@@H](C)CO)C(=O)c2cc(ccc2O[C@@H]1CN(C)C(=O)Nc1ccc(cc1)C(F)(F)F)NC(=O)Nc1ccccc1,0,0.749649,0.161879,0.207646
C[C@H]1CN([C@H](C)CO)C(=O)c2cc(ccc2O[C@H]1CN(C)Cc1ccc(cc1)-c1ccccc1)NC(=O)Nc1ccc(cc1)F,0,0.237203,0.075154,0.032774
C[C@H]1CN([C@@H](C)CO)C(=O)c2cc(ccc2O[C@@H]1CN(C)C(=O)NC1CCCCC1)NS(=O)(=O)c1cn(cn1)C,0,0.049607,0.023822,0.004540
CN(C)C1=NNC(=O)NC1=O,0,0.263482,0.076282,0.032885
C[C@@H]1CCCCO[C@H](CN(C)C(=O)c2ccccc2)[C@H](C)CN([C@@H](C)CO)C(=O)c2cc(ccc2O1)NC(=O)c1ccccc1,0,0.000442,0.023125,0.004161
Cc1nc(sc1C)C1C(=O)CN([C@H]2CS(=O)(=O)C[C@@H]2O)C1=N,0,0.881535,0.484875,0.268805
C[C@@H]1CN([C@@H](C)CO)S(=O)(=O)c2ccc(cc2O[C@@H]1CN(C)S(=O)(=O)C)-c1ccccc1F,0,0.030924,0.027396,0.007598
NS(=O)(=O)c1ccc(cc1)NC(=O)CN1CCN(CC1)C(=O)c1ccccc1,0,0.000000,0.040680,0.024276
Oc1cc(cc(c1O)O)C(=O)OC[C@H]1O[C@@H](OC(=O)c2cc(c(c(c2)O)O)O)[C@H](OC(=O)c2cc(c(c(c2)O)O)O)[C@@H](OC(=O)c2cc(c(c(c2)O)O)O)[C@@H]1OC(=O)c1cc(c(c(c1)O)O)O,0,0.151990,0.181135,0.051995
COc1ccc(cc1)NC(=O)N(C)C[C@H]1Oc2cc(ccc2S(=O)(=O)N(C[C@@H]1C)[C@H](C)CO)C#CCN(C)C,0,0.127096,0.033755,0.006394
CC[C@H]1OC(=O)C[C@@H](O)[C@H](C)[C@@H](O[C@@H]2O[C@H](C)[C@@H](O)[C@@H]([C@H]2O)N(C)C)[C@@H](CCN2C[C@H](C)C[C@H](C)C2)C[C@@H](C)C(=O)/C=C/C(=C/[C@@H]1CO[C@@H]1O[C@H](C)[C@@H](O)[C@@H](OC)[C@H]1OC)C,1,0.970420,0.936112,0.980058
C[C@H]1CN([C@@H](C)CO)C(=O)Cc2cc(ccc2O[C@H]1CN(C)S(=O)(=O)c1ccc(cc1)F)NC(=O)CCCN(C)C,0,0.010363,0.027882,0.007092
C[C@H](O)C#Cc1ccc2c(c1)O[C@@H](CN(C)C(=O)c1ccncc1)[C@H](C)CN([C@H](C)CO)S2(=O)=O,0,0.015581,0.025204,0.004575
Cn1cnc([N+](=O)[O-])c1Sc1[nH]cnc2ncnc1-2,0,1.000000,0.592081,0.339958
C[C@H]1CN([C@H](C)CO)C(=O)c2cccc(c2O[C@H]1CN(C)S(=O)(=O)c1cn(cn1)C)NS(=O)(=O)c1ccccc1,0,0.005703,0.026762,0.006088
Cn1cnc(c1)S(=O)(=O)N1C[C@H](O)COC[C@H]2O[C@@H](CC[C@@H]21)CC(=O)NC1CCCC1,0,0.124536,0.053167,0.012562
C[C@H]1CCCCO[C@H](CN(C)C(=O)Nc2cccc3ccccc23)[C@H](C)CN([C@H](C)CO)C(=O)c2cc(ccc2O1)NC(=O)C1CCCCC1,0,0.008460,0.024299,0.005258
CC(C)CCCC(C)C1CCC2C3CC=C4CC(O)CCC4(C)C3CCC12C,0,0.746316,0.190293,0.064774
Clc1cccc(c1)Cc1cn2cc(nc2s1)-c1ccccc1,0,0.518962,0.469962,0.257266
OC[C@H]1O[C@@H](C[C@@H]2[C@H]1Oc1ccc(cc12)NC(=O)Cc1ccncc1)CC(=O)NCc1ccc2c(c1)OCO2,0,0.004526,0.027223,0.015827
CCNC(=O)C[C@@H]1CC[C@@H]2[C@H](COC[C@H](O)CN2C(=O)Nc2c(noc2C)C)O1,0,0.467107,0.234939,0.052066
COc1ccc(cc1)NC(=O)Nc1ccc2c(c1)C(=O)N(C[C@@H](C)[C@@H](CN(C)C(=O)Nc1cccc3ccccc13)O2)[C@@H](C)CO,0,0.016651,0.023855,0.007438
CN1CCN(CC1)C(=O)C[C@H]1CC[C@@H]2[C@H](COC[C@@H](O)CN2S(=O)(=O)c2cccc(c2)Cl)O1,0,0.388526,0.055023,0.023629
CNCC(O)c1ccc(O)c(O)c1.O=C(O)C(O)C(O)C(=O)O,0,0.330401,0.077704,0.054525
Cc1ccccc1S(=O)(=O)N1C[C@H](O)COC[C@@H]2O[C@H](CC[C@H]21)CC(=O)NCc1ccccc1Cl,0,0.211506,0.056587,0.025937
OC[C@@H]1O[C@H](C[C@@H]2[C@H]1Oc1ccc(cc12)NC(=O)C1CCOCC1)CC(=O)NCCN1CCCCC1,0,0.213172,0.040103,0.020529
CCC(=O)N[C@@H]1CC[C@H](CC(=O)OC)O[C@@H]1CO,0,0.004143,0.029299,0.010356
C[C@@H]1CN([C@@H](C)CO)C(=O)c2cccc(c2O[C@@H]1CN(C)S(=O)(=O)c1cn(cn1)C)NS(=O)(=O)C,0,0.036229,0.024054,0.006431
C[C@@H]1CN([C@H](C)CO)C(=O)Cc2cc(ccc2O[C@H]1CN(C)Cc1ccc(cc1)Oc1ccccc1)NS(=O)(=O)c1ccc(cc1)C,0,0.000247,0.024938,0.004278
Cc1ccc2nc(sc2c1)/N=C/c1ccc(cc1Cl)Cl,0,0.825937,0.505324,0.406543
C[C@H]1CN([C@@H](C)CO)C(=O)Cc2cc(ccc2O[C@@H]1CN(C)CC1CCCCC1)NC(=O)Cn1cnnn1,0,0.071312,0.036241,0.019689
C[C@H]1CN([C@@H](C)CO)C(=O)c2cc(ccc2O[C@H]1CN(C)S(=O)(=O)C)NS(=O)(=O)c1ccc(cc1)Cl,0,0.012072,0.025102,0.007311
C[C@H]1CCCCO[C@H](CN(C)C(=O)Cc2ccccc2)[C@H](C)CN([C@H](C)CO)C(=O)c2cc(ccc2O1)NC(=O)Nc1ccc2c(c1)OCO2,0,0.004538,0.022909,0.003931
C[C@@H]1CCCCO[C@@H](CN(C)C(=O)C2CCCCC2)[C@H](C)CN([C@@H](C)CO)C(=O)c2cc(ccc2O1)NC(=O)Nc1ccc2c(c1)OCO2,0,0.010486,0.022887,0.004337
C[C@@H]1CCCCO[C@H](CN(C)C(=O)NC2CCCCC2)[C@@H](C)CN([C@@H](C)CO)C(=O)c2cc(ccc2O1)NS(=O)(=O)c1cccs1,0,0.004678,0.024232,0.003846
CN1[C@H]2CC[C@@H](CC(=O)NCCCN3CCOCC3)O[C@@H]2COc2ccc(cc2C1=O)NC(=O)Cc1cccs1,0,0.025013,0.023953,0.010422
CN1CCN(CC1)C(=O)[C@@H]1[C@@H](CO)[C@@H]2CN3C(=O)C(=CC=C3[C@H]1N2S(=O)(=O)C)C1=CCCCC1,0,0.007051,0.030391,0.016883
C[C@@H]1CCCCO[C@@H](CN(C)S(=O)(=O)c2ccc(cc2)Cl)[C@H](C)CN([C@H](C)CO)C(=O)c2cc(ccc2O1)NC(=O)c1ccccc1,0,0.002467,0.025045,0.003936
OC[C@H]1[C@@H]2CN3C(=O)C=CC=C3[C@@H]2N([C@@H]1C(=O)Nc1nccs1)C(=O)C1CC1,0,0.002227,0.340397,0.085747
CO[C@H]1CN(C)C(=O)c2cc(ccc2OC[C@@H](C)N(C[C@@H]1C)S(=O)(=O)c1cn(cn1)C)NC(=O)C,0,0.007387,0.023923,0.005136
C[C@@H]1CN([C@H](C)CO)C(=O)Cc2cc(ccc2O[C@@H]1CN(C)CC1CC1)NC(=O)CCN1CCOCC1,0,0.018122,0.029356,0.007742
C[C@H]1CCCCO[C@@H](CN(C)S(=O)(=O)c2ccccc2)[C@H](C)CN([C@@H](C)CO)C(=O)c2cc(ccc2O1)NC(=O)Nc1c(noc1C)C,0,0.004632,0.024526,0.003885
C[C@H]1C=C(CCCO)C/C(=N/P(=O)(Oc2ccccc2)Oc2ccccc2)N1Cc1cccc(c1)OC(F)(F)F,0,0.891385,0.851992,0.910114
Cc1ccc(cc1)S(=O)(=O)N1C[C@H](O)COC[C@@H]2O[C@H](CC[C@H]21)CC(=O)NCCN1CCCCC1,0,0.353064,0.043139,0.014201
C[C@H]1CN([C@@H](C)CO)C(=O)Cc2cc(ccc2O[C@@H]1CN(C)Cc1ccc(cc1)-c1ccccc1)NS(=O)(=O)c1c(noc1C)C,0,0.004473,0.025590,0.004869
CNC(=C[N+](=O)[O-])NCCSCc1csc(CN(C)C)n1,0,0.950014,0.193718,0.187688
CC(C)(O)C#Cc1ccc(cc1)[C@@H]1[C@H](CO)N2CCCCN(C[C@H]12)S(=O)(=O)C,0,0.234782,0.063610,0.020520
COc1ccc(cc1)NC(=O)Nc1ccc2c(c1)C(=O)N(C[C@@H](C)[C@H](CN(C)Cc1ccncc1)OCCCC[C@@H](C)O2)[C@H](C)CO,0,0.010533,0.023933,0.004164
CC(C)NC(=O)N(C)C[C@H]1OCCCC[C@H](C)Oc2ccc(cc2C(=O)N(C[C@@H]1C)[C@@H](C)CO)NS(=O)(=O)C,0,0.010931,0.025720,0.004368
CC(C)NC(=O)Nc1ccc2c(c1)C(=O)N(C[C@H](C)[C@H](CN(C)C(=O)C1CCCCC1)OCCCC[C@H](C)O2)[C@H](C)CO,0,0.010138,0.028370,0.009463
OC[C@H]1[C@@H]2CN3C(=O)C(=CC=C3[C@@H]2N[C@@H]1C(=O)N1CCOCC1)c1ccc(cc1)F,0,0.055624,0.038194,0.035490
C[C@@H]1CN([C@H](C)CO)C(=O)c2cc(ccc2O[C@H]1CN(C)Cc1ccc(cc1)C(F)(F)F)NC(=O)Nc1c(noc1C)C,0,0.258691,0.105276,0.039698
C[C@H]1CCCCO[C@@H](CN(C)C(=O)C2CCCCC2)[C@H](C)CN([C@@H](C)CO)C(=O)c2cc(ccc2O1)NS(=O)(=O)c1ccc(cc1)F,0,0.001975,0.024326,0.006425
COc1ccc2c3c([nH]c2c1)[C@H](CO)N(C[C@]13CCN(CC1)C(=O)Nc1ccccc1)C(=O)Nc1ccc(cc1)F,0,0.364559,0.418039,0.217881
C[C@H]1CN([C@@H](C)CO)C(=O)CCCn2cc(nn2)CO[C@@H]1CN(C)C(=O)Nc1ccc(cc1)C(C)(C)C,0,0.303560,0.037684,0.020163
C[C@@H]1CN([C@@H](C)CO)C(=O)c2cc(cnc2O[C@H]1CN(C)C(=O)C1CC1)-c1ccc(cc1)C(=O)N(C)C,0,0.003112,0.027909,0.006818
COC(=O)[C@H](Cc1ccccc1)N1CC2=C[C@H](C3CC3)N3N([C@@H]2[C@H]1[C@H](O)Cc1ccccc1)C(=O)N(C)C3=O,0,0.370477,0.150515,0.190621
C[C@@H]1CCCCO[C@H](CN(C)Cc2ccc3c(c2)OCO3)[C@@H](C)CN([C@@H](C)CO)C(=O)c2cc(ccc2O1)NS(=O)(=O)c1ccc(cc1)C,0,0.000718,0.024339,0.003635
C[C@H]1CN([C@H](C)CO)C(=O)c2cc(cnc2O[C@H]1CN(C)C(=O)Cc1ccncc1)-c1ccc(cc1)C,0,0.006673,0.023615,0.006074
C[C@@H]1CN([C@H](C)CO)C(=O)c2cccc(c2O[C@H]1CN(C)Cc1ccc2c(c1)OCO2)NC(=O)c1ccc(cc1)-c1nccs1,0,0.002816,0.028612,0.003714
C[C@H]1CCCCO[C@H](CN(C)S(=O)(=O)c2ccc(cc2)Cl)[C@@H](C)CN([C@H](C)CO)C(=O)c2cc(ccc2O1)NC(=O)Nc1c(noc1C)C,0,0.022986,0.024360,0.004925
OCCN(Cc1ccccc1)C(=O)C[C@H](CC=C)C(=O)N1CCC[C@H]1COC(=O)[C@H](CCC=C)Cc1ccc(cc1)F,0,0.000609,0.047634,0.027550
C[C@@](Cc1ccc(c(c1)O)O)(NN)C(=O)O,0,0.905382,0.068217,0.090396
CC(C)NC(=O)Nc1ccc2c(c1)C(=O)N(C[C@H](C)[C@H](CN(C)C(=O)Nc1c(noc1C)C)O2)[C@H](C)CO,0,0.058991,0.030805,0.010642
CCCCCCCCCCC[C@@H](N=O)c1cc(ccc1O)C,0,0.171249,0.594925,0.565970
C[C@H]1CN([C@H](C)CO)C(=O)c2cc(ccc2O[C@@H]1CN(C)Cc1ccc(cc1)C(=O)Nc1ccccc1N)NC(=O)Cn1cnnn1,0,0.008007,0.028984,0.005333
COC(=O)c1c2oc(c1C(=O)OC)C(=O)N[C@H](Cc1ccccc1)Cn1cc(nn1)[C@@H](Cc1ccccc1)NC(=O)N[C@H](CC2)COC(=O)NCCCCCC(=O)NO,0,0.000053,0.057403,0.016408
COCCOC(=O)N1C(=O)[C@@]2([C@H]([C@H]3N([C@@H]([C@@H](OC3=O)c3ccccc3)c3ccccc3)[C@H]2c2ccccc2OCCO)C(=O)NCC=C)c2cc(ccc21)C#Cc1ccc(cc1)OC,0,0.315623,0.051998,0.017221
COc1cccc(c1)S(=O)(=O)N(C)C[C@H]1Oc2ncc(cc2C(=O)N(C[C@H]1C)[C@H](C)CO)Br,0,0.028243,0.025498,0.007964
O=c1[nH]c2cc(Cl)ccc2o1,0,0.000708,0.210554,0.063564
NC1=NC(=O)N(C=C1)[C@@H]1O[C@@](CO)(N=[N+]=[N-])[C@@H](O)[C@@H]1O,0,0.885865,0.149186,0.253041
C[C@H]1CN([C@H](C)CO)C(=O)c2cc(cnc2O[C@H]1CN(C)Cc1cccc(c1)C(F)(F)F)-c1cc2ccccc2o1,0,0.032854,0.111053,0.054742
COc1ccc(cc1)C(=O)CO,0,0.245188,0.050168,0.033256
C[C@@H]1CN([C@@H](C)CO)C(=O)c2cccc(c2O[C@@H]1CN(C)S(=O)(=O)c1ccc(cc1)C)NS(=O)(=O)c1ccc(cc1)F,0,0.011269,0.024628,0.007637
CN1C(=O)C[C@H](NC1=O)C(=O)N[C@@H](Cc1cnc[nH]1)C(=O)N1CCC[C@H]1C(=O)N,0,0.013611,0.434372,0.336389
Cc1ccc2c(c1)C(=O)C[C@H](O2)c1ccc(cc1Cl)Cl,0,0.893925,0.837148,0.658732
C[C@@H]1CN([C@@H](C)CO)C(=O)c2cccc(c2O[C@@H]1CN(C)S(=O)(=O)c1ccc(cc1)C)NC(=O)C1CCOCC1,0,0.015668,0.024532,0.004567
CCCCNc1cc(C(=O)O)cc(S(N)(=O)=O)c1Oc1ccccc1,0,0.000096,0.139761,0.059135
C[C@H]1CN([C@@H](C)CO)S(=O)(=O)c2ccc(cc2O[C@H]1CN(C)S(=O)(=O)c1ccc(cc1)C)Br,0,0.056537,0.032192,0.007930
COc1ccc(cc1)NC(=O)Nc1ccc2c(c1)C(=O)N(C[C@@H](C)[C@@H](CN(C)C(=O)NC(C)C)OCCCC[C@H](C)O2)[C@@H](C)CO,0,0.018215,0.025270,0.004711
COc1ccc(cc1)S(=O)(=O)N(C)C[C@@H]1Oc2ccc(cc2C(=O)N(C[C@H]1C)[C@H](C)CO)NS(=O)(=O)c1ccc(cc1)C,0,0.002804,0.024742,0.006419
COCC(=O)N1C[C@@H](C)[C@@H](CN(C)C(=O)c2ccc(cc2OC[C@H]1C)NC(=O)c1ccc(cc1)OC)OC,0,0.003193,0.023628,0.005247
COc1ccc(cc1)NC(=O)Nc1ccc2c(c1)C(=O)N(C[C@@H](C)[C@H](CN(C)S(=O)(=O)C)O2)[C@@H](C)CO,0,0.023848,0.024099,0.005524
C[C@H]1CCCCO[C@@H](CN(C)C(=O)Nc2ccccc2)[C@@H](C)CN([C@@H](C)CO)C(=O)c2cc(ccc2O1)NS(=O)(=O)c1ccc(cc1)Cl,0,0.005918,0.025110,0.004384
COc1ccc(cc1)NC(=O)Nc1ccc2c(c1)C(=O)N(C[C@@H](C)[C@H](CN(C)Cc1ccc(c(c1)Cl)Cl)OCCCC[C@H](C)O2)[C@H](C)CO,0,0.090923,0.039774,0.006458
NCC[C@@H]1CC[C@@H](NC(=O)c2ccccc2F)[C@@H](CO)O1,0,0.336957,0.069891,0.038353
COc1ccc(cc1)S(=O)(=O)N(C)C[C@@H]1Oc2ccc(cc2CC(=O)N(C[C@@H]1C)[C@@H](C)CO)NC(=O)Nc1c(noc1C)C,0,0.010735,0.027766,0.005260
C[C@H]1CN([C@H](C)CO)S(=O)(=O)c2ccc(cc2O[C@@H]1CN(C)S(=O)(=O)c1ccc(cc1)F)C#Cc1ccncc1,0,0.070361,0.037789,0.006779
CCO[C@@H]1OC(=C[C@@H]([C@H]1CCCOC(=O)NCCCCCC(=O)NO)c1ccc(cc1)C(F)(F)F)C(=O)N1CCN(CC1)Cc1ccccc1,0,0.000068,0.149882,0.070432
C[C@H]1CN([C@H](C)CO)S(=O)(=O)c2ccc(cc2O[C@@H]1CN(C)C(=O)Nc1c(noc1C)C)C#CCN(C)C,0,0.156519,0.034149,0.009561
C[C@H]1CCCCO[C@H](CN(C)C(=O)Nc2ccc3c(c2)OCO3)[C@H](C)CN([C@@H](C)CO)C(=O)c2cc(ccc2O1)NC(=O)Nc1ccc(cc1)C(F)(F)F,0,0.305612,0.046303,0.012069
C[C@@H]1CN([C@@H](C)CO)C(=O)c2cccc(c2O[C@@H]1CN(C)S(=O)(=O)c1ccc(cc1)Cl)NS(=O)(=O)c1c(noc1C)C,0,0.017370,0.026969,0.008379
CC(C)NC(=O)N(C)C[C@@H]1Oc2ccc(cc2CC(=O)N(C[C@H]1C)[C@@H](C)CO)NC(=O)Nc1ccc2c(c1)OCO2,0,0.025218,0.025252,0.006099
COc1ccc(cc1)NC(=O)N(C)C[C@H]1Oc2ncc(cc2C(=O)N(C[C@@H]1C)[C@H](C)CO)C#C[C@@H](C)O,0,0.052323,0.036919,0.010237
CC(C)c1nc(N(C)S(C)(=O)=O)nc(-c2ccc(F)cc2)c1C=CC(O)CC(O)CC(=O)[O-].[Ca+2],0,0.477957,0.334616,0.118770
OCCN1C(=O)[C@H]2[C@H]3C[C@@H](C=C3)[C@@H]2C1=O,0,0.002558,0.074958,0.021680
C[C@@H]1CCCCO[C@H](CN(C)C(=O)C2CCCCC2)[C@@H](C)CN([C@@H](C)CO)C(=O)c2cc(ccc2O1)NC(=O)c1ccccc1,0,0.001383,0.023239,0.005200
COc1ccc(cc1)C[C@H](N)C(=O)N[C@H]1[C@@H](O)[C@H](O[C@@H]1CO)n1cnc2c(ncnc12)N(C)C,1,0.611889,0.883469,0.917302
CC1=Nc2ccccc2NC(C)(C)C1,0,0.420682,0.059220,0.068864
COc1ccc(cc1)S(=O)(=O)Nc1ccc2c(c1)CC(=O)N(C[C@H](C)[C@H](CN(C)Cc1ccc(cc1)Oc1ccccc1)O2)[C@@H](C)CO,0,0.000295,0.025148,0.004634
C[C@H]1CN([C@H](C)CO)C(=O)c2cc(ccc2O[C@@H]1CN(C)Cc1ccc(cc1)Oc1ccccc1)NC(=O)C1CC1,0,0.009229,0.036500,0.016632
COCC(=O)N1CC[C@]2(CC1)CN([C@H](CO)c1c2c2ccc(cc2n1C)OC)C(=O)Nc1ccccc1F,0,0.555578,0.211639,0.125664
C[C@@H]1CN([C@H](C)CO)C(=O)CCCn2nncc2CO[C@H]1CN(C)Cc1ccc2c(c1)OCCN2C,0,0.293184,0.043874,0.011906
NCCCC[C@@H]1NC(=O)[C@H](CC(=O)O)NC(=O)CNC(=O)[C@H](CCCNC(=N)N)NC(=O)[C@@H](N)CSSC[C@H](NC(=O)[C@H](CC(=O)O)NC(=O)[C@@H]2CCCN2C(=O)CNC1=O)C(=O)O,0,0.999813,0.367310,0.217233
C[C@H]1CN([C@H](C)CO)S(=O)(=O)c2ccc(cc2O[C@@H]1CN(C)S(=O)(=O)C)C#Cc1ccc(cc1)F,0,0.111244,0.050751,0.014203
CC(C)CC(N)=O,0,0.000843,0.023600,0.009093
Brc1c(NC2=NCCN2)ccc2nccnc12,0,0.189585,0.288537,0.190291
C[C@H]1CCCCO[C@H](CN(C)Cc2ccc(cc2)C(=O)O)[C@H](C)CN([C@@H](C)CO)C(=O)c2cc(ccc2O1)NC(=O)c1ccccc1,0,0.014119,0.025651,0.005982
Nc1nc(nc(n1)-c1ccccc1)N,0,0.502445,0.505958,0.204547
CC(=O)OC1(C(C)=O)CCC2C3C=C(Cl)C4=CC(=O)C5CC5C4(C)C3CCC21C,0,0.468248,0.124191,0.098484
C[C@@H]1CCCCO[C@H](CN(C)CC2CCCCC2)[C@H](C)CN([C@H](C)CO)C(=O)c2cc(ccc2O1)NC(=O)CCC(F)(F)F,0,0.262598,0.205706,0.113252
C[C@H]1CN([C@@H](C)CO)S(=O)(=O)c2ccc(cc2O[C@H]1CN(C)S(=O)(=O)c1ccc(cc1)C)C#Cc1ccncc1,0,0.024587,0.035562,0.006491
COc1ccc(cc1)NC(=O)N(C)C[C@@H]1Oc2ccc(cc2CC(=O)N(C[C@H]1C)[C@@H](C)CO)NC(=O)CCN1CCOCC1,0,0.005761,0.027259,0.005150
O=C(O)CCCCC1CCSS1,0,0.771746,0.206282,0.140397
O[C@H]1COC[C@@H]2O[C@@H](CC[C@H]2N(C1)C(=O)c1ccccc1)CC(=O)NCCCN1CCOCC1,0,0.135197,0.024569,0.021631
O[C@H]1COC[C@H]2O[C@@H](CC[C@@H]2N(C1)S(=O)(=O)c1ccccc1F)CC(=O)NCc1ccccc1F,0,0.458353,0.065625,0.020319
COc1cccc(c1)S(=O)(=O)N(C)C[C@@H]1OCc2cnnn2CCCC(=O)N(C[C@@H]1C)[C@H](C)CO,0,0.007432,0.025038,0.006108
COc1ccc(cc1)-c1ccccn1,0,0.141169,0.202927,0.170029
C[C@@H]1CN([C@@H](C)CO)C(=O)Cc2cc(ccc2O[C@H]1CN(C)C(=O)NC1CCCCC1)NC(=O)CCN1CCOCC1,0,0.003796,0.027196,0.007078
Cc1ccc(C(=O)Nc2ccc(S(=O)(=O)[O-])c3cc(S(=O)(=O)[O-])cc(S(=O)(=O)[O-])c23)cc1NC(=O)c1cccc(NC(=O)Nc2cccc(C(=O)Nc3cc(C(=O)Nc4ccc(S(=O)(=O)[O-])c5cc(S(=O)(=O)[O-])cc(S(=O)(=O)[O-])c45)ccc3C)c2)c1.[Na+].[Na+].[Na+].[Na+].[Na+].[Na+],0,0.000036,0.373276,0.040244
Cc1cc(ccc1C(=O)NCC(=O)NCC(F)(F)F)C1=NO[C@](C1)(c1cc(cc(c1)Cl)Cl)C(F)(F)F,0,0.994091,0.794485,0.790207
C[C@@H]1CCCCO[C@@H](CN(C)C(=O)Nc2cccc3ccccc23)[C@H](C)CN([C@H](C)CO)C(=O)c2cc(ccc2O1)NC(=O)Cc1ccccc1,0,0.003795,0.023185,0.003973
COc1ccccc1C#Cc1cnc2c(c1)C(=O)N(C[C@@H](C)[C@@H](CN(C)C(=O)c1ccc3c(c1)OCO3)O2)[C@@H](C)CO,0,0.012331,0.024950,0.003346
COC(=O)[C@@H](N)CS,0,0.000000,0.051662,0.023844
CNC(=C[N+](=O)[O-])NCCSCc1ccc(CN(C)C)o1.Cl,0,0.926454,0.492488,0.342015
C[C@@H]1CCCCO[C@@H](CN(C)C(=O)NC2CCCCC2)[C@H](C)CN([C@H](C)CO)C(=O)c2cc(ccc2O1)NC(=O)Nc1ccc(cc1)F,0,0.066482,0.025259,0.006575
C[C@H]1CCCCO[C@@H](CN(C)C(=O)CCC(F)(F)F)[C@H](C)CN([C@@H](C)CO)C(=O)c2cc(ccc2O1)NS(=O)(=O)c1ccccc1,0,0.006640,0.024301,0.005601
C[C@H]1CN([C@H](C)CO)S(=O)(=O)c2ccc(cc2O[C@@H]1CN(C)C(=O)CN1CCOCC1)/C=C/c1ccccc1,0,0.004770,0.026331,0.006682
COc1ccc(cc1)NC(=O)Nc1ccc2c(c1)C(=O)N(C[C@@H](C)[C@@H](CN(C)C(=O)C1CCCCC1)OCCCC[C@@H](C)O2)[C@@H](C)CO,0,0.011558,0.023221,0.004147
COc1ccccc1-c1ccc2c(c1)O[C@H](CN(C)C(=O)c1ccncc1)[C@H](C)CN([C@@H](C)CO)S2(=O)=O,0,0.006967,0.024795,0.003627
C[C@@H]1CCCCO[C@H](CN(C)CC2CCCCC2)[C@H](C)CN([C@H](C)CO)C(=O)c2cc(ccc2O1)NC(=O)Nc1cccc2ccccc12,0,0.059130,0.035647,0.009298
C[C@@H]1CN([C@H](C)CO)C(=O)CCCn2nncc2CO[C@H]1CN(C)S(=O)(=O)c1cn(cn1)C,0,0.011422,0.024713,0.004936
COc1ccc(cc1)S(=O)(=O)Nc1cccc2c1O[C@H](CN(C)S(=O)(=O)c1ccc(cc1)C)[C@@H](C)CN([C@H](C)CO)C2=O,0,0.006557,0.025658,0.007405
CN(C)CC(=O)N[C@H]1CC[C@@H](CCn2cc(nn2)CN(C)C)O[C@H]1CO,0,0.776470,0.024578,0.009224
C[C@@H]1CCCCO[C@@H](CN(C)Cc2ccccc2)[C@@H](C)CN([C@H](C)CO)C(=O)c2cc(ccc2O1)NS(=O)(=O)c1ccccc1,0,0.001175,0.024214,0.004349
C[C@H]1CN([C@H](C)CO)C(=O)Cc2cc(ccc2O[C@@H]1CN(C)CC1CCCCC1)NC(=O)CCN1CCOCC1,0,0.018448,0.035346,0.010933
C[C@H]1CN([C@@H](C)CO)C(=O)c2cccc(c2O[C@@H]1CN(C)Cc1ccc(cc1)-c1ccccc1)NC(=O)C1CCCCC1,0,0.101003,0.044223,0.033940
C[C@@H]1CN([C@H](C)CO)C(=O)Cc2cc(ccc2O[C@H]1CN(C)Cc1ccccc1)NC(=O)Nc1cccc2ccccc12,0,0.018196,0.029867,0.013831
OC[C@@H](Cc1ccccc1)NC(=O)C[C@H](CC=C)C(=O)N[C@H](COC(=O)[C@H](CCC=C)Cc1ccc(cc1)F)Cc1c[nH]c2ccccc12,0,0.011932,0.035535,0.020601
C[C@@H]1CN([C@@H](C)CO)S(=O)(=O)c2ccc(cc2O[C@@H]1CN(C)C(=O)CN(C)C)C#CC(C)(C)O,0,0.151333,0.190739,0.014066
C[C@@H]1CCCCO[C@H](CN(C)C(=O)NC2CCCCC2)[C@H](C)CN([C@@H](C)CO)C(=O)c2cc(ccc2O1)NC(=O)NC1CCCCC1,0,0.012491,0.024363,0.005525
C[C@@H]1CN([C@H](C)CO)C(=O)c2cccc(c2O[C@@H]1CN(C)C(=O)Nc1ccc(cc1)C(F)(F)F)NC(=O)CCCCCC(=O)Nc1ccccc1N,0,0.719239,0.155145,0.044834
C[C@@H]1CN([C@@H](C)CO)C(=O)c2cccc(c2O[C@@H]1CN(C)Cc1ccc(c(c1)Cl)Cl)NC(=O)Nc1ccc(cc1)F,0,0.662362,0.030654,0.018233
CC(C)(C)OC(=O)CC[C@@]12N=C(O[C@@H]1c1ccccc1CN(C(=O)c1ccccc1)C2=O)c1ccc(cc1)OCCCO,0,0.000083,0.079545,0.072946
C[C@H]1CN([C@@H](C)CO)C(=O)c2cc(cnc2O[C@@H]1CN(C)C(=O)Nc1ccc2c(c1)OCO2)-c1ccncc1,0,0.006373,0.022277,0.003139
C[C@@H]1CN([C@@H](C)CO)C(=O)c2cc(ccc2O[C@@H]1CN(C)Cc1ccc(c(c1)Cl)Cl)NC(=O)Nc1ccc(cc1)F,0,0.479088,0.044805,0.021172
C[C@@H]1CCCCO[C@H](CN(C)C(=O)Nc2ccccc2)[C@H](C)CN([C@@H](C)CO)C(=O)c2cc(ccc2O1)NC(=O)Nc1ccccc1,0,0.014517,0.023108,0.004084
OC(=O)C12CC(C1)C2,0,0.120960,0.058802,0.034764
COc1cccc(c1)S(=O)(=O)N(C)C[C@H]1Oc2cc(ccc2S(=O)(=O)N(C[C@@H]1C)[C@H](C)CO)C#CCN(C)C,0,0.034198,0.033276,0.005526
C[C@@H]1CN([C@@H](C)CO)C(=O)c2cccc(c2O[C@H]1CN(C)Cc1ccc(cc1)C(F)(F)F)NC(=O)c1ccc(cc1)-c1nccs1,0,0.149275,0.056827,0.017390
C[C@H]1CCCCO[C@H](CN(C)Cc2ccc(cc2)C(F)(F)F)[C@@H](C)CN([C@@H](C)CO)C(=O)c2cc(ccc2O1)NS(=O)(=O)c1c(noc1C)C,0,0.033804,0.024757,0.009315
COc1cc(c(cc1OC)[C@H]1C2C(=O)OCC2=NC2=C1C(=O)N(C)C(=O)N2C)OC,0,0.988829,0.477316,0.472588
C[C@@H]1CN([C@@H](C)CO)C(=O)Cc2cc(ccc2O[C@@H]1CN(C)CC1CC1)NS(=O)(=O)c1ccc(cc1)F,0,0.012925,0.028539,0.007330
CNC[C@@H](O)c1cccc(c1)O,0,0.410402,0.055396,0.028019
COc1ccccc1CNC(=O)C[C@@H]1C[C@H]2[C@H](Oc3ccc(cc32)NC(=O)c2cccnc2)[C@@H](CO)O1,0,0.007925,0.027365,0.011445
OC[C@@H]1O[C@@H](CC(=O)NCCc2ccncc2)C=C[C@H]1NC(=O)CN1CCOCC1,0,0.021318,0.027928,0.018660
OC[C@H]1O[C@H](CC[C@@H]1NC(=O)c1ccccn1)CC(=O)N1CCOCC1,0,0.003859,0.022729,0.009703
CC(C)NC(=O)N(C)C[C@@H]1OCCCC[C@@H](C)Oc2ccc(cc2C(=O)N(C[C@H]1C)[C@H](C)CO)NC(=O)Nc1ccc(cc1)F,0,0.067694,0.029162,0.009450
C[C@H]1CN([C@H](C)CO)C(=O)c2cc(ccc2O[C@@H]1CN(C)S(=O)(=O)c1ccc(cc1)C)NC(=O)Nc1ccc(cc1)C(F)(F)F,0,0.426565,0.054837,0.027809
OC[C@@H]1O[C@@H](CCNS(=O)(=O)c2ccccc2)CC[C@@H]1NC(=O)c1cnccn1,0,0.027991,0.024765,0.008702
C[C@@H]1CN([C@@H](C)CO)C(=O)c2cc(cnc2O[C@H]1CN(C)C(=O)c1ccncc1)C#CC1CCCCC1,0,0.006377,0.023150,0.005372
COc1ccc(cc1)NC(=O)Nc1ccc2c(c1)C(=O)N(C[C@H](C)[C@H](CN(C)Cc1ccc(cc1)C(F)(F)F)O2)[C@H](C)CO,0,0.203642,0.038765,0.027618
C[C@H](O)C1=NC(=O)c2ccccc2N1,0,0.167022,0.082539,0.088145
C[C@@H]1CN([C@H](C)CO)C(=O)c2cccc(c2O[C@H]1CN(C)S(=O)(=O)c1cn(cn1)C)NS(=O)(=O)c1cccs1,0,0.014563,0.027550,0.006054
OC[C@H]1O[C@@H](CCNC(=O)CN2CCOCC2)CC[C@H]1NS(=O)(=O)c1ccc(cc1)F,0,0.016643,0.030321,0.012458
C[C@H]1CN([C@@H](C)CO)S(=O)(=O)c2ccc(cc2O[C@@H]1CN(C)C(=O)Cc1ccccc1)Br,0,0.058206,0.040487,0.008753
C[C@@H]1CCCCO[C@H](CN(C)S(=O)(=O)c2ccc(cc2)C)[C@H](C)CN([C@H](C)CO)C(=O)c2cc(ccc2O1)NS(=O)(=O)c1ccc(cc1)C,0,0.000711,0.024238,0.004387
C[C@H]1CN([C@@H](C)CO)C(=O)c2cccc(c2O[C@H]1CN(C)Cc1ccc(cc1)C(=O)O)NC(=O)Nc1cccc2ccccc12,0,0.180895,0.028127,0.015453
COc1ccccc1S(=O)(=O)N[C@H]1CC[C@H](CCNC(=O)C2CCOCC2)O[C@@H]1CO,0,0.045964,0.026141,0.010915
Cl.Cl.N=C(N)N,0,0.000000,0.345529,0.118445
C[C@H]1CCCCO[C@H](CN(C)S(=O)(=O)c2ccc(cc2)C)[C@@H](C)CN([C@@H](C)CO)C(=O)c2cc(ccc2O1)NC(=O)Nc1ccc(cc1)F,0,0.021229,0.024276,0.004512
COc1ccc(cc1)S(=O)(=O)N(C)C[C@@H]1Oc2ccc(cc2C(=O)N(C[C@H]1C)[C@H](C)CO)NS(=O)(=O)c1c(noc1C)C,0,0.002876,0.025009,0.007635
C[C@@H]1CN([C@@H](C)CO)S(=O)(=O)c2ccc(cc2O[C@@H]1CN(C)S(=O)(=O)c1cn(cn1)C)Br,0,0.064491,0.026766,0.005815
COc1ccc(cc1)S(=O)(=O)N[C@@H](CNc1nc(nc(c1C)N1CCC(CC1)c1ccc2c(n1)NCCC2)C)C(=O)O,0,0.896496,0.079092,0.057932
C[C@H]1CN([C@H](C)CO)C(=O)c2cccc(c2O[C@@H]1CN(C)S(=O)(=O)c1ccc(cc1)C)NC(=O)C1CC1,0,0.015915,0.024499,0.004556
C[C@@H]1CN([C@@H](C)CO)C(=O)c2cc(ccc2O[C@@H]1CN(C)S(=O)(=O)c1cccs1)NC(=O)c1ccncc1,0,0.001319,0.024245,0.003653
C[C@H]1CN([C@H](C)CO)C(=O)Cc2cc(ccc2O[C@H]1CN(C)Cc1ccc(cc1)Oc1ccccc1)NC(=O)Nc1cccc2ccccc12,0,0.005591,0.028613,0.009847
CCCCC/C=C\C/C=C\C/C=C\CCCCCCC(=O)O,0,0.014228,0.123223,0.098010
CC(C)(C)c1cccc(c1)CN,0,0.541345,0.144654,0.055868
C[C@H]1CN([C@H](C)CO)C(=O)c2cc(ccc2O[C@H]1CN(C)S(=O)(=O)c1c(noc1C)C)NS(=O)(=O)c1c(noc1C)C,0,0.003894,0.024732,0.009501
OC[C@@H]1O[C@@H](CC[C@@H]1NC(=O)c1ccc(cc1)F)CC(=O)NCc1ccncn1,0,0.073778,0.047906,0.041135
OCCN(Cc1ccccc1)C(=O)C[C@H](CC=C)C(=O)N[C@H](COC(=O)[C@@H](CCC=C)Cc1ccc(cc1)F)c1ccccc1,0,0.003243,0.042749,0.026364
COc1ccc(cc1)NC(=O)N(C)C[C@H]1OCCCC[C@H](C)Oc2ccc(cc2C(=O)N(C[C@H]1C)[C@H](C)CO)NC(=O)Cc1ccccc1,0,0.005927,0.023514,0.004021
CNC1C(OC2C(OC3C(O)C(O)C(NC(=N)N)C(O)C3NC(=N)N)OC(C)C2(O)C=O)OC(CO)C(O)C1O.O=S(=O)(O)O,1,0.991793,0.797948,0.740285
Nc1ncnc2n(cnc12)[C@H]1O[C@@H](CO)[C@H](O)[C@@H]1S,0,0.000032,0.107838,0.068013
OCc1ccc(cc1)[C@@H]1N(Cc2ccccc2)C(=O)c2ccccc2[C@@]11Cc2ccccc2N(CC(F)(F)F)C1=O,0,0.071848,0.365038,0.140095
C[C@H]1CN([C@@H](C)CO)C(=O)c2cccc(c2O[C@@H]1CN(C)C(=O)Nc1ccccc1)NC(=O)CCCCCC(=O)Nc1ccccc1N,0,0.041806,0.024839,0.005971
C[C@@H]1CN([C@@H](C)CO)C(=O)c2cc(ccc2O[C@H]1CN(C)S(=O)(=O)c1cn(cn1)C)NC(=O)Cn1cnnn1,0,0.017345,0.025531,0.006170
O=C(Cc1ccsc1)N(Cc1ccc2c(c1)OCO2)Cc1cc2cc3c(cc2nc1N1CCOCC1)CCC3,0,0.023245,0.189306,0.180251
C[C@H]1CN([C@@H](C)CO)C(=O)c2cccc(c2O[C@H]1CN(C)Cc1ccc(cc1)-c1ccccc1)NS(=O)(=O)c1ccccc1,0,0.006870,0.035294,0.005910
O=C(O)C(S)C(S)C(=O)O,0,0.000000,0.198542,0.102875
OC[C@@H]1[C@H]2CN3C(=O)C=CC=C3[C@H]2N([C@H]1C(=O)NC1Cc2ccccc2C1)C(=O)c1cnccn1,0,0.010632,0.139956,0.058326
OCC(O)C(O)C(O)CO,0,0.000135,0.074036,0.028316
COc1ccc(cc1)CN(C)C[C@H]1OCCCC[C@H](C)Oc2ccc(cc2C(=O)N(C[C@@H]1C)[C@H](C)CO)NC(=O)NC(C)C,0,0.026919,0.033147,0.008903
C[C@@H]1CN([C@H](C)CO)C(=O)c2cc(ccc2O[C@H]1CN(C)Cc1ccc(cc1)-c1ccccc1)NC(=O)Nc1cccc2ccccc12,0,0.051485,0.035322,0.012968
O[C@H]1COC[C@@H]2O[C@@H](CC[C@H]2N(C1)S(=O)(=O)c1ccccc1Cl)CC(=O)NCCc1ccncc1,0,0.241809,0.037999,0.034459
COc1ccccc1CN(C)C[C@@H]1OCc2ccccc2-c2c(n(c3ccccc23)C)C(=O)N(C[C@H]1C)[C@@H](C)CO,0,0.078003,0.033255,0.017881
COc1ccccc1NC(=O)N(C)C[C@H]1Oc2cc(ccc2S(=O)(=O)N(C[C@H]1C)[C@@H](C)CO)Br,0,0.324802,0.028879,0.008157
C[C@@H]1O[C@H]2OC3=C(Oc4cc(c(c(c4C3=O)O)-c3cc(ccc3O)/C=C\C(=O)OC[C@H]3O[C@@H](O[C@H]([C@H]1O)[C@H]2O)[C@H](O)[C@@H](O)[C@@H]3O)O)c1ccc(cc1)O,0,0.918879,0.284671,0.096920
CC(C)CC#Cc1cnc2c(c1)C(=O)N(C[C@H](C)[C@@H](CN(C)S(=O)(=O)c1ccc(cc1)C)O2)[C@H](C)CO,0,0.021208,0.027320,0.004918
COCC#Cc1cnc2c(c1)C(=O)N(C[C@@H](C)[C@@H](CN(C)C(=O)CCN1CCCCC1)O2)[C@H](C)CO,0,0.036857,0.021952,0.005749
COc1ccc(cc1)NC(=O)N[C@@H]1CC[C@H](CCNC(=O)CN2CCOCC2)O[C@@H]1CO,0,0.042892,0.036533,0.014470
COc1ccc(cc1)N1C(=O)NC(=O)C=C1N,0,0.747960,0.275303,0.291991
C[C@@H]1CN([C@@H](C)CO)C(=O)c2ccccc2-c2ccccc2CO[C@H]1CN(C)C(=O)Oc1ccc(cc1)C,0,0.050830,0.045153,0.028554
CN(C)CCOc1ccc(C(=C(CCCl)c2ccccc2)c2ccccc2)cc1.O=C(O)CC(O)(CC(=O)O)C(=O)O,1,0.858128,0.681063,0.768855
COC(=O)C[C@@H]1CC[C@H]2[C@H](COc3ccc(cc3C(=O)N2C)NS(=O)(=O)c2ccccc2Cl)O1,0,0.004703,0.040174,0.011520
Cc1nc(C)c(Cl)c(O)c1Cl,0,0.921043,0.575550,0.424269
C[C@H]1CCCCO[C@H](CN(C)C(=O)C2CCCCC2)[C@@H](C)CN([C@@H](C)CO)C(=O)c2cc(ccc2O1)NC(=O)CCC(F)(F)F,0,0.073917,0.141048,0.058250
COC(=O)[C@@H](Cc1ccc(cc1)-n1cc(nn1)-c1ccc(s1)C(=O)NO)N1CC2=C[C@H](C3CC3)N3N([C@@H]2[C@H]1[C@H](O)Cc1ccccc1)C(=O)N(C)C3=O,0,0.930267,0.246657,0.131735
C[C@H]1CN([C@H](C)CO)C(=O)c2cccc(c2O[C@@H]1CN(C)C(=O)Nc1c(noc1C)C)NC(=O)Cn1cnnn1,0,0.210448,0.032775,0.011471
COc1ccc(cc1)COC[C@@]12Oc3ccccc3[C@H]([C@H]2CO[Si](C)(C)C(C)(C)C)N(C(=O)c2ccccc2)C(=N1)SCC=C,0,0.108977,0.187797,0.086854
C[C@@H]1CN([C@H](C)CO)C(=O)Cc2cc(ccc2O[C@H]1CN(C)Cc1ccccc1)NC(=O)CCN1CCOCC1,0,0.004516,0.030633,0.008221
C[C@H]1CN([C@H](C)CO)C(=O)c2cccc(c2O[C@H]1CN(C)S(=O)(=O)c1cccs1)NS(=O)(=O)C,0,0.016048,0.024859,0.005796
C[C@@H]1CN([C@@H](C)CO)C(=O)c2cccc(c2O[C@@H]1CN(C)Cc1ccc2c(c1)OCO2)NS(=O)(=O)C,0,0.010117,0.025169,0.004552
C[C@H]1CCCCO[C@H](CN(C)C(=O)Nc2ccc(cc2)C(F)(F)F)[C@@H](C)CN([C@@H](C)CO)C(=O)c2cc(ccc2O1)NC(=O)c1ccncc1,0,0.110129,0.027944,0.009325
C[C@@H]1CN([C@@H](C)CO)C(=O)Cc2cc(ccc2O[C@H]1CN(C)C(=O)Nc1ccc2c(c1)OCO2)NC(=O)CCN1CCOCC1,0,0.003561,0.023420,0.004777
COC(=O)[C@H](Cc1ccccc1)N1C[C@](C)(OC(C)C)O[C@@H](CCn2cc(nn2)COc2ccccc2/C=C(C)/C=C/C(=O)NO)[C@@H]1/C=C/C1CC1,0,0.114648,0.119401,0.023261
C[C@H]1CN([C@@H](C)CO)C(=O)c2cc(ccc2O[C@H]1CN(C)C(=O)Nc1c(noc1C)C)NC(=O)Nc1cccc2ccccc12,0,0.033790,0.023991,0.006613
C[C@H]1CCCCO[C@H](CN(C)C(=O)CCC(F)(F)F)[C@@H](C)CN([C@@H](C)CO)C(=O)c2cc(ccc2O1)NC(=O)c1ccccc1,0,0.013282,0.027117,0.010280
C[C@@H]1CCCCO[C@@H](CN(C)S(=O)(=O)c2ccc(cc2)F)[C@@H](C)CN([C@@H](C)CO)C(=O)c2cc(ccc2O1)NC(=O)C1CCCCC1,0,0.006395,0.024326,0.005711
C[C@@H]1CN([C@@H](C)CO)C(=O)c2ccccc2-c2ccccc2CO[C@@H]1CN(C)Cc1ccc(cc1)-c1ccccc1,0,0.194367,0.047548,0.053049
Cc1cc(ccc1Cl)Oc1ccnc2cc(ccc12)Cl,0,0.580087,0.751455,0.444544
C[C@@H]1CN([C@H](C)CO)C(=O)c2cc(ccc2O[C@@H]1CN(C)S(=O)(=O)c1cn(cn1)C)NS(=O)(=O)c1cccs1,0,0.007000,0.024678,0.005583
CCCCCCCCCCCCCCCCCC(=O)O,0,0.935934,0.141229,0.103285
C[C@H]1CN([C@@H](C)CO)C(=O)c2cc(ccc2O[C@@H]1CN(C)Cc1ccc(cc1)-c1ccccc1)NS(=O)(=O)c1ccccc1,0,0.003885,0.034536,0.005627
C[C@H]1CN([C@@H](C)CO)C(=O)c2cc(ccc2O[C@H]1CN(C)Cc1ccc(c(c1)Cl)Cl)NC(=O)Nc1ccccc1,0,0.185062,0.053397,0.022075
C[C@H]1CCCCO[C@@H](CN(C)Cc2ccccc2)[C@@H](C)CN([C@@H](C)CO)C(=O)c2cc(ccc2O1)NC(=O)Nc1ccc(cc1)F,0,0.076528,0.041711,0.016106
C[C@@H]1CN([C@H](C)CO)C(=O)c2cccc(c2O[C@H]1CN(C)S(=O)(=O)c1ccccc1)NC(=O)c1ccncc1,0,0.005947,0.024162,0.003776
Nc1ncnc(c1[N+](=O)[O-])NCCN1CCOCC1,0,0.997008,0.207481,0.146953
CCS(=O)(=O)Nc1ccc2c(c1)/C(=C(/Nc1ccc(cc1)CN1CCCCC1)c1ccccc1)C(=O)N2,0,0.124545,0.151310,0.050199
COc1ccc(cc1)C#Cc1cnc2c(c1)C(=O)N(C[C@@H](C)[C@@H](CN(C)CC1CCOCC1)O2)[C@H](C)CO,0,0.181450,0.060207,0.007786
OC(=O)[C@H]1C[C@@H]2N([C@H]1c1ccc(cc1)O)C(=O)CNC2=O,0,0.487412,0.287881,0.439050
Brc1ccc2c(c1)C(=O)NC(=O)N2,0,0.937650,0.564365,0.498591
CC(=O)N(CC(O)CO)c1c(I)c(C(=O)NCCO)c(I)c(C(=O)NCC(O)CO)c1I,0,0.208073,0.281125,0.085803
C[C@@H]1CCCCO[C@H](CN(C)S(=O)(=O)c2c(noc2C)C)[C@@H](C)CN([C@H](C)CO)C(=O)c2cc(ccc2O1)N(C)C,0,0.004587,0.024577,0.005890
C[C@@H]1CCCCO[C@@H](CN(C)Cc2ccc3c(c2)OCO3)[C@H](C)CN([C@@H](C)CO)C(=O)c2cc(ccc2O1)NC(=O)Nc1ccc2c(c1)OCO2,0,0.004275,0.030101,0.003521
C[C@@H]1CN([C@@H](C)CO)C(=O)Cc2cc(ccc2O[C@H]1CN(C)S(=O)(=O)c1cn(cn1)C)NS(=O)(=O)c1cn(cn1)C,0,0.017230,0.024226,0.006993
COc1ccc(cc1)NC(=O)Nc1ccc2c(c1)C(=O)N(C[C@@H](C)[C@H](CN(C)Cc1ccc3c(c1)OCO3)OCCCC[C@H](C)O2)[C@H](C)CO,0,0.010924,0.023107,0.004021
COc1ccc(cc1)NC(=O)Nc1ccc2c(c1)C(=O)N(C[C@@H](C)[C@H](CN(C)S(=O)(=O)c1c(noc1C)C)OCCCC[C@H](C)O2)[C@H](C)CO,0,0.005607,0.025163,0.004542
C[C@@H]1CN([C@@H](C)CO)C(=O)CCCn2nncc2CO[C@@H]1CN(C)S(=O)(=O)c1ccc2ccccc2c1,0,0.008418,0.025503,0.004377
C[C@@H]1CCCCO[C@@H](CN(C)C(=O)Nc2ccc(cc2)C(F)(F)F)[C@H](C)CN([C@@H](C)CO)C(=O)c2cc(ccc2O1)NS(=O)(=O)c1ccc(cc1)F,0,0.137636,0.177186,0.012073
C[C@H]1CN([C@@H](C)CO)C(=O)c2cccc(c2O[C@H]1CN(C)Cc1ccc(cc1)C(=O)Nc1ccccc1N)NS(=O)(=O)c1ccc(cc1)Cl,0,0.004292,0.029783,0.005267
C[C@H]1CN([C@@H](C)CO)C(=O)c2cc(ccc2O[C@H]1CN(C)C(=O)Nc1ccc(cc1)F)NC(=O)CCCCCC(=O)Nc1ccccc1N,0,0.105653,0.026888,0.005359
C[C@@H]1CN([C@@H](C)CO)C(=O)Cc2cc(ccc2O[C@@H]1CN(C)Cc1ccc(cc1)-c1ccccc1)NC(=O)Cn1cnnn1,0,0.070088,0.031608,0.011129
C[C@@H]1CN([C@@H](C)CO)C(=O)c2cc(ccc2O[C@@H]1CN(C)S(=O)(=O)c1c(noc1C)C)NS(=O)(=O)c1ccc(cc1)F,0,0.005968,0.024359,0.008249
COc1cccc(c1)-c1cnc2c(c1)C(=O)N(C[C@H](C)[C@H](CN(C)S(=O)(=O)c1ccc(cc1)F)O2)[C@H](C)CO,0,0.010273,0.024546,0.005037
CCN1CCO[C@@]2(O)C=CC(=O)C=C12,0,0.133680,0.117983,0.046809
CCCC[C@@H](O)c1ccccc1,0,0.121675,0.136563,0.063452
COc1ccc(cc1)S(=O)(=O)N(C)C[C@@H]1Oc2ccc(cc2CC(=O)N(C[C@H]1C)[C@H](C)CO)NC(=O)CCC(F)(F)F,0,0.052477,0.039133,0.010925
C[C@@H]1CN([C@H](C)CO)C(=O)Cc2cc(ccc2O[C@H]1CN(C)S(=O)(=O)c1ccc(cc1)C)NC(=O)CCCN(C)C,0,0.006173,0.027016,0.005533
C[C@@H]1CCCCO[C@@H](CN(C)C(=O)c2ccccc2)[C@H](C)CN([C@H](C)CO)C(=O)c2cc(ccc2O1)NC(=O)CCC(F)(F)F,0,0.034500,0.027323,0.008611
CO[C@@H]1CN(C)C(=O)c2cc(ccc2OC[C@@H](C)N(C[C@H]1C)C(=O)NC(C)C)NS(=O)(=O)c1ccc(cc1)OC,0,0.005927,0.024910,0.005756
C[C@@H]1CN([C@@H](C)CO)C(=O)c2cccc(c2O[C@H]1CN(C)CC1CCCCC1)NC(=O)c1cnccn1,0,0.085494,0.036806,0.013206
COc1ccc(cc1)NC(=O)N(C)C[C@@H]1Oc2ccc(cc2C(=O)N(C[C@@H]1C)[C@@H](C)CO)NS(=O)(=O)C,0,0.044597,0.023531,0.004192
CN(C)C(=O)C[C@H]1CC[C@@H]2[C@H](COC[C@@H](O)CN2S(=O)(=O)c2ccccc2)O1,0,0.071084,0.033600,0.013869
NC(=O)C1CCN(CC1)C(=O)c1ccc(cc1)NC1=N[C@H]2CS(=O)(=O)C[C@@H]2S1,0,0.041928,0.430485,0.380579
CC(C)NC(=O)N(C)C[C@@H]1OCCCC[C@H](C)Oc2ccc(cc2C(=O)N(C[C@@H]1C)[C@H](C)CO)NC(=O)Nc1ccc(cc1)C(F)(F)F,0,0.519603,0.179649,0.096943
C[C@H]1CN([C@H](C)CO)C(=O)Cc2cc(ccc2O[C@H]1CN(C)S(=O)(=O)c1c(noc1C)C)NS(=O)(=O)c1ccccc1,0,0.001068,0.024317,0.004616
C[C@H]1CN([C@@H](C)CO)C(=O)c2cccc(c2O[C@H]1CN(C)Cc1ccc(cc1)C(=O)Nc1ccccc1N)NC(=O)Nc1ccc2c(c1)OCO2,0,0.009059,0.028033,0.005232
CCn1ncc(n1)NC(=O)Cn1ccc(n1)C(=O)OC,0,0.074153,0.320535,0.330452
Fc1ccc(cc1)-c1nc2ccc3ccccc3c2c2c1CCC2,0,0.370933,0.147295,0.131741
CSC(=N)NCCC[C@@H](N)C(=O)O,0,0.671125,0.064852,0.023888
Cc1ccccc1N1C=CNC1=S,0,0.862256,0.190694,0.092828
C[C@H]1CCCCO[C@H](CN(C)Cc2ccc(cc2)C(F)(F)F)[C@@H](C)CN([C@@H](C)CO)C(=O)c2cc(ccc2O1)NS(=O)(=O)c1ccc(cc1)Cl,0,0.053354,0.024530,0.006792
OC[C@H](Cc1ccccc1)NC(=O)C[C@H](CC=C)C(=O)NC[C@@H](OC(=O)[C@@H](CCC=C)Cc1ccc(cc1)F)c1ccccc1,0,0.006779,0.062876,0.027937
CO[C@@H]1CN(C)C(=O)c2ccc(cc2OC[C@@H](C)N(C[C@H]1C)C(=O)CN(C)C)NC(=O)c1ccc(cc1)F,0,0.077783,0.023653,0.012778
C[C@H]1CN([C@H](C)CO)C(=O)Cc2cc(ccc2O[C@H]1CN(C)C(=O)Nc1cccc2ccccc12)NS(=O)(=O)c1ccc(cc1)Cl,0,0.005723,0.024535,0.004146
COc1ccccc1S(=O)(=O)N[C@@H]1CC[C@@H](CCNC(=O)C2CCOCC2)O[C@@H]1CO,0,0.045964,0.026141,0.010915
ONC(=O)CCCCCCC(=O)Nc1ccc(cc1)[C@H]1O[C@@H](CSc2nc(c(o2)-c2ccccc2)-c2ccccc2)C[C@@H](O1)c1ccccc1,0,0.000046,0.101419,0.022477
CCS(=O)(=O)Nc1ccc2c(c1)C(=O)N(C)[C@H]1CC[C@H](CC(=O)NCCOC)O[C@H]1CO2,0,0.004265,0.023859,0.006627
CN(C)CCNC(=O)[C@@H]1CCS(=O)(=O)[C@H]2CN(C[C@@H]12)C(=O)Nc1ccccc1,0,0.180509,0.071802,0.167126
CC(C)NC(=O)N(C)C[C@@H]1Oc2c(cccc2C(=O)N(C[C@@H]1C)[C@H](C)CO)NS(=O)(=O)c1cccs1,0,0.031035,0.024190,0.006137
OC(Cn1cncn1)(Cn1cncn1)c1ccc(F)cc1F,0,0.785259,0.383578,0.470120
S=C(SN1CCOCC1)N1CCOCC1,0,0.119921,0.166876,0.061432
Cc1ccccc1S(=O)(=O)N1C[C@H](O)COC[C@H]2O[C@H](CC[C@@H]21)CC(=O)N1CCOCC1,0,0.039114,0.054591,0.014182
Cn1ccnc1C(=O)N[C@@H]1CN([C@H]2CCCO[C@@H]12)C(=O)N,0,0.048048,0.028563,0.017046
OC[C@@H]1O[C@@H](CCNC(=O)CN2CCOCC2)CC[C@H]1NC(=O)c1ccccc1F,0,0.055401,0.032321,0.031584
C[C@@H]1CN([C@H](C)CO)C(=O)c2cccc(c2O[C@@H]1CN(C)Cc1ccc(cc1)C(=O)Nc1ccccc1N)NC(=O)Nc1c(noc1C)C,0,0.038247,0.027010,0.006624
OC[C@H]1O[C@@H](O[C@@H]2OC=C[C@H]3[C@H](O)[C@@H]4O[C@]4(COC(=O)c4ccccc4)[C@@H]23)[C@H](O)[C@@H](O)[C@@H]1O,0,0.115735,0.116628,0.073551
CCS(=O)(=O)N1[C@@H](CO)[C@@H](c2ccc(cc2)/C=C/C)C21CN(C2)C(=O)CN(C)C,0,0.347255,0.037437,0.024726
CN1[C@@H]2CC[C@@H](CC(=O)N3CCOCC3)O[C@@H]2COc2ccc(cc2C1=O)NS(=O)(=O)C,0,0.001360,0.023960,0.006128
COc1ccc(cc1)NC(=O)N(C)C[C@H]1OCCCC[C@H](C)Oc2ccc(cc2C(=O)N(C[C@@H]1C)[C@H](C)CO)NC(=O)Nc1ccc2c(c1)OCO2,0,0.011504,0.024468,0.003116
COc1ccc(cc1)NC(=O)Nc1ccc2c(c1)C(=O)N(C[C@H](C)[C@@H](CN(C)C(=O)c1ccccc1)OCCCC[C@@H](C)O2)[C@H](C)CO,0,0.003291,0.023282,0.003416
COc1ccc(cc1)NC(=O)Nc1ccc2c(c1)C(=O)N(C[C@@H](C)[C@@H](CN(C)CC1CCCCC1)O2)[C@@H](C)CO,0,0.095804,0.028605,0.013080
OC[C@H]1O[C@@H](C[C@@H]2[C@H]1Oc1ccc(cc12)NC(=O)Nc1ccc(cc1)C(F)(F)F)CC(=O)NCc1ccc(cc1)Cl,0,0.820286,0.290152,0.242881
C[C@@H]1CN([C@H](C)CO)C(=O)c2cc(ccc2O[C@H]1CN(C)S(=O)(=O)c1ccc(cc1)C)NC(=O)c1ccncc1,0,0.002691,0.024263,0.003421
OCCN(Cc1ccccc1)C(=O)C[C@@H](CC=C)C(=O)N[C@@H](COC(=O)[C@@H](CC=C)Cc1ccc(cc1)F)Cc1c[nH]c2ccccc12,0,0.007432,0.039567,0.022222
C[C@H]1CN([C@@H](C)CO)C(=O)Cc2cc(ccc2O[C@H]1CN(C)Cc1ccc(cc1)C(=O)Nc1ccccc1N)NS(=O)(=O)c1ccc(cc1)Cl,0,0.001348,0.029520,0.004411
NC(=O)N1CCC(CC1)CC(=O)N1CCC(CC1)[C@H]1c2ncc(cc2CCc2cc(cc(c21)Br)Cl)Br,0,0.990119,0.792144,0.616924
C[C@@H]1CN([C@@H](C)CO)S(=O)(=O)c2ccc(cc2O[C@H]1CN(C)C(=O)Cc1ccccn1)-c1cccc(c1)C(=O)N(C)C,0,0.002308,0.024483,0.004261
C[C@H]1CN([C@H](C)CO)C(=O)c2cccc(c2O[C@@H]1CN(C)S(=O)(=O)c1cn(cn1)C)NC(=O)NC1CCCCC1,0,0.035753,0.024232,0.004828
C[C@H]1CN([C@@H](C)CO)C(=O)Cc2cc(ccc2O[C@@H]1CN(C)S(=O)(=O)c1cccs1)NC(=O)CCN1CCOCC1,0,0.000571,0.024251,0.003643
C[C@@H]1CN([C@H](C)CO)C(=O)Cc2cc(ccc2O[C@H]1CN(C)S(=O)(=O)c1ccc(cc1)C)NS(=O)(=O)C,0,0.008116,0.028037,0.007227
C[C@@H]1CCCCO[C@@H](CN(C)CC2CC2)[C@@H](C)CN([C@H](C)CO)C(=O)c2cc(ccc2O1)NC(=O)Nc1ccc2c(c1)OCO2,0,0.034131,0.026780,0.005551
COc1ccc(cc1)NC(=O)Nc1ccc2c(c1)C(=O)N(C[C@H](C)[C@@H](CN(C)C(=O)NC1CCCCC1)OCCCC[C@H](C)O2)[C@H](C)CO,0,0.017725,0.023520,0.003760
C[C@H]1CN([C@@H](C)CO)C(=O)c2cccc(c2O[C@@H]1CN(C)CC1CCCCC1)NS(=O)(=O)c1cn(cn1)C,0,0.089806,0.024464,0.005594
