smiles,label,LogReg_prob,HistGBM_prob,XGB_prob
COC(=O)c1c(oc(c1C(=O)OC)C(=O)C)CC[C@@H](CO)NC(=O)N[C@H](Cn1cc(nn1)-c1ccccc1C)C(C)C,0,0.809084,0.210611,0.167955
CS(=O)(=O)NCc1cnc2n1CCN(CC2)C(=O)[C@H]1CCOC1,0,0.001494,0.022094,0.006009
C[C@H]1CN([C@H](C)CO)C(=O)c2cc(ccc2O[C@H]1CN(C)Cc1ccncc1)NC(=O)CCN1CCOCC1,0,0.001289,0.022757,0.004898
Nc1cccc(c1)O,0,0.095823,0.063089,0.024966
CCN1CCN(CC1)c1ccc(cc1)Nc1cc(ncn1)N(C)C(=O)Nc1c(c(cc(c1Cl)OC)OC)Cl,0,0.998498,0.733378,0.437289
C[C@@H]1CN([C@H](C)CO)C(=O)Cc2cc(ccc2O[C@H]1CN(C)C(=O)Nc1ccc(cc1)F)NC(=O)Nc1ccc(cc1)C(F)(F)F,0,0.569825,0.043373,0.041661
C[C@@H]1CN([C@@H](C)CO)C(=O)c2cc(ccc2O[C@H]1CN(C)Cc1ccc(cc1)C(=O)O)NS(=O)(=O)c1cn(cn1)C,0,0.096274,0.027223,0.005877
COc1ccc(cc1)CN(C)C[C@@H]1OCCCC[C@@H](C)Oc2ccc(cc2C(=O)N(C[C@H]1C)[C@H](C)CO)NC(=O)c1ccccc1,0,0.004326,0.022738,0.004484
C[C@H]1CCCCO[C@@H](CN(C)C(=O)c2ccccc2)[C@H](C)CN([C@H](C)CO)C(=O)c2cc(ccc2O1)NC(=O)NC1CCCCC1,0,0.003297,0.021891,0.003903
COc1ccc(cc1)S(=O)(=O)N1C[C@@H](O)COC[C@H]2O[C@H](CC[C@@H]21)CC(=O)N[C@@H]1CCN(C1)Cc1ccccc1,0,0.124010,0.025216,0.007490
C[C@@H]1CN([C@@H](C)CO)C(=O)c2cc(ccc2O[C@@H]1CN(C)Cc1ccc(cc1)C(=O)O)NC(=O)c1ccncc1,0,0.019718,0.051910,0.019914
CC(C)[Si]1(OCc2cc(nc(c21)-c1ccccc1)-c1ccc(o1)-c1ccc(c(c1)Cl)Cl)C(C)C,0,0.044648,0.630244,0.418230
CO[C@H]1CN(C)C(=O)c2cc(ccc2OC[C@@H](C)N(C[C@H]1C)C(=O)C1CCOCC1)NC(=O)C1CC1,0,0.026867,0.026232,0.008645
C[C@H]1CN([C@H](C)CO)C(=O)c2cc(cnc2O[C@H]1CN(C)C(=O)CN1CCOCC1)/C=C/c1ccccc1,0,0.002085,0.023397,0.006670
C[C@@H]1CN([C@@H](C)CO)C(=O)Cc2cc(ccc2O[C@H]1CN(C)C(=O)Nc1cccc2ccccc12)NC(=O)NC1CCCCC1,0,0.017660,0.023843,0.006871
C[C@@H]1CN([C@H](C)CO)C(=O)c2cc(ccc2O[C@H]1CN(C)S(=O)(=O)c1cccs1)NC(=O)CCN1CCOCC1,0,0.000577,0.023318,0.004572
OC[C@H]1O[C@@H](C[C@H]2[C@@H]1Oc1ccc(cc12)NS(=O)(=O)c1ccc(cc1)F)CC(=O)NCc1ccccn1,0,0.003835,0.024375,0.010806
OC[C@H]1[C@@H]2CN3C(=O)C(=CC=C3[C@@H]2N[C@@H]1C(=O)N1CCOCC1)c1ccc(cc1)F,0,0.025065,0.027892,0.014536
COc1ccc(cc1)CN(C)C[C@H]1OCCCC[C@@H](C)Oc2ccc(cc2C(=O)N(C[C@H]1C)[C@@H](C)CO)NC(=O)Nc1ccc(cc1)OC,0,0.022034,0.023773,0.006414
COc1ccccc1C#Cc1cnc2c(c1)C(=O)N(C[C@@H](C)[C@@H](CN(C)S(=O)(=O)c1cn(cn1)C)O2)[C@@H](C)CO,0,0.066823,0.023743,0.004331
C[C@@H]1CCCCO[C@@H](CN(C)Cc2ccc3c(c2)OCO3)[C@@H](C)CN([C@H](C)CO)C(=O)c2cc(ccc2O1)NS(=O)(=O)c1cccs1,0,0.001976,0.023814,0.004406
CC(C)NC(=O)Nc1ccc2c(c1)CC(=O)N(C[C@H](C)[C@H](CN(C)C(=O)NC1CCCCC1)O2)[C@H](C)CO,0,0.011375,0.027654,0.007644
C[C@@H]1CN([C@H](C)CO)C(=O)c2cc(ccc2O[C@H]1CN(C)S(=O)(=O)c1ccc(cc1)Cl)NC(=O)Cn1cnnn1,0,0.124961,0.024069,0.007392
C[C@H]1CN([C@H](C)CO)C(=O)c2cc(ccc2O[C@H]1CN(C)C(=O)NC1CCCCC1)NS(=O)(=O)C,0,0.007760,0.031740,0.007040
Nc1ccc(cc1)N1N=NNC1=S,0,0.566067,0.246594,0.159602
COc1ccc(cc1)NC(=O)Nc1cccc2c1O[C@H](CN(C)Cc1ccc(cc1)-c1ccccc1)[C@@H](C)CN([C@@H](C)CO)C2=O,0,0.054556,0.025607,0.009093
COc1ccc(cc1)S(=O)(=O)N(C)C[C@H]1Oc2ccc(cc2C(=O)N(C[C@@H]1C)[C@H](C)CO)NC(=O)Cc1ccccc1,0,0.005776,0.023891,0.005063
C[C@@H]1CCCCO[C@@H](CN(C)C(=O)C2CCCCC2)[C@H](C)CN([C@@H](C)CO)C(=O)c2cc(ccc2O1)NS(=O)(=O)c1cccs1,0,0.003500,0.023865,0.004626
C[C@@H]1CN([C@@H](C)CO)C(=O)c2cc(ccc2O[C@@H]1CN(C)S(=O)(=O)c1ccccc1)NS(=O)(=O)C,0,0.012166,0.024802,0.007102
OCc1ccc(cc1)CO[C@H]1C[C@H](C=C(O1)C(=O)NCc1ccccc1)c1ccc-2c(c1)Cc1ccccc12,0,0.125310,0.148557,0.131231
C[C@@H]1CN([C@H](C)CO)C(=O)c2cc(ccc2O[C@H]1CN(C)S(=O)(=O)c1cn(cn1)C)NS(=O)(=O)c1cccs1,0,0.010318,0.024066,0.005852
C[C@@H]1CCCCO[C@H](CN(C)C(=O)C2CCCCC2)[C@@H](C)CN([C@H](C)CO)C(=O)c2cc(ccc2O1)NS(=O)(=O)c1ccc(cc1)C,0,0.005220,0.024128,0.005014
C[C@H]1CCCCO[C@H](CN(C)C(=O)c2ccccc2)[C@@H](C)CN([C@@H](C)CO)C(=O)c2cc(ccc2O1)NC(=O)CCC(F)(F)F,0,0.040891,0.023240,0.011375
C[C@@H]1CN([C@H](C)CO)C(=O)Cc2cc(ccc2O[C@@H]1CN(C)S(=O)(=O)C)NC(=O)Cc1cn(c2ccccc12)C,0,0.001922,0.026378,0.004631
OCC1OC(O)(CO)C(O)C1O,0,0.002388,0.108128,0.036846
COC1C(O)C(C)OC(OC2CCC3(C=O)C(CCC4C3CCC3(C)C(C5=CC(=O)OC5)CCC43O)C2)C1O,0,0.970122,0.588186,0.431937
C[C@H]1CCCCO[C@H](CN(C)C(=O)CCCN(C)C)[C@H](C)CN([C@@H](C)CO)C(=O)c2cc(ccc2O1)N(C)C,0,0.048186,0.023565,0.007284
COc1ccc(cc1)NC(=O)N(C)C[C@H]1OCCCC[C@H](C)Oc2ccc(cc2C(=O)N(C[C@@H]1C)[C@H](C)CO)NC(=O)CCC(F)(F)F,0,0.139453,0.019433,0.010515
O=C(C=CC=Cc1ccc2c(c1)OCO2)N1CCCCC1,0,0.465224,0.452795,0.231155
C[C@@H]1CN([C@H](C)CO)C(=O)c2cc(ccc2O[C@@H]1CN(C)Cc1ccc(cc1)Oc1ccccc1)NC(=O)CCCN(C)C,0,0.019898,0.028022,0.009523
COc1ccc(cc1)NC(=O)N(C)C[C@@H]1Oc2ccc(cc2CC(=O)N(C[C@@H]1C)[C@@H](C)CO)NS(=O)(=O)c1cn(cn1)C,0,0.011499,0.023294,0.003966
C[C@@H]1CC[C@@]2(OC1)O[C@H]1C[C@H]3[C@H]4C[C@@H](O)[C@H]5C[C@H](CC[C@]5(C)[C@@H]4CC[C@]3(C)[C@H]1[C@@H]2C)O[C@@H]1O[C@H](CO)[C@H](O[C@@H]2O[C@H](CO)[C@@H](O)[C@H](O[C@@H]3OC[C@@H](O)[C@H](O)[C@H]3O)[C@H]2O[C@@H]2O[C@H](CO)[C@@H](O)[C@H](O)[C@H]2O)[C@H](O)[C@H]1O,0,0.551968,0.065105,0.019653
C[C@@H]1CN([C@@H](C)CO)C(=O)c2cccc(c2O[C@H]1CN(C)S(=O)(=O)C)NC(=O)Nc1ccc2c(c1)OCO2,0,0.014321,0.023828,0.005968
C[C@@H]1CN([C@@H](C)CO)C(=O)c2cccc(c2O[C@H]1CN(C)Cc1ccc(cc1)C(=O)Nc1ccccc1N)NC(=O)Nc1c(noc1C)C,0,0.031344,0.028388,0.006375
CO[C@H]1CN(C)C(=O)c2cc(ccc2OC[C@H](C)N(C[C@@H]1C)C(=O)C1CCOCC1)NC(=O)C1CC1,0,0.026867,0.026232,0.008645
Cc1cc(nc(n1)NS(=O)(=O)c1ccc(cc1)NC(=O)C1=CC=CN(OCc2ccc(cc2)F)C1=O)C,0,0.083033,0.064738,0.036782
COc1ccc(cc1)CN(C)C[C@H]1OCCCC[C@H](C)Oc2ccc(cc2C(=O)N(C[C@H]1C)[C@H](C)CO)NC(=O)NC1CCCCC1,0,0.029994,0.025029,0.005966
C[C@@H]1CN([C@@H](C)CO)C(=O)c2cc(cnc2O[C@H]1CN(C)S(=O)(=O)c1ccccc1F)C#Cc1ccncc1,0,0.035665,0.022937,0.005120
NCc1nnc2n1CCC2,0,0.038670,0.026413,0.014250
COc1ccc(cc1)CN(C)C[C@@H]1OCCCC[C@@H](C)Oc2ccc(cc2C(=O)N(C[C@H]1C)[C@H](C)CO)NC(=O)Nc1ccc(cc1)C(F)(F)F,0,0.452242,0.035286,0.015985
COc1ccc(Cl)cc1C(=O)NCCc1ccc(S(=O)(=O)NC(=O)NC2CCCCC2)cc1,0,0.036184,0.043155,0.040660
CC(C)c1nc(cs1)C(=O)N1CCC[C@@H](N)CC1,0,0.076448,0.031850,0.018751
C[C@@H]1CN([C@@H](C)CO)C(=O)c2cc(ccc2O[C@H]1CN(C)Cc1ccc(cc1)-c1ccccc1)NC(=O)Nc1ccc2c(c1)OCO2,0,0.020538,0.021750,0.007614
C[C@H]1CCCCO[C@@H](CN(C)C(=O)CCC(F)(F)F)[C@@H](C)CN([C@H](C)CO)C(=O)c2cc(ccc2O1)NC(=O)Cc1ccccc1,0,0.021110,0.018612,0.012296
C[C@@H]1CCCCO[C@@H](CN(C)S(=O)(=O)c2ccc(cc2)Cl)[C@@H](C)CN([C@H](C)CO)C(=O)c2cc(ccc2O1)NC(=O)Nc1ccc2c(c1)OCO2,0,0.009849,0.024724,0.004727
COc1ccc2nc(S(=O)Cc3ncc(C)c(OC)c3C)[nH]c2c1,0,0.537122,0.169799,0.182343
C[C@H]1CCCCO[C@@H](CN(C)C(=O)Nc2ccc(cc2)C(F)(F)F)[C@@H](C)CN([C@@H](C)CO)C(=O)c2cc(ccc2O1)NC(=O)c1ccncc1,0,0.126640,0.025083,0.012065
COc1ccc(cc1)NC(=O)Nc1ccc2c(c1)C(=O)N(C[C@H](C)[C@H](CN(C)C(=O)NC1CCCCC1)OCCCC[C@H](C)O2)[C@H](C)CO,0,0.013994,0.022414,0.004578
CN1CCN(c2c(F)cc3c(=O)c(C(=O)O)cn4c3c2OCN4C)CC1,1,0.960641,0.878716,0.896555
C[C@H](O)C#Cc1ccc2c(c1)O[C@@H](CN(C)C(=O)c1ccncc1)[C@@H](C)CN([C@H](C)CO)S2(=O)=O,0,0.024520,0.023404,0.005857
CC(C)c1cn(nn1)CC[C@H]1CC[C@H](N)[C@@H](CO)O1,0,0.700150,0.054573,0.017728
C[C@@H]1CN([C@@H](C)CO)C(=O)c2cc(ccc2O[C@@H]1CN(C)Cc1ccc(cc1)-c1ccccc1)NC(=O)CCC(F)(F)F,0,0.198132,0.087826,0.092374
C[C@@H]1CN([C@H](C)CO)C(=O)CCCn2nncc2CO[C@@H]1CN(C)S(=O)(=O)c1cccc(c1)C#N,0,0.001796,0.023504,0.006940
CCCNC(=O)N1C[C@H](C)[C@@H](CN(C)C(=O)c2cc(ccc2OC[C@H]1C)NS(=O)(=O)CC(F)(F)F)OC,0,0.015284,0.040105,0.011564
C[C@H]1CCCCO[C@@H](CN(C)C(=O)Nc2ccccc2)[C@@H](C)CN([C@@H](C)CO)C(=O)c2cc(ccc2O1)NS(=O)(=O)c1ccc(cc1)Cl,0,0.012198,0.023858,0.004516
C[C@H]1CN([C@H](C)CO)C(=O)Cc2cc(ccc2O[C@@H]1CN(C)C(=O)Nc1ccc(cc1)C(F)(F)F)NC(=O)Cc1ccccc1,0,0.174891,0.078498,0.103963
C[C@H]1CCCCO[C@H](CN(C)Cc2ccc(cc2)C(F)(F)F)[C@H](C)CN([C@H](C)CO)C(=O)c2cc(ccc2O1)NC(=O)C1CCCCC1,0,0.152809,0.026263,0.014343
CCS(=O)(=O)Nc1ccc2c(c1)C(=O)N(C)[C@H]1CC[C@@H](CC(=O)NCCOC)O[C@@H]1CO2,0,0.004695,0.023118,0.007340
C[C@H]1CN([C@H](C)CO)C(=O)c2cccc(c2O[C@H]1CN(C)S(=O)(=O)c1cccs1)NS(=O)(=O)c1ccccc1,0,0.003481,0.031991,0.007813
CC(=O)OC(C)(C)/C=C/C(=O)C(C)(O)[C@H]1[C@H](O)C[C@@]2(C)[C@H]3CC=C4[C@@H](C[C@H](O)C(=O)C4(C)C)[C@]3(C)C(=O)C[C@]12C,0,0.988118,0.576834,0.689479
C[C@H](COC(=O)[C@H](CC=C)CC(=O)OC(C)(C)C)NC(=O)[C@@H](CC=C)CC(=O)N[C@@H](CO)Cc1ccccc1,0,0.004457,0.042081,0.023372
O[C@H]1CC[C@@H]2C[C@H]1C[C@@H]2C(=O)O,0,0.076691,0.172590,0.054781
C[C@@H]1CCCCO[C@@H](CN(C)C(=O)Nc2cccc3ccccc23)[C@H](C)CN([C@@H](C)CO)C(=O)c2cc(ccc2O1)NC(=O)c1ccncc1,0,0.005516,0.022229,0.004013
C[C@H]1CCCCO[C@@H](CN(C)S(=O)(=O)c2cccs2)[C@H](C)CN([C@@H](C)CO)C(=O)c2cc(ccc2O1)NC(=O)Cc1ccccc1,0,0.000807,0.023366,0.003785
C[C@@H]1CCCCO[C@H](CN(C)Cc2ccc(c(c2)Cl)Cl)[C@@H](C)CN([C@@H](C)CO)C(=O)c2cc(ccc2O1)NS(=O)(=O)c1cn(cn1)C,0,0.102928,0.023368,0.004083
CO[C@H](CN(C)C(=O)c1ccc2c(c1)OCO2)[C@@H](C)CN([C@@H](C)CO)S(=O)(=O)c1ccc(cc1)C,0,0.030799,0.031289,0.008309
C[C@@H]1CCCCO[C@@H](CN(C)C(=O)C2CCCCC2)[C@H](C)CN([C@H](C)CO)C(=O)c2cc(ccc2O1)NC(=O)NC1CCCCC1,0,0.014777,0.025056,0.007586
COc1cc(c(cc1OC)CC(=O)NN)CO,0,0.697714,0.140080,0.061110
C[C@H](CC/C=C(\C)C(=O)O[C@H]1O[C@@H](CO)[C@@H](O)[C@@H](O)[C@@H]1O)[C@H]1C[C@@H](O)[C@@]2(C)[C@H]3CC[C@H]4C(C)(C)[C@H](CC[C@@]44C[C@@]34C[C@@H](O)[C@]12C)O[C@@H]1O[C@@H](CO[C@H]2OC[C@@H](O)[C@@H](O)[C@@H]2O)[C@@H](O)[C@@H](O)[C@@H]1O,0,0.661541,0.114412,0.098307
COCCN1C[C@H]2CN(C[C@H]2C1=O)Cc1nccn1C,0,0.082314,0.039450,0.011782
C[C@@H]1CN([C@@H](C)CO)C(=O)c2cccc(c2O[C@@H]1CN(C)Cc1ccc(cc1)Oc1ccccc1)NS(=O)(=O)c1ccc(cc1)F,0,0.006244,0.032943,0.009414
C[C@H]1CCCCO[C@H](CN(C)CC2CCCCC2)[C@H](C)CN([C@@H](C)CO)C(=O)c2cc(ccc2O1)NS(=O)(=O)c1ccc(cc1)F,0,0.030639,0.023971,0.007944
C[C@@H]1CN([C@@H](C)CO)C(=O)c2cc(ccc2O[C@@H]1CN(C)C(=O)Nc1ccc2c(c1)OCO2)NC(=O)c1ccncc1,0,0.003654,0.021291,0.005214
C[C@H]1CN([C@H](C)CO)C(=O)Cc2cc(ccc2O[C@H]1CN(C)S(=O)(=O)c1cccs1)NC(=O)Nc1c(noc1C)C,0,0.002362,0.023523,0.006176
C[C@H]1CCCCO[C@H](CN(C)C(=O)Cc2ccccc2)[C@H](C)CN([C@H](C)CO)C(=O)c2cc(ccc2O1)NS(=O)(=O)c1cccs1,0,0.001259,0.023366,0.003810
C[C@H]1CCCCO[C@H](CN(C)S(=O)(=O)c2ccc(cc2)Cl)[C@H](C)CN([C@@H](C)CO)C(=O)c2cc(ccc2O1)NC(=O)Nc1ccccc1,0,0.020639,0.023416,0.004755
CC(=O)OC1CC(OC(C)=O)C2(C)C(CC(O)C3(C)C2CCC2(C)C(c4ccoc4)OC(=O)C4OC423)C1(C)C,0,0.086422,0.439418,0.249466
C[C@H](O)C#Cc1cnc2c(c1)C(=O)N(C[C@@H](C)[C@@H](CN(C)C(=O)C)O2)[C@@H](C)CO,0,0.011241,0.029473,0.011852
Cl.NNCc1ccccc1,0,0.408901,0.367120,0.299976
C[C@@H]1CN([C@H](C)CO)C(=O)c2cc(cnc2O[C@H]1CN(C)C(=O)Cc1ccncc1)C#CC1(O)CCCC1,0,0.008338,0.036331,0.012571
C[C@@H]1O[C@@H](O[C@H]2[C@H](O)[C@@H](O)[C@@H](O[C@@H]2CO)OC(=O)[C@@]23CCC(C)(C)C[C@H]3C3=CC[C@H]4[C@@]5(C)CC[C@H](O[C@@H]6O[C@@H]([C@@H](O)[C@H](O)[C@H]6O)C(=O)O)C(C)(C)[C@@H]5CC[C@@]4(C)[C@]3(C)CC2)[C@H](O)[C@H](O)[C@H]1O,0,0.866008,0.467282,0.133326
C[C@H]1CN([C@@H](C)CO)S(=O)(=O)c2ccc(cc2O[C@@H]1CN(C)S(=O)(=O)c1ccc(cc1)F)C#Cc1ccc(cc1)F,0,0.320988,0.033915,0.010849
COc1ccccc1CNC(=O)C[C@H]1CC[C@@H]2[C@H](COC[C@@H](O)CN2C(=O)Nc2ccc(cc2)F)O1,0,0.689748,0.221136,0.191504
COc1ccc(cc1)S(=O)(=O)Nc1ccc2c(c1)CC(=O)N(C[C@@H](C)[C@@H](CN(C)Cc1ccncc1)O2)[C@@H](C)CO,0,0.000495,0.023314,0.004076
O[C@H]1OCC=C2OC(=O)C=C12,0,0.092020,0.701000,0.806162
C[C@@H]1CN([C@@H](C)CO)C(=O)c2cccc(c2O[C@@H]1CN(C)Cc1ccc(c(c1)Cl)Cl)NS(=O)(=O)c1ccc(cc1)Cl,0,0.085801,0.034542,0.009684
C[C@@H]1CN([C@H](C)CO)C(=O)c2cccc(c2O[C@H]1CN(C)Cc1ccc(cc1)C(=O)Nc1ccccc1N)NC(=O)Nc1c(noc1C)C,0,0.031344,0.028388,0.006375
C[C@@H]1CN([C@H](C)CO)C(=O)c2cccc(c2O[C@@H]1CN(C)S(=O)(=O)c1ccc(cc1)C)NC(=O)c1cc(nn1C)C,0,0.020508,0.024106,0.005430
CC(C)(C)NCC(O)c1ccccc1Cl.Cl,0,0.923147,0.246732,0.171736
NC(=NC(=N)Nc1ccccc1)N,0,0.000813,0.161401,0.081536
C[C@@H]1CN([C@H](C)CO)C(=O)c2cc(ccc2O[C@H]1CN(C)Cc1ccccc1)NC(=O)Nc1cccc2ccccc12,0,0.021766,0.036526,0.018891
CC(C)NC(=O)Nc1cccc2c1O[C@@H](CN(C)Cc1ccc(cc1)C(=O)O)[C@@H](C)CN([C@@H](C)CO)C2=O,0,0.155194,0.063672,0.027265
COc1ccc(cc1)CNC(=O)c1cc2c(c(n1)-c1cccc(c1)/C=C/C)[C@@H](CCO)N(C2)[S@@](=O)C(C)(C)C,0,0.014448,0.148036,0.094751
C[C@H]1CN([C@H](C)CO)S(=O)(=O)c2ccc(cc2O[C@H]1CN(C)C(=O)C1CCCCC1)C#CC1CC1,0,0.136374,0.026689,0.007982
C[C@@H]1CN([C@H](C)CO)C(=O)c2cccc(c2O[C@@H]1CN(C)CC1CCCCC1)NC(=O)Nc1ccccc1,0,0.107206,0.048377,0.027446
C[C@H]1CCCCO[C@H](CN(C)S(=O)(=O)c2cn(cn2)C)[C@H](C)CN([C@@H](C)CO)C(=O)c2cc(ccc2O1)NS(=O)(=O)c1ccc(cc1)F,0,0.012247,0.025932,0.007399
Cc1c(n(c2ccccc12)C[C@@H](O)CN)-c1ccccc1,0,0.589691,0.549629,0.414446
C[C@H]1CCCCO[C@@H](CN(C)S(=O)(=O)c2ccc(cc2)Cl)[C@@H](C)CN([C@@H](C)CO)C(=O)c2cc(ccc2O1)NS(=O)(=O)c1ccc(cc1)F,0,0.021739,0.024753,0.005798
N[C@@H](CC(=O)c1ccccc1N)C(=O)O,0,0.761314,0.040078,0.027932
CC(C)NC(=O)Nc1ccc2c(c1)C(=O)N(C[C@@H](C)[C@@H](CN(C)C(=O)Nc1ccc3c(c1)OCO3)O2)[C@@H](C)CO,0,0.017159,0.023034,0.007086
OC[C@@H](O)[C@@H](O)[C@H](O)[C@H](O)/C=N/NC(=O)CCCCCCC(=O)NO,0,0.002474,0.053057,0.027992
OC[C@H]1O[C@H](CC[C@H]1NS(=O)(=O)c1ccc(cc1)F)CC(=O)N1CCC(CC1)Cc1ccccc1,0,0.130972,0.039541,0.020408
COc1ccc(cc1)S(=O)(=O)N(C)C[C@@H]1Oc2c(cccc2C(=O)N(C[C@@H]1C)[C@H](C)CO)NC(=O)Nc1c(noc1C)C,0,0.060172,0.023227,0.005216
C[C@H]1CN([C@H](C)CO)C(=O)Cc2cc(ccc2O[C@H]1CN(C)Cc1ccc(cc1)Oc1ccccc1)NC(=O)Cc1cn(c2ccccc12)C,0,0.003511,0.022417,0.005499
C/C=C/c1ccc2c(c1)O[C@@H](CN(C)S(=O)(=O)c1ccc(cc1)F)[C@@H](C)CN([C@@H](C)CO)S2(=O)=O,0,0.019191,0.027325,0.008248
C[C@@H]1CN([C@H](C)CO)C(=O)CCCn2cc(nn2)CO[C@H]1CN(C)C(=O)Nc1cccc(c1)C(F)(F)F,0,0.819361,0.862485,0.770384
Cc1cccc(c1)CC1(N)CC1,0,0.369751,0.201961,0.102707
COc1ccc(cc1)S(=O)(=O)Nc1ccc2c(c1)C(=O)N(C[C@@H](C)[C@@H](CN(C)Cc1ccc(cc1)C(F)(F)F)OCCCC[C@H](C)O2)[C@H](C)CO,0,0.031359,0.025010,0.005968
COc1cccc(c1)CN(C)C[C@@H]1OCc2ccccc2-c2c(n(c3ccccc23)C)C(=O)N(C[C@@H]1C)[C@H](C)CO,0,0.097260,0.045178,0.026280
COc1ccc(cc1)S(=O)(=O)N(C)C[C@H]1OCCCC[C@@H](C)Oc2ccc(cc2C(=O)N(C[C@@H]1C)[C@@H](C)CO)NS(=O)(=O)c1cn(cn1)C,0,0.017853,0.026319,0.005687
Nc1nc2nc[nH]c2c(=S)[nH]1,0,0.394726,0.072875,0.032517
C[C@H]1CN([C@@H](C)CO)C(=O)c2cc(ccc2O[C@H]1CN(C)S(=O)(=O)C)NC(=O)Nc1c(noc1C)C,0,0.030145,0.025551,0.009963
CCS(=O)(=O)Nc1ccc2c(c1)C(=O)N(C)[C@H]1CC[C@H](CC(=O)N3CCN(C)CC3)O[C@@H]1CO2,0,0.010471,0.160558,0.009164
COc1ccc(cc1OC)CCN(C)CCCOc1ccc(cc1)S(=O)(=O)c1[nH]c2ccccc2c1C(C)C,0,0.859999,0.537985,0.463770
C[C@@H]1CN([C@@H](C)CO)C(=O)Cc2cc(ccc2O[C@H]1CN(C)S(=O)(=O)c1c(noc1C)C)NS(=O)(=O)c1c(noc1C)C,0,0.003981,0.027582,0.009102
CCCNC(=O)N1C[C@H](O)COC[C@H]2O[C@@H](CC[C@@H]21)CC(=O)N1CCN(C)CC1,0,0.633512,0.041585,0.022587
C[C@@H]1CCCCO[C@H](CN(C)C(=O)Nc2ccccc2)[C@H](C)CN([C@@H](C)CO)C(=O)c2cc(ccc2O1)NC(=O)Cc1ccccc1,0,0.004292,0.021867,0.004640
C[C@@H]1CCCCO[C@@H](CN(C)S(=O)(=O)c2ccc(cc2)F)[C@H](C)CN([C@@H](C)CO)C(=O)c2cc(ccc2O1)NC(=O)NC1CCCCC1,0,0.013427,0.023668,0.005026
C[C@@H]1CN([C@H](C)CO)C(=O)c2cccc(c2O[C@H]1CN(C)C(=O)Nc1ccc(cc1)C(F)(F)F)NC(=O)Nc1ccc(cc1)F,0,0.943149,0.799005,0.768669
C[C@@H]1CN([C@H](C)CO)C(=O)c2c(c3ccccc3n2C)-c2ccccc2CO[C@H]1CN(C)Cc1cccc2c1OCCCO2,0,0.013661,0.031364,0.009093
COc1ccc(cc1)CN(C)C[C@@H]1OCCCC[C@H](C)Oc2ccc(cc2C(=O)N(C[C@H]1C)[C@H](C)CO)NS(=O)(=O)c1ccc(cc1)Cl,0,0.008483,0.023262,0.004912
C[C@@H]1CCCCO[C@@H](CN(C)Cc2ccc(c(c2)Cl)Cl)[C@@H](C)CN([C@@H](C)CO)C(=O)c2cc(ccc2O1)NC(=O)Nc1ccc2c(c1)OCO2,0,0.089038,0.026644,0.006106
CC(C)(C)C(=O)C[n+]1cccc(c1)C(=O)N,0,0.036619,0.166169,0.036691
C[C@H]1CN([C@H](C)CO)S(=O)(=O)c2ccc(cc2O[C@H]1CN(C)C(=O)Cc1ccncc1)-c1cncnc1,0,0.009926,0.025762,0.004570
C=CC(=O)NCCCCNC(=O)C=C,0,0.013061,0.085222,0.035768
C[C@@H]1CCCCO[C@H](CN(C)C(=O)Nc2ccc(cc2)F)[C@@H](C)CN([C@H](C)CO)C(=O)c2cc(ccc2O1)NC(=O)c1ccncc1,0,0.018541,0.023204,0.004900
OCc1ccc(cc1)[C@@H]1C[C@H](CSc2nc(c(o2)-c2ccccc2)-c2ccccc2)O[C@@H](O1)c1ccc(cc1)NC(=O)CCCCCCC(=O)NO,0,0.588311,0.033211,0.012957
C[C@@H]1CN([C@H](C)CO)C(=O)CCCn2cc(nn2)CO[C@@H]1CN(C)C(=O)Nc1ccc2c(c1)OCCO2,0,0.024447,0.023984,0.004744
C[C@H]1CN([C@H](C)CO)C(=O)Cc2cc(ccc2O[C@H]1CN(C)S(=O)(=O)c1cccs1)NS(=O)(=O)c1ccccc1,0,0.000332,0.023385,0.005371
C[C@@H]1CCCCO[C@@H](CN(C)CC2CCCCC2)[C@@H](C)CN([C@H](C)CO)C(=O)c2cc(ccc2O1)NC(=O)Nc1cccc2ccccc12,0,0.099738,0.050067,0.012371
C[C@@H]1CN([C@H](C)CO)S(=O)(=O)c2ccc(cc2O[C@@H]1CN(C)Cc1ccc(cc1)-c1ccccc1)Br,0,0.405711,0.034924,0.014917
C[C@H]1CN([C@@H](C)CO)C(=O)c2cc(ccc2O[C@H]1CN(C)C(=O)Nc1c(noc1C)C)NC(=O)c1ccncc1,0,0.014132,0.021473,0.005076
C[C@@H](O)CN1CCN(CC1)S(=O)(=O)C1CC1,0,0.004071,0.046271,0.013580
C[C@H]1CCCCO[C@@H](CN(C)C(=O)NC2CCCCC2)[C@H](C)CN([C@@H](C)CO)C(=O)c2cc(ccc2O1)NC(=O)CCC(F)(F)F,0,0.127583,0.112008,0.074016
C[C@H]1CN([C@H](C)CO)C(=O)CCCn2cc(nn2)CO[C@@H]1CN(C)C(=O)Nc1ccc(cc1)C(F)(F)F,0,0.798899,0.881433,0.886846
C[C@H]1CN([C@H](C)CO)C(=O)Cc2cc(ccc2O[C@H]1CN(C)Cc1ccc(cc1)C(=O)O)NC(=O)C1CC1,0,0.119903,0.064140,0.033958
COc1ccc2c3c([nH]c2c1)[C@@H](CO)N(C[C@]13CCN(CC1)C(=O)Nc1cccc(c1)F)C(=O)c1ccc(cc1)F,0,0.259370,0.477502,0.231883
COc1cccc2c1Nc1c(cccc1C2=O)C(=O)Nc1ccc(cc1)CCN1CCc2cc(c(cc2C1)OC)OC,0,0.174026,0.048406,0.059625
C[C@@H]1CCCCO[C@@H](CN(C)Cc2ccncc2)[C@@H](C)CN([C@@H](C)CO)C(=O)c2cc(ccc2O1)NC(=O)Nc1cccc2ccccc12,0,0.010179,0.022838,0.005113
CN1[C@H]2CC[C@@H](CC(=O)N3CCOCC3)O[C@@H]2COc2ccc(cc2C1=O)NC(=O)c1cscn1,0,0.004053,0.028061,0.011930
Cc1ccc(cc1)S(=O)(=O)N1C[C@@H](O)COC[C@@H]2O[C@@H](CC[C@H]21)CC(=O)NCc1ccc(c(c1)Cl)Cl,0,0.552621,0.051019,0.025923
COCC#Cc1ccc2c(c1)O[C@@H](CN(C)Cc1ccc3c(c1)OCO3)[C@@H](C)CN([C@H](C)CO)S2(=O)=O,0,0.103730,0.026021,0.007680
COc1ccccc1C#Cc1cnc2c(c1)C(=O)N(C[C@@H](C)[C@H](CN(C)C(=O)c1ccc3c(c1)OCO3)O2)[C@@H](C)CO,0,0.016542,0.021388,0.005313
C[C@H]1CN([C@H](C)CO)C(=O)Cc2cc(ccc2O[C@H]1CN(C)S(=O)(=O)c1c(noc1C)C)NS(=O)(=O)c1ccccc1,0,0.001590,0.023078,0.005318
COc1ccc(cc1)NC(=O)N(C)C[C@H]1Oc2ncc(cc2C(=O)N(C[C@@H]1C)[C@H](C)CO)C#CC(C)C,0,0.112741,0.023682,0.005573
CC(C)NC(=O)N(C)C[C@@H]1Oc2c(cccc2C(=O)N(C[C@@H]1C)[C@H](C)CO)NS(=O)(=O)c1c(noc1C)C,0,0.029784,0.028292,0.014053
C[C@H]1CCCCO[C@H](CN(C)S(=O)(=O)c2c(noc2C)C)[C@H](C)CN([C@H](C)CO)C(=O)c2cc(ccc2O1)NC(=O)Nc1cccc2ccccc12,0,0.009350,0.023819,0.004221
C[C@@H]1CCCCO[C@H](CN(C)Cc2ccc(cc2)C(F)(F)F)[C@H](C)CN([C@H](C)CO)C(=O)c2cc(ccc2O1)NC(=O)Nc1c(noc1C)C,0,0.230310,0.024602,0.011634
C[C@H]1CN([C@H](C)CO)C(=O)Cc2cc(ccc2O[C@@H]1CN(C)S(=O)(=O)c1c(noc1C)C)NC(=O)c1ccncc1,0,0.001297,0.023312,0.004230
C[C@@H]1CCCCO[C@H](CN(C)CC2CCCCC2)[C@@H](C)CN([C@H](C)CO)C(=O)c2cc(ccc2O1)NC(=O)c1ccccc1,0,0.016715,0.026465,0.007649
C[C@H]1CCCCO[C@@H](CN(C)C(=O)NC2CCCCC2)[C@@H](C)CN([C@H](C)CO)C(=O)c2cc(ccc2O1)NC(=O)c1ccncc1,0,0.002174,0.022519,0.004283
C[C@@H]1CN([C@H](C)CO)C(=O)c2cccc(c2O[C@@H]1CN(C)S(=O)(=O)c1ccc(cc1)F)NC(=O)c1ccncc1,0,0.016972,0.023309,0.005987
CC(=C[C@H]1[C@@H](c2nc3cc(ccc3o2)Br)C1(C)C)C,0,0.589700,0.348993,0.184194
CN1CCN(CC1)C(=O)C[C@@H]1CC[C@@H]2[C@H](COC[C@H](O)CN2Cc2ccc3c(c2)OCO3)O1,0,0.389051,0.026547,0.015305
Cc1ccc(cc1)S(=O)(=O)N1C[C@H](O)COC[C@H]2O[C@@H](CC[C@@H]21)CC(=O)NCc1ccc(c(c1)Cl)Cl,0,0.552621,0.051019,0.025923
COC(=O)C(Cc1ccccc1)NC(=O)C(N)CC(=O)O,0,0.029179,0.029303,0.060515
COc1ccc(cc1)CN(C)C[C@@H]1Oc2c(cccc2C(=O)N(C[C@@H]1C)[C@H](C)CO)NC(=O)Nc1cccc2ccccc12,0,0.024382,0.027070,0.014934
C[C@@H]1CCCCO[C@H](CN(C)C(=O)Nc2c(noc2C)C)[C@H](C)CN([C@@H](C)CO)C(=O)c2cc(ccc2O1)NC(=O)Nc1c(noc1C)C,0,0.051854,0.028301,0.008456
CO[C@H]1CN(C)C(=O)c2ccc(cc2OC[C@H](C)N(C[C@@H]1C)C(=O)c1ccc2c(c1)OCO2)NS(=O)(=O)CC(F)(F)F,0,0.004545,0.032037,0.008256
C[C@H]1CN([C@@H](C)CO)C(=O)Cc2cc(ccc2O[C@H]1CN(C)Cc1ccccc1)NS(=O)(=O)c1c(noc1C)C,0,0.001360,0.023942,0.006300
N[C@@H](CCCNC(=S)N)C(=O)O,0,0.022538,0.071876,0.017281
C[C@H]1CCCCO[C@@H](CN(C)Cc2ccccc2)[C@H](C)CN([C@@H](C)CO)C(=O)c2cc(ccc2O1)NC(=O)NC1CCCCC1,0,0.021396,0.024362,0.007085
CS(=O)(=O)CC(=O)N1C[C@H]2COC[C@@]2(COc2cccnc2)C1,0,0.030166,0.305086,0.140343
CC(C)(C)[C@@H](COC(=O)[C@@H](CC=C)Cc1ccc(cc1)F)NC(=O)[C@H](CC=C)CC(=O)N(CCO)Cc1ccccc1,0,0.043717,0.037573,0.040850
C[C@@H]1CCCCO[C@H](CN(C)Cc2ccncc2)[C@@H](C)CN([C@@H](C)CO)C(=O)c2cc(ccc2O1)NC(=O)Nc1ccccc1,0,0.008062,0.021924,0.004035
C[C@@H]1CCCCO[C@@H](CN(C)Cc2ccccc2)[C@H](C)CN([C@@H](C)CO)C(=O)c2cc(ccc2O1)NC(=O)Nc1ccccc1,0,0.012740,0.028830,0.008941
COc1ccc(cc1)[Si](C)(C)[C@@H]1[C@@H](C)[C@@]2(O[C@H]1CC(=O)N(CCO)Cc1ccccc1)C(=O)N(Cc1cccc(c1)N1CCOC1=O)c1ccccc12,0,0.144156,0.051783,0.031324
C[C@@H]1CCCCO[C@@H](CN(C)Cc2ccc(c(c2)Cl)Cl)[C@@H](C)CN([C@@H](C)CO)C(=O)c2cc(ccc2O1)NS(=O)(=O)c1cccs1,0,0.015404,0.023785,0.004780
CC(C)(C)OC(=O)Nc1cccc(c1)[C@@H]1CC(=O)N([C@@H]1C(=O)Nc1cccc2cccnc12)C(=O)OCc1ccccc1,0,0.043192,0.159827,0.187550
C[C@H]1CN([C@H](C)CO)C(=O)c2cccc(c2O[C@@H]1CN(C)C(=O)Nc1ccc(cc1)C(F)(F)F)NC(=O)Nc1c(noc1C)C,0,0.821868,0.627038,0.535986
C[C@@H]1CN([C@@H](C)CO)C(=O)c2c(c3ccccc3n2C)-c2ccccc2CO[C@H]1CN(C)Cc1cccc(c1)F,0,0.077418,0.031751,0.017269
C[C@@H]1CCCCO[C@H](CN(C)Cc2ccc3c(c2)OCO3)[C@@H](C)CN([C@H](C)CO)C(=O)c2cc(ccc2O1)NC(=O)c1ccccc1,0,0.002391,0.021880,0.004235
COc1ccc(cc1)S(=O)(=O)N(C)C[C@H]1Oc2ccc(cc2C(=O)N(C[C@@H]1C)[C@@H](C)CO)NC(=O)NC(C)C,0,0.030262,0.024325,0.007304
C[C@@H]1CCCCO[C@H](CN(C)CC2CC2)[C@@H](C)CN([C@H](C)CO)C(=O)c2cc(ccc2O1)NC(=O)Nc1cccc2ccccc12,0,0.135603,0.036681,0.013159
COC(=O)[C@H]1[C@@H](CNC1=O)c1ccccc1,0,0.029846,0.215959,0.063293
COc1ccc(cc1)CN(C)C[C@H]1OCCCC[C@H](C)Oc2ccc(cc2C(=O)N(C[C@H]1C)[C@H](C)CO)NC(=O)Nc1ccc2c(c1)OCO2,0,0.013966,0.024562,0.004457
C[C@H]1CCCCO[C@@H](CN(C)S(=O)(=O)c2ccc(cc2)C)[C@H](C)CN([C@@H](C)CO)C(=O)c2cc(ccc2O1)NC(=O)Nc1ccccc1,0,0.007934,0.023474,0.004507
C[C@@H]1O[C@@H](O[C@H]2[C@H](O)[C@@H](NC(=O)C)[C@@H](O[C@@H]2CO)O[C@@H]2[C@@H](O)[C@H](C)O[C@@H](Oc3ccc4c(c3)OC=C(C4=O)c3ccc(cc3)O)[C@@H]2O)[C@H](O)[C@H](O)[C@H]1O,0,0.104269,0.206632,0.108861
C[C@H]1CN([C@H](C)CO)C(=O)Cc2cc(ccc2O[C@H]1CN(C)Cc1ccc(c(c1)Cl)Cl)NC(=O)Nc1ccc2c(c1)OCO2,0,0.043947,0.028523,0.007298
C[C@H]1CN([C@H](C)CO)C(=O)c2cccc(c2O[C@H]1CN(C)S(=O)(=O)c1ccc(cc1)F)NS(=O)(=O)c1cn(cn1)C,0,0.077031,0.026354,0.009287
C[C@@H]1CCCCO[C@@H](CN(C)C(=O)CCC(F)(F)F)[C@H](C)CN([C@H](C)CO)C(=O)c2cc(ccc2O1)NS(=O)(=O)c1ccc(cc1)C,0,0.013559,0.024941,0.005465
C[C@@H]1CCCCO[C@H](CN(C)S(=O)(=O)c2cccs2)[C@@H](C)CN([C@H](C)CO)C(=O)c2cc(ccc2O1)NC(=O)Cc1ccccc1,0,0.000807,0.023366,0.003785
CN1C(=O)N(C)c2nc([nH]c2C1=O)-[n+]1ccc(cc1)C(=O)O,0,0.924499,0.329603,0.242081
COc1cccc(C=O)c1OC,0,0.892930,0.133804,0.051015
O=C(N1c2ccccc2Sc2ccccc21)c1cccs1,0,0.895581,0.182604,0.205091
C[C@@H]1CN([C@H](C)CO)C(=O)c2cccc(c2O[C@H]1CN(C)CC1CCCCC1)NC(=O)Nc1ccc(cc1)C(F)(F)F,0,0.852784,0.901298,0.916683
C[C@H]1CCCCO[C@@H](CN(C)Cc2ccncc2)[C@H](C)CN([C@H](C)CO)C(=O)c2cc(ccc2O1)NS(=O)(=O)C,0,0.003469,0.023342,0.004344
CC(C)NC(=O)N(C)C[C@@H]1Oc2c(cccc2C(=O)N(C[C@H]1C)[C@@H](C)CO)NS(=O)(=O)c1cccs1,0,0.020092,0.025744,0.007147
C[C@H]1CCCCO[C@@H](CN(C)C(=O)c2ccccc2)[C@H](C)CN([C@H](C)CO)C(=O)c2cc(ccc2O1)NC(=O)Nc1ccc(cc1)C(F)(F)F,0,0.182118,0.019263,0.009415
C[C@@H]1CN([C@@H](C)CO)C(=O)Cc2cc(ccc2O[C@H]1CN(C)S(=O)(=O)c1ccc(cc1)C)NS(=O)(=O)c1ccc(cc1)F,0,0.005029,0.023113,0.006772
N[C@@H]1CC[C@H](CCn2cc(nn2)C2CC2)O[C@@H]1CO,0,0.861224,0.055391,0.020169
C[C@@H]1CN([C@H](C)CO)C(=O)c2cc(ccc2O[C@@H]1CN(C)S(=O)(=O)C)NC(=O)Nc1ccc(cc1)F,0,0.094015,0.032226,0.014081
C[C@H]1CN([C@@H](C)CO)C(=O)c2cc(ccc2O[C@@H]1CN(C)Cc1ccc2c(c1)OCO2)NC(=O)Nc1cccc2ccccc12,0,0.012328,0.036317,0.013350
COc1ccc(cc1)NC(=O)Nc1ccc2c(c1)C(=O)N(C[C@H](C)[C@@H](CN(C)S(=O)(=O)c1ccc(cc1)F)OCCCC[C@@H](C)O2)[C@H](C)CO,0,0.011212,0.023473,0.004730
C[C@@H]1CN([C@@H](C)CO)S(=O)(=O)c2ccc(cc2O[C@@H]1CN(C)C(=O)c1cccc(c1)F)C#CC1CC1,0,0.192308,0.029683,0.007215
CC(C)NC(=O)Nc1ccc2c(c1)C(=O)N(C[C@@H](C)[C@@H](CN(C)C(=O)Nc1ccccc1)OCCCC[C@@H](C)O2)[C@@H](C)CO,0,0.013421,0.024338,0.007012
C[C@@H]1CN([C@@H](C)CO)C(=O)c2cc(ccc2O[C@@H]1CN(C)C(=O)Nc1c(noc1C)C)NS(=O)(=O)c1ccccc1,0,0.012102,0.023763,0.005190
C[C@@H]1CCCCO[C@H](CN(C)C(=O)Nc2ccc3c(c2)OCO3)[C@@H](C)CN([C@H](C)CO)C(=O)c2cc(ccc2O1)NC(=O)Nc1ccccc1,0,0.010675,0.023096,0.004914
C[C@@H]1CN([C@@H](C)CO)C(=O)c2cc(cnc2O[C@@H]1CN(C)C(=O)Cc1cccnc1)C#CC1(O)CCCC1,0,0.009480,0.036331,0.012584
COc1ccc(cc1)NC(=O)Nc1ccc2c(c1)C(=O)N(C[C@@H](C)[C@@H](CN(C)CC1CCCCC1)OCCCC[C@H](C)O2)[C@H](C)CO,0,0.065884,0.030183,0.009476
C[C@H]1CCCCO[C@@H](CN(C)C(=O)Nc2c(noc2C)C)[C@@H](C)CN([C@H](C)CO)C(=O)c2cc(ccc2O1)NC(=O)Nc1cccc2ccccc12,0,0.039887,0.023111,0.005238
CC1(C)SCN([C@@H]1C(=O)N[C@@H](CNC(=O)NCc1ccccc1)C(=O)O)S(=O)(=O)c1ccccc1,0,0.430142,0.055932,0.095314
Nc1ccc(cc1)/C=C/c1ccccc1,0,0.252867,0.154391,0.229776
C[C@@H]1CN([C@H](C)CO)C(=O)Cc2cc(ccc2O[C@@H]1CN(C)S(=O)(=O)c1cn(cn1)C)NC(=O)Nc1ccc(cc1)F,0,0.028020,0.023519,0.005480
COc1ccc(cc1)CN(C)C[C@H]1OCCCC[C@@H](C)Oc2ccc(cc2C(=O)N(C[C@H]1C)[C@H](C)CO)NC(=O)CCC(F)(F)F,0,0.083960,0.026488,0.010026
COc1ccc(cc1)S(=O)(=O)N(C)C[C@H]1Oc2ccc(cc2CC(=O)N(C[C@@H]1C)[C@@H](C)CO)NS(=O)(=O)c1cccs1,0,0.001547,0.023816,0.004995
C[C@H]1CN([C@H](C)CO)C(=O)c2cc(cnc2O[C@@H]1CN(C)S(=O)(=O)c1ccc(cc1)F)-c1ccncc1,0,0.004965,0.031246,0.005342
COc1ccc(cc1)C#Cc1ccc2c(c1)O[C@H](CN(C)C(=O)C)[C@H](C)CN([C@@H](C)CO)S2(=O)=O,0,0.053002,0.023182,0.009181
CCCN(C)C[C@H]1OCCCC[C@H](C)Oc2ccc(cc2C(=O)N(C[C@H]1C)[C@@H](C)CO)NC(=O)c1ccccc1,0,0.012273,0.030587,0.017753
COCCn1cc2c(n1)[C@H](CNC(=O)COC)OCC2,0,0.048291,0.024924,0.017107
COc1ccc(cc1)NC(=O)Nc1ccc2c(c1)C(=O)N(C[C@H](C)[C@H](CN(C)C(=O)Nc1ccc(cc1)F)OCCCC[C@@H](C)O2)[C@H](C)CO,0,0.060516,0.021301,0.007166
COc1cccc(c1)C(=O)NCC(=O)O,0,0.089398,0.074746,0.031528
C[C@@H]1CN([C@@H](C)CO)C(=O)Cc2cc(ccc2O[C@@H]1CN(C)CC1CCCCC1)NS(=O)(=O)c1cn(cn1)C,0,0.020699,0.023803,0.005819
C[C@H]1CCCCO[C@H](CN(C)S(=O)(=O)c2c(noc2C)C)[C@@H](C)CN([C@@H](C)CO)C(=O)c2cc(ccc2O1)NS(=O)(=O)C,0,0.006592,0.023418,0.005469
NC(=O)c1ncn(c1N)[C@H]1O[C@@H](COP(=O)(O)O)[C@@H](O)[C@@H]1O,0,0.000000,0.104142,0.104024
C[C@@H]1CCCCO[C@@H](CN(C)Cc2ccc(cc2)C(=O)O)[C@@H](C)CN([C@H](C)CO)C(=O)c2cc(ccc2O1)NC(=O)Cc1ccccc1,0,0.039272,0.035387,0.012287
C[C@H]1CN([C@H](C)CO)C(=O)c2cc(ccc2O[C@H]1CN(C)Cc1ccc(cc1)C(=O)O)NS(=O)(=O)c1c(noc1C)C,0,0.029349,0.027149,0.008051
N[C@H](C(=O)O)c1cc(cc(c1)O)O,0,0.817760,0.052978,0.033716
CC(C)CC#Cc1ccc2c(c1)O[C@H](CN(C)C(=O)c1cccnc1)[C@H](C)CN([C@@H](C)CO)S2(=O)=O,0,0.044818,0.026665,0.005151
C[C@@H]1CN([C@@H](C)CO)C(=O)c2cc(cnc2O[C@@H]1CN(C)C(=O)CCN1CCCCC1)C#CCN(C)C,0,0.134388,0.025330,0.007353
C=CC(=O)NCCN1CCOCC1,0,0.007383,0.028177,0.009422
C[C@@H]1CN([C@@H](C)CO)S(=O)(=O)c2ccc(cc2O[C@H]1CN(C)Cc1ccncc1)C#CC(C)(C)O,0,0.022897,0.024025,0.005763
OC(=O)c1ccc2cc(ccc2c1)-c1ccc(c(c1)C12CC3CC(CC(C3)C2)C1)O,1,0.984171,0.824883,0.798233
CN1C[C@@H](O)COC[C@H]2O[C@@H](CC[C@@H]21)CC(=O)N1CCN(CC1)c1ccccc1,0,0.575937,0.091136,0.024853
C[C@@H]1CN([C@@H](C)CO)C(=O)c2cccc(c2O[C@H]1CN(C)C(=O)Nc1cccc2ccccc12)NC(=O)c1ccc(cc1)-c1nccs1,0,0.025357,0.022381,0.007376
COCCNC(=O)C[C@H]1C[C@@H]2[C@@H](Oc3ccc(cc32)NC(=O)COC)[C@H](CO)O1,0,0.056772,0.019741,0.007690
C[C@@H]1CN([C@H](C)CO)C(=O)c2cccc(c2O[C@H]1CN(C)C(=O)Nc1cccc2ccccc12)NS(=O)(=O)c1ccc(cc1)C,0,0.022483,0.034269,0.007877
CNC(=O)C[C@@H]1CC[C@@H]2[C@H](COC[C@@H](O)CN2C(=O)c2ccc3c(c2)OCO3)O1,0,0.137576,0.052107,0.025141
C[C@@H]1CN([C@@H](C)CO)C(=O)c2cc(cnc2O[C@@H]1CN(C)S(=O)(=O)c1ccccc1)C#CCN(C)C,0,0.028129,0.026571,0.007396
COc1ccc(cc1)S(=O)(=O)Nc1cccc2c1O[C@H](CN(C)S(=O)(=O)C)[C@H](C)CN([C@H](C)CO)C2=O,0,0.015841,0.026788,0.009490
C[C@H]1CCCCO[C@H](CN(C)C(=O)Nc2ccc3c(c2)OCO3)[C@H](C)CN([C@@H](C)CO)C(=O)c2cc(ccc2O1)NC(=O)Cc1ccccc1,0,0.004783,0.023168,0.004072
C[C@H]1CN([C@H](C)CO)C(=O)CCCn2cc(nn2)CO[C@@H]1CN(C)S(=O)(=O)c1ccc(cc1)Cl,0,0.050736,0.026371,0.009219
CCN1[C@@H]([C@@H](CO)[C@@H]2CN3C(=O)C(=CC=C3[C@@H]21)c1ccncc1)C(=O)NCCc1cn(cn1)C,0,0.215452,0.031722,0.010010
C[C@H]1CN([C@H](C)CO)C(=O)c2cc(ccc2O[C@H]1CN(C)S(=O)(=O)c1ccc(cc1)Cl)N(C)C,0,0.037008,0.038030,0.012893
NCc1cnn(c1)-c1ccc(cc1)F,0,0.609068,0.119888,0.035414
C[C@@H]1CCCCO[C@H](CN(C)S(=O)(=O)c2c(noc2C)C)[C@@H](C)CN([C@@H](C)CO)C(=O)c2cc(ccc2O1)NC(=O)Nc1cccc2ccccc12,0,0.009350,0.023819,0.004221
CC(C)(O)[C@@H](O)Cc1cc(ccc1O[C@H]1O[C@@H](CO)[C@@H](O)[C@@H](O)[C@@H]1O)O,0,0.052844,0.187005,0.169943
CS(=O)(=O)CS(=O)(=O)C1=C(C2CCN1CC2)N1CCOCC1,0,0.056199,0.355808,0.219919
C[C@@H]1CN([C@H](C)CO)C(=O)c2cccc(c2O[C@@H]1CN(C)C(=O)NC1CCCCC1)NC(=O)c1cnccn1,0,0.059336,0.026727,0.008698
CO[C@@H]1CN(C)C(=O)c2ccc(cc2OC[C@H](C)N(C[C@H]1C)C(=O)C1CCOCC1)NC(=O)CC(F)(F)F,0,0.077318,0.314054,0.151278
C[C@@H]1CCCCO[C@@H](CN(C)C(=O)Nc2ccc3c(c2)OCO3)[C@@H](C)CN([C@@H](C)CO)C(=O)c2cc(ccc2O1)NC(=O)c1ccccc1,0,0.002491,0.023499,0.004723
NC(=O)c1cn(c2ncnc(c12)N)[C@@H]1O[C@H](CO)[C@@H](O)[C@H]1O,0,0.121393,0.147037,0.128724
COc1ccc(cc1)NC(=O)N(C)C[C@H]1Oc2ncc(cc2C(=O)N(C[C@@H]1C)[C@H](C)CO)C#CCN(C)C,0,0.111969,0.022283,0.007283
CO[C@H]1CN(C)C(=O)c2ccc(cc2OC[C@@H](C)N(CC2CC2)C[C@@H]1C)NS(=O)(=O)c1cn(cn1)C,0,0.010363,0.025591,0.006341
C[C@@H]1CN([C@@H](C)CO)C(=O)Cc2cc(ccc2O[C@H]1CN(C)S(=O)(=O)C)NC(=O)Nc1ccccc1,0,0.004374,0.029766,0.008759
C[C@H]1CCCCO[C@@H](CN(C)C(=O)Nc2ccc(cc2)C(F)(F)F)[C@H](C)CN([C@H](C)CO)C(=O)c2cc(ccc2O1)NC(=O)CCC(F)(F)F,0,0.626241,0.182240,0.085835
C[C@@H]1CCCCO[C@@H](CN(C)S(=O)(=O)c2ccc(cc2)Cl)[C@H](C)CN([C@H](C)CO)C(=O)c2cc(ccc2O1)NC(=O)C1CCCCC1,0,0.015973,0.024290,0.005383
COC(=O)C(=C1OC(=O)C(c2ccccc2)=C1O)c1ccccc1,0,0.479184,0.180826,0.163442
c1ccc(cc1)-c1nn[nH]n1,0,0.365102,0.522600,0.287724
C[C@H]1CCCCO[C@H](CN(C)Cc2ccncc2)[C@H](C)CN([C@H](C)CO)C(=O)c2cc(ccc2O1)NC(=O)Nc1ccc(cc1)C(F)(F)F,0,0.271320,0.021305,0.012511
C[C@H]1CN([C@H](C)CO)C(=O)c2cc(ccc2O[C@@H]1CN(C)Cc1ccc(cc1)C(F)(F)F)NC(=O)Nc1cccc2ccccc12,0,0.203915,0.124192,0.070955
CN(C)CC(=O)N[C@@H]1CC[C@H](CCNC(=O)C2CCC2)O[C@H]1CO,0,0.243982,0.026693,0.009703
CNC[C@@H]1OCCCC[C@H](C)Oc2ccc(cc2C(=O)N(C[C@@H]1C)[C@H](C)CO)NC(=O)Nc1ccc(cc1)C(F)(F)F,0,0.705176,0.893880,0.912347
OC[C@H]1O[C@@H](C[C@H]2[C@@H]1Oc1ccc(cc12)NC(=O)C1CCOCC1)CC(=O)NCc1ccc(cc1)Cl,0,0.250951,0.052306,0.058727
C[C@@H]1CN([C@@H](C)CO)C(=O)c2cc(ccc2O[C@@H]1CN(C)S(=O)(=O)c1cn(cn1)C)NC(=O)Nc1c(noc1C)C,0,0.043679,0.025346,0.006113
O[C@H]1COC[C@@H]2O[C@@H](CC[C@H]2N(C1)S(=O)(=O)c1cccc(c1)F)CC(=O)NCc1ccncn1,0,0.384200,0.025441,0.010014
C[C@H]1CN([C@@H](C)CO)C(=O)c2cccc(c2O[C@@H]1CN(C)Cc1ccc(c(c1)Cl)Cl)NC(=O)C1CCCCC1,0,0.173549,0.042948,0.023706
C[C@@H]1CCCCO[C@@H](CN(C)C(=O)CCCN(C)C)[C@H](C)CN([C@H](C)CO)C(=O)c2cc(ccc2O1)NC(=O)Nc1ccc(cc1)F,0,0.103403,0.028963,0.008805
CC(=O)N1CCN(CCOc2ccc(cc2)C2CCN(CC2)C2=Nn3c(nnc3C(F)(F)F)CC2)CC1,0,0.330490,0.170690,0.180444
COC(=O)c1cncn1C,0,0.029108,0.053734,0.014456
Cc1nc(cs1)-c1sc2ccc(cc2c1C)Cl,0,0.763615,0.229916,0.077414
C[C@H]1CN([C@@H](C)CO)C(=O)Cc2cc(ccc2O[C@@H]1CN(C)S(=O)(=O)C)NC(=O)CCCN(C)C,0,0.003833,0.023321,0.006860
CC(C)CC#Cc1ccc2c(c1)O[C@H](CN(C)S(=O)(=O)c1ccc(cc1)F)[C@H](C)CN([C@@H](C)CO)S2(=O)=O,0,0.127434,0.033226,0.008702
Cc1ccc2cc3c(ccc4ccccc43)c3c2c1CC3,0,0.875929,0.226966,0.231110
C[C@@H]1CCCCO[C@@H](CN(C)Cc2ccc(cc2)C(=O)O)[C@@H](C)CN([C@@H](C)CO)C(=O)c2cc(ccc2O1)NS(=O)(=O)c1ccc(cc1)C,0,0.039929,0.027832,0.005243
N#C[C@H]1NCc2cnnn2-c2ccccc21,0,0.043273,0.074282,0.053731
C[C@@H]1CCCCO[C@H](CN(C)C(=O)Nc2ccc(cc2)F)[C@@H](C)CN([C@@H](C)CO)C(=O)c2cc(ccc2O1)NS(=O)(=O)c1ccccc1,0,0.010093,0.023486,0.004678
NCc1ccc2c(c1)CCO2,0,0.144057,0.057398,0.038785
CC(=O)N1[C@@H](CO)[C@@H]([C@@H]1CNC(=O)CN1CCOCC1)c1ccccc1,0,0.019059,0.037164,0.018475
CC(=O)OCC1=C(C(=O)[O-])N2C(=O)C(NC(=O)Cc3cccs3)C2SC1.[Na+],1,0.989009,0.947822,0.981157
CC1=C(C=C(C(=O)NCc2ccc(cn2)S(=O)(=O)C)C(=O)N1c1cccc(c1)C(F)(F)F)c1ccnn1C,0,0.791910,0.431203,0.511072
C[C@@H]1CN([C@H](C)CO)C(=O)c2c(c3ccccc3n2C)-c2ccccc2CO[C@H]1CN(C)C(=O)Nc1ccccc1C(F)(F)F,0,0.694468,0.167382,0.129927
C[C@H]1CN([C@@H](C)CO)C(=O)c2cc(ccc2O[C@@H]1CN(C)S(=O)(=O)C)NS(=O)(=O)c1ccc(cc1)F,0,0.014832,0.026416,0.011054
C[C@H]1CN([C@@H](C)CO)S(=O)(=O)c2ccc(cc2O[C@@H]1CN(C)C(=O)Cc1ccncc1)C#CC1CC1,0,0.052631,0.025408,0.005442
Clc1ccc(C(Cn2ccnc2)OCc2ccsc2Cl)c(Cl)c1,1,0.933385,0.759822,0.610243
C[C@H]1CCCCO[C@@H](CN(C)C(=O)c2ccccc2)[C@@H](C)CN([C@H](C)CO)C(=O)c2cc(ccc2O1)NC(=O)C1CCCCC1,0,0.001945,0.022305,0.005141
CC(C)CC#Cc1ccc2c(c1)O[C@@H](CN(C)C(=O)c1cnccn1)[C@H](C)CN([C@@H](C)CO)S2(=O)=O,0,0.215716,0.023675,0.006029
COc1ccc(cc1)S(=O)(=O)N[C@@H]1CC[C@H](CC(=O)N2CCC(CC2)Cc2ccccc2)O[C@H]1CO,0,0.053403,0.033359,0.016286
C[C@H]1CN([C@@H](C)CO)C(=O)c2cc(cnc2O[C@H]1CN(C)S(=O)(=O)c1ccccc1)C#CCN(C)C,0,0.028129,0.026571,0.007396
CC(C)NC(=O)Nc1cccc2c1O[C@@H](CN(C)C(=O)Nc1ccc3c(c1)OCO3)[C@@H](C)CN([C@H](C)CO)C2=O,0,0.028954,0.022608,0.008189
C[C@@H]1OC(=O)C[C@H](O)C[C@H](O)C[C@H](O)CC[C@H](O)[C@H](O)C[C@]2(O)C[C@@H](O)[C@@H]([C@@H](C[C@H](O[C@@H]3O[C@H](C)[C@@H](O)[C@H](N)[C@@H]3O)/C=C\C=C/C=C\C=C/CC/C=C\C=C/[C@H](C)[C@@H](O)[C@@H]1C)O2)C(=O)O,0,0.068460,0.744333,0.428237
COc1ccc(cc1)S(=O)(=O)Nc1cccc2c1O[C@H](CN(C)CC1CC1)[C@@H](C)CN([C@H](C)CO)C2=O,0,0.025376,0.024746,0.006006
OC[C@@H]1O[C@@H](CC[C@H]1NC(=O)c1cccnc1)CC(=O)NCCN1CCCCC1,0,0.038780,0.030174,0.012356
COCC(=O)N1C[C@H](C)[C@@H](CN(C)C(=O)c2ccc(cc2OC[C@@H]1C)NC(=O)c1ccc(cc1)OC)OC,0,0.002358,0.022920,0.006520
CC1=NN2C(=NN[C@@]2(C)c2ccccc2)NC1=O,0,0.000682,0.068890,0.062648
O=C1NC(=S)NC(=O)C1CN1CCOCC1,0,0.044161,0.059580,0.043822
CN1C(=O)N(C)c2nc(n(c2C1=O)C)NCCO,0,0.239659,0.131536,0.055344
C[C@H]1CN([C@@H](C)CO)C(=O)c2cccc(c2O[C@@H]1CN(C)Cc1ccc(cc1)-c1ccccc1)NS(=O)(=O)c1ccccc1,0,0.006878,0.037684,0.007401
C[C@@H]1CN([C@H](C)CO)C(=O)Cc2cc(ccc2O[C@H]1CN(C)Cc1ccc(cc1)C(=O)Nc1ccccc1N)NC(=O)CCC(F)(F)F,0,0.018378,0.023501,0.011233
C[C@@H]1CCCCO[C@H](CN(C)C(=O)CCC(F)(F)F)[C@@H](C)CN([C@H](C)CO)C(=O)c2cc(ccc2O1)NS(=O)(=O)c1ccc(cc1)Cl,0,0.033131,0.025613,0.005837
C[C@H]1CCCCO[C@@H](CN(C)S(=O)(=O)c2cccs2)[C@H](C)CN([C@H](C)CO)C(=O)c2cc(ccc2O1)NS(=O)(=O)c1ccc(cc1)Cl,0,0.003589,0.025196,0.005354
C[C@H]1CN([C@H](C)CO)C(=O)Cc2cc(ccc2O[C@@H]1CN(C)Cc1ccc(cc1)C(F)(F)F)NC(=O)Cc1cn(c2ccccc12)C,0,0.053535,0.038601,0.012180
C[C@@H]1CCCCO[C@@H](CN(C)S(=O)(=O)c2cccs2)[C@@H](C)CN([C@@H](C)CO)C(=O)c2cc(ccc2O1)NS(=O)(=O)c1cn(cn1)C,0,0.006068,0.024605,0.004667
C[C@H]1CCCCO[C@@H](CN(C)S(=O)(=O)c2ccc(cc2)C)[C@H](C)CN([C@H](C)CO)C(=O)c2cc(ccc2O1)NC(=O)Nc1ccc(cc1)F,0,0.033564,0.023473,0.004875
CC[C@H]1OC(=O)C[C@@H](O)[C@H](C)[C@@H](O[C@@H]2O[C@H](C)C[C@@H]([C@H]2O)N(C)C)[C@@H](CC=O)C[C@@H](C)C(=O)/C=C/[C@]2(C)O[C@H]2[C@@H]1C,1,0.998863,0.735569,0.866397
C[C@@H]1CCCCO[C@H](CN(C)Cc2ccc(cc2)C(F)(F)F)[C@H](C)CN([C@@H](C)CO)C(=O)c2cc(ccc2O1)NC(=O)Nc1cccc2ccccc12,0,0.199152,0.027600,0.012387
C[C@H]1CCCCO[C@H](CN(C)C(=O)Nc2ccccc2)[C@H](C)CN([C@@H](C)CO)C(=O)c2cc(ccc2O1)NS(=O)(=O)c1c(noc1C)C,0,0.008500,0.023945,0.005073
CN(C)CCCNC(=O)C[C@H]1CC[C@H]2[C@@H](COc3ccc(cc3C(=O)N2C)NC(=O)NC2CCCC2)O1,0,0.113532,0.027552,0.018629
C[C@@H]1CCCCO[C@H](CN(C)C(=O)Nc2c(noc2C)C)[C@H](C)CN([C@H](C)CO)C(=O)c2cc(ccc2O1)NC(=O)c1ccccc1,0,0.007838,0.023515,0.004746
COc1ccc(cc1)S(=O)(=O)Nc1ccc2c(c1)C(=O)N(C[C@@H](C)[C@H](CN(C)C(=O)Nc1cccc3ccccc13)OCCCC[C@@H](C)O2)[C@H](C)CO,0,0.004146,0.023861,0.004177
CC(C)[C@@H](CO)N1[C@@H]2C(=O)N(CC=C[C@]22O[C@@H]3/C=C\CCCOC(=O)[C@@H]3[C@@]2(C)C1=O)c1ccc(cc1)Cl,0,0.791220,0.396028,0.346541
OC[C@H]1O[C@@H](CC[C@@H]1NC(=O)CN1CCOCC1)CCn1cc(nn1)C1CC1,0,0.452900,0.027776,0.009626
COc1cccc(c1)NC(=O)N(C)C[C@@H]1OCc2ccccc2-c2c(n(c3ccccc23)C)C(=O)N(C[C@H]1C)[C@@H](C)CO,0,0.014899,0.028865,0.010389
C[C@@H]1CN([C@@H](C)CO)C(=O)Cc2cc(ccc2O[C@@H]1CN(C)S(=O)(=O)c1ccc(cc1)Cl)NC(=O)Nc1ccc(cc1)C(F)(F)F,0,0.296016,0.038686,0.013356
COc1ccc(cc1)S(=O)(=O)N(C)C[C@@H]1OCCCC[C@@H](C)Oc2ccc(cc2C(=O)N(C[C@@H]1C)[C@H](C)CO)NC(=O)Nc1c(noc1C)C,0,0.013651,0.023331,0.004603
COc1ccccc1C#Cc1cnc2c(c1)C(=O)N(C[C@@H](C)[C@@H](CN(C)C(=O)CN(C)C)O2)[C@H](C)CO,0,0.257798,0.025026,0.008318
C[C@H]1CN([C@H](C)CO)C(=O)CCCn2nncc2CO[C@@H]1CN(C)S(=O)(=O)c1ccc2c(c1)OCCCO2,0,0.002687,0.024087,0.005713
C[C@H]1CN([C@@H](C)CO)C(=O)c2cc(ccc2O[C@@H]1CN(C)S(=O)(=O)C)NC(=O)Nc1ccc(cc1)C(F)(F)F,0,0.396283,0.272422,0.120017
C[C@@H]1CN([C@@H](C)CO)C(=O)Cc2cc(ccc2O[C@@H]1CN(C)C(=O)NC1CCCCC1)NC(=O)Nc1cccc2ccccc12,0,0.010375,0.023848,0.007170
COCC#Cc1ccc2c(c1)O[C@H](CN(C)C(=O)COC)[C@@H](C)CN([C@@H](C)CO)S2(=O)=O,0,0.178816,0.022921,0.009160
C[C@H]1CN([C@H](C)CO)C(=O)c2cc(ccc2O[C@@H]1CN(C)C(=O)NC1CCCCC1)NS(=O)(=O)C,0,0.007760,0.031740,0.007040
CN(C)CC1=NC(=O)c2ccccc2N1,0,0.240674,0.041924,0.017838
CC(C)(C)[C@@H](COC(=O)[C@H](CC=C)NC(=O)OCC1c2ccccc2-c2ccccc21)NC(=O)[C@H](CC=C)CC(=O)N(CCO)Cc1ccccc1,0,0.000773,0.089460,0.042533
C[C@@H]1CN([C@@H](C)CO)C(=O)Cc2cc(ccc2O[C@H]1CN(C)Cc1ccncc1)NS(=O)(=O)c1cccs1,0,0.000416,0.023946,0.004745
CN(C)CCCNC(=O)[C@]1(CC(=O)N(Cc2ccccc2C(F)(F)F)[C@@H]1c1ccc(cc1)CO)Sc1ccc(cc1)C,0,0.966733,0.305220,0.249748
OC[C@@H]1O[C@H](CC(=O)NCc2ccncn2)C=C[C@H]1NC(=O)c1ccncc1,0,0.018193,0.091516,0.027966
C[C@H]1CCCCO[C@H](CN(C)C(=O)c2ccccc2)[C@@H](C)CN([C@@H](C)CO)C(=O)c2cc(ccc2O1)NS(=O)(=O)c1ccc(cc1)F,0,0.003010,0.023301,0.004186
C[C@@H]1CN([C@H](C)CO)C(=O)c2cc(ccc2O[C@H]1CN(C)Cc1ccc(cc1)-c1ccccc1)NC(=O)Nc1ccc(cc1)C(F)(F)F,0,0.574705,0.387390,0.240294
C[C@H]1CCCCO[C@@H](CN(C)C(=O)Nc2ccc(cc2)C(F)(F)F)[C@@H](C)CN([C@@H](C)CO)C(=O)c2cc(ccc2O1)NC(=O)C1CCCCC1,0,0.377360,0.032774,0.020063
OCCNC(=O)CCCCCCCC(=O)NCCO,0,0.000514,0.065412,0.036766
COc1ccc(cc1)S(=O)(=O)Nc1cccc2c1O[C@@H](CN(C)S(=O)(=O)c1ccc(cc1)OC)[C@H](C)CN([C@H](C)CO)C2=O,0,0.018390,0.025905,0.007504
COc1ccc(cc1)S(=O)(=O)Nc1cccc2c1O[C@@H](CN(C)Cc1ccncc1)[C@H](C)CN([C@H](C)CO)C2=O,0,0.003036,0.024016,0.004603
COc1ccc(cc1)NC(=O)Nc1ccc2c(c1)C(=O)N(C[C@@H](C)[C@@H](CN(C)CC1CCCCC1)O2)[C@@H](C)CO,0,0.080299,0.034506,0.012303
CC(C)NC(=O)N(C)C[C@@H]1Oc2ccc(cc2C(=O)N(C[C@H]1C)[C@@H](C)CO)NC(=O)CCCN(C)C,0,0.021064,0.023877,0.007057
C[C@H]1CCCCO[C@@H](CN(C)C(=O)Nc2ccccc2)[C@@H](C)CN([C@@H](C)CO)C(=O)c2cc(ccc2O1)NC(=O)Cc1ccccc1,0,0.004292,0.021867,0.004640
C[C@H]1CCCCO[C@@H](CN(C)Cc2ccc(cc2)C(F)(F)F)[C@H](C)CN([C@@H](C)CO)C(=O)c2cc(ccc2O1)NS(=O)(=O)c1c(noc1C)C,0,0.059378,0.030446,0.007301
C[C@@H]1CN([C@@H](C)CO)C(=O)c2cc(ccc2O[C@@H]1CN(C)Cc1ccncc1)NS(=O)(=O)c1c(noc1C)C,0,0.002035,0.023348,0.004314
C[C@H]1CN([C@H](C)CO)C(=O)Cc2cc(ccc2O[C@H]1CN(C)S(=O)(=O)c1cccs1)NS(=O)(=O)C,0,0.001473,0.025397,0.005910
C[C@H]1CN([C@H](C)CO)C(=O)c2cc(cnc2O[C@H]1CN(C)C(=O)Nc1cccc2ccccc12)-c1ccccc1,0,0.011560,0.028360,0.013118
OC[C@@H]1N[C@H](C#N)[C@H]1c1ccccc1,0,0.010020,0.162646,0.041702
CC(Cn1cnc2c(N)ncnc21)OCP(=O)(O)O,0,0.981077,0.107720,0.185140
COCC#Cc1ccc2c(c1)O[C@H](CN(C)C(=O)C1CCOCC1)[C@H](C)CN([C@@H](C)CO)S2(=O)=O,0,0.093160,0.024006,0.008056
Cn1c(nc2ccccc12)S(=O)(=O)CC(=O)N,0,0.056312,0.064839,0.048556
COc1ccc2c3c(n(c2c1)C)[C@@H](CO)N(Cc1cc(cc(c1)OC)OC)C[C@]13CCN(CC1)C(=O)Nc1cccc(c1)F,0,0.314991,0.062791,0.053631
CC[C@@H](O)C#CCN1CCN(C)CC1,0,0.309224,0.075582,0.022097
C[C@H]1CN([C@H](C)CO)C(=O)Cc2cc(ccc2O[C@@H]1CN(C)S(=O)(=O)c1ccc(cc1)F)NC(=O)Cn1cnnn1,0,0.017172,0.023997,0.006436
C[C@@H]1CCCCO[C@H](CN(C)C(=O)Nc2ccc3c(c2)OCO3)[C@@H](C)CN([C@H](C)CO)C(=O)c2cc(ccc2O1)NC(=O)c1ccccc1,0,0.002491,0.023499,0.004723
C[C@H]1CN([C@@H](C)CO)C(=O)c2cccc(c2O[C@H]1CN(C)Cc1ccc(cc1)Oc1ccccc1)NS(=O)(=O)c1ccc(cc1)Cl,0,0.007604,0.034363,0.008892
Nc1ncnc2n(cnc12)[C@@H]1O[C@H](CO)C[C@H]1O,0,0.126736,0.102261,0.065806
C[C@@H]1CN([C@H](C)CO)S(=O)(=O)c2ccc(cc2O[C@H]1CN(C)Cc1ccc(cc1)F)C#CC(C)(C)O,0,0.060618,0.043028,0.009045
C[C@H]1CN([C@@H](C)CO)C(=O)Cc2cc(ccc2O[C@H]1CN(C)C(=O)Nc1ccc2c(c1)OCO2)NC(=O)c1ccncc1,0,0.001321,0.021929,0.004834
CC1=CC(=O)C2=C(C)CCC3C(C)C(=O)OC3C12,0,0.138143,0.057117,0.039485
C[C@H]1CN([C@@H](C)CO)S(=O)(=O)c2ccc(cc2O[C@H]1CN(C)C(=O)NC1CCCCC1)-c1cccnc1,0,0.013236,0.026436,0.004998
C[C@@H]1CN([C@@H](C)CO)C(=O)Cc2cc(ccc2O[C@H]1CN(C)C(=O)Nc1cccc2ccccc12)NC(=O)C1CCCCC1,0,0.019142,0.024488,0.007377
CC(C)NC(=O)N(C)C[C@H]1Oc2ccc(cc2C(=O)N(C[C@@H]1C)[C@H](C)CO)NC(=O)Nc1ccc2c(c1)OCO2,0,0.014371,0.023949,0.008285
C[C@@H]1CCCCO[C@H](CN(C)C(=O)Nc2ccc(cc2)C(F)(F)F)[C@H](C)CN([C@H](C)CO)C(=O)c2cc(ccc2O1)NS(=O)(=O)c1ccccc1,0,0.068195,0.041057,0.009852
C[C@@H]1CCCCO[C@H](CN(C)CC2CCCCC2)[C@H](C)CN([C@@H](C)CO)C(=O)c2cc(ccc2O1)NC(=O)NC1CCCCC1,0,0.087138,0.029297,0.012922
C[C@H]1CN([C@@H](C)CO)C(=O)c2cc(ccc2O[C@H]1CN(C)C(=O)Nc1ccc2c(c1)OCO2)NS(=O)(=O)c1cn(cn1)C,0,0.021195,0.023589,0.004209
CN(C)CCCNC(=O)C[C@H]1CC[C@@H]2[C@@H](COc3ccc(cc3C(=O)N2C)NS(=O)(=O)C)O1,0,0.026497,0.023279,0.008601
CCNC(=O)[C@H]1O[C@H]([C@H](O)[C@@H]1O)n1cnc2c(nc(nc12)NCCc1ccc(cc1)CCC(=O)O)N,0,0.409489,0.390589,0.256040
COc1ccc(-c2cc(=O)c3c(O)c(OC)c(OC)c(OC)c3o2)cc1OC,0,0.562708,0.155651,0.066234
C[C@H]1CCCCO[C@H](CN(C)C(=O)NC2CCCCC2)[C@H](C)CN([C@@H](C)CO)C(=O)c2cc(ccc2O1)NC(=O)Nc1cccc2ccccc12,0,0.021516,0.023803,0.005708
C[C@@H]1CN([C@@H](C)CO)C(=O)c2cc(ccc2O[C@@H]1CN(C)Cc1ccc(cc1)-c1ccccc1)NC(=O)Nc1cccc2ccccc12,0,0.047587,0.056890,0.029118
C[C@H]1CN([C@H](C)CO)C(=O)c2cc(ccc2O[C@H]1CN(C)Cc1ccc2c(c1)OCO2)NC(=O)CCN1CCOCC1,0,0.001887,0.024001,0.005838
O=C(Cc1nn[nH]n1)NS(=O)(=O)c1ccccc1,0,0.021829,0.050087,0.016720
C[C@@H]1CCCCO[C@H](CN(C)Cc2ccc3c(c2)OCO3)[C@H](C)CN([C@@H](C)CO)C(=O)c2cc(ccc2O1)NC(=O)Cc1ccccc1,0,0.004800,0.022541,0.005729
CCCNC(=O)N1C[C@@H](O)COC[C@H]2O[C@H](CC[C@@H]21)CC(=O)N1CCN(C)CC1,0,0.633512,0.041585,0.022587
COc1cc(O)c(C(C)=O)c(OC)c1,0,0.667658,0.093886,0.077716
C[C@@H]1CN([C@H](C)CO)S(=O)(=O)c2ccc(cc2O[C@H]1CN(C)C(=O)Cc1ccncc1)C1=CCCC1,0,0.002821,0.025248,0.005565
CC(C)(O[C@@H]1O[C@H](CO)[C@@H](O)[C@H](O)[C@H]1O)C#N,0,0.010509,0.103382,0.083969
CS(=O)(=O)N1[C@H]2CN3C(=O)C(=CC=C3[C@@H]1[C@@H]([C@H]2CO)C(=O)N1CCOCC1)C1=CCCCC1,0,0.002373,0.043405,0.010425
C[C@H]1CN([C@H](C)CO)C(=O)c2cccc(c2O[C@@H]1CN(C)S(=O)(=O)c1cn(cn1)C)NC(=O)C1CCOCC1,0,0.024997,0.023036,0.004553
C[C@@H]1CCCCO[C@@H](CN(C)S(=O)(=O)c2ccc(cc2)Cl)[C@@H](C)CN([C@H](C)CO)C(=O)c2cc(ccc2O1)NC(=O)Nc1c(noc1C)C,0,0.037224,0.023242,0.004704
CC1=CN([C@@H]2O[C@H](CO)[C@@H](O)[C@H]2O)C(=O)N=C1N,0,0.402446,0.122966,0.072194
C[C@H]1CCCCO[C@H](CN(C)Cc2ccncc2)[C@H](C)CN([C@@H](C)CO)C(=O)c2cc(ccc2O1)NC(=O)CCC(F)(F)F,0,0.036813,0.072652,0.050205
C[C@H]1CCCCO[C@H](CN(C)Cc2ccc(cc2)C(F)(F)F)[C@H](C)CN([C@@H](C)CO)C(=O)c2cc(ccc2O1)NC(=O)Nc1ccc(cc1)C(F)(F)F,0,0.768906,0.038422,0.016114
CN1CCN(CC1)C(=O)C[C@H]1CC[C@@H](NC(=O)c2ccc3c(c2)OCO3)[C@H](CO)O1,0,0.040708,0.026645,0.009596
C[C@@H]1CN([C@H](C)CO)C(=O)Cc2cc(ccc2O[C@@H]1CN(C)C(=O)Nc1ccc(cc1)C(F)(F)F)NC(=O)NC1CCCCC1,0,0.336251,0.268658,0.212473
C[C@H]1CN([C@H](C)CO)C(=O)c2cc(ccc2O[C@@H]1CN(C)Cc1ccc(cc1)Oc1ccccc1)NC(=O)Cc1cn(c2ccccc12)C,0,0.004785,0.020637,0.006670
C[C@@H]1CN([C@H](C)CO)S(=O)(=O)c2ccc(cc2O[C@H]1CN(C)C(=O)C1CCOCC1)-c1ccc(cc1)C(=O)N(C)C,0,0.011236,0.028298,0.008457
O=C1CSC(=Nc2nccs2)N1,0,0.242337,0.073326,0.037102
C[C@H]1CCCCO[C@H](CN(C)C(=O)Nc2ccc3c(c2)OCO3)[C@@H](C)CN([C@@H](C)CO)C(=O)c2cc(ccc2O1)NC(=O)c1ccncc1,0,0.002860,0.023022,0.004540
CCOC(=O)Nc1ccc(NCc2ccc(F)cc2)nc1N.O=C(O)C=CC(=O)O,0,0.509946,0.152838,0.151643
COc1ccc(cc1)CN(C)C[C@@H]1OCCCC[C@@H](C)Oc2ccc(cc2C(=O)N(C[C@H]1C)[C@@H](C)CO)NC(=O)Nc1c(noc1C)C,0,0.041329,0.032463,0.009757
C[C@@H]1CCCCO[C@@H](CN(C)S(=O)(=O)c2ccc(cc2)Cl)[C@H](C)CN([C@@H](C)CO)C(=O)c2cc(ccc2O1)NC(=O)Nc1ccc(cc1)C(F)(F)F,0,0.449230,0.096862,0.008839
CNC[C@H]1OCCCC[C@H](C)Oc2ccc(cc2C(=O)N(C[C@@H]1C)[C@H](C)CO)NS(=O)(=O)c1c(noc1C)C,0,0.013144,0.026710,0.008386
COc1ccc(cc1)NC(=O)N(C)C[C@H]1OCCCC[C@@H](C)Oc2ccc(cc2C(=O)N(C[C@H]1C)[C@H](C)CO)NC(=O)Nc1ccccc1,0,0.015759,0.021913,0.004311
CO[C@@H]1CN(C)C(=O)c2cc(ccc2OC[C@@H](C)N(C[C@H]1C)C(=O)C)NC(=O)c1ccc(cc1)Oc1ccccc1,0,0.000489,0.023691,0.008192
CCN(CCCCOC(=O)c1ccc(OC)c(OC)c1)C(C)Cc1ccc(OC)cc1.Cl,0,0.850642,0.262868,0.107539
C[C@@H]1CCCCO[C@@H](CN(C)Cc2ccccc2)[C@H](C)CN([C@H](C)CO)C(=O)c2cc(ccc2O1)NC(=O)c1ccccc1,0,0.002747,0.024733,0.006362
C[C@H]1CN([C@H](C)CO)C(=O)c2cc(ccc2O[C@@H]1CN(C)S(=O)(=O)c1ccccc1)NC(=O)c1ccncc1,0,0.002346,0.023315,0.003924
COc1ccc(cc1)S(=O)(=O)N(C)C[C@@H]1Oc2ccc(cc2C(=O)N(C[C@@H]1C)[C@@H](C)CO)NC(=O)c1ccncc1,0,0.003883,0.023314,0.004532
C[C@H]1CCCCO[C@@H](CN(C)S(=O)(=O)C)[C@@H](C)CN([C@H](C)CO)C(=O)c2cc(ccc2O1)N(C)C,0,0.009629,0.031011,0.007655
C[C@H]1CN([C@@H](C)CO)C(=O)c2cc(ccc2O[C@H]1CN(C)Cc1ccc(cc1)C(=O)O)NC(=O)c1ccncc1,0,0.019718,0.051910,0.019914
C[C@H]1CN([C@H](C)CO)C(=O)c2cc(ccc2O[C@H]1CN(C)S(=O)(=O)c1ccc(cc1)Cl)NS(=O)(=O)c1cn(cn1)C,0,0.104108,0.024649,0.006216
O[C@@H]1COC[C@@H]2O[C@@H](CC[C@H]2N(C1)S(=O)(=O)c1ccccc1)CC(=O)NCCN1CCCCC1,0,0.308220,0.070391,0.013817
OC[C@@H]1O[C@H](CCNC(=O)C2CCC2)CC[C@@H]1NC(=O)CN1CCOCC1,0,0.031885,0.024375,0.010284
COc1ccc(cc1)NC(=O)N(C)C[C@@H]1Oc2c(cccc2C(=O)N(C[C@H]1C)[C@H](C)CO)NC(=O)c1ccc(cc1)-c1nccs1,0,0.027030,0.021721,0.004937
C[C@H]1CCCCO[C@@H](CN(C)S(=O)(=O)c2cn(cn2)C)[C@H](C)CN([C@H](C)CO)C(=O)c2cc(ccc2O1)NS(=O)(=O)c1cn(cn1)C,0,0.026110,0.026713,0.006518
COc1cccc(c1)S(=O)(=O)N[C@H]1CC[C@@H](CC(=O)NC2CCC2)O[C@H]1CO,0,0.009418,0.050579,0.008621
C[C@H]1CCCCO[C@@H](CN(C)S(=O)(=O)c2ccccc2)[C@@H](C)CN([C@@H](C)CO)C(=O)c2cc(ccc2O1)NS(=O)(=O)C,0,0.002704,0.023508,0.004716
CC(C)NC(=O)Nc1ccc2c(c1)CC(=O)N(C[C@@H](C)[C@@H](CN(C)S(=O)(=O)c1ccc(cc1)Cl)O2)[C@H](C)CO,0,0.022601,0.025677,0.006731
C[C@@H]1CCCCO[C@H](CN(C)S(=O)(=O)c2c(noc2C)C)[C@H](C)CN([C@@H](C)CO)C(=O)c2cc(ccc2O1)NS(=O)(=O)C,0,0.006592,0.023418,0.005469
C[C@H]1CN([C@@H](C)CO)C(=O)c2cc(ccc2O[C@H]1CN(C)Cc1ccccc1)NC(=O)Nc1ccc(cc1)C(F)(F)F,1,0.380229,0.835904,0.771683
O=C1NC(=O)NC2(N1)C(=O)Nc1ccccc12,0,0.179384,0.113718,0.097975
C[C@H]1CCCCO[C@H](CN(C)C(=O)Nc2ccc(cc2)F)[C@@H](C)CN([C@H](C)CO)C(=O)c2cc(ccc2O1)NS(=O)(=O)c1ccc(cc1)C,0,0.024670,0.023486,0.004580
C[C@H]1CN([C@H](C)CO)S(=O)(=O)c2ccc(cc2O[C@@H]1CN(C)C(=O)C1CCOCC1)-c1ccc(cc1)F,0,0.034894,0.028464,0.007454
OS(=O)(=O)c1cc(c2c(ccc(c2c1)S(=O)(=O)O)NC(=O)c1ccc(cc1)NC(=O)c1ccc(cc1)NC(=O)Nc1ccc(cc1)C(=O)Nc1ccc(cc1)C(=O)Nc1ccc(c2cc(cc(c12)S(=O)(=O)O)S(=O)(=O)O)S(=O)(=O)O)S(=O)(=O)O,0,0.000020,0.194524,0.066126
C[C@H]1CN([C@@H](C)CO)C(=O)Cc2cc(ccc2O[C@H]1CN(C)S(=O)(=O)c1cccs1)NC(=O)c1ccncc1,0,0.000381,0.023168,0.004262
CC(C)NC(=O)N(C)C[C@@H]1Oc2c(cccc2C(=O)N(C[C@H]1C)[C@H](C)CO)NS(=O)(=O)c1cccs1,0,0.020092,0.025744,0.007147
OC[C@H]1O[C@H](CC(=O)NCCCN2CCOCC2)C=C[C@@H]1NC(=O)Cc1ccccn1,0,0.005724,0.028780,0.014401
O=C/1/C(=C/c2cccs2)CCC\C1=C/c1cccs1,0,0.904270,0.144618,0.174635
CC1CCN(CC1)C(=O)N1c2ccccc2Sc2ccccc21,0,0.901088,0.609336,0.496764
COc1ccccc1-c1ccc2c(c1)O[C@@H](CN(C)C(=O)c1cccnc1)[C@H](C)CN([C@H](C)CO)S2(=O)=O,0,0.007293,0.023294,0.004485
COc1cc2ccc(=O)oc2c(OC)c1OC,0,0.310472,0.141498,0.099467
C[C@@H]1CCCCO[C@H](CN(C)S(=O)(=O)c2ccc(cc2)F)[C@@H](C)CN([C@@H](C)CO)C(=O)c2cc(ccc2O1)NC(=O)Nc1ccc(cc1)F,0,0.053838,0.024043,0.007762
NCCc1ccc(cc1)C(=O)c1ccccc1,0,0.763444,0.144946,0.111417
NCC[C@H]1CC[C@@H](NC(=O)C2CCCCC2)[C@H](CO)O1,0,0.241178,0.033386,0.017702
C[C@@H]1CN([C@H](C)CO)C(=O)Cc2cc(ccc2O[C@@H]1CN(C)CC1CC1)NS(=O)(=O)c1ccc(cc1)C,0,0.007228,0.028974,0.006707
COc1ccccc1CN1[C@@H](c2ccc(cc2)CO)[C@@](Cc2ccccc2I)(C(=O)NC2CC2)c2ccccc2C1=O,0,0.084116,0.138795,0.058234
Cc1cc(O)c2c(c1)C(=O)c1cccc(O)c1C2=O,0,0.936785,0.264209,0.447265
COc1ccc(cc1)CN(C)C[C@@H]1OCCCC[C@@H](C)Oc2ccc(cc2C(=O)N(C[C@@H]1C)[C@@H](C)CO)NC(=O)CCC(F)(F)F,0,0.083960,0.026488,0.010026
C[C@H]1CN([C@H](C)CO)C(=O)CCCn2nncc2CO[C@H]1CN(C)C(=O)Nc1ccc2c(c1)OCO2,0,0.027483,0.023068,0.005313
C[C@H]1CCCCO[C@H](CN(C)CC2CC2)[C@@H](C)CN([C@@H](C)CO)C(=O)c2cc(ccc2O1)NC(=O)Nc1c(noc1C)C,0,0.124513,0.033425,0.013751
CNC[C@H]1Oc2ccc(cc2CC(=O)N(C[C@@H]1C)[C@H](C)CO)NC(=O)CCN1CCOCC1,0,0.007158,0.022051,0.007171
C[C@H]1CCCCO[C@@H](CN(C)S(=O)(=O)c2ccc(cc2)F)[C@@H](C)CN([C@H](C)CO)C(=O)c2cc(ccc2O1)NC(=O)Nc1ccc2c(c1)OCO2,0,0.008399,0.026786,0.005132
OCCN(Cc1ccccc1)C(=O)C[C@H]1CC=CC[C@@H](Cc2ccc(cc2)F)C(=O)OC[C@@H](Cc2c[nH]c3ccccc23)NC1=O,0,0.027944,0.031211,0.023625
COc1cccc(c1)CNC(=O)c1cc2c(c(n1)-c1cccc(c1)/C=C/C)[C@@H](CCO)N(C2)[S@](=O)C(C)(C)C,0,0.012730,0.148036,0.087911
OCCOc1ccccc1[C@H]1N2[C@@H]([C@@H](C(=O)N3CCCCCCC3)[C@]11C(=O)Nc3ccc(cc31)C#CC1(O)CCCCCC1)C(=O)O[C@@H]([C@@H]2c1ccccc1)c1ccccc1,0,0.172882,0.060948,0.040393
C[C@@H]1CCCCO[C@@H](CN(C)C(=O)Nc2ccccc2)[C@H](C)CN([C@@H](C)CO)C(=O)c2cc(ccc2O1)NC(=O)Nc1ccc(cc1)C(F)(F)F,0,0.476988,0.022524,0.010957
C[C@@H]1CN([C@H](C)CO)C(=O)c2cccc(c2O[C@@H]1CN(C)C(=O)Nc1ccc(cc1)C(F)(F)F)NS(=O)(=O)c1ccc(cc1)F,0,0.378747,0.133294,0.035485
CCS(=O)(=O)N1CC[C@]2(CC1)CN([C@H](CO)c1[nH]c3cc(ccc3c12)OC)C(=O)Nc1c(noc1C)C,0,0.011737,0.027416,0.011686
C[C@@H]1CN([C@H](C)CO)C(=O)Cc2cc(ccc2O[C@@H]1CN(C)S(=O)(=O)c1ccc(cc1)C)NS(=O)(=O)c1cn(cn1)C,0,0.009972,0.023394,0.004706
COC(=O)c1c2oc(c1C(=O)OC)C(=O)N[C@H](Cc1ccccc1)Cn1cc(nn1)CNC(=O)[C@H](Cc1ccccc1)NC(=O)N[C@@H](CO)CC2,0,0.018123,0.052253,0.045159
NC1=Nc2nc[nH]c2C(=S)N1,0,0.394726,0.072875,0.032517
C[C@H]1CCCCO[C@H](CN(C)C(=O)Nc2ccccc2)[C@H](C)CN([C@@H](C)CO)C(=O)c2cc(ccc2O1)NS(=O)(=O)c1ccccc1,0,0.002558,0.023503,0.004124
CC(N)C(O)c1cccc(O)c1.O=C(O)C(O)C(O)C(=O)O,0,0.104847,0.098902,0.053548
C[C@H]1CN([C@@H](C)CO)C(=O)c2cc(ccc2O[C@H]1CN(C)Cc1ccc2c(c1)OCO2)NC(=O)CCN1CCOCC1,0,0.001887,0.024001,0.005838
C[C@H]1CCCCO[C@@H](CN(C)CC2CCCCC2)[C@@H](C)CN([C@H](C)CO)C(=O)c2cc(ccc2O1)NC(=O)Nc1ccccc1,0,0.085350,0.051738,0.015517
CC(C)NC(=O)Nc1ccc2c(c1)CC(=O)N(C[C@@H](C)[C@H](CN(C)S(=O)(=O)c1ccc(cc1)F)O2)[C@H](C)CO,0,0.016129,0.025052,0.007973
C[C@H]1CCCCO[C@H](CN(C)C(=O)Nc2ccc3c(c2)OCO3)[C@@H](C)CN([C@H](C)CO)C(=O)c2cc(ccc2O1)NS(=O)(=O)c1ccc(cc1)F,0,0.006692,0.025313,0.004780
COc1ccc2c3c([nH]c2c1)[C@H](CO)N(CC1CCCC1)C[C@]13CCN(CC1)C(=O)Nc1cccc(c1)F,0,0.452506,0.252558,0.156629
C[C@H]1CN([C@H](C)CO)C(=O)c2cc(ccc2O[C@H]1CN(C)C(=O)Nc1ccc(cc1)C(F)(F)F)NC(=O)Nc1ccc(cc1)C(F)(F)F,0,0.962107,0.195703,0.136241
C[C@H]1CCCCO[C@@H](CN(C)Cc2ccc(cc2)C(F)(F)F)[C@@H](C)CN([C@@H](C)CO)C(=O)c2cc(ccc2O1)NS(=O)(=O)c1ccc(cc1)Cl,0,0.072955,0.025563,0.006508
C[C@@H]1CN([C@@H](C)CO)C(=O)c2cc(ccc2O[C@H]1CN(C)C(=O)Nc1ccc(cc1)F)NC(=O)CCCN(C)C,0,0.154484,0.035570,0.010523
C[C@H]1CN([C@H](C)CO)C(=O)c2c(c3ccccc3n2C)-c2ccccc2CO[C@@H]1CN(C)CC1CCCCC1,0,0.352874,0.044786,0.016910
C[C@H]1CN([C@@H](C)CO)C(=O)Cc2cc(ccc2O[C@H]1CN(C)S(=O)(=O)c1c(noc1C)C)NS(=O)(=O)c1ccc(cc1)C,0,0.003888,0.024713,0.005885
COc1cc2c(cc1OC)CN(CC2)C(=O)[C@H]1[C@H]2N([C@@H]([C@@H](OC2=O)c2ccccc2)c2ccccc2)[C@@H](c2ccc(cc2)O)[C@]11C(=O)Nc2ccc(cc21)C#CC1=CCCCC1,0,0.020742,0.099159,0.043019
C[C@H]1CCCCO[C@H](CN(C)Cc2ccncc2)[C@@H](C)CN([C@H](C)CO)C(=O)c2cc(ccc2O1)NC(=O)C1CCCCC1,0,0.009666,0.022570,0.005390
C[C@@H]1CN([C@@H](C)CO)C(=O)c2cc(ccc2O[C@H]1CN(C)Cc1ccccc1)NS(=O)(=O)c1c(noc1C)C,0,0.004298,0.023851,0.006319
C[C@H]1CN([C@H](C)CO)C(=O)c2cc(ccc2O[C@@H]1CN(C)S(=O)(=O)c1ccccc1)NS(=O)(=O)c1cccs1,0,0.005708,0.023326,0.005837
COc1ccc(cc1)S(=O)(=O)Nc1ccc2c(c1)C(=O)N(C[C@@H](C)[C@@H](CN(C)Cc1ccc(cc1)C(=O)O)OCCCC[C@@H](C)O2)[C@@H](C)CO,0,0.021933,0.027240,0.005043
Nc1ncc2[nH]cnc2n1,0,0.118721,0.069881,0.029887
COc1ccc(c(c1)OC(C)C)C1=N[C@@H]([C@@H](N1C(=O)N1CCNC(=O)C1)c1ccc(cc1)Cl)c1ccc(cc1)Cl,0,0.639686,0.892265,0.916082
C[C@H]1CN([C@@H](C)CO)C(=O)Cc2cc(ccc2O[C@@H]1CN(C)S(=O)(=O)c1ccc(cc1)C)NC(=O)Nc1cccc2ccccc12,0,0.006845,0.025051,0.004895
C[C@H]1CCCCO[C@@H](CN(C)S(=O)(=O)c2cccs2)[C@@H](C)CN([C@H](C)CO)C(=O)c2cc(ccc2O1)NC(=O)CCC(F)(F)F,0,0.012021,0.026960,0.008053
CCCN(C)C[C@H]1OCCCC[C@H](C)Oc2ccc(cc2C(=O)N(C[C@H]1C)[C@@H](C)CO)NS(=O)(=O)c1ccc(cc1)Cl,0,0.042569,0.025740,0.012073
CC(C)NC(=O)N(C)C[C@@H]1OCCCC[C@@H](C)Oc2ccc(cc2C(=O)N(C[C@@H]1C)[C@H](C)CO)NC(=O)C1CCCCC1,0,0.011667,0.026813,0.009835
C[C@@H]1CCCCO[C@@H](CN(C)Cc2ccc3c(c2)OCO3)[C@H](C)CN([C@@H](C)CO)C(=O)c2cc(ccc2O1)NC(=O)Nc1c(noc1C)C,0,0.019534,0.025426,0.006327
C[C@H]1CN([C@H](C)CO)C(=O)c2cc(ccc2O[C@@H]1CN(C)C(=O)Nc1c(noc1C)C)NC(=O)CCN1CCOCC1,0,0.007037,0.023686,0.004988
CS(=O)(=O)Nc1ccc2c(c1)[C@H]1C[C@H](CC(=O)NCC3CC3)O[C@@H](CO)[C@H]1O2,0,0.010618,0.028011,0.008692
C[C@H]1CN([C@@H](C)CO)C(=O)c2cc(ccc2O[C@H]1CN(C)C(=O)Nc1ccc2c(c1)OCO2)NC(=O)Nc1cccc2ccccc12,0,0.012974,0.022207,0.005381
C[C@H]1CN([C@H](C)CO)C(=O)c2cc(cnc2O[C@H]1CN(C)C(=O)Nc1ccc2c(c1)OCO2)Br,0,0.021695,0.030262,0.010462
C[C@@H]1CN([C@H](C)CO)C(=O)CCCn2nncc2CO[C@@H]1CN(C)S(=O)(=O)c1ccc(nc1)Oc1ccccc1,0,0.002487,0.023502,0.005149
CCCCC/C=C\C/C=C\C/C=C\CCCCC(=O)O,0,0.005902,0.121165,0.094929
COc1ccnc2c1C(=O)N(CC#C)C(=O)N2C,0,0.152087,0.096849,0.070196
NC(=NC(=N)N1N=CC[C@@H]1c1ccccc1)N,0,0.002157,0.156680,0.109332
C1CCC(CC1)NC1CCCC1,0,0.107620,0.163588,0.160684
N[C@@H](CCC(=O)N[C@@H](CSSC[C@H](NC(=O)CC[C@H](N)C(=O)O)C(=O)NCC(=O)O)C(=O)NCC(=O)O)C(=O)O,0,0.731273,0.118404,0.089164
OC[C@@H]1O[C@@H](CCNC(=O)CN2CCOCC2)CC[C@@H]1NC(=O)c1ccc2c(c1)OCO2,0,0.008865,0.024951,0.009476
C[C@H]1CN([C@@H](C)CO)C(=O)c2cccc(c2O[C@@H]1CN(C)C(=O)Nc1c(noc1C)C)NS(=O)(=O)c1cn(cn1)C,0,0.097771,0.026263,0.007540
C[C@H]1CCCCO[C@@H](CN(C)C(=O)CCCN(C)C)[C@H](C)CN([C@@H](C)CO)C(=O)c2cc(ccc2O1)NC(=O)Nc1cccc2ccccc12,0,0.047285,0.021901,0.003984
COc1ccc(cc1)NC(=O)Nc1ccc2c(c1)C(=O)N(C[C@@H](C)[C@H](CN(C)Cc1ccccc1)OCCCC[C@@H](C)O2)[C@H](C)CO,0,0.011624,0.024243,0.005151
C[C@@H]1CN([C@@H](C)CO)C(=O)c2cc(ccc2O[C@H]1CN(C)Cc1ccncc1)NS(=O)(=O)c1c(noc1C)C,0,0.002035,0.023348,0.004314
CO[C@H]1CCN([C@@H]2CCO[C@@H]12)C(=O)CN(C)C,0,0.239859,0.052865,0.010136
NC(Cc1cc(I)c(Oc2cc(I)c(O)c(I)c2)c(I)c1)C(=O)[O-].[Na+],0,0.999244,0.783693,0.813423
C[C@@H]1CN([C@@H](C)CO)C(=O)c2cc(ccc2O[C@@H]1CN(C)S(=O)(=O)C)NS(=O)(=O)c1c(noc1C)C,0,0.011195,0.024305,0.009203
C[C@@H]1CN([C@@H](C)CO)C(=O)c2cc(cnc2O[C@H]1CN(C)C(=O)C1CCOCC1)C#CC1(O)CCCC1,0,0.023908,0.056486,0.019436
C[C@@H]1CN([C@@H](C)CO)C(=O)Cc2cc(ccc2O[C@@H]1CN(C)Cc1ccc(cc1)C(F)(F)F)NC(=O)CCCCCC(=O)Nc1ccccc1N,0,0.041798,0.020081,0.006883
C[C@H]1CN([C@@H](C)CO)C(=O)c2ccccc2-c2ccccc2CO[C@@H]1CN(C)C(=O)c1cc(cc(c1)Cl)Cl,0,0.125589,0.078049,0.045250
C[C@@H]1CCCCO[C@@H](CN(C)C(=O)C2CCCCC2)[C@@H](C)CN([C@@H](C)CO)C(=O)c2cc(ccc2O1)NC(=O)Nc1ccc(cc1)F,0,0.073386,0.027721,0.008580
C[C@H]1CCCCO[C@H](CN(C)C(=O)Nc2ccccc2)[C@H](C)CN([C@@H](C)CO)C(=O)c2cc(ccc2O1)NC(=O)C1CCCCC1,0,0.012946,0.023760,0.005051
C[C@H]1CN([C@@H](C)CO)S(=O)(=O)c2ccc(cc2O[C@H]1CN(C)C(=O)c1cccnc1)-c1cccc(c1)C#N,0,0.000826,0.023377,0.004439
COc1ccc(cc1)CNC(=O)C[C@@H]1CC[C@@H]2[C@@H](COc3ccc(cc3C(=O)N2C)NC(=O)C2CC2)O1,0,0.026586,0.023805,0.008916
CNC[C@@H]1Oc2ccc(cc2C(=O)N(C[C@H]1C)[C@@H](C)CO)NC(=O)Cn1cnnn1,0,0.082415,0.025025,0.008774
C[C@@H]1CCCCO[C@@H](CN(C)Cc2ccc(cc2)C(=O)O)[C@H](C)CN([C@@H](C)CO)C(=O)c2cc(ccc2O1)NS(=O)(=O)c1cccs1,0,0.025961,0.027596,0.004668
C[C@@H]1CN([C@@H](C)CO)C(=O)Cc2cc(ccc2O[C@@H]1CN(C)Cc1ccc(cc1)-c1ccccc1)NC(=O)Nc1cccc2ccccc12,0,0.033070,0.028066,0.011325
COc1ccc(cc1)NC(=O)Nc1ccc2c(c1)C(=O)N(C[C@@H](C)[C@H](CN(C)Cc1ccc3c(c1)OCO3)OCCCC[C@@H](C)O2)[C@H](C)CO,0,0.012256,0.021934,0.005530
COc1ccc(cc1)NC(=O)N(C)C[C@H]1Oc2ccc(cc2C(=O)N(C[C@H]1C)[C@@H](C)CO)NC(=O)Cn1cnnn1,0,0.080837,0.023583,0.006834
COc1ccc(cc1)NC(=O)Nc1ccc2c(c1)C(=O)N(C[C@@H](C)[C@H](CN(C)C(=O)Nc1ccc(cc1)C(F)(F)F)O2)[C@@H](C)CO,0,0.707703,0.076788,0.112277
C[C@H]1CN([C@@H](C)CO)S(=O)(=O)c2ccc(cc2O[C@@H]1CN(C)C(=O)C1CCCCC1)-c1cncnc1,0,0.031377,0.023882,0.005929
CO[C@H]1CN(C)C(=O)c2cc(ccc2OC[C@H](C)N(C[C@H]1C)S(=O)(=O)C)NS(=O)(=O)C,0,0.016492,0.023902,0.007483
O[C@@H]1COC[C@@H]2O[C@H](CC[C@H]2N(C1)S(=O)(=O)c1ccc(cc1)F)CC(=O)O,0,0.465999,0.098178,0.021313
CN(C)C(=O)C[C@@H]1O[C@H](CO)[C@@H](NC(=O)C2CCOCC2)C=C1,0,0.021441,0.028646,0.007153
C[C@@H]1CN([C@@H](C)CO)C(=O)c2cc(ccc2O[C@@H]1CN(C)S(=O)(=O)c1ccc(cc1)Cl)NC(=O)CCN1CCOCC1,0,0.006775,0.023319,0.004470
COCC#Cc1cnc2c(c1)C(=O)N(C[C@@H](C)[C@@H](CN(C)S(=O)(=O)c1cccc(c1)OC)O2)[C@H](C)CO,0,0.046356,0.024571,0.005780
O=C(Nc1ccc([N+](=O)[O-])cc1Cl)c1cc(Cl)ccc1O,0,0.974052,0.532258,0.686498
CN[C@H]1[C@H]2CN3CC[C@@H](O2)[C@@H]13,0,0.015046,0.033237,0.010352
OC[C@H]1O[C@@H](C[C@H]2[C@@H]1Oc1ccc(cc12)NC(=O)Cc1ccncc1)CC(=O)N1CCc2ccccc2C1,0,0.002848,0.025373,0.010059
CC(C)[C@@H](CO)N1[C@@H]2C(=O)N(CC=C[C@@]32O[C@@H]2/C=C\CC[C@@H](C)OC(=O)[C@@H]2[C@H]3C1=O)Cn1nnc2ccccc12,0,0.568937,0.308134,0.133705
C[C@@H]1CN([C@@H](C)CO)C(=O)c2cccc(c2O[C@@H]1CN(C)C(=O)Nc1ccccc1)NC(=O)Nc1ccc(cc1)C(F)(F)F,1,0.781039,0.869355,0.906730
C[C@@H]1CN([C@@H](C)CO)C(=O)c2cc(ccc2O[C@@H]1CN(C)S(=O)(=O)c1c(noc1C)C)NS(=O)(=O)c1ccccc1,0,0.006400,0.025957,0.007246
CCCC#Cc1cnc2c(c1)C(=O)N(C[C@@H](C)[C@H](CN(C)C(=O)c1ccc3c(c1)OCO3)O2)[C@H](C)CO,0,0.022826,0.022770,0.004629
C[C@@H]1CN([C@H](C)CO)C(=O)Cc2cc(ccc2O[C@H]1CN(C)Cc1ccc(cc1)C(F)(F)F)NC(=O)Nc1ccc2c(c1)OCO2,0,0.030848,0.061222,0.029415
C[C@@H]1CN([C@H](C)CO)C(=O)c2cccc(c2O[C@H]1CN(C)Cc1ccc(cc1)Oc1ccccc1)NS(=O)(=O)c1cccs1,0,0.003278,0.030639,0.005986
Nc1ccc(cn1)F,0,0.117393,0.095450,0.033330
COc1cc(ccc1Cc1cn(c2ccc(cc12)NC(=O)OC1CCCC1)C)C(=O)NS(=O)(=O)c1ccccc1C,1,0.033017,0.364753,0.080883
C[C@H]1CN([C@@H](C)CO)C(=O)Cc2cc(ccc2O[C@H]1CN(C)Cc1ccc(c(c1)Cl)Cl)NC(=O)Nc1cccc2ccccc12,0,0.123508,0.030628,0.007426
N[C@@H]1C[C@H]1c1ccccc1,0,0.030491,0.267382,0.256364
CC(C)(C)[S@@](=O)N1Cc2cc(nc(c2[C@H]1CCO)-c1cccc(c1)-c1cccc(c1)C#N)C(=O)NCCN1CCCCC1,0,0.014334,0.176895,0.106461
COCCNC(=O)[C@H]1[C@H](CO)[C@H]2CN3C(=O)C=CC=C3[C@@H]1N2S(=O)(=O)c1ccccc1C,0,0.022029,0.024264,0.007837
C(c1ccccc1)c1nn[nH]n1,0,0.284086,0.353123,0.234325
C[C@H]1CCCCO[C@@H](CN(C)C(=O)Nc2ccc(cc2)F)[C@H](C)CN([C@H](C)CO)C(=O)c2cc(ccc2O1)NC(=O)c1ccccc1,0,0.019700,0.023461,0.006265
C[C@H]1CN([C@H](C)CO)C(=O)c2cccc(c2O[C@@H]1CN(C)S(=O)(=O)c1ccccc1)NS(=O)(=O)c1ccc(cc1)F,0,0.013615,0.041716,0.011744
C[C@H]1CN([C@H](C)CO)C(=O)Cc2cc(ccc2O[C@H]1CN(C)S(=O)(=O)c1ccc(cc1)C)NS(=O)(=O)c1ccc(cc1)F,0,0.005029,0.023113,0.006772
C[C@@H]1CN([C@H](C)CO)C(=O)c2cc(cnc2O[C@@H]1CN(C)C(=O)CN1CCOCC1)/C=C/c1ccccc1,0,0.002085,0.023397,0.006670
CC1(C)N(CCNC1=O)C(=O)C1CC1,0,0.033917,0.041047,0.011453
CN(C)C(=O)CN1CCC2(CC1)CN(CCn1cccn1)C(=O)CO2,0,0.155016,0.060934,0.012748
C[C@H]1CN([C@@H](C)CO)S(=O)(=O)c2ccc(cc2O[C@H]1CN(C)S(=O)(=O)c1ccccc1)C#Cc1ccncc1,0,0.021160,0.034347,0.007188
OCCNc1ccc(cc1[N+](=O)[O-])N(CCO)CCO,0,0.398272,0.328321,0.203122
C[C@@H]1CN([C@@H](C)CO)C(=O)c2cccc(c2O[C@H]1CN(C)CC1CC1)NS(=O)(=O)c1ccc(cc1)F,0,0.038145,0.027781,0.009359
COc1ccc(cc1)S(=O)(=O)Nc1ccc2c(c1)C(=O)N(C[C@H](C)[C@H](CN(C)C(=O)NC1CCCCC1)OCCCC[C@H](C)O2)[C@@H](C)CO,0,0.003249,0.023502,0.004451
C[C@@H]1CN([C@@H](C)CO)S(=O)(=O)c2ccc(cc2O[C@@H]1CN(C)C(=O)c1cnccn1)C1=CCCC1,0,0.021544,0.023676,0.006452
COc1cc(c(cc1OC)[C@H]1C2C(=O)OCC2=NC2=C1C(=O)N(C)C(=O)N2C)OC,0,0.954202,0.378754,0.309956
CC1(C)SCCN([C@H]1C(=O)NO)S(=O)(=O)c1ccc(cc1)OCC#CCO,0,0.372092,0.025843,0.029340
CC[C@@H](N1CCCC1)C(=O)O,0,0.046805,0.029605,0.011114
C[C@H]1CN([C@@H](C)CO)C(=O)Cc2cc(ccc2O[C@@H]1CN(C)S(=O)(=O)c1ccc(cc1)F)NS(=O)(=O)c1ccc(cc1)C,0,0.006338,0.023271,0.007155
C[C@H]1CCCCO[C@H](CN(C)S(=O)(=O)c2ccc(cc2)F)[C@@H](C)CN([C@@H](C)CO)C(=O)c2cc(ccc2O1)NS(=O)(=O)c1cn(cn1)C,0,0.039909,0.023965,0.006117
OC(=O)c1nc(no1)-c1cnccn1,0,0.622449,0.183140,0.109890
CN1C[C@H](O)COC[C@H]2O[C@@H](CC[C@@H]21)CC(=O)N1CCN(CC1)c1ccccc1,0,0.575937,0.091136,0.024853
C[C@@H]1CN([C@H](C)CO)C(=O)c2cc(ccc2O[C@H]1CN(C)C(=O)NC1CCCCC1)NC(=O)CCN1CCOCC1,0,0.002269,0.022326,0.005091
O=C(CNC(=O)c1ccccc1)N1CCOCC1,0,0.002548,0.080462,0.036557
O=C(NC1CCCCC1)N1c2ccccc2C=Cc2ccccc21,0,0.746147,0.620788,0.432982
NNC(=O)c1ccc(cc1)C(=O)NO,0,0.484486,0.092628,0.071860
C[C@@H]1CN([C@H](C)CO)C(=O)Cc2cc(ccc2O[C@@H]1CN(C)Cc1ccc(cc1)Oc1ccccc1)NC(=O)Cc1ccccc1,0,0.002501,0.025926,0.008348
OCc1ccc(cc1)[C@H]1[C@H](C(=O)NCC(F)(F)F)c2ccccc2C(=O)N1Cc1cc(cc(c1)C(F)(F)F)C(F)(F)F,0,0.964559,0.213746,0.237711
C[N+](C)(C)CCCCNC(=O)[C@@H]1C[C@H]2N([C@@H]1c1cccc(c1)OCCO)C(=O)[C@H](Cc1ccccc1)NC2=O,0,0.290878,0.044471,0.027841
C[C@H]1CN([C@H](C)CO)C(=O)c2cc(cnc2O[C@@H]1CN(C)Cc1ccccn1)C#Cc1cccc(c1)F,0,0.034332,0.031466,0.011142
CC(C)CCCC(C)C1CCC2C3CCC4CC(=O)CCC4(C)C3CCC12C,0,0.988383,0.173675,0.095393
O=C1CCc2cc(OCCCCc3nnnn3C3CCCCC3)ccc2N1,0,0.254937,0.274165,0.230969
CCc1ccc(cc1)/C=C/1\SC(=O)N(CCCCCCNC(=O)c2ccccc2Nc2ccc(c3nonc23)[N+](=O)[O-])C1=O,0,0.752118,0.109535,0.253500
COc1ccc(cc1)S(=O)(=O)N(C)C[C@H]1OCCCC[C@@H](C)Oc2ccc(cc2C(=O)N(C[C@@H]1C)[C@H](C)CO)NC(=O)c1ccccc1,0,0.001313,0.023318,0.003871
C[C@@H]1CCCCO[C@H](CN(C)C(=O)Nc2cccc3ccccc23)[C@@H](C)CN([C@H](C)CO)C(=O)c2cc(ccc2O1)NC(=O)Nc1cccc2ccccc12,0,0.026021,0.023894,0.007153
CC[C@@H](C)C(=O)O[C@H]1[C@H](O)[C@H]2[C@@H](CN3C[C@@H](C)CC[C@@H]3[C@@]2(C)O)[C@H]2C[C@@]34O[C@]5(O)[C@H](CC[C@@]4(C)[C@@H]5[C@@H](OC(=O)C)[C@@H](OC(=O)C)[C@@H]3[C@@]21O)OC(=O)[C@@](C)(O)CC,0,0.000400,0.311087,0.159642
C[C@H]1CCCCO[C@H](CN(C)C)[C@@H](C)CN([C@@H](C)CO)C(=O)c2cc(ccc2O1)NC(=O)CCCN(C)C,0,0.058993,0.024904,0.007821
C[C@@H]1CN([C@H](C)CO)C(=O)c2cccc(c2O[C@@H]1CN(C)S(=O)(=O)c1ccc(cc1)F)NC(=O)C1CCOCC1,0,0.035171,0.023122,0.005812
C[C@H]1CCCCO[C@H](CN(C)S(=O)(=O)c2cn(cn2)C)[C@@H](C)CN([C@@H](C)CO)C(=O)c2cc(ccc2O1)NC(=O)Nc1ccc(cc1)C(F)(F)F,0,0.305766,0.186539,0.040221
C[C@H]1CN([C@@H](C)CO)C(=O)c2cc(ccc2O[C@@H]1CN(C)Cc1ccccc1)NC(=O)Nc1cccc2ccccc12,0,0.021766,0.036526,0.018891
COc1cc(ccc1O)[C@@H](O)[C@@H](CO[C@@H]1O[C@H](CO)[C@@H](O)[C@H](O)[C@H]1O)Oc1ccc(cc1OC)/C=C/CO,0,0.616598,0.105701,0.082697
Cn1nnc2c(ncnc12)Cl,0,0.464007,0.172941,0.053890
C[C@H]1CCCN(C1)S(=O)(=O)CCN,0,0.003714,0.030041,0.007151
COc1ccc(cc1)NC(=O)Nc1cccc2c1O[C@@H](CN(C)S(=O)(=O)C)[C@H](C)CN([C@@H](C)CO)C2=O,0,0.033333,0.023765,0.007010
C[C@@H]1CN([C@@H](C)CO)C(=O)c2cccc(c2O[C@H]1CN(C)Cc1ccc(c(c1)Cl)Cl)NC(=O)Nc1c(noc1C)C,0,0.323652,0.037519,0.011256
Clc1cccn2nnnc12,0,0.218679,0.206072,0.067922
OC[C@@H](Cc1ccccc1)NC(=O)C[C@@H](CC=C)C(=O)N[C@@H](COC(=O)[C@@H](CC=C)Cc1ccc(cc1)F)Cc1c[nH]c2ccccc12,0,0.041635,0.026245,0.018478
C[C@H]1CN([C@@H](C)CO)S(=O)(=O)c2ccc(cc2O[C@@H]1CN(C)C(=O)CN(C)C)C#CCC1CCCC1,0,0.464046,0.328992,0.013184
C[C@@H]1CN([C@H](C)CO)C(=O)c2cc(cnc2O[C@H]1CN(C)C(=O)Cc1ccccc1)C#CC1(O)CCCC1,0,0.011262,0.030358,0.019673
C[C@@H]1CCCCO[C@H](CN(C)C(=O)Nc2ccc(cc2)F)[C@@H](C)CN([C@@H](C)CO)C(=O)c2cc(ccc2O1)NC(=O)C1CCCCC1,0,0.071720,0.025532,0.006834
CN1C=C(C(=O)OCCS(=O)(=O)C)C(=CC(=C[C@@H]1C1CC1)c1ccc(cc1)CO)C(=O)OCCS(=O)(=O)C,0,0.972675,0.582174,0.574471
CCO[C@H]1OC(=C[C@H]([C@@H]1CCCO)c1ccc(cc1)C#C)C(=O)N1CCN(CC1)Cc1ccc2c(c1)OCO2,0,0.003699,0.025595,0.011842
C[C@@H]1CN([C@@H](C)CO)C(=O)Cc2cc(ccc2O[C@@H]1CN(C)Cc1ccc(cc1)Oc1ccccc1)NC(=O)Nc1ccc(cc1)C(F)(F)F,0,0.078906,0.054299,0.023492
C[C@H]1CN([C@H](C)CO)S(=O)(=O)c2ccc(cc2O[C@H]1CN(C)C(=O)CN1CCOCC1)/C=C/c1ccccc1,0,0.003554,0.027305,0.006938
Cc1cccc2[nH]c(nc12)CN,0,0.436411,0.042933,0.022587
C[C@H]1CN([C@H](C)CO)C(=O)c2cc(ccc2O[C@@H]1CN(C)Cc1ccc2c(c1)OCO2)NC(=O)C1CC1,0,0.007926,0.022809,0.007318
NCc1cccc(c1)-c1ccccc1,0,0.546965,0.196551,0.173123
CC(C)c1c(CN(C)C(C)Cc2ccccc2)n(C)n(-c2ccccc2)c1=O,0,0.893340,0.162760,0.203711
C[C@H]1CN([C@@H](C)CO)S(=O)(=O)c2ccc(cc2O[C@H]1CN(C)S(=O)(=O)C)-c1cccc(c1)F,0,0.025344,0.024600,0.008082
COc1ccc(cc1)[Si](C)(C)[C@@H]1[C@@H](C)[C@@]2(O[C@H]1CCn1cc(nn1)[C@H](O)c1ccccc1)C(=O)N(CC=C)c1ccccc12,0,0.529017,0.105392,0.067775
NC(=O)[C@H]1CCCNC1,0,0.026750,0.025671,0.010582
COc1ccc(cc1)NC(=O)Nc1ccc2c(c1)C(=O)N(C[C@@H](C)[C@@H](CN(C)Cc1ccc(cc1)-c1ccccc1)O2)[C@@H](C)CO,0,0.046444,0.026239,0.009428
C[C@@H]1CN([C@H](C)CO)C(=O)c2cc(ccc2O[C@@H]1CN(C)S(=O)(=O)C)NC(=O)Nc1ccc(cc1)C(F)(F)F,0,0.396283,0.272422,0.120017
C[C@H]1CCCCO[C@H](CN(C)C(=O)Nc2c(noc2C)C)[C@@H](C)CN([C@@H](C)CO)C(=O)c2cc(ccc2O1)NS(=O)(=O)c1ccc(cc1)Cl,0,0.021155,0.023242,0.004019
C[C@@H]1CN([C@@H](C)CO)C(=O)Cc2cc(ccc2O[C@@H]1CN(C)S(=O)(=O)C)NC(=O)Nc1ccc(cc1)C(F)(F)F,0,0.104172,0.048662,0.036436
CC(C)C[C@@H]1NC(=O)[C@H]2C[C@H]([C@H](N2C1=O)c1ccc(cc1)O)C(=O)OCCOc1ccc(cc1)[C@@H]1N2[C@H]([C@H](C(=O)OCC=C)[C@@]11C(=O)Nc3ccc(cc31)I)C(=O)O[C@H]([C@H]2c1ccccc1)c1ccccc1,0,0.258424,0.158113,0.015024
C[C@H]1CCCCO[C@H](CN(C)S(=O)(=O)c2ccc(cc2)F)[C@@H](C)CN([C@@H](C)CO)C(=O)c2cc(ccc2O1)NC(=O)Nc1ccc(cc1)C(F)(F)F,0,0.371928,0.092053,0.010299
O=C1CO[C@H]2CN(C[C@@H]2N1)C(=O)COc1ccccc1,0,0.003683,0.051915,0.016857
CCC(=O)N(C)C[C@H]1Oc2ncc(cc2C(=O)N(C[C@H]1C)[C@@H](C)CO)C#C[C@H](C)O,0,0.010896,0.018750,0.009098
Nc1nc(nc(n1)NC1CC1)N,0,0.030327,0.089042,0.033453
CC(C)=CCCC(C)C1CCC2(C)C3=C(CCC12C)C1(C)CCC(O)C(C)(C)C1CC3,0,0.958970,0.448453,0.199113
CCOC(=O)c1c(n(c2cc(c(cc12)O)Br)Cc1ccccc1)CN1CCN(CC1)Cc1ccccc1,0,0.275953,0.677951,0.380035
C[C@H]1CN([C@@H](C)CO)C(=O)c2cccc(c2O[C@@H]1CN(C)Cc1ccncc1)NS(=O)(=O)c1ccccc1,0,0.001807,0.025176,0.005398
COc1ccc(cc1)S(=O)(=O)Nc1cccc2c1O[C@H](CN(C)C(=O)NC(C)C)[C@H](C)CN([C@@H](C)CO)C2=O,0,0.031792,0.025594,0.008396
C[C@@H]1CN([C@@H](C)CO)S(=O)(=O)c2ccc(cc2O[C@@H]1CN(C)Cc1cncnc1)C1=CCCCC1,0,0.011284,0.023981,0.007177
CC(C)(C)[C@@H](COC(=O)[C@H](CC=C)NC(=O)OCC1c2ccccc2-c2ccccc21)NC(=O)[C@@H](CC=C)CC(=O)N(CCO)Cc1ccccc1,0,0.000773,0.089460,0.042533
C[C@H]1CN([C@@H](C)CO)S(=O)(=O)c2ccc(cc2O[C@@H]1CN(C)C(=O)C)C#CCN(C)C,0,0.058493,0.024972,0.010947
CN(C)CC#Cc1ccc(cc1)[C@H]1[C@@H](CO)N2CCCCN(C[C@H]12)C(=O)CN(C)C,0,0.976406,0.143685,0.068863
O[C@@H]1COC[C@H]2O[C@H](CC[C@@H]2N(C1)S(=O)(=O)c1ccc(cc1)Cl)CC(=O)N[C@@H]1CCN(C1)Cc1ccccc1,0,0.356644,0.044719,0.015358
C[C@@H]1CN([C@@H](C)CO)C(=O)CCCn2cc(nn2)CO[C@@H]1CN(C)C(=O)CCCN(C)C,0,0.033080,0.025037,0.005711
CCO[C@H]1OC(=C[C@H]([C@@H]1CCCO)c1ccc2c(c1)OCO2)C(=O)N1CCN(CC1)Cc1ccc2c(c1)OCO2,0,0.004185,0.025772,0.012877
C[C@H]1CCCCO[C@@H](CN(C)Cc2ccccc2)[C@H](C)CN([C@@H](C)CO)C(=O)c2cc(ccc2O1)NC(=O)Nc1ccc(cc1)F,0,0.069524,0.032511,0.013041
CCCC#Cc1cnc2c(c1)C(=O)N(C[C@@H](C)[C@H](CN(C)S(=O)(=O)c1cn(cn1)C)O2)[C@H](C)CO,0,0.080546,0.024912,0.006578
CC(C)NC(=O)N(C)C[C@@H]1Oc2ccc(cc2C(=O)N(C[C@H]1C)[C@@H](C)CO)NS(=O)(=O)c1ccc(cc1)F,0,0.042436,0.027594,0.009656
OC[C@H]1O[C@@H](O[C@@H]2[C@@H](O)[C@H](O)[C@@H](O[C@@H]2CO)O[C@@H]2[C@@H](O)[C@H](O)[C@H](O)O[C@@H]2CO)[C@@H](O)[C@@H](O)[C@@H]1O,0,0.154440,0.309206,0.197786
C[C@@H]1CN([C@@H](C)CO)C(=O)c2cc(ccc2O[C@@H]1CN(C)S(=O)(=O)c1cn(cn1)C)NC(=O)Nc1ccccc1,0,0.026122,0.023291,0.004285
CC(C)NC(=O)N(C)C[C@@H]1Oc2c(cccc2C(=O)N(C[C@H]1C)[C@@H](C)CO)NC(=O)Nc1c(noc1C)C,0,0.128895,0.028942,0.016226
CC(C)CC#Cc1ccc2c(c1)O[C@@H](CN(C)S(=O)(=O)c1cccc(c1)F)[C@H](C)CN([C@H](C)CO)S2(=O)=O,0,0.117953,0.030759,0.006654
C[C@@H]1CN([C@H](C)CO)S(=O)(=O)c2ccc(cc2O[C@@H]1CN(C)C(=O)Cc1ccncc1)C#Cc1ccccc1F,0,0.063632,0.025323,0.005320
COc1ccc(cc1)S(=O)(=O)N[C@H]1CC[C@H](CC(=O)N2CCN(CC2)c2ccccc2)O[C@@H]1CO,0,0.011278,0.025430,0.015684
C[C@H]1CN([C@H](C)CO)C(=O)Cc2cc(ccc2O[C@H]1CN(C)Cc1ccc(c(c1)Cl)Cl)NC(=O)Cc1ccccc1,0,0.036626,0.045481,0.016650
C[C@@H]1CCCCO[C@H](CN(C)C(=O)Nc2cccc3ccccc23)[C@H](C)CN([C@@H](C)CO)C(=O)c2cc(ccc2O1)NC(=O)C1CCCCC1,0,0.018759,0.023544,0.005366
Cc1ccc(cc1)S(=O)(=O)N1CCO[C@@H]1CNC(=O)C(=O)NCc1ccccn1,0,0.044175,0.029962,0.017315
FC(F)(F)c1ccccc1S(=O)(=O)NC(=O)Cn1cc(nn1)COc1ccc(cc1)-n1cccc1,0,0.099494,0.319458,0.087515
C[C@H]1CN([C@H](C)CO)C(=O)Cc2cc(ccc2O[C@H]1CN(C)C(=O)Nc1c(noc1C)C)NS(=O)(=O)C,0,0.004083,0.024811,0.006402
C[C@@H]1CCCCO[C@H](CN(C)S(=O)(=O)c2ccc(cc2)F)[C@@H](C)CN([C@H](C)CO)C(=O)c2cc(ccc2O1)NC(=O)Nc1ccc2c(c1)OCO2,0,0.008399,0.026786,0.005132
COc1ccc(cc1)OCCC(=O)NN,0,0.439087,0.067031,0.032173
C[C@@H]1CCCCO[C@H](CN(C)Cc2ccc(cc2)C(F)(F)F)[C@@H](C)CN([C@H](C)CO)C(=O)c2cc(ccc2O1)NS(=O)(=O)c1ccc(cc1)Cl,0,0.072955,0.025563,0.006508
C[C@H]1CN([C@H](C)CO)C(=O)c2cc(ccc2O[C@@H]1CN(C)C(=O)Nc1ccc2c(c1)OCO2)NC(=O)Nc1ccc(cc1)C(F)(F)F,0,0.552952,0.134651,0.149364
COc1ccc(cc1)S(=O)(=O)Nc1ccc2c(c1)C(=O)N(C[C@@H](C)[C@@H](CN(C)S(=O)(=O)c1cccs1)O2)[C@H](C)CO,0,0.005116,0.024369,0.006987
Nc1nnc([nH]1)CO,0,0.033677,0.055582,0.021885
C[C@@H]1CN([C@H](C)CO)C(=O)c2cc(cnc2O[C@H]1CN(C)C(=O)C)C#CC(C)(C)O,0,0.008500,0.061759,0.015001
CS(=O)(=O)Nc1ccc2oc3c(ccc(c3c2c1)C(=O)Nc1c(cncc1Cl)Cl)OC(F)F,0,0.619646,0.205725,0.154391
C[C@@H]1CN([C@H](C)CO)C(=O)c2cccc(c2O[C@@H]1CN(C)C(=O)Nc1ccc(cc1)C(F)(F)F)NC(=O)CCCCCC(=O)Nc1ccccc1N,0,0.705473,0.045372,0.046981
Fc1ccc(Oc2ccnc3cc(Cl)cc(Cl)c23)cc1,0,0.758372,0.429467,0.498362
CC(C)CN(C[C@@H](O)[C@H](Cc1ccccc1)NC(=O)O[C@H]1CO[C@H]2OCC[C@@H]12)S(=O)(=O)c1ccc(cc1)N,0,0.000062,0.031385,0.020896
C[C@H]1CCCCO[C@@H](CN(C)Cc2ccncc2)[C@H](C)CN([C@H](C)CO)C(=O)c2cc(ccc2O1)NC(=O)C1CCCCC1,0,0.009666,0.022570,0.005390
OCc1ccc(cc1)CO[C@H]1C[C@H](C=C(O1)C(=O)N1CCN(CC1)Cc1ccccc1)c1csc2ccccc12,0,0.032852,0.272184,0.131002
C[C@@H]1CN([C@@H](C)CO)C(=O)c2cc(ccc2O[C@@H]1CN(C)C(=O)Nc1c(noc1C)C)NS(=O)(=O)C,0,0.047240,0.025354,0.010129
C[C@H]1CN([C@@H](C)CO)C(=O)c2cccc(c2O[C@@H]1CN(C)Cc1ccc(cc1)C(F)(F)F)NC(=O)CCCCCC(=O)Nc1ccccc1N,0,0.242220,0.024020,0.012448
OC[C@@H]1O[C@@H](CC[C@H]1NC(=O)CN1CCOCC1)CCn1cc(nn1)C1CC1,0,0.452900,0.027776,0.009626
OCCN(Cc1ccccc1)C(=O)C[C@H]1CC=CCC[C@H](Cc2ccc(cc2)F)C(=O)OC[C@@H](Cc2ccccc2)NC1=O,0,0.006697,0.029420,0.025616
OCc1ccc2c(c1)OCO2,0,0.138600,0.078194,0.042616
C[C@H]1CN([C@H](C)CO)C(=O)c2cccc(c2O[C@H]1CN(C)CC1CCCCC1)NC(=O)Nc1ccc(cc1)C(F)(F)F,0,0.852784,0.901298,0.916683
O[C@H]1COC[C@H]2O[C@H](CC[C@@H]2N(C1)C(=O)Nc1ccc(cc1)F)CC(=O)NCCCN1CCOCC1,0,0.775307,0.357394,0.364096
C[C@@H]1CN([C@H](C)CO)C(=O)c2cc(ccc2O[C@@H]1CN(C)S(=O)(=O)c1cn(cn1)C)NC(=O)Cn1cnnn1,0,0.058716,0.024558,0.005610
OC[C@H]1O[C@H](OC[C@@H](O)[C@@H](O)[C@H](O)[C@@H](O)/C=N/NC(=O)CCCCC(=O)NO)[C@H](O)[C@@H](O)[C@H]1O,0,0.017575,0.127941,0.066031
CC(C)NC(=O)N(C)C[C@H]1Oc2cc(ccc2S(=O)(=O)N(C[C@H]1C)[C@H](C)CO)-c1ccc(cc1)C,0,0.067907,0.046911,0.012286
COc1ccc(cc1)S(=O)(=O)N(C)C[C@H]1Oc2ccc(cc2C(=O)N(C[C@@H]1C)[C@H](C)CO)NS(=O)(=O)c1ccccc1,0,0.005801,0.023666,0.006397
Cc1ccc(cc1)CNC(=S)NCCO,0,0.188901,0.195897,0.149043
OCCCOc1ccc(cc1)C1=N[C@](Cc2ccccc2CN=[N+]=[N-])([C@H](O1)c1ccccc1N=[N+]=[N-])C(=O)N1CCCCC1,0,0.935988,0.121263,0.079985
CC(C)N1C[C@H](C)[C@@H](CN(C)Cc2ccc(cc2)Oc2ccccc2)Oc2c(cccc2-c2cn(nn2)-c2ccncc2)C1=O,0,0.272882,0.135028,0.090812
COc1ccc(cc1)CN(C)C[C@@H]1OCCCC[C@H](C)Oc2ccc(cc2C(=O)N(C[C@H]1C)[C@H](C)CO)NC(=O)Cc1ccccc1,0,0.008156,0.023644,0.006072
CC[C@H](C)[C@@H]([C@@H](CC(=O)N1CCC[C@H]1[C@H](OC)[C@@H](C)C(=O)N[C@@H](Cc1ccccc1)c1nccs1)OC)N(C)C(=O)[C@@H](NC(=O)[C@H](C(C)C)N(C)C)C(C)C,0,0.869504,0.063216,0.073908
C[C@@H]1CCCCO[C@H](CN(C)C(=O)c2ccncc2)[C@H](C)CN([C@H](C)CO)C(=O)c2cc(ccc2O1)NS(=O)(=O)C,0,0.001089,0.023342,0.003929
CN(C)S(=O)(=O)N1CCC[C@@H](C1)C(=O)N,0,0.001357,0.062401,0.035577
CO[C@@H]1CN(C)C(=O)c2cc(ccc2OC[C@@H](C)N(C[C@H]1C)C(=O)CN(C)C)NC(=O)c1ccc(cc1)F,0,0.108171,0.032301,0.013117
C[C@@H]1CCCCO[C@H](CN(C)C(=O)Nc2c(noc2C)C)[C@@H](C)CN([C@H](C)CO)C(=O)c2cc(ccc2O1)NS(=O)(=O)c1ccc(cc1)C,0,0.010548,0.024169,0.006298
CC(C)NC(=O)N(C)C[C@@H]1Oc2ccc(cc2CC(=O)N(C[C@@H]1C)[C@H](C)CO)NC(=O)CCCN(C)C,0,0.015022,0.026537,0.006530
COc1ccc2c3c(n(c2c1)C)[C@H](CO)N(C[C@]13CCN(CC1)C(=O)Nc1ccc(cc1)F)C(=O)c1ccc(cc1)F,0,0.225300,0.472069,0.181853
CN1CCN(CC1)C(=O)C[C@@H]1O[C@@H](CO)[C@H](NC(=O)Nc2ccccc2F)C=C1,0,0.470561,0.154074,0.082846
Nc1cccc(c1)/C=C/c1ccccn1,0,0.102635,0.166486,0.145220
OC(=O)CNC(=O)c1[nH]nc2ccccc12,0,0.182826,0.050580,0.055894
NC(=O)Cc1nc2ccccc2n1CCC#N,0,0.012858,0.038124,0.020103
O[C@@H]1COC[C@H]2O[C@H](CC[C@@H]2N(C1)C(=O)Nc1ccc(cc1)Cl)CC(=O)NCCc1ccncc1,0,0.590449,0.595729,0.575668
COCC(=O)N1C[C@H](C)[C@@H](CN(C)C(=O)c2ccc(cc2OC[C@H]1C)NC(=O)c1ccc(cc1)OC)OC,0,0.002358,0.022920,0.006520
C[C@@H]1CN([C@H](C)CO)S(=O)(=O)c2ccc(cc2O[C@@H]1CN(C)C(=O)C)C#CCN(C)C,0,0.058493,0.024972,0.010947
CN1CCN(CC1)C(=O)[C@@H]1[C@@H](CO)[C@@H]2CN3C(=O)C=CC=C3[C@H]1N2S(=O)(=O)c1ccccc1F,0,0.040516,0.038090,0.013198
O=C(O)C=Cc1ccc(Cn2ccnc2)cc1,0,0.798713,0.043991,0.042275
C[C@@H]1CCCCO[C@@H](CN(C)Cc2ccc(c(c2)Cl)Cl)[C@H](C)CN([C@H](C)CO)C(=O)c2cc(ccc2O1)NC(=O)Nc1ccccc1,0,0.109041,0.026910,0.005773
C[C@H]1CN([C@H](C)CO)C(=O)c2cc(cnc2O[C@H]1CN(C)C(=O)Nc1ccc(cc1)F)C#CCN(C)C,0,0.348003,0.032235,0.014934
C[C@@H]1CCCCO[C@H](CN(C)Cc2ccc3c(c2)OCO3)[C@H](C)CN([C@H](C)CO)C(=O)c2cc(ccc2O1)NS(=O)(=O)c1ccc(cc1)C,0,0.002599,0.024602,0.005362
C[C@@H]1CN([C@@H](C)CO)C(=O)c2cccc(c2O[C@@H]1CN(C)C(=O)Nc1cccc2ccccc12)NC(=O)Nc1c(noc1C)C,0,0.148836,0.024529,0.010204
O=C([O-])C(O)C(O)C(O)C(O)CO.[Na+],0,0.021839,0.134172,0.041813
ONC(=O)c1ccc(cc1)C#C,0,0.049240,0.079630,0.042435
COc1ccc(cc1)CN(C)C[C@@H]1Oc2ccc(cc2CC(=O)N(C[C@@H]1C)[C@@H](C)CO)NC(=O)CCCCCC(=O)Nc1ccccc1N,0,0.004151,0.024351,0.005296
OC[C@H]1O[C@H](CC[C@@H]1NS(=O)(=O)c1ccccc1F)CC(=O)NCCCN1CCOCC1,0,0.046707,0.029570,0.010513
COCC(=O)Nc1ccc2c(c1)C(=O)N(C)[C@@H]1CC[C@@H](CC(=O)NCc3ccccc3Cl)O[C@@H]1CO2,0,0.068284,0.056401,0.042904
CO[C@H]1C[C@H](CC[C@H]1OC(=O)C(C)(CO)CO)C[C@@H](C)[C@H]1CC(=O)[C@H](C)/C=C(\C)[C@@H](O)[C@H](OC)C(=O)[C@H](C)C[C@H](C)/C=C/C=C\C=C(C)[C@@H](C[C@@H]2CC[C@@H](C)[C@@](O)(O2)C(=O)C(=O)N2CCCC[C@H]2C(=O)O1)OC,0,0.828435,0.640882,0.312864
C[C@H]1CN([C@@H](C)CO)S(=O)(=O)c2ccc(cc2O[C@@H]1CN(C)C(=O)C1CCOCC1)Br,0,0.126032,0.057009,0.010955
C[C@H]1CCCCO[C@H](CN(C)C(=O)Nc2ccc(cc2)C(F)(F)F)[C@@H](C)CN([C@H](C)CO)C(=O)c2cc(ccc2O1)NS(=O)(=O)c1ccccc1,0,0.068195,0.041057,0.009852
C[C@H]1CN([C@H](C)CO)C(=O)c2cc(ccc2O[C@@H]1CN(C)Cc1ccc(cc1)-c1ccccc1)NC(=O)Cc1cn(c2ccccc12)C,0,0.023419,0.027210,0.009851
C[C@H]1CN([C@@H](C)CO)C(=O)c2cc(ccc2O[C@H]1CN(C)S(=O)(=O)c1ccccc1)NS(=O)(=O)c1cn(cn1)C,0,0.024148,0.024850,0.005812
O=C(O)Cc1ccc(-c2ccccc2)cc1,0,0.595271,0.075237,0.067784
C[C@@H]1CCCCO[C@@H](CN(C)C(=O)NC2CCCCC2)[C@H](C)CN([C@H](C)CO)C(=O)c2cc(ccc2O1)NC(=O)c1ccncc1,0,0.002174,0.022519,0.004283
C[C@@H]1CCCCO[C@H](CN(C)C(=O)Nc2ccc(cc2)F)[C@H](C)CN([C@@H](C)CO)C(=O)c2cc(ccc2O1)NC(=O)Nc1ccc(cc1)F,0,0.256632,0.027298,0.012259
OC[C@@H]1O[C@H](CC[C@H]1NC(=O)Cc1ccccn1)CC(=O)NCCc1ccncc1,0,0.004665,0.022018,0.008824
C[C@@H]([C@@H](C)c1ccc(cn1)O)[C@@H](N)C(=O)N[C@@H]([C@H]1O[C@H]([C@@H](O)[C@H]1O)N1C=CC(=CC1=O)O)C(=O)O,0,0.970363,0.744510,0.614096
O[C@@H](CC(=O)O)C(=O)O,0,0.001984,0.089941,0.073118
COc1ccc(cc1)CN(C)C[C@@H]1OCCCC[C@@H](C)Oc2ccc(cc2C(=O)N(C[C@H]1C)[C@@H](C)CO)NC(=O)c1ccccc1,0,0.004326,0.022738,0.004484
CCCSc1nc(c2nnn(c2n1)[C@@H]1C[C@H](OCCO)[C@@H](O)[C@H]1O)N[C@@H]1C[C@H]1c1ccc(c(c1)F)F,1,0.574658,0.740241,0.534894
C=C(c1ccc(C(=O)O)cc1)c1cc2c(cc1C)C(C)(C)CCC2(C)C,0,0.998684,0.688673,0.664073
C[C@@H]1CN([C@H](C)CO)S(=O)(=O)c2ccc(cc2O[C@@H]1CN(C)C(=O)c1ccc2c(c1)OCO2)C#Cc1ccccc1F,0,0.046935,0.026673,0.005469
CNC[C@@H]1Oc2ccc(cc2CC(=O)N(C[C@@H]1C)[C@@H](C)CO)NS(=O)(=O)c1cn(cn1)C,0,0.014781,0.023309,0.005891
COc1nn(cc1C(=O)N1CCN(C)CC1)C,0,0.104336,0.030406,0.006928
C[C@@H]1CCCCO[C@@H](CN(C)S(=O)(=O)c2c(noc2C)C)[C@H](C)CN([C@H](C)CO)C(=O)c2cc(ccc2O1)NC(=O)Nc1ccc(cc1)C(F)(F)F,0,0.292387,0.039967,0.012877
CCC1(C)CC(=O)NC(=O)C1,0,0.055556,0.048731,0.026809
COc1ccc(cc1)S(=O)(=O)Nc1cccc2c1O[C@H](CN(C)S(=O)(=O)c1cn(cn1)C)[C@H](C)CN([C@H](C)CO)C2=O,0,0.025926,0.026633,0.007312
Cc1cccc2[nH]c(nc12)CCN,0,0.538914,0.047663,0.023890
C[C@@H]1CN([C@H](C)CO)C(=O)Cc2cc(ccc2O[C@@H]1CN(C)S(=O)(=O)C)NC(=O)Nc1c(noc1C)C,0,0.008069,0.024064,0.006522
C[C@@H]1CN([C@@H](C)CO)C(=O)Cc2cc(ccc2O[C@H]1CN(C)S(=O)(=O)c1ccccc1)NS(=O)(=O)c1ccccc1,0,0.000557,0.023330,0.005236
COc1ccc(cc1)C1(CN)CCCC1,0,0.642720,0.594893,0.375113
COc1ccccc1-c1ccc2c(c1)O[C@H](CN(C)C(=O)c1ccncc1)[C@@H](C)CN([C@H](C)CO)S2(=O)=O,0,0.006112,0.023328,0.004532
COCCNC(=O)C[C@H]1CC[C@H]2[C@H](COc3ccc(cc3C(=O)N2C)NC(=O)Nc2cccc(c2)F)O1,0,0.072738,0.038304,0.015211
Cc1ccc(cc1)S(=O)(=O)N1C[C@H](O)COC[C@@H]2O[C@@H](CC[C@H]21)CC(=O)NCc1ccc(c(c1)Cl)Cl,0,0.552621,0.051019,0.025923
C[C@@H]1CN([C@H](C)CO)C(=O)c2cc(ccc2O[C@@H]1CN(C)C(=O)Nc1ccc(cc1)C(F)(F)F)NC(=O)NC1CCCCC1,0,0.626703,0.612106,0.584674
NC(=O)C([C@H]1CCS(=O)(=O)C1)C(=O)N,0,0.061740,0.122225,0.062116
CCS(=O)(=O)NCC[C@H]1CC[C@H](NC(=O)C2CC2)[C@@H](CO)O1,0,0.023981,0.049962,0.008546
C[C@H]1CN([C@H](C)CO)C(=O)c2cc(ccc2O[C@H]1CN(C)C(=O)Nc1ccc2c(c1)OCO2)NC(=O)CCN1CCOCC1,0,0.002104,0.021582,0.004469
C[C@H]1CN([C@@H](C)CO)C(=O)Cc2cc(ccc2O[C@H]1CN(C)S(=O)(=O)c1ccc(cc1)C)NC(=O)Nc1ccc(cc1)C(F)(F)F,0,0.156986,0.038396,0.012763
C[C@@H]1CCCCO[C@@H](CN(C)C(=O)Nc2ccc3c(c2)OCO3)[C@H](C)CN([C@H](C)CO)C(=O)c2cc(ccc2O1)NC(=O)Nc1ccc(cc1)C(F)(F)F,0,0.360840,0.023019,0.016608
COc1ccc(cc1)NC(=O)N(C)C[C@H]1OCCCC[C@@H](C)Oc2ccc(cc2C(=O)N(C[C@@H]1C)[C@H](C)CO)NS(=O)(=O)c1ccccc1,0,0.001910,0.023502,0.003933
COc1ccc(cc1)[Si](C)(C)[C@H]1[C@H](C)[C@]2(O[C@@H]1CCO)C(=O)N(CC=C)c1ccc(cc12)N1C(=O)c2cccc3cccc1c23,0,0.049395,0.076891,0.085436
COc1ccc2c3c([nH]c2c1)[C@H](CO)N(CC1CCCC1)C[C@]13CCN(CC1)C(=O)c1ccc(cc1)F,0,0.197375,0.179266,0.161884
OC[C@@H]1[C@H]([C@H](C#N)N1C(=O)CN1CCOCC1)c1ccc(cc1)C#Cc1ccccn1,0,0.096903,0.206788,0.062935
COc1ccc(cc1)S(=O)(=O)N(C)C[C@H]1Oc2cc(ccc2S(=O)(=O)N(C[C@@H]1C)[C@H](C)CO)C1=CCCC1,0,0.007647,0.024657,0.005282
C[C@@H]1CN([C@@H](C)CO)C(=O)c2cccc(c2O[C@@H]1CN(C)C(=O)Nc1ccc(cc1)F)NC(=O)c1nc2ccccc2s1,0,0.154725,0.035803,0.017414
COc1ccc(cc1)C#Cc1ccc2c(c1)[C@]1([C@H]([C@H]3N([C@@H]([C@@H](OC3=O)c3ccccc3)c3ccccc3)[C@H]1c1ccc(cc1)O)C(=O)N1CCN(CC1)c1ncccn1)C(=O)N2,0,0.020341,0.075485,0.031791
O=C(NN1CCOCC1)Nc1ccno1,0,0.029312,0.049656,0.024480
CCNC(=O)C[C@@H]1CC[C@H]2[C@H](COc3ccc(cc3C(=O)N2C)NS(=O)(=O)c2ccccc2C)O1,0,0.004200,0.024330,0.007717
C[C@H]1CCCCO[C@H](CN(C)C(=O)NC2CCCCC2)[C@@H](C)CN([C@H](C)CO)C(=O)c2cc(ccc2O1)NS(=O)(=O)c1ccc(cc1)Cl,0,0.009138,0.024057,0.004930
Clc1cccc(c1CSc1cccs1)Cl,0,0.888675,0.423244,0.351735
COC(=O)CC1C(C)(C)C(OC(C)=O)C2CC3=C4CC(=O)OC(c5ccoc5)C4(C)CCC3C1(C)C2=O,0,0.837299,0.217247,0.163967
C[C@@H]1CCCCO[C@@H](CN(C)Cc2ccc(cc2)C(=O)O)[C@H](C)CN([C@@H](C)CO)C(=O)c2cc(ccc2O1)NC(=O)Nc1ccccc1,0,0.063330,0.028679,0.007047
COc1ccccc1C#Cc1ccc2c(c1)O[C@@H](CN(C)Cc1ccncc1)[C@@H](C)CN([C@H](C)CO)S2(=O)=O,0,0.056987,0.024965,0.005762
CCc1ccc(cc1)/C=C/1\SC(=O)N(CCCCCCNC(=O)c2ccc(cc2)Nc2ccc(c3nonc23)[N+](=O)[O-])C1=O,0,0.616932,0.130254,0.272594
COc1ccc(cc1)NC(=O)Nc1ccc2c(c1)C(=O)N(C[C@@H](C)[C@H](CN(C)S(=O)(=O)C)O2)[C@@H](C)CO,0,0.019192,0.027005,0.007946
OCCN(Cc1ccccc1)C(=O)C[C@@H](CC=C)C(=O)N[C@H](COC(=O)[C@@H](CCC=C)Cc1ccc(cc1)F)c1ccccc1,0,0.013451,0.025218,0.025581
C[C@@H]1CCCCO[C@@H](CN(C)C(=O)c2ccccc2)[C@H](C)CN([C@@H](C)CO)C(=O)c2cc(ccc2O1)NS(=O)(=O)c1ccccc1,0,0.000333,0.023503,0.004162
CN1C(=O)[C@@H]2CN(C[C@@H]2C21CCN(CC2)S(=O)(=O)C)c1ncccn1,0,0.026690,0.042776,0.013997
Cn1nnnc1-c1ccco1,0,0.006730,0.064598,0.036199
CO[C@@H]1CN(C)C(=O)c2ccc(cc2OC[C@@H](C)N(C[C@H]1C)Cc1ccccc1OC)NC(=O)Nc1ccccc1OC,0,0.024372,0.061131,0.023617
CS(=O)(=O)Nc1ccc2c(c1)[C@H]1C[C@@H](CC(=O)NCC3CC3)O[C@@H](CO)[C@H]1O2,0,0.010618,0.028011,0.008692
C[C@H]1CN([C@@H](C)CO)C(=O)c2cc(ccc2O[C@@H]1CN(C)Cc1ccc(cc1)Oc1ccccc1)NC(=O)Nc1ccccc1,0,0.008189,0.027217,0.016072
CC1(C)[C@H](CC[C@@]2(C)[C@H]1CC[C@]1(C)[C@H]2C(=O)C=C2[C@@H]3C[C@](C)(CC[C@]3(C)CC[C@]21C)C(=O)O)OC(=O)CCC(=O)O,0,0.949275,0.784853,0.718177
COc1cccc(c1)S(=O)(=O)N(C)C[C@@H]1Oc2ncc(cc2C(=O)N(C[C@@H]1C)[C@@H](C)CO)-c1cccc(c1)C(=O)N(C)C,0,0.000939,0.023045,0.004021
COc1ccc(cc1)NC(=O)Nc1cccc2c1O[C@@H](CN(C)C(=O)Nc1cccc3ccccc13)[C@H](C)CN([C@H](C)CO)C2=O,0,0.067933,0.025391,0.011836
CCS(=O)(=O)N1CC[C@]2(CC1)CN(CC1CCOCC1)[C@@H](CO)c1c2c2ccc(cc2n1C)OC,0,0.068609,0.028950,0.013097
CCNC(=O)[C@@H]1[C@@H](CO)[C@@H]2CN3C(=O)C(=CC=C3[C@H]1N2S(=O)(=O)C)c1ccc(cc1)OC,0,0.010611,0.023526,0.006334
COc1cc(c(cc1S(=O)(=O)N(C)Cc1ccccc1)S(=O)(=O)N(C)Cc1ccccc1)OC,0,0.022392,0.174018,0.026299
C[C@H]1CCCCO[C@H](CN(C)S(=O)(=O)c2ccc(cc2)C)[C@H](C)CN([C@@H](C)CO)C(=O)c2cc(ccc2O1)NC(=O)NC1CCCCC1,0,0.009044,0.024213,0.004622
CN1CCN(CC1)C1=NC(=O)NN=C1C,0,0.956229,0.053116,0.015218
C[C@@H]1CCCCO[C@@H](CN(C)S(=O)(=O)c2ccc(cc2)F)[C@H](C)CN([C@@H](C)CO)C(=O)c2cc(ccc2O1)NS(=O)(=O)c1cn(cn1)C,0,0.039909,0.023965,0.006117
C[C@H]1CN([C@H](C)CO)C(=O)Cc2cc(ccc2O[C@@H]1CN(C)S(=O)(=O)c1cn(cn1)C)NC(=O)Nc1ccccc1,0,0.009051,0.023536,0.004315
C[C@H]1CN([C@H](C)CO)C(=O)c2cccc(c2O[C@H]1CN(C)S(=O)(=O)c1ccc(cc1)C)NS(=O)(=O)c1cccs1,0,0.011325,0.026948,0.005988
C[C@@H]1CN([C@H](C)CO)C(=O)c2cc(ccc2O[C@@H]1CN(C)S(=O)(=O)C)NS(=O)(=O)C,0,0.014059,0.022606,0.006048
NC(=O)c1ccc(nc1)N,0,0.066087,0.067759,0.024619
C[C@H](CS)C(=O)N1CCC[C@H]1C(=O)O,0,0.000000,0.056334,0.035672
Cc1nc2ccc(cc2s1)[N+](=O)[O-],0,0.304092,0.133970,0.108271
COc1ccc(cc1)NC(=O)N(C)C[C@@H]1Oc2ccc(cc2CC(=O)N(C[C@H]1C)[C@H](C)CO)NC(=O)CCCN(C)C,0,0.017859,0.023863,0.005415
COc1ccccc1-c1cnc2c(c1)C(=O)N(C[C@H](C)[C@@H](CN(C)C(=O)c1cccnc1)O2)[C@H](C)CO,0,0.002516,0.023013,0.004282
COc1ccc(cc1)C#Cc1ccc2c(c1)O[C@H](CN(C)C(=O)c1ccccn1)[C@H](C)CN([C@H](C)CO)S2(=O)=O,0,0.026027,0.023812,0.004950
C[C@H]1CCCCO[C@H](CN(C)C(=O)Nc2ccccc2)[C@H](C)CN([C@@H](C)CO)C(=O)c2cc(ccc2O1)NC(=O)Nc1c(noc1C)C,0,0.027114,0.023099,0.005289
C[C@@H]1CN([C@H](C)CO)C(=O)c2cc(cnc2O[C@@H]1CN(C)C(=O)C1CCCCC1)C#CC1(O)CCCC1,0,0.035084,0.069936,0.026999
C[C@@H]1CN([C@H](C)CO)S(=O)(=O)c2ccc(cc2O[C@H]1CN(C)Cc1ccncc1)C#CC(C)(C)O,0,0.022897,0.024025,0.005763
FC1=CC=CNC1=O,0,0.076967,0.121288,0.053519
C[C@@H]1CN([C@H](C)CO)C(=O)c2cccc(c2O[C@@H]1CN(C)C(=O)Nc1ccc(cc1)F)NS(=O)(=O)c1cn(cn1)C,0,0.257743,0.025545,0.007695
COc1ccc(cc1)CN(C)C[C@@H]1Oc2ccc(cc2CC(=O)N(C[C@@H]1C)[C@@H](C)CO)NS(=O)(=O)c1c(noc1C)C,0,0.001990,0.024135,0.004739
C[C@H]1CN([C@H](C)CO)C(=O)c2cc(ccc2O[C@H]1CN(C)Cc1ccc(c(c1)Cl)Cl)NS(=O)(=O)c1ccc(cc1)F,0,0.040803,0.024153,0.007926
Nc1cccc2c1CN(C1CCC(=O)NC1=O)C2=O,0,0.006438,0.061256,0.050212
C[C@@H]1CN([C@H](C)CO)C(=O)c2cc(ccc2O[C@@H]1CN(C)S(=O)(=O)c1ccc(cc1)F)NC(=O)CCCN(C)C,0,0.045495,0.024628,0.008143
C[C@H]1CN([C@@H](C)CO)C(=O)Cc2cc(ccc2O[C@H]1CN(C)C(=O)Nc1ccccc1)NC(=O)Nc1ccc(cc1)C(F)(F)F,0,0.262871,0.073464,0.054925
C[C@@H]1CN([C@@H](C)CO)C(=O)c2cc(cnc2O[C@@H]1CN(C)C(=O)Nc1cccc(c1)F)C#CCN(C)C,0,0.316672,0.032854,0.014694
C[C@H]1CCCCO[C@H](CN(C)C(=O)NC2CCCCC2)[C@@H](C)CN([C@@H](C)CO)C(=O)c2cc(ccc2O1)NC(=O)Nc1c(noc1C)C,0,0.027855,0.024991,0.007351
C[C@@H]1CN([C@@H](C)CO)C(=O)c2cccc(c2O[C@H]1CN(C)C(=O)Nc1ccc2c(c1)OCO2)NC(=O)C1CCOCC1,0,0.016378,0.022637,0.004816
C[C@@H]1CN([C@@H](C)CO)C(=O)c2cc(cnc2O[C@@H]1CN(C)C(=O)Nc1ccc2c(c1)OCO2)-c1cncnc1,0,0.007492,0.021640,0.004382
CC/C(=C\C(=O)O)c1ccccc1,0,0.425256,0.055467,0.054925
C[C@H]1CCCCO[C@H](CN(C)C(=O)CCC(F)(F)F)[C@@H](C)CN([C@@H](C)CO)C(=O)c2cc(ccc2O1)NS(=O)(=O)c1cccs1,0,0.010408,0.027140,0.007480
C[C@H]1CN([C@H](C)CO)C(=O)Cc2cc(ccc2O[C@@H]1CN(C)Cc1ccncc1)NC(=O)Nc1ccc(cc1)C(F)(F)F,0,0.095580,0.091025,0.051539
CC12C=CC(=O)C=C1CCC1C2C(O)CC2(C)C1CCC2(O)C(=O)COC(=O)CCC(=O)O,0,0.339357,0.508293,0.347296
Oc1ccc(cc1)[C@@H]1N2[C@H]([C@H](C(=O)N3CCCCCCC3)[C@@]11C(=O)Nc3ccc(cc31)C#CC1(O)CCCCCC1)C(=O)O[C@H]([C@H]2c1ccccc1)c1ccccc1,0,0.117144,0.109537,0.087026
COc1ccc(cc1)S(=O)(=O)Nc1ccc2c(c1)[C@@H]1C[C@@H](CC(=O)NCC3CC3)O[C@H](CO)[C@@H]1O2,0,0.006740,0.024075,0.008728
C[C@@H]1CN([C@@H](C)CO)C(=O)c2cccc(c2O[C@H]1CN(C)C(=O)Nc1c(noc1C)C)NC(=O)Nc1ccc(cc1)C(F)(F)F,0,0.854336,0.681885,0.678184
C[C@H]1CN([C@@H](C)CO)C(=O)c2c(c3ccccc3n2C)-c2ccccc2CO[C@H]1CN(C)C(=O)Oc1ccc(cc1)C,0,0.140617,0.101353,0.032750
C[C@@H]1CCCCO[C@@H](CN(C)Cc2ccccc2)[C@@H](C)CN([C@H](C)CO)C(=O)c2cc(ccc2O1)NC(=O)c1ccncc1,0,0.001940,0.023071,0.004006
CO[C@@H]1CN(C)C(=O)c2ccc(cc2OC[C@@H](C)N(CC2CC2)C[C@@H]1C)NS(=O)(=O)c1cn(cn1)C,0,0.010363,0.025591,0.006341
C[C@@H]1CCCCO[C@H](CN(C)S(=O)(=O)c2ccc(cc2)C)[C@@H](C)CN([C@H](C)CO)C(=O)c2cc(ccc2O1)NC(=O)Nc1ccc(cc1)C(F)(F)F,0,0.206138,0.030363,0.006491
CC(=N)NCCCC[C@H](N)C(=O)O,0,0.745391,0.029447,0.014282
CCC(=O)N1CCO[C@]2(COCCN(CC(=O)NC)C2)C1,0,0.009030,0.034084,0.006339
C[C@@H]1CN([C@H](C)CO)C(=O)c2cccc(c2O[C@H]1CN(C)CC1CCCCC1)NC(=O)c1cnccn1,0,0.087604,0.026752,0.010552
C[C@H]1CN([C@@H](C)CO)C(=O)c2cc(ccc2O[C@@H]1CN(C)C(=O)Nc1ccc(cc1)C(F)(F)F)NC(=O)Cc1ccccc1,0,0.468356,0.404964,0.311230
COc1ccc(cc1)NC(=O)N(C)C[C@H]1Oc2ccc(cc2CC(=O)N(C[C@H]1C)[C@H](C)CO)NS(=O)(=O)c1c(noc1C)C,0,0.003832,0.023903,0.004927
CC(=O)N[C@H]1[C@@H](O)O[C@@H](CO)[C@@H](O)[C@@H]1O,0,0.005271,0.087677,0.046105
CN1C(=C(SC1=O)C(=O)O)C,0,0.197194,0.064864,0.051630
C[C@H]1CCCCO[C@@H](CN(C)C(=O)Nc2ccc3c(c2)OCO3)[C@@H](C)CN([C@@H](C)CO)C(=O)c2cc(ccc2O1)NS(=O)(=O)c1cccs1,0,0.001637,0.023333,0.004047
COc1ccc(cc1)CN(C)C[C@H]1Oc2c(cccc2C(=O)N(C[C@H]1C)[C@@H](C)CO)NC(=O)Nc1cccc2ccccc12,0,0.024382,0.027070,0.014934
COc1ccc2c3c(n(c2c1)C)[C@H](CO)N(C[C@]13CN(CC2CCOCC2)C1)C(=O)c1ccc(cc1)F,0,0.336564,0.126045,0.118745
C[C@H]1CN([C@H](C)CO)C(=O)c2cc(cnc2O[C@@H]1CN(C)C(=O)Nc1ccc2c(c1)OCO2)-c1cncnc1,0,0.007492,0.021640,0.004382
NS(=O)(=O)c1ccc(c(c1)C(=O)O)F,0,0.000005,0.111079,0.024281
Cn1cccc1[C@@H](CN)N1CCc2ccccc2C1,0,0.176812,0.234500,0.142757
C[C@H]1CCCCO[C@H](CN(C)C(=O)c2ccncc2)[C@@H](C)CN([C@H](C)CO)C(=O)c2cc(ccc2O1)NC(=O)C1CCCCC1,0,0.001775,0.022077,0.004130
C[C@H]1CCCCO[C@H](CN(C)C(=O)Nc2cccc3ccccc23)[C@@H](C)CN([C@H](C)CO)C(=O)c2cc(ccc2O1)NS(=O)(=O)c1c(noc1C)C,0,0.007232,0.024768,0.004349
CC(C)NC(=O)N(C)C[C@@H]1Oc2ccc(cc2CC(=O)N(C[C@H]1C)[C@H](C)CO)NC(=O)CCN1CCOCC1,0,0.001652,0.025607,0.006822
COCC#Cc1ccc2c(c1)O[C@H](CN(C)C(=O)C1CCOCC1)[C@H](C)CN([C@H](C)CO)S2(=O)=O,0,0.093160,0.024006,0.008056
COc1ccc(cc1)COC[C@@]12Oc3ccccc3[C@H]([C@H]2COC(=O)c2ccccc2)N2C(=O)c3cc(ccc3SC2=N1)[N+](=O)[O-],0,0.118466,0.276440,0.208840
C[C@@H]1CCCCO[C@H](CN(C)S(=O)(=O)c2ccc(cc2)C)[C@H](C)CN([C@@H](C)CO)C(=O)c2cc(ccc2O1)NC(=O)Cc1ccccc1,0,0.001901,0.023104,0.003857
C[C@H]1CN([C@H](C)CO)C(=O)Cc2cc(ccc2O[C@H]1CN(C)C(=O)Nc1ccc2c(c1)OCO2)NC(=O)Nc1ccc(cc1)C(F)(F)F,0,0.126529,0.032976,0.020846
Cc1ccc(cc1)S(=O)(=O)C1=CNC(=O)N1,0,0.885998,0.252612,0.156960
C[C@@H]1CCCCO[C@@H](CN(C)S(=O)(=O)c2ccc(cc2)Cl)[C@@H](C)CN([C@H](C)CO)C(=O)c2cc(ccc2O1)NC(=O)Nc1ccc(cc1)C(F)(F)F,0,0.449230,0.096862,0.008839
N[C@H](C(=O)O)c1ccc(c(c1)O)C(=O)O,0,0.607239,0.045094,0.054632
C[C@H]1CN([C@@H](C)CO)C(=O)Cc2cc(ccc2O[C@@H]1CN(C)Cc1ccncc1)NC(=O)Cn1cnnn1,0,0.012194,0.023326,0.005403
COCCOC(=O)N1C(=O)[C@]2([C@@H]([C@@H]3N([C@H]([C@H](OC3=O)c3ccccc3)c3ccccc3)[C@@H]2c2ccc(cc2)OCCO)C(=O)NCC=C)c2cc(ccc21)C#Cc1ccc(cc1)OC,0,0.790742,0.083598,0.041538
C[C@@H]1CN([C@H](C)CO)C(=O)c2cccc(c2O[C@@H]1CN(C)S(=O)(=O)c1cccs1)NS(=O)(=O)c1c(noc1C)C,0,0.005976,0.024612,0.007547
CCC(C)C1NC(=O)C(CCN)NC(=O)C(NC(=O)C(CCN)NC(=O)C(NC(=O)C(CCN)NC(=O)CCCCC(C)C)C(C)O)CCNC(=O)C(C(C)O)NC(=O)C(CCN)NC(=O)C(CCN)NC(=O)C(C(C)CC)NC1=O.O=S(=O)(O)O.O=S(=O)(O)O,0,0.813836,0.619567,0.365420
COc1ccc(cc1)S(=O)(=O)Nc1ccc2c(c1)C(=O)N(C[C@H](C)[C@H](CN(C)Cc1ccc(cc1)C(=O)O)OCCCC[C@H](C)O2)[C@H](C)CO,0,0.021933,0.027240,0.005043
C[C@@H]1CN([C@@H](C)CO)C(=O)c2c(c3ccccc3n2C)-c2ccccc2CO[C@@H]1CN(C)Cc1cccc(c1)F,0,0.077418,0.031751,0.017269
CCCC#Cc1ccc2c(c1)O[C@H](CN(C)Cc1ccc3c(c1)OCO3)[C@@H](C)CN([C@@H](C)CO)S2(=O)=O,0,0.085538,0.028020,0.006063
C[C@H]1CN([C@H](C)CO)C(=O)c2cc(ccc2O[C@H]1CN(C)S(=O)(=O)c1cn(cn1)C)NC(=O)NC1CCCCC1,0,0.024587,0.023854,0.004749
CC(C)CC#Cc1ccc2c(c1)O[C@@H](CN(C)C(=O)NC1CCCC1)[C@@H](C)CN([C@@H](C)CO)S2(=O)=O,0,0.185243,0.030746,0.006931
C[C@@H]1CN([C@@H](C)CO)C(=O)c2c(c3ccccc3n2C)-c2ccccc2CO[C@H]1CN(C)C(=O)Nc1ccccc1,0,0.027933,0.024896,0.012157
C[C@@H]1CN([C@H](C)CO)C(=O)c2cccc(c2O[C@H]1CN(C)Cc1ccc(cc1)C(=O)O)NC(=O)c1ccncc1,0,0.052156,0.045007,0.019559
C[C@H]1CN([C@H](C)CO)C(=O)c2cc(ccc2O[C@H]1CN(C)C(=O)Nc1ccc(cc1)F)NC(=O)CCCN(C)C,0,0.154484,0.035570,0.010523
OC[C@@H]1O[C@@H](C[C@H]2[C@@H]1Oc1ccc(cc12)NC(=O)Cc1ccncc1)CC(=O)NCc1cc(ccc1F)F,0,0.071651,0.034462,0.012907
Cn1cnc(c1)S(=O)(=O)N1C[C@@H](O)COC[C@@H]2O[C@H](CC[C@H]21)CC(=O)N1CCN(CC1)c1ccccc1,0,0.162845,0.030884,0.008005
C[C@H]1CCCCO[C@H](CN(C)S(=O)(=O)c2cccs2)[C@H](C)CN([C@H](C)CO)C(=O)c2cc(ccc2O1)NC(=O)Nc1c(noc1C)C,0,0.003500,0.023349,0.004546
OC[C@H]1O[C@H](C[C@@H]2[C@H]1Oc1ccc(cc12)NS(=O)(=O)c1ccc(cc1)F)CC(=O)NCc1ccncc1,0,0.006105,0.026925,0.008960
Cc1cccc(c1)-n1cc(cn1)CN,0,0.375993,0.056124,0.022373
C[C@@H]1CCCCO[C@@H](CN(C)C(=O)Nc2ccc(cc2)C(F)(F)F)[C@H](C)CN([C@H](C)CO)C(=O)c2cc(ccc2O1)NC(=O)c1ccncc1,0,0.126640,0.025083,0.012065
C[C@H]1CCCCO[C@H](CN(C)C(=O)Nc2cccc3ccccc23)[C@@H](C)CN([C@H](C)CO)C(=O)c2cc(ccc2O1)NS(=O)(=O)c1ccc(cc1)F,0,0.013998,0.024253,0.005772
CO[C@@H]1C[C@@H](CC[C@H]1O)C[C@@H](C)[C@@H]1CC(=O)[C@H](C)/C=C(\C)[C@@H](O)[C@@H](OC)C(=O)[C@H](C)C[C@H](C)/C=C/C=C/C=C(\C)[C@H](C[C@@H]2CC[C@@H](C)[C@@](O)(O2)C(=O)C(=O)N2CCCC[C@@H]2C(=O)O1)OC,0,0.709874,0.510855,0.355036
C[C@H]1CCCCO[C@@H](CN(C)Cc2ccc(cc2)C(F)(F)F)[C@H](C)CN([C@@H](C)CO)C(=O)c2cc(ccc2O1)NS(=O)(=O)c1ccccc1,0,0.014737,0.024946,0.005814
C[C@@H]1CN([C@H](C)CO)C(=O)Cc2cc(ccc2O[C@@H]1CN(C)S(=O)(=O)c1ccc(cc1)C)NS(=O)(=O)c1cccs1,0,0.001526,0.023368,0.004860
COCCCNC(=O)[C@@]1(Cc2ccccc2N=[N+]=[N-])N=C(O[C@H]1c1ccccc1N=[N+]=[N-])c1ccc(cc1)OCCCO,0,0.877839,0.075290,0.052009
C[C@@H]1CN([C@H](C)CO)C(=O)c2cccc(c2O[C@@H]1CN(C)Cc1ccc(cc1)-c1ccccc1)NC(=O)Nc1c(noc1C)C,0,0.077703,0.034597,0.011577
CO[C@@H](CN(C)C(=O)c1ccc2c(c1)OCO2)[C@@H](C)CN([C@@H](C)CO)S(=O)(=O)c1ccc(cc1)F,0,0.057552,0.035485,0.010643
C[C@@H]1CN([C@@H](C)CO)C(=O)c2cccc(c2O[C@@H]1CN(C)Cc1ccc(c(c1)Cl)Cl)NC(=O)Nc1ccccc1,0,0.213254,0.160548,0.039826
C[C@H]1CN([C@@H](C)CO)C(=O)c2c(c3ccccc3n2C)-c2ccccc2CO[C@H]1CN(C)Cc1cccc(c1)C(=O)O,0,0.254341,0.509124,0.462836
C[C@@H]1CN([C@@H](C)CO)C(=O)Cc2cc(ccc2O[C@@H]1CN(C)Cc1ccncc1)NS(=O)(=O)c1ccc(cc1)F,0,0.001313,0.024379,0.004999
COc1ccccc1C#Cc1cnc2c(c1)C(=O)N(C[C@@H](C)[C@@H](CN(C)C(=O)c1ccc3c(c1)OCO3)O2)[C@H](C)CO,0,0.016542,0.021388,0.005313
C[C@H]1CN([C@@H](C)CO)C(=O)Cc2cc(ccc2O[C@H]1CN(C)Cc1ccc(cc1)-c1ccccc1)NC(=O)NC1CCCCC1,0,0.089972,0.028271,0.012145
C[C@@H]1CCCCO[C@@H](CN(C)CC2CCCCC2)[C@@H](C)CN([C@@H](C)CO)C(=O)c2cc(ccc2O1)N(C)C,0,0.216553,0.035660,0.017688
C[C@H]1CN([C@@H](C)CO)C(=O)c2cc(ccc2O[C@H]1CN(C)S(=O)(=O)c1ccccc1)NC(=O)Nc1c(noc1C)C,0,0.016720,0.023250,0.005237
C1CCc2nnnn2CC1,0,0.028975,0.064521,0.036505
C[C@@H]1CCCCO[C@@H](CN(C)Cc2ccc(cc2)C(F)(F)F)[C@H](C)CN([C@@H](C)CO)C(=O)c2cc(ccc2O1)NC(=O)Nc1ccc2c(c1)OCO2,0,0.074181,0.029481,0.009577
C[C@H]1CN([C@H](C)CO)C(=O)Cc2cc(ccc2O[C@H]1CN(C)S(=O)(=O)c1c(noc1C)C)NC(=O)CCC(F)(F)F,0,0.034764,0.024983,0.008397
CNC(=O)C[C@H]1CC[C@H]2[C@H](COc3ccc(cc3C(=O)N2C)NC(=O)c2ccc(cc2)C(F)(F)F)O1,0,0.290417,0.212012,0.205747
C[C@@H]1CN([C@@H](C)CO)S(=O)(=O)c2ccc(cc2O[C@@H]1CN(C)C(=O)c1ccccc1)C#CC1(O)CCCC1,0,0.011348,0.027215,0.006348
CCOC[C@]12CN(CCC2=Cc2c(cnn2-c2ccc(cc2)F)C1)S(=O)(=O)c1ccc(cc1)C(F)(F)F,0,0.853284,0.133768,0.042015
Nc1ncnc2c1CCC2,0,0.030028,0.034700,0.015971
CC(C)c1cn(nn1)CC[C@@H]1CC[C@H](N)[C@@H](CO)O1,0,0.700150,0.054573,0.017728
OC[C@H]1O[C@H](C[C@H]2[C@@H]1Oc1ccc(cc12)NC(=O)Nc1ccc(cc1)C(F)(F)F)CC(=O)NCCc1ccccc1,0,0.469579,0.193622,0.127980
C[C@@H]1CCCCO[C@@H](CN(C)Cc2ccc3c(c2)OCO3)[C@@H](C)CN([C@H](C)CO)C(=O)c2cc(ccc2O1)NC(=O)c1ccccc1,0,0.002391,0.021880,0.004235
CNC[C@H]1Oc2ccc(cc2C(=O)N(C[C@H]1C)[C@H](C)CO)NS(=O)(=O)c1cn(cn1)C,0,0.054448,0.023393,0.005890
C[C@@H]1CN([C@@H](C)CO)C(=O)c2cccc(c2O[C@@H]1CN(C)C(=O)NC1CCCCC1)NC(=O)c1cnccn1,0,0.059336,0.026727,0.008698
C[C@@H]1CN([C@H](C)CO)C(=O)c2cc(cnc2O[C@@H]1CN(C)S(=O)(=O)C)C#Cc1cccnc1,0,0.021654,0.023148,0.005158
C[C@@H]1CN([C@@H](C)CO)C(=O)c2cc(ccc2O[C@@H]1CN(C)CC1CC1)NC(=O)CCN1CCOCC1,0,0.017873,0.029193,0.006479
N[C@@H](C(=O)O)C1=CC(=O)NO1,0,0.051840,0.049725,0.041260
C[C@H]1CCCCO[C@H](CN(C)C(=O)CCC(F)(F)F)[C@@H](C)CN([C@H](C)CO)C(=O)c2cc(ccc2O1)NC(=O)C1CCCCC1,0,0.058764,0.106963,0.077158
C[C@@H]1CN([C@H](C)CO)C(=O)c2cccc(c2O[C@@H]1CN(C)C(=O)NC1CCCCC1)NC(=O)c1cc(nn1C)C,0,0.033838,0.024143,0.006955
COc1ccc(cc1)-c1cnc2c(c1)C(=O)N(C[C@H](C)[C@H](CN(C)C(=O)C1CCOCC1)O2)[C@@H](C)CO,0,0.010751,0.021596,0.005025
C[C@@H]1CN([C@H](C)CO)C(=O)c2c(c3ccccc3n2C)-c2ccccc2CO[C@H]1CN(C)C(=O)[C@H](C)c1ccccc1,0,0.020428,0.029040,0.014805
OC[C@H]1[C@@H]2CN3C(=O)C=CC=C3[C@H]([C@@H]1C(=O)NCc1cccc(c1)F)N2C(=O)c1cnccn1,0,0.154636,0.054998,0.034307
NCCN1CCO[C@@H](C1)c1ccccc1,0,0.290797,0.061115,0.031878
CO[C@@H](CN(C)S(=O)(=O)c1ccc(cc1)C)[C@H](C)CN([C@@H](C)CO)S(=O)(=O)c1cccc(c1)Cl,0,0.167687,0.050202,0.012752
COc1ccc(cc1)S(=O)(=O)Nc1ccc2c(c1)C(=O)N(C[C@H](C)[C@@H](CN(C)Cc1ccc(c(c1)Cl)Cl)O2)[C@H](C)CO,0,0.020298,0.023729,0.005505
C[C@@H]1CCCCO[C@H](CN(C)C(=O)Nc2ccc(cc2)F)[C@H](C)CN([C@@H](C)CO)C(=O)c2cc(ccc2O1)NC(=O)Nc1c(noc1C)C,0,0.126230,0.024375,0.006625
C[C@@H]1CCCCO[C@@H](CN(C)Cc2ccccc2)[C@H](C)CN([C@@H](C)CO)C(=O)c2cc(ccc2O1)NS(=O)(=O)c1cccs1,0,0.003798,0.023776,0.004935
CC1=NNC(=NC1=O)NCc1ccco1,0,0.018706,0.071705,0.031105
CN(C)CCCNC(=O)C[C@@H]1CC[C@H]2[C@H](COc3ccc(cc3C(=O)N2C)NC(=O)c2ccc3c(c2)OCO3)O1,0,0.016659,0.025042,0.007169
C[C@@H]1CN([C@@H](C)CO)C(=O)c2cc(cnc2O[C@H]1CN(C)C(=O)Nc1cccc(c1)F)C#CCN(C)C,0,0.316672,0.032854,0.014694
C[C@@H]1CCCCO[C@H](CN(C)C(=O)Nc2ccc3c(c2)OCO3)[C@H](C)CN([C@@H](C)CO)C(=O)c2cc(ccc2O1)NC(=O)Nc1cccc2ccccc12,0,0.010622,0.022227,0.004379
C[C@H]1CN([C@H](C)CO)C(=O)c2cc(cnc2O[C@@H]1CN(C)C(=O)C1CCOCC1)-c1cccc(c1)C#N,0,0.000917,0.022154,0.003298
C[C@H]1CN([C@@H](C)CO)C(=O)c2cc(ccc2O[C@@H]1CN(C)C(=O)Nc1c(noc1C)C)NC(=O)c1ccncc1,0,0.014132,0.021473,0.005076
O[C@H]([C@H](O)[C@@H]1CO1)[C@H]1CO1,0,0.010276,0.053501,0.029394
COc1cccc(c1)S(=O)(=O)Nc1ccc2c(c1)[C@H]1C[C@H](CC(=O)NCC(F)(F)F)O[C@H](CO)[C@H]1O2,0,0.029903,0.030591,0.010007
C[C@@H]1CN([C@@H](C)CO)C(=O)Cc2cc(ccc2O[C@H]1CN(C)S(=O)(=O)c1c(noc1C)C)NC(=O)NC1CCCCC1,0,0.007005,0.024788,0.005527
N[C@H](C(=O)N1[C@@H](C[C@@H]2C[C@@H]21)C#N)[C@]12C[C@@H]3C[C@@H](C[C@@](O)(C3)C2)C1,0,0.003218,0.212208,0.108092
C[C@@H]1CCCCO[C@@H](CN(C)C(=O)Nc2ccccc2)[C@@H](C)CN([C@H](C)CO)C(=O)c2cc(ccc2O1)NC(=O)Nc1ccc2c(c1)OCO2,0,0.012623,0.023096,0.004890
C[C@H]1CN([C@H](C)CO)C(=O)c2cccc(c2O[C@H]1CN(C)S(=O)(=O)C)NC(=O)c1cnccn1,0,0.036525,0.023039,0.006863
CSc1cc(nc(c1)-c1cccs1)-c1ccc(cc1)Cl,0,0.908781,0.468063,0.310419
OC(=O)Cc1cnc[nH]1,0,0.055704,0.048570,0.028522
COCC(=O)Nc1ccc2c(c1)C(=O)N(C)[C@@H]1CC[C@H](CC(=O)NCc3ccc(cc3)OC)O[C@H]1CO2,0,0.024551,0.025812,0.008376
C[C@@H]1CCCCO[C@@H](CN(C)S(=O)(=O)c2ccc(cc2)C)[C@H](C)CN([C@H](C)CO)C(=O)c2cc(ccc2O1)NC(=O)Nc1ccc2c(c1)OCO2,0,0.003977,0.024848,0.004633
COc1ccc(cc1)NC(=O)Nc1ccc2c(c1)C(=O)N(C[C@H](C)[C@H](CN(C)C(=O)c1ccccc1)OCCCC[C@H](C)O2)[C@H](C)CO,0,0.003206,0.021731,0.004201
C[C@@H]1CN([C@H](C)CO)C(=O)Cc2cc(ccc2O[C@@H]1CN(C)C(=O)NC1CCCCC1)NC(=O)C1CC1,0,0.014254,0.022129,0.007123
CC(C)NC(=O)Nc1cccc2c1O[C@@H](CN(C)S(=O)(=O)c1ccccc1)[C@H](C)CN([C@@H](C)CO)C2=O,0,0.033368,0.032986,0.007509
C[C@@H]1CN([C@@H](C)CO)S(=O)(=O)c2ccc(cc2O[C@H]1CN(C)S(=O)(=O)c1cn(cn1)C)C#Cc1ccccc1,0,0.080676,0.027109,0.005395
C[C@@H]1CN([C@H](C)CO)C(=O)Cc2cc(ccc2O[C@H]1CN(C)S(=O)(=O)c1ccc(cc1)F)NS(=O)(=O)c1c(noc1C)C,0,0.010866,0.026062,0.007472
COc1ccc(cc1)S(=O)(=O)N(C)C[C@H]1OCCCC[C@@H](C)Oc2ccc(cc2C(=O)N(C[C@@H]1C)[C@@H](C)CO)NC(=O)Nc1ccc(cc1)C(F)(F)F,0,0.192463,0.152851,0.011019
COc1ccc2c3c([nH]c2c1)[C@@H](CO)N(C[C@]13CCN(CC1)S(=O)(=O)c1cn(cn1)C)C(=O)Nc1ccc(cc1)F,0,0.142923,0.026444,0.013293
C[C@@H]1CN([C@H](C)CO)C(=O)Cc2cc(ccc2O[C@H]1CN(C)S(=O)(=O)c1ccc(cc1)F)NS(=O)(=O)c1ccccc1,0,0.002867,0.023390,0.006822
C[C@H]1CN([C@@H](C)CO)C(=O)c2cc(ccc2O[C@H]1CN(C)Cc1ccc(cc1)C(F)(F)F)NC(=O)CCCCCC(=O)Nc1ccccc1N,0,0.095223,0.018810,0.008101
Cc1cccc(c1)N[C@H]1CS(=O)(=O)C[C@@H]1O,0,0.044477,0.203658,0.090523
NCCSC12CC3CC(CC(C3)C2)C1,0,0.267478,0.107289,0.065986
C[C@H]1CCCCO[C@H](CN(C)C(=O)Nc2ccc(cc2)C(F)(F)F)[C@H](C)CN([C@@H](C)CO)C(=O)c2cc(ccc2O1)N(C)C,0,0.602012,0.101269,0.061463
C[C@H]1CN([C@@H](C)CO)C(=O)Cc2cc(ccc2O[C@H]1CN(C)S(=O)(=O)c1c(noc1C)C)NS(=O)(=O)c1ccc(cc1)Cl,0,0.007996,0.027245,0.006715
CC(CCC(=O)O)C1CCC2C3C(O)CC4CC(O)CCC4(C)C3CC(O)C12C,0,0.394322,0.126976,0.072545
COCC#Cc1ccc(cc1)[C@@H]1[C@H](CO)N2[C@H]1CN(CC2=O)C(=O)C1CCOCC1,0,0.386256,0.027229,0.014575
COc1ccc(cc1)C(=O)Oc1ccc(cc1)CCn1c(nc2cc(ccc12)C(=O)O)NC(=O)c1ccc(cc1)C(F)(F)F,0,0.718126,0.457639,0.254984
Cc1cccc(C)c1NC(=O)C1CCCCN1C.Cl,0,0.977272,0.149990,0.108437
C[C@H]1CN([C@H](C)CO)C(=O)Cc2cc(ccc2O[C@H]1CN(C)S(=O)(=O)c1ccccc1)NS(=O)(=O)c1cccs1,0,0.000966,0.023385,0.005009
COc1ccc(cc1)S(=O)(=O)Nc1ccc2c(c1)C(=O)N(C[C@@H](C)[C@@H](CN(C)Cc1ccc(cc1)C(F)(F)F)OCCCC[C@@H](C)O2)[C@H](C)CO,0,0.031359,0.025010,0.005968
COc1ccc2c3c(n(c2c1)C)[C@@H](CO)N(CC1CC1)C[C@]13CCN(CC1)S(=O)(=O)c1cn(cn1)C,0,0.041354,0.027391,0.012198
O[C@H]1CNC[C@@H]1N1CCCC1,0,0.251492,0.052005,0.022582
CC(C)NC(=O)N(C)C[C@H]1Oc2ccc(cc2CC(=O)N(C[C@@H]1C)[C@H](C)CO)NC(=O)Cc1ccccc1,0,0.004217,0.023713,0.011506
COc1ccccc1C#Cc1cnc2c(c1)C(=O)N(C[C@H](C)[C@H](CN(C)C(=O)CN(C)C)O2)[C@@H](C)CO,0,0.257798,0.025026,0.008318
C[C@@H]1CCCCO[C@@H](CN(C)S(=O)(=O)C)[C@@H](C)CN([C@H](C)CO)C(=O)c2cc(ccc2O1)N(C)C,0,0.009629,0.031011,0.007655
C[C@@H]1O[C@@H](O[C@@H]2[C@@H](O)[C@@H](O)CO[C@H]2OC(=O)[C@@]23CCC(C)(C)C[C@H]3C3=CC[C@H]4[C@@]5(C)CC[C@H](O[C@@H]6O[C@H](CO)[C@@H](O)[C@H](O)[C@H]6O)C(C)(C)[C@@H]5CC[C@@]4(C)[C@]3(C)C[C@H]2O)[C@H](O)[C@H](O[C@@H]2OC[C@H](O)[C@H](O)[C@H]2O)[C@H]1O[C@@H]1OC[C@@H](O)[C@H](O[C@@H]2OC[C@H](O)[C@H](O)[C@H]2O)[C@H]1O,0,0.279034,0.190391,0.045158
C[C@H]1CN([C@H](C)CO)C(=O)Cc2cc(ccc2O[C@@H]1CN(C)S(=O)(=O)C)NC(=O)Cn1cnnn1,0,0.008155,0.024601,0.006750
C[C@@H]1CN([C@H](C)CO)C(=O)Cc2cc(ccc2O[C@@H]1CN(C)S(=O)(=O)c1ccc(cc1)C)NC(=O)Nc1ccc(cc1)C(F)(F)F,0,0.156986,0.038396,0.012763
IC(I)I,0,0.000103,0.398583,0.271411
COc1ccc(cc1)S(=O)(=O)N(C)C[C@@H]1Oc2ccc(cc2CC(=O)N(C[C@@H]1C)[C@@H](C)CO)NC(=O)CCC(F)(F)F,0,0.035720,0.038189,0.007854
C[C@@H]1CCCCO[C@@H](CN(C)C(=O)Nc2ccc(cc2)C(F)(F)F)[C@@H](C)CN([C@H](C)CO)C(=O)c2cc(ccc2O1)NC(=O)c1ccncc1,0,0.126640,0.025083,0.012065
COc1ccc(cc1)[Si](C)(C)[C@H]1[C@H](C)[C@]2(O[C@@H]1CC(=O)N(CCO)Cc1ccccc1)C(=O)N(C)c1c(cc(cc12)C)Br,0,0.845829,0.157937,0.086192
C[C@H]1CN([C@@H](C)CO)C(=O)Cc2cc(ccc2O[C@@H]1CN(C)CC1CC1)NS(=O)(=O)c1ccc(cc1)F,0,0.017619,0.026711,0.008255
CC1=CC(=C)C(=C2NN=C(N)O2)C=C1,0,0.865018,0.130648,0.060988
COc1ccc(cc1)S(=O)(=O)N(C)C[C@H]1OCCCC[C@H](C)Oc2ccc(cc2C(=O)N(C[C@H]1C)[C@@H](C)CO)NC(=O)c1ccccc1,0,0.001313,0.023318,0.003871
COc1ccc(cc1)S(=O)(=O)N(C)C[C@@H]1Oc2c(cccc2C(=O)N(C[C@@H]1C)[C@H](C)CO)NC(=O)C1CC1,0,0.027991,0.024253,0.005071
CC(CO)(CO)NS(=O)(=O)c1ccccc1,0,0.017223,0.108309,0.017803
Cc1ccccc1S(=O)(=O)N1C[C@@H](O)COC[C@H]2O[C@@H](CC[C@@H]21)CC(=O)NCCc1ccccc1,0,0.106110,0.061656,0.014007
COc1ccc(cc1)S(=O)(=O)N(C)C[C@@H]1Oc2ccc(cc2CC(=O)N(C[C@@H]1C)[C@@H](C)CO)NS(=O)(=O)c1cn(cn1)C,0,0.009966,0.024427,0.004730
C[C@@H]1CN([C@@H](C)CO)C(=O)c2cccc(c2O[C@H]1CN(C)Cc1ccc2c(c1)OCO2)NC(=O)C1CCOCC1,0,0.011230,0.023420,0.006276
C[C@@H]1CCCCO[C@@H](CN(C)Cc2ccc(cc2)C(F)(F)F)[C@@H](C)CN([C@@H](C)CO)C(=O)c2cc(ccc2O1)NS(=O)(=O)c1ccccc1,0,0.014737,0.024946,0.005814
C[C@H]1CCCCO[C@@H](CN(C)CC2CCCCC2)[C@H](C)CN([C@@H](C)CO)C(=O)c2cc(ccc2O1)NC(=O)C1CCCCC1,0,0.080562,0.031001,0.012156
Cc1ccc(N(CC2=NCCN2)c2cccc(O)c2)cc1.Cl,0,0.797694,0.471733,0.384427
COc1ccc(cc1)-c1cnc2c(c1)C(=O)N(C[C@H](C)[C@H](CN(C)S(=O)(=O)c1ccc(cc1)OC)O2)[C@H](C)CO,0,0.007556,0.026843,0.007188
C[C@@H]1CN([C@H](C)CO)C(=O)c2cc(ccc2O[C@@H]1CN(C)C(=O)Nc1ccc(cc1)C(F)(F)F)NC(=O)Cc1ccccc1,0,0.468356,0.404964,0.311230
CC(C)=CCOc1cc2oc(=O)ccc2cc1O,0,0.179286,0.271179,0.226908
C[C@H]1CN([C@@H](C)CO)C(=O)c2cccc(c2O[C@@H]1CN(C)S(=O)(=O)c1ccccc1)NC(=O)Nc1c(noc1C)C,0,0.030669,0.022965,0.005365
OC[C@H]1O[C@H](C[C@@H]2[C@H]1Oc1ccc(cc12)NC(=O)NC1CCCC1)CC(=O)NCCN1CCCCC1,0,0.340941,0.039733,0.030037
Cn1cnc(c1)S(=O)(=O)N[C@@H]1CC[C@@H](CC(=O)N2CCN(CC2)c2ccccc2)O[C@H]1CO,0,0.020499,0.023057,0.007777
C[C@H](CC/C=C(\C)C(=O)O[C@H]1O[C@@H](CO)[C@@H](O)[C@@H]1O)[C@H]1C[C@@H](O)[C@@]2(C)[C@H]3CC[C@H]4C(C)(C)[C@H](CC[C@@]44C[C@@]34C[C@@H](O)[C@]12C)O[C@@H]1O[C@@H](CO[C@H]2O[C@@H](CO)[C@@H](O)[C@@H](O)[C@@H]2O)[C@@H](O)[C@@H](O)[C@@H]1O,0,0.639429,0.153506,0.093971
C[C@H]1CCCCO[C@H](CN(C)C(=O)C2CCCCC2)[C@@H](C)CN([C@@H](C)CO)C(=O)c2cc(ccc2O1)NC(=O)Nc1ccc2c(c1)OCO2,0,0.011573,0.025306,0.006094
C[C@@H]1CN([C@@H](C)CO)C(=O)c2cc(ccc2O[C@@H]1CN(C)S(=O)(=O)c1ccc(cc1)C)NC(=O)c1ccncc1,0,0.004009,0.023297,0.004076
C[C@H]1CN([C@H](C)CO)S(=O)(=O)c2ccc(cc2O[C@@H]1CN(C)C(=O)Cc1ccccc1)-c1cncnc1,0,0.015312,0.025762,0.005752
O=C/1/C(=C/C=C/c2ccco2)CCC\C1=C/C=C/c1ccco1,0,0.013984,0.556640,0.484654
C[C@H]1CN([C@@H](C)CO)C(=O)c2cc(ccc2O[C@H]1CN(C)Cc1ccc(cc1)C(F)(F)F)NC(=O)Nc1ccccc1,0,0.158669,0.082806,0.113665
O=C(NCCN1CCOCC1)c1cccs1,0,0.022170,0.029732,0.018904
C[C@@H]1CN([C@H](C)CO)C(=O)c2cc(cnc2O[C@H]1CN(C)Cc1ccc(cc1)-c1ccccc1)-c1cccnc1,0,0.018454,0.040681,0.018814
C[C@H]1CN([C@@H](C)CO)C(=O)c2cc(ccc2O[C@H]1CN(C)C(=O)Nc1ccc(cc1)C(F)(F)F)NC(=O)C1CCCCC1,0,0.552618,0.714239,0.607792
OC(=O)C1(CCCC1)c1ccccc1,0,0.601965,0.415930,0.193707
COc1ccc(cc1)NC(=O)Nc1ccc2c(c1)C(=O)N(C[C@H](C)[C@@H](CN(C)Cc1ccc(cc1)C(=O)O)OCCCC[C@H](C)O2)[C@H](C)CO,0,0.075880,0.028800,0.006763
C[C@@H]1CCCCO[C@H](CN(C)Cc2ccc(c(c2)Cl)Cl)[C@@H](C)CN([C@H](C)CO)C(=O)c2cc(ccc2O1)NS(=O)(=O)c1ccc(cc1)F,0,0.043010,0.024277,0.005872
NC(C(=O)O)C(O)C(O)C(O)CO,0,0.003651,0.042047,0.018392
COCCNC(=O)C[C@@H]1CC[C@@H]2[C@H](COC[C@H](O)CN2C(=O)Nc2ccccc2OC)O1,0,0.496977,0.190914,0.106031
CC(C)NC(=O)N[C@H]1C=C[C@@H](CC(=O)NCCCN(C)C)O[C@H]1CO,0,0.102926,0.040322,0.011666
C[C@@H]1CCCCO[C@@H](CN(C)S(=O)(=O)c2ccc(cc2)F)[C@@H](C)CN([C@H](C)CO)C(=O)c2cc(ccc2O1)NS(=O)(=O)c1cn(cn1)C,0,0.039909,0.023965,0.006117
C[C@@H]1CCCCO[C@@H](CN(C)CC2CCCCC2)[C@@H](C)CN([C@H](C)CO)C(=O)c2cc(ccc2O1)NC(=O)Nc1ccc(cc1)C(F)(F)F,0,0.743618,0.361023,0.214317
C[C@H]1CCCCO[C@H](CN(C)S(=O)(=O)c2ccccc2)[C@H](C)CN([C@@H](C)CO)C(=O)c2cc(ccc2O1)NC(=O)c1ccccc1,0,0.000499,0.023490,0.004358
COC(=O)[C@H](Cc1ccccc1)N1CC2=C[C@@H](C3CC3)N3N([C@H]2[C@@H]1[C@@H](O)CCn1cc(nn1)-c1cccc(c1)/C=C/C(=O)NO)C(=O)N(C)C3=O,0,0.986700,0.079770,0.075993
COc1ccc(cc1)NC(=O)Nc1ccc2c(c1)C(=O)N(C[C@H](C)[C@@H](CN(C)C(=O)C1CCCCC1)OCCCC[C@H](C)O2)[C@H](C)CO,0,0.013428,0.023644,0.004871
OC[C@@H]1O[C@@H](C[C@@H]2[C@H]1Oc1ccc(cc12)NC(=O)C1CCOCC1)CC(=O)NCc1cc(ccc1F)F,0,0.198694,0.033752,0.013627
COc1ccc(cc1)[Si](C)(C)[C@@H]1[C@@H](C)[C@@]2(O[C@H]1CC(=O)N(CCO)Cc1ccccc1)C(=O)N(Cc1ccc(cc1)N1C(=O)c3cccc4cccc1c34)c1ccccc12,0,0.000943,0.040642,0.017896
C[C@@H]1CN([C@@H](C)CO)C(=O)CCCn2nncc2CO[C@@H]1CN(C)S(=O)(=O)c1ccccc1C#N,0,0.001804,0.022505,0.006295
C[C@@H]1COC(=O)[C@H](CCC=CC[C@@H](CC(=O)N[C@H](CO)Cc2ccccc2)C(=O)N1)Cc1ccc(cc1)F,0,0.019930,0.036557,0.029639
CCC1=NCCO1,0,0.000546,0.028664,0.011888
C[C@@H]1CN([C@H](C)CO)C(=O)c2cccc(c2O[C@H]1CN(C)S(=O)(=O)c1cn(cn1)C)NC(=O)C1CC1,0,0.023305,0.022993,0.004656
CNC[C@H]1OCCCC[C@@H](C)Oc2ccc(cc2C(=O)N(C[C@@H]1C)[C@H](C)CO)NC(=O)CCCN(C)C,0,0.039233,0.024813,0.007860
C[C@@H]1CN([C@@H](C)CO)C(=O)c2c(c3ccccc3n2C)-c2ccccc2CO[C@H]1CN(C)Cc1ccc(cc1)O,0,0.047843,0.061955,0.032489
CC(C)(C)[C@@H](COC(=O)[C@@H](CCC=C)Cc1ccc(cc1)F)NC(=O)[C@@H](CC=C)CC(=O)N[C@H](CO)Cc1ccccc1,0,0.080017,0.039544,0.039929
COc1ccc(cc1)CN(C)C[C@@H]1OCCCC[C@@H](C)Oc2ccc(cc2C(=O)N(C[C@@H]1C)[C@H](C)CO)NC(=O)c1ccncc1,0,0.003585,0.022476,0.003297
C[C@@H]1CN([C@@H](C)CO)C(=O)c2cccc(c2O[C@@H]1CN(C)Cc1ccc(cc1)-c1ccccc1)NC(=O)Nc1ccccc1,0,0.063786,0.029647,0.017710
CC1=CC(=O)n2nc(nc2N1)CC(=O)NCCCN1C(=CC=CC1=O)C,0,0.021666,0.058923,0.043310
OC1(C2C(=O)NC(=O)NC2=O)C(=O)c2ccccc2C1=O,0,0.002134,0.243271,0.225925
C[C@H]1CN([C@@H](C)CO)C(=O)c2cc(ccc2O[C@@H]1CN(C)CC1CCCCC1)NC(=O)Nc1ccc(cc1)F,0,0.233568,0.070104,0.051330
OC[C@@H]1CC[C@@H]2O[C@H](CCc3ccc(cc3)C#CCc3ccccc3)[C@@H](C[C@@H]2O1)n1cc(nn1)-c1ccccc1,0,0.957968,0.049437,0.045858
CN1N=C(CCC1=O)C(=O)N,0,0.001728,0.027082,0.012100
FC(F)C(F)(F)C(F)(F)C(F)(F)COS(=O)(=O)c1ccc(cc1)NC(=O)NC1(Oc2ccccc2O1)C(F)(F)F,1,0.129884,0.435428,0.238545
CC(C)NC(=O)Nc1ccc2c(c1)C(=O)N(C[C@H](C)[C@H](CN(C)Cc1ccc(c(c1)Cl)Cl)OCCCC[C@@H](C)O2)[C@@H](C)CO,0,0.143850,0.025291,0.008357
C[C@@H]1CN([C@@H](C)CO)C(=O)Cc2cc(ccc2O[C@@H]1CN(C)Cc1ccc(cc1)C(F)(F)F)NC(=O)Nc1c(noc1C)C,0,0.107075,0.065119,0.028533
COc1ccc(cc1)S(=O)(=O)N(C)C[C@@H]1Oc2ccc(cc2CC(=O)N(C[C@@H]1C)[C@@H](C)CO)NS(=O)(=O)c1c(noc1C)C,0,0.003541,0.025764,0.006621
C[C@H]1CCCCO[C@@H](CN(C)C(=O)Nc2c(noc2C)C)[C@H](C)CN([C@@H](C)CO)C(=O)c2cc(ccc2O1)NC(=O)CCC(F)(F)F,0,0.242305,0.254114,0.143441
CCC/C=C/1\OC(=O)c2ccccc21,0,0.590682,0.315800,0.166251
OC[C@@H]1O[C@H](C[C@@H]2[C@H]1Oc1ccc(cc12)NC(=O)Nc1ccc(cc1)C(F)(F)F)CC(=O)N1CCc2ccccc2C1,0,0.135736,0.218842,0.189459
C[C@@H]1CN([C@@H](C)CO)S(=O)(=O)c2ccc(cc2O[C@H]1CN(C)C(=O)Cc1ccccn1)C#Cc1ccccc1,0,0.014487,0.031382,0.005991
C[C@@H]1CN([C@H](C)CO)S(=O)(=O)c2ccc(cc2O[C@H]1CN(C)Cc1ccc(cc1)F)C#CC1CC1,0,0.202202,0.027300,0.006733
O=S1(=O)CC[C@@H](C1)S(=O)(=O)[C@H]1CCS(=O)(=O)C1,0,0.037393,0.196851,0.162391
CS(=O)(=O)NC[C@]12COC[C@H]2CN(C1)C(=O)COC1CCCC1,0,0.016675,0.056820,0.011823
OC[C@H]1O[C@@H]([C@@H](O)[C@@H]1O)N1C=CC=NC1=O,0,0.480326,0.302203,0.207763
C[C@@H]1CN([C@H](C)CO)C(=O)c2cc(cnc2O[C@H]1CN(C)C(=O)c1ccc2c(c1)OCO2)C#CCN(C)C,0,0.033827,0.026145,0.005532
C[C@@H]1CCCCO[C@@H](CN(C)C(=O)c2ccccc2)[C@@H](C)CN([C@H](C)CO)C(=O)c2cc(ccc2O1)NC(=O)Nc1ccccc1,0,0.003575,0.022247,0.004420
OC[C@@H]1CCCCN1,0,0.012402,0.030803,0.013121
[O-][N+](=O)OCCNC(=O)c1cccnc1,0,0.013708,0.119965,0.125905
OC[C@H]1O[C@H](C[C@H]2[C@@H]1Oc1ccc(cc12)NC(=O)Nc1ccccc1)CC(=O)NCCN1CCCCC1,0,0.316521,0.042094,0.028635
C[C@]1(NCCc2cc(c(cc21)O)O)C(=O)O,0,0.310171,0.066379,0.088024
COc1ccccc1CNC(=O)C[C@H]1C[C@H]2[C@H](Oc3ccc(cc32)NC(=O)NC2CCCC2)[C@@H](CO)O1,0,0.094577,0.030863,0.016252
C[C@@H]1CN([C@@H](C)CO)C(=O)c2cccc(c2O[C@@H]1CN(C)S(=O)(=O)c1ccccc1)NC(=O)c1cc(nn1C)C,0,0.012179,0.023477,0.005282
COc1ccc(cc1)S(=O)(=O)Nc1ccc2c(c1)C(=O)N(C[C@H](C)[C@H](CN(C)Cc1ccccc1)OCCCC[C@H](C)O2)[C@H](C)CO,0,0.003390,0.024715,0.004775
C[C@H]1CN([C@H](C)CO)C(=O)c2cc(ccc2O[C@H]1CN(C)Cc1ccc(cc1)C(=O)Nc1ccccc1N)NC(=O)Cn1cnnn1,0,0.019392,0.024926,0.005984
CNC[C@H](O)c1cccc(c1)O,0,0.333824,0.057231,0.033174
C[C@H]1CN([C@@H](C)CO)C(=O)c2cc(cnc2O[C@H]1CN(C)C(=O)C)C#CC(C)(C)O,0,0.008500,0.061759,0.015001
C[C@@H]1CN([C@@H](C)CO)C(=O)c2cc(ccc2O[C@H]1CN(C)C(=O)Nc1c(noc1C)C)NC(=O)Nc1ccc(cc1)C(F)(F)F,0,0.833493,0.700680,0.653009
C[C@H]1CN([C@H](C)CO)C(=O)c2cc(ccc2O[C@@H]1CN(C)Cc1ccc(cc1)C(F)(F)F)NC(=O)CCC(F)(F)F,0,0.509972,0.111834,0.099261
CO[C@H]1O[C@H](CO)[C@@H](OC(=O)Nc2ccc(cc2)Oc2ccccc2)[C@H](OC(=O)Nc2ccccc2-c2ccccc2)[C@@H]1OC(=O)Nc1ccccc1-c1ccccc1,0,0.030842,0.044489,0.025846
CN(C)CCCNC(=O)C[C@H]1CC[C@@H]2[C@@H](COc3ccc(cc3C(=O)N2C)NC(=O)c2ccccc2F)O1,0,0.116009,0.033874,0.024660
C[C@H]1CCCCO[C@H](CN(C)S(=O)(=O)c2ccc(cc2)Cl)[C@@H](C)CN([C@H](C)CO)C(=O)c2cc(ccc2O1)NC(=O)CCC(F)(F)F,0,0.081947,0.030269,0.006058
C[C@H]1CN([C@@H](C)CO)C(=O)c2ccccc2-c2ccccc2CO[C@H]1CN(C)Cc1ccc(cc1)C(F)(F)F,0,0.290753,0.521517,0.420216
COc1ccc(cc1)NC(=O)Nc1ccc2c(c1)CC(=O)N(C[C@@H](C)[C@H](CN(C)Cc1ccc(cc1)Oc1ccccc1)O2)[C@@H](C)CO,0,0.005793,0.023220,0.005815
CCOC(=O)CC1(C)NNC(=S)NN1,0,0.835512,0.046528,0.015744
C[C@H]1CCCCO[C@H](CN(C)S(=O)(=O)c2ccc(cc2)F)[C@H](C)CN([C@@H](C)CO)C(=O)c2cc(ccc2O1)NC(=O)Nc1ccc2c(c1)OCO2,0,0.008399,0.026786,0.005132
C[C@@H]1CN([C@H](C)CO)C(=O)c2cc(ccc2O[C@H]1CN(C)CC1CC1)NS(=O)(=O)c1c(noc1C)C,0,0.016317,0.024182,0.006480
C[C@@H]1CN([C@H](C)CO)C(=O)c2cc(ccc2O[C@@H]1CN(C)Cc1ccc(cc1)C(=O)Nc1ccccc1N)NS(=O)(=O)c1cn(cn1)C,0,0.006060,0.024055,0.003957
CNCC(O)C(O)C(O)C(O)CO,0,0.003379,0.059125,0.027318
COc1ccc(cc1)S(=O)(=O)Nc1ccc2c(c1)CC(=O)N(C[C@@H](C)[C@H](CN(C)S(=O)(=O)c1ccc(cc1)C)O2)[C@H](C)CO,0,0.002228,0.023335,0.004883
O[C@@H]1COC[C@@H]2O[C@@H](CC[C@H]2N(C1)C(=O)Nc1ccc(c(c1)Cl)Cl)CC(=O)NCc1ccncc1,1,0.829403,0.918409,0.946465
COc1ccccc1-c1ccc2c(c1)O[C@@H](CN(C)C(=O)c1cccnc1)[C@@H](C)CN([C@H](C)CO)S2(=O)=O,0,0.007293,0.023294,0.004485
COc1ccc(cc1)S(=O)(=O)Nc1ccc2c(c1)C(=O)N(C[C@@H](C)[C@@H](CN(C)C(=O)CCC(F)(F)F)OCCCC[C@@H](C)O2)[C@H](C)CO,0,0.016624,0.033149,0.006801
C[C@@H]1CN([C@@H](C)CO)C(=O)c2cc(cnc2O[C@H]1CN(C)S(=O)(=O)c1ccccc1)Br,0,0.023008,0.024595,0.008345
C[C@H]1CN([C@H](C)CO)C(=O)c2cccc(c2O[C@@H]1CN(C)C(=O)NC1CCCCC1)NC(=O)Nc1ccc(cc1)C(F)(F)F,0,0.714920,0.802467,0.868869
CC=CC1=CC=C2[C@@H]3[C@@H]([C@@H](CO)[C@H](CN2C1=O)N3S(=O)(=O)c1cn(cn1)C)C(=O)NC1CCC1,0,0.012824,0.025846,0.010540
CC[C@@H](C)CCCCC(=O)N[C@@H](CCN)C(=O)N[C@@H]([C@@H](C)O)C(=O)N[C@@H](CCN)C(=O)N[C@H]1CCNC(=O)[C@@H](NC(=O)[C@H](CCN)NC(=O)[C@H](CCN)NC(=O)[C@H](CC(C)C)NC(=O)[C@@H](Cc2ccccc2)NC(=O)[C@@H](CCN)NC1=O)[C@@H](C)O,0,0.990608,0.648312,0.359271
COCC#Cc1ccc2c(c1)O[C@@H](CN(C)Cc1ccccc1F)[C@@H](C)CN([C@H](C)CO)S2(=O)=O,0,0.090068,0.028778,0.008384
O=C/1N/C(=C/c2ccco2)C(=O)N\C1=C/c1ccco1,0,0.013840,0.106897,0.094321
COc1ccc(cc1)NC(=O)Nc1cccc2c1O[C@@H](CN(C)S(=O)(=O)C)[C@H](C)CN([C@H](C)CO)C2=O,0,0.033333,0.023765,0.007010
CC=CC1=CC=C2[C@H]3[C@H]([C@H](CO)[C@@H](CN2C1=O)N3S(=O)(=O)c1cn(cn1)C)C(=O)NC1CCC1,0,0.012824,0.025846,0.010540
O=C(O)C(O)C(O)C(=O)O.OCc1cccnc1,0,0.001054,0.090507,0.058674
COc1ccc(cc1)NC(=O)Nc1cccc2c1O[C@@H](CN(C)C(=O)Nc1ccc(cc1)C(F)(F)F)[C@@H](C)CN([C@H](C)CO)C2=O,0,0.784043,0.168018,0.166133
CN1CCN(CC1)C(=O)C[C@@H]1CC[C@H]2[C@@H](COc3ccc(cc3C(=O)N2C)NC(=O)c2ccc(c(c2)F)F)O1,0,0.076787,0.166910,0.122388
C[C@@H]1CCCCO[C@H](CN(C)CC2CCCCC2)[C@@H](C)CN([C@H](C)CO)C(=O)c2cc(ccc2O1)NS(=O)(=O)c1ccccc1,0,0.010312,0.023891,0.005727
S=C(SN1CCOCC1)N1CCOCC1,0,0.180785,0.184442,0.121126
Fc1ccc(cc1)OCCN1CCC(CC1)C(=O)N[C@@H](c1ccc(cc1)-c1ccccc1)c1cnccn1,1,0.714119,0.474315,0.756936
OC(=O)CNC(=O)c1cc2ccccc2[nH]1,0,0.132607,0.042580,0.039088
OC(=O)[C@@H](Cc1ccc(c(c1)O)O)OC(=O)/C=C/c1ccc2c(c1)O[C@H]([C@H](O2)c1ccc(c(c1)O)O)C(=O)O,0,0.709578,0.367299,0.126643
C[C@@H]1CN([C@H](C)CO)C(=O)c2cccc(c2O[C@@H]1CN(C)C(=O)Nc1ccc(cc1)C(F)(F)F)NC(=O)Nc1cccc2ccccc12,0,0.785336,0.634779,0.495302
CN1CCN(CC1)C(=O)C[C@H]1CC[C@H]2[C@@H](COC[C@@H](O)CN2CC2CCCC2)O1,0,0.584468,0.066512,0.029922
C[C@@H]1CN([C@@H](C)CO)C(=O)Cc2cc(ccc2O[C@@H]1CN(C)CC1CC1)NC(=O)Cn1cnnn1,0,0.079310,0.023638,0.008570
OC[C@@H]1O[C@H](CCNC(=O)CN2CCOCC2)CC[C@@H]1NS(=O)(=O)c1ccc(cc1)Cl,0,0.020456,0.027061,0.015992
C[C@@H]1CN([C@H](C)CO)C(=O)Cc2cc(ccc2O[C@@H]1CN(C)S(=O)(=O)C)NS(=O)(=O)c1ccccc1,0,0.001215,0.025198,0.006301
CC(C)NC(=O)N(C)C[C@H]1Oc2ccc(cc2C(=O)N(C[C@H]1C)[C@H](C)CO)NS(=O)(=O)c1ccccc1,0,0.010207,0.026916,0.006702
C[C@H]1CCCCO[C@H](CN(C)Cc2ccc(cc2)C(F)(F)F)[C@@H](C)CN([C@H](C)CO)C(=O)c2cc(ccc2O1)NC(=O)c1ccncc1,0,0.055898,0.019321,0.007662
COc1cc(C=CC(=O)N2CCC=CC2=O)cc(OC)c1OC,0,0.066998,0.281509,0.137943
C[C@@H]1CN([C@H](C)CO)C(=O)Cc2cc(ccc2O[C@H]1CN(C)CC1CC1)NC(=O)Nc1c(noc1C)C,0,0.092981,0.028598,0.010756
O=c1cc(-c2ccccc2O)oc2ccc(O)cc12,0,0.208138,0.226091,0.194922
CO[C@@H]1CN(C)C(=O)c2ccc(cc2OC[C@H](C)N(C[C@@H]1C)C(=O)CN1CCOCC1)NC(=O)C1CC1,0,0.003241,0.022731,0.005001
CCS(=O)(=O)N1CCOC[C@]2(CC[C@@H](Cn3cncn3)O2)C1,0,0.008563,0.128700,0.009254
C[C@@H]1CCCCO[C@@H](CN(C)Cc2ccc(cc2)C(=O)O)[C@H](C)CN([C@H](C)CO)C(=O)c2cc(ccc2O1)NC(=O)Nc1ccc(cc1)C(F)(F)F,0,0.796654,0.031831,0.010334
CC(C)NC(=O)N(C)C[C@H]1Oc2cc(ccc2S(=O)(=O)N(C[C@@H]1C)[C@H](C)CO)-c1ccc(cc1)C,0,0.067907,0.046911,0.012286
C[C@@H]1CCCCO[C@@H](CN(C)C(=O)C2CCCCC2)[C@@H](C)CN([C@H](C)CO)C(=O)c2cc(ccc2O1)NC(=O)c1ccncc1,0,0.001533,0.022275,0.004161
COc1ccc(cc1)S(=O)(=O)N(C)C[C@@H]1OCCCC[C@@H](C)Oc2ccc(cc2C(=O)N(C[C@H]1C)[C@@H](C)CO)NC(=O)CCC(F)(F)F,0,0.030680,0.027653,0.006710
C[C@H]1CN([C@H](C)CO)C(=O)Cc2cc(ccc2O[C@H]1CN(C)CC1CC1)NC(=O)Nc1c(noc1C)C,0,0.092981,0.028598,0.010756
C[C@@H]1CN([C@H](C)CO)C(=O)c2cc(ccc2O[C@@H]1CN(C)Cc1ccc(cc1)Oc1ccccc1)NC(=O)C1CC1,0,0.015725,0.036790,0.014508
COc1ccc(cc1)S(=O)(=O)Nc1ccc2c(c1)C(=O)N(C[C@@H](C)[C@H](CN(C)CC1CC1)O2)[C@@H](C)CO,0,0.022532,0.024764,0.006647
CC(C)NC(=O)Nc1ccc2c(c1)CC(=O)N(C[C@@H](C)[C@H](CN(C)C(=O)NC1CCCCC1)O2)[C@@H](C)CO,0,0.011375,0.027654,0.007644
C[C@H]1CN([C@@H](C)CO)C(=O)c2cc(cnc2O[C@H]1CN(C)C(=O)Nc1ccc2c(c1)OCO2)-c1cccnc1,0,0.002223,0.021363,0.003884
CCN1C=C(C(=O)O)C(=O)c2cc(c(cc21)N1CCN(CC1)C(=S)Nc1cc(ccc1Cl)C(F)(F)F)F,0,0.996132,0.847827,0.815789
COc1ccc(cc1)[Si](C)(C)[C@@H]1[C@@H](C)[C@@]2(O[C@H]1CCn1cc(nn1)[C@H](O)c1ccccc1)C(=O)N(Cc1ccc(cc1)N1C(=O)c3cccc4cccc1c34)c1ccccc12,0,0.008131,0.041784,0.017920
C[C@H]1CCCCO[C@H](CN(C)S(=O)(=O)c2ccc(cc2)Cl)[C@@H](C)CN([C@@H](C)CO)C(=O)c2cc(ccc2O1)NC(=O)Nc1cccc2ccccc12,0,0.025009,0.024030,0.005870
O/N=C/c1cccc[n+]1CC=C,0,0.006284,0.285068,0.054941
C[C@@H]1CN([C@@H](C)CO)C(=O)c2cc(ccc2O[C@H]1CN(C)S(=O)(=O)c1ccccc1)NC(=O)CCCN(C)C,0,0.007103,0.024975,0.005652
COC(=O)c1c2oc(c1C(=O)OC)C(=O)N[C@@H](Cc1ccccc1)Cn1cc(nn1)CNC(=O)[C@H](Cc1ccccc1)NC(=O)N[C@H](CC2)COC(=O)NCCCCCC(=O)NO,0,0.000005,0.073382,0.042661
COc1cccc(c1)S(=O)(=O)N(C)C[C@@H]1Oc2cc(ccc2S(=O)(=O)N(C[C@H]1C)[C@@H](C)CO)C#CCC(C)C,0,0.073877,0.029518,0.005276
C[C@H]1CN([C@H](C)CO)C(=O)Cc2cc(ccc2O[C@H]1CN(C)Cc1ccc(cc1)C(F)(F)F)NC(=O)NC1CCCCC1,0,0.101239,0.065784,0.033477
C[C@H]1CCCCO[C@@H](CN(C)S(=O)(=O)c2ccc(cc2)C)[C@H](C)CN([C@H](C)CO)C(=O)c2cc(ccc2O1)NC(=O)Nc1ccc2c(c1)OCO2,0,0.003977,0.024848,0.004633
C[C@H]1CCCCO[C@@H](CN(C)C(=O)Nc2c(noc2C)C)[C@@H](C)CN([C@H](C)CO)C(=O)c2cc(ccc2O1)NC(=O)Nc1c(noc1C)C,0,0.051854,0.028301,0.008456
C[C@H]1CN([C@@H](C)CO)C(=O)c2cc(ccc2O[C@@H]1CN(C)S(=O)(=O)C)NS(=O)(=O)C,0,0.014059,0.022606,0.006048
C[C@H]1CN([C@H](C)CO)C(=O)c2cc(ccc2O[C@H]1CN(C)Cc1ccc(c(c1)Cl)Cl)NC(=O)Cn1cnnn1,0,0.230432,0.051359,0.016360
C[C@H]1CN([C@H](C)CO)S(=O)(=O)c2ccc(cc2O[C@H]1CN(C)C(=O)c1ccc2c(c1)OCO2)-c1ccncc1,0,0.002448,0.023317,0.003953
C[C@H]1CN([C@H](C)CO)C(=O)Cc2cc(ccc2O[C@@H]1CN(C)C(=O)NC1CCCCC1)NS(=O)(=O)C,0,0.002071,0.024493,0.006177
CC12CC(=O)C3C(CCC4=CC(=O)CCC43C)C1CCC2=O,0,0.852366,0.139098,0.095965
CCCCCCCCCc1ccc(OCCOCCOCCOCCOCCOCCOCCOCCOCCO)cc1,0,0.000160,0.095149,0.119087
COc1ccc(cc1)S(=O)(=O)N(C)C[C@H]1Oc2ccc(cc2CC(=O)N(C[C@H]1C)[C@@H](C)CO)NC(=O)Cn1cnnn1,0,0.009748,0.024705,0.005383
C[C@H]1CCCCO[C@H](CN(C)C(=O)Nc2ccc3c(c2)OCO3)[C@@H](C)CN([C@@H](C)CO)C(=O)c2cc(ccc2O1)NC(=O)Cc1ccccc1,0,0.004783,0.023168,0.004072
CN1C(=O)NC(=O)c2c1nc1n(c(c(n21)C)C)C,0,0.587232,0.108592,0.098147
CO[C@@H]1C[C@@H](CC[C@H]1OCCO)C[C@@H](C)[C@@H]1CC(=O)[C@H](C)/C=C(\C)[C@@H](O)[C@@H](OC)C(=O)[C@H](C)C[C@H](C)/C=C/C=C/C=C(\C)[C@H](C[C@@H]2CC[C@@H](C)[C@@](O)(O2)C(=O)C(=O)N2CCCC[C@H]2C(=O)O1)OC,0,0.767552,0.534515,0.369650
O[C@H]1COC[C@H]2O[C@H](CC[C@@H]2N(C1)C(=O)Nc1ccc(c(c1)Cl)Cl)CC(=O)NCc1ccc(c(c1)Cl)Cl,0,0.981888,0.924710,0.939522
C[C@H]1CN([C@H](C)CO)C(=O)Cc2cc(ccc2O[C@@H]1CN(C)Cc1ccc(c(c1)Cl)Cl)NC(=O)CCC(F)(F)F,0,0.196615,0.131070,0.032670
OC[C@H]1O[C@@H](Oc2ccccc2C=O)[C@H](O)[C@H](O)[C@H]1O,0,0.536708,0.074060,0.058150
[O-][N+](=O)c1ccc2c(c1)C(=O)NCCO2,0,0.044739,0.385335,0.153096
COc1ccc(cc1)S(=O)(=O)N(C)C[C@@H]1OCCCC[C@@H](C)Oc2ccc(cc2C(=O)N(C[C@H]1C)[C@@H](C)CO)NC(=O)Nc1ccc2c(c1)OCO2,0,0.004260,0.024724,0.004452
C[C@H]1CN([C@@H](C)CO)C(=O)c2cccc(c2O[C@@H]1CN(C)S(=O)(=O)c1ccccc1)NS(=O)(=O)c1cccs1,0,0.007246,0.031417,0.007356
CCCN(CCC)c1cc(c2ccccc2c1)N1CCCC1,0,0.763937,0.754566,0.619101
C[C@H]1CN([C@@H](C)CO)C(=O)c2cccc(c2O[C@@H]1CN(C)S(=O)(=O)c1ccc(cc1)F)NC(=O)c1cnccn1,0,0.074180,0.023098,0.007110
CC1=CC2C(CC1=O)C2(C)C,0,0.106783,0.082905,0.028883
CC(C)NC(=O)Nc1ccc2c(c1)C(=O)N(C[C@@H](C)[C@@H](CN(C)Cc1ccccc1)OCCCC[C@H](C)O2)[C@@H](C)CO,0,0.017550,0.031466,0.011797
C[C@H]1CCCCO[C@H](CN(C)C(=O)c2ccncc2)[C@H](C)CN([C@H](C)CO)C(=O)c2cc(ccc2O1)NS(=O)(=O)c1cn(cn1)C,0,0.003662,0.023319,0.004294
CN(C)CCCNC(=O)C[C@@H]1CC[C@H]2[C@@H](COC[C@H](O)CN2S(=O)(=O)c2ccccc2)O1,0,0.288997,0.025705,0.012762
C[C@@H]1CN([C@H](C)CO)C(=O)c2cccc(c2O[C@H]1CN(C)S(=O)(=O)c1cn(cn1)C)NC(=O)c1cc(nn1C)C,0,0.025456,0.022861,0.004930
O[C@@H]1COC[C@@H]2O[C@@H](CC[C@H]2N(C1)S(=O)(=O)c1ccccc1)CC(=O)N1CCc2ccccc2C1,0,0.019395,0.047640,0.013688
C[C@@H]1CN([C@@H](C)CO)C(=O)c2cccc(c2O[C@@H]1CN(C)C(=O)Nc1cccc2ccccc12)NC(=O)Nc1ccc(cc1)F,0,0.315466,0.041155,0.045103
COc1ccc(cc1)NC(=O)N(C)C[C@@H]1Oc2c(cccc2C(=O)N(C[C@H]1C)[C@@H](C)CO)NC(=O)c1ccc(cc1)-c1nccs1,0,0.027030,0.021721,0.004937
COc1ccc(cc1)CN(C)C[C@H]1OCCCC[C@H](C)Oc2ccc(cc2C(=O)N(C[C@@H]1C)[C@H](C)CO)NS(=O)(=O)c1c(noc1C)C,0,0.004414,0.025357,0.005917
C[C@H]1CN([C@@H](C)CO)C(=O)c2cc(ccc2O[C@@H]1CN(C)S(=O)(=O)c1ccc(cc1)Cl)NC(=O)Nc1ccc(cc1)C(F)(F)F,0,0.638627,0.145355,0.026404
COC(=O)[C@@]1(Cc2ccccc2CN=[N+]=[N-])N=C(O[C@H]1c1ccccc1CN=[N+]=[N-])c1ccc(cc1)OCCCO,0,0.956238,0.191221,0.187039
CNC1=CC(=O)N(C)C(=O)N1C,0,0.121673,0.131892,0.032933
C[C@H]1CN([C@H](C)CO)C(=O)c2cccc(c2O[C@@H]1CN(C)S(=O)(=O)c1ccccc1)NS(=O)(=O)C,0,0.018063,0.030252,0.007585
Oc1cccc2ccccc12,0,0.263038,0.267027,0.210360
CN(Cc1cccc(c1)OCC[C@H]1CCCCN1C(=O)C1=CC(=C(C)NC1=O)C)Cc1cccc2cccnc12,0,0.210757,0.314433,0.144826
C[C@@H]1CCCCO[C@H](CN(C)C(=O)c2ccccc2)[C@@H](C)CN([C@@H](C)CO)C(=O)c2cc(ccc2O1)NC(=O)CCC(F)(F)F,0,0.040891,0.023240,0.011375
C[C@@H]1CCCCO[C@H](CN(C)C(=O)Nc2ccccc2)[C@@H](C)CN([C@H](C)CO)C(=O)c2cc(ccc2O1)NC(=O)Cc1ccccc1,0,0.004292,0.021867,0.004640
C[C@@H]1CCCCO[C@H](CN(C)S(=O)(=O)c2ccccc2)[C@@H](C)CN([C@@H](C)CO)C(=O)c2cc(ccc2O1)NC(=O)Nc1ccc2c(c1)OCO2,0,0.001615,0.024865,0.004536
C[C@@H]1CN([C@@H](C)CO)C(=O)c2ccccc2-c2ccccc2CO[C@H]1CN(C)C(=O)Nc1cccc(c1)C(F)(F)F,0,0.665306,0.306289,0.378145
C[C@H]1CCCCO[C@H](CN(C)Cc2ccc(cc2)C(=O)O)[C@H](C)CN([C@@H](C)CO)C(=O)c2cc(ccc2O1)NS(=O)(=O)c1ccc(cc1)F,0,0.045223,0.027240,0.005276
COc1ccc(cc1)NC(=O)Nc1ccc2c(c1)C(=O)N(C[C@H](C)[C@@H](CN(C)Cc1ccc(cc1)C(F)(F)F)O2)[C@@H](C)CO,0,0.152872,0.048910,0.039067
COc1ccc(cc1)CN(C)C[C@@H]1OCCCC[C@@H](C)Oc2ccc(cc2C(=O)N(C[C@@H]1C)[C@@H](C)CO)NC(=O)c1ccccc1,0,0.004326,0.022738,0.004484
C[C@@H]1CCCCO[C@H](CN(C)C(=O)Nc2ccc(cc2)C(F)(F)F)[C@H](C)CN([C@H](C)CO)C(=O)c2cc(ccc2O1)NS(=O)(=O)c1c(noc1C)C,0,0.197144,0.062108,0.016462
OC[C@H]1O[C@@H](Oc2cc(c3c(c2)O[C@H]([C@H](O)C3=O)c2ccc(cc2)O)O)[C@@H](O)[C@@H](O)[C@@H]1O,0,0.511325,0.281597,0.125473
O[C@H]1COC[C@H]2O[C@@H](CC[C@@H]2N(C1)S(=O)(=O)c1cccc(c1)F)CC(=O)NCc1ccc(c(c1)Cl)Cl,0,0.804507,0.039940,0.030261
C[C@@H]1CN([C@@H](C)CO)C(=O)c2cc(ccc2O[C@@H]1CN(C)Cc1ccc(c(c1)Cl)Cl)NC(=O)Nc1ccc(cc1)C(F)(F)F,0,0.873650,0.181805,0.104503
C[C@@H]1CN([C@@H](C)CO)C(=O)c2cccc(c2O[C@@H]1CN(C)Cc1ccc(cc1)-c1ccccc1)NC(=O)C1CCCCC1,0,0.086782,0.042658,0.028324
C[C@@H]1O[C@@H](O[C@@H]2[C@@H](O)[C@@H](O)[C@@H](CO)O[C@H]2O[C@H]2[C@H](O)[C@H](O[C@@H](O[C@H]3CC[C@@]4(C)[C@@H](CC[C@]5(C)[C@@H]4CC[C@]46OC[C@@]7(CCC(C)(C)C[C@@H]74)[C@H](O)C[C@@]56C)C3(C)C)[C@@H]2OC2O[C@H](CO)[C@@H](O)[C@H](O)[C@H]2O)C(=O)O)[C@H](O)[C@H](O)[C@H]1O,0,0.982979,0.202671,0.035265
O[C@H]1COC[C@@H]2O[C@H](CC[C@H]2N(C1)C(=O)Nc1ccc(cc1)F)CC(=O)NCCCN1CCOCC1,0,0.775307,0.357394,0.364096
C[C@@H]1CCCCO[C@@H](CN(C)C(=O)Nc2ccc(cc2)F)[C@@H](C)CN([C@@H](C)CO)C(=O)c2cc(ccc2O1)NC(=O)NC1CCCCC1,0,0.094014,0.023880,0.006795
C[C@@H]1CN([C@H](C)CO)C(=O)c2c(c3ccccc3n2C)-c2ccccc2CO[C@@H]1CN(C)Cc1cccc(c1)C(=O)O,0,0.254341,0.509124,0.462836
OC[C@@H](O)[C@H](O)[C@H](O)[C@@H](O)/C=N/NC(=O)CCCCCCC(=O)NO,0,0.002474,0.053057,0.027992
C[C@H]1CN([C@@H](C)CO)C(=O)c2cc(ccc2O[C@@H]1CN(C)S(=O)(=O)c1cn(cn1)C)NC(=O)C1CCCCC1,0,0.013463,0.023151,0.005002
Nc1nc(nc2n(cnc12)[C@H]1C[C@H](O)[C@@H](CO)O1)Cl,0,0.360865,0.199493,0.129795
COc1ccc(cc1)CN(C)C[C@@H]1Oc2ccc(cc2C(=O)N(C[C@@H]1C)[C@H](C)CO)NC(=O)Nc1ccc(cc1)C(F)(F)F,1,0.447264,0.424711,0.283288
COCC(=O)N1C[C@@H](C)[C@H](CN(C)C(=O)c2ccc(cc2OC[C@@H]1C)NC(=O)c1ccc(cc1)OC)OC,0,0.002358,0.022920,0.006520
O=c1c(-c2ccc(O)cc2)coc2cc(O)cc(O)c12,0,0.340370,0.254504,0.129526
C[C@H]1CCCCO[C@H](CN(C)C(=O)Nc2c(noc2C)C)[C@@H](C)CN([C@@H](C)CO)C(=O)c2cc(ccc2O1)NS(=O)(=O)c1ccc(cc1)C,0,0.010548,0.024169,0.006298
CCS(=O)(=O)N1CC[C@]2(CC1)CN(CC1CCOCC1)[C@H](CO)c1c2c2ccc(cc2n1C)OC,0,0.068609,0.028950,0.013097
C[C@H]1CN([C@@H](C)CO)C(=O)Cc2cc(ccc2O[C@@H]1CN(C)S(=O)(=O)c1cn(cn1)C)NS(=O)(=O)c1cn(cn1)C,0,0.016318,0.027258,0.008394
CN1[C@@H]2CC[C@@H](CC(=O)NCCCN3CCOCC3)O[C@@H]2COc2ccc(cc2C1=O)NC(=O)Cc1cccs1,0,0.012276,0.027198,0.015691
Cl.Cl.O=C1c2c(O)ccc(O)c2C(=O)c2c(NCCNCCO)ccc(NCCNCCO)c21,0,0.933708,0.182102,0.089002
COc1ccc2c3c(n(c2c1)C)[C@H](CO)N(C[C@]13CCN(CC1)C(=O)CN(C)C)C(=O)C1CCCCC1,0,0.516043,0.041120,0.031584
COc1ccc(cc1)N=[N+]=[N-],0,0.817463,0.082074,0.039295
CCN1CCN(C2CCN(CC2)CC2=CC(=O)N(C)C(=O)N2C)C1=O,0,0.460792,0.067852,0.026940
CN1C(=O)N(C)c2ncn(c2C1=O)CC1OCCO1,0,0.514352,0.136662,0.052101
COc1cc2c(cc1OC)CN(CC2)C(=O)[C@@H]1[C@@H]2N([C@H]([C@H](OC2=O)c2ccccc2)c2ccccc2)[C@H](c2ccc(cc2)O)[C@@]11C(=O)Nc2ccc(cc21)C#CCCO,0,0.032691,0.053897,0.025921
C[C@@H]1CN([C@@H](C)CO)C(=O)c2cc(cnc2O[C@H]1CN(C)C(=O)CN1CCOCC1)-c1cncnc1,0,0.002865,0.024093,0.005057
C[C@H]1CN([C@@H](C)CO)S(=O)(=O)c2ccc(cc2O[C@@H]1CN(C)C(=O)C1CC1)-c1ccc(cc1)C(=O)N(C)C,0,0.010510,0.038048,0.007739
C[C@H]1CN([C@H](C)CO)C(=O)c2cc(cnc2O[C@H]1CN(C)C(=O)Nc1ccccc1)-c1cccc(c1)C(F)(F)F,0,0.348530,0.108858,0.168101
CC(CCc1ccccc1)NC(C)C(O)c1ccc(O)cc1.Cl,0,0.279223,0.344508,0.302666
COc1ccc(cc1)S(=O)(=O)N(C)C[C@@H]1OCCCC[C@@H](C)Oc2ccc(cc2C(=O)N(C[C@@H]1C)[C@@H](C)CO)NC(=O)Nc1ccc(cc1)C(F)(F)F,0,0.192463,0.152851,0.011019
C[C@H]1CN([C@@H](C)CO)C(=O)c2cccc(c2O[C@H]1CN(C)S(=O)(=O)c1cn(cn1)C)NS(=O)(=O)c1ccc(cc1)F,0,0.029825,0.027664,0.009780
C[C@@H]1CN([C@H](C)CO)C(=O)Cc2cc(ccc2O[C@H]1CN(C)C(=O)Nc1cccc2ccccc12)NC(=O)CCCCCC(=O)Nc1ccccc1N,0,0.005581,0.021326,0.004912
CC(C)CCC[C@@H](C)[C@H]1CC[C@H]2[C@@H]3CCC4=C/C(=N/O)CC[C@]4(C)[C@H]3CC[C@]12C,0,0.982155,0.409706,0.245783
CC(C)NC(=O)[C@H]1[C@@H](N(Cc2cc(cc(c2)C(F)(F)F)C(F)(F)F)C(=O)c2ccccc21)c1ccc(cc1)CO,0,0.699194,0.121771,0.122542
COc1ccc(cc1)S(=O)(=O)N1C[C@@H](O)COC[C@@H]2O[C@@H](CC[C@H]21)CC(=O)N[C@@H]1CCN(C1)Cc1ccccc1,0,0.124010,0.025216,0.007490
C[C@@H]1CN([C@H](C)CO)C(=O)c2cc(ccc2O[C@@H]1CN(C)C(=O)NC1CCCCC1)NC(=O)Nc1ccc(cc1)C(F)(F)F,0,0.689688,0.547185,0.498787
C[C@@H]1CCCCO[C@H](CN(C)C(=O)Nc2ccc(cc2)F)[C@H](C)CN([C@H](C)CO)C(=O)c2cc(ccc2O1)NC(=O)C1CCCCC1,0,0.071720,0.025532,0.006834
CC(C)OC(=O)c1nnc([nH]1)N,0,0.046583,0.036131,0.025071
NC(CSCSCC(N)C(=O)O)C(=O)O,0,0.404600,0.234924,0.089806
CNC[C@H]1Oc2ccc(cc2C(=O)N(C[C@@H]1C)[C@H](C)CO)NC(=O)Cn1cnnn1,0,0.082415,0.025025,0.008774
CCCN(C)C[C@H]1OCCCC[C@@H](C)Oc2ccc(cc2C(=O)N(C[C@H]1C)[C@H](C)CO)NC(=O)C1CCCCC1,0,0.062656,0.037376,0.018481
C[C@@H]1CN([C@@H](C)CO)C(=O)c2c(c3ccccc3n2C)-c2ccccc2CO[C@@H]1CN(C)S(=O)(=O)c1cn(cn1)C,0,0.043720,0.028748,0.006390
CC(C)C#Cc1cnc2c(c1)C(=O)N(C[C@@H](C)[C@@H](CN(C)S(=O)(=O)c1cn(cn1)C)O2)[C@@H](C)CO,0,0.097823,0.024912,0.006812
CSc1ncccc1C(=O)N,0,0.107659,0.036355,0.026462
O[C@H]1COC[C@@H]2O[C@H](CC[C@H]2N(C1)C(=O)c1ccc(cc1)F)CC(=O)NCCCN1CCOCC1,0,0.508395,0.323682,0.195168
Cc1ccc(cc1)S[C@@]1(CC(=O)N(Cc2ccccc2Cl)[C@@H]1c1ccc(cc1I)CO)C(=O)NCCN1CCOCC1,0,0.707684,0.196011,0.037191
C[C@@H]1CN([C@H](C)CO)C(=O)c2cccc(c2O[C@H]1CN(C)Cc1ccncc1)NC(=O)c1cnccn1,0,0.012736,0.022885,0.005528
C[C@@H]1CCCCO[C@@H](CN(C)C(=O)CCC(F)(F)F)[C@@H](C)CN([C@H](C)CO)C(=O)c2cc(ccc2O1)NC(=O)CCC(F)(F)F,0,0.100510,0.163069,0.121059
COCC#Cc1cnc2c(c1)C(=O)N(C[C@@H](C)[C@@H](CN(C)S(=O)(=O)c1cccc(c1)OC)O2)[C@@H](C)CO,0,0.046356,0.024571,0.005780
CO[C@H]1/C=C\O[C@@]2(C)Oc3c(c(c4c(c3C2=O)[C@@]2(OCC(=O)O2)C=C(NC(=O)/C(=C\C=C/[C@@H](C)[C@@H](O)[C@@H](C)[C@@H](O)[C@@H](C)[C@@H](OC(=O)C)[C@@H]1C)C)C4=O)O)C,1,0.567718,0.870405,0.786873
C[C@@H]1CN([C@@H](C)CO)C(=O)Cc2cc(ccc2O[C@@H]1CN(C)C(=O)Nc1c(noc1C)C)NS(=O)(=O)c1cn(cn1)C,0,0.016873,0.023512,0.004602
C[C@H]1CN([C@@H](C)CO)C(=O)c2cc(ccc2O[C@H]1CN(C)C(=O)Nc1ccc2c(c1)OCO2)NC(=O)CCN1CCOCC1,0,0.002104,0.021582,0.004469
C[C@H]1CN([C@@H](C)CO)C(=O)Cc2cc(ccc2O[C@H]1CN(C)S(=O)(=O)c1ccc(cc1)C)NC(=O)Nc1cccc2ccccc12,0,0.006845,0.025051,0.004895
C[C@H]1O[C@H](O[C@@H]2[C@@H](CO)O[C@H](O[C@@H]3[C@@H](CO)O[C@@H](O)[C@H](O)[C@H]3O)[C@H](O)[C@H]2O)[C@H](O)[C@@H](O)[C@@H]1N[C@H]1C=C(CO)[C@@H](O)[C@H](O)[C@H]1O,0,0.197245,0.667400,0.429565
OC[C@@H]1O[C@@H](C[C@@H]2[C@H]1Oc1ccc(cc12)NS(=O)(=O)c1ccccc1)CC(=O)NCC(F)(F)F,0,0.018842,0.029538,0.010939
COc1cccc(c1)NC(=O)C[C@@H]1CC[C@H]2[C@@H](COc3ccc(cc3C(=O)N2C)NC(=O)C2CCOCC2)O1,0,0.010118,0.023714,0.006004
C[C@@H]1CN([C@@H](C)CO)C(=O)Cc2cc(ccc2O[C@H]1CN(C)S(=O)(=O)c1cccs1)NS(=O)(=O)c1cn(cn1)C,0,0.002976,0.024238,0.005014
CN(C)CC(=O)N[C@@H]1CC[C@H](CCNC(=O)C2CCC2)O[C@@H]1CO,0,0.243982,0.026693,0.009703
Cc1ccc(cc1F)-c1nc(cs1)-c1ccc(cc1)Cl,0,0.871243,0.494630,0.293070
C[C@H]1CCCCO[C@@H](CN(C)S(=O)(=O)c2ccc(cc2)C)[C@@H](C)CN([C@@H](C)CO)C(=O)c2cc(ccc2O1)NC(=O)NC1CCCCC1,0,0.009044,0.024213,0.004622
COc1ccc(cc1)NC(=O)N(C)C[C@@H]1Oc2c(cccc2C(=O)N(C[C@@H]1C)[C@H](C)CO)NC(=O)C1CCOCC1,0,0.044136,0.022482,0.004831
C[C@@H]1CN([C@@H](C)CO)C(=O)c2cccc(c2O[C@H]1CN(C)S(=O)(=O)c1cccs1)NS(=O)(=O)c1cn(cn1)C,0,0.018942,0.024337,0.007084
COc1cccc(c1)S(=O)(=O)N(C)C[C@@H]1Oc2ncc(cc2C(=O)N(C[C@H]1C)[C@H](C)CO)C#CCN(C)C,0,0.050208,0.024401,0.007099
CS(=O)(=O)n1cc2c(n1)CN(C2)[C@H]1CO[C@@H]([C@@H](N)C1)c1cc(ccc1F)F,0,0.157425,0.435416,0.282087
O[C@H]1COC[C@H]2O[C@H](CC[C@@H]2N(C1)Cc1cc(ccc1F)F)CC(=O)N[C@H]1CCN(C1)Cc1ccccc1,0,0.714825,0.044256,0.030358
C[C@H]1O[C@@H](C[C@@H]1O)n1cnc2c(ncnc12)N,0,0.093327,0.065690,0.031253
C[C@H]1CN([C@@H](C)CO)C(=O)Cc2cc(ccc2O[C@H]1CN(C)S(=O)(=O)c1ccc(cc1)Cl)NC(=O)Cn1cnnn1,0,0.026577,0.023346,0.007414
C[C@H]1CN([C@@H](C)CO)C(=O)c2cccc(c2O[C@H]1CN(C)S(=O)(=O)C)NS(=O)(=O)C,0,0.017896,0.022237,0.006227
C[C@@H]1CN([C@@H](C)CO)C(=O)c2cccc(c2O[C@@H]1CN(C)Cc1ccc(cc1)C(=O)O)NC(=O)Nc1ccc(cc1)C(F)(F)F,0,0.941510,0.176717,0.124281
COCC(=O)Nc1ccccc1C(=O)O,0,0.468213,0.062035,0.053697
CC(=O)Oc1ccccc1C(=O)Nc1ccccc1,0,0.072541,0.135019,0.188730
C[C@H]1CN([C@@H](C)CO)C(=O)c2cc(cnc2O[C@H]1CN(C)S(=O)(=O)c1ccccc1)-c1ccncc1,0,0.001764,0.027756,0.004435
NCc1ccccc1-n1cccn1,0,0.428452,0.070803,0.033306
COc1ccc(cc1)COC[C@@]12Oc3ccccc3[C@H]([C@H]2CO[Si](C)(C)C(C)(C)C)N(C(=O)c2ccccc2)C(=N1)SCC#C,0,0.074931,0.323751,0.135184
C[C@H]1CCCCO[C@@H](CN(C)C(=O)Cc2ccccc2)[C@@H](C)CN([C@H](C)CO)C(=O)c2cc(ccc2O1)NS(=O)(=O)c1ccc(cc1)F,0,0.003350,0.023390,0.005110
NCc1cnc2ccccc2c1,0,0.098240,0.041238,0.023074
COc1ccc(cc1)S(=O)(=O)N(C)C[C@H]1OCCCC[C@H](C)Oc2ccc(cc2C(=O)N(C[C@H]1C)[C@H](C)CO)NC(=O)Nc1ccccc1,0,0.007235,0.023490,0.004114
CC(=O)N[C@H]1C/C=C/C[C@@H](CC(=O)NCc2ccc(cc2)Cl)C(=O)NC[C@H](OC1=O)c1ccccc1,0,0.125983,0.298214,0.250204
CC(=O)Oc1ccc(C(c2ccc(OC(C)=O)cc2)c2ccccn2)cc1,0,0.087959,0.624400,0.621739
Cc1ccccc1S(=O)(=O)N1C[C@H](O)COC[C@H]2O[C@H](CC[C@@H]21)CC(=O)NCc1ccccc1Cl,0,0.249492,0.039678,0.023063
CC(=O)NC1C(O)CC(O)(C(=O)O)OC1C(O)C(O)CO,0,0.004615,0.063734,0.050311
O=C(NC1CCCCC1)NC1CCCCC1,0,0.083686,0.137944,0.091971
C[C@H]1CN([C@@H](C)CO)C(=O)Cc2cc(ccc2O[C@@H]1CN(C)Cc1ccc2c(c1)OCO2)NC(=O)Nc1cccc2ccccc12,0,0.009288,0.024218,0.006609
CNC1C(OC2OC(CO)C(N)C(O)C2O)OC2CC(N)C(OC3C(N)CC(N)C(O)C3O)OC2C1O.O=S(=O)(O)O,1,0.994568,0.880721,0.951600
CO[C@@H](CN(C)S(=O)(=O)c1cn(cn1)C)[C@@H](C)CN([C@@H](C)CO)C(=O)Nc1ccc(cc1)C(F)(F)F,1,0.722344,0.927399,0.983724
C[C@@H]1CCCCO[C@H](CN(C)C(=O)Cc2ccccc2)[C@H](C)CN([C@@H](C)CO)C(=O)c2cc(ccc2O1)NC(=O)Nc1ccc2c(c1)OCO2,0,0.003355,0.023995,0.004644
OC(=O)C[C@H]1CSC2=NC=CC(=O)N12,0,0.096928,0.172258,0.113233
C[C@@H]1CN([C@H](C)CO)C(=O)c2cc(ccc2O[C@@H]1CN(C)S(=O)(=O)c1cn(cn1)C)NS(=O)(=O)c1ccccc1,0,0.008528,0.023886,0.005697
C[C@H]1CN([C@@H](C)CO)C(=O)Cc2cc(ccc2O[C@@H]1CN(C)S(=O)(=O)c1c(noc1C)C)NS(=O)(=O)c1cn(cn1)C,0,0.010936,0.024209,0.005346
C[C@@H]1CN([C@H](C)CO)C(=O)Cc2cc(ccc2O[C@H]1CN(C)C(=O)Nc1ccccc1)NS(=O)(=O)c1cn(cn1)C,0,0.009024,0.023292,0.004016
C[C@@H]1CN([C@H](C)CO)S(=O)(=O)c2ccc(cc2O[C@@H]1CN(C)C(=O)c1cccc(c1)F)-c1cncnc1,0,0.045437,0.023888,0.005173
CN(C)CCCN1c2ccccc2CCc2ccccc21.Cl,0,0.963473,0.535624,0.309513
Cn1cnc(c1)CCNC(=O)C[C@@H]1CC[C@@H]2[C@H](COC[C@H](O)CN2C(=O)Nc2ccc(cc2)C(F)(F)F)O1,1,0.985310,0.926550,0.954994
C[C@@H]1CN([C@H](C)CO)C(=O)CCCn2nncc2CO[C@@H]1CN(C)C(=O)C1CC1,0,0.018576,0.023552,0.005172
C[C@H]1CN([C@H](C)CO)S(=O)(=O)c2ccc(cc2O[C@@H]1CN(C)C(=O)Cc1ccncc1)C#CC1CC1,0,0.052631,0.025408,0.005442
CC(C)NC(=O)Nc1ccc2c(c1)CC(=O)N(C[C@H](C)[C@H](CN(C)S(=O)(=O)c1cccs1)O2)[C@@H](C)CO,0,0.002468,0.023836,0.006698
C[C@@H]1CN([C@H](C)CO)C(=O)c2cc(ccc2O[C@@H]1CN(C)S(=O)(=O)c1ccc(cc1)F)NS(=O)(=O)c1cn(cn1)C,0,0.059073,0.025426,0.007213
C[C@H]1CN([C@H](C)CO)C(=O)c2cc(ccc2O[C@H]1CN(C)Cc1ccc(c(c1)Cl)Cl)NC(=O)NC1CCCCC1,0,0.153060,0.035763,0.013342
CCC(C)C(C(=O)OCC[N+](C)(CC)CC)c1ccccc1.[Br-],0,0.907499,0.428408,0.344542
C[C@@H]1CCCCO[C@H](CN(C)C(=O)C2CCCCC2)[C@H](C)CN([C@@H](C)CO)C(=O)c2cc(ccc2O1)NC(=O)Nc1cccc2ccccc12,0,0.016349,0.027080,0.006348
C[C@H]1CCCCO[C@@H](CN(C)C(=O)Cc2ccccc2)[C@H](C)CN([C@@H](C)CO)C(=O)c2cc(ccc2O1)NS(=O)(=O)c1ccc(cc1)C,0,0.001377,0.023104,0.004012
C[C@@H]1CN([C@H](C)CO)C(=O)c2cccc(c2O[C@@H]1CN(C)S(=O)(=O)c1ccc(cc1)F)NS(=O)(=O)c1cccs1,0,0.022740,0.027136,0.008320
Cc1ccc(Nc2c(F)cccc2Cl)c(CC(=O)O)c1,0,0.981274,0.269137,0.190538
Cc1ccc(cc1)S(=O)(=O)N1C[C@H](O)COC[C@H]2O[C@@H](CC[C@@H]21)CC(=O)NCCN1CCCCC1,0,0.518654,0.050889,0.012818
C[C@@H]1CN([C@@H](C)CO)C(=O)c2cccc(c2O[C@H]1CN(C)S(=O)(=O)c1ccccc1)NC(=O)C1CCOCC1,0,0.010982,0.025781,0.004949
C[C@@H]1CN([C@H](C)CO)C(=O)c2cc(ccc2O[C@H]1CN(C)S(=O)(=O)c1cn(cn1)C)NC(=O)Cn1cnnn1,0,0.058716,0.024558,0.005610
CCCCCNC(=N)NN=Cc1c[nH]c2ccc(OC)cc12.O=C(O)C=CC(=O)O,0,0.804957,0.140470,0.229875
CO[C@@H]1CN(C)C(=O)c2cc(ccc2OC[C@H](C)N(C[C@H]1C)C(=O)Cc1ccccn1)NC(=O)C1CC1,0,0.002518,0.023233,0.005575
COc1ccc(cc1)S(=O)(=O)Nc1ccc2c(c1)C(=O)N(C[C@H](C)[C@@H](CN(C)C(=O)Nc1ccc(cc1)C(F)(F)F)OCCCC[C@H](C)O2)[C@@H](C)CO,0,0.152540,0.193626,0.014980
C[C@H]1CN([C@@H](C)CO)C(=O)CCCn2nncc2CO[C@H]1CN(C)S(=O)(=O)c1ccc(cc1)-c1ccccc1,0,0.015119,0.033093,0.005951
C[C@@H]1CCCCO[C@@H](CN(C)C(=O)Nc2c(noc2C)C)[C@H](C)CN([C@@H](C)CO)C(=O)c2cc(ccc2O1)NS(=O)(=O)c1ccccc1,0,0.004074,0.023380,0.003795
C[C@@H]1CCCCO[C@@H](CN(C)C(=O)Nc2ccccc2)[C@@H](C)CN([C@@H](C)CO)C(=O)c2cc(ccc2O1)NC(=O)C1CCCCC1,0,0.012946,0.023760,0.005051
C[C@@H]1CCCCO[C@@H](CN(C)CC2CC2)[C@H](C)CN([C@H](C)CO)C(=O)c2cc(ccc2O1)NC(=O)Nc1cccc2ccccc12,0,0.135603,0.036681,0.013159
COc1ccc(cc1)CN(C)C[C@H]1OCCCC[C@@H](C)Oc2ccc(cc2C(=O)N(C[C@@H]1C)[C@@H](C)CO)NC(=O)Nc1c(noc1C)C,0,0.041329,0.032463,0.009757
C[C@@H]1CCCCO[C@H](CN(C)Cc2ccc(cc2)C(F)(F)F)[C@H](C)CN([C@H](C)CO)C(=O)c2cc(ccc2O1)NC(=O)Nc1ccc(cc1)F,0,0.449828,0.032365,0.016447
CC(C)NC(=O)N(C)C[C@H]1Oc2ccc(cc2C(=O)N(C[C@@H]1C)[C@H](C)CO)NC(=O)CCN1CCOCC1,0,0.002531,0.025576,0.006803
CCS(=O)(=O)N[C@@H]1C=C[C@H](CC(=O)NCc2ccccn2)O[C@@H]1CO,0,0.002771,0.023737,0.006542
COC(=O)[C@H]1OC2(CCCC2)O[C@@H]1C(=O)OC,0,0.021055,0.144130,0.083658
CO[C@@H]1CN(C)C(=O)c2ccc(cc2OC[C@@H](C)N(C[C@H]1C)C(=O)Nc1ccc(cc1)C(F)(F)F)NC(=O)C1CCCCC1,0,0.430337,0.238443,0.264791
OC[C@H]1O[C@H](CC(=O)NC2CCCCC2)C=C[C@@H]1NC(=O)CN1CCOCC1,0,0.017254,0.030089,0.013915
CO[C@H]1CN(C)C(=O)c2ccc(cc2OC[C@@H](C)N(C[C@H]1C)C(=O)C1CCOCC1)NS(=O)(=O)C,0,0.002845,0.029582,0.006451
Cc1n[nH]c(c1S(=O)(=O)N1CCCC1)C,0,0.006502,0.076066,0.011099
C[C@H]1CN([C@H](C)CO)C(=O)c2cccc(c2O[C@H]1CN(C)C(=O)Nc1c(noc1C)C)NC(=O)c1cnccn1,0,0.177482,0.028652,0.014203
CN(C)CC#Cc1ccc(cc1)[C@@H]1[C@@H](CO)N2[C@H]1CN(CC2=O)C(=O)c1cccnc1,0,0.235880,0.040429,0.017739
C[C@H]1CN([C@H](C)CO)C(=O)c2cccc(c2O[C@@H]1CN(C)S(=O)(=O)c1cccs1)NS(=O)(=O)c1cn(cn1)C,0,0.018942,0.024337,0.007084
CNC(=O)C[C@@H]1CC[C@@H]2[C@H](COc3ccc(cc3C(=O)N2C)NC(=O)c2ccc(cc2)C(F)(F)F)O1,0,0.290417,0.212012,0.205747
C[C@@H]1CN([C@@H](C)CO)C(=O)Cc2cc(ccc2O[C@@H]1CN(C)Cc1ccc2c(c1)OCO2)NS(=O)(=O)C,0,0.001698,0.024292,0.006553
OCc1ccc(cc1)CO[C@H]1C[C@H](C=C(O1)C(=O)N1CCN(CC1)Cc1ccc2c(c1)OCO2)C1CC1,0,0.014435,0.261982,0.125018
CN1CCN(CC1)C(=O)C[C@@H]1CC[C@H]2[C@@H](COC[C@H](O)CN2S(=O)(=O)c2cccc(c2)C)O1,0,0.318543,0.040000,0.011129
C[C@@H]1CN([C@H](C)CO)C(=O)c2cc(ccc2O[C@H]1CN(C)Cc1ccccc1)NC(=O)Nc1ccc(cc1)C(F)(F)F,0,0.380229,0.835904,0.771683
CC(CCc1ccccc1)NCC(O)c1ccc(O)c(C(N)=O)c1.Cl,0,0.035966,0.459795,0.406783
CN1CCN(CC1)C(=O)C[C@@H]1C[C@@H]2[C@@H](Oc3ccc(cc32)NC(=O)c2ccc3c(c2)OCO3)[C@@H](CO)O1,0,0.017987,0.023670,0.007519
C[C@H]1CN([C@@H](C)CO)C(=O)c2cccc(c2O[C@H]1CN(C)Cc1ccc(cc1)C(=O)O)NC(=O)C1CC1,0,0.156032,0.074785,0.035955
N#CC(OC1OC(COC2OC(CO)C(O)C(O)C2O)C(O)C(O)C1O)c1ccccc1,0,0.035252,0.058954,0.066136
NC(=O)COc1ccccc1,0,0.046923,0.049271,0.021141
COc1cccc(c1)NC(=O)N(C)C[C@H]1Oc2cc(ccc2S(=O)(=O)N(C[C@H]1C)[C@H](C)CO)Br,0,0.174939,0.028091,0.007249
NC1=NC(=O)C[C@H](Cc2ccccc2)N1,0,0.000107,0.055843,0.031711
C[C@H]1CN([C@H](C)CO)C(=O)c2cccc(c2O[C@@H]1CN(C)S(=O)(=O)c1c(noc1C)C)NS(=O)(=O)c1ccc(cc1)C,0,0.025389,0.037911,0.007887
C[C@H]1CN([C@H](C)CO)C(=O)CCCn2cc(nn2)CO[C@H]1CN(C)C(=O)Nc1ccc(cc1)N1CCN(C)CC1,0,0.351350,0.026755,0.008410
CN(C)CC(=O)N[C@H]1CC[C@@H](CCNC(=O)C2CC2)O[C@@H]1CO,0,0.382091,0.026719,0.008215
C[C@H]1CCCCO[C@H](CN(C)S(=O)(=O)c2cn(cn2)C)[C@H](C)CN([C@@H](C)CO)C(=O)c2cc(ccc2O1)NC(=O)Nc1ccc(cc1)C(F)(F)F,0,0.305766,0.186539,0.040221
CCCCCCCCCC[C@@H](O)[C@H]1C=C[C@H]2[C@@H](N1Nc1ccc(cc1)[N+](=O)[O-])C(=O)N(C2=O)c1ccccc1,0,0.933836,0.197501,0.170647
C[C@H]1CN([C@H](C)CO)C(=O)c2cc(ccc2O[C@@H]1CN(C)Cc1ccc(cc1)Oc1ccccc1)NC(=O)C1CC1,0,0.015725,0.036790,0.014508
C[C@@H]1CN([C@@H](C)CO)C(=O)c2cc(cnc2O[C@H]1CN(C)C(=O)CCN1CCCCC1)C#Cc1ccccn1,0,0.038407,0.023066,0.006089
CC(C)(C)S(=O)N1Cc2cc(nc(c2[C@H]1CCO)-c1cccc(c1)-c1cc2ccccc2o1)C(=O)N1CCN(CC1)Cc1ccccc1,0,0.000234,0.094391,0.052716
CN1[C@H]2CC[C@H](CC(=O)Nc3cccc4ccccc34)O[C@@H]2COc2ccc(cc2C1=O)NS(=O)(=O)c1ccc(cc1)F,0,0.010951,0.028890,0.014111
C[C@@H]1CCCCO[C@H](CN(C)C(=O)Nc2c(noc2C)C)[C@H](C)CN([C@H](C)CO)C(=O)c2cc(ccc2O1)NC(=O)C1CCCCC1,0,0.029874,0.023920,0.007150
N[C@@H]([C@@H](OCc1ccccc1)C(=O)O)C(=O)O,0,0.128437,0.057557,0.068989
C[C@H]1CN([C@@H](C)CO)C(=O)c2cc(ccc2O[C@H]1CN(C)C(=O)NC1CCCCC1)NC(=O)Cn1cnnn1,0,0.038484,0.029138,0.007677
C[C@@H]1CN([C@@H](C)CO)C(=O)c2cc(ccc2O[C@H]1CN(C)C(=O)NC1CCCCC1)NC(=O)CCN1CCOCC1,0,0.002269,0.022326,0.005091
CON=C(C(=O)NC1C(=O)N2C(C(=O)[O-])=C(COC(C)=O)CSC12)c1csc(N)n1.[Na+],1,0.997980,0.947531,0.975638
C[C@H]1CCCCO[C@H](CN(C)Cc2ccccc2)[C@H](C)CN([C@H](C)CO)C(=O)c2cc(ccc2O1)NC(=O)CCC(F)(F)F,0,0.094600,0.024913,0.018503
C[C@H]1CCCCO[C@H](CN(C)Cc2ccccc2)[C@@H](C)CN([C@H](C)CO)C(=O)c2cc(ccc2O1)NC(=O)c1ccccc1,0,0.002747,0.024733,0.006362
CS(=O)(=O)N1CCOC[C@]2(CN(CCO2)C(=O)c2ccc[nH]2)C1,0,0.002185,0.025163,0.006671
OC[C@H](Cc1ccccc1)NC(=O)C[C@H](CC=C)C(=O)N[C@H](COC(=O)[C@@H](CCC=C)Cc1ccc(cc1)F)Cc1c[nH]c2ccccc12,0,0.036729,0.026628,0.017320
C[C@@H]1CN([C@@H](C)CO)C(=O)c2cccc(c2O[C@H]1CN(C)C(=O)Nc1ccc(cc1)F)NC(=O)Nc1cccc2ccccc12,0,0.299483,0.040460,0.037629
C[C@@H]1CCCCO[C@H](CN(C)Cc2ccc(c(c2)Cl)Cl)[C@@H](C)CN([C@H](C)CO)C(=O)c2cc(ccc2O1)NC(=O)Nc1ccc2c(c1)OCO2,0,0.089038,0.026644,0.006106
C[C@H]1CN([C@@H](C)CO)C(=O)c2cc(ccc2O[C@H]1CN(C)Cc1ccncc1)NS(=O)(=O)c1ccccc1,0,0.000959,0.023350,0.005174
CC(C)NC(=O)Nc1ccc2c(c1)C(=O)N(C[C@H](C)[C@H](CN(C)C(=O)Nc1ccc(cc1)C(F)(F)F)OCCCC[C@H](C)O2)[C@H](C)CO,0,0.530455,0.094775,0.077469
C[C@H]1CN([C@H](C)CO)C(=O)c2cccc(c2O[C@@H]1CN(C)C(=O)NC1CCCCC1)NC(=O)C1CC1,0,0.028682,0.022620,0.013429
C[C@@H]1CN([C@@H](C)CO)C(=O)Cc2cc(ccc2O[C@H]1CN(C)S(=O)(=O)c1ccc(cc1)C)NC(=O)CCCN(C)C,0,0.008425,0.024649,0.005306
C[C@@H]1CN([C@H](C)CO)C(=O)c2cccc(c2O[C@H]1CN(C)Cc1ccc(cc1)-c1ccccc1)NC(=O)Nc1ccc(cc1)F,0,0.216430,0.050802,0.027429
C[C@H]1CN([C@H](C)CO)C(=O)c2cc(ccc2O[C@@H]1CN(C)S(=O)(=O)C)NC(=O)CCCCCC(=O)Nc1ccccc1N,0,0.009214,0.024487,0.004927
C[C@@H]1CN([C@H](C)CO)S(=O)(=O)c2ccc(cc2O[C@@H]1CN(C)C(=O)c1ccncc1)-c1cccc(c1)C#N,0,0.000603,0.023311,0.004238
COc1ccc(cc1)CN(C)C[C@H]1OCCCC[C@@H](C)Oc2ccc(cc2C(=O)N(C[C@H]1C)[C@@H](C)CO)NC(=O)C1CCCCC1,0,0.029399,0.028337,0.007177
C[C@H]1CN([C@H](C)CO)C(=O)Cc2cc(ccc2O[C@H]1CN(C)Cc1ccc(c(c1)Cl)Cl)NC(=O)Nc1c(noc1C)C,0,0.138343,0.043298,0.009935
COc1ccc(cc1)[Si](C)(C)[C@H]1[C@H](C)[C@]2(O[C@@H]1CC(=O)N1CCC[C@H]1CO)C(=O)N(Cc1ccc(cc1)N1C(=O)c3cccc4cccc1c34)c1ccccc12,0,0.002869,0.042000,0.027192
C[C@H]1CCCCO[C@@H](CN(C)S(=O)(=O)c2ccc(cc2)F)[C@@H](C)CN([C@H](C)CO)C(=O)c2cc(ccc2O1)NC(=O)Nc1ccc(cc1)F,0,0.053838,0.024043,0.007762
C[C@@H]1CCCCO[C@H](CN(C)C(=O)CCCN(C)C)[C@@H](C)CN([C@@H](C)CO)C(=O)c2cc(ccc2O1)NC(=O)Nc1ccc(cc1)F,0,0.103403,0.028963,0.008805
O=C(NC[C@H]1CCCO1)c1ccc[nH]1,0,0.013188,0.028330,0.011609
C[C@H]1CN([C@H](C)CO)C(=O)c2cccc(c2O[C@@H]1CN(C)S(=O)(=O)c1ccccc1)NS(=O)(=O)c1cn(cn1)C,0,0.038094,0.028913,0.007712
CCS(=O)(=O)Nc1ccc2c(c1)C(=O)N(C)C[C@@H](OC)[C@@H](C)CN([C@@H](C)CO2)C(=O)c1ccc2c(c1)OCO2,0,0.002776,0.022929,0.005057
OC(=O)[C@H]1[C@H]2C[C@@H](C=C2)[C@@H]1C(=O)OCC#C,0,0.038341,0.314059,0.171141
COc1cccc(c1)NC(=O)N(C)C[C@@H]1Oc2cc(ccc2S(=O)(=O)N(C[C@H]1C)[C@@H](C)CO)Br,0,0.174939,0.028091,0.007249
COc1ccccc1OCC(O)COC(N)=O,0,0.272750,0.087698,0.085668
C[C@H]1CN([C@H](C)CO)C(=O)Cc2cc(ccc2O[C@@H]1CN(C)S(=O)(=O)C)NS(=O)(=O)c1cccs1,0,0.001499,0.025376,0.005530
C[C@@H]1CCCCO[C@@H](CN(C)C(=O)NC2CCCCC2)[C@H](C)CN([C@@H](C)CO)C(=O)c2cc(ccc2O1)NC(=O)C1CCCCC1,0,0.012751,0.024326,0.006535
COc1ccc(cc1)NC(=O)Nc1ccc2c(c1)C(=O)N(C[C@H](C)[C@@H](CN(C)Cc1ccncc1)OCCCC[C@H](C)O2)[C@@H](C)CO,0,0.006829,0.022001,0.005580
C[C@H]1CCCCO[C@H](CN(C)S(=O)(=O)c2ccc(cc2)C)[C@@H](C)CN([C@@H](C)CO)C(=O)c2cc(ccc2O1)NS(=O)(=O)c1ccc(cc1)Cl,0,0.010634,0.023793,0.004691
C[C@H]1CN([C@@H](C)CO)C(=O)Cc2cc(ccc2O[C@@H]1CN(C)Cc1ccc(cc1)-c1ccccc1)NC(=O)Nc1ccc(cc1)C(F)(F)F,0,0.286649,0.065851,0.029142
C[C@H]1CCCCO[C@H](CN(C)C(=O)CCC(F)(F)F)[C@@H](C)CN([C@H](C)CO)C(=O)c2cc(ccc2O1)NS(=O)(=O)c1ccccc1,0,0.006481,0.025195,0.005805
C[C@H]1CCCCO[C@@H](CN(C)C(=O)Nc2c(noc2C)C)[C@H](C)CN([C@@H](C)CO)C(=O)c2cc(ccc2O1)NS(=O)(=O)c1ccccc1,0,0.004074,0.023380,0.003795
COc1cc2c(cc1OC)C13CCN4CC5=CCOC6CC(=O)N2C1C6C5CC43,0,0.038043,0.109961,0.054154
OC[C@@H]1O[C@H](CCNS(=O)(=O)c2cccc(c2)F)CC[C@@H]1NS(=O)(=O)c1cccc(c1)Cl,0,0.245258,0.037663,0.020506
C[C@H]1CN([C@@H](C)CO)C(=O)c2cc(ccc2O[C@H]1CN(C)C(=O)Nc1cccc2ccccc12)NS(=O)(=O)c1ccc(cc1)F,0,0.029221,0.024127,0.007656
C[C@@H]1CN([C@@H](C)CO)C(=O)c2c(c3ccccc3n2C)-c2ccccc2CO[C@@H]1CN(C)Cc1cccc(c1)C(=O)O,0,0.254341,0.509124,0.462836
O=C1c2ccccc2C(=O)c2c1ccc(O)c2O,0,0.929913,0.651745,0.582698
C[C@H]1CN([C@H](C)CO)C(=O)c2c(c3ccccc3n2C)-c2ccccc2CO[C@@H]1CN(C)Cc1cccc2c1OCCCO2,0,0.013661,0.031364,0.009093
C[C@@H]1CN([C@@H](C)CO)C(=O)c2cc(ccc2O[C@@H]1CN(C)C(=O)Nc1cccc2ccccc12)NC(=O)Nc1ccc(cc1)F,0,0.135669,0.031355,0.020453
C[C@@H]1CCCCO[C@@H](CN(C)S(=O)(=O)c2cccs2)[C@H](C)CN([C@H](C)CO)C(=O)c2cc(ccc2O1)NC(=O)Nc1cccc2ccccc12,0,0.003532,0.023871,0.004443
C[C@H]1CN([C@H](C)CO)C(=O)c2cc(ccc2O[C@H]1CN(C)Cc1ccc(c(c1)Cl)Cl)NC(=O)C1CCCCC1,0,0.133325,0.034721,0.019386
COc1ccc2c3c(n(c2c1)C)[C@@H](CO)N(C[C@]13CCN(CC1)C(=O)Nc1ccc(cc1F)F)C(=O)Nc1ccc(cc1)F,0,0.673998,0.465406,0.289617
C[C@@H]1CN([C@H](C)CO)S(=O)(=O)c2ccc(cc2O[C@@H]1CN(C)C(=O)CN(C)C)C#CCC1CCCC1,0,0.464046,0.328992,0.013184
C[C@H]1CN([C@H](C)CO)C(=O)Cc2cc(ccc2O[C@H]1CN(C)S(=O)(=O)c1ccc(cc1)Cl)NC(=O)c1ccncc1,0,0.003271,0.023212,0.004234
C[C@H]1CN([C@H](C)CO)C(=O)c2cc(ccc2O[C@@H]1CN(C)Cc1ccc(cc1)C(=O)O)NC(=O)CCCN(C)C,0,0.153964,0.055336,0.021857
C[C@@H]1CN([C@H](C)CO)S(=O)(=O)c2ccc(cc2O[C@H]1CN(C)Cc1cccc(c1)F)C#CC1CC1,0,0.160421,0.027631,0.007594
C[C@H]1CN([C@@H](C)CO)C(=O)c2cc(cnc2O[C@H]1CN(C)Cc1ccc(cc1)-c1ccccc1)-c1cccnc1,0,0.018454,0.040681,0.018814
CC1(C)S[C@@H]2[C@H](NC(=O)[C@H](NC(=O)N3CCNC3=O)c3ccccc3)C(=O)N2[C@H]1C(=O)O,0,0.982239,0.930159,0.941298
C[C@@H]1CCCCO[C@@H](CN(C)C(=O)Nc2cccc3ccccc23)[C@@H](C)CN([C@H](C)CO)C(=O)c2cc(ccc2O1)NC(=O)c1ccccc1,0,0.004545,0.021642,0.004404
C[C@H]1CN([C@H](C)CO)S(=O)(=O)c2ccc(cc2O[C@H]1CN(C)CC1CCOCC1)C#Cc1ccccc1F,0,0.514503,0.036474,0.006539
COCCCNC(=O)[C@]1(Cc2ccccc2I)[C@@H](N(C2CCCCC2)C(=O)c2ccccc21)c1ccc(cc1)CO,0,0.108756,0.127107,0.120847
CC(C)(C)NCCCCOc1ccc(cc1C(C)(C)C)Cl,0,0.929230,0.888783,0.911566
C[C@@H]1CCCCO[C@@H](CN(C)CC2CCCCC2)[C@@H](C)CN([C@H](C)CO)C(=O)c2cc(ccc2O1)NC(=O)Nc1ccc(cc1)F,0,0.236111,0.043992,0.022124
CN1C(=S)NC(=O)/C(=C\c2cn(c3ccccc23)CC(=O)N2CCOCC2)C1=O,0,0.080154,0.087239,0.069447
C[C@@H]1CN([C@@H](C)CO)C(=O)c2cccc(c2O[C@H]1CN(C)C(=O)Nc1ccc(cc1)C(F)(F)F)NC(=O)Nc1ccccc1,0,0.763188,0.630940,0.608571
Cc1cnc(cn1)C(=O)N1C[C@@H]2COC[C@@]2(CNS(=O)(=O)C)C1,0,0.030355,0.024840,0.007452
C[C@H]1CCCCO[C@H](CN(C)S(=O)(=O)c2cn(cn2)C)[C@@H](C)CN([C@H](C)CO)C(=O)c2cc(ccc2O1)NS(=O)(=O)c1cccs1,0,0.002754,0.023817,0.004450
C[C@@H]1CN([C@H](C)CO)C(=O)Cc2cc(ccc2O[C@@H]1CN(C)Cc1ccc(cc1)Oc1ccccc1)NC(=O)CCCN(C)C,0,0.018993,0.030732,0.007932
C[C@H]1CN([C@H](C)CO)C(=O)c2cccc(c2O[C@@H]1CN(C)S(=O)(=O)c1cccs1)NC(=O)C1CC1,0,0.005068,0.024580,0.005937
OC[C@H](Cc1ccccc1)NC(=O)C[C@@H]1CC=CCCC(=O)OC[C@H](Cc2c[nH]c3ccccc23)NC1=O,0,0.031618,0.026000,0.013828
C[C@@H]1CN([C@H](C)CO)C(=O)c2cccc(c2O[C@H]1CN(C)Cc1ccccc1)NC(=O)Nc1ccc(cc1)C(F)(F)F,0,0.468625,0.494883,0.305227
C[C@H]1CCCCO[C@@H](CN(C)C(=O)c2ccccc2)[C@@H](C)CN([C@@H](C)CO)C(=O)c2cc(ccc2O1)NC(=O)C1CCCCC1,0,0.001945,0.022305,0.005141
CN(C)CC(=O)N[C@H]1CC[C@H](CC(=O)O)O[C@H]1CO,0,0.125155,0.028933,0.016155
C[C@@H]1CN([C@@H](C)CO)S(=O)(=O)c2ccc(cc2O[C@@H]1CN(C)C(=O)Cc1ccncc1)-c1cncnc1,0,0.009926,0.025762,0.004570
C[C@@H]1CN([C@H](C)CO)S(=O)(=O)c2ccc(cc2O[C@H]1CN(C)C(=O)C1CCCCC1)C#CCN(C)C,0,0.158903,0.033892,0.011601
CC(C)NC(=O)Nc1ccc2c(c1)C(=O)N(C[C@H](C)[C@@H](CN(C)S(=O)(=O)c1cn(cn1)C)OCCCC[C@H](C)O2)[C@H](C)CO,0,0.018079,0.023331,0.004388
C[C@@H]1CN([C@@H](C)CO)C(=O)Cc2cc(ccc2O[C@H]1CN(C)Cc1ccc(cc1)C(F)(F)F)NS(=O)(=O)c1ccc(cc1)Cl,0,0.024908,0.025053,0.009605
C[C@H]1CN([C@H](C)CO)C(=O)c2cccc(c2O[C@H]1CN(C)Cc1ccc(cc1)C(F)(F)F)NC(=O)Nc1ccc(cc1)C(F)(F)F,0,0.941388,0.317295,0.238900
OC[C@H]1CC[C@@H]2O[C@H](CCc3ccc(cc3)-c3ccccc3)[C@@H](C[C@@H]2O1)NC(=O)Nc1ccc(cc1)F,0,0.810761,0.070121,0.093937
C[C@@H]1CN([C@@H](C)CO)C(=O)c2cc(ccc2O[C@@H]1CN(C)C(=O)Nc1ccc2c(c1)OCO2)NC(=O)C1CC1,0,0.005976,0.021595,0.005002
Cc1cc(n(n1)C1=NNC(=S)N1N)C,0,0.354522,0.054751,0.051781
COc1ccc(cc1)S(=O)(=O)N(C)C[C@H]1OCCCC[C@@H](C)Oc2ccc(cc2C(=O)N(C[C@H]1C)[C@@H](C)CO)NC(=O)Nc1ccc(cc1)C(F)(F)F,0,0.192463,0.152851,0.011019
C[C@@H]1CN([C@@H](C)CO)C(=O)Cc2cc(ccc2O[C@@H]1CN(C)S(=O)(=O)c1ccc(cc1)F)NC(=O)Cc1ccccc1,0,0.002955,0.024155,0.006327
COc1cccc(c1)S(=O)(=O)N(C)C[C@@H]1Oc2cc(ccc2S(=O)(=O)N(C[C@@H]1C)[C@@H](C)CO)C#CCC(C)C,0,0.073877,0.029518,0.005276
C[C@H]1CCCCO[C@H](CN(C)S(=O)(=O)c2cccs2)[C@@H](C)CN([C@H](C)CO)C(=O)c2cc(ccc2O1)NS(=O)(=O)c1cn(cn1)C,0,0.006068,0.024605,0.004667
C[C@@H]1CN([C@@H](C)CO)C(=O)c2cc(ccc2O[C@H]1CN(C)S(=O)(=O)c1cn(cn1)C)NC(=O)Nc1ccc2c(c1)OCO2,0,0.011058,0.023589,0.004797
COc1ccc(cc1)S(=O)(=O)N(C)C[C@@H]1Oc2ccc(cc2C(=O)N(C[C@H]1C)[C@H](C)CO)NS(=O)(=O)C,0,0.020565,0.024931,0.007498
C[C@@H]1CCCCO[C@H](CN(C)C(=O)NC2CCCCC2)[C@@H](C)CN([C@H](C)CO)C(=O)c2cc(ccc2O1)NC(=O)c1ccccc1,0,0.001857,0.021955,0.003951
C[C@@H]1CN([C@H](C)CO)C(=O)c2cc(ccc2O[C@H]1CN(C)C(=O)Nc1ccccc1)NC(=O)CCCCCC(=O)Nc1ccccc1N,0,0.013149,0.024442,0.004323
C[C@@H]1CN([C@H](C)CO)C(=O)Cc2cc(ccc2O[C@@H]1CN(C)S(=O)(=O)C)NS(=O)(=O)c1cccs1,0,0.001499,0.025376,0.005530
C[C@H]1CCCCO[C@H](CN(C)C(=O)c2ccccc2)[C@H](C)CN([C@@H](C)CO)C(=O)c2cc(ccc2O1)NS(=O)(=O)c1ccc(cc1)F,0,0.003010,0.023301,0.004186
CC(=O)NCC(=O)NS(=O)(=O)c1ccccc1,0,0.001164,0.037623,0.012335
C[C@@H]1CCCCO[C@@H](CN(C)C(=O)Nc2c(noc2C)C)[C@H](C)CN([C@H](C)CO)C(=O)c2cc(ccc2O1)NC(=O)Nc1ccc(cc1)C(F)(F)F,0,0.682234,0.168981,0.055942
N=C(N)NOCCC(N)C(=O)O,0,0.011006,0.030535,0.014652
C[C@@H]1CN([C@H](C)CO)C(=O)c2cc(ccc2O[C@@H]1CN(C)S(=O)(=O)c1ccc(cc1)F)NC(=O)Nc1cccc2ccccc12,0,0.045177,0.024689,0.008977
CC(C)N1[C@@H](CC(=O)O)C(=O)NC1=O,0,0.002623,0.041304,0.030584
CNC[C@H]1Oc2cc(ccc2S(=O)(=O)N(C[C@H]1C)[C@@H](C)CO)C#CCN(C)C,0,0.220491,0.024666,0.012673
C[C@H]1CN([C@@H](C)CO)C(=O)Cc2cc(ccc2O[C@@H]1CN(C)S(=O)(=O)c1cn(cn1)C)NC(=O)Nc1c(noc1C)C,0,0.010939,0.023512,0.004775
O[C@H]1COC[C@H]2O[C@@H](CC[C@@H]2N(C1)S(=O)(=O)c1ccc(cc1)F)CC(=O)N[C@H]1CCN(C1)Cc1ccccc1,0,0.270672,0.043537,0.010539
C[C@H]1[C@H](C[C@H]2[C@@H]1[C@@H](OC=C2C(=O)O)O[C@@H]1O[C@H](CO)[C@@H](O)[C@H](O)[C@H]1O)OC(=O)/C=C/c1ccc(cc1)O,0,0.380027,0.622065,0.553223
COc1ccc(cc1)CNC(=S)NCCO,0,0.078009,0.064511,0.057815
C[C@H]1CCCCO[C@@H](CN(C)Cc2ccc(cc2)C(F)(F)F)[C@@H](C)CN([C@@H](C)CO)C(=O)c2cc(ccc2O1)N(C)C,0,0.334249,0.073468,0.039412
C[C@H]1CCCCO[C@@H](CN(C)Cc2ccc3c(c2)OCO3)[C@@H](C)CN([C@@H](C)CO)C(=O)c2cc(ccc2O1)NC(=O)Nc1ccc(cc1)F,0,0.053632,0.025964,0.012076
C[C@H]1CN([C@H](C)CO)C(=O)c2cccc(c2O[C@H]1CN(C)Cc1ccc(cc1)C(F)(F)F)NC(=O)Nc1ccc(cc1)F,0,0.749417,0.192001,0.198242
C[C@H]1CN([C@@H](C)CO)C(=O)c2cc(ccc2O[C@@H]1CN(C)C(=O)Nc1ccc(cc1)C(F)(F)F)NS(=O)(=O)c1ccc(cc1)F,0,0.289221,0.116461,0.026735
COc1ccc(cc1)CN(C)C[C@H]1OCCCC[C@@H](C)Oc2ccc(cc2C(=O)N(C[C@@H]1C)[C@H](C)CO)NC(=O)CCCCCC(=O)Nc1ccccc1N,0,0.009140,0.028324,0.005874
COc1cccc(c1)C(=O)Nc1ccc2c(c1)C(=O)N(C)[C@@H]1CC[C@@H](CC(=O)NCCCN3CCOCC3)O[C@@H]1CO2,0,0.005844,0.022736,0.007111
C[C@H]1CCCCO[C@H](CN(C)C(=O)c2ccccc2)[C@@H](C)CN([C@H](C)CO)C(=O)c2cc(ccc2O1)NC(=O)NC1CCCCC1,0,0.003297,0.021891,0.003903
C[C@H]1CCCCO[C@@H](CN(C)S(=O)(=O)c2cccs2)[C@@H](C)CN([C@H](C)CO)C(=O)c2cc(ccc2O1)NC(=O)C1CCCCC1,0,0.001758,0.023685,0.004362
C[C@H]1CN([C@@H](C)CO)S(=O)(=O)c2ccc(cc2O[C@H]1CN(C)C(=O)c1ccccc1F)Br,0,0.265057,0.033812,0.013188
C[C@@H]1CN([C@@H](C)CO)C(=O)Cc2cc(ccc2O[C@H]1CN(C)S(=O)(=O)c1cccs1)NC(=O)Cn1cnnn1,0,0.002427,0.023046,0.007327
C[C@H]1CCCCO[C@H](CN(C)C(=O)Nc2cccc3ccccc23)[C@H](C)CN([C@@H](C)CO)C(=O)c2cc(ccc2O1)NS(=O)(=O)c1ccc(cc1)F,0,0.013998,0.024253,0.005772
C[C@H]1CN([C@H](C)CO)C(=O)c2cccc(c2O[C@H]1CN(C)Cc1ccncc1)NS(=O)(=O)c1c(noc1C)C,0,0.003782,0.024004,0.004287
OCCN(Cc1ccccc1)C(=O)C[C@@H](CC=C)C(=O)N[C@@H](COC(=O)[C@@H](CC=C)Cc1ccc(cc1)F)Cc1c[nH]c2ccccc12,0,0.019073,0.026128,0.019804
C[C@@H]1CN([C@H](C)CO)C(=O)c2cccc(c2O[C@@H]1CN(C)Cc1ccncc1)NC(=O)Nc1ccc(cc1)C(F)(F)F,0,0.412843,0.091803,0.074273
CCCN(C)C[C@H]1OCCCC[C@@H](C)Oc2ccc(cc2C(=O)N(C[C@H]1C)[C@@H](C)CO)NS(=O)(=O)c1cn(cn1)C,0,0.064512,0.024613,0.006755
C[C@@H]1CCCCO[C@H](CN(C)C(=O)C2CCCCC2)[C@@H](C)CN([C@@H](C)CO)C(=O)c2cc(ccc2O1)NS(=O)(=O)c1cccs1,0,0.003500,0.023865,0.004626
CO[C@H]1CN(C)C(=O)c2cc(ccc2OC[C@H](C)N(C[C@H]1C)C(=O)NC(C)C)NS(=O)(=O)CC(F)(F)F,0,0.016136,0.039520,0.011232
COc1ccc(cc1)S(=O)(=O)Nc1ccc2c(c1)CC(=O)N(C[C@@H](C)[C@H](CN(C)Cc1ccncc1)O2)[C@@H](C)CO,0,0.000495,0.023314,0.004076
O[C@H]1COC[C@@H]2O[C@@H](CC[C@H]2N(C1)S(=O)(=O)c1ccccc1F)CC(=O)NCc1ccccc1F,0,0.384909,0.043800,0.015245
C[C@@H]1CN([C@H](C)CO)C(=O)c2cccc(c2O[C@@H]1CN(C)Cc1ccc(cc1)C(=O)Nc1ccccc1N)NC(=O)Nc1cccc2ccccc12,0,0.014557,0.023363,0.006550
CNCCc1cnc[nH]1,0,0.168395,0.069412,0.027352
C[C@@H](O)C#Cc1ccc2c(c1)O[C@@H](CN(C)C(=O)Cc1ccccn1)[C@@H](C)CN([C@H](C)CO)S2(=O)=O,0,0.018794,0.025045,0.006243
COc1ccc(cc1)S(=O)(=O)N(C)C[C@H]1Oc2c(cccc2C(=O)N(C[C@@H]1C)[C@@H](C)CO)N(C)C,0,0.018052,0.029239,0.013633
Cc1ccc(c(c1)S(=O)(=O)N)C,0,0.000001,0.067644,0.012113
CC(=O)O[C@@H]1CC[C@]2(C)[C@H]3CC[C@@]4(C)[C@@H](OC(=O)C=C4[C@]3(C)[C@@H](C[C@H]2C1(C)C)OC(=O)C)c1ccoc1,0,0.254918,0.068072,0.116462
COc1ccc(cc1)CN(C)C[C@@H]1OCCCC[C@H](C)Oc2ccc(cc2C(=O)N(C[C@@H]1C)[C@@H](C)CO)NC(=O)c1ccccc1,0,0.004326,0.022738,0.004484
CC1=C[C@H]2O[C@@H]3[C@H](O)[C@@H](O[C@H]4O[C@H](CO)[C@@H](O)[C@H](O)[C@H]4O)[C@](C)([C@@]2(CO)CC1)[C@@]13CO1,0,0.621274,0.329564,0.248860
O=C(NCCc1c[nH]c2ccccc12)C12OC3(COC[C@@H](N3C2=O)c2ccccc2)[C@@H]2[C@H]1C(=O)N(C2=O)c1ccccc1,0,0.053503,0.121686,0.165778
CN(Cc1ccccn1)C(=O)[C@]12COC[C@@H]2CN(C1)S(=O)(=O)C,0,0.004329,0.026337,0.007287
OC[C@H]1O[C@H]([C@H](O)[C@@H]1O)N1C=CC=NC1=O,0,0.480326,0.302203,0.207763
C[C@H]1CN([C@@H](C)CO)S(=O)(=O)c2ccc(cc2O[C@@H]1CN(C)S(=O)(=O)C)-c1ccccc1F,0,0.024970,0.025616,0.007519
COCC#Cc1ccc2c(c1)O[C@@H](CN(C)Cc1ccc(cc1)F)[C@@H](C)CN([C@@H](C)CO)S2(=O)=O,0,0.174720,0.030158,0.008746
CCS(=O)(=O)Nc1ccc2c(c1)C(=O)N(C)[C@@H]1CC[C@H](CC(=O)N3CCN(C)CC3)O[C@@H]1CO2,0,0.010471,0.160558,0.009164
COc1cccc(c1)NC(=O)N(C)C[C@H]1OCc2ccccc2-c2c(n(c3ccccc23)C)C(=O)N(C[C@@H]1C)[C@@H](C)CO,0,0.014899,0.028865,0.010389
C[C@H]1CCCCO[C@@H](CN(C)CC2CCCCC2)[C@H](C)CN([C@H](C)CO)C(=O)c2cc(ccc2O1)NC(=O)CCCN(C)C,0,0.109419,0.032851,0.014015
C[C@H]1CN([C@H](C)CO)C(=O)c2cc(cnc2O[C@H]1CN(C)S(=O)(=O)c1cccs1)-c1ccccc1,0,0.001366,0.025078,0.006799
C[C@H](O)CC(=O)O,0,0.000256,0.047046,0.035559
COc1ccc(cc1)[Si](C)(C)[C@@H]1[C@@H](C)[C@]2(O[C@H]1CCOC(=O)NCCCCCC(=O)NO)C(=O)N(Cc1ccccc1)c1ccc(cc12)NC(=O)[C@@H](C)OC(=O)NCCCCCC(=O)NO,0,0.000000,0.085664,0.042520
O=C1CC(=O)NC(=NC#N)N1,0,0.000003,0.052761,0.044140
CC(N)(Cc1ccc(c(c1)O)O)C(=O)O,0,0.529268,0.052013,0.044889
C[C@@H]1CN([C@H](C)CO)C(=O)c2cc(ccc2O[C@@H]1CN(C)C(=O)Nc1cccc2ccccc12)NC(=O)C1CCCCC1,0,0.022316,0.025054,0.010628
ONC(=O)CCCCCNC(=O)OCc1ccc(cc1)CO[C@H]1C[C@H](C=C(O1)C(=O)N1CCN(CC1)Cc1ccc2c(c1)OCO2)c1ccc(cc1)Br,0,0.000023,0.049441,0.025159
C[C@H]1CN([C@H](C)CO)C(=O)Cc2cc(ccc2O[C@@H]1CN(C)Cc1ccc(cc1)C(F)(F)F)NS(=O)(=O)c1ccc(cc1)C,0,0.012955,0.027391,0.008096
C[C@@H](COC(=O)[C@@H](CC=C)NC(=O)OCC1c2ccccc2-c2ccccc21)NC(=O)[C@@H](CC=C)CC(=O)NCCO,0,0.000492,0.149063,0.105738
COc1ccc(cc1)[Si](C)(C)[C@@H]1[C@@H](C)[C@@]2(O[C@H]1CCO)C(=O)N(Cc1ccc(cc1)N1C(=O)c3ccccc3Oc3ccccc31)c1ccccc12,0,0.004994,0.036436,0.025808
O[C@H]1COC[C@H]2O[C@@H](CC[C@@H]2N(C1)Cc1ccccc1F)CC(=O)N[C@@H]1CCN(C1)Cc1ccccc1,0,0.215508,0.041711,0.026028
C[C@H]1CN([C@H](C)CO)S(=O)(=O)c2ccc(cc2O[C@H]1CN(C)C(=O)c1ccncc1)-c1cccc(c1)C#N,0,0.000603,0.023311,0.004238
C[C@H]1CN([C@H](C)CO)C(=O)c2cc(cnc2O[C@H]1CN(C)C(=O)Cc1ccncc1)C#CC1(O)CCCC1,0,0.008338,0.036331,0.012571
C[C@@H]1CCCCO[C@H](CN(C)Cc2ccncc2)[C@@H](C)CN([C@@H](C)CO)C(=O)c2cc(ccc2O1)NS(=O)(=O)c1ccc(cc1)C,0,0.002081,0.024560,0.004965
C[C@@H]1CN([C@H](C)CO)C(=O)Cc2cc(ccc2O[C@@H]1CN(C)S(=O)(=O)c1cccs1)NS(=O)(=O)c1ccc(cc1)F,0,0.001935,0.023583,0.007502
COc1cc2nc(nc(c2cc1OC)Nc1ccc(c(c1)Cl)F)N1CCCN(CC1)Cc1ccccc1,0,0.844648,0.757981,0.595254
C[C@H]1CN([C@H](C)CO)C(=O)c2cc(ccc2O[C@@H]1CN(C)S(=O)(=O)c1cn(cn1)C)NC(=O)NC1CCCCC1,0,0.024587,0.023854,0.004749
C[C@@H]1CN([C@@H](C)CO)C(=O)c2cccc(c2O[C@@H]1CN(C)S(=O)(=O)C)NC(=O)CCCCCC(=O)Nc1ccccc1N,0,0.013834,0.039705,0.006473
Fc1cccc(c1)-c1csc(n1)COc1ccccc1Cl,0,0.625846,0.617735,0.484841
OC(=O)c1ccc(cc1)S(=O)(=O)N(Cc1ccc(cc1)OC(F)(F)F)c1ncc(cc1Cl)C(F)(F)F,1,0.971624,0.638725,0.342446
Nc1nc(c2c[nH]nc2n1)N1CCC[C@H](C1)Cn1cc(nn1)CO,0,0.669946,0.062438,0.044330
C[C@@H]1CCCCO[C@H](CN(C)C(=O)NC2CCCCC2)[C@@H](C)CN([C@@H](C)CO)C(=O)c2cc(ccc2O1)NC(=O)NC1CCCCC1,0,0.010645,0.024799,0.007224
C[C@H]1CCCCO[C@H](CN(C)C(=O)Nc2ccc(cc2)C(F)(F)F)[C@@H](C)CN([C@H](C)CO)C(=O)c2cc(ccc2O1)NC(=O)Nc1ccc(cc1)F,0,0.779769,0.041218,0.024002
COc1ccc(cc1)CN(C)C[C@H]1OCCCC[C@H](C)Oc2ccc(cc2C(=O)N(C[C@H]1C)[C@H](C)CO)NC(=O)Nc1ccc(cc1)C(F)(F)F,0,0.452242,0.035286,0.015985
CN1[C@H]2CC[C@H](CC(=O)Nc3ccc4c(c3)CCCC4)O[C@@H]2COc2ccc(cc2C1=O)NC(=O)Nc1c(noc1C)C,0,0.046012,0.029100,0.017052
C[C@@H]1CCCCO[C@@H](CN(C)S(=O)(=O)c2ccccc2)[C@@H](C)CN([C@@H](C)CO)C(=O)c2cc(ccc2O1)NC(=O)Nc1c(noc1C)C,0,0.005106,0.023331,0.004379
C[C@H]1CN([C@@H](C)CO)C(=O)c2cc(ccc2O[C@H]1CN(C)S(=O)(=O)c1ccccc1)NC(=O)Cn1cnnn1,0,0.029493,0.024917,0.006313
CC1=CC(=CC(=O)O1)O,0,0.113929,0.066729,0.032477
CC(C)CN1C(=O)[C@]2(CC(=O)N(CC34CC5CC(CC(C5)C4)C3)[C@@H]2c2ccc(cc21)CO)c1ccc(cc1)[N+](=O)[O-],0,0.533081,0.239200,0.231706
C[C@@H]1CN([C@@H](C)CO)S(=O)(=O)c2ccc(cc2O[C@H]1CN(C)C(=O)c1cnccn1)C1=CCCC1,0,0.021544,0.023676,0.006452
COc1ccc2c3c([nH]c2c1)[C@H](CO)N(Cc1ccc(cc1)Cl)C[C@]13CN(CCc2ccccc2)C1,1,0.504241,0.916070,0.947164
C[C@@H]1CCCCO[C@H](CN(C)Cc2ccc(cc2)C(F)(F)F)[C@H](C)CN([C@@H](C)CO)C(=O)c2cc(ccc2O1)NC(=O)c1ccccc1,0,0.049527,0.021891,0.007677
Cc1ccc(cc1)S[C@@]1(CC(=O)N(Cc2cc(cc(c2)C(F)(F)F)C(F)(F)F)[C@@H]1c1ccc(cc1I)CO)C(=O)NCCN1CCOCC1,0,0.910176,0.196289,0.046278
C[C@H]1CN([C@H](C)CO)C(=O)CCCn2nncc2CO[C@H]1CN(C)C(=O)Nc1cccc(c1)C(F)(F)F,1,0.753259,0.916205,0.932207
COc1ccc(cc1)NC(=O)N(C)C[C@@H]1Oc2ccc(cc2C(=O)N(C[C@H]1C)[C@@H](C)CO)NC(=O)Cn1cnnn1,0,0.080837,0.023583,0.006834
C[C@H]1CN([C@H](C)CO)C(=O)c2cc(ccc2O[C@H]1CN(C)S(=O)(=O)c1ccc(cc1)Cl)NC(=O)Nc1cccc2ccccc12,0,0.055296,0.024484,0.008367
CN1[C@@H]2CC[C@H](CC(=O)NCC(F)(F)F)O[C@H]2COc2ccc(cc2C1=O)NC(=O)c1cccs1,0,0.064593,0.187672,0.216339
C[C@@H]1CN([C@@H](C)CO)C(=O)CCCn2cc(nn2)CO[C@H]1CN(C)S(=O)(=O)c1ccc(cc1)-n1cccn1,0,0.019509,0.024163,0.005026
NNC(=O)CCCCCCC(=O)NO,0,0.096207,0.046710,0.030881
C[C@H]1CN([C@H](C)CO)C(=O)CCCn2cc(nn2)CO[C@@H]1CN(C)C(=O)CCCN(C)C,0,0.033080,0.025037,0.005711
C[C@@H]1CN([C@H](C)CO)C(=O)c2cc(ccc2O[C@@H]1CN(C)C(=O)NC1CCCCC1)NC(=O)CCCN(C)C,0,0.023985,0.023655,0.007373
C[C@@H]1CCCCO[C@H](CN(C)C(=O)Cc2ccccc2)[C@@H](C)CN([C@H](C)CO)C(=O)c2cc(ccc2O1)NC(=O)Nc1ccc(cc1)C(F)(F)F,0,0.203440,0.032298,0.018184
Nc1nc(ncc1C(=O)O)C(F)(F)F,0,0.637363,0.172164,0.157244
CS(=O)(=O)NCCc1ccccc1,0,0.010120,0.079813,0.019156
C[C@H]1CN([C@H](C)CO)C(=O)Cc2cc(ccc2O[C@@H]1CN(C)S(=O)(=O)c1cn(cn1)C)N(C)C,0,0.015997,0.022727,0.006211
COc1ccc(cc1)NC(=O)Nc1ccc2c(c1)C(=O)N(C[C@@H](C)[C@@H](CN(C)Cc1ccc3c(c1)OCO3)OCCCC[C@H](C)O2)[C@@H](C)CO,0,0.012256,0.021934,0.005530
CC(C)NC(=O)Nc1ccc2c(c1)C(=O)N(C[C@@H](C)[C@H](CN(C)Cc1ccccc1)OCCCC[C@@H](C)O2)[C@H](C)CO,0,0.017550,0.031466,0.011797
C[C@@H]1CCCCO[C@@H](CN(C)Cc2ccc(cc2)C(F)(F)F)[C@H](C)CN([C@H](C)CO)C(=O)c2cc(ccc2O1)NC(=O)CCC(F)(F)F,0,0.378911,0.029264,0.016398
CNC(=O)c1cc(ccc1F)N,0,0.198509,0.044580,0.020128
COCC(=O)N1C[C@H](C)[C@H](CN(C)C(=O)c2ccc(cc2OC[C@@H]1C)NC(=O)Nc1ccccc1)OC,0,0.008736,0.025915,0.009059
C[C@@H]1CN([C@@H](C)CO)C(=O)c2cc(ccc2O[C@@H]1CN(C)S(=O)(=O)c1ccccc1)NS(=O)(=O)c1cn(cn1)C,0,0.024148,0.024850,0.005812
C[C@H]1CN([C@@H](C)CO)C(=O)Cc2cc(ccc2O[C@@H]1CN(C)S(=O)(=O)c1cn(cn1)C)NC(=O)NC1CCCCC1,0,0.009036,0.023953,0.004843
C[C@@H]1CCCCO[C@H](CN(C)C(=O)Nc2ccc(cc2)F)[C@@H](C)CN([C@H](C)CO)C(=O)c2cc(ccc2O1)NC(=O)Nc1cccc2ccccc12,0,0.078092,0.022480,0.005643
C[C@H]1CN([C@H](C)CO)C(=O)c2cc(cnc2O[C@@H]1CN(C)C(=O)c1ccc2c(c1)OCO2)C1=CCCC1,0,0.001099,0.022219,0.006630
C[C@H]1CC/C=C\[C@H]2O[C@]34C=CCN(CCN5CCOCC5)C(=O)[C@H]4N(CCCO)C(=O)[C@@H]3[C@@H]2C(=O)O1,0,0.082918,0.272490,0.162298
C[C@H]1CCCCO[C@H](CN(C)S(=O)(=O)c2ccc(cc2)F)[C@@H](C)CN([C@@H](C)CO)C(=O)c2cc(ccc2O1)NS(=O)(=O)c1ccc(cc1)C,0,0.010166,0.023541,0.005939
CC(C)NC(=O)N(C)C[C@H]1Oc2c(cccc2C(=O)N(C[C@@H]1C)[C@@H](C)CO)NC(=O)Nc1ccc2c(c1)OCO2,0,0.038878,0.022558,0.009989
COc1ccc(cc1)NC(=O)Nc1ccc2c(c1)C(=O)N(C[C@@H](C)[C@H](CN(C)S(=O)(=O)c1ccc(cc1)C)OCCCC[C@H](C)O2)[C@@H](C)CO,0,0.006919,0.023473,0.004307
Cc1ccc(cc1)C(=O)N1c2ccccc2Sc2ccccc21,0,0.788049,0.213889,0.197520
COCCOC(=O)N1C(=O)[C@]2([C@@H]([C@@H]3N([C@H]([C@H](OC3=O)c3ccccc3)c3ccccc3)[C@@H]2c2ccc(cc2)O)C(=O)NC[C@H](O)c2ccccc2)c2cc(ccc21)C#CC1=CCCCC1,0,0.568232,0.163120,0.048275
COc1ccc2c(c1)C(=O)NC(=O)N2,1,0.726788,0.111610,0.049603
CC1CCC2C(C)(CO)C(O)CCC2(C)C12CCC(CO)(CCO)O2,0,0.765815,0.093343,0.161905
C[C@@H]1CN([C@H](C)CO)C(=O)Cc2cc(ccc2O[C@@H]1CN(C)CC1CC1)NS(=O)(=O)c1ccccc1,0,0.005081,0.027497,0.006031
C[C@H]1CN([C@H](C)CO)C(=O)Cc2cc(ccc2O[C@@H]1CN(C)C(=O)Nc1ccc(cc1)C(F)(F)F)NC(=O)Nc1c(noc1C)C,0,0.415131,0.207059,0.224197
CC(C)(N)c1cn(nn1)CC1CCN(CC1)C(=O)c1ccccc1-n1cccn1,0,0.941847,0.078676,0.066061
C[C@H]1CN([C@H](C)CO)C(=O)Cc2cc(ccc2O[C@@H]1CN(C)Cc1ccc(cc1)-c1ccccc1)NC(=O)Cc1ccccc1,0,0.012642,0.029299,0.011489
C[C@H]1CCCCO[C@@H](CN(C)C(=O)Cc2ccccc2)[C@@H](C)CN([C@H](C)CO)C(=O)c2cc(ccc2O1)NS(=O)(=O)c1ccc(cc1)Cl,0,0.002648,0.023682,0.004683
OC[C@@H]1O[C@@H](CC[C@@H]1NC(=O)CN1CCOCC1)CCn1cc(nn1)C1CCCC1,0,0.411846,0.028657,0.016126
CN(C)CCNC(=O)COc1c2cccc1Cc1cccc(c1OCC(=O)NCCN(C)C)Cc1cccc(c1OCC(=O)NCCN(C)C)Cc1cccc(c1OCC(=O)NCCN(C)C)C2,0,0.975416,0.050610,0.028780
CCCNC(=O)N1C[C@@H](O)COC[C@@H]2O[C@H](CC[C@H]21)CC(=O)NCc1ccncn1,0,0.442168,0.028717,0.016747
C[C@H]1CCCCO[C@H](CN(C)S(=O)(=O)c2ccc(cc2)F)[C@@H](C)CN([C@H](C)CO)C(=O)c2cc(ccc2O1)NC(=O)c1ccccc1,0,0.002266,0.023301,0.004477
C[C@H]1CN([C@@H](C)CO)C(=O)Cc2cc(ccc2O[C@@H]1CN(C)CC1CCCCC1)NC(=O)CCN1CCOCC1,0,0.012649,0.028190,0.008259
C[C@@H]1CN([C@@H](C)CO)C(=O)Cc2cc(ccc2O[C@@H]1CN(C)S(=O)(=O)c1cccs1)NS(=O)(=O)c1cn(cn1)C,0,0.002976,0.024238,0.005014
CC[C@H](C)[C@@H]1N(C)C(=O)CN(C)C(=O)[C@H](CC)NC(=O)[C@H]([C@H](O)[C@H](C)C/C=C/C)N(C)C(=O)[C@H](C(C)C)N(C)C(=O)[C@H](CC(C)C)N(C)C(=O)[C@H](CC(C)C)N(C)C(=O)[C@@H](C)NC(=O)[C@H](C)NC(=O)[C@H](CC(C)C)N(C)C(=O)[C@@H](NC1=O)C(C)C,0,0.986991,0.548162,0.144417
C[C@H]1CN([C@@H](C)CO)C(=O)Cc2cc(ccc2O[C@H]1CN(C)Cc1ccc(cc1)C(=O)O)NC(=O)Cn1cnnn1,0,0.118708,0.052289,0.022720
C[C@@H]1CCCCO[C@@H](CN(C)Cc2ccncc2)[C@H](C)CN([C@@H](C)CO)C(=O)c2cc(ccc2O1)NC(=O)Nc1ccc(cc1)F,0,0.037505,0.022759,0.009497
COc1ccc(cc1)NC(=O)Nc1cccc2c1O[C@H](CN(C)C(=O)Nc1cccc3ccccc13)[C@H](C)CN([C@H](C)CO)C2=O,0,0.067933,0.025391,0.011836
C[C@@H]1CCCCO[C@@H](CN(C)S(=O)(=O)c2ccccc2)[C@@H](C)CN([C@H](C)CO)C(=O)c2cc(ccc2O1)NC(=O)CCCCCC(=O)Nc1ccccc1N,0,0.001070,0.025806,0.004212
C[C@H]1CN([C@H](C)CO)S(=O)(=O)c2ccc(cc2O[C@@H]1CN(C)C(=O)Nc1cccc(c1)F)C#CC1(O)CCCC1,0,0.176170,0.030312,0.007973
C[C@H]1CN([C@@H](C)CO)C(=O)c2cccc(c2O[C@@H]1CN(C)Cc1ccc(cc1)Oc1ccccc1)NC(=O)C1CCOCC1,0,0.012128,0.031056,0.009758
Cc1cn[nH]c1,0,0.013530,0.055558,0.030970
C[C@@H]1CN([C@H](C)CO)C(=O)Cc2cc(ccc2O[C@H]1CN(C)Cc1ccc(c(c1)Cl)Cl)NC(=O)Cc1cn(c2ccccc12)C,0,0.062215,0.029061,0.008273
CC(C)NC(=O)Nc1ccc2c(c1)CC(=O)N(C[C@@H](C)[C@H](CN(C)Cc1ccc3c(c1)OCO3)O2)[C@H](C)CO,0,0.016424,0.024649,0.007234
CC(C)NC(=O)N(C)C[C@H]1OCCCC[C@H](C)Oc2ccc(cc2C(=O)N(C[C@H]1C)[C@@H](C)CO)NS(=O)(=O)c1cn(cn1)C,0,0.016358,0.024529,0.004742
CN([C@@H](c1ccccc1C)c1ncccc1C)C(=O)C1CCN(CCOc2ccc(cc2Cl)Cl)CC1,1,0.970427,0.886789,0.864113
C[C@H]1CCCCO[C@H](CN(C)CC2CCCCC2)[C@H](C)CN([C@@H](C)CO)C(=O)c2cc(ccc2O1)NC(=O)c1ccncc1,0,0.011336,0.024573,0.005280
C[C@@H]1CCCCO[C@@H](CN(C)C(=O)CCCN(C)C)[C@H](C)CN([C@@H](C)CO)C(=O)c2cc(ccc2O1)NC(=O)Nc1cccc2ccccc12,0,0.047285,0.021901,0.003984
CCCNC(=O)N1C[C@@H](O)COC[C@@H]2O[C@@H](CC[C@H]21)CC(=O)N1CCN(C)CC1,0,0.633512,0.041585,0.022587
C[C@H]1CCCCO[C@@H](CN(C)Cc2ccncc2)[C@@H](C)CN([C@@H](C)CO)C(=O)c2cc(ccc2O1)NC(=O)Nc1cccc2ccccc12,0,0.010179,0.022838,0.005113
Cc1cc2n(n1)CCN(C2)C(=O)[C@H]1CC[C@@H](N)C1,0,0.015069,0.036017,0.013669
FC(F)Oc1cccc(c1)S(=O)(=O)NC(=O)Cn1cc(nn1)COc1ccc(c(c1)Cl)Cl,0,0.424948,0.045188,0.052331
CC(=O)c1ccc(S(=O)(=O)NC(=O)NC2CCCCC2)cc1,0,0.261271,0.052591,0.033540
C/C=C/C(=O)c1cc(ccc1O)Cl,0,0.771355,0.115270,0.090839
COc1ccc(cc1)NC(=O)N(C)C[C@H]1OCCCC[C@H](C)Oc2ccc(cc2C(=O)N(C[C@@H]1C)[C@H](C)CO)NC(=O)Nc1cccc2ccccc12,0,0.020163,0.023585,0.003912
C[C@@H]1CCCCO[C@@H](CN(C)C(=O)C2CCCCC2)[C@@H](C)CN([C@H](C)CO)C(=O)c2cc(ccc2O1)NC(=O)c1ccccc1,0,0.002132,0.022503,0.005196
C[C@H]1CCCCO[C@H](CN(C)C(=O)Nc2ccc(cc2)C(F)(F)F)[C@@H](C)CN([C@@H](C)CO)C(=O)c2cc(ccc2O1)NC(=O)Nc1ccc(cc1)F,0,0.779769,0.041218,0.024002
OC[C@@H]1CCCN1,0,0.002021,0.031186,0.017583
C[C@H]1CN([C@@H](C)CO)C(=O)c2cc(ccc2O[C@H]1CN(C)S(=O)(=O)c1c(noc1C)C)NS(=O)(=O)c1ccc(cc1)C,0,0.015532,0.025604,0.007138
C[C@@H]1CN([C@@H](C)CO)C(=O)Cc2cc(ccc2O[C@@H]1CN(C)Cc1ccc2c(c1)OCO2)NS(=O)(=O)c1ccccc1,0,0.000431,0.023303,0.004875
COc1cccc(c1)C#Cc1ccc2c(c1)O[C@H](CN(C)C(=O)c1ccccn1)[C@H](C)CN([C@@H](C)CO)S2(=O)=O,0,0.023017,0.023811,0.004834
CC(C)NC(=O)Nc1ccc2c(c1)CC(=O)N(C[C@@H](C)[C@@H](CN(C)C(=O)Nc1c(noc1C)C)O2)[C@@H](C)CO,0,0.024178,0.028665,0.010378
C[C@@H]1CCCCO[C@H](CN(C)Cc2ccncc2)[C@@H](C)CN([C@H](C)CO)C(=O)c2cc(ccc2O1)NC(=O)Cc1ccccc1,0,0.002748,0.021941,0.004408
C[C@@H]1CN([C@H](C)CO)C(=O)c2cccc(c2O[C@H]1CN(C)C(=O)Nc1cccc2ccccc12)NS(=O)(=O)c1ccc(cc1)F,0,0.040649,0.033625,0.011487
C[C@H]1CN([C@H](C)CO)C(=O)c2cc(cnc2O[C@H]1CN(C)Cc1ccc(cc1)Oc1ccccc1)-c1cccnc1,0,0.002718,0.031540,0.012190
COc1ccsc1CN,0,0.088502,0.035793,0.019255
C[C@@H]1CN([C@@H](C)CO)C(=O)c2c(c3ccccc3n2C)-c2ccccc2CO[C@@H]1CN(C)C(=O)Nc1ccc(cc1)-c1ccccc1,0,0.037040,0.054050,0.023502
C[C@@H]1CCCCO[C@H](CN(C)Cc2ccc3c(c2)OCO3)[C@@H](C)CN([C@H](C)CO)C(=O)c2cc(ccc2O1)NC(=O)Nc1c(noc1C)C,0,0.019534,0.025426,0.006327
C[C@H]1CN([C@@H](C)CO)C(=O)Cc2cc(ccc2O[C@@H]1CN(C)S(=O)(=O)c1cn(cn1)C)NC(=O)Nc1ccccc1,0,0.009051,0.023536,0.004315
CC(C)NC(=O)Nc1cccc2c1O[C@H](CN(C)Cc1ccc3c(c1)OCO3)[C@H](C)CN([C@H](C)CO)C2=O,0,0.019577,0.025766,0.010082
C[C@H]1CN([C@H](C)CO)C(=O)Cc2cc(ccc2O[C@H]1CN(C)S(=O)(=O)C)NS(=O)(=O)C,0,0.003135,0.023326,0.006609
C[C@H]1CN([C@@H](C)CO)C(=O)c2cccc(c2O[C@@H]1CN(C)C(=O)Nc1c(noc1C)C)NC(=O)C1CCOCC1,0,0.068864,0.021752,0.005518
C[C@H]1CN([C@@H](C)CO)C(=O)c2cc(cnc2O[C@@H]1CN(C)Cc1ccccn1)C#Cc1cccc(c1)F,0,0.034332,0.031466,0.011142
Cc1cc(O)cc(C)c1Cl,0,0.588420,0.168264,0.118142
C[C@@H]1CN([C@H](C)CO)C(=O)c2cccc(c2O[C@@H]1CN(C)C(=O)Nc1ccc2c(c1)OCO2)NS(=O)(=O)C,0,0.013785,0.023789,0.007173
COc1ccc(cc1)NC(=O)Nc1ccc2c(c1)C(=O)N(C[C@H](C)[C@H](CN(C)C(=O)Cc1ccccc1)OCCCC[C@@H](C)O2)[C@@H](C)CO,0,0.004890,0.022261,0.004531
CN(C)CC(=O)N[C@@H]1CC[C@H](CCNS(=O)(=O)c2ccccc2)O[C@H]1CO,0,0.057918,0.028773,0.008826
OC[C@H]1O[C@@H](CC[C@H]1NC(=O)c1ccc(cc1)F)CC(=O)NCc1ccncn1,0,0.086012,0.053959,0.023771
NCc1ccc(cc1)-c1nc2ccccc2o1,0,0.543446,0.273188,0.181254
C[C@H]1CN([C@H](C)CO)C(=O)c2cc(ccc2O[C@@H]1CN(C)C(=O)NC1CCCCC1)NC(=O)CCN1CCOCC1,0,0.002269,0.022326,0.005091
C[C@@H]1CN([C@H](C)CO)C(=O)CCCn2cc(nn2)CO[C@@H]1CN(C)S(=O)(=O)c1ccc(cc1)-n1cccn1,0,0.019509,0.024163,0.005026
N#Cc1c(Cl)c(Cl)c(Cl)c(C#N)c1Cl,0,0.732741,0.343465,0.415134
C[C@@H]1CCCCO[C@@H](CN(C)Cc2ccc3c(c2)OCO3)[C@@H](C)CN([C@@H](C)CO)C(=O)c2cc(ccc2O1)NC(=O)C1CCCCC1,0,0.017768,0.024639,0.006740
CN(C)C(=O)[C@H]1[C@H](CO)[C@H]2CN3C(=O)C(=CC=C3[C@@H]1N2S(=O)(=O)c1cn(cn1)C)C1=CCCC1,0,0.006122,0.027981,0.011400
C[C@@H]1CCCCO[C@@H](CN(C)C(=O)Nc2ccc(cc2)C(F)(F)F)[C@H](C)CN([C@@H](C)CO)C(=O)c2cc(ccc2O1)NC(=O)c1ccncc1,0,0.126640,0.025083,0.012065
COc1ccc(cc1)S(=O)(=O)N(C)C[C@H]1Oc2ccc(cc2CC(=O)N(C[C@H]1C)[C@H](C)CO)NC(=O)C1CC1,0,0.006243,0.024419,0.005220
CC[C@@H](NC)C(=O)O,0,0.004351,0.027749,0.013439
CC(C)NC(=O)Nc1ccc2c(c1)C(=O)N(C[C@@H](C)[C@H](CN(C)S(=O)(=O)C)OCCCC[C@@H](C)O2)[C@H](C)CO,0,0.009439,0.032051,0.005380
CN[C@H]1[C@H](O)[C@@H](O)[C@H](CO)O[C@H]1O[C@H]1[C@@H](O[C@@H](C)[C@]1(O)CO)O[C@@H]1[C@@H](O)[C@H](O)[C@@H](NC(=N)N)[C@H](O)[C@H]1NC(=N)N.CN[C@H]1[C@H](O)[C@@H](O)[C@H](CO)O[C@H]1O[C@H]1[C@@H](O[C@@H](C)[C@]1(O)CO)O[C@@H]1[C@@H](O)[C@H](O)[C@@H](NC(=N)N)[C@H](O)[C@H]1NC(=N)N,0,0.974807,0.632701,0.422576
C[C@@H]1CCCCO[C@@H](CN(C)S(=O)(=O)c2cccs2)[C@@H](C)CN([C@H](C)CO)C(=O)c2cc(ccc2O1)NC(=O)CCCCCC(=O)Nc1ccccc1N,0,0.000990,0.025150,0.004485
COc1ccc(cc1)S(=O)(=O)Nc1ccc2c(c1)C(=O)N(C[C@H](C)[C@H](CN(C)C(=O)Nc1c(noc1C)C)OCCCC[C@@H](C)O2)[C@H](C)CO,0,0.007667,0.023331,0.004240
C[C@H]1CN([C@H](C)CO)C(=O)Cc2cc(ccc2O[C@H]1CN(C)CC1CCCCC1)NC(=O)Nc1ccc(cc1)F,0,0.184242,0.038845,0.020269
CN(C)CCC=C1c2ccccc2Sc2ccc(Cl)cc21.Cl,0,0.995516,0.704670,0.547333
C[C@@H](O)CN1C[C@H]2C[C@@H](C1)C1=CC=CC(=O)N1C2,0,0.323915,0.048192,0.020563
CCOC(=O)CNC1=NNC(=O)NC1=O,0,0.069214,0.068155,0.046335
C[C@@H]1CCCCO[C@H](CN(C)C(=O)Nc2ccccc2)[C@@H](C)CN([C@@H](C)CO)C(=O)c2cc(ccc2O1)NS(=O)(=O)c1ccc(cc1)F,0,0.012190,0.023301,0.004269
Cn1c(=O)cc(N2CCCC(N)C2)n(Cc2ccccc2C#N)c1=O.O=C(O)c1ccccc1,0,0.432749,0.404669,0.317018
NC(=O)c1ccnc(c1)N1CCN(C[C@@H](O)C1)C(=O)C1CCOCC1,0,0.130722,0.076546,0.022168
C[C@H]1CCCCO[C@@H](CN(C)CC2CCCCC2)[C@H](C)CN([C@@H](C)CO)C(=O)c2cc(ccc2O1)NC(=O)c1ccncc1,0,0.011336,0.024573,0.005280
N#C[C@@H](N1CCOCC1)c1ccccn1,0,0.004719,0.054962,0.019627
COc1ccc(cn1)-c1cc2c(c(n1)CCc1ccccc1)[Si](O[C@H]2c1ccccc1)(C(C)C)C(C)C,0,0.062444,0.373845,0.322437
C[C@@H]1CN([C@H](C)CO)C(=O)c2cc(cnc2O[C@@H]1CN(C)C(=O)C1CCOCC1)C#Cc1cccc(c1)F,0,0.074324,0.028807,0.005926
CCNC1CC(C)S(=O)(=O)c2sc(S(N)(=O)=O)cc21.Cl,0,0.000001,0.070609,0.020686
C[C@@H]1CCCCO[C@H](CN(C)C(=O)Nc2ccc(cc2)C(F)(F)F)[C@@H](C)CN([C@@H](C)CO)C(=O)c2cc(ccc2O1)NC(=O)NC1CCCCC1,0,0.411177,0.090466,0.044987
CS(=O)(=O)SCCN,0,0.004544,0.109469,0.076137
C[C@@H]1CN([C@H](C)CO)C(=O)c2cc(ccc2O[C@@H]1CN(C)S(=O)(=O)c1ccc(cc1)Cl)NS(=O)(=O)C,0,0.055357,0.025648,0.007788
OP(=O)(O)CN1C(=O)C(=O)Nc2cc(c(cc21)N1CCOCC1)C(F)(F)F,0,0.999707,0.385788,0.446084
C=C1CCC(=O)C(C)CCC2C1CC2(C)C,0,0.921349,0.195419,0.103776
COc1ccc(cc1)S(=O)(=O)N1C[C@H](O)COC[C@@H]2O[C@H](CC[C@H]21)CC(=O)NCCCN(C)C,0,0.428779,0.028332,0.011063
C[C@@H]1CN([C@H](C)CO)C(=O)c2cccc(c2O[C@@H]1CN(C)Cc1ccc(c(c1)Cl)Cl)NC(=O)C1CCCCC1,0,0.173549,0.042948,0.023706
C[C@H]1CN([C@@H](C)CO)C(=O)Cc2cc(ccc2O[C@@H]1CN(C)S(=O)(=O)c1ccc(cc1)C)NS(=O)(=O)C,0,0.004753,0.026089,0.006500
CC(C)NC(=O)Nc1ccc2c(c1)CC(=O)N(C[C@H](C)[C@@H](CN(C)Cc1ccc(cc1)C(=O)O)O2)[C@H](C)CO,0,0.071091,0.059558,0.019358
C[C@@H]1CN([C@H](C)CO)S(=O)(=O)c2ccc(cc2O[C@@H]1CN(C)C(=O)C1CCOCC1)C#Cc1ccncc1,0,0.038699,0.029572,0.005905
C[C@@H]1CN([C@H](C)CO)C(=O)c2cccc(c2O[C@@H]1CN(C)S(=O)(=O)C)NS(=O)(=O)c1cn(cn1)C,0,0.041355,0.024012,0.007062
CC(=CC[N+]1(C)CCCCC1)C,0,0.778519,0.057930,0.022705
CN1[C@H]2CC[C@H](CC(=O)NCc3ccccc3Cl)O[C@H]2COc2ccc(cc2C1=O)NC(=O)Nc1cccc(c1)C,0,0.139591,0.057764,0.052951
C[C@@H]1CCCCO[C@H](CN(C)Cc2ccc(c(c2)Cl)Cl)[C@@H](C)CN([C@@H](C)CO)C(=O)c2cc(ccc2O1)NS(=O)(=O)c1ccc(cc1)C,0,0.015320,0.024447,0.004475
COc1ccccc1C#Cc1cnc2c(c1)C(=O)N(C[C@@H](C)[C@H](CN(C)C(=O)CC1CC1)O2)[C@@H](C)CO,0,0.074712,0.021996,0.005559
C[C@H]1CN([C@@H](C)CO)C(=O)c2cccc(c2O[C@H]1CN(C)Cc1ccc(cc1)Oc1ccccc1)NS(=O)(=O)c1ccccc1,0,0.001623,0.035552,0.006806
CC1=CN([C@H]2C[C@H](N=[N+]=[N-])[C@@H](CO)O2)C(=O)NC1=O,0,0.978300,0.074649,0.170439
CN(C)CCCNC(=O)C[C@@H]1O[C@H](CO)[C@H](NC(=O)Cc2cccnc2)C=C1,0,0.040831,0.032236,0.012658
CN1CCN(CC1)C(=O)C[C@@H]1O[C@@H](CO)[C@@H](NC(=O)c2ccc3c(c2)OCO3)C=C1,0,0.050586,0.038400,0.013914
COc1ccc(cc1)S(=O)(=O)N(C)C[C@H]1OCCCC[C@H](C)Oc2ccc(cc2C(=O)N(C[C@@H]1C)[C@@H](C)CO)NC(=O)Nc1ccccc1,0,0.007235,0.023490,0.004114
Fc1ccc(c(c1)F)-n1cccc1,0,0.506461,0.183712,0.098807
COc1ccc(cc1)CN(C)C[C@H]1Oc2ccc(cc2C(=O)N(C[C@@H]1C)[C@H](C)CO)NS(=O)(=O)C,0,0.007876,0.024562,0.008277
NNC(=O)c1ccc(o1)CN1CCCCC1,0,0.151540,0.035665,0.024394
C[C@H]1CN([C@H](C)CO)C(=O)c2cc(ccc2O[C@H]1CN(C)S(=O)(=O)c1c(noc1C)C)NS(=O)(=O)C,0,0.020876,0.024245,0.007884
COc1ccc(cc1)S(=O)(=O)N(C)C[C@H]1OCCCC[C@H](C)Oc2ccc(cc2C(=O)N(C[C@H]1C)[C@@H](C)CO)NC(=O)Nc1ccccc1,0,0.007235,0.023490,0.004114
C[C@@H]1CN([C@@H](C)CO)C(=O)c2cccc(c2O[C@H]1CN(C)C(=O)Nc1ccc(cc1)F)NC(=O)Nc1ccc(cc1)C(F)(F)F,1,0.953205,0.877605,0.899667
OC[C@@H]1O[C@H](CCNS(=O)(=O)c2cccc(c2)F)CC[C@H]1NS(=O)(=O)c1cccc(c1)Cl,0,0.245258,0.037663,0.020506
Nc1nc(N)nc(-c2cc(Cl)ccc2Cl)n1.O=C(O)C=CC(=O)O,0,0.971614,0.339776,0.228967
C[C@@H]1CN([C@@H](C)CO)C(=O)c2cc(ccc2O[C@H]1CN(C)CC1CC1)NS(=O)(=O)c1ccc(cc1)F,0,0.033345,0.027810,0.009462
C[C@H]1CN([C@H](C)CO)C(=O)c2cccc(c2O[C@@H]1CN(C)S(=O)(=O)c1ccccc1)NS(=O)(=O)c1cccs1,0,0.007246,0.031417,0.007356
COc1ccc(cc1)NC(=O)Nc1cccc2c1O[C@@H](CN(C)Cc1ccc(c(c1)Cl)Cl)[C@@H](C)CN([C@@H](C)CO)C2=O,0,0.241825,0.029455,0.009200
OCCc1ccc(s1)C(=O)O,0,0.061984,0.137600,0.069411
CC(C)=CCCC1(C)C=Cc2c(O)c3c(c(CC=C(C)C)c2O1)OC12C(=CC4CC1C(C)(C)OC2(CC=C(C)C(=O)O)C4=O)C3=O,0,0.987114,0.918425,0.860178
CNC(=O)c1ccc(cc1)CO,0,0.017208,0.035809,0.026607
C[C@H]1CN([C@@H](C)CO)C(=O)Cc2cc(ccc2O[C@H]1CN(C)Cc1ccc(cc1)Oc1ccccc1)NC(=O)CCCN(C)C,0,0.018993,0.030732,0.007932
C[C@H](O)C#Cc1ccc2c(c1)O[C@@H](CN(C)C(=O)c1ccncc1)[C@@H](C)CN([C@@H](C)CO)S2(=O)=O,0,0.024520,0.023404,0.005857
C[C@@H]1CCCCO[C@@H](CN(C)Cc2ccncc2)[C@H](C)CN([C@@H](C)CO)C(=O)c2cc(ccc2O1)NS(=O)(=O)c1ccc(cc1)C,0,0.002081,0.024560,0.004965
C[C@H]1CCCCO[C@@H](CN(C)Cc2ccc3c(c2)OCO3)[C@H](C)CN([C@@H](C)CO)C(=O)c2cc(ccc2O1)NC(=O)NC1CCCCC1,0,0.021044,0.023617,0.005857
C[C@@H]1CN([C@H](C)CO)C(=O)c2cccc(c2O[C@@H]1CN(C)Cc1ccc(c(c1)Cl)Cl)NC(=O)NC1CCCCC1,0,0.188504,0.041821,0.017680
COc1ccc(cc1)NC(=O)Nc1ccc2c(c1)C(=O)N(C[C@H](C)[C@H](CN(C)C(=O)NC(C)C)OCCCC[C@@H](C)O2)[C@@H](C)CO,0,0.014540,0.028153,0.006393
COc1cc2c(cc1OC)-c1cc3ccc(OC)c(OC)c3c[n+]1CC2.[Cl-],0,0.400051,0.391589,0.099610
CCN(Cc1cccc(c1)Br)c1c(nc2ccc(cn12)C(=O)Nc1ccc(cc1)C(=O)N)CC,0,0.793082,0.585141,0.555636
C[C@@H]1CCCCO[C@H](CN(C)C(=O)c2ccncc2)[C@@H](C)CN([C@H](C)CO)C(=O)c2cc(ccc2O1)NS(=O)(=O)c1cn(cn1)C,0,0.003662,0.023319,0.004294
C[C@@H]1CN([C@H](C)CO)C(=O)c2cccc(c2O[C@H]1CN(C)Cc1ccc(cc1)C(=O)Nc1ccccc1N)NC(=O)C1CCCCC1,0,0.009687,0.030423,0.009307
Oc1c(Cl)cc(Cl)cc1Sc1cc(Cl)cc(Cl)c1O,0,0.997935,0.917557,0.953246
C[C@H]1CN([C@@H](C)CO)C(=O)c2cc(ccc2O[C@@H]1CN(C)C(=O)Nc1ccc2c(c1)OCO2)NC(=O)CCCN(C)C,0,0.021983,0.022381,0.004558
Oc1c(I)cc(I)c2cccnc12,0,0.489838,0.336335,0.354295
C[C@@H]1CCCCO[C@H](CN(C)S(=O)(=O)c2ccc(cc2)F)[C@@H](C)CN([C@H](C)CO)C(=O)c2cc(ccc2O1)NC(=O)Nc1ccc(cc1)C(F)(F)F,0,0.371928,0.092053,0.010299
C[C@@H]1CN([C@@H](C)CO)C(=O)c2cc(ccc2O[C@H]1CN(C)Cc1ccc(cc1)C(F)(F)F)NC(=O)Nc1ccc(cc1)F,0,0.552315,0.153804,0.216046
Cc1ccccc1S(=O)(=O)N1C[C@H](O)COC[C@H]2O[C@@H](CC[C@@H]21)CC(=O)N1CCC(CC1)Cc1ccccc1,0,0.258751,0.075711,0.019478
C[C@H]1CN([C@H](C)CO)C(=O)c2cc(ccc2O[C@@H]1CN(C)C(=O)Nc1ccc(cc1)C(F)(F)F)NC(=O)Cc1cn(c2ccccc12)C,0,0.470439,0.130222,0.043787
CC(=O)OC1CCC2(C)C(CC(OC(C)=O)C3(C)C2CCC2(C)C(c4ccoc4)OC(=O)C4OC423)C1(C)C,0,0.260163,0.187536,0.138594
O[C@@H]1COC[C@@H]2O[C@@H](CC[C@H]2N(C1)S(=O)(=O)c1ccc(cc1)Cl)CC(=O)N[C@H]1CCN(C1)Cc1ccccc1,0,0.356644,0.044719,0.015358
COc1ccc(cc1)NC(=O)N(C)C[C@@H]1OCCCC[C@@H](C)Oc2ccc(cc2C(=O)N(C[C@@H]1C)[C@H](C)CO)NC(=O)NC1CCCCC1,0,0.009379,0.021879,0.004408
C[C@@H]1CCCCO[C@@H](CN(C)Cc2ccncc2)[C@H](C)CN([C@H](C)CO)C(=O)c2cc(ccc2O1)NC(=O)Nc1ccccc1,0,0.008062,0.021924,0.004035
CC(C)CC#Cc1ccc2c(c1)O[C@H](CN(C)C(=O)C1CCOCC1)[C@H](C)CN([C@@H](C)CO)S2(=O)=O,0,0.136143,0.027670,0.007638
C[C@H]1CN([C@@H](C)CO)C(=O)c2cccc(c2O[C@H]1CN(C)S(=O)(=O)C)NC(=O)Nc1ccc(cc1)C(F)(F)F,0,0.456941,0.391004,0.124849
C[C@H]1CCCCO[C@@H](CN(C)Cc2ccc(cc2)C(F)(F)F)[C@@H](C)CN([C@H](C)CO)C(=O)c2cc(ccc2O1)NS(=O)(=O)c1ccc(cc1)C,0,0.035950,0.026194,0.006299
C[C@@H]1CN([C@H](C)CO)C(=O)Cc2cc(ccc2O[C@@H]1CN(C)C(=O)Nc1ccc2c(c1)OCO2)NC(=O)CCN1CCOCC1,0,0.001040,0.021518,0.004292
COc1ccc(cc1)N1C(=O)NC(=O)C=C1N,0,0.696916,0.154554,0.065235
C[C@H]1CN([C@H](C)CO)C(=O)c2cccc(c2O[C@H]1CN(C)Cc1ccc(cc1)C(=O)O)NS(=O)(=O)C,0,0.077024,0.027072,0.007592
Cc1cc(ccc1S(=O)(=O)N1CCCO[C@@H]1CNC(=O)C(=O)NCc1ccncc1)F,0,0.117635,0.023964,0.023077
C[C@@H]1C[C@H](O)/C=C/[C@H](O)[C@@H](O)CC(=O)O1,0,0.027487,0.106325,0.054761
C[C@@H]1CCCCO[C@@H](CN(C)C(=O)C2CCCCC2)[C@@H](C)CN([C@H](C)CO)C(=O)c2cc(ccc2O1)NC(=O)Nc1ccc2c(c1)OCO2,0,0.011573,0.025306,0.006094
COc1ccc(cc1)NC(=O)N(C)C[C@@H]1OCCCC[C@H](C)Oc2ccc(cc2C(=O)N(C[C@@H]1C)[C@H](C)CO)NS(=O)(=O)c1cccs1,0,0.003455,0.023300,0.003849
C[C@H]1CN([C@H](C)CO)C(=O)c2cc(ccc2O[C@@H]1CN(C)C(=O)Nc1ccccc1)NS(=O)(=O)c1c(noc1C)C,0,0.024220,0.024000,0.007012
C[C@@H]1CN([C@@H](C)CO)C(=O)Cc2cc(ccc2O[C@H]1CN(C)S(=O)(=O)c1c(noc1C)C)NC(=O)Nc1c(noc1C)C,0,0.011600,0.030194,0.008824
COc1ccc(CC2c3cc(OC)c(OC)cc3CC[N+]2(C)CCC(=O)OCCCCCOC(=O)CC[N+]2(C)CCc3cc(OC)c(OC)cc3C2Cc2ccc(OC)c(OC)c2)cc1OC.O=S(=O)([O-])c1ccccc1.O=S(=O)([O-])c1ccccc1,0,0.000297,0.064205,0.038246
COCC#Cc1ccc(cc1)[C@@H]1[C@@H](CO)N2[C@H]1CN(CC2=O)C(=O)c1cccnc1,0,0.146834,0.024773,0.012919
C[C@@H]1CN([C@@H](C)CO)C(=O)c2cc(ccc2O[C@@H]1CN(C)C(=O)Nc1cccc2ccccc12)NC(=O)Nc1ccc2c(c1)OCO2,0,0.011289,0.022336,0.006220
OC[C@@H]1O[C@@H](CC[C@@H]1NC(=O)CN1CCOCC1)CC(=O)NCc1cccc(c1)F,0,0.024498,0.022966,0.012891
C[C@@H]1CN([C@H](C)CO)C(=O)c2cc(ccc2O[C@H]1CN(C)S(=O)(=O)c1cn(cn1)C)NC(=O)NC1CCCCC1,0,0.024587,0.023854,0.004749
C[C@@H]1CN([C@@H](C)CO)S(=O)(=O)c2ccc(cc2O[C@H]1CN(C)S(=O)(=O)c1cn(cn1)C)C#Cc1cccc(c1)F,0,0.247304,0.028666,0.005917
COCC(=O)Nc1ccc2c(c1)C(=O)N(C)C[C@H](OC)[C@H](C)CN(Cc1ccccc1F)[C@H](C)CO2,0,0.009930,0.032863,0.009488
CN1CCN(CC1)C(=O)C[C@@H]1CC[C@@H](NC(=O)c2ccc3c(c2)OCO3)[C@@H](CO)O1,0,0.040708,0.026645,0.009596
COCC(=O)N(C)C[C@@H]1Oc2cc(ccc2S(=O)(=O)N(C[C@H]1C)[C@@H](C)CO)C#Cc1cccnc1,0,0.073503,0.023176,0.006338
CC(C)CC#Cc1ccc2c(c1)O[C@@H](CN(C)C(=O)c1ccncc1)[C@H](C)CN([C@@H](C)CO)S2(=O)=O,0,0.039979,0.026665,0.004966
COc1ccccc1-c1ccc2c(c1)O[C@H](CN(C)C(=O)c1ccncc1)[C@H](C)CN([C@H](C)CO)S2(=O)=O,0,0.006112,0.023328,0.004532
C[C@@H]1CCCCO[C@H](CN(C)C(=O)Cc2ccccc2)[C@H](C)CN([C@H](C)CO)C(=O)c2cc(ccc2O1)NC(=O)Nc1ccc(cc1)F,0,0.021921,0.022675,0.007286
CC(C)NC(=O)Nc1ccc2c(c1)CC(=O)N(C[C@H](C)[C@H](CN(C)Cc1ccc3c(c1)OCO3)O2)[C@@H](C)CO,0,0.016424,0.024649,0.007234
Nc1nc2cc(Cl)ccc2o1,0,0.236022,0.112699,0.024873
C[C@H]1CN([C@H](C)CO)C(=O)c2cccc(c2O[C@H]1CN(C)C(=O)Nc1cccc2ccccc12)NC(=O)Nc1ccc(cc1)F,0,0.315466,0.041155,0.045103
NS(=O)(=O)c1cc(C(=O)O)c(NCc2ccco2)cc1Cl,0,0.000006,0.032538,0.058354
C[C@H]1CN([C@@H](C)CO)C(=O)c2cc(ccc2O[C@H]1CN(C)C(=O)Nc1c(noc1C)C)NC(=O)C1CC1,0,0.027336,0.021762,0.006780
C[C@H]1CCCCO[C@H](CN(C)Cc2ccc3c(c2)OCO3)[C@H](C)CN([C@@H](C)CO)C(=O)c2cc(ccc2O1)NC(=O)CCC(F)(F)F,0,0.072310,0.025585,0.010307
C[C@H]1CN([C@@H](C)CO)S(=O)(=O)c2ccc(cc2O[C@@H]1CN(C)CC1CCOCC1)Br,0,0.330818,0.043472,0.009875
C[C@H]1CCCCO[C@@H](CN(C)S(=O)(=O)C)[C@@H](C)CN([C@H](C)CO)C(=O)c2cc(ccc2O1)NC(=O)CCCN(C)C,0,0.005797,0.022982,0.004665
OC[C@H]1O[C@@H](C[C@H]2[C@@H]1Oc1ccc(cc12)NC(=O)Nc1ccccc1)CC(=O)NCCN1CCCCC1,0,0.316521,0.042094,0.028635
C[C@H]1CN([C@H](C)CO)C(=O)c2cc(cnc2O[C@@H]1CN(C)C(=O)Cc1ccncc1)-c1ccc(cc1)C,0,0.004386,0.021923,0.004691
C[C@H]1CN([C@@H](C)CO)C(=O)Cc2cc(ccc2O[C@H]1CN(C)C(=O)Nc1ccc(cc1)C(F)(F)F)NC(=O)CCCCCC(=O)Nc1ccccc1N,0,0.196263,0.018455,0.008093
C[C@@H]1CN([C@@H](C)CO)C(=O)Cc2cc(ccc2O[C@@H]1CN(C)Cc1ccc(cc1)C(F)(F)F)NC(=O)Cn1cnnn1,0,0.198571,0.057909,0.039914
C[C@@H]1CN([C@H](C)CO)C(=O)c2cc(ccc2O[C@H]1CN(C)C(=O)NC1CCCCC1)NC(=O)CCCN(C)C,0,0.023985,0.023655,0.007373
COc1cccc(c1)C#Cc1ccc2c(c1)O[C@@H](CN(C)S(=O)(=O)c1ccccc1F)[C@H](C)CN([C@H](C)CO)S2(=O)=O,0,0.092813,0.028838,0.005786
C[C@H]1CN([C@@H](C)CO)C(=O)c2cccc(c2O[C@H]1CN(C)S(=O)(=O)c1c(noc1C)C)NC(=O)C1CCCCC1,0,0.020136,0.023700,0.005339
CN(C)c1nc(nc(n1)N1CCOCC1)OCCNS(=O)(=O)c1ccc(cc1)C,0,0.137802,0.030058,0.018269
COc1ccc(cc1)S(=O)(=O)N(C)C[C@@H]1Oc2ccc(cc2CC(=O)N(C[C@@H]1C)[C@H](C)CO)NC(=O)NC(C)C,0,0.008349,0.025033,0.006197
C[C@H]1CN([C@@H](C)CO)C(=O)Cc2cc(ccc2O[C@H]1CN(C)S(=O)(=O)c1cn(cn1)C)NS(=O)(=O)c1cn(cn1)C,0,0.016318,0.027258,0.008394
C[C@@H]1CCCCO[C@@H](CN(C)C(=O)Nc2ccc3c(c2)OCO3)[C@H](C)CN([C@H](C)CO)C(=O)c2cc(ccc2O1)NC(=O)CCC(F)(F)F,0,0.098473,0.028858,0.016421
C[C@@H]1CCCCO[C@H](CN(C)Cc2ccncc2)[C@H](C)CN([C@@H](C)CO)C(=O)c2cc(ccc2O1)NS(=O)(=O)c1ccc(cc1)C,0,0.002081,0.024560,0.004965
C[C@@H]1CN([C@@H](C)CO)C(=O)c2cccc(c2O[C@@H]1CN(C)Cc1ccc(cc1)Oc1ccccc1)NC(=O)c1cc(nn1C)C,0,0.007738,0.025739,0.009260
C[C@H]1CN([C@H](C)CO)C(=O)Cc2cc(ccc2O[C@@H]1CN(C)Cc1ccccc1)NC(=O)Cn1cnnn1,0,0.024302,0.024668,0.008984
C[C@@H]1CN([C@H](C)CO)C(=O)c2cccc(c2O[C@H]1CN(C)S(=O)(=O)C)N(C)C,0,0.012589,0.026261,0.011218
C[C@H]1CN([C@H](C)CO)C(=O)c2cc(cnc2O[C@@H]1CN(C)C(=O)CN1CCOCC1)/C=C/c1ccccc1,0,0.002085,0.023397,0.006670
C[C@@H]1CCCCO[C@@H](CN(C)S(=O)(=O)c2ccccc2)[C@@H](C)CN([C@@H](C)CO)C(=O)c2cc(ccc2O1)NC(=O)NC1CCCCC1,0,0.004177,0.023492,0.004163
C[C@H]1CCCCO[C@H](CN(C)S(=O)(=O)c2ccc(cc2)C)[C@H](C)CN([C@H](C)CO)C(=O)c2cc(ccc2O1)NC(=O)C1CCCCC1,0,0.005090,0.023949,0.004537
CO[C@@H](CN(C)C(=O)c1ccc2c(c1)OCO2)[C@H](C)CN([C@H](C)CO)S(=O)(=O)c1ccc(cc1)C,0,0.030799,0.031289,0.008309
C[C@@H]1CN([C@@H](C)CO)C(=O)c2cccc(c2O[C@@H]1CN(C)Cc1ccc(cc1)-c1ccccc1)NC(=O)c1ccncc1,0,0.009773,0.024241,0.009778
C[C@H]1CCCCO[C@@H](CN(C)CC2CCCCC2)[C@@H](C)CN([C@@H](C)CO)C(=O)c2cc(ccc2O1)NC(=O)Cc1ccccc1,0,0.025512,0.027043,0.009185
FC(F)(F)c1nnc2n1CCNC2,0,0.252766,0.195347,0.082096
C[C@@H]1CN([C@H](C)CO)S(=O)(=O)c2ccc(cc2O[C@@H]1CN(C)C(=O)CN1CCOCC1)Br,0,0.045815,0.037604,0.009043
OC[C@@H]1O[C@H](CCNS(=O)(=O)c2ccccc2)CC[C@H]1NC(=O)c1cnccn1,0,0.041710,0.023700,0.008054
COc1cc2c(cc1OC)CC(=O)N(CCCN(C)CC1Cc3cc(OC)c(OC)cc31)CC2.Cl,0,0.847974,0.230693,0.166125
ONC(=O)CCCCCNC(=O)OCCCCO[C@@H]1C[C@@H](C=C(O1)C(=O)N1CCOCC1)C1CCCCC1,0,0.000023,0.203016,0.184290
C[C@@H]1CCCCO[C@@H](CN(C)S(=O)(=O)c2ccc(cc2)F)[C@H](C)CN([C@@H](C)CO)C(=O)c2cc(ccc2O1)NC(=O)Nc1ccc2c(c1)OCO2,0,0.008399,0.026786,0.005132
C[C@@H]1CN([C@@H](C)CO)C(=O)c2cc(cnc2O[C@H]1CN(C)S(=O)(=O)c1cn(cn1)C)C#CCN(C)C,0,0.118949,0.025353,0.007091
C[C@@H]1CN([C@@H](C)CO)C(=O)c2cc(ccc2O[C@@H]1CN(C)C(=O)Nc1ccc(cc1)C(F)(F)F)NS(=O)(=O)c1ccc(cc1)Cl,0,0.427736,0.150248,0.033012
N#CCN1CCSCC1,0,0.000367,0.042460,0.026390
C[C@@H]1CN([C@H](C)CO)C(=O)Cc2cc(ccc2O[C@@H]1CN(C)C(=O)Nc1cccc2ccccc12)NC(=O)Nc1ccccc1,0,0.010876,0.024818,0.006299
C[C@H]1CCCCO[C@H](CN(C)S(=O)(=O)c2ccc(cc2)C)[C@@H](C)CN([C@@H](C)CO)C(=O)c2cc(ccc2O1)NC(=O)Nc1c(noc1C)C,0,0.013313,0.024417,0.006616
COc1ccc(cc1)CN(C)C[C@H]1OCCCC[C@@H](C)Oc2ccc(cc2C(=O)N(C[C@@H]1C)[C@@H](C)CO)NC(=O)c1ccccc1,0,0.004326,0.022738,0.004484
C[C@H]1[C@H](OC(=O)CC[C@H](O)[C@@H](O)C[C@@H](CC(=O)NCc2ccc(cc2)Cl)C(=O)N1C)c1ccccc1,0,0.685011,0.231692,0.306433
C[C@@H]1CCCCO[C@H](CN(C)C(=O)Nc2c(noc2C)C)[C@H](C)CN([C@@H](C)CO)C(=O)c2cc(ccc2O1)NC(=O)Nc1ccc(cc1)C(F)(F)F,0,0.682234,0.168981,0.055942
C[C@H]1CCCCO[C@H](CN(C)Cc2ccc(cc2)C(=O)O)[C@H](C)CN([C@H](C)CO)C(=O)c2cc(ccc2O1)NS(=O)(=O)c1cccs1,0,0.025961,0.027596,0.004668
C[C@@H]1CN([C@@H](C)CO)C(=O)c2cccc(c2O[C@H]1CN(C)Cc1ccccc1)NC(=O)c1cc(nn1C)C,0,0.019081,0.024639,0.008245
C[C@@]1(F)[C@H](O)[C@@H](CO)O[C@H]1N1C=CC(=NC1=O)N,0,0.464564,0.277963,0.221358
C[C@H]1CN([C@H](C)CO)C(=O)CCCn2cc(nn2)CO[C@@H]1CN(C)C(=O)Nc1ccc2c(c1)OCCO2,0,0.024447,0.023984,0.004744
C[C@H]1CN([C@@H](C)CO)C(=O)c2cc(cnc2O[C@H]1CN(C)C(=O)c1ccc2c(c1)OCO2)C#CCN(C)C,0,0.033827,0.026145,0.005532
C[C@@H]1CCCCO[C@H](CN(C)C(=O)Nc2c(noc2C)C)[C@@H](C)CN([C@H](C)CO)C(=O)c2cc(ccc2O1)NC(=O)Nc1ccc(cc1)C(F)(F)F,0,0.682234,0.168981,0.055942
C[C@H]1CN([C@@H](C)CO)C(=O)c2ccccc2-c2ccccc2CO[C@H]1CN(C)C(=O)Nc1cccc(c1)C(F)(F)F,0,0.665306,0.306289,0.378145
CCC1OC(=O)CC(O)C(C)C(OC2OC(C)C(OC3CC(C)(O)C(O)C(C)O3)C(N(C)C)C2O)C(CC=O)CC(C)C(=O)C=CC(C)=CC1COC1OC(C)C(O)C(OC)C1OC.O=C(O)C(O)C(O)C(=O)O,1,0.991534,0.888153,0.912674
Cc1ccc(cc1)S(=O)(=O)N[C@H]1C=C[C@@H](CC(=O)NCCN2CCCCC2)O[C@H]1CO,0,0.096781,0.030812,0.011293
C[C@H]1CN([C@H](C)CO)C(=O)c2cccc(c2O[C@H]1CN(C)Cc1ccc(cc1)C(=O)O)NS(=O)(=O)c1cn(cn1)C,0,0.180127,0.026350,0.005296
C[C@H]1CCCCO[C@H](CN(C)C(=O)Nc2cccc3ccccc23)[C@@H](C)CN([C@@H](C)CO)C(=O)c2cc(ccc2O1)NC(=O)Nc1ccc(cc1)C(F)(F)F,0,0.476055,0.027178,0.016556
COCCOC(=O)N1C(=O)[C@@]2([C@H]([C@H]3N([C@@H]([C@@H](OC3=O)c3ccccc3)c3ccccc3)[C@H]2c2ccccc2OCCO)C(=O)N2CCCCCCC2)c2cc(ccc21)C#CCNC(=O)N,0,0.829351,0.178739,0.121032
C=CCSCC(N)C(=O)O,0,0.012254,0.080048,0.048493
Cl.NC(N)=NC(=O)Cc1c(Cl)cccc1Cl,0,0.050043,0.617201,0.229140
O=c1ccc2ccccc2o1,0,0.132031,0.089159,0.056643
C[C@@H]1CCCCO[C@H](CN(C)S(=O)(=O)c2ccccc2)[C@@H](C)CN([C@H](C)CO)C(=O)c2cc(ccc2O1)NC(=O)C1CCCCC1,0,0.001961,0.023949,0.004309
S=C1SCN(Cc2ccccc2)CN1Cc1ccccc1,0,0.712195,0.276879,0.323974
C[C@H]1CN([C@H](C)CO)S(=O)(=O)c2ccc(cc2O[C@@H]1CN(C)Cc1cncnc1)C1=CCCCC1,0,0.011284,0.023981,0.007177
C[C@@H]1CCCCO[C@@H](CN(C)S(=O)(=O)c2cccs2)[C@@H](C)CN([C@@H](C)CO)C(=O)c2cc(ccc2O1)NC(=O)Nc1ccccc1,0,0.002800,0.023300,0.004207
CN(C)CC(=O)N[C@H]1CC[C@@H](CC(=O)O)O[C@@H]1CO,0,0.125155,0.028933,0.016155
CNC[C@@H]1Oc2ccc(cc2CC(=O)N(C[C@@H]1C)[C@H](C)CO)NS(=O)(=O)c1cn(cn1)C,0,0.014781,0.023309,0.005891
C[C@@H]1CCCCO[C@H](CN(C)CC2CCCCC2)[C@H](C)CN([C@H](C)CO)C(=O)c2cc(ccc2O1)NC(=O)Nc1ccc(cc1)F,0,0.236111,0.043992,0.022124
CC(C)c1ccc(cc1)/C=C/1\CSc2ccccc2C1=O,0,0.966860,0.363931,0.309171
C[C@H]1CCCCO[C@H](CN(C)Cc2ccncc2)[C@H](C)CN([C@H](C)CO)C(=O)c2cc(ccc2O1)NC(=O)C1CCCCC1,0,0.009666,0.022570,0.005390
C[C@@H]1CCCCO[C@H](CN(C)Cc2ccc(c(c2)Cl)Cl)[C@@H](C)CN([C@H](C)CO)C(=O)c2cc(ccc2O1)NS(=O)(=O)c1ccc(cc1)Cl,0,0.054593,0.023436,0.007158
Oc1ccc(cc1)[C@@H]1[C@@H](C[C@H]2N1C(=O)CNC2=O)C(=O)NCCCCCCNC(=O)CS,0,0.000034,0.113246,0.189119
C[C@H]1CN([C@H](C)CO)C(=O)Cc2cc(ccc2O[C@@H]1CN(C)C(=O)Nc1cccc2ccccc12)NC(=O)Cc1cn(c2ccccc12)C,0,0.006449,0.023323,0.006784
COCC(=O)N1C[C@@H](C)[C@H](CN(C)C(=O)c2ccc(cc2OC[C@H]1C)NC(=O)Nc1cccc(c1)F)OC,0,0.037622,0.035961,0.014237
C[C@@H]1CN([C@@H](C)CO)C(=O)c2cc(ccc2O[C@@H]1CN(C)S(=O)(=O)c1cn(cn1)C)NC(=O)Cn1cnnn1,0,0.058716,0.024558,0.005610
COc1ccc(cc1)S(=O)(=O)N(C)C[C@H]1Oc2ncc(cc2C(=O)N(C[C@@H]1C)[C@@H](C)CO)/C=C/C,0,0.005459,0.023458,0.006207
CN1CCN(CCOc2ccc(c(c2Cl)C)-c2c(sc3ncnc(c23)O[C@H](Cc2ccccc2OCc2ccnn2CC(F)(F)F)C(=O)O)-c2ccc(o2)F)CC1,1,0.717218,0.553449,0.153090
Cc1oncc1C(=O)Nc1ccc(C(F)(F)F)cc1,0,0.765781,0.395130,0.374540
C1CNCCN1,0,0.001853,0.065078,0.030819
COP(=O)(OC)/N=C\1/CC(=C[C@@H](N1Cc1cccc(c1)OC(F)(F)F)c1cccs1)CCCO,0,0.977795,0.882404,0.855944
O[C@@H]1COC[C@H]2O[C@H](CC[C@@H]2N(C1)S(=O)(=O)c1ccccc1Cl)CC(=O)NCc1ccccc1Cl,0,0.551454,0.073288,0.033745
CN(C)S(=O)(=O)N(C)c1ccccc1,0,0.113010,0.190876,0.141236
C[C@@H]1CN([C@@H](C)CO)C(=O)c2cc(cnc2O[C@@H]1CN(C)Cc1ccc(cc1)-c1ccccc1)-c1cccnc1,0,0.018454,0.040681,0.018814
C[C@H]1CN([C@@H](C)CO)C(=O)Cc2cc(ccc2O[C@H]1CN(C)Cc1ccc(c(c1)Cl)Cl)NS(=O)(=O)c1cccs1,0,0.005651,0.024426,0.006212
C[C@H]1CCCCO[C@@H](CN(C)S(=O)(=O)c2ccc(cc2)C)[C@H](C)CN([C@@H](C)CO)C(=O)c2cc(ccc2O1)NC(=O)Nc1ccc2c(c1)OCO2,0,0.003977,0.024848,0.004633
COc1cccc2c1C(=O)c1c(c3c(c(c1C2=O)O)C[C@@](O)(C[C@H]3O[C@H]1C[C@@H](N)[C@@H](O)[C@@H](C)O1)C(=O)C)O,1,0.991407,0.937434,0.965730
C[C@@H]1CN([C@@H](C)CO)C(=O)c2cc(ccc2O[C@@H]1CN(C)S(=O)(=O)c1ccc(cc1)Cl)NS(=O)(=O)C,0,0.055357,0.025648,0.007788
COCCOC(=O)N1C(=O)[C@@]2([C@H]([C@H]3N([C@@H]([C@@H](OC3=O)c3ccccc3)c3ccccc3)[C@H]2c2ccccc2OCCO)C(=O)N2CCN(CC2)c2ncccn2)c2cc(ccc21)C#Cc1ccc(cc1)OC,0,0.204142,0.037294,0.016751
NC(=O)[C@H]1[C@H]2N([C@@H]([C@@H](OC2=O)c2ccccc2)c2ccccc2)[C@@H](c2ccc(cc2)O)[C@]11C(=O)Nc2ccc(cc21)C#CC1(O)CCCCCC1,0,0.679655,0.296958,0.617132
CO[C@H]1CN(C)C(=O)c2ccc(cc2OC[C@H](C)N(C[C@H]1C)Cc1cccc(c1)F)NS(=O)(=O)c1cn(cn1)C,0,0.021745,0.025013,0.007774
C[C@H]1CN([C@H](C)CO)C(=O)c2cccc(c2O[C@H]1CN(C)S(=O)(=O)c1ccccc1)NS(=O)(=O)c1ccc(cc1)F,0,0.013615,0.041716,0.011744
NC(=O)NN=Cc1ccc([N+](=O)[O-])o1,1,0.987144,0.402272,0.395697
C[C@@H]1CCCCO[C@@H](CN(C)S(=O)(=O)c2ccccc2)[C@H](C)CN([C@@H](C)CO)C(=O)c2cc(ccc2O1)NC(=O)Nc1ccc(cc1)F,0,0.013677,0.023473,0.005083
C/C(=C\c1ccccc1OCc1cn(nn1)C[C@@H]1CCCN1S(=O)(=O)c1ccc(cc1)C)/C=C/C(=O)NO,0,0.045375,0.027860,0.017404
C[C@@H]1CN([C@H](C)CO)C(=O)c2cc(ccc2O[C@@H]1CN(C)C(=O)NC1CCCCC1)NC(=O)C1CC1,0,0.018332,0.021648,0.009317
C[C@H]1CN([C@@H](C)CO)S(=O)(=O)c2ccc(cc2O[C@H]1CN(C)C(=O)Cc1ccccn1)C#Cc1ccccc1,0,0.014487,0.031382,0.005991
C=C1CC23CC1(O)CCC2C12C=CC(O)C(C)(C(=O)O1)C2C3C(=O)O,0,0.040934,0.448203,0.195067
C[C@@H]1CCCCO[C@H](CN(C)Cc2ccncc2)[C@H](C)CN([C@H](C)CO)C(=O)c2cc(ccc2O1)NC(=O)C1CCCCC1,0,0.009666,0.022570,0.005390
CCCNC(=O)N1C[C@@H](C)[C@H](CN(C)C(=O)c2ccc(cc2OC[C@H]1C)NS(=O)(=O)CC(F)(F)F)OC,0,0.010084,0.041677,0.010772
O=C1[C@@H]2CCCN2C(=O)[C@@H]2CCCN21,0,0.014965,0.055800,0.020805
C[C@@H](O)C#Cc1ccc2c(c1)O[C@@H](CN(C)C(=O)c1ccccc1)[C@H](C)CN([C@@H](C)CO)S2(=O)=O,0,0.027232,0.028558,0.009206
CN(C)C(=O)c1ccc(cc1)-c1cccc(c1)-c1nc(cc2c1[C@H](CCO)N(C2)[S@@](=O)C(C)(C)C)C(=O)NC1CCCCC1,0,0.008068,0.069562,0.054725
CCCNC(=O)C[C@H]1CC[C@H]2[C@@H](COc3ccc(cc3C(=O)N2C)NS(=O)(=O)c2ccccc2C)O1,0,0.005255,0.024774,0.009356
C[C@@H]1CN([C@H](C)CO)C(=O)Cc2cc(ccc2O[C@H]1CN(C)Cc1ccc(cc1)-c1ccccc1)NC(=O)CCCCCC(=O)Nc1ccccc1N,0,0.013792,0.028622,0.005430
C[C@@H]1CN([C@@H](C)CO)C(=O)c2cc(ccc2O[C@H]1CN(C)Cc1ccc(cc1)Oc1ccccc1)NS(=O)(=O)c1ccc(cc1)F,0,0.003177,0.024125,0.009717
COCCNC(=O)C[C@@H]1CC[C@H]2[C@@H](COC[C@H](O)CN2S(=O)(=O)c2ccccc2F)O1,0,0.260385,0.051970,0.009245
C[C@@H]1CN([C@@H](C)CO)C(=O)CCCn2cc(nn2)CO[C@@H]1CN(C)C(=O)Nc1cccc2ccccc12,0,0.086868,0.024359,0.008289
ONC(=O)CCc1cn(nn1)CC[C@@H]1OC(=O)[C@H](Cc2ccccc2)N2CC3=CC(=O)[C@H](C4CC4)[C@H]3[C@H]12,0,0.563681,0.033696,0.033204
COc1ccc(cc1)NC(=O)Nc1ccc2c(c1)C(=O)N(C[C@H](C)[C@@H](CN(C)CC1CCCCC1)OCCCC[C@H](C)O2)[C@H](C)CO,0,0.065884,0.030183,0.009476
C[C@@H]1CN([C@@H](C)CO)C(=O)Cc2cc(ccc2O[C@@H]1CN(C)S(=O)(=O)c1c(noc1C)C)NS(=O)(=O)c1ccc(cc1)Cl,0,0.007996,0.027245,0.006715
COc1ccc(cc1)NC(=O)Nc1ccc2c(c1)C(=O)N(C[C@H](C)[C@H](CN(C)S(=O)(=O)c1ccccc1)OCCCC[C@@H](C)O2)[C@@H](C)CO,0,0.002704,0.023490,0.004098
C[C@H]1CN([C@H](C)CO)C(=O)c2cc(ccc2O[C@@H]1CN(C)C(=O)Nc1ccc(cc1)C(F)(F)F)NC(=O)Nc1ccc(cc1)F,0,0.930432,0.451194,0.457711
CCCCC1C(=O)NC(=S)NC1=O,0,0.146831,0.074274,0.037665
COc1ccccc1CNC(=O)C[C@H]1C[C@@H]2[C@@H](Oc3ccc(cc32)NC(=O)C2CCOCC2)[C@H](CO)O1,0,0.088565,0.023963,0.011343
COC(=O)C=Cc1cc(OC)c(OC)c(OC)c1,0,0.688329,0.230997,0.121943
COCCN1CCC(CC1)N(Cc1ccc(cc1)-c1ccc(cc1)C(F)(F)F)C(=O)CN1C(=CC(=O)c2ccccc21)SCc1cccc(c1F)F,0,0.846094,0.500434,0.235666
COCCNC(=O)C[C@@H]1CC[C@H]2[C@@H](COC[C@@H](O)CN2S(=O)(=O)c2ccccc2C)O1,0,0.115195,0.024471,0.009895
COc1ncnc2nc[nH]c12,0,0.270359,0.051567,0.022441
C[C@H]1CN([C@@H](C)CO)C(=O)Cc2cc(ccc2O[C@@H]1CN(C)C)NS(=O)(=O)C,0,0.004208,0.026713,0.008856
CN1CCN(CC1)C(=O)C[C@H]1CC[C@@H]2[C@H](COC[C@@H](O)CN2CC2CCCC2)O1,0,0.584468,0.066512,0.029922
COc1ccc(cc1)NC(=O)Nc1ccc2c(c1)C(=O)N(C[C@H](C)[C@@H](CN(C)C(=O)Nc1ccc(cc1)F)OCCCC[C@H](C)O2)[C@H](C)CO,0,0.060516,0.021301,0.007166
COc1ccc(cc1)S(=O)(=O)Nc1ccc2c(c1)C(=O)N(C[C@H](C)[C@@H](CN(C)CC1CCCCC1)OCCCC[C@H](C)O2)[C@H](C)CO,0,0.017840,0.023909,0.006674
COc1ccc(cc1)CN(C)C[C@@H]1OCCCC[C@@H](C)Oc2ccc(cc2C(=O)N(C[C@@H]1C)[C@@H](C)CO)NC(=O)Nc1ccc(cc1)F,0,0.080011,0.022865,0.008952
C[C@@H]1CN([C@@H](C)CO)S(=O)(=O)c2ccc(cc2O[C@@H]1CN(C)S(=O)(=O)C)-c1cccc(c1)F,0,0.025344,0.024600,0.008082
OCc1ccc2c(c1)N(Cc1ccccc1)C(=O)[C@]1(CC(=O)N(CC34CC5CC(CC(C5)C4)C3)[C@H]21)c1ccc(cc1)[N+](=O)[O-],0,0.075180,0.287468,0.189067
C[C@H]1CN([C@H](C)CO)C(=O)c2cccc(c2O[C@@H]1CN(C)C(=O)Nc1c(noc1C)C)NS(=O)(=O)c1ccccc1,0,0.014213,0.024454,0.005930
C[C@@H]1CN([C@@H](C)CO)C(=O)c2cc(ccc2O[C@H]1CN(C)C(=O)Nc1ccc(cc1)C(F)(F)F)NS(=O)(=O)c1ccc(cc1)Cl,0,0.427736,0.150248,0.033012
COc1ccc(cc1)CN(C)C[C@H]1OCCCC[C@H](C)Oc2ccc(cc2C(=O)N(C[C@H]1C)[C@@H](C)CO)NC(=O)Nc1ccccc1,0,0.023558,0.024107,0.005467
C[C@@H]1CN([C@@H](C)CO)C(=O)c2cccc(c2O[C@@H]1CN(C)Cc1ccc(cc1)-c1ccccc1)NS(=O)(=O)c1ccc(cc1)Cl,0,0.034474,0.038937,0.010533
C[C@@H]1CN([C@@H](C)CO)C(=O)c2cc(ccc2O[C@H]1CN(C)S(=O)(=O)c1ccc(cc1)C)NS(=O)(=O)c1cccs1,0,0.008994,0.022839,0.005758
OC[C@H]1O[C@H](CC[C@H]1NC(=O)CN1CCOCC1)CCn1cc(nn1)C1CC1,0,0.452900,0.027776,0.009626
Fc1ccc(cc1)[C@@H](NC(=O)C1CCN(CCOc2ccc(cc2)Cl)CC1)c1ccc2ccccc2n1,1,0.772452,0.798180,0.887062
CCOC(=O)N(C)C[C@@H]1OCc2cnnn2CCCC(=O)N(C[C@@H]1C)[C@H](C)CO,0,0.017006,0.029493,0.014878
N[C@H](CCC(=O)O)C(=O)O,0,0.015719,0.040626,0.029385
C[C@@H]1CN([C@H](C)CO)C(=O)c2c(c3ccccc3n2C)-c2ccccc2CO[C@@H]1CN(C)Cc1ccccc1C(F)(F)F,0,0.390103,0.185101,0.129777
COc1cc2c3cc1Oc1cc(ccc1O)CC1c4c(cc(OC)c(O)c4Oc4ccc(cc4)CC3N(C)CC2)CC[N+]1(C)C.Cl.O.O.O.O.O.[Cl-],0,0.000000,0.143163,0.073422
CN1[C@@H]2CC[C@H]1C[C@H](O)C2,0,0.043364,0.042925,0.025106
C[C@H]1CCCCO[C@@H](CN(C)S(=O)(=O)c2ccc(cc2)Cl)[C@@H](C)CN([C@H](C)CO)C(=O)c2cc(ccc2O1)NC(=O)CCC(F)(F)F,0,0.081947,0.030269,0.006058
CC(N)(Cc1ccc(O)c(O)c1)C(=O)O,0,0.529268,0.052013,0.044889
CC1=NNC(=O)NC1=O,0,0.084641,0.108163,0.054286
C[C@@H]1CCCCO[C@@H](CN(C)Cc2ccccc2)[C@H](C)CN([C@@H](C)CO)C(=O)c2cc(ccc2O1)NC(=O)Nc1ccc(cc1)C(F)(F)F,0,0.352531,0.042542,0.027464
COc1ccc(cc1)S(=O)(=O)N(C)C[C@H]1Oc2ccc(cc2CC(=O)N(C[C@H]1C)[C@@H](C)CO)NC(=O)C1CC1,0,0.006243,0.024419,0.005220
COc1ccc(cc1OC)S(=O)(=O)N1[C@@H](C(=O)N2CCC[C@H]2C(=O)N)[C@@](O)(c2ccccc2Cl)c2cc(ccc21)Cl,0,0.098263,0.044006,0.037952
O=c1[nH]c2ccccc2n1C1CCN(CCCC(c2ccc(F)cc2)c2ccc(F)cc2)CC1,0,0.998712,0.623725,0.597809
COC(=O)[C@H](Cc1ccccc1)N(CC#C)O[C@@H](/C=C/[C@@H](O)CCn1cc(nn1)-c1ccc(s1)C(=O)NO)C1CC1,0,0.283750,0.258336,0.110123
C[C@H]1CCCCO[C@@H](CN(C)Cc2ccc3c(c2)OCO3)[C@H](C)CN([C@@H](C)CO)C(=O)c2cc(ccc2O1)NC(=O)C1CCCCC1,0,0.017768,0.024639,0.006740
C[C@H]1CN([C@H](C)CO)C(=O)c2cc(ccc2O[C@H]1CN(C)Cc1ccncc1)NC(=O)Cn1cnnn1,0,0.016692,0.022107,0.006021
CN(CC(=O)NC1CCCCC1)S(=O)(=O)C,0,0.014530,0.043527,0.009863
COc1ccc(cc1)S(=O)(=O)N1C[C@@H](O)COC[C@H]2O[C@H](CC[C@@H]21)CC(=O)NCCCN(C)C,0,0.428779,0.028332,0.011063
OCCCCCN1[C@@H]2C(=O)N(CC=C[C@@]32O[C@@H]2/C=C\CCCOC(=O)[C@@H]2[C@H]3C1=O)c1ccc2ccccc2c1,0,0.224541,0.074069,0.098667
C[C@@H]1CN([C@@H](C)CO)C(=O)c2cccc(c2O[C@H]1CN(C)Cc1ccc(cc1)C(F)(F)F)NC(=O)C1CCCCC1,0,0.191110,0.118552,0.116160
O=C(C=Cc1ccc(O)c(O)c1)OC1CC(O)(C(=O)O)CC(O)C1O,0,0.052622,0.116279,0.127460
COCC#Cc1ccc2c(c1)O[C@H](CN(C)C(=O)C1CCCCC1)[C@H](C)CN([C@@H](C)CO)S2(=O)=O,0,0.110114,0.024407,0.006658
CC(=O)NCCCC[C@@H]1NC(=O)[C@@H]2C[C@@H]([C@@H](N2C1=O)c1ccc(cc1)O)C(=O)NCCCCCCNC(=O)CS,0,0.000009,0.136740,0.190150
CCOC(=O)CN1C(=O)N(C)c2nccc(c2C1=O)OC,0,0.399544,0.103884,0.122536
C[C@H]1CCCCO[C@H](CN(C)C(=O)NC2CCCCC2)[C@H](C)CN([C@H](C)CO)C(=O)c2cc(ccc2O1)NC(=O)Nc1ccc(cc1)F,0,0.059803,0.024668,0.007065
C[C@H]1CN([C@@H](C)CO)C(=O)Cc2cc(ccc2O[C@H]1CN(C)Cc1ccncc1)NC(=O)c1ccncc1,0,0.001046,0.023075,0.004462
CNC(=O)C[C@H]1CC[C@H]2[C@@H](COc3ccc(cc3C(=O)N2C)NC(=O)CN(C)C)O1,0,0.097775,0.025220,0.011546
C[C@@H]1CCCCO[C@@H](CN(C)Cc2ccc(cc2)C(=O)Nc2ccccc2N)[C@@H](C)CN([C@H](C)CO)C(=O)c2cc(ccc2O1)NS(=O)(=O)c1ccc(cc1)F,0,0.002120,0.024730,0.004722
OC[C@H]1O[C@H](CC(=O)NCc2ccncn2)C=C[C@H]1NC(=O)c1ccncc1,0,0.018193,0.091516,0.027966
CCNC(=O)C[C@@H]1CC[C@@H]2[C@H](COC[C@H](O)CN2S(=O)(=O)c2ccc(cc2)Oc2ccccc2)O1,0,0.078787,0.071198,0.012427
C[C@H]1CN([C@@H](C)CO)C(=O)CCCn2nncc2CO[C@H]1CN(C)Cc1ccc2c(c1)OCCN2C,0,0.319064,0.025672,0.009196
C[C@H]1CN([C@@H](C)CO)C(=O)Cc2cc(ccc2O[C@H]1CN(C)S(=O)(=O)c1ccc(cc1)Cl)N(C)C,0,0.022811,0.042301,0.011186
COc1ccc(cc1)CN(C)C[C@@H]1OCCCC[C@H](C)Oc2ccc(cc2C(=O)N(C[C@@H]1C)[C@@H](C)CO)NC(=O)Cc1ccccc1,0,0.008156,0.023644,0.006072
CCCNC(=O)C[C@H]1CC[C@@H]2[C@@H](COc3ccc(cc3C(=O)N2C)NS(=O)(=O)c2ccccc2C)O1,0,0.005255,0.024774,0.009356
C[C@@H]1CN([C@@H](C)CO)C(=O)Cc2cc(ccc2O[C@H]1CN(C)C(=O)Nc1ccc(cc1)C(F)(F)F)NC(=O)CCC(F)(F)F,0,0.609850,0.552585,0.399080
CCC[C@@H](O)C#Cc1cnc2c(c1)C(=O)N(C[C@H](C)[C@H](CN(C)C(=O)Nc1ccc(cc1)OC)O2)[C@H](C)CO,0,0.066198,0.028184,0.008251
ONC(=O)/C=C/c1cccc(c1)-c1cn(nn1)CC[C@@H]1OC(=O)[C@H](Cc2ccccc2)N2CC3=CC(=O)[C@H](C4CC4)[C@H]3[C@H]12,0,0.712237,0.032509,0.038536
C[C@@H]1CN([C@H](C)CO)C(=O)c2cccc(c2O[C@H]1CN(C)Cc1ccc(cc1)Oc1ccccc1)NC(=O)CCCCCC(=O)Nc1ccccc1N,0,0.004299,0.030668,0.006634
C[C@H]1CN([C@H](C)CO)C(=O)c2cc(ccc2O[C@@H]1CN(C)Cc1ccc(c(c1)Cl)Cl)NS(=O)(=O)c1ccc(cc1)Cl,0,0.051341,0.026731,0.011541
C[C@H]1CCCCO[C@H](CN(C)C(=O)Nc2cccc3ccccc23)[C@H](C)CN([C@@H](C)CO)C(=O)c2cc(ccc2O1)NC(=O)Cc1ccccc1,0,0.006004,0.021631,0.004765
C[C@H]1CN([C@@H](C)CO)C(=O)Cc2cc(ccc2O[C@H]1CN(C)S(=O)(=O)c1ccccc1)NC(=O)CCCN(C)C,0,0.003377,0.024633,0.005520
CNC(=O)CN1CCOC[C@]2(CCCN(C2)C(=O)c2ccn(n2)C)C1,0,0.115740,0.056078,0.013408
COc1ccccc1C#Cc1cnc2c(c1)C(=O)N(C[C@H](C)[C@@H](CN(C)C(=O)CN(C)C)O2)[C@@H](C)CO,0,0.257798,0.025026,0.008318
COc1ccc(cc1)NC(=O)N(C)C[C@H]1OCCCC[C@@H](C)Oc2ccc(cc2C(=O)N(C[C@@H]1C)[C@@H](C)CO)NS(=O)(=O)c1ccc(cc1)C,0,0.004849,0.023486,0.004099
CN1CC2(CCN(CC2)C(=O)C2=CC(=O)N(C)C(=O)N2C)CCC1=O,0,0.846020,0.135486,0.105715
C[C@@H]1CCCCO[C@H](CN(C)C(=O)Nc2ccc(cc2)C(F)(F)F)[C@H](C)CN([C@@H](C)CO)C(=O)c2cc(ccc2O1)NS(=O)(=O)c1ccc(cc1)F,0,0.184923,0.101993,0.011625
CCNC(=O)[C@H]1O[C@@H]([C@@H](O)[C@@H]1O)n1cnc2c(ncnc12)N,0,0.229347,0.127856,0.112436
C[C@H]1CN([C@H](C)CO)C(=O)c2cc(ccc2O[C@H]1CN(C)Cc1ccc(cc1)Oc1ccccc1)NS(=O)(=O)c1ccccc1,0,0.000794,0.026298,0.006923
C[C@H]1CN([C@H](C)CO)S(=O)(=O)c2ccc(cc2O[C@@H]1CN(C)S(=O)(=O)C)C#Cc1ccc(cc1)F,0,0.143722,0.033176,0.011276
C[C@H]1CN([C@H](C)CO)C(=O)c2cc(ccc2O[C@H]1CN(C)Cc1ccc(cc1)-c1ccccc1)NC(=O)Nc1ccc(cc1)F,0,0.156200,0.079585,0.047429
C[C@@H]1CCCCO[C@@H](CN(C)S(=O)(=O)c2ccc(cc2)Cl)[C@@H](C)CN([C@@H](C)CO)C(=O)c2cc(ccc2O1)NS(=O)(=O)c1ccc(cc1)F,0,0.021739,0.024753,0.005798
COC[C@@H](C)Nc1ncnc2nc[nH]c12,0,0.263945,0.063424,0.017958
C[C@H]1CCCCO[C@H](CN(C)CC2CC2)[C@@H](C)CN([C@H](C)CO)C(=O)c2cc(ccc2O1)NC(=O)CCCCCC(=O)Nc1ccccc1N,0,0.055637,0.030961,0.006951
CC(C)(C)[S@@](=O)N1Cc2cc(nc(c2[C@H]1CCO)-c1cccc(c1)-c1ccccc1)C(=O)NCc1ccc2c(c1)OCO2,0,0.005888,0.194301,0.089448
COCC(=O)N1C[C@@H](C)[C@@H](CN(C)C(=O)c2cc(ccc2OC[C@@H]1C)NC(=O)c1ccc(cc1)OC)OC,0,0.003187,0.022920,0.006423
CN1N=C(SC1=NC(=O)C)S(=O)(=O)N,0,0.000000,0.070438,0.017132
CN1C(=O)C=NN(CCCCN2CCN(CC2)c2ncccn2)C1=O,0,0.860688,0.208546,0.096336
C[C@H]1CN([C@H](C)CO)C(=O)Cc2cc(ccc2O[C@@H]1CN(C)S(=O)(=O)C)NC(=O)CCCCCC(=O)Nc1ccccc1N,0,0.002345,0.024105,0.004475
N[C@@H]1CCCN(Cc2ccncc2)[C@H]1c1ccccc1F,0,0.648710,0.141983,0.167656
COc1ccc(cc1)NC(=O)N(C)C[C@H]1Oc2c(cccc2C(=O)N(C[C@@H]1C)[C@@H](C)CO)NC(=O)c1cc(nn1C)C,0,0.033730,0.023658,0.005515
C[C@H]1CN([C@H](C)CO)C(=O)c2cccc(c2O[C@H]1CN(C)C(=O)Nc1ccc2c(c1)OCO2)NC(=O)c1ccc(cc1)-c1nccs1,0,0.009403,0.021615,0.005553
CN1CCN(CC1)C(=O)C[C@H]1CC[C@@H]2[C@H](COc3ccc(cc3C(=O)N2C)NC(=O)C2CCCCC2)O1,0,0.045360,0.026406,0.017163
C[C@@H]1CCCCO[C@H](CN(C)S(=O)(=O)c2ccc(cc2)F)[C@H](C)CN([C@@H](C)CO)C(=O)c2cc(ccc2O1)NC(=O)CCC(F)(F)F,0,0.050413,0.029240,0.008294
C[C@H]1CCCCO[C@H](CN(C)S(=O)(=O)c2ccc(cc2)Cl)[C@@H](C)CN([C@H](C)CO)C(=O)c2cc(ccc2O1)NS(=O)(=O)c1cccs1,0,0.006352,0.025196,0.005220
CCC(C)C(=O)OC1CC2(C)C(c3ccoc3)OC(=O)CC23OC2(C)OC34C(OC(=O)C(C)C)C3(O)C(OC(=O)C5(C)OC5C)C5(C)CC3(O)C(C)(C5CC(=O)OC)C14O2,0,0.010491,0.373293,0.121508
CC(C)N[C@H]1CCS(=O)(=O)C1,0,0.001873,0.047263,0.022366
C[C@H]1CCCCO[C@@H](CN(C)Cc2ccc(c(c2)Cl)Cl)[C@H](C)CN([C@@H](C)CO)C(=O)c2cc(ccc2O1)NC(=O)Nc1c(noc1C)C,0,0.236661,0.024300,0.007034
NC(CO)(CO)CO,0,0.009585,0.081167,0.041665
C[C@@H]1CN([C@@H](C)CO)C(=O)c2cc(ccc2O[C@@H]1CN(C)CC1CC1)NS(=O)(=O)c1c(noc1C)C,0,0.016317,0.024182,0.006480
C[C@H]1CN([C@H](C)CO)C(=O)c2cccc(c2O[C@H]1CN(C)S(=O)(=O)c1cccs1)NS(=O)(=O)c1ccc(cc1)C,0,0.006369,0.027265,0.006541
C[C@@H]1CN([C@H](C)CO)C(=O)Cc2cc(ccc2O[C@H]1CN(C)Cc1ccc(cc1)C(=O)O)NC(=O)CCN1CCOCC1,0,0.016370,0.062708,0.020241
O=C1NC=NN1,0,0.009072,0.089789,0.035627
C[C@H]1CCCCO[C@H](CN(C)Cc2ccc(cc2)C(F)(F)F)[C@H](C)CN([C@@H](C)CO)C(=O)c2cc(ccc2O1)NC(=O)NC1CCCCC1,0,0.166879,0.023266,0.014248
CO[C@@]12[C@H]3N[C@H]3CN2C2=C([C@H]1COC(=O)N)C(=O)C(=C(C)C2=O)N,0,0.866848,0.932266,0.945542
C[C@@H]1CN([C@H](C)CO)C(=O)c2cccc(c2O[C@H]1CN(C)S(=O)(=O)C)NC(=O)Nc1ccc(cc1)C(F)(F)F,0,0.456941,0.391004,0.124849
C[C@H]1CCCCO[C@@H](CN(C)C(=O)Nc2c(noc2C)C)[C@H](C)CN([C@@H](C)CO)C(=O)c2cc(ccc2O1)NC(=O)C1CCCCC1,0,0.029874,0.023920,0.007150
C[C@H]1CN([C@@H](C)CO)C(=O)Cc2cc(ccc2O[C@@H]1CN(C)Cc1ccncc1)NC(=O)CCN1CCOCC1,0,0.001334,0.022778,0.005519
C[C@@H]1CN([C@@H](C)CO)C(=O)c2cc(ccc2O[C@H]1CN(C)Cc1ccc(cc1)C(=O)Nc1ccccc1N)NS(=O)(=O)c1ccc(cc1)Cl,0,0.003076,0.023939,0.005381
C[C@@H]1CN([C@@H](C)CO)C(=O)c2cc(cnc2O[C@@H]1CN(C)Cc1ccc(cc1)Oc1ccccc1)-c1cccnc1,0,0.002718,0.031540,0.012190
C[C@@H]1CCCCO[C@@H](CN(C)S(=O)(=O)c2ccc(cc2)F)[C@@H](C)CN([C@@H](C)CO)C(=O)c2cc(ccc2O1)NC(=O)C1CCCCC1,0,0.011634,0.023966,0.004965
C[C@H]1CN([C@H](C)CO)S(=O)(=O)c2ccc(cc2O[C@@H]1CN(C)S(=O)(=O)c1ccc(cc1)F)C#Cc1ccncc1,0,0.075395,0.034329,0.006167
Cl.Cl.NCCSSCCN,0,0.000001,0.149317,0.138506
C[C@H]1CN([C@@H](C)CO)C(=O)Cc2cc(ccc2O[C@H]1CN(C)CC1CCCCC1)NS(=O)(=O)c1cn(cn1)C,0,0.020699,0.023803,0.005819
COc1ccc(cc1)NC(=O)N(C)C[C@@H]1Oc2ncc(cc2C(=O)N(C[C@@H]1C)[C@@H](C)CO)C#C[C@@H](C)O,0,0.050690,0.028352,0.011362
COc1cccc(c1)S(=O)(=O)N1C[C@@H](O)COC[C@H]2O[C@H](CC[C@@H]21)CC(=O)N1CCOCC1,0,0.037852,0.039796,0.013771
CC(C)CCC[C@@H](C)N,0,0.035655,0.126211,0.158863
C[C@H]1CN([C@H](C)CO)S(=O)(=O)c2ccc(cc2O[C@@H]1CN(C)C(=O)c1cccnc1)-c1cccc(c1)C#N,0,0.000826,0.023377,0.004439
C[C@H]1CN([C@@H](C)CO)S(=O)(=O)c2ccc(cc2O[C@H]1CN(C)S(=O)(=O)c1ccc(cc1)F)C#Cc1ccc(cc1)F,0,0.320988,0.033915,0.010849
COCC(=O)Nc1ccc2c(c1)C(=O)N(C)[C@H]1CC[C@@H](CC(=O)NC3Cc4ccccc4C3)O[C@@H]1CO2,0,0.014640,0.025524,0.014079
CCOc1ccc(Cc2cc(C3OC(CO)C(O)C(O)C3O)ccc2Cl)cc1,0,0.501990,0.273895,0.337613
COCCCNC(=O)[C@]1(Cc2ccccc2I)[C@@H](N(Cc2ccccc2OC)C(=O)c2ccccc21)c1ccc(cc1)CO,0,0.055884,0.096201,0.037442
C[C@H]1CN([C@@H](C)CO)C(=O)c2cccc(c2O[C@H]1CN(C)S(=O)(=O)c1ccc(cc1)Cl)NS(=O)(=O)C,0,0.064968,0.028348,0.008638
CO[C@@H]1CN(C)C(=O)c2ccc(cc2OC[C@@H](C)N(CCC(F)(F)F)C[C@@H]1C)NS(=O)(=O)c1cn(cn1)C,0,0.101031,0.075346,0.015950
CO[C@@H]1CCN([C@@H]2CCO[C@@H]12)C(=O)CS(=O)(=O)C,0,0.044030,0.140588,0.071583
C[C@@H]1CN([C@@H](C)CO)C(=O)c2cc(ccc2O[C@@H]1CN(C)S(=O)(=O)c1c(noc1C)C)NS(=O)(=O)C,0,0.020876,0.024245,0.007884
Cl.NCCS,0,0.000000,0.199068,0.081032
Cc1ccc(cc1)S(=O)(=O)N1C[C@H](O)COC[C@@H]2O[C@H](CC[C@H]21)CC(=O)NCCN1CCCCC1,0,0.518654,0.050889,0.012818
C[C@H]1[C@H]2CN(CC3CC3)C[C@H]2CNC1=O,0,0.180974,0.060726,0.015801
C[C@@H]1CCCCO[C@@H](CN(C)C(=O)Nc2ccc(cc2)C(F)(F)F)[C@H](C)CN([C@H](C)CO)C(=O)c2cc(ccc2O1)NS(=O)(=O)c1ccc(cc1)C,0,0.152959,0.037510,0.008421
CC1=C(O)C(=O)C=C2C1=CC=C1C2(C)CCC2(C)C3CC(C)(C(=O)O)CCC3(C)CCC12C,0,0.768991,0.331828,0.421248
C[C@H](NC(=O)C[C@H]1CC[C@H](NC(=O)CN2CCOCC2)[C@H](CO)O1)c1ccccc1,0,0.015440,0.023961,0.010701
OC[C@H]1O[C@@H](O/N=[N+](\[O-])N2CCCC2)[C@H](O)[C@@H](O)[C@@H]1O,0,0.015719,0.113951,0.056437
OCc1ccc(cc1)CO[C@H]1C[C@H](C=C(O1)C(=O)NCc1ccccc1)c1ccc(cc1)Br,0,0.178674,0.350679,0.278284
COc1ccc(cc1)S(=O)(=O)N(C)C[C@H]1Oc2ccc(cc2CC(=O)N(C[C@@H]1C)[C@@H](C)CO)NS(=O)(=O)c1c(noc1C)C,0,0.003541,0.025764,0.006621
C[C@H]1CN([C@@H](C)CO)C(=O)Cc2cc(ccc2O[C@H]1CN(C)S(=O)(=O)c1ccccc1C)NC(=O)Nc1cccc(c1)C(F)(F)F,0,0.121789,0.037807,0.012635
C[C@@H]1CN([C@@H](C)CO)C(=O)c2cc(ccc2O[C@@H]1CN(C)C(=O)Nc1cccc2ccccc12)NS(=O)(=O)c1cccs1,0,0.012872,0.024534,0.005794
C[C@@H]1CN([C@H](C)CO)C(=O)Cc2cc(ccc2O[C@H]1CN(C)S(=O)(=O)c1c(noc1C)C)NC(=O)Nc1ccccc1,0,0.005648,0.024340,0.005750
C[C@H]1CN([C@@H](C)CO)S(=O)(=O)c2ccc(cc2O[C@@H]1CN(C)C(=O)c1ccccn1)C#Cc1ccc(cc1)F,0,0.041176,0.033541,0.005991
COc1ccc(cc1)C(=O)Nc1ccc2c(c1)C(=O)N(C)[C@@H]1CC[C@H](CC(=O)NCC3CC3)O[C@H]1CO2,0,0.011539,0.026044,0.009659
COc1ccc(cc1)CN(C)C[C@@H]1OCCCC[C@@H](C)Oc2ccc(cc2C(=O)N(C[C@H]1C)[C@@H](C)CO)NC(=O)Nc1ccccc1,0,0.023558,0.024107,0.005467
COc1ccc(cc1)S(=O)(=O)Nc1ccc2c(c1)CC(=O)N(C[C@@H](C)[C@H](CN(C)C(=O)Nc1c(noc1C)C)O2)[C@H](C)CO,0,0.004474,0.023293,0.004954
C[C@@H](O)C#Cc1cnc2c(c1)C(=O)N(C[C@@H](C)[C@H](CN(C)Cc1cncnc1)O2)[C@H](C)CO,0,0.045965,0.038258,0.014664
C[C@@H]1CN([C@@H](C)CO)C(=O)c2cc(ccc2O[C@@H]1CN(C)Cc1ccc(cc1)Oc1ccccc1)NS(=O)(=O)c1ccc(cc1)C,0,0.001390,0.024234,0.006134
COc1ccc(cc1)CN(C)C[C@H]1OCCCC[C@@H](C)Oc2ccc(cc2C(=O)N(C[C@H]1C)[C@@H](C)CO)NC(=O)NC1CCCCC1,0,0.029994,0.025029,0.005966
CN1CCN(CC1)C(=O)C[C@@H]1CC[C@@H]2[C@H](COC[C@@H](O)CN2S(=O)(=O)c2cccc(c2)Cl)O1,0,0.461674,0.050413,0.015100
C[C@H]1CN([C@@H](C)CO)C(=O)c2cccc(c2O[C@@H]1CN(C)Cc1ccc(cc1)C(F)(F)F)NC(=O)Nc1c(noc1C)C,0,0.446411,0.069414,0.043292
COc1cc(OC)c2c(OC)c(-c3ccc4c(c3)OCO4)c(=O)oc2c1,0,0.344025,0.227177,0.171948
C[C@H]1CN([C@H](C)CO)C(=O)c2cc(ccc2O[C@@H]1CN(C)Cc1ccc(cc1)-c1ccccc1)NC(=O)C1CCCCC1,0,0.073545,0.047281,0.025653
C[C@@H]1CCCCO[C@@H](CN(C)Cc2ccncc2)[C@H](C)CN([C@H](C)CO)C(=O)c2cc(ccc2O1)NC(=O)Nc1c(noc1C)C,0,0.014618,0.028176,0.008299
C[C@H]1CCCCO[C@H](CN(C)C(=O)Cc2ccccc2)[C@H](C)CN([C@@H](C)CO)C(=O)c2cc(ccc2O1)NC(=O)C1CCCCC1,0,0.002038,0.022583,0.005513
CN(C)CCCC[C@@H]1NC(=O)[C@@H]2C[C@@H]([C@@H](N2C1=O)c1ccc(cc1)O)C(=O)NCCCCCCNC(=O)CS,0,0.000130,0.104652,0.216658
C[C@H]1CN([C@@H](C)CO)S(=O)(=O)c2ccc(cc2O[C@@H]1CN(C)S(=O)(=O)c1ccc(cc1)C)Br,0,0.145946,0.028769,0.007835
COc1ccc(cc1)S(=O)(=O)N1C[C@H](O)COC[C@H]2O[C@@H](CC[C@@H]21)CC(=O)NCCCN1CCOCC1,0,0.165575,0.027480,0.010658
C[C@H]1CCCCO[C@H](CN(C)C(=O)Nc2ccc(cc2)C(F)(F)F)[C@H](C)CN([C@@H](C)CO)C(=O)c2cc(ccc2O1)NS(=O)(=O)c1cccs1,0,0.111667,0.046171,0.013536
Cc1ccc(c(c1)C)C(=O)N1CCC(CC1)n1cc(nn1)C(C)(C)N,0,0.984182,0.193829,0.159010
C[C@H]1CCCCO[C@@H](CN(C)C(=O)Nc2ccc(cc2)C(F)(F)F)[C@@H](C)CN([C@H](C)CO)C(=O)c2cc(ccc2O1)NC(=O)CCC(F)(F)F,0,0.626241,0.182240,0.085835
C[C@@H]1CN([C@@H](C)CO)C(=O)c2cc(ccc2O[C@@H]1CN(C)Cc1ccncc1)NC(=O)CCCN(C)C,0,0.014325,0.022159,0.005051
C[C@@H]1CN([C@H](C)CO)C(=O)c2cccc(c2O[C@@H]1CN(C)Cc1ccc2c(c1)OCO2)NC(=O)Nc1ccc(cc1)C(F)(F)F,0,0.358177,0.269254,0.159987
C[C@H]1CN([C@@H](C)CO)C(=O)Cc2cc(ccc2O[C@H]1CN(C)S(=O)(=O)C)NS(=O)(=O)C,0,0.003135,0.023326,0.006609
CC(C)NC(=O)Nc1ccc2c(c1)CC(=O)N(C[C@@H](C)[C@@H](CN(C)Cc1ccc(cc1)C(=O)O)O2)[C@@H](C)CO,0,0.071091,0.059558,0.019358
C[C@@H]1CCCCO[C@@H](CN(C)C(=O)Nc2ccccc2)[C@@H](C)CN([C@@H](C)CO)C(=O)c2cc(ccc2O1)NS(=O)(=O)c1ccccc1,0,0.002558,0.023503,0.004124
CC(C)(C)OC(=O)C[C@@H](CC=C)C(=O)OC[C@@H](Cc1c[nH]c2ccccc12)NC(=O)[C@H](CC=C)CC(=O)N(CCO)Cc1ccccc1,0,0.010005,0.068972,0.025116
CCC(=O)Nc1ccc2c(c1)OC[C@@H](C)N(C[C@@H](C)[C@@H](CN(C)C2=O)OC)S(=O)(=O)c1cn(cn1)C,0,0.005492,0.024960,0.004834
C[C@@H]1CN([C@@H](C)CO)C(=O)CCCn2nncc2CO[C@@H]1CN(C)S(=O)(=O)c1ccc(cc1)-n1cccn1,0,0.013545,0.023460,0.005076
CC(C)NC(=O)N[C@@H]1CC[C@@H](CCN)O[C@@H]1CO,0,0.129205,0.025799,0.008153
C[C@@H]1CN([C@H](C)CO)C(=O)c2cc(ccc2O[C@@H]1CN(C)S(=O)(=O)c1ccc(cc1)Cl)NC(=O)Cn1cnnn1,0,0.124961,0.024069,0.007392
COCCOC(=O)N1C(=O)[C@@]2([C@H]([C@H]3N([C@@H]([C@@H](OC3=O)c3ccccc3)c3ccccc3)[C@H]2c2ccc(cc2)O)C(=O)N2CCc3cc(c(cc3C2)OC)OC)c2cc(ccc21)C#Cc1ccc(cc1)OC,0,0.148476,0.124786,0.035691
COc1ccc(cc1)S(=O)(=O)N1C[C@H](O)COC[C@@H]2O[C@H](CC[C@H]21)CC(=O)NCCN1CCCCC1,0,0.438448,0.027793,0.010666
C[C@H]1CN([C@@H](C)CO)C(=O)c2cc(ccc2O[C@@H]1CN(C)Cc1ccc(cc1)Oc1ccccc1)NS(=O)(=O)c1c(noc1C)C,0,0.001812,0.026399,0.006794
C[C@@H](N1C(=O)CSC1=O)C(=O)O,0,0.008783,0.060565,0.060160
Nc1cc(N2CCCCC2)nc(N)[n+]1[O-],0,0.696298,0.183529,0.062462
C[C@H]1CN([C@H](C)CO)C(=O)c2c(c3ccccc3n2C)-c2ccccc2CO[C@H]1CN(C)C(=O)Nc1ccccc1C(F)(F)F,0,0.694468,0.167382,0.129927
C[C@@H]1CN([C@@H](C)CO)C(=O)Cc2cc(ccc2O[C@@H]1CN(C)C(=O)NC1CCCCC1)NC(=O)C1CC1,0,0.014254,0.022129,0.007123
OC[C@H]1O[C@@H](O[C@@H]2OC=C[C@H]3[C@H](O)[C@@H]4O[C@]4(COC(=O)c4ccccc4)[C@@H]23)[C@H](O)[C@@H](O)[C@@H]1O,0,0.107685,0.076637,0.074412
CC(=O)OCC1=C(N2[C@H](SC1)[C@H](NC(=O)CSc1ccncc1)C2=O)C(=O)O,1,0.953323,0.944811,0.965584
C[C@@H]1CN([C@@H](C)CO)C(=O)Cc2cc(ccc2O[C@@H]1CN(C)Cc1ccc(cc1)Oc1ccccc1)NS(=O)(=O)c1ccc(cc1)C,0,0.000413,0.024793,0.005030
COCC(=O)Nc1ccc2c(c1)OC[C@@H](C)N(C[C@H](C)[C@@H](CN(C)C2=O)OC)C(=O)c1ccccc1F,0,0.029488,0.029465,0.009564
COc1cccc(c1)NC(=O)N[C@H]1C=C[C@@H](CC(=O)N2CCOCC2)O[C@H]1CO,0,0.010799,0.085143,0.022379
OCCC1CCOCC1,0,0.053360,0.031865,0.013531
OC1(c2ccc(Cl)c(C(F)(F)F)c2)CCN(CCCC(c2ccc(F)cc2)c2ccc(F)cc2)CC1,0,0.997399,0.917342,0.953278
COc1ccc(cc1)NC(=O)N(C)C[C@H]1OCCCC[C@@H](C)Oc2ccc(cc2C(=O)N(C[C@@H]1C)[C@@H](C)CO)NS(=O)(=O)c1ccc(cc1)F,0,0.012141,0.023486,0.004310
C[C@H]1CCCCO[C@@H](CN(C)Cc2ccc(c(c2)Cl)Cl)[C@H](C)CN([C@H](C)CO)C(=O)c2cc(ccc2O1)NS(=O)(=O)C,0,0.031991,0.023599,0.005174
C[C@H](NC(=O)C[C@@H]1CC[C@@H](NC(=O)CN2CCOCC2)[C@@H](CO)O1)c1ccccc1,0,0.015440,0.023961,0.010701
OC[C@H]1O[C@H](CC(=O)NCc2cccc(c2)F)C=C[C@H]1NC(=O)CN1CCOCC1,0,0.022588,0.026984,0.021624
COc1ccccc1CN1[C@@H](c2ccc(cc2)CO)[C@@](Cc2ccccc2I)(C(=O)NCC(F)(F)F)c2ccccc2C1=O,0,0.162229,0.125546,0.092884
COc1ccc(cc1)S(=O)(=O)Nc1ccc2c(c1)C(=O)N(C[C@@H](C)[C@@H](CN(C)Cc1ccccc1)OCCCC[C@@H](C)O2)[C@@H](C)CO,0,0.003390,0.024715,0.004775
CC1=CC(=O)C(C(C)C)=CC1=O,0,0.361631,0.248010,0.113540
O[C@H]1COC[C@@H]2O[C@@H](CC[C@H]2N(C1)S(=O)(=O)c1cccc(c1)F)CC(=O)NCc1ccc2c(c1)OCO2,0,0.153987,0.027229,0.010820
C[C@@H]1CCCCO[C@H](CN(C)C(=O)c2ccccc2)[C@H](C)CN([C@@H](C)CO)C(=O)c2cc(ccc2O1)NS(=O)(=O)c1ccc(cc1)F,0,0.003010,0.023301,0.004186
C[C@H]1CN([C@@H](C)CO)C(=O)Cc2cc(ccc2O[C@H]1CN(C)Cc1ccc(cc1)-c1ccccc1)NS(=O)(=O)c1c(noc1C)C,0,0.003929,0.026492,0.006094
CC(C)(O)c1ccccc1CCC(SCC1(CC(=O)[O-])CC1)c1cccc(C=Cc2ccc3ccc(Cl)cc3n2)c1.[Na+],0,0.986143,0.842266,0.630612
C[C@@H]1CN([C@H](C)CO)S(=O)(=O)c2ccc(cc2O[C@H]1CN(C)S(=O)(=O)c1cn(cn1)C)C#Cc1cccc(c1)F,0,0.247304,0.028666,0.005917
C[C@H]1CCCCO[C@@H](CN(C)Cc2ccccc2)[C@@H](C)CN([C@H](C)CO)C(=O)c2cc(ccc2O1)NS(=O)(=O)c1ccc(cc1)C,0,0.003623,0.025420,0.006292
OC[C@H]1O[C@H](C[C@H]2[C@@H]1Oc1ccc(cc12)NC(=O)Cc1ccncc1)CC(=O)NCc1ccc2c(c1)OCO2,0,0.005240,0.022995,0.007737
C[C@H]1CN([C@H](C)CO)S(=O)(=O)c2ccc(cc2O[C@@H]1CN(C)S(=O)(=O)c1cn(cn1)C)C#Cc1cccc(c1)F,0,0.247304,0.028666,0.005917
NC(=O)N1CCC[C@@H](C1)C(=O)O,0,0.060448,0.024976,0.012143
C[C@H]1CN([C@@H](C)CO)C(=O)CCCn2nncc2CO[C@@H]1CN(C)S(=O)(=O)c1ccc(cc1)C#N,0,0.001708,0.023504,0.006800
C[C@@H]1CN([C@@H](C)CO)C(=O)c2cccc(c2O[C@@H]1CN(C)S(=O)(=O)c1ccc(cc1)Cl)NC(=O)Nc1ccc(cc1)C(F)(F)F,0,0.715356,0.150825,0.024526
C[C@@H](O)/C=C/c1cccc[n+]1C,0,0.005092,0.098115,0.020873
C[C@@H]1CN([C@H](C)CO)C(=O)Cc2cc(ccc2O[C@H]1CN(C)Cc1ccc(cc1)C(F)(F)F)NC(=O)Cc1ccccc1,0,0.039304,0.070873,0.045202
OC(=O)c1ccc2[nH]cnc2n1,0,0.564866,0.079042,0.057805
C[C@@H]1CN([C@@H](C)CO)C(=O)c2cccc(c2O[C@H]1CN(C)C(=O)Nc1cccc2ccccc12)NS(=O)(=O)c1ccc(cc1)F,0,0.040649,0.033625,0.011487
C[C@@H]1CN([C@H](C)CO)C(=O)c2c(c3ccccc3n2C)-c2ccccc2CO[C@H]1CN(C)Cc1ccccc1,0,0.126011,0.046016,0.032094
COc1ccc(cc1)NC(=O)N1C[C@@H](O)COC[C@@H]2O[C@@H](CC[C@H]21)CC(=O)NC1Cc2ccccc2C1,0,0.298508,0.157170,0.128819
NC[C@H]1CC[C@@H](CC1)C(=O)O,0,0.351853,0.061303,0.038000
COCCNC(=O)C[C@@H]1CC[C@H]2[C@H](COc3ccc(cc3C(=O)N2C)NS(=O)(=O)c2ccc(cc2)Cl)O1,0,0.019331,0.025481,0.010199
CC(C)NC(=O)N(C)C[C@H]1Oc2ccc(cc2CC(=O)N(C[C@H]1C)[C@@H](C)CO)NS(=O)(=O)c1cccs1,0,0.001702,0.023836,0.006401
C[C@@H]1CCCCO[C@@H](CN(C)C(=O)Nc2ccc3c(c2)OCO3)[C@H](C)CN([C@@H](C)CO)C(=O)c2cc(ccc2O1)NC(=O)Nc1cccc2ccccc12,0,0.010622,0.022227,0.004379
C[C@@H]1CN([C@@H](C)CO)S(=O)(=O)c2ccc(cc2O[C@@H]1CN(C)C(=O)c1ccc2c(c1)OCO2)C#Cc1ccccc1F,0,0.046935,0.026673,0.005469
C/C(=C\c1ccccc1OCc1cn(nn1)-c1ccc(cc1)C[C@@H]1N2CC(=C)[C@@H](/C=C/C=C)[C@@H]2[C@H](Cc2ccccc2)OC1=O)/C=C/C(=O)NO,0,0.821818,0.053930,0.045387
CC(C)NC(=O)Nc1ccc2c(c1)C(=O)N(C[C@@H](C)[C@H](CN(C)C(=O)NC1CCCCC1)O2)[C@H](C)CO,0,0.013092,0.023287,0.008007
COC[C@H]1CN(Cc2cnn(c21)C)C(=O)C1CC1,0,0.019171,0.027977,0.013517
C[C@H]1CN([C@H](C)CO)C(=O)Cc2cc(ccc2O[C@H]1CN(C)Cc1ccc(cc1)C(F)(F)F)NC(=O)Nc1cccc2ccccc12,0,0.093581,0.053838,0.023474
C[C@@H]1CN([C@H](C)CO)C(=O)CCCn2cc(nn2)CO[C@H]1CN(C)C(=O)Nc1ccc(cc1)N1CCCCC1,0,0.248170,0.029534,0.008560
COc1ccc(cc1)CN(C)C[C@H]1Oc2ccc(cc2CC(=O)N(C[C@H]1C)[C@@H](C)CO)NC(=O)Nc1ccc(cc1)C(F)(F)F,0,0.193215,0.074795,0.046689
C[C@@H]1CN([C@@H](C)CO)C(=O)c2cc(ccc2O[C@@H]1CN(C)C(=O)Nc1ccc(cc1)C(F)(F)F)NC(=O)Cc1ccccc1,0,0.468356,0.404964,0.311230
C(=C/c1ccncc1)\c1ccncc1,0,0.099312,0.148782,0.120585
C[C@@H]1CCCCO[C@H](CN(C)Cc2ccc(c(c2)Cl)Cl)[C@@H](C)CN([C@@H](C)CO)C(=O)c2cc(ccc2O1)N(C)C,0,0.313809,0.029648,0.010443
C[C@H]1CN([C@H](C)CO)C(=O)c2cc(cnc2O[C@H]1CN(C)C(=O)Cc1cccnc1)C#CCc1ccccc1,0,0.005057,0.023068,0.004568
CN1[C@@H]2CC[C@H](CC(=O)NCCc3ccncc3)O[C@H]2COc2ccc(cc2C1=O)NC(=O)Cc1cccs1,0,0.006602,0.028246,0.012334
C[C@H]1CN([C@H](C)CO)C(=O)Cc2cc(ccc2O[C@H]1CN(C)Cc1ccc(c(c1)Cl)Cl)NS(=O)(=O)c1ccc(cc1)C,0,0.006369,0.025294,0.005541
C=CCNC(=O)C(=O)NC[C@H]1OCCCN1S(=O)(=O)c1ccccc1,0,0.075186,0.025661,0.021198
C[C@H]1CCCCO[C@H](CN(C)CC2CCCCC2)[C@@H](C)CN([C@H](C)CO)C(=O)c2cc(ccc2O1)NC(=O)CCCCCC(=O)Nc1ccccc1N,0,0.033176,0.029792,0.007125
C[C@H]1CCCCO[C@@H](CN(C)Cc2ccc(cc2)C(=O)O)[C@H](C)CN([C@@H](C)CO)C(=O)c2cc(ccc2O1)NS(=O)(=O)c1ccc(cc1)C,0,0.039929,0.027832,0.005243
NCC1CCN(CC1)Cc1ccccc1,0,0.789735,0.192903,0.133536
OC[C@H]1O[C@H](C[C@@H]2[C@H]1Oc1ccc(cc12)NC(=O)Nc1ccccc1)CC(=O)NCCN1CCCCC1,0,0.316521,0.042094,0.028635
CCS(=O)(=O)N1CC[C@]2(CC1)CN([C@@H](CO)c1c2c2ccc(cc2n1C)OC)C(=O)CN1CCOCC1,0,0.004724,0.025412,0.011250
C[C@H]1CN([C@H](C)CO)C(=O)c2cccc(c2O[C@H]1CN(C)Cc1ccc(cc1)-c1ccccc1)NC(=O)C1CCCCC1,0,0.086782,0.042658,0.028324
C[C@H]1CCCCO[C@H](CN(C)C(=O)Nc2c(noc2C)C)[C@@H](C)CN([C@@H](C)CO)C(=O)c2cc(ccc2O1)NC(=O)NC1CCCCC1,0,0.029611,0.024327,0.005948
CN1CCN(CC1)C(=O)C[C@H]1CC[C@@H]2[C@H](COC[C@H](O)CN2Cc2ccc3c(c2)OCO3)O1,0,0.389051,0.026547,0.015305
O=C1NC(=O)C(=CN1C1CCCCC1)C#N,0,0.395036,0.196468,0.119623
C[C@@H]1CCCCO[C@H](CN(C)S(=O)(=O)c2ccccc2)[C@H](C)CN([C@@H](C)CO)C(=O)c2cc(ccc2O1)NC(=O)c1ccccc1,0,0.000499,0.023490,0.004358
C[C@H]1CC=CC[C@@H](NC(=O)[C@H](Cc2ccccc2)N(C)C(=O)c2ccccc2O1)c1cccc(c1)Cl,0,0.108228,0.495795,0.208815
C[C@H]1CCCCO[C@@H](CN(C)C(=O)CCC(F)(F)F)[C@@H](C)CN([C@@H](C)CO)C(=O)c2cc(ccc2O1)NC(=O)c1ccccc1,0,0.011516,0.022342,0.011715
O[C@@H]1COC[C@@H]2O[C@@H](CC[C@H]2N(C1)S(=O)(=O)c1cccc(c1)Cl)CC(=O)NCCCN1CCOCC1,0,0.341721,0.031145,0.018518
O[C@H]1COC[C@@H]2O[C@H](CC[C@H]2N(C1)S(=O)(=O)c1cccc(c1)Cl)CC(=O)N1CCOCC1,0,0.135998,0.052695,0.024831
CC1(C)CC[C@@]2(CC[C@]3(C)C(=CC[C@H]4[C@@]5(C)CC[C@H](O[C@@H]6OC[C@H](O)[C@H](O)[C@H]6O)C(C)(C)[C@@H]5CC[C@]43C)[C@@H]2C1)C(=O)O[C@@H]1O[C@H](CO[C@@H]2O[C@H](CO)[C@@H](O)[C@H](O)[C@H]2O)[C@@H](O)[C@H](O)[C@H]1O,0,0.817089,0.289698,0.111527
COCC#Cc1ccc2c(c1)O[C@@H](CN(C)S(=O)(=O)c1ccc(cc1)C)[C@H](C)CN([C@@H](C)CO)S2(=O)=O,0,0.135451,0.026785,0.006023
O[C@H]1COC[C@@H]2O[C@@H](CC[C@H]2N(C1)S(=O)(=O)c1ccc(cc1)Cl)CC(=O)NCc1ccncn1,0,0.466170,0.028981,0.019961
COc1ccc(cc1)S(=O)(=O)Nc1ccc2c(c1)C(=O)N(C[C@H](C)[C@H](CN(C)CC1CCCCC1)OCCCC[C@H](C)O2)[C@H](C)CO,0,0.017840,0.023909,0.006674
C[C@@H]1CCCCO[C@@H](CN(C)S(=O)(=O)C)[C@@H](C)CN([C@H](C)CO)C(=O)c2cc(ccc2O1)NS(=O)(=O)C,0,0.006104,0.030755,0.005480
COC(=O)[C@H]1CCCNC1=O,0,0.003984,0.027964,0.010285
CN(C)Cc1ccc(cc1)[C@@H](N)c1ccncc1,0,0.771277,0.185795,0.186611
Nc1nc(c(c(c1C#N)-c1ccc(cc1)OCCO)C#N)SCc1csc(n1)-c1ccc(cc1)Cl,0,0.092440,0.468051,0.437452
C[C@H]1CN([C@@H](C)CO)C(=O)c2cc(ccc2O[C@H]1CN(C)S(=O)(=O)c1ccc(cc1)Cl)NC(=O)CCN1CCOCC1,0,0.006775,0.023319,0.004470
CC(C)NC(=O)Nc1ccc2c(c1)C(=O)N(C[C@H](C)[C@@H](CN(C)C(=O)Nc1c(noc1C)C)O2)[C@@H](C)CO,0,0.049133,0.027998,0.009412
Nc1ncnc2n(cnc12)[C@@H]1O[C@H](COP(=O)(O)OP(=O)(O)OP(=O)(O)OP(=O)(O)OC[C@H]2O[C@H]([C@H](O)[C@@H]2O)n2cnc3c(ncnc23)N)[C@@H](O)[C@H]1O,0,0.000000,0.158376,0.072148
FC(F)Oc1cccc(c1)S(=O)(=O)N1[C@@H]2CC[C@@H](C2)[C@H]1c1nc2cccc(c2[nH]1)OCc1ccccc1,0,0.455881,0.042090,0.037049
C[C@H]1CCCCO[C@H](CN(C)CC2CC2)[C@@H](C)CN([C@H](C)CO)C(=O)c2cc(ccc2O1)NC(=O)Cc1ccccc1,0,0.037471,0.026760,0.008367
C[C@@H]1CN([C@@H](C)CO)C(=O)Cc2cc(ccc2O[C@@H]1CN(C)Cc1ccc(cc1)Oc1ccccc1)NS(=O)(=O)c1ccc(cc1)Cl,0,0.001283,0.024216,0.006879
OCc1cccnc1,0,0.012229,0.048760,0.021688
C[C@H]1CN([C@@H](C)CO)C(=O)c2cccc(c2O[C@H]1CN(C)Cc1ccc(cc1)Oc1ccccc1)NC(=O)CCCCCC(=O)Nc1ccccc1N,0,0.004299,0.030668,0.006634
C[C@H]1CN([C@H](C)CO)C(=O)c2cccc(c2O[C@@H]1CN(C)CC1CC1)NS(=O)(=O)c1cccs1,0,0.015421,0.026911,0.007228
C[C@H]1CCCCO[C@H](CN(C)S(=O)(=O)c2ccc(cc2)Cl)[C@H](C)CN([C@@H](C)CO)C(=O)c2cc(ccc2O1)NC(=O)Nc1ccc(cc1)F,0,0.070119,0.023971,0.006770
CC(C)CC#Cc1cnc2c(c1)C(=O)N(C[C@@H](C)[C@@H](CN(C)C(=O)Nc1c(noc1C)C)O2)[C@H](C)CO,0,0.194652,0.026786,0.007038
CCCNC(=O)C[C@H]1CC[C@H]2[C@H](COc3ccc(cc3C(=O)N2C)NC(=O)c2ccc3c(c2)OCO3)O1,0,0.002844,0.022722,0.008898
Cc1cc(O)c2c(c1)Cc1cccc(O)c1C2=O,0,0.544163,0.425072,0.425888
Cc1oc(=O)oc1CN1CCN(c2cc3c(cc2F)c(=O)c(C(=O)O)c2n3C(C)S2)CC1,1,0.556730,0.847633,0.896534
COc1ccc(cc1)NC(=O)Nc1cccc2c1O[C@@H](CN(C)C(=O)Nc1cccc3ccccc13)[C@@H](C)CN([C@H](C)CO)C2=O,0,0.067933,0.025391,0.011836
COc1ccc(cc1)NC(=O)Nc1ccc2c(c1)C(=O)N(C[C@H](C)[C@H](CN(C)Cc1ccc(c(c1)Cl)Cl)O2)[C@@H](C)CO,0,0.129223,0.093824,0.022713
CC(C)CC(=O)N1CCC(N)CC1,0,0.037217,0.027377,0.011467
C[C@@H]1CN([C@H](C)CO)C(=O)Cc2cc(ccc2O[C@H]1CN(C)C(=O)Nc1ccc2c(c1)OCO2)NC(=O)Nc1cccc2ccccc12,0,0.004614,0.020934,0.004894
CC(C)NC(=O)N(C)C[C@@H]1Oc2ccc(cc2C(=O)N(C[C@@H]1C)[C@H](C)CO)NS(=O)(=O)c1cccs1,0,0.015093,0.023776,0.006507
C[C@H]1CN([C@@H](C)CO)C(=O)c2cc(ccc2O[C@@H]1CN(C)Cc1ccc(cc1)C(=O)Nc1ccccc1N)NC(=O)Nc1c(noc1C)C,0,0.013285,0.027467,0.005675
C[C@H]1CN([C@H](C)CO)C(=O)c2cc(cnc2O[C@H]1CN(C)C(=O)Nc1c(noc1C)C)C#Cc1ccccc1,0,0.088020,0.023089,0.007424
C[C@@H]1CN([C@@H](C)CO)S(=O)(=O)c2ccc(cc2O[C@@H]1CN(C)C(=O)Cc1ccccn1)-c1ccc(cc1)C(=O)N(C)C,0,0.001238,0.027736,0.005746
O[C@@H](CO[C@H](COc1ccc(cc1)C(=O)O)Cn1c2ccccc2c2ccccc12)COc1ccc(cc1)C(=O)O,0,0.928076,0.389811,0.400814
COCC#Cc1ccc2c(c1)O[C@H](CN(C)C(=O)C1CCOCC1)[C@@H](C)CN([C@H](C)CO)S2(=O)=O,0,0.093160,0.024006,0.008056
C[C@H]1CN([C@@H](C)CO)C(=O)c2cc(ccc2O[C@H]1CN(C)Cc1ccc(cc1)C(=O)Nc1ccccc1N)NS(=O)(=O)C,0,0.003511,0.024529,0.005386
Cc1ccc2ncccc2c1,0,0.107183,0.080114,0.042813
C[C@H]1CN([C@H](C)CO)C(=O)Cc2cc(ccc2O[C@H]1CN(C)Cc1ccc(cc1)C(=O)Nc1ccccc1N)NC(=O)Nc1ccc2c(c1)OCO2,0,0.001810,0.022217,0.004741
ONC(=O)c1ccc(s1)C#C,0,0.054235,0.055516,0.028194
CC(C)NC(=O)N(C)C[C@H]1Oc2ccc(cc2C(=O)N(C[C@@H]1C)[C@H](C)CO)NC(=O)Cc1ccccc1,0,0.006540,0.023943,0.010297
COc1ccc(cc1)NC(=O)Nc1ccc2c(c1)C(=O)N(C[C@H](C)[C@@H](CN(C)Cc1ccccc1)OCCCC[C@@H](C)O2)[C@@H](C)CO,0,0.011624,0.024243,0.005151
CC(C)(C)NCc1ccccc1F,0,0.203429,0.082088,0.041784
COC(=O)C1=CO[C@@H](O[C@@H]2O[C@H](CO)[C@@H](O)[C@H](O)[C@H]2O)[C@@H]2[C@@](C)(O)[C@H](C[C@@]21O)OC(=O)/C=C/c1ccc(c(c1)OC)OC,0,0.022546,0.570672,0.471698
CCN1C(N=O)C(=O)N(CC)C1=S,0,0.000006,0.098037,0.049052
CC(C)c1cccc(C(C)C)c1O,0,0.657407,0.517556,0.478712
C[C@H]1CN([C@@H](C)CO)C(=O)c2cc(cnc2O[C@@H]1CN(C)C(=O)Cc1ccccn1)-c1cccc(c1)C(=O)N(C)C,0,0.000750,0.022000,0.003954
C[C@@H]1CN([C@@H](C)CO)C(=O)Cc2cc(ccc2O[C@@H]1CN(C)Cc1ccc(c(c1)Cl)Cl)NS(=O)(=O)c1ccc(cc1)F,0,0.016706,0.024415,0.007182
C[C@H]1CCCCO[C@@H](CN(C)C(=O)Nc2ccccc2)[C@@H](C)CN([C@@H](C)CO)C(=O)c2cc(ccc2O1)NC(=O)CCC(F)(F)F,0,0.156429,0.021335,0.013850
CCCCCCCCCCCCCCCCCCOCC(O)CO,0,0.224048,0.090539,0.102291
CC(C)NC(=O)Nc1ccc2c(c1)C(=O)N(C[C@H](C)[C@H](CN(C)Cc1ccc(cc1)Oc1ccccc1)O2)[C@H](C)CO,0,0.014627,0.029668,0.015584
Cc1nccc2c3ccccc3[nH]c12,0,0.093809,0.096542,0.124283
COc1ccc(cc1)S(=O)(=O)N(C)C[C@H]1OCCCC[C@H](C)Oc2ccc(cc2C(=O)N(C[C@H]1C)[C@H](C)CO)NS(=O)(=O)c1cn(cn1)C,0,0.017853,0.026319,0.005687
C[C@@H]1CCCCO[C@@H](CN(C)C(=O)Nc2ccc(cc2)C(F)(F)F)[C@@H](C)CN([C@H](C)CO)C(=O)c2cc(ccc2O1)N(C)C,0,0.602012,0.101269,0.061463
C[C@H]1CN([C@H](C)CO)C(=O)Cc2cc(ccc2O[C@H]1CN(C)C(=O)Nc1ccc(cc1)F)NC(=O)CCN1CCOCC1,0,0.008356,0.029743,0.007105
OC[C@H]1[C@@H]2CN3C(=O)C=CC=C3[C@H]([C@@H]1C(=O)NCCCN1CCOCC1)N2C(=O)C1CCCCC1,0,0.039938,0.031971,0.011472
CCS(=O)(=O)Nc1ccc2c(c1)C(=O)N(C)[C@H]1CC[C@@H](CC(=O)N3CCN(C)CC3)O[C@H]1CO2,0,0.010471,0.160558,0.009164
OCc1ccc2c(c1)N(Cc1ccccc1)C(=O)[C@]1(CC(=O)N(C3CCCCC3)[C@H]21)c1ccc(cc1)[N+](=O)[O-],0,0.117751,0.203078,0.260836
C[C@@H]1CN([C@@H](C)CO)C(=O)c2cccc(c2O[C@H]1CN(C)Cc1ccc(cc1)C(=O)Nc1ccccc1N)NC(=O)Nc1ccc(cc1)C(F)(F)F,0,0.321955,0.030591,0.027178
CC(C)Oc1oc(c(c1S(=O)(=O)c1ccc(cc1)Cl)-c1ccc(cc1)Cl)C(=O)NC1CCCCC1,0,0.223140,0.695859,0.480264
OC[C@H]1O[C@@H](CCNC(=O)C2CCC2)CC[C@H]1NC(=O)CN1CCOCC1,0,0.031885,0.024375,0.010284
C[C@@H]1CN([C@@H](C)CO)C(=O)c2cccc(c2O[C@H]1CN(C)CC1CC1)NC(=O)Nc1cccc2ccccc12,0,0.140971,0.048327,0.031445
C[C@@H]1CCCCO[C@@H](CN(C)C(=O)Nc2ccc(cc2)C(F)(F)F)[C@H](C)CN([C@@H](C)CO)C(=O)c2cc(ccc2O1)N(C)C,0,0.602012,0.101269,0.061463
O=c1cccc2n1CC1CNCC2C1,0,0.165231,0.047048,0.023977
NC1=NC(=O)N(N=C1)[C@H]1O[C@@H](COC(=O)c2ccccc2)[C@@H](O)[C@@H]1O,0,0.483993,0.140021,0.131454
O=C1C=C2CC3(O)COc4cc(O)ccc4C3=C2C=C1O,0,0.027288,0.179702,0.176461
Cc1cc(=O)oc2c(O)c(O)ccc12,0,0.235900,0.408424,0.265110
C[C@@H]1CN([C@H](C)CO)C(=O)c2cccc(c2O[C@H]1CN(C)Cc1ccc(c(c1)Cl)Cl)NC(=O)CCCCCC(=O)Nc1ccccc1N,0,0.102826,0.026437,0.007762
COC(=O)[C@@H]1[C@@H]2O[C@@]3(CN(C4CC4)C(=O)C13)C=C2,0,0.019029,0.042371,0.020809
COCC#Cc1ccc2c(c1)O[C@@H](CN(C)Cc1ccccc1F)[C@H](C)CN([C@H](C)CO)S2(=O)=O,0,0.090068,0.028778,0.008384
C[C@H]1CN([C@@H](C)CO)C(=O)c2ccccc2-c2ccccc2CO[C@H]1CN(C)Cc1ccccc1C(F)(F)F,0,0.351488,0.830537,0.769964
C[C@H]1CCCCO[C@@H](CN(C)S(=O)(=O)c2ccc(cc2)F)[C@@H](C)CN([C@H](C)CO)C(=O)c2cc(ccc2O1)NS(=O)(=O)C,0,0.016247,0.023562,0.006131
C[C@@H]1CN([C@@H](C)CO)C(=O)c2cc(ccc2O[C@H]1CN(C)Cc1ccc(cc1)C(F)(F)F)NC(=O)Nc1cccc2ccccc12,0,0.203915,0.124192,0.070955
CCNC(=O)C[C@@H]1CC[C@H](NC(=O)C2CCOCC2)[C@@H](CO)O1,0,0.025698,0.024380,0.006523
C[C@H]1CN([C@@H](C)CO)C(=O)c2cc(ccc2O[C@@H]1CN(C)S(=O)(=O)c1ccc(cc1)F)NS(=O)(=O)c1ccc(cc1)C,0,0.022368,0.023371,0.008108
CS(=O)(=O)NCc1ncn2c1CN(CCC2)C(=O)[C@H]1CCCO1,0,0.002116,0.022232,0.006367
C[C@H]1CN([C@H](C)CO)C(=O)c2cc(cnc2O[C@H]1CN(C)S(=O)(=O)c1cccs1)C#CCN(C)C,0,0.021410,0.022991,0.007556
CN1C[C@H]2CN[C@H]2C1,0,0.037250,0.040796,0.012578
C[C@H]1CCCCO[C@H](CN(C)C(=O)Nc2c(noc2C)C)[C@H](C)CN([C@@H](C)CO)C(=O)c2cc(ccc2O1)NC(=O)c1ccccc1,0,0.007838,0.023515,0.004746
CC(C)CC#Cc1ccc2c(c1)O[C@H](CN(C)C(=O)c1cnccn1)[C@H](C)CN([C@H](C)CO)S2(=O)=O,0,0.215716,0.023675,0.006029
C[C@@H]1CCCCO[C@@H](CN(C)C(=O)Nc2ccc(cc2)F)[C@H](C)CN([C@H](C)CO)C(=O)c2cc(ccc2O1)NC(=O)CCC(F)(F)F,0,0.358825,0.027119,0.018632
COc1ccc(cc1)CN(C)C[C@@H]1OCCCC[C@@H](C)Oc2ccc(cc2C(=O)N(C[C@@H]1C)[C@H](C)CO)NC(=O)C1CCCCC1,0,0.029399,0.028337,0.007177
C[C@@H]1CN([C@@H](C)CO)C(=O)c2cc(cnc2O[C@H]1CN(C)C(=O)CN(C)C)C#CC1(O)CCCC1,0,0.144672,0.050243,0.020340
C[C@H]1CCCCO[C@@H](CN(C)Cc2ccc(cc2)C(F)(F)F)[C@H](C)CN([C@@H](C)CO)C(=O)c2cc(ccc2O1)NC(=O)Nc1c(noc1C)C,0,0.230310,0.024602,0.011634
C[C@@H]1CN([C@@H](C)CO)C(=O)c2cc(ccc2O[C@H]1CN(C)Cc1ccc(c(c1)Cl)Cl)NC(=O)Cn1cnnn1,0,0.230432,0.051359,0.016360
COc1ccc(cc1)CNC(=O)N(C)C[C@H]1OCc2ccccc2-c2c(n(c3ccccc23)C)C(=O)N(C[C@@H]1C)[C@H](C)CO,0,0.022650,0.023286,0.007720
NCc1cccc(c1)COc1ccccc1,0,0.340258,0.153079,0.167782
C[C@H]1CN([C@@H](C)CO)C(=O)c2cc(ccc2O[C@H]1CN(C)S(=O)(=O)c1c(noc1C)C)NS(=O)(=O)c1ccc(cc1)Cl,0,0.029340,0.027211,0.008038
C[C@@H]1CCCCO[C@@H](CN(C)C(=O)c2ccccc2)[C@@H](C)CN([C@H](C)CO)C(=O)c2cc(ccc2O1)NC(=O)CCCCCC(=O)Nc1ccccc1N,0,0.001372,0.025804,0.004252
OCCCC1=C[C@@H](N(Cc2cccc(c2)OC(F)(F)F)/C(=N\P(=O)(Oc2ccccc2)Oc2ccccc2)C1)c1ccc(cc1)CN1CCCC1,1,0.977520,0.676503,0.403521
C[C@@H]1CCCCO[C@@H](CN(C)S(=O)(=O)c2ccc(cc2)Cl)[C@@H](C)CN([C@@H](C)CO)C(=O)c2cc(ccc2O1)NC(=O)Nc1ccccc1,0,0.020639,0.023416,0.004755
OC[C@H]1O[C@@H](C[C@@H]2[C@H]1Oc1ccc(cc12)NC(=O)NC1CCCC1)CC(=O)NCCN1CCCCC1,0,0.340941,0.039733,0.030037
Cn1nnnc1-c1ccc(cc1)N,0,0.394127,0.176770,0.094077
C[C@H]1CCCCO[C@@H](CN(C)C(=O)c2ccccc2)[C@@H](C)CN([C@H](C)CO)C(=O)c2cc(ccc2O1)NC(=O)c1ccccc1,0,0.000459,0.022247,0.004773
C[C@@H]1CN([C@H](C)CO)C(=O)Cc2cc(ccc2O[C@H]1CN(C)Cc1ccc(cc1)-c1ccccc1)NC(=O)c1ccncc1,0,0.005492,0.021745,0.005514
C[C@@H]1CCCCO[C@H](CN(C)C(=O)C2CCCCC2)[C@@H](C)CN([C@@H](C)CO)C(=O)c2cc(ccc2O1)NC(=O)NC1CCCCC1,0,0.014777,0.025056,0.007586
C[C@@H]1CCCCO[C@H](CN(C)CC2CCCCC2)[C@H](C)CN([C@@H](C)CO)C(=O)c2cc(ccc2O1)NS(=O)(=O)c1ccccc1,0,0.010312,0.023891,0.005727
C[C@@H]1CCCCO[C@@H](CN(C)Cc2ccc(cc2)C(F)(F)F)[C@H](C)CN([C@H](C)CO)C(=O)c2cc(ccc2O1)NC(=O)Nc1ccc(cc1)C(F)(F)F,0,0.768906,0.038422,0.016114
ONC(=O)/C=C/c1cccc(c1)-c1cn(nn1)CC(=O)N1CCC2(CC1)N(CNC2=O)c1ccccc1,0,0.711380,0.083973,0.287390
CCCCC/C=C\C/C=C\CCCCCCCCCC(=O)O,0,0.075982,0.109692,0.085190
Nc1cccc(c1)OCc1ccccc1,0,0.159913,0.178038,0.144415
C[C@H](O)C#Cc1ccc2c(c1)O[C@H](CN(C)C(=O)Cc1ccccn1)[C@H](C)CN([C@@H](C)CO)S2(=O)=O,0,0.018794,0.025045,0.006243
FC(F)(F)c1cc(cc(c1)C(F)(F)F)C(=O)N1CC[C@@H](C[C@H]1Cc1ccc(cc1)Cl)NC(=O)c1ccnc2ccccc12,0,0.843903,0.311256,0.305140
C[C@@H]1CCCCO[C@H](CN(C)CC2CCCCC2)[C@H](C)CN([C@H](C)CO)C(=O)c2cc(ccc2O1)NC(=O)CCC(F)(F)F,0,0.304547,0.185043,0.131271
C[C@H]1CCCCO[C@H](CN(C)CC2CCCCC2)[C@@H](C)CN([C@H](C)CO)C(=O)c2cc(ccc2O1)NC(=O)Nc1ccc2c(c1)OCO2,0,0.046725,0.027035,0.006371
CN(C)CCCCNC(=O)[C@H]1C[C@@H]2N([C@H]1c1ccc(cc1)O)C(=O)[C@H](CCCCN)NC2=O,0,0.877982,0.161632,0.115099
C=CCCCCCCCCC(=O)[O-].C=CCCCCCCCCC(=O)[O-].[Zn+2],0,0.000794,0.445108,0.223694
OC[C@@H]1[C@H]([C@H]2CN(CC(=O)N12)S(=O)(=O)Cc1ccccc1)c1ccc(cc1)C#Cc1cccc(c1)F,0,0.186483,0.042675,0.023780
CCCNC(=O)C[C@@H]1CC[C@@H]2[C@H](COc3ccc(cc3C(=O)N2C)NC(=O)c2ccc3c(c2)OCO3)O1,0,0.002844,0.022722,0.008898
NCCN1CCC[C@@H](C1)C(=O)N,0,0.070152,0.034642,0.008258
C[C@H]1CN([C@@H](C)CO)S(=O)(=O)c2ccc(cc2O[C@H]1CN(C)C(=O)Nc1ccc(cc1)C(F)(F)F)-c1ccc(cc1)C,0,0.556791,0.032460,0.025546
CC(=O)OC1CC(O)C(C)(C)C2CC(OC(C)=O)C3(C)C(CCC4(C)C(c5ccoc5)OC(=O)C5OC543)C12C,0,0.089750,0.488270,0.300471
C[C@@H]1CCCCO[C@@H](CN(C)C(=O)Nc2ccc(cc2)C(F)(F)F)[C@H](C)CN([C@@H](C)CO)C(=O)c2cc(ccc2O1)NS(=O)(=O)c1cn(cn1)C,1,0.399613,0.883473,0.918595
COc1cc(c(c(c1)OC)CN(CC#CCOC(=O)NCCCCCC(=O)NO)S(=O)(=O)c1ccccc1[N+](=O)[O-])OC,0,0.000387,0.431402,0.102189
O=C(O)CCCCC1SCC2NC(=O)NC21,0,0.036588,0.042117,0.043407
C[C@H]1CN([C@@H](C)CO)S(=O)(=O)c2ccc(cc2O[C@H]1CN(C)C(=O)Cc1ccncc1)Br,0,0.049366,0.027439,0.006269
C[C@H]1CN([C@@H](C)CO)C(=O)c2cccc(c2O[C@H]1CN(C)C(=O)Nc1ccc2c(c1)OCO2)NC(=O)Nc1cccc2ccccc12,0,0.029531,0.024750,0.011305
C[C@H]1CCCCO[C@H](CN(C)CC2CCCCC2)[C@H](C)CN([C@@H](C)CO)C(=O)c2cc(ccc2O1)NS(=O)(=O)c1ccc(cc1)Cl,0,0.048954,0.031075,0.007775
COc1cccc(c1)NC(=O)N[C@@H]1C=C[C@H](CC(=O)N2CCOCC2)O[C@@H]1CO,0,0.010799,0.085143,0.022379
C[C@@H]1CN([C@@H](C)CO)C(=O)c2cc(cnc2O[C@@H]1CN(C)C(=O)c1ccncc1)-c1ccc(cc1)C(=O)N(C)C,0,0.000861,0.023141,0.005999
C[C@H]1CN([C@H](C)CO)C(=O)Cc2cc(ccc2O[C@H]1CN(C)S(=O)(=O)c1cn(cn1)C)N(C)C,0,0.015997,0.022727,0.006211
OS(=O)(=O)CCN1C(=S)S/C(=C\c2cn(nc2-c2ccc(cc2)OCc2ccc(cc2)Cl)-c2ccccc2)C1=O,0,0.654321,0.536995,0.413567
C[C@]12[C@H]3[C@H](O[C@@]42C=CCN(C(=O)[C@H]4N(CCCCCO)C1=O)c1ccc(cc1)Cl)/C=C\CCCOC3=O,0,0.625740,0.523214,0.285055
COc1ccc(cc1)NC(=O)N(C)C[C@H]1Oc2cc(ccc2S(=O)(=O)N(C[C@H]1C)[C@@H](C)CO)C#CCN(C)C,0,0.201004,0.029181,0.009367
COc1ccc(cc1)S(=O)(=O)Nc1ccc2c(c1)C(=O)N(C[C@H](C)[C@@H](CN(C)C(=O)Nc1cccc3ccccc13)O2)[C@@H](C)CO,0,0.012518,0.023231,0.005570
CCN(Cc1cccc(c1)Br)c1c(nc2ccc(cn12)C(=O)Nc1ccc2c(c1)OCC(=O)N2)CC,0,0.267946,0.381163,0.286916
C[C@@H]1CN([C@H](C)CO)C(=O)c2cc(ccc2O[C@H]1CN(C)Cc1ccc2c(c1)OCO2)NS(=O)(=O)c1cn(cn1)C,0,0.008372,0.024002,0.005078
C[C@H]1CCCCO[C@H](CN(C)Cc2ccc3c(c2)OCO3)[C@@H](C)CN([C@@H](C)CO)C(=O)c2cc(ccc2O1)NC(=O)C1CCCCC1,0,0.017768,0.024639,0.006740
C[C@H]1CN([C@H](C)CO)C(=O)Cc2cc(ccc2O[C@H]1CN(C)S(=O)(=O)c1c(noc1C)C)NC(=O)Nc1ccc2c(c1)OCO2,0,0.002507,0.027488,0.005438
CC(C=CC=C(C)C=CC1=C(C)C(=O)CCC1(C)C)=CC=CC=C(C)C=CC=C(C)C=CC1=C(C)C(=O)CCC1(C)C,0,0.993329,0.315368,0.179166
C[C@H]1CCCCO[C@H](CN(C)C(=O)CCC(F)(F)F)[C@@H](C)CN([C@@H](C)CO)C(=O)c2cc(ccc2O1)NS(=O)(=O)c1ccc(cc1)Cl,0,0.033131,0.025613,0.005837
C[C@@H](Sc1ccc(cc1)C)C(=O)c1ccc(c(c1)Cl)C,0,0.965385,0.431975,0.411018
COc1ccccc1-c1cnc2c(c1)C(=O)N(C[C@@H](C)[C@H](CN(C)C(=O)c1cccnc1)O2)[C@@H](C)CO,0,0.002516,0.023013,0.004282
NCCCC[C@H](NC(=O)[C@@H]1CCCN1C(=O)[C@@H]1CSSC[C@H](N)C(=O)N[C@@H](Cc2ccccc2)C(=O)N[C@@H](Cc2ccccc2)C(=O)NC(CCC(=O)N)C(=O)N[C@@H](CC(=O)N)C(=O)N1)C(=O)NCC(=O)N,0,0.510908,0.342343,0.233805
COc1ccc(cc1)C(=O)Nc1ccc(cc1)CN1C(=O)[C@]2(O[C@H](CC(=O)N3CCC[C@H]3CO)[C@H]([C@@H]2C)[Si](C)(C)c2ccc(cc2)OC)c2ccccc21,0,0.008978,0.043435,0.038749
OC[C@H]1O[C@H](CCNC(=O)CN2CCOCC2)CC[C@H]1NS(=O)(=O)c1ccc(cc1)Cl,0,0.020456,0.027061,0.015992
C[C@@H]1CN([C@H](C)CO)C(=O)c2cccc(c2O[C@@H]1CN(C)C(=O)Nc1ccc(cc1)F)NC(=O)c1nc2ccccc2s1,0,0.154725,0.035803,0.017414
COC(=O)c1c(C)c2c(c(C)c1O)OC(=O)c1c(C)c(Cl)c(O)c(Cl)c1O2,1,0.993828,0.871506,0.794957
C[C@H]1CCCCO[C@@H](CN(C)Cc2ccc(c(c2)Cl)Cl)[C@H](C)CN([C@@H](C)CO)C(=O)c2cc(ccc2O1)NC(=O)NC1CCCCC1,0,0.130516,0.022574,0.006892
CN1CC(=O)NC1=N,0,0.000886,0.047517,0.017352
C[C@H]1CN([C@H](C)CO)C(=O)Cc2cc(ccc2O[C@H]1CN(C)S(=O)(=O)C)NC(=O)CCN1CCOCC1,0,0.000404,0.023835,0.004883
C[C@@H]1CCCCO[C@H](CN(C)C(=O)Nc2ccccc2)[C@@H](C)CN([C@H](C)CO)C(=O)c2cc(ccc2O1)NS(=O)(=O)c1ccc(cc1)Cl,0,0.012198,0.023858,0.004516
COc1ccc(cc1)NC(=O)Nc1ccc2c(c1)[C@H]1C[C@H](CC(=O)NCc3ccccn3)O[C@@H](CO)[C@H]1O2,0,0.017336,0.032725,0.011094
C[C@H](N)Cn1ccc2cc(c(cc12)Cl)F,0,0.425022,0.144296,0.032959
COc1cccc(c1)NC(=O)N[C@H]1C=C[C@H](CC(=O)N2CCOCC2)O[C@@H]1CO,0,0.010799,0.085143,0.022379
C[C@H]1CN([C@H](C)CO)C(=O)c2cccc(c2O[C@H]1CN(C)Cc1ccc(cc1)Oc1ccccc1)NC(=O)c1cc(nn1C)C,0,0.007738,0.025739,0.009260
COc1ccc(cc1)S(=O)(=O)Nc1ccc2c(c1)CC(=O)N(C[C@@H](C)[C@@H](CN(C)S(=O)(=O)C)O2)[C@H](C)CO,0,0.003391,0.025260,0.007561
CCCc1cc(ccn1)-c1nc(cs1)-c1ccc(cc1)C,0,0.690270,0.255125,0.202899
C[C@@H]1CN([C@@H](C)CO)C(=O)Cc2cc(ccc2O[C@H]1CN(C)Cc1ccc(c(c1)Cl)Cl)NC(=O)Nc1ccc(cc1)C(F)(F)F,0,0.635108,0.118940,0.044507
C[C@H]1CCCCO[C@@H](CN(C)C(=O)C2CCCCC2)[C@@H](C)CN([C@H](C)CO)C(=O)c2cc(ccc2O1)NS(=O)(=O)c1ccccc1,0,0.002041,0.024265,0.004669
COc1ccc(cc1)CN1CC[C@]2(CC1)CN([C@@H](CO)c1[nH]c3cc(ccc3c12)OC)C(=O)Nc1ccc(cc1)F,0,0.723441,0.185093,0.386871
C[C@H]1CN([C@H](C)CO)C(=O)Cc2cc(ccc2O[C@@H]1CN(C)S(=O)(=O)C)NC(=O)C1CCCCC1,0,0.002448,0.025212,0.006599
CO[C@H]1CN(C)C(=O)c2ccc(cc2OC[C@@H](C)N(C[C@H]1C)Cc1nccs1)NS(=O)(=O)CC(F)(F)F,0,0.011905,0.035609,0.015201
C[C@H]1CCCCO[C@@H](CN(C)S(=O)(=O)c2cccs2)[C@H](C)CN([C@@H](C)CO)C(=O)c2cc(ccc2O1)NS(=O)(=O)c1ccc(cc1)Cl,0,0.003589,0.025196,0.005354
C[C@H]1CN([C@@H](C)CO)C(=O)c2cccc(c2O[C@@H]1CN(C)S(=O)(=O)c1cn(cn1)C)NS(=O)(=O)c1ccc(cc1)F,0,0.029825,0.027664,0.009780
CC(C)(C)OC(=O)C[C@H](CC=C)C(=O)OCCNC(=O)[C@H](CC=C)CC(=O)N(CCO)Cc1ccccc1,0,0.003115,0.049699,0.024962
COCCOC(=O)N1C(=O)[C@]2([C@@H]([C@@H]3N([C@H]([C@H](OC3=O)c3ccccc3)c3ccccc3)[C@@H]2c2ccc(cc2)O)C(=O)NC[C@H](O)c2ccccc2)c2cc(ccc21)C#CCCO,0,0.706430,0.118905,0.050156
OC[C@H]1O[C@H](CCNC(=O)C2CCCCC2)CC[C@H]1NC(=O)CN1CCOCC1,0,0.034205,0.026549,0.018555
Oc1ccc(OCc2ccccc2)cc1,0,0.159536,0.199887,0.229139
Oc1cc(ccc1Oc1ccc(cc1Cl)Cl)Cl,1,0.908213,0.730921,0.591868
C[C@H]1CCCCO[C@@H](CN(C)Cc2ccc(cc2)C(F)(F)F)[C@@H](C)CN([C@H](C)CO)C(=O)c2cc(ccc2O1)NC(=O)c1ccccc1,0,0.049527,0.021891,0.007677
C[C@H]1CCCCO[C@@H](CN(C)C(=O)Nc2ccc(cc2)C(F)(F)F)[C@H](C)CN([C@H](C)CO)C(=O)c2cc(ccc2O1)NS(=O)(=O)c1ccc(cc1)Cl,0,0.309005,0.138698,0.012000
C[C@@H]1CCCCO[C@H](CN(C)Cc2ccc3c(c2)OCO3)[C@H](C)CN([C@@H](C)CO)C(=O)c2cc(ccc2O1)NC(=O)CCC(F)(F)F,0,0.072310,0.025585,0.010307
O=C1CCCN1CC#CCN1CCCC1,0,0.430200,0.046978,0.026792
COc1ccc(cc1O)C1=CC(=O)c2c(cc(cc2O1)O[C@@H]1O[C@H](CO[C@@H]2O[C@@H](C)[C@H](O)[C@@H](O)[C@H]2O)[C@@H](O)[C@H](O)[C@H]1O)O,0,0.156910,0.377369,0.200944
COCC(=O)N(C)C[C@H]1Oc2cc(ccc2S(=O)(=O)N(C[C@@H]1C)[C@H](C)CO)C#CCC1CCCC1,0,0.203406,0.025042,0.007110
CC(C)[C@H](NS(=O)(=O)c1ccc(cc1)C)C(=O)NCCn1cc(nn1)CN1[C@@H](COCC1=O)c1ccccc1,0,0.244372,0.038105,0.017007
CC(=O)n1cc(c2ccccc12)[C@H]1C[C@@H](OCc2ccc(cc2)CO)OC(=C1)C(=O)N1CCN(CC1)Cc1ccccc1,0,0.030761,0.055158,0.029132
C[C@@H]1CCCCO[C@H](CN(C)C(=O)Nc2ccc(cc2)C(F)(F)F)[C@@H](C)CN([C@@H](C)CO)C(=O)c2cc(ccc2O1)NS(=O)(=O)c1ccc(cc1)C,0,0.152959,0.037510,0.008421
CC(C)NC(=O)Nc1cccc2c1O[C@H](CN(C)S(=O)(=O)c1c(noc1C)C)[C@H](C)CN([C@H](C)CO)C2=O,0,0.063715,0.027538,0.009089
C[C@@H]1CCCCO[C@H](CN(C)S(=O)(=O)C)[C@@H](C)CN([C@H](C)CO)C(=O)c2cc(ccc2O1)NS(=O)(=O)C,0,0.006104,0.030755,0.005480
C[C@@H]1CCCCO[C@H](CN(C)S(=O)(=O)c2ccc(cc2)C)[C@@H](C)CN([C@H](C)CO)C(=O)c2cc(ccc2O1)NS(=O)(=O)c1ccc(cc1)C,0,0.003529,0.025656,0.004816
C[C@H](O)[C@H](C)[C@@H]1O[C@H]1C[C@H]1CO[C@@H](C/C(=C/C(=O)OCCCCCCCCC(=O)O)C)[C@H](O)[C@@H]1O,0,0.687584,0.697924,0.905953
CN(C)CC(=O)N1[C@@H](CO)[C@@H](c2ccc(cc2)C2=CCCC2)C21CN(C2)S(=O)(=O)Cc1ccccc1,0,0.573895,0.044944,0.028176
CN(C)C(=O)C[C@H]1O[C@H](CO)[C@@H](NC(=O)C2CC2)C=C1,0,0.053413,0.037711,0.009339
NC(=O)c1ccnc(c1)Cl,0,0.284515,0.122104,0.054680
COc1ccc(cc1)S(=O)(=O)N(C)C[C@@H]1OCCCC[C@@H](C)Oc2ccc(cc2C(=O)N(C[C@H]1C)[C@@H](C)CO)NC(=O)Nc1ccc(cc1)C(F)(F)F,0,0.192463,0.152851,0.011019
C[C@H]1CN([C@H](C)CO)C(=O)c2cccc(c2O[C@H]1CN(C)Cc1ccccc1)NC(=O)c1cnccn1,0,0.024566,0.026128,0.008639
C[C@@H]1CN([C@H](C)CO)C(=O)c2cccc(c2O[C@H]1CN(C)S(=O)(=O)c1ccc(cc1)Cl)NS(=O)(=O)C,0,0.064968,0.028348,0.008638
OC[C@@H]1O[C@@H](CC[C@H]1NS(=O)(=O)c1ccc(cc1)F)CC(=O)N1CCC(CC1)Cc1ccccc1,0,0.130972,0.039541,0.020408
C[C@@H]1CCCCO[C@@H](CN(C)S(=O)(=O)c2cccs2)[C@H](C)CN([C@@H](C)CO)C(=O)c2cc(ccc2O1)NS(=O)(=O)C,0,0.002080,0.023824,0.004775
COC(=O)C1=C(C)NC(=C([C@@H]1c1ccccc1[N+](=O)[O-])C(=O)OCC(C)C)C,0,0.000400,0.521532,0.464591
CONC(=O)Nc1ccc(cc1)-c1sc2c(c1CN(C)Cc1ccccc1)C(=O)N(C(=O)N2Cc1c(cccc1F)F)c1ccccc1,0,0.606447,0.364111,0.140397
OC(=O)[C@H]1[C@H]2N([C@@H]([C@@H](OC2=O)c2ccccc2)c2ccccc2)[C@@H](c2ccc(cc2)O)[C@]11C(=O)Nc2ccc(cc21)C#CC1=CCCCC1,1,0.906837,0.821924,0.943842
NCCc1[nH]cnc1-c1cccs1,0,0.565459,0.062936,0.037460
Oc1ccc(cc1)[C@H]1[C@H](C[C@@H]2N1C(=O)CNC2=O)C(=O)OCCOc1ccc(cc1)[C@H]1N2[C@@H]([C@@H](C(=O)OCC=C)[C@]11C(=O)Nc3ccc(cc31)I)C(=O)O[C@@H]([C@@H]2c1ccccc1)c1ccccc1,0,0.138714,0.171857,0.036674
C[C@@H]1CN([C@@H](C)CO)C(=O)c2cccc(c2O[C@@H]1CN(C)Cc1ccc(c(c1)Cl)Cl)NC(=O)Nc1c(noc1C)C,0,0.323652,0.037519,0.011256
COc1ccccc1C1=CC=C2[C@@H]3[C@H](CN2C1=O)[C@@H](CO)[C@@H](N3S(=O)(=O)C)C(=O)NCC1CC1,0,0.004917,0.024912,0.007563
C[C@@H]1CCCCO[C@@H](CN(C)C(=O)Nc2cccc3ccccc23)[C@@H](C)CN([C@@H](C)CO)C(=O)c2cc(ccc2O1)NC(=O)NC1CCCCC1,0,0.016580,0.023538,0.005384
C[C@H]1CN([C@H](C)CO)C(=O)c2cc(ccc2O[C@H]1CN(C)Cc1ccncc1)NC(=O)Nc1ccc(cc1)C(F)(F)F,0,0.261592,0.259899,0.211652
NC[C@@H](O)c1ccccc1,0,0.301847,0.334727,0.171291
O=C(O)C1CC(C2CCCCN2)CN2CCCCC12,0,0.643042,0.157609,0.208245
CC/N=C/1\SC(=CC(=O)N1CC)C(=O)OC,0,0.004780,0.089116,0.075489
C[C@@H]1CCCCO[C@H](CN(C)S(=O)(=O)c2ccc(cc2)F)[C@H](C)CN([C@H](C)CO)C(=O)c2cc(ccc2O1)NC(=O)Nc1cccc2ccccc12,0,0.015670,0.025074,0.006576
C[C@@H]1CN([C@H](C)CO)C(=O)Cc2cc(ccc2O[C@H]1CN(C)S(=O)(=O)C)NC(=O)Cn1cnnn1,0,0.008155,0.024601,0.006750
S=C(Nc1ccccc1)Nc1ccc2c(c1)oc1ccccc12,0,0.179286,0.605929,0.632028
C[C@@H]1CCCCO[C@H](CN(C)C(=O)CCC(F)(F)F)[C@@H](C)CN([C@H](C)CO)C(=O)c2cc(ccc2O1)NS(=O)(=O)c1ccccc1,0,0.006481,0.025195,0.005805
OC[C@H]1O[C@H](CC(=O)NCCc2ccccc2)C=C[C@H]1NC(=O)CN1CCOCC1,0,0.008240,0.035992,0.016869
Cc1nc(sc1C)C1C(=O)CN([C@H]2CS(=O)(=O)C[C@@H]2O)C1=N,0,0.993604,0.638553,0.297468
OC(=O)c1ccc(cc1O)NC1=NC(=O)NN=C1,0,0.872542,0.077650,0.135764
C[C@H]1CN([C@H](C)CO)C(=O)c2cc(ccc2O[C@H]1CN(C)Cc1ccccc1)NC(=O)CCCN(C)C,0,0.030357,0.025332,0.007999
C[C@@H]1CN([C@@H](C)CO)C(=O)c2cccc(c2O[C@@H]1CN(C)C(=O)Nc1ccc2c(c1)OCO2)NC(=O)c1cnccn1,0,0.039150,0.024364,0.007913
COCCN1[C@H]2CCN([C@@H]2CC1=O)S(=O)(=O)c1cn(cn1)C,0,0.002691,0.027270,0.006981
C[C@@H]1CCCCO[C@@H](CN(C)C(=O)C2CCCCC2)[C@@H](C)CN([C@H](C)CO)C(=O)c2cc(ccc2O1)NC(=O)Nc1cccc2ccccc12,0,0.016349,0.027080,0.006348
CC(=O)C1CCC2C3CCC4=CC(=O)CCC4(C)C3CCC12C,0,0.929679,0.139153,0.082745
C[C@H]1CN([C@H](C)CO)C(=O)Cc2cc(ccc2O[C@H]1CN(C)C)NS(=O)(=O)C,0,0.004208,0.026713,0.008856
C[C@@H]1CCCCO[C@@H](CN(C)Cc2ccc3c(c2)OCO3)[C@H](C)CN([C@@H](C)CO)C(=O)c2cc(ccc2O1)NS(=O)(=O)c1ccccc1,0,0.001483,0.023991,0.004253
O[C@@H](CN1C[C@H]2C[C@@H](C1)C1=CC=CC(=O)N1C2)/C=N/n1cnnc1,0,0.833247,0.076675,0.042277
C[C@H]1CCCCO[C@@H](CN(C)C(=O)Nc2ccccc2)[C@@H](C)CN([C@@H](C)CO)C(=O)c2cc(ccc2O1)NC(=O)C1CCCCC1,0,0.012946,0.023760,0.005051
COc1cccc(c1)-c1ccc2c(c1)O[C@@H](CN(C)Cc1cncnc1)[C@H](C)CN([C@H](C)CO)S2(=O)=O,0,0.022890,0.024035,0.005941
COc1ccc(cc1)CN(C)C[C@@H]1OCCCC[C@@H](C)Oc2ccc(cc2C(=O)N(C[C@H]1C)[C@@H](C)CO)NS(=O)(=O)c1ccccc1,0,0.002554,0.024246,0.004033
CC(C)N1CC=C[C@@]23O[C@@H]4C=CCOC(=O)[C@@H]4[C@H]2C(=O)N(CCCO)[C@@H]3C1=O,0,0.209906,0.340599,0.149052
CO[C@@H](C(=O)N(C)C[C@H]1OCc2ccccc2-c2c(n(c3ccccc23)C)C(=O)N(C[C@H]1C)[C@@H](C)CO)c1ccccc1,0,0.018723,0.040594,0.023709
C[C@H]1CN([C@@H](C)CO)C(=O)c2cccc(c2O[C@H]1CN(C)Cc1ccc(cc1)C(F)(F)F)NC(=O)Nc1ccccc1,0,0.279776,0.087174,0.082803
Cc1ccc(c(c1)C)C(=O)Nc1ccc(cc1)Nc1ccccc1,0,0.602758,0.163101,0.200981
C[C@@H]1CCCCO[C@H](CN(C)C(=O)Nc2ccccc2)[C@@H](C)CN([C@@H](C)CO)C(=O)c2cc(ccc2O1)NC(=O)C1CCCCC1,0,0.012946,0.023760,0.005051
CCC1OC(=O)C(C)C(OC2CC(C)(OC)C(O)C(C)O2)C(C)C(OC2OC(C)CC(N(C)C)C2O)C(C)(O)CC(C)CN(C)C(C)C(O)C1(C)O,1,0.977785,0.933798,0.972014
COc1ccc(cc1)CN(C)C[C@H]1OCCCC[C@@H](C)Oc2ccc(cc2C(=O)N(C[C@@H]1C)[C@H](C)CO)NC(=O)Nc1ccc(cc1)F,0,0.080011,0.022865,0.008952
COc1ccc(CC(=O)c2ccc(O)cc2O)cc1,0,0.678294,0.594631,0.491314
COCCCNC(=O)[C@@]1(CCS(=O)(=O)c2ccccc2)COC(=N1)c1ccc(cc1)OCCCO,0,0.009141,0.177887,0.068118
C[C@@H]1CCCCO[C@@H](CN(C)Cc2ccncc2)[C@@H](C)CN([C@@H](C)CO)C(=O)c2cc(ccc2O1)NC(=O)NC1CCCCC1,0,0.009840,0.022505,0.004699
O[C@H]1COC[C@H]2O[C@H](CC[C@@H]2N(C1)C(=O)Nc1cccc(c1)F)CC(=O)NCCCN1CCOCC1,0,0.747177,0.396573,0.459289
C[C@@H]1CN([C@H](C)CO)C(=O)c2cc(cnc2O[C@@H]1CN(C)S(=O)(=O)c1ccc(cc1)F)-c1ccncc1,0,0.004965,0.031246,0.005342
Nc1ncnc2n(cnc12)[C@H]1O[C@H](COP(=O)(O)O)[C@@H](O)[C@H]1O,0,0.000002,0.228734,0.113553
C[C@H]1CN([C@H](C)CO)C(=O)c2cccc(c2O[C@@H]1CN(C)C(=O)Nc1ccc(cc1)C(F)(F)F)NC(=O)NC1CCCCC1,0,0.785950,0.776119,0.787807
C[C@@H]1CN([C@@H](C)CO)C(=O)CCCn2cc(nn2)CO[C@@H]1CN(C)C(=O)Nc1ccc(cc1)C(C)(C)C,0,0.269268,0.029685,0.014273
Cc1cc(nc(n1)C#N)C,0,0.005727,0.087835,0.040802
C[C@H]1CCCCO[C@H](CN(C)C(=O)NC2CCCCC2)[C@@H](C)CN([C@H](C)CO)C(=O)c2cc(ccc2O1)NC(=O)NC1CCCCC1,0,0.010645,0.024799,0.007224
N[C@H]1CCC2=Nc3ccccc3C(=O)N2[C@@H]1c1ccsc1,0,0.397546,0.076076,0.109866
OC[C@@H]1O[C@@H](C[C@@H]2[C@H]1Oc1ccc(cc12)NS(=O)(=O)c1ccc(cc1)F)CC(=O)NCc1ccccc1,0,0.008637,0.032810,0.010913
Cn1cnc(c1)S(=O)(=O)N[C@H]1CC[C@H](CC(=O)Nc2ccccc2)O[C@H]1CO,0,0.036759,0.023263,0.008134
C[C@H]1CN([C@@H](C)CO)C(=O)c2cc(ccc2O[C@H]1CN(C)C(=O)Nc1cccc2ccccc12)NC(=O)Nc1cccc2ccccc12,0,0.019713,0.024711,0.010662
C[C@H]1CCCCO[C@@H](CN(C)C(=O)CCCN(C)C)[C@@H](C)CN([C@H](C)CO)C(=O)c2cc(ccc2O1)NS(=O)(=O)C,0,0.008276,0.022929,0.004625
C[C@H]1CCCCO[C@H](CN(C)S(=O)(=O)c2cccs2)[C@@H](C)CN([C@H](C)CO)C(=O)c2cc(ccc2O1)NC(=O)Nc1ccc(cc1)F,0,0.011453,0.024589,0.005575
COCCNC(=O)C[C@H]1C[C@@H]2[C@@H](Oc3ccc(cc32)NS(=O)(=O)C)[C@H](CO)O1,0,0.009088,0.023522,0.007405
CC(=O)OC(C)C[N+](C)(C)C.[Cl-],0,0.007094,0.088341,0.022463
C[C@@H](O)CN1C(=CC(=C(C#N)C1=O)C)O,0,0.011870,0.097757,0.063445
O[C@H]1COC[C@@H]2O[C@H](CC[C@H]2N(C1)S(=O)(=O)c1ccccc1)CC(=O)N1CCc2ccccc2C1,0,0.019395,0.047640,0.013688
C[C@H]1CN([C@@H](C)CO)C(=O)c2cc(ccc2O[C@H]1CN(C)Cc1ccc(cc1)C(=O)Nc1ccccc1N)NC(=O)NC1CCCCC1,0,0.008082,0.023053,0.004977
C[C@H]1CN([C@@H](C)CO)C(=O)c2cc(ccc2O[C@@H]1CN(C)Cc1ccc(cc1)C(F)(F)F)NC(=O)Nc1ccc(cc1)C(F)(F)F,0,0.889365,0.139432,0.110907
C[C@H]1CN([C@@H](C)CO)C(=O)Cc2cc(ccc2O[C@@H]1CN(C)C(=O)Nc1c(noc1C)C)NC(=O)C1CC1,0,0.017718,0.023668,0.006383
C[C@@H]1CCCCO[C@@H](CN(C)C(=O)Nc2ccc(cc2)C(F)(F)F)[C@H](C)CN([C@H](C)CO)C(=O)c2cc(ccc2O1)NS(=O)(=O)c1ccc(cc1)F,0,0.184923,0.101993,0.011625
O[C@@H]1Cc2c(cc(cc2O[C@@H]1c1cc(c(c(c1-c1c(c(c(cc1[C@H]1Oc2cc(cc(c2C[C@H]1OC(=O)c1cc(c(c(c1)O)O)O)O)O)O)O)O)O)O)O)O)O,0,0.366943,0.371925,0.141374
Cn1nnc2c1[C@H](COCCN1CCCC1)CN(C2)S(=O)(=O)C,0,0.044656,0.030727,0.011886
C[C@H]1CN([C@H](C)CO)C(=O)c2cccc(c2O[C@H]1CN(C)S(=O)(=O)C)NS(=O)(=O)c1cn(cn1)C,0,0.041355,0.024012,0.007062
CC(C)NC(=O)Nc1ccc2c(c1)C(=O)N(C[C@@H](C)[C@@H](CN(C)S(=O)(=O)c1ccc(cc1)C)O2)[C@@H](C)CO,0,0.031371,0.027093,0.006718
C[C@H]1CCCCO[C@@H](CN(C)Cc2ccc3c(c2)OCO3)[C@@H](C)CN([C@@H](C)CO)C(=O)c2cc(ccc2O1)NS(=O)(=O)c1ccc(cc1)F,0,0.007651,0.024424,0.005704
CCN(CC)C(=O)C(C#N)=Cc1cc(O)c(O)c([N+](=O)[O-])c1,0,0.282017,0.340260,0.324735
C[C@@H]1CN([C@H](C)CO)C(=O)c2cc(ccc2O[C@H]1CN(C)C(=O)Nc1ccc(cc1)C(F)(F)F)NS(=O)(=O)c1ccc(cc1)C,0,0.269986,0.040895,0.024717
Fc1ccc(cc1)[C@@H](NC(=O)C1CCN(CCOc2ccc(cc2Cl)Cl)CC1)c1ccc2ccccc2n1,0,0.886385,0.877861,0.888136
CN(C)[C@H]1[C@@H]2C[C@@H]3Cc4c(ccc(c4C(=O)[C@@H]3C(=O)[C@]2(O)C(=O)[C@H](C(=O)N)C1=O)O)N(C)C,1,0.977463,0.808798,0.898368
C[C@H]1CN([C@@H](C)CO)C(=O)Cc2cc(ccc2O[C@H]1CN(C)C(=O)Nc1ccc(cc1)C(F)(F)F)NC(=O)Cn1cnnn1,0,0.583018,0.274823,0.332617
C[C@H]1CN([C@H](C)CO)C(=O)CCCn2cc(nn2)CO[C@H]1CN(C)C(=O)Nc1ccccc1C(F)(F)F,0,0.909364,0.722576,0.518508
CC(=O)N1CCC(CC1)C(=O)O,0,0.021089,0.031117,0.014218
CCCC(=O)Nc1ccc2c(c1)OC[C@@H](C)N(C[C@@H](C)[C@@H](CN(C)C2=O)OC)C(=O)CN1CCOCC1,0,0.000815,0.026942,0.006226
O=c1c2ccccc2oc2ccccc12,0,0.032221,0.203481,0.139399
NC1=NC(=O)NC=C1Br,0,0.867607,0.182739,0.048209
NC(=O)c1cccc(c1)CN1CCOCC1,0,0.047840,0.024277,0.011815
CC(C)NC(=O)Nc1ccc2c(c1)CC(=O)N(C[C@H](C)[C@H](CN(C)S(=O)(=O)c1cn(cn1)C)O2)[C@@H](C)CO,0,0.011125,0.023329,0.004731
C[C@@H]1CCCCO[C@@H](CN(C)C(=O)Nc2c(noc2C)C)[C@@H](C)CN([C@H](C)CO)C(=O)c2cc(ccc2O1)NC(=O)CCC(F)(F)F,0,0.242305,0.254114,0.143441
C[C@H]1CN([C@H](C)CO)C(=O)Cc2cc(ccc2O[C@H]1CN(C)S(=O)(=O)c1ccc(cc1)C)NC(=O)Nc1ccc(cc1)C(F)(F)F,0,0.156986,0.038396,0.012763
C[C@H]1CN([C@@H](C)CO)C(=O)Cc2cc(ccc2O[C@@H]1CN(C)C(=O)Nc1ccccc1)NC(=O)Nc1cccc2ccccc12,0,0.012954,0.024480,0.007234
CN(C)CCNc1ccc(cc1)CN,0,0.733202,0.115359,0.059886
C[C@@H]1CO[C@]2(O[C@H]3C[C@H]4[C@H]5C[C@H](O[C@H]6O[C@@H](C)[C@@H](O)[C@@H](O[C@@H]7O[C@@H](C)[C@H](O)[C@@H](O)[C@H]7O)[C@@H]6O)[C@H]6C[C@@H](O)CC[C@]6(C)[C@@H]5CC[C@]4(C)[C@H]3[C@@H]2C)[C@@H](O)C1,0,0.395372,0.298329,0.080004
CC(=O)O[C@@H]1[C@H](OC(=O)C)N(C(=O)C)C(=O)N1C(=O)C,0,0.000101,0.064908,0.097242
C[C@H]1CN([C@H](C)CO)C(=O)c2cc(ccc2O[C@H]1CN(C)Cc1ccc(cc1)C(F)(F)F)NC(=O)Nc1ccc(cc1)F,0,0.552315,0.153804,0.216046
C[C@@H]1CN([C@@H](C)CO)C(=O)Cc2cc(ccc2O[C@@H]1CN(C)S(=O)(=O)c1cccs1)NC(=O)Cc1ccccc1,0,0.000601,0.023182,0.005442
COc1cccc(c1)S(=O)(=O)N1C[C@@H](O)COC[C@H]2O[C@H](CC[C@@H]21)CC(=O)NCCCN1CCOCC1,0,0.114461,0.027549,0.010873
C[C@H](N)C(=O)N1CCc2ccccc2C1,0,0.065124,0.062374,0.027658
CC(C)[C@@H](CS(=O)(=O)C(C)C)N1[C@@H]([C@H](C[C@](C)(CC(=O)O)C1=O)c1cccc(c1)Cl)c1ccc(cc1)Cl,0,0.962880,0.537537,0.482810
C[C@H]1CN([C@H](C)CO)C(=O)c2cc(ccc2O[C@H]1CN(C)Cc1ccc(cc1)C(=O)Nc1ccccc1N)NS(=O)(=O)C,0,0.003511,0.024529,0.005386
C[C@@H]1CCCCO[C@H](CN(C)Cc2ccccc2)[C@H](C)CN([C@H](C)CO)C(=O)c2cc(ccc2O1)NC(=O)c1ccccc1,0,0.002747,0.024733,0.006362
NC(=N)NC1=NC(=O)c2ccccc2N1,0,0.109535,0.140308,0.052107
COc1ccc(cc1)CN(C)C[C@H]1OCCCC[C@@H](C)Oc2ccc(cc2C(=O)N(C[C@H]1C)[C@H](C)CO)NS(=O)(=O)c1cccs1,0,0.004678,0.023420,0.003759
CCOC(=O)C1=C(N)C(=O)N(CCCN2CCOCC2)C1,0,0.027663,0.047816,0.018249
C[C@@H]1CCCCO[C@H](CN(C)C(=O)Nc2c(noc2C)C)[C@H](C)CN([C@@H](C)CO)C(=O)c2cc(ccc2O1)NC(=O)NC1CCCCC1,0,0.029611,0.024327,0.005948
COCC(=O)N(C)C[C@H]1Oc2cc(ccc2S(=O)(=O)N(C[C@@H]1C)[C@H](C)CO)C#CCN(C)C,0,0.182874,0.022456,0.010005
C[C@H]1CN([C@H](C)CO)C(=O)Cc2cc(ccc2O[C@H]1CN(C)Cc1ccc(cc1)Oc1ccccc1)NC(=O)Nc1ccccc1,0,0.006612,0.027865,0.010723
CO[C@H]1CN(C)C(=O)c2cc(ccc2OC[C@@H](C)N(C[C@@H]1C)C(=O)Cc1ccccn1)NC(=O)C1CC1,0,0.002518,0.023233,0.005575
C[C@H]1[C@H]2[C@@H](C[C@@](C)(O)[C@H]3C[C@H]4O[C@@]4(C)[C@@]3(O)C2=O)OC1=O,0,0.003745,0.185031,0.118973
NC(=O)c1ccccc1O,0,0.004312,0.057236,0.037447
C[C@@H]1CN([C@H](C)CO)C(=O)c2cc(ccc2O[C@@H]1CN(C)C(=O)Nc1ccc(cc1)F)NC(=O)CCCCCC(=O)Nc1ccccc1N,0,0.099682,0.026324,0.005247
C[C@@H]1CCCCO[C@H](CN(C)S(=O)(=O)c2ccccc2)[C@@H](C)CN([C@H](C)CO)C(=O)c2cc(ccc2O1)NC(=O)Nc1ccccc1,0,0.003059,0.023490,0.004330
C[C@@H]1CCCCO[C@H](CN(C)C(=O)NC2CCCCC2)[C@H](C)CN([C@H](C)CO)C(=O)c2cc(ccc2O1)NC(=O)Nc1c(noc1C)C,0,0.027855,0.024991,0.007351
CC1=C(C)C(=O)C(C(CCCCCC(=O)O)c2ccccc2)=C(C)C1=O,0,0.772662,0.613138,0.568864
CC(C)CCn1c(nc2ccccc12)-c1cccc(c1)C,0,0.945029,0.429757,0.419422
C[C@@H]1CN([C@@H](C)CO)S(=O)(=O)c2ccc(cc2O[C@@H]1CN(C)S(=O)(=O)c1cn(cn1)C)C#Cc1cccc(c1)F,0,0.247304,0.028666,0.005917
C[C@@H]1CN([C@H](C)CO)C(=O)c2cccc(c2O[C@H]1CN(C)C(=O)Nc1ccc(cc1)C(F)(F)F)NS(=O)(=O)c1ccc(cc1)F,0,0.378747,0.133294,0.035485
C[C@H]1CN([C@@H](C)CO)C(=O)c2cccc(c2O[C@@H]1CN(C)S(=O)(=O)c1cn(cn1)C)NC(=O)c1nc2ccccc2s1,0,0.021059,0.024875,0.005793
C[C@@H]1CN([C@H](C)CO)C(=O)c2c(c3ccccc3n2C)-c2ccccc2CO[C@@H]1CN(C)S(=O)(=O)C,0,0.028008,0.026836,0.007199
CC(C)C[C@@H]1NC(=O)[C@H]2C[C@H]([C@H](N2C1=O)c1ccc(cc1)O)C(=O)OCCOc1ccc(cc1)[C@@H]1N2[C@H]([C@H](C(=O)OCC=C)[C@@]11C(=O)Nc3ccccc31)C(=O)O[C@H]([C@H]2c1ccccc1)c1ccccc1,0,0.193464,0.145852,0.022546
C[C@H]1CN([C@@H](C)CO)C(=O)c2cccc(c2O[C@@H]1CN(C)Cc1ccc(cc1)-c1ccccc1)NS(=O)(=O)c1ccc(cc1)Cl,0,0.034474,0.038937,0.010533
COc1cccc(c1)C(=O)Nc1ccc2c(c1)C(=O)N(C)[C@H]1CC[C@H](CC(=O)NCCCN3CCOCC3)O[C@@H]1CO2,0,0.005844,0.022736,0.007111
COCC(=O)Nc1ccc2c(c1)C(=O)N(C)C[C@@H](OC)[C@H](C)CN([C@H](C)CO2)C(=O)c1ccccc1F,0,0.046679,0.032888,0.010932
CN(C)CCN1CCO[C@H]2CN(C[C@@H]21)C(=O)N(C)C,0,0.132283,0.040568,0.011197
CSc1cnc2c(n1)N(C)C(=O)NC2=O,0,0.663546,0.147015,0.120912
C[C@@H]1CN([C@@H](C)CO)C(=O)c2cccc(c2O[C@@H]1CN(C)Cc1ccc(c(c1)Cl)Cl)NC(=O)Nc1ccc(cc1)F,0,0.602210,0.038312,0.020890
C=C[C@H]1CCC=C2[C@@H]1CCCC2=O,0,0.300399,0.048128,0.042635
CC1=C(/C=C/C(=O)O)C(=O)NC(=O)N1,0,0.595280,0.104515,0.058672
CS(=O)(=O)Nc1ccc2c(c1)[C@H]1C[C@H](CC(=O)NCc3ccc(cc3)-c3ccccc3)O[C@@H](CO)[C@H]1O2,0,0.020499,0.036846,0.012144
C[C@@H]1CN([C@@H](C)CO)C(=O)c2cc(ccc2O[C@H]1CN(C)Cc1ccc(cc1)C(=O)O)NC(=O)CCN1CCOCC1,0,0.015667,0.054816,0.017921
CC(C)NC(=O)Nc1ccc2c(c1)C(=O)N(C[C@H](C)[C@H](CN(C)Cc1ccc(cc1)C(=O)O)O2)[C@@H](C)CO,0,0.094799,0.055656,0.024682
O[C@@H]1COC[C@@H]2O[C@H](CC[C@H]2N(C1)C(=O)Nc1ccc(cc1)Cl)CC(=O)NC1Cc2ccccc2C1,0,0.717258,0.902456,0.879500
CN(C)CC(=O)N[C@@H]1C=C[C@@H](CC(=O)NCCN2CCCCC2)O[C@H]1CO,0,0.334988,0.032827,0.008489
CC(C)NC(=O)Nc1ccc2c(c1)C(=O)N(C[C@@H](C)[C@@H](CN(C)Cc1ccc(cc1)-c1ccccc1)O2)[C@@H](C)CO,0,0.082199,0.031840,0.022547
CN(C)C(=O)c1cccc(c1)-c1cccc(c1)-c1nc(cc2c1[C@H](CCO)N(C2)[S@@](=O)C(C)(C)C)C(=O)N1CCCCC1,0,0.010973,0.106326,0.067483
C[C@@H]1CN([C@H](C)CO)C(=O)CCCn2cc(nn2)CO[C@@H]1CN(C)C(=O)CCCN(C)C,0,0.033080,0.025037,0.005711
S=C1NCN(CCc2ccccc2)CN1,0,0.254351,0.308955,0.249844
COc1cccc(c1)S(=O)(=O)N(C)C[C@H]1Oc2ncc(cc2C(=O)N(C[C@H]1C)[C@@H](C)CO)C#CCC(C)C,0,0.035350,0.023795,0.005869
COc1ccc(cc1)S(=O)(=O)N(C)C[C@H]1Oc2c(cccc2C(=O)N(C[C@H]1C)[C@@H](C)CO)NS(=O)(=O)C,0,0.024056,0.025690,0.007507
Cn1nnc2c1CCN([C@@H]2COCC1CC1)C(=O)CS(=O)(=O)C,0,0.196162,0.381530,0.154388
C[C@H]1CN([C@@H](C)CO)C(=O)Cc2cc(ccc2O[C@H]1CN(C)Cc1ccc(cc1)-c1ccccc1)NC(=O)C1CCCCC1,0,0.063431,0.028018,0.013617
CN1[C@@H]2CC[C@H](CC(=O)NCCc3ccncc3)O[C@H]2COc2ccc(cc2C1=O)NC(=O)C1CCC1,0,0.008667,0.024553,0.010919
CN(C)CCCNC(=O)C[C@H]1O[C@@H](CO)[C@@H](NC(=O)Cc2cccnc2)C=C1,0,0.040831,0.032236,0.012658
C[C@H]1CN([C@@H](C)CO)C(=O)c2cccc(c2O[C@H]1CN(C)C(=O)Nc1ccc(cc1)C(F)(F)F)NS(=O)(=O)c1ccc(cc1)C,0,0.332444,0.048870,0.028690
C[C@@H]1CN([C@H](C)CO)C(=O)c2cccc(c2O[C@H]1CN(C)Cc1ccc(cc1)Oc1ccccc1)NC(=O)c1nc2ccccc2s1,0,0.002984,0.025054,0.010078
OC[C@@H]1O[C@H](C[C@H]2[C@@H]1Oc1ccc(cc12)NC(=O)C1CCOCC1)CC(=O)NCc1ccc(cc1)Cl,0,0.250951,0.052306,0.058727
C[C@H]1CN([C@@H](C)CO)C(=O)c2cc(ccc2O[C@H]1CN(C)C(=O)Nc1c(noc1C)C)NC(=O)Nc1cccc2ccccc12,0,0.055779,0.023287,0.006015
CC(C)NC(=O)Nc1ccc2c(c1)C(=O)N(C[C@@H](C)[C@@H](CN(C)C(=O)Nc1ccc3c(c1)OCO3)O2)[C@H](C)CO,0,0.017159,0.023034,0.007086
COc1cc(cc(c1O[C@H]1C=C(C[C@@H](NCc2ccccc2F)[C@@H]1O)C(=O)NCCO)I)CO,0,0.084450,0.195908,0.158152
C[C@@H]1CN([C@H](C)CO)C(=O)Cc2cc(ccc2O[C@@H]1CN(C)Cc1ccc(cc1)-c1ccccc1)NS(=O)(=O)c1ccccc1,0,0.001827,0.027536,0.006318
C[C@@H]1CN([C@@H](C)CO)C(=O)c2cccc(c2O[C@H]1CN(C)C(=O)Nc1cccc2ccccc12)NC(=O)Nc1c(noc1C)C,0,0.148836,0.024529,0.010204
C[C@@H]1CCCCO[C@H](CN(C)Cc2ccccc2)[C@H](C)CN([C@H](C)CO)C(=O)c2cc(ccc2O1)NS(=O)(=O)c1ccc(cc1)Cl,0,0.009679,0.023711,0.006359
C[C@H]1CN([C@H](C)CO)C(=O)CCCn2nncc2CO[C@H]1CN(C)S(=O)(=O)c1ccc(cc1)-n1cccn1,0,0.013545,0.023460,0.005076
CN1C[C@@H](O)COC[C@H]2O[C@H](CC[C@@H]21)CC(=O)N1CCN(CC1)c1ccccc1,0,0.575937,0.091136,0.024853
C[C@H]1CCCCO[C@@H](CN(C)S(=O)(=O)c2ccc(cc2)F)[C@H](C)CN([C@H](C)CO)C(=O)c2cc(ccc2O1)NC(=O)c1ccccc1,0,0.002266,0.023301,0.004477
CC(=O)N1[C@H](O)[C@H](O)N(C(=O)C)C1=O,0,0.000489,0.108798,0.106353
C[C@H]1CN([C@H](C)CO)C(=O)Cc2cc(ccc2O[C@@H]1CN(C)C)NS(=O)(=O)c1ccc(cc1)Cl,0,0.010074,0.028339,0.013578
C[C@H]1CCCCO[C@@H](CN(C)CC2CCCCC2)[C@H](C)CN([C@@H](C)CO)C(=O)c2cc(ccc2O1)NC(=O)Nc1cccc2ccccc12,0,0.099738,0.050067,0.012371
C[C@H]1CCCCO[C@H](CN(C)C(=O)Nc2c(noc2C)C)[C@@H](C)CN([C@H](C)CO)C(=O)c2cc(ccc2O1)NC(=O)NC1CCCCC1,0,0.029611,0.024327,0.005948
Cc1ccc(cc1)S(=O)(=O)N1C[C@H](O)COC[C@@H]2O[C@@H](CC[C@H]21)CC(=O)NCCN1CCCCC1,0,0.518654,0.050889,0.012818
COc1ccc2c3c(n(c2c1)C)[C@H](CO)N(C[C@]13CN(C1)S(=O)(=O)c1cn(cn1)C)C(=O)Nc1ccc(cc1)F,0,0.130906,0.026915,0.014842
C[C@H]1CCCCO[C@@H](CN(C)C(=O)Oc2ccccc2)[C@H](C)CN([C@@H](C)CO)C(=O)c2cc(ccc2O1)NC(=O)Nc1ccccc1,0,0.030922,0.023099,0.007210
COCC(=O)Nc1ccc2c(c1)C(=O)N(C)[C@H]1CC[C@H](CC(=O)N3CCc4ccccc4C3)O[C@@H]1CO2,0,0.003246,0.023068,0.010286
CC(=O)N[C@H]1CN(C(=O)C1)c1ccccc1,0,0.007552,0.046407,0.012678
COC(=O)CCCCCCC(=O)N/N=C/[C@H](O)[C@@H](O)[C@H](O[C@@H]1O[C@H](CO)[C@H](O)[C@H](O)[C@H]1O)[C@H](O)CO,0,0.011677,0.125258,0.138090
COCCOC(=O)N1C(=O)[C@]2([C@@H]([C@@H]3N([C@H]([C@H](OC3=O)c3ccccc3)c3ccccc3)[C@@H]2c2ccccc2OCCO)C(=O)N2CCN(CC2)c2ncccn2)c2cc(ccc21)C#Cc1ccc(cc1)OC,0,0.204142,0.037294,0.016751
C[C@@H]1CCCCO[C@H](CN(C)Cc2ccc(cc2)C(=O)O)[C@H](C)CN([C@@H](C)CO)C(=O)c2cc(ccc2O1)NC(=O)Nc1ccccc1,0,0.063330,0.028679,0.007047
COCC#Cc1ccc2c(c1)O[C@H](CN(C)C(=O)Nc1ccccc1F)[C@@H](C)CN([C@H](C)CO)S2(=O)=O,0,0.544105,0.032865,0.008491
C[C@H]1CCCCO[C@H](CN(C)S(=O)(=O)c2ccc(cc2)C)[C@H](C)CN([C@H](C)CO)C(=O)c2cc(ccc2O1)NC(=O)CCC(F)(F)F,0,0.035747,0.024746,0.005354
COc1ccc(cc1)CNS(=O)(=O)N(C)C,0,0.010178,0.115883,0.082665
C[C@@H]1CN([C@@H](C)CO)C(=O)c2cc(ccc2O[C@@H]1CN(C)C(=O)Nc1ccc(cc1)C(F)(F)F)NC(=O)Nc1ccccc1,0,0.666806,0.274060,0.245939
NCCNC(=O)c1nc(no1)-c1ccc(o1)Br,0,0.254185,0.148769,0.075643
COc1cc(C=CC(=O)O)cc(OC)c1O,0,0.872733,0.098143,0.128711
C[C@H]1CN([C@@H](C)CO)C(=O)Cc2cc(ccc2O[C@H]1CN(C)S(=O)(=O)c1cccs1)NS(=O)(=O)C,0,0.001473,0.025397,0.005910
C[C@H]1CCCCO[C@H](CN(C)CC2CC2)[C@@H](C)CN([C@H](C)CO)C(=O)c2cc(ccc2O1)NS(=O)(=O)c1ccc(cc1)Cl,0,0.068169,0.024605,0.006610
COc1ccc(cc1)NC(=O)Nc1ccc2c(c1)C(=O)N(C[C@@H](C)[C@H](CN(C)Cc1ccc(cc1)C(F)(F)F)O2)[C@@H](C)CO,0,0.152872,0.048910,0.039067
C[C@H]1CCCCO[C@@H](CN(C)S(=O)(=O)c2ccc(cc2)Cl)[C@H](C)CN([C@@H](C)CO)C(=O)c2cc(ccc2O1)NC(=O)Nc1ccc(cc1)C(F)(F)F,0,0.449230,0.096862,0.008839
C[C@H]1CN([C@@H](C)CO)C(=O)c2cc(cnc2O[C@H]1CN(C)C(=O)c1ccccc1F)C#Cc1ccncc1,0,0.076157,0.031880,0.006526
O=C1CNC(=S)N1CCc1ccccc1,0,0.052378,0.127047,0.048935
C[C@H]1CCCCO[C@H](CN(C)S(=O)(=O)c2cn(cn2)C)[C@@H](C)CN([C@H](C)CO)C(=O)c2cc(ccc2O1)NC(=O)c1ccncc1,0,0.002639,0.023319,0.004610
C[C@@H]1CN([C@@H](C)CO)C(=O)Cc2cc(ccc2O[C@H]1CN(C)S(=O)(=O)c1cn(cn1)C)NC(=O)CCC(F)(F)F,0,0.033437,0.026167,0.009287
CCCNC(=O)Nc1ccc2c(c1)OC[C@H](C)N(C[C@H](C)[C@@H](CN(C)C2=O)OC)Cc1ccc(cc1)-c1ccccn1,0,0.009266,0.038335,0.013156
CO[C@H]1CN(C)C(=O)c2ccc(cc2OC[C@H](C)N(C[C@@H]1C)C(=O)Cc1cccnc1)NS(=O)(=O)c1cccc(c1)OC,0,0.001060,0.024315,0.005361
C[C@@H](O)CNS(=O)(=O)C1=CC(=C2NN=C3N2N=C(C)c2ccccc23)C(=C)C=C1,0,0.461173,0.026870,0.015457
CC(=O)[C@@]1(N)C[C@H](O[C@H]2C[C@H](O)[C@H](O)CO2)c2c(c3c(c(c2C1)O)C(=O)c1ccccc1C3=O)O,0,0.995281,0.857473,0.896525
CO[C@H]1CN(C)C(=O)c2ccc(cc2OC[C@H](C)N(C[C@H]1C)C(=O)CN(C)C)NC(=O)Nc1ccccc1,0,0.045008,0.025196,0.012214
CC=CC1=CC=C2[C@H]3[C@H]([C@H](CO)[C@@H](CN2C1=O)N3Cc1cocn1)C(=O)NCCCN1CCOCC1,0,0.092300,0.030743,0.014400
C[C@@H]1CN([C@@H](C)CO)C(=O)c2cc(ccc2O[C@H]1CN(C)S(=O)(=O)c1cn(cn1)C)NS(=O)(=O)C,0,0.027285,0.023577,0.005387
O[C@@H]1COC[C@@H]2O[C@H](CC[C@H]2N(C1)S(=O)(=O)c1ccccc1F)CC(=O)NCc1ccccc1Cl,0,0.593394,0.035827,0.022468
C[C@H]1CN([C@H](C)CO)C(=O)c2ccccc2-c2ccccc2CO[C@@H]1CN(C)S(=O)(=O)c1cn(cn1)C,0,0.035257,0.044684,0.008490
C[C@H]1CN([C@@H](C)CO)C(=O)c2cccc(c2O[C@@H]1CN(C)Cc1ccc(cc1)C(F)(F)F)NC(=O)Nc1ccc(cc1)C(F)(F)F,0,0.941388,0.317295,0.238900
C[C@@H]1CN([C@H](C)CO)C(=O)c2cc(ccc2O[C@H]1CN(C)S(=O)(=O)c1ccc(cc1)C)NC(=O)CCCN(C)C,0,0.017698,0.024960,0.005428
C[C@H]1CN([C@H](C)CO)C(=O)c2cccc(c2O[C@H]1CN(C)Cc1ccc(c(c1)Cl)Cl)NC(=O)Nc1cccc2ccccc12,0,0.220131,0.164514,0.023781
C[C@H]1CN([C@@H](C)CO)C(=O)Cc2cc(ccc2O[C@H]1CN(C)C(=O)Nc1ccc(cc1)C(F)(F)F)NS(=O)(=O)c1ccc(cc1)C,0,0.083779,0.040868,0.014342
COc1cccc(c1)S(=O)(=O)N[C@H]1CC[C@H](CCn2cc(nn2)-c2ccccc2OC)O[C@@H]1CO,0,0.237877,0.026213,0.012480
C[C@@H]1CN([C@@H](C)CO)C(=O)c2cc(ccc2O[C@@H]1CN(C)C(=O)Nc1c(noc1C)C)NC(=O)CCCN(C)C,0,0.062774,0.022987,0.006335
C[C@H]1CN([C@@H](C)CO)C(=O)Cc2cc(ccc2O[C@@H]1CN(C)S(=O)(=O)C)NS(=O)(=O)c1c(noc1C)C,0,0.003316,0.023843,0.007373
C[C@@H]1CN([C@@H](C)CO)C(=O)c2cccc(c2O[C@H]1CN(C)Cc1ccc(cc1)Oc1ccccc1)NC(=O)Nc1ccccc1,0,0.008638,0.024437,0.014119
CNC[C@@H]1OCCCC[C@H](C)Oc2ccc(cc2C(=O)N(C[C@@H]1C)[C@@H](C)CO)NS(=O)(=O)c1cn(cn1)C,0,0.047068,0.023812,0.006629
C[C@H]1CN([C@@H](C)CO)C(=O)c2cc(cnc2O[C@@H]1CN(C)S(=O)(=O)c1ccc(cc1)C)C#CC1(O)CCCC1,0,0.019272,0.023945,0.005411
C[C@@H]1CCCCO[C@H](CN(C)S(=O)(=O)c2ccc(cc2)F)[C@H](C)CN([C@@H](C)CO)C(=O)c2cc(ccc2O1)NC(=O)Nc1ccc2c(c1)OCO2,0,0.008399,0.026786,0.005132
CN(C)C(=O)C[C@@H]1CC[C@@H]2[C@H](COC[C@H](O)CN2S(=O)(=O)c2ccccc2)O1,0,0.065390,0.049484,0.010601
NCCc1ccncc1,0,0.030822,0.113192,0.033775
CN(C)CCCNC(=O)[C@@H]1[C@@H](CO)[C@@H]2CN3C(=O)C(=CC=C3[C@H]1N2C(=O)C1CC1)c1ccncc1,0,0.209552,0.047612,0.015298
C[C@H]1CN([C@H](C)CO)C(=O)c2c(c3ccccc3n2C)-c2ccccc2CO[C@H]1CN(C)C(=O)CCC(F)(F)F,0,0.251032,0.077861,0.073991
CN1CCN(CC1)C(=O)C[C@H]1CC[C@H]2[C@@H](COC[C@@H](O)CN2C(=O)C2CCOCC2)O1,0,0.727771,0.035256,0.021877
CN1CCN(CC#N)C(=O)C21CCN(CC2)[C@H]1CCOC1,0,0.079891,0.086558,0.024970
C#CC(C)(O)CC,0,0.000843,0.054790,0.029414
COc1ccccc1C#Cc1ccc2c(c1)O[C@@H](CN(C)Cc1cccnc1)[C@@H](C)CN([C@@H](C)CO)S2(=O)=O,0,0.065737,0.025581,0.005742
Nc1ncnc2n(cnc12)CCN1CCOCC1,0,0.168542,0.097366,0.028768
OC[C@@H]1O[C@@H](CCNC(=O)CN2CCOCC2)CC[C@H]1NS(=O)(=O)c1ccc(cc1)F,0,0.012947,0.026618,0.010733
COc1cccc(c1)-c1cn(nn1)CC[C@H]1CC[C@@H](NS(=O)(=O)c2ccccc2Cl)[C@@H](CO)O1,0,0.394407,0.028350,0.018576
C[C@H]1CN([C@H](C)CO)C(=O)Cc2cc(ccc2O[C@H]1CN(C)CC1CCCCC1)NC(=O)Cn1cnnn1,0,0.110227,0.026121,0.010353
C[C@H]1CN([C@H](C)CO)C(=O)c2ccccc2-c2ccccc2CO[C@@H]1CN(C)C(=O)Oc1ccc(cc1)C,0,0.112044,0.037456,0.039472
C[C@H]1CCCCO[C@@H](CN(C)CC2CCCCC2)[C@H](C)CN([C@@H](C)CO)C(=O)c2cc(ccc2O1)NC(=O)Cc1ccccc1,0,0.025512,0.027043,0.009185
C[C@@H]1CN([C@H](C)CO)C(=O)c2cc(ccc2O[C@@H]1CN(C)S(=O)(=O)c1ccccc1)NC(=O)C1CC1,0,0.005891,0.023937,0.004874
COc1ccc(cc1)S(=O)(=O)N(C)C[C@@H]1Oc2ccc(cc2CC(=O)N(C[C@H]1C)[C@@H](C)CO)N(C)C,0,0.012024,0.028144,0.009367
O=C(CCCCC(=O)Nc1c(I)cc(I)c(C(=O)O)c1I)Nc1c(I)cc(I)c(C(=O)O)c1I,0,0.999803,0.504651,0.339797
OC[C@@H]1O[C@H](CC(=O)NCCN2CCCCC2)C=C[C@H]1NC(=O)c1cccnc1,0,0.037952,0.143646,0.026879
OCCN(Cc1ccccc1)C(=O)C[C@H](CC=C)C(=O)N[C@@H](COC(=O)[C@H](CCC=C)Cc1ccc(cc1)F)Cc1c[nH]c2ccccc12,0,0.016873,0.027845,0.017316
COc1ccc(cc1)S(=O)(=O)N(C)C[C@H]1OCCCC[C@@H](C)Oc2ccc(cc2C(=O)N(C[C@@H]1C)[C@@H](C)CO)NC(=O)CCC(F)(F)F,0,0.030680,0.027653,0.006710
C[C@H]1CN([C@H](C)CO)C(=O)c2cc(ccc2O[C@@H]1CN(C)Cc1ccncc1)NS(=O)(=O)c1c(noc1C)C,0,0.002035,0.023348,0.004314
O[C@@H]1COC[C@H]2O[C@@H](CC[C@@H]2N(C1)C(=O)c1ccccc1)CC(=O)NCCCN1CCOCC1,0,0.115523,0.028616,0.019681
C[C@@H]1CCCCO[C@@H](CN(C)S(=O)(=O)c2cccs2)[C@@H](C)CN([C@H](C)CO)C(=O)c2cc(ccc2O1)NC(=O)Nc1c(noc1C)C,0,0.003500,0.023349,0.004546
C[C@H]1CN([C@H](C)CO)C(=O)Cc2cc(ccc2O[C@H]1CN(C)S(=O)(=O)c1c(noc1C)C)NS(=O)(=O)c1c(noc1C)C,0,0.003981,0.027582,0.009102
CS(=O)(=O)CCNCc1ccc(o1)-c1ccc2ncnc(c2c1)Nc1ccc(c(c1)Cl)OCc1cccc(c1)F,0,0.343457,0.723781,0.512980
C[C@H]1CN([C@@H](C)CO)C(=O)Cc2cc(ccc2O[C@H]1CN(C)S(=O)(=O)c1cccs1)NC(=O)CCC(F)(F)F,0,0.009615,0.027234,0.010568
CO[C@@H]1CN(C)C(=O)c2ccc(cc2OC[C@@H](C)N(C[C@H]1C)Cc1nccs1)NS(=O)(=O)CC(F)(F)F,0,0.011905,0.035609,0.015201
COc1ccc(cc1)S(=O)(=O)Nc1ccc2c(c1)C(=O)N(C[C@H](C)[C@@H](CN(C)Cc1ccc(c(c1)Cl)Cl)OCCCC[C@@H](C)O2)[C@H](C)CO,0,0.020029,0.023944,0.004640
COCC(=O)Nc1ccc2c(c1)OC[C@@H](C)N(C[C@H](C)[C@@H](CN(C)C2=O)OC)Cc1cccc(c1)F,0,0.008145,0.032428,0.008202
C[C@H]1CCCCO[C@H](CN(C)Cc2ccc(cc2)C(=O)Nc2ccccc2N)[C@H](C)CN([C@@H](C)CO)C(=O)c2cc(ccc2O1)NS(=O)(=O)c1c(noc1C)C,0,0.001856,0.025800,0.006292
C[C@H]1CN([C@@H](C)CO)C(=O)c2ccccc2-c2ccccc2CO[C@H]1CN(C)Cc1ccc(c(c1)Cl)Cl,0,0.301751,0.113642,0.075640
C[C@H]1CN([C@@H](C)CO)C(=O)Cc2cc(ccc2O[C@H]1CN(C)Cc1ccc(cc1)-c1ccccc1)NC(=O)Nc1ccc(cc1)F,0,0.122260,0.029739,0.013634
Cc1cc(c(c(n1)N)C#N)C(=O)O,0,0.039435,0.033363,0.033159
OC[C@H]1O[C@@H](C[C@@H]2[C@H]1Oc1ccc(cc12)NC(=O)Nc1ccccc1F)CC(=O)NCc1ccc(cc1)Oc1ccccc1,0,0.121914,0.031153,0.033094
COc1ccc(cc1)NC(=O)Nc1ccc2c(c1)C(=O)N(C[C@@H](C)[C@H](CN(C)C(=O)Nc1c(noc1C)C)OCCCC[C@@H](C)O2)[C@@H](C)CO,0,0.033302,0.023899,0.005818
CN(C)CCCNC(=O)C[C@@H]1CC[C@H]2[C@@H](COc3ccc(cc3C(=O)N2C)NC(=O)c2cccc(c2)F)O1,0,0.136256,0.037431,0.019281
COCC(=O)N1C[C@@H](C)[C@H](CN(C)C(=O)c2cc(ccc2OC[C@H]1C)NC(=O)Nc1cccc(c1)F)OC,0,0.123765,0.039761,0.016495
Cc1cnc[nH]1,0,0.017967,0.056787,0.022493
C[C@H]1CCCCO[C@H](CN(C)Cc2ccccc2)[C@@H](C)CN([C@H](C)CO)C(=O)c2cc(ccc2O1)NC(=O)C1CCCCC1,0,0.028173,0.028585,0.007851
C[C@H]1CN([C@@H](C)CO)C(=O)c2cc(ccc2O[C@H]1CN(C)Cc1ccc(c(c1)Cl)Cl)NS(=O)(=O)c1ccccc1,0,0.012491,0.025219,0.006511
COc1ccc(cc1)[Si](C)(C)[C@@H]1[C@@H](C)[C@@]2(O[C@H]1CC(=O)N1CCC[C@H]1CO)C(=O)N(Cc1cccc(c1)N1CCCCC1=O)c1ccccc12,0,0.021296,0.029277,0.043437
COc1ccc(cc1)S(=O)(=O)N(C)C[C@@H]1OCc2cnnn2CCCC(=O)N(C[C@@H]1C)[C@H](C)CO,0,0.010209,0.023836,0.006423
CC(C)CC#Cc1ccc2c(c1)O[C@@H](CN(C)C(=O)Cc1cccnc1)[C@@H](C)CN([C@@H](C)CO)S2(=O)=O,0,0.064573,0.026159,0.005416
COCC(=O)N1C[C@H](C)[C@@H](CN(C)C(=O)c2cc(ccc2OC[C@@H]1C)NC(=O)c1cc(on1)C)OC,0,0.006011,0.024328,0.005942
C[C@H]1CN([C@H](C)CO)C(=O)c2cccc(c2O[C@H]1CN(C)C(=O)Nc1ccc(cc1)C(F)(F)F)NC(=O)Nc1ccc(cc1)F,0,0.943149,0.799005,0.768669
C[C@@H](N)CO,0,0.000041,0.039078,0.019406
C[C@H]1CCCCO[C@@H](CN(C)C(=O)NC2CCCCC2)[C@@H](C)CN([C@@H](C)CO)C(=O)c2cc(ccc2O1)NC(=O)Cc1ccccc1,0,0.003763,0.022616,0.004944
C[C@H]1CN([C@H](C)CO)C(=O)Cc2cc(ccc2O[C@H]1CN(C)C(=O)Nc1ccc2c(c1)OCO2)NC(=O)CCN1CCOCC1,0,0.001040,0.021518,0.004292
CCS(=O)(=O)N[C@@H]1CC[C@@H](CC(=O)NCc2ccccn2)O[C@@H]1CO,0,0.002278,0.025140,0.005988
C[C@@H]1O[C@@H](OC[C@H]2O[C@@H](OCCc3ccccc3)[C@H](O)[C@@H](O)[C@@H]2O)[C@H](O)[C@H](O)[C@H]1O,0,0.124647,0.051926,0.084540
C[C@H]1CN([C@H](C)CO)C(=O)c2cc(ccc2O[C@@H]1CN(C)C(=O)Nc1ccccc1)NC(=O)Cn1cnnn1,0,0.065053,0.023666,0.007403
CCCC(=O)Nc1ccc2c(c1)OC[C@H](C)N(C[C@H](C)[C@H](CN(C)C2=O)OC)S(=O)(=O)c1cn(cn1)C,0,0.005332,0.024226,0.005046
C[C@@H]1CN([C@H](C)CO)C(=O)c2cc(ccc2O[C@H]1CN(C)Cc1ccc(cc1)C(=O)O)NC(=O)Nc1cccc2ccccc12,0,0.086349,0.074508,0.029743
COc1ccc(cc1)CN(C)C[C@H]1Oc2c(cccc2C(=O)N(C[C@@H]1C)[C@H](C)CO)NC(=O)c1ccc(cc1)-c1nccs1,0,0.010426,0.021755,0.004479
CCOC(=O)CCCCCC(=O)Nc1ccc2c(c1)C(=O)N(C[C@H](C)[C@H](CN(C)C(=O)Nc1ccc(cc1)C(F)(F)F)OCCCC[C@H](C)O2)[C@@H](C)CO,0,0.094513,0.081312,0.039488
CN1CCN(CC1)C(=O)[C@H]1[C@H](CO)[C@H]2CN3C(=O)C(=CC=C3[C@H]2N1CC1CC1)c1cncnc1,0,0.168145,0.041468,0.015367
COc1ccccc1CNC(=O)C[C@@H]1C[C@@H]2[C@@H](Oc3ccc(cc32)NC(=O)Nc2ccc(cc2)C(F)(F)F)[C@@H](CO)O1,0,0.541038,0.183470,0.112378
CS(=O)(=O)c1ccc(C(=O)C2C(=O)CCCC2=O)c([N+](=O)[O-])c1,0,0.995975,0.562577,0.583998
COc1ccccc1/C=C/C=C\1/C(=O)N([C@@H](c2cccc(c2)[N+](=O)[O-])S1(=O)=O)c1cc(cc(c1)C)C,0,0.381262,0.538992,0.464000
OC1CN(C1)C(=O)c1cc2n(n1)CCCO2,0,0.007506,0.024981,0.009943
CCC1OC(=O)C(C)C(OC2CC(C)(OC)C(O)C(C)O2)C(C)C(OC2OC(C)CC(N(C)C)C2O)C(C)(O)CC(C)C(=O)C(C)C(O)C1(C)O,1,0.990838,0.945625,0.981221
COc1ccc(c(c1)CN)OC,0,0.361397,0.067839,0.028529
COc1ccccc1NC(=O)N(C)C[C@H]1OCc2ccccc2-c2c(n(c3ccccc23)C)C(=O)N(C[C@H]1C)[C@H](C)CO,0,0.050434,0.023397,0.007556
C[C@H]1CN([C@@H](C)CO)C(=O)c2cc(ccc2O[C@@H]1CN(C)S(=O)(=O)c1cccs1)NC(=O)Cn1cnnn1,0,0.010666,0.023682,0.007190
C[C@@H]1CCCCO[C@H](CN(C)C(=O)CCC(F)(F)F)[C@@H](C)CN([C@@H](C)CO)C(=O)c2cc(ccc2O1)NS(=O)(=O)c1ccc(cc1)C,0,0.013559,0.024941,0.005465
COc1ccc(cc1)NC(=O)Nc1ccc2c(c1)C(=O)N(C[C@@H](C)[C@H](CN(C)Cc1ccc(c(c1)Cl)Cl)OCCCC[C@@H](C)O2)[C@@H](C)CO,0,0.097566,0.026932,0.007479
COc1ccc(cc1)S(=O)(=O)N(C)C[C@H]1Oc2ccc(cc2C(=O)N(C[C@@H]1C)[C@@H](C)CO)NS(=O)(=O)c1cccs1,0,0.009021,0.024333,0.006456
CC12CCC3c4ccc(O)cc4CCC3C1CCC2O,0,0.142493,0.176360,0.118315
C[C@@H]1CCCCO[C@@H](CN(C)C(=O)C2CCCCC2)[C@H](C)CN([C@H](C)CO)C(=O)c2cc(ccc2O1)NS(=O)(=O)c1ccccc1,0,0.002041,0.024265,0.004669
CC(C)(C(=O)O)c1ccc(C(O)CCCN2CCC(C(O)(c3ccccc3)c3ccccc3)CC2)cc1.Cl,0,0.989721,0.669099,0.512022
CN1CCN(c2cc3c(cc2F)c(=O)c(C(=O)O)cn3-c2ccc(F)cc2)CC1.Cl,1,0.998751,0.925918,0.914501
COc1ccc(cc1)S(=O)(=O)Nc1ccc2c(c1)C(=O)N(C[C@H](C)[C@@H](CN(C)Cc1ccc3c(c1)OCO3)OCCCC[C@H](C)O2)[C@H](C)CO,0,0.002052,0.024672,0.004930
C[C@@H]1CN([C@H](C)CO)C(=O)c2cc(ccc2O[C@@H]1CN(C)S(=O)(=O)c1ccc(cc1)F)NC(=O)c1ccncc1,0,0.008827,0.023808,0.005686
OCc1cccc(c1)Cn1cncn1,0,0.249278,0.112202,0.050700
OC[C@@H](O)[C@@H](O)[C@H](O)[C@@H](O)/C=N/NC(=O)c1ccc(cc1)C(=O)NO,0,0.039581,0.114811,0.076886
C[C@H]1CN([C@H](C)CO)C(=O)c2cccc(c2O[C@H]1CN(C)S(=O)(=O)c1ccc(cc1)Cl)NC(=O)C1CCOCC1,0,0.048015,0.022901,0.005559
CN(C)C1C(O)=C(C(N)=O)C(=O)C2(O)C(O)=C3C(=O)c4c(O)cccc4C(C)(O)C3C(O)C12.Cl,0,0.948955,0.854677,0.637374
CN1CCc2cccc3c2C1Cc1ccc(O)c(O)c1-3.Cl,0,0.920882,0.468289,0.398555
CC(=O)OC1CC2CCC1(C)C2(C)C,0,0.281297,0.107113,0.068076
COc1c(cc2c(c1OC)C1=CC=C(SC)C(=O)C=C1[C@H](CC2)NC(=O)C)O[C@@H]1O[C@H](CO)[C@@H](O)[C@H](O)[C@H]1O,0,0.537605,0.687681,0.404339
CN(C)C(=O)C[C@@H]1O[C@H](CO)[C@@H](NC(=O)C2CC2)C=C1,0,0.053413,0.037711,0.009339
CN(C)CCCCNC(=O)[C@H]1C[C@@H]2N([C@H]1c1cccc(c1)OCCO)C(=O)[C@H](CCCC[N+](C)(C)C)NC2=O,0,0.881516,0.086177,0.054725
COc1ccc(cc1)NC(=O)Nc1ccc2c(c1)CC(=O)N(C[C@H](C)[C@H](CN(C)S(=O)(=O)c1cn(cn1)C)O2)[C@@H](C)CO,0,0.007931,0.023539,0.004373
OC[C@H]1O[C@@H](CCNC(=O)CN2CCOCC2)CC[C@H]1NC(=O)c1ccc2c(c1)OCO2,0,0.008865,0.024951,0.009476
C[C@H]1CN([C@H](C)CO)C(=O)c2cccc(c2O[C@@H]1CN(C)Cc1ccc(cc1)C(=O)O)NS(=O)(=O)c1cn(cn1)C,0,0.180127,0.026350,0.005296
C[C@H]1CN([C@H](C)CO)C(=O)c2cccc(c2O[C@@H]1CN(C)Cc1ccc(cc1)Oc1ccccc1)NC(=O)C1CCCCC1,0,0.018370,0.044700,0.019408
CC(C)C#Cc1ccc2c(c1)O[C@@H](CN(C)S(=O)(=O)c1cn(cn1)C)[C@@H](C)CN([C@H](C)CO)S2(=O)=O,0,0.166073,0.025223,0.005492
C[C@H]1CCCCO[C@H](CN(C)Cc2ccncc2)[C@H](C)CN([C@H](C)CO)C(=O)c2cc(ccc2O1)NC(=O)c1ccccc1,0,0.001444,0.021962,0.003669
[O-][N+](=O)c1cc2c(cc1C#N)NC(=O)C(=O)N2,0,0.905347,0.460301,0.387870
C[C@@H]1CN([C@@H](C)CO)C(=O)Cc2cc(ccc2O[C@@H]1CN(C)Cc1ccncc1)NS(=O)(=O)c1cccs1,0,0.000416,0.023946,0.004745
CC(=O)OC1CCC2(C)C(CCC3C4CC=C(C(C)=O)C4(C)CCC32)C1,0,0.640342,0.160419,0.096246
C[C@@H]1CN([C@@H](C)CO)C(=O)c2cc(ccc2O[C@@H]1CN(C)C(=O)NC1CCCCC1)NS(=O)(=O)c1cn(cn1)C,0,0.048565,0.023854,0.004867
C[C@@H]1COC(=O)[C@H](CC=CC[C@@H](CC(=O)N[C@@H](CO)Cc2ccccc2)C(=O)N1)Cc1ccc(cc1)F,0,0.023769,0.034541,0.033698
C[C@H]1CN([C@H](C)CO)C(=O)Cc2cc(ccc2O[C@H]1CN(C)Cc1ccc(cc1)-c1ccccc1)NS(=O)(=O)c1c(noc1C)C,0,0.003929,0.026492,0.006094
COc1cc2c(cc1OC)CN(CC2)C(=O)[C@H]1[C@H]2N([C@@H]([C@@H](OC2=O)c2ccccc2)c2ccccc2)[C@@H](c2ccccc2OCCO)[C@]11C(=O)Nc2ccc(cc21)C#CC1=CCCCC1,0,0.032899,0.056284,0.024823
CO[C@@H]1CC[C@@H]2[C@H]1OCCN2C(=O)N(C)C,0,0.008399,0.029482,0.010469
COCCNC(=O)C[C@@H]1CC[C@H](NS(=O)(=O)c2ccc(cc2)C)[C@@H](CO)O1,0,0.015960,0.027443,0.008812
C[C@@H]1CCCCO[C@@H](CN(C)S(=O)(=O)c2cccs2)[C@H](C)CN([C@H](C)CO)C(=O)c2cc(ccc2O1)NC(=O)Nc1c(noc1C)C,0,0.003500,0.023349,0.004546
C[C@@H]1CN([C@@H](C)CO)C(=O)c2cccc(c2O[C@@H]1CN(C)C(=O)Nc1c(noc1C)C)NS(=O)(=O)c1ccccc1,0,0.014213,0.024454,0.005930
C[C@@H]1CN([C@H](C)CO)C(=O)c2cc(ccc2O[C@@H]1CN(C)Cc1ccc(cc1)C(=O)O)NC(=O)Cn1cnnn1,0,0.226019,0.060973,0.025489
COc1cccc(c1)CN(C)C[C@H]1OCc2ccccc2-c2c(n(c3ccccc23)C)C(=O)N(C[C@@H]1C)[C@H](C)CO,0,0.097260,0.045178,0.026280
C[C@@H]1CCCCO[C@@H](CN(C)C(=O)Nc2ccc(cc2)F)[C@H](C)CN([C@H](C)CO)C(=O)c2cc(ccc2O1)NS(=O)(=O)c1c(noc1C)C,0,0.044634,0.024868,0.006940
C[C@@H]1CCCCO[C@H](CN(C)CC2CCCCC2)[C@H](C)CN([C@@H](C)CO)C(=O)c2cc(ccc2O1)NS(=O)(=O)c1c(noc1C)C,0,0.025511,0.025233,0.010094
Cc1ccccc1OC[C@@H](O)CO,0,0.093779,0.097594,0.062723
OC(=O)C1=CC(=O)NC(=C1)O,0,0.483609,0.154048,0.074817
C[C@@H]1CCCCO[C@H](CN(C)Cc2ccncc2)[C@H](C)CN([C@@H](C)CO)C(=O)c2cc(ccc2O1)NC(=O)Cc1ccccc1,0,0.002748,0.021941,0.004408
CC(C)NC(=O)N(C)C[C@H]1Oc2c(cccc2C(=O)N(C[C@@H]1C)[C@H](C)CO)NS(=O)(=O)c1ccc(cc1)Cl,0,0.062858,0.029517,0.011875
CCS(=O)(=O)Nc1ccc2c(c1)C(=O)N(C)C[C@H](OC)[C@@H](C)CN(Cc1nccs1)[C@@H](C)CO2,0,0.002297,0.025607,0.006744
C[C@@H](O)C#Cc1ccc2c(c1)O[C@@H](CN(C)C(=O)c1ccncc1)[C@@H](C)CN([C@H](C)CO)S2(=O)=O,0,0.024520,0.023404,0.005857
COc1cccc(c1)NC(=O)N(C)C[C@@H]1Oc2ncc(cc2C(=O)N(C[C@H]1C)[C@@H](C)CO)C#Cc1cccnc1,0,0.026559,0.021758,0.004386
C1CCCCCC(CCCCC1)/N=C/c1ccco1,0,0.007738,0.239734,0.301881
CC1=C(C)C(=O)C(=CC1=O)CCCCCCCCCC[P+](c1ccccc1)(c1ccccc1)c1ccccc1,0,0.999315,0.604343,0.453864
COP(=O)(OC)OC(Br)C(Cl)(Cl)Br,0,0.000001,0.587286,0.365083
Cn1cc(c2ccccc12)C[C@@H](N)C(=O)O,0,0.321342,0.042663,0.026272
COc1ccc(cc1)S(=O)(=O)N(C)C[C@H]1OCCCC[C@H](C)Oc2ccc(cc2C(=O)N(C[C@H]1C)[C@@H](C)CO)NS(=O)(=O)c1cn(cn1)C,0,0.017853,0.026319,0.005687
COc1ccc(cc1)CN(C)C[C@H]1Oc2c(cccc2C(=O)N(C[C@H]1C)[C@H](C)CO)NS(=O)(=O)c1c(noc1C)C,0,0.008353,0.024477,0.005195
C[C@@H]1CN([C@H](C)CO)C(=O)c2cccc(c2O[C@@H]1CN(C)S(=O)(=O)c1cn(cn1)C)NS(=O)(=O)c1ccc(cc1)F,0,0.029825,0.027664,0.009780
Cc1noc(c1NC(=O)N1C[C@H](O)COC[C@H]2O[C@@H](CC[C@@H]21)CC(=O)N[C@H]1CCN(C1)Cc1ccccc1)C,0,0.445899,0.103841,0.088295
COCC(=O)N(C)C[C@H]1Oc2cc(ccc2S(=O)(=O)N(C[C@@H]1C)[C@@H](C)CO)C#C[C@@H](C)O,0,0.103455,0.023151,0.007910
C[C@@H]1CN([C@H](C)CO)C(=O)Cc2cc(ccc2O[C@H]1CN(C)Cc1ccc(cc1)C(F)(F)F)NC(=O)Nc1ccc(cc1)F,0,0.227436,0.080637,0.048446
COc1ccc(c(c1)OC)N1N=C(C(=O)NCC(=O)N2CCN(CC2)c2ccccc2)c2ccccc2C1=O,0,0.057763,0.071531,0.060586
C[C@@H]1CN([C@@H](C)CO)C(=O)c2cc(ccc2O[C@H]1CN(C)Cc1ccc(cc1)Oc1ccccc1)NC(=O)Nc1cccc2ccccc12,0,0.008334,0.054822,0.022816
COc1cccc(c1)S(=O)(=O)N1C[C@H](O)COC[C@@H]2O[C@@H](CC[C@H]21)CC(=O)N1CCN(CC1)c1ccccc1,0,0.065718,0.025269,0.009685
C[C@@H]1CN([C@H](C)CO)C(=O)c2cc(ccc2O[C@H]1CN(C)Cc1ccncc1)NC(=O)CCN1CCOCC1,0,0.001289,0.022757,0.004898
COc1ccccc1CNC(=O)C[C@@H]1C[C@@H]2[C@@H](Oc3ccc(cc32)NC(=O)Nc2ccc(cc2)C(F)(F)F)[C@H](CO)O1,0,0.541038,0.183470,0.112378
COc1ccc(c(c1)OC)NC(=O)N(C)C[C@@H]1OCc2ccccc2-c2c(n(c3ccccc23)C)C(=O)N(C[C@H]1C)[C@@H](C)CO,0,0.038335,0.022854,0.005008
CCNC1CN(CCCOC)S(=O)(=O)c2sc(S(N)(=O)=O)cc21,0,0.000000,0.045061,0.010874
O=C1C=C[C@@H]2C3C=CC([C@@H]2[C@]21CO2)[C@@]1(CO1)C3=O,0,0.341462,0.089878,0.050638
C[C@@H]1CN([C@@H](C)CO)C(=O)Cc2cc(ccc2O[C@@H]1CN(C)S(=O)(=O)c1ccc(cc1)C)NC(=O)Nc1ccc(cc1)C(F)(F)F,0,0.156986,0.038396,0.012763
C[C@@H]1CCCCO[C@@H](CN(C)S(=O)(=O)c2ccc(cc2)F)[C@@H](C)CN([C@@H](C)CO)C(=O)c2cc(ccc2O1)NS(=O)(=O)c1ccc(cc1)Cl,0,0.019506,0.023670,0.006072
COc1ccc(cc1)NC(=O)N(C)C[C@@H]1OCCCC[C@@H](C)Oc2ccc(cc2C(=O)N(C[C@@H]1C)[C@H](C)CO)NS(=O)(=O)c1ccc(cc1)OC,0,0.003431,0.024335,0.004343
C[C@@H]1CN([C@@H](C)CO)S(=O)(=O)c2ccc(cc2O[C@@H]1CN(C)C(=O)NC1CCCC1)-c1cncnc1,0,0.046679,0.025223,0.005243
COC(=O)c1cc(oc1CN)-c1ccccc1,0,0.030553,0.230510,0.167818
CN1CCC(OC(c2ccccc2)c2ccccc2)CC1.Cl,0,0.944762,0.598154,0.417332
NC(=O)c1ccc([N+](=O)[O-])cc1Cl,0,0.781589,0.290442,0.180891
COc1ccc(cc1)CN(C)C[C@H]1OCCCC[C@H](C)Oc2ccc(cc2C(=O)N(C[C@H]1C)[C@H](C)CO)NC(=O)Nc1ccc(cc1)F,0,0.080011,0.022865,0.008952
C[C@H]1CN([C@@H](C)CO)S(=O)(=O)c2ccc(cc2O[C@H]1CN(C)C(=O)Cc1ccncc1)C#CC1CCCC1,0,0.049327,0.026046,0.005518
COCC(=O)Nc1ccc2c(c1)OC[C@H](C)N(C[C@@H](C)[C@@H](CN(C)C2=O)OC)Cc1cccc(c1)F,0,0.008145,0.032428,0.008202
CC(C)(C)N(CC=C)C(=O)[C@H]1N(CCOCCO)C(=O)[C@H]2[C@@H]([C@H]3O[C@]21C=C3)C(=O)O,0,0.739700,0.446450,0.186618
COc1cc(C)c(C=CC=CC=CC=CC(=O)O)c(C)c1C,0,0.972612,0.170009,0.216590
C[C@]12CC[C@H](Cl)C[C@@H]1CC[C@@H]1[C@@H]2CC[C@@]2(C)[C@H]1CCC2=O,0,0.871945,0.116315,0.072266
C[C@H]1CN([C@H](C)CO)C(=O)c2cccc(c2O[C@H]1CN(C)C(=O)Nc1ccccc1)NC(=O)c1cc(nn1C)C,0,0.039397,0.024123,0.007737
COc1ccccc1CNC(=O)C[C@@H]1CC[C@@H]2[C@H](COC[C@@H](O)CN2C(=O)Nc2ccc(cc2)Cl)O1,1,0.701917,0.923970,0.925728
OC[C@@H]1O[C@H](CCNC(=O)Cc2ccccn2)CC[C@@H]1NC(=O)CN1CCOCC1,0,0.004874,0.023212,0.007773
C[C@@H]1CN([C@@H](C)CO)C(=O)c2cc(ccc2O[C@@H]1CN(C)S(=O)(=O)c1cn(cn1)C)NC(=O)CCC(F)(F)F,0,0.077929,0.034375,0.020176
CC(C)(CO)Nc1ncnc(c1[N+](=O)[O-])N,0,0.995293,0.123597,0.122445
C[C@@H]1CCCCO[C@@H](CN(C)Cc2ccc(cc2)C(F)(F)F)[C@H](C)CN([C@@H](C)CO)C(=O)c2cc(ccc2O1)NC(=O)c1ccccc1,0,0.049527,0.021891,0.007677
C[C@H]1CN([C@@H](C)CO)C(=O)c2cc(cnc2O[C@H]1CN(C)S(=O)(=O)c1ccccc1F)C#Cc1ccccc1F,0,0.163051,0.039598,0.010469
C[C@@H]1CCCCO[C@@H](CN(C)C(=O)NC2CCCCC2)[C@@H](C)CN([C@H](C)CO)C(=O)c2cc(ccc2O1)NC(=O)Nc1ccc2c(c1)OCO2,0,0.009862,0.023232,0.005062
O[C@@H]1COC[C@H]2O[C@@H](CC[C@@H]2N(C1)C(=O)c1ccc2c(c1)OCO2)CC(=O)NC1Cc2ccccc2C1,0,0.064924,0.063620,0.057796
C[C@H]1CN([C@@H](C)CO)C(=O)c2cc(ccc2O[C@H]1CN(C)C(=O)Nc1cccc2ccccc12)NS(=O)(=O)c1cccs1,0,0.012872,0.024534,0.005794
C[C@@H]1CN([C@H](C)CO)C(=O)c2cc(ccc2O[C@@H]1CN(C)S(=O)(=O)c1cn(cn1)C)NC(=O)CCC(F)(F)F,0,0.077929,0.034375,0.020176
COc1ccc(cc1)CN(C)C[C@H]1OCCCC[C@@H](C)Oc2ccc(cc2C(=O)N(C[C@@H]1C)[C@@H](C)CO)NS(=O)(=O)c1ccccc1,0,0.002554,0.024246,0.004033
COC(=O)c1c(OC)cc2c(c1C)Oc1c(Cl)c(O)c(Cl)c(C)c1C(=O)O2,0,0.980363,0.805551,0.785545
CC(C)NC(=O)N(C)C[C@H]1OCCCC[C@@H](C)Oc2ccc(cc2C(=O)N(C[C@H]1C)[C@H](C)CO)NS(=O)(=O)C,0,0.007014,0.032051,0.005335
C[C@H]1CCCCO[C@H](CN(C)Cc2ccncc2)[C@@H](C)CN([C@@H](C)CO)C(=O)c2cc(ccc2O1)NC(=O)Nc1c(noc1C)C,0,0.014618,0.028176,0.008299
COc1ccc(cc1)COC[C@@]12Oc3ccccc3[C@H]([C@H]2COC(=O)NCCCCCC(=O)NO)N2Cc3ccccc3CSC2=N1,0,0.000599,0.215048,0.124354
COc1ccc(cc1OC)C#Cc1cnc2c(c1)C(=O)N(C[C@H](C)[C@H](CN(C)S(=O)(=O)c1cccs1)O2)[C@H](C)CO,0,0.012477,0.023211,0.004739
C[C@@H]1CCCCO[C@@H](CN(C)Cc2ccc(cc2)C(=O)O)[C@H](C)CN([C@H](C)CO)C(=O)c2cc(ccc2O1)NC(=O)Nc1c(noc1C)C,0,0.142214,0.028630,0.009069
C[C@H]1CCCCO[C@H](CN(C)C(=O)Nc2c(noc2C)C)[C@@H](C)CN([C@@H](C)CO)C(=O)c2cc(ccc2O1)NS(=O)(=O)c1cccs1,0,0.005837,0.023349,0.004254
COc1ccc(cc1)S(=O)(=O)N(C)C[C@@H]1Oc2ccc(cc2C(=O)N(C[C@H]1C)[C@@H](C)CO)NC(=O)c1ccncc1,0,0.003883,0.023314,0.004532
OC[C@H]1O[C@@H](CC(=O)NCc2ccccc2F)C=C[C@H]1NC(=O)c1cnccn1,0,0.110910,0.052533,0.031172
O=C(CN1C(=O)CSC1=O)N1CCCC1,0,0.008528,0.099110,0.047764
C[C@@H](O)C#Cc1ccc2c(c1)O[C@H](CN(C)C(=O)c1ccncc1)[C@H](C)CN([C@H](C)CO)S2(=O)=O,0,0.024520,0.023404,0.005857
COc1cccc(c1)S(=O)(=O)N1C[C@H](O)COC[C@H]2O[C@H](CC[C@@H]21)CC(=O)N1CCN(CC1)c1ccccc1,0,0.065718,0.025269,0.009685
C[C@H]1CN([C@@H](C)CO)C(=O)c2cccc(c2O[C@H]1CN(C)S(=O)(=O)C)NC(=O)c1cnccn1,0,0.036525,0.023039,0.006863
C[C@H]1CCCCO[C@@H](CN(C)C(=O)Cc2ccccc2)[C@@H](C)CN([C@H](C)CO)C(=O)c2cc(ccc2O1)NC(=O)Nc1c(noc1C)C,0,0.010084,0.024940,0.005624
COc1ccc(cc1)S(=O)(=O)Nc1cccc2c1O[C@@H](CN(C)C(=O)Nc1cccc3ccccc13)[C@H](C)CN([C@H](C)CO)C2=O,0,0.021395,0.023492,0.007450
C[C@@H]1CN([C@@H](C)CO)C(=O)Cc2cc(ccc2O[C@@H]1CN(C)S(=O)(=O)c1cn(cn1)C)NC(=O)Nc1ccc2c(c1)OCO2,0,0.002926,0.023844,0.004527
CCOC(=O)CC1=NC(=O)CS1,0,0.001046,0.050799,0.025786
C[C@@H]1CCCCO[C@H](CN(C)Cc2ccncc2)[C@@H](C)CN([C@H](C)CO)C(=O)c2cc(ccc2O1)NS(=O)(=O)c1ccc(cc1)C,0,0.002081,0.024560,0.004965
N[C@H](Cc1cnc[nH]1)C(=O)O,0,0.187551,0.032199,0.019819
COc1ccccc1C(=O)Nc1ccc2c(c1)C(=O)N(C)[C@@H]1CC[C@H](CC(=O)NCCc3ccncc3)O[C@@H]1CO2,0,0.003765,0.024588,0.007790
C[C@@H]1CN([C@H](C)CO)C(=O)c2cc(ccc2O[C@H]1CN(C)Cc1ccc(cc1)C(F)(F)F)NC(=O)C1CCCCC1,0,0.125880,0.074595,0.078131
COc1ccc(cc1)NC(=O)N(C)C[C@H]1Oc2ccc(cc2CC(=O)N(C[C@H]1C)[C@@H](C)CO)NC(=O)Cn1cnnn1,0,0.025929,0.022053,0.005695
COc1ccc(cc1)NC(=O)N(C)C[C@H]1Oc2ccc(cc2C(=O)N(C[C@@H]1C)[C@H](C)CO)NS(=O)(=O)C,0,0.028211,0.023579,0.006763
C[C@@H]1CCCCO[C@H](CN(C)S(=O)(=O)c2ccc(cc2)C)[C@H](C)CN([C@@H](C)CO)C(=O)c2cc(ccc2O1)NC(=O)NC1CCCCC1,0,0.009044,0.024213,0.004622
COc1ccc(cc1OC)S(=O)(=O)N(C)C[C@@H]1Oc2c(cccc2C(=O)N(C[C@H]1C)[C@@H](C)CO)NC(=O)Nc1cccc2ccccc12,0,0.055353,0.024591,0.007593
C[C@H]1CN([C@@H](C)CO)C(=O)Cc2cc(ccc2O[C@@H]1CN(C)C(=O)Nc1c(noc1C)C)NC(=O)Nc1cccc2ccccc12,0,0.018067,0.023934,0.006726
C[C@@H]1CN([C@H](C)CO)C(=O)Cc2cc(ccc2O[C@@H]1CN(C)C(=O)Nc1cccc2ccccc12)NC(=O)CCC(F)(F)F,0,0.095263,0.030161,0.031501
C[C@H]1CN([C@@H](C)CO)C(=O)Cc2cc(ccc2O[C@H]1CN(C)S(=O)(=O)c1ccccc1)NS(=O)(=O)C,0,0.002820,0.026414,0.006960
C[C@@H]1CN([C@H](C)CO)C(=O)Cc2cc(ccc2O[C@@H]1CN(C)Cc1ccc(cc1)-c1ccccc1)NC(=O)Cc1ccccc1,0,0.012642,0.029299,0.011489
C[C@@H]1CN([C@H](C)CO)C(=O)c2cc(ccc2O[C@H]1CN(C)C(=O)Nc1ccc2c(c1)OCO2)NC(=O)Cn1cnnn1,0,0.036041,0.024735,0.008179
COc1ccc(cc1CNCCO)[N+](=O)[O-],0,0.131835,0.112810,0.063715
C[C@@H]1CCCCO[C@H](CN(C)S(=O)(=O)c2c(noc2C)C)[C@@H](C)CN([C@H](C)CO)C(=O)c2cc(ccc2O1)N(C)C,0,0.014707,0.023689,0.006187
NCCNc1cccc2ccccc12,0,0.535082,0.249643,0.165909
C[C@@H]1CN([C@@H](C)CO)C(=O)Cc2cc(ccc2O[C@H]1CN(C)C(=O)Nc1ccc(cc1)C(F)(F)F)NC(=O)Nc1ccc(cc1)F,0,0.596757,0.060068,0.069977
C[C@H](N[C@@H](CCc1ccccc1)C(=O)O)C(=O)N1CCC[C@H]1C(=O)O,0,0.102655,0.276339,0.244283
ONC(=O)CCCCCNC(=O)OCc1ccc(cc1)CO[C@H]1C[C@H](C=C(O1)C(=O)N1CCN(CC1)Cc1ccccc1)C1CCCCC1,0,0.000020,0.203755,0.118187
OCCN(Cc1ccccc1)C(=O)C[C@H](CC=C)C(=O)N1CCC[C@H]1COC(=O)[C@H](CCC=C)Cc1ccc(cc1)F,0,0.006334,0.028774,0.024378
Oc1ccc(O)cc1,0,0.359017,0.177187,0.122037
CC(C)NC(=O)Nc1ccc2c(c1)C(=O)N(C[C@@H](C)[C@H](CN(C)C(=O)Nc1c(noc1C)C)O2)[C@@H](C)CO,0,0.049133,0.027998,0.009412
C[C@@H]1CCCCO[C@H](CN(C)S(=O)(=O)c2cccs2)[C@@H](C)CN([C@H](C)CO)C(=O)c2cc(ccc2O1)NC(=O)Nc1c(noc1C)C,0,0.003500,0.023349,0.004546
CC1=C(C(=O)NC(=O)N1)S(=O)(=O)N1CCC[C@@H](C1)C(=O)NCCc1c[nH]c2ccc(cc12)F,0,0.361711,0.030390,0.031618
C[C@@H]1CN([C@H](C)CO)C(=O)c2cc(cnc2O[C@H]1CN(C)C(=O)Nc1ccc2c(c1)OCO2)-c1ccncc1,0,0.002901,0.021186,0.003913
COc1ccc(cc1)NC(=O)Nc1ccc2c(c1)C(=O)N(C[C@H](C)[C@@H](CN(C)S(=O)(=O)c1ccc(cc1)C)OCCCC[C@@H](C)O2)[C@H](C)CO,0,0.006919,0.023473,0.004307
C[C@H]1CN([C@@H](C)CO)C(=O)c2cccc(c2O[C@H]1CN(C)S(=O)(=O)c1cn(cn1)C)NS(=O)(=O)c1cn(cn1)C,0,0.072707,0.044307,0.010207
C[C@@H]1CN([C@H](C)CO)C(=O)c2cccc(c2O[C@@H]1CN(C)C(=O)NC1CCCCC1)NC(=O)Nc1ccc(cc1)C(F)(F)F,0,0.714920,0.802467,0.868869
C[C@H]1CN([C@H](C)CO)C(=O)c2cccc(c2O[C@H]1CN(C)C(=O)Nc1ccc(cc1)F)NS(=O)(=O)c1cn(cn1)C,0,0.257743,0.025545,0.007695
COc1cccc(c1)-c1ccc2c(c1)O[C@@H](CN(C)C(=O)C1CCC1)[C@H](C)CN([C@@H](C)CO)S2(=O)=O,0,0.017385,0.037035,0.007378
COCCNC(=O)C[C@@H]1C[C@@H]2[C@@H](Oc3ccc(cc32)NC(=O)Nc2ccc(cc2)C(F)(F)F)[C@@H](CO)O1,0,0.632131,0.179281,0.097014
C[C@@H]1CCCCO[C@H](CN(C)C(=O)Nc2ccc(cc2)F)[C@H](C)CN([C@@H](C)CO)C(=O)c2cc(ccc2O1)NS(=O)(=O)c1ccc(cc1)F,0,0.058128,0.023619,0.007029
COc1ccc(cc1)S(=O)(=O)N(C)C[C@H]1OCCCC[C@H](C)Oc2ccc(cc2C(=O)N(C[C@@H]1C)[C@@H](C)CO)NC(=O)C1CCCCC1,0,0.005807,0.023948,0.004435
OCCCCCCN1[C@@H]2C(=O)N(CCN3CCOCC3)CC=C[C@@]32O[C@@H]2C=CCOC(=O)[C@@H]2[C@H]3C1=O,0,0.319338,0.299119,0.155780
C[C@H]1CN([C@@H](C)CO)C(=O)Cc2cc(ccc2O[C@@H]1CN(C)S(=O)(=O)c1cccs1)NS(=O)(=O)c1c(noc1C)C,0,0.000946,0.024348,0.006889
COc1ccccc1CNC(=O)C[C@H]1CC[C@H]2[C@@H](COC[C@@H](O)CN2C(=O)Nc2ccc(cc2)Cl)O1,0,0.701917,0.923970,0.925728
COc1ccc2c3c([nH]c2c1)[C@@H](CO)N(Cc1ccncc1)C[C@]13CCN(CC1)Cc1ccc(cc1)-c1ccccn1,0,0.182320,0.195441,0.198463
C[C@H]1CCCCO[C@H](CN(C)C(=O)Nc2ccc(cc2)F)[C@@H](C)CN([C@H](C)CO)C(=O)c2cc(ccc2O1)NS(=O)(=O)c1ccccc1,0,0.010093,0.023486,0.004678
CN(C)C(=O)CN1CCC[C@]2(CCN(C2)S(=O)(=O)c2cn(cn2)C)C1,0,0.132029,0.033797,0.008957
CC(=O)O[C@H]1C[C@@]2(C)[C@H]3CC=C4[C@@H](C[C@@H](O[C@H]5O[C@@H](CO)[C@@H](O)[C@@H](O)[C@@H]5O)[C@@H](O)C4(C)C)[C@@]3(C)CC[C@@]2(C)[C@@H]1C(C)(O)C(=O)CCC(C)(C)O,0,0.683276,0.465044,0.468264
C[C@H]1CN([C@@H](C)CO)S(=O)(=O)c2ccc(cc2O[C@@H]1CN(C)C(=O)c1cccc(c1)F)-c1cccnc1,0,0.018173,0.025579,0.005189
C[C@H]1CN([C@H](C)CO)C(=O)c2cccc(c2O[C@H]1CN(C)Cc1ccc(cc1)C(F)(F)F)NS(=O)(=O)c1ccc(cc1)Cl,0,0.206700,0.046540,0.022786
COc1ccc(cc1)NC(=O)Nc1cccc2c1O[C@@H](CN(C)Cc1ccc(cc1)-c1ccccc1)[C@@H](C)CN([C@@H](C)CO)C2=O,0,0.054556,0.025607,0.009093
CC(C)CC#Cc1cnc2c(c1)C(=O)N(C[C@@H](C)[C@H](CN(C)S(=O)(=O)c1ccc(cc1)C)O2)[C@@H](C)CO,0,0.066783,0.027681,0.006136
C[C@@H]1CCCCO[C@@H](CN(C)Cc2ccc(c(c2)Cl)Cl)[C@H](C)CN([C@H](C)CO)C(=O)c2cc(ccc2O1)NC(=O)Nc1cccc2ccccc12,0,0.136826,0.026851,0.006574
OC[C@H](Cc1ccccc1)NC(=O)C[C@H](CC=C)C(=O)N[C@@H](COC(=O)[C@@H](CC=C)NC(=O)OCC1c2ccccc2-c2ccccc21)Cc1c[nH]c2ccccc12,0,0.000298,0.092880,0.039944
C[C@@H]1CN([C@H](C)CO)C(=O)Cc2cc(ccc2O[C@H]1CN(C)C(=O)Nc1ccccc1)NS(=O)(=O)c1c(noc1C)C,0,0.003001,0.023293,0.004774
COC1C(O)C(C)OC(OC2CCC3(C)C4CCC5(C)C(C6=CC(=O)OC6)CCC5(O)C4CCC3(O)C2)C1O,0,0.323495,0.507460,0.297434
C[C@H]1CCCCO[C@H](CN(C)C(=O)Nc2ccc(cc2)C(F)(F)F)[C@@H](C)CN([C@@H](C)CO)C(=O)c2cc(ccc2O1)NS(=O)(=O)c1c(noc1C)C,0,0.197144,0.062108,0.016462
COc1ccc(cc1)NC(=O)Nc1cccc2c1O[C@H](CN(C)C(=O)Nc1ccc(cc1)C(F)(F)F)[C@H](C)CN([C@H](C)CO)C2=O,0,0.784043,0.168018,0.166133
C[C@@H]1CN([C@@H](C)CO)C(=O)Cc2cc(ccc2O[C@H]1CN(C)Cc1ccc(cc1)C(=O)O)NS(=O)(=O)c1ccccc1,0,0.004438,0.026969,0.006745
C[C@H]1CN([C@@H](C)CO)C(=O)c2cc(ccc2O[C@H]1CN(C)Cc1ccc(cc1)C(=O)Nc1ccccc1N)NC(=O)Nc1ccccc1,0,0.006684,0.023489,0.005514
CN(Cc1cc(ccc1-c1ccccc1S(=O)(=O)Nc1noc(c1C)C)-c1ncco1)C(=O)CC(C)(C)C,0,0.045374,0.474448,0.064650
C[C@@H]1CCCCO[C@@H](CN(C)S(=O)(=O)c2cn(cn2)C)[C@@H](C)CN([C@H](C)CO)C(=O)c2cc(ccc2O1)NC(=O)Nc1cccc2ccccc12,0,0.015360,0.023828,0.004006
CCS(=O)(=O)Nc1ccc2c(c1)C(=O)N(C)[C@H]1CC[C@H](CC(=O)NCc3ccc(cc3)OC)O[C@@H]1CO2,0,0.007918,0.024687,0.007158
COc1ccc2c(c1OCc1ccccc1)C[C@H](N(C2)C(=O)C(c1ccccc1)c1ccccc1)C(=O)O,0,0.091478,0.298848,0.374389
CO[C@@H]1CN(C)C(=O)c2ccc(cc2OC[C@@H](C)N(C[C@H]1C)C(=O)C1CCOCC1)NC(=O)C1CCOCC1,0,0.006706,0.031941,0.012619
CC(C)NC(=O)N(C)C[C@@H]1OCCCC[C@H](C)Oc2ccc(cc2C(=O)N(C[C@@H]1C)[C@H](C)CO)NC(=O)Nc1ccc(cc1)F,0,0.061495,0.034450,0.012748
C[C@H]1CN([C@H](C)CO)C(=O)c2cccc(c2O[C@@H]1CN(C)Cc1ccc(cc1)-c1ccccc1)NS(=O)(=O)c1ccc(cc1)C,0,0.011836,0.040724,0.006238
CN(C)CC(=O)N[C@H]1C=C[C@H](CC(=O)NCCN2CCCCC2)O[C@@H]1CO,0,0.334988,0.032827,0.008489
COc1ccc(cc1)S(=O)(=O)Nc1ccc2c(c1)C(=O)N(C[C@@H](C)[C@@H](CN(C)S(=O)(=O)c1ccc(cc1)OC)O2)[C@@H](C)CO,0,0.014070,0.025323,0.006890
OC[C@H]1O[C@H](C[C@@H]2[C@H]1Oc1ccc(cc12)NC(=O)Cc1ccncc1)CC(=O)NCc1ccc2c(c1)OCO2,0,0.005240,0.022995,0.007737
CC#CCN1C(N2CCCC(N)C2)=NC2C1C(=O)N(Cc1nc(C)c3ccccc3n1)C(=O)N2C,0,0.008338,0.192971,0.081488
C[C@@H]1CCCCO[C@@H](CN(C)Cc2ccc(c(c2)Cl)Cl)[C@@H](C)CN([C@H](C)CO)C(=O)c2cc(ccc2O1)NC(=O)CCCCCC(=O)Nc1ccccc1N,0,0.044997,0.024301,0.007443
C[C@@H]1CN([C@H](C)CO)C(=O)c2cc(ccc2O[C@H]1CN(C)Cc1ccc(c(c1)Cl)Cl)NC(=O)Nc1ccccc1,0,0.146724,0.171372,0.046020
C[C@H]1CN([C@@H](C)CO)S(=O)(=O)c2ccc(cc2O[C@H]1CN(C)S(=O)(=O)c1ccc(cc1)C)C#Cc1ccncc1,0,0.038742,0.035591,0.006746
CN1CCN(CC1)C(=O)C[C@H]1CC[C@@H]2[C@H](COC[C@H](O)CN2S(=O)(=O)c2ccccc2C)O1,0,0.284798,0.052112,0.012478
COc1cccc2c1C(=O)c1c(O)c3c(c(O)c1C2=O)CC(O)(C(=O)CO)CC3OC1CC(N)C(O)C(C)O1,0,0.993207,0.927826,0.949161
C[C@H]1CN([C@@H](C)CO)S(=O)(=O)c2ccc(cc2O[C@@H]1CN(C)C(=O)c1ccccn1)C#Cc1ccccc1,0,0.016619,0.033774,0.007139
C[C@H]1CN([C@@H](C)CO)C(=O)c2cccc(c2O[C@H]1CN(C)S(=O)(=O)C)NC(=O)Nc1ccc2c(c1)OCO2,0,0.014321,0.023828,0.005968
C[C@@H]1CCCCO[C@@H](CN(C)C(=O)Nc2ccccc2)[C@@H](C)CN([C@H](C)CO)C(=O)c2cc(ccc2O1)NS(=O)(=O)c1c(noc1C)C,0,0.008500,0.023945,0.005073
Cc1cccc(c1C)C(=O)N1CCC[C@H](C1)Cn1cc(nn1)C(C)(C)N,0,0.937362,0.052756,0.040429
COCC#Cc1cnc2c(c1)C(=O)N(C[C@H](C)[C@H](CN(C)S(=O)(=O)c1ccccc1)O2)[C@@H](C)CO,0,0.027374,0.023669,0.006204
C[C@H]1CCCCO[C@@H](CN(C)S(=O)(=O)c2c(noc2C)C)[C@H](C)CN([C@@H](C)CO)C(=O)c2cc(ccc2O1)NS(=O)(=O)c1cn(cn1)C,0,0.019153,0.024896,0.005964
C[C@@H]1CCCCO[C@@H](CN(C)S(=O)(=O)c2cccs2)[C@@H](C)CN([C@H](C)CO)C(=O)c2cc(ccc2O1)NC(=O)Nc1ccccc1,0,0.002800,0.023300,0.004207
Cc1ccc(-c2nc3ccc(C)cn3c2CC(=O)N(C)C)cc1,0,0.789508,0.572480,0.379952
Cl.Nc1ccn(C2OC(CO)C(O)C2(F)F)c(=O)n1,1,0.705514,0.467326,0.177533
CO[C@H]1[C@H](O)[C@@H](O)[C@@H](O[C@@H]1CO)O[C@H]1C[C@H]2C(=C[C@@]1(C)C=C)CC[C@H]1C(C)(C)[C@@H](CC[C@@]21C)O[C@@H]1O[C@@H](CO)[C@H](O)[C@H]1O,0,0.981866,0.650402,0.741915
C[C@@H]1CCCCO[C@H](CN(C)S(=O)(=O)c2cccs2)[C@H](C)CN([C@@H](C)CO)C(=O)c2cc(ccc2O1)NC(=O)Cc1ccccc1,0,0.000807,0.023366,0.003785
C[C@@H]1CN([C@@H](C)CO)C(=O)c2cccc(c2O[C@@H]1CN(C)S(=O)(=O)c1cccs1)NC(=O)c1cnccn1,0,0.014675,0.023766,0.005567
CCCNC(=O)C[C@@H]1CC[C@@H]2[C@@H](COc3ccc(cc3C(=O)N2C)NS(=O)(=O)c2ccccc2C)O1,0,0.005255,0.024774,0.009356
C[C@H]1CN([C@@H](C)CO)C(=O)c2cccc(c2O[C@@H]1CN(C)S(=O)(=O)c1ccccc1)NC(=O)Nc1cccc2ccccc12,0,0.021349,0.040505,0.007153
C[C@@H]1CN([C@@H](C)CO)C(=O)c2cc(ccc2O[C@@H]1CN(C)S(=O)(=O)c1ccc(cc1)C)NC(=O)Cn1cnnn1,0,0.043304,0.024018,0.005431
O[C@H]1COC[C@H]2O[C@@H](CC[C@@H]2N(C1)CC1CCOCC1)CC(=O)N1CCOCC1,0,0.182892,0.067072,0.024282
CCC(=O)N[C@H]1C=C[C@@H](CC(=O)OC)O[C@@H]1CO,0,0.005846,0.041674,0.008639
CC(C)CNC(=O)C(=O)NC[C@H]1OCCN1S(=O)(=O)c1ccc2c(c1)OCCO2,0,0.033889,0.039064,0.017377
C[C@@H]1CN([C@H](C)CO)C(=O)c2cc(ccc2O[C@@H]1CN(C)Cc1ccc(cc1)-c1ccccc1)NS(=O)(=O)c1ccc(cc1)Cl,0,0.019856,0.026702,0.010872
C[C@@H]1CCCCO[C@@H](CN(C)C(=O)c2ccncc2)[C@@H](C)CN([C@@H](C)CO)C(=O)c2cc(ccc2O1)NS(=O)(=O)c1ccc(cc1)Cl,0,0.001758,0.023661,0.003818
C[C@@H]1CN([C@H](C)CO)C(=O)c2cc(ccc2O[C@H]1CN(C)Cc1ccc(cc1)Oc1ccccc1)NC(=O)CCCN(C)C,0,0.019898,0.028022,0.009523
CN1CCN(CC1)C(=O)C[C@@H]1CC[C@@H]2[C@H](COC[C@@H](O)CN2C(=O)C2CCCC2)O1,0,0.625582,0.038988,0.023081
C[C@@H]1CCCCO[C@@H](CN(C)S(=O)(=O)c2cn(cn2)C)[C@H](C)CN([C@H](C)CO)C(=O)c2cc(ccc2O1)NC(=O)Nc1cccc2ccccc12,0,0.015360,0.023828,0.004006
C[C@@H]1CN([C@H](C)CO)C(=O)Cc2cc(ccc2O[C@H]1CN(C)Cc1ccc(cc1)C(F)(F)F)NC(=O)Nc1c(noc1C)C,0,0.107075,0.065119,0.028533
OC[C@@H]1O[C@@H](C[C@H]2[C@@H]1Oc1ccc(cc12)NC(=O)c1ccc2c(c1)OCO2)CC(=O)NCC(F)(F)F,0,0.035478,0.090779,0.065097
C[C@H]1CN([C@@H](C)CO)C(=O)c2c(c3ccccc3n2C)-c2ccccc2CO[C@@H]1CN(C)Cc1ccc(cc1)C(=O)O,0,0.277824,0.679750,0.744347
CN1N=C(N)c2cn(c3ncnc1c23)[C@@H]1O[C@H](CO)[C@@H](O)[C@H]1O,0,0.302528,0.115671,0.110337
C/C=C/C1=C(N2[C@H](SC1)[C@H](NC(=O)[C@H](N)c1ccc(cc1)O)C2=O)C(=O)O,1,0.994643,0.919346,0.911181
CC[C@H]1CN(C)N1C(=O)[C@H]1CCCO1,0,0.168300,0.048104,0.006676
CC(C)(C)OC(=O)C[C@H]1C/C=C/CC[C@H](Cc2ccc(cc2)F)C(=O)O[C@@H](CNC1=O)c1ccccc1,0,0.076665,0.042605,0.068756
C[C@@H]1CN([C@H](C)CO)C(=O)c2cccc(c2O[C@H]1CN(C)Cc1ccc(cc1)-c1ccccc1)NS(=O)(=O)c1ccc(cc1)F,0,0.028424,0.039976,0.011802
O[C@@H]1COC[C@@H]2O[C@H](CC[C@H]2N(C1)C(=O)Nc1ccc(c(c1)Cl)Cl)CC(=O)NCc1ccncc1,1,0.829403,0.918409,0.946465
CN1C(=O)CC(c2ccccc2)C1=O,0,0.104281,0.186854,0.105856
C[C@H]1CN([C@H](C)CO)C(=O)c2cc(cnc2O[C@@H]1CN(C)C(=O)Nc1ccccc1F)Br,0,0.223778,0.038312,0.023241
COCC(=O)Nc1ccc2c(c1)C(=O)N(C)C[C@@H](OC)[C@@H](C)CN(Cc1cccc(c1)F)[C@H](C)CO2,0,0.010621,0.032428,0.008597
C[C@@H]1CN([C@@H](C)CO)C(=O)c2cccc(c2O[C@@H]1CN(C)C(=O)Nc1ccc(cc1)C(F)(F)F)NC(=O)CCCCCC(=O)Nc1ccccc1N,0,0.705473,0.045372,0.046981
C[C@H]1CCCCO[C@H](CN(C)Cc2ccc3c(c2)OCO3)[C@@H](C)CN([C@H](C)CO)C(=O)c2cc(ccc2O1)NC(=O)Cc1ccccc1,0,0.004800,0.022541,0.005729
CCn1c(nc2c1C(=O)N(C)C(=O)N2C)CN1CCN(CC1)C(=O)c1ccco1,0,0.004514,0.148543,0.047991
COc1ccc(cc1)S(=O)(=O)Nc1ccc2c(c1)CC(=O)N(C[C@@H](C)[C@@H](CN(C)S(=O)(=O)c1cn(cn1)C)O2)[C@H](C)CO,0,0.005307,0.024490,0.005541
C[C@@H]1CCCCO[C@@H](CN(C)Cc2ccc(cc2)C(F)(F)F)[C@H](C)CN([C@@H](C)CO)C(=O)c2cc(ccc2O1)NS(=O)(=O)c1ccc(cc1)C,0,0.035950,0.026194,0.006299
COc1cccc(c1)-c1ccc2c(c1)O[C@@H](CN(C)Cc1cncnc1)[C@@H](C)CN([C@@H](C)CO)S2(=O)=O,0,0.022890,0.024035,0.005941
C[C@@H]1CN([C@H](C)CO)C(=O)c2cccc(c2O[C@@H]1CN(C)Cc1ccc(c(c1)Cl)Cl)NC(=O)Nc1c(noc1C)C,0,0.323652,0.037519,0.011256
CN(C)CCCNC(=O)C[C@H]1CC[C@H](NS(=O)(=O)c2ccccc2)[C@@H](CO)O1,0,0.041859,0.031502,0.010048
CO[C@H]1CN(C)C(=O)c2ccc(cc2OC[C@@H](C)N(C[C@@H]1C)C(=O)NC(C)C)NS(=O)(=O)CC(F)(F)F,0,0.010775,0.041736,0.010604
C[C@@H]1CN([C@H](C)CO)S(=O)(=O)c2ccc(cc2O[C@@H]1CN(C)C(=O)Nc1ccccc1)C#CC1(O)CCCC1,0,0.060156,0.027210,0.006268
COc1ccc(cc1)S(=O)(=O)N(C)C[C@@H]1Oc2c(cccc2C(=O)N(C[C@@H]1C)[C@@H](C)CO)NC(=O)c1cc(nn1C)C,0,0.019742,0.023310,0.005087
COc1ccc(cc1)S(=O)(=O)Nc1ccc2c(c1)C(=O)N(C[C@@H](C)[C@H](CN(C)Cc1ccccc1)OCCCC[C@H](C)O2)[C@@H](C)CO,0,0.003390,0.024715,0.004775
C[C@@H]1CCCCO[C@@H](CN(C)Cc2ccccc2)[C@@H](C)CN([C@@H](C)CO)C(=O)c2cc(ccc2O1)NS(=O)(=O)c1cccs1,0,0.003798,0.023776,0.004935
CO[C@@H]1CN(C)C(=O)c2ccc(cc2OC[C@@H](C)N(C[C@@H]1C)C(=O)Cc1cccnc1)NS(=O)(=O)c1cccc(c1)OC,0,0.001060,0.024315,0.005361
NC(=N)SCc1ccc(cc1)[B](O)O,0,0.999889,0.199867,0.100226
C[C@@H]1CCCCO[C@H](CN(C)S(=O)(=O)c2ccc(cc2)C)[C@H](C)CN([C@@H](C)CO)C(=O)c2cc(ccc2O1)NC(=O)Nc1ccccc1,0,0.007934,0.023474,0.004507
COc1ccc(cc1)NC(=O)Nc1ccc2c(c1)C(=O)N(C[C@@H](C)[C@H](CN(C)S(=O)(=O)c1ccc(cc1)OC)OCCCC[C@@H](C)O2)[C@H](C)CO,0,0.006928,0.024322,0.004595
COc1ccc(cc1)NC(=O)Nc1ccc2c(c1)C(=O)N(C[C@@H](C)[C@H](CN(C)S(=O)(=O)c1ccc(cc1)F)OCCCC[C@H](C)O2)[C@H](C)CO,0,0.011212,0.023473,0.004730
COc1ccc(cc1)S(=O)(=O)N(C)C[C@@H]1OCCCC[C@H](C)Oc2ccc(cc2C(=O)N(C[C@H]1C)[C@@H](C)CO)NC(=O)Nc1ccc(cc1)C(F)(F)F,0,0.192463,0.152851,0.011019
C[C@H]1CN([C@@H](C)CO)C(=O)c2cccc(c2O[C@H]1CN(C)C(=O)Nc1ccc(cc1)C(F)(F)F)NC(=O)Nc1ccc2c(c1)OCO2,0,0.502941,0.335780,0.450547
C[C@H]1CCCCO[C@H](CN(C)Cc2ccccc2)[C@@H](C)CN([C@H](C)CO)C(=O)c2cc(ccc2O1)NS(=O)(=O)c1ccc(cc1)F,0,0.007491,0.024600,0.006724
Cc1ccc(C(C)C)cc2c(C)ccc1-2,0,0.716249,0.248457,0.181038
CC(C)NC(=O)Nc1ccc2c(c1)CC(=O)N(C[C@H](C)[C@@H](CN(C)S(=O)(=O)c1ccc(cc1)Cl)O2)[C@@H](C)CO,0,0.022601,0.025677,0.006731
C[C@H]1CN([C@@H](C)CO)C(=O)Cc2cc(ccc2O[C@H]1CN(C)S(=O)(=O)C)NS(=O)(=O)c1ccc(cc1)F,0,0.005193,0.025111,0.008009
C[C@H]1CCCCO[C@@H](CN(C)C(=O)Nc2ccc(cc2)C(F)(F)F)[C@@H](C)CN([C@@H](C)CO)C(=O)c2cc(ccc2O1)NC(=O)CCC(F)(F)F,0,0.626241,0.182240,0.085835
C[C@@H]1CCCCO[C@@H](CN(C)Cc2ccc(cc2)C(F)(F)F)[C@H](C)CN([C@H](C)CO)C(=O)c2cc(ccc2O1)NC(=O)C1CCCCC1,0,0.152809,0.026263,0.014343
C[C@H]1CCCCO[C@H](CN(C)S(=O)(=O)c2cccs2)[C@H](C)CN([C@H](C)CO)C(=O)c2cc(ccc2O1)NC(=O)NC1CCCCC1,0,0.003184,0.023301,0.004076
COc1cc(nc(n1)[C@@H](NC(=O)C1CCN(CC1)CCN1C(=O)c2ccccc2C1=O)c1ccc(cc1)F)OC,0,0.020120,0.095665,0.062461
CCC(=O)N[C@@H]1C=C[C@@H](CC(=O)OC)O[C@H]1CO,0,0.005846,0.041674,0.008639
C[C@H]1CN([C@@H](C)CO)C(=O)Cc2cc(ccc2O[C@H]1CN(C)Cc1ccc(cc1)Oc1ccccc1)NC(=O)c1ccncc1,0,0.001079,0.022058,0.005211
C[C@@H]1CN([C@@H](C)CO)C(=O)c2c(c3ccccc3n2C)-c2ccccc2CO[C@H]1CN(C)C(=O)N[C@@H](C)c1ccccc1,0,0.035864,0.025678,0.008954
COc1ccc(cc1)S(=O)(=O)N(C)C[C@@H]1Oc2c(cccc2C(=O)N(C[C@@H]1C)[C@@H](C)CO)NS(=O)(=O)C,0,0.024056,0.025690,0.007507
COc1cc2c(ncnc2cc1OCCCN1CCCCC1)N1CCN(CC1)C(=O)Nc1ccc(cc1)OC(C)C,0,0.654510,0.205678,0.127924
COc1ccc(cc1)S(=O)(=O)Nc1ccc2c(c1)C(=O)N(C[C@H](C)[C@H](CN(C)C(=O)Nc1cccc3ccccc13)O2)[C@H](C)CO,0,0.012518,0.023231,0.005570
C[C@@H]1CCCCO[C@@H](CN(C)C(=O)Nc2c(noc2C)C)[C@H](C)CN([C@@H](C)CO)C(=O)c2cc(ccc2O1)NC(=O)Nc1ccccc1,0,0.032814,0.023099,0.005566
COc1ccccc1C#Cc1ccc2c(c1)O[C@H](CN(C)Cc1cccnc1)[C@H](C)CN([C@H](C)CO)S2(=O)=O,0,0.065737,0.025581,0.005742
C[C@@H]1CN([C@H](C)CO)C(=O)c2cc(ccc2O[C@@H]1CN(C)S(=O)(=O)c1ccc(cc1)F)NC(=O)Nc1ccc(cc1)C(F)(F)F,0,0.510910,0.118579,0.023178
COc1ccc(cc1)NC(=O)Nc1ccc2c(c1)C(=O)N(C[C@H](C)[C@@H](CN(C)Cc1ccc(cc1)Oc1ccccc1)O2)[C@@H](C)CO,0,0.008403,0.021949,0.008559
C[C@H]1CCCCO[C@H](CN(C)Cc2ccccc2)[C@H](C)CN([C@@H](C)CO)C(=O)c2cc(ccc2O1)NC(=O)c1ccccc1,0,0.002747,0.024733,0.006362
C[C@H]1CCCCO[C@@H](CN(C)C)[C@@H](C)CN([C@H](C)CO)C(=O)c2cc(ccc2O1)NC(=O)Nc1ccc(cc1)C(F)(F)F,0,0.668149,0.799024,0.783219
COc1ccc(cc1)S(=O)(=O)N(C)C[C@@H]1OCCCC[C@H](C)Oc2ccc(cc2C(=O)N(C[C@H]1C)[C@@H](C)CO)NC(=O)C1CCCCC1,0,0.005807,0.023948,0.004435
OC[C@H]1O[C@@H](CC(=O)N2CCC(CC2)Cc2ccccc2)C=C[C@@H]1NS(=O)(=O)c1ccc(cc1)F,0,0.080566,0.031577,0.013747
OC[C@H]1O[C@H]([C@H](O)[C@@H]1O)N1C=CC(=O)NC1=O,0,0.409202,0.313639,0.236631
C[C@@H]1CN([C@@H](C)CO)C(=O)Cc2cc(ccc2O[C@@H]1CN(C)S(=O)(=O)c1ccccc1)NC(=O)Nc1c(noc1C)C,0,0.005099,0.024388,0.005533
O[C@@H]1COC[C@H]2O[C@H](CC[C@@H]2N(C1)S(=O)(=O)c1ccccc1)CC(=O)N1CCOCC1,0,0.033989,0.057972,0.014973
CCCCOC(=O)c1ccc(N)cc1,0,0.074643,0.049110,0.028540
C[C@@H]1CN([C@H](C)CO)C(=O)c2cc(ccc2O[C@H]1CN(C)C(=O)Nc1ccc(cc1)C(F)(F)F)NC(=O)Nc1cccc2ccccc12,0,0.690072,0.258412,0.238195
C[C@@H]1CCCCO[C@@H](CN(C)Cc2ccc(cc2)C(=O)O)[C@H](C)CN([C@@H](C)CO)C(=O)c2cc(ccc2O1)NS(=O)(=O)c1ccc(cc1)F,0,0.045223,0.027240,0.005276
CO[C@H]1CN(C)C(=O)c2ccc(cc2OC[C@H](C)N(C[C@H]1C)C(=O)CN(C)C)NS(=O)(=O)C,0,0.021643,0.113532,0.008813
O=C(O)C1CSCN1,0,0.008937,0.043755,0.020091
OC[C@H]1O[C@@H](CC(=O)NCCCN2CCOCC2)C=C[C@@H]1NC(=O)C1CCC1,0,0.070464,0.028208,0.011737
CC(C)NC(=O)Cn1ccc(n1)[N+](=O)[O-],0,0.979777,0.219300,0.131990
C[C@@H]1CCCCO[C@H](CN(C)C(=O)Cc2ccccc2)[C@@H](C)CN([C@H](C)CO)C(=O)c2cc(ccc2O1)NC(=O)CCC(F)(F)F,0,0.048314,0.018562,0.012276
CO[C@@H]1[C@H](O)[C@@H](CO)O[C@H]1N1C=CC(=NC1=O)N,0,0.503201,0.164349,0.121508
CC(=O)O[C@H](CC(=O)O)C[N+](C)(C)C,0,0.003346,0.140806,0.054940
C[C@@H]1CN([C@H](C)CO)C(=O)Cc2cc(ccc2O[C@H]1CN(C)S(=O)(=O)c1ccc(cc1)F)NC(=O)CCN1CCOCC1,0,0.001235,0.024178,0.005050
C[C@H]1CN([C@H](C)CO)C(=O)c2cc(ccc2O[C@@H]1CN(C)C(=O)NC1CCCCC1)NC(=O)Nc1ccc(cc1)C(F)(F)F,0,0.689688,0.547185,0.498787
Oc1cc2c(coc2c2ccccc12)C(=O)c1ccc(cc1)Cl,0,0.413420,0.774573,0.751553
CC(=O)NCC(=O)N1CCC2(CC1)CN(C(=O)CO2)c1cccnc1,0,0.017946,0.035531,0.019113
CCCc1nc(C)c2c(=O)[nH]c(-c3cc(S(=O)(=O)N4CCN(CC)CC4)ccc3OCC)nn12.Cl,0,0.484757,0.028191,0.021908
CCC(=O)N1C[C@]2(C1)CN([C@@H](CO)c1c2c2ccc(cc2n1C)OC)C(=O)CN1CCOCC1,0,0.016717,0.040683,0.018244
C[C@H]1CN([C@@H](C)CO)C(=O)Cc2cc(ccc2O[C@@H]1CN(C)C(=O)Nc1ccc2c(c1)OCO2)NC(=O)Nc1cccc2ccccc12,0,0.004614,0.020934,0.004894
O[C@H]1COC[C@H]2O[C@H](CC[C@@H]2N(C1)C(=O)Nc1ccc(cc1)Cl)CC(=O)NCCc1ccncc1,0,0.590449,0.595729,0.575668
C[C@H]1CN([C@H](C)CO)C(=O)c2cccc(c2O[C@@H]1CN(C)Cc1ccc(cc1)C(=O)Nc1ccccc1N)NS(=O)(=O)C,0,0.007443,0.037334,0.006043
COCCNC(=O)C[C@@H]1C[C@@H]2[C@@H](Oc3ccc(cc32)NC(=O)COC)[C@H](CO)O1,0,0.056772,0.019741,0.007690
C[C@@H]1CCCCO[C@H](CN(C)S(=O)(=O)c2cccs2)[C@H](C)CN([C@H](C)CO)C(=O)c2cc(ccc2O1)NC(=O)Nc1c(noc1C)C,0,0.003500,0.023349,0.004546
CC(=O)OC[C@@H](OC(=O)C)[C@@H](OC(=O)C)[C@@H](OC(=O)C)[C@@H](OC(=O)C)[C@@H](COC(=O)C)OC(=O)C,0,0.000002,0.150915,0.058903
C[C@H]1[C@@H]([C@@H](CCn2cc(nn2)[C@H](O)c2ccccc2)O[C@]11C(=O)N(c2ccccc2)c2ccccc21)[Si](C)(C)F,0,0.066093,0.184223,0.148173
CC1=CC(=O)N(C1=O)c1ccn(n1)C,0,0.004443,0.089577,0.043874
C[C@H]1CCCCO[C@@H](CN(C)C(=O)Nc2ccccc2)[C@@H](C)CN([C@@H](C)CO)C(=O)c2cc(ccc2O1)NS(=O)(=O)c1ccc(cc1)C,0,0.006580,0.023487,0.004061
CN1CC(=O)N=C1NC(=O)[C@H]1CCCN(C1)S(=O)(=O)c1ccc2c(c1)OC(=O)N2C,0,0.000645,0.032271,0.028640
CO[C@@H]1CN(C)C(=O)c2ccc(cc2OC[C@H](C)N(C[C@H]1C)C(=O)Nc1c(noc1C)C)NC(=O)Nc1cccc(c1)F,0,0.148880,0.025878,0.014350
C[C@H]1CCCCO[C@@H](CN(C)C(=O)Nc2ccc(cc2)C(F)(F)F)[C@@H](C)CN([C@H](C)CO)C(=O)c2cc(ccc2O1)NC(=O)Nc1c(noc1C)C,0,0.506362,0.098548,0.048932
C[C@H]1CN([C@@H](C)CO)C(=O)c2cc(ccc2O[C@@H]1CN(C)Cc1ccc2c(c1)OCO2)NS(=O)(=O)c1cn(cn1)C,0,0.008372,0.024002,0.005078
[O-][n+]1onc-2c1CCc1c2nn([n+]1[O-])-c1ccccc1,0,0.239005,0.256950,0.237525
C[C@H]1CN([C@@H](C)CO)C(=O)CCCn2nncc2CO[C@@H]1CN(C)C(=O)Nc1ccc(cc1)C(F)(F)F,1,0.727069,0.922106,0.947427
C[C@H]1CN([C@@H](C)CO)C(=O)c2cc(cnc2O[C@@H]1CN(C)C(=O)Nc1ccc2c(c1)OCO2)-c1cccnc1,0,0.002223,0.021363,0.003884
CC(C)CC#Cc1ccc2c(c1)O[C@H](CN(C)C(=O)NC1CCCC1)[C@@H](C)CN([C@@H](C)CO)S2(=O)=O,0,0.185243,0.030746,0.006931
COc1ccc(cc1)C#Cc1ccc2c(c1)[C@]1([C@H]([C@H]3N([C@@H]([C@@H](OC3=O)c3ccccc3)c3ccccc3)[C@H]1c1ccc(cc1)OCCO)C(=O)NCC=C)C(=O)N2,0,0.786882,0.038278,0.033399
C[C@H]1CCCCO[C@@H](CN(C)C(=O)C2CCCCC2)[C@@H](C)CN([C@@H](C)CO)C(=O)c2cc(ccc2O1)NS(=O)(=O)c1ccccc1,0,0.002041,0.024265,0.004669
CO[C@@H]1CN(C)C(=O)c2ccc(cc2OC[C@@H](C)N(C[C@H]1C)Cc1cccc(c1)F)NS(=O)(=O)c1cn(cn1)C,0,0.021745,0.025013,0.007774
C[C@@H]1CN([C@H](C)CO)S(=O)(=O)c2ccc(cc2O[C@@H]1CN(C)C(=O)C1CCCCC1)C#Cc1ccncc1,0,0.045553,0.036750,0.006434
COc1ccc(cc1)S(=O)(=O)N(C)C[C@@H]1Oc2ccc(cc2CC(=O)N(C[C@H]1C)[C@H](C)CO)NC(=O)C1CC1,0,0.006243,0.024419,0.005220
C[C@H]1CCCCO[C@@H](CN(C)C(=O)NC2CCCCC2)[C@H](C)CN([C@H](C)CO)C(=O)c2cc(ccc2O1)NC(=O)C1CCCCC1,0,0.012751,0.024326,0.006535
CO[C@@H](CN(C)S(=O)(=O)c1ccc(cc1)F)[C@H](C)CN([C@@H](C)CO)S(=O)(=O)c1cccc(c1)Cl,0,0.303376,0.128797,0.018053
C[C@@H]1CN([C@H](C)CO)C(=O)Cc2cc(ccc2O[C@@H]1CN(C)Cc1ccc2c(c1)OCO2)NS(=O)(=O)C,0,0.001698,0.024292,0.006553
C[C@@H]1CN([C@@H](C)CO)C(=O)c2cc(ccc2O[C@H]1CN(C)C(=O)Nc1ccc(cc1)C(F)(F)F)NC(=O)CCC(F)(F)F,0,0.779539,0.865955,0.783541
C[C@H]1CCCCO[C@@H](CN(C)C(=O)c2ccncc2)[C@@H](C)CN([C@@H](C)CO)C(=O)c2cc(ccc2O1)NS(=O)(=O)C,0,0.001089,0.023342,0.003929
C[C@@H]1CN([C@@H](C)CO)C(=O)c2cccc(c2O[C@@H]1CN(C)C(=O)Nc1ccc(cc1)C(F)(F)F)NS(=O)(=O)C,1,0.430274,0.776700,0.886533
C[C@@H]1CCCCO[C@H](CN(C)C(=O)C2CCCCC2)[C@H](C)CN([C@@H](C)CO)C(=O)c2cc(ccc2O1)NC(=O)Nc1c(noc1C)C,0,0.034526,0.024128,0.008221
CCN1[C@H]2CCN([C@@H]2CC1=O)S(=O)(=O)c1cn(cn1)C,0,0.007205,0.024732,0.006860
C[C@@H]1CCCCO[C@@H](CN(C)S(=O)(=O)c2cccs2)[C@@H](C)CN([C@H](C)CO)C(=O)c2cc(ccc2O1)NC(=O)C1CCCCC1,0,0.001758,0.023685,0.004362
C[C@H]1CN([C@@H](C)CO)C(=O)c2cc(ccc2O[C@@H]1CN(C)Cc1ccc(c(c1)Cl)Cl)NC(=O)Cc1ccccc1,0,0.050239,0.047487,0.027886
C[C@@H]1CCCCO[C@H](CN(C)S(=O)(=O)c2ccc(cc2)F)[C@@H](C)CN([C@H](C)CO)C(=O)c2cc(ccc2O1)NC(=O)c1ccccc1,0,0.002266,0.023301,0.004477
C[C@@H]1CCCCO[C@H](CN(C)C(=O)Nc2c(noc2C)C)[C@H](C)CN([C@@H](C)CO)C(=O)c2cc(ccc2O1)NC(=O)Nc1ccc2c(c1)OCO2,0,0.013706,0.026607,0.005597
NCc1cccc(c1)Cn1cccn1,0,0.269908,0.142879,0.065292
C[C@@H](O)C#Cc1ccc2c(c1)O[C@@H](CN(C)C(=O)CN(C)C)[C@H](C)CN([C@H](C)CO)S2(=O)=O,0,0.380212,0.115135,0.021395
COc1c2ccoc2nc2c(OC)c(OCC(O)C(C)(C)O)ccc12,0,0.020934,0.145769,0.125267
C[C@@H]1CCCCO[C@H](CN(C)S(=O)(=O)C)[C@H](C)CN([C@@H](C)CO)C(=O)c2cc(ccc2O1)NC(=O)Nc1cccc2ccccc12,0,0.011678,0.024021,0.004818
OC[C@H]1O[C@@H](CC(=O)NCc2ccncn2)C=C[C@@H]1NC(=O)c1ccncc1,0,0.018193,0.091516,0.027966
O[C@@H]1COC[C@@H]2O[C@H](CC[C@H]2N(C1)S(=O)(=O)c1ccc(cc1)Cl)CC(=O)NCCN1CCCC1,0,0.739633,0.042881,0.019089
C[C@@H]1CCCCO[C@@H](CN(C)CC2CCCCC2)[C@@H](C)CN([C@@H](C)CO)C(=O)c2cc(ccc2O1)NS(=O)(=O)c1c(noc1C)C,0,0.025511,0.025233,0.010094
C[C@@H]1CCCCO[C@@H](CN(C)Cc2ccc(c(c2)Cl)Cl)[C@@H](C)CN([C@@H](C)CO)C(=O)c2cc(ccc2O1)NS(=O)(=O)c1c(noc1C)C,0,0.031821,0.025126,0.006169
C[C@H]1CN([C@H](C)CO)C(=O)c2cccc(c2O[C@H]1CN(C)Cc1ccc2c(c1)OCO2)NS(=O)(=O)c1c(noc1C)C,0,0.002302,0.024226,0.005499
C[C@H]1CCCCO[C@@H](CN(C)C(=O)Cc2ccccc2)[C@H](C)CN([C@H](C)CO)C(=O)c2cc(ccc2O1)NC(=O)Nc1ccc2c(c1)OCO2,0,0.003355,0.023995,0.004644
Cc1ccc(cc1)S[C@@]1(CC(=O)N(C2Cc3ccccc3C2)[C@@H]1c1ccc(cc1I)CO)C(=O)NC1CC1,0,0.793000,0.305281,0.140536
C[C@@H]1CN([C@H](C)CO)C(=O)Cc2cc(ccc2O[C@H]1CN(C)S(=O)(=O)c1cccs1)NC(=O)Nc1c(noc1C)C,0,0.002362,0.023523,0.006176
CC(C)NC(=O)N(C)C[C@H]1Oc2ccc(cc2CC(=O)N(C[C@@H]1C)[C@H](C)CO)NC(=O)c1ccncc1,0,0.001619,0.021841,0.003969
C[C@@H]1CN([C@H](C)CO)C(=O)Cc2cc(ccc2O[C@H]1CN(C)Cc1ccc2c(c1)OCO2)NS(=O)(=O)c1ccccc1,0,0.000431,0.023303,0.004875
CC(C)NC(=O)Nc1ccc2c(c1)C(=O)N(C[C@@H](C)[C@H](CN(C)Cc1ccc3c(c1)OCO3)O2)[C@H](C)CO,0,0.018318,0.025693,0.008959
COc1ccc(cc1)-c1cnc2c(c1)C(=O)N(C[C@H](C)[C@H](CN(C)S(=O)(=O)c1ccc(cc1)F)O2)[C@H](C)CO,0,0.009580,0.024214,0.006098
C[C@@H]1CN([C@@H](C)CO)C(=O)c2cc(ccc2O[C@H]1CN(C)C(=O)Nc1cccc2ccccc12)NC(=O)Cc1cn(c2ccccc12)C,0,0.013676,0.023646,0.006678
CC(=O)N(O)CCCCCNC(=O)CCC(=O)N(O)CCCCCNC(=O)CCC(=O)N(O)CCCCCN.CS(=O)(=O)O,0,0.001161,0.151835,0.070662
CCCNC(=O)Nc1ccc2c(c1)C(=O)N(C)C[C@H](OC)[C@@H](C)CN([C@@H](C)CO2)C(=O)C1CCOCC1,0,0.010122,0.026335,0.006581
C[C@@H]1CN([C@H](C)CO)C(=O)c2cccc(c2O[C@H]1CN(C)S(=O)(=O)c1ccc(cc1)Cl)NC(=O)C1CC1,0,0.072604,0.023988,0.006339
C[C@H]1CN([C@@H](C)CO)C(=O)c2cc(cnc2O[C@@H]1CN(C)S(=O)(=O)c1cccc(c1)F)-c1cccc(c1)C(=O)N(C)C,0,0.003344,0.031313,0.004702
NCCc1cccs1,0,0.053841,0.052587,0.031949
OC[C@H]1O[C@@H](CCNC(=O)C2CCCCC2)CC[C@@H]1NC(=O)CN1CCOCC1,0,0.034205,0.026549,0.018555
C[C@@H]1CCCCO[C@@H](CN(C)Cc2ccc(cc2)C(=O)O)[C@H](C)CN([C@H](C)CO)C(=O)c2cc(ccc2O1)NC(=O)C1CCCCC1,0,0.108676,0.044080,0.019205
C[C@@H]1CCCCO[C@H](CN(C)Cc2ccccc2)[C@@H](C)CN([C@@H](C)CO)C(=O)c2cc(ccc2O1)NC(=O)C1CCCCC1,0,0.028173,0.028585,0.007851
C[C@H]1CCCCO[C@@H](CN(C)C(=O)Nc2ccc3c(c2)OCO3)[C@H](C)CN([C@@H](C)CO)C(=O)c2cc(ccc2O1)NC(=O)C1CCCCC1,0,0.009441,0.024356,0.005306
COc1ccc2c3c(n(c2c1)C)[C@H](CO)N(C[C@]13CCN(CC1)C(=O)c1ccncc1)C(=O)c1cnccn1,0,0.034092,0.074330,0.032357
CC(C)NC(=O)N(C)C[C@H]1Oc2ccc(cc2CC(=O)N(C[C@@H]1C)[C@H](C)CO)NS(=O)(=O)c1ccc(cc1)F,0,0.007373,0.024827,0.008505
CC(C)NC(=O)N(C)C[C@H]1OCc2cn(nn2)CCCC(=O)N(C[C@@H]1C)[C@@H](C)CO,0,0.029981,0.024453,0.005618
COc1ccc(cc1)S(=O)(=O)Nc1ccc2c(c1)C(=O)N(C[C@@H](C)[C@H](CN(C)C(=O)Nc1c(noc1C)C)OCCCC[C@@H](C)O2)[C@H](C)CO,0,0.007667,0.023331,0.004240
C[C@H]1CCCCO[C@@H](CN(C)Cc2ccccc2)[C@H](C)CN([C@H](C)CO)C(=O)c2cc(ccc2O1)NC(=O)Nc1ccc2c(c1)OCO2,0,0.008186,0.025804,0.004556
COc1ccc(cc1)NC(=O)N(C)C[C@H]1OCCCC[C@@H](C)Oc2ccc(cc2C(=O)N(C[C@H]1C)[C@@H](C)CO)NC(=O)c1ccncc1,0,0.004627,0.021784,0.003846
C[C@H]1CN([C@H](C)CO)C(=O)c2cccc(c2O[C@H]1CN(C)C(=O)Nc1cccc2ccccc12)NS(=O)(=O)c1ccc(cc1)Cl,0,0.044005,0.040504,0.013302
Cc1ccccc1N[C@@H](CC=C)c1ccc(cc1)Cl,0,0.881744,0.809684,0.668819
C[C@@H]1CCCCO[C@@H](CN(C)C(=O)Nc2c(noc2C)C)[C@H](C)CN([C@H](C)CO)C(=O)c2cc(ccc2O1)NC(=O)C1CCCCC1,0,0.029874,0.023920,0.007150
C[C@@H]1CCCCO[C@@H](CN(C)C(=O)Nc2cccc3ccccc23)[C@@H](C)CN([C@H](C)CO)C(=O)c2cc(ccc2O1)NC(=O)Nc1c(noc1C)C,0,0.039471,0.023111,0.005204
C[C@H]1CN([C@H](C)CO)C(=O)c2cccc(c2O[C@@H]1CN(C)S(=O)(=O)c1ccc(cc1)Cl)NS(=O)(=O)c1cn(cn1)C,0,0.129643,0.026246,0.007364
C[C@@H]1CN([C@@H](C)CO)C(=O)c2cc(ccc2O[C@@H]1CN(C)Cc1ccc(c(c1)Cl)Cl)NC(=O)Cc1ccccc1,0,0.050239,0.047487,0.027886
COc1ccc(cc1OC)C#Cc1cnc2c(c1)C(=O)N(C[C@H](C)[C@H](CN(C)S(=O)(=O)c1ccc(cc1)C#N)O2)[C@H](C)CO,0,0.006013,0.027864,0.006633
OC(=O)C[C@@H](NCCN[C@H](CC(=O)O)C(=O)O)C(=O)O,0,0.028556,0.033907,0.025899
CC1=NCCN=C(C)C1N1CCOCC1,0,0.003343,0.047168,0.023481
NCc1ccccc1Oc1ccccc1,0,0.443467,0.407421,0.294788
C[C@@H]1CN([C@H](C)CO)S(=O)(=O)c2ccc(cc2O[C@H]1CN(C)Cc1cncnc1)C1=CCCCC1,0,0.011284,0.023981,0.007177
C[C@@H]1CCCCO[C@H](CN(C)Cc2ccc(cc2)C(F)(F)F)[C@@H](C)CN([C@H](C)CO)C(=O)c2cc(ccc2O1)NC(=O)CCCN(C)C,0,0.194963,0.022207,0.009803
C[C@@H]1CCCCO[C@@H](CN(C)C(=O)CCC(F)(F)F)[C@@H](C)CN([C@@H](C)CO)C(=O)c2cc(ccc2O1)NC(=O)NC1CCCCC1,0,0.057001,0.115436,0.079104
C[C@@H]1CCCCO[C@H](CN(C)C(=O)Cc2ccccc2)[C@@H](C)CN([C@H](C)CO)C(=O)c2cc(ccc2O1)NC(=O)Nc1ccccc1,0,0.003763,0.021885,0.004622
CCC[C@@H]1C[C@H](N(C)C1)C(=O)N[C@H]([C@H](C)Cl)[C@H]1O[C@H](SC)[C@H](OP(=O)(O)O)[C@@H](O)[C@H]1O,0,0.000017,0.829361,0.881389
C[C@@H]1CN([C@H](C)CO)C(=O)c2c(c3ccccc3n2C)-c2ccccc2CO[C@H]1CN(C)Cc1ccc(cc1)C(=O)O,0,0.277824,0.679750,0.744347
O[C@@H]1COC[C@@H]2O[C@H](CC[C@H]2N(C1)C(=O)c1cccnc1)CC(=O)NCc1ccc(cc1)-c1ccccc1,0,0.224396,0.074970,0.067499
C[C@@H]1CCCCO[C@@H](CN(C)Cc2ccccc2)[C@H](C)CN([C@H](C)CO)C(=O)c2cc(ccc2O1)NS(=O)(=O)c1ccc(cc1)C,0,0.003623,0.025420,0.006292
C[C@@H]1CN([C@@H](C)CO)C(=O)c2cccc(c2O[C@@H]1CN(C)C(=O)NC1CCCCC1)NS(=O)(=O)c1cn(cn1)C,0,0.056433,0.022871,0.006333
C[C@H]1CN([C@H](C)CO)C(=O)c2cc(ccc2O[C@H]1CN(C)S(=O)(=O)c1ccc(cc1)F)NC(=O)c1ccncc1,0,0.008827,0.023808,0.005686
C[C@@H]1CCCCO[C@@H](CN(C)S(=O)(=O)c2cn(cn2)C)[C@@H](C)CN([C@@H](C)CO)C(=O)c2cc(ccc2O1)NS(=O)(=O)c1ccccc1,0,0.002066,0.023319,0.004443
C[C@H]1CN([C@@H](C)CO)C(=O)c2cc(ccc2O[C@@H]1CN(C)CC1CCCCC1)NC(=O)Nc1cccc2ccccc12,0,0.110065,0.038650,0.021106
OC[C@H]1O[C@@H](CC[C@@H]1NS(=O)(=O)c1ccc(cc1)F)CC(=O)N1CCC(CC1)Cc1ccccc1,0,0.130972,0.039541,0.020408
CCOC(=O)N1CCN(CC1)C(=O)C1CCN(CC1)S(=O)(=O)N(CC)CC,0,0.000939,0.312479,0.144191
CCOC(=O)c1ccc(cc1)NC(=S)N[C@@H](NC(=O)c1ccc(cc1)Br)C(Cl)(Cl)Cl,0,0.999297,0.593297,0.564259
C[C@@H]1CN([C@H](C)CO)C(=O)Cc2cc(ccc2O[C@H]1CN(C)S(=O)(=O)c1c(noc1C)C)NC(=O)Cc1ccccc1,0,0.001884,0.024325,0.005003
C[C@@H]1CN([C@H](C)CO)C(=O)c2cc(ccc2O[C@H]1CN(C)Cc1ccc(cc1)Oc1ccccc1)NC(=O)Nc1ccc(cc1)C(F)(F)F,0,0.223837,0.280594,0.175529
C[C@@H]1CN([C@H](C)CO)C(=O)CCCn2nncc2CO[C@H]1CN(C)S(=O)(=O)c1ccc(cc1)Cl,0,0.035350,0.025504,0.009410
CN(C)C(=O)C[C@H]1CC[C@H](NC(=O)C2CC2)[C@H](CO)O1,0,0.047892,0.034293,0.010876
C[C@H]1CN([C@@H](C)CO)C(=O)c2cccc(c2O[C@H]1CN(C)C(=O)Nc1c(noc1C)C)NC(=O)Nc1cccc2ccccc12,0,0.144598,0.025091,0.011746
Cc1ccc(cc1)S[C@@]1(CC(=O)N(Cc2ccccc2)[C@@H]1c1ccc(cc1I)COC(=O)NCCCCCC(=O)NO)C(=O)NCc1ccccc1,0,0.000448,0.194183,0.040511
C[C@@H]1CCCCO[C@H](CN(C)Cc2ccncc2)[C@@H](C)CN([C@H](C)CO)C(=O)c2cc(ccc2O1)NC(=O)CCCCCC(=O)Nc1ccccc1N,0,0.003202,0.027445,0.005592
C[C@H]1CCCCO[C@@H](CN(C)Cc2ccc(cc2)C(F)(F)F)[C@@H](C)CN([C@H](C)CO)C(=O)c2cc(ccc2O1)NC(=O)NC1CCCCC1,0,0.166879,0.023266,0.014248
Cl.N=C(N)NC(=O)c1nc(Cl)c(N)nc1N,0,0.868712,0.238432,0.053992
CN1C(=O)N(C)c2nc([nH]c2C1=O)Br.CC(C)(N)CO,0,0.977595,0.374640,0.199094
C#CCOS(=O)OC1CCCCC1Oc1ccc(C(C)(C)C)cc1,0,0.025482,0.190284,0.192543
COc1ccc(cc1)CN(C)C[C@H]1OCCCC[C@H](C)Oc2ccc(cc2C(=O)N(C[C@H]1C)[C@H](C)CO)NS(=O)(=O)c1cccs1,0,0.004678,0.023420,0.003759
C[C@@H]1CN([C@H](C)CO)C(=O)c2cc(ccc2O[C@H]1CN(C)S(=O)(=O)c1cn(cn1)C)NC(=O)Cc1ccccc1,0,0.008910,0.023257,0.004353
COc1ccc(cc1)CN(C)C[C@H]1OCCCC[C@@H](C)Oc2ccc(cc2C(=O)N(C[C@@H]1C)[C@@H](C)CO)NS(=O)(=O)c1ccc(cc1)F,0,0.009667,0.024154,0.005122
C[C@H]1CN([C@H](C)CO)C(=O)Cc2cc(ccc2O[C@@H]1CN(C)Cc1ccc2c(c1)OCO2)NS(=O)(=O)c1c(noc1C)C,0,0.000997,0.024052,0.005311
N[C@@H]1CC[C@@H](CCn2cc(nn2)-c2ccccn2)O[C@H]1CO,0,0.563268,0.047329,0.025492
COc1ccc(cc1)NC(=O)Nc1ccc2c(c1)C(=O)N(C[C@H](C)[C@@H](CN(C)S(=O)(=O)c1c(noc1C)C)O2)[C@H](C)CO,0,0.029964,0.027364,0.005237
OC[C@@H]1O[C@@H](CCNC(=O)C2CC2)CC[C@@H]1NS(=O)(=O)c1cccc(c1)F,0,0.111031,0.028950,0.011350
CC(C)NC(=O)NCC[C@@H]1CC[C@H](NC(=O)CN(C)C)[C@@H](CO)O1,0,0.144230,0.027221,0.008130
COc1cc2c(cc1OC)CN(CC2)C[C@H]1C[C@@H](O[C@@H](O1)c1ccc(cc1)NC(=O)CCCCCCC(=O)NO)c1ccccc1,0,0.419304,0.051191,0.036469
CC(C)NC(=O)N(C)C[C@@H]1Oc2ccc(cc2C(=O)N(C[C@@H]1C)[C@H](C)CO)NS(=O)(=O)c1ccccc1,0,0.010207,0.026916,0.006702
C[C@@H]1CN([C@@H](C)CO)C(=O)c2cccc(c2O[C@H]1CN(C)C(=O)Nc1cccc2ccccc12)NS(=O)(=O)c1cccs1,0,0.015588,0.033418,0.006657
C[C@@H]1CN([C@H](C)CO)C(=O)c2cccc(c2O[C@@H]1CN(C)Cc1ccc(cc1)C(=O)O)NC(=O)c1cc(nn1C)C,0,0.118873,0.043229,0.022248
COc1ccc(cc1)S(=O)(=O)N(C)C[C@H]1Oc2ccc(cc2CC(=O)N(C[C@H]1C)[C@@H](C)CO)NS(=O)(=O)c1c(noc1C)C,0,0.003541,0.025764,0.006621
C[C@@H]1CN([C@@H](C)CO)C(=O)Cc2cc(ccc2O[C@@H]1CN(C)C(=O)Nc1ccc(cc1)C(F)(F)F)NC(=O)Cn1cnnn1,0,0.583018,0.274823,0.332617
CN1CCN(CC1)C(=O)C[C@H]1CC[C@@H]2[C@H](COC[C@@H](O)CN2C(=O)C2CCCC2)O1,0,0.625582,0.038988,0.023081
C[C@H]1CCCCO[C@H](CN(C)C(=O)Nc2c(noc2C)C)[C@@H](C)CN([C@H](C)CO)C(=O)c2cc(ccc2O1)NC(=O)Nc1c(noc1C)C,0,0.051854,0.028301,0.008456
C[C@@H]1CN([C@H](C)CO)S(=O)(=O)c2ccc(cc2O[C@@H]1CN(C)S(=O)(=O)c1ccc(cc1)F)Br,0,0.258521,0.032482,0.010845
COc1ccc(cc1)S(=O)(=O)N(C)C[C@@H]1OCCCC[C@H](C)Oc2ccc(cc2C(=O)N(C[C@H]1C)[C@H](C)CO)NC(=O)C1CCCCC1,0,0.005807,0.023948,0.004435
c1ccc(cc1)-c1nn(c2c1cnc1ccccc12)-c1ccccc1,0,0.260135,0.205075,0.120983
C[C@H]1CN([C@@H](C)CO)C(=O)c2cc(ccc2O[C@@H]1CN(C)Cc1ccc(cc1)-c1ccccc1)NS(=O)(=O)c1ccccc1,0,0.004339,0.028043,0.007499
CC(C)NC(=O)N(C)C[C@@H]1Oc2ccc(cc2C(=O)N(C[C@@H]1C)[C@@H](C)CO)NC(=O)Nc1ccc2c(c1)OCO2,0,0.014371,0.023949,0.008285
C[C@H]1CN([C@@H](C)CO)C(=O)c2cc(ccc2O[C@@H]1CN(C)CC1CC1)NS(=O)(=O)c1c(noc1C)C,0,0.016317,0.024182,0.006480
COc1cccc(c1)-n1cc(nn1)C(=O)NO,0,0.519014,0.054700,0.062685
C[C@H]1CCCCO[C@H](CN(C)C(=O)Nc2c(noc2C)C)[C@@H](C)CN([C@H](C)CO)C(=O)c2cc(ccc2O1)NC(=O)C1CCCCC1,0,0.029874,0.023920,0.007150
COCC(=O)N1CC[C@]2(CC1)CN([C@H](CO)c1[nH]c3cc(ccc3c12)OC)C(=O)Nc1ccccc1F,0,0.451312,0.379654,0.226816
C[C@@H]1CCCCO[C@H](CN(C)Cc2ccc(cc2)C(F)(F)F)[C@@H](C)CN([C@@H](C)CO)C(=O)c2cc(ccc2O1)NS(=O)(=O)c1ccccc1,0,0.014737,0.024946,0.005814
C[C@@H]1CN([C@H](C)CO)C(=O)Cc2cc(ccc2O[C@H]1CN(C)Cc1ccc(cc1)Oc1ccccc1)NS(=O)(=O)c1ccccc1,0,0.000236,0.024369,0.005169
C[C@@H]1CN([C@@H](C)CO)C(=O)Cc2cc(ccc2O[C@@H]1CN(C)S(=O)(=O)c1cn(cn1)C)NC(=O)C1CCCCC1,0,0.006353,0.023151,0.004625
CN(C)CCCSC(=N)N,0,0.853223,0.048035,0.026313
C[C@@H]1CN([C@@H](C)CO)C(=O)c2cccc(c2O[C@H]1CN(C)S(=O)(=O)c1cccs1)NS(=O)(=O)c1ccc(cc1)F,0,0.008542,0.032787,0.010386
CCS(=O)(=O)N1CC[C@]2(CC1)CN(Cc1ccc3c(c1)OCO3)[C@H](CO)c1[nH]c3cc(ccc3c12)OC,0,0.004001,0.024962,0.010610
C[C@H]1CN([C@@H](C)CO)C(=O)c2cccc(c2O[C@H]1CN(C)Cc1ccc(c(c1)Cl)Cl)NS(=O)(=O)c1ccc(cc1)F,0,0.055959,0.026162,0.009253
C[C@H]1CN([C@H](C)CO)C(=O)c2cc(ccc2O[C@H]1CN(C)S(=O)(=O)c1cn(cn1)C)NC(=O)C1CCCCC1,0,0.013463,0.023151,0.005002
CC(C)Cc1ccc(C(C)C(=O)O)cc1,0,0.337342,0.122361,0.111241
COc1ccc(cc1)CN(C)C[C@H]1Oc2c(cccc2C(=O)N(C[C@@H]1C)[C@@H](C)CO)NS(=O)(=O)C,0,0.013983,0.024539,0.007177
C[C@@H]1CN([C@H](C)CO)C(=O)c2cc(cnc2O[C@@H]1CN(C)Cc1ccc(cc1)-c1ccccc1)-c1cccnc1,0,0.018454,0.040681,0.018814
C[C@@H]1CCCCO[C@H](CN(C)CC2CCCCC2)[C@H](C)CN([C@H](C)CO)C(=O)c2cc(ccc2O1)NC(=O)Nc1cccc2ccccc12,0,0.099738,0.050067,0.012371
C[C@@H]1CN([C@@H](C)CO)C(=O)c2cccc(c2O[C@H]1CN(C)Cc1ccc(c(c1)Cl)Cl)NC(=O)Nc1ccc2c(c1)OCO2,0,0.099556,0.028508,0.010389
C[C@@H]1CN([C@H](C)CO)C(=O)Cc2cc(ccc2O[C@H]1CN(C)C(=O)Nc1ccccc1)NC(=O)Nc1ccc(cc1)C(F)(F)F,0,0.262871,0.073464,0.054925
CCCC(=O)Nc1ccc2c(c1)C(=O)N(C)[C@@H]1CC[C@@H](CC(=O)NCCN3CCCCC3)O[C@H]1CO2,0,0.027295,0.028535,0.015735
COCC(=O)Nc1ccc2c(c1)C(=O)N(C)C[C@H](OC)[C@H](C)CN([C@H](C)CO2)C(=O)Cc1ccccn1,0,0.001273,0.022512,0.004830
C[C@H]1CN([C@@H](C)CO)C(=O)c2cccc(c2O[C@H]1CN(C)S(=O)(=O)C)NS(=O)(=O)c1ccccc1,0,0.008096,0.027260,0.008538
Cc1ccc(cc1)S(=O)(=O)N1C[C@H](O)COC[C@@H]2O[C@H](CC[C@H]21)CC(=O)N[C@H]1CCN(C1)Cc1ccccc1,0,0.160518,0.045250,0.010557
C[C@H]1CCCCO[C@H](CN(C)S(=O)(=O)C)[C@H](C)CN([C@H](C)CO)C(=O)c2cc(ccc2O1)NC(=O)CCCN(C)C,0,0.005797,0.022982,0.004665
C[C@@H]1CN([C@@H](C)CO)C(=O)c2cccc(c2O[C@H]1CN(C)S(=O)(=O)c1ccccc1)NS(=O)(=O)c1ccccc1,0,0.005515,0.036664,0.007886
C[C@@H]1CCCCO[C@@H](CN(C)C(=O)C2CCCCC2)[C@@H](C)CN([C@H](C)CO)C(=O)c2cc(ccc2O1)NS(=O)(=O)c1ccc(cc1)F,0,0.005765,0.024208,0.006172
C[C@H]1CN([C@H](C)CO)C(=O)c2cc(cnc2O[C@H]1CN(C)C(=O)Nc1cccc2ccccc12)C#Cc1cccc(c1)F,0,0.134673,0.021600,0.010153
C[C@@H]1CN([C@@H](C)CO)C(=O)Cc2cc(ccc2O[C@H]1CN(C)S(=O)(=O)c1ccc(cc1)F)NC(=O)Cc1ccccc1,0,0.002955,0.024155,0.006327
C[C@@H]1CN([C@H](C)CO)C(=O)c2cccc(c2O[C@@H]1CN(C)S(=O)(=O)c1ccccc1)NC(=O)Nc1cccc2ccccc12,0,0.021349,0.040505,0.007153
COc1ccc(cc1)S(=O)(=O)Nc1cccc2c1O[C@H](CN(C)S(=O)(=O)c1c(noc1C)C)[C@H](C)CN([C@@H](C)CO)C2=O,0,0.023541,0.026272,0.006773
CCCNC(=O)N1C[C@H](O)COC[C@H]2O[C@H](CC[C@@H]21)CC(=O)N1CCOCC1,0,0.138877,0.039261,0.024137
C[C@@H]1CN([C@@H](C)CO)C(=O)c2cc(ccc2O[C@H]1CN(C)S(=O)(=O)C)N(C)C,0,0.007934,0.026519,0.008970
CC(C)NC(=O)Nc1ccc2c(c1)CC(=O)N(C[C@H](C)[C@H](CN(C)S(=O)(=O)c1ccc(cc1)C)O2)[C@@H](C)CO,0,0.008404,0.025393,0.006106
COc1ccc(cc1)NC(=O)N(C)C[C@H]1Oc2c(cccc2C(=O)N(C[C@@H]1C)[C@@H](C)CO)NC(=O)Nc1ccc(cc1)C(F)(F)F,0,0.786120,0.241415,0.235596
CN(C)CCCNC(=O)C[C@@H]1O[C@H](CO)[C@H](NC(=O)Nc2c(noc2C)C)C=C1,0,0.321166,0.099640,0.023538
COc1cccc(c1)-c1ccc2c(c1)O[C@H](CN(C)C(=O)C1CCC1)[C@@H](C)CN([C@H](C)CO)S2(=O)=O,0,0.017385,0.037035,0.007378
C[C@@H]1CCCCO[C@@H](CN(C)Cc2ccc(c(c2)Cl)Cl)[C@@H](C)CN([C@@H](C)CO)C(=O)c2cc(ccc2O1)NS(=O)(=O)c1ccc(cc1)F,0,0.043010,0.024277,0.005872
CN(C)/C=N/S(=O)(=O)c1c(noc1C)C,0,0.001815,0.041959,0.019383
C[C@H]1CN([C@H](C)CO)C(=O)c2cccc(c2O[C@H]1CN(C)CC1CC1)NS(=O)(=O)c1cccs1,0,0.015421,0.026911,0.007228
C[C@H]1CCCCO[C@@H](CN(C)C(=O)Nc2ccc3c(c2)OCO3)[C@@H](C)CN([C@H](C)CO)C(=O)c2cc(ccc2O1)NC(=O)CCCCCC(=O)Nc1ccccc1N,0,0.004243,0.023918,0.004441
C[C@@H]1CN([C@H](C)CO)C(=O)Cc2cc(ccc2O[C@@H]1CN(C)Cc1ccc(cc1)-c1ccccc1)NC(=O)Nc1ccc(cc1)F,0,0.122260,0.029739,0.013634
COc1ccc(cc1)NC(=O)Nc1cccc2c1O[C@H](CN(C)Cc1ccc(cc1)-c1ccccc1)[C@H](C)CN([C@@H](C)CO)C2=O,0,0.054556,0.025607,0.009093
C[C@@H](N)[C@@H](O)c1ccccc1,0,0.203359,0.228592,0.142399
CN(C)CCNC(=O)[C@@H]1CCS(=O)(=O)[C@H]2CN(C[C@@H]12)C(=O)Nc1ccccc1,0,0.460558,0.099986,0.086895
C[C@@H]1CCCCO[C@H](CN(C)Cc2ccccc2)[C@@H](C)CN([C@@H](C)CO)C(=O)c2cc(ccc2O1)NS(=O)(=O)c1ccccc1,0,0.001947,0.024926,0.005518
COc1ccc(cc1)NC(=O)N(C)C[C@@H]1OCCCC[C@@H](C)Oc2ccc(cc2C(=O)N(C[C@H]1C)[C@H](C)CO)NS(=O)(=O)c1ccc(cc1)F,0,0.012141,0.023486,0.004310
C[C@H]1CN([C@H](C)CO)C(=O)c2cccc(c2O[C@@H]1CN(C)Cc1ccc(cc1)C(F)(F)F)NC(=O)Nc1ccccc1,0,0.279776,0.087174,0.082803
C[C@@H]1CN([C@@H](C)CO)C(=O)c2cc(ccc2O[C@@H]1CN(C)Cc1ccc(cc1)C(F)(F)F)NC(=O)Nc1cccc2ccccc12,0,0.203915,0.124192,0.070955
CCN(CC)c1ccc(cc1)N1CC=C[C@@]23O[C@@H]4/C=C\CCCOC(=O)[C@@H]4[C@H]2C(=O)N(CCCCCCO)[C@@H]3C1=O,0,0.477128,0.311691,0.198622
C1CNCCNCCCN(CCNC1)Cc1ccc(cc1)CN1CCCNCCNCCCNCC1,0,0.194414,0.286008,0.156553
Clc1ccc2c(c1)C(=O)CCCN2,0,0.651969,0.102762,0.032909
C[C@H]1CN([C@H](C)CO)C(=O)c2cc(ccc2O[C@@H]1CN(C)CC1CC1)NS(=O)(=O)c1cccs1,0,0.013082,0.026717,0.008756
COCC(=O)N1C[C@@H](C)[C@H](CN(C)C(=O)c2cc(ccc2OC[C@H]1C)NC(=O)c1ccc(cc1)OC)OC,0,0.003187,0.022920,0.006423
C[C@H]1CCCCO[C@H](CN(C)Cc2ccccc2)[C@H](C)CN([C@H](C)CO)C(=O)c2cc(ccc2O1)NC(=O)Nc1cccc2ccccc12,0,0.016976,0.031851,0.007594
C[C@@H]1CN([C@@H](C)CO)C(=O)c2cc(ccc2O[C@@H]1CN(C)C(=O)NC1CCCCC1)NC(=O)Nc1ccc(cc1)C(F)(F)F,0,0.689688,0.547185,0.498787
CN(C)CCCCNC(=O)[C@H]1C[C@@H]2N([C@H]1c1cccc(c1)OCCO)C(=O)[C@H](CCCCNC(=O)C)NC2=O,0,0.231932,0.030061,0.030387
C[C@H]1CN([C@H](C)CO)C(=O)c2cccc(c2O[C@@H]1CN(C)S(=O)(=O)c1ccc(cc1)C)NC(=O)C1CCOCC1,0,0.018248,0.025798,0.004275
NCC[C@H]1CC[C@@H](NC(=O)Nc2ccc(cc2)F)[C@H](CO)O1,0,0.633979,0.048233,0.034411
FC(F)(F)c1nc(no1)-c1cccc(c1)C(=O)NCC1(CCOCC1)c1nc(cs1)-c1ccccc1,0,0.748851,0.453673,0.563343
C[C@H]1CN([C@H](C)CO)C(=O)Cc2cc(ccc2O[C@H]1CN(C)Cc1ccc(cc1)C(=O)O)NC(=O)CCN1CCOCC1,0,0.016370,0.062708,0.020241
OC[C@H]1O[C@@H](C[C@@H]2[C@H]1Oc1ccc(cc12)NC(=O)c1ccc2c(c1)OCO2)CC(=O)NCc1ccc(cc1)Oc1ccccc1,0,0.002053,0.024850,0.013245
C[C@H]1CN([C@@H](C)CO)C(=O)c2cc(ccc2O[C@@H]1CN(C)S(=O)(=O)c1ccc(cc1)F)NS(=O)(=O)c1ccccc1,0,0.009259,0.023903,0.007894
COC(=O)[C@@H](Cc1ccc(cc1)-n1cc(nn1)C(=O)NO)N1CC2=CC(=O)[C@@H](C3CC3)[C@@H]2[C@H]1[C@H](O)Cc1ccccc1,0,0.677477,0.139259,0.145733
COc1ccc(cc1)S(=O)(=O)Nc1cccc2c1O[C@@H](CN(C)Cc1ccc(cc1)-c1ccccc1)[C@H](C)CN([C@@H](C)CO)C2=O,0,0.012190,0.024818,0.007155
CC(C)NC(=O)Nc1ccc2c(c1)C(=O)N(C[C@@H](C)[C@H](CN(C)S(=O)(=O)c1cn(cn1)C)OCCCC[C@H](C)O2)[C@H](C)CO,0,0.018079,0.023331,0.004388
CC#CCn1c(nc2c1C(=O)N(Cc1nc(c3ccccc3n1)C)C(=O)N2C)N1CCC[C@@H](N)C1,0,0.990794,0.105923,0.099136
O=C1Oc2cc3occ(c3cc2-c2ccccc21)-c1ccccc1,0,0.043326,0.409391,0.337382
OCCN(Cc1ccccc1)C(=O)C[C@@H](CC=C)C(=O)NC[C@@H](OC(=O)[C@H](CCC=C)Cc1ccc(cc1)F)c1ccccc1,0,0.012696,0.060536,0.044758
N[C@H]1C[C@@H]1c1ccc(cc1)-c1cccc(c1)O,0,0.185175,0.560441,0.336607
C[C@@H]1CCCCO[C@H](CN(C)S(=O)(=O)c2ccc(cc2)Cl)[C@H](C)CN([C@@H](C)CO)C(=O)c2cc(ccc2O1)NC(=O)Nc1ccccc1,0,0.020639,0.023416,0.004755
CCCCC(=O)OC1(C(=O)CO)C(C)CC2C3CCC4=CC(=O)C=CC4(C)C3(F)C(O)CC21C,0,0.202311,0.355165,0.141775
C[C@H](O)C#Cc1cnc2c(c1)C(=O)N(C[C@H](C)[C@H](CN(C)C(=O)Nc1ccc(cc1)C(F)(F)F)O2)[C@H](C)CO,0,0.854394,0.243352,0.175418
COc1ccc(cc1)CN(C)C[C@@H]1OCCCC[C@H](C)Oc2ccc(cc2C(=O)N(C[C@@H]1C)[C@@H](C)CO)NS(=O)(=O)c1cccs1,0,0.004678,0.023420,0.003759
C[C@H]1CN([C@@H](C)CO)C(=O)c2cccc(c2O[C@@H]1CN(C)Cc1ccc(cc1)Oc1ccccc1)NC(=O)Nc1ccc(cc1)F,0,0.065196,0.035809,0.019733
C[C@H]1CCCCO[C@@H](CN(C)S(=O)(=O)c2ccc(cc2)C)[C@@H](C)CN([C@@H](C)CO)C(=O)c2cc(ccc2O1)NS(=O)(=O)c1ccc(cc1)F,0,0.007547,0.023509,0.005669
C[C@@H]1CCCCO[C@H](CN(C)C(=O)NC2CCCCC2)[C@@H](C)CN([C@H](C)CO)C(=O)c2cc(ccc2O1)NS(=O)(=O)c1cccs1,0,0.003996,0.023170,0.004207
COC(=O)C(CCCN1C(=O)c2ccccc2C1=O)(NC(=O)C)c1nn[nH]n1,0,0.007323,0.358020,0.233134
C[C@H]1CCCCO[C@@H](CN(C)C(=O)Nc2c(noc2C)C)[C@H](C)CN([C@H](C)CO)C(=O)c2cc(ccc2O1)NC(=O)C1CCCCC1,0,0.029874,0.023920,0.007150
C[C@@H]1CCCCO[C@H](CN(C)C(=O)Nc2ccc(cc2)C(F)(F)F)[C@H](C)CN([C@@H](C)CO)C(=O)c2cc(ccc2O1)NC(=O)c1ccncc1,0,0.126640,0.025083,0.012065
CN1CCN(CC1)C(=O)C[C@H]1CC[C@H]2[C@@H](COc3ccc(cc3C(=O)N2C)NC(=O)C2CCCCC2)O1,0,0.045360,0.026406,0.017163
C[C@H]1CCCCO[C@H](CN(C)C(=O)CCC(F)(F)F)[C@H](C)CN([C@@H](C)CO)C(=O)c2cc(ccc2O1)NC(=O)c1ccccc1,0,0.011516,0.022342,0.011715
CC(C)(C)[S@](=O)N1Cc2cc(nc(c2[C@@H]1CCO)-c1cccc(c1)-c1ccncc1)C(=O)NCc1ccccc1F,0,0.017955,0.098815,0.050793
COc1ccc(cc1)S(=O)(=O)N(C)C[C@H]1Oc2ccc(cc2C(=O)N(C[C@H]1C)[C@@H](C)CO)NC(=O)Cn1cnnn1,0,0.048169,0.024052,0.005965
C[C@H]1CN([C@H](C)CO)C(=O)c2cccc(c2O[C@H]1CN(C)C(=O)Nc1ccc(cc1)C(F)(F)F)NC(=O)Nc1cccc2ccccc12,0,0.785336,0.634779,0.495302
C[C@@H]1CN([C@@H](C)CO)C(=O)CCCn2nncc2CO[C@H]1CN(C)C(=O)Nc1cccc2ccccc12,0,0.038044,0.024469,0.009415
C[C@H]1CCCCO[C@@H](CN(C)C(=O)NC2CCCCC2)[C@@H](C)CN([C@H](C)CO)C(=O)c2cc(ccc2O1)NS(=O)(=O)c1ccccc1,0,0.002353,0.023504,0.004199
O[C@@H]1COC[C@@H]2O[C@@H](CC[C@H]2N(C1)C(=O)c1ccccn1)CC(=O)NC1CCC1,0,0.037354,0.029434,0.014780
CCCN(C)C[C@@H]1Oc2cc(ccc2S(=O)(=O)N(C[C@@H]1C)[C@@H](C)CO)C#Cc1ccccc1OC,0,0.330061,0.041494,0.010912
C[C@H]1CCCCO[C@H](CN(C)S(=O)(=O)c2ccc(cc2)Cl)[C@@H](C)CN([C@H](C)CO)C(=O)c2cc(ccc2O1)NC(=O)Nc1ccccc1,0,0.020639,0.023416,0.004755
COc1ccc2cc(ccc2c1)-c1cc(nn1[C@@H](C)c1ccc(cc1)C(=O)NCCC(=O)O)-c1cc(cc(c1)Cl)Cl,0,0.959825,0.777449,0.776618
C[C@@H]1CN([C@H](C)CO)C(=O)c2cc(cnc2O[C@H]1CN(C)C(=O)Cc1cccnc1)-c1ccc(cc1)C,0,0.004606,0.021689,0.004765
COc1ccc(cc1)NC(=O)N(C)C[C@H]1OCCCC[C@H](C)Oc2ccc(cc2C(=O)N(C[C@@H]1C)[C@@H](C)CO)NC(=O)NC1CCCCC1,0,0.009379,0.021879,0.004408
CC(C)(C)[S@](=O)N1Cc2cc(nc(c2[C@@H]1CCO)-c1cccc(c1)-c1cncnc1)C(=O)N1CCc2ccccc2C1,0,0.005390,0.134201,0.062651
Cl.O=C(c1ccc(OCCN2CCCCC2)cc1)c1c(-c2ccc(O)cc2)sc2cc(O)ccc12,0,0.940284,0.446333,0.571912
OC[C@H]1O[C@@H](CC[C@@H]1NC(=O)c1ccc2c(c1)OCO2)CC(=O)N1CCOCC1,0,0.005755,0.025342,0.007887
C[C@H]1CCCCO[C@@H](CN(C)C(=O)Nc2ccccc2)[C@@H](C)CN([C@H](C)CO)C(=O)c2cc(ccc2O1)NS(=O)(=O)c1ccc(cc1)Cl,0,0.012198,0.023858,0.004516
C[C@H]1CN([C@H](C)CO)S(=O)(=O)c2ccc(cc2O[C@H]1CN(C)C(=O)c1ccccn1)C#Cc1ccccc1,0,0.016619,0.033774,0.007139
OCC1=COC(=O)C(=C1O)CN1CCCCC1,0,0.748757,0.189411,0.085334
Clc1ccc(C(c2ccccc2Cl)C(Cl)Cl)cc1,0,0.992314,0.453158,0.347060
C[C@H]1CN([C@H](C)CO)C(=O)c2cc(ccc2O[C@H]1CN(C)Cc1ccc(c(c1)Cl)Cl)NC(=O)Cc1cn(c2ccccc12)C,0,0.094968,0.024821,0.009314
CCCCCCCCCCCCCCCC[n+]1ccccc1.[Cl-],0,0.365509,0.235016,0.194768
COc1ccc2c3c(n(c2c1)C)[C@H](CO)N(C[C@]13CCN(CC1)C(=O)C1CCOCC1)C(=O)C1CCOCC1,0,0.210193,0.073748,0.025979
CCCNC(C)C(=O)Nc1ccccc1C.Cl,0,0.525812,0.133453,0.084423
COc1ccc(cc1)NC(=O)Nc1cccc2c1O[C@H](CN(C)Cc1ccc(cc1)-c1ccccc1)[C@H](C)CN([C@H](C)CO)C2=O,0,0.054556,0.025607,0.009093
C[C@H]1CN([C@@H](C)CO)C(=O)c2cccc(c2O[C@@H]1CN(C)Cc1ccc(cc1)C(=O)O)NC(=O)C1CCOCC1,0,0.139031,0.061973,0.023852
C[C@@H]1CN([C@H](C)CO)C(=O)c2cc(cnc2O[C@H]1CN(C)C(=O)Cc1ccccn1)C#CC1CCCCC1,0,0.009499,0.022791,0.005867
C[C@@H]1CN([C@@H](C)CO)C(=O)c2cccc(c2O[C@H]1CN(C)Cc1ccc(cc1)Oc1ccccc1)NC(=O)C1CCCCC1,0,0.018370,0.044700,0.019408
COc1ccc(cc1)NC(=O)Nc1ccc2c(c1)C(=O)N(C[C@@H](C)[C@H](CN(C)Cc1ccc(cc1)C(=O)O)OCCCC[C@@H](C)O2)[C@@H](C)CO,0,0.075880,0.028800,0.006763
C[C@@H]1CN([C@@H](C)CO)C(=O)c2cccc(c2O[C@@H]1CN(C)S(=O)(=O)C)NS(=O)(=O)c1c(noc1C)C,0,0.012648,0.024511,0.007630
C[C@@H]1CN([C@@H](C)CO)C(=O)c2cc(ccc2O[C@@H]1CN(C)S(=O)(=O)c1ccccc1)NS(=O)(=O)c1ccc(cc1)C,0,0.007965,0.023127,0.006457
C[C@H]1CCCCO[C@H](CN(C)S(=O)(=O)c2cn(cn2)C)[C@H](C)CN([C@@H](C)CO)C(=O)c2cc(ccc2O1)NC(=O)Nc1cccc2ccccc12,0,0.015360,0.023828,0.004006
CN1[C@@H](CO)[C@H]2[C@@H]1CNc1ccccc12,0,0.192203,0.058071,0.017234
C[C@@H]1CCCCO[C@H](CN(C)CC2CCCCC2)[C@H](C)CN([C@@H](C)CO)C(=O)c2cc(ccc2O1)NC(=O)Nc1ccccc1,0,0.085350,0.051738,0.015517
C[C@H]1CCCCO[C@@H](CN(C)Cc2ccccc2)[C@H](C)CN([C@H](C)CO)C(=O)c2cc(ccc2O1)NC(=O)Nc1ccccc1,0,0.012740,0.028830,0.008941
COC(=O)[C@H](Cc1ccccc1)N1C[C@](C)(OC(C)C)O[C@@H](CCn2cc(nn2)COc2ccccc2/C=C(C)/C=C/C(=O)NO)[C@@H]1/C=C/C1CC1,0,0.446951,0.084037,0.039601
CCS(=O)(=O)Nc1ccc2c(c1)C(=O)N(C)[C@H]1CC[C@@H](CC(=O)N[C@@H]3CCN(C3)Cc3ccccc3)O[C@@H]1CO2,0,0.003040,0.023599,0.008069
C[C@H]1CN([C@H](C)CO)C(=O)c2cccc(c2O[C@@H]1CN(C)Cc1ccc(cc1)-c1ccccc1)NC(=O)c1nc2ccccc2s1,0,0.020239,0.030899,0.011480
CCOC(=O)c1c(n[nH]c1N)C,0,0.044877,0.031383,0.018636
COc1ccc(cc1)CN(C)C[C@@H]1Oc2ccc(cc2CC(=O)N(C[C@H]1C)[C@H](C)CO)NC(=O)CCCCCC(=O)Nc1ccccc1N,0,0.004151,0.024351,0.005296
CC[N+](CC)(CC)CCOc1cccc(c1OCC[N+](CC)(CC)CC)OCC[N+](CC)(CC)CC,0,0.762007,0.272723,0.137628
C[C@H]1CN([C@@H](C)CO)C(=O)Cc2cc(ccc2O[C@@H]1CN(C)Cc1ccc(cc1)Oc1ccccc1)NS(=O)(=O)c1ccc(cc1)C,0,0.000413,0.024793,0.005030
C[C@@H]1CN([C@H](C)CO)C(=O)Cc2cc(ccc2O[C@H]1CN(C)S(=O)(=O)C)NC(=O)Nc1ccc(cc1)C(F)(F)F,0,0.104172,0.048662,0.036436
COCC#Cc1ccc2c(c1)O[C@@H](CN(C)S(=O)(=O)c1cccc(c1)F)[C@@H](C)CN([C@H](C)CO)S2(=O)=O,0,0.212478,0.029025,0.006391
C[C@H]1CCCCO[C@H](CN(C)S(=O)(=O)c2cccs2)[C@H](C)CN([C@@H](C)CO)C(=O)c2cc(ccc2O1)NC(=O)Nc1cccc2ccccc12,0,0.003532,0.023871,0.004443
CCCCS(=N)(=O)CC[C@H](N)C(=O)O,0,0.323729,0.054500,0.035377
COc1ccc(cc1)S(=O)(=O)N(C)C[C@@H]1Oc2ccc(cc2CC(=O)N(C[C@H]1C)[C@@H](C)CO)NC(=O)c1ccncc1,0,0.001173,0.023314,0.004164
C[C@H]1CN([C@@H](C)CO)C(=O)c2cc(ccc2O[C@H]1CN(C)S(=O)(=O)c1ccccc1)NC(=O)CCCN(C)C,0,0.007103,0.024975,0.005652
FC(F)(F)c1ccc(cc1)/C=C(\C#N)c1c[nH]c2ccccc12,0,0.482429,0.325235,0.385099
Cc1ccc(cc1)NC(=O)C[C@H]1NCCNC1=O,0,0.053972,0.041452,0.019553
NCC(=O)NC1CCCCC1,0,0.065532,0.046577,0.020987
C[C@@H]1CN([C@@H](C)CO)C(=O)c2cccc(c2O[C@@H]1CN(C)S(=O)(=O)c1ccccc1)NS(=O)(=O)c1cn(cn1)C,0,0.038094,0.028913,0.007712
Cn1cnc(c1)S(=O)(=O)N1C[C@H](O)COC[C@H]2O[C@@H](CC[C@@H]21)CC(=O)NCc1cccc(c1)F,0,0.370882,0.024785,0.009691
COc1ccc(cc1)CN(C)C[C@@H]1Oc2c(cccc2C(=O)N(C[C@H]1C)[C@H](C)CO)NC(=O)Nc1ccc(cc1)C(F)(F)F,0,0.614526,0.150132,0.127402
O[C@@H]1COC[C@H]2O[C@H](CC[C@@H]2N(C1)S(=O)(=O)c1ccc(cc1)Cl)CC(=O)NCc1ccncn1,0,0.466170,0.028981,0.019961
COc1cc2ccnc(c2cc1OC)CCCN,0,0.562930,0.304358,0.134936
C1COC2(CCNCC2)OC1,0,0.423734,0.077591,0.026903
COCCOC(=O)N1C(=O)[C@@]2([C@H]([C@H]3N([C@@H]([C@@H](OC3=O)c3ccccc3)c3ccccc3)[C@H]2c2ccc(cc2)OCCO)C(=O)N2CCCCCCC2)c2ccccc21,0,0.220686,0.096842,0.049660
CS(=O)(=O)CCNCc1nc(cs1)-c1ccc2ncnc(c2c1)Nc1ccc(c(c1)Cl)OCc1cccc(c1)F,0,0.942744,0.670358,0.613417
c1ccc(cc1)-c1cc(c2ccccc2n1)-c1nc2ccccc2[nH]1,0,0.679596,0.369452,0.285695
CC(=O)N1CCOC[C@@]2(C1)CN(CCO2)S(=O)(=O)C,0,0.000972,0.118280,0.009100
COc1ccc(cc1)S(=O)(=O)Nc1cccc2c1O[C@@H](CN(C)S(=O)(=O)c1ccc(cc1)OC)[C@@H](C)CN([C@@H](C)CO)C2=O,0,0.018390,0.025905,0.007504
OC[C@H]1O[C@H](CC(=O)NCCCN2CCOCC2)C=C[C@H]1NC(=O)C1CCC1,0,0.070464,0.028208,0.011737
C[C@H]1CN([C@@H](C)CO)C(=O)c2cc(cnc2O[C@@H]1CN(C)C(=O)c1cccnc1)-c1ccc(cc1)C(=O)N(C)C,0,0.001065,0.022021,0.005545
C[C@@H]1CCCCO[C@H](CN(C)C(=O)Nc2cccc3ccccc23)[C@H](C)CN([C@H](C)CO)C(=O)c2cc(ccc2O1)NS(=O)(=O)c1ccc(cc1)F,0,0.013998,0.024253,0.005772
C[C@@H]1CCCCO[C@H](CN(C)S(=O)(=O)c2ccc(cc2)F)[C@H](C)CN([C@@H](C)CO)C(=O)c2cc(ccc2O1)NC(=O)Nc1ccc(cc1)F,0,0.053838,0.024043,0.007762
O[C@@H]1COC[C@@H]2O[C@@H](CC[C@H]2N(C1)C(=O)c1ccc2c(c1)OCO2)CC(=O)NCCN1CCCCC1,0,0.290903,0.056548,0.032035
C[C@@H]1CN([C@H](C)CO)C(=O)Cc2cc(ccc2O[C@@H]1CN(C)S(=O)(=O)c1ccc(cc1)C)NS(=O)(=O)C,0,0.004753,0.026089,0.006500
C[C@H]1CN([C@@H](C)CO)C(=O)c2cc(ccc2O[C@@H]1CN(C)Cc1ccc(cc1)C(F)(F)F)NC(=O)C1CCCCC1,0,0.125880,0.074595,0.078131
O=C(NCCN1CCNCC1)c1ccccn1,0,0.002299,0.029761,0.009967
COc1ccc(cc1)S(=O)(=O)Nc1ccc2c(c1)C(=O)N(C[C@@H](C)[C@@H](CN(C)S(=O)(=O)c1ccc(cc1)F)O2)[C@@H](C)CO,0,0.019562,0.024887,0.008279
C[C@@H]1CN([C@@H](C)CO)C(=O)c2cccc(c2O[C@H]1CN(C)C(=O)Nc1ccc(cc1)C(F)(F)F)NC(=O)Nc1ccc(cc1)F,0,0.943149,0.799005,0.768669
OC[C@@H]1O[C@@H](CCNS(=O)(=O)c2ccc(cc2)F)CC[C@H]1NC(=O)C1CC1,0,0.135542,0.028804,0.014112
O.OCC1OC(OC2C(CO)OC(O)C(O)C2O)C(O)C(O)C1O,0,0.007222,0.253642,0.086226
CN1[C@H]2CC[C@@H](CC(=O)NCCc3ccncc3)O[C@H]2COc2ccc(cc2C1=O)NC(=O)C1CCC1,0,0.008667,0.024553,0.010919
C[C@H]1C/C=C/CO[C@@H](CN(C)S(=O)(=O)c2ccc(cc2)F)[C@H](C)CN([C@@H](C)CO)C(=O)c2cc(ccc2O1)NC(=O)Nc1ccccc1,0,0.034412,0.023751,0.005323
OC[C@@H]1O[C@H](CC[C@@H]1NC(=O)CN1CCOCC1)CCn1cc(nn1)C1CC1,0,0.452900,0.027776,0.009626
C[C@H]1CN([C@H](C)CO)C(=O)c2cccc(c2O[C@H]1CN(C)C(=O)Nc1ccc(cc1)C(F)(F)F)NC(=O)Nc1ccc2c(c1)OCO2,0,0.502941,0.335780,0.450547
CC(C)NC(=O)N(C)C[C@H]1Oc2cc(ccc2S(=O)(=O)N(C[C@@H]1C)[C@H](C)CO)-c1ccccc1F,0,0.052388,0.027557,0.008531
C[C@H]1CCCCO[C@H](CN(C)S(=O)(=O)c2ccc(cc2)F)[C@H](C)CN([C@H](C)CO)C(=O)c2cc(ccc2O1)NC(=O)Nc1cccc2ccccc12,0,0.015670,0.025074,0.006576
CCS(=O)(=O)N1CC[C@]2(CC1)CN([C@H](CO)c1c2c2ccc(cc2n1C)OC)C(=O)Nc1c(noc1C)C,0,0.009933,0.026933,0.009423
OC[C@H]1O[C@H](CCNC(=O)CN2CCOCC2)CC[C@@H]1NS(=O)(=O)c1ccc(cc1)F,0,0.012947,0.026618,0.010733
COc1ccc(cc1)-c1cnc2c(c1)C(=O)N(C[C@H](C)[C@@H](CN(C)C(=O)C1CCOCC1)O2)[C@H](C)CO,0,0.010751,0.021596,0.005025
COc1ccc(cc1)COC[C@]12NC(=O)N([C@@H]([C@H]2CO[Si](C)(C)C(C)(C)C)c2ccccc2O1)C(=O)c1ccccc1,0,0.165736,0.258786,0.171608
C[C@@H]1CN([C@@H](C)CO)C(=O)c2cccc(c2O[C@H]1CN(C)Cc1ccc(cc1)-c1ccccc1)NC(=O)c1ccncc1,0,0.009773,0.024241,0.009778
COCCNCc1ccc(nc1)-c1cc2nccc(c2s1)Oc1ccc(cc1F)NC(=S)NC(=O)Cc1ccc(cc1)F,0,0.380194,0.188336,0.132408
C[C@@H]1CCCCO[C@@H](CN(C)S(=O)(=O)C)[C@H](C)CN([C@H](C)CO)C(=O)c2cc(ccc2O1)NS(=O)(=O)c1ccc(cc1)C,0,0.004531,0.023510,0.005740
C[C@@H]1CN([C@H](C)CO)C(=O)c2cccc(c2O[C@@H]1CN(C)S(=O)(=O)c1ccccc1)NS(=O)(=O)c1cn(cn1)C,0,0.038094,0.028913,0.007712
C[C@@H]1CN([C@@H](C)CO)C(=O)c2cc(ccc2O[C@H]1CN(C)Cc1ccc(cc1)-c1ccccc1)NC(=O)C1CC1,0,0.073731,0.038725,0.021530
N=C(N)NCCCCNC(=N)N.O=S(=O)(O)O,0,0.001276,0.171986,0.035768
OC[C@H]1O[C@H](OC[C@@H](O)[C@@H](O)[C@H](O)[C@@H](O)/C=N/NC(=O)CCCCCC(=O)NO)[C@H](O)[C@@H](O)[C@H]1O,0,0.027056,0.132824,0.071474
C[C@@H]1CN([C@@H](C)CO)C(=O)Cc2cc(ccc2O[C@@H]1CN(C)S(=O)(=O)c1ccccc1)NC(=O)CCC(F)(F)F,0,0.016385,0.025332,0.007770
Cc1ccnc2ccccc12,0,0.132946,0.083771,0.058433
CO[C@H]1CN(C)C(=O)c2ccc(cc2OC[C@H](C)N(C[C@H]1C)S(=O)(=O)c1cn(cn1)C)NC(=O)CC(F)(F)F,0,0.066246,0.030201,0.017428
CC(C)=CCCC(C)=CCO,0,0.029021,0.096378,0.069440
CC(C)C1=NC(=NC(=O)N1C)/N=C/N(C)C,0,0.199467,0.077085,0.029167
CN1CC(=O)N(CC(=O)Nc2cc(ccc2C)S(=O)(=O)N2CCOCC2)C1=O,0,0.026826,0.027946,0.027595
OCCN(Cc1ccccc1)C(=O)C[C@H](CC=C)C(=O)N[C@H](COC(=O)[C@H](CCC=C)Cc1ccc(cc1)F)c1ccccc1,0,0.013451,0.025218,0.025581
O=C(Nc1c(Cl)cncc1Cl)c1ccc(OC(F)F)c(OCC2CC2)c1,0,0.974322,0.731096,0.628946
C[C@H]1CN([C@H](C)CO)C(=O)c2cccc(c2O[C@@H]1CN(C)S(=O)(=O)C)NC(=O)Nc1ccc(cc1)C(F)(F)F,0,0.456941,0.391004,0.124849
COc1ccc(cc1)S(=O)(=O)N(C)C[C@H]1OCCCC[C@H](C)Oc2ccc(cc2C(=O)N(C[C@@H]1C)[C@@H](C)CO)NC(=O)NC1CCCCC1,0,0.008224,0.023490,0.004681
C[C@H]1CCCCO[C@H](CN(C)C(=O)Cc2ccccc2)[C@@H](C)CN([C@H](C)CO)C(=O)c2cc(ccc2O1)NS(=O)(=O)c1ccc(cc1)Cl,0,0.002648,0.023682,0.004683
N(c1ccccc1)c1ncnc2cc(sc12)-c1ccccc1,0,0.515047,0.506183,0.631187
COCC(=O)N(C)C[C@H]1Oc2cc(ccc2S(=O)(=O)N(C[C@H]1C)[C@H](C)CO)C#CCN(C)C,0,0.182874,0.022456,0.010005
C[C@H]1CN([C@@H](C)CO)C(=O)Cc2cc(ccc2O[C@H]1CN(C)S(=O)(=O)c1ccccc1C)NC(=O)Nc1ccc(c(c1)Cl)Cl,0,0.032616,0.026059,0.006937
C[C@H]1CN([C@H](C)CO)C(=O)c2cc(cnc2O[C@H]1CN(C)S(=O)(=O)c1cn(cn1)C)C#Cc1ccc(cc1)F,0,0.100313,0.022842,0.005254
CC1OC(OC2C(Oc3cc(O)c4c(c3)OC(c3ccc(O)cc3)CC4=O)OC(CO)C(O)C2O)C(O)C(O)C1O,0,0.590238,0.229249,0.177863
O=c1c(O)c(-c2ccccc2)oc2ccccc12,0,0.245557,0.241002,0.201580
C[C@@H]1CN([C@H](C)CO)C(=O)c2cc(ccc2O[C@H]1CN(C)S(=O)(=O)c1ccccc1)NC(=O)Nc1cccc2ccccc12,0,0.013461,0.024011,0.006322
CCCN(C)C[C@H]1OCCCC[C@H](C)Oc2ccc(cc2C(=O)N(C[C@H]1C)[C@@H](C)CO)NC(=O)Nc1ccc(cc1)F,0,0.191417,0.397632,0.725145
Nc1ccc(cc1)[C@@H](O)[C@@H](O)CO,0,0.089505,0.112224,0.084834
C[C@@H]1CN([C@H](C)CO)C(=O)c2cccc(c2O[C@@H]1CN(C)C(=O)Nc1c(noc1C)C)NC(=O)C1CC1,0,0.053509,0.021903,0.007143
C[C@H]1CCCCO[C@H](CN(C)C(=O)Nc2ccc3c(c2)OCO3)[C@@H](C)CN([C@@H](C)CO)C(=O)c2cc(ccc2O1)NC(=O)CCC(F)(F)F,0,0.098473,0.028858,0.016421
C[C@@H]1CCCCO[C@H](CN(C)Cc2ccc(cc2)C(F)(F)F)[C@@H](C)CN([C@@H](C)CO)C(=O)c2cc(ccc2O1)NC(=O)Nc1cccc2ccccc12,0,0.199152,0.027600,0.012387
COc1ccc(cc1)NC(=O)Nc1cccc2c1O[C@@H](CN(C)Cc1ccc(cc1)C(F)(F)F)[C@@H](C)CN([C@@H](C)CO)C2=O,0,0.347511,0.039811,0.046118
C[C@@H]1CN([C@@H](C)CO)C(=O)Cc2cc(ccc2O[C@@H]1CN(C)Cc1ccc(cc1)Oc1ccccc1)NC(=O)C1CC1,0,0.014009,0.028444,0.011037
C[C@H]1CN([C@@H](C)CO)C(=O)c2cc(ccc2O[C@H]1CN(C)Cc1ccncc1)NS(=O)(=O)c1cccs1,0,0.001588,0.023946,0.005150
C[C@H]1CCCCO[C@H](CN(C)Cc2ccncc2)[C@H](C)CN([C@H](C)CO)C(=O)c2cc(ccc2O1)NC(=O)Nc1cccc2ccccc12,0,0.010179,0.022838,0.005113
C[C@@H]1CN([C@@H](C)CO)C(=O)c2cc(ccc2O[C@H]1CN(C)Cc1ccc(cc1)C(=O)Nc1ccccc1N)NS(=O)(=O)c1cn(cn1)C,0,0.006060,0.024055,0.003957
CN1[C@@H]2CC[C@H](CC(=O)NCCc3ccncc3)O[C@H]2COc2ccc(cc2C1=O)NC(=O)C1CCCC1,0,0.012067,0.024989,0.010325
C[C@H]1CN([C@@H](C)CO)C(=O)c2cc(ccc2O[C@H]1CN(C)S(=O)(=O)c1cn(cn1)C)NC(=O)Nc1c(noc1C)C,0,0.043679,0.025346,0.006113
CC1C2CCC3C4CC=C5CC(N(C)C)CCC5(C)C4CCC32CN1C,0,0.794753,0.204459,0.101181
C[C@H](O)C#Cc1ccc2c(c1)O[C@@H](CN(C)C(=O)c1ccncc1)[C@H](C)CN([C@@H](C)CO)S2(=O)=O,0,0.024520,0.023404,0.005857
NCc1ccc(cc1)S(=O)(=O)N1CCOCC1,0,0.011365,0.038377,0.013429
C[C@H]1CCCCO[C@@H](CN(C)S(=O)(=O)c2ccccc2)[C@@H](C)CN([C@H](C)CO)C(=O)c2cc(ccc2O1)NC(=O)c1ccccc1,0,0.000499,0.023490,0.004358
C[C@H]1CCCCO[C@H](CN(C)S(=O)(=O)C)[C@H](C)CN([C@H](C)CO)C(=O)c2cc(ccc2O1)NS(=O)(=O)c1cccs1,0,0.003007,0.024117,0.005019
NC(Cc1ccc(N(CCCl)CCCl)cc1)C(=O)O,0,0.928530,0.252204,0.241720
NCC[C@H]1CC[C@@H](NC(=O)C2CCC2)[C@@H](CO)O1,0,0.208916,0.034174,0.013570
OC(=O)CN(CCc1ccccc1)CC(=O)O,0,0.032531,0.092799,0.091543
C[C@H]1CN([C@@H](C)CO)S(=O)(=O)c2ccc(cc2O[C@H]1CN(C)Cc1ccc2c(c1)OCO2)C#CCN(C)C,0,0.122356,0.029222,0.007950
CCC(C)C(=O)OC1CC(C)C=C2C=CC(C)C(CCC3CC(O)CC(=O)O3)C21,0,0.294447,0.095772,0.113880
C[C@@H]1CN([C@H](C)CO)S(=O)(=O)c2ccc(cc2O[C@@H]1CN(C)C(=O)c1ccc2c(c1)OCO2)-c1ccncc1,0,0.002448,0.023317,0.003953
C[C@H]1CCCCO[C@@H](CN(C)S(=O)(=O)c2ccc(cc2)F)[C@H](C)CN([C@@H](C)CN(C)C)C(=O)c2cc(ccc2O1)NC(=O)Nc1ccccc1,0,0.041444,0.352308,0.050749
C[C@H]1CCCCO[C@H](CN(C)S(=O)(=O)c2ccccc2)[C@@H](C)CN([C@@H](C)CO)C(=O)c2cc(ccc2O1)NS(=O)(=O)C,0,0.002704,0.023508,0.004716
CNC(=O)Oc1ccc2c(c1)C1(C)CCN(C)C1N2C,0,0.961171,0.070927,0.064410
C[C@@H]1CCCCO[C@H](CN(C)S(=O)(=O)c2ccc(cc2)C)[C@H](C)CN([C@H](C)CO)C(=O)c2cc(ccc2O1)NS(=O)(=O)C,0,0.006709,0.023491,0.004671
OC[C@H]1O[C@@H](CC(=O)NCCN2CCCCC2)C=C[C@@H]1NC(=O)c1cccnc1,0,0.037952,0.143646,0.026879
C[C@H]1CN([C@@H](C)CO)C(=O)Cc2cc(ccc2O[C@@H]1CN(C)S(=O)(=O)C)NC(=O)CCCCCC(=O)Nc1ccccc1N,0,0.002345,0.024105,0.004475
COc1ccccc1CNC(=O)C[C@H]1C[C@H]2[C@H](Oc3ccc(cc32)NC(=O)C2CCOCC2)[C@@H](CO)O1,0,0.088565,0.023963,0.011343
CC[C@@H](C)c1ccc(cc1)NC(=O)c1ccc(cc1)N(CC)CC,0,0.524805,0.331859,0.339466
C[C@@H]1CN([C@H](C)CO)C(=O)CCCn2nncc2CO[C@H]1CN(C)C(=O)C1CC1,0,0.018576,0.023552,0.005172
COc1cccc(c1)S(=O)(=O)N(C)C[C@H]1Oc2ncc(cc2C(=O)N(C[C@@H]1C)[C@@H](C)CO)C#CCN(C)C,0,0.050208,0.024401,0.007099
CCN1[C@H]([C@H](CO)[C@H]2CN3C(=O)C(=CC=C3[C@H]21)c1ccncc1)C(=O)NCCc1cn(cn1)C,0,0.215452,0.031722,0.010010
COc1ccc(cc1)NC(=O)Nc1ccc2c(c1)C(=O)N(C[C@H](C)[C@@H](CN(C)Cc1ccc(c(c1)Cl)Cl)O2)[C@H](C)CO,0,0.129223,0.093824,0.022713
CCN(CC)c1ccc(cc1)N1CC=C[C@@]23O[C@@H]4/C=C\CCCOC(=O)[C@@H]4[C@H]2C(=O)N(CCO)[C@@H]3C1=O,0,0.858616,0.271197,0.139891
C[C@H]1CN([C@H](C)CO)C(=O)c2ccccc2-c2ccccc2CO[C@H]1CN(C)Cc1ccc(cc1)C(F)(F)F,0,0.290753,0.521517,0.420216
C[C@@H]1CN([C@@H](C)CO)C(=O)Cc2cc(ccc2O[C@@H]1CN(C)CC1CC1)NC(=O)Nc1c(noc1C)C,0,0.092981,0.028598,0.010756
CC(C)NC(=O)Nc1ccc2c(c1)C(=O)N(C[C@@H](C)[C@H](CN(C)Cc1ccccc1)OCCCC[C@H](C)O2)[C@@H](C)CO,0,0.017550,0.031466,0.011797
C[C@H]1CN([C@H](C)CO)C(=O)c2cc(ccc2O[C@@H]1CN(C)C(=O)Nc1c(noc1C)C)NC(=O)C1CC1,0,0.027336,0.021762,0.006780
COc1ccc(cc1)NC(=O)N1C[C@H](O)COC[C@@H]2O[C@H](CC[C@H]21)CC(=O)NCc1ccccc1OC,0,0.409927,0.078280,0.085124
OC(=O)Cn1nnnc1-c1ccsc1,0,0.373621,0.125119,0.055962
COc1ccc(cc1)NC(=O)Nc1ccc2c(c1)CC(=O)N(C[C@@H](C)[C@@H](CN(C)C(=O)Nc1ccc(cc1)C(F)(F)F)O2)[C@H](C)CO,0,0.296583,0.033606,0.026565
C[C@@H]1CCCCO[C@H](CN(C)Cc2ccc(cc2)C(F)(F)F)[C@H](C)CN([C@@H](C)CO)C(=O)c2cc(ccc2O1)NS(=O)(=O)c1ccccc1,0,0.014737,0.024946,0.005814
COCC(=O)N1C[C@@H](C)[C@H](CN(C)C(=O)c2cc(ccc2OC[C@H]1C)NC(=O)Nc1ccccc1)OC,0,0.011779,0.025915,0.009002
CO[C@@H]1[C@@H](CC[C@]2(CO2)[C@H]1[C@@]1(C)O[C@@H]1CC=C(C)C)OC(=O)NC(=O)CCl,0,0.003743,0.492890,0.410777
C[C@H]1CN([C@@H](C)CO)C(=O)c2cc(ccc2O[C@H]1CN(C)Cc1ccc(c(c1)Cl)Cl)NS(=O)(=O)c1ccc(cc1)F,0,0.040803,0.024153,0.007926
C[C@@H]1CCCCO[C@@H](CN(C)Cc2ccc(cc2)C(=O)O)[C@@H](C)CN([C@@H](C)CO)C(=O)c2cc(ccc2O1)NC(=O)Nc1ccccc1,0,0.063330,0.028679,0.007047
NC(=O)NC(CCC(=O)O)C(=O)O,0,0.009825,0.023864,0.025413
C[C@@H]1CN([C@@H](C)CO)C(=O)Cc2cc(ccc2O[C@H]1CN(C)S(=O)(=O)c1ccc(cc1)C)NC(=O)Cn1cnnn1,0,0.009923,0.024928,0.005574
C[C@H]1CN([C@H](C)CO)C(=O)Cc2cc(ccc2O[C@@H]1CN(C)Cc1ccc(cc1)Oc1ccccc1)NC(=O)Cn1cnnn1,0,0.012101,0.025746,0.007806
CC(C)CC#Cc1ccc2c(c1)O[C@@H](CN(C)C(=O)c1ccccn1)[C@H](C)CN([C@H](C)CO)S2(=O)=O,0,0.038801,0.026665,0.005439
COc1ccccc1S(=O)(=O)N1C[C@@H](O)COC[C@@H]2O[C@@H](CC[C@H]21)CC(=O)O,0,0.389310,0.050744,0.013965
C[C@H]1CN([C@@H](C)CO)C(=O)c2cc(ccc2O[C@H]1CN(C)C(=O)Nc1ccc(cc1)C(F)(F)F)NC(=O)Cc1cn(c2ccccc12)C,0,0.470439,0.130222,0.043787
CS(=O)(=O)Nc1ccccc1O,0,0.079865,0.041982,0.022171
C[C@@H]1CN([C@H](C)CO)C(=O)c2cccc(c2O[C@H]1CN(C)S(=O)(=O)c1ccc(cc1)F)NS(=O)(=O)c1ccc(cc1)C,0,0.030082,0.030738,0.007634
C[C@@H]1CN([C@H](C)CO)C(=O)c2cc(ccc2O[C@@H]1CN(C)S(=O)(=O)c1cn(cn1)C)NS(=O)(=O)c1ccc(cc1)C,0,0.019358,0.023897,0.006562
C[C@@H]1CCCCO[C@@H](CN(C)S(=O)(=O)c2ccccc2)[C@@H](C)CN([C@@H](C)CO)C(=O)c2cc(ccc2O1)NS(=O)(=O)c1ccc(cc1)Cl,0,0.006305,0.023591,0.005380
O=c1[nH]cc(F)c(=O)[nH]1,0,0.105900,0.384827,0.150105
OCCN1CC(O)C(O)C(O)C1CO,0,0.630722,0.067855,0.049062
C[C@H]1CN([C@@H](C)CO)C(=O)c2cc(ccc2O[C@@H]1CN(C)Cc1ccc(cc1)-c1ccccc1)NC(=O)Nc1cccc2ccccc12,0,0.047587,0.056890,0.029118
OC[C@H]1O[C@@H](C[C@@H]2[C@H]1Oc1ccc(cc12)NS(=O)(=O)c1ccc(cc1)F)CC(=O)NCc1ccncc1,0,0.006105,0.026925,0.008960
Cl.OC1CCCCC1N1CCC(c2ccccc2)CC1,0,0.569629,0.548119,0.247317
C[C@H]1CN([C@H](C)CO)C(=O)c2cc(ccc2O[C@H]1CN(C)C(=O)Nc1c(noc1C)C)NC(=O)CCN1CCOCC1,0,0.007037,0.023686,0.004988
CCCCCC(=O)Cc1cc(O)cc(O)c1C(=O)Oc1cc(CC(=O)CCCCC)c(C(=O)O)c(OC)c1,1,0.999538,0.764416,0.808360
CN1[C@H]2CC[C@@H](CC(=O)N[C@@H]3CCN(C3)Cc3ccccc3)O[C@@H]2COc2ccc(cc2C1=O)NC(=O)c1cnccn1,0,0.013909,0.030118,0.012253
C[C@@H]1CN([C@H](C)CO)C(=O)c2cccc(c2O[C@@H]1CN(C)Cc1ccncc1)NS(=O)(=O)c1cccs1,0,0.003020,0.023782,0.004570
COc1cc2c(cc1O)[C@@H](N(CC2)Cc1sc2ccccc2c1Cl)c1ccc(cc1)CN1CCCC1,0,0.521833,0.778296,0.591361
C[C@H]1CN([C@@H](C)CO)C(=O)c2cccc(c2O[C@H]1CN(C)S(=O)(=O)c1ccccc1)NS(=O)(=O)c1ccccc1,0,0.005515,0.036664,0.007886
COc1ccc(cc1)S(=O)(=O)Nc1ccc2c(c1)CC(=O)N(C[C@@H](C)[C@H](CN(C)Cc1ccc(cc1)Oc1ccccc1)O2)[C@H](C)CO,0,0.000469,0.024104,0.005552
C[C@H]1CN([C@H](C)CO)C(=O)c2cccc(c2O[C@H]1CN(C)C(=O)Nc1ccccc1)NC(=O)Nc1cccc2ccccc12,0,0.054398,0.023785,0.015509
C[C@@H]1CCCCO[C@@H](CN(C)S(=O)(=O)c2ccccc2)[C@H](C)CN([C@H](C)CO)C(=O)c2cc(ccc2O1)NC(=O)CCC(F)(F)F,0,0.020105,0.025079,0.006044
C[C@H]1CN([C@H](C)CO)C(=O)c2cccc(c2O[C@@H]1CN(C)S(=O)(=O)c1cccs1)NC(=O)c1cnccn1,0,0.014675,0.023766,0.005567
C[C@H]1CCCCO[C@H](CN(C)C(=O)Nc2ccc3c(c2)OCO3)[C@@H](C)CN([C@H](C)CO)C(=O)c2cc(ccc2O1)NS(=O)(=O)c1cccs1,0,0.001637,0.023333,0.004047
OC[C@H]1O[C@H](CC[C@@H]1NC(=O)Cc1ccccn1)CC(=O)NCCCN1CCOCC1,0,0.005766,0.023495,0.012233
O=C1CCNCCN1,0,0.001123,0.025181,0.011052
C[C@H]1CCCCO[C@H](CN(C)C(=O)Nc2ccc(cc2)F)[C@@H](C)CN([C@H](C)CO)C(=O)c2cc(ccc2O1)NC(=O)c1ccncc1,0,0.018541,0.023204,0.004900
NC(=O)c1cnccn1,0,0.029615,0.052496,0.026440
CN1CCN(CC1)C(=O)C[C@H]1O[C@@H](CO)[C@H](NC(=O)Nc2c(noc2C)C)C=C1,0,0.188562,0.055621,0.021590
C[C@H]1CCCCO[C@@H](CN(C)C(=O)Cc2ccccc2)[C@H](C)CN([C@@H](C)CO)C(=O)c2cc(ccc2O1)NC(=O)NC1CCCCC1,0,0.002680,0.022510,0.005177
C/C=C/c1ccc2c(c1)O[C@H](CN(C)S(=O)(=O)c1ccc(cc1)F)[C@H](C)CN([C@@H](C)CO)S2(=O)=O,0,0.019191,0.027325,0.008248
C[C@H]1CCCCO[C@H](CN(C)Cc2ccc(cc2)C(=O)O)[C@@H](C)CN([C@H](C)CO)C(=O)c2cc(ccc2O1)NC(=O)c1ccccc1,0,0.016738,0.040454,0.008738
C[C@H]1[C@@H]2[C@H](C[C@](C)(O)C3=C[C@@H](O)[C@@](C)(O)[C@@H]3[C@H]2OC1=O)OC(=O)C,0,0.000799,0.498246,0.479504
CCCNC(=O)N(C)C[C@H]1Oc2cc(ccc2S(=O)(=O)N(C[C@@H]1C)[C@H](C)CO)C#Cc1cccc(c1)F,0,0.231205,0.030024,0.008639
C[C@H]1CN([C@@H](C)CO)C(=O)c2cc(ccc2O[C@H]1CN(C)C(=O)Nc1ccc(cc1)F)NC(=O)CCCN(C)C,0,0.154484,0.035570,0.010523
C[C@@H]1CN([C@@H](C)CO)C(=O)c2cc(ccc2O[C@@H]1CN(C)Cc1ccccc1)NC(=O)Nc1cccc2ccccc12,0,0.021766,0.036526,0.018891
CCCc1nn(C)c2c(=O)[nH]c(-c3cc(S(=O)(=O)N4CCN(C)CC4)ccc3OCC)nc12.O=C(O)CC(O)(CC(=O)O)C(=O)O,0,0.184626,0.147526,0.056530
NC(=O)CN1C[C@@H](O)CC1=O,0,0.012888,0.038158,0.017172
OC[C@H]1O[C@H]([C@H](O)[C@@H]1O)n1ncc2c(ncnc12)O,0,0.302154,0.152488,0.083406
C[C@H]1CN([C@H](C)CO)C(=O)c2cc(ccc2O[C@@H]1CN(C)S(=O)(=O)c1cccs1)NS(=O)(=O)c1ccccc1,0,0.002364,0.023326,0.006014
CC(C)C(=O)N1CC[C@H]2CN(CC(=O)N(C)C)S(=O)(=O)[C@@H]2CC1,0,0.002226,0.043071,0.013009
O[C@H]1COC[C@@H]2O[C@H](CC[C@H]2N(C1)C(=O)c1ccccc1)CC(=O)N1CCOCC1,0,0.032583,0.027587,0.014104
C[C@H]1CCCCO[C@H](CN(C)S(=O)(=O)c2cccs2)[C@@H](C)CN([C@H](C)CO)C(=O)c2cc(ccc2O1)NC(=O)CCC(F)(F)F,0,0.012021,0.026960,0.008053
Nc1ccc(cc1)C(=O)N(CCO)CCO,0,0.011214,0.154134,0.038768
CC(C)CC#Cc1ccc2c(c1)O[C@@H](CN(C)C(=O)c1cnccn1)[C@@H](C)CN([C@H](C)CO)S2(=O)=O,0,0.215716,0.023675,0.006029
C[C@@H]1CN([C@@H](C)CO)C(=O)c2cc(ccc2O[C@@H]1CN(C)Cc1ccc(cc1)C(=O)O)NS(=O)(=O)c1cn(cn1)C,0,0.096274,0.027223,0.005877
C[C@@H]1CCCCO[C@@H](CN(C)Cc2ccc(cc2)C(F)(F)F)[C@@H](C)CN([C@@H](C)CO)C(=O)c2cc(ccc2O1)NC(=O)Nc1ccc(cc1)F,0,0.449828,0.032365,0.016447
C[C@@H]1CN([C@H](C)CO)C(=O)c2cc(cnc2O[C@@H]1CN(C)S(=O)(=O)c1cccc(c1)F)-c1cccc(c1)C(=O)N(C)C,0,0.003344,0.031313,0.004702
N[C@@H](CN(O)[N+][O-])C(=O)O,0,0.000000,0.049437,0.030471
CC(C)C[C@@H]1NC(=O)[C@]23[C@@H](/C=C/C/C=C\CNC(=O)[C@@H](C)NC1=O)[C@@H]1O[C@]1(C)[C@@H](C)[C@@H]2[C@H](Cc1ccccc1)NC3=O,0,0.325323,0.174656,0.354902
C[C@H]1CCCC[C@]11NC(=O)NC1=O,0,0.042992,0.090905,0.027640
CN1C(=O)NC(=O)c2c1ncn2C,0,0.219321,0.086744,0.035297
C[C@H]1CN([C@H](C)CO)C(=O)Cc2cc(ccc2O[C@@H]1CN(C)Cc1ccc(cc1)Oc1ccccc1)NS(=O)(=O)c1cccs1,0,0.000387,0.022929,0.005660
CC(C)NC(=O)Nc1cccc2c1O[C@H](CN(C)Cc1ccc(cc1)-c1ccccc1)[C@H](C)CN([C@H](C)CO)C2=O,0,0.130982,0.033935,0.027643
C[C@H]1CCCCO[C@H](CN(C)C(=O)Nc2ccc3c(c2)OCO3)[C@H](C)CN([C@@H](C)CO)C(=O)c2cc(ccc2O1)NS(=O)(=O)c1cccs1,0,0.001637,0.023333,0.004047
Nc1c(cnc2nc(nn12)N1CCOCC1)C(=O)O,0,0.353509,0.086031,0.078677
CN(C)CCCCCCNC(=O)[C@@H]1C[C@H]2N([C@@H]1c1cccc(c1)OCCO)C(=O)CNC2=O,0,0.667260,0.038164,0.029942
C[C@@H]1CN([C@@H](C)CO)C(=O)c2cc(cnc2O[C@@H]1CN(C)S(=O)(=O)c1cccc(c1)F)C#CC1(O)CCCC1,0,0.037636,0.093878,0.007553
COc1ccc(cc1)NC(=O)N(C)C[C@H]1OCCCC[C@H](C)Oc2ccc(cc2C(=O)N(C[C@@H]1C)[C@H](C)CO)NC(=O)Nc1ccc2c(c1)OCO2,0,0.009252,0.022487,0.004572
CC(C)NC(=O)N(C)C[C@@H]1Oc2ccc(cc2C(=O)N(C[C@@H]1C)[C@@H](C)CO)NS(=O)(=O)c1cccs1,0,0.015093,0.023776,0.006507
CCC1(O)CC2CN(CCc3c([nH]c4ccccc34)C(C(=O)OC)(c3cc4c(cc3OC)N(C=O)C3C(O)(C(=O)OC)C(OC(C)=O)C5(CC)C=CCN6CCC43C65)C2)C1.O=S(=O)(O)O,0,0.000031,0.178791,0.057775
CCCNC(=O)N1C[C@]2(CCN(CC2)S(=O)(=O)c2ccc(cc2)OC)c2c(n(c3cc(ccc23)OC)C)[C@@H]1CO,0,0.025015,0.041759,0.011741
C[C@@H]1CN([C@@H](C)CO)C(=O)CCCn2nncc2CO[C@@H]1CN(C)C(=O)Nc1ccc(cc1)N1CCCCC1,0,0.121192,0.030627,0.009601
CCC1OC(=O)CC(O)C(C)C(OC2OC(C)C(O)C(N(C)C)C2O)C(CCN2CC(C)CC(C)C2)CC(C)C(=O)C=CC(C)=CC1COC1OC(C)C(O)C(OC)C1OC,1,0.991509,0.945863,0.980423
Clc1ccccc1C(=O)N(c1ccc2c(c1)SC(=O)O2)S(=O)(=O)c1ccc(cc1)Br,0,0.938051,0.368869,0.149947
C[C@@H]1CCCCO[C@H](CN(C)Cc2ccc(c(c2)Cl)Cl)[C@H](C)CN([C@@H](C)CO)C(=O)c2cc(ccc2O1)NS(=O)(=O)c1c(noc1C)C,0,0.031821,0.025126,0.006169
CN1N=C(O)C(=O)NC1=S,0,0.201928,0.091238,0.062205
OC[C@H]1O[C@H](CC(=O)NCCCN2CCOCC2)C=C[C@H]1NC(=O)Cc1ccccn1,0,0.005724,0.028780,0.014401
C[C@@H]1CN([C@@H](C)CO)S(=O)(=O)c2ccc(cc2O[C@H]1CN(C)C(=O)Nc1ccccc1F)C#CCN(C)C,0,0.577025,0.032442,0.012271
C[C@@H]1CN([C@H](C)CO)C(=O)c2cc(ccc2O[C@@H]1CN(C)C(=O)Nc1cccc2ccccc12)NS(=O)(=O)c1cccs1,0,0.012872,0.024534,0.005794
C[C@H]1CCCCO[C@H](CN(C)C(=O)Nc2ccc(cc2)C(F)(F)F)[C@@H](C)CN([C@@H](C)CO)C(=O)c2cc(ccc2O1)NC(=O)Nc1c(noc1C)C,0,0.506362,0.098548,0.048932
C[C@H]1CN([C@H](C)CO)C(=O)c2cccc(c2O[C@@H]1CN(C)C(=O)Nc1ccc(cc1)C(F)(F)F)NC(=O)CCCCCC(=O)Nc1ccccc1N,0,0.705473,0.045372,0.046981
NC(=N)S/C=C\C(=O)O,0,0.986103,0.092894,0.059776
C[C@H]1CCCCO[C@@H](CN(C)C(=O)Nc2cccc3ccccc23)[C@H](C)CN([C@H](C)CO)C(=O)c2cc(ccc2O1)NC(=O)CCCN(C)C,0,0.024517,0.021901,0.003699
CO[C@@H]1[C@@H](C)O[C@@H](C[C@@H]1O)O[C@@H]1[C@@H](C)O[C@@H](C[C@@H]1O)O[C@@H]1[C@@H](C)O[C@@H](C[C@@H]1O)O[C@H]1CC[C@@]2(C)[C@@H](CC[C@H]3[C@@H]2C[C@@H](O)[C@@]2(C)[C@@H](CC[C@@]32O)C2=CC(=O)OC2)C1,0,0.696975,0.430828,0.212466
C[C@H]1CN([C@@H](C)CO)S(=O)(=O)c2ccc(cc2O[C@H]1CN(C)Cc1ccccc1F)Br,0,0.130005,0.029878,0.009290
COc1ccc(cc1)S(=O)(=O)Nc1ccc2c(c1)C(=O)N(C[C@H](C)[C@@H](CN(C)S(=O)(=O)c1cccs1)O2)[C@H](C)CO,0,0.005116,0.024369,0.006987
COC(=O)[C@H](Cc1ccccc1)N1CC(=C)[C@@H](/C=C/C=C)[C@@H]1[C@@H](O)CCn1cc(nn1)-c1ccc(cc1)C(=O)NO,0,0.444940,0.050115,0.027984
CCCNC(=O)N(C)C[C@@H]1Oc2cc(ccc2S(=O)(=O)N(C[C@H]1C)[C@@H](C)CO)-c1ccccc1F,0,0.047494,0.028172,0.007594
C[C@@H]1CN([C@H](C)CO)C(=O)c2cc(ccc2O[C@H]1CN(C)Cc1ccc2c(c1)OCO2)NC(=O)c1ccncc1,0,0.001594,0.021587,0.004583
CC(=O)NC1CCSC1=O,0,0.052025,0.045154,0.015249
C[C@H]1CN([C@H](C)CO)C(=O)Cc2cc(ccc2O[C@@H]1CN(C)S(=O)(=O)c1ccc(cc1)Cl)NC(=O)Cn1cnnn1,0,0.026577,0.023346,0.007414
CN(C)CCCNC(=O)C[C@H]1CC[C@H](NS(=O)(=O)c2ccccc2)[C@H](CO)O1,0,0.041859,0.031502,0.010048
CC(C)[N+](C)(CCOC(=O)C1c2ccccc2Oc2ccccc21)C(C)C.[Br-],0,0.931409,0.704234,0.547751
C[C@@H]1CCCCO[C@H](CN(C)CC2CCCCC2)[C@H](C)CN([C@@H](C)CO)C(=O)c2cc(ccc2O1)NS(=O)(=O)c1ccc(cc1)C,0,0.019279,0.024873,0.009540
OC(=O)/C=C/C(=O)Nc1nccs1,0,0.169382,0.077119,0.090773
O=C1N[N+](=NO1)c1ccccc1,0,0.454737,0.245347,0.134432
C[C@@H]1CCCCO[C@@H](CN(C)Cc2ccncc2)[C@H](C)CN([C@@H](C)CO)C(=O)c2cc(ccc2O1)NC(=O)C1CCCCC1,0,0.009666,0.022570,0.005390
C[C@@H]1CN([C@@H](C)CO)S(=O)(=O)c2ccc(cc2O[C@H]1CN(C)C(=O)Cc1ccncc1)C#Cc1ccccc1F,0,0.063632,0.025323,0.005320
NNC(=O)c1cccc(c1)C(=O)NO,0,0.489889,0.082535,0.062533
CCS(=O)(=O)N1CCCN2C(=O)C=C(Cn3cncn3)N=C2C1,0,0.000832,0.044118,0.012446
COc1ccc(cc1)S(=O)(=O)Nc1ccc2c(c1)CC(=O)N(C[C@@H](C)[C@@H](CN(C)S(=O)(=O)c1ccccc1)O2)[C@@H](C)CO,0,0.001366,0.023352,0.005147
NC(=O)c1cnccn1,0,0.029615,0.052496,0.026440
COCC#Cc1ccc2c(c1)O[C@H](CN(C)C(=O)C1CCCCC1)[C@@H](C)CN([C@@H](C)CO)S2(=O)=O,0,0.110114,0.024407,0.006658
C[C@H]1CN([C@H](C)CO)C(=O)Cc2cc(ccc2O[C@@H]1CN(C)Cc1ccc(cc1)-c1ccccc1)NC(=O)C1CCCCC1,0,0.063431,0.028018,0.013617
C[C@@H]1CCCCO[C@H](CN(C)C(=O)NC2CCCCC2)[C@@H](C)CN([C@@H](C)CO)C(=O)c2cc(ccc2O1)NS(=O)(=O)c1ccc(cc1)C,0,0.006145,0.023350,0.004605
C[C@@H]1CN([C@@H](C)CO)C(=O)c2cc(cnc2O[C@H]1CN(C)S(=O)(=O)c1ccc(cc1)C)C#CC1(O)CCCC1,0,0.019272,0.023945,0.005411
COc1ccccc1CN1[C@@H](c2ccc(cc2)CO)[C@]2(Cc3ccccc3N(CCCN(C)C)C2=O)c2ccccc2C1=O,0,0.040025,0.069518,0.048469
C[C@@H]1CN([C@@H](C)CO)C(=O)Cc2cc(ccc2O[C@@H]1CN(C)Cc1ccc(cc1)C(=O)O)NC(=O)c1ccncc1,0,0.012247,0.053237,0.015395
C[C@@H]1CN(C[C@H](C)O1)S(=O)(=O)N1CCN(CC1)C(=O)c1[nH]nc2ccccc12,0,0.001196,0.145681,0.140333
C[C@H]1CN([C@H](C)CO)C(=O)c2c(c3ccccc3n2C)-c2ccccc2CO[C@H]1CN(C)Cc1cccc(c1)O,0,0.039200,0.058722,0.026839
COC[C@H]1CN(N1)C(=O)c1ccccn1,0,0.009611,0.031578,0.010113
COCC(=O)N1C[C@@H](C)[C@H](CN(C)C(=O)c2ccc(cc2OC[C@H]1C)NC(=O)c1cc(on1)C)OC,0,0.004534,0.024071,0.006203
C[C@@H]1CN([C@@H](C)CO)C(=O)c2cccc(c2O[C@H]1CN(C)S(=O)(=O)c1cn(cn1)C)NC(=O)C1CCCCC1,0,0.027199,0.022979,0.004918
C[C@@H]1CCCCO[C@@H](CN(C)C(=O)Cc2ccccc2)[C@H](C)CN([C@@H](C)CO)C(=O)c2cc(ccc2O1)NC(=O)Nc1cccc2ccccc12,0,0.007090,0.022397,0.005592
C[C@@H]1CCCCO[C@H](CN(C)C(=O)Nc2ccc(cc2)F)[C@H](C)CN([C@@H](C)CO)C(=O)c2cc(ccc2O1)NC(=O)Nc1ccc2c(c1)OCO2,0,0.042758,0.021925,0.005186
CCCC(=O)Nc1ccc(OCC(O)CNC(C)C)c(C(C)=O)c1.Cl,0,0.488807,0.148351,0.202829
CC1=C(C#N)C(=O)NC(=O)C1=NNc1ccc(cc1)S(=O)(=O)N,0,0.000000,0.058911,0.027415
C[C@H]1CN([C@H](C)CO)C(=O)c2cccc(c2O[C@@H]1CN(C)S(=O)(=O)c1cn(cn1)C)NS(=O)(=O)c1ccccc1,0,0.012346,0.030644,0.007224
c1ccc-2c(c1)-c1ccc3ccc4cccc5cc2c1c3c45,0,0.913594,0.188534,0.163054
C[C@@H]1CN([C@H](C)CO)C(=O)c2cccc(c2O[C@H]1CN(C)Cc1ccc(cc1)C(=O)O)NS(=O)(=O)c1cn(cn1)C,0,0.180127,0.026350,0.005296
OC(=O)c1cc2n(n1)CCC2,0,0.028655,0.081563,0.043884
COc1ccc2c3c([nH]c2c1)[C@H](CO)N(C[C@]13CCN(CC1)C(=O)CN(C)C)S(=O)(=O)C,0,0.092620,0.023858,0.011246
COc1ccc(cc1)S(=O)(=O)Nc1ccc2c(c1)C(=O)N(C[C@H](C)[C@H](CN(C)Cc1ccc(c(c1)Cl)Cl)OCCCC[C@@H](C)O2)[C@@H](C)CO,0,0.020029,0.023944,0.004640
C[C@H]1CN([C@H](C)CO)C(=O)Cc2cc(ccc2O[C@@H]1CN(C)CC1CCCCC1)NC(=O)Nc1cccc2ccccc12,0,0.131280,0.032974,0.013509
CCCCOc1cc(C(=O)NCCN(CC)CC)c2ccccc2n1.Cl,0,0.407031,0.330293,0.303229
COc1ccc(cc1)CN(C)C[C@@H]1Oc2c(cccc2C(=O)N(C[C@H]1C)[C@H](C)CO)NS(=O)(=O)C,0,0.013983,0.024539,0.007177
Clc1ccc2nc(cc(c2c1)-c1ccccc1)Cl,0,0.815521,0.461939,0.320379
C[C@@H]1CCCCO[C@H](CN(C)Cc2ccc(cc2)C(F)(F)F)[C@@H](C)CN([C@@H](C)CO)C(=O)c2cc(ccc2O1)NC(=O)CCCN(C)C,0,0.194963,0.022207,0.009803
C[C@H]1CCCCO[C@H](CN(C)S(=O)(=O)c2ccc(cc2)Cl)[C@H](C)CN([C@H](C)CO)C(=O)c2cc(ccc2O1)NC(=O)Nc1cccc2ccccc12,0,0.025009,0.024030,0.005870
COc1ccc(cc1)CNC(=O)C[C@H]1C[C@@H]2[C@@H](Oc3ccc(cc32)NS(=O)(=O)c2ccc(cc2)F)[C@H](CO)O1,0,0.013604,0.024587,0.010990
C[C@H]1CCCCO[C@H](CN(C)Cc2ccc(c(c2)Cl)Cl)[C@@H](C)CN([C@@H](C)CO)C(=O)c2cc(ccc2O1)NC(=O)CCC(F)(F)F,0,0.427155,0.066553,0.013181
C[C@@H]1CN([C@@H](C)CO)C(=O)c2cccc(c2O[C@H]1CN(C)Cc1ccc(cc1)C(=O)Nc1ccccc1N)NS(=O)(=O)c1cn(cn1)C,0,0.012048,0.025343,0.004528
C[C@H]1CCCCO[C@@H](CN(C)S(=O)(=O)c2ccc(cc2)F)[C@@H](C)CN([C@H](C)CO)C(=O)c2cc(ccc2O1)NC(=O)Nc1c(noc1C)C,0,0.026201,0.023962,0.006380
COc1ccc(cc1)NC(=O)N(C)C[C@H]1Oc2ccc(cc2C(=O)N(C[C@@H]1C)[C@H](C)CO)NC(=O)CCCCCC(=O)Nc1ccccc1N,0,0.016054,0.025099,0.004271
C[C@H]1CCCCO[C@H](CN(C)CC2CCCCC2)[C@H](C)CN([C@H](C)CO)C(=O)c2cc(ccc2O1)NC(=O)C1CCCCC1,0,0.080562,0.031001,0.012156
COc1ccc(cc1)NC(=O)Nc1ccc2c(c1)C(=O)N(C[C@@H](C)[C@@H](CN(C)S(=O)(=O)c1ccc(cc1)Cl)OCCCC[C@@H](C)O2)[C@@H](C)CO,0,0.020466,0.023416,0.004555
COc1ccc(cc1)S(=O)(=O)Nc1ccc2c(c1)CC(=O)N(C[C@@H](C)[C@@H](CN(C)S(=O)(=O)c1ccc(cc1)C)O2)[C@H](C)CO,0,0.002228,0.023335,0.004883
COCC#Cc1cnc2c(c1)C(=O)N(C[C@@H](C)[C@H](CN(C)C(=O)CCN1CCCCC1)O2)[C@H](C)CO,0,0.080559,0.023470,0.005323
C[C@H]1CN([C@@H](C)CO)C(=O)c2cc(ccc2O[C@@H]1CN(C)S(=O)(=O)c1ccccc1)NS(=O)(=O)c1cn(cn1)C,0,0.024148,0.024850,0.005812
COc1ccccc1C#Cc1ccc2c(c1)O[C@H](CN(C)Cc1cccnc1)[C@@H](C)CN([C@@H](C)CO)S2(=O)=O,0,0.065737,0.025581,0.005742
C[C@H]1CN([C@@H](C)CO)C(=O)c2cc(cnc2O[C@H]1CN(C)S(=O)(=O)C)C#Cc1cccnc1,0,0.021654,0.023148,0.005158
C[C@@H]1CCCCO[C@H](CN(C)S(=O)(=O)C)[C@H](C)CN([C@H](C)CO)C(=O)c2cc(ccc2O1)NS(=O)(=O)c1ccc(cc1)C,0,0.004531,0.023510,0.005740
C[C@@H]1CCCCO[C@@H](CN(C)S(=O)(=O)c2ccccc2)[C@@H](C)CN([C@@H](C)CO)C(=O)c2cc(ccc2O1)NS(=O)(=O)C,0,0.002704,0.023508,0.004716
CCCNC(=O)c1cc2c(c(n1)-c1cccc(c1)-c1cccc(c1)F)[C@H](CCO)N(C2)[S@@](=O)C(C)(C)C,1,0.049835,0.184665,0.128874
CC(=O)N[C@H]1SCCC1=O,0,0.034448,0.063013,0.015718
C[C@@H]1CCCCO[C@@H](CN(C)C(=O)Nc2ccc3c(c2)OCO3)[C@@H](C)CN([C@@H](C)CO)C(=O)c2cc(ccc2O1)NC(=O)Nc1ccc(cc1)F,0,0.039907,0.021550,0.005001
C[C@@H]1CN([C@@H](C)CO)C(=O)c2c(c3ccccc3n2C)-c2ccccc2CO[C@@H]1CN(C)Cc1ccc(cc1)C(=O)O,0,0.277824,0.679750,0.744347
C[C@@H]1CN([C@H](C)CO)C(=O)Cc2cc(ccc2O[C@H]1CN(C)Cc1ccc(cc1)Oc1ccccc1)NC(=O)CCC(F)(F)F,0,0.016714,0.042232,0.018434
C[C@@H]1CCCCO[C@@H](CN(C)C(=O)CCCN(C)C)[C@@H](C)CN([C@H](C)CO)C(=O)c2cc(ccc2O1)NC(=O)Nc1ccc(cc1)C(F)(F)F,0,0.492643,0.141410,0.082030
CC1=C(N2[C@H](SC1)[C@H](NC(=O)[C@H](N)C1=CCC=CC1)C2=O)C(=O)O,0,0.969530,0.910786,0.857205
OC(=O)C1CCNCC1,0,0.148291,0.035677,0.018233
C[C@H]1CN([C@@H](C)CO)C(=O)c2cc(cnc2O[C@@H]1CN(C)S(=O)(=O)c1ccccc1F)C#Cc1ccccc1,0,0.055283,0.046003,0.009301
COc1ccc(cc1)[Si](C)(C)[C@H]1[C@H](C)[C@]2(O[C@@H]1CCn1cc(nn1)[C@H](O)c1ccccc1)C(=O)N(CC=C)c1ccccc12,0,0.529017,0.105392,0.067775
C[C@H]1CN([C@H](C)CO)S(=O)(=O)c2ccc(cc2O[C@H]1CN(C)C(=O)c1cccnc1)C#CC1(O)CCCC1,0,0.011620,0.026461,0.004704
NNC(=O)CC#N,0,0.000246,0.044388,0.025924
CCC(=O)N1CCN=C1SC,0,0.011705,0.066700,0.021018
CCCc1ccc2c(c1)CNCCC2,0,0.190535,0.111148,0.073388
CC1(C)SC2C(NC(=O)COc3ccccc3)C(=O)N2C1C(=O)[O-].[K+],1,0.933312,0.941179,0.961107
COCC(=O)Nc1ccc2c(c1)[C@H]1C[C@@H](CC(=O)N3CCOCC3)O[C@H](CO)[C@H]1O2,0,0.019926,0.019852,0.009217
CN1C(=O)OC(C)(C)C1=O,0,0.143322,0.052677,0.030126
C[C@@H]1CN([C@H](C)CO)C(=O)CCCn2cc(nn2)CO[C@H]1CN(C)S(=O)(=O)c1cn(cn1)C,0,0.020867,0.026096,0.006193
COC[C@@H](C)NC(=O)C(=O)NC1CC1,0,0.016305,0.035078,0.011616
COc1ccc(cc1)NC(=O)N(C)C[C@H]1OCCCC[C@@H](C)Oc2ccc(cc2C(=O)N(C[C@H]1C)[C@H](C)CO)NC(=O)Nc1ccc(cc1)C(F)(F)F,0,0.440260,0.020494,0.009049
C[C@H]1CN([C@H](C)CO)C(=O)c2cccc(c2O[C@H]1CN(C)Cc1ccc(cc1)C(=O)Nc1ccccc1N)NC(=O)Nc1cccc2ccccc12,0,0.014557,0.023363,0.006550
COC(OC)[C@H](Cc1ccccc1)N(CC#C[C@@H](O[Si](c1ccccc1)(c1ccccc1)C(C)(C)C)c1ccccc1)[C@@H]([C@H](Cc1ccccc1)OC(=O)C)c1ccc(cc1)OC,0,0.322759,0.170352,0.056584
COC(=O)[C@H](Cc1ccccc1)N1CC2=C[C@@H](C3CC3)N3N([C@H]2[C@@H]1[C@@H](O)CCn1cc(nn1)CCC(=O)NO)C(=O)N(C)C3=O,0,0.990437,0.475230,0.261428
C[C@H]1CN([C@@H](C)CO)C(=O)c2cc(ccc2O[C@@H]1CN(C)S(=O)(=O)c1ccccc1)NC(=O)C1CC1,0,0.005891,0.023937,0.004874
C[C@@H]1CCCCO[C@H](CN(C)Cc2ccc(cc2)C(=O)O)[C@@H](C)CN([C@H](C)CO)C(=O)c2cc(ccc2O1)NS(=O)(=O)c1cccs1,0,0.025961,0.027596,0.004668
COc1ccc2c3c(n(c2c1)C)[C@H](CO)N(C[C@]13CN(C1)S(=O)(=O)c1ccccc1)C(=O)c1cccnc1,0,0.002701,0.025725,0.008427
C[C@H]1CN([C@@H](C)CO)C(=O)c2cccc(c2O[C@@H]1CN(C)CC1CCCCC1)NC(=O)Nc1ccc(cc1)C(F)(F)F,0,0.852784,0.901298,0.916683
C[C@H]1CN([C@@H](C)CO)C(=O)c2cccc(c2O[C@H]1CN(C)S(=O)(=O)c1c(noc1C)C)NC(=O)C1CCOCC1,0,0.018106,0.023138,0.004497
C[C@H]1CN([C@H](C)CO)C(=O)c2cc(ccc2O[C@@H]1CN(C)S(=O)(=O)C)NS(=O)(=O)c1ccc(cc1)F,0,0.014832,0.026416,0.011054
Fc1ccccc1C(=O)N1CCNCC1,0,0.060251,0.052095,0.018590
CC(C)NC(=O)N(C)C[C@H]1OCCCC[C@H](C)Oc2ccc(cc2C(=O)N(C[C@H]1C)[C@@H](C)CO)NC(=O)C1CCCCC1,0,0.011667,0.026813,0.009835
CCC(=O)Nc1ccc(cc1)Cl,0,0.223002,0.120913,0.055792
Cn1cnc(c1)S(=O)(=O)N1C[C@@H](O)COC[C@H]2O[C@@H](CC[C@@H]21)CC(=O)NC1Cc2ccccc2C1,0,0.174115,0.025199,0.008939
CC(C)(C)OC(=O)C[C@@H](CC=C)C(=O)OCCNC(=O)[C@@H](CC=C)CC(=O)N[C@@H](CO)Cc1ccccc1,0,0.005101,0.023638,0.021489
C[C@H]1CCCCO[C@H](CN(C)C(=O)CCC(F)(F)F)[C@@H](C)CN([C@H](C)CO)C(=O)c2cc(ccc2O1)NS(=O)(=O)c1ccc(cc1)F,0,0.020925,0.025815,0.008621
C[C@H]1CN([C@@H](C)CO)C(=O)c2ccccc2-c2ccccc2CO[C@H]1CN(C)S(=O)(=O)c1ccc(cc1)C(F)(F)F,0,0.123426,0.055509,0.027050
C[C@H]1CCCCO[C@H](CN(C)S(=O)(=O)c2c(noc2C)C)[C@H](C)CN([C@H](C)CO)C(=O)c2cc(ccc2O1)NC(=O)Nc1ccccc1,0,0.010594,0.023315,0.004344
COc1ccc(cc1)S(=O)(=O)Nc1ccc2c(c1)C(=O)N(C[C@H](C)[C@@H](CN(C)C(=O)NC(C)C)O2)[C@H](C)CO,0,0.019117,0.025364,0.006520
COc1ccc(cc1)CN(C)C[C@H]1OCCCC[C@H](C)Oc2ccc(cc2C(=O)N(C[C@@H]1C)[C@H](C)CO)NC(=O)Nc1ccc2c(c1)OCO2,0,0.013966,0.024562,0.004457
C[C@H]1CN([C@H](C)CO)C(=O)CCCn2nncc2CO[C@@H]1CN(C)C(=O)Nc1ccccc1C(F)(F)F,0,0.851090,0.640209,0.564763
COc1ccc(cc1)NC(=O)N(C)C[C@@H]1OCCCC[C@H](C)Oc2ccc(cc2C(=O)N(C[C@@H]1C)[C@H](C)CO)NC(=O)c1ccccc1,0,0.004005,0.022220,0.004218
N[C@]1(C[C@H](C1)C(=O)O)C(=O)O,0,0.415501,0.056695,0.042506
CCS(=O)(=O)N1C[C@]2(CCN(CC2)C(=O)Nc2c(noc2C)C)c2c(n(c3cc(ccc23)OC)C)[C@H]1CO,0,0.020493,0.026458,0.010295
CCCC#Cc1ccc2c(c1)O[C@H](CN(C)C(=O)c1cnccn1)[C@H](C)CN([C@H](C)CO)S2(=O)=O,0,0.208031,0.022959,0.006425
N=C(N)NS(=O)(=O)c1ccc(N)cc1,0,0.032707,0.039813,0.009050
C[C@@H]1CCCCO[C@@H](CN(C)Cc2ccc(cc2)C(=O)O)[C@H](C)CN([C@H](C)CO)C(=O)c2cc(ccc2O1)NS(=O)(=O)c1ccc(cc1)F,0,0.045223,0.027240,0.005276
C[C@@H]1CN([C@@H](C)CO)C(=O)c2cc(ccc2O[C@H]1CN(C)S(=O)(=O)c1ccc(cc1)F)NC(=O)C1CC1,0,0.032286,0.024689,0.006418
NC[C@H]1CN(C(=O)C1)c1ccccc1,0,0.170700,0.036761,0.014035
C[C@@H]1CCCCO[C@H](CN(C)Cc2ccc(cc2)C(F)(F)F)[C@H](C)CN([C@@H](C)CO)C(=O)c2cc(ccc2O1)NC(=O)Nc1ccccc1,0,0.177725,0.027672,0.009794
C[C@H]1CN([C@H](C)CO)C(=O)c2cc(ccc2O[C@H]1CN(C)CC1CCCCC1)NC(=O)Nc1ccccc1,0,0.088818,0.039886,0.028103
CO[C@H]1CN(C)C(=O)c2ccc(cc2OC[C@H](C)N(C[C@H]1C)Cc1cccnc1)NC(=O)C1CCOCC1,0,0.004762,0.036114,0.008006
C[C@H]1CN([C@@H](C)CO)C(=O)c2cccc(c2O[C@@H]1CN(C)Cc1ccc(cc1)C(=O)O)NC(=O)c1ccncc1,0,0.052156,0.045007,0.019559
C[C@H]1CN([C@H](C)CO)C(=O)Cc2cc(ccc2O[C@@H]1CN(C)Cc1ccc(cc1)C(=O)O)NS(=O)(=O)c1c(noc1C)C,0,0.012583,0.027008,0.007005
C[C@@H]1CN([C@H](C)CO)C(=O)Cc2cc(ccc2O[C@H]1CN(C)Cc1ccccc1)NC(=O)Nc1ccc(cc1)C(F)(F)F,0,0.154180,0.138885,0.090703
C[C@@H]1CCCCO[C@@H](CN(C)Cc2ccncc2)[C@@H](C)CN([C@@H](C)CO)C(=O)c2cc(ccc2O1)NC(=O)Nc1ccc2c(c1)OCO2,0,0.004783,0.022329,0.003887
C[C@H]1CCCCO[C@H](CN(C)S(=O)(=O)c2c(noc2C)C)[C@@H](C)CN([C@@H](C)CO)C(=O)c2cc(ccc2O1)NC(=O)Nc1ccc(cc1)C(F)(F)F,0,0.292387,0.039967,0.012877
C[C@@H]1CN([C@@H](C)CO)S(=O)(=O)c2ccc(cc2O[C@H]1CN(C)C(=O)C1CCOCC1)C1=CCCCC1,0,0.006565,0.026894,0.007678
COCC(=O)Nc1ccc2c(c1)C(=O)N(C)C[C@H](OC)[C@@H](C)CN([C@H](C)CO2)C(=O)Cc1cccnc1,0,0.002404,0.022439,0.005373
COc1ccc(cc1)NC(=O)Nc1ccc2c(c1)C(=O)N(C[C@H](C)[C@@H](CN(C)CC1CC1)OCCCC[C@@H](C)O2)[C@H](C)CO,0,0.096217,0.029338,0.009898
C[C@@H]1CN([C@@H](C)CO)C(=O)c2cccc(c2O[C@H]1CN(C)S(=O)(=O)C)N(C)C,0,0.012589,0.026261,0.011218
CC1(O)CCC(C(C)(C)O)CC1.O,0,0.003776,0.089612,0.067937
Cc1nc(c([nH]1)N1CCNCC1)[N+](=O)[O-],0,0.999270,0.065144,0.033454
C[C@@H]1CN([C@H](C)CO)S(=O)(=O)c2ccc(cc2O[C@H]1CN(C)S(=O)(=O)c1ccc(cc1)C)C#Cc1ccccc1,0,0.060953,0.037491,0.009869
C[C@H]1CCCCO[C@H](CN(C)S(=O)(=O)c2ccc(cc2)Cl)[C@H](C)CN([C@@H](C)CO)C(=O)c2cc(ccc2O1)NC(=O)Nc1c(noc1C)C,0,0.037224,0.023242,0.004704
O[C@@H](/C=N/NC(=O)c1ccccn1)[C@@H](O)[C@@H](O)[C@H](O)C(=O)O,0,0.005964,0.063096,0.044847
Cc1cccc(c1)S(=O)(=O)N1C[C@H](O)COC[C@H]2O[C@@H](CC[C@@H]21)CC(=O)NCc1ccc2c(c1)OCO2,0,0.080966,0.025286,0.008359
C[C@H]1CCCCO[C@H](CN(C)C(=O)Nc2ccc3c(c2)OCO3)[C@@H](C)CN([C@H](C)CO)C(=O)c2cc(ccc2O1)NC(=O)c1ccccc1,0,0.002491,0.023499,0.004723
C[C@H]1CN([C@@H](C)CO)C(=O)Cc2cc(ccc2O[C@H]1CN(C)C(=O)NC1CCCCC1)NC(=O)Cn1cnnn1,0,0.017388,0.028189,0.008598
C[C@@H]1CCCCO[C@H](CN(C)C(=O)CCCN(C)C)[C@@H](C)CN([C@H](C)CO)C(=O)c2cc(ccc2O1)NC(=O)Nc1cccc2ccccc12,0,0.047285,0.021901,0.003984
Cc1cccn2c(cnc12)CN,0,0.114080,0.048819,0.019260
NC(=O)c1ccc[n+](c1)[C@@H]1O[C@H](COP(=O)(O)OP(=O)(O)OC[C@H]2O[C@H]([C@H](O)[C@@H]2O)n2cnc3c(ncnc23)N)[C@@H](O)[C@H]1O,0,0.000000,0.433692,0.241805
COc1ccc(cc1)NC(=O)N(C)C[C@H]1OCCCC[C@H](C)Oc2ccc(cc2C(=O)N(C[C@@H]1C)[C@H](C)CO)NS(=O)(=O)c1ccc(cc1)OC,0,0.003431,0.024335,0.004343
C[C@@H]1CCCCO[C@H](CN(C)Cc2ccc(cc2)C(=O)O)[C@H](C)CN([C@H](C)CO)C(=O)c2cc(ccc2O1)NC(=O)Nc1ccc(cc1)F,0,0.309299,0.031783,0.008989
C[C@@H]1CN([C@@H](C)CO)C(=O)Cc2cc(ccc2O[C@H]1CN(C)S(=O)(=O)c1ccc(cc1)C)N(C)C,0,0.010900,0.035244,0.011607
C[C@@H]1CN([C@@H](C)CO)C(=O)c2cccc(c2O[C@@H]1CN(C)C(=O)Nc1ccc2c(c1)OCO2)NC(=O)C1CC1,0,0.010322,0.022381,0.005754
OC[C@@H]1O[C@H](C[C@H]2[C@@H]1Oc1ccc(cc12)NS(=O)(=O)c1ccc(cc1)F)CC(=O)NCc1ccccn1,0,0.003835,0.024375,0.010806
C[C@H]1CCCCO[C@H](CN(C)Cc2ccc3c(c2)OCO3)[C@@H](C)CN([C@@H](C)CO)C(=O)c2cc(ccc2O1)NC(=O)Cc1ccccc1,0,0.004800,0.022541,0.005729
C[C@H]1CN([C@@H](C)CO)C(=O)c2cccc(c2O[C@@H]1CN(C)S(=O)(=O)c1cn(cn1)C)NC(=O)c1cnccn1,0,0.068477,0.022971,0.005255
C[C@H]1CN([C@@H](C)CO)C(=O)Cc2cc(ccc2O[C@H]1CN(C)C(=O)Nc1ccc(cc1)F)NC(=O)Cn1cnnn1,0,0.109690,0.028069,0.012993
C[C@H]1CCCCO[C@@H](CN(C)S(=O)(=O)C)[C@@H](C)CN([C@H](C)CO)C(=O)c2cc(ccc2O1)NS(=O)(=O)C,0,0.006104,0.030755,0.005480
C[C@@H]1CCCCO[C@@H](CN(C)C(=O)Nc2ccccc2)[C@@H](C)CN([C@@H](C)CO)C(=O)c2cc(ccc2O1)NC(=O)Cc1ccccc1,0,0.004292,0.021867,0.004640
C[C@H]1CCCCO[C@H](CN(C)S(=O)(=O)c2ccccc2)[C@@H](C)CN([C@H](C)CO)C(=O)c2cc(ccc2O1)NS(=O)(=O)C,0,0.002704,0.023508,0.004716
Cc1nc(-c2ccc(OCC(C)C)c(C#N)c2)sc1C(=O)O,0,0.161905,0.293465,0.365216
OC[C@@H]1O[C@H](C[C@@H]2[C@H]1Oc1ccc(cc12)NS(=O)(=O)c1ccc(cc1)F)CC(=O)N1CCCCC1,0,0.015275,0.027034,0.009667
C[C@@H]1CN([C@H](C)CO)C(=O)c2cc(cnc2O[C@@H]1CN(C)C(=O)CN1CCOCC1)-c1cncnc1,0,0.002865,0.024093,0.005057
COc1ccc(cc1)S(=O)(=O)N(C)C[C@@H]1Oc2cc(ccc2S(=O)(=O)N(C[C@@H]1C)[C@H](C)CO)C1=CCCC1,0,0.007647,0.024657,0.005282
C[C@H]1CN([C@H](C)CO)C(=O)CCCn2cc(nn2)CO[C@@H]1CN(C)S(=O)(=O)c1c(noc1C)C,0,0.014652,0.024627,0.007240
OC[C@@H](O)[C@@H](O)[C@H](O)[C@H](O)/C=N/NC(=O)CCCCCC(=O)NO,0,0.001658,0.052681,0.030658
C[C@@H]1CCCCO[C@@H](CN(C)C(=O)NC2CCCCC2)[C@@H](C)CN([C@H](C)CO)C(=O)c2cc(ccc2O1)NS(=O)(=O)c1ccc(cc1)C,0,0.006145,0.023350,0.004605
Cc1cc(nc(n1)[C@H]1CCN(C1)C(=O)CN)Nc1cc(on1)C,0,0.210899,0.077287,0.054626
CC(Cc1ccc(O)c(O)c1)(NN)C(=O)O,0,0.894432,0.048257,0.037743
C[C@@H]1CN([C@@H](C)CO)C(=O)c2cccc(c2O[C@@H]1CN(C)Cc1ccc2c(c1)OCO2)NC(=O)c1cnccn1,0,0.020410,0.024116,0.007611
COCCOC(=O)N1C(=O)[C@@]2([C@H]([C@H]3N([C@@H]([C@@H](OC3=O)c3ccccc3)c3ccccc3)[C@H]2c2ccc(cc2)O)C(=O)N2CCCCCCC2)c2cc(ccc21)C#Cc1ccc(cc1)OC,0,0.589352,0.222355,0.066690
C[C@H]1CN([C@H](C)CO)C(=O)c2cc(ccc2O[C@H]1CN(C)C(=O)Nc1ccc(cc1)C(F)(F)F)NC(=O)C1CCCCC1,0,0.552618,0.714239,0.607792
C[C@]12C[C@H](O)[C@H]3[C@@H](CCC4=CC(=O)C=C[C@]34C)[C@@H]1CC[C@]2(O)C(=O)COC(=O)c1ccc(cc1)CO[N+](=O)[O-],0,0.710691,0.457745,0.354627
Nc1nnc(o1)-c1ccno1,0,0.080366,0.095398,0.065020
COc1ccccc1CN(C)C[C@H]1OCc2ccccc2-c2c(n(c3ccccc23)C)C(=O)N(C[C@@H]1C)[C@@H](C)CO,0,0.069659,0.036722,0.021636
COc1ccc(cc1)S(=O)(=O)Nc1ccc2c(c1)C(=O)N(C[C@H](C)[C@H](CN(C)C(=O)Nc1ccccc1)OCCCC[C@@H](C)O2)[C@@H](C)CO,0,0.004242,0.023504,0.003808
C[C@@H]1CN([C@H](C)CO)C(=O)Cc2cc(ccc2O[C@H]1CN(C)S(=O)(=O)c1ccccc1)NS(=O)(=O)c1cn(cn1)C,0,0.005915,0.023536,0.004680
C[C@H]1CN([C@@H](C)CO)C(=O)c2cccc(c2O[C@H]1CN(C)C(=O)Nc1ccc(cc1)C(F)(F)F)NC(=O)c1ccc(cc1)-c1nccs1,0,0.626477,0.142446,0.070291
Cn1cncc1C#N,0,0.002921,0.079911,0.023233
CCN(Cc1cccc(c1)Br)c1c(nc2ccc(cn12)C(=O)NCCN1CCNC1=O)CC,0,0.594434,0.388591,0.192930
C[C@H]1CCCCO[C@H](CN(C)C(=O)C2CCCCC2)[C@H](C)CN([C@H](C)CO)C(=O)c2cc(ccc2O1)NC(=O)c1ccccc1,0,0.002132,0.022503,0.005196
CNS(=O)(=O)c1cc(ccc1OC)OC,0,0.098603,0.044719,0.022957
CN1C(=O)C=C(N(C)C1=O)C(=O)N1CCCO[C@H](C1)Cn1cccn1,0,0.032358,0.053097,0.029737
C[C@@H]1CN([C@@H](C)CO)S(=O)(=O)c2ccc(cc2O[C@H]1CN(C)C(=O)C1CCCCC1)Br,0,0.135459,0.043835,0.013343
C[C@H]1CN([C@H](C)CO)C(=O)Cc2cc(ccc2O[C@@H]1CN(C)C(=O)Nc1ccccc1)NC(=O)Nc1ccc(cc1)C(F)(F)F,0,0.262871,0.073464,0.054925
COc1ccc(cc1)NC(=O)Nc1cccc2c1O[C@H](CN(C)CC1CCCCC1)[C@@H](C)CN([C@H](C)CO)C2=O,0,0.080644,0.032300,0.011784
COc1ccc(cc1)S(=O)(=O)N(C)C[C@H]1OCCCC[C@H](C)Oc2ccc(cc2C(=O)N(C[C@@H]1C)[C@H](C)CO)NS(=O)(=O)c1cn(cn1)C,0,0.017853,0.026319,0.005687
OC(=O)c1ccncc1,0,0.183676,0.074637,0.037590
CC(C)[C@@H]1NC(=O)[C@@H](NC(=O)C2=C(N)C(=O)C(=C3Oc4c(ccc(c4N=C32)C(=O)N[C@H]2[C@@H](C)OC(=O)[C@H](C(C)C)N(C)C(=O)CN(C)C(=O)[C@@H]3CCCN3C(=O)[C@@H](NC2=O)C(C)C)C)C)[C@@H](C)OC(=O)[C@H](C(C)C)N(C)C(=O)CN(C)C(=O)[C@@H]2CCCN2C1=O,1,0.993983,0.874087,0.873876
C[C@@H](C[N+](C)(C)C)OC(=O)C,0,0.004077,0.039130,0.011084
C[C@@H]1CCCCO[C@@H](CN(C)C(=O)Nc2ccc(cc2)F)[C@@H](C)CN([C@H](C)CO)C(=O)c2cc(ccc2O1)NC(=O)NC1CCCCC1,0,0.094014,0.023880,0.006795
C[C@@H]1CN([C@H](C)CO)C(=O)Cc2cc(ccc2O[C@@H]1CN(C)S(=O)(=O)c1c(noc1C)C)NC(=O)C1CC1,0,0.004301,0.023767,0.005735
C[C@H]1CCCCO[C@@H](CN(C)C(=O)Nc2cccc3ccccc23)[C@@H](C)CN([C@H](C)CO)C(=O)c2cc(ccc2O1)NC(=O)Nc1ccc(cc1)F,0,0.076172,0.022668,0.006147
COC(=O)C[C@H]1CC[C@H]2[C@@H](COC[C@@H](O)CN2S(=O)(=O)c2ccc(cc2)F)O1,0,0.248162,0.047911,0.012542
COc1ccc(cc1)C#Cc1ccc2c(c1)O[C@@H](CN(C)C(=O)C)[C@@H](C)CN([C@@H](C)CO)S2(=O)=O,0,0.053002,0.023182,0.009181
COc1cccc(c1)NC(=O)N[C@@H]1C=C[C@@H](CC(=O)N2CCN(C)CC2)O[C@@H]1CO,0,0.068827,0.053709,0.018678
CCOC(=O)[C@H](Cc1ccccc1)NC(=O)Cn1cc(nn1)C(=O)NO,0,0.174664,0.055192,0.084400
COC(=O)C[C@@H]1CC[C@H]2[C@@H](COC[C@H](O)CN2S(=O)(=O)c2cn(cn2)C)O1,0,0.126021,0.081354,0.009465
COc1ccc(cc1)S(=O)(=O)N(C)C[C@@H]1Oc2ccc(cc2CC(=O)N(C[C@@H]1C)[C@H](C)CO)NS(=O)(=O)C,0,0.004832,0.026114,0.007381
C[C@H]1CN([C@@H](C)CO)C(=O)Cc2cc(ccc2O[C@@H]1CN(C)CC1CC1)NC(=O)Cn1cnnn1,0,0.079310,0.023638,0.008570
CC12CCC(=O)C=C1CCC1C2C(O)CC2(C)C1CCC2(O)C(=O)CO,0,0.568729,0.434930,0.341327
C[N+](C)(C)CCCCCC[N+](C)(C)C.[Br-].[Br-],0,0.279741,0.147396,0.041358
CN1N=C(C(=O)O)c2ccccc2C1=O,0,0.284091,0.077895,0.076134
COC1CNC1,0,0.003135,0.050380,0.012136
COc1cccc2c1C(=O)c1c(O)c3c(c(O)c1C2=O)CC(O)(C(=O)CO)CC3OC1CC(N)C(O)C(C)O1.Cl,0,0.998798,0.927556,0.881513
CC(C)NC(=O)Nc1ccc2c(c1)CC(=O)N(C[C@@H](C)[C@@H](CN(C)S(=O)(=O)c1ccc(cc1)C)O2)[C@@H](C)CO,0,0.008404,0.025393,0.006106
C[C@@H]1CN([C@H](C)CO)C(=O)c2cccc(c2O[C@@H]1CN(C)S(=O)(=O)c1cn(cn1)C)NC(=O)C1CCCCC1,0,0.027199,0.022979,0.004918
C[C@H]1CCCCO[C@@H](CN(C)Cc2ccc(c(c2)Cl)Cl)[C@H](C)CN([C@@H](C)CO)C(=O)c2cc(ccc2O1)NC(=O)Nc1ccc(cc1)F,0,0.307495,0.025946,0.010441
COCc1cn(nn1)CC[C@@H]1CC[C@H](NC(=O)CCN2CCCCC2)[C@@H](CO)O1,0,0.429770,0.025589,0.010390
C[C@H]1CCCCO[C@H](CN(C)C(=O)NC2CCCCC2)[C@H](C)CN([C@@H](C)CO)C(=O)c2cc(ccc2O1)NS(=O)(=O)c1cccs1,0,0.003996,0.023170,0.004207
COCCNC(=O)C[C@H]1C[C@H]2[C@H](Oc3ccc(cc32)NC(=O)CN(C)C)[C@H](CO)O1,0,0.176025,0.023329,0.008900
OC(=O)c1ccc(nc1)C(=O)O,0,0.696735,0.075241,0.107269
C[C@H]1CCCCO[C@H](CN(C)S(=O)(=O)c2cccs2)[C@@H](C)CN([C@@H](C)CO)C(=O)c2cc(ccc2O1)NC(=O)Nc1ccccc1,0,0.002800,0.023300,0.004207
COc1ccc(cc1)NC(=O)Nc1ccc2c(c1)C(=O)N(C[C@H](C)[C@@H](CN(C)S(=O)(=O)c1ccc(cc1)C)OCCCC[C@H](C)O2)[C@H](C)CO,0,0.006919,0.023473,0.004307
COc1ccc(cc1)S(=O)(=O)Nc1ccc2c(c1)C(=O)N(C[C@H](C)[C@H](CN(C)C(=O)c1ccccc1)OCCCC[C@H](C)O2)[C@@H](C)CO,0,0.000615,0.023318,0.003708
C[C@@H]1CCCCO[C@@H](CN(C)C(=O)Nc2cccc3ccccc23)[C@@H](C)CN([C@H](C)CO)C(=O)c2cc(ccc2O1)NS(=O)(=O)c1c(noc1C)C,0,0.007232,0.024768,0.004349
COC(=O)c1c(C)cc(OC(=O)c2c(C)cc(O)c(C=O)c2O)c(C)c1O,0,0.998029,0.603617,0.627434
COC(=O)c1c2oc(c1C(=O)OC)C(=O)N[C@H](Cc1ccccc1)Cn1cc(nn1)[C@H](Cc1ccccc1)NC(=O)N[C@@H](CC2)COC(=O)NCCCCCC(=O)NO,0,0.000015,0.084998,0.044805
C[C@H]1CN([C@H](C)CO)C(=O)c2cc(ccc2O[C@@H]1CN(C)C(=O)Nc1ccc2c(c1)OCO2)NS(=O)(=O)c1cn(cn1)C,0,0.021195,0.023589,0.004209
C[C@@H]1CN([C@@H](C)CO)C(=O)c2cc(cnc2O[C@@H]1CN(C)C(=O)Nc1ccc2c(c1)OCO2)-c1cccnc1,0,0.002223,0.021363,0.003884
COc1cccc(c1)CNC(=O)c1cc2c(c(n1)-c1cccc(c1)-c1ccncc1)[C@@H](CCO)N(C2)[S@@](=O)C(C)(C)C,0,0.013254,0.107030,0.058477
COc1ccc(cc1)[C@H]1CC(=O)N2CCNC[C@@H]12,0,0.030005,0.039345,0.024071
CO[C@@H]1CN(C)C(=O)c2cc(ccc2OC[C@H](C)N(C[C@@H]1C)Cc1ccc(cc1)-c1ccccn1)NC(=O)NC(C)C,0,0.012969,0.030917,0.019012
CC(C)N1C[C@@H](CN(C)CCc2ccc(c(c2)Cl)Cl)Oc2c(cccc2C1=O)NC(=O)c1ccncc1,0,0.070998,0.418694,0.244183
C[C@H]1CN([C@@H](C)CO)C(=O)c2cccc(c2O[C@@H]1CN(C)Cc1ccc2c(c1)OCO2)NC(=O)C1CCOCC1,0,0.011230,0.023420,0.006276
COc1cc(OC)c2c(=O)cc(-c3ccccc3)oc2c1,0,0.068117,0.330306,0.379301
C[C@H]1CN([C@H](C)CO)C(=O)Cc2cc(ccc2O[C@@H]1CN(C)C(=O)Nc1ccc(cc1)F)NS(=O)(=O)c1cn(cn1)C,0,0.059760,0.023738,0.005375
COCC#Cc1ccc2c(c1)O[C@H](CN(C)S(=O)(=O)c1ccc(cc1)C)[C@H](C)CN([C@@H](C)CO)S2(=O)=O,0,0.135451,0.026785,0.006023
C[C@H]1CCCCO[C@H](CN(C)S(=O)(=O)c2ccccc2)[C@@H](C)CN([C@H](C)CO)C(=O)c2cc(ccc2O1)NC(=O)c1ccccc1,0,0.000499,0.023490,0.004358
C[C@H]1CN([C@H](C)CO)C(=O)CCCn2cc(nn2)CO[C@@H]1CN(C)C(=O)Nc1ccc2c(c1)OCO2,0,0.048912,0.023237,0.005216
COCC#Cc1ccc2c(c1)O[C@H](CN(C)C(=O)c1ccccc1F)[C@@H](C)CN([C@@H](C)CO)S2(=O)=O,0,0.214612,0.028926,0.007668
NS(=O)(=O)c1ncn(n1)Cc1ccccc1,0,0.000000,0.051332,0.019215
COC(=O)c1cc(OC)c(OC)c(OC)c1,0,0.539351,0.150438,0.071213
C[C@@H]1CN([C@H](C)CO)C(=O)c2cc(cnc2O[C@H]1CN(C)S(=O)(=O)c1ccccc1F)C#Cc1ccncc1,0,0.035665,0.022937,0.005120
COc1ccc(cc1)CN1C[C@]2(CN(C2)S(=O)(=O)c2cn(cn2)C)c2c([nH]c3cc(ccc23)OC)[C@H]1CO,0,0.016718,0.033723,0.015671
COc1ccccc1-c1cnc2c(c1)C(=O)N(C[C@@H](C)[C@H](CN(C)C(=O)c1cccnc1)O2)[C@H](C)CO,0,0.002516,0.023013,0.004282
OCc1ccc[n+](c1)[O-],0,0.014378,0.169277,0.034374
CC#CC1(O)CCC2C3CCC4=CC(=O)CCC4=C3C(c3ccc(N(C)C)cc3)CC21C,0,0.882291,0.099937,0.164659
COc1ccc2c3c(n(c2c1)C)[C@H](CO)N(C[C@]13CCN(CC1)C(=O)CN1CCOCC1)C(=O)Nc1ccc(cc1)F,0,0.142317,0.188033,0.101747
NCC[C@@H]1CC[C@@H](NC(=O)NC2CCCCC2)[C@@H](CO)O1,0,0.238123,0.034246,0.012507
COc1ccc(cc1)NC(=O)N(C)C[C@H]1OCCCC[C@@H](C)Oc2ccc(cc2C(=O)N(C[C@H]1C)[C@@H](C)CO)NC(=O)Nc1ccccc1,0,0.015759,0.021913,0.004311
C[C@@H]1CCCCO[C@@H](CN(C)C(=O)c2ccncc2)[C@H](C)CN([C@@H](C)CO)C(=O)c2cc(ccc2O1)NS(=O)(=O)c1cn(cn1)C,0,0.003662,0.023319,0.004294
NS(=O)(=O)c1ccc(cc1)NC(=O)CN1CCN(CC1)C(=O)c1ccccc1,0,0.000000,0.035019,0.016971
COCC#Cc1ccc2c(c1)O[C@H](CN(C)C(=O)c1ccccc1)[C@H](C)CN([C@H](C)CO)S2(=O)=O,0,0.035880,0.027816,0.006977
CCS(=O)(=O)Nc1ccc2c(c1)C(=O)N(C)[C@H]1CC[C@H](CC(=O)NCCCN3CCOCC3)O[C@@H]1CO2,0,0.004922,0.025272,0.008655
C[C@H]1CN([C@@H](C)CO)C(=O)c2cc(ccc2O[C@@H]1CN(C)S(=O)(=O)c1ccc(cc1)C)NC(=O)Nc1ccc(cc1)C(F)(F)F,0,0.478611,0.040868,0.022036
C[C@H]1CCCCO[C@@H](CN(C)CC2CC2)[C@H](C)CN([C@@H](C)CO)C(=O)c2cc(ccc2O1)NC(=O)Nc1cccc2ccccc12,0,0.135603,0.036681,0.013159
COc1ccc(cc1)S(=O)(=O)Nc1ccc2c(c1)C(=O)N(C[C@@H](C)[C@@H](CN(C)S(=O)(=O)c1ccc(cc1)Cl)OCCCC[C@H](C)O2)[C@@H](C)CO,0,0.013925,0.023686,0.005553
C[C@H]1CN([C@H](C)CO)C(=O)Cc2cc(ccc2O[C@H]1CN(C)S(=O)(=O)c1c(noc1C)C)NC(=O)Cc1ccccc1,0,0.001884,0.024325,0.005003
CCS(=O)(=O)N1CC[C@]2(CC1)CN([C@@H](CO)c1[nH]c3cc(ccc3c12)OC)C(=O)Cc1ccccn1,0,0.001984,0.025137,0.010104
C[C@H]1CCCCO[C@@H](CN(C)S(=O)(=O)c2ccc(cc2)Cl)[C@H](C)CN([C@H](C)CO)C(=O)c2cc(ccc2O1)NC(=O)c1ccccc1,0,0.003709,0.023245,0.004171
CNC(=O)c1c(c(c(c(c1I)C(=O)NCC(=O)Nc1c(c(c(c(c1I)C(=O)NCCO)I)C(=O)O)I)I)N(C)C(=O)C)I,0,0.994539,0.686925,0.212110
C[C@H]1CN([C@@H](C)CO)C(=O)c2cccc(c2O[C@@H]1CN(C)C(=O)Nc1cccc2ccccc12)NS(=O)(=O)c1ccc(cc1)Cl,0,0.044005,0.040504,0.013302
C[C@@H]1CN([C@@H](C)CO)C(=O)c2cccc(c2O[C@@H]1CN(C)Cc1ccc(cc1)C(=O)O)NS(=O)(=O)C,0,0.077024,0.027072,0.007592
C[C@H]1O[C@@H](C[C@@H]1O)C[N+](C)(C)C,0,0.053525,0.056665,0.015591
C[C@H]1CCCCO[C@H](CN(C)C(=O)CCC(F)(F)F)[C@@H](C)CN([C@H](C)CO)C(=O)c2cc(ccc2O1)NC(=O)Cc1ccccc1,0,0.021110,0.018612,0.012296
CCCCCCCCCCCCCCCC(=O)OCC(O)C1OC(=O)C(O)=C1O,0,0.864206,0.371242,0.285834
COc1ccc(cc1)S(=O)(=O)Nc1ccc2c(c1)C(=O)N(C[C@H](C)[C@H](CN(C)S(=O)(=O)c1cccs1)O2)[C@@H](C)CO,0,0.005116,0.024369,0.006987
CNC(=O)Oc1ccc2c(c1)[C@]1(C)CCN(C)[C@@H]1N2C.CNC(=O)Oc1ccc2c(c1)[C@]1(C)CCN(C)[C@@H]1N2C.OS(=O)(=O)O,0,0.996612,0.239064,0.265727
Cn1cnc(c1)CCNC(=O)C[C@@H]1CC[C@H]2[C@@H](COC[C@@H](O)CN2C(=O)Nc2ccc(cc2)Cl)O1,0,0.895303,0.553655,0.453131
CN1C(=O)N(C)c2nc3n(c2C1=O)CC=NN3,0,0.176427,0.094173,0.072837
C[C@H]1CCCCO[C@@H](CN(C)S(=O)(=O)c2ccc(cc2)C)[C@@H](C)CN([C@H](C)CO)C(=O)c2cc(ccc2O1)NC(=O)CCC(F)(F)F,0,0.035747,0.024746,0.005354
Nc1nccs1,0,0.011516,0.090260,0.029046
CC(=O)OCCN1C(=O)NC(=O)c2nsnc21,0,0.156829,0.083335,0.073839
C[C@@H]1CN([C@@H](C)CO)C(=O)c2cc(ccc2O[C@@H]1CN(C)S(=O)(=O)c1c(noc1C)C)NS(=O)(=O)c1ccc(cc1)Cl,0,0.029340,0.027211,0.008038
C[C@@H]1CN([C@@H](C)CO)C(=O)c2cccc(c2O[C@@H]1CN(C)S(=O)(=O)c1cn(cn1)C)NC(=O)c1cnccn1,0,0.068477,0.022971,0.005255
CCCNC(=O)Nc1ccc2c(c1)C(=O)N(C)C[C@H](OC)[C@@H](C)CN([C@H](C)CO2)C(=O)C1CCOCC1,0,0.010122,0.026335,0.006581
C[C@H]1CN([C@@H](C)CO)C(=O)Cc2cc(ccc2O[C@@H]1CN(C)Cc1ccc(c(c1)Cl)Cl)NC(=O)C1CCCCC1,0,0.118615,0.029559,0.010790
COc1ccc(cc1)S(=O)(=O)Nc1ccc2c(c1)C(=O)N(C[C@H](C)[C@H](CN(C)S(=O)(=O)c1ccc(cc1)OC)O2)[C@@H](C)CO,0,0.014070,0.025323,0.006890
ONC(=O)CCCCCC(=O)N/N=C/[C@H](O)[C@@H](O)[C@@H](O)[C@H](O)C(=O)O,0,0.002145,0.038339,0.025409
CCNC(=O)C[C@H]1O[C@@H](CO)[C@@H](NC(=O)C2CCOCC2)C=C1,0,0.023673,0.024471,0.006679
C[C@H]1CN([C@@H](C)CO)C(=O)Cc2cc(ccc2O[C@@H]1CN(C)S(=O)(=O)c1ccccc1)NS(=O)(=O)c1c(noc1C)C,0,0.001827,0.023095,0.006042
COc1ccc(cc1)S(=O)(=O)N(C)C[C@H]1Oc2ccc(cc2C(=O)N(C[C@@H]1C)[C@@H](C)CO)NS(=O)(=O)C,0,0.020565,0.024931,0.007498
Cc1cc(c2nnc(n2n1)SCC(=O)O)C,0,0.612301,0.072127,0.043940
Cl.Clc1ccc(C(OCCN2CCCCC2)c2ccccc2)cc1,0,0.937563,0.812050,0.682060
COc1ccc(cc1)S(=O)(=O)Nc1ccc2c(c1)C(=O)N(C[C@@H](C)[C@H](CN(C)C(=O)NC1CCCCC1)OCCCC[C@H](C)O2)[C@@H](C)CO,0,0.003249,0.023502,0.004451
O[C@@H]1COC[C@H]2O[C@H](CC[C@@H]2N(C1)S(=O)(=O)c1ccc(cc1)Cl)CC(=O)NCC1CCCCC1,0,0.537292,0.728022,0.853629
O=C1c2ccccc2C(=O)c2c(O)c(O)cc(O)c21,0,0.956183,0.680785,0.520857
CN(C)CCCNC(=O)C[C@H]1O[C@H](CO)[C@@H](NC(=O)Cc2cccnc2)C=C1,0,0.040831,0.032236,0.012658
CC(C)NC(=O)N(C)C[C@H]1Oc2ccc(cc2C(=O)N(C[C@H]1C)[C@H](C)CO)NC(=O)NC1CCCCC1,0,0.013901,0.023202,0.007810
C[C@@H]1CN([C@@H](C)CO)C(=O)c2cc(ccc2O[C@H]1CN(C)C(=O)NC1CCCCC1)NC(=O)C1CC1,0,0.018332,0.021648,0.009317
C[C@@H]1CCCCO[C@@H](CN(C)Cc2ccncc2)[C@H](C)CN([C@H](C)CO)C(=O)c2cc(ccc2O1)NS(=O)(=O)C,0,0.003469,0.023342,0.004344
C[C@@H]1CN([C@H](C)CO)C(=O)Cc2cc(ccc2O[C@@H]1CN(C)Cc1ccc(cc1)Oc1ccccc1)NC(=O)Nc1ccccc1,0,0.006612,0.027865,0.010723
COc1ccc(cc1)NC(=O)N(C)C[C@@H]1Oc2ccc(cc2C(=O)N(C[C@@H]1C)[C@H](C)CO)NC(=O)CCCN(C)C,0,0.027126,0.024169,0.006790
C[C@@H]1CCCCO[C@H](CN(C)Cc2ccncc2)[C@H](C)CN([C@H](C)CO)C(=O)c2cc(ccc2O1)NC(=O)Nc1ccc2c(c1)OCO2,0,0.004783,0.022329,0.003887
CC1(C)[C@H]2C[C@@H](O[C@H]3O[C@@H](CO)[C@@H](O)[C@@H](O)[C@@H]3O)[C@@]1(C)C[C@@H]2O,0,0.520406,0.377594,0.296658
C[C@@H]1CN([C@@H](C)CO)C(=O)Cc2cc(ccc2O[C@@H]1CN(C)S(=O)(=O)c1c(noc1C)C)NC(=O)C1CCCCC1,0,0.004433,0.024777,0.005510
C[C@@H]1CN([C@H](C)CO)C(=O)Cc2cc(ccc2O[C@H]1CN(C)C(=O)Nc1ccc(cc1)C(F)(F)F)NC(=O)Nc1ccc(cc1)C(F)(F)F,0,0.919336,0.079352,0.058501
CC1=NN2C(=CSC2=NC1=O)N,0,0.040686,0.055994,0.034521
C[C@H]1CN([C@H](C)CO)C(=O)c2cccc(c2O[C@H]1CN(C)S(=O)(=O)c1cn(cn1)C)NC(=O)C1CCCCC1,0,0.027199,0.022979,0.004918
COCC(=O)Nc1ccc2c(c1)OC[C@H](C)N(C[C@H](C)[C@@H](CN(C)C2=O)OC)C(=O)c1ccccc1F,0,0.029488,0.029465,0.009564
C[C@@H]1CN([C@@H](C)CO)C(=O)c2c(c3ccccc3n2C)-c2ccccc2CO[C@H]1CN(C)CC1CCCCC1,0,0.352874,0.044786,0.016910
CN1CCN(CC1)c1nc2c(n1CC(=O)c1ccc(cc1)Cl)C(=O)NC(=O)N2C,0,0.996213,0.281385,0.142757
Cn1cnc(c1)S(=O)(=O)N[C@H]1C=C[C@@H](CC(=O)Nc2ccccc2)O[C@H]1CO,0,0.034079,0.024107,0.008427
CCCC[C@H](NC(=O)[C@H](CO)NC(=O)[C@H](Cc1ccc(cc1)O)NC(=O)[C@H](CO)NC(=O)C)C(=O)N[C@@H](CCC(=O)O)C(=O)N[C@@H](Cc1cnc[nH]1)C(=O)N[C@H](Cc1ccccc1)C(=O)N[C@@H](CCCNC(=N)N)C(=O)N[C@@H](Cc1c[nH]c2ccccc12)C(=O)NCC(=O)N[C@@H](CCCCN)C(=O)N1CCC[C@H]1C(=O)N[C@@H](C(C)C)C(=O)N,0,0.008286,0.785179,0.208829
C[C@H]1CN([C@H](C)CO)C(=O)c2cccc(c2O[C@@H]1CN(C)CC1CCCCC1)NC(=O)Cc1cn(c2ccccc12)C,0,0.066369,0.029059,0.007675
C[C@@H]1CN([C@@H](C)CO)C(=O)Cc2cc(ccc2O[C@@H]1CN(C)CC1CCCCC1)NC(=O)CCN1CCOCC1,0,0.012649,0.028190,0.008259
C[C@H]1CN([C@H](C)CO)C(=O)c2cccc(c2O[C@H]1CN(C)C(=O)Nc1ccccc1)NS(=O)(=O)c1c(noc1C)C,0,0.024079,0.025455,0.006875
CC(C)(C)[S@](=O)N1Cc2cc(nc(c2[C@@H]1CCO)-c1cccc(c1)-c1cccnc1)C(=O)NCc1ccccc1F,0,0.013479,0.080877,0.035196
O=C1C=NNC(=N1)NC1CCCC1,0,0.187030,0.041953,0.019981
NCC1CCN(CC1)S(=O)(=O)C1CC1,0,0.018082,0.039436,0.012169
C[C@@H]1CN([C@H](C)CO)C(=O)c2cc(ccc2O[C@@H]1CN(C)C(=O)Nc1ccccc1)NC(=O)CCCN(C)C,0,0.038486,0.025251,0.007971
COc1ccc2c3c([nH]c2c1)[C@@H](CO)N(C[C@]13CCN(CC1)C(=O)Nc1c(noc1C)C)C(=O)Nc1ccc(cc1)F,0,0.292259,0.203681,0.168009
C[C@@H]1CN([C@H](C)CO)C(=O)Cc2cc(ccc2O[C@H]1CN(C)C(=O)Nc1ccc2c(c1)OCO2)NC(=O)Nc1ccc(cc1)C(F)(F)F,0,0.126529,0.032976,0.020846
COc1ccc(cc1)CN(C)C[C@H]1OCCCC[C@H](C)Oc2ccc(cc2C(=O)N(C[C@H]1C)[C@H](C)CO)NC(=O)CCC(F)(F)F,0,0.083960,0.026488,0.010026
COc1cccc(c1)NC(=O)N(C)C[C@@H]1Oc2cc(ccc2S(=O)(=O)N(C[C@H]1C)[C@@H](C)CO)C#CC1(O)CCCC1,0,0.039686,0.025275,0.005233
C[C@@H]1CN([C@@H](C)CO)C(=O)Cc2cc(ccc2O[C@@H]1CN(C)S(=O)(=O)c1ccc(cc1)C)NC(=O)c1ccncc1,0,0.001193,0.023312,0.004113
O=C1C(CCS(=O)c2ccccc2)C(=O)N(c2ccccc2)N1c1ccccc1,0,0.137110,0.304413,0.214669
C[C@H]1CCCCO[C@H](CN(C)C(=O)C2CCCCC2)[C@@H](C)CN([C@H](C)CO)C(=O)c2cc(ccc2O1)NC(=O)c1ccccc1,0,0.002132,0.022503,0.005196
O[C@]12CCCC[C@@H]2CNCC1,0,0.095596,0.056133,0.034956
COc1cc(OC)c2c(=O)c(OC)c(-c3ccccc3)oc2c1,0,0.073628,0.311271,0.338776
C[C@H]1CN([C@@H](C)CO)C(=O)c2cccc(c2O[C@H]1CN(C)Cc1ccc(cc1)-c1ccccc1)NC(=O)c1nc2ccccc2s1,0,0.020239,0.030899,0.011480
COc1ccccc1CNC(=O)C[C@H]1C[C@@H]2[C@@H](Oc3ccc(cc32)NS(=O)(=O)c2ccc(cc2)F)[C@@H](CO)O1,0,0.010208,0.024472,0.010524
C[C@H]1CN([C@@H](C)CO)C(=O)c2cc(ccc2O[C@H]1CN(C)S(=O)(=O)c1ccc(cc1)F)NC(=O)Cn1cnnn1,0,0.106050,0.023843,0.007321
C[C@H]1CN([C@H](C)CO)C(=O)Cc2cc(ccc2O[C@@H]1CN(C)Cc1ccc(cc1)-c1ccccc1)NS(=O)(=O)c1c(noc1C)C,0,0.003929,0.026492,0.006094
COc1ccc(cc1)S(=O)(=O)Nc1ccc2c(c1)CC(=O)N(C[C@@H](C)[C@@H](CN(C)S(=O)(=O)c1ccc(cc1)C)O2)[C@@H](C)CO,0,0.002228,0.023335,0.004883
CCCC(=O)Nc1ccc2c(c1)C(=O)N(C)C[C@@H](OC)[C@H](C)CN(Cc1cc(on1)-c1ccccc1)[C@H](C)CO2,0,0.001870,0.025605,0.012652
COc1cc(ccc1O)CCN,0,0.417127,0.114225,0.043916
CO[C@H]1CN(C)C(=O)c2cc(ccc2OC[C@H](C)N(C[C@@H]1C)Cc1nccs1)NS(=O)(=O)CC(F)(F)F,0,0.012011,0.038550,0.013578
COc1ccc(cc1)S(=O)(=O)N(C)C[C@@H]1Oc2ccc(cc2CC(=O)N(C[C@H]1C)[C@H](C)CO)NS(=O)(=O)c1cn(cn1)C,0,0.009966,0.024427,0.004730
C[C@@H]1CCCCO[C@@H](CN(C)C(=O)NC2CCCCC2)[C@H](C)CN([C@H](C)CO)C(=O)c2cc(ccc2O1)NC(=O)Nc1ccc(cc1)F,0,0.059803,0.024668,0.007065
C[C@H]1CN([C@@H](C)CO)C(=O)c2c(c3ccccc3n2C)-c2ccccc2CO[C@@H]1CN(C)Cc1ccccc1C(F)(F)F,0,0.390103,0.185101,0.129777
CCCNC(=O)N1C[C@H](O)COC[C@@H]2O[C@@H](CC[C@H]21)CC(=O)NCCCN1CCOCC1,0,0.335157,0.049917,0.038818
CN1C(=CC(=C(C(=O)O)C1=O)C)C,0,0.137052,0.058845,0.031575
COc1ccccc1-c1cccc(c1)-c1nc(cc2c1[C@H](CCO)N(C2)C(=O)CC1CC1)C(=O)Nc1nccs1,0,0.023083,0.064836,0.044308
C[C@@H]1CN([C@H](C)CO)C(=O)c2cccc(c2O[C@@H]1CN(C)C(=O)Nc1ccc(cc1)C(F)(F)F)NC(=O)Nc1ccccc1,0,0.763188,0.630940,0.608571
COc1ccc(cc1O)C1=CC(=O)c2c(cc(cc2O1)O[C@@H]1O[C@@H](CO[C@@H]2O[C@H](C)[C@@H](O)[C@H](O)[C@H]2O)[C@H](O)[C@@H](O)[C@H]1O)O,0,0.156910,0.377369,0.200944
OC[C@H]1O[C@H](C[C@@H]2[C@H]1Oc1ccc(cc12)NC(=O)Cc1ccncc1)CC(=O)NCc1cc(ccc1F)F,0,0.071651,0.034462,0.012907
C[C@H]1CN([C@@H](C)CO)C(=O)c2cccc(c2O[C@H]1CN(C)S(=O)(=O)C)NS(=O)(=O)c1ccc(cc1)Cl,0,0.031630,0.032057,0.011359
C[C@@H]1CCCCO[C@@H](CN(C)S(=O)(=O)c2ccc(cc2)C)[C@H](C)CN([C@H](C)CO)C(=O)c2cc(ccc2O1)NC(=O)CCC(F)(F)F,0,0.035747,0.024746,0.005354
C[C@@H]1CN([C@H](C)CO)C(=O)Cc2cc(ccc2O[C@@H]1CN(C)C(=O)Nc1ccccc1)NC(=O)C1CC1,0,0.020496,0.022212,0.007299
C[C@H]1CN([C@@H](C)CO)S(=O)(=O)c2ccc(cc2O[C@@H]1CN(C)C(=O)Cc1ccncc1)C#CC1(O)CCCC1,0,0.014373,0.023769,0.005266
C[C@H]1CN([C@@H](C)CO)S(=O)(=O)c2ccc(cc2O[C@@H]1CN(C)Cc1ccc(cc1)F)C#CCN(C)C,0,0.235503,0.048427,0.012820
CC(C)NC(=O)Nc1cccc2c1O[C@H](CN(C)S(=O)(=O)c1ccc(cc1)C)[C@@H](C)CN([C@@H](C)CO)C2=O,0,0.054132,0.032483,0.006392
CO[C@@H](CN(C)C(=O)C1CCOCC1)[C@@H](C)CN([C@H](C)CO)C(=O)Nc1ccc(cc1)C(F)(F)F,1,0.805015,0.862348,0.957006
COc1ccc(cc1)NC(=O)Nc1ccc2c(c1)C(=O)N(C[C@@H](C)[C@@H](CN(C)C(=O)NC(C)C)OCCCC[C@@H](C)O2)[C@@H](C)CO,0,0.014540,0.028153,0.006393
C[C@@H]1CN([C@@H](C)CO)C(=O)Cc2cc(ccc2O[C@@H]1CN(C)S(=O)(=O)c1c(noc1C)C)NC(=O)Nc1ccccc1,0,0.005648,0.024340,0.005750
COc1ccc(cc1)S(=O)(=O)N(C)C[C@@H]1OCCCC[C@H](C)Oc2ccc(cc2C(=O)N(C[C@H]1C)[C@@H](C)CO)NC(=O)Nc1ccccc1,0,0.007235,0.023490,0.004114
CCCNC(=O)N1C[C@@H](O)COC[C@H]2O[C@@H](CC[C@@H]21)CC(=O)NCc1ccncn1,0,0.442168,0.028717,0.016747
CCCNC(=O)Cc1nnc[nH]1,0,0.018686,0.029780,0.013527
C[C@@H]1CN([C@H](C)CO)C(=O)c2cccc(c2O[C@@H]1CN(C)Cc1ccncc1)NC(=O)c1cc(nn1C)C,0,0.007478,0.021609,0.004709
COc1ccc(cc1)NC(=O)Nc1ccc2c(c1)CC(=O)N(C[C@@H](C)[C@H](CN(C)Cc1ccc(cc1)-c1ccccc1)O2)[C@@H](C)CO,0,0.032314,0.024762,0.006481
C[C@@H]1CCCCO[C@@H](CN(C)S(=O)(=O)c2ccc(cc2)Cl)[C@H](C)CN([C@@H](C)CO)C(=O)c2cc(ccc2O1)NC(=O)c1ccncc1,0,0.004162,0.023268,0.004550
C[C@H]1CN([C@@H](C)CO)C(=O)Cc2cc(ccc2O[C@H]1CN(C)Cc1ccc(cc1)C(=O)O)NS(=O)(=O)c1c(noc1C)C,0,0.012583,0.027008,0.007005
OC(=O)CCCN1C(=O)CSC1=S,0,0.109904,0.166045,0.046704
C[C@@H]1CN([C@@H](C)CO)C(=O)Cc2cc(ccc2O[C@H]1CN(C)Cc1ccc(cc1)C(=O)O)NC(=O)CCN1CCOCC1,0,0.016370,0.062708,0.020241
CC(C)[C@@H](C(=O)O)n1cnnn1,0,0.213173,0.027655,0.017484
OC(=O)CCCN=C1NC(=O)CC(=O)N1,0,0.000009,0.048585,0.028571
C[C@@H]1CN([C@H](C)CO)C(=O)Cc2cc(ccc2O[C@@H]1CN(C)Cc1ccc(cc1)Oc1ccccc1)NC(=O)Nc1c(noc1C)C,0,0.009655,0.027359,0.007057
C[C@H]1CN(C)C(=O)c2cc(ccc2O[C@H]1CN(C)S(=O)(=O)C)NS(=O)(=O)C,0,0.010351,0.028851,0.011442
C[C@H]1CCCCO[C@H](CN(C)C(=O)CCCN(C)C)[C@H](C)CN([C@H](C)CO)C(=O)c2cc(ccc2O1)NC(=O)Nc1ccc(cc1)F,0,0.103403,0.028963,0.008805
CN1[C@@H]2CC[C@@H](CC(=O)NCCN3CCCCC3)O[C@@H]2COc2ccc(cc2C1=O)NS(=O)(=O)c1cccc(c1)F,0,0.057276,0.023220,0.011319
C[C@H]1CCCCO[C@H](CN(C)S(=O)(=O)c2ccccc2)[C@@H](C)CN([C@H](C)CO)C(=O)c2cc(ccc2O1)NS(=O)(=O)c1cn(cn1)C,0,0.007806,0.023319,0.004520
C[C@H]1CN([C@@H](C)CO)C(=O)c2cc(ccc2O[C@@H]1CN(C)CC1CCCCC1)NC(=O)Nc1ccccc1,0,0.088818,0.039886,0.028103
CCS(=O)(=O)N1CCC[C@@]2(CN(C[C@H]2C1)Cc1cnn(c1)C)C(=O)NCC1CC1,0,0.017927,0.027093,0.011487
C[C@H]1CN([C@H](C)CO)C(=O)c2cc(ccc2O[C@@H]1CN(C)C(=O)Nc1ccc(cc1)C(F)(F)F)NC(=O)Nc1c(noc1C)C,0,0.793249,0.887758,0.917319
C[C@@H]1CN([C@@H](C)CO)S(=O)(=O)c2ccc(cc2O[C@@H]1CN(C)S(=O)(=O)c1ccc(cc1)F)Br,0,0.258521,0.032482,0.010845
C[C@@H]1CN([C@H](C)CO)C(=O)c2cc(ccc2O[C@H]1CN(C)Cc1ccc(cc1)C(=O)Nc1ccccc1N)NC(=O)Cc1ccccc1,0,0.002330,0.023342,0.007363
C[C@H](CNC(=O)CC[C@]/1(C)[C@@H](CC(=O)N)[C@H]2N([Co+]O)\C1=C(\C)C1=N/C(=C/C3=N/C(=C(/C)C4=N[C@]2(C)[C@@](C)(CC(=O)N)[C@@H]4CCC(=O)N)[C@@](C)(CC(=O)N)[C@@H]3CCC(=O)N)C(C)(C)[C@@H]1CCC(=O)N)OP(=O)(O)O[C@@H]1[C@@H](CO)O[C@@H]([C@@H]1O)n1cnc2cc(c(cc12)C)C,0,0.000000,0.514875,0.254039
C[C@@H]1CCCCO[C@H](CN(C)C(=O)Nc2ccc3c(c2)OCO3)[C@H](C)CN([C@H](C)CO)C(=O)c2cc(ccc2O1)NC(=O)NC1CCCCC1,0,0.010432,0.022699,0.004951
CO[C@H]1CN(C)C(=O)c2cc(ccc2OC[C@H](C)N(C[C@H]1C)C(=O)CN(C)C)NS(=O)(=O)C,0,0.023125,0.113483,0.008310
C[C@@H]1CN([C@@H](C)CO)C(=O)c2cccc(c2O[C@H]1CN(C)C(=O)Nc1ccc(cc1)C(F)(F)F)NS(=O)(=O)c1ccc(cc1)Cl,0,0.505277,0.183476,0.044504
O[C@H]1COC[C@H]2O[C@@H](CC[C@@H]2N(C1)C(=O)c1cccnc1)CC(=O)NCc1ccc(cc1)-c1ccccc1,0,0.224396,0.074970,0.067499
C[C@@H]1CN([C@H](C)CO)C(=O)c2cccc(c2O[C@@H]1CN(C)Cc1ccc(cc1)C(F)(F)F)NS(=O)(=O)C,0,0.137611,0.036839,0.023928
O=C1CCC23C=CC(=O)NCCCCNCCCNC(=O)C=Cc4ccc(c2c4)OC3C1,0,0.570980,0.072015,0.113147
COc1ccc(cc1)CN(C)C[C@@H]1Oc2ccc(cc2C(=O)N(C[C@@H]1C)[C@@H](C)CO)NS(=O)(=O)C,0,0.007876,0.024562,0.008277
CS(=O)(=O)N1CCC(CN)CC1,0,0.015541,0.035742,0.010302
COc1ccc(cc1)NC(=O)N(C)C[C@H]1Oc2ccc(cc2CC(=O)N(C[C@H]1C)[C@H](C)CO)NC(=O)C1CC1,0,0.014048,0.022405,0.004904
C[C@@H]1CCCCO[C@H](CN(C)C(=O)C2CCCCC2)[C@@H](C)CN([C@H](C)CO)C(=O)c2cc(ccc2O1)NC(=O)Cc1ccccc1,0,0.003670,0.024970,0.005917
C[C@@H]1CN([C@@H](C)CO)C(=O)c2cc(ccc2O[C@H]1CN(C)S(=O)(=O)c1ccc(cc1)C)NS(=O)(=O)c1cn(cn1)C,0,0.039378,0.023742,0.005470
CC(C)NC(=O)N(C)C[C@H]1Oc2ccc(cc2C(=O)N(C[C@H]1C)[C@@H](C)CO)NS(=O)(=O)c1cccs1,0,0.015093,0.023776,0.006507
C[C@H]1CCCCO[C@H](CN(C)S(=O)(=O)c2ccccc2)[C@H](C)CN([C@H](C)CO)C(=O)c2cc(ccc2O1)NC(=O)Nc1ccc(cc1)F,0,0.013677,0.023473,0.005083
Nc1ccc(C(=O)[O-])c(O)c1.[Na+],0,0.569487,0.132732,0.122774
COc1ccc(cc1)S(=O)(=O)N(C)C[C@H]1Oc2c(cccc2C(=O)N(C[C@H]1C)[C@@H](C)CO)NS(=O)(=O)c1cccs1,0,0.013769,0.025961,0.007189
C[C@@H]1CN([C@@H](C)CO)C(=O)c2cccc(c2O[C@@H]1CN(C)S(=O)(=O)C)NC(=O)Nc1ccc(cc1)F,0,0.128612,0.025232,0.012417
CCN(Cc1ccncc1)C(=O)C(CO)c1ccccc1,0,0.046244,0.175904,0.095539
C[C@@H]1CN([C@@H](C)CO)C(=O)c2cccc(c2O[C@H]1CN(C)S(=O)(=O)C)NC(=O)Nc1c(noc1C)C,0,0.049404,0.025055,0.008177
CC=CC1=CC=C2[C@@H]3[C@@H]([C@@H](CO)[C@H](CN2C1=O)N3S(=O)(=O)c1cn(cn1)C)C(=O)NCC1CC1,0,0.014535,0.025846,0.010396
COc1ccc(-c2coc3cc(OC)ccc3c2=O)c(O)c1,0,0.110779,0.218559,0.217703
C[C@H]1CN([C@H](C)CO)C(=O)c2cccc(c2O[C@H]1CN(C)Cc1ccc2c(c1)OCO2)NC(=O)Nc1ccc(cc1)C(F)(F)F,0,0.358177,0.269254,0.159987
C[C@H]1CCCCO[C@H](CN(C)Cc2ccc(cc2)C(F)(F)F)[C@@H](C)CN([C@@H](C)CO)C(=O)c2cc(ccc2O1)NC(=O)CCCN(C)C,0,0.194963,0.022207,0.009803
C[C@@H]1CN([C@@H](C)CO)C(=O)c2ccccc2-c2ccccc2CO[C@@H]1CN(C)C(=O)N[C@@H](C)c1ccccc1,0,0.029039,0.026543,0.020764
COc1ccc(cc1)CN(C)C[C@H]1OCCCC[C@H](C)Oc2ccc(cc2C(=O)N(C[C@@H]1C)[C@H](C)CO)NC(=O)NC(C)C,0,0.032814,0.027232,0.009201
CC(C)NC(=O)N(C)C[C@@H]1Oc2ccc(cc2C(=O)N(C[C@@H]1C)[C@@H](C)CO)NS(=O)(=O)c1ccc(cc1)C,0,0.024490,0.029456,0.007781
NN1C(=S)NN=C1c1ccncc1,0,0.450095,0.186018,0.079166
C[C@H]1CN([C@H](C)CO)S(=O)(=O)c2ccc(cc2O[C@@H]1CN(C)C(=O)CN1CCOCC1)C#Cc1cccc(c1)F,0,0.049599,0.026836,0.006731
CC(C)NC(=O)N(C)C[C@H]1Oc2ccc(cc2C(=O)N(C[C@@H]1C)[C@@H](C)CO)NC(=O)C1CCCCC1,0,0.014065,0.022975,0.009517
COC(=O)C(CC#Cc1ccc2c(c1)[C@@]1([C@@H]([C@@H]3N([C@H]([C@H](OC3=O)c3ccccc3)c3ccccc3)[C@@H]1c1ccc(cc1)O)C(=O)N1CCc3cc(c(cc3C1)OC)OC)C(=O)N2)C(=O)OC,0,0.033193,0.175263,0.073809
COc1cccc(c1)C(=O)Nc1ccc2c(c1)C(=O)N(C)[C@H]1CC[C@@H](CC(=O)NCC3CC3)O[C@@H]1CO2,0,0.011208,0.025845,0.009741
CC1OC(OCC2OC(Oc3c(-c4ccc(O)c(O)c4)oc4cc(O)cc(O)c4c3=O)C(O)C(O)C2O)C(O)C(O)C1O,0,0.229483,0.383728,0.143400
NC1=NC(=O)N(C=C1)[C@H]1C[C@H](O)[C@@H](CO)O1,0,0.521775,0.125728,0.172494
O=C(NN=Cc1ccc([N+](=O)[O-])o1)c1cc([N+](=O)[O-])cc([N+](=O)[O-])c1O,0,0.999149,0.387966,0.676006
C[C@@H]1CN([C@H](C)CO)C(=O)c2cccc(c2O[C@@H]1CN(C)S(=O)(=O)C)NC(=O)NC1CCCCC1,0,0.022931,0.033778,0.006838
COc1ccccc1C(=O)Nc1ccc2c(c1)C(=O)N(C)[C@H]1CC[C@@H](CC(=O)NCCc3ccncc3)O[C@@H]1CO2,0,0.003765,0.024588,0.007790
COc1cc(cc(c1)-c1ccc(cc1)[C@H]1CC(=O)C[C@@H](c2ccccc2)C11C(=O)c2ccccc2C1=O)OC,1,0.962641,0.144619,0.155615
C[C@H]1CN([C@H](C)CO)C(=O)Cc2cc(ccc2O[C@H]1CN(C)Cc1ccc(cc1)Oc1ccccc1)NS(=O)(=O)c1cccs1,0,0.000387,0.022929,0.005660
OC[C@H]1O[C@H](CCNC(=O)CN2CCOCC2)CC[C@H]1NC(=O)c1ccc2c(c1)OCO2,0,0.008865,0.024951,0.009476
C[C@H](O)C#Cc1cnc2c(c1)C(=O)N(C[C@@H](C)[C@@H](CN(C)C(=O)Nc1ccc(cc1)C(F)(F)F)O2)[C@@H](C)CO,0,0.854394,0.243352,0.175418
C[C@H]1CN([C@@H](C)CO)C(=O)c2cccc(c2O[C@H]1CN(C)Cc1ccc(cc1)Oc1ccccc1)NC(=O)c1ccncc1,0,0.001288,0.022226,0.006609
C[C@H]1CN([C@@H](C)CO)C(=O)c2cccc(c2O[C@@H]1CN(C)S(=O)(=O)c1ccccc1)NS(=O)(=O)c1ccccc1,0,0.005515,0.036664,0.007886
C[C@H]1CN([C@H](C)CO)S(=O)(=O)c2ccc(cc2O[C@@H]1CN(C)S(=O)(=O)c1ccc(cc1)C)C#Cc1ccncc1,0,0.038742,0.035591,0.006746
C[C@@H]1CCCCO[C@H](CN(C)S(=O)(=O)c2ccccc2)[C@@H](C)CN([C@@H](C)CO)C(=O)c2cc(ccc2O1)NS(=O)(=O)C,0,0.002704,0.023508,0.004716
C[C@@H]1CCCCO[C@@H](CN(C)C(=O)Nc2cccc3ccccc23)[C@@H](C)CN([C@H](C)CO)C(=O)c2cc(ccc2O1)NS(=O)(=O)C,0,0.013237,0.024021,0.004411
COc1ccc(cc1)-c1cnc2c(c1)C(=O)N(C[C@@H](C)[C@H](CN(C)S(=O)(=O)c1ccc(cc1)OC)O2)[C@H](C)CO,0,0.007556,0.026843,0.007188
C[C@H]1CCCCO[C@@H](CN(C)C(=O)Cc2ccccc2)[C@H](C)CN([C@@H](C)CO)C(=O)c2cc(ccc2O1)NC(=O)C1CCCCC1,0,0.002038,0.022583,0.005513
C[C@H]1CN([C@H](C)CO)C(=O)c2cc(ccc2O[C@@H]1CN(C)C(=O)Nc1ccc(cc1)C(F)(F)F)NC(=O)Nc1ccc(cc1)C(F)(F)F,0,0.962107,0.195703,0.136241
COc1ccc(cc1)S(=O)(=O)Nc1ccc2c(c1)CC(=O)N(C[C@H](C)[C@@H](CN(C)S(=O)(=O)c1ccc(cc1)F)O2)[C@H](C)CO,0,0.010926,0.023180,0.006320
C[C@@H]1CN([C@H](C)CO)C(=O)c2cc(ccc2O[C@@H]1CN(C)Cc1ccc(cc1)-c1ccccc1)NC(=O)Nc1c(noc1C)C,0,0.083122,0.029885,0.013585
COc1ccc(cc1)[Si](C)(C)[C@@H]1[C@@H](C)[C@@]2(O[C@H]1CC(=O)N1Cc3ccccc3C[C@H]1CO)C(=O)N(Cc1ccc(cc1)N1C(=O)c3cccc4cccc1c34)c1ccccc12,0,0.000240,0.039514,0.020991
COc1ccc(cc1)S(=O)(=O)N1C[C@@H](O)COC[C@H]2O[C@H](CC[C@@H]21)CC(=O)NCc1ccc(c(c1)Cl)Cl,0,0.500351,0.029988,0.021098
C[C@H]1CCCCO[C@H](CN(C)C(=O)Cc2ccccc2)[C@H](C)CN([C@@H](C)CO)C(=O)c2cc(ccc2O1)NS(=O)(=O)c1ccc(cc1)C,0,0.001377,0.023104,0.004012
C[C@@H]1CCCCO[C@H](CN(C)Cc2ccc(c(c2)Cl)Cl)[C@@H](C)CN([C@H](C)CO)C(=O)c2cc(ccc2O1)NC(=O)CCC(F)(F)F,0,0.427155,0.066553,0.013181
C[C@H]1CN([C@H](C)CO)C(=O)c2cc(ccc2O[C@@H]1CN(C)Cc1ccc(cc1)C(=O)O)NS(=O)(=O)c1cn(cn1)C,0,0.096274,0.027223,0.005877
C[C@H]1CCCCO[C@@H](CN(C)C(=O)Nc2c(noc2C)C)[C@@H](C)CN([C@@H](C)CO)C(=O)c2cc(ccc2O1)NC(=O)c1ccccc1,0,0.007838,0.023515,0.004746
C[C@H]1CN([C@H](C)CO)C(=O)c2cccc(c2O[C@H]1CN(C)Cc1ccc(cc1)Oc1ccccc1)NC(=O)Nc1ccc(cc1)F,0,0.065196,0.035809,0.019733
C[C@H]1CCCCO[C@H](CN(C)C(=O)NC2CCCCC2)[C@H](C)CN([C@H](C)CO)C(=O)c2cc(ccc2O1)NC(=O)Nc1cccc2ccccc12,0,0.021516,0.023803,0.005708
C[C@@H]1CN([C@H](C)CO)S(=O)(=O)c2ccc(cc2O[C@H]1CN(C)S(=O)(=O)c1ccc(cc1)F)C#Cc1ccncc1,0,0.075395,0.034329,0.006167
[O-][N+](=O)c1ccc(cc1)-n1ncc(c1C(F)(F)F)NC(=O)Nc1cc(cc(c1)C(F)(F)F)C(F)(F)F,0,0.996426,0.626659,0.586893
C[C@@H]1CCCCO[C@H](CN(C)C(=O)Nc2ccc(cc2)F)[C@H](C)CN([C@@H](C)CO)C(=O)c2cc(ccc2O1)NC(=O)Nc1ccccc1,0,0.063483,0.021843,0.005383
C[C@H]1CN([C@@H](C)CO)C(=O)Cc2cc(ccc2O[C@H]1CN(C)Cc1ccc(cc1)-c1ccccc1)NC(=O)Nc1c(noc1C)C,0,0.055503,0.028459,0.008872
C[C@@H]1CN([C@H](C)CO)C(=O)c2cc(ccc2O[C@H]1CN(C)Cc1ccc(cc1)C(=O)Nc1ccccc1N)NC(=O)Cc1cn(c2ccccc12)C,0,0.003038,0.023691,0.005470
C[C@H]1CN([C@@H](C)CO)C(=O)Cc2cc(ccc2O[C@H]1CN(C)S(=O)(=O)C)NC(=O)Cc1cn(c2ccccc12)C,0,0.001922,0.026378,0.004631
COc1ccc(cc1)S(=O)(=O)N(C)C[C@H]1Oc2c(cccc2C(=O)N(C[C@H]1C)[C@H](C)CO)NS(=O)(=O)c1c(noc1C)C,0,0.015403,0.029456,0.008165
C[C@H]1CN([C@H](C)CO)C(=O)c2cccc(c2O[C@H]1CN(C)Cc1ccc2c(c1)OCO2)NC(=O)C1CC1,0,0.010032,0.024303,0.007461
C[C@H]1CCCCO[C@@H](CN(C)C(=O)Cc2ccccc2)[C@@H](C)CN([C@@H](C)CO)C(=O)c2cc(ccc2O1)NS(=O)(=O)c1cccs1,0,0.001259,0.023366,0.003810
COc1ccc(cc1)S(=O)(=O)N(C)C[C@H]1Oc2ccc(cc2CC(=O)N(C[C@@H]1C)[C@H](C)CO)NS(=O)(=O)c1c(noc1C)C,0,0.003541,0.025764,0.006621
CC1=CC(=O)n2ncnc2N1,0,0.030290,0.061071,0.035655
OC[C@H]1O[C@H](CCNC(=O)CN2CCOCC2)CC[C@H]1NC(=O)Cc1ccccn1,0,0.004019,0.022469,0.008020
CCOC(=O)[C@H]1N(C(=O)N(CCc2ccc(c(c2)OC)OC)C=C1Cc1ccccc1)c1ccc(cc1)OC,0,0.044574,0.220207,0.107851
COc1ccc(cc1)S(=O)(=O)N[C@H]1CC[C@H](CC(=O)N2CCC(CC2)Cc2ccccc2)O[C@@H]1CO,0,0.053403,0.033359,0.016286
OC(=O)CCC(=O)C(=O)O,0,0.027299,0.118299,0.105672
C[C@@H]1CCCCO[C@@H](CN(C)S(=O)(=O)c2cccs2)[C@H](C)CN([C@H](C)CO)C(=O)c2cc(ccc2O1)NC(=O)C1CCCCC1,0,0.001758,0.023685,0.004362
N[C@]1(CS(=O)(=O)[C@H]2[C@@H]([C@H]21)C(=O)O)C(=O)O,0,0.047170,0.096641,0.107008
C[C@@H]1CN([C@@H](C)CO)C(=O)c2cccc(c2O[C@@H]1CN(C)Cc1ccc(cc1)Oc1ccccc1)NC(=O)CCCCCC(=O)Nc1ccccc1N,0,0.004299,0.030668,0.006634
C[C@H]1CN([C@H](C)CO)C(=O)CCCn2cc(nn2)CO[C@@H]1CN(C)C(=O)Nc1cccc(c1)C(F)(F)F,0,0.819361,0.862485,0.770384
OCCOc1ccc(cc1)[C@H]1N2[C@@H]([C@@H](C(=O)O)[C@]11C(=O)Nc3ccc(cc31)C#CC1(O)CCCCCC1)C(=O)O[C@@H]([C@@H]2c1ccccc1)c1ccccc1,0,0.790234,0.464866,0.614250
COc1ccccc1NC(=O)N(C)C[C@H]1OCc2ccccc2-c2c(n(c3ccccc23)C)C(=O)N(C[C@H]1C)[C@@H](C)CO,0,0.050434,0.023397,0.007556
C[C@H]1CN([C@H](C)CO)C(=O)c2cccc(c2O[C@H]1CN(C)S(=O)(=O)c1ccc(cc1)F)NS(=O)(=O)C,0,0.042135,0.035499,0.009775
COc1ccc(cc1)CN(C)C[C@@H]1Oc2ccc(cc2C(=O)N(C[C@H]1C)[C@@H](C)CO)NC(=O)Cn1cnnn1,0,0.034905,0.021783,0.008130
C[C@@H]1CCCCO[C@H](CN(C)Cc2ccc3c(c2)OCO3)[C@H](C)CN([C@H](C)CO)C(=O)c2cc(ccc2O1)NS(=O)(=O)c1ccc(cc1)Cl,0,0.005743,0.023718,0.005084
C[C@H]1CN([C@H](C)CO)C(=O)c2cccc(c2O[C@H]1CN(C)CC1CC1)NS(=O)(=O)c1ccc(cc1)C,0,0.029943,0.034441,0.006650
C[C@@H]1CN([C@H](C)CO)S(=O)(=O)c2ccc(cc2O[C@H]1CN(C)C(=O)c1ccc2c(c1)OCO2)Br,0,0.043921,0.024315,0.007134
CN1[C@@H]2CC[C@@H](CC(=O)N[C@@H]3CCN(C3)Cc3ccccc3)O[C@H]2COc2ccc(cc2C1=O)NC(=O)c1cnccn1,0,0.013909,0.030118,0.012253
COc1ccc(cc1)NC(=O)Nc1ccc2c(c1)C(=O)N(C[C@H](C)[C@H](CN(C)C(=O)Nc1cccc3ccccc13)O2)[C@H](C)CO,0,0.020016,0.023092,0.006794
COc1ccc(cc1)[Si](C)(C)[C@H]1[C@H](C)[C@]2(O[C@@H]1CC(=O)N1Cc3ccccc3C[C@H]1CO)C(=O)N(Cc1cccc(c1)N1CCC1=O)c1ccccc12,0,0.100778,0.065763,0.026202
C[C@@H]1CN([C@H](C)CO)S(=O)(=O)c2ccc(cc2O[C@H]1CN(C)S(=O)(=O)C)C#Cc1ccccc1,0,0.052912,0.033817,0.011128
C[C@H]1CN([C@H](C)CO)C(=O)c2cc(cnc2O[C@H]1CN(C)C(=O)C1CCOCC1)C#CCc1ccccc1,0,0.017257,0.023698,0.005339
CC(C)(C)NC(=O)C[n+]1cccc(c1)/C=N/O,0,0.006630,0.163887,0.034617
CN1[C@@H]2CC[C@H](CC(=O)NCc3ccccc3F)O[C@H]2COc2ccc(cc2C1=O)NC(=O)C1CCOCC1,0,0.018633,0.024170,0.008155
CCCC/C=C/[C@H]([C@@H](O)Cc1ccccc1)N(CC#Cc1ccccc1)Cc1ccccc1Br,0,0.694499,0.274576,0.273065
COc1ccc(cc1)[Si](C)(C)[C@@H]1[C@@H](C)[C@@]2(O[C@H]1CCn1cc(nn1)[C@H](O)c1ccccc1)C(=O)N(CC=C)c1ccc(cc12)N1C(=O)c2cccc3cccc1c23,0,0.023959,0.061943,0.024151
COc1c(cccc1C(=O)N1CC[C@@H](C1)c1nn(c2ncccc12)CCN)C,0,0.134598,0.053422,0.083337
C[C@H]1CN([C@@H](C)CO)C(=O)c2cc(cnc2O[C@H]1CN(C)C(=O)Nc1ccc2c(c1)OCO2)-c1cncnc1,0,0.007492,0.021640,0.004382
CCC=C(C(=O)NC1C(=O)N2C(C(=O)OCOC(=O)C(C)(C)C)=C(COC(N)=O)CSC12)c1csc(N)n1.Cl,0,0.981703,0.908189,0.933689
C[C@H]1CCCCO[C@H](CN(C)S(=O)(=O)c2cn(cn2)C)[C@H](C)CN([C@@H](C)CO)C(=O)c2cc(ccc2O1)N(C)C,0,0.027041,0.023444,0.005633
CN1[C@H]2CC[C@H](CC(=O)N3CCOCC3)O[C@H]2COc2ccc(cc2C1=O)NC(=O)c1ccc(cc1)F,0,0.005733,0.026134,0.015393
COC(=O)Nc1nc2ccc(S(=O)c3ccccc3)cc2[nH]1,0,0.395171,0.302100,0.239828
CC(=C)CCn1cccc1C(=O)C,0,0.103412,0.043295,0.023975
COc1ccc(cc1)S(=O)(=O)Nc1ccc2c(c1)C(=O)N(C[C@H](C)[C@H](CN(C)S(=O)(=O)C)O2)[C@H](C)CO,0,0.013321,0.025615,0.008546
C[C@@H]1CN([C@H](C)CO)C(=O)c2ccccc2-c2ccccc2CO[C@H]1CN(C)C(=O)Oc1ccc(cc1)C,0,0.112044,0.037456,0.039472
C[C@@H]1CN([C@H](C)CO)C(=O)c2ccccc2-c2ccccc2CO[C@@H]1CN(C)Cc1ccccc1C(F)(F)F,0,0.351488,0.830537,0.769964
CN1CCC2(CC1)CN(CCCN2C)C(=O)CNC(=O)N,0,0.933188,0.059977,0.046550
C[C@H]1CN([C@H](C)CO)C(=O)Cc2cc(ccc2O[C@H]1CN(C)Cc1ccc(cc1)C(F)(F)F)NC(=O)Nc1c(noc1C)C,0,0.107075,0.065119,0.028533
C[C@@H]1CN([C@H](C)CO)C(=O)CCCn2cc(nn2)CO[C@@H]1CN(C)C(=O)Nc1cccc(c1)C(F)(F)F,0,0.819361,0.862485,0.770384
COc1ccc(cc1)NC(=O)Nc1ccc2c(c1)C(=O)N(C[C@@H](C)[C@@H](CN(C)CC1CCCCC1)OCCCC[C@H](C)O2)[C@@H](C)CO,0,0.065884,0.030183,0.009476
C[C@H]1CCCCO[C@@H](CN(C)C(=O)Nc2ccc(cc2)C(F)(F)F)[C@@H](C)CN([C@@H](C)CO)C(=O)c2cc(ccc2O1)NC(=O)c1ccccc1,0,0.114625,0.018494,0.008701
COc1cccc(c1)C#Cc1cnc2c(c1)C(=O)N(C[C@@H](C)[C@H](CN(C)C(=O)C1CCOCC1)O2)[C@H](C)CO,0,0.048529,0.021667,0.005128
C[C@@H]1CN([C@@H](C)CO)C(=O)c2cccc(c2O[C@H]1CN(C)Cc1ccc(cc1)C(F)(F)F)NC(=O)c1ccc(cc1)-c1nccs1,0,0.173562,0.056604,0.025373
COc1cccc(c1)C#Cc1ccc(cc1)[C@@H]1[C@H](CO)N2[C@@H]1CN(CC2=O)S(=O)(=O)c1ccccc1C,0,0.221471,0.035641,0.019732
C[C@@H]1CN([C@H](C)CO)C(=O)c2ccccc2-c2ccccc2CO[C@@H]1CN(C)Cc1ccc(cc1)Oc1ccccc1,0,0.029216,0.043060,0.033608
C[N+](C)(C)CCCC[C@@H]1NC(=O)[C@@H]2C[C@@H]([C@@H](N2C1=O)c1cccc(c1)OCCO)C(=O)OCCOc1ccc(cc1)[C@@H]1N2[C@H]([C@H](C(=O)OCC=C)[C@@]11C(=O)Nc3ccc(cc31)I)C(=O)O[C@H]([C@H]2c1ccccc1)c1ccccc1,0,0.257515,0.110972,0.021299
COc1ccc(cc1)S(=O)(=O)Nc1ccc2c(c1)CC(=O)N(C[C@@H](C)[C@H](CN(C)S(=O)(=O)c1cn(cn1)C)O2)[C@H](C)CO,0,0.005307,0.024490,0.005541
C[C@@H]1CN([C@H](C)CO)C(=O)Cc2cc(ccc2O[C@H]1CN(C)Cc1ccc(cc1)C(F)(F)F)NC(=O)Nc1ccccc1,0,0.091310,0.083113,0.032455
Cc1nc(cc2c1O[Mn]Oc1c(nc(cc1CN(CCN(CC(=O)O)C2)CC(=O)O)COP(=O)(O)O)C)COP(=O)(O)O,0,0.000000,0.499104,0.406179
COc1ccc(cc1)NC(=O)N(C)C[C@H]1OCCCC[C@H](C)Oc2ccc(cc2C(=O)N(C[C@H]1C)[C@@H](C)CO)NS(=O)(=O)c1ccc(cc1)C,0,0.004849,0.023486,0.004099
CO[C@@H]1CN(C)C(=O)c2ccc(cc2OC[C@@H](C)N(C[C@@H]1C)C(=O)Nc1c(noc1C)C)NC(=O)Nc1ccc(cc1)Cl,0,0.086579,0.029038,0.013504
Cc1ccsc1C=CC1=NCCCN1C.O=C(O)CC(O)(CC(=O)O)C(=O)O,0,0.747979,0.490298,0.512853
CO[C@@H]1CN(C)C(=O)c2cc(ccc2OC[C@@H](C)N(C[C@H]1C)Cc1ccccc1)NC(=O)c1nc2ccccc2s1,0,0.006089,0.027799,0.015011
COc1ccc(cc1)-c1cnc2c(c1)C(=O)N(C[C@H](C)[C@H](CN(C)C(=O)C1CCOCC1)O2)[C@H](C)CO,0,0.010751,0.021596,0.005025
C[C@@H]1CN([C@@H](C)CO)C(=O)Cc2cc(ccc2O[C@H]1CN(C)S(=O)(=O)c1c(noc1C)C)NC(=O)Nc1ccc2c(c1)OCO2,0,0.002507,0.027488,0.005438
COc1ccc(cc1O)C1=CC(=O)c2c(cc(cc2O1)O[C@@H]1O[C@H](CO[C@H]2O[C@H](C)[C@@H](O)[C@H](O)[C@@H]2O)[C@@H](O)[C@H](O)[C@H]1O)O,0,0.156910,0.377369,0.200944
COC(=O)c1c2oc(c1C(=O)OC)C(=O)N[C@@H](Cc1ccccc1)Cn1cc(nn1)CNC(=O)[C@@H](Cc1ccccc1)NC(=O)N[C@@H](CO)CC2,0,0.018123,0.052253,0.045159
C[C@H]1CN([C@H](C)CO)C(=O)c2cc(cnc2O[C@H]1CN(C)C(=O)C1CCOCC1)C#Cc1cccc(c1)F,0,0.074324,0.028807,0.005926
CO[C@@H](C(=O)N(C)C[C@H]1OCc2ccccc2-c2c(n(c3ccccc23)C)C(=O)N(C[C@H]1C)[C@H](C)CO)c1ccccc1,0,0.018723,0.040594,0.023709
CC(C)NC(=O)Nc1cccc2c1O[C@@H](CN(C)Cc1ccc3c(c1)OCO3)[C@H](C)CN([C@@H](C)CO)C2=O,0,0.019577,0.025766,0.010082
CO[C@H](CN(C)S(=O)(=O)c1ccc(cc1)C)[C@@H](C)CN([C@@H](C)CO)S(=O)(=O)c1cccc(c1)Cl,0,0.167687,0.050202,0.012752
C[C@@H]1CN([C@H](C)CO)C(=O)Cc2cc(ccc2O[C@@H]1CN(C)S(=O)(=O)C)NC(=O)c1ccncc1,0,0.000769,0.023315,0.004914
NC(=O)CNC(=O)c1cccc(c1)Cl,0,0.170045,0.092882,0.027068
Cc1cn(cn1)-c1cc(cc(c1)C(F)(F)F)NC(=O)c1ccc(c(c1)Nc1nccc(n1)-c1cccnc1)C,0,0.945562,0.252733,0.146557
C[C@@H]1CN([C@@H](C)CO)C(=O)c2cccc(c2O[C@@H]1CN(C)C(=O)Nc1ccccc1)NC(=O)CCCCCC(=O)Nc1ccccc1N,0,0.027965,0.026198,0.006238
C[C@H]1CCCCO[C@H](CN(C)Cc2ccc(cc2)C(F)(F)F)[C@H](C)CN([C@H](C)CO)C(=O)c2cc(ccc2O1)NS(=O)(=O)c1c(noc1C)C,0,0.059378,0.030446,0.007301
C[C@@H]1CN([C@H](C)CO)C(=O)c2cccc(c2O[C@@H]1CN(C)Cc1ccc(cc1)-c1ccccc1)NC(=O)NC1CCCCC1,0,0.094014,0.033079,0.018850
C[C@@H]1CCCCO[C@@H](CN(C)C(=O)Nc2ccccc2)[C@H](C)CN([C@@H](C)CO)C(=O)c2cc(ccc2O1)NS(=O)(=O)c1c(noc1C)C,0,0.008500,0.023945,0.005073
C[C@H]1CN([C@H](C)CO)C(=O)c2cccc(c2O[C@H]1CN(C)Cc1ccncc1)NS(=O)(=O)c1ccccc1,0,0.001807,0.025176,0.005398
CN1[C@@H]2CC[C@H](CC(=O)NCC(F)(F)F)O[C@H]2COc2ccc(cc2C1=O)NS(=O)(=O)c1ccc(cc1)F,0,0.080926,0.030795,0.013613
COc1cccc(c1)-c1cn(nn1)CC[C@H]1CC[C@H](NC(=O)CN(C)C)[C@H](CO)O1,0,0.762904,0.043750,0.015593
COc1ccc(cc1)S(=O)(=O)N(C)C[C@H]1OCCCC[C@H](C)Oc2ccc(cc2C(=O)N(C[C@H]1C)[C@@H](C)CO)NC(=O)C1CCCCC1,0,0.005807,0.023948,0.004435
C[C@H](O)C#Cc1ccc2c(c1)O[C@H](CN(C)C(=O)Nc1ccccc1)[C@@H](C)CN([C@H](C)CO)S2(=O)=O,0,0.134191,0.029922,0.009377
O=c1[nH]c(=O)n(C2CC(O)C(CO)O2)cc1C(F)(F)F,0,0.670626,0.544998,0.458167
C[C@@H]1CCCCO[C@@H](CN(C)Cc2ccc(cc2)C(=O)O)[C@@H](C)CN([C@H](C)CO)C(=O)c2cc(ccc2O1)NC(=O)Nc1cccc2ccccc12,0,0.076518,0.037493,0.009330
Cc1cc(nc(n1)SCC(=O)NN)C,0,0.833997,0.056364,0.037080
C[C@@H]1CCCCO[C@@H](CN(C)C(=O)NC2CCCCC2)[C@H](C)CN([C@H](C)CO)C(=O)c2cc(ccc2O1)NC(=O)Nc1cccc2ccccc12,0,0.021516,0.023803,0.005708
C[C@@H]1CN([C@@H](C)CO)C(=O)c2cc(ccc2O[C@H]1CN(C)C(=O)Nc1ccc2c(c1)OCO2)NC(=O)Cn1cnnn1,0,0.036041,0.024735,0.008179
CC(C)NC(=O)Nc1ccc2c(c1)C(=O)N(C[C@H](C)[C@@H](CN(C)S(=O)(=O)C)OCCCC[C@H](C)O2)[C@@H](C)CO,0,0.009439,0.032051,0.005380
Nc1nccnc1Cl,0,0.298926,0.250059,0.084982
CCN(CC)CC#CCOC(=O)C(O)(c1ccccc1)C1CCCCC1.Cl,0,0.897533,0.577129,0.412300
OC[C@H]1O[C@H](C[C@H]2[C@@H]1Oc1ccc(cc12)NS(=O)(=O)c1ccc(cc1)F)CC(=O)NCc1ccccn1,0,0.003835,0.024375,0.010806
C[C@H]1CN([C@H](C)CO)S(=O)(=O)c2ccc(cc2O[C@H]1CN(C)S(=O)(=O)c1ccc(cc1)C)C#Cc1ccccc1,0,0.060953,0.037491,0.009869
C[C@H]1CCCCO[C@H](CN(C)C(=O)C2CCCCC2)[C@H](C)CN([C@H](C)CO)C(=O)c2cc(ccc2O1)NS(=O)(=O)c1ccccc1,0,0.002041,0.024265,0.004669
NC(=O)c1ccc[n+](c1)CC(=O)c1ccccc1,0,0.020294,0.116792,0.073703
CCN(CC)c1ccc(cc1)N1CC=C[C@@]23O[C@@H]4/C=C\CC[C@H](C)OC(=O)[C@@H]4[C@H]2C(=O)N(CCO)[C@@H]3C1=O,0,0.794916,0.294545,0.172979
C[C@@H]1CCCCO[C@@H](CN(C)C(=O)Cc2ccccc2)[C@H](C)CN([C@H](C)CO)C(=O)c2cc(ccc2O1)NS(=O)(=O)c1ccc(cc1)F,0,0.003350,0.023390,0.005110
O=S1(=O)C[C@@H]2NC(=S)N[C@@H]2C1,0,0.013427,0.191508,0.069204
C[C@H]1CCCCO[C@H](CN(C)Cc2ccc3c(c2)OCO3)[C@@H](C)CN([C@H](C)CO)C(=O)c2cc(ccc2O1)NS(=O)(=O)c1ccc(cc1)C,0,0.002599,0.024602,0.005362
C[C@@H]1CN([C@H](C)CO)C(=O)Cc2cc(ccc2O[C@H]1CN(C)S(=O)(=O)C)NC(=O)C1CCCCC1,0,0.002448,0.025212,0.006599
C[C@@H]1CCCCO[C@@H](CN(C)Cc2ccc3c(c2)OCO3)[C@@H](C)CN([C@@H](C)CO)C(=O)c2cc(ccc2O1)NC(=O)Cc1ccccc1,0,0.004800,0.022541,0.005729
CC(C)NC(=O)N(C)C[C@H]1Oc2c(cccc2C(=O)N(C[C@H]1C)[C@@H](C)CO)NS(=O)(=O)c1ccc(cc1)F,0,0.059118,0.031414,0.014591
OC[C@@H]1O[C@H](CC(=O)NCc2ccc(c(c2)Cl)Cl)C=C[C@@H]1NS(=O)(=O)c1ccc(cc1)F,0,0.381690,0.040194,0.033809
C[C@@H]1CN([C@H](C)CO)C(=O)Cc2cc(ccc2O[C@H]1CN(C)C(=O)Nc1cccc2ccccc12)NC(=O)Nc1ccc(cc1)F,0,0.040090,0.024080,0.008708
COCC#Cc1ccc2c(c1)O[C@H](CN(C)S(=O)(=O)c1ccc(cc1)F)[C@H](C)CN([C@H](C)CO)S2(=O)=O,0,0.225589,0.026329,0.005773
C[C@H]1CN([C@H](C)CO)S(=O)(=O)c2ccc(cc2O[C@@H]1CN(C)C(=O)Cc1cccnc1)C#CC1(O)CCCC1,0,0.015453,0.023769,0.005412
COc1cc(c(cc1OC)C[N+]1(CCOCC[C@H]2CC[C@@H]3C[C@H]2C3(C)C)CCOCC1)Br,1,0.947168,0.637897,0.416656
C[C@H]1CN([C@@H](C)CO)C(=O)c2cccc(c2O[C@@H]1CN(C)Cc1ccc(cc1)C(F)(F)F)NC(=O)c1nc2ccccc2s1,0,0.146310,0.165513,0.078611
CC(C)NC(=O)N(C)C[C@H]1Oc2ccc(cc2CC(=O)N(C[C@@H]1C)[C@H](C)CO)NS(=O)(=O)c1cn(cn1)C,0,0.012540,0.023330,0.004704
CC(C)(C)OC(=O)C[C@H](CC=C)C(=O)OC[C@@H](Cc1ccccc1)NC(=O)[C@@H](CC=C)CC(=O)NCCO,0,0.003072,0.034088,0.020731
COc1ccc(cc1)NC(=O)Nc1ccc2c(c1)C(=O)N(C[C@H](C)[C@H](CN(C)Cc1ccncc1)OCCCC[C@H](C)O2)[C@@H](C)CO,0,0.006829,0.022001,0.005580
C[C@H]1CN([C@@H](C)CO)C(=O)c2cc(ccc2O[C@@H]1CN(C)Cc1ccc(c(c1)Cl)Cl)NC(=O)Nc1ccc2c(c1)OCO2,0,0.057510,0.031041,0.012124
Cc1ccc(cc1)S(=O)(=O)N1C[C@@H](O)COC[C@@H]2O[C@@H](CC[C@H]21)CC(=O)NCCN1CCCCC1,0,0.518654,0.050889,0.012818
C[C@H]1CN([C@@H](C)CO)S(=O)(=O)c2ccc(cc2O[C@H]1CN(C)S(=O)(=O)c1ccccc1F)-c1ccncc1,0,0.012300,0.029035,0.005691
C[C@@H]1CN([C@@H](C)CO)C(=O)c2cc(ccc2O[C@@H]1CN(C)S(=O)(=O)c1cn(cn1)C)NC(=O)C1CC1,0,0.011801,0.023264,0.004839
COc1ccc(cc1)S(=O)(=O)N(C)C[C@H]1Oc2ncc(cc2C(=O)N(C[C@H]1C)[C@@H](C)CO)-c1ccncc1,0,0.003341,0.023315,0.004453
C[C@H]1COC(=O)[C@@H](CC=CC[C@@H](CC(=O)N[C@@H](CO)Cc2ccccc2)C(=O)N1)Cc1ccc(cc1)F,0,0.023769,0.034541,0.033698
CC(C)N1CCNCC1,0,0.005643,0.059734,0.020564
C[C@@H]1CN([C@H](C)CO)C(=O)c2cccc(c2O[C@@H]1CN(C)C(=O)Nc1ccccc1)NC(=O)Nc1ccc(cc1)C(F)(F)F,0,0.781039,0.869355,0.906730
CC(C)c1nnc(n1[C@@H]1C[C@H]2CC[C@@H](C1)N2CC[C@H](NC(=O)C1CCC(F)(F)CC1)c1ccccc1)C,0,0.830368,0.146963,0.166862
C[C@H]1CN([C@@H](C)CO)C(=O)Cc2cc(ccc2O[C@H]1CN(C)S(=O)(=O)c1ccc(cc1)Cl)NC(=O)CCCN(C)C,0,0.017981,0.024062,0.005845
Clc1ccc(cc1)C(c1ccc(cc1)Cl)[n+]1ccn(c1)C[C@@H](OCc1ccc(cc1Cl)Cl)c1ccc(cc1Cl)Cl,0,0.993147,0.446086,0.209484
COc1ccc(cc1)CNC(=O)N(C)C[C@@H]1OCc2ccccc2-c2c(n(c3ccccc23)C)C(=O)N(C[C@@H]1C)[C@@H](C)CO,0,0.022650,0.023286,0.007720
COc1ccccc1C1(N)CC1,0,0.418946,0.067055,0.050628
C[C@@H]1CN([C@H](C)CO)S(=O)(=O)c2ccc(cc2O[C@@H]1CN(C)C(=O)CN1CCOCC1)C#Cc1cccc(c1)F,0,0.049599,0.026836,0.006731
C[C@@H]1CN([C@H](C)CO)C(=O)CCCn2nncc2CO[C@H]1CN(C)C(=O)Nc1ccc(cc1)N1CCCCC1,0,0.121192,0.030627,0.009601
C[C@H]1CN([C@@H](C)CO)C(=O)Cc2cc(ccc2O[C@@H]1CN(C)S(=O)(=O)c1cccs1)NS(=O)(=O)c1cccs1,0,0.000417,0.026438,0.006878
NC1=NC(=S)c2ncn(c2N1)[C@@H]1O[C@H](CO)[C@@H](O)[C@H]1O,0,0.566860,0.155598,0.071016
C[C@@H]1CN([C@H](C)CO)C(=O)c2cccc(c2O[C@@H]1CN(C)CC1CCCCC1)NC(=O)c1ccc(cc1)-c1nccs1,0,0.034767,0.025314,0.005547
C[C@H]1CCCCO[C@H](CN(C)C(=O)NC2CCCCC2)[C@@H](C)CN([C@H](C)CO)C(=O)c2cc(ccc2O1)NS(=O)(=O)c1ccc(cc1)C,0,0.006145,0.023350,0.004605
C[C@@H]1CCCCO[C@@H](CN(C)S(=O)(=O)c2cccs2)[C@@H](C)CN([C@H](C)CO)C(=O)c2cc(ccc2O1)NS(=O)(=O)c1cn(cn1)C,0,0.006068,0.024605,0.004667
CN1CC[C@]2(CCN(CC[C@H]12)S(=O)(=O)C)C(=O)N1CCOCC1,0,0.030012,0.153631,0.012880
CN1N(C(=O)C(=C1c1ccccc1)C(=O)c1ccc(c(c1N)-c1ccc2nc(ccc2c1)C)C)c1ccccc1,0,0.778887,0.267267,0.196915
C1CN(CCO1)Cc1nnnn1-c1ccccc1,0,0.197131,0.120242,0.050261
CO[C@H](CN(C)C(=O)c1ccc2c(c1)OCO2)[C@@H](C)CN([C@H](C)CO)S(=O)(=O)c1ccc(cc1)Cl,0,0.078555,0.034843,0.012356
C[C@H]1CN([C@H](C)CO)C(=O)c2cc(ccc2O[C@H]1CN(C)S(=O)(=O)c1cccs1)NS(=O)(=O)C,0,0.007407,0.025429,0.006617
C[C@@H]1CCCCO[C@@H](CN(C)CC2CCCCC2)[C@H](C)CN([C@@H](C)CO)C(=O)c2cc(ccc2O1)NC(=O)CCCN(C)C,0,0.109419,0.032851,0.014015
Cc1ccccc1S(=O)(=O)N1C[C@H](O)COC[C@H]2O[C@H](CC[C@@H]21)CC(=O)N1CCC(CC1)Cc1ccccc1,0,0.258751,0.075711,0.019478
CCN1C(=C(SC1=S)C(=O)N)N,0,0.062441,0.087911,0.029228
COc1ccc(cc1)CN1C[C@]2(CCN(CC2)S(=O)(=O)c2cn(cn2)C)c2c([nH]c3cc(ccc23)OC)[C@@H]1CO,0,0.018779,0.031078,0.014334
CC(C)(C)NC(=O)N1CCC(CN)CC1,0,0.325259,0.031450,0.013015
C[C@H]1CN([C@H](C)CO)C(=O)c2cccc(c2O[C@@H]1CN(C)CC1CC1)NS(=O)(=O)c1ccccc1,0,0.018475,0.032762,0.007266
C[C@H]1CN([C@@H](C)CO)C(=O)CCCn2nncc2CO[C@@H]1CN(C)S(=O)(=O)c1ccc(nc1)Oc1ccccc1,0,0.002487,0.023502,0.005149
N[C@H]1CCOC2(CCCC2)C1,0,0.289225,0.041940,0.029970
CC(C)C(=O)O[C@@H]1[C@@H](OC(=O)C)[C@@H](OC(=O)C)C(C)(C)/C=C/[C@@](C)(O)C(=O)[C@]2(O)[C@H]([C@@H](OC(=O)C)[C@](C)(OC(=O)C)[C@H]2OC(=O)C)[C@H]2OC(=O)CC[C@@]12OC(=O)C,0,0.000016,0.488046,0.325777
C[C@H]1CCCCO[C@H](CN(C)Cc2ccc(cc2)C(=O)O)[C@H](C)CN([C@@H](C)CO)C(=O)c2cc(ccc2O1)NS(=O)(=O)c1ccc(cc1)C,0,0.039929,0.027832,0.005243
C[C@H]1CCCCO[C@H](CN(C)S(=O)(=O)c2ccc(cc2)F)[C@H](C)CN([C@H](C)CO)C(=O)c2cc(ccc2O1)NC(=O)Nc1ccccc1,0,0.010798,0.023473,0.004906
COc1ccc(cc1)S(=O)(=O)N(C)C[C@@H]1Oc2ncc(cc2C(=O)N(C[C@@H]1C)[C@H](C)CO)C#CCN(C)C,0,0.073000,0.024839,0.008147
O=C1NCCN1CCNc1cccc(n1)C#N,0,0.000606,0.046739,0.021422
C[C@@H]1CN([C@H](C)CO)C(=O)Cc2cc(ccc2O[C@@H]1CN(C)C(=O)Nc1ccc(cc1)C(F)(F)F)NC(=O)Nc1cccc2ccccc12,0,0.320354,0.042013,0.047183
C[C@@H]1CN([C@@H](C)CO)C(=O)c2cc(ccc2O[C@@H]1CN(C)Cc1ccc(c(c1)Cl)Cl)NC(=O)Nc1cccc2ccccc12,0,0.160985,0.159543,0.021520
Cn1cnc(c1)S(=O)(=O)N[C@H]1C=C[C@@H](CC(=O)NCC2CC2)O[C@@H]1CO,0,0.050132,0.029613,0.008412
CC(C)(C)c1ccc(cc1)S(=O)(=O)Nc1nccnc1-c1ccc(cc1)CNCc1ccc2c(c1)OCO2,0,0.066083,0.041462,0.025973
COc1ccc(cc1)S(=O)(=O)Nc1ccc2c(c1)C(=O)N(C[C@H](C)[C@H](CN(C)Cc1ccc(cc1)C(F)(F)F)OCCCC[C@H](C)O2)[C@@H](C)CO,0,0.031359,0.025010,0.005968
C[C@H]1CCCCO[C@@H](CN(C)C(=O)Nc2ccc(cc2)C(F)(F)F)[C@H](C)CN([C@H](C)CO)C(=O)c2cc(ccc2O1)NS(=O)(=O)c1ccccc1,0,0.068195,0.041057,0.009852
O.OCC(O)C(O)C(OC1OC(CO)C(O)C(O)C1O)C(O)CO,0,0.001688,0.159787,0.061229
NC[C@H]1CCS(=O)(=O)C1,0,0.009096,0.060399,0.027137
NC1=CNC=CC1=O,0,0.023992,0.059725,0.038072
C[C@H]1CN([C@@H](C)CO)C(=O)CCCn2nncc2CO[C@H]1CN(C)C(=O)Nc1cccc(c1)Oc1ccccn1,0,0.002862,0.024150,0.004455
COc1ccc(cc1)S(=O)(=O)Nc1cccc2c1O[C@H](CN(C)C(=O)Nc1c(noc1C)C)[C@H](C)CN([C@H](C)CO)C2=O,0,0.034356,0.023275,0.004879
O[C@H]1COC[C@@H]2O[C@@H](CC[C@H]2N(C1)Cc1cccc(c1)C(F)(F)F)CC(=O)NCCc1ccncc1,0,0.783656,0.167699,0.166921
C[N+](C)(C)CCCCNC(=O)[C@H]1C[C@@H]2N([C@H]1c1cccc(c1)OCCO)C(=O)[C@H](Cc1ccccc1)NC2=O,0,0.290878,0.044471,0.027841
COc1ccc(cc1)CN(C)C[C@H]1OCCCC[C@H](C)Oc2ccc(cc2C(=O)N(C[C@@H]1C)[C@@H](C)CO)NC(=O)NC(C)C,0,0.032814,0.027232,0.009201
C[C@@H]1CN([C@@H](C)CO)C(=O)c2cc(cnc2O[C@@H]1CN(C)S(=O)(=O)c1ccccc1)C#CC1(O)CCCC1,0,0.007950,0.026175,0.005141
C[C@H]1CN([C@H](C)CO)C(=O)c2cc(cnc2O[C@H]1CN(C)S(=O)(=O)c1ccc(cc1)C)C#CC1(O)CCCC1,0,0.019272,0.023945,0.005411
C[C@@H]1CN([C@@H](C)CO)C(=O)c2cc(ccc2O[C@H]1CN(C)S(=O)(=O)c1ccc(cc1)Cl)NS(=O)(=O)c1cn(cn1)C,0,0.104108,0.024649,0.006216
C[C@H]1CN([C@@H](C)CO)C(=O)c2cccc(c2O[C@H]1CN(C)S(=O)(=O)C)NC(=O)Nc1c(noc1C)C,0,0.049404,0.025055,0.008177
CCn1cc(C(=O)O)c(=O)c2cnc(N3CCCC3)nc21,0,0.570454,0.374900,0.312398
COc1ccc(cc1)NC(=O)Nc1ccc2c(c1)C(=O)N(C[C@@H](C)[C@H](CN(C)C(=O)Nc1cccc3ccccc13)O2)[C@@H](C)CO,0,0.020016,0.023092,0.006794
CC(C)C[C@H](N)C(=O)N1CCN=C1C,0,0.014572,0.026343,0.009062
C[C@@H]1CN([C@@H](C)CO)C(=O)c2c(c3ccccc3n2C)-c2ccccc2CO[C@@H]1CN(C)C(=O)Nc1ccccc1,0,0.027933,0.024896,0.012157
C[C@H]1CN([C@H](C)CO)C(=O)c2cccc(c2O[C@@H]1CN(C)C(=O)NC1CCCCC1)NC(=O)c1cc(nn1C)C,0,0.033838,0.024143,0.006955
C[C@H]1CCCCO[C@@H](CN(C)S(=O)(=O)c2ccc(cc2)F)[C@H](C)CN([C@H](C)CO[Si](C)(C)C(C)(C)C)C(=O)c2cc(ccc2O1)NC(=O)Nc1ccccc1,0,0.026693,0.026583,0.012369
C[C@@H]1CN([C@H](C)CO)S(=O)(=O)c2ccc(cc2O[C@H]1CN(C)S(=O)(=O)c1cn(cn1)C)C#Cc1ccccc1,0,0.080676,0.027109,0.005395
C[C@@H]1CN([C@H](C)CO)C(=O)Cc2cc(ccc2O[C@@H]1CN(C)S(=O)(=O)c1cccs1)NS(=O)(=O)c1c(noc1C)C,0,0.000946,0.024348,0.006889
Cc1ccc(cc1)S(=O)(=O)N[C@@H](Cc1ccccc1)C(=O)NCCn1cc(nn1)-c1ccc(s1)C(=O)NO,0,0.435567,0.119736,0.052733
CC(C)[Si](O[Si](C#Cc1ccc(cc1)Oc1ccccc1)(C(C)C)C(C)C)(C#Cc1ccc(cc1)Oc1ccccc1)C(C)C,0,0.114715,0.366591,0.132871
COc1ccc(cc1)NC(=O)Nc1ccc2c(c1)C(=O)N(C[C@@H](C)[C@@H](CN(C)S(=O)(=O)C)O2)[C@H](C)CO,0,0.019192,0.027005,0.007946
C[C@@H]1CCCCO[C@H](CN(C)S(=O)(=O)C)[C@@H](C)CN([C@H](C)CO)C(=O)c2cc(ccc2O1)NS(=O)(=O)c1ccc(cc1)F,0,0.008238,0.024411,0.006655
C[C@H]1CN([C@H](C)CO)C(=O)c2cccc(c2O[C@H]1CN(C)Cc1ccc(cc1)C(F)(F)F)NC(=O)c1nc2ccccc2s1,0,0.146310,0.165513,0.078611
C[C@@H]1CN([C@@H](C)CO)C(=O)Cc2cc(ccc2O[C@@H]1CN(C)S(=O)(=O)C)NC(=O)Nc1ccc2c(c1)OCO2,0,0.003000,0.024942,0.006547
C[C@@H]1CN([C@H](C)CO)C(=O)c2cc(ccc2O[C@@H]1CN(C)C(=O)Nc1c(noc1C)C)NS(=O)(=O)c1ccccc1,0,0.012102,0.023763,0.005190
C[C@H]1CN([C@H](C)CO)C(=O)c2cc(ccc2O[C@H]1CN(C)Cc1ccc(cc1)-c1ccccc1)NC(=O)Cc1cn(c2ccccc12)C,0,0.023419,0.027210,0.009851
C[C@@H]1CCCCO[C@@H](CN(C)Cc2ccc3c(c2)OCO3)[C@H](C)CN([C@@H](C)CO)C(=O)c2cc(ccc2O1)NC(=O)Cc1ccccc1,0,0.004800,0.022541,0.005729
NCc1ccc(cc1)S(=O)(=O)O,0,0.044634,0.112958,0.070653
C[C@@H]1CCCCO[C@H](CN(C)Cc2ccccc2)[C@@H](C)CN([C@H](C)CO)C(=O)c2cc(ccc2O1)NC(=O)C1CCCCC1,0,0.028173,0.028585,0.007851
CN1CCN(CC#N)C(=O)C21CCN(CC2)S(=O)(=O)C1CC1,0,0.002111,0.146778,0.013449
COc1ccc(cc1)[Si](C)(C)[C@@H]1[C@@H](C)[C@@]2(O[C@H]1CC(=O)N(CCO)Cc1ccccc1)C(=O)N(Cc1ccc(cc1)N1CCC1=O)c1ccccc12,0,0.323435,0.072482,0.015182
C[C@H]1CN([C@H](C)CO)C(=O)Cc2cc(ccc2O[C@H]1CN(C)S(=O)(=O)c1ccc(cc1)Cl)NC(=O)C1CC1,0,0.016816,0.025025,0.005606
COc1ccc2c(c1)NC(=O)C(=C2)CCN,0,0.366504,0.041420,0.021892
C[C@@H]1CN([C@H](C)CO)C(=O)c2cc(ccc2O[C@@H]1CN(C)Cc1ccc(cc1)Oc1ccccc1)NC(=O)Cn1cnnn1,0,0.016502,0.028050,0.009304
CC(C)NC(=O)N(C)C[C@@H]1OCCCC[C@@H](C)Oc2ccc(cc2C(=O)N(C[C@@H]1C)[C@H](C)CO)NC(=O)CCCCCC(=O)Nc1ccccc1N,0,0.008528,0.028559,0.005195
C[C@H]1CCCCO[C@@H](CN(C)C(=O)Nc2ccc(cc2)F)[C@@H](C)CN([C@H](C)CO)C(=O)c2cc(ccc2O1)NS(=O)(=O)c1ccc(cc1)Cl,0,0.072178,0.023832,0.005982
COc1ccc(cc1)S(=O)(=O)N(C)C[C@@H]1Oc2c(cccc2C(=O)N(C[C@H]1C)[C@@H](C)CO)NS(=O)(=O)c1cn(cn1)C,0,0.050303,0.028156,0.006711
COC(=O)C[C@@H]1CC[C@H]2[C@H](COc3ccc(cc3C(=O)N2C)NS(=O)(=O)c2ccccc2Cl)O1,0,0.017735,0.027335,0.013271
COc1ccc(cc1)NC(=O)Nc1ccc2c(c1)C(=O)N(C[C@@H](C)[C@H](CN(C)S(=O)(=O)c1ccccc1)OCCCC[C@H](C)O2)[C@H](C)CO,0,0.002704,0.023490,0.004098
COc1cc(ccc1N1CCCS1(=O)=O)N,0,0.010981,0.024831,0.012799
C[C@H]1CCCCO[C@H](CN(C)CC2CCCCC2)[C@@H](C)CN([C@@H](C)CO)C(=O)c2cc(ccc2O1)NC(=O)C1CCCCC1,0,0.080562,0.031001,0.012156
C[C@@H]1CCCCO[C@@H](CN(C)Cc2ccccc2)[C@@H](C)CN([C@@H](C)CO)C(=O)c2cc(ccc2O1)NC(=O)Nc1c(noc1C)C,0,0.024123,0.031711,0.009970
C[C@H]1CN([C@@H](C)CO)C(=O)c2cc(cnc2O[C@@H]1CN(C)CC1CCOCC1)C#Cc1ccc(cc1)F,0,0.331450,0.032367,0.011299
CCOC(=O)c1cc2c(c(n1)-c1cccc(c1)-c1cccc(c1)OC)[C@@H](CCO)N(C2)S(=O)C(C)(C)C,0,0.098131,0.283296,0.224011
C[C@@H]1CN([C@@H](C)CO)C(=O)Cc2cc(ccc2O[C@H]1CN(C)S(=O)(=O)c1cccs1)NC(=O)CCC(F)(F)F,0,0.009615,0.027234,0.010568
COc1ccc(cc1)NC(=O)Nc1ccc2c(c1)C(=O)N(C[C@H](C)[C@H](CN(C)CC1CCCCC1)O2)[C@@H](C)CO,0,0.080299,0.034506,0.012303
CCS(=O)(=O)N1Cc2cc(nc(c2[C@@H]1CCO)-c1cccc(c1)-c1ccncc1)C(=O)NCCOC,0,0.020104,0.025188,0.008757
c1ccc(cc1)-c1cc(n(n1)-c1ccccc1)-c1ccccc1,0,0.533953,0.193013,0.163499
CN1CCN(CC1)C(=O)C[C@H]1CC[C@@H]2[C@H](COC[C@H](O)CN2S(=O)(=O)c2cccc(c2)F)O1,0,0.448872,0.048027,0.013269
C[C@@H]1CCCCO[C@@H](CN(C)C(=O)CCC(F)(F)F)[C@@H](C)CN([C@H](C)CO)C(=O)c2cc(ccc2O1)NC(=O)Nc1ccc(cc1)F,0,0.316018,0.032108,0.021301
CC(C)(C)[S@@](=O)N1Cc2cc(nc(c2[C@H]1CCO)-c1cccc(c1)-c1ccc(cc1)C#N)C(=O)NCCc1ccncc1,0,0.001096,0.100595,0.042055
CC(C)(O)[C@H]1CC[C@](C)(O1)[C@H]1[C@@H](O)C[C@@]2(C)[C@@H]3C[C@H](O[C@@H]4O[C@H](CO)[C@@H](O)[C@H](O)[C@H]4O)[C@H]4C(C)(C)[C@H](CC[C@@]44C[C@@]34CC[C@]12C)O[C@@H]1OC[C@@H](O)[C@H](O)[C@H]1O,0,0.550607,0.125538,0.046862
C[C@@H]1CN([C@H](C)CO)S(=O)(=O)c2ccc(cc2O[C@@H]1CN(C)S(=O)(=O)c1cn(cn1)C)C#Cc1ccc(cc1)F,0,0.272953,0.028416,0.006823
CN1CCN(CC1)C(=O)C[C@@H]1CC[C@@H]2[C@H](COC[C@H](O)CN2S(=O)(=O)c2cccc(c2)Cl)O1,0,0.461674,0.050413,0.015100
C[C@H]1CCCCO[C@@H](CN(C)C(=O)Nc2ccc(cc2)F)[C@@H](C)CN([C@H](C)CO)C(=O)c2cc(ccc2O1)NC(=O)C1CCCCC1,0,0.071720,0.025532,0.006834
CN1CCC(=C2c3ccccc3CC(=O)c3sccc32)CC1.O=C(O)C=CC(=O)O,0,0.996273,0.768574,0.626463
C[C@@H]1CN([C@@H](C)CO)C(=O)c2cc(ccc2O[C@@H]1CN(C)S(=O)(=O)C)NC(=O)CCCCCC(=O)Nc1ccccc1N,0,0.009214,0.024487,0.004927
CN(C)CC(=O)N1C[C@@H]2[C@H]([C@@H](CO)N2C(=O)C1)c1ccc(cc1)C#Cc1cccnc1,0,0.720990,0.033336,0.013158
CN(C)CCCNC(=O)C[C@H]1CC[C@@H]2[C@H](COc3ccc(cc3C(=O)N2C)NC(=O)c2ccc3c(c2)OCO3)O1,0,0.016659,0.025042,0.007169
C[C@@H]1COC(=O)[C@@H](CC=CC[C@@H](CC(=O)N(CCO)Cc2ccccc2)C(=O)N1)Cc1ccc(cc1)F,0,0.013608,0.032241,0.028879
COC(=O)c1c(oc(c1C(=O)OC)C(=O)C)CC[C@@H](CO)NC(=O)N[C@H](Cn1cc(nn1)-c1cncn1C)C(C)C,0,0.912495,0.243119,0.168687
COc1ccc(cc1)[Si](C)(C)[C@@H]1[C@@H](C)[C@@]2(O[C@H]1CC(=O)N1Cc3ccccc3C[C@H]1CO)C(=O)N(C)c1c(cc(cc12)C)Br,0,0.666970,0.171669,0.106229
COc1cc2c(nc(nc2cc1OCCCN1CCCC1)N1CCC(F)(F)CC1)NC1CCN(CC1)C(C)C,0,0.853406,0.539249,0.351746
Fc1ccc(c2ccccc12)CSc1nc2ccccc2[nH]1,0,0.955865,0.583164,0.535434
C[C@H]1CCn2cc(nn2)COC[C@@H](Cc2ccccc2)NC(=O)[C@@H](C)CCn2cc(nn2)COC[C@@H](Cc2ccccc2)NC1=O,0,0.056171,0.031514,0.021760
C[C@@H]1CN([C@@H](C)CO)C(=O)c2cccc(c2O[C@H]1CN(C)C(=O)Nc1c(noc1C)C)NC(=O)c1ccc(cc1)-c1nccs1,0,0.056320,0.023847,0.006022
CN1CCN(CC1)C(=O)C[C@@H]1O[C@H](CO)[C@@H](NC(=O)Nc2c(noc2C)C)C=C1,0,0.188562,0.055621,0.021590
CCCC#Cc1ccc2c(c1)O[C@@H](CN(C)S(=O)(=O)c1cccc(c1)F)[C@@H](C)CN([C@H](C)CO)S2(=O)=O,0,0.131234,0.032045,0.006655
CC(C)(c1cc(c(c(c1)Br)O)Br)c1cc(c(c(c1)Br)O)Br,1,0.999632,0.579297,0.684341
COc1ccc(cc1)-c1cnc2c(c1)C(=O)N(C[C@H](C)[C@H](CN(C)C(=O)Cc1cccnc1)O2)[C@@H](C)CO,0,0.003268,0.022159,0.004568
C[C@H]1CN([C@@H](C)CO)C(=O)c2cccc(c2O[C@@H]1CN(C)CC1CCCCC1)NS(=O)(=O)c1cn(cn1)C,0,0.090038,0.023033,0.005878
C[C@@H]1CCCCO[C@H](CN(C)S(=O)(=O)C)[C@H](C)CN([C@@H](C)CO)C(=O)c2cc(ccc2O1)NS(=O)(=O)c1cccs1,0,0.003007,0.024117,0.005019
C[C@@H]1CCCCO[C@@H](CN(C)C(=O)c2ccccc2)[C@@H](C)CN([C@H](C)CO)C(=O)c2cc(ccc2O1)NC(=O)CCC(F)(F)F,0,0.040891,0.023240,0.011375
CO[C@@H]1CN(C)C(=O)c2cc(ccc2OC[C@@H](C)N(C[C@H]1C)C(=O)Nc1ccc(cc1)C(F)(F)F)NC(=O)C1CCCCC1,0,0.562233,0.244146,0.295178
C[C@H]1CCCCO[C@@H](CN(C)S(=O)(=O)C)[C@@H](C)CN([C@@H](C)CO)C(=O)c2cc(ccc2O1)N(C)C,0,0.009629,0.031011,0.007655
C[C@@H]1CN([C@@H](C)CO)C(=O)c2cc(cnc2O[C@@H]1CN(C)C(=O)CN(C)C)-c1ccc(cc1)C(=O)N(C)C,0,0.020899,0.022628,0.008283
COc1ccc(cc1)C#Cc1ccc(cc1)[C@H]1[C@H](CO)N2CCCCN(C[C@H]12)S(=O)(=O)c1cn(cn1)C,0,0.368259,0.038894,0.020033
CC(C)(C)C(=O)C[n+]1ccc(cc1)C(=O)N,0,0.039911,0.221309,0.052921
CN1CCN(CC1)C(=O)C[C@@H]1O[C@@H](CO)[C@@H](NC(=O)Cc2ccccn2)C=C1,0,0.022162,0.025249,0.007761
C[C@H]1CN([C@@H](C)CO)C(=O)Cc2cc(ccc2O[C@H]1CN(C)S(=O)(=O)c1ccccc1)NC(=O)c1ccncc1,0,0.000498,0.023314,0.003896
C[C@@H]1CN([C@@H](C)CO)C(=O)c2cc(ccc2O[C@H]1CN(C)C(=O)Nc1cccc2ccccc12)NC(=O)NC1CCCCC1,0,0.023085,0.023545,0.007687
C[C@H]1CCCCO[C@H](CN(C)S(=O)(=O)c2cccs2)[C@H](C)CN([C@@H](C)CO)C(=O)c2cc(ccc2O1)NC(=O)CCC(F)(F)F,0,0.012021,0.026960,0.008053
C[C@H]1CN([C@@H](C)CO)C(=O)c2ccccc2-c2ccccc2CO[C@@H]1CN(C)C(=O)Nc1cccc(c1)F,0,0.128298,0.249171,0.068859
CC1=NNC(=O)CC1,0,0.012368,0.028192,0.016015
CCCC[P+](CCCC)(CCCC)Cc1ccc(cc1)NC(=O)[C@@H](Cc1ccc2ccccc2c1)N=C(NC1CCCCC1)NC1CCCCC1,1,0.490556,0.207700,0.249255
C[C@H]1CCCCO[C@@H](CN(C)S(=O)(=O)c2ccccc2)[C@@H](C)CN([C@H](C)CO)C(=O)c2cc(ccc2O1)NC(=O)CCC(F)(F)F,0,0.020105,0.025079,0.006044
CN(C)C(=O)C[C@H]1CC[C@@H]2[C@H](COC[C@H](O)CN2S(=O)(=O)c2ccccc2)O1,0,0.065390,0.049484,0.010601
Cc1ccc(cc1C)NC(=O)[C@@H]1[C@@H]2CC/C=C\CC/C=C/CC[C@@H]21,0,0.513931,0.508791,0.303247
CO[C@@H]1CN(C)C(=O)c2ccc(cc2OC[C@H](C)N(C[C@@H]1C)C(=O)NC(C)C)NS(=O)(=O)c1ccccc1,0,0.002613,0.026186,0.007451
Cc1ccc(cc1)S(=O)(=O)N1C[C@@H](O)COC[C@@H]2O[C@H](CC[C@H]21)CC(=O)NCCN1CCCCC1,0,0.518654,0.050889,0.012818
COc1ccc(cc1)S(=O)(=O)N(C)C[C@H]1Oc2ccc(cc2C(=O)N(C[C@H]1C)[C@H](C)CO)NC(=O)C1CC1,0,0.014335,0.024253,0.005135
C[C@@H]1CN([C@@H](C)CO)C(=O)Cc2cc(ccc2O[C@@H]1CN(C)C(=O)Nc1ccc(cc1)C(F)(F)F)NC(=O)Nc1ccc(cc1)C(F)(F)F,0,0.919336,0.079352,0.058501
Cc1ccccc1NC(=O)CCCCCCCCC=C,0,0.617739,0.180796,0.215591
Cc1ccccc1N1C(=O)c2cc(S(N)(=O)=O)c(Cl)cc2NC1C,0,0.000003,0.026565,0.023122
CC(C)NC(=O)N(C)C[C@@H]1Oc2ccc(cc2C(=O)N(C[C@H]1C)[C@@H](C)CO)NC(=O)CCC(F)(F)F,0,0.284854,0.323818,0.195001
COc1ccc(cc1)-c1ccc2c(c1)O[C@@H](CN(C)CC1CCOCC1)[C@H](C)CN([C@@H](C)CO)S2(=O)=O,0,0.120073,0.035965,0.010223
C[C@H]1CN([C@@H](C)CO)C(=O)c2cc(ccc2O[C@H]1CN(C)C(=O)Nc1ccc(cc1)C(F)(F)F)NC(=O)Cn1cnnn1,0,0.877186,0.522373,0.554509
COCC#Cc1cnc2c(c1)C(=O)N(C[C@@H](C)[C@@H](CN(C)C(=O)c1cnccn1)O2)[C@@H](C)CO,0,0.151045,0.025987,0.007919
COc1ccc(cc1)[Si](C)(C)[C@H]1[C@H](C)[C@@]2(O[C@@H]1CCOC(=O)NCCCCCC(=O)NO)C(=O)N(Cc1ccccc1)c1ccc(cc12)NC(=O)[C@@H](C)OC(=O)NCCCCCC(=O)NO,0,0.000000,0.085664,0.042520
CC1(C)CC(=O)c2c(n(nc2C(F)(F)F)-c2ccc(c(c2)N[C@H]2CC[C@@H](CC2)OC(=O)CN)C(=O)N)C1,0,0.961549,0.701053,0.545599
CC(C)NC(=O)Nc1ccc2c(c1)C(=O)N(C[C@H](C)[C@H](CN(C)C(=O)Nc1ccccc1)OCCCC[C@@H](C)O2)[C@H](C)CO,0,0.013421,0.024338,0.007012
OC[C@H]1O[C@@H](CC[C@H]1NC(=O)Nc1ccc2c(c1)OCO2)CC(=O)NCCCN1CCOCC1,0,0.057591,0.030928,0.014211
C[C@@H]1CN([C@H](C)CO)C(=O)Cc2cc(ccc2O[C@@H]1CN(C)Cc1ccc(cc1)Oc1ccccc1)NS(=O)(=O)c1ccc(cc1)F,0,0.001104,0.024724,0.007541
OC[C@H]1[C@@H](O)C[C@H]2[C@@H]1C(=O)OCC2=C,0,0.321905,0.061760,0.031336
C[C@H]1CN([C@H](C)CO)C(=O)c2cccc(c2O[C@@H]1CN(C)S(=O)(=O)C)NC(=O)Nc1ccc2c(c1)OCO2,0,0.014321,0.023828,0.005968
C[C@H]1CN([C@H](C)CO)C(=O)c2c(c3ccccc3n2C)-c2ccccc2CO[C@H]1CN(C)C(=O)Nc1cccc(c1Cl)Cl,0,0.539427,0.034288,0.011309
C[C@@H]1CCCCO[C@@H](CN(C)C(=O)Nc2ccc(cc2)C(F)(F)F)[C@H](C)CN([C@@H](C)CO)C(=O)c2cc(ccc2O1)NS(=O)(=O)C,0,0.243558,0.041818,0.020645
C[C@@H]1CCCCO[C@@H](CN(C)Cc2ccccc2)[C@H](C)CN([C@@H](C)CO)C(=O)c2cc(ccc2O1)NS(=O)(=O)c1ccc(cc1)F,0,0.007491,0.024600,0.006724
COc1c(cc(cc1C)-c1cc2c(c(n1)CCc1ccccc1)[Si](O[C@H]2c1ccccc1)(C(C)C)C(C)C)C,1,0.660324,0.416143,0.370471
Cl.ClCCN(CCCl)CCCl,0,0.000717,0.159501,0.064103
COc1ccc(cc1)S(=O)(=O)Nc1ccc2c(c1)C(=O)N(C[C@H](C)[C@H](CN(C)S(=O)(=O)c1ccccc1)O2)[C@@H](C)CO,0,0.007978,0.023281,0.006440
NCCc1c[nH]c2ccc(cc12)OCC(=O)O,0,0.819302,0.063738,0.061171
CNC[C@H]1Oc2cc(ccc2S(=O)(=O)N(C[C@H]1C)[C@H](C)CO)C#CC(C)(C)O,0,0.113931,0.098439,0.011414
C[C@H](NC(=O)C[C@H]1C[C@H]2[C@H](Oc3ccc(cc32)NC(=O)Nc2ccc(cc2)C(F)(F)F)[C@H](CO)O1)c1ccccc1,0,0.633923,0.199598,0.148515
C[C@@H]1CN([C@H](C)CO)C(=O)c2cc(ccc2O[C@@H]1CN(C)S(=O)(=O)c1cccs1)NC(=O)Cn1cnnn1,0,0.010666,0.023682,0.007190
CN(C)C(=O)c1ccc(cc1)-c1cccc(c1)-c1nc(cc2c1[C@@H](CCO)N(C2)[S@](=O)C(C)(C)C)C(=O)NC1CCC1,0,0.006050,0.089711,0.058893
C[C@H]1CN([C@@H](C)CO)C(=O)Cc2cc(ccc2O[C@H]1CN(C)C(=O)Nc1ccccc1)NC(=O)Cn1cnnn1,0,0.026210,0.023899,0.006421
OCc1ccc(cc1)[C@H]1[C@H](C(=O)NCCN2CCOCC2)c2ccccc2C(=O)N1Cc1cc(cc(c1)C(F)(F)F)C(F)(F)F,0,0.396953,0.144676,0.162120
C1CN(CCN1)c1cccc2c1OCCO2,0,0.318280,0.118279,0.035858
C[C@H]1CCCCO[C@@H](CN(C)C(=O)Nc2cccc3ccccc23)[C@H](C)CN([C@@H](C)CO)C(=O)c2cc(ccc2O1)NS(=O)(=O)c1ccc(cc1)Cl,0,0.011780,0.024479,0.005021
C[C@H]1CN([C@H](C)CO)C(=O)Cc2cc(ccc2O[C@@H]1CN(C)C(=O)Nc1c(noc1C)C)NS(=O)(=O)c1cn(cn1)C,0,0.016873,0.023512,0.004602
C[C@@H]1CN([C@H](C)CO)C(=O)c2cccc(c2O[C@@H]1CN(C)S(=O)(=O)c1cn(cn1)C)NS(=O)(=O)c1ccc(cc1)C,0,0.026365,0.027160,0.006874
C[C@H]1CN([C@@H](C)CO)C(=O)c2ccccc2-c2ccccc2CO[C@H]1CN(C)C(=O)N[C@H](C)c1ccccc1,0,0.029039,0.026543,0.020764
C[C@@H]1CN([C@@H](C)CO)C(=O)c2ccccc2-c2ccccc2CO[C@@H]1CN(C)C(=O)Oc1ccc(cc1)C,0,0.112044,0.037456,0.039472
CCC(=O)C12CC3CC(CC(C3)C2)C1,0,0.856895,0.101085,0.069328
C[C@@H]1CCCCO[C@@H](CN(C)S(=O)(=O)c2ccc(cc2)Cl)[C@H](C)CN([C@H](C)CO)C(=O)c2cc(ccc2O1)NC(=O)Nc1ccc2c(c1)OCO2,0,0.009849,0.024724,0.004727
C[C@H]1CN([C@@H](C)CO)C(=O)c2cccc(c2O[C@@H]1CN(C)C(=O)NC1CCCCC1)NC(=O)Nc1ccc(cc1)C(F)(F)F,0,0.714920,0.802467,0.868869
CCO[C@H]1OC(=C[C@H]([C@@H]1CCCOC(=O)NCCCCCC(=O)NO)c1csc2ccccc12)C(=O)N1CCN(CC1)Cc1ccccc1,0,0.000031,0.049113,0.029731
OC[C@@H](Cc1ccccc1)NC(=O)C[C@@H]1CC=CC[C@@H](NC(=O)OCC2c3ccccc3-c3ccccc32)C(=O)OC[C@@H](Cc2ccccc2)NC1=O,0,0.000157,0.034931,0.034282
NC1(Cc2ccccc2C1)C(=O)N1CCCN(CC1)S(=O)(=O)c1ccccc1,0,0.004355,0.038003,0.019941
C[C@@H]1CN([C@H](C)CO)C(=O)c2cc(ccc2O[C@H]1CN(C)C(=O)Nc1ccc2c(c1)OCO2)NS(=O)(=O)c1cn(cn1)C,0,0.021195,0.023589,0.004209
C[C@H]1CN([C@H](C)CO)C(=O)c2cccc(c2O[C@H]1CN(C)Cc1ccc(cc1)Oc1ccccc1)NC(=O)C1CCOCC1,0,0.012128,0.031056,0.009758
C[C@H]1CN([C@@H](C)CO)C(=O)c2cc(ccc2O[C@H]1CN(C)C(=O)Nc1c(noc1C)C)NC(=O)CCN1CCOCC1,0,0.007037,0.023686,0.004988
C[C@H]1CN([C@@H](C)CO)S(=O)(=O)c2ccc(cc2O[C@H]1CN(C)CC1CCOCC1)-c1cccnc1,0,0.036432,0.023681,0.005167
COc1cccc(c1)-c1cn(nn1)CC[C@@H]1CC[C@H](NC(=O)CN(C)C)[C@H](CO)O1,0,0.762904,0.043750,0.015593
CN(C)CCCNC(=O)[C@]1(CC(=O)N(C2CCCCC2)[C@@H]1c1ccc(cc1I)CO)Sc1ccc(cc1)C,0,0.981010,0.307818,0.133153
NCc1ccc(cc1)-c1nccs1,0,0.396764,0.154579,0.073574
C[C@H]1CN([C@@H](C)CO)C(=O)c2cccc(c2O[C@H]1CN(C)S(=O)(=O)c1cccs1)NC(=O)c1cnccn1,0,0.014675,0.023766,0.005567
C[C@@H]1CN([C@@H](C)CO)S(=O)(=O)c2ccc(cc2O[C@@H]1CN(C)S(=O)(=O)C)C#CCN(C)C,0,0.087681,0.022496,0.007824
C[C@H]1CN([C@H](C)CO)C(=O)c2ccccc2-c2ccccc2CO[C@@H]1CN(C)Cc1ccccc1C(F)(F)F,1,0.351488,0.830537,0.769964
C[C@@H]1CCCCO[C@@H](CN(C)S(=O)(=O)c2ccc(cc2)F)[C@H](C)CN([C@H](C)CO)C(=O)c2cc(ccc2O1)NC(=O)Nc1ccc(cc1)F,0,0.053838,0.024043,0.007762
C[C@@H]1CCCCO[C@@H](CN(C)Cc2ccccc2)[C@H](C)CN([C@@H](C)CO)C(=O)c2cc(ccc2O1)NC(=O)c1ccncc1,0,0.001940,0.023071,0.004006
CCS(=O)(=O)NCC[C@H]1CC[C@H](NC(=O)C2CCOCC2)[C@H](CO)O1,0,0.012962,0.051771,0.008927
C[C@H]1CCCCO[C@H](CN(C)Cc2ccc(c(c2)Cl)Cl)[C@@H](C)CN([C@H](C)CO)C(=O)c2cc(ccc2O1)NS(=O)(=O)c1cn(cn1)C,0,0.102928,0.023368,0.004083
C[C@@H]1CN([C@@H](C)CO)C(=O)c2cccc(c2O[C@@H]1CN(C)C(=O)Nc1cccc2ccccc12)NS(=O)(=O)c1ccc(cc1)F,0,0.040649,0.033625,0.011487
C[C@H]1CCCCO[C@H](CN(C)C(=O)NC2CCCCC2)[C@H](C)CN([C@@H](C)CO)C(=O)c2cc(ccc2O1)NC(=O)Cc1ccccc1,0,0.003763,0.022616,0.004944
O=C1C[C@@H](c2ccncc2)C2(CCNCC2)N1,0,0.447859,0.088253,0.027287
COc1ccc(cc1)NC(=O)Nc1ccc2c(c1)C(=O)N(C[C@@H](C)[C@@H](CN(C)Cc1ccccc1)OCCCC[C@H](C)O2)[C@H](C)CO,0,0.011624,0.024243,0.005151
C[C@@H]1CCCCO[C@@H](CN(C)C(=O)Nc2ccccc2)[C@@H](C)CN([C@@H](C)CO)C(=O)c2cc(ccc2O1)NC(=O)Nc1cccc2ccccc12,0,0.017145,0.021994,0.004873
OC[C@H]1O[C@@H]([C@@H](O)[C@@H](O)[C@@H]1O)n1nnc2ccccc12,0,0.435589,0.064780,0.048785
C[C@H]1CN([C@H](C)CO)C(=O)c2cccc(c2O[C@@H]1CN(C)Cc1ccc(cc1)C(=O)Nc1ccccc1N)NC(=O)Nc1ccc(cc1)F,0,0.091865,0.029864,0.009705
COc1ccc(cc1)NC(=O)Nc1cccc2c1O[C@H](CN(C)C(=O)Nc1ccc(cc1)C(F)(F)F)[C@@H](C)CN([C@H](C)CO)C2=O,0,0.784043,0.168018,0.166133
C[C@H]1CCCCO[C@@H](CN(C)S(=O)(=O)c2ccc(cc2)F)[C@@H](C)CN([C@H](C)CO)C(=O)c2cc(ccc2O1)NC(=O)CCCCCC(=O)Nc1ccccc1N,0,0.004920,0.024312,0.004576
COc1ccc2c3c(n(c2c1)C)[C@H](CO)N(Cc1ccccc1F)C[C@]13CN(C1)C(=O)C1CCOCC1,0,0.064461,0.067529,0.033610
ONC(=O)CCCCCNC(=O)OCCOc1cccc(c1)[C@@H]1N2[C@H]([C@H](C(=O)OCC=C)[C@]11C(=O)Nc3ccc(cc31)I)C(=O)O[C@H]([C@H]2c1ccccc1)c1ccccc1,0,0.000473,0.154959,0.047058
C[C@H]1CN([C@@H](C)CO)C(=O)Cc2cc(ccc2O[C@H]1CN(C)Cc1ccc(cc1)C(=O)Nc1ccccc1N)NC(=O)Nc1cccc2ccccc12,0,0.003722,0.023258,0.005965
COc1ccc(cc1)NC(=O)Nc1ccc2c(c1)CC(=O)N(C[C@H](C)[C@@H](CN(C)S(=O)(=O)C)O2)[C@H](C)CO,0,0.005655,0.027418,0.006663
C[C@H]1CN([C@@H](C)CO)C(=O)c2c(c3ccccc3n2C)-c2ccccc2CO[C@H]1CN(C)S(=O)(=O)c1ccc(cc1)C(F)(F)F,0,0.143295,0.080128,0.017013
Clc1ccc(c(c1)Cl)-c1nnc(s1)Nc1ccccc1,0,0.982522,0.853725,0.866424
C[C@H](O)C#Cc1ccc2c(c1)O[C@H](CN(C)C(=O)Cc1ccccn1)[C@H](C)CN([C@H](C)CO)S2(=O)=O,0,0.018794,0.025045,0.006243
CN1C(=O)N(C)c2nc(c(cc2C1=O)C(=O)NN)C,0,0.662830,0.126468,0.126963
C[C@H]1CCCCO[C@@H](CN(C)C(=O)C2CCCCC2)[C@@H](C)CN([C@H](C)CO)C(=O)c2cc(ccc2O1)NC(=O)Nc1ccccc1,0,0.010924,0.023978,0.005440
C[C@H]1CN([C@H](C)CO)C(=O)Cc2cc(ccc2O[C@H]1CN(C)S(=O)(=O)C)NC(=O)CCCN(C)C,0,0.003833,0.023321,0.006860
CC(C)NC(=O)Nc1ccc2c(c1)C(=O)N(C[C@H](C)[C@H](CN(C)C(=O)Nc1cccc3ccccc13)OCCCC[C@@H](C)O2)[C@H](C)CO,0,0.030859,0.023355,0.008309
C[C@H]1CN([C@H](C)CO)C(=O)c2cc(cnc2O[C@@H]1CN(C)S(=O)(=O)c1ccccc1F)C#Cc1ccccc1F,0,0.163051,0.039598,0.010469
C[C@@H]1CN([C@H](C)CO)C(=O)Cc2cc(ccc2O[C@H]1CN(C)Cc1ccc(cc1)C(F)(F)F)NC(=O)C1CCCCC1,0,0.082801,0.056759,0.028989
CC(=O)N1CCN(CC1)c1ncnc2nc[nH]c12,0,0.344331,0.077355,0.027590
Oc1ccc(Cl)cc1,0,0.295140,0.227391,0.104252
CN1CC(=O)N(C[C@@]21CCNC2)c1cccnc1,0,0.377602,0.057701,0.019746
C[C@H]1CN([C@H](C)CO)C(=O)c2cc(ccc2O[C@@H]1CN(C)Cc1ccc2c(c1)OCO2)NS(=O)(=O)C,0,0.005545,0.023696,0.006027
CC=C(C)C(=O)OC1CC(OC(C)=O)C2(C(=O)OC)COC3C2C12COC(O)(C(=O)OC)C2C(C)(C12OC1(C)C1CC2OC2OC=CC21O)C3O,0,0.007473,0.265268,0.102972
C[C@H]1CN([C@H](C)CO)C(=O)c2cc(cnc2O[C@H]1CN(C)C(=O)Cc1ccccn1)C#CC1CCCCC1,0,0.009499,0.022791,0.005867
C[C@H]1CN([C@H](C)CO)C(=O)Cc2cc(ccc2O[C@@H]1CN(C)S(=O)(=O)c1cccs1)NC(=O)C1CC1,0,0.000752,0.023818,0.005323
C[C@@H]1CN([C@H](C)CO)C(=O)c2c(c3ccccc3n2C)-c2ccccc2CO[C@@H]1CN(C)Cc1cccc2c1OCCCO2,0,0.013661,0.031364,0.009093
CN(C)CCCNC(=O)C[C@H]1CC[C@@H]2[C@H](COc3ccc(cc3C(=O)N2C)NC(=O)NC2CCCC2)O1,0,0.113532,0.027552,0.018629
O[C@H]1COC[C@@H]2O[C@@H](CC[C@H]2N(C1)S(=O)(=O)c1ccccc1F)CC(=O)NCc1ccccc1Cl,0,0.593394,0.035827,0.022468
C[C@@H]1CN([C@@H](C)CO)C(=O)c2cc(ccc2O[C@H]1CN(C)S(=O)(=O)c1cn(cn1)C)NC(=O)Cn1cnnn1,0,0.058716,0.024558,0.005610
COCC(=O)Nc1ccc2c(c1)C(=O)N(C)C[C@@H](OC)[C@H](C)CN([C@H](C)CO2)C(=O)CN1CCOCC1,0,0.002156,0.022278,0.005206
C[C@@H]1CN([C@H](C)CO)C(=O)c2cc(cnc2O[C@@H]1CN(C)C(=O)C)C#CC(C)(C)O,0,0.008500,0.061759,0.015001
CC(C)(C)c1ccc2c(c1)O[C@@H](CO2)C(=O)N/N=C/c1ccc[nH]1.CC(C)(C)c1ccc2c(c1)O[C@@H](CO2)C(=O)N/N=C\c1ccc[nH]1,0,0.200608,0.042718,0.087674
COCCOC(=O)N1C(=O)[C@]2([C@@H]([C@@H]3N([C@H]([C@H](OC3=O)c3ccccc3)c3ccccc3)[C@@H]2c2ccc(cc2)O)C(=O)N2CCCCCCC2)c2cc(ccc21)C#Cc1ccc(cc1)OC,0,0.589352,0.222355,0.066690
C[C@@H]1CN([C@@H](C)CO)C(=O)c2cc(ccc2O[C@H]1CN(C)Cc1ccc(c(c1)Cl)Cl)NC(=O)Cc1ccccc1,0,0.050239,0.047487,0.027886
CC1=CC(=C)C(=C2NN=C(N)S2)C(=C1)C,0,0.986408,0.184104,0.069124
CO[C@@H]1CN(C)C(=O)c2ccc(cc2OC[C@@H](C)N(C[C@@H]1C)C(=O)CN(C)C)NC(=O)c1ccc(cc1)F,0,0.062048,0.032229,0.011673
COc1ccc(cc1)NC(=O)Nc1ccc2c(c1)C(=O)N(C[C@H](C)[C@H](CN(C)Cc1ccccc1)OCCCC[C@H](C)O2)[C@@H](C)CO,0,0.011624,0.024243,0.005151
C[C@@H]1CN([C@H](C)CO)C(=O)Cc2cc(ccc2O[C@@H]1CN(C)S(=O)(=O)c1ccccc1)NC(=O)CCCN(C)C,0,0.003377,0.024633,0.005520
Cc1cccc(c1)[C@@H](N)c1nccn1C,0,0.871283,0.148595,0.062958
COCC#Cc1ccc2c(c1)O[C@@H](CN(C)C(=O)Nc1ccccc1F)[C@H](C)CN([C@H](C)CO)S2(=O)=O,0,0.544105,0.032865,0.008491
C[C@H]1CN([C@H](C)CO)C(=O)c2cccc(c2O[C@H]1CN(C)C(=O)NC1CCCCC1)NC(=O)Nc1cccc2ccccc12,0,0.062021,0.026163,0.013661
OCCNC(=O)c1nc(c2ccccc2n1)NCCO,0,0.094439,0.062721,0.064549
C[C@H]1CN([C@@H](C)CO)C(=O)Cc2cc(ccc2O[C@@H]1CN(C)S(=O)(=O)c1c(noc1C)C)NC(=O)Cn1cnnn1,0,0.010412,0.024432,0.006371
CO[C@H]1CN(C)C(=O)c2cc(ccc2OC[C@H](C)N(CCC(F)(F)F)C[C@H]1C)NS(=O)(=O)c1cn(cn1)C,0,0.141574,0.075486,0.016626
OC1CCN(CC1)C(=O)c1ccc(o1)S(=O)(=O)N1CCOCC1,0,0.000161,0.036911,0.015263
C[C@H]1CN([C@@H](C)CO)C(=O)c2cc(ccc2O[C@@H]1CN(C)C(=O)NC1CCCCC1)NS(=O)(=O)c1c(noc1C)C,0,0.017706,0.024274,0.006541
Cc1c(cccc1-c1ccc(c2[nH]c3cc(ccc3c12)C(C)(C)O)C(=O)N)N1C=Nc2ccccc2C1=O,0,0.461589,0.407414,0.442602
C[C@@H]1CN([C@@H](C)CO)C(=O)c2cccc(c2O[C@@H]1CN(C)S(=O)(=O)c1ccc(cc1)C)NC(=O)c1cc(nn1C)C,0,0.020508,0.024106,0.005430
COC(=O)[C@]1(Cc2ccccc2N=[N+]=[N-])N=C(O[C@@H]1c1ccccc1N=[N+]=[N-])c1ccc(cc1)OCCCO,0,0.937641,0.111316,0.094730
COCCNC(=O)C[C@@H]1CC[C@H](NS(=O)(=O)c2ccc(cc2)C)[C@H](CO)O1,0,0.015960,0.027443,0.008812
C[C@H]1CN([C@H](C)CO)C(=O)c2cccc(c2O[C@@H]1CN(C)CC1CC1)NS(=O)(=O)c1ccc(cc1)C,0,0.029943,0.034441,0.006650
C[C@H]1CN([C@@H](C)CO)C(=O)c2cc(ccc2O[C@@H]1CN(C)S(=O)(=O)c1cccs1)NS(=O)(=O)c1cccs1,0,0.002944,0.025997,0.009439
COc1cccc(c1)N=[N+]=[N-],0,0.765215,0.047926,0.029631
C[C@@H]1CCCCO[C@@H](CN(C)C(=O)Cc2ccccc2)[C@@H](C)CN([C@@H](C)CO)C(=O)c2cc(ccc2O1)NS(=O)(=O)c1ccc(cc1)F,0,0.003350,0.023390,0.005110
COC1C(=O)C2(C)C(OC)CC3OCC3(OC(C)=O)C2C(OC(=O)c2ccccc2)C2(O)CC(OC(=O)C(O)C(NC(=O)OC(C)(C)C)c3ccccc3)C(C)=C1C2(C)C,0,0.000120,0.132263,0.096371
COc1cccc(c1)NC(=O)N[C@H]1C=C[C@@H](CC(=O)N2CCOCC2)O[C@@H]1CO,0,0.010799,0.085143,0.022379
C[C@@H]1CN([C@@H](C)CO)C(=O)Cc2cc(ccc2O[C@H]1CN(C)C(=O)Nc1ccc(cc1)F)NC(=O)Nc1ccc(cc1)C(F)(F)F,0,0.569825,0.043373,0.041661
C[C@@H]1CCCCO[C@@H](CN(C)S(=O)(=O)c2ccc(cc2)Cl)[C@@H](C)CN([C@H](C)CO)C(=O)c2cc(ccc2O1)NS(=O)(=O)c1ccc(cc1)Cl,0,0.027520,0.025638,0.006985
Cc1ccc2c(c1)C(=C(C(=O)N2)C1=NN([C@@H](C1)c1ccc(cc1)Br)C(=O)CCC(=O)O)c1ccccc1,0,0.883098,0.721648,0.619654
N[C@@H](Cc1ccc(cc1)-c1cc(nc(n1)N)O[C@@H](c1ccc(cc1)-c1cccc(c1)F)C(F)(F)F)C(=O)O,0,0.961154,0.391376,0.268373
C[C@@H]1CN([C@H](C)CO)C(=O)Cc2cc(ccc2O[C@H]1CN(C)S(=O)(=O)c1ccc(cc1)C)NC(=O)c1ccncc1,0,0.001193,0.023312,0.004113
CC(=O)c1ccccc1OC[C@@H](O)CN(CCO)CCO,0,0.029415,0.120587,0.113684
C[C@H]1CN([C@@H](C)CO)C(=O)CCCn2nncc2CO[C@H]1CN(C)C(=O)Nc1cccc2ccccc12,0,0.038044,0.024469,0.009415
C[C@@H]1CN([C@@H](C)CO)C(=O)c2cccc(c2O[C@H]1CN(C)S(=O)(=O)c1ccccc1)NC(=O)c1cc(nn1C)C,0,0.012179,0.023477,0.005282
C[C@@H]1CCCCO[C@H](CN(C)S(=O)(=O)c2ccc(cc2)C)[C@@H](C)CN([C@@H](C)CO)C(=O)c2cc(ccc2O1)NS(=O)(=O)C,0,0.006709,0.023491,0.004671
OC[C@@H]1O[C@H](C[C@H]2[C@@H]1Oc1ccc(cc12)NS(=O)(=O)c1ccc(cc1)F)CC(=O)NC1CCCC1,0,0.010711,0.028872,0.008559
C[C@H]1CN([C@@H](C)CO)C(=O)Cc2cc(ccc2O[C@H]1CN(C)C(=O)Nc1ccc2c(c1)OCO2)NC(=O)Cn1cnnn1,0,0.010701,0.021797,0.005602
C[C@H]1CN([C@@H](C)CO)C(=O)c2cc(ccc2O[C@H]1CN(C)S(=O)(=O)c1ccc(cc1)F)NS(=O)(=O)c1ccc(cc1)C,0,0.022368,0.023371,0.008108
C[C@H]1CN([C@@H](C)CO)C(=O)c2cccc(c2O[C@H]1CN(C)C(=O)Nc1ccc2c(c1)OCO2)NC(=O)c1ccncc1,0,0.006560,0.020320,0.005463
CO[C@H]1CN(C)C(=O)c2cc(ccc2OC[C@H](C)N(C[C@@H]1C)C(=O)CN(C)C)NS(=O)(=O)C,0,0.023125,0.113483,0.008310
C[C@H]1CCCCO[C@H](CN(C)C(=O)C2CCCCC2)[C@H](C)CN([C@@H](C)CO)C(=O)c2cc(ccc2O1)NC(=O)CCC(F)(F)F,0,0.107738,0.114599,0.080933
C[C@@H]1CN([C@@H](C)CO)C(=O)CCCn2nncc2CO[C@@H]1CN(C)Cc1ccc2c(c1)OCCN2C,0,0.319064,0.025672,0.009196
Clc1ccc(cc1)/C=C/C=O,0,0.974143,0.352088,0.254825
Cn1cnc(c1)S(=O)(=O)N1C[C@@H](O)COC[C@H]2O[C@H](CC[C@@H]21)CC(=O)NC1CCC1,0,0.171480,0.085200,0.010548
CC(C)CN(C(=O)COC(=O)c1oc2ccccc2c1C)C1=C(N)N(Cc2ccccc2)C(=O)NC1=O,0,0.170907,0.304032,0.179098
CCC(=O)N(C)C[C@@H]1Oc2ncc(cc2C(=O)N(C[C@H]1C)[C@@H](C)CO)C#C[C@H](C)O,0,0.010896,0.018750,0.009098
C[C@@H]1CCCCO[C@@H](CN(C)S(=O)(=O)c2ccc(cc2)F)[C@H](C)CN([C@@H](C)CO)C(=O)c2cc(ccc2O1)NS(=O)(=O)c1ccc(cc1)C,0,0.010166,0.023541,0.005939
COc1cccc(c1)CNC(=O)c1cc2c(c(n1)-c1cccc(c1)-c1ccncc1)[C@@H](CCO)N(C2)[S@](=O)C(C)(C)C,0,0.013254,0.107030,0.058477
Cc1nn(c(c1CN)C)C,0,0.065272,0.051246,0.015852
C[C@H]1CN([C@H](C)CO)C(=O)Cc2cc(ccc2O[C@H]1CN(C)C(=O)Nc1ccc(cc1)C(F)(F)F)NC(=O)C1CCCCC1,0,0.304394,0.104468,0.098556
CO[C@@H]1CN(C)C(=O)c2ccc(cc2OC[C@@H](C)N(C[C@H]1C)Cc1ccc(cc1)OC)NC(=O)c1nc2ccccc2s1,0,0.006116,0.027170,0.007880
CC(C=CC1(O)C(C)=CC(=O)CC1(C)C)=CC(=O)O,0,0.516605,0.199966,0.155785
CC[C@@H](C(=O)NC/C=C\C=C(\C)[C@@H](OC)[C@@H](C)[C@H]1O[C@@H](/C=C\C=C/C=C(/C)C(=O)C2=C(O)C=CNC2=O)[C@@H](O)[C@@H]1O)[C@@]1(O)O[C@@H](/C=C\C=C/C)C(C)(C)[C@@H](O)[C@@H]1O,0,0.973328,0.834677,0.647175
COc1ccc(cc1)S(=O)(=O)N(C)C[C@@H]1OCCCC[C@@H](C)Oc2ccc(cc2C(=O)N(C[C@@H]1C)[C@@H](C)CO)NC(=O)C1CCCCC1,0,0.005807,0.023948,0.004435
CCS(=O)(=O)Nc1ccc2c(c1)C(=O)N(C)[C@@H]1CC[C@@H](CC(=O)N[C@H]3CCN(C3)Cc3ccccc3)O[C@@H]1CO2,0,0.003040,0.023599,0.008069
C[C@@H]1CN([C@@H](C)CO)C(=O)c2cc(ccc2O[C@@H]1CN(C)C(=O)Nc1ccc2c(c1)OCO2)NS(=O)(=O)C,0,0.016906,0.024040,0.007307
C[C@H]1CN([C@H](C)CO)S(=O)(=O)c2ccc(cc2O[C@@H]1CN(C)C(=O)CN1CCOCC1)Br,0,0.045815,0.037604,0.009043
CCNC(=O)[C@@H]1CCCN1C(=O)[C@H](CCCNC(=N)N)NC(=O)[C@H](CC(C)C)NC(=O)[C@@H](COC(C)(C)C)NC(=O)[C@H](Cc1ccc(cc1)O)NC(=O)[C@H](CO)NC(=O)[C@H](Cc1c[nH]c2ccccc12)NC(=O)[C@H](Cc1cnc[nH]1)NC(=O)[C@H]1CCC(=O)N1,0,0.285027,0.628036,0.214945
C[C@@H]1CN([C@H](C)CO)C(=O)c2cccc(c2O[C@@H]1CN(C)Cc1ccccc1)NC(=O)C1CCOCC1,0,0.022485,0.024566,0.007079
C[C@H]1CCCCO[C@@H](CN(C)C(=O)Nc2ccc3c(c2)OCO3)[C@@H](C)CN([C@H](C)CO)C(=O)c2cc(ccc2O1)NC(=O)NC1CCCCC1,0,0.010432,0.022699,0.004951
COc1ccc(cc1)S(=O)(=O)N(C)C[C@@H]1Oc2ccc(cc2CC(=O)N(C[C@H]1C)[C@@H](C)CO)NC(=O)CCC(F)(F)F,0,0.035720,0.038189,0.007854
CCNC(=O)C[C@@H]1O[C@@H](CO)[C@H](NC(=O)C2CCOCC2)C=C1,0,0.023673,0.024471,0.006679
C[C@H]1CN([C@@H](C)CO)C(=O)c2cc(ccc2O[C@H]1CN(C)S(=O)(=O)C)NC(=O)Cc1cn(c2ccccc12)C,0,0.007396,0.023830,0.004253
CC1=NN(CC(=O)O)C(=O)C=C1,0,0.008812,0.054032,0.038289
COc1ccc(cc1)NC(=O)Nc1ccc2c(c1)C(=O)N(C[C@H](C)[C@H](CN(C)C(=O)Nc1ccc(cc1)OC)OCCCC[C@@H](C)O2)[C@H](C)CO,0,0.015586,0.023419,0.006236
CC(C)C[C@H](NC(=O)[C@H](CCc1ccccc1)NC(=O)CN1CCOCC1)C(=O)N[C@@H](Cc1ccccc1)C(=O)N[C@@H](CC(C)C)C(=O)[C@@]1(C)CO1,0,0.352939,0.074715,0.094213
OC[C@@H](O)[C@@H](O)[C@H](O)/C=N/NC(=O)CCCCC(=O)NO,0,0.001349,0.031552,0.027591
CC(C)[Si]1(OCc2cc(nc(c21)-c1ccc(cc1)Oc1ccccc1)-c1ccc(o1)-c1ccc(c(c1)Cl)Cl)C(C)C,0,0.011779,0.558788,0.242432
CN(C)CCCNC(=O)[C@]1(CC(=O)N(Cc2cc(cc(c2)C(F)(F)F)C(F)(F)F)[C@@H]1c1ccc(cc1)CO)Sc1ccc(cc1)C,0,0.983275,0.173517,0.082568
C[C@H]1CN([C@@H](C)CO)C(=O)Cc2cc(ccc2O[C@H]1CN(C)Cc1ccncc1)NS(=O)(=O)c1cccs1,0,0.000416,0.023946,0.004745
C[C@@H]1CCCCO[C@H](CN(C)C(=O)c2ccncc2)[C@H](C)CN([C@H](C)CO)C(=O)c2cc(ccc2O1)NS(=O)(=O)c1ccc(cc1)Cl,0,0.001758,0.023661,0.003818
CCN(CC)CCNC(=O)c1cc(S(C)(=O)=O)ccc1OC.Cl,0,0.798326,0.473403,0.306276
C1CCN(C1)[C@H]1CCCNC1,0,0.232457,0.068433,0.019327
Nc1nc(cs1)/C(=N\O)C(=O)N[C@H]1[C@H]2SCC(=C(N2C1=O)C(=O)O)C=C,1,0.997297,0.951083,0.982365
COCC(=O)N1C[C@@H](C)[C@@H](CN(C)C(=O)c2cc(ccc2OC[C@@H]1C)NC(=O)Nc1cccc(c1)F)OC,0,0.123765,0.039761,0.016495
CCC1(CC)C(=O)NC(=O)NC1=O,0,0.000850,0.071105,0.042924
COc1ccc(cc1)COC[C@@]12Oc3ccccc3[C@H]([C@H]2COC(=O)c2ccccc2)N2C(=O)c3ccccc3CSC2=N1,0,0.039574,0.205499,0.120813
CCCC[C@@H](C)[C@@H](OC(=O)C[C@@H](CC(=O)O)C(=O)O)[C@H](C[C@@H](C)C[C@H](O)CCCC[C@@H](O)C[C@H](O)[C@H](C)N)OC(=O)C[C@@H](CC(=O)O)C(=O)O,0,0.011065,0.398461,0.182841
Cn1ccc(n1)CO,0,0.002955,0.049259,0.027000
Cc1cc(no1)NC(=O)[C@@H]1CCCN1,0,0.013410,0.028209,0.014213
C[C@@H]1CN([C@@H](C)CO)C(=O)Cc2cc(ccc2O[C@H]1CN(C)Cc1ccc(cc1)Oc1ccccc1)NS(=O)(=O)c1ccc(cc1)F,0,0.001104,0.024724,0.007541
CN1CCN(CC1)C(=O)C[C@@H]1CC[C@@H]2[C@H](COC[C@H](O)CN2CC2CCCC2)O1,0,0.584468,0.066512,0.029922
CN1CCN(CC1)C(=O)C[C@@H]1CC[C@@H]2[C@H](COC[C@H](O)CN2S(=O)(=O)c2cccc(c2)C)O1,0,0.318543,0.040000,0.011129
CO[C@@H]1CN(C)C(=O)c2cc(ccc2OC[C@@H](C)N(C[C@H]1C)C(=O)Nc1cccc(c1)F)NC(=O)Nc1cccc(c1)F,0,0.431536,0.033318,0.026332
CC(C)CC#Cc1cnc2c(c1)C(=O)N(C[C@@H](C)[C@H](CN(C)C(=O)c1ccc3c(c1)OCO3)O2)[C@H](C)CO,0,0.024542,0.022770,0.004748
Cc1ccccc1S(=O)(=O)N1C[C@@H](O)COC[C@@H]2O[C@@H](CC[C@H]21)CC(=O)NCCc1ccncc1,0,0.065506,0.036527,0.009035
CC(C)(C)S(=O)N1Cc2cc(nc(c2[C@H]1CCO)-c1cccc(c1)C#CCC1CCCC1)C(=O)N1CCN(CC1)Cc1ccccc1,0,0.067639,0.120712,0.056886
COc1ccc(cc1)S(=O)(=O)Nc1ccc2c(c1)CC(=O)N(C[C@@H](C)[C@H](CN(C)Cc1ccncc1)O2)[C@H](C)CO,0,0.000495,0.023314,0.004076
O[C@H]1COC[C@H]2O[C@H](CC[C@@H]2N(C1)S(=O)(=O)c1cccc(c1)Cl)CC(=O)NCc1ccncn1,0,0.369103,0.026656,0.019421
NCc1csc2c1CCCC2,0,0.184747,0.036422,0.027572
CC(C)(C)OC(=O)N1CCC(N)CC1,0,0.244146,0.047079,0.015802
C[C@H]1CN([C@@H](C)CO)C(=O)Cc2cc(ccc2O[C@H]1CN(C)Cc1ccncc1)NC(=O)CCN1CCOCC1,0,0.001334,0.022778,0.005519
C[C@H]1CCCCO[C@H](CN(C)C(=O)Nc2ccccc2)[C@@H](C)CN([C@@H](C)CO)C(=O)c2cc(ccc2O1)NS(=O)(=O)c1ccc(cc1)C,0,0.006580,0.023487,0.004061
C[C@@H]1CCCCO[C@@H](CN(C)S(=O)(=O)c2c(noc2C)C)[C@@H](C)CN([C@H](C)CO)C(=O)c2cc(ccc2O1)NC(=O)CCCCCC(=O)Nc1ccccc1N,0,0.003390,0.026593,0.004854
NC[C@@H](c1cccnc1)S(=O)(=O)c1ccc(cc1)Cl,0,0.508590,0.563596,0.353082
CCOC(=O)c1c(n(c2cc(c(cc12)O)Br)-c1ccccc1)CN1CCN(CC1)c1ccccc1C,0,0.910599,0.746588,0.573455
C[C@H]1CN([C@@H](C)CO)C(=O)c2cc(ccc2O[C@@H]1CN(C)S(=O)(=O)c1ccc(cc1)Cl)NC(=O)CCN1CCOCC1,0,0.006775,0.023319,0.004470
C[C@@H]1CN([C@@H](C)CO)C(=O)c2ccccc2-c2ccccc2CO[C@H]1CN(C)C(=O)N[C@@H](C)c1ccccc1,0,0.029039,0.026543,0.020764
CO[C@@H]1CN(C)C(=O)c2cc(ccc2OC[C@@H](C)N(C[C@H]1C)Cc1ccc(cc1)-c1ccccn1)NC(=O)NC(C)C,0,0.012969,0.030917,0.019012
CO[C@@H]1CN(C)C(=O)c2ccc(cc2OC[C@@H](C)N(C[C@H]1C)C(=O)CN(C)C)NC(=O)Nc1ccccc1,0,0.045008,0.025196,0.012214
C[C@H]1CN([C@@H](C)CO)C(=O)c2cc(ccc2O[C@H]1CN(C)Cc1ccc2c(c1)OCO2)NC(=O)Nc1cccc2ccccc12,0,0.012328,0.036317,0.013350
COC[C@@H](O)CNc1ncnc2c1CCNCC2,0,0.037485,0.025284,0.013384
COc1cc2nccc(c2cc1OC)Oc1ccc(cc1)NC(=O)C1(CC1)C(=O)Nc1ccc(cc1)F,0,0.053807,0.338039,0.156396
COc1ccc(c(c1)C(C)(C)C)O,0,0.295628,0.313461,0.267449
COC[C@H]1CN(N1C)C(=O)c1cscn1,0,0.113419,0.041891,0.010395
OC[C@@H]1O[C@@H](C[C@H]2[C@@H]1Oc1ccc(cc12)NC(=O)C1CCOCC1)CC(=O)N1CCc2ccccc2C1,0,0.014559,0.024813,0.009555
C[C@H]1CCCCO[C@H](CN(C)C(=O)Nc2ccccc2)[C@@H](C)CN([C@@H](C)CO)C(=O)c2cc(ccc2O1)NC(=O)c1ccncc1,0,0.003864,0.021835,0.003791
C[C@H]1CN([C@@H](C)CO)C(=O)c2cc(ccc2O[C@H]1CN(C)C(=O)Nc1ccccc1)NC(=O)CCN1CCOCC1,0,0.003515,0.021664,0.004522
COc1ccc(cc1)NC(=O)Nc1ccc2c(c1)C(=O)N(C[C@@H](C)[C@@H](CN(C)Cc1ccccc1)OCCCC[C@@H](C)O2)[C@H](C)CO,0,0.011624,0.024243,0.005151
C[C@H]1CN([C@H](C)CO)C(=O)c2cc(cnc2O[C@H]1CN(C)C(=O)Nc1ccc2c(c1)OCO2)C#CC1(O)CCCC1,0,0.017756,0.053457,0.014231
COc1cccc(c1)S(=O)(=O)N(C)C[C@H]1Oc2cc(ccc2S(=O)(=O)N(C[C@@H]1C)[C@H](C)CO)C1=CCCC1,0,0.005106,0.024934,0.004950
C[C@@H]1CN([C@@H](C)CO)S(=O)(=O)c2ccc(cc2O[C@H]1CN(C)C(=O)c1cccnc1)-c1cccc(c1)C#N,0,0.000826,0.023377,0.004439
CN1CCN(CC1)C(=O)C[C@@H]1CC[C@@H](NC(=O)Nc2c(noc2C)C)[C@H](CO)O1,0,0.178237,0.056667,0.013298
CCCNC(=O)N1C[C@H](O)COC[C@@H]2O[C@H](CC[C@H]21)CC(=O)N1CCOCC1,0,0.138877,0.039261,0.024137
C[C@H]1CCCCO[C@H](CN(C)C(=O)c2ccccc2)[C@@H](C)CN([C@H](C)CO)C(=O)c2cc(ccc2O1)NC(=O)Cc1ccccc1,0,0.000834,0.021818,0.004259
C[C@@H]1CN([C@@H](C)CO)C(=O)c2cc(ccc2O[C@@H]1CN(C)Cc1ccc(cc1)-c1ccccc1)NC(=O)C1CCCCC1,0,0.073545,0.047281,0.025653
CCOC(=O)c1nnn(c1CN1CCSCC1)-c1nonc1N,0,0.302578,0.051856,0.097304
O[C@H]1COC[C@@H]2O[C@@H](CC[C@H]2N(C1)C(=O)c1ccc(cc1)F)CC(=O)NCCCN1CCOCC1,0,0.508395,0.323682,0.195168
C[C@@H]1CN([C@@H](C)CO)C(=O)Cc2cc(ccc2O[C@@H]1CN(C)Cc1ccc(cc1)-c1ccccc1)NS(=O)(=O)c1ccc(cc1)F,0,0.005160,0.026646,0.008097
COc1ccc(cc1)NC(=O)N(C)C[C@H]1OCCCC[C@H](C)Oc2ccc(cc2C(=O)N(C[C@H]1C)[C@@H](C)CO)NC(=O)c1ccccc1,0,0.004005,0.022220,0.004218
COc1ccc(cc1)NC(=O)Nc1ccc2c(c1)C(=O)N(C[C@H](C)[C@H](CN(C)C(=O)Nc1ccccc1)OCCCC[C@H](C)O2)[C@H](C)CO,0,0.012864,0.021913,0.004321
O[C@@H]1COC[C@@H]2O[C@@H](CC[C@H]2N(C1)C(=O)c1ccccc1F)CC(=O)N1CCN(CC1)c1ccccc1,0,0.441174,0.150960,0.082865
C[C@H]1CN([C@H](C)CO)C(=O)CCCn2cc(nn2)CO[C@H]1CN(C)S(=O)(=O)c1cn(cn1)C,0,0.020867,0.026096,0.006193
CC1(C)CC2C(=O)CCC3OC3(C)CCC21,0,0.525609,0.053308,0.034077
CC(C)[C@@H](N)C(=O)O,0,0.011058,0.026682,0.021664
C[C@H]1CN([C@H](C)CO)S(=O)(=O)c2ccc(cc2O[C@@H]1CN(C)S(=O)(=O)C)C#CCN(C)C,0,0.087681,0.022496,0.007824
OC(=O)c1ccnc(c1)C(=O)O,0,0.645751,0.069844,0.101725
Cc1ccc(cc1)S(=O)(=O)N1CCN(CC1)CC(=O)N/N=C/c1ccccn1,0,0.003859,0.049946,0.021083
C=C1C2CCC3(C)C(c4ccoc4)OC(=O)CC13OC1CC(=O)C(C)(C)C(C(O)C(=O)OC)C12C,0,0.951640,0.436476,0.228313
C[C@H]1CN([C@@H](C)CO)S(=O)(=O)c2ccc(cc2O[C@@H]1CN(C)C(=O)Cc1cccnc1)C#Cc1ccccc1F,0,0.071651,0.025323,0.005216
C[C@@H]1CN([C@H](C)CO)C(=O)c2cc(ccc2O[C@@H]1CN(C)CC1CCCCC1)NC(=O)Nc1cccc2ccccc12,0,0.110065,0.038650,0.021106
C[C@H]1CN([C@@H](C)CO)C(=O)c2cc(ccc2O[C@H]1CN(C)Cc1ccc2c(c1)OCO2)NC(=O)c1ccncc1,0,0.001594,0.021587,0.004583
C[C@H]1CN([C@H](C)CO)C(=O)Cc2cc(ccc2O[C@@H]1CN(C)S(=O)(=O)C)NC(=O)Nc1ccc(cc1)C(F)(F)F,0,0.104172,0.048662,0.036436
CCN(CC)[C@H]1CCS(=O)(=O)C1,0,0.016051,0.047381,0.036203
N[C@@H](CSCc1cccc(c1)Br)C(=O)O,0,0.836117,0.239642,0.097510
C[C@H]1CCCCO[C@@H](CN(C)C(=O)CCC(F)(F)F)[C@@H](C)CN([C@@H](C)CO)C(=O)c2cc(ccc2O1)NC(=O)NC1CCCCC1,0,0.057001,0.115436,0.079104
C[C@H]1CCCCO[C@@H](CN(C)Cc2ccc(cc2)C(F)(F)F)[C@H](C)CN([C@H](C)CO)C(=O)c2cc(ccc2O1)NC(=O)Nc1cccc2ccccc12,0,0.199152,0.027600,0.012387
C[C@H]1CN([C@@H](C)CO)C(=O)Cc2cc(ccc2O[C@@H]1CN(C)S(=O)(=O)c1cccs1)NC(=O)c1ccncc1,0,0.000381,0.023168,0.004262
CC(C)N1C[C@@H](C)[C@H](CN(C)Cc2ccc(cc2)Oc2ccccc2)Oc2c(cccc2C1=O)C(=O)Nc1ccncc1,0,0.002945,0.064311,0.030838
CN1N(C(=O)C=C1[C@@H]1C[C@H](OCCCCO)OC(=C1)C(=O)N[C@@H]1[C@H](O)Cc2ccccc21)c1ccccc1,0,0.010347,0.098921,0.033262
COc1nc2ccc(cc2cc1[C@@H](c1ccccc1)[C@@](O)(CCN(C)C)c1cccc2ccccc12)Br,0,0.929288,0.492979,0.384034
CO[C@@H]1CN(C)C(=O)c2ccc(cc2OC[C@H](C)N(C[C@@H]1C)C(=O)c1ccc2c(c1)OCO2)NS(=O)(=O)C,0,0.003800,0.023598,0.005746
C[C@H]1CN([C@@H](C)CO)C(=O)Cc2cc(ccc2O[C@@H]1CN(C)Cc1ccc(cc1)-c1ccccc1)NS(=O)(=O)c1ccc(cc1)C,0,0.003233,0.026353,0.006032
OCc1ccc(cc1)CO[C@@H]1C[C@@H](C=C(O1)C(=O)N1CCN(CC1)Cc1ccccc1)c1csc2ccccc12,0,0.032852,0.272184,0.131002
CCCC[C@H](C)C[C@H](O)/C=C/[C@H]1[C@H](O)CC(=O)[C@@H]1CCCC/C=C/C(=O)O,0,0.587812,0.626316,0.586711
CCS(=O)(=O)N1C[C@]2(C1)CN([C@H](CO)c1c2c2ccc(cc2n1C)OC)C(=O)CN1CCOCC1,0,0.002238,0.025107,0.008807
CO[C@@H]1C[C@@H](CC[C@H]1OC(=O)C(C)(CO)CO)C[C@@H](C)[C@@H]1CC(=O)[C@H](C)/C=C(\C)[C@@H](O)[C@@H](OC)C(=O)[C@H](C)C[C@H](C)/C=C/C=C/C=C(\C)[C@H](C[C@@H]2CC[C@@H](C)[C@@](O)(O2)C(=O)C(=O)N2CCCC[C@H]2C(=O)O1)OC,0,0.826990,0.640882,0.312864
CC(C)NC(=O)N(C)C[C@H]1Oc2c(cccc2C(=O)N(C[C@H]1C)[C@H](C)CO)NS(=O)(=O)c1ccc(cc1)F,0,0.059118,0.031414,0.014591
COc1ccc(cc1)NC(=O)N(C)C[C@@H]1Oc2ncc(cc2C(=O)N(C[C@H]1C)[C@@H](C)CO)C#C[C@@H](C)O,0,0.050690,0.028352,0.011362
C[C@@H]1CCCCO[C@@H](CN(C)Cc2ccc(cc2)C(F)(F)F)[C@H](C)CN([C@H](C)CO)C(=O)c2cc(ccc2O1)NC(=O)c1ccncc1,0,0.055898,0.019321,0.007662
C[C@H]1CCCCO[C@@H](CN(C)S(=O)(=O)c2c(noc2C)C)[C@H](C)CN([C@H](C)CO)C(=O)c2cc(ccc2O1)N(C)C,0,0.014707,0.023689,0.006187
COc1cc(ccc1O)C[C@H]1CO[C@@H]([C@@H]1CO[C@H]1O[C@@H](CO)[C@@H](O)[C@@H](O)[C@@H]1O)c1ccc(c(c1)OC)O,0,0.670851,0.139801,0.174808
C[C@H]1CCCCO[C@@H](CN(C)Cc2ccccc2)[C@@H](C)CN([C@@H](C)CO)C(=O)c2cc(ccc2O1)NS(=O)(=O)c1ccc(cc1)F,0,0.007491,0.024600,0.006724
Cc1cc(C2CCCCC2)n(O)c(=O)c1.NCCO,1,0.688124,0.452069,0.440433
COc1ccc(cc1)CN(C)C[C@H]1Oc2ccc(cc2C(=O)N(C[C@H]1C)[C@H](C)CO)NC(=O)Cn1cnnn1,0,0.034905,0.021783,0.008130
COc1ccc(cc1)NC(=O)Nc1ccc2c(c1)C(=O)N(C[C@H](C)[C@@H](CN(C)C(=O)Nc1ccc3c(c1)OCO3)OCCCC[C@H](C)O2)[C@@H](C)CO,0,0.009231,0.022487,0.004572
C[C@H]1CCCCO[C@H](CN(C)Cc2ccc(cc2)C(F)(F)F)[C@@H](C)CN([C@@H](C)CO)C(=O)c2cc(ccc2O1)N(C)C,0,0.334249,0.073468,0.039412
C[C@H]1CN([C@@H](C)CO)C(=O)Cc2cc(ccc2O[C@H]1CN(C)Cc1ccccc1)NC(=O)CCCCCC(=O)Nc1ccccc1N,0,0.005747,0.027059,0.005366
O[C@@H]1CC(=C[C@@H](O)[C@@H]1O)C(=O)O,0,0.009277,0.075442,0.037829
CN[C@@H](C)C(=O)N[C@H]1CN(CC[C@H]2CC[C@H](N2C1=O)C(=O)NC(c1ccccc1)c1ccccc1)C(=O)CC(C)C,0,0.192588,0.088522,0.174589
Fc1ccc(cc1)OCCN1CCC(CC1)C(=O)N[C@@H](c1ccc(cc1)F)c1ccc2ccccc2n1,1,0.572597,0.705021,0.769012
C[C@@H](NC(=O)C1CCN(CC1)S(=O)(=O)C1=C(C)NC(=O)NC1=O)c1ccccc1,0,0.417966,0.118896,0.022705
C[C@@H]1CCCCO[C@H](CN(C)S(=O)(=O)c2cn(cn2)C)[C@@H](C)CN([C@@H](C)CO)C(=O)c2cc(ccc2O1)NS(=O)(=O)c1ccccc1,0,0.002066,0.023319,0.004443
C[C@H]1CCCCO[C@@H](CN(C)Cc2ccccc2)[C@H](C)CN([C@@H](C)CO)C(=O)c2cc(ccc2O1)NC(=O)Nc1ccc2c(c1)OCO2,0,0.008186,0.025804,0.004556
CCCN(C)C[C@H]1OCCCC[C@H](C)Oc2ccc(cc2C(=O)N(C[C@H]1C)[C@H](C)CO)NS(=O)(=O)c1cn(cn1)C,0,0.064512,0.024613,0.006755
COc1ccc(cc1)NC(=O)N(C)C[C@H]1OCCCC[C@H](C)Oc2ccc(cc2C(=O)N(C[C@@H]1C)[C@@H](C)CO)NC(=O)NC(C)C,0,0.022366,0.026169,0.007418
C[C@@H]1CCCCO[C@@H](CN(C)S(=O)(=O)c2ccccc2)[C@H](C)CN([C@@H](C)CO)C(=O)c2cc(ccc2O1)NC(=O)NC1CCCCC1,0,0.004177,0.023492,0.004163
O=C1CCCN1CCCNC(=O)c1cccnc1,0,0.004088,0.043008,0.017815
C[C@@H]1CN([C@H](C)CO)S(=O)(=O)c2ccc(cc2O[C@@H]1CN(C)Cc1cccnc1)C#CCN(C)C,0,0.062602,0.027701,0.008157
COC(OC)[C@H](Cc1ccccc1)N(C[C@@H](CC(=O)N(C)C)/C=C/c1ccccc1)[C@@H]([C@H](Cc1ccccc1)OC(=O)C)c1ccc(cc1)OC,0,0.022816,0.046497,0.019499
CN1CCN(CC1)C(=O)C[C@H]1CC[C@@H]2[C@H](COC[C@@H](O)CN2C(=O)C2CCOCC2)O1,0,0.727771,0.035256,0.021877
OC[C@@H]1O[C@@H](C[C@@H]2[C@H]1Oc1ccc(cc12)NC(=O)NC1CCCC1)CC(=O)NCCN1CCCCC1,0,0.340941,0.039733,0.030037
COc1ccc(cc1)S(=O)(=O)N1C[C@H](O)COC[C@H]2O[C@H](CC[C@@H]21)CC(=O)NCCCN(C)C,0,0.428779,0.028332,0.011063
C[C@H]1CN([C@@H](C)CO)C(=O)c2cccc(c2O[C@@H]1CN(C)Cc1ccc(c(c1)Cl)Cl)NS(=O)(=O)c1ccc(cc1)C,0,0.050852,0.027119,0.006213
Clc1ccc(cc1)C(=O)Nc1ccc(cc1)-c1nc2ccc(cc2[nH]1)NC(=O)c1ccc(cc1)Cl,0,0.683562,0.282387,0.196608
CCC(C)CCCCC(=O)NC(CCN)C(=O)NC(C(=O)NC(CCN)C(=O)NC1CCNC(=O)C(C(C)O)NC(=O)C(CCN)NC(=O)C(CCN)NC(=O)C(CC(C)C)NC(=O)C(Cc2ccccc2)NC(=O)C(CCN)NC1=O)C(C)O.O=S(=O)(O)O,1,0.921576,0.747550,0.526510
C[C@H]1CN([C@@H](C)CO)C(=O)c2cc(ccc2O[C@H]1CN(C)CC1CCCCC1)NC(=O)Nc1cccc2ccccc12,0,0.110065,0.038650,0.021106
C[C@H]1CCCCO[C@H](CN(C)Cc2ccc(cc2)C(=O)O)[C@@H](C)CN([C@H](C)CO)C(=O)c2cc(ccc2O1)NC(=O)NC1CCCCC1,0,0.103711,0.040289,0.016859
COc1ccc(cc1)NC(=O)N(C)C[C@@H]1OCCCC[C@@H](C)Oc2ccc(cc2C(=O)N(C[C@H]1C)[C@@H](C)CO)NC(=O)Nc1cccc2ccccc12,0,0.020163,0.023585,0.003912
COC(=O)C1=CN(Cc2sc3ccccc3c2Cl)[C@@H](C=C(CCCO)C=C1C(=O)OC)c1ccc(cc1)CN1CCCC1,0,0.735220,0.650752,0.344902
C[C@H]1CN([C@@H](C)CO)S(=O)(=O)c2ccc(cc2O[C@H]1CN(C)C(=O)Nc1ccc(cc1)F)C#CC1(O)CCCC1,0,0.186807,0.031107,0.008138
C[C@@H]1CN([C@@H](C)CO)C(=O)c2cccc(c2O[C@H]1CN(C)S(=O)(=O)c1ccc(cc1)Cl)NC(=O)c1cnccn1,0,0.108021,0.024153,0.006714
COC[C@@H]1CN(N1C)C(=O)c1cscn1,0,0.113419,0.041891,0.010395
COCC#Cc1ccc2c(c1)O[C@@H](CN(C)C(=O)COC)[C@H](C)CN([C@H](C)CO)S2(=O)=O,0,0.178816,0.022921,0.009160
C[C@@H]1CCCCO[C@H](CN(C)C(=O)Cc2ccccc2)[C@@H](C)CN([C@@H](C)CO)C(=O)c2cc(ccc2O1)NC(=O)Nc1ccc(cc1)F,0,0.021921,0.022675,0.007286
CCC1=C(C)CN(C(=O)NCCc2ccc(S(=O)(=O)NC(=O)NC3CCC(C)CC3)cc2)C1=O,0,0.014648,0.050219,0.044405
C[C@H]1CN([C@H](C)CO)C(=O)c2cc(ccc2O[C@H]1CN(C)S(=O)(=O)C)NC(=O)Nc1ccc(cc1)C(F)(F)F,0,0.396283,0.272422,0.120017
CN(C)CC(=O)N[C@H]1CC[C@@H](CCNC(=O)C2CC2)O[C@H]1CO,0,0.382091,0.026719,0.008215
C[C@@H]1CCCCO[C@H](CN(C)Cc2ccc(cc2)C(=O)O)[C@H](C)CN([C@H](C)CO)C(=O)c2cc(ccc2O1)NC(=O)Nc1ccc(cc1)C(F)(F)F,0,0.796654,0.031831,0.010334
COCCNC(=O)C[C@@H]1CC[C@@H](NS(=O)(=O)c2ccc(cc2)C)[C@H](CO)O1,0,0.015960,0.027443,0.008812
COc1ccc(cc1)S(=O)(=O)N(C)C[C@H]1Oc2ccc(cc2CC(=O)N(C[C@H]1C)[C@@H](C)CO)NC(=O)NC(C)C,0,0.008349,0.025033,0.006197
C[C@H]1CCCCO[C@@H](CN(C)S(=O)(=O)c2ccccc2)[C@@H](C)CN([C@H](C)CO)C(=O)c2cc(ccc2O1)NC(=O)Nc1ccc2c(c1)OCO2,0,0.001615,0.024865,0.004536
OC[C@H]1O[C@H](C[C@H]2[C@@H]1Oc1ccc(cc12)NS(=O)(=O)c1ccccc1)CC(=O)NCC(F)(F)F,0,0.018842,0.029538,0.010939
C[C@H]1CN([C@@H](C)CO)C(=O)c2cc(cnc2O[C@H]1CN(C)S(=O)(=O)c1cn(cn1)C)C1=CCCC1,0,0.003273,0.025013,0.007993
C[C@@H]1CCCCO[C@H](CN(C)C(=O)Nc2ccc(cc2)C(F)(F)F)[C@@H](C)CN([C@H](C)CO)C(=O)c2cc(ccc2O1)NS(=O)(=O)c1cccs1,0,0.111667,0.046171,0.013536
CC(C)N1CC[C@H](CN(C)Cc2ccc(cc2)Oc2ccccc2)Oc2c(cccc2C1=O)NC(=O)c1ccncc1,0,0.001753,0.123569,0.064566
C[C@@H]1CN([C@H](C)CO)C(=O)c2cc(ccc2O[C@@H]1CN(C)S(=O)(=O)c1c(noc1C)C)NS(=O)(=O)c1ccc(cc1)C,0,0.015532,0.025604,0.007138
CN1CCN(CC1)C(=O)C[C@@H]1CC[C@H]2[C@@H](COC[C@H](O)CN2Cc2ccc(cc2)Oc2ccccc2)O1,0,0.354685,0.038292,0.028480
C[C@H]1CN([C@H](C)CO)C(=O)c2cc(ccc2O[C@@H]1CN(C)C(=O)NC1CCCCC1)NS(=O)(=O)c1c(noc1C)C,0,0.017706,0.024274,0.006541
COc1ccc(cc1)S(=O)(=O)N(C)C[C@H]1Oc2ccc(cc2C(=O)N(C[C@@H]1C)[C@@H](C)CO)NS(=O)(=O)c1cn(cn1)C,0,0.040066,0.025553,0.006217
COC(=O)C1=CC(=O)N=C2O[C@@H]3[C@@H](O)[C@@H](CO)O[C@@H]3N21,0,0.019066,0.226337,0.196580
C[C@@H]1CN([C@@H](C)CO)C(=O)Cc2cc(ccc2O[C@H]1CN(C)Cc1ccc(cc1)Oc1ccccc1)NC(=O)Nc1ccccc1,0,0.006612,0.027865,0.010723
COc1ccccc1C(=O)Nc1ccc2c(c1)C(=O)N(C)[C@H]1CC[C@H](CC(=O)NCCc3ccncc3)O[C@H]1CO2,0,0.003765,0.024588,0.007790
C[C@H]1CN([C@H](C)CO)S(=O)(=O)c2ccc(cc2O[C@@H]1CN(C)S(=O)(=O)C)-c1ccc(cc1)F,0,0.020443,0.026469,0.009270
C[C@@H]1CCCCO[C@H](CN(C)C(=O)Nc2ccc(cc2)C(F)(F)F)[C@H](C)CN([C@@H](C)CO)C(=O)c2cc(ccc2O1)NC(=O)Nc1ccccc1,0,0.303431,0.018576,0.007885
C[C@@H](CN)CC(=O)O,0,0.006356,0.032022,0.017099
C[C@@H]1CCCCO[C@H](CN(C)Cc2ccc(cc2)C(=O)O)[C@@H](C)CN([C@@H](C)CO)C(=O)c2cc(ccc2O1)NC(=O)Nc1cccc2ccccc12,0,0.076518,0.037493,0.009330
C[C@@H]1CN([C@@H](C)CO)C(=O)Cc2cc(ccc2O[C@@H]1CN(C)C(=O)Nc1ccc(cc1)F)NS(=O)(=O)c1cn(cn1)C,0,0.059760,0.023738,0.005375
COc1cccc(c1)S(=O)(=O)N(C)C[C@@H]1Oc2ncc(cc2C(=O)N(C[C@@H]1C)[C@H](C)CO)C#CC(C)C,0,0.042281,0.023796,0.005410
CC(C)NC(=O)N(C)C[C@H]1Oc2ccc(cc2CC(=O)N(C[C@@H]1C)[C@@H](C)CO)NS(=O)(=O)c1ccc(cc1)F,0,0.007373,0.024827,0.008505
C[C@@H]1CN([C@H](C)CO)C(=O)c2cc(ccc2O[C@H]1CN(C)Cc1ccc(cc1)C(F)(F)F)NC(=O)Nc1c(noc1C)C,0,0.252978,0.091267,0.068259
[LiH].[LiH].[LiH].OC(=O)CC(O)(CC(=O)O)C(=O)O,0,0.000025,0.162458,0.112429
CO[C@@H]1CN(C)C(=O)c2ccc(cc2OC[C@H](C)N(C[C@H]1C)S(=O)(=O)C)NS(=O)(=O)C,0,0.011317,0.024340,0.007638
C[C@@H]1CCCCO[C@H](CN(C)S(=O)(=O)c2cccs2)[C@@H](C)CN([C@H](C)CO)C(=O)c2cc(ccc2O1)NC(=O)C1CCCCC1,0,0.001758,0.023685,0.004362
C[C@H]1CN([C@@H](C)CO)C(=O)c2cc(ccc2O[C@@H]1CN(C)C(=O)Nc1ccc2c(c1)OCO2)NC(=O)C1CC1,0,0.005976,0.021595,0.005002
C[C@@H]1CN([C@H](C)CO)C(=O)Cc2cc(ccc2O[C@@H]1CN(C)S(=O)(=O)C)NC(=O)Nc1ccc2c(c1)OCO2,0,0.003000,0.024942,0.006547
COc1ccc(cc1)NC(=O)Nc1ccc2c(c1)C(=O)N(C[C@H](C)[C@H](CN(C)Cc1ccc(cc1)C(=O)Nc1ccccc1N)O2)[C@@H](C)CO,0,0.005151,0.023377,0.005309
COc1ccc(cc1)NC(=O)N(C)C[C@H]1OCCCC[C@H](C)Oc2ccc(cc2C(=O)N(C[C@H]1C)[C@@H](C)CO)NC(=O)Nc1ccc(cc1)C(F)(F)F,0,0.440260,0.020494,0.009049
COc1ccc(cc1)S(=O)(=O)Nc1ccc2c(c1)C(=O)N(C[C@@H](C)[C@@H](CN(C)Cc1ccncc1)O2)[C@H](C)CO,0,0.001635,0.023328,0.004843
C[C@@H]1CN([C@@H](C)CO)C(=O)Cc2cc(ccc2O[C@@H]1CN(C)Cc1ccc(cc1)C(F)(F)F)NC(=O)Cc1cn(c2ccccc12)C,0,0.053535,0.038601,0.012180
C[C@@H]1CN([C@@H](C)CO)C(=O)Cc2cc(ccc2O[C@@H]1CN(C)S(=O)(=O)C)NS(=O)(=O)c1cccs1,0,0.001499,0.025376,0.005530
C[C@@H]1CN([C@H](C)CO)C(=O)Cc2cc(ccc2O[C@@H]1CN(C)S(=O)(=O)c1c(noc1C)C)NC(=O)Nc1c(noc1C)C,0,0.011600,0.030194,0.008824
C[C@H]1CN([C@@H](C)CO)C(=O)c2cccc(c2O[C@H]1CN(C)C(=O)Nc1ccc2c(c1)OCO2)NC(=O)C1CCOCC1,0,0.016378,0.022637,0.004816
C[C@H]1CN([C@H](C)CO)C(=O)c2cccc(c2O[C@@H]1CN(C)S(=O)(=O)c1cn(cn1)C)NC(=O)c1cc(nn1C)C,0,0.025456,0.022861,0.004930
COc1ccc2c3c([nH]c2c1)[C@@H](CO)N(C[C@]13CCN(CC1)CC1CCCC1)S(=O)(=O)c1cn(cn1)C,0,0.262684,0.026733,0.013106
NCCSC(=N)N,0,0.418711,0.076695,0.037102
COc1ccc(cc1)NC(=O)Nc1ccc2c(c1)C(=O)N(C[C@@H](C)[C@@H](CN(C)C(=O)Nc1ccc(cc1)F)OCCCC[C@@H](C)O2)[C@@H](C)CO,0,0.060516,0.021301,0.007166
OCCN(Cc1ccccc1)C(=O)C[C@H](CC=C)C(=O)N[C@@H](COC(=O)[C@H](CC=C)Cc1ccc(cc1)F)Cc1c[nH]c2ccccc12,0,0.019073,0.026128,0.019804
C[C@H]1CN([C@@H](C)CO)C(=O)Cc2cc(ccc2O[C@H]1CN(C)C(=O)Nc1ccc(cc1)C(F)(F)F)NS(=O)(=O)c1ccc(cc1)Cl,0,0.177223,0.043229,0.013378
C[C@H]1CCCCO[C@@H](CN(C)C(=O)NC2CCCCC2)[C@H](C)CN([C@H](C)CO)C(=O)c2cc(ccc2O1)NC(=O)CCC(F)(F)F,0,0.127583,0.112008,0.074016
CC(=O)c1ccc(cc1)S(=O)(=O)N1[C@@H]2CC[C@@H](C2)[C@H]1c1nc2cccc(c2[nH]1)OCc1ccccc1,0,0.637563,0.037086,0.022859
CCn1cnc2c(nc(nc12)N[C@@H]1CCCC[C@@H]1N)Nc1cccc(c1)Cl,0,0.913337,0.583103,0.421609
C[C@H]1O[C@H](C[C@H](O)[C@@H]1O)O[C@@H]1[C@@H](C)O[C@H](C[C@@H]1O)O[C@@H]1[C@@H](C)O[C@H](C[C@@H]1O)O[C@H]1CC[C@@]2(C)[C@H](CC[C@@H]3[C@@H]2CC[C@]2(C)[C@H](CC[C@]32O)C2=CC(=O)OC2)C1,0,0.637208,0.144386,0.083671
CN(C)CCN(Cc1cccs1)c1ccccn1.Cl,0,0.539229,0.213952,0.124702
OC[C@H]1O[C@H](CC(=O)NCc2ccncn2)C=C[C@@H]1NS(=O)(=O)c1ccccc1,0,0.020196,0.023927,0.008421
C[C@@H]1CN([C@@H](C)CO)C(=O)c2cc(ccc2O[C@H]1CN(C)C(=O)Nc1c(noc1C)C)NC(=O)Nc1cccc2ccccc12,0,0.055779,0.023287,0.006015
C[C@H]1CN([C@@H](C)CO)C(=O)c2cccc(c2O[C@H]1CN(C)S(=O)(=O)c1cn(cn1)C)NC(=O)c1nc2ccccc2s1,0,0.021059,0.024875,0.005793
CC12CCC3c4ccc(O)cc4CCC3C1CCC2=O,0,0.239838,0.172315,0.184179
COc1ccc(cc1)NC(=O)Nc1ccc2c(c1)C(=O)N(C[C@@H](C)[C@H](CN(C)S(=O)(=O)c1ccc(cc1)Cl)OCCCC[C@@H](C)O2)[C@H](C)CO,0,0.020466,0.023416,0.004555
CO[C@H]1CN(C)C(=O)c2cc(ccc2OC[C@@H](C)N(C[C@H]1C)C(=O)NC(C)C)NS(=O)(=O)CC(F)(F)F,0,0.016136,0.039520,0.011232
Cc1cccc(c1)NC(=O)CN1C(=O)CNC1=O,0,0.017718,0.087129,0.045500
COc1ccc(cc1)S(=O)(=O)N(C)C[C@H]1Oc2ccc(cc2CC(=O)N(C[C@H]1C)[C@@H](C)CO)NC(=O)Nc1c(noc1C)C,0,0.008575,0.023813,0.005168
C[C@H]1CN([C@@H](C)CO)C(=O)c2cccc(c2O[C@@H]1CN(C)C(=O)Nc1c(noc1C)C)NC(=O)Nc1ccc(cc1)C(F)(F)F,0,0.854336,0.681885,0.678184
C[C@H]1CCCCO[C@H](CN(C)S(=O)(=O)c2ccc(cc2)C)[C@@H](C)CN([C@@H](C)CO)C(=O)c2cc(ccc2O1)NC(=O)Nc1ccc(cc1)C(F)(F)F,0,0.206138,0.030363,0.006491
C[C@@H]1CN([C@H](C)CO)C(=O)c2cc(ccc2O[C@H]1CN(C)S(=O)(=O)c1ccccc1)NS(=O)(=O)c1ccccc1,0,0.003319,0.023464,0.006145
C[C@@H]1CCCCO[C@H](CN(C)Cc2ccc3c(c2)OCO3)[C@H](C)CN([C@@H](C)CO)C(=O)c2cc(ccc2O1)NC(=O)c1ccccc1,0,0.002391,0.021880,0.004235
O[C@H]1COC[C@@H]2O[C@@H](CC[C@H]2N(C1)S(=O)(=O)c1ccc(cc1)F)CC(=O)N[C@@H]1CCN(C1)Cc1ccccc1,0,0.270672,0.043537,0.010539
N#C[C@@]12[C@@H]3CCN2[C@H]1C=CC3,0,0.000906,0.060942,0.026698
C[C@H]1CN([C@@H](C)CO)C(=O)Cc2cc(ccc2O[C@@H]1CN(C)C(=O)Nc1cccc2ccccc12)NC(=O)Nc1ccc(cc1)F,0,0.040090,0.024080,0.008708
CC(C)(O)C#Cc1ccc(cc1)[C@H]1[C@H](CO)N2CCCCN(C[C@H]12)S(=O)(=O)C,0,0.100259,0.041801,0.020693
C[C@@H]1CN([C@@H](C)CO)C(=O)CCCn2nncc2CO[C@@H]1CN(C)S(=O)(=O)c1cccc(c1)C#N,0,0.001796,0.023504,0.006940
COc1ccc(cc1)N1[C@H]2[C@H](Cc3ccccc3)[C@@H](N(CCc3ccc(c(c3)OC)OC)C1=O)N(Cc1ccccc1)C2=O,0,0.033557,0.120171,0.102657
C[C@@H]1CCCCO[C@H](CN(C)Cc2ccc(cc2)C(=O)O)[C@@H](C)CN([C@@H](C)CO)C(=O)c2cc(ccc2O1)NS(=O)(=O)c1cccs1,0,0.025961,0.027596,0.004668
CCN(CC)CCc1nc(-c2ccccc2)no1.O=C(O)CC(O)(CC(=O)O)C(=O)O,0,0.077073,0.256566,0.196588
C[C@@H]1CCCCO[C@H](CN(C)Cc2ccncc2)[C@@H](C)CN([C@@H](C)CO)C(=O)c2cc(ccc2O1)NC(=O)Nc1c(noc1C)C,0,0.014618,0.028176,0.008299
C[C@@H]1CCCCO[C@@H](CN(C)C(=O)NC2CCCCC2)[C@H](C)CN([C@H](C)CO)C(=O)c2cc(ccc2O1)NS(=O)(=O)c1cccs1,0,0.003996,0.023170,0.004207
C[C@H]1CN([C@H](C)CO)C(=O)c2cc(cnc2O[C@H]1CN(C)S(=O)(=O)c1cccc(c1)F)C#CC1CCCC1,0,0.084493,0.026210,0.006548
NNC(=O)[C@@H](N)Cc1ccccc1,0,0.409100,0.130967,0.074471
C[C@H]1CN([C@H](C)CO)C(=O)Cc2cc(ccc2O[C@@H]1CN(C)S(=O)(=O)c1ccc(cc1)Cl)N(C)C,0,0.022811,0.042301,0.011186
COc1ccc(cc1)NC(=O)N(C)C[C@@H]1Oc2ccc(cc2C(=O)N(C[C@@H]1C)[C@@H](C)CO)NC(=O)CCCN(C)C,0,0.027126,0.024169,0.006790
CC(C)C[C@H](NC(=O)[C@H](CCCCN)NC(=O)[C@H](CCCNC(=N)N)NC(=O)[C@H](C)NC(=O)[C@H](CO)NC(=O)[C@H](CCCCN)NC(=O)[C@H](CCCNC(=N)N)NC(=O)[C@H](C)NC(=O)CNC(=O)[C@@H](NC(=O)[C@H](Cc1ccccc1)NC(=O)CNC(=O)CNC(=O)[C@@H](N)Cc1ccccc1)[C@@H](C)O)C(=O)N[C@@H](C)C(=O)N[C@@H](CC(=O)N)C(=O)N[C@@H](CCC(=O)N)C(=O)O,0,0.032596,0.639939,0.260720
C[C@H]1CN([C@@H](C)CO)C(=O)Cc2cc(ccc2O[C@@H]1CN(C)S(=O)(=O)c1ccc(cc1)F)NS(=O)(=O)c1cn(cn1)C,0,0.031893,0.023473,0.005943
COCCNC(=O)C[C@H]1CC[C@H]2[C@@H](COC[C@@H](O)CN2S(=O)(=O)c2ccccc2C)O1,0,0.115195,0.024471,0.009895
O=C(Cc1ccc(cc1)-c1ccccc1)Nc1c(oc2ccccc12)C(=O)Nc1ccc2c(c1)OCCO2,0,0.000982,0.161261,0.129995
C[C@@H]1CCCCO[C@@H](CN(C)C(=O)c2ccccc2)[C@@H](C)CN([C@@H](C)CO)C(=O)c2cc(ccc2O1)NC(=O)Nc1ccccc1,0,0.003575,0.022247,0.004420
CC(C)NC(=O)Nc1cccc2c1O[C@H](CN(C)C(=O)NC1CCCCC1)[C@H](C)CN([C@@H](C)CO)C2=O,0,0.034901,0.024929,0.012105
C[C@H]1CCCCO[C@@H](CN(C)CC2CCCCC2)[C@H](C)CN([C@@H](C)CO)C(=O)c2cc(ccc2O1)NC(=O)CCC(F)(F)F,0,0.304547,0.185043,0.131271
C[C@H]1CN([C@H](C)CO)S(=O)(=O)c2ccc(cc2O[C@@H]1CN(C)CC1CCOCC1)C#Cc1cccnc1,0,0.179178,0.025581,0.005976
O=C(OOC(=O)c1ccccc1)c1ccccc1,0,0.854677,0.179951,0.195576
C[C@@H]1CN([C@H](C)CO)C(=O)c2cc(ccc2O[C@@H]1CN(C)Cc1ccncc1)NC(=O)CCN1CCOCC1,0,0.001289,0.022757,0.004898
CC(C)(C)C(=O)c1cccs1,0,0.704552,0.145469,0.081684
C[C@H]1CN([C@H](C)CO)C(=O)Cc2cc(ccc2O[C@@H]1CN(C)C(=O)Nc1ccccc1)NC(=O)CCN1CCOCC1,0,0.002181,0.023028,0.005255
C[C@@H]1CCCCO[C@H](CN(C)S(=O)(=O)C)[C@@H](C)CN([C@H](C)CO)C(=O)c2cc(ccc2O1)NS(=O)(=O)c1ccccc1,0,0.001840,0.023508,0.005245
C[C@H]1CN([C@@H](C)CO)C(=O)c2cc(ccc2O[C@H]1CN(C)CC1CC1)NS(=O)(=O)c1cccs1,0,0.013082,0.026717,0.008756
C[C@H]1CCCCO[C@H](CN(C)C(=O)c2ccccc2)[C@H](C)CN([C@@H](C)CO)C(=O)c2cc(ccc2O1)NC(=O)C1CCCCC1,0,0.001945,0.022305,0.005141
CC(C)CC#Cc1ccc2c(c1)O[C@@H](CN(C)C(=O)c1ccncc1)[C@H](C)CN([C@H](C)CO)S2(=O)=O,0,0.039979,0.026665,0.004966
COc1ccc(cc1)NC(=O)Nc1ccc2c(c1)C(=O)N(C[C@@H](C)[C@H](CN(C)Cc1ccc(cc1)C(=O)O)OCCCC[C@@H](C)O2)[C@H](C)CO,0,0.075880,0.028800,0.006763
C[C@H]1CN([C@@H](C)CO)C(=O)c2cccc(c2O[C@@H]1CN(C)C(=O)NC1CCCCC1)NC(=O)c1ccc(cc1)-c1nccs1,0,0.034170,0.025268,0.005306
C[C@@H]1CCCCO[C@H](CN(C)S(=O)(=O)c2ccccc2)[C@@H](C)CN([C@@H](C)CO)C(=O)c2cc(ccc2O1)NC(=O)Nc1c(noc1C)C,0,0.005106,0.023331,0.004379
C[C@H]1CN([C@@H](C)CO)C(=O)c2cc(ccc2O[C@H]1CN(C)Cc1ccc(c(c1)Cl)Cl)NC(=O)Nc1ccc(cc1)C(F)(F)F,0,0.873650,0.181805,0.104503
C[C@H]1CN([C@H](C)CO)C(=O)c2cc(cnc2O[C@@H]1CN(C)S(=O)(=O)c1ccc(cc1)C)C#CC1(O)CCCC1,0,0.019272,0.023945,0.005411
C[C@@H]1CN([C@@H](C)CO)C(=O)Cc2cc(ccc2O[C@@H]1CN(C)CC1CCCCC1)NC(=O)Nc1ccc(cc1)F,0,0.184242,0.038845,0.020269
COC(=O)C[C@H]1CC[C@@H]2NC[C@@H](O)COC[C@H]2O1,0,0.098334,0.030122,0.010414
COc1ccc(cc1)CN(C)C[C@@H]1OCCCC[C@H](C)Oc2ccc(cc2C(=O)N(C[C@H]1C)[C@@H](C)CO)NC(=O)Nc1ccc(cc1)C(F)(F)F,0,0.452242,0.035286,0.015985
Cc1ccc(cc1)S(=O)(=O)N[C@H]1CC[C@H](CC(=O)NCc2ccc(c(c2)Cl)Cl)O[C@H]1CO,0,0.189657,0.039204,0.027461
COc1ccc(cc1)NC(=O)Nc1ccc2c(c1)C(=O)N(C[C@@H](C)[C@@H](CN(C)C(=O)C1CCCCC1)OCCCC[C@H](C)O2)[C@H](C)CO,0,0.013428,0.023644,0.004871
C[C@H]1CN([C@H](C)CO)C(=O)CCCn2nncc2CO[C@@H]1CN(C)C(=O)Nc1ccc2c(c1)OCO2,0,0.027483,0.023068,0.005313
COc1ccc(cc1)S(=O)(=O)N(C)C[C@@H]1OCCCC[C@H](C)Oc2ccc(cc2C(=O)N(C[C@H]1C)[C@@H](C)CO)NC(=O)Nc1cccc2ccccc12,0,0.008892,0.023861,0.004462
C[C@H]1CCCCO[C@@H](CN(C)CC2CC2)[C@H](C)CN([C@@H](C)CO)C(=O)c2cc(ccc2O1)NS(=O)(=O)C,0,0.038760,0.023665,0.007187
CC(C)C[C@@H]1NC(=O)[C@H]2C[C@H]([C@H](N2C1=O)c1cccc(c1)OCCO)C(=O)NCCCCCC[N+](C)(C)C,0,0.787733,0.062036,0.060519
C[C@@H]1CN([C@@H](C)CO)C(=O)c2cc(cnc2O[C@@H]1CN(C)C(=O)c1ccc2c(c1)OCO2)C#Cc1ccccc1F,0,0.043457,0.026691,0.008213
C[C@@H]1CCCCO[C@@H](CN(C)Cc2ccc(cc2)C(F)(F)F)[C@H](C)CN([C@H](C)CO)C(=O)c2cc(ccc2O1)NC(=O)Nc1c(noc1C)C,0,0.230310,0.024602,0.011634
O[C@@H]1COC[C@@H]2O[C@H](CC[C@H]2N(C1)C(=O)c1ccccc1F)CC(=O)N1CCN(CC1)c1ccccc1,0,0.441174,0.150960,0.082865
C[C@@H]1CCCCO[C@H](CN(C)C(=O)Nc2cccc3ccccc23)[C@@H](C)CN([C@@H](C)CO)C(=O)c2cc(ccc2O1)N(C)C,0,0.037520,0.026330,0.006649
CN1[C@H]2CC[C@H](CC(=O)N3CCOCC3)O[C@H]2COc2ccc(cc2C1=O)NC(=O)c1cscn1,0,0.004053,0.028061,0.011930
CNc1ncnc2n(cnc12)[C@@H]1O[C@H](CO)[C@@H](O)[C@H]1O,0,0.198662,0.132069,0.086887
C[C@H]1CCCCO[C@@H](CN(C)C(=O)Nc2ccccc2)[C@@H](C)CN([C@H](C)CO)C(=O)c2cc(ccc2O1)NS(=O)(=O)c1ccc(cc1)F,0,0.012190,0.023301,0.004269
C[C@@H]1CN([C@@H](C)CO)C(=O)c2c(c3ccccc3n2C)-c2ccccc2CO[C@H]1CN(C)C(=O)N[C@H](C)c1ccccc1,0,0.035864,0.025678,0.008954
O=C(O)c1cccc(C(=O)O)n1,0,0.585224,0.088098,0.097282
C[C@@H]1CN([C@H](C)CO)C(=O)c2cc(ccc2O[C@@H]1CN(C)C(=O)Nc1cccc2ccccc12)NC(=O)Nc1ccccc1,0,0.023467,0.023667,0.010183
C[C@H]1CCCCO[C@@H](CN(C)Cc2ccccc2)[C@H](C)CN([C@H](C)CO)C(=O)c2cc(ccc2O1)NS(=O)(=O)c1c(noc1C)C,0,0.004942,0.025358,0.005944
C[C@@H]1CN([C@@H](C)CO)C(=O)Cc2cc(ccc2O[C@@H]1CN(C)Cc1ccc(cc1)-c1ccccc1)NC(=O)C1CCCCC1,0,0.063431,0.028018,0.013617
O=C(O)c1cc(O)c2cccc(O)c2n1,0,0.956974,0.052225,0.128740
CC(C)NC(=O)N(C)C[C@H]1OCc2cn(nn2)CCCC(=O)N(C[C@@H]1C)[C@H](C)CO,0,0.029981,0.024453,0.005618
CC(=O)OC[C@H]1O[C@H](O[C@]2(COC(=O)C)O[C@H](COC(=O)C)[C@@H](OC(=O)C)[C@@H]2OC(=O)C)[C@H](OC(=O)C)[C@@H](OC(=O)C)[C@@H]1OC(=O)C,0,0.000042,0.259571,0.153484
C[C@H]1CN([C@@H](C)CO)C(=O)c2cccc(c2O[C@H]1CN(C)S(=O)(=O)c1cn(cn1)C)NC(=O)C1CCOCC1,0,0.024997,0.023036,0.004553
C[C@H]1CN([C@H](C)CO)C(=O)c2cc(ccc2O[C@@H]1CN(C)C(=O)Nc1c(noc1C)C)NC(=O)Cn1cnnn1,0,0.124407,0.024713,0.009345
COc1ccc(cc1)S(=O)(=O)N(C)C[C@H]1OCc2cnnn2CCCC(=O)N(C[C@H]1C)[C@@H](C)CO,0,0.010209,0.023836,0.006423
C[C@H]1CCCCO[C@@H](CN(C)C(=O)Nc2ccccc2)[C@H](C)CN([C@@H](C)CO)C(=O)c2cc(ccc2O1)NC(=O)CCC(F)(F)F,0,0.156429,0.021335,0.013850
C[C@H]1CN([C@@H](C)CO)C(=O)c2c(c3ccccc3n2C)-c2ccccc2CO[C@H]1CN(C)Cc1ccc(cc1)Oc1ccccc1,0,0.040740,0.035154,0.015931
CCOC(=O)CC1=NNC(=O)NC1=O,0,0.036003,0.060176,0.053511
CCCC(=O)Nc1ccc2c(c1)OC[C@@H](C)N(C[C@@H](C)[C@@H](CN(C)C2=O)OC)Cc1cc(on1)-c1ccccc1,0,0.001399,0.032310,0.012325
C[C@H]1CCCCO[C@H](CN(C)C(=O)Nc2cccc3ccccc23)[C@H](C)CN([C@@H](C)CO)C(=O)c2cc(ccc2O1)NS(=O)(=O)c1ccccc1,0,0.002568,0.023861,0.003966
CN1CCN(CC1)C(=O)C[C@@H]1CC[C@H]2[C@H](COc3ccc(cc3C(=O)N2C)NC(=O)C2CCOCC2)O1,0,0.032944,0.025539,0.006380
C[C@H]1CCCCO[C@H](CN(C)Cc2ccc(c(c2)Cl)Cl)[C@@H](C)CN([C@@H](C)CO)C(=O)c2cc(ccc2O1)N(C)C,0,0.313809,0.029648,0.010443
C[C@H]1CN([C@H](C)CO)C(=O)c2cc(cnc2O[C@H]1CN(C)Cc1cccc(c1)C(F)(F)F)-c1cc2ccccc2o1,0,0.014717,0.077881,0.053912
C[C@H]1CCCCO[C@@H](CN(C)Cc2ccncc2)[C@H](C)CN([C@H](C)CO)C(=O)c2cc(ccc2O1)NC(=O)Nc1ccc(cc1)F,0,0.037505,0.022759,0.009497
C[C@H]1CN([C@@H](C)CO)C(=O)Cc2cc(ccc2O[C@@H]1CN(C)S(=O)(=O)C)NS(=O)(=O)C,0,0.003135,0.023326,0.006609
C[C@H]1CN([C@H](C)CO)S(=O)(=O)c2ccc(cc2O[C@@H]1CN(C)S(=O)(=O)c1cn(cn1)C)C1=CCCCC1,0,0.008434,0.025193,0.005672
COC[C@H]1CNN1C(=O)Nc1c(noc1C)C,0,0.182520,0.029747,0.013539
C[C@@H]1CN([C@H](C)CO)C(=O)c2cc(cnc2O[C@H]1CN(C)C(=O)c1cnccn1)C#Cc1ccccn1,0,0.049626,0.022720,0.004808
COc1ccc(cc1)NC(=O)N(C)C[C@H]1OCCCC[C@H](C)Oc2ccc(cc2C(=O)N(C[C@@H]1C)[C@H](C)CO)NC(=O)Nc1c(noc1C)C,0,0.029411,0.023878,0.005583
CC1(C)CO[C@H](CN1)CC(=O)O,0,0.021839,0.032882,0.009327
C[C@H]1CCCCO[C@H](CN(C)C(=O)Nc2ccccc2)[C@@H](C)CN([C@@H](C)CO)C(=O)c2cc(ccc2O1)NC(=O)c1ccccc1,0,0.002387,0.022247,0.004356
C[C@@H]1CCCCO[C@@H](CN(C)S(=O)(=O)c2c(noc2C)C)[C@H](C)CN([C@H](C)CO)C(=O)c2cc(ccc2O1)N(C)C,0,0.014707,0.023689,0.006187
C[C@@H]1CCCCO[C@@H](CN(C)C(=O)Nc2cccc3ccccc23)[C@H](C)CN([C@H](C)CO)C(=O)c2cc(ccc2O1)NC(=O)Nc1c(noc1C)C,0,0.039471,0.023111,0.005204
COc1ccc(cc1)CN(C)C[C@H]1OCCCC[C@H](C)Oc2ccc(cc2C(=O)N(C[C@H]1C)[C@H](C)CO)NS(=O)(=O)c1ccc(cc1)C,0,0.004672,0.024078,0.004426
C[C@]1([C@@H](N(Cc2ccc(cc2)OC(F)(F)F)C(=O)c2ccccc21)c1ccc(cc1)CO)C(=O)NCc1ccccc1,0,0.451078,0.317835,0.286520
C[C@H]1CCCCO[C@H](CN(C)C(=O)Cc2ccccc2)[C@@H](C)CN([C@H](C)CO)C(=O)c2cc(ccc2O1)NC(=O)Nc1ccc2c(c1)OCO2,0,0.003355,0.023995,0.004644
C[C@@H]1CCCCO[C@H](CN(C)C(=O)Nc2ccc(cc2)C(F)(F)F)[C@@H](C)CN([C@@H](C)CO)C(=O)c2cc(ccc2O1)NS(=O)(=O)c1cn(cn1)C,0,0.399613,0.883473,0.918595
COc1ccc(cc1)S(=O)(=O)Nc1ccc2c(c1)C(=O)N(C[C@@H](C)[C@@H](CN(C)C(=O)Nc1c(noc1C)C)O2)[C@H](C)CO,0,0.034025,0.024647,0.006910
C[C@H]1CN([C@@H](C)CO)S(=O)(=O)c2ccc(cc2O[C@@H]1CN(C)C(=O)c1cccc(c1)F)C#CC1CC1,0,0.192308,0.029683,0.007215
CNc1ccc2oc(nc2c1C(=O)O)C[C@H]1O[C@@]2(CC[C@H]1C)O[C@@H]([C@H](C)C[C@H]2C)[C@H](C)C(=O)c1ccc[nH]1,0,0.995628,0.746042,0.765887
CC(C)(C)NCC(O)COc1cccc2c1CC(O)C(O)C2,0,0.127642,0.231058,0.171894
NC(=O)N1C[C@H](Cn2ccnc2C1)Cn1cncn1,0,0.044931,0.034520,0.017042
C=CC(C1=CC(=O)C=CC1=O)c1ccccc1,0,0.613032,0.335730,0.336394
CNC[C@@H]1OCCCC[C@@H](C)Oc2ccc(cc2C(=O)N(C[C@@H]1C)[C@H](C)CO)NC(=O)Nc1cccc2ccccc12,0,0.073779,0.040628,0.021357
C[C@H]1CN([C@@H](C)CO)C(=O)c2cccc(c2O[C@@H]1CN(C)Cc1ccc(cc1)C(=O)O)NC(=O)Nc1ccc(cc1)C(F)(F)F,0,0.941510,0.176717,0.124281
C[C@@H]1CN([C@@H](C)CO)C(=O)c2cc(ccc2O[C@H]1CN(C)S(=O)(=O)c1ccccc1)NC(=O)Nc1cccc2ccccc12,0,0.013461,0.024011,0.006322
C[C@@H]1CCCCO[C@H](CN(C)S(=O)(=O)c2cn(cn2)C)[C@H](C)CN([C@@H](C)CO)C(=O)c2cc(ccc2O1)NS(=O)(=O)c1ccccc1,0,0.002066,0.023319,0.004443
CC(C)NC(=O)N(C)C[C@@H]1Oc2ccc(cc2CC(=O)N(C[C@H]1C)[C@@H](C)CO)NC(=O)CCCN(C)C,0,0.015022,0.026537,0.006530
OC[C@@H]1O[C@H](CCNC(=O)CN2CCOCC2)CC[C@H]1NC(=O)c1ccccc1F,0,0.031578,0.105081,0.035470
C[C@@H]1CN([C@H](C)CO)C(=O)Cc2cc(ccc2O[C@@H]1CN(C)Cc1ccc(cc1)C(F)(F)F)NC(=O)Cn1cnnn1,0,0.198571,0.057909,0.039914
O[C@H]1COC[C@@H]2O[C@@H](CC[C@H]2N(C1)S(=O)(=O)c1ccc(cc1)F)CC(=O)N1CCc2ccccc2C1,0,0.066399,0.045800,0.013146
C[C@@H]1CN([C@H](C)CO)C(=O)c2cc(ccc2O[C@@H]1CN(C)S(=O)(=O)c1cccs1)NC(=O)CCN1CCOCC1,0,0.000577,0.023318,0.004572
C[C@@H](O)C[C@H]1CC[C@@H](O)[C@@H](C)C(=O)O[C@H](CC[C@@H](O)[C@@H](C)C(=O)O1)C[C@@H](C)O,0,0.259876,0.333041,0.197790
C[C@@H]1CCCCO[C@H](CN(C)S(=O)(=O)c2c(noc2C)C)[C@@H](C)CN([C@@H](C)CO)C(=O)c2cc(ccc2O1)NS(=O)(=O)C,0,0.006592,0.023418,0.005469
CO[C@@H]1CN(C)C(=O)c2cc(ccc2OC[C@H](C)N(C[C@H]1C)Cc1cccnc1)NC(=O)C1CCOCC1,0,0.006444,0.035995,0.007994
CC(C)(C)C(=O)N[C@H]1CN(C2CC2)C(=O)C1,0,0.008118,0.078957,0.016205
C[C@H]1CN([C@H](C)CO)C(=O)Cc2cc(ccc2O[C@H]1CN(C)CC1CCCCC1)NC(=O)Nc1ccc(cc1)C(F)(F)F,0,0.533138,0.258286,0.156757
CC1(C)N(CCNC1=O)C(=O)Cc1ccccc1,0,0.010646,0.054975,0.029602
CNC(=O)c1ccc(cc1)Nc1ncc(c(n1)NCc1nccnc1N(C)S(=O)(=O)C)C(F)(F)F,0,0.474237,0.351855,0.113715
COCC#Cc1cnc2c(c1)C(=O)N(C[C@H](C)[C@H](CN(C)C(=O)C)O2)[C@@H](C)CO,0,0.015605,0.023167,0.005625
C[C@H]1CN([C@H](C)CO)C(=O)c2cc(ccc2O[C@@H]1CN(C)Cc1ccc(cc1)-c1ccccc1)NC(=O)NC1CCCCC1,0,0.058876,0.031232,0.014326
C[C@@H]1CN([C@H](C)CO)C(=O)CCCn2cc(nn2)CO[C@H]1CN(C)C(=O)Nc1cccc2ccccc12,0,0.086868,0.024359,0.008289
C[C@H]1CN([C@@H](C)CO)C(=O)c2cccc(c2O[C@@H]1CN(C)S(=O)(=O)c1cccs1)NC(=O)Nc1cccc2ccccc12,0,0.012920,0.032318,0.005772
COc1cccc(c1)NC(=O)N1C[C@@H](O)COC[C@@H]2O[C@H](CC[C@H]21)CC(=O)NC1Cc2ccccc2C1,0,0.229478,0.157351,0.119733
CCNC(=O)[C@H]1[C@H](CO)[C@H]2CN3C(=O)C(=CC=C3[C@@H]1N2S(=O)(=O)c1cn(cn1)C)C=CC,0,0.020525,0.026270,0.009872
CN1CCN(CC1)C(=O)C[C@@H]1CC[C@H]2[C@@H](COC[C@H](O)CN2S(=O)(=O)c2ccccc2C)O1,0,0.284798,0.052112,0.012478
C[C@@H]1CN([C@@H](C)CO)C(=O)Cc2cc(ccc2O[C@H]1CN(C)C)NC(=O)Cc1cn(c2ccccc12)C,0,0.035274,0.023652,0.006770
C[C@@H]1CN([C@@H](C)CO)C(=O)Cc2cc(ccc2O[C@H]1CN(C)C(=O)Nc1cccc2ccccc12)NS(=O)(=O)c1ccc(cc1)F,0,0.007538,0.023653,0.006229
Cc1cc(ccc1F)S(=O)(=O)N1CCCO[C@@H]1CNC(=O)C(=O)NCc1ccncc1,0,0.126561,0.024342,0.022601
COc1ccc(cc1)[C@@H]([C@H](Cc1ccccc1)OC(=O)C)N1C[C@@H](CC(=O)N(C)C)[C@H]2[C@@H](ON(C)[C@H]2[C@@H]1Cc1ccccc1)c1ccccc1,0,0.373056,0.053791,0.055291
O=S1(=O)COC[C@H](N1)c1ccccc1,0,0.037649,0.030898,0.011642
C[C@@H]1CN([C@@H](C)CO)C(=O)CCCn2cc(nn2)CO[C@@H]1CN(C)Cc1cccc2c1OCCCO2,0,0.042615,0.024363,0.008282
C[C@H]1CN([C@H](C)CO)C(=O)Cc2cc(ccc2O[C@H]1CN(C)S(=O)(=O)c1ccccc1)NC(=O)C1CC1,0,0.001759,0.024642,0.005077
C[C@@H]1CN([C@H](C)CO)C(=O)c2cc(cnc2O[C@H]1CN(C)Cc1ccc2c(c1)OCO2)C#CCN(C)C,0,0.072417,0.024934,0.009619
NC[C@@H](CC(=O)O)c1ccc(cc1)Cl,0,0.691194,0.141060,0.077184
O[C@H]1COC[C@@H]2O[C@H](CC[C@H]2N(C1)S(=O)(=O)c1ccccc1)CC(=O)N[C@H]1CCN(C1)Cc1ccccc1,0,0.073923,0.048420,0.014140
C[C@@H]1CN([C@H](C)CO)C(=O)c2cccc(c2O[C@@H]1CN(C)S(=O)(=O)C)NC(=O)CCCCCC(=O)Nc1ccccc1N,0,0.013834,0.039705,0.006473
C[C@H]1CN([C@H](C)CO)C(=O)c2cc(ccc2O[C@@H]1CN(C)C(=O)Nc1ccc(cc1)F)NS(=O)(=O)c1cn(cn1)C,0,0.204280,0.025018,0.006576
CCCN(C)C[C@@H]1OCCCC[C@@H](C)Oc2ccc(cc2C(=O)N(C[C@@H]1C)[C@@H](C)CO)NC(=O)C1CCCCC1,0,0.062656,0.037376,0.018481
C[C@H]1CN([C@H](C)CO)C(=O)Cc2cc(ccc2O[C@H]1CN(C)S(=O)(=O)c1c(noc1C)C)NC(=O)C1CCCCC1,0,0.004433,0.024777,0.005510
CSCCC(N)C(=O)O,0,0.005524,0.099327,0.038223
COc1ccccc1CNC(=O)C[C@H]1C[C@H]2[C@H](Oc3ccc(cc32)NC(=O)NC2CCCC2)[C@H](CO)O1,0,0.094577,0.030863,0.016252
C[C@H]1COC(=O)[C@H](CC=CC[C@@H](CC(=O)N[C@H](CO)Cc2ccccc2)C(=O)N1)Cc1ccc(cc1)F,0,0.023769,0.034541,0.033698
C[C@@H]1CN([C@@H](C)CO)C(=O)c2cc(ccc2O[C@H]1CN(C)Cc1ccc(cc1)-c1ccccc1)NC(=O)CCC(F)(F)F,0,0.198132,0.087826,0.092374
COc1ccccc1C(=O)Nc1ccc2c(c1)C(=O)N(C)[C@@H]1CC[C@@H](CC(=O)NCc3ccc(c(c3)Cl)Cl)O[C@H]1CO2,0,0.081216,0.044604,0.029640
CC(=O)c1c(cc(cc1CC(=O)O)O)O,0,0.820333,0.122952,0.146079
C[C@@H]1CN([C@H](C)CO)C(=O)Cc2cc(ccc2O[C@@H]1CN(C)C(=O)Nc1cccc2ccccc12)NC(=O)Cc1ccccc1,0,0.004843,0.021497,0.008116
CCOc1ccc(cc1)Nc1nc2c(n1[C@H]1O[C@@H](CO)[C@@H](O)[C@@H]1O)NC=NC2=O,0,0.793741,0.152451,0.108917
C[C@@H]1CCCCO[C@@H](CN(C)C(=O)Nc2c(noc2C)C)[C@H](C)CN([C@H](C)CO)C(=O)c2cc(ccc2O1)NC(=O)c1ccccc1,0,0.007838,0.023515,0.004746
C[C@H]1CCCCO[C@@H](CN(C)Cc2ccc3c(c2)OCO3)[C@@H](C)CN([C@H](C)CO)C(=O)c2cc(ccc2O1)NS(=O)(=O)c1ccc(cc1)C,0,0.002599,0.024602,0.005362
C[C@H]1CCCCO[C@@H](CN(C)C(=O)Nc2c(noc2C)C)[C@H](C)CN([C@H](C)CO)C(=O)c2cc(ccc2O1)NC(=O)CCC(F)(F)F,0,0.242305,0.254114,0.143441
O=C(Oc1ccccc1C(=O)O)c1ccccc1O,0,0.898695,0.168952,0.270334
CC(C)NC(=O)N(C)C[C@H]1Oc2c(cccc2C(=O)N(C[C@H]1C)[C@H](C)CO)NS(=O)(=O)c1cn(cn1)C,0,0.085313,0.023324,0.005588
COc1ccc(cc1)S(=O)(=O)N(C)C[C@@H]1OCCCC[C@H](C)Oc2ccc(cc2C(=O)N(C[C@H]1C)[C@H](C)CO)NS(=O)(=O)C,0,0.006195,0.023558,0.005343
C[C@H]1CCCCO[C@@H](CN(C)C(=O)Nc2ccc3c(c2)OCO3)[C@@H](C)CN([C@@H](C)CO)C(=O)c2cc(ccc2O1)NC(=O)C1CCCCC1,0,0.009441,0.024356,0.005306
C[C@@H]1CCCCO[C@@H](CN(C)C(=O)Nc2ccc(cc2)F)[C@@H](C)CN([C@H](C)CO)C(=O)c2cc(ccc2O1)NC(=O)CCC(F)(F)F,0,0.358825,0.027119,0.018632
C[C@H]1CN([C@@H](C)CO)C(=O)c2cccc(c2O[C@H]1CN(C)Cc1ccc(cc1)-c1ccccc1)NC(=O)C1CC1,0,0.110201,0.046305,0.032912
CC(N)(Cc1ccccc1)c1ccccc1,0,0.561442,0.097190,0.154952
COc1ccccc1NC(=O)N(C)C[C@@H]1Oc2ncc(cc2C(=O)N(C[C@H]1C)[C@H](C)CO)C#CCN(C)C,0,0.204075,0.023115,0.007179
COc1cc(cc(c1OC)OC)C(=O)OCCN1CCN(CCOC(=O)c2cc(c(c(c2)OC)OC)OC)CC1,0,0.272589,0.204943,0.075191
COc1cccc(c1)NC(=O)N1C[C@@H](O)COC[C@@H]2O[C@@H](CC[C@H]21)CC(=O)NC1Cc2ccccc2C1,0,0.229478,0.157351,0.119733
C[C@H]1CCCCO[C@@H](CN(C)S(=O)(=O)c2ccc(cc2)C)[C@@H](C)CN([C@@H](C)CO)C(=O)c2cc(ccc2O1)NC(=O)Nc1ccc(cc1)F,0,0.033564,0.023473,0.004875
CN1[C@@H]2CC[C@@H](CC(=O)NCCN3CCCCC3)O[C@H]2COc2ccc(cc2C1=O)NC(=O)c1cccs1,0,0.051924,0.027225,0.018980
C[C@@H]1CN([C@H](C)CO)S(=O)(=O)c2ccc(cc2O[C@H]1CN(C)C(=O)Cc1ccccc1)C#CC1(O)CCCC1,0,0.024882,0.029395,0.008353
OC[C@H]1O[C@@H](CCNC(=O)C2CC2)CC[C@@H]1NS(=O)(=O)c1cccc(c1)F,0,0.111031,0.028950,0.011350
C[C@H]1CN([C@H](C)CO)C(=O)c2cc(cnc2O[C@H]1CN(C)Cc1cccc(c1)C)-c1cccc(c1)C(F)(F)F,0,0.331254,0.159899,0.166966
C[C@H]1CCCCO[C@H](CN(C)S(=O)(=O)c2ccc(cc2)C)[C@@H](C)CN([C@H](C)CO)C(=O)c2cc(ccc2O1)NC(=O)Nc1c(noc1C)C,0,0.013313,0.024417,0.006616
COc1ccc(cc1)S(=O)(=O)Nc1ccc2c(c1)C(=O)N(C[C@H](C)[C@H](CN(C)C(=O)Nc1cccc3ccccc13)OCCCC[C@H](C)O2)[C@H](C)CO,0,0.004146,0.023861,0.004177
C[C@H]1CCCCO[C@@H](CN(C)S(=O)(=O)c2ccc(cc2)F)[C@H](C)CN([C@@H](C)CO)C(=O)c2cc(ccc2O1)NC(=O)C1CCCCC1,0,0.011634,0.023966,0.004965
C[C@@H]1CCCCO[C@H](CN(C)C(=O)Cc2ccccc2)[C@H](C)CN([C@@H](C)CO)C(=O)c2cc(ccc2O1)NC(=O)Nc1cccc2ccccc12,0,0.007090,0.022397,0.005592
C[C@H]1CCCCO[C@@H](CN(C)C(=O)Nc2ccc(cc2)C(F)(F)F)[C@H](C)CN([C@H](C)CO)C(=O)c2cc(ccc2O1)NC(=O)NC1CCCCC1,0,0.411177,0.090466,0.044987
C[C@H]1CN([C@@H](C)CO)C(=O)c2cc(ccc2O[C@H]1CN(C)C(=O)Nc1c(noc1C)C)NS(=O)(=O)C,0,0.047240,0.025354,0.010129
OC[C@@H]1O[C@@H](CC(=O)NCCCN2CCOCC2)C=C[C@@H]1NC(=O)Nc1cc(ccc1F)F,0,0.345139,0.359533,0.260840
C[C@H]1CN([C@H](C)CO)C(=O)c2cccc(c2O[C@@H]1CN(C)C(=O)Nc1cccc2ccccc12)NS(=O)(=O)c1cccs1,0,0.015588,0.033418,0.006657
CC(C)Oc1ccc(cc1)S(=O)(=O)N1CCN(CC1)c1ccc(c(c1)OCC(=O)O)-c1ncco1,0,0.069550,0.039262,0.023019
CC(=O)OC1CCC2(C)C(=CC=C3C2CCC2(C)C3CCC2C(C)C=CC(C)C(C)C)C1(C)C,0,0.958367,0.239186,0.102798
CCCN1C[C@H](C)[C@@H](CN(C)C(=O)c2cc(ccc2OC[C@@H]1C)NS(=O)(=O)c1cn(cn1)C)OC,0,0.036352,0.024226,0.006458
C[C@H]1CN([C@@H](C)CO)C(=O)CCCn2cc(nn2)CO[C@@H]1CN(C)C(=O)Nc1ccc(cc1)N1CCCCC1,0,0.248170,0.029534,0.008560
OCCCOc1ccc(cc1)C1=N[C@@](CCS(=O)(=O)c2ccccc2)([C@@H](O1)c1ccccc1)C(=O)N1CCOCC1,0,0.005241,0.089117,0.048707
C[C@H]1CCCCO[C@@H](CN(C)Cc2ccc(c(c2)Cl)Cl)[C@@H](C)CN([C@H](C)CO)C(=O)c2cc(ccc2O1)NC(=O)NC1CCCCC1,0,0.130516,0.022574,0.006892
OC(=O)[C@@H]1[C@@H]2CC[C@@H](O2)[C@H]1C(=O)O,0,0.253869,0.181446,0.087874
CCCNC(=O)C[C@@H]1CC[C@H]2NC[C@H](O)COC[C@@H]2O1,0,0.159899,0.032771,0.010115
Oc1ccc(cc1)[C@H]1[C@H](C[C@@H]2N1C(=O)CNC2=O)C(=O)OCCOc1ccc(cc1)[C@H]1N2[C@@H]([C@@H](C(=O)OCC=C)[C@]11C(=O)Nc3ccccc31)C(=O)O[C@@H]([C@@H]2c1ccccc1)c1ccccc1,0,0.091415,0.152579,0.045665
C[C@H]1CN([C@H](C)CO)C(=O)Cc2cc(ccc2O[C@H]1CN(C)Cc1ccc(cc1)C(=O)Nc1ccccc1N)NS(=O)(=O)C,0,0.001146,0.024054,0.004182
C[C@@H](NC(=O)C[C@@H]1CC[C@H](NC(=O)CN2CCOCC2)[C@@H](CO)O1)c1ccccc1,0,0.015440,0.023961,0.010701
C[C@@H]1CN([C@@H](C)CO)S(=O)(=O)c2ccc(cc2O[C@@H]1CN(C)S(=O)(=O)C)-c1ccc(cc1)F,0,0.020443,0.026469,0.009270
COc1ccc(cc1)S(=O)(=O)N(C)C[C@H]1OCc2cn(nn2)CCCC(=O)N(C[C@@H]1C)[C@@H](C)CO,0,0.014898,0.024030,0.006197
C[C@H]1CCCCO[C@H](CN(C)C(=O)Nc2ccc3c(c2)OCO3)[C@@H](C)CN([C@H](C)CO)C(=O)c2cc(ccc2O1)NC(=O)NC1CCCCC1,0,0.010432,0.022699,0.004951
C[C@H]1CCCCO[C@H](CN(C)S(=O)(=O)c2ccc(cc2)F)[C@@H](C)CN([C@@H](C)CO)C(=O)c2cc(ccc2O1)NC(=O)Nc1ccc2c(c1)OCO2,0,0.008399,0.026786,0.005132
C[C@H]1CN([C@H](C)CO)C(=O)c2cc(ccc2O[C@@H]1CN(C)CC1CCCCC1)NC(=O)CCN1CCOCC1,0,0.014998,0.030645,0.007808
CCOC(=O)/C(=N/O)c1csc(n1)N,0,0.092241,0.099058,0.095105
CNC[C@H]1OCCCC[C@@H](C)Oc2ccc(cc2C(=O)N(C[C@H]1C)[C@H](C)CO)NS(=O)(=O)c1cn(cn1)C,0,0.047068,0.023812,0.006629
OCNC(=O)c1cccnc1,0,0.004926,0.045422,0.027911
C[C@@H]1CNC(=O)CCO1,0,0.000509,0.024637,0.011590
C[C@H]1CCCCO[C@@H](CN(C)Cc2ccc3c(c2)OCO3)[C@@H](C)CN([C@@H](C)CO)C(=O)c2cc(ccc2O1)NC(=O)CCC(F)(F)F,0,0.072310,0.025585,0.010307
NC[C@@H](O)CC(=O)O,0,0.001122,0.045131,0.029009
CO[C@H](CN(C)S(=O)(=O)c1ccc(cc1)Cl)[C@H](C)CN([C@@H](C)CO)S(=O)(=O)c1cccc(c1)Cl,0,0.407744,0.128065,0.015582
NCc1ccc(cc1)C(=O)O,0,0.434543,0.035336,0.032130
C[C@H]1CCCCO[C@H](CN(C)C(=O)Nc2cccc3ccccc23)[C@@H](C)CN([C@@H](C)CO)C(=O)c2cc(ccc2O1)NS(=O)(=O)c1c(noc1C)C,0,0.007232,0.024768,0.004349
CCOC(=O)N(C)C[C@H]1OCc2cn(nn2)CCCC(=O)N(C[C@@H]1C)[C@@H](C)CO,0,0.038045,0.029820,0.013311
CC(C)N1C[C@H](C)[C@@H](CN(C)Cc2ccc(cc2)Cl)Oc2c(cccc2C1=O)NC(=O)c1ccncc1,0,0.025803,0.139025,0.057182
COc1ccc(cc1)NC(=O)Nc1ccc2c(c1)C(=O)N(C[C@H](C)[C@H](CN(C)CC1CCCCC1)OCCCC[C@@H](C)O2)[C@H](C)CO,0,0.065884,0.030183,0.009476
C[C@@H]1CCCCO[C@@H](CN(C)Cc2ccccc2)[C@@H](C)CN([C@H](C)CO)C(=O)c2cc(ccc2O1)NC(=O)Nc1c(noc1C)C,0,0.024123,0.031711,0.009970
C[C@H]1CCCCO[C@@H](CN(C)Cc2ccc(cc2)C(F)(F)F)[C@@H](C)CN([C@@H](C)CO)C(=O)c2cc(ccc2O1)NS(=O)(=O)c1ccc(cc1)C,0,0.035950,0.026194,0.006299
C[C@@H]1CN([C@@H](C)CO)C(=O)Cc2cc(ccc2O[C@H]1CN(C)C(=O)Nc1ccc2c(c1)OCO2)NS(=O)(=O)c1c(noc1C)C,0,0.001331,0.024135,0.004533
C[C@@H]1CCCCO[C@@H](CN(C)C(=O)Cc2ccccc2)[C@H](C)CN([C@H](C)CO)C(=O)c2cc(ccc2O1)NS(=O)(=O)c1ccc(cc1)Cl,0,0.002648,0.023682,0.004683
CC1=C(N2[C@H](SC1)[C@@H](NC(=O)[C@@H](N)c1ccccc1)C2=O)C(=O)O,0,0.985566,0.830417,0.747614
C[C@@H]1CN([C@@H](C)CO)C(=O)Cc2cc(ccc2O[C@H]1CN(C)Cc1ccc(cc1)C(F)(F)F)NC(=O)Cc1cn(c2ccccc12)C,0,0.053535,0.038601,0.012180
C[C@@H]1CN([C@H](C)CO)C(=O)c2cc(ccc2O[C@H]1CN(C)S(=O)(=O)C)NS(=O)(=O)c1ccc(cc1)C,0,0.013532,0.024794,0.009059
C[C@H]1CCCCO[C@@H](CN(C)S(=O)(=O)c2ccccc2)[C@H](C)CN([C@@H](C)CO)C(=O)c2cc(ccc2O1)NC(=O)Nc1ccccc1,0,0.003059,0.023490,0.004330
CCS(=O)(=O)NCCc1csc(n1)C,0,0.002641,0.059211,0.008431
NCC1OC(OC2C(N)CC(N)C(OC3OC(CO)C(O)C(N)C3O)C2O)C(O)C(O)C1O.O=S(=O)(O)O,0,0.830029,0.881855,0.944279
C[C@@H]1CN([C@H](C)CO)C(=O)Cc2cc(ccc2O[C@H]1CN(C)Cc1ccccc1)NC(=O)CCN1CCOCC1,0,0.002384,0.025143,0.006544
C[C@H]1CCCCO[C@H](CN(C)C(=O)Cc2ccccc2)[C@@H](C)CN([C@@H](C)CO)C(=O)c2cc(ccc2O1)NS(=O)(=O)c1cccs1,0,0.001259,0.023366,0.003810
CC(C)NCC(O)c1cc(O)cc(O)c1,0,0.267046,0.389247,0.244083
C[C@H]1CCCCO[C@@H](CN(C)Cc2ccc3c(c2)OCO3)[C@@H](C)CN([C@@H](C)CO)C(=O)c2cc(ccc2O1)NS(=O)(=O)c1ccccc1,0,0.001483,0.023991,0.004253
COc1ccc(cc1)S(=O)(=O)Nc1ccc2c(c1)CC(=O)N(C[C@H](C)[C@@H](CN(C)C(=O)Nc1c(noc1C)C)O2)[C@@H](C)CO,0,0.004474,0.023293,0.004954
COc1ccccc1O[C@@H](C)C(=O)NN,0,0.484051,0.108843,0.048990
CO[C@H]1O[C@H](COC(=O)NCCCCCC(=O)NO)[C@H](OC(=O)Nc2ccccc2)[C@H](OC(=O)Nc2ccccc2)[C@H]1OC(=O)Nc1ccccc1,0,0.000019,0.125258,0.086358
C[C@H]1CN([C@@H](C)CO)C(=O)c2cccc(c2O[C@H]1CN(C)S(=O)(=O)c1cccs1)NC(=O)c1cc(nn1C)C,0,0.005297,0.023229,0.005199
C[C@H]1CN([C@H](C)CO)C(=O)c2cccc(c2O[C@@H]1CN(C)Cc1ccc(cc1)C(=O)Nc1ccccc1N)NC(=O)Nc1ccccc1,0,0.015819,0.024225,0.005791
C[C@H]1CCCCO[C@@H](CN(C)S(=O)(=O)c2ccc(cc2)Cl)[C@H](C)CN([C@@H](C)CO)C(=O)c2cc(ccc2O1)NS(=O)(=O)c1ccc(cc1)Cl,0,0.027520,0.025638,0.006985
CS(=O)(=O)CC1=Nc2ccccc2OC1=O,0,0.108193,0.209177,0.129166
COc1ccc(cc1)S(=O)(=O)N(C)C[C@@H]1OCCCC[C@@H](C)Oc2ccc(cc2C(=O)N(C[C@@H]1C)[C@H](C)CO)NC(=O)Nc1cccc2ccccc12,0,0.008892,0.023861,0.004462
COc1ccc(cc1)S(=O)(=O)Nc1ccc2c(c1)CC(=O)N(C[C@H](C)[C@@H](CN(C)S(=O)(=O)c1c(noc1C)C)O2)[C@H](C)CO,0,0.004074,0.025764,0.006686
C[C@H]1CN([C@@H](C)CO)C(=O)c2cc(ccc2O[C@@H]1CN(C)Cc1ccc(c(c1)Cl)Cl)NC(=O)CCC(F)(F)F,0,0.595258,0.171706,0.081366
CCCC#Cc1cnc2c(c1)C(=O)N(C[C@H](C)[C@@H](CN(C)S(=O)(=O)c1cn(cn1)C)O2)[C@@H](C)CO,0,0.080546,0.024912,0.006578
COc1ccc(cc1)[C@@H]([C@H](Cc1ccccc1)OC(=O)C)N1C[C@@H]2[C@H]([C@@H]1Cc1ccccc1)N(C)O[C@@]2(O)[C@@H](O)c1ccccc1,0,0.048379,0.056548,0.058604
CC1=C(C(=O)NC(=O)N1)S(=O)(=O)N1CCOCC1,0,0.078098,0.118572,0.024814
O=C(Nc1ccc(cc1)-c1ccccc1)[C@H]1C[C@@H]1c1ccccc1,0,0.369495,0.321203,0.266861
CCCNC(=O)N1C[C@@H]2[C@@H]([C@H](CO)N2C(=O)CN2CCOCC2)c2ccccc21,0,0.039049,0.044726,0.015914
CN(C)CCCCNC(=O)[C@H]1C[C@@H]2N([C@H]1c1cccc(c1)OCCO)C(=O)[C@H](CCCCN(C)C)NC2=O,0,0.893101,0.062413,0.066588
COc1cccc(c1)-c1ccc2c(c1)O[C@@H](CN(C)C(=O)C1CCOCC1)[C@@H](C)CN([C@H](C)CO)S2(=O)=O,0,0.018518,0.024123,0.005246
C[C@H]1CN([C@H](C)CO)C(=O)c2cccc(c2O[C@@H]1CN(C)C(=O)Nc1ccc(cc1)C(F)(F)F)NS(=O)(=O)c1ccc(cc1)C,0,0.332444,0.048870,0.028690
C[C@@H]1CN([C@H](C)CO)C(=O)Cc2cc(ccc2O[C@H]1CN(C)C(=O)Nc1ccc(cc1)F)NS(=O)(=O)C,0,0.016559,0.028039,0.008821
C[C@H]1CCCCO[C@H](CN(C)S(=O)(=O)C)[C@H](C)CN([C@H](C)CO)C(=O)c2cc(ccc2O1)NS(=O)(=O)c1ccccc1,0,0.001840,0.023508,0.005245
CN1[C@H]2CC[C@H](CC(=O)Nc3ccc4c(c3)CCC4)O[C@@H]2COc2ccc(cc2C1=O)NC(=O)Nc1cccc(c1)C#N,0,0.003658,0.032652,0.017561
CN1CCN(C2=Nc3ccccc3Oc3ccc(Cl)cc32)CC1.O=C(O)CCC(=O)O,0,0.978099,0.757232,0.713718
CO[C@H]1CN([C@H]2COC[C@@H]12)S(=O)(=O)c1cn(cn1)C,0,0.004798,0.060428,0.009153
CC(C)CC(=O)Nc1cncc(c1)-c1ccc2[nH]nc(c2c1)-c1nc2cncc(c2[nH]1)-c1cccc(c1)F,0,0.869574,0.128685,0.173877
C[C@H]1CN([C@H](C)CO)C(=O)Cc2cc(ccc2O[C@@H]1CN(C)Cc1ccc(cc1)C(F)(F)F)NC(=O)Nc1ccc2c(c1)OCO2,0,0.030848,0.061222,0.029415
C[C@H]1CCCCO[C@@H](CN(C)C(=O)NC2CCCCC2)[C@H](C)CN([C@H](C)CO)C(=O)c2cc(ccc2O1)NS(=O)(=O)c1ccc(cc1)C,0,0.006145,0.023350,0.004605
O=C(Nc1ccccc1)c1ccccc1O,1,0.142563,0.240502,0.206396
COc1ccc(cc1)S(=O)(=O)Nc1ccc2c(c1)C(=O)N(C[C@@H](C)[C@H](CN(C)C(=O)Nc1ccc3c(c1)OCO3)OCCCC[C@H](C)O2)[C@@H](C)CO,0,0.002310,0.023468,0.004335
C[C@H]1CCCCO[C@@H](CN(C)S(=O)(=O)c2cn(cn2)C)[C@H](C)CN([C@@H](C)CO)C(=O)c2cc(ccc2O1)NS(=O)(=O)c1cn(cn1)C,0,0.026110,0.026713,0.006518
C[C@H]1CN([C@@H](C)CO)C(=O)c2cc(cnc2O[C@@H]1CN(C)C(=O)Nc1ccc(cc1)C(F)(F)F)C1=CCCC1,0,0.254531,0.486878,0.358137
C[C@H]1CCCCO[C@@H](CN(C)Cc2ccc3c(c2)OCO3)[C@@H](C)CN([C@@H](C)CO)C(=O)c2cc(ccc2O1)NS(=O)(=O)c1ccc(cc1)Cl,0,0.005743,0.023718,0.005084
C[C@H]1CCCCO[C@H](CN(C)S(=O)(=O)c2cn(cn2)C)[C@@H](C)CN([C@H](C)CO)C(=O)c2cc(ccc2O1)NS(=O)(=O)c1c(noc1C)C,0,0.008472,0.025840,0.006855
C[C@H]1CN([C@H](C)CO)S(=O)(=O)c2ccc(cc2O[C@@H]1CN(C)Cc1ccccc1F)C#CCN(C)C,0,0.115195,0.046561,0.008802
C[C@H]1CN([C@@H](C)CO)C(=O)c2cc(ccc2O[C@@H]1CN(C)Cc1ccc(cc1)C(F)(F)F)NC(=O)NC1CCCCC1,0,0.192277,0.083230,0.084432
C[C@H]1CCCCO[C@H](CN(C)Cc2ccc(c(c2)Cl)Cl)[C@H](C)CN([C@H](C)CO)C(=O)c2cc(ccc2O1)NC(=O)Cc1ccccc1,0,0.039199,0.024116,0.006130
C[C@@H]1CN([C@@H](C)CO)C(=O)c2cc(ccc2O[C@H]1CN(C)S(=O)(=O)c1cn(cn1)C)NS(=O)(=O)c1cn(cn1)C,0,0.056095,0.031020,0.011029
CN1CCN(CC1)C(=O)C,0,0.015152,0.047694,0.017145
CN(C)CCCNC(=O)C[C@H]1CC[C@H]2[C@H](COc3ccc(cc3C(=O)N2C)NC(=O)c2cccc(c2)F)O1,0,0.136256,0.037431,0.019281
C[C@H]1CN([C@@H](C)CO)C(=O)c2cc(cnc2O[C@H]1CN(C)Cc1ccc(cc1)F)C#Cc1cccnc1,0,0.042872,0.030513,0.008139
C[C@H]1CN([C@@H](C)CO)C(=O)Cc2cc(ccc2O[C@H]1CN(C)S(=O)(=O)c1ccc(cc1)F)NS(=O)(=O)c1ccc(cc1)F,0,0.013433,0.024899,0.007812
NNc1cccc(c1)C(=O)O,0,0.845251,0.036053,0.032571
NNS(=O)(=O)c1ccc(cc1)Cl,0,0.550180,0.086898,0.015890
OC(=O)C/C(=C\C(=O)O)C(=O)O,0,0.056515,0.091560,0.073532
C[C@@H]1CN([C@H](C)CO)C(=O)c2cc(ccc2O[C@@H]1CN(C)C(=O)Nc1ccc(cc1)C(F)(F)F)NC(=O)Nc1ccccc1,0,0.666806,0.274060,0.245939
C[C@@H]1CN([C@H](C)CO)C(=O)c2cc(ccc2O[C@@H]1CN(C)Cc1ccc(c(c1)Cl)Cl)NC(=O)Cc1cn(c2ccccc12)C,0,0.094968,0.024821,0.009314
C[C@H]1CCCCO[C@H](CN(C)C(=O)c2ccccc2)[C@@H](C)CN([C@@H](C)CO)C(=O)c2cc(ccc2O1)NC(=O)Nc1ccc(cc1)F,0,0.014182,0.021982,0.005139
CC(=O)Nc1ncc([N+](=O)[O-])s1,0,0.980276,0.438842,0.201902
COCC#Cc1cnc2c(c1)C(=O)N(C[C@H](C)[C@@H](CN(C)S(=O)(=O)c1cn(cn1)C)O2)[C@@H](C)CO,0,0.098528,0.025680,0.007654
COc1cccc(c1)NC(=O)N(C)C[C@@H]1Oc2cc(ccc2S(=O)(=O)N(C[C@@H]1C)[C@H](C)CO)C#Cc1ccncc1,0,0.041424,0.029372,0.004845
C[C@H]1CN([C@@H](C)CO)C(=O)Cc2cc(ccc2O[C@H]1CN(C)Cc1ccc(cc1)Oc1ccccc1)NC(=O)NC1CCCCC1,0,0.012034,0.027439,0.009612
C[C@@H]1CCCCO[C@@H](CN(C)S(=O)(=O)c2ccc(cc2)C)[C@H](C)CN([C@@H](C)CO)C(=O)c2cc(ccc2O1)NS(=O)(=O)c1ccc(cc1)C,0,0.003529,0.025656,0.004816
CO[C@@H]1CN(C)C(=O)c2ccc(cc2OC[C@@H](C)N(C[C@H]1C)C(=O)Nc1c(noc1C)C)NC(=O)Nc1ccc(cc1)Cl,0,0.086579,0.029038,0.013504
O[C@H]1COC[C@H]2O[C@H](CC[C@@H]2N(C1)S(=O)(=O)c1ccccc1)CC(=O)NCc1ccc(cc1)-c1ccccc1,0,0.128033,0.057274,0.012358
C[C@@H]1CN([C@@H](C)CO)C(=O)c2cc(ccc2O[C@H]1CN(C)S(=O)(=O)c1cccs1)NS(=O)(=O)c1cccs1,0,0.002944,0.025997,0.009439
C[C@@H]1CCCCO[C@H](CN(C)C(=O)Nc2ccc3c(c2)OCO3)[C@@H](C)CN([C@@H](C)CO)C(=O)c2cc(ccc2O1)NS(=O)(=O)c1ccc(cc1)F,0,0.006692,0.025313,0.004780
COc1ccc(cc1)[Si](C)(C)[C@H]1[C@H](C)[C@]2(O[C@@H]1CCO)C(=O)N(Cc1ccc(cc1)N1C(=O)c3ccccc3Oc3ccccc31)c1ccccc12,0,0.004994,0.036436,0.025808
C[C@@H]1CCCCO[C@H](CN(C)S(=O)(=O)c2ccc(cc2)F)[C@@H](C)CN([C@H](C)CO)C(=O)c2cc(ccc2O1)NC(=O)Nc1cccc2ccccc12,0,0.015670,0.025074,0.006576
CCCN(C)C[C@H]1OCCCC[C@@H](C)Oc2ccc(cc2C(=O)N(C[C@H]1C)[C@H](C)CO)NC(=O)CCC(F)(F)F,0,0.153773,0.183802,0.156193
CC(C)N1CC=C[C@@]23O[C@@H]4C=CCOC(=O)[C@@H]4[C@H]2C(=O)N(CCCCCO)[C@@H]3C1=O,0,0.306951,0.340334,0.173553
CN1[C@@H]2CC[C@@H](CC(=O)NCC(F)(F)F)O[C@H]2COc2ccc(cc2C1=O)NC(=O)c1cc(on1)C,0,0.109963,0.431592,0.361203
C[C@@H]1CCCCO[C@H](CN(C)S(=O)(=O)c2ccc(cc2)F)[C@@H](C)CN([C@@H](C)CO)C(=O)c2cc(ccc2O1)NC(=O)Cc1ccccc1,0,0.004061,0.023390,0.005551
COc1ccc(cc1)NC(=O)N(C)C[C@@H]1OCCCC[C@@H](C)Oc2ccc(cc2C(=O)N(C[C@H]1C)[C@H](C)CO)NC(=O)c1ccccc1,0,0.004005,0.022220,0.004218
Nc1ncnc2n(cnc12)CCOCP(=O)(O)O,0,0.990157,0.150834,0.183552
CN(C)CCCCCCNC(=O)[C@@H]1C[C@H]2N([C@@H]1c1ccc(cc1)O)C(=O)[C@H](CCCCNC(=O)C)NC2=O,0,0.660211,0.152191,0.164028
COc1c2ccoc2c(OC)c2oc(=O)ccc12,0,0.050740,0.146060,0.143636
COc1ccc(cc1)NC(=O)N(C)C[C@@H]1OCCCC[C@H](C)Oc2ccc(cc2C(=O)N(C[C@@H]1C)[C@H](C)CO)NC(=O)Cc1ccccc1,0,0.005239,0.021816,0.003963
Nc1ccc(c(c1)C(=O)O)O,0,0.093817,0.041690,0.030536
NS(=O)(=O)c1ccc(c(c1)S(=O)(=O)N)Cl,0,0.000000,0.096939,0.023547
C[C@@H]1CCCCO[C@@H](CN(C)Cc2ccc(cc2)C(=O)Nc2ccccc2N)[C@@H](C)CN([C@H](C)CO)C(=O)c2cc(ccc2O1)NC(=O)Nc1ccc(cc1)F,0,0.029511,0.024698,0.006566
CCCC(=O)Nc1ccc2c(c1)C(=O)N(C)C[C@H](OC)[C@H](C)CN([C@@H](C)CO2)S(=O)(=O)c1cn(cn1)C,0,0.007157,0.024226,0.005000
C[C@H]1CN([C@H](C)CO)C(=O)Cc2cc(ccc2O[C@@H]1CN(C)C(=O)Nc1ccccc1)NC(=O)C1CC1,0,0.020496,0.022212,0.007299
C[C@@H]1CN([C@@H](C)CO)C(=O)c2cc(cnc2O[C@@H]1CN(C)C(=O)Cc1ccncc1)C#CC1(O)CCCC1,0,0.008338,0.036331,0.012571
C[C@H]1CCCCO[C@H](CN(C)C)[C@H](C)CN([C@@H](C)CO)C(=O)c2cc(ccc2O1)NS(=O)(=O)c1c(noc1C)C,0,0.012717,0.027373,0.007083
CCCCCCCCCCCCCCCC(=O)N[C@@H](CCC(=O)NCCCC[C@H](NC(=O)[C@H](C)NC(=O)[C@H](C)NC(=O)[C@H](CCC(=O)N)NC(=O)CNC(=O)[C@H](CCC(=O)O)NC(=O)[C@H](CC(C)C)NC(=O)[C@H](Cc1ccc(cc1)O)NC(=O)[C@H](CO)NC(=O)[C@H](CO)NC(=O)[C@@H](NC(=O)[C@H](CC(=O)O)NC(=O)[C@H](CO)NC(=O)[C@@H](NC(=O)[C@H](Cc1ccccc1)NC(=O)[C@@H](NC(=O)CNC(=O)[C@H](CCC(=O)O)NC(=O)[C@H](C)NC(=O)[C@@H](N)Cc1cnc[nH]1)[C@@H](C)O)[C@@H](C)O)C(C)C)C(=O)N[C@@H](CCC(=O)O)C(=O)N[C@@H](Cc1ccccc1)C(=O)N[C@@H]([C@@H](C)CC)C(=O)N[C@@H](C)C(=O)N[C@@H](Cc1c[nH]c2ccccc12)C(=O)N[C@@H](CC(C)C)C(=O)N[C@@H](C(C)C)C(=O)N[C@@H](CCCNC(=N)N)C(=O)NCC(=O)N[C@@H](CCCNC(=N)N)C(=O)NCC(=O)O)C(=O)O,0,0.055047,0.740922,0.207230
C[C@H]1CN([C@@H](C)CO)C(=O)CCCn2cc(nn2)CO[C@@H]1CN(C)C(=O)Nc1ccc2c(c1)OCCO2,0,0.024447,0.023984,0.004744
CCOC(=O)CN1C(=O)c2ccccc2C1=O,0,0.002168,0.102717,0.061042
C[C@H]1CN([C@H](C)CO)C(=O)c2cc(ccc2O[C@@H]1CN(C)Cc1ccc(cc1)C(F)(F)F)NC(=O)Nc1ccc(cc1)F,0,0.552315,0.153804,0.216046
C[C@H]1CN([C@H](C)CO)C(=O)Cc2cc(ccc2O[C@H]1CN(C)Cc1ccc(c(c1)Cl)Cl)NC(=O)Nc1cccc2ccccc12,0,0.123508,0.030628,0.007426
C[C@H]1CN([C@@H](C)CO)C(=O)Cc2cc(ccc2O[C@@H]1CN(C)Cc1ccccc1)NC(=O)Cn1cnnn1,0,0.024302,0.024668,0.008984
CCCCCCc1nc(cc2c1[Si](O[C@H]2c1ccccc1)(C(C)C)C(C)C)-c1ccc(o1)-c1ccc(c(c1)Cl)Cl,0,0.578828,0.554594,0.274111
C[C@@H]1CN([C@H](C)CO)C(=O)c2cc(ccc2O[C@@H]1CN(C)C(=O)Nc1ccc2c(c1)OCO2)NC(=O)CCCN(C)C,0,0.021983,0.022381,0.004558
C[C@H]1CN([C@H](C)CO)C(=O)c2cc(cnc2O[C@H]1CN(C)S(=O)(=O)c1cccc(c1)F)C#Cc1ccccc1,0,0.064520,0.033225,0.008035
CCN(C(C)=O)c1cccc(-c2ccnc3c(C#N)cnn23)c1,0,0.017099,0.072478,0.078284
COc1ccc2c3c([nH]c2c1)[C@@H](CO)N(C[C@]13CCN(CC1)C(=O)Nc1ccc(cc1)F)C(=O)c1ccc(cc1)F,0,0.268176,0.495796,0.280331
COc1ccc(cc1)NC(=O)N(C)C[C@@H]1OCCCC[C@@H](C)Oc2ccc(cc2C(=O)N(C[C@H]1C)[C@@H](C)CO)NC(=O)NC1CCCCC1,0,0.009379,0.021879,0.004408
C[C@@H]1CCCCO[C@@H](CN(C)Cc2ccc(cc2)C(F)(F)F)[C@H](C)CN([C@H](C)CO)C(=O)c2cc(ccc2O1)NS(=O)(=O)c1cn(cn1)C,0,0.138787,0.080052,0.009070
CC(C)NC(=O)Nc1ccc2c(c1)C(=O)N(C[C@@H](C)[C@H](CN(C)Cc1ccc(cc1)C(F)(F)F)OCCCC[C@H](C)O2)[C@@H](C)CO,0,0.255825,0.035834,0.027844
C[C@H](O)C#Cc1ccc2c(c1)O[C@@H](CN(C)C(=O)c1ccccc1)[C@@H](C)CN([C@H](C)CO)S2(=O)=O,0,0.027232,0.028558,0.009206
O=C1C=C(O)C(=O)c2ccccc21,0,0.235997,0.555685,0.285299
C[C@@H]1CN([C@@H](C)CO)C(=O)c2cc(ccc2O[C@H]1CN(C)Cc1ccc(cc1)-c1ccccc1)NC(=O)NC1CCCCC1,0,0.058876,0.031232,0.014326
C[C@@H]1CCCCO[C@@H](CN(C)C(=O)CCC(F)(F)F)[C@@H](C)CN([C@H](C)CO)C(=O)c2cc(ccc2O1)NC(=O)NC1CCCCC1,0,0.057001,0.115436,0.079104
Nc1ccn(C2OC(CO)C(O)C2O)c(=O)n1,0,0.462777,0.164124,0.109159
Cc1cnc(cn1)C(=O)Nc1nn[nH]n1,0,0.155229,0.041690,0.052679
OC(=O)[C@@H]1C[C@@H](CN1)C(F)(F)F,0,0.184460,0.168560,0.105010
C[C@@H]1CN([C@H](C)CO)C(=O)Cc2cc(ccc2O[C@H]1CN(C)Cc1ccc(cc1)Oc1ccccc1)NS(=O)(=O)c1ccc(cc1)C,0,0.000413,0.024793,0.005030
FC(F)(F)c1ccc(cc1)N1[C@@H]([C@@H](CC1=O)c1ccc(cc1)Br)C(=O)Nc1cccc2cccnc12,0,0.862763,0.543240,0.553165
OC[C@H]1O[C@@H](O[C@@H]2[C@@H](CO)O[C@](O)(CO)[C@H]2O)[C@H](O)[C@@H](O)[C@H]1O,0,0.037541,0.173938,0.100895
CCCNC(=O)N1C[C@@H](O)COC[C@H]2O[C@@H](CC[C@@H]21)CC(=O)NCCCN1CCOCC1,0,0.335157,0.049917,0.038818
COc1cccc(c1)S(=O)(=O)N(C)C[C@H]1OCc2cn(nn2)CCCC(=O)N(C[C@H]1C)[C@@H](C)CO,0,0.009996,0.022895,0.005555
C[C@@H]1CCCCO[C@H](CN(C)C(=O)Nc2ccc(cc2)F)[C@H](C)CN([C@@H](C)CO)C(=O)c2cc(ccc2O1)NC(=O)NC1CCCCC1,0,0.094014,0.023880,0.006795
C[C@@H]1CCCCO[C@@H](CN(C)C(=O)Cc2ccccc2)[C@H](C)CN([C@@H](C)CO)C(=O)c2cc(ccc2O1)NS(=O)(=O)c1cccs1,0,0.001259,0.023366,0.003810
C[C@@H]1CCCCO[C@@H](CN(C)Cc2ccc(cc2)C(=O)O)[C@H](C)CN([C@H](C)CO)C(=O)c2cc(ccc2O1)NC(=O)CCC(F)(F)F,0,0.474134,0.031741,0.013078
CC(C)NCC(O)COc1ccc(CC(N)=O)cc1,0,0.014326,0.187922,0.117441
COc1ccc(-c2cc(=O)c3c(O)cc(O)c(-c4cc(-c5cc(=O)c6c(O)cc(O)cc6o5)ccc4OC)c3o2)cc1,0,0.357877,0.196554,0.050228
CO[C@@H](C(=O)N(C)C[C@@H]1OCc2ccccc2-c2c(n(c3ccccc23)C)C(=O)N(C[C@H]1C)[C@H](C)CO)c1ccccc1,0,0.018723,0.040594,0.023709
CCCOc1ccc(C(=O)OCCN(CC)CC)cc1N.Cl,0,0.705985,0.235782,0.165452
C[C@H](O)C#Cc1ccc2c(c1)O[C@@H](CN(C)C(=O)c1ccccc1)[C@H](C)CN([C@@H](C)CO)S2(=O)=O,0,0.027232,0.028558,0.009206
CCN1CCN(c2cc3c(cc2F)c(=O)c(C(=O)O)cn3C2CC2)CC1,1,0.991105,0.883797,0.913320
C[C@H]1CCCCO[C@H](CN(C)C(=O)C2CCCCC2)[C@H](C)CN([C@@H](C)CO)C(=O)c2cc(ccc2O1)NC(=O)Nc1c(noc1C)C,0,0.034526,0.024128,0.008221
CC(C)CN1C(=O)[C@]2(CC(=O)N(CC3C4CC5CC(C4)CC3C5)[C@@H]2c2ccc(cc21)CO)c1ccc(cc1)[N+](=O)[O-],0,0.491992,0.280977,0.213430
CN1CCN(CC1)C(=O)C[C@@H]1CC[C@@H]2[C@@H](COc3ccc(cc3C(=O)N2C)NC(=O)C2CCOCC2)O1,0,0.032944,0.025539,0.006380
Cc1ccc(n1C)C(=N)NO,0,0.901248,0.078477,0.045547
O=C(NCc1csnn1)c1csnn1,0,0.876589,0.079219,0.042462
COc1cc(nc(n1)[C@@H](NC(=O)C1CCN(CC1)Cc1ccc(cc1)Oc1ccccc1)c1ccccc1C)OC,0,0.256873,0.294587,0.241232
C[C@@H]1CCCCO[C@H](CN(C)CC2CC2)[C@H](C)CN([C@@H](C)CO)C(=O)c2cc(ccc2O1)NC(=O)Cc1ccccc1,0,0.037471,0.026760,0.008367
C[C@@H]1CCCCO[C@H](CN(C)S(=O)(=O)c2cn(cn2)C)[C@H](C)CN([C@@H](C)CO)C(=O)c2cc(ccc2O1)NC(=O)Nc1ccc(cc1)C(F)(F)F,0,0.305766,0.186539,0.040221
COC(=O)[C@@H](NC(=O)Cn1cc(nn1)C(=O)NO)c1ccccc1,0,0.389656,0.099225,0.188998
C[C@H]1CCCCO[C@H](CN(C)C(=O)CCCN(C)C)[C@H](C)CN([C@@H](C)CO)C(=O)c2cc(ccc2O1)NC(=O)Nc1ccc(cc1)F,0,0.103403,0.028963,0.008805
C[C@H]1CCCCO[C@H](CN(C)C(=O)Nc2ccccc2)[C@@H](C)CN([C@@H](C)CO)C(=O)c2cc(ccc2O1)NC(=O)Nc1c(noc1C)C,0,0.027114,0.023099,0.005289
C[C@H]1CN([C@@H](C)CO)C(=O)c2cc(ccc2O[C@@H]1CN(C)C(=O)NC1CCCCC1)NC(=O)Nc1ccc(cc1)C(F)(F)F,0,0.689688,0.547185,0.498787
C[C@H]1CN([C@@H](C)CO)C(=O)Cc2cc(ccc2O[C@H]1CN(C)Cc1ccc(cc1)C(F)(F)F)NC(=O)NC1CCCCC1,0,0.101239,0.065784,0.033477
C[C@H]1CCCCO[C@@H](CN(C)C(=O)Nc2ccc(cc2)F)[C@H](C)CN([C@H](C)CO)C(=O)c2cc(ccc2O1)NS(=O)(=O)c1ccc(cc1)C,0,0.024670,0.023486,0.004580
C[C@@H]1CN([C@@H](C)CO)C(=O)c2cccc(c2O[C@@H]1CN(C)Cc1ccc(cc1)Oc1ccccc1)NC(=O)c1nc2ccccc2s1,0,0.002984,0.025054,0.010078
COCC#Cc1ccc2c(c1)O[C@@H](CN(C)C(=O)C1CCCCC1)[C@H](C)CN([C@H](C)CO)S2(=O)=O,0,0.110114,0.024407,0.006658
COc1ccc(cc1)CNC(=O)C[C@H]1CC[C@@H]2[C@H](COc3ccc(cc3C(=O)N2C)NC(=O)C2CC2)O1,0,0.026586,0.023805,0.008916
C[C@H]1CN([C@H](C)CO)C(=O)CCCn2cc(nn2)CO[C@@H]1CN(C)S(=O)(=O)c1cccc(c1)C#N,0,0.002611,0.024420,0.006740
C[C@@H]1CN([C@@H](C)CO)C(=O)c2cc(ccc2O[C@H]1CN(C)Cc1ccc2c(c1)OCO2)NS(=O)(=O)c1cn(cn1)C,0,0.008372,0.024002,0.005078
C[C@@H]1CN([C@H](C)CO)C(=O)c2cccc(c2O[C@H]1CN(C)S(=O)(=O)C)NC(=O)c1nc2ccccc2s1,0,0.018655,0.025303,0.006375
COc1ccc(cc1)CN(C)C[C@@H]1OCCCC[C@H](C)Oc2ccc(cc2C(=O)N(C[C@@H]1C)[C@@H](C)CO)NC(=O)CCC(F)(F)F,0,0.083960,0.026488,0.010026
C[C@H]1CCCCO[C@@H](CN(C)S(=O)(=O)c2cccc(c2)F)[C@H](C)CN([C@@H](C)CO)C(=O)c2cc(ccc2O1)NC(=O)Nc1ccccc1,0,0.011753,0.023326,0.004813
C[C@@H]1CCCCO[C@@H](CN(C)C(=O)Nc2ccc(cc2)C(F)(F)F)[C@H](C)CN([C@H](C)CO)C(=O)c2cc(ccc2O1)NS(=O)(=O)C,0,0.243558,0.041818,0.020645
C[C@H]1CN([C@H](C)CO)C(=O)c2cc(ccc2O[C@@H]1CN(C)Cc1ccc(cc1)Oc1ccccc1)NC(=O)Cc1ccccc1,0,0.003455,0.025085,0.010923
N[C@@H](CC(=O)N1CCn2c(nnc2C(F)(F)F)C1)Cc1[nH]nc2c(c(ccc12)F)F,0,0.698080,0.626369,0.401800
C[C@H]1CCCCO[C@@H](CN(C)Cc2ccc3c(c2)OCO3)[C@@H](C)CN([C@H](C)CO)C(=O)c2cc(ccc2O1)NC(=O)Nc1ccc(cc1)F,0,0.053632,0.025964,0.012076
C[C@@H]1CN([C@@H](C)CO)C(=O)Cc2cc(ccc2O[C@@H]1CN(C)C)NS(=O)(=O)C,0,0.004208,0.026713,0.008856
C[C@@H]1CN([C@H](C)CO)C(=O)Cc2cc(ccc2O[C@@H]1CN(C)S(=O)(=O)c1cccs1)NC(=O)c1ccncc1,0,0.000381,0.023168,0.004262
C[C@H]1CCCCO[C@@H](CN(C)C(=O)C2CCCCC2)[C@H](C)CN([C@H](C)CO)C(=O)c2cc(ccc2O1)NS(=O)(=O)c1ccc(cc1)F,0,0.005765,0.024208,0.006172
OC[C@@H]1O[C@H](C[C@H]2[C@@H]1Oc1ccc(cc12)NC(=O)Cc1ccncc1)CC(=O)NCCN1CCCCC1,0,0.088173,0.023873,0.012431
C[C@H]1CN([C@@H](C)CO)C(=O)c2cc(ccc2O[C@H]1CN(C)Cc1ccc(cc1)C(=O)O)NC(=O)CCN1CCOCC1,0,0.015667,0.054816,0.017921
C[C@@H]1CCCCO[C@H](CN(C)C(=O)NC2CCCCC2)[C@H](C)CN([C@@H](C)CO)C(=O)c2cc(ccc2O1)NC(=O)Nc1ccccc1,0,0.011316,0.023525,0.004743
C[C@@H]1CN([C@H](C)CO)C(=O)c2cccc(c2O[C@H]1CN(C)S(=O)(=O)c1ccc(cc1)Cl)NS(=O)(=O)c1cn(cn1)C,0,0.129643,0.026246,0.007364
COc1ccc(cc1)S(=O)(=O)Nc1cccc2c1O[C@@H](CN(C)C(=O)Nc1cccc3ccccc13)[C@@H](C)CN([C@@H](C)CO)C2=O,0,0.021395,0.023492,0.007450
CC(=O)c1c(c(c(c(c1O)Cc1c(c2c(c(c1O)C(=O)/C=C/c1ccccc1)OC(C)(C)C=C2)O)O)C)O,0,0.998663,0.586922,0.408860
C[C@@H]1CN([C@H](C)CO)C(=O)c2cc(ccc2O[C@H]1CN(C)S(=O)(=O)c1ccccc1)NC(=O)CCCN(C)C,0,0.007103,0.024975,0.005652
CC[C@@H](CO)NCCN[C@@H](CC)CO,0,0.000545,0.053938,0.037264
C[C@@H]1CCCCO[C@@H](CN(C)C(=O)Nc2ccc(cc2)F)[C@H](C)CN([C@@H](C)CO)C(=O)c2cc(ccc2O1)NC(=O)c1ccccc1,0,0.019700,0.023461,0.006265
O=C(CCCCN1C(=O)Nc2ccccc2C1=O)N1CCN(CC1)c1ncccn1,0,0.109824,0.083319,0.045689
COc1ccc(cc1)CN(C)C[C@H]1Oc2c(cccc2C(=O)N(C[C@@H]1C)[C@H](C)CO)NS(=O)(=O)c1cn(cn1)C,0,0.034284,0.023656,0.004136
C[C@H]1CN([C@H](C)CO)C(=O)c2c(c3ccccc3n2C)-c2ccccc2CO[C@H]1CN(C)C(=O)Oc1ccc(cc1)C,0,0.140617,0.101353,0.032750
C[C@H]1CN([C@H](C)CO)C(=O)Cc2cc(ccc2O[C@H]1CN(C)Cc1ccc(cc1)-c1ccccc1)NC(=O)Nc1ccc(cc1)F,0,0.122260,0.029739,0.013634
CO[C@H]1CN(C)C(=O)c2ccc(cc2OC[C@H](C)N(C[C@@H]1C)C(=O)CN1CCOCC1)NC(=O)C1CC1,0,0.003241,0.022731,0.005001
CC(C)NC(=O)Nc1ccc2c(c1)C(=O)N(C)[C@H]1CC[C@@H](CC(=O)NCc3ccc(cc3)F)O[C@@H]1CO2,0,0.049274,0.029731,0.018160
CC1CCC2(C(=O)O)CCC3(C)C(=CCC4C5(C)CCC(O)C(C)(C)C5CCC43C)C2C1C,0,0.947985,0.256752,0.169091
C[C@@H]1CN([C@@H](C)CO)C(=O)c2cc(cnc2O[C@H]1CN(C)C(=O)c1cnccn1)C#CCN(C)C,0,0.184049,0.027599,0.008392
Nc1ccccc1OCc1ccccc1,0,0.344585,0.172151,0.165111
CCO[C@@H]1OC(=C[C@@H]([C@H]1CCCOC(=O)NCCCCCC(=O)NO)c1ccc(cc1)C(F)(F)F)C(=O)N1CCN(CC1)Cc1ccc2c(c1)OCO2,0,0.000023,0.136892,0.066352
C[C@H]1CN([C@@H](C)CO)C(=O)c2cccc(c2O[C@@H]1CN(C)S(=O)(=O)c1ccc(cc1)C)NS(=O)(=O)C,0,0.039192,0.031046,0.007868
OC[C@H]1O[C@@H](CC(=O)NC2CCCCC2)C=C[C@@H]1NC(=O)CN1CCOCC1,0,0.017254,0.030089,0.013915
CCCCN(CCCC)CCCC.Nc1ncnc2n(cnc12)[C@H]1O[C@@H](COP(=O)(O)O)[C@@H](O)[C@@H]1O,0,0.000100,0.424482,0.251957
C[C@H]1CN([C@H](C)CO)C(=O)c2cc(ccc2O[C@@H]1CN(C)Cc1ccccc1)NC(=O)CCN1CCOCC1,0,0.002747,0.024302,0.006445
C[C@H]1CN([C@H](C)CO)C(=O)Cc2cc(ccc2O[C@@H]1CN(C)C(=O)Nc1ccc(cc1)C(F)(F)F)NC(=O)CCC(F)(F)F,0,0.609850,0.552585,0.399080
COc1ccc(cc1)S(=O)(=O)Nc1ccc2c(c1)C(=O)N(C[C@H](C)[C@@H](CN(C)C(=O)Nc1cccc3ccccc13)OCCCC[C@@H](C)O2)[C@H](C)CO,0,0.004146,0.023861,0.004177
COc1oc(c(c1S(=O)(=O)c1ccc(cc1)Cl)-c1ccc(cc1)Cl)C(=O)NC1CCCCC1,0,0.257139,0.696878,0.454102
C[C@H]1CCCCO[C@H](CN(C)C(=O)Nc2ccc(cc2)F)[C@@H](C)CN([C@H](C)CO)C(=O)c2cc(ccc2O1)NC(=O)c1ccccc1,0,0.019700,0.023461,0.006265
C[C@@H]1CN([C@H](C)CO)C(=O)c2cc(ccc2O[C@H]1CN(C)S(=O)(=O)c1cccs1)NC(=O)c1ccncc1,0,0.001337,0.023900,0.004116
C[C@H]1CCCCO[C@H](CN(C)Cc2ccc(cc2)C(=O)O)[C@H](C)CN([C@H](C)CO)C(=O)c2cc(ccc2O1)NS(=O)(=O)c1ccc(cc1)Cl,0,0.059619,0.027240,0.005613
COc1ccc(cc1)-c1cnc2c(c1)C(=O)N(C[C@H](C)[C@@H](CN(C)C(=O)Cc1ccccn1)O2)[C@@H](C)CO,0,0.002038,0.022168,0.004918
CC(C)(C)[S@@](=O)N1Cc2cc(nc(c2[C@H]1CCO)-c1cccc(c1)-c1ccccc1F)C(=O)NCc1ccccn1,0,0.008063,0.109741,0.064372
COc1ccccc1C#Cc1ccc2c(c1)O[C@H](CN(C)Cc1ccncc1)[C@@H](C)CN([C@@H](C)CO)S2(=O)=O,0,0.056987,0.024965,0.005762
C[C@H]1CN([C@@H](C)CO)C(=O)c2cc(ccc2O[C@H]1CN(C)C(=O)Nc1cccc2ccccc12)NC(=O)Cc1cn(c2ccccc12)C,0,0.013676,0.023646,0.006678
C[C@H]1CN([C@H](C)CO)C(=O)Cc2cc(ccc2O[C@@H]1CN(C)S(=O)(=O)c1cn(cn1)C)NS(=O)(=O)c1ccc(cc1)F,0,0.010331,0.024147,0.005953
CC(C)NC(=O)Nc1cccc2c1O[C@@H](CN(C)Cc1ccc(cc1)C(=O)O)[C@H](C)CN([C@H](C)CO)C2=O,0,0.155194,0.063672,0.027265
C[C@@H]1CN([C@@H](C)CO)C(=O)CCCn2cc(nn2)CO[C@H]1CN(C)C(=O)Nc1ccc(cc1)N1CCN(C)CC1,0,0.351350,0.026755,0.008410
OC1[C@H]2O[C@H]2C(=O)C(=C)C1=O,0,0.368779,0.461892,0.302794
C[C@@H]1CN([C@H](C)CO)C(=O)c2cccc(c2O[C@@H]1CN(C)C(=O)Nc1cccc2ccccc12)NC(=O)Nc1ccc2c(c1)OCO2,0,0.031422,0.025270,0.010694
OCC(O)CO,0,0.000213,0.118525,0.059728
C[C@@H]1CN([C@@H](C)CO)C(=O)c2cccc(c2O[C@H]1CN(C)Cc1ccc(c(c1)Cl)Cl)NS(=O)(=O)c1ccc(cc1)Cl,0,0.085801,0.034542,0.009684
C[C@@H]1CN([C@@H](C)CO)C(=O)Cc2cc(ccc2O[C@H]1CN(C)Cc1ccc2c(c1)OCO2)NC(=O)Cn1cnnn1,0,0.013364,0.024358,0.008074
C[C@H]1CCCCO[C@H](CN(C)C)[C@H](C)CN([C@@H](C)CO)C(=O)c2cc(ccc2O1)NC(=O)Nc1ccc(cc1)C(F)(F)F,0,0.668149,0.799024,0.783219
O=C1N=CNc2nc[nH]c21,0,0.246377,0.080275,0.043990
COc1ccc(C=CC(=O)Nc2ccccc2C(=O)O)cc1OC,0,0.907520,0.123820,0.139527
C[C@H]1CN([C@@H](C)CO)C(=O)Cc2cc(ccc2O[C@@H]1CN(C)C(=O)Nc1ccc(cc1)C(F)(F)F)NC(=O)Nc1c(noc1C)C,0,0.415131,0.207059,0.224197
COc1ccc(cc1)CN(C)C[C@@H]1Oc2ccc(cc2CC(=O)N(C[C@@H]1C)[C@@H](C)CO)NS(=O)(=O)C,0,0.002208,0.026336,0.008581
C[C@@H]1CN([C@@H](C)CO)C(=O)c2cccc(c2O[C@H]1CN(C)Cc1ccncc1)NC(=O)Nc1ccc(cc1)C(F)(F)F,0,0.412843,0.091803,0.074273
CC(C)(C)c1cccc(c1)N,0,0.240498,0.200161,0.180737
C[C@@H]1CN([C@@H](C)CO)C(=O)c2cc(cnc2O[C@@H]1CN(C)C(=O)C1CCCCC1)C#CC1(O)CCCC1,0,0.035084,0.069936,0.026999
CC(=O)N1C[C@@H](NC(=O)c2nccn2C)[C@@H]2OCCC[C@@H]21,0,0.018222,0.030207,0.006885
C[C@H]1CN([C@@H](C)CO)C(=O)c2cc(cnc2O[C@H]1CN(C)Cc1ccc(cc1)Oc1ccccc1)-c1cccnc1,0,0.002718,0.031540,0.012190
C[C@@H]1CN([C@@H](C)CO)C(=O)c2cc(ccc2O[C@@H]1CN(C)C(=O)Nc1c(noc1C)C)NC(=O)C1CC1,0,0.027336,0.021762,0.006780
C[C@@H]1CCCCO[C@H](CN(C)C(=O)Cc2ccccc2)[C@@H](C)CN([C@H](C)CO)C(=O)c2cc(ccc2O1)NS(=O)(=O)c1ccc(cc1)F,0,0.003350,0.023390,0.005110
COc1ccc(cc1)NC(=O)N(C)C[C@H]1Oc2ccc(cc2CC(=O)N(C[C@H]1C)[C@@H](C)CO)NS(=O)(=O)c1cn(cn1)C,0,0.011499,0.023294,0.003966
C[C@H]1CCCCO[C@@H](CN(C)C(=O)Nc2ccccc2)[C@@H](C)CN([C@@H](C)CO)C(=O)c2cc(ccc2O1)NS(=O)(=O)c1c(noc1C)C,0,0.008500,0.023945,0.005073
NC(=O)N1c2ccccc2C=Cc2ccccc21,0,0.856983,0.307021,0.208006
O=C(CCCN1CCC(O)(c2ccc(Cl)cc2)CC1)c1ccc(F)cc1,0,0.969449,0.686932,0.593979
C[C@@H]1CN([C@@H](C)CO)C(=O)CCCn2cc(nn2)CO[C@H]1CN(C)S(=O)(=O)c1ccc(cc1)-c1ccccc1,0,0.022299,0.033093,0.005829
COC(=O)Cn1nc(c2ccccc12)N,0,0.080604,0.053689,0.025429
C[C@H]1CCCCO[C@H](CN(C)Cc2ccncc2)[C@@H](C)CN([C@H](C)CO)C(=O)c2cc(ccc2O1)NC(=O)NC1CCCCC1,0,0.009840,0.022505,0.004699
C[C@@H](O)CO,0,0.000039,0.047468,0.031531
COc1cc2c(cc1OC)C(=O)OC2,0,0.421597,0.129141,0.062467
COc1cc(ccc1O)/C=C/C(=O)CC1=N/C(=N/CCc2ccccc2)S[C@@H](C1)c1ccc(c(c1)OC)O,0,0.690143,0.190437,0.431354
COc1cc(ccc1O[C@@H]1O[C@H](CO)[C@@H](O)[C@H](O)[C@H]1O)/C=C/c1cc(cc(c1)O[C@@H]1O[C@H](CO)[C@@H](O)[C@H](O)[C@H]1O)O,0,0.201196,0.102426,0.036661
C[C@@H]1CN([C@@H](C)CO)C(=O)c2cc(ccc2O[C@H]1CN(C)C(=O)Nc1ccccc1)NC(=O)CCN1CCOCC1,0,0.003515,0.021664,0.004522
C[C@@H]1CCCCO[C@@H](CN(C)C(=O)Nc2c(noc2C)C)[C@@H](C)CN([C@H](C)CO)C(=O)c2cc(ccc2O1)NS(=O)(=O)c1ccccc1,0,0.004074,0.023380,0.003795
C[C@H]1CN([C@H](C)CO)C(=O)c2cccc(c2O[C@@H]1CN(C)S(=O)(=O)c1ccc(cc1)C)NC(=O)c1ccncc1,0,0.007626,0.028157,0.004867
C=C1N/C(=C/c2cccnc2)C(=O)O1,0,0.681980,0.106569,0.060974
COc1ccc(cc1)CNC(=O)c1cc2c(c(n1)-c1cccc(c1)/C=C/C)[C@H](CCO)N(C2)[S@@](=O)C(C)(C)C,0,0.014448,0.148036,0.094751
[O-][NH2+]N1CCCCCCC1,0,0.227413,0.188368,0.066841
ONC(=N)C(=O)Nc1ccccc1,0,0.962126,0.082257,0.073997
C[C@H]1CCCCO[C@@H](CN(C)C(=O)Nc2cccc3ccccc23)[C@@H](C)CN([C@H](C)CO)C(=O)c2cc(ccc2O1)NS(=O)(=O)c1ccc(cc1)Cl,0,0.011780,0.024479,0.005021
Nc1ncnc2n(cnc12)[C@H]1O[C@@H](CO)C[C@@H]1O,0,0.126736,0.102261,0.065806
CC(C)=CCCC(C)=CCC1=C(C)C(=O)c2ccccc2C1=O,0,0.752748,0.586097,0.535383
C[C@@H]1CN([C@H](C)CO)C(=O)c2cc(ccc2O[C@@H]1CN(C)CC1CCCCC1)NC(=O)Nc1ccc(cc1)F,0,0.233568,0.070104,0.051330
C[C@@]12[C@@H]3CC[C@@H](O3)[C@@]2(C)C(=O)OC1=O,0,0.898187,0.066575,0.032594
C[C@@H]1CN([C@H](C)CO)C(=O)c2cc(cnc2O[C@@H]1CN(C)Cc1ccc(cc1)Oc1ccccc1)-c1cccnc1,0,0.002718,0.031540,0.012190
CCNC1(c2cccs2)CCCCC1=O.Cl,0,0.927113,0.151636,0.079106
C[C@@H]1CCCCO[C@@H](CN(C)S(=O)(=O)c2ccc(cc2)Cl)[C@H](C)CN([C@H](C)CO)C(=O)c2cc(ccc2O1)NS(=O)(=O)c1ccc(cc1)C,0,0.012343,0.023815,0.005619
C[C@H]1CN([C@@H](C)CO)C(=O)Cc2cc(ccc2O[C@@H]1CN(C)S(=O)(=O)C)NC(=O)Nc1c(noc1C)C,0,0.008069,0.024064,0.006522
C[C@H]1CCCCO[C@@H](CN(C)CC2CC2)[C@@H](C)CN([C@@H](C)CO)C(=O)c2cc(ccc2O1)NC(=O)c1ccccc1,0,0.023447,0.025823,0.007409
C[C@@H]1CCCCO[C@@H](CN(C)C(=O)CCC(F)(F)F)[C@@H](C)CN([C@@H](C)CO)C(=O)c2cc(ccc2O1)NS(=O)(=O)c1ccc(cc1)Cl,0,0.033131,0.025613,0.005837
COc1ccc(cc1)NC(=O)N(C)C[C@@H]1OCCCC[C@H](C)Oc2ccc(cc2C(=O)N(C[C@@H]1C)[C@H](C)CO)NC(=O)Nc1cccc2ccccc12,0,0.020163,0.023585,0.003912
C[C@@H](NC(=O)C[C@@H]1O[C@@H](CO)[C@H](NC(=O)CN2CCOCC2)C=C1)c1ccccc1,0,0.020500,0.027809,0.011395
C[C@H]1CCCCO[C@@H](CN(C)CC2CCCCC2)[C@@H](C)CN([C@@H](C)CO)C(=O)c2cc(ccc2O1)NS(=O)(=O)c1ccc(cc1)C,0,0.019279,0.024873,0.009540
OC(=O)C1CCC(=O)CC1,0,0.064038,0.046469,0.030698
C[C@@H]1CCCCO[C@@H](CN(C)CC2CCCCC2)[C@H](C)CN([C@H](C)CO)C(=O)c2cc(ccc2O1)NS(=O)(=O)c1ccccc1,0,0.010312,0.023891,0.005727
C[C@@H]1CN([C@@H](C)CO)C(=O)Cc2cc(ccc2O[C@H]1CN(C)S(=O)(=O)C)NC(=O)C1CCCCC1,0,0.002448,0.025212,0.006599
OC(=O)CCCCCCC(=O)Nc1ccc(cc1)[C@H]1O[C@@H](CSc2ccncc2)C[C@@H](O1)c1ccccc1,0,0.558652,0.443509,0.513143
C[C@@H]1CCCCO[C@H](CN(C)C(=O)C2CCCCC2)[C@H](C)CN([C@H](C)CO)C(=O)c2cc(ccc2O1)NC(=O)CCC(F)(F)F,0,0.107738,0.114599,0.080933
CN1CCC[C@H]1CCO,0,0.015543,0.028663,0.011767
COc1ccc(cc1)[Si](C)(C)[C@H]1[C@H](C)[C@]2(O[C@@H]1CC(=O)N(CCO)Cc1ccccc1)C(=O)N(Cc1cccc(c1)N1CCCCC1=O)c1ccccc12,0,0.006369,0.035476,0.013306
CCCNc1nc(ncc1C#CCCCNC(=O)[C@H](C)N(C)C(=O)/C=C/CN(C)C)Nc1ccc(cc1)C#N,0,0.633881,0.068916,0.059142
COCCNC(=O)C[C@H]1CC[C@H]2[C@@H](COC[C@H](O)CN2S(=O)(=O)c2ccccc2C)O1,0,0.115195,0.024471,0.009895
COc1ccc(cc1)NC(=O)N(C)C[C@H]1Oc2c(cccc2C(=O)N(C[C@@H]1C)[C@H](C)CO)NS(=O)(=O)C,0,0.027584,0.023812,0.006256
COc1ccc(cc1)S(=O)(=O)Nc1ccc2c(c1)CC(=O)N(C[C@H](C)[C@H](CN(C)S(=O)(=O)c1cn(cn1)C)O2)[C@@H](C)CO,0,0.005307,0.024490,0.005541
C[C@@H]1CCCCO[C@H](CN(C)Cc2ccc(c(c2)Cl)Cl)[C@H](C)CN([C@@H](C)CO)C(=O)c2cc(ccc2O1)NS(=O)(=O)c1ccc(cc1)F,0,0.043010,0.024277,0.005872
O=C1C=CC(=O)c2c(O)cccc21,0,0.764069,0.677016,0.538584
OC[C@@H]1CC[C@@H]2O[C@H](CCc3ccc(cc3)C#Cc3ccccc3)[C@H](C[C@@H]2O1)n1cc(nn1)-c1ccccc1,0,0.957308,0.050484,0.059800
OC[C@@H]1O[C@H](C[C@@H]2[C@H]1Oc1ccc(cc12)NC(=O)c1ccc2c(c1)OCO2)CC(=O)NCc1ccccn1,0,0.002128,0.027859,0.009948
C[C@H](O)[C@H](O)[C@@H](O)[C@@H](O)/C=N/NC(=O)CCCCC(=O)NO,0,0.002196,0.063470,0.037106
CO[C@H]1CN(C)C(=O)c2cc(ccc2OC[C@@H](C)N(C[C@@H]1C)C(=O)NC(C)C)NS(=O)(=O)CC(F)(F)F,0,0.016136,0.039520,0.011232
C[C@@H]1CN([C@H](C)CO)C(=O)c2cccc(c2O[C@H]1CN(C)S(=O)(=O)C)NC(=O)CCCCCC(=O)Nc1ccccc1N,0,0.013834,0.039705,0.006473
COc1ccc(cc1)NC(=O)N(C)C[C@@H]1Oc2ncc(cc2C(=O)N(C[C@@H]1C)[C@H](C)CO)C#CC(C)(C)O,0,0.038870,0.036634,0.018136
C[C@@H]1CN([C@H](C)CO)C(=O)Cc2cc(ccc2O[C@@H]1CN(C)S(=O)(=O)c1ccc(cc1)F)NS(=O)(=O)C,0,0.011416,0.026485,0.008149
O=S1(=O)CO[C@H](CN1)c1ccccc1,0,0.051087,0.032304,0.011003
OCCN1C[C@H]2C[C@@H](C1)C1=CC=CC(=O)N1C2,0,0.523455,0.040739,0.019692
C[C@H]1CN([C@H](C)CO)C(=O)c2cccc(c2O[C@@H]1CN(C)CC1CCCCC1)NC(=O)c1cnccn1,0,0.087604,0.026752,0.010552
C[C@@H]1CN([C@H](C)CO)C(=O)c2cc(ccc2O[C@H]1CN(C)C(=O)OCC=C)NC(=O)OCC1c2ccccc2-c2ccccc21,0,0.678251,0.031451,0.025705
C[C@H]1CN([C@@H](C)CO)C(=O)Cc2cc(ccc2O[C@H]1CN(C)C(=O)Nc1ccc(cc1)F)NC(=O)Nc1cccc2ccccc12,0,0.048979,0.024392,0.009623
CC(C)NC(=O)N(C)C[C@@H]1Oc2c(cccc2C(=O)N(C[C@@H]1C)[C@H](C)CO)NC(=O)Nc1ccc2c(c1)OCO2,0,0.038878,0.022558,0.009989
CN(C)C1C(O)=C(C(N)=O)C(=O)C2(O)C(O)=C3C(=O)c4c(O)cccc4C(C)(O)C3CC12.Cl,0,0.974478,0.908962,0.869610
C[C@H]1CCCCO[C@H](CN(C)S(=O)(=O)c2c(noc2C)C)[C@@H](C)CN([C@H](C)CO)C(=O)c2cc(ccc2O1)NS(=O)(=O)c1cn(cn1)C,0,0.019153,0.024896,0.005964
C[C@H]1CCCCO[C@H](CN(C)CC2CCCCC2)[C@@H](C)CN([C@@H](C)CO)C(=O)c2cc(ccc2O1)NS(=O)(=O)c1ccccc1,0,0.010312,0.023891,0.005727
CO[C@@H]1[C@@H](O[C@H]2O[C@H](C)[C@@H](O[C@H]3C[C@@](C)(O)[C@@H](OC(=O)CC(C)C)[C@H](C)O3)[C@@H]([C@H]2O)N(C)C)[C@@H](CC=O)C[C@@H](C)[C@@H](O)/C=C/C=C/C[C@@H](C)OC(=O)C[C@H]1C(=O)OC,1,0.903836,0.937737,0.976500
C[C@@H]1CN([C@@H](C)CO)C(=O)Cc2cc(ccc2O[C@H]1CN(C)S(=O)(=O)C)NC(=O)Nc1ccc(cc1)C(F)(F)F,0,0.104172,0.048662,0.036436
COc1cccc(c1)C#Cc1cnc2c(c1)C(=O)N(C[C@H](C)[C@H](CN(C)C(=O)C1CCC1)O2)[C@H](C)CO,0,0.034182,0.022056,0.005907
COc1ccc(cc1)NC(=O)N(C)C[C@H]1OCCCC[C@H](C)Oc2ccc(cc2C(=O)N(C[C@@H]1C)[C@@H](C)CO)NS(=O)(=O)c1ccc(cc1)OC,0,0.003431,0.024335,0.004343
C[C@H]1CCCCO[C@@H](CN(C)C(=O)Nc2ccccc2)[C@H](C)CN([C@H](C)CO)C(=O)c2cc(ccc2O1)NC(=O)c1ccncc1,0,0.003864,0.021835,0.003791
OC[C@H](Cc1ccccc1)NC(=O)C[C@@H]1CC=CC[C@@H](NC(=O)OCC2c3ccccc3-c3ccccc32)C(=O)OC[C@@H](Cc2c[nH]c3ccccc23)NC1=O,0,0.000265,0.043886,0.043333
CCOC(=O)c1snc2c1NC=NC2=O,0,0.252201,0.091722,0.074824
CC(C)C[C@@H]1NC(=O)[C@@H]2C[C@@H]([C@@H](N2C1=O)c1cccc(c1)OCCO)C(=O)OCCOc1ccc(cc1)[C@H]1N2[C@@H]([C@@H](C(=O)OCC=C)[C@]11C(=O)Nc3ccc(cc31)I)C(=O)O[C@@H]([C@@H]2c1ccccc1)c1ccccc1,0,0.245156,0.088983,0.012770
OC[C@@H]1O[C@@H](C[C@H]2[C@@H]1Oc1ccc(cc12)NC(=O)c1ccc2c(c1)OCO2)CC(=O)NCc1ccccn1,0,0.002128,0.027859,0.009948
C[C@H]1CN([C@@H](C)CO)C(=O)c2c(c3ccccc3n2C)-c2ccccc2CO[C@H]1CN(C)C(=O)CCC(F)(F)F,0,0.251032,0.077861,0.073991
C[C@@H]1CCCCO[C@@H](CN(C)CC2CCCCC2)[C@@H](C)CN([C@H](C)CO)C(=O)c2cc(ccc2O1)NS(=O)(=O)c1ccc(cc1)F,0,0.030639,0.023971,0.007944
COc1ccc(cc1)S(=O)(=O)Nc1ccc2c(c1)CC(=O)N(C[C@@H](C)[C@H](CN(C)C(=O)NC(C)C)O2)[C@@H](C)CO,0,0.003200,0.024296,0.005755
C[C@H]1CN([C@H](C)CO)C(=O)CCCn2nncc2CO[C@@H]1CN(C)S(=O)(=O)c1cccc(c1)C#N,0,0.001796,0.023504,0.006940
C[C@@H]1CN([C@@H](C)CO)C(=O)Cc2cc(ccc2O[C@@H]1CN(C)S(=O)(=O)c1ccc(cc1)C)NS(=O)(=O)C,0,0.004753,0.026089,0.006500
C[C@H]1CCCCO[C@H](CN(C)C(=O)Nc2cccc3ccccc23)[C@@H](C)CN([C@H](C)CO)C(=O)c2cc(ccc2O1)NC(=O)Nc1ccc(cc1)C(F)(F)F,0,0.476055,0.027178,0.016556
C[C@@H]1CCCCO[C@@H](CN(C)S(=O)(=O)c2cn(cn2)C)[C@@H](C)CN([C@H](C)CO)C(=O)c2cc(ccc2O1)NS(=O)(=O)C,0,0.009131,0.023868,0.005264
NC1=N[C@H]2CS[C@@H](CCCCC(=O)O)[C@H]2N1,0,0.000136,0.046850,0.025274
C[C@@H]1CN([C@@H](C)CO)C(=O)c2cc(ccc2O[C@H]1CN(C)Cc1ccc2c(c1)OCO2)NS(=O)(=O)c1c(noc1C)C,0,0.002108,0.024548,0.005940
C[C@@H]1CN([C@@H](C)CO)C(=O)c2cc(ccc2O[C@H]1CN(C)Cc1ccc2c(c1)OCO2)NC(=O)c1ccncc1,0,0.001594,0.021587,0.004583
O=C1NC(=O)C=C1,1,0.000802,0.093878,0.056973
OC[C@@H](Cc1ccccc1)NC(=O)C[C@@H]1CC=CC[C@H](NC(=O)OCC2c3ccccc3-c3ccccc32)C(=O)O[C@H](CNC1=O)c1ccccc1,0,0.000206,0.051055,0.039879
CC(C)NC(=O)Nc1cccc2c1O[C@H](CN(C)Cc1ccc(cc1)Oc1ccccc1)[C@@H](C)CN([C@H](C)CO)C2=O,0,0.015768,0.029324,0.017982
C[C@H]1CN([C@H](C)CO)C(=O)c2cc(ccc2O[C@@H]1CN(C)CC1CC1)NS(=O)(=O)c1cn(cn1)C,0,0.048718,0.023253,0.005890
COc1ccc(cc1)S(=O)(=O)Nc1cccc2c1O[C@@H](CN(C)Cc1ccc(cc1)-c1ccccc1)[C@@H](C)CN([C@@H](C)CO)C2=O,0,0.012190,0.024818,0.007155
C[C@@H]1CN([C@@H](C)CO)C(=O)c2cc(ccc2O[C@@H]1CN(C)S(=O)(=O)c1cn(cn1)C)NC(=O)Nc1ccc2c(c1)OCO2,0,0.011058,0.023589,0.004797
CN/1[C@@H](C=C(CCCO)C\C1=N\P(=O)(Oc1ccccc1)Oc1ccccc1)c1ccc(cc1)CN1CCCC1,0,0.978560,0.818609,0.635643
CC(C)(C)c1cccc(c1)CN,0,0.501208,0.175675,0.154424
CC(C)NC(=O)Nc1ccc2c(c1)C(=O)N(C[C@H](C)[C@@H](CN(C)C(=O)Nc1ccccc1)OCCCC[C@H](C)O2)[C@@H](C)CO,0,0.013421,0.024338,0.007012
C[C@H]1CCCCO[C@H](CN(C)C(=O)Nc2c(noc2C)C)[C@@H](C)CN([C@@H](C)CO)C(=O)c2cc(ccc2O1)NS(=O)(=O)c1ccccc1,0,0.004074,0.023380,0.003795
C[C@@H]1CN([C@@H](C)CO)C(=O)c2cccc(c2O[C@@H]1CN(C)Cc1ccc(c(c1)Cl)Cl)NC(=O)Nc1cccc2ccccc12,0,0.220131,0.164514,0.023781
NCc1cn(nc1C12CC3CC(CC(C3)C2)C1)-c1ccccc1,1,0.938684,0.288290,0.261198
C[C@H]1CN([C@@H](C)CO)C(=O)c2cc(ccc2O[C@H]1CN(C)S(=O)(=O)c1ccc(cc1)C)NS(=O)(=O)C,0,0.020404,0.024639,0.007353
C[C@@H]1CN([C@@H](C)CO)C(=O)c2cc(cnc2O[C@H]1CN(C)S(=O)(=O)c1ccccc1)C#CCN(C)C,0,0.028129,0.026571,0.007396
CC(C)NC(=O)Nc1ccc2c(c1)CC(=O)N(C[C@@H](C)[C@@H](CN(C)C(=O)Nc1ccc3c(c1)OCO3)O2)[C@@H](C)CO,0,0.009190,0.022100,0.006605
CO[C@@H]1CN(C)C(=O)c2ccc(cc2OC[C@@H](C)N(C[C@H]1C)Cc1ccccc1C(=O)O)NC(=O)Nc1ccccc1Cl,0,0.240416,0.243523,0.059464
CCOC(=O)N1[C@H](CC)C[C@H](N(Cc2cc(cc(c2)C(F)(F)F)C(F)(F)F)C(=O)OC)c2cc(ccc21)C(F)(F)F,0,0.994128,0.430365,0.376769
C[C@H]1CN([C@@H](C)CO)C(=O)c2cc(ccc2O[C@@H]1CN(C)C(=O)Nc1c(noc1C)C)NC(=O)CCN1CCOCC1,0,0.007037,0.023686,0.004988
C[C@@H]1CN([C@@H](C)CO)C(=O)c2cc(ccc2O[C@@H]1CN(C)C(=O)Nc1c(noc1C)C)NC(=O)Cn1cnnn1,0,0.124407,0.024713,0.009345
Cc1noc(c1N)C,0,0.028907,0.046502,0.013703
CCCC#Cc1ccc2c(c1)O[C@H](CN(C)Cc1ccc3c(c1)OCO3)[C@H](C)CN([C@H](C)CO)S2(=O)=O,0,0.085538,0.028020,0.006063
C[C@@H]1CCCCO[C@@H](CN(C)C(=O)Cc2ccccc2)[C@H](C)CN([C@@H](C)CO)C(=O)c2cc(ccc2O1)NC(=O)Nc1ccc2c(c1)OCO2,0,0.003355,0.023995,0.004644
C[C@@H]1CN([C@@H](C)CO)C(=O)c2cccc(c2O[C@H]1CN(C)C(=O)Nc1ccccc1)NC(=O)c1cnccn1,0,0.087207,0.021820,0.006667
C[C@H]1CCCCO[C@H](CN(C)CC2CCCCC2)[C@H](C)CN([C@H](C)CO)C(=O)c2cc(ccc2O1)NC(=O)Nc1ccc2c(c1)OCO2,0,0.046725,0.027035,0.006371
C[C@H]1CN([C@H](C)CO)C(=O)c2cccc(c2O[C@H]1CN(C)Cc1ccc(cc1)Oc1ccccc1)NC(=O)NC1CCCCC1,0,0.016789,0.029556,0.016790
COc1ccc(cc1)NC(=O)N(C)C[C@@H]1OCCCC[C@@H](C)Oc2ccc(cc2C(=O)N(C[C@@H]1C)[C@@H](C)CO)NS(=O)(=O)c1ccc(cc1)C,0,0.004849,0.023486,0.004099
O=C1COC2(CCN(CC2)C(=O)C2CCOCC2)CN1,0,0.271111,0.043559,0.012892
COCC(=O)N(C)C[C@@H]1Oc2cc(ccc2S(=O)(=O)N(C[C@@H]1C)[C@@H](C)CO)C#Cc1cccnc1,0,0.073503,0.023176,0.006338
CC(C)NC(=O)Nc1ccc2c(c1)CC(=O)N(C[C@@H](C)[C@H](CN(C)S(=O)(=O)c1ccc(cc1)C)O2)[C@H](C)CO,0,0.008404,0.025393,0.006106
C[C@H]1CCCCO[C@H](CN(C)C(=O)Nc2ccc(cc2)F)[C@@H](C)CN([C@@H](C)CO)C(=O)c2cc(ccc2O1)NC(=O)Nc1ccc(cc1)C(F)(F)F,0,0.794410,0.032136,0.019671
CC(C)NC(=O)N(C)C[C@@H]1Oc2c(cccc2C(=O)N(C[C@H]1C)[C@@H](C)CO)NC(=O)C1CCOCC1,0,0.039202,0.023331,0.006522
NCc1ccccc1F,0,0.289801,0.078530,0.031268
COc1ccc(cc1)NC(=O)N(C)C[C@@H]1OCCCC[C@@H](C)Oc2ccc(cc2C(=O)N(C[C@H]1C)[C@@H](C)CO)NC(=O)CCC(F)(F)F,0,0.139453,0.019433,0.010515
COc1ccc(cc1)S(=O)(=O)N(C)C[C@@H]1Oc2ccc(cc2CC(=O)N(C[C@@H]1C)[C@H](C)CO)NS(=O)(=O)c1ccccc1,0,0.001158,0.023352,0.004996
CC(C)NC(=O)Nc1ccc2c(c1)C(=O)N(C[C@@H](C)[C@H](CN(C)C(=O)Nc1ccc3c(c1)OCO3)O2)[C@H](C)CO,0,0.017159,0.023034,0.007086
COc1ccc(cc1)NC(=O)Nc1ccc2c(c1)C(=O)N(C[C@@H](C)[C@H](CN(C)S(=O)(=O)c1ccc(cc1)OC)OCCCC[C@H](C)O2)[C@H](C)CO,0,0.006928,0.024322,0.004595
CC(=O)NC(Cc1ccccc1)C(=O)O,0,0.012995,0.054638,0.036834
CN1[C@@H]2CN3C(=O)C(=CC=C3[C@H]1[C@H]([C@@H]2CO)C(=O)NCCCN1CCOCC1)c1ccccc1,0,0.255107,0.031098,0.013751
N[C@H](Cc1ccccc1)C(=O)O,0,0.127404,0.034585,0.037474
C[C@H]1CN([C@H](C)CO)C(=O)c2c(c3ccccc3n2C)-c2ccccc2CO[C@H]1CN(C)S(=O)(=O)c1ccc(cc1)C(F)(F)F,0,0.143295,0.080128,0.017013
O=c1cc(-c2ccccc2)oc2ccccc12,0,0.060665,0.201612,0.144228
COc1ccc(cc1)NC(=O)N(C)C[C@H]1OCCCC[C@H](C)Oc2ccc(cc2C(=O)N(C[C@@H]1C)[C@H](C)CO)NS(=O)(=O)c1ccccc1,0,0.001910,0.023502,0.003933
C[C@@H]1CCCCO[C@H](CN(C)S(=O)(=O)c2ccc(cc2)Cl)[C@H](C)CN([C@@H](C)CO)C(=O)c2cc(ccc2O1)NC(=O)C1CCCCC1,0,0.015973,0.024290,0.005383
C[C@@H]1CCCCO[C@H](CN(C)C(=O)C2CCCCC2)[C@H](C)CN([C@H](C)CO)C(=O)c2cc(ccc2O1)NS(=O)(=O)c1cccs1,0,0.003500,0.023865,0.004626
Cc1ccccc1S(=O)(=O)N1C[C@H](O)COC[C@H]2O[C@@H](CC[C@@H]21)CC(=O)NCc1ccccc1Cl,0,0.249492,0.039678,0.023063
C[C@@H]1CCCCO[C@@H](CN(C)C(=O)Nc2ccc(cc2)C(F)(F)F)[C@H](C)CN([C@@H](C)CO)C(=O)c2cc(ccc2O1)NS(=O)(=O)c1ccc(cc1)C,0,0.152959,0.037510,0.008421
COc1ccc(cc1)C#Cc1ccc2c(c1)O[C@H](CN(C)C(=O)c1ccccn1)[C@@H](C)CN([C@@H](C)CO)S2(=O)=O,0,0.026027,0.023812,0.004950
COc1ccc(cc1)NC(=O)Nc1cccc2c1O[C@H](CN(C)Cc1ccc(cc1)Oc1ccccc1)[C@@H](C)CN([C@@H](C)CO)C2=O,0,0.009074,0.020493,0.008233
C[C@@H]1CCCCO[C@@H](CN(C)S(=O)(=O)c2ccc(cc2)C)[C@@H](C)CN([C@@H](C)CO)C(=O)c2cc(ccc2O1)NC(=O)Nc1c(noc1C)C,0,0.013313,0.024417,0.006616
C[C@@H]1CN([C@H](C)CO)C(=O)c2cc(ccc2O[C@H]1CN(C)Cc1ccc(cc1)-c1ccccc1)NC(=O)NC1CCCCC1,0,0.058876,0.031232,0.014326
COc1ccc(cc1)CN(C)C[C@H]1OCCCC[C@H](C)Oc2ccc(cc2C(=O)N(C[C@@H]1C)[C@H](C)CO)NC(=O)Nc1ccc(cc1)OC,0,0.022034,0.023773,0.006414
C[C@H]1CCCCO[C@@H](CN(C)C(=O)Nc2ccccc2)[C@H](C)CN([C@@H](C)CO)C(=O)c2cc(ccc2O1)NC(=O)Cc1ccccc1,0,0.004292,0.021867,0.004640
C[C@H]1CN([C@@H](C)CO)S(=O)(=O)c2ccc(cc2O[C@@H]1CN(C)C(=O)C1CCOCC1)C1=CCCC1,0,0.007888,0.024035,0.006455
OC[C@H]1O[C@@H](CC[C@@H]1NC(=O)c1ccc(cc1)F)CC(=O)NCc1ccncn1,0,0.086012,0.053959,0.023771
CN1CCN(C2=Nc3cc(Cl)ccc3Nc3ccccc32)CC1,0,0.987364,0.478762,0.351058
C[C@H]1CCCCO[C@@H](CN(C)Cc2ccccc2)[C@H](C)CN([C@H](C)CO)C(=O)c2cc(ccc2O1)NS(=O)(=O)c1ccc(cc1)Cl,0,0.009679,0.023711,0.006359
Cc1ccc(cc1)S(=O)(=O)N1C[C@H](O)COC[C@H]2O[C@H](CC[C@@H]21)CC(=O)NCCN1CCCCC1,0,0.518654,0.050889,0.012818
C[C@H]1CN([C@@H](C)CO)C(=O)c2cc(ccc2O[C@H]1CN(C)S(=O)(=O)c1ccc(cc1)F)NC(=O)CCCN(C)C,0,0.045495,0.024628,0.008143
COC(=O)C[C@H]1CC[C@H]2[C@@H](COC[C@@H](O)CN2S(=O)(=O)c2cn(cn2)C)O1,0,0.126021,0.081354,0.009465
[O-][N+](=O)c1cnc(s1)N1CCNC1=O,0,0.985422,0.367693,0.199113
COc1cccc(c1)S(=O)(=O)N[C@@H]1CC[C@H](CC(=O)NC2CCC2)O[C@H]1CO,0,0.009418,0.050579,0.008621
OC[C@H]1O[C@H](C[C@H]2[C@@H]1Oc1ccc(cc12)NS(=O)(=O)c1ccc(cc1)F)CC(=O)NCCN1CCCCC1,0,0.056404,0.026938,0.007766
C[C@@H]1CCCCO[C@H](CN(C)C(=O)NC2CCCCC2)[C@H](C)CN([C@@H](C)CO)C(=O)c2cc(ccc2O1)NC(=O)Nc1cccc2ccccc12,0,0.021516,0.023803,0.005708
C[C@@H]1CN([C@H](C)CO)S(=O)(=O)c2ccc(cc2O[C@H]1CN(C)Cc1ccc(cc1)F)C#CCN(C)C,0,0.235503,0.048427,0.012820
COc1ccc(cc1OC)-c1noc(n1)CSC1=Nc2sc(c(c2C(=O)N1c1ccccc1)C)C,0,0.666310,0.295769,0.292379
C[C@@H]1CN([C@@H](C)CO)C(=O)c2cc(ccc2O[C@@H]1CN(C)S(=O)(=O)c1cn(cn1)C)NS(=O)(=O)c1ccc(cc1)F,0,0.022097,0.026129,0.008094
O[C@H]1CO[C@@H]2[C@@H](CO[C@H]12)O[N+](=O)[O-],0,0.033574,0.233755,0.086016
Cn1ncc2c1NC=NC2=O,0,0.062977,0.048935,0.026199
COc1ccc(cc1)N1CCN(CC1)c1nc2c(n1CC=C)C(=O)N(C)C(=O)N2C,0,0.805138,0.112698,0.125493
O[C@@H]1COC[C@@H]2O[C@H](CC[C@H]2N(C1)S(=O)(=O)c1ccccc1)CC(=O)N[C@H]1CCN(C1)Cc1ccccc1,0,0.073923,0.048420,0.014140
CN(C)Cc1c(nnn1-c1nonc1N)C(=O)N/N=C/c1ccncc1,0,0.764876,0.075476,0.095313
COc1ccc(cc1)NC(=O)Nc1ccc2c(c1)C(=O)N(C[C@H](C)[C@@H](CN(C)S(=O)(=O)c1ccccc1)OCCCC[C@H](C)O2)[C@@H](C)CO,0,0.002704,0.023490,0.004098
C[C@@H]1CN([C@@H](C)CO)C(=O)c2cc(ccc2O[C@H]1CN(C)S(=O)(=O)c1cccs1)NS(=O)(=O)c1c(noc1C)C,0,0.003835,0.024115,0.006994
C[C@@H]1CN([C@@H](C)CO)C(=O)c2cccc(c2O[C@@H]1CN(C)S(=O)(=O)c1cn(cn1)C)NS(=O)(=O)c1c(noc1C)C,0,0.020012,0.027293,0.007510
C[C@@H]1CN([C@H](C)CO)C(=O)Cc2cc(ccc2O[C@@H]1CN(C)Cc1ccncc1)NS(=O)(=O)c1ccc(cc1)C,0,0.000508,0.023902,0.004808
CO[C@@H]1CN(C)C(=O)c2cc(ccc2OC[C@H](C)N(C[C@H]1C)S(=O)(=O)C)NS(=O)(=O)c1ccccc1C,0,0.008531,0.024093,0.008320
CC1CCC2(C(=O)OC3OC(COC4OC(CO)C(OC5OC(C)C(O)C(O)C5O)C(O)C4O)C(O)C(O)C3O)CCC3(C)C(=CCC4C5(C)CC(O)C(O)C(C)(CO)C5CCC43C)C2C1C,0,0.570299,0.194184,0.047365
COc1ccc(cc1)S(=O)(=O)N(C)C[C@@H]1OCCCC[C@@H](C)Oc2ccc(cc2C(=O)N(C[C@H]1C)[C@@H](C)CO)NC(=O)c1ccccc1,0,0.001313,0.023318,0.003871
C[C@@H]1CN([C@H](C)CO)C(=O)c2cccc(c2O[C@@H]1CN(C)Cc1ccc(cc1)C(=O)Nc1ccccc1N)NS(=O)(=O)c1cn(cn1)C,0,0.012048,0.025343,0.004528
FC(F)(F)c1cc(cc(c1)C(F)(F)F)Cn1nnc(c1-c1ccncc1)-c1ncccc1C(=O)c1ccccc1Cl,0,0.999506,0.706048,0.619970
C[C@H]1CN([C@H](C)CO)S(=O)(=O)c2ccc(cc2O[C@@H]1CN(C)C)C#CCN(C)C,0,0.245310,0.026198,0.013722
C[C@H]1CN([C@@H](C)CO)C(=O)Cc2cc(ccc2O[C@@H]1CN(C)S(=O)(=O)c1cccs1)NS(=O)(=O)c1ccc(cc1)C,0,0.000729,0.023368,0.005245
CC(C)NC(=O)N(C)C[C@H]1Oc2ccc(cc2C(=O)N(C[C@H]1C)[C@H](C)CO)NS(=O)(=O)c1ccc(cc1)Cl,0,0.060634,0.025525,0.009493
CSC1=NNC2=NC(=O)C=C(N)N21,0,0.273660,0.049393,0.033912
CO[C@]1(NC(=O)CSC[C@@H](N)C(=O)O)[C@H]2SCC(=C(N2C1=O)C(=O)O)CSc1nnnn1C,0,0.999946,0.949582,0.966302
C[C@@H]1CN([C@@H](C)CO)C(=O)c2cc(cnc2O[C@H]1CN(C)S(=O)(=O)c1ccc(cc1)F)Br,0,0.121640,0.025938,0.009794
C[C@@H]1CN([C@@H](C)CO)C(=O)Cc2cc(ccc2O[C@H]1CN(C)C(=O)Nc1ccc(cc1)C(F)(F)F)NC(=O)Nc1cccc2ccccc12,0,0.320354,0.042013,0.047183
COC[C@]1(O)CCN(CC1(C)C)C(=O)CCN(C)S(=O)(=O)C,0,0.015796,0.116794,0.014108
C[C@@H]1CN([C@@H](C)CO)C(=O)Cc2cc(ccc2O[C@H]1CN(C)S(=O)(=O)C)NS(=O)(=O)c1cccs1,0,0.001499,0.025376,0.005530
OC[C@@H](O)[C@@H](O[C@@H]1O[C@H](CO)[C@H](O)[C@H](O)[C@H]1O)[C@H](O)[C@@H](O)/C=N/NC(=O)c1ccc(cc1)C(=O)NO,0,0.126363,0.157553,0.118947
N=C1N(CCCN2CCOCC2)C2=C(C=C1C(=O)NC[C@H]1CCCO1)C(=O)N1C=CC=CC1=N2,0,0.580985,0.058593,0.045667
O=S1(=O)[C@@H]2C[C@@H]3OC2(CN1C1CC1)C=C3,0,0.000897,0.131429,0.009490
O[C@H]1COC[C@@H]2O[C@@H](CC[C@H]2N(C1)C(=O)Nc1ccc(c(c1)Cl)Cl)CC(=O)NCc1ccncc1,0,0.829403,0.918409,0.946465
CC(C)NC(=O)N(C)C[C@H]1Oc2ccc(cc2C(=O)N(C[C@H]1C)[C@@H](C)CO)NC(=O)NC1CCCCC1,0,0.013901,0.023202,0.007810
COc1ccc(cc1)S(=O)(=O)Nc1ccc2c(c1)CC(=O)N(C[C@H](C)[C@H](CN(C)Cc1ccc(cc1)C(=O)O)O2)[C@H](C)CO,0,0.010421,0.028602,0.006476
C[C@H]1CN([C@@H](C)CO)C(=O)c2cccc(c2O[C@@H]1CN(C)Cc1ccncc1)NC(=O)C1CCOCC1,0,0.010035,0.022542,0.004834
CC(C)NC(=O)N[C@@H]1C=C[C@H](CC(=O)O)O[C@@H]1CO,0,0.047820,0.024080,0.018265
COc1ccc2[nH]cc(c2c1)CCN,0,0.416494,0.048608,0.027627
C[C@@H]1CN([C@@H](C)CO)C(=O)c2ccccc2-c2ccccc2CO[C@H]1CN(C)C(=O)Oc1ccc(cc1)C,0,0.112044,0.037456,0.039472
COc1ccc(cc1)CN(C)C[C@H]1Oc2ccc(cc2C(=O)N(C[C@@H]1C)[C@@H](C)CO)NC(=O)Nc1ccc(cc1)C(F)(F)F,0,0.447264,0.424711,0.283288
C[C@H]1CN([C@@H](C)CO)C(=O)Cc2cc(ccc2O[C@H]1CN(C)Cc1ccc(cc1)C(F)(F)F)NC(=O)Nc1ccccc1,0,0.091310,0.083113,0.032455
C[C@@H]1CN([C@@H](C)CO)C(=O)c2cc(ccc2O[C@@H]1CN(C)Cc1ccc(cc1)Oc1ccccc1)NC(=O)C1CC1,0,0.015725,0.036790,0.014508
C[C@H]1CCCCO[C@@H](CN(C)C(=O)Nc2ccc(cc2)C(F)(F)F)[C@@H](C)CN([C@@H](C)CO)C(=O)c2cc(ccc2O1)NC(=O)NC1CCCCC1,0,0.411177,0.090466,0.044987
COCC#Cc1ccc2c(c1)O[C@H](CN(C)C(=O)C1CCCCC1)[C@H](C)CN([C@H](C)CO)S2(=O)=O,0,0.110114,0.024407,0.006658
C[C@H]1CCCCO[C@@H](CN(C)Cc2ccccc2)[C@@H](C)CN([C@@H](C)CO)C(=O)c2cc(ccc2O1)NC(=O)Nc1ccc(cc1)C(F)(F)F,0,0.352531,0.042542,0.027464
C[C@H]1CN([C@H](C)CO)C(=O)Cc2cc(ccc2O[C@H]1CN(C)Cc1ccc(cc1)C(=O)Nc1ccccc1N)NC(=O)Nc1ccc(cc1)C(F)(F)F,0,0.061864,0.027649,0.012390
COc1ccc(cc1)CN(C)C[C@@H]1OCCCC[C@@H](C)Oc2ccc(cc2C(=O)N(C[C@H]1C)[C@@H](C)CO)NC(=O)Nc1ccc(cc1)OC,0,0.022034,0.023773,0.006414
C[C@H]1CN([C@@H](C)CO)C(=O)c2cccc(c2O[C@H]1CN(C)C(=O)Nc1cccc2ccccc12)NS(=O)(=O)c1ccccc1,0,0.009849,0.037546,0.010927
C[C@H]1CN([C@@H](C)CO)S(=O)(=O)c2ccc(cc2O[C@H]1CN(C)C(=O)C1CCC1)-c1ccc(cc1)C(=O)N(C)C,0,0.007392,0.037896,0.010620
C[C@@H]1CCCCO[C@H](CN(C)C(=O)Cc2ccccc2)[C@@H](C)CN([C@@H](C)CO)C(=O)c2cc(ccc2O1)NC(=O)CCC(F)(F)F,0,0.048314,0.018562,0.012276
O[B]1C[C@@H]2N3N(CC(=C2[C@@H](CCc2ccccc2)O1)COc1ccccc1)C(=O)N(C3=O)c1ccccc1,0,0.982257,0.301655,0.426549
C[C@H]1CN([C@H](C)CO)C(=O)Cc2cc(ccc2O[C@@H]1CN(C)Cc1ccc(cc1)Oc1ccccc1)NC(=O)Nc1cccc2ccccc12,0,0.006205,0.025881,0.008906
C[C@@H]1CN([C@H](C)CO)C(=O)c2cc(ccc2O[C@H]1CN(C)C(=O)Nc1ccc(cc1)C(F)(F)F)NC(=O)Nc1ccc(cc1)F,0,0.930432,0.451194,0.457711
CC(C)NC(=O)N(C)C[C@H]1Oc2ccc(cc2CC(=O)N(C[C@@H]1C)[C@@H](C)CO)NC(=O)C1CCCCC1,0,0.011903,0.024999,0.007210
C[C@H]1CCCCO[C@H](CN(C)C(=O)Nc2ccc(cc2)C(F)(F)F)[C@@H](C)CN([C@@H](C)CO)C(=O)c2cc(ccc2O1)NS(=O)(=O)c1ccc(cc1)F,0,0.184923,0.101993,0.011625
COC(=O)c1ccc2c(c1)NC(=O)C2,0,0.021692,0.046376,0.035413
COc1ccc(cc1)S(=O)(=O)Nc1ccc2c(c1)C(=O)N(C[C@H](C)[C@H](CN(C)C(=O)Nc1ccc(cc1)F)OCCCC[C@@H](C)O2)[C@H](C)CO,0,0.016271,0.023444,0.004845
OC[C@@H]1O[C@H](CC[C@@H]1NC(=O)C1CCOCC1)CCn1cc(nn1)C1(O)CCCC1,0,0.565914,0.223468,0.125463
COCCOC(=O)N1C(=O)[C@@]2([C@H]([C@H]3N([C@@H]([C@@H](OC3=O)c3ccccc3)c3ccccc3)[C@H]2c2ccc(cc2)OCCO)C(=O)Nc2nc3ccccc3s2)c2ccccc21,0,0.132804,0.151611,0.022559
CO[C@H]1O[C@H](CO)[C@@H](OC(=O)Nc2ccc(cc2)Br)[C@@H]2OC(=O)[C@@H](C/C=C/C[C@@H](Cc3cccc(c3)Br)C(=O)O[C@@H]12)Cc1cccc(c1)Br,0,0.371195,0.377176,0.161703
C[C@@H]1CN([C@H](C)CO)C(=O)c2cc(ccc2O[C@@H]1CN(C)S(=O)(=O)c1ccccc1)NS(=O)(=O)c1c(noc1C)C,0,0.007322,0.025850,0.007652
C[C@@H]1CN([C@H](C)CO)C(=O)c2cccc(c2O[C@@H]1CN(C)Cc1ccc(cc1)-c1ccccc1)NC(=O)C1CC1,0,0.110201,0.046305,0.032912
C[C@@H](O)[C@@H](Nc1ncnc2ccccc12)C(=O)O,0,0.255662,0.077314,0.098716
COc1ccc(cc1)NC(=O)N(C)C[C@H]1OCCCC[C@@H](C)Oc2ccc(cc2C(=O)N(C[C@@H]1C)[C@@H](C)CO)NC(=O)Nc1ccc(cc1)C(F)(F)F,0,0.440260,0.020494,0.009049
C[C@H]1CN([C@@H](C)CO)C(=O)c2cc(ccc2O[C@@H]1CN(C)C(=O)Nc1ccccc1)NC(=O)CCN1CCOCC1,0,0.003515,0.021664,0.004522
COCC#Cc1ccc2c(c1)O[C@H](CN(C)C(=O)c1ccccc1)[C@@H](C)CN([C@H](C)CO)S2(=O)=O,0,0.035880,0.027816,0.006977
CC(=O)C1C(=O)C=C(C)OC1=O,0,0.324142,0.270367,0.131461
C[C@@H]1CN([C@@H](C)CO)C(=O)Cc2cc(ccc2O[C@@H]1CN(C)C(=O)Nc1cccc2ccccc12)NS(=O)(=O)c1ccc(cc1)Cl,0,0.008822,0.023608,0.005553
CCS(=O)(=O)NCC[C@@H]1CC[C@@H](NC(=O)C2CCOCC2)[C@H](CO)O1,0,0.012962,0.051771,0.008927
COCC(=O)N1C[C@@H](C)[C@@H](CN(C)C(=O)c2ccc(cc2OC[C@H]1C)NC(=O)c1ccc(cc1)F)OC,0,0.018061,0.029686,0.008624
C[C@@H]1CN([C@H](C)CO)C(=O)Cc2cc(ccc2O[C@H]1CN(C)Cc1ccc(cc1)C(=O)O)NC(=O)Nc1ccc(cc1)C(F)(F)F,0,0.497657,0.046407,0.018723
C=C1CCC(O)CC1=CC=C1CCCC2(C)C1CCC2C(C)CCCC(C)C,0,0.965440,0.425388,0.229170
COc1ccc(cc1)CN(C)C[C@@H]1Oc2ccc(cc2CC(=O)N(C[C@@H]1C)[C@@H](C)CO)NC(=O)CCN1CCOCC1,0,0.004103,0.025963,0.005871
COC1(NC(=O)C(C(=O)[O-])c2ccc(O)cc2)C(=O)N2C(C(=O)[O-])=C(CSc3nnnn3C)COC21.[Na+].[Na+],1,0.999635,0.875188,0.945195
C[C@H]1CN([C@H](C)CO)C(=O)c2cccc(c2O[C@@H]1CN(C)Cc1ccc(cc1)C(=O)O)NC(=O)c1ccc(cc1)-c1nccs1,0,0.106300,0.105898,0.020272
CC[C@@](N)(C(=O)O)c1ccccc1,0,0.373663,0.054453,0.039479
C[C@@H]1CN([C@@H](C)CO)C(=O)c2cccc(c2O[C@@H]1CN(C)C(=O)Nc1cccc2ccccc12)NC(=O)C1CCCCC1,0,0.029879,0.026051,0.016398
CC1=CC=NC(=O)N1,0,0.101006,0.108237,0.035066
C[C@H]1CCCCO[C@@H](CN(C)C(=O)Nc2ccc3c(c2)OCO3)[C@@H](C)CN([C@H](C)CO)C(=O)c2cc(ccc2O1)NC(=O)Nc1ccccc1,0,0.010675,0.023096,0.004914
COc1cccc(c1)NC(=O)N(C)C[C@H]1Oc2cc(ccc2S(=O)(=O)N(C[C@H]1C)[C@@H](C)CO)C#Cc1ccncc1,0,0.041424,0.029372,0.004845
C[C@H]1CN([C@@H](C)CO)S(=O)(=O)c2ccc(cc2O[C@H]1CN(C)CC1CCOCC1)Br,0,0.330818,0.043472,0.009875
C[C@H]1CN([C@H](C)CO)C(=O)c2cc(ccc2O[C@@H]1CN(C)Cc1ccc(cc1)-c1ccccc1)NS(=O)(=O)c1ccccc1,0,0.004339,0.028043,0.007499
COc1cccc(c1)C#Cc1cnc2c(c1)C(=O)N(C[C@@H](C)[C@H](CN(C)C(=O)C1CCOCC1)O2)[C@@H](C)CO,0,0.048529,0.021667,0.005128
CN/C(=N\C)NCCC[C@H](N)C(=O)O,0,0.000031,0.031268,0.011527
COc1ccccc1C#Cc1ccc2c(c1)O[C@H](CN(C)Cc1cncnc1)[C@@H](C)CN([C@H](C)CO)S2(=O)=O,0,0.163287,0.024557,0.005813
C[C@@H]1CN([C@@H](C)CO)C(=O)Cc2cc(ccc2O[C@H]1CN(C)S(=O)(=O)c1cn(cn1)C)NC(=O)Cc1ccccc1,0,0.002684,0.023291,0.004039
COCC(=O)N(C)C[C@H]1Oc2cc(ccc2S(=O)(=O)N(C[C@@H]1C)[C@H](C)CO)C#Cc1ccccc1,0,0.111981,0.027461,0.010160
COC(=O)[C@]12CCC(C)(C)C[C@@H]2[C@@H]2C(=O)C=C3[C@](C)(CC[C@@H]4C(C)(C)C(=O)C(=C[C@]43C)C#N)[C@@]2(C)CC1,0,0.865456,0.104270,0.243588
C[C@@H]1CCCCO[C@H](CN(C)C(=O)C2CCCCC2)[C@@H](C)CN([C@@H](C)CO)C(=O)c2cc(ccc2O1)NC(=O)c1ccncc1,0,0.001533,0.022275,0.004161
CO[C@H]1CN(C)C(=O)c2cc(ccc2OC[C@@H](C)N(C[C@@H]1C)Cc1ccccc1C(=O)O)NC(=O)Nc1ccccc1F,0,0.455358,0.135414,0.082075
C[C@H]1CN([C@@H](C)CO)C(=O)Cc2cc(ccc2O[C@@H]1CN(C)Cc1ccc(cc1)C(F)(F)F)NC(=O)Cc1cn(c2ccccc12)C,0,0.053535,0.038601,0.012180
Cc1ccc(cc1)C1=CCc2cc(cc(c2C1=C)C)C,0,0.921775,0.384023,0.285196
OC[C@H]1O[C@@H](CCNC(=O)CN2CCOCC2)CC[C@@H]1NS(=O)(=O)c1ccc(cc1)Cl,0,0.020456,0.027061,0.015992
C[C@@H]1O[C@@H](O[C@@H]2[C@@H](O)[C@H](O)[C@@H](CO)O[C@H]2Oc2cc(c3c(c2)O[C@@H](CC3=O)c2ccc(cc2)O)O)[C@H](O)[C@H](O)[C@H]1O,0,0.495603,0.229249,0.187179
C[C@@H]1CCCCO[C@H](CN(C)Cc2ccc(cc2)C(=O)Nc2ccccc2N)[C@H](C)CN([C@H](C)CO)C(=O)c2cc(ccc2O1)N(C)C,0,0.024157,0.028219,0.006248
CN(C)CC(=O)N[C@@H]1CC[C@@H](CC(=O)O)O[C@H]1CO,0,0.125155,0.028933,0.016155
OC[C@@H](Cc1ccccc1)NC(=O)C[C@@H]1CC=CCC[C@@H](Cc2ccc(cc2)F)C(=O)OCCNC1=O,0,0.025566,0.033479,0.024925
[N-]=[N+]=NCC(=O)N1CCOCC1,0,0.016456,0.029131,0.012787
C[C@H]1CN([C@@H](C)CO)C(=O)c2cccc(c2O[C@@H]1CN(C)Cc1ccc(cc1)C(F)(F)F)NS(=O)(=O)c1ccc(cc1)C,0,0.087512,0.039336,0.013665
C[C@@H]1CCCCO[C@@H](CN(C)S(=O)(=O)c2ccc(cc2)F)[C@H](C)CN([C@H](C)CO)C(=O)c2cc(ccc2O1)NS(=O)(=O)c1cn(cn1)C,0,0.039909,0.023965,0.006117
COC(=O)Nc1nc2ccc(Sc3ccccc3)cc2[nH]1,0,0.862042,0.562985,0.520699
C[C@H]1CCCCO[C@H](CN(C)C(=O)Nc2cccc3ccccc23)[C@@H](C)CN([C@@H](C)CO)C(=O)c2cc(ccc2O1)NC(=O)Nc1ccc(cc1)F,0,0.076172,0.022668,0.006147
CC1=C(N2[C@H](SC1)[C@H](NC(=O)[C@H](N)c1ccc(cc1)O)C2=O)C(=O)O,1,0.995621,0.900780,0.863386
C[C@@H]1CN([C@H](C)CO)C(=O)CCCn2cc(nn2)CO[C@H]1CN(C)C(=O)Oc1ccc2ccccc2c1,0,0.251194,0.028847,0.019494
CC(C)CC#Cc1ccc2c(c1)O[C@H](CN(C)C(=O)Cc1ccccn1)[C@@H](C)CN([C@@H](C)CO)S2(=O)=O,0,0.034481,0.026159,0.005533
C[C@H]1CCCCO[C@@H](CN(C)Cc2ccc(cc2)C(F)(F)F)[C@@H](C)CN([C@@H](C)CO)C(=O)c2cc(ccc2O1)NC(=O)CCC(F)(F)F,0,0.378911,0.029264,0.016398
C[C@H]1CCCCO[C@H](CN(C)C(=O)Cc2ccccc2)[C@@H](C)CN([C@@H](C)CO)C(=O)c2cc(ccc2O1)NC(=O)C1CCCCC1,0,0.002038,0.022583,0.005513
C[C@@H]1CN([C@H](C)CO)C(=O)c2cc(ccc2O[C@@H]1CN(C)Cc1ccc(cc1)C(=O)Nc1ccccc1N)NC(=O)C1CCCCC1,0,0.007308,0.025432,0.005765
C[C@@H]1CCCCO[C@@H](CN(C)C(=O)NC2CCCCC2)[C@@H](C)CN([C@H](C)CO)C(=O)c2cc(ccc2O1)NS(=O)(=O)c1ccc(cc1)F,0,0.007526,0.023540,0.005560
C[C@@H]1CN([C@@H](C)CO)C(=O)c2cc(cnc2O[C@@H]1CN(C)CC1CCOCC1)C#CCc1ccccc1,0,0.096169,0.029525,0.011041
COCC(=O)Nc1ccc2c(c1)OC[C@@H](C)N(C[C@H](C)[C@H](CN(C)C2=O)OC)Cc1ccccc1OC,0,0.010104,0.027235,0.007257
CC(C)NC(=O)Nc1ccc2c(c1)C(=O)N(C[C@H](C)[C@H](CN(C)C(=O)Nc1cccc3ccccc13)OCCCC[C@H](C)O2)[C@H](C)CO,0,0.030859,0.023355,0.008309
C[C@H]1CCCCO[C@@H](CN(C)Cc2ccc3c(c2)OCO3)[C@H](C)CN([C@H](C)CO)C(=O)c2cc(ccc2O1)NC(=O)Nc1ccc(cc1)C(F)(F)F,0,0.363061,0.043943,0.026067
C[C@H]1CN([C@@H](C)CO)C(=O)c2cccc(c2O[C@H]1CN(C)S(=O)(=O)c1cn(cn1)C)NC(=O)c1cnccn1,0,0.068477,0.022971,0.005255
C[C@H]1CN([C@H](C)CO)C(=O)c2cccc(c2O[C@@H]1CN(C)Cc1ccc(cc1)Oc1ccccc1)NC(=O)Nc1ccc(cc1)C(F)(F)F,0,0.373756,0.110016,0.080900
C[C@@H]1O[C@@H](O[C@H]2CC[C@@]3(C)[C@@H](CC[C@]4(C)[C@@H]3CC=C3[C@H]5CC(C)(C)CC[C@@]5([C@@H](O)C[C@]34C)C(=O)O[C@@H]3OC[C@H](O)[C@@H](O)[C@H]3O[C@H]3O[C@@H](C)[C@H](O[C@@H]4O[C@H](CO)[C@@H](O)[C@H](O)[C@H]4O)[C@@H](O)[C@H]3O)C2(C)C)[C@H](O)[C@H](O)[C@H]1O[C@@H]1OC[C@@H](O)[C@H](O)[C@H]1O,0,0.167349,0.196762,0.044726
COc1ccc(cc1)NC(=O)Nc1cccc2c1O[C@H](CN(C)Cc1ccc(cc1)C(F)(F)F)[C@H](C)CN([C@@H](C)CO)C2=O,0,0.347511,0.039811,0.046118
C[C@H]1CN([C@H](C)CO)S(=O)(=O)c2ccc(cc2O[C@H]1CN(C)C(=O)Cc1ccncc1)C1=CCCC1,0,0.002821,0.025248,0.005565
O[C@@H]1COC[C@H]2O[C@@H](CC[C@@H]2N(C1)Cc1cc(ccc1F)F)CC(=O)N[C@@H]1CCN(C1)Cc1ccccc1,0,0.714825,0.044256,0.030358
COc1c(-c2ccccc2)oc2c(ccc3ccoc32)c1=O,0,0.006030,0.284085,0.230943
CO[C@@H]1CN(C)C(=O)c2cc(ccc2OC[C@H](C)N(C[C@H]1C)C(=O)C1CCOCC1)NC(=O)C1CC1,0,0.026867,0.026232,0.008645
C[C@@H]1CN([C@@H](C)CO)S(=O)(=O)c2ccc(cc2O[C@@H]1CN(C)S(=O)(=O)c1ccc(cc1)C)Br,0,0.145946,0.028769,0.007835
C[C@H]1CN([C@@H](C)CO)C(=O)Cc2cc(ccc2O[C@H]1CN(C)S(=O)(=O)c1cn(cn1)C)NS(=O)(=O)c1ccc(cc1)C,0,0.003668,0.023394,0.004930
COc1ccc(cc1O)[C@@H]1CC(=O)c2c(cc(cc2O1)O[C@@H]1O[C@H](CO[C@@H]2O[C@@H](C)[C@H](O)[C@@H](O)[C@H]2O)[C@@H](O)[C@H](O)[C@H]1O)O,0,0.701070,0.609989,0.412520
C[C@H]1CN([C@H](C)CO)S(=O)(=O)c2ccc(cc2O[C@H]1CN(C)C(=O)c1ccccc1)Br,0,0.069158,0.027689,0.010273
CN1CCN(CC1)C(=O)Cn1cc(nn1)-c1ccc(cc1)C(=O)NO,0,0.777003,0.048392,0.050589
CN1CCN(CC1)C(=O)C[C@H]1CC[C@H]2[C@@H](COC[C@@H](O)CN2C(=O)Nc2ccc3c(c2)OCO3)O1,0,0.424290,0.025818,0.021309
COc1ccc(cc1)NC(=O)N(C)C[C@H]1OCCCC[C@H](C)Oc2ccc(cc2C(=O)N(C[C@H]1C)[C@@H](C)CO)NC(=O)Nc1cccc2ccccc12,0,0.020163,0.023585,0.003912
COC(=O)[C@H](Cc1ccccc1)N1CC2=CC(=O)[C@H](C3CC3)[C@H]2[C@@H]1[C@@H](O)CCn1cc(nn1)-c1cccc(c1)/C=C/C(=O)NO,0,0.547957,0.107700,0.068573
C[C@@H]1CCCCO[C@@H](CN(C)Cc2ccc(c(c2)Cl)Cl)[C@H](C)CN([C@H](C)CO)C(=O)c2cc(ccc2O1)NS(=O)(=O)C,0,0.031991,0.023599,0.005174
O[C@H]1COC[C@@H]2O[C@H](CC[C@H]2N(C1)C(=O)Nc1cccc(c1)Cl)CC(=O)NCc1ccccc1F,0,0.777687,0.900270,0.869259
O.O=C(O)C1C(O)CCC2CN3CCc4c([nH]c5ccccc45)C3CC21,0,0.032773,0.246640,0.163677
O=C(NCc1ccccc1)c1cn[nH]n1,0,0.112642,0.061688,0.036306
Cn1cnc(c1)S(=O)(=O)N1C[C@@H](O)COC[C@@H]2O[C@@H](CC[C@H]21)CC(=O)NCc1cccc(c1)F,0,0.370882,0.024785,0.009691
C[C@@H]1CCCCO[C@@H](CN(C)C(=O)NC2CCCCC2)[C@H](C)CN([C@H](C)CO)C(=O)c2cc(ccc2O1)NS(=O)(=O)c1ccc(cc1)C,0,0.006145,0.023350,0.004605
C[C@H]1CCCCO[C@H](CN(C)C(=O)CCC(F)(F)F)[C@H](C)CN([C@H](C)CO)C(=O)c2cc(ccc2O1)NC(=O)Nc1ccc2c(c1)OCO2,0,0.040751,0.032402,0.015392
COc1ccc(cc1)S(=O)(=O)Nc1ccc2c(c1)C(=O)N(C[C@@H](C)[C@H](CN(C)Cc1ccccc1)OCCCC[C@@H](C)O2)[C@@H](C)CO,0,0.003390,0.024715,0.004775
C1CNCc2c(nnn2C1)COc1cccnc1,0,0.035571,0.041112,0.034366
C[C@@H]1CN([C@H](C)CO)C(=O)Cc2cc(ccc2O[C@@H]1CN(C)S(=O)(=O)c1ccc(cc1)F)NS(=O)(=O)c1cccs1,0,0.004413,0.023583,0.006981
CN1CCN(CC1)C(=O)C[C@@H]1O[C@H](CO)[C@H](NC(=O)Nc2ccccc2F)C=C1,0,0.470561,0.154074,0.082846
CN1CCCN(CC1)C[C@@]1(O)CCNC1,0,0.792115,0.037033,0.012443
COc1ccc(cc1)-c1cccc(c1)-c1nc(cc2c1[C@@H](CCO)N(C2)[S@](=O)C(C)(C)C)C(=O)NCC(F)(F)F,0,0.143432,0.193734,0.202491
C[C@@H](N(C1CCCCC1)C(=O)Nc1ccccc1)c1cccnc1,0,0.227269,0.587016,0.277678
C[C@@H]1CN([C@H](C)CO)C(=O)Cc2cc(ccc2O[C@@H]1CN(C)C(=O)Nc1ccc(cc1)C(F)(F)F)NS(=O)(=O)c1ccc(cc1)C,0,0.083779,0.040868,0.014342
O[C@@H]1COC[C@H]2O[C@H](CC[C@@H]2N(C1)S(=O)(=O)c1ccc(cc1)Cl)CC(=O)NCCN1CCCC1,0,0.739633,0.042881,0.019089
OCCCOc1ccc(cc1)C1=N[C@](CCS(=O)(=O)c2ccccc2)([C@H](O1)c1ccccc1N=[N+]=[N-])C(=O)N1CCCCC1,0,0.407277,0.115434,0.049707
C[C@@H]1CN([C@@H](C)CO)C(=O)c2cccc(c2O[C@@H]1CN(C)C(=O)Nc1c(noc1C)C)NC(=O)c1ccncc1,0,0.031947,0.021491,0.006991
CCCC#Cc1ccc2c(c1)O[C@@H](CN(C)S(=O)(=O)c1cccc(c1)OC)[C@@H](C)CN([C@@H](C)CO)S2(=O)=O,0,0.061047,0.029130,0.005024
COc1ccc(cc1)NC(=O)N(C)C[C@@H]1Oc2ccc(cc2C(=O)N(C[C@@H]1C)[C@H](C)CO)NC(=O)Cn1cnnn1,0,0.080837,0.023583,0.006834
CN(C)C(=O)C[C@@H]1CC[C@H](NC(=O)C2CCOCC2)[C@H](CO)O1,0,0.023768,0.027064,0.007991
C[C@H]1CN([C@H](C)CO)C(=O)c2cc(ccc2O[C@H]1CN(C)Cc1ccccc1)NC(=O)CCCCCC(=O)Nc1ccccc1N,0,0.010050,0.026101,0.006678
C[C@@H]1CN([C@@H](C)CO)S(=O)(=O)c2ccc(cc2O[C@@H]1CN(C)C(=O)c1ccncc1)-c1cccc(c1)C#N,0,0.000603,0.023311,0.004238
CN1CCN(CC1)C(=O)C[C@@H]1CC[C@@H]2[C@@H](COc3ccc(cc3C(=O)N2C)NC(=O)c2ccc(c(c2)F)F)O1,0,0.076787,0.166910,0.122388
C[C@@H]1CN([C@H](C)CO)C(=O)c2cccc(c2O[C@@H]1CN(C)S(=O)(=O)c1ccc(cc1)C)NC(=O)c1ccncc1,0,0.007626,0.028157,0.004867
CC(C)NC(=O)Nc1ccc2c(c1)CC(=O)N(C[C@H](C)[C@@H](CN(C)S(=O)(=O)c1c(noc1C)C)O2)[C@@H](C)CO,0,0.008484,0.024696,0.007411
NC(N)=Nc1nc(CSCCC(N)=NS(N)(=O)=O)cs1,0,0.057236,0.415089,0.155193
C[C@@H]1CN([C@@H](C)CO)C(=O)c2cc(cnc2O[C@H]1CN(C)C(=O)CN1CCOCC1)C1=CCCCC1,0,0.001068,0.024051,0.007556
COc1ccc(cc1)NC(=O)N(C)C[C@H]1Oc2ccc(cc2CC(=O)N(C[C@@H]1C)[C@@H](C)CO)NC(=O)Nc1ccc(cc1)C(F)(F)F,0,0.232521,0.032883,0.026763
C[C@H]1CCCCO[C@@H](CN(C)Cc2ccc3c(c2)OCO3)[C@@H](C)CN([C@@H](C)CO)C(=O)c2cc(ccc2O1)NC(=O)c1ccccc1,0,0.002391,0.021880,0.004235
COc1ccc(cc1)S(=O)(=O)N(C)C[C@@H]1OCCCC[C@H](C)Oc2ccc(cc2C(=O)N(C[C@H]1C)[C@H](C)CO)NC(=O)NC1CCCCC1,0,0.008224,0.023490,0.004681
C1CN(CCN1)c1nccs1,0,0.086008,0.047827,0.018516
C[C@@H]1CCCCO[C@H](CN(C)C(=O)Nc2cccc3ccccc23)[C@@H](C)CN([C@H](C)CO)C(=O)c2cc(ccc2O1)NC(=O)C1CCCCC1,0,0.018759,0.023544,0.005366
COc1ccc(-n2nc(C(N)=O)c3c2C(=O)N(c2ccc(N4CCCCC4=O)cc2)CC3)cc1,0,0.006732,0.102845,0.140425
C[C@@H]1CN([C@@H](C)CO)S(=O)(=O)c2ccc(cc2O[C@@H]1CN(C)Cc1ccc2c(c1)OCO2)Br,0,0.104298,0.027271,0.009272
C[C@@H]1CCCCO[C@H](CN(C)Cc2ccc3c(c2)OCO3)[C@H](C)CN([C@H](C)CO)C(=O)c2cc(ccc2O1)NS(=O)(=O)c1ccccc1,0,0.001483,0.023991,0.004253
C[C@@H]1CN([C@@H](C)CO)C(=O)c2cccc(c2O[C@H]1CN(C)C(=O)Nc1ccc(cc1)F)NC(=O)CCCCCC(=O)Nc1ccccc1N,0,0.200478,0.033485,0.009364
COc1oc(c(c1S(=O)(=O)c1cccc(c1)Cl)-c1ccc(cc1)Cl)C(=O)NC1CCCCC1,0,0.248571,0.675442,0.412662
CCN1CCCC1CNC(=O)c1cc(S(N)(=O)=O)ccc1OC,0,0.000001,0.022446,0.012040
N[C@@H]1CCN(O)C1=O,0,0.004282,0.030467,0.012676
COc1ccc(cc1)NC(=O)N(C)C[C@@H]1Oc2ccc(cc2CC(=O)N(C[C@H]1C)[C@@H](C)CO)NC(=O)CCN1CCOCC1,0,0.001608,0.022119,0.004120
C[C@@H]1CN([C@H](C)CO)C(=O)c2cc(cnc2O[C@@H]1CN(C)Cc1ccc(cc1)F)C#Cc1cccnc1,0,0.042872,0.030513,0.008139
COc1ccc(cc1)[Si](C)(C)[C@H]1[C@H](C)[C@]2(O[C@@H]1CCn1cc(nn1)[C@H](O)c1ccccc1)C(=O)N(Cc1cccc(c1)N1C(=O)c3cccc4cccc1c34)c1ccccc12,0,0.007627,0.041784,0.018474
C[C@@H]1CCCCO[C@H](CN(C)S(=O)(=O)c2ccc(cc2)Cl)[C@@H](C)CN([C@@H](C)CO)C(=O)c2cc(ccc2O1)NC(=O)C1CCCCC1,0,0.015973,0.024290,0.005383
CN(C)c1ccnc(n1)CNS(=O)(=O)C,0,0.010495,0.037779,0.009975
CO[C@H]1CN(C)C(=O)c2ccc(cc2OC[C@H](C)N(C[C@@H]1C)Cc1ccc(cc1)OC)NC(=O)c1nc2ccccc2s1,0,0.006116,0.027170,0.007880
NC(=O)Nc1ccc(cc1)[As](=O)(O)O,0,0.967321,0.345122,0.221142
C[C@@H](O)C#Cc1ccc2c(c1)O[C@@H](CN(C)C(=O)C1CCCCC1)[C@@H](C)CN([C@H](C)CO)S2(=O)=O,0,0.058805,0.036415,0.008172
C[C@@H]1CCCCO[C@@H](CN(C)S(=O)(=O)c2cccs2)[C@@H](C)CN([C@H](C)CO)C(=O)c2cc(ccc2O1)NC(=O)Cc1ccccc1,0,0.000807,0.023366,0.003785
C[C@H]1CCCCO[C@@H](CN(C)C(=O)Cc2ccccc2)[C@H](C)CN([C@H](C)CO)C(=O)c2cc(ccc2O1)NC(=O)Cc1ccccc1,0,0.000836,0.022199,0.004511
C[C@H]1CN([C@@H](C)CO)C(=O)Cc2cc(ccc2O[C@H]1CN(C)Cc1ccc(c(c1)Cl)Cl)NC(=O)Cn1cnnn1,0,0.145493,0.047414,0.014140
COc1ccc(cc1)-c1cnc2c(c1)C(=O)N(C[C@@H](C)[C@@H](CN(C)S(=O)(=O)c1ccc(cc1)OC)O2)[C@H](C)CO,0,0.007556,0.026843,0.007188
C[C@@H]1CN([C@@H](C)CO)C(=O)c2cccc(c2O[C@@H]1CN(C)Cc1ccc(cc1)C(=O)O)NS(=O)(=O)c1c(noc1C)C,0,0.065415,0.027288,0.007544
C[C@@H](O)C#Cc1ccc2c(c1)O[C@H](CN(C)C(=O)C1CCCCC1)[C@H](C)CN([C@@H](C)CO)S2(=O)=O,0,0.058805,0.036415,0.008172
C[C@@H]1CN([C@H](C)CO)C(=O)c2cc(cnc2O[C@@H]1CN(C)S(=O)(=O)c1ccc(cc1)C)Br,0,0.054047,0.023999,0.008677
C[C@@H]1CN([C@@H](C)CO)C(=O)c2cc(ccc2O[C@@H]1CN(C)S(=O)(=O)c1cn(cn1)C)NC(=O)NC1CCCCC1,0,0.024587,0.023854,0.004749
Oc1ccccc1-c1ccccc1O,0,0.541386,0.439217,0.349278
COCC(=O)N1C[C@@H](C)[C@@H](CN(C)C(=O)c2ccc(cc2OC[C@@H]1C)NC(=O)Nc1cccc(c1)F)OC,0,0.037622,0.035961,0.014237
COc1ccccc1C#Cc1ccc2c(c1)O[C@@H](CN(C)C(=O)C)[C@@H](C)CN([C@H](C)CO)S2(=O)=O,0,0.069808,0.024112,0.007915
COc1ccc(cc1)S(=O)(=O)Nc1ccc2c(c1)CC(=O)N(C[C@@H](C)[C@@H](CN(C)C)O2)[C@@H](C)CO,0,0.003675,0.024192,0.010273
C[C@@H]1CN([C@H](C)CO)C(=O)Cc2cc(ccc2O[C@H]1CN(C)C(=O)Nc1ccccc1)NC(=O)CCN1CCOCC1,0,0.002181,0.023028,0.005255
COc1ccc(cc1)NC(=O)N(C)C[C@@H]1OCCCC[C@@H](C)Oc2ccc(cc2C(=O)N(C[C@@H]1C)[C@H](C)CO)NS(=O)(=O)c1ccc(cc1)Cl,0,0.010232,0.023428,0.004060
C[C@H]1CN([C@@H](C)CO)C(=O)CCCn2nncc2CO[C@@H]1CN(C)C(=O)Nc1ccc2c(c1)OCO2,0,0.027483,0.023068,0.005313
C[C@H]1CN([C@H](C)CO)C(=O)Cc2cc(ccc2O[C@H]1CN(C)Cc1ccc(cc1)C(F)(F)F)NC(=O)Nc1ccc(cc1)F,0,0.227436,0.080637,0.048446
CN1C(=O)CC(C)(c2ccccc2)C1=O,0,0.172046,0.170159,0.119276
CO[C@H](CN(C)S(=O)(=O)c1cccc(c1)Cl)[C@@H](C)CN([C@@H](C)CO)S(=O)(=O)c1ccc(cc1)Cl,0,0.274926,0.123653,0.015202
C[C@H]1CN([C@H](C)CO)S(=O)(=O)c2ccc(cc2O[C@@H]1CN(C)C(=O)Cc1ccncc1)C#CC1CCCC1,0,0.049327,0.026046,0.005518
C[C@H]1CN([C@H](C)CO)C(=O)c2cccc(c2O[C@@H]1CN(C)Cc1ccc(cc1)C(F)(F)F)NS(=O)(=O)c1ccc(cc1)Cl,0,0.206700,0.046540,0.022786
C[C@@H]1CCCCO[C@H](CN(C)CC2CCCCC2)[C@@H](C)CN([C@H](C)CO)C(=O)c2cc(ccc2O1)NS(=O)(=O)c1cccs1,0,0.015226,0.023705,0.005961
C[C@@H]1CCCCO[C@H](CN(C)Cc2ccccc2)[C@@H](C)CN([C@@H](C)CO)C(=O)c2cc(ccc2O1)NC(=O)Nc1ccc(cc1)C(F)(F)F,0,0.352531,0.042542,0.027464
C[C@@H]1CN([C@@H](C)CO)C(=O)Cc2cc(ccc2O[C@H]1CN(C)C(=O)Nc1ccc(cc1)F)NS(=O)(=O)C,0,0.016559,0.028039,0.008821
NCc1cccnc1,0,0.017970,0.046320,0.020090
C[C@@H]1CN([C@H](C)CO)C(=O)Cc2cc(ccc2O[C@H]1CN(C)S(=O)(=O)c1cn(cn1)C)NS(=O)(=O)c1ccc(cc1)Cl,0,0.010523,0.024369,0.005765
C[C@@H]1CCCCO[C@@H](CN(C)C(=O)Nc2c(noc2C)C)[C@@H](C)CN([C@H](C)CO)C(=O)c2cc(ccc2O1)NC(=O)Nc1ccc(cc1)C(F)(F)F,0,0.682234,0.168981,0.055942
C[C@@H]1CCCCO[C@H](CN(C)S(=O)(=O)c2ccc(cc2)Cl)[C@@H](C)CN([C@H](C)CO)C(=O)c2cc(ccc2O1)NC(=O)Nc1ccc2c(c1)OCO2,0,0.009849,0.024724,0.004727
C[C@@H]1CN([C@@H](C)CO)C(=O)c2cccc(c2O[C@@H]1CN(C)CC1CCCCC1)NC(=O)Nc1ccc(cc1)F,0,0.272212,0.046876,0.037861
COC(CNC(=O)C1CCN(CC1)S(=O)(=O)c1cccc2nsnc12)OC,0,0.275392,0.024387,0.017377
COc1ccccc1S(=O)(=O)N[C@H]1C=C[C@H](CC(=O)N2CCOCC2)O[C@H]1CO,0,0.008706,0.039726,0.008884
C[C@@H]1CN([C@@H](C)CO)C(=O)Cc2cc(ccc2O[C@@H]1CN(C)C(=O)Nc1c(noc1C)C)NC(=O)Nc1cccc2ccccc12,0,0.018067,0.023934,0.006726
C[C@@H]1[C@H]([C@H](CC(=O)N2Cc3ccccc3C[C@H]2CO)O[C@@]11C(=O)N(c2ccccc2)c2ccccc21)[Si](C)(C)F,0,0.001278,0.074659,0.068733
CO/N=C(\C(=O)N[C@H]1[C@H]2SCC(=C(N2C1=O)C(=O)O)C[N+]1(C)CCCC1)c1csc(n1)N,1,0.995871,0.939568,0.970477
C[N+]1(C)C2CCC1CC(OC(=O)C(CO)c1ccccc1)C2.O=[N+]([O-])[O-],0,0.139956,0.206648,0.193407
O=C(CCC#C)NS(=O)(=O)c1ccccc1,0,0.000986,0.051507,0.011690
C[C@@H]1CCCCO[C@H](CN(C)C(=O)Nc2ccccc2)[C@H](C)CN([C@@H](C)CO)C(=O)c2cc(ccc2O1)NC(=O)c1ccncc1,0,0.003864,0.021835,0.003791
OC(=O)c1cnn2c1CCCC2,0,0.116659,0.055934,0.043630
OCc1ccc(cc1)CO[C@@H]1C[C@@H](C=C(O1)C(=O)NCc1nc2ccccc2[nH]1)c1csc2ccccc12,0,0.460670,0.051169,0.078382
C[C@@H]1CCCCO[C@H](CN(C)S(=O)(=O)C)[C@@H](C)CN([C@@H](C)CO)C(=O)c2cc(ccc2O1)NC(=O)c1ccncc1,0,0.001750,0.023342,0.004203
C[C@H]1CN([C@H](C)CO)C(=O)Cc2cc(ccc2O[C@@H]1CN(C)C(=O)Nc1ccc2c(c1)OCO2)NC(=O)CCN1CCOCC1,0,0.001040,0.021518,0.004292
CCCN(C)C[C@@H]1OCCCC[C@@H](C)Oc2ccc(cc2C(=O)N(C[C@H]1C)[C@H](C)CO)NC(=O)Nc1ccc(cc1)C(F)(F)F,1,0.714878,0.756061,0.879921
C[C@@H]1CCCCO[C@@H](CN(C)S(=O)(=O)c2ccc(cc2)C)[C@H](C)CN([C@H](C)CO)C(=O)c2cc(ccc2O1)NC(=O)C1CCCCC1,0,0.005090,0.023949,0.004537
C[C@@H]1CN([C@H](C)CO)S(=O)(=O)c2ccc(cc2O[C@H]1CN(C)C(=O)c1ccc2c(c1)OCO2)-c1ccncc1,0,0.002448,0.023317,0.003953
NC1=NC(=O)N(C=C1)[C@@H]1O[C@H](CO)[C@@H](O)C1(F)F,0,0.373334,0.275438,0.203249
C[C@@H]1CCCCO[C@H](CN(C)C(=O)Nc2ccc(cc2)F)[C@@H](C)CN([C@@H](C)CO)C(=O)c2cc(ccc2O1)NS(=O)(=O)c1ccc(cc1)Cl,0,0.072178,0.023832,0.005982
C[C@H]1CN([C@H](C)CO)C(=O)c2c(c3ccccc3n2C)-c2ccccc2CO[C@H]1CN(C)Cc1ccc(c(c1)Cl)Cl,0,0.473120,0.056774,0.013856
NS(=O)(=O)c1cc(c(cc1Cl)NCc1cccs1)-c1nn[nH]n1,0,0.000018,0.156143,0.047395
C[C@@H]1CN([C@@H](C)CO)C(=O)c2cc(cnc2O[C@@H]1CN(C)C(=O)Cc1ccccc1)C#CC1(O)CCCC1,0,0.011262,0.030358,0.019673
C[C@@H]1CCCCO[C@@H](CN(C)S(=O)(=O)c2ccccc2)[C@H](C)CN([C@@H](C)CO)C(=O)c2cc(ccc2O1)NC(=O)CCC(F)(F)F,0,0.020105,0.025079,0.006044
CC(C)NC(=O)Nc1ccc2c(c1)C(=O)N(C[C@H](C)[C@H](CN(C)Cc1ccc(cc1)C(F)(F)F)OCCCC[C@H](C)O2)[C@@H](C)CO,0,0.255825,0.035834,0.027844
C[C@H]1CN([C@H](C)CO)C(=O)Cc2cc(ccc2O[C@@H]1CN(C)S(=O)(=O)c1cn(cn1)C)NC(=O)CCN1CCOCC1,0,0.001123,0.024579,0.004453
C[C@H]1CN([C@@H](C)CO)C(=O)Cc2cc(ccc2O[C@@H]1CN(C)Cc1ccc2c(c1)OCO2)NS(=O)(=O)c1cn(cn1)C,0,0.002527,0.023535,0.004642
OC[C@H]1O[C@H](CC[C@H]1NC(=O)c1ccc2c(c1)OCO2)CC(=O)N1CCOCC1,0,0.005755,0.025342,0.007887
OC[C@H]1O[C@H](CCNC(=O)C2CCCCC2)CC[C@@H]1NC(=O)CN1CCOCC1,0,0.034205,0.026549,0.018555
C[C@@H]1CN([C@H](C)CO)C(=O)c2cc(ccc2O[C@@H]1CN(C)C(=O)NC1CCCCC1)NC(=O)CCN1CCOCC1,0,0.002269,0.022326,0.005091
C[C@H]1CN([C@H](C)CO)C(=O)c2cc(ccc2O[C@@H]1CN(C)CC1CCCCC1)NC(=O)Cc1cn(c2ccccc12)C,0,0.064324,0.027274,0.008548
C[C@@H]1CCCCO[C@@H](CN(C)C(=O)CCC(F)(F)F)[C@H](C)CN([C@@H](C)CO)C(=O)c2cc(ccc2O1)NS(=O)(=O)c1cccs1,0,0.010408,0.027140,0.007480
COc1ccc(cc1)CN(C)C[C@H]1OCCCC[C@@H](C)Oc2ccc(cc2C(=O)N(C[C@@H]1C)[C@H](C)CO)NC(=O)C1CCCCC1,0,0.029399,0.028337,0.007177
C[C@H]1CN([C@H](C)CO)C(=O)c2cc(ccc2O[C@@H]1CN(C)S(=O)(=O)c1ccc(cc1)Cl)NC(=O)CCN1CCOCC1,0,0.006775,0.023319,0.004470
CO[C@@H]1CN(C)C(=O)c2ccc(cc2OC[C@H](C)N(C[C@@H]1C)Cc1cccc(c1)F)NS(=O)(=O)c1cn(cn1)C,0,0.021745,0.025013,0.007774
C[C@H]1CN([C@H](C)CO)C(=O)c2cc(ccc2O[C@H]1CN(C)S(=O)(=O)C)NC(=O)Cc1cn(c2ccccc12)C,0,0.007396,0.023830,0.004253
C[C@@H]1CN([C@H](C)CO)C(=O)c2cccc(c2O[C@@H]1CN(C)S(=O)(=O)c1c(noc1C)C)NC(=O)c1cnccn1,0,0.053787,0.024035,0.006142
COc1ccc(cc1)S(=O)(=O)N(C)C[C@H]1Oc2ccc(cc2CC(=O)N(C[C@@H]1C)[C@@H](C)CO)NC(=O)c1ccncc1,0,0.001173,0.023314,0.004164
Cc1cccc(c1)S(=O)(=O)N1C[C@H](O)COC[C@@H]2O[C@H](CC[C@H]21)CC(=O)NCc1ccc2c(c1)OCO2,0,0.080966,0.025286,0.008359
CO[C@@H]1CN(C)C(=O)c2cc(ccc2OC[C@@H](C)N(C[C@@H]1C)C(=O)CN(C)C)NC(=O)c1ccc(cc1)F,0,0.108171,0.032301,0.013117
CC(C)CC#Cc1cnc2c(c1)C(=O)N(C[C@@H](C)[C@H](CN(C)S(=O)(=O)c1ccc(cc1)C)O2)[C@H](C)CO,0,0.066783,0.027681,0.006136
CCCCCCCCCCCCCCCCC(C(=O)O)C(O)(CC(=O)O)C(=O)O,0,0.849409,0.304884,0.217515
OC[C@H]1O[C@H](C[C@@H]2[C@H]1Oc1ccc(cc12)NC(=O)Cc1ccncc1)CC(=O)NCCN1CCCCC1,0,0.088173,0.023873,0.012431
O=C1c2ccccc2Oc2ccccc21,0,0.032221,0.203481,0.139399
C[C@H]1CN([C@@H](C)CO)C(=O)CCCn2cc(nn2)CO[C@@H]1CN(C)S(=O)(=O)c1ccc2ccccc2c1,0,0.023675,0.023609,0.005422
C[C@H]1CCCCO[C@@H](CN(C)Cc2ccccc2)[C@@H](C)CN([C@H](C)CO)C(=O)c2cc(ccc2O1)NS(=O)(=O)c1ccccc1,0,0.001947,0.024926,0.005518
C[C@@H]1CN([C@H](C)CO)C(=O)c2cc(ccc2O[C@@H]1CN(C)Cc1ccccc1)NS(=O)(=O)c1c(noc1C)C,0,0.004298,0.023851,0.006319
CCNC(=O)C[C@H]1O[C@H](CO)[C@H](NC(=O)C2CCOCC2)C=C1,0,0.023673,0.024471,0.006679
COc1ccccc1NC(=O)N(C)C[C@H]1Oc2ncc(cc2C(=O)N(C[C@H]1C)[C@@H](C)CO)Br,0,0.063935,0.030091,0.014210
C[C@@H]1CN([C@H](C)CO)C(=O)c2cccc(c2O[C@H]1CN(C)C(=O)Nc1cccc2ccccc12)NC(=O)c1nc2ccccc2s1,0,0.024343,0.024651,0.010815
CCCC(=O)Nc1ccc2c(c1)C(=O)N(C)[C@@H]1CC[C@H](CC(=O)NCCN3CCCCC3)O[C@H]1CO2,0,0.027295,0.028535,0.015735
CO[C@H]1CN(C)C(=O)c2ccc(cc2OC[C@H](C)N(C[C@H]1C)C(=O)CN1CCOCC1)NC(=O)C1CC1,0,0.003241,0.022731,0.005001
COc1ccc(cc1)C(=O)Nc1cccc(c1)CN1C(=O)[C@@]2(O[C@@H](CC(=O)N3CCC[C@H]3CO)[C@@H]([C@H]2C)[Si](C)(C)c2ccc(cc2)OC)c2ccccc21,0,0.011650,0.037040,0.037328
C[C@H]1CN([C@H](C)CO)C(=O)c2cc(cnc2O[C@H]1CN(C)C(=O)CCN1CCCCC1)C#Cc1ccccn1,0,0.038407,0.023066,0.006089
COc1ccc(cc1)NC(=O)Nc1ccc2c(c1)C(=O)N(C[C@H](C)[C@H](CN(C)S(=O)(=O)c1c(noc1C)C)OCCCC[C@@H](C)O2)[C@H](C)CO,0,0.007674,0.025324,0.004556
CN1C(=O)N(C)c2cc(ccc21)CO,0,0.485977,0.069583,0.037739
C[C@@H]1CN([C@H](C)CO)C(=O)c2cccc(c2O[C@H]1CN(C)Cc1ccc(cc1)Oc1ccccc1)NC(=O)c1cc(nn1C)C,0,0.007738,0.025739,0.009260
C[C@H]1CC(C)(C)N=C(O1)C(=C)C,0,0.014627,0.056558,0.021045
O[C@@H]1COC[C@H]2O[C@@H](CC[C@@H]2N(C1)C(=O)c1ccccn1)CC(=O)NC1CCC1,0,0.037354,0.029434,0.014780
COCC#Cc1ccc(cc1)[C@@H]1[C@@H](CO)N2[C@H]1CN(CC2=O)C(=O)C1CCOCC1,0,0.386256,0.027229,0.014575
CNC[C@H]1OCCCC[C@H](C)Oc2ccc(cc2C(=O)N(C[C@@H]1C)[C@@H](C)CO)NC(=O)CCCN(C)C,0,0.039233,0.024813,0.007860
CN1[C@@H]2CC[C@@H](CC(=O)NCc3ccccc3Cl)O[C@H]2COc2ccc(cc2C1=O)NC(=O)Nc1cccc(c1)C,0,0.139591,0.057764,0.052951
CN1C(=O)N2[C@@H](C=C3CN4[C@@H](Cc5ccc(cc5)N=[N+]=[N-])C(=O)O[C@@H](Cc5ccccc5)[C@H]4[C@@H]3N2C1=O)C1CC1,0,0.996534,0.077082,0.102142
C[C@H]1CN([C@H](C)CO)C(=O)c2ccccc2-c2ccccc2CO[C@H]1CN(C)C(=O)c1cc(cc(c1)Cl)Cl,0,0.125589,0.078049,0.045250
CC(C)C#Cc1ccc2c(c1)O[C@H](CN(C)C(=O)Cc1ccccn1)[C@@H](C)CN([C@@H](C)CO)S2(=O)=O,0,0.035453,0.036524,0.006746
C[C@@H]1CCCCO[C@@H](CN(C)S(=O)(=O)c2cccs2)[C@@H](C)CN([C@@H](C)CO)C(=O)c2cc(ccc2O1)NC(=O)NC1CCCCC1,0,0.003184,0.023301,0.004076
COc1ccc(cc1)C#Cc1ccc2c(c1)[C@H]1[C@H](CCN1C(=O)Nc1ccc(cc1)C(F)(F)F)[C@@H](CO)N2C,0,0.997066,0.275170,0.244950
Cc1ccccc1S(=O)(=O)N1C[C@H](O)COC[C@H]2O[C@@H](CC[C@@H]21)CC(=O)N1CCOCC1,0,0.052979,0.041367,0.014088
CC(C)C[C@H](NC(=O)[C@@H](Cc1c[nH]c2ccccc12)NC(=O)[C@H](Cc1ccc(cc1)O)NC(=O)[C@H](CO)NC(=O)[C@H](Cc1c[nH]c2ccccc12)NC(=O)[C@H](Cc1cnc[nH]1)NC(=O)[C@@H]1CCC(=O)N1)C(=O)N[C@@H](CCCNC(=N)N)C(=O)N1CCC[C@H]1C(=O)NCC(=O)N,0,0.002494,0.496071,0.147678
Cn1cc(cn1)-c1nc(c(c2c1C(=O)NC2)F)N[C@@H]1CCCC[C@@H]1N,0,0.092250,0.076578,0.038784
C[C@H]1CN([C@H](C)CO)C(=O)c2cccc(c2O[C@H]1CN(C)C(=O)Nc1ccccc1)NC(=O)c1ccc(cc1)-c1nccs1,0,0.032413,0.021586,0.006453
C[C@H]1CN([C@@H](C)CO)C(=O)Cc2cc(ccc2O[C@H]1CN(C)C(=O)Nc1cccc2ccccc12)NS(=O)(=O)c1cccs1,0,0.001392,0.023846,0.005179
CNC(=O)C[C@@H]1CC[C@@H]2[C@H](COC[C@H](O)CN2C(=O)Nc2cccc(c2)OC)O1,0,0.284257,0.136272,0.063630
C[C@@H]1CCCCO[C@@H](CN(C)CC2CC2)[C@H](C)CN([C@@H](C)CO)C(=O)c2cc(ccc2O1)NC(=O)Nc1ccc2c(c1)OCO2,0,0.034201,0.025872,0.006486
C[C@H]1CN([C@H](C)CO)C(=O)c2cc(cnc2O[C@@H]1CN(C)C(=O)c1cnccn1)-c1cccc(c1)C#N,0,0.002586,0.021796,0.004490
CCCCNc1cc(C(=O)O)cc(S(N)(=O)=O)c1Oc1ccccc1,0,0.000022,0.151540,0.081155
COc1cccc(c1)S(=O)(=O)Nc1ccc2c(c1)[C@H]1C[C@@H](CC(=O)NCc3ccccc3F)O[C@@H](CO)[C@H]1O2,0,0.004939,0.024631,0.009002
C[C@H]1CN([C@@H](C)CO)C(=O)c2cccc(c2O[C@H]1CN(C)S(=O)(=O)C)NC(=O)c1nc2ccccc2s1,0,0.018655,0.025303,0.006375
CCNC(=O)C[C@H]1CC[C@@H]2[C@@H](COc3ccc(cc3C(=O)N2C)NS(=O)(=O)c2ccccc2C)O1,0,0.004200,0.024330,0.007717
C[C@H]1CN([C@@H](C)CO)S(=O)(=O)c2ccc(cc2O[C@H]1CN(C)C(=O)c1cccc(c1)F)Br,0,0.297713,0.026238,0.011705
C[C@@H]1CN([C@@H](C)CO)C(=O)Cc2cc(ccc2O[C@H]1CN(C)Cc1ccc(cc1)Oc1ccccc1)NC(=O)Cc1ccccc1,0,0.002501,0.025926,0.008348
C[C@@H]1CCCCO[C@H](CN(C)Cc2ccc(cc2)C(=O)O)[C@H](C)CN([C@H](C)CO)C(=O)c2cc(ccc2O1)NC(=O)Cc1ccccc1,0,0.039272,0.035387,0.012287
C[C@H]1CCCCO[C@@H](CN(C)S(=O)(=O)c2ccc(cc2)C)[C@@H](C)CN([C@H](C)CO)C(=O)c2cc(ccc2O1)NC(=O)CCCCCC(=O)Nc1ccccc1N,0,0.002792,0.024874,0.004322
C[C@@H]1CN([C@H](C)CO)C(=O)Cc2cc(ccc2O[C@H]1CN(C)Cc1ccc(cc1)-c1ccccc1)NS(=O)(=O)c1ccccc1,0,0.001827,0.027536,0.006318
C[C@H]1CN([C@H](C)CO)C(=O)c2cccc(c2O[C@@H]1CN(C)C(=O)Nc1ccccc1)NS(=O)(=O)c1cn(cn1)C,0,0.063917,0.022986,0.005421
O=S(=O)(O)NC1CCCCC1,0,0.016334,0.066601,0.069707
C[C@H]1CCCCO[C@@H](CN(C)Cc2ccc3c(c2)OCO3)[C@@H](C)CN([C@H](C)CO)C(=O)c2cc(ccc2O1)NC(=O)Nc1ccc2c(c1)OCO2,0,0.003922,0.022841,0.004348
C[C@@H]1CN([C@@H](C)CO)S(=O)(=O)c2ccc(cc2O[C@@H]1CN(C)S(=O)(=O)c1cn(cn1)C)C1=CCCC1,0,0.008037,0.024470,0.005181
NC(=O)NC(=O)C[n+]1ccc(cc1)/C=N/O,0,0.002619,0.122508,0.088935
CN(C)CC(=O)N1C[C@@H]2[C@H]([C@H](CO)N2C(=O)C1)c1ccc(cc1)C#Cc1cccnc1,0,0.720990,0.033336,0.013158
C[C@@H]1CN([C@@H](C)CO)C(=O)Cc2cc(ccc2O[C@@H]1CN(C)CC1CC1)NS(=O)(=O)c1ccccc1,0,0.005081,0.027497,0.006031
COc1ccc(cc1)CN(C)C[C@@H]1Oc2ccc(cc2C(=O)N(C[C@@H]1C)[C@@H](C)CO)NC(=O)CCN1CCOCC1,0,0.003532,0.023484,0.006217
COc1ccccc1C#Cc1ccc2c(c1)O[C@H](CN(C)Cc1cncnc1)[C@H](C)CN([C@H](C)CO)S2(=O)=O,0,0.163287,0.024557,0.005813
OCc1ccc(cc1)[C@@H]1N(C2CCCCC2)C(=O)c2ccccc2[C@]1(Cc1ccccc1I)C(=O)NCC(F)(F)F,0,0.197562,0.339205,0.214774
C[C@H]1CN([C@@H](C)CO)C(=O)c2cc(ccc2O[C@@H]1CN(C)CC1CCCCC1)NC(=O)CCCCCC(=O)Nc1ccccc1N,0,0.038084,0.031340,0.006787
CC(C)CC#Cc1ccc2c(c1)O[C@@H](CN(C)C(=O)Cc1ccncc1)[C@@H](C)CN([C@H](C)CO)S2(=O)=O,0,0.060392,0.026159,0.005453
COc1ccc(cc1)S(=O)(=O)N(C)C[C@H]1Oc2ccc(cc2CC(=O)N(C[C@@H]1C)[C@H](C)CO)NC(=O)C1CC1,0,0.006243,0.024419,0.005220
CCNC(=O)C[C@H]1CC[C@H]2[C@H](COc3ccc(cc3C(=O)N2C)NS(=O)(=O)c2ccccc2C)O1,0,0.004200,0.024330,0.007717
O[C@@H]1COC[C@H]2O[C@H](CC[C@@H]2N(C1)C(=O)c1ccc2c(c1)OCO2)CC(=O)NC1Cc2ccccc2C1,0,0.064924,0.063620,0.057796
COc1ccc(cc1)NC(=O)Nc1ccc2c(c1)C(=O)N(C[C@H](C)[C@H](CN(C)S(=O)(=O)c1c(noc1C)C)OCCCC[C@H](C)O2)[C@H](C)CO,0,0.007674,0.025324,0.004556
N[C@@H](CC(=O)c1cccc(c1N)O)C(=O)O,0,0.974420,0.082868,0.070184
C[C@H](O)C#Cc1cnc2c(c1)C(=O)N(C[C@@H](C)[C@H](CN(C)C(=O)CN1CCOCC1)O2)[C@@H](C)CO,0,0.010325,0.022722,0.011722
C[C@@H]1CN([C@@H](C)CO)C(=O)c2cc(ccc2O[C@@H]1CN(C)Cc1ccccc1)NC(=O)Cn1cnnn1,0,0.033396,0.025353,0.011606
CC(C)NC(=O)Nc1ccc2c(c1)CC(=O)N(C[C@@H](C)[C@H](CN(C)S(=O)(=O)c1c(noc1C)C)O2)[C@H](C)CO,0,0.008484,0.024696,0.007411
C[C@H]1CN([C@H](C)CO)C(=O)Cc2cc(ccc2O[C@@H]1CN(C)S(=O)(=O)c1cccs1)NS(=O)(=O)c1cn(cn1)C,0,0.002976,0.024238,0.005014
C[C@@H]1CCCCO[C@@H](CN(C)CC2CCCCC2)[C@@H](C)CN([C@H](C)CO)C(=O)c2cc(ccc2O1)NC(=O)Nc1ccccc1,0,0.085350,0.051738,0.015517
CCCNC(=O)N(C)C[C@@H]1Oc2ncc(cc2C(=O)N(C[C@H]1C)[C@@H](C)CO)-c1ccc(cc1)C(=O)N(C)C,0,0.004099,0.022075,0.004880
CO[C@H]1CN(C)C(=O)c2ccc(cc2OC[C@H](C)N(C[C@@H]1C)Cc1cccnc1)NC(=O)C1CCOCC1,0,0.004762,0.036114,0.008006
C[C@H]1CN([C@@H](C)CO)C(=O)Cc2cc(ccc2O[C@H]1CN(C)C(=O)Nc1ccc(cc1)C(F)(F)F)NC(=O)Nc1c(noc1C)C,0,0.415131,0.207059,0.224197
C1CC2(CCN1)OCCS2,0,0.475267,0.054183,0.019342
C[C@H]1CN([C@H](C)CO)S(=O)(=O)c2ccc(cc2O[C@H]1CN(C)C(=O)c1ccccc1F)C#CCN(C)C,0,0.235685,0.050437,0.014146
C[C@H]1CN([C@@H](C)CO)C(=O)c2cc(ccc2O[C@@H]1CN(C)Cc1ccc(cc1)Oc1ccccc1)NC(=O)Nc1c(noc1C)C,0,0.011404,0.024993,0.009863
C[C@H]1CN([C@H](C)CO)C(=O)c2cccc(c2O[C@@H]1CN(C)CC1CCCCC1)NC(=O)Nc1ccc(cc1)C(F)(F)F,0,0.852784,0.901298,0.916683
COCC#Cc1ccc(cc1)[C@H]1[C@@H](CO)N2[C@H]1CN(CC2=O)C(=O)c1ccncc1,0,0.133002,0.031639,0.011271
C[C@H]1CN([C@H](C)CO)C(=O)c2cccc(c2O[C@H]1CN(C)Cc1ccccc1)NC(=O)Nc1cccc2ccccc12,0,0.028087,0.041052,0.028139
CCO[C@@H]1OC(=C[C@H](C2CC2)[C@H]1CCCOC(=O)NCCCCCC(=O)NO)C(=O)N1CCOCC1,0,0.000063,0.080727,0.049343
CN1C(=O)N(C)c2nc(n(c2C1=O)C)SCCNS(=O)(=O)c1ccccc1,0,0.795396,0.064758,0.053157
C[C@@H]1CN([C@@H](C)CO)C(=O)c2cccc(c2O[C@H]1CN(C)Cc1ccccc1)NC(=O)c1cnccn1,0,0.024566,0.026128,0.008639
CC(=O)N[C@@H]1CC[C@@H](CCNC(=O)C2CC2)O[C@@H]1CO,0,0.060883,0.029584,0.009247
C[C@H]1CN([C@@H](C)CO)C(=O)c2cc(ccc2O[C@@H]1CN(C)Cc1ccc(cc1)C(=O)Nc1ccccc1N)NC(=O)CCC(F)(F)F,0,0.121604,0.032277,0.020596
C[C@H]1CN([C@H](C)CO)C(=O)CCCn2nncc2CO[C@H]1CN(C)C(=O)c1ccc(cc1)N1CCN(C)CC1,0,0.057485,0.023091,0.006542
COc1ccc(cc1)NC(=O)Nc1ccc2c(c1)CC(=O)N(C[C@@H](C)[C@@H](CN(C)C(=O)Nc1ccc(cc1)C(F)(F)F)O2)[C@@H](C)CO,0,0.296583,0.033606,0.026565
CNC[C@@H]1OCCCC[C@@H](C)Oc2ccc(cc2C(=O)N(C[C@H]1C)[C@@H](C)CO)NC(=O)c1ccncc1,0,0.006348,0.022957,0.005936
COc1cccc(c1)-c1cnc2c(c1)C(=O)N(C[C@H](C)[C@H](CN(C)S(=O)(=O)c1cccs1)O2)[C@H](C)CO,0,0.002320,0.023678,0.005351
C[C@H]1CN([C@@H](C)CO)C(=O)c2cc(ccc2O[C@H]1CN(C)Cc1ccc(c(c1)Cl)Cl)NC(=O)Nc1ccc(cc1)F,0,0.411948,0.054404,0.030681
C[C@H]1CN([C@@H](C)CO)C(=O)c2c(c3ccccc3n2C)-c2ccccc2CO[C@@H]1CN(C)Cc1ccc(cc1)Oc1ccccc1,0,0.040740,0.035154,0.015931
COc1ccc2c3c([nH]c2c1)[C@@H](CO)N(C[C@]13CN(C1)S(=O)(=O)C)C(=O)c1cnccn1,0,0.040531,0.026241,0.010325
C[C@@H]1CN([C@@H](C)CO)C(=O)Cc2cc(ccc2O[C@@H]1CN(C)C(=O)Nc1ccc(cc1)C(F)(F)F)NC(=O)Nc1ccc2c(c1)OCO2,0,0.155576,0.047922,0.033284
OC(=O)CCC(=O)N1CC(=O)Nc2ccccc21,0,0.061461,0.029361,0.042340
OC[C@@H]1O[C@@H](C[C@H]2[C@@H]1Oc1ccc(cc12)NC(=O)c1ccc2c(c1)OCO2)CC(=O)NCc1cccnc1,0,0.002808,0.022958,0.006565
C[C@H]1CN([C@H](C)CO)C(=O)c2cccc(c2O[C@@H]1CN(C)Cc1ccc(cc1)C(F)(F)F)NC(=O)c1ccc(cc1)-c1nccs1,0,0.173562,0.056604,0.025373
C[C@@H]1CCCCO[C@@H](CN(C)Cc2ccc(c(c2)Cl)Cl)[C@@H](C)CN([C@H](C)CO)C(=O)c2cc(ccc2O1)NC(=O)Nc1cccc2ccccc12,0,0.136826,0.026851,0.006574
COc1cc(ccc1S(=O)(=O)N1[C@@H]2CC[C@@H](C2)[C@H]1c1nc2cccc(c2[nH]1)OCc1ccc(cc1)F)C,0,0.515121,0.031171,0.021066
COc1ccc(cc1)CN(C)C[C@H]1Oc2ccc(cc2CC(=O)N(C[C@@H]1C)[C@@H](C)CO)NS(=O)(=O)c1c(noc1C)C,0,0.001990,0.024135,0.004739
C[C@@H]1CN([C@@H](C)CO)C(=O)c2cc(ccc2O[C@@H]1CN(C)S(=O)(=O)c1ccc(cc1)C)NC(=O)C1CC1,0,0.014052,0.024322,0.005137
NC(=O)[C@H]1[C@H]2N([C@@H]([C@@H](OC2=O)c2ccccc2)c2ccccc2)[C@@H](c2ccccc2OCCO)[C@]11C(=O)Nc2ccc(cc21)C#CC1=CCCCC1,0,0.676737,0.132134,0.139608
C=CCCCCCCCCC=O,0,0.572340,0.117562,0.104061
Cn1cnc(c1)CCNC(=O)C[C@H]1CC[C@H]2[C@@H](COC[C@@H](O)CN2C(=O)C2CC2)O1,0,0.425983,0.033362,0.013196
COc1ccc(cc1)S(=O)(=O)N(C)C[C@@H]1Oc2ccc(cc2C(=O)N(C[C@@H]1C)[C@H](C)CO)NC(=O)CCN1CCOCC1,0,0.002452,0.023376,0.004098
CS(=O)(=O)NCc1cnc2n1CCN(CC2)C[C@H]1CCOC1,0,0.006534,0.033015,0.006278
OCc1ccccc1O,0,0.003320,0.088137,0.066091
O=C(Cc1ccc(cc1)-c1ccccc1)N[C@@H]1CCOC1.O=C(Cc1ccc(cc1)-c1ccccc1)N[C@H]1CCOC1,0,0.079384,0.056264,0.119622
C[C@@H]1CN([C@@H](C)CO)C(=O)Cc2cc(ccc2O[C@@H]1CN(C)Cc1ccc(cc1)C(=O)O)NS(=O)(=O)c1cn(cn1)C,0,0.044832,0.027223,0.005513
CC(=O)OCC(=O)C1(O)CCC2C3CCC4=CC(=O)CCC4(C)C3C(=O)CC21C,0,0.702911,0.424735,0.322464
C[C@@H]1CCCCO[C@H](CN(C)C(=O)Nc2ccc(cc2)F)[C@H](C)CN([C@@H](C)CO)C(=O)c2cc(ccc2O1)NC(=O)CCC(F)(F)F,0,0.358825,0.027119,0.018632
CC(C)NC(=O)N(C)C[C@H]1OCCCC[C@@H](C)Oc2ccc(cc2C(=O)N(C[C@@H]1C)[C@H](C)CO)NC(=O)C1CCCCC1,0,0.011667,0.026813,0.009835
CO[C@H](CN(C)C(=O)c1ccccc1F)[C@H](C)CN([C@@H](C)CO)S(=O)(=O)c1ccc(cc1)Cl,0,0.260982,0.077146,0.025949
C[C@H]1CCCCO[C@@H](CN(C)C(=O)NC2CCCCC2)[C@@H](C)CN([C@@H](C)CO)C(=O)c2cc(ccc2O1)NC(=O)C1CCCCC1,0,0.012751,0.024326,0.006535
CN(C)CCCNc1ncnc(c1[N+](=O)[O-])N,0,0.998361,0.160485,0.110238
C[C@H]1CN([C@H](C)CO)C(=O)c2cc(ccc2O[C@@H]1CN(C)C(=O)Nc1cccc2ccccc12)NC(=O)Nc1ccc2c(c1)OCO2,0,0.011289,0.022336,0.006220
C[C@@H]1CCCCO[C@@H](CN(C)C(=O)Nc2c(noc2C)C)[C@@H](C)CN([C@H](C)CO)C(=O)c2cc(ccc2O1)NC(=O)Nc1c(noc1C)C,0,0.051854,0.028301,0.008456
CO[C@H]1CN(C)C(=O)c2ccc(cc2OC[C@@H](C)N(CC2CC2)C[C@H]1C)NS(=O)(=O)c1cn(cn1)C,0,0.010363,0.025591,0.006341
C[C@H]1CN([C@H](C)CO)C(=O)c2cc(cnc2O[C@@H]1CN(C)C(=O)c1cnccn1)/C=C/c1ccccc1,0,0.019601,0.023906,0.008948
C[C@@H]1CN([C@@H](C)CO)C(=O)c2cccc(c2O[C@H]1CN(C)Cc1ccncc1)NS(=O)(=O)c1ccc(cc1)F,0,0.006883,0.025069,0.005607
CCOC(=O)CCCCCC(=O)Nc1ccc2c(c1)C(=O)N(C[C@H](C)[C@H](CN(C)S(=O)(=O)C)O2)[C@@H](C)CO,0,0.003848,0.023564,0.004803
CC(C)NC(=O)N(C)C[C@H]1Oc2ccc(cc2C(=O)N(C[C@@H]1C)[C@H](C)CO)NS(=O)(=O)c1cn(cn1)C,0,0.081991,0.025365,0.007939
C[C@@H]1CCCCO[C@H](CN(C)S(=O)(=O)C)[C@H](C)CN([C@@H](C)CO)C(=O)c2cc(ccc2O1)N(C)C,0,0.009629,0.031011,0.007655
COc1ccc(cc1)NC(=O)N(C)C[C@H]1OCCCC[C@@H](C)Oc2ccc(cc2C(=O)N(C[C@@H]1C)[C@H](C)CO)NC(=O)Nc1cccc2ccccc12,0,0.020163,0.023585,0.003912
C[C@H]1CCCCO[C@H](CN(C)Cc2ccc(cc2)C(F)(F)F)[C@H](C)CN([C@@H](C)CO)C(=O)c2cc(ccc2O1)NS(=O)(=O)c1cccs1,0,0.025508,0.025564,0.005812
Cc1ccc(cc1)-c1cnc(o1)-c1ccc(cc1)Br,0,0.905902,0.584764,0.450721
C[C@H]1CN([C@H](C)CO)C(=O)c2cccc(c2O[C@@H]1CN(C)S(=O)(=O)c1ccc(cc1)F)NC(=O)c1cc(nn1C)C,0,0.045713,0.023512,0.005710
C[C@@H]1CCCCO[C@@H](CN(C)S(=O)(=O)c2ccc(cc2)Cl)[C@@H](C)CN([C@H](C)CO)C(=O)c2cc(ccc2O1)NC(=O)CCCCCC(=O)Nc1ccccc1N,0,0.005815,0.023862,0.004456
C[C@H]1CN([C@H](C)CO)S(=O)(=O)c2ccc(cc2O[C@H]1CN(C)S(=O)(=O)c1ccccc1F)C#Cc1ccccc1,0,0.106351,0.036924,0.010656
C[C@@H]1CCCCO[C@@H](CN(C)CC2CC2)[C@H](C)CN([C@H](C)CO)C(=O)c2cc(ccc2O1)NC(=O)c1ccccc1,0,0.023447,0.025823,0.007409
C[C@H]1CN([C@@H](C)CO)C(=O)c2cccc(c2O[C@H]1CN(C)S(=O)(=O)c1ccc(cc1)F)NC(=O)Nc1ccc(cc1)C(F)(F)F,0,0.603211,0.150401,0.024971
Cc1ccc(cc1)S(=O)(=O)N1CCNCC1,0,0.013531,0.042718,0.013451
OC(=O)Cc1cccc(c1)OCCCN(CC(c1ccccc1)c1ccccc1)Cc1cccc(c1Cl)C(F)(F)F,0,0.734544,0.829589,0.658698
COc1ccc2c3c([nH]c2c1)[C@H](CO)N(C[C@]13CN(C1)S(=O)(=O)c1cn(cn1)C)C(=O)Nc1ccc(cc1)F,0,0.127835,0.025897,0.015982
C[C@@H]1CN([C@@H](C)CO)C(=O)c2cccc(c2O[C@H]1CN(C)S(=O)(=O)c1ccccc1)NC(=O)C1CC1,0,0.012538,0.025582,0.005272
CO[C@H]1O[C@H](CO)[C@@H](OC(=O)c2ccc(cc2)Br)[C@@H]2OC(=O)[C@H](C/C=C/C[C@H](Cc3ccccc3)C(=O)O[C@@H]12)Cc1ccccc1,0,0.016794,0.443705,0.218934
COc1ccc2c3c(n(c2c1)C)[C@H](CO)N(Cc1cc(cc(c1)OC)OC)C[C@]13CN(C1)C(=O)CN1CCOCC1,0,0.058228,0.068253,0.058540
CCNC(=O)[C@@H]1N[C@H]2[C@H](CN3C(=O)C(=CC=C23)c2cccc(c2)C(=O)N(C)C)[C@H]1CO,0,0.024739,0.033553,0.009200
C[C@@H]1CN([C@@H](C)CO)C(=O)c2cc(ccc2O[C@@H]1CN(C)Cc1ccc(cc1)-c1ccccc1)NC(=O)Cc1ccccc1,0,0.017584,0.026235,0.016322
C[C@H]1CN([C@@H](C)CO)C(=O)c2cccc(c2O[C@@H]1CN(C)S(=O)(=O)c1ccc(cc1)F)NC(=O)Nc1ccc(cc1)C(F)(F)F,0,0.603211,0.150401,0.024971
OC[C@@H]1O[C@H](CC(=O)NCCc2ccccc2)C=C[C@H]1NC(=O)CN1CCOCC1,0,0.008240,0.035992,0.016869
C[C@@H]1CCCCO[C@H](CN(C)S(=O)(=O)c2ccccc2)[C@@H](C)CN([C@@H](C)CO)C(=O)c2cc(ccc2O1)NC(=O)Nc1ccc(cc1)F,0,0.013677,0.023473,0.005083
C[C@H]1CN([C@H](C)CO)C(=O)Cc2cc(ccc2O[C@@H]1CN(C)S(=O)(=O)c1c(noc1C)C)N(C)C,0,0.006902,0.023667,0.007511
C[C@H]1CCCCO[C@@H](CN(C)C(=O)C2CCCCC2)[C@H](C)CN([C@H](C)CO)C(=O)c2cc(ccc2O1)NC(=O)Cc1ccccc1,0,0.003670,0.024970,0.005917
O[C@@H]1COC[C@@H]2O[C@H](CC[C@H]2N(C1)S(=O)(=O)c1ccc(cc1)Cl)CC(=O)N[C@H]1CCN(C1)Cc1ccccc1,0,0.356644,0.044719,0.015358
OC(=O)c1csc2ccccc12,0,0.615705,0.114119,0.081486
C[C@@H]1CN([C@H](C)CO)C(=O)c2c(c3ccccc3n2C)-c2ccccc2CO[C@H]1CN(C)C(=O)Nc1cccc(c1)C(F)(F)F,0,0.615816,0.136986,0.110981
COCC(=O)Nc1ccc2c(c1)CC(=O)N2,0,0.037071,0.047564,0.021737
C[C@H]1CCCCO[C@H](CN(C)Cc2ccncc2)[C@@H](C)CN([C@@H](C)CO)C(=O)c2cc(ccc2O1)NC(=O)c1ccccc1,0,0.001444,0.021962,0.003669
CC(C)(C)[C@@]1(O)C[C@H]2OC(=O)C[C@]22C(=O)O[C@H]3OC(=O)[C@@H](O)[C@@]312,0,0.002588,0.354525,0.158453
C[C@H]1CN([C@@H](C)CO)C(=O)Cc2cc(ccc2O[C@@H]1CN(C)C(=O)Nc1ccc(cc1)C(F)(F)F)NC(=O)Nc1ccc(cc1)C(F)(F)F,0,0.919336,0.079352,0.058501
C[C@@H]1CN([C@H](C)CO)C(=O)c2cccc(c2O[C@@H]1CN(C)S(=O)(=O)c1cccs1)NS(=O)(=O)c1ccc(cc1)F,0,0.008542,0.032787,0.010386
OC[C@@H]1O[C@H](CC(=O)NCCN2CCCCC2)C=C[C@H]1NS(=O)(=O)c1ccc(cc1)F,0,0.128712,0.035942,0.015077
C[C@H]1CN([C@H](C)CO)C(=O)c2cccc(c2O[C@H]1CN(C)S(=O)(=O)c1ccc(cc1)F)NC(=O)C1CC1,0,0.046484,0.024424,0.006442
CC(C)(C)c1cc(cc(c1O)C(C)(C)C)SC(C)(C)Sc1cc(c(c(c1)C(C)(C)C)OC(=O)CCC(=O)O)C(C)(C)C,0,0.998475,0.850744,0.653226
C[C@@H]1CN([C@H](C)CO)C(=O)c2cc(ccc2O[C@@H]1CN(C)Cc1ccc(cc1)-c1ccccc1)NC(=O)NC1CCCCC1,0,0.058876,0.031232,0.014326
COCC#Cc1cnc2c(c1)C(=O)N(C[C@@H](C)[C@H](CN(C)C(=O)CN1CCOCC1)O2)[C@@H](C)CO,0,0.014283,0.022978,0.004986
N[C@@H](CO)Cc1ccccc1,0,0.041849,0.173178,0.135537
CC(C)CC1C(=O)N2CCCC2C2(O)OC(NC(=O)C3C=C4c5cccc6[nH]c(Br)c(c56)CC4N(C)C3)(C(C)C)C(=O)N12.CS(=O)(=O)O,0,0.101489,0.529998,0.295626
Cl.Clc1ccc(Cn2c(CN3CCCC3)nc3ccccc32)cc1,0,0.956545,0.355059,0.428531
C[C@H]1CN([C@@H](C)CO)C(=O)Cc2cc(ccc2O[C@H]1CN(C)S(=O)(=O)c1c(noc1C)C)NC(=O)c1ccncc1,0,0.001297,0.023312,0.004230
C[C@@H]1CCCCO[C@H](CN(C)S(=O)(=O)c2cn(cn2)C)[C@H](C)CN([C@@H](C)CO)C(=O)c2cc(ccc2O1)NS(=O)(=O)c1c(noc1C)C,0,0.008472,0.025840,0.006855
CC(C)NC(=O)N1CC[C@@H]2N(CC[C@]2(CC1)C(=O)N1CCOCC1)S(=O)(=O)C,0,0.009211,0.130315,0.013456
C[C@H]1CN([C@H](C)CO)C(=O)c2cc(ccc2O[C@@H]1CN(C)Cc1ccc(c(c1)Cl)Cl)NC(=O)CCC(F)(F)F,0,0.595258,0.171706,0.081366
C[C@H]1CCCCO[C@H](CN(C)C(=O)Nc2ccc(cc2)F)[C@@H](C)CN([C@H](C)CO)C(=O)c2cc(ccc2O1)NC(=O)Nc1cccc2ccccc12,0,0.078092,0.022480,0.005643
COc1ccc(cc1)NC(=O)N(C)C[C@@H]1OCCCC[C@@H](C)Oc2ccc(cc2C(=O)N(C[C@@H]1C)[C@@H](C)CO)NC(=O)c1ccccc1,0,0.004005,0.022220,0.004218
C[C@@H](OC[C@]1(CC[C@]2(CCC(=O)N2)CN1)c1ccccc1)c1cc(cc(c1)C(F)(F)F)C(F)(F)F,1,0.978889,0.242909,0.356546
CC(C)C#Cc1ccc2c(c1)O[C@H](CN(C)C(=O)c1cccc(c1)F)[C@H](C)CN([C@@H](C)CO)S2(=O)=O,0,0.265554,0.033799,0.009611
CCN1C=C2N=C(NC=C2C1=O)N1CCNCC1,0,0.597708,0.044613,0.012435
CN1C[C@@H]2CNC[C@@H]2C1=O,0,0.004095,0.030327,0.012357
COc1ccc(cc1)S(=O)(=O)N(C)C[C@H]1Oc2ccc(cc2CC(=O)N(C[C@@H]1C)[C@H](C)CO)NC(=O)Nc1c(noc1C)C,0,0.008575,0.023813,0.005168
COCC#Cc1ccc(cc1)[C@@H]1[C@H](CO)N2[C@@H]1CN(CC2=O)C(=O)c1cccnc1,0,0.146834,0.024773,0.012919
CN(Cc1cncnc1)[C@H]1CN([C@H]2CCCO[C@H]21)C(=O)CNC(=O)C,0,0.059602,0.026137,0.008901
CCc1nc2c(cc(cn2c1N(C)c1nc(c(s1)C#N)-c1ccc(cc1)F)N1CCN(CC1)CC(=O)N1CC(O)C1)C,0,0.874747,0.124562,0.061059
CN(C)CC(=O)N1[C@H]2CN3C(=O)C=CC=C3[C@@H]1[C@@H]([C@H]2CO)C(=O)NCc1ccccc1,0,0.171406,0.025388,0.013813
C[C@H]1CCCCO[C@H](CN(C)Cc2ccc(cc2)C(=O)O)[C@@H](C)CN([C@H](C)CO)C(=O)c2cc(ccc2O1)NC(=O)C1CCCCC1,0,0.108676,0.044080,0.019205
COc1ccc(cc1)S(=O)(=O)Nc1ccc2c(c1)C(=O)N(C[C@H](C)[C@@H](CN(C)C(=O)Nc1ccc3c(c1)OCO3)OCCCC[C@@H](C)O2)[C@@H](C)CO,0,0.002310,0.023468,0.004335
COc1ccc(cc1)NC(=O)Nc1ccc2c(c1)C(=O)N(C[C@@H](C)[C@@H](CN(C)S(=O)(=O)c1ccccc1)OCCCC[C@H](C)O2)[C@@H](C)CO,0,0.002704,0.023490,0.004098
OC[C@H]1O[C@H](C[C@@H]2[C@H]1Oc1ccc(cc12)NS(=O)(=O)c1ccc(cc1)F)CC(=O)NCc1ccccc1F,0,0.015318,0.037782,0.010248
CC1(C)C=Cc2c(c3c(c4c(=O)c(-c5ccc(O)c(O)c5)coc24)OC(C)(C)CC3)O1,0,0.255447,0.507440,0.266232
CO[C@@H]1CN(C)C(=O)c2ccc(cc2OC[C@H](C)N(C[C@H]1C)C(=O)CN(C)C)NC(=O)c1ccc(cc1)F,0,0.062048,0.032229,0.011673
COc1ccc(cc1)S(=O)(=O)N(C)C[C@@H]1OCc2cnnn2CCCC(=O)N(C[C@H]1C)[C@H](C)CO,0,0.010209,0.023836,0.006423
C[C@H]1CCCCO[C@@H](CN(C)S(=O)(=O)c2ccc(cc2)F)[C@@H](C)CN([C@@H](C)CO)C(=O)c2cc(ccc2O1)NS(=O)(=O)c1cn(cn1)C,0,0.039909,0.023965,0.006117
CO[C@H]1CN(C)C(=O)c2ccc(cc2OC[C@@H](C)N(C[C@H]1C)C(=O)C1CCOCC1)NC(=O)C1CC1,0,0.020112,0.027465,0.009000
C[n+]1cccc(c1)C(=O)NO,0,0.011670,0.143684,0.026969
C[C@H]1CCCCO[C@@H](CN(C)CC2CC2)[C@@H](C)CN([C@H](C)CO)C(=O)c2cc(ccc2O1)NC(=O)Nc1cccc2ccccc12,0,0.135603,0.036681,0.013159
C[C@@H]1CN([C@H](C)CO)C(=O)c2cccc(c2O[C@H]1CN(C)Cc1ccc(cc1)C(=O)Nc1ccccc1N)NS(=O)(=O)C,0,0.007443,0.037334,0.006043
C[C@@H]1CN([C@@H](C)CO)S(=O)(=O)c2ccc(cc2O[C@H]1CN(C)C(=O)C1CCC1)C#Cc1ccncc1,0,0.037971,0.034147,0.006910
C[C@@H]1CN([C@@H](C)CO)C(=O)Cc2cc(ccc2O[C@@H]1CN(C)Cc1ccc(cc1)C(F)(F)F)NC(=O)Nc1cccc2ccccc12,0,0.093581,0.053838,0.023474
NC[C@@H](CC(=O)O)c1ccccc1,0,0.339143,0.050359,0.050496
C[C@@H]1CN([C@H](C)CO)C(=O)c2cccc(c2O[C@H]1CN(C)S(=O)(=O)c1ccc(cc1)F)NC(=O)C1CC1,0,0.046484,0.024424,0.006442
COc1ccc(cc1)S(=O)(=O)N(C)C[C@H]1Oc2ccc(cc2CC(=O)N(C[C@H]1C)[C@@H](C)CO)N(C)C,0,0.012024,0.028144,0.009367
CC(C)(C)[S@@](=O)N1Cc2cc(nc(c2[C@H]1CCO)-c1cccc(c1)-c1cccc(c1)C#N)C(=O)NCc1ccncc1,0,0.001674,0.126337,0.055105
CNC[C@@H]1OCCCC[C@@H](C)Oc2ccc(cc2C(=O)N(C[C@H]1C)[C@@H](C)CO)NS(=O)(=O)c1cn(cn1)C,0,0.047068,0.023812,0.006629
Cc1ccc(cc1)S[C@@]1(CC(=O)N(Cc2ccccc2Cl)[C@@H]1c1ccc(cc1I)CO)C(=O)O,0,0.962315,0.686142,0.368117
C[C@@H]1CN([C@H](C)CO)C(=O)Cc2cc(ccc2O[C@@H]1CN(C)C(=O)Nc1cccc2ccccc12)NC(=O)Nc1cccc2ccccc12,0,0.009278,0.023208,0.007969
C[C@@H]1CN([C@@H](C)CO)C(=O)Cc2cc(ccc2O[C@H]1CN(C)C(=O)Nc1ccc(cc1)F)NC(=O)CCN1CCOCC1,0,0.008356,0.029743,0.007105
CC(C)(C)OC(=O)CC[C@@]12N=C(O[C@@H]1c1ccccc1CN(C(=O)c1ccccc1)C2=O)c1ccc(cc1)OCCCO,0,0.000603,0.067181,0.066344
CCN1C[C@@]2(C)CC[C@H](OC)C34[C@@H]2[C@H](O)[C@]2(OCO[C@]52C[C@H](OC)[C@H]2C[C@]4(O)[C@@H]5[C@H]2O)[C@@H]13,0,0.187288,0.278880,0.118036
C[C@@H]1CCCCO[C@H](CN(C)Cc2ccc(cc2)C(F)(F)F)[C@H](C)CN([C@@H](C)CO)C(=O)c2cc(ccc2O1)NS(=O)(=O)c1ccc(cc1)Cl,0,0.072955,0.025563,0.006508
CC(C)NC(=O)N(C)C[C@H]1Oc2c(cccc2C(=O)N(C[C@H]1C)[C@H](C)CO)NC(=O)C1CCCCC1,0,0.021891,0.023860,0.014706
CN1C=NC(=N)c2[nH]cnc21,0,0.898384,0.051246,0.024606
C[C@H]1CN([C@@H](C)CO)C(=O)c2cccc(c2O[C@H]1CN(C)CC1CC1)NC(=O)Nc1cccc2ccccc12,0,0.140971,0.048327,0.031445
C[C@H]1CN([C@H](C)CO)C(=O)c2cccc(c2O[C@H]1CN(C)C(=O)Nc1ccc(cc1)F)NS(=O)(=O)C,0,0.161033,0.024722,0.011979
OC[C@H]1O[C@H](C[C@H]2[C@@H]1Oc1ccc(cc12)NS(=O)(=O)c1ccccc1)CC(=O)NC1CCCCC1,0,0.002314,0.031055,0.008827
COc1ccc(cc1)S(=O)(=O)N(C)C[C@H]1Oc2ccc(cc2C(=O)N(C[C@H]1C)[C@@H](C)CO)NC(=O)Nc1cccc2ccccc12,0,0.019947,0.023119,0.005413
C[C@H]1CN([C@@H](C)CO)S(=O)(=O)c2ccc(cc2O[C@H]1CN(C)S(=O)(=O)c1cccc(c1)F)C#CCN(C)C,0,0.231324,0.029096,0.008597
C[C@@H]1CCCCO[C@H](CN(C)Cc2ccncc2)[C@H](C)CN([C@H](C)CO)C(=O)c2cc(ccc2O1)NS(=O)(=O)c1ccc(cc1)C,0,0.002081,0.024560,0.004965
CC(Cc1ccc(O)c(O)c1)C(C)Cc1ccc(O)c(O)c1,0,0.649796,0.670252,0.622941
NCc1ccc(cc1)-n1cncn1,0,0.630560,0.185547,0.053329
C[C@H]1CN([C@@H](C)CO)C(=O)CCCn2nncc2CO[C@@H]1CN(C)Cc1cccc2c1OCCCO2,0,0.023709,0.022661,0.007340
C[C@@H]1CCCCO[C@H](CN(C)C(=O)NC2CCCCC2)[C@H](C)CN([C@@H](C)CO)C(=O)c2cc(ccc2O1)NS(=O)(=O)c1cccs1,0,0.003996,0.023170,0.004207
OC[C@H]1O[C@@H](C[C@H]2[C@@H]1Oc1ccc(cc12)NC(=O)NC1CCCC1)CC(=O)NCc1ccc(cc1)-c1ccccc1,0,0.149712,0.041060,0.043953
COc1ccccc1CNC(=O)C[C@H]1C[C@H]2[C@H](Oc3ccc(cc32)NC(=O)c2ccc3c(c2)OCO3)[C@H](CO)O1,0,0.005281,0.028078,0.009347
C[C@H]1CCCCO[C@@H](CN(C)S(=O)(=O)c2ccccc2)[C@@H](C)CN([C@@H](C)CO)C(=O)c2cc(ccc2O1)NS(=O)(=O)c1cn(cn1)C,0,0.007806,0.023319,0.004520
C[C@@H]1CCCCO[C@@H](CN(C)C(=O)Cc2ccccc2)[C@@H](C)CN([C@H](C)CO)C(=O)c2cc(ccc2O1)NC(=O)C1CCCCC1,0,0.002038,0.022583,0.005513
C[C@@H]1CN([C@@H](C)CO)S(=O)(=O)c2ccc(cc2O[C@@H]1CN(C)Cc1ccc(cc1)Oc1ccccc1)-c1ccncc1,0,0.004246,0.027964,0.007073
OC[C@@H]1[C@H]2CN3C(=O)C=CC=C3[C@@H]([C@H]1C(=O)NCc1ccc(cc1)F)N2C(=O)c1cnccn1,0,0.149966,0.057936,0.031323
C[C@@H]1CN([C@H](C)CO)C(=O)c2cccc(c2O[C@@H]1CN(C)S(=O)(=O)C)NS(=O)(=O)c1c(noc1C)C,0,0.012648,0.024511,0.007630
COc1ccc(cc1)S(=O)(=O)Nc1ccc2c(c1)C(=O)N(C[C@@H](C)[C@H](CN(C)Cc1ccc(cc1)C(=O)O)OCCCC[C@H](C)O2)[C@@H](C)CO,0,0.021933,0.027240,0.005043
C[C@@H]1CCCCO[C@H](CN(C)Cc2ccccc2)[C@@H](C)CN([C@H](C)CO)C(=O)c2cc(ccc2O1)NC(=O)CCC(F)(F)F,0,0.094600,0.024913,0.018503
OCCN(Cc1ccccc1)C(=O)C[C@@H](CC=C)C(=O)N[C@@H](COC(=O)[C@H](CCC=C)Cc1ccc(cc1)F)Cc1c[nH]c2ccccc12,0,0.016873,0.027845,0.017316
C[C@@H](N)c1cnn(c1)-c1ccccc1F,0,0.650808,0.072065,0.031501
CN1[C@@H](CC2=C/C(=N/NC(=O)N)C(=O)C=C12)S(=O)(=O)O,0,0.283699,0.160334,0.280946
C[C@@H]1CCCCO[C@H](CN(C)C(=O)C2CCCCC2)[C@@H](C)CN([C@@H](C)CO)C(=O)c2cc(ccc2O1)NC(=O)Nc1ccc(cc1)F,0,0.073386,0.027721,0.008580
C[C@H]1CN([C@H](C)CO)C(=O)c2cccc(c2O[C@@H]1CN(C)S(=O)(=O)c1cn(cn1)C)NC(=O)Nc1ccc2c(c1)OCO2,0,0.017766,0.023342,0.004454
C[C@H]1CCCCO[C@H](CN(C)Cc2ccc(cc2)C(=O)O)[C@H](C)CN([C@@H](C)CO)C(=O)c2cc(ccc2O1)NC(=O)Cc1ccccc1,0,0.039272,0.035387,0.012287
C[C@@H]1CN([C@H](C)CO)C(=O)c2cc(ccc2O[C@H]1CN(C)S(=O)(=O)c1cccs1)NS(=O)(=O)c1ccc(cc1)C,0,0.005161,0.023199,0.006942
C[C@@H]1CCCCO[C@H](CN(C)CC2CCCCC2)[C@@H](C)CN([C@H](C)CO)C(=O)c2cc(ccc2O1)NC(=O)CCCN(C)C,0,0.109419,0.032851,0.014015
O=NN(CCCl)C(=O)NCCCl,0,0.000002,0.211348,0.050783
C[C@@H]1CCCCO[C@H](CN(C)C(=O)Nc2ccc(cc2)C(F)(F)F)[C@H](C)CN([C@@H](C)CO)C(=O)c2cc(ccc2O1)NC(=O)NC1CCCCC1,0,0.411177,0.090466,0.044987
Nc1ncnc2n(cnc12)[C@@H]1O[C@H](COP(=O)(O)O)[C@@H](O)[C@H]1O,0,0.000002,0.228734,0.113553
C[C@@H]1CN([C@H](C)CO)C(=O)c2cc(ccc2O[C@@H]1CN(C)Cc1ccc(cc1)C(=O)Nc1ccccc1N)NC(=O)Nc1c(noc1C)C,0,0.013285,0.027467,0.005675
C[C@@H]1CN([C@@H](C)CO)C(=O)Cc2cc(ccc2O[C@@H]1CN(C)S(=O)(=O)c1c(noc1C)C)NC(=O)Nc1ccc2c(c1)OCO2,0,0.002507,0.027488,0.005438
C[C@@H]1CN([C@H](C)CO)C(=O)c2cccc(c2O[C@@H]1CN(C)S(=O)(=O)c1c(noc1C)C)NC(=O)c1cc(nn1C)C,0,0.025262,0.023055,0.005840
COc1ccc(cc1)NC(=O)Nc1ccc2c(c1)C(=O)N(C[C@@H](C)[C@H](CN(C)S(=O)(=O)c1c(noc1C)C)OCCCC[C@H](C)O2)[C@@H](C)CO,0,0.007674,0.025324,0.004556
O[C@@H]1COC[C@@H]2O[C@H](CC[C@H]2N(C1)C(=O)Nc1ccc(c(c1)Cl)Cl)CC(=O)NCc1ccc(c(c1)Cl)Cl,0,0.981888,0.924710,0.939522
CC(C)C[C@H]1CC(=O)N=C(N)N1,0,0.000044,0.025171,0.008857
C[C@@H]1CN(C)C(=O)c2cccc(c2O[C@H]1CN(C)Cc1ccc(cc1)Oc1ccccc1)NC(=O)c1ccncc1,0,0.003180,0.148105,0.064476
C[C@@H]1CCCCO[C@@H](CN(C)Cc2ccc(cc2)C(F)(F)F)[C@@H](C)CN([C@H](C)CO)C(=O)c2cc(ccc2O1)NC(=O)CCCCCC(=O)Nc1ccccc1N,0,0.068888,0.019098,0.006011
CCc1nc2ccc(cn2c1N(CCN(C)C)CC1CC1)C(=O)Nc1cccc(c1)OCC(=O)N(C)C,0,0.804920,0.065108,0.055829
COc1ccc(cc1)S(=O)(=O)N(C)C[C@H]1Oc2ncc(cc2C(=O)N(C[C@@H]1C)[C@@H](C)CO)Br,0,0.073327,0.024132,0.008356
CN1[C@H]2CC[C@@H](CC(=O)Nc3cn(nc3C)C)O[C@@H]2COc2ccc(cc2C1=O)NC(=O)C1CCOCC1,0,0.046493,0.023649,0.007595
CCCNC(=O)C[C@H]1CC[C@H]2[C@@H](COc3ccc(cc3C(=O)N2C)NC(=O)Nc2ccc(cc2)C#N)O1,0,0.003269,0.026387,0.017063
CO[C@H]1CN(C)C(=O)c2ccc(cc2OC[C@@H](C)N(C[C@@H]1C)C(=O)Nc1c(noc1C)C)NC(=O)Nc1cccc(c1)F,0,0.148880,0.025878,0.014350
CO[C@H]1O[C@H](COC(=O)NCCCCCC(=O)NO)[C@@H](OC(=O)Nc2ccc(cc2)OC)[C@H](OC(=O)Nc2ccccc2-c2ccccc2)[C@@H]1OC(=O)Nc1ccccc1-c1ccccc1,0,0.000026,0.080558,0.017162
C[C@H]1CCCCO[C@H](CN(C)C(=O)Nc2ccccc2)[C@H](C)CN([C@H](C)CO)C(=O)c2cc(ccc2O1)NC(=O)NC1CCCCC1,0,0.012412,0.023483,0.005084
C[C@@H]1CCCCO[C@@H](CN(C)Cc2ccc(cc2)C(=O)O)[C@@H](C)CN([C@@H](C)CO)C(=O)c2cc(ccc2O1)NC(=O)c1ccccc1,0,0.016738,0.040454,0.008738
C[C@H]1CN([C@@H](C)CO)C(=O)c2cccc(c2O[C@@H]1CN(C)C(=O)Nc1cccc2ccccc12)NS(=O)(=O)c1cccs1,0,0.015588,0.033418,0.006657
C[C@H]1CN([C@H](C)CO)C(=O)c2cc(cnc2O[C@H]1CN(C)S(=O)(=O)c1cn(cn1)C)C1=CCCCC1,0,0.003886,0.025605,0.008377
CC(C)/C=C/1\CC/C(=C\c2ccc(cc2)C(F)(F)F)C1=O,0,0.868389,0.194336,0.313899
CC(C)NC(=O)Nc1cccc2c1O[C@H](CN(C)Cc1ccc(cc1)-c1ccccc1)[C@H](C)CN([C@@H](C)CO)C2=O,0,0.130982,0.033935,0.027643
C[C@@H]1CN([C@@H](C)CO)C(=O)Cc2cc(ccc2O[C@@H]1CN(C)Cc1ccc(cc1)C(=O)O)NC(=O)CCN1CCOCC1,0,0.016370,0.062708,0.020241
C[C@H]1CCCCO[C@H](CN(C)C(=O)CCC(F)(F)F)[C@H](C)CN([C@@H](C)CO)C(=O)c2cc(ccc2O1)NC(=O)Cc1ccccc1,0,0.021110,0.018612,0.012296
C[C@H]1CN([C@@H](C)CO)C(=O)Cc2cc(ccc2O[C@@H]1CN(C)C(=O)Nc1c(noc1C)C)NS(=O)(=O)c1ccccc1,0,0.002420,0.023293,0.005070
C[C@H]1CCCCO[C@H](CN(C)S(=O)(=O)c2cn(cn2)C)[C@@H](C)CN([C@@H](C)CO)C(=O)c2cc(ccc2O1)NS(=O)(=O)c1ccc(cc1)F,0,0.012247,0.025932,0.007399
COc1ccc(cc1)S(=O)(=O)Nc1ccc2c(c1)C(=O)N(C[C@H](C)[C@@H](CN(C)Cc1ccc(cc1)C(F)(F)F)OCCCC[C@@H](C)O2)[C@@H](C)CO,0,0.031359,0.025010,0.005968
COc1ccccc1-c1ccc2c(c1)O[C@H](CN(C)C(=O)c1ccncc1)[C@@H](C)CN([C@@H](C)CO)S2(=O)=O,0,0.006112,0.023328,0.004532
CC1(C)NC(=O)N(c2ccc([N+](=O)[O-])c(C(F)(F)F)c2)C1=O,0,0.637809,0.629934,0.660006
COc1ccc(cc1)S(=O)(=O)Nc1ccc2c(c1)C(=O)N(C[C@@H](C)[C@H](CN(C)CC1CC1)O2)[C@H](C)CO,0,0.022532,0.024764,0.006647
COc1ccc(cc1)S(=O)(=O)N(C)C[C@H]1Oc2c(cccc2C(=O)N(C[C@H]1C)[C@H](C)CO)NC(=O)C1CC1,0,0.027991,0.024253,0.005071
C[C@H]1CCCCO[C@H](CN(C)S(=O)(=O)c2ccc(cc2)C)[C@H](C)CN([C@@H](C)CO)C(=O)c2cc(ccc2O1)NC(=O)Nc1ccc(cc1)F,0,0.033564,0.023473,0.004875
COc1ccc(cc1Cl)Nc1ccc(s1)-c1ccncc1,0,0.636415,0.382515,0.448707
C[C@@H]1CCCCO[C@@H](CN(C)S(=O)(=O)c2c(noc2C)C)[C@@H](C)CN([C@H](C)CO)C(=O)c2cc(ccc2O1)NC(=O)Nc1ccc(cc1)F,0,0.031689,0.026168,0.006189
C[C@@H]1CN([C@@H](C)CO)C(=O)c2cc(ccc2O[C@H]1CN(C)Cc1ccc(cc1)-c1ccccc1)NC(=O)Nc1cccc2ccccc12,0,0.047587,0.056890,0.029118
C[C@H]1CN([C@@H](C)CO)C(=O)c2cccc(c2O[C@@H]1CN(C)Cc1ccc(c(c1)Cl)Cl)NC(=O)Nc1ccc2c(c1)OCO2,0,0.099556,0.028508,0.010389
CCS(=O)(=O)N1C[C@]2(CN(Cc3cc(ccc3F)F)C2)c2c(n(c3cc(ccc23)OC)C)[C@@H]1CO,0,0.047803,0.029352,0.011254
C[C@@H]1CN([C@@H](C)CO)C(=O)c2cc(cnc2O[C@@H]1CN(C)S(=O)(=O)c1cn(cn1)C)C1=CCCC1,0,0.003273,0.025013,0.007993
CN(C)CCCNC(=O)C[C@H]1CC[C@H]2[C@H](COc3ccc(cc3C(=O)N2C)NS(=O)(=O)C)O1,0,0.026497,0.023279,0.008601
Cn1c(ncc1[N+](=O)[O-])COC(=O)N,0,0.993407,0.139549,0.141695
CC(C)CC#Cc1ccc2c(c1)O[C@@H](CN(C)C(=O)Cc1ccncc1)[C@H](C)CN([C@H](C)CO)S2(=O)=O,0,0.060392,0.026159,0.005453
OC[C@H]1O[C@H](CC[C@H]1NC(=O)CN1CCOCC1)CC(=O)NC1CCC1,0,0.006489,0.027116,0.008910
CC(C)(C)C(=O)C(Oc1ccc(Cl)cc1)n1cncn1,0,0.914572,0.358055,0.252114
C[C@H]1CN([C@@H](C)CO)C(=O)c2cc(ccc2O[C@@H]1CN(C)C(=O)Nc1cccc2ccccc12)NC(=O)CCCCCC(=O)Nc1ccccc1N,0,0.018158,0.023564,0.004645
C[C@@H]1CCCCO[C@H](CN(C)C(=O)Nc2ccc(cc2)C(F)(F)F)[C@H](C)CN([C@H](C)CO)C(=O)c2cc(ccc2O1)NC(=O)Nc1ccc(cc1)F,0,0.779769,0.041218,0.024002
COC(OC)[C@H](Cc1ccccc1)N(C/C=C/[C@@H](OC(=O)C)c1ccccc1)[C@@H]([C@H](Cc1ccccc1)OC(=O)C)c1ccc(cc1)OC,0,0.024563,0.134755,0.044213
CCS(=O)(=O)N1C[C@]2(CN(Cc3cccc(c3)Cl)[C@@H](CO)c3c2c2ccc(cc2n3C)OC)C1,0,0.012369,0.030091,0.016903
C[C@H]1CN([C@H](C)CO)C(=O)Cc2cc(ccc2O[C@@H]1CN(C)C(=O)Nc1ccc(cc1)C(F)(F)F)NC(=O)Nc1cccc2ccccc12,0,0.320354,0.042013,0.047183
CC(C)CC#Cc1ccc2c(c1)O[C@H](CN(C)C(=O)Cc1ccccn1)[C@H](C)CN([C@@H](C)CO)S2(=O)=O,0,0.034481,0.026159,0.005533
C[C@@H]1CCCCO[C@H](CN(C)C(=O)Nc2ccc3c(c2)OCO3)[C@H](C)CN([C@@H](C)CO)C(=O)c2cc(ccc2O1)NC(=O)Nc1ccc(cc1)F,0,0.039907,0.021550,0.005001
C[N+](C)(C)CCCCNC(=O)[C@@H]1C[C@H]2N([C@@H]1c1cccc(c1)OCCO)C(=O)[C@H](CCCC[N+](C)(C)C)NC2=O,0,0.755489,0.113429,0.133038
CCOc1cc(cc(c1)C(=O)N[C@@H](Cc1ccc(cc1)-n1cc(nn1)-c1ccc(s1)C(=O)NO)C(=O)OC)OCC,0,0.305736,0.469634,0.243274
CC1=CC(=O)NN1,0,0.013974,0.074649,0.030976
NCC[C@H]1CC[C@@H](NC(=O)C2CCCC2)[C@H](CO)O1,0,0.251718,0.030208,0.012681
CCNC(=O)C[C@@H]1CC[C@H](NC(=O)C2CC2)[C@@H](CO)O1,0,0.058275,0.029401,0.009266
COc1cccc(c1)C#Cc1ccc2c(c1)O[C@@H](CN(C)C(=O)CN1CCOCC1)[C@@H](C)CN([C@@H](C)CO)S2(=O)=O,0,0.039302,0.028051,0.005888
C[C@@H]1CN([C@@H](C)CO)C(=O)c2cc(ccc2O[C@H]1CN(C)C(=O)Nc1ccc(cc1)F)NC(=O)Nc1ccc(cc1)C(F)(F)F,0,0.921898,0.483807,0.389367
O[C@@H]1COC[C@@H]2O[C@H](CC[C@H]2N(C1)C(=O)Nc1cccc(c1)F)CC(=O)NCc1ccccc1Cl,0,0.911708,0.819194,0.742609
C[C@H]1CN([C@H](C)CO)C(=O)c2cccc(c2O[C@H]1CN(C)Cc1ccncc1)NC(=O)c1cnccn1,0,0.012736,0.022885,0.005528
COc1ccc(c(c1)OC)NC(=O)N(C)C[C@H]1OCc2ccccc2-c2c(n(c3ccccc23)C)C(=O)N(C[C@@H]1C)[C@H](C)CO,0,0.038335,0.022854,0.005008
C[C@@H]1CN([C@H](C)CO)C(=O)Cc2cc(ccc2O[C@H]1CN(C)C(=O)Nc1ccc(cc1)C(F)(F)F)NC(=O)Cc1ccccc1,0,0.174891,0.078498,0.103963
C[C@H]1CN([C@H](C)CO)S(=O)(=O)c2ccc(cc2O[C@H]1CN(C)C(=O)Cc1cccnc1)C#Cc1ccccc1F,0,0.071651,0.025323,0.005216
OC[C@@H](Cc1ccccc1)NC(=O)C[C@H](CC=C)C(=O)NC[C@H](OC(=O)[C@@H](CC=C)Cc1ccc(cc1)F)c1ccccc1,0,0.026348,0.062429,0.035993
CCc1nc2ccc(cn2c1N(C)CCN1CCOCC1)C(=O)Nc1cccc(c1)NS(=O)(=O)C,0,0.197290,0.024770,0.013538
C[C@H]1CN([C@@H](C)CO)C(=O)c2cc(ccc2O[C@H]1CN(C)C(=O)NC1CCCCC1)NS(=O)(=O)c1c(noc1C)C,0,0.017706,0.024274,0.006541
C[C@H]1CN([C@H](C)CO)C(=O)c2cccc(c2O[C@H]1CN(C)S(=O)(=O)c1ccc(cc1)F)NS(=O)(=O)c1cccs1,0,0.022740,0.027136,0.008320
OC[C@H]1O[C@H](C[C@@H]2[C@H]1Oc1ccc(cc12)NC(=O)Cc1ccncc1)CC(=O)N1CCc2ccccc2C1,0,0.002848,0.025373,0.010059
C[C@H]1CCCCO[C@@H](CN(C)C(=O)c2ccccc2)[C@@H](C)CN([C@H](C)CO)C(=O)c2cc(ccc2O1)NC(=O)Nc1c(noc1C)C,0,0.006324,0.022933,0.004432
C[C@H]1CN([C@@H](C)CO)C(=O)c2cccc(c2O[C@@H]1CN(C)Cc1ccc2c(c1)OCO2)NS(=O)(=O)c1cn(cn1)C,0,0.009311,0.023784,0.004293
O=C1NC=C(N2CCCCC2)C(=O)N1,0,0.851520,0.104053,0.035515
C[C@@H]1CN([C@H](C)CO)C(=O)c2cc(ccc2O[C@H]1CN(C)S(=O)(=O)c1ccccc1)NC(=O)C1CC1,0,0.005891,0.023937,0.004874
COc1ccc(cc1)S(=O)(=O)N(C)C[C@H]1Oc2c(cccc2C(=O)N(C[C@@H]1C)[C@@H](C)CO)NC(=O)C1CC1,0,0.027991,0.024253,0.005071
CNC(=O)CN1CCO[C@H]2CN(C[C@@H]21)C(=O)c1cnccn1,0,0.028074,0.044047,0.011886
OC[C@@H]1O[C@H](CC(=O)NCCN2CCCCC2)C=C[C@@H]1NC(=O)c1cccnc1,0,0.037952,0.143646,0.026879
CC(C)NC(=O)N(C)C[C@H]1Oc2ccc(cc2CC(=O)N(C[C@@H]1C)[C@@H](C)CO)NS(=O)(=O)c1cccs1,0,0.001702,0.023836,0.006401
C[C@H]1CN([C@H](C)CO)C(=O)c2cc(ccc2O[C@@H]1CN(C)S(=O)(=O)c1ccc(cc1)C)NC(=O)CCCN(C)C,0,0.017698,0.024960,0.005428
CS(=O)(=O)Nc1ccc2c(c1)[C@@H]1C[C@@H](CC(=O)NCC3CC3)O[C@H](CO)[C@@H]1O2,0,0.010618,0.028011,0.008692
C[C@H]1CCCCO[C@H](CN(C)C(=O)Nc2ccc3c(c2)OCO3)[C@@H](C)CN([C@H](C)CO)C(=O)c2cc(ccc2O1)NC(=O)Nc1ccc2c(c1)OCO2,0,0.002184,0.023322,0.004581
COc1ccc(cc1)NC(=O)Nc1ccc2c(c1)C(=O)N(C[C@@H](C)[C@@H](CN(C)C(=O)C1CCCCC1)OCCCC[C@@H](C)O2)[C@@H](C)CO,0,0.013428,0.023644,0.004871
OC[C@@H]1O[C@H](C[C@@H]2[C@H]1Oc1ccc(cc12)NC(=O)c1ccc2c(c1)OCO2)CC(=O)NCCc1ccccc1,0,0.004186,0.023818,0.012215
CS(=O)(=O)[C@H]1CCNC1,0,0.001819,0.063208,0.032346
C[C@H]1CN([C@@H](C)CO)C(=O)c2cccc(c2O[C@H]1CN(C)Cc1ccc(cc1)C(F)(F)F)NC(=O)Nc1ccc2c(c1)OCO2,0,0.143663,0.126477,0.062373
C[C@@H]1CCCCO[C@H](CN(C)C(=O)c2ccccc2)[C@@H](C)CN([C@@H](C)CO)C(=O)c2cc(ccc2O1)NC(=O)NC1CCCCC1,0,0.003297,0.021891,0.003903
COCN1C(=O)Nc2ccccc21,0,0.743228,0.044827,0.020834
COc1ccc(cc1)NC(=O)Nc1ccc2c(c1)C(=O)N(C[C@H](C)[C@H](CN(C)CC1CCCCC1)OCCCC[C@@H](C)O2)[C@@H](C)CO,0,0.065884,0.030183,0.009476
C[C@H]1CN([C@@H](C)CO)C(=O)c2c(c3ccccc3n2C)-c2ccccc2CO[C@@H]1CN(C)Cc1ccccc1,0,0.126011,0.046016,0.032094
C[C@H](N)[C@H](O)c1cccc(c1)O,0,0.186117,0.086794,0.058016
C[C@H]1CCCCO[C@H](CN(C)C(=O)C2CCCCC2)[C@@H](C)CN([C@H](C)CO)C(=O)c2cc(ccc2O1)NC(=O)Nc1c(noc1C)C,0,0.034526,0.024128,0.008221
COCCNC(=O)C[C@H]1CC[C@@H]2[C@H](COC[C@H](O)CN2C(=O)Nc2ccc3c(c2)OCO3)O1,0,0.254056,0.054712,0.036394
C[C@H]1CCCCO[C@@H](CN(C)C(=O)Nc2ccc(cc2)F)[C@H](C)CN([C@H](C)CO)C(=O)c2cc(ccc2O1)NC(=O)C1CCCCC1,0,0.071720,0.025532,0.006834
CC(C)NC(=O)N(C)C[C@H]1Oc2ccc(cc2C(=O)N(C[C@H]1C)[C@@H](C)CO)NC(=O)CCCN(C)C,0,0.021064,0.023877,0.007057
C[C@@H]1CN([C@H](C)CO)C(=O)Cc2cc(ccc2O[C@H]1CN(C)CC1CC1)NS(=O)(=O)c1ccc(cc1)C,0,0.007228,0.028974,0.006707
OC[C@H]1O[C@H](CC[C@@H]1NC(=O)C1CC1)CC(=O)NCCCN1CCOCC1,0,0.075150,0.023764,0.010166
Nc1nonc1N1CCCCC1,0,0.182899,0.064650,0.024435
C[C@@H]1CN([C@@H](C)CO)C(=O)Cc2cc(ccc2O[C@@H]1CN(C)Cc1ccc(cc1)Oc1ccccc1)NC(=O)Nc1ccc2c(c1)OCO2,0,0.002457,0.023549,0.004888
COCCOC(=O)N1C(=O)[C@]2([C@@H]([C@@H]3N([C@H]([C@H](OC3=O)c3ccccc3)c3ccccc3)[C@@H]2c2ccc(cc2)O)C(=O)N2CCc3cc(c(cc3C2)OC)OC)c2cc(ccc21)C#Cc1ccc(cc1)OC,0,0.148476,0.124786,0.035691
CCC(=O)N1CCC[C@@](C)(C1)C(=O)NS(=O)(=O)c1ccc(cc1)S(=O)(=O)C,0,0.085877,0.123723,0.015782
OC[C@@H]1O[C@H](C[C@@H]2[C@H]1Oc1ccc(cc12)NC(=O)C1CCOCC1)CC(=O)NCc1ccc(cc1)Cl,0,0.250951,0.052306,0.058727
C[C@@H]1CN([C@@H](C)CO)C(=O)CCCn2nncc2CO[C@@H]1CN(C)S(=O)(=O)c1cn(cn1)C,0,0.013725,0.028168,0.006558
O[C@@H]1COC[C@@H]2O[C@H](CC[C@H]2N(C1)S(=O)(=O)c1ccccc1Cl)CC(=O)NCc1ccccc1Cl,0,0.551454,0.073288,0.033745
CCCNC1CCc2nc(N)sc2C1.Cl.Cl,0,0.008619,0.191006,0.111936
O=C1NC(=O)C(=NN1c1ccccc1)C#N,0,0.148617,0.199205,0.093724
Cn1cc(cn1)N1C[C@]2(COCCN(C2)C(=O)C2(CC2)C#N)OCC1=O,0,0.009618,0.174588,0.077152
C[C@@H]1CCCCO[C@@H](CN(C)C(=O)CCC(F)(F)F)[C@@H](C)CN([C@H](C)CO)C(=O)c2cc(ccc2O1)NS(=O)(=O)c1ccc(cc1)C,0,0.013559,0.024941,0.005465
C[C@H]1CN([C@H](C)CO)C(=O)Cc2cc(ccc2O[C@H]1CN(C)S(=O)(=O)C)NC(=O)c1ccncc1,0,0.000769,0.023315,0.004914
CC(CN(C)C)CN1c2ccccc2CCc2ccccc21.O=C(O)C=CC(=O)O,0,0.961446,0.643506,0.486674
C[C@@H]1CN([C@H](C)CO)C(=O)c2cc(cnc2O[C@@H]1CN(C)C(=O)C1CCOCC1)C#CCc1ccccc1,0,0.017257,0.023698,0.005339
C[C@H]1CCCCO[C@@H](CN(C)S(=O)(=O)c2ccc(cc2)C)[C@H](C)CN([C@@H](C)CO)C(=O)c2cc(ccc2O1)NC(=O)c1ccccc1,0,0.001280,0.023475,0.003978
CN(C)CC(=O)N1C[C@@H]2[C@@H]([C@@H](CO)N2C(=O)C1)c1ccc(cc1)C#Cc1cccnc1,0,0.720990,0.033336,0.013158
CN(C)CCCNC(=O)C[C@H]1CC[C@@H]2[C@H](COC[C@@H](O)CN2S(=O)(=O)c2ccc(cc2)C)O1,0,0.510993,0.031104,0.012938
CCN(Cc1cccc(c1)Br)c1c(nc2ccc(cn12)C(=O)N1CCN(CC1)c1ccccc1)CC,0,0.825285,0.615580,0.397196
COc1ccc(cc1)NC(=O)N(C)C[C@@H]1OCCCC[C@@H](C)Oc2ccc(cc2C(=O)N(C[C@@H]1C)[C@@H](C)CO)NC(=O)Cc1ccccc1,0,0.005239,0.021816,0.003963
CCOC(=O)c1c(C)c(Cl)c(O)c(Cl)c1O,0,0.977669,0.726445,0.571364
Cc1ccc(cc1)S[C@@]1(CC(=O)N(Cc2cc(cc(c2)C(F)(F)F)C(F)(F)F)[C@@H]1c1ccc(cc1I)CO)C(=O)O,0,0.989551,0.442365,0.104735
C[C@@H]1O[C@@H](O[C@@H]2[C@@H](O)[C@H](O)[C@@H](CO)O[C@H]2c2c(cc(c3c2OC(=CC3=O)c2ccc(cc2)O)O)O)[C@H](O)[C@H](O)[C@H]1O,0,0.372002,0.370215,0.311449
O[C@H]1COC[C@H]2O[C@H](CC[C@@H]2N(C1)C(=O)C1CC1)CC(=O)NCc1ccncc1,0,0.290578,0.032258,0.017033
COc1ccc(cc1)NC(=O)Nc1ccc2c(c1)CC(=O)N(C[C@H](C)[C@H](CN(C)C(=O)Nc1cccc3ccccc13)O2)[C@@H](C)CO,0,0.009221,0.024388,0.005069
CC(C)NC(=O)N(C)C[C@@H]1Oc2ccc(cc2C(=O)N(C[C@@H]1C)[C@@H](C)CO)NC(=O)Nc1c(noc1C)C,0,0.041501,0.030584,0.010577
CC(C)C[C@@H](NC(=O)[C@@H](C)N)C(=O)O,0,0.028854,0.027911,0.018674
COCC(=O)N1C[C@H](C)[C@H](CN(C)C(=O)c2cc(ccc2OC[C@@H]1C)NC(=O)c1cc(on1)C)OC,0,0.006011,0.024328,0.005942
CC(C)NC(=O)Nc1ccc2c(c1)C(=O)N(C[C@@H](C)[C@@H](CN(C)CC1CCCCC1)OCCCC[C@@H](C)O2)[C@H](C)CO,0,0.092669,0.036106,0.017430
C[C@@H]1CN([C@@H](C)CO)C(=O)c2cc(ccc2O[C@@H]1CN(C)S(=O)(=O)c1ccc(cc1)F)NC(=O)CCCN(C)C,0,0.045495,0.024628,0.008143
COc1ccc2c3c([nH]c2c1)[C@H](CO)N(C[C@]13CN(Cc2ccccc2Cl)C1)S(=O)(=O)c1cn(cn1)C,0,0.044119,0.028844,0.013273
COc1ccc(cc1)S(=O)(=O)Nc1ccc2c(c1)C(=O)N(C[C@@H](C)[C@@H](CN(C)Cc1ccc3c(c1)OCO3)OCCCC[C@@H](C)O2)[C@H](C)CO,0,0.002052,0.024672,0.004930
COc1ccc(cc1)S(=O)(=O)N(C)C[C@H]1OCCCC[C@H](C)Oc2ccc(cc2C(=O)N(C[C@@H]1C)[C@@H](C)CO)NC(=O)Nc1ccc2c(c1)OCO2,0,0.004260,0.024724,0.004452
COCC(=O)N1C[C@@H](C)[C@H](CN(C)C(=O)c2cc(ccc2OC[C@@H]1C)NC(=O)c1ccc(cc1)F)OC,0,0.039273,0.030065,0.009518
C[C@H]1CCCCO[C@H](CN(C)Cc2ccccc2)[C@@H](C)CN([C@@H](C)CO)C(=O)c2cc(ccc2O1)NC(=O)Nc1ccc(cc1)F,0,0.069524,0.032511,0.013041
C[C@@H]1CCCCO[C@H](CN(C)C(=O)C2CCCCC2)[C@H](C)CN([C@H](C)CO)C(=O)c2cc(ccc2O1)NC(=O)c1ccccc1,0,0.002132,0.022503,0.005196
CCCCCCCCc1ccc(cc1)-c1ccc(cc1)C(=O)O,0,0.993994,0.402538,0.389876
C[n+]1ccn(n1)C[C@@]1(C)[C@@H](N2[C@@H](CC2=O)S1(=O)=O)C(=O)O,1,0.931286,0.705082,0.507979
CC(=O)OCC(=O)C1(O)CCC2C3CCC4=CC(=O)CCC4(C)C3(F)C(O)CC21C,0,0.096523,0.285014,0.163578
c1cnc(N2CCN(Cc3ccc4c(c3)OCO4)CC2)nc1,0,0.151579,0.305790,0.094791
O[C@H]1Cc2ccccc2[C@H]1NC(=O)C=C,0,0.079419,0.285202,0.063028
COc1ccc(cc1)S(=O)(=O)Nc1ccc2c(c1)C(=O)N(C[C@@H](C)[C@@H](CN(C)S(=O)(=O)c1ccc(cc1)C)O2)[C@H](C)CO,0,0.012668,0.023343,0.006628
C[C@H]1CCCCO[C@H](CN(C)C(=O)Cc2ccccc2)[C@H](C)CN([C@@H](C)CO)C(=O)c2cc(ccc2O1)NC(=O)CCC(F)(F)F,0,0.048314,0.018562,0.012276
C[C@@H]1CCCCO[C@@H](CN(C)S(=O)(=O)c2cccs2)[C@H](C)CN([C@H](C)CO)C(=O)c2cc(ccc2O1)NC(=O)c1ccccc1,0,0.000448,0.023301,0.003788
Cn1cnc(c1)S(=O)(=O)N1C[C@@H](O)COC[C@@H]2O[C@@H](CC[C@H]21)CC(=O)N1CCN(CC1)c1ccccc1,0,0.162845,0.030884,0.008005
C[C@@H]1CN([C@H](C)CO)C(=O)c2cccc(c2O[C@H]1CN(C)Cc1ccc(cc1)-c1ccccc1)NC(=O)C1CCCCC1,0,0.086782,0.042658,0.028324
COc1ccc(cc1O)[C@@H]1CC(=O)c2c(cc(cc2O1)O[C@@H]1O[C@H](CO)[C@@H](O)[C@H](O)[C@H]1O[C@@H]1O[C@@H](C)[C@H](O)[C@@H](O)[C@H]1O)O,0,0.649386,0.656212,0.447072
C[C@@H]1CN([C@H](C)CO)C(=O)c2cccc(c2O[C@H]1CN(C)S(=O)(=O)c1ccccc1)NS(=O)(=O)C,0,0.018063,0.030252,0.007585
COc1ccc2c3c(n(c2c1)C)[C@@H](CO)N(C[C@]13CCN(CC1)C(=O)C1CCOCC1)C(=O)C1CCOCC1,0,0.210193,0.073748,0.025979
C[C@@H]1CN([C@H](C)CO)C(=O)c2cc(cnc2O[C@H]1CN(C)S(=O)(=O)c1ccc(cc1)C)C#CC1(O)CCCC1,0,0.019272,0.023945,0.005411
C[C@@H](N)Cc1c[nH]c2ccc(cc12)O,0,0.115880,0.081585,0.068601
C[C@@H]1CN([C@@H](C)CO)C(=O)CCCn2nncc2CO[C@H]1CN(C)C(=O)Nc1cccc(c1)C(F)(F)F,0,0.753259,0.916205,0.932207
C[C@@H]1CN([C@@H](C)CO)C(=O)Cc2cc(ccc2O[C@H]1CN(C)Cc1ccc(cc1)Oc1ccccc1)NC(=O)Nc1cccc2ccccc12,0,0.006205,0.025881,0.008906
C[C@@H]1CN([C@H](C)CO)C(=O)c2cc(ccc2O[C@@H]1CN(C)C(=O)Nc1cccc2ccccc12)NC(=O)Nc1cccc2ccccc12,0,0.019713,0.024711,0.010662
COc1ccc(cc1)CN(C)C[C@@H]1Oc2c(cccc2C(=O)N(C[C@H]1C)[C@@H](C)CO)NS(=O)(=O)C,0,0.013983,0.024539,0.007177
C[C@H]1CC/C=C\[C@H]2O[C@]34C=CCN(Cn5nnc6ccccc56)C(=O)[C@H]4N(CCO)C(=O)[C@@H]3[C@@H]2C(=O)O1,0,0.872562,0.304898,0.117978
C[C@H]1CCCCO[C@H](CN(C)S(=O)(=O)c2ccccc2)[C@@H](C)CN([C@@H](C)CO)C(=O)c2cc(ccc2O1)NC(=O)c1ccccc1,0,0.000499,0.023490,0.004358
C[C@@H]1CN([C@@H](C)CO)C(=O)c2cc(ccc2O[C@H]1CN(C)Cc1ccc(cc1)C(=O)Nc1ccccc1N)NC(=O)Cc1cn(c2ccccc12)C,0,0.003038,0.023691,0.005470
OC(=O)Cc1ccc(c(c1)O)O,0,0.465643,0.051642,0.063504
C[C@H]1CCCCO[C@H](CN(C)C(=O)c2ccccc2)[C@H](C)CN([C@H](C)CO)C(=O)c2cc(ccc2O1)NC(=O)NC1CCCCC1,0,0.003297,0.021891,0.003903
CC(C)CNC(=O)[C@]1(CC(=O)N(Cc2ccccc2Cl)[C@@H]1c1ccc(cc1I)CO)Sc1ccc(cc1)C,0,0.953293,0.209050,0.064195
C[C@H]1CN([C@H](C)CO)C(=O)c2cccc(c2O[C@H]1CN(C)Cc1ccc(cc1)Oc1ccccc1)NC(=O)c1nc2ccccc2s1,0,0.002984,0.025054,0.010078
OC(=O)[C@H]1C[C@H](CCN1)CP(=O)(O)O,0,0.833001,0.067517,0.057774
C[C@@H]1CN([C@@H](C)CO)C(=O)c2cc(ccc2O[C@H]1CN(C)Cc1ccc(cc1)C(=O)O)NS(=O)(=O)C,0,0.045145,0.027384,0.009215
Clc1ccc2c(c1)C(=C(C(=O)N2)C(=O)/C=C/c1cc2c(cc1Br)OCCO2)c1ccccc1,0,0.951832,0.814552,0.626549
C[C@@H]1CN([C@H](C)CO)C(=O)c2cccc(c2O[C@H]1CN(C)Cc1ccc(cc1)Oc1ccccc1)NC(=O)Nc1c(noc1C)C,0,0.022185,0.026255,0.008770
COc1ccc(cc1)S(=O)(=O)N(C)C[C@@H]1Oc2ccc(cc2CC(=O)N(C[C@@H]1C)[C@@H](C)CO)NC(=O)C1CC1,0,0.006243,0.024419,0.005220
C[C@H]1CN([C@H](C)CO)C(=O)c2cc(ccc2O[C@@H]1CN(C)S(=O)(=O)c1cccs1)NC(=O)Cc1ccccc1,0,0.002126,0.024285,0.005811
COc1ccc(-c2cc(=O)c3c(OC)c(OC)c(OC)c(OC)c3o2)cc1OC,0,0.636637,0.169011,0.059258
C[C@@H]1CN([C@H](C)CO)C(=O)c2c(c3ccccc3n2C)-c2ccccc2CO[C@@H]1CN(C)C(=O)Nc1ccc(cc1)-c1ccccc1,0,0.037040,0.054050,0.023502
CN1CCN(CC1)C(=O)C[C@@H]1O[C@H](CO)[C@H](NC(=O)Nc2c(noc2C)C)C=C1,0,0.188562,0.055621,0.021590
CC(C)NC(=O)Nc1cccc2c1O[C@@H](CN(C)C(=O)NC1CCCCC1)[C@@H](C)CN([C@H](C)CO)C2=O,0,0.034901,0.024929,0.012105
COCC(=O)Nc1ccc2c(c1)C(=O)N(C)C[C@H](OC)[C@H](C)CN(Cc1cccc(c1)F)[C@H](C)CO2,0,0.010621,0.032428,0.008597
OC[C@H]1O[C@H](CC[C@H]1NC(=O)c1ccccn1)CC(=O)N1CCOCC1,0,0.002681,0.025642,0.007414
C[C@H]1CN([C@H](C)CO)C(=O)c2cccc(c2O[C@@H]1CN(C)C(=O)Nc1ccc2c(c1)OCO2)NC(=O)c1cc(nn1C)C,0,0.013960,0.023269,0.005109
C[C@@H]1CN([C@@H](C)CO)C(=O)c2cc(cnc2O[C@H]1CN(C)S(=O)(=O)c1ccccc1)-c1ccncc1,0,0.001764,0.027756,0.004435
COc1cc2c(cc1OC)CN(CC2)C(=O)[C@@H]1[C@@H]2N([C@H]([C@H](OC2=O)c2ccccc2)c2ccccc2)[C@H](c2ccc(cc2)OCCO)[C@@]11C(=O)Nc2ccc(cc21)C#CCCO,0,0.052149,0.041593,0.027391
OCCOc1cccc(c1)[C@@H]1[C@@H](C[C@H]2N1C(=O)CNC2=O)C(=O)NCCCCCNC(=O)CS,0,0.000008,0.047252,0.056793
OC[C@@H]1O[C@H](CC(=O)NCCc2ccncc2)C=C[C@@H]1NC(=O)Cc1ccccn1,0,0.004732,0.023892,0.009343
COc1ccc(cc1)S(=O)(=O)N(C)C[C@H]1Oc2ccc(cc2C(=O)N(C[C@@H]1C)[C@@H](C)CO)NC(=O)CCN1CCOCC1,0,0.002452,0.023376,0.004098
C[C@H]1CN([C@@H](C)CO)S(=O)(=O)c2ccc(cc2O[C@@H]1CN(C)C(=O)CN(C)C)C#Cc1ccccc1,0,0.394443,0.900242,0.962484
C[C@@H]1CN([C@@H](C)CO)C(=O)Cc2cc(ccc2O[C@H]1CN(C)Cc1ccc(cc1)C(=O)O)NC(=O)Nc1ccc(cc1)C(F)(F)F,0,0.497657,0.046407,0.018723
COc1ccc(cc1)C#Cc1ccc2c(c1)[C@@]1([C@@H]([C@@H]3N([C@H]([C@H](OC3=O)c3ccccc3)c3ccccc3)[C@@H]1c1ccccc1OCCO)C(=O)O)C(=O)N2,0,0.863792,0.165942,0.136041
N[C@@H](Cc1ccc2nonc2c1)C(=O)O,0,0.552755,0.038374,0.030766
COc1ccc(cc1)CN(C)C[C@H]1Oc2ccc(cc2CC(=O)N(C[C@@H]1C)[C@H](C)CO)NS(=O)(=O)c1c(noc1C)C,0,0.001990,0.024135,0.004739
OCCOc1ccc(cc1)[C@@H]1N2[C@H]([C@H](C(=O)Nc3nc4ccccc4s3)[C@@]11C(=O)Nc3ccc(cc31)C#CC1(O)CCCCCC1)C(=O)O[C@H]([C@H]2c1ccccc1)c1ccccc1,0,0.073200,0.107685,0.033268
COc1ccc(cc1)CN(C)C[C@@H]1OCCCC[C@@H](C)Oc2ccc(cc2C(=O)N(C[C@H]1C)[C@H](C)CO)NS(=O)(=O)c1ccc(cc1)Cl,0,0.008483,0.023262,0.004912
CCN(Cc1cc(ccc1-c1cc(ccc1OC)CC(=O)O)C(F)(F)F)C(=O)NCc1ccccc1,0,0.921124,0.699456,0.697636
C[C@H]1CCCCO[C@@H](CN(C)S(=O)(=O)c2ccccc2)[C@@H](C)CN([C@H](C)CO)C(=O)c2cc(ccc2O1)NC(=O)Nc1ccc(cc1)C(F)(F)F,0,0.127294,0.031912,0.008199
COC(=O)[C@@]12CCC(C)(C)C[C@H]2[C@H]2C(=O)C=C3[C@@](C)(CC[C@H]4C(C)(C)C(=O)C(=C[C@@]43C)C#N)[C@]2(C)CC1,0,0.865456,0.104270,0.243588
C[C@@H]1CCCCO[C@@H](CN(C)C(=O)Nc2c(noc2C)C)[C@@H](C)CN([C@H](C)CO)C(=O)c2cc(ccc2O1)NC(=O)Nc1ccc2c(c1)OCO2,0,0.013706,0.026607,0.005597
CO[C@H]1CN(C)C(=O)c2cc(ccc2OC[C@@H](C)N(C[C@H]1C)C(=O)CN(C)C)NS(=O)(=O)C,0,0.023125,0.113483,0.008310
C[C@H]1CN([C@H](C)CO)C(=O)Cc2cc(ccc2O[C@H]1CN(C)S(=O)(=O)c1ccc(cc1)F)NC(=O)c1ccncc1,0,0.002090,0.023298,0.004174
C[C@@H]1CN([C@H](C)CO)C(=O)c2cc(ccc2O[C@@H]1CN(C)Cc1ccc(c(c1)Cl)Cl)NC(=O)Nc1ccc(cc1)C(F)(F)F,0,0.873650,0.181805,0.104503
C[C@H]1CCCCO[C@@H](CN(C)C(=O)c2ccccc2)[C@@H](C)CN([C@H](C)CO)C(=O)c2cc(ccc2O1)NC(=O)CCCCCC(=O)Nc1ccccc1N,0,0.001372,0.025804,0.004252
CC(=O)c1cc(c(o1)CC[C@H](COC(=O)NCCCCCC(=O)NO)NC(=O)Nc1nnc[nH]1)S(=O)(=O)c1ccc(cc1)C,0,0.002133,0.454705,0.380498
C[C@@H]1CN([C@@H](C)CO)C(=O)c2cccc(c2O[C@H]1CN(C)C(=O)Nc1ccc(cc1)C(F)(F)F)NC(=O)c1nc2ccccc2s1,0,0.579039,0.276328,0.205424
COc1ccccc1S(=O)(=O)N[C@@H]1C=C[C@@H](CC(=O)N2CCN(C)CC2)O[C@@H]1CO,0,0.048737,0.023867,0.008969
OC[C@H]1O[C@@H](CCNC(=O)Nc2cc(ccc2F)F)CC[C@H]1NC(=O)CN1CCOCC1,0,0.167058,0.057725,0.042524
CN1C(=O)Nc2ccccc21,0,0.545673,0.058801,0.026728
OC[C@H]1O[C@@H](OC[C@H]2O[C@@H](O[C@@H](C#N)c3ccccc3)[C@H](O)[C@@H](O)[C@@H]2O)[C@H](O)[C@@H](O)[C@@H]1O,0,0.024319,0.058954,0.069407
CO[C@@H]1CN(C)C(=O)c2cc(ccc2OC[C@@H](C)N(C[C@@H]1C)C(=O)C1CCOCC1)NS(=O)(=O)C,0,0.005048,0.030165,0.006305
C[C@H]1CN([C@H](C)CO)C(=O)c2cc(cnc2O[C@H]1CN(C)S(=O)(=O)c1cccc(c1)F)Br,0,0.139571,0.026457,0.009601
C[C@@H]1CCCCO[C@H](CN(C)S(=O)(=O)c2ccccc2)[C@@H](C)CN([C@@H](C)CO)C(=O)c2cc(ccc2O1)NC(=O)C1CCCCC1,0,0.001961,0.023949,0.004309
C[C@@H]1CN([C@H](C)CO)S(=O)(=O)c2ccc(cc2O[C@@H]1CN(C)C(=O)Cc1ccncc1)C#CC1(O)CCCC1,0,0.014373,0.023769,0.005266
Cc1cc(c(s1)C)-c1cc[nH]n1,0,0.281863,0.097681,0.045869
C[C@H]1CCCCO[C@H](CN(C)C(=O)C2CCCCC2)[C@H](C)CN([C@@H](C)CO)C(=O)c2cc(ccc2O1)NC(=O)c1ccncc1,0,0.001533,0.022275,0.004161
CC12CCC(CC1)C(C)(C)O2,0,0.720391,0.056986,0.053168
CC(C)NC(=O)N(C)C[C@@H]1Oc2ccc(cc2C(=O)N(C[C@H]1C)[C@H](C)CO)NC(=O)Nc1ccc2c(c1)OCO2,0,0.014371,0.023949,0.008285
C[C@@H]1CN([C@H](C)CO)C(=O)c2cccc(c2O[C@@H]1CN(C)C(=O)Nc1ccc(cc1)C(F)(F)F)NS(=O)(=O)c1ccc(cc1)Cl,0,0.505277,0.183476,0.044504
COc1ccc(cc1)NC(=O)Nc1ccc2c(c1)C(=O)N(C[C@H](C)[C@@H](CN(C)Cc1ccc(c(c1)Cl)Cl)OCCCC[C@H](C)O2)[C@H](C)CO,0,0.097566,0.026932,0.007479
CC[C@@H](C)NC(=O)C1CCNCC1,0,0.075208,0.028950,0.009987
C[C@@H]1CN([C@@H](C)CO)C(=O)c2cc(ccc2O[C@H]1CN(C)C(=O)Nc1ccc(cc1)F)NS(=O)(=O)C,0,0.122668,0.024981,0.011287
CCNC(=O)C[C@@H]1CC[C@@H]2[C@H](COC[C@@H](O)CN2C(=O)Nc2c(noc2C)C)O1,0,0.466180,0.231194,0.078303
Cn1ccc(n1)C(=O)N1CC[C@@H]2OCCN([C@@H]2C1)S(=O)(=O)C,0,0.002480,0.023184,0.007457
COCC(=O)N1C[C@H](C)[C@@H](CN(C)C(=O)c2cc(ccc2OC[C@@H]1C)NC(=O)Nc1cccc(c1)F)OC,0,0.123765,0.039761,0.016495
OC[C@H]1O[C@@H]([C@@H](O)[C@@H]1O)n1cnc2cncnc12,0,0.145266,0.127899,0.101419
CC1(C)OC2CC(=O)OCC23C1CC(=O)C1(C)C3CCC2(C)C(c3ccoc3)OC(=O)C3OC321,0,0.917430,0.163284,0.078775
N/C(=N/O)C1=CN=C2SCCN2C1=O,0,0.661834,0.063141,0.050647
N[C@@H]1CCCN(C1)c1c(cnc2[nH]cc(c12)NC(=O)C1CC1)Br,0,0.955905,0.179373,0.111346
C[C@H]1CN([C@H](C)CO)C(=O)Cc2cc(ccc2O[C@@H]1CN(C)Cc1ccc(cc1)Oc1ccccc1)NC(=O)C1CCCCC1,0,0.009589,0.026787,0.009541
C[C@H]1CN([C@@H](C)CO)C(=O)Cc2cc(ccc2O[C@@H]1CN(C)S(=O)(=O)c1ccccc1)NC(=O)CCCN(C)C,0,0.003377,0.024633,0.005520
C[C@@H]1CN([C@H](C)CO)S(=O)(=O)c2ccc(cc2O[C@H]1CN(C)C(=O)C1CCC1)C#Cc1ccncc1,0,0.037971,0.034147,0.006910
CC12C=CC(=O)C=C1CCC1C3CC(O)C(O)(C(=O)CO)C3(C)CC(O)C12F,0,0.038701,0.338881,0.193698
COC(=O)CCCCCCNC(=O)c1ccc(cc1)NCc1cn(nn1)Cc1ccc(cc1)C(=O)c1ccc(cc1)Cn1cc(nn1)CNc1ccc(cc1)C(=O)NCCCCCCC(=O)OC,0,0.242492,0.033766,0.027419
C[C@@H]1CN([C@@H](C)CO)C(=O)Cc2cc(ccc2O[C@H]1CN(C)S(=O)(=O)c1ccccc1)NC(=O)C1CC1,0,0.001759,0.024642,0.005077
Clc1ccc(C(c2ccc(Cl)cc2)C(Cl)(Cl)Cl)cc1,0,0.999446,0.538630,0.322967
CC12CCC(=O)C=C1CCC1C2C(=O)CC2(C)C1CCC2(O)C(=O)CO,0,0.831029,0.426046,0.308443
OCCN1CCN(CC1)c1ncnc2n(cnc12)[C@H]1CN(C[C@@H](CO)O1)Cc1cccnc1,0,0.654892,0.122382,0.028663
COc1ccc(cc1)NC(=O)Nc1ccc2c(c1)CC(=O)N(C[C@@H](C)[C@H](CN(C)S(=O)(=O)c1cn(cn1)C)O2)[C@@H](C)CO,0,0.007931,0.023539,0.004373
CNC[C@@H]1OCCCC[C@@H](C)Oc2ccc(cc2C(=O)N(C[C@H]1C)[C@H](C)CO)NS(=O)(=O)c1c(noc1C)C,0,0.013144,0.026710,0.008386
CC(C)NC(=O)Nc1ccc2c(c1)C(=O)N(C[C@@H](C)[C@@H](CN(C)C(=O)Nc1ccc(cc1)F)OCCCC[C@@H](C)O2)[C@@H](C)CO,0,0.110986,0.029640,0.010592
Cc1cn(C2CC(N=[N+]=[N-])C(CO)O2)c(=O)[nH]c1=O,0,0.980408,0.074649,0.169752
COc1ccc(cc1)S(=O)(=O)Nc1ccc2c(c1)CC(=O)N(C[C@@H](C)[C@H](CN(C)CC1CC1)O2)[C@H](C)CO,0,0.007333,0.024394,0.006723
C[C@@H]1CCCCO[C@@H](CN(C)C(=O)CCC(F)(F)F)[C@@H](C)CN([C@H](C)CO)C(=O)c2cc(ccc2O1)NS(=O)(=O)c1ccc(cc1)Cl,0,0.033131,0.025613,0.005837
COc1ccc(cc1)C#Cc1cnc2c(c1)C(=O)N(C[C@H](C)[C@H](CN(C)C(=O)CN(C)C)O2)[C@@H](C)CO,0,0.280016,0.023703,0.008095
CC(C)[C@@H]1CC[C@@H](C)CC1=O,0,0.213661,0.090277,0.045990
C[C@H]1CN([C@@H](C)CO)C(=O)CCCn2nncc2CO[C@@H]1CN(C)C(=O)Nc1ccccc1C(F)(F)F,0,0.851090,0.640209,0.564763
C[C@@H]1CN([C@H](C)CO)C(=O)c2cc(cnc2O[C@H]1CN(C)C(=O)C1CCOCC1)C#CC1(O)CCCC1,0,0.023908,0.056486,0.019436
C[C@@H]1CN([C@@H](C)CO)C(=O)c2cccc(c2O[C@H]1CN(C)S(=O)(=O)c1ccc(cc1)C)NC(=O)C1CC1,0,0.027951,0.024691,0.005262
CN(C)CC(=O)N[C@H]1CC[C@H](CC(=O)NCCN2CCCCC2)O[C@@H]1CO,0,0.222056,0.028186,0.008664
C[C@H]1CCCCO[C@H](CN(C)Cc2ccc(cc2)C(=O)Nc2ccccc2N)[C@@H](C)CN([C@H](C)CO)C(=O)c2cc(ccc2O1)N(C)C,0,0.024157,0.028219,0.006248
C[C@H]1CN([C@@H](C)CO)C(=O)c2cc(ccc2O[C@H]1CN(C)S(=O)(=O)c1cn(cn1)C)NS(=O)(=O)c1ccc(cc1)C,0,0.019358,0.023897,0.006562
OC[C@@H]1O[C@@H](C[C@H]2[C@@H]1Oc1ccc(cc12)NS(=O)(=O)c1ccc(cc1)F)CC(=O)NC1CCCC1,0,0.010711,0.028872,0.008559
Fc1cccc2c1CCN1[C@@H]2CNCC1=O,0,0.113994,0.044090,0.021669
N[C@H](Cc1cc(c(c(c1)I)Oc1ccc(c(c1)I)O)I)C(=O)O,0,0.983235,0.740196,0.532343
CN(CP(=O)(O)CN1CCCCC1)C=O,0,0.341793,0.082218,0.060477
C[C@@H]1CN([C@H](C)CO)C(=O)c2cccc(c2O[C@@H]1CN(C)Cc1ccc(cc1)C(=O)Nc1ccccc1N)NC(=O)Nc1ccc(cc1)F,0,0.091865,0.029864,0.009705
COc1ccc(cc1)NC(=O)N(C)C[C@H]1OCCCC[C@@H](C)Oc2ccc(cc2C(=O)N(C[C@@H]1C)[C@H](C)CO)NS(=O)(=O)c1c(noc1C)C,0,0.007491,0.023315,0.004282
CCS(=O)(=O)Nc1ccc2c(c1)C(=O)N(C)C[C@@H](OC)[C@@H](C)CN(CCC(F)(F)F)[C@@H](C)CO2,0,0.045865,0.031868,0.010625
OC[C@@H](Cc1ccccc1)NC(=O)C[C@H](CC=C)C(=O)NC[C@@H](OC(=O)[C@@H](CCC=C)Cc1ccc(cc1)F)c1ccccc1,0,0.022807,0.061373,0.037451
C[C@@H]1CN([C@H](C)CO)C(=O)Cc2cc(ccc2O[C@@H]1CN(C)CC1CC1)NC(=O)CCN1CCOCC1,0,0.015741,0.025302,0.006405
CCc1oc(c(c1C(=O)OC)C(=O)OC)CC[C@@H](CO)NC(=O)NCCn1cc(nn1)C1(O)CCCCC1,0,0.092585,0.479549,0.395690
CNC(=O)[C@@H]1COC[C@@H]2CN(CC(C)C)C[C@@H]21,0,0.134947,0.066354,0.020981
COc1ccc(cc1)NC(=O)Nc1cccc2c1O[C@@H](CN(C)C(=O)Nc1cccc3ccccc13)[C@@H](C)CN([C@@H](C)CO)C2=O,0,0.067933,0.025391,0.011836
C[C@@H]1CN([C@@H](C)CO)C(=O)Cc2cc(ccc2O[C@H]1CN(C)Cc1ccc(cc1)Oc1ccccc1)NC(=O)C1CC1,0,0.014009,0.028444,0.011037
C[C@H]1CN([C@@H](C)CO)C(=O)c2cccc(c2O[C@@H]1CN(C)S(=O)(=O)c1ccc(cc1)C)NC(=O)c1ccncc1,0,0.007626,0.028157,0.004867
O=C(NCCCN1CCOCC1)c1cccnc1,0,0.004373,0.031679,0.015867
C[C@H]1CCCCO[C@@H](CN(C)C(=O)Nc2ccc(cc2)C(F)(F)F)[C@@H](C)CN([C@H](C)CO)C(=O)c2cc(ccc2O1)NS(=O)(=O)C,0,0.243558,0.041818,0.020645
C[C@H]1CCCCO[C@@H](CN(C)Cc2ccc(cc2)C(F)(F)F)[C@H](C)CN([C@@H](C)CO)C(=O)c2cc(ccc2O1)NS(=O)(=O)C,0,0.062104,0.028115,0.008686
C[C@H]1CN([C@@H](C)CO)C(=O)c2cc(ccc2O[C@H]1CN(C)Cc1ccc(cc1)C(=O)Nc1ccccc1N)NS(=O)(=O)c1cn(cn1)C,0,0.006060,0.024055,0.003957
C[C@H]1CN([C@H](C)CO)C(=O)c2c(c3ccccc3n2C)-c2ccccc2CO[C@H]1CN(C)Cc1ccc2c(c1)OCO2,0,0.032262,0.027927,0.014570
C[C@H]1CCCCO[C@@H](CN(C)CC2CCCCC2)[C@@H](C)CN([C@H](C)CO)C(=O)c2cc(ccc2O1)NC(=O)NC1CCCCC1,0,0.087138,0.029297,0.012922
CC(C)(C)[S@](=O)N1Cc2cc(nc(c2[C@@H]1CCO)-c1cccc(c1)-c1ccncc1)C(=O)N1CCc2ccccc2C1,0,0.002295,0.128577,0.062225
COc1ccc(CCN(C)CCCC(C#N)(c2ccc(OC)c(OC)c2)C(C)C)cc1OC.Cl,0,0.941452,0.648706,0.373156
C[C@H]1CN([C@@H](C)CO)C(=O)c2cccc(c2O[C@H]1CN(C)C(=O)Nc1ccccc1)NC(=O)CCCCCC(=O)Nc1ccccc1N,0,0.027965,0.026198,0.006238
COc1ccc(cc1)S(=O)(=O)Nc1ccc2c(c1)C(=O)N(C[C@H](C)[C@H](CN(C)Cc1ccc(cc1)C(F)(F)F)OCCCC[C@@H](C)O2)[C@H](C)CO,0,0.031359,0.025010,0.005968
C[C@@H]1O[C@@H](O[C@@H]2[C@@H](O)[C@H](O)[C@@H](CO)O[C@H]2Oc2cc(c3c(c2)OC(=CC3=O)c2ccc(cc2)O)O)[C@H](O)[C@H](O)[C@H]1O,0,0.103577,0.145832,0.103288
Cc1nn[nH]n1,0,0.003282,0.065913,0.033974
Nc1cccc(c1)-n1cc(nn1)CCC(=O)NO,0,0.534137,0.036399,0.067828
CC(C)NC(=O)Nc1ccc2c(c1)C(=O)N(C[C@H](C)[C@@H](CN(C)Cc1ccc(cc1)C(=O)O)O2)[C@H](C)CO,0,0.094799,0.055656,0.024682
COCC(=O)N1CCN2C[C@@H](CN(C[C@@H]2C1)Cc1ccoc1)C(=O)O,0,0.000615,0.141376,0.048463
COc1ccc(cc1)NC(=O)Nc1ccc2c(c1)C(=O)N(C[C@H](C)[C@H](CN(C)C(=O)c1ccccc1)OCCCC[C@H](C)O2)[C@@H](C)CO,0,0.003206,0.021731,0.004201
C[C@H]1CN([C@H](C)CO)C(=O)c2cccc(c2O[C@H]1CN(C)C(=O)Nc1c(noc1C)C)NC(=O)Nc1cccc2ccccc12,0,0.144598,0.025091,0.011746
C[C@H]1CN([C@H](C)CO)C(=O)c2cccc(c2O[C@H]1CN(C)Cc1ccc(cc1)-c1ccccc1)NS(=O)(=O)c1ccc(cc1)C,0,0.011836,0.040724,0.006238
C[C@H]1CN([C@@H](C)CO)C(=O)c2cc(cnc2O[C@H]1CN(C)Cc1ccccn1)C#Cc1ccc(cc1)F,0,0.025464,0.031785,0.010405
CC(=CCC/C(=C/CC/C(=C/CCC(=O)OC/C=C(\C)CCC=C(C)C)C)C)C,0,0.036949,0.177269,0.122651
O=S(=O)(N1CCOCC1)N1CCCN(CC1)S(=O)(=O)N1CCOCC1,0,0.000064,0.251460,0.084254
C[C@H]1CN([C@@H](C)CO)C(=O)c2cc(ccc2O[C@H]1CN(C)Cc1ccc(c(c1)Cl)Cl)NC(=O)Cn1cnnn1,0,0.230432,0.051359,0.016360
COCC#Cc1ccc2c(c1)O[C@H](CN(C)C(=O)c1ccccc1F)[C@@H](C)CN([C@H](C)CO)S2(=O)=O,0,0.214612,0.028926,0.007668
COc1cccc(c1)S(=O)(=O)N[C@H]1CC[C@H](CCn2cc(nn2)-c2ccccc2OC)O[C@H]1CO,0,0.237877,0.026213,0.012480
CC(C)C#Cc1ccc2c(c1)O[C@@H](CN(C)S(=O)(=O)c1cn(cn1)C)[C@H](C)CN([C@@H](C)CO)S2(=O)=O,0,0.166073,0.025223,0.005492
COc1ccc(cc1)S(=O)(=O)Nc1ccc2c(c1)CC(=O)N(C[C@@H](C)[C@@H](CN(C)Cc1ccc(cc1)-c1ccccc1)O2)[C@H](C)CO,0,0.002484,0.024607,0.005653
CO[C@H]1CN(C)C(=O)c2cc(ccc2OC[C@@H](C)N(C[C@H]1C)C(=O)c1ccc2c(c1)OCO2)NS(=O)(=O)C,0,0.003851,0.023620,0.005573
CCCNC(=O)C[C@H]1CC[C@@H]2[C@H](COc3ccc(cc3C(=O)N2C)NC(=O)c2ccc3c(c2)OCO3)O1,0,0.002844,0.022722,0.008898
COc1ccc(cc1)S(=O)(=O)N(C)C[C@H]1Oc2c(cccc2C(=O)N(C[C@H]1C)[C@@H](C)CO)NC(=O)C1CC1,0,0.027991,0.024253,0.005071
CC(C)CC#Cc1ccc2c(c1)O[C@@H](CN(C)C(=O)Cc1cccnc1)[C@@H](C)CN([C@H](C)CO)S2(=O)=O,0,0.064573,0.026159,0.005416
C[C@H]1CCCCO[C@@H](CN(C)S(=O)(=O)c2ccc(cc2)F)[C@@H](C)CN([C@H](C)CO)C(=O)c2cc(ccc2O1)NC(=O)c1ccccc1,0,0.002266,0.023301,0.004477
N[C@@H](CCCNC(=N)N[C@@H](CCC(=O)O)C(=O)O)C(=O)O,0,0.053561,0.025652,0.025197
Fc1ccc(cc1)[C@@H](NC(=O)C1CCN(CC1)Cc1ccc2ccccc2n1)c1ccc2ccccc2n1,0,0.554232,0.352496,0.378370
COc1ccc(cc1)CN(C)C[C@@H]1OCCCC[C@H](C)Oc2ccc(cc2C(=O)N(C[C@H]1C)[C@@H](C)CO)NS(=O)(=O)c1ccc(cc1)F,0,0.009667,0.024154,0.005122
CN(CC(=O)NC1CCCC1)S(=O)(=O)C,0,0.008275,0.040959,0.009607
C[C@@H]1CN([C@@H](C)CO)C(=O)c2cccc(c2O[C@H]1CN(C)S(=O)(=O)c1ccc(cc1)C)NS(=O)(=O)c1ccc(cc1)F,0,0.028181,0.033433,0.008638
COc1cccc(c1)C(=O)Nc1ccc2c(c1)C(=O)N(C)[C@H]1CC[C@@H](CC(=O)NCCCN3CCOCC3)O[C@H]1CO2,0,0.005844,0.022736,0.007111
C(Sc1ncnc2c3ccccc3oc12)/C=C/c1ccccc1,0,0.260903,0.401035,0.467608
C[C@@H]1CCCCO[C@@H](CN(C)S(=O)(=O)c2ccc(cc2)F)[C@@H](C)CN([C@@H](C)CO)C(=O)c2cc(ccc2O1)NC(=O)Nc1ccc2c(c1)OCO2,0,0.008399,0.026786,0.005132
O=C1CNC(=S)N1c1ccccc1,0,0.191612,0.058988,0.031630
C[C@@H]1CN([C@@H](C)CO)C(=O)c2cccc(c2O[C@@H]1CN(C)CC1CC1)NS(=O)(=O)c1c(noc1C)C,0,0.018313,0.024809,0.005886
C[C@@H]1CN([C@H](C)CO)C(=O)c2cccc(c2O[C@H]1CN(C)Cc1ccccc1)NC(=O)c1ccc(cc1)-c1nccs1,0,0.012523,0.021033,0.006327
COc1ccc(cc1)CN(C)C[C@@H]1Oc2ccc(cc2C(=O)N(C[C@@H]1C)[C@H](C)CO)NC(=O)Nc1cccc2ccccc12,0,0.018775,0.028662,0.011246
COc1ccc(cc1)S(=O)(=O)Nc1ccc2c(c1)C(=O)N(C[C@H](C)[C@H](CN(C)C(=O)Nc1c(noc1C)C)O2)[C@@H](C)CO,0,0.034025,0.024647,0.006910
CC(=O)N[C@H]1C(=O)SC1(C)C,0,0.177794,0.058043,0.024613
C[C@H]1CN([C@H](C)CO)C(=O)Cc2cc(ccc2O[C@H]1CN(C)S(=O)(=O)C)NC(=O)Nc1ccc(cc1)F,0,0.020056,0.029260,0.012116
C[C@H]1CCCCO[C@@H](CN(C)C(=O)Nc2c(noc2C)C)[C@H](C)CN([C@@H](C)CO)C(=O)c2cc(ccc2O1)NC(=O)Nc1c(noc1C)C,0,0.051854,0.028301,0.008456
COc1cc(C=O)ccc1O,0,0.789350,0.097615,0.042114
COc1ccc(cc1)C(=O)Nc1cccc(c1)CN1C(=O)[C@@]2(O[C@@H](CC(=O)N3Cc4ccccc4C[C@H]3CO)[C@@H]([C@H]2C)[Si](C)(C)c2ccc(cc2)OC)c2ccccc21,0,0.000929,0.042613,0.020535
Nc1ccc2n(c(nc2c1)CO)CCO,0,0.063201,0.047856,0.032221
C[C@@H]1CCCCO[C@@H](CN(C)C(=O)Nc2ccc(cc2)F)[C@@H](C)CN([C@H](C)CO)C(=O)c2cc(ccc2O1)NC(=O)Nc1cccc2ccccc12,0,0.078092,0.022480,0.005643
C[C@H]1CN([C@H](C)CO)C(=O)c2cc(ccc2O[C@@H]1CN(C)C(=O)Nc1ccc(cc1)F)NC(=O)Nc1ccc(cc1)C(F)(F)F,0,0.921898,0.483807,0.389367
OC(=O)CC(O)(CC(=O)O)C(=O)O,0,0.018072,0.065891,0.044119
C[C@@H]1CN([C@@H](C)CO)C(=O)Cc2cc(ccc2O[C@H]1CN(C)S(=O)(=O)c1c(noc1C)C)NC(=O)C1CCCCC1,0,0.004433,0.024777,0.005510
C[C@H]1CCCCO[C@@H](CN(C)Cc2ccc(cc2)C(F)(F)F)[C@H](C)CN([C@@H](C)CO)C(=O)c2cc(ccc2O1)NS(=O)(=O)c1cn(cn1)C,0,0.138787,0.080052,0.009070
C[C@@H]1CN([C@@H](C)CO)S(=O)(=O)c2ccc(cc2O[C@H]1CN(C)C(=O)NC1CCCCC1)-c1cccnc1,0,0.013236,0.026436,0.004998
C[C@H]1CN([C@H](C)CO)C(=O)c2cccc(c2O[C@H]1CN(C)C(=O)Nc1cccc2ccccc12)NC(=O)Nc1ccccc1,0,0.050723,0.023785,0.014116
CN(CC[C@H](N)CC(=O)N[C@H]1C=C[C@H](O[C@@H]1C(=O)O)N1C=CC(=NC1=O)N)C(=N)N,0,0.860586,0.501990,0.386821
C[C@@H]1CN([C@@H](C)CO)C(=O)c2cc(ccc2O[C@@H]1CN(C)C(=O)Nc1ccccc1)NC(=O)Nc1cccc2ccccc12,0,0.027996,0.024135,0.012643
COc1ccc2c3c(n(c2c1)C)[C@H](CO)N(CC1CCOCC1)C[C@]13CCN(CC1)C(=O)c1cnccn1,0,0.317610,0.092575,0.049283
OC[C@H]1O[C@H](CC(=O)N2CCC(CC2)Cc2ccccc2)C=C[C@@H]1NS(=O)(=O)c1ccc(cc1)F,0,0.080566,0.031577,0.013747
COc1ccc(cc1)C#Cc1ccc2c(c1)O[C@H](CN(C)S(=O)(=O)c1ccccc1F)[C@H](C)CN([C@H](C)CO)S2(=O)=O,0,0.082463,0.032292,0.007363
CCCC#Cc1ccc2c(c1)O[C@@H](CN(C)C(=O)c1cnccn1)[C@H](C)CN([C@H](C)CO)S2(=O)=O,0,0.208031,0.022959,0.006425
COCC#Cc1ccc2c(c1)O[C@H](CN(C)C(=O)Nc1ccccc1F)[C@H](C)CN([C@@H](C)CO)S2(=O)=O,0,0.544105,0.032865,0.008491
CS(=O)(=O)N1CCN(CC1)Cc1cc2nc(nc(c2s1)N1CCOCC1)-c1cccc2n[nH]cc12,0,0.108203,0.030064,0.010482
CO[C@H]1O[C@@H](COC(=O)C)[C@@H](OC(=O)C)C(C#N)(C#N)[C@@H]1OC(=O)C,0,0.000437,0.130040,0.160652
CC(C)NC(=O)N(C)C[C@@H]1Oc2ccc(cc2CC(=O)N(C[C@H]1C)[C@@H](C)CO)NC(=O)C1CCCCC1,0,0.011903,0.024999,0.007210
C[C@H]1CN([C@H](C)CO)C(=O)Cc2cc(ccc2O[C@H]1CN(C)C(=O)Nc1ccc(cc1)F)NS(=O)(=O)C,0,0.016559,0.028039,0.008821
CC(C)NC(=O)N(C)C[C@@H]1Oc2ccc(cc2C(=O)N(C[C@@H]1C)[C@@H](C)CO)NS(=O)(=O)c1cn(cn1)C,0,0.081991,0.025365,0.007939
C[C@H]1CN([C@H](C)CO)C(=O)Cc2cc(ccc2O[C@H]1CN(C)C(=O)Nc1ccc(cc1)F)NC(=O)Cn1cnnn1,0,0.109690,0.028069,0.012993
Cc1cc(ccc1C(=O)NCC(=O)NCC(F)(F)F)C1=NO[C@](C1)(c1cc(cc(c1)Cl)Cl)C(F)(F)F,0,0.994511,0.785637,0.765684
C[C@H]1CN([C@@H](C)CO)C(=O)c2cc(ccc2O[C@H]1CN(C)S(=O)(=O)C)N(C)C,0,0.007934,0.026519,0.008970
COc1ccc(cc1)[Si](C)(C)[C@@H]1[C@@H](C)[C@@]2(O[C@H]1CC(=O)N1CCC[C@H]1CO)C(=O)N(Cc1cccc(c1)N1C(=O)c3cccc4cccc1c34)c1ccccc12,0,0.003940,0.040152,0.025606
CN1[C@H]2CC[C@@H](CC(=O)NCc3ccccc3Cl)O[C@@H]2COc2ccc(cc2C1=O)NC(=O)Nc1cccc(c1)C,0,0.139591,0.057764,0.052951
C[C@@H]1CCCCO[C@@H](CN(C)S(=O)(=O)c2ccc(cc2)F)[C@@H](C)CN([C@@H](C)CO)C(=O)c2cc(ccc2O1)NC(=O)Nc1ccc(cc1)C(F)(F)F,0,0.371928,0.092053,0.010299
COc1ccc(cc1)NC(=O)Nc1cccc2c1O[C@@H](CN(C)CC1CCCCC1)[C@@H](C)CN([C@H](C)CO)C2=O,0,0.080644,0.032300,0.011784
C[C@@H]1CCCCO[C@H](CN(C)Cc2ccccc2)[C@H](C)CN([C@@H](C)CO)C(=O)c2cc(ccc2O1)NS(=O)(=O)c1cccs1,0,0.003798,0.023776,0.004935
C[C@@H]1CCCCO[C@H](CN(C)Cc2ccc(cc2)C(F)(F)F)[C@@H](C)CN([C@@H](C)CO)C(=O)c2cc(ccc2O1)N(C)C,0,0.334249,0.073468,0.039412
CCCNC(=O)Nc1ccc2c(c1)C(=O)N(C)C[C@@H](OC)[C@H](C)CN([C@@H](C)CO2)C(=O)C1CCOCC1,0,0.010122,0.026335,0.006581
NC1=NC(=O)N(C=C1)[C@@H]1CS[C@H](CO)O1,0,0.516664,0.073075,0.096825
C[C@H]1CCCCO[C@@H](CN(C)Cc2ccccc2)[C@@H](C)CN([C@@H](C)CO)C(=O)c2cc(ccc2O1)NS(=O)(=O)c1ccc(cc1)C,0,0.003623,0.025420,0.006292
C[C@@H]1CN([C@@H](C)CO)C(=O)c2cccc(c2O[C@H]1CN(C)Cc1ccc(cc1)C(=O)O)NC(=O)C1CC1,0,0.156032,0.074785,0.035955
O[C@@H]1[C@@H]2COC(=O)c3cc(c(c(c3-c3c(c(c(cc3C(=O)O[C@H]1[C@@H](O)[C@@H](O2)OC(=O)c1cc(c(c(c1)O)O)O)O)O)O)O)O)O,0,0.732197,0.286439,0.205880
C[C@@H]1CN([C@@H](C)CO)C(=O)c2cc(ccc2O[C@H]1CN(C)C(=O)NC1CCCCC1)NC(=O)Nc1cccc2ccccc12,0,0.020497,0.023686,0.007858
C[C@H]1CCCCO[C@@H](CN(C)C(=O)Nc2ccc(cc2)C)[C@@H](C)CN([C@H](C)CO)C(=O)c2cc(ccc2O1)NC(=O)C1CCCCC1,0,0.027215,0.024593,0.005682
CSc1ncc(c(n1)N(CCO)CCO)F,0,0.282344,0.337412,0.150447
COc1ccccc1C(=O)Nc1ccc2c(c1)C(=O)N(C)[C@H]1CC[C@H](CC(=O)NCc3ccc(c(c3)Cl)Cl)O[C@@H]1CO2,0,0.081216,0.044604,0.029640
C[C@@H]1CN([C@H](C)CO)C(=O)c2cc(ccc2O[C@@H]1CN(C)Cc1ccc2c(c1)OCO2)NC(=O)CCN1CCOCC1,0,0.001887,0.024001,0.005838
C[C@H](CCC(=O)NCCS(=O)(=O)O)[C@H]1CC[C@H]2[C@@H]3[C@H](O)C[C@@H]4C[C@H](O)CC[C@]4(C)[C@H]3C[C@H](O)[C@]12C,0,0.097736,0.420740,0.353802
C[C@H]1CCCCO[C@H](CN(C)Cc2ccc(c(c2)Cl)Cl)[C@@H](C)CN([C@@H](C)CO)C(=O)c2cc(ccc2O1)NC(=O)Nc1ccc(cc1)F,0,0.307495,0.025946,0.010441
C[C@H]1CCCCO[C@@H](CN(C)S(=O)(=O)c2ccc(cc2)C)[C@H](C)CN([C@@H](C)CO)C(=O)c2cc(ccc2O1)NC(=O)C1CCCCC1,0,0.005090,0.023949,0.004537
COc1ccc(cc1)NC(=O)Nc1ccc2c(c1)C(=O)N(C[C@H](C)[C@H](CN(C)S(=O)(=O)c1cccs1)OCCCC[C@@H](C)O2)[C@@H](C)CO,0,0.002329,0.023300,0.004156
C[C@@H]1CN([C@@H](C)CO)C(=O)c2cc(ccc2O[C@@H]1CN(C)Cc1ccc(cc1)C(=O)Nc1ccccc1N)NS(=O)(=O)c1ccc(cc1)Cl,0,0.003076,0.023939,0.005381
CN1N=C(N)c2cn(c3ncnc1c23)[C@H]1O[C@@H](CO)[C@@H](O)[C@@H]1O,0,0.302528,0.115671,0.110337
COc1ccc(cc1)S(=O)(=O)Nc1ccc2c(c1)C(=O)N(C[C@@H](C)[C@H](CN(C)S(=O)(=O)C)OCCCC[C@@H](C)O2)[C@H](C)CO,0,0.005015,0.023353,0.005910
CC(C)NC(=O)Nc1ccc2c(c1)CC(=O)N(C[C@H](C)[C@H](CN(C)S(=O)(=O)c1cn(cn1)C)O2)[C@H](C)CO,0,0.011125,0.023329,0.004731
C[C@@H]1CCCCO[C@@H](CN(C)Cc2ccc(cc2)C(F)(F)F)[C@@H](C)CN([C@H](C)CO)C(=O)c2cc(ccc2O1)NC(=O)Nc1ccc(cc1)C(F)(F)F,0,0.768906,0.038422,0.016114
C[C@H]1CCCCO[C@H](CN(C)Cc2ccc(cc2)C(F)(F)F)[C@@H](C)CN([C@H](C)CO)C(=O)c2cc(ccc2O1)NC(=O)Nc1c(noc1C)C,0,0.230310,0.024602,0.011634
C[C@@H]1CC[C@H](C(C)C)[C@H](C1)NC(=O)c1cccc2ccccc12,0,0.255833,0.472546,0.281796
CN(C)CCCN1c2ccccc2Sc2ccc(C(F)(F)F)cc21.Cl,0,0.996279,0.642310,0.690216
C[C@H]1CN([C@H](C)CO)C(=O)c2cc(cnc2O[C@H]1CN(C)S(=O)(=O)c1ccc(cc1)F)C#Cc1ccccc1,0,0.054417,0.039337,0.009966
CC(C)NC(=O)N(C)C[C@@H]1Oc2ccc(cc2CC(=O)N(C[C@@H]1C)[C@H](C)CO)NC(=O)CCC(F)(F)F,0,0.082643,0.284544,0.143117
C[C@H]1CN([C@H](C)CO)C(=O)c2cccc(c2O[C@H]1CN(C)S(=O)(=O)C)NS(=O)(=O)C,0,0.017896,0.022237,0.006227
O=C(OC1Cc2c(O)cc(O)cc2OC1c1cc(O)c(O)c(O)c1)c1cc(O)c(O)c(O)c1,0,0.701338,0.513556,0.263128
C[C@H]1CN([C@@H](C)CO)C(=O)c2cc(ccc2O[C@@H]1CN(C)S(=O)(=O)c1cn(cn1)C)NC(=O)c1ccncc1,0,0.006061,0.023292,0.004560
CC(C)NC(=O)Nc1ccc2c(c1)C(=O)N(C[C@@H](C)[C@@H](CN(C)S(=O)(=O)c1ccc(cc1)Cl)O2)[C@@H](C)CO,0,0.080121,0.023908,0.008756
COc1cccc(c1)C#Cc1cnc2c(c1)C(=O)N(C[C@H](C)[C@@H](CN(C)C(=O)C1CCC1)O2)[C@H](C)CO,0,0.034182,0.022056,0.005907
C[C@@H]1CCCCO[C@@H](CN(C)C)[C@H](C)CN([C@H](C)CO)C(=O)c2cc(ccc2O1)NC(=O)Nc1ccc(cc1)C(F)(F)F,0,0.668149,0.799024,0.783219
O=C1NC(=O)[C@@H](C#N)C2(CCCC2)[C@@H]1C#N,0,0.005413,0.129609,0.074431
C[C@@H]1CCCCO[C@@H](CN(C)C(=O)Nc2ccc(cc2)C(F)(F)F)[C@H](C)CN([C@H](C)CO)C(=O)c2cc(ccc2O1)NC(=O)Nc1c(noc1C)C,0,0.506362,0.098548,0.048932
NS(=O)(=O)c1cc2c(cc1Cl)N=CNS2(=O)=O,0,0.000000,0.072102,0.016711
COc1ccc(cc1)S(=O)(=O)N(C)C[C@H]1Oc2ncc(cc2C(=O)N(C[C@H]1C)[C@H](C)CO)/C=C/C,0,0.005459,0.023458,0.006207
CO[C@@H](CN(C)S(=O)(=O)c1cccc(c1)Cl)[C@H](C)CN([C@H](C)CO)S(=O)(=O)c1ccc(cc1)Cl,0,0.274926,0.123653,0.015202
C[C@H]1CCCCO[C@H](CN(C)C(=O)Nc2ccc3c(c2)OCO3)[C@@H](C)CN([C@H](C)CO)C(=O)c2cc(ccc2O1)NC(=O)Nc1ccccc1,0,0.010675,0.023096,0.004914
C[C@H]1CN([C@H](C)CO)C(=O)c2cccc(c2O[C@@H]1CN(C)S(=O)(=O)c1cn(cn1)C)NS(=O)(=O)c1ccc(cc1)Cl,0,0.051061,0.025891,0.007282
C[C@@H]1CN([C@H](C)CO)C(=O)c2cc(ccc2O[C@@H]1CN(C)CC1CC1)NS(=O)(=O)c1ccc(cc1)F,0,0.033345,0.027810,0.009462
C[C@@H]1CN([C@@H](C)CO)C(=O)c2c(c3ccccc3n2C)-c2ccccc2CO[C@@H]1CN(C)Cc1cccc(c1)O,0,0.039200,0.058722,0.026839
C[C@H]1CN([C@@H](C)CO)C(=O)c2cc(cnc2O[C@@H]1CN(C)S(=O)(=O)C)C#Cc1cccnc1,0,0.021654,0.023148,0.005158
CC1=NN(c2ccccc2)C(=O)C1,0,0.077134,0.054371,0.036418
C[C@@H]1CN([C@H](C)CO)C(=O)Cc2cc(ccc2O[C@H]1CN(C)C(=O)NC1CCCCC1)NC(=O)Cn1cnnn1,0,0.017388,0.028189,0.008598
CNC(=O)Nc1ccc(cc1)C(=O)NC,0,0.174886,0.098018,0.048046
CO[C@H]1CN(C)C(=O)c2ccc(cc2OC[C@@H](C)N(C[C@@H]1C)C(=O)CN(C)C)NC(=O)Nc1ccccc1,0,0.045008,0.025196,0.012214
FC1=CNC(=O)NC1=O,0,0.105900,0.384827,0.150105
COc1ccc(cc1)C(=O)NCC#N,0,0.002445,0.046021,0.021740
C[C@@H]1CN([C@H](C)CO)S(=O)(=O)c2ccc(cc2O[C@@H]1CN(C)Cc1cncnc1)-c1ccccc1F,0,0.027026,0.026109,0.006021
COc1cnc(c2n(cc(c12)C(=O)C(=O)N1CCN(CC1)C(=O)c1ccccc1)COP(=O)(O)O)-n1cnc(n1)C,0,0.000010,0.215658,0.197118
COc1ccc(cc1)S(=O)(=O)Nc1cccc2c1O[C@@H](CN(C)S(=O)(=O)c1ccccc1)[C@@H](C)CN([C@@H](C)CO)C2=O,0,0.012926,0.025300,0.008224
C[C@H]1CCCCO[C@H](CN(C)C(=O)C2CCCCC2)[C@H](C)CN([C@@H](C)CO)C(=O)c2cc(ccc2O1)NC(=O)Nc1ccc(cc1)C(F)(F)F,0,0.389396,0.143377,0.093279
COc1ccc(cc1C)S(=O)(=O)N(C)C[C@@H]1Oc2c(cccc2C(=O)N(C[C@H]1C)[C@@H](C)CO)NC(=O)Nc1cccc2ccccc12,0,0.047865,0.023191,0.005292
C[C@H]1CCCCO[C@@H](CN(C)Cc2ccccc2)[C@H](C)CN([C@@H](C)CO)C(=O)c2cc(ccc2O1)NC(=O)c1ccccc1,0,0.002747,0.024733,0.006362
C[C@H]1CN([C@@H](C)CO)C(=O)c2cccc(c2O[C@@H]1CN(C)S(=O)(=O)c1ccccc1)NC(=O)c1cc(nn1C)C,0,0.012179,0.023477,0.005282
NC[C@H]1O[C@H](O[C@@H]2[C@@H](N)C[C@@H](N)[C@H](O[C@H]3O[C@H](CO)[C@@H](O)[C@H](N)[C@H]3O)[C@H]2O)[C@H](N)[C@@H](O)[C@@H]1O,0,0.984637,0.883075,0.890306
CN1[C@H]2CC[C@@H](CC(=O)NCCc3ccncc3)O[C@@H]2COc2ccc(cc2C1=O)NS(=O)(=O)c1ccc(cc1)C,0,0.003724,0.028599,0.008728
C[C@@H]1CCCCO[C@@H](CN(C)S(=O)(=O)c2ccc(cc2)F)[C@@H](C)CN([C@H](C)CO)C(=O)c2cc(ccc2O1)NS(=O)(=O)C,0,0.016247,0.023562,0.006131
COc1ccc(cc1)S(=O)(=O)N1C[C@@H](O)COC[C@@H]2O[C@H](CC[C@H]21)CC(=O)NCc1ccc(c(c1)Cl)Cl,0,0.500351,0.029988,0.021098
COc1ccc(cc1)S(=O)(=O)Nc1ccc2c(c1)CC(=O)N(C[C@H](C)[C@H](CN(C)Cc1ccc(cc1)Oc1ccccc1)O2)[C@H](C)CO,0,0.000469,0.024104,0.005552
C[C@@H]1CN([C@H](C)CO)C(=O)Cc2cc(ccc2O[C@H]1CN(C)C(=O)Nc1cccc2ccccc12)NC(=O)Cc1cn(c2ccccc12)C,0,0.006449,0.023323,0.006784
C[C@@H]1CN([C@@H](C)CO)C(=O)CCCn2nncc2CO[C@@H]1CN(C)C(=O)Nc1ccnc(c1)N1CCOCC1,0,0.018157,0.026769,0.005722
NC(=O)c1cccnc1,0,0.016944,0.057685,0.028997
N#C[Fe-2](C#N)(C#N)(C#N)(C#N)N=O.O.O.[Na+].[Na+],0,0.000000,0.343109,0.097905
CN(C)CCOc1ccc(cn1)C#N,0,0.011408,0.076569,0.026747
NC1CCN(CC1)C(=O)N1CCCC1,0,0.247911,0.042478,0.016479
COC(=O)C[C@@H]1CC[C@@H]2[C@H](COC[C@H](O)CN2S(=O)(=O)c2cn(cn2)C)O1,0,0.126021,0.081354,0.009465
C[C@H]1CCCCO[C@@H](CN(C)C(=O)CCC(F)(F)F)[C@@H](C)CN([C@H](C)CO)C(=O)c2cc(ccc2O1)NS(=O)(=O)c1ccccc1,0,0.006481,0.025195,0.005805
OC[C@H]1O[C@@H](Oc2ccc(cc2)[C@@H]2CC(=O)c3ccc(cc3O2)O)[C@H](O)[C@@H](O)[C@@H]1O,0,0.250880,0.140507,0.085352
C[C@H]1CCCCO[C@H](CN(C)C(=O)Nc2ccccc2)[C@@H](C)CN([C@H](C)CO)C(=O)c2cc(ccc2O1)NC(=O)Nc1ccc2c(c1)OCO2,0,0.012623,0.023096,0.004890
COC(=O)C=CC(=O)OC,0,0.001616,0.044561,0.039065
Cc1cc(C(C)(C)C)cc(C)c1CC1=NCCN1.Cl,0,0.961009,0.684195,0.459163
C[C@H]1CN([C@H](C)CO)C(=O)c2cccc(c2O[C@H]1CN(C)Cc1ccc(c(c1)Cl)Cl)NS(=O)(=O)c1ccccc1,0,0.023267,0.027253,0.006567
OC/C=C/C(=O)O,0,0.001668,0.090693,0.059200
C[C@H]1CN([C@H](C)CO)S(=O)(=O)c2ccc(cc2O[C@H]1CN(C)C(=O)C1CCOCC1)-c1ccc(cc1)F,0,0.034894,0.028464,0.007454
Clc1ccc(cc1)CNC(=O)C[C@@H]1C/C=C/C[C@H](Cc2ccccc2)C(=O)N[C@@H](COC1=O)c1ccccc1,0,0.087504,0.102950,0.110656
C[C@H]1CN([C@H](C)CO)C(=O)Cc2cc(ccc2O[C@H]1CN(C)C(=O)Nc1c(noc1C)C)NC(=O)C1CC1,0,0.017718,0.023668,0.006383
COc1ccc(cc1)CN(C)C[C@@H]1OCCCC[C@@H](C)Oc2ccc(cc2C(=O)N(C[C@H]1C)[C@H](C)CO)NC(=O)CCC(F)(F)F,0,0.083960,0.026488,0.010026
C[C@@H]1CN([C@H](C)CO)C(=O)c2cc(ccc2O[C@@H]1CN(C)S(=O)(=O)c1c(noc1C)C)NC(=O)CCCN(C)C,0,0.025445,0.023882,0.005986
COc1cc(cc(c1OC)OC)Cc1cc2c(c(n1)CCc1ccccc1)[Si](O[C@H]2c1ccccc1)(C(C)C)C(C)C,1,0.084142,0.383321,0.208105
C[C@H]1CN([C@@H](C)CO)C(=O)c2cccc(c2O[C@@H]1CN(C)C(=O)Nc1cccc2ccccc12)NC(=O)Nc1cccc2ccccc12,0,0.041039,0.026079,0.015511
CCS(=O)(=O)CCn1c([N+](=O)[O-])cnc1C,0,0.992352,0.243167,0.146730
Nc1nc(nc2n(cnc12)[C@@H]1O[C@H](CO)[C@@H](O)[C@H]1O)Nc1ccccc1,0,0.502511,0.169851,0.134511
C[C@@H]1CN([C@H](C)CO)C(=O)Cc2cc(ccc2O[C@H]1CN(C)Cc1ccc(cc1)Oc1ccccc1)NC(=O)c1ccncc1,0,0.001079,0.022058,0.005211
C[C@H]1CN([C@@H](C)CO)C(=O)c2cc(ccc2O[C@H]1CN(C)Cc1ccc(c(c1)Cl)Cl)NC(=O)Nc1cccc2ccccc12,0,0.160985,0.159543,0.021520
OCCC12CC3CC(CC(C3)C2)C1,0,0.450026,0.115782,0.076798
CNC[C@H]1Oc2c(cccc2C(=O)N(C[C@@H]1C)[C@H](C)CO)NS(=O)(=O)c1cn(cn1)C,0,0.083233,0.023144,0.006152
COCC(=O)Nc1ccc2c(c1)C(=O)N(C)[C@H]1CC[C@H](CC(=O)N3CCc4ccccc4C3)O[C@H]1CO2,0,0.003246,0.023068,0.010286
C[C@H]1CN([C@@H](C)CO)C(=O)c2cc(ccc2O[C@@H]1CN(C)Cc1ccc(cc1)Oc1ccccc1)NC(=O)CCCN(C)C,0,0.019898,0.028022,0.009523
C[C@@H]1CN([C@H](C)CO)C(=O)Cc2cc(ccc2O[C@H]1CN(C)S(=O)(=O)c1ccc(cc1)C)NS(=O)(=O)c1cccs1,0,0.001526,0.023368,0.004860
C[C@@H]1CN([C@H](C)CO)S(=O)(=O)c2ccc(cc2O[C@@H]1CN(C)S(=O)(=O)c1cn(cn1)C)C#Cc1ccccc1,0,0.080676,0.027109,0.005395
COc1ccc(cc1)NC(=O)Nc1ccc2c(c1)CC(=O)N(C[C@@H](C)[C@H](CN(C)S(=O)(=O)C)O2)[C@H](C)CO,0,0.005655,0.027418,0.006663
C[C@@H]1CN([C@H](C)CO)S(=O)(=O)c2ccc(cc2O[C@H]1CN(C)S(=O)(=O)c1cccc(c1)F)C#CCN(C)C,0,0.231324,0.029096,0.008597
Cc1cccc(c1)S(=O)(=O)N1C[C@H](O)COC[C@H]2O[C@H](CC[C@@H]21)CC(=O)NCc1ccc2c(c1)OCO2,0,0.080966,0.025286,0.008359
C[C@H]1CCCCO[C@@H](CN(C)Cc2ccccc2)[C@@H](C)CN([C@H](C)CO)C(=O)c2cc(ccc2O1)NC(=O)Nc1ccccc1,0,0.012740,0.028830,0.008941
C[C@H]1CN([C@@H](C)CO)S(=O)(=O)c2ccc(cc2O[C@H]1CN(C)Cc1ccc(cc1)F)C#CC(C)(C)O,0,0.060618,0.043028,0.009045
c1ccc(cc1)-c1[nH]nc2ccccc12,0,0.376838,0.278040,0.268331
CC(C)c1noc(n1)CNC(=O)CN,0,0.049813,0.027297,0.009614
C[C@H]1CN([C@H](C)CO)C(=O)c2cc(ccc2O[C@H]1CN(C)S(=O)(=O)c1cn(cn1)C)NC(=O)C1CC1,0,0.011801,0.023264,0.004839
CC1=NN=C(Nc2ccccc2C)N(N)C1=O,0,0.949054,0.106971,0.075116
C[C@@H]1CN([C@H](C)CO)S(=O)(=O)c2ccc(cc2O[C@H]1CN(C)C(=O)c1ccncc1)C#CC1(O)CCCC1,0,0.009002,0.026461,0.004447
C[C@@H]1CN([C@@H](C)CO)C(=O)c2c(c3ccccc3n2C)-c2ccccc2CO[C@@H]1CN(C)C(=O)[C@H](C)c1ccccc1,0,0.020428,0.029040,0.014805
C[C@@H]1CCCCO[C@H](CN(C)C(=O)c2ccncc2)[C@@H](C)CN([C@H](C)CO)C(=O)c2cc(ccc2O1)NC(=O)NC1CCCCC1,0,0.002346,0.021973,0.004064
C[C@@H]1CCCCO[C@H](CN(C)Cc2ccccc2)[C@@H](C)CN([C@H](C)CO)C(=O)c2cc(ccc2O1)NS(=O)(=O)c1ccc(cc1)F,0,0.007491,0.024600,0.006724
C[C@H]1CCCCO[C@@H](CN(C)Cc2ccc(cc2)C(F)(F)F)[C@@H](C)CN([C@H](C)CO)C(=O)c2cc(ccc2O1)NS(=O)(=O)c1ccc(cc1)F,0,0.078365,0.026056,0.007633
CO[C@H]1CN(C)C(=O)c2cc(ccc2OC[C@H](C)N(C[C@H]1C)C(=O)Nc1c(noc1C)C)NC(=O)Nc1cccc(c1)Cl,0,0.105116,0.030769,0.012569
O=C1NC(=O)C(=O)C(=O)N1,0,0.000298,0.167503,0.091243
CC(COc1ccccc1)NC(C)C(O)c1ccc(O)cc1.Cl,0,0.203639,0.154315,0.171861
CC(C)NC(=O)Nc1ccc2c(c1)CC(=O)N(C[C@@H](C)[C@H](CN(C)S(=O)(=O)c1ccc(cc1)C)O2)[C@@H](C)CO,0,0.008404,0.025393,0.006106
CCCN(C)C[C@H]1Oc2cc(ccc2S(=O)(=O)N(C[C@H]1C)[C@@H](C)CO)C#Cc1ccc(cc1)OC,0,0.243039,0.039444,0.014178
Cc1cccnc1[C@@H](NC(=O)C1CCN(CCOc2ccc(cc2Cl)Cl)CC1)c1ccc(cc1)Cl,1,0.931086,0.897933,0.946839
CCc1nc2n(n1)C(=O)C=C(C)N2,0,0.021416,0.042261,0.018381
O[C@H]1C=C2[C@@H](NC(=O)c3c(c4c(cc32)OCO4)O)[C@H](O)[C@@H]1O,0,0.019100,0.176905,0.105861
C[C@H]1CN([C@H](C)CO)C(=O)Cc2cc(ccc2O[C@H]1CN(C)Cc1ccc2c(c1)OCO2)NC(=O)C1CC1,0,0.007771,0.023069,0.006529
C[C@@H]1CN([C@H](C)CO)C(=O)Cc2cc(ccc2O[C@@H]1CN(C)C(=O)Nc1ccccc1)NS(=O)(=O)c1cn(cn1)C,0,0.009024,0.023292,0.004016
C[C@H]1CN([C@@H](C)CO)C(=O)c2cc(cnc2O[C@@H]1CN(C)Cc1ccc2c(c1)OCO2)C#CCN(C)C,0,0.072417,0.024934,0.009619
Cl.c1ccc2c(c1)CCCC2C1=NCCN1,0,0.410619,0.386962,0.160771
CCCC#Cc1cnc2c(c1)C(=O)N(C[C@H](C)[C@@H](CN(C)S(=O)(=O)c1cn(cn1)C)O2)[C@H](C)CO,0,0.080546,0.024912,0.006578
OC(=O)c1cccc(c1O)O,0,0.188022,0.079579,0.073051
COCCNC(=O)C[C@@H]1C[C@H]2[C@H](Oc3ccc(cc32)NC(=O)Nc2ccc(cc2)C(F)(F)F)[C@H](CO)O1,0,0.632131,0.179281,0.097014
CCCCCCCCCCCCCCCCCCCC(=O)N[C@H]1CC[C@@]2(C)[C@H](C[C@@H](O)[C@H]3[C@@H]4CC[C@H]([C@H](C)CCC(=O)O)[C@@]4(C)[C@@H](O)C[C@@H]32)C1,0,0.999943,0.114550,0.076493
C[C@H]1CN([C@@H](C)CO)C(=O)Cc2cc(ccc2O[C@@H]1CN(C)S(=O)(=O)C)NC(=O)Nc1ccc2c(c1)OCO2,0,0.003000,0.024942,0.006547
CCC(C)(C)C(=O)C(=O)N1CCCC[C@H]1C(=O)O[C@H](CCc1ccc(c(c1)OC)OC)c1ccccc1NC(=O)C=C,0,0.500444,0.055251,0.040279
C[C@@H]1CCCCO[C@H](CN(C)Cc2ccncc2)[C@@H](C)CN([C@H](C)CO)C(=O)c2cc(ccc2O1)NC(=O)Nc1ccccc1,0,0.008062,0.021924,0.004035
C[C@H]1CCCCO[C@H](CN(C)C(=O)Nc2ccc(cc2)C(F)(F)F)[C@@H](C)CN([C@H](C)CO)C(=O)c2cc(ccc2O1)NC(=O)c1ccncc1,0,0.126640,0.025083,0.012065
C[C@H]1CN([C@@H](C)CO)C(=O)c2cccc(c2O[C@@H]1CN(C)Cc1ccc(cc1)-c1ccccc1)NC(=O)Nc1ccc2c(c1)OCO2,0,0.015611,0.026651,0.007841
C[C@H]1CN([C@H](C)CO)C(=O)c2cc(ccc2O[C@H]1CN(C)C(=O)NC1CCCCC1)NS(=O)(=O)c1cn(cn1)C,0,0.048565,0.023854,0.004867
C[C@@H]1CN([C@H](C)CO)C(=O)c2cccc(c2O[C@@H]1CN(C)C(=O)Nc1ccccc1)NS(=O)(=O)c1cn(cn1)C,0,0.063917,0.022986,0.005421
OCc1ccc2c(c1)N(CC(F)(F)F)C(=O)[C@]1(CC(=O)N(CC34CC5CC(CC(C5)C4)C3)[C@H]21)c1ccc(cc1)[N+](=O)[O-],0,0.613057,0.430300,0.347336
OC[C@@H]1O[C@H](CC[C@@H]1NC(=O)Cc1ccccn1)CC(=O)NCCCN1CCOCC1,0,0.005766,0.023495,0.012233
C[C@H]1CCCCO[C@H](CN(C)S(=O)(=O)C)[C@@H](C)CN([C@H](C)CO)C(=O)c2cc(ccc2O1)NC(=O)c1ccncc1,0,0.001750,0.023342,0.004203
COc1ccc2c(=O)c(OC)c(-c3ccccc3)oc2c1,0,0.056345,0.363905,0.377230
OC[C@@H]1O[C@H](C[C@@H]2[C@H]1Oc1ccc(cc12)NC(=O)c1ccc2c(c1)OCO2)CC(=O)NCc1ccc(cc1)Oc1ccccc1,0,0.002053,0.024850,0.013245
CC1=C2C(=Cc3ccccc32)OC(=C1)c1ccccc1,0,0.416867,0.222405,0.230489
CN(C)c1nc(nc(n1)Cn1ccnc1)N,0,0.229993,0.060862,0.022283
CN1C(=O)[C@@H](O)N(C1=O)c1ccccc1,0,0.029747,0.107762,0.072497
C[C@@H]1CCCCO[C@@H](CN(C)S(=O)(=O)c2ccccc2)[C@@H](C)CN([C@H](C)CO)C(=O)c2cc(ccc2O1)NC(=O)Nc1c(noc1C)C,0,0.005106,0.023331,0.004379
COc1ccc(cc1)S(=O)(=O)N(C)C[C@@H]1Oc2ccc(cc2CC(=O)N(C[C@@H]1C)[C@@H](C)CO)N(C)C,0,0.012024,0.028144,0.009367
C[C@H]1CN([C@@H](C)CO)C(=O)c2cc(ccc2O[C@@H]1CN(C)S(=O)(=O)c1ccc(cc1)F)NS(=O)(=O)c1c(noc1C)C,0,0.018361,0.026149,0.009754
CCOC(=O)N[C@H]1CCS(=O)(=O)C1,0,0.000001,0.073265,0.048649
C[C@@H]1CCCCO[C@H](CN(C)C(=O)Nc2ccc(cc2)C(F)(F)F)[C@@H](C)CN([C@@H](C)CO)C(=O)c2cc(ccc2O1)NS(=O)(=O)c1ccccc1,0,0.068195,0.041057,0.009852
C[C@@H]1CCCCO[C@@H](CN(C)C(=O)Nc2ccccc2)[C@H](C)CN([C@H](C)CO)C(=O)c2cc(ccc2O1)NS(=O)(=O)c1ccc(cc1)Cl,0,0.012198,0.023858,0.004516
OC[C@H]1O[C@@H](C[C@H]2[C@@H]1Oc1ccc(cc12)NC(=O)Nc1ccc(cc1)C(F)(F)F)CC(=O)N1CCc2ccccc2C1,0,0.135736,0.218842,0.189459
C[C@H]1CN([C@H](C)CO)C(=O)Cc2cc(ccc2O[C@@H]1CN(C)S(=O)(=O)c1ccc(cc1)C)NS(=O)(=O)c1ccc(cc1)F,0,0.005029,0.023113,0.006772
NC(=N)NO,0,0.000175,0.107382,0.054822
C[C@@H]1CN([C@@H](C)CO)C(=O)Cc2cc(ccc2O[C@H]1CN(C)S(=O)(=O)c1cn(cn1)C)NC(=O)Nc1c(noc1C)C,0,0.010939,0.023512,0.004775
C[C@H]1CN([C@H](C)CO)C(=O)c2cccc(c2O[C@@H]1CN(C)Cc1ccc(cc1)Oc1ccccc1)NS(=O)(=O)c1ccc(cc1)C,0,0.002840,0.033066,0.005948
OC[C@@H]1O[C@@H](C[C@@H]2[C@H]1Oc1ccc(cc12)NC(=O)C1CCOCC1)CC(=O)NCc1ccc(cc1)Cl,0,0.250951,0.052306,0.058727
C[C@H]1CN([C@H](C)CO)C(=O)c2cc(ccc2O[C@@H]1CN(C)S(=O)(=O)c1ccc(cc1)C)NC(=O)c1ccncc1,0,0.004009,0.023297,0.004076
CN(C)CC(c1ccc(O)cc1)C1(O)CCCCC1.O=C(O)CCC(=O)O,0,0.794799,0.631842,0.580718
COc1ccccc1S(=O)(=O)N[C@@H]1C=C[C@H](CC(=O)N2CCOCC2)O[C@@H]1CO,0,0.008706,0.039726,0.008884
COc1ccccc1O,0,0.249465,0.138160,0.050504
O[C@H]1CNC[C@@H]1N1CCCCC1,0,0.523544,0.050746,0.018470
C[C@@H]1CN([C@@H](C)CO)C(=O)CCCn2nncc2CO[C@H]1CN(C)C(=O)C1CC1,0,0.018576,0.023552,0.005172
COc1cccc(c1)CNC(=O)C[C@@H]1CC[C@H]2[C@@H](COC[C@H](O)CN2S(=O)(=O)c2ccc(cc2)C)O1,0,0.157930,0.026848,0.012362
C[C@H]1CN([C@@H](C)CO)C(=O)c2cccc(c2O[C@H]1CN(C)C(=O)Nc1ccc(cc1)C(F)(F)F)NC(=O)c1nc2ccccc2s1,0,0.579039,0.276328,0.205424
CCC(=O)OC1(C(=O)CCl)C(C)CC2C3CCC4=CC(=O)C=CC4(C)C3(F)C(O)CC21C,0,0.543685,0.439242,0.143554
C[C@H]1CN([C@H](C)CO)C(=O)c2cc(ccc2O[C@H]1CN(C)S(=O)(=O)C)NC(=O)Nc1ccc2c(c1)OCO2,0,0.010485,0.025703,0.008837
NC[C@@](O)(C1CC1)c1cccs1,0,0.118209,0.059338,0.034220
C[C@@H](N)Cc1ccc(cc1)O,0,0.051047,0.043433,0.040214
C[C@@H]1CN([C@H](C)CO)C(=O)c2cc(cnc2O[C@@H]1CN(C)C(=O)C1CCOCC1)/C=C/c1ccccc1,0,0.009506,0.023160,0.006879
CCOCCOCCOc1oc(c(c1S(=O)(=O)c1ccc(cc1)Cl)-c1ccc(cc1)Cl)C(=O)NC1CCCCC1,0,0.286401,0.652850,0.448946
C[C@@H]1CN([C@H](C)CO)C(=O)Cc2cc(ccc2O[C@H]1CN(C)Cc1ccccc1)NC(=O)Cn1cnnn1,0,0.024302,0.024668,0.008984
COc1ccc(cc1)S(=O)(=O)Nc1ccc2c(c1)C(=O)N(C[C@@H](C)[C@@H](CN(C)Cc1ccc(cc1)Oc1ccccc1)O2)[C@@H](C)CO,0,0.001410,0.024426,0.006678
C[C@H]1CN([C@H](C)CO)C(=O)Cc2cc(ccc2O[C@H]1CN(C)Cc1ccc(cc1)C(F)(F)F)NC(=O)Nc1ccc2c(c1)OCO2,0,0.030848,0.061222,0.029415
NC1CCC(CC1)N[C@@H]1C[C@H]1c1ccccc1,0,0.121991,0.580541,0.333807
CC(=O)O[C@@H]1[C@@H]2OC(=O)[C@H](OC(=O)C)[C@@H]2O[C@H]1N1C=CC(=O)NC1=O,0,0.024614,0.166493,0.240801
O=C1N[C@@H](C(=O)N1)c1ccccc1,0,0.123960,0.268390,0.158026
C[C@@H]1CN([C@H](C)CO)S(=O)(=O)c2ccc(cc2O[C@H]1CN(C)S(=O)(=O)C)-c1ccccc1F,0,0.024970,0.025616,0.007519
C[C@H]1CN([C@H](C)CO)C(=O)Cc2cc(ccc2O[C@@H]1CN(C)C(=O)Nc1c(noc1C)C)NC(=O)Cn1cnnn1,0,0.035646,0.026126,0.008296
C[C@@H]1CN([C@H](C)CO)C(=O)Cc2cc(ccc2O[C@@H]1CN(C)C(=O)Nc1ccc2c(c1)OCO2)NC(=O)Nc1cccc2ccccc12,0,0.004614,0.020934,0.004894
OC[C@H]1O[C@H](C[C@H]2[C@@H]1Oc1ccc(cc12)NC(=O)C1CCOCC1)CC(=O)NCCN1CCCCC1,0,0.321294,0.023469,0.013559
C[C@H]1CN([C@H](C)CO)C(=O)c2cccc(c2O[C@H]1CN(C)C(=O)Nc1ccc(cc1)C(F)(F)F)NC(=O)c1nc2ccccc2s1,0,0.579039,0.276328,0.205424
C[C@H]1CCCCO[C@@H](CN(C)S(=O)(=O)c2ccc(cc2)F)[C@H](C)CN([C@@H](C)CO)C(=O)c2cc(ccc2O1)NS(=O)(=O)c1ccc(cc1)Cl,0,0.019506,0.023670,0.006072
C[C@H]1CCCCO[C@H](CN(C)S(=O)(=O)c2ccc(cc2)C)[C@H](C)CN([C@H](C)CO)C(=O)c2cc(ccc2O1)NS(=O)(=O)c1ccc(cc1)C,0,0.003529,0.025656,0.004816
C[C@@H]1CN([C@H](C)CO)S(=O)(=O)c2ccc(cc2O[C@H]1CN(C)S(=O)(=O)C)C#CCN(C)C,0,0.087681,0.022496,0.007824
C[C@H]1CN([C@@H](C)CO)C(=O)Cc2cc(ccc2O[C@@H]1CN(C)Cc1ccc(cc1)C(F)(F)F)NC(=O)NC1CCCCC1,0,0.101239,0.065784,0.033477
COc1ccc(cc1)CN(C)C[C@@H]1Oc2c(cccc2C(=O)N(C[C@H]1C)[C@H](C)CO)NS(=O)(=O)c1cn(cn1)C,0,0.034284,0.023656,0.004136
O=C1C[C@H]([C@H](N1C(=O)OCc1ccccc1)C(=O)Nc1cccc2cccnc12)c1ccc(cc1)-c1ccccc1,0,0.079097,0.135441,0.168792
OC[C@H]1OC(=O)[C@H](O)[C@@H](O)[C@@H]1O,0,0.007628,0.073773,0.027810
OC[C@H]1O[C@@H](CC[C@H]1NC(=O)CN1CCOCC1)CC(=O)NCCc1ccccc1,0,0.008779,0.024438,0.009025
C[C@@H]1CN([C@H](C)CO)C(=O)c2cc(ccc2O[C@@H]1CN(C)S(=O)(=O)C)NS(=O)(=O)c1ccccc1,0,0.005827,0.025059,0.008323
C[C@H]1CN([C@H](C)CO)C(=O)c2cccc(c2O[C@H]1CN(C)S(=O)(=O)c1cccs1)NS(=O)(=O)c1ccc(cc1)F,0,0.008542,0.032787,0.010386
OC(=O)c1cccc(c1)-c1ccco1,0,0.261723,0.075605,0.052557
CC1COC2=C1C(=O)C(=O)c1c2ccc2c1CCCC2(C)C,1,0.614453,0.396922,0.476267
C[C@H]1CCCCO[C@@H](CN(C)S(=O)(=O)c2ccc(cc2)F)[C@H](C)CN([C@@H](C)CN=[N+]=[N-])C(=O)c2cc(ccc2O1)NC(=O)Nc1ccccc1,0,0.177893,0.025001,0.010114
OCCOc1ccccc1[C@@H]1N2[C@H]([C@H](C(=O)NCC=C)[C@@]11C(=O)Nc3ccc(cc31)C#CC1(O)CCCCCC1)C(=O)O[C@H]([C@H]2c1ccccc1)c1ccccc1,0,0.660560,0.077019,0.057397
COc1ccc(cc1)CN(C)C[C@@H]1Oc2ccc(cc2C(=O)N(C[C@H]1C)[C@@H](C)CO)NC(=O)Nc1cccc2ccccc12,0,0.018775,0.028662,0.011246
C[C@@H]1CN([C@@H](C)CO)C(=O)Cc2cc(ccc2O[C@H]1CN(C)Cc1ccc(cc1)C(=O)Nc1ccccc1N)NS(=O)(=O)C,0,0.001146,0.024054,0.004182
C[C@H]1CCCCO[C@H](CN(C)Cc2ccccc2)[C@H](C)CN([C@@H](C)CO)C(=O)c2cc(ccc2O1)NS(=O)(=O)c1ccccc1,0,0.001947,0.024926,0.005518
C[C@@H]1CN([C@H](C)CO)S(=O)(=O)c2ccc(cc2O[C@H]1CN(C)Cc1ccccc1)C#Cc1ccccn1,0,0.042808,0.031910,0.008895
C[C@H]1CN([C@@H](C)CO)C(=O)c2cc(cnc2O[C@@H]1CN(C)C(=O)c1cnccn1)C#CCC1CCCC1,0,0.156389,0.026079,0.008520
NC1=NNC(=O)C1,0,0.010636,0.034868,0.019258
CO[C@H]1CN(C)C(=O)c2cc(ccc2OC[C@H](C)N(C[C@H]1C)Cc1ccc(cc1)-c1ccccn1)NC(=O)NC(C)C,0,0.012969,0.030917,0.019012
CO[C@H]1CC[C@@H]2[C@H]1OCCN2C(=O)N(C)C,0,0.008399,0.029482,0.010469
COc1ccc(cc1)S(=O)(=O)Nc1ccc2c(c1)C(=O)N(C[C@@H](C)[C@@H](CN(C)Cc1ccncc1)O2)[C@@H](C)CO,0,0.001635,0.023328,0.004843
C[C@@H]1COC(=O)[C@@H](CC=CC[C@@H](CC(=O)N[C@@H](CO)Cc2ccccc2)C(=O)N1)CC(=O)OC(C)(C)C,0,0.010743,0.021100,0.015408
Cc1ccc2c([nH]nc2n1)N,0,0.031939,0.046377,0.020474
C[C@H]1CN([C@H](C)CO)C(=O)c2cc(ccc2O[C@@H]1CN(C)C(=O)Nc1cccc2ccccc12)NS(=O)(=O)c1cccs1,0,0.012872,0.024534,0.005794
Cc1cccc(n1)CO,0,0.008094,0.038567,0.017000
C[C@@H]1OC(=O)C[C@H](O)C[C@H](O)CC[C@H](O)[C@H](O)C[C@H](O)C[C@]2(O)C[C@@H](O)[C@@H]([C@@H](C[C@H](O[C@H]3O[C@H](C)[C@@H](O)[C@H](N)[C@@H]3O)/C=C\C=C/C=C\C=C/C=C\C=C/C=C\[C@H](C)[C@H](O)[C@@H]1C)O2)C(=O)O,0,0.015812,0.748730,0.342116
COc1ccc(cc1)S(=O)(=O)Nc1ccc2c(c1)C(=O)N(C[C@H](C)[C@@H](CN(C)C(=O)C1CCCCC1)OCCCC[C@@H](C)O2)[C@@H](C)CO,0,0.003878,0.024265,0.004382
COc1cc2ccc(=O)oc2c2ccoc12,0,0.023833,0.080038,0.060275
CNCCCN1c2ccccc2CCc2ccccc21.Cl,0,0.931828,0.570262,0.368751
CC(C)(C)[S@@](=O)N1Cc2cc(nc(c2[C@H]1CCO)-c1cccc(c1)-c1ccncc1)C(=O)N1CCc2ccccc2C1,0,0.002295,0.128577,0.062225
Cc1ccc(cc1)[C@@H](N)c1ccncc1,0,0.624834,0.209379,0.167335
C[C@@H]1CN([C@H](C)CO)C(=O)Cc2cc(ccc2O[C@@H]1CN(C)Cc1ccc2c(c1)OCO2)NC(=O)CCN1CCOCC1,0,0.001555,0.023773,0.005455
C[C@H]1CN([C@@H](C)CO)C(=O)c2cccc(c2O[C@@H]1CN(C)S(=O)(=O)c1cccs1)NS(=O)(=O)C,0,0.010751,0.025152,0.006660
C[C@H]1CCCCO[C@@H](CN(C)C(=O)Nc2ccc3c(c2)OCO3)[C@@H](C)CN([C@@H](C)CO)C(=O)c2cc(ccc2O1)NC(=O)Nc1ccc(cc1)F,0,0.039907,0.021550,0.005001
NC1(CCCC1)c1ccccc1F,0,0.755323,0.495447,0.330141
Cc1noc(c1C(=O)N1C[C@@H]2CCN[C@@H]2C1)C,0,0.018392,0.030786,0.010085
C[C@@H]1CN([C@@H](C)CO)C(=O)c2cc(ccc2O[C@@H]1CN(C)S(=O)(=O)c1c(noc1C)C)NS(=O)(=O)c1ccc(cc1)F,0,0.020437,0.025957,0.009396
C[C@@H]1CN([C@H](C)CO)C(=O)Cc2cc(ccc2O[C@H]1CN(C)Cc1ccc(cc1)C(=O)Nc1ccccc1N)NC(=O)Nc1c(noc1C)C,0,0.006575,0.025829,0.005028
C[C@H]1CN([C@H](C)CO)C(=O)c2cc(ccc2O[C@@H]1CN(C)Cc1ccc2c(c1)OCO2)NS(=O)(=O)c1cn(cn1)C,0,0.008372,0.024002,0.005078
C[C@@H]1CN([C@@H](C)CO)C(=O)c2cccc(c2O[C@H]1CN(C)C(=O)Nc1ccc2c(c1)OCO2)NS(=O)(=O)c1cn(cn1)C,0,0.020288,0.023599,0.004479
COc1ccc2cc(ccc2c1)S(=O)(=O)N[C@H](CC(=O)N[C@H](Cc1ccc(cc1)CN1[C@H](C)CCC[C@@H]1C)C(=O)N(C)C(C)C)c1ccc2c(c1)OCO2,0,0.036106,0.033274,0.008992
Cl.N=C(N)NC(=N)N1CCOCC1,0,0.009843,0.254316,0.066554
C[C@H]1CCCCO[C@@H](CN(C)C(=O)Nc2c(noc2C)C)[C@@H](C)CN([C@H](C)CO)C(=O)c2cc(ccc2O1)NC(=O)Nc1ccccc1,0,0.032814,0.023099,0.005566
OCCN(CCO)c1nc(N2CCCCC2)c2nc(N(CCO)CCO)nc(N3CCCCC3)c2n1,0,0.728942,0.094105,0.040011
O[C@H]1COC[C@@H]2O[C@@H](CC[C@H]2N(C1)S(=O)(=O)c1ccc(cc1)Oc1ccccc1)CC(=O)NCCN1CCCCC1,0,0.264447,0.049191,0.012163
C[C@H]1CN([C@H](C)CO)C(=O)Cc2cc(ccc2O[C@H]1CN(C)Cc1ccncc1)NC(=O)Nc1ccc(cc1)C(F)(F)F,0,0.095580,0.091025,0.051539
C[C@H]1C/C=C/[C@H]2[C@H](O)C(=C)[C@@H](C)[C@H]3[C@H](Cc4ccccc4)NC(=O)[C@@]23[C@H](OC(=O)C)/C=C/[C@](C)(O)C1=O,0,0.296765,0.250203,0.319270
COc1ccc(cc1)NC(=O)Nc1ccc2c(c1)C(=O)N(C[C@@H](C)[C@H](CN(C)CC1CCCCC1)OCCCC[C@@H](C)O2)[C@@H](C)CO,0,0.065884,0.030183,0.009476
CNC[C@@H]1OCCCC[C@@H](C)Oc2ccc(cc2C(=O)N(C[C@H]1C)[C@H](C)CO)NC(=O)Nc1cccc2ccccc12,0,0.073779,0.040628,0.021357
C[C@H]1CCCCO[C@H](CN(C)C(=O)NC2CCCCC2)[C@H](C)CN([C@H](C)CO)C(=O)c2cc(ccc2O1)NS(=O)(=O)c1ccc(cc1)C,0,0.006145,0.023350,0.004605
C[C@H]1CN([C@H](C)CO)S(=O)(=O)c2ccc(cc2O[C@@H]1CN(C)Cc1ccccn1)C#CCN(C)C,0,0.039424,0.025771,0.010381
Clc1cccc(c1)Cc1cn2cc(nc2s1)-c1ccccc1,0,0.466801,0.465772,0.381200
C[C@H]1CN([C@@H](C)CO)C(=O)c2cc(ccc2O[C@H]1CN(C)C(=O)Nc1ccc2c(c1)OCO2)NS(=O)(=O)c1c(noc1C)C,0,0.006825,0.025059,0.006368
C[C@@H]1CCCCO[C@@H](CN(C)C(=O)C2CCCCC2)[C@H](C)CN([C@@H](C)CO)C(=O)c2cc(ccc2O1)NC(=O)Nc1ccc(cc1)F,0,0.073386,0.027721,0.008580
C[C@H]1CN([C@@H](C)CO)C(=O)c2cc(ccc2O[C@@H]1CN(C)Cc1ccc(c(c1)Cl)Cl)NC(=O)NC1CCCCC1,0,0.153060,0.035763,0.013342
O=C1NC(=O)C2=C(N1)NC(=O)N2,0,0.783162,0.148349,0.113305
OC[C@H]1O[C@H](CC(=O)NCCCN2CCOCC2)C=C[C@H]1NC(=O)Nc1cc(ccc1F)F,0,0.345139,0.359533,0.260840
C[C@@H]1CCCCO[C@@H](CN(C)C(=O)Nc2ccc(cc2)F)[C@H](C)CN([C@H](C)CO)C(=O)c2cc(ccc2O1)NC(=O)Nc1ccccc1,0,0.063483,0.021843,0.005383
COc1ccc(cc1)S(=O)(=O)N(C)C[C@@H]1Oc2cc(ccc2S(=O)(=O)N(C[C@H]1C)[C@@H](C)CO)C1=CCCC1,0,0.007647,0.024657,0.005282
CCC(=O)Nc1ccc2c(c1)C(=O)N(C)C[C@@H](OC)[C@H](C)CN(Cc1ccc(cc1)-c1ccccn1)[C@H](C)CO2,0,0.004477,0.037589,0.010172
C[C@@H]1CN([C@H](C)CO)C(=O)c2cccc(c2O[C@H]1CN(C)C(=O)NC1CCCCC1)NC(=O)c1ccc(cc1)-c1nccs1,0,0.034170,0.025268,0.005306
C[C@H]1CN([C@H](C)CO)C(=O)c2cccc(c2O[C@@H]1CN(C)C(=O)Nc1cccc2ccccc12)NC(=O)Nc1ccc2c(c1)OCO2,0,0.031422,0.025270,0.010694
CC(C)C[C@@H]1NC(=O)[C@@H]2C[C@@H]([C@@H](N2C1=O)c1ccc(cc1)O)C(=O)OCCOc1ccc(cc1)[C@H]1N2[C@@H]([C@@H](C(=O)OCC=C)[C@]11C(=O)Nc3ccc(cc31)I)C(=O)O[C@@H]([C@@H]2c1ccccc1)c1ccccc1,0,0.258424,0.158113,0.015024
CC(C)(C)OC(=O)C[C@H]1CC=CC[C@@H](CC(=O)N[C@H](CO)Cc2ccccc2)C(=O)N2CCC[C@@H]2COC1=O,0,0.009112,0.022732,0.016117
NNC(=O)c1ccc2c(c1)C(=O)NNC2=O,0,0.754832,0.116011,0.081846
C[C@H]1CN([C@@H](C)CO)C(=O)c2cccc(c2O[C@@H]1CN(C)Cc1ccc(cc1)C(=O)Nc1ccccc1N)NC(=O)C1CCCCC1,0,0.009687,0.030423,0.009307
CC(C)CC#Cc1ccc2c(c1)O[C@H](CN(C)C(=O)Cc1ccncc1)[C@H](C)CN([C@@H](C)CO)S2(=O)=O,0,0.060392,0.026159,0.005453
COc1ccc2c3c(n(c2c1)C)[C@H](CO)N(C[C@]13CN(C1)S(=O)(=O)c1ccc(cc1)C)S(=O)(=O)c1ccc(cc1)C,0,0.012427,0.032240,0.013750
COc1cccc(c1)C#Cc1ccc(cc1)[C@@H]1[C@H](CO)N2[C@H]1CN(CC2=O)S(=O)(=O)c1ccccc1C,0,0.221471,0.035641,0.019732
CC(C)NC(=O)Nc1ccc2c(c1)C(=O)N(C[C@H](C)[C@@H](CN(C)Cc1ccc3c(c1)OCO3)O2)[C@@H](C)CO,0,0.018318,0.025693,0.008959
C[C@@H]1CN([C@H](C)CO)C(=O)c2cccc(c2O[C@@H]1CN(C)C(=O)Nc1cccc2ccccc12)NC(=O)C1CCCCC1,0,0.029879,0.026051,0.016398
O[C@H]1[C@H](O)[C@H]2CO[C@@H](O2)[C@@H]1O,0,0.060084,0.100073,0.055658
CN1[C@H]2CC[C@H](CC(=O)N3CCOCC3)O[C@@H]2COc2ccc(cc2C1=O)NC(=O)c1ccc(c(c1)F)F,0,0.020621,0.157985,0.168904
COc1ccc(cc1)S(=O)(=O)N(C)C[C@@H]1Oc2c(cccc2C(=O)N(C[C@@H]1C)[C@@H](C)CO)N(C)C,0,0.018052,0.029239,0.013633
C[C@@H]1CCCCO[C@@H](CN(C)C(=O)Nc2ccc3c(c2)OCO3)[C@@H](C)CN([C@H](C)CO)C(=O)c2cc(ccc2O1)NC(=O)Cc1ccccc1,0,0.004783,0.023168,0.004072
C[C@H]1CN([C@@H](C)CO)C(=O)c2cc(ccc2O[C@H]1CN(C)Cc1ccc(cc1)Oc1ccccc1)NC(=O)Nc1ccccc1,0,0.008189,0.027217,0.016072
C[C@H]1CCCCO[C@@H](CN(C)C(=O)NC2CCCCC2)[C@H](C)CN([C@@H](C)CO)C(=O)c2cc(ccc2O1)NC(=O)NC1CCCCC1,0,0.010645,0.024799,0.007224
CCN1C[C@]2(C)CC[C@H](O)[C@@]34[C@@H]5C[C@H]6[C@H](O)[C@@H]5[C@](O)(C[C@@H]6OC)[C@](O)([C@@H](OC)[C@H]23)[C@@H]14,0,0.054969,0.262034,0.120359
C[C@@H]1CN([C@@H](C)CO)C(=O)CCCn2cc(nn2)CO[C@@H]1CN(C)S(=O)(=O)c1ccc(cc1)Cl,0,0.050736,0.026371,0.009219
C[C@@H]1CN([C@@H](C)CO)C(=O)c2cccc(c2O[C@@H]1CN(C)Cc1ccc(cc1)C(=O)Nc1ccccc1N)NS(=O)(=O)c1cn(cn1)C,0,0.012048,0.025343,0.004528
COc1cc(OC)c(C(=O)CCCN2CCCC2)c(OC)c1.Cl,0,0.940916,0.237424,0.227746
CC1(C)OC(=O)C2([C@H](CC(=O)C[C@H]2c2ccc(cc2)Br)c2ccc(cc2)Br)C(=O)O1,0,0.999494,0.406492,0.367622
CS(=O)(=O)N1CCN2C[C@@H](CN(C[C@@H]2C1)Cc1ccoc1)C(=O)O,0,0.000093,0.030463,0.013204
C[C@@H]1CN([C@@H](C)CO)C(=O)Cc2cc(ccc2O[C@H]1CN(C)S(=O)(=O)C)NS(=O)(=O)C,0,0.003135,0.023326,0.006609
C[C@H]1CN([C@@H](C)CO)C(=O)c2cccc(c2O[C@H]1CN(C)C(=O)Nc1ccccc1)NC(=O)C1CCOCC1,0,0.038424,0.023747,0.006538
C[C@@H]1CN([C@@H](C)CO)C(=O)CCCn2nncc2CO[C@H]1CN(C)C(=O)Oc1ccc2ccccc2c1,0,0.170755,0.027978,0.022292
Cc1cc(nn1CC(=O)N1CCOCC1)[N+](=O)[O-],0,0.974981,0.243398,0.133660
C[C@H]1CCCCO[C@@H](CN(C)Cc2ccncc2)[C@H](C)CN([C@@H](C)CO)C(=O)c2cc(ccc2O1)NC(=O)CCC(F)(F)F,0,0.036813,0.072652,0.050205
COc1ccc(cc1)S(=O)(=O)N[C@@H]1C=C[C@@H](CC(=O)N2CCN(CC2)c2ccccc2)O[C@@H]1CO,0,0.010968,0.028232,0.015088
COc1ccc(cc1)CNC(=O)C[C@H]1C[C@H]2[C@H](Oc3ccc(cc32)NC(=O)NC2CCCC2)[C@H](CO)O1,0,0.103783,0.034959,0.017639
C[C@@H]1CN([C@@H](C)CO)C(=O)Cc2cc(ccc2O[C@H]1CN(C)Cc1ccc(c(c1)Cl)Cl)NC(=O)Nc1cccc2ccccc12,0,0.123508,0.030628,0.007426
C[C@H]1CN([C@H](C)CO)C(=O)c2cc(ccc2O[C@@H]1CN(C)Cc1ccc(cc1)C(=O)Nc1ccccc1N)NC(=O)Nc1ccc(cc1)C(F)(F)F,0,0.207695,0.026224,0.013962
C[C@H]1CN([C@H](C)CO)C(=O)c2cccc(c2O[C@H]1CN(C)S(=O)(=O)c1cn(cn1)C)NC(=O)NC1CCCCC1,0,0.038821,0.023019,0.004900
COc1ccc2c(C)cc(=O)oc2c1,0,0.180317,0.080490,0.032981
C[C@H]1CCCCO[C@@H](CN(C)S(=O)(=O)c2ccccc2)[C@H](C)CN([C@H](C)CO)C(=O)c2cc(ccc2O1)NS(=O)(=O)c1cn(cn1)C,0,0.007806,0.023319,0.004520
CO[C@@H]1CN(C)C(=O)c2ccc(cc2OC[C@H](C)N(C[C@H]1C)C(=O)Nc1c(noc1C)C)NC(=O)Nc1cccc(c1)Cl,0,0.086096,0.030769,0.013660
CC[C@H](C)[C@H](NC(=O)[C@H](Cc1ccc(cc1)O)NC(=O)[C@@H](NC(=O)[C@@H](CCCNC(=N)N)NC(=O)[C@@H](N)CC(=O)O)C(C)C)C(=O)N[C@@H](Cc1cnc[nH]1)C(=O)N1CCC[C@@H]1C(=O)N[C@H](Cc1ccccc1)C(=O)O,0,0.881355,0.697915,0.320760
O[C@H]1COC[C@@H]2O[C@H](CC[C@H]2N(C1)C(=O)c1ccc2c(c1)OCO2)CC(=O)NCCN1CCCC1,0,0.227063,0.055384,0.030259
NC1CCC(CC1)N1CCC2(CC1)CN(Cc1cc(cc(c1)F)F)C(=O)C2,0,0.768139,0.269871,0.234122
Nc1c(cccc1C(=O)O)O,0,0.859658,0.039349,0.032270
CCC(=O)O,0,0.000121,0.032664,0.017241
C[C@@H]1CCCCO[C@@H](CN(C)C(=O)c2ccccc2)[C@@H](C)CN([C@@H](C)CO)C(=O)c2cc(ccc2O1)NC(=O)C1CCCCC1,0,0.001945,0.022305,0.005141
C[C@@H]1CN([C@@H](C)CO)C(=O)Cc2cc(ccc2O[C@@H]1CN(C)S(=O)(=O)C)NC(=O)Nc1ccccc1,0,0.004374,0.029766,0.008759
CP(=O)(O)C1=CCNCC1,0,0.453720,0.071291,0.050063
CC(C)CC#Cc1ccc2c(c1)O[C@H](CN(C)C(=O)Cc1cccnc1)[C@H](C)CN([C@H](C)CO)S2(=O)=O,0,0.064573,0.026159,0.005416
C[C@H]1CN([C@@H](C)CO)C(=O)c2cc(ccc2O[C@H]1CN(C)Cc1ccc(cc1)C(F)(F)F)NC(=O)Nc1ccc2c(c1)OCO2,0,0.077290,0.109137,0.110011
COc1ccc(cn1)O,0,0.236565,0.044609,0.023793
CC(C)NC(=O)Nc1cccc2c1O[C@H](CN(C)C(=O)NC1CCCCC1)[C@H](C)CN([C@H](C)CO)C2=O,0,0.034901,0.024929,0.012105
C[C@@H]1CN([C@@H](C)CO)C(=O)Cc2cc(ccc2O[C@@H]1CN(C)CC1CC1)NC(=O)CCN1CCOCC1,0,0.015741,0.025302,0.006405
C[C@@H]1CN([C@H](C)CO)C(=O)Cc2cc(ccc2O[C@@H]1CN(C)S(=O)(=O)c1ccc(cc1)C)NS(=O)(=O)c1c(noc1C)C,0,0.003219,0.024713,0.005835
C[C@H]1CCCCO[C@H](CN(C)C(=O)Cc2ccccc2)[C@@H](C)CN([C@H](C)CO)C(=O)c2cc(ccc2O1)NC(=O)CCC(F)(F)F,0,0.048314,0.018562,0.012276
N[C@@H](CCCNC(=N)N)C(=O)NCC(=O)N[C@@H](CC(=O)O)C(=O)N[C@@H](CO)C(=O)O,0,0.011971,0.048513,0.028039
COc1cccc(c1)NC(=O)N1C[C@H](O)COC[C@@H]2O[C@H](CC[C@H]21)CC(=O)NC1Cc2ccccc2C1,0,0.229478,0.157351,0.119733
COc1cccc(c1)C#Cc1ccc2c(c1)O[C@H](CN(C)C(=O)C)[C@@H](C)CN([C@H](C)CO)S2(=O)=O,0,0.063616,0.024076,0.007842
Cc1cc2c(cc1C)N(C[C@H](O)[C@H](O)[C@H](O)COP(=O)(O)OP(=O)(O)OC[C@H]1O[C@H]([C@H](O)[C@@H]1O)n1cnc3c(ncnc13)N)C1=NC(=O)NC(=O)C1=N2,0,0.000000,0.424801,0.133167
C[C@H]1CN([C@H](C)CO)S(=O)(=O)c2ccc(cc2O[C@@H]1CN(C)CC1CCOCC1)Br,0,0.330818,0.043472,0.009875
COc1cccc(c1)S(=O)(=O)N(C)C[C@H]1Oc2ncc(cc2C(=O)N(C[C@H]1C)[C@@H](C)CO)C#CCN(C)C,0,0.050208,0.024401,0.007099
C[C@H]1CN([C@@H](C)CO)C(=O)c2cc(ccc2O[C@H]1CN(C)Cc1ccccc1)NC(=O)Cn1cnnn1,0,0.033396,0.025353,0.011606
C[C@H]1CN([C@@H](C)CO)C(=O)c2c(c3ccccc3n2C)-c2ccccc2CO[C@H]1CN(C)C(=O)Nc1cccc(c1)C(F)(F)F,0,0.615816,0.136986,0.110981
C[C@H]1CN([C@H](C)CO)S(=O)(=O)c2ccc(cc2O[C@H]1CN(C)CC1CCOCC1)Br,0,0.330818,0.043472,0.009875
C[C@H]1CN([C@@H](C)CO)C(=O)c2cc(cnc2O[C@@H]1CN(C)S(=O)(=O)c1ccc(cc1)C)Br,0,0.054047,0.023999,0.008677
COc1ccc(cc1)CN(C)C[C@@H]1OCCCC[C@H](C)Oc2ccc(cc2C(=O)N(C[C@H]1C)[C@@H](C)CO)NC(=O)Nc1ccccc1,0,0.023558,0.024107,0.005467
COc1ccc(cc1)S(=O)(=O)Nc1ccc2c(c1)CC(=O)N(C[C@@H](C)[C@@H](CN(C)Cc1ccncc1)O2)[C@H](C)CO,0,0.000495,0.023314,0.004076
C[C@@H]1CN([C@@H](C)CO)C(=O)CCCn2nncc2CO[C@H]1CN(C)C(=O)Nc1ccc(cc1)C(C)(C)C,0,0.132624,0.028834,0.015635
CCC(=O)NC[C@H](Cc1ccc(cc1)OCCc1nc(oc1C)-c1ccccc1)N/C(=C\C(=O)c1ccc(cc1)C(F)(F)F)C,0,0.541994,0.493933,0.321350
CC(C)NC(=O)N(C)C[C@@H]1Oc2c(cccc2C(=O)N(C[C@@H]1C)[C@@H](C)CO)NC(=O)C1CCCCC1,0,0.021891,0.023860,0.014706
CCc1nnc(s1)NC(=O)c1nnc[nH]1,0,0.759610,0.054235,0.050926
COCC#Cc1ccc(cc1)[C@H]1[C@H](CO)N2[C@@H]1CN(CC2=O)C(=O)CN1CCOCC1,0,0.181821,0.023764,0.016191
C1CN(CCN1)CCn1cccc1,0,0.019547,0.088103,0.028298
OC[C@@H](O)Cc1ccc2c(c1)OCO2,0,0.081472,0.114572,0.068580
C[C@H]1CN([C@H](C)CO)C(=O)Cc2cc(ccc2O[C@H]1CN(C)S(=O)(=O)c1cccs1)NC(=O)CCN1CCOCC1,0,0.000229,0.023318,0.004406
COc1ccc(cc1)C(=O)CO,0,0.180620,0.054174,0.023914
C[C@@H]1CN([C@H](C)CO)C(=O)c2cc(ccc2O[C@@H]1CN(C)Cc1ccc(cc1)-c1ccccc1)NC(=O)Nc1ccc(cc1)C(F)(F)F,0,0.574705,0.387390,0.240294
CN(C)CCNC1=C(Cl)C(=O)NN=C1,0,0.837647,0.100094,0.031755
C[C@H]1CCCCO[C@H](CN(C)S(=O)(=O)c2ccc(cc2)F)[C@@H](C)CN([C@H](C)CO)C(=O)c2cc(ccc2O1)NC(=O)Nc1ccc(cc1)C(F)(F)F,0,0.371928,0.092053,0.010299
C[C@H]1CN([C@@H](C)CO)C(=O)Cc2cc(ccc2O[C@@H]1CN(C)S(=O)(=O)c1ccccc1)NC(=O)C1CC1,0,0.001759,0.024642,0.005077
C[N+](C)(C)CCCC[C@@H]1NC(=O)[C@@H]2C[C@@H]([C@@H](N2C1=O)c1cccc(c1)OCCO)C(=O)OCCOc1ccc(cc1)[C@@H]1N2[C@H]([C@H](C(=O)OCC=C)[C@@]11C(=O)Nc3ccccc31)C(=O)O[C@H]([C@H]2c1ccccc1)c1ccccc1,0,0.333893,0.071019,0.020885
CCOc1ccc(cc1OCC)C(=O)Nc1ccc(cc1)S(=O)(=O)N1CCCC[C@@H]1c1cccnc1,0,0.013208,0.028250,0.014886
C[N+]1(CCCCC[N+]2(C)CCCC2)CCCC1.O=C([O-])C(O)C(O)C(=O)O.O=C([O-])C(O)C(O)C(=O)O,0,0.089806,0.533685,0.249398
C[C@H]1CN([C@H](C)CO)C(=O)c2cc(ccc2O[C@@H]1CN(C)S(=O)(=O)C)NC(=O)Cc1cn(c2ccccc12)C,0,0.007396,0.023830,0.004253
N[C@@H]1CC[C@@H](CCn2cc(nn2)C2(O)CCCC2)O[C@H]1CO,0,0.615539,0.129771,0.064547
N[C@H](c1ccc(cc1)Cl)c1cccnc1,0,0.687067,0.332653,0.246691
C[C@@H]1CN([C@H](C)CO)C(=O)Cc2cc(ccc2O[C@H]1CN(C)CC1CCCCC1)NC(=O)Nc1cccc2ccccc12,0,0.131280,0.032974,0.013509
C[C@H]1CCCCO[C@@H](CN(C)C(=O)Nc2ccc(cc2)F)[C@@H](C)CN([C@@H](C)CO)C(=O)c2cc(ccc2O1)NS(=O)(=O)c1ccccc1,0,0.010093,0.023486,0.004678
CN1CCN(CC1)C(=O)C[C@H]1O[C@@H](CO)[C@H](NC(=O)Cc2ccccn2)C=C1,0,0.022162,0.025249,0.007761
C[C@H]1CCCCO[C@@H](CN(C)S(=O)(=O)c2ccc(cc2)C)[C@@H](C)CN([C@H](C)CO)C(=O)c2cc(ccc2O1)NC(=O)Nc1ccc(cc1)C(F)(F)F,0,0.206138,0.030363,0.006491
CCCOc1c(cnc2ccccc12)-c1ccc2ccccc2n1,0,0.388879,0.441935,0.365102
C[C@H]1CCCCO[C@H](CN(C)C(=O)Nc2ccc3c(c2)OCO3)[C@@H](C)CN([C@H](C)CO)C(=O)c2cc(ccc2O1)NC(=O)Nc1c(noc1C)C,0,0.011945,0.024668,0.005139
C[C@@H]1CCCCO[C@H](CN(C)Cc2ccc(cc2)C(=O)O)[C@H](C)CN([C@@H](C)CO)C(=O)c2cc(ccc2O1)NS(=O)(=O)c1ccccc1,0,0.016366,0.027240,0.004976
C[C@@H]1CCCCO[C@@H](CN(C)S(=O)(=O)C)[C@H](C)CN([C@@H](C)CO)C(=O)c2cc(ccc2O1)NS(=O)(=O)c1ccc(cc1)F,0,0.008238,0.024411,0.006655
C[C@@H]1CN([C@@H](C)CO)C(=O)c2cc(ccc2O[C@H]1CN(C)S(=O)(=O)C)NC(=O)CCCCCC(=O)Nc1ccccc1N,0,0.009214,0.024487,0.004927
NNC(=O)CCCCCC(=O)NO,0,0.077696,0.049101,0.033173
Cn1cnc(c1)CCNC(=O)C[C@H]1CC[C@@H]2[C@H](COC[C@H](O)CN2C(=O)Nc2ccc(cc2)C(F)(F)F)O1,1,0.985310,0.926550,0.954994
Cc1nnc(s1)SCC1=C(N2[C@H](SC1)[C@H](NC(=O)Cn1cnnn1)C2=O)C(=O)O,1,0.999918,0.949173,0.976358
C[C@H]1CN([C@H](C)CO)C(=O)CCCn2cc(nn2)CO[C@H]1CN(C)S(=O)(=O)c1ccc(cc1)-n1cccn1,0,0.019509,0.024163,0.005026
COc1ccc(cc1)S(=O)(=O)Nc1ccc2c(c1)CC(=O)N(C[C@H](C)[C@@H](CN(C)C(=O)NC(C)C)O2)[C@@H](C)CO,0,0.003200,0.024296,0.005755
C[C@H]1CCCCO[C@@H](CN(C)C(=O)Cc2ccccc2)[C@@H](C)CN([C@H](C)CO)C(=O)c2cc(ccc2O1)NC(=O)Nc1ccc(cc1)C(F)(F)F,0,0.203440,0.032298,0.018184
COc1ccccc1S(=O)(=O)N(C)C[C@@H]1Oc2cc(ccc2S(=O)(=O)N(C[C@H]1C)[C@@H](C)CO)C#CCC(C)C,0,0.126943,0.029595,0.005182
OC[C@@H]1O[C@H](CC[C@H]1NC(=O)C1CC1)CC(=O)NCCCN1CCOCC1,0,0.075150,0.023764,0.010166
C[C@H]1CCCCO[C@@H](CN(C)Cc2ccccc2)[C@@H](C)CN([C@@H](C)CO)C(=O)c2cc(ccc2O1)NC(=O)CCC(F)(F)F,0,0.094600,0.024913,0.018503
O=C(O)c1cc(N=Nc2ccc(S(=O)(=O)Nc3ccccn3)cc2)ccc1O,0,0.000000,0.051152,0.054638
CC(C)NC(=O)N(C)C[C@@H]1OCc2cn(nn2)CCCC(=O)N(C[C@H]1C)[C@@H](C)CO,0,0.029981,0.024453,0.005618
C[C@H]1CN([C@@H](C)CO)C(=O)c2cc(ccc2O[C@H]1CN(C)Cc1ccc(cc1)-c1ccccc1)NS(=O)(=O)c1cccs1,0,0.008370,0.025777,0.009542
OC[C@H]1O[C@H](C[C@@H]2[C@H]1Oc1ccc(cc12)NS(=O)(=O)c1ccccc1)CC(=O)NC1CCCCC1,0,0.002314,0.031055,0.008827
C[C@H]1CN([C@@H](C)CO)C(=O)c2cc(ccc2O[C@@H]1CN(C)S(=O)(=O)c1ccccc1)NC(=O)c1ccncc1,0,0.002346,0.023315,0.003924
CC(C)NC(=O)Nc1ccc2c(c1)C(=O)N(C[C@@H](C)[C@H](CN(C)S(=O)(=O)c1cn(cn1)C)O2)[C@@H](C)CO,0,0.040137,0.025443,0.006575
CC(C)(Sc1cc(C(C)(C)C)c(O)c(C(C)(C)C)c1)Sc1cc(C(C)(C)C)c(O)c(C(C)(C)C)c1,0,0.997693,0.580846,0.609559
OC(=O)[C@H]1CCCNC1,0,0.042998,0.034012,0.014782
C[C@@H]1CN([C@H](C)CO)C(=O)Cc2cc(ccc2O[C@@H]1CN(C)Cc1ccc(cc1)-c1ccccc1)NC(=O)CCCCCC(=O)Nc1ccccc1N,0,0.013792,0.028622,0.005430
CC(C)CC#Cc1ccc2c(c1)O[C@@H](CN(C)C(=O)c1ccccn1)[C@@H](C)CN([C@H](C)CO)S2(=O)=O,0,0.038801,0.026665,0.005439
CC(C)Cc1ccc(cc1)[C@@H](C)c1nc(no1)-c1ccc(cc1)C,0,0.750078,0.563514,0.475264
O[C@@H]1COC[C@@H]2O[C@@H](CC[C@H]2N(C1)C(=O)c1ccncc1)CC(=O)NC1CCC1,0,0.030276,0.036164,0.016451
C[C@H]1CN([C@H](C)CO)C(=O)Cc2cc(ccc2O[C@H]1CN(C)S(=O)(=O)c1ccc(cc1)F)NC(=O)C1CC1,0,0.010315,0.024853,0.006171
COc1ccccc1N1CCN(CCCNc2cc(=O)n(C)c(=O)n2C)CC1.Cl,0,0.952026,0.388115,0.221968
C[C@@H]1CCCCO[C@@H](CN(C)Cc2ccc(cc2)C(=O)O)[C@H](C)CN([C@@H](C)CO)C(=O)c2cc(ccc2O1)NC(=O)Nc1ccc(cc1)F,0,0.309299,0.031783,0.008989
C[C@@H]1CN([C@@H](C)CO)C(=O)c2cc(ccc2O[C@H]1CN(C)C(=O)Nc1ccccc1)NC(=O)Cn1cnnn1,0,0.065053,0.023666,0.007403
COc1ccc(cc1)S(=O)(=O)N(C)C[C@@H]1OCCCC[C@H](C)Oc2ccc(cc2C(=O)N(C[C@H]1C)[C@@H](C)CO)NC(=O)c1ccccc1,0,0.001313,0.023318,0.003871
C=CC(C)(O)CCC1C(=C)CC(OC(C)=O)C2C(C)(C)CCCC12C,0,0.580066,0.634630,0.674153
C[C@H]1CCCCO[C@H](CN(C)S(=O)(=O)c2ccc(cc2)F)[C@@H](C)CN([C@@H](C)CO)C(=O)c2cc(ccc2O1)NC(=O)Nc1cccc2ccccc12,0,0.015670,0.025074,0.006576
CC(C)Cc1ccc(cc1)[C@@H](C)c1nc(no1)-c1cccs1,0,0.436844,0.426095,0.405903
C[C@@H]1CN([C@@H](C)CO)C(=O)Cc2cc(ccc2O[C@H]1CN(C)C(=O)Nc1c(noc1C)C)NC(=O)C1CC1,0,0.017718,0.023668,0.006383
Cc1sc2ncnc(c2c1C)N1CCC[C@H](C1)Cn1cc(nn1)C(C)(C)N,0,0.986970,0.088011,0.127197
C[C@@H]1CCCCO[C@@H](CN(C)C(=O)c2ccccc2)[C@H](C)CN([C@H](C)CO)C(=O)c2cc(ccc2O1)NC(=O)Nc1ccc2c(c1)OCO2,0,0.002083,0.022932,0.004083
COc1ccc(cc1)CN(C)C[C@@H]1OCCCC[C@H](C)Oc2ccc(cc2C(=O)N(C[C@H]1C)[C@H](C)CO)NC(=O)Nc1cccc2ccccc12,0,0.030235,0.030022,0.007138
CC(C)c1c(c(c(n1CC[C@@H](O)C[C@@H](O)CC(=O)O)-c1ccc(cc1)F)-c1ccccc1)C(=O)Nc1ccccc1,0,0.396268,0.403083,0.219429
C[C@H]1CN([C@H](C)CO)C(=O)c2cccc(c2O[C@@H]1CN(C)Cc1ccc(cc1)-c1ccccc1)NC(=O)NC1CCCCC1,0,0.094014,0.033079,0.018850
NCc1cccc2c1OCC2,0,0.152627,0.045267,0.035197
C[C@@H]1CCCCO[C@@H](CN(C)Cc2ccc(cc2)C(=O)O)[C@H](C)CN([C@H](C)CO)C(=O)c2cc(ccc2O1)NC(=O)c1ccccc1,0,0.016738,0.040454,0.008738
COc1ccccc1NC(=O)N(C)C[C@@H]1OCc2ccccc2-c2c(n(c3ccccc23)C)C(=O)N(C[C@H]1C)[C@@H](C)CO,0,0.050434,0.023397,0.007556
CN(C)C(=O)C1CCNCC1,0,0.110487,0.033392,0.014910
COCC(=O)N1[C@H]2CN3C(=O)C(=CC=C3[C@@H]1[C@@H]([C@H]2CO)C(=O)OC)C1=CCCC1,0,0.046307,0.044587,0.040310
C[C@@H]1CCCCO[C@@H](CN(C)C(=O)NC2CCCCC2)[C@@H](C)CN([C@H](C)CO)C(=O)c2cc(ccc2O1)NC(=O)NC1CCCCC1,0,0.010645,0.024799,0.007224
OC[C@H]1O[C@@H](OC[C@H]2O[C@@H](Oc3cc(c4c(c3)OC(=CC4=O)Oc3ccc(cc3)O)O)[C@H](O)[C@@H](O)[C@@H]2O)[C@H](O)[C@@H](O)[C@@H]1O,0,0.058542,0.133955,0.048314
CCOC(=O)c1cc2c(c(n1)-c1ccccc1)[C@@H](CCO[Si](C)(C)C(C)(C)C)N(C2)S(=O)(=O)C(C)(C)C,0,0.019804,0.060140,0.031872
C[C@@H]1CCCCO[C@H](CN(C)C(=O)C2CCCCC2)[C@H](C)CN([C@H](C)CO)C(=O)c2cc(ccc2O1)NC(=O)C1CCCCC1,0,0.013761,0.029624,0.007548
O=C(NS(=O)(=O)c1ccccc1)c1nnc[nH]1,0,0.119500,0.031520,0.010317
COCC#Cc1ccc2c(c1)O[C@H](CN(C)C(=O)Nc1ccc(cc1)OC)[C@H](C)CN([C@H](C)CO)S2(=O)=O,0,0.198071,0.026476,0.006248
CO[C@@H]1CN(C)C(=O)c2cc(ccc2OC[C@H](C)N(C[C@@H]1C)C(=O)C1CCOCC1)NS(=O)(=O)C,0,0.005048,0.030165,0.006305
OC[C@@H]1O[C@H](CC[C@H]1NC(=O)CN1CCOCC1)CC(=O)NCCc1ccncc1,0,0.005852,0.025384,0.008205
C[C@H]1CN([C@H](C)CO)C(=O)c2ccccc2-c2ccccc2CO[C@H]1CN(C)Cc1ccccc1C(F)(F)F,0,0.351488,0.830537,0.769964
C[C@H]1CN([C@@H](C)CO)C(=O)Cc2cc(ccc2O[C@H]1CN(C)Cc1ccc(cc1)Oc1ccccc1)NS(=O)(=O)c1ccc(cc1)Cl,0,0.001283,0.024216,0.006879
C[C@H]1CN([C@H](C)CO)C(=O)c2cc(cnc2O[C@@H]1CN(C)S(=O)(=O)c1ccccc1)-c1cccc(c1)C(=O)N(C)C,0,0.000906,0.037241,0.004632
COc1ccc(cc1)S(=O)(=O)Nc1ccc2c(c1)C(=O)N(C[C@@H](C)[C@H](CN(C)CC1CCCCC1)OCCCC[C@H](C)O2)[C@@H](C)CO,0,0.017840,0.023909,0.006674
O[C@@H]1COC[C@@H]2O[C@H](CC[C@H]2N(C1)Cc1ccccc1F)CC(=O)N[C@H]1CCN(C1)Cc1ccccc1,0,0.215508,0.041711,0.026028
CCN(CC)CCCN1C(=S)N=C(/C=C/c2ccc(c(c2)OC)O)C=C1/C=C/c1ccc(c(c1)OC)O,0,0.956321,0.605807,0.699953
O=C1NC(=O)/C(=C\c2ccccc2)N1,0,0.194789,0.303833,0.178951
COc1cccc(c1)C(=O)Nc1ccc2c(c1)C(=O)N(C)[C@H]1CC[C@H](CC(=O)NCC(F)(F)F)O[C@@H]1CO2,0,0.061152,0.049675,0.051640
CN(CC(=O)Nc1cccc(c1)S(=O)(=O)N1CCOCC1)CC(=O)Nc1ccc(c(c1)C(F)(F)F)Cl,0,0.883034,0.391130,0.308553
C[C@H]1CCCCO[C@@H](CN(C)S(=O)(=O)c2ccc(cc2)Cl)[C@@H](C)CN([C@H](C)CO)C(=O)c2cc(ccc2O1)NS(=O)(=O)c1ccc(cc1)F,0,0.021739,0.024753,0.005798
CCn1ncc(c1CN)Br,0,0.109752,0.087200,0.032410
C[C@@H]1CN([C@@H](C)CO)C(=O)c2cc(ccc2O[C@@H]1CN(C)Cc1ccc(cc1)C(F)(F)F)NC(=O)Nc1ccc(cc1)C(F)(F)F,0,0.889365,0.139432,0.110907
CCOC(=O)[C@H](N)/C=C(\C)CP(=O)(O)O,0,0.704090,0.091159,0.068930
C[C@H]1CCCCO[C@H](CN(C)S(=O)(=O)c2ccc(cc2)C)[C@@H](C)CN([C@@H](C)CO)C(=O)c2cc(ccc2O1)NC(=O)CCC(F)(F)F,0,0.035747,0.024746,0.005354
C[C@H]1CN([C@H](C)CO)C(=O)c2cc(ccc2O[C@H]1CN(C)S(=O)(=O)c1ccccc1)NC(=O)c1ccncc1,0,0.002346,0.023315,0.003924
CSC1=NC(=O)C(=C(C)N1)CCO,0,0.141957,0.062695,0.026501
COCCOC(=O)N1C(=O)[C@@]2([C@H]([C@H]3N([C@@H]([C@@H](OC3=O)c3ccccc3)c3ccccc3)[C@H]2c2ccccc2OCCO)C(=O)Nc2nc3ccccc3s2)c2cc(ccc21)C#CCC(C(=O)OC)C(=O)OC,0,0.710713,0.167143,0.023363
O[C@@H]1COC[C@H]2O[C@H](CC[C@@H]2N(C1)S(=O)(=O)c1cccc(c1)Cl)CC(=O)NCCCN1CCOCC1,0,0.341721,0.031145,0.018518
N[C@H]1CC[C@H](CCn2cc(nn2)-c2cccc(c2)F)O[C@@H]1CO,0,0.733417,0.035729,0.033361
C[C@@H]1CN([C@@H](C)CO)C(=O)c2cc(ccc2O[C@H]1CN(C)C(=O)Nc1ccc2c(c1)OCO2)NC(=O)Nc1ccc(cc1)C(F)(F)F,0,0.552952,0.134651,0.149364
C[C@@H]1CCCCO[C@H](CN(C)C(=O)NC2CCCCC2)[C@H](C)CN([C@H](C)CO)C(=O)c2cc(ccc2O1)NS(=O)(=O)c1ccc(cc1)F,0,0.007526,0.023540,0.005560
COc1cccc(c1)NC(=O)N1C[C@H](O)COC[C@H]2O[C@@H](CC[C@@H]21)CC(=O)NCc1ccccc1F,0,0.320584,0.151885,0.134355
C[C@H]1CN([C@H](C)CO)C(=O)Cc2cc(ccc2O[C@H]1CN(C)Cc1ccc(cc1)Oc1ccccc1)NC(=O)Nc1ccc2c(c1)OCO2,0,0.002457,0.023549,0.004888
COc1ccc(cc1)NC(=O)N(C)C[C@@H]1OCCCC[C@H](C)Oc2ccc(cc2C(=O)N(C[C@@H]1C)[C@@H](C)CO)NC(=O)Nc1ccc(cc1)C(F)(F)F,0,0.440260,0.020494,0.009049
C[C@H]1CN([C@H](C)CO)C(=O)c2cccc(c2O[C@H]1CN(C)S(=O)(=O)c1ccc(cc1)Cl)NC(=O)Nc1ccc(cc1)C(F)(F)F,0,0.715356,0.150825,0.024526
C[C@H]1CN([C@H](C)CO)C(=O)Cc2cc(ccc2O[C@@H]1CN(C)Cc1ccc(cc1)-c1ccccc1)NC(=O)NC1CCCCC1,0,0.089972,0.028271,0.012145
C[C@H]1CCCCO[C@@H](CN(C)C(=O)c2ccccc2)[C@H](C)CN([C@@H](C)CO)C(=O)c2cc(ccc2O1)NC(=O)NC1CCCCC1,0,0.003297,0.021891,0.003903
C[C@H]1CCCCO[C@H](CN(C)Cc2ccc(cc2)C(=O)O)[C@@H](C)CN([C@H](C)CO)C(=O)c2cc(ccc2O1)NS(=O)(=O)c1cccs1,0,0.025961,0.027596,0.004668
COc1ccc2c3c(n(c2c1)C)[C@H](CO)N(C[C@]13CCN(CC1)C(=O)Nc1cccc(c1)F)C(=O)C1CCCCC1,0,0.249914,0.185190,0.064741
COCC(=O)N1CC[C@@]2(C1)CC(=NO2)C(=O)NCc1cnc(cn1)C,0,0.014763,0.031745,0.028757
COc1ccc(cc1)NC(=O)Nc1ccc2c(c1)C(=O)N(C[C@@H](C)[C@H](CN(C)S(=O)(=O)c1ccc(cc1)OC)OCCCC[C@@H](C)O2)[C@@H](C)CO,0,0.006928,0.024322,0.004595
C[C@@H]1CN([C@@H](C)CO)C(=O)c2cc(cnc2O[C@@H]1CN(C)C(=O)c1cnccn1)/C=C/c1ccccc1,0,0.019601,0.023906,0.008948
Oc1cccc(c1)-c1nc2ccc3ccccc3c2c2c1CCC2,0,0.317032,0.570203,0.469341
CC(C)NC(=O)N(C)C[C@H]1Oc2ccc(cc2C(=O)N(C[C@@H]1C)[C@@H](C)CO)NC(=O)CCN1CCOCC1,0,0.002531,0.025576,0.006803
C[C@H]1CCCCO[C@H](CN(C)Cc2ccc(c(c2)Cl)Cl)[C@@H](C)CN([C@@H](C)CO)C(=O)c2cc(ccc2O1)NS(=O)(=O)C,0,0.031991,0.023599,0.005174
C[C@H]1CN([C@@H](C)CO)C(=O)Cc2cc(ccc2O[C@@H]1CN(C)S(=O)(=O)c1cccs1)NC(=O)Nc1c(noc1C)C,0,0.002362,0.023523,0.006176
C[C@@H]1CCCCO[C@H](CN(C)Cc2ccc(cc2)C(F)(F)F)[C@H](C)CN([C@@H](C)CO)C(=O)c2cc(ccc2O1)NC(=O)Nc1c(noc1C)C,0,0.230310,0.024602,0.011634
C[C@H]1CN([C@@H](C)CO)C(=O)c2cc(cnc2O[C@@H]1CN(C)C(=O)c1cnccn1)-c1cccc(c1)C#N,0,0.002586,0.021796,0.004490
C[C@H]1CN([C@H](C)CO)C(=O)CCCn2nncc2CO[C@H]1CN(C)C(=O)Nc1ccc2c(c1)OCCO2,0,0.013557,0.024014,0.005023
CN1[C@H]2CC[C@@H](CC(=O)N3CCOCC3)O[C@@H]2COc2ccc(cc2C1=O)NC(=O)c1ccc(c(c1)F)F,0,0.020621,0.157985,0.168904
C[C@H]1CCCCO[C@@H](CN(C)Cc2ccccc2)[C@@H](C)CN([C@H](C)CO)C(=O)c2cc(ccc2O1)NC(=O)Nc1ccc2c(c1)OCO2,0,0.008186,0.025804,0.004556
C[C@@H]1CCCCO[C@H](CN(C)Cc2ccc(cc2)C(F)(F)F)[C@H](C)CN([C@H](C)CO)C(=O)c2cc(ccc2O1)NS(=O)(=O)C,0,0.062104,0.028115,0.008686
C[C@@H]1CCCCO[C@H](CN(C)C(=O)Nc2ccc(cc2)F)[C@H](C)CN([C@H](C)CO)C(=O)c2cc(ccc2O1)NC(=O)c1ccccc1,0,0.019700,0.023461,0.006265
O=C1CSCCN1,0,0.002951,0.036483,0.012817
CN1C(=O)Oc2cc(ccc21)S(=O)(=O)N1CCC[C@@H](C1)C(=O)NN1CCOCC1,0,0.301863,0.027220,0.021406
CC(C)NC(=O)N(C)C[C@@H]1Oc2c(cccc2C(=O)N(C[C@@H]1C)[C@@H](C)CO)NC(=O)c1cc(nn1C)C,0,0.041677,0.023690,0.007491
CCS(=O)(=O)Nc1ccc2c(c1)C(=O)N(C)C[C@@H](OC)[C@H](C)CN(Cc1ccccn1)[C@@H](C)CO2,0,0.000750,0.023368,0.006360
COc1ccc(cc1)S(=O)(=O)Nc1ccc2c(c1)C(=O)N(C[C@@H](C)[C@H](CN(C)C(=O)Nc1ccc(cc1)C(F)(F)F)OCCCC[C@H](C)O2)[C@@H](C)CO,0,0.152540,0.193626,0.014980
CO[C@@H]1CN(C)C(=O)c2ccc(cc2OC[C@H](C)N(C[C@@H]1C)C(=O)C1CCOCC1)NS(=O)(=O)C,0,0.002845,0.029582,0.006451
C[C@H]1CN([C@@H](C)CO)C(=O)c2cccc(c2O[C@H]1CN(C)C(=O)Nc1ccc(cc1)C(F)(F)F)NC(=O)Nc1ccc(cc1)C(F)(F)F,0,0.975969,0.418079,0.328051
C[C@@H]1CN([C@@H](C)CO)C(=O)c2cc(ccc2O[C@H]1CN(C)Cc1ccc(cc1)-c1ccccc1)NS(=O)(=O)c1ccc(cc1)C,0,0.007480,0.027740,0.006854
C[C@@H]1CCCCO[C@H](CN(C)S(=O)(=O)c2ccc(cc2)Cl)[C@@H](C)CN([C@H](C)CO)C(=O)c2cc(ccc2O1)NC(=O)Nc1cccc2ccccc12,0,0.025009,0.024030,0.005870
COc1cc2c(cc1OC)-c1c(oc3c4c(ccc3c1=O)OC(C)(C)C=C4)CO2,0,0.026663,0.179827,0.092773
C[C@H]1CN([C@@H](C)CO)C(=O)Cc2cc(ccc2O[C@@H]1CN(C)C(=O)NC1CCCCC1)NC(=O)c1ccncc1,0,0.001520,0.021967,0.003928
CCS(=O)(=O)Nc1ccc2c(c1)C(=O)N(C)[C@H]1CC[C@H](CC(=O)NCc3ccc(cc3)OC)O[C@H]1CO2,0,0.007918,0.024687,0.007158
C[C@H]1CN([C@H](C)CO)C(=O)c2cccc(c2O[C@@H]1CN(C)C(=O)Nc1ccc(cc1)F)NS(=O)(=O)c1cn(cn1)C,0,0.257743,0.025545,0.007695
C[C@H]1CN([C@H](C)CO)C(=O)Cc2cc(ccc2O[C@@H]1CN(C)S(=O)(=O)c1ccc(cc1)C)NC(=O)Cn1cnnn1,0,0.009923,0.024928,0.005574
Cc1nc(c(n1CCO)N)C(=O)N,0,0.023949,0.026887,0.017808
C[C@@H]1CCCCO[C@H](CN(C)Cc2ccc(cc2)C(F)(F)F)[C@@H](C)CN([C@H](C)CO)C(=O)c2cc(ccc2O1)NS(=O)(=O)c1ccccc1,0,0.014737,0.024946,0.005814
O=C(NC1CC1)C1=NNC(=O)c2ccccc21,0,0.043333,0.075627,0.043754
C[C@H]1CCCCO[C@@H](CN(C)C(=O)Nc2ccccc2)[C@H](C)CN([C@@H](C)CO)C(=O)c2cc(ccc2O1)NC(=O)c1ccncc1,0,0.003864,0.021835,0.003791
C[C@@H]1CN([C@H](C)CO)C(=O)c2cc(ccc2O[C@H]1CN(C)S(=O)(=O)C)NC(=O)CCC(F)(F)F,0,0.039769,0.029823,0.013875
C[C@@H]1CN([C@@H](C)CO)C(=O)c2cc(ccc2O[C@@H]1CN(C)CC1CCCCC1)NC(=O)Nc1cccc2ccccc12,0,0.110065,0.038650,0.021106
CC(=O)O[C@H]1CC(C)(C)C[C@H]2[C@@]31CO[C@@]21CC[C@H]2[C@@]4(C)CC[C@H](O[C@@H]5OC[C@H](O[C@@H]6O[C@H](CO)[C@@H](O)[C@H](O)[C@H]6O[C@@H]6OC[C@@H](O[C@@H]7O[C@H](CO)[C@@H](O)[C@H](O)[C@H]7O)[C@H](O)[C@H]6O)[C@H](O)[C@H]5O[C@@H]5O[C@H](CO)[C@@H](O)[C@H](O)[C@H]5O)[C@@](C)(CO)[C@@H]4CC[C@@]2(C)[C@]1(C)C[C@H]3O,0,0.350448,0.101834,0.043742
CN1CCN(CC1)C(=O)C[C@H]1C[C@@H]2[C@@H](Oc3ccc(cc32)NC(=O)c2ccc3c(c2)OCO3)[C@@H](CO)O1,0,0.017987,0.023670,0.007519
COc1ccc(cc1)NC(=O)Nc1ccc2c(c1)C(=O)N(C[C@H](C)[C@H](CN(C)Cc1ccc3c(c1)OCO3)OCCCC[C@@H](C)O2)[C@H](C)CO,0,0.012256,0.021934,0.005530
COCC(=O)N1C[C@@H](C)[C@@H](CN(C)C(=O)c2ccc(cc2OC[C@H]1C)NC(=O)Nc1ccccc1)OC,0,0.008736,0.025915,0.009059
CN(C)CN1C(=O)c2ccccc2C1=O,0,0.006095,0.086837,0.058917
C[C@H]1CN([C@H](C)CO)C(=O)c2cc(ccc2O[C@H]1CN(C)C(=O)Nc1ccccc1)NC(=O)CCN1CCOCC1,0,0.003515,0.021664,0.004522
C[C@@H]1CN([C@@H](C)CO)C(=O)c2c(c3ccccc3n2C)-c2ccccc2CO[C@@H]1CN(C)Cc1cccc(c1)C(F)(F)F,0,0.216410,0.106492,0.045156
C[C@H]1CCCCO[C@@H](CN(C)C(=O)Nc2cccc3ccccc23)[C@@H](C)CN([C@H](C)CO)C(=O)c2cc(ccc2O1)NS(=O)(=O)c1c(noc1C)C,0,0.007232,0.024768,0.004349
Cc1onc(-c2ccccc2)c1C(=O)NC1C(=O)N2C1SC(C)(C)C2C(=O)[O-].[Na+],1,0.995288,0.946780,0.981004
C[C@@H]1CCCCO[C@H](CN(C)Cc2ccc(cc2)C(F)(F)F)[C@H](C)CN([C@H](C)CO)C(=O)c2cc(ccc2O1)NC(=O)C1CCCCC1,0,0.152809,0.026263,0.014343
C[C@@H]1CN([C@@H](C)CO)C(=O)Cc2cc(ccc2O[C@@H]1CN(C)Cc1ccc(cc1)Oc1ccccc1)NC(=O)Cc1cn(c2ccccc12)C,0,0.003511,0.022417,0.005499
C[C@H]1CN([C@@H](C)CO)C(=O)c2cccc(c2O[C@H]1CN(C)Cc1ccc(cc1)C(=O)Nc1ccccc1N)NC(=O)Nc1cccc2ccccc12,0,0.014557,0.023363,0.006550
C[C@@H]1CCCCO[C@@H](CN(C)C(=O)Nc2ccc3c(c2)OCO3)[C@H](C)CN([C@@H](C)CO)C(=O)c2cc(ccc2O1)NS(=O)(=O)c1ccc(cc1)C,0,0.003069,0.024412,0.004014
CC(=O)NCCCC[C@@H]1NC(=O)[C@H]2C[C@H]([C@H](N2C1=O)c1cccc(c1)OCCO)C(=O)OCCOc1ccc(cc1)[C@@H]1N2[C@H]([C@H](C(=O)OCC=C)[C@@]11C(=O)Nc3ccc(cc31)I)C(=O)O[C@H]([C@H]2c1ccccc1)c1ccccc1,0,0.012713,0.096443,0.027899
COc1ccc(cc1)S(=O)(=O)Nc1cccc2c1O[C@H](CN(C)S(=O)(=O)c1ccc(cc1)C)[C@@H](C)CN([C@@H](C)CO)C2=O,0,0.026892,0.023763,0.007382
C[C@H]1CCCCO[C@H](CN(C)S(=O)(=O)c2ccc(cc2)Cl)[C@@H](C)CN([C@@H](C)CO)C(=O)c2cc(ccc2O1)NC(=O)Nc1ccc(cc1)F,0,0.070119,0.023971,0.006770
COCCCNC(=O)[C@]1(CC(=O)N(Cc2ccccc2Cl)[C@@H]1c1ccc(cc1I)CO)Sc1ccc(cc1)C,0,0.870970,0.197491,0.053419
OC(=O)c1ccc2c(c1)NC(=O)C(=N2)O,0,0.951459,0.106475,0.105095
C[C@H]1CN([C@H](C)CO)C(=O)Cc2cc(ccc2O[C@H]1CN(C)Cc1ccc(cc1)Oc1ccccc1)NC(=O)Nc1c(noc1C)C,0,0.009655,0.027359,0.007057
CN(C)C(=O)C[C@@H]1CC[C@H]2[C@@H](COc3ccc(cc3C(=O)N2C)NS(=O)(=O)c2cccc(c2)F)O1,0,0.011058,0.025139,0.011083
OC[C@@H]1O[C@@H](C[C@H]2[C@@H]1Oc1ccc(cc12)NS(=O)(=O)c1ccc(cc1)F)CC(=O)NCc1cccc(c1)F,0,0.024983,0.035344,0.012036
OC[C@@H]1O[C@@H](CC(=O)NCCCN2CCOCC2)C=C[C@@H]1NC(=O)Nc1ccc2c(c1)OCO2,0,0.090327,0.114107,0.040081
C[C@@H]1CCCCO[C@@H](CN(C)S(=O)(=O)c2ccc(cc2)F)[C@@H](C)CN([C@H](C)CO)C(=O)c2cc(ccc2O1)NS(=O)(=O)c1ccc(cc1)C,0,0.010166,0.023541,0.005939
COc1ccc(cc1)NC(=O)N(C)C[C@H]1Oc2ccc(cc2C(=O)N(C[C@H]1C)[C@H](C)CO)NS(=O)(=O)c1cn(cn1)C,0,0.064101,0.023386,0.004096
COc1ccc(cc1)S(=O)(=O)N(C)C[C@H]1OCCCC[C@@H](C)Oc2ccc(cc2C(=O)N(C[C@@H]1C)[C@H](C)CO)NC(=O)CCCCCC(=O)Nc1ccccc1N,0,0.002448,0.023564,0.004072
C[C@H]1CCCCO[C@@H](CN(C)Cc2ccncc2)[C@@H](C)CN([C@@H](C)CO)C(=O)c2cc(ccc2O1)NC(=O)Nc1ccc(cc1)C(F)(F)F,0,0.271320,0.021305,0.012511
C[C@@H]1CN([C@@H](C)CO)C(=O)c2cccc(c2O[C@@H]1CN(C)S(=O)(=O)c1c(noc1C)C)NC(=O)C1CCOCC1,0,0.018106,0.023138,0.004497
O[C@H]1COC[C@@H]2O[C@H](CC[C@H]2N(C1)C(=O)C1CC1)CC(=O)NCc1ccncc1,0,0.290578,0.032258,0.017033
OC[C@@H](Cc1ccccc1)NC(=O)C[C@H](CC=C)C(=O)NC[C@@H](OC(=O)[C@H](CCC=C)Cc1ccc(cc1)F)c1ccccc1,0,0.022807,0.061373,0.037451
C[C@H]1CN([C@@H](C)CO)C(=O)c2c(c3ccccc3n2C)-c2ccccc2CO[C@@H]1CN(C)S(=O)(=O)c1ccc(cc1)C(F)(F)F,0,0.143295,0.080128,0.017013
Cc1ccc(cc1)-c1csc(n1)-c1ccc(cc1)C(F)(F)F,0,0.945390,0.473147,0.530305
C[C@H]1CCCCO[C@@H](CN(C)C(=O)C2CCCCC2)[C@H](C)CN([C@@H](C)CO)C(=O)c2cc(ccc2O1)NC(=O)Nc1cccc2ccccc12,0,0.016349,0.027080,0.006348
COc1ccccc1C#Cc1ccc2c(c1)O[C@@H](CN(C)Cc1cccnc1)[C@H](C)CN([C@H](C)CO)S2(=O)=O,0,0.065737,0.025581,0.005742
C[C@H]1CCCCO[C@@H](CN(C)S(=O)(=O)c2ccc(cc2)F)[C@H](C)CN([C@H](C)CO)C(=O)c2cc(ccc2O1)NS(=O)(=O)c1ccc(cc1)Cl,0,0.019506,0.023670,0.006072
O=C1c2ccccc2C(=O)C1c1ccc(Cl)cc1,0,0.948170,0.334392,0.245907
C[C@H]1CN([C@H](C)CO)C(=O)Cc2cc(ccc2O[C@H]1CN(C)Cc1ccc(cc1)-c1ccccc1)NC(=O)Cc1ccccc1,0,0.012642,0.029299,0.011489
C[C@@H]1CN([C@@H](C)CO)C(=O)Cc2cc(ccc2O[C@H]1CN(C)S(=O)(=O)c1ccc(cc1)Cl)NS(=O)(=O)C,0,0.013094,0.025998,0.007981
C[C@@H]1CN([C@H](C)CO)C(=O)Cc2cc(ccc2O[C@H]1CN(C)CC1CC1)NC(=O)CCN1CCOCC1,0,0.015741,0.025302,0.006405
CCC(C)(C)O,0,0.001867,0.038133,0.020377
COc1ccc(-c2nc3cc(C4=NNC(=O)CC4C)ccc3[nH]2)cc1,0,0.673518,0.178342,0.201405
CCC(=O)N1C[C@]2(C1)CN([C@@H](CO)c1[nH]c3cc(ccc3c12)OC)C(=O)CN1CCOCC1,0,0.014877,0.042647,0.017824
Cc1noc(c1-c1ccc(cc1)N)C,0,0.500168,0.109745,0.091037
C[C@H]1CN([C@@H](C)CO)C(=O)c2c(c3ccccc3n2C)-c2ccccc2CO[C@@H]1CN(C)Cc1ccc(c(c1)Cl)Cl,0,0.473120,0.056774,0.013856
COc1cccc(c1)CNC(=O)c1cc2c(c(n1)-c1cccc(c1)-c1cccc(c1)C#N)[C@@H](CCO)N(C2)[S@](=O)C(C)(C)C,0,0.002206,0.144185,0.062495
COc1ccc(cc1)CN(C)C[C@@H]1Oc2ccc(cc2CC(=O)N(C[C@@H]1C)[C@H](C)CO)NS(=O)(=O)c1c(noc1C)C,0,0.001990,0.024135,0.004739
C[C@@H]1CN([C@@H](C)CO)C(=O)c2ccccc2-c2ccccc2CO[C@@H]1CN(C)C(=O)N[C@H](C)c1ccccc1,0,0.029039,0.026543,0.020764
C[C@H]1CCCCO[C@@H](CN(C)S(=O)(=O)c2cccs2)[C@H](C)CN([C@H](C)CO)C(=O)c2cc(ccc2O1)NS(=O)(=O)C,0,0.002080,0.023824,0.004775
O=S(=O)([O-])CCCS(=O)(=O)[O-].[Na+].[Na+],0,0.023515,0.250293,0.080121
NN=C(N)N,0,0.000017,0.118667,0.036551
C[C@@H]1CN([C@@H](C)CO)C(=O)c2cccc(c2O[C@@H]1CN(C)Cc1ccccc1)NC(=O)c1cnccn1,0,0.024566,0.026128,0.008639
C[C@H]1CCCCO[C@H](CN(C)Cc2ccccc2)[C@@H](C)CN([C@@H](C)CO)C(=O)c2cc(ccc2O1)NC(=O)c1ccccc1,0,0.002747,0.024733,0.006362
C[C@H]1CCCCO[C@@H](CN(C)S(=O)(=O)c2ccc(cc2)F)[C@@H](C)CN([C@H](C)CO)C(=O)c2cc(ccc2O1)NS(=O)(=O)c1ccc(cc1)C,0,0.010166,0.023541,0.005939
COc1ccc(cc1)CN(C)C[C@H]1OCCCC[C@@H](C)Oc2ccc(cc2C(=O)N(C[C@@H]1C)[C@H](C)CO)NS(=O)(=O)c1c(noc1C)C,0,0.004414,0.025357,0.005917
OC[C@H]1O[C@@H](CC[C@H]1NC(=O)C1CCOCC1)CCn1cc(nn1)C1(O)CCCC1,0,0.565914,0.223468,0.125463
C[C@@H]1CN([C@@H](C)CO)C(=O)c2cc(ccc2O[C@H]1CN(C)Cc1ccc(c(c1)Cl)Cl)NC(=O)Nc1ccc(cc1)F,0,0.411948,0.054404,0.030681
COCC#Cc1ccc(cc1)[C@H]1[C@H](CO)N2[C@@H]1CN(CC2=O)C(=O)c1cccnc1,0,0.146834,0.024773,0.012919
C[C@H]1CCCCO[C@H](CN(C)S(=O)(=O)c2ccc(cc2)Cl)[C@H](C)CN([C@@H](C)CO)C(=O)c2cc(ccc2O1)NC(=O)CCC(F)(F)F,0,0.081947,0.030269,0.006058
COc1ccc(cc1)S(=O)(=O)N(C)C[C@@H]1Oc2ccc(cc2CC(=O)N(C[C@H]1C)[C@H](C)CO)NC(=O)CCN1CCOCC1,0,0.000707,0.023914,0.004181
Cc1cc(C)nc(NS(=O)(=O)c2ccc(N)cc2)n1,0,0.014387,0.047110,0.020020
CC(C)NC(=O)Nc1cccc2c1O[C@H](CN(C)Cc1ccc(cc1)Oc1ccccc1)[C@@H](C)CN([C@@H](C)CO)C2=O,0,0.015768,0.029324,0.017982
CCCC(=O)N1CC[C@]2(CC1)CN([C@H](CO)c1c2c2ccc(cc2n1C)OC)C(=O)CN1CCOCC1,0,0.047091,0.042295,0.023844
C[C@H]1CN([C@H](C)CO)C(=O)c2cc(cnc2O[C@H]1CN(C)S(=O)(=O)c1ccc(cc1)F)-c1cccc(c1)C(=O)N(C)C,0,0.003114,0.031278,0.004760
C[C@@H]1CN([C@@H](C)CO)C(=O)c2cc(ccc2O[C@H]1CN(C)S(=O)(=O)c1cn(cn1)C)NS(=O)(=O)c1ccc(cc1)Cl,0,0.037854,0.023979,0.005978
CC(C)(CO)[C@@H](O)C(=O)NCCC(=O)O,0,0.020429,0.069448,0.042163
CN(C)CCCNC(=O)C[C@@H]1CC[C@H]2[C@@H](COC[C@@H](O)CN2S(=O)(=O)c2ccccc2)O1,0,0.288997,0.025705,0.012762
C[C@H]1CCCCO[C@H](CN(C)S(=O)(=O)c2ccc(cc2)C)[C@H](C)CN([C@H](C)CO)C(=O)c2cc(ccc2O1)NS(=O)(=O)C,0,0.006709,0.023491,0.004671
C[C@H]1CN([C@@H](C)CO)C(=O)c2cccc(c2O[C@H]1CN(C)C(=O)NC1CCCCC1)NC(=O)Nc1cccc2ccccc12,0,0.062021,0.026163,0.013661
C[C@H]1CN([C@H](C)CO)C(=O)Cc2cc(ccc2O[C@@H]1CN(C)Cc1ccc(cc1)C(F)(F)F)NC(=O)Nc1ccc(cc1)F,0,0.227436,0.080637,0.048446
Cl.Cl.NCCNCCNCCN,0,0.000000,0.184235,0.049511
C[C@@H]1CCCCO[C@H](CN(C)CC2CC2)[C@@H](C)CN([C@@H](C)CO)C(=O)c2cc(ccc2O1)NS(=O)(=O)c1ccc(cc1)Cl,0,0.068169,0.024605,0.006610
C[C@H]1CN([C@@H](C)CO)C(=O)c2c(c3ccccc3n2C)-c2ccccc2CO[C@H]1CN(C)Cc1ccc(cc1)F,0,0.089143,0.037844,0.020249
OC(=O)CC1(OCCO1)C(F)(F)F,0,0.170838,0.147974,0.091323
C[C@@H]1CCCCO[C@@H](CN(C)Cc2ccc(c(c2)Cl)Cl)[C@@H](C)CN([C@@H](C)CO)C(=O)c2cc(ccc2O1)NC(=O)C1CCCCC1,0,0.135287,0.027189,0.007697
Cc1ccc2nc(ccc2c1)-c1cnc2ccc(cc2c1)C,0,0.574515,0.373628,0.318579
COc1ccc(cc1)S(=O)(=O)N1C[C@H](O)COC[C@H]2O[C@H](CC[C@@H]21)CC(=O)NCCCN1CCOCC1,0,0.165575,0.027480,0.010658
Cc1cccc(c1NC(=O)c1cc(c(cc1O)Cl)S(=O)(=O)N)C,0,0.000013,0.168470,0.092793
C[C@@H]1CCCCO[C@@H](CN(C)Cc2ccccc2)[C@H](C)CN([C@H](C)CO)C(=O)c2cc(ccc2O1)NS(=O)(=O)c1ccccc1,0,0.001947,0.024926,0.005518
C[C@H]1CCCCO[C@@H](CN(C)Cc2ccccc2)[C@@H](C)CN([C@@H](C)CO)C(=O)c2cc(ccc2O1)NS(=O)(=O)c1ccc(cc1)Cl,0,0.009679,0.023711,0.006359
C[C@@H]1CCCCO[C@@H](CN(C)C(=O)CCC(F)(F)F)[C@@H](C)CN([C@@H](C)CO)C(=O)c2cc(ccc2O1)NC(=O)C1CCCCC1,0,0.058764,0.106963,0.077158
C[C@@H]1CCCCO[C@@H](CN(C)Cc2ccc(cc2)C(F)(F)F)[C@H](C)CN([C@H](C)CO)C(=O)c2cc(ccc2O1)NC(=O)c1ccccc1,0,0.049527,0.021891,0.007677
C[C@H]1CN([C@H](C)CO)C(=O)c2cccc(c2O[C@H]1CN(C)Cc1ccc(cc1)C(=O)Nc1ccccc1N)NS(=O)(=O)c1ccc(cc1)Cl,0,0.006080,0.032985,0.006992
C[C@@H]1CN([C@H](C)CO)C(=O)c2cc(ccc2O[C@@H]1CN(C)S(=O)(=O)c1ccc(cc1)C)NC(=O)C1CC1,0,0.014052,0.024322,0.005137
CC(C(O)c1ccccc1)N(C)C,0,0.521936,0.174213,0.100357
C[C@@H]1CN([C@H](C)CO)C(=O)c2cccc(c2O[C@H]1CN(C)C(=O)NC1CCCCC1)NC(=O)c1cc(nn1C)C,0,0.033838,0.024143,0.006955
OS(=O)(=O)c1ccc(cc1)/C/1=C\2/N/C(=C(\C3=N/C(=C(/c4ccc(cc4)S(=O)(=O)O)c4ccc([nH]4)/C(=C\4/C=CC1=N4)c1ccc(cc1)S(=O)(=O)O)C=C3)c1ccc(cc1)S(=O)(=O)O)C=C2,0,0.008848,0.204929,0.042231
O=C1CCC(=O)N1OC(=O)c1ccccc1,0,0.244618,0.091418,0.100108
Cc1ccnc(c1)NC(=O)c1cc2sc3ccccc3c2s1,0,0.249521,0.123251,0.367183
C[C@H]1CN([C@@H](C)CO)C(=O)Cc2cc(ccc2O[C@H]1CN(C)S(=O)(=O)c1ccc(cc1)F)NC(=O)Nc1cccc2ccccc12,0,0.012164,0.024543,0.006971
OCCN(Cc1ccccc1)C(=O)C[C@H](CC=C)C(=O)NC[C@H](OC(=O)[C@@H](CC=C)Cc1ccc(cc1)F)c1ccccc1,0,0.014653,0.080419,0.042610
C[C@@H]1CN([C@@H](C)CO)S(=O)(=O)c2ccc(cc2O[C@@H]1CN(C)S(=O)(=O)c1cccc(c1)F)C#CCN(C)C,0,0.231324,0.029096,0.008597
Clc1cc(cc(c1)Oc1nc(ns1)-c1ccccc1)Cl,0,0.690989,0.688018,0.681822
CCC(Cc1c(I)cc(I)c(N)c1I)C(=O)O,0,0.950572,0.339095,0.246491
COc1ccc(cc1)CN(C)C[C@@H]1Oc2ccc(cc2C(=O)N(C[C@H]1C)[C@H](C)CO)NS(=O)(=O)C,0,0.007876,0.024562,0.008277
CN(C)[C@H]1[C@@H]2C[C@@H]3[C@H](O)c4c(ccc(c4C(=O)[C@@H]3C(=O)[C@]2(O)C(=O)[C@H](C(=O)N)C1=O)O)Cl,1,0.996621,0.905191,0.942010
C[C@@H]1CN([C@@H](C)CO)C(=O)c2cc(ccc2O[C@H]1CN(C)S(=O)(=O)c1ccccc1)NC(=O)C1CC1,0,0.005891,0.023937,0.004874
C[C@H]1CCCCO[C@H](CN(C)Cc2ccncc2)[C@@H](C)CN([C@@H](C)CO)C(=O)c2cc(ccc2O1)NS(=O)(=O)c1ccc(cc1)Cl,0,0.004654,0.023661,0.004318
CN(C)CC(=O)N1[C@@H]2CN3C(=O)C(=CC=C3[C@H]1[C@H]([C@@H]2CO)C(=O)N1CCOCC1)c1ccccc1,0,0.136316,0.023980,0.012987
COc1ccc(cc1)NC(=O)Nc1ccc2c(c1)C(=O)N(C[C@@H](C)[C@@H](CN(C)C(=O)CCC(F)(F)F)OCCCC[C@H](C)O2)[C@H](C)CO,0,0.052589,0.019632,0.009533
C[C@@H]1CCCCO[C@@H](CN(C)C(=O)Nc2ccccc2)[C@@H](C)CN([C@H](C)CO)C(=O)c2cc(ccc2O1)NS(=O)(=O)c1ccc(cc1)C,0,0.006580,0.023487,0.004061
CCCCCOc1ccc(cc1)[C@@H]1N(Cc2ccco2)C(=O)C(=C1C(=O)c1ccc2c(c1)OCCO2)O,0,0.042698,0.260649,0.195685
C[C@H]1CCCCO[C@H](CN(C)S(=O)(=O)C)[C@@H](C)CN([C@H](C)CO)C(=O)c2cc(ccc2O1)NS(=O)(=O)c1ccc(cc1)F,0,0.008238,0.024411,0.006655
C[C@@H]1CCCCO[C@@H](CN(C)S(=O)(=O)c2cccs2)[C@H](C)CN([C@H](C)CO)C(=O)c2cc(ccc2O1)NC(=O)Nc1ccccc1,0,0.002800,0.023300,0.004207
COc1ccc(cc1)[Si](C)(C)[C@H]1[C@H](C)[C@]2(O[C@@H]1CC(=O)N1Cc3ccccc3C[C@H]1CO)C(=O)N(Cc1ccc(cc1)N1C(=O)c3cccc4cccc1c34)c1ccccc12,0,0.000240,0.039514,0.020991
NC(=O)NCC#Cc1ccc2c(c1)[C@@]1([C@@H]([C@@H]3N([C@H]([C@H](OC3=O)c3ccccc3)c3ccccc3)[C@@H]1c1ccccc1OCCO)C(=O)N1CCCCCCC1)C(=O)N2,0,0.458912,0.115131,0.071348
CC[C@@]1(O)C[C@H](O[C@H]2C[C@@H]([C@H](O[C@H]3C[C@H](O)[C@H](O[C@H]4CCC(=O)[C@H](C)O4)[C@H](C)O3)[C@H](C)O2)N(C)C)c2c(c3c(cc2[C@H]1C(=O)OC)C(=O)c1cccc(c1C3=O)O)O,0,0.994832,0.835678,0.719629
CC(=O)O[C@H]1[C@@H](O)[C@H]2C(C)(C)CC[C@H](O)[C@]2(C)[C@@]2(O)C(=O)C[C@@](C)(O[C@]12C)C=C,0,0.266319,0.471908,0.569893
C[C@@H]1CCCCO[C@@H](CN(C)Cc2ccncc2)[C@@H](C)CN([C@H](C)CO)C(=O)c2cc(ccc2O1)NC(=O)Nc1ccccc1,0,0.008062,0.021924,0.004035
C[C@@H]1CCCCO[C@@H](CN(C)CC2CCCCC2)[C@H](C)CN([C@H](C)CO)C(=O)c2cc(ccc2O1)NC(=O)c1ccccc1,0,0.016715,0.026465,0.007649
C[C@@H]1CN([C@@H](C)CO)C(=O)Cc2cc(ccc2O[C@@H]1CN(C)Cc1ccc2c(c1)OCO2)NC(=O)Nc1ccc(cc1)C(F)(F)F,0,0.095594,0.096210,0.078430
C[C@]1([C@H]2CC[C@@H](O2)[C@@]1(C)C(=O)O)C(=O)O,0,0.798517,0.344098,0.201292
N[C@H](CCC(=O)N)C(=O)O,0,0.007522,0.026696,0.015215
COc1ccc(cc1)CN(C)C[C@H]1Oc2ccc(cc2CC(=O)N(C[C@@H]1C)[C@@H](C)CO)NC(=O)CCN1CCOCC1,0,0.004103,0.025963,0.005871
C[C@H](NC(=O)C[C@H]1CC[C@@H](NC(=O)CN2CCOCC2)[C@H](CO)O1)c1ccccc1,0,0.015440,0.023961,0.010701
COc1ccc(cc1)NC(=O)N(C)C[C@H]1OCCCC[C@@H](C)Oc2ccc(cc2C(=O)N(C[C@@H]1C)[C@@H](C)CO)NC(=O)c1ccccc1,0,0.004005,0.022220,0.004218
C[C@H]1CCCCO[C@H](CN(C)S(=O)(=O)c2cccs2)[C@H](C)CN([C@H](C)CO)C(=O)c2cc(ccc2O1)NC(=O)Nc1ccc(cc1)F,0,0.011453,0.024589,0.005575
COc1ccccc1S(=O)(=O)N(C)C[C@@H]1Oc2cc(ccc2S(=O)(=O)N(C[C@@H]1C)[C@H](C)CO)C#CCC(C)C,0,0.126943,0.029595,0.005182
C[C@@H]1CCCCO[C@@H](CN(C)C(=O)Nc2ccc3c(c2)OCO3)[C@H](C)CN([C@H](C)CO)C(=O)c2cc(ccc2O1)NC(=O)Cc1ccccc1,0,0.004783,0.023168,0.004072
C[C@H]1CCCCO[C@H](CN(C)C(=O)Nc2ccccc2)[C@@H](C)CN([C@@H](C)CO)C(=O)c2cc(ccc2O1)NC(=O)Cc1ccccc1,0,0.004292,0.021867,0.004640
OCC1(CO)N2CCC(CC2)C1=O,0,0.791152,0.090593,0.077586
C[C@@H]1CN([C@H](C)CO)C(=O)CCCn2cc(nn2)CO[C@@H]1CN(C)S(=O)(=O)c1ccc(cc1)Cl,0,0.050736,0.026371,0.009219
COc1cc(ccc1O)[C@H]1CC(=O)C2=C(SC(=CC2=O)c2ccc(c(c2)OC)O)N1Cc1ccco1,0,0.378394,0.067675,0.098852
COc1ccc(cc1)S(=O)(=O)Nc1ccc2c(c1)C(=O)N(C[C@H](C)[C@H](CN(C)CC1CCCCC1)OCCCC[C@@H](C)O2)[C@H](C)CO,0,0.017840,0.023909,0.006674
C[C@H]1CN([C@H](C)CO)C(=O)c2cc(ccc2O[C@H]1CN(C)C(=O)Nc1cccc2ccccc12)NS(=O)(=O)c1cccs1,0,0.012872,0.024534,0.005794
CC(C)NC(=O)N(C)C[C@@H]1Oc2cc(ccc2S(=O)(=O)N(C[C@@H]1C)[C@H](C)CO)-c1ccc(cc1)C,0,0.067907,0.046911,0.012286
C[C@@H]1CCCCO[C@@H](CN(C)Cc2ccc(cc2)C(F)(F)F)[C@@H](C)CN([C@H](C)CO)C(=O)c2cc(ccc2O1)NC(=O)Nc1cccc2ccccc12,0,0.199152,0.027600,0.012387
OC[C@H]1O[C@H](CCNS(=O)(=O)c2ccccc2)CC[C@@H]1NC(=O)c1cnccn1,0,0.041710,0.023700,0.008054
C[C@H]1CCCCO[C@H](CN(C)Cc2ccc(c(c2)Cl)Cl)[C@H](C)CN([C@H](C)CO)C(=O)c2cc(ccc2O1)NS(=O)(=O)c1ccccc1,0,0.008515,0.023971,0.004388
OC(=O)[C@H]1CN(CC=C)C(=O)C1,0,0.012391,0.027807,0.025799
CC(C)(C)OC(=O)C[C@H](CC=C)C(=O)O[C@@H](CNC(=O)[C@@H](CC=C)CC(=O)NCCO)c1ccccc1,0,0.009591,0.082181,0.039980
CC(C)n1nnc(n1)CC(=O)NN,0,0.129557,0.035334,0.019548
C[C@@H]1CCCCO[C@@H](CN(C)C(=O)Nc2ccc3c(c2)OCO3)[C@@H](C)CN([C@H](C)CO)C(=O)c2cc(ccc2O1)NC(=O)NC1CCCCC1,0,0.010432,0.022699,0.004951
Nc1nnc(o1)-c1ccc(o1)[N+](=O)[O-],1,0.994031,0.330633,0.421241
O[C@]1(CN2CCC1CC2)C#N,0,0.018788,0.101531,0.045153
COc1ccc(cc1)NC(=O)N(C)C[C@@H]1Oc2c(cccc2C(=O)N(C[C@@H]1C)[C@@H](C)CO)NC(=O)C1CCOCC1,0,0.044136,0.022482,0.004831
O=C1NCN(c2ccccc2)C21CCNCC2,0,0.772461,0.074338,0.048726
C[C@@H]1CCCCO[C@@H](CN(C)C(=O)CCCN(C)C)[C@H](C)CN([C@H](C)CO)C(=O)c2cc(ccc2O1)NC(=O)Nc1cccc2ccccc12,0,0.047285,0.021901,0.003984
COCC#Cc1cnc2c(c1)C(=O)N(C[C@H](C)[C@H](CN(C)C(=O)c1ccc3c(c1)OCO3)O2)[C@H](C)CO,0,0.023147,0.022834,0.005252
O[C@H]1COC[C@@H]2O[C@@H](CC[C@H]2N(C1)C(=O)Nc1cccc(c1)F)CC(=O)NCc1ccccc1Cl,0,0.911708,0.819194,0.742609
C[C@H]1CN([C@@H](C)CO)C(=O)c2cc(ccc2O[C@H]1CN(C)S(=O)(=O)c1ccc(cc1)C)NS(=O)(=O)c1cccs1,0,0.008994,0.022839,0.005758
C[C@H]1CCCCO[C@@H](CN(C)S(=O)(=O)c2ccc(cc2)C)[C@H](C)CN([C@@H](C)CO)C(=O)c2cc(ccc2O1)NS(=O)(=O)c1ccc(cc1)C,0,0.003529,0.025656,0.004816
Cl.NC(=O)CCC(N)C(=O)O,0,0.026382,0.147698,0.032355
NNC1=NC(=O)N(C=C1)[C@@H]1O[C@H](CO)[C@@H](O)[C@H]1O,0,0.809509,0.102524,0.053710
COc1ccccc1C#Cc1ccc2c(c1)O[C@H](CN(C)Cc1cncnc1)[C@H](C)CN([C@@H](C)CO)S2(=O)=O,0,0.163287,0.024557,0.005813
CCS(=O)(=O)Nc1ccc2c(c1)C(=O)N(C)[C@@H]1CC[C@H](CC(=O)N[C@@H]3CCN(C3)Cc3ccccc3)O[C@@H]1CO2,0,0.003040,0.023599,0.008069
OC[C@H]1O[C@@H](CCNS(=O)(=O)c2cccc(c2)F)CC[C@@H]1NS(=O)(=O)c1cccc(c1)Cl,0,0.245258,0.037663,0.020506
CO[C@H]1CN(C)C(=O)c2ccc(cc2OC[C@@H](C)N(C[C@H]1C)Cc1ccc(cc1)OC)NC(=O)c1nc2ccccc2s1,0,0.006116,0.027170,0.007880
C[C@@H]1CCCCO[C@H](CN(C)Cc2ccc3c(c2)OCO3)[C@@H](C)CN([C@@H](C)CO)C(=O)c2cc(ccc2O1)NS(=O)(=O)c1ccc(cc1)Cl,0,0.005743,0.023718,0.005084
C[C@H]1CCCCO[C@H](CN(C)Cc2ccc(cc2)C(=O)O)[C@H](C)CN([C@@H](C)CO)C(=O)c2cc(ccc2O1)NS(=O)(=O)c1cccs1,0,0.025961,0.027596,0.004668
CC(C)(C)[S@@+]([O-])N1Cc2cc(nc(c2[C@H]1CCO)-c1ccc(cc1)-c1ccc(cc1)C#N)C(=O)NCc1ccc2c(c1)OCO2,0,0.001036,0.296736,0.099099
ONC(=N)c1cccc(n1)C(=N)NO,0,0.999964,0.198388,0.122947
C[C@@H]1CCCCO[C@@H](CN(C)C(=O)Cc2ccccc2)[C@H](C)CN([C@@H](C)CO)C(=O)c2cc(ccc2O1)NC(=O)Nc1ccccc1,0,0.003763,0.021885,0.004622
C[C@@H]1CCCCO[C@@H](CN(C)C(=O)c2ccccc2)[C@H](C)CN([C@H](C)CO)C(=O)c2cc(ccc2O1)NC(=O)Cc1ccccc1,0,0.000834,0.021818,0.004259
C[C@@H]1CCCCO[C@@H](CN(C)C(=O)Nc2ccc(cc2)C(F)(F)F)[C@H](C)CN([C@@H](C)CO)C(=O)c2cc(ccc2O1)NC(=O)Nc1cccc2ccccc12,0,0.351003,0.025649,0.012802
C[C@H]1CN([C@H](C)CO)C(=O)c2cccc(c2O[C@@H]1CN(C)C(=O)Nc1cccc2ccccc12)NC(=O)Nc1c(noc1C)C,0,0.148836,0.024529,0.010204
NC(=O)OC[C@H]1[C@@H]2N=C(N)N[C@]22N(CCC2(O)O)C(=N)N1O,0,0.000641,0.265637,0.145605
C[C@H]1CN([C@H](C)CO)C(=O)c2cc(ccc2O[C@@H]1CN(C)Cc1ccc(cc1)C(F)(F)F)NS(=O)(=O)c1ccc(cc1)Cl,0,0.195944,0.037916,0.017108
C[C@H]1CN([C@@H](C)CO)C(=O)c2cc(cnc2O[C@@H]1CN(C)C(=O)CN(C)C)C#CC(C)(C)O,0,0.119644,0.044220,0.013700
NCC[C@H]1CC[C@H](NC(=O)NC2CCCCC2)[C@@H](CO)O1,0,0.238123,0.034246,0.012507
COc1ccc(cc1)NC(=O)N(C)C[C@@H]1Oc2ccc(cc2C(=O)N(C[C@H]1C)[C@@H](C)CO)NC(=O)C1CC1,0,0.022933,0.023442,0.005996
C[C@@H]1CN([C@H](C)CO)C(=O)CCCn2cc(nn2)CO[C@@H]1CN(C)S(=O)(=O)c1c(noc1C)C,0,0.014652,0.024627,0.007240
C[C@H]1CCCCO[C@@H](CN(C)C(=O)NC2CCCCC2)[C@@H](C)CN([C@@H](C)CO)C(=O)c2cc(ccc2O1)NC(=O)Nc1c(noc1C)C,0,0.027855,0.024991,0.007351
COC1=C(C#N)C(=NN)SN1,0,0.008010,0.053831,0.036527
COc1ccc(cc1)NC(=O)Nc1ccc2c(c1)CC(=O)N(C[C@H](C)[C@@H](CN(C)Cc1ccc(cc1)-c1ccccc1)O2)[C@@H](C)CO,0,0.032314,0.024762,0.006481
C[C@H]1CCCCO[C@@H](CN(C)C(=O)Nc2c(noc2C)C)[C@@H](C)CN([C@H](C)CO)C(=O)c2cc(ccc2O1)NC(=O)Nc1ccc(cc1)C(F)(F)F,0,0.682234,0.168981,0.055942
C[C@H]1CN([C@H](C)CO)C(=O)c2cc(cnc2O[C@H]1CN(C)S(=O)(=O)C)C#CCN(C)C,0,0.038426,0.023287,0.007128
C[C@@H]1CN([C@@H](C)CO)S(=O)(=O)c2ccc(cc2O[C@H]1CN(C)S(=O)(=O)c1ccc(cc1)C)C#Cc1ccccc1,0,0.060953,0.037491,0.009869
COC(=O)c1cn(c2ccccc12)CC(=O)N,0,0.053790,0.066802,0.043673
C[C@@H]1CCCCO[C@H](CN(C)CC2CCCCC2)[C@@H](C)CN([C@H](C)CO)C(=O)c2cc(ccc2O1)NC(=O)Nc1ccccc1,0,0.085350,0.051738,0.015517
CNc1nc(nc(c1[N+](=O)[O-])N)N1CCCC1,0,0.997432,0.105141,0.104428
C[C@@H]1CN([C@H](C)CO)C(=O)Cc2cc(ccc2O[C@@H]1CN(C)C(=O)Nc1ccc2c(c1)OCO2)NC(=O)C1CC1,0,0.003970,0.020756,0.004871
COc1ccc(cc1)NC(=O)N(C)C[C@@H]1Oc2cc(ccc2S(=O)(=O)N(C[C@@H]1C)[C@H](C)CO)C#CCN(C)C,0,0.201004,0.029181,0.009367
C[C@@H]1CN([C@H](C)CO)C(=O)Cc2cc(ccc2O[C@H]1CN(C)CC1CC1)NS(=O)(=O)c1ccccc1,0,0.005081,0.027497,0.006031
OC[C@@H]1O[C@@H](CC[C@H]1NC(=O)Nc1ccc2c(c1)OCO2)CC(=O)NCCCN1CCOCC1,0,0.057591,0.030928,0.014211
COc1ccc(cc1)S(=O)(=O)Nc1ccc2c(c1)C(=O)N(C[C@H](C)[C@H](CN(C)S(=O)(=O)c1ccc(cc1)Cl)OCCCC[C@H](C)O2)[C@H](C)CO,0,0.013925,0.023686,0.005553
COc1cccc(c1)S(=O)(=O)N1C[C@@H](O)COC[C@@H]2O[C@H](CC[C@H]21)CC(=O)N1CCOCC1,0,0.037852,0.039796,0.013771
CCOC(=O)c1cccc(n1)C(=O)O,0,0.086710,0.063969,0.104964
COc1ccc(cc1)S(=O)(=O)Nc1ccc2c(c1)C(=O)N(C[C@H](C)[C@H](CN(C)S(=O)(=O)C)OCCCC[C@@H](C)O2)[C@H](C)CO,0,0.005015,0.023353,0.005910
C[C@H]1CCCCO[C@H](CN(C)Cc2ccc(cc2)C(F)(F)F)[C@H](C)CN([C@@H](C)CO)C(=O)c2cc(ccc2O1)NS(=O)(=O)C,0,0.062104,0.028115,0.008686
Cc1csc2c(ncnc12)Cl,0,0.512563,0.117926,0.043177
C[C@H]1CCCCO[C@@H](CN(C)C(=O)c2ccccc2)[C@H](C)CN([C@H](C)CO)C(=O)c2cc(ccc2O1)NC(=O)Nc1ccc(cc1)F,0,0.014182,0.021982,0.005139
NC1=CC(=O)N=C2NN=C(SCC=C)N12,0,0.328368,0.075044,0.048797
N=C1NC(=O)N2CC12,0,0.196846,0.044814,0.037184
C[C@@H]1CN([C@@H](C)CO)C(=O)Cc2cc(ccc2O[C@@H]1CN(C)S(=O)(=O)C)NC(=O)CCN1CCOCC1,0,0.000404,0.023835,0.004883
C[C@H]1CN([C@@H](C)CO)C(=O)CCCn2nncc2CO[C@H]1CN(C)C(=O)C1CC1,0,0.018576,0.023552,0.005172
C[C@@H]1CCCCO[C@@H](CN(C)C)[C@H](C)CN([C@@H](C)CO)C(=O)c2cc(ccc2O1)NC(=O)CCCN(C)C,0,0.058993,0.024904,0.007821
C[C@@H]1CN([C@@H](C)CO)C(=O)c2cccc(c2O[C@@H]1CN(C)S(=O)(=O)c1ccc(cc1)F)NS(=O)(=O)c1c(noc1C)C,0,0.023880,0.038694,0.010901
CN(C)C(=O)C[C@H]1CC[C@@H](NC(=O)C2CCOCC2)[C@H](CO)O1,0,0.023768,0.027064,0.007991
CC1(C)[C@@H](CC[C@@]1(C)C(=O)O)C(=O)N,0,0.243485,0.065406,0.056172
CC(C)[C@@H]1N(C)C(=O)[C@@H](Cc2ccccc2)NC(=O)[C@H](CC(=O)O)NC(=O)CNC(=O)[C@H](CCCNC(=N)N)NC1=O,0,0.111493,0.423690,0.266331
C[C@H]1CN([C@H](C)CO)C(=O)c2cc(ccc2O[C@H]1CN(C)C(=O)NC1CCCCC1)NC(=O)CCCN(C)C,0,0.023985,0.023655,0.007373
C[C@@H]1CN([C@H](C)CO)C(=O)Cc2cc(ccc2O[C@@H]1CN(C)S(=O)(=O)c1cn(cn1)C)NC(=O)Nc1c(noc1C)C,0,0.010939,0.023512,0.004775
CC(C)NC(=O)N(C)C[C@@H]1Oc2ccc(cc2C(=O)N(C[C@@H]1C)[C@H](C)CO)NS(=O)(=O)c1ccc(cc1)Cl,0,0.060634,0.025525,0.009493
C[C@@H]1CN([C@@H](C)CO)C(=O)c2cc(ccc2O[C@H]1CN(C)C(=O)Nc1cccc2ccccc12)NC(=O)CCCCCC(=O)Nc1ccccc1N,0,0.018158,0.023564,0.004645
C[C@H]1CN([C@H](C)CO)C(=O)c2cc(ccc2O[C@H]1CN(C)C(=O)Nc1cccc2ccccc12)NC(=O)Nc1cccc2ccccc12,0,0.019713,0.024711,0.010662
Nc1ccc(cc1)CCNc1ncnc2n(cnc12)[C@@H]1O[C@H](CO)[C@@H](O)[C@H]1O,0,0.342653,0.427454,0.316155
C[C@H]1CCCCO[C@@H](CN(C)CC2CC2)[C@@H](C)CN([C@H](C)CO)C(=O)c2cc(ccc2O1)NS(=O)(=O)c1cn(cn1)C,0,0.065802,0.023706,0.005468
CCCN(C)C[C@H]1Oc2cc(ccc2S(=O)(=O)N(C[C@H]1C)[C@@H](C)CO)C#Cc1cccc(c1)OC,0,0.242189,0.037057,0.011100
C[C@@H]1CN([C@@H](C)CO)C(=O)c2cccc(c2O[C@H]1CN(C)C(=O)Nc1ccc(cc1)C(F)(F)F)NC(=O)Nc1c(noc1C)C,1,0.821868,0.627038,0.535986
NC1=NC(=O)C2=C(N1)NC(=O)C(=O)N2,0,0.715668,0.125770,0.068549
OC(=O)c1ccccc1OP(=O)(O)O,0,0.000020,0.173949,0.202305
C[C@H]1CCCCO[C@@H](CN(C)C(=O)Nc2ccccc2)[C@H](C)CN([C@H](C)CO)C(=O)c2cc(ccc2O1)NC(=O)c1ccccc1,0,0.002387,0.022247,0.004356
CC(=O)N1[C@@H](CO)[C@H]([C@H]1CNC(=O)CN1CCOCC1)c1ccccc1,0,0.019059,0.037164,0.018475
C[C@@H]1CN([C@H](C)CO)C(=O)CCCn2nncc2CO[C@@H]1CN(C)C(=O)Nc1cccc(c1)C(F)(F)F,1,0.753259,0.916205,0.932207
C[C@@H]1CCCCO[C@H](CN(C)Cc2ccc(c(c2)Cl)Cl)[C@H](C)CN([C@@H](C)CO)C(=O)c2cc(ccc2O1)NC(=O)Cc1ccccc1,0,0.039199,0.024116,0.006130
COc1ccc(cc1OC)C#Cc1cccc(c1)-c1nc(cc2c1[C@@H](CCO)N(C2)S(=O)C(C)(C)C)C(=O)N1CCN(CC1)Cc1ccccc1,0,0.024698,0.095748,0.035087
COc1cc(ccc1S(=O)(=O)N1[C@@H]2CC[C@@H](C2)[C@H]1c1nc2cccc(c2[nH]1)OCc1ccccc1)C,0,0.311599,0.034499,0.021396
C[C@@H]1CN([C@H](C)CO)C(=O)Cc2cc(ccc2O[C@@H]1CN(C)S(=O)(=O)c1cccs1)NS(=O)(=O)c1cccs1,0,0.000417,0.026438,0.006878
CC1=NCCN1,0,0.000181,0.050552,0.016884
COCC(=O)Nc1ccc2c(c1)OC[C@H](C)N(C[C@H](C)[C@H](CN(C)C2=O)OC)Cc1cccc(c1)F,0,0.008145,0.032428,0.008202
C[C@H]1CN([C@H](C)CO)C(=O)Cc2cc(ccc2O[C@@H]1CN(C)C(=O)Nc1ccc(cc1)F)NC(=O)Nc1ccc(cc1)C(F)(F)F,0,0.569825,0.043373,0.041661
C[C@@H]1CN([C@@H](C)CO)C(=O)CCCn2cc(nn2)CO[C@@H]1CN(C)C(=O)Nc1ccc2c(c1)OCO2,0,0.048912,0.023237,0.005216
C[C@@H]1CCCCO[C@@H](CN(C)Cc2ccccc2)[C@H](C)CN([C@@H](C)CO)C(=O)c2cc(ccc2O1)NC(=O)Nc1cccc2ccccc12,0,0.016976,0.031851,0.007594
C[C@H]1CN([C@H](C)CO)C(=O)c2c(c3ccccc3n2C)-c2ccccc2CO[C@H]1CN(C)Cc1ccc(cc1)Oc1ccccc1,0,0.040740,0.035154,0.015931
Brc1ccc2nc(nc(c2c1)NC1CCN(CC1)Cc1ccccc1)N1CCCN(CC1)Cc1ccccc1,1,0.853916,0.593043,0.534815
C[C@H]1CCCCO[C@@H](CN(C)S(=O)(=O)c2ccc(cc2)C)[C@@H](C)CN([C@H](C)CO)C(=O)c2cc(ccc2O1)NS(=O)(=O)c1ccc(cc1)C,0,0.003529,0.025656,0.004816
C[C@@H]1CCCCO[C@@H](CN(C)CC2CC2)[C@H](C)CN([C@H](C)CO)C(=O)c2cc(ccc2O1)NC(=O)Cc1ccccc1,0,0.037471,0.026760,0.008367
Clc1ccc(cc1)/C=C/C1=Nc2cccc3cccc(c23)N1,0,0.960776,0.819297,0.806196
COc1cccc(c1)NC(=O)N[C@@H]1CC[C@@H](CC(=O)N2CCN(C)CC2)O[C@@H]1CO,0,0.068808,0.028548,0.010812
COc1ccc(cc1)CNC(=O)N(C)C[C@@H]1OCc2ccccc2-c2c(n(c3ccccc23)C)C(=O)N(C[C@@H]1C)[C@H](C)CO,0,0.022650,0.023286,0.007720
O=C(CCC1CCCCC1)NCCC12CC3CC(CC(C3)C2)C1,0,0.924309,0.577710,0.618733
C[C@@H]1CCCCO[C@H](CN(C)C(=O)Nc2ccc(cc2)C(F)(F)F)[C@H](C)CN([C@H](C)CO)C(=O)c2cc(ccc2O1)NS(=O)(=O)C,0,0.243558,0.041818,0.020645
Oc1ccc(cc1)C1CCC(=O)CC1,0,0.219104,0.244292,0.241357
C[C@H]1CN([C@H](C)CO)C(=O)Cc2cc(ccc2O[C@@H]1CN(C)Cc1ccc(cc1)C(=O)O)NC(=O)Nc1ccc(cc1)C(F)(F)F,0,0.497657,0.046407,0.018723
C[C@@H]1CN([C@H](C)CO)C(=O)c2cccc(c2O[C@@H]1CN(C)Cc1ccc(cc1)Oc1ccccc1)NC(=O)C1CCCCC1,0,0.018370,0.044700,0.019408
C[C@H]1CCCCO[C@H](CN(C)C(=O)Nc2cccc3ccccc23)[C@@H](C)CN([C@@H](C)CO)C(=O)c2cc(ccc2O1)NC(=O)c1ccncc1,0,0.005516,0.022229,0.004013
C[C@H]1CN([C@@H](C)CO)C(=O)Cc2cc(ccc2O[C@H]1CN(C)Cc1ccccc1)NC(=O)Nc1cccc2ccccc12,0,0.014839,0.028672,0.010499
C[C@@H]1CN([C@@H](C)CO)C(=O)Cc2cc(ccc2O[C@@H]1CN(C)Cc1ccc(c(c1)Cl)Cl)NC(=O)Cc1ccccc1,0,0.036626,0.045481,0.016650
C[C@H]1CN([C@@H](C)CO)C(=O)Cc2cc(ccc2O[C@@H]1CN(C)Cc1ccc(c(c1)Cl)Cl)NC(=O)Nc1cccc2ccccc12,0,0.123508,0.030628,0.007426
C1CO[C@@]2(C1)CCNC2,0,0.174329,0.031876,0.015337
C[C@H]1CN([C@@H](C)CO)C(=O)c2c(c3ccccc3n2C)-c2ccccc2CO[C@@H]1CN(C)Cc1cccc(c1)O,0,0.039200,0.058722,0.026839
C[C@@H]1CN([C@@H](C)CO)C(=O)Cc2cc(ccc2O[C@@H]1CN(C)Cc1ccc(cc1)Oc1ccccc1)NC(=O)CCC(F)(F)F,0,0.016714,0.042232,0.018434
CO[C@@H]1CN(C)C(=O)c2cc(ccc2OC[C@H](C)N(CCC(F)(F)F)C[C@@H]1C)NC(=O)Nc1ccccc1F,0,0.700005,0.169340,0.144464
COc1ccc(cc1)S(=O)(=O)Nc1ccc2c(c1)C(=O)N(C[C@H](C)[C@H](CN(C)Cc1ccc(cc1)C(F)(F)F)OCCCC[C@H](C)O2)[C@H](C)CO,0,0.031359,0.025010,0.005968
OCCCCO[C@H]1C[C@H](C=C(O1)C(=O)N1CCOCCOCCOCCOCC1)C1=COc2ccccc2C1=O,0,0.001013,0.081745,0.082172
CN1CCN(CC1)C(=O)C[C@H]1CC[C@@H](NC(=O)c2ccc3c(c2)OCO3)[C@@H](CO)O1,0,0.040708,0.026645,0.009596
COc1ccc(cc1)S(=O)(=O)Nc1ccc2c(c1)C(=O)N(C[C@H](C)[C@@H](CN(C)C(=O)Nc1ccccc1)OCCCC[C@@H](C)O2)[C@H](C)CO,0,0.004242,0.023504,0.003808
C[C@@H]1CN([C@H](C)CO)C(=O)c2cc(ccc2O[C@@H]1CN(C)S(=O)(=O)c1ccccc1)NS(=O)(=O)c1ccc(cc1)F,0,0.009705,0.024912,0.009111
C[C@@H]1CN([C@H](C)CO)C(=O)Cc2cc(ccc2O[C@@H]1CN(C)S(=O)(=O)c1cn(cn1)C)NC(=O)Cn1cnnn1,0,0.012843,0.023946,0.004736
C[C@@H]1CN([C@H](C)CO)C(=O)c2cccc(c2O[C@@H]1CN(C)Cc1ccc(cc1)C(F)(F)F)NC(=O)c1nc2ccccc2s1,0,0.146310,0.165513,0.078611
C[C@H]1CN([C@@H](C)CO)C(=O)CCCn2cc(nn2)CO[C@H]1CN(C)C(=O)Oc1ccc2ccccc2c1,0,0.251194,0.028847,0.019494
OC[C@@H](O)[C@H](O)[C@@H](O)/C=N/NC(=O)c1ccc(cc1)C(=O)NO,0,0.062737,0.115888,0.092908
OC[C@@H]1O[C@H](CC(=O)NC2CCC2)C=C[C@H]1NC(=O)CN1CCOCC1,0,0.008622,0.028256,0.009618
C[C@H](O)C#Cc1ccc2c(c1)O[C@H](CN(C)C(=O)c1ccccc1)[C@@H](C)CN([C@H](C)CO)S2(=O)=O,0,0.027232,0.028558,0.009206
C[C@@H]1CCCCO[C@@H](CN(C)S(=O)(=O)c2ccc(cc2)F)[C@@H](C)CN([C@@H](C)CO)C(=O)c2cc(ccc2O1)NC(=O)Nc1c(noc1C)C,0,0.026201,0.023962,0.006380
C[C@@H]1CN([C@H](C)CO)C(=O)c2cc(cnc2O[C@@H]1CN(C)C(=O)Cc1ccccn1)C#CC1CCCCC1,0,0.009499,0.022791,0.005867
Cc1onc(c1CN)-c1ccccc1,0,0.235905,0.181591,0.115797
COc1cccc(c1)NC(=O)N(C)C[C@H]1Oc2ncc(cc2C(=O)N(C[C@H]1C)[C@H](C)CO)Br,0,0.023159,0.028691,0.010692
ONC(=O)CCCCCNC(=O)OCc1ccc(cc1)CO[C@H]1C[C@H](C=C(O1)C(=O)N1CCN(CC1)Cc1ccccc1)c1ccccc1,0,0.000003,0.068349,0.041992
C[C@@H]1CN([C@@H](C)CO)C(=O)Cc2cc(ccc2O[C@H]1CN(C)Cc1ccccc1)NC(=O)Nc1cccc2ccccc12,0,0.014839,0.028672,0.010499
C[C@@H]1CCCCO[C@@H](CN(C)C(=O)NC2CCCCC2)[C@H](C)CN([C@@H](C)CO)C(=O)c2cc(ccc2O1)NC(=O)Nc1ccc(cc1)F,0,0.059803,0.024668,0.007065
CCC(=O)N1C[C@]2(CN(C2)C(=O)CN2CCOCC2)c2c([nH]c3cc(ccc23)OC)[C@H]1CO,0,0.013312,0.042647,0.017900
COc1ccc(cc1)NC(=O)N(C)C[C@@H]1OCCCC[C@@H](C)Oc2ccc(cc2C(=O)N(C[C@@H]1C)[C@@H](C)CO)NC(=O)Nc1ccc(cc1)F,0,0.054794,0.020840,0.007143
O=C1CN(C=NN1)c1ccccc1,0,0.121884,0.052993,0.022919
NC1=CC(=O)N=C2SC(=NN12)C1CC1,0,0.090001,0.044442,0.036862
COc1cc2c(cc1OC)CN(CCc1ccc(cc1)NC(=O)c1cc(c(cc1NC(=O)c1cnc3ccccc3c1)OC)OC)CC2,0,0.054847,0.046209,0.079220
C[C@@H]1CCCCO[C@@H](CN(C)S(=O)(=O)c2ccc(cc2)C)[C@@H](C)CN([C@H](C)CO)C(=O)c2cc(ccc2O1)NS(=O)(=O)C,0,0.006709,0.023491,0.004671
OC[C@@H]1O[C@H](CC[C@@H]1NC(=O)C1CC1)CC(=O)NCCCN1CCOCC1,0,0.075150,0.023764,0.010166
C[C@@H]1CCCCO[C@H](CN(C)Cc2ccc(cc2)C(=O)O)[C@@H](C)CN([C@H](C)CO)C(=O)c2cc(ccc2O1)NC(=O)C1CCCCC1,0,0.108676,0.044080,0.019205
C[C@@H]1CCCCO[C@H](CN(C)CC2CCCCC2)[C@H](C)CN([C@@H](C)CO)C(=O)c2cc(ccc2O1)NC(=O)c1ccccc1,0,0.016715,0.026465,0.007649
C[C@H]1CCCCO[C@H](CN(C)C(=O)Nc2ccc3c(c2)OCO3)[C@@H](C)CN([C@@H](C)CO)C(=O)c2cc(ccc2O1)NS(=O)(=O)c1ccc(cc1)C,0,0.003069,0.024412,0.004014
CCCCCCCCCCCCCCCCOc1nc2ccc(C)cc2c(=O)o1,0,0.997941,0.209574,0.240121
O[C@H]1COC[C@H]2O[C@@H](CC[C@@H]2N(C1)C(=O)C1CC1)CC(=O)NCc1ccncc1,0,0.290578,0.032258,0.017033
C[C@@H]1CN([C@H](C)CO)C(=O)Cc2cc(ccc2O[C@H]1CN(C)Cc1ccc(cc1)-c1ccccc1)NS(=O)(=O)c1ccc(cc1)Cl,0,0.007197,0.025480,0.007064
COc1ccc(cc1)S(=O)(=O)N1C[C@@H](O)COC[C@@H]2O[C@@H](CC[C@H]21)CC(=O)NCCCN(C)C,0,0.428779,0.028332,0.011063
C[C@H]1CN([C@H](C)CO)C(=O)c2cccc(c2O[C@@H]1CN(C)Cc1ccncc1)NS(=O)(=O)c1cccs1,0,0.003020,0.023782,0.004570
C[C@H]1CN([C@@H](C)CO)C(=O)Cc2cc(ccc2O[C@H]1CN(C)Cc1ccc(cc1)C(F)(F)F)NC(=O)Nc1cccc2ccccc12,0,0.093581,0.053838,0.023474
CC1OC(OC2C=C3CCC4C(CCC5(C)C(c6ccc(=O)oc6)CCC45O)C3(C)CC2)C(O)C(O)C1O,0,0.422922,0.517777,0.467031
O[C@H]1COC[C@H]2O[C@@H](CC[C@@H]2N(C1)C(=O)Nc1cccc(c1)Cl)CC(=O)NCc1ccccc1F,1,0.777687,0.900270,0.869259
N[C@H]1[C@H](O)O[C@H](CO)[C@@H](O)[C@@H]1O,0,0.033805,0.073527,0.033504
C[C@H]1CN([C@@H](C)CO)C(=O)CCCn2nncc2CO[C@H]1CN(C)S(=O)(=O)C,0,0.004609,0.024406,0.006677
COCCCOc1cc(CC(CC(N)C(O)CC(C(=O)NCC(C)(C)C(N)=O)C(C)C)C(C)C)ccc1OC.O=C(O)C=CC(=O)O,0,0.778817,0.472510,0.156978
C[C@H]1CCCCO[C@@H](CN(C)Cc2ccncc2)[C@H](C)CN([C@@H](C)CO)C(=O)c2cc(ccc2O1)NC(=O)Nc1c(noc1C)C,0,0.014618,0.028176,0.008299
C[C@H]1CCCCO[C@@H](CN(C)S(=O)(=O)c2cccs2)[C@H](C)CN([C@@H](C)CO)C(=O)c2cc(ccc2O1)NC(=O)Nc1c(noc1C)C,0,0.003500,0.023349,0.004546
Cc1c(C(N)=O)cc([N+](=O)[O-])cc1[N+](=O)[O-],0,0.632863,0.263860,0.256370
NNCc1ccccc1,0,0.377127,0.537475,0.354720
FC(F)(F)c1ccc(cc1)C[C@H]1CCn2cc(nn2)COC[C@@H](NC(=O)[C@H](CCn2cc(nn2)COC[C@@H](NC1=O)c1ccccc1)Cc1ccc(cc1)C(F)(F)F)c1ccccc1,0,0.996731,0.193875,0.160561
CCN(CC)CCOC(=O)c1ccc(N)cc1.Cl,0,0.388930,0.113730,0.081542
C[C@@H]1CN([C@H](C)CO)C(=O)c2cc(ccc2O[C@@H]1CN(C)Cc1ccc(cc1)C(=O)Nc1ccccc1N)NS(=O)(=O)c1ccc(cc1)Cl,0,0.003076,0.023939,0.005381
C[C@H]1CCCCO[C@@H](CN(C)C(=O)c2ccccc2)[C@H](C)CN([C@@H](C)CO)C(=O)c2cc(ccc2O1)NC(=O)C1CCCCC1,0,0.001945,0.022305,0.005141
C[C@@H]1CCCCO[C@H](CN(C)Cc2ccccc2)[C@H](C)CN([C@H](C)CO)C(=O)c2cc(ccc2O1)NC(=O)NC1CCCCC1,0,0.021396,0.024362,0.007085
C[C@@H]1CN([C@@H](C)CO)C(=O)c2cc(cnc2O[C@@H]1CN(C)S(=O)(=O)c1ccc(cc1)C)-c1ccncc1,0,0.004177,0.027749,0.004847
O[C@@H]1COC[C@H]2O[C@H](CC[C@@H]2N(C1)S(=O)(=O)c1ccccc1F)CC(=O)NCc1ccccc1Cl,0,0.593394,0.035827,0.022468
C[C@@H]1CN([C@@H](C)CO)C(=O)Cc2cc(ccc2O[C@@H]1CN(C)Cc1ccc(cc1)Oc1ccccc1)NC(=O)c1ccncc1,0,0.001079,0.022058,0.005211
C[C@@H]1CN([C@@H](C)CO)C(=O)c2cccc(c2O[C@@H]1CN(C)C(=O)Nc1ccc2c(c1)OCO2)NC(=O)c1cc(nn1C)C,0,0.013960,0.023269,0.005109
C[C@@H]1CN([C@@H](C)CO)C(=O)c2cccc(c2O[C@H]1CN(C)Cc1ccc(cc1)C(=O)Nc1ccccc1N)NC(=O)Nc1ccc2c(c1)OCO2,0,0.005897,0.022926,0.004947
COc1ccc(cc1)S(=O)(=O)Nc1ccc2c(c1)C(=O)N(C[C@@H](C)[C@H](CN(C)Cc1ccncc1)O2)[C@@H](C)CO,0,0.001635,0.023328,0.004843
C[C@H]1CCCCO[C@@H](CN(C)Cc2ccc3c(c2)OCO3)[C@H](C)CN([C@H](C)CO)C(=O)c2cc(ccc2O1)NS(=O)(=O)c1ccc(cc1)C,0,0.002599,0.024602,0.005362
C[C@H]1CN([C@@H](C)CO)C(=O)c2cccc(c2O[C@H]1CN(C)S(=O)(=O)c1ccc(cc1)Cl)NC(=O)c1cc(nn1C)C,0,0.052920,0.022637,0.005759
COc1ccc(cc1)CN1C[C@]2(CCN(CC2)S(=O)(=O)c2cn(cn2)C)c2c([nH]c3cc(ccc23)OC)[C@H]1CO,0,0.018779,0.031078,0.014334
C[C@H]1CN([C@H](C)CO)C(=O)c2cc(ccc2O[C@H]1CN(C)Cc1ccccc1)NS(=O)(=O)c1cn(cn1)C,0,0.016823,0.023333,0.005041
COCC#Cc1ccc(cc1)[C@H]1[C@H](CO)N2[C@@H]1CN(CC2=O)C(=O)c1ccncc1,0,0.133002,0.031639,0.011271
C[C@H]1OC(=O)CC[C@@H](O)/C=C/[C@@H](O)[C@@H]1O,0,0.047043,0.121373,0.063937
C[C@@H]1CN([C@@H](C)CO)C(=O)c2cc(ccc2O[C@H]1CN(C)C(=O)Nc1ccc(cc1)C(F)(F)F)NC(=O)Cc1ccccc1,0,0.468356,0.404964,0.311230
C[C@H]1CCCCO[C@@H](CN(C)Cc2ccc(c(c2)Cl)Cl)[C@H](C)CN([C@H](C)CO)C(=O)c2cc(ccc2O1)NC(=O)c1ccncc1,0,0.018485,0.021420,0.004296
C[C@H]1CN([C@H](C)CO)C(=O)Cc2cc(ccc2O[C@@H]1CN(C)C(=O)Nc1ccc(cc1)C(F)(F)F)NC(=O)Nc1ccc(cc1)F,0,0.596757,0.060068,0.069977
COc1ccc(cc1)NC(=O)N(C)C[C@H]1OCCCC[C@H](C)Oc2ccc(cc2C(=O)N(C[C@@H]1C)[C@H](C)CO)NC(=O)C1CCCCC1,0,0.009829,0.023429,0.004760
C[C@@H]1CCCCO[C@H](CN(C)C(=O)Nc2ccc3c(c2)OCO3)[C@@H](C)CN([C@H](C)CO)C(=O)c2cc(ccc2O1)NC(=O)Nc1ccc(cc1)F,0,0.039907,0.021550,0.005001
C[C@@H]1CN([C@H](C)CO)C(=O)c2cccc(c2O[C@H]1CN(C)C(=O)Nc1ccc2c(c1)OCO2)NS(=O)(=O)c1cn(cn1)C,0,0.020288,0.023599,0.004479
CN1CCN(CC1)C(=O)C[C@@H]1CC[C@@H]2[C@H](COC[C@H](O)CN2C(=O)C2CCCC2)O1,0,0.625582,0.038988,0.023081
C[C@@H]1CCCCO[C@H](CN(C)S(=O)(=O)c2c(noc2C)C)[C@H](C)CN([C@@H](C)CO)C(=O)c2cc(ccc2O1)NC(=O)Nc1ccc(cc1)F,0,0.031689,0.026168,0.006189
COc1ccc(cc1)NC(=O)Nc1ccc2c(c1)C(=O)N(C[C@@H](C)[C@H](CN(C)C(=O)NC1CCCCC1)OCCCC[C@@H](C)O2)[C@@H](C)CO,0,0.013994,0.022414,0.004578
COc1ccc(cc1)OCC(=O)NCC(=O)O,0,0.082821,0.043818,0.033394
C[C@H]1CCCCO[C@H](CN(C)S(=O)(=O)c2cn(cn2)C)[C@@H](C)CN([C@@H](C)CO)C(=O)c2cc(ccc2O1)NS(=O)(=O)c1cccs1,0,0.002754,0.023817,0.004450
COc1cc(C(=O)NC2CCCNC2)cc(OC)c1OC,0,0.371812,0.219196,0.098380
C[C@@H]1CCCCO[C@@H](CN(C)S(=O)(=O)c2ccccc2)[C@H](C)CN([C@@H](C)CO)C(=O)c2cc(ccc2O1)NC(=O)Nc1ccc(cc1)C(F)(F)F,0,0.127294,0.031912,0.008199
C[C@@H](O)c1ccc2ccccc2c1,0,0.367200,0.195628,0.156633
C[C@H]1[C@@H]([C@@H](CC(=O)N2Cc3ccccc3C[C@H]2CO)O[C@]11C(=O)N(c2ccccc2)c2ccccc21)[Si](C)(C)F,0,0.001278,0.074659,0.068733
C[C@@H]1COS(=O)(=O)N1,0,0.000129,0.071800,0.047766
CN1CC(=O)NC1=N,0,0.000886,0.047517,0.017352
CC(C)NC(=O)Nc1cccc2c1O[C@@H](CN(C)S(=O)(=O)c1cn(cn1)C)[C@H](C)CN([C@H](C)CO)C2=O,0,0.071343,0.025018,0.006202
C[C@H]1CCCCO[C@H](CN(C)C(=O)Nc2cccc3ccccc23)[C@@H](C)CN([C@@H](C)CO)C(=O)c2cc(ccc2O1)NC(=O)Nc1ccc2c(c1)OCO2,0,0.010618,0.022721,0.004995
C[C@H]1CN([C@H](C)CO)C(=O)CCCn2cc(nn2)CO[C@H]1CN(C)C(=O)Oc1ccc2ccccc2c1,0,0.251194,0.028847,0.019494
OC[C@H]1[C@H]([C@H]2CN(CC(=O)N12)S(=O)(=O)Cc1ccccc1)c1ccc(cc1)C#Cc1cccc(c1)F,0,0.186483,0.042675,0.023780
C[C@H]1CN([C@@H](C)CO)C(=O)c2cc(ccc2O[C@H]1CN(C)S(=O)(=O)c1ccc(cc1)Cl)NC(=O)Nc1ccc(cc1)C(F)(F)F,0,0.638627,0.145355,0.026404
C[C@@H]1CCCCO[C@H](CN(C)S(=O)(=O)c2ccc(cc2)C)[C@@H](C)CN([C@H](C)CO)C(=O)c2cc(ccc2O1)NC(=O)CCCCCC(=O)Nc1ccccc1N,0,0.002792,0.024874,0.004322
COc1ccc2n(nc(c2c1)-c1cccc(c1)C)-c1ccccc1,0,0.747837,0.410568,0.330176
OC[C@@H](Cc1ccccc1)NC(=O)C[C@@H]1CC=CC[C@H](NC(=O)OCC2c3ccccc3-c3ccccc32)C(=O)OC[C@H](Cc2ccccc2)NC1=O,0,0.000157,0.034931,0.034282
CC(C)(C)c1cc(cc(c1O)C(C)(C)C)SC(C)(C)Sc1cc(c(c(c1)C(C)(C)C)O)C(C)(C)C,0,0.997693,0.580846,0.609559
COc1cc(C)c(C(=O)Oc2cc(C)c(C(=O)O)c(O)c2C)c(OC)c1C,0,0.889857,0.841146,0.785760
C[C@H]1CN([C@H](C)CO)C(=O)c2cccc(c2O[C@H]1CN(C)S(=O)(=O)C)NS(=O)(=O)c1ccc(cc1)C,0,0.017561,0.032698,0.008202
C[C@H]1CN([C@@H](C)CO)C(=O)Cc2cc(ccc2O[C@H]1CN(C)Cc1ccc(c(c1)Cl)Cl)NS(=O)(=O)c1ccc(cc1)F,0,0.016706,0.024415,0.007182
CNC[C@@H]1Oc2cc(ccc2S(=O)(=O)N(C[C@@H]1C)[C@H](C)CO)C#CCN(C)C,0,0.220491,0.024666,0.012673
Cc1ccccc1S(=O)(=O)N1C[C@H](O)COC[C@@H]2O[C@@H](CC[C@H]21)CC(=O)N1CCOCC1,0,0.052979,0.041367,0.014088
CCCCOc1ccc(C(=O)CCN2CCCCC2)cc1.Cl,0,0.890329,0.235493,0.214838
C[C@H]1CCCCO[C@H](CN(C)Cc2ccc(cc2)C(=O)O)[C@@H](C)CN([C@H](C)CO)C(=O)c2cc(ccc2O1)NS(=O)(=O)c1ccc(cc1)F,0,0.045223,0.027240,0.005276
C[C@@H]1CN([C@@H](C)CO)C(=O)c2cc(cnc2O[C@H]1CN(C)C(=O)Cc1ccncc1)C#Cc1ccccc1F,0,0.039770,0.025155,0.006189
C[C@@H]1CCCCO[C@@H](CN(C)S(=O)(=O)c2ccc(cc2)C)[C@H](C)CN([C@@H](C)CO)C(=O)c2cc(ccc2O1)NC(=O)C1CCCCC1,0,0.005090,0.023949,0.004537
O=S(=O)(c1cccc2cnccc12)N1CCCNCC1,0,0.009917,0.027640,0.014302
OP(=O)(O)CN1CCN(CCN(CCN(CC1)CP(=O)(O)O)CP(=O)(O)O)CP(=O)(O)O,0,0.999993,0.283631,0.073073
CC(C)(C)[S@](=O)N1Cc2cc(nc(c2[C@@H]1CCO)-c1cccc(c1)-c1ccccc1F)C(=O)NC1CCC1,0,0.012059,0.151840,0.101600
CC1=CC=CNC1=O,0,0.009730,0.056472,0.025802
CN(C)CCCn1ccnc1-c1cnc(nc1)N,0,0.828180,0.102960,0.046801
COc1ccc(cc1)NC(=O)Nc1ccc2c(c1)CC(=O)N(C[C@@H](C)[C@@H](CN(C)S(=O)(=O)c1cn(cn1)C)O2)[C@@H](C)CO,0,0.007931,0.023539,0.004373
COc1ccc(cc1)CN(C)C[C@@H]1OCCCC[C@@H](C)Oc2ccc(cc2C(=O)N(C[C@@H]1C)[C@H](C)CO)NC(=O)c1ccccc1,0,0.004326,0.022738,0.004484
C[C@@H]1CCCCO[C@H](CN(C)C(=O)Nc2ccccc2)[C@@H](C)CN([C@@H](C)CO)C(=O)c2cc(ccc2O1)NC(=O)c1ccncc1,0,0.003864,0.021835,0.003791
COc1ccc(cc1)[C@@H](NC(=O)C1CCN(CC1)Cc1ccc(cc1)Oc1ccccc1)c1ccccn1,0,0.218058,0.415826,0.567846
COc1ccc(cc1)S(=O)(=O)Nc1cccc2c1O[C@H](CN(C)S(=O)(=O)c1c(noc1C)C)[C@@H](C)CN([C@H](C)CO)C2=O,0,0.023541,0.026272,0.006773
CO[C@H]1C[C@H](C)CC2=C(NCC=C)C(=O)C=C(NC(=O)/C(=C/C=C\[C@H](OC)[C@@H](OC(=O)N)/C(=C/[C@H](C)[C@H]1O)C)C)C2=O,0,0.934160,0.623362,0.351518
C[C@@H]1CCCCO[C@@H](CN(C)S(=O)(=O)c2cccs2)[C@H](C)CN([C@@H](C)CO)C(=O)c2cc(ccc2O1)NS(=O)(=O)c1ccc(cc1)Cl,0,0.003589,0.025196,0.005354
CC1(C)S[C@@H]2[C@H](NC(=O)C3(N)CCCCC3)C(=O)N2[C@H]1C(=O)O,1,0.984544,0.935746,0.718743
CN(CCN)c1ccccc1,0,0.348058,0.089728,0.035705
Cc1ccc(cc1)S(=O)(=O)NCC[C@@H]1CC[C@@H](NS(=O)(=O)c2ccccc2Cl)[C@H](CO)O1,0,0.113415,0.038520,0.014089
C[C@@H]1CN([C@@H](C)CO)C(=O)c2cccc(c2O[C@@H]1CN(C)S(=O)(=O)c1c(noc1C)C)NS(=O)(=O)c1ccccc1,0,0.011095,0.035504,0.007799
COc1ccc(cc1)NC(=O)Nc1ccc2c(c1)C(=O)N(C[C@H](C)[C@@H](CN(C)C(=O)NC(C)C)OCCCC[C@@H](C)O2)[C@H](C)CO,0,0.014540,0.028153,0.006393
CC(C)NC(=O)N(C)C[C@H]1Oc2cc(ccc2S(=O)(=O)N(C[C@H]1C)[C@@H](C)CO)-c1ccc(cc1)C,0,0.067907,0.046911,0.012286
COc1ccc(cc1)S(=O)(=O)N(C)C[C@@H]1Oc2ccc(cc2CC(=O)N(C[C@@H]1C)[C@H](C)CO)NS(=O)(=O)c1c(noc1C)C,0,0.003541,0.025764,0.006621
COc1cccc(c1)-c1ccc2c(c1)O[C@H](CN(C)C(=O)C1CCOCC1)[C@H](C)CN([C@@H](C)CO)S2(=O)=O,0,0.018518,0.024123,0.005246
COc1ccccc1C#Cc1cnc2c(c1)C(=O)N(C[C@@H](C)[C@H](CN(C)S(=O)(=O)c1cn(cn1)C)O2)[C@H](C)CO,0,0.066823,0.023743,0.004331
C[C@H]1CN([C@@H](C)CO)C(=O)c2cccc(c2O[C@@H]1CN(C)C(=O)Nc1ccc2c(c1)OCO2)NC(=O)Nc1ccc(cc1)C(F)(F)F,0,0.550496,0.459929,0.788642
C[C@@H]1CCCCO[C@H](CN(C)C(=O)Nc2cccc3ccccc23)[C@H](C)CN([C@@H](C)CO)C(=O)c2cc(ccc2O1)NC(=O)Nc1cccc2ccccc12,0,0.026021,0.023894,0.007153
COc1ccc(cc1)S(=O)(=O)N1CCO[C@@H]1CNC(=O)C(=O)NCc1ccncc1,0,0.040384,0.029101,0.014874
C[C@H]1CN([C@@H](C)CO)C(=O)c2cccc(c2O[C@H]1CN(C)S(=O)(=O)c1ccc(cc1)F)NS(=O)(=O)c1ccc(cc1)C,0,0.030082,0.030738,0.007634
OCCN(Cc1ccccc1)C(=O)C[C@H](CC=C)C(=O)NC[C@H](OC(=O)[C@H](CCC=C)Cc1ccc(cc1)F)c1ccccc1,0,0.012696,0.060536,0.044758
O=C1C[C@H]([C@H](N1C(=O)OCc1ccccc1)C(=O)Nc1cccc2cccnc12)c1ccc2ccccc2c1,0,0.091917,0.115143,0.213714
C[C@@H]1CCCCO[C@@H](CN(C)Cc2ccccc2)[C@H](C)CN([C@H](C)CO)C(=O)c2cc(ccc2O1)NC(=O)c1ccncc1,0,0.001940,0.023071,0.004006
C[C@H]1CN([C@H](C)CO)C(=O)c2cc(cnc2O[C@@H]1CN(C)Cc1ccc(cc1)C(=O)O)C#CCN(C)C,0,0.339612,0.070844,0.028699
CN(C)CCNC1=NC(=O)NN=C1C,0,0.871844,0.050152,0.014119
C[C@H]1CCCCO[C@@H](CN(C)C(=O)Nc2ccc(cc2)C(F)(F)F)[C@@H](C)CN([C@H](C)CO)C(=O)c2cc(ccc2O1)NC(=O)c1ccccc1,0,0.114625,0.018494,0.008701
COc1cccc(c1)NC(=O)N(C)C[C@@H]1Oc2ncc(cc2C(=O)N(C[C@@H]1C)[C@H](C)CO)C#Cc1ccncc1,0,0.023115,0.021758,0.004519
C[C@H]1CN([C@@H](C)CO)C(=O)CCCn2cc(nn2)CO[C@H]1CN(C)C(=O)Nc1ccc(cc1)N1CCN(C)CC1,0,0.351350,0.026755,0.008410
C[C@@H]1CN([C@H](C)CO)C(=O)Cc2cc(ccc2O[C@@H]1CN(C)Cc1ccc(cc1)Oc1ccccc1)NC(=O)Nc1cccc2ccccc12,0,0.006205,0.025881,0.008906
C[C@H]1O[C@@H](O[C@H]2[C@@H](O)[C@@H](O)[C@@H](CO)O[C@@H]2OC2=C(Oc3cc(cc(c3C2=O)O)O[C@H]2O[C@@H](C)[C@@H](O)[C@@H](O)[C@@H]2O)c2ccc(c(c2)O)O)[C@@H](O)[C@@H](O)[C@@H]1O,0,0.055603,0.485715,0.182757
O[C@@H]1COC[C@H]2O[C@@H](CC[C@@H]2N(C1)C(=O)c1ccncc1)CC(=O)NC1CCC1,0,0.030276,0.036164,0.016451
OC[C@H](Cc1ccccc1)NC(=O)C[C@H](CC=C)C(=O)N[C@H](COC(=O)[C@H](CCC=C)Cc1ccc(cc1)F)Cc1c[nH]c2ccccc12,0,0.036729,0.026628,0.017320
C[C@H]1CN([C@H](C)CO)C(=O)c2cccc(c2O[C@H]1CN(C)C(=O)Nc1c(noc1C)C)NC(=O)C1CC1,0,0.053509,0.021903,0.007143
C=C(CC)C(=O)c1ccc(OCC(=O)O)c(Cl)c1Cl,0,0.997878,0.333461,0.560403
O=C(O)CN(CCN(CC(=O)O)CC(=O)O)CC(=O)O.[Na+].[Na+],0,0.014323,0.209194,0.059270
OCc1ccc(o1)C=O,0,0.020537,0.067650,0.020661
COc1cc(c(cc1Cl)OC)S(=O)(=O)NCCN1CCN(CC1)S(=O)(=O)c1cc(c(cc1OC)Cl)OC,0,0.396490,0.036277,0.028937
C[C@@H]1CCCCO[C@H](CN(C)C(=O)CCC(F)(F)F)[C@@H](C)CN([C@H](C)CO)C(=O)c2cc(ccc2O1)NS(=O)(=O)c1ccc(cc1)F,0,0.020925,0.025815,0.008621
C[C@H]1CCCCO[C@@H](CN(C)C(=O)Nc2cccc3ccccc23)[C@H](C)CN([C@H](C)CO)C(=O)c2cc(ccc2O1)NC(=O)C1CCCCC1,0,0.018759,0.023544,0.005366
C[C@@H]1CCCCO[C@H](CN(C)S(=O)(=O)c2ccc(cc2)C)[C@@H](C)CN([C@@H](C)CO)C(=O)c2cc(ccc2O1)NC(=O)Nc1ccc2c(c1)OCO2,0,0.003977,0.024848,0.004633
COc1ccnc(c1)C#N,0,0.002652,0.103962,0.027977
NC(=O)C[C@H](NC(=O)Cc1ccc(cc1O)O)C(=O)O,0,0.151340,0.052988,0.063693
C[C@@H]1CN([C@H](C)CO)C(=O)Cc2cc(ccc2O[C@@H]1CN(C)S(=O)(=O)C)NS(=O)(=O)c1ccc(cc1)F,0,0.005193,0.025111,0.008009
Cn1cnc(c1)S(=O)(=O)N[C@H]1CC[C@@H](CC(=O)NCC2CC2)O[C@H]1CO,0,0.039547,0.031500,0.008500
CC(C)CN1C(=O)N(C)C(=O)c2[nH]cnc21,0,0.339695,0.070536,0.044786
C[C@@H]1O[C@@H](OC[C@H]2O[C@@H](O[C@@H]3[C@@H](O)[C@H](C)O[C@@H](O[C@H]4C[C@@H](C)[C@](C)(CC[C@](C)(O[C@@H]5OC[C@H](O)[C@H](O)[C@H]5O[C@@H]5O[C@@H](C)[C@H](O)[C@@H](O)[C@H]5O)C=C)[C@H]5CCC=C(C)[C@]45C)[C@@H]3O)[C@H](O)[C@@H](O)[C@@H]2O)[C@H](O)[C@H](O)[C@H]1O,0,0.954442,0.400278,0.180327
OC(=O)c1ccc[n+](c1)[O-],0,0.116863,0.107349,0.076607
C[C@@H]1CCCCO[C@@H](CN(C)S(=O)(=O)c2ccc(cc2)C)[C@H](C)CN([C@@H](C)CO)C(=O)c2cc(ccc2O1)NS(=O)(=O)c1ccc(cc1)Cl,0,0.010634,0.023793,0.004691
CC(C)NC(=O)NCC[C@H]1CC[C@H](NC(=O)CN(C)C)[C@H](CO)O1,0,0.144230,0.027221,0.008130
C[C@@H]1CN([C@@H](C)CO)C(=O)CCCn2cc(nn2)CO[C@@H]1CN(C)C(=O)Oc1ccc2ccccc2c1,0,0.251194,0.028847,0.019494
Cc1cc(cc2sc(nc12)N(Cc1ccccn1)C(=O)c1ccc(cc1)S(=O)(=O)N1CCCC1)Cl,0,0.053285,0.134187,0.045977
O[C@@H]1COC[C@H]2O[C@H](CC[C@@H]2N(C1)C(=O)Nc1ccc(cc1)C(F)(F)F)CC(=O)NCc1ccncn1,0,0.969102,0.795285,0.756798
Cc1ncc(c(c1O)C=O)COP(=O)(O)O,0,0.000141,0.279323,0.344926
O[C@H]1C2CN3CCN(C2)CC1(C3)c1ccccc1,0,0.262474,0.227388,0.089402
C[C@H]1CCCCO[C@@H](CN(C)C(=O)C2CCCCC2)[C@H](C)CN([C@@H](C)CO)C(=O)c2cc(ccc2O1)NC(=O)Nc1ccc(cc1)C(F)(F)F,0,0.389396,0.143377,0.093279
C[C@H]1CN([C@H](C)CO)C(=O)c2cc(ccc2O[C@H]1CN(C)Cc1ccc(c(c1)Cl)Cl)NC(=O)CCC(F)(F)F,0,0.595258,0.171706,0.081366
COCC(=O)Nc1ccc2c(c1)C(=O)N(C)C[C@H](OC)[C@@H](C)CN([C@H](C)CO2)C(=O)Cc1ccccn1,0,0.001273,0.022512,0.004830
C[C@H]1CN([C@@H](C)CO)C(=O)c2cc(ccc2O[C@@H]1CN(C)S(=O)(=O)c1cn(cn1)C)NC(=O)CCCN(C)C,0,0.033581,0.023549,0.004617
C[C@@H]1CCCCO[C@@H](CN(C)C(=O)Nc2ccc3c(c2)OCO3)[C@@H](C)CN([C@H](C)CO)C(=O)c2cc(ccc2O1)NS(=O)(=O)c1ccccc1,0,0.001261,0.023344,0.004054
C[C@H]1CN([C@H](C)CO)C(=O)c2cccc(c2O[C@@H]1CN(C)Cc1ccc(cc1)Oc1ccccc1)NC(=O)Nc1ccc2c(c1)OCO2,0,0.004295,0.023059,0.006233
C[C@@H]1CN([C@H](C)CO)C(=O)Cc2cc(ccc2O[C@H]1CN(C)C(=O)Nc1cccc2ccccc12)NC(=O)Nc1ccc(cc1)C(F)(F)F,0,0.269966,0.032334,0.033886
CCc1nc2ccc(cn2c1N(C)CCN1CCOCC1)C(=O)Nc1cccc(c1)OCC(=O)N(C)C,0,0.285291,0.049459,0.035150
CN1C(=O)C(=O)N(C)c2cc(ccc21)S(=O)(=O)CCC(=O)NCc1ccccc1,0,0.892074,0.358451,0.415617
C[C@@H]1CCCCO[C@H](CN(C)C(=O)Nc2ccccc2)[C@H](C)CN([C@H](C)CO)C(=O)c2cc(ccc2O1)NS(=O)(=O)c1ccc(cc1)C,0,0.006580,0.023487,0.004061
C[C@@H]1CN([C@@H](C)CO)C(=O)c2cc(ccc2O[C@H]1CN(C)S(=O)(=O)c1ccccc1)NC(=O)CCN1CCOCC1,0,0.000745,0.023362,0.003623
Cc1ccccc1OCC(=O)NCC(=O)O,0,0.172105,0.032818,0.040035
C[C@H]1CN([C@@H](C)CO)C(=O)Cc2cc(ccc2O[C@H]1CN(C)C(=O)NC1CCCCC1)NC(=O)C1CC1,0,0.014254,0.022129,0.007123
N#CC[N+]12CCN(CC1)CC2,0,0.007024,0.095813,0.027936
C[C@@H]1CCCCO[C@H](CN(C)S(=O)(=O)c2cccs2)[C@@H](C)CN([C@@H](C)CO)C(=O)c2cc(ccc2O1)NC(=O)Nc1ccc(cc1)C(F)(F)F,0,0.073265,0.046274,0.009829
CC(CCC(=O)O)C1CCC2C3CCC4CC(O)CCC4(C)C3CC(O)C12C,0,0.478891,0.337588,0.163404
C[C@H]1CN([C@@H](C)CO)C(=O)c2cc(ccc2O[C@H]1CN(C)C(=O)Nc1ccc(cc1)C(F)(F)F)NC(=O)Nc1ccccc1,0,0.666806,0.274060,0.245939
CC(CCc1ccc(O)cc1)NCC(O)c1ccc(O)cc1.Cl,0,0.342582,0.283712,0.165530
CCSc1ncnc(n1)N,0,0.080033,0.102953,0.043979
O=C(CC#N)N1CCCCC1,0,0.003012,0.032607,0.011308
C[C@@H]1CN([C@@H](C)CO)C(=O)c2cccc(c2O[C@H]1CN(C)Cc1ccc(cc1)Oc1ccccc1)NC(=O)Nc1ccc2c(c1)OCO2,0,0.004295,0.023059,0.006233
C[C@H]1CN([C@H](C)CO)S(=O)(=O)c2ccc(cc2O[C@H]1CN(C)C(=O)Cc1ccncc1)C#CC1CCCCC1,0,0.045760,0.026110,0.005732
C[C@H]1CN([C@H](C)CO)S(=O)(=O)c2ccc(cc2O[C@@H]1CN(C)C(=O)c1cccc(c1)F)-c1cccnc1,0,0.018173,0.025579,0.005189
COc1ccc(cc1)S(=O)(=O)Nc1ccc2c(c1)C(=O)N(C[C@H](C)[C@@H](CN(C)S(=O)(=O)c1cn(cn1)C)OCCCC[C@H](C)O2)[C@H](C)CO,0,0.007974,0.025756,0.006130
O[C@H]1CC[C@H]2CN(C[C@@H]12)C(=O)C=C,0,0.021368,0.043107,0.013274
O[C@H]1COC[C@@H]2O[C@@H](CC[C@H]2N(C1)C(=O)c1ccc2c(c1)OCO2)CC(=O)NCCN1CCCCC1,0,0.290903,0.056548,0.032035
COc1ccc(cc1)CN(C)C[C@H]1OCCCC[C@@H](C)Oc2ccc(cc2C(=O)N(C[C@H]1C)[C@@H](C)CO)NC(=O)Nc1c(noc1C)C,0,0.041329,0.032463,0.009757
C[C@H]1CCCCO[C@@H](CN(C)C(=O)C2CCCCC2)[C@@H](C)CN([C@H](C)CO)C(=O)c2cc(ccc2O1)NC(=O)NC1CCCCC1,0,0.014777,0.025056,0.007586
C[C@@H]1CN([C@H](C)CO)C(=O)c2cccc(c2O[C@@H]1CN(C)S(=O)(=O)c1ccccc1)NS(=O)(=O)c1ccccc1,0,0.005515,0.036664,0.007886
C[C@@H]1CCCCO[C@@H](CN(C)C(=O)C2CCCCC2)[C@@H](C)CN([C@@H](C)CO)C(=O)c2cc(ccc2O1)NC(=O)c1ccncc1,0,0.001533,0.022275,0.004161
CC(=O)N1CCCC(=O)CC1,0,0.012466,0.038386,0.010801
C1CC1c1noc(n1)C1CNC1,0,0.279251,0.038002,0.016071
C[C@@H]1CCCCO[C@H](CN(C)S(=O)(=O)c2cccs2)[C@H](C)CN([C@@H](C)CO)C(=O)c2cc(ccc2O1)NC(=O)Nc1ccc2c(c1)OCO2,0,0.001028,0.023333,0.004363
C[C@@H]1CN([C@@H](C)CO)C(=O)Cc2cc(ccc2O[C@@H]1CN(C)Cc1ccncc1)NS(=O)(=O)c1ccc(cc1)C,0,0.000508,0.023902,0.004808
COCCOC(=O)N1C(=O)[C@]2([C@@H]([C@@H]3N([C@H]([C@H](OC3=O)c3ccccc3)c3ccccc3)[C@@H]2c2ccc(cc2)OCCO)C(=O)NC[C@H](O)c2ccccc2)c2cc(ccc21)C#Cc1ccc(cc1)OC,0,0.440447,0.050025,0.019469
C[C@H]1CCCCO[C@H](CN(C)Cc2ccc(cc2)C(F)(F)F)[C@H](C)CN([C@@H](C)CO)C(=O)c2cc(ccc2O1)NC(=O)Cc1ccccc1,0,0.084210,0.024558,0.012186
ONC(=O)CCCCCNC(=O)OCCCCO[C@@H]1C[C@@H](C=C(O1)C(=O)N1CCOCC1)c1ccccc1,0,0.000005,0.132054,0.070807
COc1cccc(c1OCCNCCO)OC,0,0.080878,0.257213,0.125910
C[C@@H]1CCCCO[C@@H](CN(C)C(=O)CCCN(C)C)[C@@H](C)CN([C@H](C)CO)C(=O)c2cc(ccc2O1)NS(=O)(=O)c1cn(cn1)C,0,0.023901,0.022923,0.004358
C[C@@H]1CN([C@@H](C)CO)S(=O)(=O)c2ccc(cc2O[C@@H]1CN(C)C(=O)Cc1cccnc1)C#CC1(O)CCCC1,0,0.015453,0.023769,0.005412
CC1=C(C(=O)O)N2C(=O)C(NC(=O)C(N)c3ccccc3)C2SC1,0,0.986978,0.830417,0.751947
Cc1ccc(cc1)NC(=O)C[C@@H](N)C(=O)O,0,0.176949,0.033530,0.042031
C[C@@H]1CN([C@H](C)CO)C(=O)c2cc(ccc2O[C@@H]1CN(C)Cc1ccc(cc1)-c1ccccc1)NC(=O)Nc1ccc2c(c1)OCO2,0,0.020538,0.021750,0.007614
C[C@@H]1CN([C@@H](C)CO)C(=O)c2cc(ccc2O[C@@H]1CN(C)C(=O)Nc1ccccc1)NS(=O)(=O)c1cn(cn1)C,0,0.064804,0.023192,0.004354
C[C@H]1CN([C@H](C)CO)C(=O)Cc2cc(ccc2O[C@@H]1CN(C)Cc1ccc(cc1)C(F)(F)F)NC(=O)Nc1cccc2ccccc12,0,0.093581,0.053838,0.023474
CN(C)C(=O)C[C@@H]1CC[C@@H]2[C@H](COc3ccc(cc3C(=O)N2C)NS(=O)(=O)c2cccc(c2)F)O1,0,0.011058,0.025139,0.011083
CN1C[C@H](O)COC[C@@H]2O[C@H](CC[C@H]21)CC(=O)N1CCN(CC1)c1ccccc1,0,0.575937,0.091136,0.024853
CC(C)NC(=O)N(C)C[C@@H]1Oc2ccc(cc2C(=O)N(C[C@@H]1C)[C@H](C)CO)NS(=O)(=O)c1c(noc1C)C,0,0.029332,0.027344,0.011159
C[C@@H]1CN([C@H](C)CO)C(=O)c2cccc(c2O[C@@H]1CN(C)S(=O)(=O)c1ccc(cc1)Cl)NS(=O)(=O)c1cn(cn1)C,0,0.129643,0.026246,0.007364
C[C@H]1CN([C@H](C)CO)C(=O)CCCn2cc(nn2)CO[C@@H]1CN(C)S(=O)(=O)c1cn(cn1)C,0,0.020867,0.026096,0.006193
CC(=O)O.Cc1c(-c2ccc(O)cc2)n(Cc2ccc(OCCN3CCCCCC3)cc2)c2ccc(O)cc12,0,0.582441,0.712752,0.611732
C[C@@H]1CCCCO[C@H](CN(C)Cc2ccc(c(c2)Cl)Cl)[C@@H](C)CN([C@@H](C)CO)C(=O)c2cc(ccc2O1)NS(=O)(=O)c1ccc(cc1)F,0,0.043010,0.024277,0.005872
COc1ccc(cc1)CN(C)C[C@H]1Oc2ccc(cc2C(=O)N(C[C@H]1C)[C@H](C)CO)NC(=O)Nc1cccc2ccccc12,0,0.018775,0.028662,0.011246
C[C@H]1CN([C@@H](C)CO)C(=O)Cc2cc(ccc2O[C@@H]1CN(C)S(=O)(=O)c1ccccc1)NC(=O)CCN1CCOCC1,0,0.000293,0.023914,0.004120
COc1ccc(cc1)S(=O)(=O)N(C)C[C@@H]1OCCCC[C@H](C)Oc2ccc(cc2C(=O)N(C[C@H]1C)[C@H](C)CO)NC(=O)Nc1ccccc1,0,0.007235,0.023490,0.004114
C[C@@H]1CN([C@H](C)CO)C(=O)Cc2cc(ccc2O[C@@H]1CN(C)S(=O)(=O)c1ccc(cc1)F)NS(=O)(=O)c1c(noc1C)C,0,0.010866,0.026062,0.007472
C[C@@H]1CCCCO[C@@H](CN(C)S(=O)(=O)c2ccc(cc2)C)[C@@H](C)CN([C@H](C)CO)C(=O)c2cc(ccc2O1)NC(=O)c1ccccc1,0,0.001280,0.023475,0.003978
C[C@H]1CN([C@@H](C)CO)C(=O)c2cc(ccc2O[C@@H]1CN(C)Cc1ccc(cc1)C(=O)O)NC(=O)Nc1cccc2ccccc12,0,0.086349,0.074508,0.029743
C[C@@H]1CN([C@@H](C)CO)C(=O)c2cc(cnc2O[C@@H]1CN(C)C(=O)Cc1cccnc1)-c1ccc(cc1)C,0,0.004606,0.021689,0.004765
CCCN(C)C[C@@H]1OCCCC[C@@H](C)Oc2ccc(cc2C(=O)N(C[C@@H]1C)[C@H](C)CO)NC(=O)Nc1ccccc1,0,0.055015,0.052831,0.072340
COc1ccccc1C(=O)Nc1ccc2c(c1)C(=O)N(C)[C@H]1CC[C@@H](CC(=O)NCc3ccc(c(c3)Cl)Cl)O[C@@H]1CO2,0,0.081216,0.044604,0.029640
C[C@@H]1CC=CC[C@@H](NC(=O)[C@@H](Cc2ccccc2)N(C)C(=O)c2ccccc2O1)c1ccc2c(c1)OCO2,0,0.026045,0.032098,0.022414
C[C@@H]1CN([C@H](C)CO)C(=O)c2cc(ccc2O[C@H]1CN(C)Cc1ccc2c(c1)OCO2)NS(=O)(=O)c1c(noc1C)C,0,0.002108,0.024548,0.005940
COc1cccc(c1)S(=O)(=O)N(C)C[C@@H]1OCc2cnnn2CCCC(=O)N(C[C@H]1C)[C@H](C)CO,0,0.006834,0.022755,0.005881
CN(C)CCOC(c1ccccc1)c1ccccc1.Cn1c(=O)c2[nH]c(Cl)nc2n(C)c1=O,0,0.999859,0.670550,0.479708
C[C@@H]1CN([C@H](C)CO)C(=O)Cc2cc(ccc2O[C@@H]1CN(C)C(=O)Nc1cccc2ccccc12)NC(=O)C1CCCCC1,0,0.019142,0.024488,0.007377
C[N+](C)(C)CCCCNC(=O)[C@H]1C[C@@H]2N([C@H]1c1cccc(c1)OCCO)C(=O)[C@H](CCCC[N+](C)(C)C)NC2=O,0,0.755489,0.113429,0.133038
CO[C@H](CN(C)C(=O)C1CCOCC1)[C@@H](C)CN([C@@H](C)CO)C(=O)Nc1ccc(cc1)C(F)(F)F,1,0.805015,0.862348,0.957006
OCCCOc1ccc(cc1)C1=N[C@]2(Cc3ccccc3)[C@H](O1)c1ccccc1CN(Cc1ccccc1)C2=O,0,0.000583,0.063827,0.049076
C[C@H]1CCCCO[C@@H](CN(C)S(=O)(=O)c2ccc(cc2)F)[C@@H](C)CN([C@@H](C)CO)C(=O)c2cc(ccc2O1)NC(=O)Nc1c(noc1C)C,0,0.026201,0.023962,0.006380
C[C@H]1CN([C@@H](C)CO)C(=O)CCCn2nncc2CO[C@@H]1CN(C)C(=O)C1CC1,0,0.018576,0.023552,0.005172
C[C@@H]1CN([C@@H](C)CO)C(=O)Cc2cc(ccc2O[C@@H]1CN(C)Cc1ccc(cc1)Oc1ccccc1)NS(=O)(=O)c1c(noc1C)C,0,0.000857,0.026156,0.006317
CC(=O)OC1CC2C(C)(C)C(O)CCC2(C)C2CCC3(C)C(=CC(=O)OC3c3ccoc3)C12C,0,0.473937,0.079743,0.073630
C[C@H]1CN([C@H](C)CO)C(=O)c2cc(ccc2O[C@H]1CN(C)CC1CC1)NC(=O)Cn1cnnn1,0,0.108406,0.026165,0.009940
C[C@H]1CN([C@H](C)CO)C(=O)c2cc(ccc2O[C@@H]1CN(C)S(=O)(=O)c1cccs1)NS(=O)(=O)c1ccc(cc1)F,0,0.006133,0.024352,0.008932
Cc1ccc(cc1)-n1nc(cc1NC(=O)Nc1ccc(c2ccccc12)OCCN1CCOCC1)C(C)(C)C,0,0.580738,0.615723,0.522200
C[C@H]1COC(=O)[C@H](CC=CC[C@@H](CC(=O)NCCO)C(=O)N1)NC(=O)OCC1c2ccccc2-c2ccccc21,0,0.000700,0.111875,0.138835
CC(C)NC(=O)N(C)C[C@@H]1Oc2ccc(cc2C(=O)N(C[C@H]1C)[C@H](C)CO)NC(=O)CCCN(C)C,0,0.021064,0.023877,0.007057
C[C@H]1CCCCO[C@H](CN(C)C(=O)Nc2ccc(cc2)F)[C@@H](C)CN([C@H](C)CO)C(=O)c2cc(ccc2O1)NC(=O)NC1CCCCC1,0,0.094014,0.023880,0.006795
C[C@H]1CN([C@@H](C)CO)C(=O)c2cc(ccc2O[C@H]1CN(C)S(=O)(=O)C)NS(=O)(=O)c1cn(cn1)C,0,0.035995,0.024691,0.007109
Cc1ccc(cc1)S(=O)(=O)N[C@H]1C=C[C@H](CC(=O)NCCN2CCCCC2)O[C@@H]1CO,0,0.096781,0.030812,0.011293
COc1ccc(cc1)NC(=O)N(C)C[C@H]1Oc2ccc(cc2C(=O)N(C[C@@H]1C)[C@@H](C)CO)NC(=O)CCCCCC(=O)Nc1ccccc1N,0,0.016054,0.025099,0.004271
CCN/1C(=O)CS\C1=N/N1CCOCC1,0,0.107145,0.033989,0.022427
COc1ccc(cc1)[Si](C)(C)[C@H]1[C@H](C)[C@]2(O[C@@H]1CCO)C(=O)N(Cc1ccccc1)c1ccc(cc12)N1C(=O)c2ccccc2Oc2ccccc21,0,0.001588,0.036436,0.026181
CCCCCCCCCCCC(=O)OCN1C(=O)CCc2ccc(cc21)OCCCCN1CCN(CC1)c1cccc(c1Cl)Cl,0,0.963279,0.576298,0.284341
C[C@@H]1CCCCO[C@H](CN(C)C(=O)Nc2ccc3c(c2)OCO3)[C@H](C)CN([C@H](C)CO)C(=O)c2cc(ccc2O1)NC(=O)C1CCCCC1,0,0.009441,0.024356,0.005306
COc1cccc(c1)C#Cc1ccc2c(c1)O[C@H](CN(C)C(=O)c1ccccn1)[C@@H](C)CN([C@@H](C)CO)S2(=O)=O,0,0.023017,0.023811,0.004834
OC[C@@H]1O[C@@H](CC(=O)NCCN2CCCCC2)C=C[C@@H]1NS(=O)(=O)c1ccc(cc1)F,0,0.128712,0.035942,0.015077
Nc1cc(ccn1)C(=O)N1CCCC1,0,0.016999,0.030876,0.014306
C[C@H]1CN([C@@H](C)CO)C(=O)c2cc(cnc2O[C@H]1CN(C)C(=O)Nc1c(noc1C)C)C#CCN(C)C,0,0.194669,0.024679,0.006320
C[C@@H]1CN([C@H](C)CO)C(=O)c2cc(ccc2O[C@@H]1CN(C)Cc1ccc(cc1)C(=O)O)NC(=O)Nc1ccc(cc1)C(F)(F)F,0,0.830356,0.159070,0.088575
C[C@H]1CCCCO[C@H](CN(C)C(=O)c2ccccc2)[C@H](C)CN([C@H](C)CO)C(=O)c2cc(ccc2O1)NC(=O)CCC(F)(F)F,0,0.040891,0.023240,0.011375
CNCc1nc(no1)C,0,0.012343,0.037292,0.011191
C[C@@H]1CCCCO[C@H](CN(C)S(=O)(=O)c2ccc(cc2)Cl)[C@H](C)CN([C@H](C)CO)C(=O)c2cc(ccc2O1)NS(=O)(=O)c1ccccc1,0,0.005300,0.023810,0.004940
COc1ccc(cc1)-c1cccc(c1)-c1nc(cc2c1[C@H](CCO)N(C2)[S@@](=O)C(C)(C)C)C(=O)NCC(F)(F)F,0,0.143432,0.193734,0.202491
CCCCc1ccc(cc1)CC(=O)O,0,0.264635,0.104816,0.106365
CC(C)N(C[C@H]1O[C@H]([C@H](O)[C@@H]1O)n1cnc2c(ncnc12)N)[C@H]1C[C@@H](CCc2nc3ccc(cc3[nH]2)C(C)(C)C)C1,0,0.934709,0.172204,0.226644
COc1ccc(cc1)NC(=O)N(C)C[C@H]1OCCCC[C@H](C)Oc2ccc(cc2C(=O)N(C[C@@H]1C)[C@@H](C)CO)NS(=O)(=O)c1ccc(cc1)F,0,0.012141,0.023486,0.004310
Cc1cc2ccccc2n1CCN,0,0.179903,0.032419,0.019654
CC(C)(C)c1ccc(cc1)C(=O)Nc1cccc(c1)C(F)(F)F,0,0.902795,0.241390,0.309649
OC[C@@H]1O[C@H](C[C@@H]2[C@H]1Oc1ccc(cc12)NS(=O)(=O)c1ccc(cc1)F)CC(=O)NCCc1ccccc1,0,0.009208,0.029978,0.010652
C[C@@H]1CN([C@@H](C)CO)C(=O)c2cc(cnc2O[C@@H]1CN(C)C(=O)c1cnccn1)-c1cccc(c1)C#N,0,0.002586,0.021796,0.004490
C[C@@H]1CN([C@H](C)CO)C(=O)c2cccc(c2O[C@@H]1CN(C)C(=O)Nc1cccc2ccccc12)NC(=O)Nc1ccc(cc1)F,0,0.315466,0.041155,0.045103
OC[C@@H]1O[C@H](C[C@@H]2[C@H]1Oc1ccc(cc12)NC(=O)NC1CCCC1)CC(=O)NCc1ccc(cc1)Oc1ccccc1,0,0.048373,0.028681,0.028968
COc1ccc(cc1)S(=O)(=O)Nc1cccc2c1O[C@@H](CN(C)S(=O)(=O)c1cccs1)[C@@H](C)CN([C@@H](C)CO)C2=O,0,0.008192,0.026592,0.007912
C[C@@H](CO)N1[C@@H]2C(=O)N(CCN3CCOCC3)CC=C[C@@]32O[C@@H]2C=CCCOC(=O)[C@@H]2[C@H]3C1=O,0,0.146373,0.279724,0.146063
CN(C)c1ccc(O)c2c1CC1CC3C(N(C)C)C(O)=C(C(N)=O)C(=O)C3(O)C(O)=C1C2=O.Cl,0,0.973369,0.824362,0.737013
COc1ccc(cc1)NC(=O)Nc1ccc2c(c1)C(=O)N(C[C@@H](C)[C@H](CN(C)C(=O)Cc1ccccc1)OCCCC[C@@H](C)O2)[C@@H](C)CO,0,0.004890,0.022261,0.004531
C[C@H]1CN([C@@H](C)CO)C(=O)c2cc(ccc2O[C@@H]1CN(C)C(=O)Nc1ccc2c(c1)OCO2)NS(=O)(=O)C,0,0.016906,0.024040,0.007307
C[C@H]1CN([C@H](C)CO)C(=O)Cc2cc(ccc2O[C@@H]1CN(C)S(=O)(=O)c1ccc(cc1)F)NC(=O)c1ccncc1,0,0.002090,0.023298,0.004174
OC[C@H](Cc1ccccc1)NC(=O)C[C@H](CC=C)C(=O)N[C@H](COC(=O)[C@@H](CC=C)Cc1ccc(cc1)F)Cc1c[nH]c2ccccc12,0,0.041635,0.026245,0.018478
Cc1cccc(c1)NC(=O)C[C@H]1NCCNC1=O,0,0.047531,0.040054,0.018360
COc1ccc(cc1)S(=O)(=O)Nc1ccc2c(c1)C(=O)N(C[C@@H](C)[C@@H](CN(C)C(=O)Nc1cccc3ccccc13)O2)[C@@H](C)CO,0,0.012518,0.023231,0.005570
COc1cc(ccc1Nc1ncc(c(n1)Nc1cccc(c1)NC(=O)C=C)C(F)(F)F)NC1CN(CCF)C1,0,0.926008,0.310071,0.323741
C[C@H]1CN([C@@H](C)CO)C(=O)c2cc(ccc2O[C@@H]1CN(C)CC1CCCCC1)NC(=O)Nc1ccc(cc1)C(F)(F)F,0,0.738422,0.833506,0.914959
C[C@@H]1CN([C@H](C)CO)C(=O)Cc2cc(ccc2O[C@H]1CN(C)S(=O)(=O)c1ccc(cc1)F)NC(=O)CCCN(C)C,0,0.011520,0.024053,0.007067
CC(C)(C)[S@](=O)N1Cc2cc(nc(c2[C@@H]1CCO)-c1cccc(c1)-c1cccnc1)C(=O)N[C@H]1CCN(C1)Cc1ccccc1,0,0.007669,0.086520,0.037880
C[C@H]1CN([C@@H](C)CO)C(=O)Cc2cc(ccc2O[C@@H]1CN(C)S(=O)(=O)c1cn(cn1)C)NC(=O)Cc1ccccc1,0,0.002684,0.023291,0.004039
C[C@@H]1CN([C@@H](C)CO)C(=O)Cc2cc(ccc2O[C@@H]1CN(C)S(=O)(=O)c1ccc(cc1)C)NC(=O)Nc1cccc2ccccc12,0,0.006845,0.025051,0.004895
C[C@H]1CN([C@@H](C)CO)C(=O)Cc2cc(ccc2O[C@H]1CN(C)Cc1ccc(c(c1)Cl)Cl)NC(=O)C1CCCCC1,0,0.118615,0.029559,0.010790
C[C@@H]1CN([C@@H](C)CO)C(=O)c2cccc(c2O[C@@H]1CN(C)Cc1ccc(c(c1)Cl)Cl)NS(=O)(=O)c1ccc(cc1)F,0,0.055959,0.026162,0.009253
COc1ccc(cc1)NC(=O)Nc1ccc2c(c1)C(=O)N(C[C@H](C)[C@H](CN(C)S(=O)(=O)c1cccs1)OCCCC[C@H](C)O2)[C@@H](C)CO,0,0.002329,0.023300,0.004156
COC1C(O)CC(=O)OC(C)CC=CC=CC(OC2CCC(N(C)C)C(C)O2)C(C)CC(CC=O)C1OC1OC(C)C(OC2CC(C)(O)C(O)C(C)O2)C(N(C)C)C1O,1,0.998643,0.941348,0.976076
C[C@@H]1CN([C@H](C)CO)C(=O)c2cccc(c2O[C@@H]1CN(C)Cc1ccccc1)NC(=O)c1ccc(cc1)-c1nccs1,0,0.012523,0.021033,0.006327
C[C@@H]1CN([C@H](C)CO)C(=O)c2cccc(c2O[C@H]1CN(C)S(=O)(=O)c1cccs1)NS(=O)(=O)c1ccccc1,0,0.003481,0.031991,0.007813
Cc1noc(c1CN1CCNCC1)C,0,0.094791,0.036283,0.007369
C[C@@H]1CN([C@H](C)CO)C(=O)c2cc(cnc2O[C@H]1CN(C)CC1CCOCC1)C#Cc1cccc(c1)F,0,0.314585,0.030845,0.011649
OC[C@H]1O[C@H](CCNC(=O)Nc2cc(ccc2F)F)CC[C@H]1NC(=O)CN1CCOCC1,0,0.167058,0.057725,0.042524
COc1ccc(cc1)NC(=O)N(C)C[C@@H]1Oc2c(cccc2C(=O)N(C[C@@H]1C)[C@H](C)CO)NS(=O)(=O)C,0,0.027584,0.023812,0.006256
CCCCC/C=C\C/C=C\CCCCCCCC(=O)N,0,0.020173,0.153570,0.121984
CC1(C)Oc2ccc(cc2C=C1)C#N,0,0.054372,0.059803,0.036876
C[C@H](NC(=O)C[C@H]1O[C@@H](CO)[C@H](NC(=O)CN2CCOCC2)C=C1)c1ccccc1,0,0.020500,0.027809,0.011395
CC1=CC(=O)Oc2cc(ccc21)O[C@H]1O[C@@H](CO)[C@@H](O)[C@@H](O)[C@@H]1O,0,0.065711,0.193116,0.142509
OC[C@@H]1O[C@H](CC(=O)NCc2cccc(c2)F)C=C[C@@H]1NC(=O)CN1CCOCC1,0,0.022588,0.026984,0.021624
C[C@@H]1CN([C@H](C)CO)C(=O)c2cc(cnc2O[C@H]1CN(C)S(=O)(=O)C)C#CC1(O)CCCC1,0,0.016195,0.026412,0.008261
CCN(CC)C(C)CN1c2ccccc2Sc2ccccc21.Cl,0,0.938978,0.621906,0.496519
C[C@H]1CCCCO[C@H](CN(C)Cc2ccc(cc2)C(F)(F)F)[C@@H](C)CN([C@H](C)CO)C(=O)c2cc(ccc2O1)NC(=O)C1CCCCC1,0,0.152809,0.026263,0.014343
CC(=O)C1=C(O)C=C(C)OC1=O,0,0.568700,0.149589,0.089500
C[C@H]1CN([C@H](C)CO)C(=O)Cc2cc(ccc2O[C@@H]1CN(C)C(=O)Nc1cccc2ccccc12)NC(=O)CCC(F)(F)F,0,0.095263,0.030161,0.031501
CCOc1ccc(cc1OC)CO[C@@H]1O[C@H](CO)[C@@H](O)[C@H](O)[C@H]1NC(=O)C,0,0.054962,0.241387,0.133425
C1CCc2c(c(nc3ccc4ccccc4c23)-c2cccnc2)C1,0,0.470361,0.280175,0.244446
COc1ccc(cc1)NC(=O)Nc1ccc2c(c1)CC(=O)N(C[C@H](C)[C@@H](CN(C)Cc1ccc(cc1)Oc1ccccc1)O2)[C@@H](C)CO,0,0.005793,0.023220,0.005815
COc1ccc(cc1)CN(C)C[C@H]1OCCCC[C@@H](C)Oc2ccc(cc2C(=O)N(C[C@@H]1C)[C@H](C)CO)NC(=O)CCC(F)(F)F,0,0.083960,0.026488,0.010026
C[C@@H]1CN([C@@H](C)CO)C(=O)c2cc(ccc2O[C@@H]1CN(C)Cc1ccc(cc1)Oc1ccccc1)NC(=O)Nc1ccc2c(c1)OCO2,0,0.002675,0.024418,0.006535
C[C@H]1CN([C@H](C)CO)C(=O)c2cccc(c2O[C@H]1CN(C)Cc1ccc(cc1)C(=O)O)NC(=O)C1CCOCC1,0,0.139031,0.061973,0.023852
CO[C@H]1O[C@H](CO)[C@@H](OC(=O)c2c(cccc2OC)OC)[C@@H]2OC(=O)[C@H](C/C=C/C[C@H](Cc3ccc4ccccc4c3)C(=O)O[C@@H]12)Cc1ccc2ccccc2c1,0,0.016680,0.148714,0.058101
C[C@H]1CN([C@H](C)CO)S(=O)(=O)c2ccc(cc2O[C@@H]1CN(C)C(=O)C1CCC1)C#Cc1ccncc1,0,0.037971,0.034147,0.006910
CC[C@H]1OC(=O)[C@H](C)[C@@H](O[C@H]2C[C@@](C)(OC)[C@@H](O)[C@H](C)O2)[C@H](C)[C@@H](O[C@@H]2O[C@H](C)C[C@@H]([C@H]2O)N(C)C)[C@](C)(O)C[C@@H](C)C(=O)[C@H](C)[C@@H](O)[C@]1(C)O,1,0.983002,0.945625,0.983113
C[C@H](O)C#Cc1cnc2c(c1)C(=O)N(C[C@H](C)[C@@H](CN(C)C(=O)CN1CCOCC1)O2)[C@@H](C)CO,0,0.010325,0.022722,0.011722
C[C@@H]1CCCCO[C@@H](CN(C)Cc2ccc(c(c2)Cl)Cl)[C@H](C)CN([C@H](C)CO)C(=O)c2cc(ccc2O1)NS(=O)(=O)c1ccc(cc1)Cl,0,0.054593,0.023436,0.007158
C[C@@H]1CN([C@@H](C)CO)C(=O)c2cc(cnc2O[C@@H]1CN(C)S(=O)(=O)c1ccc(cc1)F)C#CC1(O)CCCC1,0,0.035081,0.095597,0.006972
C[C@H]1CN([C@H](C)CO)C(=O)c2cc(ccc2O[C@H]1CN(C)S(=O)(=O)C)NC(=O)Cc1ccccc1,0,0.004368,0.023377,0.007049
C[C@@H]1CN([C@H](C)CO)C(=O)c2cccc(c2O[C@H]1CN(C)S(=O)(=O)c1cccs1)NS(=O)(=O)c1ccc(cc1)F,0,0.008542,0.032787,0.010386
C[C@@H]1CCCCO[C@@H](CN(C)S(=O)(=O)c2ccc(cc2)F)[C@@H](C)CN([C@@H](C)CO)C(=O)c2cc(ccc2O1)NC(=O)Nc1cccc2ccccc12,0,0.015670,0.025074,0.006576
C[C@@H]1CCCCO[C@@H](CN(C)Cc2ccc(c(c2)Cl)Cl)[C@H](C)CN([C@H](C)CO)C(=O)c2cc(ccc2O1)NS(=O)(=O)c1ccc(cc1)F,0,0.043010,0.024277,0.005872
COc1cccc(c1)S(=O)(=O)N(C)C[C@H]1Oc2ncc(cc2C(=O)N(C[C@H]1C)[C@H](C)CO)-c1cccc(c1)C(=O)N(C)C,0,0.000939,0.023045,0.004021
C[C@H]1CN([C@H](C)CO)C(=O)c2cccc(c2O[C@@H]1CN(C)S(=O)(=O)c1cccs1)NC(=O)c1ccncc1,0,0.002617,0.023910,0.004857
CCOC(=O)CC1=C(C)NC(=NC1=O)SC,0,0.116341,0.043957,0.036401
COc1ccc(cc1)-c1cnc2c(c1)C(=O)N(C[C@H](C)[C@H](CN(C)C(=O)Cc1cccnc1)O2)[C@H](C)CO,0,0.003268,0.022159,0.004568
C[C@H]1CN([C@H](C)CO)C(=O)Cc2cc(ccc2O[C@@H]1CN(C)Cc1ccc(cc1)C(=O)O)NS(=O)(=O)C,0,0.012665,0.028984,0.007717
CNC(=O)c1ccc2c(c1)OCO2,0,0.051694,0.050678,0.025910
C[C@H]1CN([C@@H](C)CO)C(=O)c2cccc(c2O[C@H]1CN(C)C(=O)Nc1ccc2c(c1)OCO2)NS(=O)(=O)c1cn(cn1)C,0,0.020288,0.023599,0.004479
COC(=O)[C@H]1[C@H](CO)[C@H]2CN3C(=O)C(=CC=C3[C@@H]1N2S(=O)(=O)c1cn(cn1)C)C1=CCCC1,0,0.009669,0.026302,0.011394
C[C@H]1CN([C@H](C)CO)C(=O)c2cccc(c2O[C@H]1CN(C)Cc1ccc(cc1)-c1ccccc1)NC(=O)NC1CCCCC1,0,0.094014,0.033079,0.018850
COc1ccc2c3c([nH]c2c1)[C@@H](CO)N(C[C@]13CCN(CC1)CC1CCCCC1)C(=O)Nc1cccc(c1)F,1,0.828887,0.715173,0.658915
C[C@@H]1CCCCO[C@@H](CN(C)C(=O)Nc2ccc(cc2)F)[C@H](C)CN([C@@H](C)CO)C(=O)c2cc(ccc2O1)NC(=O)C1CCCCC1,0,0.071720,0.025532,0.006834
C[C@H]1CN([C@H](C)CO)C(=O)c2cc(ccc2O[C@@H]1CN(C)Cc1ccc(cc1)-c1ccccc1)NC(=O)CCC(F)(F)F,0,0.198132,0.087826,0.092374
CC(C)NC(=O)N(C)C[C@@H]1Oc2ccc(cc2CC(=O)N(C[C@H]1C)[C@H](C)CO)NC(=O)Cn1cnnn1,0,0.022341,0.024992,0.008539
C[C@@H]1CCCCO[C@@H](CN(C)C(=O)Cc2ccccc2)[C@H](C)CN([C@@H](C)CO)C(=O)c2cc(ccc2O1)NC(=O)Cc1ccccc1,0,0.000836,0.022199,0.004511
CC(C)(C)NC1=NC(=O)NC(=O)N1,0,0.797146,0.089502,0.034550
COc1ccc(cc1)S(=O)(=O)Nc1ccc2c(c1)C(=O)N(C[C@H](C)[C@H](CN(C)C(=O)Nc1ccc3c(c1)OCO3)OCCCC[C@H](C)O2)[C@H](C)CO,0,0.002310,0.023468,0.004335
CCS(=O)(=O)N1C[C@]2(CCN(CC2)S(=O)(=O)c2cccs2)c2c(n(c3cc(ccc23)OC)C)[C@H]1CO,0,0.003330,0.026289,0.012478
C[C@H]1CCCCO[C@H](CN(C)S(=O)(=O)c2cn(cn2)C)[C@H](C)CN([C@H](C)CO)C(=O)c2cc(ccc2O1)N(C)C,0,0.027041,0.023444,0.005633
C[C@@H]1CN([C@@H](C)CO)C(=O)Cc2cc(ccc2O[C@@H]1CN(C)C(=O)Nc1ccc2c(c1)OCO2)NC(=O)Cn1cnnn1,0,0.010701,0.021797,0.005602
C[C@@H]1CCCCO[C@@H](CN(C)C(=O)Nc2cccc3ccccc23)[C@H](C)CN([C@@H](C)CO)C(=O)c2cc(ccc2O1)NC(=O)Nc1ccccc1,0,0.026840,0.021748,0.005095
CC1=CN([C@@H]2C[C@H](O)[C@@H](CO)O2)C(=O)NC1=O,0,0.544228,0.306831,0.337249
CCc1nc(c(nc1NC1CCOCC1)Nc1ccc(c(c1)OC)N1CCC(CC1)N1CCN(C)CC1)C(=O)N,0,0.940783,0.125118,0.123633
COc1ccc(cc1)S(=O)(=O)N[C@@H]1C=C[C@H](CC(=O)N2CCN(CC2)c2ccccc2)O[C@H]1CO,0,0.010968,0.028232,0.015088
C[C@H]1CN([C@H](C)CO)C(=O)c2cc(cnc2O[C@@H]1CN(C)C(=O)Cc1ccccn1)-c1ccc(cc1)F,0,0.003441,0.028563,0.005840
CN1CCN(CC1)C(=O)C[C@H]1CC[C@@H](NC(=O)Nc2c(noc2C)C)[C@H](CO)O1,0,0.178237,0.056667,0.013298
C[C@@H]1CN([C@@H](C)CO)S(=O)(=O)c2ccc(cc2O[C@H]1CN(C)C(=O)C1CC1)-c1ccc(cc1)C(=O)N(C)C,0,0.010510,0.038048,0.007739
C[C@H]1CN([C@H](C)CO)S(=O)(=O)c2ccc(cc2O[C@@H]1CN(C)C(=O)Cc1ccccn1)-c1cccc(c1)C(=O)N(C)C,0,0.001392,0.023341,0.004853
O[C@H]1COC[C@@H]2O[C@@H](CC[C@H]2N(C1)S(=O)(=O)c1ccc(cc1)F)CC(=O)NCc1ccc(c(c1)Cl)Cl,0,0.800699,0.052536,0.032619
COc1cc(C=CC(N)=O)cc(OC)c1OC,0,0.606067,0.290854,0.140603
Cn1cnc(c1)S(=O)(=O)N[C@H]1C=C[C@@H](CC(=O)NCC2CC2)O[C@H]1CO,0,0.050132,0.029613,0.008412
C=CC(C)(O)CCC=C(C)CCC=C(C)C,0,0.088342,0.192514,0.158511
C[C@H]1CN([C@H](C)CO)C(=O)Cc2cc(ccc2O[C@@H]1CN(C)Cc1ccc(cc1)C(=O)O)NC(=O)C1CC1,0,0.119903,0.064140,0.033958
C[C@H]1CN([C@@H](C)CO)C(=O)Cc2cc(ccc2O[C@H]1CN(C)C(=O)Nc1cccc2ccccc12)NC(=O)Cn1cnnn1,0,0.027434,0.021170,0.007144
C[C@@H]1CCCCO[C@@H](CN(C)Cc2ccc(cc2)C(F)(F)F)[C@@H](C)CN([C@H](C)CO)C(=O)c2cc(ccc2O1)NS(=O)(=O)c1cn(cn1)C,0,0.138787,0.080052,0.009070
CC(C)NC(=O)N1Cc2cc(nc(c2[C@@H]1CCO)-c1cccc(c1)-c1cccnc1)C(=O)NC1Cc2ccccc2C1,0,0.026893,0.052136,0.024565
C[C@@H]1CN([C@H](C)CO)S(=O)(=O)c2ccc(cc2O[C@H]1CN(C)S(=O)(=O)c1ccc(cc1)C)Br,0,0.145946,0.028769,0.007835
CC(C)N1C(=S)Nc2ccccc21,0,0.733628,0.085388,0.055589
C[C@H]1CCCCO[C@H](CN(C)C(=O)Cc2ccccc2)[C@H](C)CN([C@H](C)CO)C(=O)c2cc(ccc2O1)NC(=O)Cc1ccccc1,0,0.000836,0.022199,0.004511
C[C@H]1CN([C@H](C)CO)C(=O)c2cc(cnc2O[C@@H]1CN(C)C(=O)CCN1CCCCC1)C#Cc1ccccn1,0,0.038407,0.023066,0.006089
C[C@H]1CCCCO[C@H](CN(C)Cc2ccc(c(c2)Cl)Cl)[C@@H](C)CN([C@H](C)CO)C(=O)c2cc(ccc2O1)NC(=O)CCC(F)(F)F,0,0.427155,0.066553,0.013181
C[C@@H]1CN([C@@H](C)CO)C(=O)c2cccc(c2O[C@H]1CN(C)S(=O)(=O)C)NC(=O)Nc1ccc(cc1)C(F)(F)F,0,0.456941,0.391004,0.124849
CO[C@@H]1CN(C)C(=O)c2ccc(cc2OC[C@@H](C)N(C[C@@H]1C)C(=O)c1ccc2c(c1)OCO2)NS(=O)(=O)C,0,0.003800,0.023598,0.005746
C[C@@H]1CN([C@H](C)CO)C(=O)Cc2cc(ccc2O[C@@H]1CN(C)C(=O)Nc1ccc(cc1)C(F)(F)F)NC(=O)Cn1cnnn1,0,0.583018,0.274823,0.332617
C[C@@H]1CN([C@@H](C)CO)C(=O)c2cccc(c2O[C@H]1CN(C)Cc1ccncc1)NS(=O)(=O)c1cccs1,0,0.003020,0.023782,0.004570
OC[C@H]1O[C@H](C[C@@H]2[C@H]1Oc1ccc(cc12)NS(=O)(=O)c1ccc(cc1)F)CC(=O)NCc1cccc(c1)F,0,0.024983,0.035344,0.012036
COc1ccc(c(c1)OC)[C@H]1CC=CC[C@H](C)Oc2ccccc2C(=O)N(C)[C@H](Cc2ccccc2)C(=O)N1,0,0.021442,0.065491,0.037860
COc1ccccc1-c1cnc2c(c1)C(=O)N(C[C@@H](C)[C@H](CN(C)C(=O)c1ccncc1)O2)[C@@H](C)CO,0,0.001996,0.022812,0.004302
C[C@H]1CCCCO[C@H](CN(C)S(=O)(=O)c2c(noc2C)C)[C@H](C)CN([C@H](C)CO)C(=O)c2cc(ccc2O1)NS(=O)(=O)C,0,0.006592,0.023418,0.005469
C[C@H]1CN([C@@H](C)CO)C(=O)c2cc(cnc2O[C@H]1CN(C)C(=O)Nc1ccccc1F)C#CCN(C)C,0,0.394616,0.034015,0.016136
C[C@@H]1CN([C@@H](C)CO)S(=O)(=O)c2ccc(cc2O[C@H]1CN(C)S(=O)(=O)c1ccc(cc1)F)C#Cc1ccc(cc1)F,0,0.320988,0.033915,0.010849
COc1ccc2c3c(n(c2c1)C)[C@H](CO)N(Cc1cc(cc(c1)OC)OC)C[C@]13CCN(CC1)S(=O)(=O)c1cn(cn1)C,0,0.018601,0.039435,0.012480
C[C@H]1CCCCO[C@H](CN(C)S(=O)(=O)c2cn(cn2)C)[C@H](C)CN([C@@H](C)CO)C(=O)c2cc(ccc2O1)NS(=O)(=O)c1ccccc1,0,0.002066,0.023319,0.004443
C[C@H]1CCCCO[C@H](CN(C)S(=O)(=O)c2ccc(cc2)Cl)[C@@H](C)CN([C@@H](C)CO)C(=O)c2cc(ccc2O1)NS(=O)(=O)c1cccs1,0,0.006352,0.025196,0.005220
COc1ccc(cc1)NC(=O)N(C)C[C@@H]1OCCCC[C@H](C)Oc2ccc(cc2C(=O)N(C[C@@H]1C)[C@@H](C)CO)NC(=O)Nc1ccccc1,0,0.015759,0.021913,0.004311
CNC(=S)Nc1cccc(c1)C(=O)NC,0,0.337166,0.064561,0.031443
COc1ccc(cc1)S(=O)(=O)N(C)C[C@@H]1Oc2c(cccc2C(=O)N(C[C@H]1C)[C@H](C)CO)NC(=O)Nc1c(noc1C)C,0,0.060172,0.023227,0.005216
C[C@H]1CN([C@H](C)CO)C(=O)c2cc(ccc2O[C@@H]1CN(C)Cc1ccccc1)NS(=O)(=O)c1c(noc1C)C,0,0.004298,0.023851,0.006319
C[C@H]1CN([C@@H](C)CO)C(=O)c2cccc(c2O[C@@H]1CN(C)C(=O)Nc1c(noc1C)C)NC(=O)Nc1cccc2ccccc12,0,0.144598,0.025091,0.011746
COc1ccc(cc1)NC(=O)Nc1ccc2c(c1)C(=O)N(C[C@@H](C)[C@@H](CN(C)Cc1ccc(cc1)C(=O)Nc1ccccc1N)O2)[C@H](C)CO,0,0.005151,0.023377,0.005309
C[C@H]1CN([C@@H](C)CO)C(=O)Cc2cc(ccc2O[C@@H]1CN(C)S(=O)(=O)C)NC(=O)Nc1ccc(cc1)F,0,0.020056,0.029260,0.012116
C[C@@H]1CCCCO[C@@H](CN(C)CC2CCCCC2)[C@H](C)CN([C@@H](C)CO)C(=O)c2cc(ccc2O1)NC(=O)Nc1ccc2c(c1)OCO2,0,0.046725,0.027035,0.006371
C[C@@H]1CN([C@H](C)CO)C(=O)c2cc(ccc2O[C@@H]1CN(C)Cc1ccccc1)NC(=O)CCCCCC(=O)Nc1ccccc1N,0,0.010050,0.026101,0.006678
Fc1nc(c(c(c1F)NC(=O)CCC(=O)N1CCOCC1)F)N1CCOCC1,0,0.021671,0.301303,0.196762
C[C@@H]1CN([C@H](C)CO)C(=O)c2cc(ccc2O[C@@H]1CN(C)S(=O)(=O)c1cccs1)NC(=O)C1CC1,0,0.002366,0.024302,0.005992
CN1[C@@H](CO)[C@@H]2[C@H]1CNc1ccccc12,0,0.192203,0.058071,0.017234
C[C@H]1CCCCO[C@H](CN(C)S(=O)(=O)c2ccc(cc2)F)[C@H](C)CN([C@@H](C)CO)C(=O)c2cc(ccc2O1)NC(=O)Cc1ccccc1,0,0.004061,0.023390,0.005551
CC=NN(C)C=O,0,0.000656,0.068509,0.028925
C1CC(CCN1)Cc1cnc[nH]1,0,0.864954,0.031588,0.014807
C[C@H]1CN([C@@H](C)CO)C(=O)Cc2cc(ccc2O[C@@H]1CN(C)C(=O)Nc1ccccc1)NC(=O)Cn1cnnn1,0,0.026210,0.023899,0.006421
CC(C)NC(=O)N(C)C[C@@H]1Oc2ccc(cc2CC(=O)N(C[C@@H]1C)[C@H](C)CO)NS(=O)(=O)c1c(noc1C)C,0,0.004308,0.025546,0.007112
C[C@@H]1CN([C@H](C)CO)C(=O)c2cc(ccc2O[C@@H]1CN(C)Cc1ccc(cc1)-c1ccccc1)NS(=O)(=O)c1c(noc1C)C,0,0.008675,0.026098,0.007950
C[C@@H]1CN([C@H](C)CO)C(=O)Cc2cc(ccc2O[C@H]1CN(C)S(=O)(=O)c1ccc(cc1)Cl)NS(=O)(=O)C,0,0.013094,0.025998,0.007981
CCc1ccc(cc1)NC(=O)C1CCN(CC1)S(=O)(=O)C1=C(C)NC(=O)NC1=O,0,0.551306,0.032055,0.022254
C[C@H]1CN([C@@H](C)CO)C(=O)c2cc(ccc2O[C@H]1CN(C)S(=O)(=O)c1c(noc1C)C)NS(=O)(=O)c1cn(cn1)C,0,0.037649,0.024979,0.007325
CC(C)NC(=O)N(C)C[C@H]1OCCCC[C@H](C)Oc2ccc(cc2C(=O)N(C[C@@H]1C)[C@H](C)CO)NC(=O)Nc1cccc2ccccc12,0,0.025551,0.024406,0.009254
C[C@@H]1CCCCO[C@H](CN(C)Cc2ccncc2)[C@H](C)CN([C@@H](C)CO)C(=O)c2cc(ccc2O1)NC(=O)C1CCCCC1,0,0.009666,0.022570,0.005390
C#CCCCCCCCCCCCC(O)CC(O)COC(C)=O.C=CCCCCCCCCCCCC(O)CC(O)COC(C)=O,0,0.000391,0.098314,0.048413
COc1ccc(cc1)/C=C/C(=O)O[C@@H]1[C@@H](O)[C@H](C)O[C@@H](O[C@H]2[C@@H]3C=CO[C@@H](O[C@H]4O[C@@H](CO)[C@H](O)[C@@H](O)[C@@H]4O)[C@@H]3[C@@]3(CO)O[C@@H]23)[C@@H]1OC(=O)C,0,0.114395,0.592559,0.300805
COc1ccc(cc1)NC(=O)N(C)C[C@@H]1Oc2ccc(cc2C(=O)N(C[C@@H]1C)[C@H](C)CO)NC(=O)C1CC1,0,0.022933,0.023442,0.005996
C[C@H]1CCCCO[C@@H](CN(C)S(=O)(=O)c2ccc(cc2)C)[C@@H](C)CN([C@@H](C)CO)C(=O)c2cc(ccc2O1)NS(=O)(=O)C,0,0.006709,0.023491,0.004671
CC12C=CC(=O)C=C1CCC1C2C(=O)CC2(C)C1CCC2(O)C(=O)CO,0,0.583925,0.398988,0.266990
C[C@@H]1CCCCO[C@H](CN(C)Cc2ccc(cc2)C(F)(F)F)[C@@H](C)CN([C@@H](C)CO)C(=O)c2cc(ccc2O1)NS(=O)(=O)c1c(noc1C)C,0,0.059378,0.030446,0.007301
C[C@@H]1CN([C@H](C)CO)C(=O)c2cc(ccc2O[C@H]1CN(C)C(=O)Nc1ccc(cc1)F)NC(=O)CCCN(C)C,0,0.154484,0.035570,0.010523
C[C@H]1CN([C@H](C)CO)C(=O)c2cccc(c2O[C@H]1CN(C)Cc1ccc(cc1)-c1ccccc1)NC(=O)c1nc2ccccc2s1,0,0.020239,0.030899,0.011480
CC(C)NC(=O)N(C)C[C@@H]1Oc2ccc(cc2CC(=O)N(C[C@@H]1C)[C@@H](C)CO)NC(=O)C1CCCCC1,0,0.011903,0.024999,0.007210
CCS(=O)(=O)NCC[C@@H]1CC[C@@H](NC(=O)Cc2ccccn2)[C@@H](CO)O1,0,0.001431,0.022763,0.006561
C[C@@H]1CN([C@H](C)CO)C(=O)c2cc(cnc2O[C@@H]1CN(C)S(=O)(=O)c1ccccc1F)C#Cc1ccncc1,0,0.035665,0.022937,0.005120
COC(=O)[C@@H](N)CCCNC(=N[N+](=O)[O-])N,0,0.018836,0.083193,0.035985
CCOC(=O)C1C(C=C(C)C)C1(C)C,0,0.152747,0.251053,0.072091
C[C@H]1CN([C@H](C)CO)C(=O)c2cc(cnc2O[C@H]1CN(C)S(=O)(=O)c1cccs1)Br,0,0.016277,0.026715,0.013187
CC/C=C\C/C=C\C/C=C\C/C=C\C/C=C\CCCC(=O)O,0,0.000591,0.119129,0.106215
C[C@@H]1CCCCO[C@H](CN(C)Cc2ccc(cc2)C(=O)O)[C@@H](C)CN([C@@H](C)CO)C(=O)c2cc(ccc2O1)NC(=O)NC1CCCCC1,0,0.103711,0.040289,0.016859
CCCNC(=O)Nc1ccc2c(c1)OC[C@H](C)N(C[C@@H](C)[C@H](CN(C)C2=O)OC)C(=O)C1CCOCC1,0,0.007470,0.027156,0.006787
C[C@@H]1CN([C@@H](C)CO)C(=O)Cc2cc(ccc2O[C@@H]1CN(C)Cc1ccc(c(c1)Cl)Cl)NC(=O)Nc1c(noc1C)C,0,0.138343,0.043298,0.009935
C[C@H]1CN([C@@H](C)CO)C(=O)c2cc(ccc2O[C@@H]1CN(C)Cc1ccc(cc1)-c1ccccc1)NC(=O)Cc1ccccc1,0,0.017584,0.026235,0.016322
COc1ccccc1NC(=O)N(C)C[C@@H]1OCc2ccccc2-c2c(n(c3ccccc23)C)C(=O)N(C[C@H]1C)[C@H](C)CO,0,0.050434,0.023397,0.007556
C[C@@H]1CN([C@H](C)CO)C(=O)Cc2cc(ccc2O[C@@H]1CN(C)S(=O)(=O)c1ccc(cc1)C)NS(=O)(=O)c1ccc(cc1)F,0,0.005029,0.023113,0.006772
C[C@@H]1CN([C@@H](C)CO)C(=O)Cc2cc(ccc2O[C@H]1CN(C)S(=O)(=O)c1ccc(cc1)Cl)NC(=O)Nc1ccc(cc1)C(F)(F)F,0,0.296016,0.038686,0.013356
CC1=CC2(CO)C(=O)[C@]3(CO3)C1[C@H]1[C@]2(C)C=C(CO)C(=O)[C@@]21CO2,0,0.852605,0.393046,0.161870
C[C@@H]1CCCCO[C@H](CN(C)Cc2ccc(cc2)C(F)(F)F)[C@H](C)CN([C@H](C)CO)C(=O)c2cc(ccc2O1)N(C)C,0,0.334249,0.073468,0.039412
OC[C@H]1O[C@@H](O[C@@H](C#N)c2ccc(cc2)O)[C@H](O)[C@@H](O)[C@@H]1O,0,0.033594,0.117843,0.084016
OC[C@@H](O)[C@H]1O[C@@H](OC[C@@H]1O)c1ccccc1,0,0.176758,0.068341,0.059854
C[C@@H]1CN([C@@H](C)CO)C(=O)Cc2cc(ccc2O[C@@H]1CN(C)C(=O)Nc1ccccc1)NC(=O)CCCCCC(=O)Nc1ccccc1N,0,0.005685,0.023043,0.004278
C[C@@H]1CCCCO[C@@H](CN(C)S(=O)(=O)c2ccc(cc2)F)[C@@H](C)CN([C@@H](C)CO)C(=O)c2cc(ccc2O1)NC(=O)Cc1ccccc1,0,0.004061,0.023390,0.005551
C[C@H]1CCCCO[C@@H](CN(C)C(=O)Nc2ccc(cc2)F)[C@H](C)CN([C@H](C)CO)C(=O)c2cc(ccc2O1)NS(=O)(=O)c1ccccc1,0,0.010093,0.023486,0.004678
COc1cccc(c1)NC(=O)N[C@@H]1C=C[C@H](CC(=O)N2CCN(C)CC2)O[C@@H]1CO,0,0.068827,0.053709,0.018678
COc1ccc(cc1)CN(C)C[C@H]1Oc2ccc(cc2C(=O)N(C[C@H]1C)[C@H](C)CO)NS(=O)(=O)c1cn(cn1)C,0,0.017785,0.023538,0.004417
CN1C(=O)[C@H]2CN(C[C@@H]2C21CCN(CC2)S(=O)(=O)Cc1ccccc1)C(=O)C,0,0.003993,0.028902,0.011369
CCCNC(=O)N(C)C[C@@H]1Oc2cc(ccc2S(=O)(=O)N(C[C@@H]1C)[C@H](C)CO)C#Cc1ccccn1,0,0.067693,0.026235,0.006034
C[C@H]1CN([C@H](C)CO)C(=O)c2cccc(c2O[C@@H]1CN(C)C(=O)Nc1cccc2ccccc12)NS(=O)(=O)c1ccccc1,0,0.009849,0.037546,0.010927
C[C@H]1CN([C@H](C)CO)C(=O)c2cccc(c2O[C@H]1CN(C)Cc1ccc(cc1)Oc1ccccc1)NC(=O)C1CC1,0,0.020552,0.036771,0.017981
OC[C@@H](Cc1ccccc1)NC(=O)C[C@H](CC=C)C(=O)NC[C@H](OC(=O)[C@@H](CCC=C)Cc1ccc(cc1)F)c1ccccc1,0,0.022807,0.061373,0.037451
Nc1ccc(cc1)N1CC(=O)NC1=C,0,0.349652,0.069168,0.031069
C[C@H]1CN([C@@H](C)CO)C(=O)Cc2cc(ccc2O[C@H]1CN(C)Cc1ccc(cc1)-c1ccccc1)NC(=O)Nc1ccc(cc1)C(F)(F)F,0,0.286649,0.065851,0.029142
C[C@@H]1CN([C@H](C)CO)S(=O)(=O)c2ccc(cc2O[C@H]1CN(C)C(=O)C1CCOCC1)C1=CCCC1,0,0.007888,0.024035,0.006455
C[C@@H]1CN([C@H](C)CO)C(=O)c2cc(cnc2O[C@@H]1CN(C)CC1CCOCC1)C#CCc1ccccc1,0,0.096169,0.029525,0.011041
OC[C@@H]1[C@@H](O)[C@H](O)[C@H]2[C@@H](O)CCN12,0,0.002545,0.109593,0.055719
C[C@@H]1CCCCO[C@@H](CN(C)Cc2ccc(cc2)C(=O)O)[C@H](C)CN([C@H](C)CO)C(=O)c2cc(ccc2O1)NC(=O)Nc1ccccc1,0,0.063330,0.028679,0.007047
C[C@H]1CCCCO[C@H](CN(C)C(=O)Nc2ccc(cc2)C(F)(F)F)[C@@H](C)CN([C@@H](C)CO)C(=O)c2cc(ccc2O1)NS(=O)(=O)c1ccc(cc1)Cl,0,0.309005,0.138698,0.012000
CO[C@H]1CN(C)C(=O)c2ccc(cc2OC[C@H](C)N(C[C@H]1C)C(=O)CN(C)C)NC(=O)c1ccccc1,0,0.007824,0.022447,0.008080
CCSc1nnc2c(n1)NC(=O)NC2=O,0,0.876422,0.117732,0.087269
C[C@@H]1CCCCO[C@H](CN(C)Cc2ccc(cc2)C(F)(F)F)[C@@H](C)CN([C@@H](C)CO)C(=O)c2cc(ccc2O1)NC(=O)CCC(F)(F)F,0,0.378911,0.029264,0.016398
CC1(C)[C@H]2CC[C@@]1(CS(=O)(=O)N)C(=O)C2,0,0.000002,0.387613,0.018814
C[C@H]1CCCCO[C@H](CN(C)C(=O)Nc2ccc(cc2)C(F)(F)F)[C@@H](C)CN([C@@H](C)CO)C(=O)c2cc(ccc2O1)NS(=O)(=O)c1ccccc1,0,0.068195,0.041057,0.009852
CC(C)NC(=O)Nc1cccc2c1O[C@H](CN(C)S(=O)(=O)c1ccc(cc1)C)[C@H](C)CN([C@@H](C)CO)C2=O,0,0.054132,0.032483,0.006392
C[C@@H]1CCCCO[C@@H](CN(C)CC2CC2)[C@H](C)CN([C@H](C)CO)C(=O)c2cc(ccc2O1)NC(=O)Nc1ccc(cc1)C(F)(F)F,0,0.823882,0.853653,0.910701
O=C(O)CCCCC1CCSS1,0,0.835042,0.424191,0.205684
C[C@H]1CCCCO[C@H](CN(C)CC2CCCCC2)[C@H](C)CN([C@H](C)CO)C(=O)c2cc(ccc2O1)NC(=O)c1ccccc1,0,0.016715,0.026465,0.007649
NN1C(=S)NN=C1[C@@H](O)c1ccccc1,0,0.764168,0.192891,0.101531
C[C@@H]1CN([C@H](C)CO)C(=O)c2cc(cnc2O[C@@H]1CN(C)S(=O)(=O)c1ccc(cc1)F)C#CC1(O)CCCC1,0,0.035081,0.095597,0.006972
C[C@@H]1CN([C@H](C)CO)C(=O)Cc2cc(ccc2O[C@H]1CN(C)Cc1ccc(cc1)C(=O)Nc1ccccc1N)NC(=O)Nc1ccc2c(c1)OCO2,0,0.001810,0.022217,0.004741
Cc1ccccc1S(=O)(=O)N1C[C@@H](O)COC[C@H]2O[C@@H](CC[C@@H]21)CC(=O)N1CCC(CC1)Cc1ccccc1,0,0.258751,0.075711,0.019478
Oc1ccc(c(c1)O)C(=O)CN1CCOCC1,0,0.410564,0.110909,0.071102
C[C@H]1CCCCO[C@H](CN(C)Cc2ccc(cc2)C(F)(F)F)[C@H](C)CN([C@@H](C)CO)C(=O)c2cc(ccc2O1)NC(=O)Nc1c(noc1C)C,0,0.230310,0.024602,0.011634
CN(C)C(=O)C[C@@H]1CC[C@@H]2[C@H](COC[C@@H](O)CN2S(=O)(=O)c2ccccc2)O1,0,0.065390,0.049484,0.010601
C[C@H]1CN([C@H](C)CO)C(=O)c2cccc(c2O[C@H]1CN(C)S(=O)(=O)c1ccc(cc1)F)NC(=O)c1cnccn1,0,0.074180,0.023098,0.007110
COc1ccc(cc1)NC(=O)N(C)C[C@@H]1Oc2ccc(cc2CC(=O)N(C[C@@H]1C)[C@@H](C)CO)NS(=O)(=O)c1c(noc1C)C,0,0.003832,0.023903,0.004927
OC[C@H]1O[C@H](C[C@H]2[C@@H]1Oc1ccc(cc12)NS(=O)(=O)c1ccc(cc1)F)CC(=O)NCc1ccncc1,0,0.006105,0.026925,0.008960
C[C@@H]1CN([C@H](C)CO)C(=O)c2cc(ccc2O[C@@H]1CN(C)C(=O)Nc1cccc2ccccc12)NC(=O)Nc1ccc(cc1)F,0,0.135669,0.031355,0.020453
COc1ccccc1S(=O)(=O)N(C)C[C@H]1Oc2ncc(cc2C(=O)N(C[C@H]1C)[C@@H](C)CO)Br,0,0.092305,0.024036,0.007939
C[C@@H]1CN([C@@H](C)CO)C(=O)Cc2cc(ccc2O[C@@H]1CN(C)C(=O)Nc1ccc(cc1)F)NC(=O)C1CC1,0,0.068533,0.035320,0.011212
C[C@@H]1CCCCO[C@@H](CN(C)Cc2ccc(c(c2)Cl)Cl)[C@@H](C)CN([C@H](C)CO)C(=O)c2cc(ccc2O1)NC(=O)Cc1ccccc1,0,0.039199,0.024116,0.006130
O=C1C=NNC(=N1)Nc1ccccc1,0,0.694860,0.165172,0.085160
CCS(=O)(=O)N1C[C@]2(CCN(CC2)C(=O)c2cccnc2)c2c(n(c3cc(ccc23)OC)C)[C@H]1CO,0,0.003519,0.024634,0.007054
CCCCCCNC(=O)n1cc(F)c(=O)[nH]c1=O,0,0.372781,0.228676,0.129634
C[C@@H]1CN([C@H](C)CO)C(=O)c2cccc(c2O[C@H]1CN(C)C(=O)Nc1ccc(cc1)C(F)(F)F)NC(=O)c1ccc(cc1)-c1nccs1,0,0.626477,0.142446,0.070291
CCN(CC)CCNC(=O)C(=O)NC1CC1,0,0.234059,0.041025,0.029053
CN1[C@H]2CC[C@H](CC(=O)N3CCOCC3)O[C@@H]2COc2ccc(cc2C1=O)NC(=O)c1ccc(cc1)F,0,0.005733,0.026134,0.015393
C[C@H]1CCCCO[C@H](CN(C)C(=O)CCC(F)(F)F)[C@H](C)CN([C@H](C)CO)C(=O)c2cc(ccc2O1)NC(=O)Nc1ccccc1,0,0.050777,0.026994,0.011867
Cc1cnc(nc1)N1C[C@H]2COC[C@@H]2C1,0,0.156119,0.087616,0.037448
C[C@H]1CCCCO[C@@H](CN(C)Cc2ccc(cc2)C(=O)O)[C@H](C)CN([C@@H](C)CO)C(=O)c2cc(ccc2O1)NC(=O)Cc1ccccc1,0,0.039272,0.035387,0.012287
OC(=O)C1=CC(=O)NC(=O)N1,0,0.287977,0.125490,0.071410
C[C@H]1CCCCO[C@H](CN(C)C(=O)Nc2c(noc2C)C)[C@H](C)CN([C@@H](C)CO)C(=O)c2cc(ccc2O1)NS(=O)(=O)c1ccc(cc1)F,0,0.021495,0.024011,0.005713
CCc1nc2ccc(cn2c1N(CCN(C)C)CC1CC1)C(=O)Nc1cc(ccc1OC)-c1ccccc1,0,0.952956,0.510083,0.530220
COC(=O)C[C@H]1CC[C@H]2NC[C@H](O)COC[C@@H]2O1,0,0.098334,0.030122,0.010414
O=C(O)CCCCCCC(=O)O,0,0.036981,0.050049,0.047192
C[C@H]1CCCCO[C@H](CN(C)C(=O)NC2CCCCC2)[C@H](C)CN([C@H](C)CO)C(=O)c2cc(ccc2O1)NS(=O)(=O)c1ccc(cc1)F,0,0.007526,0.023540,0.005560
CCOC(=O)c1ccc(o1)CNS(=O)(=O)c1ccc(cc1)S(=O)(=O)N1CCOCC1,0,0.003146,0.038445,0.020945
C[C@H]1CN([C@@H](C)CO)S(=O)(=O)c2ccc(cc2O[C@@H]1CN(C)C(=O)Nc1ccc(cc1)C(F)(F)F)-c1ccc(cc1)C,0,0.556791,0.032460,0.025546
O=C(O)C=CC=Cc1ccc2c(c1)OCO2,0,0.525231,0.071240,0.109818
COc1ccc(cc1)S(=O)(=O)Nc1ccc2c(c1)C(=O)N(C[C@H](C)[C@H](CN(C)C(=O)Nc1ccc(cc1)C(F)(F)F)OCCCC[C@H](C)O2)[C@H](C)CO,0,0.152540,0.193626,0.014980
C[C@H]1CN([C@@H](C)CO)C(=O)c2cccc(c2O[C@@H]1CN(C)C(=O)Nc1ccc(cc1)C(F)(F)F)NC(=O)Nc1c(noc1C)C,0,0.821868,0.627038,0.535986
COC(OC)[C@H](Cc1ccccc1)N(C/C=C\[C@@H](O)c1ccccc1)[C@@H]([C@H](Cc1ccccc1)OC(=O)C)c1ccc(cc1)OC,0,0.079432,0.085914,0.059774
C[C@H]1CN([C@H](C)CO)C(=O)c2cc(ccc2O[C@@H]1CN(C)S(=O)(=O)c1cccs1)NC(=O)Nc1cccc2ccccc12,0,0.008404,0.023831,0.005855
C[C@@H]1CCCCO[C@@H](CN(C)C(=O)c2ccccc2)[C@H](C)CN([C@@H](C)CO)C(=O)c2cc(ccc2O1)NC(=O)Nc1ccc(cc1)F,0,0.014182,0.021982,0.005139
C[C@@H]1CN([C@H](C)CO)S(=O)(=O)c2ccc(cc2O[C@H]1CN(C)Cc1cccnc1)C#CCN(C)C,0,0.062602,0.027701,0.008157
C[C@H]1CN([C@H](C)CO)C(=O)c2cc(cnc2O[C@H]1CN(C)Cc1cccc(c1)C(F)(F)F)-c1cccc(c1)C(F)(F)F,0,0.788902,0.310945,0.438172
C[C@@H]1CCCCO[C@H](CN(C)S(=O)(=O)c2cn(cn2)C)[C@@H](C)CN([C@H](C)CO)C(=O)c2cc(ccc2O1)N(C)C,0,0.027041,0.023444,0.005633
COCC(=O)N(C)C[C@@H]1Oc2cc(ccc2S(=O)(=O)N(C[C@H]1C)[C@@H](C)CO)C#C[C@H](C)O,0,0.103455,0.023151,0.007910
C[C@H]1CN([C@@H](C)CO)C(=O)c2cccc(c2O[C@@H]1CN(C)S(=O)(=O)c1ccc(cc1)C)NC(=O)Nc1cccc2ccccc12,0,0.035093,0.038070,0.006479
C[C@@H]1CN([C@H](C)CO)C(=O)c2cccc(c2O[C@@H]1CN(C)S(=O)(=O)c1ccc(cc1)Cl)NC(=O)C1CCOCC1,0,0.048015,0.022901,0.005559
CC(C)CCCC(C)C1CCC2C3CC(=O)C4CC(O)CCC4(C)C3CCC12C,0,0.956506,0.394644,0.150527
CC(=O)/C(=N/O)C,0,0.006658,0.052223,0.048008
OCC1(CO)COC2(CCCCC2)N1,0,0.383389,0.090213,0.056595
C[C@H]1CN([C@H](C)CO)C(=O)c2cccc(c2O[C@H]1CN(C)S(=O)(=O)c1ccc(cc1)F)NS(=O)(=O)c1ccccc1,0,0.014711,0.032333,0.008936
COc1ccc(cc1)S(=O)(=O)N(C)C[C@@H]1Oc2c(cccc2C(=O)N(C[C@H]1C)[C@H](C)CO)NS(=O)(=O)C,0,0.024056,0.025690,0.007507
CCS(=O)(=O)N1CC[C@]2(CC1)CN([C@H](CO)c1c2c2ccc(cc2n1C)OC)C(=O)c1ccc(cc1)F,0,0.010089,0.030868,0.012022
CN(C)CCO[C@@H]1C[C@@H]2CN(CCN2C1)S(=O)(=O)c1cn(cn1)C,0,0.036692,0.037588,0.007151
C[C@H]1CCCCO[C@@H](CN(C)C(=O)Nc2ccc3c(c2)OCO3)[C@@H](C)CN([C@H](C)CO)C(=O)c2cc(ccc2O1)NC(=O)Nc1cccc2ccccc12,0,0.010622,0.022227,0.004379
C[C@@H]1CN([C@@H](C)CO)C(=O)c2cc(ccc2O[C@H]1CN(C)S(=O)(=O)c1cn(cn1)C)NC(=O)CCCN(C)C,0,0.033581,0.023549,0.004617
C[Se]CCC(N)C(=O)O,0,0.013376,0.134837,0.115080
c1cnc(cn1)-c1cn[nH]c1,0,0.373796,0.172973,0.081342
CCOc1nc2c(ncnc2n1CC)N,0,0.031948,0.046542,0.012058
C[C@H]1CN([C@H](C)CO)C(=O)c2cc(ccc2O[C@H]1CN(C)S(=O)(=O)c1cccs1)NS(=O)(=O)c1ccccc1,0,0.002364,0.023326,0.006014
C[C@@H]1CN([C@@H](C)CO)C(=O)c2c(c3ccccc3n2C)-c2ccccc2CO[C@@H]1CN(C)C(=O)[C@@H](C)c1ccccc1,0,0.020428,0.029040,0.014805
C[C@@H]1CN([C@H](C)CO)C(=O)c2cc(cnc2O[C@H]1CN(C)C(=O)Cc1cccnc1)C#CC1(O)CCCC1,0,0.009480,0.036331,0.012584
C[C@H]1CCCCO[C@@H](CN(C)Cc2ccccc2)[C@@H](C)CN([C@@H](C)CO)C(=O)c2cc(ccc2O1)NC(=O)NC1CCCCC1,0,0.021396,0.024362,0.007085
CC(C)NC(=O)N(C)C[C@@H]1Oc2c(cccc2C(=O)N(C[C@@H]1C)[C@@H](C)CO)NC(=O)NC1CCCCC1,0,0.043238,0.024915,0.011046
COCCOC(=O)N1C(=O)[C@@]2([C@H]([C@H]3N([C@@H]([C@@H](OC3=O)c3ccccc3)c3ccccc3)[C@H]2c2ccccc2OCCO)C(=O)N2CCc3cc(c(cc3C2)OC)OC)c2cc(ccc21)C#CC1(O)CCCCCC1,0,0.202856,0.060248,0.028080
COCCNC(=O)C[C@H]1CC[C@H]2[C@@H](COc3ccc(cc3C(=O)N2C)NS(=O)(=O)c2ccc(cc2)Cl)O1,0,0.019331,0.025481,0.010199
OC[C@@H]1O[C@@H](CC[C@@H]1NS(=O)(=O)c1ccccc1)CC(=O)NCc1ccncn1,0,0.022173,0.024711,0.008361
CO[C@@H]1CN(C)C(=O)c2cc(ccc2OC[C@H](C)N(C[C@@H]1C)Cc1ccccc1C(=O)O)NC(=O)Nc1ccccc1F,0,0.455358,0.135414,0.082075
C[C@H]1CCCCO[C@@H](CN(C)S(=O)(=O)c2ccc(cc2)C)[C@H](C)CN([C@@H](C)CO)C(=O)c2cc(ccc2O1)NS(=O)(=O)C,0,0.006709,0.023491,0.004671
CC[C@@H](C)[C@H]1N[C@H]2C=Cc3c(cc(nc3[C@@H]2O)C(=O)O[C@@H](C)[C@H]2NC(=O)c3csc(n3)[C@@H](NC(=O)[C@H]3CSC(=N3)/C(=C/C)NC(=O)[C@@H](NC(=O)c3csc(n3)[C@]3(CCC(=N[C@@H]3c3csc2n3)c2nc(cs2)C(=O)NC(=C)C(=O)NC(=C)C(=O)N)NC(=O)[C@@H](C)NC(=O)C(=C)NC(=O)[C@@H](C)NC1=O)[C@@H](C)O)C(C)(O)[C@@H](C)O)[C@@H](C)O,0,0.934820,0.845955,0.959569
NC(=S)CS(=O)(=O)c1ccccn1,0,0.065246,0.132839,0.053427
O[C@H]1COC[C@H]2O[C@H](CC[C@@H]2N(C1)C(=O)Nc1ccc(cc1)C(F)(F)F)CC(=O)NCc1ccncn1,0,0.969102,0.795285,0.756798
C[C@H]1CCCCO[C@H](CN(C)Cc2ccccc2)[C@H](C)CN([C@H](C)CO)C(=O)c2cc(ccc2O1)NC(=O)C1CCCCC1,0,0.028173,0.028585,0.007851
C[C@@H]1CCCCO[C@H](CN(C)C(=O)Nc2cccc3ccccc23)[C@@H](C)CN([C@H](C)CO)C(=O)c2cc(ccc2O1)NS(=O)(=O)c1ccc(cc1)C,0,0.006314,0.023842,0.003989
O=C1CC(=O)N(Cc2ccccc2)C(=O)N1,0,0.000108,0.147215,0.100500
CN(C)CCCC[C@@H]1NC(=O)[C@@H]2C[C@@H]([C@@H](N2C1=O)c1cccc(c1)OCCO)C(=O)OCCOc1ccc(cc1)[C@H]1N2[C@@H]([C@@H](C(=O)OCC=C)[C@]11C(=O)Nc3ccc(cc31)I)C(=O)O[C@@H]([C@@H]2c1ccccc1)c1ccccc1,0,0.347918,0.096017,0.019252
OC(=O)/C=C\C(=O)Nc1cccc(c1)C(=O)O,0,0.765296,0.096779,0.133657
CC1(C)Cc2c(c(c(n2C1)CC(=O)O)-c1ccc(cc1)Cl)-c1ccccc1,1,0.811091,0.783116,0.807733
C[C@H]1CN([C@@H](C)CO)C(=O)c2cc(ccc2O[C@@H]1CN(C)Cc1ccc(cc1)Oc1ccccc1)NC(=O)Nc1ccc2c(c1)OCO2,0,0.002675,0.024418,0.006535
COCC(=O)N1C[C@H](C)[C@H](CN(C)C(=O)c2cc(ccc2OC[C@@H]1C)NC(=O)c1ccc(cc1)F)OC,0,0.039273,0.030065,0.009518
CNC[C@@H]1Oc2cc(ccc2S(=O)(=O)N(C[C@H]1C)[C@@H](C)CO)C#CC(C)(C)O,0,0.113931,0.098439,0.011414
CC(C)NC(=O)Nc1cccc2c1O[C@H](CN(C)Cc1ccc(cc1)Oc1ccccc1)[C@H](C)CN([C@H](C)CO)C2=O,0,0.015768,0.029324,0.017982
CN1CCN(CC1)C(=O)[C@@H]1[C@@H](CO)[C@@H]2CN3C(=O)C(=CC=C3[C@@H]2N1CC1CC1)c1cncnc1,0,0.168145,0.041468,0.015367
CC(C)(C)c1cc(n[nH]1)CN,0,0.151119,0.078779,0.026480
CCC1(c2ccc(N)cc2)CCC(=O)NC1=O,0,0.123964,0.174005,0.079580
C[C@@H]1CCCCO[C@H](CN(C)C(=O)Nc2ccccc2)[C@H](C)CN([C@@H](C)CO)C(=O)c2cc(ccc2O1)NC(=O)Nc1ccc(cc1)F,0,0.067516,0.021853,0.006154
C[C@@H]1CCCCO[C@@H](CN(C)S(=O)(=O)c2ccc(cc2)C)[C@H](C)CN([C@@H](C)CO)C(=O)c2cc(ccc2O1)NC(=O)NC1CCCCC1,0,0.009044,0.024213,0.004622
COc1ccccc1-c1cnc2c(c1)C(=O)N(C[C@@H](C)[C@@H](CN(C)C(=O)c1ccncc1)O2)[C@@H](C)CO,0,0.001996,0.022812,0.004302
CO[C@H]1CN(C)C(=O)c2ccc(cc2OC[C@H](C)N(C[C@H]1C)C(=O)Cc1ccccn1)NC(=O)C1CC1,0,0.001847,0.023233,0.005659
COc1cccc(c1)NC(=O)N(C)C[C@@H]1Oc2cc(ccc2S(=O)(=O)N(C[C@@H]1C)[C@H](C)CO)C#CC1(O)CCCC1,0,0.039686,0.025275,0.005233
C/C(=C\CC[C@@](C)(O[C@H]1OC[C@@H](O)[C@@H](O)[C@@H]1OC(=O)/C(=C/CC[C@@](C)(O)C=C)C)C=C)C(=O)O[C@H]1C[C@]2([C@@H](O)C[C@@]3(C)C(=CC[C@H]4[C@@]5(C)CC[C@@H](O[C@H]6O[C@@H](CO)[C@@H](O[C@H]7O[C@@H](CO)[C@@H](O)[C@@H](O[C@H]8OC[C@@H](O)[C@@H](O)[C@@H]8O)[C@@H]7O)[C@@H](O)[C@@H]6O)C(C)(C)[C@@H]5CC[C@@]43C)[C@@H]2CC1(C)C)C(=O)O[C@H]1OC[C@@H](O[C@H]2O[C@@H](CO)[C@@H](O)[C@@H](O[C@H]3O[C@@H](CO)[C@@H](O[C@H]4O[C@@H](CO)[C@@H](O)[C@@H](O)[C@@H]4O)[C@@H](O)[C@@H]3O)[C@@H]2O)[C@@H](O)[C@@H]1O,0,0.158175,0.354755,0.082655
N[C@H](CCC(=O)N[C@@H](CSSC[C@H](NC(=O)CC[C@H](N)C(=O)O)C(=O)NCC(=O)O)C(=O)NCC(=O)O)C(=O)O,0,0.731273,0.118404,0.089164
COC(=O)C[C@H]1O[C@@]2([C@@H](C)[C@@H]1[Si](C)(C)c1ccc(cc1)OC)C(=O)N(Cc1ccccc1)c1ccc(cc12)I,0,0.176793,0.272922,0.162514
C[C@H]1CCCCO[C@@H](CN(C)S(=O)(=O)c2ccc(cc2)F)[C@@H](C)CN([C@H](C)CO)C(=O)c2cc(ccc2O1)NC(=O)CCC(F)(F)F,0,0.050413,0.029240,0.008294
CCCNC(=O)Nc1ccc2c(c1)C(=O)N(C)C[C@@H](OC)[C@H](C)CN(Cc1ccc(cc1)-c1ccccn1)[C@@H](C)CO2,0,0.012622,0.037144,0.013286
OC[C@H]1O[C@H](CC(=O)NCCCN2CCOCC2)C=C[C@H]1NC(=O)C1CC1,0,0.097276,0.026116,0.010148
C[C@@H]1CN([C@H](C)CO)C(=O)Cc2cc(ccc2O[C@H]1CN(C)C(=O)Nc1ccc2c(c1)OCO2)NC(=O)C1CC1,0,0.003970,0.020756,0.004871
COCCN1C(=O)C2=C([C@H]3N(C)c4ccccc4[C@@]33C[C@@H](CO)N(C(=O)C)C3=N2)C1=O,0,0.046127,0.287469,0.227976
CCOC(=O)c1c(n(c2cc(c(cc12)O)Br)C1CCCCC1)CN1CCN(CC1)c1ccccc1,0,0.755254,0.770603,0.579097
O=C(NS(=O)(=O)c1ccccc1)C1CC1,0,0.017635,0.075993,0.016112
C[C@H]1CCCCO[C@H](CN(C)C(=O)c2ccccc2)[C@H](C)CN([C@@H](C)CO)C(=O)c2cc(ccc2O1)NS(=O)(=O)c1ccccc1,0,0.000333,0.023503,0.004162
CO[C@H](CN(C)C(=O)C1CCOCC1)[C@H](C)CN([C@H](C)CO)C(=O)Nc1ccc(cc1)C(F)(F)F,1,0.805015,0.862348,0.957006
OC[C@@H]1O[C@@H](CCNC(=O)Cc2ccccn2)CC[C@H]1NC(=O)CN1CCOCC1,0,0.004874,0.023212,0.007773
C[C@H]1CN([C@H](C)CO)C(=O)c2cc(cnc2O[C@H]1CN(C)S(=O)(=O)c1ccccc1)C#Cc1ccccc1,0,0.013552,0.047564,0.011907
C[C@H]1CN([C@H](C)CO)C(=O)CCCn2cc(nn2)CO[C@@H]1CN(C)C(=O)Nc1cccc2ccccc12,0,0.086868,0.024359,0.008289
O[C@H]1COC[C@H]2O[C@@H](CC[C@@H]2N(C1)C(=O)c1ccccn1)CC(=O)NC1CCC1,0,0.037354,0.029434,0.014780
CCCC#Cc1cnc2c(c1)C(=O)N(C[C@@H](C)[C@H](CN(C)S(=O)(=O)c1cccc(c1)OC)O2)[C@@H](C)CO,0,0.033520,0.023796,0.005498
COc1ccc(cc1)[Si](C)(C)[C@H]1[C@H](C)[C@]2(O[C@@H]1CCn1cc(nn1)[C@H](O)c1ccccc1)C(=O)N(Cc1ccc(cc1)N1C(=O)c3cccc4cccc1c34)c1ccccc12,0,0.008131,0.041784,0.017920
CC(C)NC(=O)N(C)C[C@H]1OCCCC[C@H](C)Oc2ccc(cc2C(=O)N(C[C@@H]1C)[C@@H](C)CO)NC(=O)C1CCCCC1,0,0.011667,0.026813,0.009835
OC[C@H]1O[C@H](C[C@@H]2[C@H]1Oc1ccc(cc12)NC(=O)C1CCOCC1)CC(=O)NCc1ccc(cc1)Cl,0,0.250951,0.052306,0.058727
C[C@@H]1CN([C@H](C)CO)C(=O)Cc2cc(ccc2O[C@H]1CN(C)C(=O)NC1CCCCC1)NC(=O)Nc1cccc2ccccc12,0,0.010375,0.023848,0.007170
C[C@H]1CCCCO[C@@H](CN(C)S(=O)(=O)c2ccccc2)[C@@H](C)CN([C@@H](C)CO)C(=O)c2cc(ccc2O1)NC(=O)C1CCCCC1,0,0.001961,0.023949,0.004309
COc1ccc(cc1)S(=O)(=O)N(C)C[C@@H]1OCc2cn(nn2)CCCC(=O)N(C[C@@H]1C)[C@H](C)CO,0,0.014898,0.024030,0.006197
C[C@H]1CN([C@@H](C)CO)C(=O)c2cc(ccc2O[C@H]1CN(C)S(=O)(=O)c1cn(cn1)C)NS(=O)(=O)c1cccs1,0,0.010318,0.024066,0.005852
CSC1=N[C@@]2(C)CCCC[C@@H]2c2c1ccc1ccccc21,0,0.627403,0.161845,0.179088
C[C@H]1CCCCO[C@@H](CN(C)S(=O)(=O)c2cccs2)[C@H](C)CN([C@@H](C)CO)C(=O)c2cc(ccc2O1)NC(=O)c1ccccc1,0,0.000448,0.023301,0.003788
C[C@H]1CN([C@@H](C)CO)S(=O)(=O)c2ccc(cc2O[C@H]1CN(C)C(=O)C1CCOCC1)C1=CCCCC1,0,0.006565,0.026894,0.007678
O[C@@H]1COC[C@H]2O[C@H](CC[C@@H]2N(C1)C(=O)c1ccccc1)CC(=O)N1CCOCC1,0,0.032583,0.027587,0.014104
C[C@@H]1CN([C@H](C)CO)C(=O)c2cc(ccc2O[C@@H]1CN(C)Cc1ccc(cc1)C(F)(F)F)NC(=O)C1CCCCC1,0,0.125880,0.074595,0.078131
COc1ccc(cc1)S(=O)(=O)Nc1ccc2c(c1)C(=O)N(C[C@H](C)[C@H](CN(C)C(=O)Nc1ccc(cc1)F)OCCCC[C@H](C)O2)[C@H](C)CO,0,0.016271,0.023444,0.004845
COc1ccc(cc1)S(=O)(=O)Nc1ccc2c(c1)C(=O)N(C[C@H](C)[C@H](CN(C)S(=O)(=O)c1ccc(cc1)F)O2)[C@H](C)CO,0,0.019562,0.024887,0.008279
C[C@H]1CN([C@H](C)CO)C(=O)c2cccc(c2O[C@@H]1CN(C)C(=O)Nc1ccc(cc1)F)NC(=O)CCCCCC(=O)Nc1ccccc1N,0,0.200478,0.033485,0.009364
ONC(=O)CCCCCNC(=O)OCCCCO[C@@H]1C[C@@H](C=C(O1)C(=O)N1CCN(CC1)Cc1ccccc1)c1ccc(cc1)C(F)(F)F,0,0.000026,0.101822,0.089995
CC(C)NC(=O)Nc1ccc2c(c1)C(=O)N(C[C@@H](C)[C@H](CN(C)S(=O)(=O)c1ccc(cc1)Cl)O2)[C@@H](C)CO,0,0.080121,0.023908,0.008756
COc1ccc(cc1)S(=O)(=O)N(C)C[C@H]1OCCCC[C@@H](C)Oc2ccc(cc2C(=O)N(C[C@@H]1C)[C@H](C)CO)NC(=O)CCC(F)(F)F,0,0.030680,0.027653,0.006710
C[C@@H]1CN([C@H](C)CO)C(=O)c2cc(ccc2O[C@H]1CN(C)C(=O)Nc1ccc(cc1)F)NS(=O)(=O)c1cn(cn1)C,0,0.204280,0.025018,0.006576
C[C@@H]1CN([C@H](C)CO)C(=O)Cc2cc(ccc2O[C@@H]1CN(C)S(=O)(=O)c1cccs1)NS(=O)(=O)c1ccccc1,0,0.000332,0.023385,0.005371
O=C1N[C@@H]2CC[C@@H]2C(=O)N1,0,0.027699,0.030858,0.017831
C[C@H]1CN([C@H](C)CO)C(=O)c2cc(ccc2O[C@@H]1CN(C)C(=O)Nc1ccccc1)NC(=O)Nc1ccc(cc1)C(F)(F)F,0,0.770133,0.261738,0.256168
C[C@H]1CN([C@H](C)CO)C(=O)c2cccc(c2O[C@H]1CN(C)Cc1ccncc1)NC(=O)Nc1cccc2ccccc12,0,0.011336,0.024303,0.010466
CC(C)NC(=O)Nc1ccc2c(c1)C(=O)N(C[C@@H](C)[C@H](CN(C)Cc1ccc(c(c1)Cl)Cl)OCCCC[C@@H](C)O2)[C@@H](C)CO,0,0.143850,0.025291,0.008357
C[C@@H]1CN([C@@H](C)CO)C(=O)c2cccc(c2O[C@H]1CN(C)Cc1ccc(cc1)C(F)(F)F)NC(=O)CCCCCC(=O)Nc1ccccc1N,0,0.242220,0.024020,0.012448
C[C@@H]1CCCCO[C@@H](CN(C)S(=O)(=O)c2cn(cn2)C)[C@H](C)CN([C@@H](C)CO)C(=O)c2cc(ccc2O1)NS(=O)(=O)c1cccs1,0,0.002754,0.023817,0.004450
CC(C)NC(=O)Nc1ccc2c(c1)C(=O)N(C[C@@H](C)[C@@H](CN(C)C(=O)Nc1ccccc1)OCCCC[C@@H](C)O2)[C@H](C)CO,0,0.013421,0.024338,0.007012
COc1ccc(cc1)S(=O)(=O)Nc1cccc2c1O[C@@H](CN(C)Cc1ccc(cc1)Oc1ccccc1)[C@@H](C)CN([C@@H](C)CO)C2=O,0,0.002742,0.026544,0.006626
C[C@H]1CCCCO[C@H](CN(C)S(=O)(=O)c2c(noc2C)C)[C@@H](C)CN([C@H](C)CO)C(=O)c2cc(ccc2O1)NC(=O)Nc1cccc2ccccc12,0,0.009350,0.023819,0.004221
Fc1ccc(cc1)C(=O)CN1CCNCC1,0,0.318789,0.076552,0.024350
C[C@@H]1CN([C@H](C)CO)C(=O)c2cccc(c2O[C@H]1CN(C)S(=O)(=O)c1cccs1)NC(=O)c1ccncc1,0,0.002617,0.023910,0.004857
C[C@H]1CCCCO[C@H](CN(C)C(=O)NC2CCCCC2)[C@@H](C)CN([C@@H](C)CO)C(=O)c2cc(ccc2O1)NC(=O)CCC(F)(F)F,0,0.127583,0.112008,0.074016
NCCCC(N)CC(=O)NC1CNC(=O)C(C2CC(O)NC(N)=N2)NC(=O)C(=CNC(N)=O)NC(=O)C(CO)NC(=O)C(CO)NC1=O.O=S(=O)(O)O,0,0.003497,0.397576,0.428373
N[C@@H](C(=O)O)c1ccc(cc1)O,0,0.689519,0.044533,0.035578
CO[C@@H](CN(C)C(=O)Nc1ccc(cc1)C(F)(F)F)[C@@H](C)CN(Cc1ccccc1Cl)[C@@H](C)CO,0,0.943220,0.418263,0.321032
C[C@@H]1CN([C@@H](C)CO)C(=O)c2cc(ccc2O[C@@H]1CN(C)Cc1ccc2c(c1)OCO2)NC(=O)Cn1cnnn1,0,0.018030,0.024648,0.008719
C[C@H]1CN([C@@H](C)CO)C(=O)c2cc(ccc2O[C@H]1CN(C)S(=O)(=O)c1cn(cn1)C)NC(=O)c1ccncc1,0,0.006061,0.023292,0.004560
CCOC(=O)c1c(n(c2cc(c(cc12)OC)Br)-c1ccccc1)CN1CCN(CC1)Cc1ccccc1,0,0.615467,0.553675,0.391971
COc1ccc(cc1)NC(=O)Nc1ccc2c(c1)C(=O)N(C[C@H](C)[C@H](CN(C)C(=O)Nc1ccc(cc1)OC)OCCCC[C@H](C)O2)[C@@H](C)CO,0,0.015586,0.023419,0.006236
CC1=CC=CC(=O)N1CCCCN,0,0.078920,0.032677,0.017937
Cc1c(sc2c1C(=O)N=CN2)C(=O)N,0,0.167415,0.060513,0.042994
C[C@H]1CCCCO[C@H](CN(C)C(=O)Nc2cccc3ccccc23)[C@H](C)CN([C@H](C)CO)C(=O)c2cc(ccc2O1)NC(=O)c1ccccc1,0,0.004545,0.021642,0.004404
C[C@@H]1CC[C@@]2(CC[C@]3(C)C(=CC[C@H]4[C@@]5(C)C[C@@H](O)[C@H](O)[C@@](C)(CO)[C@@H]5CC[C@]43C)[C@@H]2[C@]1(C)O)C(=O)O[C@@H]1O[C@H](CO)[C@@H](O)[C@H](O)[C@H]1O,0,0.142597,0.292672,0.157598
CC1(C)S[C@H]2[C@@H](NC(=O)[C@@H](NC(=O)N3CCN(C3=O)S(=O)(=O)C)c3ccccc3)C(=O)N2[C@@H]1C(=O)O,1,0.970741,0.066747,0.157703
OC(=O)/C=C\C(=O)O,0,0.009350,0.072321,0.085832
O[C@@H](COc1cccc2ncccc12)CN1CCN(CC1)[C@H]1c2ccccc2[C@H]2[C@@H](c3ccccc31)C2(F)F,0,0.096110,0.167848,0.138118
C[C@H]1CCCCO[C@H](CN(C)Cc2ccc3c(c2)OCO3)[C@@H](C)CN([C@@H](C)CO)C(=O)c2cc(ccc2O1)NS(=O)(=O)c1cccs1,0,0.001976,0.023814,0.004406
C[C@@H]1CCCCO[C@@H](CN(C)S(=O)(=O)c2ccc(cc2)C)[C@H](C)CN([C@H](C)CO)C(=O)c2cc(ccc2O1)NC(=O)Nc1c(noc1C)C,0,0.013313,0.024417,0.006616
OC[C@H](O)[C@H](O)[C@@H](O)[C@@H](O)/C=N/NC(=O)c1ccccn1,0,0.005716,0.065787,0.038782
CC(C)c1cc(c(cc1NC(=O)C)C(C)C)C(C)C,0,0.921187,0.505058,0.390021
CCCN(C)C[C@H]1OCCCC[C@@H](C)Oc2ccc(cc2C(=O)N(C[C@@H]1C)[C@@H](C)CO)NS(=O)(=O)c1cn(cn1)C,0,0.064512,0.024613,0.006755
NCC[C@@H]1CC[C@H](NC(=O)NC2CCCCC2)[C@H](CO)O1,0,0.238123,0.034246,0.012507
NC(=O)c1ncn(C2OC(CO)C(O)C2O)c1N,0,0.111176,0.079816,0.053065
Cc1nccc2c3ccc(cc3[nH]c12)O,0,0.054237,0.172206,0.138306
CN(C)CC(=O)Nc1ccc2c(c1)C(=O)N(C)[C@H]1CC[C@H](CC(=O)Nc3cccc(c3)Cl)O[C@@H]1CO2,0,0.266756,0.058135,0.042684
C[C@@H]1CCCCO[C@H](CN(C)Cc2ccc(cc2)C(=O)O)[C@H](C)CN([C@@H](C)CO)C(=O)c2cc(ccc2O1)NC(=O)Cc1ccccc1,0,0.039272,0.035387,0.012287
CC(C)(C)OC(=O)C[C@H]1CC=CC[C@@H](CC(=O)N[C@H](CO)Cc2ccccc2)C(=O)N[C@H](COC1=O)C(C)(C)C,0,0.078831,0.034704,0.035232
Cc1ccc(cc1)S(=O)(=O)N1C[C@@H](O)COC[C@H]2O[C@@H](CC[C@@H]21)CC(=O)NCc1ccc(cc1)C(F)(F)F,0,0.787592,0.065526,0.027863
COc1ccc(cc1)CN(C)C[C@H]1Oc2c(cccc2C(=O)N(C[C@@H]1C)[C@@H](C)CO)NC(=O)c1ccc(cc1)-c1nccs1,0,0.010426,0.021755,0.004479
C[C@H]1CCCCO[C@@H](CN(C)Cc2ccncc2)[C@@H](C)CN([C@H](C)CO)C(=O)c2cc(ccc2O1)NC(=O)c1ccccc1,0,0.001444,0.021962,0.003669
C[C@H]1CN([C@H](C)CO)S(=O)(=O)c2ccc(cc2O[C@@H]1CN(C)C(=O)c1cnccn1)C#CCC1CCCC1,0,0.235100,0.024424,0.005952
Cn1cnc(c1)S(=O)(=O)N[C@@H]1CC[C@H](CC(=O)NCC2CC2)O[C@@H]1CO,0,0.039547,0.031500,0.008500
C[C@@H]1CN([C@@H](C)CO)C(=O)c2cc(ccc2O[C@H]1CN(C)Cc1ccc(cc1)Oc1ccccc1)NC(=O)Cn1cnnn1,0,0.016502,0.028050,0.009304
CN(C)[C@H]1[C@@H]2C[C@@H]3Cc4c(cc(c(c4C(=O)[C@@H]3C(=O)[C@]2(O)C(=O)[C@H](C(=O)N)C1=O)O)NC(=O)CNC(C)(C)C)N(C)C,0,0.995867,0.901595,0.908534
CC(C)NC(=O)Nc1ccc2c(c1)C(=O)N(C[C@@H](C)[C@H](CN(C)S(=O)(=O)c1cn(cn1)C)OCCCC[C@@H](C)O2)[C@H](C)CO,0,0.018079,0.023331,0.004388
C[C@@H]1CCCCO[C@H](CN(C)C(=O)Nc2ccccc2)[C@H](C)CN([C@@H](C)CO)C(=O)c2cc(ccc2O1)NS(=O)(=O)c1ccc(cc1)F,0,0.012190,0.023301,0.004269
C[C@H]1CN([C@H](C)CO)C(=O)Cc2cc(ccc2O[C@H]1CN(C)C(=O)Nc1cccc2ccccc12)NC(=O)Nc1ccc2c(c1)OCO2,0,0.004105,0.020801,0.005055
CO[C@@H]1CN(C)C(=O)c2ccc(cc2OC[C@H](C)N(C[C@H]1C)C(=O)Cc1cccnc1)NS(=O)(=O)c1cccc(c1)OC,0,0.001060,0.024315,0.005361
C[C@@H]1CN([C@@H](C)CO)C(=O)Cc2cc(ccc2O[C@H]1CN(C)C(=O)Nc1ccccc1)NC(=O)Nc1ccc(cc1)C(F)(F)F,0,0.262871,0.073464,0.054925
CC(=CCc1cccc2c(c[nH]c12)C1=C(O)C(=O)C(=C(O)C1=O)c1c([nH]c2ccccc12)C(C)(C)C=C)C,0,0.598903,0.274241,0.147653
COc1ccc(cc1)CN(C)C[C@H]1Oc2c(cccc2C(=O)N(C[C@@H]1C)[C@H](C)CO)NC(=O)Nc1ccc(cc1)C(F)(F)F,0,0.614526,0.150132,0.127402
OC(=O)c1n[nH]c2c1CCCC2,0,0.253048,0.069198,0.037144
C[C@@H]1CCCCO[C@H](CN(C)C(=O)NC2CCCCC2)[C@H](C)CN([C@H](C)CO)C(=O)c2cc(ccc2O1)NC(=O)c1ccccc1,0,0.001857,0.021955,0.003951
O[C@H]1COC[C@H]2O[C@@H](CC[C@@H]2N(C1)S(=O)(=O)c1cccc(c1)F)CC(=O)NCCCN1CCOCC1,0,0.338972,0.030134,0.013319
C[C@@H]1CN([C@@H](C)CO)C(=O)Cc2cc(ccc2O[C@H]1CN(C)Cc1ccc(c(c1)Cl)Cl)NC(=O)Nc1ccccc1,0,0.108434,0.040212,0.012807
C[C@H]1CN([C@@H](C)CO)C(=O)Cc2cc(ccc2O[C@H]1CN(C)Cc1ccc(cc1)Oc1ccccc1)NC(=O)CCCCCC(=O)Nc1ccccc1N,0,0.002023,0.028972,0.005902
C[C@H]1CCCCO[C@H](CN(C)S(=O)(=O)c2ccc(cc2)Cl)[C@H](C)CN([C@@H](C)CO)C(=O)c2cc(ccc2O1)NC(=O)c1ccccc1,0,0.003709,0.023245,0.004171
C[C@H]1CCCCO[C@@H](CN(C)C(=O)Nc2ccc(cc2)C(F)(F)F)[C@@H](C)CN([C@H](C)CO)C(=O)c2cc(ccc2O1)NC(=O)Nc1ccc2c(c1)OCO2,0,0.217702,0.026813,0.017663
NC(=O)NCC#Cc1ccc2c(c1)[C@@]1([C@@H]([C@@H]3N([C@H]([C@H](OC3=O)c3ccccc3)c3ccccc3)[C@@H]1c1ccccc1OCCO)C(=O)N1CCN(CC1)c1ncccn1)C(=O)N2,0,0.132120,0.038526,0.023999
CC(C)(C)CC(=O)N1C[C@H]2C[C@@H]1CN2,0,0.033328,0.073501,0.016633
C[C@H]1CCCCO[C@H](CN(C)C(=O)NC2CCCCC2)[C@@H](C)CN([C@H](C)CO)C(=O)c2cc(ccc2O1)NC(=O)Cc1ccccc1,0,0.003763,0.022616,0.004944
C[C@H]1CN([C@@H](C)CO)C(=O)c2cc(ccc2O[C@@H]1CN(C)S(=O)(=O)c1ccccc1)NC(=O)CCCN(C)C,0,0.007103,0.024975,0.005652
CN(C)c1nc2c([nH]1)C(=O)NC(=O)N2C,0,0.419637,0.083255,0.027720
C[C@@H]1CN([C@H](C)CO)C(=O)c2cc(ccc2O[C@H]1CN(C)S(=O)(=O)c1ccc(cc1)Cl)NS(=O)(=O)c1cn(cn1)C,0,0.104108,0.024649,0.006216
CNC(=O)[C@H]1C[C@H]2CCN(C[C@H]2O1)S(=O)(=O)N(C)C,0,0.020694,0.193728,0.075755
CN1[C@@H]2CC[C@@H](CC(=O)NCCN3CCCCC3)O[C@@H]2COc2ccc(cc2C1=O)NC(=O)c1cccs1,0,0.051924,0.027225,0.018980
OCc1ccccc1-c1ccccc1,0,0.464521,0.169437,0.167921
C[C@@H]1CCCCO[C@H](CN(C)S(=O)(=O)c2ccc(cc2)C)[C@H](C)CN([C@H](C)CO)C(=O)c2cc(ccc2O1)NC(=O)Nc1c(noc1C)C,0,0.013313,0.024417,0.006616
C[C@@H]1CCCCO[C@@H](CN(C)Cc2ccc(c(c2)Cl)Cl)[C@H](C)CN([C@H](C)CO)C(=O)c2cc(ccc2O1)NC(=O)Nc1ccc2c(c1)OCO2,0,0.089038,0.026644,0.006106
COc1ccc(cc1)S(=O)(=O)N(C)C[C@H]1OCCCC[C@@H](C)Oc2ccc(cc2C(=O)N(C[C@@H]1C)[C@@H](C)CO)NS(=O)(=O)C,0,0.006195,0.023558,0.005343
C/C(=C\c1ccccc1)/C(=N/O)C,0,0.203632,0.188865,0.175457
C[C@@H]1CN([C@H](C)CO)C(=O)c2cccc(c2O[C@@H]1CN(C)Cc1ccc(cc1)Oc1ccccc1)NC(=O)C1CC1,0,0.020552,0.036771,0.017981
C[C@H]1CCCCO[C@H](CN(C)C(=O)CCC(F)(F)F)[C@H](C)CN([C@H](C)CO)C(=O)c2cc(ccc2O1)NC(=O)Cc1ccccc1,0,0.021110,0.018612,0.012296
CC(C)NC(=O)Nc1ccc2c(c1)CC(=O)N(C[C@@H](C)[C@H](CN(C)S(=O)(=O)c1cccs1)O2)[C@@H](C)CO,0,0.002468,0.023836,0.006698
COc1ccc(cc1)S(=O)(=O)N(C)C[C@@H]1Oc2cc(ccc2S(=O)(=O)N(C[C@H]1C)[C@@H](C)CO)C#CC1CCCC1,0,0.094262,0.030093,0.006384
C[C@@H]1CN([C@@H](C)CO)C(=O)Cc2cc(ccc2O[C@H]1CN(C)CC1CCCCC1)NC(=O)Nc1cccc2ccccc12,0,0.131280,0.032974,0.013509
NS(=O)(=O)c1ccc(cc1)NC(=O)C1CC1,0,0.000001,0.185700,0.021593
C[C@@H]1CCCCO[C@H](CN(C)C(=O)Nc2ccc3c(c2)OCO3)[C@@H](C)CN([C@H](C)CO)C(=O)c2cc(ccc2O1)NC(=O)Nc1ccc2c(c1)OCO2,0,0.002184,0.023322,0.004581
C[C@H](COC(=O)[C@@H](CC=C)CC(=O)OC(C)(C)C)NC(=O)[C@@H](CC=C)CC(=O)N[C@@H](CO)Cc1ccccc1,0,0.004457,0.042081,0.023372
Cl.OC(CCN1CCCC1)(c1ccccc1)C1CCCCC1,0,0.924374,0.675186,0.448729
C[C@@H]1CN([C@H](C)CO)S(=O)(=O)c2ccc(cc2O[C@@H]1CN(C)C(=O)Cc1cccnc1)-c1cncnc1,0,0.011277,0.025762,0.004631
CCC(=O)NCCC1CCc2ccc3c(c21)CCO3,0,0.104435,0.058613,0.062688
COC(=O)[C@@H](N)Cc1ccc(cc1)-n1cc(nn1)CCC(=O)NO,1,0.552484,0.038648,0.071340
COc1ccc(-c2coc3cc(O)cc(OC)c3c2=O)cc1,0,0.157870,0.264498,0.311488
CC(C)C#Cc1ccc2c(c1)O[C@@H](CN(C)C(=O)c1cnccn1)[C@@H](C)CN([C@@H](C)CO)S2(=O)=O,0,0.250747,0.022725,0.006012
CCC(=O)N1CCC[C@@H](C1)C(=O)O,0,0.012380,0.020562,0.012518
CC(C)NC(=O)N(C)C[C@H]1Oc2c(cccc2C(=O)N(C[C@@H]1C)[C@@H](C)CO)NC(=O)C1CCOCC1,0,0.039202,0.023331,0.006522
C[C@H]1CN([C@@H](C)CO)C(=O)Cc2cc(ccc2O[C@H]1CN(C)Cc1ccc(c(c1)Cl)Cl)NC(=O)Nc1c(noc1C)C,0,0.138343,0.043298,0.009935
CC1=C(C(=O)NCCCN2CCN(CC2)c2ccc(cc2)F)C2(CCN(CC2)Cc2ccccc2)OC1=O,0,0.096399,0.275553,0.305819
[O-][n+]1onc(c1C#N)-c1ccccc1,0,0.054248,0.214494,0.095345
C[C@H]1CN([C@@H](C)CO)C(=O)c2cc(ccc2O[C@H]1CN(C)Cc1ccccc1)NC(=O)CCN1CCOCC1,0,0.002747,0.024302,0.006445
COC1=C(OC)C(=O)C(=C(C)C1=O)C/C=C(\C)CC/C=C(\C)CC/C=C(\C)CC/C=C(/C)CC/C=C(\C)CC/C=C(\C)CC/C=C(\C)CC/C=C(\C)CC/C=C(\C)CCC=C(C)C,0,0.768924,0.222420,0.086981
Cc1cc(=O)n(-c2ccccc2)n1C,0,0.205040,0.118977,0.069532
COCCNC(=O)C[C@@H]1CC[C@@H]2[C@H](COc3ccc(cc3C(=O)N2C)NC(=O)Nc2cccc(c2)F)O1,0,0.072738,0.038304,0.015211
OCc1ccc(cc1)[C@@H]1N(Cc2ccccc2C(F)(F)F)C(=O)c2ccccc2[C@]1(Cc1ccccc1I)C(=O)NCc1ccccc1,0,0.194733,0.143627,0.048977
CNC1(C)C2CCC(C2)C1(C)C.Cl,0,0.923043,0.150150,0.073972
C[C@@H]1CN([C@@H](C)CO)S(=O)(=O)c2ccc(cc2O[C@H]1CN(C)C(=O)c1cccc(c1)F)C#CC1CC1,0,0.192308,0.029683,0.007215
Cc1cc(C(C#N)c2ccc(Cl)cc2)c(Cl)cc1NC(=O)c1cc(I)cc(I)c1O,0,0.677469,0.768043,0.572870
CCS(=O)(=O)N1CC[C@]2(CC1)CN([C@@H](CO)c1c2c2ccc(cc2n1C)OC)C(=O)Nc1c(noc1C)C,0,0.009933,0.026933,0.009423
CO[C@H]1CN(C)C(=O)c2cc(ccc2OC[C@H](C)N(CCc2ccccc2)C[C@@H]1C)NC(=O)NC1CCCCC1,0,0.018577,0.035913,0.023852
C[C@H]1CN([C@H](C)CO)C(=O)c2cc(ccc2O[C@@H]1CN(C)CC1CCCCC1)NS(=O)(=O)c1cn(cn1)C,0,0.064712,0.023268,0.006680
C[C@@H]1CCCCO[C@@H](CN(C)Cc2ccc(c(c2)Cl)Cl)[C@H](C)CN([C@@H](C)CO)C(=O)c2cc(ccc2O1)NS(=O)(=O)C,0,0.031991,0.023599,0.005174
C[C@@H]1CN([C@H](C)CO)C(=O)c2cc(ccc2O[C@H]1CN(C)S(=O)(=O)c1ccccc1)NS(=O)(=O)c1cn(cn1)C,0,0.024148,0.024850,0.005812
COc1ccc(cc1)NC(=O)Nc1ccc2c(c1)C(=O)N(C[C@H](C)[C@@H](CN(C)Cc1ccc(cc1)C(=O)O)OCCCC[C@@H](C)O2)[C@@H](C)CO,0,0.075880,0.028800,0.006763
CCCN(C)C[C@@H]1OCCCC[C@@H](C)Oc2ccc(cc2C(=O)N(C[C@H]1C)[C@H](C)CO)NC(=O)Nc1ccc(cc1)F,0,0.191417,0.397632,0.725145
CCOCCn1c(N2CCCN(C)CC2)nc2ccccc21.O=C(O)C=CC(=O)O.O=C(O)C=CC(=O)O,0,0.813862,0.418122,0.177790
Fc1ccc(cc1)N[C@@H](CC(=O)c1ccccc1)c1ccccc1,0,0.742336,0.509379,0.454787
C[N+](C)(C)CCCC[C@@H]1NC(=O)[C@H]2C[C@H]([C@H](N2C1=O)c1cccc(c1)OCCO)C(=O)OCCOc1ccc(cc1)[C@H]1N2[C@@H]([C@@H](C(=O)OCC=C)[C@]11C(=O)Nc3ccccc31)C(=O)O[C@@H]([C@@H]2c1ccccc1)c1ccccc1,0,0.333893,0.071019,0.020885
C[C@@H]1CN([C@@H](C)CO)C(=O)c2cccc(c2O[C@@H]1CN(C)CC1CCCCC1)NC(=O)c1nc2ccccc2s1,0,0.034691,0.034970,0.015679
CC(C)N1C[C@@H]2CN(CC=C)C(=O)[C@@H]2C1,0,0.027128,0.040137,0.011249
CC(=O)O[C@@H]1C[C@H]2[C@@]3(C)CC[C@@H](OC(=O)CC(=O)O)C(C)(C)[C@@H]3CC[C@@]2(C)[C@]2(C)CC[C@@](O)([C@@H]12)[C@]1(C)CC[C@@H](O1)C(C)(C)O,0,0.163124,0.581655,0.418560
COCC(=O)N1C[C@H](C)[C@H](CN(C)C(=O)c2ccc(cc2OC[C@H]1C)NC(=O)Nc1cccc(c1)F)OC,0,0.037622,0.035961,0.014237
COC(=O)CCN1C=C(F)C(=NC1=O)N,0,0.070549,0.196346,0.088508
CO[C@@H](CNS(=O)(=O)C)c1ccsc1,0,0.064915,0.037310,0.012522
COc1ccc(cc1)S(=O)(=O)N(C)C[C@@H]1Oc2c(cccc2C(=O)N(C[C@@H]1C)[C@@H](C)CO)NS(=O)(=O)c1ccc(cc1)C,0,0.018434,0.023769,0.008301
C[C@]1(CCCC[C@@H]1N)C(=O)O,0,0.138806,0.035695,0.022429
CO[C@@H]1CN(C)C(=O)c2cc(ccc2OC[C@@H](C)N(C[C@H]1C)C(=O)Nc1cccc(c1)Cl)NC(=O)Nc1c(noc1C)C,0,0.105118,0.029427,0.010459
COc1ccc(cc1)S(=O)(=O)Nc1ccc2c(c1)C(=O)N(C[C@H](C)[C@H](CN(C)S(=O)(=O)c1ccc(cc1)Cl)OCCCC[C@@H](C)O2)[C@@H](C)CO,0,0.013925,0.023686,0.005553
COc1ccc(cc1)NC(=O)N(C)C[C@H]1OCCCC[C@@H](C)Oc2ccc(cc2C(=O)N(C[C@H]1C)[C@H](C)CO)NS(=O)(=O)c1ccc(cc1)F,0,0.012141,0.023486,0.004310
O[C@@H]1COC[C@H]2O[C@@H](CC[C@@H]2N(C1)S(=O)(=O)c1ccc(cc1)Cl)CC(=O)NCC1CCCCC1,1,0.537292,0.728022,0.853629
C[C@@H]1CCCCO[C@H](CN(C)C(=O)Nc2ccc3c(c2)OCO3)[C@@H](C)CN([C@@H](C)CO)C(=O)c2cc(ccc2O1)NC(=O)CCC(F)(F)F,0,0.098473,0.028858,0.016421
C[C@@H]1CCCCO[C@@H](CN(C)S(=O)(=O)c2ccc(cc2)F)[C@H](C)CN([C@H](C)CO)C(=O)c2cc(ccc2O1)NS(=O)(=O)c1ccc(cc1)C,0,0.010166,0.023541,0.005939
CN1[C@@H]2CC[C@H](CC(=O)NCc3ccc(cc3)-c3ccccc3)O[C@@H]2COc2ccc(cc2C1=O)NC(=O)Nc1ccccc1F,0,0.115371,0.039975,0.049788
C[C@@H]1CCCCO[C@H](CN(C)S(=O)(=O)c2ccccc2)[C@H](C)CN([C@@H](C)CO)C(=O)c2cc(ccc2O1)NC(=O)Nc1ccccc1,0,0.003059,0.023490,0.004330
C[C@@H]1CN([C@@H](C)CO)C(=O)Cc2cc(ccc2O[C@H]1CN(C)CC1CCCCC1)NS(=O)(=O)c1cn(cn1)C,0,0.020699,0.023803,0.005819
C[C@H]1CCCCO[C@@H](CN(C)Cc2ccc(c(c2)Cl)Cl)[C@H](C)CN([C@H](C)CO)C(=O)c2cc(ccc2O1)NC(=O)Nc1c(noc1C)C,0,0.236661,0.024300,0.007034
C[C@H]1CN([C@@H](C)CO)C(=O)c2cccc(c2O[C@H]1CN(C)S(=O)(=O)C)NC(=O)NC1CCCCC1,0,0.022931,0.033778,0.006838
C[C@@H]1CCCCO[C@H](CN(C)Cc2ccncc2)[C@H](C)CN([C@H](C)CO)C(=O)c2cc(ccc2O1)NC(=O)CCC(F)(F)F,0,0.036813,0.072652,0.050205
CN1CCN(CC1)C(=O)C[C@H]1CC[C@H](NC(=O)Nc2c(noc2C)C)[C@H](CO)O1,0,0.178237,0.056667,0.013298
C[C@@H]1CN([C@H](C)CO)C(=O)c2cc(ccc2O[C@H]1CN(C)Cc1ccc(cc1)-c1ccccc1)NS(=O)(=O)c1ccc(cc1)F,0,0.014329,0.027857,0.011281
CC12C(=O)OC(=O)C1(C)C1CCC2O1,0,0.910222,0.066208,0.030985
NC(=O)CSc1ccccn1,0,0.121636,0.042219,0.051824
Nc1ncnc2n(c(nc12)Br)[C@H]1O[C@H]2COP(=O)(O)O[C@@H]2[C@@H]1O,0,0.000004,0.390358,0.237364
COc1ccc(CNc2nc(N3CCCC3CO)ncc2C(=O)NCc2ncccn2)cc1Cl,0,0.288410,0.171201,0.123885
C[C@H]1CCCCO[C@@H](CN(C)C(=O)CCCN(C)C)[C@H](C)CN([C@@H](C)CO)C(=O)c2cc(ccc2O1)NC(=O)Nc1ccc(cc1)F,0,0.103403,0.028963,0.008805
C[C@H]1CCCCO[C@H](CN(C)S(=O)(=O)c2cn(cn2)C)[C@@H](C)CN([C@@H](C)CO)C(=O)c2cc(ccc2O1)NS(=O)(=O)c1ccccc1,0,0.002066,0.023319,0.004443
C[C@@H]1CN([C@H](C)CO)C(=O)CCCn2nncc2CO[C@@H]1CN(C)S(=O)(=O)C,0,0.004609,0.024406,0.006677
COc1ccc(cc1)S(=O)(=O)Nc1cccc2c1O[C@H](CN(C)Cc1ccc(cc1)-c1ccccc1)[C@H](C)CN([C@@H](C)CO)C2=O,0,0.012190,0.024818,0.007155
C[C@H]1CN([C@@H](C)CO)C(=O)Cc2cc(ccc2O[C@@H]1CN(C)Cc1ccc(cc1)Oc1ccccc1)NC(=O)Nc1ccccc1,0,0.006612,0.027865,0.010723
COc1ccc(cc1)C#Cc1ccc2c(c1)[C@@]1([C@@H]([C@@H]3N([C@H]([C@H](OC3=O)c3ccccc3)c3ccccc3)[C@@H]1c1ccc(cc1)OCCO)C(=O)NCC=C)C(=O)N2,0,0.786882,0.038278,0.033399
COc1cccc(c1)CNC(=O)C[C@@H]1O[C@@H](CO)[C@H](NC(=O)C2CCOCC2)C=C1,0,0.036546,0.026635,0.011508
CCCN1C[C@@H](C)[C@@H](CN(C)C(=O)c2ccc(cc2OC[C@@H]1C)NS(=O)(=O)c1cn(cn1)C)OC,0,0.012564,0.024011,0.006703
C[C@@H]1CN([C@H](C)CO)C(=O)c2cccc(c2O[C@@H]1CN(C)C(=O)Nc1ccc(cc1)C(F)(F)F)NC(=O)Nc1c(noc1C)C,0,0.821868,0.627038,0.535986
C[C@H]1CCCCO[C@H](CN(C)C(=O)Nc2ccccc2)[C@H](C)CN([C@H](C)CO)C(=O)c2cc(ccc2O1)NC(=O)C1CCCCC1,0,0.012946,0.023760,0.005051
C[C@@H]1CN([C@@H](C)CO)C(=O)Cc2cc(ccc2O[C@H]1CN(C)S(=O)(=O)c1cn(cn1)C)NS(=O)(=O)c1ccc(cc1)C,0,0.003668,0.023394,0.004930
C[C@@H]1CN([C@H](C)CO)C(=O)CCCn2nncc2CO[C@H]1CN(C)Cc1ccc2c(c1)OCCN2C,0,0.319064,0.025672,0.009196
COc1ccc(-n2nc(CCC(=O)N(C)O)cc2-c2ccc(Cl)cc2)cc1,0,0.753129,0.423326,0.584602
C[C@H]1CN([C@H](C)CO)C(=O)c2cc(cnc2O[C@@H]1CN(C)S(=O)(=O)c1ccccc1F)C#Cc1ccncc1,0,0.035665,0.022937,0.005120
CCc1ccc(cc1)-c1cc2n(n1)C(=NN(CC(=O)NCCN1CCOCC1)C2=O)C,0,0.531625,0.116543,0.115724
C[C@@H]1CN([C@@H](C)CO)C(=O)c2cc(ccc2O[C@@H]1CN(C)S(=O)(=O)c1ccc(cc1)F)NS(=O)(=O)C,0,0.032415,0.026094,0.008292
OCCCCO[C@@H]1C[C@@H](C=C(O1)C(=O)N1CCN(CC1)Cc1ccc2c(c1)OCO2)c1ccc2c(c1)OCO2,0,0.003755,0.036022,0.014585
C[C@@H]1CN([C@H](C)CO)C(=O)Cc2cc(ccc2O[C@H]1CN(C)Cc1ccc(cc1)-c1ccccc1)NS(=O)(=O)c1ccc(cc1)F,0,0.005160,0.026646,0.008097
C[C@H]1CN([C@@H](C)CO)C(=O)Cc2cc(ccc2O[C@H]1CN(C)C(=O)Nc1ccc(cc1)F)NS(=O)(=O)C,0,0.016559,0.028039,0.008821
C[C@@H]1CN([C@@H](C)CO)C(=O)c2cc(ccc2O[C@H]1CN(C)Cc1ccc(cc1)C(=O)O)NC(=O)Cn1cnnn1,0,0.226019,0.060973,0.025489
C[C@H]1CN([C@@H](C)CO)C(=O)c2cc(ccc2O[C@H]1CN(C)S(=O)(=O)c1cccs1)NC(=O)c1ccncc1,0,0.001337,0.023900,0.004116
C[C@H]1CN([C@@H](C)CO)C(=O)Cc2cc(ccc2O[C@H]1CN(C)Cc1ccc2c(c1)OCO2)NS(=O)(=O)c1ccccc1,0,0.000431,0.023303,0.004875
C[C@@H](O)C#Cc1ccc2c(c1)O[C@H](CN(C)C(=O)CN(C)C)[C@H](C)CN([C@@H](C)CO)S2(=O)=O,0,0.380212,0.115135,0.021395
C[C@H]1CN([C@H](C)CO)C(=O)c2c(c3ccccc3n2C)-c2ccccc2CO[C@H]1CN(C)Cc1cccc(c1)C(=O)O,0,0.254341,0.509124,0.462836
C[C@H]1CN([C@H](C)CO)C(=O)Cc2cc(ccc2O[C@H]1CN(C)C(=O)Nc1ccc(cc1)F)NS(=O)(=O)c1cn(cn1)C,0,0.059760,0.023738,0.005375
CC(C)NC(=O)N(C)C[C@@H]1OCc2cnnn2CCCC(=O)N(C[C@H]1C)[C@H](C)CO,0,0.013316,0.025265,0.006011
C[C@@H]1CN([C@@H](C)CO)C(=O)c2cccc(c2O[C@H]1CN(C)S(=O)(=O)c1cn(cn1)C)NC(=O)c1cnccn1,0,0.068477,0.022971,0.005255
O[C@H]1CCCC[C@@H]1O,0,0.010163,0.054639,0.035394
C[C@@H]1CN([C@@H](C)CO)C(=O)c2cc(ccc2O[C@H]1CN(C)S(=O)(=O)c1ccc(cc1)Cl)N(C)C,0,0.037008,0.038030,0.012893
C[C@H]1CN([C@H](C)CO)C(=O)CCCn2nncc2CO[C@H]1CN(C)C(=O)CCCN(C)C,0,0.018174,0.026031,0.005730
CC(C)OC[C@H]1Cn2c(nc3c2C(=O)N(C)C(=O)N3C)O1,0,0.036315,0.042716,0.049869
C[C@@H]1CCCCO[C@H](CN(C)Cc2ccc(c(c2)Cl)Cl)[C@H](C)CN([C@@H](C)CO)C(=O)c2cc(ccc2O1)NC(=O)Nc1ccc2c(c1)OCO2,0,0.089038,0.026644,0.006106
CCOc1nc2cccc(C(=O)OCc3oc(=O)oc3C)c2n1Cc1ccc(-c2ccccc2-c2noc([O-])n2)cc1.[K+],0,0.039381,0.560371,0.299679
C[C@H]1CN([C@@H](C)CO)C(=O)c2cc(ccc2O[C@H]1CN(C)S(=O)(=O)c1ccc(cc1)Cl)NS(=O)(=O)c1c(noc1C)C,0,0.033783,0.027211,0.008146
C[C@H]1CCCCO[C@@H](CN(C)Cc2ccccc2)[C@@H](C)CN([C@@H](C)CO)C(=O)c2cc(ccc2O1)NC(=O)c1ccccc1,0,0.002747,0.024733,0.006362
C[C@@H]1CN([C@H](C)CO)C(=O)Cc2cc(ccc2O[C@H]1CN(C)S(=O)(=O)c1ccc(cc1)F)NC(=O)Nc1cccc2ccccc12,0,0.012164,0.024543,0.006971
C[C@@H]1CCCCO[C@H](CN(C)Cc2ccc(cc2)C(=O)O)[C@@H](C)CN([C@@H](C)CO)C(=O)c2cc(ccc2O1)NC(=O)Cc1ccccc1,0,0.039272,0.035387,0.012287
C[C@H]1CCCCO[C@H](CN(C)S(=O)(=O)c2ccc(cc2)C)[C@@H](C)CN([C@@H](C)CO)C(=O)c2cc(ccc2O1)NC(=O)NC1CCCCC1,0,0.009044,0.024213,0.004622
C[C@@H]1CCCCO[C@H](CN(C)C(=O)Cc2ccccc2)[C@@H](C)CN([C@H](C)CO)C(=O)c2cc(ccc2O1)NC(=O)Nc1c(noc1C)C,0,0.010084,0.024940,0.005624
COc1ccc(cc1)NC(=O)Nc1ccc2c(c1)C(=O)N(C[C@@H](C)[C@H](CN(C)C(=O)Nc1ccc3c(c1)OCO3)OCCCC[C@@H](C)O2)[C@@H](C)CO,0,0.009231,0.022487,0.004572
C[C@H]1CN([C@H](C)CO)C(=O)c2c(c3ccccc3n2C)-c2ccccc2CO[C@@H]1CN(C)Cc1ccc(cc1)O,0,0.047843,0.061955,0.032489
C[C@@H]1CN([C@@H](C)CO)C(=O)c2cccc(c2O[C@@H]1CN(C)Cc1ccc(cc1)Oc1ccccc1)NC(=O)NC1CCCCC1,0,0.016789,0.029556,0.016790
COC(=O)[C@@H](Cc1ccc(cc1)-n1cc(nn1)COc1ccccc1/C=C(C)/C=C/C(=O)NO)N1CC(=C[C@H]1[C@H](O)Cc1ccccc1)/C=C/C1CC1,0,0.238938,0.047624,0.027616
C[C@H]1CN([C@H](C)CO)C(=O)c2cccc(c2O[C@@H]1CN(C)S(=O)(=O)c1cn(cn1)C)NC(=O)C1CC1,0,0.023305,0.022993,0.004656
C[C@H]1CN([C@H](C)CO)C(=O)c2cc(ccc2O[C@H]1CN(C)S(=O)(=O)c1cn(cn1)C)NS(=O)(=O)c1ccc(cc1)C,0,0.019358,0.023897,0.006562
C[C@H]1CN([C@H](C)CO)C(=O)c2cc(ccc2O[C@H]1CN(C)Cc1ccc(cc1)C(=O)Nc1ccccc1N)NC(=O)Cc1cn(c2ccccc12)C,0,0.003038,0.023691,0.005470
C[C@@H]1CCCCO[C@H](CN(C)Cc2ccc(cc2)C(F)(F)F)[C@H](C)CN([C@@H](C)CO)C(=O)c2cc(ccc2O1)NC(=O)CCC(F)(F)F,0,0.378911,0.029264,0.016398
COc1ccccc1NC(=O)N(C)C[C@H]1Oc2ncc(cc2C(=O)N(C[C@@H]1C)[C@@H](C)CO)Br,0,0.063935,0.030091,0.014210
CCOC(=O)C1=CC2(CC)CCCN3CCc4c(n1c1ccccc41)C32,0,0.647559,0.391318,0.253868
C[C@H]1CCCCO[C@H](CN(C)S(=O)(=O)c2ccc(cc2)C)[C@@H](C)CN([C@@H](C)CO)C(=O)c2cc(ccc2O1)NC(=O)C1CCCCC1,0,0.005090,0.023949,0.004537
C[C@H]1CN([C@H](C)CO)C(=O)c2cc(ccc2O[C@H]1CN(C)S(=O)(=O)c1ccccc1)NS(=O)(=O)C,0,0.012166,0.024802,0.007102
C[C@H]1CN([C@@H](C)CO)C(=O)Cc2cc(ccc2O[C@H]1CN(C)S(=O)(=O)c1ccc(cc1)C)NC(=O)Cn1cnnn1,0,0.009923,0.024928,0.005574
Cc1cc(CC(=O)O)n(C)c1C(=O)c1ccc(Cl)cc1,0,0.518688,0.303986,0.186044
C[C@@H]1CN([C@@H](C)CO)C(=O)Cc2cc(ccc2O[C@@H]1CN(C)C(=O)Nc1ccc2c(c1)OCO2)N(C)C,0,0.013753,0.024605,0.005833
CC(C)NC(=O)N(C)C[C@H]1OCCCC[C@@H](C)Oc2ccc(cc2C(=O)N(C[C@@H]1C)[C@H](C)CO)NC(=O)Nc1cccc2ccccc12,0,0.025551,0.024406,0.009254
CN1CC(=O)N(C[C@@]21CCN(C2)C(=O)c1cnccn1)c1cnn(c1)C,0,0.364469,0.081585,0.028895
C[C@@H]1CCCCO[C@H](CN(C)C(=O)Nc2ccc(cc2)F)[C@@H](C)CN([C@@H](C)CO)C(=O)c2cc(ccc2O1)NC(=O)Nc1ccccc1,0,0.063483,0.021843,0.005383
O[C@H]1CCCOC21CCN(CC2)CC(=O)N1CCOCC1,0,0.117036,0.082840,0.021633
OC[C@H]1O[C@H](CCNC(=O)Cc2ccncc2)CC[C@@H]1NC(=O)C1CCOCC1,0,0.026800,0.026304,0.007324
C[C@H]1CN([C@@H](C)CO)C(=O)c2cccc(c2O[C@@H]1CN(C)S(=O)(=O)C)NC(=O)Nc1ccc(cc1)F,0,0.128612,0.025232,0.012417
NCCCC(O)(P(=O)(O)O)P(=O)(O)O.O.O.O.[Na+],0,0.000065,0.334489,0.137608
CN1C(=O)N(C)c2nc3n(c(cn3c2C1=O)C)CCN1CCOCC1,0,0.558879,0.073795,0.050790
C[C@H]1CCCCO[C@@H](CN(C)Cc2ccncc2)[C@H](C)CN([C@H](C)CO)C(=O)c2cc(ccc2O1)NC(=O)CCC(F)(F)F,0,0.036813,0.072652,0.050205
C[C@@H]1CCCCO[C@@H](CN(C)Cc2ccncc2)[C@@H](C)CN([C@H](C)CO)C(=O)c2cc(ccc2O1)NC(=O)CCC(F)(F)F,0,0.036813,0.072652,0.050205
C[C@H]1CN([C@H](C)CO)C(=O)Cc2cc(ccc2O[C@H]1CN(C)S(=O)(=O)c1cn(cn1)C)NC(=O)Cn1cnnn1,0,0.012843,0.023946,0.004736
C[C@@H]1CCCCO[C@@H](CN(C)Cc2ccc3c(c2)OCO3)[C@H](C)CN([C@@H](C)CO)C(=O)c2cc(ccc2O1)NC(=O)Nc1ccccc1,0,0.013832,0.023762,0.005601
c1ccc2n[nH]nc2c1,0,0.302649,0.297628,0.147779
OC[C@@H]1O[C@H](C[C@@H]2[C@H]1Oc1ccc(cc12)NC(=O)C1CCOCC1)CC(=O)NCc1cc(ccc1F)F,0,0.198694,0.033752,0.013627
C[C@H]1CN([C@H](C)CO)C(=O)c2cc(ccc2O[C@@H]1CN(C)S(=O)(=O)C)NS(=O)(=O)c1cn(cn1)C,0,0.035995,0.024691,0.007109
C[C@H]1N(C(=O)COC21CCN(CC2)S(=O)(=O)C)c1cnn(c1)C,0,0.034060,0.025021,0.008389
C[C@H]1CN([C@H](C)CO)C(=O)Cc2cc(ccc2O[C@@H]1CN(C)CC1CCCCC1)NC(=O)Nc1ccc(cc1)F,0,0.184242,0.038845,0.020269
O=S(=O)(C1CN(C1)S(=O)(=O)c1c[nH]c2ncccc12)N1CCOCC1,0,0.000623,0.036729,0.013039
OCCC#Cc1ccc2c(c1)[C@]1([C@H]([C@H]3N([C@@H]([C@@H](OC3=O)c3ccccc3)c3ccccc3)[C@H]1c1ccc(cc1)O)C(=O)NC[C@H](O)c1ccccc1)C(=O)N2,0,0.439573,0.070501,0.055521
COCC(=O)N1C[C@@H](C)[C@@H](CN(C)C(=O)c2cc(ccc2OC[C@H]1C)NC(=O)c1ccc(cc1)OC)OC,0,0.003187,0.022920,0.006423
COc1ccc(cc1)S(=O)(=O)Nc1ccc2c(c1)CC(=O)N(C[C@@H](C)[C@@H](CN(C)S(=O)(=O)c1c(noc1C)C)O2)[C@H](C)CO,0,0.004074,0.025764,0.006686
COc1ccc(cc1)S(=O)(=O)Nc1ccc2c(c1)C(=O)N(C[C@H](C)[C@@H](CN(C)C(=O)Nc1ccc(cc1)F)OCCCC[C@@H](C)O2)[C@@H](C)CO,0,0.016271,0.023444,0.004845
CNC(=O)C(=O)NCCCn1cc(nn1)[C@H](O)[C@H](Cc1ccccc1)N(CC=C)S(=O)(=O)c1ccccc1[N+](=O)[O-],0,0.804792,0.471500,0.199800
C[C@H]1CCCCO[C@@H](CN(C)Cc2ccc3c(c2)OCO3)[C@@H](C)CN([C@@H](C)CO)C(=O)c2cc(ccc2O1)NC(=O)Nc1cccc2ccccc12,0,0.014376,0.024608,0.005578
CCCCCCCCCCCCCCCCCCCCCCO,0,0.428990,0.091987,0.091592
CN1[C@H]2CC[C@@H](CC(=O)N3CCOCC3)O[C@H]2COc2ccc(cc2C1=O)NC(=O)c1ccc(cc1)F,0,0.005733,0.026134,0.015393
Clc1ccc(c(c1)Cl)OCCN1CCC(CC1)C(=O)N[C@@H](c1cccnc1)c1ccc2c(c1)OCO2,1,0.784734,0.729514,0.502744
COc1cccc(c1)C#Cc1ccc(cc1)[C@H]1[C@@H](CO)N2[C@@H]1CN(CC2=O)S(=O)(=O)c1ccccc1C,0,0.221471,0.035641,0.019732
CCCC[P+](CCCC)(CCCC)Cc1ccc(cc1)NC(=O)[C@H](Cc1ccc2ccccc2c1)N/C(=N/C1CCCCC1)NC1CCCCC1,1,0.470415,0.203397,0.239394
COCCNC(=O)Cn1cnc2c1C(=O)N(C)C(=O)N2C,0,0.441491,0.054725,0.033752
C[C@H]1CN([C@@H](C)CO)C(=O)c2cccc(c2O[C@@H]1CN(C)C(=O)Nc1ccccc1)NC(=O)C1CCOCC1,0,0.038424,0.023747,0.006538
C[C@H]1CCCCO[C@@H](CN(C)C(=O)Nc2cccc3ccccc23)[C@H](C)CN([C@@H](C)CO)C(=O)c2cc(ccc2O1)N(C)C,0,0.037520,0.026330,0.006649
C[C@H]1CN([C@H](C)CO)C(=O)c2cc(ccc2O[C@H]1CN(C)S(=O)(=O)c1ccc(cc1)C)NC(=O)CCCN(C)C,0,0.017698,0.024960,0.005428
COc1ccc(cc1)NC(=O)Nc1ccc2c(c1)C(=O)N(C[C@@H](C)[C@@H](CN(C)C(=O)C1CCCCC1)OCCCC[C@@H](C)O2)[C@H](C)CO,0,0.013428,0.023644,0.004871
C[C@@H]1CN([C@H](C)CO)C(=O)c2cccc(c2O[C@@H]1CN(C)C(=O)Nc1ccccc1)NC(=O)CCCCCC(=O)Nc1ccccc1N,0,0.027965,0.026198,0.006238
COc1ccc(cc1)[C@H]1[C@@H](C(=O)N)C1(C#N)C#N,0,0.002862,0.123799,0.069680
CC(C)C[C@@H]1NC(=O)[C@@H]2C[C@@H]([C@@H](N2C1=O)c1cccc(c1)OCCO)C(=O)NCCCCCCN(C)C,0,0.870493,0.051802,0.049085
CI.Clc1ccc(c(c1)Cl)OCC(=O)OC[C@H]1CCCN2CCCC[C@@H]12,0,0.963003,0.705073,0.485863
CO[C@H]1CN(C)C(=O)c2ccc(cc2OC[C@@H](C)N(C[C@H]1C)C(=O)Nc1c(noc1C)C)NC(=O)Nc1cccc(c1)F,0,0.148880,0.025878,0.014350
OC[C@H]1O[C@H](CC(=O)NCCCN2CCOCC2)C=C[C@@H]1NS(=O)(=O)c1ccccc1F,0,0.041580,0.027071,0.010586
C[C@@H]1CN([C@H](C)CO)C(=O)c2cc(cnc2O[C@@H]1CN(C)C(=O)c1ccc2c(c1)OCO2)C1=CCCC1,0,0.001099,0.022219,0.006630
C[C@@H]1CN([C@@H](C)CO)C(=O)CCCn2nncc2CO[C@H]1CN(C)S(=O)(=O)c1c(noc1C)C,0,0.010048,0.024478,0.007421
C[C@@H]1CCCCO[C@@H](CN(C)CC2CC2)[C@@H](C)CN([C@H](C)CO)C(=O)c2cc(ccc2O1)NC(=O)CCC(F)(F)F,0,0.376596,0.185415,0.139540
COc1ccc(cc1)[Si](C)(C)[C@H]1[C@H](C)[C@]2(O[C@@H]1CCO)C(=O)N(Cc1ccc(cc1)N(C=O)c1ccccc1)c1ccccc12,0,0.055263,0.057684,0.036772
C[C@H]1CN([C@@H](C)CO)C(=O)c2cc(ccc2O[C@@H]1CN(C)C(=O)Nc1c(noc1C)C)NS(=O)(=O)c1ccccc1,0,0.012102,0.023763,0.005190
C[C@@H]1CN([C@H](C)CO)C(=O)Cc2cc(ccc2O[C@@H]1CN(C)Cc1ccc(cc1)C(F)(F)F)NS(=O)(=O)c1ccc(cc1)Cl,0,0.024908,0.025053,0.009605
C[C@H]1CN([C@@H](C)CO)C(=O)Cc2cc(ccc2O[C@@H]1CN(C)S(=O)(=O)c1ccc(cc1)Cl)NC(=O)Nc1ccc(cc1)C(F)(F)F,0,0.296016,0.038686,0.013356
Cl[Ca]Cl,0,0.999066,0.346553,0.203292
CN1C(=O)N(C)c2ncn(c2C1=O)CC(=O)OCC(=O)c1cc(n(c1C)C)C,0,0.939574,0.216979,0.132841
C[C@@H]1CCCCO[C@@H](CN(C)C(=O)Nc2ccc3c(c2)OCO3)[C@@H](C)CN([C@H](C)CO)C(=O)c2cc(ccc2O1)NC(=O)Nc1c(noc1C)C,0,0.011945,0.024668,0.005139
C[C@H]1CN([C@H](C)CO)C(=O)c2cccc(c2O[C@@H]1CN(C)Cc1ccc2c(c1)OCO2)NC(=O)c1cnccn1,0,0.020410,0.024116,0.007611
C[C@@H]1CN([C@H](C)CO)C(=O)c2cc(cnc2O[C@H]1CN(C)C(=O)CN(C)C)-c1ccc(cc1)C(=O)N(C)C,0,0.020899,0.022628,0.008283
CCOC(=O)[C@@H](C)N1N=Cn2cccc2C1=O,0,0.026927,0.069038,0.054411
C[C@H]1CCCCO[C@H](CN(C)Cc2ccc3c(c2)OCO3)[C@@H](C)CN([C@@H](C)CO)C(=O)c2cc(ccc2O1)NC(=O)Nc1ccc(cc1)F,0,0.053632,0.025964,0.012076
CCS(=O)(=O)N1CC[C@]2(CC1)CN([C@H](CO)c1[nH]c3cc(ccc3c12)OC)S(=O)(=O)c1ccc(cc1)C,0,0.008129,0.027661,0.012035
OC[C@@H]1O[C@@H](C[C@@H]2[C@H]1Oc1ccc(cc12)NC(=O)c1ccc2c(c1)OCO2)CC(=O)NCc1ccccn1,0,0.002128,0.027859,0.009948
C[C@H](O)C#Cc1ccc2c(c1)O[C@H](CN(C)C(=O)c1ccccc1)[C@H](C)CN([C@H](C)CO)S2(=O)=O,0,0.027232,0.028558,0.009206
C[C@H]1CN([C@@H](C)CO)C(=O)c2cc(ccc2O[C@@H]1CN(C)S(=O)(=O)c1cn(cn1)C)NC(=O)CCN1CCOCC1,0,0.003631,0.023968,0.004216
C[C@@H]1CN([C@H](C)CO)S(=O)(=O)c2ccc(cc2O[C@H]1CN(C)C(=O)Cc1ccncc1)C#CC1CCCC1,0,0.049327,0.026046,0.005518
NC(=O)c1cn(Cc2c(F)cccc2F)nn1,0,0.771547,0.088873,0.078275
C[C@@H]1CN([C@H](C)CO)C(=O)c2cc(ccc2O[C@H]1CN(C)S(=O)(=O)c1cn(cn1)C)NS(=O)(=O)c1ccc(cc1)F,0,0.022097,0.026129,0.008094
CN(C)[C@@H](CN)c1ccc2c(c1)CCN2C,0,0.946147,0.060904,0.030402
Nc1ccc2cc3ccc(N)cc3nc2c1.O=S(=O)(O)O,0,0.652587,0.207627,0.239344
C[C@H]1CCCCO[C@H](CN(C)C(=O)CCCN(C)C)[C@@H](C)CN([C@@H](C)CO)C(=O)c2cc(ccc2O1)N(C)C,0,0.048186,0.023565,0.007284
C[C@@H]1CN([C@@H](C)CO)C(=O)Cc2cc(ccc2O[C@H]1CN(C)C(=O)Nc1ccc(cc1)C(F)(F)F)NC(=O)NC1CCCCC1,0,0.336251,0.268658,0.212473
COCCOC(=O)N1C(=O)[C@@]2([C@H]([C@H]3N([C@@H]([C@@H](OC3=O)c3ccccc3)c3ccccc3)[C@H]2c2ccc(cc2)OCCO)C(=O)N2CCN(CC2)c2ncccn2)c2cc(ccc21)C#Cc1ccc(cc1)OC,0,0.150617,0.040460,0.016972
C[C@H]1CCCCO[C@@H](CN(C)C(=O)Nc2cccc3ccccc23)[C@@H](C)CN([C@@H](C)CO)C(=O)c2cc(ccc2O1)NC(=O)c1ccncc1,0,0.005516,0.022229,0.004013
CCOC(=O)C1=CC2=C(NC1=O)N(C)C(=O)N(C)C2=O,0,0.352375,0.234448,0.147480
COc1ccc(cc1)S(=O)(=O)Nc1ccc2c(c1)C(=O)N(C[C@@H](C)[C@H](CN(C)C(=O)NC(C)C)O2)[C@H](C)CO,0,0.019117,0.025364,0.006520
Cn1cnc(c1)S(=O)(=O)N1C[C@H](O)COC[C@H]2O[C@@H](CC[C@@H]21)CC(=O)NC1CCC1,0,0.171480,0.085200,0.010548
C[C@@H]1CN([C@@H](C)CO)C(=O)c2cc(ccc2O[C@@H]1CN(C)S(=O)(=O)c1ccccc1)NC(=O)c1ccncc1,0,0.002346,0.023315,0.003924
COC(=O)[C@]1(C)CCC[C@]2(C)[C@H]1CC[C@]13C[C@@H](CC[C@H]23)C(=C)C1,0,0.697318,0.464213,0.367222
C[C@H]1CN([C@H](C)CO)C(=O)Cc2cc(ccc2O[C@H]1CN(C)C(=O)Nc1cccc2ccccc12)NC(=O)Nc1ccc(cc1)F,0,0.040090,0.024080,0.008708
O[C@@H]1COC[C@@H]2O[C@H](CC[C@H]2N(C1)C(=O)C1CC1)CC(=O)NCc1ccncc1,0,0.290578,0.032258,0.017033
COc1ccc(cc1)S(=O)(=O)Nc1cccc2c1O[C@H](CN(C)C(=O)Nc1c(noc1C)C)[C@@H](C)CN([C@H](C)CO)C2=O,0,0.034356,0.023275,0.004879
C[C@H]1CN([C@H](C)CO)C(=O)Cc2cc(ccc2O[C@H]1CN(C)CC1CC1)NS(=O)(=O)c1ccc(cc1)C,0,0.007228,0.028974,0.006707
CC1=C(N2[C@H](SC1)[C@H](NC(=O)[C@@H](N)c1ccc(cc1)O)C2=O)C(=O)O,0,0.995621,0.900780,0.863386
C[C@@H](O)C#Cc1ccc2c(c1)O[C@H](CN(C)C)[C@H](C)CN([C@H](C)CO)S2(=O)=O,0,0.143443,0.027492,0.012019
C[C@@H]1CN([C@H](C)CO)C(=O)Cc2cc(ccc2O[C@@H]1CN(C)C(=O)Nc1c(noc1C)C)NS(=O)(=O)c1cn(cn1)C,0,0.016873,0.023512,0.004602
C[C@@H]1CN([C@@H](C)CO)C(=O)c2cc(ccc2O[C@@H]1CN(C)Cc1ccc(cc1)C(F)(F)F)NC(=O)CCCCCC(=O)Nc1ccccc1N,0,0.095223,0.018810,0.008101
COc1ccc(cc1)CN(C)C[C@@H]1Oc2ccc(cc2CC(=O)N(C[C@@H]1C)[C@H](C)CO)NC(=O)C1CC1,0,0.040563,0.024412,0.008262
O=C(CC(=O)N1CCOCC1)N1CCOCC1,0,0.000969,0.031291,0.013807
COc1ccc(cc1)NC(=O)N(C)C[C@@H]1Oc2ncc(cc2C(=O)N(C[C@@H]1C)[C@@H](C)CO)Br,0,0.033193,0.030915,0.013940
Oc1ccc(cc1)[C@@H]1N2[C@H]([C@H](C(=O)NCC=C)[C@@]11C(=O)Nc3ccc(cc31)C#CC1=CCCCC1)C(=O)O[C@H]([C@H]2c1ccccc1)c1ccccc1,0,0.742055,0.140763,0.205590
C[C@@H]1CCCCO[C@H](CN(C)C(=O)C2CCCCC2)[C@H](C)CN([C@@H](C)CO)C(=O)c2cc(ccc2O1)NC(=O)CCC(F)(F)F,0,0.107738,0.114599,0.080933
CNC[C@H]1OCCCC[C@H](C)Oc2ccc(cc2C(=O)N(C[C@@H]1C)[C@H](C)CO)NC(=O)CCCN(C)C,0,0.039233,0.024813,0.007860
C[C@H]1CN([C@H](C)CO)C(=O)CCCn2cc(nn2)CO[C@@H]1CN(C)S(=O)(=O)c1ccc(nc1)Oc1ccccc1,0,0.003466,0.023698,0.004967
CNC[C@@H]1CC[C@@H](N)[C@H](O1)O[C@@H]1[C@@H](N)C[C@@H](N)[C@H](O[C@H]2OC[C@](C)(O)[C@H](NC)[C@H]2O)[C@H]1O,0,0.991327,0.864534,0.870123
C[C@H]1CCCCO[C@H](CN(C)S(=O)(=O)C)[C@@H](C)CN([C@H](C)CO)C(=O)c2cc(ccc2O1)NC(=O)Nc1ccc(cc1)C(F)(F)F,0,0.209567,0.045578,0.025412
OC[C@@H]1O[C@@H](C[C@@H]2[C@H]1Oc1ccc(cc12)NC(=O)Cc1ccncc1)CC(=O)NCc1cc(ccc1F)F,0,0.071651,0.034462,0.012907
C[C@H]1CN([C@@H](C)CO)S(=O)(=O)c2ccc(cc2O[C@H]1CN(C)C(=O)Cc1ccccc1)Br,0,0.085654,0.030497,0.011399
C[C@H]1CN([C@@H](C)CO)C(=O)Cc2cc(ccc2O[C@H]1CN(C)S(=O)(=O)c1cccs1)NS(=O)(=O)c1ccccc1,0,0.000332,0.023385,0.005371
CN(C)CCCCCCNC(=O)[C@@H]1C[C@H]2N([C@@H]1c1cccc(c1)OCCO)C(=O)[C@H](CCCC[N+](C)(C)C)NC2=O,0,0.963983,0.096584,0.068520
OC[C@H]1[C@H]2[C@H](CN(C(=O)c3cccnc3)c3ccccc32)N1C(=O)CN1CCOCC1,0,0.006427,0.029465,0.010344
Cc1c(N(C)C)c(=O)n(-c2ccccc2)n1C,0,0.380908,0.114899,0.055299
COc1ccc(cc1)S(=O)(=O)Nc1ccc2c(c1)C(=O)N(C[C@H](C)[C@@H](CN(C)Cc1ccc(cc1)Oc1ccccc1)O2)[C@H](C)CO,0,0.001410,0.024426,0.006678
CC(C)NC(=O)N(C)C[C@@H]1Oc2ccc(cc2CC(=O)N(C[C@H]1C)[C@H](C)CO)NC(=O)C1CCCCC1,0,0.011903,0.024999,0.007210
Cc1ccc(cc1)S(=O)(=O)N1C[C@@H](O)COC[C@H]2O[C@H](CC[C@@H]21)CC(=O)N[C@@H]1CCN(C1)Cc1ccccc1,0,0.160518,0.045250,0.010557
C[C@H]1CN([C@H](C)CO)S(=O)(=O)c2ccc(cc2O[C@@H]1CN(C)C(=O)Cc1ccncc1)C1=CCCC1,0,0.002821,0.025248,0.005565
COc1ccc(cc1)S(=O)(=O)Nc1ccc2c(c1)C(=O)N(C[C@@H](C)[C@H](CN(C)C(=O)Nc1cccc3ccccc13)OCCCC[C@H](C)O2)[C@@H](C)CO,0,0.004146,0.023861,0.004177
C[C@H]1Cc2c(nn(c2NC1=O)C)N,0,0.018427,0.027575,0.014884
C[C@@H]1CCCCO[C@@H](CN(C)C(=O)Nc2cccc3ccccc23)[C@H](C)CN([C@@H](C)CO)C(=O)c2cc(ccc2O1)NC(=O)Nc1cccc2ccccc12,0,0.026021,0.023894,0.007153
C[C@@H]1CN([C@@H](C)CO)C(=O)c2cccc(c2O[C@@H]1CN(C)Cc1ccc(cc1)C(F)(F)F)NS(=O)(=O)c1ccc(cc1)C,0,0.087512,0.039336,0.013665
C[C@@H]1CCCCO[C@H](CN(C)S(=O)(=O)c2ccc(cc2)C)[C@@H](C)CN([C@H](C)CO)C(=O)c2cc(ccc2O1)NC(=O)c1ccccc1,0,0.001280,0.023475,0.003978
OC(=O)CC[C@H]1CCC(=O)N1,0,0.005030,0.031346,0.015002
C[C@@H]1CN([C@H](C)CO)C(=O)c2cc(ccc2O[C@@H]1CN(C)S(=O)(=O)c1cn(cn1)C)NS(=O)(=O)c1cccs1,0,0.010318,0.024066,0.005852
C[C@@H]1CN([C@@H](C)CO)S(=O)(=O)c2ccc(cc2O[C@H]1CN(C)Cc1cccc(c1)F)Br,0,0.240294,0.031284,0.011771
C[C@@H]1CCCCO[C@H](CN(C)C(=O)c2ccncc2)[C@H](C)CN([C@@H](C)CO)C(=O)c2cc(ccc2O1)NS(=O)(=O)C,0,0.001089,0.023342,0.003929
CCOC(=O)CNC(=O)c1cnn2cccnc12,0,0.016055,0.068156,0.033080
CN1C(=O)N2[C@@H](C=C3CN4[C@@H](Cc5ccccc5)C(=O)O[C@@H](CCn5cc(nn5)CCC(=O)NO)[C@H]4[C@@H]3N2C1=O)C1CC1,0,0.961362,0.029590,0.041783
OC[C@@H](O)[C@@H](O[C@@H]1O[C@H](CO)[C@H](O)[C@H](O)[C@H]1O)[C@H](O)[C@@H](O)/C=N/NC(=O)CCCCC(=O)NO,0,0.022766,0.116423,0.076754
Cc1ccccc1S(=O)(=O)N1C[C@@H](O)COC[C@@H]2O[C@H](CC[C@H]21)CC(=O)N1CCOCC1,0,0.052979,0.041367,0.014088
CC(C)NC(=O)N(C)C[C@H]1Oc2ccc(cc2C(=O)N(C[C@@H]1C)[C@H](C)CO)NS(=O)(=O)c1ccc(cc1)Cl,0,0.060634,0.025525,0.009493
COc1ccc(cc1)NC(=O)N(C)C[C@H]1Oc2ccc(cc2CC(=O)N(C[C@H]1C)[C@@H](C)CO)NC(=O)Nc1cccc2ccccc12,0,0.010571,0.024364,0.005173
C[C@H]1CN([C@@H](C)CO)C(=O)Cc2cc(ccc2O[C@H]1CN(C)C(=O)Nc1ccc(cc1)C(F)(F)F)NC(=O)Cc1cn(c2ccccc12)C,0,0.227198,0.033688,0.023361
COc1ccc(cc1)NC(=O)Nc1ccc2c(c1)C(=O)N(C[C@H](C)[C@H](CN(C)CC1CCCCC1)OCCCC[C@H](C)O2)[C@H](C)CO,0,0.065884,0.030183,0.009476
C[C@@H]1CCCCO[C@@H](CN(C)C(=O)NC2CCCCC2)[C@H](C)CN([C@H](C)CO)C(=O)c2cc(ccc2O1)NS(=O)(=O)c1ccccc1,0,0.002353,0.023504,0.004199
C[C@@H]1CN([C@H](C)CO)C(=O)c2cc(ccc2O[C@H]1CN(C)Cc1ccc(cc1)-c1ccccc1)NC(=O)Nc1ccc2c(c1)OCO2,0,0.020538,0.021750,0.007614
COc1ccc2c3c(n(c2c1)C)[C@@H](CO)N(CC1CCOCC1)C[C@]13CN(C1)C(=O)Cc1cccnc1,0,0.076198,0.080882,0.050205
C[C@@H]1CN([C@@H](C)CO)C(=O)c2cc(ccc2O[C@@H]1CN(C)Cc1ccc2c(c1)OCO2)NC(=O)Nc1cccc2ccccc12,0,0.012328,0.036317,0.013350
C[C@@H]1CCCCO[C@@H](CN(C)Cc2ccc(cc2)C(=O)O)[C@H](C)CN([C@@H](C)CO)C(=O)c2cc(ccc2O1)NC(=O)Nc1ccc(cc1)C(F)(F)F,0,0.796654,0.031831,0.010334
COc1ccccc1-c1ccc2c(c1)O[C@H](CN(C)S(=O)(=O)c1ccccc1)[C@H](C)CN([C@H](C)CO)S2(=O)=O,0,0.011317,0.025755,0.006725
COc1ccc(cc1)[Si](C)(C)[C@@H]1[C@@H](C)[C@@]2(O[C@H]1CCO)C(=O)N(Cc1ccc(cc1)N(C=O)c1ccccc1)c1ccccc12,0,0.055263,0.057684,0.036772
COc1ccc(cc1)S(=O)(=O)N(C)C[C@@H]1OCc2cn(nn2)CCCC(=O)N(C[C@H]1C)[C@@H](C)CO,0,0.014898,0.024030,0.006197
NC1=NC(=O)N2C[C@H]21,0,0.001771,0.049299,0.034520
Nc1cncnc1,0,0.036731,0.126474,0.048949
C[C@H]1CN([C@@H](C)CO)C(=O)Cc2cc(ccc2O[C@@H]1CN(C)Cc1ccc(cc1)C(=O)O)NS(=O)(=O)c1ccccc1,0,0.004438,0.026969,0.006745
C[C@@H]1CN([C@@H](C)CO)C(=O)c2cccc(c2O[C@H]1CN(C)C(=O)Nc1c(noc1C)C)NC(=O)C1CC1,0,0.053509,0.021903,0.007143
COc1ccc(cc1)S(=O)(=O)Nc1ccc2c(c1)C(=O)N(C[C@@H](C)[C@@H](CN(C)C(=O)Nc1ccc(cc1)C(F)(F)F)OCCCC[C@@H](C)O2)[C@@H](C)CO,0,0.152540,0.193626,0.014980
C[C@@H]1CCCCO[C@@H](CN(C)Cc2ccc(cc2)C(F)(F)F)[C@H](C)CN([C@@H](C)CO)C(=O)c2cc(ccc2O1)NS(=O)(=O)c1ccccc1,0,0.014737,0.024946,0.005814
O[C@@H]1COC[C@@H]2O[C@@H](CC[C@H]2N(C1)S(=O)(=O)c1cccc(c1)F)CC(=O)NCCCN1CCOCC1,0,0.338972,0.030134,0.013319
COc1ccc(cc1)NC(=O)Nc1ccc2c(c1)[C@H]1C[C@H](CC(=O)NCc3ccncc3)O[C@@H](CO)[C@H]1O2,0,0.027545,0.032809,0.009495
O=C1CNC(=O)CN1,0,0.002245,0.042876,0.027111
C[C@H]1CN([C@@H](C)CO)C(=O)c2cccc(c2O[C@@H]1CN(C)Cc1ccc(cc1)-c1ccccc1)NC(=O)Nc1ccc(cc1)F,0,0.216430,0.050802,0.027429
COCC(=O)OCN1N=Nc2ccccc2C1=O,0,0.213265,0.072029,0.066753
C[C@@H]1CN([C@@H](C)CO)C(=O)c2cc(ccc2O[C@H]1CN(C)S(=O)(=O)C)NC(=O)Nc1ccccc1,0,0.018533,0.024731,0.008158
C[C@@H]1CCCCO[C@@H](CN(C)C)[C@@H](C)CN([C@H](C)CO)C(=O)c2cc(ccc2O1)NC(=O)CCCN(C)C,0,0.058993,0.024904,0.007821
C[C@@H]1CCCCO[C@H](CN(C)Cc2ccccc2)[C@H](C)CN([C@@H](C)CO)C(=O)c2cc(ccc2O1)NS(=O)(=O)c1c(noc1C)C,0,0.004942,0.025358,0.005944
C=CC1(C)CC(=O)C2(O)C(C)(O1)C(O)C(O)C1C(C)(C)CCC(O)C12C,0,0.429241,0.404905,0.326809
CO[C@H]1CN(C)C(=O)c2cc(ccc2OC[C@@H](C)N(CCC(F)(F)F)C[C@@H]1C)NS(=O)(=O)c1cn(cn1)C,0,0.141574,0.075486,0.016626
C[C@@H]1CN([C@H](C)CO)C(=O)c2cc(ccc2O[C@H]1CN(C)Cc1ccccc1)NC(=O)CCCCCC(=O)Nc1ccccc1N,0,0.010050,0.026101,0.006678
CCOC(=O)CN1C(=O)N(C=C(C(=S)N)C1=O)C(C)C,0,0.535027,0.082532,0.087814
C[C@@H]1CCCCO[C@H](CN(C)C(=O)Nc2ccccc2)[C@H](C)CN([C@H](C)CO)C(=O)c2cc(ccc2O1)NC(=O)C1CCCCC1,0,0.012946,0.023760,0.005051
N[C@@H](C(=O)O)C1=CCC=CC1,0,0.188333,0.030585,0.019074
Nc1nonc1/C(=N/O)N1CCCCC1,0,0.407092,0.072938,0.015828
CNCc1cccnc1,0,0.019536,0.077605,0.034382
COc1ccc(cc1)S(=O)(=O)Nc1ccc2c(c1)[C@H]1C[C@H](CC(=O)NCC3CC3)O[C@@H](CO)[C@H]1O2,0,0.006740,0.024075,0.008728
COCCNC(=O)C[C@H]1C[C@@H]2[C@@H](Oc3ccc(cc32)NC(=O)Nc2ccc(cc2)C(F)(F)F)[C@@H](CO)O1,0,0.632131,0.179281,0.097014
C[C@@H]1CN([C@@H](C)CO)C(=O)Cc2cc(ccc2O[C@H]1CN(C)Cc1ccncc1)NC(=O)Nc1cccc2ccccc12,0,0.007243,0.025885,0.008445
C[C@H]1CCCCO[C@@H](CN(C)Cc2ccc(cc2)C(=O)O)[C@H](C)CN([C@@H](C)CO)C(=O)c2cc(ccc2O1)NC(=O)C1CCCCC1,0,0.108676,0.044080,0.019205
C[C@H]1CN([C@H](C)CO)C(=O)c2cccc(c2O[C@H]1CN(C)S(=O)(=O)c1cccs1)NS(=O)(=O)c1c(noc1C)C,0,0.005976,0.024612,0.007547
C[C@@H]1O[C@@H](O[C@@H]2[C@H](O)[C@@H](O)[C@H](C)O[C@H]2O[C@H]2[C@H](O)[C@@H](NC(=O)C)[C@@H](O[C@@H]2CO[C@H]2OC[C@@H](O)[C@@H](O[C@H]3OC[C@@H](O)[C@@H](O)[C@@H]3O)[C@@H]2O)O[C@H]2CC[C@@]3(C)[C@@H](CC[C@]4(C)[C@@H]3CC=C3[C@@H]5CC(C)(C)CC[C@@]5([C@@H](O)C[C@]34C)C(=O)O[C@H]3OC[C@@H](O)[C@@H](O)[C@@H]3O)C2(C)C)[C@H](O)[C@H](O)[C@H]1O,0,0.204130,0.406080,0.137631
C[C@@H]1CN([C@H](C)CO)C(=O)c2cc(ccc2O[C@H]1CN(C)Cc1ccc(cc1)-c1ccccc1)NC(=O)CCC(F)(F)F,0,0.198132,0.087826,0.092374
C[C@@H]1CCCCO[C@H](CN(C)C(=O)Nc2ccccc2)[C@H](C)CN([C@@H](C)CO)C(=O)c2cc(ccc2O1)NS(=O)(=O)c1c(noc1C)C,0,0.008500,0.023945,0.005073
C[C@H]1CN([C@@H](C)CO)C(=O)c2cc(ccc2O[C@H]1CN(C)Cc1ccc(cc1)-c1ccccc1)NC(=O)Nc1cccc2ccccc12,0,0.047587,0.056890,0.029118
C[C@@H]1CCCCO[C@@H](CN(C)Cc2ccncc2)[C@@H](C)CN([C@H](C)CO)C(=O)c2cc(ccc2O1)NC(=O)Nc1ccc(cc1)C(F)(F)F,0,0.271320,0.021305,0.012511
CCS(=O)(=O)N1C[C@]2(CN(C2)C(=O)c2ccc3c(c2)OCO3)c2c(n(c3cc(ccc23)OC)C)[C@@H]1CO,0,0.001255,0.025201,0.005840
CCCC(=O)Nc1ccc2c(c1)OC[C@@H](C)N(C[C@H](C)[C@@H](CN(C)C2=O)OC)Cc1ccc(cc1)-c1ccccn1,0,0.003753,0.038693,0.012633
CC(C)NC(=O)Nc1cccc2c1O[C@H](CN(C)S(=O)(=O)c1ccc(cc1)F)[C@@H](C)CN([C@H](C)CO)C2=O,0,0.087317,0.028403,0.007164
C[C@H]1CCCCO[C@H](CN(C)C(=O)NC2CCCCC2)[C@H](C)CN([C@H](C)CO)C(=O)c2cc(ccc2O1)NS(=O)(=O)c1ccccc1,0,0.002353,0.023504,0.004199
C[C@@H]1CN([C@H](C)CO)C(=O)c2c(c3ccccc3n2C)-c2ccccc2CO[C@@H]1CN(C)Cc1ccc(c(c1)Cl)Cl,0,0.473120,0.056774,0.013856
COCC(=O)N1CC[C@]2(CC1)CN([C@@H](CO)c1c2c2ccc(cc2n1C)OC)C(=O)CN1CCOCC1,0,0.092426,0.036895,0.020861
CO[C@H]1CN(C)C(=O)c2ccc(cc2OC[C@@H](C)N(C[C@H]1C)C(=O)CN(C)C)NC(=O)c1ccccc1,0,0.007824,0.022447,0.008080
COc1ccc(cc1)NC(=O)Nc1ccc2c(c1)C(=O)N(C[C@H](C)[C@H](CN(C)Cc1ccc(cc1)-c1ccccc1)O2)[C@H](C)CO,0,0.046444,0.026239,0.009428
C[C@@H]1CCCCO[C@@H](CN(C)S(=O)(=O)c2ccc(cc2)F)[C@@H](C)CN([C@H](C)CO)C(=O)c2cc(ccc2O1)NC(=O)CCC(F)(F)F,0,0.050413,0.029240,0.008294
CCCCC(=O)OCC(=O)[C@@]1(O)C[C@H](O[C@H]2C[C@H](NC(=O)C(F)(F)F)[C@H](O)[C@H](C)O2)c2c(c3c(c(c2C1)O)C(=O)c1cccc(c1C3=O)OC)O,0,0.992727,0.774064,0.707000
O[C@@H]1COC[C@@H]2O[C@@H](CC[C@H]2N(C1)C(=O)Nc1cccc(c1)Cl)CC(=O)NCc1ccccc1F,1,0.777687,0.900270,0.869259
CCCC[C@@H](O)c1ccccc1,0,0.234280,0.171294,0.141043
C[C@H]1CN([C@H](C)CO)C(=O)c2cc(ccc2O[C@H]1CN(C)Cc1ccccc1)NC(=O)Cn1cnnn1,0,0.033396,0.025353,0.011606
C[C@H]1CCCCO[C@H](CN(C)C(=O)Nc2ccc(cc2)C(F)(F)F)[C@@H](C)CN([C@@H](C)CO)C(=O)c2cc(ccc2O1)NC(=O)c1ccccc1,0,0.114625,0.018494,0.008701
OC[C@@H](Cc1ccccc1)NC(=O)C[C@@H]1CC=CC[C@H](NC(=O)OCC2c3ccccc3-c3ccccc32)C(=O)OC[C@@H](Cc2c[nH]c3ccccc23)NC1=O,0,0.000265,0.043886,0.043333
CC(C)N1C(=O)CNC1=S,0,0.006931,0.062723,0.016959
COCC(=O)Nc1ccc2c(c1)OC[C@@H](C)N(C[C@@H](C)[C@@H](CN(C)C2=O)OC)C(=O)Cc1cccnc1,0,0.001681,0.022374,0.005321
CCCCc1oc2ccccc2c1C(=O)c1cc(c(c(c1)I)OCCN(CC)CC)I,0,0.954464,0.776710,0.652700
C[C@H]1CN([C@H](C)CO)C(=O)CCCn2nncc2CO[C@H]1CN(C)S(=O)(=O)c1ccc2ccccc2c1,0,0.013272,0.023577,0.005351
C[C@H]1CCCCO[C@H](CN(C)S(=O)(=O)c2ccc(cc2)C)[C@H](C)CN([C@H](C)CO)C(=O)c2cc(ccc2O1)NS(=O)(=O)c1ccc(cc1)F,0,0.007547,0.023509,0.005669
C[C@@H]1CN([C@@H](C)CO)C(=O)Cc2cc(ccc2O[C@H]1CN(C)S(=O)(=O)c1cccs1)NC(=O)Nc1cccc2ccccc12,0,0.002448,0.024103,0.005713
CO[C@@H]1CN(C)C(=O)c2cc(ccc2OC[C@@H](C)N(C[C@@H]1C)C(=O)C1CCCCC1)NS(=O)(=O)C,0,0.005791,0.034547,0.009055
NC(=S)N1CCCC1,0,0.040588,0.066744,0.036439
C[C@@H]1CN([C@@H](C)CO)C(=O)c2cc(cnc2O[C@H]1CN(C)Cc1ccccn1)C#Cc1ccc(cc1)F,0,0.025464,0.031785,0.010405
COc1cc(O)c2c(=O)c3cc(OC)c(OC)cc3oc2c1,0,0.162600,0.327357,0.262469
C[C@H]1CN([C@H](C)CO)C(=O)Cc2cc(ccc2O[C@@H]1CN(C)Cc1ccc(cc1)Oc1ccccc1)NS(=O)(=O)c1ccc(cc1)C,0,0.000413,0.024793,0.005030
C[C@@H]1CCCCO[C@@H](CN(C)S(=O)(=O)c2c(noc2C)C)[C@H](C)CN([C@H](C)CO)C(=O)c2cc(ccc2O1)NS(=O)(=O)C,0,0.006592,0.023418,0.005469
C[C@@H]1CN([C@H](C)CO)C(=O)CCCn2nncc2CO[C@@H]1CN(C)Cc1ccc(cc1)C(=O)Nc1ccccc1N,0,0.015784,0.026888,0.006739
NC1CCC(CC1)c1ccccc1,0,0.571196,0.434225,0.433050
C[C@H]1CN([C@@H](C)CO)S(=O)(=O)c2ccc(cc2O[C@@H]1CN(C)C(=O)c1ccc2c(c1)OCO2)C#Cc1ccccc1F,0,0.046935,0.026673,0.005469
C[C@H]1CN([C@H](C)CO)C(=O)CCCn2cc(nn2)CO[C@H]1CN(C)C(=O)C1CC1,0,0.035089,0.022579,0.004992
C[C@@H]1CCCCO[C@@H](CN(C)Cc2ccc(c(c2)Cl)Cl)[C@@H](C)CN([C@H](C)CO)C(=O)c2cc(ccc2O1)NC(=O)Nc1c(noc1C)C,0,0.236661,0.024300,0.007034
C[C@@H]1CN([C@H](C)CO)C(=O)c2cccc(c2O[C@@H]1CN(C)Cc1ccc(cc1)-c1ccccc1)NC(=O)Nc1ccccc1,0,0.063786,0.029647,0.017710
C[C@H]1C[C@@H](O)[C@@]2(O)[C@@]3(C)COC(=O)C[C@@]12CC(=O)[C@@]3(C)O,0,0.508140,0.303573,0.227035
C[C@H]1CCCCO[C@@H](CN(C)C(=O)c2ccccc2)[C@@H](C)CN([C@@H](C)CO)C(=O)c2cc(ccc2O1)NC(=O)Nc1ccc(cc1)C(F)(F)F,0,0.182118,0.019263,0.009415
C[C@H]1CCCCO[C@@H](CN(C)Cc2ccc(cc2)C(F)(F)F)[C@H](C)CN([C@H](C)CO)C(=O)c2cc(ccc2O1)NS(=O)(=O)c1ccc(cc1)F,0,0.078365,0.026056,0.007633
COc1ccc(-c2coc3cc(OC)ccc3c2=O)cc1,0,0.144875,0.115096,0.177348
C[C@H]1CN([C@@H](C)CO)S(=O)(=O)c2ccc(cc2O[C@H]1CN(C)Cc1ccccc1)C#Cc1ccccn1,0,0.042808,0.031910,0.008895
OC[C@H]1O[C@@H](CCNS(=O)(=O)c2ccc(cc2)Cl)CC[C@H]1NS(=O)(=O)c1ccccc1Cl,0,0.266723,0.067690,0.020388
O[C@@H]1COC[C@H]2O[C@@H](CC[C@@H]2N(C1)S(=O)(=O)c1ccccc1)CC(=O)NCCN1CCCC1,0,0.294888,0.045823,0.011704
C[C@H]1CN([C@H](C)CO)C(=O)c2cc(cnc2O[C@@H]1CN(C)S(=O)(=O)c1cccc(c1)F)-c1cccc(c1)C(=O)N(C)C,0,0.003344,0.031313,0.004702
C[C@@H]1CCCCO[C@H](CN(C)C(=O)Nc2cccc3ccccc23)[C@H](C)CN([C@@H](C)CO)C(=O)c2cc(ccc2O1)NS(=O)(=O)c1ccc(cc1)C,0,0.006314,0.023842,0.003989
COc1ccc(cc1)C#Cc1ccc(cc1)[C@@H]1[C@H](CO)N2CCCCN(C[C@@H]12)S(=O)(=O)c1cn(cn1)C,0,0.368259,0.038894,0.020033
C[C@H]1CN([C@H](C)CO)C(=O)c2cc(ccc2O[C@H]1CN(C)S(=O)(=O)c1ccc(cc1)C)NS(=O)(=O)c1ccc(cc1)F,0,0.021397,0.023244,0.008130
C[C@@H](O)C#Cc1ccc2c(c1)O[C@H](CN(C)C(=O)Nc1ccccc1)[C@@H](C)CN([C@@H](C)CO)S2(=O)=O,0,0.134191,0.029922,0.009377
COc1ccc(cc1)S(=O)(=O)Nc1ccc2c(c1)CC(=O)N(C[C@H](C)[C@@H](CN(C)S(=O)(=O)C)O2)[C@H](C)CO,0,0.003391,0.025260,0.007561
ONC(=O)c1ccc(s1)-c1cn(nn1)CC(=O)N1CCOCC1,0,0.277989,0.091792,0.119577
C[C@@H]1CN([C@@H](C)CO)C(=O)c2cc(ccc2O[C@@H]1CN(C)Cc1ccc2c(c1)OCO2)NC(=O)CCCN(C)C,0,0.023842,0.024222,0.007135
C[C@@H]1CN([C@@H](C)CO)C(=O)CCCn2cc(nn2)CO[C@H]1CN(C)C(=O)Nc1ccccc1C(F)(F)F,0,0.909364,0.722576,0.518508
C[C@H]1CN([C@H](C)CO)C(=O)c2cccc(c2O[C@@H]1CN(C)S(=O)(=O)c1ccc(cc1)Cl)NC(=O)C1CCOCC1,0,0.048015,0.022901,0.005559
CSC1=NC(=O)C(=NN1)C,0,0.293635,0.073657,0.035826
COCC(=O)Nc1ccc2c(c1)C(=O)N(C)C[C@H](OC)[C@@H](C)CN(Cc1ccccc1F)[C@@H](C)CO2,0,0.009930,0.032863,0.009488
C[C@H]1CN([C@H](C)CO)C(=O)c2cc(cnc2O[C@H]1CN(C)C(=O)C1CCOCC1)/C=C/c1ccccc1,0,0.009506,0.023160,0.006879
C[C@@H]1CCCCO[C@H](CN(C)C(=O)Nc2ccc(cc2)C(F)(F)F)[C@@H](C)CN([C@H](C)CO)C(=O)c2cc(ccc2O1)NC(=O)Nc1ccc(cc1)C(F)(F)F,0,0.930915,0.042545,0.024892
NC(=O)c1cccc(c1)C(=O)N,0,0.213824,0.080572,0.048875
C[C@H]1CN([C@H](C)CO)C(=O)c2cc(ccc2O[C@@H]1CN(C)C(=O)Nc1ccc(cc1)F)NC(=O)Nc1cccc2ccccc12,0,0.140147,0.028189,0.016030
C[C@H]1CN([C@@H](C)CO)C(=O)CCCn2nncc2CO[C@@H]1CN(C)S(=O)(=O)c1ccc(cc1)Oc1ccccc1,0,0.006425,0.026769,0.006167
CS(=O)(=O)N1C[C@H]2CN(C[C@@H]2C1)C(=O)c1cnccn1,0,0.010350,0.043501,0.014478
COc1ccc2cc(C(C)C(=O)O)ccc2c1,0,0.643931,0.121505,0.177981
CCC(=O)Nc1ccc(c(c1)C)C,0,0.405932,0.029571,0.016286
C[C@H]1CN([C@@H](C)CO)C(=O)c2cc(ccc2O[C@H]1CN(C)S(=O)(=O)c1cn(cn1)C)NS(=O)(=O)C,0,0.027285,0.023577,0.005387
O[C@@H]1COC[C@@H]2O[C@@H](CC[C@H]2N(C1)C(=O)Nc1cccc(c1)F)CC(=O)NCCCN1CCOCC1,0,0.747177,0.396573,0.459289
C[C@@H]1CCCCO[C@H](CN(C)C(=O)C2CCCCC2)[C@H](C)CN([C@H](C)CO)C(=O)c2cc(ccc2O1)NC(=O)NC1CCCCC1,0,0.014777,0.025056,0.007586
C[C@@H]1CCCCO[C@@H](CN(C)C(=O)Nc2ccccc2)[C@@H](C)CN([C@@H](C)CO)C(=O)c2cc(ccc2O1)NS(=O)(=O)c1ccc(cc1)C,0,0.006580,0.023487,0.004061
COC(=O)c1ccc(cc1)[C@@H]1C[C@H](OCCCCO)OC(=C1)C(=O)N1CCOCCOCCOCCOCC1,0,0.001737,0.066253,0.102064
C[C@@H]1CN([C@@H](C)CO)C(=O)Cc2cc(ccc2O[C@H]1CN(C)Cc1ccc(c(c1)Cl)Cl)NC(=O)NC1CCCCC1,0,0.142845,0.033202,0.010767
N[C@@H](c1ccncc1)c1ccc(cc1)OCc1ccccc1,0,0.306143,0.151833,0.282806
C[C@@H]1CN([C@@H](C)CO)C(=O)Cc2cc(ccc2O[C@@H]1CN(C)Cc1ccc(cc1)-c1ccccc1)NC(=O)CCC(F)(F)F,0,0.075582,0.063542,0.033547
COc1ccc(cc1)NC(=O)N(C)C[C@H]1Oc2ccc(cc2CC(=O)N(C[C@H]1C)[C@H](C)CO)NC(=O)Nc1cccc2ccccc12,0,0.010571,0.024364,0.005173
C[C@@H]1CN([C@H](C)CO)C(=O)c2cc(ccc2O[C@H]1CN(C)C(=O)Nc1ccc(cc1)C(F)(F)F)NS(=O)(=O)c1ccc(cc1)Cl,0,0.427736,0.150248,0.033012
C[C@H]1CN([C@H](C)CO)S(=O)(=O)c2ccc(cc2O[C@@H]1CN(C)Cc1cccnc1)C#CCN(C)C,0,0.062602,0.027701,0.008157
C[C@@H]1CN([C@H](C)CO)C(=O)c2cc(ccc2O[C@@H]1CN(C)S(=O)(=O)c1ccc(cc1)F)NS(=O)(=O)C,0,0.032415,0.026094,0.008292
CCCN(CCC)C(=O)C(CCC(=O)O)NC(=O)c1ccccc1,0,0.002494,0.112720,0.095146
CC(C)NC(=O)Cn1nc(c(c1C)[N+](=O)[O-])C,0,0.974061,0.112660,0.033009
CCS(=O)(=O)N1Cc2cc(nc(c2[C@H]1CCO)-c1cccc(c1)-c1ccncc1)C(=O)NCCOC,0,0.020104,0.025188,0.008757
C[C@@H]1CN([C@H](C)CO)C(=O)c2cc(ccc2O[C@H]1CN(C)Cc1ccc(cc1)-c1ccccc1)NS(=O)(=O)c1c(noc1C)C,0,0.008675,0.026098,0.007950
C[C@H]1CN([C@H](C)CO)C(=O)Cc2cc(ccc2O[C@H]1CN(C)S(=O)(=O)c1cccs1)NC(=O)CCC(F)(F)F,0,0.009615,0.027234,0.010568
C[C@@H]1CN([C@H](C)CO)C(=O)c2cc(ccc2O[C@H]1CN(C)CC1CCCCC1)NC(=O)Cc1cn(c2ccccc12)C,0,0.064324,0.027274,0.008548
C[C@@H]1CCCCO[C@H](CN(C)Cc2ccc3c(c2)OCO3)[C@@H](C)CN([C@H](C)CO)C(=O)c2cc(ccc2O1)NC(=O)Nc1ccc(cc1)C(F)(F)F,0,0.363061,0.043943,0.026067
C[C@H]1CN([C@@H](C)CO)C(=O)Cc2cc(ccc2O[C@@H]1CN(C)S(=O)(=O)c1c(noc1C)C)NC(=O)CCC(F)(F)F,0,0.034764,0.024983,0.008397
C[C@H]1CN([C@@H](C)CO)C(=O)Cc2cc(ccc2O[C@H]1CN(C)CC1CC1)NC(=O)CCN1CCOCC1,0,0.015741,0.025302,0.006405
CC(C)CC#Cc1ccc2c(c1)O[C@@H](CN(C)C(=O)C1CCOCC1)[C@H](C)CN([C@H](C)CO)S2(=O)=O,0,0.136143,0.027670,0.007638
CC(C)(O)C#Cc1ccc(cc1)[C@@H]1[C@H](CO)N2CCCCN(C[C@@H]12)S(=O)(=O)C,0,0.100259,0.041801,0.020693
Nc1nc(=O)c2c([nH]1)NCC(CNc1ccc(C(=O)NC(CCC(=O)[O-])C(=O)[O-])cc1)N2C=O.[Ca+2],0,0.399012,0.696886,0.592307
COc1ccc(cc1)-c1cnc2c(c1)C(=O)N(C[C@@H](C)[C@H](CN(C)C(=O)Cc1cccnc1)O2)[C@H](C)CO,0,0.003268,0.022159,0.004568
OCc1ccc2c(c1)OCCO2,0,0.096844,0.126369,0.069077
COC(=O)[C@H](Cc1ccc(cc1)-n1cc(nn1)CCC(=O)NO)N1CC(=C[C@H](O1)C1CC1)/C=C/[C@@H](O)Cc1ccccc1,0,0.687050,0.067596,0.046270
C[C@H]1CN([C@@H](C)CO)C(=O)Cc2cc(ccc2O[C@@H]1CN(C)Cc1ccc(c(c1)Cl)Cl)NC(=O)Cc1ccccc1,0,0.036626,0.045481,0.016650
C[C@@H]1CN([C@@H](C)CO)C(=O)c2cccc(c2O[C@@H]1CN(C)Cc1ccc(cc1)C(=O)O)NC(=O)C1CC1,0,0.156032,0.074785,0.035955
C[C@@H]1CN([C@H](C)CO)C(=O)c2cccc(c2O[C@@H]1CN(C)Cc1ccc(cc1)-c1ccccc1)NC(=O)Nc1ccc(cc1)C(F)(F)F,0,0.740013,0.176423,0.114062
C[C@@H]1CN([C@@H](C)CO)C(=O)CCCn2cc(nn2)CO[C@H]1CN(C)C(=O)Nc1cccc(c1)Oc1ccccn1,0,0.004677,0.023343,0.004298
CCO[C@@H]1OC(=C[C@@H]([C@H]1CCCO)c1ccc(cc1)C#C)C(=O)N1CCN(CC1)Cc1ccc2c(c1)OCO2,0,0.003699,0.025595,0.011842
CO[C@H]1CN(C)C(=O)c2cc(ccc2OC[C@H](C)N(C[C@@H]1C)Cc1ccccc1C(=O)O)NC(=O)Nc1ccccc1F,0,0.455358,0.135414,0.082075
C[C@@H]1CN([C@@H](C)CO)C(=O)Cc2cc(ccc2O[C@H]1CN(C)Cc1ccc(cc1)C(F)(F)F)NC(=O)CCC(F)(F)F,0,0.200411,0.067388,0.037252
C[C@H]1CN([C@@H](C)CO)S(=O)(=O)c2ccc(cc2O[C@@H]1CN(C)Cc1ccccc1F)C#CCN(C)C,0,0.115195,0.046561,0.008802
CC[N+](CC)(CC(=O)Nc1c(C)cccc1C)Cc1ccccc1.O=C([O-])c1ccccc1,0,0.861306,0.693195,0.453236
OCc1ccc(cc1)CO[C@@H]1C[C@@H](C=C(O1)C(=O)NCc1ccccc1)c1ccc(cc1)Br,0,0.178674,0.350679,0.278284
Cc1cccc(c1)/C=N/Nc1cc(n2nc(cc2n1)-c1ccncc1)N1CCOCC1,0,0.600721,0.466704,0.359243
C[C@@H]1CN([C@H](C)CO)C(=O)c2cccc(c2O[C@H]1CN(C)S(=O)(=O)C)NC(=O)Nc1ccc(cc1)F,0,0.128612,0.025232,0.012417
OC[C@H]1O[C@@H](O[C@H]2[C@H](O)[C@@H](CO)O[C@@]2(CO)O[C@@H]2O[C@H](CO)[C@@H](O)[C@H](O)[C@H]2O)[C@H](O)[C@@H](O)[C@@H]1O,0,0.310417,0.308226,0.182003
OC[C@@H]1O[C@H](CCNC(=O)Cc2ccncc2)CC[C@H]1NC(=O)C1CCOCC1,0,0.026800,0.026304,0.007324
C[C@H]1CN([C@H](C)CO)C(=O)c2cc(cnc2O[C@@H]1CN(C)C(=O)Nc1ccc(cc1)F)Br,0,0.150393,0.045269,0.025455
C[C@H]1CN([C@H](C)CO)C(=O)Cc2cc(ccc2O[C@H]1CN(C)Cc1ccc(cc1)C(=O)Nc1ccccc1N)NC(=O)Nc1c(noc1C)C,0,0.006575,0.025829,0.005028
C[C@H]1CN([C@H](C)CO)C(=O)c2cc(ccc2O[C@H]1CN(C)C(=O)Nc1cccc2ccccc12)NC(=O)Nc1c(noc1C)C,0,0.048697,0.023197,0.006154
C[C@@H]1CN([C@@H](C)CO)C(=O)c2cc(ccc2O[C@H]1CN(C)C(=O)Nc1ccccc1)NS(=O)(=O)c1c(noc1C)C,0,0.024220,0.024000,0.007012
COc1cccc(c1)NC(=O)N[C@@H]1CC[C@H](CC(=O)N2CCOCC2)O[C@@H]1CO,0,0.008826,0.022866,0.010267
COc1ccc(c(c1)OC)NC(=O)N(C)C[C@H]1OCc2ccccc2-c2c(n(c3ccccc23)C)C(=O)N(C[C@@H]1C)[C@@H](C)CO,0,0.038335,0.022854,0.005008
C[C@@H]1CN([C@H](C)CO)C(=O)c2cccc(c2O[C@@H]1CN(C)S(=O)(=O)c1cn(cn1)C)NS(=O)(=O)c1cccs1,0,0.014808,0.025390,0.006542
N[C@@H](CN1C=CC(=O)C(=C1)O)C(=O)O,0,0.410156,0.076692,0.035851
COc1ccc(cc1)S(=O)(=O)N(C)C[C@@H]1Oc2ccc(cc2C(=O)N(C[C@H]1C)[C@H](C)CO)NS(=O)(=O)c1ccccc1,0,0.005801,0.023666,0.006397
CC(C)(O)/C=C/C(=O)[C@](C)(O)[C@H]1[C@H](O)C[C@@]2(C)[C@@H]3CC=C4[C@@H](C=C(O[C@@H]5O[C@H](CO)[C@@H](O)[C@H](O)[C@H]5O)C(=O)C4(C)C)[C@]3(C)C(=O)C[C@]12C,0,0.923617,0.436728,0.436844
C[C@@H]1CCCCO[C@H](CN(C)CC2CCCCC2)[C@H](C)CN([C@H](C)CO)C(=O)c2cc(ccc2O1)NC(=O)Cc1ccccc1,0,0.025512,0.027043,0.009185
C[C@H]1CN([C@@H](C)CO)C(=O)CCCn2cc(nn2)CO[C@H]1CN(C)C(=O)Nc1ccc(cc1)C(F)(F)F,0,0.798899,0.881433,0.886846
CC(C)C[C@@H](N)C(=O)c1cc(ccc1C)C,0,0.901133,0.168309,0.093094
CC(C)NC(=O)N(C)C[C@@H]1OCCCC[C@@H](C)Oc2ccc(cc2C(=O)N(C[C@H]1C)[C@H](C)CO)NS(=O)(=O)C,0,0.007014,0.032051,0.005335
NC[C@@H](O)c1ccc(cc1)Br,0,0.725479,0.250649,0.233188
C[C@H]1CN([C@@H](C)CO)C(=O)Cc2cc(ccc2O[C@H]1CN(C)Cc1ccc(cc1)C(=O)Nc1ccccc1N)NC(=O)C1CCCCC1,0,0.006187,0.029493,0.006728
C[C@H]1CN([C@H](C)CO)C(=O)Cc2cc(ccc2O[C@H]1CN(C)Cc1ccc2c(c1)OCO2)NC(=O)Cn1cnnn1,0,0.013364,0.024358,0.008074
C[C@@H]1CN([C@@H](C)CO)C(=O)c2cccc(c2O[C@@H]1CN(C)S(=O)(=O)C)NS(=O)(=O)c1cn(cn1)C,0,0.041355,0.024012,0.007062
C[C@@H]1CN([C@H](C)CO)C(=O)c2cc(ccc2O[C@H]1CN(C)S(=O)(=O)c1cn(cn1)C)NS(=O)(=O)c1ccccc1,0,0.008528,0.023886,0.005697
COc1ccccc1CN(C)C[C@H]1OCc2ccccc2-c2c(n(c3ccccc23)C)C(=O)N(C[C@@H]1C)[C@H](C)CO,0,0.069659,0.036722,0.021636
C[C@@H]1CN([C@@H](C)CO)C(=O)c2cc(ccc2O[C@H]1CN(C)CC1CCCCC1)NC(=O)Cc1cn(c2ccccc12)C,0,0.064324,0.027274,0.008548
C[C@H]1CN([C@H](C)CO)S(=O)(=O)c2ccc(cc2O[C@@H]1CN(C)C(=O)C1CCOCC1)-c1ccc(cc1)C(=O)N(C)C,0,0.011236,0.028298,0.008457
COc1ccc(cc1)S(=O)(=O)Nc1ccc2c(c1)C(=O)N(C[C@H](C)[C@H](CN(C)Cc1ccc3c(c1)OCO3)OCCCC[C@H](C)O2)[C@H](C)CO,0,0.002052,0.024672,0.004930
C[C@H]1CN([C@@H](C)CO)C(=O)c2cccc(c2O[C@@H]1CN(C)S(=O)(=O)C)NC(=O)CCCCCC(=O)Nc1ccccc1N,0,0.013834,0.039705,0.006473
C[C@@H]1CN([C@@H](C)CO)C(=O)Cc2cc(ccc2O[C@@H]1CN(C)C(=O)Nc1cccc2ccccc12)NS(=O)(=O)c1ccc(cc1)F,0,0.007538,0.023653,0.006229
C[C@H]1CCCCO[C@H](CN(C)Cc2ccncc2)[C@@H](C)CN([C@H](C)CO)C(=O)c2cc(ccc2O1)NS(=O)(=O)c1ccc(cc1)C,0,0.002081,0.024560,0.004965
C[C@@H]1CCCCO[C@@H](CN(C)C(=O)c2ccncc2)[C@@H](C)CN([C@H](C)CO)C(=O)c2cc(ccc2O1)NC(=O)C1CCCCC1,0,0.001775,0.022077,0.004130
C[C@H]1CN([C@@H](C)CO)C(=O)Cc2cc(ccc2O[C@@H]1CN(C)Cc1ccc(cc1)-c1ccccc1)NS(=O)(=O)c1cccs1,0,0.003029,0.023853,0.006249
CCC1(CCNCC1)C(=O)O,0,0.653985,0.046517,0.026062
CN(C)CCCNC(=O)C[C@H]1CC[C@H]2[C@@H](COC[C@@H](O)CN2S(=O)(=O)c2ccc(cc2)Cl)O1,0,0.730767,0.038628,0.019886
COc1cc(cc(c1)C(=O)Nc1nc(cs1)-c1ccc2c(c1)CCN2C(=O)CN1CCOCC1)OC,0,0.022416,0.084664,0.102751
COc1ccc(cc1)NC(=O)Nc1ccc2c(c1)C(=O)N(C[C@H](C)[C@@H](CN(C)Cc1ccc(cc1)C(F)(F)F)O2)[C@H](C)CO,0,0.152872,0.048910,0.039067
Cc1ccccc1S(=O)(=O)N1C[C@@H](O)COC[C@H]2O[C@H](CC[C@@H]21)CC(=O)N1CCC(CC1)Cc1ccccc1,0,0.258751,0.075711,0.019478
C[C@H]1CN([C@@H](C)CO)C(=O)c2cccc(c2O[C@@H]1CN(C)C(=O)Nc1cccc2ccccc12)NC(=O)Nc1c(noc1C)C,0,0.148836,0.024529,0.010204
C[C@H]1CN([C@@H](C)CO)C(=O)Cc2cc(ccc2O[C@H]1CN(C)S(=O)(=O)C)NC(=O)CCCCCC(=O)Nc1ccccc1N,0,0.002345,0.024105,0.004475
CC(C)(C)NCc1ccsc1,0,0.062929,0.047092,0.024315
OC[C@H]1O[C@@H](O[C@H]2[C@H](O)[C@@H](O)[C@@H](O)O[C@@H]2CO)[C@H](O)[C@@H](O)[C@@H]1O,0,0.076378,0.218241,0.105350
COc1ccc(cc1)CN(C)C[C@@H]1Oc2ccc(cc2CC(=O)N(C[C@H]1C)[C@H](C)CO)NC(=O)Cn1cnnn1,0,0.021806,0.022880,0.007407
C[C@H]1CCCCO[C@@H](CN(C)C(=O)Cc2ccccc2)[C@@H](C)CN([C@H](C)CO)C(=O)c2cc(ccc2O1)NC(=O)Nc1cccc2ccccc12,0,0.007090,0.022397,0.005592
N[C@@H](CSCc1ccccc1Cl)C(=O)O,0,0.431651,0.191556,0.112311
COc1ccc(cc1)NC(=O)Nc1cccc2c1O[C@@H](CN(C)Cc1ccc(cc1)C(F)(F)F)[C@H](C)CN([C@@H](C)CO)C2=O,0,0.347511,0.039811,0.046118
CN1[C@H]2CC[C@H](CC(=O)NCCN3CCCCC3)O[C@H]2COc2ccc(cc2C1=O)NC(=O)c1cccs1,0,0.051924,0.027225,0.018980
CNCc1cc(nn1C)C,0,0.030889,0.049611,0.015487
CCCCCCCCCCCCCCCC(=O)OCC=C(C)C=CC=C(C)C=CC1=C(C)CCCC1(C)C,0,0.997393,0.466420,0.276522
CCN1C[C@@]2(CC[C@@H](OC)[C@]34[C@H]2C[C@@H]([C@@H]14)[C@@]1(O)C[C@H](OC)[C@H]2C[C@H]3[C@@]1(O)[C@H]2OC)OC(=O)c1ccccc1NC(=O)C,0,0.021877,0.327828,0.113399
COc1ccc(cc1)NC(=O)Nc1ccc2c(c1)C(=O)N(C[C@@H](C)[C@H](CN(C)S(=O)(=O)c1ccc(cc1)Cl)OCCCC[C@H](C)O2)[C@H](C)CO,0,0.020466,0.023416,0.004555
OCc1cccc(c1N1[C@@H](C(=O)N(CC=C)Cc2ccccc2)[C@@]23O[C@@H](C=C2)[C@H]([C@H]3C1=O)C(=O)O)Cl,0,0.866434,0.410819,0.230510
CN1CCN(CC1)C(=O)C[C@@H]1CC[C@@H]2[C@H](COc3ccc(cc3C(=O)N2C)NC(=O)c2cscn2)O1,0,0.051587,0.024784,0.011613
CNC[C@H]1Oc2ccc(cc2C(=O)N(C[C@H]1C)[C@H](C)CO)NC(=O)Cn1cnnn1,0,0.082415,0.025025,0.008774
NC(=N)NC[C@H]1COC2(CCCCC2)O1,0,0.120006,0.077541,0.031399
COCC(=O)N(C)C[C@H]1Oc2cc(ccc2S(=O)(=O)N(C[C@@H]1C)[C@@H](C)CO)-c1ccc(cc1)OC,0,0.048062,0.027396,0.010996
C[C@@H]1CCCCO[C@H](CN(C)C(=O)Nc2ccccc2)[C@H](C)CN([C@H](C)CO)C(=O)c2cc(ccc2O1)NC(=O)NC1CCCCC1,0,0.012412,0.023483,0.005084
CNCCC(Oc1ccc(C(F)(F)F)cc1)c1ccccc1.Cl,0,0.982393,0.406766,0.391285
C[C@H]1CN([C@H](C)CO)C(=O)Cc2cc(ccc2O[C@@H]1CN(C)C(=O)Nc1c(noc1C)C)NS(=O)(=O)C,0,0.004083,0.024811,0.006402
COCC(=O)N1CCO[C@H]2[C@@H](CC[C@H]21)OC,0,0.009066,0.031869,0.009474
CN1CCSC1=N,0,0.486242,0.069437,0.023217
C[C@H]1CCCCO[C@H](CN(C)C(=O)Nc2ccc(cc2)C(F)(F)F)[C@@H](C)CN([C@@H](C)CO)C(=O)c2cc(ccc2O1)NC(=O)CCC(F)(F)F,0,0.626241,0.182240,0.085835
COc1ccc2c3c([nH]c2c1)[C@H](CO)N(C[C@]13CCN(CC1)C(=O)c1cnccn1)C(=O)c1cnccn1,0,0.117803,0.179361,0.088107
C[C@H]1CN([C@@H](C)CO)C(=O)c2cccc(c2O[C@@H]1CN(C)Cc1ccc(cc1)-c1ccccc1)NC(=O)C1CCOCC1,0,0.068056,0.035849,0.013386
C[C@H]1CN([C@@H](C)CO)C(=O)c2cccc(c2O[C@@H]1CN(C)C(=O)Nc1ccc(cc1)C(F)(F)F)NC(=O)CCCCCC(=O)Nc1ccccc1N,0,0.705473,0.045372,0.046981
C[C@H]1CN([C@@H](C)CO)C(=O)c2cc(cnc2O[C@H]1CN(C)S(=O)(=O)c1cccc(c1)F)C#CC1CC1,0,0.107158,0.026034,0.008099
C[C@H]1CN([C@@H](C)CO)C(=O)Cc2cc(ccc2O[C@H]1CN(C)Cc1ccc(cc1)-c1ccccc1)NC(=O)Nc1ccccc1,0,0.038875,0.028268,0.012327
C[C@H]1CCCCO[C@@H](CN(C)C)[C@@H](C)CN([C@H](C)CO)C(=O)c2cc(ccc2O1)NS(=O)(=O)c1c(noc1C)C,0,0.012717,0.027373,0.007083
COc1ccc(cc1)S(=O)(=O)N(C)C[C@H]1Oc2ccc(cc2C(=O)N(C[C@H]1C)[C@H](C)CO)NC(=O)NC(C)C,0,0.030262,0.024325,0.007304
C[C@H]1CN([C@H](C)CO)C(=O)c2cc(cnc2O[C@H]1CN(C)S(=O)(=O)c1cn(cn1)C)C#CC(C)(C)O,0,0.036543,0.110252,0.009906
C[C@]1(NC(=O)NC1=O)C1CC1,0,0.026210,0.040532,0.021796
OC[C@H]1O[C@@H](C[C@@H]2[C@H]1Oc1ccc(cc12)NC(=O)c1cccnc1)CC(=O)NCc1cc(ccc1F)F,0,0.062655,0.037678,0.020434
OC(=O)CN(CC(=O)O)CC1=CC2=C(c3ccccc3C(=O)O)c3cc(c(cc3OC2=CC1=O)O)CN(CC(=O)O)CC(=O)O,0,0.996948,0.462789,0.151594
COc1ccc(c(c1)OC)NC(=O)N(C)C[C@H]1OCc2cn(nn2)CCCC(=O)N(C[C@H]1C)[C@H](C)CO,0,0.136714,0.025458,0.005672
O[C@@H]1COC[C@H]2O[C@@H](CC[C@@H]2N(C1)C(=O)Nc1ccc(cc1)Cl)CC(=O)NCCc1ccncc1,0,0.590449,0.595729,0.575668
C[C@H]1CN([C@H](C)CO)C(=O)Cc2cc(ccc2O[C@H]1CN(C)S(=O)(=O)C)NC(=O)CCCCCC(=O)Nc1ccccc1N,0,0.002345,0.024105,0.004475
COCC#Cc1cnc2c(c1)C(=O)N(C[C@H](C)[C@@H](CN(C)C(=O)Nc1cc(ccc1F)F)O2)[C@H](C)CO,0,0.634702,0.067928,0.023615
C[C@@H]1CN([C@H](C)CO)C(=O)c2cc(ccc2O[C@H]1CN(C)C(=O)Nc1cccc2ccccc12)NC(=O)Nc1ccc(cc1)C(F)(F)F,0,0.772749,0.202274,0.163045
C[C@@H]1CCCCO[C@@H](CN(C)S(=O)(=O)c2c(noc2C)C)[C@H](C)CN([C@H](C)CO)C(=O)c2cc(ccc2O1)NC(=O)Nc1cccc2ccccc12,0,0.009350,0.023819,0.004221
CC(C)(C)S(=O)N1Cc2cc(nc(c2[C@H]1CCO)-c1cccc(c1)-c1cccc(c1)F)C(=O)NCc1ccc2c(c1)OCO2,0,0.012074,0.162811,0.083441
CC(=O)[C@@]12C=CCC[C@@H]1C[C@H](N2C(=O)c1nc(oc1C(F)(F)F)C)C(=O)Nc1c(cccc1Cl)C,0,0.974447,0.591768,0.606801
C[C@H]1CCCCO[C@@H](CN(C)S(=O)(=O)c2ccc(cc2)Cl)[C@@H](C)CN([C@H](C)CO)C(=O)c2cc(ccc2O1)NC(=O)c1ccccc1,0,0.003709,0.023245,0.004171
C[C@H]1CN([C@H](C)CO)C(=O)c2cc(ccc2O[C@@H]1CN(C)Cc1ccc(cc1)C(=O)Nc1ccccc1N)NC(=O)Nc1cccc2ccccc12,0,0.006029,0.022759,0.006248
COc1ccc(cc1)CN(C)C[C@@H]1Oc2c(cccc2C(=O)N(C[C@H]1C)[C@H](C)CO)NC(=O)c1cc(nn1C)C,0,0.016408,0.023314,0.006487
C[C@@H]1CN([C@@H](C)CO)C(=O)c2cc(ccc2O[C@H]1CN(C)S(=O)(=O)c1ccc(cc1)C)NS(=O)(=O)c1ccc(cc1)F,0,0.021397,0.023244,0.008130
CO[C@@H]1CN(C)C(=O)c2ccc(cc2OC[C@@H](C)N(C[C@@H]1C)C(=O)Cc1ccccn1)NC(=O)C1CC1,0,0.001847,0.023233,0.005659
C[C@H]1CN([C@@H](C)CO)C(=O)c2cc(ccc2O[C@H]1CN(C)S(=O)(=O)c1c(noc1C)C)NS(=O)(=O)C,0,0.020876,0.024245,0.007884
NNc1ccc2c([nH]nc2c1)N,0,0.585867,0.057345,0.037296
C[C@H]1CN([C@H](C)CO)C(=O)Cc2cc(ccc2O[C@@H]1CN(C)C(=O)Nc1ccc(cc1)C(F)(F)F)NC(=O)Cn1cnnn1,0,0.583018,0.274823,0.332617
NCCCC[C@@H](N)C(=O)N[C@@H](Cc1ccc(cc1)O)C(=O)N[C@@H](CCCCN)C(=O)O,0,0.777614,0.532889,0.196534
C[C@H]1CN([C@H](C)CO)C(=O)c2c(c3ccccc3n2C)-c2ccccc2CO[C@H]1CN(C)Cc1ccc2c(c1)OCCN2C,0,0.209878,0.037989,0.024545
COC[C@H]1CN(N1)C(=O)c1cccc(c1)OC,0,0.036903,0.025933,0.009806
C[C@@H]1CN([C@H](C)CO)C(=O)Cc2cc(ccc2O[C@@H]1CN(C)Cc1ccc(cc1)C(F)(F)F)NS(=O)(=O)C,0,0.015449,0.031126,0.014451
NC(=O)C[C@H]1Sc2ccccc2NC1=O,0,0.105960,0.053223,0.029422
C[C@@H]1CN([C@H](C)CO)C(=O)Cc2cc(ccc2O[C@H]1CN(C)S(=O)(=O)c1c(noc1C)C)NC(=O)Nc1c(noc1C)C,0,0.011600,0.030194,0.008824
C[C@@H]1CN([C@@H](C)CO)S(=O)(=O)c2ccc(cc2O[C@H]1CN(C)C(=O)c1ccncc1)-c1cccc(c1)C#N,0,0.000603,0.023311,0.004238
OC(=O)c1c(c(c(c(c1C1=C2C=CC(=O)C=C2Oc2cc(ccc21)O)Br)Br)Br)Br,1,0.999776,0.833721,0.828913
COc1ccc(cc1)NC(=O)N(C)C[C@@H]1Oc2c(cccc2C(=O)N(C[C@H]1C)[C@@H](C)CO)NS(=O)(=O)c1cn(cn1)C,0,0.061664,0.023364,0.003914
C[C@@H]1CN([C@@H](C)CO)C(=O)c2ccccc2-c2ccccc2CO[C@@H]1CN(C)C(=O)Nc1ccc(cc1)F,0,0.131793,0.044888,0.030128
C[C@H]1CCCCO[C@@H](CN(C)C(=O)Nc2cccc3ccccc23)[C@@H](C)CN([C@H](C)CO)C(=O)c2cc(ccc2O1)NC(=O)Nc1ccc2c(c1)OCO2,0,0.010618,0.022721,0.004995
C[C@H]1CN([C@@H](C)CO)C(=O)c2cc(ccc2O[C@H]1CN(C)C(=O)Nc1ccccc1)NC(=O)Cn1cnnn1,0,0.065053,0.023666,0.007403
C[C@@H]1CN([C@H](C)CO)C(=O)Cc2cc(ccc2O[C@@H]1CN(C)Cc1ccc(cc1)C(=O)Nc1ccccc1N)NC(=O)Nc1ccccc1,0,0.004009,0.023187,0.004712
CO[C@@H]1CN(C)C(=O)c2cc(ccc2OC[C@H](C)N(C[C@H]1C)C(=O)CN(C)C)NC(=O)c1ccc(cc1)F,0,0.108171,0.032301,0.013117
CCCCC[C@@H](O)[C@H]1[C@@H](O)C[C@@H](O)C[C@@H](O)C[C@@H](O)C[C@@H](O)C[C@@H](O)C[C@@H](O)/C(=C/C=C/C=C/C=C/C=C/[C@@H](O)[C@@H](C)OC1=O)C,0,0.001403,0.329418,0.160254
CC=CCC(C)C(O)C1C(=O)NC(CC)C(=O)N(C)CC(=O)N(C)C(CC(C)C)C(=O)NC(C(C)C)C(=O)N(C)C(CC(C)C)C(=O)NC(C)C(=O)NC(C)C(=O)N(C)C(CC(C)C)C(=O)N(C)C(CC(C)C)C(=O)N(C)C(C(C)C)C(=O)N1C,0,0.995009,0.526506,0.133573
C[C@@H](NC(=O)C[C@H]1CC[C@@H](NC(=O)CN2CCOCC2)[C@@H](CO)O1)c1ccccc1,0,0.015440,0.023961,0.010701
OCCCCC/C=C\C/C=C\C/C=C\C/C=C\CCCC(=O)O,0,0.000567,0.153594,0.107602
C[C@H]1CCCCO[C@@H](CN(C)C(=O)Nc2ccccc2)[C@@H](C)CN([C@H](C)CO)C(=O)c2cc(ccc2O1)NS(=O)(=O)c1c(noc1C)C,0,0.008500,0.023945,0.005073
C[C@H]1CN([C@H](C)CO)C(=O)Cc2cc(ccc2O[C@@H]1CN(C)C(=O)Nc1ccccc1)NC(=O)Nc1cccc2ccccc12,0,0.012954,0.024480,0.007234
COC(=O)c1c2oc(c1C(=O)OC)C(=O)N[C@H](Cc1ccccc1)Cn1cc(nn1)[C@H](Cc1ccccc1)NC(=O)N[C@H](CCc1oc(c(c1C(=O)OC)C(=O)OC)C(=O)N[C@H](Cc1ccccc1)Cn1cc(nn1)[C@H](Cc1ccccc1)NC(=O)N[C@H](CC2)COC(=O)NCCCCCC(=O)NO)COC(=O)NCCCCCC(=O)NO,0,0.000000,0.148720,0.040506
COc1ccc(cc1)CN(C)C[C@@H]1OCCCC[C@@H](C)Oc2ccc(cc2C(=O)N(C[C@@H]1C)[C@H](C)CO)NC(=O)CCCCCC(=O)Nc1ccccc1N,0,0.009140,0.028324,0.005874
C[C@@H]1CCCCO[C@@H](CN(C)C(=O)c2ccccc2)[C@H](C)CN([C@H](C)CO)C(=O)c2cc(ccc2O1)NC(=O)Nc1ccc(cc1)C(F)(F)F,0,0.182118,0.019263,0.009415
C[C@@H]1CCCCO[C@@H](CN(C)C(=O)Nc2ccc(cc2)C(F)(F)F)[C@@H](C)CN([C@H](C)CO)C(=O)c2cc(ccc2O1)NC(=O)Nc1ccc2c(c1)OCO2,0,0.217702,0.026813,0.017663
COCCOC(=O)C1=C(C)NC(C)=C(C(=O)OC(C)C)C1c1cccc([N+](=O)[O-])c1,0,0.000171,0.365135,0.379452
C[C@@H]1CCCCO[C@H](CN(C)C(=O)c2ccccc2)[C@@H](C)CN([C@H](C)CO)C(=O)c2cc(ccc2O1)NC(=O)Nc1ccc(cc1)C(F)(F)F,0,0.182118,0.019263,0.009415
C[C@H]1CN([C@@H](C)CO)C(=O)Cc2cc(ccc2O[C@H]1CN(C)S(=O)(=O)c1cn(cn1)C)NS(=O)(=O)c1cccs1,0,0.001959,0.023914,0.004880
CC(C)NC(=O)Nc1ccc2c(c1)C(=O)N(C[C@@H](C)[C@@H](CN(C)Cc1ccc(cc1)-c1ccccc1)O2)[C@H](C)CO,0,0.082199,0.031840,0.022547
COc1ccc(cc1)C#Cc1ccc2c(c1)[C@]1([C@H]([C@H]3N([C@@H]([C@@H](OC3=O)c3ccccc3)c3ccccc3)[C@H]1c1ccc(cc1)O)C(=O)O)C(=O)N2,0,0.904223,0.285055,0.289055
CCO[C@@H]1OC(=C[C@@H]([C@H]1CCCO)c1ccc2c(c1)OCO2)C(=O)N1CCN(CC1)Cc1ccc2c(c1)OCO2,0,0.004185,0.025772,0.012877
C[C@H]1CCCCO[C@H](CN(C)S(=O)(=O)c2c(noc2C)C)[C@@H](C)CN([C@@H](C)CO)C(=O)c2cc(ccc2O1)NC(=O)Nc1ccccc1,0,0.010594,0.023315,0.004344
C[C@@H]1CN([C@@H](C)CO)C(=O)c2cc(ccc2O[C@H]1CN(C)C(=O)NC1CCCCC1)NC(=O)Nc1ccc(cc1)C(F)(F)F,0,0.689688,0.547185,0.498787
CC(NC(=NC#N)Nc1ccncc1)C(C)(C)C,0,0.000112,0.159597,0.105386
C[C@@H]1CCCCO[C@@H](CN(C)S(=O)(=O)c2cccs2)[C@@H](C)CN([C@@H](C)CO)C(=O)c2cc(ccc2O1)NC(=O)C1CCCCC1,0,0.001758,0.023685,0.004362
COc1ccccc1OCC(O)CN1CCN(CC(=O)Nc2c(C)cccc2C)CC1.Cl.Cl,0,0.734129,0.143048,0.100158
CC(=O)OC12COC1CC(O)C1(C)C(=O)C(O)C3=C(C)C(OC(=O)C(O)C(NC(=O)OC(C)(C)C)c4ccccc4)CC(O)(C(OC(=O)c4ccccc4)C21)C3(C)C.O.O.O,0,0.000000,0.127112,0.080299
COc1ccc(cc1)S(=O)(=O)Nc1ccc2c(c1)C(=O)N(C[C@@H](C)[C@H](CN(C)Cc1ccc3c(c1)OCO3)OCCCC[C@H](C)O2)[C@@H](C)CO,0,0.002052,0.024672,0.004930
CCC(=O)OC1C(OC2C(C)C(OC3CC(C)(OC)C(O)C(C)O3)C(C)C(=O)OC(CC)C(C)(O)C(O)C(C)C(=O)C(C)CC2(C)O)OC(C)CC1N(C)C.CCCCCCCCCCCCOS(=O)(=O)O,0,0.999671,0.862341,0.735209
C[C@@H]1CN([C@@H](C)CO)C(=O)Cc2cc(ccc2O[C@H]1CN(C)Cc1ccc(cc1)C(=O)O)NS(=O)(=O)c1cn(cn1)C,0,0.044832,0.027223,0.005513
CCCNC(=O)N1C[C@@H](O)COC[C@H]2O[C@H](CC[C@@H]21)CC(=O)NCCCN1CCOCC1,0,0.335157,0.049917,0.038818
CN(C)CCCNC(=O)C[C@H]1O[C@H](CO)[C@@H](NS(=O)(=O)c2ccccc2)C=C1,0,0.037891,0.030343,0.009328
OC[C@@H]1O[C@@H](C[C@H]2[C@@H]1Oc1ccc(cc12)NC(=O)C1CCOCC1)CC(=O)NCc1cc(ccc1F)F,0,0.198694,0.033752,0.013627
COc1ccc(cc1)NC(=O)Nc1ccc2c(c1)C(=O)N(C[C@@H](C)[C@H](CN(C)S(=O)(=O)c1cn(cn1)C)O2)[C@H](C)CO,0,0.030860,0.023294,0.004404
N#Cc1ccc(nc1)-c1ccccc1,0,0.011690,0.406329,0.185750
CCCc1ncc(C[n+]2ccccc2C)c(N)n1.[Cl-],0,0.026762,0.348961,0.071531
C[C@H]1CCCCO[C@@H](CN(C)CC2CCCCC2)[C@@H](C)CN([C@@H](C)CO)C(=O)c2cc(ccc2O1)NS(=O)(=O)c1ccc(cc1)F,0,0.030639,0.023971,0.007944
Clc1ccc(cc1)Sc1ccc(s1)-c1ccccn1,0,0.481831,0.490325,0.291227
CC(C)Cn1cnc2ccccc12,0,0.308702,0.163156,0.108503
Cn1nnc2c1[C@H](COCC1CC1)CN(C2)C(=O)CS(=O)(=O)C,0,0.160511,0.338410,0.156527
C[C@@H]1CCCCO[C@@H](CN(C)Cc2ccc(c(c2)Cl)Cl)[C@H](C)CN([C@H](C)CO)C(=O)c2cc(ccc2O1)NC(=O)Nc1c(noc1C)C,0,0.236661,0.024300,0.007034
COc1ccc(cc1)S(=O)(=O)N(C)C[C@H]1Oc2ccc(cc2C(=O)N(C[C@H]1C)[C@H](C)CO)NC(=O)Nc1c(noc1C)C,0,0.034796,0.023227,0.005842
COc1ccc(cc1)S(=O)(=O)Nc1ccc2c(c1)C(=O)N(C[C@H](C)[C@H](CN(C)Cc1ccc(cc1)Oc1ccccc1)O2)[C@@H](C)CO,0,0.001410,0.024426,0.006678
C[C@H](O)CC1=C[C@H](O)[C@@H](C)OC1=O,0,0.026093,0.049964,0.056550
COc1ccc(cc1)S(=O)(=O)Nc1ccc2c(c1)CC(=O)N(C[C@H](C)[C@@H](CN(C)S(=O)(=O)c1cccs1)O2)[C@@H](C)CO,0,0.000862,0.023816,0.005696
COc1ccc(cc1)S(=O)(=O)Nc1ccc2c(c1)C(=O)N(C[C@H](C)[C@H](CN(C)Cc1ccc3c(c1)OCO3)OCCCC[C@H](C)O2)[C@@H](C)CO,0,0.002052,0.024672,0.004930
C[C@@H]1CN([C@H](C)CO)C(=O)Cc2cc(ccc2O[C@H]1CN(C)C(=O)Nc1c(noc1C)C)NS(=O)(=O)c1cn(cn1)C,0,0.016873,0.023512,0.004602
COc1ccc(cc1)CN(C)C[C@@H]1OCCCC[C@H](C)Oc2ccc(cc2C(=O)N(C[C@H]1C)[C@H](C)CO)NS(=O)(=O)c1ccccc1,0,0.002554,0.024246,0.004033
CC(=O)N1CCS(=O)(=O)[C@H]2CCN(CC[C@@H]21)S(=O)(=O)Cc1ccccc1,0,0.003306,0.033494,0.016651
C[C@@H]1CCCCO[C@H](CN(C)C(=O)C2CCCCC2)[C@@H](C)CN([C@H](C)CO)C(=O)c2cc(ccc2O1)NC(=O)C1CCCCC1,0,0.013761,0.029624,0.007548
C[C@H]1CN([C@H](C)CO)C(=O)Cc2cc(ccc2O[C@@H]1CN(C)Cc1ccc(cc1)C(=O)O)NC(=O)Nc1cccc2ccccc12,0,0.061545,0.088396,0.022290
COc1ccc(cc1Cl)S(=O)(=O)N(C)C[C@@H]1Oc2c(cccc2C(=O)N(C[C@H]1C)[C@@H](C)CO)NC(=O)Nc1cccc2ccccc12,0,0.179532,0.023863,0.008121
COc1ccc(cc1)S(=O)(=O)Nc1ccc2c(c1)C(=O)N(C[C@H](C)[C@H](CN(C)S(=O)(=O)c1ccccc1)O2)[C@H](C)CO,0,0.007978,0.023281,0.006440
C[C@H]1CN([C@@H](C)CO)C(=O)CCCn2nncc2CO[C@@H]1CN(C)C(=O)Nc1ccc(cc1)N1CCCCC1,0,0.121192,0.030627,0.009601
C[C@@H]1CN([C@@H](C)CO)C(=O)Cc2cc(ccc2O[C@H]1CN(C)S(=O)(=O)c1ccc(cc1)C)NS(=O)(=O)c1cn(cn1)C,0,0.009972,0.023394,0.004706
C(=N/c1ccccc1)\c1ccccc1,0,0.069141,0.225381,0.225402
O=C1CCC(N2C(=O)c3ccccc3C2=O)C(=O)N1,0,0.003237,0.135570,0.110186
COc1ccc(cc1)NC(=O)Nc1ccc2c(c1)CC(=O)N(C[C@H](C)[C@@H](CN(C)S(=O)(=O)c1cn(cn1)C)O2)[C@@H](C)CO,0,0.007931,0.023539,0.004373
C[C@@H]1CN([C@H](C)CO)C(=O)Cc2cc(ccc2O[C@H]1CN(C)C(=O)Nc1ccc(cc1)F)NS(=O)(=O)c1cn(cn1)C,0,0.059760,0.023738,0.005375
C[C@@H]1CN([C@@H](C)CO)C(=O)Cc2cc(ccc2O[C@@H]1CN(C)C(=O)Nc1ccccc1)NC(=O)Nc1cccc2ccccc12,0,0.012954,0.024480,0.007234
CC(C)NC(=O)Nc1ccc2c(c1)C(=O)N(C[C@@H](C)[C@@H](CN(C)S(=O)(=O)c1cccs1)O2)[C@@H](C)CO,0,0.009683,0.024409,0.006060
C[C@@H]1CN([C@H](C)CO)C(=O)Cc2cc(ccc2O[C@H]1CN(C)S(=O)(=O)C)NC(=O)CCC(F)(F)F,0,0.012979,0.029748,0.010135
O[C@H]1COC[C@H]2O[C@H](CC[C@@H]2N(C1)S(=O)(=O)c1ccccc1)CC(=O)N1CCOCC1,0,0.033989,0.057972,0.014973
C[C@H]1CN([C@H](C)CO)C(=O)c2ccccc2-c2ccccc2CO[C@H]1CN(C)C(=O)Nc1cccc(c1)C(F)(F)F,0,0.665306,0.306289,0.378145
Nc1ccc(cc1)N1CCNCC1,0,0.198291,0.094889,0.033706
Cc1ccc(cc1)S(=O)(=O)N1C[C@H](O)COC[C@@H]2O[C@H](CC[C@H]21)CC(=O)N1CCc2ccccc2C1,0,0.043335,0.060067,0.011702
O=C(O)CCNC(=O)c1ccccc1,0,0.015160,0.050953,0.054288
C[C@H]1CCCCO[C@@H](CN(C)C(=O)Nc2cccc3ccccc23)[C@@H](C)CN([C@@H](C)CO)C(=O)c2cc(ccc2O1)NC(=O)C1CCCCC1,0,0.018759,0.023544,0.005366
C[C@@H]1CN([C@@H](C)CO)C(=O)c2cc(ccc2O[C@H]1CN(C)Cc1ccc(cc1)-c1ccccc1)NC(=O)Cc1ccccc1,0,0.017584,0.026235,0.016322
OC[C@@H]1O[C@H](CC[C@H]1NC(=O)c1cccnc1)CC(=O)NCCN1CCCCC1,0,0.038780,0.030174,0.012356
C[C@@H](Cn1ccnc1C)C(=O)O,0,0.051222,0.029107,0.017729
NNC(=O)c1ccncc1,0,0.052016,0.073093,0.036969
COc1cccc(c1)NC(=O)N(C)C[C@H]1OCc2ccccc2-c2c(n(c3ccccc23)C)C(=O)N(C[C@@H]1C)[C@H](C)CO,0,0.014899,0.028865,0.010389
CO[C@H]1CN(C)C(=O)c2ccc(cc2OC[C@@H](C)N(CCC(F)(F)F)C[C@@H]1C)NS(=O)(=O)c1cn(cn1)C,0,0.101031,0.075346,0.015950
O[C@]12COC2=C(Cl)C(=O)N2CCC[C@H]2C1,0,0.053879,0.124085,0.040130
C[C@H]1CN([C@H](C)CO)C(=O)c2cc(ccc2O[C@@H]1CN(C)Cc1ccncc1)NS(=O)(=O)c1cccs1,0,0.001588,0.023946,0.005150
COc1cccc(c1)S(=O)(=O)N(C)C[C@H]1OCc2cnnn2CCCC(=O)N(C[C@@H]1C)[C@@H](C)CO,0,0.006834,0.022755,0.005881
O=S1(=O)CC[C@@H](C1)S(=O)(=O)N1CCOCC1,0,0.001242,0.071441,0.011608
C[C@@H]1CCCCO[C@H](CN(C)Cc2ccc(cc2)C(F)(F)F)[C@@H](C)CN([C@H](C)CO)C(=O)c2cc(ccc2O1)NC(=O)C1CCCCC1,0,0.152809,0.026263,0.014343
C[C@H]1CN([C@@H](C)CO)C(=O)c2cc(cnc2O[C@@H]1CN(C)C(=O)CCN1CCCCC1)C#CCN(C)C,0,0.134388,0.025330,0.007353
C[C@@H]1CCCCO[C@@H](CN(C)C(=O)Nc2cccc3ccccc23)[C@@H](C)CN([C@H](C)CO)C(=O)c2cc(ccc2O1)NS(=O)(=O)c1ccc(cc1)F,0,0.013998,0.024253,0.005772
C[C@H]1CN([C@H](C)CO)C(=O)c2cc(cnc2O[C@H]1CN(C)C(=O)Nc1cccc(c1)F)C#CCN(C)C,0,0.316672,0.032854,0.014694
OCc1ccc(cc1)[C@@H]1C[C@H](CSc2nc(c(o2)-c2ccccc2)-c2ccccc2)O[C@@H](O1)c1ccc(cc1)NC(=O)CCCCCCC(=O)O,0,0.590424,0.247186,0.056755
CC(=O)O[C@@H]1[C@@H](O)[C@H](OC(=O)c2ccccc2)[C@@H](CO)O[C@H]1Oc1cc(cc(c1C(=O)c1cccc(c1)O)O)O,0,0.470841,0.213421,0.175247
OC(=O)[C@@H]1C2OC3(C=C2)C1C(=O)N1CCS(=O)[C@H]13,0,0.018697,0.343353,0.237257
COc1ccc(cc1)CC1=C(O)NC(=NC1=O)N,0,0.724774,0.167004,0.075663
NC(=N)SCCc1cnc[nH]1,0,0.982727,0.070694,0.053790
CC(C)NC(=O)N(C)C[C@@H]1Oc2c(cccc2C(=O)N(C[C@@H]1C)[C@@H](C)CO)NS(=O)(=O)c1cccs1,0,0.020092,0.025744,0.007147
COC(=O)C(=C)[C@@]12O[C@@](C)(CC[C@@]3(O)/C(=C\C)C(=O)O[C@]3(C)C[C@@H]1OC(=O)C(=C)CO)CC2=O,0,0.968638,0.691911,0.664801
C[C@@H]1CN([C@H](C)CO)C(=O)c2cccc(c2O[C@@H]1CN(C)C(=O)Nc1ccc2c(c1)OCO2)NS(=O)(=O)c1cn(cn1)C,0,0.020288,0.023599,0.004479
CNC[C@@H]1Oc2cc(ccc2S(=O)(=O)N(C[C@H]1C)[C@H](C)CO)C#CC(C)(C)O,0,0.113931,0.098439,0.011414
C[C@@H]1CN([C@@H](C)CO)C(=O)c2cccc(c2O[C@H]1CN(C)S(=O)(=O)C)NC(=O)c1cc(nn1C)C,0,0.016895,0.023245,0.006723
C[C@H]1CN([C@@H](C)CO)C(=O)c2cc(ccc2O[C@H]1CN(C)C(=O)Nc1ccc2c(c1)OCO2)NC(=O)Nc1ccc(cc1)C(F)(F)F,0,0.552952,0.134651,0.149364
CCOC(=O)C1CCN(C)CC1,0,0.159878,0.024770,0.009467
C[C@@H]1CN([C@H](C)CO)C(=O)c2cccc(c2O[C@H]1CN(C)Cc1ccc2c(c1)OCO2)NC(=O)c1ccncc1,0,0.001696,0.021495,0.004427
C[C@@H]1CN([C@H](C)CO)C(=O)c2cc(ccc2O[C@H]1CN(C)C(=O)Nc1cccc2ccccc12)NC(=O)Nc1c(noc1C)C,0,0.048697,0.023197,0.006154
Nc1nnns1,0,0.097372,0.105128,0.050646
C[C@@H]1CCCCO[C@H](CN(C)S(=O)(=O)c2cn(cn2)C)[C@@H](C)CN([C@H](C)CO)C(=O)c2cc(ccc2O1)NC(=O)Nc1ccc(cc1)C(F)(F)F,0,0.305766,0.186539,0.040221
CC(C)NC(=O)N(C)C[C@H]1OCCCC[C@@H](C)Oc2ccc(cc2C(=O)N(C[C@H]1C)[C@H](C)CO)NS(=O)(=O)c1cn(cn1)C,0,0.016358,0.024529,0.004742
C[C@@H]1CCCCO[C@@H](CN(C)C(=O)NC2CCCCC2)[C@H](C)CN([C@@H](C)CO)C(=O)c2cc(ccc2O1)NC(=O)NC1CCCCC1,0,0.010645,0.024799,0.007224
COCC(=O)N1C[C@H](C)[C@@H](CN(C)C(=O)c2ccc(cc2OC[C@@H]1C)NC(=O)Nc1ccccc1)OC,0,0.008736,0.025915,0.009059
COc1cc(OC)c2c(c1Cl)OC1(C2=O)C(O)=CC(=O)CC1C,0,0.925905,0.728853,0.524207
c1ccc(cc1)-n1ncc2c1ncn1nnnc21,0,0.317410,0.167488,0.123366
C[C@@H]1CN([C@H](C)CO)C(=O)c2cc(ccc2O[C@@H]1CN(C)C(=O)NC1CCCCC1)NS(=O)(=O)C,0,0.007760,0.031740,0.007040
C[C@@H]1CCCCO[C@@H](CN(C)S(=O)(=O)c2ccc(cc2)C)[C@H](C)CN([C@H](C)CO)C(=O)c2cc(ccc2O1)NS(=O)(=O)c1ccc(cc1)Cl,0,0.010634,0.023793,0.004691
NC(=O)NC1=Nc2ccccc2NC1=O,0,0.210996,0.052574,0.034414
NCCc1cccc2ccccc12,0,0.591749,0.228192,0.162441
C[C@@H](O)C#Cc1ccc2c(c1)O[C@H](CN(C)C(=O)c1ccccc1)[C@@H](C)CN([C@@H](C)CO)S2(=O)=O,0,0.027232,0.028558,0.009206
Cc1nc(n(n1)C(=O)N1CCOCC1)C,0,0.068544,0.040822,0.017684
C[C@H]1O[C@@H]2[C@H](O[C@@H]1C)N(CCN2S(=O)(=O)C)S(=O)(=O)C,0,0.002729,0.077516,0.013497
C[C@@H]1NC(=O)[C@@H](N)CNC(=O)[C@@H](NC(=O)/C(=C\NC(=O)N)NC(=O)[C@H](CNC(=O)C[C@@H](N)CCCN)NC1=O)[C@H]1CCN=C(N)N1,0,0.023232,0.486260,0.279334
CN(C)N=Nc1[nH]cnc1C(N)=O,0,0.069856,0.068120,0.024624
C[C@H]1CN([C@@H](C)CO)C(=O)c2cc(ccc2O[C@H]1CN(C)CC1CCCCC1)NC(=O)CCN1CCOCC1,0,0.014998,0.030645,0.007808
COc1ccc(cc1)CNC(=O)[C@@H](N(Cc1cccs1)C(=O)c1ccc2c(c1)OCCO2)c1ccc(cc1)C,0,0.022994,0.287742,0.279640
CC(C)NC(=O)Nc1ccc2c(c1)C(=O)N(C[C@@H](C)[C@H](CN(C)CC1CCCCC1)OCCCC[C@@H](C)O2)[C@@H](C)CO,0,0.092669,0.036106,0.017430
OC(=O)[C@@H]1CCCCN1,0,0.059195,0.028344,0.015520
C[C@H]1CN([C@H](C)CO)C(=O)c2c(c3ccccc3n2C)-c2ccccc2CO[C@H]1CN(C)C(=O)Nc1cccc(c1)C(F)(F)F,0,0.615816,0.136986,0.110981
CN1CCN(CC1)C(=O)C[C@@H]1CC[C@H]2[C@@H](COC[C@@H](O)CN2S(=O)(=O)c2cccc(c2)Cl)O1,0,0.461674,0.050413,0.015100
CC(C)OC(=O)OCOP(=O)(CO[C@H](C)Cn1cnc2c(ncnc12)N)OCOC(=O)OC(C)C,0,0.999447,0.440305,0.240463
C[C@@H]1CN([C@@H](C)CO)C(=O)c2cccc(c2O[C@@H]1CN(C)Cc1ccncc1)NC(=O)c1cc(nn1C)C,0,0.007478,0.021609,0.004709
C[C@H]1CN([C@H](C)CO)C(=O)c2cccc(c2O[C@@H]1CN(C)Cc1ccc(cc1)Oc1ccccc1)NC(=O)Cc1ccccc1,0,0.004836,0.025777,0.013024
C[C@@H]1CCCCO[C@H](CN(C)Cc2ccc3c(c2)OCO3)[C@@H](C)CN([C@@H](C)CO)C(=O)c2cc(ccc2O1)NC(=O)C1CCCCC1,0,0.017768,0.024639,0.006740
C[C@@H]1CCCCO[C@H](CN(C)S(=O)(=O)C)[C@@H](C)CN([C@@H](C)CO)C(=O)c2cc(ccc2O1)NC(=O)Nc1cccc2ccccc12,0,0.011678,0.024021,0.004818
CNc1ccccc1C(=O)N1CCc2c([nH]c3ccccc23)C1=O,0,0.013580,0.468907,0.316094
COc1ccccc1S(=O)(=O)N(C)C[C@H]1OCc2cn(nn2)CCCC(=O)N(C[C@@H]1C)[C@H](C)CO,0,0.025706,0.023058,0.005092
C[C@@H]1CN([C@@H](C)CO)S(=O)(=O)c2ccc(cc2O[C@@H]1CN(C)C(=O)C1CCC1)C#Cc1ccncc1,0,0.037971,0.034147,0.006910
CCCNC(=O)C[C@@H]1CC[C@@H]2[C@@H](COc3ccc(cc3C(=O)N2C)NC(=O)c2ccc3c(c2)OCO3)O1,0,0.002844,0.022722,0.008898
C[C@@H]1CCCCO[C@@H](CN(C)S(=O)(=O)c2ccc(cc2)Cl)[C@H](C)CN([C@@H](C)CO)C(=O)c2cc(ccc2O1)NS(=O)(=O)c1ccccc1,0,0.005300,0.023810,0.004940
CC(C)NC(=O)Nc1ccc2c(c1)C(=O)N(C[C@H](C)[C@H](CN(C)C(=O)NC1CCCCC1)O2)[C@H](C)CO,0,0.013092,0.023287,0.008007
COc1ccccc1S(=O)(=O)N(C)C[C@H]1Oc2cc(ccc2S(=O)(=O)N(C[C@@H]1C)[C@H](C)CO)C#CCC(C)C,0,0.126943,0.029595,0.005182
COc1ccc(cc1)S(=O)(=O)Nc1cccc2c1O[C@H](CN(C)C(=O)Nc1cccc3ccccc13)[C@H](C)CN([C@@H](C)CO)C2=O,0,0.021395,0.023492,0.007450
C[C@@H]1CCCCO[C@@H](CN(C)Cc2ccncc2)[C@H](C)CN([C@H](C)CO)C(=O)c2cc(ccc2O1)NC(=O)c1ccccc1,0,0.001444,0.021962,0.003669
OCC(O)C(O)CO,0,0.000441,0.106124,0.052053
Cc1ccc2nccc(c2c1)C(=O)N1CCC[C@H](C1)Cn1cc(nn1)C(C)(C)N,0,0.829744,0.059809,0.070089
COc1ccc(cc1)S(=O)(=O)N(C)C[C@H]1OCCCC[C@@H](C)Oc2ccc(cc2C(=O)N(C[C@@H]1C)[C@H](C)CO)NC(=O)Nc1c(noc1C)C,0,0.013651,0.023331,0.004603
C=CC1CN2CCC1CC2C(O)c1ccnc2ccc(OC)cc12,0,0.548854,0.083199,0.041509
C[C@@H]1CN([C@@H](C)CO)C(=O)Cc2cc(ccc2O[C@@H]1CN(C)Cc1ccc(cc1)-c1ccccc1)NS(=O)(=O)c1ccc(cc1)Cl,0,0.007197,0.025480,0.007064
O=C1CCC(=O)N1CNc1ccccn1,0,0.005610,0.067638,0.021141
CCOC(=O)CC/C=C\C/C=C\C/C=C\C/C=C\C/C=C\C/C=C\CC,0,0.000023,0.136495,0.116411
C[C@@H]1CN([C@H](C)CO)C(=O)c2cccc(c2O[C@H]1CN(C)Cc1ccc2c(c1)OCO2)NC(=O)c1ccc(cc1)-c1nccs1,0,0.004349,0.021596,0.005061
C[C@@H]1CCCCO[C@@H](CN(C)Cc2ccncc2)[C@@H](C)CN([C@H](C)CO)C(=O)c2cc(ccc2O1)NC(=O)c1ccccc1,0,0.001444,0.021962,0.003669
C[C@@H](O)[C@@H](O)[C@@H](O)C/C=N/NC(=O)CCCCC(=O)NO,0,0.002241,0.057100,0.043476
C[C@H]1CN([C@@H](C)CO)C(=O)c2cc(cnc2O[C@H]1CN(C)C(=O)c1ccc2c(c1)OCO2)Br,0,0.007617,0.033026,0.011550
C[C@@H]1CCCCO[C@@H](CN(C)Cc2ccc3c(c2)OCO3)[C@@H](C)CN([C@H](C)CO)C(=O)c2cc(ccc2O1)NC(=O)Nc1c(noc1C)C,0,0.019534,0.025426,0.006327
COC(=O)/C=C/C(=O)OC,0,0.001616,0.044561,0.039065
Cc1ccc(cc1)S(=O)(=O)NCC[C@H]1CC[C@@H](NS(=O)(=O)c2ccccc2Cl)[C@@H](CO)O1,0,0.113415,0.038520,0.014089
OC[C@@H]1O[C@H](CC(=O)NCCCN2CCOCC2)C=C[C@H]1NC(=O)Nc1cc(ccc1F)F,0,0.345139,0.359533,0.260840
CCOC(=O)c1cc2c(c(n1)-c1cccc(c1)Br)[C@@H](CCOC)N(C2)[S@](=O)C(C)(C)C,0,0.540646,0.428386,0.329059
CC(=O)C1(O)CCC2C3C=C(Cl)C4=CC(=O)C5CC5C4(C)C3CCC21C,0,0.696718,0.163019,0.074241
COc1ccc(cc1)CN(C)C[C@@H]1OCCCC[C@@H](C)Oc2ccc(cc2C(=O)N(C[C@@H]1C)[C@H](C)CO)NS(=O)(=O)c1c(noc1C)C,0,0.004414,0.025357,0.005917
O=S1(=O)CC=CC1,0,0.008417,0.133667,0.086275
C[C@H]1CN([C@H](C)CO)C(=O)c2cc(ccc2O[C@@H]1CN(C)C(=O)Nc1ccc2c(c1)OCO2)NC(=O)Nc1cccc2ccccc12,0,0.012974,0.022207,0.005381
OC(=O)CCNC(=O)c1cccc(c1)[N+](=O)[O-],0,0.125780,0.162452,0.130969
C[C@@H]1CN([C@H](C)CO)C(=O)c2cc(ccc2O[C@@H]1CN(C)CC1CC1)NC(=O)CCN1CCOCC1,0,0.017873,0.029193,0.006479
OCCCOc1ccc(cc1)C1=N[C@](CCS(=O)(=O)c2ccccc2)([C@H](O1)c1ccccc1)C(=O)NC[C@@H](O)CO,0,0.017927,0.081526,0.079340
COCC(=O)N(C)C[C@H]1Oc2cc(ccc2S(=O)(=O)N(C[C@H]1C)[C@H](C)CO)-c1ccc(cc1)OC,0,0.048062,0.027396,0.010996
CN(C)CC(=O)N[C@H]1CC[C@@H](CCNS(=O)(=O)c2ccccc2)O[C@H]1CO,0,0.057918,0.028773,0.008826
C[C@H]1CCCCO[C@H](CN(C)C(=O)C2CCCCC2)[C@@H](C)CN([C@@H](C)CO)C(=O)c2cc(ccc2O1)NS(=O)(=O)c1ccccc1,0,0.002041,0.024265,0.004669
C[C@H]1CCCCO[C@H](CN(C)Cc2ccc(c(c2)Cl)Cl)[C@@H](C)CN([C@H](C)CO)C(=O)c2cc(ccc2O1)NS(=O)(=O)c1ccc(cc1)C,0,0.015320,0.024447,0.004475
Cn1cnc(c1)S(=O)(=O)N1C[C@H](O)COC[C@@H]2O[C@@H](CC[C@H]21)CC(=O)N1CCN(CC1)c1ccccc1,0,0.162845,0.030884,0.008005
C[C@@H]1CN([C@H](C)CO)C(=O)c2cccc(c2O[C@@H]1CN(C)Cc1ccc(c(c1)Cl)Cl)NC(=O)Nc1ccc(cc1)C(F)(F)F,0,0.912617,0.164056,0.065663
C[C@H]1CCCCO[C@H](CN(C)C(=O)Nc2ccc(cc2)F)[C@@H](C)CN([C@H](C)CO)C(=O)c2cc(ccc2O1)NC(=O)CCCN(C)C,0,0.085012,0.027309,0.007140
COc1ccc(cc1)S(=O)(=O)N(C)C[C@@H]1OCCCC[C@H](C)Oc2ccc(cc2C(=O)N(C[C@@H]1C)[C@H](C)CO)NC(=O)Nc1ccc(cc1)C(F)(F)F,0,0.192463,0.152851,0.011019
COc1ccc(cc1)NC(=O)Nc1cccc2c1O[C@@H](CN(C)Cc1ccc(cc1)-c1ccccc1)[C@H](C)CN([C@@H](C)CO)C2=O,0,0.054556,0.025607,0.009093
Cc1nccc2c1[nH]c1ccccc12,0,0.093809,0.096542,0.124283
C[C@H]1CCCCO[C@H](CN(C)S(=O)(=O)c2cccs2)[C@H](C)CN([C@H](C)CO)C(=O)c2cc(ccc2O1)NC(=O)Nc1ccc(cc1)C(F)(F)F,0,0.073265,0.046274,0.009829
C[C@@H]1CN([C@@H](C)CO)S(=O)(=O)c2ccc(cc2O[C@@H]1CN(C)Cc1ccc(cc1)F)C#CCN(C)C,0,0.235503,0.048427,0.012820
C[C@H]1CN([C@@H](C)CO)C(=O)c2cccc(c2O[C@H]1CN(C)Cc1ccc(c(c1)Cl)Cl)NC(=O)Nc1ccccc1,0,0.213254,0.160548,0.039826
CC(C)CC#Cc1ccc2c(c1)O[C@H](CN(C)C(=O)c1cccnc1)[C@@H](C)CN([C@H](C)CO)S2(=O)=O,0,0.044818,0.026665,0.005151
O=C(c1ccc(F)cc1)C1CCN(CCn2c(=O)[nH]c3ccccc3c2=O)CC1,0,0.987838,0.268500,0.234211
C[C@H]1CCCCO[C@H](CN(C)S(=O)(=O)c2cccs2)[C@@H](C)CN([C@@H](C)CO)C(=O)c2cc(ccc2O1)NC(=O)Cc1ccccc1,0,0.000807,0.023366,0.003785
C[C@H]1CN([C@H](C)CO)C(=O)Cc2cc(ccc2O[C@@H]1CN(C)Cc1ccc(c(c1)Cl)Cl)NC(=O)Nc1ccc(cc1)F,0,0.253816,0.039544,0.016771
CC[N+](C)(CC)CCOC(=O)C(O)(c1ccccc1)C1CCCCC1.[Br-],0,0.857151,0.375819,0.316071
N[C@@H]([C@@H](O)C(=O)O)C(=O)O,0,0.014486,0.039437,0.038329
C[C@H](O)C#Cc1cnc2c(c1)C(=O)N(C[C@@H](C)[C@@H](CN(C)Cc1cncnc1)O2)[C@@H](C)CO,0,0.045965,0.038258,0.014664
OC(=O)[C@H]1CC[C@@]2(C1)NC(=O)NC2=O,0,0.010051,0.059199,0.039109
CC(C)NC(=O)Nc1ccc2c(c1)CC(=O)N(C[C@H](C)[C@H](CN(C)S(=O)(=O)c1ccc(cc1)Cl)O2)[C@@H](C)CO,0,0.022601,0.025677,0.006731
Clc1ccc(cn1)Cn1cccc1,0,0.101123,0.240345,0.102291
COCC(=O)N[C@H]1C=C[C@H](CC(=O)N2CCCCC2)O[C@H]1CO,0,0.042598,0.034047,0.008019
C[C@H]1CN([C@@H](C)CO)C(=O)c2cc(ccc2O[C@H]1CN(C)S(=O)(=O)c1ccc(cc1)C)NS(=O)(=O)c1ccccc1,0,0.005762,0.023161,0.006117
CCSC1=C(C#N)C(=O)N[C@@H](CO)S1,0,0.032371,0.158280,0.128134
CCCNC(=O)N1C[C@H](O)COC[C@@H]2O[C@@H](CC[C@H]21)CC(=O)N1CCN(C)CC1,0,0.633512,0.041585,0.022587
COc1ccc(cc1)NC(=O)N(C)C[C@H]1Oc2c(cccc2C(=O)N(C[C@@H]1C)[C@H](C)CO)NC(=O)C1CCOCC1,0,0.044136,0.022482,0.004831
C[C@@H]1CCCCO[C@@H](CN(C)S(=O)(=O)c2ccc(cc2)F)[C@H](C)CN([C@@H](C)CO)C(=O)c2cc(ccc2O1)NC(=O)Cc1ccccc1,0,0.004061,0.023390,0.005551
C[C@@H]1CCCCO[C@@H](CN(C)C(=O)Nc2cccc3ccccc23)[C@@H](C)CN([C@H](C)CO)C(=O)c2cc(ccc2O1)NC(=O)Nc1ccc2c(c1)OCO2,0,0.010618,0.022721,0.004995
COCCCNC(=O)[C@]1(CC(=O)N(Cc2ccccc2C(F)(F)F)[C@@H]1c1ccc(cc1)CO)Sc1ccc(cc1)C,0,0.886387,0.340827,0.250579
NS(=O)(=O)c1ccc(cc1)CCN1C=CN(CC(=O)NCCC2=CCCCC2)C(=O)C1=O,0,0.000032,0.056785,0.025334
CCc1cc(c(cc1N1CCC(CC1)N1CCN(CC1)S(=O)(=O)C)OC)Nc1nccc(n1)-c1c(nc2ccccn12)-c1ccc(c(c1)C(=O)Nc1c(cccc1F)F)OC,0,0.185202,0.033289,0.015350
CCn1nc(C(=O)O)c(=O)c2cc3c(cc21)OCO3,0,0.348224,0.394564,0.340940
COc1ccc(cc1)CN(C)C[C@@H]1OCCCC[C@H](C)Oc2ccc(cc2C(=O)N(C[C@@H]1C)[C@@H](C)CO)NS(=O)(=O)c1ccc(cc1)Cl,0,0.008483,0.023262,0.004912
COc1ccc(cc1)NC(=O)N(C)C[C@@H]1OCCCC[C@@H](C)Oc2ccc(cc2C(=O)N(C[C@@H]1C)[C@H](C)CO)NC(=O)Nc1cccc2ccccc12,0,0.020163,0.023585,0.003912
C[C@@H]1CN([C@H](C)CO)C(=O)c2cccc(c2O[C@H]1CN(C)S(=O)(=O)c1cccs1)NS(=O)(=O)c1ccc(cc1)C,0,0.006369,0.027265,0.006541
COc1ccc(cc1)NC(=O)Nc1ccc2c(c1)C(=O)N(C[C@H](C)[C@H](CN(C)C(=O)Nc1cccc3ccccc13)O2)[C@@H](C)CO,0,0.020016,0.023092,0.006794
COc1ccc(cc1)S(=O)(=O)N(C)C[C@H]1OCCCC[C@@H](C)Oc2ccc(cc2C(=O)N(C[C@H]1C)[C@@H](C)CO)NS(=O)(=O)C,0,0.006195,0.023558,0.005343
CN([C@H]1C(=O)C(=O)c2ccccc2C1=O)C(=O)C,0,0.888819,0.205371,0.148376
C[C@@H]1CN([C@H](C)CO)S(=O)(=O)c2ccc(cc2O[C@H]1CN(C)C(=O)CN1CCOCC1)/C=C/c1ccccc1,0,0.003554,0.027305,0.006938
CC(C)c1cc(c(cc1O)C)Cl,0,0.611667,0.510361,0.238209
C[C@@H]1CN([C@@H](C)CO)C(=O)Cc2cc(ccc2O[C@@H]1CN(C)Cc1ccc(cc1)Oc1ccccc1)NC(=O)Cc1ccccc1,0,0.002501,0.025926,0.008348
COC(=O)C(CC#Cc1ccc2c(c1)[C@]1([C@H]([C@H]3N([C@@H]([C@@H](OC3=O)c3ccccc3)c3ccccc3)[C@H]1c1ccc(cc1)O)C(=O)NC[C@H](O)c1ccccc1)C(=O)N2)C(=O)OC,0,0.194166,0.111117,0.061186
C[C@H]1CCCCO[C@H](CN(C)S(=O)(=O)c2ccc(cc2)C)[C@@H](C)CN([C@H](C)CO)C(=O)c2cc(ccc2O1)NC(=O)CCC(F)(F)F,0,0.035747,0.024746,0.005354
COc1ccc(cc1)S(=O)(=O)Nc1ccc2c(c1)C(=O)N(C[C@H](C)[C@@H](CN(C)Cc1ccc(c(c1)Cl)Cl)OCCCC[C@H](C)O2)[C@H](C)CO,0,0.020029,0.023944,0.004640
C[C@@H]1CCCCO[C@H](CN(C)S(=O)(=O)c2ccc(cc2)C)[C@@H](C)CN([C@H](C)CO)C(=O)c2cc(ccc2O1)NC(=O)NC1CCCCC1,0,0.009044,0.024213,0.004622
C[C@H]1CN([C@@H](C)CO)C(=O)Cc2cc(ccc2O[C@H]1CN(C)C(=O)Nc1c(noc1C)C)NC(=O)C1CC1,0,0.017718,0.023668,0.006383
OC(c1ccc(c(c1)F)-c1ccc(cc1)CN1CCN(CC1)Cc1ccncc1)(C(F)(F)F)C(F)(F)F,0,0.324452,0.420641,0.428081
C[C@@H]1CN([C@@H](C)CO)C(=O)c2cc(ccc2O[C@H]1CN(C)Cc1ccc(cc1)Oc1ccccc1)NC(=O)C1CCCCC1,0,0.011526,0.035414,0.012711
C[C@@H]1CN(C)S(=O)(=O)CCO1,0,0.000298,0.046227,0.007242
COCCCNC(=O)[C@]1(CC(=O)N(Cc2ccccc2Cl)[C@@H]1c1ccc(cc1)CO)Sc1ccc(cc1)C,0,0.658101,0.334742,0.247527
C[C@@H]1CCCCO[C@H](CN(C)C(=O)Cc2ccccc2)[C@@H](C)CN([C@H](C)CO)C(=O)c2cc(ccc2O1)NC(=O)c1ccccc1,0,0.000488,0.021845,0.004164
C[C@@H]1CN([C@H](C)CO)C(=O)Cc2cc(ccc2O[C@H]1CN(C)S(=O)(=O)c1cn(cn1)C)NC(=O)Nc1ccc2c(c1)OCO2,0,0.002926,0.023844,0.004527
CO[C@H]1O[C@H](CO)[C@@H](OC(=O)Nc2ccc(cc2)Oc2ccccc2)[C@H](OC(=O)Nc2ccccc2)[C@H]1OC(=O)Nc1ccccc1,0,0.037186,0.100009,0.085173
CC(C)c1c(O)ccc2c1CCC1C(C)(C=O)CCCC21C,0,0.967347,0.600135,0.543359
CC(C)NC(=O)N(C)C[C@@H]1Oc2ccc(cc2CC(=O)N(C[C@H]1C)[C@@H](C)CO)NC(=O)Cc1ccccc1,0,0.004217,0.023713,0.011506
OCc1ccc(cc1)CO[C@H]1C[C@H](C=C(O1)C(=O)N1CCN(CC1)Cc1ccc2c(c1)OCO2)c1ccc-2c(c1)Cc1ccccc12,0,0.011851,0.078433,0.049371
C[C@@H]1CN([C@@H](C)CO)C(=O)Cc2cc(ccc2O[C@H]1CN(C)Cc1ccc(c(c1)Cl)Cl)NC(=O)Nc1c(noc1C)C,0,0.138343,0.043298,0.009935
CN(C)CCCNC(=O)[C@H]1[C@H](CO)[C@H]2CN3C(=O)C(=CC=C3[C@@H]1N2C(=O)C1CC1)c1ccncc1,0,0.209552,0.047612,0.015298
COc1ccc(cc1)S(=O)(=O)Nc1ccc2c(c1)CC(=O)N(C[C@H](C)[C@@H](CN(C)C(=O)Nc1c(noc1C)C)O2)[C@H](C)CO,0,0.004474,0.023293,0.004954
C[C@H]1CN([C@H](C)CO)C(=O)c2cc(ccc2O[C@@H]1CN(C)Cc1ccc(cc1)C(=O)Nc1ccccc1N)NS(=O)(=O)C,0,0.003511,0.024529,0.005386
CN(C)CCCNC(=O)C[C@@H]1CC[C@@H](NS(=O)(=O)c2ccccc2)[C@H](CO)O1,0,0.041859,0.031502,0.010048
C[C@H]1CCCCO[C@H](CN(C)C(=O)Nc2c(noc2C)C)[C@@H](C)CN([C@H](C)CO)C(=O)c2cc(ccc2O1)NS(=O)(=O)c1ccc(cc1)F,0,0.021495,0.024011,0.005713
COc1ccc(cc1)S(=O)(=O)N(C)C[C@H]1Oc2c(cccc2C(=O)N(C[C@@H]1C)[C@@H](C)CO)NS(=O)(=O)c1c(noc1C)C,0,0.015403,0.029456,0.008165
C[C@H]1CN([C@H](C)CO)C(=O)c2cc(ccc2O[C@@H]1CN(C)Cc1ccc(cc1)Oc1ccccc1)NC(=O)Nc1ccc(cc1)C(F)(F)F,0,0.223837,0.280594,0.175529
COc1ccc(cc1)NC(=O)Nc1ccc2c(c1)C(=O)N(C[C@H](C)[C@H](CN(C)Cc1ccc(cc1)C(F)(F)F)O2)[C@@H](C)CO,0,0.152872,0.048910,0.039067
C[C@H]1CCCCO[C@H](CN(C)C(=O)CCC(F)(F)F)[C@H](C)CN([C@H](C)CO)C(=O)c2cc(ccc2O1)NC(=O)NC1CCCCC1,0,0.057001,0.115436,0.079104
COc1ccc(cc1)-c1cnc2c(c1)C(=O)N(C[C@@H](C)[C@@H](CN(C)S(=O)(=O)c1ccc(cc1)OC)O2)[C@@H](C)CO,0,0.007556,0.026843,0.007188
CC(C)(C)[S@@](=O)N1Cc2cc(nc(c2[C@H]1CCO)CCN1CCOCC1)C(=O)NCc1ccc2c(c1)OCO2,0,0.001057,0.076316,0.028208
CC(=O)c1cccc(c1)S(=O)(=O)N1[C@@H]2CC[C@@H](C2)[C@H]1c1nc2cccc(c2[nH]1)OCc1ccc(cc1)F,0,0.779024,0.025972,0.022988
C[C@@H]1CCCCO[C@@H](CN(C)S(=O)(=O)c2ccccc2)[C@@H](C)CN([C@H](C)CO)C(=O)c2cc(ccc2O1)NC(=O)Nc1cccc2ccccc12,0,0.003872,0.023837,0.004039
C[C@H]1CN([C@H](C)CO)C(=O)c2cc(ccc2O[C@@H]1CN(C)Cc1ccc(cc1)C(=O)Nc1ccccc1N)NC(=O)CCC(F)(F)F,0,0.121604,0.032277,0.020596
C[C@H]1CN([C@H](C)CO)C(=O)Cc2cc(ccc2O[C@@H]1CN(C)S(=O)(=O)c1cn(cn1)C)NC(=O)Cn1cnnn1,0,0.012843,0.023946,0.004736
COc1ccc(cc1)NC(=O)Nc1cccc2c1O[C@H](CN(C)S(=O)(=O)c1cn(cn1)C)[C@H](C)CN([C@H](C)CO)C2=O,0,0.053862,0.023359,0.004197
CC(C)NC(=O)Nc1ccc2c(c1)C(=O)N(C[C@H](C)[C@H](CN(C)S(=O)(=O)c1ccc(cc1)Cl)O2)[C@@H](C)CO,0,0.080121,0.023908,0.008756
CC(C)CC#Cc1ccc2c(c1)O[C@H](CN(C)S(=O)(=O)c1ccc(cc1)F)[C@H](C)CN([C@H](C)CO)S2(=O)=O,0,0.127434,0.033226,0.008702
C[C@H]1CN([C@@H](C)CO)S(=O)(=O)c2ccc(cc2O[C@@H]1CN(C)S(=O)(=O)C)C#CCN(C)C,0,0.087681,0.022496,0.007824
N[C@@H](CCCNC(=O)N)C(=O)O,0,0.008269,0.026566,0.011285
C/C=C/c1ccc2c(c1)O[C@@H](CN(C)C(=O)c1ccc3c(c1)OCO3)[C@H](C)CN([C@@H](C)CO)S2(=O)=O,0,0.003506,0.024282,0.006095
CN(C[C@H]1C[C@@H](O[C@@H](O1)c1ccc(cc1)NC(=O)CCCCCCC(=O)O)c1ccccc1)Cc1ccccc1,0,0.846079,0.267567,0.247091
C[C@@H]1CN([C@@H](C)CO)C(=O)c2cccc(c2O[C@H]1CN(C)Cc1ccncc1)NS(=O)(=O)c1ccccc1,0,0.001807,0.025176,0.005398
C[C@H]1CCCCO[C@@H](CN(C)CC2CCCCC2)[C@@H](C)CN([C@@H](C)CO)C(=O)c2cc(ccc2O1)NC(=O)Nc1ccc(cc1)C(F)(F)F,0,0.743618,0.361023,0.214317
C[C@@H]1CCCCO[C@H](CN(C)Cc2ccc(cc2)C(F)(F)F)[C@H](C)CN([C@H](C)CO)C(=O)c2cc(ccc2O1)NS(=O)(=O)c1cccs1,0,0.025508,0.025564,0.005812
COc1ccc(cc1)NC(=O)N(C)C[C@H]1OCCCC[C@@H](C)Oc2ccc(cc2C(=O)N(C[C@@H]1C)[C@H](C)CO)NC(=O)C1CCCCC1,0,0.009829,0.023429,0.004760
O[C@@H]1COC[C@H]2O[C@@H](CC[C@@H]2N(C1)S(=O)(=O)c1ccc(cc1)F)CC(=O)O,0,0.465999,0.098178,0.021313
Cc1ccc(cc1)S(=O)(=O)N1C[C@@H](O)COC[C@H]2O[C@@H](CC[C@@H]21)CC(=O)N[C@H]1CCN(C1)Cc1ccccc1,0,0.160518,0.045250,0.010557
NC(=O)C1=CN=C2SCCN2C1=O,0,0.037529,0.045181,0.030188
C[C@@H]1CCCCO[C@@H](CN(C)Cc2ccc3c(c2)OCO3)[C@H](C)CN([C@H](C)CO)C(=O)c2cc(ccc2O1)NC(=O)Nc1ccc2c(c1)OCO2,0,0.003922,0.022841,0.004348
CC(C)(C)OC(=O)C[C@@H](CC=C)C(=O)OC[C@@H](NC(=O)[C@H](CC=C)CC(=O)NCCO)c1ccccc1,0,0.009299,0.068209,0.033093
COc1cc2c(cc1OC)CN(CC2)C(=O)[C@@H]1[C@@H]2N([C@H]([C@H](OC2=O)c2ccccc2)c2ccccc2)[C@H](c2ccc(cc2)O)[C@@]11C(=O)Nc2ccc(cc21)C#CC1(O)CCCCCC1,0,0.012281,0.069035,0.037151
CN1CCN(CC1)C(=O)C[C@H]1CC[C@H]2[C@@H](COC[C@H](O)CN2S(=O)(=O)c2cccc(c2)C)O1,0,0.318543,0.040000,0.011129
C[C@H]1CCCCO[C@@H](CN(C)C(=O)Nc2c(noc2C)C)[C@H](C)CN([C@H](C)CO)C(=O)c2cc(ccc2O1)NC(=O)Cc1ccccc1,0,0.014734,0.023472,0.004791
CC(=O)OC1CC2C(C)(C)C=CCC2(C)C2CCC3(C)C(c4ccoc4)OC(=O)C4OC43C12C,0,0.358879,0.116122,0.072426
C[C@H]1CCCCO[C@@H](CN(C)S(=O)(=O)c2ccccc2)[C@H](C)CN([C@H](C)CO)C(=O)c2cc(ccc2O1)NC(=O)Nc1ccc(cc1)C(F)(F)F,0,0.127294,0.031912,0.008199
CCCNC(=O)C[C@H]1CC[C@@H]2[C@H](COc3ccc(cc3C(=O)N2C)NS(=O)(=O)c2ccccc2C)O1,0,0.005255,0.024774,0.009356
C[C@H]1CN([C@@H](C)CO)C(=O)c2cccc(c2O[C@@H]1CN(C)C(=O)Nc1ccc(cc1)F)NS(=O)(=O)c1cn(cn1)C,0,0.257743,0.025545,0.007695
OC[C@H]1O[C@@H](S[C@@H]2O[C@H](CO)[C@H](O)[C@@H]([C@H]2O)n2cc(nn2)-c2cccc(c2)F)[C@H](O)[C@H]([C@H]1O)n1cc(nn1)-c1cccc(c1)F,0,0.997504,0.219273,0.330579
COC(=O)[C@@]1(Cc2ccccc2N=[N+]=[N-])N=C(O[C@H]1c1ccccc1CN=[N+]=[N-])c1ccc(cc1)OCCCO,0,0.912327,0.109302,0.078940
CC(C)NC(=O)Nc1ccc2c(c1)C(=O)N(C[C@H](C)[C@@H](CN(C)C(=O)Nc1ccc(cc1)C(F)(F)F)OCCCC[C@@H](C)O2)[C@H](C)CO,0,0.530455,0.094775,0.077469
COc1ccc(cc1)S(=O)(=O)Nc1ccc2c(c1)CC(=O)N(C[C@@H](C)[C@H](CN(C)S(=O)(=O)c1c(noc1C)C)O2)[C@@H](C)CO,0,0.004074,0.025764,0.006686
C[C@H](COC(=O)[C@H](CC=C)CC(=O)OC(C)(C)C)NC(=O)[C@@H](CC=C)CC(=O)N[C@H](CO)Cc1ccccc1,0,0.004457,0.042081,0.023372
C[C@@H]1CCCCO[C@@H](CN(C)C(=O)Nc2ccc(cc2)C(F)(F)F)[C@H](C)CN([C@H](C)CO)C(=O)c2cc(ccc2O1)NS(=O)(=O)c1cn(cn1)C,0,0.399613,0.883473,0.918595
COc1ccc(cc1)S(=O)(=O)Nc1ccc2c(c1)C(=O)N(C[C@H](C)[C@@H](CN(C)S(=O)(=O)C)OCCCC[C@@H](C)O2)[C@H](C)CO,0,0.005015,0.023353,0.005910
C[C@H]1CCCCO[C@H](CN(C)CC2CCCCC2)[C@H](C)CN([C@H](C)CO)C(=O)c2cc(ccc2O1)NC(=O)Cc1ccccc1,0,0.025512,0.027043,0.009185
O=C1NCC2(CNC2)O1,0,0.000012,0.050422,0.017822
C[C@H]1CN([C@@H](C)CO)C(=O)c2cccc(c2O[C@H]1CN(C)C(=O)Nc1ccc2c(c1)OCO2)NC(=O)Nc1ccc(cc1)C(F)(F)F,1,0.550496,0.459929,0.788642
C[C@@H]1CCCCO[C@H](CN(C)S(=O)(=O)c2ccc(cc2)Cl)[C@@H](C)CN([C@@H](C)CO)C(=O)c2cc(ccc2O1)NC(=O)Nc1ccc(cc1)C(F)(F)F,0,0.449230,0.096862,0.008839
CC(C)NC(=O)N(C)C[C@H]1Oc2ccc(cc2CC(=O)N(C[C@H]1C)[C@H](C)CO)NC(=O)CCN1CCOCC1,0,0.001652,0.025607,0.006822
COc1ccccc1S(=O)(=O)N[C@@H]1C=C[C@@H](CC(=O)N2CCOCC2)O[C@@H]1CO,0,0.008706,0.039726,0.008884
COc1ccc(cc1)NC(=O)Nc1ccc2c(c1)CC(=O)N(C[C@@H](C)[C@H](CN(C)C(=O)Nc1cccc3ccccc13)O2)[C@H](C)CO,0,0.009221,0.024388,0.005069
C[C@@H]1CCCCO[C@@H](CN(C)Cc2ccc(cc2)C(F)(F)F)[C@H](C)CN([C@@H](C)CO)C(=O)c2cc(ccc2O1)NC(=O)Nc1ccc(cc1)C(F)(F)F,0,0.768906,0.038422,0.016114
Nc1ccon1,0,0.006612,0.071580,0.025877
O/N=C/c1ccccc1C(F)(F)F,0,0.954481,0.275972,0.227942
COc1ccc2c3c([nH]c2c1)[C@@H](CO)N(C[C@]13CN(CC2CCCCC2)C1)S(=O)(=O)c1cn(cn1)C,0,0.100470,0.027888,0.012852
COC1=C(OC)C(=O)C(=C(C)C1=O)CCCCCCCCCC[P+](c1ccccc1)(c1ccccc1)c1ccccc1,0,0.999622,0.663179,0.502442
C=CCNC1=NS(=O)(=O)c2ccccc21,0,0.011439,0.024877,0.009314
COc1cccc(c1)-c1ccc2c(c1)O[C@H](CN(C)C(=O)C1CC1)[C@@H](C)CN([C@@H](C)CO)S2(=O)=O,0,0.023982,0.026080,0.006943
NC(=O)CCC(N)C(=O)O,0,0.007786,0.026696,0.015245
COc1ccc(cc1)S(=O)(=O)N(C)C[C@@H]1Oc2ncc(cc2C(=O)N(C[C@@H]1C)[C@H](C)CO)C#CC1(O)CCCC1,0,0.018235,0.026633,0.006046
COc1ccc(cc1)CN(C)C[C@H]1OCCCC[C@H](C)Oc2ccc(cc2C(=O)N(C[C@H]1C)[C@H](C)CO)NC(=O)Nc1cccc2ccccc12,0,0.030235,0.030022,0.007138
CC(C)NC(=O)N[C@H]1C=C[C@H](CC(=O)O)O[C@H]1CO,0,0.047820,0.024080,0.018265
CO[C@H](CN(C)S(=O)(=O)c1cccc(c1)Cl)[C@H](C)CN([C@@H](C)CO)S(=O)(=O)c1cccc(c1)Cl,0,0.284875,0.124874,0.015085
CCCNC(=O)c1cc2c(c(n1)-c1cccc(c1)-c1cc3ccccc3o1)[C@@H](CCO)N(C2)C(=O)NC(C)C,0,0.007244,0.084492,0.033208
CCc1c(nnn1-c1nonc1N)C(=O)OC,0,0.300448,0.041382,0.071337
C[C@@H]1CN([C@H](C)CO)C(=O)c2cccc(c2O[C@@H]1CN(C)S(=O)(=O)C)NC(=O)Nc1ccc(cc1)C(F)(F)F,0,0.456941,0.391004,0.124849
C[C@H]1CCCCO[C@@H](CN(C)Cc2ccncc2)[C@@H](C)CN([C@H](C)CO)C(=O)c2cc(ccc2O1)NC(=O)Cc1ccccc1,0,0.002748,0.021941,0.004408
C[C@H]1CN([C@H](C)CO)C(=O)Cc2cc(ccc2O[C@@H]1CN(C)S(=O)(=O)c1cn(cn1)C)NS(=O)(=O)c1ccccc1,0,0.001769,0.023536,0.004813
C[C@H]1CN([C@@H](C)CO)C(=O)Cc2cc(ccc2O[C@@H]1CN(C)Cc1ccc(cc1)C(=O)O)NS(=O)(=O)c1c(noc1C)C,0,0.012583,0.027008,0.007005
C[C@H]1CN([C@H](C)CO)C(=O)c2c(c3ccccc3n2C)-c2ccccc2CO[C@@H]1CN(C)C(=O)[C@@H](C)c1ccccc1,0,0.020428,0.029040,0.014805
C[C@@H](O)CCCCN1C(=O)N(C)c2ncn(c2C1=O)C,0,0.228900,0.146007,0.041760
COc1ccc(cc1)NC(=O)Nc1ccc2c(c1)C(=O)N(C[C@@H](C)[C@H](CN(C)Cc1ccc(cc1)C(F)(F)F)OCCCC[C@@H](C)O2)[C@H](C)CO,0,0.134565,0.026137,0.007586
C[C@@H]1CCCCO[C@@H](CN(C)Cc2ccc(cc2)C(F)(F)F)[C@H](C)CN([C@@H](C)CO)C(=O)c2cc(ccc2O1)NS(=O)(=O)c1ccc(cc1)F,0,0.078365,0.026056,0.007633
CN1CCCN=C1C=Cc1cccc(O)c1.O=C(O)c1cc2ccccc2c(Cc2c(O)c(C(=O)O)cc3ccccc23)c1O,0,0.203530,0.594285,0.313752
C[C@H]1CCCCO[C@H](CN(C)CC2CCCCC2)[C@@H](C)CN([C@H](C)CO)C(=O)c2cc(ccc2O1)NS(=O)(=O)c1ccc(cc1)Cl,0,0.048954,0.031075,0.007775
Cc1ccc(cc1)S(=O)(=O)Oc1ccc(cc1)/N=N/c1ccc(cc1C)-c1ccc(c(c1)C)/N=N/c1c(ccc2cc(cc(c12)S(=O)(=O)O)S(=O)(=O)O)O,0,0.000000,0.374177,0.144575
C[C@@H]1CCCCO[C@H](CN(C)S(=O)(=O)c2cccs2)[C@H](C)CN([C@H](C)CO)C(=O)c2cc(ccc2O1)NC(=O)C1CCCCC1,0,0.001758,0.023685,0.004362
C[C@@H]1CCCCO[C@H](CN(C)C(=O)CCCN(C)C)[C@@H](C)CN([C@H](C)CO)C(=O)c2cc(ccc2O1)NS(=O)(=O)c1cn(cn1)C,0,0.023901,0.022923,0.004358
C[C@@H](O)C#Cc1cnc2c(c1)C(=O)N(C[C@H](C)[C@H](CN(C)Cc1cncnc1)O2)[C@@H](C)CO,0,0.045965,0.038258,0.014664
NCCOc1cccc(c1)Cl,0,0.317403,0.077416,0.041736
COc1cc2c(ccnc2cc1OCCCN1CCOCC1)Oc1ccc(cc1F)NC(=O)C1(CC1)C(=O)Nc1ccc(cc1)F,0,0.041817,0.512869,0.152640
OC[C@@H]1CN(CCN2CCOCC2)C[C@@H](O1)n1cnc2c(ncnc12)NC1CCC1,0,0.243206,0.180067,0.036955
C[C@H]1CCCCO[C@H](CN(C)CC2CC2)[C@@H](C)CN([C@@H](C)CO)C(=O)c2cc(ccc2O1)NC(=O)Nc1ccc2c(c1)OCO2,0,0.034201,0.025872,0.006486
C[C@@H]1CCCCO[C@H](CN(C)C(=O)Nc2ccc(cc2)C(F)(F)F)[C@@H](C)CN([C@H](C)CO)C(=O)c2cc(ccc2O1)NC(=O)NC1CCCCC1,0,0.411177,0.090466,0.044987
CO[C@@H]1CN(C)C(=O)c2cc(ccc2OC[C@H](C)N(C[C@@H]1C)C(=O)C1CCOCC1)NC(=O)C1CC1,0,0.026867,0.026232,0.008645
OC[C@H]1[C@@H]2CN3C(=O)C=CC=C3[C@H]([C@@H]1C(=O)NCCN1CCCC1)N2C(=O)NC1CCCC1,0,0.161120,0.054088,0.034043
C[C@H]1CCCCO[C@@H](CN(C)C(=O)Nc2cccc3ccccc23)[C@H](C)CN([C@@H](C)CO)C(=O)c2cc(ccc2O1)NC(=O)c1ccccc1,0,0.004545,0.021642,0.004404
CO[C@@H]1CN(C)C(=O)c2cc(ccc2OC[C@H](C)N(C[C@H]1C)Cc1ccc(cc1)-c1ccccn1)NC(=O)NC(C)C,0,0.012969,0.030917,0.019012
C[C@@H]1CCCCO[C@H](CN(C)S(=O)(=O)c2cccs2)[C@@H](C)CN([C@@H](C)CO)C(=O)c2cc(ccc2O1)NS(=O)(=O)c1cn(cn1)C,0,0.006068,0.024605,0.004667
COc1ccc(cc1)S(=O)(=O)Nc1cccc2c1O[C@H](CN(C)S(=O)(=O)c1ccccc1)[C@H](C)CN([C@H](C)CO)C2=O,0,0.012926,0.025300,0.008224
C[C@@H]1CN([C@@H](C)CO)C(=O)Cc2cc(ccc2O[C@H]1CN(C)C)NS(=O)(=O)c1cn(cn1)C,0,0.012875,0.022940,0.006047
COc1ccc2[n+](c3c([n+](c2c1)[O-])CCC3)[O-],0,0.000544,0.183236,0.132426
COC(=O)C[C@@H]1CC[C@H]2[C@@H](COC[C@@H](O)CN2S(=O)(=O)c2ccccc2C)O1,0,0.117419,0.025570,0.012983
CCS(=O)(=O)Nc1ccc2c(c1)C(=O)N(C)[C@H]1CC[C@@H](CC(=O)NCc3ccc(cc3)OC)O[C@H]1CO2,0,0.007918,0.024687,0.007158
C[C@H]1CN([C@H](C)CO)C(=O)c2cccc(c2O[C@@H]1CN(C)Cc1ccc(cc1)-c1ccccc1)NS(=O)(=O)c1ccccc1,0,0.006878,0.037684,0.007401
C[C@H]1CN([C@@H](C)CO)C(=O)c2cccc(c2O[C@H]1CN(C)Cc1ccc(cc1)-c1ccccc1)NS(=O)(=O)c1ccccc1,0,0.006878,0.037684,0.007401
OC[C@H]1O[C@@H](CC(=O)N2CCC(CC2)Cc2ccccc2)C=C[C@H]1NS(=O)(=O)c1ccc(cc1)F,0,0.080566,0.031577,0.013747
C[C@@H]1CCCCO[C@H](CN(C)S(=O)(=O)c2cccs2)[C@@H](C)CN([C@H](C)CO)C(=O)c2cc(ccc2O1)NS(=O)(=O)C,0,0.002080,0.023824,0.004775
COc1cccc(O)c1O,0,0.485229,0.141725,0.080525
CCc1nnc([nH]1)SCC(=O)OC,0,0.281244,0.049652,0.033837
C[C@H]1CCCCO[C@@H](CN(C)S(=O)(=O)c2c(noc2C)C)[C@@H](C)CN([C@H](C)CO)C(=O)c2cc(ccc2O1)N(C)C,0,0.014707,0.023689,0.006187
C[C@@H]1CN([C@@H](C)CO)C(=O)c2cccc(c2O[C@@H]1CN(C)Cc1ccc(cc1)Oc1ccccc1)NS(=O)(=O)c1ccc(cc1)Cl,0,0.007604,0.034363,0.008892
C[C@H]1CN([C@@H](C)CO)S(=O)(=O)c2ccc(cc2O[C@H]1CN(C)C(=O)Cc1cccnc1)-c1cncnc1,0,0.011277,0.025762,0.004631
C[C@@H]1CN([C@@H](C)CO)C(=O)c2c(c3ccccc3n2C)-c2ccccc2CO[C@H]1CN(C)Cc1cccc(c1)C(=O)O,0,0.254341,0.509124,0.462836
C[C@H]1CN([C@@H](C)CO)C(=O)c2ccccc2-c2ccccc2CO[C@H]1CN(C)Cc1ccc(cc1)Oc1ccccc1,0,0.029216,0.043060,0.033608
C[C@H]1CN([C@H](C)CO)C(=O)c2cccc(c2O[C@H]1CN(C)Cc1ccc(cc1)C(=O)O)NC(=O)C1CC1,0,0.156032,0.074785,0.035955
C[C@@H]1CN([C@H](C)CO)C(=O)Cc2cc(ccc2O[C@@H]1CN(C)S(=O)(=O)c1ccccc1)NC(=O)Cc1ccccc1,0,0.000669,0.025205,0.005580
C[C@H]1CN(CCN1C(=O)c1ccccc1F)C(=O)CSc1nnc2c3ccccc3n(c2n1)Cc1cccc(c1)Cl,0,0.240279,0.275016,0.197205
C[C@@H]1CN([C@H](C)CO)C(=O)Cc2cc(ccc2O[C@@H]1CN(C)C(=O)Nc1ccc(cc1)C(F)(F)F)NC(=O)CCC(F)(F)F,0,0.609850,0.552585,0.399080
C[C@H]1CN([C@H](C)CO)C(=O)Cc2cc(ccc2O[C@@H]1CN(C)C(=O)Nc1cccc2ccccc12)NC(=O)Nc1c(noc1C)C,0,0.016150,0.023934,0.006531
CC1(C)OC(=O)N(CCCC(=O)O)[C@@]1(C)O,0,0.327924,0.087949,0.088124
COc1ccc(cc1)S(=O)(=O)Nc1ccc2c(c1)C(=O)N(C[C@H](C)[C@@H](CN(C)S(=O)(=O)c1cn(cn1)C)O2)[C@H](C)CO,0,0.019136,0.025536,0.005955
COc1ccc2c3c([nH]c2c1)[C@@H](CO)N(C[C@]13CCN(CCc2ccccc2)CC1)C(=O)CN1CCOCC1,0,0.301005,0.295892,0.180555
C[C@@H]1CN([C@@H](C)CO)C(=O)c2cccc(c2O[C@@H]1CN(C)Cc1ccc(cc1)C(=O)Nc1ccccc1N)NS(=O)(=O)c1ccc(cc1)Cl,0,0.006080,0.032985,0.006992
COCC#Cc1cnc2c(c1)C(=O)N(C[C@H](C)[C@@H](CN(C)S(=O)(=O)c1ccccc1)O2)[C@H](C)CO,0,0.027374,0.023669,0.006204
C[C@@H]1CCCCO[C@@H](CN(C)C(=O)Nc2ccccc2)[C@@H](C)CN([C@H](C)CO)C(=O)c2cc(ccc2O1)NC(=O)c1ccccc1,0,0.002387,0.022247,0.004356
C[C@@H]1OC2=C(Cl)C(=O)N3CCC[C@@H]3C[C@@]12O,0,0.051895,0.183241,0.055504
COc1ccc(cc1)CN(C)C[C@@H]1OCCCC[C@@H](C)Oc2ccc(cc2C(=O)N(C[C@H]1C)[C@H](C)CO)NC(=O)Nc1ccccc1,0,0.023558,0.024107,0.005467
Nc1ncnc2c1NC(=S)N2,0,0.503118,0.094562,0.032611
COc1ccc(cc1)NC(=O)Nc1ccc2c(c1)C(=O)N(C[C@H](C)[C@@H](CN(C)S(=O)(=O)c1ccc(cc1)Cl)OCCCC[C@@H](C)O2)[C@H](C)CO,0,0.020466,0.023416,0.004555
C[C@H]1CN([C@@H](C)CO)S(=O)(=O)c2ccc(cc2O[C@H]1CN(C)C(=O)c1cccc(c1)F)-c1cncnc1,0,0.045437,0.023888,0.005173
CN(C)C(=O)C1CCN(CC1)S(=O)(=O)C,0,0.002841,0.046746,0.010556
C[C@@H]1CCCCO[C@H](CN(C)Cc2ccc(cc2)C(F)(F)F)[C@H](C)CN([C@H](C)CO)C(=O)c2cc(ccc2O1)NC(=O)c1ccncc1,0,0.055898,0.019321,0.007662
COc1ccc(cc1)NC(=O)Nc1ccc2c(c1)C(=O)N(C[C@@H](C)[C@@H](CN(C)C(=O)NC(C)C)OCCCC[C@H](C)O2)[C@H](C)CO,0,0.014540,0.028153,0.006393
C[C@H]1CN([C@@H](C)CO)C(=O)Cc2cc(ccc2O[C@H]1CN(C)C(=O)Nc1ccc(cc1)C(F)(F)F)NC(=O)Nc1ccc(cc1)F,0,0.596757,0.060068,0.069977
CS(=O)(=O)Nc1ccc2c(c1)C(=O)NC2=O,0,0.016365,0.058514,0.021624
C[C@@H]1CCCCO[C@@H](CN(C)C(=O)Nc2ccc(cc2)F)[C@H](C)CN([C@@H](C)CO)C(=O)c2cc(ccc2O1)NS(=O)(=O)c1c(noc1C)C,0,0.044634,0.024868,0.006940
Cc1c(Cl)cccc1Nc1ccccc1C(=O)O,0,0.987514,0.223508,0.138814
C[C@H]1CN([C@@H](C)CO)C(=O)c2cc(ccc2O[C@@H]1CN(C)Cc1ccc(cc1)Oc1ccccc1)NC(=O)Cc1cn(c2ccccc12)C,0,0.004785,0.020637,0.006670
C[C@@H]1CCCCO[C@H](CN(C)C(=O)C2CCCCC2)[C@@H](C)CN([C@@H](C)CO)C(=O)c2cc(ccc2O1)NC(=O)CCC(F)(F)F,0,0.107738,0.114599,0.080933
C[C@H]1CN([C@@H](C)CO)C(=O)Cc2cc(ccc2O[C@@H]1CN(C)CC1CC1)NC(=O)Nc1c(noc1C)C,0,0.092981,0.028598,0.010756
COc1ccc(cc1)[Si](C)(C)[C@@H]1[C@@H](C)[C@@]2(O[C@H]1CC(=O)N(CCO)Cc1ccccc1)C(=O)N(C)c1c(cc(cc12)C)Br,0,0.845829,0.157937,0.086192
CCS(=O)(=O)N1C[C@]2(CN(Cc3cc(ccc3F)F)C2)c2c(n(c3cc(ccc23)OC)C)[C@H]1CO,0,0.047803,0.029352,0.011254
COC(=O)C[C@](O)(CCCC(C)(C)O)C(=O)O[C@H]1[C@H]2c3cc4c(cc3CCN3CCC[C@]23C=C1OC)OCO4,0,0.016104,0.526898,0.339442
C[C@H]1CN([C@H](C)CO)S(=O)(=O)c2ccc(cc2O[C@H]1CN(C)Cc1ccc(cc1)F)C#CCN(C)C,0,0.235503,0.048427,0.012820
CC[C@H]1NCCNC1=O,0,0.003619,0.021664,0.009091
COc1ccccc1S(=O)(=O)N(C)C[C@@H]1OCc2cn(nn2)CCCC(=O)N(C[C@@H]1C)[C@@H](C)CO,0,0.025706,0.023058,0.005092
COc1ccc2c3c(n(c2c1)C)[C@@H](CO)N(C[C@]13CN(C1)C(=O)C1CCOCC1)C(=O)C1CCOCC1,0,0.107671,0.073980,0.025529
C[C@H]1CN([C@@H](C)CO)C(=O)c2cc(ccc2O[C@@H]1CN(C)C(=O)Nc1ccc(cc1)C(F)(F)F)NC(=O)Cn1cnnn1,0,0.877186,0.522373,0.554509
C[C@H]1COC(=O)[C@H](CC/C=C/C[C@H](CC(=O)N(CCOC(=O)NCCCCCC(=O)NO)Cc2ccccc2)C(=O)N1)NC(=O)OCC1c2ccccc2-c2ccccc21,0,0.000000,0.090184,0.066539
CC(=CCC/C(=C/C=C/C(=C/C=C/C(=C/C=C/C=C(C)/C=C/C=C(C)/C=C/C=C(\C)CCC=C(C)C)C)C)C)C,0,0.004709,0.097036,0.065868
C[C@@H]1CCCCO[C@@H](CN(C)Cc2ccc(c(c2)Cl)Cl)[C@@H](C)CN([C@H](C)CO)C(=O)c2cc(ccc2O1)NS(=O)(=O)c1ccc(cc1)F,0,0.043010,0.024277,0.005872
C[C@H]1CCCCO[C@H](CN(C)C(=O)Nc2cccc3ccccc23)[C@@H](C)CN([C@@H](C)CO)C(=O)c2cc(ccc2O1)NC(=O)c1ccccc1,0,0.004545,0.021642,0.004404
CC(C)CC#Cc1ccc2c(c1)O[C@H](CN(C)S(=O)(=O)c1ccc(cc1)F)[C@@H](C)CN([C@@H](C)CO)S2(=O)=O,0,0.127434,0.033226,0.008702
COc1ccc(cc1)S(=O)(=O)N(C)C[C@@H]1OCCCC[C@@H](C)Oc2ccc(cc2C(=O)N(C[C@@H]1C)[C@@H](C)CO)NC(=O)Nc1ccc(cc1)F,0,0.025808,0.023428,0.006346
CN1[C@@H]2N=C(OCC=C)N(C)[C@@H]2C(=O)N(C)C1=O,0,0.129802,0.069134,0.033476
C[C@H]1CN([C@H](C)CO)C(=O)c2cc(ccc2O[C@H]1CN(C)S(=O)(=O)c1ccc(cc1)Cl)NS(=O)(=O)C,0,0.055357,0.025648,0.007788
OC[C@H]1O[C@H](OC[C@@H](O)[C@@H](O)[C@H](O)[C@@H](O)/C=N/NC(=O)CCCCCC(=O)Nc2ccccc2O)[C@H](O)[C@@H](O)[C@H]1O,0,0.037721,0.162485,0.076882
C[C@@H]1CCCCO[C@@H](CN(C)C(=O)Nc2cccc3ccccc23)[C@@H](C)CN([C@H](C)CO)C(=O)c2cc(ccc2O1)NS(=O)(=O)c1ccc(cc1)Cl,0,0.011780,0.024479,0.005021
C[C@H]1CCCCO[C@H](CN(C)CC2CCCCC2)[C@@H](C)CN([C@H](C)CO)C(=O)c2cc(ccc2O1)NC(=O)Nc1ccccc1,0,0.085350,0.051738,0.015517
C[C@H]1CCCCO[C@H](CN(C)C(=O)C2CCCCC2)[C@@H](C)CN([C@H](C)CO)C(=O)c2cc(ccc2O1)NC(=O)NC1CCCCC1,0,0.014777,0.025056,0.007586
C[C@H]1CN([C@H](C)CO)C(=O)c2c(c3ccccc3n2C)-c2ccccc2CO[C@H]1CN(C)S(=O)(=O)c1ccc(cc1)Cl,0,0.063787,0.032244,0.007503
COCC(=O)Nc1ccc2c(c1)OC[C@@H](C)N(C[C@H](C)[C@H](CN(C)C2=O)OC)C(=O)c1ccccc1F,0,0.029488,0.029465,0.009564
C[C@@H]1CN([C@@H](C)CO)C(=O)c2cc(cnc2O[C@H]1CN(C)C(=O)c1cnccn1)-c1cccc(c1)C#N,0,0.002586,0.021796,0.004490
C[C@@H]1CN([C@@H](C)CO)C(=O)c2cc(ccc2O[C@H]1CN(C)C(=O)Nc1ccc(cc1)F)NS(=O)(=O)c1cn(cn1)C,0,0.204280,0.025018,0.006576
CC1=NNC(=O)C=C1,0,0.026166,0.075409,0.036208
C[C@H]1CN([C@@H](C)CO)C(=O)c2cccc(c2O[C@H]1CN(C)C(=O)Nc1cccc2ccccc12)NC(=O)CCCCCC(=O)Nc1ccccc1N,0,0.038722,0.024958,0.007645
C[C@@H]1CN([C@@H](C)CO)C(=O)c2cc(ccc2O[C@@H]1CN(C)S(=O)(=O)C)NC(=O)Nc1ccc(cc1)F,0,0.094015,0.032226,0.014081
C[C@H]1CCCCO[C@@H](CN(C)C(=O)Nc2cccc3ccccc23)[C@@H](C)CN([C@H](C)CO)C(=O)c2cc(ccc2O1)NC(=O)Nc1ccccc1,0,0.026840,0.021748,0.005095
C[C@H]1CCCCO[C@@H](CN(C)S(=O)(=O)c2c(noc2C)C)[C@H](C)CN([C@H](C)CO)C(=O)c2cc(ccc2O1)NC(=O)Nc1ccc(cc1)F,0,0.031689,0.026168,0.006189
C[C@@H]1CCCCO[C@H](CN(C)CC2CC2)[C@@H](C)CN([C@H](C)CO)C(=O)c2cc(ccc2O1)NS(=O)(=O)c1cn(cn1)C,0,0.065802,0.023706,0.005468
COCC(=O)Nc1ccc2c(c1)OC[C@@H](C)N(C[C@H](C)[C@@H](CN(C)C2=O)OC)Cc1ccccc1F,0,0.007558,0.033976,0.009538
C[C@H]1CN([C@H](C)CO)C(=O)Cc2cc(ccc2O[C@@H]1CN(C)S(=O)(=O)c1cn(cn1)C)NC(=O)CCCCCC(=O)Nc1ccccc1N,0,0.003764,0.023699,0.004022
C[C@@H]1CN([C@@H](C)CO)C(=O)c2cc(ccc2O[C@H]1CN(C)Cc1ccc(cc1)C(=O)Nc1ccccc1N)NC(=O)Cn1cnnn1,0,0.019392,0.024926,0.005984
CO[C@@H]1CN(C)C(=O)c2ccc(cc2OC[C@H](C)N(C[C@@H]1C)Cc1ccc(cc1)-c1ccccn1)NC(=O)NC(C)C,0,0.009576,0.030917,0.017145
C[C@H]1CCCCO[C@@H](CN(C)Cc2ccc(cc2)C(F)(F)F)[C@H](C)CN([C@H](C)CO)C(=O)c2cc(ccc2O1)NC(=O)NC1CCCCC1,0,0.166879,0.023266,0.014248
OC[C@H]1[C@@H]2CN3C(=O)C=CC=C3[C@H]([C@@H]1C(=O)NCC(F)(F)F)N2C(=O)C1CCC1,0,0.173836,0.500578,0.387173
OC[C@H]1N[C@H](C#N)[C@@H]1c1ccccc1,0,0.010020,0.162646,0.041702
C[C@H]1CN([C@H](C)CO)C(=O)Cc2cc(ccc2O[C@H]1CN(C)S(=O)(=O)C)NS(=O)(=O)c1ccccc1,0,0.001215,0.025198,0.006301
CC(C)(C)[S@](=O)N1Cc2cc(nc(c2[C@@H]1CCO)-c1cccc(c1)-c1ccncc1)C(=O)N[C@H]1CCN(C1)Cc1ccccc1,0,0.009326,0.110474,0.050768
O=C1CCC(=O)N1Nc1ccccn1,0,0.052352,0.174338,0.055267
CC(C)Oc1ccc2c(=O)c(-c3ccccc3)coc2c1,0,0.082855,0.188035,0.301796
Cc1ccc(S(=O)(=O)NC(=O)NN2CCCCCC2)cc1,0,0.111593,0.073780,0.019650
C[C@H]1CN([C@H](C)CO)S(=O)(=O)c2ccc(cc2O[C@@H]1CN(C)C(=O)c1cccc(c1)F)C#CC1CC1,0,0.192308,0.029683,0.007215
C[C@H]1CN([C@H](C)CO)C(=O)c2cccc(c2O[C@H]1CN(C)S(=O)(=O)c1ccc(cc1)Cl)NS(=O)(=O)c1c(noc1C)C,0,0.042484,0.036555,0.009901
C[C@H]1CCCCO[C@@H](CN(C)C(=O)CCC(F)(F)F)[C@@H](C)CN([C@H](C)CO)C(=O)c2cc(ccc2O1)NC(=O)Nc1ccccc1,0,0.050777,0.026994,0.011867
COc1ccc(cc1)NC(=O)N(C)C[C@@H]1OCCCC[C@H](C)Oc2ccc(cc2C(=O)N(C[C@H]1C)[C@@H](C)CO)NC(=O)Nc1c(noc1C)C,0,0.029411,0.023878,0.005583
C[C@H]1CN([C@H](C)CO)C(=O)c2c(c3ccccc3n2C)-c2ccccc2CO[C@H]1CN(C)Cc1ccc(cc1)O,0,0.047843,0.061955,0.032489
O[C@H]1COC[C@@H]2O[C@@H](CC[C@H]2N(C1)S(=O)(=O)c1ccccc1)CC(=O)NCc1ccc2c(c1)OCO2,0,0.037790,0.031216,0.009743
C[C@H]1CN([C@@H](C)CO)C(=O)c2cc(cnc2O[C@@H]1CN(C)C(=O)c1ccc2c(c1)OCO2)C#CCN(C)C,0,0.033827,0.026145,0.005532
C[C@@H]1CN([C@@H](C)CO)C(=O)c2cc(ccc2O[C@@H]1CN(C)C(=O)Nc1c(noc1C)C)NC(=O)Nc1cccc2ccccc12,0,0.055779,0.023287,0.006015
COc1ccc(cc1)S(=O)(=O)N(C)C[C@@H]1Oc2ccc(cc2CC(=O)N(C[C@H]1C)[C@H](C)CO)NS(=O)(=O)c1cccs1,0,0.001547,0.023816,0.004995
COCC#Cc1ccc2c(c1)O[C@H](CN(C)S(=O)(=O)c1ccc(cc1)F)[C@@H](C)CN([C@H](C)CO)S2(=O)=O,0,0.225589,0.026329,0.005773
CC(C)NC(=O)N(C)C[C@H]1Oc2ccc(cc2CC(=O)N(C[C@@H]1C)[C@@H](C)CO)NC(=O)Nc1c(noc1C)C,0,0.021731,0.031094,0.010982
CC(C)(CO)[C@H](O)C(=O)NCCC(=O)NCCSSCCNC(=O)CCNC(=O)[C@H](O)C(C)(C)CO,0,0.093521,0.195008,0.119447
CC(=O)NCCCC[C@@H]1NC(=O)[C@H]2C[C@H]([C@H](N2C1=O)c1cccc(c1)OCCO)C(=O)NCCCCCN,0,0.278197,0.033886,0.031418
N[C@@H](C(=O)O)c1ccc(c(c1)C(=O)O)C(=O)O,0,0.993420,0.053421,0.102449
C[C@@H]1CCCCO[C@H](CN(C)S(=O)(=O)c2ccc(cc2)Cl)[C@H](C)CN([C@@H](C)CO)C(=O)c2cc(ccc2O1)NS(=O)(=O)c1ccccc1,0,0.005300,0.023810,0.004940
C[C@@H]1CN([C@H](C)CO)C(=O)Cc2cc(ccc2O[C@@H]1CN(C)Cc1ccc(cc1)C(F)(F)F)NC(=O)Nc1ccc(cc1)F,0,0.227436,0.080637,0.048446
C[C@H]1CCCCO[C@H](CN(C)C)[C@H](C)CN([C@@H](C)CO)C(=O)c2cc(ccc2O1)NC(=O)Nc1cccc2ccccc12,0,0.085492,0.033021,0.016103
OC[C@@H]1[C@H]([C@H]2CN(CC(=O)N12)S(=O)(=O)Cc1ccccc1)c1ccc(cc1)C#Cc1ccc(cc1)F,0,0.179653,0.041610,0.024831
C[C@H]1CN([C@@H](C)CO)C(=O)c2cc(cnc2O[C@H]1CN(C)S(=O)(=O)c1ccc(cc1)F)C#CC1(O)CCCC1,0,0.035081,0.095597,0.006972
C[C@H]1CN([C@@H](C)CO)C(=O)Cc2cc(ccc2O[C@@H]1CN(C)Cc1ccc(cc1)C(=O)Nc1ccccc1N)NC(=O)Nc1ccc2c(c1)OCO2,0,0.001810,0.022217,0.004741
C[C@@H]1CCCCO[C@@H](CN(C)Cc2ccc3c(c2)OCO3)[C@H](C)CN([C@@H](C)CO)C(=O)c2cc(ccc2O1)NC(=O)Nc1ccc2c(c1)OCO2,0,0.003922,0.022841,0.004348
ONC(=O)CCCCCNC(=O)OCc1ccc(cc1)CO[C@@H]1C[C@@H](C=C(O1)C(=O)N1CCCCCCC1)c1ccc(cc1)Br,0,0.000209,0.190439,0.108537
Cc1sc2c(c1C)C(=S)N=CN2,0,0.586684,0.156699,0.078077
OC[C@H]1O[C@@H](C[C@H]2[C@@H]1Oc1ccc(cc12)NS(=O)(=O)c1ccccc1)CC(=O)NC1CCCCC1,0,0.002314,0.031055,0.008827
C[C@H]1CN([C@@H](C)CO)C(=O)c2cc(ccc2O[C@H]1CN(C)S(=O)(=O)c1ccc(cc1)Cl)N(C)C,0,0.037008,0.038030,0.012893
CCCCCC1C(=O)CCC1CC(=O)OC,0,0.196949,0.281203,0.169157
C[C@@H]1CN([C@@H](C)CO)C(=O)c2cc(cnc2O[C@H]1CN(C)Cc1ccc2c(c1)OCO2)Br,0,0.025372,0.035405,0.014982
C[C@@H]1CN([C@@H](C)CO)C(=O)Cc2cc(ccc2O[C@H]1CN(C)S(=O)(=O)c1ccc(cc1)Cl)NC(=O)CCCN(C)C,0,0.017981,0.024062,0.005845
Cl.Nc1c2c(nc3ccccc13)CCCC2,0,0.491773,0.143868,0.134092
CCN(CC)CCOC(=O)C(Cc1cccc2ccccc12)CC1CCCO1.O=C(O)C(=O)O,0,0.774599,0.458856,0.439632
COc1ccc(cc1)-c1ccc2c(c1)O[C@@H](CN(C)CC1CCOCC1)[C@H](C)CN([C@H](C)CO)S2(=O)=O,0,0.120073,0.035965,0.010223
C[C@H]1CN([C@@H](C)CO)C(=O)c2cc(ccc2O[C@@H]1CN(C)C(=O)Nc1c(noc1C)C)NS(=O)(=O)c1c(noc1C)C,0,0.036209,0.038681,0.019807
COc1ccc(cc1)NC(=O)Nc1ccc2c(c1)C(=O)N(C[C@@H](C)[C@@H](CN(C)S(=O)(=O)c1ccc(cc1)C)OCCCC[C@@H](C)O2)[C@@H](C)CO,0,0.006919,0.023473,0.004307
CC(C)Cc1ccc(cc1)CN1CC[C@@H](N)C1,0,0.126685,0.168073,0.147173
CCc1cnc2c(c1OC)C(=O)N(CC(=O)NCCOC)C(=O)N2C,0,0.556015,0.062757,0.092581
C[C@@H]1CCCCO[C@H](CN(C)C(=O)c2ccccc2)[C@@H](C)CN([C@H](C)CO)C(=O)c2cc(ccc2O1)NS(=O)(=O)c1ccc(cc1)C,0,0.000935,0.023488,0.003832
CNC[C@@H]1Oc2ccc(cc2CC(=O)N(C[C@@H]1C)[C@H](C)CO)NC(=O)Cn1cnnn1,0,0.056936,0.022693,0.009093
OC[C@@H]1O[C@H](CC[C@H]1NS(=O)(=O)c1ccc(cc1)F)CC(=O)NCc1ccc(c(c1)Cl)Cl,0,0.329967,0.039657,0.035371
C[C@@H]1CCCCO[C@H](CN(C)C(=O)Nc2ccc3c(c2)OCO3)[C@@H](C)CN([C@H](C)CO)C(=O)c2cc(ccc2O1)NC(=O)NC1CCCCC1,0,0.010432,0.022699,0.004951
C[C@@H]1CN([C@H](C)CO)S(=O)(=O)c2ccc(cc2O[C@H]1CN(C)C(=O)C1CCOCC1)-c1ccc(cc1)F,0,0.034894,0.028464,0.007454
C[C@H]1CCCCO[C@H](CN(C)C(=O)c2ccccc2)[C@H](C)CN([C@H](C)CO)C(=O)c2cc(ccc2O1)NS(=O)(=O)c1cccs1,0,0.000647,0.023301,0.003619
C[C@@H]1CCCCO[C@@H](CN(C)S(=O)(=O)c2ccccc2)[C@H](C)CN([C@@H](C)CO)C(=O)c2cc(ccc2O1)NS(=O)(=O)c1ccc(cc1)Cl,0,0.006305,0.023591,0.005380
CCNC(=O)c1cc2c(c(n1)-c1cccc(c1)-c1cccc(c1)F)[C@@H](CCO)N(C2)[S@](=O)C(C)(C)C,0,0.056127,0.176680,0.141147
CC(C)NC(=O)Nc1ccc2c(c1)C(=O)N(C[C@@H](C)[C@@H](CN(C)Cc1ccccc1)OCCCC[C@@H](C)O2)[C@@H](C)CO,0,0.017550,0.031466,0.011797
COC(=O)C1=C[C@@H](O)[C@@H](O)[C@@H](C1)O[C@@H]1O[C@H](COC(=O)/C=C/c2ccccc2)[C@@H](O)[C@H](O)[C@H]1O,0,0.031051,0.053721,0.074384
C[C@@H]1CCCCO[C@@H](CN(C)CC2CCCCC2)[C@H](C)CN([C@@H](C)CO)C(=O)c2cc(ccc2O1)NC(=O)CCC(F)(F)F,0,0.304547,0.185043,0.131271
CO[C@H]1CN(C)C(=O)c2cc(ccc2OC[C@H](C)N(C[C@H]1C)C(=O)c1ccc2c(c1)OCO2)NS(=O)(=O)CC(F)(F)F,0,0.006964,0.036770,0.012298
CCN1[C@@H]2CN3C(=O)C(=CC=C3[C@H]1[C@H]([C@@H]2CO)C(=O)NCCc1cn(cn1)C)c1ccncc1,0,0.367667,0.037347,0.010967
COCC(=O)Nc1ccc2c(c1)[C@H]1C[C@H](CC(=O)N3CCOCC3)O[C@H](CO)[C@H]1O2,0,0.019926,0.019852,0.009217
C[C@@H]1CCCCO[C@@H](CN(C)C(=O)Nc2ccc(cc2)C(F)(F)F)[C@H](C)CN([C@@H](C)CO)C(=O)c2cc(ccc2O1)NC(=O)Nc1ccc(cc1)C(F)(F)F,0,0.930915,0.042545,0.024892
CN1[C@H]2CC[C@H](CC(=O)NCC3CCCCC3)O[C@@H]2COc2ccc(cc2C1=O)NS(=O)(=O)CC(F)(F)F,0,0.034061,0.053832,0.017514
Cl.NC1C(O)OC(CO)C(O)C1O,0,0.070887,0.247177,0.035882
C[C@H]1CN([C@H](C)CO)C(=O)Cc2cc(ccc2O[C@H]1CN(C)C(=O)NC1CCCCC1)NC(=O)Nc1cccc2ccccc12,0,0.010375,0.023848,0.007170
CC(C)NC(=O)N(C)C[C@@H]1Oc2ccc(cc2CC(=O)N(C[C@@H]1C)[C@@H](C)CO)NC(=O)CCN1CCOCC1,0,0.001652,0.025607,0.006822
C[C@@H]1CCCCO[C@H](CN(C)S(=O)(=O)c2ccc(cc2)F)[C@H](C)CN([C@@H](C)CO)C(=O)c2cc(ccc2O1)NC(=O)c1ccccc1,0,0.002266,0.023301,0.004477
COc1ccc(cc1)NC(=O)N(C)C[C@@H]1Oc2c(cccc2C(=O)N(C[C@H]1C)[C@H](C)CO)NC(=O)c1cc(nn1C)C,0,0.033730,0.023658,0.005515
C[C@H]1CN([C@@H](C)CO)C(=O)Cc2cc(ccc2O[C@@H]1CN(C)C(=O)Nc1ccc2c(c1)OCO2)NS(=O)(=O)C,0,0.001585,0.023762,0.004761
C[C@H]1CCCCO[C@H](CN(C)S(=O)(=O)c2ccc(cc2)Cl)[C@@H](C)CN([C@H](C)CO)C(=O)c2cc(ccc2O1)NC(=O)NC1CCCCC1,0,0.022867,0.024041,0.005146
C[C@@H]1CN([C@H](C)CO)C(=O)c2cc(cnc2O[C@@H]1CN(C)C(=O)Cc1cccnc1)C#CCc1ccccc1,0,0.005057,0.023068,0.004568
CNC[C@@H]1OCCCC[C@@H](C)Oc2ccc(cc2C(=O)N(C[C@H]1C)[C@@H](C)CO)NC(=O)Nc1cccc2ccccc12,0,0.073779,0.040628,0.021357
CC(C)NC(=O)Nc1ccc2c(c1)C(=O)N(C[C@@H](C)[C@@H](CN(C)C(=O)Nc1ccccc1)OCCCC[C@H](C)O2)[C@@H](C)CO,0,0.013421,0.024338,0.007012
C[C@@H]1CN([C@@H](C)CO)C(=O)CCCn2cc(nn2)CO[C@H]1CN(C)C(=O)Nc1ccc(cc1)C(F)(F)F,0,0.798899,0.881433,0.886846
CN1CCN(CC1)C(=O)C[C@H]1CC[C@H]2[C@H](COc3ccc(cc3C(=O)N2C)NC(=O)c2ccc(c(c2)F)F)O1,0,0.076787,0.166910,0.122388
COc1ccc(cc1)CN(C)C[C@@H]1Oc2c(cccc2C(=O)N(C[C@@H]1C)[C@@H](C)CO)NS(=O)(=O)c1cn(cn1)C,0,0.034284,0.023656,0.004136
OC[C@@H]1O[C@@H](C[C@@H]2[C@H]1Oc1ccc(cc12)NC(=O)Nc1ccc(cc1)C(F)(F)F)CC(=O)NC1CCCCC1,0,0.592144,0.265678,0.253681
COc1ccccc1CNC(=O)C[C@H]1C[C@H]2[C@H](Oc3ccc(cc32)NS(=O)(=O)c2ccc(cc2)F)[C@@H](CO)O1,0,0.010208,0.024472,0.010524
COc1ccc(cc1)NC(=O)N(C)C[C@H]1OCCCC[C@@H](C)Oc2ccc(cc2C(=O)N(C[C@@H]1C)[C@@H](C)CO)NS(=O)(=O)c1ccc(cc1)OC,0,0.003431,0.024335,0.004343
C[C@@H]1CN([C@H](C)CO)S(=O)(=O)c2ccc(cc2O[C@@H]1CN(C)C(=O)c1cnccn1)C1=CCCC1,0,0.021544,0.023676,0.006452
C[C@H]1CN([C@@H](C)CO)C(=O)c2cc(cnc2O[C@@H]1CN(C)S(=O)(=O)c1ccccc1F)C#Cc1ccccc1F,0,0.163051,0.039598,0.010469
C[C@H]1CCCCO[C@@H](CN(C)Cc2ccc(c(c2)Cl)Cl)[C@H](C)CN([C@H](C)CO)C(=O)c2cc(ccc2O1)NS(=O)(=O)c1ccc(cc1)C,0,0.015320,0.024447,0.004475
C[C@H]1CN([C@H](C)CO)C(=O)Cc2cc(ccc2O[C@H]1CN(C)Cc1ccc(c(c1)Cl)Cl)NC(=O)C1CCCCC1,0,0.118615,0.029559,0.010790
CS(=O)(=O)N1[C@@H]2CN3C(=O)C(=CC=C3[C@H]1[C@H]([C@@H]2CO)C(=O)NCC1CC1)c1ccccc1,0,0.017780,0.025764,0.009247
CC(C)NC(=O)N(C)C[C@@H]1Oc2ccc(cc2CC(=O)N(C[C@H]1C)[C@H](C)CO)NC(=O)CCC(F)(F)F,0,0.082643,0.284544,0.143117
COc1ccc(cc1)S(=O)(=O)Nc1cccc2c1O[C@H](CN(C)S(=O)(=O)C)[C@H](C)CN([C@@H](C)CO)C2=O,0,0.015841,0.026788,0.009490
CCS(=O)(=O)Nc1ccc2c(c1)C(=O)N(C)C[C@@H](OC)[C@H](C)CN([C@H](C)CO2)C(=O)c1ccc2c(c1)OCO2,0,0.002776,0.022929,0.005057
O=S(=O)(Cc1nn[nH]n1)c1ccccc1,0,0.351496,0.155097,0.111364
CN(C)CCCCCCNC(=O)[C@H]1C[C@@H]2N([C@H]1c1cccc(c1)OCCO)C(=O)CNC2=O,0,0.667260,0.038164,0.029942
C[C@@H]1CN([C@H](C)CO)C(=O)c2cc(ccc2O[C@@H]1CN(C)S(=O)(=O)c1cn(cn1)C)NC(=O)Nc1ccc2c(c1)OCO2,0,0.011058,0.023589,0.004797
CC1COc2c(N3CCN(C)CC3)c(F)cc3c(=O)c(C(=O)O)cn1c23,1,0.946964,0.897792,0.919217
COC(=O)C(CC#Cc1ccc2c(c1)[C@]1([C@H]([C@H]3N([C@@H]([C@@H](OC3=O)c3ccccc3)c3ccccc3)[C@H]1c1ccc(cc1)OCCO)C(=O)N1CCc3cc(c(cc3C1)OC)OC)C(=O)N2)C(=O)OC,0,0.030017,0.089175,0.040175
CCCCOC(=O)[C@@H](N)CCC(=O)O,0,0.005671,0.032193,0.024797
CCN(CC)CCNC(=O)c1c([nH]c(c1C)/C=C\1/C(=O)Nc2ccc(cc21)-c1csc(n1)-c1ccccc1)C,0,0.789044,0.285605,0.186393
COc1ccc(cc1)S(=O)(=O)N1C[C@H](O)COC[C@@H]2O[C@@H](CC[C@H]21)CC(=O)N[C@H]1CCN(C1)Cc1ccccc1,0,0.124010,0.025216,0.007490
C[C@@H]1CN([C@@H](C)CO)C(=O)Cc2cc(ccc2O[C@H]1CN(C)Cc1ccc(cc1)Oc1ccccc1)NS(=O)(=O)c1c(noc1C)C,0,0.000857,0.026156,0.006317
C[C@@H]1C[C@H](N)C[C@@H](C1)c1ccncc1NC(=O)c1ccc(c(n1)-c1c(cccc1F)F)F,0,0.857655,0.544928,0.514702
CCCNC(=O)Nc1ccc2c(c1)OC[C@@H](C)N(C[C@H](C)[C@@H](CN(C)C2=O)OC)C(=O)C1CCOCC1,0,0.007470,0.027156,0.006787
C[C@H]1CN([C@@H](C)CO)C(=O)c2cccc(c2O[C@H]1CN(C)C(=O)Nc1cccc2ccccc12)NC(=O)Nc1ccccc1,0,0.050723,0.023785,0.014116
CC1=CC(=C(/C(=N/N)C)C(=O)N1)C,0,0.268036,0.053886,0.019880
OC[C@H]1O[C@H](CC[C@@H]1NS(=O)(=O)c1ccccc1)CC(=O)NCc1ccncn1,0,0.022173,0.024711,0.008361
COCC#Cc1ccc2c(c1)O[C@@H](CN(C)S(=O)(=O)c1cccc(c1)F)[C@H](C)CN([C@@H](C)CO)S2(=O)=O,0,0.212478,0.029025,0.006391
ONC(=O)c1cn(nn1)-c1ccc(cc1)C[C@@H]1N2CC(=C[C@@H]2[C@H](Cc2ccccc2)OC1=O)/C=C/C1CC1,0,0.873790,0.048664,0.135224
Cc1nc2ccccc2n1Cc1ccc(Cl)cc1,0,0.824546,0.447298,0.427828
C[C@@H]1CN([C@@H](C)CO)C(=O)c2cc(ccc2O[C@H]1CN(C)C(=O)Nc1c(noc1C)C)NS(=O)(=O)C,0,0.047240,0.025354,0.010129
C[C@H]1CN([C@H](C)CO)C(=O)Cc2cc(ccc2O[C@H]1CN(C)S(=O)(=O)c1ccc(cc1)C)NS(=O)(=O)c1ccccc1,0,0.000989,0.023262,0.005140
COC(=O)[C@H]1[C@H](CO)[C@H]2CN3C(=O)C=CC=C3[C@@H]1N2C(=O)C1CC1,0,0.015208,0.051160,0.037962
C[C@@H]1CN([C@@H](C)CO)C(=O)c2c(c3ccccc3n2C)-c2ccccc2CO[C@@H]1CN(C)C(=O)Nc1cccc(c1Cl)Cl,0,0.539427,0.034288,0.011309
COc1cc2c(cc1OC)C1C(=O)c3ccc4c(c3OC1CO2)CC(C(C)C)O4,0,0.089854,0.175322,0.056268
c1ccc(cc1)-c1ccncc1,0,0.268967,0.444093,0.232018
C[C@@H]1CN([C@@H](C)CO)C(=O)Cc2cc(ccc2O[C@@H]1CN(C)C(=O)Nc1ccc(cc1)C(F)(F)F)NC(=O)Nc1cccc2ccccc12,0,0.320354,0.042013,0.047183
COc1ccccc1[C@@H](NC(=O)C1CCN(CC1)CCc1ccc(cc1)Br)c1ccccn1,0,0.893542,0.684689,0.719000
OC(=O)[C@@H]1CCCCO1,0,0.034009,0.036965,0.022056
C[C@H]1CCCCO[C@H](CN(C)Cc2ccc(cc2)C(=O)O)[C@@H](C)CN([C@@H](C)CO)C(=O)c2cc(ccc2O1)NS(=O)(=O)c1cccs1,0,0.025961,0.027596,0.004668
C[C@@H]1CCCCO[C@H](CN(C)CC2CC2)[C@H](C)CN([C@@H](C)CO)C(=O)c2cc(ccc2O1)NC(=O)Nc1ccccc1,0,0.105672,0.036656,0.014575
CO[C@@H](C(=O)N(C)C[C@@H]1OCc2ccccc2-c2c(n(c3ccccc23)C)C(=O)N(C[C@H]1C)[C@@H](C)CO)c1ccccc1,0,0.018723,0.040594,0.023709
C[C@@H]1CCCCO[C@@H](CN(C)C(=O)Nc2ccccc2)[C@@H](C)CN([C@H](C)CO)C(=O)c2cc(ccc2O1)NC(=O)c1ccncc1,0,0.003864,0.021835,0.003791
Brc1ccc(cc1)-c1ccc(cn1)C1CCCCC1,0,0.943523,0.429319,0.481685
CN(CCC[C@@H](O)c1cccnc1)[NH2+][O-],0,0.113285,0.163064,0.039899
C[C@@H]1CCCCO[C@H](CN(C)S(=O)(=O)c2c(noc2C)C)[C@@H](C)CN([C@@H](C)CO)C(=O)c2cc(ccc2O1)N(C)C,0,0.014707,0.023689,0.006187
C[C@@H]1CN([C@@H](C)CO)C(=O)Cc2cc(ccc2O[C@H]1CN(C)S(=O)(=O)c1ccc(cc1)Cl)NC(=O)CCN1CCOCC1,0,0.001932,0.023871,0.004968
NNC(=O)c1cc(n[nH]1)-c1ccccc1,0,0.431301,0.103446,0.072145
C[C@H]1CN([C@H](C)CO)C(=O)Cc2cc(ccc2O[C@@H]1CN(C)S(=O)(=O)c1cccs1)NS(=O)(=O)c1c(noc1C)C,0,0.000946,0.024348,0.006889
NCCC(=O)N[C@@H](Cc1cnc[nH]1)C(=O)O,0,0.176465,0.044597,0.026389
COc1ccc(cc1)S(=O)(=O)N(C)C[C@@H]1Oc2ccc(cc2C(=O)N(C[C@@H]1C)[C@@H](C)CO)NS(=O)(=O)c1ccc(cc1)C,0,0.012740,0.023417,0.007461
C[C@@H]1CCCCO[C@@H](CN(C)Cc2ccc(cc2)C(F)(F)F)[C@H](C)CN([C@@H](C)CO)C(=O)c2cc(ccc2O1)NC(=O)NC1CCCCC1,0,0.166879,0.023266,0.014248
C[C@@H]1CCCCO[C@H](CN(C)C(=O)Nc2c(noc2C)C)[C@@H](C)CN([C@H](C)CO)C(=O)c2cc(ccc2O1)NC(=O)Nc1ccc(cc1)F,0,0.117993,0.023832,0.006618
COc1ccc(cc1)S(=O)(=O)N1C[C@H](O)COC[C@@H]2O[C@H](CC[C@H]21)CC(=O)NCc1ccc(c(c1)Cl)Cl,0,0.500351,0.029988,0.021098
C[C@@H]1CN([C@H](C)CO)C(=O)c2cccc(c2O[C@@H]1CN(C)Cc1ccc(cc1)Oc1ccccc1)NS(=O)(=O)c1c(noc1C)C,0,0.003580,0.038550,0.005944
COc1cccc(c1)S(=O)(=O)Nc1ccc2c(c1)[C@H]1C[C@@H](CC(=O)NCC(F)(F)F)O[C@@H](CO)[C@H]1O2,0,0.029903,0.030591,0.010007
C[C@@H]1OC2=C(Cl)C(=O)N3CCC[C@H]3C[C@]12O,0,0.051895,0.183241,0.055504
C[C@@H]1CN([C@@H](C)CO)C(=O)c2c(c3ccccc3n2C)-c2ccccc2CO[C@@H]1CN(C)S(=O)(=O)c1ccc(cc1)Cl,0,0.063787,0.032244,0.007503
CN1[C@@H]2CC[C@H](CC(=O)N[C@H]3CCN(C3)Cc3ccccc3)O[C@@H]2COc2ccc(cc2C1=O)NC(=O)c1cnccn1,0,0.013909,0.030118,0.012253
CC1(C)[C@@H](N2[C@@H](CC2=O)S1(=O)=O)C(=O)O,0,0.474024,0.276834,0.153128
C[C@H]1CCCCO[C@H](CN(C)C(=O)Cc2ccccc2)[C@@H](C)CN([C@H](C)CO)C(=O)c2cc(ccc2O1)NC(=O)Cc1ccccc1,0,0.000836,0.022199,0.004511
C[C@H]1CN([C@H](C)CO)C(=O)Cc2cc(ccc2O[C@H]1CN(C)S(=O)(=O)c1cn(cn1)C)NS(=O)(=O)c1ccccc1,0,0.001769,0.023536,0.004813
C[C@H]1CN([C@H](C)CO)C(=O)c2cccc(c2O[C@H]1CN(C)Cc1ccc(c(c1)Cl)Cl)NC(=O)c1nc2ccccc2s1,0,0.046717,0.046756,0.012997
C[C@H]1CN([C@@H](C)CO)C(=O)c2cccc(c2O[C@H]1CN(C)Cc1ccccc1)NC(=O)c1cc(nn1C)C,0,0.019081,0.024639,0.008245
CCOC1OC2OC3(C)CCC4C(C)CCC(C1C)C24OO3,0,0.618319,0.112516,0.060541
COc1ccc(cc1)S(=O)(=O)Nc1ccc2c(c1)CC(=O)N(C[C@H](C)[C@H](CN(C)S(=O)(=O)c1cccs1)O2)[C@@H](C)CO,0,0.000862,0.023816,0.005696
COc1ccc(cc1)NC(=O)Nc1ccc2c(c1)C(=O)N(C[C@H](C)[C@@H](CN(C)S(=O)(=O)c1ccccc1)OCCCC[C@@H](C)O2)[C@H](C)CO,0,0.002704,0.023490,0.004098
Cn1cnc(c1)S(=O)(=O)N1C[C@@H](O)COC[C@@H]2O[C@@H](CC[C@H]21)CC(=O)NC1CCC1,0,0.171480,0.085200,0.010548
C[C@H]1CN([C@@H](C)CO)C(=O)c2cccc(c2O[C@@H]1CN(C)S(=O)(=O)c1cccs1)NS(=O)(=O)c1cn(cn1)C,0,0.018942,0.024337,0.007084
C[C@H]1CCCCO[C@H](CN(C)C(=O)CCC(F)(F)F)[C@@H](C)CN([C@@H](C)CO)C(=O)c2cc(ccc2O1)NS(=O)(=O)c1ccc(cc1)C,0,0.013559,0.024941,0.005465
CO[C@H]1CN(C)C(=O)c2cc(ccc2OC[C@H](C)N(C[C@@H]1C)C(=O)CN1CCOCC1)NC(=O)C1CC1,0,0.004399,0.022806,0.004747
C[C@H]1CCCCO[C@H](CN(C)Cc2ccncc2)[C@H](C)CN([C@@H](C)CO)C(=O)c2cc(ccc2O1)NC(=O)Nc1cccc2ccccc12,0,0.010179,0.022838,0.005113
C[C@@H]1CN([C@@H](C)CO)C(=O)Cc2cc(ccc2O[C@@H]1CN(C)Cc1ccncc1)NC(=O)Nc1ccc(cc1)C(F)(F)F,0,0.095580,0.091025,0.051539
CN1CCN(CC1)C(=O)C[C@@H]1CC[C@@H]2[C@H](COc3ccc(cc3C(=O)N2C)NC(=O)c2cccs2)O1,0,0.043417,0.025731,0.012800
COc1ccc(cc1)S(=O)(=O)N(C)C[C@@H]1Oc2ccc(cc2CC(=O)N(C[C@@H]1C)[C@@H](C)CO)NS(=O)(=O)C,0,0.004832,0.026114,0.007381
C[C@H]1CCCCO[C@@H](CN(C)S(=O)(=O)c2ccccc2)[C@H](C)CN([C@H](C)CO)C(=O)c2cc(ccc2O1)NC(=O)Nc1cccc2ccccc12,0,0.003872,0.023837,0.004039
C[C@H]1CCCCO[C@@H](CN(C)Cc2ccc(cc2)C(=O)O)[C@@H](C)CN([C@@H](C)CO)C(=O)c2cc(ccc2O1)NS(=O)(=O)c1cccs1,0,0.025961,0.027596,0.004668
CC/C(=C\C(=N\O)C(=O)N)[C@@H](C)[N+](=O)[O-],0,0.799578,0.091692,0.112809
COc1ccc(cc1)NC(=O)N(C)C[C@H]1OCCCC[C@@H](C)Oc2ccc(cc2C(=O)N(C[C@H]1C)[C@@H](C)CO)NS(=O)(=O)c1ccc(cc1)F,0,0.012141,0.023486,0.004310
C[C@@H]1CCCCO[C@H](CN(C)Cc2ccc3c(c2)OCO3)[C@@H](C)CN([C@H](C)CO)C(=O)c2cc(ccc2O1)NC(=O)Cc1ccccc1,0,0.004800,0.022541,0.005729
C[C@H]1CN([C@@H](C)CO)C(=O)Cc2cc(ccc2O[C@@H]1CN(C)S(=O)(=O)c1ccc(cc1)C)NC(=O)Cn1cnnn1,0,0.009923,0.024928,0.005574
COc1ccc(cc1)S(=O)(=O)Nc1ccc2c(c1)C(=O)N(C[C@H](C)[C@@H](CN(C)C(=O)CCC(F)(F)F)OCCCC[C@@H](C)O2)[C@H](C)CO,0,0.016624,0.033149,0.006801
COc1ccc(cc1)S(=O)(=O)N(C)C[C@@H]1Oc2ccc(cc2C(=O)N(C[C@H]1C)[C@H](C)CO)NS(=O)(=O)c1cn(cn1)C,0,0.040066,0.025553,0.006217
CC(C)C[C@H](NC(=O)CNC(=O)c1cc(ccc1Cl)Cl)[B]1OC(=O)C[C@@](CC(=O)O)(O1)C(=O)O,0,0.976756,0.788795,0.817869
OCc1ccc(cc1)[C@@H]1N(Cc2ccccc2)C(=O)c2ccccc2[C@@]11Cc2ccccc2N(C2CC2)C1=O,0,0.006480,0.071368,0.090545
C[C@H]1CCCCO[C@H](CN(C)Cc2ccc(c(c2)Cl)Cl)[C@@H](C)CN([C@H](C)CO)C(=O)c2cc(ccc2O1)NS(=O)(=O)c1c(noc1C)C,0,0.031821,0.025126,0.006169
C[C@H]1CCCCO[C@H](CN(C)C(=O)Nc2ccccc2)[C@@H](C)CN([C@@H](C)CO)C(=O)c2cc(ccc2O1)NS(=O)(=O)c1ccc(cc1)F,0,0.012190,0.023301,0.004269
COc1ccc(cc1)S(=O)(=O)N(C)C[C@H]1OCCCC[C@H](C)Oc2ccc(cc2C(=O)N(C[C@@H]1C)[C@H](C)CO)NC(=O)NC1CCCCC1,0,0.008224,0.023490,0.004681
C[C@H]1CN([C@@H](C)CO)C(=O)Cc2cc(ccc2O[C@H]1CN(C)S(=O)(=O)c1ccc(cc1)C)NC(=O)C1CC1,0,0.004307,0.025277,0.005038
C[C@@H]1CCCCO[C@@H](CN(C)C(=O)CCCN(C)C)[C@H](C)CN([C@@H](C)CO)C(=O)c2cc(ccc2O1)N(C)C,0,0.048186,0.023565,0.007284
C[C@@H]1CN([C@@H](C)CO)C(=O)c2cc(ccc2O[C@@H]1CN(C)C(=O)Nc1ccc(cc1)F)NC(=O)CCN1CCOCC1,0,0.027680,0.029373,0.007173
COc1ccc(cc1)NC(=O)N(C)C[C@@H]1OCCCC[C@H](C)Oc2ccc(cc2C(=O)N(C[C@@H]1C)[C@H](C)CO)NS(=O)(=O)c1ccc(cc1)Cl,0,0.010232,0.023428,0.004060
CC(C)CN1C(=O)[C@]2(Cc3ccccc31)[C@@H](N(Cc1ccccc1)C(=O)c1ccccc12)c1ccc(cc1)CO,0,0.013398,0.068828,0.065975
NCCSSCCN,0,0.030719,0.176166,0.218259
CO[C@@H]1CN(C)C(=O)c2ccc(cc2OC[C@@H](C)N(C[C@@H]1C)C(=O)NC(C)C)NS(=O)(=O)c1ccccc1,0,0.002613,0.026186,0.007451
CCN(Cc1cccc(c1)Br)c1c(nc2ccc(cn12)C(=O)NCCOc1ccc(cc1)OC)CC,0,0.764872,0.475939,0.420283
C[C@H]1CN([C@H](C)CO)C(=O)c2cc(ccc2O[C@@H]1CN(C)Cc1ccncc1)NC(=O)Nc1cccc2ccccc12,0,0.010518,0.022847,0.008554
COc1ccccc1NC(=O)N(C)C[C@@H]1OCc2ccccc2-c2c(n(c3ccccc23)C)C(=O)N(C[C@@H]1C)[C@@H](C)CO,0,0.050434,0.023397,0.007556
C[C@H]1CN([C@H](C)CO)C(=O)Cc2cc(ccc2O[C@H]1CN(C)S(=O)(=O)C)NC(=O)Nc1c(noc1C)C,0,0.008069,0.024064,0.006522
C[C@@H]1CCCCO[C@@H](CN(C)C(=O)C2CCCCC2)[C@H](C)CN([C@@H](C)CO)C(=O)c2cc(ccc2O1)NS(=O)(=O)c1ccc(cc1)F,0,0.005765,0.024208,0.006172
C[C@@H]1ON([C@@H]([C@H]1C(=O)N1[C@@H](COC1=O)Cc1ccccc1)c1ccc(cc1)Br)c1ccc(cc1)C(=O)OC(C)(C)C,0,0.963166,0.383291,0.160804
CN1CCN(CC1)C(=O)CNS(=O)(=O)c1ccccc1,0,0.021039,0.034449,0.011643
OC[C@@H]1O[C@H](CC(=O)NCc2cccc(c2)F)C=C[C@H]1NC(=O)CN1CCOCC1,0,0.022588,0.026984,0.021624
C/C(=N\N)c1ccc2ccccc2c1,0,0.778917,0.297372,0.272980
C[C@@H]1CN([C@@H](C)CO)C(=O)c2cc(cnc2O[C@@H]1CN(C)S(=O)(=O)c1ccccc1F)C#Cc1ccncc1,0,0.035665,0.022937,0.005120
C[C@H]1CCCCO[C@H](CN(C)C(=O)Nc2cccc3ccccc23)[C@@H](C)CN([C@@H](C)CO)C(=O)c2cc(ccc2O1)N(C)C,0,0.037520,0.026330,0.006649
C[C@@H](N)C12CC3CC(CC(C3)C2)C1,0,0.553964,0.133388,0.068566
C[C@@H]1CN([C@@H](C)CO)C(=O)c2cc(ccc2O[C@@H]1CN(C)Cc1ccc2c(c1)OCO2)NC(=O)C1CC1,0,0.007926,0.022809,0.007318
CC(=O)OCC(COC(C)=O)OC(C)=O,0,0.000188,0.063661,0.048329
COc1ccc(cc1)NC(=O)Nc1ccc2c(c1)C(=O)N(C[C@H](C)[C@@H](CN(C)C(=O)Nc1ccc(cc1)OC)OCCCC[C@H](C)O2)[C@@H](C)CO,0,0.015586,0.023419,0.006236
CCOC(=O)N(C)C[C@H]1OCc2cn(nn2)CCCC(=O)N(C[C@@H]1C)[C@H](C)CO,0,0.038045,0.029820,0.013311
Cc1coc2c1C(=O)C(=O)c1c-2ccc2c1CCCC2(C)C,0,0.392506,0.578347,0.375237
CC(=O)Nc1cccc(c1)S(=O)(=O)N,0,0.000000,0.029834,0.009730
C[C@H]1CN([C@H](C)CO)C(=O)Cc2cc(ccc2O[C@@H]1CN(C)S(=O)(=O)C)NC(=O)Cc1ccccc1,0,0.001089,0.026954,0.006589
C[C@@H]1CN([C@@H](C)CO)C(=O)c2cccc(c2O[C@H]1CN(C)S(=O)(=O)C)NC(=O)c1nc2ccccc2s1,0,0.018655,0.025303,0.006375
CC1=Nc2ccc(Cl)cc2S(=O)(=O)N1,0,0.042463,0.053501,0.011291
CC1=CC=C(C#N)C(=O)N1,0,0.002444,0.069053,0.027737
C[C@@H]1CN([C@@H](C)CO)C(=O)c2cccc(c2O[C@H]1CN(C)Cc1ccncc1)NS(=O)(=O)c1cn(cn1)C,0,0.014304,0.023075,0.004210
CN(C)CC/C=C\1/c2ccccc2Sc2ccc(cc21)Cl,0,0.994627,0.733621,0.672578
C[C@H]1CN([C@@H](C)CO)C(=O)c2cccc(c2O[C@@H]1CN(C)Cc1ccc(cc1)C(=O)Nc1ccccc1N)NC(=O)Nc1ccc2c(c1)OCO2,0,0.005897,0.022926,0.004947
CC(C)(N)CN1CCCCC1,0,0.305194,0.039047,0.021194
C[C@@H]1CN([C@H](C)CO)S(=O)(=O)c2ccc(cc2O[C@H]1CN(C)C(=O)CN1CCOCC1)C#Cc1cccc(c1)F,0,0.049599,0.026836,0.006731
C[C@@H]1CN([C@H](C)CO)S(=O)(=O)c2ccc(cc2O[C@H]1CN(C)C(=O)Cc1ccccc1)-c1cncnc1,0,0.015312,0.025762,0.005752
C[C@@H]1CCCCO[C@H](CN(C)Cc2ccc(cc2)C(=O)O)[C@@H](C)CN([C@H](C)CO)C(=O)c2cc(ccc2O1)NC(=O)Nc1c(noc1C)C,0,0.142214,0.028630,0.009069
C[C@@H]1CCCCO[C@@H](CN(C)S(=O)(=O)C)[C@@H](C)CN([C@H](C)CO)C(=O)c2cc(ccc2O1)NS(=O)(=O)c1c(noc1C)C,0,0.007591,0.023455,0.006178
O=C1NC2(CCNCC2)C[C@@H]1c1ccncc1,0,0.534773,0.081098,0.029855
C[C@@H]1CCCCO[C@H](CN(C)Cc2ccccc2)[C@@H](C)CN([C@@H](C)CO)C(=O)c2cc(ccc2O1)NC(=O)c1ccccc1,0,0.002747,0.024733,0.006362
C[C@H]1CCCCO[C@@H](CN(C)C(=O)Nc2ccc(cc2)C(F)(F)F)[C@@H](C)CN([C@H](C)CO)C(=O)c2cc(ccc2O1)NS(=O)(=O)c1cccs1,0,0.111667,0.046171,0.013536
COc1ccc(cc1)NC(=O)Nc1ccc2c(c1)C(=O)N(C[C@@H](C)[C@H](CN(C)C(=O)Cc1ccccc1)OCCCC[C@H](C)O2)[C@H](C)CO,0,0.004890,0.022261,0.004531
C[C@H]1CN([C@H](C)CO)C(=O)c2cccc(c2O[C@H]1CN(C)CC1CCCCC1)NS(=O)(=O)c1cn(cn1)C,0,0.090038,0.023033,0.005878
Cn1nnc(n1)NCc1ccccc1,0,0.108753,0.144137,0.066857
OC[C@H]1O[C@@H](CCNC(=O)Cc2ccccn2)CC[C@@H]1NC(=O)CN1CCOCC1,0,0.004874,0.023212,0.007773
C=CCN1C(=O)[C@H]2[C@H]3C[C@@H](C=C3)[C@@H]2C1=O,0,0.019575,0.097763,0.034758
C[C@H]1CN([C@H](C)CO)C(=O)c2cc(ccc2O[C@H]1CN(C)S(=O)(=O)C)NC(=O)Nc1c(noc1C)C,0,0.030145,0.025551,0.009963
COc1ccc(cc1)S(=O)(=O)Nc1ccc2c(c1)C(=O)N(C[C@@H](C)[C@@H](CN(C)C(=O)Nc1ccccc1)OCCCC[C@H](C)O2)[C@@H](C)CO,0,0.004242,0.023504,0.003808
COc1ccc(cc1)S(=O)(=O)Nc1ccc2c(c1)C(=O)N(C[C@H](C)[C@H](CN(C)C(=O)Nc1cccc3ccccc13)OCCCC[C@H](C)O2)[C@@H](C)CO,0,0.004146,0.023861,0.004177
C[C@@H]1CCCCO[C@H](CN(C)Cc2ccccc2)[C@@H](C)CN([C@H](C)CO)C(=O)c2cc(ccc2O1)NC(=O)CCCCCC(=O)Nc1ccccc1N,0,0.005397,0.027864,0.004982
OC[C@H]1O[C@H](CC(=O)NC2CCC2)C=C[C@@H]1NC(=O)CN1CCOCC1,0,0.008622,0.028256,0.009618
C[C@H]1CN([C@@H](C)CO)S(=O)(=O)c2ccc(cc2O[C@H]1CN(C)Cc1ccc(cc1)F)C#CC1CC1,0,0.202202,0.027300,0.006733
C[C@H]1CCCCO[C@@H](CN(C)C(=O)Nc2cccc3ccccc23)[C@H](C)CN([C@@H](C)CO)C(=O)c2cc(ccc2O1)NS(=O)(=O)c1ccc(cc1)F,0,0.013998,0.024253,0.005772
COc1ccc(cc1)S(=O)(=O)Nc1ccc2c(c1)CC(=O)N(C[C@H](C)[C@@H](CN(C)C(=O)NC(C)C)O2)[C@H](C)CO,0,0.003200,0.024296,0.005755
Cl.NNc1nncc2ccccc12,0,0.908635,0.391095,0.266187
C[C@@H]1CN([C@H](C)CO)C(=O)c2cccc(c2O[C@@H]1CN(C)CC1CC1)NS(=O)(=O)c1ccc(cc1)C,0,0.029943,0.034441,0.006650
COc1ccc(cc1)S(=O)(=O)N(C)C[C@H]1OCCCC[C@H](C)Oc2ccc(cc2C(=O)N(C[C@H]1C)[C@H](C)CO)NC(=O)Nc1cccc2ccccc12,0,0.008892,0.023861,0.004462
C[C@H]1CN([C@H](C)CO)C(=O)c2cc(cnc2O[C@@H]1CN(C)C(=O)C1CC1)-c1ccc(cc1)C(=O)N(C)C,0,0.003176,0.024716,0.006393
C[C@@H]1CN([C@H](C)CO)C(=O)Cc2cc(ccc2O[C@@H]1CN(C)Cc1ccc(cc1)Oc1ccccc1)NC(=O)C1CCCCC1,0,0.009589,0.026787,0.009541
C[C@H]1CN([C@H](C)CO)S(=O)(=O)c2ccc(cc2O[C@H]1CN(C)Cc1cccnc1)C#CCN(C)C,0,0.062602,0.027701,0.008157
COc1ccc(cc1)NC(=O)Nc1ccc2c(c1)CC(=O)N(C[C@@H](C)[C@H](CN(C)S(=O)(=O)c1c(noc1C)C)O2)[C@@H](C)CO,0,0.005874,0.023813,0.005339
C[C@H]1CCCCO[C@H](CN(C)S(=O)(=O)c2c(noc2C)C)[C@@H](C)CN([C@H](C)CO)C(=O)c2cc(ccc2O1)N(C)C,0,0.014707,0.023689,0.006187
C[C@H]1CCCCO[C@H](CN(C)S(=O)(=O)C)[C@@H](C)CN([C@@H](C)CO)C(=O)c2cc(ccc2O1)N(C)C,0,0.009629,0.031011,0.007655
C[C@@H]1CN([C@H](C)CO)C(=O)Cc2cc(ccc2O[C@H]1CN(C)S(=O)(=O)c1c(noc1C)C)NC(=O)NC1CCCCC1,0,0.007005,0.024788,0.005527
C[C@@H]1CCCCO[C@@H](CN(C)C(=O)Nc2ccccc2)[C@@H](C)CN([C@H](C)CO)C(=O)c2cc(ccc2O1)NC(=O)Nc1ccc(cc1)C(F)(F)F,0,0.476988,0.022524,0.010957
COC(=O)[C@@H](N)Cc1ccccc1,0,0.034591,0.075082,0.030958
CC(=O)OCC1=C(C(=O)[O-])N2C(=O)C(NC(=O)CCCC(N)C(=O)[O-])C2SC1.[Zn+2],0,0.994373,0.945859,0.911305
C[C@@H]1CCCCO[C@@H](CN(C)S(=O)(=O)c2ccc(cc2)F)[C@@H](C)CN([C@H](C)CO)C(=O)c2cc(ccc2O1)NC(=O)Nc1ccc2c(c1)OCO2,0,0.008399,0.026786,0.005132
CN1CCN(CC1)C(=O)C[C@@H]1CC[C@H]2[C@@H](COC[C@H](O)CN2CC2CCCC2)O1,0,0.584468,0.066512,0.029922
NNC(=O)c1ccc(cc1O)OC[C@@H](O)CO,0,0.207192,0.050581,0.028036
C[C@H]1CN([C@H](C)CO)C(=O)Cc2cc(ccc2O[C@@H]1CN(C)Cc1ccc(cc1)C(=O)Nc1ccccc1N)NC(=O)Cn1cnnn1,0,0.008265,0.025061,0.005567
C[C@H]1CN([C@@H](C)CO)C(=O)c2cccc(c2O[C@@H]1CN(C)C(=O)Nc1cccc2ccccc12)NC(=O)CCCCCC(=O)Nc1ccccc1N,0,0.038722,0.024958,0.007645
C[C@H]1CN([C@H](C)CO)S(=O)(=O)c2ccc(cc2O[C@@H]1CN(C)CC1CCOCC1)C#Cc1ccccc1F,0,0.514503,0.036474,0.006539
OC(=O)c1ccc(cc1)CNC1=NC(=O)NN=C1,0,0.957331,0.082409,0.090461
COc1cccc(c1)S(=O)(=O)Nc1ccc2c(c1)[C@H]1C[C@@H](CC(=O)NCCc3ccccc3)O[C@@H](CO)[C@H]1O2,0,0.003226,0.024341,0.011096
COc1ccc(cc1)NC(=O)Nc1ccc2c(c1)C(=O)N(C[C@H](C)[C@@H](CN(C)CC1CC1)OCCCC[C@H](C)O2)[C@@H](C)CO,0,0.096217,0.029338,0.009898
C[C@@H]1CCCCO[C@@H](CN(C)C(=O)Nc2ccc(cc2)F)[C@H](C)CN([C@@H](C)CO)C(=O)c2cc(ccc2O1)NC(=O)NC1CCCCC1,0,0.094014,0.023880,0.006795
Cc1cccc(c1NC1=NC2(CCCCC2)C(=C)S1)C,0,0.979584,0.686388,0.535686
COc1ccc(cc1)NC(=O)N(C)C[C@@H]1Oc2ccc(cc2C(=O)N(C[C@H]1C)[C@H](C)CO)NC(=O)CCCCCC(=O)Nc1ccccc1N,0,0.016054,0.025099,0.004271
C[C@H]1CN([C@H](C)CO)C(=O)c2cc(cnc2O[C@H]1CN(C)C(=O)Nc1ccc(cc1)F)-c1cc2ccccc2o1,0,0.006252,0.023734,0.012074
C[C@H]1CCCCO[C@@H](CN(C)S(=O)(=O)c2cccs2)[C@H](C)CN([C@H](C)CO)C(=O)c2cc(ccc2O1)NC(=O)CCC(F)(F)F,0,0.012021,0.026960,0.008053
OC[C@H]1O[C@@H](CC[C@@H]1NS(=O)(=O)c1ccccc1F)CC(=O)NCCCN1CCOCC1,0,0.046707,0.029570,0.010513
C[C@H]1CN([C@H](C)CO)C(=O)c2cc(ccc2O[C@@H]1CN(C)S(=O)(=O)c1cccs1)NS(=O)(=O)c1cccs1,0,0.002944,0.025997,0.009439
CCCNC(=O)C[C@H]1CC[C@H]2[C@H](COc3ccc(cc3C(=O)N2C)NS(=O)(=O)c2ccccc2C)O1,0,0.005255,0.024774,0.009356
C[C@@H]1CN([C@H](C)CO)S(=O)(=O)c2ccc(cc2O[C@H]1CN(C)Cc1ccccc1F)C#CC1CC1,0,0.083149,0.027300,0.006047
C[C@@H]1CCCCO[C@H](CN(C)Cc2ccc(cc2)C(=O)O)[C@@H](C)CN([C@H](C)CO)C(=O)c2cc(ccc2O1)NC(=O)Nc1ccc(cc1)F,0,0.309299,0.031783,0.008989
C[C@H]1CCCCO[C@H](CN(C)C(=O)Nc2cccc3ccccc23)[C@@H](C)CN([C@@H](C)CO)C(=O)c2cc(ccc2O1)NC(=O)Nc1cccc2ccccc12,0,0.026021,0.023894,0.007153
C[C@H]1CCCCO[C@@H](CN(C)C(=O)Nc2ccc3c(c2)OCO3)[C@@H](C)CN([C@@H](C)CO)C(=O)c2cc(ccc2O1)NC(=O)c1ccccc1,0,0.002491,0.023499,0.004723
C[C@H]1CN([C@@H](C)CO)C(=O)c2cc(ccc2O[C@@H]1CN(C)S(=O)(=O)c1ccccc1)NC(=O)Nc1c(noc1C)C,0,0.016720,0.023250,0.005237
CCCN(C)C[C@H]1OCCCC[C@H](C)Oc2ccc(cc2C(=O)N(C[C@@H]1C)[C@@H](C)CO)NC(=O)Nc1ccc2c(c1)OCO2,0,0.042853,0.027679,0.009571
C[C@@H]1CCCCO[C@H](CN(C)Cc2ccncc2)[C@@H](C)CN([C@H](C)CO)C(=O)c2cc(ccc2O1)NC(=O)Nc1c(noc1C)C,0,0.014618,0.028176,0.008299
COc1ccc(cc1)S(=O)(=O)N(C)C[C@H]1OCCCC[C@H](C)Oc2ccc(cc2C(=O)N(C[C@H]1C)[C@@H](C)CO)NC(=O)Nc1c(noc1C)C,0,0.013651,0.023331,0.004603
CC(C)NC(=O)Nc1cccc2c1O[C@@H](CN(C)Cc1ccc3c(c1)OCO3)[C@H](C)CN([C@H](C)CO)C2=O,0,0.019577,0.025766,0.010082
C[C@H]1CN([C@H](C)CO)S(=O)(=O)c2ccc(cc2O[C@@H]1CN(C)C(=O)Nc1ccc(cc1)F)C#CC1(O)CCCC1,0,0.186807,0.031107,0.008138
C[C@@H]1CN([C@@H](C)CO)C(=O)Cc2cc(ccc2O[C@@H]1CN(C)C(=O)Nc1ccc(cc1)C(F)(F)F)NC(=O)CCC(F)(F)F,0,0.609850,0.552585,0.399080
COc1cccc(c1)CN1CC[C@]2(CC1)CN([C@H](CO)c1c2c2ccc(cc2n1C)OC)C(=O)Nc1ccc(cc1)F,0,0.694784,0.101396,0.206724
C[C@@H]1CN([C@@H](C)CO)C(=O)c2cccc(c2O[C@@H]1CN(C)S(=O)(=O)c1cn(cn1)C)NC(=O)c1nc2ccccc2s1,0,0.021059,0.024875,0.005793
C[C@H]1CN([C@@H](C)CO)C(=O)Cc2cc(ccc2O[C@@H]1CN(C)CC1CCCCC1)NC(=O)Nc1ccc(cc1)C(F)(F)F,0,0.533138,0.258286,0.156757
OC(=O)c1cnc(nc1)N1CCCC1,0,0.501514,0.081034,0.052453
C[C@@H]1CN([C@H](C)CO)C(=O)Cc2cc(ccc2O[C@H]1CN(C)S(=O)(=O)c1ccc(cc1)F)NS(=O)(=O)c1ccc(cc1)F,0,0.013433,0.024899,0.007812
CN1C(=O)N(C)c2nc([nH]c2C1=O)C1CCCC1,0,0.762491,0.166633,0.093242
C[C@H]1CCCCO[C@H](CN(C)S(=O)(=O)c2cccs2)[C@@H](C)CN([C@@H](C)CO)C(=O)c2cc(ccc2O1)NC(=O)Nc1cccc2ccccc12,0,0.003532,0.023871,0.004443
COc1ccc(cc1)S(=O)(=O)N(C)C[C@H]1Oc2ncc(cc2C(=O)N(C[C@H]1C)[C@H](C)CO)-c1ccncc1,0,0.003341,0.023315,0.004453
OC[C@@H]1O[C@@H](C[C@@H]2[C@H]1Oc1ccc(cc12)NC(=O)Nc1ccccc1F)CC(=O)NCc1ccc(cc1)Oc1ccccc1,0,0.121914,0.031153,0.033094
C[C@H]1CN([C@H](C)CO)C(=O)Cc2cc(ccc2O[C@@H]1CN(C)C(=O)NC1CCCCC1)NS(=O)(=O)c1cn(cn1)C,0,0.009111,0.023953,0.004734
CCOC(=O)C1=C(COCCN)NC(C)=C(C(=O)OC)C1c1ccccc1Cl.O=S(=O)(O)c1ccccc1,0,0.000121,0.616050,0.479210
C[C@@H]1CN([C@H](C)CO)C(=O)c2cc(cnc2O[C@@H]1CN(C)S(=O)(=O)c1ccc(cc1)C)-c1ccncc1,0,0.004177,0.027749,0.004847
CN1C(=O)N(C)c2ncn(c2C1=O)CCCN,0,0.500512,0.061785,0.030776
Cl.N=c1ccn2c(n1)OC1C(O)C(CO)OC12,0,0.925149,0.370421,0.079842
CN(C)CCCNC(=O)C[C@H]1CC[C@@H]2[C@@H](COc3ccc(cc3C(=O)N2C)NC(=O)NC2CCCC2)O1,0,0.113532,0.027552,0.018629
C[C@H]1CN([C@H](C)CO)C(=O)c2cccc(c2O[C@@H]1CN(C)C(=O)Nc1cccc2ccccc12)NC(=O)Nc1ccccc1,0,0.050723,0.023785,0.014116
OC[C@@H]1O[C@H](CC[C@H]1NS(=O)(=O)c1ccc(cc1)F)CC(=O)N1CCC(CC1)Cc1ccccc1,0,0.130972,0.039541,0.020408
Cc1ccc(cc1)S(=O)(=O)N1C[C@@H](O)COC[C@@H]2O[C@H](CC[C@H]21)CC(=O)N[C@@H]1CCN(C1)Cc1ccccc1,0,0.160518,0.045250,0.010557
CC(C)(C[C@H]1CN(c2cc(ccc2O1)-c1cc(cc(c1)OC(F)F)F)S(=O)(=O)c1cccc(c1)C(F)(F)F)C(=O)O,0,0.796524,0.302998,0.083174
CC(C)=CCc1c2c(c3occ(-c4ccc(O)c(O)c4)c(=O)c3c1O)C=CC(C)(C)O2,0,0.485842,0.303993,0.239288
C[C@@H]1CCCCO[C@@H](CN(C)Cc2ccccc2)[C@H](C)CN([C@@H](C)CO)C(=O)c2cc(ccc2O1)NC(=O)CCC(F)(F)F,0,0.094600,0.024913,0.018503
C[C@H]1CN([C@H](C)CO)C(=O)c2cccc(c2O[C@@H]1CN(C)CC1CCCCC1)NC(=O)Nc1ccccc1,0,0.107206,0.048377,0.027446
ONC(=O)CCCCCCC(=O)Nc1ccc(cc1)[C@H]1O[C@H](C[C@@H](O1)c1ccccc1)CN1CCCCCCC1,0,0.901421,0.154987,0.184351
CN(C)C(=O)[C@@]1(Cc2ccccc2N=[N+]=[N-])N=C(O[C@H]1c1ccccc1N=[N+]=[N-])c1ccc(cc1)OCCCO,0,0.943986,0.062506,0.061196
CCOC(=O)CN1C=CC=C2OC(=O)N=C12,0,0.543691,0.186341,0.158981
CC(=C)[C@@H]1[C@H]2OC(=O)[C@H]1[C@]1(O)C[C@H]3O[C@]33C(=O)O[C@H]2[C@]13C,0,0.005913,0.183447,0.084237
CC(C)CC#Cc1ccc2c(c1)O[C@H](CN(C)C(=O)c1cnccn1)[C@@H](C)CN([C@@H](C)CO)S2(=O)=O,0,0.215716,0.023675,0.006029
C[C@@H]1CN([C@@H](C)CO)C(=O)c2cc(ccc2O[C@@H]1CN(C)C(=O)Nc1cccc2ccccc12)NC(=O)Nc1cccc2ccccc12,0,0.019713,0.024711,0.010662
C[C@H]1CN([C@H](C)CO)C(=O)c2cccc(c2O[C@H]1CN(C)Cc1ccncc1)NS(=O)(=O)c1cccs1,0,0.003020,0.023782,0.004570
O=C(O)c1cc(-c2ccccc2)nc2ccccc12,0,0.618827,0.103310,0.105017
COc1ccc(cc1)NC(=O)Nc1ccc2c(c1)C(=O)N(C[C@H](C)[C@@H](CN(C)C(=O)Nc1ccc(cc1)C(F)(F)F)OCCCC[C@@H](C)O2)[C@H](C)CO,0,0.307279,0.018426,0.007804
CCCCCS(=O)(=O)CCCCCCCCCCn1c(c(c2cc(ccc12)O)C)-c1ccc(cc1)O,0,0.991102,0.553542,0.680396
OCCN(Cc1ccccc1)C(=O)C[C@H](CC=C)C(=O)N1CCC[C@H]1COC(=O)[C@@H](CCC=C)Cc1ccc(cc1)F,0,0.006334,0.028774,0.024378
O[C@@H]1C[C@@](O)(C[C@@H](OC(=O)/C=C/c2ccc(c(c2)O)O)[C@H]1O)C(=O)O,0,0.046104,0.116279,0.127077
COC(=O)C[C@@H]1CC[C@@H]2[C@H](COC[C@H](O)CN2S(=O)(=O)c2ccc(cc2)F)O1,0,0.248162,0.047911,0.012542
COc1ccc(c(c1)OC)NC(=O)N(C)C[C@@H]1OCc2ccccc2-c2c(n(c3ccccc23)C)C(=O)N(C[C@H]1C)[C@H](C)CO,0,0.038335,0.022854,0.005008
CC(=O)Nc1cc([As](=O)(O)O)ccc1O,0,0.946791,0.409528,0.390343
C[C@H]1CCCCO[C@@H](CN(C)C(=O)CCC(F)(F)F)[C@H](C)CN([C@@H](C)CO)C(=O)c2cc(ccc2O1)NC(=O)C1CCCCC1,0,0.058764,0.106963,0.077158
C[C@@H]1CN([C@H](C)CO)C(=O)c2cc(cnc2O[C@H]1CN(C)C(=O)CN1CCOCC1)/C=C/c1ccccc1,0,0.002085,0.023397,0.006670
C[C@@H]1CCCCO[C@H](CN(C)S(=O)(=O)c2ccc(cc2)F)[C@@H](C)CN([C@@H](C)CO)C(=O)c2cc(ccc2O1)NC(=O)C1CCCCC1,0,0.011634,0.023966,0.004965
COc1cc2c(cc1OC)CN(CCc1ccc(cc1)-n1nnc(n1)-c1cc(c(cc1NC(=O)C1=CC(=O)c3ccccc3O1)OC)OC)CC2,0,0.188693,0.039861,0.051365
COc1ccc(cc1)S(=O)(=O)N(C)C[C@@H]1Oc2c(cccc2C(=O)N(C[C@@H]1C)[C@@H](C)CO)NC(=O)Nc1c(noc1C)C,0,0.060172,0.023227,0.005216
COc1ccc(cc1)S(=O)(=O)N(C)C[C@H]1OCCCC[C@@H](C)Oc2ccc(cc2C(=O)N(C[C@@H]1C)[C@@H](C)CO)NC(=O)Nc1ccc2c(c1)OCO2,0,0.004260,0.024724,0.004452
C[C@H]1CN([C@@H](C)CO)C(=O)Cc2cc(ccc2O[C@H]1CN(C)Cc1ccncc1)NS(=O)(=O)c1ccc(cc1)F,0,0.001313,0.024379,0.004999
C[C@H]1CN([C@@H](C)CO)S(=O)(=O)c2ccc(cc2O[C@H]1CN(C)C(=O)Nc1ccccc1)C#CC1(O)CCCC1,0,0.060156,0.027210,0.006268
C[C@H]1CN([C@H](C)CO)C(=O)c2cccc(c2O[C@H]1CN(C)CC1CCCCC1)NC(=O)c1ccc(cc1)-c1nccs1,0,0.034767,0.025314,0.005547
C[C@@H]1CCCCO[C@@H](CN(C)S(=O)(=O)c2ccccc2)[C@H](C)CN([C@H](C)CO)C(=O)c2cc(ccc2O1)NC(=O)Nc1ccccc1,0,0.003059,0.023490,0.004330
C[C@@H]1CN([C@H](C)CO)C(=O)c2cc(ccc2O[C@@H]1CN(C)Cc1ccccc1)NC(=O)CCN1CCOCC1,0,0.002747,0.024302,0.006445
COc1ccc(cc1)S(=O)(=O)Nc1ccc2c(c1)C(=O)N(C[C@@H](C)[C@@H](CN(C)Cc1ccccc1)OCCCC[C@H](C)O2)[C@H](C)CO,0,0.003390,0.024715,0.004775
NC(=O)CCN1C(=O)[C@H]2[C@H]3C[C@@H](C=C3)[C@@H]2C1=O,0,0.014468,0.065716,0.022326
C[C@@H]1CCCCO[C@H](CN(C)C(=O)Nc2ccccc2)[C@H](C)CN([C@H](C)CO)C(=O)c2cc(ccc2O1)NC(=O)CCC(F)(F)F,0,0.156429,0.021335,0.013850
C[C@H]1CN([C@H](C)CO)C(=O)c2cc(cnc2O[C@H]1CN(C)S(=O)(=O)c1cn(cn1)C)Br,0,0.104189,0.025712,0.008779
CN(C)c1ccc2c(c1)C(=O)NNC2=O,0,0.401105,0.130447,0.081950
OC[C@H]1O[C@@H](C[C@@H]2[C@H]1Oc1ccc(cc12)NC(=O)C1CCOCC1)CC(=O)NCc1cc(ccc1F)F,0,0.198694,0.033752,0.013627
COc1ccccc1S(=O)(=O)N[C@H]1CC[C@H](CCNC(=O)C2CC2)O[C@@H]1CO,0,0.056087,0.031523,0.009611
CN(C)Cc1cn(nn1)CC[C@@H]1CC[C@H](N)[C@H](CO)O1,0,0.733015,0.031028,0.013548
C[C@H]1CN([C@H](C)CO)C(=O)c2cc(cnc2O[C@@H]1CN(C)C(=O)c1cnccn1)C#CCN(C)C,0,0.184049,0.027599,0.008392
C[C@@H]1CN([C@H](C)CO)S(=O)(=O)c2ccc(cc2O[C@@H]1CN(C)S(=O)(=O)c1cccc(c1)F)C#CCN(C)C,0,0.231324,0.029096,0.008597
C[C@@H]1CN([C@H](C)CO)C(=O)Cc2cc(ccc2O[C@@H]1CN(C)S(=O)(=O)c1cn(cn1)C)NC(=O)Cc1cn(c2ccccc12)C,0,0.003772,0.023307,0.004118
OC[C@H]1O[C@@H](CC(=O)NCCN2CCCC2)C=C[C@@H]1NC(=O)c1cccc(c1)F,0,0.278643,0.135422,0.046866
CNC[C@H]1COCCO1,0,0.043215,0.045090,0.012981
C[C@@H]1CN([C@@H](C)CO)C(=O)Cc2cc(ccc2O[C@@H]1CN(C)C(=O)Nc1ccc2c(c1)OCO2)NS(=O)(=O)c1cn(cn1)C,0,0.004221,0.023564,0.004086
CO[C@@H]1CN(CCO1)[C@H]1C[C@@H](O[C@@H](C)[C@H]1O)O[C@H]1C[C@@](O)(Cc2c(c3c(c(c21)O)C(=O)c1c(cccc1C3=O)OC)O)C(=O)CO,1,0.965591,0.900857,0.784297
CC(=O)N[C@H]1[C@@H](O)[C@@H](O)[C@@H](CO)O[C@@H]1OCCOc1ccc(cc1C)Cl,0,0.220614,0.366745,0.274840
CC(C)CC#Cc1ccc2c(c1)O[C@@H](CN(C)C(=O)c1cnccn1)[C@H](C)CN([C@H](C)CO)S2(=O)=O,0,0.215716,0.023675,0.006029
C[C@H]1CN([C@H](C)CO)C(=O)Cc2cc(ccc2O[C@H]1CN(C)Cc1ccc2c(c1)OCO2)NS(=O)(=O)c1ccccc1,0,0.000431,0.023303,0.004875
COc1ccc(cc1)NC(=O)Nc1ccc2c(c1)CC(=O)N(C[C@H](C)[C@H](CN(C)C(=O)Nc1cccc3ccccc13)O2)[C@H](C)CO,0,0.009221,0.024388,0.005069
CC/C(=C\c1ccccc1)C(=O)O,0,0.222160,0.048546,0.046438
CN1CCN(CC1)C(=O)C[C@@H]1CC[C@H](NC(=O)c2ccc3c(c2)OCO3)[C@@H](CO)O1,0,0.040708,0.026645,0.009596
OC[C@H]1O[C@@H](CC(=O)NCCN2CCCCC2)C=C[C@H]1NC(=O)c1cccnc1,0,0.037952,0.143646,0.026879
CC12CCCC(O)(C1)C1CC(C)(C)C1CC2,0,0.325001,0.285392,0.169962
C[C@@H]1CN([C@@H](C)CO)C(=O)Cc2cc(ccc2O[C@H]1CN(C)S(=O)(=O)c1ccc(cc1)F)NS(=O)(=O)C,0,0.011416,0.026485,0.008149
CN(C)[C@@H]1[C@H]2C[C@H]3Cc4c(ccc(c4C(=O)[C@@H]3C(=O)[C@@]2(O)C(=C(C(=O)N)C1=O)O)O)N(C)C,0,0.960979,0.818445,0.848603
C[C@H]1CN([C@H](C)CO)C(=O)c2cc(ccc2O[C@@H]1CN(C)S(=O)(=O)c1ccccc1)NC(=O)Nc1c(noc1C)C,0,0.016720,0.023250,0.005237
Cn1cnc(c1)S(=O)(=O)N[C@H]1CC[C@@H](CC(=O)N2CCN(CC2)c2ccccc2)O[C@@H]1CO,0,0.020499,0.023057,0.007777
C[C@@H]1CN([C@@H](C)CO)C(=O)Cc2cc(ccc2O[C@H]1CN(C)C(=O)Nc1ccc2c(c1)OCO2)NS(=O)(=O)C,0,0.001585,0.023762,0.004761
CCCC1CCC(CC1)c1ccc(cc1)OC(=O)c1cccnc1,0,0.793151,0.620234,0.444070
C[C@H]1CN([C@@H](C)CO)C(=O)c2cccc(c2O[C@@H]1CN(C)CC1CCCCC1)NC(=O)CCCCCC(=O)Nc1ccccc1N,0,0.055070,0.031565,0.008009
COc1ccc(cc1)S(=O)(=O)Nc1ccc2c(c1)C(=O)N(C[C@H](C)[C@@H](CN(C)S(=O)(=O)c1ccc(cc1)Cl)OCCCC[C@H](C)O2)[C@H](C)CO,0,0.013925,0.023686,0.005553
C[C@H]1CN([C@@H](C)CO)C(=O)c2cc(ccc2O[C@H]1CN(C)S(=O)(=O)c1cn(cn1)C)NC(=O)Cc1ccccc1,0,0.008910,0.023257,0.004353
CC(C)[N+](C)(CCC(C(N)=O)(c1ccccc1)c1ccccc1)C(C)C.[I-],0,0.972296,0.416764,0.348382
OCCCOc1ccc(cc1)C1=N[C@](Cc2ccccc2)([C@H](O1)c1ccccc1N=[N+]=[N-])C(=O)NC[C@@H](O)CO,0,0.243116,0.046125,0.051316
C[C@H]1CN([C@H](C)CO)C(=O)c2ccccc2-c2ccccc2CO[C@@H]1CN(C)C(=O)Nc1ccc(cc1)-c1ccccc1,0,0.034025,0.036356,0.023405
C[C@H]1CN([C@H](C)CO)C(=O)Cc2cc(ccc2O[C@@H]1CN(C)S(=O)(=O)c1ccc(cc1)C)NC(=O)Nc1cccc2ccccc12,0,0.006845,0.025051,0.004895
C[C@@H]1CN([C@@H](C)CO)S(=O)(=O)c2ccc(cc2O[C@H]1CN(C)C(=O)c1ccncc1)C#CC1(O)CCCC1,0,0.009002,0.026461,0.004447
COc1ccc(cc1)NC(=O)N(C)C[C@@H]1Oc2ccc(cc2C(=O)N(C[C@@H]1C)[C@@H](C)CO)NC(=O)Cn1cnnn1,0,0.080837,0.023583,0.006834
C[C@H]1CN([C@H](C)CO)C(=O)Cc2cc(ccc2O[C@@H]1CN(C)C(=O)NC1CCCCC1)NC(=O)c1ccncc1,0,0.001520,0.021967,0.003928
CC(C)NC(=O)Nc1ccc2c(c1)C(=O)N(C[C@H](C)[C@H](CN(C)S(=O)(=O)c1cccs1)O2)[C@H](C)CO,0,0.009683,0.024409,0.006060
C[C@H](NC(=O)C[C@@H]1CC[C@H](NC(=O)CN2CCOCC2)[C@@H](CO)O1)c1ccccc1,0,0.015440,0.023961,0.010701
C[C@H]1CN([C@@H](C)CO)C(=O)c2cccc(c2O[C@@H]1CN(C)S(=O)(=O)c1ccc(cc1)C)NS(=O)(=O)c1ccc(cc1)F,0,0.028181,0.033433,0.008638
C[C@H]1CCCCO[C@@H](CN(C)Cc2ccccc2)[C@@H](C)CN([C@@H](C)CO)C(=O)c2cc(ccc2O1)NS(=O)(=O)c1ccccc1,0,0.001947,0.024926,0.005518
CCCCn1c(c(nc1-c1ccccc1)-c1ccccc1)CN(Cc1ccc2c(c1)OCO2)Cc1ccc2c(c1)OCO2,0,0.214895,0.143720,0.087184
COc1ccc(cc1)S(=O)(=O)N(C)C[C@H]1OCCCC[C@@H](C)Oc2ccc(cc2C(=O)N(C[C@@H]1C)[C@@H](C)CO)NC(=O)Nc1c(noc1C)C,0,0.013651,0.023331,0.004603
C[C@H]1CN([C@H](C)CO)C(=O)c2cc(ccc2O[C@@H]1CN(C)S(=O)(=O)C)NC(=O)CCC(F)(F)F,0,0.039769,0.029823,0.013875
OC[C@@H](O)[C@H](O)[C@H](O)[C@@H](O)/C=N/NC(=O)c1ccc(cc1)C(=O)NO,0,0.039581,0.114811,0.076886
C[C@@H]1CN([C@@H](C)CO)C(=O)Cc2cc(ccc2O[C@H]1CN(C)C(=O)Nc1ccccc1)NC(=O)CCN1CCOCC1,0,0.002181,0.023028,0.005255
C[C@@H]1CN([C@@H](C)CO)C(=O)c2cc(ccc2O[C@@H]1CN(C)S(=O)(=O)C)NC(=O)Cc1cn(c2ccccc12)C,0,0.007396,0.023830,0.004253
CO[C@H](CN(C)S(=O)(=O)c1ccc(cc1)Cl)[C@@H](C)CN([C@@H](C)CO)S(=O)(=O)c1cccc(c1)Cl,0,0.407744,0.128065,0.015582
COc1ccc(cc1)S(=O)(=O)N1C[C@]2(C1)CN([C@@H](CO)c1c2c2ccc(cc2n1C)OC)C(=O)CN(C)C,0,0.113541,0.039164,0.013721
C[C@H]1CN([C@@H](C)CO)C(=O)c2cc(ccc2O[C@@H]1CN(C)C(=O)Nc1ccc(cc1)C(F)(F)F)NC(=O)CCC(F)(F)F,0,0.779539,0.865955,0.783541
CO[C@@H]1CN(C)C(=O)c2cc(ccc2OC[C@@H](C)N(CCC(F)(F)F)C[C@H]1C)NC(=O)Nc1cccc(c1)OC,0,0.159475,0.097578,0.061716
C[C@@H]1CN([C@H](C)CO)C(=O)c2cc(cnc2O[C@H]1CN(C)S(=O)(=O)c1ccccc1F)C#Cc1ccccc1F,0,0.163051,0.039598,0.010469
CC(C)(C)[S@@](=O)N1Cc2cc(nc(c2[C@H]1CCO)-c1cccc(c1)-c1cccnc1)C(=O)NCc1ccc2c(c1)OCO2,0,0.003488,0.074953,0.034592
C[C@@H]1CCCCO[C@H](CN(C)C(=O)NC2CCCCC2)[C@@H](C)CN([C@H](C)CO)C(=O)c2cc(ccc2O1)NC(=O)Nc1cccc2ccccc12,0,0.021516,0.023803,0.005708
NC/C=C/C(=O)O,0,0.005921,0.041934,0.032354
C[C@@H]1CN([C@@H](C)CO)C(=O)c2cc(cnc2O[C@@H]1CN(C)C(=O)Nc1ccc(cc1)C(F)(F)F)/C=C/c1ccccc1,0,0.408441,0.150919,0.219021
C[C@H]1CN([C@H](C)CO)C(=O)c2cc(ccc2O[C@H]1CN(C)S(=O)(=O)C)NS(=O)(=O)C,0,0.014059,0.022606,0.006048
OC[C@@H](O)[C@H](O)[C@H](O)[C@@H](O)/C=N/NC(=O)CCCCC(=O)NO,0,0.001276,0.042261,0.029256
COCC#Cc1ccc2c(c1)O[C@@H](CN(C)C(=O)c1ccccc1)[C@@H](C)CN([C@@H](C)CO)S2(=O)=O,0,0.035880,0.027816,0.006977
C[C@H]1CN([C@@H](C)CO)C(=O)c2cc(cnc2O[C@H]1CN(C)C(=O)Cc1ccccn1)C#CC1CCCCC1,0,0.009499,0.022791,0.005867
C[C@@H]1CN([C@@H](C)CO)C(=O)c2cc(ccc2O[C@@H]1CN(C)C(=O)Nc1ccc(cc1)C(F)(F)F)NC(=O)Cn1cnnn1,0,0.877186,0.522373,0.554509
Brc1ccc(cc1)NC(=O)c1ccc(cc1)N1C(=O)c2ccc(cc2C1=O)C(=O)Nc1ccc(cc1)Br,0,0.172114,0.335620,0.248296
OC[C@H]1O[C@@H](CC[C@H]1NS(=O)(=O)c1ccccc1)CC(=O)NCc1ccncn1,0,0.022173,0.024711,0.008361
CC(C)NC(=O)N(C)C[C@@H]1Oc2ccc(cc2CC(=O)N(C[C@@H]1C)[C@H](C)CO)NC(=O)Nc1c(noc1C)C,0,0.021731,0.031094,0.010982
CC(C)NC(=O)Nc1ccc2c(c1)C(=O)N(C[C@@H](C)[C@@H](CN(C)C(=O)NC1CCCCC1)O2)[C@H](C)CO,0,0.013092,0.023287,0.008007
COc1cccc(c1)NC(=O)N(C)C[C@@H]1OCc2ccccc2-c2c(n(c3ccccc23)C)C(=O)N(C[C@H]1C)[C@H](C)CO,0,0.014899,0.028865,0.010389
CN1C(=O)N(C)c2ncn(c2C1=O)C[C@@H](O)CO,0,0.454665,0.307974,0.172975
C[C@@H]1CN([C@H](C)CO)C(=O)c2cc(ccc2O[C@@H]1CN(C)S(=O)(=O)c1ccc(cc1)C)NS(=O)(=O)c1ccc(cc1)F,0,0.021397,0.023244,0.008130
CCS(=O)(=O)N1C[C@]2(C1)CN([C@H](CO)c1c2c2ccc(cc2n1C)OC)C(=O)Nc1c(noc1C)C,0,0.026840,0.027833,0.012444
COc1ccc(cc1)CN(C)C[C@H]1OCCCC[C@H](C)Oc2ccc(cc2C(=O)N(C[C@H]1C)[C@H](C)CO)NS(=O)(=O)c1c(noc1C)C,0,0.004414,0.025357,0.005917
CC(C)NC(=O)N(C)C[C@H]1OCc2cnnn2CCCC(=O)N(C[C@H]1C)[C@@H](C)CO,0,0.013316,0.025265,0.006011
Nc1nc(nc2n(cnc12)[C@@H]1O[C@H](CO)[C@@H](O)[C@H]1O)Cl,0,0.488614,0.224126,0.095471
COc1cccc(c1)NC(=O)N(C)C[C@@H]1Oc2ncc(cc2C(=O)N(C[C@H]1C)[C@H](C)CO)C#Cc1ccncc1,0,0.023115,0.021758,0.004519
CC12CCC3c4ccc(OC(=O)N(CCCl)CCCl)cc4CCC3C1CCC2O,0,0.920918,0.282422,0.183964
OCC(CO)NC1CC(O)(CO)C(O)C(O)C1O,0,0.011610,0.104917,0.047938
C[C@H]1CCCCO[C@@H](CN(C)C(=O)Nc2ccccc2F)[C@@H](C)CN([C@H](C)CO)C(=O)c2cc(ccc2O1)NC(=O)C1CCCCC1,0,0.086555,0.026215,0.006448
C[C@H]1CN([C@@H](C)CO)C(=O)c2cc(ccc2O[C@@H]1CN(C)S(=O)(=O)C)NC(=O)Nc1ccccc1,0,0.018533,0.024731,0.008158
C[C@@H]1CN([C@H](C)CO)C(=O)Cc2cc(ccc2O[C@H]1CN(C)CC1CCCCC1)NC(=O)Cn1cnnn1,0,0.110227,0.026121,0.010353
N[C@H]1CCN(C1)c1cccnc1,0,0.027724,0.040064,0.021945
C[C@@H]1CCCCO[C@@H](CN(C)S(=O)(=O)c2cn(cn2)C)[C@@H](C)CN([C@H](C)CO)C(=O)c2cc(ccc2O1)NS(=O)(=O)c1cccs1,0,0.002754,0.023817,0.004450
CCCNC(=O)N(C)C[C@H]1Oc2cc(ccc2S(=O)(=O)N(C[C@@H]1C)[C@H](C)CO)C#Cc1ccccn1,0,0.067693,0.026235,0.006034
C[C@H]1CN([C@@H](C)CO)C(=O)CCCn2nncc2CO[C@@H]1CN(C)S(=O)(=O)c1ccc2c(c1)OCCCO2,0,0.002687,0.024087,0.005713
